{"type":"FeatureCollection","features":[{"type":"Feature","geometry":{"type":"Point","coordinates":[13.23,-8.84]},"properties":{"id":"AGO","name":"Angola","continent":"other","year":2008,"AGRPFO_VA":3781.71,"AGRPFO_EXP":21.11,"FORLOG_VA":308.66,"FORLOG_EXP":2.85,"PESCAC_VA":589.97,"PESCAC_EXP":1.67,"MINCOL_VA":30.27,"MINCOL_EXP":0.12,"PETGAS_VA":33228.33,"PETGAS_EXP":44829.68,"MINORE_VA":30.79,"MINORE_EXP":0.13,"MINOTH_VA":6021.34,"MINOTH_EXP":8518.95,"MINSER_VA":4349.6,"MINSER_EXP":339.36,"ALYBEB_VA":850.96,"ALYBEB_EXP":1069.43,"TEXYPR_VA":412.21,"TEXYPR_EXP":46.59,"MADYPR_VA":17.61,"MADYPR_EXP":1.2,"PAPYPR_VA":62.87,"PAPYPR_EXP":12.13,"PETREF_VA":777.21,"PETREF_EXP":2588.84,"QUIMYP_VA":343.95,"QUIMYP_EXP":9.81,"FARMED_VA":167.99,"FARMED_EXP":7.65,"HUPLAS_VA":81.19,"HUPLAS_EXP":0.45,"PRNOMT_VA":147.95,"PRNOMT_EXP":0.48,"METBAS_VA":51.45,"METBAS_EXP":8.85,"NONFER_VA":12.8,"NONFER_EXP":31.46,"PRMETA_VA":93.8,"PRMETA_EXP":8.03,"ELCTRO_VA":322.53,"ELCTRO_EXP":24.55,"ELCTRI_VA":131.85,"ELCTRI_EXP":4.33,"MAQYEQ_VA":490.35,"MAQYEQ_EXP":32.51,"AUTOMO_VA":359.3,"AUTOMO_EXP":5.4,"OTRTRA_VA":16.57,"OTRTRA_EXP":0.13,"TRANSP_VA":9.8,"TRANSP_EXP":6.82,"OTRMAN_VA":138.61,"OTRMAN_EXP":48.32,"ELEGAS_VA":2680.51,"ELEGAS_EXP":1.44,"AGUBAS_VA":315.51,"AGUBAS_EXP":1.75,"CONSTR_VA":3771.58,"CONSTR_EXP":2.65,"COMREV_VA":6593.07,"COMREV_EXP":2064.53,"TRATIE_VA":813.06,"TRATIE_EXP":435.53,"TRAGUA_VA":309.71,"TRAGUA_EXP":366.46,"TRAAIR_VA":363.59,"TRAAIR_EXP":222.53,"ALMSTR_VA":431.0,"ALMSTR_EXP":223.3,"POSTME_VA":224.07,"POSTME_EXP":7.62,"HOTYRE_VA":1314.38,"HOTYRE_EXP":139.05,"MMTVRA_VA":688.52,"MMTVRA_EXP":77.05,"TELECO_VA":989.15,"TELECO_EXP":52.35,"ITSERV_VA":668.15,"ITSERV_EXP":134.62,"SERFIN_VA":1866.52,"SERFIN_EXP":1419.17,"GOBEST_VA":3379.49,"GOBEST_EXP":88.98,"SPRSCT_VA":1021.51,"SPRSCT_EXP":131.14,"SEAEMP_VA":794.43,"SEAEMP_EXP":483.66,"ADPDEF_VA":5067.22,"ADPDEF_EXP":7.71,"EDUCAC_VA":4222.17,"EDUCAC_EXP":33.39,"SALUDH_VA":990.88,"SALUDH_EXP":28.27,"ESPARC_VA":158.87,"ESPARC_EXP":101.42,"OTRSER_VA":526.49,"OTRSER_EXP":37.9,"SERHOG_VA":0.0,"SERHOG_EXP":0.0}},{"type":"Feature","geometry":{"type":"Point","coordinates":[53.85,23.42]},"properties":{"id":"ARE","name":"Emiratos Árabes","continent":"other","year":2008,"AGRPFO_VA":2904.19,"AGRPFO_EXP":528.26,"FORLOG_VA":365.93,"FORLOG_EXP":284.09,"PESCAC_VA":421.25,"PESCAC_EXP":450.14,"MINCOL_VA":778.49,"MINCOL_EXP":894.95,"PETGAS_VA":81695.39,"PETGAS_EXP":90472.57,"MINORE_VA":11805.13,"MINORE_EXP":4454.57,"MINOTH_VA":3497.87,"MINOTH_EXP":15392.24,"MINSER_VA":8579.18,"MINSER_EXP":786.81,"ALYBEB_VA":4425.27,"ALYBEB_EXP":2804.31,"TEXYPR_VA":1701.18,"TEXYPR_EXP":973.04,"MADYPR_VA":185.65,"MADYPR_EXP":25.38,"PAPYPR_VA":849.74,"PAPYPR_EXP":784.27,"PETREF_VA":14603.12,"PETREF_EXP":26013.3,"QUIMYP_VA":4137.19,"QUIMYP_EXP":8003.26,"FARMED_VA":2319.31,"FARMED_EXP":137.9,"HUPLAS_VA":898.34,"HUPLAS_EXP":1435.78,"PRNOMT_VA":2512.3,"PRNOMT_EXP":3007.99,"METBAS_VA":549.21,"METBAS_EXP":228.03,"NONFER_VA":2785.4,"NONFER_EXP":7546.01,"PRMETA_VA":1053.76,"PRMETA_EXP":562.72,"ELCTRO_VA":3685.64,"ELCTRO_EXP":134.76,"ELCTRI_VA":1392.56,"ELCTRI_EXP":343.16,"MAQYEQ_VA":1256.22,"MAQYEQ_EXP":242.38,"AUTOMO_VA":1376.27,"AUTOMO_EXP":173.4,"OTRTRA_VA":187.43,"OTRTRA_EXP":32.96,"TRANSP_VA":736.46,"TRANSP_EXP":3.77,"OTRMAN_VA":1966.03,"OTRMAN_EXP":1983.07,"ELEGAS_VA":8178.0,"ELEGAS_EXP":197.45,"AGUBAS_VA":1619.75,"AGUBAS_EXP":18.8,"CONSTR_VA":37816.28,"CONSTR_EXP":288.34,"COMREV_VA":28460.27,"COMREV_EXP":7986.15,"TRATIE_VA":2534.75,"TRATIE_EXP":1150.89,"TRAGUA_VA":1566.71,"TRAGUA_EXP":1125.1,"TRAAIR_VA":1669.86,"TRAAIR_EXP":871.32,"ALMSTR_VA":2109.48,"ALMSTR_EXP":420.49,"POSTME_VA":1093.44,"POSTME_EXP":18.52,"HOTYRE_VA":5764.27,"HOTYRE_EXP":2810.26,"MMTVRA_VA":3599.61,"MMTVRA_EXP":255.16,"TELECO_VA":4867.7,"TELECO_EXP":243.75,"ITSERV_VA":3092.43,"ITSERV_EXP":68.66,"SERFIN_VA":10377.9,"SERFIN_EXP":630.78,"GOBEST_VA":18180.4,"GOBEST_EXP":588.42,"SPRSCT_VA":5438.77,"SPRSCT_EXP":509.09,"SEAEMP_VA":3902.15,"SEAEMP_EXP":356.75,"ADPDEF_VA":17505.32,"ADPDEF_EXP":23.65,"EDUCAC_VA":3912.12,"EDUCAC_EXP":131.69,"SALUDH_VA":4609.51,"SALUDH_EXP":112.12,"ESPARC_VA":710.92,"ESPARC_EXP":276.73,"OTRSER_VA":2465.33,"OTRSER_EXP":152.89,"SERHOG_VA":1430.54,"SERHOG_EXP":0.0}},{"type":"Feature","geometry":{"type":"Point","coordinates":[-63.62,-38.42]},"properties":{"id":"ARG","name":"Argentina","continent":"america","year":2008,"AGRPFO_VA":25619.11,"AGRPFO_EXP":9262.62,"FORLOG_VA":465.85,"FORLOG_EXP":33.15,"PESCAC_VA":971.84,"PESCAC_EXP":207.98,"MINCOL_VA":12.08,"MINCOL_EXP":3.42,"PETGAS_VA":10477.84,"PETGAS_EXP":3387.41,"MINORE_VA":1065.62,"MINORE_EXP":1436.67,"MINOTH_VA":654.11,"MINOTH_EXP":39.58,"MINSER_VA":965.83,"MINSER_EXP":3.06,"ALYBEB_VA":17325.91,"ALYBEB_EXP":18233.64,"TEXYPR_VA":5009.55,"TEXYPR_EXP":2529.76,"MADYPR_VA":1296.59,"MADYPR_EXP":291.5,"PAPYPR_VA":4437.36,"PAPYPR_EXP":792.87,"PETREF_VA":1883.08,"PETREF_EXP":4240.32,"QUIMYP_VA":7270.1,"QUIMYP_EXP":3189.13,"FARMED_VA":4698.94,"FARMED_EXP":966.05,"HUPLAS_VA":2756.16,"HUPLAS_EXP":806.96,"PRNOMT_VA":2742.85,"PRNOMT_EXP":215.47,"METBAS_VA":4811.04,"METBAS_EXP":1612.13,"NONFER_VA":941.92,"NONFER_EXP":691.48,"PRMETA_VA":3824.22,"PRMETA_EXP":691.99,"ELCTRO_VA":996.06,"ELCTRO_EXP":235.03,"ELCTRI_VA":1438.23,"ELCTRI_EXP":341.25,"MAQYEQ_VA":3913.87,"MAQYEQ_EXP":990.6,"AUTOMO_VA":3371.95,"AUTOMO_EXP":5781.33,"OTRTRA_VA":61.73,"OTRTRA_EXP":22.62,"TRANSP_VA":227.45,"TRANSP_EXP":63.37,"OTRMAN_VA":2358.92,"OTRMAN_EXP":358.74,"ELEGAS_VA":4732.21,"ELEGAS_EXP":187.17,"AGUBAS_VA":545.8,"AGUBAS_EXP":18.35,"CONSTR_VA":17513.53,"CONSTR_EXP":0.32,"COMREV_VA":46697.28,"COMREV_EXP":9656.21,"TRATIE_VA":9648.32,"TRATIE_EXP":1381.53,"TRAGUA_VA":247.26,"TRAGUA_EXP":63.97,"TRAAIR_VA":608.79,"TRAAIR_EXP":1209.2,"ALMSTR_VA":3539.81,"ALMSTR_EXP":1009.42,"POSTME_VA":634.7,"POSTME_EXP":55.97,"HOTYRE_VA":7271.64,"HOTYRE_EXP":1744.43,"MMTVRA_VA":811.66,"MMTVRA_EXP":221.04,"TELECO_VA":7222.69,"TELECO_EXP":546.82,"ITSERV_VA":1775.06,"ITSERV_EXP":1075.03,"SERFIN_VA":12068.23,"SERFIN_EXP":232.68,"GOBEST_VA":22557.54,"GOBEST_EXP":225.93,"SPRSCT_VA":13474.99,"SPRSCT_EXP":2303.46,"SEAEMP_VA":4533.23,"SEAEMP_EXP":960.86,"ADPDEF_VA":19002.48,"ADPDEF_EXP":0.02,"EDUCAC_VA":15931.85,"EDUCAC_EXP":67.07,"SALUDH_VA":12576.18,"SALUDH_EXP":51.94,"ESPARC_VA":1238.31,"ESPARC_EXP":220.8,"OTRSER_VA":4277.85,"OTRSER_EXP":65.14,"SERHOG_VA":4416.16,"SERHOG_EXP":0.0}},{"type":"Feature","geometry":{"type":"Point","coordinates":[133.78,-25.27]},"properties":{"id":"AUS","name":"Australia","continent":"other","year":2008,"AGRPFO_VA":21861.27,"AGRPFO_EXP":5614.42,"FORLOG_VA":905.06,"FORLOG_EXP":92.74,"PESCAC_VA":1213.74,"PESCAC_EXP":180.11,"MINCOL_VA":35003.62,"MINCOL_EXP":26971.46,"PETGAS_VA":24104.64,"PETGAS_EXP":14374.56,"MINORE_VA":28249.09,"MINORE_EXP":28596.44,"MINOTH_VA":1892.83,"MINOTH_EXP":542.19,"MINSER_VA":4992.34,"MINSER_EXP":116.2,"ALYBEB_VA":18491.87,"ALYBEB_EXP":12076.13,"TEXYPR_VA":2392.68,"TEXYPR_EXP":1097.68,"MADYPR_VA":3330.34,"MADYPR_EXP":840.92,"PAPYPR_VA":6039.74,"PAPYPR_EXP":1039.9,"PETREF_VA":2824.13,"PETREF_EXP":3183.06,"QUIMYP_VA":4365.87,"QUIMYP_EXP":3257.29,"FARMED_VA":2836.01,"FARMED_EXP":2266.67,"HUPLAS_VA":4117.74,"HUPLAS_EXP":1203.54,"PRNOMT_VA":4478.97,"PRNOMT_EXP":401.92,"METBAS_VA":3907.45,"METBAS_EXP":1944.61,"NONFER_VA":5476.47,"NONFER_EXP":29121.72,"PRMETA_VA":9780.52,"PRMETA_EXP":1424.12,"ELCTRO_VA":5338.35,"ELCTRO_EXP":1518.87,"ELCTRI_VA":1424.04,"ELCTRI_EXP":943.22,"MAQYEQ_VA":4608.21,"MAQYEQ_EXP":2365.9,"AUTOMO_VA":3888.15,"AUTOMO_EXP":3270.78,"OTRTRA_VA":1433.94,"OTRTRA_EXP":893.49,"TRANSP_VA":2336.61,"TRANSP_EXP":330.12,"OTRMAN_VA":6423.18,"OTRMAN_EXP":899.68,"ELEGAS_VA":15038.06,"ELEGAS_EXP":201.82,"AGUBAS_VA":7620.48,"AGUBAS_EXP":9.86,"CONSTR_VA":74586.58,"CONSTR_EXP":631.65,"COMREV_VA":96541.21,"COMREV_EXP":22084.59,"TRATIE_VA":21116.65,"TRATIE_EXP":3610.9,"TRAGUA_VA":2209.4,"TRAGUA_EXP":1679.7,"TRAAIR_VA":4564.89,"TRAAIR_EXP":5271.78,"ALMSTR_VA":17172.55,"ALMSTR_EXP":2134.02,"POSTME_VA":3905.61,"POSTME_EXP":962.88,"HOTYRE_VA":27764.36,"HOTYRE_EXP":5685.65,"MMTVRA_VA":13218.25,"MMTVRA_EXP":788.82,"TELECO_VA":15967.95,"TELECO_EXP":1293.35,"ITSERV_VA":16493.3,"ITSERV_EXP":1110.8,"SERFIN_VA":87134.47,"SERFIN_EXP":2446.48,"GOBEST_VA":100023.53,"GOBEST_EXP":1020.78,"SPRSCT_VA":49353.33,"SPRSCT_EXP":4415.94,"SEAEMP_VA":32531.4,"SEAEMP_EXP":3026.48,"ADPDEF_VA":53337.09,"ADPDEF_EXP":26.24,"EDUCAC_VA":45064.86,"EDUCAC_EXP":5377.43,"SALUDH_VA":58174.78,"SALUDH_EXP":374.44,"ESPARC_VA":8105.41,"ESPARC_EXP":1419.75,"OTRSER_VA":9462.36,"OTRSER_EXP":471.37,"SERHOG_VA":0.0,"SERHOG_EXP":0.0}},{"type":"Feature","geometry":{"type":"Point","coordinates":[14.55,47.52]},"properties":{"id":"AUT","name":"Austria","continent":"europe","year":2008,"AGRPFO_VA":4508.32,"AGRPFO_EXP":1405.05,"FORLOG_VA":1743.17,"FORLOG_EXP":122.24,"PESCAC_VA":18.3,"PESCAC_EXP":10.23,"MINCOL_VA":27.44,"MINCOL_EXP":4.24,"PETGAS_VA":1368.32,"PETGAS_EXP":566.97,"MINORE_VA":190.58,"MINORE_EXP":287.77,"MINOTH_VA":746.35,"MINOTH_EXP":454.91,"MINSER_VA":64.71,"MINSER_EXP":16.54,"ALYBEB_VA":7512.73,"ALYBEB_EXP":7512.72,"TEXYPR_VA":1783.79,"TEXYPR_EXP":2651.31,"MADYPR_VA":3350.05,"MADYPR_EXP":4102.47,"PAPYPR_VA":4575.84,"PAPYPR_EXP":6009.56,"PETREF_VA":755.63,"PETREF_EXP":3530.75,"QUIMYP_VA":3263.15,"QUIMYP_EXP":6449.68,"FARMED_VA":2126.84,"FARMED_EXP":3348.71,"HUPLAS_VA":3312.78,"HUPLAS_EXP":3737.92,"PRNOMT_VA":4152.07,"PRNOMT_EXP":2864.16,"METBAS_VA":3641.56,"METBAS_EXP":9817.0,"NONFER_VA":2246.61,"NONFER_EXP":4130.44,"PRMETA_VA":7646.9,"PRMETA_EXP":7205.59,"ELCTRO_VA":3833.95,"ELCTRO_EXP":5212.51,"ELCTRI_VA":7546.99,"ELCTRI_EXP":8386.0,"MAQYEQ_VA":10576.52,"MAQYEQ_EXP":17809.38,"AUTOMO_VA":6212.18,"AUTOMO_EXP":14030.71,"OTRTRA_VA":92.98,"OTRTRA_EXP":37.56,"TRANSP_VA":1230.54,"TRANSP_EXP":1555.04,"OTRMAN_VA":6286.33,"OTRMAN_EXP":5517.06,"ELEGAS_VA":8732.89,"ELEGAS_EXP":2650.69,"AGUBAS_VA":3955.69,"AGUBAS_EXP":67.0,"CONSTR_VA":27533.31,"CONSTR_EXP":660.19,"COMREV_VA":51071.48,"COMREV_EXP":20631.27,"TRATIE_VA":11623.48,"TRATIE_EXP":11825.71,"TRAGUA_VA":284.05,"TRAGUA_EXP":159.47,"TRAAIR_VA":1226.59,"TRAAIR_EXP":3450.72,"ALMSTR_VA":8298.22,"ALMSTR_EXP":3706.51,"POSTME_VA":2122.66,"POSTME_EXP":806.49,"HOTYRE_VA":14959.16,"HOTYRE_EXP":4306.85,"MMTVRA_VA":2979.91,"MMTVRA_EXP":1421.93,"TELECO_VA":4773.69,"TELECO_EXP":1780.01,"ITSERV_VA":5732.11,"ITSERV_EXP":1721.82,"SERFIN_VA":20146.27,"SERFIN_EXP":8886.31,"GOBEST_VA":32554.52,"GOBEST_EXP":1381.34,"SPRSCT_VA":18789.63,"SPRSCT_EXP":8752.44,"SEAEMP_VA":16299.47,"SEAEMP_EXP":2087.95,"ADPDEF_VA":21141.87,"ADPDEF_EXP":124.99,"EDUCAC_VA":20705.38,"EDUCAC_EXP":395.88,"SALUDH_VA":25463.6,"SALUDH_EXP":447.88,"ESPARC_VA":4583.83,"ESPARC_EXP":1148.17,"OTRSER_VA":5835.21,"OTRSER_EXP":490.16,"SERHOG_VA":218.41,"SERHOG_EXP":0.0}},{"type":"Feature","geometry":{"type":"Point","coordinates":[4.47,50.5]},"properties":{"id":"BEL","name":"Bélgica","continent":"europe","year":2008,"AGRPFO_VA":3761.88,"AGRPFO_EXP":2397.66,"FORLOG_VA":154.82,"FORLOG_EXP":101.19,"PESCAC_VA":71.79,"PESCAC_EXP":33.67,"MINCOL_VA":0.0,"MINCOL_EXP":0.0,"PETGAS_VA":0.0,"PETGAS_EXP":0.0,"MINORE_VA":0.0,"MINORE_EXP":0.0,"MINOTH_VA":475.02,"MINOTH_EXP":213.95,"MINSER_VA":41.43,"MINSER_EXP":40.27,"ALYBEB_VA":10200.89,"ALYBEB_EXP":15091.52,"TEXYPR_VA":2929.52,"TEXYPR_EXP":3612.18,"MADYPR_VA":1383.49,"MADYPR_EXP":1436.65,"PAPYPR_VA":3645.57,"PAPYPR_EXP":3055.01,"PETREF_VA":3432.03,"PETREF_EXP":18730.38,"QUIMYP_VA":10516.93,"QUIMYP_EXP":23341.11,"FARMED_VA":6087.11,"FARMED_EXP":6859.05,"HUPLAS_VA":3097.39,"HUPLAS_EXP":4913.4,"PRNOMT_VA":3952.46,"PRNOMT_EXP":3313.91,"METBAS_VA":3809.61,"METBAS_EXP":12811.52,"NONFER_VA":1632.48,"NONFER_EXP":8642.68,"PRMETA_VA":6788.64,"PRMETA_EXP":6887.09,"ELCTRO_VA":2461.4,"ELCTRO_EXP":3239.86,"ELCTRI_VA":2454.24,"ELCTRI_EXP":2924.04,"MAQYEQ_VA":5596.26,"MAQYEQ_EXP":7924.66,"AUTOMO_VA":5490.84,"AUTOMO_EXP":20346.77,"OTRTRA_VA":27.33,"OTRTRA_EXP":60.65,"TRANSP_VA":814.76,"TRANSP_EXP":732.44,"OTRMAN_VA":2909.33,"OTRMAN_EXP":3258.97,"ELEGAS_VA":9045.37,"ELEGAS_EXP":2492.74,"AGUBAS_VA":3634.17,"AGUBAS_EXP":1798.16,"CONSTR_VA":27713.34,"CONSTR_EXP":1888.03,"COMREV_VA":63913.81,"COMREV_EXP":32438.36,"TRATIE_VA":11205.98,"TRATIE_EXP":12130.14,"TRAGUA_VA":1510.69,"TRAGUA_EXP":6283.89,"TRAAIR_VA":889.39,"TRAAIR_EXP":3603.92,"ALMSTR_VA":14476.4,"ALMSTR_EXP":20946.38,"POSTME_VA":3274.42,"POSTME_EXP":1046.96,"HOTYRE_VA":8890.62,"HOTYRE_EXP":2259.85,"MMTVRA_VA":3753.86,"MMTVRA_EXP":2238.27,"TELECO_VA":8172.57,"TELECO_EXP":3883.13,"ITSERV_VA":7705.24,"ITSERV_EXP":1540.73,"SERFIN_VA":22253.61,"SERFIN_EXP":8795.08,"GOBEST_VA":40130.83,"GOBEST_EXP":385.36,"SPRSCT_VA":42723.44,"SPRSCT_EXP":27114.82,"SEAEMP_VA":20571.3,"SEAEMP_EXP":4443.55,"ADPDEF_VA":35559.17,"ADPDEF_EXP":420.95,"EDUCAC_VA":30356.28,"EDUCAC_EXP":1638.19,"SALUDH_VA":31781.56,"SALUDH_EXP":374.63,"ESPARC_VA":3303.64,"ESPARC_EXP":863.72,"OTRSER_VA":6475.28,"OTRSER_EXP":203.05,"SERHOG_VA":762.85,"SERHOG_EXP":0.0}},{"type":"Feature","geometry":{"type":"Point","coordinates":[90.36,23.68]},"properties":{"id":"BGD","name":"Bangladesh","continent":"asia","year":2008,"AGRPFO_VA":7845.94,"AGRPFO_EXP":1276.91,"FORLOG_VA":1577.38,"FORLOG_EXP":42.97,"PESCAC_VA":2436.43,"PESCAC_EXP":41.53,"MINCOL_VA":3.32,"MINCOL_EXP":0.02,"PETGAS_VA":1031.46,"PETGAS_EXP":29.08,"MINORE_VA":3.23,"MINORE_EXP":0.38,"MINOTH_VA":38.63,"MINOTH_EXP":2.53,"MINSER_VA":33.56,"MINSER_EXP":7.71,"ALYBEB_VA":2840.37,"ALYBEB_EXP":1450.9,"TEXYPR_VA":10755.36,"TEXYPR_EXP":7297.35,"MADYPR_VA":23.12,"MADYPR_EXP":5.37,"PAPYPR_VA":143.29,"PAPYPR_EXP":42.33,"PETREF_VA":21.93,"PETREF_EXP":84.28,"QUIMYP_VA":178.13,"QUIMYP_EXP":130.43,"FARMED_VA":394.32,"FARMED_EXP":34.25,"HUPLAS_VA":1516.38,"HUPLAS_EXP":52.02,"PRNOMT_VA":1255.93,"PRNOMT_EXP":43.03,"METBAS_VA":437.77,"METBAS_EXP":29.3,"NONFER_VA":301.47,"NONFER_EXP":14.13,"PRMETA_VA":116.17,"PRMETA_EXP":10.71,"ELCTRO_VA":117.26,"ELCTRO_EXP":27.4,"ELCTRI_VA":217.21,"ELCTRI_EXP":26.81,"MAQYEQ_VA":27.87,"MAQYEQ_EXP":34.05,"AUTOMO_VA":16.3,"AUTOMO_EXP":2.61,"OTRTRA_VA":83.57,"OTRTRA_EXP":10.93,"TRANSP_VA":98.6,"TRANSP_EXP":85.18,"OTRMAN_VA":229.74,"OTRMAN_EXP":27.89,"ELEGAS_VA":1044.12,"ELEGAS_EXP":3.95,"AGUBAS_VA":1638.63,"AGUBAS_EXP":6.37,"CONSTR_VA":7043.8,"CONSTR_EXP":19.6,"COMREV_VA":9077.08,"COMREV_EXP":1868.55,"TRATIE_VA":2340.16,"TRATIE_EXP":130.37,"TRAGUA_VA":685.72,"TRAGUA_EXP":142.54,"TRAAIR_VA":524.54,"TRAAIR_EXP":93.92,"ALMSTR_VA":851.67,"ALMSTR_EXP":45.25,"POSTME_VA":151.22,"POSTME_EXP":0.79,"HOTYRE_VA":2137.53,"HOTYRE_EXP":29.02,"MMTVRA_VA":579.67,"MMTVRA_EXP":43.25,"TELECO_VA":1636.69,"TELECO_EXP":99.5,"ITSERV_VA":496.43,"ITSERV_EXP":153.94,"SERFIN_VA":3298.87,"SERFIN_EXP":94.16,"GOBEST_VA":4304.36,"GOBEST_EXP":26.0,"SPRSCT_VA":2285.16,"SPRSCT_EXP":630.58,"SEAEMP_VA":1692.69,"SEAEMP_EXP":265.28,"ADPDEF_VA":2844.88,"ADPDEF_EXP":2.54,"EDUCAC_VA":2315.94,"EDUCAC_EXP":3.29,"SALUDH_VA":3432.86,"SALUDH_EXP":2.98,"ESPARC_VA":1004.0,"ESPARC_EXP":15.13,"OTRSER_VA":1420.57,"OTRSER_EXP":7.38,"SERHOG_VA":0.0,"SERHOG_EXP":0.0}},{"type":"Feature","geometry":{"type":"Point","coordinates":[25.49,42.73]},"properties":{"id":"BGR","name":"Bulgaria","continent":"europe","year":2008,"AGRPFO_VA":3009.89,"AGRPFO_EXP":1278.58,"FORLOG_VA":238.68,"FORLOG_EXP":37.68,"PESCAC_VA":16.26,"PESCAC_EXP":4.32,"MINCOL_VA":339.25,"MINCOL_EXP":10.88,"PETGAS_VA":35.47,"PETGAS_EXP":4.0,"MINORE_VA":420.1,"MINORE_EXP":614.4,"MINOTH_VA":245.4,"MINOTH_EXP":117.51,"MINSER_VA":3.47,"MINSER_EXP":8.49,"ALYBEB_VA":1426.55,"ALYBEB_EXP":1182.1,"TEXYPR_VA":899.71,"TEXYPR_EXP":1074.32,"MADYPR_VA":149.17,"MADYPR_EXP":139.0,"PAPYPR_VA":300.06,"PAPYPR_EXP":180.38,"PETREF_VA":1266.37,"PETREF_EXP":2826.17,"QUIMYP_VA":356.57,"QUIMYP_EXP":817.02,"FARMED_VA":169.2,"FARMED_EXP":183.94,"HUPLAS_VA":276.27,"HUPLAS_EXP":295.05,"PRNOMT_VA":716.87,"PRNOMT_EXP":356.45,"METBAS_VA":463.22,"METBAS_EXP":1792.43,"NONFER_VA":387.38,"NONFER_EXP":1659.93,"PRMETA_VA":650.59,"PRMETA_EXP":674.51,"ELCTRO_VA":143.84,"ELCTRO_EXP":225.63,"ELCTRI_VA":298.6,"ELCTRI_EXP":606.92,"MAQYEQ_VA":508.44,"MAQYEQ_EXP":637.36,"AUTOMO_VA":93.41,"AUTOMO_EXP":194.87,"OTRTRA_VA":40.37,"OTRTRA_EXP":92.87,"TRANSP_VA":64.49,"TRANSP_EXP":125.67,"OTRMAN_VA":601.27,"OTRMAN_EXP":491.05,"ELEGAS_VA":1687.95,"ELEGAS_EXP":515.5,"AGUBAS_VA":449.41,"AGUBAS_EXP":101.88,"CONSTR_VA":4439.29,"CONSTR_EXP":326.0,"COMREV_VA":5433.1,"COMREV_EXP":2411.27,"TRATIE_VA":2290.9,"TRATIE_EXP":1422.58,"TRAGUA_VA":169.33,"TRAGUA_EXP":162.83,"TRAAIR_VA":66.85,"TRAAIR_EXP":158.02,"ALMSTR_VA":819.91,"ALMSTR_EXP":537.18,"POSTME_VA":444.98,"POSTME_EXP":89.33,"HOTYRE_VA":1097.42,"HOTYRE_EXP":1593.67,"MMTVRA_VA":403.23,"MMTVRA_EXP":115.25,"TELECO_VA":1732.55,"TELECO_EXP":426.54,"ITSERV_VA":593.37,"ITSERV_EXP":230.49,"SERFIN_VA":2915.19,"SERFIN_EXP":463.08,"GOBEST_VA":4992.99,"GOBEST_EXP":253.59,"SPRSCT_VA":1351.43,"SPRSCT_EXP":747.98,"SEAEMP_VA":1018.95,"SEAEMP_EXP":485.81,"ADPDEF_VA":2992.02,"ADPDEF_EXP":3.5,"EDUCAC_VA":1649.1,"EDUCAC_EXP":80.22,"SALUDH_VA":1253.87,"SALUDH_EXP":91.33,"ESPARC_VA":724.56,"ESPARC_EXP":189.34,"OTRSER_VA":533.5,"OTRSER_EXP":86.02,"SERHOG_VA":68.11,"SERHOG_EXP":0.0}},{"type":"Feature","geometry":{"type":"Point","coordinates":[27.95,53.71]},"properties":{"id":"BLR","name":"Bielorrusia","continent":"europe","year":2008,"AGRPFO_VA":5268.33,"AGRPFO_EXP":343.03,"FORLOG_VA":306.55,"FORLOG_EXP":167.96,"PESCAC_VA":107.33,"PESCAC_EXP":2.85,"MINCOL_VA":10.78,"MINCOL_EXP":0.29,"PETGAS_VA":450.37,"PETGAS_EXP":156.14,"MINORE_VA":10.21,"MINORE_EXP":0.78,"MINOTH_VA":180.96,"MINOTH_EXP":163.7,"MINSER_VA":102.91,"MINSER_EXP":7.8,"ALYBEB_VA":3921.98,"ALYBEB_EXP":3681.28,"TEXYPR_VA":1734.48,"TEXYPR_EXP":1165.34,"MADYPR_VA":458.95,"MADYPR_EXP":646.91,"PAPYPR_VA":921.81,"PAPYPR_EXP":397.45,"PETREF_VA":3748.59,"PETREF_EXP":2285.36,"QUIMYP_VA":2090.54,"QUIMYP_EXP":5372.13,"FARMED_VA":410.78,"FARMED_EXP":378.13,"HUPLAS_VA":567.83,"HUPLAS_EXP":1429.92,"PRNOMT_VA":997.39,"PRNOMT_EXP":948.8,"METBAS_VA":683.64,"METBAS_EXP":829.58,"NONFER_VA":413.5,"NONFER_EXP":140.08,"PRMETA_VA":691.05,"PRMETA_EXP":1219.95,"ELCTRO_VA":414.98,"ELCTRO_EXP":469.23,"ELCTRI_VA":454.95,"ELCTRI_EXP":1470.02,"MAQYEQ_VA":1462.16,"MAQYEQ_EXP":3409.31,"AUTOMO_VA":1360.16,"AUTOMO_EXP":1466.32,"OTRTRA_VA":112.87,"OTRTRA_EXP":3.69,"TRANSP_VA":111.05,"TRANSP_EXP":94.03,"OTRMAN_VA":923.06,"OTRMAN_EXP":1109.8,"ELEGAS_VA":2106.47,"ELEGAS_EXP":81.91,"AGUBAS_VA":491.75,"AGUBAS_EXP":13.4,"CONSTR_VA":4578.74,"CONSTR_EXP":73.82,"COMREV_VA":5311.43,"COMREV_EXP":2050.01,"TRATIE_VA":1627.94,"TRATIE_EXP":474.5,"TRAGUA_VA":391.16,"TRAGUA_EXP":724.9,"TRAAIR_VA":320.54,"TRAAIR_EXP":1181.32,"ALMSTR_VA":460.41,"ALMSTR_EXP":408.19,"POSTME_VA":98.95,"POSTME_EXP":2.7,"HOTYRE_VA":1267.48,"HOTYRE_EXP":90.64,"MMTVRA_VA":373.49,"MMTVRA_EXP":165.85,"TELECO_VA":933.37,"TELECO_EXP":306.62,"ITSERV_VA":306.93,"ITSERV_EXP":285.96,"SERFIN_VA":1922.95,"SERFIN_EXP":243.22,"GOBEST_VA":2308.91,"GOBEST_EXP":54.33,"SPRSCT_VA":1313.07,"SPRSCT_EXP":637.2,"SEAEMP_VA":913.0,"SEAEMP_EXP":252.71,"ADPDEF_VA":2639.99,"ADPDEF_EXP":7.0,"EDUCAC_VA":1752.4,"EDUCAC_EXP":7.2,"SALUDH_VA":1995.98,"SALUDH_EXP":6.31,"ESPARC_VA":329.06,"ESPARC_EXP":33.53,"OTRSER_VA":543.74,"OTRSER_EXP":12.29,"SERHOG_VA":0.0,"SERHOG_EXP":0.0}},{"type":"Feature","geometry":{"type":"Point","coordinates":[-51.93,-14.24]},"properties":{"id":"BRA","name":"Brasil","continent":"america","year":2008,"AGRPFO_VA":62363.59,"AGRPFO_EXP":14891.39,"FORLOG_VA":6225.41,"FORLOG_EXP":337.14,"PESCAC_VA":2763.29,"PESCAC_EXP":31.4,"MINCOL_VA":5364.25,"MINCOL_EXP":0.59,"PETGAS_VA":39215.8,"PETGAS_EXP":13828.27,"MINORE_VA":5691.03,"MINORE_EXP":7949.41,"MINOTH_VA":2539.74,"MINOTH_EXP":625.85,"MINSER_VA":1849.05,"MINSER_EXP":106.29,"ALYBEB_VA":34645.02,"ALYBEB_EXP":26197.29,"TEXYPR_VA":18749.57,"TEXYPR_EXP":4171.09,"MADYPR_VA":4438.71,"MADYPR_EXP":2141.7,"PAPYPR_VA":10944.24,"PAPYPR_EXP":4762.4,"PETREF_VA":12004.22,"PETREF_EXP":4652.22,"QUIMYP_VA":21578.19,"QUIMYP_EXP":9350.22,"FARMED_VA":9360.95,"FARMED_EXP":865.25,"HUPLAS_VA":8913.78,"HUPLAS_EXP":2484.9,"PRNOMT_VA":9190.64,"PRNOMT_EXP":1671.68,"METBAS_VA":16787.72,"METBAS_EXP":11522.87,"NONFER_VA":5210.71,"NONFER_EXP":7279.02,"PRMETA_VA":16182.56,"PRMETA_EXP":1921.76,"ELCTRO_VA":9380.18,"ELCTRO_EXP":3437.24,"ELCTRI_VA":6280.18,"ELCTRI_EXP":3892.41,"MAQYEQ_VA":23026.22,"MAQYEQ_EXP":10823.83,"AUTOMO_VA":32176.74,"AUTOMO_EXP":13881.99,"OTRTRA_VA":1462.87,"OTRTRA_EXP":1445.97,"TRANSP_VA":2944.31,"TRANSP_EXP":5393.19,"OTRMAN_VA":9658.56,"OTRMAN_EXP":1693.69,"ELEGAS_VA":35957.57,"ELEGAS_EXP":38.17,"AGUBAS_VA":11568.15,"AGUBAS_EXP":0.83,"CONSTR_VA":66973.68,"CONSTR_EXP":37.13,"COMREV_VA":242406.86,"COMREV_EXP":35920.32,"TRATIE_VA":44632.53,"TRATIE_EXP":4005.67,"TRAGUA_VA":1569.15,"TRAGUA_EXP":904.38,"TRAAIR_VA":2748.75,"TRAAIR_EXP":1415.41,"ALMSTR_VA":16711.71,"ALMSTR_EXP":2426.44,"POSTME_VA":4711.3,"POSTME_EXP":8.94,"HOTYRE_VA":31909.78,"HOTYRE_EXP":1375.26,"MMTVRA_VA":10160.92,"MMTVRA_EXP":498.24,"TELECO_VA":25349.93,"TELECO_EXP":554.37,"ITSERV_VA":19184.15,"ITSERV_EXP":358.18,"SERFIN_VA":94260.66,"SERFIN_EXP":2241.87,"GOBEST_VA":113776.54,"GOBEST_EXP":143.71,"SPRSCT_VA":58983.16,"SPRSCT_EXP":9950.81,"SEAEMP_VA":53523.29,"SEAEMP_EXP":4794.04,"ADPDEF_VA":140052.45,"ADPDEF_EXP":543.74,"EDUCAC_VA":66413.39,"EDUCAC_EXP":132.75,"SALUDH_VA":53978.99,"SALUDH_EXP":62.3,"ESPARC_VA":13194.39,"ESPARC_EXP":404.47,"OTRSER_VA":27534.42,"OTRSER_EXP":84.06,"SERHOG_VA":14826.52,"SERHOG_EXP":0.0}},{"type":"Feature","geometry":{"type":"Point","coordinates":[114.73,4.54]},"properties":{"id":"BRN","name":"Brunéi","continent":"asia","year":2008,"AGRPFO_VA":45.05,"AGRPFO_EXP":0.51,"FORLOG_VA":15.65,"FORLOG_EXP":0.04,"PESCAC_VA":45.63,"PESCAC_EXP":0.22,"MINCOL_VA":850.76,"MINCOL_EXP":0.0,"PETGAS_VA":5926.69,"PETGAS_EXP":7913.19,"MINORE_VA":898.13,"MINORE_EXP":0.24,"MINOTH_VA":547.45,"MINOTH_EXP":0.71,"MINSER_VA":456.91,"MINSER_EXP":95.73,"ALYBEB_VA":16.88,"ALYBEB_EXP":1.75,"TEXYPR_VA":27.45,"TEXYPR_EXP":23.2,"MADYPR_VA":2.83,"MADYPR_EXP":0.3,"PAPYPR_VA":8.91,"PAPYPR_EXP":0.18,"PETREF_VA":1783.64,"PETREF_EXP":1676.68,"QUIMYP_VA":10.47,"QUIMYP_EXP":1.03,"FARMED_VA":7.87,"FARMED_EXP":0.08,"HUPLAS_VA":11.86,"HUPLAS_EXP":0.07,"PRNOMT_VA":23.94,"PRNOMT_EXP":0.72,"METBAS_VA":2.21,"METBAS_EXP":1.74,"NONFER_VA":2.41,"NONFER_EXP":0.16,"PRMETA_VA":9.2,"PRMETA_EXP":0.22,"ELCTRO_VA":3.05,"ELCTRO_EXP":0.21,"ELCTRI_VA":5.26,"ELCTRI_EXP":0.1,"MAQYEQ_VA":10.23,"MAQYEQ_EXP":0.18,"AUTOMO_VA":0.0,"AUTOMO_EXP":0.0,"OTRTRA_VA":6.0,"OTRTRA_EXP":0.02,"TRANSP_VA":8.25,"TRANSP_EXP":0.07,"OTRMAN_VA":6.13,"OTRMAN_EXP":0.25,"ELEGAS_VA":98.52,"ELEGAS_EXP":0.25,"AGUBAS_VA":24.71,"AGUBAS_EXP":0.87,"CONSTR_VA":259.62,"CONSTR_EXP":0.38,"COMREV_VA":755.79,"COMREV_EXP":105.25,"TRATIE_VA":120.27,"TRATIE_EXP":19.94,"TRAGUA_VA":132.41,"TRAGUA_EXP":32.56,"TRAAIR_VA":40.2,"TRAAIR_EXP":51.95,"ALMSTR_VA":50.67,"ALMSTR_EXP":20.47,"POSTME_VA":8.45,"POSTME_EXP":9.75,"HOTYRE_VA":150.73,"HOTYRE_EXP":40.44,"MMTVRA_VA":13.89,"MMTVRA_EXP":2.12,"TELECO_VA":261.49,"TELECO_EXP":13.48,"ITSERV_VA":28.93,"ITSERV_EXP":11.41,"SERFIN_VA":700.4,"SERFIN_EXP":17.84,"GOBEST_VA":227.2,"GOBEST_EXP":13.42,"SPRSCT_VA":292.53,"SPRSCT_EXP":110.17,"SEAEMP_VA":88.85,"SEAEMP_EXP":51.38,"ADPDEF_VA":1565.57,"ADPDEF_EXP":0.02,"EDUCAC_VA":407.31,"EDUCAC_EXP":2.5,"SALUDH_VA":181.2,"SALUDH_EXP":1.99,"ESPARC_VA":15.97,"ESPARC_EXP":2.23,"OTRSER_VA":20.52,"OTRSER_EXP":2.61,"SERHOG_VA":14.97,"SERHOG_EXP":0.0}},{"type":"Feature","geometry":{"type":"Point","coordinates":[-106.35,56.13]},"properties":{"id":"CAN","name":"Canadá","continent":"america","year":2008,"AGRPFO_VA":18789.47,"AGRPFO_EXP":14912.28,"FORLOG_VA":5292.14,"FORLOG_EXP":714.38,"PESCAC_VA":1261.18,"PESCAC_EXP":678.42,"MINCOL_VA":3602.44,"MINCOL_EXP":4175.73,"PETGAS_VA":111532.46,"PETGAS_EXP":97630.22,"MINORE_VA":12854.49,"MINORE_EXP":13148.72,"MINOTH_VA":8096.94,"MINOTH_EXP":3619.01,"MINSER_VA":11713.52,"MINSER_EXP":675.2,"ALYBEB_VA":26279.95,"ALYBEB_EXP":16722.69,"TEXYPR_VA":3679.78,"TEXYPR_EXP":2311.43,"MADYPR_VA":7509.31,"MADYPR_EXP":6738.24,"PAPYPR_VA":13965.96,"PAPYPR_EXP":16898.59,"PETREF_VA":5480.91,"PETREF_EXP":18494.19,"QUIMYP_VA":8762.77,"QUIMYP_EXP":19067.25,"FARMED_VA":4292.83,"FARMED_EXP":5183.86,"HUPLAS_VA":8398.65,"HUPLAS_EXP":9606.8,"PRNOMT_VA":7124.37,"PRNOMT_EXP":2310.31,"METBAS_VA":5624.08,"METBAS_EXP":6250.9,"NONFER_VA":8412.52,"NONFER_EXP":28398.75,"PRMETA_VA":13915.4,"PRMETA_EXP":8684.1,"ELCTRO_VA":7210.01,"ELCTRO_EXP":9072.9,"ELCTRI_VA":3611.59,"ELCTRI_EXP":5659.22,"MAQYEQ_VA":13007.39,"MAQYEQ_EXP":14285.8,"AUTOMO_VA":14129.16,"AUTOMO_EXP":41718.87,"OTRTRA_VA":358.38,"OTRTRA_EXP":600.35,"TRANSP_VA":9257.44,"TRANSP_EXP":12407.89,"OTRMAN_VA":14067.96,"OTRMAN_EXP":6029.29,"ELEGAS_VA":32787.48,"ELEGAS_EXP":4612.68,"AGUBAS_VA":6414.98,"AGUBAS_EXP":42.41,"CONSTR_VA":108061.71,"CONSTR_EXP":455.65,"COMREV_VA":157280.08,"COMREV_EXP":51388.31,"TRATIE_VA":35715.84,"TRATIE_EXP":5178.71,"TRAGUA_VA":1353.76,"TRAGUA_EXP":992.48,"TRAAIR_VA":4433.01,"TRAAIR_EXP":7123.84,"ALMSTR_VA":12763.34,"ALMSTR_EXP":2187.56,"POSTME_VA":7007.29,"POSTME_EXP":932.83,"HOTYRE_VA":31622.05,"HOTYRE_EXP":6034.85,"MMTVRA_VA":16031.11,"MMTVRA_EXP":4672.07,"TELECO_VA":28054.91,"TELECO_EXP":1930.99,"ITSERV_VA":19355.84,"ITSERV_EXP":5355.51,"SERFIN_VA":105488.62,"SERFIN_EXP":8123.92,"GOBEST_VA":155199.09,"GOBEST_EXP":1128.42,"SPRSCT_VA":61997.6,"SPRSCT_EXP":7823.11,"SEAEMP_VA":46616.27,"SEAEMP_EXP":9357.29,"ADPDEF_VA":95599.5,"ADPDEF_EXP":3473.06,"EDUCAC_VA":75370.17,"EDUCAC_EXP":3135.42,"SALUDH_VA":97093.3,"SALUDH_EXP":321.7,"ESPARC_VA":11920.79,"ESPARC_EXP":2850.51,"OTRSER_VA":20038.19,"OTRSER_EXP":415.46,"SERHOG_VA":2465.11,"SERHOG_EXP":0.0}},{"type":"Feature","geometry":{"type":"Point","coordinates":[8.23,46.82]},"properties":{"id":"CHE","name":"Suiza","continent":"europe","year":2008,"AGRPFO_VA":3960.82,"AGRPFO_EXP":276.48,"FORLOG_VA":344.63,"FORLOG_EXP":70.42,"PESCAC_VA":24.66,"PESCAC_EXP":13.39,"MINCOL_VA":0.0,"MINCOL_EXP":0.0,"PETGAS_VA":0.0,"PETGAS_EXP":0.0,"MINORE_VA":67.48,"MINORE_EXP":12.39,"MINOTH_VA":548.01,"MINOTH_EXP":18.37,"MINSER_VA":84.84,"MINSER_EXP":3.07,"ALYBEB_VA":8984.73,"ALYBEB_EXP":7657.67,"TEXYPR_VA":1296.7,"TEXYPR_EXP":2559.69,"MADYPR_VA":3517.1,"MADYPR_EXP":819.32,"PAPYPR_VA":4084.37,"PAPYPR_EXP":2614.96,"PETREF_VA":284.2,"PETREF_EXP":725.79,"QUIMYP_VA":7674.18,"QUIMYP_EXP":7240.76,"FARMED_VA":21079.83,"FARMED_EXP":24483.11,"HUPLAS_VA":3302.01,"HUPLAS_EXP":4294.87,"PRNOMT_VA":2593.0,"PRNOMT_EXP":1084.06,"METBAS_VA":1224.56,"METBAS_EXP":1376.5,"NONFER_VA":1342.06,"NONFER_EXP":3092.88,"PRMETA_VA":10152.48,"PRMETA_EXP":5251.15,"ELCTRO_VA":21410.44,"ELCTRO_EXP":20911.24,"ELCTRI_VA":6392.96,"ELCTRI_EXP":10073.45,"MAQYEQ_VA":12248.41,"MAQYEQ_EXP":24756.23,"AUTOMO_VA":630.39,"AUTOMO_EXP":1146.79,"OTRTRA_VA":32.59,"OTRTRA_EXP":8.69,"TRANSP_VA":894.68,"TRANSP_EXP":1638.48,"OTRMAN_VA":6196.25,"OTRMAN_EXP":7416.79,"ELEGAS_VA":6869.89,"ELEGAS_EXP":5051.64,"AGUBAS_VA":2689.49,"AGUBAS_EXP":18.36,"CONSTR_VA":26511.37,"CONSTR_EXP":324.73,"COMREV_VA":93227.68,"COMREV_EXP":40390.84,"TRATIE_VA":11385.61,"TRATIE_EXP":7154.19,"TRAGUA_VA":566.2,"TRAGUA_EXP":5755.1,"TRAAIR_VA":1903.96,"TRAAIR_EXP":3722.91,"ALMSTR_VA":4293.47,"ALMSTR_EXP":1692.59,"POSTME_VA":3974.82,"POSTME_EXP":1606.4,"HOTYRE_VA":12102.08,"HOTYRE_EXP":5677.32,"MMTVRA_VA":3538.71,"MMTVRA_EXP":4497.98,"TELECO_VA":7577.36,"TELECO_EXP":1937.12,"ITSERV_VA":12507.58,"ITSERV_EXP":7755.08,"SERFIN_VA":63151.65,"SERFIN_EXP":45647.31,"GOBEST_VA":36581.22,"GOBEST_EXP":1415.05,"SPRSCT_VA":36017.97,"SPRSCT_EXP":6265.82,"SEAEMP_VA":14790.72,"SEAEMP_EXP":4178.38,"ADPDEF_VA":43013.24,"ADPDEF_EXP":1092.89,"EDUCAC_VA":3311.73,"EDUCAC_EXP":308.1,"SALUDH_VA":35587.8,"SALUDH_EXP":410.08,"ESPARC_VA":5502.43,"ESPARC_EXP":858.81,"OTRSER_VA":7179.28,"OTRSER_EXP":278.73,"SERHOG_VA":1861.2,"SERHOG_EXP":0.0}},{"type":"Feature","geometry":{"type":"Point","coordinates":[-71.54,-35.68]},"properties":{"id":"CHL","name":"Chile","continent":"america","year":2008,"AGRPFO_VA":3914.08,"AGRPFO_EXP":4175.14,"FORLOG_VA":1368.93,"FORLOG_EXP":181.45,"PESCAC_VA":863.23,"PESCAC_EXP":67.27,"MINCOL_VA":25.35,"MINCOL_EXP":0.06,"PETGAS_VA":171.91,"PETGAS_EXP":6.59,"MINORE_VA":20011.6,"MINORE_EXP":27170.82,"MINOTH_VA":727.25,"MINOTH_EXP":145.47,"MINSER_VA":543.27,"MINSER_EXP":132.58,"ALYBEB_VA":6377.12,"ALYBEB_EXP":8589.32,"TEXYPR_VA":689.39,"TEXYPR_EXP":719.35,"MADYPR_VA":829.82,"MADYPR_EXP":1901.02,"PAPYPR_VA":1805.17,"PAPYPR_EXP":1176.86,"PETREF_VA":1456.16,"PETREF_EXP":1985.92,"QUIMYP_VA":3483.91,"QUIMYP_EXP":3192.02,"FARMED_VA":532.3,"FARMED_EXP":127.17,"HUPLAS_VA":722.21,"HUPLAS_EXP":645.94,"PRNOMT_VA":1095.7,"PRNOMT_EXP":187.94,"METBAS_VA":529.06,"METBAS_EXP":965.82,"NONFER_VA":766.6,"NONFER_EXP":294.71,"PRMETA_VA":1278.86,"PRMETA_EXP":741.5,"ELCTRO_VA":3129.64,"ELCTRO_EXP":205.97,"ELCTRI_VA":531.1,"ELCTRI_EXP":629.85,"MAQYEQ_VA":611.03,"MAQYEQ_EXP":753.75,"AUTOMO_VA":0.34,"AUTOMO_EXP":0.15,"OTRTRA_VA":114.92,"OTRTRA_EXP":102.93,"TRANSP_VA":218.41,"TRANSP_EXP":180.31,"OTRMAN_VA":967.95,"OTRMAN_EXP":469.26,"ELEGAS_VA":3935.24,"ELEGAS_EXP":0.13,"AGUBAS_VA":1130.92,"AGUBAS_EXP":0.23,"CONSTR_VA":11466.25,"CONSTR_EXP":0.35,"COMREV_VA":16268.06,"COMREV_EXP":6866.46,"TRATIE_VA":5796.37,"TRATIE_EXP":1367.7,"TRAGUA_VA":331.21,"TRAGUA_EXP":1042.78,"TRAAIR_VA":1503.51,"TRAAIR_EXP":3008.47,"ALMSTR_VA":2454.24,"ALMSTR_EXP":1133.92,"POSTME_VA":244.46,"POSTME_EXP":97.88,"HOTYRE_VA":3338.16,"HOTYRE_EXP":601.15,"MMTVRA_VA":585.52,"MMTVRA_EXP":96.05,"TELECO_VA":2926.19,"TELECO_EXP":302.36,"ITSERV_VA":2026.33,"ITSERV_EXP":248.14,"SERFIN_VA":8481.16,"SERFIN_EXP":623.31,"GOBEST_VA":13694.56,"GOBEST_EXP":153.67,"SPRSCT_VA":12146.34,"SPRSCT_EXP":728.54,"SEAEMP_VA":6800.73,"SEAEMP_EXP":719.15,"ADPDEF_VA":6841.98,"ADPDEF_EXP":14.56,"EDUCAC_VA":7260.23,"EDUCAC_EXP":30.29,"SALUDH_VA":6417.27,"SALUDH_EXP":50.7,"ESPARC_VA":929.01,"ESPARC_EXP":95.54,"OTRSER_VA":2871.01,"OTRSER_EXP":81.73,"SERHOG_VA":0.0,"SERHOG_EXP":0.0}},{"type":"Feature","geometry":{"type":"Point","coordinates":[104.2,35.86]},"properties":{"id":"CHN","name":"China","continent":"asia","year":2008,"AGRPFO_VA":371558.6,"AGRPFO_EXP":7071.12,"FORLOG_VA":26296.2,"FORLOG_EXP":36.45,"PESCAC_VA":43708.42,"PESCAC_EXP":775.12,"MINCOL_VA":98796.18,"MINCOL_EXP":4133.73,"PETGAS_VA":94246.72,"PETGAS_EXP":2756.67,"MINORE_VA":41485.33,"MINORE_EXP":1542.33,"MINOTH_VA":26160.51,"MINOTH_EXP":2126.73,"MINSER_VA":6088.36,"MINSER_EXP":361.78,"ALYBEB_VA":150261.33,"ALYBEB_EXP":25368.32,"TEXYPR_VA":138965.24,"TEXYPR_EXP":174817.04,"MADYPR_VA":19768.91,"MADYPR_EXP":9040.93,"PAPYPR_VA":41297.67,"PAPYPR_EXP":6555.12,"PETREF_VA":64615.17,"PETREF_EXP":15712.11,"QUIMYP_VA":116125.32,"QUIMYP_EXP":59390.11,"FARMED_VA":34375.9,"FARMED_EXP":6457.09,"HUPLAS_VA":52646.21,"HUPLAS_EXP":26481.97,"PRNOMT_VA":102359.51,"PRNOMT_EXP":18651.29,"METBAS_VA":107788.61,"METBAS_EXP":62098.75,"NONFER_VA":50301.73,"NONFER_EXP":16091.19,"PRMETA_VA":51715.59,"PRMETA_EXP":46306.51,"ELCTRO_VA":128750.59,"ELCTRO_EXP":296692.1,"ELCTRI_VA":85319.93,"ELCTRI_EXP":87082.57,"MAQYEQ_VA":147459.36,"MAQYEQ_EXP":88371.01,"AUTOMO_VA":100335.09,"AUTOMO_EXP":27981.51,"OTRTRA_VA":8585.95,"OTRTRA_EXP":15992.4,"TRANSP_VA":14417.51,"TRANSP_EXP":12915.32,"OTRMAN_VA":38270.73,"OTRMAN_EXP":63240.21,"ELEGAS_VA":104011.79,"ELEGAS_EXP":959.24,"AGUBAS_VA":18780.77,"AGUBAS_EXP":5.97,"CONSTR_VA":273942.58,"CONSTR_EXP":100.89,"COMREV_VA":350952.32,"COMREV_EXP":62193.86,"TRATIE_VA":161868.59,"TRATIE_EXP":16548.3,"TRAGUA_VA":27380.77,"TRAGUA_EXP":28537.04,"TRAAIR_VA":11272.77,"TRAAIR_EXP":26923.1,"ALMSTR_VA":26027.75,"ALMSTR_EXP":7039.57,"POSTME_VA":8865.36,"POSTME_EXP":67.64,"HOTYRE_VA":92995.18,"HOTYRE_EXP":11284.39,"MMTVRA_VA":12603.55,"MMTVRA_EXP":4861.4,"TELECO_VA":62736.86,"TELECO_EXP":5550.34,"ITSERV_VA":31950.1,"ITSERV_EXP":8110.5,"SERFIN_VA":240807.75,"SERFIN_EXP":4453.57,"GOBEST_VA":192336.55,"GOBEST_EXP":5264.86,"SPRSCT_VA":61290.7,"SPRSCT_EXP":22753.93,"SEAEMP_VA":75664.63,"SEAEMP_EXP":16438.1,"ADPDEF_VA":184996.35,"ADPDEF_EXP":20.7,"EDUCAC_VA":119233.34,"EDUCAC_EXP":534.05,"SALUDH_VA":65779.17,"SALUDH_EXP":717.31,"ESPARC_VA":26226.97,"ESPARC_EXP":2527.86,"OTRSER_VA":61486.01,"OTRSER_EXP":895.69,"SERHOG_VA":0.0,"SERHOG_EXP":0.0}},{"type":"Feature","geometry":{"type":"Point","coordinates":[-5.55,7.54]},"properties":{"id":"CIV","name":"Costa de Marfil","continent":"other","year":2008,"AGRPFO_VA":5772.44,"AGRPFO_EXP":3092.93,"FORLOG_VA":167.29,"FORLOG_EXP":5.71,"PESCAC_VA":66.02,"PESCAC_EXP":3.69,"MINCOL_VA":1.7,"MINCOL_EXP":5.03,"PETGAS_VA":15.92,"PETGAS_EXP":41.21,"MINORE_VA":49.85,"MINORE_EXP":17.26,"MINOTH_VA":4.96,"MINOTH_EXP":14.12,"MINSER_VA":3.84,"MINSER_EXP":8.25,"ALYBEB_VA":1288.05,"ALYBEB_EXP":2081.47,"TEXYPR_VA":696.13,"TEXYPR_EXP":246.03,"MADYPR_VA":316.71,"MADYPR_EXP":321.67,"PAPYPR_VA":148.45,"PAPYPR_EXP":5.2,"PETREF_VA":487.93,"PETREF_EXP":642.32,"QUIMYP_VA":132.45,"QUIMYP_EXP":190.84,"FARMED_VA":93.34,"FARMED_EXP":3.57,"HUPLAS_VA":158.96,"HUPLAS_EXP":158.19,"PRNOMT_VA":220.03,"PRNOMT_EXP":48.13,"METBAS_VA":18.46,"METBAS_EXP":20.9,"NONFER_VA":17.59,"NONFER_EXP":40.42,"PRMETA_VA":159.11,"PRMETA_EXP":26.96,"ELCTRO_VA":0.0,"ELCTRO_EXP":0.0,"ELCTRI_VA":1.17,"ELCTRI_EXP":0.41,"MAQYEQ_VA":65.69,"MAQYEQ_EXP":43.32,"AUTOMO_VA":21.85,"AUTOMO_EXP":7.59,"OTRTRA_VA":4.06,"OTRTRA_EXP":0.82,"TRANSP_VA":6.9,"TRANSP_EXP":0.37,"OTRMAN_VA":298.8,"OTRMAN_EXP":58.77,"ELEGAS_VA":412.22,"ELEGAS_EXP":130.29,"AGUBAS_VA":69.84,"AGUBAS_EXP":0.33,"CONSTR_VA":526.53,"CONSTR_EXP":9.23,"COMREV_VA":2945.47,"COMREV_EXP":896.07,"TRATIE_VA":518.14,"TRATIE_EXP":184.66,"TRAGUA_VA":47.9,"TRAGUA_EXP":104.82,"TRAAIR_VA":87.58,"TRAAIR_EXP":120.9,"ALMSTR_VA":398.95,"ALMSTR_EXP":129.37,"POSTME_VA":74.92,"POSTME_EXP":28.12,"HOTYRE_VA":137.78,"HOTYRE_EXP":44.0,"MMTVRA_VA":155.1,"MMTVRA_EXP":27.68,"TELECO_VA":289.14,"TELECO_EXP":54.64,"ITSERV_VA":290.77,"ITSERV_EXP":177.51,"SERFIN_VA":820.26,"SERFIN_EXP":46.94,"GOBEST_VA":1357.54,"GOBEST_EXP":14.81,"SPRSCT_VA":349.7,"SPRSCT_EXP":74.52,"SEAEMP_VA":681.49,"SEAEMP_EXP":5.39,"ADPDEF_VA":2098.79,"ADPDEF_EXP":0.02,"EDUCAC_VA":716.63,"EDUCAC_EXP":2.81,"SALUDH_VA":173.92,"SALUDH_EXP":1.78,"ESPARC_VA":38.82,"ESPARC_EXP":4.89,"OTRSER_VA":710.79,"OTRSER_EXP":2.38,"SERHOG_VA":56.39,"SERHOG_EXP":0.0}},{"type":"Feature","geometry":{"type":"Point","coordinates":[12.35,7.37]},"properties":{"id":"CMR","name":"Camerún","continent":"other","year":2008,"AGRPFO_VA":2873.03,"AGRPFO_EXP":910.73,"FORLOG_VA":1139.08,"FORLOG_EXP":229.08,"PESCAC_VA":431.29,"PESCAC_EXP":6.3,"MINCOL_VA":239.25,"MINCOL_EXP":9.5,"PETGAS_VA":1622.09,"PETGAS_EXP":2162.94,"MINORE_VA":24.99,"MINORE_EXP":0.24,"MINOTH_VA":109.47,"MINOTH_EXP":1.31,"MINSER_VA":154.75,"MINSER_EXP":85.12,"ALYBEB_VA":2094.54,"ALYBEB_EXP":133.19,"TEXYPR_VA":749.46,"TEXYPR_EXP":194.12,"MADYPR_VA":442.46,"MADYPR_EXP":374.75,"PAPYPR_VA":61.28,"PAPYPR_EXP":29.52,"PETREF_VA":355.41,"PETREF_EXP":474.43,"QUIMYP_VA":56.38,"QUIMYP_EXP":90.97,"FARMED_VA":25.03,"FARMED_EXP":0.46,"HUPLAS_VA":38.76,"HUPLAS_EXP":8.98,"PRNOMT_VA":102.36,"PRNOMT_EXP":67.68,"METBAS_VA":8.29,"METBAS_EXP":12.15,"NONFER_VA":42.57,"NONFER_EXP":133.74,"PRMETA_VA":13.88,"PRMETA_EXP":28.01,"ELCTRO_VA":8.34,"ELCTRO_EXP":5.29,"ELCTRI_VA":5.97,"ELCTRI_EXP":5.5,"MAQYEQ_VA":7.85,"MAQYEQ_EXP":7.87,"AUTOMO_VA":5.49,"AUTOMO_EXP":3.37,"OTRTRA_VA":0.98,"OTRTRA_EXP":1.38,"TRANSP_VA":1.51,"TRANSP_EXP":1.71,"OTRMAN_VA":159.73,"OTRMAN_EXP":21.15,"ELEGAS_VA":197.15,"ELEGAS_EXP":0.07,"AGUBAS_VA":193.71,"AGUBAS_EXP":0.27,"CONSTR_VA":1627.48,"CONSTR_EXP":0.93,"COMREV_VA":2798.61,"COMREV_EXP":486.12,"TRATIE_VA":1274.73,"TRATIE_EXP":181.65,"TRAGUA_VA":180.44,"TRAGUA_EXP":76.05,"TRAAIR_VA":179.26,"TRAAIR_EXP":88.32,"ALMSTR_VA":696.99,"ALMSTR_EXP":135.94,"POSTME_VA":280.38,"POSTME_EXP":31.05,"HOTYRE_VA":1383.43,"HOTYRE_EXP":37.6,"MMTVRA_VA":146.03,"MMTVRA_EXP":28.01,"TELECO_VA":245.48,"TELECO_EXP":21.77,"ITSERV_VA":289.75,"ITSERV_EXP":38.37,"SERFIN_VA":433.48,"SERFIN_EXP":73.81,"GOBEST_VA":1276.52,"GOBEST_EXP":13.41,"SPRSCT_VA":880.56,"SPRSCT_EXP":152.74,"SEAEMP_VA":376.84,"SEAEMP_EXP":367.89,"ADPDEF_VA":1255.23,"ADPDEF_EXP":1.02,"EDUCAC_VA":865.8,"EDUCAC_EXP":1.96,"SALUDH_VA":312.57,"SALUDH_EXP":1.61,"ESPARC_VA":247.91,"ESPARC_EXP":98.58,"OTRSER_VA":448.43,"OTRSER_EXP":2.35,"SERHOG_VA":18.71,"SERHOG_EXP":0.0}},{"type":"Feature","geometry":{"type":"Point","coordinates":[21.76,-4.04]},"properties":{"id":"COD","name":"R.D. Congo","continent":"other","year":2008,"AGRPFO_VA":3367.64,"AGRPFO_EXP":134.78,"FORLOG_VA":214.37,"FORLOG_EXP":253.2,"PESCAC_VA":291.48,"PESCAC_EXP":1.75,"MINCOL_VA":5.93,"MINCOL_EXP":6.57,"PETGAS_VA":472.16,"PETGAS_EXP":233.81,"MINORE_VA":2441.78,"MINORE_EXP":2727.47,"MINOTH_VA":335.5,"MINOTH_EXP":118.11,"MINSER_VA":68.46,"MINSER_EXP":2.32,"ALYBEB_VA":1695.42,"ALYBEB_EXP":227.72,"TEXYPR_VA":303.13,"TEXYPR_EXP":18.89,"MADYPR_VA":19.89,"MADYPR_EXP":29.65,"PAPYPR_VA":42.92,"PAPYPR_EXP":1.83,"PETREF_VA":12.16,"PETREF_EXP":39.99,"QUIMYP_VA":68.47,"QUIMYP_EXP":136.8,"FARMED_VA":5.15,"FARMED_EXP":3.32,"HUPLAS_VA":68.23,"HUPLAS_EXP":7.07,"PRNOMT_VA":103.99,"PRNOMT_EXP":15.81,"METBAS_VA":87.22,"METBAS_EXP":34.2,"NONFER_VA":583.91,"NONFER_EXP":1321.48,"PRMETA_VA":28.24,"PRMETA_EXP":7.76,"ELCTRO_VA":0.67,"ELCTRO_EXP":0.92,"ELCTRI_VA":66.78,"ELCTRI_EXP":3.91,"MAQYEQ_VA":2.54,"MAQYEQ_EXP":1.06,"AUTOMO_VA":163.47,"AUTOMO_EXP":7.37,"OTRTRA_VA":9.18,"OTRTRA_EXP":11.09,"TRANSP_VA":0.39,"TRANSP_EXP":0.28,"OTRMAN_VA":110.21,"OTRMAN_EXP":26.64,"ELEGAS_VA":32.32,"ELEGAS_EXP":4.02,"AGUBAS_VA":53.26,"AGUBAS_EXP":0.74,"CONSTR_VA":456.38,"CONSTR_EXP":1.62,"COMREV_VA":1616.49,"COMREV_EXP":399.78,"TRATIE_VA":1571.13,"TRATIE_EXP":836.86,"TRAGUA_VA":124.98,"TRAGUA_EXP":128.98,"TRAAIR_VA":63.76,"TRAAIR_EXP":36.73,"ALMSTR_VA":207.11,"ALMSTR_EXP":115.89,"POSTME_VA":66.88,"POSTME_EXP":3.88,"HOTYRE_VA":197.55,"HOTYRE_EXP":123.66,"MMTVRA_VA":143.07,"MMTVRA_EXP":75.39,"TELECO_VA":503.69,"TELECO_EXP":50.33,"ITSERV_VA":9.46,"ITSERV_EXP":8.15,"SERFIN_VA":299.15,"SERFIN_EXP":155.16,"GOBEST_VA":879.44,"GOBEST_EXP":8.7,"SPRSCT_VA":299.0,"SPRSCT_EXP":134.89,"SEAEMP_VA":203.43,"SEAEMP_EXP":27.49,"ADPDEF_VA":1147.27,"ADPDEF_EXP":1.03,"EDUCAC_VA":181.91,"EDUCAC_EXP":6.05,"SALUDH_VA":498.71,"SALUDH_EXP":7.69,"ESPARC_VA":70.73,"ESPARC_EXP":20.28,"OTRSER_VA":130.62,"OTRSER_EXP":7.16,"SERHOG_VA":56.28,"SERHOG_EXP":0.0}},{"type":"Feature","geometry":{"type":"Point","coordinates":[-74.3,4.57]},"properties":{"id":"COL","name":"Colombia","continent":"america","year":2008,"AGRPFO_VA":14806.02,"AGRPFO_EXP":1906.54,"FORLOG_VA":500.15,"FORLOG_EXP":8.27,"PESCAC_VA":432.43,"PESCAC_EXP":12.49,"MINCOL_VA":4201.1,"MINCOL_EXP":4766.73,"PETGAS_VA":12699.85,"PETGAS_EXP":8223.65,"MINORE_VA":1362.04,"MINORE_EXP":912.25,"MINOTH_VA":703.59,"MINOTH_EXP":100.3,"MINSER_VA":82.53,"MINSER_EXP":33.74,"ALYBEB_VA":11694.07,"ALYBEB_EXP":3654.82,"TEXYPR_VA":4610.79,"TEXYPR_EXP":2190.64,"MADYPR_VA":449.41,"MADYPR_EXP":58.56,"PAPYPR_VA":1830.24,"PAPYPR_EXP":513.12,"PETREF_VA":2452.0,"PETREF_EXP":2916.45,"QUIMYP_VA":3783.36,"QUIMYP_EXP":1909.25,"FARMED_VA":1106.23,"FARMED_EXP":282.47,"HUPLAS_VA":1255.09,"HUPLAS_EXP":661.57,"PRNOMT_VA":3734.18,"PRNOMT_EXP":545.79,"METBAS_VA":897.74,"METBAS_EXP":2197.47,"NONFER_VA":84.24,"NONFER_EXP":303.98,"PRMETA_VA":823.83,"PRMETA_EXP":350.97,"ELCTRO_VA":881.34,"ELCTRO_EXP":69.9,"ELCTRI_VA":768.92,"ELCTRI_EXP":545.4,"MAQYEQ_VA":1971.05,"MAQYEQ_EXP":578.77,"AUTOMO_VA":663.96,"AUTOMO_EXP":321.38,"OTRTRA_VA":1.43,"OTRTRA_EXP":2.84,"TRANSP_VA":117.17,"TRANSP_EXP":92.8,"OTRMAN_VA":2306.74,"OTRMAN_EXP":271.4,"ELEGAS_VA":4908.84,"ELEGAS_EXP":47.71,"AGUBAS_VA":2891.82,"AGUBAS_EXP":2.87,"CONSTR_VA":12640.21,"CONSTR_EXP":6.49,"COMREV_VA":18942.29,"COMREV_EXP":3309.04,"TRATIE_VA":8894.97,"TRATIE_EXP":914.75,"TRAGUA_VA":145.35,"TRAGUA_EXP":138.94,"TRAAIR_VA":1093.91,"TRAAIR_EXP":1118.66,"ALMSTR_VA":1654.05,"ALMSTR_EXP":298.3,"POSTME_VA":350.15,"POSTME_EXP":80.6,"HOTYRE_VA":8611.15,"HOTYRE_EXP":556.0,"MMTVRA_VA":869.71,"MMTVRA_EXP":159.83,"TELECO_VA":6180.44,"TELECO_EXP":278.49,"ITSERV_VA":1134.04,"ITSERV_EXP":64.3,"SERFIN_VA":10258.8,"SERFIN_EXP":180.65,"GOBEST_VA":17846.3,"GOBEST_EXP":91.67,"SPRSCT_VA":6534.16,"SPRSCT_EXP":359.09,"SEAEMP_VA":7957.94,"SEAEMP_EXP":394.28,"ADPDEF_VA":11695.26,"ADPDEF_EXP":89.38,"EDUCAC_VA":9619.68,"EDUCAC_EXP":25.07,"SALUDH_VA":10140.52,"SALUDH_EXP":21.01,"ESPARC_VA":5427.87,"ESPARC_EXP":90.06,"OTRSER_VA":3978.97,"OTRSER_EXP":28.03,"SERHOG_VA":1502.05,"SERHOG_EXP":0.0}},{"type":"Feature","geometry":{"type":"Point","coordinates":[-83.75,9.75]},"properties":{"id":"CRI","name":"Costa Rica","continent":"america","year":2008,"AGRPFO_VA":1836.96,"AGRPFO_EXP":1484.18,"FORLOG_VA":83.6,"FORLOG_EXP":22.09,"PESCAC_VA":25.12,"PESCAC_EXP":5.46,"MINCOL_VA":2.5,"MINCOL_EXP":0.65,"PETGAS_VA":0.44,"PETGAS_EXP":0.07,"MINORE_VA":0.17,"MINORE_EXP":0.05,"MINOTH_VA":149.98,"MINOTH_EXP":4.01,"MINSER_VA":0.15,"MINSER_EXP":0.03,"ALYBEB_VA":1580.47,"ALYBEB_EXP":1773.59,"TEXYPR_VA":202.25,"TEXYPR_EXP":139.06,"MADYPR_VA":35.48,"MADYPR_EXP":27.71,"PAPYPR_VA":255.88,"PAPYPR_EXP":156.31,"PETREF_VA":191.66,"PETREF_EXP":60.41,"QUIMYP_VA":264.72,"QUIMYP_EXP":254.98,"FARMED_VA":45.19,"FARMED_EXP":66.52,"HUPLAS_VA":192.25,"HUPLAS_EXP":398.9,"PRNOMT_VA":240.28,"PRNOMT_EXP":109.27,"METBAS_VA":43.67,"METBAS_EXP":110.55,"NONFER_VA":22.78,"NONFER_EXP":68.96,"PRMETA_VA":97.82,"PRMETA_EXP":82.56,"ELCTRO_VA":196.89,"ELCTRO_EXP":134.52,"ELCTRI_VA":175.89,"ELCTRI_EXP":307.8,"MAQYEQ_VA":4.87,"MAQYEQ_EXP":12.93,"AUTOMO_VA":24.3,"AUTOMO_EXP":5.74,"OTRTRA_VA":1.01,"OTRTRA_EXP":1.08,"TRANSP_VA":1.03,"TRANSP_EXP":0.56,"OTRMAN_VA":598.06,"OTRMAN_EXP":1003.54,"ELEGAS_VA":340.09,"ELEGAS_EXP":4.46,"AGUBAS_VA":218.31,"AGUBAS_EXP":0.28,"CONSTR_VA":1676.61,"CONSTR_EXP":1.04,"COMREV_VA":6394.57,"COMREV_EXP":1235.2,"TRATIE_VA":878.11,"TRATIE_EXP":381.5,"TRAGUA_VA":225.07,"TRAGUA_EXP":191.39,"TRAAIR_VA":45.74,"TRAAIR_EXP":93.9,"ALMSTR_VA":273.94,"ALMSTR_EXP":131.49,"POSTME_VA":60.16,"POSTME_EXP":10.97,"HOTYRE_VA":871.7,"HOTYRE_EXP":1100.52,"MMTVRA_VA":252.6,"MMTVRA_EXP":50.24,"TELECO_VA":511.03,"TELECO_EXP":255.53,"ITSERV_VA":235.68,"ITSERV_EXP":101.83,"SERFIN_VA":1276.09,"SERFIN_EXP":177.75,"GOBEST_VA":2154.97,"GOBEST_EXP":167.18,"SPRSCT_VA":1128.57,"SPRSCT_EXP":371.62,"SEAEMP_VA":1048.52,"SEAEMP_EXP":498.84,"ADPDEF_VA":907.49,"ADPDEF_EXP":12.33,"EDUCAC_VA":1565.89,"EDUCAC_EXP":70.4,"SALUDH_VA":1974.15,"SALUDH_EXP":67.94,"ESPARC_VA":145.78,"ESPARC_EXP":159.63,"OTRSER_VA":253.77,"OTRSER_EXP":59.52,"SERHOG_VA":281.0,"SERHOG_EXP":0.0}},{"type":"Feature","geometry":{"type":"Point","coordinates":[33.43,35.13]},"properties":{"id":"CYP","name":"Chipre","continent":"europe","year":2008,"AGRPFO_VA":540.92,"AGRPFO_EXP":72.2,"FORLOG_VA":2.28,"FORLOG_EXP":0.6,"PESCAC_VA":41.9,"PESCAC_EXP":14.23,"MINCOL_VA":0.0,"MINCOL_EXP":0.0,"PETGAS_VA":19.03,"PETGAS_EXP":0.17,"MINORE_VA":17.56,"MINORE_EXP":13.55,"MINOTH_VA":35.3,"MINOTH_EXP":16.01,"MINSER_VA":0.27,"MINSER_EXP":0.11,"ALYBEB_VA":465.18,"ALYBEB_EXP":180.15,"TEXYPR_VA":44.73,"TEXYPR_EXP":13.57,"MADYPR_VA":118.81,"MADYPR_EXP":26.92,"PAPYPR_VA":102.53,"PAPYPR_EXP":24.08,"PETREF_VA":0.64,"PETREF_EXP":0.12,"QUIMYP_VA":36.65,"QUIMYP_EXP":26.33,"FARMED_VA":68.41,"FARMED_EXP":67.37,"HUPLAS_VA":56.6,"HUPLAS_EXP":16.89,"PRNOMT_VA":278.05,"PRNOMT_EXP":8.42,"METBAS_VA":5.23,"METBAS_EXP":14.77,"NONFER_VA":30.52,"NONFER_EXP":55.4,"PRMETA_VA":180.52,"PRMETA_EXP":21.23,"ELCTRO_VA":18.03,"ELCTRO_EXP":10.07,"ELCTRI_VA":18.46,"ELCTRI_EXP":6.08,"MAQYEQ_VA":39.82,"MAQYEQ_EXP":31.7,"AUTOMO_VA":9.5,"AUTOMO_EXP":8.1,"OTRTRA_VA":1.18,"OTRTRA_EXP":0.16,"TRANSP_VA":1.97,"TRANSP_EXP":0.38,"OTRMAN_VA":91.28,"OTRMAN_EXP":34.07,"ELEGAS_VA":342.26,"ELEGAS_EXP":0.43,"AGUBAS_VA":158.57,"AGUBAS_EXP":0.41,"CONSTR_VA":3057.33,"CONSTR_EXP":12.18,"COMREV_VA":2960.19,"COMREV_EXP":368.89,"TRATIE_VA":196.46,"TRATIE_EXP":136.87,"TRAGUA_VA":757.2,"TRAGUA_EXP":689.25,"TRAAIR_VA":109.99,"TRAAIR_EXP":657.64,"ALMSTR_VA":550.15,"ALMSTR_EXP":1047.82,"POSTME_VA":29.98,"POSTME_EXP":60.17,"HOTYRE_VA":1435.22,"HOTYRE_EXP":1020.97,"MMTVRA_VA":189.01,"MMTVRA_EXP":161.09,"TELECO_VA":485.55,"TELECO_EXP":269.83,"ITSERV_VA":197.91,"ITSERV_EXP":436.97,"SERFIN_VA":2052.72,"SERFIN_EXP":1928.5,"GOBEST_VA":2112.36,"GOBEST_EXP":297.86,"SPRSCT_VA":1717.86,"SPRSCT_EXP":2124.72,"SEAEMP_VA":379.99,"SEAEMP_EXP":333.08,"ADPDEF_VA":2598.41,"ADPDEF_EXP":1.6,"EDUCAC_VA":1437.67,"EDUCAC_EXP":47.62,"SALUDH_VA":874.95,"SALUDH_EXP":39.94,"ESPARC_VA":352.2,"ESPARC_EXP":141.83,"OTRSER_VA":518.61,"OTRSER_EXP":51.74,"SERHOG_VA":242.82,"SERHOG_EXP":0.0}},{"type":"Feature","geometry":{"type":"Point","coordinates":[15.47,49.82]},"properties":{"id":"CZE","name":"Chequia","continent":"europe","year":2008,"AGRPFO_VA":3693.89,"AGRPFO_EXP":1545.75,"FORLOG_VA":1153.55,"FORLOG_EXP":131.04,"PESCAC_VA":28.75,"PESCAC_EXP":19.18,"MINCOL_VA":2273.77,"MINCOL_EXP":433.45,"PETGAS_VA":160.99,"PETGAS_EXP":93.31,"MINORE_VA":75.84,"MINORE_EXP":7.25,"MINOTH_VA":472.28,"MINOTH_EXP":77.18,"MINSER_VA":106.8,"MINSER_EXP":41.96,"ALYBEB_VA":4906.17,"ALYBEB_EXP":4118.73,"TEXYPR_VA":1684.17,"TEXYPR_EXP":1198.2,"MADYPR_VA":1647.52,"MADYPR_EXP":481.37,"PAPYPR_VA":1903.32,"PAPYPR_EXP":755.63,"PETREF_VA":1453.91,"PETREF_EXP":583.54,"QUIMYP_VA":1950.16,"QUIMYP_EXP":5242.33,"FARMED_VA":842.59,"FARMED_EXP":524.59,"HUPLAS_VA":3974.57,"HUPLAS_EXP":5797.36,"PRNOMT_VA":3282.86,"PRNOMT_EXP":3166.6,"METBAS_VA":2585.32,"METBAS_EXP":5990.44,"NONFER_VA":447.91,"NONFER_EXP":1392.95,"PRMETA_VA":5625.46,"PRMETA_EXP":7970.37,"ELCTRO_VA":2903.87,"ELCTRO_EXP":12850.47,"ELCTRI_VA":3351.84,"ELCTRI_EXP":8603.79,"MAQYEQ_VA":5334.33,"MAQYEQ_EXP":12276.34,"AUTOMO_VA":9001.75,"AUTOMO_EXP":24935.53,"OTRTRA_VA":26.04,"OTRTRA_EXP":21.02,"TRANSP_VA":877.07,"TRANSP_EXP":1157.28,"OTRMAN_VA":4313.81,"OTRMAN_EXP":1816.86,"ELEGAS_VA":9434.98,"ELEGAS_EXP":735.63,"AGUBAS_VA":2424.99,"AGUBAS_EXP":65.91,"CONSTR_VA":14246.94,"CONSTR_EXP":271.59,"COMREV_VA":24498.02,"COMREV_EXP":10321.03,"TRATIE_VA":8983.17,"TRATIE_EXP":5934.59,"TRAGUA_VA":213.98,"TRAGUA_EXP":57.46,"TRAAIR_VA":610.1,"TRAAIR_EXP":1331.7,"ALMSTR_VA":4468.59,"ALMSTR_EXP":1738.11,"POSTME_VA":1011.84,"POSTME_EXP":63.98,"HOTYRE_VA":5894.72,"HOTYRE_EXP":2447.13,"MMTVRA_VA":2028.76,"MMTVRA_EXP":818.86,"TELECO_VA":4644.45,"TELECO_EXP":703.92,"ITSERV_VA":4234.88,"ITSERV_EXP":1310.27,"SERFIN_VA":8806.39,"SERFIN_EXP":939.29,"GOBEST_VA":18313.41,"GOBEST_EXP":437.5,"SPRSCT_VA":10655.52,"SPRSCT_EXP":4279.93,"SEAEMP_VA":4538.56,"SEAEMP_EXP":823.66,"ADPDEF_VA":14095.64,"ADPDEF_EXP":119.98,"EDUCAC_VA":8680.04,"EDUCAC_EXP":309.99,"SALUDH_VA":8329.63,"SALUDH_EXP":169.27,"ESPARC_VA":2428.36,"ESPARC_EXP":901.67,"OTRSER_VA":2114.1,"OTRSER_EXP":316.56,"SERHOG_VA":125.85,"SERHOG_EXP":0.0}},{"type":"Feature","geometry":{"type":"Point","coordinates":[10.45,51.17]},"properties":{"id":"DEU","name":"Alemania","continent":"europe","year":2008,"AGRPFO_VA":29197.12,"AGRPFO_EXP":7007.97,"FORLOG_VA":3646.92,"FORLOG_EXP":674.88,"PESCAC_VA":370.54,"PESCAC_EXP":100.78,"MINCOL_VA":3661.28,"MINCOL_EXP":227.55,"PETGAS_VA":2319.11,"PETGAS_EXP":1005.68,"MINORE_VA":0.0,"MINORE_EXP":0.0,"MINOTH_VA":3233.44,"MINOTH_EXP":1545.09,"MINSER_VA":363.22,"MINSER_EXP":595.6,"ALYBEB_VA":55623.87,"ALYBEB_EXP":41521.4,"TEXYPR_VA":11668.46,"TEXYPR_EXP":13130.41,"MADYPR_VA":9269.83,"MADYPR_EXP":6749.85,"PAPYPR_VA":29017.87,"PAPYPR_EXP":21293.21,"PETREF_VA":10515.69,"PETREF_EXP":25747.34,"QUIMYP_VA":57368.52,"QUIMYP_EXP":100747.12,"FARMED_VA":32048.76,"FARMED_EXP":34340.13,"HUPLAS_VA":36793.55,"HUPLAS_EXP":28986.25,"PRNOMT_VA":22929.12,"PRNOMT_EXP":12229.84,"METBAS_VA":29117.32,"METBAS_EXP":36925.22,"NONFER_VA":13739.63,"NONFER_EXP":24578.27,"PRMETA_VA":70077.6,"PRMETA_EXP":40827.65,"ELCTRO_VA":48701.62,"ELCTRO_EXP":82467.25,"ELCTRI_VA":54625.71,"ELCTRI_EXP":70129.11,"MAQYEQ_VA":127415.86,"MAQYEQ_EXP":151295.16,"AUTOMO_VA":115498.09,"AUTOMO_EXP":195223.75,"OTRTRA_VA":2247.45,"OTRTRA_EXP":3965.44,"TRANSP_VA":11671.83,"TRANSP_EXP":17137.35,"OTRMAN_VA":49274.96,"OTRMAN_EXP":27738.66,"ELEGAS_VA":65572.69,"ELEGAS_EXP":6676.51,"AGUBAS_VA":35341.57,"AGUBAS_EXP":176.78,"CONSTR_VA":134160.6,"CONSTR_EXP":2341.55,"COMREV_VA":360194.12,"COMREV_EXP":145072.12,"TRATIE_VA":63109.41,"TRATIE_EXP":25381.51,"TRAGUA_VA":14611.59,"TRAGUA_EXP":35480.3,"TRAAIR_VA":9910.5,"TRAAIR_EXP":24140.65,"ALMSTR_VA":63422.98,"ALMSTR_EXP":13791.7,"POSTME_VA":20433.88,"POSTME_EXP":1082.04,"HOTYRE_VA":51101.41,"HOTYRE_EXP":8095.95,"MMTVRA_VA":39308.68,"MMTVRA_EXP":11495.22,"TELECO_VA":50044.04,"TELECO_EXP":4549.92,"ITSERV_VA":72034.56,"ITSERV_EXP":18847.6,"SERFIN_VA":147236.09,"SERFIN_EXP":39134.04,"GOBEST_VA":393439.29,"GOBEST_EXP":11337.19,"SPRSCT_VA":234857.14,"SPRSCT_EXP":49782.37,"SEAEMP_VA":153636.58,"SEAEMP_EXP":14819.82,"ADPDEF_VA":203743.07,"ADPDEF_EXP":0.0,"EDUCAC_VA":149140.45,"EDUCAC_EXP":543.75,"SALUDH_VA":239531.97,"SALUDH_EXP":456.7,"ESPARC_VA":40195.2,"ESPARC_EXP":1954.88,"OTRSER_VA":91956.76,"OTRSER_EXP":636.14,"SERHOG_VA":8979.3,"SERHOG_EXP":0.0}},{"type":"Feature","geometry":{"type":"Point","coordinates":[9.5,56.26]},"properties":{"id":"DNK","name":"Dinamarca","continent":"europe","year":2008,"AGRPFO_VA":2971.97,"AGRPFO_EXP":3295.73,"FORLOG_VA":177.11,"FORLOG_EXP":85.51,"PESCAC_VA":446.54,"PESCAC_EXP":462.79,"MINCOL_VA":0.0,"MINCOL_EXP":0.0,"PETGAS_VA":12638.86,"PETGAS_EXP":5764.35,"MINORE_VA":0.0,"MINORE_EXP":0.0,"MINOTH_VA":225.48,"MINOTH_EXP":190.73,"MINSER_VA":171.47,"MINSER_EXP":72.92,"ALYBEB_VA":6709.91,"ALYBEB_EXP":12374.25,"TEXYPR_VA":693.38,"TEXYPR_EXP":793.07,"MADYPR_VA":1098.94,"MADYPR_EXP":814.12,"PAPYPR_VA":1846.66,"PAPYPR_EXP":774.97,"PETREF_VA":537.29,"PETREF_EXP":2531.78,"QUIMYP_VA":2126.1,"QUIMYP_EXP":4223.34,"FARMED_VA":4712.74,"FARMED_EXP":6252.42,"HUPLAS_VA":2076.79,"HUPLAS_EXP":2238.41,"PRNOMT_VA":2079.4,"PRNOMT_EXP":1331.02,"METBAS_VA":499.4,"METBAS_EXP":833.83,"NONFER_VA":215.59,"NONFER_EXP":234.24,"PRMETA_VA":4023.43,"PRMETA_EXP":2948.66,"ELCTRO_VA":2933.3,"ELCTRO_EXP":4238.5,"ELCTRI_VA":1665.02,"ELCTRI_EXP":2567.84,"MAQYEQ_VA":8403.44,"MAQYEQ_EXP":13648.76,"AUTOMO_VA":639.98,"AUTOMO_EXP":876.74,"OTRTRA_VA":314.5,"OTRTRA_EXP":483.04,"TRANSP_VA":132.43,"TRANSP_EXP":216.41,"OTRMAN_VA":4024.58,"OTRMAN_EXP":4902.86,"ELEGAS_VA":4615.34,"ELEGAS_EXP":1871.03,"AGUBAS_VA":2477.19,"AGUBAS_EXP":90.35,"CONSTR_VA":19513.24,"CONSTR_EXP":1006.55,"COMREV_VA":40112.01,"COMREV_EXP":17664.01,"TRATIE_VA":7341.3,"TRATIE_EXP":6579.11,"TRAGUA_VA":4225.51,"TRAGUA_EXP":32415.65,"TRAAIR_VA":368.58,"TRAAIR_EXP":3253.58,"ALMSTR_VA":4623.58,"ALMSTR_EXP":3844.32,"POSTME_VA":2071.26,"POSTME_EXP":711.56,"HOTYRE_VA":4797.84,"HOTYRE_EXP":1488.26,"MMTVRA_VA":4151.04,"MMTVRA_EXP":1258.5,"TELECO_VA":4387.52,"TELECO_EXP":1341.06,"ITSERV_VA":5880.72,"ITSERV_EXP":2862.85,"SERFIN_VA":18043.56,"SERFIN_EXP":2505.2,"GOBEST_VA":28593.67,"GOBEST_EXP":429.52,"SPRSCT_VA":17969.51,"SPRSCT_EXP":7429.34,"SEAEMP_VA":8843.43,"SEAEMP_EXP":4176.76,"ADPDEF_VA":17654.68,"ADPDEF_EXP":111.83,"EDUCAC_VA":18390.81,"EDUCAC_EXP":711.0,"SALUDH_VA":32412.03,"SALUDH_EXP":132.0,"ESPARC_VA":4825.71,"ESPARC_EXP":506.89,"OTRSER_VA":4884.73,"OTRSER_EXP":95.03,"SERHOG_VA":733.71,"SERHOG_EXP":0.0}},{"type":"Feature","geometry":{"type":"Point","coordinates":[30.8,26.82]},"properties":{"id":"EGY","name":"Egipto","continent":"other","year":2008,"AGRPFO_VA":17268.46,"AGRPFO_EXP":2286.66,"FORLOG_VA":2.63,"FORLOG_EXP":0.98,"PESCAC_VA":1642.95,"PESCAC_EXP":14.94,"MINCOL_VA":177.3,"MINCOL_EXP":36.25,"PETGAS_VA":21884.46,"PETGAS_EXP":9894.16,"MINORE_VA":234.35,"MINORE_EXP":4.73,"MINOTH_VA":1094.8,"MINOTH_EXP":656.41,"MINSER_VA":438.09,"MINSER_EXP":31.25,"ALYBEB_VA":5862.37,"ALYBEB_EXP":2015.29,"TEXYPR_VA":2353.95,"TEXYPR_EXP":1918.39,"MADYPR_VA":993.42,"MADYPR_EXP":45.83,"PAPYPR_VA":1478.26,"PAPYPR_EXP":350.74,"PETREF_VA":3563.69,"PETREF_EXP":3702.76,"QUIMYP_VA":3525.98,"QUIMYP_EXP":2290.73,"FARMED_VA":851.83,"FARMED_EXP":143.62,"HUPLAS_VA":436.22,"HUPLAS_EXP":458.0,"PRNOMT_VA":2627.96,"PRNOMT_EXP":796.6,"METBAS_VA":1239.34,"METBAS_EXP":446.16,"NONFER_VA":1349.05,"NONFER_EXP":310.54,"PRMETA_VA":1103.94,"PRMETA_EXP":238.39,"ELCTRO_VA":167.45,"ELCTRO_EXP":124.62,"ELCTRI_VA":805.61,"ELCTRI_EXP":690.54,"MAQYEQ_VA":183.9,"MAQYEQ_EXP":207.07,"AUTOMO_VA":448.95,"AUTOMO_EXP":112.05,"OTRTRA_VA":21.79,"OTRTRA_EXP":0.93,"TRANSP_VA":64.01,"TRANSP_EXP":1.15,"OTRMAN_VA":1484.84,"OTRMAN_EXP":416.29,"ELEGAS_VA":1869.74,"ELEGAS_EXP":141.53,"AGUBAS_VA":918.71,"AGUBAS_EXP":18.79,"CONSTR_VA":8108.16,"CONSTR_EXP":13.14,"COMREV_VA":15895.31,"COMREV_EXP":2356.33,"TRATIE_VA":4612.55,"TRATIE_EXP":3562.41,"TRAGUA_VA":4270.85,"TRAGUA_EXP":4875.68,"TRAAIR_VA":1598.8,"TRAAIR_EXP":1513.4,"ALMSTR_VA":4694.08,"ALMSTR_EXP":3254.11,"POSTME_VA":121.57,"POSTME_EXP":142.39,"HOTYRE_VA":5439.02,"HOTYRE_EXP":5534.84,"MMTVRA_VA":681.02,"MMTVRA_EXP":263.46,"TELECO_VA":4196.8,"TELECO_EXP":380.84,"ITSERV_VA":499.58,"ITSERV_EXP":164.28,"SERFIN_VA":8193.63,"SERFIN_EXP":440.15,"GOBEST_VA":12380.59,"GOBEST_EXP":618.94,"SPRSCT_VA":3813.7,"SPRSCT_EXP":549.82,"SEAEMP_VA":2371.65,"SEAEMP_EXP":810.93,"ADPDEF_VA":7197.44,"ADPDEF_EXP":499.46,"EDUCAC_VA":7120.06,"EDUCAC_EXP":458.11,"SALUDH_VA":3477.84,"SALUDH_EXP":112.14,"ESPARC_VA":1670.21,"ESPARC_EXP":221.25,"OTRSER_VA":2730.49,"OTRSER_EXP":190.73,"SERHOG_VA":117.71,"SERHOG_EXP":0.0}},{"type":"Feature","geometry":{"type":"Point","coordinates":[-3.75,40.46]},"properties":{"id":"ESP","name":"España","continent":"europe","year":2008,"AGRPFO_VA":35236.85,"AGRPFO_EXP":11672.99,"FORLOG_VA":2193.31,"FORLOG_EXP":188.54,"PESCAC_VA":1632.76,"PESCAC_EXP":323.37,"MINCOL_VA":813.52,"MINCOL_EXP":83.11,"PETGAS_VA":80.45,"PETGAS_EXP":54.85,"MINORE_VA":27.35,"MINORE_EXP":90.55,"MINOTH_VA":4085.58,"MINOTH_EXP":694.99,"MINSER_VA":67.99,"MINSER_EXP":145.66,"ALYBEB_VA":35889.78,"ALYBEB_EXP":20977.03,"TEXYPR_VA":13277.91,"TEXYPR_EXP":10096.07,"MADYPR_VA":4502.76,"MADYPR_EXP":1743.74,"PAPYPR_VA":11392.27,"PAPYPR_EXP":5235.33,"PETREF_VA":2987.16,"PETREF_EXP":17540.65,"QUIMYP_VA":13127.77,"QUIMYP_EXP":20590.55,"FARMED_VA":10492.23,"FARMED_EXP":9003.94,"HUPLAS_VA":9008.31,"HUPLAS_EXP":7538.0,"PRNOMT_VA":15126.62,"PRNOMT_EXP":6480.2,"METBAS_VA":5381.62,"METBAS_EXP":11987.11,"NONFER_VA":2069.2,"NONFER_EXP":4936.72,"PRMETA_VA":22384.03,"PRMETA_EXP":10655.74,"ELCTRO_VA":4122.62,"ELCTRO_EXP":6333.23,"ELCTRI_VA":8912.94,"ELCTRI_EXP":10550.77,"MAQYEQ_VA":11154.13,"MAQYEQ_EXP":14096.53,"AUTOMO_VA":16927.55,"AUTOMO_EXP":42674.45,"OTRTRA_VA":1744.68,"OTRTRA_EXP":535.77,"TRANSP_VA":4807.21,"TRANSP_EXP":4871.16,"OTRMAN_VA":17513.29,"OTRMAN_EXP":7217.76,"ELEGAS_VA":33970.35,"ELEGAS_EXP":1482.97,"AGUBAS_VA":12967.57,"AGUBAS_EXP":205.98,"CONSTR_VA":177941.12,"CONSTR_EXP":450.8,"COMREV_VA":181852.63,"COMREV_EXP":46996.23,"TRATIE_VA":37177.81,"TRATIE_EXP":15460.95,"TRAGUA_VA":1189.58,"TRAGUA_EXP":1663.63,"TRAAIR_VA":3228.05,"TRAAIR_EXP":11436.01,"ALMSTR_VA":21175.66,"ALMSTR_EXP":9702.29,"POSTME_VA":3968.96,"POSTME_EXP":296.03,"HOTYRE_VA":93470.51,"HOTYRE_EXP":15652.2,"MMTVRA_VA":13181.3,"MMTVRA_EXP":3607.38,"TELECO_VA":29030.66,"TELECO_EXP":3354.38,"ITSERV_VA":19281.09,"ITSERV_EXP":5614.07,"SERFIN_VA":77890.28,"SERFIN_EXP":10042.17,"GOBEST_VA":145928.86,"GOBEST_EXP":3084.64,"SPRSCT_VA":63135.15,"SPRSCT_EXP":14694.15,"SEAEMP_VA":51802.82,"SEAEMP_EXP":11787.24,"ADPDEF_VA":89916.18,"ADPDEF_EXP":1629.81,"EDUCAC_VA":76279.46,"EDUCAC_EXP":1251.86,"SALUDH_VA":88788.84,"SALUDH_EXP":1073.09,"ESPARC_VA":27093.3,"ESPARC_EXP":4079.04,"OTRSER_VA":21333.06,"OTRSER_EXP":1177.29,"SERHOG_VA":14341.46,"SERHOG_EXP":0.0}},{"type":"Feature","geometry":{"type":"Point","coordinates":[25.01,58.6]},"properties":{"id":"EST","name":"Estonia","continent":"europe","year":2008,"AGRPFO_VA":350.56,"AGRPFO_EXP":160.62,"FORLOG_VA":468.45,"FORLOG_EXP":147.61,"PESCAC_VA":48.23,"PESCAC_EXP":34.94,"MINCOL_VA":15.91,"MINCOL_EXP":0.61,"PETGAS_VA":155.38,"PETGAS_EXP":63.76,"MINORE_VA":0.0,"MINORE_EXP":0.0,"MINOTH_VA":64.79,"MINOTH_EXP":11.15,"MINSER_VA":0.9,"MINSER_EXP":0.19,"ALYBEB_VA":461.57,"ALYBEB_EXP":616.93,"TEXYPR_VA":262.24,"TEXYPR_EXP":440.42,"MADYPR_VA":409.53,"MADYPR_EXP":836.57,"PAPYPR_VA":177.98,"PAPYPR_EXP":252.07,"PETREF_VA":127.79,"PETREF_EXP":150.7,"QUIMYP_VA":196.81,"QUIMYP_EXP":477.97,"FARMED_VA":14.72,"FARMED_EXP":36.14,"HUPLAS_VA":119.66,"HUPLAS_EXP":274.47,"PRNOMT_VA":247.9,"PRNOMT_EXP":234.04,"METBAS_VA":1.06,"METBAS_EXP":3.18,"NONFER_VA":19.87,"NONFER_EXP":48.3,"PRMETA_VA":395.48,"PRMETA_EXP":603.8,"ELCTRO_VA":207.39,"ELCTRO_EXP":550.28,"ELCTRI_VA":186.25,"ELCTRI_EXP":516.9,"MAQYEQ_VA":147.17,"MAQYEQ_EXP":269.64,"AUTOMO_VA":119.59,"AUTOMO_EXP":212.06,"OTRTRA_VA":23.18,"OTRTRA_EXP":30.41,"TRANSP_VA":0.67,"TRANSP_EXP":0.27,"OTRMAN_VA":393.34,"OTRMAN_EXP":530.41,"ELEGAS_VA":561.26,"ELEGAS_EXP":182.95,"AGUBAS_VA":229.84,"AGUBAS_EXP":6.44,"CONSTR_VA":2171.82,"CONSTR_EXP":59.27,"COMREV_VA":2839.27,"COMREV_EXP":1198.73,"TRATIE_VA":971.64,"TRATIE_EXP":763.45,"TRAGUA_VA":196.1,"TRAGUA_EXP":539.28,"TRAAIR_VA":27.56,"TRAAIR_EXP":156.27,"ALMSTR_VA":685.07,"ALMSTR_EXP":1491.82,"POSTME_VA":79.91,"POSTME_EXP":75.26,"HOTYRE_VA":396.83,"HOTYRE_EXP":356.82,"MMTVRA_VA":199.2,"MMTVRA_EXP":78.6,"TELECO_VA":526.51,"TELECO_EXP":167.67,"ITSERV_VA":366.59,"ITSERV_EXP":222.02,"SERFIN_VA":1173.66,"SERFIN_EXP":382.68,"GOBEST_VA":2018.32,"GOBEST_EXP":79.99,"SPRSCT_VA":1083.87,"SPRSCT_EXP":484.42,"SEAEMP_VA":708.93,"SEAEMP_EXP":369.58,"ADPDEF_VA":1400.8,"ADPDEF_EXP":22.84,"EDUCAC_VA":1057.18,"EDUCAC_EXP":28.8,"SALUDH_VA":764.55,"SALUDH_EXP":18.9,"ESPARC_VA":338.93,"ESPARC_EXP":58.93,"OTRSER_VA":185.71,"OTRSER_EXP":22.15,"SERHOG_VA":8.33,"SERHOG_EXP":0.0}},{"type":"Feature","geometry":{"type":"Point","coordinates":[25.75,61.92]},"properties":{"id":"FIN","name":"Finlandia","continent":"europe","year":2008,"AGRPFO_VA":2136.79,"AGRPFO_EXP":582.91,"FORLOG_VA":4343.63,"FORLOG_EXP":103.39,"PESCAC_VA":162.01,"PESCAC_EXP":15.79,"MINCOL_VA":215.22,"MINCOL_EXP":12.4,"PETGAS_VA":0.0,"PETGAS_EXP":0.0,"MINORE_VA":201.14,"MINORE_EXP":263.56,"MINOTH_VA":844.03,"MINOTH_EXP":213.73,"MINSER_VA":8.22,"MINSER_EXP":21.61,"ALYBEB_VA":3806.3,"ALYBEB_EXP":1722.79,"TEXYPR_VA":861.46,"TEXYPR_EXP":970.47,"MADYPR_VA":2030.34,"MADYPR_EXP":3253.12,"PAPYPR_VA":6358.37,"PAPYPR_EXP":13577.71,"PETREF_VA":2815.57,"PETREF_EXP":6440.09,"QUIMYP_VA":2791.43,"QUIMYP_EXP":5802.91,"FARMED_VA":1290.29,"FARMED_EXP":1101.48,"HUPLAS_VA":1846.7,"HUPLAS_EXP":2029.09,"PRNOMT_VA":2023.61,"PRNOMT_EXP":1078.09,"METBAS_VA":2004.91,"METBAS_EXP":5987.82,"NONFER_VA":1593.85,"NONFER_EXP":2939.35,"PRMETA_VA":5063.54,"PRMETA_EXP":2600.79,"ELCTRO_VA":15905.84,"ELCTRO_EXP":18700.02,"ELCTRI_VA":2809.58,"ELCTRI_EXP":5062.88,"MAQYEQ_VA":7463.25,"MAQYEQ_EXP":14805.45,"AUTOMO_VA":852.06,"AUTOMO_EXP":1554.68,"OTRTRA_VA":682.69,"OTRTRA_EXP":948.3,"TRANSP_VA":232.47,"TRANSP_EXP":555.6,"OTRMAN_VA":3472.29,"OTRMAN_EXP":1296.29,"ELEGAS_VA":5102.13,"ELEGAS_EXP":170.85,"AGUBAS_VA":1871.45,"AGUBAS_EXP":24.85,"CONSTR_VA":18168.18,"CONSTR_EXP":10.73,"COMREV_VA":25424.98,"COMREV_EXP":10970.79,"TRATIE_VA":7689.54,"TRATIE_EXP":1242.0,"TRAGUA_VA":1250.63,"TRAGUA_EXP":2815.56,"TRAAIR_VA":917.33,"TRAAIR_EXP":1740.46,"ALMSTR_VA":3178.97,"ALMSTR_EXP":755.25,"POSTME_VA":1436.45,"POSTME_EXP":308.19,"HOTYRE_VA":4144.09,"HOTYRE_EXP":795.6,"MMTVRA_VA":3375.97,"MMTVRA_EXP":1124.15,"TELECO_VA":3338.96,"TELECO_EXP":170.99,"ITSERV_VA":5664.52,"ITSERV_EXP":3402.72,"SERFIN_VA":7536.36,"SERFIN_EXP":968.17,"GOBEST_VA":26238.85,"GOBEST_EXP":262.2,"SPRSCT_VA":11520.14,"SPRSCT_EXP":4615.77,"SEAEMP_VA":8031.29,"SEAEMP_EXP":1342.31,"ADPDEF_VA":15013.18,"ADPDEF_EXP":83.9,"EDUCAC_VA":12993.91,"EDUCAC_EXP":82.59,"SALUDH_VA":21189.21,"SALUDH_EXP":63.62,"ESPARC_VA":3056.32,"ESPARC_EXP":131.93,"OTRSER_VA":3948.13,"OTRSER_EXP":91.49,"SERHOG_VA":217.53,"SERHOG_EXP":0.0}},{"type":"Feature","geometry":{"type":"Point","coordinates":[2.21,46.23]},"properties":{"id":"FRA","name":"Francia","continent":"europe","year":2008,"AGRPFO_VA":40253.56,"AGRPFO_EXP":16561.77,"FORLOG_VA":4042.02,"FORLOG_EXP":424.79,"PESCAC_VA":1476.74,"PESCAC_EXP":663.03,"MINCOL_VA":8.32,"MINCOL_EXP":5.02,"PETGAS_VA":339.06,"PETGAS_EXP":331.2,"MINORE_VA":17.96,"MINORE_EXP":20.97,"MINOTH_VA":3632.65,"MINOTH_EXP":712.78,"MINSER_VA":54.13,"MINSER_EXP":70.56,"ALYBEB_VA":54571.23,"ALYBEB_EXP":38398.4,"TEXYPR_VA":10226.52,"TEXYPR_EXP":12840.7,"MADYPR_VA":5919.75,"MADYPR_EXP":2345.83,"PAPYPR_VA":15288.18,"PAPYPR_EXP":8419.7,"PETREF_VA":5689.0,"PETREF_EXP":21301.54,"QUIMYP_VA":20351.19,"QUIMYP_EXP":56517.88,"FARMED_VA":18455.92,"FARMED_EXP":20566.04,"HUPLAS_VA":18200.72,"HUPLAS_EXP":13632.19,"PRNOMT_VA":14171.35,"PRNOMT_EXP":5356.83,"METBAS_VA":10141.54,"METBAS_EXP":20552.65,"NONFER_VA":4111.83,"NONFER_EXP":10169.24,"PRMETA_VA":32947.24,"PRMETA_EXP":12567.57,"ELCTRO_VA":15795.18,"ELCTRO_EXP":29332.82,"ELCTRI_VA":12965.81,"ELCTRI_EXP":20863.62,"MAQYEQ_VA":23830.17,"MAQYEQ_EXP":46328.94,"AUTOMO_VA":23218.59,"AUTOMO_EXP":55444.43,"OTRTRA_VA":2024.05,"OTRTRA_EXP":3191.24,"TRANSP_VA":17476.94,"TRANSP_EXP":25720.27,"OTRMAN_VA":43363.66,"OTRMAN_EXP":16222.66,"ELEGAS_VA":36797.27,"ELEGAS_EXP":5267.91,"AGUBAS_VA":18615.67,"AGUBAS_EXP":18.97,"CONSTR_VA":174117.03,"CONSTR_EXP":32.76,"COMREV_VA":299492.95,"COMREV_EXP":102991.15,"TRATIE_VA":56603.59,"TRATIE_EXP":19365.28,"TRAGUA_VA":4226.4,"TRAGUA_EXP":16046.62,"TRAAIR_VA":7051.38,"TRAAIR_EXP":24485.5,"ALMSTR_VA":45417.56,"ALMSTR_EXP":7465.58,"POSTME_VA":13593.3,"POSTME_EXP":1443.92,"HOTYRE_VA":56290.48,"HOTYRE_EXP":26367.4,"MMTVRA_VA":31446.99,"MMTVRA_EXP":6965.54,"TELECO_VA":47835.47,"TELECO_EXP":6703.52,"ITSERV_VA":66888.6,"ITSERV_EXP":2853.91,"SERFIN_VA":97744.64,"SERFIN_EXP":14102.09,"GOBEST_VA":377472.8,"GOBEST_EXP":4543.66,"SPRSCT_VA":210529.88,"SPRSCT_EXP":30900.07,"SEAEMP_VA":152264.0,"SEAEMP_EXP":25977.16,"ADPDEF_VA":205127.98,"ADPDEF_EXP":1680.41,"EDUCAC_VA":138198.71,"EDUCAC_EXP":1613.26,"SALUDH_VA":213343.71,"SALUDH_EXP":2081.49,"ESPARC_VA":34075.06,"ESPARC_EXP":4905.12,"OTRSER_VA":40999.97,"OTRSER_EXP":1258.43,"SERHOG_VA":5780.38,"SERHOG_EXP":0.0}},{"type":"Feature","geometry":{"type":"Point","coordinates":[-3.44,55.38]},"properties":{"id":"GBR","name":"Reino Unido","continent":"europe","year":2008,"AGRPFO_VA":18979.37,"AGRPFO_EXP":2413.89,"FORLOG_VA":831.76,"FORLOG_EXP":96.05,"PESCAC_VA":1048.93,"PESCAC_EXP":577.72,"MINCOL_VA":328.78,"MINCOL_EXP":182.4,"PETGAS_VA":46621.81,"PETGAS_EXP":30869.14,"MINORE_VA":0.0,"MINORE_EXP":0.0,"MINOTH_VA":2869.03,"MINOTH_EXP":4083.98,"MINSER_VA":5036.32,"MINSER_EXP":1039.0,"ALYBEB_VA":48749.61,"ALYBEB_EXP":20036.32,"TEXYPR_VA":7211.17,"TEXYPR_EXP":6130.47,"MADYPR_VA":4789.31,"MADYPR_EXP":755.92,"PAPYPR_VA":17234.24,"PAPYPR_EXP":4423.35,"PETREF_VA":4228.29,"PETREF_EXP":22032.17,"QUIMYP_VA":15098.0,"QUIMYP_EXP":31459.53,"FARMED_VA":25714.81,"FARMED_EXP":24803.77,"HUPLAS_VA":12643.91,"HUPLAS_EXP":8301.28,"PRNOMT_VA":9536.01,"PRNOMT_EXP":3424.93,"METBAS_VA":3744.58,"METBAS_EXP":9740.11,"NONFER_VA":5292.83,"NONFER_EXP":11818.83,"PRMETA_VA":25943.22,"PRMETA_EXP":9709.12,"ELCTRO_VA":19832.97,"ELCTRO_EXP":21864.55,"ELCTRI_VA":9000.0,"ELCTRI_EXP":9090.3,"MAQYEQ_VA":21754.82,"MAQYEQ_EXP":26566.3,"AUTOMO_VA":17057.17,"AUTOMO_EXP":33974.24,"OTRTRA_VA":2874.18,"OTRTRA_EXP":1262.58,"TRANSP_VA":17035.29,"TRANSP_EXP":18845.1,"OTRMAN_VA":25260.31,"OTRMAN_EXP":13207.2,"ELEGAS_VA":42879.73,"ELEGAS_EXP":419.68,"AGUBAS_VA":36562.36,"AGUBAS_EXP":298.33,"CONSTR_VA":178117.35,"CONSTR_EXP":611.66,"COMREV_VA":293301.8,"COMREV_EXP":78934.43,"TRATIE_VA":47363.64,"TRATIE_EXP":8755.25,"TRAGUA_VA":9353.86,"TRAGUA_EXP":13471.33,"TRAAIR_VA":7740.9,"TRAAIR_EXP":13625.44,"ALMSTR_VA":33411.4,"ALMSTR_EXP":6067.83,"POSTME_VA":19266.03,"POSTME_EXP":1349.33,"HOTYRE_VA":71244.85,"HOTYRE_EXP":9240.27,"MMTVRA_VA":46773.38,"MMTVRA_EXP":16319.83,"TELECO_VA":51278.81,"TELECO_EXP":8833.27,"ITSERV_VA":70025.76,"ITSERV_EXP":19508.21,"SERFIN_VA":230777.04,"SERFIN_EXP":120387.44,"GOBEST_VA":350658.15,"GOBEST_EXP":2284.67,"SPRSCT_VA":181463.7,"SPRSCT_EXP":55764.04,"SEAEMP_VA":111879.51,"SEAEMP_EXP":31380.49,"ADPDEF_VA":145129.7,"ADPDEF_EXP":292.28,"EDUCAC_VA":161726.8,"EDUCAC_EXP":12008.97,"SALUDH_VA":187700.06,"SALUDH_EXP":542.47,"ESPARC_VA":37087.84,"ESPARC_EXP":6242.65,"OTRSER_VA":41426.01,"OTRSER_EXP":716.11,"SERHOG_VA":3318.7,"SERHOG_EXP":0.0}},{"type":"Feature","geometry":{"type":"Point","coordinates":[21.82,39.07]},"properties":{"id":"GRC","name":"Grecia","continent":"europe","year":2008,"AGRPFO_VA":9643.35,"AGRPFO_EXP":1914.99,"FORLOG_VA":91.97,"FORLOG_EXP":11.34,"PESCAC_VA":1041.07,"PESCAC_EXP":565.89,"MINCOL_VA":78.82,"MINCOL_EXP":4.29,"PETGAS_VA":9.12,"PETGAS_EXP":0.22,"MINORE_VA":134.08,"MINORE_EXP":90.16,"MINOTH_VA":1137.29,"MINOTH_EXP":239.69,"MINSER_VA":31.03,"MINSER_EXP":12.57,"ALYBEB_VA":8711.28,"ALYBEB_EXP":3681.79,"TEXYPR_VA":1933.52,"TEXYPR_EXP":1987.52,"MADYPR_VA":1003.47,"MADYPR_EXP":119.99,"PAPYPR_VA":1932.0,"PAPYPR_EXP":307.05,"PETREF_VA":3975.73,"PETREF_EXP":5163.17,"QUIMYP_VA":1503.89,"QUIMYP_EXP":1849.33,"FARMED_VA":1593.87,"FARMED_EXP":1071.77,"HUPLAS_VA":1014.82,"HUPLAS_EXP":759.65,"PRNOMT_VA":2494.15,"PRNOMT_EXP":546.47,"METBAS_VA":1486.87,"METBAS_EXP":1525.71,"NONFER_VA":1082.13,"NONFER_EXP":2246.1,"PRMETA_VA":2770.77,"PRMETA_EXP":954.0,"ELCTRO_VA":365.53,"ELCTRO_EXP":350.11,"ELCTRI_VA":895.15,"ELCTRI_EXP":900.99,"MAQYEQ_VA":1013.27,"MAQYEQ_EXP":916.14,"AUTOMO_VA":206.47,"AUTOMO_EXP":267.95,"OTRTRA_VA":410.95,"OTRTRA_EXP":106.41,"TRANSP_VA":206.03,"TRANSP_EXP":144.28,"OTRMAN_VA":1766.82,"OTRMAN_EXP":821.0,"ELEGAS_VA":4727.3,"ELEGAS_EXP":195.81,"AGUBAS_VA":3785.25,"AGUBAS_EXP":15.01,"CONSTR_VA":19880.32,"CONSTR_EXP":31.06,"COMREV_VA":42431.61,"COMREV_EXP":8057.09,"TRATIE_VA":7461.5,"TRATIE_EXP":1806.04,"TRAGUA_VA":14897.14,"TRAGUA_EXP":23741.53,"TRAAIR_VA":1093.27,"TRAAIR_EXP":2201.74,"ALMSTR_VA":1911.35,"ALMSTR_EXP":517.52,"POSTME_VA":1209.78,"POSTME_EXP":55.63,"HOTYRE_VA":17457.8,"HOTYRE_EXP":6961.99,"MMTVRA_VA":2046.8,"MMTVRA_EXP":329.0,"TELECO_VA":6502.85,"TELECO_EXP":650.16,"ITSERV_VA":923.69,"ITSERV_EXP":277.73,"SERFIN_VA":13940.49,"SERFIN_EXP":849.63,"GOBEST_VA":47097.12,"GOBEST_EXP":884.4,"SPRSCT_VA":15057.39,"SPRSCT_EXP":1270.08,"SEAEMP_VA":7056.08,"SEAEMP_EXP":1576.6,"ADPDEF_VA":29227.96,"ADPDEF_EXP":30.81,"EDUCAC_VA":16998.89,"EDUCAC_EXP":321.19,"SALUDH_VA":14931.91,"SALUDH_EXP":246.72,"ESPARC_VA":4618.61,"ESPARC_EXP":615.92,"OTRSER_VA":4275.42,"OTRSER_EXP":278.42,"SERHOG_VA":2007.46,"SERHOG_EXP":0.0}},{"type":"Feature","geometry":{"type":"Point","coordinates":[114.11,22.4]},"properties":{"id":"HKG","name":"Hong Kong","continent":"asia","year":2008,"AGRPFO_VA":106.85,"AGRPFO_EXP":13.1,"FORLOG_VA":12.8,"FORLOG_EXP":13.35,"PESCAC_VA":21.18,"PESCAC_EXP":6.04,"MINCOL_VA":0.0,"MINCOL_EXP":0.0,"PETGAS_VA":0.0,"PETGAS_EXP":0.0,"MINORE_VA":0.0,"MINORE_EXP":0.0,"MINOTH_VA":0.0,"MINOTH_EXP":0.0,"MINSER_VA":23.21,"MINSER_EXP":30.56,"ALYBEB_VA":2722.9,"ALYBEB_EXP":4664.74,"TEXYPR_VA":420.2,"TEXYPR_EXP":467.93,"MADYPR_VA":352.85,"MADYPR_EXP":223.01,"PAPYPR_VA":205.21,"PAPYPR_EXP":397.9,"PETREF_VA":58.24,"PETREF_EXP":12.95,"QUIMYP_VA":244.05,"QUIMYP_EXP":222.02,"FARMED_VA":252.71,"FARMED_EXP":209.08,"HUPLAS_VA":33.95,"HUPLAS_EXP":0.08,"PRNOMT_VA":44.58,"PRNOMT_EXP":24.88,"METBAS_VA":34.38,"METBAS_EXP":196.06,"NONFER_VA":19.22,"NONFER_EXP":40.11,"PRMETA_VA":105.45,"PRMETA_EXP":425.87,"ELCTRO_VA":362.82,"ELCTRO_EXP":1063.14,"ELCTRI_VA":153.76,"ELCTRI_EXP":655.22,"MAQYEQ_VA":93.8,"MAQYEQ_EXP":679.1,"AUTOMO_VA":79.76,"AUTOMO_EXP":180.41,"OTRTRA_VA":18.26,"OTRTRA_EXP":145.03,"TRANSP_VA":31.79,"TRANSP_EXP":292.86,"OTRMAN_VA":303.21,"OTRMAN_EXP":170.13,"ELEGAS_VA":4533.35,"ELEGAS_EXP":233.85,"AGUBAS_VA":2161.77,"AGUBAS_EXP":40.03,"CONSTR_VA":6002.58,"CONSTR_EXP":94.67,"COMREV_VA":51675.17,"COMREV_EXP":15920.56,"TRATIE_VA":4744.36,"TRATIE_EXP":2639.63,"TRAGUA_VA":3174.66,"TRAGUA_EXP":6810.59,"TRAAIR_VA":3615.27,"TRAAIR_EXP":14394.93,"ALMSTR_VA":321.58,"ALMSTR_EXP":148.85,"POSTME_VA":648.19,"POSTME_EXP":154.57,"HOTYRE_VA":6998.16,"HOTYRE_EXP":5788.18,"MMTVRA_VA":612.02,"MMTVRA_EXP":476.11,"TELECO_VA":5997.38,"TELECO_EXP":2789.91,"ITSERV_VA":1825.49,"ITSERV_EXP":1095.28,"SERFIN_VA":34380.95,"SERFIN_EXP":33186.51,"GOBEST_VA":33234.49,"GOBEST_EXP":1196.81,"SPRSCT_VA":4482.3,"SPRSCT_EXP":1799.51,"SEAEMP_VA":3342.12,"SEAEMP_EXP":847.86,"ADPDEF_VA":11955.87,"ADPDEF_EXP":93.71,"EDUCAC_VA":13581.29,"EDUCAC_EXP":1205.89,"SALUDH_VA":7649.96,"SALUDH_EXP":290.72,"ESPARC_VA":1152.61,"ESPARC_EXP":1547.6,"OTRSER_VA":3193.04,"OTRSER_EXP":386.71,"SERHOG_VA":2561.66,"SERHOG_EXP":0.0}},{"type":"Feature","geometry":{"type":"Point","coordinates":[15.2,45.1]},"properties":{"id":"HRV","name":"Croacia","continent":"europe","year":2008,"AGRPFO_VA":2291.98,"AGRPFO_EXP":472.34,"FORLOG_VA":319.94,"FORLOG_EXP":86.71,"PESCAC_VA":142.43,"PESCAC_EXP":69.56,"MINCOL_VA":2.81,"MINCOL_EXP":0.14,"PETGAS_VA":194.54,"PETGAS_EXP":69.75,"MINORE_VA":2.53,"MINORE_EXP":0.16,"MINOTH_VA":156.18,"MINOTH_EXP":42.78,"MINSER_VA":240.64,"MINSER_EXP":103.86,"ALYBEB_VA":2218.61,"ALYBEB_EXP":1416.08,"TEXYPR_VA":597.6,"TEXYPR_EXP":415.6,"MADYPR_VA":335.19,"MADYPR_EXP":285.28,"PAPYPR_VA":469.44,"PAPYPR_EXP":149.21,"PETREF_VA":1269.48,"PETREF_EXP":1174.26,"QUIMYP_VA":318.05,"QUIMYP_EXP":407.2,"FARMED_VA":500.33,"FARMED_EXP":178.37,"HUPLAS_VA":295.64,"HUPLAS_EXP":87.71,"PRNOMT_VA":776.1,"PRNOMT_EXP":336.09,"METBAS_VA":77.68,"METBAS_EXP":114.28,"NONFER_VA":45.3,"NONFER_EXP":182.09,"PRMETA_VA":922.28,"PRMETA_EXP":402.9,"ELCTRO_VA":456.31,"ELCTRO_EXP":231.99,"ELCTRI_VA":482.95,"ELCTRI_EXP":392.57,"MAQYEQ_VA":396.52,"MAQYEQ_EXP":343.35,"AUTOMO_VA":111.0,"AUTOMO_EXP":161.66,"OTRTRA_VA":263.32,"OTRTRA_EXP":490.77,"TRANSP_VA":79.9,"TRANSP_EXP":75.51,"OTRMAN_VA":613.69,"OTRMAN_EXP":488.21,"ELEGAS_VA":977.01,"ELEGAS_EXP":263.74,"AGUBAS_VA":641.52,"AGUBAS_EXP":47.83,"CONSTR_VA":4867.02,"CONSTR_EXP":183.27,"COMREV_VA":7741.52,"COMREV_EXP":1925.39,"TRATIE_VA":1377.96,"TRATIE_EXP":1158.71,"TRAGUA_VA":390.7,"TRAGUA_EXP":312.56,"TRAAIR_VA":133.81,"TRAAIR_EXP":290.47,"ALMSTR_VA":1137.15,"ALMSTR_EXP":522.13,"POSTME_VA":244.73,"POSTME_EXP":17.32,"HOTYRE_VA":2388.38,"HOTYRE_EXP":2530.69,"MMTVRA_VA":662.27,"MMTVRA_EXP":156.53,"TELECO_VA":1737.85,"TELECO_EXP":476.79,"ITSERV_VA":484.27,"ITSERV_EXP":129.34,"SERFIN_VA":3585.35,"SERFIN_EXP":377.24,"GOBEST_VA":5121.6,"GOBEST_EXP":425.09,"SPRSCT_VA":3884.96,"SPRSCT_EXP":1277.49,"SEAEMP_VA":1020.13,"SEAEMP_EXP":305.41,"ADPDEF_VA":4221.68,"ADPDEF_EXP":199.47,"EDUCAC_VA":2578.08,"EDUCAC_EXP":191.68,"SALUDH_VA":2423.32,"SALUDH_EXP":144.54,"ESPARC_VA":795.91,"ESPARC_EXP":505.86,"OTRSER_VA":777.32,"OTRSER_EXP":214.8,"SERHOG_VA":113.35,"SERHOG_EXP":0.0}},{"type":"Feature","geometry":{"type":"Point","coordinates":[19.5,47.16]},"properties":{"id":"HUN","name":"Hungría","continent":"europe","year":2008,"AGRPFO_VA":5454.93,"AGRPFO_EXP":3165.36,"FORLOG_VA":292.54,"FORLOG_EXP":124.39,"PESCAC_VA":23.77,"PESCAC_EXP":8.68,"MINCOL_VA":4.92,"MINCOL_EXP":8.03,"PETGAS_VA":73.66,"PETGAS_EXP":76.06,"MINORE_VA":2.22,"MINORE_EXP":3.9,"MINOTH_VA":191.56,"MINOTH_EXP":67.32,"MINSER_VA":85.12,"MINSER_EXP":53.9,"ALYBEB_VA":3004.36,"ALYBEB_EXP":4049.26,"TEXYPR_VA":795.83,"TEXYPR_EXP":1423.7,"MADYPR_VA":468.98,"MADYPR_EXP":678.38,"PAPYPR_VA":933.09,"PAPYPR_EXP":990.99,"PETREF_VA":3456.43,"PETREF_EXP":2947.97,"QUIMYP_VA":1258.27,"QUIMYP_EXP":3510.81,"FARMED_VA":1794.0,"FARMED_EXP":2223.3,"HUPLAS_VA":1446.66,"HUPLAS_EXP":3071.83,"PRNOMT_VA":1517.77,"PRNOMT_EXP":1395.67,"METBAS_VA":725.63,"METBAS_EXP":1178.62,"NONFER_VA":755.98,"NONFER_EXP":1151.48,"PRMETA_VA":2163.71,"PRMETA_EXP":2302.26,"ELCTRO_VA":2782.82,"ELCTRO_EXP":19554.66,"ELCTRI_VA":2803.09,"ELCTRI_EXP":6487.35,"MAQYEQ_VA":1762.0,"MAQYEQ_EXP":4540.37,"AUTOMO_VA":5529.1,"AUTOMO_EXP":19585.12,"OTRTRA_VA":4.44,"OTRTRA_EXP":7.55,"TRANSP_VA":293.59,"TRANSP_EXP":271.96,"OTRMAN_VA":1360.07,"OTRMAN_EXP":1658.61,"ELEGAS_VA":4070.84,"ELEGAS_EXP":802.69,"AGUBAS_VA":1564.76,"AGUBAS_EXP":55.4,"CONSTR_VA":7030.54,"CONSTR_EXP":219.31,"COMREV_VA":15812.41,"COMREV_EXP":10010.19,"TRATIE_VA":4657.49,"TRATIE_EXP":3794.08,"TRAGUA_VA":145.44,"TRAGUA_EXP":89.1,"TRAAIR_VA":124.63,"TRAAIR_EXP":975.49,"ALMSTR_VA":2761.2,"ALMSTR_EXP":1843.52,"POSTME_VA":875.34,"POSTME_EXP":94.25,"HOTYRE_VA":2864.09,"HOTYRE_EXP":1350.27,"MMTVRA_VA":1783.68,"MMTVRA_EXP":1063.68,"TELECO_VA":3394.02,"TELECO_EXP":759.87,"ITSERV_VA":2256.17,"ITSERV_EXP":1128.41,"SERFIN_VA":6098.02,"SERFIN_EXP":548.87,"GOBEST_VA":11418.11,"GOBEST_EXP":534.3,"SPRSCT_VA":7511.32,"SPRSCT_EXP":3156.73,"SEAEMP_VA":4513.19,"SEAEMP_EXP":1815.06,"ADPDEF_VA":11966.91,"ADPDEF_EXP":81.74,"EDUCAC_VA":6700.58,"EDUCAC_EXP":125.59,"SALUDH_VA":5732.58,"SALUDH_EXP":103.85,"ESPARC_VA":1732.84,"ESPARC_EXP":250.65,"OTRSER_VA":2444.55,"OTRSER_EXP":133.76,"SERHOG_VA":18.0,"SERHOG_EXP":0.0}},{"type":"Feature","geometry":{"type":"Point","coordinates":[113.92,-0.79]},"properties":{"id":"IDN","name":"Indonesia","continent":"asia","year":2008,"AGRPFO_VA":57361.66,"AGRPFO_EXP":5148.1,"FORLOG_VA":4415.01,"FORLOG_EXP":28.93,"PESCAC_VA":10909.87,"PESCAC_EXP":532.22,"MINCOL_VA":12256.89,"MINCOL_EXP":9404.91,"PETGAS_VA":25649.87,"PETGAS_EXP":27136.43,"MINORE_VA":8332.4,"MINORE_EXP":8040.63,"MINOTH_VA":6022.71,"MINOTH_EXP":278.64,"MINSER_VA":2552.78,"MINSER_EXP":198.22,"ALYBEB_VA":30927.97,"ALYBEB_EXP":15700.39,"TEXYPR_VA":8833.21,"TEXYPR_EXP":11726.71,"MADYPR_VA":4033.94,"MADYPR_EXP":2623.82,"PAPYPR_VA":5066.77,"PAPYPR_EXP":4119.3,"PETREF_VA":16995.85,"PETREF_EXP":2867.24,"QUIMYP_VA":6879.3,"QUIMYP_EXP":6190.53,"FARMED_VA":1517.26,"FARMED_EXP":301.38,"HUPLAS_VA":4988.18,"HUPLAS_EXP":5795.42,"PRNOMT_VA":3745.96,"PRNOMT_EXP":930.72,"METBAS_VA":2061.74,"METBAS_EXP":1960.26,"NONFER_VA":1938.22,"NONFER_EXP":3256.18,"PRMETA_VA":9976.44,"PRMETA_EXP":1765.83,"ELCTRO_VA":3435.04,"ELCTRO_EXP":6965.64,"ELCTRI_VA":2679.34,"ELCTRI_EXP":3681.18,"MAQYEQ_VA":1865.14,"MAQYEQ_EXP":1942.56,"AUTOMO_VA":9785.94,"AUTOMO_EXP":1749.68,"OTRTRA_VA":393.72,"OTRTRA_EXP":700.69,"TRANSP_VA":367.62,"TRANSP_EXP":661.21,"OTRMAN_VA":2660.83,"OTRMAN_EXP":2454.58,"ELEGAS_VA":5587.42,"ELEGAS_EXP":7.67,"AGUBAS_VA":413.64,"AGUBAS_EXP":0.2,"CONSTR_VA":49227.27,"CONSTR_EXP":281.2,"COMREV_VA":89583.24,"COMREV_EXP":13549.52,"TRATIE_VA":10604.71,"TRATIE_EXP":1851.66,"TRAGUA_VA":2306.09,"TRAGUA_EXP":2238.65,"TRAAIR_VA":2963.68,"TRAAIR_EXP":1190.37,"ALMSTR_VA":2498.23,"ALMSTR_EXP":649.95,"POSTME_VA":531.66,"POSTME_EXP":307.01,"HOTYRE_VA":15486.86,"HOTYRE_EXP":2241.95,"MMTVRA_VA":3744.96,"MMTVRA_EXP":467.63,"TELECO_VA":14281.83,"TELECO_EXP":573.88,"ITSERV_VA":1474.39,"ITSERV_EXP":192.32,"SERFIN_VA":18245.36,"SERFIN_EXP":389.82,"GOBEST_VA":13298.1,"GOBEST_EXP":398.78,"SPRSCT_VA":3147.94,"SPRSCT_EXP":2297.49,"SEAEMP_VA":3079.22,"SEAEMP_EXP":1641.13,"ADPDEF_VA":19859.49,"ADPDEF_EXP":0.15,"EDUCAC_VA":15394.06,"EDUCAC_EXP":96.66,"SALUDH_VA":4727.86,"SALUDH_EXP":80.46,"ESPARC_VA":1576.72,"ESPARC_EXP":265.89,"OTRSER_VA":10055.76,"OTRSER_EXP":102.99,"SERHOG_VA":2492.62,"SERHOG_EXP":0.0}},{"type":"Feature","geometry":{"type":"Point","coordinates":[78.96,20.59]},"properties":{"id":"IND","name":"India","continent":"asia","year":2008,"AGRPFO_VA":174138.91,"AGRPFO_EXP":3746.79,"FORLOG_VA":21156.62,"FORLOG_EXP":2870.47,"PESCAC_VA":9815.71,"PESCAC_EXP":165.32,"MINCOL_VA":6842.13,"MINCOL_EXP":220.93,"PETGAS_VA":15287.21,"PETGAS_EXP":76.4,"MINORE_VA":6230.55,"MINORE_EXP":3395.57,"MINOTH_VA":821.89,"MINOTH_EXP":597.05,"MINSER_VA":8268.25,"MINSER_EXP":128.21,"ALYBEB_VA":32620.69,"ALYBEB_EXP":13769.62,"TEXYPR_VA":22644.98,"TEXYPR_EXP":24033.35,"MADYPR_VA":2941.54,"MADYPR_EXP":1384.63,"PAPYPR_VA":5753.66,"PAPYPR_EXP":684.21,"PETREF_VA":20552.3,"PETREF_EXP":23106.54,"QUIMYP_VA":15172.03,"QUIMYP_EXP":11130.37,"FARMED_VA":10849.44,"FARMED_EXP":5407.71,"HUPLAS_VA":11584.29,"HUPLAS_EXP":3839.84,"PRNOMT_VA":14852.02,"PRNOMT_EXP":1313.36,"METBAS_VA":15380.37,"METBAS_EXP":10087.34,"NONFER_VA":12590.45,"NONFER_EXP":3651.64,"PRMETA_VA":11210.24,"PRMETA_EXP":3489.05,"ELCTRO_VA":5139.63,"ELCTRO_EXP":2861.01,"ELCTRI_VA":9348.45,"ELCTRI_EXP":5086.37,"MAQYEQ_VA":18036.3,"MAQYEQ_EXP":8349.13,"AUTOMO_VA":11442.78,"AUTOMO_EXP":5534.02,"OTRTRA_VA":900.57,"OTRTRA_EXP":332.27,"TRANSP_VA":3396.85,"TRANSP_EXP":3159.53,"OTRMAN_VA":6289.95,"OTRMAN_EXP":13247.09,"ELEGAS_VA":20482.73,"ELEGAS_EXP":248.44,"AGUBAS_VA":3863.17,"AGUBAS_EXP":1.66,"CONSTR_VA":121493.44,"CONSTR_EXP":815.7,"COMREV_VA":109412.11,"COMREV_EXP":18695.22,"TRATIE_VA":51224.61,"TRATIE_EXP":8271.22,"TRAGUA_VA":1189.43,"TRAGUA_EXP":986.82,"TRAAIR_VA":396.38,"TRAAIR_EXP":3702.22,"ALMSTR_VA":9194.71,"ALMSTR_EXP":5020.04,"POSTME_VA":3274.28,"POSTME_EXP":146.86,"HOTYRE_VA":12727.16,"HOTYRE_EXP":4155.63,"MMTVRA_VA":4664.09,"MMTVRA_EXP":6384.03,"TELECO_VA":17350.15,"TELECO_EXP":1254.75,"ITSERV_VA":34824.94,"ITSERV_EXP":40208.38,"SERFIN_VA":70331.95,"SERFIN_EXP":4651.92,"GOBEST_VA":85022.17,"GOBEST_EXP":1262.35,"SPRSCT_VA":3683.38,"SPRSCT_EXP":4520.16,"SEAEMP_VA":28031.91,"SEAEMP_EXP":22710.5,"ADPDEF_VA":68333.42,"ADPDEF_EXP":380.17,"EDUCAC_VA":34654.75,"EDUCAC_EXP":196.24,"SALUDH_VA":16178.68,"SALUDH_EXP":164.4,"ESPARC_VA":2547.26,"ESPARC_EXP":466.99,"OTRSER_VA":12038.41,"OTRSER_EXP":209.14,"SERHOG_VA":2193.4,"SERHOG_EXP":0.0}},{"type":"Feature","geometry":{"type":"Point","coordinates":[-7.69,53.14]},"properties":{"id":"IRL","name":"Irlanda","continent":"europe","year":2008,"AGRPFO_VA":2286.79,"AGRPFO_EXP":1529.06,"FORLOG_VA":97.22,"FORLOG_EXP":44.98,"PESCAC_VA":108.94,"PESCAC_EXP":225.49,"MINCOL_VA":9.4,"MINCOL_EXP":1.8,"PETGAS_VA":33.73,"PETGAS_EXP":4.66,"MINORE_VA":683.72,"MINORE_EXP":131.49,"MINOTH_VA":620.67,"MINOTH_EXP":169.78,"MINSER_VA":39.39,"MINSER_EXP":126.97,"ALYBEB_VA":9409.19,"ALYBEB_EXP":19944.02,"TEXYPR_VA":356.86,"TEXYPR_EXP":358.93,"MADYPR_VA":501.64,"MADYPR_EXP":849.02,"PAPYPR_VA":1007.99,"PAPYPR_EXP":526.31,"PETREF_VA":345.42,"PETREF_EXP":1110.28,"QUIMYP_VA":2061.19,"QUIMYP_EXP":4076.1,"FARMED_VA":18287.07,"FARMED_EXP":33455.29,"HUPLAS_VA":884.84,"HUPLAS_EXP":1613.45,"PRNOMT_VA":1306.88,"PRNOMT_EXP":458.45,"METBAS_VA":296.28,"METBAS_EXP":371.04,"NONFER_VA":52.28,"NONFER_EXP":299.8,"PRMETA_VA":1554.03,"PRMETA_EXP":1272.84,"ELCTRO_VA":5358.59,"ELCTRO_EXP":24746.69,"ELCTRI_VA":569.29,"ELCTRI_EXP":988.77,"MAQYEQ_VA":2171.52,"MAQYEQ_EXP":3447.52,"AUTOMO_VA":342.42,"AUTOMO_EXP":647.99,"OTRTRA_VA":24.99,"OTRTRA_EXP":8.33,"TRANSP_VA":341.6,"TRANSP_EXP":467.96,"OTRMAN_VA":6055.2,"OTRMAN_EXP":7709.31,"ELEGAS_VA":3625.6,"ELEGAS_EXP":117.62,"AGUBAS_VA":1970.84,"AGUBAS_EXP":0.16,"CONSTR_VA":17437.04,"CONSTR_EXP":0.15,"COMREV_VA":26513.87,"COMREV_EXP":17256.96,"TRATIE_VA":4068.28,"TRATIE_EXP":2499.26,"TRAGUA_VA":142.64,"TRAGUA_EXP":183.1,"TRAAIR_VA":1395.95,"TRAAIR_EXP":3654.88,"ALMSTR_VA":2142.94,"ALMSTR_EXP":1223.43,"POSTME_VA":1348.4,"POSTME_EXP":537.95,"HOTYRE_VA":6103.28,"HOTYRE_EXP":2275.4,"MMTVRA_VA":7627.62,"MMTVRA_EXP":7241.27,"TELECO_VA":4154.46,"TELECO_EXP":1223.86,"ITSERV_VA":7517.9,"ITSERV_EXP":24301.31,"SERFIN_VA":25752.56,"SERFIN_EXP":28668.46,"GOBEST_VA":19097.65,"GOBEST_EXP":1241.01,"SPRSCT_VA":11614.06,"SPRSCT_EXP":6249.13,"SEAEMP_VA":10670.91,"SEAEMP_EXP":7571.25,"ADPDEF_VA":10873.36,"ADPDEF_EXP":0.12,"EDUCAC_VA":13688.31,"EDUCAC_EXP":128.94,"SALUDH_VA":19611.79,"SALUDH_EXP":68.52,"ESPARC_VA":3895.77,"ESPARC_EXP":355.49,"OTRSER_VA":1681.52,"OTRSER_EXP":67.67,"SERHOG_VA":333.73,"SERHOG_EXP":0.0}},{"type":"Feature","geometry":{"type":"Point","coordinates":[-19.02,64.96]},"properties":{"id":"ISL","name":"Islandia","continent":"europe","year":2008,"AGRPFO_VA":186.15,"AGRPFO_EXP":22.14,"FORLOG_VA":1.59,"FORLOG_EXP":0.11,"PESCAC_VA":696.48,"PESCAC_EXP":566.86,"MINCOL_VA":0.03,"MINCOL_EXP":0.0,"PETGAS_VA":0.71,"PETGAS_EXP":0.07,"MINORE_VA":0.01,"MINORE_EXP":0.0,"MINOTH_VA":21.11,"MINOTH_EXP":5.73,"MINSER_VA":0.05,"MINSER_EXP":0.0,"ALYBEB_VA":911.12,"ALYBEB_EXP":1339.57,"TEXYPR_VA":25.33,"TEXYPR_EXP":30.37,"MADYPR_VA":19.02,"MADYPR_EXP":0.54,"PAPYPR_VA":65.84,"PAPYPR_EXP":7.44,"PETREF_VA":0.09,"PETREF_EXP":0.01,"QUIMYP_VA":25.68,"QUIMYP_EXP":30.11,"FARMED_VA":83.26,"FARMED_EXP":7.19,"HUPLAS_VA":34.12,"HUPLAS_EXP":18.69,"PRNOMT_VA":113.49,"PRNOMT_EXP":3.63,"METBAS_VA":49.62,"METBAS_EXP":18.62,"NONFER_VA":383.41,"NONFER_EXP":1384.16,"PRMETA_VA":125.87,"PRMETA_EXP":6.92,"ELCTRO_VA":7.09,"ELCTRO_EXP":2.11,"ELCTRI_VA":10.41,"ELCTRI_EXP":9.32,"MAQYEQ_VA":82.7,"MAQYEQ_EXP":96.24,"AUTOMO_VA":5.78,"AUTOMO_EXP":1.55,"OTRTRA_VA":2.04,"OTRTRA_EXP":5.37,"TRANSP_VA":13.97,"TRANSP_EXP":1.0,"OTRMAN_VA":182.88,"OTRMAN_EXP":22.14,"ELEGAS_VA":609.49,"ELEGAS_EXP":0.1,"AGUBAS_VA":134.91,"AGUBAS_EXP":0.26,"CONSTR_VA":1417.5,"CONSTR_EXP":0.23,"COMREV_VA":1377.43,"COMREV_EXP":503.47,"TRATIE_VA":167.26,"TRATIE_EXP":47.69,"TRAGUA_VA":129.22,"TRAGUA_EXP":245.13,"TRAAIR_VA":281.84,"TRAAIR_EXP":1266.93,"ALMSTR_VA":183.69,"ALMSTR_EXP":156.39,"POSTME_VA":57.59,"POSTME_EXP":4.78,"HOTYRE_VA":536.29,"HOTYRE_EXP":177.61,"MMTVRA_VA":149.42,"MMTVRA_EXP":35.76,"TELECO_VA":236.72,"TELECO_EXP":25.06,"ITSERV_VA":236.44,"ITSERV_EXP":111.94,"SERFIN_VA":1471.92,"SERFIN_EXP":137.98,"GOBEST_VA":1716.01,"GOBEST_EXP":2.67,"SPRSCT_VA":698.98,"SPRSCT_EXP":188.84,"SEAEMP_VA":402.99,"SEAEMP_EXP":138.32,"ADPDEF_VA":895.96,"ADPDEF_EXP":0.52,"EDUCAC_VA":1035.07,"EDUCAC_EXP":0.82,"SALUDH_VA":1519.85,"SALUDH_EXP":1.29,"ESPARC_VA":203.43,"ESPARC_EXP":76.91,"OTRSER_VA":226.69,"OTRSER_EXP":16.77,"SERHOG_VA":8.84,"SERHOG_EXP":0.0}},{"type":"Feature","geometry":{"type":"Point","coordinates":[34.85,31.05]},"properties":{"id":"ISR","name":"Israel","continent":"other","year":2008,"AGRPFO_VA":3104.54,"AGRPFO_EXP":1637.58,"FORLOG_VA":15.9,"FORLOG_EXP":5.77,"PESCAC_VA":37.37,"PESCAC_EXP":50.01,"MINCOL_VA":0.0,"MINCOL_EXP":0.0,"PETGAS_VA":214.31,"PETGAS_EXP":4.39,"MINORE_VA":0.0,"MINORE_EXP":0.0,"MINOTH_VA":884.51,"MINOTH_EXP":1270.35,"MINSER_VA":64.39,"MINSER_EXP":61.2,"ALYBEB_VA":2980.96,"ALYBEB_EXP":1203.01,"TEXYPR_VA":647.02,"TEXYPR_EXP":852.2,"MADYPR_VA":110.12,"MADYPR_EXP":36.75,"PAPYPR_VA":917.37,"PAPYPR_EXP":335.63,"PETREF_VA":2801.8,"PETREF_EXP":5135.51,"QUIMYP_VA":3715.53,"QUIMYP_EXP":6665.81,"FARMED_VA":2926.2,"FARMED_EXP":3191.4,"HUPLAS_VA":1560.19,"HUPLAS_EXP":2171.27,"PRNOMT_VA":1036.61,"PRNOMT_EXP":462.24,"METBAS_VA":300.43,"METBAS_EXP":364.54,"NONFER_VA":123.83,"NONFER_EXP":363.89,"PRMETA_VA":2529.27,"PRMETA_EXP":1469.97,"ELCTRO_VA":6580.2,"ELCTRO_EXP":7105.06,"ELCTRI_VA":525.09,"ELCTRI_EXP":589.27,"MAQYEQ_VA":1298.11,"MAQYEQ_EXP":2306.44,"AUTOMO_VA":261.61,"AUTOMO_EXP":631.95,"OTRTRA_VA":12.12,"OTRTRA_EXP":32.93,"TRANSP_VA":1135.03,"TRANSP_EXP":2355.15,"OTRMAN_VA":1126.67,"OTRMAN_EXP":2072.19,"ELEGAS_VA":942.5,"ELEGAS_EXP":0.48,"AGUBAS_VA":1808.27,"AGUBAS_EXP":1.18,"CONSTR_VA":9882.82,"CONSTR_EXP":9.56,"COMREV_VA":17350.17,"COMREV_EXP":7144.63,"TRATIE_VA":4529.55,"TRATIE_EXP":943.56,"TRAGUA_VA":727.18,"TRAGUA_EXP":941.03,"TRAAIR_VA":1981.66,"TRAAIR_EXP":2267.45,"ALMSTR_VA":649.04,"ALMSTR_EXP":910.42,"POSTME_VA":592.06,"POSTME_EXP":92.21,"HOTYRE_VA":4192.59,"HOTYRE_EXP":1261.59,"MMTVRA_VA":1169.08,"MMTVRA_EXP":515.24,"TELECO_VA":5157.26,"TELECO_EXP":488.81,"ITSERV_VA":8190.32,"ITSERV_EXP":8252.24,"SERFIN_VA":12053.95,"SERFIN_EXP":3674.19,"GOBEST_VA":32192.1,"GOBEST_EXP":1219.77,"SPRSCT_VA":12989.83,"SPRSCT_EXP":2352.11,"SEAEMP_VA":7094.85,"SEAEMP_EXP":577.26,"ADPDEF_VA":16704.72,"ADPDEF_EXP":5.75,"EDUCAC_VA":12084.62,"EDUCAC_EXP":31.1,"SALUDH_VA":12009.48,"SALUDH_EXP":154.49,"ESPARC_VA":3255.23,"ESPARC_EXP":265.95,"OTRSER_VA":2725.78,"OTRSER_EXP":97.61,"SERHOG_VA":382.3,"SERHOG_EXP":0.0}},{"type":"Feature","geometry":{"type":"Point","coordinates":[12.57,41.87]},"properties":{"id":"ITA","name":"Italia","continent":"europe","year":2008,"AGRPFO_VA":42994.95,"AGRPFO_EXP":6829.09,"FORLOG_VA":2296.67,"FORLOG_EXP":160.61,"PESCAC_VA":1853.55,"PESCAC_EXP":281.34,"MINCOL_VA":7.13,"MINCOL_EXP":4.57,"PETGAS_VA":6638.96,"PETGAS_EXP":1490.06,"MINORE_VA":1.0,"MINORE_EXP":0.5,"MINOTH_VA":1935.5,"MINOTH_EXP":519.59,"MINSER_VA":344.28,"MINSER_EXP":290.14,"ALYBEB_VA":40013.41,"ALYBEB_EXP":24771.9,"TEXYPR_VA":39725.9,"TEXYPR_EXP":41341.28,"MADYPR_VA":10358.95,"MADYPR_EXP":3417.22,"PAPYPR_VA":16510.52,"PAPYPR_EXP":6960.67,"PETREF_VA":9031.43,"PETREF_EXP":20259.32,"QUIMYP_VA":14650.55,"QUIMYP_EXP":25922.77,"FARMED_VA":12619.94,"FARMED_EXP":13506.21,"HUPLAS_VA":16400.6,"HUPLAS_EXP":15779.75,"PRNOMT_VA":21990.37,"PRNOMT_EXP":11833.1,"METBAS_VA":13111.6,"METBAS_EXP":23479.71,"NONFER_VA":4848.56,"NONFER_EXP":11086.15,"PRMETA_VA":49422.94,"PRMETA_EXP":27507.03,"ELCTRO_VA":12665.86,"ELCTRO_EXP":14781.43,"ELCTRI_VA":18133.89,"ELCTRI_EXP":27228.14,"MAQYEQ_VA":51797.94,"MAQYEQ_EXP":82715.3,"AUTOMO_VA":19015.45,"AUTOMO_EXP":35479.75,"OTRTRA_VA":3941.67,"OTRTRA_EXP":5447.21,"TRANSP_VA":8468.8,"TRANSP_EXP":8225.58,"OTRMAN_VA":35049.65,"OTRMAN_EXP":23075.92,"ELEGAS_VA":40003.09,"ELEGAS_EXP":977.21,"AGUBAS_VA":17649.72,"AGUBAS_EXP":104.18,"CONSTR_VA":137223.1,"CONSTR_EXP":821.17,"COMREV_VA":261703.98,"COMREV_EXP":78914.93,"TRATIE_VA":67479.0,"TRATIE_EXP":17765.44,"TRAGUA_VA":6123.85,"TRAGUA_EXP":7364.83,"TRAAIR_VA":2683.81,"TRAAIR_EXP":5433.44,"ALMSTR_VA":37611.87,"ALMSTR_EXP":9228.29,"POSTME_VA":7110.59,"POSTME_EXP":443.21,"HOTYRE_VA":79116.91,"HOTYRE_EXP":17096.84,"MMTVRA_VA":17518.15,"MMTVRA_EXP":3333.92,"TELECO_VA":39684.15,"TELECO_EXP":7056.28,"ITSERV_VA":36102.46,"ITSERV_EXP":4088.75,"SERFIN_VA":120453.28,"SERFIN_EXP":9821.28,"GOBEST_VA":264358.01,"GOBEST_EXP":3418.49,"SPRSCT_VA":146665.36,"SPRSCT_EXP":12922.46,"SEAEMP_VA":63834.88,"SEAEMP_EXP":9538.85,"ADPDEF_VA":149550.58,"ADPDEF_EXP":0.01,"EDUCAC_VA":95937.45,"EDUCAC_EXP":876.85,"SALUDH_VA":125115.37,"SALUDH_EXP":747.74,"ESPARC_VA":23808.12,"ESPARC_EXP":2065.87,"OTRSER_VA":36145.53,"OTRSER_EXP":2385.96,"SERHOG_VA":24825.5,"SERHOG_EXP":0.0}},{"type":"Feature","geometry":{"type":"Point","coordinates":[36.24,30.59]},"properties":{"id":"JOR","name":"Jordania","continent":"other","year":2008,"AGRPFO_VA":886.94,"AGRPFO_EXP":771.46,"FORLOG_VA":49.77,"FORLOG_EXP":0.16,"PESCAC_VA":1.82,"PESCAC_EXP":0.23,"MINCOL_VA":117.55,"MINCOL_EXP":0.03,"PETGAS_VA":125.83,"PETGAS_EXP":0.45,"MINORE_VA":98.28,"MINORE_EXP":0.4,"MINOTH_VA":172.6,"MINOTH_EXP":296.87,"MINSER_VA":98.32,"MINSER_EXP":5.9,"ALYBEB_VA":1103.56,"ALYBEB_EXP":522.69,"TEXYPR_VA":609.95,"TEXYPR_EXP":1129.06,"MADYPR_VA":32.67,"MADYPR_EXP":20.09,"PAPYPR_VA":151.16,"PAPYPR_EXP":207.61,"PETREF_VA":165.03,"PETREF_EXP":46.42,"QUIMYP_VA":378.92,"QUIMYP_EXP":926.48,"FARMED_VA":360.46,"FARMED_EXP":629.22,"HUPLAS_VA":110.62,"HUPLAS_EXP":127.55,"PRNOMT_VA":360.66,"PRNOMT_EXP":64.75,"METBAS_VA":74.08,"METBAS_EXP":77.01,"NONFER_VA":79.15,"NONFER_EXP":28.41,"PRMETA_VA":196.59,"PRMETA_EXP":202.94,"ELCTRO_VA":28.63,"ELCTRO_EXP":6.4,"ELCTRI_VA":88.36,"ELCTRI_EXP":145.97,"MAQYEQ_VA":88.65,"MAQYEQ_EXP":109.6,"AUTOMO_VA":37.92,"AUTOMO_EXP":34.39,"OTRTRA_VA":6.71,"OTRTRA_EXP":0.42,"TRANSP_VA":12.14,"TRANSP_EXP":3.27,"OTRMAN_VA":99.68,"OTRMAN_EXP":201.02,"ELEGAS_VA":162.26,"ELEGAS_EXP":6.51,"AGUBAS_VA":234.9,"AGUBAS_EXP":0.6,"CONSTR_VA":815.96,"CONSTR_EXP":0.58,"COMREV_VA":2174.82,"COMREV_EXP":787.32,"TRATIE_VA":742.68,"TRATIE_EXP":541.29,"TRAGUA_VA":29.59,"TRAGUA_EXP":27.49,"TRAAIR_VA":120.8,"TRAAIR_EXP":650.0,"ALMSTR_VA":196.49,"ALMSTR_EXP":68.89,"POSTME_VA":9.36,"POSTME_EXP":22.69,"HOTYRE_VA":419.85,"HOTYRE_EXP":412.8,"MMTVRA_VA":100.9,"MMTVRA_EXP":107.68,"TELECO_VA":760.04,"TELECO_EXP":142.03,"ITSERV_VA":119.3,"ITSERV_EXP":20.03,"SERFIN_VA":1434.68,"SERFIN_EXP":419.69,"GOBEST_VA":2458.74,"GOBEST_EXP":77.55,"SPRSCT_VA":199.56,"SPRSCT_EXP":215.55,"SEAEMP_VA":169.7,"SEAEMP_EXP":307.18,"ADPDEF_VA":2267.7,"ADPDEF_EXP":1.93,"EDUCAC_VA":1659.27,"EDUCAC_EXP":336.12,"SALUDH_VA":685.13,"SALUDH_EXP":287.04,"ESPARC_VA":52.59,"ESPARC_EXP":108.07,"OTRSER_VA":163.57,"OTRSER_EXP":20.85,"SERHOG_VA":402.03,"SERHOG_EXP":0.0}},{"type":"Feature","geometry":{"type":"Point","coordinates":[138.25,36.2]},"properties":{"id":"JPN","name":"Japón","continent":"asia","year":2008,"AGRPFO_VA":42362.13,"AGRPFO_EXP":259.15,"FORLOG_VA":1941.5,"FORLOG_EXP":21.85,"PESCAC_VA":7104.83,"PESCAC_EXP":315.57,"MINCOL_VA":566.27,"MINCOL_EXP":1.46,"PETGAS_VA":592.38,"PETGAS_EXP":0.19,"MINORE_VA":1370.25,"MINORE_EXP":130.83,"MINOTH_VA":876.61,"MINOTH_EXP":554.61,"MINSER_VA":923.01,"MINSER_EXP":235.05,"ALYBEB_VA":118519.32,"ALYBEB_EXP":3015.85,"TEXYPR_VA":17515.69,"TEXYPR_EXP":5801.51,"MADYPR_VA":7614.87,"MADYPR_EXP":172.36,"PAPYPR_VA":50668.3,"PAPYPR_EXP":896.21,"PETREF_VA":45676.34,"PETREF_EXP":19025.78,"QUIMYP_VA":53198.83,"QUIMYP_EXP":36369.27,"FARMED_VA":36237.22,"FARMED_EXP":3222.76,"HUPLAS_VA":47584.87,"HUPLAS_EXP":17846.77,"PRNOMT_VA":32013.65,"PRNOMT_EXP":6942.69,"METBAS_VA":70836.76,"METBAS_EXP":35335.6,"NONFER_VA":20810.32,"NONFER_EXP":21370.06,"PRMETA_VA":47452.68,"PRMETA_EXP":4628.73,"ELCTRO_VA":113673.58,"ELCTRO_EXP":92798.9,"ELCTRI_VA":66683.76,"ELCTRI_EXP":37723.34,"MAQYEQ_VA":152526.34,"MAQYEQ_EXP":101224.06,"AUTOMO_VA":129037.3,"AUTOMO_EXP":177332.13,"OTRTRA_VA":9390.92,"OTRTRA_EXP":19991.35,"TRANSP_VA":13724.41,"TRANSP_EXP":8211.45,"OTRMAN_VA":124117.12,"OTRMAN_EXP":8370.82,"ELEGAS_VA":53581.16,"ELEGAS_EXP":26.87,"AGUBAS_VA":70357.29,"AGUBAS_EXP":108.25,"CONSTR_VA":242248.57,"CONSTR_EXP":80.01,"COMREV_VA":670395.77,"COMREV_EXP":112742.02,"TRATIE_VA":163920.27,"TRATIE_EXP":21383.33,"TRAGUA_VA":10132.4,"TRAGUA_EXP":7868.01,"TRAAIR_VA":9161.12,"TRAAIR_EXP":4866.51,"ALMSTR_VA":61016.66,"ALMSTR_EXP":6822.12,"POSTME_VA":12348.81,"POSTME_EXP":375.02,"HOTYRE_VA":133286.67,"HOTYRE_EXP":3237.71,"MMTVRA_VA":38872.58,"MMTVRA_EXP":5406.95,"TELECO_VA":96777.01,"TELECO_EXP":698.16,"ITSERV_VA":134518.03,"ITSERV_EXP":3413.46,"SERFIN_VA":239731.2,"SERFIN_EXP":18515.1,"GOBEST_VA":555160.86,"GOBEST_EXP":2021.11,"SPRSCT_VA":235520.51,"SPRSCT_EXP":12233.27,"SEAEMP_VA":147351.91,"SEAEMP_EXP":55078.79,"ADPDEF_VA":245483.66,"ADPDEF_EXP":42.17,"EDUCAC_VA":173452.7,"EDUCAC_EXP":89.86,"SALUDH_VA":285608.79,"SALUDH_EXP":66.29,"ESPARC_VA":52522.83,"ESPARC_EXP":449.86,"OTRSER_VA":100259.05,"OTRSER_EXP":46.38,"SERHOG_VA":0.0,"SERHOG_EXP":0.0}},{"type":"Feature","geometry":{"type":"Point","coordinates":[66.92,48.02]},"properties":{"id":"KAZ","name":"Kazajistán","continent":"asia","year":2008,"AGRPFO_VA":7341.46,"AGRPFO_EXP":1724.25,"FORLOG_VA":26.35,"FORLOG_EXP":1.0,"PESCAC_VA":26.72,"PESCAC_EXP":2.13,"MINCOL_VA":661.84,"MINCOL_EXP":857.08,"PETGAS_VA":22015.89,"PETGAS_EXP":34519.38,"MINORE_VA":2847.4,"MINORE_EXP":2524.06,"MINOTH_VA":273.34,"MINOTH_EXP":553.46,"MINSER_VA":1038.91,"MINSER_EXP":32.18,"ALYBEB_VA":2779.86,"ALYBEB_EXP":837.51,"TEXYPR_VA":173.7,"TEXYPR_EXP":116.71,"MADYPR_VA":42.95,"MADYPR_EXP":1.87,"PAPYPR_VA":199.92,"PAPYPR_EXP":32.12,"PETREF_VA":2119.71,"PETREF_EXP":2998.37,"QUIMYP_VA":450.19,"QUIMYP_EXP":591.63,"FARMED_VA":61.51,"FARMED_EXP":21.64,"HUPLAS_VA":291.01,"HUPLAS_EXP":57.91,"PRNOMT_VA":771.45,"PRNOMT_EXP":323.97,"METBAS_VA":2583.0,"METBAS_EXP":4559.06,"NONFER_VA":5116.97,"NONFER_EXP":2516.59,"PRMETA_VA":353.79,"PRMETA_EXP":80.48,"ELCTRO_VA":53.03,"ELCTRO_EXP":47.16,"ELCTRI_VA":163.47,"ELCTRI_EXP":108.75,"MAQYEQ_VA":220.69,"MAQYEQ_EXP":306.67,"AUTOMO_VA":90.57,"AUTOMO_EXP":31.64,"OTRTRA_VA":22.62,"OTRTRA_EXP":45.85,"TRANSP_VA":40.62,"TRANSP_EXP":69.15,"OTRMAN_VA":910.71,"OTRMAN_EXP":12.97,"ELEGAS_VA":2071.12,"ELEGAS_EXP":44.19,"AGUBAS_VA":346.12,"AGUBAS_EXP":2.0,"CONSTR_VA":8847.02,"CONSTR_EXP":11.36,"COMREV_VA":19998.21,"COMREV_EXP":15034.64,"TRATIE_VA":6735.01,"TRATIE_EXP":4721.55,"TRAGUA_VA":288.32,"TRAGUA_EXP":146.08,"TRAAIR_VA":489.86,"TRAAIR_EXP":194.11,"ALMSTR_VA":2654.67,"ALMSTR_EXP":567.16,"POSTME_VA":123.34,"POSTME_EXP":7.72,"HOTYRE_VA":1237.53,"HOTYRE_EXP":331.73,"MMTVRA_VA":378.81,"MMTVRA_EXP":71.24,"TELECO_VA":3030.64,"TELECO_EXP":155.13,"ITSERV_VA":942.44,"ITSERV_EXP":13.34,"SERFIN_VA":2865.98,"SERFIN_EXP":298.39,"GOBEST_VA":12257.29,"GOBEST_EXP":213.89,"SPRSCT_VA":6587.21,"SPRSCT_EXP":324.18,"SEAEMP_VA":2547.65,"SEAEMP_EXP":414.27,"ADPDEF_VA":2313.27,"ADPDEF_EXP":46.46,"EDUCAC_VA":3662.04,"EDUCAC_EXP":12.47,"SALUDH_VA":2550.38,"SALUDH_EXP":16.2,"ESPARC_VA":420.46,"ESPARC_EXP":35.79,"OTRSER_VA":1689.46,"OTRSER_EXP":19.97,"SERHOG_VA":84.58,"SERHOG_EXP":0.0}},{"type":"Feature","geometry":{"type":"Point","coordinates":[104.99,12.57]},"properties":{"id":"KHM","name":"Camboya","continent":"asia","year":2008,"AGRPFO_VA":2195.25,"AGRPFO_EXP":2225.12,"FORLOG_VA":286.63,"FORLOG_EXP":3.03,"PESCAC_VA":731.66,"PESCAC_EXP":112.62,"MINCOL_VA":0.0,"MINCOL_EXP":0.0,"PETGAS_VA":0.0,"PETGAS_EXP":0.0,"MINORE_VA":18.69,"MINORE_EXP":0.24,"MINOTH_VA":27.46,"MINOTH_EXP":0.51,"MINSER_VA":12.9,"MINSER_EXP":0.2,"ALYBEB_VA":208.85,"ALYBEB_EXP":240.54,"TEXYPR_VA":1066.81,"TEXYPR_EXP":1909.45,"MADYPR_VA":15.44,"MADYPR_EXP":18.36,"PAPYPR_VA":25.04,"PAPYPR_EXP":24.14,"PETREF_VA":4.92,"PETREF_EXP":15.05,"QUIMYP_VA":20.59,"QUIMYP_EXP":3.74,"FARMED_VA":11.21,"FARMED_EXP":1.88,"HUPLAS_VA":42.01,"HUPLAS_EXP":25.12,"PRNOMT_VA":48.0,"PRNOMT_EXP":0.73,"METBAS_VA":599.47,"METBAS_EXP":0.13,"NONFER_VA":12.62,"NONFER_EXP":3.85,"PRMETA_VA":50.24,"PRMETA_EXP":10.73,"ELCTRO_VA":0.05,"ELCTRO_EXP":0.02,"ELCTRI_VA":0.05,"ELCTRI_EXP":0.02,"MAQYEQ_VA":1.52,"MAQYEQ_EXP":2.58,"AUTOMO_VA":12.97,"AUTOMO_EXP":9.26,"OTRTRA_VA":2.0,"OTRTRA_EXP":2.88,"TRANSP_VA":3.15,"TRANSP_EXP":4.32,"OTRMAN_VA":60.24,"OTRMAN_EXP":26.09,"ELEGAS_VA":30.98,"ELEGAS_EXP":0.36,"AGUBAS_VA":29.5,"AGUBAS_EXP":0.42,"CONSTR_VA":599.81,"CONSTR_EXP":1.08,"COMREV_VA":920.61,"COMREV_EXP":330.32,"TRATIE_VA":265.95,"TRATIE_EXP":216.65,"TRAGUA_VA":42.9,"TRAGUA_EXP":58.22,"TRAAIR_VA":39.44,"TRAAIR_EXP":74.18,"ALMSTR_VA":136.93,"ALMSTR_EXP":162.44,"POSTME_VA":45.2,"POSTME_EXP":19.49,"HOTYRE_VA":440.71,"HOTYRE_EXP":360.41,"MMTVRA_VA":49.39,"MMTVRA_EXP":52.13,"TELECO_VA":168.0,"TELECO_EXP":70.49,"ITSERV_VA":34.79,"ITSERV_EXP":16.11,"SERFIN_VA":170.75,"SERFIN_EXP":44.49,"GOBEST_VA":612.75,"GOBEST_EXP":85.85,"SPRSCT_VA":98.28,"SPRSCT_EXP":37.17,"SEAEMP_VA":75.22,"SEAEMP_EXP":38.69,"ADPDEF_VA":181.94,"ADPDEF_EXP":0.72,"EDUCAC_VA":156.25,"EDUCAC_EXP":23.57,"SALUDH_VA":243.23,"SALUDH_EXP":19.43,"ESPARC_VA":85.89,"ESPARC_EXP":61.86,"OTRSER_VA":171.23,"OTRSER_EXP":25.91,"SERHOG_VA":0.0,"SERHOG_EXP":0.0}},{"type":"Feature","geometry":{"type":"Point","coordinates":[127.77,35.91]},"properties":{"id":"KOR","name":"Corea del Sur","continent":"asia","year":2008,"AGRPFO_VA":17881.04,"AGRPFO_EXP":349.18,"FORLOG_VA":1561.17,"FORLOG_EXP":49.01,"PESCAC_VA":2226.93,"PESCAC_EXP":167.13,"MINCOL_VA":197.4,"MINCOL_EXP":8.47,"PETGAS_VA":81.94,"PETGAS_EXP":1.26,"MINORE_VA":36.63,"MINORE_EXP":10.05,"MINOTH_VA":1338.02,"MINOTH_EXP":198.4,"MINSER_VA":11.76,"MINSER_EXP":11.07,"ALYBEB_VA":12885.52,"ALYBEB_EXP":3899.65,"TEXYPR_VA":12387.01,"TEXYPR_EXP":10697.72,"MADYPR_VA":1455.84,"MADYPR_EXP":86.72,"PAPYPR_VA":7758.5,"PAPYPR_EXP":2587.89,"PETREF_VA":10326.15,"PETREF_EXP":50315.79,"QUIMYP_VA":22372.3,"QUIMYP_EXP":24587.8,"FARMED_VA":6172.58,"FARMED_EXP":1567.51,"HUPLAS_VA":15278.43,"HUPLAS_EXP":7654.91,"PRNOMT_VA":8923.07,"PRNOMT_EXP":1387.57,"METBAS_VA":23012.52,"METBAS_EXP":23225.94,"NONFER_VA":4336.36,"NONFER_EXP":9117.72,"PRMETA_VA":17732.03,"PRMETA_EXP":9500.05,"ELCTRO_VA":60865.68,"ELCTRO_EXP":109086.66,"ELCTRI_VA":14950.48,"ELCTRI_EXP":11119.27,"MAQYEQ_VA":23289.26,"MAQYEQ_EXP":25835.07,"AUTOMO_VA":24542.73,"AUTOMO_EXP":44108.06,"OTRTRA_VA":13234.78,"OTRTRA_EXP":39700.01,"TRANSP_VA":1502.77,"TRANSP_EXP":1521.78,"OTRMAN_VA":5452.09,"OTRMAN_EXP":3209.71,"ELEGAS_VA":9044.69,"ELEGAS_EXP":14.96,"AGUBAS_VA":5103.04,"AGUBAS_EXP":10.13,"CONSTR_VA":53314.88,"CONSTR_EXP":0.16,"COMREV_VA":96082.66,"COMREV_EXP":31088.85,"TRATIE_VA":12045.38,"TRATIE_EXP":1437.99,"TRAGUA_VA":12663.0,"TRAGUA_EXP":11949.61,"TRAAIR_VA":7536.06,"TRAAIR_EXP":8154.89,"ALMSTR_VA":9448.08,"ALMSTR_EXP":815.52,"POSTME_VA":3133.96,"POSTME_EXP":555.69,"HOTYRE_VA":28141.67,"HOTYRE_EXP":2341.92,"MMTVRA_VA":12377.59,"MMTVRA_EXP":1309.46,"TELECO_VA":17949.78,"TELECO_EXP":848.08,"ITSERV_VA":17054.44,"ITSERV_EXP":2502.65,"SERFIN_VA":60918.68,"SERFIN_EXP":9232.1,"GOBEST_VA":83105.54,"GOBEST_EXP":751.9,"SPRSCT_VA":55544.28,"SPRSCT_EXP":12445.91,"SEAEMP_VA":29167.56,"SEAEMP_EXP":11109.1,"ADPDEF_VA":56815.03,"ADPDEF_EXP":29.17,"EDUCAC_VA":53670.4,"EDUCAC_EXP":173.87,"SALUDH_VA":33671.76,"SALUDH_EXP":94.72,"ESPARC_VA":10759.84,"ESPARC_EXP":4328.77,"OTRSER_VA":14150.25,"OTRSER_EXP":147.79,"SERHOG_VA":1541.12,"SERHOG_EXP":0.0}},{"type":"Feature","geometry":{"type":"Point","coordinates":[102.5,19.86]},"properties":{"id":"LAO","name":"Laos","continent":"asia","year":2008,"AGRPFO_VA":901.65,"AGRPFO_EXP":207.3,"FORLOG_VA":158.48,"FORLOG_EXP":150.33,"PESCAC_VA":150.32,"PESCAC_EXP":0.29,"MINCOL_VA":51.94,"MINCOL_EXP":18.52,"PETGAS_VA":46.26,"PETGAS_EXP":0.14,"MINORE_VA":197.14,"MINORE_EXP":125.77,"MINOTH_VA":101.09,"MINOTH_EXP":22.09,"MINSER_VA":36.74,"MINSER_EXP":0.32,"ALYBEB_VA":208.8,"ALYBEB_EXP":31.79,"TEXYPR_VA":89.76,"TEXYPR_EXP":108.28,"MADYPR_VA":62.22,"MADYPR_EXP":125.96,"PAPYPR_VA":1.3,"PAPYPR_EXP":0.87,"PETREF_VA":25.04,"PETREF_EXP":0.27,"QUIMYP_VA":10.84,"QUIMYP_EXP":26.25,"FARMED_VA":6.89,"FARMED_EXP":2.3,"HUPLAS_VA":3.55,"HUPLAS_EXP":1.41,"PRNOMT_VA":49.65,"PRNOMT_EXP":0.48,"METBAS_VA":0.85,"METBAS_EXP":1.55,"NONFER_VA":0.82,"NONFER_EXP":1.5,"PRMETA_VA":17.57,"PRMETA_EXP":3.49,"ELCTRO_VA":1.47,"ELCTRO_EXP":3.69,"ELCTRI_VA":0.95,"ELCTRI_EXP":2.22,"MAQYEQ_VA":0.07,"MAQYEQ_EXP":0.03,"AUTOMO_VA":0.25,"AUTOMO_EXP":0.35,"OTRTRA_VA":0.13,"OTRTRA_EXP":0.11,"TRANSP_VA":0.14,"TRANSP_EXP":0.09,"OTRMAN_VA":38.38,"OTRMAN_EXP":12.31,"ELEGAS_VA":441.64,"ELEGAS_EXP":234.7,"AGUBAS_VA":74.51,"AGUBAS_EXP":0.43,"CONSTR_VA":275.84,"CONSTR_EXP":0.94,"COMREV_VA":736.58,"COMREV_EXP":122.82,"TRATIE_VA":107.42,"TRATIE_EXP":47.76,"TRAGUA_VA":6.75,"TRAGUA_EXP":6.14,"TRAAIR_VA":13.01,"TRAAIR_EXP":26.8,"ALMSTR_VA":18.84,"ALMSTR_EXP":2.32,"POSTME_VA":21.37,"POSTME_EXP":4.38,"HOTYRE_VA":98.32,"HOTYRE_EXP":103.18,"MMTVRA_VA":8.91,"MMTVRA_EXP":7.07,"TELECO_VA":93.51,"TELECO_EXP":13.66,"ITSERV_VA":9.23,"ITSERV_EXP":10.83,"SERFIN_VA":241.25,"SERFIN_EXP":40.33,"GOBEST_VA":253.09,"GOBEST_EXP":24.83,"SPRSCT_VA":33.65,"SPRSCT_EXP":30.4,"SEAEMP_VA":15.64,"SEAEMP_EXP":16.41,"ADPDEF_VA":337.19,"ADPDEF_EXP":0.76,"EDUCAC_VA":103.32,"EDUCAC_EXP":7.05,"SALUDH_VA":17.2,"SALUDH_EXP":5.53,"ESPARC_VA":16.62,"ESPARC_EXP":15.41,"OTRSER_VA":198.6,"OTRSER_EXP":7.49,"SERHOG_VA":25.59,"SERHOG_EXP":0.0}},{"type":"Feature","geometry":{"type":"Point","coordinates":[23.88,55.17]},"properties":{"id":"LTU","name":"Lituania","continent":"europe","year":2008,"AGRPFO_VA":1423.43,"AGRPFO_EXP":1026.01,"FORLOG_VA":233.0,"FORLOG_EXP":101.5,"PESCAC_VA":46.14,"PESCAC_EXP":9.89,"MINCOL_VA":27.14,"MINCOL_EXP":10.09,"PETGAS_VA":71.11,"PETGAS_EXP":32.95,"MINORE_VA":7.78,"MINORE_EXP":0.4,"MINOTH_VA":65.94,"MINOTH_EXP":60.45,"MINSER_VA":25.73,"MINSER_EXP":0.57,"ALYBEB_VA":1525.68,"ALYBEB_EXP":1473.47,"TEXYPR_VA":610.14,"TEXYPR_EXP":471.29,"MADYPR_VA":530.11,"MADYPR_EXP":512.0,"PAPYPR_VA":294.11,"PAPYPR_EXP":99.77,"PETREF_VA":2170.63,"PETREF_EXP":4154.28,"QUIMYP_VA":1054.8,"QUIMYP_EXP":1843.88,"FARMED_VA":57.54,"FARMED_EXP":32.18,"HUPLAS_VA":411.22,"HUPLAS_EXP":472.69,"PRNOMT_VA":403.5,"PRNOMT_EXP":185.37,"METBAS_VA":37.32,"METBAS_EXP":94.62,"NONFER_VA":3.97,"NONFER_EXP":7.85,"PRMETA_VA":428.11,"PRMETA_EXP":352.75,"ELCTRO_VA":173.99,"ELCTRO_EXP":235.36,"ELCTRI_VA":126.91,"ELCTRI_EXP":283.14,"MAQYEQ_VA":219.92,"MAQYEQ_EXP":325.7,"AUTOMO_VA":124.36,"AUTOMO_EXP":95.74,"OTRTRA_VA":128.71,"OTRTRA_EXP":113.36,"TRANSP_VA":58.23,"TRANSP_EXP":100.51,"OTRMAN_VA":1028.33,"OTRMAN_EXP":830.44,"ELEGAS_VA":1454.84,"ELEGAS_EXP":168.83,"AGUBAS_VA":311.07,"AGUBAS_EXP":7.06,"CONSTR_VA":4926.16,"CONSTR_EXP":126.92,"COMREV_VA":7657.22,"COMREV_EXP":2905.17,"TRATIE_VA":2760.9,"TRATIE_EXP":2492.53,"TRAGUA_VA":138.54,"TRAGUA_EXP":109.63,"TRAAIR_VA":44.92,"TRAAIR_EXP":150.56,"ALMSTR_VA":1271.55,"ALMSTR_EXP":955.81,"POSTME_VA":117.16,"POSTME_EXP":17.06,"HOTYRE_VA":587.94,"HOTYRE_EXP":215.83,"MMTVRA_VA":298.06,"MMTVRA_EXP":65.88,"TELECO_VA":945.89,"TELECO_EXP":144.42,"ITSERV_VA":236.75,"ITSERV_EXP":45.97,"SERFIN_VA":1491.61,"SERFIN_EXP":103.39,"GOBEST_VA":3002.6,"GOBEST_EXP":73.44,"SPRSCT_VA":1594.7,"SPRSCT_EXP":200.22,"SEAEMP_VA":945.08,"SEAEMP_EXP":166.13,"ADPDEF_VA":2962.15,"ADPDEF_EXP":3.24,"EDUCAC_VA":2042.61,"EDUCAC_EXP":20.56,"SALUDH_VA":1439.56,"SALUDH_EXP":15.77,"ESPARC_VA":357.13,"ESPARC_EXP":77.85,"OTRSER_VA":353.52,"OTRSER_EXP":32.2,"SERHOG_VA":40.81,"SERHOG_EXP":0.0}},{"type":"Feature","geometry":{"type":"Point","coordinates":[6.13,49.82]},"properties":{"id":"LUX","name":"Luxemburgo","continent":"europe","year":2008,"AGRPFO_VA":199.37,"AGRPFO_EXP":464.8,"FORLOG_VA":13.71,"FORLOG_EXP":23.33,"PESCAC_VA":0.0,"PESCAC_EXP":0.0,"MINCOL_VA":0.0,"MINCOL_EXP":0.0,"PETGAS_VA":0.0,"PETGAS_EXP":0.0,"MINORE_VA":14.76,"MINORE_EXP":10.99,"MINOTH_VA":35.1,"MINOTH_EXP":12.96,"MINSER_VA":0.0,"MINSER_EXP":0.0,"ALYBEB_VA":355.52,"ALYBEB_EXP":807.47,"TEXYPR_VA":215.01,"TEXYPR_EXP":613.11,"MADYPR_VA":64.5,"MADYPR_EXP":235.5,"PAPYPR_VA":142.32,"PAPYPR_EXP":452.53,"PETREF_VA":0.0,"PETREF_EXP":0.0,"QUIMYP_VA":145.96,"QUIMYP_EXP":386.91,"FARMED_VA":29.41,"FARMED_EXP":21.43,"HUPLAS_VA":313.28,"HUPLAS_EXP":1346.68,"PRNOMT_VA":473.56,"PRNOMT_EXP":811.79,"METBAS_VA":622.99,"METBAS_EXP":2608.19,"NONFER_VA":646.3,"NONFER_EXP":2869.87,"PRMETA_VA":366.01,"PRMETA_EXP":624.54,"ELCTRO_VA":91.38,"ELCTRO_EXP":265.23,"ELCTRI_VA":45.61,"ELCTRI_EXP":87.43,"MAQYEQ_VA":458.57,"MAQYEQ_EXP":929.09,"AUTOMO_VA":88.18,"AUTOMO_EXP":36.91,"OTRTRA_VA":0.92,"OTRTRA_EXP":0.89,"TRANSP_VA":1.68,"TRANSP_EXP":1.0,"OTRMAN_VA":125.78,"OTRMAN_EXP":249.84,"ELEGAS_VA":460.08,"ELEGAS_EXP":508.07,"AGUBAS_VA":239.16,"AGUBAS_EXP":27.65,"CONSTR_VA":3094.14,"CONSTR_EXP":86.11,"COMREV_VA":5316.58,"COMREV_EXP":2550.92,"TRATIE_VA":1673.97,"TRATIE_EXP":1909.54,"TRAGUA_VA":46.29,"TRAGUA_EXP":92.84,"TRAAIR_VA":622.07,"TRAAIR_EXP":2217.02,"ALMSTR_VA":334.44,"ALMSTR_EXP":338.27,"POSTME_VA":143.74,"POSTME_EXP":214.09,"HOTYRE_VA":958.64,"HOTYRE_EXP":1260.1,"MMTVRA_VA":356.39,"MMTVRA_EXP":615.73,"TELECO_VA":1856.94,"TELECO_EXP":2922.23,"ITSERV_VA":1064.62,"ITSERV_EXP":2029.87,"SERFIN_VA":16741.78,"SERFIN_EXP":51410.03,"GOBEST_VA":4491.56,"GOBEST_EXP":360.47,"SPRSCT_VA":3637.12,"SPRSCT_EXP":2108.89,"SEAEMP_VA":1812.17,"SEAEMP_EXP":1015.77,"ADPDEF_VA":2798.53,"ADPDEF_EXP":43.57,"EDUCAC_VA":1932.32,"EDUCAC_EXP":102.01,"SALUDH_VA":2665.3,"SALUDH_EXP":77.3,"ESPARC_VA":346.41,"ESPARC_EXP":243.95,"OTRSER_VA":426.23,"OTRSER_EXP":85.2,"SERHOG_VA":162.09,"SERHOG_EXP":0.0}},{"type":"Feature","geometry":{"type":"Point","coordinates":[24.6,56.88]},"properties":{"id":"LVA","name":"Letonia","continent":"europe","year":2008,"AGRPFO_VA":628.63,"AGRPFO_EXP":349.37,"FORLOG_VA":507.94,"FORLOG_EXP":223.61,"PESCAC_VA":55.96,"PESCAC_EXP":27.5,"MINCOL_VA":2.18,"MINCOL_EXP":0.54,"PETGAS_VA":0.0,"PETGAS_EXP":0.0,"MINORE_VA":0.78,"MINORE_EXP":0.39,"MINOTH_VA":116.64,"MINOTH_EXP":6.08,"MINSER_VA":1.14,"MINSER_EXP":0.44,"ALYBEB_VA":905.33,"ALYBEB_EXP":684.94,"TEXYPR_VA":244.43,"TEXYPR_EXP":247.38,"MADYPR_VA":609.0,"MADYPR_EXP":768.98,"PAPYPR_VA":187.78,"PAPYPR_EXP":37.84,"PETREF_VA":0.11,"PETREF_EXP":0.01,"QUIMYP_VA":117.88,"QUIMYP_EXP":156.53,"FARMED_VA":101.77,"FARMED_EXP":130.51,"HUPLAS_VA":112.27,"HUPLAS_EXP":106.06,"PRNOMT_VA":241.05,"PRNOMT_EXP":143.39,"METBAS_VA":114.71,"METBAS_EXP":403.87,"NONFER_VA":21.48,"NONFER_EXP":119.28,"PRMETA_VA":295.02,"PRMETA_EXP":216.99,"ELCTRO_VA":95.44,"ELCTRO_EXP":95.14,"ELCTRI_VA":89.98,"ELCTRI_EXP":136.74,"MAQYEQ_VA":115.0,"MAQYEQ_EXP":160.14,"AUTOMO_VA":45.59,"AUTOMO_EXP":99.46,"OTRTRA_VA":47.85,"OTRTRA_EXP":37.51,"TRANSP_VA":38.55,"TRANSP_EXP":53.5,"OTRMAN_VA":429.43,"OTRMAN_EXP":255.6,"ELEGAS_VA":867.25,"ELEGAS_EXP":44.66,"AGUBAS_VA":287.97,"AGUBAS_EXP":2.93,"CONSTR_VA":3598.83,"CONSTR_EXP":29.48,"COMREV_VA":4988.31,"COMREV_EXP":1405.23,"TRATIE_VA":1752.71,"TRATIE_EXP":2205.03,"TRAGUA_VA":198.88,"TRAGUA_EXP":122.66,"TRAAIR_VA":150.35,"TRAAIR_EXP":155.89,"ALMSTR_VA":1311.82,"ALMSTR_EXP":368.59,"POSTME_VA":103.48,"POSTME_EXP":39.8,"HOTYRE_VA":565.89,"HOTYRE_EXP":281.47,"MMTVRA_VA":258.02,"MMTVRA_EXP":45.02,"TELECO_VA":689.95,"TELECO_EXP":96.0,"ITSERV_VA":391.6,"ITSERV_EXP":140.74,"SERFIN_VA":1911.26,"SERFIN_EXP":692.39,"GOBEST_VA":2319.56,"GOBEST_EXP":59.69,"SPRSCT_VA":1548.22,"SPRSCT_EXP":398.25,"SEAEMP_VA":871.24,"SEAEMP_EXP":179.98,"ADPDEF_VA":2847.44,"ADPDEF_EXP":2.12,"EDUCAC_VA":1703.58,"EDUCAC_EXP":21.72,"SALUDH_VA":1021.03,"SALUDH_EXP":13.51,"ESPARC_VA":667.73,"ESPARC_EXP":45.78,"OTRSER_VA":270.71,"OTRSER_EXP":16.2,"SERHOG_VA":38.45,"SERHOG_EXP":0.0}},{"type":"Feature","geometry":{"type":"Point","coordinates":[-7.09,31.79]},"properties":{"id":"MAR","name":"Marruecos","continent":"other","year":2008,"AGRPFO_VA":10309.05,"AGRPFO_EXP":1074.91,"FORLOG_VA":1288.97,"FORLOG_EXP":5.13,"PESCAC_VA":499.7,"PESCAC_EXP":328.08,"MINCOL_VA":5.27,"MINCOL_EXP":0.63,"PETGAS_VA":11.84,"PETGAS_EXP":1.19,"MINORE_VA":477.98,"MINORE_EXP":161.4,"MINOTH_VA":1681.96,"MINOTH_EXP":1918.82,"MINSER_VA":50.62,"MINSER_EXP":16.49,"ALYBEB_VA":4051.28,"ALYBEB_EXP":2259.97,"TEXYPR_VA":2402.12,"TEXYPR_EXP":3181.47,"MADYPR_VA":213.94,"MADYPR_EXP":54.92,"PAPYPR_VA":439.64,"PAPYPR_EXP":135.89,"PETREF_VA":221.17,"PETREF_EXP":647.67,"QUIMYP_VA":1623.16,"QUIMYP_EXP":3853.11,"FARMED_VA":593.51,"FARMED_EXP":121.0,"HUPLAS_VA":469.76,"HUPLAS_EXP":155.89,"PRNOMT_VA":1397.6,"PRNOMT_EXP":153.26,"METBAS_VA":327.13,"METBAS_EXP":268.03,"NONFER_VA":267.68,"NONFER_EXP":483.81,"PRMETA_VA":813.53,"PRMETA_EXP":125.78,"ELCTRO_VA":105.88,"ELCTRO_EXP":219.63,"ELCTRI_VA":609.81,"ELCTRI_EXP":1063.46,"MAQYEQ_VA":282.28,"MAQYEQ_EXP":67.03,"AUTOMO_VA":955.77,"AUTOMO_EXP":412.42,"OTRTRA_VA":74.45,"OTRTRA_EXP":39.18,"TRANSP_VA":149.42,"TRANSP_EXP":57.76,"OTRMAN_VA":1053.88,"OTRMAN_EXP":192.84,"ELEGAS_VA":2212.43,"ELEGAS_EXP":15.95,"AGUBAS_VA":329.8,"AGUBAS_EXP":2.0,"CONSTR_VA":6427.16,"CONSTR_EXP":99.03,"COMREV_VA":9360.97,"COMREV_EXP":2242.29,"TRATIE_VA":1864.96,"TRATIE_EXP":1236.34,"TRAGUA_VA":40.69,"TRAGUA_EXP":133.65,"TRAAIR_VA":186.64,"TRAAIR_EXP":969.42,"ALMSTR_VA":1011.81,"ALMSTR_EXP":874.42,"POSTME_VA":98.27,"POSTME_EXP":128.38,"HOTYRE_VA":2010.18,"HOTYRE_EXP":2183.03,"MMTVRA_VA":300.32,"MMTVRA_EXP":150.52,"TELECO_VA":2397.9,"TELECO_EXP":808.95,"ITSERV_VA":454.44,"ITSERV_EXP":472.18,"SERFIN_VA":4610.65,"SERFIN_EXP":294.23,"GOBEST_VA":3321.75,"GOBEST_EXP":443.79,"SPRSCT_VA":2936.97,"SPRSCT_EXP":1386.1,"SEAEMP_VA":3333.26,"SEAEMP_EXP":957.76,"ADPDEF_VA":8908.25,"ADPDEF_EXP":133.69,"EDUCAC_VA":7578.21,"EDUCAC_EXP":232.35,"SALUDH_VA":3100.39,"SALUDH_EXP":97.67,"ESPARC_VA":304.19,"ESPARC_EXP":219.57,"OTRSER_VA":893.61,"OTRSER_EXP":151.88,"SERHOG_VA":404.34,"SERHOG_EXP":0.0}},{"type":"Feature","geometry":{"type":"Point","coordinates":[-102.55,23.63]},"properties":{"id":"MEX","name":"México","continent":"america","year":2008,"AGRPFO_VA":31505.34,"AGRPFO_EXP":5554.68,"FORLOG_VA":1558.35,"FORLOG_EXP":38.6,"PESCAC_VA":528.99,"PESCAC_EXP":114.75,"MINCOL_VA":401.86,"MINCOL_EXP":16.47,"PETGAS_VA":77144.4,"PETGAS_EXP":42140.26,"MINORE_VA":3888.81,"MINORE_EXP":1315.48,"MINOTH_VA":4588.03,"MINOTH_EXP":387.65,"MINSER_VA":4684.67,"MINSER_EXP":4.17,"ALYBEB_VA":47811.6,"ALYBEB_EXP":7015.58,"TEXYPR_VA":8388.03,"TEXYPR_EXP":5378.09,"MADYPR_VA":1836.31,"MADYPR_EXP":295.87,"PAPYPR_VA":5315.03,"PAPYPR_EXP":2306.5,"PETREF_VA":5803.58,"PETREF_EXP":5623.21,"QUIMYP_VA":19089.16,"QUIMYP_EXP":8354.62,"FARMED_VA":6710.15,"FARMED_EXP":1890.3,"HUPLAS_VA":5793.39,"HUPLAS_EXP":4225.62,"PRNOMT_VA":8844.16,"PRNOMT_EXP":2238.48,"METBAS_VA":7848.98,"METBAS_EXP":4743.77,"NONFER_VA":6678.78,"NONFER_EXP":7194.68,"PRMETA_VA":7842.21,"PRMETA_EXP":7400.98,"ELCTRO_VA":18052.4,"ELCTRO_EXP":50466.6,"ELCTRI_VA":9854.56,"ELCTRI_EXP":16228.88,"MAQYEQ_VA":9728.26,"MAQYEQ_EXP":12036.47,"AUTOMO_VA":25545.93,"AUTOMO_EXP":51685.28,"OTRTRA_VA":215.63,"OTRTRA_EXP":129.92,"TRANSP_VA":1271.97,"TRANSP_EXP":2468.37,"OTRMAN_VA":8853.61,"OTRMAN_EXP":4498.71,"ELEGAS_VA":17504.99,"ELEGAS_EXP":688.96,"AGUBAS_VA":2800.36,"AGUBAS_EXP":65.08,"CONSTR_VA":75008.34,"CONSTR_EXP":31.18,"COMREV_VA":196751.03,"COMREV_EXP":32766.44,"TRATIE_VA":58460.37,"TRATIE_EXP":10402.67,"TRAGUA_VA":871.16,"TRAGUA_EXP":635.03,"TRAAIR_VA":1533.5,"TRAAIR_EXP":1897.95,"ALMSTR_VA":7185.93,"ALMSTR_EXP":1815.29,"POSTME_VA":1127.32,"POSTME_EXP":22.04,"HOTYRE_VA":28645.6,"HOTYRE_EXP":5906.43,"MMTVRA_VA":4240.22,"MMTVRA_EXP":578.91,"TELECO_VA":20762.26,"TELECO_EXP":511.89,"ITSERV_VA":2131.67,"ITSERV_EXP":26.97,"SERFIN_VA":35153.58,"SERFIN_EXP":2918.6,"GOBEST_VA":162478.5,"GOBEST_EXP":1029.5,"SPRSCT_VA":28160.71,"SPRSCT_EXP":810.22,"SEAEMP_VA":42135.05,"SEAEMP_EXP":428.95,"ADPDEF_VA":39635.97,"ADPDEF_EXP":1.48,"EDUCAC_VA":42099.78,"EDUCAC_EXP":295.28,"SALUDH_VA":22723.31,"SALUDH_EXP":254.06,"ESPARC_VA":5991.84,"ESPARC_EXP":680.28,"OTRSER_VA":12669.04,"OTRSER_EXP":346.69,"SERHOG_VA":4962.07,"SERHOG_EXP":0.0}},{"type":"Feature","geometry":{"type":"Point","coordinates":[14.38,35.94]},"properties":{"id":"MLT","name":"Malta","continent":"europe","year":2008,"AGRPFO_VA":92.61,"AGRPFO_EXP":26.34,"FORLOG_VA":0.0,"FORLOG_EXP":0.0,"PESCAC_VA":14.36,"PESCAC_EXP":116.11,"MINCOL_VA":0.0,"MINCOL_EXP":0.0,"PETGAS_VA":2.63,"PETGAS_EXP":7.87,"MINORE_VA":0.83,"MINORE_EXP":0.23,"MINOTH_VA":18.38,"MINOTH_EXP":1.28,"MINSER_VA":14.83,"MINSER_EXP":6.35,"ALYBEB_VA":199.6,"ALYBEB_EXP":112.23,"TEXYPR_VA":48.44,"TEXYPR_EXP":52.19,"MADYPR_VA":6.89,"MADYPR_EXP":5.0,"PAPYPR_VA":98.24,"PAPYPR_EXP":202.13,"PETREF_VA":0.34,"PETREF_EXP":0.08,"QUIMYP_VA":22.49,"QUIMYP_EXP":37.25,"FARMED_VA":104.63,"FARMED_EXP":152.73,"HUPLAS_VA":71.42,"HUPLAS_EXP":185.85,"PRNOMT_VA":45.14,"PRNOMT_EXP":8.9,"METBAS_VA":0.62,"METBAS_EXP":0.66,"NONFER_VA":0.4,"NONFER_EXP":0.54,"PRMETA_VA":49.96,"PRMETA_EXP":35.99,"ELCTRO_VA":76.6,"ELCTRO_EXP":640.7,"ELCTRI_VA":34.2,"ELCTRI_EXP":74.88,"MAQYEQ_VA":30.94,"MAQYEQ_EXP":47.17,"AUTOMO_VA":48.41,"AUTOMO_EXP":0.83,"OTRTRA_VA":7.43,"OTRTRA_EXP":5.15,"TRANSP_VA":15.23,"TRANSP_EXP":9.55,"OTRMAN_VA":326.08,"OTRMAN_EXP":326.12,"ELEGAS_VA":15.97,"ELEGAS_EXP":0.24,"AGUBAS_VA":91.92,"AGUBAS_EXP":0.32,"CONSTR_VA":416.78,"CONSTR_EXP":19.06,"COMREV_VA":945.53,"COMREV_EXP":364.79,"TRATIE_VA":96.58,"TRATIE_EXP":68.57,"TRAGUA_VA":33.3,"TRAGUA_EXP":94.81,"TRAAIR_VA":84.96,"TRAAIR_EXP":276.72,"ALMSTR_VA":343.73,"ALMSTR_EXP":320.49,"POSTME_VA":24.25,"POSTME_EXP":12.38,"HOTYRE_VA":435.56,"HOTYRE_EXP":605.28,"MMTVRA_VA":70.17,"MMTVRA_EXP":54.16,"TELECO_VA":230.77,"TELECO_EXP":77.72,"ITSERV_VA":136.83,"ITSERV_EXP":114.39,"SERFIN_VA":602.4,"SERFIN_EXP":851.77,"GOBEST_VA":510.76,"GOBEST_EXP":35.26,"SPRSCT_VA":401.78,"SPRSCT_EXP":344.0,"SEAEMP_VA":320.08,"SEAEMP_EXP":196.63,"ADPDEF_VA":543.64,"ADPDEF_EXP":1.95,"EDUCAC_VA":493.65,"EDUCAC_EXP":14.08,"SALUDH_VA":463.18,"SALUDH_EXP":18.61,"ESPARC_VA":683.65,"ESPARC_EXP":1216.88,"OTRSER_VA":109.18,"OTRSER_EXP":13.36,"SERHOG_VA":5.06,"SERHOG_EXP":0.0}},{"type":"Feature","geometry":{"type":"Point","coordinates":[95.96,21.91]},"properties":{"id":"MMR","name":"Myanmar","continent":"asia","year":2008,"AGRPFO_VA":6888.6,"AGRPFO_EXP":1442.3,"FORLOG_VA":232.22,"FORLOG_EXP":285.86,"PESCAC_VA":1716.01,"PESCAC_EXP":252.26,"MINCOL_VA":1.52,"MINCOL_EXP":0.31,"PETGAS_VA":714.46,"PETGAS_EXP":1475.25,"MINORE_VA":101.59,"MINORE_EXP":56.32,"MINOTH_VA":110.46,"MINOTH_EXP":151.85,"MINSER_VA":4.48,"MINSER_EXP":1.8,"ALYBEB_VA":1109.09,"ALYBEB_EXP":424.23,"TEXYPR_VA":872.9,"TEXYPR_EXP":1129.72,"MADYPR_VA":137.47,"MADYPR_EXP":82.48,"PAPYPR_VA":127.41,"PAPYPR_EXP":23.74,"PETREF_VA":188.73,"PETREF_EXP":79.42,"QUIMYP_VA":161.03,"QUIMYP_EXP":18.16,"FARMED_VA":80.75,"FARMED_EXP":1.24,"HUPLAS_VA":102.87,"HUPLAS_EXP":12.87,"PRNOMT_VA":177.18,"PRNOMT_EXP":5.92,"METBAS_VA":91.61,"METBAS_EXP":0.44,"NONFER_VA":65.47,"NONFER_EXP":1.05,"PRMETA_VA":129.05,"PRMETA_EXP":14.77,"ELCTRO_VA":112.28,"ELCTRO_EXP":28.27,"ELCTRI_VA":88.45,"ELCTRI_EXP":35.94,"MAQYEQ_VA":89.52,"MAQYEQ_EXP":54.59,"AUTOMO_VA":136.25,"AUTOMO_EXP":5.12,"OTRTRA_VA":16.59,"OTRTRA_EXP":23.19,"TRANSP_VA":23.46,"TRANSP_EXP":29.14,"OTRMAN_VA":191.17,"OTRMAN_EXP":35.15,"ELEGAS_VA":120.02,"ELEGAS_EXP":10.88,"AGUBAS_VA":22.83,"AGUBAS_EXP":0.39,"CONSTR_VA":782.45,"CONSTR_EXP":5.11,"COMREV_VA":1751.21,"COMREV_EXP":381.24,"TRATIE_VA":415.97,"TRATIE_EXP":68.5,"TRAGUA_VA":152.47,"TRAGUA_EXP":83.92,"TRAAIR_VA":99.04,"TRAAIR_EXP":64.1,"ALMSTR_VA":166.6,"ALMSTR_EXP":71.09,"POSTME_VA":27.83,"POSTME_EXP":0.23,"HOTYRE_VA":479.19,"HOTYRE_EXP":20.58,"MMTVRA_VA":91.36,"MMTVRA_EXP":5.15,"TELECO_VA":286.17,"TELECO_EXP":1.59,"ITSERV_VA":69.63,"ITSERV_EXP":2.73,"SERFIN_VA":492.07,"SERFIN_EXP":1.74,"GOBEST_VA":607.48,"GOBEST_EXP":9.92,"SPRSCT_VA":310.15,"SPRSCT_EXP":77.78,"SEAEMP_VA":241.41,"SEAEMP_EXP":39.77,"ADPDEF_VA":713.46,"ADPDEF_EXP":1.31,"EDUCAC_VA":435.59,"EDUCAC_EXP":1.31,"SALUDH_VA":553.78,"SALUDH_EXP":1.12,"ESPARC_VA":79.23,"ESPARC_EXP":2.26,"OTRSER_VA":141.49,"OTRSER_EXP":1.91,"SERHOG_VA":0.0,"SERHOG_EXP":0.0}},{"type":"Feature","geometry":{"type":"Point","coordinates":[101.98,4.21]},"properties":{"id":"MYS","name":"Malasia","continent":"asia","year":2008,"AGRPFO_VA":16995.88,"AGRPFO_EXP":3042.53,"FORLOG_VA":2222.79,"FORLOG_EXP":917.24,"PESCAC_VA":2359.69,"PESCAC_EXP":183.13,"MINCOL_VA":8476.44,"MINCOL_EXP":192.71,"PETGAS_VA":12142.33,"PETGAS_EXP":25346.69,"MINORE_VA":344.89,"MINORE_EXP":93.75,"MINOTH_VA":1228.89,"MINOTH_EXP":518.84,"MINSER_VA":1491.52,"MINSER_EXP":55.82,"ALYBEB_VA":3519.79,"ALYBEB_EXP":21992.62,"TEXYPR_VA":775.3,"TEXYPR_EXP":2369.79,"MADYPR_VA":1153.25,"MADYPR_EXP":3412.67,"PAPYPR_VA":1401.04,"PAPYPR_EXP":914.73,"PETREF_VA":6729.66,"PETREF_EXP":10092.54,"QUIMYP_VA":4219.6,"QUIMYP_EXP":10264.29,"FARMED_VA":306.17,"FARMED_EXP":161.5,"HUPLAS_VA":2725.06,"HUPLAS_EXP":6899.58,"PRNOMT_VA":1484.69,"PRNOMT_EXP":1309.53,"METBAS_VA":841.95,"METBAS_EXP":2628.13,"NONFER_VA":457.34,"NONFER_EXP":2968.03,"PRMETA_VA":1676.1,"PRMETA_EXP":3101.37,"ELCTRO_VA":10502.85,"ELCTRO_EXP":47580.85,"ELCTRI_VA":713.71,"ELCTRI_EXP":5067.47,"MAQYEQ_VA":1251.34,"MAQYEQ_EXP":4843.33,"AUTOMO_VA":3653.48,"AUTOMO_EXP":768.65,"OTRTRA_VA":369.11,"OTRTRA_EXP":1360.65,"TRANSP_VA":358.16,"TRANSP_EXP":950.16,"OTRMAN_VA":1717.9,"OTRMAN_EXP":1641.26,"ELEGAS_VA":4630.3,"ELEGAS_EXP":1464.37,"AGUBAS_VA":1590.86,"AGUBAS_EXP":50.39,"CONSTR_VA":7419.15,"CONSTR_EXP":60.82,"COMREV_VA":47566.11,"COMREV_EXP":15210.31,"TRATIE_VA":2108.89,"TRATIE_EXP":1997.12,"TRAGUA_VA":1263.11,"TRAGUA_EXP":1500.08,"TRAAIR_VA":1056.03,"TRAAIR_EXP":3026.64,"ALMSTR_VA":2329.85,"ALMSTR_EXP":1213.38,"POSTME_VA":307.73,"POSTME_EXP":566.83,"HOTYRE_VA":6596.45,"HOTYRE_EXP":6140.81,"MMTVRA_VA":1017.97,"MMTVRA_EXP":394.62,"TELECO_VA":4816.45,"TELECO_EXP":966.91,"ITSERV_VA":2447.94,"ITSERV_EXP":1536.98,"SERFIN_VA":16685.83,"SERFIN_EXP":3139.05,"GOBEST_VA":6378.76,"GOBEST_EXP":679.1,"SPRSCT_VA":4422.33,"SPRSCT_EXP":3673.44,"SEAEMP_VA":2288.25,"SEAEMP_EXP":1687.76,"ADPDEF_VA":16764.54,"ADPDEF_EXP":365.06,"EDUCAC_VA":7391.89,"EDUCAC_EXP":278.32,"SALUDH_VA":2085.97,"SALUDH_EXP":230.62,"ESPARC_VA":1370.4,"ESPARC_EXP":726.67,"OTRSER_VA":475.33,"OTRSER_EXP":315.22,"SERHOG_VA":242.65,"SERHOG_EXP":0.0}},{"type":"Feature","geometry":{"type":"Point","coordinates":[8.68,9.08]},"properties":{"id":"NGA","name":"Nigeria","continent":"other","year":2008,"AGRPFO_VA":81048.41,"AGRPFO_EXP":3054.55,"FORLOG_VA":890.41,"FORLOG_EXP":207.56,"PESCAC_VA":1594.95,"PESCAC_EXP":2.91,"MINCOL_VA":20.4,"MINCOL_EXP":2.03,"PETGAS_VA":43644.41,"PETGAS_EXP":60796.01,"MINORE_VA":15.65,"MINORE_EXP":9.83,"MINOTH_VA":306.87,"MINOTH_EXP":58.51,"MINSER_VA":43.56,"MINSER_EXP":3.07,"ALYBEB_VA":20015.98,"ALYBEB_EXP":2248.39,"TEXYPR_VA":3131.97,"TEXYPR_EXP":2787.15,"MADYPR_VA":819.21,"MADYPR_EXP":245.93,"PAPYPR_VA":297.69,"PAPYPR_EXP":5.83,"PETREF_VA":1675.23,"PETREF_EXP":3838.07,"QUIMYP_VA":519.53,"QUIMYP_EXP":282.5,"FARMED_VA":96.26,"FARMED_EXP":4.9,"HUPLAS_VA":248.8,"HUPLAS_EXP":309.26,"PRNOMT_VA":1886.67,"PRNOMT_EXP":14.13,"METBAS_VA":114.46,"METBAS_EXP":13.0,"NONFER_VA":165.18,"NONFER_EXP":433.4,"PRMETA_VA":111.42,"PRMETA_EXP":88.62,"ELCTRO_VA":150.07,"ELCTRO_EXP":16.98,"ELCTRI_VA":16.56,"ELCTRI_EXP":15.3,"MAQYEQ_VA":113.61,"MAQYEQ_EXP":152.5,"AUTOMO_VA":161.3,"AUTOMO_EXP":88.6,"OTRTRA_VA":148.42,"OTRTRA_EXP":14.21,"TRANSP_VA":2.4,"TRANSP_EXP":4.14,"OTRMAN_VA":1118.29,"OTRMAN_EXP":62.1,"ELEGAS_VA":1112.01,"ELEGAS_EXP":22.51,"AGUBAS_VA":415.05,"AGUBAS_EXP":0.04,"CONSTR_VA":8718.0,"CONSTR_EXP":0.34,"COMREV_VA":50843.06,"COMREV_EXP":8294.32,"TRATIE_VA":4054.41,"TRATIE_EXP":1655.4,"TRAGUA_VA":396.08,"TRAGUA_EXP":72.77,"TRAAIR_VA":217.08,"TRAAIR_EXP":301.81,"ALMSTR_VA":1141.9,"ALMSTR_EXP":195.56,"POSTME_VA":83.91,"POSTME_EXP":82.61,"HOTYRE_VA":1534.37,"HOTYRE_EXP":199.09,"MMTVRA_VA":6062.76,"MMTVRA_EXP":12.8,"TELECO_VA":18056.15,"TELECO_EXP":19.34,"ITSERV_VA":6565.1,"ITSERV_EXP":55.42,"SERFIN_VA":13210.21,"SERFIN_EXP":40.11,"GOBEST_VA":26230.68,"GOBEST_EXP":48.57,"SPRSCT_VA":9483.69,"SPRSCT_EXP":30.35,"SEAEMP_VA":70.97,"SEAEMP_EXP":1.06,"ADPDEF_VA":12871.07,"ADPDEF_EXP":0.01,"EDUCAC_VA":4851.61,"EDUCAC_EXP":9.14,"SALUDH_VA":2122.68,"SALUDH_EXP":7.63,"ESPARC_VA":311.59,"ESPARC_EXP":19.66,"OTRSER_VA":4683.81,"OTRSER_EXP":10.96,"SERHOG_VA":1178.89,"SERHOG_EXP":0.0}},{"type":"Feature","geometry":{"type":"Point","coordinates":[5.29,52.13]},"properties":{"id":"NLD","name":"Países Bajos","continent":"europe","year":2008,"AGRPFO_VA":16718.12,"AGRPFO_EXP":22197.05,"FORLOG_VA":150.99,"FORLOG_EXP":196.81,"PESCAC_VA":566.81,"PESCAC_EXP":508.88,"MINCOL_VA":0.0,"MINCOL_EXP":0.0,"PETGAS_VA":21959.89,"PETGAS_EXP":21107.08,"MINORE_VA":0.0,"MINORE_EXP":0.0,"MINOTH_VA":596.04,"MINOTH_EXP":684.71,"MINSER_VA":6036.44,"MINSER_EXP":3078.39,"ALYBEB_VA":17207.53,"ALYBEB_EXP":39636.84,"TEXYPR_VA":1705.63,"TEXYPR_EXP":2889.54,"MADYPR_VA":1665.61,"MADYPR_EXP":980.23,"PAPYPR_VA":6239.7,"PAPYPR_EXP":3547.19,"PETREF_VA":4864.08,"PETREF_EXP":27375.25,"QUIMYP_VA":16000.82,"QUIMYP_EXP":45528.79,"FARMED_VA":4104.3,"FARMED_EXP":7045.71,"HUPLAS_VA":3876.6,"HUPLAS_EXP":5081.51,"PRNOMT_VA":3562.39,"PRNOMT_EXP":1859.5,"METBAS_VA":3123.47,"METBAS_EXP":2011.45,"NONFER_VA":1143.46,"NONFER_EXP":2829.41,"PRMETA_VA":9355.12,"PRMETA_EXP":8754.81,"ELCTRO_VA":7902.72,"ELCTRO_EXP":10654.47,"ELCTRI_VA":4266.13,"ELCTRI_EXP":6516.07,"MAQYEQ_VA":11102.44,"MAQYEQ_EXP":22861.1,"AUTOMO_VA":4286.46,"AUTOMO_EXP":7650.38,"OTRTRA_VA":1994.81,"OTRTRA_EXP":2497.96,"TRANSP_VA":1181.26,"TRANSP_EXP":1235.1,"OTRMAN_VA":8646.18,"OTRMAN_EXP":6598.95,"ELEGAS_VA":9204.88,"ELEGAS_EXP":946.25,"AGUBAS_VA":5858.94,"AGUBAS_EXP":1327.44,"CONSTR_VA":50896.83,"CONSTR_EXP":423.27,"COMREV_VA":111654.71,"COMREV_EXP":60520.28,"TRATIE_VA":16828.09,"TRATIE_EXP":11543.55,"TRAGUA_VA":3998.69,"TRAGUA_EXP":5363.67,"TRAAIR_VA":5098.17,"TRAAIR_EXP":9489.94,"ALMSTR_VA":12486.71,"ALMSTR_EXP":8975.56,"POSTME_VA":4631.0,"POSTME_EXP":2730.24,"HOTYRE_VA":15081.12,"HOTYRE_EXP":4413.44,"MMTVRA_VA":7609.53,"MMTVRA_EXP":4578.1,"TELECO_VA":14191.69,"TELECO_EXP":2159.95,"ITSERV_VA":21229.16,"ITSERV_EXP":11820.75,"SERFIN_VA":54761.87,"SERFIN_EXP":12175.64,"GOBEST_VA":69995.1,"GOBEST_EXP":760.77,"SPRSCT_VA":73559.58,"SPRSCT_EXP":29751.72,"SEAEMP_VA":50779.56,"SEAEMP_EXP":15187.32,"ADPDEF_VA":63892.98,"ADPDEF_EXP":3404.33,"EDUCAC_VA":40782.35,"EDUCAC_EXP":729.72,"SALUDH_VA":66428.78,"SALUDH_EXP":324.59,"ESPARC_VA":10022.5,"ESPARC_EXP":1042.51,"OTRSER_VA":10062.97,"OTRSER_EXP":389.63,"SERHOG_VA":496.65,"SERHOG_EXP":0.0}},{"type":"Feature","geometry":{"type":"Point","coordinates":[8.47,60.47]},"properties":{"id":"NOR","name":"Noruega","continent":"europe","year":2008,"AGRPFO_VA":2088.21,"AGRPFO_EXP":103.9,"FORLOG_VA":1017.94,"FORLOG_EXP":62.95,"PESCAC_VA":2171.85,"PESCAC_EXP":2619.14,"MINCOL_VA":376.97,"MINCOL_EXP":332.76,"PETGAS_VA":113137.65,"PETGAS_EXP":107617.55,"MINORE_VA":86.98,"MINORE_EXP":97.76,"MINOTH_VA":581.83,"MINOTH_EXP":415.17,"MINSER_VA":5652.31,"MINSER_EXP":1024.92,"ALYBEB_VA":6135.42,"ALYBEB_EXP":3914.59,"TEXYPR_VA":560.65,"TEXYPR_EXP":326.17,"MADYPR_VA":1460.19,"MADYPR_EXP":418.75,"PAPYPR_VA":1721.07,"PAPYPR_EXP":1763.14,"PETREF_VA":911.5,"PETREF_EXP":6687.62,"QUIMYP_VA":2596.5,"QUIMYP_EXP":4811.09,"FARMED_VA":855.29,"FARMED_EXP":554.67,"HUPLAS_VA":734.91,"HUPLAS_EXP":482.43,"PRNOMT_VA":1703.42,"PRNOMT_EXP":480.81,"METBAS_VA":1357.73,"METBAS_EXP":2226.32,"NONFER_VA":1783.3,"NONFER_EXP":7326.43,"PRMETA_VA":3125.63,"PRMETA_EXP":1360.84,"ELCTRO_VA":1874.78,"ELCTRO_EXP":2378.75,"ELCTRI_VA":1333.75,"ELCTRI_EXP":1429.37,"MAQYEQ_VA":4415.02,"MAQYEQ_EXP":3720.73,"AUTOMO_VA":527.18,"AUTOMO_EXP":521.33,"OTRTRA_VA":3492.55,"OTRTRA_EXP":1282.17,"TRANSP_VA":114.14,"TRANSP_EXP":204.8,"OTRMAN_VA":3540.61,"OTRMAN_EXP":1778.54,"ELEGAS_VA":9972.36,"ELEGAS_EXP":609.54,"AGUBAS_VA":2363.01,"AGUBAS_EXP":14.73,"CONSTR_VA":23376.91,"CONSTR_EXP":26.96,"COMREV_VA":34473.07,"COMREV_EXP":11153.61,"TRATIE_VA":9590.31,"TRATIE_EXP":4284.91,"TRAGUA_VA":7013.94,"TRAGUA_EXP":17474.71,"TRAAIR_VA":1506.33,"TRAAIR_EXP":1015.32,"ALMSTR_VA":4361.68,"ALMSTR_EXP":2901.29,"POSTME_VA":1674.67,"POSTME_EXP":158.25,"HOTYRE_VA":5313.45,"HOTYRE_EXP":1694.3,"MMTVRA_VA":5207.29,"MMTVRA_EXP":565.73,"TELECO_VA":4371.9,"TELECO_EXP":777.3,"ITSERV_VA":6144.39,"ITSERV_EXP":1954.84,"SERFIN_VA":15221.8,"SERFIN_EXP":2156.16,"GOBEST_VA":26025.3,"GOBEST_EXP":369.61,"SPRSCT_VA":17675.53,"SPRSCT_EXP":5244.01,"SEAEMP_VA":10465.38,"SEAEMP_EXP":2255.04,"ADPDEF_VA":21577.59,"ADPDEF_EXP":10.12,"EDUCAC_VA":17734.26,"EDUCAC_EXP":193.83,"SALUDH_VA":35534.01,"SALUDH_EXP":71.54,"ESPARC_VA":4149.17,"ESPARC_EXP":317.67,"OTRSER_VA":3522.07,"OTRSER_EXP":90.58,"SERHOG_VA":63.6,"SERHOG_EXP":0.0}},{"type":"Feature","geometry":{"type":"Point","coordinates":[174.89,-40.9]},"properties":{"id":"NZL","name":"Nueva Zelanda","continent":"other","year":2008,"AGRPFO_VA":5324.85,"AGRPFO_EXP":1528.36,"FORLOG_VA":672.36,"FORLOG_EXP":619.48,"PESCAC_VA":1097.41,"PESCAC_EXP":294.05,"MINCOL_VA":60.18,"MINCOL_EXP":142.79,"PETGAS_VA":759.61,"PETGAS_EXP":670.32,"MINORE_VA":2070.65,"MINORE_EXP":36.2,"MINOTH_VA":148.54,"MINOTH_EXP":10.93,"MINSER_VA":230.33,"MINSER_EXP":28.48,"ALYBEB_VA":7186.02,"ALYBEB_EXP":11590.42,"TEXYPR_VA":539.77,"TEXYPR_EXP":682.64,"MADYPR_VA":819.16,"MADYPR_EXP":1008.2,"PAPYPR_VA":1031.65,"PAPYPR_EXP":818.1,"PETREF_VA":1153.71,"PETREF_EXP":684.64,"QUIMYP_VA":527.49,"QUIMYP_EXP":537.73,"FARMED_VA":81.67,"FARMED_EXP":102.28,"HUPLAS_VA":797.2,"HUPLAS_EXP":429.68,"PRNOMT_VA":740.71,"PRNOMT_EXP":96.69,"METBAS_VA":167.45,"METBAS_EXP":475.55,"NONFER_VA":455.18,"NONFER_EXP":1164.38,"PRMETA_VA":1358.09,"PRMETA_EXP":435.36,"ELCTRO_VA":348.84,"ELCTRO_EXP":379.55,"ELCTRI_VA":326.0,"ELCTRI_EXP":572.67,"MAQYEQ_VA":1223.49,"MAQYEQ_EXP":758.53,"AUTOMO_VA":163.27,"AUTOMO_EXP":59.6,"OTRTRA_VA":138.84,"OTRTRA_EXP":176.06,"TRANSP_VA":386.7,"TRANSP_EXP":34.46,"OTRMAN_VA":423.42,"OTRMAN_EXP":321.72,"ELEGAS_VA":3418.13,"ELEGAS_EXP":14.68,"AGUBAS_VA":905.16,"AGUBAS_EXP":7.69,"CONSTR_VA":8139.57,"CONSTR_EXP":89.06,"COMREV_VA":13057.75,"COMREV_EXP":5194.82,"TRATIE_VA":2137.38,"TRATIE_EXP":673.62,"TRAGUA_VA":255.44,"TRAGUA_EXP":173.47,"TRAAIR_VA":911.5,"TRAAIR_EXP":1314.21,"ALMSTR_VA":1601.12,"ALMSTR_EXP":287.22,"POSTME_VA":679.23,"POSTME_EXP":106.43,"HOTYRE_VA":2625.47,"HOTYRE_EXP":1692.81,"MMTVRA_VA":1263.74,"MMTVRA_EXP":386.11,"TELECO_VA":1524.33,"TELECO_EXP":466.92,"ITSERV_VA":1453.83,"ITSERV_EXP":520.84,"SERFIN_VA":6686.27,"SERFIN_EXP":615.97,"GOBEST_VA":13714.94,"GOBEST_EXP":493.95,"SPRSCT_VA":10845.94,"SPRSCT_EXP":1017.37,"SEAEMP_VA":2786.93,"SEAEMP_EXP":801.83,"ADPDEF_VA":6193.19,"ADPDEF_EXP":82.91,"EDUCAC_VA":6359.74,"EDUCAC_EXP":367.66,"SALUDH_VA":8260.56,"SALUDH_EXP":123.88,"ESPARC_VA":2026.04,"ESPARC_EXP":575.09,"OTRSER_VA":3263.63,"OTRSER_EXP":130.55,"SERHOG_VA":351.78,"SERHOG_EXP":0.0}},{"type":"Feature","geometry":{"type":"Point","coordinates":[69.35,30.38]},"properties":{"id":"PAK","name":"Pakistán","continent":"asia","year":2008,"AGRPFO_VA":29145.77,"AGRPFO_EXP":351.42,"FORLOG_VA":685.49,"FORLOG_EXP":1.44,"PESCAC_VA":397.23,"PESCAC_EXP":34.21,"MINCOL_VA":111.11,"MINCOL_EXP":0.41,"PETGAS_VA":2981.71,"PETGAS_EXP":9.19,"MINORE_VA":145.68,"MINORE_EXP":118.64,"MINOTH_VA":123.25,"MINOTH_EXP":22.48,"MINSER_VA":124.17,"MINSER_EXP":3.54,"ALYBEB_VA":6143.95,"ALYBEB_EXP":2215.54,"TEXYPR_VA":6324.27,"TEXYPR_EXP":7394.02,"MADYPR_VA":648.69,"MADYPR_EXP":22.49,"PAPYPR_VA":1398.09,"PAPYPR_EXP":38.09,"PETREF_VA":1587.24,"PETREF_EXP":776.4,"QUIMYP_VA":1792.41,"QUIMYP_EXP":435.71,"FARMED_VA":632.7,"FARMED_EXP":81.67,"HUPLAS_VA":818.31,"HUPLAS_EXP":73.91,"PRNOMT_VA":1442.95,"PRNOMT_EXP":412.19,"METBAS_VA":794.46,"METBAS_EXP":72.42,"NONFER_VA":560.11,"NONFER_EXP":30.58,"PRMETA_VA":1064.29,"PRMETA_EXP":113.28,"ELCTRO_VA":924.3,"ELCTRO_EXP":41.27,"ELCTRI_VA":632.91,"ELCTRI_EXP":50.18,"MAQYEQ_VA":1001.64,"MAQYEQ_EXP":74.98,"AUTOMO_VA":1234.52,"AUTOMO_EXP":21.64,"OTRTRA_VA":159.7,"OTRTRA_EXP":6.72,"TRANSP_VA":184.04,"TRANSP_EXP":5.24,"OTRMAN_VA":653.09,"OTRMAN_EXP":464.63,"ELEGAS_VA":1810.63,"ELEGAS_EXP":7.23,"AGUBAS_VA":1008.94,"AGUBAS_EXP":5.24,"CONSTR_VA":4951.15,"CONSTR_EXP":21.87,"COMREV_VA":15908.48,"COMREV_EXP":1960.58,"TRATIE_VA":4295.64,"TRATIE_EXP":200.59,"TRAGUA_VA":1195.74,"TRAGUA_EXP":269.83,"TRAAIR_VA":917.86,"TRAAIR_EXP":258.81,"ALMSTR_VA":1479.36,"ALMSTR_EXP":89.51,"POSTME_VA":369.29,"POSTME_EXP":1.47,"HOTYRE_VA":3872.31,"HOTYRE_EXP":103.82,"MMTVRA_VA":1175.11,"MMTVRA_EXP":66.34,"TELECO_VA":2955.37,"TELECO_EXP":140.26,"ITSERV_VA":784.53,"ITSERV_EXP":208.5,"SERFIN_VA":5521.43,"SERFIN_EXP":188.89,"GOBEST_VA":7342.11,"GOBEST_EXP":37.46,"SPRSCT_VA":3840.41,"SPRSCT_EXP":474.65,"SEAEMP_VA":2684.56,"SEAEMP_EXP":211.37,"ADPDEF_VA":1337.39,"ADPDEF_EXP":2.35,"EDUCAC_VA":3608.89,"EDUCAC_EXP":7.12,"SALUDH_VA":5970.92,"SALUDH_EXP":6.3,"ESPARC_VA":983.03,"ESPARC_EXP":26.22,"OTRSER_VA":1797.06,"OTRSER_EXP":14.25,"SERHOG_VA":711.87,"SERHOG_EXP":0.0}},{"type":"Feature","geometry":{"type":"Point","coordinates":[-75.02,-9.19]},"properties":{"id":"PER","name":"Perú","continent":"america","year":2008,"AGRPFO_VA":7244.64,"AGRPFO_EXP":764.07,"FORLOG_VA":318.56,"FORLOG_EXP":9.4,"PESCAC_VA":813.13,"PESCAC_EXP":5.65,"MINCOL_VA":131.02,"MINCOL_EXP":0.61,"PETGAS_VA":2426.03,"PETGAS_EXP":601.78,"MINORE_VA":11425.81,"MINORE_EXP":13654.79,"MINOTH_VA":476.03,"MINOTH_EXP":25.03,"MINSER_VA":1425.03,"MINSER_EXP":0.97,"ALYBEB_VA":4737.92,"ALYBEB_EXP":3507.39,"TEXYPR_VA":2472.33,"TEXYPR_EXP":1637.37,"MADYPR_VA":589.92,"MADYPR_EXP":179.12,"PAPYPR_VA":1110.58,"PAPYPR_EXP":128.41,"PETREF_VA":888.56,"PETREF_EXP":2003.83,"QUIMYP_VA":1196.35,"QUIMYP_EXP":619.91,"FARMED_VA":380.87,"FARMED_EXP":19.77,"HUPLAS_VA":619.3,"HUPLAS_EXP":290.81,"PRNOMT_VA":1257.36,"PRNOMT_EXP":139.39,"METBAS_VA":466.53,"METBAS_EXP":137.99,"NONFER_VA":2123.99,"NONFER_EXP":4696.8,"PRMETA_VA":816.01,"PRMETA_EXP":199.56,"ELCTRO_VA":49.14,"ELCTRO_EXP":25.03,"ELCTRI_VA":48.24,"ELCTRI_EXP":345.53,"MAQYEQ_VA":526.88,"MAQYEQ_EXP":112.61,"AUTOMO_VA":309.63,"AUTOMO_EXP":45.35,"OTRTRA_VA":15.13,"OTRTRA_EXP":7.98,"TRANSP_VA":123.47,"TRANSP_EXP":9.89,"OTRMAN_VA":2682.69,"OTRMAN_EXP":985.5,"ELEGAS_VA":2117.82,"ELEGAS_EXP":4.65,"AGUBAS_VA":510.85,"AGUBAS_EXP":2.4,"CONSTR_VA":6618.97,"CONSTR_EXP":0.33,"COMREV_VA":12512.53,"COMREV_EXP":2422.6,"TRATIE_VA":4367.87,"TRATIE_EXP":533.12,"TRAGUA_VA":110.14,"TRAGUA_EXP":72.37,"TRAAIR_VA":351.42,"TRAAIR_EXP":320.66,"ALMSTR_VA":1347.93,"ALMSTR_EXP":202.14,"POSTME_VA":161.14,"POSTME_EXP":11.16,"HOTYRE_VA":3756.91,"HOTYRE_EXP":765.74,"MMTVRA_VA":621.5,"MMTVRA_EXP":21.4,"TELECO_VA":2186.65,"TELECO_EXP":83.45,"ITSERV_VA":322.82,"ITSERV_EXP":1.13,"SERFIN_VA":4094.21,"SERFIN_EXP":142.98,"GOBEST_VA":5536.89,"GOBEST_EXP":83.84,"SPRSCT_VA":3614.1,"SPRSCT_EXP":84.58,"SEAEMP_VA":2622.41,"SEAEMP_EXP":137.94,"ADPDEF_VA":5130.53,"ADPDEF_EXP":27.7,"EDUCAC_VA":5399.35,"EDUCAC_EXP":56.06,"SALUDH_VA":2554.42,"SALUDH_EXP":39.93,"ESPARC_VA":843.6,"ESPARC_EXP":244.66,"OTRSER_VA":1234.9,"OTRSER_EXP":58.88,"SERHOG_VA":2951.83,"SERHOG_EXP":0.0}},{"type":"Feature","geometry":{"type":"Point","coordinates":[121.77,12.88]},"properties":{"id":"PHL","name":"Filipinas","continent":"asia","year":2008,"AGRPFO_VA":17901.18,"AGRPFO_EXP":844.82,"FORLOG_VA":1790.75,"FORLOG_EXP":11.53,"PESCAC_VA":4836.77,"PESCAC_EXP":161.23,"MINCOL_VA":102.63,"MINCOL_EXP":129.12,"PETGAS_VA":897.61,"PETGAS_EXP":321.94,"MINORE_VA":850.33,"MINORE_EXP":1155.09,"MINOTH_VA":234.99,"MINOTH_EXP":28.01,"MINSER_VA":59.6,"MINSER_EXP":116.51,"ALYBEB_VA":18295.05,"ALYBEB_EXP":4348.14,"TEXYPR_VA":2667.73,"TEXYPR_EXP":1715.78,"MADYPR_VA":417.89,"MADYPR_EXP":479.13,"PAPYPR_VA":469.14,"PAPYPR_EXP":368.96,"PETREF_VA":3000.55,"PETREF_EXP":1425.32,"QUIMYP_VA":2109.21,"QUIMYP_EXP":828.29,"FARMED_VA":497.05,"FARMED_EXP":68.67,"HUPLAS_VA":431.29,"HUPLAS_EXP":554.82,"PRNOMT_VA":794.24,"PRNOMT_EXP":378.91,"METBAS_VA":446.09,"METBAS_EXP":404.11,"NONFER_VA":335.37,"NONFER_EXP":1517.85,"PRMETA_VA":333.82,"PRMETA_EXP":485.7,"ELCTRO_VA":6377.47,"ELCTRO_EXP":12070.05,"ELCTRI_VA":617.07,"ELCTRI_EXP":1469.81,"MAQYEQ_VA":641.96,"MAQYEQ_EXP":691.63,"AUTOMO_VA":456.54,"AUTOMO_EXP":375.15,"OTRTRA_VA":97.07,"OTRTRA_EXP":271.3,"TRANSP_VA":274.62,"TRANSP_EXP":518.83,"OTRMAN_VA":1091.65,"OTRMAN_EXP":811.05,"ELEGAS_VA":4651.44,"ELEGAS_EXP":34.98,"AGUBAS_VA":883.17,"AGUBAS_EXP":7.23,"CONSTR_VA":8576.57,"CONSTR_EXP":94.26,"COMREV_VA":27800.33,"COMREV_EXP":5398.8,"TRATIE_VA":3882.45,"TRATIE_EXP":949.73,"TRAGUA_VA":604.49,"TRAGUA_EXP":815.86,"TRAAIR_VA":693.69,"TRAAIR_EXP":982.22,"ALMSTR_VA":1143.08,"ALMSTR_EXP":231.42,"POSTME_VA":127.98,"POSTME_EXP":16.05,"HOTYRE_VA":2562.74,"HOTYRE_EXP":1565.16,"MMTVRA_VA":478.08,"MMTVRA_EXP":424.14,"TELECO_VA":7069.05,"TELECO_EXP":2503.67,"ITSERV_VA":1469.76,"ITSERV_EXP":909.17,"SERFIN_VA":10829.64,"SERFIN_EXP":485.43,"GOBEST_VA":10159.51,"GOBEST_EXP":298.6,"SPRSCT_VA":2620.12,"SPRSCT_EXP":1354.96,"SEAEMP_VA":6756.16,"SEAEMP_EXP":4802.85,"ADPDEF_VA":6076.58,"ADPDEF_EXP":23.01,"EDUCAC_VA":6657.36,"EDUCAC_EXP":60.8,"SALUDH_VA":2189.24,"SALUDH_EXP":43.81,"ESPARC_VA":2070.01,"ESPARC_EXP":481.62,"OTRSER_VA":1733.74,"OTRSER_EXP":71.15,"SERHOG_VA":0.0,"SERHOG_EXP":0.0}},{"type":"Feature","geometry":{"type":"Point","coordinates":[19.15,51.92]},"properties":{"id":"POL","name":"Polonia","continent":"europe","year":2008,"AGRPFO_VA":13594.96,"AGRPFO_EXP":2316.52,"FORLOG_VA":1567.95,"FORLOG_EXP":198.41,"PESCAC_VA":80.0,"PESCAC_EXP":35.19,"MINCOL_VA":7487.84,"MINCOL_EXP":1160.96,"PETGAS_VA":120.22,"PETGAS_EXP":210.08,"MINORE_VA":2657.06,"MINORE_EXP":1916.4,"MINOTH_VA":1305.6,"MINOTH_EXP":153.6,"MINSER_VA":191.57,"MINSER_EXP":158.46,"ALYBEB_VA":15278.8,"ALYBEB_EXP":11801.39,"TEXYPR_VA":4001.07,"TEXYPR_EXP":4942.92,"MADYPR_VA":3609.13,"MADYPR_EXP":3533.51,"PAPYPR_VA":4241.05,"PAPYPR_EXP":3170.48,"PETREF_VA":7209.04,"PETREF_EXP":4276.41,"QUIMYP_VA":4002.65,"QUIMYP_EXP":6664.68,"FARMED_VA":1928.49,"FARMED_EXP":1211.36,"HUPLAS_VA":5764.86,"HUPLAS_EXP":7236.12,"PRNOMT_VA":7306.3,"PRNOMT_EXP":3046.03,"METBAS_VA":2526.5,"METBAS_EXP":4439.54,"NONFER_VA":467.63,"NONFER_EXP":1793.9,"PRMETA_VA":9344.86,"PRMETA_EXP":7625.52,"ELCTRO_VA":2604.46,"ELCTRO_EXP":7409.26,"ELCTRI_VA":4076.93,"ELCTRI_EXP":7840.96,"MAQYEQ_VA":5848.28,"MAQYEQ_EXP":8779.48,"AUTOMO_VA":7012.52,"AUTOMO_EXP":19729.94,"OTRTRA_VA":747.34,"OTRTRA_EXP":1411.86,"TRANSP_VA":758.27,"TRANSP_EXP":1934.36,"OTRMAN_VA":10340.36,"OTRMAN_EXP":7618.94,"ELEGAS_VA":12472.68,"ELEGAS_EXP":763.77,"AGUBAS_VA":5558.5,"AGUBAS_EXP":150.56,"CONSTR_VA":39930.38,"CONSTR_EXP":770.23,"COMREV_VA":87373.98,"COMREV_EXP":29733.01,"TRATIE_VA":20440.25,"TRATIE_EXP":10579.4,"TRAGUA_VA":567.28,"TRAGUA_EXP":430.49,"TRAAIR_VA":1199.02,"TRAAIR_EXP":2147.84,"ALMSTR_VA":6342.91,"ALMSTR_EXP":3777.28,"POSTME_VA":3664.24,"POSTME_EXP":357.29,"HOTYRE_VA":5199.92,"HOTYRE_EXP":1584.69,"MMTVRA_VA":6929.4,"MMTVRA_EXP":1091.51,"TELECO_VA":9031.29,"TELECO_EXP":941.6,"ITSERV_VA":4545.26,"ITSERV_EXP":1846.11,"SERFIN_VA":22359.89,"SERFIN_EXP":1588.48,"GOBEST_VA":28366.31,"GOBEST_EXP":1412.5,"SPRSCT_VA":25670.93,"SPRSCT_EXP":7221.2,"SEAEMP_VA":8713.89,"SEAEMP_EXP":1646.54,"ADPDEF_VA":28749.37,"ADPDEF_EXP":8.7,"EDUCAC_VA":23792.83,"EDUCAC_EXP":222.11,"SALUDH_VA":18731.06,"SALUDH_EXP":301.66,"ESPARC_VA":4477.85,"ESPARC_EXP":606.63,"OTRSER_VA":5071.81,"OTRSER_EXP":325.91,"SERHOG_VA":50.9,"SERHOG_EXP":0.0}},{"type":"Feature","geometry":{"type":"Point","coordinates":[-8.22,39.4]},"properties":{"id":"PRT","name":"Portugal","continent":"europe","year":2008,"AGRPFO_VA":3993.37,"AGRPFO_EXP":762.94,"FORLOG_VA":1025.1,"FORLOG_EXP":141.89,"PESCAC_VA":469.99,"PESCAC_EXP":173.31,"MINCOL_VA":0.0,"MINCOL_EXP":0.0,"PETGAS_VA":0.0,"PETGAS_EXP":0.0,"MINORE_VA":511.33,"MINORE_EXP":487.49,"MINOTH_VA":427.77,"MINOTH_EXP":136.8,"MINSER_VA":8.09,"MINSER_EXP":0.08,"ALYBEB_VA":5310.6,"ALYBEB_EXP":3021.56,"TEXYPR_VA":5369.56,"TEXYPR_EXP":5612.91,"MADYPR_VA":1397.03,"MADYPR_EXP":1558.25,"PAPYPR_VA":2285.59,"PAPYPR_EXP":2281.7,"PETREF_VA":1069.17,"PETREF_EXP":2591.55,"QUIMYP_VA":1159.76,"QUIMYP_EXP":2536.33,"FARMED_VA":678.63,"FARMED_EXP":420.08,"HUPLAS_VA":1524.99,"HUPLAS_EXP":2041.4,"PRNOMT_VA":2583.32,"PRNOMT_EXP":1746.8,"METBAS_VA":465.28,"METBAS_EXP":1167.21,"NONFER_VA":162.94,"NONFER_EXP":822.71,"PRMETA_VA":3455.92,"PRMETA_EXP":2665.89,"ELCTRO_VA":1104.97,"ELCTRO_EXP":2877.83,"ELCTRI_VA":1048.79,"ELCTRI_EXP":2132.04,"MAQYEQ_VA":1267.31,"MAQYEQ_EXP":1868.82,"AUTOMO_VA":2051.72,"AUTOMO_EXP":6123.11,"OTRTRA_VA":79.84,"OTRTRA_EXP":2.94,"TRANSP_VA":115.36,"TRANSP_EXP":4.03,"OTRMAN_VA":2546.33,"OTRMAN_EXP":1859.52,"ELEGAS_VA":4035.46,"ELEGAS_EXP":200.3,"AGUBAS_VA":2221.47,"AGUBAS_EXP":20.37,"CONSTR_VA":16736.44,"CONSTR_EXP":93.23,"COMREV_VA":31614.3,"COMREV_EXP":9696.45,"TRATIE_VA":5197.11,"TRATIE_EXP":3159.86,"TRAGUA_VA":287.99,"TRAGUA_EXP":575.63,"TRAAIR_VA":1271.77,"TRAAIR_EXP":4044.76,"ALMSTR_VA":3939.99,"ALMSTR_EXP":1151.11,"POSTME_VA":758.65,"POSTME_EXP":301.32,"HOTYRE_VA":11137.99,"HOTYRE_EXP":4428.71,"MMTVRA_VA":1750.25,"MMTVRA_EXP":603.73,"TELECO_VA":5259.28,"TELECO_EXP":1167.96,"ITSERV_VA":2218.79,"ITSERV_EXP":460.95,"SERFIN_VA":18865.79,"SERFIN_EXP":1082.11,"GOBEST_VA":21791.49,"GOBEST_EXP":467.64,"SPRSCT_VA":9195.02,"SPRSCT_EXP":2183.92,"SEAEMP_VA":7841.01,"SEAEMP_EXP":1557.67,"ADPDEF_VA":19588.74,"ADPDEF_EXP":261.86,"EDUCAC_VA":15551.16,"EDUCAC_EXP":230.18,"SALUDH_VA":13996.46,"SALUDH_EXP":160.48,"ESPARC_VA":1854.22,"ESPARC_EXP":531.42,"OTRSER_VA":2888.57,"OTRSER_EXP":187.85,"SERHOG_VA":1701.18,"SERHOG_EXP":0.0}},{"type":"Feature","geometry":{"type":"Point","coordinates":[24.97,45.94]},"properties":{"id":"ROU","name":"Rumania","continent":"europe","year":2008,"AGRPFO_VA":12769.59,"AGRPFO_EXP":1046.1,"FORLOG_VA":661.21,"FORLOG_EXP":43.05,"PESCAC_VA":19.72,"PESCAC_EXP":2.25,"MINCOL_VA":355.3,"MINCOL_EXP":1.22,"PETGAS_VA":898.04,"PETGAS_EXP":94.02,"MINORE_VA":161.25,"MINORE_EXP":59.16,"MINOTH_VA":301.82,"MINOTH_EXP":20.43,"MINSER_VA":473.98,"MINSER_EXP":104.08,"ALYBEB_VA":14387.38,"ALYBEB_EXP":576.25,"TEXYPR_VA":4304.97,"TEXYPR_EXP":4018.66,"MADYPR_VA":1705.43,"MADYPR_EXP":989.81,"PAPYPR_VA":1601.65,"PAPYPR_EXP":171.12,"PETREF_VA":1982.18,"PETREF_EXP":2440.76,"QUIMYP_VA":1620.97,"QUIMYP_EXP":1569.0,"FARMED_VA":398.08,"FARMED_EXP":117.68,"HUPLAS_VA":1863.21,"HUPLAS_EXP":922.03,"PRNOMT_VA":2897.39,"PRNOMT_EXP":262.7,"METBAS_VA":1443.31,"METBAS_EXP":2019.79,"NONFER_VA":265.43,"NONFER_EXP":628.63,"PRMETA_VA":2716.81,"PRMETA_EXP":116.25,"ELCTRO_VA":1900.98,"ELCTRO_EXP":1152.87,"ELCTRI_VA":1855.37,"ELCTRI_EXP":2863.69,"MAQYEQ_VA":1832.05,"MAQYEQ_EXP":1098.74,"AUTOMO_VA":4367.7,"AUTOMO_EXP":2118.18,"OTRTRA_VA":411.43,"OTRTRA_EXP":494.52,"TRANSP_VA":421.09,"TRANSP_EXP":463.32,"OTRMAN_VA":2359.02,"OTRMAN_EXP":1367.28,"ELEGAS_VA":4398.75,"ELEGAS_EXP":239.94,"AGUBAS_VA":1145.71,"AGUBAS_EXP":0.12,"CONSTR_VA":24644.96,"CONSTR_EXP":0.18,"COMREV_VA":20934.46,"COMREV_EXP":4013.76,"TRATIE_VA":11806.85,"TRATIE_EXP":6293.3,"TRAGUA_VA":132.09,"TRAGUA_EXP":127.64,"TRAAIR_VA":401.09,"TRAAIR_EXP":670.67,"ALMSTR_VA":2529.77,"ALMSTR_EXP":1146.64,"POSTME_VA":631.19,"POSTME_EXP":221.88,"HOTYRE_VA":3016.49,"HOTYRE_EXP":145.32,"MMTVRA_VA":1254.65,"MMTVRA_EXP":716.52,"TELECO_VA":4801.54,"TELECO_EXP":1735.22,"ITSERV_VA":3200.49,"ITSERV_EXP":1349.87,"SERFIN_VA":4577.02,"SERFIN_EXP":1140.13,"GOBEST_VA":16322.78,"GOBEST_EXP":24.02,"SPRSCT_VA":6169.49,"SPRSCT_EXP":1104.94,"SEAEMP_VA":2616.48,"SEAEMP_EXP":172.57,"ADPDEF_VA":8228.75,"ADPDEF_EXP":0.13,"EDUCAC_VA":5973.61,"EDUCAC_EXP":7.19,"SALUDH_VA":5731.41,"SALUDH_EXP":5.19,"ESPARC_VA":1514.92,"ESPARC_EXP":450.71,"OTRSER_VA":3337.7,"OTRSER_EXP":5.29,"SERHOG_VA":1810.2,"SERHOG_EXP":0.0}},{"type":"Feature","geometry":{"type":"Point","coordinates":[105.32,61.52]},"properties":{"id":"RUS","name":"Rusia","continent":"europe","year":2008,"AGRPFO_VA":52961.76,"AGRPFO_EXP":7021.3,"FORLOG_VA":3139.83,"FORLOG_EXP":1752.45,"PESCAC_VA":3171.45,"PESCAC_EXP":1556.06,"MINCOL_VA":10475.05,"MINCOL_EXP":8851.52,"PETGAS_VA":116122.57,"PETGAS_EXP":57724.36,"MINORE_VA":8906.1,"MINORE_EXP":7574.72,"MINOTH_VA":6352.11,"MINOTH_EXP":5511.9,"MINSER_VA":13035.94,"MINSER_EXP":1293.98,"ALYBEB_VA":30619.74,"ALYBEB_EXP":9796.48,"TEXYPR_VA":4112.43,"TEXYPR_EXP":1819.62,"MADYPR_VA":3963.85,"MADYPR_EXP":6445.33,"PAPYPR_VA":6160.99,"PAPYPR_EXP":5435.01,"PETREF_VA":50243.09,"PETREF_EXP":70684.21,"QUIMYP_VA":16811.57,"QUIMYP_EXP":27432.02,"FARMED_VA":2231.44,"FARMED_EXP":638.71,"HUPLAS_VA":4364.48,"HUPLAS_EXP":3064.4,"PRNOMT_VA":11059.46,"PRNOMT_EXP":2035.8,"METBAS_VA":14425.18,"METBAS_EXP":26743.71,"NONFER_VA":23396.36,"NONFER_EXP":28200.97,"PRMETA_VA":7815.05,"PRMETA_EXP":2628.01,"ELCTRO_VA":8111.56,"ELCTRO_EXP":3464.81,"ELCTRI_VA":5693.32,"ELCTRI_EXP":3551.4,"MAQYEQ_VA":9471.74,"MAQYEQ_EXP":6684.91,"AUTOMO_VA":9819.63,"AUTOMO_EXP":3423.94,"OTRTRA_VA":4423.17,"OTRTRA_EXP":1259.81,"TRANSP_VA":9725.51,"TRANSP_EXP":1890.29,"OTRMAN_VA":9128.16,"OTRMAN_EXP":3343.86,"ELEGAS_VA":49340.85,"ELEGAS_EXP":2125.58,"AGUBAS_VA":8128.37,"AGUBAS_EXP":116.55,"CONSTR_VA":123640.02,"CONSTR_EXP":921.77,"COMREV_VA":277818.55,"COMREV_EXP":89203.14,"TRATIE_VA":72629.15,"TRATIE_EXP":16127.95,"TRAGUA_VA":1567.07,"TRAGUA_EXP":881.43,"TRAAIR_VA":3910.76,"TRAAIR_EXP":5456.65,"ALMSTR_VA":19286.6,"ALMSTR_EXP":5287.08,"POSTME_VA":2775.88,"POSTME_EXP":241.48,"HOTYRE_VA":14973.04,"HOTYRE_EXP":3833.68,"MMTVRA_VA":6275.08,"MMTVRA_EXP":1039.29,"TELECO_VA":25409.64,"TELECO_EXP":2053.85,"ITSERV_VA":9413.08,"ITSERV_EXP":2176.52,"SERFIN_VA":58859.24,"SERFIN_EXP":2154.49,"GOBEST_VA":150800.03,"GOBEST_EXP":1302.64,"SPRSCT_VA":63498.64,"SPRSCT_EXP":11937.97,"SEAEMP_VA":27579.33,"SEAEMP_EXP":4036.04,"ADPDEF_VA":112273.51,"ADPDEF_EXP":183.95,"EDUCAC_VA":49075.93,"EDUCAC_EXP":217.59,"SALUDH_VA":47926.01,"SALUDH_EXP":181.8,"ESPARC_VA":11881.24,"ESPARC_EXP":538.22,"OTRSER_VA":6809.43,"OTRSER_EXP":305.7,"SERHOG_VA":10184.59,"SERHOG_EXP":0.0}},{"type":"Feature","geometry":{"type":"Point","coordinates":[45.08,23.89]},"properties":{"id":"SAU","name":"Arabia Saudita","continent":"other","year":2008,"AGRPFO_VA":11255.28,"AGRPFO_EXP":382.23,"FORLOG_VA":15.2,"FORLOG_EXP":2.18,"PESCAC_VA":563.4,"PESCAC_EXP":6.07,"MINCOL_VA":0.0,"MINCOL_EXP":0.0,"PETGAS_VA":223192.96,"PETGAS_EXP":229737.38,"MINORE_VA":501.6,"MINORE_EXP":8.94,"MINOTH_VA":1037.15,"MINOTH_EXP":195.8,"MINSER_VA":414.11,"MINSER_EXP":474.19,"ALYBEB_VA":7381.85,"ALYBEB_EXP":2160.3,"TEXYPR_VA":1858.78,"TEXYPR_EXP":522.24,"MADYPR_VA":519.51,"MADYPR_EXP":29.68,"PAPYPR_VA":2169.07,"PAPYPR_EXP":1157.07,"PETREF_VA":9894.78,"PETREF_EXP":17058.52,"QUIMYP_VA":10940.82,"QUIMYP_EXP":22431.39,"FARMED_VA":299.56,"FARMED_EXP":219.87,"HUPLAS_VA":1603.28,"HUPLAS_EXP":916.22,"PRNOMT_VA":2754.78,"PRNOMT_EXP":766.43,"METBAS_VA":425.41,"METBAS_EXP":904.9,"NONFER_VA":343.27,"NONFER_EXP":1697.76,"PRMETA_VA":2526.84,"PRMETA_EXP":1207.65,"ELCTRO_VA":69.4,"ELCTRO_EXP":23.16,"ELCTRI_VA":1575.09,"ELCTRI_EXP":1206.03,"MAQYEQ_VA":882.75,"MAQYEQ_EXP":443.51,"AUTOMO_VA":438.24,"AUTOMO_EXP":27.81,"OTRTRA_VA":17.74,"OTRTRA_EXP":32.13,"TRANSP_VA":28.83,"TRANSP_EXP":7.2,"OTRMAN_VA":2052.18,"OTRMAN_EXP":460.79,"ELEGAS_VA":4144.67,"ELEGAS_EXP":471.51,"AGUBAS_VA":1343.11,"AGUBAS_EXP":0.19,"CONSTR_VA":17274.74,"CONSTR_EXP":194.26,"COMREV_VA":36200.39,"COMREV_EXP":19091.68,"TRATIE_VA":4532.95,"TRATIE_EXP":2414.03,"TRAGUA_VA":385.04,"TRAGUA_EXP":368.19,"TRAAIR_VA":1559.93,"TRAAIR_EXP":1155.45,"ALMSTR_VA":3902.15,"ALMSTR_EXP":1767.76,"POSTME_VA":484.05,"POSTME_EXP":131.17,"HOTYRE_VA":7795.17,"HOTYRE_EXP":3331.52,"MMTVRA_VA":918.15,"MMTVRA_EXP":58.84,"TELECO_VA":9943.83,"TELECO_EXP":433.85,"ITSERV_VA":2577.28,"ITSERV_EXP":30.67,"SERFIN_VA":15727.44,"SERFIN_EXP":326.27,"GOBEST_VA":12433.6,"GOBEST_EXP":343.08,"SPRSCT_VA":3036.14,"SPRSCT_EXP":116.01,"SEAEMP_VA":4632.9,"SEAEMP_EXP":150.8,"ADPDEF_VA":60350.68,"ADPDEF_EXP":12.45,"EDUCAC_VA":24309.18,"EDUCAC_EXP":107.28,"SALUDH_VA":14395.19,"SALUDH_EXP":99.62,"ESPARC_VA":1248.57,"ESPARC_EXP":284.02,"OTRSER_VA":2872.77,"OTRSER_EXP":133.72,"SERHOG_VA":4125.81,"SERHOG_EXP":0.0}},{"type":"Feature","geometry":{"type":"Point","coordinates":[-14.45,14.5]},"properties":{"id":"SEN","name":"Senegal","continent":"other","year":2008,"AGRPFO_VA":2119.42,"AGRPFO_EXP":117.21,"FORLOG_VA":90.0,"FORLOG_EXP":3.38,"PESCAC_VA":220.81,"PESCAC_EXP":81.61,"MINCOL_VA":9.0,"MINCOL_EXP":21.63,"PETGAS_VA":3.03,"PETGAS_EXP":0.27,"MINORE_VA":72.06,"MINORE_EXP":89.74,"MINOTH_VA":55.09,"MINOTH_EXP":50.29,"MINSER_VA":1.69,"MINSER_EXP":1.19,"ALYBEB_VA":1212.45,"ALYBEB_EXP":326.94,"TEXYPR_VA":419.65,"TEXYPR_EXP":82.52,"MADYPR_VA":89.85,"MADYPR_EXP":3.81,"PAPYPR_VA":103.55,"PAPYPR_EXP":11.69,"PETREF_VA":88.35,"PETREF_EXP":362.79,"QUIMYP_VA":212.21,"QUIMYP_EXP":142.32,"FARMED_VA":28.23,"FARMED_EXP":7.3,"HUPLAS_VA":84.69,"HUPLAS_EXP":8.29,"PRNOMT_VA":186.19,"PRNOMT_EXP":122.16,"METBAS_VA":112.82,"METBAS_EXP":25.56,"NONFER_VA":3.42,"NONFER_EXP":23.27,"PRMETA_VA":136.19,"PRMETA_EXP":3.18,"ELCTRO_VA":0.42,"ELCTRO_EXP":0.12,"ELCTRI_VA":30.48,"ELCTRI_EXP":10.34,"MAQYEQ_VA":3.74,"MAQYEQ_EXP":5.74,"AUTOMO_VA":1.66,"AUTOMO_EXP":0.88,"OTRTRA_VA":18.4,"OTRTRA_EXP":3.01,"TRANSP_VA":46.23,"TRANSP_EXP":1.18,"OTRMAN_VA":121.21,"OTRMAN_EXP":11.0,"ELEGAS_VA":173.83,"ELEGAS_EXP":5.92,"AGUBAS_VA":75.68,"AGUBAS_EXP":0.11,"CONSTR_VA":474.65,"CONSTR_EXP":1.88,"COMREV_VA":2380.93,"COMREV_EXP":244.68,"TRATIE_VA":458.8,"TRATIE_EXP":79.76,"TRAGUA_VA":21.37,"TRAGUA_EXP":21.67,"TRAAIR_VA":29.19,"TRAAIR_EXP":55.9,"ALMSTR_VA":206.37,"ALMSTR_EXP":85.09,"POSTME_VA":13.06,"POSTME_EXP":1.16,"HOTYRE_VA":207.39,"HOTYRE_EXP":186.59,"MMTVRA_VA":86.79,"MMTVRA_EXP":24.96,"TELECO_VA":784.52,"TELECO_EXP":247.29,"ITSERV_VA":75.88,"ITSERV_EXP":20.64,"SERFIN_VA":315.51,"SERFIN_EXP":41.5,"GOBEST_VA":1689.38,"GOBEST_EXP":40.49,"SPRSCT_VA":688.13,"SPRSCT_EXP":220.81,"SEAEMP_VA":407.27,"SEAEMP_EXP":45.82,"ADPDEF_VA":709.13,"ADPDEF_EXP":0.91,"EDUCAC_VA":725.13,"EDUCAC_EXP":9.69,"SALUDH_VA":296.93,"SALUDH_EXP":7.72,"ESPARC_VA":56.76,"ESPARC_EXP":18.41,"OTRSER_VA":193.87,"OTRSER_EXP":10.08,"SERHOG_VA":85.81,"SERHOG_EXP":0.0}},{"type":"Feature","geometry":{"type":"Point","coordinates":[103.82,1.35]},"properties":{"id":"SGP","name":"Singapur","continent":"asia","year":2008,"AGRPFO_VA":49.32,"AGRPFO_EXP":29.82,"FORLOG_VA":0.0,"FORLOG_EXP":0.0,"PESCAC_VA":33.93,"PESCAC_EXP":1.96,"MINCOL_VA":0.0,"MINCOL_EXP":0.0,"PETGAS_VA":0.0,"PETGAS_EXP":0.0,"MINORE_VA":0.0,"MINORE_EXP":0.0,"MINOTH_VA":0.0,"MINOTH_EXP":0.0,"MINSER_VA":0.0,"MINSER_EXP":0.0,"ALYBEB_VA":1454.37,"ALYBEB_EXP":2568.44,"TEXYPR_VA":339.16,"TEXYPR_EXP":445.21,"MADYPR_VA":64.95,"MADYPR_EXP":97.67,"PAPYPR_VA":1261.69,"PAPYPR_EXP":1283.01,"PETREF_VA":415.31,"PETREF_EXP":27764.85,"QUIMYP_VA":1870.71,"QUIMYP_EXP":17027.65,"FARMED_VA":7280.22,"FARMED_EXP":3762.92,"HUPLAS_VA":568.2,"HUPLAS_EXP":1188.43,"PRNOMT_VA":395.12,"PRNOMT_EXP":250.51,"METBAS_VA":102.39,"METBAS_EXP":369.62,"NONFER_VA":555.56,"NONFER_EXP":34.68,"PRMETA_VA":1148.07,"PRMETA_EXP":2158.1,"ELCTRO_VA":11518.95,"ELCTRO_EXP":42421.8,"ELCTRI_VA":568.68,"ELCTRI_EXP":1921.2,"MAQYEQ_VA":3482.39,"MAQYEQ_EXP":9582.74,"AUTOMO_VA":132.09,"AUTOMO_EXP":244.07,"OTRTRA_VA":2631.3,"OTRTRA_EXP":1103.32,"TRANSP_VA":2908.15,"TRANSP_EXP":2504.82,"OTRMAN_VA":1300.41,"OTRMAN_EXP":2315.73,"ELEGAS_VA":2726.45,"ELEGAS_EXP":18.25,"AGUBAS_VA":1132.68,"AGUBAS_EXP":70.88,"CONSTR_VA":8719.0,"CONSTR_EXP":241.33,"COMREV_VA":31390.75,"COMREV_EXP":26563.83,"TRATIE_VA":2708.65,"TRATIE_EXP":1231.28,"TRAGUA_VA":4969.98,"TRAGUA_EXP":24491.78,"TRAAIR_VA":3089.63,"TRAAIR_EXP":6447.0,"ALMSTR_VA":6349.54,"ALMSTR_EXP":2240.19,"POSTME_VA":461.12,"POSTME_EXP":416.99,"HOTYRE_VA":3812.78,"HOTYRE_EXP":3077.92,"MMTVRA_VA":1591.62,"MMTVRA_EXP":3511.28,"TELECO_VA":2577.38,"TELECO_EXP":2432.82,"ITSERV_VA":2623.45,"ITSERV_EXP":3316.5,"SERFIN_VA":20739.68,"SERFIN_EXP":24794.99,"GOBEST_VA":13799.19,"GOBEST_EXP":1179.55,"SPRSCT_VA":16527.32,"SPRSCT_EXP":13728.01,"SEAEMP_VA":8523.99,"SEAEMP_EXP":3280.03,"ADPDEF_VA":4717.49,"ADPDEF_EXP":122.58,"EDUCAC_VA":5705.88,"EDUCAC_EXP":690.83,"SALUDH_VA":4895.01,"SALUDH_EXP":688.73,"ESPARC_VA":1076.82,"ESPARC_EXP":470.49,"OTRSER_VA":1204.98,"OTRSER_EXP":337.67,"SERHOG_VA":716.89,"SERHOG_EXP":0.0}},{"type":"Feature","geometry":{"type":"Point","coordinates":[6.61,0.19]},"properties":{"id":"STP","name":"S. Tomé y Príncipe","continent":"other","year":2008,"AGRPFO_VA":9.93,"AGRPFO_EXP":5.73,"FORLOG_VA":0.05,"FORLOG_EXP":0.0,"PESCAC_VA":13.59,"PESCAC_EXP":0.08,"MINCOL_VA":0.01,"MINCOL_EXP":0.0,"PETGAS_VA":0.24,"PETGAS_EXP":0.01,"MINORE_VA":0.01,"MINORE_EXP":0.0,"MINOTH_VA":0.13,"MINOTH_EXP":0.02,"MINSER_VA":0.08,"MINSER_EXP":0.01,"ALYBEB_VA":4.72,"ALYBEB_EXP":0.28,"TEXYPR_VA":0.02,"TEXYPR_EXP":0.02,"MADYPR_VA":0.01,"MADYPR_EXP":0.0,"PAPYPR_VA":0.01,"PAPYPR_EXP":0.0,"PETREF_VA":0.07,"PETREF_EXP":0.01,"QUIMYP_VA":0.04,"QUIMYP_EXP":0.0,"FARMED_VA":0.03,"FARMED_EXP":0.0,"HUPLAS_VA":0.02,"HUPLAS_EXP":0.0,"PRNOMT_VA":0.08,"PRNOMT_EXP":0.01,"METBAS_VA":0.0,"METBAS_EXP":0.0,"NONFER_VA":0.0,"NONFER_EXP":0.0,"PRMETA_VA":0.01,"PRMETA_EXP":0.0,"ELCTRO_VA":0.01,"ELCTRO_EXP":0.01,"ELCTRI_VA":0.0,"ELCTRI_EXP":0.0,"MAQYEQ_VA":0.0,"MAQYEQ_EXP":0.0,"AUTOMO_VA":0.01,"AUTOMO_EXP":0.0,"OTRTRA_VA":0.0,"OTRTRA_EXP":0.0,"TRANSP_VA":0.0,"TRANSP_EXP":0.0,"OTRMAN_VA":0.03,"OTRMAN_EXP":0.01,"ELEGAS_VA":2.43,"ELEGAS_EXP":0.03,"AGUBAS_VA":2.11,"AGUBAS_EXP":0.06,"CONSTR_VA":6.1,"CONSTR_EXP":0.11,"COMREV_VA":30.23,"COMREV_EXP":2.11,"TRATIE_VA":11.19,"TRATIE_EXP":0.65,"TRAGUA_VA":0.23,"TRAGUA_EXP":0.16,"TRAAIR_VA":1.46,"TRAAIR_EXP":0.47,"ALMSTR_VA":7.57,"ALMSTR_EXP":0.23,"POSTME_VA":2.31,"POSTME_EXP":0.05,"HOTYRE_VA":18.34,"HOTYRE_EXP":2.07,"MMTVRA_VA":1.74,"MMTVRA_EXP":0.31,"TELECO_VA":3.07,"TELECO_EXP":0.9,"ITSERV_VA":2.8,"ITSERV_EXP":1.16,"SERFIN_VA":17.59,"SERFIN_EXP":1.57,"GOBEST_VA":0.85,"GOBEST_EXP":0.05,"SPRSCT_VA":0.66,"SPRSCT_EXP":0.16,"SEAEMP_VA":0.7,"SEAEMP_EXP":0.14,"ADPDEF_VA":18.27,"ADPDEF_EXP":0.09,"EDUCAC_VA":6.38,"EDUCAC_EXP":0.15,"SALUDH_VA":4.17,"SALUDH_EXP":0.12,"ESPARC_VA":3.47,"ESPARC_EXP":0.32,"OTRSER_VA":4.76,"OTRSER_EXP":0.17,"SERHOG_VA":3.08,"SERHOG_EXP":0.0}},{"type":"Feature","geometry":{"type":"Point","coordinates":[19.7,48.67]},"properties":{"id":"SVK","name":"Eslovaquia","continent":"europe","year":2008,"AGRPFO_VA":1757.7,"AGRPFO_EXP":785.67,"FORLOG_VA":660.93,"FORLOG_EXP":171.75,"PESCAC_VA":7.12,"PESCAC_EXP":2.65,"MINCOL_VA":42.98,"MINCOL_EXP":59.91,"PETGAS_VA":0.48,"PETGAS_EXP":0.13,"MINORE_VA":8.89,"MINORE_EXP":23.4,"MINOTH_VA":47.68,"MINOTH_EXP":35.15,"MINSER_VA":172.59,"MINSER_EXP":16.0,"ALYBEB_VA":1573.26,"ALYBEB_EXP":1557.08,"TEXYPR_VA":716.73,"TEXYPR_EXP":1351.79,"MADYPR_VA":769.63,"MADYPR_EXP":848.95,"PAPYPR_VA":705.34,"PAPYPR_EXP":1315.55,"PETREF_VA":969.81,"PETREF_EXP":2277.5,"QUIMYP_VA":784.96,"QUIMYP_EXP":1952.58,"FARMED_VA":136.52,"FARMED_EXP":230.45,"HUPLAS_VA":985.91,"HUPLAS_EXP":2108.53,"PRNOMT_VA":1210.94,"PRNOMT_EXP":899.16,"METBAS_VA":1685.17,"METBAS_EXP":3331.52,"NONFER_VA":391.84,"NONFER_EXP":954.77,"PRMETA_VA":2422.59,"PRMETA_EXP":2938.92,"ELCTRO_VA":1187.82,"ELCTRO_EXP":7850.7,"ELCTRI_VA":1016.13,"ELCTRI_EXP":3045.32,"MAQYEQ_VA":1470.63,"MAQYEQ_EXP":3423.97,"AUTOMO_VA":3181.97,"AUTOMO_EXP":14843.81,"OTRTRA_VA":4.89,"OTRTRA_EXP":0.38,"TRANSP_VA":127.12,"TRANSP_EXP":126.05,"OTRMAN_VA":1266.3,"OTRMAN_EXP":1523.55,"ELEGAS_VA":5233.16,"ELEGAS_EXP":371.72,"AGUBAS_VA":1063.74,"AGUBAS_EXP":64.93,"CONSTR_VA":8574.7,"CONSTR_EXP":351.99,"COMREV_VA":13020.91,"COMREV_EXP":6908.51,"TRATIE_VA":2506.06,"TRATIE_EXP":2219.71,"TRAGUA_VA":107.04,"TRAGUA_EXP":50.71,"TRAAIR_VA":19.96,"TRAAIR_EXP":199.96,"ALMSTR_VA":1864.32,"ALMSTR_EXP":993.4,"POSTME_VA":375.31,"POSTME_EXP":192.31,"HOTYRE_VA":1000.58,"HOTYRE_EXP":786.25,"MMTVRA_VA":800.9,"MMTVRA_EXP":295.69,"TELECO_VA":1684.12,"TELECO_EXP":451.95,"ITSERV_VA":1557.54,"ITSERV_EXP":561.22,"SERFIN_VA":2574.65,"SERFIN_EXP":876.1,"GOBEST_VA":8639.94,"GOBEST_EXP":169.17,"SPRSCT_VA":4828.86,"SPRSCT_EXP":1115.47,"SEAEMP_VA":2859.86,"SEAEMP_EXP":615.95,"ADPDEF_VA":5908.22,"ADPDEF_EXP":48.0,"EDUCAC_VA":2810.51,"EDUCAC_EXP":91.37,"SALUDH_VA":2730.15,"SALUDH_EXP":106.76,"ESPARC_VA":1205.23,"ESPARC_EXP":394.17,"OTRSER_VA":732.39,"OTRSER_EXP":148.84,"SERHOG_VA":40.57,"SERHOG_EXP":0.0}},{"type":"Feature","geometry":{"type":"Point","coordinates":[14.99,46.15]},"properties":{"id":"SVN","name":"Eslovenia","continent":"europe","year":2008,"AGRPFO_VA":733.52,"AGRPFO_EXP":311.71,"FORLOG_VA":327.58,"FORLOG_EXP":118.89,"PESCAC_VA":4.31,"PESCAC_EXP":2.79,"MINCOL_VA":165.31,"MINCOL_EXP":2.0,"PETGAS_VA":0.0,"PETGAS_EXP":0.0,"MINORE_VA":6.43,"MINORE_EXP":4.19,"MINOTH_VA":77.08,"MINOTH_EXP":24.05,"MINSER_VA":2.91,"MINSER_EXP":0.35,"ALYBEB_VA":735.13,"ALYBEB_EXP":681.58,"TEXYPR_VA":558.6,"TEXYPR_EXP":820.08,"MADYPR_VA":376.21,"MADYPR_EXP":650.52,"PAPYPR_VA":523.05,"PAPYPR_EXP":724.47,"PETREF_VA":3.92,"PETREF_EXP":4.47,"QUIMYP_VA":478.94,"QUIMYP_EXP":1392.27,"FARMED_VA":1187.45,"FARMED_EXP":1651.52,"HUPLAS_VA":684.05,"HUPLAS_EXP":1372.45,"PRNOMT_VA":537.01,"PRNOMT_EXP":489.26,"METBAS_VA":392.32,"METBAS_EXP":966.19,"NONFER_VA":225.15,"NONFER_EXP":788.34,"PRMETA_VA":1568.19,"PRMETA_EXP":2305.55,"ELCTRO_VA":445.31,"ELCTRO_EXP":845.88,"ELCTRI_VA":1003.75,"ELCTRI_EXP":2427.51,"MAQYEQ_VA":808.12,"MAQYEQ_EXP":1877.15,"AUTOMO_VA":895.59,"AUTOMO_EXP":3043.62,"OTRTRA_VA":30.34,"OTRTRA_EXP":64.83,"TRANSP_VA":38.0,"TRANSP_EXP":77.63,"OTRMAN_VA":797.43,"OTRMAN_EXP":1093.49,"ELEGAS_VA":1177.62,"ELEGAS_EXP":445.7,"AGUBAS_VA":541.0,"AGUBAS_EXP":22.88,"CONSTR_VA":4361.09,"CONSTR_EXP":201.26,"COMREV_VA":6357.63,"COMREV_EXP":3475.39,"TRATIE_VA":1794.98,"TRATIE_EXP":1583.95,"TRAGUA_VA":165.83,"TRAGUA_EXP":207.35,"TRAAIR_VA":132.62,"TRAAIR_EXP":302.15,"ALMSTR_VA":832.58,"ALMSTR_EXP":669.16,"POSTME_VA":306.9,"POSTME_EXP":28.76,"HOTYRE_VA":1131.88,"HOTYRE_EXP":1061.62,"MMTVRA_VA":421.03,"MMTVRA_EXP":257.6,"TELECO_VA":886.42,"TELECO_EXP":358.03,"ITSERV_VA":687.06,"ITSERV_EXP":183.11,"SERFIN_VA":2377.88,"SERFIN_EXP":304.25,"GOBEST_VA":3625.7,"GOBEST_EXP":172.07,"SPRSCT_VA":3262.0,"SPRSCT_EXP":919.55,"SEAEMP_VA":1241.78,"SEAEMP_EXP":554.62,"ADPDEF_VA":2908.65,"ADPDEF_EXP":17.43,"EDUCAC_VA":2616.29,"EDUCAC_EXP":85.2,"SALUDH_VA":2270.93,"SALUDH_EXP":57.74,"ESPARC_VA":738.91,"ESPARC_EXP":132.4,"OTRSER_VA":542.75,"OTRSER_EXP":57.36,"SERHOG_VA":33.94,"SERHOG_EXP":0.0}},{"type":"Feature","geometry":{"type":"Point","coordinates":[18.64,60.13]},"properties":{"id":"SWE","name":"Suecia","continent":"europe","year":2008,"AGRPFO_VA":3928.4,"AGRPFO_EXP":667.53,"FORLOG_VA":3032.31,"FORLOG_EXP":305.51,"PESCAC_VA":126.8,"PESCAC_EXP":193.29,"MINCOL_VA":69.87,"MINCOL_EXP":4.74,"PETGAS_VA":20.64,"PETGAS_EXP":0.79,"MINORE_VA":2664.61,"MINORE_EXP":3149.28,"MINOTH_VA":473.72,"MINOTH_EXP":139.46,"MINSER_VA":120.22,"MINSER_EXP":275.76,"ALYBEB_VA":6066.71,"ALYBEB_EXP":4077.5,"TEXYPR_VA":834.85,"TEXYPR_EXP":1144.35,"MADYPR_VA":3240.12,"MADYPR_EXP":4062.79,"PAPYPR_VA":7493.39,"PAPYPR_EXP":12768.52,"PETREF_VA":2274.68,"PETREF_EXP":9949.18,"QUIMYP_VA":4598.57,"QUIMYP_EXP":6577.01,"FARMED_VA":7285.07,"FARMED_EXP":6171.4,"HUPLAS_VA":2508.68,"HUPLAS_EXP":3588.3,"PRNOMT_VA":2241.94,"PRNOMT_EXP":1362.4,"METBAS_VA":3572.42,"METBAS_EXP":9573.81,"NONFER_VA":955.08,"NONFER_EXP":3349.78,"PRMETA_VA":8674.22,"PRMETA_EXP":5201.24,"ELCTRO_VA":6462.12,"ELCTRO_EXP":11215.54,"ELCTRI_VA":3658.86,"ELCTRI_EXP":6556.03,"MAQYEQ_VA":12102.21,"MAQYEQ_EXP":23604.51,"AUTOMO_VA":9310.16,"AUTOMO_EXP":26709.05,"OTRTRA_VA":227.42,"OTRTRA_EXP":340.74,"TRANSP_VA":1491.19,"TRANSP_EXP":1545.57,"OTRMAN_VA":5766.76,"OTRMAN_EXP":3664.33,"ELEGAS_VA":14205.67,"ELEGAS_EXP":1386.78,"AGUBAS_VA":3131.13,"AGUBAS_EXP":26.94,"CONSTR_VA":25598.16,"CONSTR_EXP":506.03,"COMREV_VA":53694.87,"COMREV_EXP":23194.94,"TRATIE_VA":13625.91,"TRATIE_EXP":3633.21,"TRAGUA_VA":1662.73,"TRAGUA_EXP":2432.91,"TRAAIR_VA":1117.18,"TRAAIR_EXP":2087.59,"ALMSTR_VA":9064.18,"ALMSTR_EXP":6622.44,"POSTME_VA":4629.46,"POSTME_EXP":465.42,"HOTYRE_VA":6944.61,"HOTYRE_EXP":3469.67,"MMTVRA_VA":6536.24,"MMTVRA_EXP":3467.56,"TELECO_VA":7502.9,"TELECO_EXP":2146.61,"ITSERV_VA":16539.95,"ITSERV_EXP":6996.19,"SERFIN_VA":17870.73,"SERFIN_EXP":4173.97,"GOBEST_VA":44089.26,"GOBEST_EXP":682.08,"SPRSCT_VA":32007.91,"SPRSCT_EXP":16239.26,"SEAEMP_VA":15368.89,"SEAEMP_EXP":4607.21,"ADPDEF_VA":20934.4,"ADPDEF_EXP":315.95,"EDUCAC_VA":26022.39,"EDUCAC_EXP":331.81,"SALUDH_VA":48279.3,"SALUDH_EXP":314.64,"ESPARC_VA":6283.09,"ESPARC_EXP":587.08,"OTRSER_VA":7316.0,"OTRSER_EXP":283.83,"SERHOG_VA":155.8,"SERHOG_EXP":0.0}},{"type":"Feature","geometry":{"type":"Point","coordinates":[100.99,15.87]},"properties":{"id":"THA","name":"Tailandia","continent":"asia","year":2008,"AGRPFO_VA":22005.86,"AGRPFO_EXP":3326.33,"FORLOG_VA":215.96,"FORLOG_EXP":188.86,"PESCAC_VA":2470.63,"PESCAC_EXP":40.0,"MINCOL_VA":136.5,"MINCOL_EXP":7.97,"PETGAS_VA":7132.27,"PETGAS_EXP":1215.57,"MINORE_VA":50.22,"MINORE_EXP":83.62,"MINOTH_VA":995.54,"MINOTH_EXP":388.6,"MINSER_VA":916.19,"MINSER_EXP":51.02,"ALYBEB_VA":15606.77,"ALYBEB_EXP":18440.84,"TEXYPR_VA":7255.61,"TEXYPR_EXP":7473.0,"MADYPR_VA":775.37,"MADYPR_EXP":1179.7,"PAPYPR_VA":1632.13,"PAPYPR_EXP":1464.43,"PETREF_VA":4853.14,"PETREF_EXP":6019.43,"QUIMYP_VA":6114.64,"QUIMYP_EXP":12076.23,"FARMED_VA":671.31,"FARMED_EXP":240.01,"HUPLAS_VA":5531.28,"HUPLAS_EXP":10779.9,"PRNOMT_VA":3400.05,"PRNOMT_EXP":1861.23,"METBAS_VA":1295.09,"METBAS_EXP":2019.24,"NONFER_VA":678.36,"NONFER_EXP":1251.24,"PRMETA_VA":2799.8,"PRMETA_EXP":3895.54,"ELCTRO_VA":11088.86,"ELCTRO_EXP":34070.77,"ELCTRI_VA":3321.25,"ELCTRI_EXP":8946.69,"MAQYEQ_VA":3485.47,"MAQYEQ_EXP":7078.78,"AUTOMO_VA":6019.49,"AUTOMO_EXP":13687.59,"OTRTRA_VA":533.02,"OTRTRA_EXP":378.5,"TRANSP_VA":900.96,"TRANSP_EXP":2304.93,"OTRMAN_VA":4012.97,"OTRMAN_EXP":9367.58,"ELEGAS_VA":5932.93,"ELEGAS_EXP":297.83,"AGUBAS_VA":868.05,"AGUBAS_EXP":0.37,"CONSTR_VA":7135.09,"CONSTR_EXP":0.52,"COMREV_VA":59070.48,"COMREV_EXP":20502.37,"TRATIE_VA":6877.76,"TRATIE_EXP":6524.02,"TRAGUA_VA":2511.52,"TRAGUA_EXP":4636.2,"TRAAIR_VA":2797.21,"TRAAIR_EXP":4747.84,"ALMSTR_VA":2216.69,"ALMSTR_EXP":469.28,"POSTME_VA":501.7,"POSTME_EXP":425.77,"HOTYRE_VA":8005.29,"HOTYRE_EXP":3307.32,"MMTVRA_VA":985.69,"MMTVRA_EXP":172.58,"TELECO_VA":3479.64,"TELECO_EXP":2102.03,"ITSERV_VA":1097.36,"ITSERV_EXP":368.87,"SERFIN_VA":13099.27,"SERFIN_EXP":685.73,"GOBEST_VA":6589.22,"GOBEST_EXP":1753.61,"SPRSCT_VA":4791.55,"SPRSCT_EXP":659.63,"SEAEMP_VA":4268.29,"SEAEMP_EXP":2209.2,"ADPDEF_VA":14561.45,"ADPDEF_EXP":0.65,"EDUCAC_VA":9388.57,"EDUCAC_EXP":1.79,"SALUDH_VA":5203.17,"SALUDH_EXP":483.47,"ESPARC_VA":949.41,"ESPARC_EXP":144.37,"OTRSER_VA":3314.28,"OTRSER_EXP":1087.0,"SERHOG_VA":415.4,"SERHOG_EXP":0.0}},{"type":"Feature","geometry":{"type":"Point","coordinates":[9.54,33.89]},"properties":{"id":"TUN","name":"Túnez","continent":"other","year":2008,"AGRPFO_VA":2934.25,"AGRPFO_EXP":382.03,"FORLOG_VA":367.67,"FORLOG_EXP":3.89,"PESCAC_VA":574.46,"PESCAC_EXP":113.84,"MINCOL_VA":536.22,"MINCOL_EXP":2.83,"PETGAS_VA":1688.18,"PETGAS_EXP":2059.17,"MINORE_VA":7.62,"MINORE_EXP":2.99,"MINOTH_VA":300.85,"MINOTH_EXP":229.74,"MINSER_VA":127.0,"MINSER_EXP":11.7,"ALYBEB_VA":1414.82,"ALYBEB_EXP":1427.37,"TEXYPR_VA":1722.08,"TEXYPR_EXP":3704.62,"MADYPR_VA":169.43,"MADYPR_EXP":46.77,"PAPYPR_VA":211.38,"PAPYPR_EXP":279.26,"PETREF_VA":911.33,"PETREF_EXP":342.67,"QUIMYP_VA":366.13,"QUIMYP_EXP":1328.78,"FARMED_VA":253.06,"FARMED_EXP":85.54,"HUPLAS_VA":130.12,"HUPLAS_EXP":298.13,"PRNOMT_VA":533.08,"PRNOMT_EXP":257.61,"METBAS_VA":82.57,"METBAS_EXP":328.69,"NONFER_VA":55.11,"NONFER_EXP":180.2,"PRMETA_VA":560.68,"PRMETA_EXP":723.99,"ELCTRO_VA":292.1,"ELCTRO_EXP":843.76,"ELCTRI_VA":817.76,"ELCTRI_EXP":2055.82,"MAQYEQ_VA":409.98,"MAQYEQ_EXP":471.85,"AUTOMO_VA":382.95,"AUTOMO_EXP":576.99,"OTRTRA_VA":23.59,"OTRTRA_EXP":65.84,"TRANSP_VA":43.53,"TRANSP_EXP":109.12,"OTRMAN_VA":298.62,"OTRMAN_EXP":346.07,"ELEGAS_VA":419.05,"ELEGAS_EXP":17.73,"AGUBAS_VA":169.36,"AGUBAS_EXP":10.28,"CONSTR_VA":2423.64,"CONSTR_EXP":15.89,"COMREV_VA":3496.91,"COMREV_EXP":1411.91,"TRATIE_VA":1939.72,"TRATIE_EXP":995.13,"TRAGUA_VA":179.16,"TRAGUA_EXP":370.41,"TRAAIR_VA":243.78,"TRAAIR_EXP":472.35,"ALMSTR_VA":1005.73,"ALMSTR_EXP":433.51,"POSTME_VA":390.94,"POSTME_EXP":15.08,"HOTYRE_VA":2173.45,"HOTYRE_EXP":1109.54,"MMTVRA_VA":173.74,"MMTVRA_EXP":54.99,"TELECO_VA":1308.71,"TELECO_EXP":409.17,"ITSERV_VA":497.62,"ITSERV_EXP":170.45,"SERFIN_VA":1745.97,"SERFIN_EXP":250.27,"GOBEST_VA":1754.93,"GOBEST_EXP":207.67,"SPRSCT_VA":1265.65,"SPRSCT_EXP":505.63,"SEAEMP_VA":963.44,"SEAEMP_EXP":209.42,"ADPDEF_VA":3662.91,"ADPDEF_EXP":0.93,"EDUCAC_VA":2770.09,"EDUCAC_EXP":56.95,"SALUDH_VA":92.12,"SALUDH_EXP":42.51,"ESPARC_VA":58.73,"ESPARC_EXP":66.28,"OTRSER_VA":104.56,"OTRSER_EXP":36.86,"SERHOG_VA":137.26,"SERHOG_EXP":0.0}},{"type":"Feature","geometry":{"type":"Point","coordinates":[35.24,38.96]},"properties":{"id":"TUR","name":"Turquía","continent":"europe","year":2008,"AGRPFO_VA":57889.62,"AGRPFO_EXP":5904.61,"FORLOG_VA":1626.18,"FORLOG_EXP":9.13,"PESCAC_VA":1160.17,"PESCAC_EXP":128.52,"MINCOL_VA":2258.84,"MINCOL_EXP":18.6,"PETGAS_VA":1282.77,"PETGAS_EXP":53.1,"MINORE_VA":3434.03,"MINORE_EXP":3786.28,"MINOTH_VA":1821.21,"MINOTH_EXP":609.52,"MINSER_VA":393.83,"MINSER_EXP":2.54,"ALYBEB_VA":20735.28,"ALYBEB_EXP":8124.22,"TEXYPR_VA":26524.19,"TEXYPR_EXP":20124.0,"MADYPR_VA":2169.7,"MADYPR_EXP":466.16,"PAPYPR_VA":4897.18,"PAPYPR_EXP":1256.08,"PETREF_VA":4010.3,"PETREF_EXP":4209.67,"QUIMYP_VA":4491.65,"QUIMYP_EXP":3949.2,"FARMED_VA":2708.66,"FARMED_EXP":539.27,"HUPLAS_VA":7060.53,"HUPLAS_EXP":4304.13,"PRNOMT_VA":12715.04,"PRNOMT_EXP":2735.2,"METBAS_VA":6680.52,"METBAS_EXP":9715.31,"NONFER_VA":1971.2,"NONFER_EXP":4039.92,"PRMETA_VA":10018.45,"PRMETA_EXP":4565.74,"ELCTRO_VA":1617.67,"ELCTRO_EXP":1839.38,"ELCTRI_VA":5060.41,"ELCTRI_EXP":6329.93,"MAQYEQ_VA":6336.59,"MAQYEQ_EXP":5173.92,"AUTOMO_VA":7233.25,"AUTOMO_EXP":15412.09,"OTRTRA_VA":465.28,"OTRTRA_EXP":598.73,"TRANSP_VA":1173.99,"TRANSP_EXP":750.59,"OTRMAN_VA":11270.42,"OTRMAN_EXP":3302.14,"ELEGAS_VA":12073.76,"ELEGAS_EXP":243.82,"AGUBAS_VA":4098.98,"AGUBAS_EXP":15.12,"CONSTR_VA":58147.18,"CONSTR_EXP":604.98,"COMREV_VA":99524.39,"COMREV_EXP":20269.81,"TRATIE_VA":60438.5,"TRATIE_EXP":8914.33,"TRAGUA_VA":8788.5,"TRAGUA_EXP":1542.39,"TRAAIR_VA":2295.82,"TRAAIR_EXP":5076.14,"ALMSTR_VA":19746.91,"ALMSTR_EXP":1748.5,"POSTME_VA":1618.45,"POSTME_EXP":134.47,"HOTYRE_VA":16830.62,"HOTYRE_EXP":7903.47,"MMTVRA_VA":2579.44,"MMTVRA_EXP":350.86,"TELECO_VA":13612.02,"TELECO_EXP":870.77,"ITSERV_VA":4174.99,"ITSERV_EXP":134.59,"SERFIN_VA":19846.28,"SERFIN_EXP":2072.14,"GOBEST_VA":52463.06,"GOBEST_EXP":1349.26,"SPRSCT_VA":15232.01,"SPRSCT_EXP":1451.76,"SEAEMP_VA":19405.99,"SEAEMP_EXP":2798.83,"ADPDEF_VA":35989.09,"ADPDEF_EXP":130.68,"EDUCAC_VA":29277.61,"EDUCAC_EXP":823.08,"SALUDH_VA":22054.09,"SALUDH_EXP":282.75,"ESPARC_VA":5846.54,"ESPARC_EXP":898.77,"OTRSER_VA":6474.47,"OTRSER_EXP":447.27,"SERHOG_VA":380.58,"SERHOG_EXP":0.0}},{"type":"Feature","geometry":{"type":"Point","coordinates":[120.96,23.7]},"properties":{"id":"TWN","name":"Taiwán","continent":"asia","year":2008,"AGRPFO_VA":5314.16,"AGRPFO_EXP":274.29,"FORLOG_VA":56.85,"FORLOG_EXP":28.06,"PESCAC_VA":1005.74,"PESCAC_EXP":1188.81,"MINCOL_VA":67.46,"MINCOL_EXP":10.81,"PETGAS_VA":208.94,"PETGAS_EXP":31.46,"MINORE_VA":49.49,"MINORE_EXP":10.57,"MINOTH_VA":433.23,"MINOTH_EXP":11.72,"MINSER_VA":231.95,"MINSER_EXP":11.05,"ALYBEB_VA":5359.67,"ALYBEB_EXP":1781.31,"TEXYPR_VA":3628.43,"TEXYPR_EXP":10256.31,"MADYPR_VA":311.25,"MADYPR_EXP":242.91,"PAPYPR_VA":2508.62,"PAPYPR_EXP":1669.06,"PETREF_VA":3425.8,"PETREF_EXP":16677.63,"QUIMYP_VA":6010.92,"QUIMYP_EXP":27939.1,"FARMED_VA":948.21,"FARMED_EXP":521.03,"HUPLAS_VA":3230.0,"HUPLAS_EXP":7531.9,"PRNOMT_VA":3991.72,"PRNOMT_EXP":1432.65,"METBAS_VA":5971.26,"METBAS_EXP":11964.87,"NONFER_VA":1316.75,"NONFER_EXP":6046.5,"PRMETA_VA":6575.72,"PRMETA_EXP":12960.18,"ELCTRO_VA":50877.35,"ELCTRO_EXP":120218.71,"ELCTRI_VA":3482.51,"ELCTRI_EXP":7476.12,"MAQYEQ_VA":5638.02,"MAQYEQ_EXP":17314.37,"AUTOMO_VA":2774.24,"AUTOMO_EXP":4092.3,"OTRTRA_VA":2494.6,"OTRTRA_EXP":1152.52,"TRANSP_VA":1896.99,"TRANSP_EXP":4997.87,"OTRMAN_VA":4790.36,"OTRMAN_EXP":2615.75,"ELEGAS_VA":1285.45,"ELEGAS_EXP":23.19,"AGUBAS_VA":2729.35,"AGUBAS_EXP":2.61,"CONSTR_VA":11319.97,"CONSTR_EXP":147.96,"COMREV_VA":68218.08,"COMREV_EXP":29822.54,"TRATIE_VA":5246.8,"TRATIE_EXP":2350.99,"TRAGUA_VA":1062.98,"TRAGUA_EXP":2295.75,"TRAAIR_VA":1094.69,"TRAAIR_EXP":3573.63,"ALMSTR_VA":4078.67,"ALMSTR_EXP":1798.52,"POSTME_VA":912.82,"POSTME_EXP":38.51,"HOTYRE_VA":8122.49,"HOTYRE_EXP":1296.75,"MMTVRA_VA":2628.74,"MMTVRA_EXP":710.54,"TELECO_VA":7729.2,"TELECO_EXP":496.9,"ITSERV_VA":3886.15,"ITSERV_EXP":160.15,"SERFIN_VA":28356.27,"SERFIN_EXP":1547.36,"GOBEST_VA":34592.88,"GOBEST_EXP":195.26,"SPRSCT_VA":13082.74,"SPRSCT_EXP":1302.89,"SEAEMP_VA":7103.62,"SEAEMP_EXP":606.44,"ADPDEF_VA":30514.8,"ADPDEF_EXP":0.01,"EDUCAC_VA":20475.29,"EDUCAC_EXP":97.52,"SALUDH_VA":11713.32,"SALUDH_EXP":738.03,"ESPARC_VA":3538.18,"ESPARC_EXP":333.21,"OTRSER_VA":11247.78,"OTRSER_EXP":53.03,"SERHOG_VA":3125.43,"SERHOG_EXP":0.0}},{"type":"Feature","geometry":{"type":"Point","coordinates":[31.17,48.38]},"properties":{"id":"UKR","name":"Ucrania","continent":"europe","year":2008,"AGRPFO_VA":15096.95,"AGRPFO_EXP":4627.84,"FORLOG_VA":1744.47,"FORLOG_EXP":208.05,"PESCAC_VA":43.8,"PESCAC_EXP":2.09,"MINCOL_VA":3453.77,"MINCOL_EXP":871.26,"PETGAS_VA":3634.3,"PETGAS_EXP":523.11,"MINORE_VA":3684.39,"MINORE_EXP":279.33,"MINOTH_VA":821.28,"MINOTH_EXP":422.03,"MINSER_VA":123.47,"MINSER_EXP":1248.11,"ALYBEB_VA":8839.63,"ALYBEB_EXP":4023.91,"TEXYPR_VA":1318.84,"TEXYPR_EXP":565.39,"MADYPR_VA":555.72,"MADYPR_EXP":864.48,"PAPYPR_VA":1371.63,"PAPYPR_EXP":1153.36,"PETREF_VA":1327.18,"PETREF_EXP":880.12,"QUIMYP_VA":1578.08,"QUIMYP_EXP":2213.52,"FARMED_VA":530.86,"FARMED_EXP":204.81,"HUPLAS_VA":905.22,"HUPLAS_EXP":274.77,"PRNOMT_VA":1616.39,"PRNOMT_EXP":358.12,"METBAS_VA":4340.13,"METBAS_EXP":10927.1,"NONFER_VA":424.42,"NONFER_EXP":982.08,"PRMETA_VA":1114.89,"PRMETA_EXP":627.36,"ELCTRO_VA":449.81,"ELCTRO_EXP":647.59,"ELCTRI_VA":1255.71,"ELCTRI_EXP":1015.67,"MAQYEQ_VA":2134.85,"MAQYEQ_EXP":1754.39,"AUTOMO_VA":445.71,"AUTOMO_EXP":418.5,"OTRTRA_VA":78.02,"OTRTRA_EXP":170.07,"TRANSP_VA":3608.03,"TRANSP_EXP":1086.25,"OTRMAN_VA":1889.0,"OTRMAN_EXP":1682.59,"ELEGAS_VA":5126.55,"ELEGAS_EXP":251.99,"AGUBAS_VA":2147.13,"AGUBAS_EXP":7.97,"CONSTR_VA":6680.57,"CONSTR_EXP":51.98,"COMREV_VA":24632.54,"COMREV_EXP":4485.99,"TRATIE_VA":9686.82,"TRATIE_EXP":2334.57,"TRAGUA_VA":1063.12,"TRAGUA_EXP":217.61,"TRAAIR_VA":946.46,"TRAAIR_EXP":1047.06,"ALMSTR_VA":4949.27,"ALMSTR_EXP":1000.33,"POSTME_VA":349.04,"POSTME_EXP":17.49,"HOTYRE_VA":1597.29,"HOTYRE_EXP":1510.69,"MMTVRA_VA":866.28,"MMTVRA_EXP":176.61,"TELECO_VA":3056.07,"TELECO_EXP":698.72,"ITSERV_VA":1644.35,"ITSERV_EXP":1255.94,"SERFIN_VA":7865.14,"SERFIN_EXP":1137.64,"GOBEST_VA":6714.89,"GOBEST_EXP":461.87,"SPRSCT_VA":4582.09,"SPRSCT_EXP":1574.01,"SEAEMP_VA":1736.68,"SEAEMP_EXP":502.06,"ADPDEF_VA":8894.03,"ADPDEF_EXP":2.42,"EDUCAC_VA":8468.93,"EDUCAC_EXP":116.18,"SALUDH_VA":5740.76,"SALUDH_EXP":62.34,"ESPARC_VA":1220.21,"ESPARC_EXP":330.0,"OTRSER_VA":1309.39,"OTRSER_EXP":77.21,"SERHOG_VA":2.53,"SERHOG_EXP":0.0}},{"type":"Feature","geometry":{"type":"Point","coordinates":[-95.71,37.09]},"properties":{"id":"USA","name":"Estados Unidos","continent":"america","year":2008,"AGRPFO_VA":146280.62,"AGRPFO_EXP":46416.87,"FORLOG_VA":8620.27,"FORLOG_EXP":1330.15,"PESCAC_VA":3188.44,"PESCAC_EXP":2738.29,"MINCOL_VA":26259.86,"MINCOL_EXP":6788.46,"PETGAS_VA":254495.24,"PETGAS_EXP":10522.87,"MINORE_VA":14433.68,"MINORE_EXP":8593.59,"MINOTH_VA":18987.78,"MINOTH_EXP":1864.39,"MINSER_VA":60170.66,"MINSER_EXP":3004.9,"ALYBEB_VA":186084.83,"ALYBEB_EXP":43559.3,"TEXYPR_VA":30400.29,"TEXYPR_EXP":16998.81,"MADYPR_VA":26315.79,"MADYPR_EXP":4203.08,"PAPYPR_VA":99597.78,"PAPYPR_EXP":22350.31,"PETREF_VA":146247.79,"PETREF_EXP":64186.39,"QUIMYP_VA":151712.4,"QUIMYP_EXP":92634.62,"FARMED_VA":124698.81,"FARMED_EXP":31189.1,"HUPLAS_VA":58010.92,"HUPLAS_EXP":20410.39,"PRNOMT_VA":59177.19,"PRNOMT_EXP":7830.37,"METBAS_VA":44547.23,"METBAS_EXP":14952.31,"NONFER_VA":38502.26,"NONFER_EXP":30461.66,"PRMETA_VA":131802.37,"PRMETA_EXP":23250.82,"ELCTRO_VA":236238.28,"ELCTRO_EXP":119009.92,"ELCTRI_VA":56455.39,"ELCTRI_EXP":27940.93,"MAQYEQ_VA":136397.25,"MAQYEQ_EXP":104423.33,"AUTOMO_VA":87286.51,"AUTOMO_EXP":78719.49,"OTRTRA_VA":14417.13,"OTRTRA_EXP":3049.72,"TRANSP_VA":101219.86,"TRANSP_EXP":78833.24,"OTRMAN_VA":121269.44,"OTRMAN_EXP":40073.63,"ELEGAS_VA":207011.35,"ELEGAS_EXP":3307.59,"AGUBAS_VA":43686.06,"AGUBAS_EXP":82.31,"CONSTR_VA":661755.76,"CONSTR_EXP":2.94,"COMREV_VA":1477849.84,"COMREV_EXP":226291.25,"TRATIE_VA":209261.95,"TRATIE_EXP":35431.49,"TRAGUA_VA":17362.75,"TRAGUA_EXP":9014.24,"TRAAIR_VA":56442.53,"TRAAIR_EXP":44406.32,"ALMSTR_VA":95602.71,"ALMSTR_EXP":4764.81,"POSTME_VA":95238.85,"POSTME_EXP":10352.11,"HOTYRE_VA":353376.11,"HOTYRE_EXP":33419.33,"MMTVRA_VA":342520.91,"MMTVRA_EXP":52447.23,"TELECO_VA":287758.27,"TELECO_EXP":18795.25,"ITSERV_VA":262887.12,"ITSERV_EXP":14889.32,"SERFIN_VA":873297.78,"SERFIN_EXP":110912.39,"GOBEST_VA":1772129.92,"GOBEST_EXP":10424.66,"SPRSCT_VA":1143021.74,"SPRSCT_EXP":103680.45,"SEAEMP_VA":571274.58,"SEAEMP_EXP":53630.65,"ADPDEF_VA":1337240.16,"ADPDEF_EXP":3728.05,"EDUCAC_VA":822151.32,"EDUCAC_EXP":23887.67,"SALUDH_VA":1017670.19,"SALUDH_EXP":1895.15,"ESPARC_VA":133374.89,"ESPARC_EXP":5415.23,"OTRSER_VA":222575.36,"OTRSER_EXP":2619.99,"SERHOG_VA":19109.13,"SERHOG_EXP":0.0}},{"type":"Feature","geometry":{"type":"Point","coordinates":[108.28,14.06]},"properties":{"id":"VNM","name":"Vietnam","continent":"asia","year":2008,"AGRPFO_VA":14082.07,"AGRPFO_EXP":3059.98,"FORLOG_VA":594.71,"FORLOG_EXP":37.92,"PESCAC_VA":3243.16,"PESCAC_EXP":72.81,"MINCOL_VA":504.59,"MINCOL_EXP":1555.15,"PETGAS_VA":10997.94,"PETGAS_EXP":8861.43,"MINORE_VA":431.77,"MINORE_EXP":131.7,"MINOTH_VA":215.75,"MINOTH_EXP":101.12,"MINSER_VA":193.24,"MINSER_EXP":2.93,"ALYBEB_VA":4394.31,"ALYBEB_EXP":8532.81,"TEXYPR_VA":7649.71,"TEXYPR_EXP":12236.03,"MADYPR_VA":347.99,"MADYPR_EXP":498.33,"PAPYPR_VA":690.02,"PAPYPR_EXP":305.65,"PETREF_VA":754.05,"PETREF_EXP":66.39,"QUIMYP_VA":1132.47,"QUIMYP_EXP":1254.09,"FARMED_VA":320.53,"FARMED_EXP":46.47,"HUPLAS_VA":1018.61,"HUPLAS_EXP":1813.54,"PRNOMT_VA":1500.69,"PRNOMT_EXP":1350.41,"METBAS_VA":711.31,"METBAS_EXP":1418.87,"NONFER_VA":175.0,"NONFER_EXP":185.05,"PRMETA_VA":1114.53,"PRMETA_EXP":2324.12,"ELCTRO_VA":1699.28,"ELCTRO_EXP":4089.37,"ELCTRI_VA":779.3,"ELCTRI_EXP":2544.0,"MAQYEQ_VA":478.05,"MAQYEQ_EXP":1502.11,"AUTOMO_VA":438.38,"AUTOMO_EXP":924.62,"OTRTRA_VA":109.11,"OTRTRA_EXP":403.53,"TRANSP_VA":89.72,"TRANSP_EXP":121.86,"OTRMAN_VA":2375.93,"OTRMAN_EXP":3034.28,"ELEGAS_VA":2733.66,"ELEGAS_EXP":15.32,"AGUBAS_VA":498.31,"AGUBAS_EXP":0.17,"CONSTR_VA":5503.16,"CONSTR_EXP":9.15,"COMREV_VA":8817.7,"COMREV_EXP":3789.03,"TRATIE_VA":1527.36,"TRATIE_EXP":931.91,"TRAGUA_VA":369.99,"TRAGUA_EXP":655.02,"TRAAIR_VA":427.4,"TRAAIR_EXP":1129.27,"ALMSTR_VA":918.02,"ALMSTR_EXP":1204.47,"POSTME_VA":159.53,"POSTME_EXP":173.66,"HOTYRE_VA":2517.0,"HOTYRE_EXP":1370.58,"MMTVRA_VA":250.89,"MMTVRA_EXP":60.31,"TELECO_VA":892.64,"TELECO_EXP":146.82,"ITSERV_VA":375.99,"ITSERV_EXP":101.22,"SERFIN_VA":2940.64,"SERFIN_EXP":452.45,"GOBEST_VA":2536.65,"GOBEST_EXP":132.3,"SPRSCT_VA":1630.05,"SPRSCT_EXP":174.87,"SEAEMP_VA":524.25,"SEAEMP_EXP":364.74,"ADPDEF_VA":2258.47,"ADPDEF_EXP":1.02,"EDUCAC_VA":2079.46,"EDUCAC_EXP":40.58,"SALUDH_VA":1006.29,"SALUDH_EXP":32.75,"ESPARC_VA":738.5,"ESPARC_EXP":122.75,"OTRSER_VA":550.05,"OTRSER_EXP":43.9,"SERHOG_VA":149.21,"SERHOG_EXP":0.0}},{"type":"Feature","geometry":{"type":"Point","coordinates":[22.94,-30.56]},"properties":{"id":"ZAF","name":"Sudáfrica","continent":"other","year":2008,"AGRPFO_VA":5335.17,"AGRPFO_EXP":2810.97,"FORLOG_VA":297.86,"FORLOG_EXP":26.46,"PESCAC_VA":525.85,"PESCAC_EXP":88.47,"MINCOL_VA":3441.58,"MINCOL_EXP":5980.54,"PETGAS_VA":262.82,"PETGAS_EXP":866.9,"MINORE_VA":13847.94,"MINORE_EXP":23819.76,"MINOTH_VA":1218.93,"MINOTH_EXP":2909.26,"MINSER_VA":205.03,"MINSER_EXP":18.26,"ALYBEB_VA":7585.57,"ALYBEB_EXP":2270.96,"TEXYPR_VA":1912.16,"TEXYPR_EXP":405.64,"MADYPR_VA":633.28,"MADYPR_EXP":340.77,"PAPYPR_VA":2629.42,"PAPYPR_EXP":1367.61,"PETREF_VA":4214.4,"PETREF_EXP":2422.11,"QUIMYP_VA":3568.0,"QUIMYP_EXP":5150.98,"FARMED_VA":640.84,"FARMED_EXP":274.79,"HUPLAS_VA":1266.3,"HUPLAS_EXP":491.85,"PRNOMT_VA":1835.3,"PRNOMT_EXP":275.52,"METBAS_VA":3513.86,"METBAS_EXP":7551.38,"NONFER_VA":1295.99,"NONFER_EXP":3368.56,"PRMETA_VA":2242.46,"PRMETA_EXP":1893.13,"ELCTRO_VA":662.17,"ELCTRO_EXP":590.52,"ELCTRI_VA":1263.19,"ELCTRI_EXP":1041.37,"MAQYEQ_VA":2937.98,"MAQYEQ_EXP":4140.9,"AUTOMO_VA":3491.74,"AUTOMO_EXP":5776.26,"OTRTRA_VA":71.59,"OTRTRA_EXP":164.97,"TRANSP_VA":467.1,"TRANSP_EXP":1038.6,"OTRMAN_VA":2113.98,"OTRMAN_EXP":1462.14,"ELEGAS_VA":5454.5,"ELEGAS_EXP":108.33,"AGUBAS_VA":3025.75,"AGUBAS_EXP":0.45,"CONSTR_VA":12010.5,"CONSTR_EXP":95.15,"COMREV_VA":25766.32,"COMREV_EXP":7490.83,"TRATIE_VA":7346.82,"TRATIE_EXP":2308.56,"TRAGUA_VA":428.24,"TRAGUA_EXP":426.8,"TRAAIR_VA":790.2,"TRAAIR_EXP":1265.08,"ALMSTR_VA":3246.46,"ALMSTR_EXP":1382.28,"POSTME_VA":523.91,"POSTME_EXP":114.24,"HOTYRE_VA":2932.0,"HOTYRE_EXP":1133.16,"MMTVRA_VA":2606.15,"MMTVRA_EXP":538.5,"TELECO_VA":16237.86,"TELECO_EXP":1499.41,"ITSERV_VA":5493.62,"ITSERV_EXP":343.07,"SERFIN_VA":41796.04,"SERFIN_EXP":1789.64,"GOBEST_VA":20236.27,"GOBEST_EXP":566.36,"SPRSCT_VA":11725.53,"SPRSCT_EXP":313.61,"SEAEMP_VA":7032.5,"SEAEMP_EXP":513.7,"ADPDEF_VA":10083.48,"ADPDEF_EXP":22.76,"EDUCAC_VA":8051.59,"EDUCAC_EXP":1098.24,"SALUDH_VA":6112.09,"SALUDH_EXP":102.29,"ESPARC_VA":3590.28,"ESPARC_EXP":276.42,"OTRSER_VA":1617.52,"OTRSER_EXP":100.56,"SERHOG_VA":38107.38,"SERHOG_EXP":0.0}}]}