{"type":"FeatureCollection","features":[{"type":"Feature","geometry":{"type":"Point","coordinates":[13.23,-8.84]},"properties":{"id":"AGO","name":"Angola","continent":"other","year":2021,"AGRPFO_VA":4689.23,"AGRPFO_EXP":24.98,"FORLOG_VA":375.5,"FORLOG_EXP":6.71,"PESCAC_VA":799.6,"PESCAC_EXP":3.29,"MINCOL_VA":23.46,"MINCOL_EXP":0.18,"PETGAS_VA":23429.5,"PETGAS_EXP":27272.22,"MINORE_VA":25.57,"MINORE_EXP":10.02,"MINOTH_VA":1503.2,"MINOTH_EXP":1640.36,"MINSER_VA":3025.45,"MINSER_EXP":147.3,"ALYBEB_VA":900.07,"ALYBEB_EXP":43.47,"TEXYPR_VA":434.64,"TEXYPR_EXP":1.87,"MADYPR_VA":15.6,"MADYPR_EXP":29.24,"PAPYPR_VA":61.46,"PAPYPR_EXP":1.15,"PETREF_VA":710.72,"PETREF_EXP":637.94,"QUIMYP_VA":310.56,"QUIMYP_EXP":126.13,"FARMED_VA":143.72,"FARMED_EXP":0.64,"HUPLAS_VA":75.84,"HUPLAS_EXP":2.56,"PRNOMT_VA":131.61,"PRNOMT_EXP":8.89,"METBAS_VA":43.31,"METBAS_EXP":12.16,"NONFER_VA":11.49,"NONFER_EXP":25.58,"PRMETA_VA":88.59,"PRMETA_EXP":11.18,"ELCTRO_VA":296.45,"ELCTRO_EXP":10.13,"ELCTRI_VA":124.62,"ELCTRI_EXP":3.61,"MAQYEQ_VA":396.82,"MAQYEQ_EXP":107.58,"AUTOMO_VA":350.47,"AUTOMO_EXP":5.25,"OTRTRA_VA":13.74,"OTRTRA_EXP":0.19,"TRANSP_VA":8.25,"TRANSP_EXP":1.89,"OTRMAN_VA":126.15,"OTRMAN_EXP":36.4,"ELEGAS_VA":2182.74,"ELEGAS_EXP":538.7,"AGUBAS_VA":269.38,"AGUBAS_EXP":58.19,"CONSTR_VA":4189.09,"CONSTR_EXP":0.28,"COMREV_VA":4781.82,"COMREV_EXP":806.23,"TRATIE_VA":507.89,"TRATIE_EXP":191.81,"TRAGUA_VA":252.44,"TRAGUA_EXP":67.42,"TRAAIR_VA":281.56,"TRAAIR_EXP":11.68,"ALMSTR_VA":396.41,"ALMSTR_EXP":51.35,"POSTME_VA":215.12,"POSTME_EXP":1.49,"HOTYRE_VA":1281.07,"HOTYRE_EXP":3.96,"MMTVRA_VA":628.16,"MMTVRA_EXP":1.87,"TELECO_VA":953.34,"TELECO_EXP":5.69,"ITSERV_VA":598.88,"ITSERV_EXP":8.23,"SERFIN_VA":1702.84,"SERFIN_EXP":16.85,"GOBEST_VA":3099.17,"GOBEST_EXP":209.69,"SPRSCT_VA":1004.85,"SPRSCT_EXP":23.86,"SEAEMP_VA":783.84,"SEAEMP_EXP":19.86,"ADPDEF_VA":3674.01,"ADPDEF_EXP":2.67,"EDUCAC_VA":3695.27,"EDUCAC_EXP":0.09,"SALUDH_VA":991.72,"SALUDH_EXP":1.06,"ESPARC_VA":159.01,"ESPARC_EXP":1.43,"OTRSER_VA":467.7,"OTRSER_EXP":1.62,"SERHOG_VA":0.0,"SERHOG_EXP":0.0}},{"type":"Feature","geometry":{"type":"Point","coordinates":[53.85,23.42]},"properties":{"id":"ARE","name":"Emiratos Árabes","continent":"other","year":2021,"AGRPFO_VA":3680.39,"AGRPFO_EXP":1906.94,"FORLOG_VA":468.66,"FORLOG_EXP":465.4,"PESCAC_VA":497.58,"PESCAC_EXP":677.7,"MINCOL_VA":888.98,"MINCOL_EXP":1302.92,"PETGAS_VA":98219.64,"PETGAS_EXP":125985.06,"MINORE_VA":13296.67,"MINORE_EXP":3449.78,"MINOTH_VA":5360.17,"MINOTH_EXP":13065.17,"MINSER_VA":11878.57,"MINSER_EXP":10216.7,"ALYBEB_VA":5899.68,"ALYBEB_EXP":7878.36,"TEXYPR_VA":2078.88,"TEXYPR_EXP":1945.68,"MADYPR_VA":240.83,"MADYPR_EXP":86.81,"PAPYPR_VA":966.31,"PAPYPR_EXP":1830.05,"PETREF_VA":12581.96,"PETREF_EXP":33219.5,"QUIMYP_VA":3415.54,"QUIMYP_EXP":10507.19,"FARMED_VA":2050.02,"FARMED_EXP":294.47,"HUPLAS_VA":992.49,"HUPLAS_EXP":1613.16,"PRNOMT_VA":2952.53,"PRNOMT_EXP":2019.72,"METBAS_VA":712.07,"METBAS_EXP":3124.82,"NONFER_VA":3127.31,"NONFER_EXP":12556.21,"PRMETA_VA":1430.03,"PRMETA_EXP":2826.33,"ELCTRO_VA":4583.82,"ELCTRO_EXP":558.6,"ELCTRI_VA":1917.86,"ELCTRI_EXP":2569.3,"MAQYEQ_VA":1282.04,"MAQYEQ_EXP":2230.35,"AUTOMO_VA":1703.82,"AUTOMO_EXP":664.4,"OTRTRA_VA":255.63,"OTRTRA_EXP":175.91,"TRANSP_VA":770.25,"TRANSP_EXP":264.2,"OTRMAN_VA":2521.82,"OTRMAN_EXP":3533.33,"ELEGAS_VA":19784.19,"ELEGAS_EXP":441.61,"AGUBAS_VA":2149.11,"AGUBAS_EXP":46.49,"CONSTR_VA":36272.81,"CONSTR_EXP":555.33,"COMREV_VA":41040.88,"COMREV_EXP":15503.23,"TRATIE_VA":3671.44,"TRATIE_EXP":2973.12,"TRAGUA_VA":2549.45,"TRAGUA_EXP":6284.18,"TRAAIR_VA":2517.33,"TRAAIR_EXP":9800.06,"ALMSTR_VA":3798.1,"ALMSTR_EXP":3843.71,"POSTME_VA":1642.29,"POSTME_EXP":342.41,"HOTYRE_VA":7636.54,"HOTYRE_EXP":19596.18,"MMTVRA_VA":4816.08,"MMTVRA_EXP":1853.72,"TELECO_VA":7131.13,"TELECO_EXP":5829.0,"ITSERV_VA":4460.15,"ITSERV_EXP":6621.48,"SERFIN_VA":13605.71,"SERFIN_EXP":12366.38,"GOBEST_VA":23817.93,"GOBEST_EXP":10422.62,"SPRSCT_VA":6931.77,"SPRSCT_EXP":4898.1,"SEAEMP_VA":6238.94,"SEAEMP_EXP":4326.77,"ADPDEF_VA":32173.74,"ADPDEF_EXP":152.02,"EDUCAC_VA":7365.26,"EDUCAC_EXP":282.26,"SALUDH_VA":5783.16,"SALUDH_EXP":178.47,"ESPARC_VA":1334.0,"ESPARC_EXP":1830.26,"OTRSER_VA":3120.77,"OTRSER_EXP":253.81,"SERHOG_VA":3005.18,"SERHOG_EXP":0.0}},{"type":"Feature","geometry":{"type":"Point","coordinates":[-63.62,-38.42]},"properties":{"id":"ARG","name":"Argentina","continent":"america","year":2021,"AGRPFO_VA":33333.49,"AGRPFO_EXP":14790.19,"FORLOG_VA":422.29,"FORLOG_EXP":71.69,"PESCAC_VA":1613.03,"PESCAC_EXP":1388.92,"MINCOL_VA":34.18,"MINCOL_EXP":2.28,"PETGAS_VA":10267.89,"PETGAS_EXP":1971.77,"MINORE_VA":2540.87,"MINORE_EXP":1571.21,"MINOTH_VA":1498.5,"MINOTH_EXP":49.95,"MINSER_VA":2884.6,"MINSER_EXP":22.16,"ALYBEB_VA":25191.31,"ALYBEB_EXP":23417.79,"TEXYPR_VA":4080.86,"TEXYPR_EXP":808.47,"MADYPR_VA":1738.1,"MADYPR_EXP":237.27,"PAPYPR_VA":4719.22,"PAPYPR_EXP":606.89,"PETREF_VA":1961.98,"PETREF_EXP":631.27,"QUIMYP_VA":10230.58,"QUIMYP_EXP":2956.23,"FARMED_VA":6333.14,"FARMED_EXP":938.81,"HUPLAS_VA":4441.4,"HUPLAS_EXP":1103.99,"PRNOMT_VA":3988.07,"PRNOMT_EXP":240.41,"METBAS_VA":4531.19,"METBAS_EXP":863.78,"NONFER_VA":1231.47,"NONFER_EXP":662.3,"PRMETA_VA":3688.75,"PRMETA_EXP":770.28,"ELCTRO_VA":965.06,"ELCTRO_EXP":158.19,"ELCTRI_VA":1175.33,"ELCTRI_EXP":195.22,"MAQYEQ_VA":4598.03,"MAQYEQ_EXP":619.4,"AUTOMO_VA":5119.76,"AUTOMO_EXP":4471.19,"OTRTRA_VA":79.05,"OTRTRA_EXP":19.53,"TRANSP_VA":341.19,"TRANSP_EXP":571.54,"OTRMAN_VA":2341.08,"OTRMAN_EXP":1020.91,"ELEGAS_VA":4210.9,"ELEGAS_EXP":761.81,"AGUBAS_VA":769.81,"AGUBAS_EXP":0.08,"CONSTR_VA":17973.06,"CONSTR_EXP":1.55,"COMREV_VA":78119.75,"COMREV_EXP":13955.68,"TRATIE_VA":9630.93,"TRATIE_EXP":2011.4,"TRAGUA_VA":288.17,"TRAGUA_EXP":92.95,"TRAAIR_VA":730.51,"TRAAIR_EXP":253.19,"ALMSTR_VA":4194.09,"ALMSTR_EXP":1120.68,"POSTME_VA":676.96,"POSTME_EXP":28.68,"HOTYRE_VA":6749.53,"HOTYRE_EXP":350.44,"MMTVRA_VA":823.08,"MMTVRA_EXP":243.01,"TELECO_VA":7848.01,"TELECO_EXP":802.49,"ITSERV_VA":6615.1,"ITSERV_EXP":1523.47,"SERFIN_VA":14629.52,"SERFIN_EXP":190.42,"GOBEST_VA":27371.81,"GOBEST_EXP":45.34,"SPRSCT_VA":19581.88,"SPRSCT_EXP":2995.7,"SEAEMP_VA":6943.06,"SEAEMP_EXP":1144.18,"ADPDEF_VA":32450.33,"ADPDEF_EXP":0.01,"EDUCAC_VA":24066.26,"EDUCAC_EXP":6.23,"SALUDH_VA":18837.12,"SALUDH_EXP":4.12,"ESPARC_VA":1600.77,"ESPARC_EXP":267.69,"OTRSER_VA":3254.01,"OTRSER_EXP":8.87,"SERHOG_VA":4822.43,"SERHOG_EXP":0.0}},{"type":"Feature","geometry":{"type":"Point","coordinates":[133.78,-25.27]},"properties":{"id":"AUS","name":"Australia","continent":"other","year":2021,"AGRPFO_VA":41358.85,"AGRPFO_EXP":14643.61,"FORLOG_VA":1658.93,"FORLOG_EXP":142.2,"PESCAC_VA":1946.3,"PESCAC_EXP":422.21,"MINCOL_VA":62760.05,"MINCOL_EXP":38820.0,"PETGAS_VA":57760.83,"PETGAS_EXP":43282.61,"MINORE_VA":93764.06,"MINORE_EXP":128163.86,"MINOTH_VA":4495.43,"MINOTH_EXP":932.82,"MINSER_VA":8368.09,"MINSER_EXP":307.15,"ALYBEB_VA":20738.7,"ALYBEB_EXP":15763.25,"TEXYPR_VA":1982.53,"TEXYPR_EXP":931.14,"MADYPR_VA":4344.11,"MADYPR_EXP":708.32,"PAPYPR_VA":3544.36,"PAPYPR_EXP":1044.04,"PETREF_VA":2306.45,"PETREF_EXP":2735.26,"QUIMYP_VA":6323.66,"QUIMYP_EXP":5618.55,"FARMED_VA":3019.48,"FARMED_EXP":2197.53,"HUPLAS_VA":3995.23,"HUPLAS_EXP":1327.05,"PRNOMT_VA":5905.88,"PRNOMT_EXP":625.1,"METBAS_VA":3119.47,"METBAS_EXP":1031.79,"NONFER_VA":3337.54,"NONFER_EXP":28723.21,"PRMETA_VA":10373.65,"PRMETA_EXP":1686.44,"ELCTRO_VA":5196.72,"ELCTRO_EXP":1968.05,"ELCTRI_VA":2152.64,"ELCTRI_EXP":1182.39,"MAQYEQ_VA":4785.57,"MAQYEQ_EXP":2494.28,"AUTOMO_VA":3337.61,"AUTOMO_EXP":1297.25,"OTRTRA_VA":2299.07,"OTRTRA_EXP":268.59,"TRANSP_VA":2184.26,"TRANSP_EXP":1108.72,"OTRMAN_VA":9832.2,"OTRMAN_EXP":1191.35,"ELEGAS_VA":17480.9,"ELEGAS_EXP":109.75,"AGUBAS_VA":14795.74,"AGUBAS_EXP":13.31,"CONSTR_VA":112335.77,"CONSTR_EXP":1186.88,"COMREV_VA":135025.86,"COMREV_EXP":36166.05,"TRATIE_VA":30189.5,"TRATIE_EXP":4787.36,"TRAGUA_VA":3473.7,"TRAGUA_EXP":1366.47,"TRAAIR_VA":3049.27,"TRAAIR_EXP":4011.98,"ALMSTR_VA":27437.08,"ALMSTR_EXP":3713.16,"POSTME_VA":5470.12,"POSTME_EXP":1429.25,"HOTYRE_VA":32330.21,"HOTYRE_EXP":2838.69,"MMTVRA_VA":12762.3,"MMTVRA_EXP":916.93,"TELECO_VA":16338.07,"TELECO_EXP":1197.13,"ITSERV_VA":37287.17,"ITSERV_EXP":2439.01,"SERFIN_VA":115791.53,"SERFIN_EXP":4360.94,"GOBEST_VA":177126.31,"GOBEST_EXP":842.14,"SPRSCT_VA":89725.09,"SPRSCT_EXP":5790.23,"SEAEMP_VA":61787.12,"SEAEMP_EXP":4088.19,"ADPDEF_VA":85724.82,"ADPDEF_EXP":20.17,"EDUCAC_VA":75486.78,"EDUCAC_EXP":4820.3,"SALUDH_VA":127225.3,"SALUDH_EXP":265.71,"ESPARC_VA":11738.75,"ESPARC_EXP":1139.34,"OTRSER_VA":12472.61,"OTRSER_EXP":338.62,"SERHOG_VA":0.0,"SERHOG_EXP":0.0}},{"type":"Feature","geometry":{"type":"Point","coordinates":[14.55,47.52]},"properties":{"id":"AUT","name":"Austria","continent":"europe","year":2021,"AGRPFO_VA":4646.73,"AGRPFO_EXP":1510.86,"FORLOG_VA":1503.58,"FORLOG_EXP":125.48,"PESCAC_VA":44.23,"PESCAC_EXP":16.46,"MINCOL_VA":30.63,"MINCOL_EXP":1.6,"PETGAS_VA":542.18,"PETGAS_EXP":416.14,"MINORE_VA":158.06,"MINORE_EXP":309.38,"MINOTH_VA":659.9,"MINOTH_EXP":335.63,"MINSER_VA":61.41,"MINSER_EXP":60.92,"ALYBEB_VA":9368.83,"ALYBEB_EXP":12492.9,"TEXYPR_VA":1132.74,"TEXYPR_EXP":2879.48,"MADYPR_VA":4402.51,"MADYPR_EXP":5660.98,"PAPYPR_VA":3375.19,"PAPYPR_EXP":7423.97,"PETREF_VA":1120.29,"PETREF_EXP":3288.32,"QUIMYP_VA":5055.25,"QUIMYP_EXP":14576.92,"FARMED_VA":3200.1,"FARMED_EXP":4866.14,"HUPLAS_VA":3228.6,"HUPLAS_EXP":4597.01,"PRNOMT_VA":3392.0,"PRNOMT_EXP":2347.34,"METBAS_VA":3241.67,"METBAS_EXP":8271.1,"NONFER_VA":1905.64,"NONFER_EXP":5441.02,"PRMETA_VA":8725.05,"PRMETA_EXP":11006.3,"ELCTRO_VA":5612.06,"ELCTRO_EXP":9395.36,"ELCTRI_VA":6334.33,"ELCTRI_EXP":9811.69,"MAQYEQ_VA":12035.28,"MAQYEQ_EXP":18159.62,"AUTOMO_VA":5840.95,"AUTOMO_EXP":15162.66,"OTRTRA_VA":105.24,"OTRTRA_EXP":52.32,"TRANSP_VA":1403.58,"TRANSP_EXP":4015.09,"OTRMAN_VA":6344.94,"OTRMAN_EXP":6504.08,"ELEGAS_VA":7656.75,"ELEGAS_EXP":2467.65,"AGUBAS_VA":4584.58,"AGUBAS_EXP":106.97,"CONSTR_VA":30358.17,"CONSTR_EXP":594.92,"COMREV_VA":55846.74,"COMREV_EXP":24954.82,"TRATIE_VA":10637.82,"TRATIE_EXP":10727.26,"TRAGUA_VA":297.55,"TRAGUA_EXP":85.0,"TRAAIR_VA":438.7,"TRAAIR_EXP":2230.45,"ALMSTR_VA":9334.67,"ALMSTR_EXP":4481.6,"POSTME_VA":1874.33,"POSTME_EXP":1260.36,"HOTYRE_VA":10473.7,"HOTYRE_EXP":1849.58,"MMTVRA_VA":3281.43,"MMTVRA_EXP":1987.75,"TELECO_VA":3940.59,"TELECO_EXP":1063.87,"ITSERV_VA":11265.0,"ITSERV_EXP":6452.86,"SERFIN_VA":20132.79,"SERFIN_EXP":4865.14,"GOBEST_VA":42621.03,"GOBEST_EXP":899.34,"SPRSCT_VA":25478.63,"SPRSCT_EXP":12343.99,"SEAEMP_VA":19044.3,"SEAEMP_EXP":2599.89,"ADPDEF_VA":23213.89,"ADPDEF_EXP":226.18,"EDUCAC_VA":23814.29,"EDUCAC_EXP":1315.39,"SALUDH_VA":36531.21,"SALUDH_EXP":386.79,"ESPARC_VA":3669.05,"ESPARC_EXP":801.79,"OTRSER_VA":6275.34,"OTRSER_EXP":360.7,"SERHOG_VA":156.05,"SERHOG_EXP":0.0}},{"type":"Feature","geometry":{"type":"Point","coordinates":[4.47,50.5]},"properties":{"id":"BEL","name":"Bélgica","continent":"europe","year":2021,"AGRPFO_VA":4129.87,"AGRPFO_EXP":2951.91,"FORLOG_VA":142.53,"FORLOG_EXP":208.61,"PESCAC_VA":53.22,"PESCAC_EXP":40.82,"MINCOL_VA":0.0,"MINCOL_EXP":0.0,"PETGAS_VA":0.0,"PETGAS_EXP":0.0,"MINORE_VA":0.0,"MINORE_EXP":0.0,"MINOTH_VA":387.89,"MINOTH_EXP":550.28,"MINSER_VA":3.86,"MINSER_EXP":12.37,"ALYBEB_VA":10989.68,"ALYBEB_EXP":25425.28,"TEXYPR_VA":1437.24,"TEXYPR_EXP":3318.08,"MADYPR_VA":1444.88,"MADYPR_EXP":2130.38,"PAPYPR_VA":2150.23,"PAPYPR_EXP":3088.15,"PETREF_VA":1602.42,"PETREF_EXP":14875.7,"QUIMYP_VA":9649.06,"QUIMYP_EXP":29237.32,"FARMED_VA":11746.92,"FARMED_EXP":23451.84,"HUPLAS_VA":2977.94,"HUPLAS_EXP":6389.09,"PRNOMT_VA":3538.02,"PRNOMT_EXP":3337.65,"METBAS_VA":2614.38,"METBAS_EXP":9908.71,"NONFER_VA":1625.95,"NONFER_EXP":12401.39,"PRMETA_VA":4878.09,"PRMETA_EXP":4926.64,"ELCTRO_VA":1693.41,"ELCTRO_EXP":3553.03,"ELCTRI_VA":1387.8,"ELCTRI_EXP":2289.74,"MAQYEQ_VA":4546.17,"MAQYEQ_EXP":8585.86,"AUTOMO_VA":3180.64,"AUTOMO_EXP":11932.51,"OTRTRA_VA":6.51,"OTRTRA_EXP":18.03,"TRANSP_VA":657.05,"TRANSP_EXP":938.4,"OTRMAN_VA":3965.68,"OTRMAN_EXP":3516.69,"ELEGAS_VA":9327.86,"ELEGAS_EXP":1081.33,"AGUBAS_VA":5232.91,"AGUBAS_EXP":34.3,"CONSTR_VA":31300.31,"CONSTR_EXP":1131.92,"COMREV_VA":68642.16,"COMREV_EXP":46504.14,"TRATIE_VA":12140.9,"TRATIE_EXP":12470.29,"TRAGUA_VA":769.19,"TRAGUA_EXP":2582.06,"TRAAIR_VA":460.43,"TRAAIR_EXP":2464.72,"ALMSTR_VA":15953.11,"ALMSTR_EXP":15729.91,"POSTME_VA":2881.26,"POSTME_EXP":1607.41,"HOTYRE_VA":8276.35,"HOTYRE_EXP":1427.9,"MMTVRA_VA":3667.86,"MMTVRA_EXP":4043.64,"TELECO_VA":6534.09,"TELECO_EXP":4009.99,"ITSERV_VA":14823.48,"ITSERV_EXP":10316.18,"SERFIN_VA":35141.68,"SERFIN_EXP":20052.34,"GOBEST_VA":52308.85,"GOBEST_EXP":1106.32,"SPRSCT_VA":58364.45,"SPRSCT_EXP":43063.48,"SEAEMP_VA":29172.66,"SEAEMP_EXP":7797.28,"ADPDEF_VA":40886.02,"ADPDEF_EXP":599.48,"EDUCAC_VA":37851.29,"EDUCAC_EXP":3504.62,"SALUDH_VA":40697.73,"SALUDH_EXP":171.75,"ESPARC_VA":3031.32,"ESPARC_EXP":847.69,"OTRSER_VA":6576.06,"OTRSER_EXP":216.56,"SERHOG_VA":302.97,"SERHOG_EXP":0.0}},{"type":"Feature","geometry":{"type":"Point","coordinates":[90.36,23.68]},"properties":{"id":"BGD","name":"Bangladesh","continent":"asia","year":2021,"AGRPFO_VA":30568.07,"AGRPFO_EXP":621.16,"FORLOG_VA":6502.72,"FORLOG_EXP":5.25,"PESCAC_VA":10686.07,"PESCAC_EXP":68.37,"MINCOL_VA":21.54,"MINCOL_EXP":0.22,"PETGAS_VA":4185.87,"PETGAS_EXP":9.1,"MINORE_VA":16.64,"MINORE_EXP":0.07,"MINOTH_VA":249.5,"MINOTH_EXP":1.47,"MINSER_VA":169.05,"MINSER_EXP":9.29,"ALYBEB_VA":13306.07,"ALYBEB_EXP":550.96,"TEXYPR_VA":50189.89,"TEXYPR_EXP":26031.16,"MADYPR_VA":108.34,"MADYPR_EXP":23.32,"PAPYPR_VA":673.57,"PAPYPR_EXP":21.58,"PETREF_VA":102.81,"PETREF_EXP":17.36,"QUIMYP_VA":833.23,"QUIMYP_EXP":70.13,"FARMED_VA":1844.54,"FARMED_EXP":113.48,"HUPLAS_VA":7084.35,"HUPLAS_EXP":96.57,"PRNOMT_VA":5892.0,"PRNOMT_EXP":59.09,"METBAS_VA":2057.33,"METBAS_EXP":23.64,"NONFER_VA":1301.81,"NONFER_EXP":58.09,"PRMETA_VA":544.98,"PRMETA_EXP":18.15,"ELCTRO_VA":547.75,"ELCTRO_EXP":33.23,"ELCTRI_VA":1023.0,"ELCTRI_EXP":58.56,"MAQYEQ_VA":130.78,"MAQYEQ_EXP":28.64,"AUTOMO_VA":76.65,"AUTOMO_EXP":2.5,"OTRTRA_VA":433.78,"OTRTRA_EXP":18.44,"TRANSP_VA":483.27,"TRANSP_EXP":114.16,"OTRMAN_VA":1078.13,"OTRMAN_EXP":77.11,"ELEGAS_VA":5231.72,"ELEGAS_EXP":8.65,"AGUBAS_VA":7968.39,"AGUBAS_EXP":15.26,"CONSTR_VA":37891.81,"CONSTR_EXP":65.21,"COMREV_VA":41530.78,"COMREV_EXP":5966.65,"TRATIE_VA":11408.77,"TRATIE_EXP":419.89,"TRAGUA_VA":3129.56,"TRAGUA_EXP":670.96,"TRAAIR_VA":2660.56,"TRAAIR_EXP":634.34,"ALMSTR_VA":3707.7,"ALMSTR_EXP":201.17,"POSTME_VA":651.08,"POSTME_EXP":3.21,"HOTYRE_VA":9558.08,"HOTYRE_EXP":103.69,"MMTVRA_VA":2901.95,"MMTVRA_EXP":137.48,"TELECO_VA":8262.43,"TELECO_EXP":256.67,"ITSERV_VA":2263.35,"ITSERV_EXP":746.91,"SERFIN_VA":14725.66,"SERFIN_EXP":394.88,"GOBEST_VA":19878.14,"GOBEST_EXP":139.2,"SPRSCT_VA":11301.12,"SPRSCT_EXP":2156.26,"SEAEMP_VA":7779.44,"SEAEMP_EXP":735.55,"ADPDEF_VA":13671.49,"ADPDEF_EXP":8.53,"EDUCAC_VA":11143.41,"EDUCAC_EXP":10.81,"SALUDH_VA":15553.07,"SALUDH_EXP":9.98,"ESPARC_VA":5885.25,"ESPARC_EXP":152.11,"OTRSER_VA":6229.56,"OTRSER_EXP":26.19,"SERHOG_VA":0.0,"SERHOG_EXP":0.0}},{"type":"Feature","geometry":{"type":"Point","coordinates":[25.49,42.73]},"properties":{"id":"BGR","name":"Bulgaria","continent":"europe","year":2021,"AGRPFO_VA":3406.78,"AGRPFO_EXP":3299.32,"FORLOG_VA":323.86,"FORLOG_EXP":82.35,"PESCAC_VA":29.24,"PESCAC_EXP":19.03,"MINCOL_VA":290.42,"MINCOL_EXP":20.01,"PETGAS_VA":23.04,"PETGAS_EXP":8.29,"MINORE_VA":783.64,"MINORE_EXP":1315.36,"MINOTH_VA":105.69,"MINOTH_EXP":184.23,"MINSER_VA":15.35,"MINSER_EXP":10.65,"ALYBEB_VA":1546.44,"ALYBEB_EXP":4051.03,"TEXYPR_VA":741.6,"TEXYPR_EXP":1605.1,"MADYPR_VA":201.07,"MADYPR_EXP":372.54,"PAPYPR_VA":444.88,"PAPYPR_EXP":425.59,"PETREF_VA":456.29,"PETREF_EXP":943.65,"QUIMYP_VA":312.1,"QUIMYP_EXP":1680.95,"FARMED_VA":155.88,"FARMED_EXP":610.71,"HUPLAS_VA":675.01,"HUPLAS_EXP":1173.62,"PRNOMT_VA":619.22,"PRNOMT_EXP":825.29,"METBAS_VA":468.56,"METBAS_EXP":1509.93,"NONFER_VA":354.79,"NONFER_EXP":2068.29,"PRMETA_VA":699.09,"PRMETA_EXP":939.76,"ELCTRO_VA":477.73,"ELCTRO_EXP":869.03,"ELCTRI_VA":693.89,"ELCTRI_EXP":2117.55,"MAQYEQ_VA":741.41,"MAQYEQ_EXP":1910.23,"AUTOMO_VA":579.13,"AUTOMO_EXP":1267.32,"OTRTRA_VA":52.26,"OTRTRA_EXP":14.76,"TRANSP_VA":86.16,"TRANSP_EXP":237.5,"OTRMAN_VA":1062.99,"OTRMAN_EXP":1283.86,"ELEGAS_VA":3795.47,"ELEGAS_EXP":993.24,"AGUBAS_VA":506.76,"AGUBAS_EXP":29.52,"CONSTR_VA":3182.37,"CONSTR_EXP":234.51,"COMREV_VA":12217.33,"COMREV_EXP":6610.4,"TRATIE_VA":2662.59,"TRATIE_EXP":2100.33,"TRAGUA_VA":127.13,"TRAGUA_EXP":143.88,"TRAAIR_VA":110.84,"TRAAIR_EXP":336.35,"ALMSTR_VA":1044.87,"ALMSTR_EXP":825.59,"POSTME_VA":274.96,"POSTME_EXP":36.24,"HOTYRE_VA":1754.95,"HOTYRE_EXP":953.9,"MMTVRA_VA":515.32,"MMTVRA_EXP":243.5,"TELECO_VA":1134.34,"TELECO_EXP":282.0,"ITSERV_VA":4189.7,"ITSERV_EXP":1528.09,"SERFIN_VA":5060.61,"SERFIN_EXP":1251.64,"GOBEST_VA":6658.61,"GOBEST_EXP":200.25,"SPRSCT_VA":3346.85,"SPRSCT_EXP":1559.54,"SEAEMP_VA":1924.94,"SEAEMP_EXP":423.89,"ADPDEF_VA":5133.28,"ADPDEF_EXP":0.56,"EDUCAC_VA":3198.93,"EDUCAC_EXP":58.49,"SALUDH_VA":3713.99,"SALUDH_EXP":40.38,"ESPARC_VA":626.66,"ESPARC_EXP":527.85,"OTRSER_VA":726.75,"OTRSER_EXP":50.73,"SERHOG_VA":92.09,"SERHOG_EXP":0.0}},{"type":"Feature","geometry":{"type":"Point","coordinates":[27.95,53.71]},"properties":{"id":"BLR","name":"Bielorrusia","continent":"europe","year":2021,"AGRPFO_VA":5680.23,"AGRPFO_EXP":1005.88,"FORLOG_VA":347.94,"FORLOG_EXP":38.1,"PESCAC_VA":106.51,"PESCAC_EXP":6.83,"MINCOL_VA":10.32,"MINCOL_EXP":17.35,"PETGAS_VA":407.86,"PETGAS_EXP":109.11,"MINORE_VA":10.08,"MINORE_EXP":0.82,"MINOTH_VA":200.85,"MINOTH_EXP":228.16,"MINSER_VA":110.92,"MINSER_EXP":21.25,"ALYBEB_VA":4031.9,"ALYBEB_EXP":7718.88,"TEXYPR_VA":1913.18,"TEXYPR_EXP":473.11,"MADYPR_VA":490.97,"MADYPR_EXP":1101.5,"PAPYPR_VA":929.06,"PAPYPR_EXP":618.79,"PETREF_VA":2500.55,"PETREF_EXP":5663.03,"QUIMYP_VA":1718.43,"QUIMYP_EXP":1498.79,"FARMED_VA":418.88,"FARMED_EXP":369.75,"HUPLAS_VA":604.84,"HUPLAS_EXP":1334.83,"PRNOMT_VA":1008.59,"PRNOMT_EXP":827.66,"METBAS_VA":574.57,"METBAS_EXP":701.98,"NONFER_VA":376.23,"NONFER_EXP":519.02,"PRMETA_VA":725.11,"PRMETA_EXP":1502.37,"ELCTRO_VA":463.78,"ELCTRO_EXP":1064.35,"ELCTRI_VA":470.14,"ELCTRI_EXP":1331.29,"MAQYEQ_VA":1360.62,"MAQYEQ_EXP":1811.67,"AUTOMO_VA":1218.9,"AUTOMO_EXP":891.65,"OTRTRA_VA":137.14,"OTRTRA_EXP":4.48,"TRANSP_VA":124.27,"TRANSP_EXP":250.36,"OTRMAN_VA":1017.04,"OTRMAN_EXP":1720.52,"ELEGAS_VA":2000.41,"ELEGAS_EXP":96.62,"AGUBAS_VA":485.35,"AGUBAS_EXP":14.3,"CONSTR_VA":4354.11,"CONSTR_EXP":95.15,"COMREV_VA":6492.37,"COMREV_EXP":2634.26,"TRATIE_VA":2143.92,"TRATIE_EXP":680.77,"TRAGUA_VA":498.83,"TRAGUA_EXP":1351.22,"TRAAIR_VA":446.6,"TRAAIR_EXP":1794.17,"ALMSTR_VA":581.99,"ALMSTR_EXP":547.41,"POSTME_VA":114.18,"POSTME_EXP":4.71,"HOTYRE_VA":1630.17,"HOTYRE_EXP":154.9,"MMTVRA_VA":466.6,"MMTVRA_EXP":451.2,"TELECO_VA":1133.88,"TELECO_EXP":940.01,"ITSERV_VA":467.62,"ITSERV_EXP":707.35,"SERFIN_VA":2413.65,"SERFIN_EXP":574.13,"GOBEST_VA":2765.33,"GOBEST_EXP":203.62,"SPRSCT_VA":1640.69,"SPRSCT_EXP":1723.25,"SEAEMP_VA":1145.6,"SEAEMP_EXP":616.04,"ADPDEF_VA":3117.78,"ADPDEF_EXP":14.68,"EDUCAC_VA":2236.02,"EDUCAC_EXP":15.84,"SALUDH_VA":2523.9,"SALUDH_EXP":10.64,"ESPARC_VA":461.36,"ESPARC_EXP":391.54,"OTRSER_VA":726.75,"OTRSER_EXP":23.45,"SERHOG_VA":0.0,"SERHOG_EXP":0.0}},{"type":"Feature","geometry":{"type":"Point","coordinates":[-51.93,-14.24]},"properties":{"id":"BRA","name":"Brasil","continent":"america","year":2021,"AGRPFO_VA":100941.34,"AGRPFO_EXP":50085.22,"FORLOG_VA":6851.65,"FORLOG_EXP":1279.41,"PESCAC_VA":2808.3,"PESCAC_EXP":82.66,"MINCOL_VA":2200.8,"MINCOL_EXP":176.14,"PETGAS_VA":40690.88,"PETGAS_EXP":29935.37,"MINORE_VA":32499.63,"MINORE_EXP":40562.28,"MINOTH_VA":1792.61,"MINOTH_EXP":480.97,"MINSER_VA":1787.77,"MINSER_EXP":65.11,"ALYBEB_VA":36318.88,"ALYBEB_EXP":34705.6,"TEXYPR_VA":12953.2,"TEXYPR_EXP":2526.78,"MADYPR_VA":3770.98,"MADYPR_EXP":3169.15,"PAPYPR_VA":8165.65,"PAPYPR_EXP":6972.14,"PETREF_VA":19553.34,"PETREF_EXP":6045.65,"QUIMYP_VA":18219.98,"QUIMYP_EXP":9338.96,"FARMED_VA":8278.54,"FARMED_EXP":857.05,"HUPLAS_VA":8611.74,"HUPLAS_EXP":2495.77,"PRNOMT_VA":8538.53,"PRNOMT_EXP":1929.87,"METBAS_VA":17682.95,"METBAS_EXP":12012.11,"NONFER_VA":5642.55,"NONFER_EXP":5038.17,"PRMETA_VA":10089.55,"PRMETA_EXP":2114.14,"ELCTRO_VA":4577.01,"ELCTRO_EXP":1286.3,"ELCTRI_VA":6289.13,"ELCTRI_EXP":2487.02,"MAQYEQ_VA":11872.87,"MAQYEQ_EXP":6440.38,"AUTOMO_VA":12936.0,"AUTOMO_EXP":9623.51,"OTRTRA_VA":1147.74,"OTRTRA_EXP":19.87,"TRANSP_VA":1796.88,"TRANSP_EXP":3263.24,"OTRMAN_VA":15580.56,"OTRMAN_EXP":1898.26,"ELEGAS_VA":27305.24,"ELEGAS_EXP":163.29,"AGUBAS_VA":10701.36,"AGUBAS_EXP":0.61,"CONSTR_VA":52469.08,"CONSTR_EXP":12.45,"COMREV_VA":238063.24,"COMREV_EXP":45287.19,"TRATIE_VA":37071.13,"TRATIE_EXP":3927.71,"TRAGUA_VA":2584.71,"TRAGUA_EXP":1985.6,"TRAAIR_VA":629.51,"TRAAIR_EXP":1898.02,"ALMSTR_VA":18304.42,"ALMSTR_EXP":4610.82,"POSTME_VA":3767.48,"POSTME_EXP":210.6,"HOTYRE_VA":25832.36,"HOTYRE_EXP":758.06,"MMTVRA_VA":4646.91,"MMTVRA_EXP":533.75,"TELECO_VA":14192.63,"TELECO_EXP":544.96,"ITSERV_VA":28121.76,"ITSERV_EXP":2418.54,"SERFIN_VA":86419.7,"SERFIN_EXP":2381.91,"GOBEST_VA":127903.53,"GOBEST_EXP":62.22,"SPRSCT_VA":56289.51,"SPRSCT_EXP":11242.5,"SEAEMP_VA":56281.93,"SEAEMP_EXP":3767.89,"ADPDEF_VA":124129.07,"ADPDEF_EXP":593.64,"EDUCAC_VA":76061.42,"EDUCAC_EXP":171.74,"SALUDH_VA":54692.84,"SALUDH_EXP":38.27,"ESPARC_VA":12174.26,"ESPARC_EXP":334.65,"OTRSER_VA":27141.13,"OTRSER_EXP":66.48,"SERHOG_VA":10403.37,"SERHOG_EXP":0.0}},{"type":"Feature","geometry":{"type":"Point","coordinates":[114.73,4.54]},"properties":{"id":"BRN","name":"Brunéi","continent":"asia","year":2021,"AGRPFO_VA":52.04,"AGRPFO_EXP":0.43,"FORLOG_VA":17.57,"FORLOG_EXP":0.08,"PESCAC_VA":69.02,"PESCAC_EXP":1.75,"MINCOL_VA":589.1,"MINCOL_EXP":0.23,"PETGAS_VA":3913.26,"PETGAS_EXP":5378.81,"MINORE_VA":939.69,"MINORE_EXP":0.07,"MINOTH_VA":669.65,"MINOTH_EXP":2.42,"MINSER_VA":559.28,"MINSER_EXP":76.42,"ALYBEB_VA":16.56,"ALYBEB_EXP":6.0,"TEXYPR_VA":24.2,"TEXYPR_EXP":25.52,"MADYPR_VA":1.95,"MADYPR_EXP":1.18,"PAPYPR_VA":5.97,"PAPYPR_EXP":0.38,"PETREF_VA":2308.53,"PETREF_EXP":4367.89,"QUIMYP_VA":11.72,"QUIMYP_EXP":29.69,"FARMED_VA":9.66,"FARMED_EXP":0.23,"HUPLAS_VA":6.39,"HUPLAS_EXP":0.33,"PRNOMT_VA":12.77,"PRNOMT_EXP":1.81,"METBAS_VA":2.44,"METBAS_EXP":7.26,"NONFER_VA":1.61,"NONFER_EXP":4.6,"PRMETA_VA":10.28,"PRMETA_EXP":0.97,"ELCTRO_VA":3.76,"ELCTRO_EXP":0.82,"ELCTRI_VA":6.45,"ELCTRI_EXP":0.55,"MAQYEQ_VA":6.85,"MAQYEQ_EXP":0.64,"AUTOMO_VA":0.0,"AUTOMO_EXP":0.0,"OTRTRA_VA":7.3,"OTRTRA_EXP":8.17,"TRANSP_VA":7.14,"TRANSP_EXP":0.13,"OTRMAN_VA":4.95,"OTRMAN_EXP":1.44,"ELEGAS_VA":128.31,"ELEGAS_EXP":0.6,"AGUBAS_VA":30.42,"AGUBAS_EXP":0.81,"CONSTR_VA":307.14,"CONSTR_EXP":0.21,"COMREV_VA":630.42,"COMREV_EXP":215.26,"TRATIE_VA":123.55,"TRATIE_EXP":8.4,"TRAGUA_VA":114.9,"TRAGUA_EXP":31.79,"TRAAIR_VA":8.15,"TRAAIR_EXP":13.01,"ALMSTR_VA":69.89,"ALMSTR_EXP":42.96,"POSTME_VA":6.13,"POSTME_EXP":3.91,"HOTYRE_VA":136.97,"HOTYRE_EXP":9.17,"MMTVRA_VA":13.82,"MMTVRA_EXP":0.19,"TELECO_VA":190.28,"TELECO_EXP":26.42,"ITSERV_VA":35.33,"ITSERV_EXP":2.16,"SERFIN_VA":736.03,"SERFIN_EXP":27.37,"GOBEST_VA":277.01,"GOBEST_EXP":2.54,"SPRSCT_VA":226.51,"SPRSCT_EXP":39.93,"SEAEMP_VA":97.79,"SEAEMP_EXP":16.5,"ADPDEF_VA":1473.22,"ADPDEF_EXP":0.0,"EDUCAC_VA":357.12,"EDUCAC_EXP":0.17,"SALUDH_VA":186.9,"SALUDH_EXP":0.04,"ESPARC_VA":19.51,"ESPARC_EXP":0.17,"OTRSER_VA":24.75,"OTRSER_EXP":0.34,"SERHOG_VA":18.24,"SERHOG_EXP":0.0}},{"type":"Feature","geometry":{"type":"Point","coordinates":[-106.35,56.13]},"properties":{"id":"CAN","name":"Canadá","continent":"america","year":2021,"AGRPFO_VA":22974.56,"AGRPFO_EXP":19751.53,"FORLOG_VA":7730.99,"FORLOG_EXP":1735.93,"PESCAC_VA":2381.78,"PESCAC_EXP":1405.7,"MINCOL_VA":3827.73,"MINCOL_EXP":4775.88,"PETGAS_VA":85335.47,"PETGAS_EXP":87539.74,"MINORE_VA":20972.62,"MINORE_EXP":13961.66,"MINOTH_VA":8837.32,"MINOTH_EXP":3951.6,"MINSER_VA":11364.03,"MINSER_EXP":435.82,"ALYBEB_VA":33089.08,"ALYBEB_EXP":27142.05,"TEXYPR_VA":2534.2,"TEXYPR_EXP":2337.41,"MADYPR_VA":17241.23,"MADYPR_EXP":15856.04,"PAPYPR_VA":10172.11,"PAPYPR_EXP":12361.87,"PETREF_VA":9471.94,"PETREF_EXP":13403.29,"QUIMYP_VA":14362.23,"QUIMYP_EXP":20246.22,"FARMED_VA":5256.94,"FARMED_EXP":7670.1,"HUPLAS_VA":9817.75,"HUPLAS_EXP":10578.32,"PRNOMT_VA":8360.59,"PRNOMT_EXP":3271.11,"METBAS_VA":5126.47,"METBAS_EXP":7840.29,"NONFER_VA":8455.6,"NONFER_EXP":32675.99,"PRMETA_VA":13880.36,"PRMETA_EXP":9844.69,"ELCTRO_VA":6217.25,"ELCTRO_EXP":8418.46,"ELCTRI_VA":3680.74,"ELCTRI_EXP":4670.71,"MAQYEQ_VA":14373.95,"MAQYEQ_EXP":18140.81,"AUTOMO_VA":11612.16,"AUTOMO_EXP":31748.19,"OTRTRA_VA":1042.57,"OTRTRA_EXP":321.16,"TRANSP_VA":9560.02,"TRANSP_EXP":14288.99,"OTRMAN_VA":14629.93,"OTRMAN_EXP":10025.43,"ELEGAS_VA":38919.92,"ELEGAS_EXP":3477.35,"AGUBAS_VA":9698.39,"AGUBAS_EXP":325.43,"CONSTR_VA":148492.78,"CONSTR_EXP":0.0,"COMREV_VA":206428.8,"COMREV_EXP":65038.15,"TRATIE_VA":50039.52,"TRATIE_EXP":16492.05,"TRAGUA_VA":1349.72,"TRAGUA_EXP":1357.41,"TRAAIR_VA":3279.8,"TRAAIR_EXP":3038.86,"ALMSTR_VA":20647.29,"ALMSTR_EXP":5574.95,"POSTME_VA":10292.94,"POSTME_EXP":1675.51,"HOTYRE_VA":30191.36,"HOTYRE_EXP":4467.88,"MMTVRA_VA":19480.37,"MMTVRA_EXP":5375.97,"TELECO_VA":30948.81,"TELECO_EXP":1933.5,"ITSERV_VA":46287.2,"ITSERV_EXP":20387.34,"SERFIN_VA":136278.99,"SERFIN_EXP":17609.39,"GOBEST_VA":231553.43,"GOBEST_EXP":989.22,"SPRSCT_VA":87493.04,"SPRSCT_EXP":20368.85,"SEAEMP_VA":54913.95,"SEAEMP_EXP":17275.78,"ADPDEF_VA":139267.59,"ADPDEF_EXP":2151.95,"EDUCAC_VA":99227.02,"EDUCAC_EXP":4790.33,"SALUDH_VA":144649.64,"SALUDH_EXP":350.31,"ESPARC_VA":11438.61,"ESPARC_EXP":2305.72,"OTRSER_VA":23395.2,"OTRSER_EXP":571.57,"SERHOG_VA":2064.99,"SERHOG_EXP":0.0}},{"type":"Feature","geometry":{"type":"Point","coordinates":[8.23,46.82]},"properties":{"id":"CHE","name":"Suiza","continent":"europe","year":2021,"AGRPFO_VA":4369.44,"AGRPFO_EXP":383.94,"FORLOG_VA":464.51,"FORLOG_EXP":61.64,"PESCAC_VA":46.77,"PESCAC_EXP":39.92,"MINCOL_VA":0.0,"MINCOL_EXP":0.0,"PETGAS_VA":4.53,"PETGAS_EXP":6.66,"MINORE_VA":22.66,"MINORE_EXP":11.92,"MINOTH_VA":1072.32,"MINOTH_EXP":28.98,"MINSER_VA":30.46,"MINSER_EXP":1.03,"ALYBEB_VA":12751.14,"ALYBEB_EXP":9057.82,"TEXYPR_VA":1285.48,"TEXYPR_EXP":2288.67,"MADYPR_VA":4435.78,"MADYPR_EXP":1121.06,"PAPYPR_VA":2423.49,"PAPYPR_EXP":2675.83,"PETREF_VA":155.27,"PETREF_EXP":188.54,"QUIMYP_VA":11984.86,"QUIMYP_EXP":32357.48,"FARMED_VA":46251.46,"FARMED_EXP":70590.81,"HUPLAS_VA":3729.73,"HUPLAS_EXP":4066.43,"PRNOMT_VA":2878.27,"PRNOMT_EXP":1361.9,"METBAS_VA":934.41,"METBAS_EXP":1933.92,"NONFER_VA":797.77,"NONFER_EXP":2334.49,"PRMETA_VA":11481.32,"PRMETA_EXP":6298.37,"ELCTRO_VA":31344.5,"ELCTRO_EXP":32336.03,"ELCTRI_VA":4876.07,"ELCTRI_EXP":9154.03,"MAQYEQ_VA":13468.48,"MAQYEQ_EXP":20412.62,"AUTOMO_VA":732.63,"AUTOMO_EXP":1146.82,"OTRTRA_VA":215.29,"OTRTRA_EXP":37.97,"TRANSP_VA":1798.53,"TRANSP_EXP":5040.0,"OTRMAN_VA":8716.54,"OTRMAN_EXP":11216.89,"ELEGAS_VA":7436.66,"ELEGAS_EXP":2421.89,"AGUBAS_VA":2318.97,"AGUBAS_EXP":18.28,"CONSTR_VA":41333.53,"CONSTR_EXP":206.03,"COMREV_VA":124044.27,"COMREV_EXP":70414.59,"TRATIE_VA":15683.83,"TRATIE_EXP":5476.56,"TRAGUA_VA":903.27,"TRAGUA_EXP":10562.51,"TRAAIR_VA":2365.37,"TRAAIR_EXP":3166.7,"ALMSTR_VA":5269.72,"ALMSTR_EXP":6815.95,"POSTME_VA":3253.58,"POSTME_EXP":2864.87,"HOTYRE_VA":8897.24,"HOTYRE_EXP":4512.22,"MMTVRA_VA":3600.47,"MMTVRA_EXP":5987.17,"TELECO_VA":9410.41,"TELECO_EXP":1437.49,"ITSERV_VA":24658.8,"ITSERV_EXP":17126.17,"SERFIN_VA":75664.48,"SERFIN_EXP":50784.89,"GOBEST_VA":58162.41,"GOBEST_EXP":989.18,"SPRSCT_VA":66241.86,"SPRSCT_EXP":15991.99,"SEAEMP_VA":25436.46,"SEAEMP_EXP":11559.71,"ADPDEF_VA":68185.5,"ADPDEF_EXP":1447.33,"EDUCAC_VA":4806.77,"EDUCAC_EXP":336.7,"SALUDH_VA":66125.54,"SALUDH_EXP":512.29,"ESPARC_VA":6699.18,"ESPARC_EXP":3786.01,"OTRSER_VA":11130.41,"OTRSER_EXP":237.71,"SERHOG_VA":2486.64,"SERHOG_EXP":0.0}},{"type":"Feature","geometry":{"type":"Point","coordinates":[-71.54,-35.68]},"properties":{"id":"CHL","name":"Chile","continent":"america","year":2021,"AGRPFO_VA":8573.21,"AGRPFO_EXP":5376.4,"FORLOG_VA":1213.05,"FORLOG_EXP":219.47,"PESCAC_VA":1620.59,"PESCAC_EXP":87.47,"MINCOL_VA":0.19,"MINCOL_EXP":0.11,"PETGAS_VA":124.13,"PETGAS_EXP":1.89,"MINORE_VA":42275.97,"MINORE_EXP":50264.05,"MINOTH_VA":2135.29,"MINOTH_EXP":1280.92,"MINSER_VA":429.87,"MINSER_EXP":139.12,"ALYBEB_VA":10520.22,"ALYBEB_EXP":10657.86,"TEXYPR_VA":352.52,"TEXYPR_EXP":197.96,"MADYPR_VA":1777.56,"MADYPR_EXP":2317.75,"PAPYPR_VA":2341.76,"PAPYPR_EXP":3125.82,"PETREF_VA":806.09,"PETREF_EXP":672.45,"QUIMYP_VA":2493.47,"QUIMYP_EXP":3747.62,"FARMED_VA":1102.67,"FARMED_EXP":316.64,"HUPLAS_VA":1268.98,"HUPLAS_EXP":629.48,"PRNOMT_VA":1050.52,"PRNOMT_EXP":114.43,"METBAS_VA":538.44,"METBAS_EXP":353.7,"NONFER_VA":389.22,"NONFER_EXP":607.93,"PRMETA_VA":1744.91,"PRMETA_EXP":380.46,"ELCTRO_VA":4970.36,"ELCTRO_EXP":41.87,"ELCTRI_VA":540.32,"ELCTRI_EXP":155.92,"MAQYEQ_VA":899.5,"MAQYEQ_EXP":299.98,"AUTOMO_VA":0.0,"AUTOMO_EXP":0.0,"OTRTRA_VA":195.97,"OTRTRA_EXP":40.43,"TRANSP_VA":380.11,"TRANSP_EXP":141.69,"OTRMAN_VA":1905.4,"OTRMAN_EXP":383.21,"ELEGAS_VA":5594.31,"ELEGAS_EXP":11.97,"AGUBAS_VA":2367.44,"AGUBAS_EXP":1.75,"CONSTR_VA":18521.88,"CONSTR_EXP":0.39,"COMREV_VA":31815.1,"COMREV_EXP":9611.69,"TRATIE_VA":7896.12,"TRATIE_EXP":1194.39,"TRAGUA_VA":479.82,"TRAGUA_EXP":342.42,"TRAAIR_VA":1529.94,"TRAAIR_EXP":1622.31,"ALMSTR_VA":5585.19,"ALMSTR_EXP":1103.9,"POSTME_VA":593.55,"POSTME_EXP":88.26,"HOTYRE_VA":4782.36,"HOTYRE_EXP":87.62,"MMTVRA_VA":885.69,"MMTVRA_EXP":60.31,"TELECO_VA":3116.91,"TELECO_EXP":43.13,"ITSERV_VA":4422.78,"ITSERV_EXP":516.28,"SERFIN_VA":11136.17,"SERFIN_EXP":782.52,"GOBEST_VA":24012.55,"GOBEST_EXP":48.6,"SPRSCT_VA":16950.09,"SPRSCT_EXP":504.0,"SEAEMP_VA":11126.44,"SEAEMP_EXP":668.48,"ADPDEF_VA":14398.15,"ADPDEF_EXP":141.91,"EDUCAC_VA":15333.73,"EDUCAC_EXP":14.97,"SALUDH_VA":15076.18,"SALUDH_EXP":18.99,"ESPARC_VA":1203.82,"ESPARC_EXP":24.02,"OTRSER_VA":3463.67,"OTRSER_EXP":19.37,"SERHOG_VA":0.0,"SERHOG_EXP":0.0}},{"type":"Feature","geometry":{"type":"Point","coordinates":[104.2,35.86]},"properties":{"id":"CHN","name":"China","continent":"asia","year":2021,"AGRPFO_VA":1129203.56,"AGRPFO_EXP":17945.5,"FORLOG_VA":89773.96,"FORLOG_EXP":78.61,"PESCAC_VA":141985.06,"PESCAC_EXP":1374.5,"MINCOL_VA":195745.57,"MINCOL_EXP":438.76,"PETGAS_VA":195599.86,"PETGAS_EXP":2516.39,"MINORE_VA":89847.42,"MINORE_EXP":8308.6,"MINOTH_VA":66181.85,"MINOTH_EXP":3159.63,"MINSER_VA":12641.89,"MINSER_EXP":924.35,"ALYBEB_VA":574248.74,"ALYBEB_EXP":50459.86,"TEXYPR_VA":489898.54,"TEXYPR_EXP":310750.29,"MADYPR_VA":68714.01,"MADYPR_EXP":17255.66,"PAPYPR_VA":178363.39,"PAPYPR_EXP":23059.53,"PETREF_VA":186271.95,"PETREF_EXP":31122.06,"QUIMYP_VA":375883.31,"QUIMYP_EXP":173666.62,"FARMED_VA":150246.95,"FARMED_EXP":39010.37,"HUPLAS_VA":184092.45,"HUPLAS_EXP":112077.63,"PRNOMT_VA":411489.34,"PRNOMT_EXP":57354.73,"METBAS_VA":286741.92,"METBAS_EXP":71776.25,"NONFER_VA":212783.57,"NONFER_EXP":33942.58,"PRMETA_VA":266141.02,"PRMETA_EXP":127252.9,"ELCTRO_VA":381879.9,"ELCTRO_EXP":683013.79,"ELCTRI_VA":258293.76,"ELCTRI_EXP":268767.54,"MAQYEQ_VA":425750.32,"MAQYEQ_EXP":202002.71,"AUTOMO_VA":285557.12,"AUTOMO_EXP":101459.39,"OTRTRA_VA":14941.38,"OTRTRA_EXP":21895.88,"TRANSP_VA":44288.4,"TRANSP_EXP":35432.24,"OTRMAN_VA":131609.66,"OTRMAN_EXP":205531.21,"ELEGAS_VA":321359.02,"ELEGAS_EXP":1985.94,"AGUBAS_VA":123067.95,"AGUBAS_EXP":0.06,"CONSTR_VA":1226753.65,"CONSTR_EXP":0.13,"COMREV_VA":1696300.49,"COMREV_EXP":246344.07,"TRATIE_VA":550046.52,"TRATIE_EXP":32947.58,"TRAGUA_VA":104519.62,"TRAGUA_EXP":41635.47,"TRAAIR_VA":40683.02,"TRAAIR_EXP":21162.65,"ALMSTR_VA":109898.54,"ALMSTR_EXP":9464.47,"POSTME_VA":46136.38,"POSTME_EXP":24.98,"HOTYRE_VA":310227.38,"HOTYRE_EXP":3724.53,"MMTVRA_VA":53588.0,"MMTVRA_EXP":12772.33,"TELECO_VA":236731.77,"TELECO_EXP":15997.95,"ITSERV_VA":212684.76,"ITSERV_EXP":57603.76,"SERFIN_VA":1068492.26,"SERFIN_EXP":14944.05,"GOBEST_VA":979594.11,"GOBEST_EXP":6488.44,"SPRSCT_VA":492937.38,"SPRSCT_EXP":77692.74,"SEAEMP_VA":477204.95,"SEAEMP_EXP":40028.21,"ADPDEF_VA":762782.33,"ADPDEF_EXP":0.13,"EDUCAC_VA":660128.86,"EDUCAC_EXP":77.25,"SALUDH_VA":372526.63,"SALUDH_EXP":226.42,"ESPARC_VA":95024.55,"ESPARC_EXP":10168.29,"OTRSER_VA":268865.71,"OTRSER_EXP":291.11,"SERHOG_VA":0.0,"SERHOG_EXP":0.0}},{"type":"Feature","geometry":{"type":"Point","coordinates":[-5.55,7.54]},"properties":{"id":"CIV","name":"Costa de Marfil","continent":"other","year":2021,"AGRPFO_VA":15849.76,"AGRPFO_EXP":5979.25,"FORLOG_VA":451.23,"FORLOG_EXP":7.6,"PESCAC_VA":232.98,"PESCAC_EXP":4.15,"MINCOL_VA":5.56,"MINCOL_EXP":12.81,"PETGAS_VA":58.58,"PETGAS_EXP":120.33,"MINORE_VA":243.74,"MINORE_EXP":127.08,"MINOTH_VA":20.3,"MINOTH_EXP":4.06,"MINSER_VA":14.76,"MINSER_EXP":6.62,"ALYBEB_VA":3727.8,"ALYBEB_EXP":1917.11,"TEXYPR_VA":1696.64,"TEXYPR_EXP":92.58,"MADYPR_VA":782.81,"MADYPR_EXP":159.72,"PAPYPR_VA":386.68,"PAPYPR_EXP":7.42,"PETREF_VA":1500.2,"PETREF_EXP":790.89,"QUIMYP_VA":354.65,"QUIMYP_EXP":396.08,"FARMED_VA":235.19,"FARMED_EXP":5.69,"HUPLAS_VA":448.21,"HUPLAS_EXP":116.19,"PRNOMT_VA":663.45,"PRNOMT_EXP":20.07,"METBAS_VA":57.35,"METBAS_EXP":16.05,"NONFER_VA":404.11,"NONFER_EXP":1579.73,"PRMETA_VA":553.78,"PRMETA_EXP":20.42,"ELCTRO_VA":0.0,"ELCTRO_EXP":0.0,"ELCTRI_VA":3.74,"ELCTRI_EXP":0.11,"MAQYEQ_VA":215.33,"MAQYEQ_EXP":28.87,"AUTOMO_VA":63.83,"AUTOMO_EXP":3.49,"OTRTRA_VA":9.1,"OTRTRA_EXP":0.3,"TRANSP_VA":15.34,"TRANSP_EXP":6.05,"OTRMAN_VA":862.88,"OTRMAN_EXP":51.14,"ELEGAS_VA":1299.77,"ELEGAS_EXP":175.84,"AGUBAS_VA":233.89,"AGUBAS_EXP":0.53,"CONSTR_VA":1971.98,"CONSTR_EXP":31.7,"COMREV_VA":9606.08,"COMREV_EXP":1498.2,"TRATIE_VA":1764.15,"TRATIE_EXP":231.61,"TRAGUA_VA":116.56,"TRAGUA_EXP":101.68,"TRAAIR_VA":328.41,"TRAAIR_EXP":119.12,"ALMSTR_VA":1186.76,"ALMSTR_EXP":138.04,"POSTME_VA":214.96,"POSTME_EXP":23.0,"HOTYRE_VA":495.39,"HOTYRE_EXP":54.25,"MMTVRA_VA":487.19,"MMTVRA_EXP":36.09,"TELECO_VA":968.79,"TELECO_EXP":44.99,"ITSERV_VA":882.14,"ITSERV_EXP":138.52,"SERFIN_VA":2074.04,"SERFIN_EXP":42.4,"GOBEST_VA":3843.13,"GOBEST_EXP":12.22,"SPRSCT_VA":1095.83,"SPRSCT_EXP":59.29,"SEAEMP_VA":1959.03,"SEAEMP_EXP":7.54,"ADPDEF_VA":5227.68,"ADPDEF_EXP":0.09,"EDUCAC_VA":2348.39,"EDUCAC_EXP":7.82,"SALUDH_VA":601.68,"SALUDH_EXP":2.18,"ESPARC_VA":137.75,"ESPARC_EXP":5.75,"OTRSER_VA":1784.19,"OTRSER_EXP":3.24,"SERHOG_VA":201.06,"SERHOG_EXP":0.0}},{"type":"Feature","geometry":{"type":"Point","coordinates":[12.35,7.37]},"properties":{"id":"CMR","name":"Camerún","continent":"other","year":2021,"AGRPFO_VA":5301.85,"AGRPFO_EXP":674.31,"FORLOG_VA":1705.14,"FORLOG_EXP":279.98,"PESCAC_VA":684.51,"PESCAC_EXP":8.91,"MINCOL_VA":301.01,"MINCOL_EXP":9.27,"PETGAS_VA":1639.55,"PETGAS_EXP":2044.81,"MINORE_VA":30.68,"MINORE_EXP":0.34,"MINOTH_VA":66.97,"MINOTH_EXP":4.59,"MINSER_VA":221.47,"MINSER_EXP":209.32,"ALYBEB_VA":3058.12,"ALYBEB_EXP":517.13,"TEXYPR_VA":1446.32,"TEXYPR_EXP":144.33,"MADYPR_VA":577.33,"MADYPR_EXP":379.29,"PAPYPR_VA":127.37,"PAPYPR_EXP":26.36,"PETREF_VA":34.91,"PETREF_EXP":5.44,"QUIMYP_VA":225.49,"QUIMYP_EXP":50.34,"FARMED_VA":51.88,"FARMED_EXP":1.85,"HUPLAS_VA":30.75,"HUPLAS_EXP":9.74,"PRNOMT_VA":384.88,"PRNOMT_EXP":59.3,"METBAS_VA":18.27,"METBAS_EXP":27.99,"NONFER_VA":55.67,"NONFER_EXP":75.77,"PRMETA_VA":22.4,"PRMETA_EXP":15.37,"ELCTRO_VA":5.99,"ELCTRO_EXP":3.13,"ELCTRI_VA":10.47,"ELCTRI_EXP":7.43,"MAQYEQ_VA":12.04,"MAQYEQ_EXP":13.0,"AUTOMO_VA":5.87,"AUTOMO_EXP":7.07,"OTRTRA_VA":1.65,"OTRTRA_EXP":0.62,"TRANSP_VA":2.45,"TRANSP_EXP":1.12,"OTRMAN_VA":325.38,"OTRMAN_EXP":60.41,"ELEGAS_VA":381.02,"ELEGAS_EXP":0.07,"AGUBAS_VA":277.95,"AGUBAS_EXP":0.87,"CONSTR_VA":2876.77,"CONSTR_EXP":3.53,"COMREV_VA":4588.86,"COMREV_EXP":503.53,"TRATIE_VA":2264.94,"TRATIE_EXP":310.71,"TRAGUA_VA":276.4,"TRAGUA_EXP":126.13,"TRAAIR_VA":321.42,"TRAAIR_EXP":137.76,"ALMSTR_VA":1246.78,"ALMSTR_EXP":256.51,"POSTME_VA":460.39,"POSTME_EXP":63.25,"HOTYRE_VA":2481.03,"HOTYRE_EXP":46.97,"MMTVRA_VA":208.02,"MMTVRA_EXP":36.35,"TELECO_VA":332.01,"TELECO_EXP":32.85,"ITSERV_VA":414.42,"ITSERV_EXP":148.58,"SERFIN_VA":820.59,"SERFIN_EXP":332.11,"GOBEST_VA":1928.91,"GOBEST_EXP":23.97,"SPRSCT_VA":1306.22,"SPRSCT_EXP":199.54,"SEAEMP_VA":597.39,"SEAEMP_EXP":456.17,"ADPDEF_VA":2540.23,"ADPDEF_EXP":18.18,"EDUCAC_VA":1530.88,"EDUCAC_EXP":3.04,"SALUDH_VA":474.7,"SALUDH_EXP":2.03,"ESPARC_VA":395.77,"ESPARC_EXP":139.07,"OTRSER_VA":725.26,"OTRSER_EXP":3.47,"SERHOG_VA":32.88,"SERHOG_EXP":0.0}},{"type":"Feature","geometry":{"type":"Point","coordinates":[21.76,-4.04]},"properties":{"id":"COD","name":"R.D. Congo","continent":"other","year":2021,"AGRPFO_VA":3518.16,"AGRPFO_EXP":144.51,"FORLOG_VA":565.6,"FORLOG_EXP":38.74,"PESCAC_VA":317.86,"PESCAC_EXP":0.07,"MINCOL_VA":20.92,"MINCOL_EXP":1.79,"PETGAS_VA":255.21,"PETGAS_EXP":118.2,"MINORE_VA":12366.66,"MINORE_EXP":14349.38,"MINOTH_VA":114.67,"MINOTH_EXP":127.46,"MINSER_VA":228.97,"MINSER_EXP":8.55,"ALYBEB_VA":6738.32,"ALYBEB_EXP":16.15,"TEXYPR_VA":646.71,"TEXYPR_EXP":7.4,"MADYPR_VA":21.87,"MADYPR_EXP":8.78,"PAPYPR_VA":121.78,"PAPYPR_EXP":2.81,"PETREF_VA":22.55,"PETREF_EXP":56.06,"QUIMYP_VA":62.96,"QUIMYP_EXP":104.46,"FARMED_VA":11.32,"FARMED_EXP":2.19,"HUPLAS_VA":68.2,"HUPLAS_EXP":1.0,"PRNOMT_VA":52.64,"PRNOMT_EXP":1.22,"METBAS_VA":257.72,"METBAS_EXP":577.73,"NONFER_VA":1370.52,"NONFER_EXP":3068.44,"PRMETA_VA":81.05,"PRMETA_EXP":6.89,"ELCTRO_VA":0.43,"ELCTRO_EXP":0.26,"ELCTRI_VA":208.05,"ELCTRI_EXP":9.71,"MAQYEQ_VA":1.73,"MAQYEQ_EXP":0.31,"AUTOMO_VA":420.49,"AUTOMO_EXP":12.24,"OTRTRA_VA":11.29,"OTRTRA_EXP":0.11,"TRANSP_VA":0.57,"TRANSP_EXP":0.28,"OTRMAN_VA":177.58,"OTRMAN_EXP":8.07,"ELEGAS_VA":191.23,"ELEGAS_EXP":3.99,"AGUBAS_VA":138.52,"AGUBAS_EXP":0.32,"CONSTR_VA":2502.39,"CONSTR_EXP":2.08,"COMREV_VA":4992.03,"COMREV_EXP":852.35,"TRATIE_VA":2790.89,"TRATIE_EXP":1402.04,"TRAGUA_VA":218.67,"TRAGUA_EXP":181.48,"TRAAIR_VA":43.44,"TRAAIR_EXP":9.69,"ALMSTR_VA":344.76,"ALMSTR_EXP":184.14,"POSTME_VA":16.91,"POSTME_EXP":1.87,"HOTYRE_VA":2272.49,"HOTYRE_EXP":25.25,"MMTVRA_VA":434.09,"MMTVRA_EXP":1.98,"TELECO_VA":960.17,"TELECO_EXP":10.46,"ITSERV_VA":24.7,"ITSERV_EXP":17.05,"SERFIN_VA":839.61,"SERFIN_EXP":39.81,"GOBEST_VA":1866.82,"GOBEST_EXP":0.64,"SPRSCT_VA":771.9,"SPRSCT_EXP":6.54,"SEAEMP_VA":506.83,"SEAEMP_EXP":14.81,"ADPDEF_VA":3885.66,"ADPDEF_EXP":0.39,"EDUCAC_VA":389.51,"EDUCAC_EXP":1.43,"SALUDH_VA":1234.38,"SALUDH_EXP":2.82,"ESPARC_VA":192.38,"ESPARC_EXP":3.56,"OTRSER_VA":341.85,"OTRSER_EXP":1.66,"SERHOG_VA":146.15,"SERHOG_EXP":0.0}},{"type":"Feature","geometry":{"type":"Point","coordinates":[-74.3,4.57]},"properties":{"id":"COL","name":"Colombia","continent":"america","year":2021,"AGRPFO_VA":23391.11,"AGRPFO_EXP":3708.71,"FORLOG_VA":800.37,"FORLOG_EXP":56.34,"PESCAC_VA":985.04,"PESCAC_EXP":48.01,"MINCOL_VA":4165.52,"MINCOL_EXP":3258.44,"PETGAS_VA":10797.32,"PETGAS_EXP":8381.24,"MINORE_VA":2221.89,"MINORE_EXP":2566.91,"MINOTH_VA":645.56,"MINOTH_EXP":65.48,"MINSER_VA":70.81,"MINSER_EXP":4.76,"ALYBEB_VA":11443.24,"ALYBEB_EXP":5037.82,"TEXYPR_VA":3298.91,"TEXYPR_EXP":749.1,"MADYPR_VA":262.94,"MADYPR_EXP":33.78,"PAPYPR_VA":1604.11,"PAPYPR_EXP":578.62,"PETREF_VA":4075.32,"PETREF_EXP":3152.11,"QUIMYP_VA":5112.98,"QUIMYP_EXP":3017.2,"FARMED_VA":326.31,"FARMED_EXP":346.45,"HUPLAS_VA":902.88,"HUPLAS_EXP":692.48,"PRNOMT_VA":3417.09,"PRNOMT_EXP":434.52,"METBAS_VA":1877.79,"METBAS_EXP":2046.14,"NONFER_VA":201.09,"NONFER_EXP":549.71,"PRMETA_VA":767.43,"PRMETA_EXP":506.59,"ELCTRO_VA":712.83,"ELCTRO_EXP":171.06,"ELCTRI_VA":656.36,"ELCTRI_EXP":451.86,"MAQYEQ_VA":1017.47,"MAQYEQ_EXP":491.47,"AUTOMO_VA":436.69,"AUTOMO_EXP":191.29,"OTRTRA_VA":19.67,"OTRTRA_EXP":37.29,"TRANSP_VA":139.39,"TRANSP_EXP":2.26,"OTRMAN_VA":2310.17,"OTRMAN_EXP":257.98,"ELEGAS_VA":8366.1,"ELEGAS_EXP":347.37,"AGUBAS_VA":3606.65,"AGUBAS_EXP":100.63,"CONSTR_VA":13951.17,"CONSTR_EXP":11.0,"COMREV_VA":33684.47,"COMREV_EXP":4668.37,"TRATIE_VA":11449.91,"TRATIE_EXP":915.56,"TRAGUA_VA":151.45,"TRAGUA_EXP":69.84,"TRAAIR_VA":907.65,"TRAAIR_EXP":1320.68,"ALMSTR_VA":2903.52,"ALMSTR_EXP":375.4,"POSTME_VA":425.18,"POSTME_EXP":37.79,"HOTYRE_VA":12071.35,"HOTYRE_EXP":741.22,"MMTVRA_VA":408.26,"MMTVRA_EXP":102.07,"TELECO_VA":5294.52,"TELECO_EXP":84.38,"ITSERV_VA":2933.32,"ITSERV_EXP":199.39,"SERFIN_VA":13948.27,"SERFIN_EXP":275.91,"GOBEST_VA":24034.98,"GOBEST_EXP":140.96,"SPRSCT_VA":9587.75,"SPRSCT_EXP":1145.06,"SEAEMP_VA":11543.42,"SEAEMP_EXP":1864.86,"ADPDEF_VA":19160.46,"ADPDEF_EXP":0.65,"EDUCAC_VA":15854.07,"EDUCAC_EXP":45.77,"SALUDH_VA":13955.58,"SALUDH_EXP":27.8,"ESPARC_VA":7469.05,"ESPARC_EXP":150.83,"OTRSER_VA":4957.83,"OTRSER_EXP":38.29,"SERHOG_VA":1486.87,"SERHOG_EXP":0.0}},{"type":"Feature","geometry":{"type":"Point","coordinates":[-83.75,9.75]},"properties":{"id":"CRI","name":"Costa Rica","continent":"america","year":2021,"AGRPFO_VA":2479.61,"AGRPFO_EXP":1895.05,"FORLOG_VA":57.29,"FORLOG_EXP":5.36,"PESCAC_VA":33.8,"PESCAC_EXP":5.18,"MINCOL_VA":4.24,"MINCOL_EXP":0.11,"PETGAS_VA":1.32,"PETGAS_EXP":0.91,"MINORE_VA":0.33,"MINORE_EXP":0.24,"MINOTH_VA":197.85,"MINOTH_EXP":2.07,"MINSER_VA":0.31,"MINSER_EXP":0.1,"ALYBEB_VA":2996.44,"ALYBEB_EXP":2573.19,"TEXYPR_VA":148.96,"TEXYPR_EXP":137.32,"MADYPR_VA":84.14,"MADYPR_EXP":50.8,"PAPYPR_VA":291.9,"PAPYPR_EXP":200.88,"PETREF_VA":143.24,"PETREF_EXP":235.73,"QUIMYP_VA":374.85,"QUIMYP_EXP":504.23,"FARMED_VA":132.07,"FARMED_EXP":246.06,"HUPLAS_VA":421.7,"HUPLAS_EXP":570.64,"PRNOMT_VA":322.69,"PRNOMT_EXP":125.04,"METBAS_VA":77.11,"METBAS_EXP":281.13,"NONFER_VA":38.06,"NONFER_EXP":125.0,"PRMETA_VA":206.19,"PRMETA_EXP":147.75,"ELCTRO_VA":149.18,"ELCTRO_EXP":202.61,"ELCTRI_VA":197.22,"ELCTRI_EXP":418.59,"MAQYEQ_VA":14.96,"MAQYEQ_EXP":33.23,"AUTOMO_VA":12.75,"AUTOMO_EXP":3.95,"OTRTRA_VA":1.69,"OTRTRA_EXP":3.07,"TRANSP_VA":1.73,"TRANSP_EXP":3.21,"OTRMAN_VA":2612.19,"OTRMAN_EXP":3298.99,"ELEGAS_VA":1002.93,"ELEGAS_EXP":23.03,"AGUBAS_VA":464.87,"AGUBAS_EXP":56.8,"CONSTR_VA":2440.8,"CONSTR_EXP":49.78,"COMREV_VA":12091.51,"COMREV_EXP":3153.59,"TRATIE_VA":1661.8,"TRATIE_EXP":626.52,"TRAGUA_VA":450.73,"TRAGUA_EXP":325.84,"TRAAIR_VA":82.21,"TRAAIR_EXP":170.57,"ALMSTR_VA":464.42,"ALMSTR_EXP":377.98,"POSTME_VA":250.16,"POSTME_EXP":39.78,"HOTYRE_VA":1391.15,"HOTYRE_EXP":1088.01,"MMTVRA_VA":540.11,"MMTVRA_EXP":75.88,"TELECO_VA":875.93,"TELECO_EXP":426.41,"ITSERV_VA":1688.34,"ITSERV_EXP":541.01,"SERFIN_VA":3037.19,"SERFIN_EXP":252.66,"GOBEST_VA":4286.91,"GOBEST_EXP":203.65,"SPRSCT_VA":4617.3,"SPRSCT_EXP":2765.2,"SEAEMP_VA":2473.3,"SEAEMP_EXP":841.29,"ADPDEF_VA":2337.13,"ADPDEF_EXP":34.17,"EDUCAC_VA":4108.03,"EDUCAC_EXP":83.01,"SALUDH_VA":4474.69,"SALUDH_EXP":83.5,"ESPARC_VA":375.48,"ESPARC_EXP":236.51,"OTRSER_VA":741.22,"OTRSER_EXP":77.67,"SERHOG_VA":662.22,"SERHOG_EXP":0.0}},{"type":"Feature","geometry":{"type":"Point","coordinates":[33.43,35.13]},"properties":{"id":"CYP","name":"Chipre","continent":"europe","year":2021,"AGRPFO_VA":389.19,"AGRPFO_EXP":180.27,"FORLOG_VA":29.69,"FORLOG_EXP":2.99,"PESCAC_VA":33.94,"PESCAC_EXP":37.84,"MINCOL_VA":0.0,"MINCOL_EXP":0.0,"PETGAS_VA":15.67,"PETGAS_EXP":1.06,"MINORE_VA":15.24,"MINORE_EXP":17.79,"MINOTH_VA":30.38,"MINOTH_EXP":16.59,"MINSER_VA":0.33,"MINSER_EXP":0.39,"ALYBEB_VA":443.87,"ALYBEB_EXP":551.57,"TEXYPR_VA":19.34,"TEXYPR_EXP":3.8,"MADYPR_VA":67.43,"MADYPR_EXP":42.82,"PAPYPR_VA":44.24,"PAPYPR_EXP":10.08,"PETREF_VA":2.33,"PETREF_EXP":0.09,"QUIMYP_VA":32.39,"QUIMYP_EXP":49.66,"FARMED_VA":181.65,"FARMED_EXP":229.42,"HUPLAS_VA":44.51,"HUPLAS_EXP":93.56,"PRNOMT_VA":171.87,"PRNOMT_EXP":37.63,"METBAS_VA":3.89,"METBAS_EXP":7.47,"NONFER_VA":37.0,"NONFER_EXP":31.55,"PRMETA_VA":148.05,"PRMETA_EXP":16.23,"ELCTRO_VA":55.86,"ELCTRO_EXP":28.81,"ELCTRI_VA":19.1,"ELCTRI_EXP":19.5,"MAQYEQ_VA":31.32,"MAQYEQ_EXP":18.93,"AUTOMO_VA":6.1,"AUTOMO_EXP":2.85,"OTRTRA_VA":1.28,"OTRTRA_EXP":0.85,"TRANSP_VA":2.13,"TRANSP_EXP":0.08,"OTRMAN_VA":171.58,"OTRMAN_EXP":216.28,"ELEGAS_VA":257.46,"ELEGAS_EXP":0.5,"AGUBAS_VA":177.24,"AGUBAS_EXP":0.74,"CONSTR_VA":1506.96,"CONSTR_EXP":16.69,"COMREV_VA":3296.38,"COMREV_EXP":760.47,"TRATIE_VA":174.38,"TRATIE_EXP":154.79,"TRAGUA_VA":507.1,"TRAGUA_EXP":499.62,"TRAAIR_VA":1.56,"TRAAIR_EXP":19.23,"ALMSTR_VA":680.51,"ALMSTR_EXP":2283.86,"POSTME_VA":66.38,"POSTME_EXP":97.19,"HOTYRE_VA":1130.56,"HOTYRE_EXP":812.63,"MMTVRA_VA":934.85,"MMTVRA_EXP":1286.3,"TELECO_VA":443.21,"TELECO_EXP":201.72,"ITSERV_VA":954.4,"ITSERV_EXP":3791.84,"SERFIN_VA":2763.89,"SERFIN_EXP":7827.76,"GOBEST_VA":2583.37,"GOBEST_EXP":122.66,"SPRSCT_VA":2127.12,"SPRSCT_EXP":1461.38,"SEAEMP_VA":603.36,"SEAEMP_EXP":309.31,"ADPDEF_VA":2114.64,"ADPDEF_EXP":37.23,"EDUCAC_VA":1525.65,"EDUCAC_EXP":87.06,"SALUDH_VA":1205.7,"SALUDH_EXP":32.37,"ESPARC_VA":351.97,"ESPARC_EXP":73.62,"OTRSER_VA":326.57,"OTRSER_EXP":41.83,"SERHOG_VA":217.91,"SERHOG_EXP":0.0}},{"type":"Feature","geometry":{"type":"Point","coordinates":[15.47,49.82]},"properties":{"id":"CZE","name":"Chequia","continent":"europe","year":2021,"AGRPFO_VA":4402.82,"AGRPFO_EXP":1927.92,"FORLOG_VA":847.13,"FORLOG_EXP":1060.0,"PESCAC_VA":13.39,"PESCAC_EXP":51.93,"MINCOL_VA":558.6,"MINCOL_EXP":311.93,"PETGAS_VA":159.41,"PETGAS_EXP":9.28,"MINORE_VA":147.66,"MINORE_EXP":9.25,"MINOTH_VA":401.79,"MINOTH_EXP":214.75,"MINSER_VA":71.8,"MINSER_EXP":18.79,"ALYBEB_VA":5026.7,"ALYBEB_EXP":5409.26,"TEXYPR_VA":1210.41,"TEXYPR_EXP":1948.92,"MADYPR_VA":1750.56,"MADYPR_EXP":2178.18,"PAPYPR_VA":1926.72,"PAPYPR_EXP":2655.4,"PETREF_VA":77.23,"PETREF_EXP":136.5,"QUIMYP_VA":2200.35,"QUIMYP_EXP":6116.77,"FARMED_VA":1023.51,"FARMED_EXP":553.94,"HUPLAS_VA":4318.74,"HUPLAS_EXP":7583.59,"PRNOMT_VA":2851.15,"PRNOMT_EXP":3122.42,"METBAS_VA":945.06,"METBAS_EXP":3817.16,"NONFER_VA":444.55,"NONFER_EXP":1275.91,"PRMETA_VA":6647.36,"PRMETA_EXP":8304.75,"ELCTRO_VA":2829.53,"ELCTRO_EXP":11092.8,"ELCTRI_VA":5137.86,"ELCTRI_EXP":10390.41,"MAQYEQ_VA":5143.77,"MAQYEQ_EXP":12249.82,"AUTOMO_VA":11758.02,"AUTOMO_EXP":40600.64,"OTRTRA_VA":8.88,"OTRTRA_EXP":24.41,"TRANSP_VA":1071.57,"TRANSP_EXP":2030.19,"OTRMAN_VA":4647.11,"OTRMAN_EXP":4501.13,"ELEGAS_VA":6996.46,"ELEGAS_EXP":3845.25,"AGUBAS_VA":2736.51,"AGUBAS_EXP":120.55,"CONSTR_VA":14499.58,"CONSTR_EXP":470.71,"COMREV_VA":29325.86,"COMREV_EXP":13464.96,"TRATIE_VA":7284.24,"TRATIE_EXP":7555.21,"TRAGUA_VA":219.14,"TRAGUA_EXP":36.33,"TRAAIR_VA":107.55,"TRAAIR_EXP":399.01,"ALMSTR_VA":5737.88,"ALMSTR_EXP":2902.23,"POSTME_VA":866.95,"POSTME_EXP":211.14,"HOTYRE_VA":3424.48,"HOTYRE_EXP":1220.72,"MMTVRA_VA":3389.08,"MMTVRA_EXP":2941.94,"TELECO_VA":3645.74,"TELECO_EXP":1359.85,"ITSERV_VA":10561.23,"ITSERV_EXP":3621.96,"SERFIN_VA":10392.64,"SERFIN_EXP":1124.85,"GOBEST_VA":32671.8,"GOBEST_EXP":265.7,"SPRSCT_VA":13564.9,"SPRSCT_EXP":5524.65,"SEAEMP_VA":4760.89,"SEAEMP_EXP":1444.19,"ADPDEF_VA":15483.94,"ADPDEF_EXP":201.32,"EDUCAC_VA":12850.49,"EDUCAC_EXP":374.52,"SALUDH_VA":15100.7,"SALUDH_EXP":114.24,"ESPARC_VA":2364.86,"ESPARC_EXP":183.56,"OTRSER_VA":2269.92,"OTRSER_EXP":114.93,"SERHOG_VA":270.22,"SERHOG_EXP":0.0}},{"type":"Feature","geometry":{"type":"Point","coordinates":[10.45,51.17]},"properties":{"id":"DEU","name":"Alemania","continent":"europe","year":2021,"AGRPFO_VA":31188.75,"AGRPFO_EXP":8538.42,"FORLOG_VA":2364.79,"FORLOG_EXP":1138.51,"PESCAC_VA":342.07,"PESCAC_EXP":133.58,"MINCOL_VA":360.7,"MINCOL_EXP":194.76,"PETGAS_VA":123.54,"PETGAS_EXP":6.21,"MINORE_VA":0.0,"MINORE_EXP":0.0,"MINOTH_VA":4861.4,"MINOTH_EXP":1618.75,"MINSER_VA":691.37,"MINSER_EXP":194.62,"ALYBEB_VA":63148.31,"ALYBEB_EXP":50872.75,"TEXYPR_VA":9256.61,"TEXYPR_EXP":12563.25,"MADYPR_VA":11637.04,"MADYPR_EXP":8051.65,"PAPYPR_VA":21552.71,"PAPYPR_EXP":20119.38,"PETREF_VA":8344.11,"PETREF_EXP":17566.2,"QUIMYP_VA":63444.7,"QUIMYP_EXP":113928.11,"FARMED_VA":35354.73,"FARMED_EXP":48866.53,"HUPLAS_VA":39461.46,"HUPLAS_EXP":42718.3,"PRNOMT_VA":23866.56,"PRNOMT_EXP":14141.14,"METBAS_VA":14379.75,"METBAS_EXP":16454.2,"NONFER_VA":9126.39,"NONFER_EXP":19004.68,"PRMETA_VA":69554.86,"PRMETA_EXP":40444.64,"ELCTRO_VA":56960.68,"ELCTRO_EXP":95946.31,"ELCTRI_VA":56663.33,"ELCTRI_EXP":86823.44,"MAQYEQ_VA":130199.28,"MAQYEQ_EXP":150430.93,"AUTOMO_VA":170323.92,"AUTOMO_EXP":200120.23,"OTRTRA_VA":1949.87,"OTRTRA_EXP":5658.24,"TRANSP_VA":14054.95,"TRANSP_EXP":29507.92,"OTRMAN_VA":55568.93,"OTRMAN_EXP":44598.84,"ELEGAS_VA":47699.28,"ELEGAS_EXP":10668.61,"AGUBAS_VA":43184.62,"AGUBAS_EXP":561.2,"CONSTR_VA":198826.01,"CONSTR_EXP":2992.97,"COMREV_VA":417410.8,"COMREV_EXP":195579.87,"TRATIE_VA":66690.81,"TRATIE_EXP":35758.74,"TRAGUA_VA":15608.39,"TRAGUA_EXP":41311.29,"TRAAIR_VA":7185.02,"TRAAIR_EXP":19366.75,"ALMSTR_VA":75490.65,"ALMSTR_EXP":19036.47,"POSTME_VA":25802.62,"POSTME_EXP":2310.47,"HOTYRE_VA":38497.98,"HOTYRE_EXP":6739.7,"MMTVRA_VA":34732.25,"MMTVRA_EXP":17074.06,"TELECO_VA":34316.91,"TELECO_EXP":5848.4,"ITSERV_VA":133087.4,"ITSERV_EXP":32906.11,"SERFIN_VA":169329.52,"SERFIN_EXP":73148.66,"GOBEST_VA":410053.42,"GOBEST_EXP":2609.96,"SPRSCT_VA":291690.52,"SPRSCT_EXP":91109.02,"SEAEMP_VA":190965.65,"SEAEMP_EXP":47637.5,"ADPDEF_VA":251586.33,"ADPDEF_EXP":0.0,"EDUCAC_VA":189746.19,"EDUCAC_EXP":4630.54,"SALUDH_VA":345736.53,"SALUDH_EXP":610.5,"ESPARC_VA":35308.58,"ESPARC_EXP":3700.39,"OTRSER_VA":75896.75,"OTRSER_EXP":428.62,"SERHOG_VA":9598.6,"SERHOG_EXP":0.0}},{"type":"Feature","geometry":{"type":"Point","coordinates":[9.5,56.26]},"properties":{"id":"DNK","name":"Dinamarca","continent":"europe","year":2021,"AGRPFO_VA":3886.16,"AGRPFO_EXP":4538.09,"FORLOG_VA":221.23,"FORLOG_EXP":66.4,"PESCAC_VA":324.08,"PESCAC_EXP":568.87,"MINCOL_VA":0.0,"MINCOL_EXP":0.0,"PETGAS_VA":792.98,"PETGAS_EXP":954.55,"MINORE_VA":0.0,"MINORE_EXP":0.0,"MINOTH_VA":317.85,"MINOTH_EXP":195.26,"MINSER_VA":346.86,"MINSER_EXP":143.36,"ALYBEB_VA":5348.2,"ALYBEB_EXP":14160.5,"TEXYPR_VA":629.04,"TEXYPR_EXP":1224.86,"MADYPR_VA":913.5,"MADYPR_EXP":622.98,"PAPYPR_VA":992.82,"PAPYPR_EXP":989.47,"PETREF_VA":236.88,"PETREF_EXP":1014.2,"QUIMYP_VA":3830.5,"QUIMYP_EXP":5106.1,"FARMED_VA":15297.89,"FARMED_EXP":14442.21,"HUPLAS_VA":1536.21,"HUPLAS_EXP":1875.28,"PRNOMT_VA":1941.35,"PRNOMT_EXP":1015.95,"METBAS_VA":463.09,"METBAS_EXP":1118.32,"NONFER_VA":188.92,"NONFER_EXP":445.27,"PRMETA_VA":3542.54,"PRMETA_EXP":3987.66,"ELCTRO_VA":3405.41,"ELCTRO_EXP":4669.09,"ELCTRI_VA":1372.4,"ELCTRI_EXP":2172.5,"MAQYEQ_VA":8779.82,"MAQYEQ_EXP":13088.57,"AUTOMO_VA":408.63,"AUTOMO_EXP":609.62,"OTRTRA_VA":172.97,"OTRTRA_EXP":505.85,"TRANSP_VA":188.14,"TRANSP_EXP":140.99,"OTRMAN_VA":5433.94,"OTRMAN_EXP":5459.81,"ELEGAS_VA":5251.54,"ELEGAS_EXP":1895.0,"AGUBAS_VA":3131.56,"AGUBAS_EXP":72.0,"CONSTR_VA":20514.19,"CONSTR_EXP":928.34,"COMREV_VA":50927.43,"COMREV_EXP":22967.27,"TRATIE_VA":5823.24,"TRATIE_EXP":6180.3,"TRAGUA_VA":17549.25,"TRAGUA_EXP":50898.74,"TRAAIR_VA":189.04,"TRAAIR_EXP":1207.02,"ALMSTR_VA":5025.73,"ALMSTR_EXP":6000.13,"POSTME_VA":1080.77,"POSTME_EXP":532.65,"HOTYRE_VA":4440.46,"HOTYRE_EXP":1079.98,"MMTVRA_VA":5158.19,"MMTVRA_EXP":2314.01,"TELECO_VA":3443.71,"TELECO_EXP":834.23,"ITSERV_VA":9300.19,"ITSERV_EXP":4368.41,"SERFIN_VA":18731.42,"SERFIN_EXP":3114.62,"GOBEST_VA":37901.18,"GOBEST_EXP":310.51,"SPRSCT_VA":25046.19,"SPRSCT_EXP":10057.42,"SEAEMP_VA":11137.54,"SEAEMP_EXP":5196.96,"ADPDEF_VA":17697.22,"ADPDEF_EXP":457.25,"EDUCAC_VA":20304.58,"EDUCAC_EXP":1040.92,"SALUDH_VA":36729.78,"SALUDH_EXP":120.69,"ESPARC_VA":4841.51,"ESPARC_EXP":439.61,"OTRSER_VA":5060.24,"OTRSER_EXP":81.8,"SERHOG_VA":757.14,"SERHOG_EXP":0.0}},{"type":"Feature","geometry":{"type":"Point","coordinates":[30.8,26.82]},"properties":{"id":"EGY","name":"Egipto","continent":"other","year":2021,"AGRPFO_VA":43355.5,"AGRPFO_EXP":2117.63,"FORLOG_VA":6.36,"FORLOG_EXP":4.96,"PESCAC_VA":4755.83,"PESCAC_EXP":26.5,"MINCOL_VA":347.81,"MINCOL_EXP":105.48,"PETGAS_VA":44061.41,"PETGAS_EXP":5756.82,"MINORE_VA":839.82,"MINORE_EXP":15.37,"MINOTH_VA":3205.13,"MINOTH_EXP":267.5,"MINSER_VA":1163.97,"MINSER_EXP":11.96,"ALYBEB_VA":11670.73,"ALYBEB_EXP":2712.59,"TEXYPR_VA":4984.73,"TEXYPR_EXP":2775.78,"MADYPR_VA":1949.9,"MADYPR_EXP":117.25,"PAPYPR_VA":3174.15,"PAPYPR_EXP":392.96,"PETREF_VA":12152.89,"PETREF_EXP":4766.72,"QUIMYP_VA":6802.46,"QUIMYP_EXP":4921.31,"FARMED_VA":2145.45,"FARMED_EXP":287.05,"HUPLAS_VA":1527.98,"HUPLAS_EXP":860.13,"PRNOMT_VA":5162.38,"PRNOMT_EXP":975.61,"METBAS_VA":2907.66,"METBAS_EXP":1564.56,"NONFER_VA":3068.9,"NONFER_EXP":1015.48,"PRMETA_VA":3295.21,"PRMETA_EXP":549.04,"ELCTRO_VA":443.85,"ELCTRO_EXP":564.72,"ELCTRI_VA":2305.63,"ELCTRI_EXP":1197.55,"MAQYEQ_VA":618.73,"MAQYEQ_EXP":397.7,"AUTOMO_VA":881.07,"AUTOMO_EXP":102.02,"OTRTRA_VA":42.05,"OTRTRA_EXP":0.44,"TRANSP_VA":127.53,"TRANSP_EXP":0.96,"OTRMAN_VA":4915.51,"OTRMAN_EXP":483.98,"ELEGAS_VA":6470.61,"ELEGAS_EXP":33.1,"AGUBAS_VA":2183.59,"AGUBAS_EXP":21.15,"CONSTR_VA":25755.76,"CONSTR_EXP":32.01,"COMREV_VA":53119.52,"COMREV_EXP":4339.93,"TRATIE_VA":14117.36,"TRATIE_EXP":1865.96,"TRAGUA_VA":10722.22,"TRAGUA_EXP":2311.9,"TRAAIR_VA":3076.17,"TRAAIR_EXP":1422.92,"ALMSTR_VA":14529.45,"ALMSTR_EXP":4308.58,"POSTME_VA":668.42,"POSTME_EXP":182.51,"HOTYRE_VA":8966.94,"HOTYRE_EXP":3765.22,"MMTVRA_VA":2261.09,"MMTVRA_EXP":774.43,"TELECO_VA":8245.63,"TELECO_EXP":305.15,"ITSERV_VA":1795.18,"ITSERV_EXP":309.67,"SERFIN_VA":18907.41,"SERFIN_EXP":1344.12,"GOBEST_VA":30456.33,"GOBEST_EXP":501.35,"SPRSCT_VA":9729.28,"SPRSCT_EXP":819.46,"SEAEMP_VA":6039.27,"SEAEMP_EXP":1841.0,"ADPDEF_VA":19005.22,"ADPDEF_EXP":42.74,"EDUCAC_VA":16508.27,"EDUCAC_EXP":182.3,"SALUDH_VA":12311.59,"SALUDH_EXP":114.03,"ESPARC_VA":3580.77,"ESPARC_EXP":355.22,"OTRSER_VA":6526.58,"OTRSER_EXP":164.61,"SERHOG_VA":321.59,"SERHOG_EXP":0.0}},{"type":"Feature","geometry":{"type":"Point","coordinates":[-3.75,40.46]},"properties":{"id":"ESP","name":"España","continent":"europe","year":2021,"AGRPFO_VA":37979.0,"AGRPFO_EXP":19930.4,"FORLOG_VA":1035.65,"FORLOG_EXP":179.55,"PESCAC_VA":2187.52,"PESCAC_EXP":703.57,"MINCOL_VA":56.07,"MINCOL_EXP":7.03,"PETGAS_VA":2.82,"PETGAS_EXP":1.11,"MINORE_VA":1983.59,"MINORE_EXP":2053.96,"MINOTH_VA":3060.14,"MINOTH_EXP":875.98,"MINSER_VA":265.79,"MINSER_EXP":281.82,"ALYBEB_VA":30547.08,"ALYBEB_EXP":32984.0,"TEXYPR_VA":10022.39,"TEXYPR_EXP":11115.82,"MADYPR_VA":3145.97,"MADYPR_EXP":2037.63,"PAPYPR_VA":7352.12,"PAPYPR_EXP":4908.11,"PETREF_VA":3619.63,"PETREF_EXP":14441.05,"QUIMYP_VA":13876.07,"QUIMYP_EXP":30926.47,"FARMED_VA":10918.5,"FARMED_EXP":12280.26,"HUPLAS_VA":8744.72,"HUPLAS_EXP":9689.92,"PRNOMT_VA":8961.45,"PRNOMT_EXP":8332.86,"METBAS_VA":5587.37,"METBAS_EXP":10820.48,"NONFER_VA":2487.43,"NONFER_EXP":10401.69,"PRMETA_VA":15694.62,"PRMETA_EXP":11243.79,"ELCTRO_VA":2412.57,"ELCTRO_EXP":4248.71,"ELCTRI_VA":5844.42,"ELCTRI_EXP":12288.41,"MAQYEQ_VA":9542.29,"MAQYEQ_EXP":13653.4,"AUTOMO_VA":15662.25,"AUTOMO_EXP":40023.44,"OTRTRA_VA":648.67,"OTRTRA_EXP":1025.85,"TRANSP_VA":4624.9,"TRANSP_EXP":9403.69,"OTRMAN_VA":13410.17,"OTRMAN_EXP":6637.52,"ELEGAS_VA":33795.53,"ELEGAS_EXP":1490.59,"AGUBAS_VA":16674.05,"AGUBAS_EXP":265.11,"CONSTR_VA":80111.71,"CONSTR_EXP":1133.59,"COMREV_VA":185894.58,"COMREV_EXP":65171.34,"TRATIE_VA":29545.08,"TRATIE_EXP":14870.05,"TRAGUA_VA":1527.97,"TRAGUA_EXP":2822.4,"TRAAIR_VA":955.66,"TRAAIR_EXP":4672.72,"ALMSTR_VA":21333.77,"ALMSTR_EXP":10085.85,"POSTME_VA":3329.85,"POSTME_EXP":284.21,"HOTYRE_VA":60525.06,"HOTYRE_EXP":8734.14,"MMTVRA_VA":9767.45,"MMTVRA_EXP":4947.74,"TELECO_VA":15205.39,"TELECO_EXP":4188.32,"ITSERV_VA":27803.94,"ITSERV_EXP":17553.74,"SERFIN_VA":55810.02,"SERFIN_EXP":7763.35,"GOBEST_VA":163158.6,"GOBEST_EXP":2886.7,"SPRSCT_VA":70434.64,"SPRSCT_EXP":19769.4,"SEAEMP_VA":51116.88,"SEAEMP_EXP":5725.81,"ADPDEF_VA":86524.99,"ADPDEF_EXP":2612.59,"EDUCAC_VA":71322.91,"EDUCAC_EXP":1323.74,"SALUDH_VA":92297.19,"SALUDH_EXP":1025.3,"ESPARC_VA":20873.88,"ESPARC_EXP":2471.51,"OTRSER_VA":21690.66,"OTRSER_EXP":1071.44,"SERHOG_VA":11590.9,"SERHOG_EXP":0.0}},{"type":"Feature","geometry":{"type":"Point","coordinates":[25.01,58.6]},"properties":{"id":"EST","name":"Estonia","continent":"europe","year":2021,"AGRPFO_VA":371.57,"AGRPFO_EXP":363.22,"FORLOG_VA":382.74,"FORLOG_EXP":168.89,"PESCAC_VA":41.79,"PESCAC_EXP":52.08,"MINCOL_VA":22.63,"MINCOL_EXP":1.38,"PETGAS_VA":227.17,"PETGAS_EXP":134.77,"MINORE_VA":0.0,"MINORE_EXP":0.0,"MINOTH_VA":71.18,"MINOTH_EXP":24.65,"MINSER_VA":5.94,"MINSER_EXP":5.03,"ALYBEB_VA":598.99,"ALYBEB_EXP":1336.56,"TEXYPR_VA":220.24,"TEXYPR_EXP":602.59,"MADYPR_VA":1106.47,"MADYPR_EXP":2268.12,"PAPYPR_VA":192.04,"PAPYPR_EXP":326.88,"PETREF_VA":130.26,"PETREF_EXP":196.79,"QUIMYP_VA":178.33,"QUIMYP_EXP":591.49,"FARMED_VA":22.32,"FARMED_EXP":31.1,"HUPLAS_VA":220.85,"HUPLAS_EXP":403.2,"PRNOMT_VA":242.85,"PRNOMT_EXP":342.07,"METBAS_VA":30.45,"METBAS_EXP":44.34,"NONFER_VA":16.13,"NONFER_EXP":74.82,"PRMETA_VA":645.23,"PRMETA_EXP":1159.9,"ELCTRO_VA":321.05,"ELCTRO_EXP":1315.18,"ELCTRI_VA":274.21,"ELCTRI_EXP":798.15,"MAQYEQ_VA":209.63,"MAQYEQ_EXP":501.18,"AUTOMO_VA":135.83,"AUTOMO_EXP":499.52,"OTRTRA_VA":38.01,"OTRTRA_EXP":45.56,"TRANSP_VA":0.82,"TRANSP_EXP":1.23,"OTRMAN_VA":609.37,"OTRMAN_EXP":1324.27,"ELEGAS_VA":1009.44,"ELEGAS_EXP":389.29,"AGUBAS_VA":296.97,"AGUBAS_EXP":20.83,"CONSTR_VA":2242.47,"CONSTR_EXP":79.53,"COMREV_VA":4265.14,"COMREV_EXP":2352.82,"TRATIE_VA":1082.71,"TRATIE_EXP":1053.73,"TRAGUA_VA":131.63,"TRAGUA_EXP":204.23,"TRAAIR_VA":44.01,"TRAAIR_EXP":191.83,"ALMSTR_VA":1017.28,"ALMSTR_EXP":2270.37,"POSTME_VA":146.69,"POSTME_EXP":227.14,"HOTYRE_VA":445.06,"HOTYRE_EXP":201.88,"MMTVRA_VA":330.7,"MMTVRA_EXP":144.93,"TELECO_VA":490.39,"TELECO_EXP":399.88,"ITSERV_VA":1516.91,"ITSERV_EXP":1668.12,"SERFIN_VA":1519.32,"SERFIN_EXP":382.2,"GOBEST_VA":3802.83,"GOBEST_EXP":136.81,"SPRSCT_VA":2131.72,"SPRSCT_EXP":1203.28,"SEAEMP_VA":1157.25,"SEAEMP_EXP":822.35,"ADPDEF_VA":2053.62,"ADPDEF_EXP":41.17,"EDUCAC_VA":1584.54,"EDUCAC_EXP":28.7,"SALUDH_VA":1654.45,"SALUDH_EXP":14.08,"ESPARC_VA":594.02,"ESPARC_EXP":123.79,"OTRSER_VA":305.51,"OTRSER_EXP":18.61,"SERHOG_VA":19.12,"SERHOG_EXP":0.0}},{"type":"Feature","geometry":{"type":"Point","coordinates":[25.75,61.92]},"properties":{"id":"FIN","name":"Finlandia","continent":"europe","year":2021,"AGRPFO_VA":2168.46,"AGRPFO_EXP":755.38,"FORLOG_VA":4426.84,"FORLOG_EXP":90.08,"PESCAC_VA":175.04,"PESCAC_EXP":56.31,"MINCOL_VA":268.45,"MINCOL_EXP":19.42,"PETGAS_VA":0.0,"PETGAS_EXP":0.0,"MINORE_VA":828.55,"MINORE_EXP":1418.02,"MINOTH_VA":451.79,"MINOTH_EXP":182.07,"MINSER_VA":111.3,"MINSER_EXP":33.46,"ALYBEB_VA":3699.22,"ALYBEB_EXP":1347.26,"TEXYPR_VA":575.62,"TEXYPR_EXP":646.93,"MADYPR_VA":2812.4,"MADYPR_EXP":3618.64,"PAPYPR_VA":4729.7,"PAPYPR_EXP":9937.13,"PETREF_VA":926.53,"PETREF_EXP":4152.2,"QUIMYP_VA":3403.55,"QUIMYP_EXP":5372.39,"FARMED_VA":1820.8,"FARMED_EXP":1238.35,"HUPLAS_VA":1464.85,"HUPLAS_EXP":2222.79,"PRNOMT_VA":1359.55,"PRNOMT_EXP":785.55,"METBAS_VA":1703.89,"METBAS_EXP":5970.78,"NONFER_VA":666.22,"NONFER_EXP":4220.7,"PRMETA_VA":3700.16,"PRMETA_EXP":2765.99,"ELCTRO_VA":6223.46,"ELCTRO_EXP":5548.66,"ELCTRI_VA":2303.91,"ELCTRI_EXP":3776.64,"MAQYEQ_VA":7837.05,"MAQYEQ_EXP":10271.25,"AUTOMO_VA":924.65,"AUTOMO_EXP":1325.97,"OTRTRA_VA":540.91,"OTRTRA_EXP":1606.84,"TRANSP_VA":84.85,"TRANSP_EXP":203.35,"OTRMAN_VA":2900.81,"OTRMAN_EXP":2190.14,"ELEGAS_VA":6249.8,"ELEGAS_EXP":229.32,"AGUBAS_VA":2565.36,"AGUBAS_EXP":208.38,"CONSTR_VA":18964.46,"CONSTR_EXP":63.32,"COMREV_VA":23797.23,"COMREV_EXP":9269.59,"TRATIE_VA":6454.74,"TRATIE_EXP":918.24,"TRAGUA_VA":721.22,"TRAGUA_EXP":1654.19,"TRAAIR_VA":-79.18,"TRAAIR_EXP":765.95,"ALMSTR_VA":3221.59,"ALMSTR_EXP":951.74,"POSTME_VA":806.81,"POSTME_EXP":211.26,"HOTYRE_VA":3284.56,"HOTYRE_EXP":280.48,"MMTVRA_VA":5245.06,"MMTVRA_EXP":2779.1,"TELECO_VA":2958.41,"TELECO_EXP":344.35,"ITSERV_VA":8740.47,"ITSERV_EXP":9462.26,"SERFIN_VA":9032.5,"SERFIN_EXP":982.51,"GOBEST_VA":34330.05,"GOBEST_EXP":130.77,"SPRSCT_VA":14428.45,"SPRSCT_EXP":6405.59,"SEAEMP_VA":9658.57,"SEAEMP_EXP":2629.04,"ADPDEF_VA":13997.03,"ADPDEF_EXP":258.2,"EDUCAC_VA":14081.25,"EDUCAC_EXP":512.58,"SALUDH_VA":27408.1,"SALUDH_EXP":47.69,"ESPARC_VA":3394.5,"ESPARC_EXP":117.94,"OTRSER_VA":4180.09,"OTRSER_EXP":140.24,"SERHOG_VA":383.84,"SERHOG_EXP":0.0}},{"type":"Feature","geometry":{"type":"Point","coordinates":[2.21,46.23]},"properties":{"id":"FRA","name":"Francia","continent":"europe","year":2021,"AGRPFO_VA":42389.14,"AGRPFO_EXP":15743.68,"FORLOG_VA":3254.35,"FORLOG_EXP":550.39,"PESCAC_VA":1421.32,"PESCAC_EXP":871.72,"MINCOL_VA":21.37,"MINCOL_EXP":55.01,"PETGAS_VA":143.25,"PETGAS_EXP":236.66,"MINORE_VA":17.23,"MINORE_EXP":75.79,"MINOTH_VA":2626.05,"MINOTH_EXP":508.15,"MINSER_VA":334.4,"MINSER_EXP":112.27,"ALYBEB_VA":50496.03,"ALYBEB_EXP":40701.02,"TEXYPR_VA":8102.62,"TEXYPR_EXP":9886.54,"MADYPR_VA":4660.44,"MADYPR_EXP":2455.06,"PAPYPR_VA":9447.69,"PAPYPR_EXP":6959.43,"PETREF_VA":1934.01,"PETREF_EXP":5630.61,"QUIMYP_VA":20563.98,"QUIMYP_EXP":66663.07,"FARMED_VA":16201.61,"FARMED_EXP":21885.21,"HUPLAS_VA":11997.61,"HUPLAS_EXP":14578.36,"PRNOMT_VA":10841.64,"PRNOMT_EXP":5095.12,"METBAS_VA":5339.63,"METBAS_EXP":15508.76,"NONFER_VA":2411.88,"NONFER_EXP":9190.5,"PRMETA_VA":25697.41,"PRMETA_EXP":11657.47,"ELCTRO_VA":13470.53,"ELCTRO_EXP":24857.96,"ELCTRI_VA":8949.89,"ELCTRI_EXP":22502.27,"MAQYEQ_VA":16339.7,"MAQYEQ_EXP":35807.75,"AUTOMO_VA":16610.1,"AUTOMO_EXP":42658.0,"OTRTRA_VA":2926.29,"OTRTRA_EXP":2611.41,"TRANSP_VA":18946.34,"TRANSP_EXP":55508.0,"OTRMAN_VA":45795.51,"OTRMAN_EXP":23769.68,"ELEGAS_VA":39684.45,"ELEGAS_EXP":7039.85,"AGUBAS_VA":19839.66,"AGUBAS_EXP":21.76,"CONSTR_VA":160682.33,"CONSTR_EXP":27.85,"COMREV_VA":284591.97,"COMREV_EXP":114559.17,"TRATIE_VA":56040.14,"TRATIE_EXP":20136.09,"TRAGUA_VA":17484.06,"TRAGUA_EXP":22389.6,"TRAAIR_VA":6076.4,"TRAAIR_EXP":13007.28,"ALMSTR_VA":53636.74,"ALMSTR_EXP":8152.87,"POSTME_VA":7928.62,"POSTME_EXP":2582.04,"HOTYRE_VA":40725.1,"HOTYRE_EXP":17568.11,"MMTVRA_VA":34802.79,"MMTVRA_EXP":8770.93,"TELECO_VA":30457.48,"TELECO_EXP":5037.44,"ITSERV_VA":89703.68,"ITSERV_EXP":16522.32,"SERFIN_VA":108496.83,"SERFIN_EXP":26396.85,"GOBEST_VA":371441.05,"GOBEST_EXP":3572.31,"SPRSCT_VA":234555.14,"SPRSCT_EXP":57116.95,"SEAEMP_VA":158039.88,"SEAEMP_EXP":49651.51,"ADPDEF_VA":209472.35,"ADPDEF_EXP":2101.32,"EDUCAC_VA":144294.51,"EDUCAC_EXP":1764.19,"SALUDH_VA":252923.96,"SALUDH_EXP":1983.87,"ESPARC_VA":34122.12,"ESPARC_EXP":3791.41,"OTRSER_VA":38472.42,"OTRSER_EXP":861.31,"SERHOG_VA":3583.53,"SERHOG_EXP":0.0}},{"type":"Feature","geometry":{"type":"Point","coordinates":[-3.44,55.38]},"properties":{"id":"GBR","name":"Reino Unido","continent":"europe","year":2021,"AGRPFO_VA":21226.99,"AGRPFO_EXP":2616.19,"FORLOG_VA":1401.88,"FORLOG_EXP":74.55,"PESCAC_VA":1034.46,"PESCAC_EXP":910.58,"MINCOL_VA":101.34,"MINCOL_EXP":153.74,"PETGAS_VA":17338.94,"PETGAS_EXP":29520.92,"MINORE_VA":0.0,"MINORE_EXP":0.0,"MINOTH_VA":3226.51,"MINOTH_EXP":692.03,"MINSER_VA":1906.79,"MINSER_EXP":1286.42,"ALYBEB_VA":45814.37,"ALYBEB_EXP":19632.81,"TEXYPR_VA":8921.37,"TEXYPR_EXP":5027.07,"MADYPR_VA":4850.6,"MADYPR_EXP":707.09,"PAPYPR_VA":12257.36,"PAPYPR_EXP":3006.03,"PETREF_VA":4392.84,"PETREF_EXP":11810.48,"QUIMYP_VA":18388.12,"QUIMYP_EXP":21880.52,"FARMED_VA":22239.32,"FARMED_EXP":24146.42,"HUPLAS_VA":12643.16,"HUPLAS_EXP":8212.0,"PRNOMT_VA":9409.39,"PRNOMT_EXP":2581.74,"METBAS_VA":3277.72,"METBAS_EXP":7244.28,"NONFER_VA":2901.44,"NONFER_EXP":7141.39,"PRMETA_VA":23520.24,"PRMETA_EXP":9615.48,"ELCTRO_VA":20347.96,"ELCTRO_EXP":9878.49,"ELCTRI_VA":8565.02,"ELCTRI_EXP":10363.12,"MAQYEQ_VA":22666.19,"MAQYEQ_EXP":21662.68,"AUTOMO_VA":22332.18,"AUTOMO_EXP":36428.62,"OTRTRA_VA":2895.23,"OTRTRA_EXP":2391.84,"TRANSP_VA":14112.73,"TRANSP_EXP":18506.74,"OTRMAN_VA":26772.89,"OTRMAN_EXP":12363.27,"ELEGAS_VA":21986.4,"ELEGAS_EXP":466.5,"AGUBAS_VA":37857.85,"AGUBAS_EXP":700.88,"CONSTR_VA":173016.65,"CONSTR_EXP":1014.64,"COMREV_VA":309259.57,"COMREV_EXP":77618.06,"TRATIE_VA":33465.38,"TRATIE_EXP":6259.13,"TRAGUA_VA":5851.48,"TRAGUA_EXP":9542.82,"TRAAIR_VA":4466.48,"TRAAIR_EXP":4900.11,"ALMSTR_VA":34197.83,"ALMSTR_EXP":7798.88,"POSTME_VA":19434.91,"POSTME_EXP":3077.5,"HOTYRE_VA":73717.36,"HOTYRE_EXP":6117.32,"MMTVRA_VA":45775.87,"MMTVRA_EXP":29970.07,"TELECO_VA":48182.14,"TELECO_EXP":11042.59,"ITSERV_VA":92545.54,"ITSERV_EXP":32727.52,"SERFIN_VA":263818.72,"SERFIN_EXP":144121.29,"GOBEST_VA":371656.72,"GOBEST_EXP":5200.15,"SPRSCT_VA":233585.52,"SPRSCT_EXP":108406.2,"SEAEMP_VA":138299.48,"SEAEMP_EXP":63987.38,"ADPDEF_VA":153190.94,"ADPDEF_EXP":637.04,"EDUCAC_VA":177330.58,"EDUCAC_EXP":18617.9,"SALUDH_VA":247527.7,"SALUDH_EXP":783.12,"ESPARC_VA":37788.49,"ESPARC_EXP":7430.23,"OTRSER_VA":46179.33,"OTRSER_EXP":616.06,"SERHOG_VA":3838.17,"SERHOG_EXP":0.0}},{"type":"Feature","geometry":{"type":"Point","coordinates":[21.82,39.07]},"properties":{"id":"GRC","name":"Grecia","continent":"europe","year":2021,"AGRPFO_VA":7196.28,"AGRPFO_EXP":2360.63,"FORLOG_VA":55.68,"FORLOG_EXP":12.12,"PESCAC_VA":840.27,"PESCAC_EXP":565.92,"MINCOL_VA":5.29,"MINCOL_EXP":4.46,"PETGAS_VA":46.82,"PETGAS_EXP":0.89,"MINORE_VA":176.49,"MINORE_EXP":144.84,"MINOTH_VA":597.12,"MINOTH_EXP":442.84,"MINSER_VA":3.99,"MINSER_EXP":8.84,"ALYBEB_VA":6060.39,"ALYBEB_EXP":4962.73,"TEXYPR_VA":601.53,"TEXYPR_EXP":855.04,"MADYPR_VA":166.03,"MADYPR_EXP":91.56,"PAPYPR_VA":992.97,"PAPYPR_EXP":440.71,"PETREF_VA":1355.45,"PETREF_EXP":9735.12,"QUIMYP_VA":1297.33,"QUIMYP_EXP":2019.26,"FARMED_VA":1269.48,"FARMED_EXP":1208.2,"HUPLAS_VA":906.84,"HUPLAS_EXP":893.88,"PRNOMT_VA":1040.06,"PRNOMT_EXP":522.16,"METBAS_VA":220.81,"METBAS_EXP":980.85,"NONFER_VA":1247.84,"NONFER_EXP":2756.37,"PRMETA_VA":1399.77,"PRMETA_EXP":754.87,"ELCTRO_VA":513.22,"ELCTRO_EXP":730.68,"ELCTRI_VA":998.82,"ELCTRI_EXP":952.38,"MAQYEQ_VA":493.74,"MAQYEQ_EXP":628.21,"AUTOMO_VA":66.71,"AUTOMO_EXP":48.31,"OTRTRA_VA":141.17,"OTRTRA_EXP":86.73,"TRANSP_VA":290.59,"TRANSP_EXP":136.19,"OTRMAN_VA":886.37,"OTRMAN_EXP":444.04,"ELEGAS_VA":6742.88,"ELEGAS_EXP":616.11,"AGUBAS_VA":2192.76,"AGUBAS_EXP":4.45,"CONSTR_VA":3890.99,"CONSTR_EXP":4.24,"COMREV_VA":23671.53,"COMREV_EXP":7484.03,"TRATIE_VA":3713.69,"TRATIE_EXP":1431.6,"TRAGUA_VA":4056.54,"TRAGUA_EXP":20058.99,"TRAAIR_VA":728.49,"TRAAIR_EXP":1321.35,"ALMSTR_VA":3682.61,"ALMSTR_EXP":1928.71,"POSTME_VA":614.05,"POSTME_EXP":68.79,"HOTYRE_VA":10256.81,"HOTYRE_EXP":5585.61,"MMTVRA_VA":1427.47,"MMTVRA_EXP":523.07,"TELECO_VA":3768.65,"TELECO_EXP":796.9,"ITSERV_VA":2293.23,"ITSERV_EXP":674.62,"SERFIN_VA":9528.28,"SERFIN_EXP":1341.01,"GOBEST_VA":33721.18,"GOBEST_EXP":686.31,"SPRSCT_VA":7967.69,"SPRSCT_EXP":1516.88,"SEAEMP_VA":3618.84,"SEAEMP_EXP":1723.65,"ADPDEF_VA":19389.63,"ADPDEF_EXP":162.68,"EDUCAC_VA":9813.01,"EDUCAC_EXP":366.23,"SALUDH_VA":9375.83,"SALUDH_EXP":202.16,"ESPARC_VA":2445.19,"ESPARC_EXP":412.31,"OTRSER_VA":3221.16,"OTRSER_EXP":206.95,"SERHOG_VA":844.18,"SERHOG_EXP":0.0}},{"type":"Feature","geometry":{"type":"Point","coordinates":[114.11,22.4]},"properties":{"id":"HKG","name":"Hong Kong","continent":"asia","year":2021,"AGRPFO_VA":220.3,"AGRPFO_EXP":19.19,"FORLOG_VA":26.28,"FORLOG_EXP":7.66,"PESCAC_VA":43.81,"PESCAC_EXP":5.38,"MINCOL_VA":0.0,"MINCOL_EXP":0.0,"PETGAS_VA":0.0,"PETGAS_EXP":0.0,"MINORE_VA":0.0,"MINORE_EXP":0.0,"MINOTH_VA":0.0,"MINOTH_EXP":0.0,"MINSER_VA":51.03,"MINSER_EXP":29.56,"ALYBEB_VA":4587.33,"ALYBEB_EXP":3448.12,"TEXYPR_VA":709.62,"TEXYPR_EXP":423.31,"MADYPR_VA":600.28,"MADYPR_EXP":146.56,"PAPYPR_VA":345.55,"PAPYPR_EXP":149.65,"PETREF_VA":97.94,"PETREF_EXP":15.79,"QUIMYP_VA":402.9,"QUIMYP_EXP":429.75,"FARMED_VA":386.86,"FARMED_EXP":52.46,"HUPLAS_VA":30.74,"HUPLAS_EXP":0.06,"PRNOMT_VA":161.04,"PRNOMT_EXP":236.51,"METBAS_VA":56.83,"METBAS_EXP":0.45,"NONFER_VA":31.46,"NONFER_EXP":30.34,"PRMETA_VA":172.35,"PRMETA_EXP":427.98,"ELCTRO_VA":164.3,"ELCTRO_EXP":669.65,"ELCTRI_VA":249.99,"ELCTRI_EXP":238.33,"MAQYEQ_VA":146.94,"MAQYEQ_EXP":687.76,"AUTOMO_VA":128.45,"AUTOMO_EXP":350.35,"OTRTRA_VA":33.97,"OTRTRA_EXP":132.88,"TRANSP_VA":49.07,"TRANSP_EXP":130.22,"OTRMAN_VA":517.76,"OTRMAN_EXP":112.31,"ELEGAS_VA":3659.93,"ELEGAS_EXP":49.48,"AGUBAS_VA":2976.82,"AGUBAS_EXP":38.19,"CONSTR_VA":13501.59,"CONSTR_EXP":77.78,"COMREV_VA":74672.55,"COMREV_EXP":14634.68,"TRATIE_VA":6332.54,"TRATIE_EXP":1157.44,"TRAGUA_VA":2404.89,"TRAGUA_EXP":6518.71,"TRAAIR_VA":9632.04,"TRAAIR_EXP":19535.62,"ALMSTR_VA":576.55,"ALMSTR_EXP":132.92,"POSTME_VA":1080.09,"POSTME_EXP":212.77,"HOTYRE_VA":11999.31,"HOTYRE_EXP":751.82,"MMTVRA_VA":1143.57,"MMTVRA_EXP":1293.07,"TELECO_VA":11679.41,"TELECO_EXP":4519.56,"ITSERV_VA":3820.72,"ITSERV_EXP":1783.8,"SERFIN_VA":67094.5,"SERFIN_EXP":50446.09,"GOBEST_VA":52085.26,"GOBEST_EXP":201.58,"SPRSCT_VA":6275.04,"SPRSCT_EXP":2027.76,"SEAEMP_VA":6547.69,"SEAEMP_EXP":866.11,"ADPDEF_VA":20322.36,"ADPDEF_EXP":64.06,"EDUCAC_VA":27481.28,"EDUCAC_EXP":201.84,"SALUDH_VA":14720.82,"SALUDH_EXP":42.18,"ESPARC_VA":2356.56,"ESPARC_EXP":1010.1,"OTRSER_VA":5201.97,"OTRSER_EXP":57.96,"SERHOG_VA":4313.79,"SERHOG_EXP":0.0}},{"type":"Feature","geometry":{"type":"Point","coordinates":[15.2,45.1]},"properties":{"id":"HRV","name":"Croacia","continent":"europe","year":2021,"AGRPFO_VA":2006.58,"AGRPFO_EXP":746.73,"FORLOG_VA":284.64,"FORLOG_EXP":65.49,"PESCAC_VA":186.38,"PESCAC_EXP":136.89,"MINCOL_VA":3.17,"MINCOL_EXP":2.25,"PETGAS_VA":0.53,"PETGAS_EXP":0.55,"MINORE_VA":3.17,"MINORE_EXP":1.9,"MINOTH_VA":130.83,"MINOTH_EXP":51.07,"MINSER_VA":23.86,"MINSER_EXP":20.28,"ALYBEB_VA":1732.25,"ALYBEB_EXP":1532.55,"TEXYPR_VA":442.52,"TEXYPR_EXP":599.8,"MADYPR_VA":339.69,"MADYPR_EXP":517.68,"PAPYPR_VA":623.85,"PAPYPR_EXP":323.12,"PETREF_VA":500.47,"PETREF_EXP":507.58,"QUIMYP_VA":260.4,"QUIMYP_EXP":374.1,"FARMED_VA":468.55,"FARMED_EXP":462.28,"HUPLAS_VA":444.4,"HUPLAS_EXP":327.34,"PRNOMT_VA":608.52,"PRNOMT_EXP":499.24,"METBAS_VA":29.7,"METBAS_EXP":103.5,"NONFER_VA":17.49,"NONFER_EXP":93.1,"PRMETA_VA":1137.22,"PRMETA_EXP":1531.31,"ELCTRO_VA":156.12,"ELCTRO_EXP":182.81,"ELCTRI_VA":456.19,"ELCTRI_EXP":772.89,"MAQYEQ_VA":487.31,"MAQYEQ_EXP":593.09,"AUTOMO_VA":164.34,"AUTOMO_EXP":162.84,"OTRTRA_VA":37.72,"OTRTRA_EXP":103.67,"TRANSP_VA":26.84,"TRANSP_EXP":88.1,"OTRMAN_VA":815.88,"OTRMAN_EXP":888.22,"ELEGAS_VA":1035.33,"ELEGAS_EXP":447.47,"AGUBAS_VA":980.13,"AGUBAS_EXP":152.95,"CONSTR_VA":3788.68,"CONSTR_EXP":722.03,"COMREV_VA":7319.17,"COMREV_EXP":3151.04,"TRATIE_VA":1883.73,"TRATIE_EXP":1584.89,"TRAGUA_VA":241.01,"TRAGUA_EXP":255.29,"TRAAIR_VA":70.67,"TRAAIR_EXP":263.98,"ALMSTR_VA":1143.89,"ALMSTR_EXP":628.28,"POSTME_VA":308.96,"POSTME_EXP":95.47,"HOTYRE_VA":3073.47,"HOTYRE_EXP":3203.8,"MMTVRA_VA":520.57,"MMTVRA_EXP":232.79,"TELECO_VA":1154.89,"TELECO_EXP":232.16,"ITSERV_VA":1787.67,"ITSERV_EXP":558.8,"SERFIN_VA":3100.87,"SERFIN_EXP":585.07,"GOBEST_VA":5324.93,"GOBEST_EXP":864.82,"SPRSCT_VA":3136.19,"SPRSCT_EXP":1785.91,"SEAEMP_VA":1359.89,"SEAEMP_EXP":518.55,"ADPDEF_VA":4228.73,"ADPDEF_EXP":162.81,"EDUCAC_VA":3109.66,"EDUCAC_EXP":301.77,"SALUDH_VA":3365.9,"SALUDH_EXP":151.04,"ESPARC_VA":1013.05,"ESPARC_EXP":516.33,"OTRSER_VA":1078.34,"OTRSER_EXP":236.81,"SERHOG_VA":18.7,"SERHOG_EXP":0.0}},{"type":"Feature","geometry":{"type":"Point","coordinates":[19.5,47.16]},"properties":{"id":"HUN","name":"Hungría","continent":"europe","year":2021,"AGRPFO_VA":6297.08,"AGRPFO_EXP":3724.91,"FORLOG_VA":341.57,"FORLOG_EXP":110.21,"PESCAC_VA":24.19,"PESCAC_EXP":15.45,"MINCOL_VA":1.86,"MINCOL_EXP":1.53,"PETGAS_VA":200.74,"PETGAS_EXP":131.36,"MINORE_VA":0.25,"MINORE_EXP":0.21,"MINOTH_VA":220.57,"MINOTH_EXP":55.98,"MINSER_VA":116.52,"MINSER_EXP":97.49,"ALYBEB_VA":3172.41,"ALYBEB_EXP":6140.39,"TEXYPR_VA":585.56,"TEXYPR_EXP":1244.13,"MADYPR_VA":535.09,"MADYPR_EXP":687.47,"PAPYPR_VA":1052.21,"PAPYPR_EXP":1371.95,"PETREF_VA":1476.82,"PETREF_EXP":1986.57,"QUIMYP_VA":2413.73,"QUIMYP_EXP":5816.33,"FARMED_VA":1941.99,"FARMED_EXP":3057.62,"HUPLAS_VA":2413.92,"HUPLAS_EXP":5364.76,"PRNOMT_VA":1302.32,"PRNOMT_EXP":1593.28,"METBAS_VA":448.9,"METBAS_EXP":1692.43,"NONFER_VA":489.02,"NONFER_EXP":1423.08,"PRMETA_VA":2604.36,"PRMETA_EXP":3755.71,"ELCTRO_VA":2701.26,"ELCTRO_EXP":12999.84,"ELCTRI_VA":2190.39,"ELCTRI_EXP":9157.57,"MAQYEQ_VA":2030.56,"MAQYEQ_EXP":6290.02,"AUTOMO_VA":5604.27,"AUTOMO_EXP":25273.55,"OTRTRA_VA":6.22,"OTRTRA_EXP":8.7,"TRANSP_VA":312.4,"TRANSP_EXP":939.21,"OTRMAN_VA":2271.78,"OTRMAN_EXP":2880.23,"ELEGAS_VA":2518.71,"ELEGAS_EXP":892.75,"AGUBAS_VA":1265.89,"AGUBAS_EXP":108.09,"CONSTR_VA":10035.9,"CONSTR_EXP":349.64,"COMREV_VA":18112.95,"COMREV_EXP":11299.78,"TRATIE_VA":5095.52,"TRATIE_EXP":3166.83,"TRAGUA_VA":112.35,"TRAGUA_EXP":47.53,"TRAAIR_VA":-90.78,"TRAAIR_EXP":938.33,"ALMSTR_VA":2969.89,"ALMSTR_EXP":3572.28,"POSTME_VA":976.96,"POSTME_EXP":235.65,"HOTYRE_VA":2777.79,"HOTYRE_EXP":961.08,"MMTVRA_VA":1404.75,"MMTVRA_EXP":1333.77,"TELECO_VA":2004.01,"TELECO_EXP":327.25,"ITSERV_VA":5045.51,"ITSERV_EXP":2954.1,"SERFIN_VA":6418.98,"SERFIN_EXP":737.08,"GOBEST_VA":16557.23,"GOBEST_EXP":480.35,"SPRSCT_VA":10292.27,"SPRSCT_EXP":5786.87,"SEAEMP_VA":5943.38,"SEAEMP_EXP":2636.47,"ADPDEF_VA":12111.15,"ADPDEF_EXP":85.18,"EDUCAC_VA":6651.33,"EDUCAC_EXP":139.62,"SALUDH_VA":7961.03,"SALUDH_EXP":70.09,"ESPARC_VA":2351.3,"ESPARC_EXP":218.82,"OTRSER_VA":1985.03,"OTRSER_EXP":112.3,"SERHOG_VA":28.73,"SERHOG_EXP":0.0}},{"type":"Feature","geometry":{"type":"Point","coordinates":[113.92,-0.79]},"properties":{"id":"IDN","name":"Indonesia","continent":"asia","year":2021,"AGRPFO_VA":113891.45,"AGRPFO_EXP":6708.77,"FORLOG_VA":7627.15,"FORLOG_EXP":73.37,"PESCAC_VA":31962.47,"PESCAC_EXP":482.83,"MINCOL_VA":41066.34,"MINCOL_EXP":28636.98,"PETGAS_VA":31764.46,"PETGAS_EXP":19465.19,"MINORE_VA":13982.75,"MINORE_EXP":12085.3,"MINOTH_VA":13193.5,"MINOTH_EXP":107.1,"MINSER_VA":5559.43,"MINSER_EXP":209.92,"ALYBEB_VA":69857.95,"ALYBEB_EXP":39977.76,"TEXYPR_VA":12245.4,"TEXYPR_EXP":15178.21,"MADYPR_VA":3016.27,"MADYPR_EXP":4580.71,"PAPYPR_VA":6805.02,"PAPYPR_EXP":7070.54,"PETREF_VA":18209.35,"PETREF_EXP":1811.23,"QUIMYP_VA":13215.29,"QUIMYP_EXP":18696.88,"FARMED_VA":3466.72,"FARMED_EXP":480.91,"HUPLAS_VA":4908.62,"HUPLAS_EXP":4351.89,"PRNOMT_VA":4516.22,"PRNOMT_EXP":1156.83,"METBAS_VA":5624.26,"METBAS_EXP":6766.12,"NONFER_VA":4033.57,"NONFER_EXP":7480.88,"PRMETA_VA":37979.31,"PRMETA_EXP":1374.46,"ELCTRO_VA":5498.87,"ELCTRO_EXP":7108.61,"ELCTRI_VA":10258.13,"ELCTRI_EXP":5134.48,"MAQYEQ_VA":2281.85,"MAQYEQ_EXP":2958.88,"AUTOMO_VA":12200.68,"AUTOMO_EXP":5394.31,"OTRTRA_VA":636.99,"OTRTRA_EXP":139.78,"TRANSP_VA":662.51,"TRANSP_EXP":2086.54,"OTRMAN_VA":4633.41,"OTRMAN_EXP":6924.83,"ELEGAS_VA":12989.93,"ELEGAS_EXP":6.01,"AGUBAS_VA":861.81,"AGUBAS_EXP":2.77,"CONSTR_VA":122905.24,"CONSTR_EXP":31.82,"COMREV_VA":192631.3,"COMREV_EXP":27669.92,"TRATIE_VA":28354.23,"TRATIE_EXP":2615.93,"TRAGUA_VA":4590.78,"TRAGUA_EXP":2530.43,"TRAAIR_VA":6600.96,"TRAAIR_EXP":838.66,"ALMSTR_VA":8405.06,"ALMSTR_EXP":446.56,"POSTME_VA":1775.55,"POSTME_EXP":234.47,"HOTYRE_VA":28458.36,"HOTYRE_EXP":181.83,"MMTVRA_VA":8169.65,"MMTVRA_EXP":1015.96,"TELECO_VA":31170.64,"TELECO_EXP":338.27,"ITSERV_VA":3200.14,"ITSERV_EXP":374.87,"SERFIN_VA":50122.69,"SERFIN_EXP":793.34,"GOBEST_VA":29313.58,"GOBEST_EXP":422.35,"SPRSCT_VA":8785.73,"SPRSCT_EXP":2316.18,"SEAEMP_VA":7882.85,"SEAEMP_EXP":4589.96,"ADPDEF_VA":40017.43,"ADPDEF_EXP":7.11,"EDUCAC_VA":38134.52,"EDUCAC_EXP":17.22,"SALUDH_VA":11711.07,"SALUDH_EXP":8.46,"ESPARC_VA":4687.39,"ESPARC_EXP":265.27,"OTRSER_VA":23410.79,"OTRSER_EXP":15.89,"SERHOG_VA":5511.54,"SERHOG_EXP":0.0}},{"type":"Feature","geometry":{"type":"Point","coordinates":[78.96,20.59]},"properties":{"id":"IND","name":"India","continent":"asia","year":2021,"AGRPFO_VA":447285.96,"AGRPFO_EXP":8204.09,"FORLOG_VA":41273.83,"FORLOG_EXP":1961.43,"PESCAC_VA":37399.22,"PESCAC_EXP":677.03,"MINCOL_VA":12272.31,"MINCOL_EXP":215.92,"PETGAS_VA":16590.83,"PETGAS_EXP":237.95,"MINORE_VA":13649.65,"MINORE_EXP":799.6,"MINOTH_VA":3168.9,"MINOTH_EXP":1618.06,"MINSER_VA":12075.88,"MINSER_EXP":462.63,"ALYBEB_VA":45127.92,"ALYBEB_EXP":27871.44,"TEXYPR_VA":59256.46,"TEXYPR_EXP":36835.52,"MADYPR_VA":10982.35,"MADYPR_EXP":694.87,"PAPYPR_VA":10175.93,"PAPYPR_EXP":2454.56,"PETREF_VA":48697.17,"PETREF_EXP":57222.54,"QUIMYP_VA":26649.13,"QUIMYP_EXP":29262.88,"FARMED_VA":22008.52,"FARMED_EXP":17932.93,"HUPLAS_VA":14673.39,"HUPLAS_EXP":8655.48,"PRNOMT_VA":27472.0,"PRNOMT_EXP":6439.38,"METBAS_VA":50877.66,"METBAS_EXP":22606.76,"NONFER_VA":15595.34,"NONFER_EXP":16289.93,"PRMETA_VA":20426.98,"PRMETA_EXP":7358.5,"ELCTRO_VA":10070.08,"ELCTRO_EXP":24473.05,"ELCTRI_VA":16520.0,"ELCTRI_EXP":6936.4,"MAQYEQ_VA":32072.58,"MAQYEQ_EXP":18597.01,"AUTOMO_VA":40488.55,"AUTOMO_EXP":13885.06,"OTRTRA_VA":240.52,"OTRTRA_EXP":573.13,"TRANSP_VA":7860.06,"TRANSP_EXP":7260.32,"OTRMAN_VA":27297.81,"OTRMAN_EXP":38402.89,"ELEGAS_VA":57346.22,"ELEGAS_EXP":948.79,"AGUBAS_VA":15916.94,"AGUBAS_EXP":0.71,"CONSTR_VA":243801.28,"CONSTR_EXP":1041.44,"COMREV_VA":297667.34,"COMREV_EXP":41067.34,"TRATIE_VA":111702.34,"TRATIE_EXP":15333.27,"TRAGUA_VA":2416.7,"TRAGUA_EXP":1812.5,"TRAAIR_VA":2069.92,"TRAAIR_EXP":8635.07,"ALMSTR_VA":18569.13,"ALMSTR_EXP":11193.12,"POSTME_VA":6586.02,"POSTME_EXP":390.68,"HOTYRE_VA":30149.38,"HOTYRE_EXP":3192.61,"MMTVRA_VA":12937.11,"MMTVRA_EXP":9298.42,"TELECO_VA":32894.2,"TELECO_EXP":3269.39,"ITSERV_VA":152800.9,"ITSERV_EXP":113584.09,"SERFIN_VA":153694.42,"SERFIN_EXP":12650.08,"GOBEST_VA":192096.42,"GOBEST_EXP":1677.27,"SPRSCT_VA":9691.84,"SPRSCT_EXP":11630.01,"SEAEMP_VA":76915.11,"SEAEMP_EXP":24561.71,"ADPDEF_VA":174424.18,"ADPDEF_EXP":651.91,"EDUCAC_VA":126862.11,"EDUCAC_EXP":3285.28,"SALUDH_VA":45081.21,"SALUDH_EXP":122.35,"ESPARC_VA":7573.83,"ESPARC_EXP":401.26,"OTRSER_VA":38344.27,"OTRSER_EXP":160.22,"SERHOG_VA":4176.48,"SERHOG_EXP":0.0}},{"type":"Feature","geometry":{"type":"Point","coordinates":[-7.69,53.14]},"properties":{"id":"IRL","name":"Irlanda","continent":"europe","year":2021,"AGRPFO_VA":4847.09,"AGRPFO_EXP":1396.1,"FORLOG_VA":47.85,"FORLOG_EXP":89.58,"PESCAC_VA":223.15,"PESCAC_EXP":291.2,"MINCOL_VA":19.91,"MINCOL_EXP":17.62,"PETGAS_VA":69.75,"PETGAS_EXP":63.58,"MINORE_VA":244.09,"MINORE_EXP":353.11,"MINOTH_VA":147.06,"MINOTH_EXP":142.68,"MINSER_VA":51.28,"MINSER_EXP":1.01,"ALYBEB_VA":9696.29,"ALYBEB_EXP":15707.42,"TEXYPR_VA":212.78,"TEXYPR_EXP":245.64,"MADYPR_VA":583.54,"MADYPR_EXP":808.76,"PAPYPR_VA":582.65,"PAPYPR_EXP":835.83,"PETREF_VA":10299.88,"PETREF_EXP":803.8,"QUIMYP_VA":33528.5,"QUIMYP_EXP":42601.74,"FARMED_VA":95892.2,"FARMED_EXP":149401.63,"HUPLAS_VA":1052.11,"HUPLAS_EXP":2250.58,"PRNOMT_VA":1283.41,"PRNOMT_EXP":699.25,"METBAS_VA":99.96,"METBAS_EXP":538.17,"NONFER_VA":128.01,"NONFER_EXP":394.42,"PRMETA_VA":1293.02,"PRMETA_EXP":1220.82,"ELCTRO_VA":11187.41,"ELCTRO_EXP":30922.67,"ELCTRI_VA":553.6,"ELCTRI_EXP":846.93,"MAQYEQ_VA":1772.47,"MAQYEQ_EXP":3104.13,"AUTOMO_VA":387.04,"AUTOMO_EXP":531.67,"OTRTRA_VA":7.07,"OTRTRA_EXP":0.49,"TRANSP_VA":180.24,"TRANSP_EXP":138.84,"OTRMAN_VA":13430.74,"OTRMAN_EXP":15914.79,"ELEGAS_VA":4512.01,"ELEGAS_EXP":1813.06,"AGUBAS_VA":2053.6,"AGUBAS_EXP":64.8,"CONSTR_VA":12334.65,"CONSTR_EXP":52.66,"COMREV_VA":34138.27,"COMREV_EXP":27670.99,"TRATIE_VA":3420.11,"TRATIE_EXP":4559.64,"TRAGUA_VA":408.06,"TRAGUA_EXP":623.89,"TRAAIR_VA":1009.86,"TRAAIR_EXP":2529.66,"ALMSTR_VA":506.06,"ALMSTR_EXP":2999.17,"POSTME_VA":1258.47,"POSTME_EXP":2144.17,"HOTYRE_VA":4506.27,"HOTYRE_EXP":1191.04,"MMTVRA_VA":43181.41,"MMTVRA_EXP":67408.96,"TELECO_VA":4446.97,"TELECO_EXP":6863.08,"ITSERV_VA":40188.9,"ITSERV_EXP":132009.39,"SERFIN_VA":24638.6,"SERFIN_EXP":49734.61,"GOBEST_VA":25843.71,"GOBEST_EXP":8994.44,"SPRSCT_VA":28415.06,"SPRSCT_EXP":41573.31,"SEAEMP_VA":24029.15,"SEAEMP_EXP":28804.59,"ADPDEF_VA":12629.35,"ADPDEF_EXP":382.77,"EDUCAC_VA":12512.2,"EDUCAC_EXP":226.72,"SALUDH_VA":21524.64,"SALUDH_EXP":25.13,"ESPARC_VA":2994.84,"ESPARC_EXP":833.4,"OTRSER_VA":1973.49,"OTRSER_EXP":35.71,"SERHOG_VA":233.57,"SERHOG_EXP":0.0}},{"type":"Feature","geometry":{"type":"Point","coordinates":[-19.02,64.96]},"properties":{"id":"ISL","name":"Islandia","continent":"europe","year":2021,"AGRPFO_VA":211.32,"AGRPFO_EXP":32.01,"FORLOG_VA":2.76,"FORLOG_EXP":0.12,"PESCAC_VA":931.69,"PESCAC_EXP":632.51,"MINCOL_VA":0.05,"MINCOL_EXP":0.01,"PETGAS_VA":0.94,"PETGAS_EXP":0.08,"MINORE_VA":0.01,"MINORE_EXP":0.0,"MINOTH_VA":30.29,"MINOTH_EXP":7.7,"MINSER_VA":0.08,"MINSER_EXP":0.01,"ALYBEB_VA":1128.35,"ALYBEB_EXP":1782.48,"TEXYPR_VA":31.78,"TEXYPR_EXP":36.12,"MADYPR_VA":12.02,"MADYPR_EXP":0.63,"PAPYPR_VA":35.92,"PAPYPR_EXP":1.0,"PETREF_VA":1.72,"PETREF_EXP":0.09,"QUIMYP_VA":44.0,"QUIMYP_EXP":37.44,"FARMED_VA":-13.5,"FARMED_EXP":0.9,"HUPLAS_VA":33.57,"HUPLAS_EXP":22.45,"PRNOMT_VA":115.65,"PRNOMT_EXP":4.33,"METBAS_VA":83.65,"METBAS_EXP":42.05,"NONFER_VA":618.87,"NONFER_EXP":2061.93,"PRMETA_VA":168.02,"PRMETA_EXP":8.46,"ELCTRO_VA":58.84,"ELCTRO_EXP":5.05,"ELCTRI_VA":18.83,"ELCTRI_EXP":22.56,"MAQYEQ_VA":164.73,"MAQYEQ_EXP":117.95,"AUTOMO_VA":3.64,"AUTOMO_EXP":0.98,"OTRTRA_VA":2.91,"OTRTRA_EXP":4.86,"TRANSP_VA":19.33,"TRANSP_EXP":35.76,"OTRMAN_VA":357.02,"OTRMAN_EXP":40.99,"ELEGAS_VA":897.81,"ELEGAS_EXP":0.1,"AGUBAS_VA":192.72,"AGUBAS_EXP":0.19,"CONSTR_VA":1701.41,"CONSTR_EXP":0.21,"COMREV_VA":2313.59,"COMREV_EXP":675.41,"TRATIE_VA":236.06,"TRATIE_EXP":78.45,"TRAGUA_VA":150.44,"TRAGUA_EXP":263.79,"TRAAIR_VA":279.64,"TRAAIR_EXP":879.54,"ALMSTR_VA":285.52,"ALMSTR_EXP":207.53,"POSTME_VA":68.99,"POSTME_EXP":4.41,"HOTYRE_VA":673.17,"HOTYRE_EXP":406.18,"MMTVRA_VA":130.81,"MMTVRA_EXP":94.09,"TELECO_VA":292.34,"TELECO_EXP":29.77,"ITSERV_VA":831.7,"ITSERV_EXP":270.88,"SERFIN_VA":1383.3,"SERFIN_EXP":134.27,"GOBEST_VA":2625.29,"GOBEST_EXP":3.18,"SPRSCT_VA":1097.71,"SPRSCT_EXP":340.3,"SEAEMP_VA":768.47,"SEAEMP_EXP":340.47,"ADPDEF_VA":1399.82,"ADPDEF_EXP":0.59,"EDUCAC_VA":1494.1,"EDUCAC_EXP":1.47,"SALUDH_VA":2190.37,"SALUDH_EXP":2.52,"ESPARC_VA":349.6,"ESPARC_EXP":159.87,"OTRSER_VA":371.43,"OTRSER_EXP":36.64,"SERHOG_VA":12.32,"SERHOG_EXP":0.0}},{"type":"Feature","geometry":{"type":"Point","coordinates":[34.85,31.05]},"properties":{"id":"ISR","name":"Israel","continent":"other","year":2021,"AGRPFO_VA":6655.27,"AGRPFO_EXP":2132.4,"FORLOG_VA":37.33,"FORLOG_EXP":0.16,"PESCAC_VA":93.14,"PESCAC_EXP":23.94,"MINCOL_VA":0.0,"MINCOL_EXP":0.0,"PETGAS_VA":595.93,"PETGAS_EXP":439.35,"MINORE_VA":0.0,"MINORE_EXP":0.0,"MINOTH_VA":2435.68,"MINOTH_EXP":1959.21,"MINSER_VA":246.63,"MINSER_EXP":200.37,"ALYBEB_VA":6520.61,"ALYBEB_EXP":870.56,"TEXYPR_VA":1018.26,"TEXYPR_EXP":871.5,"MADYPR_VA":326.22,"MADYPR_EXP":57.76,"PAPYPR_VA":1765.93,"PAPYPR_EXP":568.71,"PETREF_VA":3288.11,"PETREF_EXP":6548.86,"QUIMYP_VA":3045.59,"QUIMYP_EXP":4648.38,"FARMED_VA":2471.08,"FARMED_EXP":4743.35,"HUPLAS_VA":2582.22,"HUPLAS_EXP":2257.05,"PRNOMT_VA":1196.22,"PRNOMT_EXP":551.63,"METBAS_VA":707.56,"METBAS_EXP":426.06,"NONFER_VA":269.22,"NONFER_EXP":341.47,"PRMETA_VA":4588.11,"PRMETA_EXP":2307.66,"ELCTRO_VA":21939.74,"ELCTRO_EXP":12062.27,"ELCTRI_VA":863.75,"ELCTRI_EXP":860.86,"MAQYEQ_VA":3073.33,"MAQYEQ_EXP":3664.3,"AUTOMO_VA":439.06,"AUTOMO_EXP":190.86,"OTRTRA_VA":24.35,"OTRTRA_EXP":57.22,"TRANSP_VA":2172.59,"TRANSP_EXP":2457.22,"OTRMAN_VA":2994.22,"OTRMAN_EXP":5756.17,"ELEGAS_VA":3144.52,"ELEGAS_EXP":0.1,"AGUBAS_VA":4081.5,"AGUBAS_EXP":53.34,"CONSTR_VA":26383.19,"CONSTR_EXP":8.03,"COMREV_VA":43125.63,"COMREV_EXP":10582.45,"TRATIE_VA":7776.22,"TRATIE_EXP":1266.74,"TRAGUA_VA":4310.14,"TRAGUA_EXP":2953.3,"TRAAIR_VA":3562.89,"TRAAIR_EXP":5996.52,"ALMSTR_VA":1046.38,"ALMSTR_EXP":1491.23,"POSTME_VA":871.84,"POSTME_EXP":221.78,"HOTYRE_VA":6730.87,"HOTYRE_EXP":601.61,"MMTVRA_VA":1624.63,"MMTVRA_EXP":2401.43,"TELECO_VA":5507.18,"TELECO_EXP":1561.75,"ITSERV_VA":37856.46,"ITSERV_EXP":29730.23,"SERFIN_VA":21718.02,"SERFIN_EXP":3776.42,"GOBEST_VA":74376.45,"GOBEST_EXP":1135.35,"SPRSCT_VA":31038.59,"SPRSCT_EXP":18196.62,"SEAEMP_VA":13523.66,"SEAEMP_EXP":1578.23,"ADPDEF_VA":30725.61,"ADPDEF_EXP":144.37,"EDUCAC_VA":27070.08,"EDUCAC_EXP":12.93,"SALUDH_VA":27047.24,"SALUDH_EXP":85.06,"ESPARC_VA":6020.31,"ESPARC_EXP":491.9,"OTRSER_VA":6138.81,"OTRSER_EXP":47.14,"SERHOG_VA":1177.84,"SERHOG_EXP":0.0}},{"type":"Feature","geometry":{"type":"Point","coordinates":[12.57,41.87]},"properties":{"id":"ITA","name":"Italia","continent":"europe","year":2021,"AGRPFO_VA":38956.96,"AGRPFO_EXP":7070.96,"FORLOG_VA":2615.06,"FORLOG_EXP":188.65,"PESCAC_VA":983.99,"PESCAC_EXP":204.68,"MINCOL_VA":53.54,"MINCOL_EXP":26.65,"PETGAS_VA":4274.71,"PETGAS_EXP":1212.67,"MINORE_VA":0.27,"MINORE_EXP":0.13,"MINOTH_VA":2830.68,"MINOTH_EXP":910.53,"MINSER_VA":610.77,"MINSER_EXP":246.14,"ALYBEB_VA":40212.18,"ALYBEB_EXP":40245.92,"TEXYPR_VA":31249.54,"TEXYPR_EXP":38883.63,"MADYPR_VA":6179.26,"MADYPR_EXP":2973.7,"PAPYPR_VA":12491.93,"PAPYPR_EXP":7673.36,"PETREF_VA":4969.38,"PETREF_EXP":11488.73,"QUIMYP_VA":16519.97,"QUIMYP_EXP":32251.21,"FARMED_VA":12682.03,"FARMED_EXP":25638.32,"HUPLAS_VA":18352.93,"HUPLAS_EXP":18287.54,"PRNOMT_VA":14659.62,"PRNOMT_EXP":10210.44,"METBAS_VA":11756.55,"METBAS_EXP":22976.27,"NONFER_VA":4172.94,"NONFER_EXP":16676.52,"PRMETA_VA":44982.18,"PRMETA_EXP":24644.88,"ELCTRO_VA":12748.98,"ELCTRO_EXP":11330.97,"ELCTRI_VA":15352.36,"ELCTRI_EXP":24653.72,"MAQYEQ_VA":49623.81,"MAQYEQ_EXP":78050.61,"AUTOMO_VA":19446.36,"AUTOMO_EXP":31656.07,"OTRTRA_VA":2982.49,"OTRTRA_EXP":6219.28,"TRANSP_VA":7686.44,"TRANSP_EXP":11132.28,"OTRMAN_VA":30165.79,"OTRMAN_EXP":24164.57,"ELEGAS_VA":35158.08,"ELEGAS_EXP":936.52,"AGUBAS_VA":23687.05,"AGUBAS_EXP":436.63,"CONSTR_VA":105536.08,"CONSTR_EXP":1663.12,"COMREV_VA":244656.85,"COMREV_EXP":99723.8,"TRATIE_VA":59283.37,"TRATIE_EXP":12025.88,"TRAGUA_VA":2837.31,"TRAGUA_EXP":4479.09,"TRAAIR_VA":251.32,"TRAAIR_EXP":2854.67,"ALMSTR_VA":41410.35,"ALMSTR_EXP":8922.2,"POSTME_VA":4097.28,"POSTME_EXP":1175.22,"HOTYRE_VA":60419.92,"HOTYRE_EXP":9336.41,"MMTVRA_VA":11130.42,"MMTVRA_EXP":3200.48,"TELECO_VA":20192.41,"TELECO_EXP":4694.7,"ITSERV_VA":44171.37,"ITSERV_EXP":5982.65,"SERFIN_VA":90991.26,"SERFIN_EXP":11387.26,"GOBEST_VA":257211.91,"GOBEST_EXP":2890.85,"SPRSCT_VA":131025.59,"SPRSCT_EXP":17357.73,"SEAEMP_VA":71543.22,"SEAEMP_EXP":14202.99,"ADPDEF_VA":124720.2,"ADPDEF_EXP":683.72,"EDUCAC_VA":83004.95,"EDUCAC_EXP":614.43,"SALUDH_VA":119991.51,"SALUDH_EXP":690.62,"ESPARC_VA":18648.69,"ESPARC_EXP":1989.88,"OTRSER_VA":30300.37,"OTRSER_EXP":994.29,"SERHOG_VA":21333.52,"SERHOG_EXP":0.0}},{"type":"Feature","geometry":{"type":"Point","coordinates":[36.24,30.59]},"properties":{"id":"JOR","name":"Jordania","continent":"other","year":2021,"AGRPFO_VA":1717.35,"AGRPFO_EXP":860.83,"FORLOG_VA":93.49,"FORLOG_EXP":0.31,"PESCAC_VA":3.54,"PESCAC_EXP":0.27,"MINCOL_VA":174.82,"MINCOL_EXP":0.01,"PETGAS_VA":313.5,"PETGAS_EXP":3.79,"MINORE_VA":142.62,"MINORE_EXP":0.66,"MINOTH_VA":251.72,"MINOTH_EXP":319.83,"MINSER_VA":142.09,"MINSER_EXP":2.25,"ALYBEB_VA":1981.22,"ALYBEB_EXP":769.68,"TEXYPR_VA":975.44,"TEXYPR_EXP":1467.16,"MADYPR_VA":62.66,"MADYPR_EXP":32.68,"PAPYPR_VA":340.12,"PAPYPR_EXP":215.81,"PETREF_VA":432.25,"PETREF_EXP":266.3,"QUIMYP_VA":705.95,"QUIMYP_EXP":1360.89,"FARMED_VA":669.17,"FARMED_EXP":499.62,"HUPLAS_VA":251.78,"HUPLAS_EXP":248.56,"PRNOMT_VA":704.04,"PRNOMT_EXP":144.12,"METBAS_VA":105.05,"METBAS_EXP":39.81,"NONFER_VA":196.51,"NONFER_EXP":30.37,"PRMETA_VA":473.18,"PRMETA_EXP":166.34,"ELCTRO_VA":44.27,"ELCTRO_EXP":13.29,"ELCTRI_VA":210.22,"ELCTRI_EXP":138.77,"MAQYEQ_VA":146.78,"MAQYEQ_EXP":104.92,"AUTOMO_VA":71.46,"AUTOMO_EXP":57.3,"OTRTRA_VA":12.73,"OTRTRA_EXP":2.82,"TRANSP_VA":23.0,"TRANSP_EXP":0.28,"OTRMAN_VA":152.65,"OTRMAN_EXP":116.41,"ELEGAS_VA":493.41,"ELEGAS_EXP":20.94,"AGUBAS_VA":381.71,"AGUBAS_EXP":0.2,"CONSTR_VA":1334.44,"CONSTR_EXP":16.53,"COMREV_VA":3791.39,"COMREV_EXP":892.77,"TRATIE_VA":1540.28,"TRATIE_EXP":743.4,"TRAGUA_VA":89.5,"TRAGUA_EXP":25.94,"TRAAIR_VA":246.91,"TRAAIR_EXP":801.54,"ALMSTR_VA":576.78,"ALMSTR_EXP":197.69,"POSTME_VA":18.51,"POSTME_EXP":11.15,"HOTYRE_VA":665.56,"HOTYRE_EXP":446.6,"MMTVRA_VA":209.13,"MMTVRA_EXP":87.57,"TELECO_VA":1160.89,"TELECO_EXP":46.74,"ITSERV_VA":295.95,"ITSERV_EXP":65.12,"SERFIN_VA":3472.87,"SERFIN_EXP":332.21,"GOBEST_VA":5031.78,"GOBEST_EXP":9.8,"SPRSCT_VA":426.27,"SPRSCT_EXP":31.74,"SEAEMP_VA":356.79,"SEAEMP_EXP":122.74,"ADPDEF_VA":4562.69,"ADPDEF_EXP":0.03,"EDUCAC_VA":3424.27,"EDUCAC_EXP":388.92,"SALUDH_VA":1430.32,"SALUDH_EXP":310.55,"ESPARC_VA":117.76,"ESPARC_EXP":278.64,"OTRSER_VA":330.9,"OTRSER_EXP":21.84,"SERHOG_VA":712.95,"SERHOG_EXP":0.0}},{"type":"Feature","geometry":{"type":"Point","coordinates":[138.25,36.2]},"properties":{"id":"JPN","name":"Japón","continent":"asia","year":2021,"AGRPFO_VA":41044.44,"AGRPFO_EXP":458.02,"FORLOG_VA":2379.15,"FORLOG_EXP":168.76,"PESCAC_VA":5662.58,"PESCAC_EXP":474.47,"MINCOL_VA":364.34,"MINCOL_EXP":1.84,"PETGAS_VA":398.02,"PETGAS_EXP":0.29,"MINORE_VA":1613.79,"MINORE_EXP":201.76,"MINOTH_VA":981.67,"MINOTH_EXP":336.64,"MINSER_VA":907.31,"MINSER_EXP":327.16,"ALYBEB_VA":120605.6,"ALYBEB_EXP":6098.81,"TEXYPR_VA":13485.43,"TEXYPR_EXP":5891.93,"MADYPR_VA":9691.62,"MADYPR_EXP":202.97,"PAPYPR_VA":44084.13,"PAPYPR_EXP":3600.04,"PETREF_VA":51080.6,"PETREF_EXP":7127.37,"QUIMYP_VA":67907.17,"QUIMYP_EXP":54324.35,"FARMED_VA":35502.95,"FARMED_EXP":4710.08,"HUPLAS_VA":52788.38,"HUPLAS_EXP":21259.19,"PRNOMT_VA":29338.94,"PRNOMT_EXP":7100.23,"METBAS_VA":71008.91,"METBAS_EXP":31468.25,"NONFER_VA":25933.6,"NONFER_EXP":32912.04,"PRMETA_VA":48994.05,"PRMETA_EXP":7590.69,"ELCTRO_VA":86113.25,"ELCTRO_EXP":73709.06,"ELCTRI_VA":64922.14,"ELCTRI_EXP":55990.0,"MAQYEQ_VA":148553.82,"MAQYEQ_EXP":117872.37,"AUTOMO_VA":112593.02,"AUTOMO_EXP":147813.68,"OTRTRA_VA":6373.81,"OTRTRA_EXP":12842.41,"TRANSP_VA":11152.18,"TRANSP_EXP":8242.41,"OTRMAN_VA":128236.0,"OTRMAN_EXP":6122.71,"ELEGAS_VA":53478.03,"ELEGAS_EXP":34.94,"AGUBAS_VA":78700.18,"AGUBAS_EXP":160.06,"CONSTR_VA":277322.84,"CONSTR_EXP":115.04,"COMREV_VA":628797.17,"COMREV_EXP":116954.44,"TRATIE_VA":117849.05,"TRATIE_EXP":14969.54,"TRAGUA_VA":11050.31,"TRAGUA_EXP":7939.98,"TRAAIR_VA":1632.26,"TRAAIR_EXP":2188.19,"ALMSTR_VA":56928.36,"ALMSTR_EXP":7111.31,"POSTME_VA":10104.7,"POSTME_EXP":524.68,"HOTYRE_VA":66777.51,"HOTYRE_EXP":2526.81,"MMTVRA_VA":44419.65,"MMTVRA_EXP":7399.1,"TELECO_VA":94842.83,"TELECO_EXP":747.14,"ITSERV_VA":124730.65,"ITSERV_EXP":10342.34,"SERFIN_VA":210908.34,"SERFIN_EXP":22241.42,"GOBEST_VA":546317.45,"GOBEST_EXP":1411.59,"SPRSCT_VA":226058.4,"SPRSCT_EXP":30040.23,"SEAEMP_VA":144771.1,"SEAEMP_EXP":66212.96,"ADPDEF_VA":242256.45,"ADPDEF_EXP":72.81,"EDUCAC_VA":161195.01,"EDUCAC_EXP":72.27,"SALUDH_VA":388804.31,"SALUDH_EXP":120.01,"ESPARC_VA":48631.89,"ESPARC_EXP":371.8,"OTRSER_VA":65869.86,"OTRSER_EXP":46.53,"SERHOG_VA":0.0,"SERHOG_EXP":0.0}},{"type":"Feature","geometry":{"type":"Point","coordinates":[66.92,48.02]},"properties":{"id":"KAZ","name":"Kazajistán","continent":"asia","year":2021,"AGRPFO_VA":9263.5,"AGRPFO_EXP":1548.81,"FORLOG_VA":100.0,"FORLOG_EXP":4.15,"PESCAC_VA":377.05,"PESCAC_EXP":1.11,"MINCOL_VA":910.14,"MINCOL_EXP":443.29,"PETGAS_VA":21895.83,"PETGAS_EXP":34634.48,"MINORE_VA":5001.51,"MINORE_EXP":3879.04,"MINOTH_VA":391.32,"MINOTH_EXP":450.85,"MINSER_VA":1268.46,"MINSER_EXP":19.0,"ALYBEB_VA":4942.2,"ALYBEB_EXP":908.57,"TEXYPR_VA":236.52,"TEXYPR_EXP":63.26,"MADYPR_VA":46.37,"MADYPR_EXP":33.16,"PAPYPR_VA":231.81,"PAPYPR_EXP":24.17,"PETREF_VA":1828.45,"PETREF_EXP":1253.39,"QUIMYP_VA":762.03,"QUIMYP_EXP":1009.27,"FARMED_VA":524.73,"FARMED_EXP":36.25,"HUPLAS_VA":346.63,"HUPLAS_EXP":75.07,"PRNOMT_VA":1120.1,"PRNOMT_EXP":93.99,"METBAS_VA":4262.55,"METBAS_EXP":3067.31,"NONFER_VA":5591.41,"NONFER_EXP":1117.9,"PRMETA_VA":453.67,"PRMETA_EXP":44.39,"ELCTRO_VA":43.93,"ELCTRO_EXP":55.35,"ELCTRI_VA":264.44,"ELCTRI_EXP":113.37,"MAQYEQ_VA":255.05,"MAQYEQ_EXP":159.1,"AUTOMO_VA":336.79,"AUTOMO_EXP":65.17,"OTRTRA_VA":51.11,"OTRTRA_EXP":7.79,"TRANSP_VA":90.01,"TRANSP_EXP":74.34,"OTRMAN_VA":1018.67,"OTRMAN_EXP":280.86,"ELEGAS_VA":3037.62,"ELEGAS_EXP":83.7,"AGUBAS_VA":518.78,"AGUBAS_EXP":0.35,"CONSTR_VA":11087.37,"CONSTR_EXP":27.0,"COMREV_VA":33209.38,"COMREV_EXP":6190.52,"TRATIE_VA":12631.06,"TRATIE_EXP":2638.33,"TRAGUA_VA":188.44,"TRAGUA_EXP":180.66,"TRAAIR_VA":773.2,"TRAAIR_EXP":748.17,"ALMSTR_VA":2609.93,"ALMSTR_EXP":728.81,"POSTME_VA":182.08,"POSTME_EXP":28.49,"HOTYRE_VA":2241.7,"HOTYRE_EXP":120.3,"MMTVRA_VA":543.14,"MMTVRA_EXP":76.3,"TELECO_VA":2249.82,"TELECO_EXP":255.41,"ITSERV_VA":1576.83,"ITSERV_EXP":74.51,"SERFIN_VA":6507.42,"SERFIN_EXP":375.55,"GOBEST_VA":16392.19,"GOBEST_EXP":169.99,"SPRSCT_VA":8720.86,"SPRSCT_EXP":541.85,"SEAEMP_VA":4379.65,"SEAEMP_EXP":613.48,"ADPDEF_VA":3645.37,"ADPDEF_EXP":4.27,"EDUCAC_VA":7616.89,"EDUCAC_EXP":4.89,"SALUDH_VA":3738.34,"SALUDH_EXP":8.58,"ESPARC_VA":882.91,"ESPARC_EXP":12.72,"OTRSER_VA":3757.22,"OTRSER_EXP":4.72,"SERHOG_VA":123.56,"SERHOG_EXP":0.0}},{"type":"Feature","geometry":{"type":"Point","coordinates":[104.99,12.57]},"properties":{"id":"KHM","name":"Camboya","continent":"asia","year":2021,"AGRPFO_VA":3878.16,"AGRPFO_EXP":3720.98,"FORLOG_VA":390.72,"FORLOG_EXP":288.48,"PESCAC_VA":1382.6,"PESCAC_EXP":875.65,"MINCOL_VA":0.0,"MINCOL_EXP":0.0,"PETGAS_VA":0.0,"PETGAS_EXP":0.0,"MINORE_VA":66.06,"MINORE_EXP":4.82,"MINOTH_VA":96.68,"MINOTH_EXP":128.58,"MINSER_VA":45.55,"MINSER_EXP":9.95,"ALYBEB_VA":584.85,"ALYBEB_EXP":978.66,"TEXYPR_VA":2755.28,"TEXYPR_EXP":4824.14,"MADYPR_VA":33.31,"MADYPR_EXP":54.14,"PAPYPR_VA":63.67,"PAPYPR_EXP":125.82,"PETREF_VA":8.74,"PETREF_EXP":0.31,"QUIMYP_VA":64.59,"QUIMYP_EXP":81.73,"FARMED_VA":38.17,"FARMED_EXP":11.21,"HUPLAS_VA":115.83,"HUPLAS_EXP":360.62,"PRNOMT_VA":171.64,"PRNOMT_EXP":2.43,"METBAS_VA":1559.45,"METBAS_EXP":7.02,"NONFER_VA":32.85,"NONFER_EXP":26.85,"PRMETA_VA":134.21,"PRMETA_EXP":11.69,"ELCTRO_VA":0.18,"ELCTRO_EXP":0.12,"ELCTRI_VA":0.18,"ELCTRI_EXP":0.09,"MAQYEQ_VA":4.69,"MAQYEQ_EXP":2.9,"AUTOMO_VA":32.89,"AUTOMO_EXP":18.27,"OTRTRA_VA":5.65,"OTRTRA_EXP":7.89,"TRANSP_VA":10.09,"TRANSP_EXP":13.23,"OTRMAN_VA":123.48,"OTRMAN_EXP":31.72,"ELEGAS_VA":84.57,"ELEGAS_EXP":1.44,"AGUBAS_VA":78.69,"AGUBAS_EXP":0.74,"CONSTR_VA":3747.29,"CONSTR_EXP":7.37,"COMREV_VA":2385.79,"COMREV_EXP":919.58,"TRATIE_VA":719.15,"TRATIE_EXP":969.78,"TRAGUA_VA":108.34,"TRAGUA_EXP":138.78,"TRAAIR_VA":103.24,"TRAAIR_EXP":210.56,"ALMSTR_VA":393.88,"ALMSTR_EXP":535.48,"POSTME_VA":118.55,"POSTME_EXP":164.99,"HOTYRE_VA":1184.88,"HOTYRE_EXP":68.51,"MMTVRA_VA":138.56,"MMTVRA_EXP":234.41,"TELECO_VA":437.19,"TELECO_EXP":646.61,"ITSERV_VA":109.21,"ITSERV_EXP":116.21,"SERFIN_VA":651.73,"SERFIN_EXP":383.75,"GOBEST_VA":1553.89,"GOBEST_EXP":124.22,"SPRSCT_VA":259.12,"SPRSCT_EXP":201.92,"SEAEMP_VA":213.1,"SEAEMP_EXP":150.61,"ADPDEF_VA":406.72,"ADPDEF_EXP":1.13,"EDUCAC_VA":345.74,"EDUCAC_EXP":6.25,"SALUDH_VA":650.99,"SALUDH_EXP":3.89,"ESPARC_VA":201.77,"ESPARC_EXP":55.86,"OTRSER_VA":366.53,"OTRSER_EXP":5.67,"SERHOG_VA":0.0,"SERHOG_EXP":0.0}},{"type":"Feature","geometry":{"type":"Point","coordinates":[127.77,35.91]},"properties":{"id":"KOR","name":"Corea del Sur","continent":"asia","year":2021,"AGRPFO_VA":27703.49,"AGRPFO_EXP":746.11,"FORLOG_VA":1967.88,"FORLOG_EXP":43.57,"PESCAC_VA":3343.23,"PESCAC_EXP":420.64,"MINCOL_VA":133.38,"MINCOL_EXP":12.19,"PETGAS_VA":80.09,"PETGAS_EXP":2.22,"MINORE_VA":62.12,"MINORE_EXP":75.26,"MINOTH_VA":1490.84,"MINOTH_EXP":331.75,"MINSER_VA":11.92,"MINSER_EXP":17.12,"ALYBEB_VA":21784.53,"ALYBEB_EXP":8051.52,"TEXYPR_VA":15160.53,"TEXYPR_EXP":10850.14,"MADYPR_VA":2529.25,"MADYPR_EXP":129.9,"PAPYPR_VA":13970.54,"PAPYPR_EXP":4052.85,"PETREF_VA":14095.98,"PETREF_EXP":36618.73,"QUIMYP_VA":49971.97,"QUIMYP_EXP":69825.39,"FARMED_VA":15183.15,"FARMED_EXP":8334.82,"HUPLAS_VA":25748.79,"HUPLAS_EXP":15789.04,"PRNOMT_VA":11436.43,"PRNOMT_EXP":4361.9,"METBAS_VA":31947.56,"METBAS_EXP":29029.11,"NONFER_VA":9748.22,"NONFER_EXP":18535.36,"PRMETA_VA":34183.53,"PRMETA_EXP":11468.76,"ELCTRO_VA":150885.93,"ELCTRO_EXP":183642.3,"ELCTRI_VA":30403.02,"ELCTRI_EXP":30601.35,"MAQYEQ_VA":44900.25,"MAQYEQ_EXP":45095.26,"AUTOMO_VA":42238.14,"AUTOMO_EXP":65569.48,"OTRTRA_VA":6455.86,"OTRTRA_EXP":22283.48,"TRANSP_VA":2710.37,"TRANSP_EXP":3046.68,"OTRMAN_VA":11261.81,"OTRMAN_EXP":4434.03,"ELEGAS_VA":20801.69,"ELEGAS_EXP":13.38,"AGUBAS_VA":12739.78,"AGUBAS_EXP":10.15,"CONSTR_VA":103515.94,"CONSTR_EXP":75.8,"COMREV_VA":166232.6,"COMREV_EXP":60519.14,"TRATIE_VA":29394.23,"TRATIE_EXP":3710.81,"TRAGUA_VA":7828.12,"TRAGUA_EXP":27049.89,"TRAAIR_VA":15095.6,"TRAAIR_EXP":7123.68,"ALMSTR_VA":16167.62,"ALMSTR_EXP":4302.08,"POSTME_VA":7276.45,"POSTME_EXP":572.1,"HOTYRE_VA":43152.08,"HOTYRE_EXP":2137.63,"MMTVRA_VA":28334.7,"MMTVRA_EXP":4624.25,"TELECO_VA":20340.85,"TELECO_EXP":967.93,"ITSERV_VA":33701.65,"ITSERV_EXP":11071.27,"SERFIN_VA":112478.98,"SERFIN_EXP":6049.7,"GOBEST_VA":147485.35,"GOBEST_EXP":552.82,"SPRSCT_VA":112385.35,"SPRSCT_EXP":23766.58,"SEAEMP_VA":61362.0,"SEAEMP_EXP":14178.85,"ADPDEF_VA":122624.5,"ADPDEF_EXP":46.47,"EDUCAC_VA":85731.18,"EDUCAC_EXP":171.61,"SALUDH_VA":86274.93,"SALUDH_EXP":95.6,"ESPARC_VA":19580.92,"ESPARC_EXP":902.56,"OTRSER_VA":23766.95,"OTRSER_EXP":157.7,"SERHOG_VA":2244.86,"SERHOG_EXP":0.0}},{"type":"Feature","geometry":{"type":"Point","coordinates":[102.5,19.86]},"properties":{"id":"LAO","name":"Laos","continent":"asia","year":2021,"AGRPFO_VA":2276.97,"AGRPFO_EXP":1631.88,"FORLOG_VA":185.29,"FORLOG_EXP":2.34,"PESCAC_VA":394.27,"PESCAC_EXP":0.19,"MINCOL_VA":183.51,"MINCOL_EXP":16.01,"PETGAS_VA":194.73,"PETGAS_EXP":0.11,"MINORE_VA":910.93,"MINORE_EXP":785.27,"MINOTH_VA":426.38,"MINOTH_EXP":55.07,"MINSER_VA":155.25,"MINSER_EXP":0.11,"ALYBEB_VA":502.92,"ALYBEB_EXP":811.57,"TEXYPR_VA":200.75,"TEXYPR_EXP":311.62,"MADYPR_VA":141.52,"MADYPR_EXP":25.85,"PAPYPR_VA":3.18,"PAPYPR_EXP":3.22,"PETREF_VA":58.5,"PETREF_EXP":0.29,"QUIMYP_VA":29.25,"QUIMYP_EXP":60.57,"FARMED_VA":17.67,"FARMED_EXP":0.39,"HUPLAS_VA":9.54,"HUPLAS_EXP":3.51,"PRNOMT_VA":127.3,"PRNOMT_EXP":234.03,"METBAS_VA":1.95,"METBAS_EXP":2.47,"NONFER_VA":3.44,"NONFER_EXP":2.44,"PRMETA_VA":48.89,"PRMETA_EXP":5.81,"ELCTRO_VA":5.58,"ELCTRO_EXP":8.19,"ELCTRI_VA":3.84,"ELCTRI_EXP":6.68,"MAQYEQ_VA":0.23,"MAQYEQ_EXP":0.14,"AUTOMO_VA":1.02,"AUTOMO_EXP":1.45,"OTRTRA_VA":0.56,"OTRTRA_EXP":0.21,"TRANSP_VA":0.6,"TRANSP_EXP":0.77,"OTRMAN_VA":100.67,"OTRMAN_EXP":107.13,"ELEGAS_VA":2070.8,"ELEGAS_EXP":1961.69,"AGUBAS_VA":313.4,"AGUBAS_EXP":0.33,"CONSTR_VA":1681.63,"CONSTR_EXP":0.37,"COMREV_VA":1695.42,"COMREV_EXP":558.68,"TRATIE_VA":267.06,"TRATIE_EXP":39.78,"TRAGUA_VA":15.57,"TRAGUA_EXP":1.53,"TRAAIR_VA":34.19,"TRAAIR_EXP":10.67,"ALMSTR_VA":48.96,"ALMSTR_EXP":1.73,"POSTME_VA":52.65,"POSTME_EXP":1.65,"HOTYRE_VA":445.9,"HOTYRE_EXP":23.15,"MMTVRA_VA":37.09,"MMTVRA_EXP":4.12,"TELECO_VA":216.67,"TELECO_EXP":3.81,"ITSERV_VA":39.18,"ITSERV_EXP":5.09,"SERFIN_VA":557.42,"SERFIN_EXP":17.28,"GOBEST_VA":1062.03,"GOBEST_EXP":5.12,"SPRSCT_VA":129.98,"SPRSCT_EXP":12.66,"SEAEMP_VA":63.94,"SEAEMP_EXP":6.56,"ADPDEF_VA":1617.89,"ADPDEF_EXP":0.33,"EDUCAC_VA":376.03,"EDUCAC_EXP":1.63,"SALUDH_VA":72.93,"SALUDH_EXP":1.0,"ESPARC_VA":71.69,"ESPARC_EXP":3.35,"OTRSER_VA":477.9,"OTRSER_EXP":1.63,"SERHOG_VA":58.34,"SERHOG_EXP":0.0}},{"type":"Feature","geometry":{"type":"Point","coordinates":[23.88,55.17]},"properties":{"id":"LTU","name":"Lituania","continent":"europe","year":2021,"AGRPFO_VA":1940.5,"AGRPFO_EXP":1769.13,"FORLOG_VA":377.38,"FORLOG_EXP":164.76,"PESCAC_VA":64.52,"PESCAC_EXP":19.77,"MINCOL_VA":18.6,"MINCOL_EXP":10.23,"PETGAS_VA":67.51,"PETGAS_EXP":46.5,"MINORE_VA":5.54,"MINORE_EXP":1.12,"MINOTH_VA":55.5,"MINOTH_EXP":107.47,"MINSER_VA":26.15,"MINSER_EXP":10.76,"ALYBEB_VA":2013.32,"ALYBEB_EXP":2975.46,"TEXYPR_VA":591.84,"TEXYPR_EXP":795.03,"MADYPR_VA":853.61,"MADYPR_EXP":1190.93,"PAPYPR_VA":486.71,"PAPYPR_EXP":409.61,"PETREF_VA":489.06,"PETREF_EXP":2585.03,"QUIMYP_VA":1572.43,"QUIMYP_EXP":4339.15,"FARMED_VA":150.42,"FARMED_EXP":67.64,"HUPLAS_VA":648.94,"HUPLAS_EXP":1127.86,"PRNOMT_VA":388.18,"PRNOMT_EXP":379.52,"METBAS_VA":17.67,"METBAS_EXP":53.48,"NONFER_VA":4.45,"NONFER_EXP":6.78,"PRMETA_VA":710.11,"PRMETA_EXP":1227.3,"ELCTRO_VA":509.22,"ELCTRO_EXP":786.93,"ELCTRI_VA":204.78,"ELCTRI_EXP":433.03,"MAQYEQ_VA":328.46,"MAQYEQ_EXP":475.96,"AUTOMO_VA":234.39,"AUTOMO_EXP":285.81,"OTRTRA_VA":172.88,"OTRTRA_EXP":128.8,"TRANSP_VA":57.78,"TRANSP_EXP":136.38,"OTRMAN_VA":2089.5,"OTRMAN_EXP":2884.95,"ELEGAS_VA":1034.79,"ELEGAS_EXP":98.11,"AGUBAS_VA":646.56,"AGUBAS_EXP":44.03,"CONSTR_VA":4412.44,"CONSTR_EXP":148.9,"COMREV_VA":10082.9,"COMREV_EXP":4776.53,"TRATIE_VA":4976.85,"TRATIE_EXP":7742.75,"TRAGUA_VA":170.09,"TRAGUA_EXP":197.4,"TRAAIR_VA":70.6,"TRAAIR_EXP":212.73,"ALMSTR_VA":1979.69,"ALMSTR_EXP":2510.81,"POSTME_VA":150.5,"POSTME_EXP":116.88,"HOTYRE_VA":875.07,"HOTYRE_EXP":113.59,"MMTVRA_VA":289.72,"MMTVRA_EXP":159.62,"TELECO_VA":668.63,"TELECO_EXP":230.53,"ITSERV_VA":1674.48,"ITSERV_EXP":1018.79,"SERFIN_VA":1824.61,"SERFIN_EXP":479.69,"GOBEST_VA":3890.15,"GOBEST_EXP":151.24,"SPRSCT_VA":2598.74,"SPRSCT_EXP":1157.57,"SEAEMP_VA":2182.72,"SEAEMP_EXP":1521.74,"ADPDEF_VA":3519.53,"ADPDEF_EXP":21.6,"EDUCAC_VA":2932.39,"EDUCAC_EXP":63.68,"SALUDH_VA":3218.16,"SALUDH_EXP":21.63,"ESPARC_VA":630.11,"ESPARC_EXP":64.74,"OTRSER_VA":553.74,"OTRSER_EXP":14.34,"SERHOG_VA":56.27,"SERHOG_EXP":0.0}},{"type":"Feature","geometry":{"type":"Point","coordinates":[6.13,49.82]},"properties":{"id":"LUX","name":"Luxemburgo","continent":"europe","year":2021,"AGRPFO_VA":174.31,"AGRPFO_EXP":372.47,"FORLOG_VA":0.14,"FORLOG_EXP":8.39,"PESCAC_VA":0.0,"PESCAC_EXP":0.0,"MINCOL_VA":0.0,"MINCOL_EXP":0.0,"PETGAS_VA":0.0,"PETGAS_EXP":0.0,"MINORE_VA":14.07,"MINORE_EXP":3.12,"MINOTH_VA":31.69,"MINOTH_EXP":2.38,"MINSER_VA":0.0,"MINSER_EXP":0.0,"ALYBEB_VA":375.27,"ALYBEB_EXP":1090.55,"TEXYPR_VA":352.23,"TEXYPR_EXP":436.2,"MADYPR_VA":104.23,"MADYPR_EXP":324.35,"PAPYPR_VA":79.63,"PAPYPR_EXP":73.98,"PETREF_VA":0.0,"PETREF_EXP":0.0,"QUIMYP_VA":208.78,"QUIMYP_EXP":391.92,"FARMED_VA":40.06,"FARMED_EXP":24.28,"HUPLAS_VA":605.76,"HUPLAS_EXP":5181.28,"PRNOMT_VA":244.8,"PRNOMT_EXP":374.52,"METBAS_VA":597.05,"METBAS_EXP":2549.81,"NONFER_VA":607.86,"NONFER_EXP":2658.28,"PRMETA_VA":314.09,"PRMETA_EXP":514.21,"ELCTRO_VA":30.26,"ELCTRO_EXP":151.63,"ELCTRI_VA":34.78,"ELCTRI_EXP":83.35,"MAQYEQ_VA":592.55,"MAQYEQ_EXP":864.23,"AUTOMO_VA":68.28,"AUTOMO_EXP":65.7,"OTRTRA_VA":1.07,"OTRTRA_EXP":2.49,"TRANSP_VA":1.95,"TRANSP_EXP":4.41,"OTRMAN_VA":123.25,"OTRMAN_EXP":207.13,"ELEGAS_VA":621.69,"ELEGAS_EXP":132.42,"AGUBAS_VA":351.17,"AGUBAS_EXP":9.16,"CONSTR_VA":4269.45,"CONSTR_EXP":101.78,"COMREV_VA":6392.86,"COMREV_EXP":3581.84,"TRATIE_VA":1954.75,"TRATIE_EXP":2315.75,"TRAGUA_VA":95.38,"TRAGUA_EXP":126.94,"TRAAIR_VA":2386.1,"TRAAIR_EXP":3863.13,"ALMSTR_VA":335.23,"ALMSTR_EXP":483.56,"POSTME_VA":169.94,"POSTME_EXP":331.98,"HOTYRE_VA":861.76,"HOTYRE_EXP":1679.57,"MMTVRA_VA":388.74,"MMTVRA_EXP":713.59,"TELECO_VA":1801.54,"TELECO_EXP":4083.8,"ITSERV_VA":2713.0,"ITSERV_EXP":16675.75,"SERFIN_VA":22384.64,"SERFIN_EXP":98227.84,"GOBEST_VA":5907.1,"GOBEST_EXP":660.6,"SPRSCT_VA":8944.78,"SPRSCT_EXP":14247.59,"SEAEMP_VA":3144.4,"SEAEMP_EXP":2886.34,"ADPDEF_VA":4858.4,"ADPDEF_EXP":19.81,"EDUCAC_VA":3304.24,"EDUCAC_EXP":210.94,"SALUDH_VA":5236.7,"SALUDH_EXP":88.43,"ESPARC_VA":510.58,"ESPARC_EXP":305.74,"OTRSER_VA":663.92,"OTRSER_EXP":117.51,"SERHOG_VA":188.17,"SERHOG_EXP":0.0}},{"type":"Feature","geometry":{"type":"Point","coordinates":[24.6,56.88]},"properties":{"id":"LVA","name":"Letonia","continent":"europe","year":2021,"AGRPFO_VA":975.4,"AGRPFO_EXP":788.19,"FORLOG_VA":735.73,"FORLOG_EXP":275.36,"PESCAC_VA":78.68,"PESCAC_EXP":34.26,"MINCOL_VA":1.25,"MINCOL_EXP":1.18,"PETGAS_VA":0.0,"PETGAS_EXP":0.0,"MINORE_VA":1.09,"MINORE_EXP":0.65,"MINOTH_VA":183.87,"MINOTH_EXP":11.44,"MINSER_VA":0.92,"MINSER_EXP":0.62,"ALYBEB_VA":815.36,"ALYBEB_EXP":1081.66,"TEXYPR_VA":179.21,"TEXYPR_EXP":234.65,"MADYPR_VA":1595.64,"MADYPR_EXP":2603.77,"PAPYPR_VA":214.0,"PAPYPR_EXP":186.21,"PETREF_VA":0.5,"PETREF_EXP":0.24,"QUIMYP_VA":173.73,"QUIMYP_EXP":511.28,"FARMED_VA":204.26,"FARMED_EXP":240.98,"HUPLAS_VA":141.57,"HUPLAS_EXP":239.98,"PRNOMT_VA":324.59,"PRNOMT_EXP":265.48,"METBAS_VA":27.19,"METBAS_EXP":42.79,"NONFER_VA":5.37,"NONFER_EXP":34.55,"PRMETA_VA":430.26,"PRMETA_EXP":596.74,"ELCTRO_VA":279.49,"ELCTRO_EXP":444.54,"ELCTRI_VA":198.3,"ELCTRI_EXP":368.88,"MAQYEQ_VA":137.73,"MAQYEQ_EXP":326.88,"AUTOMO_VA":95.19,"AUTOMO_EXP":205.86,"OTRTRA_VA":52.05,"OTRTRA_EXP":69.41,"TRANSP_VA":42.26,"TRANSP_EXP":42.51,"OTRMAN_VA":481.57,"OTRMAN_EXP":435.39,"ELEGAS_VA":938.67,"ELEGAS_EXP":348.82,"AGUBAS_VA":315.6,"AGUBAS_EXP":8.12,"CONSTR_VA":2040.24,"CONSTR_EXP":89.36,"COMREV_VA":5267.82,"COMREV_EXP":2292.36,"TRATIE_VA":1833.58,"TRATIE_EXP":2202.45,"TRAGUA_VA":30.36,"TRAGUA_EXP":27.77,"TRAAIR_VA":-15.7,"TRAAIR_EXP":193.74,"ALMSTR_VA":758.26,"ALMSTR_EXP":814.19,"POSTME_VA":118.01,"POSTME_EXP":53.31,"HOTYRE_VA":433.22,"HOTYRE_EXP":498.57,"MMTVRA_VA":175.58,"MMTVRA_EXP":140.06,"TELECO_VA":551.76,"TELECO_EXP":323.94,"ITSERV_VA":1611.9,"ITSERV_EXP":890.89,"SERFIN_VA":1216.77,"SERFIN_EXP":275.28,"GOBEST_VA":2973.07,"GOBEST_EXP":41.09,"SPRSCT_VA":1810.32,"SPRSCT_EXP":610.1,"SEAEMP_VA":1036.16,"SEAEMP_EXP":199.38,"ADPDEF_VA":2895.3,"ADPDEF_EXP":3.6,"EDUCAC_VA":1729.51,"EDUCAC_EXP":12.97,"SALUDH_VA":2057.65,"SALUDH_EXP":7.18,"ESPARC_VA":551.67,"ESPARC_EXP":20.78,"OTRSER_VA":274.15,"OTRSER_EXP":8.4,"SERHOG_VA":61.38,"SERHOG_EXP":0.0}},{"type":"Feature","geometry":{"type":"Point","coordinates":[-7.09,31.79]},"properties":{"id":"MAR","name":"Marruecos","continent":"other","year":2021,"AGRPFO_VA":15100.65,"AGRPFO_EXP":2958.0,"FORLOG_VA":1882.02,"FORLOG_EXP":2.48,"PESCAC_VA":1121.83,"PESCAC_EXP":251.49,"MINCOL_VA":7.58,"MINCOL_EXP":0.35,"PETGAS_VA":20.88,"PETGAS_EXP":0.63,"MINORE_VA":853.57,"MINORE_EXP":380.21,"MINOTH_VA":1926.94,"MINOTH_EXP":972.15,"MINSER_VA":62.9,"MINSER_EXP":22.1,"ALYBEB_VA":5785.04,"ALYBEB_EXP":3450.76,"TEXYPR_VA":2678.73,"TEXYPR_EXP":3578.97,"MADYPR_VA":188.01,"MADYPR_EXP":76.39,"PAPYPR_VA":629.07,"PAPYPR_EXP":159.24,"PETREF_VA":14.34,"PETREF_EXP":0.06,"QUIMYP_VA":4833.49,"QUIMYP_EXP":6689.0,"FARMED_VA":746.65,"FARMED_EXP":301.09,"HUPLAS_VA":589.12,"HUPLAS_EXP":391.33,"PRNOMT_VA":1858.99,"PRNOMT_EXP":244.92,"METBAS_VA":243.1,"METBAS_EXP":109.96,"NONFER_VA":415.29,"NONFER_EXP":398.11,"PRMETA_VA":872.83,"PRMETA_EXP":273.07,"ELCTRO_VA":180.75,"ELCTRO_EXP":426.59,"ELCTRI_VA":1077.53,"ELCTRI_EXP":2217.62,"MAQYEQ_VA":319.77,"MAQYEQ_EXP":172.78,"AUTOMO_VA":1388.59,"AUTOMO_EXP":6296.84,"OTRTRA_VA":102.81,"OTRTRA_EXP":44.46,"TRANSP_VA":207.67,"TRANSP_EXP":288.62,"OTRMAN_VA":1169.05,"OTRMAN_EXP":872.77,"ELEGAS_VA":4990.51,"ELEGAS_EXP":30.63,"AGUBAS_VA":543.38,"AGUBAS_EXP":1.57,"CONSTR_VA":8715.58,"CONSTR_EXP":76.6,"COMREV_VA":11576.75,"COMREV_EXP":3143.61,"TRATIE_VA":2975.34,"TRATIE_EXP":1718.46,"TRAGUA_VA":72.43,"TRAGUA_EXP":206.33,"TRAAIR_VA":314.75,"TRAAIR_EXP":836.64,"ALMSTR_VA":1403.25,"ALMSTR_EXP":1266.08,"POSTME_VA":112.35,"POSTME_EXP":166.16,"HOTYRE_VA":3260.62,"HOTYRE_EXP":1204.85,"MMTVRA_VA":407.32,"MMTVRA_EXP":253.11,"TELECO_VA":2664.16,"TELECO_EXP":496.94,"ITSERV_VA":662.02,"ITSERV_EXP":793.67,"SERFIN_VA":6148.96,"SERFIN_EXP":295.54,"GOBEST_VA":4437.49,"GOBEST_EXP":259.5,"SPRSCT_VA":4204.92,"SPRSCT_EXP":2297.55,"SEAEMP_VA":4590.42,"SEAEMP_EXP":1593.81,"ADPDEF_VA":14223.36,"ADPDEF_EXP":453.47,"EDUCAC_VA":10206.6,"EDUCAC_EXP":211.24,"SALUDH_VA":4555.35,"SALUDH_EXP":54.43,"ESPARC_VA":445.82,"ESPARC_EXP":117.9,"OTRSER_VA":1089.7,"OTRSER_EXP":71.6,"SERHOG_VA":493.05,"SERHOG_EXP":0.0}},{"type":"Feature","geometry":{"type":"Point","coordinates":[-102.55,23.63]},"properties":{"id":"MEX","name":"México","continent":"america","year":2021,"AGRPFO_VA":46309.43,"AGRPFO_EXP":10110.65,"FORLOG_VA":1318.79,"FORLOG_EXP":105.85,"PESCAC_VA":824.4,"PESCAC_EXP":276.9,"MINCOL_VA":284.9,"MINCOL_EXP":1.17,"PETGAS_VA":25434.96,"PETGAS_EXP":23508.3,"MINORE_VA":12960.82,"MINORE_EXP":9821.28,"MINOTH_VA":5361.58,"MINOTH_EXP":565.82,"MINSER_VA":4397.27,"MINSER_EXP":10.97,"ALYBEB_VA":67250.28,"ALYBEB_EXP":20091.04,"TEXYPR_VA":7691.23,"TEXYPR_EXP":6290.33,"MADYPR_VA":2274.53,"MADYPR_EXP":466.9,"PAPYPR_VA":7125.3,"PAPYPR_EXP":1983.29,"PETREF_VA":9195.86,"PETREF_EXP":2763.46,"QUIMYP_VA":14510.96,"QUIMYP_EXP":10542.56,"FARMED_VA":5765.96,"FARMED_EXP":1415.3,"HUPLAS_VA":9068.03,"HUPLAS_EXP":11629.92,"PRNOMT_VA":9321.1,"PRNOMT_EXP":3842.94,"METBAS_VA":8621.31,"METBAS_EXP":6712.17,"NONFER_VA":9512.63,"NONFER_EXP":9071.71,"PRMETA_VA":10773.04,"PRMETA_EXP":10509.77,"ELCTRO_VA":22625.53,"ELCTRO_EXP":64491.33,"ELCTRI_VA":11052.2,"ELCTRI_EXP":29827.53,"MAQYEQ_VA":12069.44,"MAQYEQ_EXP":24093.38,"AUTOMO_VA":55084.03,"AUTOMO_EXP":126074.53,"OTRTRA_VA":196.04,"OTRTRA_EXP":473.66,"TRANSP_VA":3025.78,"TRANSP_EXP":5914.03,"OTRMAN_VA":10406.5,"OTRMAN_EXP":18004.1,"ELEGAS_VA":17108.13,"ELEGAS_EXP":455.1,"AGUBAS_VA":4341.32,"AGUBAS_EXP":0.59,"CONSTR_VA":73686.25,"CONSTR_EXP":149.26,"COMREV_VA":271424.87,"COMREV_EXP":64485.57,"TRATIE_VA":68892.4,"TRATIE_EXP":18784.33,"TRAGUA_VA":1954.38,"TRAGUA_EXP":1506.67,"TRAAIR_VA":3318.63,"TRAAIR_EXP":3470.52,"ALMSTR_VA":10623.27,"ALMSTR_EXP":4819.24,"POSTME_VA":1888.68,"POSTME_EXP":27.98,"HOTYRE_VA":24961.0,"HOTYRE_EXP":7574.39,"MMTVRA_VA":3821.48,"MMTVRA_EXP":580.69,"TELECO_VA":13725.98,"TELECO_EXP":628.13,"ITSERV_VA":1934.07,"ITSERV_EXP":145.09,"SERFIN_VA":46786.23,"SERFIN_EXP":5231.9,"GOBEST_VA":154658.17,"GOBEST_EXP":1379.0,"SPRSCT_VA":29355.86,"SPRSCT_EXP":497.48,"SEAEMP_VA":33837.16,"SEAEMP_EXP":590.46,"ADPDEF_VA":45978.46,"ADPDEF_EXP":0.17,"EDUCAC_VA":45853.79,"EDUCAC_EXP":471.72,"SALUDH_VA":33674.73,"SALUDH_EXP":317.73,"ESPARC_VA":4525.74,"ESPARC_EXP":780.32,"OTRSER_VA":13054.29,"OTRSER_EXP":437.12,"SERHOG_VA":5281.83,"SERHOG_EXP":0.0}},{"type":"Feature","geometry":{"type":"Point","coordinates":[14.38,35.94]},"properties":{"id":"MLT","name":"Malta","continent":"europe","year":2021,"AGRPFO_VA":60.53,"AGRPFO_EXP":16.19,"FORLOG_VA":0.0,"FORLOG_EXP":0.0,"PESCAC_VA":104.85,"PESCAC_EXP":187.65,"MINCOL_VA":0.0,"MINCOL_EXP":0.0,"PETGAS_VA":5.52,"PETGAS_EXP":7.07,"MINORE_VA":1.38,"MINORE_EXP":0.33,"MINOTH_VA":29.84,"MINOTH_EXP":0.3,"MINSER_VA":2.42,"MINSER_EXP":0.95,"ALYBEB_VA":174.89,"ALYBEB_EXP":174.31,"TEXYPR_VA":25.62,"TEXYPR_EXP":13.21,"MADYPR_VA":3.86,"MADYPR_EXP":0.96,"PAPYPR_VA":141.98,"PAPYPR_EXP":112.58,"PETREF_VA":0.78,"PETREF_EXP":0.45,"QUIMYP_VA":16.72,"QUIMYP_EXP":23.52,"FARMED_VA":96.33,"FARMED_EXP":154.64,"HUPLAS_VA":77.78,"HUPLAS_EXP":106.86,"PRNOMT_VA":117.33,"PRNOMT_EXP":4.2,"METBAS_VA":1.43,"METBAS_EXP":1.52,"NONFER_VA":1.13,"NONFER_EXP":1.73,"PRMETA_VA":66.1,"PRMETA_EXP":20.36,"ELCTRO_VA":158.39,"ELCTRO_EXP":230.82,"ELCTRI_VA":28.8,"ELCTRI_EXP":62.03,"MAQYEQ_VA":29.48,"MAQYEQ_EXP":31.64,"AUTOMO_VA":86.18,"AUTOMO_EXP":42.63,"OTRTRA_VA":16.62,"OTRTRA_EXP":41.21,"TRANSP_VA":33.89,"TRANSP_EXP":45.19,"OTRMAN_VA":273.15,"OTRMAN_EXP":330.07,"ELEGAS_VA":147.07,"ELEGAS_EXP":66.95,"AGUBAS_VA":112.36,"AGUBAS_EXP":1.75,"CONSTR_VA":868.62,"CONSTR_EXP":14.16,"COMREV_VA":1478.71,"COMREV_EXP":315.94,"TRATIE_VA":122.51,"TRATIE_EXP":76.34,"TRAGUA_VA":45.95,"TRAGUA_EXP":276.18,"TRAAIR_VA":163.01,"TRAAIR_EXP":2002.35,"ALMSTR_VA":426.92,"ALMSTR_EXP":599.83,"POSTME_VA":43.78,"POSTME_EXP":19.04,"HOTYRE_VA":435.41,"HOTYRE_EXP":432.55,"MMTVRA_VA":141.5,"MMTVRA_EXP":69.79,"TELECO_VA":292.99,"TELECO_EXP":76.01,"ITSERV_VA":1514.13,"ITSERV_EXP":825.97,"SERFIN_VA":1542.58,"SERFIN_EXP":3206.81,"GOBEST_VA":1247.71,"GOBEST_EXP":29.75,"SPRSCT_VA":1851.09,"SPRSCT_EXP":2330.37,"SEAEMP_VA":1333.21,"SEAEMP_EXP":896.04,"ADPDEF_VA":994.07,"ADPDEF_EXP":33.55,"EDUCAC_VA":859.39,"EDUCAC_EXP":30.91,"SALUDH_VA":1104.55,"SALUDH_EXP":7.89,"ESPARC_VA":2197.98,"ESPARC_EXP":8261.64,"OTRSER_VA":157.15,"OTRSER_EXP":10.57,"SERHOG_VA":15.44,"SERHOG_EXP":0.0}},{"type":"Feature","geometry":{"type":"Point","coordinates":[95.96,21.91]},"properties":{"id":"MMR","name":"Myanmar","continent":"asia","year":2021,"AGRPFO_VA":22961.35,"AGRPFO_EXP":3202.43,"FORLOG_VA":629.68,"FORLOG_EXP":21.73,"PESCAC_VA":4684.09,"PESCAC_EXP":281.24,"MINCOL_VA":4.08,"MINCOL_EXP":0.47,"PETGAS_VA":2069.23,"PETGAS_EXP":3179.23,"MINORE_VA":392.92,"MINORE_EXP":28.49,"MINOTH_VA":382.62,"MINOTH_EXP":309.56,"MINSER_VA":20.4,"MINSER_EXP":7.73,"ALYBEB_VA":3358.45,"ALYBEB_EXP":1434.15,"TEXYPR_VA":2561.13,"TEXYPR_EXP":4076.33,"MADYPR_VA":373.61,"MADYPR_EXP":107.07,"PAPYPR_VA":374.7,"PAPYPR_EXP":37.16,"PETREF_VA":628.5,"PETREF_EXP":116.79,"QUIMYP_VA":459.6,"QUIMYP_EXP":30.96,"FARMED_VA":268.01,"FARMED_EXP":4.67,"HUPLAS_VA":304.68,"HUPLAS_EXP":21.15,"PRNOMT_VA":503.77,"PRNOMT_EXP":11.78,"METBAS_VA":254.22,"METBAS_EXP":298.75,"NONFER_VA":222.9,"NONFER_EXP":129.93,"PRMETA_VA":416.02,"PRMETA_EXP":19.9,"ELCTRO_VA":383.65,"ELCTRO_EXP":61.33,"ELCTRI_VA":246.08,"ELCTRI_EXP":54.85,"MAQYEQ_VA":353.51,"MAQYEQ_EXP":64.15,"AUTOMO_VA":493.53,"AUTOMO_EXP":11.95,"OTRTRA_VA":56.56,"OTRTRA_EXP":41.22,"TRANSP_VA":67.19,"TRANSP_EXP":10.1,"OTRMAN_VA":699.12,"OTRMAN_EXP":99.4,"ELEGAS_VA":335.33,"ELEGAS_EXP":20.48,"AGUBAS_VA":76.98,"AGUBAS_EXP":1.64,"CONSTR_VA":2531.75,"CONSTR_EXP":19.72,"COMREV_VA":5648.47,"COMREV_EXP":1091.73,"TRATIE_VA":1475.34,"TRATIE_EXP":143.39,"TRAGUA_VA":538.96,"TRAGUA_EXP":247.4,"TRAAIR_VA":414.06,"TRAAIR_EXP":212.62,"ALMSTR_VA":494.12,"ALMSTR_EXP":190.81,"POSTME_VA":87.03,"POSTME_EXP":1.17,"HOTYRE_VA":1649.09,"HOTYRE_EXP":130.63,"MMTVRA_VA":309.27,"MMTVRA_EXP":28.15,"TELECO_VA":1286.92,"TELECO_EXP":30.91,"ITSERV_VA":211.01,"ITSERV_EXP":99.96,"SERFIN_VA":1503.13,"SERFIN_EXP":24.22,"GOBEST_VA":1931.92,"GOBEST_EXP":70.59,"SPRSCT_VA":1116.76,"SPRSCT_EXP":960.24,"SEAEMP_VA":730.2,"SEAEMP_EXP":568.35,"ADPDEF_VA":2165.33,"ADPDEF_EXP":4.7,"EDUCAC_VA":1310.98,"EDUCAC_EXP":9.38,"SALUDH_VA":1586.31,"SALUDH_EXP":6.36,"ESPARC_VA":269.54,"ESPARC_EXP":33.24,"OTRSER_VA":456.08,"OTRSER_EXP":10.19,"SERHOG_VA":0.0,"SERHOG_EXP":0.0}},{"type":"Feature","geometry":{"type":"Point","coordinates":[101.98,4.21]},"properties":{"id":"MYS","name":"Malasia","continent":"asia","year":2021,"AGRPFO_VA":27877.99,"AGRPFO_EXP":2807.27,"FORLOG_VA":1444.35,"FORLOG_EXP":211.07,"PESCAC_VA":2659.89,"PESCAC_EXP":199.69,"MINCOL_VA":11928.58,"MINCOL_EXP":414.18,"PETGAS_VA":13071.68,"PETGAS_EXP":13877.43,"MINORE_VA":404.8,"MINORE_EXP":833.45,"MINOTH_VA":1418.01,"MINOTH_EXP":189.1,"MINSER_VA":2470.25,"MINSER_EXP":47.67,"ALYBEB_VA":6886.35,"ALYBEB_EXP":24774.49,"TEXYPR_VA":1152.47,"TEXYPR_EXP":1687.33,"MADYPR_VA":1685.46,"MADYPR_EXP":1616.88,"PAPYPR_VA":2197.82,"PAPYPR_EXP":1828.85,"PETREF_VA":11947.6,"PETREF_EXP":4509.26,"QUIMYP_VA":6482.48,"QUIMYP_EXP":19465.91,"FARMED_VA":468.07,"FARMED_EXP":438.59,"HUPLAS_VA":6484.67,"HUPLAS_EXP":15884.24,"PRNOMT_VA":2195.34,"PRNOMT_EXP":3249.57,"METBAS_VA":1333.63,"METBAS_EXP":6275.89,"NONFER_VA":575.28,"NONFER_EXP":3888.15,"PRMETA_VA":3372.57,"PRMETA_EXP":3462.49,"ELCTRO_VA":18247.36,"ELCTRO_EXP":51312.57,"ELCTRI_VA":1861.67,"ELCTRI_EXP":6343.63,"MAQYEQ_VA":2344.17,"MAQYEQ_EXP":6477.34,"AUTOMO_VA":5335.15,"AUTOMO_EXP":1022.4,"OTRTRA_VA":590.94,"OTRTRA_EXP":287.71,"TRANSP_VA":695.46,"TRANSP_EXP":1496.42,"OTRMAN_VA":2399.74,"OTRMAN_EXP":5066.9,"ELEGAS_VA":6899.9,"ELEGAS_EXP":86.75,"AGUBAS_VA":2127.21,"AGUBAS_EXP":1.31,"CONSTR_VA":12190.14,"CONSTR_EXP":1.98,"COMREV_VA":78402.27,"COMREV_EXP":20884.5,"TRATIE_VA":3063.73,"TRATIE_EXP":2177.88,"TRAGUA_VA":1772.09,"TRAGUA_EXP":2340.51,"TRAAIR_VA":1648.28,"TRAAIR_EXP":2038.82,"ALMSTR_VA":4897.92,"ALMSTR_EXP":1238.36,"POSTME_VA":500.7,"POSTME_EXP":209.45,"HOTYRE_VA":8655.29,"HOTYRE_EXP":1111.94,"MMTVRA_VA":1843.18,"MMTVRA_EXP":379.16,"TELECO_VA":10153.89,"TELECO_EXP":665.25,"ITSERV_VA":4711.12,"ITSERV_EXP":1962.55,"SERFIN_VA":25954.72,"SERFIN_EXP":3169.69,"GOBEST_VA":12150.07,"GOBEST_EXP":364.88,"SPRSCT_VA":6647.69,"SPRSCT_EXP":4749.86,"SEAEMP_VA":3061.11,"SEAEMP_EXP":2684.02,"ADPDEF_VA":29169.02,"ADPDEF_EXP":5.72,"EDUCAC_VA":12853.41,"EDUCAC_EXP":61.08,"SALUDH_VA":3947.09,"SALUDH_EXP":40.93,"ESPARC_VA":2507.36,"ESPARC_EXP":387.19,"OTRSER_VA":703.07,"OTRSER_EXP":61.14,"SERHOG_VA":421.99,"SERHOG_EXP":0.0}},{"type":"Feature","geometry":{"type":"Point","coordinates":[8.68,9.08]},"properties":{"id":"NGA","name":"Nigeria","continent":"other","year":2021,"AGRPFO_VA":88897.36,"AGRPFO_EXP":1056.24,"FORLOG_VA":682.13,"FORLOG_EXP":62.96,"PESCAC_VA":5147.15,"PESCAC_EXP":1.07,"MINCOL_VA":35.84,"MINCOL_EXP":0.23,"PETGAS_VA":34418.9,"PETGAS_EXP":38631.34,"MINORE_VA":31.5,"MINORE_EXP":3.55,"MINOTH_VA":958.46,"MINOTH_EXP":20.09,"MINSER_VA":47.25,"MINSER_EXP":0.58,"ALYBEB_VA":25937.39,"ALYBEB_EXP":800.37,"TEXYPR_VA":5233.05,"TEXYPR_EXP":1157.52,"MADYPR_VA":1139.38,"MADYPR_EXP":86.63,"PAPYPR_VA":1094.81,"PAPYPR_EXP":2.56,"PETREF_VA":71.92,"PETREF_EXP":75.42,"QUIMYP_VA":832.6,"QUIMYP_EXP":110.38,"FARMED_VA":167.0,"FARMED_EXP":2.24,"HUPLAS_VA":1652.24,"HUPLAS_EXP":108.13,"PRNOMT_VA":17109.04,"PRNOMT_EXP":4.98,"METBAS_VA":126.46,"METBAS_EXP":1.53,"NONFER_VA":222.77,"NONFER_EXP":161.44,"PRMETA_VA":147.3,"PRMETA_EXP":12.05,"ELCTRO_VA":197.96,"ELCTRO_EXP":7.86,"ELCTRI_VA":40.52,"ELCTRI_EXP":1.02,"MAQYEQ_VA":179.38,"MAQYEQ_EXP":39.7,"AUTOMO_VA":2456.18,"AUTOMO_EXP":147.4,"OTRTRA_VA":237.57,"OTRTRA_EXP":13.73,"TRANSP_VA":3.9,"TRANSP_EXP":2.52,"OTRMAN_VA":1445.79,"OTRMAN_EXP":26.77,"ELEGAS_VA":3996.52,"ELEGAS_EXP":59.1,"AGUBAS_VA":709.9,"AGUBAS_EXP":0.13,"CONSTR_VA":39160.94,"CONSTR_EXP":0.01,"COMREV_VA":61249.39,"COMREV_EXP":1828.78,"TRATIE_VA":7019.07,"TRATIE_EXP":531.1,"TRAGUA_VA":400.02,"TRAGUA_EXP":46.94,"TRAAIR_VA":479.79,"TRAAIR_EXP":265.07,"ALMSTR_VA":1235.04,"ALMSTR_EXP":245.74,"POSTME_VA":55.8,"POSTME_EXP":42.89,"HOTYRE_VA":2609.83,"HOTYRE_EXP":121.87,"MMTVRA_VA":9052.18,"MMTVRA_EXP":22.24,"TELECO_VA":25696.39,"TELECO_EXP":37.93,"ITSERV_VA":9233.37,"ITSERV_EXP":27.51,"SERFIN_VA":13601.9,"SERFIN_EXP":288.3,"GOBEST_VA":26423.81,"GOBEST_EXP":32.74,"SPRSCT_VA":12633.09,"SPRSCT_EXP":25.32,"SEAEMP_VA":93.02,"SEAEMP_EXP":5.47,"ADPDEF_VA":6923.87,"ADPDEF_EXP":0.03,"EDUCAC_VA":6477.01,"EDUCAC_EXP":6.85,"SALUDH_VA":2797.88,"SALUDH_EXP":4.64,"ESPARC_VA":559.36,"ESPARC_EXP":11.86,"OTRSER_VA":8442.03,"OTRSER_EXP":6.83,"SERHOG_VA":2119.4,"SERHOG_EXP":0.0}},{"type":"Feature","geometry":{"type":"Point","coordinates":[5.29,52.13]},"properties":{"id":"NLD","name":"Países Bajos","continent":"europe","year":2021,"AGRPFO_VA":17896.14,"AGRPFO_EXP":14114.41,"FORLOG_VA":214.28,"FORLOG_EXP":210.37,"PESCAC_VA":414.34,"PESCAC_EXP":326.84,"MINCOL_VA":0.0,"MINCOL_EXP":0.0,"PETGAS_VA":17228.0,"PETGAS_EXP":9900.28,"MINORE_VA":0.0,"MINORE_EXP":0.0,"MINOTH_VA":755.7,"MINOTH_EXP":505.22,"MINSER_VA":527.12,"MINSER_EXP":1603.15,"ALYBEB_VA":20158.91,"ALYBEB_EXP":60159.64,"TEXYPR_VA":1705.08,"TEXYPR_EXP":2134.64,"MADYPR_VA":1645.0,"MADYPR_EXP":907.39,"PAPYPR_VA":3825.79,"PAPYPR_EXP":6707.86,"PETREF_VA":2351.45,"PETREF_EXP":25625.44,"QUIMYP_VA":14596.71,"QUIMYP_EXP":52029.37,"FARMED_VA":8895.98,"FARMED_EXP":14428.44,"HUPLAS_VA":4134.93,"HUPLAS_EXP":7419.76,"PRNOMT_VA":2941.22,"PRNOMT_EXP":2355.99,"METBAS_VA":2556.72,"METBAS_EXP":3113.36,"NONFER_VA":782.33,"NONFER_EXP":2579.94,"PRMETA_VA":9480.43,"PRMETA_EXP":9028.96,"ELCTRO_VA":6536.73,"ELCTRO_EXP":14188.19,"ELCTRI_VA":3984.01,"ELCTRI_EXP":9560.96,"MAQYEQ_VA":21862.71,"MAQYEQ_EXP":34856.86,"AUTOMO_VA":4268.1,"AUTOMO_EXP":11341.5,"OTRTRA_VA":1210.23,"OTRTRA_EXP":4546.24,"TRANSP_VA":815.94,"TRANSP_EXP":2714.21,"OTRMAN_VA":8561.22,"OTRMAN_EXP":9475.98,"ELEGAS_VA":11128.38,"ELEGAS_EXP":1990.61,"AGUBAS_VA":5575.58,"AGUBAS_EXP":2535.11,"CONSTR_VA":50132.98,"CONSTR_EXP":740.43,"COMREV_VA":138042.81,"COMREV_EXP":77851.58,"TRATIE_VA":15965.46,"TRATIE_EXP":11170.29,"TRAGUA_VA":4017.67,"TRAGUA_EXP":8390.98,"TRAAIR_VA":1848.38,"TRAAIR_EXP":4713.21,"ALMSTR_VA":16447.6,"ALMSTR_EXP":9231.25,"POSTME_VA":2914.9,"POSTME_EXP":4781.79,"HOTYRE_VA":12700.87,"HOTYRE_EXP":3073.04,"MMTVRA_VA":6736.84,"MMTVRA_EXP":4760.13,"TELECO_VA":9220.96,"TELECO_EXP":4652.71,"ITSERV_VA":29605.06,"ITSERV_EXP":19064.52,"SERFIN_VA":59162.5,"SERFIN_EXP":13424.81,"GOBEST_VA":59645.59,"GOBEST_EXP":762.37,"SPRSCT_VA":87401.79,"SPRSCT_EXP":42672.37,"SEAEMP_VA":65836.06,"SEAEMP_EXP":37262.58,"ADPDEF_VA":67935.94,"ADPDEF_EXP":3572.82,"EDUCAC_VA":45657.21,"EDUCAC_EXP":1101.06,"SALUDH_VA":83522.29,"SALUDH_EXP":357.2,"ESPARC_VA":7828.27,"ESPARC_EXP":1349.26,"OTRSER_VA":10648.53,"OTRSER_EXP":429.33,"SERHOG_VA":1127.0,"SERHOG_EXP":0.0}},{"type":"Feature","geometry":{"type":"Point","coordinates":[8.47,60.47]},"properties":{"id":"NOR","name":"Noruega","continent":"europe","year":2021,"AGRPFO_VA":1992.25,"AGRPFO_EXP":119.11,"FORLOG_VA":825.01,"FORLOG_EXP":195.78,"PESCAC_VA":5368.47,"PESCAC_EXP":5549.16,"MINCOL_VA":-3.1,"MINCOL_EXP":3.49,"PETGAS_VA":110099.07,"PETGAS_EXP":110872.51,"MINORE_VA":232.82,"MINORE_EXP":180.7,"MINOTH_VA":551.47,"MINOTH_EXP":425.91,"MINSER_VA":5136.18,"MINSER_EXP":1242.15,"ALYBEB_VA":6545.42,"ALYBEB_EXP":5139.05,"TEXYPR_VA":517.5,"TEXYPR_EXP":254.72,"MADYPR_VA":1683.33,"MADYPR_EXP":424.57,"PAPYPR_VA":796.62,"PAPYPR_EXP":576.29,"PETREF_VA":730.03,"PETREF_EXP":3803.5,"QUIMYP_VA":2433.74,"QUIMYP_EXP":2142.24,"FARMED_VA":1144.26,"FARMED_EXP":567.24,"HUPLAS_VA":615.44,"HUPLAS_EXP":446.91,"PRNOMT_VA":1423.33,"PRNOMT_EXP":335.33,"METBAS_VA":513.55,"METBAS_EXP":1378.77,"NONFER_VA":1357.59,"NONFER_EXP":5572.74,"PRMETA_VA":2599.1,"PRMETA_EXP":1283.77,"ELCTRO_VA":1578.64,"ELCTRO_EXP":1481.01,"ELCTRI_VA":940.72,"ELCTRI_EXP":1640.75,"MAQYEQ_VA":2365.88,"MAQYEQ_EXP":2129.35,"AUTOMO_VA":422.86,"AUTOMO_EXP":482.45,"OTRTRA_VA":1733.02,"OTRTRA_EXP":870.84,"TRANSP_VA":73.37,"TRANSP_EXP":122.38,"OTRMAN_VA":3364.51,"OTRMAN_EXP":2090.84,"ELEGAS_VA":13497.71,"ELEGAS_EXP":2547.57,"AGUBAS_VA":3265.37,"AGUBAS_EXP":16.38,"CONSTR_VA":27550.52,"CONSTR_EXP":43.69,"COMREV_VA":35726.73,"COMREV_EXP":8737.5,"TRATIE_VA":6905.76,"TRATIE_EXP":2600.01,"TRAGUA_VA":2990.65,"TRAGUA_EXP":14539.57,"TRAAIR_VA":214.38,"TRAAIR_EXP":726.27,"ALMSTR_VA":3379.38,"ALMSTR_EXP":1736.18,"POSTME_VA":1157.05,"POSTME_EXP":340.02,"HOTYRE_VA":4711.53,"HOTYRE_EXP":685.56,"MMTVRA_VA":4048.93,"MMTVRA_EXP":698.29,"TELECO_VA":4260.73,"TELECO_EXP":1206.98,"ITSERV_VA":10195.48,"ITSERV_EXP":2276.37,"SERFIN_VA":19909.0,"SERFIN_EXP":5863.39,"GOBEST_VA":29393.5,"GOBEST_EXP":122.48,"SPRSCT_VA":19989.21,"SPRSCT_EXP":5032.24,"SEAEMP_VA":10779.88,"SEAEMP_EXP":2904.05,"ADPDEF_VA":27987.12,"ADPDEF_EXP":22.42,"EDUCAC_VA":21005.25,"EDUCAC_EXP":93.39,"SALUDH_VA":45469.13,"SALUDH_EXP":28.09,"ESPARC_VA":3613.82,"ESPARC_EXP":256.85,"OTRSER_VA":4081.17,"OTRSER_EXP":40.09,"SERHOG_VA":33.22,"SERHOG_EXP":0.0}},{"type":"Feature","geometry":{"type":"Point","coordinates":[174.89,-40.9]},"properties":{"id":"NZL","name":"Nueva Zelanda","continent":"other","year":2021,"AGRPFO_VA":12060.83,"AGRPFO_EXP":4066.35,"FORLOG_VA":1235.97,"FORLOG_EXP":1904.15,"PESCAC_VA":2209.58,"PESCAC_EXP":1043.91,"MINCOL_VA":91.79,"MINCOL_EXP":152.97,"PETGAS_VA":1142.88,"PETGAS_EXP":487.96,"MINORE_VA":196.39,"MINORE_EXP":235.6,"MINOTH_VA":188.52,"MINOTH_EXP":19.89,"MINSER_VA":251.63,"MINSER_EXP":33.25,"ALYBEB_VA":8112.3,"ALYBEB_EXP":17890.84,"TEXYPR_VA":543.96,"TEXYPR_EXP":460.93,"MADYPR_VA":1523.5,"MADYPR_EXP":837.42,"PAPYPR_VA":1022.75,"PAPYPR_EXP":1028.38,"PETREF_VA":1417.14,"PETREF_EXP":241.48,"QUIMYP_VA":1111.9,"QUIMYP_EXP":673.69,"FARMED_VA":202.41,"FARMED_EXP":160.2,"HUPLAS_VA":978.3,"HUPLAS_EXP":410.49,"PRNOMT_VA":1039.19,"PRNOMT_EXP":144.13,"METBAS_VA":315.38,"METBAS_EXP":344.66,"NONFER_VA":729.75,"NONFER_EXP":1097.01,"PRMETA_VA":1915.65,"PRMETA_EXP":340.3,"ELCTRO_VA":624.41,"ELCTRO_EXP":254.47,"ELCTRI_VA":638.42,"ELCTRI_EXP":361.14,"MAQYEQ_VA":2501.64,"MAQYEQ_EXP":717.36,"AUTOMO_VA":309.2,"AUTOMO_EXP":85.47,"OTRTRA_VA":119.65,"OTRTRA_EXP":118.36,"TRANSP_VA":409.02,"TRANSP_EXP":20.82,"OTRMAN_VA":702.19,"OTRMAN_EXP":502.32,"ELEGAS_VA":4907.55,"ELEGAS_EXP":18.55,"AGUBAS_VA":2138.7,"AGUBAS_EXP":20.24,"CONSTR_VA":18545.28,"CONSTR_EXP":256.86,"COMREV_VA":26959.76,"COMREV_EXP":7670.79,"TRATIE_VA":3936.92,"TRATIE_EXP":505.35,"TRAGUA_VA":304.23,"TRAGUA_EXP":68.19,"TRAAIR_VA":2177.18,"TRAAIR_EXP":920.49,"ALMSTR_VA":2927.09,"ALMSTR_EXP":410.3,"POSTME_VA":743.46,"POSTME_EXP":142.13,"HOTYRE_VA":5043.74,"HOTYRE_EXP":975.22,"MMTVRA_VA":1637.47,"MMTVRA_EXP":469.32,"TELECO_VA":1964.85,"TELECO_EXP":359.64,"ITSERV_VA":2201.74,"ITSERV_EXP":989.09,"SERFIN_VA":14784.15,"SERFIN_EXP":839.28,"GOBEST_VA":20524.02,"GOBEST_EXP":820.15,"SPRSCT_VA":23578.62,"SPRSCT_EXP":1040.12,"SEAEMP_VA":4999.14,"SEAEMP_EXP":1357.03,"ADPDEF_VA":11373.62,"ADPDEF_EXP":73.29,"EDUCAC_VA":11404.91,"EDUCAC_EXP":242.85,"SALUDH_VA":17675.27,"SALUDH_EXP":63.95,"ESPARC_VA":3068.01,"ESPARC_EXP":448.31,"OTRSER_VA":5066.93,"OTRSER_EXP":50.92,"SERHOG_VA":666.43,"SERHOG_EXP":0.0}},{"type":"Feature","geometry":{"type":"Point","coordinates":[69.35,30.38]},"properties":{"id":"PAK","name":"Pakistán","continent":"asia","year":2021,"AGRPFO_VA":69750.95,"AGRPFO_EXP":936.4,"FORLOG_VA":1352.9,"FORLOG_EXP":2.91,"PESCAC_VA":1107.65,"PESCAC_EXP":35.85,"MINCOL_VA":244.27,"MINCOL_EXP":0.65,"PETGAS_VA":4785.16,"PETGAS_EXP":129.59,"MINORE_VA":223.3,"MINORE_EXP":86.46,"MINOTH_VA":329.71,"MINOTH_EXP":153.5,"MINSER_VA":307.34,"MINSER_EXP":10.67,"ALYBEB_VA":11010.37,"ALYBEB_EXP":3094.64,"TEXYPR_VA":15546.97,"TEXYPR_EXP":12001.92,"MADYPR_VA":1164.92,"MADYPR_EXP":47.05,"PAPYPR_VA":2483.76,"PAPYPR_EXP":65.03,"PETREF_VA":2975.23,"PETREF_EXP":108.13,"QUIMYP_VA":3067.39,"QUIMYP_EXP":749.17,"FARMED_VA":1097.17,"FARMED_EXP":222.21,"HUPLAS_VA":1379.08,"HUPLAS_EXP":136.51,"PRNOMT_VA":2966.21,"PRNOMT_EXP":298.41,"METBAS_VA":1271.62,"METBAS_EXP":122.81,"NONFER_VA":961.53,"NONFER_EXP":670.47,"PRMETA_VA":2172.76,"PRMETA_EXP":188.29,"ELCTRO_VA":1630.67,"ELCTRO_EXP":41.54,"ELCTRI_VA":1090.45,"ELCTRI_EXP":76.4,"MAQYEQ_VA":1800.7,"MAQYEQ_EXP":86.4,"AUTOMO_VA":2404.23,"AUTOMO_EXP":33.64,"OTRTRA_VA":328.65,"OTRTRA_EXP":0.37,"TRANSP_VA":358.32,"TRANSP_EXP":5.6,"OTRMAN_VA":1351.55,"OTRMAN_EXP":536.38,"ELEGAS_VA":5628.42,"ELEGAS_EXP":28.0,"AGUBAS_VA":1954.72,"AGUBAS_EXP":9.2,"CONSTR_VA":8138.12,"CONSTR_EXP":30.38,"COMREV_VA":31587.77,"COMREV_EXP":2964.32,"TRATIE_VA":9079.94,"TRATIE_EXP":307.17,"TRAGUA_VA":2669.85,"TRAGUA_EXP":449.38,"TRAAIR_VA":1659.58,"TRAAIR_EXP":355.18,"ALMSTR_VA":2544.67,"ALMSTR_EXP":129.03,"POSTME_VA":663.3,"POSTME_EXP":2.89,"HOTYRE_VA":8224.56,"HOTYRE_EXP":193.51,"MMTVRA_VA":2356.18,"MMTVRA_EXP":193.03,"TELECO_VA":6854.82,"TELECO_EXP":373.56,"ITSERV_VA":1660.17,"ITSERV_EXP":935.37,"SERFIN_VA":11119.56,"SERFIN_EXP":218.75,"GOBEST_VA":14267.24,"GOBEST_EXP":79.41,"SPRSCT_VA":8397.16,"SPRSCT_EXP":1397.28,"SEAEMP_VA":5582.05,"SEAEMP_EXP":677.0,"ADPDEF_VA":15011.37,"ADPDEF_EXP":13.14,"EDUCAC_VA":8603.25,"EDUCAC_EXP":16.61,"SALUDH_VA":12393.11,"SALUDH_EXP":12.84,"ESPARC_VA":2025.06,"ESPARC_EXP":209.97,"OTRSER_VA":3613.01,"OTRSER_EXP":27.26,"SERHOG_VA":1397.65,"SERHOG_EXP":0.0}},{"type":"Feature","geometry":{"type":"Point","coordinates":[-75.02,-9.19]},"properties":{"id":"PER","name":"Perú","continent":"america","year":2021,"AGRPFO_VA":13582.34,"AGRPFO_EXP":6538.57,"FORLOG_VA":303.93,"FORLOG_EXP":9.61,"PESCAC_VA":1663.65,"PESCAC_EXP":3.65,"MINCOL_VA":236.94,"MINCOL_EXP":30.5,"PETGAS_VA":3265.43,"PETGAS_EXP":1970.1,"MINORE_VA":25254.15,"MINORE_EXP":28813.26,"MINOTH_VA":1221.41,"MINOTH_EXP":272.08,"MINSER_VA":736.78,"MINSER_EXP":2.65,"ALYBEB_VA":6796.64,"ALYBEB_EXP":7473.91,"TEXYPR_VA":1813.01,"TEXYPR_EXP":1384.43,"MADYPR_VA":322.45,"MADYPR_EXP":126.63,"PAPYPR_VA":1312.25,"PAPYPR_EXP":179.4,"PETREF_VA":3107.38,"PETREF_EXP":1161.38,"QUIMYP_VA":1371.14,"QUIMYP_EXP":1249.06,"FARMED_VA":280.59,"FARMED_EXP":92.52,"HUPLAS_VA":1053.87,"HUPLAS_EXP":879.81,"PRNOMT_VA":1651.33,"PRNOMT_EXP":310.76,"METBAS_VA":562.8,"METBAS_EXP":180.97,"NONFER_VA":2637.97,"NONFER_EXP":5153.61,"PRMETA_VA":1457.14,"PRMETA_EXP":261.81,"ELCTRO_VA":61.82,"ELCTRO_EXP":29.18,"ELCTRI_VA":68.18,"ELCTRI_EXP":296.91,"MAQYEQ_VA":668.04,"MAQYEQ_EXP":182.4,"AUTOMO_VA":951.74,"AUTOMO_EXP":84.1,"OTRTRA_VA":37.46,"OTRTRA_EXP":5.24,"TRANSP_VA":301.05,"TRANSP_EXP":9.35,"OTRMAN_VA":3938.55,"OTRMAN_EXP":1288.0,"ELEGAS_VA":5134.03,"ELEGAS_EXP":10.43,"AGUBAS_VA":868.17,"AGUBAS_EXP":0.26,"CONSTR_VA":16641.55,"CONSTR_EXP":6.16,"COMREV_VA":22332.23,"COMREV_EXP":4420.15,"TRATIE_VA":8183.44,"TRATIE_EXP":702.66,"TRAGUA_VA":152.95,"TRAGUA_EXP":181.26,"TRAAIR_VA":300.52,"TRAAIR_EXP":282.53,"ALMSTR_VA":2860.72,"ALMSTR_EXP":244.27,"POSTME_VA":209.65,"POSTME_EXP":14.63,"HOTYRE_VA":6793.4,"HOTYRE_EXP":260.38,"MMTVRA_VA":836.67,"MMTVRA_EXP":78.57,"TELECO_VA":2800.87,"TELECO_EXP":74.47,"ITSERV_VA":440.67,"ITSERV_EXP":0.78,"SERFIN_VA":10027.38,"SERFIN_EXP":177.85,"GOBEST_VA":8052.41,"GOBEST_EXP":28.32,"SPRSCT_VA":6532.85,"SPRSCT_EXP":237.33,"SEAEMP_VA":4734.28,"SEAEMP_EXP":361.33,"ADPDEF_VA":10800.55,"ADPDEF_EXP":31.25,"EDUCAC_VA":11502.77,"EDUCAC_EXP":15.79,"SALUDH_VA":7752.7,"SALUDH_EXP":14.98,"ESPARC_VA":1423.75,"ESPARC_EXP":156.31,"OTRSER_VA":2305.35,"OTRSER_EXP":19.76,"SERHOG_VA":3737.46,"SERHOG_EXP":0.0}},{"type":"Feature","geometry":{"type":"Point","coordinates":[121.77,12.88]},"properties":{"id":"PHL","name":"Filipinas","continent":"asia","year":2021,"AGRPFO_VA":28147.97,"AGRPFO_EXP":2403.62,"FORLOG_VA":4088.64,"FORLOG_EXP":19.54,"PESCAC_VA":4864.07,"PESCAC_EXP":120.49,"MINCOL_VA":459.29,"MINCOL_EXP":559.32,"PETGAS_VA":668.49,"PETGAS_EXP":73.83,"MINORE_VA":1555.02,"MINORE_EXP":2125.51,"MINOTH_VA":858.85,"MINOTH_EXP":102.88,"MINSER_VA":29.8,"MINSER_EXP":57.08,"ALYBEB_VA":35437.0,"ALYBEB_EXP":4556.17,"TEXYPR_VA":2059.53,"TEXYPR_EXP":1466.95,"MADYPR_VA":564.22,"MADYPR_EXP":546.91,"PAPYPR_VA":1066.58,"PAPYPR_EXP":559.05,"PETREF_VA":1718.67,"PETREF_EXP":687.63,"QUIMYP_VA":7318.24,"QUIMYP_EXP":2445.87,"FARMED_VA":727.06,"FARMED_EXP":54.85,"HUPLAS_VA":767.5,"HUPLAS_EXP":1217.8,"PRNOMT_VA":1785.19,"PRNOMT_EXP":613.73,"METBAS_VA":698.09,"METBAS_EXP":222.53,"NONFER_VA":703.21,"NONFER_EXP":1996.64,"PRMETA_VA":561.22,"PRMETA_EXP":219.63,"ELCTRO_VA":6886.43,"ELCTRO_EXP":20915.94,"ELCTRI_VA":1056.21,"ELCTRI_EXP":2985.65,"MAQYEQ_VA":706.36,"MAQYEQ_EXP":902.18,"AUTOMO_VA":686.8,"AUTOMO_EXP":1239.93,"OTRTRA_VA":188.29,"OTRTRA_EXP":381.67,"TRANSP_VA":547.11,"TRANSP_EXP":341.88,"OTRMAN_VA":2293.89,"OTRMAN_EXP":1192.13,"ELEGAS_VA":10064.57,"ELEGAS_EXP":62.19,"AGUBAS_VA":2057.46,"AGUBAS_EXP":17.12,"CONSTR_VA":25965.59,"CONSTR_EXP":250.87,"COMREV_VA":66399.76,"COMREV_EXP":11149.14,"TRATIE_VA":6951.38,"TRATIE_EXP":2107.55,"TRAGUA_VA":737.83,"TRAGUA_EXP":1356.1,"TRAAIR_VA":590.42,"TRAAIR_EXP":1572.11,"ALMSTR_VA":3458.98,"ALMSTR_EXP":3587.89,"POSTME_VA":638.43,"POSTME_EXP":86.38,"HOTYRE_VA":5466.7,"HOTYRE_EXP":283.07,"MMTVRA_VA":1032.21,"MMTVRA_EXP":695.88,"TELECO_VA":11145.01,"TELECO_EXP":4330.55,"ITSERV_VA":3191.63,"ITSERV_EXP":4516.64,"SERFIN_VA":36726.13,"SERFIN_EXP":2224.99,"GOBEST_VA":23571.19,"GOBEST_EXP":402.17,"SPRSCT_VA":5685.13,"SPRSCT_EXP":6355.2,"SEAEMP_VA":15275.37,"SEAEMP_EXP":9038.22,"ADPDEF_VA":19522.94,"ADPDEF_EXP":82.08,"EDUCAC_VA":14886.99,"EDUCAC_EXP":45.69,"SALUDH_VA":7147.44,"SALUDH_EXP":17.34,"ESPARC_VA":4671.53,"ESPARC_EXP":758.93,"OTRSER_VA":3940.33,"OTRSER_EXP":60.48,"SERHOG_VA":0.0,"SERHOG_EXP":0.0}},{"type":"Feature","geometry":{"type":"Point","coordinates":[19.15,51.92]},"properties":{"id":"POL","name":"Polonia","continent":"europe","year":2021,"AGRPFO_VA":13804.83,"AGRPFO_EXP":4503.87,"FORLOG_VA":2232.66,"FORLOG_EXP":78.18,"PESCAC_VA":126.12,"PESCAC_EXP":35.53,"MINCOL_VA":4480.36,"MINCOL_EXP":793.02,"PETGAS_VA":79.36,"PETGAS_EXP":68.45,"MINORE_VA":3985.19,"MINORE_EXP":2221.44,"MINOTH_VA":993.09,"MINOTH_EXP":185.21,"MINSER_VA":301.34,"MINSER_EXP":192.77,"ALYBEB_VA":17684.86,"ALYBEB_EXP":26742.14,"TEXYPR_VA":3786.04,"TEXYPR_EXP":6746.09,"MADYPR_VA":5575.3,"MADYPR_EXP":4067.42,"PAPYPR_VA":6449.44,"PAPYPR_EXP":6697.52,"PETREF_VA":5100.8,"PETREF_EXP":5391.31,"QUIMYP_VA":6012.59,"QUIMYP_EXP":15277.23,"FARMED_VA":2128.99,"FARMED_EXP":2244.06,"HUPLAS_VA":10437.36,"HUPLAS_EXP":15885.46,"PRNOMT_VA":7051.09,"PRNOMT_EXP":5366.52,"METBAS_VA":3067.17,"METBAS_EXP":7714.37,"NONFER_VA":1057.24,"NONFER_EXP":4147.91,"PRMETA_VA":15602.46,"PRMETA_EXP":14669.8,"ELCTRO_VA":3230.68,"ELCTRO_EXP":10373.85,"ELCTRI_VA":6685.22,"ELCTRI_EXP":17800.75,"MAQYEQ_VA":5873.2,"MAQYEQ_EXP":12067.16,"AUTOMO_VA":10104.49,"AUTOMO_EXP":28756.76,"OTRTRA_VA":556.48,"OTRTRA_EXP":1566.51,"TRANSP_VA":1774.27,"TRANSP_EXP":4619.91,"OTRMAN_VA":14100.31,"OTRMAN_EXP":16423.56,"ELEGAS_VA":17771.03,"ELEGAS_EXP":813.22,"AGUBAS_VA":8354.91,"AGUBAS_EXP":270.78,"CONSTR_VA":43780.65,"CONSTR_EXP":915.64,"COMREV_VA":98404.28,"COMREV_EXP":44629.07,"TRATIE_VA":27059.26,"TRATIE_EXP":20072.4,"TRAGUA_VA":354.54,"TRAGUA_EXP":443.42,"TRAAIR_VA":653.71,"TRAAIR_EXP":3049.53,"ALMSTR_VA":10846.17,"ALMSTR_EXP":6787.79,"POSTME_VA":4411.9,"POSTME_EXP":627.92,"HOTYRE_VA":8189.18,"HOTYRE_EXP":1148.6,"MMTVRA_VA":5659.19,"MMTVRA_EXP":2759.23,"TELECO_VA":6556.54,"TELECO_EXP":2255.97,"ITSERV_VA":17941.13,"ITSERV_EXP":10409.26,"SERFIN_VA":23303.06,"SERFIN_EXP":3414.93,"GOBEST_VA":32477.57,"GOBEST_EXP":3703.49,"SPRSCT_VA":34696.49,"SPRSCT_EXP":20756.05,"SEAEMP_VA":19280.57,"SEAEMP_EXP":3143.58,"ADPDEF_VA":33382.73,"ADPDEF_EXP":22.22,"EDUCAC_VA":28629.98,"EDUCAC_EXP":834.6,"SALUDH_VA":33797.96,"SALUDH_EXP":645.98,"ESPARC_VA":4743.65,"ESPARC_EXP":683.35,"OTRSER_VA":5535.54,"OTRSER_EXP":391.99,"SERHOG_VA":68.67,"SERHOG_EXP":0.0}},{"type":"Feature","geometry":{"type":"Point","coordinates":[-8.22,39.4]},"properties":{"id":"PRT","name":"Portugal","continent":"europe","year":2021,"AGRPFO_VA":4245.47,"AGRPFO_EXP":1500.91,"FORLOG_VA":1135.75,"FORLOG_EXP":97.19,"PESCAC_VA":541.9,"PESCAC_EXP":218.38,"MINCOL_VA":0.0,"MINCOL_EXP":0.0,"PETGAS_VA":0.0,"PETGAS_EXP":0.0,"MINORE_VA":361.7,"MINORE_EXP":614.59,"MINOTH_VA":574.56,"MINOTH_EXP":210.4,"MINSER_VA":20.79,"MINSER_EXP":47.2,"ALYBEB_VA":5764.92,"ALYBEB_EXP":5354.1,"TEXYPR_VA":5048.07,"TEXYPR_EXP":6079.15,"MADYPR_VA":1430.65,"MADYPR_EXP":1788.93,"PAPYPR_VA":1896.81,"PAPYPR_EXP":2868.57,"PETREF_VA":324.5,"PETREF_EXP":2994.81,"QUIMYP_VA":1523.68,"QUIMYP_EXP":3990.87,"FARMED_VA":960.86,"FARMED_EXP":1270.33,"HUPLAS_VA":1991.69,"HUPLAS_EXP":3468.61,"PRNOMT_VA":2366.91,"PRNOMT_EXP":1954.32,"METBAS_VA":708.37,"METBAS_EXP":812.64,"NONFER_VA":211.56,"NONFER_EXP":967.34,"PRMETA_VA":3439.64,"PRMETA_EXP":3447.3,"ELCTRO_VA":652.55,"ELCTRO_EXP":2742.21,"ELCTRI_VA":947.97,"ELCTRI_EXP":2278.32,"MAQYEQ_VA":1250.85,"MAQYEQ_EXP":2383.69,"AUTOMO_VA":2572.3,"AUTOMO_EXP":9130.95,"OTRTRA_VA":95.18,"OTRTRA_EXP":94.37,"TRANSP_VA":268.73,"TRANSP_EXP":546.86,"OTRMAN_VA":3060.72,"OTRMAN_EXP":3125.32,"ELEGAS_VA":4101.32,"ELEGAS_EXP":276.67,"AGUBAS_VA":2433.51,"AGUBAS_EXP":25.94,"CONSTR_VA":10933.73,"CONSTR_EXP":67.37,"COMREV_VA":29741.17,"COMREV_EXP":11373.42,"TRATIE_VA":5181.72,"TRATIE_EXP":3548.27,"TRAGUA_VA":237.3,"TRAGUA_EXP":474.49,"TRAAIR_VA":365.38,"TRAAIR_EXP":2941.06,"ALMSTR_VA":3984.12,"ALMSTR_EXP":2344.03,"POSTME_VA":624.48,"POSTME_EXP":307.08,"HOTYRE_VA":9733.07,"HOTYRE_EXP":5138.53,"MMTVRA_VA":1541.6,"MMTVRA_EXP":469.73,"TELECO_VA":3146.18,"TELECO_EXP":722.64,"ITSERV_VA":5801.0,"ITSERV_EXP":3052.22,"SERFIN_VA":11604.2,"SERFIN_EXP":1170.37,"GOBEST_VA":29086.47,"GOBEST_EXP":601.69,"SPRSCT_VA":10923.69,"SPRSCT_EXP":3354.4,"SEAEMP_VA":9287.51,"SEAEMP_EXP":2409.95,"ADPDEF_VA":16189.36,"ADPDEF_EXP":213.78,"EDUCAC_VA":12573.19,"EDUCAC_EXP":414.06,"SALUDH_VA":16690.61,"SALUDH_EXP":209.73,"ESPARC_VA":1858.07,"ESPARC_EXP":388.65,"OTRSER_VA":2743.26,"OTRSER_EXP":214.81,"SERHOG_VA":1220.17,"SERHOG_EXP":0.0}},{"type":"Feature","geometry":{"type":"Point","coordinates":[24.97,45.94]},"properties":{"id":"ROU","name":"Rumania","continent":"europe","year":2021,"AGRPFO_VA":11000.99,"AGRPFO_EXP":5103.04,"FORLOG_VA":1973.44,"FORLOG_EXP":53.37,"PESCAC_VA":223.8,"PESCAC_EXP":15.19,"MINCOL_VA":1.16,"MINCOL_EXP":1.66,"PETGAS_VA":1144.51,"PETGAS_EXP":145.78,"MINORE_VA":59.7,"MINORE_EXP":36.44,"MINOTH_VA":435.56,"MINOTH_EXP":28.28,"MINSER_VA":232.79,"MINSER_EXP":118.81,"ALYBEB_VA":9627.68,"ALYBEB_EXP":2159.03,"TEXYPR_VA":3349.16,"TEXYPR_EXP":2282.08,"MADYPR_VA":1785.43,"MADYPR_EXP":1435.09,"PAPYPR_VA":981.3,"PAPYPR_EXP":418.22,"PETREF_VA":2488.17,"PETREF_EXP":1201.69,"QUIMYP_VA":1422.34,"QUIMYP_EXP":1738.84,"FARMED_VA":365.1,"FARMED_EXP":211.12,"HUPLAS_VA":2860.57,"HUPLAS_EXP":2361.73,"PRNOMT_VA":2007.42,"PRNOMT_EXP":528.12,"METBAS_VA":1515.29,"METBAS_EXP":2850.5,"NONFER_VA":733.31,"NONFER_EXP":1114.58,"PRMETA_VA":2798.53,"PRMETA_EXP":1770.44,"ELCTRO_VA":1246.01,"ELCTRO_EXP":2233.98,"ELCTRI_VA":2868.16,"ELCTRI_EXP":6213.05,"MAQYEQ_VA":2451.88,"MAQYEQ_EXP":4392.06,"AUTOMO_VA":5115.91,"AUTOMO_EXP":15974.58,"OTRTRA_VA":482.03,"OTRTRA_EXP":439.22,"TRANSP_VA":613.45,"TRANSP_EXP":668.07,"OTRMAN_VA":3408.3,"OTRMAN_EXP":3031.79,"ELEGAS_VA":7313.42,"ELEGAS_EXP":102.79,"AGUBAS_VA":2768.13,"AGUBAS_EXP":0.24,"CONSTR_VA":18895.96,"CONSTR_EXP":0.44,"COMREV_VA":37225.06,"COMREV_EXP":12557.09,"TRATIE_VA":13743.28,"TRATIE_EXP":13155.09,"TRAGUA_VA":422.01,"TRAGUA_EXP":311.65,"TRAAIR_VA":365.85,"TRAAIR_EXP":578.83,"ALMSTR_VA":3468.38,"ALMSTR_EXP":1609.74,"POSTME_VA":963.25,"POSTME_EXP":269.64,"HOTYRE_VA":3558.15,"HOTYRE_EXP":629.13,"MMTVRA_VA":2342.19,"MMTVRA_EXP":913.48,"TELECO_VA":3115.02,"TELECO_EXP":1266.46,"ITSERV_VA":12798.84,"ITSERV_EXP":6119.44,"SERFIN_VA":7989.14,"SERFIN_EXP":212.23,"GOBEST_VA":21868.08,"GOBEST_EXP":74.97,"SPRSCT_VA":13421.47,"SPRSCT_EXP":8040.43,"SEAEMP_VA":6997.46,"SEAEMP_EXP":449.39,"ADPDEF_VA":15329.92,"ADPDEF_EXP":0.54,"EDUCAC_VA":8450.23,"EDUCAC_EXP":37.88,"SALUDH_VA":13737.6,"SALUDH_EXP":36.47,"ESPARC_VA":4018.98,"ESPARC_EXP":247.8,"OTRSER_VA":3351.58,"OTRSER_EXP":34.85,"SERHOG_VA":2989.1,"SERHOG_EXP":0.0}},{"type":"Feature","geometry":{"type":"Point","coordinates":[105.32,61.52]},"properties":{"id":"RUS","name":"Rusia","continent":"europe","year":2021,"AGRPFO_VA":61637.28,"AGRPFO_EXP":11211.65,"FORLOG_VA":2865.8,"FORLOG_EXP":1346.97,"PESCAC_VA":5763.36,"PESCAC_EXP":2465.7,"MINCOL_VA":7541.73,"MINCOL_EXP":8956.81,"PETGAS_VA":128643.48,"PETGAS_EXP":92116.81,"MINORE_VA":5823.72,"MINORE_EXP":4016.83,"MINOTH_VA":8793.2,"MINOTH_EXP":8127.22,"MINSER_VA":11381.2,"MINSER_EXP":1576.92,"ALYBEB_VA":36549.97,"ALYBEB_EXP":15560.51,"TEXYPR_VA":4688.79,"TEXYPR_EXP":1996.81,"MADYPR_VA":5352.45,"MADYPR_EXP":8803.11,"PAPYPR_VA":7424.13,"PAPYPR_EXP":4395.63,"PETREF_VA":36216.68,"PETREF_EXP":76239.39,"QUIMYP_VA":17869.36,"QUIMYP_EXP":23341.98,"FARMED_VA":6669.06,"FARMED_EXP":1019.57,"HUPLAS_VA":5310.17,"HUPLAS_EXP":3209.22,"PRNOMT_VA":10048.95,"PRNOMT_EXP":3014.59,"METBAS_VA":18733.28,"METBAS_EXP":26372.0,"NONFER_VA":26923.55,"NONFER_EXP":27695.61,"PRMETA_VA":14830.54,"PRMETA_EXP":7740.53,"ELCTRO_VA":10536.5,"ELCTRO_EXP":4351.76,"ELCTRI_VA":4491.59,"ELCTRI_EXP":3350.54,"MAQYEQ_VA":7826.03,"MAQYEQ_EXP":4482.53,"AUTOMO_VA":9192.34,"AUTOMO_EXP":3703.92,"OTRTRA_VA":4073.49,"OTRTRA_EXP":1264.95,"TRANSP_VA":10574.38,"TRANSP_EXP":3771.19,"OTRMAN_VA":14761.18,"OTRMAN_EXP":2897.74,"ELEGAS_VA":44791.14,"ELEGAS_EXP":1586.4,"AGUBAS_VA":8736.66,"AGUBAS_EXP":99.71,"CONSTR_VA":98506.19,"CONSTR_EXP":690.64,"COMREV_VA":222526.1,"COMREV_EXP":78917.48,"TRATIE_VA":70856.94,"TRATIE_EXP":15210.65,"TRAGUA_VA":2164.65,"TRAGUA_EXP":2967.04,"TRAAIR_VA":3694.33,"TRAAIR_EXP":12599.62,"ALMSTR_VA":32501.03,"ALMSTR_EXP":15627.73,"POSTME_VA":3287.3,"POSTME_EXP":915.36,"HOTYRE_VA":13135.71,"HOTYRE_EXP":1417.6,"MMTVRA_VA":5529.55,"MMTVRA_EXP":1667.77,"TELECO_VA":17077.37,"TELECO_EXP":1405.89,"ITSERV_VA":24583.39,"ITSERV_EXP":7620.35,"SERFIN_VA":81542.08,"SERFIN_EXP":2597.6,"GOBEST_VA":165725.3,"GOBEST_EXP":542.05,"SPRSCT_VA":76093.55,"SPRSCT_EXP":13252.95,"SEAEMP_VA":34459.78,"SEAEMP_EXP":2683.55,"ADPDEF_VA":141049.27,"ADPDEF_EXP":8.19,"EDUCAC_VA":57142.28,"EDUCAC_EXP":90.51,"SALUDH_VA":67622.09,"SALUDH_EXP":65.35,"ESPARC_VA":16055.33,"ESPARC_EXP":277.53,"OTRSER_VA":10249.95,"OTRSER_EXP":217.73,"SERHOG_VA":6896.16,"SERHOG_EXP":0.0}},{"type":"Feature","geometry":{"type":"Point","coordinates":[45.08,23.89]},"properties":{"id":"SAU","name":"Arabia Saudita","continent":"other","year":2021,"AGRPFO_VA":19426.13,"AGRPFO_EXP":472.27,"FORLOG_VA":26.98,"FORLOG_EXP":1.24,"PESCAC_VA":1439.29,"PESCAC_EXP":10.53,"MINCOL_VA":0.0,"MINCOL_EXP":0.0,"PETGAS_VA":191333.88,"PETGAS_EXP":144394.71,"MINORE_VA":888.62,"MINORE_EXP":913.98,"MINOTH_VA":1853.01,"MINOTH_EXP":91.61,"MINSER_VA":740.28,"MINSER_EXP":95.27,"ALYBEB_VA":12862.62,"ALYBEB_EXP":2248.89,"TEXYPR_VA":3392.02,"TEXYPR_EXP":433.41,"MADYPR_VA":932.17,"MADYPR_EXP":34.67,"PAPYPR_VA":3884.7,"PAPYPR_EXP":976.49,"PETREF_VA":32245.31,"PETREF_EXP":42208.49,"QUIMYP_VA":26984.93,"QUIMYP_EXP":31930.12,"FARMED_VA":538.98,"FARMED_EXP":227.56,"HUPLAS_VA":2838.34,"HUPLAS_EXP":958.93,"PRNOMT_VA":4968.38,"PRNOMT_EXP":615.49,"METBAS_VA":895.1,"METBAS_EXP":1231.64,"NONFER_VA":589.04,"NONFER_EXP":2967.28,"PRMETA_VA":4559.17,"PRMETA_EXP":748.27,"ELCTRO_VA":133.39,"ELCTRO_EXP":17.53,"ELCTRI_VA":2886.02,"ELCTRI_EXP":649.34,"MAQYEQ_VA":1623.75,"MAQYEQ_EXP":1146.09,"AUTOMO_VA":792.02,"AUTOMO_EXP":17.38,"OTRTRA_VA":32.27,"OTRTRA_EXP":27.46,"TRANSP_VA":52.57,"TRANSP_EXP":3.51,"OTRMAN_VA":3711.54,"OTRMAN_EXP":604.91,"ELEGAS_VA":9376.72,"ELEGAS_EXP":0.2,"AGUBAS_VA":2527.8,"AGUBAS_EXP":5.46,"CONSTR_VA":42721.21,"CONSTR_EXP":142.55,"COMREV_VA":65662.7,"COMREV_EXP":30258.1,"TRATIE_VA":8155.09,"TRATIE_EXP":3768.92,"TRAGUA_VA":764.81,"TRAGUA_EXP":530.84,"TRAAIR_VA":2885.48,"TRAAIR_EXP":2795.04,"ALMSTR_VA":7041.47,"ALMSTR_EXP":2938.14,"POSTME_VA":870.75,"POSTME_EXP":43.99,"HOTYRE_VA":14156.61,"HOTYRE_EXP":2027.17,"MMTVRA_VA":1641.96,"MMTVRA_EXP":237.18,"TELECO_VA":17701.22,"TELECO_EXP":370.69,"ITSERV_VA":4566.78,"ITSERV_EXP":14.5,"SERFIN_VA":27774.64,"SERFIN_EXP":1222.44,"GOBEST_VA":28994.4,"GOBEST_EXP":292.24,"SPRSCT_VA":5514.14,"SPRSCT_EXP":151.98,"SEAEMP_VA":8419.7,"SEAEMP_EXP":107.23,"ADPDEF_VA":139867.1,"ADPDEF_EXP":2.29,"EDUCAC_VA":45293.51,"EDUCAC_EXP":214.99,"SALUDH_VA":28565.86,"SALUDH_EXP":149.63,"ESPARC_VA":2207.22,"ESPARC_EXP":157.36,"OTRSER_VA":5698.0,"OTRSER_EXP":105.17,"SERHOG_VA":7272.29,"SERHOG_EXP":0.0}},{"type":"Feature","geometry":{"type":"Point","coordinates":[-14.45,14.5]},"properties":{"id":"SEN","name":"Senegal","continent":"other","year":2021,"AGRPFO_VA":3711.96,"AGRPFO_EXP":468.79,"FORLOG_VA":104.75,"FORLOG_EXP":1.06,"PESCAC_VA":326.55,"PESCAC_EXP":60.16,"MINCOL_VA":20.28,"MINCOL_EXP":3.28,"PETGAS_VA":36.33,"PETGAS_EXP":0.27,"MINORE_VA":714.61,"MINORE_EXP":301.91,"MINOTH_VA":431.93,"MINOTH_EXP":69.24,"MINSER_VA":41.94,"MINSER_EXP":2.51,"ALYBEB_VA":1908.96,"ALYBEB_EXP":1141.58,"TEXYPR_VA":536.87,"TEXYPR_EXP":151.54,"MADYPR_VA":149.15,"MADYPR_EXP":8.58,"PAPYPR_VA":143.32,"PAPYPR_EXP":11.84,"PETREF_VA":97.93,"PETREF_EXP":453.05,"QUIMYP_VA":399.81,"QUIMYP_EXP":604.68,"FARMED_VA":21.53,"FARMED_EXP":10.78,"HUPLAS_VA":126.91,"HUPLAS_EXP":34.31,"PRNOMT_VA":155.28,"PRNOMT_EXP":165.97,"METBAS_VA":173.35,"METBAS_EXP":162.06,"NONFER_VA":9.77,"NONFER_EXP":71.55,"PRMETA_VA":190.0,"PRMETA_EXP":10.8,"ELCTRO_VA":2.35,"ELCTRO_EXP":1.25,"ELCTRI_VA":51.72,"ELCTRI_EXP":19.27,"MAQYEQ_VA":6.33,"MAQYEQ_EXP":15.79,"AUTOMO_VA":3.23,"AUTOMO_EXP":3.7,"OTRTRA_VA":26.66,"OTRTRA_EXP":5.98,"TRANSP_VA":67.3,"TRANSP_EXP":2.67,"OTRMAN_VA":185.22,"OTRMAN_EXP":60.41,"ELEGAS_VA":328.12,"ELEGAS_EXP":15.82,"AGUBAS_VA":216.29,"AGUBAS_EXP":0.43,"CONSTR_VA":826.52,"CONSTR_EXP":0.88,"COMREV_VA":3333.71,"COMREV_EXP":567.73,"TRATIE_VA":533.56,"TRATIE_EXP":116.0,"TRAGUA_VA":19.83,"TRAGUA_EXP":7.71,"TRAAIR_VA":78.35,"TRAAIR_EXP":30.02,"ALMSTR_VA":332.5,"ALMSTR_EXP":88.7,"POSTME_VA":8.87,"POSTME_EXP":1.27,"HOTYRE_VA":289.0,"HOTYRE_EXP":110.57,"MMTVRA_VA":122.07,"MMTVRA_EXP":23.15,"TELECO_VA":677.53,"TELECO_EXP":134.77,"ITSERV_VA":125.16,"ITSERV_EXP":24.94,"SERFIN_VA":657.67,"SERFIN_EXP":70.57,"GOBEST_VA":2220.18,"GOBEST_EXP":31.93,"SPRSCT_VA":1761.43,"SPRSCT_EXP":413.76,"SEAEMP_VA":634.14,"SEAEMP_EXP":83.78,"ADPDEF_VA":1609.39,"ADPDEF_EXP":5.72,"EDUCAC_VA":1277.76,"EDUCAC_EXP":7.61,"SALUDH_VA":409.43,"SALUDH_EXP":6.47,"ESPARC_VA":93.91,"ESPARC_EXP":11.01,"OTRSER_VA":260.35,"OTRSER_EXP":6.07,"SERHOG_VA":141.97,"SERHOG_EXP":0.0}},{"type":"Feature","geometry":{"type":"Point","coordinates":[103.82,1.35]},"properties":{"id":"SGP","name":"Singapur","continent":"asia","year":2021,"AGRPFO_VA":43.24,"AGRPFO_EXP":69.68,"FORLOG_VA":0.0,"FORLOG_EXP":0.0,"PESCAC_VA":22.07,"PESCAC_EXP":7.58,"MINCOL_VA":0.0,"MINCOL_EXP":0.0,"PETGAS_VA":0.0,"PETGAS_EXP":0.0,"MINORE_VA":0.0,"MINORE_EXP":0.0,"MINOTH_VA":0.0,"MINOTH_EXP":0.0,"MINSER_VA":0.0,"MINSER_EXP":0.0,"ALYBEB_VA":3571.73,"ALYBEB_EXP":5869.74,"TEXYPR_VA":97.28,"TEXYPR_EXP":445.13,"MADYPR_VA":95.85,"MADYPR_EXP":44.78,"PAPYPR_VA":609.65,"PAPYPR_EXP":827.57,"PETREF_VA":3044.07,"PETREF_EXP":13875.39,"QUIMYP_VA":9994.37,"QUIMYP_EXP":29822.88,"FARMED_VA":5881.33,"FARMED_EXP":9710.97,"HUPLAS_VA":686.42,"HUPLAS_EXP":718.13,"PRNOMT_VA":295.67,"PRNOMT_EXP":592.63,"METBAS_VA":240.67,"METBAS_EXP":566.98,"NONFER_VA":671.83,"NONFER_EXP":1185.69,"PRMETA_VA":1279.21,"PRMETA_EXP":2227.96,"ELCTRO_VA":45317.89,"ELCTRO_EXP":102470.47,"ELCTRI_VA":873.45,"ELCTRI_EXP":2428.45,"MAQYEQ_VA":8097.11,"MAQYEQ_EXP":19887.98,"AUTOMO_VA":147.56,"AUTOMO_EXP":889.14,"OTRTRA_VA":940.83,"OTRTRA_EXP":4259.68,"TRANSP_VA":3435.13,"TRANSP_EXP":5515.94,"OTRMAN_VA":5423.8,"OTRMAN_EXP":9851.85,"ELEGAS_VA":4394.79,"ELEGAS_EXP":330.34,"AGUBAS_VA":1664.23,"AGUBAS_EXP":26.81,"CONSTR_VA":12321.93,"CONSTR_EXP":167.07,"COMREV_VA":82951.54,"COMREV_EXP":78745.07,"TRATIE_VA":3086.58,"TRATIE_EXP":1292.63,"TRAGUA_VA":24576.16,"TRAGUA_EXP":97687.71,"TRAAIR_VA":549.57,"TRAAIR_EXP":3347.04,"ALMSTR_VA":9088.35,"ALMSTR_EXP":12946.24,"POSTME_VA":922.04,"POSTME_EXP":726.11,"HOTYRE_VA":4847.66,"HOTYRE_EXP":1067.79,"MMTVRA_VA":7078.17,"MMTVRA_EXP":15053.29,"TELECO_VA":3135.25,"TELECO_EXP":3453.08,"ITSERV_VA":12568.48,"ITSERV_EXP":55780.65,"SERFIN_VA":52234.39,"SERFIN_EXP":56279.85,"GOBEST_VA":24778.3,"GOBEST_EXP":1192.05,"SPRSCT_VA":28244.75,"SPRSCT_EXP":19998.66,"SEAEMP_VA":15608.73,"SEAEMP_EXP":8499.25,"ADPDEF_VA":10738.7,"ADPDEF_EXP":374.67,"EDUCAC_VA":10759.8,"EDUCAC_EXP":621.93,"SALUDH_VA":11844.5,"SALUDH_EXP":272.73,"ESPARC_VA":2382.03,"ESPARC_EXP":393.35,"OTRSER_VA":2058.12,"OTRSER_EXP":154.38,"SERHOG_VA":2090.12,"SERHOG_EXP":0.0}},{"type":"Feature","geometry":{"type":"Point","coordinates":[6.61,0.19]},"properties":{"id":"STP","name":"S. Tomé y Príncipe","continent":"other","year":2021,"AGRPFO_VA":28.55,"AGRPFO_EXP":9.93,"FORLOG_VA":0.15,"FORLOG_EXP":0.03,"PESCAC_VA":39.37,"PESCAC_EXP":0.18,"MINCOL_VA":0.04,"MINCOL_EXP":0.0,"PETGAS_VA":0.65,"PETGAS_EXP":0.06,"MINORE_VA":0.02,"MINORE_EXP":0.01,"MINOTH_VA":0.39,"MINOTH_EXP":0.05,"MINSER_VA":0.23,"MINSER_EXP":0.04,"ALYBEB_VA":11.07,"ALYBEB_EXP":5.73,"TEXYPR_VA":0.04,"TEXYPR_EXP":0.21,"MADYPR_VA":0.03,"MADYPR_EXP":0.0,"PAPYPR_VA":0.04,"PAPYPR_EXP":0.01,"PETREF_VA":0.2,"PETREF_EXP":0.05,"QUIMYP_VA":0.09,"QUIMYP_EXP":0.02,"FARMED_VA":0.06,"FARMED_EXP":0.03,"HUPLAS_VA":0.06,"HUPLAS_EXP":0.01,"PRNOMT_VA":0.25,"PRNOMT_EXP":0.02,"METBAS_VA":0.0,"METBAS_EXP":0.0,"NONFER_VA":0.0,"NONFER_EXP":0.0,"PRMETA_VA":0.04,"PRMETA_EXP":0.0,"ELCTRO_VA":0.01,"ELCTRO_EXP":0.03,"ELCTRI_VA":0.01,"ELCTRI_EXP":0.01,"MAQYEQ_VA":0.01,"MAQYEQ_EXP":0.0,"AUTOMO_VA":0.02,"AUTOMO_EXP":0.0,"OTRTRA_VA":0.0,"OTRTRA_EXP":0.0,"TRANSP_VA":0.0,"TRANSP_EXP":0.0,"OTRMAN_VA":0.08,"OTRMAN_EXP":0.07,"ELEGAS_VA":6.9,"ELEGAS_EXP":0.12,"AGUBAS_VA":5.33,"AGUBAS_EXP":0.23,"CONSTR_VA":17.4,"CONSTR_EXP":0.32,"COMREV_VA":92.21,"COMREV_EXP":8.11,"TRATIE_VA":32.06,"TRATIE_EXP":2.74,"TRAGUA_VA":0.68,"TRAGUA_EXP":0.48,"TRAAIR_VA":4.12,"TRAAIR_EXP":1.57,"ALMSTR_VA":22.38,"ALMSTR_EXP":3.07,"POSTME_VA":7.12,"POSTME_EXP":0.13,"HOTYRE_VA":56.47,"HOTYRE_EXP":10.67,"MMTVRA_VA":5.31,"MMTVRA_EXP":1.15,"TELECO_VA":9.43,"TELECO_EXP":1.96,"ITSERV_VA":8.68,"ITSERV_EXP":5.3,"SERFIN_VA":49.17,"SERFIN_EXP":17.1,"GOBEST_VA":2.4,"GOBEST_EXP":0.94,"SPRSCT_VA":1.95,"SPRSCT_EXP":1.68,"SEAEMP_VA":2.04,"SEAEMP_EXP":1.07,"ADPDEF_VA":53.13,"ADPDEF_EXP":0.23,"EDUCAC_VA":18.63,"EDUCAC_EXP":0.66,"SALUDH_VA":11.81,"SALUDH_EXP":0.48,"ESPARC_VA":10.8,"ESPARC_EXP":2.15,"OTRSER_VA":12.81,"OTRSER_EXP":0.76,"SERHOG_VA":9.12,"SERHOG_EXP":0.0}},{"type":"Feature","geometry":{"type":"Point","coordinates":[19.7,48.67]},"properties":{"id":"SVK","name":"Eslovaquia","continent":"europe","year":2021,"AGRPFO_VA":1461.17,"AGRPFO_EXP":1311.08,"FORLOG_VA":820.35,"FORLOG_EXP":205.12,"PESCAC_VA":4.73,"PESCAC_EXP":2.44,"MINCOL_VA":60.32,"MINCOL_EXP":20.02,"PETGAS_VA":0.33,"PETGAS_EXP":0.06,"MINORE_VA":11.87,"MINORE_EXP":11.04,"MINOTH_VA":102.66,"MINOTH_EXP":122.62,"MINSER_VA":112.46,"MINSER_EXP":2.39,"ALYBEB_VA":1666.8,"ALYBEB_EXP":1823.95,"TEXYPR_VA":682.64,"TEXYPR_EXP":1225.04,"MADYPR_VA":674.39,"MADYPR_EXP":663.43,"PAPYPR_VA":561.78,"PAPYPR_EXP":1367.62,"PETREF_VA":1075.95,"PETREF_EXP":2015.64,"QUIMYP_VA":521.16,"QUIMYP_EXP":1851.96,"FARMED_VA":107.35,"FARMED_EXP":182.93,"HUPLAS_VA":1740.29,"HUPLAS_EXP":4019.14,"PRNOMT_VA":927.02,"PRNOMT_EXP":1071.68,"METBAS_VA":1715.73,"METBAS_EXP":2302.65,"NONFER_VA":288.71,"NONFER_EXP":687.61,"PRMETA_VA":2629.64,"PRMETA_EXP":4309.03,"ELCTRO_VA":721.91,"ELCTRO_EXP":3499.63,"ELCTRI_VA":1352.14,"ELCTRI_EXP":3763.8,"MAQYEQ_VA":2092.45,"MAQYEQ_EXP":5685.23,"AUTOMO_VA":5633.85,"AUTOMO_EXP":30995.3,"OTRTRA_VA":1.69,"OTRTRA_EXP":0.61,"TRANSP_VA":211.97,"TRANSP_EXP":248.5,"OTRMAN_VA":1337.83,"OTRMAN_EXP":1550.69,"ELEGAS_VA":3064.0,"ELEGAS_EXP":703.74,"AGUBAS_VA":1129.25,"AGUBAS_EXP":50.23,"CONSTR_VA":8604.12,"CONSTR_EXP":358.73,"COMREV_VA":12820.99,"COMREV_EXP":6543.95,"TRATIE_VA":4139.56,"TRATIE_EXP":3180.68,"TRAGUA_VA":119.99,"TRAGUA_EXP":22.6,"TRAAIR_VA":94.17,"TRAAIR_EXP":111.77,"ALMSTR_VA":2612.77,"ALMSTR_EXP":1119.56,"POSTME_VA":483.08,"POSTME_EXP":165.57,"HOTYRE_VA":1533.9,"HOTYRE_EXP":411.58,"MMTVRA_VA":571.45,"MMTVRA_EXP":282.32,"TELECO_VA":1411.4,"TELECO_EXP":523.14,"ITSERV_VA":3387.19,"ITSERV_EXP":1727.09,"SERFIN_VA":3492.99,"SERFIN_EXP":403.62,"GOBEST_VA":11546.18,"GOBEST_EXP":210.12,"SPRSCT_VA":6233.75,"SPRSCT_EXP":2884.51,"SEAEMP_VA":3397.33,"SEAEMP_EXP":837.23,"ADPDEF_VA":8513.53,"ADPDEF_EXP":34.79,"EDUCAC_VA":4354.27,"EDUCAC_EXP":131.38,"SALUDH_VA":5172.6,"SALUDH_EXP":78.92,"ESPARC_VA":2452.35,"ESPARC_EXP":106.7,"OTRSER_VA":1094.76,"OTRSER_EXP":93.52,"SERHOG_VA":53.71,"SERHOG_EXP":0.0}},{"type":"Feature","geometry":{"type":"Point","coordinates":[14.99,46.15]},"properties":{"id":"SVN","name":"Eslovenia","continent":"europe","year":2021,"AGRPFO_VA":593.29,"AGRPFO_EXP":468.79,"FORLOG_VA":401.2,"FORLOG_EXP":148.4,"PESCAC_VA":6.72,"PESCAC_EXP":6.95,"MINCOL_VA":179.4,"MINCOL_EXP":5.18,"PETGAS_VA":0.0,"PETGAS_EXP":0.0,"MINORE_VA":5.15,"MINORE_EXP":8.55,"MINOTH_VA":72.83,"MINOTH_EXP":57.04,"MINSER_VA":0.6,"MINSER_EXP":1.26,"ALYBEB_VA":901.83,"ALYBEB_EXP":918.71,"TEXYPR_VA":316.17,"TEXYPR_EXP":569.0,"MADYPR_VA":434.63,"MADYPR_EXP":766.79,"PAPYPR_VA":440.5,"PAPYPR_EXP":847.87,"PETREF_VA":0.27,"PETREF_EXP":0.06,"QUIMYP_VA":596.42,"QUIMYP_EXP":1667.49,"FARMED_VA":1599.69,"FARMED_EXP":2555.87,"HUPLAS_VA":984.31,"HUPLAS_EXP":1829.23,"PRNOMT_VA":482.65,"PRNOMT_EXP":671.25,"METBAS_VA":225.11,"METBAS_EXP":779.98,"NONFER_VA":330.72,"NONFER_EXP":829.44,"PRMETA_VA":1788.22,"PRMETA_EXP":2168.73,"ELCTRO_VA":488.21,"ELCTRO_EXP":982.36,"ELCTRI_VA":1308.28,"ELCTRI_EXP":3585.93,"MAQYEQ_VA":1037.87,"MAQYEQ_EXP":2341.84,"AUTOMO_VA":987.62,"AUTOMO_EXP":3483.63,"OTRTRA_VA":16.84,"OTRTRA_EXP":45.4,"TRANSP_VA":44.29,"TRANSP_EXP":67.45,"OTRMAN_VA":982.27,"OTRMAN_EXP":562.46,"ELEGAS_VA":1100.22,"ELEGAS_EXP":884.96,"AGUBAS_VA":600.95,"AGUBAS_EXP":89.12,"CONSTR_VA":3412.22,"CONSTR_EXP":231.07,"COMREV_VA":6785.77,"COMREV_EXP":3840.51,"TRATIE_VA":2116.47,"TRATIE_EXP":2578.88,"TRAGUA_VA":59.61,"TRAGUA_EXP":68.88,"TRAAIR_VA":34.22,"TRAAIR_EXP":54.18,"ALMSTR_VA":1254.63,"ALMSTR_EXP":1108.95,"POSTME_VA":272.38,"POSTME_EXP":41.78,"HOTYRE_VA":1051.44,"HOTYRE_EXP":779.11,"MMTVRA_VA":363.21,"MMTVRA_EXP":302.75,"TELECO_VA":647.34,"TELECO_EXP":437.16,"ITSERV_VA":1438.55,"ITSERV_EXP":438.24,"SERFIN_VA":2320.18,"SERFIN_EXP":370.47,"GOBEST_VA":3931.26,"GOBEST_EXP":174.88,"SPRSCT_VA":3934.99,"SPRSCT_EXP":1353.87,"SEAEMP_VA":1480.26,"SEAEMP_EXP":804.67,"ADPDEF_VA":3466.91,"ADPDEF_EXP":48.45,"EDUCAC_VA":3192.7,"EDUCAC_EXP":106.97,"SALUDH_VA":3509.98,"SALUDH_EXP":52.62,"ESPARC_VA":597.99,"ESPARC_EXP":102.34,"OTRSER_VA":559.38,"OTRSER_EXP":64.43,"SERHOG_VA":41.65,"SERHOG_EXP":0.0}},{"type":"Feature","geometry":{"type":"Point","coordinates":[18.64,60.13]},"properties":{"id":"SWE","name":"Suecia","continent":"europe","year":2021,"AGRPFO_VA":4159.22,"AGRPFO_EXP":856.84,"FORLOG_VA":3288.57,"FORLOG_EXP":384.62,"PESCAC_VA":128.87,"PESCAC_EXP":196.97,"MINCOL_VA":117.78,"MINCOL_EXP":10.73,"PETGAS_VA":35.29,"PETGAS_EXP":1.12,"MINORE_VA":5910.92,"MINORE_EXP":5289.2,"MINOTH_VA":545.04,"MINOTH_EXP":96.73,"MINSER_VA":244.3,"MINSER_EXP":202.46,"ALYBEB_VA":6241.51,"ALYBEB_EXP":5115.64,"TEXYPR_VA":604.33,"TEXYPR_EXP":1013.08,"MADYPR_VA":5240.55,"MADYPR_EXP":4904.16,"PAPYPR_VA":6663.34,"PAPYPR_EXP":10994.55,"PETREF_VA":1203.1,"PETREF_EXP":7430.62,"QUIMYP_VA":4088.44,"QUIMYP_EXP":6983.43,"FARMED_VA":7048.53,"FARMED_EXP":10346.5,"HUPLAS_VA":2255.68,"HUPLAS_EXP":3640.11,"PRNOMT_VA":2200.13,"PRNOMT_EXP":1059.88,"METBAS_VA":3857.72,"METBAS_EXP":7373.94,"NONFER_VA":1151.47,"NONFER_EXP":4120.27,"PRMETA_VA":7786.54,"PRMETA_EXP":4924.13,"ELCTRO_VA":3609.38,"ELCTRO_EXP":4751.75,"ELCTRI_VA":2678.39,"ELCTRI_EXP":4766.64,"MAQYEQ_VA":13431.34,"MAQYEQ_EXP":16783.52,"AUTOMO_VA":15074.28,"AUTOMO_EXP":26457.56,"OTRTRA_VA":652.52,"OTRTRA_EXP":369.93,"TRANSP_VA":3071.2,"TRANSP_EXP":1003.14,"OTRMAN_VA":4703.89,"OTRMAN_EXP":3762.85,"ELEGAS_VA":14369.59,"ELEGAS_EXP":6682.88,"AGUBAS_VA":3883.76,"AGUBAS_EXP":178.02,"CONSTR_VA":38336.28,"CONSTR_EXP":929.21,"COMREV_VA":68168.63,"COMREV_EXP":31384.08,"TRATIE_VA":13633.2,"TRATIE_EXP":4014.43,"TRAGUA_VA":986.08,"TRAGUA_EXP":1027.21,"TRAAIR_VA":277.64,"TRAAIR_EXP":1703.87,"ALMSTR_VA":10741.39,"ALMSTR_EXP":6775.71,"POSTME_VA":4036.7,"POSTME_EXP":561.09,"HOTYRE_VA":7586.68,"HOTYRE_EXP":3504.83,"MMTVRA_VA":9054.69,"MMTVRA_EXP":6164.66,"TELECO_VA":7182.09,"TELECO_EXP":3142.07,"ITSERV_VA":30883.7,"ITSERV_EXP":15041.22,"SERFIN_VA":24479.21,"SERFIN_EXP":6228.03,"GOBEST_VA":48375.44,"GOBEST_EXP":1070.07,"SPRSCT_VA":45370.17,"SPRSCT_EXP":19007.33,"SEAEMP_VA":19397.72,"SEAEMP_EXP":7493.15,"ADPDEF_VA":27482.47,"ADPDEF_EXP":327.01,"EDUCAC_VA":32711.2,"EDUCAC_EXP":386.62,"SALUDH_VA":60847.31,"SALUDH_EXP":467.16,"ESPARC_VA":7316.34,"ESPARC_EXP":882.26,"OTRSER_VA":8275.85,"OTRSER_EXP":305.77,"SERHOG_VA":328.34,"SERHOG_EXP":0.0}},{"type":"Feature","geometry":{"type":"Point","coordinates":[100.99,15.87]},"properties":{"id":"THA","name":"Tailandia","continent":"asia","year":2021,"AGRPFO_VA":34469.41,"AGRPFO_EXP":11794.15,"FORLOG_VA":363.76,"FORLOG_EXP":41.44,"PESCAC_VA":3516.83,"PESCAC_EXP":125.9,"MINCOL_VA":299.48,"MINCOL_EXP":4.82,"PETGAS_VA":7509.39,"PETGAS_EXP":51.57,"MINORE_VA":75.17,"MINORE_EXP":110.25,"MINOTH_VA":2019.3,"MINOTH_EXP":348.43,"MINSER_VA":1968.45,"MINSER_EXP":67.66,"ALYBEB_VA":27682.65,"ALYBEB_EXP":24971.8,"TEXYPR_VA":6378.87,"TEXYPR_EXP":7187.29,"MADYPR_VA":1549.35,"MADYPR_EXP":1987.68,"PAPYPR_VA":2181.5,"PAPYPR_EXP":1774.59,"PETREF_VA":12574.91,"PETREF_EXP":7647.96,"QUIMYP_VA":12060.8,"QUIMYP_EXP":21622.17,"FARMED_VA":1619.85,"FARMED_EXP":472.87,"HUPLAS_VA":8571.66,"HUPLAS_EXP":14892.36,"PRNOMT_VA":4865.4,"PRNOMT_EXP":2596.04,"METBAS_VA":2037.31,"METBAS_EXP":1642.65,"NONFER_VA":1182.34,"NONFER_EXP":3294.7,"PRMETA_VA":4187.54,"PRMETA_EXP":6221.86,"ELCTRO_VA":13102.01,"ELCTRO_EXP":43574.75,"ELCTRI_VA":6398.64,"ELCTRI_EXP":12648.77,"MAQYEQ_VA":5599.67,"MAQYEQ_EXP":13407.32,"AUTOMO_VA":10025.86,"AUTOMO_EXP":29453.43,"OTRTRA_VA":1038.01,"OTRTRA_EXP":1228.35,"TRANSP_VA":1226.87,"TRANSP_EXP":3003.27,"OTRMAN_VA":7148.78,"OTRMAN_EXP":12844.6,"ELEGAS_VA":11145.52,"ELEGAS_EXP":273.74,"AGUBAS_VA":1996.79,"AGUBAS_EXP":0.32,"CONSTR_VA":12543.28,"CONSTR_EXP":0.45,"COMREV_VA":93064.12,"COMREV_EXP":30839.28,"TRATIE_VA":9703.27,"TRATIE_EXP":5151.17,"TRAGUA_VA":3876.72,"TRAGUA_EXP":4251.15,"TRAAIR_VA":1366.12,"TRAAIR_EXP":5375.43,"ALMSTR_VA":3863.8,"ALMSTR_EXP":429.2,"POSTME_VA":2234.97,"POSTME_EXP":418.26,"HOTYRE_VA":14888.39,"HOTYRE_EXP":739.0,"MMTVRA_VA":1346.93,"MMTVRA_EXP":231.42,"TELECO_VA":7515.47,"TELECO_EXP":1644.89,"ITSERV_VA":3577.03,"ITSERV_EXP":629.2,"SERFIN_VA":36193.79,"SERFIN_EXP":1427.95,"GOBEST_VA":13813.7,"GOBEST_EXP":1555.6,"SPRSCT_VA":7468.87,"SPRSCT_EXP":1216.3,"SEAEMP_VA":5578.64,"SEAEMP_EXP":3588.34,"ADPDEF_VA":28416.54,"ADPDEF_EXP":0.45,"EDUCAC_VA":19160.23,"EDUCAC_EXP":0.51,"SALUDH_VA":13124.12,"SALUDH_EXP":108.83,"ESPARC_VA":2943.11,"ESPARC_EXP":52.45,"OTRSER_VA":5295.61,"OTRSER_EXP":239.72,"SERHOG_VA":765.89,"SERHOG_EXP":0.0}},{"type":"Feature","geometry":{"type":"Point","coordinates":[9.54,33.89]},"properties":{"id":"TUN","name":"Túnez","continent":"other","year":2021,"AGRPFO_VA":3360.36,"AGRPFO_EXP":403.11,"FORLOG_VA":478.78,"FORLOG_EXP":4.55,"PESCAC_VA":713.88,"PESCAC_EXP":87.88,"MINCOL_VA":406.72,"MINCOL_EXP":0.19,"PETGAS_VA":1286.61,"PETGAS_EXP":1467.43,"MINORE_VA":5.77,"MINORE_EXP":1.24,"MINOTH_VA":227.73,"MINOTH_EXP":77.47,"MINSER_VA":97.4,"MINSER_EXP":2.21,"ALYBEB_VA":1307.36,"ALYBEB_EXP":1528.49,"TEXYPR_VA":1664.98,"TEXYPR_EXP":2547.28,"MADYPR_VA":177.7,"MADYPR_EXP":45.95,"PAPYPR_VA":224.05,"PAPYPR_EXP":225.25,"PETREF_VA":56.88,"PETREF_EXP":454.27,"QUIMYP_VA":335.92,"QUIMYP_EXP":846.89,"FARMED_VA":218.16,"FARMED_EXP":91.04,"HUPLAS_VA":124.67,"HUPLAS_EXP":260.19,"PRNOMT_VA":603.55,"PRNOMT_EXP":214.97,"METBAS_VA":91.04,"METBAS_EXP":260.22,"NONFER_VA":65.21,"NONFER_EXP":176.77,"PRMETA_VA":586.67,"PRMETA_EXP":641.63,"ELCTRO_VA":281.75,"ELCTRO_EXP":674.39,"ELCTRI_VA":867.45,"ELCTRI_EXP":1969.18,"MAQYEQ_VA":442.68,"MAQYEQ_EXP":311.1,"AUTOMO_VA":404.75,"AUTOMO_EXP":930.81,"OTRTRA_VA":22.68,"OTRTRA_EXP":52.62,"TRANSP_VA":57.27,"TRANSP_EXP":115.97,"OTRMAN_VA":293.47,"OTRMAN_EXP":277.33,"ELEGAS_VA":555.07,"ELEGAS_EXP":9.98,"AGUBAS_VA":183.64,"AGUBAS_EXP":0.7,"CONSTR_VA":1982.24,"CONSTR_EXP":13.46,"COMREV_VA":4112.56,"COMREV_EXP":1472.47,"TRATIE_VA":1949.62,"TRATIE_EXP":576.65,"TRAGUA_VA":134.39,"TRAGUA_EXP":150.68,"TRAAIR_VA":191.36,"TRAAIR_EXP":299.25,"ALMSTR_VA":1032.47,"ALMSTR_EXP":335.34,"POSTME_VA":406.91,"POSTME_EXP":45.77,"HOTYRE_VA":2014.91,"HOTYRE_EXP":369.38,"MMTVRA_VA":198.52,"MMTVRA_EXP":41.65,"TELECO_VA":1295.22,"TELECO_EXP":215.79,"ITSERV_VA":596.77,"ITSERV_EXP":124.42,"SERFIN_VA":1929.58,"SERFIN_EXP":200.17,"GOBEST_VA":1828.97,"GOBEST_EXP":62.83,"SPRSCT_VA":1326.22,"SPRSCT_EXP":376.56,"SEAEMP_VA":984.7,"SEAEMP_EXP":119.65,"ADPDEF_VA":5278.19,"ADPDEF_EXP":0.13,"EDUCAC_VA":3051.77,"EDUCAC_EXP":21.57,"SALUDH_VA":96.53,"SALUDH_EXP":14.39,"ESPARC_VA":68.24,"ESPARC_EXP":44.32,"OTRSER_VA":92.88,"OTRSER_EXP":19.13,"SERHOG_VA":155.78,"SERHOG_EXP":0.0}},{"type":"Feature","geometry":{"type":"Point","coordinates":[35.24,38.96]},"properties":{"id":"TUR","name":"Turquía","continent":"europe","year":2021,"AGRPFO_VA":45791.12,"AGRPFO_EXP":9015.49,"FORLOG_VA":2186.18,"FORLOG_EXP":21.44,"PESCAC_VA":1574.56,"PESCAC_EXP":512.23,"MINCOL_VA":2474.97,"MINCOL_EXP":10.99,"PETGAS_VA":1363.12,"PETGAS_EXP":68.84,"MINORE_VA":3696.5,"MINORE_EXP":4370.64,"MINOTH_VA":2092.35,"MINOTH_EXP":1566.47,"MINSER_VA":426.58,"MINSER_EXP":3.68,"ALYBEB_VA":19714.42,"ALYBEB_EXP":14186.95,"TEXYPR_VA":28663.21,"TEXYPR_EXP":25607.75,"MADYPR_VA":2343.93,"MADYPR_EXP":1122.76,"PAPYPR_VA":5251.89,"PAPYPR_EXP":2916.69,"PETREF_VA":3970.34,"PETREF_EXP":4424.31,"QUIMYP_VA":10894.32,"QUIMYP_EXP":9487.06,"FARMED_VA":2559.05,"FARMED_EXP":1336.64,"HUPLAS_VA":9391.75,"HUPLAS_EXP":8154.11,"PRNOMT_VA":11028.16,"PRNOMT_EXP":5265.07,"METBAS_VA":7198.13,"METBAS_EXP":16036.2,"NONFER_VA":2089.34,"NONFER_EXP":5978.07,"PRMETA_VA":10872.07,"PRMETA_EXP":9236.22,"ELCTRO_VA":1767.54,"ELCTRO_EXP":2385.44,"ELCTRI_VA":5569.84,"ELCTRI_EXP":11822.45,"MAQYEQ_VA":6881.38,"MAQYEQ_EXP":10702.21,"AUTOMO_VA":7953.29,"AUTOMO_EXP":22452.42,"OTRTRA_VA":507.63,"OTRTRA_EXP":974.14,"TRANSP_VA":1272.91,"TRANSP_EXP":1188.56,"OTRMAN_VA":12069.84,"OTRMAN_EXP":7285.54,"ELEGAS_VA":14913.81,"ELEGAS_EXP":125.1,"AGUBAS_VA":7717.62,"AGUBAS_EXP":32.47,"CONSTR_VA":48492.36,"CONSTR_EXP":969.48,"COMREV_VA":114707.67,"COMREV_EXP":32392.85,"TRATIE_VA":53541.53,"TRATIE_EXP":10899.09,"TRAGUA_VA":5808.07,"TRAGUA_EXP":3781.59,"TRAAIR_VA":5067.47,"TRAAIR_EXP":8792.36,"ALMSTR_VA":15820.83,"ALMSTR_EXP":4038.0,"POSTME_VA":2497.53,"POSTME_EXP":423.01,"HOTYRE_VA":23044.73,"HOTYRE_EXP":9564.83,"MMTVRA_VA":3542.39,"MMTVRA_EXP":465.7,"TELECO_VA":6580.05,"TELECO_EXP":1188.51,"ITSERV_VA":14753.33,"ITSERV_EXP":2759.87,"SERFIN_VA":25422.16,"SERFIN_EXP":5100.06,"GOBEST_VA":61953.6,"GOBEST_EXP":1688.95,"SPRSCT_VA":19190.52,"SPRSCT_EXP":2151.98,"SEAEMP_VA":20830.33,"SEAEMP_EXP":6143.29,"ADPDEF_VA":39899.83,"ADPDEF_EXP":276.61,"EDUCAC_VA":30763.95,"EDUCAC_EXP":1436.08,"SALUDH_VA":23499.54,"SALUDH_EXP":353.56,"ESPARC_VA":12543.7,"ESPARC_EXP":1118.31,"OTRSER_VA":7732.28,"OTRSER_EXP":556.06,"SERHOG_VA":203.5,"SERHOG_EXP":0.0}},{"type":"Feature","geometry":{"type":"Point","coordinates":[120.96,23.7]},"properties":{"id":"TWN","name":"Taiwán","continent":"asia","year":2021,"AGRPFO_VA":9555.39,"AGRPFO_EXP":498.86,"FORLOG_VA":38.52,"FORLOG_EXP":5.84,"PESCAC_VA":1260.14,"PESCAC_EXP":1235.97,"MINCOL_VA":129.29,"MINCOL_EXP":47.16,"PETGAS_VA":406.97,"PETGAS_EXP":33.06,"MINORE_VA":94.62,"MINORE_EXP":179.09,"MINOTH_VA":818.5,"MINOTH_EXP":64.95,"MINSER_VA":438.95,"MINSER_EXP":10.92,"ALYBEB_VA":11567.01,"ALYBEB_EXP":4174.35,"TEXYPR_VA":5442.0,"TEXYPR_EXP":6754.95,"MADYPR_VA":506.02,"MADYPR_EXP":201.51,"PAPYPR_VA":4176.79,"PAPYPR_EXP":2344.98,"PETREF_VA":5204.81,"PETREF_EXP":14672.81,"QUIMYP_VA":18289.48,"QUIMYP_EXP":35793.57,"FARMED_VA":2274.68,"FARMED_EXP":954.93,"HUPLAS_VA":7411.09,"HUPLAS_EXP":9103.5,"PRNOMT_VA":4633.82,"PRNOMT_EXP":2558.11,"METBAS_VA":12817.31,"METBAS_EXP":12194.95,"NONFER_VA":3459.65,"NONFER_EXP":8768.26,"PRMETA_VA":13349.62,"PRMETA_EXP":14826.6,"ELCTRO_VA":141621.11,"ELCTRO_EXP":207530.24,"ELCTRI_VA":6696.13,"ELCTRI_EXP":13808.94,"MAQYEQ_VA":10712.96,"MAQYEQ_EXP":25385.59,"AUTOMO_VA":5262.6,"AUTOMO_EXP":7451.93,"OTRTRA_VA":4374.93,"OTRTRA_EXP":596.53,"TRANSP_VA":4686.38,"TRANSP_EXP":8013.74,"OTRMAN_VA":8969.21,"OTRMAN_EXP":5291.98,"ELEGAS_VA":8113.39,"ELEGAS_EXP":43.59,"AGUBAS_VA":4136.34,"AGUBAS_EXP":28.77,"CONSTR_VA":22918.99,"CONSTR_EXP":907.31,"COMREV_VA":116825.02,"COMREV_EXP":50153.9,"TRATIE_VA":7218.51,"TRATIE_EXP":3165.91,"TRAGUA_VA":10568.38,"TRAGUA_EXP":4513.21,"TRAAIR_VA":3355.33,"TRAAIR_EXP":4844.48,"ALMSTR_VA":6167.92,"ALMSTR_EXP":3935.5,"POSTME_VA":1715.33,"POSTME_EXP":56.95,"HOTYRE_VA":15295.61,"HOTYRE_EXP":508.95,"MMTVRA_VA":4027.58,"MMTVRA_EXP":1583.64,"TELECO_VA":7790.41,"TELECO_EXP":840.15,"ITSERV_VA":11161.4,"ITSERV_EXP":2792.96,"SERFIN_VA":51436.01,"SERFIN_EXP":3549.87,"GOBEST_VA":59494.64,"GOBEST_EXP":343.52,"SPRSCT_VA":17157.33,"SPRSCT_EXP":4773.61,"SEAEMP_VA":11891.28,"SEAEMP_EXP":2162.88,"ADPDEF_VA":41770.6,"ADPDEF_EXP":6.08,"EDUCAC_VA":26328.51,"EDUCAC_EXP":261.62,"SALUDH_VA":22640.55,"SALUDH_EXP":1560.0,"ESPARC_VA":5662.95,"ESPARC_EXP":673.48,"OTRSER_VA":16265.23,"OTRSER_EXP":31.0,"SERHOG_VA":4338.65,"SERHOG_EXP":0.0}},{"type":"Feature","geometry":{"type":"Point","coordinates":[31.17,48.38]},"properties":{"id":"UKR","name":"Ucrania","continent":"europe","year":2021,"AGRPFO_VA":18226.33,"AGRPFO_EXP":12380.88,"FORLOG_VA":2002.46,"FORLOG_EXP":21.55,"PESCAC_VA":64.69,"PESCAC_EXP":2.91,"MINCOL_VA":1578.79,"MINCOL_EXP":0.99,"PETGAS_VA":3247.06,"PETGAS_EXP":63.83,"MINORE_VA":4109.12,"MINORE_EXP":3893.23,"MINOTH_VA":855.3,"MINOTH_EXP":391.04,"MINSER_VA":392.2,"MINSER_EXP":734.37,"ALYBEB_VA":7746.27,"ALYBEB_EXP":9767.44,"TEXYPR_VA":1095.2,"TEXYPR_EXP":229.25,"MADYPR_VA":689.03,"MADYPR_EXP":1441.86,"PAPYPR_VA":904.73,"PAPYPR_EXP":462.47,"PETREF_VA":528.44,"PETREF_EXP":332.64,"QUIMYP_VA":602.14,"QUIMYP_EXP":783.07,"FARMED_VA":843.48,"FARMED_EXP":145.59,"HUPLAS_VA":685.26,"HUPLAS_EXP":260.19,"PRNOMT_VA":1432.33,"PRNOMT_EXP":262.54,"METBAS_VA":2966.65,"METBAS_EXP":6959.47,"NONFER_VA":236.98,"NONFER_EXP":509.09,"PRMETA_VA":890.57,"PRMETA_EXP":322.9,"ELCTRO_VA":243.51,"ELCTRO_EXP":197.66,"ELCTRI_VA":626.91,"ELCTRI_EXP":660.64,"MAQYEQ_VA":1243.61,"MAQYEQ_EXP":1305.86,"AUTOMO_VA":385.07,"AUTOMO_EXP":533.08,"OTRTRA_VA":66.16,"OTRTRA_EXP":145.88,"TRANSP_VA":733.39,"TRANSP_EXP":306.84,"OTRMAN_VA":2028.77,"OTRMAN_EXP":1435.39,"ELEGAS_VA":6989.58,"ELEGAS_EXP":387.08,"AGUBAS_VA":817.74,"AGUBAS_EXP":1.22,"CONSTR_VA":6054.37,"CONSTR_EXP":0.39,"COMREV_VA":28987.62,"COMREV_EXP":6796.46,"TRATIE_VA":9665.91,"TRATIE_EXP":2219.98,"TRAGUA_VA":1065.39,"TRAGUA_EXP":885.54,"TRAAIR_VA":1028.83,"TRAAIR_EXP":1185.31,"ALMSTR_VA":4712.2,"ALMSTR_EXP":1295.91,"POSTME_VA":237.16,"POSTME_EXP":198.75,"HOTYRE_VA":1752.89,"HOTYRE_EXP":316.44,"MMTVRA_VA":837.04,"MMTVRA_EXP":539.12,"TELECO_VA":2098.28,"TELECO_EXP":335.98,"ITSERV_VA":7309.43,"ITSERV_EXP":7359.29,"SERFIN_VA":6495.18,"SERFIN_EXP":294.5,"GOBEST_VA":9857.57,"GOBEST_EXP":119.85,"SPRSCT_VA":5263.23,"SPRSCT_EXP":2330.98,"SEAEMP_VA":2302.68,"SEAEMP_EXP":682.56,"ADPDEF_VA":13059.93,"ADPDEF_EXP":0.4,"EDUCAC_VA":9116.78,"EDUCAC_EXP":18.72,"SALUDH_VA":5630.19,"SALUDH_EXP":13.04,"ESPARC_VA":1304.24,"ESPARC_EXP":207.92,"OTRSER_VA":1357.01,"OTRSER_EXP":16.59,"SERHOG_VA":15.38,"SERHOG_EXP":0.0}},{"type":"Feature","geometry":{"type":"Point","coordinates":[-95.71,37.09]},"properties":{"id":"USA","name":"Estados Unidos","continent":"america","year":2021,"AGRPFO_VA":238703.64,"AGRPFO_EXP":54643.02,"FORLOG_VA":12115.39,"FORLOG_EXP":1273.33,"PESCAC_VA":4481.94,"PESCAC_EXP":3418.67,"MINCOL_VA":19346.7,"MINCOL_EXP":7667.16,"PETGAS_VA":234837.7,"PETGAS_EXP":105650.3,"MINORE_VA":14758.67,"MINORE_EXP":9500.81,"MINOTH_VA":28607.25,"MINOTH_EXP":1945.64,"MINSER_VA":33466.96,"MINSER_EXP":1771.32,"ALYBEB_VA":306042.72,"ALYBEB_EXP":56390.6,"TEXYPR_VA":28943.95,"TEXYPR_EXP":16119.02,"MADYPR_VA":63744.98,"MADYPR_EXP":5444.21,"PAPYPR_VA":104415.35,"PAPYPR_EXP":22313.9,"PETREF_VA":147544.48,"PETREF_EXP":87359.2,"QUIMYP_VA":274714.84,"QUIMYP_EXP":105434.83,"FARMED_VA":218075.7,"FARMED_EXP":62938.26,"HUPLAS_VA":85474.97,"HUPLAS_EXP":24853.07,"PRNOMT_VA":75815.58,"PRNOMT_EXP":8373.93,"METBAS_VA":50412.86,"METBAS_EXP":14599.36,"NONFER_VA":49684.59,"NONFER_EXP":34921.84,"PRMETA_VA":152566.47,"PRMETA_EXP":25607.53,"ELCTRO_VA":345205.52,"ELCTRO_EXP":110515.96,"ELCTRI_VA":67963.88,"ELCTRI_EXP":29562.88,"MAQYEQ_VA":168872.78,"MAQYEQ_EXP":94476.34,"AUTOMO_VA":143737.45,"AUTOMO_EXP":82355.99,"OTRTRA_VA":26401.98,"OTRTRA_EXP":1657.4,"TRANSP_VA":129037.22,"TRANSP_EXP":72223.46,"OTRMAN_VA":158867.18,"OTRMAN_EXP":40431.76,"ELEGAS_VA":348116.68,"ELEGAS_EXP":6245.99,"AGUBAS_VA":80058.07,"AGUBAS_EXP":112.41,"CONSTR_VA":993741.4,"CONSTR_EXP":4.03,"COMREV_VA":2379762.02,"COMREV_EXP":357281.69,"TRATIE_VA":350826.48,"TRATIE_EXP":42242.41,"TRAGUA_VA":19198.81,"TRAGUA_EXP":6704.05,"TRAAIR_VA":85027.42,"TRAAIR_EXP":25705.42,"ALMSTR_VA":193465.6,"ALMSTR_EXP":7906.36,"POSTME_VA":139323.82,"POSTME_EXP":16276.72,"HOTYRE_VA":608691.98,"HOTYRE_EXP":20817.0,"MMTVRA_VA":519993.2,"MMTVRA_EXP":58871.34,"TELECO_VA":332451.43,"TELECO_EXP":15560.67,"ITSERV_VA":783601.42,"ITSERV_EXP":68371.9,"SERFIN_VA":1910518.08,"SERFIN_EXP":219408.24,"GOBEST_VA":2771993.02,"GOBEST_EXP":7784.12,"SPRSCT_VA":1888074.26,"SPRSCT_EXP":218535.11,"SEAEMP_VA":975797.74,"SEAEMP_EXP":76201.17,"ADPDEF_VA":1916623.09,"ADPDEF_EXP":3321.21,"EDUCAC_VA":1196518.75,"EDUCAC_EXP":16916.22,"SALUDH_VA":1727111.67,"SALUDH_EXP":1265.73,"ESPARC_VA":204302.03,"ESPARC_EXP":4260.14,"OTRSER_VA":307623.09,"OTRSER_EXP":2080.9,"SERHOG_VA":22121.04,"SERHOG_EXP":0.0}},{"type":"Feature","geometry":{"type":"Point","coordinates":[108.28,14.06]},"properties":{"id":"VNM","name":"Vietnam","continent":"asia","year":2021,"AGRPFO_VA":28322.7,"AGRPFO_EXP":7604.74,"FORLOG_VA":1667.63,"FORLOG_EXP":13.35,"PESCAC_VA":8249.1,"PESCAC_EXP":160.99,"MINCOL_VA":2027.87,"MINCOL_EXP":224.39,"PETGAS_VA":904.61,"PETGAS_EXP":1625.24,"MINORE_VA":30010.08,"MINORE_EXP":3248.97,"MINOTH_VA":837.24,"MINOTH_EXP":124.98,"MINSER_VA":534.71,"MINSER_EXP":27.81,"ALYBEB_VA":14521.94,"ALYBEB_EXP":20163.86,"TEXYPR_VA":22178.49,"TEXYPR_EXP":55385.14,"MADYPR_VA":1227.54,"MADYPR_EXP":4549.86,"PAPYPR_VA":2573.9,"PAPYPR_EXP":1722.56,"PETREF_VA":3385.11,"PETREF_EXP":1489.6,"QUIMYP_VA":5352.32,"QUIMYP_EXP":10292.53,"FARMED_VA":1388.99,"FARMED_EXP":169.23,"HUPLAS_VA":4410.65,"HUPLAS_EXP":7706.35,"PRNOMT_VA":7032.24,"PRNOMT_EXP":4082.33,"METBAS_VA":4030.94,"METBAS_EXP":12173.12,"NONFER_VA":1188.43,"NONFER_EXP":1649.04,"PRMETA_VA":4411.74,"PRMETA_EXP":6376.9,"ELCTRO_VA":48761.86,"ELCTRO_EXP":119115.51,"ELCTRI_VA":5524.11,"ELCTRI_EXP":16385.39,"MAQYEQ_VA":2802.14,"MAQYEQ_EXP":7539.0,"AUTOMO_VA":1331.31,"AUTOMO_EXP":4412.45,"OTRTRA_VA":200.01,"OTRTRA_EXP":608.28,"TRANSP_VA":826.37,"TRANSP_EXP":2606.03,"OTRMAN_VA":8868.95,"OTRMAN_EXP":16550.64,"ELEGAS_VA":12348.58,"ELEGAS_EXP":94.71,"AGUBAS_VA":1849.91,"AGUBAS_EXP":16.85,"CONSTR_VA":20278.08,"CONSTR_EXP":67.7,"COMREV_VA":28259.01,"COMREV_EXP":19830.82,"TRATIE_VA":4560.93,"TRATIE_EXP":2685.65,"TRAGUA_VA":1105.41,"TRAGUA_EXP":1775.45,"TRAAIR_VA":1231.4,"TRAAIR_EXP":880.36,"ALMSTR_VA":2805.16,"ALMSTR_EXP":959.36,"POSTME_VA":496.14,"POSTME_EXP":76.54,"HOTYRE_VA":7746.32,"HOTYRE_EXP":315.84,"MMTVRA_VA":920.5,"MMTVRA_EXP":179.58,"TELECO_VA":3482.93,"TELECO_EXP":188.86,"ITSERV_VA":1731.07,"ITSERV_EXP":250.31,"SERFIN_VA":10717.3,"SERFIN_EXP":335.07,"GOBEST_VA":9290.41,"GOBEST_EXP":41.62,"SPRSCT_VA":6419.6,"SPRSCT_EXP":248.77,"SEAEMP_VA":1800.77,"SEAEMP_EXP":758.17,"ADPDEF_VA":6856.46,"ADPDEF_EXP":2.25,"EDUCAC_VA":11932.04,"EDUCAC_EXP":11.38,"SALUDH_VA":3148.94,"SALUDH_EXP":7.63,"ESPARC_VA":3034.1,"ESPARC_EXP":382.82,"OTRSER_VA":1960.89,"OTRSER_EXP":10.92,"SERHOG_VA":466.58,"SERHOG_EXP":0.0}},{"type":"Feature","geometry":{"type":"Point","coordinates":[22.94,-30.56]},"properties":{"id":"ZAF","name":"Sudáfrica","continent":"other","year":2021,"AGRPFO_VA":8447.61,"AGRPFO_EXP":6653.57,"FORLOG_VA":187.85,"FORLOG_EXP":78.94,"PESCAC_VA":709.16,"PESCAC_EXP":113.77,"MINCOL_VA":4147.72,"MINCOL_EXP":7624.14,"PETGAS_VA":375.93,"PETGAS_EXP":15.41,"MINORE_VA":21423.6,"MINORE_EXP":28818.57,"MINOTH_VA":1285.63,"MINOTH_EXP":1917.14,"MINSER_VA":242.64,"MINSER_EXP":13.96,"ALYBEB_VA":9520.88,"ALYBEB_EXP":5385.37,"TEXYPR_VA":1874.5,"TEXYPR_EXP":950.67,"MADYPR_VA":771.49,"MADYPR_EXP":838.11,"PAPYPR_VA":2929.73,"PAPYPR_EXP":1939.02,"PETREF_VA":5090.44,"PETREF_EXP":2903.75,"QUIMYP_VA":3605.81,"QUIMYP_EXP":6618.03,"FARMED_VA":787.81,"FARMED_EXP":744.02,"HUPLAS_VA":1299.67,"HUPLAS_EXP":1100.21,"PRNOMT_VA":1424.18,"PRNOMT_EXP":683.23,"METBAS_VA":3201.84,"METBAS_EXP":7557.8,"NONFER_VA":1195.47,"NONFER_EXP":2081.93,"PRMETA_VA":2716.58,"PRMETA_EXP":1690.79,"ELCTRO_VA":536.74,"ELCTRO_EXP":1000.46,"ELCTRI_VA":1246.54,"ELCTRI_EXP":1595.81,"MAQYEQ_VA":3372.34,"MAQYEQ_EXP":5919.39,"AUTOMO_VA":4355.98,"AUTOMO_EXP":12383.74,"OTRTRA_VA":55.04,"OTRTRA_EXP":265.87,"TRANSP_VA":626.41,"TRANSP_EXP":550.11,"OTRMAN_VA":3021.53,"OTRMAN_EXP":985.06,"ELEGAS_VA":7205.82,"ELEGAS_EXP":1004.27,"AGUBAS_VA":3671.6,"AGUBAS_EXP":10.21,"CONSTR_VA":8544.8,"CONSTR_EXP":0.01,"COMREV_VA":30546.4,"COMREV_EXP":11820.47,"TRATIE_VA":7845.31,"TRATIE_EXP":2101.25,"TRAGUA_VA":241.28,"TRAGUA_EXP":177.4,"TRAAIR_VA":638.86,"TRAAIR_EXP":1203.09,"ALMSTR_VA":3026.05,"ALMSTR_EXP":1507.31,"POSTME_VA":505.57,"POSTME_EXP":56.51,"HOTYRE_VA":2954.0,"HOTYRE_EXP":187.9,"MMTVRA_VA":2170.19,"MMTVRA_EXP":687.55,"TELECO_VA":12823.78,"TELECO_EXP":505.53,"ITSERV_VA":7728.1,"ITSERV_EXP":778.83,"SERFIN_VA":49815.05,"SERFIN_EXP":793.02,"GOBEST_VA":23699.79,"GOBEST_EXP":145.89,"SPRSCT_VA":14335.43,"SPRSCT_EXP":1402.3,"SEAEMP_VA":11051.88,"SEAEMP_EXP":700.62,"ADPDEF_VA":12468.92,"ADPDEF_EXP":47.29,"EDUCAC_VA":10325.25,"EDUCAC_EXP":325.29,"SALUDH_VA":7996.24,"SALUDH_EXP":24.39,"ESPARC_VA":33987.33,"ESPARC_EXP":217.74,"OTRSER_VA":13079.05,"OTRSER_EXP":43.37,"SERHOG_VA":45753.44,"SERHOG_EXP":0.0}}]}