{"type":"FeatureCollection","features":[{"type":"Feature","geometry":{"type":"Point","coordinates":[13.23,-8.84]},"properties":{"id":"AGO","name":"Angola","continent":"other","year":2016,"AGRPFO_VA":6562.96,"AGRPFO_EXP":9.95,"FORLOG_VA":525.25,"FORLOG_EXP":1.28,"PESCAC_VA":1121.22,"PESCAC_EXP":43.34,"MINCOL_VA":33.03,"MINCOL_EXP":0.25,"PETGAS_VA":28329.31,"PETGAS_EXP":23582.5,"MINORE_VA":35.99,"MINORE_EXP":0.34,"MINOTH_VA":7764.55,"MINOTH_EXP":905.66,"MINSER_VA":4230.24,"MINSER_EXP":205.11,"ALYBEB_VA":1256.62,"ALYBEB_EXP":107.96,"TEXYPR_VA":605.58,"TEXYPR_EXP":11.33,"MADYPR_VA":23.13,"MADYPR_EXP":43.82,"PAPYPR_VA":86.2,"PAPYPR_EXP":13.06,"PETREF_VA":1016.64,"PETREF_EXP":318.86,"QUIMYP_VA":443.0,"QUIMYP_EXP":148.41,"FARMED_VA":201.07,"FARMED_EXP":0.97,"HUPLAS_VA":106.3,"HUPLAS_EXP":8.38,"PRNOMT_VA":185.98,"PRNOMT_EXP":48.27,"METBAS_VA":62.05,"METBAS_EXP":43.85,"NONFER_VA":16.24,"NONFER_EXP":1.75,"PRMETA_VA":124.19,"PRMETA_EXP":90.96,"ELCTRO_VA":414.31,"ELCTRO_EXP":55.21,"ELCTRI_VA":175.07,"ELCTRI_EXP":29.24,"MAQYEQ_VA":553.75,"MAQYEQ_EXP":279.73,"AUTOMO_VA":490.81,"AUTOMO_EXP":26.77,"OTRTRA_VA":19.2,"OTRTRA_EXP":0.8,"TRANSP_VA":11.55,"TRANSP_EXP":10.76,"OTRMAN_VA":176.4,"OTRMAN_EXP":18.92,"ELEGAS_VA":3064.09,"ELEGAS_EXP":525.67,"AGUBAS_VA":385.01,"AGUBAS_EXP":63.25,"CONSTR_VA":5884.82,"CONSTR_EXP":0.28,"COMREV_VA":6703.47,"COMREV_EXP":644.48,"TRATIE_VA":748.36,"TRATIE_EXP":169.95,"TRAGUA_VA":363.29,"TRAGUA_EXP":98.46,"TRAAIR_VA":459.14,"TRAAIR_EXP":34.81,"ALMSTR_VA":558.23,"ALMSTR_EXP":30.8,"POSTME_VA":301.58,"POSTME_EXP":1.15,"HOTYRE_VA":1790.95,"HOTYRE_EXP":39.76,"MMTVRA_VA":878.82,"MMTVRA_EXP":12.4,"TELECO_VA":1332.49,"TELECO_EXP":20.3,"ITSERV_VA":835.48,"ITSERV_EXP":29.8,"SERFIN_VA":2395.84,"SERFIN_EXP":72.27,"GOBEST_VA":4343.39,"GOBEST_EXP":196.06,"SPRSCT_VA":1404.89,"SPRSCT_EXP":164.28,"SEAEMP_VA":1098.18,"SEAEMP_EXP":129.96,"ADPDEF_VA":6076.19,"ADPDEF_EXP":0.61,"EDUCAC_VA":5206.63,"EDUCAC_EXP":1.68,"SALUDH_VA":1396.64,"SALUDH_EXP":3.24,"ESPARC_VA":222.54,"ESPARC_EXP":7.48,"OTRSER_VA":655.09,"OTRSER_EXP":2.96,"SERHOG_VA":0.0,"SERHOG_EXP":0.0}},{"type":"Feature","geometry":{"type":"Point","coordinates":[53.85,23.42]},"properties":{"id":"ARE","name":"Emiratos Árabes","continent":"other","year":2016,"AGRPFO_VA":3959.72,"AGRPFO_EXP":1210.93,"FORLOG_VA":301.75,"FORLOG_EXP":280.72,"PESCAC_VA":459.82,"PESCAC_EXP":485.42,"MINCOL_VA":719.49,"MINCOL_EXP":809.76,"PETGAS_VA":85810.21,"PETGAS_EXP":99946.43,"MINORE_VA":8501.91,"MINORE_EXP":3646.16,"MINOTH_VA":4544.92,"MINOTH_EXP":5399.72,"MINSER_VA":10038.73,"MINSER_EXP":4552.6,"ALYBEB_VA":4289.1,"ALYBEB_EXP":6036.28,"TEXYPR_VA":1812.11,"TEXYPR_EXP":1365.47,"MADYPR_VA":173.31,"MADYPR_EXP":133.63,"PAPYPR_VA":897.61,"PAPYPR_EXP":1356.42,"PETREF_VA":11805.74,"PETREF_EXP":21303.46,"QUIMYP_VA":3275.11,"QUIMYP_EXP":9527.68,"FARMED_VA":2030.32,"FARMED_EXP":1023.27,"HUPLAS_VA":817.09,"HUPLAS_EXP":1649.03,"PRNOMT_VA":2119.84,"PRNOMT_EXP":2624.31,"METBAS_VA":693.84,"METBAS_EXP":3010.12,"NONFER_VA":2819.92,"NONFER_EXP":9582.4,"PRMETA_VA":1463.18,"PRMETA_EXP":2098.0,"ELCTRO_VA":4154.1,"ELCTRO_EXP":381.3,"ELCTRI_VA":1287.94,"ELCTRI_EXP":1925.1,"MAQYEQ_VA":1056.33,"MAQYEQ_EXP":1896.59,"AUTOMO_VA":1464.46,"AUTOMO_EXP":343.14,"OTRTRA_VA":166.34,"OTRTRA_EXP":94.36,"TRANSP_VA":701.72,"TRANSP_EXP":107.46,"OTRMAN_VA":2315.39,"OTRMAN_EXP":2431.67,"ELEGAS_VA":14141.39,"ELEGAS_EXP":298.56,"AGUBAS_VA":1921.31,"AGUBAS_EXP":38.76,"CONSTR_VA":37518.42,"CONSTR_EXP":484.55,"COMREV_VA":30761.19,"COMREV_EXP":14572.95,"TRATIE_VA":3560.36,"TRATIE_EXP":3067.86,"TRAGUA_VA":2097.52,"TRAGUA_EXP":4978.56,"TRAAIR_VA":2283.38,"TRAAIR_EXP":7004.64,"ALMSTR_VA":3150.05,"ALMSTR_EXP":3447.81,"POSTME_VA":1491.63,"POSTME_EXP":330.59,"HOTYRE_VA":7082.19,"HOTYRE_EXP":9095.02,"MMTVRA_VA":4368.02,"MMTVRA_EXP":1805.32,"TELECO_VA":6453.28,"TELECO_EXP":2480.14,"ITSERV_VA":3642.99,"ITSERV_EXP":3921.11,"SERFIN_VA":12975.51,"SERFIN_EXP":8477.93,"GOBEST_VA":21624.22,"GOBEST_EXP":4940.98,"SPRSCT_VA":7166.73,"SPRSCT_EXP":4496.69,"SEAEMP_VA":5734.2,"SEAEMP_EXP":4024.68,"ADPDEF_VA":26804.12,"ADPDEF_EXP":110.2,"EDUCAC_VA":6700.95,"EDUCAC_EXP":293.29,"SALUDH_VA":6402.33,"SALUDH_EXP":191.26,"ESPARC_VA":1192.83,"ESPARC_EXP":1579.1,"OTRSER_VA":3180.93,"OTRSER_EXP":268.53,"SERHOG_VA":2550.38,"SERHOG_EXP":0.0}},{"type":"Feature","geometry":{"type":"Point","coordinates":[-63.62,-38.42]},"properties":{"id":"ARG","name":"Argentina","continent":"america","year":2016,"AGRPFO_VA":34308.15,"AGRPFO_EXP":8320.74,"FORLOG_VA":230.5,"FORLOG_EXP":25.39,"PESCAC_VA":1549.91,"PESCAC_EXP":411.72,"MINCOL_VA":16.01,"MINCOL_EXP":1.55,"PETGAS_VA":13963.67,"PETGAS_EXP":1709.76,"MINORE_VA":1415.04,"MINORE_EXP":1803.21,"MINOTH_VA":868.79,"MINOTH_EXP":30.77,"MINSER_VA":1268.91,"MINSER_EXP":21.71,"ALYBEB_VA":26873.32,"ALYBEB_EXP":17069.27,"TEXYPR_VA":6273.54,"TEXYPR_EXP":1198.47,"MADYPR_VA":1222.01,"MADYPR_EXP":125.49,"PAPYPR_VA":5435.86,"PAPYPR_EXP":556.71,"PETREF_VA":2439.38,"PETREF_EXP":1323.61,"QUIMYP_VA":10259.13,"QUIMYP_EXP":2836.75,"FARMED_VA":6025.65,"FARMED_EXP":935.95,"HUPLAS_VA":4182.36,"HUPLAS_EXP":602.64,"PRNOMT_VA":3418.42,"PRNOMT_EXP":159.97,"METBAS_VA":3696.02,"METBAS_EXP":984.45,"NONFER_VA":730.22,"NONFER_EXP":714.56,"PRMETA_VA":3386.59,"PRMETA_EXP":505.2,"ELCTRO_VA":1783.92,"ELCTRO_EXP":224.78,"ELCTRI_VA":1465.71,"ELCTRI_EXP":220.17,"MAQYEQ_VA":4934.44,"MAQYEQ_EXP":938.55,"AUTOMO_VA":3896.52,"AUTOMO_EXP":4585.66,"OTRTRA_VA":95.71,"OTRTRA_EXP":11.84,"TRANSP_VA":343.17,"TRANSP_EXP":52.64,"OTRMAN_VA":2765.1,"OTRMAN_EXP":233.73,"ELEGAS_VA":7532.99,"ELEGAS_EXP":120.4,"AGUBAS_VA":1181.64,"AGUBAS_EXP":10.9,"CONSTR_VA":22580.73,"CONSTR_EXP":0.24,"COMREV_VA":75207.38,"COMREV_EXP":9704.15,"TRATIE_VA":13893.8,"TRATIE_EXP":971.7,"TRAGUA_VA":354.88,"TRAGUA_EXP":68.31,"TRAAIR_VA":871.23,"TRAAIR_EXP":867.36,"ALMSTR_VA":5107.32,"ALMSTR_EXP":1158.67,"POSTME_VA":916.37,"POSTME_EXP":40.0,"HOTYRE_VA":13212.43,"HOTYRE_EXP":1747.3,"MMTVRA_VA":1040.83,"MMTVRA_EXP":215.87,"TELECO_VA":9088.32,"TELECO_EXP":731.29,"ITSERV_VA":2257.27,"ITSERV_EXP":1426.5,"SERFIN_VA":22695.65,"SERFIN_EXP":236.76,"GOBEST_VA":32658.21,"GOBEST_EXP":228.57,"SPRSCT_VA":22315.46,"SPRSCT_EXP":2932.57,"SEAEMP_VA":7166.67,"SEAEMP_EXP":975.44,"ADPDEF_VA":39847.92,"ADPDEF_EXP":0.15,"EDUCAC_VA":30039.01,"EDUCAC_EXP":75.03,"SALUDH_VA":27400.05,"SALUDH_EXP":48.42,"ESPARC_VA":1921.07,"ESPARC_EXP":229.72,"OTRSER_VA":6539.79,"OTRSER_EXP":67.13,"SERHOG_VA":6994.58,"SERHOG_EXP":0.0}},{"type":"Feature","geometry":{"type":"Point","coordinates":[133.78,-25.27]},"properties":{"id":"AUS","name":"Australia","continent":"other","year":2016,"AGRPFO_VA":32058.96,"AGRPFO_EXP":9209.46,"FORLOG_VA":1351.07,"FORLOG_EXP":296.73,"PESCAC_VA":1654.01,"PESCAC_EXP":438.14,"MINCOL_VA":28183.49,"MINCOL_EXP":23494.79,"PETGAS_VA":19267.69,"PETGAS_EXP":16268.81,"MINORE_VA":43865.0,"MINORE_EXP":46686.64,"MINOTH_VA":1824.07,"MINOTH_EXP":513.42,"MINSER_VA":4929.01,"MINSER_EXP":242.68,"ALYBEB_VA":18516.52,"ALYBEB_EXP":17016.66,"TEXYPR_VA":1813.69,"TEXYPR_EXP":812.03,"MADYPR_VA":3091.56,"MADYPR_EXP":785.06,"PAPYPR_VA":4066.79,"PAPYPR_EXP":1293.26,"PETREF_VA":3916.14,"PETREF_EXP":1916.57,"QUIMYP_VA":3925.46,"QUIMYP_EXP":3400.89,"FARMED_VA":2483.67,"FARMED_EXP":1766.32,"HUPLAS_VA":3565.82,"HUPLAS_EXP":1124.4,"PRNOMT_VA":4901.2,"PRNOMT_EXP":424.16,"METBAS_VA":1639.71,"METBAS_EXP":730.54,"NONFER_VA":2706.35,"NONFER_EXP":24251.55,"PRMETA_VA":7432.11,"PRMETA_EXP":1341.58,"ELCTRO_VA":3714.02,"ELCTRO_EXP":856.09,"ELCTRI_VA":1570.35,"ELCTRI_EXP":806.53,"MAQYEQ_VA":3532.83,"MAQYEQ_EXP":1738.25,"AUTOMO_VA":2903.33,"AUTOMO_EXP":1770.53,"OTRTRA_VA":1051.62,"OTRTRA_EXP":408.12,"TRANSP_VA":1978.84,"TRANSP_EXP":543.56,"OTRMAN_VA":6248.08,"OTRMAN_EXP":1049.99,"ELEGAS_VA":19202.79,"ELEGAS_EXP":107.74,"AGUBAS_VA":12551.76,"AGUBAS_EXP":24.08,"CONSTR_VA":99109.43,"CONSTR_EXP":788.44,"COMREV_VA":113075.37,"COMREV_EXP":28128.81,"TRATIE_VA":23581.56,"TRATIE_EXP":4594.91,"TRAGUA_VA":3396.76,"TRAGUA_EXP":1325.57,"TRAAIR_VA":6175.56,"TRAAIR_EXP":5094.97,"ALMSTR_VA":23925.81,"ALMSTR_EXP":2657.12,"POSTME_VA":4136.42,"POSTME_EXP":1028.49,"HOTYRE_VA":32716.81,"HOTYRE_EXP":5849.54,"MMTVRA_VA":10415.11,"MMTVRA_EXP":745.81,"TELECO_VA":16605.7,"TELECO_EXP":1686.13,"ITSERV_VA":25644.04,"ITSERV_EXP":1437.64,"SERFIN_VA":110897.15,"SERFIN_EXP":3549.75,"GOBEST_VA":140351.75,"GOBEST_EXP":1424.98,"SPRSCT_VA":65640.47,"SPRSCT_EXP":4949.0,"SEAEMP_VA":46517.28,"SEAEMP_EXP":4089.45,"ADPDEF_VA":67471.01,"ADPDEF_EXP":30.6,"EDUCAC_VA":60553.21,"EDUCAC_EXP":8264.86,"SALUDH_VA":86574.99,"SALUDH_EXP":519.84,"ESPARC_VA":10593.24,"ESPARC_EXP":1883.22,"OTRSER_VA":11503.08,"OTRSER_EXP":667.83,"SERHOG_VA":0.0,"SERHOG_EXP":0.0}},{"type":"Feature","geometry":{"type":"Point","coordinates":[14.55,47.52]},"properties":{"id":"AUT","name":"Austria","continent":"europe","year":2016,"AGRPFO_VA":3412.35,"AGRPFO_EXP":1340.6,"FORLOG_VA":1325.23,"FORLOG_EXP":96.49,"PESCAC_VA":33.95,"PESCAC_EXP":10.04,"MINCOL_VA":24.9,"MINCOL_EXP":1.59,"PETGAS_VA":582.48,"PETGAS_EXP":275.37,"MINORE_VA":127.94,"MINORE_EXP":195.04,"MINOTH_VA":532.07,"MINOTH_EXP":165.95,"MINSER_VA":54.34,"MINSER_EXP":33.96,"ALYBEB_VA":7566.62,"ALYBEB_EXP":9974.48,"TEXYPR_VA":1239.09,"TEXYPR_EXP":2313.34,"MADYPR_VA":2900.16,"MADYPR_EXP":3697.32,"PAPYPR_VA":3479.36,"PAPYPR_EXP":5135.86,"PETREF_VA":884.66,"PETREF_EXP":2181.45,"QUIMYP_VA":4287.01,"QUIMYP_EXP":9960.36,"FARMED_VA":2709.4,"FARMED_EXP":3511.79,"HUPLAS_VA":3084.4,"HUPLAS_EXP":3712.44,"PRNOMT_VA":3060.38,"PRNOMT_EXP":2085.6,"METBAS_VA":2794.48,"METBAS_EXP":5456.74,"NONFER_VA":1900.71,"NONFER_EXP":3475.79,"PRMETA_VA":7205.2,"PRMETA_EXP":6901.82,"ELCTRO_VA":3956.01,"ELCTRO_EXP":6065.04,"ELCTRI_VA":6468.19,"ELCTRI_EXP":7790.89,"MAQYEQ_VA":9686.44,"MAQYEQ_EXP":13144.54,"AUTOMO_VA":5317.16,"AUTOMO_EXP":11944.91,"OTRTRA_VA":85.52,"OTRTRA_EXP":69.05,"TRANSP_VA":1033.71,"TRANSP_EXP":2442.47,"OTRMAN_VA":5552.09,"OTRMAN_EXP":4203.16,"ELEGAS_VA":6001.59,"ELEGAS_EXP":1424.07,"AGUBAS_VA":3763.12,"AGUBAS_EXP":53.98,"CONSTR_VA":22795.83,"CONSTR_EXP":371.47,"COMREV_VA":43559.0,"COMREV_EXP":19630.18,"TRATIE_VA":10476.89,"TRATIE_EXP":9358.25,"TRAGUA_VA":242.69,"TRAGUA_EXP":125.35,"TRAAIR_VA":895.02,"TRAAIR_EXP":2059.56,"ALMSTR_VA":8035.29,"ALMSTR_EXP":3915.26,"POSTME_VA":1611.45,"POSTME_EXP":747.53,"HOTYRE_VA":15253.15,"HOTYRE_EXP":3359.64,"MMTVRA_VA":2824.33,"MMTVRA_EXP":1428.29,"TELECO_VA":3339.97,"TELECO_EXP":1289.42,"ITSERV_VA":7140.77,"ITSERV_EXP":3844.37,"SERFIN_VA":15119.58,"SERFIN_EXP":4195.22,"GOBEST_VA":34113.46,"GOBEST_EXP":1296.3,"SPRSCT_VA":19402.58,"SPRSCT_EXP":8093.79,"SEAEMP_VA":15434.51,"SEAEMP_EXP":2114.77,"ADPDEF_VA":18796.48,"ADPDEF_EXP":171.64,"EDUCAC_VA":19286.33,"EDUCAC_EXP":910.5,"SALUDH_VA":27189.52,"SALUDH_EXP":453.66,"ESPARC_VA":3939.48,"ESPARC_EXP":1356.2,"OTRSER_VA":5362.34,"OTRSER_EXP":479.64,"SERHOG_VA":159.65,"SERHOG_EXP":0.0}},{"type":"Feature","geometry":{"type":"Point","coordinates":[4.47,50.5]},"properties":{"id":"BEL","name":"Bélgica","continent":"europe","year":2016,"AGRPFO_VA":3271.43,"AGRPFO_EXP":1980.41,"FORLOG_VA":131.72,"FORLOG_EXP":102.08,"PESCAC_VA":81.75,"PESCAC_EXP":55.69,"MINCOL_VA":0.0,"MINCOL_EXP":0.0,"PETGAS_VA":0.0,"PETGAS_EXP":0.0,"MINORE_VA":0.0,"MINORE_EXP":0.0,"MINOTH_VA":285.3,"MINOTH_EXP":206.04,"MINSER_VA":1.81,"MINSER_EXP":1.56,"ALYBEB_VA":9235.33,"ALYBEB_EXP":17083.16,"TEXYPR_VA":1607.43,"TEXYPR_EXP":3327.52,"MADYPR_VA":1001.43,"MADYPR_EXP":1128.23,"PAPYPR_VA":2436.01,"PAPYPR_EXP":2913.29,"PETREF_VA":2512.86,"PETREF_EXP":10604.42,"QUIMYP_VA":9654.56,"QUIMYP_EXP":19476.31,"FARMED_VA":7746.28,"FARMED_EXP":10768.22,"HUPLAS_VA":2870.75,"HUPLAS_EXP":4496.87,"PRNOMT_VA":2888.71,"PRNOMT_EXP":2066.61,"METBAS_VA":2142.83,"METBAS_EXP":6690.97,"NONFER_VA":978.11,"NONFER_EXP":5775.85,"PRMETA_VA":4428.14,"PRMETA_EXP":3804.89,"ELCTRO_VA":1701.39,"ELCTRO_EXP":2497.85,"ELCTRI_VA":1340.72,"ELCTRI_EXP":2017.03,"MAQYEQ_VA":3980.11,"MAQYEQ_EXP":6686.63,"AUTOMO_VA":3483.9,"AUTOMO_EXP":11290.11,"OTRTRA_VA":7.42,"OTRTRA_EXP":14.65,"TRANSP_VA":950.74,"TRANSP_EXP":644.7,"OTRMAN_VA":3642.84,"OTRMAN_EXP":3491.32,"ELEGAS_VA":6893.12,"ELEGAS_EXP":677.27,"AGUBAS_VA":4166.01,"AGUBAS_EXP":18.42,"CONSTR_VA":22904.12,"CONSTR_EXP":648.23,"COMREV_VA":54021.88,"COMREV_EXP":29482.71,"TRATIE_VA":9463.86,"TRATIE_EXP":9788.91,"TRAGUA_VA":736.85,"TRAGUA_EXP":2271.81,"TRAAIR_VA":664.2,"TRAAIR_EXP":2756.36,"ALMSTR_VA":12264.38,"ALMSTR_EXP":14330.25,"POSTME_VA":2283.56,"POSTME_EXP":1054.35,"HOTYRE_VA":8405.33,"HOTYRE_EXP":1555.48,"MMTVRA_VA":3566.37,"MMTVRA_EXP":2717.63,"TELECO_VA":5845.08,"TELECO_EXP":3745.17,"ITSERV_VA":8660.25,"ITSERV_EXP":3832.36,"SERFIN_VA":28385.89,"SERFIN_EXP":14620.64,"GOBEST_VA":40187.52,"GOBEST_EXP":730.24,"SPRSCT_VA":42730.02,"SPRSCT_EXP":35836.56,"SEAEMP_VA":21595.11,"SEAEMP_EXP":7069.84,"ADPDEF_VA":32946.27,"ADPDEF_EXP":371.54,"EDUCAC_VA":29581.95,"EDUCAC_EXP":2691.59,"SALUDH_VA":31340.79,"SALUDH_EXP":112.63,"ESPARC_VA":2905.58,"ESPARC_EXP":796.14,"OTRSER_VA":5590.26,"OTRSER_EXP":243.84,"SERHOG_VA":340.07,"SERHOG_EXP":0.0}},{"type":"Feature","geometry":{"type":"Point","coordinates":[90.36,23.68]},"properties":{"id":"BGD","name":"Bangladesh","continent":"asia","year":2016,"AGRPFO_VA":19154.33,"AGRPFO_EXP":3167.01,"FORLOG_VA":3849.93,"FORLOG_EXP":12.84,"PESCAC_VA":5944.95,"PESCAC_EXP":84.44,"MINCOL_VA":11.03,"MINCOL_EXP":0.04,"PETGAS_VA":2142.68,"PETGAS_EXP":8.53,"MINORE_VA":8.98,"MINORE_EXP":0.05,"MINOTH_VA":128.12,"MINOTH_EXP":4.36,"MINSER_VA":90.43,"MINSER_EXP":4.65,"ALYBEB_VA":6938.57,"ALYBEB_EXP":2190.76,"TEXYPR_VA":26334.1,"TEXYPR_EXP":19650.29,"MADYPR_VA":56.37,"MADYPR_EXP":9.63,"PAPYPR_VA":350.24,"PAPYPR_EXP":10.5,"PETREF_VA":53.55,"PETREF_EXP":32.95,"QUIMYP_VA":434.94,"QUIMYP_EXP":49.36,"FARMED_VA":963.82,"FARMED_EXP":74.41,"HUPLAS_VA":3727.44,"HUPLAS_EXP":70.47,"PRNOMT_VA":3075.03,"PRNOMT_EXP":60.98,"METBAS_VA":1070.26,"METBAS_EXP":56.05,"NONFER_VA":750.24,"NONFER_EXP":68.79,"PRMETA_VA":283.73,"PRMETA_EXP":15.57,"ELCTRO_VA":286.84,"ELCTRO_EXP":29.36,"ELCTRI_VA":531.95,"ELCTRI_EXP":64.18,"MAQYEQ_VA":68.29,"MAQYEQ_EXP":9.45,"AUTOMO_VA":39.98,"AUTOMO_EXP":1.69,"OTRTRA_VA":253.11,"OTRTRA_EXP":14.77,"TRANSP_VA":253.03,"TRANSP_EXP":70.51,"OTRMAN_VA":564.03,"OTRMAN_EXP":103.01,"ELEGAS_VA":2547.55,"ELEGAS_EXP":5.27,"AGUBAS_VA":4074.0,"AGUBAS_EXP":11.78,"CONSTR_VA":17242.49,"CONSTR_EXP":37.81,"COMREV_VA":22159.63,"COMREV_EXP":4825.84,"TRATIE_VA":5849.97,"TRATIE_EXP":324.95,"TRAGUA_VA":1722.46,"TRAGUA_EXP":296.98,"TRAAIR_VA":1363.1,"TRAAIR_EXP":310.82,"ALMSTR_VA":2076.42,"ALMSTR_EXP":127.95,"POSTME_VA":368.07,"POSTME_EXP":2.29,"HOTYRE_VA":5370.77,"HOTYRE_EXP":80.87,"MMTVRA_VA":1488.34,"MMTVRA_EXP":144.13,"TELECO_VA":4236.62,"TELECO_EXP":448.7,"ITSERV_VA":1159.22,"ITSERV_EXP":534.69,"SERFIN_VA":7826.11,"SERFIN_EXP":185.12,"GOBEST_VA":10183.65,"GOBEST_EXP":49.0,"SPRSCT_VA":5558.38,"SPRSCT_EXP":736.11,"SEAEMP_VA":4094.97,"SEAEMP_EXP":312.16,"ADPDEF_VA":6936.72,"ADPDEF_EXP":5.41,"EDUCAC_VA":5650.66,"EDUCAC_EXP":8.58,"SALUDH_VA":8338.11,"SALUDH_EXP":7.56,"ESPARC_VA":2912.35,"ESPARC_EXP":78.05,"OTRSER_VA":3279.52,"OTRSER_EXP":19.53,"SERHOG_VA":0.0,"SERHOG_EXP":0.0}},{"type":"Feature","geometry":{"type":"Point","coordinates":[25.49,42.73]},"properties":{"id":"BGR","name":"Bulgaria","continent":"europe","year":2016,"AGRPFO_VA":2050.17,"AGRPFO_EXP":2293.89,"FORLOG_VA":215.74,"FORLOG_EXP":75.39,"PESCAC_VA":23.67,"PESCAC_EXP":7.96,"MINCOL_VA":321.22,"MINCOL_EXP":13.77,"PETGAS_VA":24.13,"PETGAS_EXP":5.22,"MINORE_VA":578.47,"MINORE_EXP":813.9,"MINOTH_VA":166.84,"MINOTH_EXP":163.58,"MINSER_VA":4.05,"MINSER_EXP":6.77,"ALYBEB_VA":1317.48,"ALYBEB_EXP":1864.59,"TEXYPR_VA":838.22,"TEXYPR_EXP":1118.69,"MADYPR_VA":164.62,"MADYPR_EXP":221.56,"PAPYPR_VA":332.8,"PAPYPR_EXP":264.6,"PETREF_VA":688.51,"PETREF_EXP":1988.5,"QUIMYP_VA":482.48,"QUIMYP_EXP":903.45,"FARMED_VA":268.53,"FARMED_EXP":384.85,"HUPLAS_VA":444.25,"HUPLAS_EXP":644.87,"PRNOMT_VA":463.02,"PRNOMT_EXP":485.5,"METBAS_VA":406.48,"METBAS_EXP":1677.64,"NONFER_VA":265.68,"NONFER_EXP":1529.95,"PRMETA_VA":879.02,"PRMETA_EXP":654.6,"ELCTRO_VA":144.74,"ELCTRO_EXP":299.74,"ELCTRI_VA":417.32,"ELCTRI_EXP":1081.47,"MAQYEQ_VA":526.67,"MAQYEQ_EXP":1027.97,"AUTOMO_VA":313.75,"AUTOMO_EXP":478.3,"OTRTRA_VA":31.73,"OTRTRA_EXP":21.47,"TRANSP_VA":45.46,"TRANSP_EXP":131.71,"OTRMAN_VA":816.28,"OTRMAN_EXP":550.86,"ELEGAS_VA":2207.02,"ELEGAS_EXP":537.85,"AGUBAS_VA":550.09,"AGUBAS_EXP":22.58,"CONSTR_VA":1981.56,"CONSTR_EXP":170.91,"COMREV_VA":6589.32,"COMREV_EXP":3425.7,"TRATIE_VA":2085.28,"TRATIE_EXP":1583.61,"TRAGUA_VA":104.01,"TRAGUA_EXP":93.68,"TRAAIR_VA":121.5,"TRAAIR_EXP":438.56,"ALMSTR_VA":769.41,"ALMSTR_EXP":573.84,"POSTME_VA":172.3,"POSTME_EXP":26.92,"HOTYRE_VA":1148.6,"HOTYRE_EXP":1377.37,"MMTVRA_VA":468.5,"MMTVRA_EXP":171.72,"TELECO_VA":943.82,"TELECO_EXP":236.68,"ITSERV_VA":1510.07,"ITSERV_EXP":818.35,"SERFIN_VA":3286.72,"SERFIN_EXP":455.26,"GOBEST_VA":4436.91,"GOBEST_EXP":230.11,"SPRSCT_VA":1884.27,"SPRSCT_EXP":1042.81,"SEAEMP_VA":1134.13,"SEAEMP_EXP":333.14,"ADPDEF_VA":2866.62,"ADPDEF_EXP":18.09,"EDUCAC_VA":1652.29,"EDUCAC_EXP":109.23,"SALUDH_VA":1801.91,"SALUDH_EXP":60.27,"ESPARC_VA":683.88,"ESPARC_EXP":403.34,"OTRSER_VA":485.37,"OTRSER_EXP":72.22,"SERHOG_VA":68.07,"SERHOG_EXP":0.0}},{"type":"Feature","geometry":{"type":"Point","coordinates":[27.95,53.71]},"properties":{"id":"BLR","name":"Bielorrusia","continent":"europe","year":2016,"AGRPFO_VA":3799.39,"AGRPFO_EXP":612.53,"FORLOG_VA":237.42,"FORLOG_EXP":96.45,"PESCAC_VA":71.44,"PESCAC_EXP":4.39,"MINCOL_VA":9.07,"MINCOL_EXP":2.52,"PETGAS_VA":324.99,"PETGAS_EXP":112.56,"MINORE_VA":8.52,"MINORE_EXP":0.48,"MINOTH_VA":172.46,"MINOTH_EXP":136.25,"MINSER_VA":91.67,"MINSER_EXP":14.74,"ALYBEB_VA":2801.1,"ALYBEB_EXP":3550.8,"TEXYPR_VA":1281.35,"TEXYPR_EXP":434.34,"MADYPR_VA":313.24,"MADYPR_EXP":716.15,"PAPYPR_VA":626.28,"PAPYPR_EXP":173.73,"PETREF_VA":1679.98,"PETREF_EXP":3793.49,"QUIMYP_VA":1217.95,"QUIMYP_EXP":3403.78,"FARMED_VA":282.52,"FARMED_EXP":173.07,"HUPLAS_VA":415.51,"HUPLAS_EXP":858.86,"PRNOMT_VA":704.21,"PRNOMT_EXP":547.33,"METBAS_VA":412.68,"METBAS_EXP":359.03,"NONFER_VA":269.34,"NONFER_EXP":171.08,"PRMETA_VA":494.63,"PRMETA_EXP":667.24,"ELCTRO_VA":313.88,"ELCTRO_EXP":396.68,"ELCTRI_VA":317.87,"ELCTRI_EXP":831.55,"MAQYEQ_VA":844.74,"MAQYEQ_EXP":1738.69,"AUTOMO_VA":806.0,"AUTOMO_EXP":578.78,"OTRTRA_VA":87.77,"OTRTRA_EXP":1.94,"TRANSP_VA":84.49,"TRANSP_EXP":142.03,"OTRMAN_VA":691.11,"OTRMAN_EXP":763.7,"ELEGAS_VA":1444.02,"ELEGAS_EXP":29.18,"AGUBAS_VA":366.47,"AGUBAS_EXP":10.25,"CONSTR_VA":3200.44,"CONSTR_EXP":61.31,"COMREV_VA":4291.5,"COMREV_EXP":1690.09,"TRATIE_VA":1472.17,"TRATIE_EXP":474.17,"TRAGUA_VA":337.54,"TRAGUA_EXP":849.94,"TRAAIR_VA":290.66,"TRAAIR_EXP":955.07,"ALMSTR_VA":394.89,"ALMSTR_EXP":391.41,"POSTME_VA":77.78,"POSTME_EXP":3.68,"HOTYRE_VA":1089.46,"HOTYRE_EXP":230.8,"MMTVRA_VA":317.57,"MMTVRA_EXP":291.68,"TELECO_VA":771.3,"TELECO_EXP":773.21,"ITSERV_VA":247.48,"ITSERV_EXP":363.1,"SERFIN_VA":1635.08,"SERFIN_EXP":395.39,"GOBEST_VA":1863.53,"GOBEST_EXP":242.13,"SPRSCT_VA":1109.65,"SPRSCT_EXP":1025.06,"SEAEMP_VA":778.53,"SEAEMP_EXP":352.97,"ADPDEF_VA":2147.51,"ADPDEF_EXP":9.18,"EDUCAC_VA":1512.63,"EDUCAC_EXP":19.07,"SALUDH_VA":1710.22,"SALUDH_EXP":12.32,"ESPARC_VA":306.24,"ESPARC_EXP":138.36,"OTRSER_VA":501.56,"OTRSER_EXP":20.44,"SERHOG_VA":0.0,"SERHOG_EXP":0.0}},{"type":"Feature","geometry":{"type":"Point","coordinates":[-51.93,-14.24]},"properties":{"id":"BRA","name":"Brasil","continent":"america","year":2016,"AGRPFO_VA":81439.24,"AGRPFO_EXP":23465.73,"FORLOG_VA":6912.31,"FORLOG_EXP":700.78,"PESCAC_VA":3009.22,"PESCAC_EXP":151.34,"MINCOL_VA":2312.17,"MINCOL_EXP":8.8,"PETGAS_VA":7255.67,"PETGAS_EXP":9354.47,"MINORE_VA":7795.85,"MINORE_EXP":13937.77,"MINOTH_VA":2057.1,"MINOTH_EXP":394.02,"MINSER_VA":1333.14,"MINSER_EXP":64.29,"ALYBEB_VA":38355.83,"ALYBEB_EXP":27591.12,"TEXYPR_VA":16320.86,"TEXYPR_EXP":3013.14,"MADYPR_VA":2883.94,"MADYPR_EXP":1676.39,"PAPYPR_VA":10688.19,"PAPYPR_EXP":5777.43,"PETREF_VA":22410.8,"PETREF_EXP":1128.01,"QUIMYP_VA":17216.23,"QUIMYP_EXP":7142.92,"FARMED_VA":7605.88,"FARMED_EXP":830.64,"HUPLAS_VA":9137.79,"HUPLAS_EXP":2023.47,"PRNOMT_VA":7924.64,"PRNOMT_EXP":1637.2,"METBAS_VA":5162.27,"METBAS_EXP":7400.63,"NONFER_VA":4065.16,"NONFER_EXP":7185.07,"PRMETA_VA":10342.58,"PRMETA_EXP":1770.42,"ELCTRO_VA":4971.85,"ELCTRO_EXP":1027.86,"ELCTRI_VA":6540.56,"ELCTRI_EXP":2020.44,"MAQYEQ_VA":10114.47,"MAQYEQ_EXP":5564.1,"AUTOMO_VA":11784.86,"AUTOMO_EXP":9678.55,"OTRTRA_VA":1840.53,"OTRTRA_EXP":2183.93,"TRANSP_VA":2091.77,"TRANSP_EXP":6221.14,"OTRMAN_VA":16283.73,"OTRMAN_EXP":1647.05,"ELEGAS_VA":27859.89,"ELEGAS_EXP":40.03,"AGUBAS_VA":11477.17,"AGUBAS_EXP":0.82,"CONSTR_VA":80888.26,"CONSTR_EXP":21.02,"COMREV_VA":275211.98,"COMREV_EXP":38433.19,"TRATIE_VA":45639.25,"TRATIE_EXP":3735.85,"TRAGUA_VA":2674.39,"TRAGUA_EXP":1313.29,"TRAAIR_VA":2851.32,"TRAAIR_EXP":2007.71,"ALMSTR_VA":19341.52,"ALMSTR_EXP":3055.87,"POSTME_VA":4064.99,"POSTME_EXP":115.28,"HOTYRE_VA":37437.75,"HOTYRE_EXP":1572.84,"MMTVRA_VA":7486.35,"MMTVRA_EXP":575.36,"TELECO_VA":18882.08,"TELECO_EXP":434.93,"ITSERV_VA":24050.87,"ITSERV_EXP":1229.82,"SERFIN_VA":115277.56,"SERFIN_EXP":5116.47,"GOBEST_VA":142792.49,"GOBEST_EXP":140.3,"SPRSCT_VA":64410.33,"SPRSCT_EXP":10029.95,"SEAEMP_VA":64991.8,"SEAEMP_EXP":3727.67,"ADPDEF_VA":149776.3,"ADPDEF_EXP":1249.87,"EDUCAC_VA":98017.42,"EDUCAC_EXP":526.76,"SALUDH_VA":58115.65,"SALUDH_EXP":79.96,"ESPARC_VA":13172.48,"ESPARC_EXP":515.16,"OTRSER_VA":29669.96,"OTRSER_EXP":104.25,"SERHOG_VA":18452.32,"SERHOG_EXP":0.0}},{"type":"Feature","geometry":{"type":"Point","coordinates":[114.73,4.54]},"properties":{"id":"BRN","name":"Brunéi","continent":"asia","year":2016,"AGRPFO_VA":43.87,"AGRPFO_EXP":0.84,"FORLOG_VA":24.37,"FORLOG_EXP":0.09,"PESCAC_VA":42.75,"PESCAC_EXP":0.29,"MINCOL_VA":498.75,"MINCOL_EXP":0.0,"PETGAS_VA":3310.41,"PETGAS_EXP":4301.61,"MINORE_VA":678.56,"MINORE_EXP":0.06,"MINOTH_VA":567.47,"MINOTH_EXP":0.57,"MINSER_VA":473.7,"MINSER_EXP":79.68,"ALYBEB_VA":14.77,"ALYBEB_EXP":3.94,"TEXYPR_VA":21.96,"TEXYPR_EXP":12.92,"MADYPR_VA":1.7,"MADYPR_EXP":1.44,"PAPYPR_VA":5.08,"PAPYPR_EXP":0.26,"PETREF_VA":1081.54,"PETREF_EXP":272.71,"QUIMYP_VA":10.94,"QUIMYP_EXP":22.32,"FARMED_VA":6.9,"FARMED_EXP":0.21,"HUPLAS_VA":5.75,"HUPLAS_EXP":0.27,"PRNOMT_VA":11.51,"PRNOMT_EXP":0.53,"METBAS_VA":2.3,"METBAS_EXP":4.65,"NONFER_VA":1.39,"NONFER_EXP":2.8,"PRMETA_VA":9.55,"PRMETA_EXP":0.99,"ELCTRO_VA":3.09,"ELCTRO_EXP":0.81,"ELCTRI_VA":5.5,"ELCTRI_EXP":0.54,"MAQYEQ_VA":5.74,"MAQYEQ_EXP":0.64,"AUTOMO_VA":0.0,"AUTOMO_EXP":0.0,"OTRTRA_VA":4.52,"OTRTRA_EXP":0.02,"TRANSP_VA":6.26,"TRANSP_EXP":13.89,"OTRMAN_VA":4.62,"OTRMAN_EXP":1.08,"ELEGAS_VA":104.38,"ELEGAS_EXP":0.1,"AGUBAS_VA":25.98,"AGUBAS_EXP":1.03,"CONSTR_VA":257.36,"CONSTR_EXP":0.46,"COMREV_VA":536.85,"COMREV_EXP":47.46,"TRATIE_VA":80.97,"TRATIE_EXP":18.04,"TRAGUA_VA":99.79,"TRAGUA_EXP":40.88,"TRAAIR_VA":31.4,"TRAAIR_EXP":44.68,"ALMSTR_VA":46.48,"ALMSTR_EXP":30.19,"POSTME_VA":5.78,"POSTME_EXP":8.73,"HOTYRE_VA":120.46,"HOTYRE_EXP":46.17,"MMTVRA_VA":11.72,"MMTVRA_EXP":0.66,"TELECO_VA":177.76,"TELECO_EXP":66.91,"ITSERV_VA":30.05,"ITSERV_EXP":2.92,"SERFIN_VA":648.63,"SERFIN_EXP":63.49,"GOBEST_VA":236.16,"GOBEST_EXP":16.18,"SPRSCT_VA":192.67,"SPRSCT_EXP":92.77,"SEAEMP_VA":83.86,"SEAEMP_EXP":38.56,"ADPDEF_VA":1397.58,"ADPDEF_EXP":0.01,"EDUCAC_VA":428.63,"EDUCAC_EXP":3.48,"SALUDH_VA":159.74,"SALUDH_EXP":2.26,"ESPARC_VA":16.54,"ESPARC_EXP":2.69,"OTRSER_VA":21.01,"OTRSER_EXP":3.04,"SERHOG_VA":15.53,"SERHOG_EXP":0.0}},{"type":"Feature","geometry":{"type":"Point","coordinates":[-106.35,56.13]},"properties":{"id":"CAN","name":"Canadá","continent":"america","year":2016,"AGRPFO_VA":21860.34,"AGRPFO_EXP":15491.65,"FORLOG_VA":5386.81,"FORLOG_EXP":632.78,"PESCAC_VA":1558.16,"PESCAC_EXP":885.67,"MINCOL_VA":1957.12,"MINCOL_EXP":2141.66,"PETGAS_VA":31632.11,"PETGAS_EXP":45093.93,"MINORE_VA":10591.63,"MINORE_EXP":10919.7,"MINOTH_VA":4879.03,"MINOTH_EXP":2993.97,"MINSER_VA":8827.18,"MINSER_EXP":307.23,"ALYBEB_VA":24562.45,"ALYBEB_EXP":18495.56,"TEXYPR_VA":2211.3,"TEXYPR_EXP":2589.24,"MADYPR_VA":7526.29,"MADYPR_EXP":8524.33,"PAPYPR_VA":9901.63,"PAPYPR_EXP":11503.04,"PETREF_VA":9312.57,"PETREF_EXP":9259.11,"QUIMYP_VA":11365.32,"QUIMYP_EXP":14561.93,"FARMED_VA":4195.83,"FARMED_EXP":6729.1,"HUPLAS_VA":8050.62,"HUPLAS_EXP":7636.87,"PRNOMT_VA":5629.19,"PRNOMT_EXP":1965.8,"METBAS_VA":3582.5,"METBAS_EXP":4123.0,"NONFER_VA":4880.68,"NONFER_EXP":22727.6,"PRMETA_VA":11577.24,"PRMETA_EXP":7615.42,"ELCTRO_VA":4778.79,"ELCTRO_EXP":8592.25,"ELCTRI_VA":3057.55,"ELCTRI_EXP":4504.36,"MAQYEQ_VA":10874.5,"MAQYEQ_EXP":15245.23,"AUTOMO_VA":17082.13,"AUTOMO_EXP":47423.2,"OTRTRA_VA":698.38,"OTRTRA_EXP":346.77,"TRANSP_VA":8774.33,"TRANSP_EXP":13361.28,"OTRMAN_VA":12564.89,"OTRMAN_EXP":6751.84,"ELEGAS_VA":30591.9,"ELEGAS_EXP":3150.46,"AGUBAS_VA":7778.25,"AGUBAS_EXP":308.9,"CONSTR_VA":111032.09,"CONSTR_EXP":0.03,"COMREV_VA":161116.56,"COMREV_EXP":51907.09,"TRATIE_VA":37369.96,"TRATIE_EXP":13412.08,"TRAGUA_VA":1349.16,"TRAGUA_EXP":1339.09,"TRAAIR_VA":7182.88,"TRAAIR_EXP":8352.96,"ALMSTR_VA":15627.99,"ALMSTR_EXP":3733.97,"POSTME_VA":5999.5,"POSTME_EXP":1091.98,"HOTYRE_VA":34088.99,"HOTYRE_EXP":6508.18,"MMTVRA_VA":14302.12,"MMTVRA_EXP":3244.55,"TELECO_VA":25810.96,"TELECO_EXP":1954.53,"ITSERV_VA":26836.87,"ITSERV_EXP":5968.85,"SERFIN_VA":103904.27,"SERFIN_EXP":11560.1,"GOBEST_VA":178268.08,"GOBEST_EXP":1194.56,"SPRSCT_VA":63717.51,"SPRSCT_EXP":8778.32,"SEAEMP_VA":47195.66,"SEAEMP_EXP":10859.41,"ADPDEF_VA":103124.59,"ADPDEF_EXP":3051.95,"EDUCAC_VA":80426.56,"EDUCAC_EXP":6668.48,"SALUDH_VA":108807.99,"SALUDH_EXP":581.54,"ESPARC_VA":11305.43,"ESPARC_EXP":2516.04,"OTRSER_VA":19384.16,"OTRSER_EXP":842.26,"SERHOG_VA":2500.24,"SERHOG_EXP":0.0}},{"type":"Feature","geometry":{"type":"Point","coordinates":[8.23,46.82]},"properties":{"id":"CHE","name":"Suiza","continent":"europe","year":2016,"AGRPFO_VA":3846.89,"AGRPFO_EXP":335.1,"FORLOG_VA":387.1,"FORLOG_EXP":101.69,"PESCAC_VA":31.95,"PESCAC_EXP":28.5,"MINCOL_VA":0.0,"MINCOL_EXP":0.0,"PETGAS_VA":3.71,"PETGAS_EXP":5.19,"MINORE_VA":18.47,"MINORE_EXP":9.0,"MINOTH_VA":882.8,"MINOTH_EXP":21.49,"MINSER_VA":14.76,"MINSER_EXP":1.06,"ALYBEB_VA":10338.11,"ALYBEB_EXP":6682.04,"TEXYPR_VA":1104.92,"TEXYPR_EXP":1956.96,"MADYPR_VA":3526.04,"MADYPR_EXP":841.79,"PAPYPR_VA":2759.14,"PAPYPR_EXP":2000.13,"PETREF_VA":152.38,"PETREF_EXP":117.73,"QUIMYP_VA":8423.5,"QUIMYP_EXP":18992.44,"FARMED_VA":30508.95,"FARMED_EXP":50896.44,"HUPLAS_VA":3348.34,"HUPLAS_EXP":5662.34,"PRNOMT_VA":2856.56,"PRNOMT_EXP":1020.34,"METBAS_VA":854.23,"METBAS_EXP":1306.09,"NONFER_VA":668.47,"NONFER_EXP":2013.13,"PRMETA_VA":9595.09,"PRMETA_EXP":5803.42,"ELCTRO_VA":21522.85,"ELCTRO_EXP":23937.85,"ELCTRI_VA":5579.37,"ELCTRI_EXP":7211.88,"MAQYEQ_VA":12029.95,"MAQYEQ_EXP":17491.37,"AUTOMO_VA":705.21,"AUTOMO_EXP":811.05,"OTRTRA_VA":56.42,"OTRTRA_EXP":7.15,"TRANSP_VA":1870.35,"TRANSP_EXP":4164.64,"OTRMAN_VA":6419.14,"OTRMAN_EXP":6866.89,"ELEGAS_VA":8175.71,"ELEGAS_EXP":1970.4,"AGUBAS_VA":2480.89,"AGUBAS_EXP":21.52,"CONSTR_VA":35695.78,"CONSTR_EXP":197.24,"COMREV_VA":106111.15,"COMREV_EXP":54852.27,"TRATIE_VA":15951.11,"TRATIE_EXP":4367.45,"TRAGUA_VA":854.34,"TRAGUA_EXP":9974.61,"TRAAIR_VA":2223.12,"TRAAIR_EXP":2777.48,"ALMSTR_VA":5748.47,"ALMSTR_EXP":5360.15,"POSTME_VA":3466.02,"POSTME_EXP":2491.16,"HOTYRE_VA":12828.3,"HOTYRE_EXP":6053.55,"MMTVRA_VA":3475.22,"MMTVRA_EXP":5470.31,"TELECO_VA":9306.69,"TELECO_EXP":1378.77,"ITSERV_VA":18310.02,"ITSERV_EXP":14771.94,"SERFIN_VA":69799.7,"SERFIN_EXP":44925.88,"GOBEST_VA":48558.95,"GOBEST_EXP":1246.8,"SPRSCT_VA":50477.09,"SPRSCT_EXP":14225.74,"SEAEMP_VA":21019.22,"SEAEMP_EXP":10383.82,"ADPDEF_VA":56204.47,"ADPDEF_EXP":1407.1,"EDUCAC_VA":4425.01,"EDUCAC_EXP":435.23,"SALUDH_VA":53447.59,"SALUDH_EXP":486.34,"ESPARC_VA":7071.52,"ESPARC_EXP":3214.46,"OTRSER_VA":9307.03,"OTRSER_EXP":322.61,"SERHOG_VA":2342.59,"SERHOG_EXP":0.0}},{"type":"Feature","geometry":{"type":"Point","coordinates":[-71.54,-35.68]},"properties":{"id":"CHL","name":"Chile","continent":"america","year":2016,"AGRPFO_VA":7438.78,"AGRPFO_EXP":4489.13,"FORLOG_VA":1324.88,"FORLOG_EXP":200.8,"PESCAC_VA":1348.12,"PESCAC_EXP":544.85,"MINCOL_VA":28.85,"MINCOL_EXP":20.68,"PETGAS_VA":38.31,"PETGAS_EXP":2.31,"MINORE_VA":18500.46,"MINORE_EXP":25598.3,"MINOTH_VA":1412.64,"MINOTH_EXP":207.98,"MINSER_VA":325.61,"MINSER_EXP":34.57,"ALYBEB_VA":10198.16,"ALYBEB_EXP":8112.14,"TEXYPR_VA":585.89,"TEXYPR_EXP":698.7,"MADYPR_VA":1388.98,"MADYPR_EXP":1908.24,"PAPYPR_VA":2344.25,"PAPYPR_EXP":2434.19,"PETREF_VA":2413.85,"PETREF_EXP":378.54,"QUIMYP_VA":1774.09,"QUIMYP_EXP":2204.61,"FARMED_VA":647.06,"FARMED_EXP":190.34,"HUPLAS_VA":931.15,"HUPLAS_EXP":620.71,"PRNOMT_VA":887.25,"PRNOMT_EXP":98.01,"METBAS_VA":34.79,"METBAS_EXP":89.6,"NONFER_VA":354.44,"NONFER_EXP":762.45,"PRMETA_VA":1628.87,"PRMETA_EXP":436.51,"ELCTRO_VA":4403.54,"ELCTRO_EXP":227.68,"ELCTRI_VA":703.15,"ELCTRI_EXP":378.44,"MAQYEQ_VA":738.44,"MAQYEQ_EXP":524.58,"AUTOMO_VA":0.0,"AUTOMO_EXP":0.0,"OTRTRA_VA":159.51,"OTRTRA_EXP":134.07,"TRANSP_VA":304.22,"TRANSP_EXP":81.9,"OTRMAN_VA":1120.66,"OTRMAN_EXP":348.31,"ELEGAS_VA":5846.83,"ELEGAS_EXP":31.09,"AGUBAS_VA":1674.26,"AGUBAS_EXP":0.67,"CONSTR_VA":16902.98,"CONSTR_EXP":7.54,"COMREV_VA":23751.17,"COMREV_EXP":8042.55,"TRATIE_VA":7406.89,"TRATIE_EXP":1335.42,"TRAGUA_VA":314.54,"TRAGUA_EXP":370.28,"TRAAIR_VA":2087.27,"TRAAIR_EXP":1889.61,"ALMSTR_VA":4053.47,"ALMSTR_EXP":987.48,"POSTME_VA":262.86,"POSTME_EXP":52.95,"HOTYRE_VA":5287.84,"HOTYRE_EXP":1031.18,"MMTVRA_VA":741.28,"MMTVRA_EXP":62.9,"TELECO_VA":3072.39,"TELECO_EXP":166.23,"ITSERV_VA":3134.24,"ITSERV_EXP":222.76,"SERFIN_VA":11467.46,"SERFIN_EXP":574.48,"GOBEST_VA":19107.04,"GOBEST_EXP":219.06,"SPRSCT_VA":15639.39,"SPRSCT_EXP":523.92,"SEAEMP_VA":9754.75,"SEAEMP_EXP":925.99,"ADPDEF_VA":11957.37,"ADPDEF_EXP":168.4,"EDUCAC_VA":12347.95,"EDUCAC_EXP":74.73,"SALUDH_VA":11270.09,"SALUDH_EXP":47.92,"ESPARC_VA":1173.83,"ESPARC_EXP":110.78,"OTRSER_VA":2921.0,"OTRSER_EXP":94.51,"SERHOG_VA":0.0,"SERHOG_EXP":0.0}},{"type":"Feature","geometry":{"type":"Point","coordinates":[104.2,35.86]},"properties":{"id":"CHN","name":"China","continent":"asia","year":2016,"AGRPFO_VA":729446.77,"AGRPFO_EXP":14258.04,"FORLOG_VA":54586.11,"FORLOG_EXP":72.72,"PESCAC_VA":90204.79,"PESCAC_EXP":1046.7,"MINCOL_VA":96744.11,"MINCOL_EXP":498.66,"PETGAS_VA":94944.98,"PETGAS_EXP":1523.61,"MINORE_VA":47081.31,"MINORE_EXP":2962.64,"MINOTH_VA":32042.54,"MINOTH_EXP":1701.05,"MINSER_VA":6605.06,"MINSER_EXP":469.87,"ALYBEB_VA":376401.63,"ALYBEB_EXP":41036.31,"TEXYPR_VA":287311.0,"TEXYPR_EXP":253827.21,"MADYPR_VA":41238.58,"MADYPR_EXP":11382.58,"PAPYPR_VA":96265.34,"PAPYPR_EXP":15447.62,"PETREF_VA":116559.83,"PETREF_EXP":15492.5,"QUIMYP_VA":245300.4,"QUIMYP_EXP":86430.42,"FARMED_VA":94497.9,"FARMED_EXP":10176.84,"HUPLAS_VA":106340.81,"HUPLAS_EXP":58366.03,"PRNOMT_VA":239099.64,"PRNOMT_EXP":33874.66,"METBAS_VA":184284.34,"METBAS_EXP":47968.27,"NONFER_VA":115391.14,"NONFER_EXP":17248.37,"PRMETA_VA":151472.32,"PRMETA_EXP":64524.78,"ELCTRO_VA":287252.52,"ELCTRO_EXP":435535.96,"ELCTRI_VA":152642.35,"ELCTRI_EXP":159377.95,"MAQYEQ_VA":251254.63,"MAQYEQ_EXP":130591.27,"AUTOMO_VA":212606.66,"AUTOMO_EXP":39573.09,"OTRTRA_VA":15511.68,"OTRTRA_EXP":18298.05,"TRANSP_VA":25421.61,"TRANSP_EXP":20908.69,"OTRMAN_VA":76931.94,"OTRMAN_EXP":111683.19,"ELEGAS_VA":236831.15,"ELEGAS_EXP":1233.34,"AGUBAS_VA":63709.59,"AGUBAS_EXP":0.06,"CONSTR_VA":777928.55,"CONSTR_EXP":0.11,"COMREV_VA":1043027.25,"COMREV_EXP":130805.89,"TRATIE_VA":352126.95,"TRATIE_EXP":23324.41,"TRAGUA_VA":52292.34,"TRAGUA_EXP":26841.35,"TRAAIR_VA":29015.45,"TRAAIR_EXP":15904.78,"ALMSTR_VA":49978.73,"ALMSTR_EXP":5386.77,"POSTME_VA":22980.33,"POSTME_EXP":62.31,"HOTYRE_VA":206064.26,"HOTYRE_EXP":8783.15,"MMTVRA_VA":33015.67,"MMTVRA_EXP":7322.97,"TELECO_VA":138564.8,"TELECO_EXP":12427.96,"ITSERV_VA":116487.84,"ITSERV_EXP":16553.12,"SERFIN_VA":833417.34,"SERFIN_EXP":10250.76,"GOBEST_VA":693670.99,"GOBEST_EXP":5070.21,"SPRSCT_VA":230873.52,"SPRSCT_EXP":41448.95,"SEAEMP_VA":299544.81,"SEAEMP_EXP":25098.79,"ADPDEF_VA":479039.52,"ADPDEF_EXP":0.12,"EDUCAC_VA":377810.03,"EDUCAC_EXP":245.34,"SALUDH_VA":241951.57,"SALUDH_EXP":719.56,"ESPARC_VA":65953.83,"ESPARC_EXP":3746.78,"OTRSER_VA":181895.38,"OTRSER_EXP":925.7,"SERHOG_VA":0.0,"SERHOG_EXP":0.0}},{"type":"Feature","geometry":{"type":"Point","coordinates":[-5.55,7.54]},"properties":{"id":"CIV","name":"Costa de Marfil","continent":"other","year":2016,"AGRPFO_VA":11493.92,"AGRPFO_EXP":3569.48,"FORLOG_VA":336.62,"FORLOG_EXP":4.91,"PESCAC_VA":131.68,"PESCAC_EXP":3.1,"MINCOL_VA":2.97,"MINCOL_EXP":7.64,"PETGAS_VA":30.94,"PETGAS_EXP":69.43,"MINORE_VA":99.48,"MINORE_EXP":20.79,"MINOTH_VA":10.39,"MINOTH_EXP":12.51,"MINSER_VA":7.71,"MINSER_EXP":7.26,"ALYBEB_VA":2629.15,"ALYBEB_EXP":2472.81,"TEXYPR_VA":1384.87,"TEXYPR_EXP":168.52,"MADYPR_VA":635.36,"MADYPR_EXP":208.34,"PAPYPR_VA":284.56,"PAPYPR_EXP":4.81,"PETREF_VA":977.89,"PETREF_EXP":625.43,"QUIMYP_VA":278.21,"QUIMYP_EXP":125.92,"FARMED_VA":172.63,"FARMED_EXP":3.44,"HUPLAS_VA":328.53,"HUPLAS_EXP":102.29,"PRNOMT_VA":435.65,"PRNOMT_EXP":31.1,"METBAS_VA":36.92,"METBAS_EXP":3.77,"NONFER_VA":39.34,"NONFER_EXP":52.03,"PRMETA_VA":311.33,"PRMETA_EXP":3.28,"ELCTRO_VA":0.0,"ELCTRO_EXP":0.0,"ELCTRI_VA":2.06,"ELCTRI_EXP":1.23,"MAQYEQ_VA":119.1,"MAQYEQ_EXP":36.59,"AUTOMO_VA":49.97,"AUTOMO_EXP":5.59,"OTRTRA_VA":7.29,"OTRTRA_EXP":0.68,"TRANSP_VA":12.76,"TRANSP_EXP":19.88,"OTRMAN_VA":589.32,"OTRMAN_EXP":53.18,"ELEGAS_VA":802.9,"ELEGAS_EXP":115.78,"AGUBAS_VA":146.76,"AGUBAS_EXP":0.17,"CONSTR_VA":1005.66,"CONSTR_EXP":5.99,"COMREV_VA":5843.35,"COMREV_EXP":969.79,"TRATIE_VA":1045.52,"TRATIE_EXP":179.58,"TRAGUA_VA":74.23,"TRAGUA_EXP":100.98,"TRAAIR_VA":175.32,"TRAAIR_EXP":111.83,"ALMSTR_VA":823.64,"ALMSTR_EXP":121.21,"POSTME_VA":145.38,"POSTME_EXP":23.9,"HOTYRE_VA":274.64,"HOTYRE_EXP":63.98,"MMTVRA_VA":322.26,"MMTVRA_EXP":33.35,"TELECO_VA":575.48,"TELECO_EXP":47.4,"ITSERV_VA":602.08,"ITSERV_EXP":150.63,"SERFIN_VA":1640.56,"SERFIN_EXP":41.23,"GOBEST_VA":2708.06,"GOBEST_EXP":13.55,"SPRSCT_VA":693.77,"SPRSCT_EXP":64.04,"SEAEMP_VA":1352.38,"SEAEMP_EXP":4.97,"ADPDEF_VA":3766.97,"ADPDEF_EXP":0.0,"EDUCAC_VA":1424.23,"EDUCAC_EXP":4.23,"SALUDH_VA":337.4,"SALUDH_EXP":2.45,"ESPARC_VA":77.63,"ESPARC_EXP":6.59,"OTRSER_VA":1374.58,"OTRSER_EXP":3.44,"SERHOG_VA":112.4,"SERHOG_EXP":0.0}},{"type":"Feature","geometry":{"type":"Point","coordinates":[12.35,7.37]},"properties":{"id":"CMR","name":"Camerún","continent":"other","year":2016,"AGRPFO_VA":4060.24,"AGRPFO_EXP":841.28,"FORLOG_VA":1258.76,"FORLOG_EXP":228.82,"PESCAC_VA":500.16,"PESCAC_EXP":11.0,"MINCOL_VA":223.99,"MINCOL_EXP":9.66,"PETGAS_VA":1112.66,"PETGAS_EXP":1206.04,"MINORE_VA":22.63,"MINORE_EXP":0.28,"MINOTH_VA":78.85,"MINOTH_EXP":4.65,"MINSER_VA":164.59,"MINSER_EXP":85.25,"ALYBEB_VA":2308.74,"ALYBEB_EXP":416.23,"TEXYPR_VA":1099.17,"TEXYPR_EXP":169.14,"MADYPR_VA":501.79,"MADYPR_EXP":296.79,"PAPYPR_VA":91.54,"PAPYPR_EXP":4.97,"PETREF_VA":178.52,"PETREF_EXP":198.74,"QUIMYP_VA":162.0,"QUIMYP_EXP":151.8,"FARMED_VA":38.69,"FARMED_EXP":2.04,"HUPLAS_VA":41.3,"HUPLAS_EXP":8.05,"PRNOMT_VA":194.53,"PRNOMT_EXP":52.36,"METBAS_VA":10.19,"METBAS_EXP":20.1,"NONFER_VA":47.14,"NONFER_EXP":120.97,"PRMETA_VA":17.54,"PRMETA_EXP":12.38,"ELCTRO_VA":7.37,"ELCTRO_EXP":6.46,"ELCTRI_VA":7.97,"ELCTRI_EXP":4.95,"MAQYEQ_VA":9.35,"MAQYEQ_EXP":12.63,"AUTOMO_VA":5.49,"AUTOMO_EXP":4.53,"OTRTRA_VA":1.19,"OTRTRA_EXP":0.99,"TRANSP_VA":1.96,"TRANSP_EXP":2.11,"OTRMAN_VA":222.94,"OTRMAN_EXP":36.31,"ELEGAS_VA":350.93,"ELEGAS_EXP":0.05,"AGUBAS_VA":210.52,"AGUBAS_EXP":0.41,"CONSTR_VA":1817.38,"CONSTR_EXP":1.5,"COMREV_VA":3435.95,"COMREV_EXP":489.34,"TRATIE_VA":1721.23,"TRATIE_EXP":245.1,"TRAGUA_VA":189.55,"TRAGUA_EXP":98.24,"TRAAIR_VA":232.89,"TRAAIR_EXP":133.04,"ALMSTR_VA":921.01,"ALMSTR_EXP":207.28,"POSTME_VA":305.12,"POSTME_EXP":42.63,"HOTYRE_VA":1826.03,"HOTYRE_EXP":75.49,"MMTVRA_VA":172.96,"MMTVRA_EXP":38.14,"TELECO_VA":285.08,"TELECO_EXP":30.99,"ITSERV_VA":299.41,"ITSERV_EXP":103.24,"SERFIN_VA":608.16,"SERFIN_EXP":167.7,"GOBEST_VA":1412.6,"GOBEST_EXP":15.53,"SPRSCT_VA":942.08,"SPRSCT_EXP":173.74,"SEAEMP_VA":439.27,"SEAEMP_EXP":403.8,"ADPDEF_VA":1849.56,"ADPDEF_EXP":7.25,"EDUCAC_VA":1194.19,"EDUCAC_EXP":13.55,"SALUDH_VA":357.86,"SALUDH_EXP":3.07,"ESPARC_VA":291.18,"ESPARC_EXP":118.56,"OTRSER_VA":534.65,"OTRSER_EXP":4.59,"SERHOG_VA":24.36,"SERHOG_EXP":0.0}},{"type":"Feature","geometry":{"type":"Point","coordinates":[21.76,-4.04]},"properties":{"id":"COD","name":"R.D. Congo","continent":"other","year":2016,"AGRPFO_VA":4186.78,"AGRPFO_EXP":472.19,"FORLOG_VA":372.38,"FORLOG_EXP":164.11,"PESCAC_VA":350.37,"PESCAC_EXP":0.07,"MINCOL_VA":15.35,"MINCOL_EXP":0.17,"PETGAS_VA":101.97,"PETGAS_EXP":109.05,"MINORE_VA":6128.14,"MINORE_EXP":3601.52,"MINOTH_VA":54.95,"MINOTH_EXP":0.3,"MINSER_VA":167.62,"MINSER_EXP":0.58,"ALYBEB_VA":5845.61,"ALYBEB_EXP":70.44,"TEXYPR_VA":452.23,"TEXYPR_EXP":6.24,"MADYPR_VA":17.51,"MADYPR_EXP":19.21,"PAPYPR_VA":90.55,"PAPYPR_EXP":0.97,"PETREF_VA":20.33,"PETREF_EXP":27.86,"QUIMYP_VA":3.3,"QUIMYP_EXP":0.83,"FARMED_VA":1.74,"FARMED_EXP":0.1,"HUPLAS_VA":98.91,"HUPLAS_EXP":5.1,"PRNOMT_VA":32.97,"PRNOMT_EXP":4.94,"METBAS_VA":191.46,"METBAS_EXP":396.29,"NONFER_VA":1096.59,"NONFER_EXP":2096.0,"PRMETA_VA":59.68,"PRMETA_EXP":30.27,"ELCTRO_VA":0.36,"ELCTRO_EXP":0.14,"ELCTRI_VA":153.41,"ELCTRI_EXP":20.51,"MAQYEQ_VA":1.55,"MAQYEQ_EXP":0.38,"AUTOMO_VA":325.81,"AUTOMO_EXP":43.58,"OTRTRA_VA":21.55,"OTRTRA_EXP":0.06,"TRANSP_VA":0.47,"TRANSP_EXP":0.1,"OTRMAN_VA":166.27,"OTRMAN_EXP":5.86,"ELEGAS_VA":147.99,"ELEGAS_EXP":5.67,"AGUBAS_VA":100.06,"AGUBAS_EXP":0.26,"CONSTR_VA":1872.49,"CONSTR_EXP":0.33,"COMREV_VA":3020.95,"COMREV_EXP":592.95,"TRATIE_VA":2792.03,"TRATIE_EXP":707.5,"TRAGUA_VA":221.61,"TRAGUA_EXP":96.49,"TRAAIR_VA":85.52,"TRAAIR_EXP":10.9,"ALMSTR_VA":361.76,"ALMSTR_EXP":99.42,"POSTME_VA":10.76,"POSTME_EXP":1.44,"HOTYRE_VA":204.15,"HOTYRE_EXP":20.79,"MMTVRA_VA":318.53,"MMTVRA_EXP":2.03,"TELECO_VA":684.73,"TELECO_EXP":2.15,"ITSERV_VA":18.28,"ITSERV_EXP":10.07,"SERFIN_VA":688.93,"SERFIN_EXP":28.32,"GOBEST_VA":1435.99,"GOBEST_EXP":0.85,"SPRSCT_VA":567.89,"SPRSCT_EXP":3.85,"SEAEMP_VA":372.16,"SEAEMP_EXP":4.74,"ADPDEF_VA":3600.05,"ADPDEF_EXP":0.2,"EDUCAC_VA":310.84,"EDUCAC_EXP":0.86,"SALUDH_VA":914.12,"SALUDH_EXP":1.63,"ESPARC_VA":141.98,"ESPARC_EXP":1.78,"OTRSER_VA":252.73,"OTRSER_EXP":1.08,"SERHOG_VA":106.67,"SERHOG_EXP":0.0}},{"type":"Feature","geometry":{"type":"Point","coordinates":[-74.3,4.57]},"properties":{"id":"COL","name":"Colombia","continent":"america","year":2016,"AGRPFO_VA":17175.68,"AGRPFO_EXP":2530.43,"FORLOG_VA":633.92,"FORLOG_EXP":31.13,"PESCAC_VA":545.0,"PESCAC_EXP":22.29,"MINCOL_VA":3621.15,"MINCOL_EXP":3893.7,"PETGAS_VA":8014.42,"PETGAS_EXP":7508.64,"MINORE_VA":1605.9,"MINORE_EXP":1336.78,"MINOTH_VA":822.03,"MINOTH_EXP":34.57,"MINSER_VA":79.61,"MINSER_EXP":3.08,"ALYBEB_VA":10185.08,"ALYBEB_EXP":3527.44,"TEXYPR_VA":3447.29,"TEXYPR_EXP":801.14,"MADYPR_VA":373.89,"MADYPR_EXP":27.33,"PAPYPR_VA":1546.26,"PAPYPR_EXP":462.23,"PETREF_VA":2751.1,"PETREF_EXP":2228.87,"QUIMYP_VA":4334.82,"QUIMYP_EXP":2104.25,"FARMED_VA":1177.24,"FARMED_EXP":344.94,"HUPLAS_VA":927.25,"HUPLAS_EXP":512.88,"PRNOMT_VA":4623.26,"PRNOMT_EXP":354.49,"METBAS_VA":886.49,"METBAS_EXP":1323.63,"NONFER_VA":156.93,"NONFER_EXP":486.02,"PRMETA_VA":1119.9,"PRMETA_EXP":345.04,"ELCTRO_VA":694.67,"ELCTRO_EXP":185.53,"ELCTRI_VA":696.61,"ELCTRI_EXP":354.15,"MAQYEQ_VA":1482.61,"MAQYEQ_EXP":583.53,"AUTOMO_VA":704.58,"AUTOMO_EXP":248.31,"OTRTRA_VA":4.37,"OTRTRA_EXP":9.59,"TRANSP_VA":130.85,"TRANSP_EXP":1.42,"OTRMAN_VA":1931.58,"OTRMAN_EXP":220.18,"ELEGAS_VA":6189.57,"ELEGAS_EXP":248.6,"AGUBAS_VA":2602.24,"AGUBAS_EXP":47.61,"CONSTR_VA":20663.2,"CONSTR_EXP":11.15,"COMREV_VA":24526.89,"COMREV_EXP":3198.76,"TRATIE_VA":11369.48,"TRATIE_EXP":1010.86,"TRAGUA_VA":90.72,"TRAGUA_EXP":80.47,"TRAAIR_VA":1428.09,"TRAAIR_EXP":1866.31,"ALMSTR_VA":2501.73,"ALMSTR_EXP":280.59,"POSTME_VA":323.0,"POSTME_EXP":19.33,"HOTYRE_VA":12240.47,"HOTYRE_EXP":940.5,"MMTVRA_VA":953.86,"MMTVRA_EXP":81.42,"TELECO_VA":5100.52,"TELECO_EXP":126.31,"ITSERV_VA":1862.66,"ITSERV_EXP":125.1,"SERFIN_VA":12095.35,"SERFIN_EXP":158.66,"GOBEST_VA":23599.81,"GOBEST_EXP":160.76,"SPRSCT_VA":8801.9,"SPRSCT_EXP":783.24,"SEAEMP_VA":9984.64,"SEAEMP_EXP":810.66,"ADPDEF_VA":16412.75,"ADPDEF_EXP":27.82,"EDUCAC_VA":12831.42,"EDUCAC_EXP":70.29,"SALUDH_VA":11949.03,"SALUDH_EXP":35.33,"ESPARC_VA":6374.65,"ESPARC_EXP":164.25,"OTRSER_VA":4065.55,"OTRSER_EXP":49.23,"SERHOG_VA":1707.44,"SERHOG_EXP":0.0}},{"type":"Feature","geometry":{"type":"Point","coordinates":[-83.75,9.75]},"properties":{"id":"CRI","name":"Costa Rica","continent":"america","year":2016,"AGRPFO_VA":2585.9,"AGRPFO_EXP":1727.65,"FORLOG_VA":53.22,"FORLOG_EXP":4.8,"PESCAC_VA":38.68,"PESCAC_EXP":3.85,"MINCOL_VA":4.84,"MINCOL_EXP":0.11,"PETGAS_VA":0.87,"PETGAS_EXP":0.23,"MINORE_VA":0.25,"MINORE_EXP":0.08,"MINOTH_VA":199.19,"MINOTH_EXP":5.64,"MINSER_VA":0.23,"MINSER_EXP":0.04,"ALYBEB_VA":2567.17,"ALYBEB_EXP":2053.53,"TEXYPR_VA":186.18,"TEXYPR_EXP":115.5,"MADYPR_VA":86.29,"MADYPR_EXP":38.92,"PAPYPR_VA":371.27,"PAPYPR_EXP":193.58,"PETREF_VA":94.37,"PETREF_EXP":104.97,"QUIMYP_VA":348.71,"QUIMYP_EXP":300.48,"FARMED_VA":118.22,"FARMED_EXP":120.61,"HUPLAS_VA":290.73,"HUPLAS_EXP":441.24,"PRNOMT_VA":303.24,"PRNOMT_EXP":101.42,"METBAS_VA":68.96,"METBAS_EXP":95.67,"NONFER_VA":32.84,"NONFER_EXP":78.3,"PRMETA_VA":152.65,"PRMETA_EXP":119.09,"ELCTRO_VA":53.88,"ELCTRO_EXP":95.66,"ELCTRI_VA":180.77,"ELCTRI_EXP":332.36,"MAQYEQ_VA":11.94,"MAQYEQ_EXP":31.18,"AUTOMO_VA":24.86,"AUTOMO_EXP":5.05,"OTRTRA_VA":1.51,"OTRTRA_EXP":1.17,"TRANSP_VA":1.59,"TRANSP_EXP":0.79,"OTRMAN_VA":1365.3,"OTRMAN_EXP":1677.63,"ELEGAS_VA":1061.9,"ELEGAS_EXP":11.17,"AGUBAS_VA":389.11,"AGUBAS_EXP":0.23,"CONSTR_VA":2627.7,"CONSTR_EXP":4.27,"COMREV_VA":10518.69,"COMREV_EXP":2296.38,"TRATIE_VA":1818.39,"TRATIE_EXP":602.01,"TRAGUA_VA":505.64,"TRAGUA_EXP":281.11,"TRAAIR_VA":86.9,"TRAAIR_EXP":169.29,"ALMSTR_VA":503.34,"ALMSTR_EXP":257.03,"POSTME_VA":103.52,"POSTME_EXP":17.84,"HOTYRE_VA":1777.77,"HOTYRE_EXP":1760.17,"MMTVRA_VA":557.71,"MMTVRA_EXP":104.16,"TELECO_VA":876.72,"TELECO_EXP":400.19,"ITSERV_VA":1106.44,"ITSERV_EXP":424.01,"SERFIN_VA":2782.07,"SERFIN_EXP":334.41,"GOBEST_VA":4212.41,"GOBEST_EXP":290.41,"SPRSCT_VA":3367.22,"SPRSCT_EXP":1519.63,"SEAEMP_VA":2339.58,"SEAEMP_EXP":657.24,"ADPDEF_VA":2240.36,"ADPDEF_EXP":20.83,"EDUCAC_VA":3926.18,"EDUCAC_EXP":160.91,"SALUDH_VA":4111.26,"SALUDH_EXP":118.57,"ESPARC_VA":461.93,"ESPARC_EXP":335.85,"OTRSER_VA":604.92,"OTRSER_EXP":108.71,"SERHOG_VA":652.68,"SERHOG_EXP":0.0}},{"type":"Feature","geometry":{"type":"Point","coordinates":[33.43,35.13]},"properties":{"id":"CYP","name":"Chipre","continent":"europe","year":2016,"AGRPFO_VA":407.39,"AGRPFO_EXP":81.24,"FORLOG_VA":18.98,"FORLOG_EXP":4.07,"PESCAC_VA":31.66,"PESCAC_EXP":29.33,"MINCOL_VA":0.0,"MINCOL_EXP":0.0,"PETGAS_VA":10.99,"PETGAS_EXP":0.89,"MINORE_VA":10.68,"MINORE_EXP":16.89,"MINOTH_VA":20.35,"MINOTH_EXP":12.8,"MINSER_VA":0.24,"MINSER_EXP":0.28,"ALYBEB_VA":338.07,"ALYBEB_EXP":295.97,"TEXYPR_VA":15.79,"TEXYPR_EXP":4.67,"MADYPR_VA":42.76,"MADYPR_EXP":35.14,"PAPYPR_VA":50.14,"PAPYPR_EXP":13.18,"PETREF_VA":1.43,"PETREF_EXP":0.04,"QUIMYP_VA":25.0,"QUIMYP_EXP":37.16,"FARMED_VA":117.41,"FARMED_EXP":151.99,"HUPLAS_VA":34.04,"HUPLAS_EXP":22.24,"PRNOMT_VA":123.03,"PRNOMT_EXP":54.15,"METBAS_VA":3.45,"METBAS_EXP":7.17,"NONFER_VA":15.5,"NONFER_EXP":24.62,"PRMETA_VA":80.44,"PRMETA_EXP":15.53,"ELCTRO_VA":10.16,"ELCTRO_EXP":6.97,"ELCTRI_VA":11.15,"ELCTRI_EXP":12.58,"MAQYEQ_VA":23.15,"MAQYEQ_EXP":22.31,"AUTOMO_VA":5.13,"AUTOMO_EXP":2.68,"OTRTRA_VA":0.93,"OTRTRA_EXP":0.37,"TRANSP_VA":1.54,"TRANSP_EXP":0.12,"OTRMAN_VA":108.45,"OTRMAN_EXP":30.08,"ELEGAS_VA":307.43,"ELEGAS_EXP":0.35,"AGUBAS_VA":158.36,"AGUBAS_EXP":3.07,"CONSTR_VA":891.61,"CONSTR_EXP":19.04,"COMREV_VA":1991.5,"COMREV_EXP":491.68,"TRATIE_VA":201.42,"TRATIE_EXP":152.72,"TRAGUA_VA":595.8,"TRAGUA_EXP":554.66,"TRAAIR_VA":-1.03,"TRAAIR_EXP":9.99,"ALMSTR_VA":564.48,"ALMSTR_EXP":1632.39,"POSTME_VA":39.13,"POSTME_EXP":41.41,"HOTYRE_VA":1339.36,"HOTYRE_EXP":1093.61,"MMTVRA_VA":329.79,"MMTVRA_EXP":450.9,"TELECO_VA":384.69,"TELECO_EXP":117.54,"ITSERV_VA":390.62,"ITSERV_EXP":1272.42,"SERFIN_VA":2313.42,"SERFIN_EXP":4696.01,"GOBEST_VA":1751.17,"GOBEST_EXP":146.19,"SPRSCT_VA":1564.18,"SPRSCT_EXP":280.47,"SEAEMP_VA":325.97,"SEAEMP_EXP":155.69,"ADPDEF_VA":1642.23,"ADPDEF_EXP":31.85,"EDUCAC_VA":1152.19,"EDUCAC_EXP":91.37,"SALUDH_VA":743.65,"SALUDH_EXP":41.87,"ESPARC_VA":309.88,"ESPARC_EXP":85.1,"OTRSER_VA":310.02,"OTRSER_EXP":54.99,"SERHOG_VA":179.91,"SERHOG_EXP":0.0}},{"type":"Feature","geometry":{"type":"Point","coordinates":[15.47,49.82]},"properties":{"id":"CZE","name":"Chequia","continent":"europe","year":2016,"AGRPFO_VA":3385.03,"AGRPFO_EXP":1410.61,"FORLOG_VA":1063.42,"FORLOG_EXP":320.83,"PESCAC_VA":28.37,"PESCAC_EXP":40.62,"MINCOL_VA":830.37,"MINCOL_EXP":231.85,"PETGAS_VA":111.71,"PETGAS_EXP":82.32,"MINORE_VA":54.63,"MINORE_EXP":3.22,"MINOTH_VA":253.96,"MINOTH_EXP":109.35,"MINSER_VA":64.46,"MINSER_EXP":9.57,"ALYBEB_VA":3876.77,"ALYBEB_EXP":4698.74,"TEXYPR_VA":1119.37,"TEXYPR_EXP":1598.75,"MADYPR_VA":1108.45,"MADYPR_EXP":744.78,"PAPYPR_VA":1435.52,"PAPYPR_EXP":1183.55,"PETREF_VA":425.52,"PETREF_EXP":564.45,"QUIMYP_VA":1636.96,"QUIMYP_EXP":3136.79,"FARMED_VA":739.5,"FARMED_EXP":553.03,"HUPLAS_VA":3895.37,"HUPLAS_EXP":6167.69,"PRNOMT_VA":2053.6,"PRNOMT_EXP":2398.19,"METBAS_VA":1314.4,"METBAS_EXP":2541.27,"NONFER_VA":407.75,"NONFER_EXP":791.81,"PRMETA_VA":5330.54,"PRMETA_EXP":7259.4,"ELCTRO_VA":2876.5,"ELCTRO_EXP":8601.51,"ELCTRI_VA":3638.82,"ELCTRI_EXP":9320.3,"MAQYEQ_VA":4284.65,"MAQYEQ_EXP":11101.23,"AUTOMO_VA":10967.15,"AUTOMO_EXP":34180.47,"OTRTRA_VA":5.36,"OTRTRA_EXP":13.86,"TRANSP_VA":1063.27,"TRANSP_EXP":1238.93,"OTRMAN_VA":3444.84,"OTRMAN_EXP":2487.33,"ELEGAS_VA":5384.03,"ELEGAS_EXP":1097.29,"AGUBAS_VA":1870.69,"AGUBAS_EXP":67.27,"CONSTR_VA":9914.46,"CONSTR_EXP":395.44,"COMREV_VA":19360.34,"COMREV_EXP":9426.93,"TRATIE_VA":6156.26,"TRATIE_EXP":6320.47,"TRAGUA_VA":174.97,"TRAGUA_EXP":43.51,"TRAAIR_VA":243.29,"TRAAIR_EXP":1034.22,"ALMSTR_VA":4005.66,"ALMSTR_EXP":1969.3,"POSTME_VA":690.26,"POSTME_EXP":73.34,"HOTYRE_VA":3552.64,"HOTYRE_EXP":2203.33,"MMTVRA_VA":1863.68,"MMTVRA_EXP":1607.88,"TELECO_VA":2451.73,"TELECO_EXP":829.49,"ITSERV_VA":4669.79,"ITSERV_EXP":1725.18,"SERFIN_VA":7187.1,"SERFIN_EXP":989.03,"GOBEST_VA":18065.54,"GOBEST_EXP":419.8,"SPRSCT_VA":9210.56,"SPRSCT_EXP":3620.77,"SEAEMP_VA":3255.27,"SEAEMP_EXP":1113.21,"ADPDEF_VA":10594.3,"ADPDEF_EXP":159.92,"EDUCAC_VA":7309.52,"EDUCAC_EXP":374.75,"SALUDH_VA":8025.94,"SALUDH_EXP":191.63,"ESPARC_VA":1855.9,"ESPARC_EXP":490.75,"OTRSER_VA":1867.52,"OTRSER_EXP":168.63,"SERHOG_VA":169.74,"SERHOG_EXP":0.0}},{"type":"Feature","geometry":{"type":"Point","coordinates":[10.45,51.17]},"properties":{"id":"DEU","name":"Alemania","continent":"europe","year":2016,"AGRPFO_VA":22518.2,"AGRPFO_EXP":7087.4,"FORLOG_VA":4247.42,"FORLOG_EXP":536.46,"PESCAC_VA":275.08,"PESCAC_EXP":166.46,"MINCOL_VA":1344.7,"MINCOL_EXP":120.0,"PETGAS_VA":593.26,"PETGAS_EXP":636.73,"MINORE_VA":0.0,"MINORE_EXP":0.0,"MINOTH_VA":2710.93,"MINOTH_EXP":1519.77,"MINSER_VA":167.56,"MINSER_EXP":335.65,"ALYBEB_VA":52130.95,"ALYBEB_EXP":43362.32,"TEXYPR_VA":8786.47,"TEXYPR_EXP":11206.02,"MADYPR_VA":7925.09,"MADYPR_EXP":5199.12,"PAPYPR_VA":21668.84,"PAPYPR_EXP":17828.13,"PETREF_VA":8579.75,"PETREF_EXP":18376.59,"QUIMYP_VA":54103.71,"QUIMYP_EXP":91970.23,"FARMED_VA":27761.68,"FARMED_EXP":32965.79,"HUPLAS_VA":35050.69,"HUPLAS_EXP":28935.71,"PRNOMT_VA":20722.45,"PRNOMT_EXP":11492.68,"METBAS_VA":15578.37,"METBAS_EXP":22936.23,"NONFER_VA":9281.12,"NONFER_EXP":15552.49,"PRMETA_VA":62403.35,"PRMETA_EXP":31863.02,"ELCTRO_VA":47294.49,"ELCTRO_EXP":80187.94,"ELCTRI_VA":48323.39,"ELCTRI_EXP":65031.45,"MAQYEQ_VA":113884.33,"MAQYEQ_EXP":134522.79,"AUTOMO_VA":152484.59,"AUTOMO_EXP":216637.36,"OTRTRA_VA":1882.58,"OTRTRA_EXP":4427.09,"TRANSP_VA":13812.41,"TRANSP_EXP":17532.97,"OTRMAN_VA":46085.63,"OTRMAN_EXP":31225.87,"ELEGAS_VA":33487.89,"ELEGAS_EXP":4523.63,"AGUBAS_VA":34048.65,"AGUBAS_EXP":377.43,"CONSTR_VA":137721.07,"CONSTR_EXP":799.62,"COMREV_VA":321653.98,"COMREV_EXP":140659.56,"TRATIE_VA":57276.78,"TRATIE_EXP":28125.86,"TRAGUA_VA":5015.98,"TRAGUA_EXP":25156.49,"TRAAIR_VA":10266.34,"TRAAIR_EXP":24523.22,"ALMSTR_VA":55911.83,"ALMSTR_EXP":14186.62,"POSTME_VA":18682.22,"POSTME_EXP":1089.52,"HOTYRE_VA":53474.02,"HOTYRE_EXP":10808.5,"MMTVRA_VA":34558.56,"MMTVRA_EXP":12801.07,"TELECO_VA":28851.88,"TELECO_EXP":4818.77,"ITSERV_VA":82593.1,"ITSERV_EXP":19292.2,"SERFIN_VA":138229.27,"SERFIN_EXP":44186.92,"GOBEST_VA":344941.97,"GOBEST_EXP":2524.34,"SPRSCT_VA":211688.65,"SPRSCT_EXP":63960.38,"SEAEMP_VA":157160.42,"SEAEMP_EXP":30516.22,"ADPDEF_VA":187753.75,"ADPDEF_EXP":0.89,"EDUCAC_VA":146553.76,"EDUCAC_EXP":4592.79,"SALUDH_VA":259177.08,"SALUDH_EXP":1116.93,"ESPARC_VA":36796.08,"ESPARC_EXP":2607.73,"OTRSER_VA":72965.16,"OTRSER_EXP":674.7,"SERHOG_VA":7641.49,"SERHOG_EXP":0.0}},{"type":"Feature","geometry":{"type":"Point","coordinates":[9.5,56.26]},"properties":{"id":"DNK","name":"Dinamarca","continent":"europe","year":2016,"AGRPFO_VA":2660.94,"AGRPFO_EXP":2953.21,"FORLOG_VA":140.06,"FORLOG_EXP":68.25,"PESCAC_VA":450.64,"PESCAC_EXP":537.63,"MINCOL_VA":0.0,"MINCOL_EXP":0.0,"PETGAS_VA":1711.28,"PETGAS_EXP":2059.98,"MINORE_VA":0.0,"MINORE_EXP":0.0,"MINOTH_VA":195.19,"MINOTH_EXP":138.99,"MINSER_VA":534.16,"MINSER_EXP":105.86,"ALYBEB_VA":5088.65,"ALYBEB_EXP":10042.45,"TEXYPR_VA":480.1,"TEXYPR_EXP":570.49,"MADYPR_VA":653.19,"MADYPR_EXP":427.87,"PAPYPR_VA":914.72,"PAPYPR_EXP":604.93,"PETREF_VA":440.65,"PETREF_EXP":1303.97,"QUIMYP_VA":2927.6,"QUIMYP_EXP":3877.4,"FARMED_VA":10096.13,"FARMED_EXP":9703.66,"HUPLAS_VA":1413.12,"HUPLAS_EXP":1515.99,"PRNOMT_VA":1535.03,"PRNOMT_EXP":719.37,"METBAS_VA":319.43,"METBAS_EXP":288.68,"NONFER_VA":160.49,"NONFER_EXP":193.77,"PRMETA_VA":2938.52,"PRMETA_EXP":2348.32,"ELCTRO_VA":2596.42,"ELCTRO_EXP":3783.58,"ELCTRI_VA":1203.18,"ELCTRI_EXP":2083.4,"MAQYEQ_VA":6930.23,"MAQYEQ_EXP":10942.74,"AUTOMO_VA":458.34,"AUTOMO_EXP":577.54,"OTRTRA_VA":145.1,"OTRTRA_EXP":106.95,"TRANSP_VA":128.36,"TRANSP_EXP":161.33,"OTRMAN_VA":4330.39,"OTRMAN_EXP":4491.99,"ELEGAS_VA":3264.32,"ELEGAS_EXP":617.45,"AGUBAS_VA":2512.26,"AGUBAS_EXP":48.9,"CONSTR_VA":15814.91,"CONSTR_EXP":848.98,"COMREV_VA":36406.98,"COMREV_EXP":17276.23,"TRATIE_VA":5702.52,"TRATIE_EXP":5352.12,"TRAGUA_VA":4070.75,"TRAGUA_EXP":24914.8,"TRAAIR_VA":812.91,"TRAAIR_EXP":2808.71,"ALMSTR_VA":3899.04,"ALMSTR_EXP":3397.28,"POSTME_VA":1059.25,"POSTME_EXP":292.47,"HOTYRE_VA":4710.52,"HOTYRE_EXP":1761.23,"MMTVRA_VA":4214.02,"MMTVRA_EXP":1570.44,"TELECO_VA":3023.65,"TELECO_EXP":725.64,"ITSERV_VA":6153.59,"ITSERV_EXP":2668.66,"SERFIN_VA":15743.42,"SERFIN_EXP":2659.57,"GOBEST_VA":29874.28,"GOBEST_EXP":504.79,"SPRSCT_VA":17872.69,"SPRSCT_EXP":7448.54,"SEAEMP_VA":9456.11,"SEAEMP_EXP":3396.01,"ADPDEF_VA":14322.2,"ADPDEF_EXP":224.79,"EDUCAC_VA":17848.89,"EDUCAC_EXP":768.63,"SALUDH_VA":29128.68,"SALUDH_EXP":141.99,"ESPARC_VA":4273.21,"ESPARC_EXP":536.17,"OTRSER_VA":4183.72,"OTRSER_EXP":104.94,"SERHOG_VA":743.07,"SERHOG_EXP":0.0}},{"type":"Feature","geometry":{"type":"Point","coordinates":[30.8,26.82]},"properties":{"id":"EGY","name":"Egipto","continent":"other","year":2016,"AGRPFO_VA":31997.8,"AGRPFO_EXP":1357.22,"FORLOG_VA":0.0,"FORLOG_EXP":0.0,"PESCAC_VA":3421.49,"PESCAC_EXP":21.07,"MINCOL_VA":315.18,"MINCOL_EXP":63.3,"PETGAS_VA":29584.64,"PETGAS_EXP":2222.03,"MINORE_VA":415.64,"MINORE_EXP":7.6,"MINOTH_VA":1589.11,"MINOTH_EXP":227.85,"MINSER_VA":1055.25,"MINSER_EXP":9.06,"ALYBEB_VA":7786.22,"ALYBEB_EXP":1776.23,"TEXYPR_VA":3730.13,"TEXYPR_EXP":1579.53,"MADYPR_VA":1301.49,"MADYPR_EXP":102.25,"PAPYPR_VA":2482.35,"PAPYPR_EXP":186.92,"PETREF_VA":8564.99,"PETREF_EXP":1494.41,"QUIMYP_VA":4583.29,"QUIMYP_EXP":1929.47,"FARMED_VA":1232.21,"FARMED_EXP":212.0,"HUPLAS_VA":764.67,"HUPLAS_EXP":397.4,"PRNOMT_VA":3275.05,"PRNOMT_EXP":576.02,"METBAS_VA":2578.44,"METBAS_EXP":1202.79,"NONFER_VA":2769.58,"NONFER_EXP":1568.86,"PRMETA_VA":1623.62,"PRMETA_EXP":379.43,"ELCTRO_VA":254.68,"ELCTRO_EXP":259.42,"ELCTRI_VA":1129.31,"ELCTRI_EXP":663.88,"MAQYEQ_VA":303.87,"MAQYEQ_EXP":85.81,"AUTOMO_VA":588.66,"AUTOMO_EXP":107.58,"OTRTRA_VA":27.71,"OTRTRA_EXP":0.33,"TRANSP_VA":84.33,"TRANSP_EXP":0.77,"OTRMAN_VA":3624.29,"OTRMAN_EXP":695.52,"ELEGAS_VA":5170.58,"ELEGAS_EXP":20.92,"AGUBAS_VA":1414.59,"AGUBAS_EXP":9.86,"CONSTR_VA":17444.74,"CONSTR_EXP":0.31,"COMREV_VA":35109.96,"COMREV_EXP":2248.0,"TRATIE_VA":8939.93,"TRATIE_EXP":559.06,"TRAGUA_VA":5179.54,"TRAGUA_EXP":1519.93,"TRAAIR_VA":1943.64,"TRAAIR_EXP":1108.34,"ALMSTR_VA":11691.56,"ALMSTR_EXP":3719.7,"POSTME_VA":447.86,"POSTME_EXP":128.82,"HOTYRE_VA":7387.55,"HOTYRE_EXP":2192.33,"MMTVRA_VA":1057.98,"MMTVRA_EXP":416.74,"TELECO_VA":5510.87,"TELECO_EXP":268.32,"ITSERV_VA":1201.55,"ITSERV_EXP":330.77,"SERFIN_VA":12062.45,"SERFIN_EXP":500.09,"GOBEST_VA":20771.84,"GOBEST_EXP":220.04,"SPRSCT_VA":4593.06,"SPRSCT_EXP":483.86,"SEAEMP_VA":4237.03,"SEAEMP_EXP":1717.14,"ADPDEF_VA":16068.9,"ADPDEF_EXP":47.2,"EDUCAC_VA":11851.58,"EDUCAC_EXP":56.4,"SALUDH_VA":6223.07,"SALUDH_EXP":49.06,"ESPARC_VA":3131.27,"ESPARC_EXP":141.58,"OTRSER_VA":4224.63,"OTRSER_EXP":111.08,"SERHOG_VA":154.4,"SERHOG_EXP":0.0}},{"type":"Feature","geometry":{"type":"Point","coordinates":[-3.75,40.46]},"properties":{"id":"ESP","name":"España","continent":"europe","year":2016,"AGRPFO_VA":32475.23,"AGRPFO_EXP":14285.2,"FORLOG_VA":1057.12,"FORLOG_EXP":155.56,"PESCAC_VA":2094.86,"PESCAC_EXP":559.24,"MINCOL_VA":88.61,"MINCOL_EXP":15.75,"PETGAS_VA":177.53,"PETGAS_EXP":199.63,"MINORE_VA":276.97,"MINORE_EXP":552.24,"MINOTH_VA":1124.93,"MINOTH_EXP":452.51,"MINSER_VA":83.87,"MINSER_EXP":132.84,"ALYBEB_VA":27396.72,"ALYBEB_EXP":23411.12,"TEXYPR_VA":10229.15,"TEXYPR_EXP":9151.85,"MADYPR_VA":1942.86,"MADYPR_EXP":1486.83,"PAPYPR_VA":6470.09,"PAPYPR_EXP":3882.25,"PETREF_VA":3728.56,"PETREF_EXP":11777.7,"QUIMYP_VA":10194.65,"QUIMYP_EXP":19847.82,"FARMED_VA":8224.91,"FARMED_EXP":10371.79,"HUPLAS_VA":6904.65,"HUPLAS_EXP":7129.57,"PRNOMT_VA":6185.53,"PRNOMT_EXP":5845.94,"METBAS_VA":3205.47,"METBAS_EXP":6888.62,"NONFER_VA":2049.57,"NONFER_EXP":5643.15,"PRMETA_VA":11884.43,"PRMETA_EXP":9021.71,"ELCTRO_VA":1805.98,"ELCTRO_EXP":3111.23,"ELCTRI_VA":4949.52,"ELCTRI_EXP":9603.3,"MAQYEQ_VA":7374.62,"MAQYEQ_EXP":10734.02,"AUTOMO_VA":14398.46,"AUTOMO_EXP":43540.42,"OTRTRA_VA":391.85,"OTRTRA_EXP":775.12,"TRANSP_VA":3946.32,"TRANSP_EXP":7034.57,"OTRMAN_VA":11259.01,"OTRMAN_EXP":5690.5,"ELEGAS_VA":27335.02,"ELEGAS_EXP":1073.43,"AGUBAS_VA":13143.37,"AGUBAS_EXP":246.23,"CONSTR_VA":70166.9,"CONSTR_EXP":1348.18,"COMREV_VA":151528.87,"COMREV_EXP":52771.07,"TRATIE_VA":29083.54,"TRATIE_EXP":13315.51,"TRAGUA_VA":850.43,"TRAGUA_EXP":1027.08,"TRAAIR_VA":2902.59,"TRAAIR_EXP":7736.8,"ALMSTR_VA":19957.62,"ALMSTR_EXP":7998.72,"POSTME_VA":2396.88,"POSTME_EXP":292.97,"HOTYRE_VA":73370.78,"HOTYRE_EXP":15118.87,"MMTVRA_VA":8571.13,"MMTVRA_EXP":3289.25,"TELECO_VA":17056.96,"TELECO_EXP":3495.82,"ITSERV_VA":17085.11,"ITSERV_EXP":13221.22,"SERFIN_VA":43981.49,"SERFIN_EXP":7219.33,"GOBEST_VA":134754.61,"GOBEST_EXP":3277.95,"SPRSCT_VA":51688.77,"SPRSCT_EXP":17359.8,"SEAEMP_VA":45956.66,"SEAEMP_EXP":11695.2,"ADPDEF_VA":70749.52,"ADPDEF_EXP":2219.61,"EDUCAC_VA":61802.02,"EDUCAC_EXP":1880.26,"SALUDH_VA":72659.69,"SALUDH_EXP":1285.01,"ESPARC_VA":23332.49,"ESPARC_EXP":3157.39,"OTRSER_VA":21285.45,"OTRSER_EXP":1615.41,"SERHOG_VA":10718.3,"SERHOG_EXP":0.0}},{"type":"Feature","geometry":{"type":"Point","coordinates":[25.01,58.6]},"properties":{"id":"EST","name":"Estonia","continent":"europe","year":2016,"AGRPFO_VA":207.64,"AGRPFO_EXP":264.42,"FORLOG_VA":309.3,"FORLOG_EXP":138.24,"PESCAC_VA":50.44,"PESCAC_EXP":40.13,"MINCOL_VA":15.44,"MINCOL_EXP":0.75,"PETGAS_VA":157.23,"PETGAS_EXP":68.46,"MINORE_VA":0.0,"MINORE_EXP":0.0,"MINOTH_VA":63.92,"MINOTH_EXP":12.28,"MINSER_VA":1.21,"MINSER_EXP":1.42,"ALYBEB_VA":467.72,"ALYBEB_EXP":625.53,"TEXYPR_VA":211.94,"TEXYPR_EXP":371.94,"MADYPR_VA":559.83,"MADYPR_EXP":1326.15,"PAPYPR_VA":165.51,"PAPYPR_EXP":238.92,"PETREF_VA":82.61,"PETREF_EXP":102.26,"QUIMYP_VA":133.25,"QUIMYP_EXP":344.98,"FARMED_VA":17.2,"FARMED_EXP":45.59,"HUPLAS_VA":130.94,"HUPLAS_EXP":237.46,"PRNOMT_VA":187.85,"PRNOMT_EXP":230.8,"METBAS_VA":12.41,"METBAS_EXP":25.52,"NONFER_VA":6.88,"NONFER_EXP":44.8,"PRMETA_VA":410.03,"PRMETA_EXP":486.71,"ELCTRO_VA":227.23,"ELCTRO_EXP":1535.02,"ELCTRI_VA":220.25,"ELCTRI_EXP":503.1,"MAQYEQ_VA":142.19,"MAQYEQ_EXP":288.29,"AUTOMO_VA":123.09,"AUTOMO_EXP":238.18,"OTRTRA_VA":26.56,"OTRTRA_EXP":26.86,"TRANSP_VA":0.64,"TRANSP_EXP":0.76,"OTRMAN_VA":407.33,"OTRMAN_EXP":709.98,"ELEGAS_VA":608.72,"ELEGAS_EXP":138.2,"AGUBAS_VA":178.77,"AGUBAS_EXP":8.77,"CONSTR_VA":1432.04,"CONSTR_EXP":46.92,"COMREV_VA":2704.26,"COMREV_EXP":1409.92,"TRATIE_VA":829.21,"TRATIE_EXP":724.24,"TRAGUA_VA":141.52,"TRAGUA_EXP":394.01,"TRAAIR_VA":8.79,"TRAAIR_EXP":113.96,"ALMSTR_VA":838.48,"ALMSTR_EXP":1226.93,"POSTME_VA":64.54,"POSTME_EXP":73.31,"HOTYRE_VA":431.93,"HOTYRE_EXP":472.03,"MMTVRA_VA":162.33,"MMTVRA_EXP":90.49,"TELECO_VA":350.04,"TELECO_EXP":244.23,"ITSERV_VA":660.12,"ITSERV_EXP":610.64,"SERFIN_VA":881.58,"SERFIN_EXP":274.92,"GOBEST_VA":2616.83,"GOBEST_EXP":142.22,"SPRSCT_VA":1064.47,"SPRSCT_EXP":528.86,"SEAEMP_VA":768.7,"SEAEMP_EXP":401.7,"ADPDEF_VA":1390.89,"ADPDEF_EXP":32.11,"EDUCAC_VA":993.32,"EDUCAC_EXP":43.5,"SALUDH_VA":875.93,"SALUDH_EXP":25.57,"ESPARC_VA":335.82,"ESPARC_EXP":76.05,"OTRSER_VA":195.02,"OTRSER_EXP":29.51,"SERHOG_VA":13.25,"SERHOG_EXP":0.0}},{"type":"Feature","geometry":{"type":"Point","coordinates":[25.75,61.92]},"properties":{"id":"FIN","name":"Finlandia","continent":"europe","year":2016,"AGRPFO_VA":1585.14,"AGRPFO_EXP":584.92,"FORLOG_VA":3637.34,"FORLOG_EXP":61.11,"PESCAC_VA":137.38,"PESCAC_EXP":31.19,"MINCOL_VA":169.66,"MINCOL_EXP":14.97,"PETGAS_VA":0.0,"PETGAS_EXP":0.0,"MINORE_VA":321.54,"MINORE_EXP":765.77,"MINOTH_VA":391.74,"MINOTH_EXP":152.96,"MINSER_VA":66.53,"MINSER_EXP":24.93,"ALYBEB_VA":2998.3,"ALYBEB_EXP":1119.97,"TEXYPR_VA":491.27,"TEXYPR_EXP":526.44,"MADYPR_VA":1495.28,"MADYPR_EXP":2223.18,"PAPYPR_VA":4332.14,"PAPYPR_EXP":8634.22,"PETREF_VA":1096.54,"PETREF_EXP":2850.47,"QUIMYP_VA":2455.58,"QUIMYP_EXP":4787.29,"FARMED_VA":1742.83,"FARMED_EXP":861.92,"HUPLAS_VA":1286.07,"HUPLAS_EXP":1668.09,"PRNOMT_VA":1255.75,"PRNOMT_EXP":535.08,"METBAS_VA":1132.17,"METBAS_EXP":3131.66,"NONFER_VA":614.34,"NONFER_EXP":1833.02,"PRMETA_VA":2914.65,"PRMETA_EXP":1323.01,"ELCTRO_VA":4821.83,"ELCTRO_EXP":3601.11,"ELCTRI_VA":2094.17,"ELCTRI_EXP":2945.6,"MAQYEQ_VA":5477.29,"MAQYEQ_EXP":7026.78,"AUTOMO_VA":609.1,"AUTOMO_EXP":955.8,"OTRTRA_VA":453.74,"OTRTRA_EXP":668.1,"TRANSP_VA":230.64,"TRANSP_EXP":372.49,"OTRMAN_VA":2349.83,"OTRMAN_EXP":1436.61,"ELEGAS_VA":4530.95,"ELEGAS_EXP":148.99,"AGUBAS_VA":2070.4,"AGUBAS_EXP":92.33,"CONSTR_VA":14802.69,"CONSTR_EXP":17.09,"COMREV_VA":19632.66,"COMREV_EXP":7002.92,"TRATIE_VA":5996.41,"TRATIE_EXP":1304.81,"TRAGUA_VA":794.96,"TRAGUA_EXP":1532.33,"TRAAIR_VA":713.41,"TRAAIR_EXP":1461.11,"ALMSTR_VA":2669.69,"ALMSTR_EXP":689.89,"POSTME_VA":941.6,"POSTME_EXP":336.1,"HOTYRE_VA":3663.33,"HOTYRE_EXP":653.09,"MMTVRA_VA":4089.86,"MMTVRA_EXP":1738.63,"TELECO_VA":2484.6,"TELECO_EXP":446.78,"ITSERV_VA":5695.61,"ITSERV_EXP":4241.27,"SERFIN_VA":7272.94,"SERFIN_EXP":879.18,"GOBEST_VA":27244.07,"GOBEST_EXP":179.14,"SPRSCT_VA":10661.55,"SPRSCT_EXP":5179.62,"SEAEMP_VA":7349.65,"SEAEMP_EXP":2046.72,"ADPDEF_VA":11924.32,"ADPDEF_EXP":230.24,"EDUCAC_VA":11914.22,"EDUCAC_EXP":381.62,"SALUDH_VA":21777.53,"SALUDH_EXP":49.43,"ESPARC_VA":2949.28,"ESPARC_EXP":135.14,"OTRSER_VA":3590.01,"OTRSER_EXP":102.23,"SERHOG_VA":352.89,"SERHOG_EXP":0.0}},{"type":"Feature","geometry":{"type":"Point","coordinates":[2.21,46.23]},"properties":{"id":"FRA","name":"Francia","continent":"europe","year":2016,"AGRPFO_VA":30845.36,"AGRPFO_EXP":13807.92,"FORLOG_VA":3598.0,"FORLOG_EXP":391.85,"PESCAC_VA":1239.18,"PESCAC_EXP":570.28,"MINCOL_VA":10.12,"MINCOL_EXP":4.62,"PETGAS_VA":152.28,"PETGAS_EXP":164.99,"MINORE_VA":14.65,"MINORE_EXP":14.47,"MINOTH_VA":2106.28,"MINOTH_EXP":474.68,"MINSER_VA":211.37,"MINSER_EXP":86.74,"ALYBEB_VA":45745.01,"ALYBEB_EXP":33913.88,"TEXYPR_VA":6504.61,"TEXYPR_EXP":8548.15,"MADYPR_VA":3812.47,"MADYPR_EXP":1983.54,"PAPYPR_VA":10513.72,"PAPYPR_EXP":6042.5,"PETREF_VA":3576.19,"PETREF_EXP":9186.44,"QUIMYP_VA":19211.73,"QUIMYP_EXP":48106.92,"FARMED_VA":13816.68,"FARMED_EXP":16534.35,"HUPLAS_VA":12598.21,"HUPLAS_EXP":12194.43,"PRNOMT_VA":9467.88,"PRNOMT_EXP":4350.99,"METBAS_VA":4452.04,"METBAS_EXP":9685.45,"NONFER_VA":3376.61,"NONFER_EXP":7090.42,"PRMETA_VA":24814.99,"PRMETA_EXP":9602.24,"ELCTRO_VA":11565.49,"ELCTRO_EXP":21664.83,"ELCTRI_VA":8772.0,"ELCTRI_EXP":18016.96,"MAQYEQ_VA":15723.89,"MAQYEQ_EXP":31007.47,"AUTOMO_VA":16644.1,"AUTOMO_EXP":39878.63,"OTRTRA_VA":1755.29,"OTRTRA_EXP":2571.74,"TRANSP_VA":19365.61,"TRANSP_EXP":53832.48,"OTRMAN_VA":37972.14,"OTRMAN_EXP":18737.37,"ELEGAS_VA":32393.11,"ELEGAS_EXP":2367.03,"AGUBAS_VA":15281.26,"AGUBAS_EXP":21.11,"CONSTR_VA":126690.79,"CONSTR_EXP":39.48,"COMREV_VA":237630.27,"COMREV_EXP":94105.38,"TRATIE_VA":46531.06,"TRATIE_EXP":17738.73,"TRAGUA_VA":2920.17,"TRAGUA_EXP":12356.62,"TRAAIR_VA":7228.35,"TRAAIR_EXP":12823.88,"ALMSTR_VA":40554.62,"ALMSTR_EXP":6495.35,"POSTME_VA":8679.55,"POSTME_EXP":2060.49,"HOTYRE_VA":51219.97,"HOTYRE_EXP":21201.31,"MMTVRA_VA":27775.8,"MMTVRA_EXP":6173.56,"TELECO_VA":28091.24,"TELECO_EXP":5086.4,"ITSERV_VA":62167.15,"ITSERV_EXP":11094.35,"SERFIN_VA":96474.66,"SERFIN_EXP":20605.06,"GOBEST_VA":313641.56,"GOBEST_EXP":4027.27,"SPRSCT_VA":187377.07,"SPRSCT_EXP":41088.07,"SEAEMP_VA":126518.43,"SEAEMP_EXP":44665.2,"ADPDEF_VA":179262.14,"ADPDEF_EXP":1895.13,"EDUCAC_VA":120697.19,"EDUCAC_EXP":1854.01,"SALUDH_VA":203071.43,"SALUDH_EXP":2168.43,"ESPARC_VA":31689.7,"ESPARC_EXP":4338.89,"OTRSER_VA":33657.28,"OTRSER_EXP":1047.68,"SERHOG_VA":3741.38,"SERHOG_EXP":0.0}},{"type":"Feature","geometry":{"type":"Point","coordinates":[-3.44,55.38]},"properties":{"id":"GBR","name":"Reino Unido","continent":"europe","year":2016,"AGRPFO_VA":14946.54,"AGRPFO_EXP":2442.9,"FORLOG_VA":796.5,"FORLOG_EXP":57.34,"PESCAC_VA":879.63,"PESCAC_EXP":789.6,"MINCOL_VA":106.17,"MINCOL_EXP":53.95,"PETGAS_VA":12920.67,"PETGAS_EXP":13476.06,"MINORE_VA":0.0,"MINORE_EXP":0.0,"MINOTH_VA":2419.62,"MINOTH_EXP":1199.52,"MINSER_VA":1821.89,"MINSER_EXP":1041.38,"ALYBEB_VA":39135.36,"ALYBEB_EXP":20491.47,"TEXYPR_VA":7115.41,"TEXYPR_EXP":8002.46,"MADYPR_VA":4896.46,"MADYPR_EXP":514.54,"PAPYPR_VA":13123.69,"PAPYPR_EXP":2897.6,"PETREF_VA":4470.62,"PETREF_EXP":9847.31,"QUIMYP_VA":15636.18,"QUIMYP_EXP":19759.99,"FARMED_VA":17982.63,"FARMED_EXP":18385.86,"HUPLAS_VA":11616.9,"HUPLAS_EXP":7412.38,"PRNOMT_VA":8512.14,"PRNOMT_EXP":2229.4,"METBAS_VA":3904.6,"METBAS_EXP":4501.29,"NONFER_VA":2424.63,"NONFER_EXP":5556.31,"PRMETA_VA":21650.44,"PRMETA_EXP":6921.56,"ELCTRO_VA":17494.74,"ELCTRO_EXP":9513.46,"ELCTRI_VA":6545.44,"ELCTRI_EXP":9850.9,"MAQYEQ_VA":19873.67,"MAQYEQ_EXP":18439.59,"AUTOMO_VA":24630.23,"AUTOMO_EXP":42111.18,"OTRTRA_VA":2041.45,"OTRTRA_EXP":1778.58,"TRANSP_VA":12540.95,"TRANSP_EXP":18147.12,"OTRMAN_VA":23290.65,"OTRMAN_EXP":9027.48,"ELEGAS_VA":33974.43,"ELEGAS_EXP":396.69,"AGUBAS_VA":31591.43,"AGUBAS_EXP":550.13,"CONSTR_VA":153442.72,"CONSTR_EXP":610.32,"COMREV_VA":244960.09,"COMREV_EXP":60024.83,"TRATIE_VA":42051.12,"TRATIE_EXP":6984.66,"TRAGUA_VA":9124.37,"TRAGUA_EXP":9985.85,"TRAAIR_VA":6828.49,"TRAAIR_EXP":13867.69,"ALMSTR_VA":30911.63,"ALMSTR_EXP":4950.38,"POSTME_VA":15459.35,"POSTME_EXP":1900.77,"HOTYRE_VA":71686.85,"HOTYRE_EXP":10235.03,"MMTVRA_VA":44581.08,"MMTVRA_EXP":16544.79,"TELECO_VA":45152.19,"TELECO_EXP":11517.77,"ITSERV_VA":67973.0,"ITSERV_EXP":20106.46,"SERFIN_VA":217163.3,"SERFIN_EXP":111359.83,"GOBEST_VA":328266.22,"GOBEST_EXP":2999.3,"SPRSCT_VA":184516.48,"SPRSCT_EXP":72800.57,"SEAEMP_VA":124580.05,"SEAEMP_EXP":39109.68,"ADPDEF_VA":122794.03,"ADPDEF_EXP":130.77,"EDUCAC_VA":140526.97,"EDUCAC_EXP":17446.29,"SALUDH_VA":187072.59,"SALUDH_EXP":695.81,"ESPARC_VA":34502.22,"ESPARC_EXP":9789.33,"OTRSER_VA":41452.18,"OTRSER_EXP":601.49,"SERHOG_VA":4309.57,"SERHOG_EXP":0.0}},{"type":"Feature","geometry":{"type":"Point","coordinates":[21.82,39.07]},"properties":{"id":"GRC","name":"Grecia","continent":"europe","year":2016,"AGRPFO_VA":6248.85,"AGRPFO_EXP":2083.19,"FORLOG_VA":73.24,"FORLOG_EXP":8.78,"PESCAC_VA":658.58,"PESCAC_EXP":379.39,"MINCOL_VA":14.25,"MINCOL_EXP":4.17,"PETGAS_VA":15.77,"PETGAS_EXP":0.43,"MINORE_VA":211.08,"MINORE_EXP":88.88,"MINOTH_VA":377.27,"MINOTH_EXP":220.56,"MINSER_VA":34.49,"MINSER_EXP":8.9,"ALYBEB_VA":5769.94,"ALYBEB_EXP":3038.6,"TEXYPR_VA":656.76,"TEXYPR_EXP":637.96,"MADYPR_VA":107.08,"MADYPR_EXP":56.89,"PAPYPR_VA":758.24,"PAPYPR_EXP":303.56,"PETREF_VA":1399.27,"PETREF_EXP":5709.78,"QUIMYP_VA":942.62,"QUIMYP_EXP":1337.7,"FARMED_VA":846.7,"FARMED_EXP":581.56,"HUPLAS_VA":740.28,"HUPLAS_EXP":555.08,"PRNOMT_VA":914.17,"PRNOMT_EXP":436.74,"METBAS_VA":547.01,"METBAS_EXP":433.39,"NONFER_VA":388.32,"NONFER_EXP":1253.54,"PRMETA_VA":1098.64,"PRMETA_EXP":616.11,"ELCTRO_VA":264.97,"ELCTRO_EXP":260.9,"ELCTRI_VA":372.17,"ELCTRI_EXP":670.42,"MAQYEQ_VA":384.92,"MAQYEQ_EXP":536.6,"AUTOMO_VA":47.63,"AUTOMO_EXP":40.52,"OTRTRA_VA":148.3,"OTRTRA_EXP":163.65,"TRANSP_VA":199.97,"TRANSP_EXP":238.39,"OTRMAN_VA":1029.07,"OTRMAN_EXP":340.08,"ELEGAS_VA":5501.96,"ELEGAS_EXP":139.98,"AGUBAS_VA":2387.98,"AGUBAS_EXP":1.74,"CONSTR_VA":3456.37,"CONSTR_EXP":24.39,"COMREV_VA":21019.25,"COMREV_EXP":5472.77,"TRATIE_VA":3317.03,"TRATIE_EXP":1169.74,"TRAGUA_VA":3482.98,"TRAGUA_EXP":11428.69,"TRAAIR_VA":683.29,"TRAAIR_EXP":1327.82,"ALMSTR_VA":2573.99,"ALMSTR_EXP":1317.19,"POSTME_VA":543.19,"POSTME_EXP":50.63,"HOTYRE_VA":10797.05,"HOTYRE_EXP":6144.26,"MMTVRA_VA":994.28,"MMTVRA_EXP":308.93,"TELECO_VA":3087.47,"TELECO_EXP":717.98,"ITSERV_VA":1234.7,"ITSERV_EXP":470.09,"SERFIN_VA":9765.2,"SERFIN_EXP":982.88,"GOBEST_VA":30501.39,"GOBEST_EXP":768.55,"SPRSCT_VA":5976.14,"SPRSCT_EXP":1220.12,"SEAEMP_VA":2681.61,"SEAEMP_EXP":1458.09,"ADPDEF_VA":18025.94,"ADPDEF_EXP":18.11,"EDUCAC_VA":9543.98,"EDUCAC_EXP":374.47,"SALUDH_VA":7327.35,"SALUDH_EXP":199.78,"ESPARC_VA":2449.69,"ESPARC_EXP":466.01,"OTRSER_VA":2510.41,"OTRSER_EXP":209.38,"SERHOG_VA":616.15,"SERHOG_EXP":0.0}},{"type":"Feature","geometry":{"type":"Point","coordinates":[114.11,22.4]},"properties":{"id":"HKG","name":"Hong Kong","continent":"asia","year":2016,"AGRPFO_VA":172.43,"AGRPFO_EXP":21.48,"FORLOG_VA":20.92,"FORLOG_EXP":14.64,"PESCAC_VA":34.42,"PESCAC_EXP":6.28,"MINCOL_VA":0.0,"MINCOL_EXP":0.0,"PETGAS_VA":0.0,"PETGAS_EXP":0.0,"MINORE_VA":0.0,"MINORE_EXP":0.0,"MINOTH_VA":0.0,"MINOTH_EXP":0.0,"MINSER_VA":41.0,"MINSER_EXP":19.41,"ALYBEB_VA":4037.14,"ALYBEB_EXP":4077.0,"TEXYPR_VA":617.0,"TEXYPR_EXP":322.09,"MADYPR_VA":531.67,"MADYPR_EXP":122.84,"PAPYPR_VA":307.63,"PAPYPR_EXP":296.47,"PETREF_VA":83.73,"PETREF_EXP":37.73,"QUIMYP_VA":344.45,"QUIMYP_EXP":519.24,"FARMED_VA":373.61,"FARMED_EXP":79.35,"HUPLAS_VA":24.36,"HUPLAS_EXP":0.07,"PRNOMT_VA":191.25,"PRNOMT_EXP":82.53,"METBAS_VA":48.45,"METBAS_EXP":83.77,"NONFER_VA":27.34,"NONFER_EXP":49.84,"PRMETA_VA":146.68,"PRMETA_EXP":239.2,"ELCTRO_VA":157.67,"ELCTRO_EXP":616.71,"ELCTRI_VA":211.03,"ELCTRI_EXP":263.91,"MAQYEQ_VA":119.48,"MAQYEQ_EXP":653.51,"AUTOMO_VA":124.13,"AUTOMO_EXP":260.69,"OTRTRA_VA":23.87,"OTRTRA_EXP":114.65,"TRANSP_VA":39.65,"TRANSP_EXP":138.97,"OTRMAN_VA":449.45,"OTRMAN_EXP":79.63,"ELEGAS_VA":3812.04,"ELEGAS_EXP":167.69,"AGUBAS_VA":2612.13,"AGUBAS_EXP":39.63,"CONSTR_VA":15348.24,"CONSTR_EXP":78.94,"COMREV_VA":68764.7,"COMREV_EXP":14567.73,"TRATIE_VA":5945.32,"TRATIE_EXP":3231.39,"TRAGUA_VA":2303.96,"TRAGUA_EXP":5392.38,"TRAAIR_VA":8889.67,"TRAAIR_EXP":12681.6,"ALMSTR_VA":482.04,"ALMSTR_EXP":110.99,"POSTME_VA":1023.18,"POSTME_EXP":156.22,"HOTYRE_VA":9922.34,"HOTYRE_EXP":9231.2,"MMTVRA_VA":999.77,"MMTVRA_EXP":969.38,"TELECO_VA":9974.45,"TELECO_EXP":3241.84,"ITSERV_VA":3322.98,"ITSERV_EXP":1052.27,"SERFIN_VA":52877.98,"SERFIN_EXP":34415.06,"GOBEST_VA":47388.6,"GOBEST_EXP":2233.69,"SPRSCT_VA":7427.58,"SPRSCT_EXP":1392.25,"SEAEMP_VA":5091.06,"SEAEMP_EXP":647.59,"ADPDEF_VA":17834.51,"ADPDEF_EXP":84.53,"EDUCAC_VA":21374.47,"EDUCAC_EXP":2093.63,"SALUDH_VA":11905.32,"SALUDH_EXP":515.84,"ESPARC_VA":2020.55,"ESPARC_EXP":2136.68,"OTRSER_VA":4545.23,"OTRSER_EXP":708.72,"SERHOG_VA":3614.4,"SERHOG_EXP":0.0}},{"type":"Feature","geometry":{"type":"Point","coordinates":[15.2,45.1]},"properties":{"id":"HRV","name":"Croacia","continent":"europe","year":2016,"AGRPFO_VA":1305.65,"AGRPFO_EXP":406.41,"FORLOG_VA":253.16,"FORLOG_EXP":75.66,"PESCAC_VA":139.49,"PESCAC_EXP":78.19,"MINCOL_VA":2.26,"MINCOL_EXP":0.15,"PETGAS_VA":31.52,"PETGAS_EXP":17.88,"MINORE_VA":2.39,"MINORE_EXP":0.23,"MINOTH_VA":97.21,"MINOTH_EXP":26.83,"MINSER_VA":68.22,"MINSER_EXP":45.89,"ALYBEB_VA":1721.88,"ALYBEB_EXP":801.89,"TEXYPR_VA":406.69,"TEXYPR_EXP":333.06,"MADYPR_VA":282.5,"MADYPR_EXP":307.67,"PAPYPR_VA":330.0,"PAPYPR_EXP":175.43,"PETREF_VA":607.78,"PETREF_EXP":645.13,"QUIMYP_VA":201.52,"QUIMYP_EXP":219.33,"FARMED_VA":436.68,"FARMED_EXP":251.98,"HUPLAS_VA":296.6,"HUPLAS_EXP":175.71,"PRNOMT_VA":421.42,"PRNOMT_EXP":226.27,"METBAS_VA":55.76,"METBAS_EXP":39.7,"NONFER_VA":18.77,"NONFER_EXP":23.15,"PRMETA_VA":828.16,"PRMETA_EXP":717.62,"ELCTRO_VA":257.9,"ELCTRO_EXP":176.89,"ELCTRI_VA":332.14,"ELCTRI_EXP":319.65,"MAQYEQ_VA":326.15,"MAQYEQ_EXP":359.25,"AUTOMO_VA":69.23,"AUTOMO_EXP":84.78,"OTRTRA_VA":42.79,"OTRTRA_EXP":66.96,"TRANSP_VA":74.66,"TRANSP_EXP":99.46,"OTRMAN_VA":495.36,"OTRMAN_EXP":474.17,"ELEGAS_VA":1169.6,"ELEGAS_EXP":334.8,"AGUBAS_VA":622.18,"AGUBAS_EXP":47.27,"CONSTR_VA":2240.8,"CONSTR_EXP":144.88,"COMREV_VA":5309.43,"COMREV_EXP":1765.99,"TRATIE_VA":1254.7,"TRATIE_EXP":1079.76,"TRAGUA_VA":191.69,"TRAGUA_EXP":211.38,"TRAAIR_VA":61.72,"TRAAIR_EXP":225.68,"ALMSTR_VA":744.68,"ALMSTR_EXP":265.18,"POSTME_VA":235.86,"POSTME_EXP":45.3,"HOTYRE_VA":2855.65,"HOTYRE_EXP":2652.83,"MMTVRA_VA":397.63,"MMTVRA_EXP":128.85,"TELECO_VA":886.81,"TELECO_EXP":283.54,"ITSERV_VA":683.63,"ITSERV_EXP":422.02,"SERFIN_VA":2750.71,"SERFIN_EXP":485.6,"GOBEST_VA":4184.22,"GOBEST_EXP":583.24,"SPRSCT_VA":2619.1,"SPRSCT_EXP":1454.97,"SEAEMP_VA":999.57,"SEAEMP_EXP":408.38,"ADPDEF_VA":3174.26,"ADPDEF_EXP":119.96,"EDUCAC_VA":2248.24,"EDUCAC_EXP":218.15,"SALUDH_VA":2245.7,"SALUDH_EXP":149.74,"ESPARC_VA":845.05,"ESPARC_EXP":353.17,"OTRSER_VA":781.87,"OTRSER_EXP":221.64,"SERHOG_VA":19.26,"SERHOG_EXP":0.0}},{"type":"Feature","geometry":{"type":"Point","coordinates":[19.5,47.16]},"properties":{"id":"HUN","name":"Hungría","continent":"europe","year":2016,"AGRPFO_VA":4786.08,"AGRPFO_EXP":2490.16,"FORLOG_VA":267.33,"FORLOG_EXP":89.9,"PESCAC_VA":17.34,"PESCAC_EXP":18.92,"MINCOL_VA":1.42,"MINCOL_EXP":1.45,"PETGAS_VA":16.79,"PETGAS_EXP":8.75,"MINORE_VA":2.46,"MINORE_EXP":1.36,"MINOTH_VA":98.44,"MINOTH_EXP":21.54,"MINSER_VA":50.59,"MINSER_EXP":52.32,"ALYBEB_VA":2244.79,"ALYBEB_EXP":4475.23,"TEXYPR_VA":574.66,"TEXYPR_EXP":1153.16,"MADYPR_VA":312.81,"MADYPR_EXP":481.87,"PAPYPR_VA":810.64,"PAPYPR_EXP":1036.06,"PETREF_VA":1093.7,"PETREF_EXP":1247.2,"QUIMYP_VA":1514.22,"QUIMYP_EXP":3511.26,"FARMED_VA":1621.74,"FARMED_EXP":2311.46,"HUPLAS_VA":1841.42,"HUPLAS_EXP":3680.38,"PRNOMT_VA":894.3,"PRNOMT_EXP":1230.06,"METBAS_VA":276.96,"METBAS_EXP":577.49,"NONFER_VA":481.77,"NONFER_EXP":914.4,"PRMETA_VA":1776.18,"PRMETA_EXP":2515.13,"ELCTRO_VA":2263.2,"ELCTRO_EXP":9602.33,"ELCTRI_VA":1216.06,"ELCTRI_EXP":3475.34,"MAQYEQ_VA":2400.85,"MAQYEQ_EXP":5283.15,"AUTOMO_VA":6352.95,"AUTOMO_EXP":24572.37,"OTRTRA_VA":3.72,"OTRTRA_EXP":6.29,"TRANSP_VA":184.79,"TRANSP_EXP":389.88,"OTRMAN_VA":1524.66,"OTRMAN_EXP":2054.25,"ELEGAS_VA":2565.52,"ELEGAS_EXP":640.54,"AGUBAS_VA":1131.32,"AGUBAS_EXP":64.61,"CONSTR_VA":4139.19,"CONSTR_EXP":77.77,"COMREV_VA":11699.19,"COMREV_EXP":7530.11,"TRATIE_VA":4220.52,"TRATIE_EXP":3095.38,"TRAGUA_VA":82.61,"TRAGUA_EXP":44.26,"TRAAIR_VA":697.52,"TRAAIR_EXP":1212.76,"ALMSTR_VA":2391.75,"ALMSTR_EXP":2771.9,"POSTME_VA":593.74,"POSTME_EXP":158.2,"HOTYRE_VA":2005.12,"HOTYRE_EXP":1195.19,"MMTVRA_VA":1052.28,"MMTVRA_EXP":1205.77,"TELECO_VA":1690.62,"TELECO_EXP":317.12,"ITSERV_VA":2750.48,"ITSERV_EXP":1971.72,"SERFIN_VA":4096.95,"SERFIN_EXP":495.43,"GOBEST_VA":9931.92,"GOBEST_EXP":505.01,"SPRSCT_VA":6560.5,"SPRSCT_EXP":4330.8,"SEAEMP_VA":3992.09,"SEAEMP_EXP":2414.73,"ADPDEF_VA":9301.93,"ADPDEF_EXP":0.0,"EDUCAC_VA":5236.61,"EDUCAC_EXP":136.41,"SALUDH_VA":5025.92,"SALUDH_EXP":91.95,"ESPARC_VA":1505.7,"ESPARC_EXP":280.8,"OTRSER_VA":1728.18,"OTRSER_EXP":123.54,"SERHOG_VA":22.69,"SERHOG_EXP":0.0}},{"type":"Feature","geometry":{"type":"Point","coordinates":[113.92,-0.79]},"properties":{"id":"IDN","name":"Indonesia","continent":"asia","year":2016,"AGRPFO_VA":90655.79,"AGRPFO_EXP":5250.21,"FORLOG_VA":6272.54,"FORLOG_EXP":45.49,"PESCAC_VA":22681.52,"PESCAC_EXP":531.88,"MINCOL_VA":21199.06,"MINCOL_EXP":15207.01,"PETGAS_VA":25770.78,"PETGAS_EXP":12128.74,"MINORE_VA":6309.13,"MINORE_EXP":6568.01,"MINOTH_VA":11182.56,"MINOTH_EXP":87.02,"MINSER_VA":4691.89,"MINSER_EXP":167.08,"ALYBEB_VA":52220.32,"ALYBEB_EXP":22101.3,"TEXYPR_VA":11358.98,"TEXYPR_EXP":11882.41,"MADYPR_VA":4317.14,"MADYPR_EXP":3806.24,"PAPYPR_VA":6124.77,"PAPYPR_EXP":4653.46,"PETREF_VA":17464.78,"PETREF_EXP":1020.6,"QUIMYP_VA":11271.09,"QUIMYP_EXP":9420.2,"FARMED_VA":2421.69,"FARMED_EXP":513.31,"HUPLAS_VA":4982.44,"HUPLAS_EXP":4610.49,"PRNOMT_VA":5466.83,"PRNOMT_EXP":637.44,"METBAS_VA":4330.65,"METBAS_EXP":2082.01,"NONFER_VA":3099.41,"NONFER_EXP":2652.61,"PRMETA_VA":23334.23,"PRMETA_EXP":1636.82,"ELCTRO_VA":8680.48,"ELCTRO_EXP":5431.32,"ELCTRI_VA":10011.06,"ELCTRI_EXP":4149.95,"MAQYEQ_VA":2599.81,"MAQYEQ_EXP":2971.31,"AUTOMO_VA":13618.84,"AUTOMO_EXP":3558.93,"OTRTRA_VA":482.46,"OTRTRA_EXP":612.85,"TRANSP_VA":481.34,"TRANSP_EXP":1172.32,"OTRMAN_VA":3896.8,"OTRMAN_EXP":6259.81,"ELEGAS_VA":10192.08,"ELEGAS_EXP":4.73,"AGUBAS_VA":676.24,"AGUBAS_EXP":2.25,"CONSTR_VA":93721.74,"CONSTR_EXP":25.22,"COMREV_VA":149529.19,"COMREV_EXP":21285.91,"TRATIE_VA":22204.74,"TRATIE_EXP":2215.81,"TRAGUA_VA":3793.66,"TRAGUA_EXP":4204.74,"TRAAIR_VA":14549.4,"TRAAIR_EXP":2292.49,"ALMSTR_VA":6200.97,"ALMSTR_EXP":543.16,"POSTME_VA":1313.1,"POSTME_EXP":595.08,"HOTYRE_VA":26140.45,"HOTYRE_EXP":2992.78,"MMTVRA_VA":6306.31,"MMTVRA_EXP":681.34,"TELECO_VA":24029.87,"TELECO_EXP":715.13,"ITSERV_VA":2457.68,"ITSERV_EXP":428.87,"SERFIN_VA":37220.97,"SERFIN_EXP":814.8,"GOBEST_VA":22076.74,"GOBEST_EXP":890.41,"SPRSCT_VA":6017.57,"SPRSCT_EXP":2509.82,"SEAEMP_VA":5417.36,"SEAEMP_EXP":4319.36,"ADPDEF_VA":34230.16,"ADPDEF_EXP":7.64,"EDUCAC_VA":29917.66,"EDUCAC_EXP":178.99,"SALUDH_VA":9054.56,"SALUDH_EXP":117.87,"ESPARC_VA":3639.51,"ESPARC_EXP":392.72,"OTRSER_VA":18360.95,"OTRSER_EXP":158.78,"SERHOG_VA":4251.82,"SERHOG_EXP":0.0}},{"type":"Feature","geometry":{"type":"Point","coordinates":[78.96,20.59]},"properties":{"id":"IND","name":"India","continent":"asia","year":2016,"AGRPFO_VA":317952.98,"AGRPFO_EXP":4320.88,"FORLOG_VA":30508.2,"FORLOG_EXP":1743.04,"PESCAC_VA":22853.35,"PESCAC_EXP":603.08,"MINCOL_VA":10887.22,"MINCOL_EXP":169.8,"PETGAS_VA":17759.95,"PETGAS_EXP":258.35,"MINORE_VA":7844.89,"MINORE_EXP":634.81,"MINOTH_VA":2156.25,"MINOTH_EXP":518.05,"MINSER_VA":11593.03,"MINSER_EXP":291.48,"ALYBEB_VA":38994.4,"ALYBEB_EXP":19570.99,"TEXYPR_VA":47537.14,"TEXYPR_EXP":34737.93,"MADYPR_VA":5741.67,"MADYPR_EXP":532.82,"PAPYPR_VA":9551.41,"PAPYPR_EXP":1199.6,"PETREF_VA":27439.72,"PETREF_EXP":35027.06,"QUIMYP_VA":31824.28,"QUIMYP_EXP":17955.36,"FARMED_VA":23317.18,"FARMED_EXP":9965.5,"HUPLAS_VA":16044.42,"HUPLAS_EXP":5782.34,"PRNOMT_VA":23199.49,"PRNOMT_EXP":2984.72,"METBAS_VA":24364.08,"METBAS_EXP":11131.55,"NONFER_VA":7369.9,"NONFER_EXP":4399.03,"PRMETA_VA":16382.29,"PRMETA_EXP":6601.71,"ELCTRO_VA":8973.53,"ELCTRO_EXP":6623.39,"ELCTRI_VA":14767.93,"ELCTRI_EXP":6205.21,"MAQYEQ_VA":24909.87,"MAQYEQ_EXP":11736.86,"AUTOMO_VA":33339.6,"AUTOMO_EXP":11678.79,"OTRTRA_VA":669.95,"OTRTRA_EXP":542.65,"TRANSP_VA":9483.08,"TRANSP_EXP":4134.67,"OTRMAN_VA":15331.96,"OTRMAN_EXP":28997.54,"ELEGAS_VA":44418.28,"ELEGAS_EXP":512.95,"AGUBAS_VA":10334.38,"AGUBAS_EXP":0.13,"CONSTR_VA":180705.96,"CONSTR_EXP":271.12,"COMREV_VA":219418.27,"COMREV_EXP":28535.85,"TRATIE_VA":93289.38,"TRATIE_EXP":11787.39,"TRAGUA_VA":1444.9,"TRAGUA_EXP":993.54,"TRAAIR_VA":3384.79,"TRAAIR_EXP":4678.73,"ALMSTR_VA":17909.57,"ALMSTR_EXP":8006.79,"POSTME_VA":4680.15,"POSTME_EXP":233.55,"HOTYRE_VA":21702.59,"HOTYRE_EXP":8125.25,"MMTVRA_VA":9383.72,"MMTVRA_EXP":6184.08,"TELECO_VA":25871.17,"TELECO_EXP":2019.82,"ITSERV_VA":91568.7,"ITSERV_EXP":77769.9,"SERFIN_VA":113810.08,"SERFIN_EXP":7224.46,"GOBEST_VA":150907.19,"GOBEST_EXP":1952.28,"SPRSCT_VA":7234.52,"SPRSCT_EXP":9539.99,"SEAEMP_VA":58834.89,"SEAEMP_EXP":13429.3,"ADPDEF_VA":122429.19,"ADPDEF_EXP":0.86,"EDUCAC_VA":80317.43,"EDUCAC_EXP":2127.08,"SALUDH_VA":33339.8,"SALUDH_EXP":326.76,"ESPARC_VA":5713.66,"ESPARC_EXP":830.03,"OTRSER_VA":28664.43,"OTRSER_EXP":428.07,"SERHOG_VA":3659.01,"SERHOG_EXP":0.0}},{"type":"Feature","geometry":{"type":"Point","coordinates":[-7.69,53.14]},"properties":{"id":"IRL","name":"Irlanda","continent":"europe","year":2016,"AGRPFO_VA":2664.5,"AGRPFO_EXP":694.9,"FORLOG_VA":25.83,"FORLOG_EXP":105.49,"PESCAC_VA":168.34,"PESCAC_EXP":355.76,"MINCOL_VA":5.36,"MINCOL_EXP":9.61,"PETGAS_VA":19.07,"PETGAS_EXP":27.45,"MINORE_VA":241.44,"MINORE_EXP":309.23,"MINOTH_VA":330.57,"MINOTH_EXP":101.88,"MINSER_VA":10.99,"MINSER_EXP":15.32,"ALYBEB_VA":9856.18,"ALYBEB_EXP":20954.37,"TEXYPR_VA":180.79,"TEXYPR_EXP":250.45,"MADYPR_VA":263.58,"MADYPR_EXP":407.45,"PAPYPR_VA":578.12,"PAPYPR_EXP":715.98,"PETREF_VA":3031.11,"PETREF_EXP":944.63,"QUIMYP_VA":13498.8,"QUIMYP_EXP":15977.32,"FARMED_VA":54866.38,"FARMED_EXP":82574.25,"HUPLAS_VA":664.8,"HUPLAS_EXP":1469.0,"PRNOMT_VA":909.25,"PRNOMT_EXP":329.31,"METBAS_VA":152.37,"METBAS_EXP":331.57,"NONFER_VA":115.58,"NONFER_EXP":391.33,"PRMETA_VA":1018.75,"PRMETA_EXP":1681.35,"ELCTRO_VA":5501.22,"ELCTRO_EXP":22241.43,"ELCTRI_VA":447.72,"ELCTRI_EXP":1048.41,"MAQYEQ_VA":1404.42,"MAQYEQ_EXP":2846.29,"AUTOMO_VA":239.83,"AUTOMO_EXP":490.49,"OTRTRA_VA":58.81,"OTRTRA_EXP":0.1,"TRANSP_VA":79.7,"TRANSP_EXP":79.7,"OTRMAN_VA":5573.97,"OTRMAN_EXP":10687.21,"ELEGAS_VA":3173.65,"ELEGAS_EXP":149.24,"AGUBAS_VA":1186.06,"AGUBAS_EXP":0.24,"CONSTR_VA":7004.38,"CONSTR_EXP":0.15,"COMREV_VA":24175.08,"COMREV_EXP":13006.16,"TRATIE_VA":2644.51,"TRATIE_EXP":1996.3,"TRAGUA_VA":88.96,"TRAGUA_EXP":163.48,"TRAAIR_VA":2517.82,"TRAAIR_EXP":7742.47,"ALMSTR_VA":1502.26,"ALMSTR_EXP":892.01,"POSTME_VA":865.54,"POSTME_EXP":96.06,"HOTYRE_VA":5219.11,"HOTYRE_EXP":2110.23,"MMTVRA_VA":12896.01,"MMTVRA_EXP":14497.61,"TELECO_VA":2091.67,"TELECO_EXP":791.12,"ITSERV_VA":13313.77,"ITSERV_EXP":55944.23,"SERFIN_VA":17136.37,"SERFIN_EXP":29591.92,"GOBEST_VA":16850.01,"GOBEST_EXP":2102.51,"SPRSCT_VA":11071.5,"SPRSCT_EXP":9131.08,"SEAEMP_VA":21804.18,"SEAEMP_EXP":20558.83,"ADPDEF_VA":9121.95,"ADPDEF_EXP":0.07,"EDUCAC_VA":9194.25,"EDUCAC_EXP":444.61,"SALUDH_VA":14661.01,"SALUDH_EXP":59.29,"ESPARC_VA":2276.49,"ESPARC_EXP":482.78,"OTRSER_VA":1660.64,"OTRSER_EXP":56.66,"SERHOG_VA":75.96,"SERHOG_EXP":0.0}},{"type":"Feature","geometry":{"type":"Point","coordinates":[-19.02,64.96]},"properties":{"id":"ISL","name":"Islandia","continent":"europe","year":2016,"AGRPFO_VA":202.11,"AGRPFO_EXP":37.4,"FORLOG_VA":1.21,"FORLOG_EXP":0.13,"PESCAC_VA":761.24,"PESCAC_EXP":511.37,"MINCOL_VA":0.03,"MINCOL_EXP":0.0,"PETGAS_VA":0.63,"PETGAS_EXP":0.08,"MINORE_VA":0.01,"MINORE_EXP":0.0,"MINOTH_VA":20.83,"MINOTH_EXP":5.74,"MINSER_VA":0.06,"MINSER_EXP":0.01,"ALYBEB_VA":933.78,"ALYBEB_EXP":1564.75,"TEXYPR_VA":24.81,"TEXYPR_EXP":27.88,"MADYPR_VA":13.71,"MADYPR_EXP":0.5,"PAPYPR_VA":64.38,"PAPYPR_EXP":6.55,"PETREF_VA":0.35,"PETREF_EXP":0.04,"QUIMYP_VA":31.49,"QUIMYP_EXP":27.54,"FARMED_VA":32.49,"FARMED_EXP":5.74,"HUPLAS_VA":29.02,"HUPLAS_EXP":16.65,"PRNOMT_VA":81.54,"PRNOMT_EXP":3.21,"METBAS_VA":21.97,"METBAS_EXP":31.96,"NONFER_VA":307.9,"NONFER_EXP":1291.58,"PRMETA_VA":140.11,"PRMETA_EXP":6.29,"ELCTRO_VA":9.89,"ELCTRO_EXP":4.61,"ELCTRI_VA":17.7,"ELCTRI_EXP":16.21,"MAQYEQ_VA":133.05,"MAQYEQ_EXP":86.74,"AUTOMO_VA":5.68,"AUTOMO_EXP":1.36,"OTRTRA_VA":2.38,"OTRTRA_EXP":4.78,"TRANSP_VA":16.08,"TRANSP_EXP":2.15,"OTRMAN_VA":260.92,"OTRMAN_EXP":48.12,"ELEGAS_VA":669.98,"ELEGAS_EXP":0.14,"AGUBAS_VA":178.22,"AGUBAS_EXP":0.21,"CONSTR_VA":1322.46,"CONSTR_EXP":0.26,"COMREV_VA":1818.15,"COMREV_EXP":585.86,"TRATIE_VA":250.53,"TRATIE_EXP":129.73,"TRAGUA_VA":104.55,"TRAGUA_EXP":261.59,"TRAAIR_VA":541.45,"TRAAIR_EXP":1837.2,"ALMSTR_VA":370.86,"ALMSTR_EXP":303.07,"POSTME_VA":59.43,"POSTME_EXP":8.11,"HOTYRE_VA":746.19,"HOTYRE_EXP":770.83,"MMTVRA_VA":131.32,"MMTVRA_EXP":73.93,"TELECO_VA":227.41,"TELECO_EXP":38.98,"ITSERV_VA":516.24,"ITSERV_EXP":211.07,"SERFIN_VA":1175.2,"SERFIN_EXP":150.66,"GOBEST_VA":2094.92,"GOBEST_EXP":1.99,"SPRSCT_VA":849.25,"SPRSCT_EXP":268.86,"SEAEMP_VA":758.45,"SEAEMP_EXP":460.43,"ADPDEF_VA":988.58,"ADPDEF_EXP":0.73,"EDUCAC_VA":1151.64,"EDUCAC_EXP":2.54,"SALUDH_VA":1719.64,"SALUDH_EXP":4.69,"ESPARC_VA":259.41,"ESPARC_EXP":295.3,"OTRSER_VA":258.63,"OTRSER_EXP":69.47,"SERHOG_VA":10.41,"SERHOG_EXP":0.0}},{"type":"Feature","geometry":{"type":"Point","coordinates":[34.85,31.05]},"properties":{"id":"ISR","name":"Israel","continent":"other","year":2016,"AGRPFO_VA":4331.14,"AGRPFO_EXP":1687.51,"FORLOG_VA":24.11,"FORLOG_EXP":0.13,"PESCAC_VA":59.93,"PESCAC_EXP":19.26,"MINCOL_VA":0.0,"MINCOL_EXP":0.0,"PETGAS_VA":389.82,"PETGAS_EXP":389.42,"MINORE_VA":0.0,"MINORE_EXP":0.0,"MINOTH_VA":1585.06,"MINOTH_EXP":2579.6,"MINSER_VA":91.79,"MINSER_EXP":90.96,"ALYBEB_VA":3708.95,"ALYBEB_EXP":810.02,"TEXYPR_VA":730.15,"TEXYPR_EXP":653.64,"MADYPR_VA":199.7,"MADYPR_EXP":43.88,"PAPYPR_VA":1183.74,"PAPYPR_EXP":411.64,"PETREF_VA":3403.59,"PETREF_EXP":4827.23,"QUIMYP_VA":3821.75,"QUIMYP_EXP":4433.23,"FARMED_VA":3107.44,"FARMED_EXP":4765.66,"HUPLAS_VA":1830.81,"HUPLAS_EXP":1706.61,"PRNOMT_VA":1182.36,"PRNOMT_EXP":424.58,"METBAS_VA":425.24,"METBAS_EXP":318.93,"NONFER_VA":174.06,"NONFER_EXP":241.36,"PRMETA_VA":3238.79,"PRMETA_EXP":1695.26,"ELCTRO_VA":9038.77,"ELCTRO_EXP":8278.68,"ELCTRI_VA":547.37,"ELCTRI_EXP":637.22,"MAQYEQ_VA":1852.87,"MAQYEQ_EXP":2422.4,"AUTOMO_VA":374.0,"AUTOMO_EXP":132.01,"OTRTRA_VA":18.67,"OTRTRA_EXP":36.78,"TRANSP_VA":1502.85,"TRANSP_EXP":2688.84,"OTRMAN_VA":2037.45,"OTRMAN_EXP":3351.16,"ELEGAS_VA":1963.4,"ELEGAS_EXP":0.15,"AGUBAS_VA":2636.68,"AGUBAS_EXP":39.06,"CONSTR_VA":16425.09,"CONSTR_EXP":8.99,"COMREV_VA":27252.5,"COMREV_EXP":8205.28,"TRATIE_VA":6401.49,"TRATIE_EXP":1300.8,"TRAGUA_VA":1186.58,"TRAGUA_EXP":1354.64,"TRAAIR_VA":3645.81,"TRAAIR_EXP":2964.48,"ALMSTR_VA":993.32,"ALMSTR_EXP":1441.86,"POSTME_VA":740.38,"POSTME_EXP":107.27,"HOTYRE_VA":6624.02,"HOTYRE_EXP":1657.89,"MMTVRA_VA":1448.99,"MMTVRA_EXP":1338.15,"TELECO_VA":4353.87,"TELECO_EXP":965.79,"ITSERV_VA":16445.71,"ITSERV_EXP":13314.68,"SERFIN_VA":14889.86,"SERFIN_EXP":1952.81,"GOBEST_VA":47667.37,"GOBEST_EXP":1358.25,"SPRSCT_VA":21160.42,"SPRSCT_EXP":9155.62,"SEAEMP_VA":10272.1,"SEAEMP_EXP":996.25,"ADPDEF_VA":21940.88,"ADPDEF_EXP":122.64,"EDUCAC_VA":18174.67,"EDUCAC_EXP":32.88,"SALUDH_VA":17373.03,"SALUDH_EXP":156.41,"ESPARC_VA":4766.3,"ESPARC_EXP":482.67,"OTRSER_VA":4043.68,"OTRSER_EXP":106.61,"SERHOG_VA":756.85,"SERHOG_EXP":0.0}},{"type":"Feature","geometry":{"type":"Point","coordinates":[12.57,41.87]},"properties":{"id":"ITA","name":"Italia","continent":"europe","year":2016,"AGRPFO_VA":34850.0,"AGRPFO_EXP":6579.02,"FORLOG_VA":2118.7,"FORLOG_EXP":128.16,"PESCAC_VA":1205.56,"PESCAC_EXP":249.71,"MINCOL_VA":46.52,"MINCOL_EXP":7.86,"PETGAS_VA":2705.5,"PETGAS_EXP":795.27,"MINORE_VA":0.8,"MINORE_EXP":0.46,"MINOTH_VA":1233.93,"MINOTH_EXP":519.42,"MINSER_VA":589.85,"MINSER_EXP":170.95,"ALYBEB_VA":33469.79,"ALYBEB_EXP":26862.76,"TEXYPR_VA":28579.17,"TEXYPR_EXP":32252.31,"MADYPR_VA":5587.0,"MADYPR_EXP":2394.97,"PAPYPR_VA":11986.76,"PAPYPR_EXP":6391.04,"PETREF_VA":3581.81,"PETREF_EXP":9481.32,"QUIMYP_VA":14064.56,"QUIMYP_EXP":23085.72,"FARMED_VA":10834.8,"FARMED_EXP":11752.35,"HUPLAS_VA":14969.67,"HUPLAS_EXP":13732.92,"PRNOMT_VA":11605.92,"PRNOMT_EXP":8916.96,"METBAS_VA":7074.74,"METBAS_EXP":13989.12,"NONFER_VA":3283.12,"NONFER_EXP":8042.36,"PRMETA_VA":34337.5,"PRMETA_EXP":18401.78,"ELCTRO_VA":9372.33,"ELCTRO_EXP":10785.75,"ELCTRI_VA":12980.69,"ELCTRI_EXP":20085.83,"MAQYEQ_VA":42365.44,"MAQYEQ_EXP":66175.32,"AUTOMO_VA":17047.7,"AUTOMO_EXP":33077.35,"OTRTRA_VA":1797.96,"OTRTRA_EXP":4310.97,"TRANSP_VA":6849.67,"TRANSP_EXP":7641.92,"OTRMAN_VA":26213.14,"OTRMAN_EXP":19975.84,"ELEGAS_VA":25429.24,"ELEGAS_EXP":426.12,"AGUBAS_VA":18625.41,"AGUBAS_EXP":403.35,"CONSTR_VA":76998.13,"CONSTR_EXP":1361.66,"COMREV_VA":204983.27,"COMREV_EXP":76124.82,"TRATIE_VA":54544.64,"TRATIE_EXP":11294.65,"TRAGUA_VA":4330.25,"TRAGUA_EXP":3873.75,"TRAAIR_VA":2162.84,"TRAAIR_EXP":4253.81,"ALMSTR_VA":34504.17,"ALMSTR_EXP":9289.41,"POSTME_VA":3992.54,"POSTME_EXP":865.81,"HOTYRE_VA":65350.11,"HOTYRE_EXP":14870.47,"MMTVRA_VA":10405.46,"MMTVRA_EXP":2765.22,"TELECO_VA":21019.77,"TELECO_EXP":5506.13,"ITSERV_VA":34471.67,"ITSERV_EXP":4435.18,"SERFIN_VA":91279.54,"SERFIN_EXP":8748.96,"GOBEST_VA":231411.34,"GOBEST_EXP":3130.41,"SPRSCT_VA":110599.95,"SPRSCT_EXP":11553.73,"SEAEMP_VA":55628.95,"SEAEMP_EXP":10173.81,"ADPDEF_VA":114377.25,"ADPDEF_EXP":648.78,"EDUCAC_VA":70202.09,"EDUCAC_EXP":941.47,"SALUDH_VA":103963.67,"SALUDH_EXP":1042.98,"ESPARC_VA":20457.81,"ESPARC_EXP":2468.59,"OTRSER_VA":30114.66,"OTRSER_EXP":1267.26,"SERHOG_VA":20406.07,"SERHOG_EXP":0.0}},{"type":"Feature","geometry":{"type":"Point","coordinates":[36.24,30.59]},"properties":{"id":"JOR","name":"Jordania","continent":"other","year":2016,"AGRPFO_VA":1332.09,"AGRPFO_EXP":882.58,"FORLOG_VA":83.39,"FORLOG_EXP":0.32,"PESCAC_VA":2.76,"PESCAC_EXP":0.48,"MINCOL_VA":153.82,"MINCOL_EXP":0.06,"PETGAS_VA":276.79,"PETGAS_EXP":0.34,"MINORE_VA":124.63,"MINORE_EXP":0.67,"MINOTH_VA":219.65,"MINOTH_EXP":261.72,"MINSER_VA":124.24,"MINSER_EXP":3.07,"ALYBEB_VA":1895.23,"ALYBEB_EXP":798.14,"TEXYPR_VA":853.49,"TEXYPR_EXP":1221.14,"MADYPR_VA":56.71,"MADYPR_EXP":12.19,"PAPYPR_VA":298.35,"PAPYPR_EXP":226.09,"PETREF_VA":387.13,"PETREF_EXP":17.87,"QUIMYP_VA":623.77,"QUIMYP_EXP":1084.82,"FARMED_VA":588.03,"FARMED_EXP":615.98,"HUPLAS_VA":230.97,"HUPLAS_EXP":193.26,"PRNOMT_VA":634.91,"PRNOMT_EXP":109.05,"METBAS_VA":92.66,"METBAS_EXP":87.58,"NONFER_VA":159.35,"NONFER_EXP":20.6,"PRMETA_VA":415.96,"PRMETA_EXP":108.07,"ELCTRO_VA":48.53,"ELCTRO_EXP":19.17,"ELCTRI_VA":150.63,"ELCTRI_EXP":75.52,"MAQYEQ_VA":152.9,"MAQYEQ_EXP":97.21,"AUTOMO_VA":75.6,"AUTOMO_EXP":80.99,"OTRTRA_VA":8.61,"OTRTRA_EXP":0.42,"TRANSP_VA":16.57,"TRANSP_EXP":3.14,"OTRMAN_VA":136.68,"OTRMAN_EXP":53.97,"ELEGAS_VA":549.89,"ELEGAS_EXP":16.6,"AGUBAS_VA":340.43,"AGUBAS_EXP":0.25,"CONSTR_VA":1351.12,"CONSTR_EXP":2.08,"COMREV_VA":3454.34,"COMREV_EXP":943.58,"TRATIE_VA":1713.93,"TRATIE_EXP":752.52,"TRAGUA_VA":96.87,"TRAGUA_EXP":76.53,"TRAAIR_VA":272.05,"TRAAIR_EXP":1014.0,"ALMSTR_VA":622.56,"ALMSTR_EXP":304.69,"POSTME_VA":19.81,"POSTME_EXP":21.43,"HOTYRE_VA":588.59,"HOTYRE_EXP":720.98,"MMTVRA_VA":173.2,"MMTVRA_EXP":89.63,"TELECO_VA":1029.74,"TELECO_EXP":54.59,"ITSERV_VA":261.28,"ITSERV_EXP":59.05,"SERFIN_VA":2778.33,"SERFIN_EXP":364.37,"GOBEST_VA":4357.97,"GOBEST_EXP":9.34,"SPRSCT_VA":373.34,"SPRSCT_EXP":39.12,"SEAEMP_VA":318.6,"SEAEMP_EXP":113.11,"ADPDEF_VA":3922.28,"ADPDEF_EXP":1.77,"EDUCAC_VA":2894.58,"EDUCAC_EXP":569.12,"SALUDH_VA":1282.29,"SALUDH_EXP":477.56,"ESPARC_VA":111.1,"ESPARC_EXP":224.76,"OTRSER_VA":299.18,"OTRSER_EXP":33.25,"SERHOG_VA":666.8,"SERHOG_EXP":0.0}},{"type":"Feature","geometry":{"type":"Point","coordinates":[138.25,36.2]},"properties":{"id":"JPN","name":"Japón","continent":"asia","year":2016,"AGRPFO_VA":44467.54,"AGRPFO_EXP":351.65,"FORLOG_VA":2200.69,"FORLOG_EXP":72.93,"PESCAC_VA":7383.4,"PESCAC_EXP":413.12,"MINCOL_VA":405.44,"MINCOL_EXP":0.83,"PETGAS_VA":434.62,"PETGAS_EXP":43.11,"MINORE_VA":1662.76,"MINORE_EXP":126.76,"MINOTH_VA":890.39,"MINOTH_EXP":255.72,"MINSER_VA":918.38,"MINSER_EXP":302.16,"ALYBEB_VA":124643.81,"ALYBEB_EXP":4755.64,"TEXYPR_VA":13664.38,"TEXYPR_EXP":5718.52,"MADYPR_VA":8885.24,"MADYPR_EXP":272.73,"PAPYPR_VA":46352.9,"PAPYPR_EXP":3655.42,"PETREF_VA":49008.3,"PETREF_EXP":6389.0,"QUIMYP_VA":64116.44,"QUIMYP_EXP":40520.65,"FARMED_VA":40659.56,"FARMED_EXP":2877.67,"HUPLAS_VA":45454.87,"HUPLAS_EXP":16298.71,"PRNOMT_VA":26571.07,"PRNOMT_EXP":5866.32,"METBAS_VA":66921.67,"METBAS_EXP":22173.96,"NONFER_VA":21984.21,"NONFER_EXP":20789.57,"PRMETA_VA":46123.79,"PRMETA_EXP":4787.3,"ELCTRO_VA":75825.48,"ELCTRO_EXP":69904.62,"ELCTRI_VA":58869.71,"ELCTRI_EXP":34158.48,"MAQYEQ_VA":138513.6,"MAQYEQ_EXP":85428.77,"AUTOMO_VA":116914.68,"AUTOMO_EXP":150882.09,"OTRTRA_VA":6016.25,"OTRTRA_EXP":12705.12,"TRANSP_VA":12662.34,"TRANSP_EXP":11659.49,"OTRMAN_VA":119830.37,"OTRMAN_EXP":8460.94,"ELEGAS_VA":64943.38,"ELEGAS_EXP":28.17,"AGUBAS_VA":71640.87,"AGUBAS_EXP":63.61,"CONSTR_VA":262758.61,"CONSTR_EXP":90.59,"COMREV_VA":610647.12,"COMREV_EXP":98895.63,"TRATIE_VA":155322.95,"TRATIE_EXP":18464.16,"TRAGUA_VA":10859.88,"TRAGUA_EXP":7805.31,"TRAAIR_VA":6201.57,"TRAAIR_EXP":3274.14,"ALMSTR_VA":64849.85,"ALMSTR_EXP":7282.17,"POSTME_VA":9995.04,"POSTME_EXP":650.29,"HOTYRE_VA":128381.4,"HOTYRE_EXP":13573.51,"MMTVRA_VA":46333.03,"MMTVRA_EXP":7805.59,"TELECO_VA":97868.73,"TELECO_EXP":1362.67,"ITSERV_VA":117109.72,"ITSERV_EXP":5093.89,"SERFIN_VA":210363.57,"SERFIN_EXP":24697.66,"GOBEST_VA":550761.94,"GOBEST_EXP":1435.96,"SPRSCT_VA":214467.22,"SPRSCT_EXP":15923.44,"SEAEMP_VA":147348.73,"SEAEMP_EXP":63505.83,"ADPDEF_VA":230239.39,"ADPDEF_EXP":51.61,"EDUCAC_VA":161541.32,"EDUCAC_EXP":188.81,"SALUDH_VA":361330.49,"SALUDH_EXP":177.34,"ESPARC_VA":49737.27,"ESPARC_EXP":695.41,"OTRSER_VA":77603.31,"OTRSER_EXP":43.44,"SERHOG_VA":0.0,"SERHOG_EXP":0.0}},{"type":"Feature","geometry":{"type":"Point","coordinates":[66.92,48.02]},"properties":{"id":"KAZ","name":"Kazajistán","continent":"asia","year":2016,"AGRPFO_VA":6008.36,"AGRPFO_EXP":746.89,"FORLOG_VA":62.16,"FORLOG_EXP":1.13,"PESCAC_VA":202.13,"PESCAC_EXP":2.13,"MINCOL_VA":619.39,"MINCOL_EXP":328.51,"PETGAS_VA":12461.84,"PETGAS_EXP":15155.66,"MINORE_VA":3479.72,"MINORE_EXP":1328.24,"MINOTH_VA":283.03,"MINOTH_EXP":248.5,"MINSER_VA":995.14,"MINSER_EXP":14.0,"ALYBEB_VA":3684.16,"ALYBEB_EXP":705.4,"TEXYPR_VA":175.04,"TEXYPR_EXP":94.66,"MADYPR_VA":43.35,"MADYPR_EXP":9.87,"PAPYPR_VA":176.08,"PAPYPR_EXP":30.11,"PETREF_VA":1272.22,"PETREF_EXP":1006.8,"QUIMYP_VA":577.33,"QUIMYP_EXP":533.1,"FARMED_VA":282.39,"FARMED_EXP":25.67,"HUPLAS_VA":313.03,"HUPLAS_EXP":58.26,"PRNOMT_VA":794.45,"PRNOMT_EXP":48.58,"METBAS_VA":2230.88,"METBAS_EXP":2216.91,"NONFER_VA":4512.7,"NONFER_EXP":2198.83,"PRMETA_VA":373.28,"PRMETA_EXP":120.81,"ELCTRO_VA":45.97,"ELCTRO_EXP":103.31,"ELCTRI_VA":185.83,"ELCTRI_EXP":92.54,"MAQYEQ_VA":173.8,"MAQYEQ_EXP":248.52,"AUTOMO_VA":78.86,"AUTOMO_EXP":64.96,"OTRTRA_VA":35.79,"OTRTRA_EXP":42.0,"TRANSP_VA":63.11,"TRANSP_EXP":67.5,"OTRMAN_VA":744.88,"OTRMAN_EXP":151.43,"ELEGAS_VA":2271.35,"ELEGAS_EXP":134.67,"AGUBAS_VA":344.98,"AGUBAS_EXP":0.54,"CONSTR_VA":8096.95,"CONSTR_EXP":34.81,"COMREV_VA":23292.8,"COMREV_EXP":8970.44,"TRATIE_VA":9579.14,"TRATIE_EXP":3571.81,"TRAGUA_VA":108.26,"TRAGUA_EXP":94.69,"TRAAIR_VA":468.95,"TRAAIR_EXP":304.59,"ALMSTR_VA":1804.72,"ALMSTR_EXP":454.67,"POSTME_VA":127.32,"POSTME_EXP":21.37,"HOTYRE_VA":1551.71,"HOTYRE_EXP":654.88,"MMTVRA_VA":413.54,"MMTVRA_EXP":92.6,"TELECO_VA":2065.62,"TELECO_EXP":211.49,"ITSERV_VA":1118.35,"ITSERV_EXP":37.81,"SERFIN_VA":4885.42,"SERFIN_EXP":241.66,"GOBEST_VA":13340.95,"GOBEST_EXP":143.53,"SPRSCT_VA":6859.66,"SPRSCT_EXP":819.6,"SEAEMP_VA":2961.35,"SEAEMP_EXP":507.18,"ADPDEF_VA":2568.27,"ADPDEF_EXP":8.27,"EDUCAC_VA":3896.82,"EDUCAC_EXP":20.36,"SALUDH_VA":2658.81,"SALUDH_EXP":36.26,"ESPARC_VA":573.4,"ESPARC_EXP":49.17,"OTRSER_VA":2577.34,"OTRSER_EXP":29.09,"SERHOG_VA":94.11,"SERHOG_EXP":0.0}},{"type":"Feature","geometry":{"type":"Point","coordinates":[104.99,12.57]},"properties":{"id":"KHM","name":"Camboya","continent":"asia","year":2016,"AGRPFO_VA":3293.59,"AGRPFO_EXP":2538.88,"FORLOG_VA":318.28,"FORLOG_EXP":0.78,"PESCAC_VA":1071.7,"PESCAC_EXP":180.22,"MINCOL_VA":0.0,"MINCOL_EXP":0.0,"PETGAS_VA":0.0,"PETGAS_EXP":0.0,"MINORE_VA":50.23,"MINORE_EXP":3.17,"MINOTH_VA":73.4,"MINOTH_EXP":95.58,"MINSER_VA":34.53,"MINSER_EXP":2.1,"ALYBEB_VA":454.22,"ALYBEB_EXP":508.27,"TEXYPR_VA":2204.02,"TEXYPR_EXP":3906.44,"MADYPR_VA":25.37,"MADYPR_EXP":39.84,"PAPYPR_VA":53.27,"PAPYPR_EXP":102.15,"PETREF_VA":7.2,"PETREF_EXP":3.43,"QUIMYP_VA":48.86,"QUIMYP_EXP":13.66,"FARMED_VA":28.72,"FARMED_EXP":5.29,"HUPLAS_VA":94.41,"HUPLAS_EXP":73.79,"PRNOMT_VA":100.75,"PRNOMT_EXP":1.58,"METBAS_VA":1191.2,"METBAS_EXP":5.09,"NONFER_VA":25.31,"NONFER_EXP":18.18,"PRMETA_VA":101.49,"PRMETA_EXP":6.35,"ELCTRO_VA":0.14,"ELCTRO_EXP":0.07,"ELCTRI_VA":0.14,"ELCTRI_EXP":0.04,"MAQYEQ_VA":3.73,"MAQYEQ_EXP":1.89,"AUTOMO_VA":26.15,"AUTOMO_EXP":13.86,"OTRTRA_VA":4.35,"OTRTRA_EXP":5.89,"TRANSP_VA":7.83,"TRANSP_EXP":10.03,"OTRMAN_VA":94.14,"OTRMAN_EXP":33.57,"ELEGAS_VA":65.11,"ELEGAS_EXP":1.14,"AGUBAS_VA":61.66,"AGUBAS_EXP":0.38,"CONSTR_VA":2144.5,"CONSTR_EXP":2.78,"COMREV_VA":1813.77,"COMREV_EXP":676.55,"TRATIE_VA":549.6,"TRATIE_EXP":384.63,"TRAGUA_VA":85.25,"TRAGUA_EXP":102.39,"TRAAIR_VA":79.22,"TRAAIR_EXP":142.21,"ALMSTR_VA":300.39,"ALMSTR_EXP":275.81,"POSTME_VA":91.41,"POSTME_EXP":72.4,"HOTYRE_VA":906.23,"HOTYRE_EXP":678.35,"MMTVRA_VA":94.79,"MMTVRA_EXP":80.55,"TELECO_VA":335.6,"TELECO_EXP":205.11,"ITSERV_VA":85.42,"ITSERV_EXP":19.22,"SERFIN_VA":456.48,"SERFIN_EXP":78.48,"GOBEST_VA":1187.37,"GOBEST_EXP":195.12,"SPRSCT_VA":201.97,"SPRSCT_EXP":52.91,"SEAEMP_VA":161.92,"SEAEMP_EXP":64.64,"ADPDEF_VA":260.57,"ADPDEF_EXP":0.75,"EDUCAC_VA":271.24,"EDUCAC_EXP":53.66,"SALUDH_VA":488.78,"SALUDH_EXP":35.88,"ESPARC_VA":151.79,"ESPARC_EXP":110.14,"OTRSER_VA":275.82,"OTRSER_EXP":49.21,"SERHOG_VA":0.0,"SERHOG_EXP":0.0}},{"type":"Feature","geometry":{"type":"Point","coordinates":[127.77,35.91]},"properties":{"id":"KOR","name":"Corea del Sur","continent":"asia","year":2016,"AGRPFO_VA":21753.19,"AGRPFO_EXP":529.16,"FORLOG_VA":1970.27,"FORLOG_EXP":16.97,"PESCAC_VA":2708.42,"PESCAC_EXP":224.44,"MINCOL_VA":156.09,"MINCOL_EXP":7.71,"PETGAS_VA":41.27,"PETGAS_EXP":1.81,"MINORE_VA":31.6,"MINORE_EXP":29.17,"MINOTH_VA":1610.62,"MINOTH_EXP":274.65,"MINSER_VA":12.98,"MINSER_EXP":10.95,"ALYBEB_VA":18830.22,"ALYBEB_EXP":6354.22,"TEXYPR_VA":16342.04,"TEXYPR_EXP":11052.72,"MADYPR_VA":2176.06,"MADYPR_EXP":163.15,"PAPYPR_VA":10767.48,"PAPYPR_EXP":3182.92,"PETREF_VA":12888.22,"PETREF_EXP":27064.11,"QUIMYP_VA":38380.03,"QUIMYP_EXP":48527.37,"FARMED_VA":8763.7,"FARMED_EXP":2189.48,"HUPLAS_VA":23850.32,"HUPLAS_EXP":13607.97,"PRNOMT_VA":11051.44,"PRNOMT_EXP":2420.31,"METBAS_VA":20139.72,"METBAS_EXP":19396.8,"NONFER_VA":6685.16,"NONFER_EXP":10095.5,"PRMETA_VA":30518.55,"PRMETA_EXP":12076.75,"ELCTRO_VA":103896.01,"ELCTRO_EXP":141541.59,"ELCTRI_VA":21994.51,"ELCTRI_EXP":29010.1,"MAQYEQ_VA":34670.32,"MAQYEQ_EXP":34715.66,"AUTOMO_VA":43390.08,"AUTOMO_EXP":60881.61,"OTRTRA_VA":11900.94,"OTRTRA_EXP":31227.03,"TRANSP_VA":3123.62,"TRANSP_EXP":2736.5,"OTRMAN_VA":8990.22,"OTRMAN_EXP":3557.07,"ELEGAS_VA":29278.7,"ELEGAS_EXP":18.54,"AGUBAS_VA":8726.1,"AGUBAS_EXP":12.41,"CONSTR_VA":77291.42,"CONSTR_EXP":0.38,"COMREV_VA":135477.4,"COMREV_EXP":46290.75,"TRATIE_VA":17150.99,"TRATIE_EXP":2049.21,"TRAGUA_VA":3839.71,"TRAGUA_EXP":17502.34,"TRAAIR_VA":15882.58,"TRAAIR_EXP":8234.69,"ALMSTR_VA":15958.2,"ALMSTR_EXP":2639.23,"POSTME_VA":4107.4,"POSTME_EXP":79.86,"HOTYRE_VA":40080.24,"HOTYRE_EXP":5431.53,"MMTVRA_VA":20238.77,"MMTVRA_EXP":2177.34,"TELECO_VA":17690.74,"TELECO_EXP":989.86,"ITSERV_VA":25463.26,"ITSERV_EXP":4368.26,"SERFIN_VA":74222.0,"SERFIN_EXP":3032.94,"GOBEST_VA":111827.78,"GOBEST_EXP":855.96,"SPRSCT_VA":81634.79,"SPRSCT_EXP":15313.61,"SEAEMP_VA":46324.66,"SEAEMP_EXP":8552.77,"ADPDEF_VA":83251.77,"ADPDEF_EXP":33.04,"EDUCAC_VA":67164.18,"EDUCAC_EXP":423.93,"SALUDH_VA":58772.55,"SALUDH_EXP":227.08,"ESPARC_VA":14678.75,"ESPARC_EXP":1460.74,"OTRSER_VA":18419.74,"OTRSER_EXP":300.34,"SERHOG_VA":2238.55,"SERHOG_EXP":0.0}},{"type":"Feature","geometry":{"type":"Point","coordinates":[102.5,19.86]},"properties":{"id":"LAO","name":"Laos","continent":"asia","year":2016,"AGRPFO_VA":2139.7,"AGRPFO_EXP":494.11,"FORLOG_VA":173.31,"FORLOG_EXP":1.52,"PESCAC_VA":349.61,"PESCAC_EXP":0.42,"MINCOL_VA":160.39,"MINCOL_EXP":0.98,"PETGAS_VA":163.55,"PETGAS_EXP":0.11,"MINORE_VA":709.09,"MINORE_EXP":656.93,"MINOTH_VA":371.85,"MINOTH_EXP":12.66,"MINSER_VA":132.82,"MINSER_EXP":0.17,"ALYBEB_VA":423.04,"ALYBEB_EXP":463.92,"TEXYPR_VA":173.24,"TEXYPR_EXP":176.75,"MADYPR_VA":122.0,"MADYPR_EXP":24.48,"PAPYPR_VA":2.6,"PAPYPR_EXP":4.48,"PETREF_VA":53.49,"PETREF_EXP":0.3,"QUIMYP_VA":25.14,"QUIMYP_EXP":60.72,"FARMED_VA":15.22,"FARMED_EXP":3.89,"HUPLAS_VA":8.66,"HUPLAS_EXP":5.99,"PRNOMT_VA":110.19,"PRNOMT_EXP":13.12,"METBAS_VA":2.21,"METBAS_EXP":1.26,"NONFER_VA":2.69,"NONFER_EXP":2.04,"PRMETA_VA":43.8,"PRMETA_EXP":5.37,"ELCTRO_VA":4.97,"ELCTRO_EXP":6.98,"ELCTRI_VA":3.43,"ELCTRI_EXP":5.39,"MAQYEQ_VA":0.2,"MAQYEQ_EXP":0.09,"AUTOMO_VA":1.04,"AUTOMO_EXP":1.41,"OTRTRA_VA":0.5,"OTRTRA_EXP":0.16,"TRANSP_VA":0.54,"TRANSP_EXP":0.56,"OTRMAN_VA":86.37,"OTRMAN_EXP":82.36,"ELEGAS_VA":1318.78,"ELEGAS_EXP":1291.55,"AGUBAS_VA":271.0,"AGUBAS_EXP":0.34,"CONSTR_VA":917.89,"CONSTR_EXP":0.35,"COMREV_VA":1457.56,"COMREV_EXP":296.04,"TRATIE_VA":221.05,"TRATIE_EXP":71.33,"TRAGUA_VA":14.47,"TRAGUA_EXP":10.08,"TRAAIR_VA":24.97,"TRAAIR_EXP":39.39,"ALMSTR_VA":38.85,"ALMSTR_EXP":2.63,"POSTME_VA":44.85,"POSTME_EXP":3.49,"HOTYRE_VA":375.09,"HOTYRE_EXP":254.0,"MMTVRA_VA":31.57,"MMTVRA_EXP":6.23,"TELECO_VA":189.17,"TELECO_EXP":18.94,"ITSERV_VA":33.85,"ITSERV_EXP":8.42,"SERFIN_VA":482.36,"SERFIN_EXP":36.57,"GOBEST_VA":923.36,"GOBEST_EXP":47.87,"SPRSCT_VA":114.42,"SPRSCT_EXP":26.29,"SEAEMP_VA":57.08,"SEAEMP_EXP":18.77,"ADPDEF_VA":1591.48,"ADPDEF_EXP":0.68,"EDUCAC_VA":407.69,"EDUCAC_EXP":16.6,"SALUDH_VA":64.37,"SALUDH_EXP":10.92,"ESPARC_VA":60.77,"ESPARC_EXP":26.68,"OTRSER_VA":421.08,"OTRSER_EXP":14.04,"SERHOG_VA":50.91,"SERHOG_EXP":0.0}},{"type":"Feature","geometry":{"type":"Point","coordinates":[23.88,55.17]},"properties":{"id":"LTU","name":"Lituania","continent":"europe","year":2016,"AGRPFO_VA":1192.2,"AGRPFO_EXP":895.92,"FORLOG_VA":221.82,"FORLOG_EXP":113.62,"PESCAC_VA":40.99,"PESCAC_EXP":8.94,"MINCOL_VA":12.44,"MINCOL_EXP":9.47,"PETGAS_VA":44.68,"PETGAS_EXP":46.05,"MINORE_VA":3.75,"MINORE_EXP":0.61,"MINOTH_VA":36.7,"MINOTH_EXP":57.75,"MINSER_VA":16.13,"MINSER_EXP":4.26,"ALYBEB_VA":1603.45,"ALYBEB_EXP":1870.36,"TEXYPR_VA":609.37,"TEXYPR_EXP":535.57,"MADYPR_VA":578.2,"MADYPR_EXP":718.57,"PAPYPR_VA":371.47,"PAPYPR_EXP":237.26,"PETREF_VA":642.61,"PETREF_EXP":2403.05,"QUIMYP_VA":540.85,"QUIMYP_EXP":1588.34,"FARMED_VA":121.58,"FARMED_EXP":143.1,"HUPLAS_VA":483.53,"HUPLAS_EXP":629.89,"PRNOMT_VA":297.15,"PRNOMT_EXP":207.93,"METBAS_VA":18.82,"METBAS_EXP":45.76,"NONFER_VA":2.6,"NONFER_EXP":4.29,"PRMETA_VA":415.5,"PRMETA_EXP":454.2,"ELCTRO_VA":199.5,"ELCTRO_EXP":275.61,"ELCTRI_VA":147.04,"ELCTRI_EXP":240.52,"MAQYEQ_VA":226.13,"MAQYEQ_EXP":319.08,"AUTOMO_VA":157.21,"AUTOMO_EXP":131.68,"OTRTRA_VA":75.2,"OTRTRA_EXP":32.61,"TRANSP_VA":22.66,"TRANSP_EXP":41.97,"OTRMAN_VA":1320.29,"OTRMAN_EXP":1617.91,"ELEGAS_VA":817.98,"ELEGAS_EXP":37.21,"AGUBAS_VA":474.81,"AGUBAS_EXP":23.69,"CONSTR_VA":2703.98,"CONSTR_EXP":118.24,"COMREV_VA":7094.79,"COMREV_EXP":2826.59,"TRATIE_VA":3102.17,"TRATIE_EXP":3212.28,"TRAGUA_VA":115.5,"TRAGUA_EXP":126.19,"TRAAIR_VA":54.65,"TRAAIR_EXP":246.62,"ALMSTR_VA":1253.92,"ALMSTR_EXP":1342.97,"POSTME_VA":103.58,"POSTME_EXP":46.57,"HOTYRE_VA":671.46,"HOTYRE_EXP":271.79,"MMTVRA_VA":206.9,"MMTVRA_EXP":90.0,"TELECO_VA":534.58,"TELECO_EXP":145.37,"ITSERV_VA":703.45,"ITSERV_EXP":261.99,"SERFIN_VA":864.95,"SERFIN_EXP":143.99,"GOBEST_VA":2726.86,"GOBEST_EXP":170.57,"SPRSCT_VA":1581.21,"SPRSCT_EXP":573.4,"SEAEMP_VA":1112.44,"SEAEMP_EXP":405.41,"ADPDEF_VA":2422.92,"ADPDEF_EXP":18.89,"EDUCAC_VA":1794.19,"EDUCAC_EXP":52.43,"SALUDH_VA":1568.82,"SALUDH_EXP":19.27,"ESPARC_VA":480.26,"ESPARC_EXP":62.6,"OTRSER_VA":409.33,"OTRSER_EXP":19.19,"SERHOG_VA":35.92,"SERHOG_EXP":0.0}},{"type":"Feature","geometry":{"type":"Point","coordinates":[6.13,49.82]},"properties":{"id":"LUX","name":"Luxemburgo","continent":"europe","year":2016,"AGRPFO_VA":120.37,"AGRPFO_EXP":287.19,"FORLOG_VA":13.41,"FORLOG_EXP":18.54,"PESCAC_VA":0.0,"PESCAC_EXP":0.0,"MINCOL_VA":0.0,"MINCOL_EXP":0.0,"PETGAS_VA":0.0,"PETGAS_EXP":0.0,"MINORE_VA":9.24,"MINORE_EXP":1.91,"MINOTH_VA":25.68,"MINOTH_EXP":2.1,"MINSER_VA":0.0,"MINSER_EXP":0.0,"ALYBEB_VA":410.12,"ALYBEB_EXP":815.23,"TEXYPR_VA":256.08,"TEXYPR_EXP":309.2,"MADYPR_VA":53.21,"MADYPR_EXP":193.33,"PAPYPR_VA":83.35,"PAPYPR_EXP":57.51,"PETREF_VA":0.0,"PETREF_EXP":0.0,"QUIMYP_VA":118.64,"QUIMYP_EXP":282.16,"FARMED_VA":17.15,"FARMED_EXP":18.28,"HUPLAS_VA":645.92,"HUPLAS_EXP":4965.55,"PRNOMT_VA":335.28,"PRNOMT_EXP":728.85,"METBAS_VA":388.05,"METBAS_EXP":1479.09,"NONFER_VA":402.17,"NONFER_EXP":1644.3,"PRMETA_VA":295.66,"PRMETA_EXP":505.5,"ELCTRO_VA":96.21,"ELCTRO_EXP":177.86,"ELCTRI_VA":40.92,"ELCTRI_EXP":66.98,"MAQYEQ_VA":479.36,"MAQYEQ_EXP":828.63,"AUTOMO_VA":50.18,"AUTOMO_EXP":27.67,"OTRTRA_VA":1.3,"OTRTRA_EXP":0.99,"TRANSP_VA":2.39,"TRANSP_EXP":1.48,"OTRMAN_VA":106.57,"OTRMAN_EXP":139.84,"ELEGAS_VA":511.89,"ELEGAS_EXP":95.29,"AGUBAS_VA":288.58,"AGUBAS_EXP":19.16,"CONSTR_VA":3192.6,"CONSTR_EXP":89.34,"COMREV_VA":5489.58,"COMREV_EXP":3210.3,"TRATIE_VA":1378.25,"TRATIE_EXP":1652.43,"TRAGUA_VA":51.89,"TRAGUA_EXP":78.75,"TRAAIR_VA":702.82,"TRAAIR_EXP":2097.56,"ALMSTR_VA":269.85,"ALMSTR_EXP":348.85,"POSTME_VA":130.45,"POSTME_EXP":227.38,"HOTYRE_VA":1058.65,"HOTYRE_EXP":1187.68,"MMTVRA_VA":370.77,"MMTVRA_EXP":522.46,"TELECO_VA":1576.06,"TELECO_EXP":3421.02,"ITSERV_VA":1594.17,"ITSERV_EXP":4220.04,"SERFIN_VA":16702.22,"SERFIN_EXP":65469.91,"GOBEST_VA":4895.43,"GOBEST_EXP":484.84,"SPRSCT_VA":5599.21,"SPRSCT_EXP":7400.48,"SEAEMP_VA":2098.65,"SEAEMP_EXP":1792.73,"ADPDEF_VA":3177.31,"ADPDEF_EXP":46.13,"EDUCAC_VA":2222.42,"EDUCAC_EXP":165.32,"SALUDH_VA":3202.99,"SALUDH_EXP":64.29,"ESPARC_VA":359.56,"ESPARC_EXP":186.34,"OTRSER_VA":459.87,"OTRSER_EXP":82.44,"SERHOG_VA":151.28,"SERHOG_EXP":0.0}},{"type":"Feature","geometry":{"type":"Point","coordinates":[24.6,56.88]},"properties":{"id":"LVA","name":"Letonia","continent":"europe","year":2016,"AGRPFO_VA":517.13,"AGRPFO_EXP":527.98,"FORLOG_VA":470.06,"FORLOG_EXP":169.21,"PESCAC_VA":41.6,"PESCAC_EXP":19.65,"MINCOL_VA":1.07,"MINCOL_EXP":0.82,"PETGAS_VA":0.0,"PETGAS_EXP":0.0,"MINORE_VA":0.83,"MINORE_EXP":0.37,"MINOTH_VA":129.42,"MINOTH_EXP":5.6,"MINSER_VA":1.16,"MINSER_EXP":0.59,"ALYBEB_VA":647.92,"ALYBEB_EXP":694.25,"TEXYPR_VA":147.92,"TEXYPR_EXP":146.37,"MADYPR_VA":701.32,"MADYPR_EXP":1328.55,"PAPYPR_VA":131.93,"PAPYPR_EXP":135.26,"PETREF_VA":0.47,"PETREF_EXP":0.06,"QUIMYP_VA":75.28,"QUIMYP_EXP":213.68,"FARMED_VA":101.36,"FARMED_EXP":142.79,"HUPLAS_VA":85.92,"HUPLAS_EXP":150.12,"PRNOMT_VA":231.74,"PRNOMT_EXP":187.51,"METBAS_VA":16.5,"METBAS_EXP":50.45,"NONFER_VA":5.0,"NONFER_EXP":27.87,"PRMETA_VA":254.86,"PRMETA_EXP":317.43,"ELCTRO_VA":162.77,"ELCTRO_EXP":293.06,"ELCTRI_VA":89.83,"ELCTRI_EXP":186.25,"MAQYEQ_VA":89.12,"MAQYEQ_EXP":189.63,"AUTOMO_VA":70.86,"AUTOMO_EXP":95.99,"OTRTRA_VA":36.54,"OTRTRA_EXP":43.49,"TRANSP_VA":29.62,"TRANSP_EXP":58.09,"OTRMAN_VA":312.02,"OTRMAN_EXP":293.9,"ELEGAS_VA":796.82,"ELEGAS_EXP":186.81,"AGUBAS_VA":231.81,"AGUBAS_EXP":15.9,"CONSTR_VA":1444.5,"CONSTR_EXP":57.36,"COMREV_VA":3925.83,"COMREV_EXP":1571.96,"TRATIE_VA":1296.9,"TRATIE_EXP":1849.61,"TRAGUA_VA":101.31,"TRAGUA_EXP":58.31,"TRAAIR_VA":94.08,"TRAAIR_EXP":282.0,"ALMSTR_VA":1054.87,"ALMSTR_EXP":474.78,"POSTME_VA":84.2,"POSTME_EXP":27.09,"HOTYRE_VA":497.35,"HOTYRE_EXP":376.03,"MMTVRA_VA":143.12,"MMTVRA_EXP":93.26,"TELECO_VA":401.37,"TELECO_EXP":229.08,"ITSERV_VA":770.12,"ITSERV_EXP":382.32,"SERFIN_VA":1223.47,"SERFIN_EXP":525.94,"GOBEST_VA":2360.7,"GOBEST_EXP":52.42,"SPRSCT_VA":1209.57,"SPRSCT_EXP":314.8,"SEAEMP_VA":770.43,"SEAEMP_EXP":266.0,"ADPDEF_VA":1986.02,"ADPDEF_EXP":4.76,"EDUCAC_VA":1198.68,"EDUCAC_EXP":21.1,"SALUDH_VA":947.52,"SALUDH_EXP":14.25,"ESPARC_VA":536.21,"ESPARC_EXP":38.95,"OTRSER_VA":272.6,"OTRSER_EXP":16.65,"SERHOG_VA":45.14,"SERHOG_EXP":0.0}},{"type":"Feature","geometry":{"type":"Point","coordinates":[-7.09,31.79]},"properties":{"id":"MAR","name":"Marruecos","continent":"other","year":2016,"AGRPFO_VA":11512.96,"AGRPFO_EXP":1459.06,"FORLOG_VA":1384.1,"FORLOG_EXP":2.25,"PESCAC_VA":867.92,"PESCAC_EXP":433.54,"MINCOL_VA":6.02,"MINCOL_EXP":0.27,"PETGAS_VA":16.47,"PETGAS_EXP":0.53,"MINORE_VA":565.98,"MINORE_EXP":226.54,"MINOTH_VA":1597.95,"MINOTH_EXP":639.15,"MINSER_VA":54.04,"MINSER_EXP":15.82,"ALYBEB_VA":4722.39,"ALYBEB_EXP":2313.78,"TEXYPR_VA":2465.71,"TEXYPR_EXP":2918.05,"MADYPR_VA":224.66,"MADYPR_EXP":40.94,"PAPYPR_VA":482.46,"PAPYPR_EXP":149.22,"PETREF_VA":13.29,"PETREF_EXP":0.06,"QUIMYP_VA":1727.66,"QUIMYP_EXP":2601.11,"FARMED_VA":585.94,"FARMED_EXP":170.65,"HUPLAS_VA":617.65,"HUPLAS_EXP":262.32,"PRNOMT_VA":1623.9,"PRNOMT_EXP":151.45,"METBAS_VA":344.31,"METBAS_EXP":48.56,"NONFER_VA":343.31,"NONFER_EXP":230.8,"PRMETA_VA":881.37,"PRMETA_EXP":201.37,"ELCTRO_VA":122.55,"ELCTRO_EXP":348.2,"ELCTRI_VA":654.73,"ELCTRI_EXP":1226.17,"MAQYEQ_VA":322.01,"MAQYEQ_EXP":112.27,"AUTOMO_VA":1130.32,"AUTOMO_EXP":4434.83,"OTRTRA_VA":81.97,"OTRTRA_EXP":60.43,"TRANSP_VA":165.1,"TRANSP_EXP":218.31,"OTRMAN_VA":1159.61,"OTRMAN_EXP":401.07,"ELEGAS_VA":3494.05,"ELEGAS_EXP":11.85,"AGUBAS_VA":441.11,"AGUBAS_EXP":1.27,"CONSTR_VA":7773.52,"CONSTR_EXP":29.1,"COMREV_VA":9144.79,"COMREV_EXP":2239.58,"TRATIE_VA":2961.8,"TRATIE_EXP":1274.95,"TRAGUA_VA":140.61,"TRAGUA_EXP":311.68,"TRAAIR_VA":533.39,"TRAAIR_EXP":1453.37,"ALMSTR_VA":1040.97,"ALMSTR_EXP":812.91,"POSTME_VA":124.73,"POSTME_EXP":149.18,"HOTYRE_VA":2404.77,"HOTYRE_EXP":2179.47,"MMTVRA_VA":355.27,"MMTVRA_EXP":222.17,"TELECO_VA":2383.17,"TELECO_EXP":532.56,"ITSERV_VA":487.87,"ITSERV_EXP":566.0,"SERFIN_VA":4890.32,"SERFIN_EXP":334.67,"GOBEST_VA":3388.32,"GOBEST_EXP":378.06,"SPRSCT_VA":3383.34,"SPRSCT_EXP":1685.69,"SEAEMP_VA":3969.54,"SEAEMP_EXP":1136.1,"ADPDEF_VA":10316.16,"ADPDEF_EXP":482.95,"EDUCAC_VA":8146.57,"EDUCAC_EXP":216.35,"SALUDH_VA":3738.33,"SALUDH_EXP":88.43,"ESPARC_VA":352.49,"ESPARC_EXP":209.0,"OTRSER_VA":1041.52,"OTRSER_EXP":124.57,"SERHOG_VA":393.51,"SERHOG_EXP":0.0}},{"type":"Feature","geometry":{"type":"Point","coordinates":[-102.55,23.63]},"properties":{"id":"MEX","name":"México","continent":"america","year":2016,"AGRPFO_VA":33412.3,"AGRPFO_EXP":8498.02,"FORLOG_VA":1049.65,"FORLOG_EXP":66.76,"PESCAC_VA":634.18,"PESCAC_EXP":145.69,"MINCOL_VA":368.66,"MINCOL_EXP":2.21,"PETGAS_VA":21632.26,"PETGAS_EXP":15685.46,"MINORE_VA":8039.99,"MINORE_EXP":5915.15,"MINOTH_VA":3750.74,"MINOTH_EXP":360.36,"MINSER_VA":3689.52,"MINSER_EXP":11.32,"ALYBEB_VA":51985.51,"ALYBEB_EXP":11344.56,"TEXYPR_VA":7602.97,"TEXYPR_EXP":5391.97,"MADYPR_VA":1848.47,"MADYPR_EXP":347.64,"PAPYPR_VA":5564.65,"PAPYPR_EXP":2062.65,"PETREF_VA":2411.74,"PETREF_EXP":5543.73,"QUIMYP_VA":15305.2,"QUIMYP_EXP":8046.05,"FARMED_VA":5401.76,"FARMED_EXP":1433.32,"HUPLAS_VA":7051.04,"HUPLAS_EXP":6386.29,"PRNOMT_VA":7603.51,"PRNOMT_EXP":2825.37,"METBAS_VA":5205.27,"METBAS_EXP":4481.63,"NONFER_VA":6312.33,"NONFER_EXP":7686.14,"PRMETA_VA":8801.41,"PRMETA_EXP":7801.16,"ELCTRO_VA":19404.73,"ELCTRO_EXP":51557.04,"ELCTRI_VA":8263.88,"ELCTRI_EXP":16076.5,"MAQYEQ_VA":10026.09,"MAQYEQ_EXP":16379.59,"AUTOMO_VA":47684.93,"AUTOMO_EXP":106448.57,"OTRTRA_VA":201.15,"OTRTRA_EXP":447.01,"TRANSP_VA":2708.67,"TRANSP_EXP":6521.51,"OTRMAN_VA":8660.65,"OTRMAN_EXP":9730.66,"ELEGAS_VA":12095.05,"ELEGAS_EXP":375.61,"AGUBAS_VA":3535.03,"AGUBAS_EXP":1.15,"CONSTR_VA":63040.5,"CONSTR_EXP":91.49,"COMREV_VA":220858.34,"COMREV_EXP":47314.88,"TRATIE_VA":60534.44,"TRATIE_EXP":15073.91,"TRAGUA_VA":1325.33,"TRAGUA_EXP":1049.05,"TRAAIR_VA":2639.55,"TRAAIR_EXP":1808.38,"ALMSTR_VA":7933.3,"ALMSTR_EXP":3824.58,"POSTME_VA":1089.48,"POSTME_EXP":28.71,"HOTYRE_VA":26812.93,"HOTYRE_EXP":7946.79,"MMTVRA_VA":4397.44,"MMTVRA_EXP":433.24,"TELECO_VA":12321.27,"TELECO_EXP":628.49,"ITSERV_VA":1724.0,"ITSERV_EXP":96.25,"SERFIN_VA":39066.44,"SERFIN_EXP":4003.41,"GOBEST_VA":139413.48,"GOBEST_EXP":1476.56,"SPRSCT_VA":24942.29,"SPRSCT_EXP":460.99,"SEAEMP_VA":38449.63,"SEAEMP_EXP":581.9,"ADPDEF_VA":40083.77,"ADPDEF_EXP":0.12,"EDUCAC_VA":41459.55,"EDUCAC_EXP":499.1,"SALUDH_VA":24098.82,"SALUDH_EXP":337.73,"ESPARC_VA":5346.06,"ESPARC_EXP":867.64,"OTRSER_VA":11619.89,"OTRSER_EXP":462.32,"SERHOG_VA":4740.73,"SERHOG_EXP":0.0}},{"type":"Feature","geometry":{"type":"Point","coordinates":[14.38,35.94]},"properties":{"id":"MLT","name":"Malta","continent":"europe","year":2016,"AGRPFO_VA":76.8,"AGRPFO_EXP":11.58,"FORLOG_VA":0.0,"FORLOG_EXP":0.0,"PESCAC_VA":47.65,"PESCAC_EXP":165.57,"MINCOL_VA":0.0,"MINCOL_EXP":0.0,"PETGAS_VA":3.36,"PETGAS_EXP":7.43,"MINORE_VA":0.81,"MINORE_EXP":0.27,"MINOTH_VA":17.98,"MINOTH_EXP":0.34,"MINSER_VA":0.58,"MINSER_EXP":0.62,"ALYBEB_VA":169.81,"ALYBEB_EXP":117.99,"TEXYPR_VA":18.96,"TEXYPR_EXP":15.98,"MADYPR_VA":6.68,"MADYPR_EXP":2.05,"PAPYPR_VA":73.32,"PAPYPR_EXP":121.6,"PETREF_VA":0.46,"PETREF_EXP":0.23,"QUIMYP_VA":9.89,"QUIMYP_EXP":22.39,"FARMED_VA":69.07,"FARMED_EXP":144.38,"HUPLAS_VA":65.32,"HUPLAS_EXP":125.65,"PRNOMT_VA":42.28,"PRNOMT_EXP":5.24,"METBAS_VA":0.83,"METBAS_EXP":0.81,"NONFER_VA":0.54,"NONFER_EXP":0.62,"PRMETA_VA":49.37,"PRMETA_EXP":12.75,"ELCTRO_VA":96.02,"ELCTRO_EXP":344.48,"ELCTRI_VA":22.89,"ELCTRI_EXP":69.27,"MAQYEQ_VA":20.61,"MAQYEQ_EXP":32.76,"AUTOMO_VA":77.08,"AUTOMO_EXP":7.09,"OTRTRA_VA":9.56,"OTRTRA_EXP":0.7,"TRANSP_VA":19.61,"TRANSP_EXP":0.84,"OTRMAN_VA":222.53,"OTRMAN_EXP":360.21,"ELEGAS_VA":138.44,"ELEGAS_EXP":12.03,"AGUBAS_VA":84.55,"AGUBAS_EXP":2.47,"CONSTR_VA":434.98,"CONSTR_EXP":19.45,"COMREV_VA":1048.84,"COMREV_EXP":394.32,"TRATIE_VA":88.22,"TRATIE_EXP":96.2,"TRAGUA_VA":23.28,"TRAGUA_EXP":122.57,"TRAAIR_VA":150.4,"TRAAIR_EXP":540.98,"ALMSTR_VA":356.47,"ALMSTR_EXP":526.46,"POSTME_VA":25.43,"POSTME_EXP":10.39,"HOTYRE_VA":531.83,"HOTYRE_EXP":790.23,"MMTVRA_VA":70.29,"MMTVRA_EXP":78.23,"TELECO_VA":84.61,"TELECO_EXP":91.35,"ITSERV_VA":607.81,"ITSERV_EXP":355.29,"SERFIN_VA":963.32,"SERFIN_EXP":1844.23,"GOBEST_VA":779.0,"GOBEST_EXP":54.57,"SPRSCT_VA":894.21,"SPRSCT_EXP":1328.51,"SEAEMP_VA":653.8,"SEAEMP_EXP":469.87,"ADPDEF_VA":615.02,"ADPDEF_EXP":41.3,"EDUCAC_VA":590.5,"EDUCAC_EXP":26.97,"SALUDH_VA":634.76,"SALUDH_EXP":15.15,"ESPARC_VA":1079.14,"ESPARC_EXP":3574.51,"OTRSER_VA":112.95,"OTRSER_EXP":17.7,"SERHOG_VA":10.5,"SERHOG_EXP":0.0}},{"type":"Feature","geometry":{"type":"Point","coordinates":[95.96,21.91]},"properties":{"id":"MMR","name":"Myanmar","continent":"asia","year":2016,"AGRPFO_VA":19528.65,"AGRPFO_EXP":2162.0,"FORLOG_VA":510.26,"FORLOG_EXP":61.01,"PESCAC_VA":4519.25,"PESCAC_EXP":339.4,"MINCOL_VA":3.29,"MINCOL_EXP":0.46,"PETGAS_VA":2019.22,"PETGAS_EXP":3143.54,"MINORE_VA":391.25,"MINORE_EXP":29.11,"MINOTH_VA":346.67,"MINOTH_EXP":258.82,"MINSER_VA":17.34,"MINSER_EXP":7.28,"ALYBEB_VA":2674.55,"ALYBEB_EXP":1730.48,"TEXYPR_VA":2069.03,"TEXYPR_EXP":1567.96,"MADYPR_VA":303.01,"MADYPR_EXP":121.91,"PAPYPR_VA":325.64,"PAPYPR_EXP":41.82,"PETREF_VA":533.01,"PETREF_EXP":40.85,"QUIMYP_VA":459.04,"QUIMYP_EXP":34.68,"FARMED_VA":228.97,"FARMED_EXP":7.58,"HUPLAS_VA":246.89,"HUPLAS_EXP":20.05,"PRNOMT_VA":407.98,"PRNOMT_EXP":10.51,"METBAS_VA":205.57,"METBAS_EXP":123.38,"NONFER_VA":180.54,"NONFER_EXP":7.99,"PRMETA_VA":287.15,"PRMETA_EXP":24.9,"ELCTRO_VA":343.66,"ELCTRO_EXP":64.86,"ELCTRI_VA":201.12,"ELCTRI_EXP":56.65,"MAQYEQ_VA":308.2,"MAQYEQ_EXP":33.58,"AUTOMO_VA":421.4,"AUTOMO_EXP":11.87,"OTRTRA_VA":46.83,"OTRTRA_EXP":0.87,"TRANSP_VA":54.51,"TRANSP_EXP":43.3,"OTRMAN_VA":565.83,"OTRMAN_EXP":276.44,"ELEGAS_VA":292.37,"ELEGAS_EXP":19.43,"AGUBAS_VA":63.84,"AGUBAS_EXP":1.46,"CONSTR_VA":1861.16,"CONSTR_EXP":20.16,"COMREV_VA":4876.29,"COMREV_EXP":696.4,"TRATIE_VA":1249.06,"TRATIE_EXP":181.67,"TRAGUA_VA":459.8,"TRAGUA_EXP":281.02,"TRAAIR_VA":351.87,"TRAAIR_EXP":275.61,"ALMSTR_VA":399.26,"ALMSTR_EXP":205.64,"POSTME_VA":79.7,"POSTME_EXP":2.39,"HOTYRE_VA":1351.86,"HOTYRE_EXP":447.29,"MMTVRA_VA":277.47,"MMTVRA_EXP":73.14,"TELECO_VA":1098.66,"TELECO_EXP":169.06,"ITSERV_VA":179.77,"ITSERV_EXP":202.93,"SERFIN_VA":1303.01,"SERFIN_EXP":75.18,"GOBEST_VA":1649.2,"GOBEST_EXP":104.3,"SPRSCT_VA":902.25,"SPRSCT_EXP":519.27,"SEAEMP_VA":642.42,"SEAEMP_EXP":536.22,"ADPDEF_VA":1847.25,"ADPDEF_EXP":5.23,"EDUCAC_VA":1119.02,"EDUCAC_EXP":28.26,"SALUDH_VA":1347.39,"SALUDH_EXP":18.65,"ESPARC_VA":270.74,"ESPARC_EXP":87.24,"OTRSER_VA":375.47,"OTRSER_EXP":26.91,"SERHOG_VA":0.0,"SERHOG_EXP":0.0}},{"type":"Feature","geometry":{"type":"Point","coordinates":[101.98,4.21]},"properties":{"id":"MYS","name":"Malasia","continent":"asia","year":2016,"AGRPFO_VA":18319.13,"AGRPFO_EXP":2208.05,"FORLOG_VA":2029.86,"FORLOG_EXP":425.86,"PESCAC_VA":2760.95,"PESCAC_EXP":144.68,"MINCOL_VA":10037.89,"MINCOL_EXP":169.92,"PETGAS_VA":11009.33,"PETGAS_EXP":11079.97,"MINORE_VA":330.72,"MINORE_EXP":684.98,"MINOTH_VA":1157.26,"MINOTH_EXP":129.67,"MINSER_VA":2020.31,"MINSER_EXP":52.2,"ALYBEB_VA":5020.35,"ALYBEB_EXP":18401.93,"TEXYPR_VA":1044.97,"TEXYPR_EXP":1427.4,"MADYPR_VA":1532.66,"MADYPR_EXP":2038.77,"PAPYPR_VA":1780.56,"PAPYPR_EXP":1302.01,"PETREF_VA":7219.97,"PETREF_EXP":9940.16,"QUIMYP_VA":5297.86,"QUIMYP_EXP":13088.36,"FARMED_VA":381.96,"FARMED_EXP":285.46,"HUPLAS_VA":3608.01,"HUPLAS_EXP":6734.4,"PRNOMT_VA":2439.44,"PRNOMT_EXP":1934.73,"METBAS_VA":1014.84,"METBAS_EXP":1604.93,"NONFER_VA":505.53,"NONFER_EXP":3143.18,"PRMETA_VA":3269.48,"PRMETA_EXP":2788.64,"ELCTRO_VA":13685.11,"ELCTRO_EXP":46531.93,"ELCTRI_VA":1261.91,"ELCTRI_EXP":5765.57,"MAQYEQ_VA":1971.78,"MAQYEQ_EXP":5126.96,"AUTOMO_VA":5111.45,"AUTOMO_EXP":680.99,"OTRTRA_VA":462.35,"OTRTRA_EXP":820.86,"TRANSP_VA":574.37,"TRANSP_EXP":1326.53,"OTRMAN_VA":2174.21,"OTRMAN_EXP":4230.82,"ELEGAS_VA":5900.36,"ELEGAS_EXP":10.43,"AGUBAS_VA":1737.45,"AGUBAS_EXP":2.25,"CONSTR_VA":13486.92,"CONSTR_EXP":9.51,"COMREV_VA":63252.76,"COMREV_EXP":17066.9,"TRATIE_VA":2514.85,"TRATIE_EXP":2622.45,"TRAGUA_VA":1445.51,"TRAGUA_EXP":1137.62,"TRAAIR_VA":1353.25,"TRAAIR_EXP":2431.52,"ALMSTR_VA":3998.77,"ALMSTR_EXP":1240.85,"POSTME_VA":408.92,"POSTME_EXP":216.35,"HOTYRE_VA":8831.84,"HOTYRE_EXP":7195.45,"MMTVRA_VA":1502.94,"MMTVRA_EXP":422.91,"TELECO_VA":8275.79,"TELECO_EXP":1019.82,"ITSERV_VA":3840.88,"ITSERV_EXP":2187.55,"SERFIN_VA":19982.65,"SERFIN_EXP":3404.7,"GOBEST_VA":9908.13,"GOBEST_EXP":1207.4,"SPRSCT_VA":5426.84,"SPRSCT_EXP":5135.93,"SEAEMP_VA":2499.69,"SEAEMP_EXP":2781.18,"ADPDEF_VA":23169.03,"ADPDEF_EXP":10.94,"EDUCAC_VA":10481.98,"EDUCAC_EXP":402.83,"SALUDH_VA":2997.88,"SALUDH_EXP":268.45,"ESPARC_VA":2048.98,"ESPARC_EXP":905.22,"OTRSER_VA":575.25,"OTRSER_EXP":375.63,"SERHOG_VA":343.33,"SERHOG_EXP":0.0}},{"type":"Feature","geometry":{"type":"Point","coordinates":[8.68,9.08]},"properties":{"id":"NGA","name":"Nigeria","continent":"other","year":2016,"AGRPFO_VA":85572.7,"AGRPFO_EXP":776.87,"FORLOG_VA":971.14,"FORLOG_EXP":52.54,"PESCAC_VA":2181.12,"PESCAC_EXP":1.31,"MINCOL_VA":35.13,"MINCOL_EXP":0.03,"PETGAS_VA":22112.09,"PETGAS_EXP":29344.77,"MINORE_VA":23.76,"MINORE_EXP":2.58,"MINOTH_VA":363.82,"MINOTH_EXP":14.93,"MINSER_VA":46.88,"MINSER_EXP":0.2,"ALYBEB_VA":26071.34,"ALYBEB_EXP":618.61,"TEXYPR_VA":4461.86,"TEXYPR_EXP":842.85,"MADYPR_VA":1147.06,"MADYPR_EXP":64.86,"PAPYPR_VA":446.01,"PAPYPR_EXP":4.75,"PETREF_VA":1146.13,"PETREF_EXP":1547.7,"QUIMYP_VA":786.56,"QUIMYP_EXP":118.22,"FARMED_VA":156.64,"FARMED_EXP":3.33,"HUPLAS_VA":1254.61,"HUPLAS_EXP":80.52,"PRNOMT_VA":4159.71,"PRNOMT_EXP":3.64,"METBAS_VA":132.76,"METBAS_EXP":11.3,"NONFER_VA":206.76,"NONFER_EXP":110.37,"PRMETA_VA":137.44,"PRMETA_EXP":24.72,"ELCTRO_VA":199.25,"ELCTRO_EXP":5.32,"ELCTRI_VA":26.11,"ELCTRI_EXP":8.39,"MAQYEQ_VA":143.05,"MAQYEQ_EXP":67.89,"AUTOMO_VA":228.66,"AUTOMO_EXP":23.15,"OTRTRA_VA":188.84,"OTRTRA_EXP":3.22,"TRANSP_VA":3.08,"TRANSP_EXP":3.22,"OTRMAN_VA":1453.91,"OTRMAN_EXP":37.56,"ELEGAS_VA":2160.37,"ELEGAS_EXP":101.07,"AGUBAS_VA":554.65,"AGUBAS_EXP":0.13,"CONSTR_VA":15043.05,"CONSTR_EXP":0.04,"COMREV_VA":73773.92,"COMREV_EXP":1940.55,"TRATIE_VA":5604.69,"TRATIE_EXP":300.94,"TRAGUA_VA":336.69,"TRAGUA_EXP":73.08,"TRAAIR_VA":392.82,"TRAAIR_EXP":110.17,"ALMSTR_VA":724.76,"ALMSTR_EXP":103.47,"POSTME_VA":118.57,"POSTME_EXP":14.43,"HOTYRE_VA":2613.5,"HOTYRE_EXP":368.11,"MMTVRA_VA":13100.74,"MMTVRA_EXP":7.18,"TELECO_VA":25853.27,"TELECO_EXP":33.86,"ITSERV_VA":9284.45,"ITSERV_EXP":7.97,"SERFIN_VA":16254.9,"SERFIN_EXP":84.39,"GOBEST_VA":35053.4,"GOBEST_EXP":65.01,"SPRSCT_VA":12697.42,"SPRSCT_EXP":17.84,"SEAEMP_VA":94.86,"SEAEMP_EXP":2.67,"ADPDEF_VA":11445.8,"ADPDEF_EXP":0.01,"EDUCAC_VA":10071.31,"EDUCAC_EXP":20.76,"SALUDH_VA":3092.11,"SALUDH_EXP":14.04,"ESPARC_VA":561.57,"ESPARC_EXP":35.05,"OTRSER_VA":8409.18,"OTRSER_EXP":20.07,"SERHOG_VA":2132.45,"SERHOG_EXP":0.0}},{"type":"Feature","geometry":{"type":"Point","coordinates":[5.29,52.13]},"properties":{"id":"NLD","name":"Países Bajos","continent":"europe","year":2016,"AGRPFO_VA":15046.35,"AGRPFO_EXP":15451.15,"FORLOG_VA":146.76,"FORLOG_EXP":133.69,"PESCAC_VA":435.31,"PESCAC_EXP":355.99,"MINCOL_VA":0.0,"MINCOL_EXP":0.0,"PETGAS_VA":13134.53,"PETGAS_EXP":9805.47,"MINORE_VA":0.0,"MINORE_EXP":0.0,"MINOTH_VA":463.67,"MINOTH_EXP":359.46,"MINSER_VA":1558.02,"MINSER_EXP":2023.7,"ALYBEB_VA":16406.11,"ALYBEB_EXP":42960.18,"TEXYPR_VA":1334.66,"TEXYPR_EXP":1848.1,"MADYPR_VA":1003.07,"MADYPR_EXP":578.91,"PAPYPR_VA":3610.56,"PAPYPR_EXP":4401.53,"PETREF_VA":2111.48,"PETREF_EXP":14921.35,"QUIMYP_VA":11591.12,"QUIMYP_EXP":28242.2,"FARMED_VA":4784.14,"FARMED_EXP":6588.37,"HUPLAS_VA":3476.3,"HUPLAS_EXP":5281.57,"PRNOMT_VA":2188.52,"PRNOMT_EXP":1673.65,"METBAS_VA":1773.42,"METBAS_EXP":2211.67,"NONFER_VA":613.76,"NONFER_EXP":1961.06,"PRMETA_VA":7821.83,"PRMETA_EXP":6497.17,"ELCTRO_VA":5394.01,"ELCTRO_EXP":31076.84,"ELCTRI_VA":3123.91,"ELCTRI_EXP":3312.44,"MAQYEQ_VA":10973.88,"MAQYEQ_EXP":18561.05,"AUTOMO_VA":3667.93,"AUTOMO_EXP":8691.38,"OTRTRA_VA":986.7,"OTRTRA_EXP":3080.45,"TRANSP_VA":677.49,"TRANSP_EXP":2148.0,"OTRMAN_VA":6373.43,"OTRMAN_EXP":5848.22,"ELEGAS_VA":8488.04,"ELEGAS_EXP":1064.83,"AGUBAS_VA":4704.27,"AGUBAS_EXP":1296.75,"CONSTR_VA":32449.46,"CONSTR_EXP":464.16,"COMREV_VA":96345.74,"COMREV_EXP":55905.53,"TRATIE_VA":12990.68,"TRATIE_EXP":10674.15,"TRAGUA_VA":3097.29,"TRAGUA_EXP":7084.12,"TRAAIR_VA":4491.29,"TRAAIR_EXP":7406.89,"ALMSTR_VA":12312.19,"ALMSTR_EXP":8077.0,"POSTME_VA":2345.2,"POSTME_EXP":1276.1,"HOTYRE_VA":14818.23,"HOTYRE_EXP":5013.56,"MMTVRA_VA":5355.09,"MMTVRA_EXP":3883.47,"TELECO_VA":8071.4,"TELECO_EXP":4717.98,"ITSERV_VA":19605.68,"ITSERV_EXP":12728.6,"SERFIN_VA":57112.74,"SERFIN_EXP":8322.03,"GOBEST_VA":41562.5,"GOBEST_EXP":924.4,"SPRSCT_VA":62650.35,"SPRSCT_EXP":30338.15,"SEAEMP_VA":50519.41,"SEAEMP_EXP":27860.43,"ADPDEF_VA":52913.98,"ADPDEF_EXP":2968.39,"EDUCAC_VA":35761.88,"EDUCAC_EXP":1410.51,"SALUDH_VA":63876.58,"SALUDH_EXP":579.89,"ESPARC_VA":9355.96,"ESPARC_EXP":1968.57,"OTRSER_VA":8549.75,"OTRSER_EXP":511.55,"SERHOG_VA":669.77,"SERHOG_EXP":0.0}},{"type":"Feature","geometry":{"type":"Point","coordinates":[8.47,60.47]},"properties":{"id":"NOR","name":"Noruega","continent":"europe","year":2016,"AGRPFO_VA":1950.75,"AGRPFO_EXP":985.87,"FORLOG_VA":602.35,"FORLOG_EXP":133.05,"PESCAC_VA":5213.8,"PESCAC_EXP":3780.79,"MINCOL_VA":19.88,"MINCOL_EXP":9.77,"PETGAS_VA":45127.33,"PETGAS_EXP":45923.58,"MINORE_VA":102.96,"MINORE_EXP":51.82,"MINOTH_VA":531.77,"MINOTH_EXP":333.21,"MINSER_VA":4523.47,"MINSER_EXP":1055.56,"ALYBEB_VA":5490.77,"ALYBEB_EXP":3746.45,"TEXYPR_VA":389.37,"TEXYPR_EXP":161.86,"MADYPR_VA":1109.62,"MADYPR_EXP":263.23,"PAPYPR_VA":911.75,"PAPYPR_EXP":692.96,"PETREF_VA":587.24,"PETREF_EXP":1915.75,"QUIMYP_VA":1974.3,"QUIMYP_EXP":3163.44,"FARMED_VA":724.66,"FARMED_EXP":661.7,"HUPLAS_VA":545.14,"HUPLAS_EXP":438.47,"PRNOMT_VA":1330.89,"PRNOMT_EXP":283.21,"METBAS_VA":325.35,"METBAS_EXP":763.03,"NONFER_VA":1139.34,"NONFER_EXP":3817.29,"PRMETA_VA":2090.82,"PRMETA_EXP":1367.98,"ELCTRO_VA":1187.97,"ELCTRO_EXP":1189.43,"ELCTRI_VA":939.84,"ELCTRI_EXP":1378.14,"MAQYEQ_VA":2255.36,"MAQYEQ_EXP":2621.12,"AUTOMO_VA":299.15,"AUTOMO_EXP":379.19,"OTRTRA_VA":1876.18,"OTRTRA_EXP":857.47,"TRANSP_VA":158.46,"TRANSP_EXP":208.79,"OTRMAN_VA":2982.48,"OTRMAN_EXP":1601.02,"ELEGAS_VA":7224.92,"ELEGAS_EXP":722.99,"AGUBAS_VA":2379.3,"AGUBAS_EXP":6.56,"CONSTR_VA":23060.09,"CONSTR_EXP":24.85,"COMREV_VA":28567.17,"COMREV_EXP":7124.14,"TRATIE_VA":7357.05,"TRATIE_EXP":2882.6,"TRAGUA_VA":5333.89,"TRAGUA_EXP":14085.77,"TRAAIR_VA":1111.68,"TRAAIR_EXP":1457.75,"ALMSTR_VA":3796.17,"ALMSTR_EXP":2263.8,"POSTME_VA":1278.46,"POSTME_EXP":370.55,"HOTYRE_VA":5116.88,"HOTYRE_EXP":1851.53,"MMTVRA_VA":3953.81,"MMTVRA_EXP":600.65,"TELECO_VA":3982.12,"TELECO_EXP":1089.33,"ITSERV_VA":6510.7,"ITSERV_EXP":1933.43,"SERFIN_VA":18585.47,"SERFIN_EXP":3935.42,"GOBEST_VA":25695.19,"GOBEST_EXP":318.08,"SPRSCT_VA":15320.56,"SPRSCT_EXP":4165.19,"SEAEMP_VA":9404.61,"SEAEMP_EXP":2962.1,"ADPDEF_VA":23116.6,"ADPDEF_EXP":21.05,"EDUCAC_VA":18198.69,"EDUCAC_EXP":252.37,"SALUDH_VA":38057.07,"SALUDH_EXP":83.23,"ESPARC_VA":3318.06,"ESPARC_EXP":357.54,"OTRSER_VA":3602.61,"OTRSER_EXP":102.08,"SERHOG_VA":64.75,"SERHOG_EXP":0.0}},{"type":"Feature","geometry":{"type":"Point","coordinates":[174.89,-40.9]},"properties":{"id":"NZL","name":"Nueva Zelanda","continent":"other","year":2016,"AGRPFO_VA":8104.41,"AGRPFO_EXP":2020.58,"FORLOG_VA":1244.54,"FORLOG_EXP":1142.22,"PESCAC_VA":1655.12,"PESCAC_EXP":785.6,"MINCOL_VA":90.17,"MINCOL_EXP":166.43,"PETGAS_VA":1115.48,"PETGAS_EXP":725.04,"MINORE_VA":192.66,"MINORE_EXP":263.55,"MINOTH_VA":184.79,"MINOTH_EXP":21.1,"MINSER_VA":246.38,"MINSER_EXP":27.58,"ALYBEB_VA":6938.12,"ALYBEB_EXP":14394.3,"TEXYPR_VA":542.62,"TEXYPR_EXP":471.8,"MADYPR_VA":1088.77,"MADYPR_EXP":780.6,"PAPYPR_VA":1034.03,"PAPYPR_EXP":688.07,"PETREF_VA":1681.82,"PETREF_EXP":715.89,"QUIMYP_VA":1078.89,"QUIMYP_EXP":680.68,"FARMED_VA":218.11,"FARMED_EXP":135.3,"HUPLAS_VA":996.34,"HUPLAS_EXP":366.94,"PRNOMT_VA":851.08,"PRNOMT_EXP":124.73,"METBAS_VA":273.72,"METBAS_EXP":250.82,"NONFER_VA":536.71,"NONFER_EXP":795.13,"PRMETA_VA":1627.66,"PRMETA_EXP":299.68,"ELCTRO_VA":408.46,"ELCTRO_EXP":258.76,"ELCTRI_VA":417.16,"ELCTRI_EXP":365.86,"MAQYEQ_VA":1630.04,"MAQYEQ_EXP":653.42,"AUTOMO_VA":335.41,"AUTOMO_EXP":62.6,"OTRTRA_VA":130.39,"OTRTRA_EXP":70.64,"TRANSP_VA":445.05,"TRANSP_EXP":38.73,"OTRMAN_VA":571.55,"OTRMAN_EXP":386.95,"ELEGAS_VA":4287.41,"ELEGAS_EXP":23.8,"AGUBAS_VA":1419.51,"AGUBAS_EXP":15.34,"CONSTR_VA":12613.12,"CONSTR_EXP":214.54,"COMREV_VA":18281.85,"COMREV_EXP":6001.68,"TRATIE_VA":3078.54,"TRATIE_EXP":774.34,"TRAGUA_VA":290.87,"TRAGUA_EXP":136.99,"TRAAIR_VA":2080.16,"TRAAIR_EXP":1312.82,"ALMSTR_VA":2809.64,"ALMSTR_EXP":358.56,"POSTME_VA":702.85,"POSTME_EXP":134.05,"HOTYRE_VA":4458.0,"HOTYRE_EXP":2587.52,"MMTVRA_VA":1421.72,"MMTVRA_EXP":440.78,"TELECO_VA":1665.36,"TELECO_EXP":520.9,"ITSERV_VA":1854.54,"ITSERV_EXP":854.87,"SERFIN_VA":10518.65,"SERFIN_EXP":1016.09,"GOBEST_VA":20310.86,"GOBEST_EXP":946.56,"SPRSCT_VA":15680.65,"SPRSCT_EXP":1200.24,"SEAEMP_VA":3895.16,"SEAEMP_EXP":1234.32,"ADPDEF_VA":7910.29,"ADPDEF_EXP":108.55,"EDUCAC_VA":8582.24,"EDUCAC_EXP":587.82,"SALUDH_VA":11494.61,"SALUDH_EXP":156.03,"ESPARC_VA":2618.12,"ESPARC_EXP":703.06,"OTRSER_VA":3692.14,"OTRSER_EXP":186.16,"SERHOG_VA":488.08,"SERHOG_EXP":0.0}},{"type":"Feature","geometry":{"type":"Point","coordinates":[69.35,30.38]},"properties":{"id":"PAK","name":"Pakistán","continent":"asia","year":2016,"AGRPFO_VA":61141.81,"AGRPFO_EXP":836.74,"FORLOG_VA":1422.98,"FORLOG_EXP":2.54,"PESCAC_VA":1041.84,"PESCAC_EXP":47.5,"MINCOL_VA":228.74,"MINCOL_EXP":0.5,"PETGAS_VA":5766.44,"PETGAS_EXP":83.74,"MINORE_VA":220.75,"MINORE_EXP":90.3,"MINOTH_VA":302.4,"MINOTH_EXP":135.35,"MINSER_VA":246.92,"MINSER_EXP":9.43,"ALYBEB_VA":9858.4,"ALYBEB_EXP":2849.32,"TEXYPR_VA":12147.95,"TEXYPR_EXP":11788.01,"MADYPR_VA":1071.55,"MADYPR_EXP":49.94,"PAPYPR_VA":2285.81,"PAPYPR_EXP":107.62,"PETREF_VA":2975.4,"PETREF_EXP":103.63,"QUIMYP_VA":3324.22,"QUIMYP_EXP":500.7,"FARMED_VA":1006.86,"FARMED_EXP":186.21,"HUPLAS_VA":1284.52,"HUPLAS_EXP":108.37,"PRNOMT_VA":2330.56,"PRNOMT_EXP":314.33,"METBAS_VA":1201.68,"METBAS_EXP":92.99,"NONFER_VA":891.0,"NONFER_EXP":50.95,"PRMETA_VA":1675.17,"PRMETA_EXP":164.62,"ELCTRO_VA":1758.65,"ELCTRO_EXP":57.77,"ELCTRI_VA":1006.78,"ELCTRI_EXP":65.28,"MAQYEQ_VA":1900.53,"MAQYEQ_EXP":71.48,"AUTOMO_VA":2461.73,"AUTOMO_EXP":24.35,"OTRTRA_VA":369.87,"OTRTRA_EXP":0.85,"TRANSP_VA":406.26,"TRANSP_EXP":5.32,"OTRMAN_VA":1192.47,"OTRMAN_EXP":569.83,"ELEGAS_VA":4763.11,"ELEGAS_EXP":10.38,"AGUBAS_VA":1713.81,"AGUBAS_EXP":7.64,"CONSTR_VA":8275.01,"CONSTR_EXP":29.53,"COMREV_VA":30012.86,"COMREV_EXP":2867.95,"TRATIE_VA":8499.28,"TRATIE_EXP":300.84,"TRAGUA_VA":2430.91,"TRAGUA_EXP":308.41,"TRAAIR_VA":1747.36,"TRAAIR_EXP":984.29,"ALMSTR_VA":2837.42,"ALMSTR_EXP":167.33,"POSTME_VA":661.62,"POSTME_EXP":3.01,"HOTYRE_VA":7186.8,"HOTYRE_EXP":112.98,"MMTVRA_VA":2382.65,"MMTVRA_EXP":174.19,"TELECO_VA":6278.0,"TELECO_EXP":503.39,"ITSERV_VA":1448.14,"ITSERV_EXP":614.97,"SERFIN_VA":9715.12,"SERFIN_EXP":286.08,"GOBEST_VA":13013.31,"GOBEST_EXP":53.85,"SPRSCT_VA":7197.21,"SPRSCT_EXP":1083.21,"SEAEMP_VA":4920.43,"SEAEMP_EXP":519.43,"ADPDEF_VA":13177.42,"ADPDEF_EXP":10.67,"EDUCAC_VA":8505.64,"EDUCAC_EXP":13.73,"SALUDH_VA":10705.32,"SALUDH_EXP":9.45,"ESPARC_VA":2183.05,"ESPARC_EXP":91.96,"OTRSER_VA":3214.29,"OTRSER_EXP":20.5,"SERHOG_VA":1318.59,"SERHOG_EXP":0.0}},{"type":"Feature","geometry":{"type":"Point","coordinates":[-75.02,-9.19]},"properties":{"id":"PER","name":"Perú","continent":"america","year":2016,"AGRPFO_VA":11705.1,"AGRPFO_EXP":2312.06,"FORLOG_VA":276.69,"FORLOG_EXP":13.16,"PESCAC_VA":974.73,"PESCAC_EXP":4.7,"MINCOL_VA":204.56,"MINCOL_EXP":13.64,"PETGAS_VA":850.99,"PETGAS_EXP":528.93,"MINORE_VA":13343.98,"MINORE_EXP":17717.89,"MINOTH_VA":1205.02,"MINOTH_EXP":244.68,"MINSER_VA":845.01,"MINSER_EXP":2.23,"ALYBEB_VA":6870.4,"ALYBEB_EXP":3633.23,"TEXYPR_VA":2247.05,"TEXYPR_EXP":1033.89,"MADYPR_VA":445.83,"MADYPR_EXP":99.91,"PAPYPR_VA":1611.27,"PAPYPR_EXP":124.43,"PETREF_VA":2277.28,"PETREF_EXP":1416.88,"QUIMYP_VA":1614.59,"QUIMYP_EXP":691.4,"FARMED_VA":296.82,"FARMED_EXP":38.01,"HUPLAS_VA":1082.97,"HUPLAS_EXP":386.11,"PRNOMT_VA":1905.04,"PRNOMT_EXP":290.32,"METBAS_VA":318.44,"METBAS_EXP":120.9,"NONFER_VA":1164.0,"NONFER_EXP":3009.02,"PRMETA_VA":1492.41,"PRMETA_EXP":224.29,"ELCTRO_VA":51.9,"ELCTRO_EXP":30.32,"ELCTRI_VA":65.9,"ELCTRI_EXP":347.68,"MAQYEQ_VA":1154.53,"MAQYEQ_EXP":203.7,"AUTOMO_VA":768.34,"AUTOMO_EXP":97.46,"OTRTRA_VA":32.28,"OTRTRA_EXP":9.94,"TRANSP_VA":260.08,"TRANSP_EXP":16.17,"OTRMAN_VA":3185.9,"OTRMAN_EXP":1304.32,"ELEGAS_VA":4504.69,"ELEGAS_EXP":10.48,"AGUBAS_VA":749.01,"AGUBAS_EXP":7.19,"CONSTR_VA":12436.67,"CONSTR_EXP":17.34,"COMREV_VA":18523.74,"COMREV_EXP":3091.69,"TRATIE_VA":9498.9,"TRATIE_EXP":1081.02,"TRAGUA_VA":213.67,"TRAGUA_EXP":144.73,"TRAAIR_VA":446.67,"TRAAIR_EXP":671.57,"ALMSTR_VA":2651.03,"ALMSTR_EXP":450.18,"POSTME_VA":223.33,"POSTME_EXP":14.11,"HOTYRE_VA":8864.04,"HOTYRE_EXP":1250.74,"MMTVRA_VA":989.9,"MMTVRA_EXP":26.32,"TELECO_VA":2476.28,"TELECO_EXP":113.03,"ITSERV_VA":525.77,"ITSERV_EXP":1.18,"SERFIN_VA":9841.08,"SERFIN_EXP":338.36,"GOBEST_VA":7633.16,"GOBEST_EXP":102.49,"SPRSCT_VA":6276.96,"SPRSCT_EXP":207.34,"SEAEMP_VA":4921.54,"SEAEMP_EXP":354.23,"ADPDEF_VA":10236.31,"ADPDEF_EXP":127.54,"EDUCAC_VA":9639.96,"EDUCAC_EXP":100.15,"SALUDH_VA":5404.04,"SALUDH_EXP":60.66,"ESPARC_VA":1262.0,"ESPARC_EXP":448.58,"OTRSER_VA":2402.1,"OTRSER_EXP":83.43,"SERHOG_VA":4542.29,"SERHOG_EXP":0.0}},{"type":"Feature","geometry":{"type":"Point","coordinates":[121.77,12.88]},"properties":{"id":"PHL","name":"Filipinas","continent":"asia","year":2016,"AGRPFO_VA":23932.78,"AGRPFO_EXP":1197.68,"FORLOG_VA":2842.16,"FORLOG_EXP":23.62,"PESCAC_VA":4096.63,"PESCAC_EXP":114.86,"MINCOL_VA":268.17,"MINCOL_EXP":123.4,"PETGAS_VA":556.24,"PETGAS_EXP":155.55,"MINORE_VA":1041.54,"MINORE_EXP":1466.47,"MINOTH_VA":680.02,"MINOTH_EXP":90.34,"MINSER_VA":129.38,"MINSER_EXP":219.46,"ALYBEB_VA":31547.84,"ALYBEB_EXP":3368.64,"TEXYPR_VA":2801.0,"TEXYPR_EXP":913.79,"MADYPR_VA":579.76,"MADYPR_EXP":1354.01,"PAPYPR_VA":894.52,"PAPYPR_EXP":416.58,"PETREF_VA":2360.91,"PETREF_EXP":594.74,"QUIMYP_VA":5552.98,"QUIMYP_EXP":1666.04,"FARMED_VA":738.31,"FARMED_EXP":61.54,"HUPLAS_VA":727.74,"HUPLAS_EXP":734.34,"PRNOMT_VA":1425.15,"PRNOMT_EXP":373.52,"METBAS_VA":710.35,"METBAS_EXP":169.19,"NONFER_VA":438.79,"NONFER_EXP":1197.4,"PRMETA_VA":559.91,"PRMETA_EXP":181.82,"ELCTRO_VA":6376.75,"ELCTRO_EXP":16357.16,"ELCTRI_VA":855.71,"ELCTRI_EXP":1964.68,"MAQYEQ_VA":784.78,"MAQYEQ_EXP":1313.5,"AUTOMO_VA":927.31,"AUTOMO_EXP":1348.37,"OTRTRA_VA":157.17,"OTRTRA_EXP":299.38,"TRANSP_VA":464.09,"TRANSP_EXP":744.78,"OTRMAN_VA":2072.49,"OTRMAN_EXP":1038.33,"ELEGAS_VA":7588.31,"ELEGAS_EXP":52.67,"AGUBAS_VA":1615.48,"AGUBAS_EXP":12.78,"CONSTR_VA":20932.79,"CONSTR_EXP":197.13,"COMREV_VA":53605.02,"COMREV_EXP":8894.52,"TRATIE_VA":6603.73,"TRATIE_EXP":2123.56,"TRAGUA_VA":900.45,"TRAGUA_EXP":1263.67,"TRAAIR_VA":1802.26,"TRAAIR_EXP":1355.36,"ALMSTR_VA":2553.13,"ALMSTR_EXP":1981.82,"POSTME_VA":275.97,"POSTME_EXP":60.12,"HOTYRE_VA":6147.05,"HOTYRE_EXP":2856.61,"MMTVRA_VA":854.37,"MMTVRA_EXP":898.85,"TELECO_VA":8624.48,"TELECO_EXP":4700.08,"ITSERV_VA":2638.03,"ITSERV_EXP":3650.97,"SERFIN_VA":23709.99,"SERFIN_EXP":1679.6,"GOBEST_VA":19514.44,"GOBEST_EXP":477.89,"SPRSCT_VA":4700.69,"SPRSCT_EXP":4679.98,"SEAEMP_VA":12616.08,"SEAEMP_EXP":7634.87,"ADPDEF_VA":11305.06,"ADPDEF_EXP":54.44,"EDUCAC_VA":11731.7,"EDUCAC_EXP":140.52,"SALUDH_VA":5360.77,"SALUDH_EXP":81.52,"ESPARC_VA":3831.4,"ESPARC_EXP":825.46,"OTRSER_VA":4129.54,"OTRSER_EXP":137.5,"SERHOG_VA":0.0,"SERHOG_EXP":0.0}},{"type":"Feature","geometry":{"type":"Point","coordinates":[19.15,51.92]},"properties":{"id":"POL","name":"Polonia","continent":"europe","year":2016,"AGRPFO_VA":10641.5,"AGRPFO_EXP":2740.34,"FORLOG_VA":2095.51,"FORLOG_EXP":263.87,"PESCAC_VA":107.85,"PESCAC_EXP":29.37,"MINCOL_VA":3722.22,"MINCOL_EXP":594.82,"PETGAS_VA":60.69,"PETGAS_EXP":114.99,"MINORE_VA":1977.6,"MINORE_EXP":1752.28,"MINOTH_VA":642.16,"MINOTH_EXP":81.2,"MINSER_VA":594.24,"MINSER_EXP":101.57,"ALYBEB_VA":15459.03,"ALYBEB_EXP":16407.85,"TEXYPR_VA":3082.09,"TEXYPR_EXP":4470.96,"MADYPR_VA":3330.31,"MADYPR_EXP":2983.97,"PAPYPR_VA":4490.71,"PAPYPR_EXP":3940.24,"PETREF_VA":3593.17,"PETREF_EXP":4322.03,"QUIMYP_VA":4754.46,"QUIMYP_EXP":8663.72,"FARMED_VA":1475.59,"FARMED_EXP":2235.66,"HUPLAS_VA":6872.99,"HUPLAS_EXP":9258.86,"PRNOMT_VA":4935.26,"PRNOMT_EXP":3162.28,"METBAS_VA":1971.07,"METBAS_EXP":3257.0,"NONFER_VA":815.49,"NONFER_EXP":2719.53,"PRMETA_VA":10408.08,"PRMETA_EXP":8359.09,"ELCTRO_VA":1972.33,"ELCTRO_EXP":6719.47,"ELCTRI_VA":3430.04,"ELCTRI_EXP":9424.34,"MAQYEQ_VA":3845.49,"MAQYEQ_EXP":6972.67,"AUTOMO_VA":8574.12,"AUTOMO_EXP":21452.4,"OTRTRA_VA":349.67,"OTRTRA_EXP":875.23,"TRANSP_VA":1387.67,"TRANSP_EXP":2078.18,"OTRMAN_VA":10625.79,"OTRMAN_EXP":8313.18,"ELEGAS_VA":13312.56,"ELEGAS_EXP":563.07,"AGUBAS_VA":5484.66,"AGUBAS_EXP":202.89,"CONSTR_VA":34502.14,"CONSTR_EXP":881.62,"COMREV_VA":68216.36,"COMREV_EXP":28275.19,"TRATIE_VA":20915.39,"TRATIE_EXP":14052.56,"TRAGUA_VA":316.32,"TRAGUA_EXP":315.22,"TRAAIR_VA":1048.16,"TRAAIR_EXP":2240.93,"ALMSTR_VA":6760.59,"ALMSTR_EXP":5054.52,"POSTME_VA":2058.48,"POSTME_EXP":447.69,"HOTYRE_VA":5524.51,"HOTYRE_EXP":1779.35,"MMTVRA_VA":3818.95,"MMTVRA_EXP":1593.2,"TELECO_VA":4881.99,"TELECO_EXP":1214.02,"ITSERV_VA":8121.13,"ITSERV_EXP":4358.91,"SERFIN_VA":17256.4,"SERFIN_EXP":2075.95,"GOBEST_VA":25403.3,"GOBEST_EXP":1639.3,"SPRSCT_VA":23026.96,"SPRSCT_EXP":8850.64,"SEAEMP_VA":11153.35,"SEAEMP_EXP":1445.26,"ADPDEF_VA":23705.24,"ADPDEF_EXP":22.7,"EDUCAC_VA":19382.93,"EDUCAC_EXP":638.68,"SALUDH_VA":18054.44,"SALUDH_EXP":413.55,"ESPARC_VA":3514.85,"ESPARC_EXP":671.93,"OTRSER_VA":4297.69,"OTRSER_EXP":386.59,"SERHOG_VA":60.64,"SERHOG_EXP":0.0}},{"type":"Feature","geometry":{"type":"Point","coordinates":[-8.22,39.4]},"properties":{"id":"PRT","name":"Portugal","continent":"europe","year":2016,"AGRPFO_VA":3090.92,"AGRPFO_EXP":965.63,"FORLOG_VA":816.2,"FORLOG_EXP":66.25,"PESCAC_VA":371.52,"PESCAC_EXP":186.32,"MINCOL_VA":0.0,"MINCOL_EXP":0.0,"PETGAS_VA":0.0,"PETGAS_EXP":0.0,"MINORE_VA":335.93,"MINORE_EXP":383.33,"MINOTH_VA":281.56,"MINOTH_EXP":111.78,"MINSER_VA":19.93,"MINSER_EXP":35.93,"ALYBEB_VA":5158.44,"ALYBEB_EXP":4008.85,"TEXYPR_VA":4745.6,"TEXYPR_EXP":5086.28,"MADYPR_VA":1270.12,"MADYPR_EXP":1283.49,"PAPYPR_VA":1532.97,"PAPYPR_EXP":2225.74,"PETREF_VA":634.04,"PETREF_EXP":2585.74,"QUIMYP_VA":1129.37,"QUIMYP_EXP":2331.24,"FARMED_VA":602.57,"FARMED_EXP":863.29,"HUPLAS_VA":1459.3,"HUPLAS_EXP":2370.6,"PRNOMT_VA":1582.42,"PRNOMT_EXP":1539.26,"METBAS_VA":326.68,"METBAS_EXP":796.04,"NONFER_VA":135.89,"NONFER_EXP":624.12,"PRMETA_VA":2483.76,"PRMETA_EXP":2558.67,"ELCTRO_VA":593.89,"ELCTRO_EXP":1738.86,"ELCTRI_VA":719.47,"ELCTRI_EXP":1913.28,"MAQYEQ_VA":998.3,"MAQYEQ_EXP":1960.65,"AUTOMO_VA":1857.97,"AUTOMO_EXP":6087.06,"OTRTRA_VA":55.84,"OTRTRA_EXP":113.87,"TRANSP_VA":134.37,"TRANSP_EXP":358.57,"OTRMAN_VA":2070.24,"OTRMAN_EXP":1942.55,"ELEGAS_VA":5218.41,"ELEGAS_EXP":314.19,"AGUBAS_VA":1981.99,"AGUBAS_EXP":20.99,"CONSTR_VA":7602.17,"CONSTR_EXP":75.38,"COMREV_VA":27175.47,"COMREV_EXP":9465.6,"TRATIE_VA":4133.55,"TRATIE_EXP":2688.67,"TRAGUA_VA":164.32,"TRAGUA_EXP":425.34,"TRAAIR_VA":978.82,"TRAAIR_EXP":3648.66,"ALMSTR_VA":3646.25,"ALMSTR_EXP":1914.81,"POSTME_VA":574.12,"POSTME_EXP":234.47,"HOTYRE_VA":10040.0,"HOTYRE_EXP":5712.31,"MMTVRA_VA":1105.22,"MMTVRA_EXP":430.8,"TELECO_VA":2956.01,"TELECO_EXP":804.89,"ITSERV_VA":2507.13,"ITSERV_EXP":1048.35,"SERFIN_VA":9180.95,"SERFIN_EXP":902.29,"GOBEST_VA":22518.26,"GOBEST_EXP":704.42,"SPRSCT_VA":6971.4,"SPRSCT_EXP":2352.82,"SEAEMP_VA":6728.26,"SEAEMP_EXP":1627.16,"ADPDEF_VA":13283.28,"ADPDEF_EXP":201.39,"EDUCAC_VA":10514.66,"EDUCAC_EXP":396.51,"SALUDH_VA":11825.89,"SALUDH_EXP":204.55,"ESPARC_VA":1533.7,"ESPARC_EXP":409.2,"OTRSER_VA":2559.41,"OTRSER_EXP":226.26,"SERHOG_VA":1215.48,"SERHOG_EXP":0.0}},{"type":"Feature","geometry":{"type":"Point","coordinates":[24.97,45.94]},"properties":{"id":"ROU","name":"Rumania","continent":"europe","year":2016,"AGRPFO_VA":6837.27,"AGRPFO_EXP":3025.26,"FORLOG_VA":1076.09,"FORLOG_EXP":59.08,"PESCAC_VA":210.26,"PESCAC_EXP":10.25,"MINCOL_VA":1.43,"MINCOL_EXP":1.06,"PETGAS_VA":797.79,"PETGAS_EXP":72.11,"MINORE_VA":11.95,"MINORE_EXP":26.11,"MINOTH_VA":241.77,"MINOTH_EXP":13.89,"MINSER_VA":213.16,"MINSER_EXP":74.96,"ALYBEB_VA":7984.97,"ALYBEB_EXP":1283.29,"TEXYPR_VA":3439.83,"TEXYPR_EXP":2434.67,"MADYPR_VA":998.44,"MADYPR_EXP":1163.45,"PAPYPR_VA":861.84,"PAPYPR_EXP":290.02,"PETREF_VA":3760.49,"PETREF_EXP":1064.02,"QUIMYP_VA":960.87,"QUIMYP_EXP":1365.64,"FARMED_VA":314.35,"FARMED_EXP":263.51,"HUPLAS_VA":1633.06,"HUPLAS_EXP":1757.7,"PRNOMT_VA":1570.26,"PRNOMT_EXP":338.55,"METBAS_VA":1001.66,"METBAS_EXP":973.9,"NONFER_VA":512.22,"NONFER_EXP":599.39,"PRMETA_VA":1685.4,"PRMETA_EXP":652.84,"ELCTRO_VA":989.76,"ELCTRO_EXP":1903.33,"ELCTRI_VA":2398.8,"ELCTRI_EXP":4144.68,"MAQYEQ_VA":1875.22,"MAQYEQ_EXP":3438.16,"AUTOMO_VA":4811.84,"AUTOMO_EXP":9465.76,"OTRTRA_VA":427.95,"OTRTRA_EXP":429.77,"TRANSP_VA":404.23,"TRANSP_EXP":559.23,"OTRMAN_VA":2881.49,"OTRMAN_EXP":1920.13,"ELEGAS_VA":4739.72,"ELEGAS_EXP":313.98,"AGUBAS_VA":1591.76,"AGUBAS_EXP":0.25,"CONSTR_VA":11577.15,"CONSTR_EXP":0.43,"COMREV_VA":17911.88,"COMREV_EXP":7244.03,"TRATIE_VA":9149.03,"TRATIE_EXP":8018.85,"TRAGUA_VA":385.19,"TRAGUA_EXP":219.72,"TRAAIR_VA":120.75,"TRAAIR_EXP":554.25,"ALMSTR_VA":2356.79,"ALMSTR_EXP":1283.13,"POSTME_VA":488.7,"POSTME_EXP":182.43,"HOTYRE_VA":3571.48,"HOTYRE_EXP":91.25,"MMTVRA_VA":1369.53,"MMTVRA_EXP":639.67,"TELECO_VA":2902.27,"TELECO_EXP":951.56,"ITSERV_VA":5464.6,"ITSERV_EXP":3308.37,"SERFIN_VA":6064.52,"SERFIN_EXP":221.62,"GOBEST_VA":15429.14,"GOBEST_EXP":65.8,"SPRSCT_VA":9141.43,"SPRSCT_EXP":5227.19,"SEAEMP_VA":3914.5,"SEAEMP_EXP":272.51,"ADPDEF_VA":8898.81,"ADPDEF_EXP":0.53,"EDUCAC_VA":6074.88,"EDUCAC_EXP":5.62,"SALUDH_VA":5992.32,"SALUDH_EXP":4.98,"ESPARC_VA":3218.7,"ESPARC_EXP":84.54,"OTRSER_VA":2465.38,"OTRSER_EXP":5.31,"SERHOG_VA":1810.96,"SERHOG_EXP":0.0}},{"type":"Feature","geometry":{"type":"Point","coordinates":[105.32,61.52]},"properties":{"id":"RUS","name":"Rusia","continent":"europe","year":2016,"AGRPFO_VA":44001.55,"AGRPFO_EXP":6151.45,"FORLOG_VA":1974.95,"FORLOG_EXP":914.08,"PESCAC_VA":3480.49,"PESCAC_EXP":1252.3,"MINCOL_VA":5114.8,"MINCOL_EXP":4387.98,"PETGAS_VA":88452.24,"PETGAS_EXP":64024.54,"MINORE_VA":4005.35,"MINORE_EXP":1892.01,"MINOTH_VA":6066.25,"MINOTH_EXP":3535.12,"MINSER_VA":7899.41,"MINSER_EXP":675.5,"ALYBEB_VA":23077.37,"ALYBEB_EXP":7468.22,"TEXYPR_VA":2897.3,"TEXYPR_EXP":1462.21,"MADYPR_VA":3195.53,"MADYPR_EXP":3772.34,"PAPYPR_VA":5442.0,"PAPYPR_EXP":2714.77,"PETREF_VA":22273.06,"PETREF_EXP":48127.6,"QUIMYP_VA":12223.6,"QUIMYP_EXP":13387.97,"FARMED_VA":2704.58,"FARMED_EXP":620.02,"HUPLAS_VA":3638.13,"HUPLAS_EXP":1984.0,"PRNOMT_VA":6404.29,"PRNOMT_EXP":1277.51,"METBAS_VA":9976.39,"METBAS_EXP":12692.03,"NONFER_VA":15471.58,"NONFER_EXP":14539.89,"PRMETA_VA":10839.86,"PRMETA_EXP":1968.65,"ELCTRO_VA":7508.69,"ELCTRO_EXP":2827.64,"ELCTRI_VA":3029.32,"ELCTRI_EXP":1934.38,"MAQYEQ_VA":4943.22,"MAQYEQ_EXP":2059.47,"AUTOMO_VA":4969.09,"AUTOMO_EXP":2578.45,"OTRTRA_VA":3733.99,"OTRTRA_EXP":716.82,"TRANSP_VA":9120.44,"TRANSP_EXP":2994.23,"OTRMAN_VA":7811.42,"OTRMAN_EXP":1712.52,"ELEGAS_VA":33648.4,"ELEGAS_EXP":1014.98,"AGUBAS_VA":5836.77,"AGUBAS_EXP":42.79,"CONSTR_VA":75946.87,"CONSTR_EXP":632.73,"COMREV_VA":171670.25,"COMREV_EXP":45287.77,"TRATIE_VA":57641.96,"TRATIE_EXP":10231.52,"TRAGUA_VA":1655.55,"TRAGUA_EXP":1133.25,"TRAAIR_VA":4385.11,"TRAAIR_EXP":8449.56,"ALMSTR_VA":21416.63,"ALMSTR_EXP":8420.71,"POSTME_VA":2121.62,"POSTME_EXP":362.22,"HOTYRE_VA":11009.87,"HOTYRE_EXP":2610.44,"MMTVRA_VA":4121.93,"MMTVRA_EXP":723.27,"TELECO_VA":13739.52,"TELECO_EXP":1501.58,"ITSERV_VA":11586.58,"ITSERV_EXP":3336.1,"SERFIN_VA":50854.75,"SERFIN_EXP":2133.6,"GOBEST_VA":117346.44,"GOBEST_EXP":756.63,"SPRSCT_VA":51739.02,"SPRSCT_EXP":9947.59,"SEAEMP_VA":27966.44,"SEAEMP_EXP":616.26,"ADPDEF_VA":92796.95,"ADPDEF_EXP":0.7,"EDUCAC_VA":36590.12,"EDUCAC_EXP":176.23,"SALUDH_VA":37273.91,"SALUDH_EXP":121.85,"ESPARC_VA":10358.66,"ESPARC_EXP":320.93,"OTRSER_VA":6966.16,"OTRSER_EXP":205.66,"SERHOG_VA":7524.59,"SERHOG_EXP":0.0}},{"type":"Feature","geometry":{"type":"Point","coordinates":[45.08,23.89]},"properties":{"id":"SAU","name":"Arabia Saudita","continent":"other","year":2016,"AGRPFO_VA":16444.73,"AGRPFO_EXP":225.38,"FORLOG_VA":22.23,"FORLOG_EXP":0.52,"PESCAC_VA":952.0,"PESCAC_EXP":13.41,"MINCOL_VA":0.0,"MINCOL_EXP":0.0,"PETGAS_VA":130481.57,"PETGAS_EXP":122400.09,"MINORE_VA":732.82,"MINORE_EXP":821.02,"MINOTH_VA":1515.14,"MINOTH_EXP":39.03,"MINSER_VA":604.49,"MINSER_EXP":109.45,"ALYBEB_VA":10794.38,"ALYBEB_EXP":1959.94,"TEXYPR_VA":2706.73,"TEXYPR_EXP":231.67,"MADYPR_VA":761.36,"MADYPR_EXP":25.79,"PAPYPR_VA":3168.0,"PAPYPR_EXP":439.79,"PETREF_VA":16315.08,"PETREF_EXP":15891.25,"QUIMYP_VA":24459.17,"QUIMYP_EXP":16070.51,"FARMED_VA":437.49,"FARMED_EXP":349.96,"HUPLAS_VA":2333.2,"HUPLAS_EXP":463.63,"PRNOMT_VA":4037.52,"PRNOMT_EXP":227.33,"METBAS_VA":776.65,"METBAS_EXP":564.95,"NONFER_VA":569.39,"NONFER_EXP":1160.02,"PRMETA_VA":3693.3,"PRMETA_EXP":313.02,"ELCTRO_VA":101.67,"ELCTRO_EXP":7.72,"ELCTRI_VA":2304.0,"ELCTRI_EXP":263.38,"MAQYEQ_VA":1294.08,"MAQYEQ_EXP":112.68,"AUTOMO_VA":640.98,"AUTOMO_EXP":11.35,"OTRTRA_VA":34.23,"OTRTRA_EXP":12.54,"TRANSP_VA":55.81,"TRANSP_EXP":1.54,"OTRMAN_VA":3004.37,"OTRMAN_EXP":215.63,"ELEGAS_VA":7823.17,"ELEGAS_EXP":40.58,"AGUBAS_VA":1965.08,"AGUBAS_EXP":12.76,"CONSTR_VA":40295.81,"CONSTR_EXP":65.48,"COMREV_VA":52986.42,"COMREV_EXP":13591.45,"TRATIE_VA":6634.91,"TRATIE_EXP":3291.94,"TRAGUA_VA":564.01,"TRAGUA_EXP":383.73,"TRAAIR_VA":2285.31,"TRAAIR_EXP":3022.81,"ALMSTR_VA":5704.31,"ALMSTR_EXP":1895.1,"POSTME_VA":707.17,"POSTME_EXP":62.91,"HOTYRE_VA":11381.48,"HOTYRE_EXP":5232.92,"MMTVRA_VA":1341.35,"MMTVRA_EXP":228.85,"TELECO_VA":14524.12,"TELECO_EXP":535.52,"ITSERV_VA":3767.66,"ITSERV_EXP":24.07,"SERFIN_VA":22975.96,"SERFIN_EXP":596.93,"GOBEST_VA":24024.26,"GOBEST_EXP":746.56,"SPRSCT_VA":4437.85,"SPRSCT_EXP":175.33,"SEAEMP_VA":6771.32,"SEAEMP_EXP":173.31,"ADPDEF_VA":121741.27,"ADPDEF_EXP":150.59,"EDUCAC_VA":47974.08,"EDUCAC_EXP":296.2,"SALUDH_VA":21031.05,"SALUDH_EXP":175.56,"ESPARC_VA":2102.55,"ESPARC_EXP":361.95,"OTRSER_VA":4598.67,"OTRSER_EXP":208.99,"SERHOG_VA":6026.28,"SERHOG_EXP":0.0}},{"type":"Feature","geometry":{"type":"Point","coordinates":[-14.45,14.5]},"properties":{"id":"SEN","name":"Senegal","continent":"other","year":2016,"AGRPFO_VA":2309.9,"AGRPFO_EXP":162.25,"FORLOG_VA":83.06,"FORLOG_EXP":2.04,"PESCAC_VA":272.05,"PESCAC_EXP":79.92,"MINCOL_VA":13.53,"MINCOL_EXP":2.92,"PETGAS_VA":2.76,"PETGAS_EXP":0.18,"MINORE_VA":227.84,"MINORE_EXP":97.72,"MINOTH_VA":196.25,"MINOTH_EXP":121.09,"MINSER_VA":7.11,"MINSER_EXP":1.06,"ALYBEB_VA":1526.98,"ALYBEB_EXP":618.29,"TEXYPR_VA":417.63,"TEXYPR_EXP":86.97,"MADYPR_VA":89.19,"MADYPR_EXP":7.39,"PAPYPR_VA":106.9,"PAPYPR_EXP":7.18,"PETREF_VA":104.87,"PETREF_EXP":205.48,"QUIMYP_VA":187.85,"QUIMYP_EXP":247.2,"FARMED_VA":22.29,"FARMED_EXP":9.54,"HUPLAS_VA":107.18,"HUPLAS_EXP":11.58,"PRNOMT_VA":154.29,"PRNOMT_EXP":152.12,"METBAS_VA":124.04,"METBAS_EXP":53.93,"NONFER_VA":2.79,"NONFER_EXP":19.72,"PRMETA_VA":121.07,"PRMETA_EXP":5.06,"ELCTRO_VA":1.04,"ELCTRO_EXP":0.57,"ELCTRI_VA":26.91,"ELCTRI_EXP":10.03,"MAQYEQ_VA":4.6,"MAQYEQ_EXP":8.45,"AUTOMO_VA":1.69,"AUTOMO_EXP":1.05,"OTRTRA_VA":17.83,"OTRTRA_EXP":3.04,"TRANSP_VA":46.04,"TRANSP_EXP":1.32,"OTRMAN_VA":119.46,"OTRMAN_EXP":10.13,"ELEGAS_VA":203.49,"ELEGAS_EXP":0.78,"AGUBAS_VA":169.23,"AGUBAS_EXP":0.13,"CONSTR_VA":585.6,"CONSTR_EXP":0.81,"COMREV_VA":2295.1,"COMREV_EXP":315.85,"TRATIE_VA":471.46,"TRATIE_EXP":86.55,"TRAGUA_VA":7.64,"TRAGUA_EXP":6.94,"TRAAIR_VA":24.04,"TRAAIR_EXP":46.06,"ALMSTR_VA":265.26,"ALMSTR_EXP":84.51,"POSTME_VA":8.94,"POSTME_EXP":1.2,"HOTYRE_VA":250.28,"HOTYRE_EXP":141.48,"MMTVRA_VA":101.16,"MMTVRA_EXP":31.33,"TELECO_VA":717.5,"TELECO_EXP":255.68,"ITSERV_VA":64.36,"ITSERV_EXP":18.32,"SERFIN_VA":424.37,"SERFIN_EXP":49.09,"GOBEST_VA":1521.0,"GOBEST_EXP":32.7,"SPRSCT_VA":1203.83,"SPRSCT_EXP":259.09,"SEAEMP_VA":450.23,"SEAEMP_EXP":45.04,"ADPDEF_VA":974.49,"ADPDEF_EXP":0.44,"EDUCAC_VA":865.23,"EDUCAC_EXP":8.81,"SALUDH_VA":271.16,"SALUDH_EXP":6.12,"ESPARC_VA":45.84,"ESPARC_EXP":13.96,"OTRSER_VA":159.84,"OTRSER_EXP":8.11,"SERHOG_VA":102.32,"SERHOG_EXP":0.0}},{"type":"Feature","geometry":{"type":"Point","coordinates":[103.82,1.35]},"properties":{"id":"SGP","name":"Singapur","continent":"asia","year":2016,"AGRPFO_VA":54.2,"AGRPFO_EXP":38.54,"FORLOG_VA":0.0,"FORLOG_EXP":0.0,"PESCAC_VA":36.04,"PESCAC_EXP":5.99,"MINCOL_VA":0.0,"MINCOL_EXP":0.0,"PETGAS_VA":0.0,"PETGAS_EXP":0.0,"MINORE_VA":0.0,"MINORE_EXP":0.0,"MINOTH_VA":0.0,"MINOTH_EXP":0.0,"MINSER_VA":0.0,"MINSER_EXP":0.0,"ALYBEB_VA":3318.66,"ALYBEB_EXP":5360.71,"TEXYPR_VA":202.54,"TEXYPR_EXP":388.5,"MADYPR_VA":110.77,"MADYPR_EXP":51.94,"PAPYPR_VA":964.27,"PAPYPR_EXP":1435.03,"PETREF_VA":668.63,"PETREF_EXP":9638.21,"QUIMYP_VA":10394.47,"QUIMYP_EXP":22957.91,"FARMED_VA":7973.55,"FARMED_EXP":7459.33,"HUPLAS_VA":611.42,"HUPLAS_EXP":537.51,"PRNOMT_VA":283.3,"PRNOMT_EXP":118.37,"METBAS_VA":171.34,"METBAS_EXP":429.26,"NONFER_VA":830.78,"NONFER_EXP":1063.18,"PRMETA_VA":1348.31,"PRMETA_EXP":2090.27,"ELCTRO_VA":14720.59,"ELCTRO_EXP":56673.89,"ELCTRI_VA":685.79,"ELCTRI_EXP":1847.93,"MAQYEQ_VA":5167.24,"MAQYEQ_EXP":14369.13,"AUTOMO_VA":330.27,"AUTOMO_EXP":599.77,"OTRTRA_VA":1538.71,"OTRTRA_EXP":4906.46,"TRANSP_VA":3397.8,"TRANSP_EXP":5160.84,"OTRMAN_VA":3142.48,"OTRMAN_EXP":5586.97,"ELEGAS_VA":3911.67,"ELEGAS_EXP":147.12,"AGUBAS_VA":1154.87,"AGUBAS_EXP":32.14,"CONSTR_VA":14466.46,"CONSTR_EXP":231.2,"COMREV_VA":53049.33,"COMREV_EXP":53688.95,"TRATIE_VA":4202.69,"TRATIE_EXP":2170.59,"TRAGUA_VA":4112.16,"TRAGUA_EXP":36199.32,"TRAAIR_VA":3010.14,"TRAAIR_EXP":8511.64,"ALMSTR_VA":8731.43,"ALMSTR_EXP":8115.36,"POSTME_VA":531.57,"POSTME_EXP":612.32,"HOTYRE_VA":6797.92,"HOTYRE_EXP":5511.9,"MMTVRA_VA":2272.72,"MMTVRA_EXP":6866.44,"TELECO_VA":3972.64,"TELECO_EXP":2896.63,"ITSERV_VA":6679.32,"ITSERV_EXP":14700.58,"SERFIN_VA":35913.64,"SERFIN_EXP":39074.72,"GOBEST_VA":24182.48,"GOBEST_EXP":2263.61,"SPRSCT_VA":23366.55,"SPRSCT_EXP":16898.09,"SEAEMP_VA":22353.38,"SEAEMP_EXP":7890.11,"ADPDEF_VA":8404.18,"ADPDEF_EXP":426.4,"EDUCAC_VA":9755.22,"EDUCAC_EXP":1715.51,"SALUDH_VA":9973.0,"SALUDH_EXP":1314.22,"ESPARC_VA":1957.98,"ESPARC_EXP":698.58,"OTRSER_VA":2136.61,"OTRSER_EXP":517.25,"SERHOG_VA":1940.05,"SERHOG_EXP":0.0}},{"type":"Feature","geometry":{"type":"Point","coordinates":[6.61,0.19]},"properties":{"id":"STP","name":"S. Tomé y Príncipe","continent":"other","year":2016,"AGRPFO_VA":20.1,"AGRPFO_EXP":9.72,"FORLOG_VA":0.1,"FORLOG_EXP":0.01,"PESCAC_VA":27.66,"PESCAC_EXP":0.24,"MINCOL_VA":0.03,"MINCOL_EXP":0.0,"PETGAS_VA":0.46,"PETGAS_EXP":0.04,"MINORE_VA":0.02,"MINORE_EXP":0.0,"MINOTH_VA":0.27,"MINOTH_EXP":0.04,"MINSER_VA":0.16,"MINSER_EXP":0.04,"ALYBEB_VA":7.77,"ALYBEB_EXP":1.05,"TEXYPR_VA":0.04,"TEXYPR_EXP":0.87,"MADYPR_VA":0.02,"MADYPR_EXP":0.01,"PAPYPR_VA":0.03,"PAPYPR_EXP":0.07,"PETREF_VA":0.17,"PETREF_EXP":0.08,"QUIMYP_VA":0.07,"QUIMYP_EXP":0.06,"FARMED_VA":0.05,"FARMED_EXP":0.1,"HUPLAS_VA":0.05,"HUPLAS_EXP":0.02,"PRNOMT_VA":0.17,"PRNOMT_EXP":0.03,"METBAS_VA":0.0,"METBAS_EXP":0.0,"NONFER_VA":0.0,"NONFER_EXP":0.0,"PRMETA_VA":0.03,"PRMETA_EXP":0.01,"ELCTRO_VA":0.01,"ELCTRO_EXP":0.15,"ELCTRI_VA":0.01,"ELCTRI_EXP":0.05,"MAQYEQ_VA":0.01,"MAQYEQ_EXP":0.0,"AUTOMO_VA":0.01,"AUTOMO_EXP":0.01,"OTRTRA_VA":0.0,"OTRTRA_EXP":0.0,"TRANSP_VA":0.0,"TRANSP_EXP":0.0,"OTRMAN_VA":0.07,"OTRMAN_EXP":0.5,"ELEGAS_VA":5.02,"ELEGAS_EXP":0.16,"AGUBAS_VA":3.81,"AGUBAS_EXP":0.21,"CONSTR_VA":12.32,"CONSTR_EXP":0.4,"COMREV_VA":64.74,"COMREV_EXP":7.87,"TRATIE_VA":22.95,"TRATIE_EXP":5.06,"TRAGUA_VA":0.65,"TRAGUA_EXP":0.78,"TRAAIR_VA":3.08,"TRAAIR_EXP":3.42,"ALMSTR_VA":15.73,"ALMSTR_EXP":0.71,"POSTME_VA":5.02,"POSTME_EXP":0.19,"HOTYRE_VA":39.64,"HOTYRE_EXP":25.6,"MMTVRA_VA":3.73,"MMTVRA_EXP":1.12,"TELECO_VA":6.65,"TELECO_EXP":3.1,"ITSERV_VA":5.49,"ITSERV_EXP":3.15,"SERFIN_VA":34.53,"SERFIN_EXP":10.44,"GOBEST_VA":1.69,"GOBEST_EXP":2.42,"SPRSCT_VA":1.35,"SPRSCT_EXP":1.46,"SEAEMP_VA":1.42,"SEAEMP_EXP":0.94,"ADPDEF_VA":14.05,"ADPDEF_EXP":0.32,"EDUCAC_VA":13.07,"EDUCAC_EXP":1.52,"SALUDH_VA":7.95,"SALUDH_EXP":1.08,"ESPARC_VA":7.22,"ESPARC_EXP":2.66,"OTRSER_VA":8.98,"OTRSER_EXP":1.52,"SERHOG_VA":6.34,"SERHOG_EXP":0.0}},{"type":"Feature","geometry":{"type":"Point","coordinates":[19.7,48.67]},"properties":{"id":"SVK","name":"Eslovaquia","continent":"europe","year":2016,"AGRPFO_VA":1244.96,"AGRPFO_EXP":805.91,"FORLOG_VA":644.39,"FORLOG_EXP":132.6,"PESCAC_VA":26.33,"PESCAC_EXP":4.52,"MINCOL_VA":39.43,"MINCOL_EXP":48.11,"PETGAS_VA":0.14,"PETGAS_EXP":0.07,"MINORE_VA":9.79,"MINORE_EXP":19.98,"MINOTH_VA":52.17,"MINOTH_EXP":92.77,"MINSER_VA":104.57,"MINSER_EXP":11.86,"ALYBEB_VA":953.39,"ALYBEB_EXP":1573.35,"TEXYPR_VA":692.97,"TEXYPR_EXP":951.58,"MADYPR_VA":490.23,"MADYPR_EXP":568.17,"PAPYPR_VA":590.99,"PAPYPR_EXP":1069.38,"PETREF_VA":397.34,"PETREF_EXP":1294.04,"QUIMYP_VA":484.08,"QUIMYP_EXP":1584.21,"FARMED_VA":93.47,"FARMED_EXP":191.17,"HUPLAS_VA":1587.43,"HUPLAS_EXP":3518.26,"PRNOMT_VA":664.24,"PRNOMT_EXP":785.9,"METBAS_VA":878.76,"METBAS_EXP":2088.72,"NONFER_VA":261.39,"NONFER_EXP":650.12,"PRMETA_VA":2259.36,"PRMETA_EXP":2943.53,"ELCTRO_VA":842.67,"ELCTRO_EXP":4790.74,"ELCTRI_VA":1037.73,"ELCTRI_EXP":3351.21,"MAQYEQ_VA":1498.11,"MAQYEQ_EXP":4119.8,"AUTOMO_VA":3892.92,"AUTOMO_EXP":21388.17,"OTRTRA_VA":1.74,"OTRTRA_EXP":0.43,"TRANSP_VA":114.39,"TRANSP_EXP":129.2,"OTRMAN_VA":1110.89,"OTRMAN_EXP":944.07,"ELEGAS_VA":2700.79,"ELEGAS_EXP":362.7,"AGUBAS_VA":815.31,"AGUBAS_EXP":35.19,"CONSTR_VA":6570.33,"CONSTR_EXP":214.95,"COMREV_VA":8296.89,"COMREV_EXP":5373.41,"TRATIE_VA":3304.54,"TRATIE_EXP":2381.93,"TRAGUA_VA":71.89,"TRAGUA_EXP":34.47,"TRAAIR_VA":70.47,"TRAAIR_EXP":110.1,"ALMSTR_VA":1900.32,"ALMSTR_EXP":724.17,"POSTME_VA":311.29,"POSTME_EXP":97.28,"HOTYRE_VA":1200.59,"HOTYRE_EXP":841.01,"MMTVRA_VA":633.48,"MMTVRA_EXP":182.66,"TELECO_VA":1232.8,"TELECO_EXP":515.33,"ITSERV_VA":2529.79,"ITSERV_EXP":838.12,"SERFIN_VA":2548.66,"SERFIN_EXP":378.9,"GOBEST_VA":8126.85,"GOBEST_EXP":212.26,"SPRSCT_VA":6301.84,"SPRSCT_EXP":1904.5,"SEAEMP_VA":2749.79,"SEAEMP_EXP":666.93,"ADPDEF_VA":5768.96,"ADPDEF_EXP":31.93,"EDUCAC_VA":3108.05,"EDUCAC_EXP":146.15,"SALUDH_VA":3299.1,"SALUDH_EXP":132.07,"ESPARC_VA":2416.31,"ESPARC_EXP":169.54,"OTRSER_VA":973.18,"OTRSER_EXP":83.06,"SERHOG_VA":46.73,"SERHOG_EXP":0.0}},{"type":"Feature","geometry":{"type":"Point","coordinates":[14.99,46.15]},"properties":{"id":"SVN","name":"Eslovenia","continent":"europe","year":2016,"AGRPFO_VA":701.86,"AGRPFO_EXP":296.41,"FORLOG_VA":256.29,"FORLOG_EXP":200.67,"PESCAC_VA":5.28,"PESCAC_EXP":4.11,"MINCOL_VA":129.49,"MINCOL_EXP":4.6,"PETGAS_VA":0.0,"PETGAS_EXP":0.0,"MINORE_VA":4.99,"MINORE_EXP":8.25,"MINOTH_VA":64.98,"MINOTH_EXP":72.99,"MINSER_VA":1.34,"MINSER_EXP":0.79,"ALYBEB_VA":655.81,"ALYBEB_EXP":594.17,"TEXYPR_VA":296.13,"TEXYPR_EXP":470.62,"MADYPR_VA":311.18,"MADYPR_EXP":509.82,"PAPYPR_VA":402.88,"PAPYPR_EXP":657.82,"PETREF_VA":0.12,"PETREF_EXP":0.02,"QUIMYP_VA":419.94,"QUIMYP_EXP":1051.25,"FARMED_VA":909.41,"FARMED_EXP":1626.51,"HUPLAS_VA":711.87,"HUPLAS_EXP":1187.5,"PRNOMT_VA":395.87,"PRNOMT_EXP":519.59,"METBAS_VA":225.58,"METBAS_EXP":444.77,"NONFER_VA":300.9,"NONFER_EXP":763.22,"PRMETA_VA":1341.89,"PRMETA_EXP":1541.88,"ELCTRO_VA":282.28,"ELCTRO_EXP":585.28,"ELCTRI_VA":1033.85,"ELCTRI_EXP":2371.14,"MAQYEQ_VA":683.59,"MAQYEQ_EXP":1385.92,"AUTOMO_VA":790.75,"AUTOMO_EXP":2253.49,"OTRTRA_VA":8.32,"OTRTRA_EXP":18.23,"TRANSP_VA":23.29,"TRANSP_EXP":45.1,"OTRMAN_VA":812.45,"OTRMAN_EXP":932.3,"ELEGAS_VA":843.96,"ELEGAS_EXP":580.05,"AGUBAS_VA":415.93,"AGUBAS_EXP":66.41,"CONSTR_VA":2088.55,"CONSTR_EXP":101.71,"COMREV_VA":4843.87,"COMREV_EXP":2791.3,"TRATIE_VA":1974.65,"TRATIE_EXP":1615.49,"TRAGUA_VA":47.39,"TRAGUA_EXP":79.15,"TRAAIR_VA":54.67,"TRAAIR_EXP":196.61,"ALMSTR_VA":880.19,"ALMSTR_EXP":665.27,"POSTME_VA":213.53,"POSTME_EXP":28.87,"HOTYRE_VA":977.06,"HOTYRE_EXP":966.57,"MMTVRA_VA":254.61,"MMTVRA_EXP":242.72,"TELECO_VA":554.17,"TELECO_EXP":379.61,"ITSERV_VA":756.37,"ITSERV_EXP":225.29,"SERFIN_VA":1526.47,"SERFIN_EXP":246.79,"GOBEST_VA":3030.93,"GOBEST_EXP":164.86,"SPRSCT_VA":2688.41,"SPRSCT_EXP":825.83,"SEAEMP_VA":1219.53,"SEAEMP_EXP":507.21,"ADPDEF_VA":2399.39,"ADPDEF_EXP":29.04,"EDUCAC_VA":2171.36,"EDUCAC_EXP":92.57,"SALUDH_VA":2114.0,"SALUDH_EXP":50.26,"ESPARC_VA":577.24,"ESPARC_EXP":113.82,"OTRSER_VA":434.34,"OTRSER_EXP":58.28,"SERHOG_VA":32.25,"SERHOG_EXP":0.0}},{"type":"Feature","geometry":{"type":"Point","coordinates":[18.64,60.13]},"properties":{"id":"SWE","name":"Suecia","continent":"europe","year":2016,"AGRPFO_VA":3426.01,"AGRPFO_EXP":682.89,"FORLOG_VA":3322.94,"FORLOG_EXP":82.52,"PESCAC_VA":161.01,"PESCAC_EXP":280.01,"MINCOL_VA":64.94,"MINCOL_EXP":4.81,"PETGAS_VA":20.25,"PETGAS_EXP":0.78,"MINORE_VA":1733.46,"MINORE_EXP":2847.64,"MINOTH_VA":324.19,"MINOTH_EXP":111.03,"MINSER_VA":73.5,"MINSER_EXP":101.15,"ALYBEB_VA":5509.74,"ALYBEB_EXP":3453.44,"TEXYPR_VA":590.69,"TEXYPR_EXP":762.93,"MADYPR_VA":2704.44,"MADYPR_EXP":2916.0,"PAPYPR_VA":5738.66,"PAPYPR_EXP":8599.01,"PETREF_VA":1124.28,"PETREF_EXP":5143.86,"QUIMYP_VA":3890.53,"QUIMYP_EXP":4949.06,"FARMED_VA":5015.69,"FARMED_EXP":4828.09,"HUPLAS_VA":2036.78,"HUPLAS_EXP":3148.12,"PRNOMT_VA":1963.79,"PRNOMT_EXP":868.2,"METBAS_VA":2899.44,"METBAS_EXP":4461.19,"NONFER_VA":946.4,"NONFER_EXP":2105.97,"PRMETA_VA":6470.07,"PRMETA_EXP":4164.81,"ELCTRO_VA":2640.67,"ELCTRO_EXP":4200.12,"ELCTRI_VA":2674.94,"ELCTRI_EXP":4784.27,"MAQYEQ_VA":9546.73,"MAQYEQ_EXP":14917.3,"AUTOMO_VA":13447.12,"AUTOMO_EXP":18028.1,"OTRTRA_VA":329.17,"OTRTRA_EXP":242.84,"TRANSP_VA":2626.2,"TRANSP_EXP":832.93,"OTRMAN_VA":4287.68,"OTRMAN_EXP":3754.36,"ELEGAS_VA":10524.43,"ELEGAS_EXP":1351.55,"AGUBAS_VA":3095.59,"AGUBAS_EXP":70.95,"CONSTR_VA":29999.04,"CONSTR_EXP":475.57,"COMREV_VA":54404.15,"COMREV_EXP":22541.63,"TRATIE_VA":12308.21,"TRATIE_EXP":3832.58,"TRAGUA_VA":953.56,"TRAGUA_EXP":1334.99,"TRAAIR_VA":895.01,"TRAAIR_EXP":1676.41,"ALMSTR_VA":8303.13,"ALMSTR_EXP":7177.79,"POSTME_VA":3492.93,"POSTME_EXP":470.89,"HOTYRE_VA":9015.45,"HOTYRE_EXP":3658.74,"MMTVRA_VA":6184.86,"MMTVRA_EXP":4389.9,"TELECO_VA":6707.77,"TELECO_EXP":1799.78,"ITSERV_VA":19485.24,"ITSERV_EXP":9399.83,"SERFIN_VA":20471.05,"SERFIN_EXP":5346.31,"GOBEST_VA":40608.57,"GOBEST_EXP":800.69,"SPRSCT_VA":35867.59,"SPRSCT_EXP":15626.09,"SEAEMP_VA":16971.7,"SEAEMP_EXP":7031.68,"ADPDEF_VA":20298.54,"ADPDEF_EXP":240.21,"EDUCAC_VA":26628.85,"EDUCAC_EXP":361.62,"SALUDH_VA":52462.14,"SALUDH_EXP":325.67,"ESPARC_VA":6375.14,"ESPARC_EXP":789.47,"OTRSER_VA":7441.25,"OTRSER_EXP":266.15,"SERHOG_VA":235.4,"SERHOG_EXP":0.0}},{"type":"Feature","geometry":{"type":"Point","coordinates":[100.99,15.87]},"properties":{"id":"THA","name":"Tailandia","continent":"asia","year":2016,"AGRPFO_VA":26954.94,"AGRPFO_EXP":3264.65,"FORLOG_VA":313.46,"FORLOG_EXP":335.47,"PESCAC_VA":2716.1,"PESCAC_EXP":97.87,"MINCOL_VA":303.49,"MINCOL_EXP":3.74,"PETGAS_VA":7478.3,"PETGAS_EXP":40.19,"MINORE_VA":61.48,"MINORE_EXP":91.02,"MINOTH_VA":1639.8,"MINOTH_EXP":392.89,"MINSER_VA":1747.09,"MINSER_EXP":69.13,"ALYBEB_VA":22926.47,"ALYBEB_EXP":21786.84,"TEXYPR_VA":6591.24,"TEXYPR_EXP":9265.07,"MADYPR_VA":1199.65,"MADYPR_EXP":1542.51,"PAPYPR_VA":1743.92,"PAPYPR_EXP":1703.03,"PETREF_VA":9640.0,"PETREF_EXP":6796.17,"QUIMYP_VA":8880.3,"QUIMYP_EXP":14935.78,"FARMED_VA":1008.32,"FARMED_EXP":374.28,"HUPLAS_VA":7319.69,"HUPLAS_EXP":12915.58,"PRNOMT_VA":4122.14,"PRNOMT_EXP":1968.58,"METBAS_VA":1634.06,"METBAS_EXP":1023.91,"NONFER_VA":926.92,"NONFER_EXP":2116.19,"PRMETA_VA":3160.21,"PRMETA_EXP":5266.64,"ELCTRO_VA":9491.31,"ELCTRO_EXP":34471.02,"ELCTRI_VA":5059.24,"ELCTRI_EXP":9662.04,"MAQYEQ_VA":4273.88,"MAQYEQ_EXP":9606.64,"AUTOMO_VA":8902.57,"AUTOMO_EXP":25480.42,"OTRTRA_VA":830.78,"OTRTRA_EXP":950.84,"TRANSP_VA":974.7,"TRANSP_EXP":2178.28,"OTRMAN_VA":5561.43,"OTRMAN_EXP":12590.3,"ELEGAS_VA":9012.82,"ELEGAS_EXP":210.64,"AGUBAS_VA":1451.64,"AGUBAS_EXP":0.39,"CONSTR_VA":10292.67,"CONSTR_EXP":0.61,"COMREV_VA":74169.7,"COMREV_EXP":24840.2,"TRATIE_VA":9245.06,"TRATIE_EXP":8047.2,"TRAGUA_VA":3684.67,"TRAGUA_EXP":6477.74,"TRAAIR_VA":4046.44,"TRAAIR_EXP":7266.93,"ALMSTR_VA":3865.22,"ALMSTR_EXP":622.32,"POSTME_VA":791.89,"POSTME_EXP":483.67,"HOTYRE_VA":17510.17,"HOTYRE_EXP":9354.9,"MMTVRA_VA":1354.28,"MMTVRA_EXP":273.31,"TELECO_VA":4478.91,"TELECO_EXP":3151.26,"ITSERV_VA":2427.91,"ITSERV_EXP":636.07,"SERFIN_VA":26780.12,"SERFIN_EXP":1442.33,"GOBEST_VA":11076.25,"GOBEST_EXP":3291.94,"SPRSCT_VA":6191.8,"SPRSCT_EXP":1640.81,"SEAEMP_VA":5877.96,"SEAEMP_EXP":4951.64,"ADPDEF_VA":21217.39,"ADPDEF_EXP":0.86,"EDUCAC_VA":14839.71,"EDUCAC_EXP":4.12,"SALUDH_VA":9118.17,"SALUDH_EXP":1377.96,"ESPARC_VA":1962.56,"ESPARC_EXP":414.83,"OTRSER_VA":4717.83,"OTRSER_EXP":3031.53,"SERHOG_VA":669.88,"SERHOG_EXP":0.0}},{"type":"Feature","geometry":{"type":"Point","coordinates":[9.54,33.89]},"properties":{"id":"TUN","name":"Túnez","continent":"other","year":2016,"AGRPFO_VA":2708.71,"AGRPFO_EXP":321.28,"FORLOG_VA":395.32,"FORLOG_EXP":2.54,"PESCAC_VA":574.85,"PESCAC_EXP":47.25,"MINCOL_VA":358.74,"MINCOL_EXP":0.11,"PETGAS_VA":1132.59,"PETGAS_EXP":1257.83,"MINORE_VA":6.86,"MINORE_EXP":0.33,"MINOTH_VA":204.77,"MINOTH_EXP":35.94,"MINSER_VA":85.85,"MINSER_EXP":1.84,"ALYBEB_VA":1243.24,"ALYBEB_EXP":1071.67,"TEXYPR_VA":1471.69,"TEXYPR_EXP":2396.41,"MADYPR_VA":157.04,"MADYPR_EXP":27.78,"PAPYPR_VA":199.26,"PAPYPR_EXP":162.27,"PETREF_VA":28.34,"PETREF_EXP":229.2,"QUIMYP_VA":324.27,"QUIMYP_EXP":892.73,"FARMED_VA":205.81,"FARMED_EXP":65.1,"HUPLAS_VA":109.7,"HUPLAS_EXP":216.58,"PRNOMT_VA":527.77,"PRNOMT_EXP":169.11,"METBAS_VA":84.54,"METBAS_EXP":247.91,"NONFER_VA":58.33,"NONFER_EXP":167.09,"PRMETA_VA":520.68,"PRMETA_EXP":446.56,"ELCTRO_VA":282.01,"ELCTRO_EXP":696.07,"ELCTRI_VA":684.63,"ELCTRI_EXP":1532.93,"MAQYEQ_VA":368.79,"MAQYEQ_EXP":317.93,"AUTOMO_VA":350.21,"AUTOMO_EXP":769.72,"OTRTRA_VA":21.27,"OTRTRA_EXP":51.7,"TRANSP_VA":51.27,"TRANSP_EXP":115.92,"OTRMAN_VA":253.57,"OTRMAN_EXP":290.88,"ELEGAS_VA":524.44,"ELEGAS_EXP":4.08,"AGUBAS_VA":163.8,"AGUBAS_EXP":0.23,"CONSTR_VA":2325.08,"CONSTR_EXP":0.62,"COMREV_VA":3580.27,"COMREV_EXP":1268.07,"TRATIE_VA":1563.88,"TRATIE_EXP":493.64,"TRAGUA_VA":114.74,"TRAGUA_EXP":150.85,"TRAAIR_VA":156.92,"TRAAIR_EXP":285.54,"ALMSTR_VA":842.97,"ALMSTR_EXP":270.04,"POSTME_VA":378.19,"POSTME_EXP":63.17,"HOTYRE_VA":1734.74,"HOTYRE_EXP":426.32,"MMTVRA_VA":168.04,"MMTVRA_EXP":41.49,"TELECO_VA":1302.59,"TELECO_EXP":304.68,"ITSERV_VA":527.23,"ITSERV_EXP":111.22,"SERFIN_VA":1627.86,"SERFIN_EXP":186.79,"GOBEST_VA":1710.75,"GOBEST_EXP":73.88,"SPRSCT_VA":1241.2,"SPRSCT_EXP":418.82,"SEAEMP_VA":914.12,"SEAEMP_EXP":124.09,"ADPDEF_VA":4503.94,"ADPDEF_EXP":0.46,"EDUCAC_VA":2798.77,"EDUCAC_EXP":25.26,"SALUDH_VA":89.67,"SALUDH_EXP":16.83,"ESPARC_VA":60.22,"ESPARC_EXP":46.92,"OTRSER_VA":96.78,"OTRSER_EXP":21.91,"SERHOG_VA":137.07,"SERHOG_EXP":0.0}},{"type":"Feature","geometry":{"type":"Point","coordinates":[35.24,38.96]},"properties":{"id":"TUR","name":"Turquía","continent":"europe","year":2016,"AGRPFO_VA":53819.26,"AGRPFO_EXP":7518.72,"FORLOG_VA":1494.39,"FORLOG_EXP":9.25,"PESCAC_VA":1761.49,"PESCAC_EXP":305.97,"MINCOL_VA":2560.98,"MINCOL_EXP":1.31,"PETGAS_VA":1403.17,"PETGAS_EXP":113.27,"MINORE_VA":3804.14,"MINORE_EXP":3676.67,"MINOTH_VA":2309.45,"MINOTH_EXP":636.32,"MINSER_VA":436.31,"MINSER_EXP":3.27,"ALYBEB_VA":21459.85,"ALYBEB_EXP":8059.37,"TEXYPR_VA":29458.28,"TEXYPR_EXP":21034.28,"MADYPR_VA":2390.76,"MADYPR_EXP":588.31,"PAPYPR_VA":5450.24,"PAPYPR_EXP":1793.11,"PETREF_VA":1765.25,"PETREF_EXP":2650.84,"QUIMYP_VA":7372.88,"QUIMYP_EXP":4963.54,"FARMED_VA":2253.09,"FARMED_EXP":762.59,"HUPLAS_VA":7909.63,"HUPLAS_EXP":5082.46,"PRNOMT_VA":11766.28,"PRNOMT_EXP":2837.21,"METBAS_VA":7320.0,"METBAS_EXP":8930.55,"NONFER_VA":2113.72,"NONFER_EXP":2997.5,"PRMETA_VA":11093.12,"PRMETA_EXP":5643.02,"ELCTRO_VA":1795.76,"ELCTRO_EXP":1704.84,"ELCTRI_VA":5716.9,"ELCTRI_EXP":7870.3,"MAQYEQ_VA":7026.82,"MAQYEQ_EXP":5750.96,"AUTOMO_VA":8133.58,"AUTOMO_EXP":17797.89,"OTRTRA_VA":521.57,"OTRTRA_EXP":660.61,"TRANSP_VA":1304.81,"TRANSP_EXP":744.54,"OTRMAN_VA":12323.32,"OTRMAN_EXP":5039.49,"ELEGAS_VA":12442.61,"ELEGAS_EXP":30.41,"AGUBAS_VA":8409.09,"AGUBAS_EXP":20.93,"CONSTR_VA":78877.57,"CONSTR_EXP":880.86,"COMREV_VA":106299.81,"COMREV_EXP":23125.94,"TRATIE_VA":58584.11,"TRATIE_EXP":8358.49,"TRAGUA_VA":3849.74,"TRAGUA_EXP":3456.61,"TRAAIR_VA":4005.13,"TRAAIR_EXP":7815.51,"ALMSTR_VA":10095.91,"ALMSTR_EXP":3131.53,"POSTME_VA":2247.25,"POSTME_EXP":302.44,"HOTYRE_VA":23371.57,"HOTYRE_EXP":6506.79,"MMTVRA_VA":4309.16,"MMTVRA_EXP":330.51,"TELECO_VA":9501.28,"TELECO_EXP":881.81,"ITSERV_VA":9013.64,"ITSERV_EXP":976.18,"SERFIN_VA":30052.66,"SERFIN_EXP":3037.68,"GOBEST_VA":63847.12,"GOBEST_EXP":1153.61,"SPRSCT_VA":20972.24,"SPRSCT_EXP":1830.62,"SEAEMP_VA":21482.35,"SEAEMP_EXP":3828.46,"ADPDEF_VA":42100.0,"ADPDEF_EXP":225.53,"EDUCAC_VA":39065.94,"EDUCAC_EXP":823.42,"SALUDH_VA":23971.72,"SALUDH_EXP":234.64,"ESPARC_VA":8362.8,"ESPARC_EXP":744.68,"OTRSER_VA":9000.44,"OTRSER_EXP":368.81,"SERHOG_VA":421.66,"SERHOG_EXP":0.0}},{"type":"Feature","geometry":{"type":"Point","coordinates":[120.96,23.7]},"properties":{"id":"TWN","name":"Taiwán","continent":"asia","year":2016,"AGRPFO_VA":8615.72,"AGRPFO_EXP":501.95,"FORLOG_VA":54.36,"FORLOG_EXP":11.26,"PESCAC_VA":1262.51,"PESCAC_EXP":1116.09,"MINCOL_VA":88.53,"MINCOL_EXP":44.75,"PETGAS_VA":277.84,"PETGAS_EXP":24.31,"MINORE_VA":64.75,"MINORE_EXP":127.39,"MINOTH_VA":561.78,"MINOTH_EXP":82.6,"MINSER_VA":300.32,"MINSER_EXP":8.28,"ALYBEB_VA":8197.62,"ALYBEB_EXP":2952.73,"TEXYPR_VA":5108.22,"TEXYPR_EXP":7343.59,"MADYPR_VA":379.61,"MADYPR_EXP":146.45,"PAPYPR_VA":3041.38,"PAPYPR_EXP":1516.38,"PETREF_VA":6033.77,"PETREF_EXP":7465.84,"QUIMYP_VA":14350.1,"QUIMYP_EXP":25151.58,"FARMED_VA":1436.43,"FARMED_EXP":634.44,"HUPLAS_VA":5746.11,"HUPLAS_EXP":7288.06,"PRNOMT_VA":3713.98,"PRNOMT_EXP":1948.29,"METBAS_VA":6657.4,"METBAS_EXP":7677.55,"NONFER_VA":1816.1,"NONFER_EXP":4625.64,"PRMETA_VA":10382.08,"PRMETA_EXP":11450.26,"ELCTRO_VA":82567.71,"ELCTRO_EXP":148358.55,"ELCTRI_VA":5130.85,"ELCTRI_EXP":11803.78,"MAQYEQ_VA":8204.21,"MAQYEQ_EXP":16819.06,"AUTOMO_VA":4691.27,"AUTOMO_EXP":6251.08,"OTRTRA_VA":2956.79,"OTRTRA_EXP":714.63,"TRANSP_VA":2786.66,"TRANSP_EXP":5090.37,"OTRMAN_VA":6076.23,"OTRMAN_EXP":3754.42,"ELEGAS_VA":9026.93,"ELEGAS_EXP":25.63,"AGUBAS_VA":2995.92,"AGUBAS_EXP":5.43,"CONSTR_VA":12738.7,"CONSTR_EXP":249.3,"COMREV_VA":82180.7,"COMREV_EXP":35523.57,"TRATIE_VA":7080.48,"TRATIE_EXP":3314.6,"TRAGUA_VA":407.74,"TRAGUA_EXP":2996.57,"TRAAIR_VA":2527.18,"TRAAIR_EXP":4758.18,"ALMSTR_VA":4647.79,"ALMSTR_EXP":3320.85,"POSTME_VA":1101.63,"POSTME_EXP":61.28,"HOTYRE_VA":13428.88,"HOTYRE_EXP":4484.38,"MMTVRA_VA":3108.01,"MMTVRA_EXP":1309.7,"TELECO_VA":7677.73,"TELECO_EXP":843.2,"ITSERV_VA":6015.73,"ITSERV_EXP":1462.31,"SERFIN_VA":34200.17,"SERFIN_EXP":2853.82,"GOBEST_VA":42573.97,"GOBEST_EXP":674.15,"SPRSCT_VA":11717.65,"SPRSCT_EXP":4024.53,"SEAEMP_VA":8975.06,"SEAEMP_EXP":1667.19,"ADPDEF_VA":32045.74,"ADPDEF_EXP":0.01,"EDUCAC_VA":22514.9,"EDUCAC_EXP":286.65,"SALUDH_VA":15741.92,"SALUDH_EXP":1079.85,"ESPARC_VA":4360.48,"ESPARC_EXP":782.78,"OTRSER_VA":13171.05,"OTRSER_EXP":232.95,"SERHOG_VA":3127.17,"SERHOG_EXP":0.0}},{"type":"Feature","geometry":{"type":"Point","coordinates":[31.17,48.38]},"properties":{"id":"UKR","name":"Ucrania","continent":"europe","year":2016,"AGRPFO_VA":10346.51,"AGRPFO_EXP":6286.64,"FORLOG_VA":1169.1,"FORLOG_EXP":131.3,"PESCAC_VA":30.45,"PESCAC_EXP":2.18,"MINCOL_VA":699.91,"MINCOL_EXP":35.9,"PETGAS_VA":2706.27,"PETGAS_EXP":51.42,"MINORE_VA":1704.63,"MINORE_EXP":1492.96,"MINOTH_VA":378.98,"MINOTH_EXP":252.23,"MINSER_VA":86.34,"MINSER_EXP":463.6,"ALYBEB_VA":4069.98,"ALYBEB_EXP":5382.57,"TEXYPR_VA":563.32,"TEXYPR_EXP":121.91,"MADYPR_VA":308.31,"MADYPR_EXP":640.42,"PAPYPR_VA":621.34,"PAPYPR_EXP":391.77,"PETREF_VA":385.46,"PETREF_EXP":126.38,"QUIMYP_VA":390.51,"QUIMYP_EXP":483.07,"FARMED_VA":395.35,"FARMED_EXP":75.84,"HUPLAS_VA":402.63,"HUPLAS_EXP":118.37,"PRNOMT_VA":567.4,"PRNOMT_EXP":121.64,"METBAS_VA":2147.26,"METBAS_EXP":3717.0,"NONFER_VA":135.95,"NONFER_EXP":644.27,"PRMETA_VA":430.18,"PRMETA_EXP":167.12,"ELCTRO_VA":173.61,"ELCTRO_EXP":131.57,"ELCTRI_VA":378.59,"ELCTRI_EXP":283.9,"MAQYEQ_VA":730.25,"MAQYEQ_EXP":933.73,"AUTOMO_VA":183.52,"AUTOMO_EXP":293.37,"OTRTRA_VA":12.91,"OTRTRA_EXP":33.12,"TRANSP_VA":514.61,"TRANSP_EXP":140.4,"OTRMAN_VA":859.37,"OTRMAN_EXP":781.48,"ELEGAS_VA":2985.66,"ELEGAS_EXP":116.95,"AGUBAS_VA":345.66,"AGUBAS_EXP":1.6,"CONSTR_VA":1987.52,"CONSTR_EXP":6.88,"COMREV_VA":12821.12,"COMREV_EXP":3105.12,"TRATIE_VA":4239.11,"TRATIE_EXP":1512.07,"TRAGUA_VA":511.04,"TRAGUA_EXP":700.67,"TRAAIR_VA":488.01,"TRAAIR_EXP":960.59,"ALMSTR_VA":2120.36,"ALMSTR_EXP":938.69,"POSTME_VA":159.15,"POSTME_EXP":125.07,"HOTYRE_VA":661.9,"HOTYRE_EXP":340.59,"MMTVRA_VA":376.91,"MMTVRA_EXP":313.67,"TELECO_VA":1238.24,"TELECO_EXP":608.72,"ITSERV_VA":2136.11,"ITSERV_EXP":3732.77,"SERFIN_VA":2931.69,"SERFIN_EXP":220.31,"GOBEST_VA":4388.44,"GOBEST_EXP":103.5,"SPRSCT_VA":2483.4,"SPRSCT_EXP":1495.78,"SEAEMP_VA":1030.25,"SEAEMP_EXP":437.73,"ADPDEF_VA":4999.82,"ADPDEF_EXP":0.5,"EDUCAC_VA":3610.26,"EDUCAC_EXP":28.58,"SALUDH_VA":2568.79,"SALUDH_EXP":14.79,"ESPARC_VA":570.37,"ESPARC_EXP":135.92,"OTRSER_VA":503.2,"OTRSER_EXP":18.5,"SERHOG_VA":10.1,"SERHOG_EXP":0.0}},{"type":"Feature","geometry":{"type":"Point","coordinates":[-95.71,37.09]},"properties":{"id":"USA","name":"Estados Unidos","continent":"america","year":2016,"AGRPFO_VA":163311.19,"AGRPFO_EXP":43006.18,"FORLOG_VA":12701.45,"FORLOG_EXP":1451.36,"PESCAC_VA":4164.46,"PESCAC_EXP":3427.53,"MINCOL_VA":19105.29,"MINCOL_EXP":3437.59,"PETGAS_VA":134166.0,"PETGAS_EXP":21982.53,"MINORE_VA":9506.65,"MINORE_EXP":7432.99,"MINOTH_VA":18150.62,"MINOTH_EXP":1597.13,"MINSER_VA":32680.08,"MINSER_EXP":2964.32,"ALYBEB_VA":247110.65,"ALYBEB_EXP":50016.39,"TEXYPR_VA":29085.04,"TEXYPR_EXP":17236.9,"MADYPR_VA":36249.01,"MADYPR_EXP":4683.77,"PAPYPR_VA":102350.85,"PAPYPR_EXP":21506.77,"PETREF_VA":82875.91,"PETREF_EXP":55843.25,"QUIMYP_VA":202855.09,"QUIMYP_EXP":85342.8,"FARMED_VA":156760.23,"FARMED_EXP":44653.0,"HUPLAS_VA":82456.94,"HUPLAS_EXP":21114.15,"PRNOMT_VA":64326.07,"PRNOMT_EXP":8175.16,"METBAS_VA":30814.59,"METBAS_EXP":10153.23,"NONFER_VA":41571.67,"NONFER_EXP":32557.91,"PRMETA_VA":147960.31,"PRMETA_EXP":25726.9,"ELCTRO_VA":272203.06,"ELCTRO_EXP":106019.29,"ELCTRI_VA":59967.29,"ELCTRI_EXP":29088.64,"MAQYEQ_VA":146977.4,"MAQYEQ_EXP":82283.38,"AUTOMO_VA":154263.33,"AUTOMO_EXP":94168.04,"OTRTRA_VA":20931.87,"OTRTRA_EXP":1923.81,"TRANSP_VA":128951.64,"TRANSP_EXP":97001.52,"OTRMAN_VA":140130.5,"OTRMAN_EXP":43997.17,"ELEGAS_VA":266454.43,"ELEGAS_EXP":2536.51,"AGUBAS_VA":55993.18,"AGUBAS_EXP":65.25,"CONSTR_VA":767209.83,"CONSTR_EXP":4.03,"COMREV_VA":1880484.36,"COMREV_EXP":296537.85,"TRATIE_VA":281577.42,"TRATIE_EXP":44427.87,"TRAGUA_VA":14360.61,"TRAGUA_EXP":8179.51,"TRAAIR_VA":110970.21,"TRAAIR_EXP":51826.16,"ALMSTR_VA":124820.41,"ALMSTR_EXP":6644.78,"POSTME_VA":89046.04,"POSTME_EXP":10085.2,"HOTYRE_VA":518697.8,"HOTYRE_EXP":52353.6,"MMTVRA_VA":422070.39,"MMTVRA_EXP":64616.26,"TELECO_VA":319645.9,"TELECO_EXP":22909.34,"ITSERV_VA":499064.91,"ITSERV_EXP":38560.72,"SERFIN_VA":1447894.71,"SERFIN_EXP":161068.62,"GOBEST_VA":2227041.78,"GOBEST_EXP":15230.41,"SPRSCT_VA":1432980.34,"SPRSCT_EXP":153147.07,"SEAEMP_VA":723889.32,"SEAEMP_EXP":66231.61,"ADPDEF_VA":1619595.68,"ADPDEF_EXP":3322.91,"EDUCAC_VA":1040590.97,"EDUCAC_EXP":41056.77,"SALUDH_VA":1415596.77,"SALUDH_EXP":2640.79,"ESPARC_VA":194464.78,"ESPARC_EXP":7941.06,"OTRSER_VA":270182.2,"OTRSER_EXP":4072.7,"SERHOG_VA":20149.94,"SERHOG_EXP":0.0}},{"type":"Feature","geometry":{"type":"Point","coordinates":[108.28,14.06]},"properties":{"id":"VNM","name":"Vietnam","continent":"asia","year":2016,"AGRPFO_VA":22814.69,"AGRPFO_EXP":8434.17,"FORLOG_VA":1354.63,"FORLOG_EXP":47.66,"PESCAC_VA":6399.88,"PESCAC_EXP":109.02,"MINCOL_VA":1340.68,"MINCOL_EXP":108.82,"PETGAS_VA":1722.9,"PETGAS_EXP":2506.15,"MINORE_VA":18943.21,"MINORE_EXP":1732.34,"MINOTH_VA":592.38,"MINOTH_EXP":83.04,"MINSER_VA":380.56,"MINSER_EXP":96.23,"ALYBEB_VA":10504.9,"ALYBEB_EXP":15836.83,"TEXYPR_VA":19836.94,"TEXYPR_EXP":33377.92,"MADYPR_VA":870.92,"MADYPR_EXP":2214.91,"PAPYPR_VA":1850.44,"PAPYPR_EXP":751.57,"PETREF_VA":2018.82,"PETREF_EXP":878.83,"QUIMYP_VA":3804.88,"QUIMYP_EXP":3723.64,"FARMED_VA":997.89,"FARMED_EXP":145.26,"HUPLAS_VA":3153.16,"HUPLAS_EXP":3508.44,"PRNOMT_VA":5612.72,"PRNOMT_EXP":3944.19,"METBAS_VA":2374.37,"METBAS_EXP":2557.68,"NONFER_VA":539.51,"NONFER_EXP":1042.64,"PRMETA_VA":3129.59,"PRMETA_EXP":4612.31,"ELCTRO_VA":27976.88,"ELCTRO_EXP":52506.65,"ELCTRI_VA":2963.22,"ELCTRI_EXP":5487.83,"MAQYEQ_VA":1358.77,"MAQYEQ_EXP":2460.22,"AUTOMO_VA":1181.6,"AUTOMO_EXP":2611.1,"OTRTRA_VA":298.67,"OTRTRA_EXP":708.52,"TRANSP_VA":539.03,"TRANSP_EXP":1270.42,"OTRMAN_VA":5697.74,"OTRMAN_EXP":9746.72,"ELEGAS_VA":7441.31,"ELEGAS_EXP":48.71,"AGUBAS_VA":1318.15,"AGUBAS_EXP":6.26,"CONSTR_VA":14191.29,"CONSTR_EXP":53.52,"COMREV_VA":20559.14,"COMREV_EXP":11236.22,"TRATIE_VA":3368.33,"TRATIE_EXP":2019.89,"TRAGUA_VA":827.24,"TRAGUA_EXP":1044.44,"TRAAIR_VA":898.35,"TRAAIR_EXP":1530.02,"ALMSTR_VA":2024.83,"ALMSTR_EXP":1612.65,"POSTME_VA":351.85,"POSTME_EXP":179.58,"HOTYRE_VA":5604.63,"HOTYRE_EXP":2506.87,"MMTVRA_VA":666.51,"MMTVRA_EXP":216.88,"TELECO_VA":2598.36,"TELECO_EXP":608.34,"ITSERV_VA":1234.52,"ITSERV_EXP":439.5,"SERFIN_VA":7648.63,"SERFIN_EXP":612.17,"GOBEST_VA":6651.99,"GOBEST_EXP":270.81,"SPRSCT_VA":4532.75,"SPRSCT_EXP":770.23,"SEAEMP_VA":1309.47,"SEAEMP_EXP":1175.31,"ADPDEF_VA":5122.1,"ADPDEF_EXP":6.92,"EDUCAC_VA":7445.96,"EDUCAC_EXP":90.2,"SALUDH_VA":2250.3,"SALUDH_EXP":59.54,"ESPARC_VA":2171.9,"ESPARC_EXP":652.69,"OTRSER_VA":1417.6,"OTRSER_EXP":82.21,"SERHOG_VA":323.65,"SERHOG_EXP":0.0}},{"type":"Feature","geometry":{"type":"Point","coordinates":[22.94,-30.56]},"properties":{"id":"ZAF","name":"Sudáfrica","continent":"other","year":2016,"AGRPFO_VA":6433.12,"AGRPFO_EXP":2474.68,"FORLOG_VA":209.8,"FORLOG_EXP":28.84,"PESCAC_VA":665.07,"PESCAC_EXP":161.71,"MINCOL_VA":3237.18,"MINCOL_EXP":4152.1,"PETGAS_VA":205.15,"PETGAS_EXP":986.55,"MINORE_VA":11362.35,"MINORE_EXP":14742.77,"MINOTH_VA":1000.95,"MINOTH_EXP":2365.21,"MINSER_VA":180.54,"MINSER_EXP":12.69,"ALYBEB_VA":7765.23,"ALYBEB_EXP":4434.83,"TEXYPR_VA":1785.08,"TEXYPR_EXP":1162.09,"MADYPR_VA":737.93,"MADYPR_EXP":853.03,"PAPYPR_VA":2683.72,"PAPYPR_EXP":1335.27,"PETREF_VA":4723.92,"PETREF_EXP":3458.39,"QUIMYP_VA":3438.76,"QUIMYP_EXP":5419.96,"FARMED_VA":675.86,"FARMED_EXP":481.12,"HUPLAS_VA":1446.1,"HUPLAS_EXP":691.86,"PRNOMT_VA":1482.52,"PRNOMT_EXP":467.55,"METBAS_VA":2708.81,"METBAS_EXP":5684.69,"NONFER_VA":1066.74,"NONFER_EXP":2242.5,"PRMETA_VA":2269.6,"PRMETA_EXP":1330.35,"ELCTRO_VA":691.8,"ELCTRO_EXP":448.24,"ELCTRI_VA":1206.15,"ELCTRI_EXP":1367.45,"MAQYEQ_VA":3033.16,"MAQYEQ_EXP":3047.33,"AUTOMO_VA":3614.05,"AUTOMO_EXP":5531.82,"OTRTRA_VA":76.98,"OTRTRA_EXP":114.7,"TRANSP_VA":486.97,"TRANSP_EXP":706.05,"OTRMAN_VA":2341.16,"OTRMAN_EXP":969.69,"ELEGAS_VA":5887.22,"ELEGAS_EXP":311.12,"AGUBAS_VA":3222.81,"AGUBAS_EXP":2.42,"CONSTR_VA":10907.03,"CONSTR_EXP":0.0,"COMREV_VA":25261.32,"COMREV_EXP":8338.72,"TRATIE_VA":7741.39,"TRATIE_EXP":2391.17,"TRAGUA_VA":300.03,"TRAGUA_EXP":337.35,"TRAAIR_VA":887.5,"TRAAIR_EXP":1285.97,"ALMSTR_VA":3559.58,"ALMSTR_EXP":1217.83,"POSTME_VA":566.5,"POSTME_EXP":99.37,"HOTYRE_VA":2773.36,"HOTYRE_EXP":1145.99,"MMTVRA_VA":2838.36,"MMTVRA_EXP":323.91,"TELECO_VA":14471.11,"TELECO_EXP":1179.07,"ITSERV_VA":6393.77,"ITSERV_EXP":558.66,"SERFIN_VA":42803.03,"SERFIN_EXP":2039.72,"GOBEST_VA":19899.96,"GOBEST_EXP":613.35,"SPRSCT_VA":11438.82,"SPRSCT_EXP":672.92,"SEAEMP_VA":9359.94,"SEAEMP_EXP":722.78,"ADPDEF_VA":11213.31,"ADPDEF_EXP":32.12,"EDUCAC_VA":8602.27,"EDUCAC_EXP":889.29,"SALUDH_VA":6382.83,"SALUDH_EXP":105.08,"ESPARC_VA":3358.75,"ESPARC_EXP":297.41,"OTRSER_VA":1726.87,"OTRSER_EXP":98.13,"SERHOG_VA":39018.59,"SERHOG_EXP":0.0}}]}