{"type":"FeatureCollection","features":[{"type":"Feature","geometry":{"type":"Point","coordinates":[13.23,-8.84]},"properties":{"id":"AGO","name":"Angola","continent":"other","year":2012,"AGRPFO_VA":5635.58,"AGRPFO_EXP":7.42,"FORLOG_VA":448.94,"FORLOG_EXP":7.31,"PESCAC_VA":1192.71,"PESCAC_EXP":35.44,"MINCOL_VA":35.01,"MINCOL_EXP":0.22,"PETGAS_VA":43041.08,"PETGAS_EXP":56708.59,"MINORE_VA":39.47,"MINORE_EXP":1.3,"MINOTH_VA":9046.64,"MINOTH_EXP":6363.82,"MINSER_VA":7046.01,"MINSER_EXP":171.95,"ALYBEB_VA":1296.17,"ALYBEB_EXP":227.1,"TEXYPR_VA":646.16,"TEXYPR_EXP":5.38,"MADYPR_VA":29.52,"MADYPR_EXP":1.02,"PAPYPR_VA":101.67,"PAPYPR_EXP":15.81,"PETREF_VA":932.23,"PETREF_EXP":3911.67,"QUIMYP_VA":554.9,"QUIMYP_EXP":770.57,"FARMED_VA":246.66,"FARMED_EXP":2.91,"HUPLAS_VA":143.42,"HUPLAS_EXP":0.87,"PRNOMT_VA":221.92,"PRNOMT_EXP":8.09,"METBAS_VA":83.36,"METBAS_EXP":15.38,"NONFER_VA":21.27,"NONFER_EXP":4.5,"PRMETA_VA":164.36,"PRMETA_EXP":58.73,"ELCTRO_VA":477.39,"ELCTRO_EXP":19.26,"ELCTRI_VA":216.4,"ELCTRI_EXP":5.68,"MAQYEQ_VA":669.99,"MAQYEQ_EXP":117.03,"AUTOMO_VA":551.72,"AUTOMO_EXP":6.13,"OTRTRA_VA":26.41,"OTRTRA_EXP":0.21,"TRANSP_VA":15.59,"TRANSP_EXP":15.13,"OTRMAN_VA":216.48,"OTRMAN_EXP":7.8,"ELEGAS_VA":4171.57,"ELEGAS_EXP":443.78,"AGUBAS_VA":481.55,"AGUBAS_EXP":70.78,"CONSTR_VA":7554.98,"CONSTR_EXP":0.4,"COMREV_VA":9345.43,"COMREV_EXP":2863.46,"TRATIE_VA":930.78,"TRATIE_EXP":405.91,"TRAGUA_VA":459.84,"TRAGUA_EXP":261.38,"TRAAIR_VA":498.14,"TRAAIR_EXP":51.48,"ALMSTR_VA":683.09,"ALMSTR_EXP":147.89,"POSTME_VA":356.36,"POSTME_EXP":2.57,"HOTYRE_VA":2251.98,"HOTYRE_EXP":39.74,"MMTVRA_VA":1095.35,"MMTVRA_EXP":24.25,"TELECO_VA":1580.61,"TELECO_EXP":61.63,"ITSERV_VA":1106.48,"ITSERV_EXP":34.15,"SERFIN_VA":3288.57,"SERFIN_EXP":87.94,"GOBEST_VA":4789.14,"GOBEST_EXP":148.95,"SPRSCT_VA":1632.57,"SPRSCT_EXP":100.66,"SEAEMP_VA":1305.46,"SEAEMP_EXP":169.61,"ADPDEF_VA":8220.21,"ADPDEF_EXP":0.94,"EDUCAC_VA":6594.11,"EDUCAC_EXP":2.95,"SALUDH_VA":1828.63,"SALUDH_EXP":3.95,"ESPARC_VA":287.06,"ESPARC_EXP":6.35,"OTRSER_VA":846.63,"OTRSER_EXP":4.45,"SERHOG_VA":0.0,"SERHOG_EXP":0.0}},{"type":"Feature","geometry":{"type":"Point","coordinates":[53.85,23.42]},"properties":{"id":"ARE","name":"Emiratos Árabes","continent":"other","year":2012,"AGRPFO_VA":3472.12,"AGRPFO_EXP":1303.44,"FORLOG_VA":357.3,"FORLOG_EXP":389.65,"PESCAC_VA":524.66,"PESCAC_EXP":639.9,"MINCOL_VA":857.42,"MINCOL_EXP":1079.92,"PETGAS_VA":111481.72,"PETGAS_EXP":125035.04,"MINORE_VA":15349.95,"MINORE_EXP":5553.86,"MINOTH_VA":3481.79,"MINOTH_EXP":18848.18,"MINSER_VA":10636.75,"MINSER_EXP":1000.98,"ALYBEB_VA":4451.28,"ALYBEB_EXP":5605.26,"TEXYPR_VA":1907.15,"TEXYPR_EXP":1404.31,"MADYPR_VA":216.08,"MADYPR_EXP":96.73,"PAPYPR_VA":924.38,"PAPYPR_EXP":1508.65,"PETREF_VA":13501.64,"PETREF_EXP":32652.7,"QUIMYP_VA":3584.99,"QUIMYP_EXP":8669.85,"FARMED_VA":2161.41,"FARMED_EXP":981.02,"HUPLAS_VA":1026.3,"HUPLAS_EXP":2124.21,"PRNOMT_VA":2411.59,"PRNOMT_EXP":3560.96,"METBAS_VA":660.67,"METBAS_EXP":2082.98,"NONFER_VA":3329.33,"NONFER_EXP":11773.77,"PRMETA_VA":1338.69,"PRMETA_EXP":2537.22,"ELCTRO_VA":4836.85,"ELCTRO_EXP":306.27,"ELCTRI_VA":1366.62,"ELCTRI_EXP":2128.95,"MAQYEQ_VA":1513.73,"MAQYEQ_EXP":1641.12,"AUTOMO_VA":1759.31,"AUTOMO_EXP":283.83,"OTRTRA_VA":229.74,"OTRTRA_EXP":547.27,"TRANSP_VA":812.87,"TRANSP_EXP":50.3,"OTRMAN_VA":2628.34,"OTRMAN_EXP":2312.78,"ELEGAS_VA":10346.24,"ELEGAS_EXP":258.72,"AGUBAS_VA":1898.7,"AGUBAS_EXP":29.67,"CONSTR_VA":34801.34,"CONSTR_EXP":389.78,"COMREV_VA":31195.22,"COMREV_EXP":14230.97,"TRATIE_VA":3557.95,"TRATIE_EXP":2105.18,"TRAGUA_VA":2355.7,"TRAGUA_EXP":1924.61,"TRAAIR_VA":3373.55,"TRAAIR_EXP":2148.72,"ALMSTR_VA":2516.19,"ALMSTR_EXP":1065.85,"POSTME_VA":1269.02,"POSTME_EXP":116.52,"HOTYRE_VA":7100.7,"HOTYRE_EXP":1694.81,"MMTVRA_VA":4163.79,"MMTVRA_EXP":448.6,"TELECO_VA":5510.11,"TELECO_EXP":378.84,"ITSERV_VA":3718.69,"ITSERV_EXP":135.62,"SERFIN_VA":13421.11,"SERFIN_EXP":869.84,"GOBEST_VA":18314.76,"GOBEST_EXP":1085.55,"SPRSCT_VA":6211.69,"SPRSCT_EXP":689.97,"SEAEMP_VA":5000.55,"SEAEMP_EXP":823.62,"ADPDEF_VA":20254.32,"ADPDEF_EXP":40.49,"EDUCAC_VA":5034.34,"EDUCAC_EXP":302.18,"SALUDH_VA":6555.04,"SALUDH_EXP":223.15,"ESPARC_VA":1264.89,"ESPARC_EXP":560.12,"OTRSER_VA":2977.37,"OTRSER_EXP":309.77,"SERHOG_VA":1599.04,"SERHOG_EXP":0.0}},{"type":"Feature","geometry":{"type":"Point","coordinates":[-63.62,-38.42]},"properties":{"id":"ARG","name":"Argentina","continent":"america","year":2012,"AGRPFO_VA":33348.17,"AGRPFO_EXP":11190.45,"FORLOG_VA":373.89,"FORLOG_EXP":36.75,"PESCAC_VA":953.21,"PESCAC_EXP":409.7,"MINCOL_VA":15.56,"MINCOL_EXP":2.92,"PETGAS_VA":13484.1,"PETGAS_EXP":2941.76,"MINORE_VA":1504.47,"MINORE_EXP":2063.04,"MINOTH_VA":923.79,"MINOTH_EXP":44.85,"MINSER_VA":1358.78,"MINSER_EXP":24.52,"ALYBEB_VA":28004.18,"ALYBEB_EXP":22311.33,"TEXYPR_VA":7478.19,"TEXYPR_EXP":2161.69,"MADYPR_VA":1569.01,"MADYPR_EXP":237.37,"PAPYPR_VA":6246.09,"PAPYPR_EXP":789.1,"PETREF_VA":3413.89,"PETREF_EXP":3259.06,"QUIMYP_VA":10816.46,"QUIMYP_EXP":3760.18,"FARMED_VA":6994.46,"FARMED_EXP":1176.77,"HUPLAS_VA":4951.12,"HUPLAS_EXP":905.9,"PRNOMT_VA":3855.77,"PRNOMT_EXP":226.27,"METBAS_VA":5199.33,"METBAS_EXP":1563.84,"NONFER_VA":1018.06,"NONFER_EXP":899.19,"PRMETA_VA":4560.67,"PRMETA_EXP":712.42,"ELCTRO_VA":2428.51,"ELCTRO_EXP":299.21,"ELCTRI_VA":1600.1,"ELCTRI_EXP":308.3,"MAQYEQ_VA":5825.07,"MAQYEQ_EXP":1143.53,"AUTOMO_VA":4877.16,"AUTOMO_EXP":8246.77,"OTRTRA_VA":99.62,"OTRTRA_EXP":24.32,"TRANSP_VA":356.62,"TRANSP_EXP":70.84,"OTRMAN_VA":3399.02,"OTRMAN_EXP":351.66,"ELEGAS_VA":5738.52,"ELEGAS_EXP":173.31,"AGUBAS_VA":891.81,"AGUBAS_EXP":20.15,"CONSTR_VA":29528.77,"CONSTR_EXP":0.26,"COMREV_VA":71839.62,"COMREV_EXP":11641.27,"TRATIE_VA":14386.97,"TRATIE_EXP":1403.88,"TRAGUA_VA":363.56,"TRAGUA_EXP":90.4,"TRAAIR_VA":889.5,"TRAAIR_EXP":1385.87,"ALMSTR_VA":5230.03,"ALMSTR_EXP":1333.63,"POSTME_VA":936.64,"POSTME_EXP":52.23,"HOTYRE_VA":13794.0,"HOTYRE_EXP":1913.86,"MMTVRA_VA":1299.24,"MMTVRA_EXP":286.9,"TELECO_VA":11410.48,"TELECO_EXP":819.67,"ITSERV_VA":2828.04,"ITSERV_EXP":1657.8,"SERFIN_VA":21321.44,"SERFIN_EXP":288.85,"GOBEST_VA":33876.2,"GOBEST_EXP":249.67,"SPRSCT_VA":22863.67,"SPRSCT_EXP":3335.84,"SEAEMP_VA":7413.08,"SEAEMP_EXP":1195.67,"ADPDEF_VA":39126.09,"ADPDEF_EXP":0.09,"EDUCAC_VA":30765.19,"EDUCAC_EXP":79.49,"SALUDH_VA":25872.91,"SALUDH_EXP":53.03,"ESPARC_VA":2003.06,"ESPARC_EXP":203.08,"OTRSER_VA":6792.45,"OTRSER_EXP":70.5,"SERHOG_VA":7252.53,"SERHOG_EXP":0.0}},{"type":"Feature","geometry":{"type":"Point","coordinates":[133.78,-25.27]},"properties":{"id":"AUS","name":"Australia","continent":"other","year":2012,"AGRPFO_VA":33702.51,"AGRPFO_EXP":11677.14,"FORLOG_VA":1378.54,"FORLOG_EXP":162.95,"PESCAC_VA":1719.31,"PESCAC_EXP":383.26,"MINCOL_VA":20310.71,"MINCOL_EXP":37302.22,"PETGAS_VA":29797.67,"PETGAS_EXP":23155.6,"MINORE_VA":60551.38,"MINORE_EXP":71015.33,"MINOTH_VA":2579.54,"MINOTH_EXP":407.74,"MINSER_VA":10298.6,"MINSER_EXP":190.74,"ALYBEB_VA":26682.86,"ALYBEB_EXP":14693.3,"TEXYPR_VA":2919.03,"TEXYPR_EXP":1072.05,"MADYPR_VA":3738.39,"MADYPR_EXP":705.19,"PAPYPR_VA":6480.52,"PAPYPR_EXP":1545.98,"PETREF_VA":4131.49,"PETREF_EXP":3312.74,"QUIMYP_VA":5702.85,"QUIMYP_EXP":4517.72,"FARMED_VA":3733.25,"FARMED_EXP":2084.91,"HUPLAS_VA":4999.9,"HUPLAS_EXP":1312.15,"PRNOMT_VA":6226.65,"PRNOMT_EXP":446.13,"METBAS_VA":2297.43,"METBAS_EXP":1519.98,"NONFER_VA":3113.92,"NONFER_EXP":31187.86,"PRMETA_VA":12008.14,"PRMETA_EXP":1908.87,"ELCTRO_VA":4688.02,"ELCTRO_EXP":1445.22,"ELCTRI_VA":2843.37,"ELCTRI_EXP":1202.69,"MAQYEQ_VA":5992.81,"MAQYEQ_EXP":2881.4,"AUTOMO_VA":4342.93,"AUTOMO_EXP":2365.0,"OTRTRA_VA":1925.29,"OTRTRA_EXP":525.3,"TRANSP_VA":3173.05,"TRANSP_EXP":431.4,"OTRMAN_VA":8061.31,"OTRMAN_EXP":1254.95,"ELEGAS_VA":29453.93,"ELEGAS_EXP":450.53,"AGUBAS_VA":15729.42,"AGUBAS_EXP":20.61,"CONSTR_VA":128080.37,"CONSTR_EXP":1047.67,"COMREV_VA":147347.8,"COMREV_EXP":36482.22,"TRATIE_VA":33076.55,"TRATIE_EXP":5574.9,"TRAGUA_VA":3898.21,"TRAGUA_EXP":1639.74,"TRAAIR_VA":6887.63,"TRAAIR_EXP":5760.19,"ALMSTR_VA":29638.15,"ALMSTR_EXP":3518.37,"POSTME_VA":5574.52,"POSTME_EXP":1251.2,"HOTYRE_VA":41443.34,"HOTYRE_EXP":6723.86,"MMTVRA_VA":16515.27,"MMTVRA_EXP":847.15,"TELECO_VA":23229.53,"TELECO_EXP":1675.83,"ITSERV_VA":30616.98,"ITSERV_EXP":1380.92,"SERFIN_VA":130537.13,"SERFIN_EXP":3174.76,"GOBEST_VA":167601.66,"GOBEST_EXP":1367.62,"SPRSCT_VA":81220.09,"SPRSCT_EXP":5872.94,"SEAEMP_VA":52715.47,"SEAEMP_EXP":4144.28,"ADPDEF_VA":84219.33,"ADPDEF_EXP":32.56,"EDUCAC_VA":73169.67,"EDUCAC_EXP":7716.39,"SALUDH_VA":99798.83,"SALUDH_EXP":474.68,"ESPARC_VA":13040.01,"ESPARC_EXP":1785.82,"OTRSER_VA":13301.77,"OTRSER_EXP":615.2,"SERHOG_VA":0.0,"SERHOG_EXP":0.0}},{"type":"Feature","geometry":{"type":"Point","coordinates":[14.55,47.52]},"properties":{"id":"AUT","name":"Austria","continent":"europe","year":2012,"AGRPFO_VA":4193.67,"AGRPFO_EXP":1407.46,"FORLOG_VA":1824.63,"FORLOG_EXP":76.64,"PESCAC_VA":29.13,"PESCAC_EXP":9.54,"MINCOL_VA":26.01,"MINCOL_EXP":4.48,"PETGAS_VA":1440.97,"PETGAS_EXP":631.26,"MINORE_VA":180.17,"MINORE_EXP":303.99,"MINOTH_VA":714.63,"MINOTH_EXP":331.51,"MINSER_VA":60.99,"MINSER_EXP":22.77,"ALYBEB_VA":7630.63,"ALYBEB_EXP":9401.57,"TEXYPR_VA":1434.48,"TEXYPR_EXP":2879.64,"MADYPR_VA":2842.18,"MADYPR_EXP":3640.94,"PAPYPR_VA":3971.86,"PAPYPR_EXP":4544.03,"PETREF_VA":808.52,"PETREF_EXP":3408.18,"QUIMYP_VA":2904.22,"QUIMYP_EXP":12672.95,"FARMED_VA":2551.74,"FARMED_EXP":3547.24,"HUPLAS_VA":3023.11,"HUPLAS_EXP":3979.15,"PRNOMT_VA":3371.87,"PRNOMT_EXP":2431.04,"METBAS_VA":3442.82,"METBAS_EXP":7428.1,"NONFER_VA":1998.1,"NONFER_EXP":4643.12,"PRMETA_VA":6876.71,"PRMETA_EXP":7493.74,"ELCTRO_VA":3850.23,"ELCTRO_EXP":6015.84,"ELCTRI_VA":7213.21,"ELCTRI_EXP":8879.24,"MAQYEQ_VA":10354.89,"MAQYEQ_EXP":17754.91,"AUTOMO_VA":5385.3,"AUTOMO_EXP":13395.21,"OTRTRA_VA":87.88,"OTRTRA_EXP":28.07,"TRANSP_VA":877.65,"TRANSP_EXP":2470.44,"OTRMAN_VA":6017.98,"OTRMAN_EXP":6064.4,"ELEGAS_VA":7644.09,"ELEGAS_EXP":2912.32,"AGUBAS_VA":3963.64,"AGUBAS_EXP":72.21,"CONSTR_VA":23507.45,"CONSTR_EXP":485.03,"COMREV_VA":48499.84,"COMREV_EXP":21485.59,"TRATIE_VA":10732.41,"TRATIE_EXP":9519.01,"TRAGUA_VA":279.98,"TRAGUA_EXP":111.87,"TRAAIR_VA":828.53,"TRAAIR_EXP":2603.67,"ALMSTR_VA":8120.28,"ALMSTR_EXP":3308.87,"POSTME_VA":1843.9,"POSTME_EXP":585.42,"HOTYRE_VA":14933.12,"HOTYRE_EXP":3417.5,"MMTVRA_VA":2928.15,"MMTVRA_EXP":1372.96,"TELECO_VA":3370.02,"TELECO_EXP":1169.2,"ITSERV_VA":6374.22,"ITSERV_EXP":3303.47,"SERFIN_VA":16285.37,"SERFIN_EXP":5506.15,"GOBEST_VA":33434.55,"GOBEST_EXP":1322.25,"SPRSCT_VA":18616.04,"SPRSCT_EXP":7190.5,"SEAEMP_VA":15564.12,"SEAEMP_EXP":2113.91,"ADPDEF_VA":20146.96,"ADPDEF_EXP":144.03,"EDUCAC_VA":20347.9,"EDUCAC_EXP":1075.41,"SALUDH_VA":26275.62,"SALUDH_EXP":446.73,"ESPARC_VA":4441.67,"ESPARC_EXP":1023.09,"OTRSER_VA":5545.91,"OTRSER_EXP":469.22,"SERHOG_VA":188.1,"SERHOG_EXP":0.0}},{"type":"Feature","geometry":{"type":"Point","coordinates":[4.47,50.5]},"properties":{"id":"BEL","name":"Bélgica","continent":"europe","year":2012,"AGRPFO_VA":4307.44,"AGRPFO_EXP":2424.9,"FORLOG_VA":146.85,"FORLOG_EXP":95.21,"PESCAC_VA":58.76,"PESCAC_EXP":46.54,"MINCOL_VA":0.0,"MINCOL_EXP":0.0,"PETGAS_VA":0.0,"PETGAS_EXP":0.0,"MINORE_VA":0.0,"MINORE_EXP":0.0,"MINOTH_VA":378.19,"MINOTH_EXP":264.95,"MINSER_VA":9.94,"MINSER_EXP":6.72,"ALYBEB_VA":9369.73,"ALYBEB_EXP":18002.9,"TEXYPR_VA":1893.8,"TEXYPR_EXP":4185.52,"MADYPR_VA":1080.58,"MADYPR_EXP":1155.61,"PAPYPR_VA":2946.3,"PAPYPR_EXP":2993.13,"PETREF_VA":2383.79,"PETREF_EXP":21353.92,"QUIMYP_VA":10045.3,"QUIMYP_EXP":25790.99,"FARMED_VA":7324.16,"FARMED_EXP":9501.14,"HUPLAS_VA":2658.14,"HUPLAS_EXP":4375.03,"PRNOMT_VA":3089.91,"PRNOMT_EXP":2737.81,"METBAS_VA":2109.65,"METBAS_EXP":8071.79,"NONFER_VA":1177.72,"NONFER_EXP":9673.85,"PRMETA_VA":5202.19,"PRMETA_EXP":4192.63,"ELCTRO_VA":1757.32,"ELCTRO_EXP":2372.92,"ELCTRI_VA":1991.12,"ELCTRI_EXP":2744.8,"MAQYEQ_VA":4756.82,"MAQYEQ_EXP":8114.91,"AUTOMO_VA":4408.76,"AUTOMO_EXP":16008.7,"OTRTRA_VA":10.88,"OTRTRA_EXP":14.93,"TRANSP_VA":1012.48,"TRANSP_EXP":777.85,"OTRMAN_VA":3660.78,"OTRMAN_EXP":3612.1,"ELEGAS_VA":8031.79,"ELEGAS_EXP":674.98,"AGUBAS_VA":4622.39,"AGUBAS_EXP":291.05,"CONSTR_VA":25365.37,"CONSTR_EXP":2235.3,"COMREV_VA":57165.22,"COMREV_EXP":34290.72,"TRATIE_VA":9706.04,"TRATIE_EXP":9720.31,"TRAGUA_VA":638.86,"TRAGUA_EXP":5045.54,"TRAAIR_VA":617.87,"TRAAIR_EXP":3288.74,"ALMSTR_VA":13961.96,"ALMSTR_EXP":16819.99,"POSTME_VA":2714.13,"POSTME_EXP":968.77,"HOTYRE_VA":8396.89,"HOTYRE_EXP":1989.06,"MMTVRA_VA":3756.54,"MMTVRA_EXP":2371.55,"TELECO_VA":7300.23,"TELECO_EXP":3395.54,"ITSERV_VA":8536.98,"ITSERV_EXP":3071.07,"SERFIN_VA":27915.04,"SERFIN_EXP":10720.71,"GOBEST_VA":40942.15,"GOBEST_EXP":377.18,"SPRSCT_VA":42197.34,"SPRSCT_EXP":30834.58,"SEAEMP_VA":18628.28,"SEAEMP_EXP":7175.75,"ADPDEF_VA":35403.75,"ADPDEF_EXP":595.09,"EDUCAC_VA":30973.2,"EDUCAC_EXP":1681.14,"SALUDH_VA":32918.58,"SALUDH_EXP":100.61,"ESPARC_VA":2747.88,"ESPARC_EXP":688.11,"OTRSER_VA":5971.7,"OTRSER_EXP":397.46,"SERHOG_VA":467.35,"SERHOG_EXP":0.0}},{"type":"Feature","geometry":{"type":"Point","coordinates":[90.36,23.68]},"properties":{"id":"BGD","name":"Bangladesh","continent":"asia","year":2012,"AGRPFO_VA":11532.38,"AGRPFO_EXP":2272.32,"FORLOG_VA":2315.62,"FORLOG_EXP":31.86,"PESCAC_VA":3577.95,"PESCAC_EXP":41.24,"MINCOL_VA":4.94,"MINCOL_EXP":0.03,"PETGAS_VA":1526.76,"PETGAS_EXP":5.86,"MINORE_VA":4.79,"MINORE_EXP":0.03,"MINOTH_VA":59.6,"MINOTH_EXP":0.77,"MINSER_VA":59.57,"MINSER_EXP":3.6,"ALYBEB_VA":4180.18,"ALYBEB_EXP":2198.33,"TEXYPR_VA":16023.84,"TEXYPR_EXP":13373.76,"MADYPR_VA":33.93,"MADYPR_EXP":6.18,"PAPYPR_VA":211.27,"PAPYPR_EXP":29.18,"PETREF_VA":32.25,"PETREF_EXP":107.45,"QUIMYP_VA":262.09,"QUIMYP_EXP":84.49,"FARMED_VA":581.92,"FARMED_EXP":47.94,"HUPLAS_VA":2277.17,"HUPLAS_EXP":63.59,"PRNOMT_VA":1859.47,"PRNOMT_EXP":47.65,"METBAS_VA":646.36,"METBAS_EXP":57.19,"NONFER_VA":378.24,"NONFER_EXP":73.16,"PRMETA_VA":170.87,"PRMETA_EXP":27.73,"ELCTRO_VA":173.57,"ELCTRO_EXP":36.39,"ELCTRI_VA":321.41,"ELCTRI_EXP":69.14,"MAQYEQ_VA":41.11,"MAQYEQ_EXP":48.01,"AUTOMO_VA":24.31,"AUTOMO_EXP":2.35,"OTRTRA_VA":123.91,"OTRTRA_EXP":3.28,"TRANSP_VA":138.71,"TRANSP_EXP":126.15,"OTRMAN_VA":341.11,"OTRMAN_EXP":42.98,"ELEGAS_VA":1532.76,"ELEGAS_EXP":4.52,"AGUBAS_VA":2378.45,"AGUBAS_EXP":8.74,"CONSTR_VA":10421.15,"CONSTR_EXP":25.93,"COMREV_VA":13083.62,"COMREV_EXP":3025.41,"TRATIE_VA":3389.55,"TRATIE_EXP":227.37,"TRAGUA_VA":1014.05,"TRAGUA_EXP":228.52,"TRAAIR_VA":797.7,"TRAAIR_EXP":273.37,"ALMSTR_VA":1262.79,"ALMSTR_EXP":100.33,"POSTME_VA":209.17,"POSTME_EXP":1.72,"HOTYRE_VA":3249.16,"HOTYRE_EXP":43.34,"MMTVRA_VA":778.11,"MMTVRA_EXP":119.14,"TELECO_VA":2164.83,"TELECO_EXP":559.02,"ITSERV_VA":751.18,"ITSERV_EXP":216.55,"SERFIN_VA":4928.3,"SERFIN_EXP":165.75,"GOBEST_VA":6159.76,"GOBEST_EXP":27.67,"SPRSCT_VA":3384.49,"SPRSCT_EXP":483.27,"SEAEMP_VA":2558.62,"SEAEMP_EXP":197.96,"ADPDEF_VA":4174.63,"ADPDEF_EXP":3.19,"EDUCAC_VA":3399.85,"EDUCAC_EXP":4.6,"SALUDH_VA":5164.19,"SALUDH_EXP":4.41,"ESPARC_VA":1474.52,"ESPARC_EXP":24.44,"OTRSER_VA":2139.23,"OTRSER_EXP":11.72,"SERHOG_VA":0.0,"SERHOG_EXP":0.0}},{"type":"Feature","geometry":{"type":"Point","coordinates":[25.49,42.73]},"properties":{"id":"BGR","name":"Bulgaria","continent":"europe","year":2012,"AGRPFO_VA":2225.88,"AGRPFO_EXP":1924.76,"FORLOG_VA":240.7,"FORLOG_EXP":60.96,"PESCAC_VA":20.16,"PESCAC_EXP":9.14,"MINCOL_VA":251.95,"MINCOL_EXP":17.95,"PETGAS_VA":127.47,"PETGAS_EXP":12.27,"MINORE_VA":730.63,"MINORE_EXP":1028.33,"MINOTH_VA":68.8,"MINOTH_EXP":119.21,"MINSER_VA":3.68,"MINSER_EXP":5.46,"ALYBEB_VA":1876.34,"ALYBEB_EXP":1766.95,"TEXYPR_VA":1116.36,"TEXYPR_EXP":1068.32,"MADYPR_VA":152.46,"MADYPR_EXP":234.02,"PAPYPR_VA":340.38,"PAPYPR_EXP":242.09,"PETREF_VA":1357.87,"PETREF_EXP":3170.86,"QUIMYP_VA":401.09,"QUIMYP_EXP":1054.43,"FARMED_VA":265.86,"FARMED_EXP":326.77,"HUPLAS_VA":268.23,"HUPLAS_EXP":539.2,"PRNOMT_VA":458.4,"PRNOMT_EXP":541.64,"METBAS_VA":412.75,"METBAS_EXP":1574.01,"NONFER_VA":346.17,"NONFER_EXP":1850.47,"PRMETA_VA":540.87,"PRMETA_EXP":584.97,"ELCTRO_VA":83.49,"ELCTRO_EXP":278.13,"ELCTRI_VA":382.2,"ELCTRI_EXP":1054.31,"MAQYEQ_VA":538.23,"MAQYEQ_EXP":1158.25,"AUTOMO_VA":191.21,"AUTOMO_EXP":365.04,"OTRTRA_VA":20.91,"OTRTRA_EXP":20.91,"TRANSP_VA":52.01,"TRANSP_EXP":147.78,"OTRMAN_VA":659.48,"OTRMAN_EXP":490.53,"ELEGAS_VA":2069.53,"ELEGAS_EXP":606.64,"AGUBAS_VA":461.59,"AGUBAS_EXP":14.52,"CONSTR_VA":2978.56,"CONSTR_EXP":159.86,"COMREV_VA":5880.81,"COMREV_EXP":2899.92,"TRATIE_VA":2114.92,"TRATIE_EXP":1238.32,"TRAGUA_VA":82.46,"TRAGUA_EXP":85.21,"TRAAIR_VA":115.86,"TRAAIR_EXP":361.08,"ALMSTR_VA":697.23,"ALMSTR_EXP":444.62,"POSTME_VA":184.34,"POSTME_EXP":31.82,"HOTYRE_VA":1129.7,"HOTYRE_EXP":1331.12,"MMTVRA_VA":322.88,"MMTVRA_EXP":163.39,"TELECO_VA":1128.82,"TELECO_EXP":349.72,"ITSERV_VA":986.21,"ITSERV_EXP":630.38,"SERFIN_VA":3531.82,"SERFIN_EXP":293.81,"GOBEST_VA":5392.84,"GOBEST_EXP":217.31,"SPRSCT_VA":1856.97,"SPRSCT_EXP":762.41,"SEAEMP_VA":975.18,"SEAEMP_EXP":299.06,"ADPDEF_VA":2937.06,"ADPDEF_EXP":14.22,"EDUCAC_VA":1733.21,"EDUCAC_EXP":84.71,"SALUDH_VA":1756.97,"SALUDH_EXP":71.46,"ESPARC_VA":648.21,"ESPARC_EXP":225.29,"OTRSER_VA":488.79,"OTRSER_EXP":59.46,"SERHOG_VA":68.6,"SERHOG_EXP":0.0}},{"type":"Feature","geometry":{"type":"Point","coordinates":[27.95,53.71]},"properties":{"id":"BLR","name":"Bielorrusia","continent":"europe","year":2012,"AGRPFO_VA":5682.82,"AGRPFO_EXP":1179.25,"FORLOG_VA":341.19,"FORLOG_EXP":187.16,"PESCAC_VA":104.28,"PESCAC_EXP":7.34,"MINCOL_VA":10.49,"MINCOL_EXP":0.69,"PETGAS_VA":481.4,"PETGAS_EXP":252.8,"MINORE_VA":10.18,"MINORE_EXP":1.88,"MINOTH_VA":200.19,"MINOTH_EXP":294.58,"MINSER_VA":131.2,"MINSER_EXP":13.99,"ALYBEB_VA":4376.0,"ALYBEB_EXP":8992.48,"TEXYPR_VA":1824.47,"TEXYPR_EXP":1028.13,"MADYPR_VA":454.63,"MADYPR_EXP":957.83,"PAPYPR_VA":907.96,"PAPYPR_EXP":501.49,"PETREF_VA":3712.87,"PETREF_EXP":2941.8,"QUIMYP_VA":2321.13,"QUIMYP_EXP":7024.32,"FARMED_VA":404.49,"FARMED_EXP":340.46,"HUPLAS_VA":657.96,"HUPLAS_EXP":1720.41,"PRNOMT_VA":1139.17,"PRNOMT_EXP":1447.39,"METBAS_VA":740.92,"METBAS_EXP":668.88,"NONFER_VA":399.7,"NONFER_EXP":351.94,"PRMETA_VA":756.21,"PRMETA_EXP":1668.25,"ELCTRO_VA":521.42,"ELCTRO_EXP":1095.26,"ELCTRI_VA":549.58,"ELCTRI_EXP":1869.82,"MAQYEQ_VA":1603.52,"MAQYEQ_EXP":3997.23,"AUTOMO_VA":1601.75,"AUTOMO_EXP":1402.57,"OTRTRA_VA":120.85,"OTRTRA_EXP":4.35,"TRANSP_VA":119.24,"TRANSP_EXP":215.32,"OTRMAN_VA":1019.11,"OTRMAN_EXP":1464.51,"ELEGAS_VA":2019.4,"ELEGAS_EXP":71.34,"AGUBAS_VA":535.85,"AGUBAS_EXP":17.85,"CONSTR_VA":4656.3,"CONSTR_EXP":100.69,"COMREV_VA":5734.88,"COMREV_EXP":2691.59,"TRATIE_VA":1841.24,"TRATIE_EXP":635.75,"TRAGUA_VA":411.9,"TRAGUA_EXP":763.31,"TRAAIR_VA":316.65,"TRAAIR_EXP":1194.06,"ALMSTR_VA":552.1,"ALMSTR_EXP":495.64,"POSTME_VA":98.32,"POSTME_EXP":3.7,"HOTYRE_VA":1478.7,"HOTYRE_EXP":149.55,"MMTVRA_VA":384.42,"MMTVRA_EXP":240.99,"TELECO_VA":947.97,"TELECO_EXP":677.61,"ITSERV_VA":386.02,"ITSERV_EXP":281.59,"SERFIN_VA":2151.25,"SERFIN_EXP":359.39,"GOBEST_VA":2500.9,"GOBEST_EXP":132.57,"SPRSCT_VA":1434.25,"SPRSCT_EXP":1190.29,"SEAEMP_VA":1072.7,"SEAEMP_EXP":368.37,"ADPDEF_VA":2828.36,"ADPDEF_EXP":9.93,"EDUCAC_VA":1925.34,"EDUCAC_EXP":12.8,"SALUDH_VA":2226.33,"SALUDH_EXP":9.57,"ESPARC_VA":360.42,"ESPARC_EXP":40.01,"OTRSER_VA":628.09,"OTRSER_EXP":17.96,"SERHOG_VA":0.0,"SERHOG_EXP":0.0}},{"type":"Feature","geometry":{"type":"Point","coordinates":[-51.93,-14.24]},"properties":{"id":"BRA","name":"Brasil","continent":"america","year":2012,"AGRPFO_VA":93094.65,"AGRPFO_EXP":25724.1,"FORLOG_VA":9601.9,"FORLOG_EXP":584.02,"PESCAC_VA":4050.03,"PESCAC_EXP":80.82,"MINCOL_VA":4377.31,"MINCOL_EXP":3.84,"PETGAS_VA":61865.36,"PETGAS_EXP":19658.56,"MINORE_VA":26523.79,"MINORE_EXP":31449.79,"MINOTH_VA":2767.66,"MINOTH_EXP":450.28,"MINSER_VA":5813.13,"MINSER_EXP":284.22,"ALYBEB_VA":55592.48,"ALYBEB_EXP":35213.55,"TEXYPR_VA":27359.4,"TEXYPR_EXP":3556.11,"MADYPR_VA":5001.47,"MADYPR_EXP":1417.15,"PAPYPR_VA":13294.59,"PAPYPR_EXP":5427.31,"PETREF_VA":-10241.69,"PETREF_EXP":5638.29,"QUIMYP_VA":17072.72,"QUIMYP_EXP":9329.64,"FARMED_VA":10982.25,"FARMED_EXP":1142.75,"HUPLAS_VA":13565.15,"HUPLAS_EXP":2662.78,"PRNOMT_VA":14960.38,"PRNOMT_EXP":1581.8,"METBAS_VA":12665.12,"METBAS_EXP":9738.95,"NONFER_VA":4005.83,"NONFER_EXP":7723.58,"PRMETA_VA":17442.59,"PRMETA_EXP":2358.67,"ELCTRO_VA":8647.09,"ELCTRO_EXP":1556.73,"ELCTRI_VA":9251.23,"ELCTRI_EXP":3083.91,"MAQYEQ_VA":18908.58,"MAQYEQ_EXP":7885.8,"AUTOMO_VA":33049.27,"AUTOMO_EXP":13177.96,"OTRTRA_VA":2523.37,"OTRTRA_EXP":1355.78,"TRANSP_VA":2881.89,"TRANSP_EXP":4010.8,"OTRMAN_VA":25982.9,"OTRMAN_EXP":2446.37,"ELEGAS_VA":33718.71,"ELEGAS_EXP":379.87,"AGUBAS_VA":15443.17,"AGUBAS_EXP":1.08,"CONSTR_VA":138525.97,"CONSTR_EXP":28.6,"COMREV_VA":377738.53,"COMREV_EXP":44072.57,"TRATIE_VA":64186.49,"TRATIE_EXP":4573.03,"TRAGUA_VA":2461.34,"TRAGUA_EXP":1282.75,"TRAAIR_VA":3568.81,"TRAAIR_EXP":2448.75,"ALMSTR_VA":26204.03,"ALMSTR_EXP":3767.88,"POSTME_VA":5469.17,"POSTME_EXP":6.48,"HOTYRE_VA":49501.34,"HOTYRE_EXP":1443.36,"MMTVRA_VA":13088.89,"MMTVRA_EXP":499.88,"TELECO_VA":31914.01,"TELECO_EXP":428.98,"ITSERV_VA":29128.07,"ITSERV_EXP":597.17,"SERFIN_VA":132006.12,"SERFIN_EXP":5878.63,"GOBEST_VA":172062.0,"GOBEST_EXP":112.56,"SPRSCT_VA":86570.06,"SPRSCT_EXP":13329.06,"SEAEMP_VA":83883.67,"SEAEMP_EXP":4741.14,"ADPDEF_VA":197299.78,"ADPDEF_EXP":1778.17,"EDUCAC_VA":104779.34,"EDUCAC_EXP":715.86,"SALUDH_VA":78170.3,"SALUDH_EXP":71.53,"ESPARC_VA":17768.11,"ESPARC_EXP":567.23,"OTRSER_VA":39471.03,"OTRSER_EXP":100.62,"SERHOG_VA":22617.24,"SERHOG_EXP":0.0}},{"type":"Feature","geometry":{"type":"Point","coordinates":[114.73,4.54]},"properties":{"id":"BRN","name":"Brunéi","continent":"asia","year":2012,"AGRPFO_VA":57.69,"AGRPFO_EXP":0.54,"FORLOG_VA":13.02,"FORLOG_EXP":0.05,"PESCAC_VA":47.41,"PESCAC_EXP":0.15,"MINCOL_VA":1150.91,"MINCOL_EXP":0.0,"PETGAS_VA":5833.8,"PETGAS_EXP":8466.09,"MINORE_VA":1368.05,"MINORE_EXP":0.03,"MINOTH_VA":1001.15,"MINOTH_EXP":2.11,"MINSER_VA":837.33,"MINSER_EXP":126.39,"ALYBEB_VA":26.17,"ALYBEB_EXP":2.91,"TEXYPR_VA":34.07,"TEXYPR_EXP":26.99,"MADYPR_VA":3.45,"MADYPR_EXP":0.63,"PAPYPR_VA":12.08,"PAPYPR_EXP":0.41,"PETREF_VA":2346.79,"PETREF_EXP":3645.8,"QUIMYP_VA":19.43,"QUIMYP_EXP":38.86,"FARMED_VA":14.53,"FARMED_EXP":0.28,"HUPLAS_VA":16.38,"HUPLAS_EXP":0.3,"PRNOMT_VA":32.76,"PRNOMT_EXP":1.95,"METBAS_VA":4.04,"METBAS_EXP":5.15,"NONFER_VA":3.25,"NONFER_EXP":0.4,"PRMETA_VA":16.82,"PRMETA_EXP":0.7,"ELCTRO_VA":5.52,"ELCTRO_EXP":0.54,"ELCTRI_VA":9.68,"ELCTRI_EXP":0.23,"MAQYEQ_VA":13.73,"MAQYEQ_EXP":0.28,"AUTOMO_VA":0.0,"AUTOMO_EXP":0.0,"OTRTRA_VA":10.83,"OTRTRA_EXP":0.08,"TRANSP_VA":11.05,"TRANSP_EXP":0.11,"OTRMAN_VA":9.09,"OTRMAN_EXP":0.82,"ELEGAS_VA":95.45,"ELEGAS_EXP":0.47,"AGUBAS_VA":44.7,"AGUBAS_EXP":1.37,"CONSTR_VA":409.13,"CONSTR_EXP":0.38,"COMREV_VA":841.37,"COMREV_EXP":189.67,"TRATIE_VA":163.21,"TRATIE_EXP":20.39,"TRAGUA_VA":165.65,"TRAGUA_EXP":48.35,"TRAAIR_VA":50.64,"TRAAIR_EXP":63.72,"ALMSTR_VA":90.57,"ALMSTR_EXP":40.06,"POSTME_VA":8.84,"POSTME_EXP":8.99,"HOTYRE_VA":186.37,"HOTYRE_EXP":37.39,"MMTVRA_VA":17.2,"MMTVRA_EXP":2.1,"TELECO_VA":271.66,"TELECO_EXP":22.51,"ITSERV_VA":53.01,"ITSERV_EXP":6.33,"SERFIN_VA":860.85,"SERFIN_EXP":47.56,"GOBEST_VA":415.73,"GOBEST_EXP":14.54,"SPRSCT_VA":339.53,"SPRSCT_EXP":101.94,"SEAEMP_VA":131.26,"SEAEMP_EXP":46.06,"ADPDEF_VA":1621.63,"ADPDEF_EXP":0.01,"EDUCAC_VA":417.39,"EDUCAC_EXP":2.24,"SALUDH_VA":224.56,"SALUDH_EXP":1.52,"ESPARC_VA":29.28,"ESPARC_EXP":1.89,"OTRSER_VA":37.13,"OTRSER_EXP":2.22,"SERHOG_VA":27.34,"SERHOG_EXP":0.0}},{"type":"Feature","geometry":{"type":"Point","coordinates":[-106.35,56.13]},"properties":{"id":"CAN","name":"Canadá","continent":"america","year":2012,"AGRPFO_VA":25781.28,"AGRPFO_EXP":16491.99,"FORLOG_VA":6402.22,"FORLOG_EXP":790.11,"PESCAC_VA":1295.96,"PESCAC_EXP":814.35,"MINCOL_VA":3787.43,"MINCOL_EXP":5125.67,"PETGAS_VA":78032.94,"PETGAS_EXP":83182.34,"MINORE_VA":14773.31,"MINORE_EXP":20574.46,"MINOTH_VA":9199.37,"MINOTH_EXP":3789.91,"MINSER_VA":19296.43,"MINSER_EXP":506.29,"ALYBEB_VA":29034.8,"ALYBEB_EXP":19077.06,"TEXYPR_VA":3027.3,"TEXYPR_EXP":2713.45,"MADYPR_VA":7363.45,"MADYPR_EXP":7054.03,"PAPYPR_VA":12271.97,"PAPYPR_EXP":14241.43,"PETREF_VA":10494.79,"PETREF_EXP":20568.33,"QUIMYP_VA":13422.55,"QUIMYP_EXP":17559.81,"FARMED_VA":4772.77,"FARMED_EXP":4220.07,"HUPLAS_VA":9166.7,"HUPLAS_EXP":9431.1,"PRNOMT_VA":7915.04,"PRNOMT_EXP":2006.29,"METBAS_VA":4646.36,"METBAS_EXP":6101.81,"NONFER_VA":6588.95,"NONFER_EXP":23613.5,"PRMETA_VA":15098.0,"PRMETA_EXP":7678.47,"ELCTRO_VA":6805.39,"ELCTRO_EXP":9903.49,"ELCTRI_VA":4030.16,"ELCTRI_EXP":4944.79,"MAQYEQ_VA":15418.73,"MAQYEQ_EXP":18238.06,"AUTOMO_VA":17886.54,"AUTOMO_EXP":45661.74,"OTRTRA_VA":614.32,"OTRTRA_EXP":439.04,"TRANSP_VA":9525.77,"TRANSP_EXP":12459.09,"OTRMAN_VA":15316.94,"OTRMAN_EXP":6097.37,"ELEGAS_VA":35421.69,"ELEGAS_EXP":2732.02,"AGUBAS_VA":8853.51,"AGUBAS_EXP":203.74,"CONSTR_VA":138237.79,"CONSTR_EXP":904.89,"COMREV_VA":190550.67,"COMREV_EXP":56400.3,"TRATIE_VA":42225.96,"TRATIE_EXP":5945.24,"TRAGUA_VA":1767.11,"TRAGUA_EXP":1615.35,"TRAAIR_VA":6606.33,"TRAAIR_EXP":8610.68,"ALMSTR_VA":15057.4,"ALMSTR_EXP":3022.67,"POSTME_VA":7226.25,"POSTME_EXP":1181.9,"HOTYRE_VA":36724.62,"HOTYRE_EXP":6562.03,"MMTVRA_VA":17774.16,"MMTVRA_EXP":3539.2,"TELECO_VA":32606.76,"TELECO_EXP":2345.35,"ITSERV_VA":26622.53,"ITSERV_EXP":7488.9,"SERFIN_VA":116634.47,"SERFIN_EXP":11217.03,"GOBEST_VA":197068.5,"GOBEST_EXP":1371.75,"SPRSCT_VA":74993.49,"SPRSCT_EXP":10942.55,"SEAEMP_VA":56275.36,"SEAEMP_EXP":11426.08,"ADPDEF_VA":122806.92,"ADPDEF_EXP":3596.64,"EDUCAC_VA":93672.35,"EDUCAC_EXP":4065.92,"SALUDH_VA":122841.02,"SALUDH_EXP":741.83,"ESPARC_VA":13177.68,"ESPARC_EXP":2317.23,"OTRSER_VA":23713.75,"OTRSER_EXP":957.49,"SERHOG_VA":3004.25,"SERHOG_EXP":0.0}},{"type":"Feature","geometry":{"type":"Point","coordinates":[8.23,46.82]},"properties":{"id":"CHE","name":"Suiza","continent":"europe","year":2012,"AGRPFO_VA":3887.08,"AGRPFO_EXP":291.07,"FORLOG_VA":341.8,"FORLOG_EXP":104.84,"PESCAC_VA":34.12,"PESCAC_EXP":22.53,"MINCOL_VA":0.0,"MINCOL_EXP":0.0,"PETGAS_VA":4.49,"PETGAS_EXP":5.18,"MINORE_VA":22.5,"MINORE_EXP":5.43,"MINOTH_VA":889.41,"MINOTH_EXP":14.17,"MINSER_VA":11.84,"MINSER_EXP":0.83,"ALYBEB_VA":11365.93,"ALYBEB_EXP":9521.84,"TEXYPR_VA":1249.5,"TEXYPR_EXP":1939.59,"MADYPR_VA":3779.63,"MADYPR_EXP":1070.23,"PAPYPR_VA":3643.9,"PAPYPR_EXP":1908.69,"PETREF_VA":304.8,"PETREF_EXP":649.0,"QUIMYP_VA":8406.44,"QUIMYP_EXP":7890.62,"FARMED_VA":23787.86,"FARMED_EXP":32548.48,"HUPLAS_VA":3502.21,"HUPLAS_EXP":4713.94,"PRNOMT_VA":3276.07,"PRNOMT_EXP":1426.5,"METBAS_VA":973.37,"METBAS_EXP":1845.89,"NONFER_VA":790.45,"NONFER_EXP":2232.85,"PRMETA_VA":10673.58,"PRMETA_EXP":5754.57,"ELCTRO_VA":25803.28,"ELCTRO_EXP":30897.52,"ELCTRI_VA":6225.07,"ELCTRI_EXP":11217.75,"MAQYEQ_VA":12230.78,"MAQYEQ_EXP":17955.35,"AUTOMO_VA":836.02,"AUTOMO_EXP":1217.13,"OTRTRA_VA":54.93,"OTRTRA_EXP":20.28,"TRANSP_VA":1914.94,"TRANSP_EXP":2404.03,"OTRMAN_VA":6124.74,"OTRMAN_EXP":6751.1,"ELEGAS_VA":9241.08,"ELEGAS_EXP":6471.84,"AGUBAS_VA":2403.59,"AGUBAS_EXP":21.38,"CONSTR_VA":34687.88,"CONSTR_EXP":381.34,"COMREV_VA":110526.53,"COMREV_EXP":50634.84,"TRATIE_VA":14551.36,"TRATIE_EXP":4119.37,"TRAGUA_VA":1298.41,"TRAGUA_EXP":9461.16,"TRAAIR_VA":2345.57,"TRAAIR_EXP":2967.53,"ALMSTR_VA":5431.78,"ALMSTR_EXP":5254.61,"POSTME_VA":4681.42,"POSTME_EXP":2482.62,"HOTYRE_VA":13481.23,"HOTYRE_EXP":5962.64,"MMTVRA_VA":3597.3,"MMTVRA_EXP":5612.57,"TELECO_VA":9128.3,"TELECO_EXP":1321.05,"ITSERV_VA":17110.08,"ITSERV_EXP":8697.94,"SERFIN_VA":72585.7,"SERFIN_EXP":46601.02,"GOBEST_VA":45705.37,"GOBEST_EXP":1140.31,"SPRSCT_VA":47502.32,"SPRSCT_EXP":13818.34,"SEAEMP_VA":19948.26,"SEAEMP_EXP":10666.92,"ADPDEF_VA":55777.29,"ADPDEF_EXP":1592.25,"EDUCAC_VA":4110.79,"EDUCAC_EXP":353.52,"SALUDH_VA":48604.13,"SALUDH_EXP":411.86,"ESPARC_VA":6707.82,"ESPARC_EXP":2583.28,"OTRSER_VA":9148.79,"OTRSER_EXP":308.09,"SERHOG_VA":2177.68,"SERHOG_EXP":0.0}},{"type":"Feature","geometry":{"type":"Point","coordinates":[-71.54,-35.68]},"properties":{"id":"CHL","name":"Chile","continent":"america","year":2012,"AGRPFO_VA":6016.2,"AGRPFO_EXP":5300.66,"FORLOG_VA":1589.57,"FORLOG_EXP":280.1,"PESCAC_VA":1197.22,"PESCAC_EXP":102.06,"MINCOL_VA":38.11,"MINCOL_EXP":0.36,"PETGAS_VA":253.31,"PETGAS_EXP":8.18,"MINORE_VA":28276.72,"MINORE_EXP":38160.55,"MINOTH_VA":1023.67,"MINOTH_EXP":471.97,"MINSER_VA":712.32,"MINSER_EXP":139.19,"ALYBEB_VA":10138.97,"ALYBEB_EXP":9958.45,"TEXYPR_VA":818.53,"TEXYPR_EXP":1017.88,"MADYPR_VA":859.72,"MADYPR_EXP":2077.09,"PAPYPR_VA":1907.29,"PAPYPR_EXP":1186.01,"PETREF_VA":1399.47,"PETREF_EXP":1037.81,"QUIMYP_VA":3185.23,"QUIMYP_EXP":2435.18,"FARMED_VA":826.34,"FARMED_EXP":199.1,"HUPLAS_VA":1322.17,"HUPLAS_EXP":1030.86,"PRNOMT_VA":1369.66,"PRNOMT_EXP":165.17,"METBAS_VA":165.52,"METBAS_EXP":531.14,"NONFER_VA":515.35,"NONFER_EXP":1504.31,"PRMETA_VA":2451.9,"PRMETA_EXP":673.41,"ELCTRO_VA":4741.16,"ELCTRO_EXP":434.66,"ELCTRI_VA":803.55,"ELCTRI_EXP":750.03,"MAQYEQ_VA":925.99,"MAQYEQ_EXP":1005.57,"AUTOMO_VA":0.52,"AUTOMO_EXP":0.11,"OTRTRA_VA":173.91,"OTRTRA_EXP":187.66,"TRANSP_VA":326.13,"TRANSP_EXP":293.75,"OTRMAN_VA":1455.17,"OTRMAN_EXP":555.91,"ELEGAS_VA":5661.92,"ELEGAS_EXP":4.65,"AGUBAS_VA":1807.22,"AGUBAS_EXP":1.52,"CONSTR_VA":16978.7,"CONSTR_EXP":0.33,"COMREV_VA":24456.42,"COMREV_EXP":7780.56,"TRATIE_VA":7024.1,"TRATIE_EXP":1143.4,"TRAGUA_VA":391.08,"TRAGUA_EXP":1339.57,"TRAAIR_VA":1992.44,"TRAAIR_EXP":2992.82,"ALMSTR_VA":3727.24,"ALMSTR_EXP":1190.89,"POSTME_VA":298.19,"POSTME_EXP":72.95,"HOTYRE_VA":5084.72,"HOTYRE_EXP":753.08,"MMTVRA_VA":895.36,"MMTVRA_EXP":130.08,"TELECO_VA":4426.62,"TELECO_EXP":389.34,"ITSERV_VA":3070.73,"ITSERV_EXP":202.98,"SERFIN_VA":12427.24,"SERFIN_EXP":749.0,"GOBEST_VA":20786.27,"GOBEST_EXP":220.69,"SPRSCT_VA":18471.37,"SPRSCT_EXP":911.81,"SEAEMP_VA":10333.31,"SEAEMP_EXP":946.34,"ADPDEF_VA":11189.42,"ADPDEF_EXP":21.28,"EDUCAC_VA":11563.82,"EDUCAC_EXP":47.02,"SALUDH_VA":9992.6,"SALUDH_EXP":55.89,"ESPARC_VA":1389.46,"ESPARC_EXP":128.41,"OTRSER_VA":3454.6,"OTRSER_EXP":91.42,"SERHOG_VA":0.0,"SERHOG_EXP":0.0}},{"type":"Feature","geometry":{"type":"Point","coordinates":[104.2,35.86]},"properties":{"id":"CHN","name":"China","continent":"asia","year":2012,"AGRPFO_VA":614667.34,"AGRPFO_EXP":10832.69,"FORLOG_VA":46007.66,"FORLOG_EXP":50.29,"PESCAC_VA":76153.69,"PESCAC_EXP":979.19,"MINCOL_VA":146900.91,"MINCOL_EXP":1176.67,"PETGAS_VA":117285.6,"PETGAS_EXP":2339.75,"MINORE_VA":63606.73,"MINORE_EXP":2383.67,"MINOTH_VA":38327.5,"MINOTH_EXP":2201.75,"MINSER_VA":9407.09,"MINSER_EXP":446.6,"ALYBEB_VA":293989.05,"ALYBEB_EXP":37779.67,"TEXYPR_VA":240812.13,"TEXYPR_EXP":258154.22,"MADYPR_VA":41030.48,"MADYPR_EXP":10828.02,"PAPYPR_VA":75278.36,"PAPYPR_EXP":11975.03,"PETREF_VA":113954.59,"PETREF_EXP":17031.3,"QUIMYP_VA":210792.26,"QUIMYP_EXP":82755.71,"FARMED_VA":61416.08,"FARMED_EXP":9112.44,"HUPLAS_VA":91600.0,"HUPLAS_EXP":50560.81,"PRNOMT_VA":189900.78,"PRNOMT_EXP":31516.47,"METBAS_VA":210936.5,"METBAS_EXP":46023.76,"NONFER_VA":96181.66,"NONFER_EXP":17462.83,"PRMETA_VA":100706.9,"PRMETA_EXP":61521.04,"ELCTRO_VA":234863.28,"ELCTRO_EXP":387943.58,"ELCTRI_VA":136274.92,"ELCTRI_EXP":129715.14,"MAQYEQ_VA":244721.44,"MAQYEQ_EXP":119131.62,"AUTOMO_VA":163662.47,"AUTOMO_EXP":37781.54,"OTRTRA_VA":15952.82,"OTRTRA_EXP":31256.41,"TRANSP_VA":26122.99,"TRANSP_EXP":18365.53,"OTRMAN_VA":69909.94,"OTRMAN_EXP":119101.48,"ELEGAS_VA":195556.6,"ELEGAS_EXP":1101.06,"AGUBAS_VA":40034.4,"AGUBAS_EXP":0.07,"CONSTR_VA":570214.7,"CONSTR_EXP":0.12,"COMREV_VA":730454.66,"COMREV_EXP":106020.66,"TRATIE_VA":264679.44,"TRATIE_EXP":20385.67,"TRAGUA_VA":45494.9,"TRAGUA_EXP":33018.27,"TRAAIR_VA":18935.29,"TRAAIR_EXP":19028.4,"ALMSTR_VA":47704.52,"ALMSTR_EXP":5847.28,"POSTME_VA":15466.64,"POSTME_EXP":61.9,"HOTYRE_VA":144457.34,"HOTYRE_EXP":8966.82,"MMTVRA_VA":20299.27,"MMTVRA_EXP":6356.45,"TELECO_VA":102495.31,"TELECO_EXP":14166.06,"ITSERV_VA":57397.33,"ITSERV_EXP":6555.41,"SERFIN_VA":512713.26,"SERFIN_EXP":8494.45,"GOBEST_VA":444495.42,"GOBEST_EXP":5288.23,"SPRSCT_VA":160372.86,"SPRSCT_EXP":39907.39,"SEAEMP_VA":167643.73,"SEAEMP_EXP":23774.54,"ADPDEF_VA":301168.75,"ADPDEF_EXP":0.17,"EDUCAC_VA":243059.25,"EDUCAC_EXP":737.63,"SALUDH_VA":137102.17,"SALUDH_EXP":701.22,"ESPARC_VA":51683.36,"ESPARC_EXP":2281.79,"OTRSER_VA":119292.19,"OTRSER_EXP":900.43,"SERHOG_VA":0.0,"SERHOG_EXP":0.0}},{"type":"Feature","geometry":{"type":"Point","coordinates":[-5.55,7.54]},"properties":{"id":"CIV","name":"Costa de Marfil","continent":"other","year":2012,"AGRPFO_VA":7473.6,"AGRPFO_EXP":3947.21,"FORLOG_VA":216.37,"FORLOG_EXP":6.86,"PESCAC_VA":85.41,"PESCAC_EXP":4.34,"MINCOL_VA":2.2,"MINCOL_EXP":6.06,"PETGAS_VA":20.27,"PETGAS_EXP":46.66,"MINORE_VA":64.66,"MINORE_EXP":21.46,"MINOTH_VA":6.25,"MINOTH_EXP":15.37,"MINSER_VA":4.68,"MINSER_EXP":7.67,"ALYBEB_VA":1646.77,"ALYBEB_EXP":2489.13,"TEXYPR_VA":898.52,"TEXYPR_EXP":235.98,"MADYPR_VA":411.19,"MADYPR_EXP":297.48,"PAPYPR_VA":188.5,"PAPYPR_EXP":6.54,"PETREF_VA":632.72,"PETREF_EXP":598.14,"QUIMYP_VA":178.2,"QUIMYP_EXP":178.95,"FARMED_VA":113.68,"FARMED_EXP":4.4,"HUPLAS_VA":203.3,"HUPLAS_EXP":147.26,"PRNOMT_VA":282.89,"PRNOMT_EXP":44.51,"METBAS_VA":23.97,"METBAS_EXP":6.71,"NONFER_VA":23.15,"NONFER_EXP":71.34,"PRMETA_VA":206.27,"PRMETA_EXP":4.18,"ELCTRO_VA":0.0,"ELCTRO_EXP":0.0,"ELCTRI_VA":1.45,"ELCTRI_EXP":0.66,"MAQYEQ_VA":80.86,"MAQYEQ_EXP":55.1,"AUTOMO_VA":35.2,"AUTOMO_EXP":10.37,"OTRTRA_VA":3.89,"OTRTRA_EXP":0.95,"TRANSP_VA":6.55,"TRANSP_EXP":0.33,"OTRMAN_VA":382.6,"OTRMAN_EXP":57.83,"ELEGAS_VA":525.48,"ELEGAS_EXP":161.1,"AGUBAS_VA":95.38,"AGUBAS_EXP":0.27,"CONSTR_VA":656.72,"CONSTR_EXP":7.81,"COMREV_VA":3811.0,"COMREV_EXP":972.56,"TRATIE_VA":656.9,"TRATIE_EXP":187.79,"TRAGUA_VA":47.85,"TRAGUA_EXP":92.71,"TRAAIR_VA":114.57,"TRAAIR_EXP":64.37,"ALMSTR_VA":529.33,"ALMSTR_EXP":138.4,"POSTME_VA":94.01,"POSTME_EXP":25.78,"HOTYRE_VA":175.26,"HOTYRE_EXP":64.94,"MMTVRA_VA":202.23,"MMTVRA_EXP":30.11,"TELECO_VA":376.73,"TELECO_EXP":51.14,"ITSERV_VA":400.03,"ITSERV_EXP":162.39,"SERFIN_VA":1062.16,"SERFIN_EXP":104.33,"GOBEST_VA":1759.0,"GOBEST_EXP":15.17,"SPRSCT_VA":450.71,"SPRSCT_EXP":69.01,"SEAEMP_VA":879.8,"SEAEMP_EXP":5.56,"ADPDEF_VA":2704.83,"ADPDEF_EXP":0.01,"EDUCAC_VA":925.32,"EDUCAC_EXP":4.1,"SALUDH_VA":221.24,"SALUDH_EXP":2.49,"ESPARC_VA":50.84,"ESPARC_EXP":6.64,"OTRSER_VA":901.08,"OTRSER_EXP":3.46,"SERHOG_VA":73.03,"SERHOG_EXP":0.0}},{"type":"Feature","geometry":{"type":"Point","coordinates":[12.35,7.37]},"properties":{"id":"CMR","name":"Camerún","continent":"other","year":2012,"AGRPFO_VA":3389.05,"AGRPFO_EXP":1005.95,"FORLOG_VA":1170.73,"FORLOG_EXP":263.72,"PESCAC_VA":463.94,"PESCAC_EXP":3.53,"MINCOL_VA":218.02,"MINCOL_EXP":10.22,"PETGAS_VA":1178.46,"PETGAS_EXP":1596.55,"MINORE_VA":27.49,"MINORE_EXP":0.36,"MINOTH_VA":132.82,"MINOTH_EXP":1.46,"MINSER_VA":133.33,"MINSER_EXP":61.87,"ALYBEB_VA":2287.62,"ALYBEB_EXP":259.75,"TEXYPR_VA":1015.29,"TEXYPR_EXP":189.42,"MADYPR_VA":544.58,"MADYPR_EXP":417.33,"PAPYPR_VA":68.95,"PAPYPR_EXP":30.14,"PETREF_VA":367.36,"PETREF_EXP":531.14,"QUIMYP_VA":97.62,"QUIMYP_EXP":149.52,"FARMED_VA":34.87,"FARMED_EXP":1.35,"HUPLAS_VA":48.08,"HUPLAS_EXP":13.47,"PRNOMT_VA":174.92,"PRNOMT_EXP":63.7,"METBAS_VA":12.33,"METBAS_EXP":28.45,"NONFER_VA":37.73,"NONFER_EXP":106.55,"PRMETA_VA":14.87,"PRMETA_EXP":28.06,"ELCTRO_VA":4.35,"ELCTRO_EXP":2.48,"ELCTRI_VA":6.58,"ELCTRI_EXP":2.99,"MAQYEQ_VA":8.3,"MAQYEQ_EXP":6.85,"AUTOMO_VA":5.37,"AUTOMO_EXP":4.09,"OTRTRA_VA":1.09,"OTRTRA_EXP":1.25,"TRANSP_VA":1.65,"TRANSP_EXP":1.65,"OTRMAN_VA":199.42,"OTRMAN_EXP":22.19,"ELEGAS_VA":263.35,"ELEGAS_EXP":0.24,"AGUBAS_VA":200.45,"AGUBAS_EXP":1.01,"CONSTR_VA":1646.19,"CONSTR_EXP":1.64,"COMREV_VA":3087.31,"COMREV_EXP":588.34,"TRATIE_VA":1457.77,"TRATIE_EXP":276.18,"TRAGUA_VA":181.46,"TRAGUA_EXP":75.35,"TRAAIR_VA":206.45,"TRAAIR_EXP":115.92,"ALMSTR_VA":846.97,"ALMSTR_EXP":184.56,"POSTME_VA":262.26,"POSTME_EXP":37.38,"HOTYRE_VA":1595.61,"HOTYRE_EXP":37.4,"MMTVRA_VA":160.65,"MMTVRA_EXP":35.52,"TELECO_VA":269.72,"TELECO_EXP":17.5,"ITSERV_VA":292.86,"ITSERV_EXP":57.6,"SERFIN_VA":545.42,"SERFIN_EXP":117.8,"GOBEST_VA":1298.0,"GOBEST_EXP":13.5,"SPRSCT_VA":924.84,"SPRSCT_EXP":160.36,"SEAEMP_VA":393.03,"SEAEMP_EXP":388.44,"ADPDEF_VA":1586.69,"ADPDEF_EXP":0.36,"EDUCAC_VA":997.68,"EDUCAC_EXP":2.75,"SALUDH_VA":355.0,"SALUDH_EXP":1.71,"ESPARC_VA":264.57,"ESPARC_EXP":100.93,"OTRSER_VA":491.92,"OTRSER_EXP":2.41,"SERHOG_VA":21.1,"SERHOG_EXP":0.0}},{"type":"Feature","geometry":{"type":"Point","coordinates":[21.76,-4.04]},"properties":{"id":"COD","name":"R.D. Congo","continent":"other","year":2012,"AGRPFO_VA":3912.52,"AGRPFO_EXP":168.49,"FORLOG_VA":328.63,"FORLOG_EXP":346.61,"PESCAC_VA":295.34,"PESCAC_EXP":1.16,"MINCOL_VA":9.15,"MINCOL_EXP":1.11,"PETGAS_VA":622.4,"PETGAS_EXP":295.83,"MINORE_VA":4279.26,"MINORE_EXP":4052.46,"MINOTH_VA":40.16,"MINOTH_EXP":38.02,"MINSER_VA":123.71,"MINSER_EXP":3.29,"ALYBEB_VA":4120.87,"ALYBEB_EXP":168.86,"TEXYPR_VA":377.7,"TEXYPR_EXP":7.94,"MADYPR_VA":17.29,"MADYPR_EXP":28.95,"PAPYPR_VA":65.75,"PAPYPR_EXP":2.59,"PETREF_VA":21.32,"PETREF_EXP":59.94,"QUIMYP_VA":9.63,"QUIMYP_EXP":11.66,"FARMED_VA":1.0,"FARMED_EXP":0.14,"HUPLAS_VA":74.74,"HUPLAS_EXP":6.19,"PRNOMT_VA":60.79,"PRNOMT_EXP":20.08,"METBAS_VA":156.57,"METBAS_EXP":357.44,"NONFER_VA":808.75,"NONFER_EXP":1755.95,"PRMETA_VA":43.31,"PRMETA_EXP":7.79,"ELCTRO_VA":0.75,"ELCTRO_EXP":0.53,"ELCTRI_VA":111.76,"ELCTRI_EXP":8.76,"MAQYEQ_VA":2.51,"MAQYEQ_EXP":0.66,"AUTOMO_VA":232.93,"AUTOMO_EXP":13.48,"OTRTRA_VA":13.38,"OTRTRA_EXP":10.06,"TRANSP_VA":0.51,"TRANSP_EXP":0.26,"OTRMAN_VA":108.26,"OTRMAN_EXP":21.05,"ELEGAS_VA":54.83,"ELEGAS_EXP":23.86,"AGUBAS_VA":61.53,"AGUBAS_EXP":0.54,"CONSTR_VA":1401.9,"CONSTR_EXP":1.65,"COMREV_VA":2068.43,"COMREV_EXP":389.34,"TRATIE_VA":1982.79,"TRATIE_EXP":669.45,"TRAGUA_VA":151.89,"TRAGUA_EXP":98.53,"TRAAIR_VA":60.15,"TRAAIR_EXP":24.51,"ALMSTR_VA":248.36,"ALMSTR_EXP":88.72,"POSTME_VA":16.34,"POSTME_EXP":3.66,"HOTYRE_VA":204.93,"HOTYRE_EXP":41.85,"MMTVRA_VA":198.51,"MMTVRA_EXP":6.12,"TELECO_VA":515.18,"TELECO_EXP":24.15,"ITSERV_VA":14.58,"ITSERV_EXP":11.23,"SERFIN_VA":480.65,"SERFIN_EXP":53.52,"GOBEST_VA":1284.96,"GOBEST_EXP":0.93,"SPRSCT_VA":432.34,"SPRSCT_EXP":20.1,"SEAEMP_VA":301.01,"SEAEMP_EXP":9.2,"ADPDEF_VA":1744.08,"ADPDEF_EXP":0.7,"EDUCAC_VA":245.86,"EDUCAC_EXP":2.44,"SALUDH_VA":714.74,"SALUDH_EXP":3.65,"ESPARC_VA":103.31,"ESPARC_EXP":5.2,"OTRSER_VA":198.15,"OTRSER_EXP":2.74,"SERHOG_VA":83.95,"SERHOG_EXP":0.0}},{"type":"Feature","geometry":{"type":"Point","coordinates":[-74.3,4.57]},"properties":{"id":"COL","name":"Colombia","continent":"america","year":2012,"AGRPFO_VA":19028.6,"AGRPFO_EXP":2322.82,"FORLOG_VA":739.3,"FORLOG_EXP":14.36,"PESCAC_VA":541.26,"PESCAC_EXP":14.38,"MINCOL_VA":5953.79,"MINCOL_EXP":5792.04,"PETGAS_VA":30744.78,"PETGAS_EXP":24747.2,"MINORE_VA":2640.46,"MINORE_EXP":2950.27,"MINOTH_VA":933.99,"MINOTH_EXP":28.08,"MINSER_VA":126.44,"MINSER_EXP":31.73,"ALYBEB_VA":14130.64,"ALYBEB_EXP":3309.43,"TEXYPR_VA":5277.68,"TEXYPR_EXP":1207.36,"MADYPR_VA":543.66,"MADYPR_EXP":42.15,"PAPYPR_VA":2268.81,"PAPYPR_EXP":492.31,"PETREF_VA":3639.12,"PETREF_EXP":5108.88,"QUIMYP_VA":5187.45,"QUIMYP_EXP":2409.85,"FARMED_VA":1444.03,"FARMED_EXP":370.77,"HUPLAS_VA":1514.9,"HUPLAS_EXP":639.59,"PRNOMT_VA":5601.97,"PRNOMT_EXP":579.49,"METBAS_VA":1504.69,"METBAS_EXP":2029.33,"NONFER_VA":224.85,"NONFER_EXP":914.54,"PRMETA_VA":1532.23,"PRMETA_EXP":282.37,"ELCTRO_VA":950.82,"ELCTRO_EXP":117.7,"ELCTRI_VA":909.89,"ELCTRI_EXP":532.52,"MAQYEQ_VA":2393.58,"MAQYEQ_EXP":589.63,"AUTOMO_VA":1285.12,"AUTOMO_EXP":384.0,"OTRTRA_VA":2.64,"OTRTRA_EXP":5.63,"TRANSP_VA":301.4,"TRANSP_EXP":1.32,"OTRMAN_VA":2860.85,"OTRMAN_EXP":365.66,"ELEGAS_VA":7260.03,"ELEGAS_EXP":108.43,"AGUBAS_VA":3795.98,"AGUBAS_EXP":5.0,"CONSTR_VA":22123.31,"CONSTR_EXP":9.81,"COMREV_VA":27195.82,"COMREV_EXP":3685.92,"TRATIE_VA":12392.46,"TRATIE_EXP":1296.59,"TRAGUA_VA":120.64,"TRAGUA_EXP":91.81,"TRAAIR_VA":1502.96,"TRAAIR_EXP":1886.63,"ALMSTR_VA":2665.55,"ALMSTR_EXP":384.81,"POSTME_VA":437.76,"POSTME_EXP":92.92,"HOTYRE_VA":13993.31,"HOTYRE_EXP":753.88,"MMTVRA_VA":1362.45,"MMTVRA_EXP":150.22,"TELECO_VA":7812.6,"TELECO_EXP":327.31,"ITSERV_VA":2094.06,"ITSERV_EXP":94.85,"SERFIN_VA":15867.72,"SERFIN_EXP":187.77,"GOBEST_VA":27662.92,"GOBEST_EXP":126.93,"SPRSCT_VA":11223.74,"SPRSCT_EXP":529.57,"SEAEMP_VA":12314.95,"SEAEMP_EXP":568.5,"ADPDEF_VA":18830.01,"ADPDEF_EXP":110.7,"EDUCAC_VA":15249.25,"EDUCAC_EXP":39.77,"SALUDH_VA":15680.44,"SALUDH_EXP":28.43,"ESPARC_VA":8384.89,"ESPARC_EXP":144.62,"OTRSER_VA":6264.03,"OTRSER_EXP":38.99,"SERHOG_VA":2203.59,"SERHOG_EXP":0.0}},{"type":"Feature","geometry":{"type":"Point","coordinates":[-83.75,9.75]},"properties":{"id":"CRI","name":"Costa Rica","continent":"america","year":2012,"AGRPFO_VA":2138.07,"AGRPFO_EXP":1561.07,"FORLOG_VA":74.74,"FORLOG_EXP":14.41,"PESCAC_VA":29.87,"PESCAC_EXP":6.14,"MINCOL_VA":3.04,"MINCOL_EXP":0.51,"PETGAS_VA":0.7,"PETGAS_EXP":0.16,"MINORE_VA":0.2,"MINORE_EXP":0.06,"MINOTH_VA":148.43,"MINOTH_EXP":4.35,"MINSER_VA":0.18,"MINSER_EXP":0.03,"ALYBEB_VA":2325.67,"ALYBEB_EXP":1910.51,"TEXYPR_VA":211.63,"TEXYPR_EXP":162.83,"MADYPR_VA":82.65,"MADYPR_EXP":31.33,"PAPYPR_VA":363.65,"PAPYPR_EXP":182.87,"PETREF_VA":88.12,"PETREF_EXP":64.51,"QUIMYP_VA":337.07,"QUIMYP_EXP":320.76,"FARMED_VA":89.5,"FARMED_EXP":84.77,"HUPLAS_VA":282.19,"HUPLAS_EXP":467.4,"PRNOMT_VA":299.82,"PRNOMT_EXP":114.82,"METBAS_VA":64.27,"METBAS_EXP":134.56,"NONFER_VA":31.37,"NONFER_EXP":98.31,"PRMETA_VA":159.48,"PRMETA_EXP":102.57,"ELCTRO_VA":410.9,"ELCTRO_EXP":132.54,"ELCTRI_VA":243.67,"ELCTRI_EXP":457.21,"MAQYEQ_VA":7.65,"MAQYEQ_EXP":14.03,"AUTOMO_VA":23.69,"AUTOMO_EXP":6.22,"OTRTRA_VA":1.21,"OTRTRA_EXP":0.15,"TRANSP_VA":1.24,"TRANSP_EXP":0.15,"OTRMAN_VA":902.57,"OTRMAN_EXP":1038.72,"ELEGAS_VA":766.64,"ELEGAS_EXP":6.02,"AGUBAS_VA":373.28,"AGUBAS_EXP":0.28,"CONSTR_VA":2256.73,"CONSTR_EXP":0.94,"COMREV_VA":8855.1,"COMREV_EXP":1993.0,"TRATIE_VA":1335.46,"TRATIE_EXP":533.34,"TRAGUA_VA":378.64,"TRAGUA_EXP":273.3,"TRAAIR_VA":69.9,"TRAAIR_EXP":133.35,"ALMSTR_VA":367.48,"ALMSTR_EXP":223.95,"POSTME_VA":62.17,"POSTME_EXP":18.16,"HOTYRE_VA":1200.27,"HOTYRE_EXP":1146.65,"MMTVRA_VA":413.18,"MMTVRA_EXP":84.79,"TELECO_VA":663.77,"TELECO_EXP":299.71,"ITSERV_VA":659.77,"ITSERV_EXP":304.56,"SERFIN_VA":2048.19,"SERFIN_EXP":241.18,"GOBEST_VA":3703.68,"GOBEST_EXP":184.04,"SPRSCT_VA":1999.44,"SPRSCT_EXP":652.32,"SEAEMP_VA":2113.93,"SEAEMP_EXP":880.04,"ADPDEF_VA":1783.48,"ADPDEF_EXP":19.67,"EDUCAC_VA":3020.59,"EDUCAC_EXP":89.62,"SALUDH_VA":3178.46,"SALUDH_EXP":80.53,"ESPARC_VA":266.32,"ESPARC_EXP":224.09,"OTRSER_VA":398.79,"OTRSER_EXP":64.5,"SERHOG_VA":481.62,"SERHOG_EXP":0.0}},{"type":"Feature","geometry":{"type":"Point","coordinates":[33.43,35.13]},"properties":{"id":"CYP","name":"Chipre","continent":"europe","year":2012,"AGRPFO_VA":462.24,"AGRPFO_EXP":86.13,"FORLOG_VA":19.77,"FORLOG_EXP":3.11,"PESCAC_VA":30.47,"PESCAC_EXP":20.48,"MINCOL_VA":0.0,"MINCOL_EXP":0.0,"PETGAS_VA":13.6,"PETGAS_EXP":0.3,"MINORE_VA":12.95,"MINORE_EXP":16.45,"MINOTH_VA":25.76,"MINOTH_EXP":14.44,"MINSER_VA":0.21,"MINSER_EXP":0.12,"ALYBEB_VA":375.72,"ALYBEB_EXP":281.21,"TEXYPR_VA":20.77,"TEXYPR_EXP":6.42,"MADYPR_VA":68.29,"MADYPR_EXP":36.66,"PAPYPR_VA":66.82,"PAPYPR_EXP":14.71,"PETREF_VA":0.6,"PETREF_EXP":0.04,"QUIMYP_VA":28.71,"QUIMYP_EXP":47.68,"FARMED_VA":87.47,"FARMED_EXP":126.63,"HUPLAS_VA":34.61,"HUPLAS_EXP":20.05,"PRNOMT_VA":130.53,"PRNOMT_EXP":20.25,"METBAS_VA":6.0,"METBAS_EXP":15.36,"NONFER_VA":32.88,"NONFER_EXP":68.18,"PRMETA_VA":121.63,"PRMETA_EXP":19.52,"ELCTRO_VA":3.3,"ELCTRO_EXP":8.81,"ELCTRI_VA":16.9,"ELCTRI_EXP":30.0,"MAQYEQ_VA":32.61,"MAQYEQ_EXP":33.05,"AUTOMO_VA":3.24,"AUTOMO_EXP":3.57,"OTRTRA_VA":1.2,"OTRTRA_EXP":0.22,"TRANSP_VA":1.81,"TRANSP_EXP":0.24,"OTRMAN_VA":81.74,"OTRMAN_EXP":47.98,"ELEGAS_VA":394.61,"ELEGAS_EXP":0.0,"AGUBAS_VA":181.56,"AGUBAS_EXP":1.39,"CONSTR_VA":1383.06,"CONSTR_EXP":15.15,"COMREV_VA":2432.18,"COMREV_EXP":482.38,"TRATIE_VA":254.96,"TRATIE_EXP":158.28,"TRAGUA_VA":797.18,"TRAGUA_EXP":649.89,"TRAAIR_VA":13.09,"TRAAIR_EXP":211.86,"ALMSTR_VA":544.48,"ALMSTR_EXP":891.54,"POSTME_VA":41.7,"POSTME_EXP":25.64,"HOTYRE_VA":1372.21,"HOTYRE_EXP":986.88,"MMTVRA_VA":167.91,"MMTVRA_EXP":319.13,"TELECO_VA":425.17,"TELECO_EXP":147.62,"ITSERV_VA":241.08,"ITSERV_EXP":770.57,"SERFIN_VA":2606.62,"SERFIN_EXP":3898.74,"GOBEST_VA":2361.43,"GOBEST_EXP":136.36,"SPRSCT_VA":1696.93,"SPRSCT_EXP":296.4,"SEAEMP_VA":345.16,"SEAEMP_EXP":203.42,"ADPDEF_VA":2618.47,"ADPDEF_EXP":22.28,"EDUCAC_VA":1355.46,"EDUCAC_EXP":91.77,"SALUDH_VA":905.81,"SALUDH_EXP":39.3,"ESPARC_VA":453.84,"ESPARC_EXP":90.85,"OTRSER_VA":370.19,"OTRSER_EXP":51.27,"SERHOG_VA":279.76,"SERHOG_EXP":0.0}},{"type":"Feature","geometry":{"type":"Point","coordinates":[15.47,49.82]},"properties":{"id":"CZE","name":"Chequia","continent":"europe","year":2012,"AGRPFO_VA":3607.24,"AGRPFO_EXP":1756.96,"FORLOG_VA":1369.55,"FORLOG_EXP":256.64,"PESCAC_VA":34.31,"PESCAC_EXP":24.91,"MINCOL_VA":1556.04,"MINCOL_EXP":431.67,"PETGAS_VA":210.92,"PETGAS_EXP":166.42,"MINORE_VA":76.09,"MINORE_EXP":6.47,"MINOTH_VA":282.39,"MINOTH_EXP":103.97,"MINSER_VA":118.67,"MINSER_EXP":49.89,"ALYBEB_VA":4331.32,"ALYBEB_EXP":5111.35,"TEXYPR_VA":1150.12,"TEXYPR_EXP":1519.55,"MADYPR_VA":1144.12,"MADYPR_EXP":586.06,"PAPYPR_VA":1375.67,"PAPYPR_EXP":880.56,"PETREF_VA":1220.73,"PETREF_EXP":830.62,"QUIMYP_VA":1624.78,"QUIMYP_EXP":6025.71,"FARMED_VA":847.27,"FARMED_EXP":813.57,"HUPLAS_VA":3611.06,"HUPLAS_EXP":6668.9,"PRNOMT_VA":2201.34,"PRNOMT_EXP":2728.72,"METBAS_VA":1261.02,"METBAS_EXP":4680.16,"NONFER_VA":427.14,"NONFER_EXP":1635.67,"PRMETA_VA":5088.25,"PRMETA_EXP":7700.62,"ELCTRO_VA":3001.35,"ELCTRO_EXP":12167.51,"ELCTRI_VA":3647.85,"ELCTRI_EXP":8441.7,"MAQYEQ_VA":4696.78,"MAQYEQ_EXP":12038.06,"AUTOMO_VA":8826.12,"AUTOMO_EXP":29678.64,"OTRTRA_VA":6.17,"OTRTRA_EXP":22.81,"TRANSP_VA":1027.59,"TRANSP_EXP":1514.37,"OTRMAN_VA":3604.39,"OTRMAN_EXP":1786.21,"ELEGAS_VA":7615.81,"ELEGAS_EXP":1553.74,"AGUBAS_VA":2232.6,"AGUBAS_EXP":72.48,"CONSTR_VA":11430.23,"CONSTR_EXP":447.15,"COMREV_VA":20558.05,"COMREV_EXP":10225.54,"TRATIE_VA":6277.59,"TRATIE_EXP":5790.32,"TRAGUA_VA":192.24,"TRAGUA_EXP":47.68,"TRAAIR_VA":223.56,"TRAAIR_EXP":1207.56,"ALMSTR_VA":4384.3,"ALMSTR_EXP":1998.71,"POSTME_VA":823.65,"POSTME_EXP":60.67,"HOTYRE_VA":3819.82,"HOTYRE_EXP":2256.05,"MMTVRA_VA":1795.76,"MMTVRA_EXP":1099.09,"TELECO_VA":3096.59,"TELECO_EXP":747.13,"ITSERV_VA":4417.24,"ITSERV_EXP":1606.86,"SERFIN_VA":8397.43,"SERFIN_EXP":955.6,"GOBEST_VA":19062.36,"GOBEST_EXP":487.05,"SPRSCT_VA":9608.19,"SPRSCT_EXP":3945.9,"SEAEMP_VA":3411.46,"SEAEMP_EXP":905.22,"ADPDEF_VA":11677.61,"ADPDEF_EXP":200.3,"EDUCAC_VA":8115.1,"EDUCAC_EXP":387.97,"SALUDH_VA":8453.43,"SALUDH_EXP":181.94,"ESPARC_VA":1957.23,"ESPARC_EXP":540.93,"OTRSER_VA":2081.52,"OTRSER_EXP":139.23,"SERHOG_VA":145.35,"SERHOG_EXP":0.0}},{"type":"Feature","geometry":{"type":"Point","coordinates":[10.45,51.17]},"properties":{"id":"DEU","name":"Alemania","continent":"europe","year":2012,"AGRPFO_VA":29550.95,"AGRPFO_EXP":8058.2,"FORLOG_VA":4085.69,"FORLOG_EXP":541.28,"PESCAC_VA":345.26,"PESCAC_EXP":177.53,"MINCOL_VA":2551.57,"MINCOL_EXP":182.7,"PETGAS_VA":1810.86,"PETGAS_EXP":1155.65,"MINORE_VA":0.0,"MINORE_EXP":0.0,"MINOTH_VA":3100.11,"MINOTH_EXP":1603.4,"MINSER_VA":348.63,"MINSER_EXP":589.53,"ALYBEB_VA":51624.72,"ALYBEB_EXP":49004.98,"TEXYPR_VA":9841.78,"TEXYPR_EXP":13076.01,"MADYPR_VA":8056.98,"MADYPR_EXP":5717.66,"PAPYPR_VA":24824.95,"PAPYPR_EXP":21323.46,"PETREF_VA":19360.43,"PETREF_EXP":29137.99,"QUIMYP_VA":53610.41,"QUIMYP_EXP":105305.44,"FARMED_VA":28242.65,"FARMED_EXP":30782.43,"HUPLAS_VA":33848.88,"HUPLAS_EXP":34814.6,"PRNOMT_VA":20799.01,"PRNOMT_EXP":11963.02,"METBAS_VA":20301.49,"METBAS_EXP":33572.18,"NONFER_VA":10678.65,"NONFER_EXP":34783.12,"PRMETA_VA":64385.12,"PRMETA_EXP":36476.01,"ELCTRO_VA":42531.34,"ELCTRO_EXP":73710.07,"ELCTRI_VA":52954.9,"ELCTRI_EXP":69724.17,"MAQYEQ_VA":115670.88,"MAQYEQ_EXP":149228.4,"AUTOMO_VA":131537.56,"AUTOMO_EXP":217770.61,"OTRTRA_VA":1822.45,"OTRTRA_EXP":3099.23,"TRANSP_VA":13272.17,"TRANSP_EXP":15682.32,"OTRMAN_VA":48802.69,"OTRMAN_EXP":29792.87,"ELEGAS_VA":59181.74,"ELEGAS_EXP":6066.71,"AGUBAS_VA":34353.42,"AGUBAS_EXP":355.97,"CONSTR_VA":138481.85,"CONSTR_EXP":968.36,"COMREV_VA":310402.07,"COMREV_EXP":144392.25,"TRATIE_VA":58704.24,"TRATIE_EXP":22668.04,"TRAGUA_VA":9966.59,"TRAGUA_EXP":31906.01,"TRAAIR_VA":10217.33,"TRAAIR_EXP":25409.64,"ALMSTR_VA":56999.43,"ALMSTR_EXP":13361.39,"POSTME_VA":16857.78,"POSTME_EXP":2654.14,"HOTYRE_VA":51221.27,"HOTYRE_EXP":7615.35,"MMTVRA_VA":37010.86,"MMTVRA_EXP":9720.96,"TELECO_VA":34288.44,"TELECO_EXP":4075.59,"ITSERV_VA":77696.06,"ITSERV_EXP":14070.6,"SERFIN_VA":158903.39,"SERFIN_EXP":41864.52,"GOBEST_VA":354393.99,"GOBEST_EXP":2647.78,"SPRSCT_VA":202578.91,"SPRSCT_EXP":55788.9,"SEAEMP_VA":145015.39,"SEAEMP_EXP":20917.23,"ADPDEF_VA":196085.73,"ADPDEF_EXP":0.05,"EDUCAC_VA":147705.37,"EDUCAC_EXP":3436.95,"SALUDH_VA":248331.45,"SALUDH_EXP":954.99,"ESPARC_VA":37698.41,"ESPARC_EXP":2037.31,"OTRSER_VA":81094.98,"OTRSER_EXP":713.34,"SERHOG_VA":8017.05,"SERHOG_EXP":0.0}},{"type":"Feature","geometry":{"type":"Point","coordinates":[9.5,56.26]},"properties":{"id":"DNK","name":"Dinamarca","continent":"europe","year":2012,"AGRPFO_VA":5195.92,"AGRPFO_EXP":4336.04,"FORLOG_VA":154.69,"FORLOG_EXP":65.45,"PESCAC_VA":402.09,"PESCAC_EXP":495.01,"MINCOL_VA":0.0,"MINCOL_EXP":0.0,"PETGAS_VA":8560.38,"PETGAS_EXP":5398.2,"MINORE_VA":0.0,"MINORE_EXP":0.0,"MINOTH_VA":191.64,"MINOTH_EXP":162.47,"MINSER_VA":437.55,"MINSER_EXP":104.54,"ALYBEB_VA":5069.15,"ALYBEB_EXP":11302.66,"TEXYPR_VA":446.87,"TEXYPR_EXP":715.62,"MADYPR_VA":735.15,"MADYPR_EXP":443.66,"PAPYPR_VA":1173.91,"PAPYPR_EXP":641.55,"PETREF_VA":-731.49,"PETREF_EXP":2867.21,"QUIMYP_VA":2613.4,"QUIMYP_EXP":3902.01,"FARMED_VA":7919.39,"FARMED_EXP":8445.15,"HUPLAS_VA":1408.33,"HUPLAS_EXP":1858.94,"PRNOMT_VA":1433.45,"PRNOMT_EXP":923.08,"METBAS_VA":297.23,"METBAS_EXP":456.66,"NONFER_VA":125.54,"NONFER_EXP":306.22,"PRMETA_VA":2818.37,"PRMETA_EXP":2428.89,"ELCTRO_VA":2803.58,"ELCTRO_EXP":3857.03,"ELCTRI_VA":1225.09,"ELCTRI_EXP":1976.56,"MAQYEQ_VA":6928.25,"MAQYEQ_EXP":11065.12,"AUTOMO_VA":455.45,"AUTOMO_EXP":664.78,"OTRTRA_VA":140.71,"OTRTRA_EXP":128.34,"TRANSP_VA":125.67,"TRANSP_EXP":128.81,"OTRMAN_VA":4188.06,"OTRMAN_EXP":4219.2,"ELEGAS_VA":3893.77,"ELEGAS_EXP":1488.33,"AGUBAS_VA":2612.38,"AGUBAS_EXP":70.17,"CONSTR_VA":13981.73,"CONSTR_EXP":732.63,"COMREV_VA":37869.86,"COMREV_EXP":17393.78,"TRATIE_VA":6212.28,"TRATIE_EXP":4879.45,"TRAGUA_VA":3145.95,"TRAGUA_EXP":30755.45,"TRAAIR_VA":970.19,"TRAAIR_EXP":3466.34,"ALMSTR_VA":4132.07,"ALMSTR_EXP":3099.27,"POSTME_VA":1516.74,"POSTME_EXP":286.67,"HOTYRE_VA":4382.83,"HOTYRE_EXP":1513.98,"MMTVRA_VA":3821.76,"MMTVRA_EXP":1228.18,"TELECO_VA":3626.53,"TELECO_EXP":937.18,"ITSERV_VA":5820.12,"ITSERV_EXP":2317.5,"SERFIN_VA":17625.88,"SERFIN_EXP":1881.2,"GOBEST_VA":30405.68,"GOBEST_EXP":438.15,"SPRSCT_VA":15608.11,"SPRSCT_EXP":7201.77,"SEAEMP_VA":8465.89,"SEAEMP_EXP":3713.38,"ADPDEF_VA":16845.56,"ADPDEF_EXP":78.93,"EDUCAC_VA":18793.04,"EDUCAC_EXP":1033.34,"SALUDH_VA":32079.5,"SALUDH_EXP":127.92,"ESPARC_VA":4535.93,"ESPARC_EXP":529.32,"OTRSER_VA":4765.98,"OTRSER_EXP":99.24,"SERHOG_VA":799.39,"SERHOG_EXP":0.0}},{"type":"Feature","geometry":{"type":"Point","coordinates":[30.8,26.82]},"properties":{"id":"EGY","name":"Egipto","continent":"other","year":2012,"AGRPFO_VA":28821.1,"AGRPFO_EXP":2441.8,"FORLOG_VA":3.83,"FORLOG_EXP":1.85,"PESCAC_VA":2792.77,"PESCAC_EXP":17.05,"MINCOL_VA":0.0,"MINCOL_EXP":0.0,"PETGAS_VA":32503.09,"PETGAS_EXP":4166.31,"MINORE_VA":482.2,"MINORE_EXP":14.01,"MINOTH_VA":1596.01,"MINOTH_EXP":469.14,"MINSER_VA":1061.79,"MINSER_EXP":25.73,"ALYBEB_VA":7035.1,"ALYBEB_EXP":2177.13,"TEXYPR_VA":3602.1,"TEXYPR_EXP":1941.83,"MADYPR_VA":1306.39,"MADYPR_EXP":48.67,"PAPYPR_VA":2510.09,"PAPYPR_EXP":350.49,"PETREF_VA":8621.87,"PETREF_EXP":3132.98,"QUIMYP_VA":4528.04,"QUIMYP_EXP":2159.6,"FARMED_VA":1216.06,"FARMED_EXP":172.87,"HUPLAS_VA":736.15,"HUPLAS_EXP":542.19,"PRNOMT_VA":3310.9,"PRNOMT_EXP":894.98,"METBAS_VA":2531.12,"METBAS_EXP":1212.41,"NONFER_VA":2750.07,"NONFER_EXP":1092.53,"PRMETA_VA":1627.57,"PRMETA_EXP":263.64,"ELCTRO_VA":254.51,"ELCTRO_EXP":129.15,"ELCTRI_VA":1137.64,"ELCTRI_EXP":856.25,"MAQYEQ_VA":406.17,"MAQYEQ_EXP":149.99,"AUTOMO_VA":635.0,"AUTOMO_EXP":110.26,"OTRTRA_VA":26.47,"OTRTRA_EXP":0.9,"TRANSP_VA":82.74,"TRANSP_EXP":0.94,"OTRMAN_VA":3552.6,"OTRMAN_EXP":483.31,"ELEGAS_VA":3096.95,"ELEGAS_EXP":91.24,"AGUBAS_VA":1373.72,"AGUBAS_EXP":3.77,"CONSTR_VA":15868.26,"CONSTR_EXP":32.8,"COMREV_VA":34874.37,"COMREV_EXP":3034.74,"TRATIE_VA":6652.67,"TRATIE_EXP":1865.41,"TRAGUA_VA":5292.66,"TRAGUA_EXP":1887.09,"TRAAIR_VA":1926.0,"TRAAIR_EXP":1289.57,"ALMSTR_VA":10363.11,"ALMSTR_EXP":4346.88,"POSTME_VA":406.21,"POSTME_EXP":164.46,"HOTYRE_VA":8234.59,"HOTYRE_EXP":4922.84,"MMTVRA_VA":1244.45,"MMTVRA_EXP":313.32,"TELECO_VA":5983.4,"TELECO_EXP":646.82,"ITSERV_VA":897.07,"ITSERV_EXP":249.04,"SERFIN_VA":11777.15,"SERFIN_EXP":391.13,"GOBEST_VA":21880.0,"GOBEST_EXP":402.3,"SPRSCT_VA":6036.46,"SPRSCT_EXP":490.47,"SEAEMP_VA":4062.57,"SEAEMP_EXP":1594.94,"ADPDEF_VA":14259.56,"ADPDEF_EXP":35.43,"EDUCAC_VA":13437.72,"EDUCAC_EXP":141.94,"SALUDH_VA":8143.55,"SALUDH_EXP":80.99,"ESPARC_VA":3002.78,"ESPARC_EXP":165.85,"OTRSER_VA":4262.91,"OTRSER_EXP":121.69,"SERHOG_VA":156.25,"SERHOG_EXP":0.0}},{"type":"Feature","geometry":{"type":"Point","coordinates":[-3.75,40.46]},"properties":{"id":"ESP","name":"España","continent":"europe","year":2012,"AGRPFO_VA":29360.65,"AGRPFO_EXP":12952.19,"FORLOG_VA":1236.7,"FORLOG_EXP":210.71,"PESCAC_VA":1895.24,"PESCAC_EXP":435.28,"MINCOL_VA":297.65,"MINCOL_EXP":108.02,"PETGAS_VA":84.4,"PETGAS_EXP":85.27,"MINORE_VA":777.29,"MINORE_EXP":1130.46,"MINOTH_VA":1814.21,"MINOTH_EXP":859.35,"MINSER_VA":114.37,"MINSER_EXP":170.46,"ALYBEB_VA":31856.87,"ALYBEB_EXP":23172.32,"TEXYPR_VA":10526.06,"TEXYPR_EXP":9019.08,"MADYPR_VA":2138.79,"MADYPR_EXP":1476.0,"PAPYPR_VA":8122.66,"PAPYPR_EXP":5273.07,"PETREF_VA":3194.6,"PETREF_EXP":23902.14,"QUIMYP_VA":10697.24,"QUIMYP_EXP":21134.93,"FARMED_VA":7058.22,"FARMED_EXP":10182.25,"HUPLAS_VA":6841.07,"HUPLAS_EXP":7421.18,"PRNOMT_VA":6572.9,"PRNOMT_EXP":5405.98,"METBAS_VA":3199.06,"METBAS_EXP":9331.03,"NONFER_VA":1980.86,"NONFER_EXP":7500.36,"PRMETA_VA":12641.29,"PRMETA_EXP":9556.23,"ELCTRO_VA":2584.57,"ELCTRO_EXP":3235.54,"ELCTRI_VA":4991.41,"ELCTRI_EXP":9705.92,"MAQYEQ_VA":8601.44,"MAQYEQ_EXP":13261.26,"AUTOMO_VA":10691.66,"AUTOMO_EXP":36808.12,"OTRTRA_VA":1109.17,"OTRTRA_EXP":660.4,"TRANSP_VA":4776.89,"TRANSP_EXP":5958.99,"OTRMAN_VA":12411.74,"OTRMAN_EXP":6152.74,"ELEGAS_VA":33644.49,"ELEGAS_EXP":1022.76,"AGUBAS_VA":13890.28,"AGUBAS_EXP":111.68,"CONSTR_VA":84191.84,"CONSTR_EXP":939.25,"COMREV_VA":157483.03,"COMREV_EXP":51837.2,"TRATIE_VA":31665.91,"TRATIE_EXP":13697.08,"TRAGUA_VA":838.63,"TRAGUA_EXP":1061.87,"TRAAIR_VA":2625.31,"TRAAIR_EXP":9471.11,"ALMSTR_VA":20933.65,"ALMSTR_EXP":7648.09,"POSTME_VA":2606.18,"POSTME_EXP":233.75,"HOTYRE_VA":77748.75,"HOTYRE_EXP":14429.67,"MMTVRA_VA":9767.57,"MMTVRA_EXP":3270.29,"TELECO_VA":22344.67,"TELECO_EXP":4923.88,"ITSERV_VA":17049.79,"ITSERV_EXP":10330.3,"SERFIN_VA":52503.91,"SERFIN_EXP":8882.12,"GOBEST_VA":151752.26,"GOBEST_EXP":3147.16,"SPRSCT_VA":52615.1,"SPRSCT_EXP":12208.34,"SEAEMP_VA":42925.83,"SEAEMP_EXP":10227.77,"ADPDEF_VA":80113.23,"ADPDEF_EXP":2088.95,"EDUCAC_VA":67427.58,"EDUCAC_EXP":2648.01,"SALUDH_VA":79016.91,"SALUDH_EXP":987.87,"ESPARC_VA":24529.55,"ESPARC_EXP":2427.0,"OTRSER_VA":21394.44,"OTRSER_EXP":1054.75,"SERHOG_VA":12426.85,"SERHOG_EXP":0.0}},{"type":"Feature","geometry":{"type":"Point","coordinates":[25.01,58.6]},"properties":{"id":"EST","name":"Estonia","continent":"europe","year":2012,"AGRPFO_VA":486.92,"AGRPFO_EXP":320.35,"FORLOG_VA":281.15,"FORLOG_EXP":182.7,"PESCAC_VA":49.1,"PESCAC_EXP":69.71,"MINCOL_VA":20.12,"MINCOL_EXP":0.89,"PETGAS_VA":162.72,"PETGAS_EXP":84.73,"MINORE_VA":0.0,"MINORE_EXP":0.0,"MINOTH_VA":62.35,"MINOTH_EXP":14.74,"MINSER_VA":1.37,"MINSER_EXP":2.61,"ALYBEB_VA":431.11,"ALYBEB_EXP":759.39,"TEXYPR_VA":215.4,"TEXYPR_EXP":408.39,"MADYPR_VA":470.73,"MADYPR_EXP":1092.69,"PAPYPR_VA":177.2,"PAPYPR_EXP":275.84,"PETREF_VA":236.36,"PETREF_EXP":240.32,"QUIMYP_VA":110.78,"QUIMYP_EXP":571.86,"FARMED_VA":15.26,"FARMED_EXP":44.25,"HUPLAS_VA":132.6,"HUPLAS_EXP":334.49,"PRNOMT_VA":165.08,"PRNOMT_EXP":223.45,"METBAS_VA":0.93,"METBAS_EXP":3.17,"NONFER_VA":9.92,"NONFER_EXP":38.72,"PRMETA_VA":374.34,"PRMETA_EXP":827.53,"ELCTRO_VA":237.39,"ELCTRO_EXP":1618.56,"ELCTRI_VA":205.73,"ELCTRI_EXP":465.2,"MAQYEQ_VA":131.7,"MAQYEQ_EXP":296.27,"AUTOMO_VA":126.79,"AUTOMO_EXP":275.94,"OTRTRA_VA":24.05,"OTRTRA_EXP":37.85,"TRANSP_VA":0.78,"TRANSP_EXP":0.5,"OTRMAN_VA":382.29,"OTRMAN_EXP":605.62,"ELEGAS_VA":625.78,"ELEGAS_EXP":249.11,"AGUBAS_VA":185.56,"AGUBAS_EXP":8.57,"CONSTR_VA":1575.77,"CONSTR_EXP":55.55,"COMREV_VA":2576.28,"COMREV_EXP":1361.32,"TRATIE_VA":911.45,"TRATIE_EXP":807.66,"TRAGUA_VA":177.31,"TRAGUA_EXP":493.16,"TRAAIR_VA":0.15,"TRAAIR_EXP":150.23,"ALMSTR_VA":974.54,"ALMSTR_EXP":1759.48,"POSTME_VA":55.05,"POSTME_EXP":68.99,"HOTYRE_VA":369.41,"HOTYRE_EXP":405.28,"MMTVRA_VA":148.66,"MMTVRA_EXP":95.63,"TELECO_VA":406.67,"TELECO_EXP":157.18,"ITSERV_VA":495.17,"ITSERV_EXP":366.58,"SERFIN_VA":912.33,"SERFIN_EXP":229.26,"GOBEST_VA":2119.7,"GOBEST_EXP":91.39,"SPRSCT_VA":1006.29,"SPRSCT_EXP":404.26,"SEAEMP_VA":777.1,"SEAEMP_EXP":471.23,"ADPDEF_VA":1295.48,"ADPDEF_EXP":22.14,"EDUCAC_VA":906.06,"EDUCAC_EXP":35.62,"SALUDH_VA":716.9,"SALUDH_EXP":22.09,"ESPARC_VA":289.62,"ESPARC_EXP":76.41,"OTRSER_VA":172.94,"OTRSER_EXP":25.77,"SERHOG_VA":9.92,"SERHOG_EXP":0.0}},{"type":"Feature","geometry":{"type":"Point","coordinates":[25.75,61.92]},"properties":{"id":"FIN","name":"Finlandia","continent":"europe","year":2012,"AGRPFO_VA":2068.27,"AGRPFO_EXP":1145.8,"FORLOG_VA":3798.12,"FORLOG_EXP":90.5,"PESCAC_VA":149.67,"PESCAC_EXP":24.79,"MINCOL_VA":231.6,"MINCOL_EXP":12.06,"PETGAS_VA":0.0,"PETGAS_EXP":0.0,"MINORE_VA":539.35,"MINORE_EXP":1029.51,"MINOTH_VA":540.26,"MINOTH_EXP":230.6,"MINSER_VA":13.6,"MINSER_EXP":18.46,"ALYBEB_VA":3622.27,"ALYBEB_EXP":1802.95,"TEXYPR_VA":627.7,"TEXYPR_EXP":741.0,"MADYPR_VA":1533.35,"MADYPR_EXP":2447.9,"PAPYPR_VA":4813.35,"PAPYPR_EXP":10359.32,"PETREF_VA":2573.46,"PETREF_EXP":6890.96,"QUIMYP_VA":2236.45,"QUIMYP_EXP":5401.98,"FARMED_VA":1609.96,"FARMED_EXP":1267.83,"HUPLAS_VA":1488.54,"HUPLAS_EXP":1871.26,"PRNOMT_VA":1517.71,"PRNOMT_EXP":794.39,"METBAS_VA":1047.47,"METBAS_EXP":4144.6,"NONFER_VA":592.78,"NONFER_EXP":2011.88,"PRMETA_VA":3547.84,"PRMETA_EXP":1841.3,"ELCTRO_VA":3708.01,"ELCTRO_EXP":5176.61,"ELCTRI_VA":2370.84,"ELCTRI_EXP":3452.84,"MAQYEQ_VA":6330.56,"MAQYEQ_EXP":10317.27,"AUTOMO_VA":582.82,"AUTOMO_EXP":909.6,"OTRTRA_VA":351.94,"OTRTRA_EXP":618.57,"TRANSP_VA":289.72,"TRANSP_EXP":474.16,"OTRMAN_VA":2719.89,"OTRMAN_EXP":1117.68,"ELEGAS_VA":5085.16,"ELEGAS_EXP":178.73,"AGUBAS_VA":2094.97,"AGUBAS_EXP":37.85,"CONSTR_VA":15487.01,"CONSTR_EXP":10.4,"COMREV_VA":23428.42,"COMREV_EXP":8772.33,"TRATIE_VA":6951.59,"TRATIE_EXP":841.88,"TRAGUA_VA":919.92,"TRAGUA_EXP":1485.51,"TRAAIR_VA":916.62,"TRAAIR_EXP":1614.81,"ALMSTR_VA":3044.51,"ALMSTR_EXP":579.55,"POSTME_VA":1153.33,"POSTME_EXP":146.89,"HOTYRE_VA":4012.49,"HOTYRE_EXP":968.22,"MMTVRA_VA":3428.5,"MMTVRA_EXP":1035.31,"TELECO_VA":2833.34,"TELECO_EXP":293.15,"ITSERV_VA":5598.0,"ITSERV_EXP":4103.86,"SERFIN_VA":6832.23,"SERFIN_EXP":912.89,"GOBEST_VA":26726.69,"GOBEST_EXP":263.19,"SPRSCT_VA":11598.81,"SPRSCT_EXP":4736.11,"SEAEMP_VA":7850.47,"SEAEMP_EXP":2288.37,"ADPDEF_VA":14630.73,"ADPDEF_EXP":187.46,"EDUCAC_VA":13302.14,"EDUCAC_EXP":733.38,"SALUDH_VA":22659.32,"SALUDH_EXP":71.65,"ESPARC_VA":3122.44,"ESPARC_EXP":170.04,"OTRSER_VA":4026.21,"OTRSER_EXP":158.26,"SERHOG_VA":292.44,"SERHOG_EXP":0.0}},{"type":"Feature","geometry":{"type":"Point","coordinates":[2.21,46.23]},"properties":{"id":"FRA","name":"Francia","continent":"europe","year":2012,"AGRPFO_VA":40834.95,"AGRPFO_EXP":17140.59,"FORLOG_VA":3098.56,"FORLOG_EXP":438.32,"PESCAC_VA":1251.32,"PESCAC_EXP":587.7,"MINCOL_VA":9.94,"MINCOL_EXP":6.27,"PETGAS_VA":339.08,"PETGAS_EXP":441.18,"MINORE_VA":15.9,"MINORE_EXP":24.83,"MINOTH_VA":2920.45,"MINOTH_EXP":556.77,"MINSER_VA":59.61,"MINSER_EXP":51.83,"ALYBEB_VA":48465.23,"ALYBEB_EXP":40454.4,"TEXYPR_VA":7926.0,"TEXYPR_EXP":10178.78,"MADYPR_VA":4729.95,"MADYPR_EXP":2088.0,"PAPYPR_VA":12262.59,"PAPYPR_EXP":7326.81,"PETREF_VA":5096.11,"PETREF_EXP":20827.44,"QUIMYP_VA":18623.39,"QUIMYP_EXP":56988.29,"FARMED_VA":15278.71,"FARMED_EXP":18408.04,"HUPLAS_VA":14150.9,"HUPLAS_EXP":14527.04,"PRNOMT_VA":11118.1,"PRNOMT_EXP":4989.08,"METBAS_VA":5931.82,"METBAS_EXP":14452.13,"NONFER_VA":3675.87,"NONFER_EXP":9017.62,"PRMETA_VA":28775.43,"PRMETA_EXP":11243.47,"ELCTRO_VA":12613.57,"ELCTRO_EXP":24180.31,"ELCTRI_VA":10470.49,"ELCTRI_EXP":21292.83,"MAQYEQ_VA":19098.31,"MAQYEQ_EXP":37089.03,"AUTOMO_VA":17669.45,"AUTOMO_EXP":40988.61,"OTRTRA_VA":2188.78,"OTRTRA_EXP":1786.44,"TRANSP_VA":15672.92,"TRANSP_EXP":31557.17,"OTRMAN_VA":42121.5,"OTRMAN_EXP":18364.18,"ELEGAS_VA":34761.24,"ELEGAS_EXP":3428.7,"AGUBAS_VA":18345.06,"AGUBAS_EXP":20.23,"CONSTR_VA":149063.79,"CONSTR_EXP":34.35,"COMREV_VA":263173.27,"COMREV_EXP":102825.85,"TRATIE_VA":51174.0,"TRATIE_EXP":17361.89,"TRAGUA_VA":4095.11,"TRAGUA_EXP":15000.92,"TRAAIR_VA":6720.52,"TRAAIR_EXP":17142.69,"ALMSTR_VA":43650.08,"ALMSTR_EXP":6203.46,"POSTME_VA":10537.31,"POSTME_EXP":1335.91,"HOTYRE_VA":54819.82,"HOTYRE_EXP":25919.5,"MMTVRA_VA":29911.93,"MMTVRA_EXP":5946.27,"TELECO_VA":36304.17,"TELECO_EXP":6260.69,"ITSERV_VA":61270.34,"ITSERV_EXP":6320.02,"SERFIN_VA":103046.04,"SERFIN_EXP":17638.07,"GOBEST_VA":336034.06,"GOBEST_EXP":4510.48,"SPRSCT_VA":198747.05,"SPRSCT_EXP":31786.82,"SEAEMP_VA":131667.78,"SEAEMP_EXP":36408.06,"ADPDEF_VA":200650.02,"ADPDEF_EXP":1712.78,"EDUCAC_VA":131148.25,"EDUCAC_EXP":1978.05,"SALUDH_VA":213999.64,"SALUDH_EXP":2270.75,"ESPARC_VA":33288.64,"ESPARC_EXP":4383.22,"OTRSER_VA":37508.09,"OTRSER_EXP":1271.01,"SERHOG_VA":5095.06,"SERHOG_EXP":0.0}},{"type":"Feature","geometry":{"type":"Point","coordinates":[-3.44,55.38]},"properties":{"id":"GBR","name":"Reino Unido","continent":"europe","year":2012,"AGRPFO_VA":16042.78,"AGRPFO_EXP":2660.63,"FORLOG_VA":1046.36,"FORLOG_EXP":91.48,"PESCAC_VA":1240.52,"PESCAC_EXP":750.49,"MINCOL_VA":695.06,"MINCOL_EXP":102.45,"PETGAS_VA":34630.28,"PETGAS_EXP":29935.67,"MINORE_VA":0.0,"MINORE_EXP":0.0,"MINOTH_VA":2473.5,"MINOTH_EXP":3398.46,"MINSER_VA":3968.04,"MINSER_EXP":1120.86,"ALYBEB_VA":43894.57,"ALYBEB_EXP":22603.99,"TEXYPR_VA":8276.44,"TEXYPR_EXP":7023.9,"MADYPR_VA":4267.81,"MADYPR_EXP":624.18,"PAPYPR_VA":14054.35,"PAPYPR_EXP":3745.89,"PETREF_VA":2136.61,"PETREF_EXP":26322.98,"QUIMYP_VA":14211.53,"QUIMYP_EXP":25053.14,"FARMED_VA":19867.91,"FARMED_EXP":17374.17,"HUPLAS_VA":11828.3,"HUPLAS_EXP":8477.61,"PRNOMT_VA":7653.25,"PRNOMT_EXP":2696.49,"METBAS_VA":4286.33,"METBAS_EXP":7996.04,"NONFER_VA":2407.73,"NONFER_EXP":8033.4,"PRMETA_VA":23877.14,"PRMETA_EXP":8185.91,"ELCTRO_VA":19166.34,"ELCTRO_EXP":11693.68,"ELCTRI_VA":7614.56,"ELCTRI_EXP":11126.94,"MAQYEQ_VA":22788.67,"MAQYEQ_EXP":27631.62,"AUTOMO_VA":17896.68,"AUTOMO_EXP":39714.61,"OTRTRA_VA":2573.54,"OTRTRA_EXP":1414.01,"TRANSP_VA":14261.84,"TRANSP_EXP":20104.29,"OTRMAN_VA":24560.68,"OTRMAN_EXP":11718.12,"ELEGAS_VA":37585.45,"ELEGAS_EXP":396.48,"AGUBAS_VA":33696.85,"AGUBAS_EXP":303.47,"CONSTR_VA":138025.33,"CONSTR_EXP":498.95,"COMREV_VA":261091.74,"COMREV_EXP":66502.74,"TRATIE_VA":42445.04,"TRATIE_EXP":7639.82,"TRAGUA_VA":8474.02,"TRAGUA_EXP":12498.45,"TRAAIR_VA":5150.09,"TRAAIR_EXP":12323.03,"ALMSTR_VA":31623.44,"ALMSTR_EXP":6030.4,"POSTME_VA":18819.25,"POSTME_EXP":1719.39,"HOTYRE_VA":67421.95,"HOTYRE_EXP":9756.91,"MMTVRA_VA":44229.35,"MMTVRA_EXP":15041.03,"TELECO_VA":45302.74,"TELECO_EXP":9549.44,"ITSERV_VA":65659.84,"ITSERV_EXP":17970.37,"SERFIN_VA":225690.4,"SERFIN_EXP":121108.13,"GOBEST_VA":309341.09,"GOBEST_EXP":2440.05,"SPRSCT_VA":171701.82,"SPRSCT_EXP":62866.95,"SEAEMP_VA":107833.63,"SEAEMP_EXP":33952.48,"ADPDEF_VA":134620.27,"ADPDEF_EXP":628.44,"EDUCAC_VA":155377.41,"EDUCAC_EXP":15967.06,"SALUDH_VA":189855.63,"SALUDH_EXP":559.04,"ESPARC_VA":35445.88,"ESPARC_EXP":7277.03,"OTRSER_VA":39993.09,"OTRSER_EXP":550.08,"SERHOG_VA":3499.41,"SERHOG_EXP":0.0}},{"type":"Feature","geometry":{"type":"Point","coordinates":[21.82,39.07]},"properties":{"id":"GRC","name":"Grecia","continent":"europe","year":2012,"AGRPFO_VA":7802.88,"AGRPFO_EXP":2074.91,"FORLOG_VA":82.93,"FORLOG_EXP":9.69,"PESCAC_VA":869.02,"PESCAC_EXP":411.56,"MINCOL_VA":18.1,"MINCOL_EXP":4.23,"PETGAS_VA":17.96,"PETGAS_EXP":0.32,"MINORE_VA":56.99,"MINORE_EXP":79.58,"MINOTH_VA":1009.02,"MINOTH_EXP":208.34,"MINSER_VA":13.42,"MINSER_EXP":11.09,"ALYBEB_VA":7426.69,"ALYBEB_EXP":2735.57,"TEXYPR_VA":978.59,"TEXYPR_EXP":835.13,"MADYPR_VA":219.44,"MADYPR_EXP":87.98,"PAPYPR_VA":1010.78,"PAPYPR_EXP":266.47,"PETREF_VA":2429.02,"PETREF_EXP":10286.1,"QUIMYP_VA":827.96,"QUIMYP_EXP":1422.54,"FARMED_VA":1054.33,"FARMED_EXP":780.48,"HUPLAS_VA":818.62,"HUPLAS_EXP":578.5,"PRNOMT_VA":1010.17,"PRNOMT_EXP":406.43,"METBAS_VA":701.59,"METBAS_EXP":1016.53,"NONFER_VA":881.23,"NONFER_EXP":1669.68,"PRMETA_VA":1447.63,"PRMETA_EXP":600.36,"ELCTRO_VA":292.31,"ELCTRO_EXP":263.79,"ELCTRI_VA":627.51,"ELCTRI_EXP":865.08,"MAQYEQ_VA":507.1,"MAQYEQ_EXP":530.8,"AUTOMO_VA":80.28,"AUTOMO_EXP":71.97,"OTRTRA_VA":51.66,"OTRTRA_EXP":47.5,"TRANSP_VA":83.14,"TRANSP_EXP":111.01,"OTRMAN_VA":1230.97,"OTRMAN_EXP":413.26,"ELEGAS_VA":6425.14,"ELEGAS_EXP":291.21,"AGUBAS_VA":3209.35,"AGUBAS_EXP":2.12,"CONSTR_VA":5948.06,"CONSTR_EXP":20.14,"COMREV_VA":26328.78,"COMREV_EXP":6565.23,"TRATIE_VA":4244.28,"TRATIE_EXP":1269.22,"TRAGUA_VA":7409.33,"TRAGUA_EXP":15471.25,"TRAAIR_VA":839.87,"TRAAIR_EXP":1192.59,"ALMSTR_VA":2196.94,"ALMSTR_EXP":1038.13,"POSTME_VA":669.1,"POSTME_EXP":47.11,"HOTYRE_VA":11397.11,"HOTYRE_EXP":5392.05,"MMTVRA_VA":1360.83,"MMTVRA_EXP":280.63,"TELECO_VA":4487.17,"TELECO_EXP":668.95,"ITSERV_VA":1157.36,"ITSERV_EXP":292.12,"SERFIN_VA":8344.82,"SERFIN_EXP":1310.18,"GOBEST_VA":39015.35,"GOBEST_EXP":766.82,"SPRSCT_VA":8056.82,"SPRSCT_EXP":1112.95,"SEAEMP_VA":3697.96,"SEAEMP_EXP":1384.3,"ADPDEF_VA":23575.96,"ADPDEF_EXP":12.3,"EDUCAC_VA":13209.38,"EDUCAC_EXP":340.06,"SALUDH_VA":10168.98,"SALUDH_EXP":185.63,"ESPARC_VA":2971.21,"ESPARC_EXP":479.8,"OTRSER_VA":3005.73,"OTRSER_EXP":209.61,"SERHOG_VA":1262.9,"SERHOG_EXP":0.0}},{"type":"Feature","geometry":{"type":"Point","coordinates":[114.11,22.4]},"properties":{"id":"HKG","name":"Hong Kong","continent":"asia","year":2012,"AGRPFO_VA":130.73,"AGRPFO_EXP":8.6,"FORLOG_VA":15.69,"FORLOG_EXP":11.93,"PESCAC_VA":25.7,"PESCAC_EXP":5.56,"MINCOL_VA":0.0,"MINCOL_EXP":0.0,"PETGAS_VA":0.0,"PETGAS_EXP":0.0,"MINORE_VA":0.0,"MINORE_EXP":0.0,"MINOTH_VA":0.0,"MINOTH_EXP":0.0,"MINSER_VA":25.66,"MINSER_EXP":24.18,"ALYBEB_VA":3388.7,"ALYBEB_EXP":4303.82,"TEXYPR_VA":520.13,"TEXYPR_EXP":230.92,"MADYPR_VA":447.42,"MADYPR_EXP":109.36,"PAPYPR_VA":254.56,"PAPYPR_EXP":167.95,"PETREF_VA":70.54,"PETREF_EXP":10.79,"QUIMYP_VA":287.93,"QUIMYP_EXP":459.2,"FARMED_VA":287.64,"FARMED_EXP":68.76,"HUPLAS_VA":28.35,"HUPLAS_EXP":0.03,"PRNOMT_VA":173.69,"PRNOMT_EXP":44.27,"METBAS_VA":40.91,"METBAS_EXP":192.36,"NONFER_VA":22.98,"NONFER_EXP":27.99,"PRMETA_VA":124.15,"PRMETA_EXP":368.03,"ELCTRO_VA":239.44,"ELCTRO_EXP":783.13,"ELCTRI_VA":177.86,"ELCTRI_EXP":144.47,"MAQYEQ_VA":99.64,"MAQYEQ_EXP":600.98,"AUTOMO_VA":86.43,"AUTOMO_EXP":76.6,"OTRTRA_VA":18.95,"OTRTRA_EXP":168.8,"TRANSP_VA":33.06,"TRANSP_EXP":64.19,"OTRMAN_VA":381.5,"OTRMAN_EXP":62.79,"ELEGAS_VA":3993.9,"ELEGAS_EXP":146.17,"AGUBAS_VA":2169.9,"AGUBAS_EXP":31.16,"CONSTR_VA":9111.38,"CONSTR_EXP":56.38,"COMREV_VA":64369.28,"COMREV_EXP":10396.88,"TRATIE_VA":5317.78,"TRATIE_EXP":3470.38,"TRAGUA_VA":2592.63,"TRAGUA_EXP":5460.55,"TRAAIR_VA":6095.83,"TRAAIR_EXP":13130.11,"ALMSTR_VA":354.02,"ALMSTR_EXP":104.83,"POSTME_VA":706.23,"POSTME_EXP":173.76,"HOTYRE_VA":8980.26,"HOTYRE_EXP":9369.08,"MMTVRA_VA":789.53,"MMTVRA_EXP":833.82,"TELECO_VA":8486.66,"TELECO_EXP":3252.43,"ITSERV_VA":2563.75,"ITSERV_EXP":1061.9,"SERFIN_VA":39680.0,"SERFIN_EXP":32957.25,"GOBEST_VA":38728.52,"GOBEST_EXP":2287.47,"SPRSCT_VA":6260.03,"SPRSCT_EXP":1919.82,"SEAEMP_VA":4211.41,"SEAEMP_EXP":901.2,"ADPDEF_VA":14998.57,"ADPDEF_EXP":92.56,"EDUCAC_VA":16660.84,"EDUCAC_EXP":2036.24,"SALUDH_VA":9587.6,"SALUDH_EXP":537.96,"ESPARC_VA":1441.09,"ESPARC_EXP":1891.02,"OTRSER_VA":4065.8,"OTRSER_EXP":735.11,"SERHOG_VA":3065.42,"SERHOG_EXP":0.0}},{"type":"Feature","geometry":{"type":"Point","coordinates":[15.2,45.1]},"properties":{"id":"HRV","name":"Croacia","continent":"europe","year":2012,"AGRPFO_VA":1538.55,"AGRPFO_EXP":393.94,"FORLOG_VA":293.18,"FORLOG_EXP":95.47,"PESCAC_VA":134.36,"PESCAC_EXP":75.81,"MINCOL_VA":2.29,"MINCOL_EXP":0.18,"PETGAS_VA":299.65,"PETGAS_EXP":96.76,"MINORE_VA":2.74,"MINORE_EXP":0.25,"MINOTH_VA":132.42,"MINOTH_EXP":33.84,"MINSER_VA":271.92,"MINSER_EXP":59.39,"ALYBEB_VA":2128.53,"ALYBEB_EXP":1104.41,"TEXYPR_VA":454.39,"TEXYPR_EXP":233.49,"MADYPR_VA":213.35,"MADYPR_EXP":311.94,"PAPYPR_VA":331.22,"PAPYPR_EXP":152.32,"PETREF_VA":1468.96,"PETREF_EXP":1070.07,"QUIMYP_VA":284.28,"QUIMYP_EXP":473.42,"FARMED_VA":480.03,"FARMED_EXP":308.85,"HUPLAS_VA":249.73,"HUPLAS_EXP":144.87,"PRNOMT_VA":412.59,"PRNOMT_EXP":252.96,"METBAS_VA":77.12,"METBAS_EXP":95.45,"NONFER_VA":26.3,"NONFER_EXP":146.76,"PRMETA_VA":666.21,"PRMETA_EXP":595.14,"ELCTRO_VA":288.42,"ELCTRO_EXP":153.09,"ELCTRI_VA":264.04,"ELCTRI_EXP":469.21,"MAQYEQ_VA":296.63,"MAQYEQ_EXP":343.44,"AUTOMO_VA":66.29,"AUTOMO_EXP":92.42,"OTRTRA_VA":165.83,"OTRTRA_EXP":219.19,"TRANSP_VA":80.96,"TRANSP_EXP":141.82,"OTRMAN_VA":441.22,"OTRMAN_EXP":370.34,"ELEGAS_VA":1127.05,"ELEGAS_EXP":185.65,"AGUBAS_VA":697.48,"AGUBAS_EXP":38.32,"CONSTR_VA":2184.1,"CONSTR_EXP":161.41,"COMREV_VA":5986.79,"COMREV_EXP":1986.06,"TRATIE_VA":1041.19,"TRATIE_EXP":900.21,"TRAGUA_VA":175.56,"TRAGUA_EXP":247.79,"TRAAIR_VA":68.8,"TRAAIR_EXP":239.49,"ALMSTR_VA":953.86,"ALMSTR_EXP":679.59,"POSTME_VA":244.79,"POSTME_EXP":36.15,"HOTYRE_VA":2410.78,"HOTYRE_EXP":2146.38,"MMTVRA_VA":475.34,"MMTVRA_EXP":94.28,"TELECO_VA":1284.38,"TELECO_EXP":315.88,"ITSERV_VA":583.3,"ITSERV_EXP":244.55,"SERFIN_VA":3251.23,"SERFIN_EXP":325.8,"GOBEST_VA":4662.96,"GOBEST_EXP":521.66,"SPRSCT_VA":3036.44,"SPRSCT_EXP":1295.66,"SEAEMP_VA":930.76,"SEAEMP_EXP":285.7,"ADPDEF_VA":3859.65,"ADPDEF_EXP":63.81,"EDUCAC_VA":2500.91,"EDUCAC_EXP":149.4,"SALUDH_VA":2346.67,"SALUDH_EXP":110.12,"ESPARC_VA":819.89,"ESPARC_EXP":313.68,"OTRSER_VA":759.61,"OTRSER_EXP":155.83,"SERHOG_VA":58.26,"SERHOG_EXP":0.0}},{"type":"Feature","geometry":{"type":"Point","coordinates":[19.5,47.16]},"properties":{"id":"HUN","name":"Hungría","continent":"europe","year":2012,"AGRPFO_VA":4916.49,"AGRPFO_EXP":3332.41,"FORLOG_VA":296.76,"FORLOG_EXP":126.15,"PESCAC_VA":17.43,"PESCAC_EXP":13.23,"MINCOL_VA":2.54,"MINCOL_EXP":3.49,"PETGAS_VA":96.89,"PETGAS_EXP":45.89,"MINORE_VA":3.14,"MINORE_EXP":3.58,"MINOTH_VA":92.55,"MINOTH_EXP":44.81,"MINSER_VA":87.82,"MINSER_EXP":41.71,"ALYBEB_VA":2408.02,"ALYBEB_EXP":4703.96,"TEXYPR_VA":615.63,"TEXYPR_EXP":869.78,"MADYPR_VA":298.26,"MADYPR_EXP":514.41,"PAPYPR_VA":781.52,"PAPYPR_EXP":958.1,"PETREF_VA":2685.81,"PETREF_EXP":3026.7,"QUIMYP_VA":999.47,"QUIMYP_EXP":3605.78,"FARMED_VA":1974.11,"FARMED_EXP":2986.85,"HUPLAS_VA":1647.4,"HUPLAS_EXP":3619.76,"PRNOMT_VA":777.44,"PRNOMT_EXP":1223.57,"METBAS_VA":276.46,"METBAS_EXP":1141.61,"NONFER_VA":449.33,"NONFER_EXP":1328.43,"PRMETA_VA":1722.11,"PRMETA_EXP":2436.24,"ELCTRO_VA":2326.52,"ELCTRO_EXP":13011.85,"ELCTRI_VA":1072.04,"ELCTRI_EXP":3422.01,"MAQYEQ_VA":3722.35,"MAQYEQ_EXP":7285.71,"AUTOMO_VA":3947.7,"AUTOMO_EXP":16766.94,"OTRTRA_VA":3.49,"OTRTRA_EXP":6.52,"TRANSP_VA":169.35,"TRANSP_EXP":246.42,"OTRMAN_VA":1359.55,"OTRMAN_EXP":1627.33,"ELEGAS_VA":3263.1,"ELEGAS_EXP":1007.5,"AGUBAS_VA":1340.3,"AGUBAS_EXP":50.79,"CONSTR_VA":4422.27,"CONSTR_EXP":114.9,"COMREV_VA":11382.58,"COMREV_EXP":7736.28,"TRATIE_VA":3909.06,"TRATIE_EXP":3448.31,"TRAGUA_VA":82.16,"TRAGUA_EXP":45.01,"TRAAIR_VA":249.96,"TRAAIR_EXP":794.6,"ALMSTR_VA":2952.6,"ALMSTR_EXP":2127.95,"POSTME_VA":657.71,"POSTME_EXP":109.37,"HOTYRE_VA":1919.59,"HOTYRE_EXP":1064.41,"MMTVRA_VA":1660.12,"MMTVRA_EXP":1227.41,"TELECO_VA":1893.36,"TELECO_EXP":328.14,"ITSERV_VA":2407.3,"ITSERV_EXP":1439.8,"SERFIN_VA":5179.98,"SERFIN_EXP":394.46,"GOBEST_VA":10114.36,"GOBEST_EXP":384.54,"SPRSCT_VA":6196.01,"SPRSCT_EXP":3392.12,"SEAEMP_VA":3778.66,"SEAEMP_EXP":2417.12,"ADPDEF_VA":8999.49,"ADPDEF_EXP":0.0,"EDUCAC_VA":4919.47,"EDUCAC_EXP":115.98,"SALUDH_VA":5007.45,"SALUDH_EXP":82.74,"ESPARC_VA":1324.09,"ESPARC_EXP":187.32,"OTRSER_VA":1847.63,"OTRSER_EXP":102.7,"SERHOG_VA":17.03,"SERHOG_EXP":0.0}},{"type":"Feature","geometry":{"type":"Point","coordinates":[113.92,-0.79]},"properties":{"id":"IDN","name":"Indonesia","continent":"asia","year":2012,"AGRPFO_VA":91767.83,"AGRPFO_EXP":7074.64,"FORLOG_VA":6701.38,"FORLOG_EXP":36.98,"PESCAC_VA":18739.47,"PESCAC_EXP":695.57,"MINCOL_VA":27519.25,"MINCOL_EXP":22704.98,"PETGAS_VA":50153.92,"PETGAS_EXP":34153.37,"MINORE_VA":10300.18,"MINORE_EXP":9589.43,"MINOTH_VA":9766.88,"MINOTH_EXP":278.16,"MINSER_VA":4113.75,"MINSER_EXP":242.64,"ALYBEB_VA":50532.34,"ALYBEB_EXP":24392.97,"TEXYPR_VA":13344.09,"TEXYPR_EXP":15366.11,"MADYPR_VA":5279.01,"MADYPR_EXP":3421.97,"PAPYPR_VA":7418.61,"PAPYPR_EXP":5621.22,"PETREF_VA":28128.8,"PETREF_EXP":3193.78,"QUIMYP_VA":12168.75,"QUIMYP_EXP":9624.31,"FARMED_VA":1451.62,"FARMED_EXP":482.5,"HUPLAS_VA":7355.02,"HUPLAS_EXP":7802.1,"PRNOMT_VA":5973.8,"PRNOMT_EXP":1004.87,"METBAS_VA":3771.56,"METBAS_EXP":1548.0,"NONFER_VA":2081.76,"NONFER_EXP":3994.02,"PRMETA_VA":18454.19,"PRMETA_EXP":2071.79,"ELCTRO_VA":5223.36,"ELCTRO_EXP":8048.1,"ELCTRI_VA":6889.53,"ELCTRI_EXP":5050.41,"MAQYEQ_VA":2456.12,"MAQYEQ_EXP":2492.55,"AUTOMO_VA":15468.01,"AUTOMO_EXP":3018.96,"OTRTRA_VA":513.31,"OTRTRA_EXP":913.63,"TRANSP_VA":348.67,"TRANSP_EXP":1040.78,"OTRMAN_VA":3997.74,"OTRMAN_EXP":4472.05,"ELEGAS_VA":9805.2,"ELEGAS_EXP":8.56,"AGUBAS_VA":657.99,"AGUBAS_EXP":0.66,"CONSTR_VA":83056.08,"CONSTR_EXP":191.66,"COMREV_VA":150173.28,"COMREV_EXP":20182.76,"TRATIE_VA":16615.2,"TRATIE_EXP":2772.63,"TRAGUA_VA":3744.48,"TRAGUA_EXP":3624.13,"TRAAIR_VA":6378.09,"TRAAIR_EXP":1591.12,"ALMSTR_VA":4435.27,"ALMSTR_EXP":628.57,"POSTME_VA":936.09,"POSTME_EXP":437.69,"HOTYRE_VA":25882.86,"HOTYRE_EXP":2135.97,"MMTVRA_VA":6310.59,"MMTVRA_EXP":697.39,"TELECO_VA":24094.12,"TELECO_EXP":1096.54,"ITSERV_VA":2466.67,"ITSERV_EXP":390.84,"SERFIN_VA":32612.0,"SERFIN_EXP":424.29,"GOBEST_VA":22163.89,"GOBEST_EXP":615.06,"SPRSCT_VA":5288.87,"SPRSCT_EXP":4525.22,"SEAEMP_VA":5164.39,"SEAEMP_EXP":3648.83,"ADPDEF_VA":34725.7,"ADPDEF_EXP":0.16,"EDUCAC_VA":27549.95,"EDUCAC_EXP":104.41,"SALUDH_VA":8600.88,"SALUDH_EXP":74.19,"ESPARC_VA":3150.1,"ESPARC_EXP":268.59,"OTRSER_VA":16519.65,"OTRSER_EXP":100.12,"SERHOG_VA":3384.23,"SERHOG_EXP":0.0}},{"type":"Feature","geometry":{"type":"Point","coordinates":[78.96,20.59]},"properties":{"id":"IND","name":"India","continent":"asia","year":2012,"AGRPFO_VA":266912.13,"AGRPFO_EXP":7402.88,"FORLOG_VA":25192.98,"FORLOG_EXP":4035.32,"PESCAC_VA":14681.47,"PESCAC_EXP":411.79,"MINCOL_VA":9987.24,"MINCOL_EXP":235.71,"PETGAS_VA":23675.5,"PETGAS_EXP":39.36,"MINORE_VA":6974.65,"MINORE_EXP":2384.99,"MINOTH_VA":1218.64,"MINOTH_EXP":892.3,"MINSER_VA":12033.26,"MINSER_EXP":117.06,"ALYBEB_VA":30090.8,"ALYBEB_EXP":20221.69,"TEXYPR_VA":35292.95,"TEXYPR_EXP":32615.19,"MADYPR_VA":4445.9,"MADYPR_EXP":347.38,"PAPYPR_VA":7533.84,"PAPYPR_EXP":919.27,"PETREF_VA":28708.47,"PETREF_EXP":55974.79,"QUIMYP_VA":23896.36,"QUIMYP_EXP":18629.57,"FARMED_VA":15295.86,"FARMED_EXP":9395.82,"HUPLAS_VA":8697.0,"HUPLAS_EXP":6053.86,"PRNOMT_VA":20218.86,"PRNOMT_EXP":2255.1,"METBAS_VA":23702.22,"METBAS_EXP":13261.06,"NONFER_VA":10030.85,"NONFER_EXP":6622.74,"PRMETA_VA":18112.21,"PRMETA_EXP":6108.92,"ELCTRO_VA":6758.95,"ELCTRO_EXP":2801.23,"ELCTRI_VA":11595.5,"ELCTRI_EXP":9070.57,"MAQYEQ_VA":23353.9,"MAQYEQ_EXP":9547.61,"AUTOMO_VA":24820.54,"AUTOMO_EXP":10194.53,"OTRTRA_VA":593.0,"OTRTRA_EXP":739.25,"TRANSP_VA":6414.47,"TRANSP_EXP":4112.7,"OTRMAN_VA":10320.26,"OTRMAN_EXP":27548.56,"ELEGAS_VA":34770.74,"ELEGAS_EXP":342.06,"AGUBAS_VA":6001.37,"AGUBAS_EXP":1.5,"CONSTR_VA":169596.61,"CONSTR_EXP":727.15,"COMREV_VA":173310.92,"COMREV_EXP":28136.12,"TRATIE_VA":72855.22,"TRATIE_EXP":12499.05,"TRAGUA_VA":1335.77,"TRAGUA_EXP":1282.2,"TRAAIR_VA":1598.86,"TRAAIR_EXP":4809.52,"ALMSTR_VA":14865.03,"ALMSTR_EXP":7671.16,"POSTME_VA":3495.25,"POSTME_EXP":194.01,"HOTYRE_VA":18362.07,"HOTYRE_EXP":6576.05,"MMTVRA_VA":6865.72,"MMTVRA_EXP":6221.16,"TELECO_VA":19492.57,"TELECO_EXP":1838.89,"ITSERV_VA":52810.79,"ITSERV_EXP":60961.85,"SERFIN_VA":99995.9,"SERFIN_EXP":6578.38,"GOBEST_VA":127962.22,"GOBEST_EXP":1751.84,"SPRSCT_VA":5653.36,"SPRSCT_EXP":6369.33,"SEAEMP_VA":41291.66,"SEAEMP_EXP":24499.87,"ADPDEF_VA":100166.4,"ADPDEF_EXP":7.59,"EDUCAC_VA":56611.0,"EDUCAC_EXP":367.0,"SALUDH_VA":23582.6,"SALUDH_EXP":260.48,"ESPARC_VA":4172.7,"ESPARC_EXP":745.6,"OTRSER_VA":20133.37,"OTRSER_EXP":338.62,"SERHOG_VA":3469.49,"SERHOG_EXP":0.0}},{"type":"Feature","geometry":{"type":"Point","coordinates":[-7.69,53.14]},"properties":{"id":"IRL","name":"Irlanda","continent":"europe","year":2012,"AGRPFO_VA":2081.13,"AGRPFO_EXP":779.62,"FORLOG_VA":20.46,"FORLOG_EXP":92.0,"PESCAC_VA":214.21,"PESCAC_EXP":334.7,"MINCOL_VA":20.99,"MINCOL_EXP":17.69,"PETGAS_VA":75.18,"PETGAS_EXP":44.97,"MINORE_VA":654.74,"MINORE_EXP":810.99,"MINOTH_VA":386.56,"MINOTH_EXP":158.32,"MINSER_VA":12.05,"MINSER_EXP":60.15,"ALYBEB_VA":8600.78,"ALYBEB_EXP":19646.3,"TEXYPR_VA":181.5,"TEXYPR_EXP":177.88,"MADYPR_VA":196.24,"MADYPR_EXP":768.04,"PAPYPR_VA":623.54,"PAPYPR_EXP":586.82,"PETREF_VA":457.37,"PETREF_EXP":1218.06,"QUIMYP_VA":3629.83,"QUIMYP_EXP":7664.01,"FARMED_VA":18587.29,"FARMED_EXP":35464.17,"HUPLAS_VA":539.23,"HUPLAS_EXP":1083.82,"PRNOMT_VA":504.17,"PRNOMT_EXP":509.07,"METBAS_VA":112.29,"METBAS_EXP":265.8,"NONFER_VA":89.22,"NONFER_EXP":410.48,"PRMETA_VA":773.77,"PRMETA_EXP":1208.2,"ELCTRO_VA":3934.88,"ELCTRO_EXP":11676.62,"ELCTRI_VA":375.0,"ELCTRI_EXP":801.17,"MAQYEQ_VA":1214.83,"MAQYEQ_EXP":2738.34,"AUTOMO_VA":254.39,"AUTOMO_EXP":487.25,"OTRTRA_VA":10.8,"OTRTRA_EXP":0.46,"TRANSP_VA":44.54,"TRANSP_EXP":83.44,"OTRMAN_VA":5117.0,"OTRMAN_EXP":7456.72,"ELEGAS_VA":3935.48,"ELEGAS_EXP":14.04,"AGUBAS_VA":1084.98,"AGUBAS_EXP":1.37,"CONSTR_VA":4226.26,"CONSTR_EXP":0.3,"COMREV_VA":23900.43,"COMREV_EXP":15070.98,"TRATIE_VA":2814.47,"TRATIE_EXP":1975.63,"TRAGUA_VA":106.73,"TRAGUA_EXP":179.59,"TRAAIR_VA":2016.72,"TRAAIR_EXP":6404.34,"ALMSTR_VA":1755.34,"ALMSTR_EXP":1221.95,"POSTME_VA":943.58,"POSTME_EXP":379.52,"HOTYRE_VA":4569.13,"HOTYRE_EXP":1399.9,"MMTVRA_VA":10946.34,"MMTVRA_EXP":8221.46,"TELECO_VA":2610.28,"TELECO_EXP":876.86,"ITSERV_VA":7183.63,"ITSERV_EXP":38822.49,"SERFIN_VA":19542.09,"SERFIN_EXP":25010.09,"GOBEST_VA":14351.97,"GOBEST_EXP":1280.06,"SPRSCT_VA":9510.24,"SPRSCT_EXP":5345.63,"SEAEMP_VA":11307.67,"SEAEMP_EXP":10694.33,"ADPDEF_VA":10193.0,"ADPDEF_EXP":0.05,"EDUCAC_VA":9934.97,"EDUCAC_EXP":64.18,"SALUDH_VA":15940.97,"SALUDH_EXP":40.5,"ESPARC_VA":2448.51,"ESPARC_EXP":761.55,"OTRSER_VA":1709.6,"OTRSER_EXP":39.06,"SERHOG_VA":79.52,"SERHOG_EXP":0.0}},{"type":"Feature","geometry":{"type":"Point","coordinates":[-19.02,64.96]},"properties":{"id":"ISL","name":"Islandia","continent":"europe","year":2012,"AGRPFO_VA":159.64,"AGRPFO_EXP":26.07,"FORLOG_VA":0.05,"FORLOG_EXP":0.12,"PESCAC_VA":816.12,"PESCAC_EXP":604.1,"MINCOL_VA":0.02,"MINCOL_EXP":0.0,"PETGAS_VA":0.43,"PETGAS_EXP":0.08,"MINORE_VA":0.0,"MINORE_EXP":0.0,"MINOTH_VA":13.88,"MINOTH_EXP":6.83,"MINSER_VA":0.04,"MINSER_EXP":0.01,"ALYBEB_VA":779.04,"ALYBEB_EXP":1574.85,"TEXYPR_VA":21.14,"TEXYPR_EXP":32.38,"MADYPR_VA":9.23,"MADYPR_EXP":0.59,"PAPYPR_VA":49.76,"PAPYPR_EXP":5.56,"PETREF_VA":0.08,"PETREF_EXP":0.03,"QUIMYP_VA":18.85,"QUIMYP_EXP":31.97,"FARMED_VA":43.87,"FARMED_EXP":7.8,"HUPLAS_VA":23.85,"HUPLAS_EXP":19.69,"PRNOMT_VA":31.8,"PRNOMT_EXP":3.89,"METBAS_VA":41.21,"METBAS_EXP":27.51,"NONFER_VA":317.31,"NONFER_EXP":1266.84,"PRMETA_VA":85.02,"PRMETA_EXP":7.33,"ELCTRO_VA":7.01,"ELCTRO_EXP":3.6,"ELCTRI_VA":21.49,"ELCTRI_EXP":17.33,"MAQYEQ_VA":104.93,"MAQYEQ_EXP":102.73,"AUTOMO_VA":3.64,"AUTOMO_EXP":1.52,"OTRTRA_VA":1.7,"OTRTRA_EXP":4.65,"TRANSP_VA":11.18,"TRANSP_EXP":3.57,"OTRMAN_VA":178.22,"OTRMAN_EXP":30.78,"ELEGAS_VA":637.42,"ELEGAS_EXP":0.14,"AGUBAS_VA":137.1,"AGUBAS_EXP":0.32,"CONSTR_VA":620.18,"CONSTR_EXP":0.3,"COMREV_VA":1133.44,"COMREV_EXP":497.76,"TRATIE_VA":130.34,"TRATIE_EXP":60.63,"TRAGUA_VA":103.4,"TRAGUA_EXP":275.12,"TRAAIR_VA":289.76,"TRAAIR_EXP":1492.74,"ALMSTR_VA":198.45,"ALMSTR_EXP":249.56,"POSTME_VA":42.97,"POSTME_EXP":6.1,"HOTYRE_VA":449.23,"HOTYRE_EXP":276.65,"MMTVRA_VA":109.64,"MMTVRA_EXP":49.96,"TELECO_VA":147.18,"TELECO_EXP":35.18,"ITSERV_VA":276.2,"ITSERV_EXP":155.24,"SERFIN_VA":1075.15,"SERFIN_EXP":192.44,"GOBEST_VA":1499.58,"GOBEST_EXP":2.69,"SPRSCT_VA":573.49,"SPRSCT_EXP":260.41,"SEAEMP_VA":356.02,"SEAEMP_EXP":195.4,"ADPDEF_VA":803.39,"ADPDEF_EXP":0.68,"EDUCAC_VA":856.28,"EDUCAC_EXP":1.2,"SALUDH_VA":1155.97,"SALUDH_EXP":1.89,"ESPARC_VA":190.16,"ESPARC_EXP":110.52,"OTRSER_VA":182.69,"OTRSER_EXP":25.26,"SERHOG_VA":8.55,"SERHOG_EXP":0.0}},{"type":"Feature","geometry":{"type":"Point","coordinates":[34.85,31.05]},"properties":{"id":"ISR","name":"Israel","continent":"other","year":2012,"AGRPFO_VA":3694.46,"AGRPFO_EXP":1614.08,"FORLOG_VA":19.66,"FORLOG_EXP":1.7,"PESCAC_VA":49.89,"PESCAC_EXP":30.35,"MINCOL_VA":0.0,"MINCOL_EXP":0.0,"PETGAS_VA":253.84,"PETGAS_EXP":302.37,"MINORE_VA":0.0,"MINORE_EXP":0.0,"MINOTH_VA":972.92,"MINOTH_EXP":1657.76,"MINSER_VA":187.33,"MINSER_EXP":81.57,"ALYBEB_VA":3456.17,"ALYBEB_EXP":983.23,"TEXYPR_VA":627.73,"TEXYPR_EXP":780.48,"MADYPR_VA":151.84,"MADYPR_EXP":45.14,"PAPYPR_VA":922.95,"PAPYPR_EXP":399.62,"PETREF_VA":2629.43,"PETREF_EXP":5370.86,"QUIMYP_VA":4503.47,"QUIMYP_EXP":6495.58,"FARMED_VA":3620.02,"FARMED_EXP":4718.85,"HUPLAS_VA":1528.55,"HUPLAS_EXP":1789.55,"PRNOMT_VA":928.36,"PRNOMT_EXP":470.54,"METBAS_VA":305.65,"METBAS_EXP":375.44,"NONFER_VA":136.14,"NONFER_EXP":271.58,"PRMETA_VA":2830.81,"PRMETA_EXP":1799.27,"ELCTRO_VA":9745.07,"ELCTRO_EXP":8620.12,"ELCTRI_VA":549.9,"ELCTRI_EXP":673.04,"MAQYEQ_VA":1180.64,"MAQYEQ_EXP":2377.15,"AUTOMO_VA":301.43,"AUTOMO_EXP":169.66,"OTRTRA_VA":14.91,"OTRTRA_EXP":43.75,"TRANSP_VA":1372.25,"TRANSP_EXP":3026.38,"OTRMAN_VA":1303.79,"OTRMAN_EXP":2571.83,"ELEGAS_VA":1048.7,"ELEGAS_EXP":0.27,"AGUBAS_VA":2163.01,"AGUBAS_EXP":31.05,"CONSTR_VA":13439.64,"CONSTR_EXP":4.32,"COMREV_VA":20421.0,"COMREV_EXP":7846.46,"TRATIE_VA":5157.08,"TRATIE_EXP":1133.67,"TRAGUA_VA":833.16,"TRAGUA_EXP":1109.83,"TRAAIR_VA":2554.87,"TRAAIR_EXP":2490.19,"ALMSTR_VA":815.89,"ALMSTR_EXP":1166.84,"POSTME_VA":689.66,"POSTME_EXP":95.34,"HOTYRE_VA":5023.08,"HOTYRE_EXP":1540.97,"MMTVRA_VA":1374.47,"MMTVRA_EXP":975.71,"TELECO_VA":5317.71,"TELECO_EXP":752.64,"ITSERV_VA":10482.62,"ITSERV_EXP":10301.5,"SERFIN_VA":12664.43,"SERFIN_EXP":2456.95,"GOBEST_VA":38847.36,"GOBEST_EXP":1288.48,"SPRSCT_VA":16552.43,"SPRSCT_EXP":5856.6,"SEAEMP_VA":8990.35,"SEAEMP_EXP":842.83,"ADPDEF_VA":18872.47,"ADPDEF_EXP":156.33,"EDUCAC_VA":14867.34,"EDUCAC_EXP":29.78,"SALUDH_VA":14154.51,"SALUDH_EXP":154.87,"ESPARC_VA":3591.37,"ESPARC_EXP":405.5,"OTRSER_VA":3129.05,"OTRSER_EXP":97.64,"SERHOG_VA":488.18,"SERHOG_EXP":0.0}},{"type":"Feature","geometry":{"type":"Point","coordinates":[12.57,41.87]},"properties":{"id":"ITA","name":"Italia","continent":"europe","year":2012,"AGRPFO_VA":39553.82,"AGRPFO_EXP":6618.36,"FORLOG_VA":2161.73,"FORLOG_EXP":133.43,"PESCAC_VA":1515.43,"PESCAC_EXP":228.47,"MINCOL_VA":27.49,"MINCOL_EXP":11.8,"PETGAS_VA":6815.89,"PETGAS_EXP":1333.15,"MINORE_VA":0.88,"MINORE_EXP":0.61,"MINOTH_VA":1712.19,"MINOTH_EXP":566.52,"MINSER_VA":375.04,"MINSER_EXP":193.23,"ALYBEB_VA":33483.15,"ALYBEB_EXP":25571.18,"TEXYPR_VA":31016.15,"TEXYPR_EXP":32975.38,"MADYPR_VA":6983.16,"MADYPR_EXP":2758.12,"PAPYPR_VA":12999.71,"PAPYPR_EXP":6581.07,"PETREF_VA":5671.77,"PETREF_EXP":19169.47,"QUIMYP_VA":12887.04,"QUIMYP_EXP":24689.13,"FARMED_VA":11473.15,"FARMED_EXP":13332.76,"HUPLAS_VA":14811.52,"HUPLAS_EXP":13784.55,"PRNOMT_VA":14003.99,"PRNOMT_EXP":9660.65,"METBAS_VA":8191.67,"METBAS_EXP":22385.83,"NONFER_VA":3197.87,"NONFER_EXP":10813.13,"PRMETA_VA":37158.31,"PRMETA_EXP":21390.26,"ELCTRO_VA":11229.38,"ELCTRO_EXP":11655.67,"ELCTRI_VA":14773.4,"ELCTRI_EXP":21260.99,"MAQYEQ_VA":43182.84,"MAQYEQ_EXP":70121.47,"AUTOMO_VA":13249.37,"AUTOMO_EXP":27102.91,"OTRTRA_VA":1574.08,"OTRTRA_EXP":2947.15,"TRANSP_VA":6586.11,"TRANSP_EXP":7153.72,"OTRMAN_VA":27294.73,"OTRMAN_EXP":19784.63,"ELEGAS_VA":32402.01,"ELEGAS_EXP":2845.93,"AGUBAS_VA":18669.66,"AGUBAS_EXP":325.01,"CONSTR_VA":104256.3,"CONSTR_EXP":1761.32,"COMREV_VA":219557.84,"COMREV_EXP":80033.73,"TRATIE_VA":61749.56,"TRATIE_EXP":13210.29,"TRAGUA_VA":3769.03,"TRAGUA_EXP":4787.07,"TRAAIR_VA":1270.38,"TRAAIR_EXP":4624.86,"ALMSTR_VA":37752.69,"ALMSTR_EXP":9433.16,"POSTME_VA":4939.98,"POSTME_EXP":530.09,"HOTYRE_VA":70984.48,"HOTYRE_EXP":15218.71,"MMTVRA_VA":12444.78,"MMTVRA_EXP":2950.03,"TELECO_VA":29623.51,"TELECO_EXP":6969.4,"ITSERV_VA":33626.87,"ITSERV_EXP":3086.79,"SERFIN_VA":101749.65,"SERFIN_EXP":7930.32,"GOBEST_VA":253425.67,"GOBEST_EXP":4666.69,"SPRSCT_VA":123868.49,"SPRSCT_EXP":13144.39,"SEAEMP_VA":59473.44,"SEAEMP_EXP":13448.07,"ADPDEF_VA":135145.92,"ADPDEF_EXP":67.58,"EDUCAC_VA":81006.9,"EDUCAC_EXP":927.73,"SALUDH_VA":116044.03,"SALUDH_EXP":1296.72,"ESPARC_VA":21858.14,"ESPARC_EXP":2452.74,"OTRSER_VA":35117.4,"OTRSER_EXP":1346.82,"SERHOG_VA":23722.11,"SERHOG_EXP":0.0}},{"type":"Feature","geometry":{"type":"Point","coordinates":[36.24,30.59]},"properties":{"id":"JOR","name":"Jordania","continent":"other","year":2012,"AGRPFO_VA":1056.2,"AGRPFO_EXP":774.39,"FORLOG_VA":65.98,"FORLOG_EXP":0.23,"PESCAC_VA":1.69,"PESCAC_EXP":0.24,"MINCOL_VA":123.87,"MINCOL_EXP":0.04,"PETGAS_VA":221.45,"PETGAS_EXP":107.34,"MINORE_VA":100.72,"MINORE_EXP":0.64,"MINOTH_VA":177.3,"MINOTH_EXP":283.57,"MINSER_VA":100.47,"MINSER_EXP":4.54,"ALYBEB_VA":1424.64,"ALYBEB_EXP":547.93,"TEXYPR_VA":695.79,"TEXYPR_EXP":1052.32,"MADYPR_VA":51.95,"MADYPR_EXP":21.55,"PAPYPR_VA":240.65,"PAPYPR_EXP":233.29,"PETREF_VA":291.88,"PETREF_EXP":32.55,"QUIMYP_VA":502.65,"QUIMYP_EXP":1330.82,"FARMED_VA":478.01,"FARMED_EXP":602.59,"HUPLAS_VA":183.48,"HUPLAS_EXP":141.92,"PRNOMT_VA":516.04,"PRNOMT_EXP":78.08,"METBAS_VA":75.96,"METBAS_EXP":96.72,"NONFER_VA":122.22,"NONFER_EXP":56.26,"PRMETA_VA":335.78,"PRMETA_EXP":179.03,"ELCTRO_VA":38.45,"ELCTRO_EXP":8.66,"ELCTRI_VA":118.09,"ELCTRI_EXP":146.97,"MAQYEQ_VA":121.79,"MAQYEQ_EXP":95.83,"AUTOMO_VA":61.21,"AUTOMO_EXP":36.3,"OTRTRA_VA":6.87,"OTRTRA_EXP":0.27,"TRANSP_VA":13.28,"TRANSP_EXP":3.04,"OTRMAN_VA":109.14,"OTRMAN_EXP":174.94,"ELEGAS_VA":310.66,"ELEGAS_EXP":9.03,"AGUBAS_VA":267.96,"AGUBAS_EXP":1.03,"CONSTR_VA":1100.24,"CONSTR_EXP":2.63,"COMREV_VA":2896.23,"COMREV_EXP":817.58,"TRATIE_VA":1163.19,"TRATIE_EXP":924.36,"TRAGUA_VA":67.79,"TRAGUA_EXP":48.49,"TRAAIR_VA":177.4,"TRAAIR_EXP":855.93,"ALMSTR_VA":440.81,"ALMSTR_EXP":207.3,"POSTME_VA":14.15,"POSTME_EXP":20.94,"HOTYRE_VA":539.3,"HOTYRE_EXP":633.99,"MMTVRA_VA":135.84,"MMTVRA_EXP":121.09,"TELECO_VA":819.92,"TELECO_EXP":133.02,"ITSERV_VA":209.33,"ITSERV_EXP":46.05,"SERFIN_VA":2145.47,"SERFIN_EXP":597.92,"GOBEST_VA":3351.01,"GOBEST_EXP":69.79,"SPRSCT_VA":295.2,"SPRSCT_EXP":217.48,"SEAEMP_VA":256.19,"SEAEMP_EXP":432.63,"ADPDEF_VA":3298.46,"ADPDEF_EXP":8.04,"EDUCAC_VA":2475.26,"EDUCAC_EXP":464.25,"SALUDH_VA":987.09,"SALUDH_EXP":394.42,"ESPARC_VA":89.63,"ESPARC_EXP":190.51,"OTRSER_VA":241.11,"OTRSER_EXP":28.38,"SERHOG_VA":501.91,"SERHOG_EXP":0.0}},{"type":"Feature","geometry":{"type":"Point","coordinates":[138.25,36.2]},"properties":{"id":"JPN","name":"Japón","continent":"asia","year":2012,"AGRPFO_VA":57032.32,"AGRPFO_EXP":261.61,"FORLOG_VA":2446.12,"FORLOG_EXP":26.81,"PESCAC_VA":8508.85,"PESCAC_EXP":262.14,"MINCOL_VA":724.23,"MINCOL_EXP":2.03,"PETGAS_VA":756.5,"PETGAS_EXP":35.27,"MINORE_VA":1460.14,"MINORE_EXP":96.82,"MINOTH_VA":1032.64,"MINOTH_EXP":425.02,"MINSER_VA":1088.8,"MINSER_EXP":201.54,"ALYBEB_VA":150078.89,"ALYBEB_EXP":3516.76,"TEXYPR_VA":19376.31,"TEXYPR_EXP":6357.08,"MADYPR_VA":9386.36,"MADYPR_EXP":165.1,"PAPYPR_VA":56590.51,"PAPYPR_EXP":3376.15,"PETREF_VA":53891.69,"PETREF_EXP":9864.55,"QUIMYP_VA":69183.91,"QUIMYP_EXP":39695.71,"FARMED_VA":50414.89,"FARMED_EXP":2435.77,"HUPLAS_VA":57537.86,"HUPLAS_EXP":21925.28,"PRNOMT_VA":32902.03,"PRNOMT_EXP":7962.5,"METBAS_VA":84646.27,"METBAS_EXP":36187.97,"NONFER_VA":27134.56,"NONFER_EXP":24400.64,"PRMETA_VA":52106.17,"PRMETA_EXP":5576.98,"ELCTRO_VA":99738.84,"ELCTRO_EXP":89087.94,"ELCTRI_VA":73683.05,"ELCTRI_EXP":40416.73,"MAQYEQ_VA":171361.96,"MAQYEQ_EXP":107195.45,"AUTOMO_VA":152288.57,"AUTOMO_EXP":174529.46,"OTRTRA_VA":9838.89,"OTRTRA_EXP":22327.85,"TRANSP_VA":13751.85,"TRANSP_EXP":9154.25,"OTRMAN_VA":148305.36,"OTRMAN_EXP":7491.32,"ELEGAS_VA":39333.03,"ELEGAS_EXP":34.8,"AGUBAS_VA":90873.85,"AGUBAS_EXP":58.35,"CONSTR_VA":288766.57,"CONSTR_EXP":92.39,"COMREV_VA":838500.45,"COMREV_EXP":126266.66,"TRATIE_VA":199998.88,"TRATIE_EXP":21199.9,"TRAGUA_VA":14936.6,"TRAGUA_EXP":10727.28,"TRAAIR_VA":8037.83,"TRAAIR_EXP":3344.67,"ALMSTR_VA":74932.99,"ALMSTR_EXP":7674.73,"POSTME_VA":13720.85,"POSTME_EXP":436.17,"HOTYRE_VA":151410.59,"HOTYRE_EXP":4660.1,"MMTVRA_VA":53399.25,"MMTVRA_EXP":5713.67,"TELECO_VA":123103.61,"TELECO_EXP":1034.32,"ITSERV_VA":151913.1,"ITSERV_EXP":3406.02,"SERFIN_VA":273826.1,"SERFIN_EXP":17618.51,"GOBEST_VA":731356.66,"GOBEST_EXP":1649.49,"SPRSCT_VA":264247.44,"SPRSCT_EXP":12482.79,"SEAEMP_VA":182661.84,"SEAEMP_EXP":51373.05,"ADPDEF_VA":304367.03,"ADPDEF_EXP":55.08,"EDUCAC_VA":220125.25,"EDUCAC_EXP":115.21,"SALUDH_VA":431584.8,"SALUDH_EXP":188.06,"ESPARC_VA":70288.48,"ESPARC_EXP":390.1,"OTRSER_VA":113727.2,"OTRSER_EXP":41.89,"SERHOG_VA":0.0,"SERHOG_EXP":0.0}},{"type":"Feature","geometry":{"type":"Point","coordinates":[66.92,48.02]},"properties":{"id":"KAZ","name":"Kazajistán","continent":"asia","year":2012,"AGRPFO_VA":9000.49,"AGRPFO_EXP":1630.02,"FORLOG_VA":79.51,"FORLOG_EXP":0.54,"PESCAC_VA":91.54,"PESCAC_EXP":7.79,"MINCOL_VA":1036.54,"MINCOL_EXP":768.45,"PETGAS_VA":29649.35,"PETGAS_EXP":42123.2,"MINORE_VA":4251.81,"MINORE_EXP":3874.0,"MINOTH_VA":409.96,"MINOTH_EXP":595.4,"MINSER_VA":1698.05,"MINSER_EXP":12.45,"ALYBEB_VA":4200.15,"ALYBEB_EXP":789.9,"TEXYPR_VA":295.67,"TEXYPR_EXP":93.13,"MADYPR_VA":75.92,"MADYPR_EXP":4.96,"PAPYPR_VA":300.25,"PAPYPR_EXP":38.29,"PETREF_VA":3193.51,"PETREF_EXP":3521.97,"QUIMYP_VA":690.78,"QUIMYP_EXP":728.91,"FARMED_VA":124.51,"FARMED_EXP":37.8,"HUPLAS_VA":465.79,"HUPLAS_EXP":65.75,"PRNOMT_VA":1381.57,"PRNOMT_EXP":68.9,"METBAS_VA":3554.24,"METBAS_EXP":5280.39,"NONFER_VA":6908.34,"NONFER_EXP":3554.83,"PRMETA_VA":533.88,"PRMETA_EXP":90.08,"ELCTRO_VA":79.81,"ELCTRO_EXP":156.6,"ELCTRI_VA":230.25,"ELCTRI_EXP":118.49,"MAQYEQ_VA":332.03,"MAQYEQ_EXP":288.39,"AUTOMO_VA":292.34,"AUTOMO_EXP":20.97,"OTRTRA_VA":53.8,"OTRTRA_EXP":101.16,"TRANSP_VA":94.85,"TRANSP_EXP":162.33,"OTRMAN_VA":1314.96,"OTRMAN_EXP":38.65,"ELEGAS_VA":3529.66,"ELEGAS_EXP":87.31,"AGUBAS_VA":685.95,"AGUBAS_EXP":3.49,"CONSTR_VA":13315.28,"CONSTR_EXP":0.29,"COMREV_VA":32095.81,"COMREV_EXP":15367.85,"TRATIE_VA":11149.69,"TRATIE_EXP":5430.16,"TRAGUA_VA":361.33,"TRAGUA_EXP":46.52,"TRAAIR_VA":694.31,"TRAAIR_EXP":208.13,"ALMSTR_VA":3861.75,"ALMSTR_EXP":775.04,"POSTME_VA":217.4,"POSTME_EXP":17.46,"HOTYRE_VA":1882.18,"HOTYRE_EXP":541.81,"MMTVRA_VA":569.04,"MMTVRA_EXP":101.41,"TELECO_VA":4429.49,"TELECO_EXP":165.78,"ITSERV_VA":1673.6,"ITSERV_EXP":25.58,"SERFIN_VA":4402.97,"SERFIN_EXP":213.84,"GOBEST_VA":17072.14,"GOBEST_EXP":172.12,"SPRSCT_VA":9292.62,"SPRSCT_EXP":421.48,"SEAEMP_VA":3724.29,"SEAEMP_EXP":439.86,"ADPDEF_VA":4229.56,"ADPDEF_EXP":35.7,"EDUCAC_VA":6547.59,"EDUCAC_EXP":13.75,"SALUDH_VA":3932.96,"SALUDH_EXP":21.04,"ESPARC_VA":890.78,"ESPARC_EXP":54.86,"OTRSER_VA":3028.95,"OTRSER_EXP":33.6,"SERHOG_VA":188.79,"SERHOG_EXP":0.0}},{"type":"Feature","geometry":{"type":"Point","coordinates":[104.99,12.57]},"properties":{"id":"KHM","name":"Camboya","continent":"asia","year":2012,"AGRPFO_VA":3147.81,"AGRPFO_EXP":2206.74,"FORLOG_VA":319.69,"FORLOG_EXP":2.59,"PESCAC_VA":942.44,"PESCAC_EXP":156.47,"MINCOL_VA":0.0,"MINCOL_EXP":0.0,"PETGAS_VA":0.0,"PETGAS_EXP":0.0,"MINORE_VA":31.99,"MINORE_EXP":0.48,"MINOTH_VA":43.52,"MINOTH_EXP":0.79,"MINSER_VA":23.72,"MINSER_EXP":0.22,"ALYBEB_VA":294.47,"ALYBEB_EXP":356.65,"TEXYPR_VA":1368.17,"TEXYPR_EXP":2469.3,"MADYPR_VA":18.23,"MADYPR_EXP":31.43,"PAPYPR_VA":36.43,"PAPYPR_EXP":31.8,"PETREF_VA":4.87,"PETREF_EXP":21.93,"QUIMYP_VA":33.41,"QUIMYP_EXP":4.72,"FARMED_VA":19.7,"FARMED_EXP":2.36,"HUPLAS_VA":64.34,"HUPLAS_EXP":47.68,"PRNOMT_VA":66.59,"PRNOMT_EXP":1.04,"METBAS_VA":818.56,"METBAS_EXP":0.09,"NONFER_VA":15.24,"NONFER_EXP":5.74,"PRMETA_VA":58.36,"PRMETA_EXP":10.5,"ELCTRO_VA":0.1,"ELCTRO_EXP":0.04,"ELCTRI_VA":0.09,"ELCTRI_EXP":0.02,"MAQYEQ_VA":2.54,"MAQYEQ_EXP":1.16,"AUTOMO_VA":16.61,"AUTOMO_EXP":3.57,"OTRTRA_VA":2.95,"OTRTRA_EXP":3.99,"TRANSP_VA":5.28,"TRANSP_EXP":7.01,"OTRMAN_VA":64.84,"OTRMAN_EXP":18.46,"ELEGAS_VA":41.27,"ELEGAS_EXP":0.43,"AGUBAS_VA":43.24,"AGUBAS_EXP":0.33,"CONSTR_VA":849.4,"CONSTR_EXP":1.35,"COMREV_VA":1182.42,"COMREV_EXP":406.9,"TRATIE_VA":342.58,"TRATIE_EXP":274.32,"TRAGUA_VA":65.7,"TRAGUA_EXP":72.15,"TRAAIR_VA":53.35,"TRAAIR_EXP":94.91,"ALMSTR_VA":185.49,"ALMSTR_EXP":186.68,"POSTME_VA":63.02,"POSTME_EXP":49.59,"HOTYRE_VA":600.15,"HOTYRE_EXP":507.96,"MMTVRA_VA":66.68,"MMTVRA_EXP":60.7,"TELECO_VA":231.95,"TELECO_EXP":150.6,"ITSERV_VA":52.99,"ITSERV_EXP":12.79,"SERFIN_VA":278.41,"SERFIN_EXP":48.01,"GOBEST_VA":825.63,"GOBEST_EXP":136.0,"SPRSCT_VA":137.56,"SPRSCT_EXP":37.23,"SEAEMP_VA":109.38,"SEAEMP_EXP":47.52,"ADPDEF_VA":203.11,"ADPDEF_EXP":0.7,"EDUCAC_VA":199.24,"EDUCAC_EXP":38.51,"SALUDH_VA":337.18,"SALUDH_EXP":27.09,"ESPARC_VA":97.48,"ESPARC_EXP":78.62,"OTRSER_VA":186.56,"OTRSER_EXP":36.9,"SERHOG_VA":0.0,"SERHOG_EXP":0.0}},{"type":"Feature","geometry":{"type":"Point","coordinates":[127.77,35.91]},"properties":{"id":"KOR","name":"Corea del Sur","continent":"asia","year":2012,"AGRPFO_VA":21895.24,"AGRPFO_EXP":523.83,"FORLOG_VA":2030.92,"FORLOG_EXP":34.84,"PESCAC_VA":2966.84,"PESCAC_EXP":264.0,"MINCOL_VA":171.21,"MINCOL_EXP":5.12,"PETGAS_VA":171.36,"PETGAS_EXP":2.75,"MINORE_VA":57.07,"MINORE_EXP":35.3,"MINOTH_VA":1156.27,"MINOTH_EXP":254.29,"MINSER_VA":7.94,"MINSER_EXP":9.43,"ALYBEB_VA":14993.64,"ALYBEB_EXP":5683.71,"TEXYPR_VA":16676.44,"TEXYPR_EXP":13266.61,"MADYPR_VA":1653.55,"MADYPR_EXP":149.4,"PAPYPR_VA":9274.54,"PAPYPR_EXP":3688.07,"PETREF_VA":14117.9,"PETREF_EXP":71592.65,"QUIMYP_VA":34642.56,"QUIMYP_EXP":44775.34,"FARMED_VA":6194.72,"FARMED_EXP":1403.61,"HUPLAS_VA":18033.65,"HUPLAS_EXP":12789.82,"PRNOMT_VA":10017.02,"PRNOMT_EXP":2385.16,"METBAS_VA":24889.53,"METBAS_EXP":31255.48,"NONFER_VA":6633.53,"NONFER_EXP":13298.1,"PRMETA_VA":26456.92,"PRMETA_EXP":14374.64,"ELCTRO_VA":88241.58,"ELCTRO_EXP":140763.74,"ELCTRI_VA":20724.95,"ELCTRI_EXP":31247.39,"MAQYEQ_VA":30078.72,"MAQYEQ_EXP":37629.25,"AUTOMO_VA":39001.47,"AUTOMO_EXP":72588.81,"OTRTRA_VA":12792.0,"OTRTRA_EXP":38331.47,"TRANSP_VA":2376.74,"TRANSP_EXP":2422.82,"OTRMAN_VA":6887.17,"OTRMAN_EXP":4614.02,"ELEGAS_VA":14951.98,"ELEGAS_EXP":24.98,"AGUBAS_VA":6266.58,"AGUBAS_EXP":13.31,"CONSTR_VA":54156.53,"CONSTR_EXP":0.23,"COMREV_VA":125466.56,"COMREV_EXP":47471.29,"TRATIE_VA":13153.21,"TRATIE_EXP":1821.91,"TRAGUA_VA":5395.99,"TRAGUA_EXP":10017.38,"TRAAIR_VA":11108.44,"TRAAIR_EXP":10046.03,"ALMSTR_VA":10560.81,"ALMSTR_EXP":1459.08,"POSTME_VA":3014.83,"POSTME_EXP":65.42,"HOTYRE_VA":31491.34,"HOTYRE_EXP":3890.03,"MMTVRA_VA":16336.82,"MMTVRA_EXP":2005.94,"TELECO_VA":16498.4,"TELECO_EXP":944.49,"ITSERV_VA":21078.86,"ITSERV_EXP":3835.47,"SERFIN_VA":68665.3,"SERFIN_EXP":6247.99,"GOBEST_VA":94479.31,"GOBEST_EXP":905.57,"SPRSCT_VA":70610.61,"SPRSCT_EXP":15526.28,"SEAEMP_VA":36314.1,"SEAEMP_EXP":17077.26,"ADPDEF_VA":69563.57,"ADPDEF_EXP":33.1,"EDUCAC_VA":60050.93,"EDUCAC_EXP":305.76,"SALUDH_VA":46681.36,"SALUDH_EXP":155.53,"ESPARC_VA":12980.22,"ESPARC_EXP":1397.59,"OTRSER_VA":17119.13,"OTRSER_EXP":244.54,"SERHOG_VA":1687.45,"SERHOG_EXP":0.0}},{"type":"Feature","geometry":{"type":"Point","coordinates":[102.5,19.86]},"properties":{"id":"LAO","name":"Laos","continent":"asia","year":2012,"AGRPFO_VA":1470.9,"AGRPFO_EXP":263.07,"FORLOG_VA":223.07,"FORLOG_EXP":37.85,"PESCAC_VA":258.26,"PESCAC_EXP":0.7,"MINCOL_VA":123.56,"MINCOL_EXP":30.12,"PETGAS_VA":104.34,"PETGAS_EXP":0.14,"MINORE_VA":452.34,"MINORE_EXP":477.55,"MINOTH_VA":216.27,"MINOTH_EXP":11.23,"MINSER_VA":89.27,"MINSER_EXP":0.32,"ALYBEB_VA":371.72,"ALYBEB_EXP":230.13,"TEXYPR_VA":163.59,"TEXYPR_EXP":125.5,"MADYPR_VA":114.42,"MADYPR_EXP":150.44,"PAPYPR_VA":2.43,"PAPYPR_EXP":3.66,"PETREF_VA":50.93,"PETREF_EXP":0.32,"QUIMYP_VA":21.05,"QUIMYP_EXP":51.44,"FARMED_VA":13.33,"FARMED_EXP":2.78,"HUPLAS_VA":6.75,"HUPLAS_EXP":1.41,"PRNOMT_VA":94.67,"PRNOMT_EXP":29.89,"METBAS_VA":1.22,"METBAS_EXP":0.36,"NONFER_VA":2.13,"NONFER_EXP":1.13,"PRMETA_VA":33.75,"PRMETA_EXP":2.87,"ELCTRO_VA":3.36,"ELCTRO_EXP":1.98,"ELCTRI_VA":2.31,"ELCTRI_EXP":1.92,"MAQYEQ_VA":0.15,"MAQYEQ_EXP":0.04,"AUTOMO_VA":0.68,"AUTOMO_EXP":0.74,"OTRTRA_VA":0.35,"OTRTRA_EXP":0.11,"TRANSP_VA":0.35,"TRANSP_EXP":0.08,"OTRMAN_VA":74.48,"OTRMAN_EXP":60.94,"ELEGAS_VA":667.98,"ELEGAS_EXP":880.54,"AGUBAS_VA":189.03,"AGUBAS_EXP":0.44,"CONSTR_VA":570.28,"CONSTR_EXP":0.58,"COMREV_VA":1022.83,"COMREV_EXP":187.17,"TRATIE_VA":158.23,"TRATIE_EXP":70.34,"TRAGUA_VA":10.38,"TRAGUA_EXP":7.99,"TRAAIR_VA":17.62,"TRAAIR_EXP":31.91,"ALMSTR_VA":29.28,"ALMSTR_EXP":3.49,"POSTME_VA":31.56,"POSTME_EXP":5.99,"HOTYRE_VA":254.98,"HOTYRE_EXP":189.11,"MMTVRA_VA":22.16,"MMTVRA_EXP":11.16,"TELECO_VA":143.3,"TELECO_EXP":18.93,"ITSERV_VA":23.47,"ITSERV_EXP":16.39,"SERFIN_VA":336.66,"SERFIN_EXP":56.94,"GOBEST_VA":645.28,"GOBEST_EXP":36.89,"SPRSCT_VA":80.04,"SPRSCT_EXP":44.73,"SEAEMP_VA":39.24,"SEAEMP_EXP":25.45,"ADPDEF_VA":771.79,"ADPDEF_EXP":0.77,"EDUCAC_VA":181.26,"EDUCAC_EXP":11.49,"SALUDH_VA":44.37,"SALUDH_EXP":7.96,"ESPARC_VA":42.17,"ESPARC_EXP":21.71,"OTRSER_VA":308.27,"OTRSER_EXP":10.66,"SERHOG_VA":35.66,"SERHOG_EXP":0.0}},{"type":"Feature","geometry":{"type":"Point","coordinates":[23.88,55.17]},"properties":{"id":"LTU","name":"Lituania","continent":"europe","year":2012,"AGRPFO_VA":1619.69,"AGRPFO_EXP":1546.59,"FORLOG_VA":198.14,"FORLOG_EXP":113.21,"PESCAC_VA":26.39,"PESCAC_EXP":13.22,"MINCOL_VA":21.17,"MINCOL_EXP":9.88,"PETGAS_VA":59.13,"PETGAS_EXP":67.31,"MINORE_VA":6.49,"MINORE_EXP":0.72,"MINOTH_VA":54.71,"MINOTH_EXP":70.09,"MINSER_VA":20.95,"MINSER_EXP":3.29,"ALYBEB_VA":1827.53,"ALYBEB_EXP":2017.74,"TEXYPR_VA":619.57,"TEXYPR_EXP":615.37,"MADYPR_VA":526.75,"MADYPR_EXP":551.43,"PAPYPR_VA":361.12,"PAPYPR_EXP":311.71,"PETREF_VA":2403.27,"PETREF_EXP":5049.22,"QUIMYP_VA":1084.75,"QUIMYP_EXP":2065.51,"FARMED_VA":75.8,"FARMED_EXP":101.54,"HUPLAS_VA":440.62,"HUPLAS_EXP":644.12,"PRNOMT_VA":287.68,"PRNOMT_EXP":247.66,"METBAS_VA":52.81,"METBAS_EXP":106.95,"NONFER_VA":4.37,"NONFER_EXP":7.78,"PRMETA_VA":386.5,"PRMETA_EXP":527.54,"ELCTRO_VA":178.32,"ELCTRO_EXP":253.91,"ELCTRI_VA":144.65,"ELCTRI_EXP":283.69,"MAQYEQ_VA":235.2,"MAQYEQ_EXP":283.73,"AUTOMO_VA":97.26,"AUTOMO_EXP":98.05,"OTRTRA_VA":62.69,"OTRTRA_EXP":78.98,"TRANSP_VA":60.44,"TRANSP_EXP":79.3,"OTRMAN_VA":1237.06,"OTRMAN_EXP":1520.19,"ELEGAS_VA":1250.13,"ELEGAS_EXP":96.44,"AGUBAS_VA":498.54,"AGUBAS_EXP":44.11,"CONSTR_VA":2485.38,"CONSTR_EXP":101.94,"COMREV_VA":7166.92,"COMREV_EXP":3297.67,"TRATIE_VA":2955.14,"TRATIE_EXP":2460.97,"TRAGUA_VA":133.74,"TRAGUA_EXP":136.39,"TRAAIR_VA":48.31,"TRAAIR_EXP":141.01,"ALMSTR_VA":1434.56,"ALMSTR_EXP":1498.39,"POSTME_VA":95.75,"POSTME_EXP":32.75,"HOTYRE_VA":547.47,"HOTYRE_EXP":199.47,"MMTVRA_VA":199.65,"MMTVRA_EXP":84.48,"TELECO_VA":616.16,"TELECO_EXP":159.7,"ITSERV_VA":374.25,"ITSERV_EXP":87.96,"SERFIN_VA":835.75,"SERFIN_EXP":88.41,"GOBEST_VA":2420.14,"GOBEST_EXP":179.7,"SPRSCT_VA":1374.23,"SPRSCT_EXP":304.92,"SEAEMP_VA":847.84,"SEAEMP_EXP":225.55,"ADPDEF_VA":2458.35,"ADPDEF_EXP":6.52,"EDUCAC_VA":1862.95,"EDUCAC_EXP":41.39,"SALUDH_VA":1376.93,"SALUDH_EXP":24.27,"ESPARC_VA":311.07,"ESPARC_EXP":73.19,"OTRSER_VA":345.35,"OTRSER_EXP":32.89,"SERHOG_VA":33.49,"SERHOG_EXP":0.0}},{"type":"Feature","geometry":{"type":"Point","coordinates":[6.13,49.82]},"properties":{"id":"LUX","name":"Luxemburgo","continent":"europe","year":2012,"AGRPFO_VA":165.03,"AGRPFO_EXP":463.75,"FORLOG_VA":19.78,"FORLOG_EXP":28.46,"PESCAC_VA":0.0,"PESCAC_EXP":0.0,"MINCOL_VA":0.0,"MINCOL_EXP":0.0,"PETGAS_VA":0.0,"PETGAS_EXP":0.0,"MINORE_VA":13.13,"MINORE_EXP":6.5,"MINOTH_VA":31.18,"MINOTH_EXP":7.19,"MINSER_VA":0.0,"MINSER_EXP":0.0,"ALYBEB_VA":371.23,"ALYBEB_EXP":1064.81,"TEXYPR_VA":198.91,"TEXYPR_EXP":602.57,"MADYPR_VA":67.2,"MADYPR_EXP":317.7,"PAPYPR_VA":97.66,"PAPYPR_EXP":65.6,"PETREF_VA":0.0,"PETREF_EXP":0.0,"QUIMYP_VA":94.35,"QUIMYP_EXP":359.22,"FARMED_VA":28.95,"FARMED_EXP":18.77,"HUPLAS_VA":297.19,"HUPLAS_EXP":1346.51,"PRNOMT_VA":257.63,"PRNOMT_EXP":875.3,"METBAS_VA":244.75,"METBAS_EXP":1845.64,"NONFER_VA":252.44,"NONFER_EXP":1961.35,"PRMETA_VA":322.27,"PRMETA_EXP":864.74,"ELCTRO_VA":112.61,"ELCTRO_EXP":294.88,"ELCTRI_VA":63.75,"ELCTRI_EXP":184.23,"MAQYEQ_VA":474.78,"MAQYEQ_EXP":1238.11,"AUTOMO_VA":57.56,"AUTOMO_EXP":46.13,"OTRTRA_VA":0.54,"OTRTRA_EXP":0.18,"TRANSP_VA":1.31,"TRANSP_EXP":0.42,"OTRMAN_VA":106.13,"OTRMAN_EXP":218.72,"ELEGAS_VA":403.71,"ELEGAS_EXP":565.67,"AGUBAS_VA":271.63,"AGUBAS_EXP":16.72,"CONSTR_VA":3052.56,"CONSTR_EXP":55.57,"COMREV_VA":6004.89,"COMREV_EXP":4635.3,"TRATIE_VA":1568.25,"TRATIE_EXP":1827.0,"TRAGUA_VA":50.23,"TRAGUA_EXP":79.66,"TRAAIR_VA":577.92,"TRAAIR_EXP":1946.29,"ALMSTR_VA":300.81,"ALMSTR_EXP":357.01,"POSTME_VA":129.14,"POSTME_EXP":219.39,"HOTYRE_VA":1014.74,"HOTYRE_EXP":1297.13,"MMTVRA_VA":410.88,"MMTVRA_EXP":493.59,"TELECO_VA":2150.68,"TELECO_EXP":4321.91,"ITSERV_VA":1209.93,"ITSERV_EXP":2106.98,"SERFIN_VA":16427.27,"SERFIN_EXP":53735.57,"GOBEST_VA":4451.26,"GOBEST_EXP":499.5,"SPRSCT_VA":4088.64,"SPRSCT_EXP":2395.84,"SEAEMP_VA":1614.13,"SEAEMP_EXP":1035.0,"ADPDEF_VA":3094.82,"ADPDEF_EXP":39.18,"EDUCAC_VA":2222.25,"EDUCAC_EXP":140.94,"SALUDH_VA":3101.41,"SALUDH_EXP":85.54,"ESPARC_VA":384.88,"ESPARC_EXP":225.56,"OTRSER_VA":468.45,"OTRSER_EXP":87.77,"SERHOG_VA":154.41,"SERHOG_EXP":0.0}},{"type":"Feature","geometry":{"type":"Point","coordinates":[24.6,56.88]},"properties":{"id":"LVA","name":"Letonia","continent":"europe","year":2012,"AGRPFO_VA":583.21,"AGRPFO_EXP":707.6,"FORLOG_VA":458.0,"FORLOG_EXP":241.3,"PESCAC_VA":49.61,"PESCAC_EXP":41.36,"MINCOL_VA":1.27,"MINCOL_EXP":0.61,"PETGAS_VA":0.0,"PETGAS_EXP":0.0,"MINORE_VA":0.81,"MINORE_EXP":0.4,"MINOTH_VA":130.57,"MINOTH_EXP":5.86,"MINSER_VA":1.65,"MINSER_EXP":1.55,"ALYBEB_VA":750.77,"ALYBEB_EXP":861.74,"TEXYPR_VA":184.52,"TEXYPR_EXP":272.51,"MADYPR_VA":734.68,"MADYPR_EXP":1150.39,"PAPYPR_VA":138.5,"PAPYPR_EXP":87.83,"PETREF_VA":2.18,"PETREF_EXP":0.12,"QUIMYP_VA":110.67,"QUIMYP_EXP":231.62,"FARMED_VA":119.49,"FARMED_EXP":164.38,"HUPLAS_VA":92.12,"HUPLAS_EXP":156.32,"PRNOMT_VA":250.33,"PRNOMT_EXP":175.3,"METBAS_VA":80.35,"METBAS_EXP":480.15,"NONFER_VA":18.26,"NONFER_EXP":204.79,"PRMETA_VA":282.01,"PRMETA_EXP":332.65,"ELCTRO_VA":83.92,"ELCTRO_EXP":158.72,"ELCTRI_VA":89.44,"ELCTRI_EXP":180.95,"MAQYEQ_VA":90.7,"MAQYEQ_EXP":187.24,"AUTOMO_VA":59.22,"AUTOMO_EXP":84.01,"OTRTRA_VA":36.92,"OTRTRA_EXP":41.2,"TRANSP_VA":29.83,"TRANSP_EXP":55.7,"OTRMAN_VA":406.16,"OTRMAN_EXP":324.85,"ELEGAS_VA":918.3,"ELEGAS_EXP":140.66,"AGUBAS_VA":244.78,"AGUBAS_EXP":14.44,"CONSTR_VA":1676.69,"CONSTR_EXP":48.04,"COMREV_VA":3952.59,"COMREV_EXP":1692.7,"TRATIE_VA":1448.48,"TRATIE_EXP":2194.64,"TRAGUA_VA":94.67,"TRAGUA_EXP":54.44,"TRAAIR_VA":55.81,"TRAAIR_EXP":161.7,"ALMSTR_VA":1298.97,"ALMSTR_EXP":526.09,"POSTME_VA":102.37,"POSTME_EXP":33.1,"HOTYRE_VA":428.76,"HOTYRE_EXP":267.83,"MMTVRA_VA":150.86,"MMTVRA_EXP":72.66,"TELECO_VA":468.82,"TELECO_EXP":128.37,"ITSERV_VA":537.13,"ITSERV_EXP":205.27,"SERFIN_VA":1106.41,"SERFIN_EXP":500.88,"GOBEST_VA":2324.05,"GOBEST_EXP":48.18,"SPRSCT_VA":1149.6,"SPRSCT_EXP":314.37,"SEAEMP_VA":748.59,"SEAEMP_EXP":229.94,"ADPDEF_VA":1900.39,"ADPDEF_EXP":0.82,"EDUCAC_VA":1159.33,"EDUCAC_EXP":22.0,"SALUDH_VA":830.84,"SALUDH_EXP":12.1,"ESPARC_VA":496.93,"ESPARC_EXP":45.88,"OTRSER_VA":244.48,"OTRSER_EXP":16.1,"SERHOG_VA":42.44,"SERHOG_EXP":0.0}},{"type":"Feature","geometry":{"type":"Point","coordinates":[-7.09,31.79]},"properties":{"id":"MAR","name":"Marruecos","continent":"other","year":2012,"AGRPFO_VA":11422.26,"AGRPFO_EXP":1085.79,"FORLOG_VA":1379.68,"FORLOG_EXP":4.53,"PESCAC_VA":492.54,"PESCAC_EXP":368.37,"MINCOL_VA":5.49,"MINCOL_EXP":0.54,"PETGAS_VA":14.63,"PETGAS_EXP":1.21,"MINORE_VA":522.8,"MINORE_EXP":236.79,"MINOTH_VA":1795.28,"MINOTH_EXP":1306.57,"MINSER_VA":55.62,"MINSER_EXP":20.73,"ALYBEB_VA":4471.61,"ALYBEB_EXP":2214.72,"TEXYPR_VA":2622.3,"TEXYPR_EXP":3126.15,"MADYPR_VA":234.09,"MADYPR_EXP":39.0,"PAPYPR_VA":481.07,"PAPYPR_EXP":164.63,"PETREF_VA":257.5,"PETREF_EXP":1175.43,"QUIMYP_VA":1777.07,"QUIMYP_EXP":3648.33,"FARMED_VA":651.94,"FARMED_EXP":149.1,"HUPLAS_VA":515.54,"HUPLAS_EXP":236.02,"PRNOMT_VA":1466.59,"PRNOMT_EXP":148.83,"METBAS_VA":348.75,"METBAS_EXP":187.33,"NONFER_VA":352.14,"NONFER_EXP":621.49,"PRMETA_VA":892.34,"PRMETA_EXP":184.08,"ELCTRO_VA":114.88,"ELCTRO_EXP":262.34,"ELCTRI_VA":487.41,"ELCTRI_EXP":1038.75,"MAQYEQ_VA":309.09,"MAQYEQ_EXP":94.91,"AUTOMO_VA":964.27,"AUTOMO_EXP":1601.84,"OTRTRA_VA":79.53,"OTRTRA_EXP":63.32,"TRANSP_VA":159.99,"TRANSP_EXP":127.51,"OTRMAN_VA":1151.41,"OTRMAN_EXP":261.04,"ELEGAS_VA":2460.76,"ELEGAS_EXP":10.65,"AGUBAS_VA":357.37,"AGUBAS_EXP":1.9,"CONSTR_VA":7096.06,"CONSTR_EXP":77.74,"COMREV_VA":9152.94,"COMREV_EXP":2163.64,"TRATIE_VA":1881.67,"TRATIE_EXP":1186.32,"TRAGUA_VA":45.82,"TRAGUA_EXP":307.38,"TRAAIR_VA":133.99,"TRAAIR_EXP":1007.47,"ALMSTR_VA":1102.32,"ALMSTR_EXP":951.17,"POSTME_VA":104.47,"POSTME_EXP":131.78,"HOTYRE_VA":2221.75,"HOTYRE_EXP":1910.54,"MMTVRA_VA":328.6,"MMTVRA_EXP":173.38,"TELECO_VA":2630.32,"TELECO_EXP":710.21,"ITSERV_VA":499.21,"ITSERV_EXP":522.72,"SERFIN_VA":4987.08,"SERFIN_EXP":319.94,"GOBEST_VA":3637.52,"GOBEST_EXP":345.49,"SPRSCT_VA":3259.87,"SPRSCT_EXP":1375.47,"SEAEMP_VA":3555.08,"SEAEMP_EXP":1027.06,"ADPDEF_VA":9747.05,"ADPDEF_EXP":156.52,"EDUCAC_VA":8328.79,"EDUCAC_EXP":221.27,"SALUDH_VA":3675.83,"SALUDH_EXP":87.67,"ESPARC_VA":342.6,"ESPARC_EXP":183.63,"OTRSER_VA":979.22,"OTRSER_EXP":133.61,"SERHOG_VA":431.49,"SERHOG_EXP":0.0}},{"type":"Feature","geometry":{"type":"Point","coordinates":[-102.55,23.63]},"properties":{"id":"MEX","name":"México","continent":"america","year":2012,"AGRPFO_VA":35029.05,"AGRPFO_EXP":7649.73,"FORLOG_VA":1304.62,"FORLOG_EXP":47.91,"PESCAC_VA":458.99,"PESCAC_EXP":98.23,"MINCOL_VA":414.02,"MINCOL_EXP":28.4,"PETGAS_VA":73898.26,"PETGAS_EXP":46706.45,"MINORE_VA":10183.69,"MINORE_EXP":3742.43,"MINOTH_VA":4439.88,"MINOTH_EXP":403.94,"MINSER_VA":5346.51,"MINSER_EXP":14.19,"ALYBEB_VA":56404.53,"ALYBEB_EXP":9896.23,"TEXYPR_VA":8527.73,"TEXYPR_EXP":5718.02,"MADYPR_VA":2166.86,"MADYPR_EXP":457.87,"PAPYPR_VA":5854.48,"PAPYPR_EXP":1964.24,"PETREF_VA":7308.08,"PETREF_EXP":4750.31,"QUIMYP_VA":20901.09,"QUIMYP_EXP":9222.15,"FARMED_VA":6083.4,"FARMED_EXP":1626.12,"HUPLAS_VA":6550.72,"HUPLAS_EXP":5421.9,"PRNOMT_VA":7884.91,"PRNOMT_EXP":2528.76,"METBAS_VA":6895.14,"METBAS_EXP":3914.9,"NONFER_VA":9200.95,"NONFER_EXP":12267.66,"PRMETA_VA":8750.37,"PRMETA_EXP":7575.92,"ELCTRO_VA":16511.86,"ELCTRO_EXP":50746.62,"ELCTRI_VA":9529.91,"ELCTRI_EXP":17136.2,"MAQYEQ_VA":11013.08,"MAQYEQ_EXP":15622.74,"AUTOMO_VA":38642.22,"AUTOMO_EXP":81134.31,"OTRTRA_VA":187.4,"OTRTRA_EXP":85.4,"TRANSP_VA":1695.6,"TRANSP_EXP":4234.67,"OTRMAN_VA":8793.7,"OTRMAN_EXP":9155.34,"ELEGAS_VA":12697.75,"ELEGAS_EXP":427.26,"AGUBAS_VA":3651.25,"AGUBAS_EXP":27.21,"CONSTR_VA":74631.36,"CONSTR_EXP":62.23,"COMREV_VA":235366.63,"COMREV_EXP":45921.14,"TRATIE_VA":67893.06,"TRATIE_EXP":13910.26,"TRAGUA_VA":964.75,"TRAGUA_EXP":749.06,"TRAAIR_VA":1759.17,"TRAAIR_EXP":1401.25,"ALMSTR_VA":8004.85,"ALMSTR_EXP":3044.11,"POSTME_VA":1168.03,"POSTME_EXP":20.98,"HOTYRE_VA":28248.39,"HOTYRE_EXP":5694.03,"MMTVRA_VA":4790.14,"MMTVRA_EXP":535.8,"TELECO_VA":18724.86,"TELECO_EXP":580.77,"ITSERV_VA":2069.01,"ITSERV_EXP":30.69,"SERFIN_VA":37010.07,"SERFIN_EXP":3224.92,"GOBEST_VA":164170.43,"GOBEST_EXP":1005.81,"SPRSCT_VA":28120.17,"SPRSCT_EXP":752.72,"SEAEMP_VA":44170.36,"SEAEMP_EXP":482.79,"ADPDEF_VA":48265.71,"ADPDEF_EXP":0.39,"EDUCAC_VA":47023.42,"EDUCAC_EXP":327.28,"SALUDH_VA":26402.8,"SALUDH_EXP":239.32,"ESPARC_VA":6167.64,"ESPARC_EXP":644.51,"OTRSER_VA":13054.4,"OTRSER_EXP":317.94,"SERHOG_VA":5365.54,"SERHOG_EXP":0.0}},{"type":"Feature","geometry":{"type":"Point","coordinates":[14.38,35.94]},"properties":{"id":"MLT","name":"Malta","continent":"europe","year":2012,"AGRPFO_VA":80.05,"AGRPFO_EXP":17.22,"FORLOG_VA":0.0,"FORLOG_EXP":0.0,"PESCAC_VA":38.61,"PESCAC_EXP":109.22,"MINCOL_VA":0.0,"MINCOL_EXP":0.0,"PETGAS_VA":2.67,"PETGAS_EXP":7.48,"MINORE_VA":0.87,"MINORE_EXP":0.25,"MINOTH_VA":14.3,"MINOTH_EXP":0.8,"MINSER_VA":6.48,"MINSER_EXP":2.03,"ALYBEB_VA":151.41,"ALYBEB_EXP":204.37,"TEXYPR_VA":46.92,"TEXYPR_EXP":56.6,"MADYPR_VA":6.99,"MADYPR_EXP":3.05,"PAPYPR_VA":86.25,"PAPYPR_EXP":218.66,"PETREF_VA":0.38,"PETREF_EXP":0.18,"QUIMYP_VA":11.13,"QUIMYP_EXP":37.92,"FARMED_VA":87.41,"FARMED_EXP":186.79,"HUPLAS_VA":63.26,"HUPLAS_EXP":158.3,"PRNOMT_VA":35.13,"PRNOMT_EXP":10.57,"METBAS_VA":0.66,"METBAS_EXP":0.65,"NONFER_VA":0.57,"NONFER_EXP":0.71,"PRMETA_VA":39.18,"PRMETA_EXP":28.34,"ELCTRO_VA":82.96,"ELCTRO_EXP":651.11,"ELCTRI_VA":29.05,"ELCTRI_EXP":66.23,"MAQYEQ_VA":26.36,"MAQYEQ_EXP":44.88,"AUTOMO_VA":60.35,"AUTOMO_EXP":27.64,"OTRTRA_VA":7.89,"OTRTRA_EXP":18.47,"TRANSP_VA":16.03,"TRANSP_EXP":12.97,"OTRMAN_VA":220.31,"OTRMAN_EXP":352.07,"ELEGAS_VA":12.78,"ELEGAS_EXP":0.8,"AGUBAS_VA":86.15,"AGUBAS_EXP":5.4,"CONSTR_VA":400.86,"CONSTR_EXP":22.3,"COMREV_VA":939.14,"COMREV_EXP":403.35,"TRATIE_VA":80.72,"TRATIE_EXP":95.52,"TRAGUA_VA":28.0,"TRAGUA_EXP":92.9,"TRAAIR_VA":70.49,"TRAAIR_EXP":329.05,"ALMSTR_VA":321.65,"ALMSTR_EXP":424.01,"POSTME_VA":21.88,"POSTME_EXP":8.19,"HOTYRE_VA":446.89,"HOTYRE_EXP":723.55,"MMTVRA_VA":43.29,"MMTVRA_EXP":40.34,"TELECO_VA":159.6,"TELECO_EXP":37.25,"ITSERV_VA":310.4,"ITSERV_EXP":76.14,"SERFIN_VA":839.23,"SERFIN_EXP":1129.92,"GOBEST_VA":605.93,"GOBEST_EXP":40.44,"SPRSCT_VA":538.48,"SPRSCT_EXP":457.34,"SEAEMP_VA":407.65,"SEAEMP_EXP":171.66,"ADPDEF_VA":577.83,"ADPDEF_EXP":4.85,"EDUCAC_VA":549.33,"EDUCAC_EXP":21.11,"SALUDH_VA":533.09,"SALUDH_EXP":12.5,"ESPARC_VA":667.79,"ESPARC_EXP":1476.98,"OTRSER_VA":105.65,"OTRSER_EXP":16.79,"SERHOG_VA":9.61,"SERHOG_EXP":0.0}},{"type":"Feature","geometry":{"type":"Point","coordinates":[95.96,21.91]},"properties":{"id":"MMR","name":"Myanmar","continent":"asia","year":2012,"AGRPFO_VA":18677.29,"AGRPFO_EXP":1643.71,"FORLOG_VA":462.13,"FORLOG_EXP":321.18,"PESCAC_VA":4457.5,"PESCAC_EXP":285.93,"MINCOL_VA":2.9,"MINCOL_EXP":0.34,"PETGAS_VA":1495.0,"PETGAS_EXP":2274.71,"MINORE_VA":316.86,"MINORE_EXP":21.81,"MINOTH_VA":291.59,"MINOTH_EXP":171.87,"MINSER_VA":13.46,"MINSER_EXP":3.57,"ALYBEB_VA":2332.02,"ALYBEB_EXP":623.65,"TEXYPR_VA":1749.08,"TEXYPR_EXP":1277.26,"MADYPR_VA":261.47,"MADYPR_EXP":92.65,"PAPYPR_VA":323.41,"PAPYPR_EXP":28.1,"PETREF_VA":490.03,"PETREF_EXP":29.53,"QUIMYP_VA":426.6,"QUIMYP_EXP":21.5,"FARMED_VA":208.07,"FARMED_EXP":2.27,"HUPLAS_VA":265.33,"HUPLAS_EXP":14.94,"PRNOMT_VA":458.34,"PRNOMT_EXP":6.99,"METBAS_VA":236.9,"METBAS_EXP":0.45,"NONFER_VA":154.91,"NONFER_EXP":0.93,"PRMETA_VA":333.38,"PRMETA_EXP":16.84,"ELCTRO_VA":280.33,"ELCTRO_EXP":40.96,"ELCTRI_VA":202.83,"ELCTRI_EXP":41.32,"MAQYEQ_VA":280.58,"MAQYEQ_EXP":63.36,"AUTOMO_VA":333.53,"AUTOMO_EXP":6.37,"OTRTRA_VA":46.41,"OTRTRA_EXP":0.63,"TRANSP_VA":56.18,"TRANSP_EXP":33.2,"OTRMAN_VA":481.84,"OTRMAN_EXP":44.76,"ELEGAS_VA":313.44,"ELEGAS_EXP":15.8,"AGUBAS_VA":64.43,"AGUBAS_EXP":0.61,"CONSTR_VA":2029.37,"CONSTR_EXP":6.58,"COMREV_VA":4343.98,"COMREV_EXP":478.22,"TRATIE_VA":1083.34,"TRATIE_EXP":73.45,"TRAGUA_VA":416.01,"TRAGUA_EXP":107.87,"TRAAIR_VA":277.8,"TRAAIR_EXP":96.46,"ALMSTR_VA":436.2,"ALMSTR_EXP":91.32,"POSTME_VA":72.23,"POSTME_EXP":0.56,"HOTYRE_VA":1309.23,"HOTYRE_EXP":78.75,"MMTVRA_VA":226.92,"MMTVRA_EXP":18.55,"TELECO_VA":738.1,"TELECO_EXP":61.9,"ITSERV_VA":187.56,"ITSERV_EXP":24.62,"SERFIN_VA":1313.34,"SERFIN_EXP":9.72,"GOBEST_VA":1611.29,"GOBEST_EXP":23.87,"SPRSCT_VA":853.38,"SPRSCT_EXP":125.86,"SEAEMP_VA":661.59,"SEAEMP_EXP":106.77,"ADPDEF_VA":1915.79,"ADPDEF_EXP":1.74,"EDUCAC_VA":1135.83,"EDUCAC_EXP":4.99,"SALUDH_VA":1487.46,"SALUDH_EXP":3.55,"ESPARC_VA":207.72,"ESPARC_EXP":9.61,"OTRSER_VA":422.1,"OTRSER_EXP":5.35,"SERHOG_VA":0.0,"SERHOG_EXP":0.0}},{"type":"Feature","geometry":{"type":"Point","coordinates":[101.98,4.21]},"properties":{"id":"MYS","name":"Malasia","continent":"asia","year":2012,"AGRPFO_VA":21582.38,"AGRPFO_EXP":3607.3,"FORLOG_VA":2806.66,"FORLOG_EXP":703.6,"PESCAC_VA":3158.52,"PESCAC_EXP":375.09,"MINCOL_VA":11129.5,"MINCOL_EXP":293.08,"PETGAS_VA":14661.6,"PETGAS_EXP":19763.14,"MINORE_VA":344.71,"MINORE_EXP":441.46,"MINOTH_VA":1342.21,"MINOTH_EXP":377.53,"MINSER_VA":2156.75,"MINSER_EXP":60.13,"ALYBEB_VA":4777.43,"ALYBEB_EXP":24730.8,"TEXYPR_VA":1015.11,"TEXYPR_EXP":1747.92,"MADYPR_VA":1510.03,"MADYPR_EXP":2943.71,"PAPYPR_VA":1841.12,"PAPYPR_EXP":1282.08,"PETREF_VA":8776.58,"PETREF_EXP":8789.23,"QUIMYP_VA":5566.23,"QUIMYP_EXP":13057.15,"FARMED_VA":402.25,"FARMED_EXP":326.34,"HUPLAS_VA":3592.0,"HUPLAS_EXP":10830.61,"PRNOMT_VA":1955.25,"PRNOMT_EXP":1971.66,"METBAS_VA":1088.72,"METBAS_EXP":2826.54,"NONFER_VA":534.57,"NONFER_EXP":3349.75,"PRMETA_VA":2203.69,"PRMETA_EXP":3294.81,"ELCTRO_VA":13803.77,"ELCTRO_EXP":59922.96,"ELCTRI_VA":940.93,"ELCTRI_EXP":6298.64,"MAQYEQ_VA":1649.87,"MAQYEQ_EXP":5626.2,"AUTOMO_VA":4835.1,"AUTOMO_EXP":819.71,"OTRTRA_VA":500.37,"OTRTRA_EXP":2918.34,"TRANSP_VA":590.39,"TRANSP_EXP":935.56,"OTRMAN_VA":2249.84,"OTRMAN_EXP":2639.14,"ELEGAS_VA":6017.87,"ELEGAS_EXP":22.3,"AGUBAS_VA":1869.89,"AGUBAS_EXP":41.24,"CONSTR_VA":11119.22,"CONSTR_EXP":3.24,"COMREV_VA":64720.86,"COMREV_EXP":19212.56,"TRATIE_VA":2631.52,"TRATIE_EXP":2795.08,"TRAGUA_VA":1515.19,"TRAGUA_EXP":1999.48,"TRAAIR_VA":1422.68,"TRAAIR_EXP":3294.72,"ALMSTR_VA":4100.76,"ALMSTR_EXP":1501.35,"POSTME_VA":424.01,"POSTME_EXP":536.95,"HOTYRE_VA":8691.98,"HOTYRE_EXP":8110.9,"MMTVRA_VA":1547.61,"MMTVRA_EXP":510.47,"TELECO_VA":8475.33,"TELECO_EXP":1208.52,"ITSERV_VA":3981.9,"ITSERV_EXP":2202.84,"SERFIN_VA":21350.28,"SERFIN_EXP":3892.58,"GOBEST_VA":10199.74,"GOBEST_EXP":1356.27,"SPRSCT_VA":5599.07,"SPRSCT_EXP":5211.28,"SEAEMP_VA":2600.16,"SEAEMP_EXP":2903.32,"ADPDEF_VA":25621.49,"ADPDEF_EXP":341.68,"EDUCAC_VA":10836.06,"EDUCAC_EXP":432.74,"SALUDH_VA":3023.39,"SALUDH_EXP":304.77,"ESPARC_VA":2098.6,"ESPARC_EXP":919.83,"OTRSER_VA":546.65,"OTRSER_EXP":424.37,"SERHOG_VA":355.27,"SERHOG_EXP":0.0}},{"type":"Feature","geometry":{"type":"Point","coordinates":[8.68,9.08]},"properties":{"id":"NGA","name":"Nigeria","continent":"other","year":2012,"AGRPFO_VA":96998.72,"AGRPFO_EXP":8325.65,"FORLOG_VA":1069.95,"FORLOG_EXP":557.87,"PESCAC_VA":2053.15,"PESCAC_EXP":7.16,"MINCOL_VA":29.26,"MINCOL_EXP":0.26,"PETGAS_VA":71597.5,"PETGAS_EXP":98387.99,"MINORE_VA":19.06,"MINORE_EXP":22.06,"MINOTH_VA":406.82,"MINOTH_EXP":160.77,"MINSER_VA":66.21,"MINSER_EXP":2.47,"ALYBEB_VA":29135.23,"ALYBEB_EXP":6039.33,"TEXYPR_VA":4536.84,"TEXYPR_EXP":4289.51,"MADYPR_VA":1163.09,"MADYPR_EXP":678.28,"PAPYPR_VA":399.77,"PAPYPR_EXP":11.98,"PETREF_VA":1608.78,"PETREF_EXP":3671.07,"QUIMYP_VA":720.18,"QUIMYP_EXP":603.59,"FARMED_VA":137.26,"FARMED_EXP":11.68,"HUPLAS_VA":838.0,"HUPLAS_EXP":521.01,"PRNOMT_VA":2795.79,"PRNOMT_EXP":38.82,"METBAS_VA":156.27,"METBAS_EXP":32.29,"NONFER_VA":249.84,"NONFER_EXP":801.23,"PRMETA_VA":156.3,"PRMETA_EXP":250.16,"ELCTRO_VA":218.3,"ELCTRO_EXP":45.08,"ELCTRI_VA":31.88,"ELCTRI_EXP":44.33,"MAQYEQ_VA":160.8,"MAQYEQ_EXP":317.24,"AUTOMO_VA":278.32,"AUTOMO_EXP":180.64,"OTRTRA_VA":211.46,"OTRTRA_EXP":34.71,"TRANSP_VA":3.43,"TRANSP_EXP":6.17,"OTRMAN_VA":1615.8,"OTRMAN_EXP":141.61,"ELEGAS_VA":2371.36,"ELEGAS_EXP":43.47,"AGUBAS_VA":602.01,"AGUBAS_EXP":0.11,"CONSTR_VA":14545.3,"CONSTR_EXP":0.49,"COMREV_VA":70731.65,"COMREV_EXP":14939.99,"TRATIE_VA":4968.79,"TRATIE_EXP":2034.32,"TRAGUA_VA":567.85,"TRAGUA_EXP":84.39,"TRAAIR_VA":419.53,"TRAAIR_EXP":475.74,"ALMSTR_VA":1717.05,"ALMSTR_EXP":338.97,"POSTME_VA":119.35,"POSTME_EXP":46.04,"HOTYRE_VA":2299.63,"HOTYRE_EXP":191.79,"MMTVRA_VA":8955.63,"MMTVRA_EXP":25.21,"TELECO_VA":28170.56,"TELECO_EXP":53.09,"ITSERV_VA":10117.97,"ITSERV_EXP":46.1,"SERFIN_VA":14105.61,"SERFIN_EXP":41.9,"GOBEST_VA":36146.18,"GOBEST_EXP":56.79,"SPRSCT_VA":13843.35,"SPRSCT_EXP":46.95,"SEAEMP_VA":103.55,"SEAEMP_EXP":9.71,"ADPDEF_VA":13948.6,"ADPDEF_EXP":0.03,"EDUCAC_VA":7939.75,"EDUCAC_EXP":10.33,"SALUDH_VA":3074.45,"SALUDH_EXP":7.37,"ESPARC_VA":613.32,"ESPARC_EXP":18.58,"OTRSER_VA":8211.1,"OTRSER_EXP":11.86,"SERHOG_VA":1920.87,"SERHOG_EXP":0.0}},{"type":"Feature","geometry":{"type":"Point","coordinates":[5.29,52.13]},"properties":{"id":"NLD","name":"Países Bajos","continent":"europe","year":2012,"AGRPFO_VA":15140.17,"AGRPFO_EXP":15953.01,"FORLOG_VA":163.65,"FORLOG_EXP":133.75,"PESCAC_VA":413.3,"PESCAC_EXP":323.49,"MINCOL_VA":0.0,"MINCOL_EXP":0.0,"PETGAS_VA":19523.07,"PETGAS_EXP":14926.55,"MINORE_VA":0.0,"MINORE_EXP":0.0,"MINOTH_VA":516.9,"MINOTH_EXP":348.55,"MINSER_VA":5173.73,"MINSER_EXP":4981.9,"ALYBEB_VA":16967.45,"ALYBEB_EXP":37273.79,"TEXYPR_VA":1420.11,"TEXYPR_EXP":3090.61,"MADYPR_VA":986.71,"MADYPR_EXP":664.11,"PAPYPR_VA":4321.75,"PAPYPR_EXP":3092.46,"PETREF_VA":2377.2,"PETREF_EXP":24666.48,"QUIMYP_VA":11800.61,"QUIMYP_EXP":34809.09,"FARMED_VA":4773.94,"FARMED_EXP":4918.7,"HUPLAS_VA":3260.84,"HUPLAS_EXP":4918.17,"PRNOMT_VA":2391.42,"PRNOMT_EXP":1327.32,"METBAS_VA":2043.13,"METBAS_EXP":2432.75,"NONFER_VA":737.13,"NONFER_EXP":2599.02,"PRMETA_VA":8189.27,"PRMETA_EXP":4469.03,"ELCTRO_VA":6124.57,"ELCTRO_EXP":28726.17,"ELCTRI_VA":3254.04,"ELCTRI_EXP":4943.36,"MAQYEQ_VA":11080.35,"MAQYEQ_EXP":17614.4,"AUTOMO_VA":2741.09,"AUTOMO_EXP":5551.87,"OTRTRA_VA":1235.43,"OTRTRA_EXP":1858.35,"TRANSP_VA":705.31,"TRANSP_EXP":1627.51,"OTRMAN_VA":7388.24,"OTRMAN_EXP":5137.82,"ELEGAS_VA":10707.13,"ELEGAS_EXP":1600.51,"AGUBAS_VA":5216.71,"AGUBAS_EXP":1108.16,"CONSTR_VA":36758.31,"CONSTR_EXP":495.5,"COMREV_VA":100059.48,"COMREV_EXP":53247.02,"TRATIE_VA":16084.0,"TRATIE_EXP":8706.2,"TRAGUA_VA":2732.12,"TRAGUA_EXP":6314.78,"TRAAIR_VA":3124.3,"TRAAIR_EXP":7360.52,"ALMSTR_VA":12935.8,"ALMSTR_EXP":6675.45,"POSTME_VA":3099.06,"POSTME_EXP":1545.44,"HOTYRE_VA":13259.31,"HOTYRE_EXP":4371.97,"MMTVRA_VA":6055.91,"MMTVRA_EXP":2339.72,"TELECO_VA":11252.92,"TELECO_EXP":2110.28,"ITSERV_VA":18534.03,"ITSERV_EXP":10048.3,"SERFIN_VA":69789.46,"SERFIN_EXP":8940.45,"GOBEST_VA":41495.4,"GOBEST_EXP":778.35,"SPRSCT_VA":64194.76,"SPRSCT_EXP":25932.65,"SEAEMP_VA":44815.0,"SEAEMP_EXP":11384.78,"ADPDEF_VA":61180.62,"ADPDEF_EXP":3134.88,"EDUCAC_VA":38824.19,"EDUCAC_EXP":680.12,"SALUDH_VA":70417.71,"SALUDH_EXP":509.71,"ESPARC_VA":9659.51,"ESPARC_EXP":1028.29,"OTRSER_VA":9419.79,"OTRSER_EXP":390.93,"SERHOG_VA":657.37,"SERHOG_EXP":0.0}},{"type":"Feature","geometry":{"type":"Point","coordinates":[8.47,60.47]},"properties":{"id":"NOR","name":"Noruega","continent":"europe","year":2012,"AGRPFO_VA":2234.91,"AGRPFO_EXP":659.3,"FORLOG_VA":816.58,"FORLOG_EXP":87.17,"PESCAC_VA":2709.53,"PESCAC_EXP":2588.82,"MINCOL_VA":35.42,"MINCOL_EXP":5.2,"PETGAS_VA":111535.01,"PETGAS_EXP":108755.81,"MINORE_VA":253.8,"MINORE_EXP":116.82,"MINOTH_VA":669.2,"MINOTH_EXP":483.67,"MINSER_VA":7339.34,"MINSER_EXP":1328.78,"ALYBEB_VA":6698.52,"ALYBEB_EXP":3647.28,"TEXYPR_VA":485.92,"TEXYPR_EXP":235.41,"MADYPR_VA":1440.65,"MADYPR_EXP":292.61,"PAPYPR_VA":1369.79,"PAPYPR_EXP":966.31,"PETREF_VA":1069.39,"PETREF_EXP":4668.31,"QUIMYP_VA":2029.58,"QUIMYP_EXP":4443.5,"FARMED_VA":894.35,"FARMED_EXP":611.05,"HUPLAS_VA":704.77,"HUPLAS_EXP":503.29,"PRNOMT_VA":1580.78,"PRNOMT_EXP":361.88,"METBAS_VA":451.65,"METBAS_EXP":1364.56,"NONFER_VA":1325.69,"NONFER_EXP":4259.94,"PRMETA_VA":3487.81,"PRMETA_EXP":1436.58,"ELCTRO_VA":1728.4,"ELCTRO_EXP":1424.05,"ELCTRI_VA":1349.36,"ELCTRI_EXP":1679.48,"MAQYEQ_VA":4680.08,"MAQYEQ_EXP":3492.05,"AUTOMO_VA":428.51,"AUTOMO_EXP":412.16,"OTRTRA_VA":3261.58,"OTRTRA_EXP":639.65,"TRANSP_VA":130.5,"TRANSP_EXP":233.56,"OTRMAN_VA":3867.7,"OTRMAN_EXP":1849.92,"ELEGAS_VA":9298.26,"ELEGAS_EXP":905.48,"AGUBAS_VA":2841.76,"AGUBAS_EXP":7.74,"CONSTR_VA":27741.42,"CONSTR_EXP":38.99,"COMREV_VA":35670.29,"COMREV_EXP":9959.24,"TRATIE_VA":8924.77,"TRATIE_EXP":3526.0,"TRAGUA_VA":7599.41,"TRAGUA_EXP":19571.43,"TRAAIR_VA":1382.34,"TRAAIR_EXP":1788.48,"ALMSTR_VA":4799.31,"ALMSTR_EXP":2422.94,"POSTME_VA":1700.66,"POSTME_EXP":253.49,"HOTYRE_VA":5997.1,"HOTYRE_EXP":1914.05,"MMTVRA_VA":5462.67,"MMTVRA_EXP":576.58,"TELECO_VA":5253.01,"TELECO_EXP":1027.54,"ITSERV_VA":7627.09,"ITSERV_EXP":2129.39,"SERFIN_VA":20872.53,"SERFIN_EXP":2633.45,"GOBEST_VA":29722.99,"GOBEST_EXP":324.8,"SPRSCT_VA":20883.66,"SPRSCT_EXP":5459.3,"SEAEMP_VA":12732.85,"SEAEMP_EXP":2628.58,"ADPDEF_VA":27287.98,"ADPDEF_EXP":20.11,"EDUCAC_VA":21807.54,"EDUCAC_EXP":152.91,"SALUDH_VA":44264.65,"SALUDH_EXP":86.33,"ESPARC_VA":4289.57,"ESPARC_EXP":600.72,"OTRSER_VA":4334.18,"OTRSER_EXP":98.01,"SERHOG_VA":79.18,"SERHOG_EXP":0.0}},{"type":"Feature","geometry":{"type":"Point","coordinates":[174.89,-40.9]},"properties":{"id":"NZL","name":"Nueva Zelanda","continent":"other","year":2012,"AGRPFO_VA":7762.71,"AGRPFO_EXP":1709.02,"FORLOG_VA":1049.56,"FORLOG_EXP":1020.72,"PESCAC_VA":1430.81,"PESCAC_EXP":739.45,"MINCOL_VA":126.63,"MINCOL_EXP":246.87,"PETGAS_VA":1584.22,"PETGAS_EXP":1420.35,"MINORE_VA":963.31,"MINORE_EXP":66.27,"MINOTH_VA":293.89,"MINOTH_EXP":18.04,"MINSER_VA":215.15,"MINSER_EXP":6.92,"ALYBEB_VA":7220.52,"ALYBEB_EXP":15315.0,"TEXYPR_VA":571.21,"TEXYPR_EXP":706.18,"MADYPR_VA":1007.28,"MADYPR_EXP":982.62,"PAPYPR_VA":1108.93,"PAPYPR_EXP":755.41,"PETREF_VA":1605.2,"PETREF_EXP":905.99,"QUIMYP_VA":944.56,"QUIMYP_EXP":697.51,"FARMED_VA":176.65,"FARMED_EXP":133.14,"HUPLAS_VA":1131.28,"HUPLAS_EXP":456.97,"PRNOMT_VA":787.25,"PRNOMT_EXP":128.56,"METBAS_VA":279.84,"METBAS_EXP":489.56,"NONFER_VA":503.4,"NONFER_EXP":1001.49,"PRMETA_VA":1480.62,"PRMETA_EXP":382.87,"ELCTRO_VA":448.94,"ELCTRO_EXP":451.82,"ELCTRI_VA":341.78,"ELCTRI_EXP":515.3,"MAQYEQ_VA":1572.36,"MAQYEQ_EXP":865.42,"AUTOMO_VA":203.91,"AUTOMO_EXP":88.12,"OTRTRA_VA":180.91,"OTRTRA_EXP":176.14,"TRANSP_VA":459.72,"TRANSP_EXP":27.13,"OTRMAN_VA":514.15,"OTRMAN_EXP":303.5,"ELEGAS_VA":4696.34,"ELEGAS_EXP":27.87,"AGUBAS_VA":1339.57,"AGUBAS_EXP":8.64,"CONSTR_VA":10329.22,"CONSTR_EXP":123.39,"COMREV_VA":16971.63,"COMREV_EXP":6192.91,"TRATIE_VA":2766.97,"TRATIE_EXP":678.48,"TRAGUA_VA":352.45,"TRAGUA_EXP":142.54,"TRAAIR_VA":1956.05,"TRAAIR_EXP":1371.98,"ALMSTR_VA":2524.03,"ALMSTR_EXP":295.6,"POSTME_VA":790.95,"POSTME_EXP":119.69,"HOTYRE_VA":3550.84,"HOTYRE_EXP":1889.02,"MMTVRA_VA":1707.41,"MMTVRA_EXP":542.31,"TELECO_VA":1702.84,"TELECO_EXP":492.87,"ITSERV_VA":1871.0,"ITSERV_EXP":636.35,"SERFIN_VA":9220.16,"SERFIN_EXP":993.29,"GOBEST_VA":18361.41,"GOBEST_EXP":543.4,"SPRSCT_VA":13881.7,"SPRSCT_EXP":1389.06,"SEAEMP_VA":3537.47,"SEAEMP_EXP":790.94,"ADPDEF_VA":7712.35,"ADPDEF_EXP":108.98,"EDUCAC_VA":8500.77,"EDUCAC_EXP":450.33,"SALUDH_VA":11050.39,"SALUDH_EXP":100.88,"ESPARC_VA":2586.82,"ESPARC_EXP":595.22,"OTRSER_VA":3311.69,"OTRSER_EXP":132.71,"SERHOG_VA":457.32,"SERHOG_EXP":0.0}},{"type":"Feature","geometry":{"type":"Point","coordinates":[69.35,30.38]},"properties":{"id":"PAK","name":"Pakistán","continent":"asia","year":2012,"AGRPFO_VA":45882.41,"AGRPFO_EXP":1037.68,"FORLOG_VA":1055.24,"FORLOG_EXP":2.92,"PESCAC_VA":402.59,"PESCAC_EXP":27.1,"MINCOL_VA":123.98,"MINCOL_EXP":0.78,"PETGAS_VA":3979.22,"PETGAS_EXP":5.55,"MINORE_VA":198.81,"MINORE_EXP":104.88,"MINOTH_VA":224.11,"MINOTH_EXP":115.85,"MINSER_VA":219.0,"MINSER_EXP":8.15,"ALYBEB_VA":7927.27,"ALYBEB_EXP":3037.41,"TEXYPR_VA":8514.17,"TEXYPR_EXP":10607.06,"MADYPR_VA":853.34,"MADYPR_EXP":60.04,"PAPYPR_VA":1844.38,"PAPYPR_EXP":57.12,"PETREF_VA":2147.44,"PETREF_EXP":296.87,"QUIMYP_VA":2441.45,"QUIMYP_EXP":592.49,"FARMED_VA":850.82,"FARMED_EXP":139.75,"HUPLAS_VA":1146.99,"HUPLAS_EXP":153.6,"PRNOMT_VA":2032.78,"PRNOMT_EXP":508.96,"METBAS_VA":1120.04,"METBAS_EXP":167.23,"NONFER_VA":656.62,"NONFER_EXP":197.41,"PRMETA_VA":1476.64,"PRMETA_EXP":201.72,"ELCTRO_VA":1138.89,"ELCTRO_EXP":37.25,"ELCTRI_VA":883.26,"ELCTRI_EXP":91.24,"MAQYEQ_VA":1391.27,"MAQYEQ_EXP":95.68,"AUTOMO_VA":1815.45,"AUTOMO_EXP":36.12,"OTRTRA_VA":221.44,"OTRTRA_EXP":7.09,"TRANSP_VA":242.45,"TRANSP_EXP":9.57,"OTRMAN_VA":1025.87,"OTRMAN_EXP":1142.46,"ELEGAS_VA":3965.02,"ELEGAS_EXP":12.69,"AGUBAS_VA":1422.57,"AGUBAS_EXP":8.36,"CONSTR_VA":5459.47,"CONSTR_EXP":31.61,"COMREV_VA":21673.98,"COMREV_EXP":2714.91,"TRATIE_VA":6190.92,"TRATIE_EXP":332.85,"TRAGUA_VA":1647.39,"TRAGUA_EXP":111.07,"TRAAIR_VA":1253.61,"TRAAIR_EXP":605.1,"ALMSTR_VA":2091.42,"ALMSTR_EXP":178.88,"POSTME_VA":502.19,"POSTME_EXP":3.0,"HOTYRE_VA":5576.61,"HOTYRE_EXP":130.91,"MMTVRA_VA":1548.86,"MMTVRA_EXP":169.16,"TELECO_VA":3585.69,"TELECO_EXP":755.94,"ITSERV_VA":1113.29,"ITSERV_EXP":300.47,"SERFIN_VA":7646.77,"SERFIN_EXP":196.7,"GOBEST_VA":9667.64,"GOBEST_EXP":54.66,"SPRSCT_VA":5451.03,"SPRSCT_EXP":1011.67,"SEAEMP_VA":3815.08,"SEAEMP_EXP":460.99,"ADPDEF_VA":9421.92,"ADPDEF_EXP":8.42,"EDUCAC_VA":4423.44,"EDUCAC_EXP":11.47,"SALUDH_VA":8406.91,"SALUDH_EXP":9.87,"ESPARC_VA":1365.84,"ESPARC_EXP":39.32,"OTRSER_VA":2688.02,"OTRSER_EXP":22.29,"SERHOG_VA":969.39,"SERHOG_EXP":0.0}},{"type":"Feature","geometry":{"type":"Point","coordinates":[-75.02,-9.19]},"properties":{"id":"PER","name":"Perú","continent":"america","year":2012,"AGRPFO_VA":11347.97,"AGRPFO_EXP":1415.54,"FORLOG_VA":398.27,"FORLOG_EXP":18.17,"PESCAC_VA":868.5,"PESCAC_EXP":5.1,"MINCOL_VA":206.26,"MINCOL_EXP":17.38,"PETGAS_VA":3720.73,"PETGAS_EXP":1923.32,"MINORE_VA":16961.55,"MINORE_EXP":22735.43,"MINOTH_VA":1106.85,"MINOTH_EXP":362.47,"MINSER_VA":2143.74,"MINSER_EXP":1.43,"ALYBEB_VA":7326.39,"ALYBEB_EXP":4684.41,"TEXYPR_VA":3217.03,"TEXYPR_EXP":1731.47,"MADYPR_VA":648.12,"MADYPR_EXP":131.47,"PAPYPR_VA":1749.22,"PAPYPR_EXP":165.9,"PETREF_VA":2629.02,"PETREF_EXP":2830.51,"QUIMYP_VA":1712.55,"QUIMYP_EXP":897.93,"FARMED_VA":483.36,"FARMED_EXP":38.09,"HUPLAS_VA":1235.42,"HUPLAS_EXP":480.92,"PRNOMT_VA":2208.21,"PRNOMT_EXP":261.87,"METBAS_VA":444.75,"METBAS_EXP":161.08,"NONFER_VA":1862.57,"NONFER_EXP":4325.6,"PRMETA_VA":1350.15,"PRMETA_EXP":296.61,"ELCTRO_VA":65.03,"ELCTRO_EXP":33.68,"ELCTRI_VA":73.51,"ELCTRI_EXP":479.11,"MAQYEQ_VA":888.61,"MAQYEQ_EXP":213.44,"AUTOMO_VA":643.71,"AUTOMO_EXP":120.54,"OTRTRA_VA":26.81,"OTRTRA_EXP":35.63,"TRANSP_VA":262.86,"TRANSP_EXP":15.76,"OTRMAN_VA":3798.4,"OTRMAN_EXP":1167.45,"ELEGAS_VA":3141.21,"ELEGAS_EXP":5.82,"AGUBAS_VA":747.94,"AGUBAS_EXP":8.99,"CONSTR_VA":12444.18,"CONSTR_EXP":3.19,"COMREV_VA":19827.46,"COMREV_EXP":3536.29,"TRATIE_VA":7609.09,"TRATIE_EXP":939.58,"TRAGUA_VA":184.11,"TRAGUA_EXP":110.73,"TRAAIR_VA":522.76,"TRAAIR_EXP":404.5,"ALMSTR_VA":2192.01,"ALMSTR_EXP":326.64,"POSTME_VA":223.5,"POSTME_EXP":9.98,"HOTYRE_VA":7271.1,"HOTYRE_EXP":926.38,"MMTVRA_VA":1016.89,"MMTVRA_EXP":29.25,"TELECO_VA":2694.06,"TELECO_EXP":94.04,"ITSERV_VA":509.02,"ITSERV_EXP":0.9,"SERFIN_VA":8235.0,"SERFIN_EXP":212.49,"GOBEST_VA":7487.97,"GOBEST_EXP":82.4,"SPRSCT_VA":6191.69,"SPRSCT_EXP":163.27,"SEAEMP_VA":4506.74,"SEAEMP_EXP":202.09,"ADPDEF_VA":9117.17,"ADPDEF_EXP":71.38,"EDUCAC_VA":7930.67,"EDUCAC_EXP":88.35,"SALUDH_VA":4333.68,"SALUDH_EXP":44.93,"ESPARC_VA":1214.46,"ESPARC_EXP":301.91,"OTRSER_VA":2068.84,"OTRSER_EXP":65.24,"SERHOG_VA":4253.98,"SERHOG_EXP":0.0}},{"type":"Feature","geometry":{"type":"Point","coordinates":[121.77,12.88]},"properties":{"id":"PHL","name":"Filipinas","continent":"asia","year":2012,"AGRPFO_VA":24262.39,"AGRPFO_EXP":1147.03,"FORLOG_VA":2520.54,"FORLOG_EXP":15.82,"PESCAC_VA":5394.58,"PESCAC_EXP":230.53,"MINCOL_VA":187.25,"MINCOL_EXP":128.43,"PETGAS_VA":974.96,"PETGAS_EXP":489.31,"MINORE_VA":1338.78,"MINORE_EXP":1604.07,"MINOTH_VA":466.77,"MINOTH_EXP":26.3,"MINSER_VA":85.91,"MINSER_EXP":210.64,"ALYBEB_VA":26621.31,"ALYBEB_EXP":4846.78,"TEXYPR_VA":3291.4,"TEXYPR_EXP":1286.37,"MADYPR_VA":460.46,"MADYPR_EXP":750.14,"PAPYPR_VA":480.17,"PAPYPR_EXP":552.31,"PETREF_VA":3452.03,"PETREF_EXP":950.25,"QUIMYP_VA":3681.2,"QUIMYP_EXP":980.42,"FARMED_VA":723.35,"FARMED_EXP":97.7,"HUPLAS_VA":641.48,"HUPLAS_EXP":602.78,"PRNOMT_VA":1254.02,"PRNOMT_EXP":342.67,"METBAS_VA":461.94,"METBAS_EXP":303.06,"NONFER_VA":191.85,"NONFER_EXP":838.29,"PRMETA_VA":394.8,"PRMETA_EXP":240.45,"ELCTRO_VA":6641.95,"ELCTRO_EXP":15521.14,"ELCTRI_VA":877.77,"ELCTRI_EXP":2789.58,"MAQYEQ_VA":743.75,"MAQYEQ_EXP":1019.51,"AUTOMO_VA":612.88,"AUTOMO_EXP":1059.45,"OTRTRA_VA":157.63,"OTRTRA_EXP":486.57,"TRANSP_VA":507.8,"TRANSP_EXP":1272.47,"OTRMAN_VA":1538.17,"OTRMAN_EXP":1167.69,"ELEGAS_VA":7044.5,"ELEGAS_EXP":49.92,"AGUBAS_VA":1369.49,"AGUBAS_EXP":9.17,"CONSTR_VA":13668.49,"CONSTR_EXP":126.83,"COMREV_VA":42032.93,"COMREV_EXP":7835.16,"TRATIE_VA":5242.96,"TRATIE_EXP":1469.37,"TRAGUA_VA":734.87,"TRAGUA_EXP":1119.49,"TRAAIR_VA":1314.4,"TRAAIR_EXP":775.47,"ALMSTR_VA":1664.15,"ALMSTR_EXP":208.96,"POSTME_VA":154.29,"POSTME_EXP":14.51,"HOTYRE_VA":4086.65,"HOTYRE_EXP":1610.77,"MMTVRA_VA":690.27,"MMTVRA_EXP":917.4,"TELECO_VA":8373.92,"TELECO_EXP":4252.57,"ITSERV_VA":2138.18,"ITSERV_EXP":2924.71,"SERFIN_VA":17133.43,"SERFIN_EXP":551.88,"GOBEST_VA":14837.81,"GOBEST_EXP":275.01,"SPRSCT_VA":3797.02,"SPRSCT_EXP":1170.84,"SEAEMP_VA":10299.97,"SEAEMP_EXP":5618.34,"ADPDEF_VA":10127.0,"ADPDEF_EXP":36.37,"EDUCAC_VA":9487.61,"EDUCAC_EXP":75.33,"SALUDH_VA":3550.91,"SALUDH_EXP":46.54,"ESPARC_VA":3132.71,"ESPARC_EXP":891.91,"OTRSER_VA":3404.54,"OTRSER_EXP":90.99,"SERHOG_VA":0.0,"SERHOG_EXP":0.0}},{"type":"Feature","geometry":{"type":"Point","coordinates":[19.15,51.92]},"properties":{"id":"POL","name":"Polonia","continent":"europe","year":2012,"AGRPFO_VA":13331.33,"AGRPFO_EXP":3090.75,"FORLOG_VA":2357.67,"FORLOG_EXP":302.41,"PESCAC_VA":87.34,"PESCAC_EXP":24.79,"MINCOL_VA":6136.18,"MINCOL_EXP":992.96,"PETGAS_VA":188.23,"PETGAS_EXP":292.75,"MINORE_VA":3859.94,"MINORE_EXP":2063.2,"MINOTH_VA":987.48,"MINOTH_EXP":105.87,"MINSER_VA":325.14,"MINSER_EXP":241.21,"ALYBEB_VA":13489.07,"ALYBEB_EXP":14552.7,"TEXYPR_VA":3104.12,"TEXYPR_EXP":3928.31,"MADYPR_VA":3475.29,"MADYPR_EXP":2980.29,"PAPYPR_VA":4308.88,"PAPYPR_EXP":4201.34,"PETREF_VA":7782.39,"PETREF_EXP":7259.85,"QUIMYP_VA":4611.13,"QUIMYP_EXP":8896.94,"FARMED_VA":1534.59,"FARMED_EXP":1936.17,"HUPLAS_VA":6282.09,"HUPLAS_EXP":8787.03,"PRNOMT_VA":4940.4,"PRNOMT_EXP":2871.03,"METBAS_VA":2080.2,"METBAS_EXP":4515.68,"NONFER_VA":694.32,"NONFER_EXP":2923.66,"PRMETA_VA":9374.16,"PRMETA_EXP":8160.78,"ELCTRO_VA":2308.78,"ELCTRO_EXP":7999.67,"ELCTRI_VA":3499.83,"ELCTRI_EXP":9286.31,"MAQYEQ_VA":4471.69,"MAQYEQ_EXP":7440.12,"AUTOMO_VA":7083.78,"AUTOMO_EXP":19866.71,"OTRTRA_VA":412.31,"OTRTRA_EXP":1206.07,"TRANSP_VA":1440.85,"TRANSP_EXP":1692.59,"OTRMAN_VA":10289.48,"OTRMAN_EXP":6829.66,"ELEGAS_VA":15667.24,"ELEGAS_EXP":632.55,"AGUBAS_VA":5355.66,"AGUBAS_EXP":178.97,"CONSTR_VA":39012.79,"CONSTR_EXP":1174.56,"COMREV_VA":81618.8,"COMREV_EXP":27779.79,"TRATIE_VA":20590.87,"TRATIE_EXP":9194.09,"TRAGUA_VA":442.39,"TRAGUA_EXP":394.07,"TRAAIR_VA":948.6,"TRAAIR_EXP":2347.94,"ALMSTR_VA":6912.86,"ALMSTR_EXP":3564.9,"POSTME_VA":2928.7,"POSTME_EXP":308.91,"HOTYRE_VA":5045.46,"HOTYRE_EXP":1866.42,"MMTVRA_VA":4168.76,"MMTVRA_EXP":1107.62,"TELECO_VA":5913.46,"TELECO_EXP":988.79,"ITSERV_VA":6075.03,"ITSERV_EXP":3271.14,"SERFIN_VA":17970.53,"SERFIN_EXP":1741.01,"GOBEST_VA":26340.35,"GOBEST_EXP":1891.44,"SPRSCT_VA":21704.79,"SPRSCT_EXP":8550.62,"SEAEMP_VA":10535.28,"SEAEMP_EXP":1323.87,"ADPDEF_VA":25676.46,"ADPDEF_EXP":17.25,"EDUCAC_VA":21428.39,"EDUCAC_EXP":548.29,"SALUDH_VA":17470.22,"SALUDH_EXP":476.22,"ESPARC_VA":3586.44,"ESPARC_EXP":595.67,"OTRSER_VA":4752.93,"OTRSER_EXP":443.94,"SERHOG_VA":64.05,"SERHOG_EXP":0.0}},{"type":"Feature","geometry":{"type":"Point","coordinates":[-8.22,39.4]},"properties":{"id":"PRT","name":"Portugal","continent":"europe","year":2012,"AGRPFO_VA":2994.5,"AGRPFO_EXP":775.08,"FORLOG_VA":1044.44,"FORLOG_EXP":126.57,"PESCAC_VA":408.93,"PESCAC_EXP":187.18,"MINCOL_VA":0.0,"MINCOL_EXP":0.0,"PETGAS_VA":0.0,"PETGAS_EXP":0.0,"MINORE_VA":460.88,"MINORE_EXP":569.51,"MINOTH_VA":378.04,"MINOTH_EXP":146.14,"MINSER_VA":21.81,"MINSER_EXP":27.21,"ALYBEB_VA":4819.03,"ALYBEB_EXP":3862.59,"TEXYPR_VA":4523.05,"TEXYPR_EXP":4711.33,"MADYPR_VA":1146.12,"MADYPR_EXP":1333.12,"PAPYPR_VA":1678.34,"PAPYPR_EXP":2297.61,"PETREF_VA":480.92,"PETREF_EXP":3928.27,"QUIMYP_VA":944.99,"QUIMYP_EXP":2654.94,"FARMED_VA":616.76,"FARMED_EXP":650.33,"HUPLAS_VA":1391.9,"HUPLAS_EXP":2423.48,"PRNOMT_VA":1773.92,"PRNOMT_EXP":1571.13,"METBAS_VA":313.67,"METBAS_EXP":1462.87,"NONFER_VA":135.16,"NONFER_EXP":903.48,"PRMETA_VA":2456.46,"PRMETA_EXP":2534.98,"ELCTRO_VA":561.56,"ELCTRO_EXP":1735.89,"ELCTRI_VA":771.94,"ELCTRI_EXP":2140.14,"MAQYEQ_VA":945.98,"MAQYEQ_EXP":1978.71,"AUTOMO_VA":1844.57,"AUTOMO_EXP":6172.01,"OTRTRA_VA":37.86,"OTRTRA_EXP":71.61,"TRANSP_VA":92.9,"TRANSP_EXP":203.82,"OTRMAN_VA":2171.01,"OTRMAN_EXP":1664.7,"ELEGAS_VA":4399.09,"ELEGAS_EXP":75.96,"AGUBAS_VA":2402.61,"AGUBAS_EXP":37.02,"CONSTR_VA":9807.92,"CONSTR_EXP":114.18,"COMREV_VA":28845.06,"COMREV_EXP":9369.94,"TRATIE_VA":4185.57,"TRATIE_EXP":2535.18,"TRAGUA_VA":147.09,"TRAGUA_EXP":369.05,"TRAAIR_VA":1119.46,"TRAAIR_EXP":4147.08,"ALMSTR_VA":3775.95,"ALMSTR_EXP":1525.35,"POSTME_VA":606.55,"POSTME_EXP":222.77,"HOTYRE_VA":9994.83,"HOTYRE_EXP":4381.79,"MMTVRA_VA":1227.61,"MMTVRA_EXP":521.35,"TELECO_VA":3778.01,"TELECO_EXP":901.51,"ITSERV_VA":2240.16,"ITSERV_EXP":618.35,"SERFIN_VA":12101.37,"SERFIN_EXP":1063.88,"GOBEST_VA":22483.36,"GOBEST_EXP":509.11,"SPRSCT_VA":7123.97,"SPRSCT_EXP":2138.4,"SEAEMP_VA":6441.37,"SEAEMP_EXP":1229.25,"ADPDEF_VA":14669.88,"ADPDEF_EXP":287.03,"EDUCAC_VA":11643.84,"EDUCAC_EXP":286.94,"SALUDH_VA":12256.8,"SALUDH_EXP":163.89,"ESPARC_VA":1484.06,"ESPARC_EXP":487.57,"OTRSER_VA":2841.44,"OTRSER_EXP":191.83,"SERHOG_VA":1477.63,"SERHOG_EXP":0.0}},{"type":"Feature","geometry":{"type":"Point","coordinates":[24.97,45.94]},"properties":{"id":"ROU","name":"Rumania","continent":"europe","year":2012,"AGRPFO_VA":7366.96,"AGRPFO_EXP":2184.49,"FORLOG_VA":800.5,"FORLOG_EXP":117.76,"PESCAC_VA":50.83,"PESCAC_EXP":6.01,"MINCOL_VA":377.49,"MINCOL_EXP":2.18,"PETGAS_VA":1519.55,"PETGAS_EXP":139.25,"MINORE_VA":50.68,"MINORE_EXP":52.51,"MINOTH_VA":293.31,"MINOTH_EXP":34.38,"MINSER_VA":672.15,"MINSER_EXP":18.64,"ALYBEB_VA":10973.06,"ALYBEB_EXP":1215.38,"TEXYPR_VA":4029.64,"TEXYPR_EXP":2529.46,"MADYPR_VA":1334.15,"MADYPR_EXP":1207.98,"PAPYPR_VA":861.55,"PAPYPR_EXP":206.21,"PETREF_VA":1537.79,"PETREF_EXP":1570.11,"QUIMYP_VA":1370.82,"QUIMYP_EXP":2263.85,"FARMED_VA":357.3,"FARMED_EXP":483.02,"HUPLAS_VA":1126.28,"HUPLAS_EXP":1400.36,"PRNOMT_VA":1680.91,"PRNOMT_EXP":350.79,"METBAS_VA":1783.55,"METBAS_EXP":1098.68,"NONFER_VA":463.27,"NONFER_EXP":485.64,"PRMETA_VA":2049.59,"PRMETA_EXP":209.44,"ELCTRO_VA":824.58,"ELCTRO_EXP":1221.98,"ELCTRI_VA":2624.44,"ELCTRI_EXP":2534.29,"MAQYEQ_VA":1766.59,"MAQYEQ_EXP":3225.26,"AUTOMO_VA":3273.28,"AUTOMO_EXP":5404.4,"OTRTRA_VA":369.16,"OTRTRA_EXP":462.78,"TRANSP_VA":445.27,"TRANSP_EXP":571.02,"OTRMAN_VA":2865.25,"OTRMAN_EXP":1220.71,"ELEGAS_VA":5899.05,"ELEGAS_EXP":84.14,"AGUBAS_VA":1661.12,"AGUBAS_EXP":0.21,"CONSTR_VA":14177.77,"CONSTR_EXP":0.31,"COMREV_VA":16857.87,"COMREV_EXP":7416.4,"TRATIE_VA":7877.99,"TRATIE_EXP":4962.18,"TRAGUA_VA":832.11,"TRAGUA_EXP":264.0,"TRAAIR_VA":673.19,"TRAAIR_EXP":532.43,"ALMSTR_VA":2154.87,"ALMSTR_EXP":817.93,"POSTME_VA":469.05,"POSTME_EXP":106.86,"HOTYRE_VA":2554.09,"HOTYRE_EXP":117.39,"MMTVRA_VA":1039.33,"MMTVRA_EXP":444.82,"TELECO_VA":2895.8,"TELECO_EXP":626.89,"ITSERV_VA":3855.71,"ITSERV_EXP":1600.2,"SERFIN_VA":4797.01,"SERFIN_EXP":859.4,"GOBEST_VA":14717.17,"GOBEST_EXP":19.88,"SPRSCT_VA":6412.81,"SPRSCT_EXP":2127.37,"SEAEMP_VA":2788.51,"SEAEMP_EXP":124.92,"ADPDEF_VA":7196.81,"ADPDEF_EXP":0.44,"EDUCAC_VA":6092.35,"EDUCAC_EXP":7.01,"SALUDH_VA":4846.51,"SALUDH_EXP":6.4,"ESPARC_VA":2489.08,"ESPARC_EXP":800.86,"OTRSER_VA":2761.46,"OTRSER_EXP":6.73,"SERHOG_VA":1689.82,"SERHOG_EXP":0.0}},{"type":"Feature","geometry":{"type":"Point","coordinates":[105.32,61.52]},"properties":{"id":"RUS","name":"Rusia","continent":"europe","year":2012,"AGRPFO_VA":60195.71,"AGRPFO_EXP":9238.58,"FORLOG_VA":3604.18,"FORLOG_EXP":1577.57,"PESCAC_VA":4081.39,"PESCAC_EXP":2354.22,"MINCOL_VA":11206.08,"MINCOL_EXP":8918.77,"PETGAS_VA":145344.29,"PETGAS_EXP":80195.26,"MINORE_VA":7740.49,"MINORE_EXP":6234.98,"MINOTH_VA":8585.95,"MINOTH_EXP":6054.85,"MINSER_VA":11517.49,"MINSER_EXP":1450.39,"ALYBEB_VA":41097.17,"ALYBEB_EXP":11617.5,"TEXYPR_VA":4901.77,"TEXYPR_EXP":2191.94,"MADYPR_VA":4585.64,"MADYPR_EXP":5954.21,"PAPYPR_VA":6302.02,"PAPYPR_EXP":4113.06,"PETREF_VA":55791.57,"PETREF_EXP":74117.19,"QUIMYP_VA":16252.57,"QUIMYP_EXP":28648.23,"FARMED_VA":2442.12,"FARMED_EXP":629.2,"HUPLAS_VA":5408.39,"HUPLAS_EXP":3089.6,"PRNOMT_VA":13670.2,"PRNOMT_EXP":2474.33,"METBAS_VA":16326.61,"METBAS_EXP":30798.51,"NONFER_VA":25138.73,"NONFER_EXP":29827.85,"PRMETA_VA":10423.86,"PRMETA_EXP":2513.2,"ELCTRO_VA":10228.76,"ELCTRO_EXP":4703.12,"ELCTRI_VA":7293.13,"ELCTRI_EXP":2964.05,"MAQYEQ_VA":12196.65,"MAQYEQ_EXP":6768.08,"AUTOMO_VA":12794.62,"AUTOMO_EXP":4078.91,"OTRTRA_VA":6319.2,"OTRTRA_EXP":2113.15,"TRANSP_VA":15655.58,"TRANSP_EXP":7064.09,"OTRMAN_VA":11778.41,"OTRMAN_EXP":4191.69,"ELEGAS_VA":54931.31,"ELEGAS_EXP":1488.19,"AGUBAS_VA":10141.62,"AGUBAS_EXP":163.14,"CONSTR_VA":154773.5,"CONSTR_EXP":945.08,"COMREV_VA":344550.95,"COMREV_EXP":108574.07,"TRATIE_VA":88351.72,"TRATIE_EXP":17838.61,"TRAGUA_VA":1892.41,"TRAGUA_EXP":1028.14,"TRAAIR_VA":4721.19,"TRAAIR_EXP":6607.82,"ALMSTR_VA":25252.05,"ALMSTR_EXP":6724.7,"POSTME_VA":3276.36,"POSTME_EXP":316.99,"HOTYRE_VA":18288.02,"HOTYRE_EXP":3677.89,"MMTVRA_VA":7428.3,"MMTVRA_EXP":1386.76,"TELECO_VA":31336.19,"TELECO_EXP":2210.71,"ITSERV_VA":13823.52,"ITSERV_EXP":2582.21,"SERFIN_VA":80888.34,"SERFIN_EXP":3039.79,"GOBEST_VA":205448.21,"GOBEST_EXP":1184.28,"SPRSCT_VA":77011.9,"SPRSCT_EXP":18625.81,"SEAEMP_VA":33789.17,"SEAEMP_EXP":2749.64,"ADPDEF_VA":152397.71,"ADPDEF_EXP":23.59,"EDUCAC_VA":59110.89,"EDUCAC_EXP":242.24,"SALUDH_VA":56772.89,"SALUDH_EXP":180.85,"ESPARC_VA":14985.07,"ESPARC_EXP":570.12,"OTRSER_VA":8958.53,"OTRSER_EXP":276.2,"SERHOG_VA":12255.33,"SERHOG_EXP":0.0}},{"type":"Feature","geometry":{"type":"Point","coordinates":[45.08,23.89]},"properties":{"id":"SAU","name":"Arabia Saudita","continent":"other","year":2012,"AGRPFO_VA":17051.22,"AGRPFO_EXP":355.52,"FORLOG_VA":23.01,"FORLOG_EXP":0.17,"PESCAC_VA":746.11,"PESCAC_EXP":5.7,"MINCOL_VA":0.0,"MINCOL_EXP":0.0,"PETGAS_VA":301805.61,"PETGAS_EXP":314032.8,"MINORE_VA":758.45,"MINORE_EXP":231.73,"MINOTH_VA":1569.39,"MINOTH_EXP":86.63,"MINSER_VA":625.97,"MINSER_EXP":458.77,"ALYBEB_VA":11163.86,"ALYBEB_EXP":2430.51,"TEXYPR_VA":2795.47,"TEXYPR_EXP":381.86,"MADYPR_VA":785.18,"MADYPR_EXP":19.21,"PAPYPR_VA":3283.47,"PAPYPR_EXP":787.88,"PETREF_VA":15939.11,"PETREF_EXP":13167.02,"QUIMYP_VA":15394.81,"QUIMYP_EXP":22637.64,"FARMED_VA":453.15,"FARMED_EXP":214.44,"HUPLAS_VA":2420.71,"HUPLAS_EXP":715.74,"PRNOMT_VA":4158.85,"PRNOMT_EXP":347.4,"METBAS_VA":708.07,"METBAS_EXP":439.63,"NONFER_VA":549.85,"NONFER_EXP":889.46,"PRMETA_VA":3822.1,"PRMETA_EXP":709.75,"ELCTRO_VA":104.99,"ELCTRO_EXP":7.4,"ELCTRI_VA":2379.06,"ELCTRI_EXP":477.31,"MAQYEQ_VA":1331.64,"MAQYEQ_EXP":237.79,"AUTOMO_VA":662.64,"AUTOMO_EXP":5.81,"OTRTRA_VA":34.74,"OTRTRA_EXP":60.14,"TRANSP_VA":56.65,"TRANSP_EXP":0.93,"OTRMAN_VA":3111.9,"OTRMAN_EXP":273.32,"ELEGAS_VA":5562.39,"ELEGAS_EXP":9.69,"AGUBAS_VA":2056.76,"AGUBAS_EXP":1.91,"CONSTR_VA":27848.96,"CONSTR_EXP":164.12,"COMREV_VA":55006.43,"COMREV_EXP":17683.31,"TRATIE_VA":6862.72,"TRATIE_EXP":3175.85,"TRAGUA_VA":580.34,"TRAGUA_EXP":459.17,"TRAAIR_VA":2358.25,"TRAAIR_EXP":1746.07,"ALMSTR_VA":5919.22,"ALMSTR_EXP":2272.62,"POSTME_VA":734.24,"POSTME_EXP":50.08,"HOTYRE_VA":11802.4,"HOTYRE_EXP":3560.65,"MMTVRA_VA":1390.68,"MMTVRA_EXP":130.55,"TELECO_VA":15069.99,"TELECO_EXP":462.64,"ITSERV_VA":3904.35,"ITSERV_EXP":30.23,"SERFIN_VA":23822.95,"SERFIN_EXP":227.8,"GOBEST_VA":18098.46,"GOBEST_EXP":535.81,"SPRSCT_VA":4611.47,"SPRSCT_EXP":142.84,"SEAEMP_VA":7024.58,"SEAEMP_EXP":173.09,"ADPDEF_VA":81072.96,"ADPDEF_EXP":26.15,"EDUCAC_VA":32057.81,"EDUCAC_EXP":240.12,"SALUDH_VA":21819.5,"SALUDH_EXP":127.79,"ESPARC_VA":2159.59,"ESPARC_EXP":314.27,"OTRSER_VA":4342.58,"OTRSER_EXP":143.9,"SERHOG_VA":6248.13,"SERHOG_EXP":0.0}},{"type":"Feature","geometry":{"type":"Point","coordinates":[-14.45,14.5]},"properties":{"id":"SEN","name":"Senegal","continent":"other","year":2012,"AGRPFO_VA":2083.44,"AGRPFO_EXP":133.19,"FORLOG_VA":97.11,"FORLOG_EXP":3.94,"PESCAC_VA":251.62,"PESCAC_EXP":96.74,"MINCOL_VA":10.21,"MINCOL_EXP":0.3,"PETGAS_VA":9.18,"PETGAS_EXP":0.26,"MINORE_VA":221.0,"MINORE_EXP":223.16,"MINOTH_VA":168.49,"MINOTH_EXP":95.33,"MINSER_VA":5.14,"MINSER_EXP":1.25,"ALYBEB_VA":1300.18,"ALYBEB_EXP":381.31,"TEXYPR_VA":423.0,"TEXYPR_EXP":92.93,"MADYPR_VA":90.67,"MADYPR_EXP":4.11,"PAPYPR_VA":104.83,"PAPYPR_EXP":13.19,"PETREF_VA":97.32,"PETREF_EXP":430.95,"QUIMYP_VA":194.99,"QUIMYP_EXP":159.91,"FARMED_VA":28.78,"FARMED_EXP":8.15,"HUPLAS_VA":86.6,"HUPLAS_EXP":9.49,"PRNOMT_VA":178.69,"PRNOMT_EXP":144.0,"METBAS_VA":117.25,"METBAS_EXP":30.68,"NONFER_VA":3.21,"NONFER_EXP":24.46,"PRMETA_VA":137.36,"PRMETA_EXP":4.23,"ELCTRO_VA":0.43,"ELCTRO_EXP":0.15,"ELCTRI_VA":30.83,"ELCTRI_EXP":11.51,"MAQYEQ_VA":3.78,"MAQYEQ_EXP":6.09,"AUTOMO_VA":1.68,"AUTOMO_EXP":1.01,"OTRTRA_VA":19.13,"OTRTRA_EXP":3.58,"TRANSP_VA":48.08,"TRANSP_EXP":1.38,"OTRMAN_VA":123.24,"OTRMAN_EXP":9.93,"ELEGAS_VA":158.27,"ELEGAS_EXP":7.36,"AGUBAS_VA":141.75,"AGUBAS_EXP":0.28,"CONSTR_VA":436.7,"CONSTR_EXP":1.98,"COMREV_VA":2304.19,"COMREV_EXP":268.68,"TRATIE_VA":466.41,"TRATIE_EXP":78.51,"TRAGUA_VA":7.97,"TRAGUA_EXP":6.42,"TRAAIR_VA":30.26,"TRAAIR_EXP":56.72,"ALMSTR_VA":212.29,"ALMSTR_EXP":93.41,"POSTME_VA":13.51,"POSTME_EXP":1.04,"HOTYRE_VA":181.63,"HOTYRE_EXP":141.2,"MMTVRA_VA":86.33,"MMTVRA_EXP":24.29,"TELECO_VA":776.8,"TELECO_EXP":274.26,"ITSERV_VA":75.33,"ITSERV_EXP":22.25,"SERFIN_VA":374.6,"SERFIN_EXP":42.75,"GOBEST_VA":1678.65,"GOBEST_EXP":33.38,"SPRSCT_VA":824.59,"SPRSCT_EXP":238.47,"SEAEMP_VA":419.71,"SEAEMP_EXP":46.52,"ADPDEF_VA":871.03,"ADPDEF_EXP":2.22,"EDUCAC_VA":908.73,"EDUCAC_EXP":15.09,"SALUDH_VA":294.74,"SALUDH_EXP":5.8,"ESPARC_VA":56.69,"ESPARC_EXP":13.5,"OTRSER_VA":200.21,"OTRSER_EXP":7.81,"SERHOG_VA":93.35,"SERHOG_EXP":0.0}},{"type":"Feature","geometry":{"type":"Point","coordinates":[103.82,1.35]},"properties":{"id":"SGP","name":"Singapur","continent":"asia","year":2012,"AGRPFO_VA":59.38,"AGRPFO_EXP":30.72,"FORLOG_VA":0.0,"FORLOG_EXP":0.0,"PESCAC_VA":39.41,"PESCAC_EXP":7.5,"MINCOL_VA":0.0,"MINCOL_EXP":0.0,"PETGAS_VA":0.0,"PETGAS_EXP":0.0,"MINORE_VA":0.0,"MINORE_EXP":0.0,"MINOTH_VA":0.0,"MINOTH_EXP":0.0,"MINSER_VA":0.0,"MINSER_EXP":0.0,"ALYBEB_VA":2976.66,"ALYBEB_EXP":5186.18,"TEXYPR_VA":217.44,"TEXYPR_EXP":482.39,"MADYPR_VA":108.04,"MADYPR_EXP":83.63,"PAPYPR_VA":1181.32,"PAPYPR_EXP":1696.99,"PETREF_VA":1094.94,"PETREF_EXP":25467.04,"QUIMYP_VA":3099.33,"QUIMYP_EXP":25800.17,"FARMED_VA":10714.21,"FARMED_EXP":8249.92,"HUPLAS_VA":582.78,"HUPLAS_EXP":1288.26,"PRNOMT_VA":517.87,"PRNOMT_EXP":358.18,"METBAS_VA":162.76,"METBAS_EXP":670.2,"NONFER_VA":983.71,"NONFER_EXP":907.82,"PRMETA_VA":1502.08,"PRMETA_EXP":2193.94,"ELCTRO_VA":15857.73,"ELCTRO_EXP":54506.07,"ELCTRI_VA":617.12,"ELCTRI_EXP":1711.34,"MAQYEQ_VA":5786.02,"MAQYEQ_EXP":18802.83,"AUTOMO_VA":185.7,"AUTOMO_EXP":403.87,"OTRTRA_VA":2282.46,"OTRTRA_EXP":1680.05,"TRANSP_VA":3103.79,"TRANSP_EXP":5167.89,"OTRMAN_VA":2322.75,"OTRMAN_EXP":4592.48,"ELEGAS_VA":4028.76,"ELEGAS_EXP":63.38,"AGUBAS_VA":1066.92,"AGUBAS_EXP":14.97,"CONSTR_VA":13170.79,"CONSTR_EXP":322.04,"COMREV_VA":52465.92,"COMREV_EXP":44536.75,"TRATIE_VA":3022.66,"TRATIE_EXP":1881.82,"TRAGUA_VA":5395.66,"TRAGUA_EXP":34938.55,"TRAAIR_VA":3304.19,"TRAAIR_EXP":7774.37,"ALMSTR_VA":6748.44,"ALMSTR_EXP":2697.17,"POSTME_VA":483.74,"POSTME_EXP":863.27,"HOTYRE_VA":6314.23,"HOTYRE_EXP":5262.66,"MMTVRA_VA":2518.71,"MMTVRA_EXP":7613.68,"TELECO_VA":4091.82,"TELECO_EXP":3061.42,"ITSERV_VA":4216.92,"ITSERV_EXP":4227.2,"SERFIN_VA":28944.28,"SERFIN_EXP":35396.58,"GOBEST_VA":24337.88,"GOBEST_EXP":1853.98,"SPRSCT_VA":23718.46,"SPRSCT_EXP":15901.31,"SEAEMP_VA":18987.4,"SEAEMP_EXP":6238.22,"ADPDEF_VA":6593.98,"ADPDEF_EXP":326.62,"EDUCAC_VA":8495.65,"EDUCAC_EXP":1588.08,"SALUDH_VA":7954.75,"SALUDH_EXP":938.34,"ESPARC_VA":1841.8,"ESPARC_EXP":780.77,"OTRSER_VA":1887.8,"OTRSER_EXP":470.68,"SERHOG_VA":1729.33,"SERHOG_EXP":0.0}},{"type":"Feature","geometry":{"type":"Point","coordinates":[6.61,0.19]},"properties":{"id":"STP","name":"S. Tomé y Príncipe","continent":"other","year":2012,"AGRPFO_VA":13.05,"AGRPFO_EXP":10.28,"FORLOG_VA":0.07,"FORLOG_EXP":0.01,"PESCAC_VA":18.11,"PESCAC_EXP":0.11,"MINCOL_VA":0.02,"MINCOL_EXP":0.0,"PETGAS_VA":0.33,"PETGAS_EXP":0.03,"MINORE_VA":0.01,"MINORE_EXP":0.0,"MINOTH_VA":0.16,"MINOTH_EXP":0.03,"MINSER_VA":0.1,"MINSER_EXP":0.01,"ALYBEB_VA":5.36,"ALYBEB_EXP":0.69,"TEXYPR_VA":0.01,"TEXYPR_EXP":0.08,"MADYPR_VA":0.01,"MADYPR_EXP":0.0,"PAPYPR_VA":0.02,"PAPYPR_EXP":0.0,"PETREF_VA":0.03,"PETREF_EXP":0.03,"QUIMYP_VA":0.04,"QUIMYP_EXP":0.01,"FARMED_VA":0.03,"FARMED_EXP":0.01,"HUPLAS_VA":0.04,"HUPLAS_EXP":0.01,"PRNOMT_VA":0.11,"PRNOMT_EXP":0.02,"METBAS_VA":0.0,"METBAS_EXP":0.0,"NONFER_VA":0.0,"NONFER_EXP":0.0,"PRMETA_VA":0.02,"PRMETA_EXP":0.0,"ELCTRO_VA":0.0,"ELCTRO_EXP":0.02,"ELCTRI_VA":0.0,"ELCTRI_EXP":0.01,"MAQYEQ_VA":0.01,"MAQYEQ_EXP":0.0,"AUTOMO_VA":0.01,"AUTOMO_EXP":0.0,"OTRTRA_VA":0.0,"OTRTRA_EXP":0.0,"TRANSP_VA":0.0,"TRANSP_EXP":0.0,"OTRMAN_VA":0.03,"OTRMAN_EXP":0.03,"ELEGAS_VA":2.01,"ELEGAS_EXP":0.06,"AGUBAS_VA":2.25,"AGUBAS_EXP":0.08,"CONSTR_VA":7.33,"CONSTR_EXP":0.16,"COMREV_VA":41.15,"COMREV_EXP":4.0,"TRATIE_VA":11.37,"TRATIE_EXP":1.37,"TRAGUA_VA":0.27,"TRAGUA_EXP":0.22,"TRAAIR_VA":0.77,"TRAAIR_EXP":0.82,"ALMSTR_VA":10.12,"ALMSTR_EXP":0.38,"POSTME_VA":2.96,"POSTME_EXP":0.06,"HOTYRE_VA":26.35,"HOTYRE_EXP":4.92,"MMTVRA_VA":2.25,"MMTVRA_EXP":0.43,"TELECO_VA":3.97,"TELECO_EXP":2.08,"ITSERV_VA":3.84,"ITSERV_EXP":0.78,"SERFIN_VA":23.79,"SERFIN_EXP":2.06,"GOBEST_VA":1.13,"GOBEST_EXP":0.13,"SPRSCT_VA":0.86,"SPRSCT_EXP":0.24,"SEAEMP_VA":0.97,"SEAEMP_EXP":0.23,"ADPDEF_VA":24.96,"ADPDEF_EXP":0.12,"EDUCAC_VA":8.89,"EDUCAC_EXP":0.3,"SALUDH_VA":5.67,"SALUDH_EXP":0.21,"ESPARC_VA":4.71,"ESPARC_EXP":0.51,"OTRSER_VA":6.33,"OTRSER_EXP":0.34,"SERHOG_VA":4.26,"SERHOG_EXP":0.0}},{"type":"Feature","geometry":{"type":"Point","coordinates":[19.7,48.67]},"properties":{"id":"SVK","name":"Eslovaquia","continent":"europe","year":2012,"AGRPFO_VA":1163.49,"AGRPFO_EXP":1413.64,"FORLOG_VA":627.35,"FORLOG_EXP":214.81,"PESCAC_VA":4.7,"PESCAC_EXP":2.38,"MINCOL_VA":43.13,"MINCOL_EXP":46.46,"PETGAS_VA":0.51,"PETGAS_EXP":0.4,"MINORE_VA":9.06,"MINORE_EXP":22.07,"MINOTH_VA":48.44,"MINOTH_EXP":64.18,"MINSER_VA":143.44,"MINSER_EXP":17.2,"ALYBEB_VA":1351.67,"ALYBEB_EXP":2002.31,"TEXYPR_VA":779.18,"TEXYPR_EXP":1167.51,"MADYPR_VA":474.14,"MADYPR_EXP":588.41,"PAPYPR_VA":681.74,"PAPYPR_EXP":1203.05,"PETREF_VA":1352.1,"PETREF_EXP":3037.34,"QUIMYP_VA":457.98,"QUIMYP_EXP":2446.27,"FARMED_VA":190.66,"FARMED_EXP":313.37,"HUPLAS_VA":1385.68,"HUPLAS_EXP":3065.2,"PRNOMT_VA":714.93,"PRNOMT_EXP":997.29,"METBAS_VA":1041.92,"METBAS_EXP":2934.15,"NONFER_VA":369.27,"NONFER_EXP":916.04,"PRMETA_VA":2391.06,"PRMETA_EXP":2917.72,"ELCTRO_VA":979.91,"ELCTRO_EXP":6818.44,"ELCTRI_VA":903.86,"ELCTRI_EXP":2905.01,"MAQYEQ_VA":1384.55,"MAQYEQ_EXP":3788.41,"AUTOMO_VA":3128.75,"AUTOMO_EXP":20047.47,"OTRTRA_VA":1.34,"OTRTRA_EXP":0.44,"TRANSP_VA":146.71,"TRANSP_EXP":131.45,"OTRMAN_VA":1141.29,"OTRMAN_EXP":1229.71,"ELEGAS_VA":4209.63,"ELEGAS_EXP":129.01,"AGUBAS_VA":951.6,"AGUBAS_EXP":76.73,"CONSTR_VA":7707.37,"CONSTR_EXP":208.61,"COMREV_VA":11573.87,"COMREV_EXP":6357.18,"TRATIE_VA":2553.66,"TRATIE_EXP":1855.74,"TRAGUA_VA":79.05,"TRAGUA_EXP":38.61,"TRAAIR_VA":71.18,"TRAAIR_EXP":132.16,"ALMSTR_VA":1791.53,"ALMSTR_EXP":1117.65,"POSTME_VA":327.13,"POSTME_EXP":43.59,"HOTYRE_VA":1336.8,"HOTYRE_EXP":721.63,"MMTVRA_VA":785.68,"MMTVRA_EXP":197.25,"TELECO_VA":1509.27,"TELECO_EXP":210.59,"ITSERV_VA":2496.04,"ITSERV_EXP":807.69,"SERFIN_VA":2932.55,"SERFIN_EXP":272.63,"GOBEST_VA":8603.3,"GOBEST_EXP":210.84,"SPRSCT_VA":5132.9,"SPRSCT_EXP":1570.79,"SEAEMP_VA":2798.59,"SEAEMP_EXP":551.36,"ADPDEF_VA":6131.29,"ADPDEF_EXP":55.91,"EDUCAC_VA":3052.0,"EDUCAC_EXP":113.22,"SALUDH_VA":2892.4,"SALUDH_EXP":114.96,"ESPARC_VA":2283.2,"ESPARC_EXP":307.64,"OTRSER_VA":936.86,"OTRSER_EXP":80.82,"SERHOG_VA":41.69,"SERHOG_EXP":0.0}},{"type":"Feature","geometry":{"type":"Point","coordinates":[14.99,46.15]},"properties":{"id":"SVN","name":"Eslovenia","continent":"europe","year":2012,"AGRPFO_VA":650.35,"AGRPFO_EXP":265.63,"FORLOG_VA":302.11,"FORLOG_EXP":137.55,"PESCAC_VA":6.57,"PESCAC_EXP":2.33,"MINCOL_VA":133.97,"MINCOL_EXP":1.82,"PETGAS_VA":0.0,"PETGAS_EXP":0.0,"MINORE_VA":5.14,"MINORE_EXP":3.67,"MINOTH_VA":69.86,"MINOTH_EXP":22.12,"MINSER_VA":2.46,"MINSER_EXP":0.24,"ALYBEB_VA":642.39,"ALYBEB_EXP":577.76,"TEXYPR_VA":343.19,"TEXYPR_EXP":563.24,"MADYPR_VA":304.6,"MADYPR_EXP":562.96,"PAPYPR_VA":409.6,"PAPYPR_EXP":617.93,"PETREF_VA":0.71,"PETREF_EXP":0.06,"QUIMYP_VA":492.9,"QUIMYP_EXP":1273.43,"FARMED_VA":1108.71,"FARMED_EXP":1723.18,"HUPLAS_VA":592.32,"HUPLAS_EXP":1164.55,"PRNOMT_VA":337.9,"PRNOMT_EXP":527.78,"METBAS_VA":256.04,"METBAS_EXP":681.74,"NONFER_VA":150.49,"NONFER_EXP":636.05,"PRMETA_VA":1223.81,"PRMETA_EXP":1785.61,"ELCTRO_VA":327.45,"ELCTRO_EXP":654.9,"ELCTRI_VA":901.34,"ELCTRI_EXP":2150.77,"MAQYEQ_VA":604.87,"MAQYEQ_EXP":1395.47,"AUTOMO_VA":857.14,"AUTOMO_EXP":2728.38,"OTRTRA_VA":6.36,"OTRTRA_EXP":27.93,"TRANSP_VA":25.61,"TRANSP_EXP":46.65,"OTRMAN_VA":683.08,"OTRMAN_EXP":842.83,"ELEGAS_VA":1036.98,"ELEGAS_EXP":981.47,"AGUBAS_VA":456.19,"AGUBAS_EXP":76.81,"CONSTR_VA":2462.24,"CONSTR_EXP":103.71,"COMREV_VA":4948.46,"COMREV_EXP":2868.63,"TRATIE_VA":1693.1,"TRATIE_EXP":1319.63,"TRAGUA_VA":50.09,"TRAGUA_EXP":109.12,"TRAAIR_VA":66.65,"TRAAIR_EXP":213.71,"ALMSTR_VA":840.77,"ALMSTR_EXP":612.17,"POSTME_VA":264.8,"POSTME_EXP":32.14,"HOTYRE_VA":956.28,"HOTYRE_EXP":1013.37,"MMTVRA_VA":349.04,"MMTVRA_EXP":213.41,"TELECO_VA":718.31,"TELECO_EXP":359.3,"ITSERV_VA":699.91,"ITSERV_EXP":146.72,"SERFIN_VA":1769.67,"SERFIN_EXP":302.61,"GOBEST_VA":3230.98,"GOBEST_EXP":162.37,"SPRSCT_VA":2812.93,"SPRSCT_EXP":739.59,"SEAEMP_VA":1104.49,"SEAEMP_EXP":481.87,"ADPDEF_VA":2704.89,"ADPDEF_EXP":25.84,"EDUCAC_VA":2480.2,"EDUCAC_EXP":80.25,"SALUDH_VA":2275.75,"SALUDH_EXP":51.57,"ESPARC_VA":649.95,"ESPARC_EXP":108.2,"OTRSER_VA":473.74,"OTRSER_EXP":55.84,"SERHOG_VA":35.47,"SERHOG_EXP":0.0}},{"type":"Feature","geometry":{"type":"Point","coordinates":[18.64,60.13]},"properties":{"id":"SWE","name":"Suecia","continent":"europe","year":2012,"AGRPFO_VA":4198.99,"AGRPFO_EXP":893.19,"FORLOG_VA":3674.42,"FORLOG_EXP":150.14,"PESCAC_VA":155.59,"PESCAC_EXP":282.02,"MINCOL_VA":102.78,"MINCOL_EXP":5.27,"PETGAS_VA":24.0,"PETGAS_EXP":1.09,"MINORE_VA":3121.75,"MINORE_EXP":4677.53,"MINOTH_VA":554.59,"MINOTH_EXP":123.13,"MINSER_VA":135.29,"MINSER_EXP":231.14,"ALYBEB_VA":6219.68,"ALYBEB_EXP":4070.31,"TEXYPR_VA":652.31,"TEXYPR_EXP":781.85,"MADYPR_VA":2628.8,"MADYPR_EXP":3491.26,"PAPYPR_VA":7109.4,"PAPYPR_EXP":11753.19,"PETREF_VA":2628.81,"PETREF_EXP":11665.23,"QUIMYP_VA":4521.04,"QUIMYP_EXP":6552.81,"FARMED_VA":7991.67,"FARMED_EXP":6722.82,"HUPLAS_VA":2364.69,"HUPLAS_EXP":3585.94,"PRNOMT_VA":2621.31,"PRNOMT_EXP":1182.28,"METBAS_VA":2955.54,"METBAS_EXP":7276.95,"NONFER_VA":1244.29,"NONFER_EXP":3527.45,"PRMETA_VA":7777.53,"PRMETA_EXP":5306.45,"ELCTRO_VA":4068.13,"ELCTRO_EXP":6280.09,"ELCTRI_VA":3105.02,"ELCTRI_EXP":5820.97,"MAQYEQ_VA":11947.42,"MAQYEQ_EXP":20847.38,"AUTOMO_VA":9520.13,"AUTOMO_EXP":17910.0,"OTRTRA_VA":324.29,"OTRTRA_EXP":343.83,"TRANSP_VA":1721.3,"TRANSP_EXP":1046.0,"OTRMAN_VA":5100.46,"OTRMAN_EXP":4585.83,"ELEGAS_VA":15052.27,"ELEGAS_EXP":1799.15,"AGUBAS_VA":3291.3,"AGUBAS_EXP":63.01,"CONSTR_VA":30274.8,"CONSTR_EXP":733.67,"COMREV_VA":57392.43,"COMREV_EXP":25589.46,"TRATIE_VA":14216.33,"TRATIE_EXP":3841.69,"TRAGUA_VA":1036.05,"TRAGUA_EXP":1574.35,"TRAAIR_VA":1355.46,"TRAAIR_EXP":2128.51,"ALMSTR_VA":9176.82,"ALMSTR_EXP":8236.62,"POSTME_VA":4278.86,"POSTME_EXP":444.2,"HOTYRE_VA":8402.22,"HOTYRE_EXP":3345.19,"MMTVRA_VA":6716.19,"MMTVRA_EXP":3648.49,"TELECO_VA":7530.33,"TELECO_EXP":1714.13,"ITSERV_VA":19307.18,"ITSERV_EXP":8018.22,"SERFIN_VA":22139.95,"SERFIN_EXP":2605.41,"GOBEST_VA":45548.01,"GOBEST_EXP":802.63,"SPRSCT_VA":35845.46,"SPRSCT_EXP":15661.54,"SEAEMP_VA":17057.56,"SEAEMP_EXP":7611.58,"ADPDEF_VA":22793.02,"ADPDEF_EXP":353.43,"EDUCAC_VA":28075.06,"EDUCAC_EXP":356.53,"SALUDH_VA":53302.58,"SALUDH_EXP":457.34,"ESPARC_VA":6949.24,"ESPARC_EXP":604.29,"OTRSER_VA":7985.47,"OTRSER_EXP":280.72,"SERHOG_VA":186.8,"SERHOG_EXP":0.0}},{"type":"Feature","geometry":{"type":"Point","coordinates":[100.99,15.87]},"properties":{"id":"THA","name":"Tailandia","continent":"asia","year":2012,"AGRPFO_VA":34866.18,"AGRPFO_EXP":4237.37,"FORLOG_VA":288.41,"FORLOG_EXP":326.15,"PESCAC_VA":3098.82,"PESCAC_EXP":76.27,"MINCOL_VA":355.16,"MINCOL_EXP":9.96,"PETGAS_VA":11148.28,"PETGAS_EXP":758.02,"MINORE_VA":57.81,"MINORE_EXP":90.42,"MINOTH_VA":1453.52,"MINOTH_EXP":578.34,"MINSER_VA":1253.12,"MINSER_EXP":58.17,"ALYBEB_VA":21964.39,"ALYBEB_EXP":24774.82,"TEXYPR_VA":7085.09,"TEXYPR_EXP":9094.28,"MADYPR_VA":1069.67,"MADYPR_EXP":1584.33,"PAPYPR_VA":1916.05,"PAPYPR_EXP":1816.21,"PETREF_VA":5741.6,"PETREF_EXP":8099.54,"QUIMYP_VA":8371.46,"QUIMYP_EXP":16346.9,"FARMED_VA":844.16,"FARMED_EXP":359.98,"HUPLAS_VA":7324.61,"HUPLAS_EXP":14277.88,"PRNOMT_VA":4358.58,"PRNOMT_EXP":2177.05,"METBAS_VA":1643.93,"METBAS_EXP":1930.35,"NONFER_VA":841.9,"NONFER_EXP":2461.44,"PRMETA_VA":3082.75,"PRMETA_EXP":5503.8,"ELCTRO_VA":11086.76,"ELCTRO_EXP":40492.02,"ELCTRI_VA":4418.74,"ELCTRI_EXP":10289.91,"MAQYEQ_VA":4357.39,"MAQYEQ_EXP":10541.56,"AUTOMO_VA":10250.85,"AUTOMO_EXP":21042.18,"OTRTRA_VA":797.93,"OTRTRA_EXP":722.78,"TRANSP_VA":1053.24,"TRANSP_EXP":2595.07,"OTRMAN_VA":6018.12,"OTRMAN_EXP":12798.34,"ELEGAS_VA":7859.71,"ELEGAS_EXP":215.25,"AGUBAS_VA":1179.86,"AGUBAS_EXP":0.35,"CONSTR_VA":9919.26,"CONSTR_EXP":0.55,"COMREV_VA":71249.24,"COMREV_EXP":25241.56,"TRATIE_VA":8204.05,"TRATIE_EXP":7349.71,"TRAGUA_VA":3272.62,"TRAGUA_EXP":5857.68,"TRAAIR_VA":3546.9,"TRAAIR_EXP":5592.31,"ALMSTR_VA":3250.05,"ALMSTR_EXP":621.48,"POSTME_VA":651.76,"POSTME_EXP":428.02,"HOTYRE_VA":12015.11,"HOTYRE_EXP":6163.55,"MMTVRA_VA":1281.07,"MMTVRA_EXP":208.3,"TELECO_VA":4296.89,"TELECO_EXP":2511.56,"ITSERV_VA":1717.85,"ITSERV_EXP":468.98,"SERFIN_VA":20005.82,"SERFIN_EXP":1177.37,"GOBEST_VA":10474.28,"GOBEST_EXP":2480.73,"SPRSCT_VA":7002.96,"SPRSCT_EXP":1045.51,"SEAEMP_VA":6224.02,"SEAEMP_EXP":3536.33,"ADPDEF_VA":19802.85,"ADPDEF_EXP":0.65,"EDUCAC_VA":13678.89,"EDUCAC_EXP":2.77,"SALUDH_VA":7895.32,"SALUDH_EXP":909.84,"ESPARC_VA":1646.68,"ESPARC_EXP":287.14,"OTRSER_VA":4448.59,"OTRSER_EXP":2009.71,"SERHOG_VA":603.48,"SERHOG_EXP":0.0}},{"type":"Feature","geometry":{"type":"Point","coordinates":[9.54,33.89]},"properties":{"id":"TUN","name":"Túnez","continent":"other","year":2012,"AGRPFO_VA":2932.95,"AGRPFO_EXP":354.9,"FORLOG_VA":420.08,"FORLOG_EXP":1.58,"PESCAC_VA":589.99,"PESCAC_EXP":53.03,"MINCOL_VA":493.8,"MINCOL_EXP":0.13,"PETGAS_VA":1739.5,"PETGAS_EXP":2136.56,"MINORE_VA":6.32,"MINORE_EXP":0.21,"MINOTH_VA":254.41,"MINOTH_EXP":57.84,"MINSER_VA":131.48,"MINSER_EXP":2.06,"ALYBEB_VA":1457.92,"ALYBEB_EXP":1341.57,"TEXYPR_VA":1688.97,"TEXYPR_EXP":2761.94,"MADYPR_VA":179.42,"MADYPR_EXP":26.16,"PAPYPR_VA":225.1,"PAPYPR_EXP":186.14,"PETREF_VA":119.12,"PETREF_EXP":774.72,"QUIMYP_VA":401.5,"QUIMYP_EXP":1294.5,"FARMED_VA":265.85,"FARMED_EXP":65.86,"HUPLAS_VA":125.27,"HUPLAS_EXP":268.67,"PRNOMT_VA":618.78,"PRNOMT_EXP":170.52,"METBAS_VA":108.04,"METBAS_EXP":318.42,"NONFER_VA":68.01,"NONFER_EXP":206.32,"PRMETA_VA":593.75,"PRMETA_EXP":471.8,"ELCTRO_VA":355.35,"ELCTRO_EXP":937.04,"ELCTRI_VA":777.22,"ELCTRI_EXP":1864.34,"MAQYEQ_VA":455.01,"MAQYEQ_EXP":283.28,"AUTOMO_VA":389.69,"AUTOMO_EXP":550.6,"OTRTRA_VA":21.21,"OTRTRA_EXP":52.71,"TRANSP_VA":46.1,"TRANSP_EXP":101.94,"OTRMAN_VA":300.78,"OTRMAN_EXP":228.44,"ELEGAS_VA":474.43,"ELEGAS_EXP":4.71,"AGUBAS_VA":176.32,"AGUBAS_EXP":0.14,"CONSTR_VA":2712.26,"CONSTR_EXP":89.23,"COMREV_VA":3724.6,"COMREV_EXP":1398.71,"TRATIE_VA":1889.31,"TRATIE_EXP":789.78,"TRAGUA_VA":132.95,"TRAGUA_EXP":213.65,"TRAAIR_VA":212.52,"TRAAIR_EXP":482.7,"ALMSTR_VA":1032.92,"ALMSTR_EXP":453.36,"POSTME_VA":430.02,"POSTME_EXP":79.6,"HOTYRE_VA":1978.98,"HOTYRE_EXP":766.41,"MMTVRA_VA":190.63,"MMTVRA_EXP":56.98,"TELECO_VA":1469.28,"TELECO_EXP":446.66,"ITSERV_VA":578.26,"ITSERV_EXP":129.46,"SERFIN_VA":1629.13,"SERFIN_EXP":226.73,"GOBEST_VA":1921.08,"GOBEST_EXP":124.69,"SPRSCT_VA":1389.42,"SPRSCT_EXP":424.47,"SEAEMP_VA":1016.94,"SEAEMP_EXP":171.22,"ADPDEF_VA":4419.47,"ADPDEF_EXP":0.26,"EDUCAC_VA":2911.03,"EDUCAC_EXP":41.49,"SALUDH_VA":94.47,"SALUDH_EXP":28.81,"ESPARC_VA":56.14,"ESPARC_EXP":59.89,"OTRSER_VA":118.38,"OTRSER_EXP":39.96,"SERHOG_VA":149.68,"SERHOG_EXP":0.0}},{"type":"Feature","geometry":{"type":"Point","coordinates":[35.24,38.96]},"properties":{"id":"TUR","name":"Turquía","continent":"europe","year":2012,"AGRPFO_VA":67566.67,"AGRPFO_EXP":6701.15,"FORLOG_VA":2091.85,"FORLOG_EXP":7.46,"PESCAC_VA":1721.07,"PESCAC_EXP":163.91,"MINCOL_VA":2627.66,"MINCOL_EXP":4.12,"PETGAS_VA":1424.56,"PETGAS_EXP":200.1,"MINORE_VA":3887.83,"MINORE_EXP":3797.19,"MINOTH_VA":2409.29,"MINOTH_EXP":687.79,"MINSER_VA":445.32,"MINSER_EXP":2.63,"ALYBEB_VA":24184.64,"ALYBEB_EXP":9005.77,"TEXYPR_VA":29717.74,"TEXYPR_EXP":24429.35,"MADYPR_VA":2436.73,"MADYPR_EXP":604.27,"PAPYPR_VA":5496.79,"PAPYPR_EXP":1691.78,"PETREF_VA":2859.24,"PETREF_EXP":5365.6,"QUIMYP_VA":7319.98,"QUIMYP_EXP":5359.9,"FARMED_VA":2126.59,"FARMED_EXP":773.55,"HUPLAS_VA":7662.43,"HUPLAS_EXP":5330.7,"PRNOMT_VA":12243.99,"PRNOMT_EXP":3212.18,"METBAS_VA":7429.95,"METBAS_EXP":12675.93,"NONFER_VA":2156.29,"NONFER_EXP":2627.25,"PRMETA_VA":11313.79,"PRMETA_EXP":6127.79,"ELCTRO_VA":1836.27,"ELCTRO_EXP":2373.54,"ELCTRI_VA":5831.45,"ELCTRI_EXP":8596.83,"MAQYEQ_VA":7171.43,"MAQYEQ_EXP":7097.97,"AUTOMO_VA":8214.17,"AUTOMO_EXP":14060.38,"OTRTRA_VA":526.83,"OTRTRA_EXP":723.8,"TRANSP_VA":1327.81,"TRANSP_EXP":894.45,"OTRMAN_VA":12546.04,"OTRMAN_EXP":3667.53,"ELEGAS_VA":12903.33,"ELEGAS_EXP":197.37,"AGUBAS_VA":9292.45,"AGUBAS_EXP":29.83,"CONSTR_VA":71906.65,"CONSTR_EXP":824.53,"COMREV_VA":106610.55,"COMREV_EXP":24285.08,"TRATIE_VA":65118.64,"TRATIE_EXP":8986.46,"TRAGUA_VA":4017.32,"TRAGUA_EXP":2297.09,"TRAAIR_VA":3414.72,"TRAAIR_EXP":6136.53,"ALMSTR_VA":8603.85,"ALMSTR_EXP":2121.81,"POSTME_VA":2606.18,"POSTME_EXP":203.71,"HOTYRE_VA":24602.91,"HOTYRE_EXP":9040.28,"MMTVRA_VA":3866.2,"MMTVRA_EXP":260.13,"TELECO_VA":11198.66,"TELECO_EXP":1107.42,"ITSERV_VA":6993.9,"ITSERV_EXP":165.98,"SERFIN_VA":26963.84,"SERFIN_EXP":2741.19,"GOBEST_VA":64720.14,"GOBEST_EXP":1638.3,"SPRSCT_VA":19710.63,"SPRSCT_EXP":1903.81,"SEAEMP_VA":21996.96,"SEAEMP_EXP":3377.12,"ADPDEF_VA":44390.65,"ADPDEF_EXP":444.73,"EDUCAC_VA":35942.94,"EDUCAC_EXP":1214.01,"SALUDH_VA":24572.09,"SALUDH_EXP":361.81,"ESPARC_VA":7828.92,"ESPARC_EXP":1208.59,"OTRSER_VA":8909.36,"OTRSER_EXP":500.34,"SERHOG_VA":447.28,"SERHOG_EXP":0.0}},{"type":"Feature","geometry":{"type":"Point","coordinates":[120.96,23.7]},"properties":{"id":"TWN","name":"Taiwán","continent":"asia","year":2012,"AGRPFO_VA":6809.17,"AGRPFO_EXP":458.73,"FORLOG_VA":70.47,"FORLOG_EXP":21.45,"PESCAC_VA":1355.12,"PESCAC_EXP":1413.19,"MINCOL_VA":80.2,"MINCOL_EXP":10.67,"PETGAS_VA":250.43,"PETGAS_EXP":29.86,"MINORE_VA":58.6,"MINORE_EXP":11.65,"MINOTH_VA":509.13,"MINOTH_EXP":12.04,"MINSER_VA":272.46,"MINSER_EXP":9.18,"ALYBEB_VA":7620.47,"ALYBEB_EXP":2739.75,"TEXYPR_VA":4662.71,"TEXYPR_EXP":10749.36,"MADYPR_VA":344.47,"MADYPR_EXP":211.11,"PAPYPR_VA":2982.18,"PAPYPR_EXP":2073.46,"PETREF_VA":3934.82,"PETREF_EXP":18582.22,"QUIMYP_VA":9583.5,"QUIMYP_EXP":38926.91,"FARMED_VA":1328.62,"FARMED_EXP":1091.26,"HUPLAS_VA":4794.95,"HUPLAS_EXP":9573.54,"PRNOMT_VA":4657.43,"PRNOMT_EXP":3138.16,"METBAS_VA":5372.63,"METBAS_EXP":12815.82,"NONFER_VA":1205.33,"NONFER_EXP":8072.7,"PRMETA_VA":7839.87,"PRMETA_EXP":13684.28,"ELCTRO_VA":63041.06,"ELCTRO_EXP":141458.33,"ELCTRI_VA":4802.91,"ELCTRI_EXP":7602.97,"MAQYEQ_VA":7674.42,"MAQYEQ_EXP":20467.71,"AUTOMO_VA":3866.05,"AUTOMO_EXP":6922.97,"OTRTRA_VA":2675.82,"OTRTRA_EXP":990.81,"TRANSP_VA":2351.4,"TRANSP_EXP":5252.9,"OTRMAN_VA":6063.3,"OTRMAN_EXP":3135.95,"ELEGAS_VA":4490.0,"ELEGAS_EXP":43.42,"AGUBAS_VA":3337.39,"AGUBAS_EXP":2.92,"CONSTR_VA":12985.7,"CONSTR_EXP":234.97,"COMREV_VA":75290.22,"COMREV_EXP":32280.6,"TRATIE_VA":6498.42,"TRATIE_EXP":3035.1,"TRAGUA_VA":501.94,"TRAGUA_EXP":2906.43,"TRAAIR_VA":1844.33,"TRAAIR_EXP":4767.4,"ALMSTR_VA":4405.68,"ALMSTR_EXP":2692.94,"POSTME_VA":1030.41,"POSTME_EXP":52.3,"HOTYRE_VA":11757.51,"HOTYRE_EXP":3192.39,"MMTVRA_VA":3213.6,"MMTVRA_EXP":1112.58,"TELECO_VA":7985.66,"TELECO_EXP":776.11,"ITSERV_VA":4240.03,"ITSERV_EXP":495.49,"SERFIN_VA":30924.16,"SERFIN_EXP":1703.25,"GOBEST_VA":41486.29,"GOBEST_EXP":540.17,"SPRSCT_VA":15524.95,"SPRSCT_EXP":2466.56,"SEAEMP_VA":8667.62,"SEAEMP_EXP":1043.3,"ADPDEF_VA":35322.66,"ADPDEF_EXP":0.01,"EDUCAC_VA":24175.93,"EDUCAC_EXP":240.35,"SALUDH_VA":14064.28,"SALUDH_EXP":954.29,"ESPARC_VA":4274.91,"ESPARC_EXP":642.38,"OTRSER_VA":13112.54,"OTRSER_EXP":133.93,"SERHOG_VA":3344.33,"SERHOG_EXP":0.0}},{"type":"Feature","geometry":{"type":"Point","coordinates":[31.17,48.38]},"properties":{"id":"UKR","name":"Ucrania","continent":"europe","year":2012,"AGRPFO_VA":14554.66,"AGRPFO_EXP":9675.07,"FORLOG_VA":1665.2,"FORLOG_EXP":323.92,"PESCAC_VA":37.7,"PESCAC_EXP":15.65,"MINCOL_VA":3237.98,"MINCOL_EXP":934.11,"PETGAS_VA":3393.96,"PETGAS_EXP":745.67,"MINORE_VA":3414.92,"MINORE_EXP":152.89,"MINOTH_VA":857.97,"MINOTH_EXP":892.41,"MINSER_VA":183.66,"MINSER_EXP":191.82,"ALYBEB_VA":6678.71,"ALYBEB_EXP":2972.96,"TEXYPR_VA":974.49,"TEXYPR_EXP":166.61,"MADYPR_VA":410.67,"MADYPR_EXP":581.67,"PAPYPR_VA":1034.36,"PAPYPR_EXP":790.89,"PETREF_VA":1717.8,"PETREF_EXP":1043.86,"QUIMYP_VA":1455.25,"QUIMYP_EXP":2695.84,"FARMED_VA":417.43,"FARMED_EXP":174.64,"HUPLAS_VA":686.86,"HUPLAS_EXP":227.85,"PRNOMT_VA":1234.23,"PRNOMT_EXP":217.79,"METBAS_VA":3320.29,"METBAS_EXP":9709.28,"NONFER_VA":325.61,"NONFER_EXP":946.66,"PRMETA_VA":832.14,"PRMETA_EXP":844.58,"ELCTRO_VA":344.79,"ELCTRO_EXP":583.52,"ELCTRI_VA":938.04,"ELCTRI_EXP":964.28,"MAQYEQ_VA":1604.88,"MAQYEQ_EXP":2024.36,"AUTOMO_VA":333.05,"AUTOMO_EXP":328.79,"OTRTRA_VA":60.24,"OTRTRA_EXP":250.93,"TRANSP_VA":2698.58,"TRANSP_EXP":1330.11,"OTRMAN_VA":1430.79,"OTRMAN_EXP":1376.85,"ELEGAS_VA":5644.02,"ELEGAS_EXP":994.54,"AGUBAS_VA":865.7,"AGUBAS_EXP":7.18,"CONSTR_VA":5228.59,"CONSTR_EXP":28.58,"COMREV_VA":25196.66,"COMREV_EXP":5425.81,"TRATIE_VA":8119.3,"TRATIE_EXP":2227.05,"TRAGUA_VA":1038.75,"TRAGUA_EXP":571.84,"TRAAIR_VA":1035.07,"TRAAIR_EXP":1171.29,"ALMSTR_VA":4141.89,"ALMSTR_EXP":1006.77,"POSTME_VA":337.75,"POSTME_EXP":513.02,"HOTYRE_VA":1451.71,"HOTYRE_EXP":1031.92,"MMTVRA_VA":769.65,"MMTVRA_EXP":303.05,"TELECO_VA":3107.3,"TELECO_EXP":945.85,"ITSERV_VA":1666.78,"ITSERV_EXP":1665.12,"SERFIN_VA":7123.64,"SERFIN_EXP":450.26,"GOBEST_VA":8540.82,"GOBEST_EXP":439.85,"SPRSCT_VA":5131.11,"SPRSCT_EXP":1845.54,"SEAEMP_VA":1967.93,"SEAEMP_EXP":370.13,"ADPDEF_VA":7765.27,"ADPDEF_EXP":1.19,"EDUCAC_VA":9318.77,"EDUCAC_EXP":99.13,"SALUDH_VA":6162.9,"SALUDH_EXP":43.03,"ESPARC_VA":1203.32,"ESPARC_EXP":369.69,"OTRSER_VA":1078.85,"OTRSER_EXP":54.22,"SERHOG_VA":1.94,"SERHOG_EXP":0.0}},{"type":"Feature","geometry":{"type":"Point","coordinates":[-95.71,37.09]},"properties":{"id":"USA","name":"Estados Unidos","continent":"america","year":2012,"AGRPFO_VA":175883.73,"AGRPFO_EXP":47554.23,"FORLOG_VA":8539.18,"FORLOG_EXP":1830.85,"PESCAC_VA":4007.16,"PESCAC_EXP":3757.03,"MINCOL_VA":29614.98,"MINCOL_EXP":12020.94,"PETGAS_VA":213318.93,"PETGAS_EXP":12380.27,"MINORE_VA":17777.27,"MINORE_EXP":15822.75,"MINOTH_VA":17444.26,"MINOTH_EXP":1933.11,"MINSER_VA":69454.08,"MINSER_EXP":3137.8,"ALYBEB_VA":198181.96,"ALYBEB_EXP":53732.97,"TEXYPR_VA":26635.94,"TEXYPR_EXP":15020.11,"MADYPR_VA":26336.24,"MADYPR_EXP":4420.16,"PAPYPR_VA":93968.38,"PAPYPR_EXP":23207.01,"PETREF_VA":160551.35,"PETREF_EXP":101337.41,"QUIMYP_VA":192242.74,"QUIMYP_EXP":97220.36,"FARMED_VA":121590.41,"FARMED_EXP":34468.25,"HUPLAS_VA":69439.21,"HUPLAS_EXP":22941.26,"PRNOMT_VA":52742.05,"PRNOMT_EXP":8319.4,"METBAS_VA":37666.31,"METBAS_EXP":15867.82,"NONFER_VA":43507.28,"NONFER_EXP":47697.27,"PRMETA_VA":138289.99,"PRMETA_EXP":27688.55,"ELCTRO_VA":244344.14,"ELCTRO_EXP":111724.04,"ELCTRI_VA":53817.81,"ELCTRI_EXP":31429.42,"MAQYEQ_VA":154711.78,"MAQYEQ_EXP":108530.58,"AUTOMO_VA":112875.24,"AUTOMO_EXP":84682.11,"OTRTRA_VA":17566.52,"OTRTRA_EXP":3087.22,"TRANSP_VA":110540.16,"TRANSP_EXP":83178.84,"OTRMAN_VA":123922.79,"OTRMAN_EXP":47398.8,"ELEGAS_VA":243614.04,"ELEGAS_EXP":2612.64,"AGUBAS_VA":49512.06,"AGUBAS_EXP":165.71,"CONSTR_VA":565800.06,"CONSTR_EXP":5.78,"COMREV_VA":1626156.05,"COMREV_EXP":288083.02,"TRATIE_VA":238945.97,"TRATIE_EXP":43165.01,"TRAGUA_VA":14245.56,"TRAGUA_EXP":8726.63,"TRAAIR_VA":75239.27,"TRAAIR_EXP":57436.89,"ALMSTR_VA":102483.18,"ALMSTR_EXP":6076.0,"POSTME_VA":76502.32,"POSTME_EXP":11140.63,"HOTYRE_VA":402380.87,"HOTYRE_EXP":42327.98,"MMTVRA_VA":363795.61,"MMTVRA_EXP":63644.3,"TELECO_VA":263423.79,"TELECO_EXP":24384.37,"ITSERV_VA":356466.87,"ITSERV_EXP":17104.71,"SERFIN_VA":1155219.27,"SERFIN_EXP":142489.93,"GOBEST_VA":1963959.02,"GOBEST_EXP":13116.94,"SPRSCT_VA":1230838.68,"SPRSCT_EXP":126965.78,"SEAEMP_VA":595621.45,"SEAEMP_EXP":61665.22,"ADPDEF_VA":1470084.75,"ADPDEF_EXP":4177.26,"EDUCAC_VA":915228.26,"EDUCAC_EXP":32549.03,"SALUDH_VA":1198965.91,"SALUDH_EXP":3446.61,"ESPARC_VA":159702.62,"ESPARC_EXP":7462.25,"OTRSER_VA":234198.84,"OTRSER_EXP":3039.55,"SERHOG_VA":17332.24,"SERHOG_EXP":0.0}},{"type":"Feature","geometry":{"type":"Point","coordinates":[108.28,14.06]},"properties":{"id":"VNM","name":"Vietnam","continent":"asia","year":2012,"AGRPFO_VA":22462.87,"AGRPFO_EXP":5846.88,"FORLOG_VA":956.91,"FORLOG_EXP":50.45,"PESCAC_VA":5798.34,"PESCAC_EXP":111.86,"MINCOL_VA":981.32,"MINCOL_EXP":1104.58,"PETGAS_VA":6960.41,"PETGAS_EXP":8313.39,"MINORE_VA":12246.63,"MINORE_EXP":752.5,"MINOTH_VA":481.77,"MINOTH_EXP":81.62,"MINSER_VA":411.31,"MINSER_EXP":83.38,"ALYBEB_VA":9140.75,"ALYBEB_EXP":13057.27,"TEXYPR_VA":13837.37,"TEXYPR_EXP":20418.07,"MADYPR_VA":709.68,"MADYPR_EXP":852.08,"PAPYPR_VA":1396.22,"PAPYPR_EXP":464.44,"PETREF_VA":1694.76,"PETREF_EXP":231.55,"QUIMYP_VA":2423.49,"QUIMYP_EXP":2487.16,"FARMED_VA":642.61,"FARMED_EXP":92.65,"HUPLAS_VA":2072.09,"HUPLAS_EXP":3741.55,"PRNOMT_VA":3702.55,"PRNOMT_EXP":2621.82,"METBAS_VA":2051.19,"METBAS_EXP":2350.05,"NONFER_VA":534.09,"NONFER_EXP":652.17,"PRMETA_VA":2397.04,"PRMETA_EXP":2945.82,"ELCTRO_VA":11424.81,"ELCTRO_EXP":21830.28,"ELCTRI_VA":1597.37,"ELCTRI_EXP":3450.38,"MAQYEQ_VA":850.94,"MAQYEQ_EXP":1509.84,"AUTOMO_VA":843.05,"AUTOMO_EXP":2094.38,"OTRTRA_VA":419.12,"OTRTRA_EXP":692.96,"TRANSP_VA":248.54,"TRANSP_EXP":524.83,"OTRMAN_VA":3575.21,"OTRMAN_EXP":5857.03,"ELEGAS_VA":4314.97,"ELEGAS_EXP":33.08,"AGUBAS_VA":996.25,"AGUBAS_EXP":17.68,"CONSTR_VA":10491.13,"CONSTR_EXP":41.17,"COMREV_VA":17592.9,"COMREV_EXP":7915.47,"TRATIE_VA":2940.16,"TRATIE_EXP":1726.42,"TRAGUA_VA":693.07,"TRAGUA_EXP":611.5,"TRAAIR_VA":810.53,"TRAAIR_EXP":1448.26,"ALMSTR_VA":1567.54,"ALMSTR_EXP":1887.66,"POSTME_VA":321.2,"POSTME_EXP":194.79,"HOTYRE_VA":5161.95,"HOTYRE_EXP":1908.62,"MMTVRA_VA":513.34,"MMTVRA_EXP":111.46,"TELECO_VA":1904.8,"TELECO_EXP":331.62,"ITSERV_VA":768.11,"ITSERV_EXP":88.49,"SERFIN_VA":6025.03,"SERFIN_EXP":424.25,"GOBEST_VA":5615.32,"GOBEST_EXP":193.1,"SPRSCT_VA":3329.83,"SPRSCT_EXP":311.62,"SEAEMP_VA":1062.8,"SEAEMP_EXP":604.24,"ADPDEF_VA":3790.16,"ADPDEF_EXP":0.2,"EDUCAC_VA":4821.13,"EDUCAC_EXP":66.7,"SALUDH_VA":2085.59,"SALUDH_EXP":45.63,"ESPARC_VA":1446.84,"ESPARC_EXP":439.28,"OTRSER_VA":1140.07,"OTRSER_EXP":63.69,"SERHOG_VA":214.21,"SERHOG_EXP":0.0}},{"type":"Feature","geometry":{"type":"Point","coordinates":[22.94,-30.56]},"properties":{"id":"ZAF","name":"Sudáfrica","continent":"other","year":2012,"AGRPFO_VA":7772.15,"AGRPFO_EXP":2474.29,"FORLOG_VA":396.84,"FORLOG_EXP":18.46,"PESCAC_VA":675.25,"PESCAC_EXP":131.9,"MINCOL_VA":4458.1,"MINCOL_EXP":7324.79,"PETGAS_VA":322.59,"PETGAS_EXP":680.29,"MINORE_VA":18265.84,"MINORE_EXP":28752.1,"MINOTH_VA":1520.66,"MINOTH_EXP":2768.5,"MINSER_VA":272.6,"MINSER_EXP":19.47,"ALYBEB_VA":10215.74,"ALYBEB_EXP":2822.07,"TEXYPR_VA":2558.89,"TEXYPR_EXP":547.51,"MADYPR_VA":850.93,"MADYPR_EXP":433.87,"PAPYPR_VA":3595.04,"PAPYPR_EXP":1406.09,"PETREF_VA":5871.91,"PETREF_EXP":3093.71,"QUIMYP_VA":4921.41,"QUIMYP_EXP":4679.47,"FARMED_VA":908.64,"FARMED_EXP":152.36,"HUPLAS_VA":1712.24,"HUPLAS_EXP":711.03,"PRNOMT_VA":2379.5,"PRNOMT_EXP":411.43,"METBAS_VA":4153.02,"METBAS_EXP":8325.81,"NONFER_VA":1482.23,"NONFER_EXP":4679.55,"PRMETA_VA":3038.32,"PRMETA_EXP":2400.29,"ELCTRO_VA":916.95,"ELCTRO_EXP":645.63,"ELCTRI_VA":1772.02,"ELCTRI_EXP":1105.21,"MAQYEQ_VA":3988.8,"MAQYEQ_EXP":4181.11,"AUTOMO_VA":4619.58,"AUTOMO_EXP":5783.36,"OTRTRA_VA":93.71,"OTRTRA_EXP":116.54,"TRANSP_VA":634.66,"TRANSP_EXP":1225.04,"OTRMAN_VA":2761.94,"OTRMAN_EXP":1654.99,"ELEGAS_VA":7551.53,"ELEGAS_EXP":126.68,"AGUBAS_VA":3919.85,"AGUBAS_EXP":0.46,"CONSTR_VA":15088.65,"CONSTR_EXP":77.0,"COMREV_VA":35475.69,"COMREV_EXP":8464.57,"TRATIE_VA":9338.07,"TRATIE_EXP":3284.59,"TRAGUA_VA":366.17,"TRAGUA_EXP":350.78,"TRAAIR_VA":1117.25,"TRAAIR_EXP":1454.81,"ALMSTR_VA":4968.8,"ALMSTR_EXP":2531.18,"POSTME_VA":816.29,"POSTME_EXP":129.3,"HOTYRE_VA":4086.2,"HOTYRE_EXP":1415.74,"MMTVRA_VA":3602.38,"MMTVRA_EXP":289.03,"TELECO_VA":23077.83,"TELECO_EXP":1789.65,"ITSERV_VA":7640.33,"ITSERV_EXP":599.94,"SERFIN_VA":57511.37,"SERFIN_EXP":1876.9,"GOBEST_VA":28022.35,"GOBEST_EXP":714.27,"SPRSCT_VA":16399.8,"SPRSCT_EXP":570.18,"SEAEMP_VA":10457.73,"SEAEMP_EXP":661.48,"ADPDEF_VA":13598.03,"ADPDEF_EXP":15.34,"EDUCAC_VA":10996.01,"EDUCAC_EXP":1405.31,"SALUDH_VA":8409.1,"SALUDH_EXP":129.49,"ESPARC_VA":4951.44,"ESPARC_EXP":347.66,"OTRSER_VA":2219.76,"OTRSER_EXP":125.2,"SERHOG_VA":52455.4,"SERHOG_EXP":0.0}}]}