{"type":"FeatureCollection","features":[{"type":"Feature","geometry":{"type":"Point","coordinates":[13.23,-8.84]},"properties":{"id":"AGO","name":"Angola","continent":"other","year":2005,"AGRPFO_VA":1646.36,"AGRPFO_EXP":6.41,"FORLOG_VA":131.28,"FORLOG_EXP":2.95,"PESCAC_VA":349.17,"PESCAC_EXP":0.48,"MINCOL_VA":11.86,"MINCOL_EXP":0.08,"PETGAS_VA":13814.21,"PETGAS_EXP":17872.51,"MINORE_VA":12.96,"MINORE_EXP":0.05,"MINOTH_VA":2489.87,"MINOTH_EXP":2687.97,"MINSER_VA":1939.51,"MINSER_EXP":134.22,"ALYBEB_VA":375.43,"ALYBEB_EXP":222.71,"TEXYPR_VA":181.18,"TEXYPR_EXP":16.07,"MADYPR_VA":6.81,"MADYPR_EXP":0.81,"PAPYPR_VA":29.31,"PAPYPR_EXP":1.76,"PETREF_VA":331.94,"PETREF_EXP":1171.16,"QUIMYP_VA":150.55,"QUIMYP_EXP":3.08,"FARMED_VA":64.69,"FARMED_EXP":2.12,"HUPLAS_VA":33.4,"HUPLAS_EXP":0.91,"PRNOMT_VA":59.45,"PRNOMT_EXP":0.35,"METBAS_VA":19.37,"METBAS_EXP":0.88,"NONFER_VA":5.08,"NONFER_EXP":0.36,"PRMETA_VA":38.79,"PRMETA_EXP":3.62,"ELCTRO_VA":141.0,"ELCTRO_EXP":10.78,"ELCTRI_VA":54.59,"ELCTRI_EXP":4.84,"MAQYEQ_VA":206.15,"MAQYEQ_EXP":12.63,"AUTOMO_VA":162.3,"AUTOMO_EXP":13.95,"OTRTRA_VA":5.96,"OTRTRA_EXP":0.14,"TRANSP_VA":3.6,"TRANSP_EXP":3.53,"OTRMAN_VA":53.67,"OTRMAN_EXP":17.88,"ELEGAS_VA":1220.57,"ELEGAS_EXP":0.44,"AGUBAS_VA":149.37,"AGUBAS_EXP":0.34,"CONSTR_VA":1649.96,"CONSTR_EXP":1.89,"COMREV_VA":2584.69,"COMREV_EXP":697.42,"TRATIE_VA":370.64,"TRATIE_EXP":174.68,"TRAGUA_VA":98.19,"TRAGUA_EXP":124.99,"TRAAIR_VA":182.68,"TRAAIR_EXP":108.5,"ALMSTR_VA":183.44,"ALMSTR_EXP":103.41,"POSTME_VA":108.33,"POSTME_EXP":2.54,"HOTYRE_VA":484.09,"HOTYRE_EXP":141.29,"MMTVRA_VA":256.95,"MMTVRA_EXP":50.92,"TELECO_VA":482.05,"TELECO_EXP":29.68,"ITSERV_VA":284.67,"ITSERV_EXP":89.95,"SERFIN_VA":750.42,"SERFIN_EXP":412.17,"GOBEST_VA":1269.23,"GOBEST_EXP":38.3,"SPRSCT_VA":484.04,"SPRSCT_EXP":136.21,"SEAEMP_VA":374.68,"SEAEMP_EXP":69.55,"ADPDEF_VA":2305.59,"ADPDEF_EXP":2.58,"EDUCAC_VA":1820.47,"EDUCAC_EXP":9.77,"SALUDH_VA":505.14,"SALUDH_EXP":7.92,"ESPARC_VA":66.94,"ESPARC_EXP":23.63,"OTRSER_VA":240.38,"OTRSER_EXP":10.71,"SERHOG_VA":0.0,"SERHOG_EXP":0.0}},{"type":"Feature","geometry":{"type":"Point","coordinates":[53.85,23.42]},"properties":{"id":"ARE","name":"Emiratos Árabes","continent":"other","year":2005,"AGRPFO_VA":2343.3,"AGRPFO_EXP":346.99,"FORLOG_VA":194.64,"FORLOG_EXP":143.97,"PESCAC_VA":247.69,"PESCAC_EXP":193.29,"MINCOL_VA":437.49,"MINCOL_EXP":6.03,"PETGAS_VA":43747.09,"PETGAS_EXP":44810.04,"MINORE_VA":6638.41,"MINORE_EXP":1679.63,"MINOTH_VA":1677.88,"MINOTH_EXP":8288.57,"MINSER_VA":5090.59,"MINSER_EXP":509.22,"ALYBEB_VA":2729.47,"ALYBEB_EXP":1122.23,"TEXYPR_VA":1093.69,"TEXYPR_EXP":237.33,"MADYPR_VA":127.97,"MADYPR_EXP":23.44,"PAPYPR_VA":498.7,"PAPYPR_EXP":217.56,"PETREF_VA":7515.63,"PETREF_EXP":21658.23,"QUIMYP_VA":2198.55,"QUIMYP_EXP":3812.84,"FARMED_VA":1102.08,"FARMED_EXP":65.32,"HUPLAS_VA":621.71,"HUPLAS_EXP":669.66,"PRNOMT_VA":1047.65,"PRNOMT_EXP":425.66,"METBAS_VA":338.83,"METBAS_EXP":176.85,"NONFER_VA":1533.91,"NONFER_EXP":3484.16,"PRMETA_VA":706.09,"PRMETA_EXP":191.22,"ELCTRO_VA":2096.13,"ELCTRO_EXP":57.17,"ELCTRI_VA":967.99,"ELCTRI_EXP":116.73,"MAQYEQ_VA":646.38,"MAQYEQ_EXP":117.86,"AUTOMO_VA":841.54,"AUTOMO_EXP":94.58,"OTRTRA_VA":114.63,"OTRTRA_EXP":19.32,"TRANSP_VA":419.49,"TRANSP_EXP":1.73,"OTRMAN_VA":1172.95,"OTRMAN_EXP":863.88,"ELEGAS_VA":4660.64,"ELEGAS_EXP":107.85,"AGUBAS_VA":989.45,"AGUBAS_EXP":9.52,"CONSTR_VA":21627.56,"CONSTR_EXP":113.6,"COMREV_VA":12902.36,"COMREV_EXP":3712.71,"TRATIE_VA":1435.24,"TRATIE_EXP":473.59,"TRAGUA_VA":725.69,"TRAGUA_EXP":518.82,"TRAAIR_VA":1091.38,"TRAAIR_EXP":533.07,"ALMSTR_VA":1323.97,"ALMSTR_EXP":222.75,"POSTME_VA":752.62,"POSTME_EXP":10.22,"HOTYRE_VA":3046.06,"HOTYRE_EXP":1238.12,"MMTVRA_VA":1837.04,"MMTVRA_EXP":128.01,"TELECO_VA":3259.3,"TELECO_EXP":141.76,"ITSERV_VA":1891.85,"ITSERV_EXP":39.5,"SERFIN_VA":5909.77,"SERFIN_EXP":245.59,"GOBEST_VA":9039.04,"GOBEST_EXP":268.83,"SPRSCT_VA":3563.34,"SPRSCT_EXP":273.24,"SEAEMP_VA":2623.77,"SEAEMP_EXP":203.18,"ADPDEF_VA":10247.0,"ADPDEF_EXP":10.8,"EDUCAC_VA":2246.9,"EDUCAC_EXP":60.49,"SALUDH_VA":3271.25,"SALUDH_EXP":50.66,"ESPARC_VA":390.31,"ESPARC_EXP":124.21,"OTRSER_VA":1572.3,"OTRSER_EXP":68.89,"SERHOG_VA":814.78,"SERHOG_EXP":0.0}},{"type":"Feature","geometry":{"type":"Point","coordinates":[-63.62,-38.42]},"properties":{"id":"ARG","name":"Argentina","continent":"america","year":2005,"AGRPFO_VA":15179.21,"AGRPFO_EXP":5019.97,"FORLOG_VA":302.17,"FORLOG_EXP":15.73,"PESCAC_VA":577.53,"PESCAC_EXP":45.72,"MINCOL_VA":8.93,"MINCOL_EXP":2.49,"PETGAS_VA":7864.27,"PETGAS_EXP":2475.1,"MINORE_VA":757.34,"MINORE_EXP":863.4,"MINOTH_VA":463.38,"MINOTH_EXP":27.66,"MINSER_VA":681.56,"MINSER_EXP":9.83,"ALYBEB_VA":10155.45,"ALYBEB_EXP":10042.12,"TEXYPR_VA":3357.52,"TEXYPR_EXP":1922.3,"MADYPR_VA":824.76,"MADYPR_EXP":222.19,"PAPYPR_VA":2647.87,"PAPYPR_EXP":507.77,"PETREF_VA":1382.64,"PETREF_EXP":3077.57,"QUIMYP_VA":4764.64,"QUIMYP_EXP":1830.11,"FARMED_VA":2809.25,"FARMED_EXP":538.51,"HUPLAS_VA":1889.39,"HUPLAS_EXP":515.81,"PRNOMT_VA":1513.04,"PRNOMT_EXP":133.99,"METBAS_VA":2931.62,"METBAS_EXP":1095.76,"NONFER_VA":570.78,"NONFER_EXP":343.42,"PRMETA_VA":2046.7,"PRMETA_EXP":420.74,"ELCTRO_VA":616.2,"ELCTRO_EXP":208.41,"ELCTRI_VA":756.34,"ELCTRI_EXP":233.01,"MAQYEQ_VA":1846.06,"MAQYEQ_EXP":566.29,"AUTOMO_VA":1868.15,"AUTOMO_EXP":2676.54,"OTRTRA_VA":45.98,"OTRTRA_EXP":19.89,"TRANSP_VA":152.96,"TRANSP_EXP":41.01,"OTRMAN_VA":1428.22,"OTRMAN_EXP":237.19,"ELEGAS_VA":3165.83,"ELEGAS_EXP":88.24,"AGUBAS_VA":477.36,"AGUBAS_EXP":10.38,"CONSTR_VA":7383.87,"CONSTR_EXP":0.53,"COMREV_VA":24293.5,"COMREV_EXP":5198.65,"TRATIE_VA":5735.45,"TRATIE_EXP":868.12,"TRAGUA_VA":148.35,"TRAGUA_EXP":35.18,"TRAAIR_VA":359.99,"TRAAIR_EXP":810.32,"ALMSTR_VA":2109.96,"ALMSTR_EXP":562.42,"POSTME_VA":378.44,"POSTME_EXP":45.69,"HOTYRE_VA":3492.44,"HOTYRE_EXP":926.59,"MMTVRA_VA":395.28,"MMTVRA_EXP":124.54,"TELECO_VA":3573.39,"TELECO_EXP":232.05,"ITSERV_VA":866.91,"ITSERV_EXP":435.72,"SERFIN_VA":6468.65,"SERFIN_EXP":126.05,"GOBEST_VA":13410.97,"GOBEST_EXP":135.03,"SPRSCT_VA":6844.17,"SPRSCT_EXP":1174.1,"SEAEMP_VA":2437.09,"SEAEMP_EXP":596.22,"ADPDEF_VA":10431.86,"ADPDEF_EXP":0.01,"EDUCAC_VA":7922.44,"EDUCAC_EXP":37.07,"SALUDH_VA":5805.61,"SALUDH_EXP":27.91,"ESPARC_VA":677.24,"ESPARC_EXP":118.26,"OTRSER_VA":2332.54,"OTRSER_EXP":34.92,"SERHOG_VA":2409.78,"SERHOG_EXP":0.0}},{"type":"Feature","geometry":{"type":"Point","coordinates":[133.78,-25.27]},"properties":{"id":"AUS","name":"Australia","continent":"other","year":2005,"AGRPFO_VA":18520.94,"AGRPFO_EXP":5613.44,"FORLOG_VA":761.1,"FORLOG_EXP":68.51,"PESCAC_VA":1272.38,"PESCAC_EXP":178.81,"MINCOL_VA":13092.25,"MINCOL_EXP":12310.12,"PETGAS_VA":15136.45,"PETGAS_EXP":8503.26,"MINORE_VA":15969.53,"MINORE_EXP":11370.32,"MINOTH_VA":1107.84,"MINOTH_EXP":481.51,"MINSER_VA":3568.8,"MINSER_EXP":41.66,"ALYBEB_VA":15988.31,"ALYBEB_EXP":10246.13,"TEXYPR_VA":2003.34,"TEXYPR_EXP":1103.6,"MADYPR_VA":3093.43,"MADYPR_EXP":700.08,"PAPYPR_VA":5634.5,"PAPYPR_EXP":813.53,"PETREF_VA":3393.75,"PETREF_EXP":2029.3,"QUIMYP_VA":2702.13,"QUIMYP_EXP":1715.84,"FARMED_VA":2541.15,"FARMED_EXP":1521.6,"HUPLAS_VA":3778.73,"HUPLAS_EXP":885.65,"PRNOMT_VA":3511.73,"PRNOMT_EXP":344.09,"METBAS_VA":2828.61,"METBAS_EXP":1369.29,"NONFER_VA":5595.86,"NONFER_EXP":15799.3,"PRMETA_VA":6728.6,"PRMETA_EXP":988.98,"ELCTRO_VA":3949.44,"ELCTRO_EXP":1009.65,"ELCTRI_VA":869.34,"ELCTRI_EXP":679.76,"MAQYEQ_VA":3453.41,"MAQYEQ_EXP":1704.33,"AUTOMO_VA":3691.7,"AUTOMO_EXP":2650.25,"OTRTRA_VA":1371.17,"OTRTRA_EXP":473.05,"TRANSP_VA":2234.63,"TRANSP_EXP":228.95,"OTRMAN_VA":5051.86,"OTRMAN_EXP":738.34,"ELEGAS_VA":11797.13,"ELEGAS_EXP":166.1,"AGUBAS_VA":6014.04,"AGUBAS_EXP":5.23,"CONSTR_VA":49911.72,"CONSTR_EXP":328.61,"COMREV_VA":72566.34,"COMREV_EXP":16814.97,"TRATIE_VA":14171.98,"TRATIE_EXP":2327.37,"TRAGUA_VA":1484.9,"TRAGUA_EXP":630.82,"TRAAIR_VA":4069.29,"TRAAIR_EXP":5152.41,"ALMSTR_VA":13003.4,"ALMSTR_EXP":1454.34,"POSTME_VA":3034.35,"POSTME_EXP":747.55,"HOTYRE_VA":21313.78,"HOTYRE_EXP":4045.0,"MMTVRA_VA":10431.23,"MMTVRA_EXP":622.53,"TELECO_VA":12918.16,"TELECO_EXP":1014.86,"ITSERV_VA":10940.55,"ITSERV_EXP":741.55,"SERFIN_VA":60033.5,"SERFIN_EXP":1594.62,"GOBEST_VA":68613.6,"GOBEST_EXP":652.7,"SPRSCT_VA":31657.59,"SPRSCT_EXP":2508.9,"SEAEMP_VA":23766.35,"SEAEMP_EXP":2102.42,"ADPDEF_VA":41675.22,"ADPDEF_EXP":22.9,"EDUCAC_VA":33338.47,"EDUCAC_EXP":3134.56,"SALUDH_VA":40324.71,"SALUDH_EXP":244.36,"ESPARC_VA":6304.97,"ESPARC_EXP":966.08,"OTRSER_VA":7296.44,"OTRSER_EXP":305.28,"SERHOG_VA":0.0,"SERHOG_EXP":0.0}},{"type":"Feature","geometry":{"type":"Point","coordinates":[14.55,47.52]},"properties":{"id":"AUT","name":"Austria","continent":"europe","year":2005,"AGRPFO_VA":3060.66,"AGRPFO_EXP":841.37,"FORLOG_VA":1177.24,"FORLOG_EXP":94.46,"PESCAC_VA":9.97,"PESCAC_EXP":6.56,"MINCOL_VA":21.69,"MINCOL_EXP":2.08,"PETGAS_VA":695.6,"PETGAS_EXP":395.11,"MINORE_VA":120.1,"MINORE_EXP":166.66,"MINOTH_VA":577.44,"MINOTH_EXP":216.3,"MINSER_VA":34.54,"MINSER_EXP":8.75,"ALYBEB_VA":5810.24,"ALYBEB_EXP":5062.88,"TEXYPR_VA":1647.02,"TEXYPR_EXP":2838.18,"MADYPR_VA":2422.0,"MADYPR_EXP":2973.43,"PAPYPR_VA":3830.26,"PAPYPR_EXP":4159.32,"PETREF_VA":1213.88,"PETREF_EXP":1747.37,"QUIMYP_VA":2236.74,"QUIMYP_EXP":3895.57,"FARMED_VA":1740.59,"FARMED_EXP":1651.18,"HUPLAS_VA":2335.7,"HUPLAS_EXP":2583.08,"PRNOMT_VA":3390.29,"PRNOMT_EXP":1952.02,"METBAS_VA":2691.2,"METBAS_EXP":5626.16,"NONFER_VA":1664.88,"NONFER_EXP":2603.13,"PRMETA_VA":5395.69,"PRMETA_EXP":3940.68,"ELCTRO_VA":4340.6,"ELCTRO_EXP":4790.63,"ELCTRI_VA":3254.26,"ELCTRI_EXP":4217.44,"MAQYEQ_VA":6891.81,"MAQYEQ_EXP":10870.43,"AUTOMO_VA":5134.56,"AUTOMO_EXP":12769.4,"OTRTRA_VA":67.9,"OTRTRA_EXP":16.44,"TRANSP_VA":882.35,"TRANSP_EXP":930.5,"OTRMAN_VA":4184.24,"OTRMAN_EXP":3725.57,"ELEGAS_VA":6870.29,"ELEGAS_EXP":1683.34,"AGUBAS_VA":3118.03,"AGUBAS_EXP":44.34,"CONSTR_VA":19896.16,"CONSTR_EXP":533.6,"COMREV_VA":37316.11,"COMREV_EXP":15175.94,"TRATIE_VA":8504.75,"TRATIE_EXP":7168.77,"TRAGUA_VA":190.02,"TRAGUA_EXP":92.8,"TRAAIR_VA":911.22,"TRAAIR_EXP":2528.52,"ALMSTR_VA":5911.04,"ALMSTR_EXP":2572.03,"POSTME_VA":1731.51,"POSTME_EXP":411.48,"HOTYRE_VA":10907.76,"HOTYRE_EXP":3334.74,"MMTVRA_VA":2319.46,"MMTVRA_EXP":800.68,"TELECO_VA":4065.3,"TELECO_EXP":1149.51,"ITSERV_VA":4215.43,"ITSERV_EXP":1767.04,"SERFIN_VA":14304.8,"SERFIN_EXP":4971.29,"GOBEST_VA":24746.94,"GOBEST_EXP":913.85,"SPRSCT_VA":12794.76,"SPRSCT_EXP":5620.28,"SEAEMP_VA":10243.13,"SEAEMP_EXP":1014.52,"ADPDEF_VA":15983.35,"ADPDEF_EXP":273.08,"EDUCAC_VA":15299.85,"EDUCAC_EXP":182.97,"SALUDH_VA":18181.53,"SALUDH_EXP":375.42,"ESPARC_VA":3309.71,"ESPARC_EXP":730.73,"OTRSER_VA":4371.57,"OTRSER_EXP":378.13,"SERHOG_VA":184.8,"SERHOG_EXP":0.0}},{"type":"Feature","geometry":{"type":"Point","coordinates":[4.47,50.5]},"properties":{"id":"BEL","name":"Bélgica","continent":"europe","year":2005,"AGRPFO_VA":3254.37,"AGRPFO_EXP":1509.26,"FORLOG_VA":119.62,"FORLOG_EXP":71.67,"PESCAC_VA":77.87,"PESCAC_EXP":59.45,"MINCOL_VA":0.0,"MINCOL_EXP":0.0,"PETGAS_VA":0.0,"PETGAS_EXP":0.0,"MINORE_VA":0.0,"MINORE_EXP":0.0,"MINOTH_VA":386.34,"MINOTH_EXP":199.42,"MINSER_VA":23.23,"MINSER_EXP":23.37,"ALYBEB_VA":8112.37,"ALYBEB_EXP":11612.48,"TEXYPR_VA":2811.83,"TEXYPR_EXP":5304.36,"MADYPR_VA":1098.03,"MADYPR_EXP":1534.98,"PAPYPR_VA":3080.21,"PAPYPR_EXP":2672.36,"PETREF_VA":2907.9,"PETREF_EXP":10016.18,"QUIMYP_VA":9580.33,"QUIMYP_EXP":16782.34,"FARMED_VA":5554.32,"FARMED_EXP":4411.81,"HUPLAS_VA":2554.8,"HUPLAS_EXP":4158.97,"PRNOMT_VA":3031.05,"PRNOMT_EXP":2727.56,"METBAS_VA":3751.56,"METBAS_EXP":8713.83,"NONFER_VA":1000.78,"NONFER_EXP":5008.09,"PRMETA_VA":4849.54,"PRMETA_EXP":4829.57,"ELCTRO_VA":2126.26,"ELCTRO_EXP":3294.19,"ELCTRI_VA":2185.49,"ELCTRI_EXP":2633.3,"MAQYEQ_VA":3714.59,"MAQYEQ_EXP":6033.24,"AUTOMO_VA":5326.74,"AUTOMO_EXP":16166.43,"OTRTRA_VA":15.87,"OTRTRA_EXP":68.39,"TRANSP_VA":635.86,"TRANSP_EXP":683.31,"OTRMAN_VA":2318.71,"OTRMAN_EXP":2677.69,"ELEGAS_VA":5969.08,"ELEGAS_EXP":2528.97,"AGUBAS_VA":2730.11,"AGUBAS_EXP":1066.01,"CONSTR_VA":17722.66,"CONSTR_EXP":588.19,"COMREV_VA":47835.93,"COMREV_EXP":27482.67,"TRATIE_VA":8152.59,"TRATIE_EXP":5263.65,"TRAGUA_VA":1024.57,"TRAGUA_EXP":2764.75,"TRAAIR_VA":640.73,"TRAAIR_EXP":2067.36,"ALMSTR_VA":10370.07,"ALMSTR_EXP":11753.19,"POSTME_VA":2434.43,"POSTME_EXP":949.31,"HOTYRE_VA":6608.87,"HOTYRE_EXP":1849.65,"MMTVRA_VA":2707.27,"MMTVRA_EXP":1560.46,"TELECO_VA":6970.31,"TELECO_EXP":2790.09,"ITSERV_VA":4892.45,"ITSERV_EXP":2207.52,"SERFIN_VA":19546.96,"SERFIN_EXP":5988.61,"GOBEST_VA":28903.44,"GOBEST_EXP":321.45,"SPRSCT_VA":29176.31,"SPRSCT_EXP":18279.69,"SEAEMP_VA":14201.86,"SEAEMP_EXP":2189.25,"ADPDEF_VA":26348.62,"ADPDEF_EXP":296.76,"EDUCAC_VA":22032.04,"EDUCAC_EXP":919.28,"SALUDH_VA":22605.17,"SALUDH_EXP":335.46,"ESPARC_VA":2358.01,"ESPARC_EXP":632.08,"OTRSER_VA":4877.75,"OTRSER_EXP":164.26,"SERHOG_VA":802.16,"SERHOG_EXP":0.0}},{"type":"Feature","geometry":{"type":"Point","coordinates":[90.36,23.68]},"properties":{"id":"BGD","name":"Bangladesh","continent":"asia","year":2005,"AGRPFO_VA":5288.67,"AGRPFO_EXP":234.62,"FORLOG_VA":1063.25,"FORLOG_EXP":25.84,"PESCAC_VA":1642.67,"PESCAC_EXP":21.83,"MINCOL_VA":2.26,"MINCOL_EXP":0.77,"PETGAS_VA":597.67,"PETGAS_EXP":2.48,"MINORE_VA":2.19,"MINORE_EXP":0.01,"MINOTH_VA":26.28,"MINOTH_EXP":0.46,"MINSER_VA":22.8,"MINSER_EXP":3.52,"ALYBEB_VA":1915.95,"ALYBEB_EXP":1355.08,"TEXYPR_VA":7371.42,"TEXYPR_EXP":4280.27,"MADYPR_VA":15.54,"MADYPR_EXP":3.59,"PAPYPR_VA":96.61,"PAPYPR_EXP":25.42,"PETREF_VA":14.8,"PETREF_EXP":43.59,"QUIMYP_VA":121.8,"QUIMYP_EXP":128.95,"FARMED_VA":267.17,"FARMED_EXP":19.84,"HUPLAS_VA":1059.77,"HUPLAS_EXP":37.64,"PRNOMT_VA":854.77,"PRNOMT_EXP":31.39,"METBAS_VA":297.04,"METBAS_EXP":34.35,"NONFER_VA":218.13,"NONFER_EXP":6.19,"PRMETA_VA":78.61,"PRMETA_EXP":18.51,"ELCTRO_VA":80.4,"ELCTRO_EXP":21.08,"ELCTRI_VA":148.4,"ELCTRI_EXP":9.73,"MAQYEQ_VA":19.09,"MAQYEQ_EXP":21.79,"AUTOMO_VA":11.33,"AUTOMO_EXP":5.23,"OTRTRA_VA":74.51,"OTRTRA_EXP":0.48,"TRANSP_VA":84.04,"TRANSP_EXP":75.45,"OTRMAN_VA":156.66,"OTRMAN_EXP":15.78,"ELEGAS_VA":703.96,"ELEGAS_EXP":2.18,"AGUBAS_VA":897.36,"AGUBAS_EXP":3.83,"CONSTR_VA":4793.69,"CONSTR_EXP":12.84,"COMREV_VA":6185.97,"COMREV_EXP":1219.3,"TRATIE_VA":1546.26,"TRATIE_EXP":87.19,"TRAGUA_VA":475.86,"TRAGUA_EXP":117.12,"TRAAIR_VA":340.75,"TRAAIR_EXP":96.91,"ALMSTR_VA":548.02,"ALMSTR_EXP":37.07,"POSTME_VA":98.41,"POSTME_EXP":0.5,"HOTYRE_VA":1346.52,"HOTYRE_EXP":26.17,"MMTVRA_VA":404.72,"MMTVRA_EXP":18.68,"TELECO_VA":1037.98,"TELECO_EXP":33.7,"ITSERV_VA":335.05,"ITSERV_EXP":63.76,"SERFIN_VA":2089.37,"SERFIN_EXP":71.89,"GOBEST_VA":2933.19,"GOBEST_EXP":26.27,"SPRSCT_VA":1684.51,"SPRSCT_EXP":362.15,"SEAEMP_VA":1073.48,"SEAEMP_EXP":175.34,"ADPDEF_VA":1915.35,"ADPDEF_EXP":1.3,"EDUCAC_VA":1560.37,"EDUCAC_EXP":2.29,"SALUDH_VA":2171.65,"SALUDH_EXP":2.11,"ESPARC_VA":694.97,"ESPARC_EXP":7.97,"OTRSER_VA":899.69,"OTRSER_EXP":4.75,"SERHOG_VA":0.0,"SERHOG_EXP":0.0}},{"type":"Feature","geometry":{"type":"Point","coordinates":[25.49,42.73]},"properties":{"id":"BGR","name":"Bulgaria","continent":"europe","year":2005,"AGRPFO_VA":2036.66,"AGRPFO_EXP":393.56,"FORLOG_VA":145.41,"FORLOG_EXP":18.25,"PESCAC_VA":11.25,"PESCAC_EXP":1.92,"MINCOL_VA":166.82,"MINCOL_EXP":3.81,"PETGAS_VA":38.99,"PETGAS_EXP":1.39,"MINORE_VA":232.17,"MINORE_EXP":259.39,"MINOTH_VA":81.18,"MINOTH_EXP":39.66,"MINSER_VA":0.1,"MINSER_EXP":0.06,"ALYBEB_VA":785.61,"ALYBEB_EXP":404.93,"TEXYPR_VA":701.71,"TEXYPR_EXP":568.26,"MADYPR_VA":104.09,"MADYPR_EXP":83.07,"PAPYPR_VA":150.78,"PAPYPR_EXP":87.1,"PETREF_VA":876.55,"PETREF_EXP":578.23,"QUIMYP_VA":226.37,"QUIMYP_EXP":274.55,"FARMED_VA":117.76,"FARMED_EXP":73.08,"HUPLAS_VA":137.43,"HUPLAS_EXP":86.24,"PRNOMT_VA":340.64,"PRNOMT_EXP":118.99,"METBAS_VA":201.57,"METBAS_EXP":821.3,"NONFER_VA":144.3,"NONFER_EXP":503.89,"PRMETA_VA":278.65,"PRMETA_EXP":121.32,"ELCTRO_VA":95.11,"ELCTRO_EXP":91.85,"ELCTRI_VA":113.53,"ELCTRI_EXP":118.76,"MAQYEQ_VA":261.17,"MAQYEQ_EXP":328.46,"AUTOMO_VA":55.26,"AUTOMO_EXP":21.13,"OTRTRA_VA":22.29,"OTRTRA_EXP":38.89,"TRANSP_VA":27.91,"TRANSP_EXP":61.66,"OTRMAN_VA":278.38,"OTRMAN_EXP":254.58,"ELEGAS_VA":1035.9,"ELEGAS_EXP":280.84,"AGUBAS_VA":201.27,"AGUBAS_EXP":18.12,"CONSTR_VA":1662.07,"CONSTR_EXP":73.26,"COMREV_VA":3212.67,"COMREV_EXP":984.15,"TRATIE_VA":1102.25,"TRATIE_EXP":907.24,"TRAGUA_VA":132.11,"TRAGUA_EXP":303.73,"TRAAIR_VA":43.75,"TRAAIR_EXP":327.95,"ALMSTR_VA":421.17,"ALMSTR_EXP":700.37,"POSTME_VA":542.5,"POSTME_EXP":66.05,"HOTYRE_VA":607.77,"HOTYRE_EXP":923.56,"MMTVRA_VA":242.72,"MMTVRA_EXP":58.04,"TELECO_VA":603.86,"TELECO_EXP":270.74,"ITSERV_VA":174.4,"ITSERV_EXP":65.47,"SERFIN_VA":1504.15,"SERFIN_EXP":493.09,"GOBEST_VA":2662.29,"GOBEST_EXP":133.98,"SPRSCT_VA":444.5,"SPRSCT_EXP":230.91,"SEAEMP_VA":704.24,"SEAEMP_EXP":316.62,"ADPDEF_VA":1802.32,"ADPDEF_EXP":5.24,"EDUCAC_VA":1134.21,"EDUCAC_EXP":48.43,"SALUDH_VA":936.42,"SALUDH_EXP":57.15,"ESPARC_VA":294.18,"ESPARC_EXP":99.87,"OTRSER_VA":240.71,"OTRSER_EXP":41.81,"SERHOG_VA":32.23,"SERHOG_EXP":0.0}},{"type":"Feature","geometry":{"type":"Point","coordinates":[27.95,53.71]},"properties":{"id":"BLR","name":"Bielorrusia","continent":"europe","year":2005,"AGRPFO_VA":2512.74,"AGRPFO_EXP":179.95,"FORLOG_VA":170.06,"FORLOG_EXP":90.22,"PESCAC_VA":52.85,"PESCAC_EXP":1.54,"MINCOL_VA":5.29,"MINCOL_EXP":0.17,"PETGAS_VA":218.23,"PETGAS_EXP":125.35,"MINORE_VA":5.4,"MINORE_EXP":1.69,"MINOTH_VA":104.44,"MINOTH_EXP":96.01,"MINSER_VA":61.09,"MINSER_EXP":5.17,"ALYBEB_VA":1927.6,"ALYBEB_EXP":1916.54,"TEXYPR_VA":919.03,"TEXYPR_EXP":1008.85,"MADYPR_VA":233.43,"MADYPR_EXP":463.56,"PAPYPR_VA":434.77,"PAPYPR_EXP":221.21,"PETREF_VA":1705.7,"PETREF_EXP":764.0,"QUIMYP_VA":770.59,"QUIMYP_EXP":2018.64,"FARMED_VA":196.17,"FARMED_EXP":87.61,"HUPLAS_VA":285.99,"HUPLAS_EXP":501.3,"PRNOMT_VA":469.01,"PRNOMT_EXP":480.02,"METBAS_VA":323.48,"METBAS_EXP":834.9,"NONFER_VA":220.98,"NONFER_EXP":26.56,"PRMETA_VA":329.59,"PRMETA_EXP":584.66,"ELCTRO_VA":210.67,"ELCTRO_EXP":341.63,"ELCTRI_VA":256.88,"ELCTRI_EXP":788.36,"MAQYEQ_VA":660.3,"MAQYEQ_EXP":1470.13,"AUTOMO_VA":647.62,"AUTOMO_EXP":538.89,"OTRTRA_VA":70.04,"OTRTRA_EXP":2.73,"TRANSP_VA":69.15,"TRANSP_EXP":47.92,"OTRMAN_VA":488.04,"OTRMAN_EXP":579.79,"ELEGAS_VA":1059.96,"ELEGAS_EXP":42.87,"AGUBAS_VA":239.8,"AGUBAS_EXP":6.24,"CONSTR_VA":2014.76,"CONSTR_EXP":36.3,"COMREV_VA":2745.11,"COMREV_EXP":1102.95,"TRATIE_VA":830.98,"TRATIE_EXP":236.3,"TRAGUA_VA":189.25,"TRAGUA_EXP":481.78,"TRAAIR_VA":155.11,"TRAAIR_EXP":482.28,"ALMSTR_VA":225.49,"ALMSTR_EXP":180.21,"POSTME_VA":47.66,"POSTME_EXP":1.29,"HOTYRE_VA":645.01,"HOTYRE_EXP":49.05,"MMTVRA_VA":197.66,"MMTVRA_EXP":80.86,"TELECO_VA":470.45,"TELECO_EXP":142.91,"ITSERV_VA":149.93,"ITSERV_EXP":115.82,"SERFIN_VA":988.1,"SERFIN_EXP":139.05,"GOBEST_VA":1190.0,"GOBEST_EXP":35.57,"SPRSCT_VA":696.66,"SPRSCT_EXP":337.04,"SEAEMP_VA":445.49,"SEAEMP_EXP":147.84,"ADPDEF_VA":1342.34,"ADPDEF_EXP":3.38,"EDUCAC_VA":918.36,"EDUCAC_EXP":3.86,"SALUDH_VA":1012.7,"SALUDH_EXP":3.29,"ESPARC_VA":192.56,"ESPARC_EXP":13.83,"OTRSER_VA":279.36,"OTRSER_EXP":6.7,"SERHOG_VA":0.0,"SERHOG_EXP":0.0}},{"type":"Feature","geometry":{"type":"Point","coordinates":[-51.93,-14.24]},"properties":{"id":"BRA","name":"Brasil","continent":"america","year":2005,"AGRPFO_VA":32571.35,"AGRPFO_EXP":7486.04,"FORLOG_VA":3261.34,"FORLOG_EXP":166.18,"PESCAC_VA":1972.73,"PESCAC_EXP":29.82,"MINCOL_VA":1731.82,"MINCOL_EXP":1.23,"PETGAS_VA":17795.72,"PETGAS_EXP":4324.91,"MINORE_VA":2618.88,"MINORE_EXP":3658.06,"MINOTH_VA":1349.8,"MINOTH_EXP":665.83,"MINSER_VA":963.11,"MINSER_EXP":54.47,"ALYBEB_VA":17417.62,"ALYBEB_EXP":15852.51,"TEXYPR_VA":10167.69,"TEXYPR_EXP":3753.39,"MADYPR_VA":2685.84,"MADYPR_EXP":1897.76,"PAPYPR_VA":7130.14,"PAPYPR_EXP":3056.75,"PETREF_VA":13714.19,"PETREF_EXP":4085.61,"QUIMYP_VA":11447.82,"QUIMYP_EXP":3608.04,"FARMED_VA":5467.04,"FARMED_EXP":743.05,"HUPLAS_VA":5309.67,"HUPLAS_EXP":1541.09,"PRNOMT_VA":3719.24,"PRNOMT_EXP":1357.23,"METBAS_VA":7774.3,"METBAS_EXP":7764.5,"NONFER_VA":2647.09,"NONFER_EXP":3948.63,"PRMETA_VA":8870.59,"PRMETA_EXP":1089.21,"ELCTRO_VA":5284.54,"ELCTRO_EXP":3612.39,"ELCTRI_VA":3497.33,"ELCTRI_EXP":1928.41,"MAQYEQ_VA":10868.28,"MAQYEQ_EXP":5771.85,"AUTOMO_VA":12873.44,"AUTOMO_EXP":11270.29,"OTRTRA_VA":674.9,"OTRTRA_EXP":181.1,"TRANSP_VA":1383.25,"TRANSP_EXP":2816.77,"OTRMAN_VA":4496.58,"OTRMAN_EXP":2490.4,"ELEGAS_VA":24085.77,"ELEGAS_EXP":39.46,"AGUBAS_VA":6061.58,"AGUBAS_EXP":0.72,"CONSTR_VA":36086.07,"CONSTR_EXP":16.1,"COMREV_VA":123584.79,"COMREV_EXP":22582.0,"TRATIE_VA":23659.78,"TRATIE_EXP":2529.15,"TRAGUA_VA":814.09,"TRAGUA_EXP":578.79,"TRAAIR_VA":1454.31,"TRAAIR_EXP":940.44,"ALMSTR_VA":8665.92,"ALMSTR_EXP":1552.14,"POSTME_VA":2655.35,"POSTME_EXP":6.53,"HOTYRE_VA":16194.76,"HOTYRE_EXP":953.55,"MMTVRA_VA":5344.47,"MMTVRA_EXP":278.26,"TELECO_VA":13404.79,"TELECO_EXP":481.59,"ITSERV_VA":10091.23,"ITSERV_EXP":171.29,"SERFIN_VA":50930.8,"SERFIN_EXP":843.08,"GOBEST_VA":65831.75,"GOBEST_EXP":67.35,"SPRSCT_VA":30701.53,"SPRSCT_EXP":4529.54,"SEAEMP_VA":27877.42,"SEAEMP_EXP":2219.87,"ADPDEF_VA":74321.21,"ADPDEF_EXP":293.28,"EDUCAC_VA":31811.25,"EDUCAC_EXP":51.67,"SALUDH_VA":20849.35,"SALUDH_EXP":43.88,"ESPARC_VA":8264.17,"ESPARC_EXP":273.9,"OTRSER_VA":19212.44,"OTRSER_EXP":61.84,"SERHOG_VA":8050.63,"SERHOG_EXP":0.0}},{"type":"Feature","geometry":{"type":"Point","coordinates":[114.73,4.54]},"properties":{"id":"BRN","name":"Brunéi","continent":"asia","year":2005,"AGRPFO_VA":29.75,"AGRPFO_EXP":0.6,"FORLOG_VA":10.22,"FORLOG_EXP":0.06,"PESCAC_VA":29.74,"PESCAC_EXP":0.21,"MINCOL_VA":499.13,"MINCOL_EXP":0.0,"PETGAS_VA":3981.83,"PETGAS_EXP":4157.39,"MINORE_VA":538.94,"MINORE_EXP":0.1,"MINOTH_VA":375.45,"MINOTH_EXP":0.76,"MINSER_VA":313.5,"MINSER_EXP":57.07,"ALYBEB_VA":11.23,"ALYBEB_EXP":1.1,"TEXYPR_VA":18.54,"TEXYPR_EXP":12.34,"MADYPR_VA":1.99,"MADYPR_EXP":0.11,"PAPYPR_VA":4.95,"PAPYPR_EXP":0.25,"PETREF_VA":1218.51,"PETREF_EXP":1355.88,"QUIMYP_VA":7.25,"QUIMYP_EXP":0.4,"FARMED_VA":5.43,"FARMED_EXP":0.16,"HUPLAS_VA":7.82,"HUPLAS_EXP":0.13,"PRNOMT_VA":15.75,"PRNOMT_EXP":0.79,"METBAS_VA":1.52,"METBAS_EXP":0.2,"NONFER_VA":1.22,"NONFER_EXP":0.18,"PRMETA_VA":6.32,"PRMETA_EXP":0.09,"ELCTRO_VA":2.11,"ELCTRO_EXP":0.18,"ELCTRI_VA":3.63,"ELCTRI_EXP":0.04,"MAQYEQ_VA":6.0,"MAQYEQ_EXP":0.22,"AUTOMO_VA":0.0,"AUTOMO_EXP":0.0,"OTRTRA_VA":4.1,"OTRTRA_EXP":0.04,"TRANSP_VA":4.19,"TRANSP_EXP":0.05,"OTRMAN_VA":3.49,"OTRMAN_EXP":3.64,"ELEGAS_VA":63.78,"ELEGAS_EXP":0.31,"AGUBAS_VA":17.16,"AGUBAS_EXP":0.63,"CONSTR_VA":164.37,"CONSTR_EXP":0.28,"COMREV_VA":458.78,"COMREV_EXP":109.48,"TRATIE_VA":51.37,"TRATIE_EXP":15.66,"TRAGUA_VA":85.79,"TRAGUA_EXP":57.26,"TRAAIR_VA":26.11,"TRAAIR_EXP":31.99,"ALMSTR_VA":22.07,"ALMSTR_EXP":16.64,"POSTME_VA":5.96,"POSTME_EXP":7.62,"HOTYRE_VA":98.51,"HOTYRE_EXP":31.58,"MMTVRA_VA":8.12,"MMTVRA_EXP":1.32,"TELECO_VA":184.49,"TELECO_EXP":10.53,"ITSERV_VA":19.9,"ITSERV_EXP":7.79,"SERFIN_VA":540.27,"SERFIN_EXP":10.76,"GOBEST_VA":155.56,"GOBEST_EXP":9.52,"SPRSCT_VA":196.91,"SPRSCT_EXP":88.13,"SEAEMP_VA":60.6,"SEAEMP_EXP":35.5,"ADPDEF_VA":1015.76,"ADPDEF_EXP":0.03,"EDUCAC_VA":266.45,"EDUCAC_EXP":2.11,"SALUDH_VA":129.22,"SALUDH_EXP":1.63,"ESPARC_VA":10.96,"ESPARC_EXP":2.1,"OTRSER_VA":14.1,"OTRSER_EXP":2.16,"SERHOG_VA":10.24,"SERHOG_EXP":0.0}},{"type":"Feature","geometry":{"type":"Point","coordinates":[-106.35,56.13]},"properties":{"id":"CAN","name":"Canadá","continent":"america","year":2005,"AGRPFO_VA":12329.74,"AGRPFO_EXP":6138.86,"FORLOG_VA":5908.74,"FORLOG_EXP":662.11,"PESCAC_VA":1406.69,"PESCAC_EXP":837.34,"MINCOL_VA":1857.23,"MINCOL_EXP":1847.05,"PETGAS_VA":70862.0,"PETGAS_EXP":67206.56,"MINORE_VA":7000.21,"MINORE_EXP":9240.65,"MINOTH_VA":4438.72,"MINOTH_EXP":1944.88,"MINSER_VA":6888.58,"MINSER_EXP":335.09,"ALYBEB_VA":21079.77,"ALYBEB_EXP":14423.32,"TEXYPR_VA":4861.64,"TEXYPR_EXP":3169.94,"MADYPR_VA":10703.13,"MADYPR_EXP":14082.51,"PAPYPR_VA":13913.45,"PAPYPR_EXP":16393.56,"PETREF_VA":3503.83,"PETREF_EXP":11272.37,"QUIMYP_VA":7965.29,"QUIMYP_EXP":14372.74,"FARMED_VA":3754.06,"FARMED_EXP":3200.47,"HUPLAS_VA":8691.44,"HUPLAS_EXP":10121.57,"PRNOMT_VA":5634.86,"PRNOMT_EXP":1992.96,"METBAS_VA":5171.05,"METBAS_EXP":3887.01,"NONFER_VA":5624.83,"NONFER_EXP":15934.89,"PRMETA_VA":12398.2,"PRMETA_EXP":8935.72,"ELCTRO_VA":6598.49,"ELCTRO_EXP":9322.22,"ELCTRI_VA":3094.15,"ELCTRI_EXP":4872.64,"MAQYEQ_VA":10880.34,"MAQYEQ_EXP":12832.58,"AUTOMO_VA":19606.82,"AUTOMO_EXP":49246.25,"OTRTRA_VA":371.88,"OTRTRA_EXP":484.58,"TRANSP_VA":6394.58,"TRANSP_EXP":10938.23,"OTRMAN_VA":12871.55,"OTRMAN_EXP":6806.84,"ELEGAS_VA":25975.99,"ELEGAS_EXP":3636.46,"AGUBAS_VA":4461.33,"AGUBAS_EXP":106.97,"CONSTR_VA":64459.81,"CONSTR_EXP":548.98,"COMREV_VA":118263.13,"COMREV_EXP":39911.87,"TRATIE_VA":28853.38,"TRATIE_EXP":4226.4,"TRAGUA_VA":1164.82,"TRAGUA_EXP":711.02,"TRAAIR_VA":3547.64,"TRAAIR_EXP":5599.95,"ALMSTR_VA":8797.36,"ALMSTR_EXP":2826.81,"POSTME_VA":5710.88,"POSTME_EXP":853.23,"HOTYRE_VA":23507.44,"HOTYRE_EXP":5547.39,"MMTVRA_VA":13204.01,"MMTVRA_EXP":3299.88,"TELECO_VA":21922.75,"TELECO_EXP":1633.8,"ITSERV_VA":13680.62,"ITSERV_EXP":3261.16,"SERFIN_VA":75697.16,"SERFIN_EXP":7853.56,"GOBEST_VA":113510.01,"GOBEST_EXP":1275.13,"SPRSCT_VA":66251.31,"SPRSCT_EXP":6784.49,"SEAEMP_VA":31110.92,"SEAEMP_EXP":5952.62,"ADPDEF_VA":67701.24,"ADPDEF_EXP":1228.48,"EDUCAC_VA":55223.07,"EDUCAC_EXP":1582.03,"SALUDH_VA":68374.75,"SALUDH_EXP":661.13,"ESPARC_VA":9048.35,"ESPARC_EXP":2235.38,"OTRSER_VA":14850.77,"OTRSER_EXP":407.31,"SERHOG_VA":1790.0,"SERHOG_EXP":0.0}},{"type":"Feature","geometry":{"type":"Point","coordinates":[8.23,46.82]},"properties":{"id":"CHE","name":"Suiza","continent":"europe","year":2005,"AGRPFO_VA":3182.81,"AGRPFO_EXP":188.44,"FORLOG_VA":225.17,"FORLOG_EXP":120.1,"PESCAC_VA":19.12,"PESCAC_EXP":7.01,"MINCOL_VA":0.0,"MINCOL_EXP":0.0,"PETGAS_VA":0.0,"PETGAS_EXP":0.0,"MINORE_VA":58.67,"MINORE_EXP":10.76,"MINOTH_VA":490.3,"MINOTH_EXP":16.52,"MINSER_VA":65.91,"MINSER_EXP":2.75,"ALYBEB_VA":6781.59,"ALYBEB_EXP":4263.71,"TEXYPR_VA":985.92,"TEXYPR_EXP":1947.93,"MADYPR_VA":2678.6,"MADYPR_EXP":528.95,"PAPYPR_VA":3510.68,"PAPYPR_EXP":2201.25,"PETREF_VA":204.9,"PETREF_EXP":368.15,"QUIMYP_VA":5306.15,"QUIMYP_EXP":6140.07,"FARMED_VA":14564.93,"FARMED_EXP":11483.37,"HUPLAS_VA":2397.84,"HUPLAS_EXP":3176.17,"PRNOMT_VA":1959.91,"PRNOMT_EXP":810.6,"METBAS_VA":850.22,"METBAS_EXP":923.71,"NONFER_VA":931.53,"NONFER_EXP":844.81,"PRMETA_VA":6973.93,"PRMETA_EXP":3601.18,"ELCTRO_VA":14264.52,"ELCTRO_EXP":14889.25,"ELCTRI_VA":4235.93,"ELCTRI_EXP":6176.03,"MAQYEQ_VA":9340.94,"MAQYEQ_EXP":16607.99,"AUTOMO_VA":407.0,"AUTOMO_EXP":627.64,"OTRTRA_VA":24.03,"OTRTRA_EXP":4.6,"TRANSP_VA":581.92,"TRANSP_EXP":1030.65,"OTRMAN_VA":4613.37,"OTRMAN_EXP":4813.05,"ELEGAS_VA":5053.33,"ELEGAS_EXP":2518.61,"AGUBAS_VA":1858.38,"AGUBAS_EXP":16.96,"CONSTR_VA":21766.69,"CONSTR_EXP":314.78,"COMREV_VA":63881.1,"COMREV_EXP":25424.23,"TRATIE_VA":8846.38,"TRATIE_EXP":5006.04,"TRAGUA_VA":425.71,"TRAGUA_EXP":3956.02,"TRAAIR_VA":1429.2,"TRAAIR_EXP":2571.57,"ALMSTR_VA":2854.54,"ALMSTR_EXP":1082.69,"POSTME_VA":3305.27,"POSTME_EXP":1494.69,"HOTYRE_VA":9034.95,"HOTYRE_EXP":3614.72,"MMTVRA_VA":3306.34,"MMTVRA_EXP":3305.08,"TELECO_VA":6188.79,"TELECO_EXP":1849.08,"ITSERV_VA":9669.42,"ITSERV_EXP":6218.93,"SERFIN_VA":46722.39,"SERFIN_EXP":29757.86,"GOBEST_VA":28115.88,"GOBEST_EXP":883.75,"SPRSCT_VA":26304.81,"SPRSCT_EXP":4085.67,"SEAEMP_VA":9528.91,"SEAEMP_EXP":3046.4,"ADPDEF_VA":34029.74,"ADPDEF_EXP":893.37,"EDUCAC_VA":2604.44,"EDUCAC_EXP":201.16,"SALUDH_VA":27727.52,"SALUDH_EXP":250.32,"ESPARC_VA":2941.83,"ESPARC_EXP":634.31,"OTRSER_VA":5526.89,"OTRSER_EXP":190.0,"SERHOG_VA":1419.44,"SERHOG_EXP":0.0}},{"type":"Feature","geometry":{"type":"Point","coordinates":[-71.54,-35.68]},"properties":{"id":"CHL","name":"Chile","continent":"america","year":2005,"AGRPFO_VA":3090.62,"AGRPFO_EXP":2491.85,"FORLOG_VA":902.53,"FORLOG_EXP":61.97,"PESCAC_VA":905.03,"PESCAC_EXP":899.56,"MINCOL_VA":17.37,"MINCOL_EXP":0.29,"PETGAS_VA":117.66,"PETGAS_EXP":1.52,"MINORE_VA":13037.05,"MINORE_EXP":17111.71,"MINOTH_VA":471.99,"MINOTH_EXP":86.01,"MINSER_VA":329.07,"MINSER_EXP":66.86,"ALYBEB_VA":4463.68,"ALYBEB_EXP":5367.72,"TEXYPR_VA":478.71,"TEXYPR_EXP":482.81,"MADYPR_VA":579.93,"MADYPR_EXP":1557.41,"PAPYPR_VA":1248.5,"PAPYPR_EXP":1365.8,"PETREF_VA":801.92,"PETREF_EXP":1075.46,"QUIMYP_VA":1742.51,"QUIMYP_EXP":1875.46,"FARMED_VA":371.48,"FARMED_EXP":70.75,"HUPLAS_VA":508.69,"HUPLAS_EXP":431.74,"PRNOMT_VA":725.58,"PRNOMT_EXP":112.87,"METBAS_VA":235.23,"METBAS_EXP":466.46,"NONFER_VA":408.55,"NONFER_EXP":181.38,"PRMETA_VA":889.91,"PRMETA_EXP":383.22,"ELCTRO_VA":2148.42,"ELCTRO_EXP":138.52,"ELCTRI_VA":369.0,"ELCTRI_EXP":261.8,"MAQYEQ_VA":423.93,"MAQYEQ_EXP":438.28,"AUTOMO_VA":0.24,"AUTOMO_EXP":0.04,"OTRTRA_VA":106.8,"OTRTRA_EXP":51.25,"TRANSP_VA":204.83,"TRANSP_EXP":117.64,"OTRMAN_VA":656.61,"OTRMAN_EXP":551.32,"ELEGAS_VA":2748.59,"ELEGAS_EXP":3.27,"AGUBAS_VA":780.36,"AGUBAS_EXP":0.2,"CONSTR_VA":6272.89,"CONSTR_EXP":0.36,"COMREV_VA":11245.6,"COMREV_EXP":3797.21,"TRATIE_VA":4004.85,"TRATIE_EXP":1178.75,"TRAGUA_VA":254.48,"TRAGUA_EXP":1237.16,"TRAAIR_VA":1038.97,"TRAAIR_EXP":1869.37,"ALMSTR_VA":1687.96,"ALMSTR_EXP":807.75,"POSTME_VA":171.46,"POSTME_EXP":128.57,"HOTYRE_VA":2290.02,"HOTYRE_EXP":310.18,"MMTVRA_VA":399.15,"MMTVRA_EXP":87.47,"TELECO_VA":2056.57,"TELECO_EXP":326.2,"ITSERV_VA":1379.58,"ITSERV_EXP":201.46,"SERFIN_VA":5829.08,"SERFIN_EXP":600.92,"GOBEST_VA":9436.29,"GOBEST_EXP":130.04,"SPRSCT_VA":8385.63,"SPRSCT_EXP":560.6,"SEAEMP_VA":4686.52,"SEAEMP_EXP":726.11,"ADPDEF_VA":4710.49,"ADPDEF_EXP":54.18,"EDUCAC_VA":5112.82,"EDUCAC_EXP":15.82,"SALUDH_VA":4417.74,"SALUDH_EXP":22.6,"ESPARC_VA":512.84,"ESPARC_EXP":139.01,"OTRSER_VA":1969.38,"OTRSER_EXP":36.82,"SERHOG_VA":0.0,"SERHOG_EXP":0.0}},{"type":"Feature","geometry":{"type":"Point","coordinates":[104.2,35.86]},"properties":{"id":"CHN","name":"China","continent":"asia","year":2005,"AGRPFO_VA":208886.37,"AGRPFO_EXP":5061.29,"FORLOG_VA":13660.79,"FORLOG_EXP":15.43,"PESCAC_VA":25305.8,"PESCAC_EXP":675.88,"MINCOL_VA":42898.72,"MINCOL_EXP":3209.34,"PETGAS_VA":45665.45,"PETGAS_EXP":2182.81,"MINORE_VA":15874.27,"MINORE_EXP":1629.9,"MINOTH_VA":11128.66,"MINOTH_EXP":1117.75,"MINSER_VA":2709.93,"MINSER_EXP":159.42,"ALYBEB_VA":82460.63,"ALYBEB_EXP":15488.4,"TEXYPR_VA":78510.1,"TEXYPR_EXP":114895.99,"MADYPR_VA":10323.5,"MADYPR_EXP":5562.86,"PAPYPR_VA":20116.02,"PAPYPR_EXP":2954.49,"PETREF_VA":27907.16,"PETREF_EXP":6618.83,"QUIMYP_VA":46175.69,"QUIMYP_EXP":26234.9,"FARMED_VA":15159.69,"FARMED_EXP":2991.01,"HUPLAS_VA":22268.68,"HUPLAS_EXP":14421.24,"PRNOMT_VA":63037.59,"PRNOMT_EXP":9102.25,"METBAS_VA":56390.6,"METBAS_EXP":13964.34,"NONFER_VA":21746.05,"NONFER_EXP":7669.34,"PRMETA_VA":27964.12,"PRMETA_EXP":20239.27,"ELCTRO_VA":64189.67,"ELCTRO_EXP":176856.2,"ELCTRI_VA":42242.82,"ELCTRI_EXP":42964.31,"MAQYEQ_VA":72127.0,"MAQYEQ_EXP":32711.84,"AUTOMO_VA":40334.69,"AUTOMO_EXP":10141.73,"OTRTRA_VA":3196.94,"OTRTRA_EXP":3579.49,"TRANSP_VA":5310.3,"TRANSP_EXP":6344.98,"OTRMAN_VA":14127.81,"OTRMAN_EXP":34422.74,"ELEGAS_VA":75574.02,"ELEGAS_EXP":553.69,"AGUBAS_VA":11528.35,"AGUBAS_EXP":0.08,"CONSTR_VA":123799.11,"CONSTR_EXP":0.18,"COMREV_VA":159444.8,"COMREV_EXP":31660.98,"TRATIE_VA":88658.56,"TRATIE_EXP":8625.68,"TRAGUA_VA":17823.32,"TRAGUA_EXP":17925.14,"TRAAIR_VA":7260.42,"TRAAIR_EXP":10470.25,"ALMSTR_VA":10934.38,"ALMSTR_EXP":2470.7,"POSTME_VA":4315.64,"POSTME_EXP":39.79,"HOTYRE_VA":49120.32,"HOTYRE_EXP":8348.8,"MMTVRA_VA":6262.85,"MMTVRA_EXP":1776.6,"TELECO_VA":35925.27,"TELECO_EXP":1684.21,"ITSERV_VA":16503.9,"ITSERV_EXP":2389.89,"SERFIN_VA":83556.12,"SERFIN_EXP":2126.83,"GOBEST_VA":93073.77,"GOBEST_EXP":2862.54,"SPRSCT_VA":29151.65,"SPRSCT_EXP":12657.44,"SEAEMP_VA":36900.21,"SEAEMP_EXP":7882.79,"ADPDEF_VA":86722.3,"ADPDEF_EXP":0.27,"EDUCAC_VA":66880.32,"EDUCAC_EXP":351.63,"SALUDH_VA":36457.24,"SALUDH_EXP":469.47,"ESPARC_VA":12593.17,"ESPARC_EXP":1387.24,"OTRSER_VA":35435.14,"OTRSER_EXP":585.13,"SERHOG_VA":0.0,"SERHOG_EXP":0.0}},{"type":"Feature","geometry":{"type":"Point","coordinates":[-5.55,7.54]},"properties":{"id":"CIV","name":"Costa de Marfil","continent":"other","year":2005,"AGRPFO_VA":4052.33,"AGRPFO_EXP":2160.33,"FORLOG_VA":117.79,"FORLOG_EXP":4.26,"PESCAC_VA":46.41,"PESCAC_EXP":2.79,"MINCOL_VA":1.24,"MINCOL_EXP":3.6,"PETGAS_VA":11.26,"PETGAS_EXP":28.09,"MINORE_VA":35.02,"MINORE_EXP":25.65,"MINOTH_VA":3.51,"MINOTH_EXP":9.91,"MINSER_VA":2.62,"MINSER_EXP":6.88,"ALYBEB_VA":903.45,"ALYBEB_EXP":1452.58,"TEXYPR_VA":488.71,"TEXYPR_EXP":207.77,"MADYPR_VA":223.08,"MADYPR_EXP":277.23,"PAPYPR_VA":114.04,"PAPYPR_EXP":3.99,"PETREF_VA":343.54,"PETREF_EXP":555.07,"QUIMYP_VA":93.3,"QUIMYP_EXP":164.8,"FARMED_VA":65.38,"FARMED_EXP":2.73,"HUPLAS_VA":111.29,"HUPLAS_EXP":134.5,"PRNOMT_VA":155.09,"PRNOMT_EXP":41.3,"METBAS_VA":13.95,"METBAS_EXP":21.16,"NONFER_VA":13.54,"NONFER_EXP":18.94,"PRMETA_VA":108.34,"PRMETA_EXP":35.58,"ELCTRO_VA":0.0,"ELCTRO_EXP":0.0,"ELCTRI_VA":0.82,"ELCTRI_EXP":0.36,"MAQYEQ_VA":47.22,"MAQYEQ_EXP":32.43,"AUTOMO_VA":19.67,"AUTOMO_EXP":5.89,"OTRTRA_VA":2.12,"OTRTRA_EXP":0.72,"TRANSP_VA":3.61,"TRANSP_EXP":8.84,"OTRMAN_VA":210.82,"OTRMAN_EXP":49.61,"ELEGAS_VA":291.38,"ELEGAS_EXP":97.52,"AGUBAS_VA":49.8,"AGUBAS_EXP":0.35,"CONSTR_VA":378.61,"CONSTR_EXP":7.96,"COMREV_VA":2062.62,"COMREV_EXP":627.55,"TRATIE_VA":379.72,"TRATIE_EXP":148.54,"TRAGUA_VA":41.71,"TRAGUA_EXP":79.4,"TRAAIR_VA":68.49,"TRAAIR_EXP":100.9,"ALMSTR_VA":255.9,"ALMSTR_EXP":103.25,"POSTME_VA":52.2,"POSTME_EXP":23.64,"HOTYRE_VA":96.93,"HOTYRE_EXP":30.65,"MMTVRA_VA":99.14,"MMTVRA_EXP":21.9,"TELECO_VA":204.16,"TELECO_EXP":45.85,"ITSERV_VA":213.47,"ITSERV_EXP":149.86,"SERFIN_VA":573.88,"SERFIN_EXP":39.99,"GOBEST_VA":952.97,"GOBEST_EXP":13.88,"SPRSCT_VA":243.01,"SPRSCT_EXP":62.55,"SEAEMP_VA":479.87,"SEAEMP_EXP":4.53,"ADPDEF_VA":1475.55,"ADPDEF_EXP":0.02,"EDUCAC_VA":503.3,"EDUCAC_EXP":2.06,"SALUDH_VA":122.61,"SALUDH_EXP":1.29,"ESPARC_VA":27.23,"ESPARC_EXP":3.44,"OTRSER_VA":500.4,"OTRSER_EXP":1.74,"SERHOG_VA":39.58,"SERHOG_EXP":0.0}},{"type":"Feature","geometry":{"type":"Point","coordinates":[12.35,7.37]},"properties":{"id":"CMR","name":"Camerún","continent":"other","year":2005,"AGRPFO_VA":2240.2,"AGRPFO_EXP":466.27,"FORLOG_VA":724.09,"FORLOG_EXP":92.17,"PESCAC_VA":290.01,"PESCAC_EXP":3.64,"MINCOL_VA":145.43,"MINCOL_EXP":10.63,"PETGAS_VA":776.73,"PETGAS_EXP":1070.6,"MINORE_VA":17.68,"MINORE_EXP":0.18,"MINOTH_VA":87.26,"MINOTH_EXP":0.5,"MINSER_VA":86.93,"MINSER_EXP":68.8,"ALYBEB_VA":1501.16,"ALYBEB_EXP":101.82,"TEXYPR_VA":655.77,"TEXYPR_EXP":229.02,"MADYPR_VA":294.24,"MADYPR_EXP":247.49,"PAPYPR_VA":42.7,"PAPYPR_EXP":3.99,"PETREF_VA":195.98,"PETREF_EXP":272.96,"QUIMYP_VA":42.35,"QUIMYP_EXP":28.93,"FARMED_VA":17.94,"FARMED_EXP":0.72,"HUPLAS_VA":27.81,"HUPLAS_EXP":5.26,"PRNOMT_VA":72.13,"PRNOMT_EXP":58.23,"METBAS_VA":5.85,"METBAS_EXP":1.45,"NONFER_VA":32.83,"NONFER_EXP":94.99,"PRMETA_VA":11.51,"PRMETA_EXP":16.97,"ELCTRO_VA":5.71,"ELCTRO_EXP":5.44,"ELCTRI_VA":4.81,"ELCTRI_EXP":9.02,"MAQYEQ_VA":6.76,"MAQYEQ_EXP":11.23,"AUTOMO_VA":4.82,"AUTOMO_EXP":2.32,"OTRTRA_VA":0.72,"OTRTRA_EXP":1.16,"TRANSP_VA":1.12,"TRANSP_EXP":1.72,"OTRMAN_VA":126.27,"OTRMAN_EXP":12.15,"ELEGAS_VA":138.52,"ELEGAS_EXP":0.12,"AGUBAS_VA":141.44,"AGUBAS_EXP":0.26,"CONSTR_VA":1415.71,"CONSTR_EXP":0.77,"COMREV_VA":1663.4,"COMREV_EXP":277.65,"TRATIE_VA":1027.19,"TRATIE_EXP":183.66,"TRAGUA_VA":129.35,"TRAGUA_EXP":65.18,"TRAAIR_VA":146.42,"TRAAIR_EXP":121.92,"ALMSTR_VA":462.81,"ALMSTR_EXP":153.45,"POSTME_VA":201.87,"POSTME_EXP":39.84,"HOTYRE_VA":966.95,"HOTYRE_EXP":40.48,"MMTVRA_VA":85.44,"MMTVRA_EXP":16.02,"TELECO_VA":147.95,"TELECO_EXP":13.93,"ITSERV_VA":207.25,"ITSERV_EXP":31.83,"SERFIN_VA":281.01,"SERFIN_EXP":61.39,"GOBEST_VA":918.76,"GOBEST_EXP":11.1,"SPRSCT_VA":590.68,"SPRSCT_EXP":33.06,"SEAEMP_VA":283.66,"SEAEMP_EXP":248.9,"ADPDEF_VA":908.99,"ADPDEF_EXP":0.83,"EDUCAC_VA":540.58,"EDUCAC_EXP":1.96,"SALUDH_VA":230.87,"SALUDH_EXP":1.74,"ESPARC_VA":175.6,"ESPARC_EXP":109.76,"OTRSER_VA":319.03,"OTRSER_EXP":2.49,"SERHOG_VA":186.72,"SERHOG_EXP":0.0}},{"type":"Feature","geometry":{"type":"Point","coordinates":[21.76,-4.04]},"properties":{"id":"COD","name":"R.D. Congo","continent":"other","year":2005,"AGRPFO_VA":1935.34,"AGRPFO_EXP":101.8,"FORLOG_VA":208.77,"FORLOG_EXP":245.44,"PESCAC_VA":179.85,"PESCAC_EXP":1.71,"MINCOL_VA":3.61,"MINCOL_EXP":0.4,"PETGAS_VA":256.7,"PETGAS_EXP":262.37,"MINORE_VA":450.79,"MINORE_EXP":473.32,"MINOTH_VA":745.39,"MINOTH_EXP":127.98,"MINSER_VA":41.62,"MINSER_EXP":1.15,"ALYBEB_VA":1249.49,"ALYBEB_EXP":111.84,"TEXYPR_VA":226.48,"TEXYPR_EXP":9.15,"MADYPR_VA":20.63,"MADYPR_EXP":31.61,"PAPYPR_VA":26.99,"PAPYPR_EXP":0.67,"PETREF_VA":6.34,"PETREF_EXP":16.2,"QUIMYP_VA":53.96,"QUIMYP_EXP":23.13,"FARMED_VA":6.14,"FARMED_EXP":4.8,"HUPLAS_VA":41.7,"HUPLAS_EXP":8.71,"PRNOMT_VA":49.38,"PRNOMT_EXP":8.81,"METBAS_VA":54.81,"METBAS_EXP":2.13,"NONFER_VA":255.15,"NONFER_EXP":504.26,"PRMETA_VA":24.34,"PRMETA_EXP":3.47,"ELCTRO_VA":0.59,"ELCTRO_EXP":0.41,"ELCTRI_VA":44.02,"ELCTRI_EXP":6.26,"MAQYEQ_VA":2.31,"MAQYEQ_EXP":1.47,"AUTOMO_VA":100.38,"AUTOMO_EXP":6.9,"OTRTRA_VA":8.88,"OTRTRA_EXP":0.13,"TRANSP_VA":0.25,"TRANSP_EXP":0.08,"OTRMAN_VA":79.05,"OTRMAN_EXP":8.78,"ELEGAS_VA":54.09,"ELEGAS_EXP":18.05,"AGUBAS_VA":32.1,"AGUBAS_EXP":0.6,"CONSTR_VA":379.08,"CONSTR_EXP":0.96,"COMREV_VA":920.69,"COMREV_EXP":94.73,"TRATIE_VA":964.19,"TRATIE_EXP":243.12,"TRAGUA_VA":66.78,"TRAGUA_EXP":37.67,"TRAAIR_VA":40.08,"TRAAIR_EXP":15.64,"ALMSTR_VA":124.13,"ALMSTR_EXP":33.13,"POSTME_VA":15.58,"POSTME_EXP":1.59,"HOTYRE_VA":375.09,"HOTYRE_EXP":52.14,"MMTVRA_VA":97.67,"MMTVRA_EXP":30.46,"TELECO_VA":518.41,"TELECO_EXP":22.85,"ITSERV_VA":4.91,"ITSERV_EXP":3.28,"SERFIN_VA":150.84,"SERFIN_EXP":60.07,"GOBEST_VA":525.25,"GOBEST_EXP":4.35,"SPRSCT_VA":201.11,"SPRSCT_EXP":55.22,"SEAEMP_VA":127.7,"SEAEMP_EXP":6.79,"ADPDEF_VA":347.12,"ADPDEF_EXP":0.91,"EDUCAC_VA":140.73,"EDUCAC_EXP":2.64,"SALUDH_VA":312.29,"SALUDH_EXP":3.56,"ESPARC_VA":55.39,"ESPARC_EXP":8.19,"OTRSER_VA":88.3,"OTRSER_EXP":2.99,"SERHOG_VA":33.25,"SERHOG_EXP":0.0}},{"type":"Feature","geometry":{"type":"Point","coordinates":[-74.3,4.57]},"properties":{"id":"COL","name":"Colombia","continent":"america","year":2005,"AGRPFO_VA":9950.94,"AGRPFO_EXP":1523.47,"FORLOG_VA":354.38,"FORLOG_EXP":3.78,"PESCAC_VA":283.5,"PESCAC_EXP":12.65,"MINCOL_VA":2039.72,"MINCOL_EXP":2347.79,"PETGAS_VA":5800.04,"PETGAS_EXP":3580.63,"MINORE_VA":901.24,"MINORE_EXP":482.47,"MINOTH_VA":371.96,"MINOTH_EXP":19.12,"MINSER_VA":48.54,"MINSER_EXP":24.73,"ALYBEB_VA":7393.33,"ALYBEB_EXP":2407.52,"TEXYPR_VA":2819.81,"TEXYPR_EXP":1095.21,"MADYPR_VA":222.49,"MADYPR_EXP":28.64,"PAPYPR_VA":1192.84,"PAPYPR_EXP":279.05,"PETREF_VA":1193.48,"PETREF_EXP":1715.75,"QUIMYP_VA":2392.89,"QUIMYP_EXP":1184.45,"FARMED_VA":663.04,"FARMED_EXP":215.43,"HUPLAS_VA":877.2,"HUPLAS_EXP":407.57,"PRNOMT_VA":2059.42,"PRNOMT_EXP":394.24,"METBAS_VA":545.36,"METBAS_EXP":1224.41,"NONFER_VA":51.15,"NONFER_EXP":166.35,"PRMETA_VA":497.06,"PRMETA_EXP":142.84,"ELCTRO_VA":525.32,"ELCTRO_EXP":70.11,"ELCTRI_VA":456.19,"ELCTRI_EXP":268.46,"MAQYEQ_VA":1347.42,"MAQYEQ_EXP":280.65,"AUTOMO_VA":399.61,"AUTOMO_EXP":312.84,"OTRTRA_VA":0.85,"OTRTRA_EXP":1.38,"TRANSP_VA":70.28,"TRANSP_EXP":34.16,"OTRMAN_VA":1503.38,"OTRMAN_EXP":184.0,"ELEGAS_VA":3022.56,"ELEGAS_EXP":157.64,"AGUBAS_VA":1990.73,"AGUBAS_EXP":1.18,"CONSTR_VA":6010.59,"CONSTR_EXP":3.24,"COMREV_VA":11299.72,"COMREV_EXP":2037.71,"TRATIE_VA":5245.73,"TRATIE_EXP":503.04,"TRAGUA_VA":80.34,"TRAGUA_EXP":71.87,"TRAAIR_VA":584.67,"TRAAIR_EXP":493.6,"ALMSTR_VA":931.74,"ALMSTR_EXP":190.48,"POSTME_VA":212.26,"POSTME_EXP":47.64,"HOTYRE_VA":5210.1,"HOTYRE_EXP":533.69,"MMTVRA_VA":521.94,"MMTVRA_EXP":110.86,"TELECO_VA":3701.53,"TELECO_EXP":175.94,"ITSERV_VA":677.8,"ITSERV_EXP":22.0,"SERFIN_VA":6166.33,"SERFIN_EXP":67.79,"GOBEST_VA":11766.74,"GOBEST_EXP":86.27,"SPRSCT_VA":3864.36,"SPRSCT_EXP":129.58,"SEAEMP_VA":4757.7,"SEAEMP_EXP":143.09,"ADPDEF_VA":7279.93,"ADPDEF_EXP":49.96,"EDUCAC_VA":6146.52,"EDUCAC_EXP":24.98,"SALUDH_VA":6096.82,"SALUDH_EXP":20.3,"ESPARC_VA":3264.34,"ESPARC_EXP":76.22,"OTRSER_VA":2359.41,"OTRSER_EXP":27.11,"SERHOG_VA":1041.01,"SERHOG_EXP":0.0}},{"type":"Feature","geometry":{"type":"Point","coordinates":[-83.75,9.75]},"properties":{"id":"CRI","name":"Costa Rica","continent":"america","year":2005,"AGRPFO_VA":1450.94,"AGRPFO_EXP":1161.43,"FORLOG_VA":49.75,"FORLOG_EXP":17.8,"PESCAC_VA":36.69,"PESCAC_EXP":4.59,"MINCOL_VA":1.53,"MINCOL_EXP":0.08,"PETGAS_VA":0.29,"PETGAS_EXP":0.05,"MINORE_VA":0.1,"MINORE_EXP":0.02,"MINOTH_VA":74.81,"MINOTH_EXP":2.81,"MINSER_VA":0.08,"MINSER_EXP":0.02,"ALYBEB_VA":1112.82,"ALYBEB_EXP":1679.22,"TEXYPR_VA":286.47,"TEXYPR_EXP":156.31,"MADYPR_VA":30.89,"MADYPR_EXP":22.39,"PAPYPR_VA":188.92,"PAPYPR_EXP":125.86,"PETREF_VA":45.71,"PETREF_EXP":46.94,"QUIMYP_VA":216.27,"QUIMYP_EXP":208.95,"FARMED_VA":33.8,"FARMED_EXP":54.4,"HUPLAS_VA":143.11,"HUPLAS_EXP":321.41,"PRNOMT_VA":167.78,"PRNOMT_EXP":87.44,"METBAS_VA":27.87,"METBAS_EXP":48.26,"NONFER_VA":15.22,"NONFER_EXP":36.97,"PRMETA_VA":67.4,"PRMETA_EXP":65.49,"ELCTRO_VA":193.43,"ELCTRO_EXP":108.26,"ELCTRI_VA":141.07,"ELCTRI_EXP":244.3,"MAQYEQ_VA":3.16,"MAQYEQ_EXP":1.76,"AUTOMO_VA":13.54,"AUTOMO_EXP":2.38,"OTRTRA_VA":0.61,"OTRTRA_EXP":0.2,"TRANSP_VA":0.6,"TRANSP_EXP":0.04,"OTRMAN_VA":335.57,"OTRMAN_EXP":266.87,"ELEGAS_VA":350.45,"ELEGAS_EXP":3.05,"AGUBAS_VA":166.63,"AGUBAS_EXP":0.27,"CONSTR_VA":752.71,"CONSTR_EXP":0.73,"COMREV_VA":4008.9,"COMREV_EXP":869.84,"TRATIE_VA":567.35,"TRATIE_EXP":263.49,"TRAGUA_VA":146.48,"TRAGUA_EXP":139.31,"TRAAIR_VA":31.21,"TRAAIR_EXP":66.27,"ALMSTR_VA":215.65,"ALMSTR_EXP":86.49,"POSTME_VA":32.36,"POSTME_EXP":7.07,"HOTYRE_VA":603.9,"HOTYRE_EXP":782.25,"MMTVRA_VA":167.34,"MMTVRA_EXP":39.49,"TELECO_VA":322.29,"TELECO_EXP":177.11,"ITSERV_VA":127.42,"ITSERV_EXP":53.01,"SERFIN_VA":794.46,"SERFIN_EXP":135.08,"GOBEST_VA":1477.4,"GOBEST_EXP":117.68,"SPRSCT_VA":660.61,"SPRSCT_EXP":240.69,"SEAEMP_VA":472.01,"SEAEMP_EXP":306.82,"ADPDEF_VA":614.27,"ADPDEF_EXP":7.58,"EDUCAC_VA":1069.82,"EDUCAC_EXP":49.93,"SALUDH_VA":1274.39,"SALUDH_EXP":46.79,"ESPARC_VA":97.92,"ESPARC_EXP":108.11,"OTRSER_VA":160.95,"OTRSER_EXP":42.7,"SERHOG_VA":185.58,"SERHOG_EXP":0.0}},{"type":"Feature","geometry":{"type":"Point","coordinates":[33.43,35.13]},"properties":{"id":"CYP","name":"Chipre","continent":"europe","year":2005,"AGRPFO_VA":472.54,"AGRPFO_EXP":94.72,"FORLOG_VA":2.64,"FORLOG_EXP":1.09,"PESCAC_VA":32.98,"PESCAC_EXP":10.96,"MINCOL_VA":0.0,"MINCOL_EXP":0.0,"PETGAS_VA":12.52,"PETGAS_EXP":0.18,"MINORE_VA":11.8,"MINORE_EXP":13.27,"MINOTH_VA":23.27,"MINOTH_EXP":12.12,"MINSER_VA":0.16,"MINSER_EXP":0.06,"ALYBEB_VA":481.18,"ALYBEB_EXP":236.23,"TEXYPR_VA":47.25,"TEXYPR_EXP":30.88,"MADYPR_VA":87.31,"MADYPR_EXP":39.92,"PAPYPR_VA":74.91,"PAPYPR_EXP":33.23,"PETREF_VA":0.62,"PETREF_EXP":0.15,"QUIMYP_VA":30.03,"QUIMYP_EXP":28.39,"FARMED_VA":50.82,"FARMED_EXP":80.83,"HUPLAS_VA":38.72,"HUPLAS_EXP":17.25,"PRNOMT_VA":207.85,"PRNOMT_EXP":16.64,"METBAS_VA":3.5,"METBAS_EXP":0.74,"NONFER_VA":20.37,"NONFER_EXP":14.69,"PRMETA_VA":123.91,"PRMETA_EXP":17.01,"ELCTRO_VA":7.25,"ELCTRO_EXP":9.45,"ELCTRI_VA":8.94,"ELCTRI_EXP":5.62,"MAQYEQ_VA":26.86,"MAQYEQ_EXP":52.84,"AUTOMO_VA":6.79,"AUTOMO_EXP":1.19,"OTRTRA_VA":1.1,"OTRTRA_EXP":2.32,"TRANSP_VA":1.79,"TRANSP_EXP":0.33,"OTRMAN_VA":70.59,"OTRMAN_EXP":44.57,"ELEGAS_VA":212.66,"ELEGAS_EXP":0.35,"AGUBAS_VA":117.62,"AGUBAS_EXP":7.99,"CONSTR_VA":1739.09,"CONSTR_EXP":40.08,"COMREV_VA":1982.22,"COMREV_EXP":348.41,"TRATIE_VA":137.94,"TRATIE_EXP":86.44,"TRAGUA_VA":675.21,"TRAGUA_EXP":644.03,"TRAAIR_VA":79.35,"TRAAIR_EXP":264.6,"ALMSTR_VA":309.41,"ALMSTR_EXP":389.16,"POSTME_VA":23.88,"POSTME_EXP":38.02,"HOTYRE_VA":1039.22,"HOTYRE_EXP":1088.78,"MMTVRA_VA":127.62,"MMTVRA_EXP":77.59,"TELECO_VA":410.59,"TELECO_EXP":289.22,"ITSERV_VA":123.01,"ITSERV_EXP":320.71,"SERFIN_VA":1236.59,"SERFIN_EXP":858.94,"GOBEST_VA":1354.08,"GOBEST_EXP":596.92,"SPRSCT_VA":1090.51,"SPRSCT_EXP":1302.2,"SEAEMP_VA":246.68,"SEAEMP_EXP":237.23,"ADPDEF_VA":1850.51,"ADPDEF_EXP":1.26,"EDUCAC_VA":973.29,"EDUCAC_EXP":52.6,"SALUDH_VA":595.31,"SALUDH_EXP":43.85,"ESPARC_VA":230.88,"ESPARC_EXP":191.48,"OTRSER_VA":321.16,"OTRSER_EXP":56.33,"SERHOG_VA":121.91,"SERHOG_EXP":0.0}},{"type":"Feature","geometry":{"type":"Point","coordinates":[15.47,49.82]},"properties":{"id":"CZE","name":"Chequia","continent":"europe","year":2005,"AGRPFO_VA":2414.26,"AGRPFO_EXP":879.51,"FORLOG_VA":869.99,"FORLOG_EXP":134.31,"PESCAC_VA":28.71,"PESCAC_EXP":24.72,"MINCOL_VA":1117.9,"MINCOL_EXP":368.9,"PETGAS_VA":101.05,"PETGAS_EXP":17.86,"MINORE_VA":50.68,"MINORE_EXP":3.82,"MINOTH_VA":268.73,"MINOTH_EXP":55.77,"MINSER_VA":55.23,"MINSER_EXP":10.46,"ALYBEB_VA":3421.84,"ALYBEB_EXP":2393.82,"TEXYPR_VA":1173.56,"TEXYPR_EXP":1387.49,"MADYPR_VA":1029.66,"MADYPR_EXP":513.54,"PAPYPR_VA":1178.33,"PAPYPR_EXP":744.23,"PETREF_VA":732.33,"PETREF_EXP":582.5,"QUIMYP_VA":1268.07,"QUIMYP_EXP":2934.36,"FARMED_VA":611.76,"FARMED_EXP":415.48,"HUPLAS_VA":2111.2,"HUPLAS_EXP":3023.64,"PRNOMT_VA":2105.62,"PRNOMT_EXP":2184.6,"METBAS_VA":2050.88,"METBAS_EXP":2957.6,"NONFER_VA":355.44,"NONFER_EXP":683.75,"PRMETA_VA":3240.76,"PRMETA_EXP":4401.03,"ELCTRO_VA":1502.84,"ELCTRO_EXP":6344.46,"ELCTRI_VA":1846.05,"ELCTRI_EXP":4624.08,"MAQYEQ_VA":2590.85,"MAQYEQ_EXP":5593.63,"AUTOMO_VA":5309.06,"AUTOMO_EXP":14393.46,"OTRTRA_VA":16.26,"OTRTRA_EXP":7.63,"TRANSP_VA":412.02,"TRANSP_EXP":595.99,"OTRMAN_VA":2486.06,"OTRMAN_EXP":1468.6,"ELEGAS_VA":4106.54,"ELEGAS_EXP":529.66,"AGUBAS_VA":1435.6,"AGUBAS_EXP":39.81,"CONSTR_VA":8620.23,"CONSTR_EXP":128.66,"COMREV_VA":14436.23,"COMREV_EXP":5757.08,"TRATIE_VA":5774.03,"TRATIE_EXP":3172.92,"TRAGUA_VA":122.19,"TRAGUA_EXP":31.63,"TRAAIR_VA":357.45,"TRAAIR_EXP":1032.78,"ALMSTR_VA":2280.23,"ALMSTR_EXP":703.22,"POSTME_VA":592.37,"POSTME_EXP":50.81,"HOTYRE_VA":3258.52,"HOTYRE_EXP":1477.96,"MMTVRA_VA":1212.13,"MMTVRA_EXP":579.77,"TELECO_VA":2863.86,"TELECO_EXP":470.19,"ITSERV_VA":1878.28,"ITSERV_EXP":627.46,"SERFIN_VA":3936.57,"SERFIN_EXP":929.67,"GOBEST_VA":10268.02,"GOBEST_EXP":254.08,"SPRSCT_VA":6140.52,"SPRSCT_EXP":2087.03,"SEAEMP_VA":2309.38,"SEAEMP_EXP":361.97,"ADPDEF_VA":8646.68,"ADPDEF_EXP":52.43,"EDUCAC_VA":5277.02,"EDUCAC_EXP":117.66,"SALUDH_VA":4890.78,"SALUDH_EXP":120.65,"ESPARC_VA":1475.64,"ESPARC_EXP":605.2,"OTRSER_VA":1412.21,"OTRSER_EXP":184.35,"SERHOG_VA":61.43,"SERHOG_EXP":0.0}},{"type":"Feature","geometry":{"type":"Point","coordinates":[10.45,51.17]},"properties":{"id":"DEU","name":"Alemania","continent":"europe","year":2005,"AGRPFO_VA":19291.51,"AGRPFO_EXP":3631.79,"FORLOG_VA":2393.5,"FORLOG_EXP":411.16,"PESCAC_VA":270.39,"PESCAC_EXP":244.66,"MINCOL_VA":2178.52,"MINCOL_EXP":231.69,"PETGAS_VA":1070.57,"PETGAS_EXP":574.69,"MINORE_VA":0.0,"MINORE_EXP":0.0,"MINOTH_VA":1682.82,"MINOTH_EXP":1063.95,"MINSER_VA":219.31,"MINSER_EXP":403.38,"ALYBEB_VA":47198.72,"ALYBEB_EXP":26011.43,"TEXYPR_VA":9988.54,"TEXYPR_EXP":12400.21,"MADYPR_VA":8052.38,"MADYPR_EXP":4745.49,"PAPYPR_VA":25081.54,"PAPYPR_EXP":17246.62,"PETREF_VA":8378.35,"PETREF_EXP":16870.03,"QUIMYP_VA":44580.88,"QUIMYP_EXP":58633.07,"FARMED_VA":21850.03,"FARMED_EXP":16256.22,"HUPLAS_VA":28359.89,"HUPLAS_EXP":22792.75,"PRNOMT_VA":17622.27,"PRNOMT_EXP":8618.81,"METBAS_VA":18529.49,"METBAS_EXP":25476.73,"NONFER_VA":8500.14,"NONFER_EXP":16950.29,"PRMETA_VA":50586.24,"PRMETA_EXP":26487.93,"ELCTRO_VA":37217.83,"ELCTRO_EXP":57894.97,"ELCTRI_VA":40751.02,"ELCTRI_EXP":47119.63,"MAQYEQ_VA":87310.8,"MAQYEQ_EXP":96114.51,"AUTOMO_VA":92815.75,"AUTOMO_EXP":145196.92,"OTRTRA_VA":1331.19,"OTRTRA_EXP":887.79,"TRANSP_VA":9343.82,"TRANSP_EXP":8860.47,"OTRMAN_VA":37544.63,"OTRMAN_EXP":13851.13,"ELEGAS_VA":41918.13,"ELEGAS_EXP":2028.74,"AGUBAS_VA":26915.09,"AGUBAS_EXP":718.58,"CONSTR_VA":100382.97,"CONSTR_EXP":1872.04,"COMREV_VA":275468.71,"COMREV_EXP":107837.28,"TRATIE_VA":45516.23,"TRATIE_EXP":18694.9,"TRAGUA_VA":10154.03,"TRAGUA_EXP":16141.52,"TRAAIR_VA":8288.59,"TRAAIR_EXP":17703.49,"ALMSTR_VA":45047.47,"ALMSTR_EXP":9135.83,"POSTME_VA":16229.25,"POSTME_EXP":1313.01,"HOTYRE_VA":40327.29,"HOTYRE_EXP":4945.12,"MMTVRA_VA":32413.88,"MMTVRA_EXP":7681.14,"TELECO_VA":41147.7,"TELECO_EXP":3102.39,"ITSERV_VA":49129.14,"ITSERV_EXP":19586.22,"SERFIN_VA":141105.99,"SERFIN_EXP":26075.88,"GOBEST_VA":287762.93,"GOBEST_EXP":8844.41,"SPRSCT_VA":172731.53,"SPRSCT_EXP":34430.46,"SEAEMP_VA":111178.71,"SEAEMP_EXP":10297.14,"ADPDEF_VA":162791.64,"ADPDEF_EXP":0.0,"EDUCAC_VA":119032.69,"EDUCAC_EXP":471.18,"SALUDH_VA":187906.37,"SALUDH_EXP":380.96,"ESPARC_VA":31353.63,"ESPARC_EXP":1538.7,"OTRSER_VA":69317.21,"OTRSER_EXP":479.91,"SERHOG_VA":7278.5,"SERHOG_EXP":0.0}},{"type":"Feature","geometry":{"type":"Point","coordinates":[9.5,56.26]},"properties":{"id":"DNK","name":"Dinamarca","continent":"europe","year":2005,"AGRPFO_VA":2882.12,"AGRPFO_EXP":2169.36,"FORLOG_VA":123.13,"FORLOG_EXP":52.14,"PESCAC_VA":361.88,"PESCAC_EXP":437.13,"MINCOL_VA":0.0,"MINCOL_EXP":0.0,"PETGAS_VA":8551.13,"PETGAS_EXP":4312.92,"MINORE_VA":0.0,"MINORE_EXP":0.0,"MINOTH_VA":166.68,"MINOTH_EXP":141.34,"MINSER_VA":77.77,"MINSER_EXP":24.03,"ALYBEB_VA":6027.55,"ALYBEB_EXP":9374.81,"TEXYPR_VA":612.9,"TEXYPR_EXP":611.15,"MADYPR_VA":990.52,"MADYPR_EXP":670.08,"PAPYPR_VA":1547.01,"PAPYPR_EXP":617.26,"PETREF_VA":113.55,"PETREF_EXP":1309.34,"QUIMYP_VA":1668.18,"QUIMYP_EXP":2724.36,"FARMED_VA":3889.71,"FARMED_EXP":5060.14,"HUPLAS_VA":1777.91,"HUPLAS_EXP":1832.78,"PRNOMT_VA":1517.62,"PRNOMT_EXP":770.82,"METBAS_VA":289.29,"METBAS_EXP":475.64,"NONFER_VA":199.13,"NONFER_EXP":122.25,"PRMETA_VA":2875.75,"PRMETA_EXP":1686.28,"ELCTRO_VA":2431.59,"ELCTRO_EXP":3767.63,"ELCTRI_VA":987.0,"ELCTRI_EXP":1875.87,"MAQYEQ_VA":5017.62,"MAQYEQ_EXP":7896.73,"AUTOMO_VA":555.64,"AUTOMO_EXP":756.74,"OTRTRA_VA":226.94,"OTRTRA_EXP":247.07,"TRANSP_VA":92.45,"TRANSP_EXP":133.87,"OTRMAN_VA":3169.09,"OTRMAN_EXP":3847.06,"ELEGAS_VA":4078.53,"ELEGAS_EXP":1130.95,"AGUBAS_VA":1780.35,"AGUBAS_EXP":40.44,"CONSTR_VA":13075.97,"CONSTR_EXP":510.49,"COMREV_VA":28256.05,"COMREV_EXP":12570.11,"TRATIE_VA":5759.82,"TRATIE_EXP":3901.18,"TRAGUA_VA":5196.55,"TRAGUA_EXP":19307.11,"TRAAIR_VA":323.9,"TRAAIR_EXP":2399.19,"ALMSTR_VA":3453.61,"ALMSTR_EXP":2716.63,"POSTME_VA":1798.13,"POSTME_EXP":503.29,"HOTYRE_VA":3326.42,"HOTYRE_EXP":1249.12,"MMTVRA_VA":3163.04,"MMTVRA_EXP":737.55,"TELECO_VA":3585.65,"TELECO_EXP":972.83,"ITSERV_VA":3542.84,"ITSERV_EXP":1541.71,"SERFIN_VA":11815.21,"SERFIN_EXP":1028.26,"GOBEST_VA":22630.2,"GOBEST_EXP":354.37,"SPRSCT_VA":12100.73,"SPRSCT_EXP":3620.17,"SEAEMP_VA":6523.35,"SEAEMP_EXP":2120.52,"ADPDEF_VA":13727.03,"ADPDEF_EXP":6.95,"EDUCAC_VA":13666.49,"EDUCAC_EXP":433.8,"SALUDH_VA":23843.83,"SALUDH_EXP":105.11,"ESPARC_VA":3493.82,"ESPARC_EXP":390.21,"OTRSER_VA":3947.68,"OTRSER_EXP":74.18,"SERHOG_VA":503.91,"SERHOG_EXP":0.0}},{"type":"Feature","geometry":{"type":"Point","coordinates":[30.8,26.82]},"properties":{"id":"EGY","name":"Egipto","continent":"other","year":2005,"AGRPFO_VA":9437.91,"AGRPFO_EXP":1196.12,"FORLOG_VA":1.44,"FORLOG_EXP":0.3,"PESCAC_VA":900.22,"PESCAC_EXP":8.62,"MINCOL_VA":97.05,"MINCOL_EXP":32.53,"PETGAS_VA":11985.63,"PETGAS_EXP":4878.09,"MINORE_VA":127.92,"MINORE_EXP":2.52,"MINOTH_VA":600.38,"MINOTH_EXP":267.43,"MINSER_VA":240.84,"MINSER_EXP":19.68,"ALYBEB_VA":3261.46,"ALYBEB_EXP":1032.95,"TEXYPR_VA":1292.67,"TEXYPR_EXP":983.35,"MADYPR_VA":544.05,"MADYPR_EXP":23.23,"PAPYPR_VA":809.55,"PAPYPR_EXP":183.28,"PETREF_VA":1994.81,"PETREF_EXP":1841.86,"QUIMYP_VA":1934.67,"QUIMYP_EXP":1157.99,"FARMED_VA":466.56,"FARMED_EXP":80.04,"HUPLAS_VA":245.61,"HUPLAS_EXP":220.52,"PRNOMT_VA":1437.55,"PRNOMT_EXP":395.66,"METBAS_VA":673.07,"METBAS_EXP":505.25,"NONFER_VA":734.99,"NONFER_EXP":538.15,"PRMETA_VA":603.45,"PRMETA_EXP":121.82,"ELCTRO_VA":93.18,"ELCTRO_EXP":59.93,"ELCTRI_VA":438.2,"ELCTRI_EXP":326.05,"MAQYEQ_VA":101.08,"MAQYEQ_EXP":96.26,"AUTOMO_VA":244.91,"AUTOMO_EXP":57.32,"OTRTRA_VA":11.72,"OTRTRA_EXP":0.56,"TRANSP_VA":32.09,"TRANSP_EXP":0.65,"OTRMAN_VA":814.07,"OTRMAN_EXP":244.85,"ELEGAS_VA":866.38,"ELEGAS_EXP":77.11,"AGUBAS_VA":538.42,"AGUBAS_EXP":9.57,"CONSTR_VA":4586.84,"CONSTR_EXP":7.48,"COMREV_VA":8674.54,"COMREV_EXP":1279.37,"TRATIE_VA":2394.78,"TRATIE_EXP":1878.56,"TRAGUA_VA":2184.75,"TRAGUA_EXP":2513.72,"TRAAIR_VA":863.76,"TRAAIR_EXP":915.26,"ALMSTR_VA":2704.51,"ALMSTR_EXP":1746.03,"POSTME_VA":101.83,"POSTME_EXP":112.99,"HOTYRE_VA":2837.64,"HOTYRE_EXP":3100.6,"MMTVRA_VA":372.49,"MMTVRA_EXP":156.53,"TELECO_VA":2299.11,"TELECO_EXP":223.8,"ITSERV_VA":273.42,"ITSERV_EXP":89.41,"SERFIN_VA":4408.56,"SERFIN_EXP":271.1,"GOBEST_VA":6546.24,"GOBEST_EXP":369.65,"SPRSCT_VA":2088.14,"SPRSCT_EXP":366.92,"SEAEMP_VA":1314.08,"SEAEMP_EXP":414.93,"ADPDEF_VA":3725.57,"ADPDEF_EXP":340.42,"EDUCAC_VA":3766.0,"EDUCAC_EXP":271.7,"SALUDH_VA":1912.01,"SALUDH_EXP":72.48,"ESPARC_VA":914.05,"ESPARC_EXP":132.38,"OTRSER_VA":1506.0,"OTRSER_EXP":111.32,"SERHOG_VA":59.39,"SERHOG_EXP":0.0}},{"type":"Feature","geometry":{"type":"Point","coordinates":[-3.75,40.46]},"properties":{"id":"ESP","name":"España","continent":"europe","year":2005,"AGRPFO_VA":28652.1,"AGRPFO_EXP":8741.25,"FORLOG_VA":2077.22,"FORLOG_EXP":135.41,"PESCAC_VA":1701.72,"PESCAC_EXP":251.01,"MINCOL_VA":807.42,"MINCOL_EXP":13.07,"PETGAS_VA":59.24,"PETGAS_EXP":17.95,"MINORE_VA":55.05,"MINORE_EXP":136.56,"MINOTH_VA":2841.03,"MINOTH_EXP":667.5,"MINSER_VA":71.74,"MINSER_EXP":128.57,"ALYBEB_VA":25649.24,"ALYBEB_EXP":14577.2,"TEXYPR_VA":10863.95,"TEXYPR_EXP":8999.44,"MADYPR_VA":3583.48,"MADYPR_EXP":1200.48,"PAPYPR_VA":9480.4,"PAPYPR_EXP":3748.26,"PETREF_VA":4548.17,"PETREF_EXP":7777.95,"QUIMYP_VA":10240.78,"QUIMYP_EXP":13650.06,"FARMED_VA":6857.2,"FARMED_EXP":4756.11,"HUPLAS_VA":6905.72,"HUPLAS_EXP":5484.9,"PRNOMT_VA":12992.12,"PRNOMT_EXP":4641.9,"METBAS_VA":5283.32,"METBAS_EXP":7011.9,"NONFER_VA":1966.21,"NONFER_EXP":3220.26,"PRMETA_VA":16314.22,"PRMETA_EXP":4775.59,"ELCTRO_VA":3059.23,"ELCTRO_EXP":7125.34,"ELCTRI_VA":5905.86,"ELCTRI_EXP":6106.19,"MAQYEQ_VA":8532.38,"MAQYEQ_EXP":9402.7,"AUTOMO_VA":14858.79,"AUTOMO_EXP":34636.89,"OTRTRA_VA":1099.09,"OTRTRA_EXP":480.85,"TRANSP_VA":3008.22,"TRANSP_EXP":446.63,"OTRMAN_VA":12316.28,"OTRMAN_EXP":4317.38,"ELEGAS_VA":19333.19,"ELEGAS_EXP":794.98,"AGUBAS_VA":9251.17,"AGUBAS_EXP":276.33,"CONSTR_VA":127845.98,"CONSTR_EXP":1003.32,"COMREV_VA":125559.35,"COMREV_EXP":30871.15,"TRATIE_VA":27004.48,"TRATIE_EXP":11950.49,"TRAGUA_VA":1016.66,"TRAGUA_EXP":1419.31,"TRAAIR_VA":2943.73,"TRAAIR_EXP":8107.26,"ALMSTR_VA":14513.47,"ALMSTR_EXP":5493.26,"POSTME_VA":3071.62,"POSTME_EXP":226.69,"HOTYRE_VA":71506.42,"HOTYRE_EXP":11722.87,"MMTVRA_VA":11506.78,"MMTVRA_EXP":2499.5,"TELECO_VA":21982.94,"TELECO_EXP":2461.66,"ITSERV_VA":13034.85,"ITSERV_EXP":3632.1,"SERFIN_VA":47694.13,"SERFIN_EXP":5729.38,"GOBEST_VA":87089.51,"GOBEST_EXP":2284.12,"SPRSCT_VA":39885.84,"SPRSCT_EXP":12416.26,"SEAEMP_VA":31848.23,"SEAEMP_EXP":4312.53,"ADPDEF_VA":59296.01,"ADPDEF_EXP":1122.75,"EDUCAC_VA":52402.7,"EDUCAC_EXP":966.56,"SALUDH_VA":56889.48,"SALUDH_EXP":800.15,"ESPARC_VA":18728.95,"ESPARC_EXP":2899.27,"OTRSER_VA":14408.44,"OTRSER_EXP":882.61,"SERHOG_VA":10030.83,"SERHOG_EXP":0.0}},{"type":"Feature","geometry":{"type":"Point","coordinates":[25.01,58.6]},"properties":{"id":"EST","name":"Estonia","continent":"europe","year":2005,"AGRPFO_VA":275.69,"AGRPFO_EXP":56.51,"FORLOG_VA":182.63,"FORLOG_EXP":105.87,"PESCAC_VA":27.86,"PESCAC_EXP":16.51,"MINCOL_VA":8.55,"MINCOL_EXP":0.28,"PETGAS_VA":90.76,"PETGAS_EXP":12.87,"MINORE_VA":0.0,"MINORE_EXP":0.0,"MINOTH_VA":28.01,"MINOTH_EXP":7.32,"MINSER_VA":44.96,"MINSER_EXP":0.28,"ALYBEB_VA":277.78,"ALYBEB_EXP":312.8,"TEXYPR_VA":222.76,"TEXYPR_EXP":382.05,"MADYPR_VA":314.92,"MADYPR_EXP":569.46,"PAPYPR_VA":102.51,"PAPYPR_EXP":71.53,"PETREF_VA":32.51,"PETREF_EXP":29.59,"QUIMYP_VA":108.31,"QUIMYP_EXP":195.57,"FARMED_VA":4.92,"FARMED_EXP":13.8,"HUPLAS_VA":81.64,"HUPLAS_EXP":117.06,"PRNOMT_VA":175.13,"PRNOMT_EXP":104.21,"METBAS_VA":0.15,"METBAS_EXP":0.71,"NONFER_VA":2.93,"NONFER_EXP":13.03,"PRMETA_VA":202.15,"PRMETA_EXP":285.2,"ELCTRO_VA":104.47,"ELCTRO_EXP":214.97,"ELCTRI_VA":92.11,"ELCTRI_EXP":237.17,"MAQYEQ_VA":83.81,"MAQYEQ_EXP":148.39,"AUTOMO_VA":51.97,"AUTOMO_EXP":101.8,"OTRTRA_VA":14.14,"OTRTRA_EXP":38.86,"TRANSP_VA":0.39,"TRANSP_EXP":0.22,"OTRMAN_VA":287.19,"OTRMAN_EXP":349.64,"ELEGAS_VA":363.85,"ELEGAS_EXP":58.68,"AGUBAS_VA":112.01,"AGUBAS_EXP":11.84,"CONSTR_VA":1114.15,"CONSTR_EXP":25.49,"COMREV_VA":1830.24,"COMREV_EXP":718.73,"TRATIE_VA":585.7,"TRATIE_EXP":467.92,"TRAGUA_VA":100.32,"TRAGUA_EXP":272.38,"TRAAIR_VA":34.24,"TRAAIR_EXP":148.19,"ALMSTR_VA":438.03,"ALMSTR_EXP":1007.37,"POSTME_VA":49.0,"POSTME_EXP":45.59,"HOTYRE_VA":224.99,"HOTYRE_EXP":300.59,"MMTVRA_VA":125.12,"MMTVRA_EXP":41.06,"TELECO_VA":336.66,"TELECO_EXP":117.24,"ITSERV_VA":130.41,"ITSERV_EXP":69.14,"SERFIN_VA":521.13,"SERFIN_EXP":140.3,"GOBEST_VA":1211.87,"GOBEST_EXP":58.15,"SPRSCT_VA":573.43,"SPRSCT_EXP":197.56,"SEAEMP_VA":381.13,"SEAEMP_EXP":171.3,"ADPDEF_VA":720.0,"ADPDEF_EXP":13.27,"EDUCAC_VA":586.99,"EDUCAC_EXP":21.66,"SALUDH_VA":394.25,"SALUDH_EXP":15.64,"ESPARC_VA":234.76,"ESPARC_EXP":45.52,"OTRSER_VA":126.33,"OTRSER_EXP":18.22,"SERHOG_VA":4.85,"SERHOG_EXP":0.0}},{"type":"Feature","geometry":{"type":"Point","coordinates":[25.75,61.92]},"properties":{"id":"FIN","name":"Finlandia","continent":"europe","year":2005,"AGRPFO_VA":2152.38,"AGRPFO_EXP":438.07,"FORLOG_VA":2634.91,"FORLOG_EXP":61.4,"PESCAC_VA":94.5,"PESCAC_EXP":5.92,"MINCOL_VA":141.62,"MINCOL_EXP":20.39,"PETGAS_VA":0.0,"PETGAS_EXP":0.0,"MINORE_VA":96.14,"MINORE_EXP":135.85,"MINOTH_VA":415.2,"MINOTH_EXP":142.48,"MINSER_VA":1.34,"MINSER_EXP":0.54,"ALYBEB_VA":2928.8,"ALYBEB_EXP":1138.5,"TEXYPR_VA":736.96,"TEXYPR_EXP":866.1,"MADYPR_VA":1807.41,"MADYPR_EXP":2916.57,"PAPYPR_VA":5895.33,"PAPYPR_EXP":10054.44,"PETREF_VA":1863.68,"PETREF_EXP":2759.42,"QUIMYP_VA":2112.75,"QUIMYP_EXP":3189.68,"FARMED_VA":856.01,"FARMED_EXP":582.7,"HUPLAS_VA":1339.5,"HUPLAS_EXP":1408.76,"PRNOMT_VA":1496.53,"PRNOMT_EXP":790.91,"METBAS_VA":1933.02,"METBAS_EXP":4193.22,"NONFER_VA":524.85,"NONFER_EXP":1642.16,"PRMETA_VA":3075.76,"PRMETA_EXP":1520.18,"ELCTRO_VA":11767.16,"ELCTRO_EXP":15796.61,"ELCTRI_VA":1568.65,"ELCTRI_EXP":2645.63,"MAQYEQ_VA":4393.43,"MAQYEQ_EXP":7441.71,"AUTOMO_VA":623.38,"AUTOMO_EXP":764.34,"OTRTRA_VA":534.41,"OTRTRA_EXP":414.75,"TRANSP_VA":179.88,"TRANSP_EXP":62.38,"OTRMAN_VA":2737.13,"OTRMAN_EXP":666.55,"ELEGAS_VA":3449.89,"ELEGAS_EXP":198.67,"AGUBAS_VA":1220.76,"AGUBAS_EXP":14.08,"CONSTR_VA":12160.75,"CONSTR_EXP":1.77,"COMREV_VA":18266.7,"COMREV_EXP":8488.95,"TRATIE_VA":5435.36,"TRATIE_EXP":875.09,"TRAGUA_VA":1168.4,"TRAGUA_EXP":1635.78,"TRAAIR_VA":952.46,"TRAAIR_EXP":756.09,"ALMSTR_VA":2423.13,"ALMSTR_EXP":571.27,"POSTME_VA":1155.17,"POSTME_EXP":203.32,"HOTYRE_VA":2942.62,"HOTYRE_EXP":542.02,"MMTVRA_VA":2347.45,"MMTVRA_EXP":541.83,"TELECO_VA":3098.43,"TELECO_EXP":117.33,"ITSERV_VA":3822.04,"ITSERV_EXP":855.1,"SERFIN_VA":5335.23,"SERFIN_EXP":218.96,"GOBEST_VA":18720.78,"GOBEST_EXP":169.23,"SPRSCT_VA":7628.2,"SPRSCT_EXP":2923.4,"SEAEMP_VA":4489.08,"SEAEMP_EXP":461.47,"ADPDEF_VA":11105.86,"ADPDEF_EXP":65.58,"EDUCAC_VA":9685.0,"EDUCAC_EXP":52.53,"SALUDH_VA":14943.08,"SALUDH_EXP":41.19,"ESPARC_VA":2086.93,"ESPARC_EXP":97.71,"OTRSER_VA":2789.03,"OTRSER_EXP":50.52,"SERHOG_VA":152.93,"SERHOG_EXP":0.0}},{"type":"Feature","geometry":{"type":"Point","coordinates":[2.21,46.23]},"properties":{"id":"FRA","name":"Francia","continent":"europe","year":2005,"AGRPFO_VA":33438.01,"AGRPFO_EXP":9851.48,"FORLOG_VA":2717.37,"FORLOG_EXP":215.04,"PESCAC_VA":1574.46,"PESCAC_EXP":522.57,"MINCOL_VA":13.38,"MINCOL_EXP":3.86,"PETGAS_VA":280.62,"PETGAS_EXP":206.84,"MINORE_VA":22.0,"MINORE_EXP":9.76,"MINOTH_VA":2502.18,"MINOTH_EXP":497.16,"MINSER_VA":55.21,"MINSER_EXP":57.7,"ALYBEB_VA":44379.66,"ALYBEB_EXP":26332.1,"TEXYPR_VA":9502.43,"TEXYPR_EXP":12705.37,"MADYPR_VA":4269.77,"MADYPR_EXP":1820.44,"PAPYPR_VA":13931.31,"PAPYPR_EXP":6437.01,"PETREF_VA":4291.89,"PETREF_EXP":12222.09,"QUIMYP_VA":15480.38,"QUIMYP_EXP":35424.08,"FARMED_VA":15487.26,"FARMED_EXP":14245.49,"HUPLAS_VA":16503.64,"HUPLAS_EXP":10214.87,"PRNOMT_VA":11140.9,"PRNOMT_EXP":4416.76,"METBAS_VA":5383.2,"METBAS_EXP":13956.17,"NONFER_VA":4659.97,"NONFER_EXP":6950.71,"PRMETA_VA":26555.52,"PRMETA_EXP":6914.46,"ELCTRO_VA":14267.31,"ELCTRO_EXP":30167.95,"ELCTRI_VA":10596.5,"ELCTRI_EXP":13531.82,"MAQYEQ_VA":18371.82,"MAQYEQ_EXP":29654.95,"AUTOMO_VA":22601.52,"AUTOMO_EXP":54091.02,"OTRTRA_VA":1918.25,"OTRTRA_EXP":1543.5,"TRANSP_VA":10976.49,"TRANSP_EXP":20202.17,"OTRMAN_VA":34346.98,"OTRMAN_EXP":6797.24,"ELEGAS_VA":38510.85,"ELEGAS_EXP":4219.1,"AGUBAS_VA":13291.06,"AGUBAS_EXP":1179.77,"CONSTR_VA":112156.91,"CONSTR_EXP":54.86,"COMREV_VA":227872.73,"COMREV_EXP":78443.72,"TRATIE_VA":42265.53,"TRATIE_EXP":16203.71,"TRAGUA_VA":3267.04,"TRAGUA_EXP":8569.27,"TRAAIR_VA":4530.87,"TRAAIR_EXP":13302.86,"ALMSTR_VA":32980.42,"ALMSTR_EXP":6637.9,"POSTME_VA":10761.41,"POSTME_EXP":758.64,"HOTYRE_VA":42353.72,"HOTYRE_EXP":19371.2,"MMTVRA_VA":25500.68,"MMTVRA_EXP":4718.66,"TELECO_VA":38311.13,"TELECO_EXP":3756.24,"ITSERV_VA":47305.86,"ITSERV_EXP":2059.86,"SERFIN_VA":77097.32,"SERFIN_EXP":10534.52,"GOBEST_VA":263407.44,"GOBEST_EXP":3267.42,"SPRSCT_VA":148541.16,"SPRSCT_EXP":23773.74,"SEAEMP_VA":107948.3,"SEAEMP_EXP":19536.02,"ADPDEF_VA":160696.61,"ADPDEF_EXP":1860.2,"EDUCAC_VA":105246.22,"EDUCAC_EXP":1396.77,"SALUDH_VA":155805.91,"SALUDH_EXP":1662.0,"ESPARC_VA":24956.3,"ESPARC_EXP":2704.28,"OTRSER_VA":30950.78,"OTRSER_EXP":999.11,"SERHOG_VA":5686.61,"SERHOG_EXP":0.0}},{"type":"Feature","geometry":{"type":"Point","coordinates":[-3.44,55.38]},"properties":{"id":"GBR","name":"Reino Unido","continent":"europe","year":2005,"AGRPFO_VA":13381.77,"AGRPFO_EXP":1844.17,"FORLOG_VA":475.97,"FORLOG_EXP":80.17,"PESCAC_VA":989.44,"PESCAC_EXP":535.13,"MINCOL_VA":254.15,"MINCOL_EXP":69.56,"PETGAS_VA":37471.55,"PETGAS_EXP":21395.47,"MINORE_VA":0.0,"MINORE_EXP":0.0,"MINOTH_VA":2806.06,"MINOTH_EXP":3589.02,"MINSER_VA":2465.31,"MINSER_EXP":624.3,"ALYBEB_VA":44746.0,"ALYBEB_EXP":16475.92,"TEXYPR_VA":8446.63,"TEXYPR_EXP":6421.03,"MADYPR_VA":4453.95,"MADYPR_EXP":820.24,"PAPYPR_VA":16369.37,"PAPYPR_EXP":4014.55,"PETREF_VA":3028.98,"PETREF_EXP":12899.45,"QUIMYP_VA":16889.16,"QUIMYP_EXP":25875.35,"FARMED_VA":19719.66,"FARMED_EXP":12371.38,"HUPLAS_VA":14638.58,"HUPLAS_EXP":7237.3,"PRNOMT_VA":10750.86,"PRNOMT_EXP":3104.45,"METBAS_VA":3441.98,"METBAS_EXP":7186.95,"NONFER_VA":6184.25,"NONFER_EXP":7305.58,"PRMETA_VA":23873.19,"PRMETA_EXP":8588.08,"ELCTRO_VA":17393.91,"ELCTRO_EXP":19234.73,"ELCTRI_VA":8678.82,"ELCTRI_EXP":9418.29,"MAQYEQ_VA":21997.89,"MAQYEQ_EXP":24262.53,"AUTOMO_VA":15609.92,"AUTOMO_EXP":30116.56,"OTRTRA_VA":1730.17,"OTRTRA_EXP":664.25,"TRANSP_VA":15198.22,"TRANSP_EXP":16946.28,"OTRMAN_VA":24040.73,"OTRMAN_EXP":10918.17,"ELEGAS_VA":27328.8,"ELEGAS_EXP":399.38,"AGUBAS_VA":30753.06,"AGUBAS_EXP":211.53,"CONSTR_VA":153739.64,"CONSTR_EXP":372.14,"COMREV_VA":262746.2,"COMREV_EXP":61928.4,"TRATIE_VA":42337.49,"TRATIE_EXP":7555.71,"TRAGUA_VA":9155.12,"TRAGUA_EXP":11794.2,"TRAAIR_VA":8438.21,"TRAAIR_EXP":11045.07,"ALMSTR_VA":26348.1,"ALMSTR_EXP":4271.35,"POSTME_VA":17600.31,"POSTME_EXP":1055.45,"HOTYRE_VA":66290.01,"HOTYRE_EXP":7801.74,"MMTVRA_VA":40803.56,"MMTVRA_EXP":15952.93,"TELECO_VA":46309.89,"TELECO_EXP":5570.55,"ITSERV_VA":58491.9,"ITSERV_EXP":14455.12,"SERFIN_VA":195071.43,"SERFIN_EXP":81683.61,"GOBEST_VA":295897.46,"GOBEST_EXP":1795.71,"SPRSCT_VA":150881.17,"SPRSCT_EXP":42672.17,"SEAEMP_VA":93647.62,"SEAEMP_EXP":24463.35,"ADPDEF_VA":128946.08,"ADPDEF_EXP":13.31,"EDUCAC_VA":132429.64,"EDUCAC_EXP":8857.04,"SALUDH_VA":162748.06,"SALUDH_EXP":316.12,"ESPARC_VA":34466.31,"ESPARC_EXP":5652.92,"OTRSER_VA":35343.91,"OTRSER_EXP":576.06,"SERHOG_VA":3565.05,"SERHOG_EXP":0.0}},{"type":"Feature","geometry":{"type":"Point","coordinates":[21.82,39.07]},"properties":{"id":"GRC","name":"Grecia","continent":"europe","year":2005,"AGRPFO_VA":10316.58,"AGRPFO_EXP":1562.71,"FORLOG_VA":68.09,"FORLOG_EXP":6.16,"PESCAC_VA":859.71,"PESCAC_EXP":300.27,"MINCOL_VA":62.15,"MINCOL_EXP":4.81,"PETGAS_VA":7.36,"PETGAS_EXP":0.26,"MINORE_VA":96.23,"MINORE_EXP":39.67,"MINOTH_VA":943.28,"MINOTH_EXP":136.54,"MINSER_VA":21.92,"MINSER_EXP":8.34,"ALYBEB_VA":6303.27,"ALYBEB_EXP":2305.65,"TEXYPR_VA":1755.47,"TEXYPR_EXP":1948.92,"MADYPR_VA":846.16,"MADYPR_EXP":91.48,"PAPYPR_VA":2074.94,"PAPYPR_EXP":229.71,"PETREF_VA":1081.94,"PETREF_EXP":2397.67,"QUIMYP_VA":1045.49,"QUIMYP_EXP":1021.24,"FARMED_VA":1604.58,"FARMED_EXP":795.34,"HUPLAS_VA":626.21,"HUPLAS_EXP":420.04,"PRNOMT_VA":1918.33,"PRNOMT_EXP":363.41,"METBAS_VA":947.78,"METBAS_EXP":722.65,"NONFER_VA":687.5,"NONFER_EXP":1048.53,"PRMETA_VA":2256.89,"PRMETA_EXP":567.46,"ELCTRO_VA":361.37,"ELCTRO_EXP":462.48,"ELCTRI_VA":539.48,"ELCTRI_EXP":482.07,"MAQYEQ_VA":677.0,"MAQYEQ_EXP":608.12,"AUTOMO_VA":133.75,"AUTOMO_EXP":140.08,"OTRTRA_VA":293.83,"OTRTRA_EXP":131.41,"TRANSP_VA":147.11,"TRANSP_EXP":171.87,"OTRMAN_VA":1621.53,"OTRMAN_EXP":346.2,"ELEGAS_VA":3880.17,"ELEGAS_EXP":20.74,"AGUBAS_VA":2828.8,"AGUBAS_EXP":2.57,"CONSTR_VA":15903.2,"CONSTR_EXP":3.49,"COMREV_VA":28609.76,"COMREV_EXP":5553.5,"TRATIE_VA":4689.25,"TRATIE_EXP":1270.47,"TRAGUA_VA":9312.59,"TRAGUA_EXP":13935.17,"TRAAIR_VA":441.4,"TRAAIR_EXP":828.46,"ALMSTR_VA":1915.55,"ALMSTR_EXP":682.11,"POSTME_VA":746.67,"POSTME_EXP":38.39,"HOTYRE_VA":12169.97,"HOTYRE_EXP":5381.6,"MMTVRA_VA":1609.9,"MMTVRA_EXP":202.58,"TELECO_VA":4133.04,"TELECO_EXP":546.51,"ITSERV_VA":787.85,"ITSERV_EXP":143.13,"SERFIN_VA":11188.51,"SERFIN_EXP":485.13,"GOBEST_VA":28978.5,"GOBEST_EXP":667.75,"SPRSCT_VA":10317.37,"SPRSCT_EXP":827.1,"SEAEMP_VA":4272.79,"SEAEMP_EXP":1108.69,"ADPDEF_VA":19479.79,"ADPDEF_EXP":22.04,"EDUCAC_VA":11951.88,"EDUCAC_EXP":226.74,"SALUDH_VA":10676.91,"SALUDH_EXP":188.94,"ESPARC_VA":3366.57,"ESPARC_EXP":468.51,"OTRSER_VA":2817.89,"OTRSER_EXP":216.8,"SERHOG_VA":1532.43,"SERHOG_EXP":0.0}},{"type":"Feature","geometry":{"type":"Point","coordinates":[114.11,22.4]},"properties":{"id":"HKG","name":"Hong Kong","continent":"asia","year":2005,"AGRPFO_VA":92.27,"AGRPFO_EXP":18.04,"FORLOG_VA":11.0,"FORLOG_EXP":9.29,"PESCAC_VA":18.07,"PESCAC_EXP":4.86,"MINCOL_VA":0.0,"MINCOL_EXP":0.0,"PETGAS_VA":0.0,"PETGAS_EXP":0.0,"MINORE_VA":0.0,"MINORE_EXP":0.0,"MINOTH_VA":0.0,"MINOTH_EXP":0.0,"MINSER_VA":18.41,"MINSER_EXP":22.21,"ALYBEB_VA":2802.94,"ALYBEB_EXP":3041.92,"TEXYPR_VA":818.81,"TEXYPR_EXP":491.41,"MADYPR_VA":367.22,"MADYPR_EXP":326.76,"PAPYPR_VA":211.69,"PAPYPR_EXP":441.06,"PETREF_VA":61.02,"PETREF_EXP":15.69,"QUIMYP_VA":230.98,"QUIMYP_EXP":452.16,"FARMED_VA":214.8,"FARMED_EXP":162.07,"HUPLAS_VA":41.29,"HUPLAS_EXP":0.23,"PRNOMT_VA":54.0,"PRNOMT_EXP":49.38,"METBAS_VA":34.95,"METBAS_EXP":158.86,"NONFER_VA":160.06,"NONFER_EXP":162.06,"PRMETA_VA":105.08,"PRMETA_EXP":408.27,"ELCTRO_VA":656.34,"ELCTRO_EXP":1907.78,"ELCTRI_VA":277.87,"ELCTRI_EXP":539.15,"MAQYEQ_VA":89.69,"MAQYEQ_EXP":606.18,"AUTOMO_VA":72.79,"AUTOMO_EXP":302.25,"OTRTRA_VA":16.94,"OTRTRA_EXP":120.49,"TRANSP_VA":29.68,"TRANSP_EXP":252.55,"OTRMAN_VA":263.0,"OTRMAN_EXP":105.54,"ELEGAS_VA":4664.86,"ELEGAS_EXP":265.39,"AGUBAS_VA":2007.3,"AGUBAS_EXP":51.6,"CONSTR_VA":4839.61,"CONSTR_EXP":100.41,"COMREV_VA":44267.52,"COMREV_EXP":13544.53,"TRATIE_VA":4736.9,"TRATIE_EXP":1863.3,"TRAGUA_VA":3525.96,"TRAGUA_EXP":5391.4,"TRAAIR_VA":5088.69,"TRAAIR_EXP":10552.82,"ALMSTR_VA":308.91,"ALMSTR_EXP":123.25,"POSTME_VA":711.73,"POSTME_EXP":100.57,"HOTYRE_VA":4770.86,"HOTYRE_EXP":4554.65,"MMTVRA_VA":551.74,"MMTVRA_EXP":502.54,"TELECO_VA":5677.6,"TELECO_EXP":1302.17,"ITSERV_VA":1666.13,"ITSERV_EXP":793.9,"SERFIN_VA":23528.02,"SERFIN_EXP":24744.01,"GOBEST_VA":25068.74,"GOBEST_EXP":775.83,"SPRSCT_VA":3580.2,"SPRSCT_EXP":1296.65,"SEAEMP_VA":2469.38,"SEAEMP_EXP":602.96,"ADPDEF_VA":10229.6,"ADPDEF_EXP":72.37,"EDUCAC_VA":12178.12,"EDUCAC_EXP":974.96,"SALUDH_VA":6917.21,"SALUDH_EXP":202.28,"ESPARC_VA":1021.03,"ESPARC_EXP":1666.58,"OTRSER_VA":2842.51,"OTRSER_EXP":254.93,"SERHOG_VA":2327.64,"SERHOG_EXP":0.0}},{"type":"Feature","geometry":{"type":"Point","coordinates":[15.2,45.1]},"properties":{"id":"HRV","name":"Croacia","continent":"europe","year":2005,"AGRPFO_VA":1518.99,"AGRPFO_EXP":488.59,"FORLOG_VA":190.94,"FORLOG_EXP":24.98,"PESCAC_VA":94.87,"PESCAC_EXP":38.02,"MINCOL_VA":1.28,"MINCOL_EXP":0.15,"PETGAS_VA":125.09,"PETGAS_EXP":51.63,"MINORE_VA":1.53,"MINORE_EXP":0.17,"MINOTH_VA":92.43,"MINOTH_EXP":25.68,"MINSER_VA":160.18,"MINSER_EXP":77.03,"ALYBEB_VA":1597.32,"ALYBEB_EXP":1193.27,"TEXYPR_VA":477.33,"TEXYPR_EXP":412.01,"MADYPR_VA":215.09,"MADYPR_EXP":140.52,"PAPYPR_VA":295.89,"PAPYPR_EXP":88.1,"PETREF_VA":1015.85,"PETREF_EXP":763.64,"QUIMYP_VA":242.69,"QUIMYP_EXP":184.94,"FARMED_VA":344.17,"FARMED_EXP":93.12,"HUPLAS_VA":174.74,"HUPLAS_EXP":42.57,"PRNOMT_VA":494.82,"PRNOMT_EXP":177.06,"METBAS_VA":68.76,"METBAS_EXP":60.82,"NONFER_VA":36.0,"NONFER_EXP":111.68,"PRMETA_VA":521.35,"PRMETA_EXP":168.45,"ELCTRO_VA":289.83,"ELCTRO_EXP":147.14,"ELCTRI_VA":293.98,"ELCTRI_EXP":201.99,"MAQYEQ_VA":288.55,"MAQYEQ_EXP":223.41,"AUTOMO_VA":72.55,"AUTOMO_EXP":98.44,"OTRTRA_VA":174.86,"OTRTRA_EXP":353.21,"TRANSP_VA":50.74,"TRANSP_EXP":41.36,"OTRMAN_VA":368.71,"OTRMAN_EXP":406.41,"ELEGAS_VA":848.7,"ELEGAS_EXP":69.32,"AGUBAS_VA":486.94,"AGUBAS_EXP":32.28,"CONSTR_VA":3005.1,"CONSTR_EXP":133.82,"COMREV_VA":5033.42,"COMREV_EXP":1415.88,"TRATIE_VA":1186.69,"TRATIE_EXP":932.89,"TRAGUA_VA":250.94,"TRAGUA_EXP":241.75,"TRAAIR_VA":89.85,"TRAAIR_EXP":219.22,"ALMSTR_VA":466.35,"ALMSTR_EXP":254.87,"POSTME_VA":173.55,"POSTME_EXP":10.91,"HOTYRE_VA":1645.58,"HOTYRE_EXP":1668.22,"MMTVRA_VA":427.03,"MMTVRA_EXP":128.5,"TELECO_VA":1201.56,"TELECO_EXP":351.54,"ITSERV_VA":270.79,"ITSERV_EXP":45.55,"SERFIN_VA":2270.56,"SERFIN_EXP":338.62,"GOBEST_VA":3268.69,"GOBEST_EXP":245.28,"SPRSCT_VA":1973.65,"SPRSCT_EXP":717.0,"SEAEMP_VA":581.48,"SEAEMP_EXP":230.27,"ADPDEF_VA":2900.3,"ADPDEF_EXP":37.26,"EDUCAC_VA":1725.84,"EDUCAC_EXP":120.23,"SALUDH_VA":1659.07,"SALUDH_EXP":101.83,"ESPARC_VA":472.88,"ESPARC_EXP":474.87,"OTRSER_VA":554.63,"OTRSER_EXP":120.93,"SERHOG_VA":76.46,"SERHOG_EXP":0.0}},{"type":"Feature","geometry":{"type":"Point","coordinates":[19.5,47.16]},"properties":{"id":"HUN","name":"Hungría","continent":"europe","year":2005,"AGRPFO_VA":4151.86,"AGRPFO_EXP":1482.56,"FORLOG_VA":205.08,"FORLOG_EXP":85.7,"PESCAC_VA":12.43,"PESCAC_EXP":4.96,"MINCOL_VA":4.15,"MINCOL_EXP":9.2,"PETGAS_VA":15.28,"PETGAS_EXP":16.2,"MINORE_VA":9.52,"MINORE_EXP":1.57,"MINOTH_VA":194.83,"MINOTH_EXP":32.33,"MINSER_VA":24.94,"MINSER_EXP":7.85,"ALYBEB_VA":2468.08,"ALYBEB_EXP":2369.15,"TEXYPR_VA":776.29,"TEXYPR_EXP":1511.35,"MADYPR_VA":358.9,"MADYPR_EXP":408.53,"PAPYPR_VA":751.38,"PAPYPR_EXP":670.84,"PETREF_VA":2249.11,"PETREF_EXP":1564.94,"QUIMYP_VA":778.71,"QUIMYP_EXP":2152.15,"FARMED_VA":1365.46,"FARMED_EXP":1131.29,"HUPLAS_VA":958.47,"HUPLAS_EXP":1728.11,"PRNOMT_VA":947.7,"PRNOMT_EXP":570.34,"METBAS_VA":421.4,"METBAS_EXP":870.74,"NONFER_VA":440.27,"NONFER_EXP":938.75,"PRMETA_VA":1382.85,"PRMETA_EXP":1649.33,"ELCTRO_VA":2868.24,"ELCTRO_EXP":15465.78,"ELCTRI_VA":2269.51,"ELCTRI_EXP":4784.18,"MAQYEQ_VA":1135.55,"MAQYEQ_EXP":2950.88,"AUTOMO_VA":3363.07,"AUTOMO_EXP":9753.67,"OTRTRA_VA":1.9,"OTRTRA_EXP":3.69,"TRANSP_VA":122.67,"TRANSP_EXP":175.27,"OTRMAN_VA":933.1,"OTRMAN_EXP":853.96,"ELEGAS_VA":2796.17,"ELEGAS_EXP":234.37,"AGUBAS_VA":1123.97,"AGUBAS_EXP":24.58,"CONSTR_VA":5892.21,"CONSTR_EXP":225.58,"COMREV_VA":10283.44,"COMREV_EXP":5869.9,"TRATIE_VA":3720.57,"TRATIE_EXP":1757.31,"TRAGUA_VA":114.58,"TRAGUA_EXP":51.77,"TRAAIR_VA":105.46,"TRAAIR_EXP":542.75,"ALMSTR_VA":1137.15,"ALMSTR_EXP":924.36,"POSTME_VA":658.4,"POSTME_EXP":84.14,"HOTYRE_VA":2069.53,"HOTYRE_EXP":1237.41,"MMTVRA_VA":1183.93,"MMTVRA_EXP":426.78,"TELECO_VA":2741.58,"TELECO_EXP":419.16,"ITSERV_VA":1239.4,"ITSERV_EXP":320.74,"SERFIN_VA":4209.81,"SERFIN_EXP":264.24,"GOBEST_VA":7833.34,"GOBEST_EXP":314.49,"SPRSCT_VA":5024.6,"SPRSCT_EXP":1733.3,"SEAEMP_VA":3137.8,"SEAEMP_EXP":567.94,"ADPDEF_VA":8414.47,"ADPDEF_EXP":27.66,"EDUCAC_VA":5302.98,"EDUCAC_EXP":81.63,"SALUDH_VA":4512.97,"SALUDH_EXP":63.96,"ESPARC_VA":1195.37,"ESPARC_EXP":136.5,"OTRSER_VA":1707.76,"OTRSER_EXP":80.9,"SERHOG_VA":16.03,"SERHOG_EXP":0.0}},{"type":"Feature","geometry":{"type":"Point","coordinates":[113.92,-0.79]},"properties":{"id":"IDN","name":"Indonesia","continent":"asia","year":2005,"AGRPFO_VA":32020.5,"AGRPFO_EXP":2306.19,"FORLOG_VA":2467.68,"FORLOG_EXP":24.34,"PESCAC_VA":6094.08,"PESCAC_EXP":357.38,"MINCOL_VA":6826.92,"MINCOL_EXP":3966.83,"PETGAS_VA":14333.02,"PETGAS_EXP":16764.13,"MINORE_VA":4662.49,"MINORE_EXP":4915.47,"MINOTH_VA":3360.88,"MINOTH_EXP":181.73,"MINSER_VA":1428.65,"MINSER_EXP":49.34,"ALYBEB_VA":17265.82,"ALYBEB_EXP":7617.31,"TEXYPR_VA":4973.34,"TEXYPR_EXP":9286.57,"MADYPR_VA":2259.58,"MADYPR_EXP":2923.58,"PAPYPR_VA":2830.12,"PAPYPR_EXP":2738.2,"PETREF_VA":9551.6,"PETREF_EXP":2071.29,"QUIMYP_VA":3841.86,"QUIMYP_EXP":3808.65,"FARMED_VA":844.48,"FARMED_EXP":224.06,"HUPLAS_VA":2761.5,"HUPLAS_EXP":3047.42,"PRNOMT_VA":2082.77,"PRNOMT_EXP":836.04,"METBAS_VA":1149.02,"METBAS_EXP":842.17,"NONFER_VA":1078.46,"NONFER_EXP":2119.98,"PRMETA_VA":5548.2,"PRMETA_EXP":1139.55,"ELCTRO_VA":1947.4,"ELCTRO_EXP":5368.89,"ELCTRI_VA":1482.3,"ELCTRI_EXP":2369.0,"MAQYEQ_VA":1039.61,"MAQYEQ_EXP":2261.17,"AUTOMO_VA":5537.06,"AUTOMO_EXP":742.8,"OTRTRA_VA":215.99,"OTRTRA_EXP":378.25,"TRANSP_VA":219.21,"TRANSP_EXP":563.55,"OTRMAN_VA":1479.78,"OTRMAN_EXP":1873.84,"ELEGAS_VA":3137.35,"ELEGAS_EXP":4.49,"AGUBAS_VA":225.92,"AGUBAS_EXP":0.18,"CONSTR_VA":27755.44,"CONSTR_EXP":254.37,"COMREV_VA":50224.11,"COMREV_EXP":8946.56,"TRATIE_VA":5968.2,"TRATIE_EXP":1105.08,"TRAGUA_VA":1294.62,"TRAGUA_EXP":1455.93,"TRAAIR_VA":1667.41,"TRAAIR_EXP":1023.55,"ALMSTR_VA":1394.16,"ALMSTR_EXP":951.26,"POSTME_VA":298.35,"POSTME_EXP":304.3,"HOTYRE_VA":8665.08,"HOTYRE_EXP":1090.76,"MMTVRA_VA":2088.43,"MMTVRA_EXP":332.83,"TELECO_VA":7971.64,"TELECO_EXP":469.57,"ITSERV_VA":827.59,"ITSERV_EXP":130.53,"SERFIN_VA":10186.99,"SERFIN_EXP":559.36,"GOBEST_VA":7833.5,"GOBEST_EXP":166.08,"SPRSCT_VA":1952.25,"SPRSCT_EXP":1288.56,"SEAEMP_VA":1759.12,"SEAEMP_EXP":1504.5,"ADPDEF_VA":11076.5,"ADPDEF_EXP":0.14,"EDUCAC_VA":8595.48,"EDUCAC_EXP":46.31,"SALUDH_VA":2563.26,"SALUDH_EXP":37.39,"ESPARC_VA":908.87,"ESPARC_EXP":159.54,"OTRSER_VA":6092.3,"OTRSER_EXP":48.12,"SERHOG_VA":1390.48,"SERHOG_EXP":0.0}},{"type":"Feature","geometry":{"type":"Point","coordinates":[78.96,20.59]},"properties":{"id":"IND","name":"India","continent":"asia","year":2005,"AGRPFO_VA":116417.65,"AGRPFO_EXP":1929.06,"FORLOG_VA":16811.17,"FORLOG_EXP":1467.08,"PESCAC_VA":6961.21,"PESCAC_EXP":85.93,"MINCOL_VA":5404.97,"MINCOL_EXP":112.66,"PETGAS_VA":9839.4,"PETGAS_EXP":17.66,"MINORE_VA":2729.54,"MINORE_EXP":1632.5,"MINOTH_VA":377.03,"MINOTH_EXP":352.12,"MINSER_VA":4404.45,"MINSER_EXP":50.91,"ALYBEB_VA":20184.33,"ALYBEB_EXP":7112.75,"TEXYPR_VA":15874.93,"TEXYPR_EXP":12343.53,"MADYPR_VA":2005.16,"MADYPR_EXP":667.75,"PAPYPR_VA":3512.93,"PAPYPR_EXP":345.05,"PETREF_VA":12346.85,"PETREF_EXP":11742.82,"QUIMYP_VA":9651.46,"QUIMYP_EXP":5862.92,"FARMED_VA":6812.92,"FARMED_EXP":2783.46,"HUPLAS_VA":6692.22,"HUPLAS_EXP":1932.39,"PRNOMT_VA":7211.24,"PRNOMT_EXP":657.69,"METBAS_VA":9949.91,"METBAS_EXP":5099.05,"NONFER_VA":8130.33,"NONFER_EXP":1795.46,"PRMETA_VA":6444.27,"PRMETA_EXP":1928.17,"ELCTRO_VA":3235.8,"ELCTRO_EXP":1399.72,"ELCTRI_VA":5679.48,"ELCTRI_EXP":2613.18,"MAQYEQ_VA":10079.69,"MAQYEQ_EXP":4438.15,"AUTOMO_VA":9248.65,"AUTOMO_EXP":2775.32,"OTRTRA_VA":734.02,"OTRTRA_EXP":550.71,"TRANSP_VA":2803.75,"TRANSP_EXP":1603.9,"OTRMAN_VA":3969.12,"OTRMAN_EXP":8534.68,"ELEGAS_VA":15937.37,"ELEGAS_EXP":135.92,"AGUBAS_VA":2623.78,"AGUBAS_EXP":1.45,"CONSTR_VA":73734.15,"CONSTR_EXP":425.29,"COMREV_VA":70330.29,"COMREV_EXP":9803.24,"TRATIE_VA":35700.99,"TRATIE_EXP":4413.06,"TRAGUA_VA":820.78,"TRAGUA_EXP":553.6,"TRAAIR_VA":535.87,"TRAAIR_EXP":1561.39,"ALMSTR_VA":6561.0,"ALMSTR_EXP":2908.54,"POSTME_VA":3006.82,"POSTME_EXP":72.62,"HOTYRE_VA":8093.76,"HOTYRE_EXP":2777.45,"MMTVRA_VA":3702.17,"MMTVRA_EXP":2240.89,"TELECO_VA":9207.94,"TELECO_EXP":638.67,"ITSERV_VA":21466.62,"ITSERV_EXP":21596.31,"SERFIN_VA":39993.51,"SERFIN_EXP":2240.46,"GOBEST_VA":54201.56,"GOBEST_EXP":956.38,"SPRSCT_VA":2254.99,"SPRSCT_EXP":2628.78,"SEAEMP_VA":17148.12,"SEAEMP_EXP":10394.38,"ADPDEF_VA":42329.91,"ADPDEF_EXP":168.66,"EDUCAC_VA":22111.11,"EDUCAC_EXP":138.04,"SALUDH_VA":11077.33,"SALUDH_EXP":112.3,"ESPARC_VA":1575.54,"ESPARC_EXP":301.44,"OTRSER_VA":7689.5,"OTRSER_EXP":141.19,"SERHOG_VA":1312.78,"SERHOG_EXP":0.0}},{"type":"Feature","geometry":{"type":"Point","coordinates":[-7.69,53.14]},"properties":{"id":"IRL","name":"Irlanda","continent":"europe","year":2005,"AGRPFO_VA":2014.59,"AGRPFO_EXP":676.48,"FORLOG_VA":77.21,"FORLOG_EXP":33.26,"PESCAC_VA":171.03,"PESCAC_EXP":187.04,"MINCOL_VA":9.62,"MINCOL_EXP":4.79,"PETGAS_VA":34.04,"PETGAS_EXP":0.53,"MINORE_VA":385.93,"MINORE_EXP":422.56,"MINOTH_VA":314.23,"MINOTH_EXP":133.57,"MINSER_VA":15.83,"MINSER_EXP":81.17,"ALYBEB_VA":7537.52,"ALYBEB_EXP":15298.89,"TEXYPR_VA":387.94,"TEXYPR_EXP":546.26,"MADYPR_VA":609.41,"MADYPR_EXP":590.11,"PAPYPR_VA":1442.48,"PAPYPR_EXP":1408.27,"PETREF_VA":140.65,"PETREF_EXP":402.41,"QUIMYP_VA":899.06,"QUIMYP_EXP":1307.67,"FARMED_VA":16306.64,"FARMED_EXP":23816.53,"HUPLAS_VA":894.92,"HUPLAS_EXP":1056.38,"PRNOMT_VA":1318.56,"PRNOMT_EXP":404.37,"METBAS_VA":259.15,"METBAS_EXP":381.93,"NONFER_VA":53.37,"NONFER_EXP":476.21,"PRMETA_VA":1117.74,"PRMETA_EXP":835.06,"ELCTRO_VA":6986.09,"ELCTRO_EXP":28199.88,"ELCTRI_VA":341.65,"ELCTRI_EXP":723.17,"MAQYEQ_VA":1692.99,"MAQYEQ_EXP":2181.79,"AUTOMO_VA":330.92,"AUTOMO_EXP":515.35,"OTRTRA_VA":12.03,"OTRTRA_EXP":13.67,"TRANSP_VA":217.26,"TRANSP_EXP":318.71,"OTRMAN_VA":4284.74,"OTRMAN_EXP":1823.11,"ELEGAS_VA":2065.33,"ELEGAS_EXP":59.02,"AGUBAS_VA":1225.45,"AGUBAS_EXP":0.39,"CONSTR_VA":18962.68,"CONSTR_EXP":10.43,"COMREV_VA":19025.23,"COMREV_EXP":10349.73,"TRATIE_VA":3040.05,"TRATIE_EXP":1604.15,"TRAGUA_VA":279.53,"TRAGUA_EXP":397.44,"TRAAIR_VA":1092.71,"TRAAIR_EXP":540.02,"ALMSTR_VA":1487.48,"ALMSTR_EXP":279.99,"POSTME_VA":1015.18,"POSTME_EXP":962.91,"HOTYRE_VA":4451.24,"HOTYRE_EXP":1715.76,"MMTVRA_VA":4736.74,"MMTVRA_EXP":4574.79,"TELECO_VA":3359.64,"TELECO_EXP":366.65,"ITSERV_VA":5175.67,"ITSERV_EXP":12407.54,"SERFIN_VA":19361.25,"SERFIN_EXP":18490.61,"GOBEST_VA":12696.9,"GOBEST_EXP":752.79,"SPRSCT_VA":8584.58,"SPRSCT_EXP":7037.41,"SEAEMP_VA":7100.12,"SEAEMP_EXP":5010.87,"ADPDEF_VA":7590.83,"ADPDEF_EXP":0.05,"EDUCAC_VA":8694.7,"EDUCAC_EXP":115.05,"SALUDH_VA":12326.55,"SALUDH_EXP":49.71,"ESPARC_VA":2535.33,"ESPARC_EXP":195.06,"OTRSER_VA":1369.38,"OTRSER_EXP":48.58,"SERHOG_VA":179.31,"SERHOG_EXP":0.0}},{"type":"Feature","geometry":{"type":"Point","coordinates":[-19.02,64.96]},"properties":{"id":"ISL","name":"Islandia","continent":"europe","year":2005,"AGRPFO_VA":149.04,"AGRPFO_EXP":13.54,"FORLOG_VA":0.71,"FORLOG_EXP":0.08,"PESCAC_VA":632.85,"PESCAC_EXP":335.59,"MINCOL_VA":0.03,"MINCOL_EXP":0.0,"PETGAS_VA":0.54,"PETGAS_EXP":0.04,"MINORE_VA":0.0,"MINORE_EXP":0.0,"MINOTH_VA":17.37,"MINOTH_EXP":3.46,"MINSER_VA":0.05,"MINSER_EXP":0.0,"ALYBEB_VA":814.39,"ALYBEB_EXP":1159.17,"TEXYPR_VA":22.66,"TEXYPR_EXP":18.01,"MADYPR_VA":29.71,"MADYPR_EXP":0.31,"PAPYPR_VA":55.96,"PAPYPR_EXP":4.79,"PETREF_VA":0.08,"PETREF_EXP":0.01,"QUIMYP_VA":42.67,"QUIMYP_EXP":18.2,"FARMED_VA":51.64,"FARMED_EXP":6.66,"HUPLAS_VA":43.19,"HUPLAS_EXP":11.09,"PRNOMT_VA":106.41,"PRNOMT_EXP":2.16,"METBAS_VA":44.77,"METBAS_EXP":25.99,"NONFER_VA":315.98,"NONFER_EXP":474.65,"PRMETA_VA":116.89,"PRMETA_EXP":4.12,"ELCTRO_VA":4.46,"ELCTRO_EXP":0.35,"ELCTRI_VA":9.16,"ELCTRI_EXP":0.92,"MAQYEQ_VA":71.45,"MAQYEQ_EXP":56.65,"AUTOMO_VA":6.65,"AUTOMO_EXP":0.89,"OTRTRA_VA":1.8,"OTRTRA_EXP":3.0,"TRANSP_VA":16.67,"TRANSP_EXP":4.08,"OTRMAN_VA":187.63,"OTRMAN_EXP":18.79,"ELEGAS_VA":410.59,"ELEGAS_EXP":0.08,"AGUBAS_VA":93.26,"AGUBAS_EXP":0.19,"CONSTR_VA":1526.43,"CONSTR_EXP":0.16,"COMREV_VA":1549.15,"COMREV_EXP":393.65,"TRATIE_VA":153.14,"TRATIE_EXP":32.14,"TRAGUA_VA":69.86,"TRAGUA_EXP":199.17,"TRAAIR_VA":322.98,"TRAAIR_EXP":1067.83,"ALMSTR_VA":91.65,"ALMSTR_EXP":116.45,"POSTME_VA":50.8,"POSTME_EXP":3.31,"HOTYRE_VA":480.98,"HOTYRE_EXP":115.21,"MMTVRA_VA":292.7,"MMTVRA_EXP":29.67,"TELECO_VA":249.11,"TELECO_EXP":21.49,"ITSERV_VA":222.92,"ITSERV_EXP":95.45,"SERFIN_VA":1331.07,"SERFIN_EXP":117.52,"GOBEST_VA":1327.41,"GOBEST_EXP":1.56,"SPRSCT_VA":660.71,"SPRSCT_EXP":161.55,"SEAEMP_VA":280.46,"SEAEMP_EXP":108.67,"ADPDEF_VA":809.59,"ADPDEF_EXP":0.42,"EDUCAC_VA":799.6,"EDUCAC_EXP":0.66,"SALUDH_VA":1308.24,"SALUDH_EXP":0.94,"ESPARC_VA":124.45,"ESPARC_EXP":52.63,"OTRSER_VA":204.11,"OTRSER_EXP":11.43,"SERHOG_VA":10.13,"SERHOG_EXP":0.0}},{"type":"Feature","geometry":{"type":"Point","coordinates":[34.85,31.05]},"properties":{"id":"ISR","name":"Israel","continent":"other","year":2005,"AGRPFO_VA":2091.08,"AGRPFO_EXP":1329.89,"FORLOG_VA":11.37,"FORLOG_EXP":15.21,"PESCAC_VA":27.95,"PESCAC_EXP":23.76,"MINCOL_VA":0.0,"MINCOL_EXP":0.0,"PETGAS_VA":185.58,"PETGAS_EXP":2.96,"MINORE_VA":0.0,"MINORE_EXP":0.0,"MINOTH_VA":550.54,"MINOTH_EXP":737.31,"MINSER_VA":43.32,"MINSER_EXP":40.08,"ALYBEB_VA":2104.46,"ALYBEB_EXP":1139.75,"TEXYPR_VA":409.99,"TEXYPR_EXP":575.63,"MADYPR_VA":76.37,"MADYPR_EXP":26.88,"PAPYPR_VA":605.65,"PAPYPR_EXP":317.28,"PETREF_VA":1923.88,"PETREF_EXP":2883.87,"QUIMYP_VA":2459.25,"QUIMYP_EXP":4090.35,"FARMED_VA":1939.88,"FARMED_EXP":1510.32,"HUPLAS_VA":905.52,"HUPLAS_EXP":1968.61,"PRNOMT_VA":678.3,"PRNOMT_EXP":406.69,"METBAS_VA":219.02,"METBAS_EXP":319.74,"NONFER_VA":86.49,"NONFER_EXP":210.75,"PRMETA_VA":1684.64,"PRMETA_EXP":1372.67,"ELCTRO_VA":4346.56,"ELCTRO_EXP":5544.19,"ELCTRI_VA":347.72,"ELCTRI_EXP":726.44,"MAQYEQ_VA":865.37,"MAQYEQ_EXP":1560.31,"AUTOMO_VA":173.72,"AUTOMO_EXP":407.0,"OTRTRA_VA":8.19,"OTRTRA_EXP":19.73,"TRANSP_VA":768.11,"TRANSP_EXP":1567.58,"OTRMAN_VA":769.81,"OTRMAN_EXP":1472.67,"ELEGAS_VA":621.61,"ELEGAS_EXP":0.42,"AGUBAS_VA":1223.56,"AGUBAS_EXP":0.97,"CONSTR_VA":6367.31,"CONSTR_EXP":7.47,"COMREV_VA":11681.64,"COMREV_EXP":4755.34,"TRATIE_VA":3055.92,"TRATIE_EXP":588.98,"TRAGUA_VA":491.62,"TRAGUA_EXP":670.12,"TRAAIR_VA":1340.2,"TRAAIR_EXP":1763.6,"ALMSTR_VA":478.47,"ALMSTR_EXP":608.08,"POSTME_VA":406.24,"POSTME_EXP":64.42,"HOTYRE_VA":2805.74,"HOTYRE_EXP":879.36,"MMTVRA_VA":774.28,"MMTVRA_EXP":392.21,"TELECO_VA":3440.27,"TELECO_EXP":383.31,"ITSERV_VA":5447.12,"ITSERV_EXP":5769.56,"SERFIN_VA":7945.02,"SERFIN_EXP":2332.2,"GOBEST_VA":20553.33,"GOBEST_EXP":811.4,"SPRSCT_VA":8656.18,"SPRSCT_EXP":1556.58,"SEAEMP_VA":4707.13,"SEAEMP_EXP":421.75,"ADPDEF_VA":12324.83,"ADPDEF_EXP":4.46,"EDUCAC_VA":8129.88,"EDUCAC_EXP":29.56,"SALUDH_VA":8008.34,"SALUDH_EXP":107.48,"ESPARC_VA":2149.25,"ESPARC_EXP":198.86,"OTRSER_VA":1813.86,"OTRSER_EXP":69.98,"SERHOG_VA":253.98,"SERHOG_EXP":0.0}},{"type":"Feature","geometry":{"type":"Point","coordinates":[12.57,41.87]},"properties":{"id":"ITA","name":"Italia","continent":"europe","year":2005,"AGRPFO_VA":35468.25,"AGRPFO_EXP":4338.44,"FORLOG_VA":1659.03,"FORLOG_EXP":129.74,"PESCAC_VA":1976.83,"PESCAC_EXP":212.9,"MINCOL_VA":5.49,"MINCOL_EXP":2.99,"PETGAS_VA":5130.55,"PETGAS_EXP":825.49,"MINORE_VA":0.77,"MINORE_EXP":0.22,"MINOTH_VA":1516.71,"MINOTH_EXP":361.44,"MINSER_VA":266.42,"MINSER_EXP":10.33,"ALYBEB_VA":30927.21,"ALYBEB_EXP":16611.85,"TEXYPR_VA":33026.76,"TEXYPR_EXP":34079.65,"MADYPR_VA":8524.16,"MADYPR_EXP":2133.61,"PAPYPR_VA":14090.85,"PAPYPR_EXP":4733.84,"PETREF_VA":6479.89,"PETREF_EXP":10427.93,"QUIMYP_VA":12613.27,"QUIMYP_EXP":18037.75,"FARMED_VA":9987.43,"FARMED_EXP":9754.96,"HUPLAS_VA":14139.42,"HUPLAS_EXP":12282.71,"PRNOMT_VA":19226.83,"PRNOMT_EXP":8205.8,"METBAS_VA":9577.15,"METBAS_EXP":13737.97,"NONFER_VA":3279.11,"NONFER_EXP":4783.71,"PRMETA_VA":34928.44,"PRMETA_EXP":18034.84,"ELCTRO_VA":10609.97,"ELCTRO_EXP":14538.13,"ELCTRI_VA":14200.41,"ELCTRI_EXP":13136.84,"MAQYEQ_VA":37311.41,"MAQYEQ_EXP":55338.86,"AUTOMO_VA":14546.0,"AUTOMO_EXP":22296.86,"OTRTRA_VA":3439.76,"OTRTRA_EXP":3081.88,"TRANSP_VA":4700.71,"TRANSP_EXP":4300.55,"OTRMAN_VA":26591.52,"OTRMAN_EXP":14263.36,"ELEGAS_VA":26516.96,"ELEGAS_EXP":1062.13,"AGUBAS_VA":12781.06,"AGUBAS_EXP":108.76,"CONSTR_VA":104111.1,"CONSTR_EXP":1137.45,"COMREV_VA":208322.49,"COMREV_EXP":61884.17,"TRATIE_VA":50452.13,"TRATIE_EXP":14758.82,"TRAGUA_VA":4447.21,"TRAGUA_EXP":6385.29,"TRAAIR_VA":3112.62,"TRAAIR_EXP":4684.52,"ALMSTR_VA":30290.18,"ALMSTR_EXP":8080.37,"POSTME_VA":5584.79,"POSTME_EXP":309.74,"HOTYRE_VA":60267.36,"HOTYRE_EXP":13174.31,"MMTVRA_VA":13778.17,"MMTVRA_EXP":2698.25,"TELECO_VA":35303.33,"TELECO_EXP":3947.39,"ITSERV_VA":27246.74,"ITSERV_EXP":2199.35,"SERFIN_VA":89095.99,"SERFIN_EXP":6152.61,"GOBEST_VA":197363.85,"GOBEST_EXP":3184.12,"SPRSCT_VA":116570.0,"SPRSCT_EXP":13155.92,"SEAEMP_VA":48139.14,"SEAEMP_EXP":9778.11,"ADPDEF_VA":115559.29,"ADPDEF_EXP":67.18,"EDUCAC_VA":77039.79,"EDUCAC_EXP":763.61,"SALUDH_VA":93776.8,"SALUDH_EXP":614.32,"ESPARC_VA":16891.76,"ESPARC_EXP":1558.97,"OTRSER_VA":28828.0,"OTRSER_EXP":1406.9,"SERHOG_VA":17589.37,"SERHOG_EXP":0.0}},{"type":"Feature","geometry":{"type":"Point","coordinates":[36.24,30.59]},"properties":{"id":"JOR","name":"Jordania","continent":"other","year":2005,"AGRPFO_VA":454.58,"AGRPFO_EXP":401.83,"FORLOG_VA":36.3,"FORLOG_EXP":0.14,"PESCAC_VA":1.13,"PESCAC_EXP":0.22,"MINCOL_VA":66.08,"MINCOL_EXP":0.06,"PETGAS_VA":70.66,"PETGAS_EXP":0.31,"MINORE_VA":55.15,"MINORE_EXP":0.38,"MINOTH_VA":96.91,"MINOTH_EXP":165.65,"MINSER_VA":55.27,"MINSER_EXP":4.24,"ALYBEB_VA":746.63,"ALYBEB_EXP":380.72,"TEXYPR_VA":385.45,"TEXYPR_EXP":871.33,"MADYPR_VA":21.52,"MADYPR_EXP":9.89,"PAPYPR_VA":89.22,"PAPYPR_EXP":60.75,"PETREF_VA":94.46,"PETREF_EXP":50.27,"QUIMYP_VA":179.98,"QUIMYP_EXP":423.13,"FARMED_VA":154.86,"FARMED_EXP":211.42,"HUPLAS_VA":60.31,"HUPLAS_EXP":50.17,"PRNOMT_VA":234.87,"PRNOMT_EXP":18.88,"METBAS_VA":38.21,"METBAS_EXP":24.43,"NONFER_VA":58.13,"NONFER_EXP":58.44,"PRMETA_VA":113.16,"PRMETA_EXP":86.0,"ELCTRO_VA":12.73,"ELCTRO_EXP":20.64,"ELCTRI_VA":65.04,"ELCTRI_EXP":68.39,"MAQYEQ_VA":41.35,"MAQYEQ_EXP":40.75,"AUTOMO_VA":21.86,"AUTOMO_EXP":28.41,"OTRTRA_VA":2.95,"OTRTRA_EXP":0.31,"TRANSP_VA":5.34,"TRANSP_EXP":0.29,"OTRMAN_VA":59.49,"OTRMAN_EXP":112.02,"ELEGAS_VA":115.79,"ELEGAS_EXP":4.89,"AGUBAS_VA":146.18,"AGUBAS_EXP":0.49,"CONSTR_VA":446.01,"CONSTR_EXP":0.45,"COMREV_VA":1123.37,"COMREV_EXP":375.15,"TRATIE_VA":478.98,"TRATIE_EXP":136.64,"TRAGUA_VA":18.96,"TRAGUA_EXP":23.87,"TRAAIR_VA":74.61,"TRAAIR_EXP":380.33,"ALMSTR_VA":128.22,"ALMSTR_EXP":64.73,"POSTME_VA":6.09,"POSTME_EXP":12.92,"HOTYRE_VA":238.71,"HOTYRE_EXP":209.9,"MMTVRA_VA":60.08,"MMTVRA_EXP":63.54,"TELECO_VA":451.6,"TELECO_EXP":99.6,"ITSERV_VA":66.97,"ITSERV_EXP":7.09,"SERFIN_VA":650.54,"SERFIN_EXP":153.33,"GOBEST_VA":1387.16,"GOBEST_EXP":55.94,"SPRSCT_VA":135.32,"SPRSCT_EXP":147.09,"SEAEMP_VA":108.41,"SEAEMP_EXP":192.33,"ADPDEF_VA":1073.7,"ADPDEF_EXP":1.52,"EDUCAC_VA":1169.27,"EDUCAC_EXP":173.03,"SALUDH_VA":372.97,"SALUDH_EXP":148.27,"ESPARC_VA":31.09,"ESPARC_EXP":70.78,"OTRSER_VA":105.86,"OTRSER_EXP":11.15,"SERHOG_VA":220.62,"SERHOG_EXP":0.0}},{"type":"Feature","geometry":{"type":"Point","coordinates":[138.25,36.2]},"properties":{"id":"JPN","name":"Japón","continent":"asia","year":2005,"AGRPFO_VA":45944.94,"AGRPFO_EXP":741.19,"FORLOG_VA":1565.82,"FORLOG_EXP":13.82,"PESCAC_VA":7710.05,"PESCAC_EXP":221.99,"MINCOL_VA":536.81,"MINCOL_EXP":1.63,"PETGAS_VA":549.09,"PETGAS_EXP":2.3,"MINORE_VA":1290.87,"MINORE_EXP":27.31,"MINOTH_VA":801.36,"MINOTH_EXP":167.96,"MINSER_VA":834.0,"MINSER_EXP":189.4,"ALYBEB_VA":117329.69,"ALYBEB_EXP":2634.77,"TEXYPR_VA":17691.97,"TEXYPR_EXP":5032.65,"MADYPR_VA":8461.46,"MADYPR_EXP":342.37,"PAPYPR_VA":55342.29,"PAPYPR_EXP":2984.45,"PETREF_VA":45555.25,"PETREF_EXP":6210.98,"QUIMYP_VA":52998.52,"QUIMYP_EXP":24390.47,"FARMED_VA":38240.0,"FARMED_EXP":2449.45,"HUPLAS_VA":45334.56,"HUPLAS_EXP":16455.0,"PRNOMT_VA":30059.76,"PRNOMT_EXP":4517.82,"METBAS_VA":57202.91,"METBAS_EXP":19102.5,"NONFER_VA":15731.71,"NONFER_EXP":9638.11,"PRMETA_VA":48579.05,"PRMETA_EXP":4201.61,"ELCTRO_VA":109788.41,"ELCTRO_EXP":97007.98,"ELCTRI_VA":62768.15,"ELCTRI_EXP":36236.83,"MAQYEQ_VA":125675.49,"MAQYEQ_EXP":72754.45,"AUTOMO_VA":122047.95,"AUTOMO_EXP":118824.22,"OTRTRA_VA":7076.27,"OTRTRA_EXP":9956.83,"TRANSP_VA":12361.87,"TRANSP_EXP":4698.05,"OTRMAN_VA":122581.92,"OTRMAN_EXP":8737.98,"ELEGAS_VA":70216.67,"ELEGAS_EXP":87.78,"AGUBAS_VA":66306.89,"AGUBAS_EXP":15.24,"CONSTR_VA":249421.82,"CONSTR_EXP":17.83,"COMREV_VA":654287.27,"COMREV_EXP":92437.23,"TRATIE_VA":151660.26,"TRATIE_EXP":20897.45,"TRAGUA_VA":9943.75,"TRAGUA_EXP":4466.08,"TRAAIR_VA":10026.53,"TRAAIR_EXP":7819.85,"ALMSTR_VA":54879.49,"ALMSTR_EXP":5528.0,"POSTME_VA":14151.92,"POSTME_EXP":182.92,"HOTYRE_VA":125738.87,"HOTYRE_EXP":3099.71,"MMTVRA_VA":41265.74,"MMTVRA_EXP":4036.72,"TELECO_VA":85915.69,"TELECO_EXP":1453.44,"ITSERV_VA":127143.59,"ITSERV_EXP":2750.61,"SERFIN_VA":250496.97,"SERFIN_EXP":10301.72,"GOBEST_VA":492888.7,"GOBEST_EXP":1805.38,"SPRSCT_VA":198639.11,"SPRSCT_EXP":20639.8,"SEAEMP_VA":113715.91,"SEAEMP_EXP":22659.47,"ADPDEF_VA":225636.36,"ADPDEF_EXP":0.01,"EDUCAC_VA":160619.33,"EDUCAC_EXP":1077.85,"SALUDH_VA":258567.57,"SALUDH_EXP":81.58,"ESPARC_VA":48114.05,"ESPARC_EXP":309.72,"OTRSER_VA":98229.06,"OTRSER_EXP":332.13,"SERHOG_VA":0.0,"SERHOG_EXP":0.0}},{"type":"Feature","geometry":{"type":"Point","coordinates":[66.92,48.02]},"properties":{"id":"KAZ","name":"Kazajistán","continent":"asia","year":2005,"AGRPFO_VA":2988.56,"AGRPFO_EXP":386.93,"FORLOG_VA":11.33,"FORLOG_EXP":0.09,"PESCAC_VA":11.49,"PESCAC_EXP":0.4,"MINCOL_VA":287.27,"MINCOL_EXP":351.69,"PETGAS_VA":9493.01,"PETGAS_EXP":16998.38,"MINORE_VA":1224.51,"MINORE_EXP":819.59,"MINOTH_VA":121.92,"MINOTH_EXP":51.27,"MINSER_VA":450.8,"MINSER_EXP":36.94,"ALYBEB_VA":1175.74,"ALYBEB_EXP":235.44,"TEXYPR_VA":72.38,"TEXYPR_EXP":39.53,"MADYPR_VA":18.33,"MADYPR_EXP":0.65,"PAPYPR_VA":86.16,"PAPYPR_EXP":14.5,"PETREF_VA":929.27,"PETREF_EXP":865.61,"QUIMYP_VA":191.44,"QUIMYP_EXP":224.98,"FARMED_VA":27.85,"FARMED_EXP":5.37,"HUPLAS_VA":124.12,"HUPLAS_EXP":18.91,"PRNOMT_VA":334.14,"PRNOMT_EXP":7.72,"METBAS_VA":1114.71,"METBAS_EXP":1533.87,"NONFER_VA":2198.62,"NONFER_EXP":2429.37,"PRMETA_VA":152.47,"PRMETA_EXP":32.74,"ELCTRO_VA":22.4,"ELCTRO_EXP":35.93,"ELCTRI_VA":70.1,"ELCTRI_EXP":39.5,"MAQYEQ_VA":94.78,"MAQYEQ_EXP":162.06,"AUTOMO_VA":39.71,"AUTOMO_EXP":23.62,"OTRTRA_VA":9.75,"OTRTRA_EXP":16.29,"TRANSP_VA":17.38,"TRANSP_EXP":21.89,"OTRMAN_VA":390.26,"OTRMAN_EXP":9.4,"ELEGAS_VA":888.89,"ELEGAS_EXP":41.73,"AGUBAS_VA":151.65,"AGUBAS_EXP":0.27,"CONSTR_VA":3759.21,"CONSTR_EXP":0.19,"COMREV_VA":8612.83,"COMREV_EXP":2647.07,"TRATIE_VA":2960.71,"TRATIE_EXP":1407.61,"TRAGUA_VA":51.66,"TRAGUA_EXP":35.47,"TRAAIR_VA":227.2,"TRAAIR_EXP":70.72,"ALMSTR_VA":1137.01,"ALMSTR_EXP":146.44,"POSTME_VA":53.72,"POSTME_EXP":3.97,"HOTYRE_VA":526.04,"HOTYRE_EXP":212.86,"MMTVRA_VA":174.06,"MMTVRA_EXP":35.33,"TELECO_VA":1297.07,"TELECO_EXP":88.78,"ITSERV_VA":409.33,"ITSERV_EXP":1.51,"SERFIN_VA":1211.3,"SERFIN_EXP":46.4,"GOBEST_VA":4666.06,"GOBEST_EXP":178.05,"SPRSCT_VA":2810.16,"SPRSCT_EXP":110.28,"SEAEMP_VA":1086.8,"SEAEMP_EXP":221.22,"ADPDEF_VA":995.99,"ADPDEF_EXP":0.32,"EDUCAC_VA":1549.27,"EDUCAC_EXP":5.91,"SALUDH_VA":1108.3,"SALUDH_EXP":8.5,"ESPARC_VA":194.01,"ESPARC_EXP":21.38,"OTRSER_VA":732.56,"OTRSER_EXP":11.34,"SERHOG_VA":35.94,"SERHOG_EXP":0.0}},{"type":"Feature","geometry":{"type":"Point","coordinates":[104.99,12.57]},"properties":{"id":"KHM","name":"Camboya","continent":"asia","year":2005,"AGRPFO_VA":1223.11,"AGRPFO_EXP":910.79,"FORLOG_VA":183.01,"FORLOG_EXP":0.56,"PESCAC_VA":445.56,"PESCAC_EXP":79.1,"MINCOL_VA":0.0,"MINCOL_EXP":0.0,"PETGAS_VA":0.0,"PETGAS_EXP":0.0,"MINORE_VA":11.83,"MINORE_EXP":0.2,"MINOTH_VA":17.37,"MINOTH_EXP":0.37,"MINSER_VA":8.17,"MINSER_EXP":0.18,"ALYBEB_VA":142.19,"ALYBEB_EXP":160.75,"TEXYPR_VA":763.54,"TEXYPR_EXP":1256.97,"MADYPR_VA":13.66,"MADYPR_EXP":21.62,"PAPYPR_VA":13.18,"PAPYPR_EXP":15.49,"PETREF_VA":3.49,"PETREF_EXP":14.25,"QUIMYP_VA":11.56,"QUIMYP_EXP":4.05,"FARMED_VA":6.77,"FARMED_EXP":2.48,"HUPLAS_VA":20.81,"HUPLAS_EXP":7.16,"PRNOMT_VA":32.46,"PRNOMT_EXP":0.71,"METBAS_VA":379.16,"METBAS_EXP":0.24,"NONFER_VA":8.05,"NONFER_EXP":10.74,"PRMETA_VA":36.5,"PRMETA_EXP":5.26,"ELCTRO_VA":0.03,"ELCTRO_EXP":0.02,"ELCTRI_VA":0.03,"ELCTRI_EXP":0.01,"MAQYEQ_VA":0.96,"MAQYEQ_EXP":1.25,"AUTOMO_VA":6.3,"AUTOMO_EXP":6.48,"OTRTRA_VA":1.02,"OTRTRA_EXP":1.63,"TRANSP_VA":1.82,"TRANSP_EXP":1.67,"OTRMAN_VA":41.93,"OTRMAN_EXP":61.96,"ELEGAS_VA":18.03,"ELEGAS_EXP":0.37,"AGUBAS_VA":15.64,"AGUBAS_EXP":0.41,"CONSTR_VA":381.34,"CONSTR_EXP":0.99,"COMREV_VA":571.64,"COMREV_EXP":216.29,"TRATIE_VA":199.69,"TRATIE_EXP":166.59,"TRAGUA_VA":24.75,"TRAGUA_EXP":34.14,"TRAAIR_VA":23.82,"TRAAIR_EXP":53.5,"ALMSTR_VA":94.88,"ALMSTR_EXP":113.56,"POSTME_VA":21.18,"POSTME_EXP":9.37,"HOTYRE_VA":258.29,"HOTYRE_EXP":239.84,"MMTVRA_VA":35.72,"MMTVRA_EXP":36.83,"TELECO_VA":78.21,"TELECO_EXP":43.23,"ITSERV_VA":23.53,"ITSERV_EXP":10.49,"SERFIN_VA":92.49,"SERFIN_EXP":21.22,"GOBEST_VA":387.68,"GOBEST_EXP":59.3,"SPRSCT_VA":51.11,"SPRSCT_EXP":19.74,"SEAEMP_VA":42.35,"SEAEMP_EXP":21.02,"ADPDEF_VA":112.64,"ADPDEF_EXP":0.67,"EDUCAC_VA":129.68,"EDUCAC_EXP":17.3,"SALUDH_VA":115.94,"SALUDH_EXP":13.81,"ESPARC_VA":61.14,"ESPARC_EXP":42.79,"OTRSER_VA":114.54,"OTRSER_EXP":18.65,"SERHOG_VA":0.0,"SERHOG_EXP":0.0}},{"type":"Feature","geometry":{"type":"Point","coordinates":[127.77,35.91]},"properties":{"id":"KOR","name":"Corea del Sur","continent":"asia","year":2005,"AGRPFO_VA":19796.75,"AGRPFO_EXP":288.36,"FORLOG_VA":1501.16,"FORLOG_EXP":57.14,"PESCAC_VA":2225.32,"PESCAC_EXP":170.78,"MINCOL_VA":236.82,"MINCOL_EXP":12.54,"PETGAS_VA":123.2,"PETGAS_EXP":1.47,"MINORE_VA":29.42,"MINORE_EXP":2.9,"MINOTH_VA":1276.95,"MINOTH_EXP":88.88,"MINSER_VA":12.58,"MINSER_EXP":10.78,"ALYBEB_VA":12741.54,"ALYBEB_EXP":2754.79,"TEXYPR_VA":11837.32,"TEXYPR_EXP":11086.15,"MADYPR_VA":1484.78,"MADYPR_EXP":82.28,"PAPYPR_VA":7722.95,"PAPYPR_EXP":2192.27,"PETREF_VA":11898.73,"PETREF_EXP":24266.55,"QUIMYP_VA":20144.39,"QUIMYP_EXP":15981.62,"FARMED_VA":5315.17,"FARMED_EXP":877.22,"HUPLAS_VA":14092.54,"HUPLAS_EXP":6027.07,"PRNOMT_VA":8263.58,"PRNOMT_EXP":1210.23,"METBAS_VA":18764.35,"METBAS_EXP":13010.2,"NONFER_VA":3613.05,"NONFER_EXP":4437.35,"PRMETA_VA":15262.31,"PRMETA_EXP":5080.73,"ELCTRO_VA":55029.58,"ELCTRO_EXP":90728.43,"ELCTRI_VA":12456.5,"ELCTRI_EXP":5632.61,"MAQYEQ_VA":19388.41,"MAQYEQ_EXP":14588.27,"AUTOMO_VA":21798.51,"AUTOMO_EXP":33685.98,"OTRTRA_VA":7336.09,"OTRTRA_EXP":16546.31,"TRANSP_VA":1021.79,"TRANSP_EXP":837.77,"OTRMAN_VA":4814.73,"OTRMAN_EXP":2515.42,"ELEGAS_VA":15534.19,"ELEGAS_EXP":11.64,"AGUBAS_VA":4546.43,"AGUBAS_EXP":5.08,"CONSTR_VA":53436.85,"CONSTR_EXP":0.36,"COMREV_VA":83296.12,"COMREV_EXP":24574.53,"TRATIE_VA":10335.35,"TRATIE_EXP":1260.91,"TRAGUA_VA":8478.6,"TRAGUA_EXP":6604.3,"TRAAIR_VA":8130.79,"TRAAIR_EXP":5727.48,"ALMSTR_VA":8079.82,"ALMSTR_EXP":719.53,"POSTME_VA":2932.67,"POSTME_EXP":229.67,"HOTYRE_VA":24651.32,"HOTYRE_EXP":1399.48,"MMTVRA_VA":11030.8,"MMTVRA_EXP":1031.29,"TELECO_VA":21066.21,"TELECO_EXP":632.91,"ITSERV_VA":14510.02,"ITSERV_EXP":1262.52,"SERFIN_VA":52539.74,"SERFIN_EXP":5343.55,"GOBEST_VA":76559.84,"GOBEST_EXP":645.06,"SPRSCT_VA":42422.47,"SPRSCT_EXP":8118.91,"SEAEMP_VA":23977.65,"SEAEMP_EXP":5930.69,"ADPDEF_VA":49517.39,"ADPDEF_EXP":23.43,"EDUCAC_VA":44086.1,"EDUCAC_EXP":106.52,"SALUDH_VA":26409.53,"SALUDH_EXP":56.91,"ESPARC_VA":9134.44,"ESPARC_EXP":1898.02,"OTRSER_VA":12095.25,"OTRSER_EXP":91.43,"SERHOG_VA":967.17,"SERHOG_EXP":0.0}},{"type":"Feature","geometry":{"type":"Point","coordinates":[102.5,19.86]},"properties":{"id":"LAO","name":"Laos","continent":"asia","year":2005,"AGRPFO_VA":459.92,"AGRPFO_EXP":49.43,"FORLOG_VA":80.74,"FORLOG_EXP":49.4,"PESCAC_VA":77.27,"PESCAC_EXP":0.22,"MINCOL_VA":26.52,"MINCOL_EXP":5.52,"PETGAS_VA":23.66,"PETGAS_EXP":0.12,"MINORE_VA":95.91,"MINORE_EXP":4.63,"MINOTH_VA":51.56,"MINOTH_EXP":4.81,"MINSER_VA":18.75,"MINSER_EXP":0.2,"ALYBEB_VA":106.57,"ALYBEB_EXP":27.69,"TEXYPR_VA":45.49,"TEXYPR_EXP":64.57,"MADYPR_VA":31.38,"MADYPR_EXP":64.06,"PAPYPR_VA":0.66,"PAPYPR_EXP":0.54,"PETREF_VA":12.65,"PETREF_EXP":0.19,"QUIMYP_VA":5.47,"QUIMYP_EXP":6.45,"FARMED_VA":3.47,"FARMED_EXP":1.34,"HUPLAS_VA":1.75,"HUPLAS_EXP":0.63,"PRNOMT_VA":25.14,"PRNOMT_EXP":0.94,"METBAS_VA":0.43,"METBAS_EXP":0.15,"NONFER_VA":0.41,"NONFER_EXP":0.62,"PRMETA_VA":8.96,"PRMETA_EXP":1.67,"ELCTRO_VA":0.73,"ELCTRO_EXP":1.7,"ELCTRI_VA":0.48,"ELCTRI_EXP":0.91,"MAQYEQ_VA":0.03,"MAQYEQ_EXP":0.01,"AUTOMO_VA":0.12,"AUTOMO_EXP":0.14,"OTRTRA_VA":0.06,"OTRTRA_EXP":0.05,"TRANSP_VA":0.07,"TRANSP_EXP":0.04,"OTRMAN_VA":20.28,"OTRMAN_EXP":20.22,"ELEGAS_VA":225.52,"ELEGAS_EXP":147.13,"AGUBAS_VA":38.01,"AGUBAS_EXP":0.35,"CONSTR_VA":140.12,"CONSTR_EXP":0.77,"COMREV_VA":378.85,"COMREV_EXP":62.18,"TRATIE_VA":55.08,"TRATIE_EXP":20.85,"TRAGUA_VA":3.47,"TRAGUA_EXP":3.21,"TRAAIR_VA":6.65,"TRAAIR_EXP":12.04,"ALMSTR_VA":9.62,"ALMSTR_EXP":1.28,"POSTME_VA":10.88,"POSTME_EXP":2.01,"HOTYRE_VA":50.54,"HOTYRE_EXP":44.02,"MMTVRA_VA":4.55,"MMTVRA_EXP":3.13,"TELECO_VA":47.88,"TELECO_EXP":5.98,"ITSERV_VA":4.71,"ITSERV_EXP":4.56,"SERFIN_VA":123.48,"SERFIN_EXP":18.06,"GOBEST_VA":129.3,"GOBEST_EXP":10.62,"SPRSCT_VA":17.19,"SPRSCT_EXP":12.81,"SEAEMP_VA":7.89,"SEAEMP_EXP":6.39,"ADPDEF_VA":196.68,"ADPDEF_EXP":0.57,"EDUCAC_VA":52.86,"EDUCAC_EXP":3.29,"SALUDH_VA":8.8,"SALUDH_EXP":2.38,"ESPARC_VA":8.5,"ESPARC_EXP":6.44,"OTRSER_VA":101.56,"OTRSER_EXP":3.5,"SERHOG_VA":13.08,"SERHOG_EXP":0.0}},{"type":"Feature","geometry":{"type":"Point","coordinates":[23.88,55.17]},"properties":{"id":"LTU","name":"Lituania","continent":"europe","year":2005,"AGRPFO_VA":1008.3,"AGRPFO_EXP":261.19,"FORLOG_VA":124.46,"FORLOG_EXP":52.67,"PESCAC_VA":20.33,"PESCAC_EXP":9.92,"MINCOL_VA":15.03,"MINCOL_EXP":9.43,"PETGAS_VA":54.81,"PETGAS_EXP":32.84,"MINORE_VA":3.5,"MINORE_EXP":0.55,"MINOTH_VA":34.34,"MINOTH_EXP":33.38,"MINSER_VA":19.64,"MINSER_EXP":1.1,"ALYBEB_VA":983.71,"ALYBEB_EXP":672.67,"TEXYPR_VA":588.91,"TEXYPR_EXP":446.58,"MADYPR_VA":416.39,"MADYPR_EXP":358.05,"PAPYPR_VA":149.56,"PAPYPR_EXP":38.45,"PETREF_VA":1377.88,"PETREF_EXP":2333.12,"QUIMYP_VA":298.03,"QUIMYP_EXP":586.76,"FARMED_VA":16.67,"FARMED_EXP":15.11,"HUPLAS_VA":300.06,"HUPLAS_EXP":182.68,"PRNOMT_VA":225.44,"PRNOMT_EXP":88.73,"METBAS_VA":10.13,"METBAS_EXP":23.17,"NONFER_VA":1.08,"NONFER_EXP":1.77,"PRMETA_VA":235.89,"PRMETA_EXP":149.09,"ELCTRO_VA":201.11,"ELCTRO_EXP":202.52,"ELCTRI_VA":106.24,"ELCTRI_EXP":121.55,"MAQYEQ_VA":83.73,"MAQYEQ_EXP":105.2,"AUTOMO_VA":104.28,"AUTOMO_EXP":21.94,"OTRTRA_VA":64.1,"OTRTRA_EXP":55.55,"TRANSP_VA":30.09,"TRANSP_EXP":79.96,"OTRMAN_VA":519.11,"OTRMAN_EXP":406.71,"ELEGAS_VA":874.38,"ELEGAS_EXP":94.79,"AGUBAS_VA":183.44,"AGUBAS_EXP":16.14,"CONSTR_VA":1904.38,"CONSTR_EXP":71.07,"COMREV_VA":4205.95,"COMREV_EXP":1428.6,"TRATIE_VA":1488.45,"TRATIE_EXP":1264.4,"TRAGUA_VA":89.54,"TRAGUA_EXP":73.93,"TRAAIR_VA":56.89,"TRAAIR_EXP":92.24,"ALMSTR_VA":633.86,"ALMSTR_EXP":601.09,"POSTME_VA":68.71,"POSTME_EXP":12.16,"HOTYRE_VA":342.74,"HOTYRE_EXP":157.22,"MMTVRA_VA":209.28,"MMTVRA_EXP":34.58,"TELECO_VA":653.6,"TELECO_EXP":108.06,"ITSERV_VA":120.69,"ITSERV_EXP":37.16,"SERFIN_VA":537.06,"SERFIN_EXP":45.95,"GOBEST_VA":1510.6,"GOBEST_EXP":64.51,"SPRSCT_VA":830.55,"SPRSCT_EXP":129.75,"SEAEMP_VA":413.58,"SEAEMP_EXP":77.46,"ADPDEF_VA":1702.62,"ADPDEF_EXP":7.05,"EDUCAC_VA":1079.72,"EDUCAC_EXP":18.44,"SALUDH_VA":663.53,"SALUDH_EXP":16.45,"ESPARC_VA":249.31,"ESPARC_EXP":50.69,"OTRSER_VA":271.45,"OTRSER_EXP":29.49,"SERHOG_VA":38.4,"SERHOG_EXP":0.0}},{"type":"Feature","geometry":{"type":"Point","coordinates":[6.13,49.82]},"properties":{"id":"LUX","name":"Luxemburgo","continent":"europe","year":2005,"AGRPFO_VA":145.72,"AGRPFO_EXP":231.11,"FORLOG_VA":6.07,"FORLOG_EXP":11.2,"PESCAC_VA":0.0,"PESCAC_EXP":0.0,"MINCOL_VA":0.0,"MINCOL_EXP":0.0,"PETGAS_VA":0.0,"PETGAS_EXP":0.0,"MINORE_VA":7.86,"MINORE_EXP":4.31,"MINOTH_VA":27.84,"MINOTH_EXP":13.78,"MINSER_VA":0.0,"MINSER_EXP":0.0,"ALYBEB_VA":335.8,"ALYBEB_EXP":596.11,"TEXYPR_VA":263.89,"TEXYPR_EXP":516.83,"MADYPR_VA":59.24,"MADYPR_EXP":189.33,"PAPYPR_VA":144.92,"PAPYPR_EXP":219.19,"PETREF_VA":0.0,"PETREF_EXP":0.0,"QUIMYP_VA":107.73,"QUIMYP_EXP":384.55,"FARMED_VA":14.01,"FARMED_EXP":23.67,"HUPLAS_VA":322.99,"HUPLAS_EXP":962.14,"PRNOMT_VA":320.61,"PRNOMT_EXP":587.0,"METBAS_VA":360.98,"METBAS_EXP":1177.43,"NONFER_VA":374.01,"NONFER_EXP":1207.57,"PRMETA_VA":231.59,"PRMETA_EXP":447.59,"ELCTRO_VA":153.25,"ELCTRO_EXP":312.29,"ELCTRI_VA":28.75,"ELCTRI_EXP":51.61,"MAQYEQ_VA":316.46,"MAQYEQ_EXP":774.15,"AUTOMO_VA":35.71,"AUTOMO_EXP":56.37,"OTRTRA_VA":0.01,"OTRTRA_EXP":0.04,"TRANSP_VA":0.02,"TRANSP_EXP":0.07,"OTRMAN_VA":82.02,"OTRMAN_EXP":189.72,"ELEGAS_VA":384.27,"ELEGAS_EXP":189.25,"AGUBAS_VA":200.67,"AGUBAS_EXP":19.16,"CONSTR_VA":2020.43,"CONSTR_EXP":70.07,"COMREV_VA":2834.45,"COMREV_EXP":1200.66,"TRATIE_VA":1216.67,"TRATIE_EXP":1420.19,"TRAGUA_VA":32.85,"TRAGUA_EXP":94.91,"TRAAIR_VA":585.95,"TRAAIR_EXP":1540.87,"ALMSTR_VA":201.75,"ALMSTR_EXP":205.11,"POSTME_VA":109.54,"POSTME_EXP":166.74,"HOTYRE_VA":720.15,"HOTYRE_EXP":959.22,"MMTVRA_VA":313.36,"MMTVRA_EXP":632.38,"TELECO_VA":1223.3,"TELECO_EXP":1286.66,"ITSERV_VA":586.94,"ITSERV_EXP":1700.1,"SERFIN_VA":9230.79,"SERFIN_EXP":30356.53,"GOBEST_VA":3274.36,"GOBEST_EXP":280.89,"SPRSCT_VA":1841.64,"SPRSCT_EXP":1780.68,"SEAEMP_VA":1098.54,"SEAEMP_EXP":522.31,"ADPDEF_VA":2069.36,"ADPDEF_EXP":31.84,"EDUCAC_VA":1333.3,"EDUCAC_EXP":71.62,"SALUDH_VA":1865.84,"SALUDH_EXP":63.06,"ESPARC_VA":233.29,"ESPARC_EXP":171.54,"OTRSER_VA":312.31,"OTRSER_EXP":64.53,"SERHOG_VA":123.52,"SERHOG_EXP":0.0}},{"type":"Feature","geometry":{"type":"Point","coordinates":[24.6,56.88]},"properties":{"id":"LVA","name":"Letonia","continent":"europe","year":2005,"AGRPFO_VA":449.58,"AGRPFO_EXP":84.06,"FORLOG_VA":235.71,"FORLOG_EXP":174.59,"PESCAC_VA":21.46,"PESCAC_EXP":14.57,"MINCOL_VA":0.75,"MINCOL_EXP":0.1,"PETGAS_VA":0.0,"PETGAS_EXP":0.0,"MINORE_VA":0.35,"MINORE_EXP":0.22,"MINOTH_VA":48.27,"MINOTH_EXP":4.21,"MINSER_VA":0.48,"MINSER_EXP":0.2,"ALYBEB_VA":548.2,"ALYBEB_EXP":327.41,"TEXYPR_VA":219.75,"TEXYPR_EXP":208.84,"MADYPR_VA":443.71,"MADYPR_EXP":700.98,"PAPYPR_VA":109.62,"PAPYPR_EXP":30.77,"PETREF_VA":12.39,"PETREF_EXP":11.62,"QUIMYP_VA":45.79,"QUIMYP_EXP":50.98,"FARMED_VA":47.81,"FARMED_EXP":56.6,"HUPLAS_VA":66.15,"HUPLAS_EXP":50.1,"PRNOMT_VA":83.47,"PRNOMT_EXP":56.09,"METBAS_VA":82.2,"METBAS_EXP":177.38,"NONFER_VA":15.59,"NONFER_EXP":74.99,"PRMETA_VA":102.83,"PRMETA_EXP":124.44,"ELCTRO_VA":44.4,"ELCTRO_EXP":40.15,"ELCTRI_VA":28.05,"ELCTRI_EXP":61.48,"MAQYEQ_VA":62.38,"MAQYEQ_EXP":82.85,"AUTOMO_VA":15.3,"AUTOMO_EXP":27.03,"OTRTRA_VA":26.69,"OTRTRA_EXP":33.19,"TRANSP_VA":21.76,"TRANSP_EXP":25.55,"OTRMAN_VA":219.22,"OTRMAN_EXP":151.58,"ELEGAS_VA":383.35,"ELEGAS_EXP":13.85,"AGUBAS_VA":108.8,"AGUBAS_EXP":1.99,"CONSTR_VA":1159.87,"CONSTR_EXP":45.74,"COMREV_VA":2754.14,"COMREV_EXP":703.24,"TRATIE_VA":970.67,"TRATIE_EXP":881.4,"TRAGUA_VA":159.68,"TRAGUA_EXP":111.06,"TRAAIR_VA":85.7,"TRAAIR_EXP":94.28,"ALMSTR_VA":851.82,"ALMSTR_EXP":250.63,"POSTME_VA":39.58,"POSTME_EXP":14.86,"HOTYRE_VA":244.08,"HOTYRE_EXP":89.22,"MMTVRA_VA":169.29,"MMTVRA_EXP":27.44,"TELECO_VA":434.05,"TELECO_EXP":56.95,"ITSERV_VA":132.19,"ITSERV_EXP":53.65,"SERFIN_VA":703.85,"SERFIN_EXP":339.68,"GOBEST_VA":991.91,"GOBEST_EXP":24.85,"SPRSCT_VA":609.51,"SPRSCT_EXP":233.38,"SEAEMP_VA":375.46,"SEAEMP_EXP":115.65,"ADPDEF_VA":1097.1,"ADPDEF_EXP":1.95,"EDUCAC_VA":716.12,"EDUCAC_EXP":7.53,"SALUDH_VA":455.48,"SALUDH_EXP":4.47,"ESPARC_VA":317.83,"ESPARC_EXP":20.18,"OTRSER_VA":128.92,"OTRSER_EXP":9.62,"SERHOG_VA":15.36,"SERHOG_EXP":0.0}},{"type":"Feature","geometry":{"type":"Point","coordinates":[-7.09,31.79]},"properties":{"id":"MAR","name":"Marruecos","continent":"other","year":2005,"AGRPFO_VA":5639.03,"AGRPFO_EXP":853.19,"FORLOG_VA":736.03,"FORLOG_EXP":4.41,"PESCAC_VA":289.51,"PESCAC_EXP":263.4,"MINCOL_VA":3.09,"MINCOL_EXP":0.37,"PETGAS_VA":6.92,"PETGAS_EXP":0.7,"MINORE_VA":281.82,"MINORE_EXP":136.26,"MINOTH_VA":995.79,"MINOTH_EXP":568.35,"MINSER_VA":29.94,"MINSER_EXP":13.44,"ALYBEB_VA":2384.64,"ALYBEB_EXP":1674.55,"TEXYPR_VA":1451.43,"TEXYPR_EXP":2086.91,"MADYPR_VA":129.38,"MADYPR_EXP":58.58,"PAPYPR_VA":265.27,"PAPYPR_EXP":127.59,"PETREF_VA":215.92,"PETREF_EXP":430.68,"QUIMYP_VA":983.4,"QUIMYP_EXP":1579.57,"FARMED_VA":350.5,"FARMED_EXP":105.67,"HUPLAS_VA":279.89,"HUPLAS_EXP":90.3,"PRNOMT_VA":838.23,"PRNOMT_EXP":93.44,"METBAS_VA":203.16,"METBAS_EXP":224.94,"NONFER_VA":193.35,"NONFER_EXP":280.75,"PRMETA_VA":486.07,"PRMETA_EXP":59.1,"ELCTRO_VA":65.05,"ELCTRO_EXP":159.28,"ELCTRI_VA":340.59,"ELCTRI_EXP":695.69,"MAQYEQ_VA":166.78,"MAQYEQ_EXP":42.46,"AUTOMO_VA":708.89,"AUTOMO_EXP":145.64,"OTRTRA_VA":34.21,"OTRTRA_EXP":11.46,"TRANSP_VA":69.15,"TRANSP_EXP":19.01,"OTRMAN_VA":629.88,"OTRMAN_EXP":157.82,"ELEGAS_VA":1417.77,"ELEGAS_EXP":44.73,"AGUBAS_VA":254.29,"AGUBAS_EXP":1.23,"CONSTR_VA":3568.78,"CONSTR_EXP":33.2,"COMREV_VA":5742.41,"COMREV_EXP":1457.99,"TRATIE_VA":1085.07,"TRATIE_EXP":547.26,"TRAGUA_VA":93.18,"TRAGUA_EXP":258.09,"TRAAIR_VA":186.94,"TRAAIR_EXP":667.59,"ALMSTR_VA":601.75,"ALMSTR_EXP":584.1,"POSTME_VA":58.65,"POSTME_EXP":90.08,"HOTYRE_VA":1303.16,"HOTYRE_EXP":1450.09,"MMTVRA_VA":182.79,"MMTVRA_EXP":104.14,"TELECO_VA":1426.43,"TELECO_EXP":561.21,"ITSERV_VA":269.5,"ITSERV_EXP":323.66,"SERFIN_VA":2673.21,"SERFIN_EXP":148.46,"GOBEST_VA":1650.79,"GOBEST_EXP":259.97,"SPRSCT_VA":1678.44,"SPRSCT_EXP":1055.35,"SEAEMP_VA":2016.21,"SEAEMP_EXP":424.38,"ADPDEF_VA":5298.57,"ADPDEF_EXP":96.89,"EDUCAC_VA":4486.06,"EDUCAC_EXP":110.51,"SALUDH_VA":1968.42,"SALUDH_EXP":61.43,"ESPARC_VA":168.72,"ESPARC_EXP":142.0,"OTRSER_VA":528.85,"OTRSER_EXP":80.07,"SERHOG_VA":208.16,"SERHOG_EXP":0.0}},{"type":"Feature","geometry":{"type":"Point","coordinates":[-102.55,23.63]},"properties":{"id":"MEX","name":"México","continent":"america","year":2005,"AGRPFO_VA":24305.46,"AGRPFO_EXP":4405.24,"FORLOG_VA":1458.86,"FORLOG_EXP":25.51,"PESCAC_VA":509.56,"PESCAC_EXP":130.8,"MINCOL_VA":342.82,"MINCOL_EXP":5.21,"PETGAS_VA":53233.88,"PETGAS_EXP":28079.49,"MINORE_VA":2044.03,"MINORE_EXP":1260.93,"MINOTH_VA":3920.66,"MINOTH_EXP":236.99,"MINSER_VA":2783.97,"MINSER_EXP":3.9,"ALYBEB_VA":39432.58,"ALYBEB_EXP":5450.89,"TEXYPR_VA":8250.79,"TEXYPR_EXP":6657.61,"MADYPR_VA":1744.16,"MADYPR_EXP":252.86,"PAPYPR_VA":4481.29,"PAPYPR_EXP":1595.17,"PETREF_VA":1851.1,"PETREF_EXP":3208.75,"QUIMYP_VA":13611.21,"QUIMYP_EXP":5048.91,"FARMED_VA":5704.07,"FARMED_EXP":1843.65,"HUPLAS_VA":4926.2,"HUPLAS_EXP":3381.48,"PRNOMT_VA":7569.17,"PRNOMT_EXP":1936.18,"METBAS_VA":5570.18,"METBAS_EXP":2934.74,"NONFER_VA":4371.06,"NONFER_EXP":4118.97,"PRMETA_VA":5763.54,"PRMETA_EXP":5041.55,"ELCTRO_VA":16397.19,"ELCTRO_EXP":33390.41,"ELCTRI_VA":8053.66,"ELCTRI_EXP":11275.9,"MAQYEQ_VA":8113.81,"MAQYEQ_EXP":6717.5,"AUTOMO_VA":21192.9,"AUTOMO_EXP":40932.14,"OTRTRA_VA":288.85,"OTRTRA_EXP":120.73,"TRANSP_VA":901.1,"TRANSP_EXP":1862.68,"OTRMAN_VA":7399.38,"OTRMAN_EXP":4437.5,"ELEGAS_VA":13619.02,"ELEGAS_EXP":302.52,"AGUBAS_VA":2598.7,"AGUBAS_EXP":38.58,"CONSTR_VA":55125.19,"CONSTR_EXP":14.03,"COMREV_VA":160641.18,"COMREV_EXP":28626.07,"TRATIE_VA":48239.67,"TRATIE_EXP":8627.28,"TRAGUA_VA":713.65,"TRAGUA_EXP":612.35,"TRAAIR_VA":1522.17,"TRAAIR_EXP":1294.13,"ALMSTR_VA":5838.13,"ALMSTR_EXP":1313.58,"POSTME_VA":844.1,"POSTME_EXP":15.75,"HOTYRE_VA":26569.71,"HOTYRE_EXP":4908.96,"MMTVRA_VA":3363.72,"MMTVRA_EXP":581.19,"TELECO_VA":14052.92,"TELECO_EXP":437.29,"ITSERV_VA":1758.45,"ITSERV_EXP":22.54,"SERFIN_VA":26178.11,"SERFIN_EXP":2301.13,"GOBEST_VA":124036.23,"GOBEST_EXP":817.16,"SPRSCT_VA":22601.82,"SPRSCT_EXP":312.72,"SEAEMP_VA":34176.65,"SEAEMP_EXP":321.44,"ADPDEF_VA":31163.67,"ADPDEF_EXP":0.96,"EDUCAC_VA":33838.17,"EDUCAC_EXP":272.12,"SALUDH_VA":18038.12,"SALUDH_EXP":212.09,"ESPARC_VA":4785.15,"ESPARC_EXP":605.83,"OTRSER_VA":10825.81,"OTRSER_EXP":274.75,"SERHOG_VA":3922.08,"SERHOG_EXP":0.0}},{"type":"Feature","geometry":{"type":"Point","coordinates":[14.38,35.94]},"properties":{"id":"MLT","name":"Malta","continent":"europe","year":2005,"AGRPFO_VA":85.44,"AGRPFO_EXP":14.9,"FORLOG_VA":0.0,"FORLOG_EXP":0.0,"PESCAC_VA":40.17,"PESCAC_EXP":40.93,"MINCOL_VA":0.0,"MINCOL_EXP":0.0,"PETGAS_VA":2.32,"PETGAS_EXP":4.78,"MINORE_VA":0.43,"MINORE_EXP":0.16,"MINOTH_VA":12.17,"MINOTH_EXP":0.53,"MINSER_VA":9.78,"MINSER_EXP":2.68,"ALYBEB_VA":134.97,"ALYBEB_EXP":109.19,"TEXYPR_VA":78.89,"TEXYPR_EXP":77.16,"MADYPR_VA":5.01,"MADYPR_EXP":1.73,"PAPYPR_VA":69.97,"PAPYPR_EXP":122.51,"PETREF_VA":0.24,"PETREF_EXP":0.15,"QUIMYP_VA":14.94,"QUIMYP_EXP":20.64,"FARMED_VA":68.02,"FARMED_EXP":72.56,"HUPLAS_VA":57.47,"HUPLAS_EXP":84.95,"PRNOMT_VA":36.3,"PRNOMT_EXP":6.0,"METBAS_VA":0.43,"METBAS_EXP":0.26,"NONFER_VA":0.28,"NONFER_EXP":0.31,"PRMETA_VA":35.92,"PRMETA_EXP":26.93,"ELCTRO_VA":60.37,"ELCTRO_EXP":272.94,"ELCTRI_VA":22.95,"ELCTRI_EXP":39.01,"MAQYEQ_VA":20.85,"MAQYEQ_EXP":24.35,"AUTOMO_VA":32.32,"AUTOMO_EXP":0.82,"OTRTRA_VA":6.88,"OTRTRA_EXP":15.14,"TRANSP_VA":13.5,"TRANSP_EXP":23.46,"OTRMAN_VA":170.48,"OTRMAN_EXP":169.88,"ELEGAS_VA":13.26,"ELEGAS_EXP":0.33,"AGUBAS_VA":63.57,"AGUBAS_EXP":0.47,"CONSTR_VA":437.14,"CONSTR_EXP":4.66,"COMREV_VA":703.91,"COMREV_EXP":205.04,"TRATIE_VA":68.45,"TRATIE_EXP":47.56,"TRAGUA_VA":20.09,"TRAGUA_EXP":29.67,"TRAAIR_VA":49.36,"TRAAIR_EXP":164.97,"ALMSTR_VA":232.42,"ALMSTR_EXP":190.17,"POSTME_VA":15.86,"POSTME_EXP":8.26,"HOTYRE_VA":327.46,"HOTYRE_EXP":425.13,"MMTVRA_VA":40.08,"MMTVRA_EXP":17.22,"TELECO_VA":165.22,"TELECO_EXP":51.84,"ITSERV_VA":98.15,"ITSERV_EXP":30.6,"SERFIN_VA":406.44,"SERFIN_EXP":382.61,"GOBEST_VA":351.93,"GOBEST_EXP":21.79,"SPRSCT_VA":258.93,"SPRSCT_EXP":162.76,"SEAEMP_VA":216.61,"SEAEMP_EXP":105.88,"ADPDEF_VA":401.69,"ADPDEF_EXP":2.39,"EDUCAC_VA":366.72,"EDUCAC_EXP":11.23,"SALUDH_VA":303.54,"SALUDH_EXP":11.77,"ESPARC_VA":180.76,"ESPARC_EXP":247.13,"OTRSER_VA":80.63,"OTRSER_EXP":9.66,"SERHOG_VA":1.63,"SERHOG_EXP":0.0}},{"type":"Feature","geometry":{"type":"Point","coordinates":[95.96,21.91]},"properties":{"id":"MMR","name":"Myanmar","continent":"asia","year":2005,"AGRPFO_VA":3229.12,"AGRPFO_EXP":736.83,"FORLOG_VA":107.65,"FORLOG_EXP":141.94,"PESCAC_VA":671.69,"PESCAC_EXP":124.32,"MINCOL_VA":0.68,"MINCOL_EXP":0.15,"PETGAS_VA":343.14,"PETGAS_EXP":608.36,"MINORE_VA":45.01,"MINORE_EXP":9.45,"MINOTH_VA":44.89,"MINOTH_EXP":74.38,"MINSER_VA":1.99,"MINSER_EXP":0.67,"ALYBEB_VA":534.63,"ALYBEB_EXP":114.94,"TEXYPR_VA":381.21,"TEXYPR_EXP":198.49,"MADYPR_VA":60.98,"MADYPR_EXP":40.68,"PAPYPR_VA":46.32,"PAPYPR_EXP":11.54,"PETREF_VA":70.33,"PETREF_EXP":38.2,"QUIMYP_VA":56.94,"QUIMYP_EXP":8.57,"FARMED_VA":29.29,"FARMED_EXP":0.5,"HUPLAS_VA":36.24,"HUPLAS_EXP":6.06,"PRNOMT_VA":58.5,"PRNOMT_EXP":2.56,"METBAS_VA":36.53,"METBAS_EXP":0.22,"NONFER_VA":36.02,"NONFER_EXP":0.66,"PRMETA_VA":43.74,"PRMETA_EXP":6.94,"ELCTRO_VA":47.44,"ELCTRO_EXP":13.83,"ELCTRI_VA":39.65,"ELCTRI_EXP":17.76,"MAQYEQ_VA":35.72,"MAQYEQ_EXP":26.81,"AUTOMO_VA":60.19,"AUTOMO_EXP":2.47,"OTRTRA_VA":8.95,"OTRTRA_EXP":0.27,"TRANSP_VA":11.09,"TRANSP_EXP":14.43,"OTRMAN_VA":100.83,"OTRMAN_EXP":17.56,"ELEGAS_VA":39.87,"ELEGAS_EXP":4.64,"AGUBAS_VA":8.39,"AGUBAS_EXP":0.14,"CONSTR_VA":291.78,"CONSTR_EXP":2.02,"COMREV_VA":716.39,"COMREV_EXP":113.81,"TRATIE_VA":172.54,"TRATIE_EXP":23.65,"TRAGUA_VA":64.88,"TRAGUA_EXP":48.93,"TRAAIR_VA":40.4,"TRAAIR_EXP":42.08,"ALMSTR_VA":65.09,"ALMSTR_EXP":41.24,"POSTME_VA":11.28,"POSTME_EXP":0.11,"HOTYRE_VA":198.24,"HOTYRE_EXP":13.76,"MMTVRA_VA":41.56,"MMTVRA_EXP":2.57,"TELECO_VA":127.05,"TELECO_EXP":0.92,"ITSERV_VA":29.44,"ITSERV_EXP":0.68,"SERFIN_VA":202.43,"SERFIN_EXP":1.46,"GOBEST_VA":264.74,"GOBEST_EXP":5.16,"SPRSCT_VA":146.1,"SPRSCT_EXP":24.48,"SEAEMP_VA":97.38,"SEAEMP_EXP":16.4,"ADPDEF_VA":292.67,"ADPDEF_EXP":0.53,"EDUCAC_VA":176.73,"EDUCAC_EXP":0.81,"SALUDH_VA":219.07,"SALUDH_EXP":0.65,"ESPARC_VA":40.82,"ESPARC_EXP":1.47,"OTRSER_VA":60.12,"OTRSER_EXP":0.99,"SERHOG_VA":0.0,"SERHOG_EXP":0.0}},{"type":"Feature","geometry":{"type":"Point","coordinates":[101.98,4.21]},"properties":{"id":"MYS","name":"Malasia","continent":"asia","year":2005,"AGRPFO_VA":10573.86,"AGRPFO_EXP":2151.76,"FORLOG_VA":1385.3,"FORLOG_EXP":1032.91,"PESCAC_VA":1466.5,"PESCAC_EXP":148.15,"MINCOL_VA":5269.79,"MINCOL_EXP":87.55,"PETGAS_VA":7553.19,"PETGAS_EXP":13825.82,"MINORE_VA":214.23,"MINORE_EXP":50.77,"MINOTH_VA":764.66,"MINOTH_EXP":288.85,"MINSER_VA":1018.34,"MINSER_EXP":32.77,"ALYBEB_VA":2246.91,"ALYBEB_EXP":8876.74,"TEXYPR_VA":481.25,"TEXYPR_EXP":1767.0,"MADYPR_VA":720.07,"MADYPR_EXP":2754.24,"PAPYPR_VA":870.71,"PAPYPR_EXP":544.78,"PETREF_VA":4175.04,"PETREF_EXP":5178.88,"QUIMYP_VA":2639.61,"QUIMYP_EXP":7252.75,"FARMED_VA":190.4,"FARMED_EXP":125.17,"HUPLAS_VA":1703.5,"HUPLAS_EXP":4083.54,"PRNOMT_VA":921.07,"PRNOMT_EXP":703.63,"METBAS_VA":522.67,"METBAS_EXP":1643.51,"NONFER_VA":250.37,"NONFER_EXP":1594.27,"PRMETA_VA":1041.76,"PRMETA_EXP":1502.76,"ELCTRO_VA":6530.93,"ELCTRO_EXP":33333.24,"ELCTRI_VA":444.53,"ELCTRI_EXP":3354.01,"MAQYEQ_VA":777.03,"MAQYEQ_EXP":2845.53,"AUTOMO_VA":2272.82,"AUTOMO_EXP":405.43,"OTRTRA_VA":233.62,"OTRTRA_EXP":2567.36,"TRANSP_VA":221.87,"TRANSP_EXP":618.27,"OTRMAN_VA":1067.53,"OTRMAN_EXP":1280.1,"ELEGAS_VA":2878.71,"ELEGAS_EXP":311.17,"AGUBAS_VA":989.57,"AGUBAS_EXP":26.32,"CONSTR_VA":4609.49,"CONSTR_EXP":64.64,"COMREV_VA":29551.97,"COMREV_EXP":9858.81,"TRATIE_VA":1311.0,"TRATIE_EXP":1238.13,"TRAGUA_VA":784.27,"TRAGUA_EXP":1307.56,"TRAAIR_VA":650.76,"TRAAIR_EXP":2032.16,"ALMSTR_VA":1448.69,"ALMSTR_EXP":833.15,"POSTME_VA":190.95,"POSTME_EXP":390.55,"HOTYRE_VA":4103.21,"HOTYRE_EXP":3502.29,"MMTVRA_VA":632.46,"MMTVRA_EXP":323.14,"TELECO_VA":2994.88,"TELECO_EXP":627.11,"ITSERV_VA":1520.27,"ITSERV_EXP":1065.1,"SERFIN_VA":10375.03,"SERFIN_EXP":1808.43,"GOBEST_VA":3963.76,"GOBEST_EXP":678.61,"SPRSCT_VA":2747.19,"SPRSCT_EXP":2501.13,"SEAEMP_VA":1419.95,"SEAEMP_EXP":1001.8,"ADPDEF_VA":10423.28,"ADPDEF_EXP":225.47,"EDUCAC_VA":4589.89,"EDUCAC_EXP":165.27,"SALUDH_VA":1294.56,"SALUDH_EXP":134.74,"ESPARC_VA":850.39,"ESPARC_EXP":442.56,"OTRSER_VA":294.18,"OTRSER_EXP":180.14,"SERHOG_VA":150.85,"SERHOG_EXP":0.0}},{"type":"Feature","geometry":{"type":"Point","coordinates":[8.68,9.08]},"properties":{"id":"NGA","name":"Nigeria","continent":"other","year":2005,"AGRPFO_VA":45107.92,"AGRPFO_EXP":723.78,"FORLOG_VA":519.6,"FORLOG_EXP":50.27,"PESCAC_VA":995.51,"PESCAC_EXP":0.65,"MINCOL_VA":12.09,"MINCOL_EXP":0.03,"PETGAS_VA":25398.61,"PETGAS_EXP":29137.3,"MINORE_VA":7.13,"MINORE_EXP":2.17,"MINOTH_VA":136.78,"MINOTH_EXP":13.72,"MINSER_VA":24.1,"MINSER_EXP":4.84,"ALYBEB_VA":11629.54,"ALYBEB_EXP":538.24,"TEXYPR_VA":1643.32,"TEXYPR_EXP":708.54,"MADYPR_VA":498.21,"MADYPR_EXP":58.69,"PAPYPR_VA":166.08,"PAPYPR_EXP":1.29,"PETREF_VA":928.66,"PETREF_EXP":1309.86,"QUIMYP_VA":257.77,"QUIMYP_EXP":74.71,"FARMED_VA":50.79,"FARMED_EXP":1.06,"HUPLAS_VA":150.16,"HUPLAS_EXP":73.68,"PRNOMT_VA":917.49,"PRNOMT_EXP":3.39,"METBAS_VA":72.6,"METBAS_EXP":8.75,"NONFER_VA":69.09,"NONFER_EXP":15.34,"PRMETA_VA":56.45,"PRMETA_EXP":21.52,"ELCTRO_VA":82.45,"ELCTRO_EXP":4.0,"ELCTRI_VA":10.1,"ELCTRI_EXP":5.89,"MAQYEQ_VA":58.76,"MAQYEQ_EXP":47.39,"AUTOMO_VA":95.25,"AUTOMO_EXP":5.6,"OTRTRA_VA":77.66,"OTRTRA_EXP":4.62,"TRANSP_VA":1.33,"TRANSP_EXP":1.18,"OTRMAN_VA":588.96,"OTRMAN_EXP":13.84,"ELEGAS_VA":571.16,"ELEGAS_EXP":5.8,"AGUBAS_VA":220.22,"AGUBAS_EXP":0.03,"CONSTR_VA":3533.46,"CONSTR_EXP":0.22,"COMREV_VA":25355.93,"COMREV_EXP":1742.62,"TRATIE_VA":2434.34,"TRATIE_EXP":1340.25,"TRAGUA_VA":158.24,"TRAGUA_EXP":43.75,"TRAAIR_VA":159.47,"TRAAIR_EXP":365.68,"ALMSTR_VA":472.25,"ALMSTR_EXP":142.97,"POSTME_VA":53.03,"POSTME_EXP":52.33,"HOTYRE_VA":785.5,"HOTYRE_EXP":18.33,"MMTVRA_VA":3778.79,"MMTVRA_EXP":23.28,"TELECO_VA":7562.21,"TELECO_EXP":17.38,"ITSERV_VA":2718.0,"ITSERV_EXP":125.6,"SERFIN_VA":4260.42,"SERFIN_EXP":72.42,"GOBEST_VA":14225.9,"GOBEST_EXP":33.2,"SPRSCT_VA":4936.18,"SPRSCT_EXP":61.99,"SEAEMP_VA":37.71,"SEAEMP_EXP":1.11,"ADPDEF_VA":5134.41,"ADPDEF_EXP":0.01,"EDUCAC_VA":2998.16,"EDUCAC_EXP":0.87,"SALUDH_VA":1347.6,"SALUDH_EXP":0.71,"ESPARC_VA":165.26,"ESPARC_EXP":1.99,"OTRSER_VA":2493.94,"OTRSER_EXP":1.51,"SERHOG_VA":622.37,"SERHOG_EXP":0.0}},{"type":"Feature","geometry":{"type":"Point","coordinates":[5.29,52.13]},"properties":{"id":"NLD","name":"Países Bajos","continent":"europe","year":2005,"AGRPFO_VA":13170.17,"AGRPFO_EXP":14807.41,"FORLOG_VA":122.31,"FORLOG_EXP":151.22,"PESCAC_VA":439.71,"PESCAC_EXP":465.45,"MINCOL_VA":0.0,"MINCOL_EXP":0.0,"PETGAS_VA":15651.16,"PETGAS_EXP":14871.65,"MINORE_VA":0.0,"MINORE_EXP":0.0,"MINOTH_VA":511.86,"MINOTH_EXP":555.44,"MINSER_VA":2997.84,"MINSER_EXP":2344.92,"ALYBEB_VA":15374.13,"ALYBEB_EXP":27496.38,"TEXYPR_VA":1327.94,"TEXYPR_EXP":2497.43,"MADYPR_VA":1204.95,"MADYPR_EXP":778.59,"PAPYPR_VA":5183.35,"PAPYPR_EXP":3410.38,"PETREF_VA":3260.73,"PETREF_EXP":13677.26,"QUIMYP_VA":12157.99,"QUIMYP_EXP":29322.38,"FARMED_VA":3126.76,"FARMED_EXP":5648.01,"HUPLAS_VA":2929.41,"HUPLAS_EXP":4354.89,"PRNOMT_VA":2362.16,"PRNOMT_EXP":1399.16,"METBAS_VA":2483.31,"METBAS_EXP":1889.32,"NONFER_VA":908.71,"NONFER_EXP":2351.37,"PRMETA_VA":6543.82,"PRMETA_EXP":5716.99,"ELCTRO_VA":6737.58,"ELCTRO_EXP":22181.49,"ELCTRI_VA":2555.0,"ELCTRI_EXP":4789.11,"MAQYEQ_VA":7353.29,"MAQYEQ_EXP":15787.55,"AUTOMO_VA":3198.1,"AUTOMO_EXP":4754.2,"OTRTRA_VA":1221.76,"OTRTRA_EXP":1262.87,"TRANSP_VA":724.57,"TRANSP_EXP":520.42,"OTRMAN_VA":6627.55,"OTRMAN_EXP":5747.86,"ELEGAS_VA":6899.62,"ELEGAS_EXP":619.28,"AGUBAS_VA":4206.24,"AGUBAS_EXP":746.43,"CONSTR_VA":34084.77,"CONSTR_EXP":261.35,"COMREV_VA":82359.36,"COMREV_EXP":45435.77,"TRATIE_VA":12574.58,"TRATIE_EXP":7924.74,"TRAGUA_VA":2920.02,"TRAGUA_EXP":5012.55,"TRAAIR_VA":3927.05,"TRAAIR_EXP":7264.95,"ALMSTR_VA":8178.5,"ALMSTR_EXP":6091.25,"POSTME_VA":3753.79,"POSTME_EXP":2380.31,"HOTYRE_VA":11652.32,"HOTYRE_EXP":3275.12,"MMTVRA_VA":5867.61,"MMTVRA_EXP":3507.66,"TELECO_VA":12109.68,"TELECO_EXP":1830.27,"ITSERV_VA":12562.94,"ITSERV_EXP":7372.47,"SERFIN_VA":46559.45,"SERFIN_EXP":7126.88,"GOBEST_VA":44558.85,"GOBEST_EXP":536.74,"SPRSCT_VA":49913.95,"SPRSCT_EXP":21191.9,"SEAEMP_VA":30955.76,"SEAEMP_EXP":8046.21,"ADPDEF_VA":48285.88,"ADPDEF_EXP":2690.68,"EDUCAC_VA":29560.6,"EDUCAC_EXP":511.22,"SALUDH_VA":47802.77,"SALUDH_EXP":192.86,"ESPARC_VA":7484.07,"ESPARC_EXP":840.21,"OTRSER_VA":7558.07,"OTRSER_EXP":280.34,"SERHOG_VA":301.56,"SERHOG_EXP":0.0}},{"type":"Feature","geometry":{"type":"Point","coordinates":[8.47,60.47]},"properties":{"id":"NOR","name":"Noruega","continent":"europe","year":2005,"AGRPFO_VA":1630.75,"AGRPFO_EXP":67.79,"FORLOG_VA":750.48,"FORLOG_EXP":28.89,"PESCAC_VA":1996.2,"PESCAC_EXP":1210.13,"MINCOL_VA":228.58,"MINCOL_EXP":126.04,"PETGAS_VA":69221.64,"PETGAS_EXP":64002.63,"MINORE_VA":52.62,"MINORE_EXP":64.27,"MINOTH_VA":350.31,"MINOTH_EXP":308.23,"MINSER_VA":2354.29,"MINSER_EXP":474.07,"ALYBEB_VA":5090.18,"ALYBEB_EXP":2395.07,"TEXYPR_VA":418.55,"TEXYPR_EXP":284.66,"MADYPR_VA":1238.57,"MADYPR_EXP":322.98,"PAPYPR_VA":1660.55,"PAPYPR_EXP":1383.72,"PETREF_VA":581.09,"PETREF_EXP":4184.29,"QUIMYP_VA":1711.11,"QUIMYP_EXP":2602.53,"FARMED_VA":567.74,"FARMED_EXP":318.48,"HUPLAS_VA":537.1,"HUPLAS_EXP":294.57,"PRNOMT_VA":1161.43,"PRNOMT_EXP":293.68,"METBAS_VA":795.22,"METBAS_EXP":1129.37,"NONFER_VA":1312.21,"NONFER_EXP":4651.55,"PRMETA_VA":1907.56,"PRMETA_EXP":703.24,"ELCTRO_VA":1390.19,"ELCTRO_EXP":1574.58,"ELCTRI_VA":887.1,"ELCTRI_EXP":729.83,"MAQYEQ_VA":1762.91,"MAQYEQ_EXP":1543.06,"AUTOMO_VA":469.75,"AUTOMO_EXP":520.44,"OTRTRA_VA":2513.22,"OTRTRA_EXP":819.53,"TRANSP_VA":79.99,"TRANSP_EXP":103.73,"OTRMAN_VA":2531.58,"OTRMAN_EXP":1379.58,"ELEGAS_VA":6612.99,"ELEGAS_EXP":562.48,"AGUBAS_VA":2001.84,"AGUBAS_EXP":17.18,"CONSTR_VA":13942.4,"CONSTR_EXP":23.09,"COMREV_VA":22802.19,"COMREV_EXP":6972.75,"TRATIE_VA":6705.84,"TRATIE_EXP":3551.57,"TRAGUA_VA":4949.43,"TRAGUA_EXP":13998.3,"TRAAIR_VA":1179.65,"TRAAIR_EXP":741.39,"ALMSTR_VA":3078.3,"ALMSTR_EXP":1807.48,"POSTME_VA":1514.64,"POSTME_EXP":80.49,"HOTYRE_VA":3634.0,"HOTYRE_EXP":1183.79,"MMTVRA_VA":4042.15,"MMTVRA_EXP":344.9,"TELECO_VA":3705.11,"TELECO_EXP":387.42,"ITSERV_VA":3762.72,"ITSERV_EXP":844.2,"SERFIN_VA":11171.19,"SERFIN_EXP":1611.23,"GOBEST_VA":18981.22,"GOBEST_EXP":401.93,"SPRSCT_VA":9812.18,"SPRSCT_EXP":2909.1,"SEAEMP_VA":5912.6,"SEAEMP_EXP":1319.86,"ADPDEF_VA":15000.78,"ADPDEF_EXP":17.05,"EDUCAC_VA":12862.92,"EDUCAC_EXP":181.84,"SALUDH_VA":23937.14,"SALUDH_EXP":53.62,"ESPARC_VA":3386.75,"ESPARC_EXP":229.71,"OTRSER_VA":2358.84,"OTRSER_EXP":62.54,"SERHOG_VA":81.49,"SERHOG_EXP":0.0}},{"type":"Feature","geometry":{"type":"Point","coordinates":[174.89,-40.9]},"properties":{"id":"NZL","name":"Nueva Zelanda","continent":"other","year":2005,"AGRPFO_VA":3849.82,"AGRPFO_EXP":1065.71,"FORLOG_VA":584.12,"FORLOG_EXP":297.32,"PESCAC_VA":872.97,"PESCAC_EXP":109.65,"MINCOL_VA":24.88,"MINCOL_EXP":55.74,"PETGAS_VA":314.16,"PETGAS_EXP":180.94,"MINORE_VA":804.55,"MINORE_EXP":27.83,"MINOTH_VA":127.87,"MINOTH_EXP":12.18,"MINSER_VA":101.31,"MINSER_EXP":13.92,"ALYBEB_VA":5648.41,"ALYBEB_EXP":8000.87,"TEXYPR_VA":615.76,"TEXYPR_EXP":612.25,"MADYPR_VA":967.01,"MADYPR_EXP":775.05,"PAPYPR_VA":1267.07,"PAPYPR_EXP":737.66,"PETREF_VA":1458.75,"PETREF_EXP":400.5,"QUIMYP_VA":727.92,"QUIMYP_EXP":548.77,"FARMED_VA":108.31,"FARMED_EXP":89.68,"HUPLAS_VA":917.74,"HUPLAS_EXP":365.22,"PRNOMT_VA":698.49,"PRNOMT_EXP":63.16,"METBAS_VA":186.52,"METBAS_EXP":315.84,"NONFER_VA":415.4,"NONFER_EXP":728.41,"PRMETA_VA":1361.66,"PRMETA_EXP":372.09,"ELCTRO_VA":195.18,"ELCTRO_EXP":263.71,"ELCTRI_VA":476.68,"ELCTRI_EXP":505.45,"MAQYEQ_VA":1055.06,"MAQYEQ_EXP":530.71,"AUTOMO_VA":143.86,"AUTOMO_EXP":47.48,"OTRTRA_VA":116.08,"OTRTRA_EXP":128.43,"TRANSP_VA":399.11,"TRANSP_EXP":44.31,"OTRMAN_VA":503.35,"OTRMAN_EXP":273.13,"ELEGAS_VA":2787.99,"ELEGAS_EXP":42.21,"AGUBAS_VA":677.64,"AGUBAS_EXP":6.36,"CONSTR_VA":6374.11,"CONSTR_EXP":57.76,"COMREV_VA":11631.62,"COMREV_EXP":4321.51,"TRATIE_VA":2073.91,"TRATIE_EXP":663.11,"TRAGUA_VA":336.81,"TRAGUA_EXP":187.79,"TRAAIR_VA":596.17,"TRAAIR_EXP":1270.8,"ALMSTR_VA":1668.72,"ALMSTR_EXP":256.18,"POSTME_VA":774.15,"POSTME_EXP":86.81,"HOTYRE_VA":2353.42,"HOTYRE_EXP":1579.25,"MMTVRA_VA":1413.74,"MMTVRA_EXP":253.76,"TELECO_VA":1441.7,"TELECO_EXP":398.93,"ITSERV_VA":1486.58,"ITSERV_EXP":373.06,"SERFIN_VA":5676.66,"SERFIN_EXP":348.28,"GOBEST_VA":11553.07,"GOBEST_EXP":429.94,"SPRSCT_VA":8085.02,"SPRSCT_EXP":664.6,"SEAEMP_VA":2307.49,"SEAEMP_EXP":719.98,"ADPDEF_VA":4580.67,"ADPDEF_EXP":62.83,"EDUCAC_VA":4912.22,"EDUCAC_EXP":288.48,"SALUDH_VA":6228.72,"SALUDH_EXP":116.16,"ESPARC_VA":1746.95,"ESPARC_EXP":504.96,"OTRSER_VA":2609.14,"OTRSER_EXP":124.25,"SERHOG_VA":294.02,"SERHOG_EXP":0.0}},{"type":"Feature","geometry":{"type":"Point","coordinates":[69.35,30.38]},"properties":{"id":"PAK","name":"Pakistán","continent":"asia","year":2005,"AGRPFO_VA":21891.76,"AGRPFO_EXP":285.51,"FORLOG_VA":1056.47,"FORLOG_EXP":19.28,"PESCAC_VA":317.51,"PESCAC_EXP":22.44,"MINCOL_VA":61.67,"MINCOL_EXP":2.01,"PETGAS_VA":2140.92,"PETGAS_EXP":18.09,"MINORE_VA":77.32,"MINORE_EXP":23.89,"MINOTH_VA":95.62,"MINOTH_EXP":11.24,"MINSER_VA":99.43,"MINSER_EXP":3.98,"ALYBEB_VA":4348.34,"ALYBEB_EXP":1207.61,"TEXYPR_VA":5609.05,"TEXYPR_EXP":7123.22,"MADYPR_VA":457.37,"MADYPR_EXP":18.74,"PAPYPR_VA":990.68,"PAPYPR_EXP":36.64,"PETREF_VA":1125.06,"PETREF_EXP":481.92,"QUIMYP_VA":1278.11,"QUIMYP_EXP":339.11,"FARMED_VA":449.11,"FARMED_EXP":53.99,"HUPLAS_VA":589.68,"HUPLAS_EXP":129.06,"PRNOMT_VA":1019.8,"PRNOMT_EXP":115.75,"METBAS_VA":562.17,"METBAS_EXP":50.26,"NONFER_VA":403.73,"NONFER_EXP":8.56,"PRMETA_VA":753.96,"PRMETA_EXP":86.62,"ELCTRO_VA":657.56,"ELCTRO_EXP":62.94,"ELCTRI_VA":450.02,"ELCTRI_EXP":37.66,"MAQYEQ_VA":705.84,"MAQYEQ_EXP":44.86,"AUTOMO_VA":943.61,"AUTOMO_EXP":18.33,"OTRTRA_VA":138.8,"OTRTRA_EXP":2.57,"TRANSP_VA":153.7,"TRANSP_EXP":6.49,"OTRMAN_VA":465.1,"OTRMAN_EXP":325.05,"ELEGAS_VA":2516.94,"ELEGAS_EXP":8.08,"AGUBAS_VA":627.87,"AGUBAS_EXP":3.95,"CONSTR_VA":3121.76,"CONSTR_EXP":14.63,"COMREV_VA":10910.82,"COMREV_EXP":1770.59,"TRATIE_VA":2725.02,"TRATIE_EXP":204.33,"TRAGUA_VA":751.16,"TRAGUA_EXP":293.97,"TRAAIR_VA":562.25,"TRAAIR_EXP":545.96,"ALMSTR_VA":910.64,"ALMSTR_EXP":146.59,"POSTME_VA":233.38,"POSTME_EXP":1.79,"HOTYRE_VA":2662.95,"HOTYRE_EXP":67.99,"MMTVRA_VA":907.55,"MMTVRA_EXP":105.41,"TELECO_VA":1982.8,"TELECO_EXP":220.59,"ITSERV_VA":553.76,"ITSERV_EXP":393.45,"SERFIN_VA":3654.5,"SERFIN_EXP":174.21,"GOBEST_VA":5043.86,"GOBEST_EXP":38.93,"SPRSCT_VA":2855.78,"SPRSCT_EXP":428.02,"SEAEMP_VA":1762.77,"SEAEMP_EXP":222.61,"ADPDEF_VA":5077.46,"ADPDEF_EXP":4.72,"EDUCAC_VA":2555.35,"EDUCAC_EXP":5.64,"SALUDH_VA":4024.18,"SALUDH_EXP":5.23,"ESPARC_VA":796.85,"ESPARC_EXP":34.92,"OTRSER_VA":1199.04,"OTRSER_EXP":12.38,"SERHOG_VA":545.23,"SERHOG_EXP":0.0}},{"type":"Feature","geometry":{"type":"Point","coordinates":[-75.02,-9.19]},"properties":{"id":"PER","name":"Perú","continent":"america","year":2005,"AGRPFO_VA":4196.86,"AGRPFO_EXP":397.79,"FORLOG_VA":196.85,"FORLOG_EXP":6.63,"PESCAC_VA":552.57,"PESCAC_EXP":4.03,"MINCOL_VA":112.51,"MINCOL_EXP":0.2,"PETGAS_VA":1329.8,"PETGAS_EXP":451.69,"MINORE_VA":8647.15,"MINORE_EXP":7969.17,"MINOTH_VA":212.18,"MINOTH_EXP":11.07,"MINSER_VA":857.73,"MINSER_EXP":0.68,"ALYBEB_VA":2949.72,"ALYBEB_EXP":1797.52,"TEXYPR_VA":1725.07,"TEXYPR_EXP":905.24,"MADYPR_VA":385.22,"MADYPR_EXP":103.42,"PAPYPR_VA":692.06,"PAPYPR_EXP":48.49,"PETREF_VA":541.49,"PETREF_EXP":979.12,"QUIMYP_VA":742.8,"QUIMYP_EXP":287.19,"FARMED_VA":225.85,"FARMED_EXP":11.79,"HUPLAS_VA":457.62,"HUPLAS_EXP":152.07,"PRNOMT_VA":752.3,"PRNOMT_EXP":102.73,"METBAS_VA":203.56,"METBAS_EXP":73.63,"NONFER_VA":1517.01,"NONFER_EXP":2727.9,"PRMETA_VA":463.39,"PRMETA_EXP":145.72,"ELCTRO_VA":29.07,"ELCTRO_EXP":10.79,"ELCTRI_VA":40.04,"ELCTRI_EXP":150.78,"MAQYEQ_VA":312.41,"MAQYEQ_EXP":65.96,"AUTOMO_VA":161.39,"AUTOMO_EXP":17.64,"OTRTRA_VA":9.81,"OTRTRA_EXP":4.33,"TRANSP_VA":79.14,"TRANSP_EXP":3.03,"OTRMAN_VA":1791.79,"OTRMAN_EXP":560.8,"ELEGAS_VA":1251.17,"ELEGAS_EXP":3.08,"AGUBAS_VA":305.89,"AGUBAS_EXP":0.16,"CONSTR_VA":3582.89,"CONSTR_EXP":2.59,"COMREV_VA":7664.45,"COMREV_EXP":1243.52,"TRATIE_VA":2693.43,"TRATIE_EXP":284.75,"TRAGUA_VA":66.37,"TRAGUA_EXP":50.49,"TRAAIR_VA":195.36,"TRAAIR_EXP":176.63,"ALMSTR_VA":793.0,"ALMSTR_EXP":110.17,"POSTME_VA":92.6,"POSTME_EXP":8.19,"HOTYRE_VA":2227.52,"HOTYRE_EXP":508.68,"MMTVRA_VA":387.86,"MMTVRA_EXP":41.91,"TELECO_VA":1378.1,"TELECO_EXP":49.93,"ITSERV_VA":206.26,"ITSERV_EXP":1.36,"SERFIN_VA":2450.42,"SERFIN_EXP":81.04,"GOBEST_VA":3599.64,"GOBEST_EXP":57.26,"SPRSCT_VA":2105.59,"SPRSCT_EXP":58.5,"SEAEMP_VA":1628.57,"SEAEMP_EXP":77.5,"ADPDEF_VA":3180.31,"ADPDEF_EXP":130.27,"EDUCAC_VA":3539.14,"EDUCAC_EXP":26.77,"SALUDH_VA":1700.43,"SALUDH_EXP":26.05,"ESPARC_VA":423.64,"ESPARC_EXP":136.7,"OTRSER_VA":790.32,"OTRSER_EXP":39.27,"SERHOG_VA":1871.06,"SERHOG_EXP":0.0}},{"type":"Feature","geometry":{"type":"Point","coordinates":[121.77,12.88]},"properties":{"id":"PHL","name":"Filipinas","continent":"asia","year":2005,"AGRPFO_VA":10219.5,"AGRPFO_EXP":654.15,"FORLOG_VA":981.16,"FORLOG_EXP":8.82,"PESCAC_VA":2556.85,"PESCAC_EXP":105.78,"MINCOL_VA":70.93,"MINCOL_EXP":79.08,"PETGAS_VA":571.08,"PETGAS_EXP":172.22,"MINORE_VA":423.61,"MINORE_EXP":146.95,"MINOTH_VA":170.91,"MINOTH_EXP":20.72,"MINSER_VA":35.92,"MINSER_EXP":70.83,"ALYBEB_VA":10626.07,"ALYBEB_EXP":2814.99,"TEXYPR_VA":2068.81,"TEXYPR_EXP":1567.22,"MADYPR_VA":299.11,"MADYPR_EXP":259.0,"PAPYPR_VA":310.55,"PAPYPR_EXP":196.78,"PETREF_VA":1561.44,"PETREF_EXP":1147.32,"QUIMYP_VA":1394.27,"QUIMYP_EXP":537.27,"FARMED_VA":362.27,"FARMED_EXP":40.28,"HUPLAS_VA":278.65,"HUPLAS_EXP":377.55,"PRNOMT_VA":420.67,"PRNOMT_EXP":273.76,"METBAS_VA":136.85,"METBAS_EXP":332.72,"NONFER_VA":235.49,"NONFER_EXP":994.76,"PRMETA_VA":186.71,"PRMETA_EXP":362.03,"ELCTRO_VA":4691.46,"ELCTRO_EXP":9152.77,"ELCTRI_VA":423.09,"ELCTRI_EXP":1376.93,"MAQYEQ_VA":412.34,"MAQYEQ_EXP":190.57,"AUTOMO_VA":287.55,"AUTOMO_EXP":242.33,"OTRTRA_VA":74.66,"OTRTRA_EXP":126.17,"TRANSP_VA":213.82,"TRANSP_EXP":82.43,"OTRMAN_VA":669.79,"OTRMAN_EXP":533.6,"ELEGAS_VA":3186.5,"ELEGAS_EXP":23.68,"AGUBAS_VA":563.7,"AGUBAS_EXP":5.97,"CONSTR_VA":4806.87,"CONSTR_EXP":61.05,"COMREV_VA":16240.67,"COMREV_EXP":3731.86,"TRATIE_VA":2521.43,"TRATIE_EXP":545.74,"TRAGUA_VA":462.98,"TRAGUA_EXP":656.31,"TRAAIR_VA":399.5,"TRAAIR_EXP":929.77,"ALMSTR_VA":791.97,"ALMSTR_EXP":220.7,"POSTME_VA":84.36,"POSTME_EXP":16.73,"HOTYRE_VA":1549.61,"HOTYRE_EXP":1399.18,"MMTVRA_VA":504.54,"MMTVRA_EXP":277.14,"TELECO_VA":4688.47,"TELECO_EXP":1248.66,"ITSERV_VA":398.21,"ITSERV_EXP":363.02,"SERFIN_VA":6039.19,"SERFIN_EXP":413.92,"GOBEST_VA":6285.17,"GOBEST_EXP":295.39,"SPRSCT_VA":1226.47,"SPRSCT_EXP":1245.1,"SEAEMP_VA":2293.05,"SEAEMP_EXP":2487.02,"ADPDEF_VA":4095.05,"ADPDEF_EXP":14.18,"EDUCAC_VA":4362.31,"EDUCAC_EXP":53.0,"SALUDH_VA":1360.97,"SALUDH_EXP":37.93,"ESPARC_VA":981.47,"ESPARC_EXP":192.31,"OTRSER_VA":1072.99,"OTRSER_EXP":58.87,"SERHOG_VA":0.0,"SERHOG_EXP":0.0}},{"type":"Feature","geometry":{"type":"Point","coordinates":[19.15,51.92]},"properties":{"id":"POL","name":"Polonia","continent":"europe","year":2005,"AGRPFO_VA":8728.93,"AGRPFO_EXP":1246.74,"FORLOG_VA":852.4,"FORLOG_EXP":117.99,"PESCAC_VA":60.86,"PESCAC_EXP":18.95,"MINCOL_VA":4732.26,"MINCOL_EXP":1233.03,"PETGAS_VA":64.12,"PETGAS_EXP":115.56,"MINORE_VA":1615.19,"MINORE_EXP":1842.69,"MINOTH_VA":515.74,"MINOTH_EXP":50.08,"MINSER_VA":107.15,"MINSER_EXP":56.53,"ALYBEB_VA":9226.78,"ALYBEB_EXP":5366.16,"TEXYPR_VA":2627.03,"TEXYPR_EXP":3572.65,"MADYPR_VA":2035.37,"MADYPR_EXP":2244.76,"PAPYPR_VA":2679.8,"PAPYPR_EXP":1600.03,"PETREF_VA":3271.72,"PETREF_EXP":2395.54,"QUIMYP_VA":2699.52,"QUIMYP_EXP":3004.27,"FARMED_VA":805.88,"FARMED_EXP":407.41,"HUPLAS_VA":3356.92,"HUPLAS_EXP":3434.07,"PRNOMT_VA":3740.57,"PRNOMT_EXP":1585.57,"METBAS_VA":1791.84,"METBAS_EXP":2416.15,"NONFER_VA":396.02,"NONFER_EXP":1401.96,"PRMETA_VA":4496.94,"PRMETA_EXP":3837.03,"ELCTRO_VA":1461.26,"ELCTRO_EXP":2690.5,"ELCTRI_VA":2029.11,"ELCTRI_EXP":3268.67,"MAQYEQ_VA":2811.01,"MAQYEQ_EXP":4427.41,"AUTOMO_VA":4482.45,"AUTOMO_EXP":9647.51,"OTRTRA_VA":506.02,"OTRTRA_EXP":1449.04,"TRANSP_VA":468.34,"TRANSP_EXP":704.58,"OTRMAN_VA":5482.68,"OTRMAN_EXP":4799.13,"ELEGAS_VA":8665.97,"ELEGAS_EXP":705.98,"AGUBAS_VA":3121.21,"AGUBAS_EXP":51.35,"CONSTR_VA":21528.55,"CONSTR_EXP":251.54,"COMREV_VA":51559.44,"COMREV_EXP":16066.38,"TRATIE_VA":12187.39,"TRATIE_EXP":6171.55,"TRAGUA_VA":337.27,"TRAGUA_EXP":276.05,"TRAAIR_VA":712.49,"TRAAIR_EXP":1214.89,"ALMSTR_VA":3644.16,"ALMSTR_EXP":2739.86,"POSTME_VA":2142.02,"POSTME_EXP":237.8,"HOTYRE_VA":3204.85,"HOTYRE_EXP":533.88,"MMTVRA_VA":3653.12,"MMTVRA_EXP":447.14,"TELECO_VA":6358.62,"TELECO_EXP":403.54,"ITSERV_VA":2186.64,"ITSERV_EXP":788.76,"SERFIN_VA":10096.05,"SERFIN_EXP":666.56,"GOBEST_VA":17153.64,"GOBEST_EXP":355.25,"SPRSCT_VA":13730.48,"SPRSCT_EXP":2472.21,"SEAEMP_VA":4014.78,"SEAEMP_EXP":677.67,"ADPDEF_VA":16698.51,"ADPDEF_EXP":4.19,"EDUCAC_VA":14465.08,"EDUCAC_EXP":55.68,"SALUDH_VA":10192.3,"SALUDH_EXP":86.31,"ESPARC_VA":2229.59,"ESPARC_EXP":253.5,"OTRSER_VA":3340.67,"OTRSER_EXP":106.36,"SERHOG_VA":27.62,"SERHOG_EXP":0.0}},{"type":"Feature","geometry":{"type":"Point","coordinates":[-8.22,39.4]},"properties":{"id":"PRT","name":"Portugal","continent":"europe","year":2005,"AGRPFO_VA":3487.78,"AGRPFO_EXP":416.59,"FORLOG_VA":881.76,"FORLOG_EXP":116.08,"PESCAC_VA":377.21,"PESCAC_EXP":90.67,"MINCOL_VA":0.0,"MINCOL_EXP":0.0,"PETGAS_VA":0.0,"PETGAS_EXP":0.0,"MINORE_VA":456.16,"MINORE_EXP":329.3,"MINOTH_VA":418.32,"MINOTH_EXP":85.65,"MINSER_VA":7.14,"MINSER_EXP":0.06,"ALYBEB_VA":4093.94,"ALYBEB_EXP":2236.08,"TEXYPR_VA":4480.49,"TEXYPR_EXP":4685.15,"MADYPR_VA":1155.91,"MADYPR_EXP":1211.71,"PAPYPR_VA":1874.28,"PAPYPR_EXP":1554.62,"PETREF_VA":735.41,"PETREF_EXP":1321.18,"QUIMYP_VA":1019.88,"QUIMYP_EXP":1709.88,"FARMED_VA":494.28,"FARMED_EXP":241.49,"HUPLAS_VA":1233.12,"HUPLAS_EXP":1291.43,"PRNOMT_VA":2038.17,"PRNOMT_EXP":1172.28,"METBAS_VA":278.33,"METBAS_EXP":459.48,"NONFER_VA":102.51,"NONFER_EXP":539.51,"PRMETA_VA":2308.32,"PRMETA_EXP":1246.66,"ELCTRO_VA":941.02,"ELCTRO_EXP":2895.61,"ELCTRI_VA":794.0,"ELCTRI_EXP":1342.52,"MAQYEQ_VA":844.75,"MAQYEQ_EXP":1713.71,"AUTOMO_VA":1803.1,"AUTOMO_EXP":4096.45,"OTRTRA_VA":67.39,"OTRTRA_EXP":162.22,"TRANSP_VA":97.67,"TRANSP_EXP":72.95,"OTRMAN_VA":1920.3,"OTRMAN_EXP":1314.51,"ELEGAS_VA":3224.29,"ELEGAS_EXP":125.72,"AGUBAS_VA":1529.38,"AGUBAS_EXP":14.88,"CONSTR_VA":13038.19,"CONSTR_EXP":74.28,"COMREV_VA":24130.56,"COMREV_EXP":7227.59,"TRATIE_VA":3669.64,"TRATIE_EXP":1936.82,"TRAGUA_VA":170.44,"TRAGUA_EXP":356.12,"TRAAIR_VA":907.94,"TRAAIR_EXP":2001.63,"ALMSTR_VA":2718.43,"ALMSTR_EXP":670.37,"POSTME_VA":498.52,"POSTME_EXP":153.91,"HOTYRE_VA":8462.25,"HOTYRE_EXP":2978.61,"MMTVRA_VA":1300.55,"MMTVRA_EXP":357.32,"TELECO_VA":4251.06,"TELECO_EXP":701.4,"ITSERV_VA":1406.29,"ITSERV_EXP":207.38,"SERFIN_VA":11547.36,"SERFIN_EXP":628.31,"GOBEST_VA":15053.56,"GOBEST_EXP":324.66,"SPRSCT_VA":6309.13,"SPRSCT_EXP":894.08,"SEAEMP_VA":5199.42,"SEAEMP_EXP":641.4,"ADPDEF_VA":15546.33,"ADPDEF_EXP":121.27,"EDUCAC_VA":12560.53,"EDUCAC_EXP":122.39,"SALUDH_VA":11004.3,"SALUDH_EXP":111.69,"ESPARC_VA":1395.83,"ESPARC_EXP":320.31,"OTRSER_VA":1906.67,"OTRSER_EXP":127.67,"SERHOG_VA":1154.59,"SERHOG_EXP":0.0}},{"type":"Feature","geometry":{"type":"Point","coordinates":[24.97,45.94]},"properties":{"id":"ROU","name":"Rumania","continent":"europe","year":2005,"AGRPFO_VA":7954.36,"AGRPFO_EXP":222.07,"FORLOG_VA":394.15,"FORLOG_EXP":11.97,"PESCAC_VA":5.56,"PESCAC_EXP":0.48,"MINCOL_VA":276.14,"MINCOL_EXP":0.2,"PETGAS_VA":503.79,"PETGAS_EXP":10.51,"MINORE_VA":228.58,"MINORE_EXP":23.62,"MINOTH_VA":124.26,"MINOTH_EXP":9.34,"MINSER_VA":296.32,"MINSER_EXP":32.04,"ALYBEB_VA":6175.72,"ALYBEB_EXP":161.06,"TEXYPR_VA":2356.66,"TEXYPR_EXP":1899.26,"MADYPR_VA":929.72,"MADYPR_EXP":416.2,"PAPYPR_VA":594.93,"PAPYPR_EXP":64.94,"PETREF_VA":1497.83,"PETREF_EXP":1090.94,"QUIMYP_VA":709.69,"QUIMYP_EXP":687.13,"FARMED_VA":235.42,"FARMED_EXP":17.4,"HUPLAS_VA":714.72,"HUPLAS_EXP":272.24,"PRNOMT_VA":1029.26,"PRNOMT_EXP":122.39,"METBAS_VA":730.04,"METBAS_EXP":832.52,"NONFER_VA":123.89,"NONFER_EXP":206.92,"PRMETA_VA":1098.09,"PRMETA_EXP":44.87,"ELCTRO_VA":661.3,"ELCTRO_EXP":173.67,"ELCTRI_VA":903.55,"ELCTRI_EXP":682.2,"MAQYEQ_VA":820.38,"MAQYEQ_EXP":776.17,"AUTOMO_VA":1691.76,"AUTOMO_EXP":568.98,"OTRTRA_VA":226.28,"OTRTRA_EXP":154.05,"TRANSP_VA":230.14,"TRANSP_EXP":199.16,"OTRMAN_VA":1298.82,"OTRMAN_EXP":736.23,"ELEGAS_VA":2428.4,"ELEGAS_EXP":99.87,"AGUBAS_VA":511.54,"AGUBAS_EXP":0.11,"CONSTR_VA":7067.7,"CONSTR_EXP":0.18,"COMREV_VA":9851.79,"COMREV_EXP":1569.38,"TRATIE_VA":5678.58,"TRATIE_EXP":3974.22,"TRAGUA_VA":76.47,"TRAGUA_EXP":108.78,"TRAAIR_VA":176.19,"TRAAIR_EXP":282.58,"ALMSTR_VA":1230.61,"ALMSTR_EXP":822.9,"POSTME_VA":233.97,"POSTME_EXP":117.75,"HOTYRE_VA":1816.45,"HOTYRE_EXP":189.12,"MMTVRA_VA":570.98,"MMTVRA_EXP":524.48,"TELECO_VA":2682.37,"TELECO_EXP":1265.16,"ITSERV_VA":745.3,"ITSERV_EXP":635.56,"SERFIN_VA":2044.65,"SERFIN_EXP":358.75,"GOBEST_VA":7492.55,"GOBEST_EXP":29.81,"SPRSCT_VA":1985.42,"SPRSCT_EXP":318.07,"SEAEMP_VA":1085.04,"SEAEMP_EXP":68.85,"ADPDEF_VA":6025.04,"ADPDEF_EXP":0.1,"EDUCAC_VA":2599.53,"EDUCAC_EXP":9.78,"SALUDH_VA":1793.49,"SALUDH_EXP":6.74,"ESPARC_VA":856.98,"ESPARC_EXP":38.45,"OTRSER_VA":1380.31,"OTRSER_EXP":10.32,"SERHOG_VA":867.83,"SERHOG_EXP":0.0}},{"type":"Feature","geometry":{"type":"Point","coordinates":[105.32,61.52]},"properties":{"id":"RUS","name":"Rusia","continent":"europe","year":2005,"AGRPFO_VA":24383.15,"AGRPFO_EXP":3180.34,"FORLOG_VA":1459.14,"FORLOG_EXP":822.94,"PESCAC_VA":1452.92,"PESCAC_EXP":679.64,"MINCOL_VA":4867.51,"MINCOL_EXP":4084.9,"PETGAS_VA":54046.71,"PETGAS_EXP":29263.99,"MINORE_VA":4103.93,"MINORE_EXP":3991.41,"MINOTH_VA":2957.14,"MINOTH_EXP":2634.29,"MINSER_VA":5699.05,"MINSER_EXP":657.47,"ALYBEB_VA":13915.92,"ALYBEB_EXP":4652.47,"TEXYPR_VA":1929.19,"TEXYPR_EXP":925.14,"MADYPR_VA":1835.38,"MADYPR_EXP":3539.72,"PAPYPR_VA":2838.49,"PAPYPR_EXP":3015.78,"PETREF_VA":23303.8,"PETREF_EXP":39034.4,"QUIMYP_VA":7666.08,"QUIMYP_EXP":13092.47,"FARMED_VA":1029.91,"FARMED_EXP":351.79,"HUPLAS_VA":2027.73,"HUPLAS_EXP":1648.5,"PRNOMT_VA":5097.82,"PRNOMT_EXP":907.38,"METBAS_VA":6645.62,"METBAS_EXP":17702.95,"NONFER_VA":12301.99,"NONFER_EXP":14889.91,"PRMETA_VA":3655.06,"PRMETA_EXP":1584.71,"ELCTRO_VA":3784.42,"ELCTRO_EXP":1992.85,"ELCTRI_VA":2658.96,"ELCTRI_EXP":1995.19,"MAQYEQ_VA":4434.15,"MAQYEQ_EXP":4363.84,"AUTOMO_VA":5279.84,"AUTOMO_EXP":1722.33,"OTRTRA_VA":2073.79,"OTRTRA_EXP":481.1,"TRANSP_VA":4941.99,"TRANSP_EXP":1519.96,"OTRMAN_VA":4304.66,"OTRMAN_EXP":1492.63,"ELEGAS_VA":22831.76,"ELEGAS_EXP":1004.5,"AGUBAS_VA":3747.97,"AGUBAS_EXP":34.6,"CONSTR_VA":57195.96,"CONSTR_EXP":345.5,"COMREV_VA":129115.73,"COMREV_EXP":46270.37,"TRATIE_VA":33529.43,"TRATIE_EXP":8142.35,"TRAGUA_VA":731.53,"TRAGUA_EXP":466.5,"TRAAIR_VA":1850.03,"TRAAIR_EXP":2959.61,"ALMSTR_VA":8926.13,"ALMSTR_EXP":2652.58,"POSTME_VA":1286.01,"POSTME_EXP":129.34,"HOTYRE_VA":6914.45,"HOTYRE_EXP":1889.27,"MMTVRA_VA":2906.93,"MMTVRA_EXP":453.25,"TELECO_VA":11820.24,"TELECO_EXP":1101.21,"ITSERV_VA":4380.48,"ITSERV_EXP":1212.6,"SERFIN_VA":27366.63,"SERFIN_EXP":973.67,"GOBEST_VA":63654.86,"GOBEST_EXP":672.16,"SPRSCT_VA":29453.66,"SPRSCT_EXP":5194.59,"SEAEMP_VA":12814.99,"SEAEMP_EXP":1917.22,"ADPDEF_VA":52083.95,"ADPDEF_EXP":63.24,"EDUCAC_VA":22801.51,"EDUCAC_EXP":112.15,"SALUDH_VA":22199.49,"SALUDH_EXP":89.32,"ESPARC_VA":5515.94,"ESPARC_EXP":262.64,"OTRSER_VA":3155.04,"OTRSER_EXP":144.74,"SERHOG_VA":4740.52,"SERHOG_EXP":0.0}},{"type":"Feature","geometry":{"type":"Point","coordinates":[45.08,23.89]},"properties":{"id":"SAU","name":"Arabia Saudita","continent":"other","year":2005,"AGRPFO_VA":7399.36,"AGRPFO_EXP":158.23,"FORLOG_VA":10.0,"FORLOG_EXP":0.25,"PESCAC_VA":372.87,"PESCAC_EXP":4.07,"MINCOL_VA":0.0,"MINCOL_EXP":0.0,"PETGAS_VA":129262.85,"PETGAS_EXP":135456.65,"MINORE_VA":329.91,"MINORE_EXP":0.59,"MINOTH_VA":681.96,"MINOTH_EXP":54.38,"MINSER_VA":272.35,"MINSER_EXP":355.89,"ALYBEB_VA":4858.05,"ALYBEB_EXP":1002.62,"TEXYPR_VA":1227.21,"TEXYPR_EXP":380.13,"MADYPR_VA":344.32,"MADYPR_EXP":56.13,"PAPYPR_VA":1425.11,"PAPYPR_EXP":479.49,"PETREF_VA":8831.15,"PETREF_EXP":10784.78,"QUIMYP_VA":7200.77,"QUIMYP_EXP":10455.54,"FARMED_VA":197.29,"FARMED_EXP":81.94,"HUPLAS_VA":1059.75,"HUPLAS_EXP":490.88,"PRNOMT_VA":1816.0,"PRNOMT_EXP":346.23,"METBAS_VA":293.32,"METBAS_EXP":441.74,"NONFER_VA":221.77,"NONFER_EXP":812.73,"PRMETA_VA":1660.15,"PRMETA_EXP":544.53,"ELCTRO_VA":45.89,"ELCTRO_EXP":63.16,"ELCTRI_VA":1037.11,"ELCTRI_EXP":415.31,"MAQYEQ_VA":580.74,"MAQYEQ_EXP":344.46,"AUTOMO_VA":288.4,"AUTOMO_EXP":59.11,"OTRTRA_VA":11.41,"OTRTRA_EXP":1.47,"TRANSP_VA":18.69,"TRANSP_EXP":11.36,"OTRMAN_VA":1354.61,"OTRMAN_EXP":138.85,"ELEGAS_VA":2723.37,"ELEGAS_EXP":285.86,"AGUBAS_VA":889.86,"AGUBAS_EXP":0.83,"CONSTR_VA":13208.26,"CONSTR_EXP":51.29,"COMREV_VA":23784.64,"COMREV_EXP":12330.01,"TRATIE_VA":2980.74,"TRATIE_EXP":1813.42,"TRAGUA_VA":253.36,"TRAGUA_EXP":238.77,"TRAAIR_VA":1027.16,"TRAAIR_EXP":715.3,"ALMSTR_VA":2567.17,"ALMSTR_EXP":1326.53,"POSTME_VA":318.96,"POSTME_EXP":114.12,"HOTYRE_VA":5143.15,"HOTYRE_EXP":2293.0,"MMTVRA_VA":603.78,"MMTVRA_EXP":32.86,"TELECO_VA":6543.43,"TELECO_EXP":252.86,"ITSERV_VA":1692.53,"ITSERV_EXP":29.0,"SERFIN_VA":10337.84,"SERFIN_EXP":206.53,"GOBEST_VA":8001.65,"GOBEST_EXP":325.26,"SPRSCT_VA":1997.18,"SPRSCT_EXP":87.38,"SEAEMP_VA":3048.53,"SEAEMP_EXP":93.63,"ADPDEF_VA":39679.48,"ADPDEF_EXP":0.42,"EDUCAC_VA":15982.51,"EDUCAC_EXP":77.18,"SALUDH_VA":9471.36,"SALUDH_EXP":63.86,"ESPARC_VA":816.23,"ESPARC_EXP":189.64,"OTRSER_VA":1851.76,"OTRSER_EXP":85.43,"SERHOG_VA":2712.0,"SERHOG_EXP":0.0}},{"type":"Feature","geometry":{"type":"Point","coordinates":[-14.45,14.5]},"properties":{"id":"SEN","name":"Senegal","continent":"other","year":2005,"AGRPFO_VA":1423.97,"AGRPFO_EXP":85.25,"FORLOG_VA":53.84,"FORLOG_EXP":2.57,"PESCAC_VA":177.76,"PESCAC_EXP":59.57,"MINCOL_VA":6.07,"MINCOL_EXP":14.16,"PETGAS_VA":0.36,"PETGAS_EXP":0.35,"MINORE_VA":16.04,"MINORE_EXP":52.57,"MINOTH_VA":10.03,"MINOTH_EXP":36.24,"MINSER_VA":0.3,"MINSER_EXP":0.68,"ALYBEB_VA":1050.56,"ALYBEB_EXP":246.22,"TEXYPR_VA":310.25,"TEXYPR_EXP":58.32,"MADYPR_VA":66.5,"MADYPR_EXP":2.58,"PAPYPR_VA":76.61,"PAPYPR_EXP":8.15,"PETREF_VA":55.18,"PETREF_EXP":216.21,"QUIMYP_VA":107.59,"QUIMYP_EXP":100.48,"FARMED_VA":21.13,"FARMED_EXP":4.77,"HUPLAS_VA":63.55,"HUPLAS_EXP":6.15,"PRNOMT_VA":127.39,"PRNOMT_EXP":89.99,"METBAS_VA":72.08,"METBAS_EXP":20.43,"NONFER_VA":2.47,"NONFER_EXP":16.6,"PRMETA_VA":100.86,"PRMETA_EXP":3.85,"ELCTRO_VA":0.31,"ELCTRO_EXP":0.1,"ELCTRI_VA":22.58,"ELCTRI_EXP":8.75,"MAQYEQ_VA":2.77,"MAQYEQ_EXP":4.02,"AUTOMO_VA":1.22,"AUTOMO_EXP":0.63,"OTRTRA_VA":11.67,"OTRTRA_EXP":2.93,"TRANSP_VA":29.32,"TRANSP_EXP":1.24,"OTRMAN_VA":87.96,"OTRMAN_EXP":5.57,"ELEGAS_VA":74.2,"ELEGAS_EXP":5.43,"AGUBAS_VA":65.87,"AGUBAS_EXP":0.14,"CONSTR_VA":349.14,"CONSTR_EXP":1.48,"COMREV_VA":1424.67,"COMREV_EXP":150.36,"TRATIE_VA":319.4,"TRATIE_EXP":41.82,"TRAGUA_VA":14.49,"TRAGUA_EXP":14.08,"TRAAIR_VA":15.02,"TRAAIR_EXP":30.56,"ALMSTR_VA":138.95,"ALMSTR_EXP":40.59,"POSTME_VA":8.57,"POSTME_EXP":0.55,"HOTYRE_VA":155.43,"HOTYRE_EXP":52.26,"MMTVRA_VA":44.49,"MMTVRA_EXP":11.43,"TELECO_VA":402.54,"TELECO_EXP":143.79,"ITSERV_VA":38.96,"ITSERV_EXP":12.26,"SERFIN_VA":232.34,"SERFIN_EXP":22.55,"GOBEST_VA":919.76,"GOBEST_EXP":18.82,"SPRSCT_VA":392.62,"SPRSCT_EXP":129.45,"SEAEMP_VA":268.03,"SEAEMP_EXP":28.18,"ADPDEF_VA":536.8,"ADPDEF_EXP":0.69,"EDUCAC_VA":452.9,"EDUCAC_EXP":3.05,"SALUDH_VA":167.29,"SALUDH_EXP":2.32,"ESPARC_VA":32.01,"ESPARC_EXP":5.26,"OTRSER_VA":121.96,"OTRSER_EXP":2.94,"SERHOG_VA":65.95,"SERHOG_EXP":0.0}},{"type":"Feature","geometry":{"type":"Point","coordinates":[103.82,1.35]},"properties":{"id":"SGP","name":"Singapur","continent":"asia","year":2005,"AGRPFO_VA":28.36,"AGRPFO_EXP":24.07,"FORLOG_VA":0.0,"FORLOG_EXP":0.0,"PESCAC_VA":27.9,"PESCAC_EXP":0.83,"MINCOL_VA":0.0,"MINCOL_EXP":0.0,"PETGAS_VA":0.0,"PETGAS_EXP":0.0,"MINORE_VA":0.0,"MINORE_EXP":0.0,"MINOTH_VA":0.0,"MINOTH_EXP":0.0,"MINSER_VA":0.0,"MINSER_EXP":0.0,"ALYBEB_VA":888.47,"ALYBEB_EXP":1875.09,"TEXYPR_VA":354.45,"TEXYPR_EXP":495.96,"MADYPR_VA":45.83,"MADYPR_EXP":106.41,"PAPYPR_VA":971.92,"PAPYPR_EXP":934.23,"PETREF_VA":848.64,"PETREF_EXP":16556.24,"QUIMYP_VA":3023.98,"QUIMYP_EXP":13837.28,"FARMED_VA":6316.23,"FARMED_EXP":8349.04,"HUPLAS_VA":579.08,"HUPLAS_EXP":858.16,"PRNOMT_VA":207.21,"PRNOMT_EXP":138.34,"METBAS_VA":63.36,"METBAS_EXP":235.37,"NONFER_VA":355.94,"NONFER_EXP":21.9,"PRMETA_VA":815.51,"PRMETA_EXP":2771.55,"ELCTRO_VA":10975.75,"ELCTRO_EXP":34604.73,"ELCTRI_VA":381.92,"ELCTRI_EXP":1109.03,"MAQYEQ_VA":2084.71,"MAQYEQ_EXP":4312.34,"AUTOMO_VA":140.97,"AUTOMO_EXP":109.26,"OTRTRA_VA":1002.53,"OTRTRA_EXP":892.33,"TRANSP_VA":1850.39,"TRANSP_EXP":1282.37,"OTRMAN_VA":777.95,"OTRMAN_EXP":1400.48,"ELEGAS_VA":1813.27,"ELEGAS_EXP":17.25,"AGUBAS_VA":806.44,"AGUBAS_EXP":160.38,"CONSTR_VA":3589.83,"CONSTR_EXP":14.42,"COMREV_VA":19943.44,"COMREV_EXP":20002.06,"TRATIE_VA":1778.02,"TRATIE_EXP":754.41,"TRAGUA_VA":3394.12,"TRAGUA_EXP":13362.37,"TRAAIR_VA":2135.96,"TRAAIR_EXP":3934.29,"ALMSTR_VA":4317.53,"ALMSTR_EXP":1326.79,"POSTME_VA":305.5,"POSTME_EXP":161.49,"HOTYRE_VA":2397.93,"HOTYRE_EXP":1846.16,"MMTVRA_VA":1091.01,"MMTVRA_EXP":1885.18,"TELECO_VA":1777.12,"TELECO_EXP":686.45,"ITSERV_VA":1827.53,"ITSERV_EXP":2684.6,"SERFIN_VA":11314.25,"SERFIN_EXP":11062.84,"GOBEST_VA":9024.1,"GOBEST_EXP":990.54,"SPRSCT_VA":8934.91,"SPRSCT_EXP":6629.17,"SEAEMP_VA":5576.14,"SEAEMP_EXP":1912.36,"ADPDEF_VA":3218.72,"ADPDEF_EXP":25.16,"EDUCAC_VA":3615.11,"EDUCAC_EXP":343.63,"SALUDH_VA":3281.5,"SALUDH_EXP":340.89,"ESPARC_VA":871.64,"ESPARC_EXP":304.65,"OTRSER_VA":786.84,"OTRSER_EXP":205.65,"SERHOG_VA":470.23,"SERHOG_EXP":0.0}},{"type":"Feature","geometry":{"type":"Point","coordinates":[6.61,0.19]},"properties":{"id":"STP","name":"S. Tomé y Príncipe","continent":"other","year":2005,"AGRPFO_VA":7.23,"AGRPFO_EXP":4.53,"FORLOG_VA":0.04,"FORLOG_EXP":0.0,"PESCAC_VA":10.06,"PESCAC_EXP":0.08,"MINCOL_VA":0.01,"MINCOL_EXP":0.0,"PETGAS_VA":0.17,"PETGAS_EXP":0.01,"MINORE_VA":0.01,"MINORE_EXP":0.0,"MINOTH_VA":0.09,"MINOTH_EXP":0.02,"MINSER_VA":0.06,"MINSER_EXP":0.01,"ALYBEB_VA":2.74,"ALYBEB_EXP":0.27,"TEXYPR_VA":0.01,"TEXYPR_EXP":0.02,"MADYPR_VA":0.01,"MADYPR_EXP":0.0,"PAPYPR_VA":0.01,"PAPYPR_EXP":0.0,"PETREF_VA":0.03,"PETREF_EXP":0.01,"QUIMYP_VA":0.02,"QUIMYP_EXP":0.0,"FARMED_VA":0.02,"FARMED_EXP":0.0,"HUPLAS_VA":0.02,"HUPLAS_EXP":0.0,"PRNOMT_VA":0.06,"PRNOMT_EXP":0.01,"METBAS_VA":0.0,"METBAS_EXP":0.0,"NONFER_VA":0.0,"NONFER_EXP":0.0,"PRMETA_VA":0.01,"PRMETA_EXP":0.0,"ELCTRO_VA":0.0,"ELCTRO_EXP":0.0,"ELCTRI_VA":0.0,"ELCTRI_EXP":0.0,"MAQYEQ_VA":0.0,"MAQYEQ_EXP":0.0,"AUTOMO_VA":0.0,"AUTOMO_EXP":0.0,"OTRTRA_VA":0.0,"OTRTRA_EXP":0.0,"TRANSP_VA":0.0,"TRANSP_EXP":0.0,"OTRMAN_VA":0.02,"OTRMAN_EXP":0.01,"ELEGAS_VA":1.55,"ELEGAS_EXP":0.04,"AGUBAS_VA":1.34,"AGUBAS_EXP":0.05,"CONSTR_VA":4.36,"CONSTR_EXP":0.12,"COMREV_VA":22.64,"COMREV_EXP":2.23,"TRATIE_VA":7.49,"TRATIE_EXP":0.66,"TRAGUA_VA":0.16,"TRAGUA_EXP":0.12,"TRAAIR_VA":0.89,"TRAAIR_EXP":0.43,"ALMSTR_VA":5.29,"ALMSTR_EXP":0.23,"POSTME_VA":1.71,"POSTME_EXP":0.05,"HOTYRE_VA":12.76,"HOTYRE_EXP":1.97,"MMTVRA_VA":1.33,"MMTVRA_EXP":0.29,"TELECO_VA":2.28,"TELECO_EXP":0.7,"ITSERV_VA":2.04,"ITSERV_EXP":1.08,"SERFIN_VA":12.74,"SERFIN_EXP":1.47,"GOBEST_VA":0.63,"GOBEST_EXP":0.05,"SPRSCT_VA":0.51,"SPRSCT_EXP":0.17,"SEAEMP_VA":0.49,"SEAEMP_EXP":0.12,"ADPDEF_VA":9.9,"ADPDEF_EXP":0.09,"EDUCAC_VA":4.78,"EDUCAC_EXP":0.15,"SALUDH_VA":2.92,"SALUDH_EXP":0.12,"ESPARC_VA":2.92,"ESPARC_EXP":0.31,"OTRSER_VA":3.15,"OTRSER_EXP":0.19,"SERHOG_VA":2.49,"SERHOG_EXP":0.0}},{"type":"Feature","geometry":{"type":"Point","coordinates":[19.7,48.67]},"properties":{"id":"SVK","name":"Eslovaquia","continent":"europe","year":2005,"AGRPFO_VA":522.4,"AGRPFO_EXP":303.13,"FORLOG_VA":301.61,"FORLOG_EXP":123.34,"PESCAC_VA":1.34,"PESCAC_EXP":1.33,"MINCOL_VA":20.15,"MINCOL_EXP":7.05,"PETGAS_VA":0.22,"PETGAS_EXP":0.08,"MINORE_VA":4.18,"MINORE_EXP":3.7,"MINOTH_VA":22.29,"MINOTH_EXP":62.13,"MINSER_VA":53.19,"MINSER_EXP":11.47,"ALYBEB_VA":970.61,"ALYBEB_EXP":787.75,"TEXYPR_VA":621.0,"TEXYPR_EXP":936.99,"MADYPR_VA":355.13,"MADYPR_EXP":494.96,"PAPYPR_VA":408.26,"PAPYPR_EXP":791.39,"PETREF_VA":942.01,"PETREF_EXP":1676.98,"QUIMYP_VA":416.93,"QUIMYP_EXP":964.54,"FARMED_VA":65.76,"FARMED_EXP":127.43,"HUPLAS_VA":603.22,"HUPLAS_EXP":1228.2,"PRNOMT_VA":599.95,"PRNOMT_EXP":565.93,"METBAS_VA":1186.42,"METBAS_EXP":2069.6,"NONFER_VA":205.87,"NONFER_EXP":534.43,"PRMETA_VA":999.91,"PRMETA_EXP":1340.01,"ELCTRO_VA":466.22,"ELCTRO_EXP":2124.96,"ELCTRI_VA":517.68,"ELCTRI_EXP":1785.69,"MAQYEQ_VA":750.63,"MAQYEQ_EXP":1734.53,"AUTOMO_VA":1384.33,"AUTOMO_EXP":5145.6,"OTRTRA_VA":3.41,"OTRTRA_EXP":0.48,"TRANSP_VA":54.37,"TRANSP_EXP":48.59,"OTRMAN_VA":817.28,"OTRMAN_EXP":724.42,"ELEGAS_VA":2362.94,"ELEGAS_EXP":171.79,"AGUBAS_VA":491.89,"AGUBAS_EXP":29.23,"CONSTR_VA":3105.53,"CONSTR_EXP":197.08,"COMREV_VA":6304.69,"COMREV_EXP":3369.79,"TRATIE_VA":1967.84,"TRATIE_EXP":1590.19,"TRAGUA_VA":59.16,"TRAGUA_EXP":31.4,"TRAAIR_VA":5.22,"TRAAIR_EXP":100.69,"ALMSTR_VA":750.59,"ALMSTR_EXP":522.83,"POSTME_VA":232.63,"POSTME_EXP":61.36,"HOTYRE_VA":589.8,"HOTYRE_EXP":379.67,"MMTVRA_VA":336.79,"MMTVRA_EXP":192.47,"TELECO_VA":1057.83,"TELECO_EXP":182.31,"ITSERV_VA":570.62,"ITSERV_EXP":176.61,"SERFIN_VA":1755.26,"SERFIN_EXP":288.05,"GOBEST_VA":3800.55,"GOBEST_EXP":73.66,"SPRSCT_VA":2084.0,"SPRSCT_EXP":618.43,"SEAEMP_VA":1228.05,"SEAEMP_EXP":262.45,"ADPDEF_VA":3451.01,"ADPDEF_EXP":29.66,"EDUCAC_VA":1551.58,"EDUCAC_EXP":52.68,"SALUDH_VA":1196.2,"SALUDH_EXP":42.71,"ESPARC_VA":690.66,"ESPARC_EXP":241.66,"OTRSER_VA":435.97,"OTRSER_EXP":74.68,"SERHOG_VA":22.27,"SERHOG_EXP":0.0}},{"type":"Feature","geometry":{"type":"Point","coordinates":[14.99,46.15]},"properties":{"id":"SVN","name":"Eslovenia","continent":"europe","year":2005,"AGRPFO_VA":703.94,"AGRPFO_EXP":170.0,"FORLOG_VA":210.37,"FORLOG_EXP":56.67,"PESCAC_VA":4.32,"PESCAC_EXP":2.48,"MINCOL_VA":119.17,"MINCOL_EXP":1.87,"PETGAS_VA":0.0,"PETGAS_EXP":0.0,"MINORE_VA":2.99,"MINORE_EXP":1.09,"MINOTH_VA":44.53,"MINOTH_EXP":14.58,"MINSER_VA":0.53,"MINSER_EXP":0.37,"ALYBEB_VA":605.31,"ALYBEB_EXP":407.94,"TEXYPR_VA":514.01,"TEXYPR_EXP":876.64,"MADYPR_VA":274.15,"MADYPR_EXP":358.65,"PAPYPR_VA":424.38,"PAPYPR_EXP":566.71,"PETREF_VA":1.7,"PETREF_EXP":2.36,"QUIMYP_VA":384.37,"QUIMYP_EXP":1033.04,"FARMED_VA":775.93,"FARMED_EXP":853.82,"HUPLAS_VA":509.6,"HUPLAS_EXP":977.15,"PRNOMT_VA":363.76,"PRNOMT_EXP":334.24,"METBAS_VA":253.46,"METBAS_EXP":636.82,"NONFER_VA":146.36,"NONFER_EXP":456.12,"PRMETA_VA":942.93,"PRMETA_EXP":1155.91,"ELCTRO_VA":339.91,"ELCTRO_EXP":581.16,"ELCTRI_VA":714.72,"ELCTRI_EXP":1043.84,"MAQYEQ_VA":451.01,"MAQYEQ_EXP":1021.15,"AUTOMO_VA":518.12,"AUTOMO_EXP":1931.94,"OTRTRA_VA":20.45,"OTRTRA_EXP":47.3,"TRANSP_VA":23.71,"TRANSP_EXP":34.87,"OTRMAN_VA":587.46,"OTRMAN_EXP":755.12,"ELEGAS_VA":768.67,"ELEGAS_EXP":335.52,"AGUBAS_VA":346.48,"AGUBAS_EXP":11.65,"CONSTR_VA":2192.18,"CONSTR_EXP":74.54,"COMREV_VA":3865.22,"COMREV_EXP":2011.4,"TRATIE_VA":1102.58,"TRATIE_EXP":860.22,"TRAGUA_VA":83.84,"TRAGUA_EXP":111.99,"TRAAIR_VA":66.96,"TRAAIR_EXP":164.36,"ALMSTR_VA":451.83,"ALMSTR_EXP":385.52,"POSTME_VA":223.24,"POSTME_EXP":16.14,"HOTYRE_VA":716.59,"HOTYRE_EXP":681.99,"MMTVRA_VA":307.32,"MMTVRA_EXP":146.7,"TELECO_VA":627.14,"TELECO_EXP":148.42,"ITSERV_VA":360.69,"ITSERV_EXP":97.02,"SERFIN_VA":1467.16,"SERFIN_EXP":157.78,"GOBEST_VA":2380.43,"GOBEST_EXP":88.43,"SPRSCT_VA":1929.0,"SPRSCT_EXP":409.78,"SEAEMP_VA":774.4,"SEAEMP_EXP":272.45,"ADPDEF_VA":2010.77,"ADPDEF_EXP":13.22,"EDUCAC_VA":1884.09,"EDUCAC_EXP":50.02,"SALUDH_VA":1564.17,"SALUDH_EXP":35.25,"ESPARC_VA":546.66,"ESPARC_EXP":78.81,"OTRSER_VA":391.57,"OTRSER_EXP":30.19,"SERHOG_VA":23.45,"SERHOG_EXP":0.0}},{"type":"Feature","geometry":{"type":"Point","coordinates":[18.64,60.13]},"properties":{"id":"SWE","name":"Suecia","continent":"europe","year":2005,"AGRPFO_VA":3566.46,"AGRPFO_EXP":371.04,"FORLOG_VA":1731.37,"FORLOG_EXP":223.19,"PESCAC_VA":101.43,"PESCAC_EXP":92.58,"MINCOL_VA":50.33,"MINCOL_EXP":6.6,"PETGAS_VA":15.82,"PETGAS_EXP":0.72,"MINORE_VA":1355.81,"MINORE_EXP":1562.31,"MINOTH_VA":228.38,"MINOTH_EXP":94.36,"MINSER_VA":56.51,"MINSER_EXP":133.81,"ALYBEB_VA":5084.03,"ALYBEB_EXP":2656.98,"TEXYPR_VA":744.29,"TEXYPR_EXP":1152.3,"MADYPR_VA":3214.14,"MADYPR_EXP":3279.98,"PAPYPR_VA":6963.43,"PAPYPR_EXP":10342.95,"PETREF_VA":1049.86,"PETREF_EXP":4789.75,"QUIMYP_VA":3726.95,"QUIMYP_EXP":4882.57,"FARMED_VA":7252.04,"FARMED_EXP":4916.58,"HUPLAS_VA":2002.69,"HUPLAS_EXP":2664.07,"PRNOMT_VA":1484.31,"PRNOMT_EXP":1007.27,"METBAS_VA":2442.35,"METBAS_EXP":6457.19,"NONFER_VA":803.63,"NONFER_EXP":2649.46,"PRMETA_VA":6489.81,"PRMETA_EXP":3574.42,"ELCTRO_VA":5392.42,"ELCTRO_EXP":9822.94,"ELCTRI_VA":2847.09,"ELCTRI_EXP":3158.15,"MAQYEQ_VA":8954.17,"MAQYEQ_EXP":15431.58,"AUTOMO_VA":7324.51,"AUTOMO_EXP":20909.74,"OTRTRA_VA":208.83,"OTRTRA_EXP":470.41,"TRANSP_VA":1341.17,"TRANSP_EXP":1284.52,"OTRMAN_VA":4530.59,"OTRMAN_EXP":2724.11,"ELEGAS_VA":9575.03,"ELEGAS_EXP":992.55,"AGUBAS_VA":2411.82,"AGUBAS_EXP":12.42,"CONSTR_VA":17782.59,"CONSTR_EXP":450.8,"COMREV_VA":40530.73,"COMREV_EXP":16409.06,"TRATIE_VA":9507.98,"TRATIE_EXP":2382.3,"TRAGUA_VA":1429.91,"TRAGUA_EXP":1941.03,"TRAAIR_VA":955.04,"TRAAIR_EXP":1456.71,"ALMSTR_VA":6208.54,"ALMSTR_EXP":4331.16,"POSTME_VA":3753.93,"POSTME_EXP":314.23,"HOTYRE_VA":5074.34,"HOTYRE_EXP":2093.97,"MMTVRA_VA":5090.57,"MMTVRA_EXP":1785.25,"TELECO_VA":5957.43,"TELECO_EXP":1408.32,"ITSERV_VA":12876.84,"ITSERV_EXP":2953.01,"SERFIN_VA":15901.1,"SERFIN_EXP":3707.92,"GOBEST_VA":32294.78,"GOBEST_EXP":405.53,"SPRSCT_VA":21881.86,"SPRSCT_EXP":11250.56,"SEAEMP_VA":9991.42,"SEAEMP_EXP":2908.05,"ADPDEF_VA":16391.55,"ADPDEF_EXP":190.21,"EDUCAC_VA":20416.39,"EDUCAC_EXP":192.19,"SALUDH_VA":36426.27,"SALUDH_EXP":148.77,"ESPARC_VA":4709.03,"ESPARC_EXP":317.5,"OTRSER_VA":5619.87,"OTRSER_EXP":174.68,"SERHOG_VA":93.53,"SERHOG_EXP":0.0}},{"type":"Feature","geometry":{"type":"Point","coordinates":[100.99,15.87]},"properties":{"id":"THA","name":"Tailandia","continent":"asia","year":2005,"AGRPFO_VA":12301.85,"AGRPFO_EXP":1314.5,"FORLOG_VA":166.55,"FORLOG_EXP":56.12,"PESCAC_VA":2234.69,"PESCAC_EXP":23.64,"MINCOL_VA":147.22,"MINCOL_EXP":0.52,"PETGAS_VA":3799.15,"PETGAS_EXP":861.61,"MINORE_VA":35.17,"MINORE_EXP":9.39,"MINOTH_VA":647.12,"MINOTH_EXP":105.59,"MINSER_VA":635.93,"MINSER_EXP":31.81,"ALYBEB_VA":9412.43,"ALYBEB_EXP":10378.41,"TEXYPR_VA":6316.26,"TEXYPR_EXP":6038.55,"MADYPR_VA":531.98,"MADYPR_EXP":738.87,"PAPYPR_VA":1179.29,"PAPYPR_EXP":996.53,"PETREF_VA":2643.22,"PETREF_EXP":3126.28,"QUIMYP_VA":3986.14,"QUIMYP_EXP":7317.41,"FARMED_VA":570.63,"FARMED_EXP":135.19,"HUPLAS_VA":3304.17,"HUPLAS_EXP":6352.14,"PRNOMT_VA":2543.83,"PRNOMT_EXP":1395.86,"METBAS_VA":978.15,"METBAS_EXP":1658.46,"NONFER_VA":402.61,"NONFER_EXP":1083.74,"PRMETA_VA":1852.93,"PRMETA_EXP":2212.61,"ELCTRO_VA":5553.32,"ELCTRO_EXP":24259.46,"ELCTRI_VA":2100.28,"ELCTRI_EXP":5484.13,"MAQYEQ_VA":1921.18,"MAQYEQ_EXP":3316.73,"AUTOMO_VA":3557.23,"AUTOMO_EXP":6810.83,"OTRTRA_VA":392.93,"OTRTRA_EXP":276.25,"TRANSP_VA":582.23,"TRANSP_EXP":1727.45,"OTRMAN_VA":2337.68,"OTRMAN_EXP":4767.38,"ELEGAS_VA":4095.01,"ELEGAS_EXP":228.75,"AGUBAS_VA":672.96,"AGUBAS_EXP":0.33,"CONSTR_VA":4932.71,"CONSTR_EXP":0.4,"COMREV_VA":38948.03,"COMREV_EXP":14515.69,"TRATIE_VA":4448.52,"TRATIE_EXP":3975.03,"TRAGUA_VA":1468.11,"TRAGUA_EXP":3210.97,"TRAAIR_VA":2206.04,"TRAAIR_EXP":3381.84,"ALMSTR_VA":1419.47,"ALMSTR_EXP":152.79,"POSTME_VA":313.56,"POSTME_EXP":269.92,"HOTYRE_VA":5262.58,"HOTYRE_EXP":1812.02,"MMTVRA_VA":807.46,"MMTVRA_EXP":138.87,"TELECO_VA":2365.63,"TELECO_EXP":1277.25,"ITSERV_VA":619.58,"ITSERV_EXP":209.76,"SERFIN_VA":8656.96,"SERFIN_EXP":357.69,"GOBEST_VA":4286.39,"GOBEST_EXP":1008.19,"SPRSCT_VA":3056.18,"SPRSCT_EXP":371.52,"SEAEMP_VA":3008.25,"SEAEMP_EXP":1088.02,"ADPDEF_VA":9110.18,"ADPDEF_EXP":0.51,"EDUCAC_VA":6023.31,"EDUCAC_EXP":1.27,"SALUDH_VA":3555.85,"SALUDH_EXP":262.44,"ESPARC_VA":832.04,"ESPARC_EXP":69.47,"OTRSER_VA":2395.7,"OTRSER_EXP":587.98,"SERHOG_VA":363.28,"SERHOG_EXP":0.0}},{"type":"Feature","geometry":{"type":"Point","coordinates":[9.54,33.89]},"properties":{"id":"TUN","name":"Túnez","continent":"other","year":2005,"AGRPFO_VA":2364.88,"AGRPFO_EXP":223.2,"FORLOG_VA":259.87,"FORLOG_EXP":2.35,"PESCAC_VA":451.43,"PESCAC_EXP":83.44,"MINCOL_VA":378.23,"MINCOL_EXP":0.13,"PETGAS_VA":996.67,"PETGAS_EXP":1302.75,"MINORE_VA":4.28,"MINORE_EXP":0.63,"MINOTH_VA":173.4,"MINOTH_EXP":58.32,"MINSER_VA":85.74,"MINSER_EXP":3.22,"ALYBEB_VA":1090.44,"ALYBEB_EXP":971.3,"TEXYPR_VA":1516.28,"TEXYPR_EXP":2056.88,"MADYPR_VA":166.42,"MADYPR_EXP":79.36,"PAPYPR_VA":213.22,"PAPYPR_EXP":311.69,"PETREF_VA":202.5,"PETREF_EXP":188.1,"QUIMYP_VA":200.17,"QUIMYP_EXP":680.16,"FARMED_VA":134.84,"FARMED_EXP":15.27,"HUPLAS_VA":115.14,"HUPLAS_EXP":132.73,"PRNOMT_VA":304.5,"PRNOMT_EXP":67.02,"METBAS_VA":76.6,"METBAS_EXP":17.82,"NONFER_VA":45.9,"NONFER_EXP":23.62,"PRMETA_VA":296.55,"PRMETA_EXP":66.15,"ELCTRO_VA":163.61,"ELCTRO_EXP":438.6,"ELCTRI_VA":788.85,"ELCTRI_EXP":1203.53,"MAQYEQ_VA":393.07,"MAQYEQ_EXP":264.69,"AUTOMO_VA":208.29,"AUTOMO_EXP":432.16,"OTRTRA_VA":14.43,"OTRTRA_EXP":40.1,"TRANSP_VA":29.06,"TRANSP_EXP":70.81,"OTRMAN_VA":179.93,"OTRMAN_EXP":205.21,"ELEGAS_VA":304.09,"ELEGAS_EXP":4.66,"AGUBAS_VA":142.32,"AGUBAS_EXP":1.13,"CONSTR_VA":1906.67,"CONSTR_EXP":0.94,"COMREV_VA":2823.5,"COMREV_EXP":996.86,"TRATIE_VA":1200.89,"TRATIE_EXP":610.62,"TRAGUA_VA":128.41,"TRAGUA_EXP":248.86,"TRAAIR_VA":174.58,"TRAAIR_EXP":302.64,"ALMSTR_VA":551.92,"ALMSTR_EXP":250.9,"POSTME_VA":224.16,"POSTME_EXP":21.58,"HOTYRE_VA":1761.62,"HOTYRE_EXP":777.28,"MMTVRA_VA":110.04,"MMTVRA_EXP":28.75,"TELECO_VA":803.32,"TELECO_EXP":251.09,"ITSERV_VA":314.39,"ITSERV_EXP":89.77,"SERFIN_VA":1072.03,"SERFIN_EXP":107.68,"GOBEST_VA":1095.26,"GOBEST_EXP":120.53,"SPRSCT_VA":790.8,"SPRSCT_EXP":273.85,"SEAEMP_VA":600.77,"SEAEMP_EXP":118.71,"ADPDEF_VA":2767.53,"ADPDEF_EXP":0.38,"EDUCAC_VA":1958.52,"EDUCAC_EXP":38.82,"SALUDH_VA":56.65,"SALUDH_EXP":29.51,"ESPARC_VA":35.94,"ESPARC_EXP":38.86,"OTRSER_VA":64.29,"OTRSER_EXP":24.92,"SERHOG_VA":110.98,"SERHOG_EXP":0.0}},{"type":"Feature","geometry":{"type":"Point","coordinates":[35.24,38.96]},"properties":{"id":"TUR","name":"Turquía","continent":"europe","year":2005,"AGRPFO_VA":44838.7,"AGRPFO_EXP":3809.74,"FORLOG_VA":1261.87,"FORLOG_EXP":6.26,"PESCAC_VA":878.18,"PESCAC_EXP":69.7,"MINCOL_VA":1419.15,"MINCOL_EXP":3.03,"PETGAS_VA":808.64,"PETGAS_EXP":186.77,"MINORE_VA":2146.99,"MINORE_EXP":381.46,"MINOTH_VA":1168.66,"MINOTH_EXP":351.28,"MINSER_VA":246.68,"MINSER_EXP":3.0,"ALYBEB_VA":14270.48,"ALYBEB_EXP":4997.19,"TEXYPR_VA":20999.1,"TEXYPR_EXP":13892.93,"MADYPR_VA":1286.3,"MADYPR_EXP":256.31,"PAPYPR_VA":3111.84,"PAPYPR_EXP":672.66,"PETREF_VA":4143.25,"PETREF_EXP":2394.51,"QUIMYP_VA":3018.16,"QUIMYP_EXP":2211.24,"FARMED_VA":1725.96,"FARMED_EXP":301.29,"HUPLAS_VA":4162.08,"HUPLAS_EXP":2421.95,"PRNOMT_VA":8804.11,"PRNOMT_EXP":1583.5,"METBAS_VA":4488.16,"METBAS_EXP":5054.18,"NONFER_VA":1800.77,"NONFER_EXP":2094.13,"PRMETA_VA":6254.09,"PRMETA_EXP":2408.9,"ELCTRO_VA":1621.62,"ELCTRO_EXP":1206.54,"ELCTRI_VA":3034.2,"ELCTRI_EXP":3187.93,"MAQYEQ_VA":4809.17,"MAQYEQ_EXP":2829.12,"AUTOMO_VA":5799.62,"AUTOMO_EXP":8191.56,"OTRTRA_VA":462.94,"OTRTRA_EXP":362.72,"TRANSP_VA":1072.8,"TRANSP_EXP":447.07,"OTRMAN_VA":3898.79,"OTRMAN_EXP":1989.47,"ELEGAS_VA":6711.51,"ELEGAS_EXP":207.77,"AGUBAS_VA":3158.27,"AGUBAS_EXP":6.01,"CONSTR_VA":31182.19,"CONSTR_EXP":242.16,"COMREV_VA":64833.6,"COMREV_EXP":12844.68,"TRATIE_VA":38114.64,"TRATIE_EXP":6053.2,"TRAGUA_VA":5816.89,"TRAGUA_EXP":1663.07,"TRAAIR_VA":1574.71,"TRAAIR_EXP":3792.25,"ALMSTR_VA":14697.41,"ALMSTR_EXP":1231.06,"POSTME_VA":1198.59,"POSTME_EXP":95.84,"HOTYRE_VA":10817.58,"HOTYRE_EXP":6142.5,"MMTVRA_VA":2109.54,"MMTVRA_EXP":269.22,"TELECO_VA":9351.65,"TELECO_EXP":571.7,"ITSERV_VA":1732.82,"ITSERV_EXP":85.12,"SERFIN_VA":13101.97,"SERFIN_EXP":1058.42,"GOBEST_VA":32785.22,"GOBEST_EXP":1060.19,"SPRSCT_VA":9908.42,"SPRSCT_EXP":1224.0,"SEAEMP_VA":12210.52,"SEAEMP_EXP":2557.56,"ADPDEF_VA":23968.79,"ADPDEF_EXP":33.3,"EDUCAC_VA":17249.16,"EDUCAC_EXP":414.61,"SALUDH_VA":12399.32,"SALUDH_EXP":214.45,"ESPARC_VA":1894.77,"ESPARC_EXP":656.7,"OTRSER_VA":4214.88,"OTRSER_EXP":317.99,"SERHOG_VA":207.33,"SERHOG_EXP":0.0}},{"type":"Feature","geometry":{"type":"Point","coordinates":[120.96,23.7]},"properties":{"id":"TWN","name":"Taiwán","continent":"asia","year":2005,"AGRPFO_VA":4795.07,"AGRPFO_EXP":184.87,"FORLOG_VA":44.1,"FORLOG_EXP":15.61,"PESCAC_VA":1172.3,"PESCAC_EXP":889.35,"MINCOL_VA":79.3,"MINCOL_EXP":10.07,"PETGAS_VA":250.98,"PETGAS_EXP":28.34,"MINORE_VA":58.05,"MINORE_EXP":10.04,"MINOTH_VA":502.69,"MINOTH_EXP":10.48,"MINSER_VA":269.0,"MINSER_EXP":9.95,"ALYBEB_VA":5067.36,"ALYBEB_EXP":1241.56,"TEXYPR_VA":3894.4,"TEXYPR_EXP":9378.25,"MADYPR_VA":293.05,"MADYPR_EXP":278.69,"PAPYPR_VA":2543.35,"PAPYPR_EXP":1217.25,"PETREF_VA":6800.54,"PETREF_EXP":8878.08,"QUIMYP_VA":9729.71,"QUIMYP_EXP":19052.88,"FARMED_VA":758.39,"FARMED_EXP":301.51,"HUPLAS_VA":3590.13,"HUPLAS_EXP":6915.88,"PRNOMT_VA":3265.21,"PRNOMT_EXP":1208.36,"METBAS_VA":4191.57,"METBAS_EXP":9061.85,"NONFER_VA":895.85,"NONFER_EXP":3494.35,"PRMETA_VA":5759.62,"PRMETA_EXP":9277.26,"ELCTRO_VA":38869.28,"ELCTRO_EXP":92400.27,"ELCTRI_VA":2896.29,"ELCTRI_EXP":5898.86,"MAQYEQ_VA":4534.76,"MAQYEQ_EXP":12832.33,"AUTOMO_VA":4000.22,"AUTOMO_EXP":3385.04,"OTRTRA_VA":1837.45,"OTRTRA_EXP":686.98,"TRANSP_VA":1920.52,"TRANSP_EXP":3123.09,"OTRMAN_VA":4532.36,"OTRMAN_EXP":2053.58,"ELEGAS_VA":5216.5,"ELEGAS_EXP":8.73,"AGUBAS_VA":1902.51,"AGUBAS_EXP":2.31,"CONSTR_VA":8811.12,"CONSTR_EXP":81.66,"COMREV_VA":61878.2,"COMREV_EXP":25653.28,"TRATIE_VA":5301.64,"TRATIE_EXP":2289.44,"TRAGUA_VA":967.72,"TRAGUA_EXP":1918.63,"TRAAIR_VA":1730.11,"TRAAIR_EXP":3376.37,"ALMSTR_VA":3890.69,"ALMSTR_EXP":1661.26,"POSTME_VA":901.42,"POSTME_EXP":47.39,"HOTYRE_VA":7063.55,"HOTYRE_EXP":1111.37,"MMTVRA_VA":2371.3,"MMTVRA_EXP":601.36,"TELECO_VA":7671.92,"TELECO_EXP":400.29,"ITSERV_VA":2794.42,"ITSERV_EXP":145.88,"SERFIN_VA":27516.9,"SERFIN_EXP":913.96,"GOBEST_VA":28398.89,"GOBEST_EXP":140.01,"SPRSCT_VA":10816.97,"SPRSCT_EXP":770.54,"SEAEMP_VA":5555.59,"SEAEMP_EXP":357.81,"ADPDEF_VA":28260.0,"ADPDEF_EXP":0.0,"EDUCAC_VA":18014.03,"EDUCAC_EXP":93.3,"SALUDH_VA":10140.53,"SALUDH_EXP":603.59,"ESPARC_VA":2819.16,"ESPARC_EXP":258.56,"OTRSER_VA":9954.2,"OTRSER_EXP":44.59,"SERHOG_VA":2695.31,"SERHOG_EXP":0.0}},{"type":"Feature","geometry":{"type":"Point","coordinates":[31.17,48.38]},"properties":{"id":"UKR","name":"Ucrania","continent":"europe","year":2005,"AGRPFO_VA":6987.07,"AGRPFO_EXP":1396.7,"FORLOG_VA":808.93,"FORLOG_EXP":145.96,"PESCAC_VA":33.35,"PESCAC_EXP":5.64,"MINCOL_VA":1595.79,"MINCOL_EXP":607.28,"PETGAS_VA":1682.84,"PETGAS_EXP":310.72,"MINORE_VA":1689.73,"MINORE_EXP":168.98,"MINOTH_VA":388.69,"MINOTH_EXP":255.71,"MINSER_VA":63.66,"MINSER_EXP":967.33,"ALYBEB_VA":4659.59,"ALYBEB_EXP":2542.38,"TEXYPR_VA":696.01,"TEXYPR_EXP":429.88,"MADYPR_VA":293.12,"MADYPR_EXP":481.25,"PAPYPR_VA":721.65,"PAPYPR_EXP":640.75,"PETREF_VA":852.48,"PETREF_EXP":493.87,"QUIMYP_VA":860.88,"QUIMYP_EXP":1144.21,"FARMED_VA":281.65,"FARMED_EXP":118.6,"HUPLAS_VA":478.73,"HUPLAS_EXP":143.64,"PRNOMT_VA":859.48,"PRNOMT_EXP":193.33,"METBAS_VA":2313.66,"METBAS_EXP":5600.67,"NONFER_VA":228.93,"NONFER_EXP":474.9,"PRMETA_VA":591.6,"PRMETA_EXP":349.18,"ELCTRO_VA":239.39,"ELCTRO_EXP":365.91,"ELCTRI_VA":667.65,"ELCTRI_EXP":553.78,"MAQYEQ_VA":1135.62,"MAQYEQ_EXP":988.92,"AUTOMO_VA":235.87,"AUTOMO_EXP":222.87,"OTRTRA_VA":42.17,"OTRTRA_EXP":153.92,"TRANSP_VA":1909.17,"TRANSP_EXP":607.89,"OTRMAN_VA":1004.18,"OTRMAN_EXP":918.67,"ELEGAS_VA":2704.05,"ELEGAS_EXP":107.51,"AGUBAS_VA":1006.11,"AGUBAS_EXP":4.69,"CONSTR_VA":3550.19,"CONSTR_EXP":34.1,"COMREV_VA":10743.24,"COMREV_EXP":2126.94,"TRATIE_VA":5169.61,"TRATIE_EXP":1244.99,"TRAGUA_VA":599.59,"TRAGUA_EXP":269.44,"TRAAIR_VA":565.06,"TRAAIR_EXP":457.62,"ALMSTR_VA":2608.16,"ALMSTR_EXP":684.21,"POSTME_VA":187.71,"POSTME_EXP":40.12,"HOTYRE_VA":558.47,"HOTYRE_EXP":820.44,"MMTVRA_VA":399.4,"MMTVRA_EXP":63.44,"TELECO_VA":1438.08,"TELECO_EXP":212.08,"ITSERV_VA":771.41,"ITSERV_EXP":688.17,"SERFIN_VA":3617.99,"SERFIN_EXP":627.2,"GOBEST_VA":3088.66,"GOBEST_EXP":185.03,"SPRSCT_VA":1798.68,"SPRSCT_EXP":430.87,"SEAEMP_VA":725.01,"SEAEMP_EXP":151.83,"ADPDEF_VA":3988.2,"ADPDEF_EXP":1.03,"EDUCAC_VA":4017.25,"EDUCAC_EXP":68.68,"SALUDH_VA":2707.82,"SALUDH_EXP":34.68,"ESPARC_VA":493.55,"ESPARC_EXP":170.8,"OTRSER_VA":567.37,"OTRSER_EXP":43.02,"SERHOG_VA":1.34,"SERHOG_EXP":0.0}},{"type":"Feature","geometry":{"type":"Point","coordinates":[-95.71,37.09]},"properties":{"id":"USA","name":"Estados Unidos","continent":"america","year":2005,"AGRPFO_VA":137857.34,"AGRPFO_EXP":23494.9,"FORLOG_VA":10105.86,"FORLOG_EXP":1163.31,"PESCAC_VA":2753.77,"PESCAC_EXP":2550.97,"MINCOL_VA":17407.79,"MINCOL_EXP":2796.01,"PETGAS_VA":149484.06,"PETGAS_EXP":5214.17,"MINORE_VA":9640.44,"MINORE_EXP":4096.08,"MINOTH_VA":14552.95,"MINOTH_EXP":1352.19,"MINSER_VA":27404.55,"MINSER_EXP":974.28,"ALYBEB_VA":159450.17,"ALYBEB_EXP":28267.92,"TEXYPR_VA":35851.7,"TEXYPR_EXP":17065.45,"MADYPR_VA":35465.3,"MADYPR_EXP":3869.74,"PAPYPR_VA":98805.65,"PAPYPR_EXP":17248.19,"PETREF_VA":131808.04,"PETREF_EXP":23245.73,"QUIMYP_VA":124633.2,"QUIMYP_EXP":62341.17,"FARMED_VA":104666.82,"FARMED_EXP":23559.51,"HUPLAS_VA":64931.06,"HUPLAS_EXP":16392.76,"PRNOMT_VA":61746.3,"PRNOMT_EXP":6167.99,"METBAS_VA":32023.83,"METBAS_EXP":8203.85,"NONFER_VA":37364.96,"NONFER_EXP":13905.48,"PRMETA_VA":123912.68,"PRMETA_EXP":18374.05,"ELCTRO_VA":214599.41,"ELCTRO_EXP":104004.08,"ELCTRI_VA":44043.73,"ELCTRI_EXP":24529.13,"MAQYEQ_VA":117993.09,"MAQYEQ_EXP":78159.99,"AUTOMO_VA":131606.66,"AUTOMO_EXP":67031.86,"OTRTRA_VA":12876.03,"OTRTRA_EXP":1866.16,"TRANSP_VA":77706.84,"TRANSP_EXP":53348.54,"OTRMAN_VA":115703.72,"OTRMAN_EXP":26808.11,"ELEGAS_VA":169728.98,"ELEGAS_EXP":2505.23,"AGUBAS_VA":38568.31,"AGUBAS_EXP":49.57,"CONSTR_VA":665869.76,"CONSTR_EXP":3.56,"COMREV_VA":1361545.26,"COMREV_EXP":162947.76,"TRATIE_VA":185562.82,"TRATIE_EXP":26047.42,"TRAGUA_VA":9882.73,"TRAGUA_EXP":6984.37,"TRAAIR_VA":49972.76,"TRAAIR_EXP":31931.6,"ALMSTR_VA":86842.06,"ALMSTR_EXP":3276.15,"POSTME_VA":92510.17,"POSTME_EXP":7561.62,"HOTYRE_VA":320739.19,"HOTYRE_EXP":26967.91,"MMTVRA_VA":297019.65,"MMTVRA_EXP":38636.84,"TELECO_VA":238763.25,"TELECO_EXP":11349.0,"ITSERV_VA":205675.36,"ITSERV_EXP":9789.84,"SERFIN_VA":967492.53,"SERFIN_EXP":67616.27,"GOBEST_VA":1512014.91,"GOBEST_EXP":9092.15,"SPRSCT_VA":906655.84,"SPRSCT_EXP":65804.32,"SEAEMP_VA":482378.76,"SEAEMP_EXP":42398.39,"ADPDEF_VA":1141973.02,"ADPDEF_EXP":2856.83,"EDUCAC_VA":698165.37,"EDUCAC_EXP":18014.49,"SALUDH_VA":837430.82,"SALUDH_EXP":1521.39,"ESPARC_VA":114023.21,"ESPARC_EXP":4470.67,"OTRSER_VA":204185.58,"OTRSER_EXP":1996.48,"SERHOG_VA":15293.44,"SERHOG_EXP":0.0}},{"type":"Feature","geometry":{"type":"Point","coordinates":[108.28,14.06]},"properties":{"id":"VNM","name":"Vietnam","continent":"asia","year":2005,"AGRPFO_VA":8004.85,"AGRPFO_EXP":1605.86,"FORLOG_VA":596.47,"FORLOG_EXP":38.77,"PESCAC_VA":1979.25,"PESCAC_EXP":301.87,"MINCOL_VA":329.25,"MINCOL_EXP":731.22,"PETGAS_VA":6492.92,"PETGAS_EXP":7428.29,"MINORE_VA":64.12,"MINORE_EXP":54.1,"MINOTH_VA":170.4,"MINOTH_EXP":33.38,"MINSER_VA":117.26,"MINSER_EXP":3.09,"ALYBEB_VA":2682.64,"ALYBEB_EXP":4581.49,"TEXYPR_VA":3917.77,"TEXYPR_EXP":6028.33,"MADYPR_VA":249.79,"MADYPR_EXP":305.73,"PAPYPR_VA":378.41,"PAPYPR_EXP":154.21,"PETREF_VA":404.92,"PETREF_EXP":47.39,"QUIMYP_VA":751.31,"QUIMYP_EXP":570.52,"FARMED_VA":176.49,"FARMED_EXP":27.05,"HUPLAS_VA":664.62,"HUPLAS_EXP":766.7,"PRNOMT_VA":926.85,"PRNOMT_EXP":611.25,"METBAS_VA":306.95,"METBAS_EXP":235.83,"NONFER_VA":72.2,"NONFER_EXP":48.27,"PRMETA_VA":512.14,"PRMETA_EXP":1484.91,"ELCTRO_VA":562.52,"ELCTRO_EXP":518.27,"ELCTRI_VA":387.54,"ELCTRI_EXP":1107.86,"MAQYEQ_VA":317.38,"MAQYEQ_EXP":896.34,"AUTOMO_VA":204.46,"AUTOMO_EXP":265.43,"OTRTRA_VA":11.75,"OTRTRA_EXP":36.59,"TRANSP_VA":98.67,"TRANSP_EXP":16.51,"OTRMAN_VA":1225.44,"OTRMAN_EXP":1400.65,"ELEGAS_VA":1880.86,"ELEGAS_EXP":9.42,"AGUBAS_VA":366.02,"AGUBAS_EXP":0.12,"CONSTR_VA":3414.76,"CONSTR_EXP":4.23,"COMREV_VA":5378.63,"COMREV_EXP":2179.3,"TRATIE_VA":844.65,"TRATIE_EXP":454.88,"TRAGUA_VA":267.31,"TRAGUA_EXP":435.24,"TRAAIR_VA":288.31,"TRAAIR_EXP":686.02,"ALMSTR_VA":466.04,"ALMSTR_EXP":446.93,"POSTME_VA":104.92,"POSTME_EXP":110.3,"HOTYRE_VA":1529.35,"HOTYRE_EXP":802.45,"MMTVRA_VA":191.15,"MMTVRA_EXP":41.35,"TELECO_VA":701.94,"TELECO_EXP":102.57,"ITSERV_VA":280.42,"ITSERV_EXP":90.39,"SERFIN_VA":1272.98,"SERFIN_EXP":375.12,"GOBEST_VA":1266.33,"GOBEST_EXP":80.11,"SPRSCT_VA":1090.51,"SPRSCT_EXP":128.01,"SEAEMP_VA":329.83,"SEAEMP_EXP":186.0,"ADPDEF_VA":1403.96,"ADPDEF_EXP":0.45,"EDUCAC_VA":1605.08,"EDUCAC_EXP":24.52,"SALUDH_VA":679.37,"SALUDH_EXP":18.77,"ESPARC_VA":558.65,"ESPARC_EXP":90.67,"OTRSER_VA":415.79,"OTRSER_EXP":25.35,"SERHOG_VA":88.67,"SERHOG_EXP":0.0}},{"type":"Feature","geometry":{"type":"Point","coordinates":[22.94,-30.56]},"properties":{"id":"ZAF","name":"Sudáfrica","continent":"other","year":2005,"AGRPFO_VA":4869.16,"AGRPFO_EXP":1638.84,"FORLOG_VA":281.61,"FORLOG_EXP":15.75,"PESCAC_VA":484.66,"PESCAC_EXP":53.98,"MINCOL_VA":3162.31,"MINCOL_EXP":3684.31,"PETGAS_VA":253.83,"PETGAS_EXP":514.32,"MINORE_VA":12644.65,"MINORE_EXP":16877.26,"MINOTH_VA":1120.9,"MINOTH_EXP":1926.69,"MINSER_VA":189.99,"MINSER_EXP":12.42,"ALYBEB_VA":6867.73,"ALYBEB_EXP":1423.57,"TEXYPR_VA":1762.88,"TEXYPR_EXP":290.16,"MADYPR_VA":583.55,"MADYPR_EXP":205.19,"PAPYPR_VA":2417.13,"PAPYPR_EXP":821.43,"PETREF_VA":3888.93,"PETREF_EXP":1387.54,"QUIMYP_VA":3285.96,"QUIMYP_EXP":3164.43,"FARMED_VA":590.13,"FARMED_EXP":170.16,"HUPLAS_VA":1160.38,"HUPLAS_EXP":292.74,"PRNOMT_VA":1674.98,"PRNOMT_EXP":158.95,"METBAS_VA":3410.97,"METBAS_EXP":5004.85,"NONFER_VA":1189.03,"NONFER_EXP":2429.86,"PRMETA_VA":2063.57,"PRMETA_EXP":1098.84,"ELCTRO_VA":613.73,"ELCTRO_EXP":359.44,"ELCTRI_VA":1165.38,"ELCTRI_EXP":616.91,"MAQYEQ_VA":2712.95,"MAQYEQ_EXP":2453.42,"AUTOMO_VA":3288.43,"AUTOMO_EXP":3400.63,"OTRTRA_VA":66.46,"OTRTRA_EXP":98.85,"TRANSP_VA":431.1,"TRANSP_EXP":780.67,"OTRMAN_VA":2061.15,"OTRMAN_EXP":893.27,"ELEGAS_VA":5014.66,"ELEGAS_EXP":65.32,"AGUBAS_VA":2791.03,"AGUBAS_EXP":0.32,"CONSTR_VA":7690.0,"CONSTR_EXP":83.26,"COMREV_VA":23782.59,"COMREV_EXP":4858.05,"TRATIE_VA":6784.81,"TRATIE_EXP":1769.08,"TRAGUA_VA":366.66,"TRAGUA_EXP":378.86,"TRAAIR_VA":727.72,"TRAAIR_EXP":1036.85,"ALMSTR_VA":3000.58,"ALMSTR_EXP":1022.22,"POSTME_VA":479.61,"POSTME_EXP":90.02,"HOTYRE_VA":2690.53,"HOTYRE_EXP":1080.77,"MMTVRA_VA":2398.97,"MMTVRA_EXP":351.87,"TELECO_VA":14965.28,"TELECO_EXP":1139.65,"ITSERV_VA":5061.43,"ITSERV_EXP":261.22,"SERFIN_VA":38525.17,"SERFIN_EXP":1383.44,"GOBEST_VA":18647.44,"GOBEST_EXP":503.18,"SPRSCT_VA":10794.83,"SPRSCT_EXP":248.78,"SEAEMP_VA":6483.42,"SEAEMP_EXP":401.02,"ADPDEF_VA":9284.13,"ADPDEF_EXP":16.0,"EDUCAC_VA":7433.42,"EDUCAC_EXP":1025.67,"SALUDH_VA":5614.15,"SALUDH_EXP":95.73,"ESPARC_VA":3309.04,"ESPARC_EXP":242.29,"OTRSER_VA":1489.8,"OTRSER_EXP":95.66,"SERHOG_VA":35121.63,"SERHOG_EXP":0.0}}]}