{"type":"FeatureCollection","features":[{"type":"Feature","geometry":{"type":"Point","coordinates":[13.23,-8.84]},"properties":{"id":"AGO","name":"Angola","continent":"other","year":2020,"AGRPFO_VA":3581.37,"AGRPFO_EXP":34.35,"FORLOG_VA":286.9,"FORLOG_EXP":4.08,"PESCAC_VA":611.46,"PESCAC_EXP":2.11,"MINCOL_VA":18.07,"MINCOL_EXP":0.14,"PETGAS_VA":15498.89,"PETGAS_EXP":17032.3,"MINORE_VA":19.69,"MINORE_EXP":6.18,"MINOTH_VA":4245.33,"MINOTH_EXP":1023.85,"MINSER_VA":2315.76,"MINSER_EXP":115.66,"ALYBEB_VA":687.47,"ALYBEB_EXP":27.89,"TEXYPR_VA":331.94,"TEXYPR_EXP":1.01,"MADYPR_VA":11.93,"MADYPR_EXP":21.82,"PAPYPR_VA":47.03,"PAPYPR_EXP":0.74,"PETREF_VA":555.12,"PETREF_EXP":291.97,"QUIMYP_VA":242.08,"QUIMYP_EXP":70.3,"FARMED_VA":109.9,"FARMED_EXP":0.37,"HUPLAS_VA":58.01,"HUPLAS_EXP":1.74,"PRNOMT_VA":101.68,"PRNOMT_EXP":5.75,"METBAS_VA":33.91,"METBAS_EXP":7.66,"NONFER_VA":8.88,"NONFER_EXP":19.15,"PRMETA_VA":67.9,"PRMETA_EXP":7.24,"ELCTRO_VA":226.61,"ELCTRO_EXP":6.68,"ELCTRI_VA":95.65,"ELCTRI_EXP":2.38,"MAQYEQ_VA":303.33,"MAQYEQ_EXP":76.95,"AUTOMO_VA":268.78,"AUTOMO_EXP":3.21,"OTRTRA_VA":10.5,"OTRTRA_EXP":0.12,"TRANSP_VA":6.32,"TRANSP_EXP":1.34,"OTRMAN_VA":96.63,"OTRMAN_EXP":23.66,"ELEGAS_VA":1676.69,"ELEGAS_EXP":367.33,"AGUBAS_VA":207.95,"AGUBAS_EXP":41.82,"CONSTR_VA":3216.49,"CONSTR_EXP":0.22,"COMREV_VA":3661.6,"COMREV_EXP":446.11,"TRATIE_VA":403.75,"TRATIE_EXP":113.84,"TRAGUA_VA":197.06,"TRAGUA_EXP":34.34,"TRAAIR_VA":241.98,"TRAAIR_EXP":6.28,"ALMSTR_VA":304.62,"ALMSTR_EXP":23.74,"POSTME_VA":164.74,"POSTME_EXP":0.61,"HOTYRE_VA":978.63,"HOTYRE_EXP":1.77,"MMTVRA_VA":480.02,"MMTVRA_EXP":1.35,"TELECO_VA":728.49,"TELECO_EXP":2.8,"ITSERV_VA":457.55,"ITSERV_EXP":4.99,"SERFIN_VA":1301.45,"SERFIN_EXP":10.22,"GOBEST_VA":2366.95,"GOBEST_EXP":129.79,"SPRSCT_VA":768.18,"SPRSCT_EXP":17.71,"SEAEMP_VA":600.04,"SEAEMP_EXP":13.63,"ADPDEF_VA":3159.7,"ADPDEF_EXP":1.76,"EDUCAC_VA":2823.66,"EDUCAC_EXP":0.09,"SALUDH_VA":758.47,"SALUDH_EXP":0.52,"ESPARC_VA":121.71,"ESPARC_EXP":0.94,"OTRSER_VA":358.17,"OTRSER_EXP":0.74,"SERHOG_VA":0.0,"SERHOG_EXP":0.0}},{"type":"Feature","geometry":{"type":"Point","coordinates":[53.85,23.42]},"properties":{"id":"ARE","name":"Emiratos Árabes","continent":"other","year":2020,"AGRPFO_VA":3005.65,"AGRPFO_EXP":1625.13,"FORLOG_VA":382.58,"FORLOG_EXP":388.84,"PESCAC_VA":406.26,"PESCAC_EXP":543.68,"MINCOL_VA":725.77,"MINCOL_EXP":1082.3,"PETGAS_VA":80188.45,"PETGAS_EXP":103486.73,"MINORE_VA":12315.0,"MINORE_EXP":2884.99,"MINOTH_VA":2926.45,"MINOTH_EXP":6902.27,"MINSER_VA":9697.73,"MINSER_EXP":8017.03,"ALYBEB_VA":4823.07,"ALYBEB_EXP":6440.34,"TEXYPR_VA":1695.06,"TEXYPR_EXP":1603.47,"MADYPR_VA":196.58,"MADYPR_EXP":72.56,"PAPYPR_VA":787.65,"PAPYPR_EXP":1511.23,"PETREF_VA":10294.77,"PETREF_EXP":20374.48,"QUIMYP_VA":2785.15,"QUIMYP_EXP":8622.59,"FARMED_VA":1673.36,"FARMED_EXP":405.13,"HUPLAS_VA":810.12,"HUPLAS_EXP":1359.24,"PRNOMT_VA":2408.6,"PRNOMT_EXP":1677.0,"METBAS_VA":581.71,"METBAS_EXP":2581.75,"NONFER_VA":2555.28,"NONFER_EXP":8947.83,"PRMETA_VA":1166.23,"PRMETA_EXP":2354.19,"ELCTRO_VA":3743.62,"ELCTRO_EXP":476.43,"ELCTRI_VA":1564.05,"ELCTRI_EXP":2163.91,"MAQYEQ_VA":1046.27,"MAQYEQ_EXP":1864.8,"AUTOMO_VA":1389.17,"AUTOMO_EXP":646.74,"OTRTRA_VA":208.37,"OTRTRA_EXP":148.85,"TRANSP_VA":628.17,"TRANSP_EXP":220.16,"OTRMAN_VA":2050.61,"OTRMAN_EXP":2904.98,"ELEGAS_VA":16654.18,"ELEGAS_EXP":359.7,"AGUBAS_VA":1753.92,"AGUBAS_EXP":34.84,"CONSTR_VA":34249.74,"CONSTR_EXP":450.58,"COMREV_VA":33663.9,"COMREV_EXP":11910.42,"TRATIE_VA":2997.03,"TRATIE_EXP":2309.94,"TRAGUA_VA":2071.66,"TRAGUA_EXP":5086.45,"TRAAIR_VA":2048.22,"TRAAIR_EXP":7126.31,"ALMSTR_VA":3094.82,"ALMSTR_EXP":3139.61,"POSTME_VA":1341.03,"POSTME_EXP":248.77,"HOTYRE_VA":5924.21,"HOTYRE_EXP":12831.4,"MMTVRA_VA":3933.61,"MMTVRA_EXP":1518.49,"TELECO_VA":5823.15,"TELECO_EXP":4542.08,"ITSERV_VA":3642.27,"ITSERV_EXP":5413.81,"SERFIN_VA":11108.41,"SERFIN_EXP":10543.75,"GOBEST_VA":19442.35,"GOBEST_EXP":8726.7,"SPRSCT_VA":5659.45,"SPRSCT_EXP":3581.39,"SEAEMP_VA":5093.64,"SEAEMP_EXP":3167.15,"ADPDEF_VA":30545.61,"ADPDEF_EXP":129.72,"EDUCAC_VA":6905.36,"EDUCAC_EXP":214.52,"SALUDH_VA":4721.91,"SALUDH_EXP":134.63,"ESPARC_VA":1087.86,"ESPARC_EXP":1431.15,"OTRSER_VA":2547.0,"OTRSER_EXP":191.37,"SERHOG_VA":2888.37,"SERHOG_EXP":0.0}},{"type":"Feature","geometry":{"type":"Point","coordinates":[-63.62,-38.42]},"properties":{"id":"ARG","name":"Argentina","continent":"america","year":2020,"AGRPFO_VA":23225.81,"AGRPFO_EXP":10190.69,"FORLOG_VA":291.92,"FORLOG_EXP":45.25,"PESCAC_VA":1310.58,"PESCAC_EXP":820.08,"MINCOL_VA":19.54,"MINCOL_EXP":1.67,"PETGAS_VA":8207.51,"PETGAS_EXP":1249.36,"MINORE_VA":2092.64,"MINORE_EXP":1440.56,"MINOTH_VA":834.81,"MINOTH_EXP":37.54,"MINSER_VA":1242.79,"MINSER_EXP":19.05,"ALYBEB_VA":20419.31,"ALYBEB_EXP":15740.9,"TEXYPR_VA":2482.7,"TEXYPR_EXP":523.25,"MADYPR_VA":1263.15,"MADYPR_EXP":145.67,"PAPYPR_VA":4165.15,"PAPYPR_EXP":402.18,"PETREF_VA":2144.28,"PETREF_EXP":519.73,"QUIMYP_VA":8190.47,"QUIMYP_EXP":1975.52,"FARMED_VA":5245.7,"FARMED_EXP":911.52,"HUPLAS_VA":3068.33,"HUPLAS_EXP":397.13,"PRNOMT_VA":2805.0,"PRNOMT_EXP":147.87,"METBAS_VA":2930.26,"METBAS_EXP":542.76,"NONFER_VA":761.45,"NONFER_EXP":411.78,"PRMETA_VA":2587.79,"PRMETA_EXP":637.24,"ELCTRO_VA":957.32,"ELCTRO_EXP":168.21,"ELCTRI_VA":876.46,"ELCTRI_EXP":137.48,"MAQYEQ_VA":2990.56,"MAQYEQ_EXP":647.7,"AUTOMO_VA":2838.28,"AUTOMO_EXP":2874.86,"OTRTRA_VA":73.85,"OTRTRA_EXP":14.13,"TRANSP_VA":228.33,"TRANSP_EXP":381.26,"OTRMAN_VA":1763.46,"OTRMAN_EXP":591.74,"ELEGAS_VA":4947.56,"ELEGAS_EXP":505.5,"AGUBAS_VA":860.23,"AGUBAS_EXP":0.1,"CONSTR_VA":12931.36,"CONSTR_EXP":1.52,"COMREV_VA":62723.85,"COMREV_EXP":11338.3,"TRATIE_VA":7660.62,"TRATIE_EXP":1659.49,"TRAGUA_VA":226.98,"TRAGUA_EXP":65.9,"TRAAIR_VA":242.45,"TRAAIR_EXP":242.25,"ALMSTR_VA":3048.62,"ALMSTR_EXP":915.39,"POSTME_VA":618.16,"POSTME_EXP":25.28,"HOTYRE_VA":4856.41,"HOTYRE_EXP":757.7,"MMTVRA_VA":822.09,"MMTVRA_EXP":187.24,"TELECO_VA":8230.3,"TELECO_EXP":695.29,"ITSERV_VA":5418.44,"ITSERV_EXP":1266.95,"SERFIN_VA":15071.88,"SERFIN_EXP":166.43,"GOBEST_VA":21456.76,"GOBEST_EXP":101.43,"SPRSCT_VA":15432.18,"SPRSCT_EXP":2544.0,"SEAEMP_VA":5416.49,"SEAEMP_EXP":978.38,"ADPDEF_VA":26049.18,"ADPDEF_EXP":0.01,"EDUCAC_VA":19828.22,"EDUCAC_EXP":28.85,"SALUDH_VA":16388.73,"SALUDH_EXP":19.12,"ESPARC_VA":1312.54,"ESPARC_EXP":254.87,"OTRSER_VA":2728.72,"OTRSER_EXP":27.95,"SERHOG_VA":3859.45,"SERHOG_EXP":0.0}},{"type":"Feature","geometry":{"type":"Point","coordinates":[133.78,-25.27]},"properties":{"id":"AUS","name":"Australia","continent":"other","year":2020,"AGRPFO_VA":30297.87,"AGRPFO_EXP":9374.2,"FORLOG_VA":1373.37,"FORLOG_EXP":383.76,"PESCAC_VA":1440.86,"PESCAC_EXP":475.62,"MINCOL_VA":12605.81,"MINCOL_EXP":24508.02,"PETGAS_VA":24944.02,"PETGAS_EXP":24878.11,"MINORE_VA":106219.21,"MINORE_EXP":100357.06,"MINOTH_VA":2322.11,"MINOTH_EXP":725.88,"MINSER_VA":6877.56,"MINSER_EXP":280.32,"ALYBEB_VA":18779.68,"ALYBEB_EXP":13598.0,"TEXYPR_VA":1719.8,"TEXYPR_EXP":779.93,"MADYPR_VA":3396.31,"MADYPR_EXP":499.56,"PAPYPR_VA":3551.76,"PAPYPR_EXP":951.62,"PETREF_VA":2245.1,"PETREF_EXP":1790.47,"QUIMYP_VA":4284.85,"QUIMYP_EXP":3934.72,"FARMED_VA":3761.63,"FARMED_EXP":2730.11,"HUPLAS_VA":3340.02,"HUPLAS_EXP":1087.38,"PRNOMT_VA":5136.36,"PRNOMT_EXP":537.35,"METBAS_VA":1693.66,"METBAS_EXP":765.12,"NONFER_VA":2746.88,"NONFER_EXP":28064.08,"PRMETA_VA":8873.04,"PRMETA_EXP":1427.19,"ELCTRO_VA":4727.43,"ELCTRO_EXP":1733.47,"ELCTRI_VA":1880.63,"ELCTRI_EXP":939.5,"MAQYEQ_VA":4007.34,"MAQYEQ_EXP":1937.17,"AUTOMO_VA":2881.63,"AUTOMO_EXP":929.6,"OTRTRA_VA":2202.07,"OTRTRA_EXP":222.45,"TRANSP_VA":1823.28,"TRANSP_EXP":1278.67,"OTRMAN_VA":6748.65,"OTRMAN_EXP":1034.12,"ELEGAS_VA":17284.66,"ELEGAS_EXP":14.68,"AGUBAS_VA":13980.23,"AGUBAS_EXP":18.45,"CONSTR_VA":100623.5,"CONSTR_EXP":1015.62,"COMREV_VA":124750.15,"COMREV_EXP":31993.98,"TRATIE_VA":26898.95,"TRATIE_EXP":4900.88,"TRAGUA_VA":2986.93,"TRAGUA_EXP":1319.04,"TRAAIR_VA":747.21,"TRAAIR_EXP":3817.61,"ALMSTR_VA":23931.07,"ALMSTR_EXP":3113.97,"POSTME_VA":4820.64,"POSTME_EXP":1433.7,"HOTYRE_VA":29275.45,"HOTYRE_EXP":4460.77,"MMTVRA_VA":8883.9,"MMTVRA_EXP":789.06,"TELECO_VA":14981.17,"TELECO_EXP":1525.85,"ITSERV_VA":32668.78,"ITSERV_EXP":2148.26,"SERFIN_VA":106744.43,"SERFIN_EXP":4061.71,"GOBEST_VA":151964.14,"GOBEST_EXP":1123.42,"SPRSCT_VA":76635.15,"SPRSCT_EXP":5226.78,"SEAEMP_VA":51629.59,"SEAEMP_EXP":4182.73,"ADPDEF_VA":76396.56,"ADPDEF_EXP":32.22,"EDUCAC_VA":68250.58,"EDUCAC_EXP":7235.78,"SALUDH_VA":106919.82,"SALUDH_EXP":399.17,"ESPARC_VA":10356.61,"ESPARC_EXP":1691.19,"OTRSER_VA":11083.45,"OTRSER_EXP":513.07,"SERHOG_VA":0.0,"SERHOG_EXP":0.0}},{"type":"Feature","geometry":{"type":"Point","coordinates":[14.55,47.52]},"properties":{"id":"AUT","name":"Austria","continent":"europe","year":2020,"AGRPFO_VA":3841.71,"AGRPFO_EXP":1375.62,"FORLOG_VA":1025.62,"FORLOG_EXP":77.54,"PESCAC_VA":44.99,"PESCAC_EXP":9.82,"MINCOL_VA":27.81,"MINCOL_EXP":2.23,"PETGAS_VA":231.31,"PETGAS_EXP":294.18,"MINORE_VA":142.66,"MINORE_EXP":270.56,"MINOTH_VA":592.42,"MINOTH_EXP":238.26,"MINSER_VA":49.74,"MINSER_EXP":53.14,"ALYBEB_VA":8606.09,"ALYBEB_EXP":11325.24,"TEXYPR_VA":1106.53,"TEXYPR_EXP":2686.5,"MADYPR_VA":3476.45,"MADYPR_EXP":4017.59,"PAPYPR_VA":3358.83,"PAPYPR_EXP":5483.71,"PETREF_VA":556.01,"PETREF_EXP":2196.25,"QUIMYP_VA":3843.06,"QUIMYP_EXP":10451.24,"FARMED_VA":3188.97,"FARMED_EXP":4291.18,"HUPLAS_VA":3073.14,"HUPLAS_EXP":3821.61,"PRNOMT_VA":3091.26,"PRNOMT_EXP":1977.24,"METBAS_VA":2922.55,"METBAS_EXP":5686.69,"NONFER_VA":1720.69,"NONFER_EXP":3656.28,"PRMETA_VA":7510.38,"PRMETA_EXP":8471.76,"ELCTRO_VA":4712.37,"ELCTRO_EXP":7192.32,"ELCTRI_VA":5543.3,"ELCTRI_EXP":9077.34,"MAQYEQ_VA":10447.01,"MAQYEQ_EXP":14458.77,"AUTOMO_VA":5322.56,"AUTOMO_EXP":13935.04,"OTRTRA_VA":94.93,"OTRTRA_EXP":26.99,"TRANSP_VA":1269.73,"TRANSP_EXP":3276.49,"OTRMAN_VA":5718.83,"OTRMAN_EXP":5013.29,"ELEGAS_VA":7290.4,"ELEGAS_EXP":1045.51,"AGUBAS_VA":4199.38,"AGUBAS_EXP":72.09,"CONSTR_VA":28293.18,"CONSTR_EXP":486.32,"COMREV_VA":48709.48,"COMREV_EXP":22326.09,"TRATIE_VA":10833.17,"TRATIE_EXP":9674.55,"TRAGUA_VA":242.55,"TRAGUA_EXP":70.54,"TRAAIR_VA":225.56,"TRAAIR_EXP":2286.06,"ALMSTR_VA":8699.76,"ALMSTR_EXP":3941.36,"POSTME_VA":1722.65,"POSTME_EXP":1149.59,"HOTYRE_VA":11079.15,"HOTYRE_EXP":2393.38,"MMTVRA_VA":2914.82,"MMTVRA_EXP":1596.37,"TELECO_VA":3572.39,"TELECO_EXP":1055.92,"ITSERV_VA":9579.62,"ITSERV_EXP":6244.89,"SERFIN_VA":17172.22,"SERFIN_EXP":3814.6,"GOBEST_VA":41181.33,"GOBEST_EXP":1051.36,"SPRSCT_VA":22978.59,"SPRSCT_EXP":10153.79,"SEAEMP_VA":17048.61,"SEAEMP_EXP":2418.31,"ADPDEF_VA":21625.3,"ADPDEF_EXP":237.74,"EDUCAC_VA":22084.32,"EDUCAC_EXP":1219.35,"SALUDH_VA":32484.48,"SALUDH_EXP":365.39,"ESPARC_VA":3330.08,"ESPARC_EXP":939.61,"OTRSER_VA":5873.86,"OTRSER_EXP":386.73,"SERHOG_VA":156.18,"SERHOG_EXP":0.0}},{"type":"Feature","geometry":{"type":"Point","coordinates":[4.47,50.5]},"properties":{"id":"BEL","name":"Bélgica","continent":"europe","year":2020,"AGRPFO_VA":3893.28,"AGRPFO_EXP":2498.88,"FORLOG_VA":149.46,"FORLOG_EXP":158.58,"PESCAC_VA":61.94,"PESCAC_EXP":40.52,"MINCOL_VA":0.0,"MINCOL_EXP":0.0,"PETGAS_VA":0.0,"PETGAS_EXP":0.0,"MINORE_VA":0.0,"MINORE_EXP":0.0,"MINOTH_VA":322.29,"MINOTH_EXP":431.27,"MINSER_VA":3.4,"MINSER_EXP":9.94,"ALYBEB_VA":9917.92,"ALYBEB_EXP":20346.13,"TEXYPR_VA":1377.63,"TEXYPR_EXP":2911.28,"MADYPR_VA":1173.39,"MADYPR_EXP":1535.41,"PAPYPR_VA":2035.9,"PAPYPR_EXP":2230.47,"PETREF_VA":1502.92,"PETREF_EXP":7901.28,"QUIMYP_VA":9845.74,"QUIMYP_EXP":20827.64,"FARMED_VA":13866.67,"FARMED_EXP":18553.28,"HUPLAS_VA":3010.76,"HUPLAS_EXP":5334.96,"PRNOMT_VA":3151.32,"PRNOMT_EXP":2538.65,"METBAS_VA":1639.42,"METBAS_EXP":5891.99,"NONFER_VA":1124.75,"NONFER_EXP":8020.39,"PRMETA_VA":4285.51,"PRMETA_EXP":3902.35,"ELCTRO_VA":1599.5,"ELCTRO_EXP":3460.87,"ELCTRI_VA":1289.45,"ELCTRI_EXP":2199.94,"MAQYEQ_VA":4058.86,"MAQYEQ_EXP":7242.35,"AUTOMO_VA":3189.98,"AUTOMO_EXP":11213.73,"OTRTRA_VA":6.77,"OTRTRA_EXP":20.08,"TRANSP_VA":624.68,"TRANSP_EXP":678.35,"OTRMAN_VA":3744.02,"OTRMAN_EXP":2917.35,"ELEGAS_VA":7901.73,"ELEGAS_EXP":748.12,"AGUBAS_VA":4762.19,"AGUBAS_EXP":32.32,"CONSTR_VA":26195.92,"CONSTR_EXP":929.91,"COMREV_VA":55859.03,"COMREV_EXP":32576.65,"TRATIE_VA":10330.81,"TRATIE_EXP":10770.07,"TRAGUA_VA":797.96,"TRAGUA_EXP":2324.71,"TRAAIR_VA":182.29,"TRAAIR_EXP":2207.51,"ALMSTR_VA":13465.27,"ALMSTR_EXP":13168.71,"POSTME_VA":2453.93,"POSTME_EXP":1409.13,"HOTYRE_VA":6075.47,"HOTYRE_EXP":1407.45,"MMTVRA_VA":3187.7,"MMTVRA_EXP":3442.94,"TELECO_VA":6254.42,"TELECO_EXP":3446.83,"ITSERV_VA":12513.06,"ITSERV_EXP":8455.37,"SERFIN_VA":31205.36,"SERFIN_EXP":16754.68,"GOBEST_VA":47363.87,"GOBEST_EXP":601.37,"SPRSCT_VA":50525.47,"SPRSCT_EXP":39302.85,"SEAEMP_VA":25282.21,"SEAEMP_EXP":7050.95,"ADPDEF_VA":37596.25,"ADPDEF_EXP":514.41,"EDUCAC_VA":34549.44,"EDUCAC_EXP":3212.2,"SALUDH_VA":34304.57,"SALUDH_EXP":146.12,"ESPARC_VA":2424.67,"ESPARC_EXP":719.62,"OTRSER_VA":5645.89,"OTRSER_EXP":209.09,"SERHOG_VA":238.53,"SERHOG_EXP":0.0}},{"type":"Feature","geometry":{"type":"Point","coordinates":[90.36,23.68]},"properties":{"id":"BGD","name":"Bangladesh","continent":"asia","year":2020,"AGRPFO_VA":27112.18,"AGRPFO_EXP":2087.92,"FORLOG_VA":5560.7,"FORLOG_EXP":10.3,"PESCAC_VA":9296.2,"PESCAC_EXP":75.07,"MINCOL_VA":18.46,"MINCOL_EXP":0.23,"PETGAS_VA":3586.3,"PETGAS_EXP":9.42,"MINORE_VA":14.25,"MINORE_EXP":0.07,"MINOTH_VA":213.93,"MINOTH_EXP":1.54,"MINSER_VA":144.82,"MINSER_EXP":9.39,"ALYBEB_VA":11354.66,"ALYBEB_EXP":1774.96,"TEXYPR_VA":42949.31,"TEXYPR_EXP":24417.61,"MADYPR_VA":92.44,"MADYPR_EXP":24.17,"PAPYPR_VA":573.58,"PAPYPR_EXP":22.28,"PETREF_VA":87.79,"PETREF_EXP":18.24,"QUIMYP_VA":710.09,"QUIMYP_EXP":72.15,"FARMED_VA":1575.83,"FARMED_EXP":117.79,"HUPLAS_VA":6062.74,"HUPLAS_EXP":98.02,"PRNOMT_VA":5031.02,"PRNOMT_EXP":60.43,"METBAS_VA":1754.79,"METBAS_EXP":24.31,"NONFER_VA":1113.82,"NONFER_EXP":39.12,"PRMETA_VA":464.99,"PRMETA_EXP":18.39,"ELCTRO_VA":468.84,"ELCTRO_EXP":34.29,"ELCTRI_VA":872.43,"ELCTRI_EXP":59.98,"MAQYEQ_VA":111.72,"MAQYEQ_EXP":29.39,"AUTOMO_VA":65.5,"AUTOMO_EXP":2.5,"OTRTRA_VA":371.49,"OTRTRA_EXP":18.99,"TRANSP_VA":414.41,"TRANSP_EXP":117.42,"OTRMAN_VA":921.6,"OTRMAN_EXP":78.6,"ELEGAS_VA":4920.36,"ELEGAS_EXP":8.92,"AGUBAS_VA":6827.7,"AGUBAS_EXP":15.76,"CONSTR_VA":32426.21,"CONSTR_EXP":65.8,"COMREV_VA":35581.48,"COMREV_EXP":5947.7,"TRATIE_VA":9768.33,"TRATIE_EXP":443.95,"TRAGUA_VA":2680.9,"TRAGUA_EXP":399.75,"TRAAIR_VA":2278.96,"TRAAIR_EXP":647.7,"ALMSTR_VA":3176.02,"ALMSTR_EXP":205.03,"POSTME_VA":556.45,"POSTME_EXP":3.14,"HOTYRE_VA":7663.29,"HOTYRE_EXP":132.62,"MMTVRA_VA":2485.82,"MMTVRA_EXP":139.49,"TELECO_VA":7076.69,"TELECO_EXP":260.73,"ITSERV_VA":1938.59,"ITSERV_EXP":753.75,"SERFIN_VA":12612.24,"SERFIN_EXP":398.27,"GOBEST_VA":17022.65,"GOBEST_EXP":145.59,"SPRSCT_VA":9679.69,"SPRSCT_EXP":2178.49,"SEAEMP_VA":6659.97,"SEAEMP_EXP":747.84,"ADPDEF_VA":11855.25,"ADPDEF_EXP":9.04,"EDUCAC_VA":9466.11,"EDUCAC_EXP":12.69,"SALUDH_VA":13326.51,"SALUDH_EXP":11.2,"ESPARC_VA":4371.15,"ESPARC_EXP":155.94,"OTRSER_VA":5373.5,"OTRSER_EXP":27.59,"SERHOG_VA":0.0,"SERHOG_EXP":0.0}},{"type":"Feature","geometry":{"type":"Point","coordinates":[25.49,42.73]},"properties":{"id":"BGR","name":"Bulgaria","continent":"europe","year":2020,"AGRPFO_VA":2246.96,"AGRPFO_EXP":3131.19,"FORLOG_VA":267.53,"FORLOG_EXP":98.81,"PESCAC_VA":28.16,"PESCAC_EXP":10.03,"MINCOL_VA":289.82,"MINCOL_EXP":14.82,"PETGAS_VA":22.03,"PETGAS_EXP":5.45,"MINORE_VA":718.74,"MINORE_EXP":1078.02,"MINOTH_VA":128.07,"MINOTH_EXP":170.67,"MINSER_VA":22.2,"MINSER_EXP":8.61,"ALYBEB_VA":1870.26,"ALYBEB_EXP":2601.59,"TEXYPR_VA":860.1,"TEXYPR_EXP":1488.4,"MADYPR_VA":164.12,"MADYPR_EXP":288.05,"PAPYPR_VA":378.57,"PAPYPR_EXP":367.6,"PETREF_VA":152.61,"PETREF_EXP":1095.19,"QUIMYP_VA":572.1,"QUIMYP_EXP":1201.36,"FARMED_VA":271.62,"FARMED_EXP":562.75,"HUPLAS_VA":680.15,"HUPLAS_EXP":910.58,"PRNOMT_VA":667.39,"PRNOMT_EXP":659.65,"METBAS_VA":371.63,"METBAS_EXP":834.73,"NONFER_VA":292.05,"NONFER_EXP":1439.6,"PRMETA_VA":838.71,"PRMETA_EXP":726.37,"ELCTRO_VA":337.81,"ELCTRO_EXP":613.09,"ELCTRI_VA":481.93,"ELCTRI_EXP":1508.91,"MAQYEQ_VA":656.4,"MAQYEQ_EXP":1472.42,"AUTOMO_VA":437.8,"AUTOMO_EXP":911.76,"OTRTRA_VA":43.18,"OTRTRA_EXP":30.25,"TRANSP_VA":79.44,"TRANSP_EXP":183.87,"OTRMAN_VA":865.79,"OTRMAN_EXP":960.88,"ELEGAS_VA":1739.7,"ELEGAS_EXP":715.33,"AGUBAS_VA":664.94,"AGUBAS_EXP":23.33,"CONSTR_VA":3166.79,"CONSTR_EXP":189.51,"COMREV_VA":9209.62,"COMREV_EXP":4720.76,"TRATIE_VA":2395.71,"TRATIE_EXP":1662.47,"TRAGUA_VA":93.0,"TRAGUA_EXP":86.67,"TRAAIR_VA":51.14,"TRAAIR_EXP":222.17,"ALMSTR_VA":883.33,"ALMSTR_EXP":649.44,"POSTME_VA":216.15,"POSTME_EXP":28.78,"HOTYRE_VA":1086.3,"HOTYRE_EXP":648.99,"MMTVRA_VA":385.76,"MMTVRA_EXP":206.79,"TELECO_VA":1277.33,"TELECO_EXP":221.76,"ITSERV_VA":3504.85,"ITSERV_EXP":1134.9,"SERFIN_VA":3712.51,"SERFIN_EXP":1059.13,"GOBEST_VA":5937.24,"GOBEST_EXP":144.46,"SPRSCT_VA":2754.01,"SPRSCT_EXP":1244.93,"SEAEMP_VA":1641.96,"SEAEMP_EXP":306.89,"ADPDEF_VA":4377.34,"ADPDEF_EXP":0.96,"EDUCAC_VA":2735.67,"EDUCAC_EXP":40.84,"SALUDH_VA":3123.35,"SALUDH_EXP":28.59,"ESPARC_VA":649.91,"ESPARC_EXP":411.59,"OTRSER_VA":622.59,"OTRSER_EXP":35.66,"SERHOG_VA":82.43,"SERHOG_EXP":0.0}},{"type":"Feature","geometry":{"type":"Point","coordinates":[27.95,53.71]},"properties":{"id":"BLR","name":"Bielorrusia","continent":"europe","year":2020,"AGRPFO_VA":5037.36,"AGRPFO_EXP":797.95,"FORLOG_VA":308.28,"FORLOG_EXP":42.39,"PESCAC_VA":93.88,"PESCAC_EXP":4.72,"MINCOL_VA":9.32,"MINCOL_EXP":10.67,"PETGAS_VA":363.06,"PETGAS_EXP":62.57,"MINORE_VA":9.04,"MINORE_EXP":0.58,"MINOTH_VA":180.46,"MINOTH_EXP":140.39,"MINSER_VA":99.74,"MINSER_EXP":18.19,"ALYBEB_VA":3612.12,"ALYBEB_EXP":5383.41,"TEXYPR_VA":1674.4,"TEXYPR_EXP":352.31,"MADYPR_VA":429.63,"MADYPR_EXP":918.43,"PAPYPR_VA":816.03,"PAPYPR_EXP":384.8,"PETREF_VA":2246.76,"PETREF_EXP":3169.55,"QUIMYP_VA":1543.7,"QUIMYP_EXP":4417.79,"FARMED_VA":369.17,"FARMED_EXP":345.04,"HUPLAS_VA":537.33,"HUPLAS_EXP":1136.26,"PRNOMT_VA":901.22,"PRNOMT_EXP":625.44,"METBAS_VA":518.75,"METBAS_EXP":474.64,"NONFER_VA":339.43,"NONFER_EXP":283.49,"PRMETA_VA":639.67,"PRMETA_EXP":953.14,"ELCTRO_VA":407.4,"ELCTRO_EXP":670.16,"ELCTRI_VA":414.24,"ELCTRI_EXP":1088.24,"MAQYEQ_VA":1198.6,"MAQYEQ_EXP":2172.88,"AUTOMO_VA":1049.66,"AUTOMO_EXP":669.5,"OTRTRA_VA":120.89,"OTRTRA_EXP":3.17,"TRANSP_VA":109.38,"TRANSP_EXP":172.53,"OTRMAN_VA":895.21,"OTRMAN_EXP":1206.73,"ELEGAS_VA":1751.57,"ELEGAS_EXP":61.78,"AGUBAS_VA":430.66,"AGUBAS_EXP":13.49,"CONSTR_VA":3861.32,"CONSTR_EXP":75.29,"COMREV_VA":5748.22,"COMREV_EXP":2236.56,"TRATIE_VA":1924.81,"TRATIE_EXP":567.84,"TRAGUA_VA":436.39,"TRAGUA_EXP":1169.25,"TRAAIR_VA":386.1,"TRAAIR_EXP":1475.06,"ALMSTR_VA":518.56,"ALMSTR_EXP":466.83,"POSTME_VA":101.78,"POSTME_EXP":4.01,"HOTYRE_VA":1369.79,"HOTYRE_EXP":125.32,"MMTVRA_VA":412.33,"MMTVRA_EXP":396.18,"TELECO_VA":997.81,"TELECO_EXP":799.39,"ITSERV_VA":412.62,"ITSERV_EXP":620.82,"SERFIN_VA":2127.08,"SERFIN_EXP":489.19,"GOBEST_VA":2435.11,"GOBEST_EXP":173.95,"SPRSCT_VA":1452.15,"SPRSCT_EXP":1480.14,"SEAEMP_VA":1011.98,"SEAEMP_EXP":532.85,"ADPDEF_VA":2750.3,"ADPDEF_EXP":12.24,"EDUCAC_VA":1966.55,"EDUCAC_EXP":13.19,"SALUDH_VA":2227.76,"SALUDH_EXP":8.81,"ESPARC_VA":404.76,"ESPARC_EXP":329.86,"OTRSER_VA":642.69,"OTRSER_EXP":18.83,"SERHOG_VA":0.0,"SERHOG_EXP":0.0}},{"type":"Feature","geometry":{"type":"Point","coordinates":[-51.93,-14.24]},"properties":{"id":"BRA","name":"Brasil","continent":"america","year":2020,"AGRPFO_VA":79395.37,"AGRPFO_EXP":35605.87,"FORLOG_VA":5801.24,"FORLOG_EXP":953.13,"PESCAC_VA":2496.03,"PESCAC_EXP":77.88,"MINCOL_VA":1914.7,"MINCOL_EXP":87.95,"PETGAS_VA":17991.03,"PETGAS_EXP":18898.66,"MINORE_VA":18242.14,"MINORE_EXP":26887.64,"MINOTH_VA":1683.36,"MINOTH_EXP":374.73,"MINSER_VA":1324.03,"MINSER_EXP":55.69,"ALYBEB_VA":34564.33,"ALYBEB_EXP":28659.36,"TEXYPR_VA":10696.14,"TEXYPR_EXP":1809.13,"MADYPR_VA":2925.48,"MADYPR_EXP":2244.04,"PAPYPR_VA":8250.26,"PAPYPR_EXP":6086.97,"PETREF_VA":16351.74,"PETREF_EXP":4209.22,"QUIMYP_VA":14848.19,"QUIMYP_EXP":6887.35,"FARMED_VA":7743.14,"FARMED_EXP":788.31,"HUPLAS_VA":7378.88,"HUPLAS_EXP":1790.01,"PRNOMT_VA":6398.38,"PRNOMT_EXP":1376.11,"METBAS_VA":4615.91,"METBAS_EXP":7575.81,"NONFER_VA":2855.07,"NONFER_EXP":4024.64,"PRMETA_VA":7728.5,"PRMETA_EXP":1557.1,"ELCTRO_VA":4139.38,"ELCTRO_EXP":908.9,"ELCTRI_VA":4803.05,"ELCTRI_EXP":1786.83,"MAQYEQ_VA":8959.06,"MAQYEQ_EXP":4566.34,"AUTOMO_VA":9624.75,"AUTOMO_EXP":6951.51,"OTRTRA_VA":1025.85,"OTRTRA_EXP":14.65,"TRANSP_VA":1606.81,"TRANSP_EXP":2593.78,"OTRMAN_VA":14466.6,"OTRMAN_EXP":1419.81,"ELEGAS_VA":28162.8,"ELEGAS_EXP":289.05,"AGUBAS_VA":9536.3,"AGUBAS_EXP":0.33,"CONSTR_VA":53820.46,"CONSTR_EXP":23.18,"COMREV_VA":221220.89,"COMREV_EXP":36530.32,"TRATIE_VA":35670.22,"TRATIE_EXP":3754.85,"TRAGUA_VA":2472.78,"TRAGUA_EXP":1626.97,"TRAAIR_VA":1065.78,"TRAAIR_EXP":1641.01,"ALMSTR_VA":16186.6,"ALMSTR_EXP":3897.03,"POSTME_VA":3365.62,"POSTME_EXP":179.65,"HOTYRE_VA":23560.43,"HOTYRE_EXP":787.23,"MMTVRA_VA":4655.0,"MMTVRA_EXP":429.15,"TELECO_VA":15313.15,"TELECO_EXP":436.62,"ITSERV_VA":25031.23,"ITSERV_EXP":2046.42,"SERFIN_VA":87300.11,"SERFIN_EXP":2034.06,"GOBEST_VA":117724.14,"GOBEST_EXP":64.54,"SPRSCT_VA":52063.63,"SPRSCT_EXP":9575.36,"SEAEMP_VA":53401.91,"SEAEMP_EXP":3140.18,"ADPDEF_VA":124186.43,"ADPDEF_EXP":629.25,"EDUCAC_VA":78376.3,"EDUCAC_EXP":79.21,"SALUDH_VA":48779.44,"SALUDH_EXP":38.38,"ESPARC_VA":10924.25,"ESPARC_EXP":295.68,"OTRSER_VA":24297.14,"OTRSER_EXP":56.6,"SERHOG_VA":10884.32,"SERHOG_EXP":0.0}},{"type":"Feature","geometry":{"type":"Point","coordinates":[114.73,4.54]},"properties":{"id":"BRN","name":"Brunéi","continent":"asia","year":2020,"AGRPFO_VA":44.24,"AGRPFO_EXP":0.39,"FORLOG_VA":16.64,"FORLOG_EXP":0.06,"PESCAC_VA":53.07,"PESCAC_EXP":1.36,"MINCOL_VA":507.15,"MINCOL_EXP":0.13,"PETGAS_VA":3361.07,"PETGAS_EXP":3766.91,"MINORE_VA":810.84,"MINORE_EXP":0.07,"MINOTH_VA":576.85,"MINOTH_EXP":1.51,"MINSER_VA":481.58,"MINSER_EXP":61.87,"ALYBEB_VA":14.19,"ALYBEB_EXP":3.82,"TEXYPR_VA":20.81,"TEXYPR_EXP":19.02,"MADYPR_VA":1.68,"MADYPR_EXP":0.66,"PAPYPR_VA":5.14,"PAPYPR_EXP":0.27,"PETREF_VA":1562.3,"PETREF_EXP":2014.22,"QUIMYP_VA":10.1,"QUIMYP_EXP":22.61,"FARMED_VA":6.16,"FARMED_EXP":0.21,"HUPLAS_VA":5.5,"HUPLAS_EXP":0.27,"PRNOMT_VA":10.99,"PRNOMT_EXP":1.11,"METBAS_VA":2.1,"METBAS_EXP":5.67,"NONFER_VA":1.39,"NONFER_EXP":3.09,"PRMETA_VA":8.86,"PRMETA_EXP":0.69,"ELCTRO_VA":3.25,"ELCTRO_EXP":0.72,"ELCTRI_VA":5.57,"ELCTRI_EXP":0.5,"MAQYEQ_VA":5.91,"MAQYEQ_EXP":0.59,"AUTOMO_VA":0.0,"AUTOMO_EXP":0.0,"OTRTRA_VA":6.31,"OTRTRA_EXP":4.68,"TRANSP_VA":4.76,"TRANSP_EXP":0.08,"OTRMAN_VA":4.26,"OTRMAN_EXP":0.99,"ELEGAS_VA":121.17,"ELEGAS_EXP":0.35,"AGUBAS_VA":26.23,"AGUBAS_EXP":1.03,"CONSTR_VA":314.84,"CONSTR_EXP":0.27,"COMREV_VA":543.97,"COMREV_EXP":113.84,"TRATIE_VA":99.95,"TRATIE_EXP":9.11,"TRAGUA_VA":121.24,"TRAGUA_EXP":37.81,"TRAAIR_VA":8.4,"TRAAIR_EXP":12.74,"ALMSTR_VA":56.62,"ALMSTR_EXP":33.75,"POSTME_VA":5.28,"POSTME_EXP":7.38,"HOTYRE_VA":124.75,"HOTYRE_EXP":15.05,"MMTVRA_VA":11.93,"MMTVRA_EXP":0.33,"TELECO_VA":163.86,"TELECO_EXP":51.91,"ITSERV_VA":30.48,"ITSERV_EXP":2.71,"SERFIN_VA":634.2,"SERFIN_EXP":50.18,"GOBEST_VA":238.95,"GOBEST_EXP":6.98,"SPRSCT_VA":195.2,"SPRSCT_EXP":77.4,"SEAEMP_VA":84.31,"SEAEMP_EXP":31.69,"ADPDEF_VA":1391.2,"ADPDEF_EXP":0.01,"EDUCAC_VA":348.97,"EDUCAC_EXP":1.01,"SALUDH_VA":160.87,"SALUDH_EXP":0.58,"ESPARC_VA":16.83,"ESPARC_EXP":0.84,"OTRSER_VA":21.34,"OTRSER_EXP":0.98,"SERHOG_VA":15.74,"SERHOG_EXP":0.0}},{"type":"Feature","geometry":{"type":"Point","coordinates":[-106.35,56.13]},"properties":{"id":"CAN","name":"Canadá","continent":"america","year":2020,"AGRPFO_VA":24000.68,"AGRPFO_EXP":16474.61,"FORLOG_VA":5714.18,"FORLOG_EXP":1233.18,"PESCAC_VA":1177.04,"PESCAC_EXP":799.31,"MINCOL_VA":1283.51,"MINCOL_EXP":1505.58,"PETGAS_VA":30834.79,"PETGAS_EXP":47693.21,"MINORE_VA":15461.97,"MINORE_EXP":9229.16,"MINOTH_VA":5912.58,"MINOTH_EXP":2750.53,"MINSER_VA":9040.89,"MINSER_EXP":308.78,"ALYBEB_VA":28636.38,"ALYBEB_EXP":20591.15,"TEXYPR_VA":2191.14,"TEXYPR_EXP":2266.77,"MADYPR_VA":8811.14,"MADYPR_EXP":8552.28,"PAPYPR_VA":8728.49,"PAPYPR_EXP":10308.1,"PETREF_VA":7084.77,"PETREF_EXP":7551.52,"QUIMYP_VA":10472.87,"QUIMYP_EXP":15589.64,"FARMED_VA":4646.47,"FARMED_EXP":7481.64,"HUPLAS_VA":7893.38,"HUPLAS_EXP":9000.53,"PRNOMT_VA":6506.44,"PRNOMT_EXP":2697.68,"METBAS_VA":2771.02,"METBAS_EXP":3818.02,"NONFER_VA":5234.18,"NONFER_EXP":25964.05,"PRMETA_VA":12359.98,"PRMETA_EXP":8523.91,"ELCTRO_VA":5462.1,"ELCTRO_EXP":8040.29,"ELCTRI_VA":3097.0,"ELCTRI_EXP":4360.67,"MAQYEQ_VA":11322.01,"MAQYEQ_EXP":17101.73,"AUTOMO_VA":11150.56,"AUTOMO_EXP":35636.04,"OTRTRA_VA":867.02,"OTRTRA_EXP":208.11,"TRANSP_VA":8220.63,"TRANSP_EXP":11538.62,"OTRMAN_VA":12116.79,"OTRMAN_EXP":8005.22,"ELEGAS_VA":35069.71,"ELEGAS_EXP":3093.18,"AGUBAS_VA":8364.29,"AGUBAS_EXP":281.61,"CONSTR_VA":119714.54,"CONSTR_EXP":0.0,"COMREV_VA":171533.96,"COMREV_EXP":55712.85,"TRATIE_VA":42256.69,"TRATIE_EXP":13367.15,"TRAGUA_VA":1318.49,"TRAGUA_EXP":1279.13,"TRAAIR_VA":3190.06,"TRAAIR_EXP":4958.57,"ALMSTR_VA":17947.05,"ALMSTR_EXP":4048.76,"POSTME_VA":8608.74,"POSTME_EXP":1223.5,"HOTYRE_VA":23793.85,"HOTYRE_EXP":3971.45,"MMTVRA_VA":15829.63,"MMTVRA_EXP":4066.18,"TELECO_VA":28528.73,"TELECO_EXP":2021.27,"ITSERV_VA":36554.96,"ITSERV_EXP":10823.28,"SERFIN_VA":115596.7,"SERFIN_EXP":16137.46,"GOBEST_VA":209381.0,"GOBEST_EXP":958.27,"SPRSCT_VA":73341.88,"SPRSCT_EXP":13696.48,"SEAEMP_VA":47406.46,"SEAEMP_EXP":17915.26,"ADPDEF_VA":118745.93,"ADPDEF_EXP":1729.77,"EDUCAC_VA":89062.71,"EDUCAC_EXP":4115.61,"SALUDH_VA":125973.69,"SALUDH_EXP":310.57,"ESPARC_VA":8977.25,"ESPARC_EXP":2371.5,"OTRSER_VA":19910.16,"OTRSER_EXP":483.28,"SERHOG_VA":2177.73,"SERHOG_EXP":0.0}},{"type":"Feature","geometry":{"type":"Point","coordinates":[8.23,46.82]},"properties":{"id":"CHE","name":"Suiza","continent":"europe","year":2020,"AGRPFO_VA":4618.69,"AGRPFO_EXP":326.71,"FORLOG_VA":378.33,"FORLOG_EXP":52.27,"PESCAC_VA":42.08,"PESCAC_EXP":33.81,"MINCOL_VA":0.0,"MINCOL_EXP":0.0,"PETGAS_VA":4.03,"PETGAS_EXP":6.02,"MINORE_VA":20.13,"MINORE_EXP":9.81,"MINOTH_VA":957.36,"MINOTH_EXP":23.31,"MINSER_VA":26.28,"MINSER_EXP":1.0,"ALYBEB_VA":11945.63,"ALYBEB_EXP":8208.11,"TEXYPR_VA":1123.56,"TEXYPR_EXP":1826.65,"MADYPR_VA":4146.18,"MADYPR_EXP":909.13,"PAPYPR_VA":2424.58,"PAPYPR_EXP":2154.4,"PETREF_VA":144.0,"PETREF_EXP":169.22,"QUIMYP_VA":10159.09,"QUIMYP_EXP":26820.02,"FARMED_VA":36245.18,"FARMED_EXP":56370.8,"HUPLAS_VA":3406.95,"HUPLAS_EXP":3486.64,"PRNOMT_VA":2697.77,"PRNOMT_EXP":1102.98,"METBAS_VA":716.53,"METBAS_EXP":1559.26,"NONFER_VA":801.29,"NONFER_EXP":1991.49,"PRMETA_VA":10330.97,"PRMETA_EXP":5497.65,"ELCTRO_VA":23921.71,"ELCTRO_EXP":25268.94,"ELCTRI_VA":4990.7,"ELCTRI_EXP":7931.36,"MAQYEQ_VA":11634.24,"MAQYEQ_EXP":17573.43,"AUTOMO_VA":775.16,"AUTOMO_EXP":1021.51,"OTRTRA_VA":28.65,"OTRTRA_EXP":45.92,"TRANSP_VA":1573.83,"TRANSP_EXP":4533.32,"OTRMAN_VA":7697.67,"OTRMAN_EXP":8152.53,"ELEGAS_VA":11470.88,"ELEGAS_EXP":1912.4,"AGUBAS_VA":2071.83,"AGUBAS_EXP":24.7,"CONSTR_VA":38678.02,"CONSTR_EXP":167.58,"COMREV_VA":107882.02,"COMREV_EXP":55860.54,"TRATIE_VA":14475.59,"TRATIE_EXP":3953.68,"TRAGUA_VA":833.25,"TRAGUA_EXP":8923.81,"TRAAIR_VA":2373.53,"TRAAIR_EXP":2426.03,"ALMSTR_VA":4951.52,"ALMSTR_EXP":5365.91,"POSTME_VA":3477.29,"POSTME_EXP":2403.85,"HOTYRE_VA":9034.08,"HOTYRE_EXP":3771.16,"MMTVRA_VA":3154.93,"MMTVRA_EXP":4956.07,"TELECO_VA":9310.35,"TELECO_EXP":1214.91,"ITSERV_VA":22795.21,"ITSERV_EXP":14872.7,"SERFIN_VA":73859.33,"SERFIN_EXP":44221.52,"GOBEST_VA":54954.55,"GOBEST_EXP":833.87,"SPRSCT_VA":60481.81,"SPRSCT_EXP":13906.28,"SEAEMP_VA":22046.72,"SEAEMP_EXP":10032.05,"ADPDEF_VA":64384.16,"ADPDEF_EXP":1398.46,"EDUCAC_VA":4348.21,"EDUCAC_EXP":296.12,"SALUDH_VA":61761.78,"SALUDH_EXP":407.72,"ESPARC_VA":4024.71,"ESPARC_EXP":3120.31,"OTRSER_VA":9865.16,"OTRSER_EXP":198.5,"SERHOG_VA":2297.34,"SERHOG_EXP":0.0}},{"type":"Feature","geometry":{"type":"Point","coordinates":[-71.54,-35.68]},"properties":{"id":"CHL","name":"Chile","continent":"america","year":2020,"AGRPFO_VA":7962.47,"AGRPFO_EXP":4674.49,"FORLOG_VA":1235.38,"FORLOG_EXP":169.43,"PESCAC_VA":1280.9,"PESCAC_EXP":476.77,"MINCOL_VA":0.38,"MINCOL_EXP":2.87,"PETGAS_VA":57.57,"PETGAS_EXP":1.45,"MINORE_VA":28081.65,"MINORE_EXP":35949.02,"MINOTH_VA":1238.76,"MINOTH_EXP":133.21,"MINSER_VA":328.43,"MINSER_EXP":26.95,"ALYBEB_VA":9631.38,"ALYBEB_EXP":9233.38,"TEXYPR_VA":281.52,"TEXYPR_EXP":611.19,"MADYPR_VA":1291.8,"MADYPR_EXP":2029.72,"PAPYPR_VA":1562.89,"PAPYPR_EXP":2873.67,"PETREF_VA":661.77,"PETREF_EXP":518.35,"QUIMYP_VA":2148.91,"QUIMYP_EXP":2434.98,"FARMED_VA":911.38,"FARMED_EXP":191.65,"HUPLAS_VA":1051.04,"HUPLAS_EXP":647.69,"PRNOMT_VA":820.8,"PRNOMT_EXP":91.69,"METBAS_VA":181.97,"METBAS_EXP":279.32,"NONFER_VA":341.17,"NONFER_EXP":472.72,"PRMETA_VA":1551.41,"PRMETA_EXP":402.57,"ELCTRO_VA":4336.74,"ELCTRO_EXP":193.16,"ELCTRI_VA":459.12,"ELCTRI_EXP":118.58,"MAQYEQ_VA":950.83,"MAQYEQ_EXP":309.6,"AUTOMO_VA":0.0,"AUTOMO_EXP":0.0,"OTRTRA_VA":158.59,"OTRTRA_EXP":43.96,"TRANSP_VA":300.32,"TRANSP_EXP":44.13,"OTRMAN_VA":1396.37,"OTRMAN_EXP":406.57,"ELEGAS_VA":6225.07,"ELEGAS_EXP":11.82,"AGUBAS_VA":2062.01,"AGUBAS_EXP":1.59,"CONSTR_VA":15273.15,"CONSTR_EXP":0.36,"COMREV_VA":23201.74,"COMREV_EXP":7906.12,"TRATIE_VA":6782.59,"TRATIE_EXP":957.45,"TRAGUA_VA":403.88,"TRAGUA_EXP":319.68,"TRAAIR_VA":1214.05,"TRAAIR_EXP":1620.94,"ALMSTR_VA":4004.99,"ALMSTR_EXP":953.07,"POSTME_VA":449.74,"POSTME_EXP":72.38,"HOTYRE_VA":3202.59,"HOTYRE_EXP":188.34,"MMTVRA_VA":706.26,"MMTVRA_EXP":59.38,"TELECO_VA":2992.52,"TELECO_EXP":58.23,"ITSERV_VA":3540.38,"ITSERV_EXP":275.72,"SERFIN_VA":11902.92,"SERFIN_EXP":526.05,"GOBEST_VA":20169.11,"GOBEST_EXP":51.27,"SPRSCT_VA":13780.73,"SPRSCT_EXP":367.3,"SEAEMP_VA":8986.62,"SEAEMP_EXP":652.16,"ADPDEF_VA":12562.62,"ADPDEF_EXP":124.24,"EDUCAC_VA":13567.78,"EDUCAC_EXP":17.93,"SALUDH_VA":11916.97,"SALUDH_EXP":18.3,"ESPARC_VA":951.62,"ESPARC_EXP":28.95,"OTRSER_VA":2848.16,"OTRSER_EXP":23.38,"SERHOG_VA":0.0,"SERHOG_EXP":0.0}},{"type":"Feature","geometry":{"type":"Point","coordinates":[104.2,35.86]},"properties":{"id":"CHN","name":"China","continent":"asia","year":2020,"AGRPFO_VA":987074.79,"AGRPFO_EXP":18326.14,"FORLOG_VA":78275.41,"FORLOG_EXP":64.94,"PESCAC_VA":121879.35,"PESCAC_EXP":1258.23,"MINCOL_VA":149175.45,"MINCOL_EXP":381.48,"PETGAS_VA":152524.28,"PETGAS_EXP":1184.82,"MINORE_VA":74104.74,"MINORE_EXP":5870.29,"MINOTH_VA":53840.87,"MINOTH_EXP":2557.37,"MINSER_VA":10400.48,"MINSER_EXP":619.8,"ALYBEB_VA":450167.35,"ALYBEB_EXP":43327.53,"TEXYPR_VA":401712.4,"TEXYPR_EXP":288451.11,"MADYPR_VA":55587.9,"MADYPR_EXP":12634.88,"PAPYPR_VA":143671.83,"PAPYPR_EXP":20785.19,"PETREF_VA":155671.58,"PETREF_EXP":23242.84,"QUIMYP_VA":308704.52,"QUIMYP_EXP":118082.26,"FARMED_VA":120018.5,"FARMED_EXP":17536.02,"HUPLAS_VA":148832.26,"HUPLAS_EXP":90369.82,"PRNOMT_VA":338125.68,"PRNOMT_EXP":48264.51,"METBAS_VA":262591.48,"METBAS_EXP":40887.13,"NONFER_VA":180436.71,"NONFER_EXP":21957.69,"PRMETA_VA":219326.3,"PRMETA_EXP":97120.61,"ELCTRO_VA":318853.91,"ELCTRO_EXP":566276.1,"ELCTRI_VA":212265.52,"ELCTRI_EXP":193851.61,"MAQYEQ_VA":353421.97,"MAQYEQ_EXP":158030.82,"AUTOMO_VA":233352.55,"AUTOMO_EXP":58234.78,"OTRTRA_VA":12781.79,"OTRTRA_EXP":19927.97,"TRANSP_VA":37465.91,"TRANSP_EXP":26885.51,"OTRMAN_VA":106593.54,"OTRMAN_EXP":151625.55,"ELEGAS_VA":315907.79,"ELEGAS_EXP":1546.94,"AGUBAS_VA":100866.07,"AGUBAS_EXP":0.06,"CONSTR_VA":1026856.96,"CONSTR_EXP":0.12,"COMREV_VA":1376753.21,"COMREV_EXP":189714.02,"TRATIE_VA":435197.06,"TRATIE_EXP":26023.14,"TRAGUA_VA":85104.13,"TRAGUA_EXP":28702.69,"TRAAIR_VA":34018.94,"TRAAIR_EXP":14411.18,"ALMSTR_VA":101110.73,"ALMSTR_EXP":7038.77,"POSTME_VA":38457.18,"POSTME_EXP":16.77,"HOTYRE_VA":219659.6,"HOTYRE_EXP":2496.1,"MMTVRA_VA":44268.73,"MMTVRA_EXP":10287.2,"TELECO_VA":193777.6,"TELECO_EXP":10382.43,"ITSERV_VA":174523.02,"ITSERV_EXP":38575.14,"SERFIN_VA":877125.62,"SERFIN_EXP":10228.63,"GOBEST_VA":800955.05,"GOBEST_EXP":4343.22,"SPRSCT_VA":412579.46,"SPRSCT_EXP":52014.38,"SEAEMP_VA":344055.01,"SEAEMP_EXP":26798.11,"ADPDEF_VA":684774.1,"ADPDEF_EXP":0.11,"EDUCAC_VA":553094.6,"EDUCAC_EXP":51.9,"SALUDH_VA":311631.91,"SALUDH_EXP":152.05,"ESPARC_VA":66725.23,"ESPARC_EXP":6843.48,"OTRSER_VA":195186.42,"OTRSER_EXP":195.25,"SERHOG_VA":0.0,"SERHOG_EXP":0.0}},{"type":"Feature","geometry":{"type":"Point","coordinates":[-5.55,7.54]},"properties":{"id":"CIV","name":"Costa de Marfil","continent":"other","year":2020,"AGRPFO_VA":13969.08,"AGRPFO_EXP":4670.25,"FORLOG_VA":394.91,"FORLOG_EXP":5.08,"PESCAC_VA":204.65,"PESCAC_EXP":2.68,"MINCOL_VA":4.9,"MINCOL_EXP":11.03,"PETGAS_VA":51.62,"PETGAS_EXP":105.01,"MINORE_VA":255.55,"MINORE_EXP":142.46,"MINOTH_VA":17.89,"MINOTH_EXP":3.83,"MINSER_VA":13.05,"MINSER_EXP":5.2,"ALYBEB_VA":3270.4,"ALYBEB_EXP":1552.43,"TEXYPR_VA":1495.25,"TEXYPR_EXP":73.84,"MADYPR_VA":688.44,"MADYPR_EXP":93.56,"PAPYPR_VA":339.98,"PAPYPR_EXP":4.71,"PETREF_VA":1310.83,"PETREF_EXP":543.77,"QUIMYP_VA":311.94,"QUIMYP_EXP":342.09,"FARMED_VA":207.22,"FARMED_EXP":3.3,"HUPLAS_VA":395.25,"HUPLAS_EXP":100.25,"PRNOMT_VA":583.35,"PRNOMT_EXP":10.59,"METBAS_VA":68.01,"METBAS_EXP":20.22,"NONFER_VA":335.11,"NONFER_EXP":1283.46,"PRMETA_VA":488.21,"PRMETA_EXP":45.97,"ELCTRO_VA":0.0,"ELCTRO_EXP":0.0,"ELCTRI_VA":3.3,"ELCTRI_EXP":0.06,"MAQYEQ_VA":189.63,"MAQYEQ_EXP":16.57,"AUTOMO_VA":56.08,"AUTOMO_EXP":1.47,"OTRTRA_VA":8.02,"OTRTRA_EXP":0.14,"TRANSP_VA":13.52,"TRANSP_EXP":2.8,"OTRMAN_VA":759.84,"OTRMAN_EXP":37.56,"ELEGAS_VA":1145.3,"ELEGAS_EXP":113.63,"AGUBAS_VA":206.11,"AGUBAS_EXP":0.44,"CONSTR_VA":1721.6,"CONSTR_EXP":23.11,"COMREV_VA":8461.52,"COMREV_EXP":1204.32,"TRATIE_VA":1548.98,"TRATIE_EXP":185.53,"TRAGUA_VA":101.91,"TRAGUA_EXP":82.38,"TRAAIR_VA":288.74,"TRAAIR_EXP":94.89,"ALMSTR_VA":1044.62,"ALMSTR_EXP":112.23,"POSTME_VA":188.35,"POSTME_EXP":18.64,"HOTYRE_VA":409.47,"HOTYRE_EXP":30.33,"MMTVRA_VA":429.32,"MMTVRA_EXP":26.16,"TELECO_VA":853.92,"TELECO_EXP":34.63,"ITSERV_VA":777.19,"ITSERV_EXP":106.12,"SERFIN_VA":1827.81,"SERFIN_EXP":33.32,"GOBEST_VA":3387.52,"GOBEST_EXP":7.82,"SPRSCT_VA":965.52,"SPRSCT_EXP":45.84,"SEAEMP_VA":1717.35,"SEAEMP_EXP":5.75,"ADPDEF_VA":4606.66,"ADPDEF_EXP":0.08,"EDUCAC_VA":2070.04,"EDUCAC_EXP":5.27,"SALUDH_VA":530.3,"SALUDH_EXP":1.25,"ESPARC_VA":117.38,"ESPARC_EXP":3.32,"OTRSER_VA":1572.78,"OTRSER_EXP":1.93,"SERHOG_VA":177.2,"SERHOG_EXP":0.0}},{"type":"Feature","geometry":{"type":"Point","coordinates":[12.35,7.37]},"properties":{"id":"CMR","name":"Camerún","continent":"other","year":2020,"AGRPFO_VA":4937.3,"AGRPFO_EXP":604.89,"FORLOG_VA":1613.54,"FORLOG_EXP":234.63,"PESCAC_VA":621.12,"PESCAC_EXP":7.94,"MINCOL_VA":265.05,"MINCOL_EXP":9.52,"PETGAS_VA":1518.0,"PETGAS_EXP":1406.94,"MINORE_VA":27.2,"MINORE_EXP":0.37,"MINOTH_VA":75.6,"MINOTH_EXP":4.68,"MINSER_VA":173.2,"MINSER_EXP":163.59,"ALYBEB_VA":2671.09,"ALYBEB_EXP":437.61,"TEXYPR_VA":1327.12,"TEXYPR_EXP":123.45,"MADYPR_VA":513.35,"MADYPR_EXP":316.58,"PAPYPR_VA":130.97,"PAPYPR_EXP":22.65,"PETREF_VA":44.22,"PETREF_EXP":0.73,"QUIMYP_VA":199.35,"QUIMYP_EXP":51.59,"FARMED_VA":46.42,"FARMED_EXP":1.64,"HUPLAS_VA":23.29,"HUPLAS_EXP":8.04,"PRNOMT_VA":316.72,"PRNOMT_EXP":51.17,"METBAS_VA":16.44,"METBAS_EXP":27.68,"NONFER_VA":49.99,"NONFER_EXP":116.33,"PRMETA_VA":19.8,"PRMETA_EXP":11.08,"ELCTRO_VA":6.58,"ELCTRO_EXP":2.13,"ELCTRI_VA":9.56,"ELCTRI_EXP":3.71,"MAQYEQ_VA":10.78,"MAQYEQ_EXP":3.22,"AUTOMO_VA":6.0,"AUTOMO_EXP":1.29,"OTRTRA_VA":1.48,"OTRTRA_EXP":0.23,"TRANSP_VA":2.2,"TRANSP_EXP":0.25,"OTRMAN_VA":299.02,"OTRMAN_EXP":58.4,"ELEGAS_VA":363.02,"ELEGAS_EXP":0.05,"AGUBAS_VA":246.54,"AGUBAS_EXP":0.82,"CONSTR_VA":2541.53,"CONSTR_EXP":3.22,"COMREV_VA":4096.51,"COMREV_EXP":439.54,"TRATIE_VA":2036.45,"TRATIE_EXP":239.6,"TRAGUA_VA":263.7,"TRAGUA_EXP":100.28,"TRAAIR_VA":265.48,"TRAAIR_EXP":108.34,"ALMSTR_VA":1114.93,"ALMSTR_EXP":201.68,"POSTME_VA":411.21,"POSTME_EXP":49.45,"HOTYRE_VA":2143.52,"HOTYRE_EXP":38.15,"MMTVRA_VA":191.98,"MMTVRA_EXP":29.33,"TELECO_VA":312.01,"TELECO_EXP":25.87,"ITSERV_VA":372.19,"ITSERV_EXP":115.48,"SERFIN_VA":733.83,"SERFIN_EXP":260.06,"GOBEST_VA":1775.04,"GOBEST_EXP":19.05,"SPRSCT_VA":1180.04,"SPRSCT_EXP":155.51,"SEAEMP_VA":533.4,"SEAEMP_EXP":408.11,"ADPDEF_VA":2307.72,"ADPDEF_EXP":13.96,"EDUCAC_VA":1385.15,"EDUCAC_EXP":1.82,"SALUDH_VA":426.98,"SALUDH_EXP":1.7,"ESPARC_VA":336.84,"ESPARC_EXP":113.53,"OTRSER_VA":647.79,"OTRSER_EXP":2.86,"SERHOG_VA":30.16,"SERHOG_EXP":0.0}},{"type":"Feature","geometry":{"type":"Point","coordinates":[21.76,-4.04]},"properties":{"id":"COD","name":"R.D. Congo","continent":"other","year":2020,"AGRPFO_VA":3028.92,"AGRPFO_EXP":135.97,"FORLOG_VA":487.28,"FORLOG_EXP":54.0,"PESCAC_VA":272.63,"PESCAC_EXP":0.05,"MINCOL_VA":17.95,"MINCOL_EXP":1.28,"PETGAS_VA":219.27,"PETGAS_EXP":104.25,"MINORE_VA":10607.15,"MINORE_EXP":6882.05,"MINOTH_VA":98.42,"MINOTH_EXP":100.64,"MINSER_VA":196.68,"MINSER_EXP":5.21,"ALYBEB_VA":5772.93,"ALYBEB_EXP":16.75,"TEXYPR_VA":547.91,"TEXYPR_EXP":3.91,"MADYPR_VA":18.83,"MADYPR_EXP":6.59,"PAPYPR_VA":104.93,"PAPYPR_EXP":1.44,"PETREF_VA":19.36,"PETREF_EXP":50.93,"QUIMYP_VA":53.76,"QUIMYP_EXP":85.47,"FARMED_VA":9.73,"FARMED_EXP":1.0,"HUPLAS_VA":58.29,"HUPLAS_EXP":0.54,"PRNOMT_VA":44.78,"PRNOMT_EXP":0.67,"METBAS_VA":209.89,"METBAS_EXP":429.5,"NONFER_VA":1168.83,"NONFER_EXP":2514.49,"PRMETA_VA":69.47,"PRMETA_EXP":3.4,"ELCTRO_VA":0.37,"ELCTRO_EXP":0.19,"ELCTRI_VA":177.06,"ELCTRI_EXP":4.56,"MAQYEQ_VA":1.48,"MAQYEQ_EXP":0.25,"AUTOMO_VA":354.36,"AUTOMO_EXP":16.21,"OTRTRA_VA":9.67,"OTRTRA_EXP":0.07,"TRANSP_VA":0.48,"TRANSP_EXP":0.23,"OTRMAN_VA":151.63,"OTRMAN_EXP":4.26,"ELEGAS_VA":164.35,"ELEGAS_EXP":2.01,"AGUBAS_VA":119.27,"AGUBAS_EXP":0.26,"CONSTR_VA":2131.95,"CONSTR_EXP":1.62,"COMREV_VA":3519.87,"COMREV_EXP":167.37,"TRATIE_VA":2398.49,"TRATIE_EXP":458.54,"TRAGUA_VA":188.26,"TRAGUA_EXP":61.77,"TRAAIR_VA":37.31,"TRAAIR_EXP":6.89,"ALMSTR_VA":296.67,"ALMSTR_EXP":60.17,"POSTME_VA":14.54,"POSTME_EXP":1.21,"HOTYRE_VA":1953.62,"HOTYRE_EXP":17.79,"MMTVRA_VA":373.89,"MMTVRA_EXP":1.15,"TELECO_VA":826.34,"TELECO_EXP":5.32,"ITSERV_VA":21.26,"ITSERV_EXP":13.72,"SERFIN_VA":722.59,"SERFIN_EXP":23.43,"GOBEST_VA":1606.18,"GOBEST_EXP":0.53,"SPRSCT_VA":664.27,"SPRSCT_EXP":4.1,"SEAEMP_VA":436.05,"SEAEMP_EXP":10.02,"ADPDEF_VA":3328.78,"ADPDEF_EXP":0.25,"EDUCAC_VA":335.19,"EDUCAC_EXP":1.02,"SALUDH_VA":1063.15,"SALUDH_EXP":1.5,"ESPARC_VA":164.1,"ESPARC_EXP":2.49,"OTRSER_VA":294.02,"OTRSER_EXP":1.07,"SERHOG_VA":125.74,"SERHOG_EXP":0.0}},{"type":"Feature","geometry":{"type":"Point","coordinates":[-74.3,4.57]},"properties":{"id":"COL","name":"Colombia","continent":"america","year":2020,"AGRPFO_VA":18957.21,"AGRPFO_EXP":2545.68,"FORLOG_VA":640.11,"FORLOG_EXP":40.08,"PESCAC_VA":756.0,"PESCAC_EXP":31.3,"MINCOL_VA":2119.39,"MINCOL_EXP":2212.15,"PETGAS_VA":7640.56,"PETGAS_EXP":5824.71,"MINORE_VA":1864.89,"MINORE_EXP":2214.32,"MINOTH_VA":550.07,"MINOTH_EXP":51.93,"MINSER_VA":44.57,"MINSER_EXP":3.52,"ALYBEB_VA":9083.71,"ALYBEB_EXP":3471.01,"TEXYPR_VA":2262.79,"TEXYPR_EXP":544.65,"MADYPR_VA":265.35,"MADYPR_EXP":23.48,"PAPYPR_VA":1416.72,"PAPYPR_EXP":394.05,"PETREF_VA":2799.75,"PETREF_EXP":2202.88,"QUIMYP_VA":4339.13,"QUIMYP_EXP":2033.0,"FARMED_VA":51.93,"FARMED_EXP":104.55,"HUPLAS_VA":865.7,"HUPLAS_EXP":499.6,"PRNOMT_VA":3158.65,"PRNOMT_EXP":298.72,"METBAS_VA":1361.23,"METBAS_EXP":1384.18,"NONFER_VA":199.3,"NONFER_EXP":380.02,"PRMETA_VA":645.17,"PRMETA_EXP":371.13,"ELCTRO_VA":605.6,"ELCTRO_EXP":184.37,"ELCTRI_VA":606.07,"ELCTRI_EXP":348.65,"MAQYEQ_VA":843.18,"MAQYEQ_EXP":424.58,"AUTOMO_VA":351.34,"AUTOMO_EXP":139.58,"OTRTRA_VA":17.05,"OTRTRA_EXP":26.03,"TRANSP_VA":118.67,"TRANSP_EXP":1.54,"OTRMAN_VA":1871.17,"OTRMAN_EXP":183.55,"ELEGAS_VA":7470.63,"ELEGAS_EXP":241.32,"AGUBAS_VA":3046.28,"AGUBAS_EXP":70.68,"CONSTR_VA":13016.4,"CONSTR_EXP":8.42,"COMREV_VA":26918.24,"COMREV_EXP":3375.62,"TRATIE_VA":9912.36,"TRATIE_EXP":735.71,"TRAGUA_VA":78.47,"TRAGUA_EXP":49.06,"TRAAIR_VA":691.2,"TRAAIR_EXP":916.43,"ALMSTR_VA":2107.16,"ALMSTR_EXP":255.17,"POSTME_VA":368.87,"POSTME_EXP":27.02,"HOTYRE_VA":9024.98,"HOTYRE_EXP":368.44,"MMTVRA_VA":408.08,"MMTVRA_EXP":71.18,"TELECO_VA":4580.46,"TELECO_EXP":50.22,"ITSERV_VA":2738.5,"ITSERV_EXP":142.52,"SERFIN_VA":11838.23,"SERFIN_EXP":186.78,"GOBEST_VA":24180.68,"GOBEST_EXP":74.23,"SPRSCT_VA":8421.52,"SPRSCT_EXP":816.85,"SEAEMP_VA":9741.87,"SEAEMP_EXP":1336.5,"ADPDEF_VA":18134.88,"ADPDEF_EXP":0.37,"EDUCAC_VA":14824.28,"EDUCAC_EXP":24.57,"SALUDH_VA":11732.78,"SALUDH_EXP":13.84,"ESPARC_VA":6259.41,"ESPARC_EXP":93.68,"OTRSER_VA":3941.09,"OTRSER_EXP":19.08,"SERHOG_VA":1326.18,"SERHOG_EXP":0.0}},{"type":"Feature","geometry":{"type":"Point","coordinates":[-83.75,9.75]},"properties":{"id":"CRI","name":"Costa Rica","continent":"america","year":2020,"AGRPFO_VA":2404.62,"AGRPFO_EXP":1767.84,"FORLOG_VA":48.76,"FORLOG_EXP":3.31,"PESCAC_VA":29.62,"PESCAC_EXP":4.14,"MINCOL_VA":4.15,"MINCOL_EXP":0.1,"PETGAS_VA":1.27,"PETGAS_EXP":0.76,"MINORE_VA":0.31,"MINORE_EXP":0.21,"MINOTH_VA":196.45,"MINOTH_EXP":1.55,"MINSER_VA":0.3,"MINSER_EXP":0.08,"ALYBEB_VA":2787.69,"ALYBEB_EXP":2205.76,"TEXYPR_VA":153.07,"TEXYPR_EXP":111.96,"MADYPR_VA":85.85,"MADYPR_EXP":42.67,"PAPYPR_VA":285.92,"PAPYPR_EXP":160.43,"PETREF_VA":141.61,"PETREF_EXP":176.38,"QUIMYP_VA":384.25,"QUIMYP_EXP":417.7,"FARMED_VA":150.0,"FARMED_EXP":273.58,"HUPLAS_VA":361.03,"HUPLAS_EXP":422.55,"PRNOMT_VA":274.83,"PRNOMT_EXP":104.85,"METBAS_VA":66.14,"METBAS_EXP":132.57,"NONFER_VA":36.09,"NONFER_EXP":98.56,"PRMETA_VA":187.13,"PRMETA_EXP":120.89,"ELCTRO_VA":62.9,"ELCTRO_EXP":136.76,"ELCTRI_VA":188.86,"ELCTRI_EXP":313.91,"MAQYEQ_VA":14.28,"MAQYEQ_EXP":28.04,"AUTOMO_VA":21.49,"AUTOMO_EXP":4.25,"OTRTRA_VA":1.62,"OTRTRA_EXP":2.88,"TRANSP_VA":1.66,"TRANSP_EXP":3.04,"OTRMAN_VA":2243.69,"OTRMAN_EXP":2500.61,"ELEGAS_VA":1175.72,"ELEGAS_EXP":18.7,"AGUBAS_VA":511.09,"AGUBAS_EXP":40.86,"CONSTR_VA":2455.55,"CONSTR_EXP":67.65,"COMREV_VA":11008.98,"COMREV_EXP":2686.9,"TRATIE_VA":1534.76,"TRATIE_EXP":530.71,"TRAGUA_VA":435.77,"TRAGUA_EXP":289.0,"TRAAIR_VA":66.94,"TRAAIR_EXP":152.12,"ALMSTR_VA":510.29,"ALMSTR_EXP":355.55,"POSTME_VA":199.59,"POSTME_EXP":38.02,"HOTYRE_VA":1310.92,"HOTYRE_EXP":927.68,"MMTVRA_VA":471.49,"MMTVRA_EXP":84.97,"TELECO_VA":877.17,"TELECO_EXP":377.31,"ITSERV_VA":1592.07,"ITSERV_EXP":492.01,"SERFIN_VA":3126.13,"SERFIN_EXP":236.0,"GOBEST_VA":4391.95,"GOBEST_EXP":170.05,"SPRSCT_VA":4499.21,"SPRSCT_EXP":2516.37,"SEAEMP_VA":2425.49,"SEAEMP_EXP":777.46,"ADPDEF_VA":2420.44,"ADPDEF_EXP":16.34,"EDUCAC_VA":4280.42,"EDUCAC_EXP":65.16,"SALUDH_VA":4467.72,"SALUDH_EXP":59.95,"ESPARC_VA":333.11,"ESPARC_EXP":209.71,"OTRSER_VA":706.37,"OTRSER_EXP":66.19,"SERHOG_VA":658.38,"SERHOG_EXP":0.0}},{"type":"Feature","geometry":{"type":"Point","coordinates":[33.43,35.13]},"properties":{"id":"CYP","name":"Chipre","continent":"europe","year":2020,"AGRPFO_VA":404.13,"AGRPFO_EXP":65.06,"FORLOG_VA":25.97,"FORLOG_EXP":3.1,"PESCAC_VA":32.7,"PESCAC_EXP":30.89,"MINCOL_VA":0.0,"MINCOL_EXP":0.0,"PETGAS_VA":13.66,"PETGAS_EXP":1.0,"MINORE_VA":13.04,"MINORE_EXP":9.56,"MINOTH_VA":25.7,"MINOTH_EXP":13.53,"MINSER_VA":0.28,"MINSER_EXP":0.35,"ALYBEB_VA":423.64,"ALYBEB_EXP":406.28,"TEXYPR_VA":17.86,"TEXYPR_EXP":2.32,"MADYPR_VA":64.7,"MADYPR_EXP":40.44,"PAPYPR_VA":44.9,"PAPYPR_EXP":5.8,"PETREF_VA":2.03,"PETREF_EXP":0.06,"QUIMYP_VA":34.08,"QUIMYP_EXP":45.55,"FARMED_VA":232.15,"FARMED_EXP":276.63,"HUPLAS_VA":45.07,"HUPLAS_EXP":24.57,"PRNOMT_VA":176.92,"PRNOMT_EXP":27.98,"METBAS_VA":2.88,"METBAS_EXP":5.43,"NONFER_VA":27.74,"NONFER_EXP":23.64,"PRMETA_VA":140.58,"PRMETA_EXP":14.42,"ELCTRO_VA":38.09,"ELCTRO_EXP":23.91,"ELCTRI_VA":19.08,"ELCTRI_EXP":16.8,"MAQYEQ_VA":29.2,"MAQYEQ_EXP":17.78,"AUTOMO_VA":5.49,"AUTOMO_EXP":2.23,"OTRTRA_VA":1.13,"OTRTRA_EXP":0.65,"TRANSP_VA":1.89,"TRANSP_EXP":0.08,"OTRMAN_VA":150.34,"OTRMAN_EXP":204.28,"ELEGAS_VA":250.94,"ELEGAS_EXP":0.53,"AGUBAS_VA":157.78,"AGUBAS_EXP":0.66,"CONSTR_VA":1443.18,"CONSTR_EXP":11.84,"COMREV_VA":2448.49,"COMREV_EXP":600.7,"TRATIE_VA":182.58,"TRATIE_EXP":114.75,"TRAGUA_VA":515.24,"TRAGUA_EXP":411.5,"TRAAIR_VA":-0.2,"TRAAIR_EXP":14.51,"ALMSTR_VA":529.62,"ALMSTR_EXP":1983.7,"POSTME_VA":55.23,"POSTME_EXP":86.62,"HOTYRE_VA":527.64,"HOTYRE_EXP":275.54,"MMTVRA_VA":787.12,"MMTVRA_EXP":1143.05,"TELECO_VA":392.67,"TELECO_EXP":183.72,"ITSERV_VA":791.08,"ITSERV_EXP":3075.57,"SERFIN_VA":2487.87,"SERFIN_EXP":7189.43,"GOBEST_VA":2403.04,"GOBEST_EXP":59.34,"SPRSCT_VA":2032.96,"SPRSCT_EXP":1234.74,"SEAEMP_VA":496.65,"SEAEMP_EXP":293.84,"ADPDEF_VA":2088.22,"ADPDEF_EXP":32.41,"EDUCAC_VA":1472.38,"EDUCAC_EXP":43.69,"SALUDH_VA":1073.04,"SALUDH_EXP":12.0,"ESPARC_VA":285.79,"ESPARC_EXP":34.25,"OTRSER_VA":280.18,"OTRSER_EXP":15.14,"SERHOG_VA":204.42,"SERHOG_EXP":0.0}},{"type":"Feature","geometry":{"type":"Point","coordinates":[15.47,49.82]},"properties":{"id":"CZE","name":"Chequia","continent":"europe","year":2020,"AGRPFO_VA":4161.11,"AGRPFO_EXP":1507.39,"FORLOG_VA":818.6,"FORLOG_EXP":459.42,"PESCAC_VA":26.72,"PESCAC_EXP":37.34,"MINCOL_VA":441.94,"MINCOL_EXP":85.67,"PETGAS_VA":209.39,"PETGAS_EXP":67.32,"MINORE_VA":74.82,"MINORE_EXP":4.22,"MINOTH_VA":344.0,"MINOTH_EXP":120.71,"MINSER_VA":71.38,"MINSER_EXP":17.16,"ALYBEB_VA":4774.86,"ALYBEB_EXP":4975.27,"TEXYPR_VA":1171.9,"TEXYPR_EXP":1803.94,"MADYPR_VA":1445.37,"MADYPR_EXP":814.14,"PAPYPR_VA":1735.91,"PAPYPR_EXP":1307.97,"PETREF_VA":62.86,"PETREF_EXP":91.17,"QUIMYP_VA":1987.52,"QUIMYP_EXP":4768.92,"FARMED_VA":1015.81,"FARMED_EXP":711.89,"HUPLAS_VA":3976.86,"HUPLAS_EXP":6659.55,"PRNOMT_VA":2440.48,"PRNOMT_EXP":2501.3,"METBAS_VA":958.78,"METBAS_EXP":2654.16,"NONFER_VA":376.14,"NONFER_EXP":839.5,"PRMETA_VA":6035.81,"PRMETA_EXP":7708.52,"ELCTRO_VA":3381.34,"ELCTRO_EXP":10658.67,"ELCTRI_VA":4361.83,"ELCTRI_EXP":9932.92,"MAQYEQ_VA":4751.72,"MAQYEQ_EXP":11808.21,"AUTOMO_VA":10411.75,"AUTOMO_EXP":36922.05,"OTRTRA_VA":9.24,"OTRTRA_EXP":9.45,"TRANSP_VA":1102.83,"TRANSP_EXP":1573.03,"OTRMAN_VA":4217.86,"OTRMAN_EXP":2901.55,"ELEGAS_VA":5803.38,"ELEGAS_EXP":921.58,"AGUBAS_VA":2258.75,"AGUBAS_EXP":84.68,"CONSTR_VA":12809.32,"CONSTR_EXP":390.51,"COMREV_VA":24258.05,"COMREV_EXP":11295.48,"TRATIE_VA":6534.17,"TRATIE_EXP":7283.08,"TRAGUA_VA":184.07,"TRAGUA_EXP":38.85,"TRAAIR_VA":123.43,"TRAAIR_EXP":389.85,"ALMSTR_VA":4918.96,"ALMSTR_EXP":2466.82,"POSTME_VA":797.17,"POSTME_EXP":277.5,"HOTYRE_VA":2858.76,"HOTYRE_EXP":1336.98,"MMTVRA_VA":2855.35,"MMTVRA_EXP":2198.79,"TELECO_VA":3275.05,"TELECO_EXP":1035.94,"ITSERV_VA":8509.51,"ITSERV_EXP":2692.36,"SERFIN_VA":8928.39,"SERFIN_EXP":1049.13,"GOBEST_VA":27768.06,"GOBEST_EXP":368.99,"SPRSCT_VA":11730.56,"SPRSCT_EXP":4231.85,"SEAEMP_VA":3951.85,"SEAEMP_EXP":1224.6,"ADPDEF_VA":14147.23,"ADPDEF_EXP":153.39,"EDUCAC_VA":11206.13,"EDUCAC_EXP":330.15,"SALUDH_VA":12493.33,"SALUDH_EXP":119.8,"ESPARC_VA":2097.24,"ESPARC_EXP":326.05,"OTRSER_VA":2081.66,"OTRSER_EXP":121.19,"SERHOG_VA":209.57,"SERHOG_EXP":0.0}},{"type":"Feature","geometry":{"type":"Point","coordinates":[10.45,51.17]},"properties":{"id":"DEU","name":"Alemania","continent":"europe","year":2020,"AGRPFO_VA":28207.67,"AGRPFO_EXP":7188.39,"FORLOG_VA":1432.69,"FORLOG_EXP":907.63,"PESCAC_VA":371.29,"PESCAC_EXP":108.94,"MINCOL_VA":233.71,"MINCOL_EXP":115.22,"PETGAS_VA":94.01,"PETGAS_EXP":33.51,"MINORE_VA":0.0,"MINORE_EXP":0.0,"MINOTH_VA":4431.93,"MINOTH_EXP":1274.39,"MINSER_VA":500.57,"MINSER_EXP":159.04,"ALYBEB_VA":72918.93,"ALYBEB_EXP":45066.29,"TEXYPR_VA":8178.2,"TEXYPR_EXP":11853.23,"MADYPR_VA":10728.33,"MADYPR_EXP":6301.38,"PAPYPR_VA":21677.51,"PAPYPR_EXP":17350.3,"PETREF_VA":8041.82,"PETREF_EXP":12495.86,"QUIMYP_VA":58642.87,"QUIMYP_EXP":89508.78,"FARMED_VA":29145.38,"FARMED_EXP":43869.0,"HUPLAS_VA":36171.73,"HUPLAS_EXP":36421.6,"PRNOMT_VA":23054.88,"PRNOMT_EXP":12164.67,"METBAS_VA":12985.86,"METBAS_EXP":20946.28,"NONFER_VA":7685.0,"NONFER_EXP":16204.45,"PRMETA_VA":61852.02,"PRMETA_EXP":31644.76,"ELCTRO_VA":51492.13,"ELCTRO_EXP":86168.62,"ELCTRI_VA":50932.47,"ELCTRI_EXP":72215.97,"MAQYEQ_VA":114239.86,"MAQYEQ_EXP":124615.87,"AUTOMO_VA":136599.41,"AUTOMO_EXP":173993.11,"OTRTRA_VA":1961.87,"OTRTRA_EXP":4544.87,"TRANSP_VA":12976.42,"TRANSP_EXP":21248.99,"OTRMAN_VA":51898.77,"OTRMAN_EXP":37321.34,"ELEGAS_VA":44668.24,"ELEGAS_EXP":5787.61,"AGUBAS_VA":40662.36,"AGUBAS_EXP":427.61,"CONSTR_VA":183691.44,"CONSTR_EXP":1359.84,"COMREV_VA":396563.69,"COMREV_EXP":174195.73,"TRATIE_VA":58725.62,"TRATIE_EXP":31669.73,"TRAGUA_VA":6160.66,"TRAGUA_EXP":28862.61,"TRAAIR_VA":2135.87,"TRAAIR_EXP":15931.5,"ALMSTR_VA":63811.54,"ALMSTR_EXP":16263.39,"POSTME_VA":24003.74,"POSTME_EXP":1629.57,"HOTYRE_VA":37138.79,"HOTYRE_EXP":6350.11,"MMTVRA_VA":33604.73,"MMTVRA_EXP":14724.04,"TELECO_VA":34960.37,"TELECO_EXP":4856.54,"ITSERV_VA":109750.23,"ITSERV_EXP":27938.67,"SERFIN_VA":150733.58,"SERFIN_EXP":57213.12,"GOBEST_VA":383955.75,"GOBEST_EXP":2249.62,"SPRSCT_VA":249378.62,"SPRSCT_EXP":73257.88,"SEAEMP_VA":166091.79,"SEAEMP_EXP":39146.84,"ADPDEF_VA":231100.23,"ADPDEF_EXP":0.03,"EDUCAC_VA":175353.77,"EDUCAC_EXP":4806.96,"SALUDH_VA":323866.27,"SALUDH_EXP":1006.27,"ESPARC_VA":34102.85,"ESPARC_EXP":3128.56,"OTRSER_VA":70812.59,"OTRSER_EXP":439.37,"SERHOG_VA":8917.3,"SERHOG_EXP":0.0}},{"type":"Feature","geometry":{"type":"Point","coordinates":[9.5,56.26]},"properties":{"id":"DNK","name":"Dinamarca","continent":"europe","year":2020,"AGRPFO_VA":4490.24,"AGRPFO_EXP":3886.21,"FORLOG_VA":253.95,"FORLOG_EXP":59.42,"PESCAC_VA":392.87,"PESCAC_EXP":609.58,"MINCOL_VA":0.0,"MINCOL_EXP":0.0,"PETGAS_VA":528.26,"PETGAS_EXP":770.66,"MINORE_VA":0.0,"MINORE_EXP":0.0,"MINOTH_VA":215.71,"MINOTH_EXP":171.39,"MINSER_VA":416.03,"MINSER_EXP":134.62,"ALYBEB_VA":5336.26,"ALYBEB_EXP":13155.49,"TEXYPR_VA":573.91,"TEXYPR_EXP":995.02,"MADYPR_VA":729.51,"MADYPR_EXP":561.93,"PAPYPR_VA":1024.09,"PAPYPR_EXP":843.7,"PETREF_VA":205.79,"PETREF_EXP":805.07,"QUIMYP_VA":3536.61,"QUIMYP_EXP":4319.27,"FARMED_VA":13863.68,"FARMED_EXP":13193.85,"HUPLAS_VA":1478.16,"HUPLAS_EXP":1551.99,"PRNOMT_VA":1802.3,"PRNOMT_EXP":871.86,"METBAS_VA":342.72,"METBAS_EXP":791.17,"NONFER_VA":163.32,"NONFER_EXP":397.8,"PRMETA_VA":3147.43,"PRMETA_EXP":2715.97,"ELCTRO_VA":2703.96,"ELCTRO_EXP":3794.64,"ELCTRI_VA":1171.94,"ELCTRI_EXP":1961.3,"MAQYEQ_VA":7080.4,"MAQYEQ_EXP":11185.43,"AUTOMO_VA":333.6,"AUTOMO_EXP":424.76,"OTRTRA_VA":148.56,"OTRTRA_EXP":187.8,"TRANSP_VA":169.05,"TRANSP_EXP":115.32,"OTRMAN_VA":4307.64,"OTRMAN_EXP":4295.39,"ELEGAS_VA":3631.83,"ELEGAS_EXP":690.15,"AGUBAS_VA":2749.41,"AGUBAS_EXP":27.04,"CONSTR_VA":17940.11,"CONSTR_EXP":885.13,"COMREV_VA":44724.9,"COMREV_EXP":20530.92,"TRATIE_VA":5065.26,"TRATIE_EXP":5565.06,"TRAGUA_VA":7374.32,"TRAGUA_EXP":33429.34,"TRAAIR_VA":321.32,"TRAAIR_EXP":1393.41,"ALMSTR_VA":4000.58,"ALMSTR_EXP":5356.48,"POSTME_VA":1059.45,"POSTME_EXP":457.32,"HOTYRE_VA":3576.58,"HOTYRE_EXP":954.71,"MMTVRA_VA":4330.07,"MMTVRA_EXP":2173.92,"TELECO_VA":3307.9,"TELECO_EXP":876.21,"ITSERV_VA":8053.78,"ITSERV_EXP":3969.12,"SERFIN_VA":16927.76,"SERFIN_EXP":2796.12,"GOBEST_VA":35927.46,"GOBEST_EXP":274.47,"SPRSCT_VA":21065.21,"SPRSCT_EXP":9037.41,"SEAEMP_VA":9409.03,"SEAEMP_EXP":4588.06,"ADPDEF_VA":16065.75,"ADPDEF_EXP":357.93,"EDUCAC_VA":18982.8,"EDUCAC_EXP":893.3,"SALUDH_VA":32872.92,"SALUDH_EXP":109.06,"ESPARC_VA":4480.08,"ESPARC_EXP":384.67,"OTRSER_VA":4794.59,"OTRSER_EXP":78.73,"SERHOG_VA":739.28,"SERHOG_EXP":0.0}},{"type":"Feature","geometry":{"type":"Point","coordinates":[30.8,26.82]},"properties":{"id":"EGY","name":"Egipto","continent":"other","year":2020,"AGRPFO_VA":37833.41,"AGRPFO_EXP":2111.02,"FORLOG_VA":5.55,"FORLOG_EXP":3.56,"PESCAC_VA":4148.87,"PESCAC_EXP":19.75,"MINCOL_VA":303.46,"MINCOL_EXP":78.56,"PETGAS_VA":38446.86,"PETGAS_EXP":1875.27,"MINORE_VA":732.75,"MINORE_EXP":10.33,"MINOTH_VA":2797.21,"MINOTH_EXP":198.26,"MINSER_VA":1016.08,"MINSER_EXP":5.58,"ALYBEB_VA":10124.65,"ALYBEB_EXP":2093.69,"TEXYPR_VA":4252.89,"TEXYPR_EXP":2235.0,"MADYPR_VA":1699.18,"MADYPR_EXP":88.14,"PAPYPR_VA":2767.64,"PAPYPR_EXP":291.64,"PETREF_VA":10599.56,"PETREF_EXP":3077.97,"QUIMYP_VA":5918.42,"QUIMYP_EXP":3638.83,"FARMED_VA":1868.28,"FARMED_EXP":263.28,"HUPLAS_VA":1323.18,"HUPLAS_EXP":640.84,"PRNOMT_VA":4500.15,"PRNOMT_EXP":724.59,"METBAS_VA":2535.8,"METBAS_EXP":1240.02,"NONFER_VA":2679.13,"NONFER_EXP":896.8,"PRMETA_VA":2873.34,"PRMETA_EXP":405.2,"ELCTRO_VA":386.92,"ELCTRO_EXP":360.38,"ELCTRI_VA":2004.33,"ELCTRI_EXP":756.04,"MAQYEQ_VA":538.59,"MAQYEQ_EXP":229.98,"AUTOMO_VA":766.7,"AUTOMO_EXP":92.22,"OTRTRA_VA":36.67,"OTRTRA_EXP":0.35,"TRANSP_VA":111.27,"TRANSP_EXP":0.75,"OTRMAN_VA":4278.41,"OTRMAN_EXP":451.41,"ELEGAS_VA":5632.31,"ELEGAS_EXP":23.68,"AGUBAS_VA":1905.55,"AGUBAS_EXP":13.99,"CONSTR_VA":22460.08,"CONSTR_EXP":24.75,"COMREV_VA":46346.5,"COMREV_EXP":3376.57,"TRATIE_VA":12310.7,"TRATIE_EXP":1267.88,"TRAGUA_VA":9354.55,"TRAGUA_EXP":1518.81,"TRAAIR_VA":2682.67,"TRAAIR_EXP":959.79,"ALMSTR_VA":12675.5,"ALMSTR_EXP":2800.6,"POSTME_VA":583.22,"POSTME_EXP":118.86,"HOTYRE_VA":7818.08,"HOTYRE_EXP":2825.41,"MMTVRA_VA":1972.59,"MMTVRA_EXP":550.46,"TELECO_VA":7194.36,"TELECO_EXP":214.41,"ITSERV_VA":1566.42,"ITSERV_EXP":201.16,"SERFIN_VA":16497.53,"SERFIN_EXP":882.24,"GOBEST_VA":26570.48,"GOBEST_EXP":370.14,"SPRSCT_VA":8489.62,"SPRSCT_EXP":535.67,"SEAEMP_VA":5270.29,"SEAEMP_EXP":1205.04,"ADPDEF_VA":16583.48,"ADPDEF_EXP":31.04,"EDUCAC_VA":14404.96,"EDUCAC_EXP":134.24,"SALUDH_VA":10732.41,"SALUDH_EXP":85.88,"ESPARC_VA":3123.51,"ESPARC_EXP":258.86,"OTRSER_VA":5694.4,"OTRSER_EXP":125.1,"SERHOG_VA":280.55,"SERHOG_EXP":0.0}},{"type":"Feature","geometry":{"type":"Point","coordinates":[-3.75,40.46]},"properties":{"id":"ESP","name":"España","continent":"europe","year":2020,"AGRPFO_VA":33756.62,"AGRPFO_EXP":13713.58,"FORLOG_VA":1027.85,"FORLOG_EXP":145.75,"PESCAC_VA":1702.08,"PESCAC_EXP":564.28,"MINCOL_VA":8.71,"MINCOL_EXP":5.89,"PETGAS_VA":2.51,"PETGAS_EXP":1.34,"MINORE_VA":880.29,"MINORE_EXP":1249.86,"MINOTH_VA":1880.0,"MINOTH_EXP":645.34,"MINSER_VA":197.65,"MINSER_EXP":227.13,"ALYBEB_VA":27742.25,"ALYBEB_EXP":27145.99,"TEXYPR_VA":8884.69,"TEXYPR_EXP":8318.97,"MADYPR_VA":2383.59,"MADYPR_EXP":1773.43,"PAPYPR_VA":6688.8,"PAPYPR_EXP":3876.18,"PETREF_VA":-339.8,"PETREF_EXP":9920.68,"QUIMYP_VA":11271.89,"QUIMYP_EXP":22481.96,"FARMED_VA":9286.14,"FARMED_EXP":9051.2,"HUPLAS_VA":7675.56,"HUPLAS_EXP":7701.05,"PRNOMT_VA":7898.49,"PRNOMT_EXP":6841.1,"METBAS_VA":2799.55,"METBAS_EXP":6780.02,"NONFER_VA":1917.71,"NONFER_EXP":6122.7,"PRMETA_VA":13559.66,"PRMETA_EXP":9332.25,"ELCTRO_VA":2039.61,"ELCTRO_EXP":3563.18,"ELCTRI_VA":5171.97,"ELCTRI_EXP":9827.67,"MAQYEQ_VA":8517.37,"MAQYEQ_EXP":11371.05,"AUTOMO_VA":14182.91,"AUTOMO_EXP":39844.26,"OTRTRA_VA":438.46,"OTRTRA_EXP":825.5,"TRANSP_VA":4733.56,"TRANSP_EXP":7535.88,"OTRMAN_VA":11906.66,"OTRMAN_EXP":5110.17,"ELEGAS_VA":29650.14,"ELEGAS_EXP":1217.3,"AGUBAS_VA":14909.84,"AGUBAS_EXP":260.1,"CONSTR_VA":74819.45,"CONSTR_EXP":752.51,"COMREV_VA":158099.04,"COMREV_EXP":56189.95,"TRATIE_VA":27525.81,"TRATIE_EXP":11589.07,"TRAGUA_VA":380.95,"TRAGUA_EXP":512.14,"TRAAIR_VA":-106.81,"TRAAIR_EXP":5190.26,"ALMSTR_VA":18432.02,"ALMSTR_EXP":8903.12,"POSTME_VA":2690.26,"POSTME_EXP":267.22,"HOTYRE_VA":40481.51,"HOTYRE_EXP":4573.77,"MMTVRA_VA":8391.79,"MMTVRA_EXP":4028.49,"TELECO_VA":15516.53,"TELECO_EXP":2774.46,"ITSERV_VA":23527.47,"ITSERV_EXP":14814.69,"SERFIN_VA":53186.34,"SERFIN_EXP":6213.03,"GOBEST_VA":153723.61,"GOBEST_EXP":1808.55,"SPRSCT_VA":61588.6,"SPRSCT_EXP":15997.45,"SEAEMP_VA":45106.76,"SEAEMP_EXP":5070.47,"ADPDEF_VA":80014.52,"ADPDEF_EXP":2542.92,"EDUCAC_VA":68019.35,"EDUCAC_EXP":817.58,"SALUDH_VA":87080.68,"SALUDH_EXP":685.07,"ESPARC_VA":18810.9,"ESPARC_EXP":1915.78,"OTRSER_VA":21025.1,"OTRSER_EXP":738.08,"SERHOG_VA":10510.37,"SERHOG_EXP":0.0}},{"type":"Feature","geometry":{"type":"Point","coordinates":[25.01,58.6]},"properties":{"id":"EST","name":"Estonia","continent":"europe","year":2020,"AGRPFO_VA":324.22,"AGRPFO_EXP":270.94,"FORLOG_VA":307.88,"FORLOG_EXP":116.88,"PESCAC_VA":41.92,"PESCAC_EXP":39.3,"MINCOL_VA":19.79,"MINCOL_EXP":0.98,"PETGAS_VA":199.78,"PETGAS_EXP":105.56,"MINORE_VA":0.0,"MINORE_EXP":0.0,"MINOTH_VA":61.8,"MINOTH_EXP":16.91,"MINSER_VA":6.09,"MINSER_EXP":3.26,"ALYBEB_VA":569.49,"ALYBEB_EXP":955.12,"TEXYPR_VA":221.36,"TEXYPR_EXP":425.85,"MADYPR_VA":714.5,"MADYPR_EXP":1434.32,"PAPYPR_VA":147.53,"PAPYPR_EXP":269.41,"PETREF_VA":76.52,"PETREF_EXP":153.65,"QUIMYP_VA":155.26,"QUIMYP_EXP":480.57,"FARMED_VA":24.8,"FARMED_EXP":32.6,"HUPLAS_VA":172.45,"HUPLAS_EXP":364.14,"PRNOMT_VA":195.11,"PRNOMT_EXP":257.26,"METBAS_VA":17.45,"METBAS_EXP":29.21,"NONFER_VA":9.22,"NONFER_EXP":50.93,"PRMETA_VA":480.98,"PRMETA_EXP":844.61,"ELCTRO_VA":306.59,"ELCTRO_EXP":1229.56,"ELCTRI_VA":256.44,"ELCTRI_EXP":692.16,"MAQYEQ_VA":173.46,"MAQYEQ_EXP":408.04,"AUTOMO_VA":124.62,"AUTOMO_EXP":329.63,"OTRTRA_VA":42.2,"OTRTRA_EXP":32.47,"TRANSP_VA":0.72,"TRANSP_EXP":1.06,"OTRMAN_VA":527.84,"OTRMAN_EXP":963.53,"ELEGAS_VA":623.55,"ELEGAS_EXP":280.9,"AGUBAS_VA":212.88,"AGUBAS_EXP":13.61,"CONSTR_VA":2008.21,"CONSTR_EXP":58.18,"COMREV_VA":3652.02,"COMREV_EXP":1977.78,"TRATIE_VA":969.5,"TRATIE_EXP":727.23,"TRAGUA_VA":119.22,"TRAGUA_EXP":142.49,"TRAAIR_VA":19.93,"TRAAIR_EXP":128.0,"ALMSTR_VA":819.77,"ALMSTR_EXP":1586.47,"POSTME_VA":99.51,"POSTME_EXP":144.13,"HOTYRE_VA":360.72,"HOTYRE_EXP":185.28,"MMTVRA_VA":207.83,"MMTVRA_EXP":108.65,"TELECO_VA":454.02,"TELECO_EXP":268.71,"ITSERV_VA":1421.63,"ITSERV_EXP":1058.4,"SERFIN_VA":1357.43,"SERFIN_EXP":252.43,"GOBEST_VA":3307.58,"GOBEST_EXP":97.44,"SPRSCT_VA":1639.65,"SPRSCT_EXP":766.49,"SEAEMP_VA":983.7,"SEAEMP_EXP":527.09,"ADPDEF_VA":1837.29,"ADPDEF_EXP":30.62,"EDUCAC_VA":1434.33,"EDUCAC_EXP":23.48,"SALUDH_VA":1372.18,"SALUDH_EXP":12.05,"ESPARC_VA":477.89,"ESPARC_EXP":89.19,"OTRSER_VA":254.11,"OTRSER_EXP":15.91,"SERHOG_VA":15.92,"SERHOG_EXP":0.0}},{"type":"Feature","geometry":{"type":"Point","coordinates":[25.75,61.92]},"properties":{"id":"FIN","name":"Finlandia","continent":"europe","year":2020,"AGRPFO_VA":2166.09,"AGRPFO_EXP":457.82,"FORLOG_VA":4123.64,"FORLOG_EXP":87.41,"PESCAC_VA":160.32,"PESCAC_EXP":31.94,"MINCOL_VA":244.95,"MINCOL_EXP":19.6,"PETGAS_VA":0.0,"PETGAS_EXP":0.0,"MINORE_VA":685.22,"MINORE_EXP":1178.4,"MINOTH_VA":456.25,"MINOTH_EXP":171.86,"MINSER_VA":111.47,"MINSER_EXP":27.89,"ALYBEB_VA":3560.88,"ALYBEB_EXP":1214.98,"TEXYPR_VA":521.98,"TEXYPR_EXP":550.94,"MADYPR_VA":1500.86,"MADYPR_EXP":2219.24,"PAPYPR_VA":3783.53,"PAPYPR_EXP":7993.89,"PETREF_VA":1121.22,"PETREF_EXP":3187.64,"QUIMYP_VA":3378.58,"QUIMYP_EXP":4876.57,"FARMED_VA":1788.23,"FARMED_EXP":754.81,"HUPLAS_VA":1315.12,"HUPLAS_EXP":1754.27,"PRNOMT_VA":1405.53,"PRNOMT_EXP":639.35,"METBAS_VA":946.89,"METBAS_EXP":3897.69,"NONFER_VA":810.75,"NONFER_EXP":3472.93,"PRMETA_VA":3506.31,"PRMETA_EXP":1966.95,"ELCTRO_VA":5933.71,"ELCTRO_EXP":5238.0,"ELCTRI_VA":2154.94,"ELCTRI_EXP":3175.03,"MAQYEQ_VA":6596.54,"MAQYEQ_EXP":9191.24,"AUTOMO_VA":821.25,"AUTOMO_EXP":1379.17,"OTRTRA_VA":511.7,"OTRTRA_EXP":1251.86,"TRANSP_VA":82.39,"TRANSP_EXP":155.93,"OTRMAN_VA":2652.17,"OTRMAN_EXP":1925.61,"ELEGAS_VA":5631.68,"ELEGAS_EXP":209.36,"AGUBAS_VA":2207.39,"AGUBAS_EXP":140.2,"CONSTR_VA":18708.36,"CONSTR_EXP":23.48,"COMREV_VA":22114.33,"COMREV_EXP":8098.35,"TRATIE_VA":6169.31,"TRATIE_EXP":747.29,"TRAGUA_VA":654.18,"TRAGUA_EXP":1436.63,"TRAAIR_VA":-136.89,"TRAAIR_EXP":692.6,"ALMSTR_VA":2781.43,"ALMSTR_EXP":738.87,"POSTME_VA":749.67,"POSTME_EXP":120.0,"HOTYRE_VA":3131.07,"HOTYRE_EXP":334.14,"MMTVRA_VA":4278.66,"MMTVRA_EXP":1925.51,"TELECO_VA":2742.16,"TELECO_EXP":254.61,"ITSERV_VA":7991.85,"ITSERV_EXP":8911.4,"SERFIN_VA":7624.06,"SERFIN_EXP":777.95,"GOBEST_VA":32133.36,"GOBEST_EXP":124.39,"SPRSCT_VA":13046.2,"SPRSCT_EXP":5534.27,"SEAEMP_VA":9013.17,"SEAEMP_EXP":2461.53,"ADPDEF_VA":12797.57,"ADPDEF_EXP":211.43,"EDUCAC_VA":12933.96,"EDUCAC_EXP":546.22,"SALUDH_VA":24717.96,"SALUDH_EXP":31.64,"ESPARC_VA":3130.89,"ESPARC_EXP":104.45,"OTRSER_VA":3867.64,"OTRSER_EXP":104.47,"SERHOG_VA":377.22,"SERHOG_EXP":0.0}},{"type":"Feature","geometry":{"type":"Point","coordinates":[2.21,46.23]},"properties":{"id":"FRA","name":"Francia","continent":"europe","year":2020,"AGRPFO_VA":37341.57,"AGRPFO_EXP":15995.38,"FORLOG_VA":2688.09,"FORLOG_EXP":483.96,"PESCAC_VA":1208.98,"PESCAC_EXP":525.34,"MINCOL_VA":18.93,"MINCOL_EXP":5.18,"PETGAS_VA":65.81,"PETGAS_EXP":76.72,"MINORE_VA":15.52,"MINORE_EXP":28.67,"MINOTH_VA":2219.26,"MINOTH_EXP":477.66,"MINSER_VA":326.9,"MINSER_EXP":88.41,"ALYBEB_VA":47275.47,"ALYBEB_EXP":35627.27,"TEXYPR_VA":7085.23,"TEXYPR_EXP":7405.4,"MADYPR_VA":3860.09,"MADYPR_EXP":2065.06,"PAPYPR_VA":9069.51,"PAPYPR_EXP":5942.43,"PETREF_VA":2372.54,"PETREF_EXP":6104.16,"QUIMYP_VA":19657.93,"QUIMYP_EXP":41210.6,"FARMED_VA":14414.27,"FARMED_EXP":20281.6,"HUPLAS_VA":10919.95,"HUPLAS_EXP":13687.79,"PRNOMT_VA":9624.07,"PRNOMT_EXP":4368.55,"METBAS_VA":3281.76,"METBAS_EXP":8748.99,"NONFER_VA":2346.28,"NONFER_EXP":7419.49,"PRMETA_VA":22765.53,"PRMETA_EXP":10008.12,"ELCTRO_VA":12151.88,"ELCTRO_EXP":22994.06,"ELCTRI_VA":8128.74,"ELCTRI_EXP":19272.0,"MAQYEQ_VA":15049.47,"MAQYEQ_EXP":31508.9,"AUTOMO_VA":13512.0,"AUTOMO_EXP":38879.06,"OTRTRA_VA":2410.8,"OTRTRA_EXP":2239.45,"TRANSP_VA":17256.17,"TRANSP_EXP":44418.55,"OTRMAN_VA":40833.61,"OTRMAN_EXP":20438.78,"ELEGAS_VA":38565.47,"ELEGAS_EXP":2957.11,"AGUBAS_VA":15775.6,"AGUBAS_EXP":23.45,"CONSTR_VA":141036.79,"CONSTR_EXP":42.39,"COMREV_VA":253577.41,"COMREV_EXP":98019.28,"TRATIE_VA":48070.36,"TRATIE_EXP":16141.89,"TRAGUA_VA":2715.58,"TRAGUA_EXP":15531.05,"TRAAIR_VA":2934.29,"TRAAIR_EXP":9386.76,"ALMSTR_VA":44228.15,"ALMSTR_EXP":6493.11,"POSTME_VA":7681.13,"POSTME_EXP":2232.17,"HOTYRE_VA":35101.97,"HOTYRE_EXP":14082.46,"MMTVRA_VA":29971.05,"MMTVRA_EXP":7523.92,"TELECO_VA":29243.79,"TELECO_EXP":2702.44,"ITSERV_VA":79358.25,"ITSERV_EXP":12991.38,"SERFIN_VA":98995.3,"SERFIN_EXP":20711.28,"GOBEST_VA":351635.77,"GOBEST_EXP":2934.69,"SPRSCT_VA":209042.65,"SPRSCT_EXP":44839.7,"SEAEMP_VA":138659.03,"SEAEMP_EXP":40080.01,"ADPDEF_VA":197864.39,"ADPDEF_EXP":2103.59,"EDUCAC_VA":132614.27,"EDUCAC_EXP":1437.47,"SALUDH_VA":221363.67,"SALUDH_EXP":2026.47,"ESPARC_VA":31738.09,"ESPARC_EXP":3366.38,"OTRSER_VA":33604.6,"OTRSER_EXP":677.36,"SERHOG_VA":3007.36,"SERHOG_EXP":0.0}},{"type":"Feature","geometry":{"type":"Point","coordinates":[-3.44,55.38]},"properties":{"id":"GBR","name":"Reino Unido","continent":"europe","year":2020,"AGRPFO_VA":17079.14,"AGRPFO_EXP":2400.28,"FORLOG_VA":1318.1,"FORLOG_EXP":63.07,"PESCAC_VA":990.69,"PESCAC_EXP":805.5,"MINCOL_VA":86.33,"MINCOL_EXP":148.97,"PETGAS_VA":14933.22,"PETGAS_EXP":21241.16,"MINORE_VA":0.0,"MINORE_EXP":0.0,"MINOTH_VA":2682.87,"MINOTH_EXP":509.76,"MINSER_VA":1623.92,"MINSER_EXP":780.62,"ALYBEB_VA":39994.71,"ALYBEB_EXP":20106.83,"TEXYPR_VA":7095.95,"TEXYPR_EXP":7067.02,"MADYPR_VA":4735.11,"MADYPR_EXP":651.85,"PAPYPR_VA":10966.21,"PAPYPR_EXP":2797.38,"PETREF_VA":4156.3,"PETREF_EXP":7473.0,"QUIMYP_VA":16639.26,"QUIMYP_EXP":18154.62,"FARMED_VA":19851.78,"FARMED_EXP":21874.59,"HUPLAS_VA":10681.59,"HUPLAS_EXP":7893.86,"PRNOMT_VA":7882.94,"PRNOMT_EXP":2300.89,"METBAS_VA":2826.33,"METBAS_EXP":4871.99,"NONFER_VA":2697.86,"NONFER_EXP":5748.56,"PRMETA_VA":21639.37,"PRMETA_EXP":8594.14,"ELCTRO_VA":17761.6,"ELCTRO_EXP":10090.82,"ELCTRI_VA":7573.18,"ELCTRI_EXP":10653.48,"MAQYEQ_VA":19704.01,"MAQYEQ_EXP":19803.51,"AUTOMO_VA":19132.11,"AUTOMO_EXP":31123.15,"OTRTRA_VA":2261.8,"OTRTRA_EXP":2473.17,"TRANSP_VA":13022.03,"TRANSP_EXP":17368.72,"OTRMAN_VA":23680.94,"OTRMAN_EXP":10347.37,"ELEGAS_VA":37517.91,"ELEGAS_EXP":396.32,"AGUBAS_VA":32315.82,"AGUBAS_EXP":551.61,"CONSTR_VA":144905.39,"CONSTR_EXP":794.02,"COMREV_VA":260023.31,"COMREV_EXP":66272.68,"TRATIE_VA":27966.18,"TRATIE_EXP":5517.51,"TRAGUA_VA":4721.39,"TRAGUA_EXP":10208.8,"TRAAIR_VA":3755.26,"TRAAIR_EXP":3765.62,"ALMSTR_VA":29910.83,"ALMSTR_EXP":6961.46,"POSTME_VA":18262.88,"POSTME_EXP":2548.19,"HOTYRE_VA":50283.25,"HOTYRE_EXP":4493.03,"MMTVRA_VA":39368.36,"MMTVRA_EXP":26351.15,"TELECO_VA":44484.76,"TELECO_EXP":11678.34,"ITSERV_VA":80134.98,"ITSERV_EXP":28395.4,"SERFIN_VA":221484.75,"SERFIN_EXP":119119.03,"GOBEST_VA":332495.89,"GOBEST_EXP":2707.34,"SPRSCT_VA":192831.45,"SPRSCT_EXP":92139.95,"SEAEMP_VA":116806.43,"SEAEMP_EXP":52696.78,"ADPDEF_VA":134798.24,"ADPDEF_EXP":487.4,"EDUCAC_VA":155466.11,"EDUCAC_EXP":16378.19,"SALUDH_VA":212916.95,"SALUDH_EXP":559.14,"ESPARC_VA":29352.18,"ESPARC_EXP":5766.49,"OTRSER_VA":38405.36,"OTRSER_EXP":502.55,"SERHOG_VA":3715.97,"SERHOG_EXP":0.0}},{"type":"Feature","geometry":{"type":"Point","coordinates":[21.82,39.07]},"properties":{"id":"GRC","name":"Grecia","continent":"europe","year":2020,"AGRPFO_VA":6847.73,"AGRPFO_EXP":1569.0,"FORLOG_VA":51.53,"FORLOG_EXP":7.04,"PESCAC_VA":692.35,"PESCAC_EXP":413.34,"MINCOL_VA":3.51,"MINCOL_EXP":4.23,"PETGAS_VA":42.68,"PETGAS_EXP":0.82,"MINORE_VA":144.81,"MINORE_EXP":140.89,"MINOTH_VA":512.43,"MINOTH_EXP":322.39,"MINSER_VA":3.36,"MINSER_EXP":7.59,"ALYBEB_VA":5599.95,"ALYBEB_EXP":3468.31,"TEXYPR_VA":506.57,"TEXYPR_EXP":572.79,"MADYPR_VA":151.95,"MADYPR_EXP":70.7,"PAPYPR_VA":797.86,"PAPYPR_EXP":333.24,"PETREF_VA":687.3,"PETREF_EXP":5866.54,"QUIMYP_VA":1133.91,"QUIMYP_EXP":1773.33,"FARMED_VA":1132.71,"FARMED_EXP":848.2,"HUPLAS_VA":812.21,"HUPLAS_EXP":753.94,"PRNOMT_VA":943.88,"PRNOMT_EXP":456.54,"METBAS_VA":180.42,"METBAS_EXP":728.49,"NONFER_VA":1153.7,"NONFER_EXP":2014.71,"PRMETA_VA":1181.71,"PRMETA_EXP":604.54,"ELCTRO_VA":316.67,"ELCTRO_EXP":450.3,"ELCTRI_VA":631.03,"ELCTRI_EXP":757.31,"MAQYEQ_VA":418.01,"MAQYEQ_EXP":689.68,"AUTOMO_VA":63.34,"AUTOMO_EXP":43.6,"OTRTRA_VA":177.43,"OTRTRA_EXP":53.52,"TRANSP_VA":202.45,"TRANSP_EXP":80.99,"OTRMAN_VA":726.98,"OTRMAN_EXP":383.13,"ELEGAS_VA":5375.28,"ELEGAS_EXP":443.87,"AGUBAS_VA":2080.5,"AGUBAS_EXP":3.49,"CONSTR_VA":2761.87,"CONSTR_EXP":3.18,"COMREV_VA":19841.69,"COMREV_EXP":5304.38,"TRATIE_VA":2882.86,"TRATIE_EXP":867.06,"TRAGUA_VA":3395.45,"TRAGUA_EXP":13953.28,"TRAAIR_VA":471.33,"TRAAIR_EXP":864.25,"ALMSTR_VA":2776.87,"ALMSTR_EXP":1636.48,"POSTME_VA":672.57,"POSTME_EXP":55.02,"HOTYRE_VA":7161.23,"HOTYRE_EXP":2172.42,"MMTVRA_VA":1092.91,"MMTVRA_EXP":400.98,"TELECO_VA":3506.08,"TELECO_EXP":603.27,"ITSERV_VA":1829.8,"ITSERV_EXP":585.24,"SERFIN_VA":8647.01,"SERFIN_EXP":1043.95,"GOBEST_VA":32704.78,"GOBEST_EXP":313.67,"SPRSCT_VA":6417.85,"SPRSCT_EXP":1279.07,"SEAEMP_VA":2626.06,"SEAEMP_EXP":868.69,"ADPDEF_VA":17794.25,"ADPDEF_EXP":149.53,"EDUCAC_VA":9375.53,"EDUCAC_EXP":204.24,"SALUDH_VA":7873.72,"SALUDH_EXP":88.79,"ESPARC_VA":2002.43,"ESPARC_EXP":182.75,"OTRSER_VA":2547.96,"OTRSER_EXP":80.01,"SERHOG_VA":678.56,"SERHOG_EXP":0.0}},{"type":"Feature","geometry":{"type":"Point","coordinates":[114.11,22.4]},"properties":{"id":"HKG","name":"Hong Kong","continent":"asia","year":2020,"AGRPFO_VA":208.86,"AGRPFO_EXP":21.05,"FORLOG_VA":24.93,"FORLOG_EXP":8.49,"PESCAC_VA":41.47,"PESCAC_EXP":6.22,"MINCOL_VA":0.0,"MINCOL_EXP":0.0,"PETGAS_VA":0.0,"PETGAS_EXP":0.0,"MINORE_VA":0.0,"MINORE_EXP":0.0,"MINOTH_VA":0.0,"MINOTH_EXP":0.0,"MINSER_VA":48.66,"MINSER_EXP":22.34,"ALYBEB_VA":4323.85,"ALYBEB_EXP":3690.41,"TEXYPR_VA":670.98,"TEXYPR_EXP":449.91,"MADYPR_VA":565.55,"MADYPR_EXP":148.21,"PAPYPR_VA":326.6,"PAPYPR_EXP":193.86,"PETREF_VA":92.44,"PETREF_EXP":18.27,"QUIMYP_VA":381.93,"QUIMYP_EXP":454.9,"FARMED_VA":367.85,"FARMED_EXP":54.79,"HUPLAS_VA":32.42,"HUPLAS_EXP":0.06,"PRNOMT_VA":161.38,"PRNOMT_EXP":254.08,"METBAS_VA":53.89,"METBAS_EXP":0.49,"NONFER_VA":29.64,"NONFER_EXP":29.85,"PRMETA_VA":163.19,"PRMETA_EXP":348.87,"ELCTRO_VA":176.77,"ELCTRO_EXP":651.33,"ELCTRI_VA":234.34,"ELCTRI_EXP":207.68,"MAQYEQ_VA":140.8,"MAQYEQ_EXP":733.9,"AUTOMO_VA":121.74,"AUTOMO_EXP":370.65,"OTRTRA_VA":31.2,"OTRTRA_EXP":107.85,"TRANSP_VA":46.59,"TRANSP_EXP":142.76,"OTRMAN_VA":486.91,"OTRMAN_EXP":117.23,"ELEGAS_VA":3592.87,"ELEGAS_EXP":43.54,"AGUBAS_VA":2812.68,"AGUBAS_EXP":40.59,"CONSTR_VA":13016.63,"CONSTR_EXP":69.51,"COMREV_VA":70450.82,"COMREV_EXP":15214.68,"TRATIE_VA":5081.72,"TRATIE_EXP":1097.91,"TRAGUA_VA":1982.06,"TRAGUA_EXP":5579.71,"TRAAIR_VA":7644.61,"TRAAIR_EXP":13189.2,"ALMSTR_VA":464.16,"ALMSTR_EXP":90.87,"POSTME_VA":872.16,"POSTME_EXP":155.33,"HOTYRE_VA":11221.04,"HOTYRE_EXP":959.58,"MMTVRA_VA":1080.16,"MMTVRA_EXP":1205.89,"TELECO_VA":11007.64,"TELECO_EXP":3032.1,"ITSERV_VA":3596.28,"ITSERV_EXP":1193.65,"SERFIN_VA":63041.6,"SERFIN_EXP":37230.05,"GOBEST_VA":49098.34,"GOBEST_EXP":257.16,"SPRSCT_VA":5909.25,"SPRSCT_EXP":1401.1,"SEAEMP_VA":6159.23,"SEAEMP_EXP":605.45,"ADPDEF_VA":19099.83,"ADPDEF_EXP":59.72,"EDUCAC_VA":26110.25,"EDUCAC_EXP":264.16,"SALUDH_VA":13877.97,"SALUDH_EXP":57.05,"ESPARC_VA":2212.87,"ESPARC_EXP":993.63,"OTRSER_VA":4898.39,"OTRSER_EXP":78.28,"SERHOG_VA":4064.22,"SERHOG_EXP":0.0}},{"type":"Feature","geometry":{"type":"Point","coordinates":[15.2,45.1]},"properties":{"id":"HRV","name":"Croacia","continent":"europe","year":2020,"AGRPFO_VA":1509.88,"AGRPFO_EXP":563.44,"FORLOG_VA":252.54,"FORLOG_EXP":49.12,"PESCAC_VA":161.06,"PESCAC_EXP":107.3,"MINCOL_VA":2.45,"MINCOL_EXP":1.78,"PETGAS_VA":2.01,"PETGAS_EXP":1.38,"MINORE_VA":2.58,"MINORE_EXP":1.7,"MINOTH_VA":97.62,"MINOTH_EXP":49.31,"MINSER_VA":19.21,"MINSER_EXP":16.55,"ALYBEB_VA":1670.92,"ALYBEB_EXP":1173.53,"TEXYPR_VA":409.53,"TEXYPR_EXP":456.52,"MADYPR_VA":210.44,"MADYPR_EXP":384.69,"PAPYPR_VA":451.64,"PAPYPR_EXP":251.09,"PETREF_VA":231.77,"PETREF_EXP":313.12,"QUIMYP_VA":292.45,"QUIMYP_EXP":318.56,"FARMED_VA":522.46,"FARMED_EXP":443.31,"HUPLAS_VA":360.6,"HUPLAS_EXP":275.66,"PRNOMT_VA":530.75,"PRNOMT_EXP":382.44,"METBAS_VA":38.63,"METBAS_EXP":105.18,"NONFER_VA":19.63,"NONFER_EXP":71.06,"PRMETA_VA":928.81,"PRMETA_EXP":1202.71,"ELCTRO_VA":243.64,"ELCTRO_EXP":179.53,"ELCTRI_VA":366.11,"ELCTRI_EXP":629.52,"MAQYEQ_VA":392.05,"MAQYEQ_EXP":467.67,"AUTOMO_VA":156.14,"AUTOMO_EXP":127.46,"OTRTRA_VA":20.62,"OTRTRA_EXP":78.24,"TRANSP_VA":12.92,"TRANSP_EXP":65.46,"OTRMAN_VA":686.51,"OTRMAN_EXP":711.75,"ELEGAS_VA":821.42,"ELEGAS_EXP":345.05,"AGUBAS_VA":823.46,"AGUBAS_EXP":124.58,"CONSTR_VA":3264.74,"CONSTR_EXP":582.56,"COMREV_VA":6089.33,"COMREV_EXP":2385.81,"TRATIE_VA":1488.35,"TRATIE_EXP":1073.78,"TRAGUA_VA":110.92,"TRAGUA_EXP":138.45,"TRAAIR_VA":26.64,"TRAAIR_EXP":151.76,"ALMSTR_VA":949.24,"ALMSTR_EXP":517.5,"POSTME_VA":304.06,"POSTME_EXP":72.45,"HOTYRE_VA":1592.01,"HOTYRE_EXP":1484.57,"MMTVRA_VA":506.81,"MMTVRA_EXP":153.3,"TELECO_VA":1042.61,"TELECO_EXP":131.87,"ITSERV_VA":1369.31,"ITSERV_EXP":429.55,"SERFIN_VA":2528.4,"SERFIN_EXP":422.75,"GOBEST_VA":4805.49,"GOBEST_EXP":502.08,"SPRSCT_VA":2774.42,"SPRSCT_EXP":1429.07,"SEAEMP_VA":1019.94,"SEAEMP_EXP":350.65,"ADPDEF_VA":3855.06,"ADPDEF_EXP":107.97,"EDUCAC_VA":2719.01,"EDUCAC_EXP":175.39,"SALUDH_VA":2922.31,"SALUDH_EXP":76.23,"ESPARC_VA":930.97,"ESPARC_EXP":310.29,"OTRSER_VA":879.57,"OTRSER_EXP":124.48,"SERHOG_VA":17.68,"SERHOG_EXP":0.0}},{"type":"Feature","geometry":{"type":"Point","coordinates":[19.5,47.16]},"properties":{"id":"HUN","name":"Hungría","continent":"europe","year":2020,"AGRPFO_VA":5287.71,"AGRPFO_EXP":3200.29,"FORLOG_VA":280.7,"FORLOG_EXP":81.75,"PESCAC_VA":20.77,"PESCAC_EXP":13.9,"MINCOL_VA":7.24,"MINCOL_EXP":2.3,"PETGAS_VA":79.25,"PETGAS_EXP":31.42,"MINORE_VA":0.22,"MINORE_EXP":0.17,"MINOTH_VA":190.15,"MINOTH_EXP":42.14,"MINSER_VA":78.33,"MINSER_EXP":69.17,"ALYBEB_VA":2898.35,"ALYBEB_EXP":5041.06,"TEXYPR_VA":539.7,"TEXYPR_EXP":1032.26,"MADYPR_VA":400.17,"MADYPR_EXP":548.64,"PAPYPR_VA":939.47,"PAPYPR_EXP":1141.71,"PETREF_VA":865.42,"PETREF_EXP":1545.07,"QUIMYP_VA":1676.73,"QUIMYP_EXP":3880.77,"FARMED_VA":1917.49,"FARMED_EXP":3235.71,"HUPLAS_VA":2199.4,"HUPLAS_EXP":4494.31,"PRNOMT_VA":1086.95,"PRNOMT_EXP":1299.56,"METBAS_VA":281.86,"METBAS_EXP":959.14,"NONFER_VA":478.84,"NONFER_EXP":1218.75,"PRMETA_VA":2180.97,"PRMETA_EXP":2987.38,"ELCTRO_VA":2613.31,"ELCTRO_EXP":12403.35,"ELCTRI_VA":1830.45,"ELCTRI_EXP":5643.13,"MAQYEQ_VA":1912.34,"MAQYEQ_EXP":5277.62,"AUTOMO_VA":5767.54,"AUTOMO_EXP":25711.77,"OTRTRA_VA":2.91,"OTRTRA_EXP":7.42,"TRANSP_VA":295.55,"TRANSP_EXP":625.77,"OTRMAN_VA":2024.63,"OTRMAN_EXP":2249.03,"ELEGAS_VA":2318.48,"ELEGAS_EXP":710.82,"AGUBAS_VA":1118.92,"AGUBAS_EXP":77.57,"CONSTR_VA":8068.08,"CONSTR_EXP":265.38,"COMREV_VA":15024.48,"COMREV_EXP":9155.22,"TRATIE_VA":4801.77,"TRATIE_EXP":3533.58,"TRAGUA_VA":79.62,"TRAGUA_EXP":36.06,"TRAAIR_VA":211.31,"TRAAIR_EXP":794.53,"ALMSTR_VA":2645.93,"ALMSTR_EXP":2301.99,"POSTME_VA":693.17,"POSTME_EXP":163.45,"HOTYRE_VA":1899.92,"HOTYRE_EXP":706.74,"MMTVRA_VA":1174.54,"MMTVRA_EXP":1069.89,"TELECO_VA":1873.76,"TELECO_EXP":255.02,"ITSERV_VA":4001.75,"ITSERV_EXP":2435.16,"SERFIN_VA":5537.58,"SERFIN_EXP":571.61,"GOBEST_VA":14134.12,"GOBEST_EXP":372.36,"SPRSCT_VA":8809.0,"SPRSCT_EXP":4842.01,"SEAEMP_VA":4655.03,"SEAEMP_EXP":2073.9,"ADPDEF_VA":10932.19,"ADPDEF_EXP":51.33,"EDUCAC_VA":6035.08,"EDUCAC_EXP":79.43,"SALUDH_VA":6728.31,"SALUDH_EXP":53.61,"ESPARC_VA":1866.19,"ESPARC_EXP":158.52,"OTRSER_VA":1708.45,"OTRSER_EXP":84.46,"SERHOG_VA":29.38,"SERHOG_EXP":0.0}},{"type":"Feature","geometry":{"type":"Point","coordinates":[113.92,-0.79]},"properties":{"id":"IDN","name":"Indonesia","continent":"asia","year":2020,"AGRPFO_VA":105323.01,"AGRPFO_EXP":5655.04,"FORLOG_VA":7265.75,"FORLOG_EXP":50.65,"PESCAC_VA":28851.4,"PESCAC_EXP":453.94,"MINCOL_VA":18995.83,"MINCOL_EXP":15333.56,"PETGAS_VA":22513.62,"PETGAS_EXP":6960.48,"MINORE_VA":8817.8,"MINORE_EXP":11038.58,"MINOTH_VA":11834.01,"MINOTH_EXP":105.83,"MINSER_VA":4987.74,"MINSER_EXP":196.03,"ALYBEB_VA":63940.76,"ALYBEB_EXP":27867.03,"TEXYPR_VA":12567.99,"TEXYPR_EXP":12892.83,"MADYPR_VA":2979.02,"MADYPR_EXP":3402.41,"PAPYPR_VA":7284.91,"PAPYPR_EXP":6279.78,"PETREF_VA":16459.82,"PETREF_EXP":1346.61,"QUIMYP_VA":12831.59,"QUIMYP_EXP":12179.38,"FARMED_VA":3189.64,"FARMED_EXP":581.94,"HUPLAS_VA":4724.2,"HUPLAS_EXP":3580.46,"PRNOMT_VA":4677.1,"PRNOMT_EXP":904.61,"METBAS_VA":5045.61,"METBAS_EXP":5947.12,"NONFER_VA":3618.56,"NONFER_EXP":6060.0,"PRMETA_VA":32988.89,"PRMETA_EXP":1032.93,"ELCTRO_VA":5217.25,"ELCTRO_EXP":5704.43,"ELCTRI_VA":11779.71,"ELCTRI_EXP":3902.9,"MAQYEQ_VA":2455.48,"MAQYEQ_EXP":2268.78,"AUTOMO_VA":11436.15,"AUTOMO_EXP":4269.16,"OTRTRA_VA":566.12,"OTRTRA_EXP":217.85,"TRANSP_VA":531.89,"TRANSP_EXP":1465.14,"OTRMAN_VA":4280.56,"OTRMAN_EXP":5047.1,"ELEGAS_VA":12055.25,"ELEGAS_EXP":4.53,"AGUBAS_VA":768.72,"AGUBAS_EXP":2.1,"CONSTR_VA":112254.34,"CONSTR_EXP":23.91,"COMREV_VA":171890.03,"COMREV_EXP":20816.77,"TRATIE_VA":26046.07,"TRATIE_EXP":1857.2,"TRAGUA_VA":4322.81,"TRAGUA_EXP":2127.99,"TRAAIR_VA":7049.55,"TRAAIR_EXP":848.63,"ALMSTR_VA":7540.76,"ALMSTR_EXP":333.27,"POSTME_VA":1592.44,"POSTME_EXP":221.03,"HOTYRE_VA":26676.25,"HOTYRE_EXP":892.81,"MMTVRA_VA":7329.97,"MMTVRA_EXP":770.02,"TELECO_VA":27968.19,"TELECO_EXP":354.28,"ITSERV_VA":2870.26,"ITSERV_EXP":350.03,"SERFIN_VA":46551.16,"SERFIN_EXP":767.64,"GOBEST_VA":26990.88,"GOBEST_EXP":500.61,"SPRSCT_VA":7788.23,"SPRSCT_EXP":2176.02,"SEAEMP_VA":6927.82,"SEAEMP_EXP":4301.06,"ADPDEF_VA":39173.44,"ADPDEF_EXP":6.7,"EDUCAC_VA":36988.4,"EDUCAC_EXP":57.43,"SALUDH_VA":10393.54,"SALUDH_EXP":35.94,"ESPARC_VA":4164.9,"ESPARC_EXP":307.35,"OTRSER_VA":20885.75,"OTRSER_EXP":50.69,"SERHOG_VA":4896.71,"SERHOG_EXP":0.0}},{"type":"Feature","geometry":{"type":"Point","coordinates":[78.96,20.59]},"properties":{"id":"IND","name":"India","continent":"asia","year":2020,"AGRPFO_VA":423451.97,"AGRPFO_EXP":8506.74,"FORLOG_VA":39593.24,"FORLOG_EXP":2171.12,"PESCAC_VA":34026.71,"PESCAC_EXP":734.41,"MINCOL_VA":9087.1,"MINCOL_EXP":178.97,"PETGAS_VA":14522.41,"PETGAS_EXP":162.1,"MINORE_VA":9342.9,"MINORE_EXP":604.75,"MINOTH_VA":2176.1,"MINOTH_EXP":1247.05,"MINSER_VA":11463.76,"MINSER_EXP":369.21,"ALYBEB_VA":40841.83,"ALYBEB_EXP":29311.61,"TEXYPR_VA":45974.53,"TEXYPR_EXP":28743.47,"MADYPR_VA":9723.24,"MADYPR_EXP":495.93,"PAPYPR_VA":9273.45,"PAPYPR_EXP":1227.81,"PETREF_VA":35311.34,"PETREF_EXP":32514.77,"QUIMYP_VA":27174.3,"QUIMYP_EXP":24582.34,"FARMED_VA":22031.59,"FARMED_EXP":17832.38,"HUPLAS_VA":14631.97,"HUPLAS_EXP":6786.01,"PRNOMT_VA":25414.26,"PRNOMT_EXP":5140.7,"METBAS_VA":38402.73,"METBAS_EXP":14409.7,"NONFER_VA":11359.84,"NONFER_EXP":10566.53,"PRMETA_VA":16879.9,"PRMETA_EXP":6072.97,"ELCTRO_VA":10451.27,"ELCTRO_EXP":20124.66,"ELCTRI_VA":15771.18,"ELCTRI_EXP":5641.4,"MAQYEQ_VA":28119.6,"MAQYEQ_EXP":14760.25,"AUTOMO_VA":31831.5,"AUTOMO_EXP":10338.46,"OTRTRA_VA":293.09,"OTRTRA_EXP":370.41,"TRANSP_VA":6916.79,"TRANSP_EXP":6327.84,"OTRMAN_VA":22144.08,"OTRMAN_EXP":22324.0,"ELEGAS_VA":54992.1,"ELEGAS_EXP":726.67,"AGUBAS_VA":13529.88,"AGUBAS_EXP":0.62,"CONSTR_VA":197007.26,"CONSTR_EXP":649.46,"COMREV_VA":260787.32,"COMREV_EXP":33842.48,"TRATIE_VA":80450.79,"TRATIE_EXP":10742.88,"TRAGUA_VA":1951.78,"TRAGUA_EXP":1514.03,"TRAAIR_VA":2402.59,"TRAAIR_EXP":5757.69,"ALMSTR_VA":15928.89,"ALMSTR_EXP":8668.54,"POSTME_VA":5649.28,"POSTME_EXP":324.78,"HOTYRE_VA":25854.43,"HOTYRE_EXP":4989.95,"MMTVRA_VA":11362.56,"MMTVRA_EXP":7621.76,"TELECO_VA":28545.19,"TELECO_EXP":2754.39,"ITSERV_VA":131074.27,"ITSERV_EXP":92716.76,"SERFIN_VA":147700.88,"SERFIN_EXP":10391.32,"GOBEST_VA":168181.16,"GOBEST_EXP":1732.84,"SPRSCT_VA":8503.08,"SPRSCT_EXP":10398.1,"SEAEMP_VA":67366.4,"SEAEMP_EXP":20134.46,"ADPDEF_VA":163558.51,"ADPDEF_EXP":492.13,"EDUCAC_VA":111394.82,"EDUCAC_EXP":3204.06,"SALUDH_VA":39524.69,"SALUDH_EXP":200.36,"ESPARC_VA":6639.34,"ESPARC_EXP":553.45,"OTRSER_VA":33484.27,"OTRSER_EXP":260.6,"SERHOG_VA":3849.0,"SERHOG_EXP":0.0}},{"type":"Feature","geometry":{"type":"Point","coordinates":[-7.69,53.14]},"properties":{"id":"IRL","name":"Irlanda","continent":"europe","year":2020,"AGRPFO_VA":3860.33,"AGRPFO_EXP":1086.93,"FORLOG_VA":45.08,"FORLOG_EXP":80.82,"PESCAC_VA":163.46,"PESCAC_EXP":251.63,"MINCOL_VA":5.62,"MINCOL_EXP":8.63,"PETGAS_VA":19.9,"PETGAS_EXP":42.63,"MINORE_VA":73.25,"MINORE_EXP":206.29,"MINOTH_VA":250.27,"MINOTH_EXP":185.7,"MINSER_VA":16.96,"MINSER_EXP":0.92,"ALYBEB_VA":8748.45,"ALYBEB_EXP":18719.43,"TEXYPR_VA":173.62,"TEXYPR_EXP":222.4,"MADYPR_VA":388.46,"MADYPR_EXP":494.8,"PAPYPR_VA":592.99,"PAPYPR_EXP":812.5,"PETREF_VA":17613.44,"PETREF_EXP":716.33,"QUIMYP_VA":22570.56,"QUIMYP_EXP":27084.18,"FARMED_VA":72438.09,"FARMED_EXP":120504.75,"HUPLAS_VA":851.46,"HUPLAS_EXP":1597.17,"PRNOMT_VA":1174.58,"PRNOMT_EXP":695.78,"METBAS_VA":149.36,"METBAS_EXP":425.52,"NONFER_VA":192.67,"NONFER_EXP":245.8,"PRMETA_VA":1225.34,"PRMETA_EXP":1230.05,"ELCTRO_VA":7303.59,"ELCTRO_EXP":20528.72,"ELCTRI_VA":538.2,"ELCTRI_EXP":782.34,"MAQYEQ_VA":2093.04,"MAQYEQ_EXP":2878.99,"AUTOMO_VA":254.31,"AUTOMO_EXP":429.6,"OTRTRA_VA":5.71,"OTRTRA_EXP":0.37,"TRANSP_VA":149.65,"TRANSP_EXP":156.26,"OTRMAN_VA":10556.06,"OTRMAN_EXP":19521.13,"ELEGAS_VA":3562.14,"ELEGAS_EXP":1401.87,"AGUBAS_VA":1575.78,"AGUBAS_EXP":53.18,"CONSTR_VA":11874.6,"CONSTR_EXP":44.71,"COMREV_VA":29792.78,"COMREV_EXP":27202.64,"TRATIE_VA":2942.6,"TRATIE_EXP":3234.38,"TRAGUA_VA":320.34,"TRAGUA_EXP":637.25,"TRAAIR_VA":682.39,"TRAAIR_EXP":2226.67,"ALMSTR_VA":359.64,"ALMSTR_EXP":2635.17,"POSTME_VA":1116.82,"POSTME_EXP":1918.61,"HOTYRE_VA":3212.16,"HOTYRE_EXP":1101.92,"MMTVRA_VA":33783.37,"MMTVRA_EXP":54269.32,"TELECO_VA":3851.84,"TELECO_EXP":3618.48,"ITSERV_VA":32959.58,"ITSERV_EXP":109451.08,"SERFIN_VA":18892.92,"SERFIN_EXP":45661.81,"GOBEST_VA":22871.1,"GOBEST_EXP":4557.23,"SPRSCT_VA":24501.78,"SPRSCT_EXP":32525.3,"SEAEMP_VA":24002.27,"SEAEMP_EXP":26004.49,"ADPDEF_VA":11485.46,"ADPDEF_EXP":322.56,"EDUCAC_VA":11425.17,"EDUCAC_EXP":228.72,"SALUDH_VA":18765.7,"SALUDH_EXP":22.31,"ESPARC_VA":2422.12,"ESPARC_EXP":646.52,"OTRSER_VA":1726.26,"OTRSER_EXP":31.16,"SERHOG_VA":200.42,"SERHOG_EXP":0.0}},{"type":"Feature","geometry":{"type":"Point","coordinates":[-19.02,64.96]},"properties":{"id":"ISL","name":"Islandia","continent":"europe","year":2020,"AGRPFO_VA":203.72,"AGRPFO_EXP":21.86,"FORLOG_VA":1.69,"FORLOG_EXP":0.11,"PESCAC_VA":821.91,"PESCAC_EXP":534.53,"MINCOL_VA":0.04,"MINCOL_EXP":0.0,"PETGAS_VA":0.75,"PETGAS_EXP":0.07,"MINORE_VA":0.01,"MINORE_EXP":0.0,"MINOTH_VA":24.38,"MINOTH_EXP":5.94,"MINSER_VA":0.07,"MINSER_EXP":0.01,"ALYBEB_VA":1061.73,"ALYBEB_EXP":1509.65,"TEXYPR_VA":24.54,"TEXYPR_EXP":27.56,"MADYPR_VA":11.83,"MADYPR_EXP":0.52,"PAPYPR_VA":31.56,"PAPYPR_EXP":1.25,"PETREF_VA":0.66,"PETREF_EXP":0.06,"QUIMYP_VA":22.76,"QUIMYP_EXP":28.76,"FARMED_VA":-19.39,"FARMED_EXP":0.72,"HUPLAS_VA":23.76,"HUPLAS_EXP":17.22,"PRNOMT_VA":102.61,"PRNOMT_EXP":3.39,"METBAS_VA":17.78,"METBAS_EXP":32.18,"NONFER_VA":279.66,"NONFER_EXP":1369.31,"PRMETA_VA":150.27,"PRMETA_EXP":6.51,"ELCTRO_VA":17.8,"ELCTRO_EXP":3.67,"ELCTRI_VA":21.81,"ELCTRI_EXP":17.45,"MAQYEQ_VA":176.89,"MAQYEQ_EXP":90.68,"AUTOMO_VA":3.76,"AUTOMO_EXP":0.93,"OTRTRA_VA":2.48,"OTRTRA_EXP":3.7,"TRANSP_VA":16.39,"TRANSP_EXP":9.78,"OTRMAN_VA":264.89,"OTRMAN_EXP":32.22,"ELEGAS_VA":727.39,"ELEGAS_EXP":0.08,"AGUBAS_VA":165.12,"AGUBAS_EXP":0.17,"CONSTR_VA":1613.03,"CONSTR_EXP":0.21,"COMREV_VA":1916.1,"COMREV_EXP":574.41,"TRATIE_VA":194.01,"TRATIE_EXP":51.67,"TRAGUA_VA":127.21,"TRAGUA_EXP":212.7,"TRAAIR_VA":202.34,"TRAAIR_EXP":647.5,"ALMSTR_VA":193.21,"ALMSTR_EXP":171.77,"POSTME_VA":62.38,"POSTME_EXP":3.57,"HOTYRE_VA":342.9,"HOTYRE_EXP":208.83,"MMTVRA_VA":110.68,"MMTVRA_EXP":76.59,"TELECO_VA":306.5,"TELECO_EXP":24.05,"ITSERV_VA":675.62,"ITSERV_EXP":223.82,"SERFIN_VA":1225.75,"SERFIN_EXP":109.47,"GOBEST_VA":2454.58,"GOBEST_EXP":3.0,"SPRSCT_VA":867.13,"SPRSCT_EXP":280.82,"SEAEMP_VA":511.63,"SEAEMP_EXP":228.54,"ADPDEF_VA":1242.1,"ADPDEF_EXP":0.6,"EDUCAC_VA":1365.42,"EDUCAC_EXP":0.99,"SALUDH_VA":1866.27,"SALUDH_EXP":1.45,"ESPARC_VA":280.65,"ESPARC_EXP":87.13,"OTRSER_VA":361.38,"OTRSER_EXP":19.23,"SERHOG_VA":10.99,"SERHOG_EXP":0.0}},{"type":"Feature","geometry":{"type":"Point","coordinates":[34.85,31.05]},"properties":{"id":"ISR","name":"Israel","continent":"other","year":2020,"AGRPFO_VA":5454.12,"AGRPFO_EXP":1945.31,"FORLOG_VA":31.42,"FORLOG_EXP":0.13,"PESCAC_VA":77.13,"PESCAC_EXP":19.08,"MINCOL_VA":0.0,"MINCOL_EXP":0.0,"PETGAS_VA":506.61,"PETGAS_EXP":426.05,"MINORE_VA":0.0,"MINORE_EXP":0.0,"MINOTH_VA":2053.26,"MINOTH_EXP":1014.98,"MINSER_VA":208.37,"MINSER_EXP":140.54,"ALYBEB_VA":5030.62,"ALYBEB_EXP":741.94,"TEXYPR_VA":856.52,"TEXYPR_EXP":706.43,"MADYPR_VA":273.21,"MADYPR_EXP":47.03,"PAPYPR_VA":1481.64,"PAPYPR_EXP":436.71,"PETREF_VA":2690.28,"PETREF_EXP":5512.35,"QUIMYP_VA":2553.59,"QUIMYP_EXP":5260.97,"FARMED_VA":2078.29,"FARMED_EXP":3988.14,"HUPLAS_VA":2167.36,"HUPLAS_EXP":1834.29,"PRNOMT_VA":1001.35,"PRNOMT_EXP":449.64,"METBAS_VA":587.64,"METBAS_EXP":346.47,"NONFER_VA":226.56,"NONFER_EXP":276.77,"PRMETA_VA":3854.18,"PRMETA_EXP":1862.18,"ELCTRO_VA":18480.66,"ELCTRO_EXP":9626.12,"ELCTRI_VA":724.27,"ELCTRI_EXP":691.88,"MAQYEQ_VA":2582.74,"MAQYEQ_EXP":3151.58,"AUTOMO_VA":366.79,"AUTOMO_EXP":149.49,"OTRTRA_VA":20.48,"OTRTRA_EXP":47.7,"TRANSP_VA":1829.42,"TRANSP_EXP":2169.99,"OTRMAN_VA":2511.55,"OTRMAN_EXP":4421.13,"ELEGAS_VA":2620.99,"ELEGAS_EXP":0.09,"AGUBAS_VA":3434.52,"AGUBAS_EXP":40.69,"CONSTR_VA":21639.11,"CONSTR_EXP":19.77,"COMREV_VA":36277.74,"COMREV_EXP":9295.16,"TRATIE_VA":6517.01,"TRATIE_EXP":1084.77,"TRAGUA_VA":3633.24,"TRAGUA_EXP":2129.84,"TRAAIR_VA":3000.74,"TRAAIR_EXP":4265.86,"ALMSTR_VA":906.45,"ALMSTR_EXP":1278.27,"POSTME_VA":726.81,"POSTME_EXP":157.0,"HOTYRE_VA":5636.6,"HOTYRE_EXP":697.33,"MMTVRA_VA":1362.48,"MMTVRA_EXP":1820.12,"TELECO_VA":4631.12,"TELECO_EXP":1145.42,"ITSERV_VA":31855.42,"ITSERV_EXP":20907.41,"SERFIN_VA":18290.61,"SERFIN_EXP":2693.13,"GOBEST_VA":62697.64,"GOBEST_EXP":961.16,"SPRSCT_VA":26131.05,"SPRSCT_EXP":14396.38,"SEAEMP_VA":11381.76,"SEAEMP_EXP":1023.86,"ADPDEF_VA":28037.17,"ADPDEF_EXP":116.3,"EDUCAC_VA":23951.6,"EDUCAC_EXP":14.07,"SALUDH_VA":22775.82,"SALUDH_EXP":65.54,"ESPARC_VA":5045.7,"ESPARC_EXP":402.79,"OTRSER_VA":5139.62,"OTRSER_EXP":49.65,"SERHOG_VA":992.0,"SERHOG_EXP":0.0}},{"type":"Feature","geometry":{"type":"Point","coordinates":[12.57,41.87]},"properties":{"id":"ITA","name":"Italia","continent":"europe","year":2020,"AGRPFO_VA":36736.89,"AGRPFO_EXP":7407.15,"FORLOG_VA":2425.27,"FORLOG_EXP":199.66,"PESCAC_VA":828.12,"PESCAC_EXP":235.33,"MINCOL_VA":47.35,"MINCOL_EXP":7.22,"PETGAS_VA":2216.71,"PETGAS_EXP":704.09,"MINORE_VA":0.17,"MINORE_EXP":0.1,"MINOTH_VA":1908.03,"MINOTH_EXP":635.3,"MINSER_VA":275.88,"MINSER_EXP":199.72,"ALYBEB_VA":36311.77,"ALYBEB_EXP":32421.58,"TEXYPR_VA":24926.35,"TEXYPR_EXP":33864.84,"MADYPR_VA":4824.25,"MADYPR_EXP":2431.97,"PAPYPR_VA":11700.88,"PAPYPR_EXP":6689.33,"PETREF_VA":699.5,"PETREF_EXP":7833.02,"QUIMYP_VA":14505.91,"QUIMYP_EXP":26128.49,"FARMED_VA":12503.39,"FARMED_EXP":15710.3,"HUPLAS_VA":15539.25,"HUPLAS_EXP":15358.68,"PRNOMT_VA":11363.04,"PRNOMT_EXP":8931.16,"METBAS_VA":6560.77,"METBAS_EXP":15808.55,"NONFER_VA":3092.89,"NONFER_EXP":11859.96,"PRMETA_VA":36434.87,"PRMETA_EXP":18685.24,"ELCTRO_VA":10672.92,"ELCTRO_EXP":9939.33,"ELCTRI_VA":12945.2,"ELCTRI_EXP":19478.02,"MAQYEQ_VA":42295.47,"MAQYEQ_EXP":64599.31,"AUTOMO_VA":14042.85,"AUTOMO_EXP":25820.45,"OTRTRA_VA":2193.45,"OTRTRA_EXP":4930.72,"TRANSP_VA":7425.72,"TRANSP_EXP":8363.44,"OTRMAN_VA":25536.05,"OTRMAN_EXP":20293.46,"ELEGAS_VA":31929.81,"ELEGAS_EXP":421.13,"AGUBAS_VA":20515.43,"AGUBAS_EXP":377.17,"CONSTR_VA":80082.88,"CONSTR_EXP":1253.71,"COMREV_VA":208122.47,"COMREV_EXP":84910.52,"TRATIE_VA":50628.05,"TRATIE_EXP":10100.0,"TRAGUA_VA":2080.82,"TRAGUA_EXP":4143.45,"TRAAIR_VA":1043.85,"TRAAIR_EXP":2417.44,"ALMSTR_VA":34143.66,"ALMSTR_EXP":7061.83,"POSTME_VA":3392.09,"POSTME_EXP":743.35,"HOTYRE_VA":45903.68,"HOTYRE_EXP":7415.82,"MMTVRA_VA":9553.57,"MMTVRA_EXP":2580.59,"TELECO_VA":20395.1,"TELECO_EXP":4436.04,"ITSERV_VA":39090.63,"ITSERV_EXP":5132.48,"SERFIN_VA":92749.45,"SERFIN_EXP":9608.24,"GOBEST_VA":244538.84,"GOBEST_EXP":2328.75,"SPRSCT_VA":120561.21,"SPRSCT_EXP":13710.77,"SEAEMP_VA":61066.89,"SEAEMP_EXP":11552.08,"ADPDEF_VA":119071.18,"ADPDEF_EXP":642.27,"EDUCAC_VA":75690.68,"EDUCAC_EXP":495.44,"SALUDH_VA":108592.08,"SALUDH_EXP":599.73,"ESPARC_VA":17149.64,"ESPARC_EXP":1645.56,"OTRSER_VA":27085.48,"OTRSER_EXP":847.66,"SERHOG_VA":20184.63,"SERHOG_EXP":0.0}},{"type":"Feature","geometry":{"type":"Point","coordinates":[36.24,30.59]},"properties":{"id":"JOR","name":"Jordania","continent":"other","year":2020,"AGRPFO_VA":1650.5,"AGRPFO_EXP":679.28,"FORLOG_VA":90.15,"FORLOG_EXP":0.25,"PESCAC_VA":3.26,"PESCAC_EXP":0.22,"MINCOL_VA":169.3,"MINCOL_EXP":0.01,"PETGAS_VA":303.08,"PETGAS_EXP":3.18,"MINORE_VA":137.87,"MINORE_EXP":0.54,"MINOTH_VA":244.16,"MINOTH_EXP":296.87,"MINSER_VA":137.52,"MINSER_EXP":1.42,"ALYBEB_VA":1872.07,"ALYBEB_EXP":656.16,"TEXYPR_VA":935.67,"TEXYPR_EXP":1070.73,"MADYPR_VA":62.18,"MADYPR_EXP":27.44,"PAPYPR_VA":332.73,"PAPYPR_EXP":181.04,"PETREF_VA":438.95,"PETREF_EXP":300.4,"QUIMYP_VA":683.12,"QUIMYP_EXP":1148.05,"FARMED_VA":647.11,"FARMED_EXP":475.69,"HUPLAS_VA":242.96,"HUPLAS_EXP":209.89,"PRNOMT_VA":684.81,"PRNOMT_EXP":121.8,"METBAS_VA":101.94,"METBAS_EXP":33.33,"NONFER_VA":197.21,"NONFER_EXP":25.99,"PRMETA_VA":458.35,"PRMETA_EXP":143.68,"ELCTRO_VA":42.86,"ELCTRO_EXP":12.07,"ELCTRI_VA":204.13,"ELCTRI_EXP":115.97,"MAQYEQ_VA":142.31,"MAQYEQ_EXP":94.71,"AUTOMO_VA":68.57,"AUTOMO_EXP":54.43,"OTRTRA_VA":12.3,"OTRTRA_EXP":4.92,"TRANSP_VA":22.24,"TRANSP_EXP":0.27,"OTRMAN_VA":148.01,"OTRMAN_EXP":95.24,"ELEGAS_VA":499.16,"ELEGAS_EXP":17.74,"AGUBAS_VA":369.48,"AGUBAS_EXP":0.15,"CONSTR_VA":1273.33,"CONSTR_EXP":9.76,"COMREV_VA":3659.61,"COMREV_EXP":744.62,"TRATIE_VA":1450.59,"TRATIE_EXP":471.92,"TRAGUA_VA":84.9,"TRAGUA_EXP":16.03,"TRAAIR_VA":233.48,"TRAAIR_EXP":486.53,"ALMSTR_VA":547.44,"ALMSTR_EXP":157.89,"POSTME_VA":17.48,"POSTME_EXP":6.72,"HOTYRE_VA":642.23,"HOTYRE_EXP":225.78,"MMTVRA_VA":201.92,"MMTVRA_EXP":55.32,"TELECO_VA":1118.67,"TELECO_EXP":25.9,"ITSERV_VA":285.41,"ITSERV_EXP":37.86,"SERFIN_VA":3368.02,"SERFIN_EXP":196.66,"GOBEST_VA":4853.47,"GOBEST_EXP":5.86,"SPRSCT_VA":411.91,"SPRSCT_EXP":19.48,"SEAEMP_VA":344.14,"SEAEMP_EXP":73.42,"ADPDEF_VA":4487.46,"ADPDEF_EXP":0.01,"EDUCAC_VA":3327.67,"EDUCAC_EXP":205.73,"SALUDH_VA":1380.45,"SALUDH_EXP":158.8,"ESPARC_VA":102.84,"ESPARC_EXP":190.95,"OTRSER_VA":318.54,"OTRSER_EXP":11.22,"SERHOG_VA":636.85,"SERHOG_EXP":0.0}},{"type":"Feature","geometry":{"type":"Point","coordinates":[138.25,36.2]},"properties":{"id":"JPN","name":"Japón","continent":"asia","year":2020,"AGRPFO_VA":42567.07,"AGRPFO_EXP":710.21,"FORLOG_VA":2112.85,"FORLOG_EXP":129.47,"PESCAC_VA":5747.76,"PESCAC_EXP":304.76,"MINCOL_VA":713.29,"MINCOL_EXP":39.39,"PETGAS_VA":721.7,"PETGAS_EXP":48.41,"MINORE_VA":320.91,"MINORE_EXP":95.2,"MINOTH_VA":1739.56,"MINOTH_EXP":111.68,"MINSER_VA":845.07,"MINSER_EXP":305.36,"ALYBEB_VA":125167.06,"ALYBEB_EXP":5059.92,"TEXYPR_VA":13584.51,"TEXYPR_EXP":5154.79,"MADYPR_VA":8917.82,"MADYPR_EXP":730.83,"PAPYPR_VA":41445.67,"PAPYPR_EXP":3539.37,"PETREF_VA":50558.64,"PETREF_EXP":5020.03,"QUIMYP_VA":64372.34,"QUIMYP_EXP":49281.6,"FARMED_VA":47299.35,"FARMED_EXP":5391.43,"HUPLAS_VA":52921.25,"HUPLAS_EXP":18134.51,"PRNOMT_VA":28690.92,"PRNOMT_EXP":5782.22,"METBAS_VA":57559.72,"METBAS_EXP":22607.46,"NONFER_VA":20392.84,"NONFER_EXP":24464.94,"PRMETA_VA":47433.0,"PRMETA_EXP":6221.73,"ELCTRO_VA":79079.45,"ELCTRO_EXP":70705.31,"ELCTRI_VA":60902.88,"ELCTRI_EXP":40037.89,"MAQYEQ_VA":143929.65,"MAQYEQ_EXP":92096.49,"AUTOMO_VA":96783.79,"AUTOMO_EXP":128340.21,"OTRTRA_VA":7284.48,"OTRTRA_EXP":11374.49,"TRANSP_VA":14162.49,"TRANSP_EXP":8957.75,"OTRMAN_VA":130474.24,"OTRMAN_EXP":11529.17,"ELEGAS_VA":72850.06,"ELEGAS_EXP":0.17,"AGUBAS_VA":79006.46,"AGUBAS_EXP":2485.4,"CONSTR_VA":276066.84,"CONSTR_EXP":23.52,"COMREV_VA":609452.39,"COMREV_EXP":85956.06,"TRATIE_VA":116349.55,"TRATIE_EXP":14795.96,"TRAGUA_VA":5795.94,"TRAGUA_EXP":4779.98,"TRAAIR_VA":1692.07,"TRAAIR_EXP":1932.82,"ALMSTR_VA":61029.43,"ALMSTR_EXP":4840.51,"POSTME_VA":16189.29,"POSTME_EXP":505.25,"HOTYRE_VA":82362.05,"HOTYRE_EXP":5223.67,"MMTVRA_VA":51515.19,"MMTVRA_EXP":5937.57,"TELECO_VA":92338.99,"TELECO_EXP":1348.46,"ITSERV_VA":126444.27,"ITSERV_EXP":20178.4,"SERFIN_VA":212482.7,"SERFIN_EXP":23950.27,"GOBEST_VA":564434.9,"GOBEST_EXP":1306.98,"SPRSCT_VA":233897.72,"SPRSCT_EXP":18641.78,"SEAEMP_VA":140043.64,"SEAEMP_EXP":48295.58,"ADPDEF_VA":243304.51,"ADPDEF_EXP":297.89,"EDUCAC_VA":164379.3,"EDUCAC_EXP":3066.78,"SALUDH_VA":382280.45,"SALUDH_EXP":7334.51,"ESPARC_VA":52383.62,"ESPARC_EXP":418.02,"OTRSER_VA":92160.77,"OTRSER_EXP":65.32,"SERHOG_VA":0.0,"SERHOG_EXP":0.0}},{"type":"Feature","geometry":{"type":"Point","coordinates":[66.92,48.02]},"properties":{"id":"KAZ","name":"Kazajistán","continent":"asia","year":2020,"AGRPFO_VA":8603.13,"AGRPFO_EXP":1476.83,"FORLOG_VA":94.05,"FORLOG_EXP":7.51,"PESCAC_VA":361.74,"PESCAC_EXP":1.13,"MINCOL_VA":796.1,"MINCOL_EXP":346.29,"PETGAS_VA":18972.22,"PETGAS_EXP":25908.52,"MINORE_VA":4336.78,"MINORE_EXP":3728.97,"MINOTH_VA":341.37,"MINOTH_EXP":278.98,"MINSER_VA":1103.78,"MINSER_EXP":15.65,"ALYBEB_VA":4313.18,"ALYBEB_EXP":980.03,"TEXYPR_VA":204.32,"TEXYPR_EXP":82.84,"MADYPR_VA":40.15,"MADYPR_EXP":27.63,"PAPYPR_VA":200.84,"PAPYPR_EXP":22.55,"PETREF_VA":1587.34,"PETREF_EXP":1039.01,"QUIMYP_VA":660.15,"QUIMYP_EXP":849.58,"FARMED_VA":455.0,"FARMED_EXP":26.72,"HUPLAS_VA":299.62,"HUPLAS_EXP":52.61,"PRNOMT_VA":973.21,"PRNOMT_EXP":94.96,"METBAS_VA":2689.06,"METBAS_EXP":2238.16,"NONFER_VA":5855.9,"NONFER_EXP":896.4,"PRMETA_VA":393.19,"PRMETA_EXP":67.14,"ELCTRO_VA":38.01,"ELCTRO_EXP":56.49,"ELCTRI_VA":228.98,"ELCTRI_EXP":87.67,"MAQYEQ_VA":221.01,"MAQYEQ_EXP":145.45,"AUTOMO_VA":291.03,"AUTOMO_EXP":31.86,"OTRTRA_VA":44.19,"OTRTRA_EXP":2.53,"TRANSP_VA":77.83,"TRANSP_EXP":66.75,"OTRMAN_VA":881.56,"OTRMAN_EXP":237.56,"ELEGAS_VA":2616.63,"ELEGAS_EXP":160.67,"AGUBAS_VA":405.22,"AGUBAS_EXP":0.34,"CONSTR_VA":10204.52,"CONSTR_EXP":21.71,"COMREV_VA":28681.19,"COMREV_EXP":4835.36,"TRATIE_VA":10911.56,"TRATIE_EXP":2297.96,"TRAGUA_VA":161.9,"TRAGUA_EXP":144.94,"TRAAIR_VA":669.03,"TRAAIR_EXP":545.15,"ALMSTR_VA":2254.53,"ALMSTR_EXP":453.32,"POSTME_VA":157.45,"POSTME_EXP":23.58,"HOTYRE_VA":1941.88,"HOTYRE_EXP":214.57,"MMTVRA_VA":469.44,"MMTVRA_EXP":64.36,"TELECO_VA":1948.95,"TELECO_EXP":213.67,"ITSERV_VA":1363.81,"ITSERV_EXP":61.28,"SERFIN_VA":5631.33,"SERFIN_EXP":310.95,"GOBEST_VA":14187.63,"GOBEST_EXP":153.22,"SPRSCT_VA":7546.2,"SPRSCT_EXP":444.94,"SEAEMP_VA":3786.65,"SEAEMP_EXP":494.24,"ADPDEF_VA":3298.83,"ADPDEF_EXP":4.94,"EDUCAC_VA":6190.63,"EDUCAC_EXP":7.23,"SALUDH_VA":3234.78,"SALUDH_EXP":11.46,"ESPARC_VA":743.89,"ESPARC_EXP":18.17,"OTRSER_VA":3252.35,"OTRSER_EXP":8.18,"SERHOG_VA":116.92,"SERHOG_EXP":0.0}},{"type":"Feature","geometry":{"type":"Point","coordinates":[104.99,12.57]},"properties":{"id":"KHM","name":"Camboya","continent":"asia","year":2020,"AGRPFO_VA":3729.37,"AGRPFO_EXP":3509.3,"FORLOG_VA":360.81,"FORLOG_EXP":1.84,"PESCAC_VA":1326.52,"PESCAC_EXP":710.26,"MINCOL_VA":0.0,"MINCOL_EXP":0.0,"PETGAS_VA":0.0,"PETGAS_EXP":0.0,"MINORE_VA":63.85,"MINORE_EXP":4.24,"MINOTH_VA":93.71,"MINOTH_EXP":127.87,"MINSER_VA":44.03,"MINSER_EXP":3.93,"ALYBEB_VA":568.16,"ALYBEB_EXP":989.27,"TEXYPR_VA":2678.44,"TEXYPR_EXP":4789.71,"MADYPR_VA":32.23,"MADYPR_EXP":48.77,"PAPYPR_VA":62.86,"PAPYPR_EXP":123.46,"PETREF_VA":8.84,"PETREF_EXP":0.78,"QUIMYP_VA":62.23,"QUIMYP_EXP":31.71,"FARMED_VA":36.95,"FARMED_EXP":11.18,"HUPLAS_VA":112.29,"HUPLAS_EXP":276.29,"PRNOMT_VA":148.46,"PRNOMT_EXP":2.12,"METBAS_VA":1508.68,"METBAS_EXP":6.32,"NONFER_VA":31.81,"NONFER_EXP":21.15,"PRMETA_VA":130.46,"PRMETA_EXP":10.57,"ELCTRO_VA":0.18,"ELCTRO_EXP":0.1,"ELCTRI_VA":0.17,"ELCTRI_EXP":0.07,"MAQYEQ_VA":4.53,"MAQYEQ_EXP":2.56,"AUTOMO_VA":31.86,"AUTOMO_EXP":22.62,"OTRTRA_VA":5.45,"OTRTRA_EXP":7.53,"TRANSP_VA":9.71,"TRANSP_EXP":12.44,"OTRMAN_VA":119.54,"OTRMAN_EXP":35.77,"ELEGAS_VA":81.92,"ELEGAS_EXP":1.26,"AGUBAS_VA":76.23,"AGUBAS_EXP":0.59,"CONSTR_VA":3610.88,"CONSTR_EXP":5.16,"COMREV_VA":2316.81,"COMREV_EXP":920.68,"TRATIE_VA":697.57,"TRATIE_EXP":535.59,"TRAGUA_VA":117.26,"TRAGUA_EXP":142.7,"TRAAIR_VA":113.44,"TRAAIR_EXP":221.1,"ALMSTR_VA":383.48,"ALMSTR_EXP":516.74,"POSTME_VA":114.64,"POSTME_EXP":161.11,"HOTYRE_VA":1056.67,"HOTYRE_EXP":417.13,"MMTVRA_VA":121.25,"MMTVRA_EXP":146.35,"TELECO_VA":422.02,"TELECO_EXP":393.99,"ITSERV_VA":105.43,"ITSERV_EXP":46.05,"SERFIN_VA":627.54,"SERFIN_EXP":149.67,"GOBEST_VA":1501.38,"GOBEST_EXP":201.58,"SPRSCT_VA":250.72,"SPRSCT_EXP":90.61,"SEAEMP_VA":206.22,"SEAEMP_EXP":87.72,"ADPDEF_VA":346.26,"ADPDEF_EXP":0.91,"EDUCAC_VA":333.61,"EDUCAC_EXP":33.64,"SALUDH_VA":629.77,"SALUDH_EXP":22.3,"ESPARC_VA":189.09,"ESPARC_EXP":85.89,"OTRSER_VA":354.75,"OTRSER_EXP":30.48,"SERHOG_VA":0.0,"SERHOG_EXP":0.0}},{"type":"Feature","geometry":{"type":"Point","coordinates":[127.77,35.91]},"properties":{"id":"KOR","name":"Corea del Sur","continent":"asia","year":2020,"AGRPFO_VA":21716.4,"AGRPFO_EXP":629.0,"FORLOG_VA":1902.54,"FORLOG_EXP":34.19,"PESCAC_VA":3096.99,"PESCAC_EXP":313.67,"MINCOL_VA":109.16,"MINCOL_EXP":8.82,"PETGAS_VA":67.76,"PETGAS_EXP":1.89,"MINORE_VA":51.28,"MINORE_EXP":59.56,"MINOTH_VA":1216.06,"MINOTH_EXP":178.15,"MINSER_VA":10.23,"MINSER_EXP":13.04,"ALYBEB_VA":21793.04,"ALYBEB_EXP":6299.43,"TEXYPR_VA":14500.55,"TEXYPR_EXP":8567.57,"MADYPR_VA":2106.38,"MADYPR_EXP":106.49,"PAPYPR_VA":11691.77,"PAPYPR_EXP":3171.45,"PETREF_VA":3572.5,"PETREF_EXP":22812.03,"QUIMYP_VA":39548.05,"QUIMYP_EXP":54552.83,"FARMED_VA":12786.56,"FARMED_EXP":6465.34,"HUPLAS_VA":22736.98,"HUPLAS_EXP":14705.08,"PRNOMT_VA":10950.44,"PRNOMT_EXP":3409.27,"METBAS_VA":19602.14,"METBAS_EXP":20457.29,"NONFER_VA":4968.39,"NONFER_EXP":13834.71,"PRMETA_VA":29162.55,"PRMETA_EXP":9043.22,"ELCTRO_VA":122360.37,"ELCTRO_EXP":144144.53,"ELCTRI_VA":26554.29,"ELCTRI_EXP":25754.26,"MAQYEQ_VA":40746.84,"MAQYEQ_EXP":42391.85,"AUTOMO_VA":38571.9,"AUTOMO_EXP":55303.0,"OTRTRA_VA":7467.57,"OTRTRA_EXP":16115.25,"TRANSP_VA":3171.32,"TRANSP_EXP":2402.4,"OTRMAN_VA":10565.91,"OTRMAN_EXP":3435.72,"ELEGAS_VA":26093.94,"ELEGAS_EXP":11.64,"AGUBAS_VA":11280.13,"AGUBAS_EXP":8.56,"CONSTR_VA":91170.78,"CONSTR_EXP":54.64,"COMREV_VA":144246.08,"COMREV_EXP":51094.87,"TRATIE_VA":22120.61,"TRATIE_EXP":2816.02,"TRAGUA_VA":5730.19,"TRAGUA_EXP":19332.99,"TRAAIR_VA":11250.64,"TRAAIR_EXP":3777.24,"ALMSTR_VA":11982.86,"ALMSTR_EXP":1801.12,"POSTME_VA":5343.78,"POSTME_EXP":409.44,"HOTYRE_VA":37386.77,"HOTYRE_EXP":2296.18,"MMTVRA_VA":23821.97,"MMTVRA_EXP":3465.85,"TELECO_VA":18041.48,"TELECO_EXP":734.02,"ITSERV_VA":28487.86,"ITSERV_EXP":7874.27,"SERFIN_VA":92148.13,"SERFIN_EXP":4322.41,"GOBEST_VA":123206.19,"GOBEST_EXP":474.61,"SPRSCT_VA":95813.49,"SPRSCT_EXP":16944.44,"SEAEMP_VA":51261.55,"SEAEMP_EXP":10117.88,"ADPDEF_VA":105062.04,"ADPDEF_EXP":35.09,"EDUCAC_VA":73757.91,"EDUCAC_EXP":182.62,"SALUDH_VA":73247.95,"SALUDH_EXP":101.61,"ESPARC_VA":16019.02,"ESPARC_EXP":727.72,"OTRSER_VA":19961.92,"OTRSER_EXP":152.45,"SERHOG_VA":2071.92,"SERHOG_EXP":0.0}},{"type":"Feature","geometry":{"type":"Point","coordinates":[102.5,19.86]},"properties":{"id":"LAO","name":"Laos","continent":"asia","year":2020,"AGRPFO_VA":2385.19,"AGRPFO_EXP":1145.65,"FORLOG_VA":181.13,"FORLOG_EXP":1.8,"PESCAC_VA":389.74,"PESCAC_EXP":0.2,"MINCOL_VA":186.95,"MINCOL_EXP":35.11,"PETGAS_VA":199.87,"PETGAS_EXP":0.08,"MINORE_VA":911.98,"MINORE_EXP":874.44,"MINOTH_VA":438.15,"MINOTH_EXP":51.6,"MINSER_VA":159.39,"MINSER_EXP":0.16,"ALYBEB_VA":509.01,"ALYBEB_EXP":834.18,"TEXYPR_VA":203.6,"TEXYPR_EXP":245.75,"MADYPR_VA":145.16,"MADYPR_EXP":19.76,"PAPYPR_VA":3.2,"PAPYPR_EXP":2.38,"PETREF_VA":59.88,"PETREF_EXP":0.29,"QUIMYP_VA":29.88,"QUIMYP_EXP":69.78,"FARMED_VA":18.07,"FARMED_EXP":0.46,"HUPLAS_VA":9.68,"HUPLAS_EXP":2.71,"PRNOMT_VA":130.22,"PRNOMT_EXP":140.68,"METBAS_VA":2.0,"METBAS_EXP":1.89,"NONFER_VA":3.55,"NONFER_EXP":2.31,"PRMETA_VA":50.48,"PRMETA_EXP":4.48,"ELCTRO_VA":5.75,"ELCTRO_EXP":8.51,"ELCTRI_VA":3.94,"ELCTRI_EXP":6.63,"MAQYEQ_VA":0.23,"MAQYEQ_EXP":0.13,"AUTOMO_VA":1.05,"AUTOMO_EXP":1.49,"OTRTRA_VA":0.58,"OTRTRA_EXP":0.2,"TRANSP_VA":0.62,"TRANSP_EXP":0.79,"OTRMAN_VA":102.68,"OTRMAN_EXP":88.29,"ELEGAS_VA":2017.06,"ELEGAS_EXP":904.69,"AGUBAS_VA":321.16,"AGUBAS_EXP":0.31,"CONSTR_VA":1600.44,"CONSTR_EXP":0.36,"COMREV_VA":1724.34,"COMREV_EXP":473.43,"TRATIE_VA":267.77,"TRATIE_EXP":51.59,"TRAGUA_VA":18.2,"TRAGUA_EXP":3.71,"TRAAIR_VA":35.19,"TRAAIR_EXP":18.52,"ALMSTR_VA":50.37,"ALMSTR_EXP":2.77,"POSTME_VA":53.39,"POSTME_EXP":3.04,"HOTYRE_VA":413.91,"HOTYRE_EXP":77.38,"MMTVRA_VA":37.5,"MMTVRA_EXP":5.99,"TELECO_VA":221.53,"TELECO_EXP":8.7,"ITSERV_VA":40.05,"ITSERV_EXP":8.79,"SERFIN_VA":571.02,"SERFIN_EXP":30.16,"GOBEST_VA":1089.01,"GOBEST_EXP":15.59,"SPRSCT_VA":133.1,"SPRSCT_EXP":23.12,"SEAEMP_VA":65.61,"SEAEMP_EXP":12.64,"ADPDEF_VA":1671.61,"ADPDEF_EXP":0.41,"EDUCAC_VA":397.68,"EDUCAC_EXP":5.09,"SALUDH_VA":74.56,"SALUDH_EXP":3.3,"ESPARC_VA":68.72,"ESPARC_EXP":9.43,"OTRSER_VA":492.44,"OTRSER_EXP":4.54,"SERHOG_VA":60.04,"SERHOG_EXP":0.0}},{"type":"Feature","geometry":{"type":"Point","coordinates":[23.88,55.17]},"properties":{"id":"LTU","name":"Lituania","continent":"europe","year":2020,"AGRPFO_VA":1794.96,"AGRPFO_EXP":1711.71,"FORLOG_VA":250.35,"FORLOG_EXP":123.52,"PESCAC_VA":63.29,"PESCAC_EXP":11.65,"MINCOL_VA":17.46,"MINCOL_EXP":9.11,"PETGAS_VA":62.08,"PETGAS_EXP":90.69,"MINORE_VA":5.21,"MINORE_EXP":0.86,"MINOTH_VA":53.48,"MINOTH_EXP":76.89,"MINSER_VA":24.44,"MINSER_EXP":7.09,"ALYBEB_VA":1911.19,"ALYBEB_EXP":2298.97,"TEXYPR_VA":542.23,"TEXYPR_EXP":568.04,"MADYPR_VA":638.0,"MADYPR_EXP":758.77,"PAPYPR_VA":435.43,"PAPYPR_EXP":351.67,"PETREF_VA":418.12,"PETREF_EXP":1309.2,"QUIMYP_VA":1083.22,"QUIMYP_EXP":2846.72,"FARMED_VA":124.99,"FARMED_EXP":53.47,"HUPLAS_VA":532.83,"HUPLAS_EXP":950.98,"PRNOMT_VA":339.1,"PRNOMT_EXP":314.12,"METBAS_VA":12.87,"METBAS_EXP":28.1,"NONFER_VA":1.77,"NONFER_EXP":1.41,"PRMETA_VA":565.47,"PRMETA_EXP":909.08,"ELCTRO_VA":315.14,"ELCTRO_EXP":243.82,"ELCTRI_VA":173.49,"ELCTRI_EXP":247.4,"MAQYEQ_VA":289.37,"MAQYEQ_EXP":235.8,"AUTOMO_VA":186.33,"AUTOMO_EXP":123.59,"OTRTRA_VA":140.17,"OTRTRA_EXP":75.22,"TRANSP_VA":47.13,"TRANSP_EXP":67.85,"OTRMAN_VA":1741.54,"OTRMAN_EXP":2131.99,"ELEGAS_VA":941.23,"ELEGAS_EXP":72.01,"AGUBAS_VA":563.69,"AGUBAS_EXP":33.17,"CONSTR_VA":3839.92,"CONSTR_EXP":125.09,"COMREV_VA":8800.12,"COMREV_EXP":3827.09,"TRATIE_VA":4398.01,"TRATIE_EXP":6180.77,"TRAGUA_VA":128.63,"TRAGUA_EXP":165.34,"TRAAIR_VA":42.13,"TRAAIR_EXP":160.51,"ALMSTR_VA":1737.5,"ALMSTR_EXP":2081.12,"POSTME_VA":136.79,"POSTME_EXP":78.3,"HOTYRE_VA":674.66,"HOTYRE_EXP":116.84,"MMTVRA_VA":241.09,"MMTVRA_EXP":107.38,"TELECO_VA":563.89,"TELECO_EXP":167.66,"ITSERV_VA":1385.83,"ITSERV_EXP":663.22,"SERFIN_VA":1340.24,"SERFIN_EXP":320.13,"GOBEST_VA":3524.16,"GOBEST_EXP":115.58,"SPRSCT_VA":2097.4,"SPRSCT_EXP":793.72,"SEAEMP_VA":1575.69,"SEAEMP_EXP":1005.9,"ADPDEF_VA":3213.31,"ADPDEF_EXP":26.78,"EDUCAC_VA":2566.87,"EDUCAC_EXP":53.34,"SALUDH_VA":2585.57,"SALUDH_EXP":17.99,"ESPARC_VA":550.35,"ESPARC_EXP":52.87,"OTRSER_VA":489.93,"OTRSER_EXP":12.96,"SERHOG_VA":53.12,"SERHOG_EXP":0.0}},{"type":"Feature","geometry":{"type":"Point","coordinates":[6.13,49.82]},"properties":{"id":"LUX","name":"Luxemburgo","continent":"europe","year":2020,"AGRPFO_VA":159.23,"AGRPFO_EXP":349.4,"FORLOG_VA":-0.16,"FORLOG_EXP":9.14,"PESCAC_VA":0.0,"PESCAC_EXP":0.0,"MINCOL_VA":0.0,"MINCOL_EXP":0.0,"PETGAS_VA":0.0,"PETGAS_EXP":0.0,"MINORE_VA":14.52,"MINORE_EXP":2.6,"MINOTH_VA":32.61,"MINOTH_EXP":2.15,"MINSER_VA":0.0,"MINSER_EXP":0.0,"ALYBEB_VA":447.45,"ALYBEB_EXP":1028.12,"TEXYPR_VA":342.11,"TEXYPR_EXP":386.92,"MADYPR_VA":69.13,"MADYPR_EXP":213.29,"PAPYPR_VA":85.81,"PAPYPR_EXP":92.72,"PETREF_VA":0.0,"PETREF_EXP":0.0,"QUIMYP_VA":166.56,"QUIMYP_EXP":327.0,"FARMED_VA":33.74,"FARMED_EXP":24.84,"HUPLAS_VA":531.48,"HUPLAS_EXP":4955.59,"PRNOMT_VA":234.37,"PRNOMT_EXP":370.76,"METBAS_VA":464.79,"METBAS_EXP":1920.71,"NONFER_VA":482.5,"NONFER_EXP":2065.88,"PRMETA_VA":286.29,"PRMETA_EXP":452.2,"ELCTRO_VA":34.93,"ELCTRO_EXP":117.45,"ELCTRI_VA":35.15,"ELCTRI_EXP":80.5,"MAQYEQ_VA":471.23,"MAQYEQ_EXP":890.31,"AUTOMO_VA":45.33,"AUTOMO_EXP":59.46,"OTRTRA_VA":1.32,"OTRTRA_EXP":1.89,"TRANSP_VA":2.43,"TRANSP_EXP":3.65,"OTRMAN_VA":103.84,"OTRMAN_EXP":183.74,"ELEGAS_VA":567.35,"ELEGAS_EXP":122.87,"AGUBAS_VA":338.79,"AGUBAS_EXP":8.33,"CONSTR_VA":3892.68,"CONSTR_EXP":87.37,"COMREV_VA":5617.56,"COMREV_EXP":3367.12,"TRATIE_VA":1562.16,"TRATIE_EXP":1877.03,"TRAGUA_VA":63.74,"TRAGUA_EXP":94.71,"TRAAIR_VA":1799.24,"TRAAIR_EXP":2982.79,"ALMSTR_VA":250.85,"ALMSTR_EXP":381.01,"POSTME_VA":127.07,"POSTME_EXP":245.58,"HOTYRE_VA":756.92,"HOTYRE_EXP":1367.61,"MMTVRA_VA":346.92,"MMTVRA_EXP":611.22,"TELECO_VA":1424.0,"TELECO_EXP":2883.05,"ITSERV_VA":2803.14,"ITSERV_EXP":13207.32,"SERFIN_VA":18179.19,"SERFIN_EXP":80417.39,"GOBEST_VA":5498.78,"GOBEST_EXP":525.76,"SPRSCT_VA":7226.14,"SPRSCT_EXP":11603.54,"SEAEMP_VA":2912.92,"SEAEMP_EXP":2421.52,"ADPDEF_VA":4394.67,"ADPDEF_EXP":23.89,"EDUCAC_VA":3035.8,"EDUCAC_EXP":176.4,"SALUDH_VA":4596.32,"SALUDH_EXP":70.23,"ESPARC_VA":441.76,"ESPARC_EXP":261.06,"OTRSER_VA":505.01,"OTRSER_EXP":95.33,"SERHOG_VA":176.72,"SERHOG_EXP":0.0}},{"type":"Feature","geometry":{"type":"Point","coordinates":[24.6,56.88]},"properties":{"id":"LVA","name":"Letonia","continent":"europe","year":2020,"AGRPFO_VA":827.46,"AGRPFO_EXP":734.2,"FORLOG_VA":603.44,"FORLOG_EXP":208.54,"PESCAC_VA":71.97,"PESCAC_EXP":29.88,"MINCOL_VA":1.05,"MINCOL_EXP":0.79,"PETGAS_VA":0.0,"PETGAS_EXP":0.0,"MINORE_VA":1.0,"MINORE_EXP":0.54,"MINOTH_VA":170.71,"MINOTH_EXP":8.66,"MINSER_VA":1.98,"MINSER_EXP":0.83,"ALYBEB_VA":794.46,"ALYBEB_EXP":939.92,"TEXYPR_VA":171.44,"TEXYPR_EXP":194.23,"MADYPR_VA":962.16,"MADYPR_EXP":1630.32,"PAPYPR_VA":193.83,"PAPYPR_EXP":177.38,"PETREF_VA":-0.01,"PETREF_EXP":0.1,"QUIMYP_VA":121.95,"QUIMYP_EXP":349.58,"FARMED_VA":163.42,"FARMED_EXP":193.56,"HUPLAS_VA":114.74,"HUPLAS_EXP":201.17,"PRNOMT_VA":280.49,"PRNOMT_EXP":227.09,"METBAS_VA":35.68,"METBAS_EXP":44.38,"NONFER_VA":5.48,"NONFER_EXP":27.52,"PRMETA_VA":365.47,"PRMETA_EXP":450.12,"ELCTRO_VA":190.49,"ELCTRO_EXP":444.16,"ELCTRI_VA":166.16,"ELCTRI_EXP":324.66,"MAQYEQ_VA":113.39,"MAQYEQ_EXP":172.83,"AUTOMO_VA":75.66,"AUTOMO_EXP":132.57,"OTRTRA_VA":43.85,"OTRTRA_EXP":54.61,"TRANSP_VA":35.76,"TRANSP_EXP":31.03,"OTRMAN_VA":380.13,"OTRMAN_EXP":333.53,"ELEGAS_VA":691.38,"ELEGAS_EXP":245.06,"AGUBAS_VA":295.73,"AGUBAS_EXP":20.65,"CONSTR_VA":2100.03,"CONSTR_EXP":68.97,"COMREV_VA":4815.78,"COMREV_EXP":1954.38,"TRATIE_VA":1652.54,"TRATIE_EXP":1954.38,"TRAGUA_VA":34.15,"TRAGUA_EXP":26.29,"TRAAIR_VA":-48.68,"TRAAIR_EXP":162.97,"ALMSTR_VA":807.66,"ALMSTR_EXP":636.2,"POSTME_VA":102.03,"POSTME_EXP":46.04,"HOTYRE_VA":433.44,"HOTYRE_EXP":519.55,"MMTVRA_VA":151.5,"MMTVRA_EXP":116.0,"TELECO_VA":498.72,"TELECO_EXP":282.62,"ITSERV_VA":1343.98,"ITSERV_EXP":762.85,"SERFIN_VA":989.34,"SERFIN_EXP":236.94,"GOBEST_VA":2670.87,"GOBEST_EXP":38.98,"SPRSCT_VA":1569.12,"SPRSCT_EXP":521.74,"SEAEMP_VA":952.8,"SEAEMP_EXP":168.03,"ADPDEF_VA":2591.3,"ADPDEF_EXP":6.81,"EDUCAC_VA":1552.33,"EDUCAC_EXP":11.5,"SALUDH_VA":1483.79,"SALUDH_EXP":7.41,"ESPARC_VA":488.81,"ESPARC_EXP":19.64,"OTRSER_VA":289.12,"OTRSER_EXP":8.86,"SERHOG_VA":59.15,"SERHOG_EXP":0.0}},{"type":"Feature","geometry":{"type":"Point","coordinates":[-7.09,31.79]},"properties":{"id":"MAR","name":"Marruecos","continent":"other","year":2020,"AGRPFO_VA":12868.81,"AGRPFO_EXP":2112.1,"FORLOG_VA":1599.39,"FORLOG_EXP":1.8,"PESCAC_VA":723.66,"PESCAC_EXP":342.12,"MINCOL_VA":6.5,"MINCOL_EXP":0.3,"PETGAS_VA":17.8,"PETGAS_EXP":0.56,"MINORE_VA":570.53,"MINORE_EXP":283.61,"MINOTH_VA":1298.46,"MINOTH_EXP":743.07,"MINSER_VA":52.38,"MINSER_EXP":19.47,"ALYBEB_VA":5525.37,"ALYBEB_EXP":2977.66,"TEXYPR_VA":2279.79,"TEXYPR_EXP":2985.08,"MADYPR_VA":188.89,"MADYPR_EXP":59.07,"PAPYPR_VA":558.06,"PAPYPR_EXP":126.61,"PETREF_VA":22.29,"PETREF_EXP":0.09,"QUIMYP_VA":2539.89,"QUIMYP_EXP":3928.28,"FARMED_VA":673.21,"FARMED_EXP":249.74,"HUPLAS_VA":564.9,"HUPLAS_EXP":280.93,"PRNOMT_VA":1783.46,"PRNOMT_EXP":190.99,"METBAS_VA":200.0,"METBAS_EXP":51.36,"NONFER_VA":355.37,"NONFER_EXP":291.18,"PRMETA_VA":822.61,"PRMETA_EXP":203.77,"ELCTRO_VA":129.09,"ELCTRO_EXP":350.02,"ELCTRI_VA":953.96,"ELCTRI_EXP":1663.68,"MAQYEQ_VA":284.82,"MAQYEQ_EXP":129.63,"AUTOMO_VA":1432.56,"AUTOMO_EXP":4894.24,"OTRTRA_VA":87.57,"OTRTRA_EXP":14.64,"TRANSP_VA":176.44,"TRANSP_EXP":240.62,"OTRMAN_VA":1067.09,"OTRMAN_EXP":773.27,"ELEGAS_VA":4566.13,"ELEGAS_EXP":24.0,"AGUBAS_VA":463.49,"AGUBAS_EXP":1.14,"CONSTR_VA":7758.04,"CONSTR_EXP":74.26,"COMREV_VA":9808.34,"COMREV_EXP":2555.49,"TRATIE_VA":2493.47,"TRATIE_EXP":1426.51,"TRAGUA_VA":89.8,"TRAGUA_EXP":189.52,"TRAAIR_VA":352.67,"TRAAIR_EXP":815.49,"ALMSTR_VA":1139.05,"ALMSTR_EXP":985.07,"POSTME_VA":113.02,"POSTME_EXP":158.97,"HOTYRE_VA":2630.4,"HOTYRE_EXP":1219.52,"MMTVRA_VA":361.06,"MMTVRA_EXP":216.96,"TELECO_VA":2470.54,"TELECO_EXP":423.18,"ITSERV_VA":706.98,"ITSERV_EXP":861.58,"SERFIN_VA":5201.83,"SERFIN_EXP":252.85,"GOBEST_VA":3765.11,"GOBEST_EXP":250.84,"SPRSCT_VA":3568.8,"SPRSCT_EXP":1958.12,"SEAEMP_VA":3908.98,"SEAEMP_EXP":1362.08,"ADPDEF_VA":12585.91,"ADPDEF_EXP":390.39,"EDUCAC_VA":9180.17,"EDUCAC_EXP":203.36,"SALUDH_VA":3869.48,"SALUDH_EXP":52.19,"ESPARC_VA":365.2,"ESPARC_EXP":118.23,"OTRSER_VA":966.75,"OTRSER_EXP":71.81,"SERHOG_VA":417.85,"SERHOG_EXP":0.0}},{"type":"Feature","geometry":{"type":"Point","coordinates":[-102.55,23.63]},"properties":{"id":"MEX","name":"México","continent":"america","year":2020,"AGRPFO_VA":38737.44,"AGRPFO_EXP":9153.65,"FORLOG_VA":1169.96,"FORLOG_EXP":73.12,"PESCAC_VA":689.29,"PESCAC_EXP":149.6,"MINCOL_VA":211.55,"MINCOL_EXP":2.02,"PETGAS_VA":22371.8,"PETGAS_EXP":14129.04,"MINORE_VA":9448.83,"MINORE_EXP":8549.98,"MINOTH_VA":4922.27,"MINOTH_EXP":476.54,"MINSER_VA":3795.73,"MINSER_EXP":9.65,"ALYBEB_VA":56957.55,"ALYBEB_EXP":16562.86,"TEXYPR_VA":5963.23,"TEXYPR_EXP":4683.36,"MADYPR_VA":1862.77,"MADYPR_EXP":376.3,"PAPYPR_VA":5968.94,"PAPYPR_EXP":1583.87,"PETREF_VA":6948.34,"PETREF_EXP":1449.83,"QUIMYP_VA":12416.86,"QUIMYP_EXP":8685.28,"FARMED_VA":5220.88,"FARMED_EXP":1148.05,"HUPLAS_VA":7087.18,"HUPLAS_EXP":9047.58,"PRNOMT_VA":7743.41,"PRNOMT_EXP":3099.52,"METBAS_VA":5148.25,"METBAS_EXP":3440.4,"NONFER_VA":7289.23,"NONFER_EXP":8928.63,"PRMETA_VA":8427.9,"PRMETA_EXP":7882.54,"ELCTRO_VA":19843.79,"ELCTRO_EXP":58365.42,"ELCTRI_VA":8882.7,"ELCTRI_EXP":24233.64,"MAQYEQ_VA":9633.6,"MAQYEQ_EXP":18455.35,"AUTOMO_VA":46501.77,"AUTOMO_EXP":112455.02,"OTRTRA_VA":248.35,"OTRTRA_EXP":580.74,"TRANSP_VA":2573.06,"TRANSP_EXP":4560.94,"OTRMAN_VA":8536.38,"OTRMAN_EXP":14816.92,"ELEGAS_VA":18180.14,"ELEGAS_EXP":404.56,"AGUBAS_VA":3835.33,"AGUBAS_EXP":0.47,"CONSTR_VA":56153.16,"CONSTR_EXP":110.76,"COMREV_VA":223322.3,"COMREV_EXP":54203.15,"TRATIE_VA":56780.34,"TRATIE_EXP":15574.78,"TRAGUA_VA":1569.91,"TRAGUA_EXP":1298.63,"TRAAIR_VA":1459.2,"TRAAIR_EXP":2262.11,"ALMSTR_VA":7684.12,"ALMSTR_EXP":4099.75,"POSTME_VA":1490.08,"POSTME_EXP":15.42,"HOTYRE_VA":17891.31,"HOTYRE_EXP":3980.44,"MMTVRA_VA":2827.66,"MMTVRA_EXP":437.65,"TELECO_VA":12433.85,"TELECO_EXP":394.52,"ITSERV_VA":1678.42,"ITSERV_EXP":114.63,"SERFIN_VA":43917.1,"SERFIN_EXP":4584.3,"GOBEST_VA":135806.45,"GOBEST_EXP":744.85,"SPRSCT_VA":25455.39,"SPRSCT_EXP":364.2,"SEAEMP_VA":39611.39,"SEAEMP_EXP":408.32,"ADPDEF_VA":41773.23,"ADPDEF_EXP":0.03,"EDUCAC_VA":41634.29,"EDUCAC_EXP":255.05,"SALUDH_VA":29044.6,"SALUDH_EXP":171.67,"ESPARC_VA":3265.7,"ESPARC_EXP":453.8,"OTRSER_VA":10738.39,"OTRSER_EXP":235.95,"SERHOG_VA":4795.98,"SERHOG_EXP":0.0}},{"type":"Feature","geometry":{"type":"Point","coordinates":[14.38,35.94]},"properties":{"id":"MLT","name":"Malta","continent":"europe","year":2020,"AGRPFO_VA":62.93,"AGRPFO_EXP":17.49,"FORLOG_VA":0.0,"FORLOG_EXP":0.0,"PESCAC_VA":58.15,"PESCAC_EXP":169.28,"MINCOL_VA":0.0,"MINCOL_EXP":0.0,"PETGAS_VA":4.44,"PETGAS_EXP":7.84,"MINORE_VA":1.1,"MINORE_EXP":0.34,"MINOTH_VA":24.13,"MINOTH_EXP":0.33,"MINSER_VA":2.09,"MINSER_EXP":1.09,"ALYBEB_VA":169.0,"ALYBEB_EXP":190.82,"TEXYPR_VA":19.78,"TEXYPR_EXP":17.48,"MADYPR_VA":4.71,"MADYPR_EXP":1.04,"PAPYPR_VA":114.78,"PAPYPR_EXP":111.58,"PETREF_VA":0.63,"PETREF_EXP":0.5,"QUIMYP_VA":14.33,"QUIMYP_EXP":20.39,"FARMED_VA":88.21,"FARMED_EXP":187.25,"HUPLAS_VA":76.12,"HUPLAS_EXP":131.8,"PRNOMT_VA":88.35,"PRNOMT_EXP":4.68,"METBAS_VA":1.27,"METBAS_EXP":1.3,"NONFER_VA":1.01,"NONFER_EXP":1.58,"PRMETA_VA":60.51,"PRMETA_EXP":22.26,"ELCTRO_VA":133.6,"ELCTRO_EXP":248.23,"ELCTRI_VA":24.99,"ELCTRI_EXP":62.71,"MAQYEQ_VA":28.02,"MAQYEQ_EXP":30.46,"AUTOMO_VA":71.61,"AUTOMO_EXP":45.04,"OTRTRA_VA":13.41,"OTRTRA_EXP":35.74,"TRANSP_VA":27.34,"TRANSP_EXP":54.95,"OTRMAN_VA":259.75,"OTRMAN_EXP":368.63,"ELEGAS_VA":129.85,"ELEGAS_EXP":63.01,"AGUBAS_VA":100.57,"AGUBAS_EXP":2.13,"CONSTR_VA":712.78,"CONSTR_EXP":13.65,"COMREV_VA":1213.98,"COMREV_EXP":335.98,"TRATIE_VA":90.43,"TRATIE_EXP":61.71,"TRAGUA_VA":17.12,"TRAGUA_EXP":120.52,"TRAAIR_VA":-205.21,"TRAAIR_EXP":1290.27,"ALMSTR_VA":339.84,"ALMSTR_EXP":500.29,"POSTME_VA":35.14,"POSTME_EXP":23.85,"HOTYRE_VA":288.3,"HOTYRE_EXP":214.45,"MMTVRA_VA":108.63,"MMTVRA_EXP":72.21,"TELECO_VA":262.29,"TELECO_EXP":77.68,"ITSERV_VA":1103.91,"ITSERV_EXP":866.31,"SERFIN_VA":1449.8,"SERFIN_EXP":2944.71,"GOBEST_VA":1037.75,"GOBEST_EXP":17.72,"SPRSCT_VA":1502.76,"SPRSCT_EXP":2082.01,"SEAEMP_VA":1091.59,"SEAEMP_EXP":770.99,"ADPDEF_VA":861.0,"ADPDEF_EXP":31.52,"EDUCAC_VA":733.31,"EDUCAC_EXP":19.89,"SALUDH_VA":912.08,"SALUDH_EXP":4.16,"ESPARC_VA":2202.91,"ESPARC_EXP":9316.15,"OTRSER_VA":124.0,"OTRSER_EXP":6.03,"SERHOG_VA":15.98,"SERHOG_EXP":0.0}},{"type":"Feature","geometry":{"type":"Point","coordinates":[95.96,21.91]},"properties":{"id":"MMR","name":"Myanmar","continent":"asia","year":2020,"AGRPFO_VA":25923.92,"AGRPFO_EXP":1987.37,"FORLOG_VA":710.83,"FORLOG_EXP":8.58,"PESCAC_VA":5288.28,"PESCAC_EXP":293.59,"MINCOL_VA":4.59,"MINCOL_EXP":0.52,"PETGAS_VA":2332.47,"PETGAS_EXP":2798.67,"MINORE_VA":442.25,"MINORE_EXP":29.61,"MINOTH_VA":432.18,"MINOTH_EXP":748.85,"MINSER_VA":23.0,"MINSER_EXP":10.25,"ALYBEB_VA":3791.49,"ALYBEB_EXP":1331.75,"TEXYPR_VA":2888.66,"TEXYPR_EXP":4011.51,"MADYPR_VA":421.77,"MADYPR_EXP":101.61,"PAPYPR_VA":422.04,"PAPYPR_EXP":38.24,"PETREF_VA":697.96,"PETREF_EXP":117.07,"QUIMYP_VA":517.7,"QUIMYP_EXP":34.14,"FARMED_VA":302.56,"FARMED_EXP":7.35,"HUPLAS_VA":342.79,"HUPLAS_EXP":20.49,"PRNOMT_VA":569.68,"PRNOMT_EXP":18.29,"METBAS_VA":286.6,"METBAS_EXP":263.26,"NONFER_VA":251.76,"NONFER_EXP":71.17,"PRMETA_VA":469.61,"PRMETA_EXP":19.48,"ELCTRO_VA":433.06,"ELCTRO_EXP":63.84,"ELCTRI_VA":277.32,"ELCTRI_EXP":53.42,"MAQYEQ_VA":399.22,"MAQYEQ_EXP":61.91,"AUTOMO_VA":560.24,"AUTOMO_EXP":12.98,"OTRTRA_VA":63.84,"OTRTRA_EXP":39.36,"TRANSP_VA":75.89,"TRANSP_EXP":9.54,"OTRMAN_VA":788.28,"OTRMAN_EXP":129.42,"ELEGAS_VA":377.34,"ELEGAS_EXP":19.56,"AGUBAS_VA":86.8,"AGUBAS_EXP":2.09,"CONSTR_VA":2856.87,"CONSTR_EXP":29.64,"COMREV_VA":6375.9,"COMREV_EXP":1030.37,"TRATIE_VA":1654.02,"TRATIE_EXP":197.36,"TRAGUA_VA":606.34,"TRAGUA_EXP":372.94,"TRAAIR_VA":462.65,"TRAAIR_EXP":340.65,"ALMSTR_VA":556.55,"ALMSTR_EXP":288.05,"POSTME_VA":98.12,"POSTME_EXP":2.06,"HOTYRE_VA":1733.73,"HOTYRE_EXP":326.3,"MMTVRA_VA":348.59,"MMTVRA_EXP":41.12,"TELECO_VA":1451.69,"TELECO_EXP":54.89,"ITSERV_VA":237.88,"ITSERV_EXP":154.85,"SERFIN_VA":1695.88,"SERFIN_EXP":43.19,"GOBEST_VA":2180.35,"GOBEST_EXP":123.87,"SPRSCT_VA":1259.9,"SPRSCT_EXP":1436.42,"SEAEMP_VA":823.74,"SEAEMP_EXP":760.18,"ADPDEF_VA":2443.15,"ADPDEF_EXP":6.61,"EDUCAC_VA":1480.0,"EDUCAC_EXP":21.9,"SALUDH_VA":1790.34,"SALUDH_EXP":14.42,"ESPARC_VA":273.08,"ESPARC_EXP":62.96,"OTRSER_VA":514.53,"OTRSER_EXP":20.88,"SERHOG_VA":0.0,"SERHOG_EXP":0.0}},{"type":"Feature","geometry":{"type":"Point","coordinates":[101.98,4.21]},"properties":{"id":"MYS","name":"Malasia","continent":"asia","year":2020,"AGRPFO_VA":21107.91,"AGRPFO_EXP":2345.29,"FORLOG_VA":1358.45,"FORLOG_EXP":198.86,"PESCAC_VA":2592.73,"PESCAC_EXP":171.69,"MINCOL_VA":8425.7,"MINCOL_EXP":287.48,"PETGAS_VA":10488.63,"PETGAS_EXP":11716.1,"MINORE_VA":370.93,"MINORE_EXP":689.37,"MINOTH_VA":1300.73,"MINOTH_EXP":189.73,"MINSER_VA":2267.06,"MINSER_EXP":52.77,"ALYBEB_VA":6125.88,"ALYBEB_EXP":17088.2,"TEXYPR_VA":1059.54,"TEXYPR_EXP":1607.78,"MADYPR_VA":1513.56,"MADYPR_EXP":1406.52,"PAPYPR_VA":1975.94,"PAPYPR_EXP":1422.69,"PETREF_VA":9204.57,"PETREF_EXP":3490.56,"QUIMYP_VA":5435.74,"QUIMYP_EXP":14165.5,"FARMED_VA":392.39,"FARMED_EXP":373.38,"HUPLAS_VA":5293.55,"HUPLAS_EXP":10690.05,"PRNOMT_VA":2187.08,"PRNOMT_EXP":3064.15,"METBAS_VA":1189.12,"METBAS_EXP":5016.93,"NONFER_VA":534.5,"NONFER_EXP":2848.07,"PRMETA_VA":3117.68,"PRMETA_EXP":2712.04,"ELCTRO_VA":16329.76,"ELCTRO_EXP":51380.96,"ELCTRI_VA":1607.38,"ELCTRI_EXP":6478.11,"MAQYEQ_VA":2133.33,"MAQYEQ_EXP":6013.73,"AUTOMO_VA":5129.07,"AUTOMO_EXP":861.68,"OTRTRA_VA":515.69,"OTRTRA_EXP":292.3,"TRANSP_VA":637.68,"TRANSP_EXP":2021.27,"OTRMAN_VA":2383.11,"OTRMAN_EXP":4512.52,"ELEGAS_VA":6809.59,"ELEGAS_EXP":126.6,"AGUBAS_VA":1951.45,"AGUBAS_EXP":1.98,"CONSTR_VA":12599.42,"CONSTR_EXP":1.39,"COMREV_VA":74402.53,"COMREV_EXP":19982.27,"TRATIE_VA":2796.3,"TRATIE_EXP":2182.75,"TRAGUA_VA":1613.91,"TRAGUA_EXP":2171.61,"TRAAIR_VA":1491.46,"TRAAIR_EXP":2192.52,"ALMSTR_VA":4488.1,"ALMSTR_EXP":1310.6,"POSTME_VA":458.78,"POSTME_EXP":224.34,"HOTYRE_VA":9373.3,"HOTYRE_EXP":1075.51,"MMTVRA_VA":1691.7,"MMTVRA_EXP":397.7,"TELECO_VA":9317.66,"TELECO_EXP":722.47,"ITSERV_VA":4324.52,"ITSERV_EXP":2178.69,"SERFIN_VA":23586.76,"SERFIN_EXP":3405.58,"GOBEST_VA":11152.4,"GOBEST_EXP":383.74,"SPRSCT_VA":6103.2,"SPRSCT_EXP":5133.3,"SEAEMP_VA":2807.52,"SEAEMP_EXP":2954.64,"ADPDEF_VA":27713.63,"ADPDEF_EXP":9.12,"EDUCAC_VA":11795.95,"EDUCAC_EXP":59.35,"SALUDH_VA":3614.59,"SALUDH_EXP":39.77,"ESPARC_VA":2270.83,"ESPARC_EXP":389.44,"OTRSER_VA":645.35,"OTRSER_EXP":59.42,"SERHOG_VA":387.01,"SERHOG_EXP":0.0}},{"type":"Feature","geometry":{"type":"Point","coordinates":[8.68,9.08]},"properties":{"id":"NGA","name":"Nigeria","continent":"other","year":2020,"AGRPFO_VA":94772.35,"AGRPFO_EXP":867.97,"FORLOG_VA":763.54,"FORLOG_EXP":53.19,"PESCAC_VA":4444.4,"PESCAC_EXP":0.88,"MINCOL_VA":36.65,"MINCOL_EXP":0.19,"PETGAS_VA":35197.61,"PETGAS_EXP":31614.86,"MINORE_VA":32.15,"MINORE_EXP":3.08,"MINOTH_VA":980.39,"MINOTH_EXP":16.52,"MINSER_VA":48.39,"MINSER_EXP":0.46,"ALYBEB_VA":26432.57,"ALYBEB_EXP":661.02,"TEXYPR_VA":5353.25,"TEXYPR_EXP":953.35,"MADYPR_VA":1209.27,"MADYPR_EXP":71.34,"PAPYPR_VA":913.73,"PAPYPR_EXP":2.09,"PETREF_VA":154.94,"PETREF_EXP":175.24,"QUIMYP_VA":842.58,"QUIMYP_EXP":91.36,"FARMED_VA":170.62,"FARMED_EXP":1.81,"HUPLAS_VA":1689.58,"HUPLAS_EXP":89.83,"PRNOMT_VA":12528.32,"PRNOMT_EXP":4.11,"METBAS_VA":128.54,"METBAS_EXP":1.17,"NONFER_VA":226.38,"NONFER_EXP":132.13,"PRMETA_VA":150.73,"PRMETA_EXP":12.61,"ELCTRO_VA":202.9,"ELCTRO_EXP":7.08,"ELCTRI_VA":37.91,"ELCTRI_EXP":1.39,"MAQYEQ_VA":184.34,"MAQYEQ_EXP":44.01,"AUTOMO_VA":1378.02,"AUTOMO_EXP":101.24,"OTRTRA_VA":242.77,"OTRTRA_EXP":11.42,"TRANSP_VA":4.0,"TRANSP_EXP":3.39,"OTRMAN_VA":1475.8,"OTRMAN_EXP":21.85,"ELEGAS_VA":3068.78,"ELEGAS_EXP":48.18,"AGUBAS_VA":726.83,"AGUBAS_EXP":0.09,"CONSTR_VA":31997.89,"CONSTR_EXP":0.02,"COMREV_VA":62714.63,"COMREV_EXP":1481.43,"TRATIE_VA":6386.79,"TRATIE_EXP":417.14,"TRAGUA_VA":412.02,"TRAGUA_EXP":46.78,"TRAAIR_VA":412.8,"TRAAIR_EXP":204.76,"ALMSTR_VA":1291.92,"ALMSTR_EXP":243.58,"POSTME_VA":57.74,"POSTME_EXP":34.27,"HOTYRE_VA":2656.75,"HOTYRE_EXP":99.61,"MMTVRA_VA":10150.23,"MMTVRA_EXP":17.31,"TELECO_VA":26283.31,"TELECO_EXP":29.78,"ITSERV_VA":9440.91,"ITSERV_EXP":21.43,"SERFIN_VA":14147.06,"SERFIN_EXP":224.11,"GOBEST_VA":27019.42,"GOBEST_EXP":26.18,"SPRSCT_VA":12920.14,"SPRSCT_EXP":19.71,"SEAEMP_VA":95.12,"SEAEMP_EXP":4.3,"ADPDEF_VA":7972.77,"ADPDEF_EXP":0.01,"EDUCAC_VA":7280.84,"EDUCAC_EXP":5.59,"SALUDH_VA":2860.53,"SALUDH_EXP":3.78,"ESPARC_VA":571.72,"ESPARC_EXP":9.7,"OTRSER_VA":8627.31,"OTRSER_EXP":5.62,"SERHOG_VA":2166.98,"SERHOG_EXP":0.0}},{"type":"Feature","geometry":{"type":"Point","coordinates":[5.29,52.13]},"properties":{"id":"NLD","name":"Países Bajos","continent":"europe","year":2020,"AGRPFO_VA":16616.36,"AGRPFO_EXP":16384.66,"FORLOG_VA":192.3,"FORLOG_EXP":184.69,"PESCAC_VA":376.96,"PESCAC_EXP":284.75,"MINCOL_VA":0.0,"MINCOL_EXP":0.0,"PETGAS_VA":14867.77,"PETGAS_EXP":5921.32,"MINORE_VA":0.0,"MINORE_EXP":0.0,"MINOTH_VA":587.15,"MINOTH_EXP":357.37,"MINSER_VA":1898.63,"MINSER_EXP":2281.81,"ALYBEB_VA":19094.66,"ALYBEB_EXP":45112.21,"TEXYPR_VA":1408.31,"TEXYPR_EXP":1739.06,"MADYPR_VA":1409.86,"MADYPR_EXP":661.94,"PAPYPR_VA":4103.07,"PAPYPR_EXP":4627.03,"PETREF_VA":878.25,"PETREF_EXP":14436.47,"QUIMYP_VA":11171.17,"QUIMYP_EXP":31775.34,"FARMED_VA":7348.22,"FARMED_EXP":9163.8,"HUPLAS_VA":3774.35,"HUPLAS_EXP":6262.6,"PRNOMT_VA":2833.83,"PRNOMT_EXP":1613.2,"METBAS_VA":1487.97,"METBAS_EXP":2335.37,"NONFER_VA":584.22,"NONFER_EXP":1984.66,"PRMETA_VA":8720.28,"PRMETA_EXP":6892.11,"ELCTRO_VA":6054.47,"ELCTRO_EXP":20664.37,"ELCTRI_VA":3701.41,"ELCTRI_EXP":5849.2,"MAQYEQ_VA":17444.02,"MAQYEQ_EXP":26947.59,"AUTOMO_VA":3846.54,"AUTOMO_EXP":9849.32,"OTRTRA_VA":1196.35,"OTRTRA_EXP":3441.15,"TRANSP_VA":826.79,"TRANSP_EXP":3030.59,"OTRMAN_VA":7670.58,"OTRMAN_EXP":8273.49,"ELEGAS_VA":11261.06,"ELEGAS_EXP":1108.05,"AGUBAS_VA":4946.59,"AGUBAS_EXP":1455.28,"CONSTR_VA":45008.99,"CONSTR_EXP":624.91,"COMREV_VA":116540.43,"COMREV_EXP":64142.48,"TRATIE_VA":13079.78,"TRATIE_EXP":11721.44,"TRAGUA_VA":3286.77,"TRAGUA_EXP":8000.49,"TRAAIR_VA":1887.01,"TRAAIR_EXP":3611.41,"ALMSTR_VA":14163.04,"ALMSTR_EXP":8914.64,"POSTME_VA":2649.34,"POSTME_EXP":5978.09,"HOTYRE_VA":10685.26,"HOTYRE_EXP":3125.0,"MMTVRA_VA":5885.1,"MMTVRA_EXP":6028.76,"TELECO_VA":8787.11,"TELECO_EXP":5230.92,"ITSERV_VA":26761.17,"ITSERV_EXP":20580.79,"SERFIN_VA":58589.15,"SERFIN_EXP":10641.86,"GOBEST_VA":53622.51,"GOBEST_EXP":734.26,"SPRSCT_VA":76210.65,"SPRSCT_EXP":45145.17,"SEAEMP_VA":55523.79,"SEAEMP_EXP":30114.59,"ADPDEF_VA":62855.8,"ADPDEF_EXP":3069.88,"EDUCAC_VA":41762.52,"EDUCAC_EXP":1458.19,"SALUDH_VA":71342.72,"SALUDH_EXP":446.18,"ESPARC_VA":7619.13,"ESPARC_EXP":1399.44,"OTRSER_VA":9557.32,"OTRSER_EXP":494.25,"SERHOG_VA":1044.4,"SERHOG_EXP":0.0}},{"type":"Feature","geometry":{"type":"Point","coordinates":[8.47,60.47]},"properties":{"id":"NOR","name":"Noruega","continent":"europe","year":2020,"AGRPFO_VA":1798.71,"AGRPFO_EXP":81.91,"FORLOG_VA":650.63,"FORLOG_EXP":146.84,"PESCAC_VA":4542.67,"PESCAC_EXP":4396.96,"MINCOL_VA":4.57,"MINCOL_EXP":1.74,"PETGAS_VA":37928.23,"PETGAS_EXP":40153.06,"MINORE_VA":185.45,"MINORE_EXP":58.7,"MINOTH_VA":558.45,"MINOTH_EXP":354.21,"MINSER_VA":5154.45,"MINSER_EXP":946.16,"ALYBEB_VA":6602.34,"ALYBEB_EXP":3897.17,"TEXYPR_VA":439.21,"TEXYPR_EXP":214.35,"MADYPR_VA":1160.73,"MADYPR_EXP":224.82,"PAPYPR_VA":768.97,"PAPYPR_EXP":599.45,"PETREF_VA":527.65,"PETREF_EXP":3550.58,"QUIMYP_VA":2027.17,"QUIMYP_EXP":2030.26,"FARMED_VA":849.12,"FARMED_EXP":683.61,"HUPLAS_VA":552.37,"HUPLAS_EXP":392.76,"PRNOMT_VA":1294.86,"PRNOMT_EXP":302.78,"METBAS_VA":443.35,"METBAS_EXP":920.89,"NONFER_VA":1229.99,"NONFER_EXP":3762.08,"PRMETA_VA":2305.51,"PRMETA_EXP":786.34,"ELCTRO_VA":1347.58,"ELCTRO_EXP":1892.79,"ELCTRI_VA":864.0,"ELCTRI_EXP":1956.49,"MAQYEQ_VA":2061.88,"MAQYEQ_EXP":2878.45,"AUTOMO_VA":285.91,"AUTOMO_EXP":396.95,"OTRTRA_VA":1572.59,"OTRTRA_EXP":569.03,"TRANSP_VA":83.4,"TRANSP_EXP":151.59,"OTRMAN_VA":2972.86,"OTRMAN_EXP":2012.57,"ELEGAS_VA":5694.26,"ELEGAS_EXP":872.19,"AGUBAS_VA":2733.07,"AGUBAS_EXP":7.16,"CONSTR_VA":24275.85,"CONSTR_EXP":60.92,"COMREV_VA":31062.06,"COMREV_EXP":6937.88,"TRATIE_VA":6659.89,"TRATIE_EXP":2509.36,"TRAGUA_VA":2442.07,"TRAGUA_EXP":10955.36,"TRAAIR_VA":-109.33,"TRAAIR_EXP":610.64,"ALMSTR_VA":2860.32,"ALMSTR_EXP":1336.56,"POSTME_VA":1164.07,"POSTME_EXP":260.05,"HOTYRE_VA":3433.07,"HOTYRE_EXP":656.73,"MMTVRA_VA":3516.41,"MMTVRA_EXP":525.88,"TELECO_VA":4198.37,"TELECO_EXP":944.63,"ITSERV_VA":8643.37,"ITSERV_EXP":2803.92,"SERFIN_VA":19086.56,"SERFIN_EXP":4539.7,"GOBEST_VA":25509.82,"GOBEST_EXP":110.87,"SPRSCT_VA":17937.22,"SPRSCT_EXP":4218.66,"SEAEMP_VA":9787.24,"SEAEMP_EXP":2362.22,"ADPDEF_VA":24662.95,"ADPDEF_EXP":18.55,"EDUCAC_VA":18655.31,"EDUCAC_EXP":142.76,"SALUDH_VA":39744.75,"SALUDH_EXP":32.38,"ESPARC_VA":3016.58,"ESPARC_EXP":188.6,"OTRSER_VA":3503.5,"OTRSER_EXP":41.03,"SERHOG_VA":28.43,"SERHOG_EXP":0.0}},{"type":"Feature","geometry":{"type":"Point","coordinates":[174.89,-40.9]},"properties":{"id":"NZL","name":"Nueva Zelanda","continent":"other","year":2020,"AGRPFO_VA":10219.22,"AGRPFO_EXP":3622.28,"FORLOG_VA":1099.84,"FORLOG_EXP":1318.59,"PESCAC_VA":2072.67,"PESCAC_EXP":897.68,"MINCOL_VA":81.19,"MINCOL_EXP":133.2,"PETGAS_VA":1012.99,"PETGAS_EXP":424.37,"MINORE_VA":173.71,"MINORE_EXP":209.53,"MINOTH_VA":167.09,"MINOTH_EXP":18.49,"MINSER_VA":223.13,"MINSER_EXP":29.47,"ALYBEB_VA":8328.85,"ALYBEB_EXP":15942.04,"TEXYPR_VA":494.92,"TEXYPR_EXP":388.13,"MADYPR_VA":1199.31,"MADYPR_EXP":714.68,"PAPYPR_VA":870.52,"PAPYPR_EXP":899.14,"PETREF_VA":1411.91,"PETREF_EXP":162.09,"QUIMYP_VA":999.18,"QUIMYP_EXP":683.21,"FARMED_VA":177.42,"FARMED_EXP":143.85,"HUPLAS_VA":1034.92,"HUPLAS_EXP":383.59,"PRNOMT_VA":866.07,"PRNOMT_EXP":138.31,"METBAS_VA":297.44,"METBAS_EXP":282.41,"NONFER_VA":638.06,"NONFER_EXP":675.68,"PRMETA_VA":1726.04,"PRMETA_EXP":284.41,"ELCTRO_VA":575.86,"ELCTRO_EXP":209.37,"ELCTRI_VA":586.98,"ELCTRI_EXP":291.62,"MAQYEQ_VA":2307.64,"MAQYEQ_EXP":626.39,"AUTOMO_VA":283.69,"AUTOMO_EXP":69.97,"OTRTRA_VA":110.27,"OTRTRA_EXP":53.73,"TRANSP_VA":377.43,"TRANSP_EXP":17.63,"OTRMAN_VA":590.21,"OTRMAN_EXP":453.85,"ELEGAS_VA":4250.46,"ELEGAS_EXP":16.99,"AGUBAS_VA":1818.88,"AGUBAS_EXP":18.8,"CONSTR_VA":17289.48,"CONSTR_EXP":230.81,"COMREV_VA":22252.12,"COMREV_EXP":6737.04,"TRATIE_VA":3366.22,"TRATIE_EXP":545.75,"TRAGUA_VA":250.33,"TRAGUA_EXP":84.5,"TRAAIR_VA":1792.98,"TRAAIR_EXP":931.29,"ALMSTR_VA":2403.4,"ALMSTR_EXP":371.94,"POSTME_VA":613.25,"POSTME_EXP":130.13,"HOTYRE_VA":4212.61,"HOTYRE_EXP":1467.65,"MMTVRA_VA":1485.22,"MMTVRA_EXP":420.53,"TELECO_VA":1757.55,"TELECO_EXP":378.62,"ITSERV_VA":1963.46,"ITSERV_EXP":895.13,"SERFIN_VA":12901.61,"SERFIN_EXP":803.84,"GOBEST_VA":18355.35,"GOBEST_EXP":881.48,"SPRSCT_VA":19657.3,"SPRSCT_EXP":952.11,"SEAEMP_VA":4026.58,"SEAEMP_EXP":1250.44,"ADPDEF_VA":10137.62,"ADPDEF_EXP":70.22,"EDUCAC_VA":10231.59,"EDUCAC_EXP":346.12,"SALUDH_VA":15099.94,"SALUDH_EXP":100.62,"ESPARC_VA":2800.63,"ESPARC_EXP":511.2,"OTRSER_VA":4313.37,"OTRSER_EXP":92.96,"SERHOG_VA":583.93,"SERHOG_EXP":0.0}},{"type":"Feature","geometry":{"type":"Point","coordinates":[69.35,30.38]},"properties":{"id":"PAK","name":"Pakistán","continent":"asia","year":2020,"AGRPFO_VA":59584.27,"AGRPFO_EXP":851.73,"FORLOG_VA":1181.83,"FORLOG_EXP":2.65,"PESCAC_VA":1119.63,"PESCAC_EXP":32.94,"MINCOL_VA":218.37,"MINCOL_EXP":0.59,"PETGAS_VA":4287.72,"PETGAS_EXP":117.69,"MINORE_VA":199.32,"MINORE_EXP":78.1,"MINOTH_VA":295.39,"MINOTH_EXP":139.23,"MINSER_VA":274.99,"MINSER_EXP":9.54,"ALYBEB_VA":9871.63,"ALYBEB_EXP":2994.73,"TEXYPR_VA":13968.34,"TEXYPR_EXP":10899.38,"MADYPR_VA":1046.16,"MADYPR_EXP":42.78,"PAPYPR_VA":2220.23,"PAPYPR_EXP":59.46,"PETREF_VA":2662.75,"PETREF_EXP":99.04,"QUIMYP_VA":2742.51,"QUIMYP_EXP":688.24,"FARMED_VA":988.12,"FARMED_EXP":203.4,"HUPLAS_VA":1232.48,"HUPLAS_EXP":124.3,"PRNOMT_VA":2655.37,"PRNOMT_EXP":267.71,"METBAS_VA":1136.68,"METBAS_EXP":93.85,"NONFER_VA":861.08,"NONFER_EXP":359.38,"PRMETA_VA":1946.3,"PRMETA_EXP":170.54,"ELCTRO_VA":1461.95,"ELCTRO_EXP":38.21,"ELCTRI_VA":974.89,"ELCTRI_EXP":69.45,"MAQYEQ_VA":1614.1,"MAQYEQ_EXP":78.71,"AUTOMO_VA":2151.97,"AUTOMO_EXP":28.42,"OTRTRA_VA":294.55,"OTRTRA_EXP":0.34,"TRANSP_VA":321.31,"TRANSP_EXP":5.1,"OTRMAN_VA":1207.27,"OTRMAN_EXP":489.88,"ELEGAS_VA":4329.27,"ELEGAS_EXP":25.81,"AGUBAS_VA":1749.48,"AGUBAS_EXP":8.39,"CONSTR_VA":7632.3,"CONSTR_EXP":28.27,"COMREV_VA":28299.94,"COMREV_EXP":2703.5,"TRATIE_VA":8070.91,"TRATIE_EXP":279.22,"TRAGUA_VA":2391.67,"TRAGUA_EXP":449.77,"TRAAIR_VA":1485.89,"TRAAIR_EXP":297.96,"ALMSTR_VA":2274.32,"ALMSTR_EXP":116.32,"POSTME_VA":593.38,"POSTME_EXP":2.6,"HOTYRE_VA":6919.2,"HOTYRE_EXP":173.2,"MMTVRA_VA":2109.71,"MMTVRA_EXP":172.66,"TELECO_VA":6138.1,"TELECO_EXP":332.96,"ITSERV_VA":1486.43,"ITSERV_EXP":922.35,"SERFIN_VA":9956.14,"SERFIN_EXP":173.72,"GOBEST_VA":12784.51,"GOBEST_EXP":72.01,"SPRSCT_VA":7522.34,"SPRSCT_EXP":1267.73,"SEAEMP_VA":4997.55,"SEAEMP_EXP":602.88,"ADPDEF_VA":14493.78,"ADPDEF_EXP":12.74,"EDUCAC_VA":9011.07,"EDUCAC_EXP":15.55,"SALUDH_VA":11110.02,"SALUDH_EXP":11.76,"ESPARC_VA":1591.84,"ESPARC_EXP":186.21,"OTRSER_VA":3238.05,"OTRSER_EXP":25.21,"SERHOG_VA":1309.44,"SERHOG_EXP":0.0}},{"type":"Feature","geometry":{"type":"Point","coordinates":[-75.02,-9.19]},"properties":{"id":"PER","name":"Perú","continent":"america","year":2020,"AGRPFO_VA":13572.46,"AGRPFO_EXP":4222.53,"FORLOG_VA":232.47,"FORLOG_EXP":13.1,"PESCAC_VA":1501.56,"PESCAC_EXP":2.51,"MINCOL_VA":220.68,"MINCOL_EXP":20.96,"PETGAS_VA":695.33,"PETGAS_EXP":740.17,"MINORE_VA":15112.52,"MINORE_EXP":20284.13,"MINOTH_VA":1078.16,"MINOTH_EXP":189.85,"MINSER_VA":680.61,"MINSER_EXP":1.63,"ALYBEB_VA":7687.94,"ALYBEB_EXP":4821.01,"TEXYPR_VA":1653.71,"TEXYPR_EXP":888.69,"MADYPR_VA":287.13,"MADYPR_EXP":82.21,"PAPYPR_VA":1531.4,"PAPYPR_EXP":136.2,"PETREF_VA":2525.21,"PETREF_EXP":721.53,"QUIMYP_VA":1437.9,"QUIMYP_EXP":818.57,"FARMED_VA":323.25,"FARMED_EXP":60.61,"HUPLAS_VA":999.66,"HUPLAS_EXP":582.72,"PRNOMT_VA":1431.95,"PRNOMT_EXP":217.18,"METBAS_VA":281.28,"METBAS_EXP":131.61,"NONFER_VA":1474.81,"NONFER_EXP":3409.19,"PRMETA_VA":1161.8,"PRMETA_EXP":239.77,"ELCTRO_VA":55.63,"ELCTRO_EXP":18.52,"ELCTRI_VA":54.01,"ELCTRI_EXP":271.01,"MAQYEQ_VA":648.34,"MAQYEQ_EXP":142.73,"AUTOMO_VA":694.03,"AUTOMO_EXP":87.55,"OTRTRA_VA":31.03,"OTRTRA_EXP":3.71,"TRANSP_VA":280.98,"TRANSP_EXP":6.92,"OTRMAN_VA":3727.88,"OTRMAN_EXP":1060.68,"ELEGAS_VA":5513.1,"ELEGAS_EXP":7.77,"AGUBAS_VA":907.92,"AGUBAS_EXP":12.2,"CONSTR_VA":13535.26,"CONSTR_EXP":1.67,"COMREV_VA":19966.8,"COMREV_EXP":3612.86,"TRATIE_VA":8858.76,"TRATIE_EXP":751.21,"TRAGUA_VA":181.09,"TRAGUA_EXP":98.22,"TRAAIR_VA":198.18,"TRAAIR_EXP":187.42,"ALMSTR_VA":2617.87,"ALMSTR_EXP":308.84,"POSTME_VA":201.5,"POSTME_EXP":10.83,"HOTYRE_VA":5490.21,"HOTYRE_EXP":249.11,"MMTVRA_VA":880.49,"MMTVRA_EXP":17.74,"TELECO_VA":3210.3,"TELECO_EXP":66.11,"ITSERV_VA":445.75,"ITSERV_EXP":0.54,"SERFIN_VA":12078.36,"SERFIN_EXP":181.43,"GOBEST_VA":8263.08,"GOBEST_EXP":10.77,"SPRSCT_VA":6107.8,"SPRSCT_EXP":197.81,"SEAEMP_VA":4686.87,"SEAEMP_EXP":283.02,"ADPDEF_VA":11741.68,"ADPDEF_EXP":168.54,"EDUCAC_VA":12376.97,"EDUCAC_EXP":34.26,"SALUDH_VA":7431.63,"SALUDH_EXP":17.7,"ESPARC_VA":1203.29,"ESPARC_EXP":123.9,"OTRSER_VA":2326.36,"OTRSER_EXP":18.17,"SERHOG_VA":3881.91,"SERHOG_EXP":0.0}},{"type":"Feature","geometry":{"type":"Point","coordinates":[121.77,12.88]},"properties":{"id":"PHL","name":"Filipinas","continent":"asia","year":2020,"AGRPFO_VA":26450.27,"AGRPFO_EXP":2360.43,"FORLOG_VA":3637.76,"FORLOG_EXP":17.45,"PESCAC_VA":4306.08,"PESCAC_EXP":103.5,"MINCOL_VA":214.83,"MINCOL_EXP":164.51,"PETGAS_VA":427.24,"PETGAS_EXP":61.85,"MINORE_VA":1161.57,"MINORE_EXP":1545.36,"MINOTH_VA":799.01,"MINOTH_EXP":95.07,"MINSER_VA":28.55,"MINSER_EXP":55.99,"ALYBEB_VA":33318.27,"ALYBEB_EXP":4654.52,"TEXYPR_VA":1788.27,"TEXYPR_EXP":1319.15,"MADYPR_VA":503.57,"MADYPR_EXP":435.48,"PAPYPR_VA":964.11,"PAPYPR_EXP":482.61,"PETREF_VA":1470.34,"PETREF_EXP":602.13,"QUIMYP_VA":6748.26,"QUIMYP_EXP":2564.14,"FARMED_VA":657.13,"FARMED_EXP":51.29,"HUPLAS_VA":688.77,"HUPLAS_EXP":1076.75,"PRNOMT_VA":1376.42,"PRNOMT_EXP":518.92,"METBAS_VA":462.97,"METBAS_EXP":126.53,"NONFER_VA":699.53,"NONFER_EXP":1181.58,"PRMETA_VA":502.65,"PRMETA_EXP":159.43,"ELCTRO_VA":6223.27,"ELCTRO_EXP":16280.06,"ELCTRI_VA":801.71,"ELCTRI_EXP":1504.92,"MAQYEQ_VA":704.94,"MAQYEQ_EXP":545.09,"AUTOMO_VA":903.4,"AUTOMO_EXP":1104.59,"OTRTRA_VA":173.77,"OTRTRA_EXP":282.22,"TRANSP_VA":503.97,"TRANSP_EXP":221.02,"OTRMAN_VA":2074.67,"OTRMAN_EXP":772.57,"ELEGAS_VA":9320.56,"ELEGAS_EXP":52.13,"AGUBAS_VA":1988.26,"AGUBAS_EXP":15.32,"CONSTR_VA":22567.3,"CONSTR_EXP":204.69,"COMREV_VA":62463.26,"COMREV_EXP":10242.03,"TRATIE_VA":6065.21,"TRATIE_EXP":1879.51,"TRAGUA_VA":735.09,"TRAGUA_EXP":1292.97,"TRAAIR_VA":683.32,"TRAAIR_EXP":1441.57,"ALMSTR_VA":3125.37,"ALMSTR_EXP":3031.82,"POSTME_VA":548.33,"POSTME_EXP":74.11,"HOTYRE_VA":4819.66,"HOTYRE_EXP":864.67,"MMTVRA_VA":951.68,"MMTVRA_EXP":614.96,"TELECO_VA":10289.77,"TELECO_EXP":3744.41,"ITSERV_VA":2940.31,"ITSERV_EXP":4185.83,"SERFIN_VA":33938.19,"SERFIN_EXP":1891.64,"GOBEST_VA":21682.14,"GOBEST_EXP":418.18,"SPRSCT_VA":5232.13,"SPRSCT_EXP":5614.94,"SEAEMP_VA":14048.12,"SEAEMP_EXP":7944.62,"ADPDEF_VA":17944.61,"ADPDEF_EXP":71.74,"EDUCAC_VA":13379.91,"EDUCAC_EXP":65.14,"SALUDH_VA":5966.09,"SALUDH_EXP":31.14,"ESPARC_VA":4297.36,"ESPARC_EXP":743.81,"OTRSER_VA":3621.68,"OTRSER_EXP":73.51,"SERHOG_VA":0.0,"SERHOG_EXP":0.0}},{"type":"Feature","geometry":{"type":"Point","coordinates":[19.15,51.92]},"properties":{"id":"POL","name":"Polonia","continent":"europe","year":2020,"AGRPFO_VA":13887.52,"AGRPFO_EXP":3670.6,"FORLOG_VA":1973.84,"FORLOG_EXP":70.85,"PESCAC_VA":114.31,"PESCAC_EXP":54.09,"MINCOL_VA":3117.63,"MINCOL_EXP":461.26,"PETGAS_VA":59.07,"PETGAS_EXP":53.47,"MINORE_VA":3038.92,"MINORE_EXP":1784.25,"MINOTH_VA":918.9,"MINOTH_EXP":144.32,"MINSER_VA":880.58,"MINSER_EXP":156.52,"ALYBEB_VA":15845.05,"ALYBEB_EXP":21920.02,"TEXYPR_VA":3138.75,"TEXYPR_EXP":5496.31,"MADYPR_VA":4009.56,"MADYPR_EXP":3452.02,"PAPYPR_VA":5132.45,"PAPYPR_EXP":5382.16,"PETREF_VA":3116.82,"PETREF_EXP":3440.47,"QUIMYP_VA":4892.44,"QUIMYP_EXP":11996.64,"FARMED_VA":1780.2,"FARMED_EXP":2804.86,"HUPLAS_VA":8998.33,"HUPLAS_EXP":12169.38,"PRNOMT_VA":5976.46,"PRNOMT_EXP":4156.64,"METBAS_VA":1518.88,"METBAS_EXP":4144.12,"NONFER_VA":569.66,"NONFER_EXP":3116.37,"PRMETA_VA":12815.97,"PRMETA_EXP":11946.07,"ELCTRO_VA":2665.71,"ELCTRO_EXP":8532.33,"ELCTRI_VA":5178.48,"ELCTRI_EXP":15404.68,"MAQYEQ_VA":4910.41,"MAQYEQ_EXP":10059.37,"AUTOMO_VA":8676.85,"AUTOMO_EXP":25172.21,"OTRTRA_VA":476.31,"OTRTRA_EXP":1196.31,"TRANSP_VA":1327.28,"TRANSP_EXP":3472.85,"OTRMAN_VA":12601.42,"OTRMAN_EXP":12237.71,"ELEGAS_VA":16909.7,"ELEGAS_EXP":626.28,"AGUBAS_VA":7520.43,"AGUBAS_EXP":214.76,"CONSTR_VA":44459.86,"CONSTR_EXP":752.73,"COMREV_VA":85506.03,"COMREV_EXP":37650.52,"TRATIE_VA":25789.52,"TRATIE_EXP":16570.6,"TRAGUA_VA":278.73,"TRAGUA_EXP":294.96,"TRAAIR_VA":1392.98,"TRAAIR_EXP":2536.69,"ALMSTR_VA":9272.39,"ALMSTR_EXP":5369.83,"POSTME_VA":2784.25,"POSTME_EXP":500.47,"HOTYRE_VA":6108.67,"HOTYRE_EXP":1063.43,"MMTVRA_VA":4090.75,"MMTVRA_EXP":2104.84,"TELECO_VA":5764.94,"TELECO_EXP":1852.34,"ITSERV_VA":14230.42,"ITSERV_EXP":8438.69,"SERFIN_VA":22834.21,"SERFIN_EXP":2828.08,"GOBEST_VA":30320.95,"GOBEST_EXP":3066.58,"SPRSCT_VA":31515.57,"SPRSCT_EXP":16812.96,"SEAEMP_VA":16935.45,"SEAEMP_EXP":2599.13,"ADPDEF_VA":31016.8,"ADPDEF_EXP":18.17,"EDUCAC_VA":26123.42,"EDUCAC_EXP":718.43,"SALUDH_VA":25622.42,"SALUDH_EXP":491.88,"ESPARC_VA":4343.63,"ESPARC_EXP":569.34,"OTRSER_VA":5609.47,"OTRSER_EXP":359.11,"SERHOG_VA":86.56,"SERHOG_EXP":0.0}},{"type":"Feature","geometry":{"type":"Point","coordinates":[-8.22,39.4]},"properties":{"id":"PRT","name":"Portugal","continent":"europe","year":2020,"AGRPFO_VA":3842.3,"AGRPFO_EXP":1338.11,"FORLOG_VA":959.92,"FORLOG_EXP":88.6,"PESCAC_VA":414.34,"PESCAC_EXP":175.69,"MINCOL_VA":0.0,"MINCOL_EXP":0.0,"PETGAS_VA":0.0,"PETGAS_EXP":0.0,"MINORE_VA":248.17,"MINORE_EXP":483.97,"MINOTH_VA":400.22,"MINOTH_EXP":164.85,"MINSER_VA":8.28,"MINSER_EXP":38.28,"ALYBEB_VA":5398.09,"ALYBEB_EXP":4362.21,"TEXYPR_VA":4537.55,"TEXYPR_EXP":4726.66,"MADYPR_VA":1437.25,"MADYPR_EXP":1422.53,"PAPYPR_VA":1508.88,"PAPYPR_EXP":2199.19,"PETREF_VA":2.3,"PETREF_EXP":2112.84,"QUIMYP_VA":1179.4,"QUIMYP_EXP":2608.13,"FARMED_VA":883.95,"FARMED_EXP":1026.88,"HUPLAS_VA":1756.6,"HUPLAS_EXP":2802.62,"PRNOMT_VA":2097.44,"PRNOMT_EXP":1553.56,"METBAS_VA":335.31,"METBAS_EXP":748.5,"NONFER_VA":172.64,"NONFER_EXP":625.15,"PRMETA_VA":3012.29,"PRMETA_EXP":2779.37,"ELCTRO_VA":583.68,"ELCTRO_EXP":2452.48,"ELCTRI_VA":800.4,"ELCTRI_EXP":1832.73,"MAQYEQ_VA":1093.64,"MAQYEQ_EXP":1952.17,"AUTOMO_VA":2256.9,"AUTOMO_EXP":8203.63,"OTRTRA_VA":86.09,"OTRTRA_EXP":149.51,"TRANSP_VA":182.22,"TRANSP_EXP":440.81,"OTRMAN_VA":2634.38,"OTRMAN_EXP":2200.84,"ELEGAS_VA":4552.84,"ELEGAS_EXP":234.23,"AGUBAS_VA":2192.39,"AGUBAS_EXP":24.29,"CONSTR_VA":10052.59,"CONSTR_EXP":58.13,"COMREV_VA":27589.45,"COMREV_EXP":9777.58,"TRATIE_VA":4733.07,"TRATIE_EXP":2855.53,"TRAGUA_VA":173.27,"TRAGUA_EXP":381.32,"TRAAIR_VA":-20.85,"TRAAIR_EXP":2191.14,"ALMSTR_VA":3419.03,"ALMSTR_EXP":1910.55,"POSTME_VA":578.72,"POSTME_EXP":250.0,"HOTYRE_VA":7600.44,"HOTYRE_EXP":3760.95,"MMTVRA_VA":1385.9,"MMTVRA_EXP":401.4,"TELECO_VA":2996.41,"TELECO_EXP":573.25,"ITSERV_VA":4849.74,"ITSERV_EXP":2456.61,"SERFIN_VA":10768.02,"SERFIN_EXP":943.42,"GOBEST_VA":27081.0,"GOBEST_EXP":465.79,"SPRSCT_VA":9621.63,"SPRSCT_EXP":2749.23,"SEAEMP_VA":7771.58,"SEAEMP_EXP":1948.11,"ADPDEF_VA":14971.96,"ADPDEF_EXP":159.28,"EDUCAC_VA":11847.77,"EDUCAC_EXP":344.8,"SALUDH_VA":14471.59,"SALUDH_EXP":148.08,"ESPARC_VA":1515.03,"ESPARC_EXP":293.22,"OTRSER_VA":2598.86,"OTRSER_EXP":170.23,"SERHOG_VA":1260.9,"SERHOG_EXP":0.0}},{"type":"Feature","geometry":{"type":"Point","coordinates":[24.97,45.94]},"properties":{"id":"ROU","name":"Rumania","continent":"europe","year":2020,"AGRPFO_VA":7789.39,"AGRPFO_EXP":2863.3,"FORLOG_VA":2116.44,"FORLOG_EXP":38.19,"PESCAC_VA":346.33,"PESCAC_EXP":10.22,"MINCOL_VA":1.36,"MINCOL_EXP":1.4,"PETGAS_VA":1511.02,"PETGAS_EXP":105.75,"MINORE_VA":20.23,"MINORE_EXP":30.78,"MINOTH_VA":374.84,"MINOTH_EXP":20.57,"MINSER_VA":185.25,"MINSER_EXP":101.09,"ALYBEB_VA":10960.96,"ALYBEB_EXP":1529.98,"TEXYPR_VA":3225.32,"TEXYPR_EXP":1896.06,"MADYPR_VA":1255.89,"MADYPR_EXP":1034.46,"PAPYPR_VA":1051.12,"PAPYPR_EXP":331.01,"PETREF_VA":815.23,"PETREF_EXP":883.74,"QUIMYP_VA":1214.4,"QUIMYP_EXP":1514.47,"FARMED_VA":384.02,"FARMED_EXP":257.24,"HUPLAS_VA":1770.15,"HUPLAS_EXP":1854.36,"PRNOMT_VA":1619.01,"PRNOMT_EXP":393.33,"METBAS_VA":717.29,"METBAS_EXP":1325.41,"NONFER_VA":334.2,"NONFER_EXP":701.23,"PRMETA_VA":1921.41,"PRMETA_EXP":1363.94,"ELCTRO_VA":1201.0,"ELCTRO_EXP":2246.88,"ELCTRI_VA":2794.06,"ELCTRI_EXP":5391.43,"MAQYEQ_VA":1962.4,"MAQYEQ_EXP":3724.27,"AUTOMO_VA":5608.5,"AUTOMO_EXP":15134.04,"OTRTRA_VA":374.02,"OTRTRA_EXP":326.73,"TRANSP_VA":474.5,"TRANSP_EXP":483.28,"OTRMAN_VA":3261.59,"OTRMAN_EXP":2214.18,"ELEGAS_VA":6498.52,"ELEGAS_EXP":79.66,"AGUBAS_VA":2275.41,"AGUBAS_EXP":0.24,"CONSTR_VA":16756.49,"CONSTR_EXP":0.44,"COMREV_VA":28397.35,"COMREV_EXP":8771.6,"TRATIE_VA":11922.98,"TRATIE_EXP":10988.99,"TRAGUA_VA":644.11,"TRAGUA_EXP":278.72,"TRAAIR_VA":241.55,"TRAAIR_EXP":355.3,"ALMSTR_VA":2761.54,"ALMSTR_EXP":1280.41,"POSTME_VA":777.4,"POSTME_EXP":226.85,"HOTYRE_VA":3466.15,"HOTYRE_EXP":165.33,"MMTVRA_VA":2057.23,"MMTVRA_EXP":741.31,"TELECO_VA":2851.3,"TELECO_EXP":1057.44,"ITSERV_VA":11052.68,"ITSERV_EXP":5189.66,"SERFIN_VA":7432.32,"SERFIN_EXP":155.56,"GOBEST_VA":19359.25,"GOBEST_EXP":40.26,"SPRSCT_VA":12519.75,"SPRSCT_EXP":6814.41,"SEAEMP_VA":6048.83,"SEAEMP_EXP":371.32,"ADPDEF_VA":14227.11,"ADPDEF_EXP":0.51,"EDUCAC_VA":9811.75,"EDUCAC_EXP":10.06,"SALUDH_VA":12721.06,"SALUDH_EXP":22.83,"ESPARC_VA":3413.2,"ESPARC_EXP":173.85,"OTRSER_VA":3161.29,"OTRSER_EXP":9.37,"SERHOG_VA":2615.22,"SERHOG_EXP":0.0}},{"type":"Feature","geometry":{"type":"Point","coordinates":[105.32,61.52]},"properties":{"id":"RUS","name":"Rusia","continent":"europe","year":2020,"AGRPFO_VA":49293.72,"AGRPFO_EXP":10504.87,"FORLOG_VA":2299.89,"FORLOG_EXP":860.81,"PESCAC_VA":4620.76,"PESCAC_EXP":1584.27,"MINCOL_VA":6057.46,"MINCOL_EXP":6546.68,"PETGAS_VA":103452.16,"PETGAS_EXP":79865.99,"MINORE_VA":4682.74,"MINORE_EXP":2573.45,"MINOTH_VA":7072.42,"MINOTH_EXP":5440.34,"MINSER_VA":9389.28,"MINSER_EXP":1073.11,"ALYBEB_VA":28646.6,"ALYBEB_EXP":11147.91,"TEXYPR_VA":3761.33,"TEXYPR_EXP":1258.71,"MADYPR_VA":4282.41,"MADYPR_EXP":5425.71,"PAPYPR_VA":5959.39,"PAPYPR_EXP":3115.38,"PETREF_VA":29078.05,"PETREF_EXP":52770.02,"QUIMYP_VA":14211.72,"QUIMYP_EXP":14918.85,"FARMED_VA":5378.97,"FARMED_EXP":626.2,"HUPLAS_VA":4236.8,"HUPLAS_EXP":1840.97,"PRNOMT_VA":8032.88,"PRNOMT_EXP":1710.93,"METBAS_VA":14890.18,"METBAS_EXP":14584.28,"NONFER_VA":22446.32,"NONFER_EXP":18185.21,"PRMETA_VA":11884.28,"PRMETA_EXP":6292.74,"ELCTRO_VA":8463.3,"ELCTRO_EXP":2819.43,"ELCTRI_VA":3580.58,"ELCTRI_EXP":2383.55,"MAQYEQ_VA":6259.97,"MAQYEQ_EXP":2881.66,"AUTOMO_VA":7042.08,"AUTOMO_EXP":2808.83,"OTRTRA_VA":3259.55,"OTRTRA_EXP":237.53,"TRANSP_VA":8640.28,"TRANSP_EXP":2391.46,"OTRMAN_VA":11823.61,"OTRMAN_EXP":1841.95,"ELEGAS_VA":35712.16,"ELEGAS_EXP":1015.19,"AGUBAS_VA":7032.84,"AGUBAS_EXP":59.33,"CONSTR_VA":79226.75,"CONSTR_EXP":432.54,"COMREV_VA":178875.83,"COMREV_EXP":42949.8,"TRATIE_VA":57116.0,"TRATIE_EXP":8217.58,"TRAGUA_VA":1549.59,"TRAGUA_EXP":1937.76,"TRAAIR_VA":2967.6,"TRAAIR_EXP":8702.03,"ALMSTR_VA":26144.38,"ALMSTR_EXP":9029.27,"POSTME_VA":2648.44,"POSTME_EXP":628.76,"HOTYRE_VA":10526.69,"HOTYRE_EXP":974.42,"MMTVRA_VA":4446.75,"MMTVRA_EXP":1122.64,"TELECO_VA":13724.21,"TELECO_EXP":963.83,"ITSERV_VA":19783.17,"ITSERV_EXP":5225.99,"SERFIN_VA":65573.39,"SERFIN_EXP":1773.88,"GOBEST_VA":140887.36,"GOBEST_EXP":374.8,"SPRSCT_VA":61223.64,"SPRSCT_EXP":9089.94,"SEAEMP_VA":27720.74,"SEAEMP_EXP":1840.19,"ADPDEF_VA":113558.41,"ADPDEF_EXP":5.82,"EDUCAC_VA":45984.66,"EDUCAC_EXP":62.47,"SALUDH_VA":54501.32,"SALUDH_EXP":44.51,"ESPARC_VA":12920.72,"ESPARC_EXP":189.34,"OTRSER_VA":8250.16,"OTRSER_EXP":131.51,"SERHOG_VA":5544.81,"SERHOG_EXP":0.0}},{"type":"Feature","geometry":{"type":"Point","coordinates":[45.08,23.89]},"properties":{"id":"SAU","name":"Arabia Saudita","continent":"other","year":2020,"AGRPFO_VA":17281.89,"AGRPFO_EXP":313.33,"FORLOG_VA":23.6,"FORLOG_EXP":0.91,"PESCAC_VA":1232.0,"PESCAC_EXP":8.2,"MINCOL_VA":0.0,"MINCOL_EXP":0.0,"PETGAS_VA":129507.18,"PETGAS_EXP":98069.97,"MINORE_VA":779.67,"MINORE_EXP":792.09,"MINOTH_VA":1616.09,"MINOTH_EXP":53.81,"MINSER_VA":645.49,"MINSER_EXP":92.85,"ALYBEB_VA":11270.54,"ALYBEB_EXP":1299.71,"TEXYPR_VA":2870.63,"TEXYPR_EXP":273.81,"MADYPR_VA":808.83,"MADYPR_EXP":20.85,"PAPYPR_VA":3376.62,"PAPYPR_EXP":601.52,"PETREF_VA":20430.89,"PETREF_EXP":14327.51,"QUIMYP_VA":21055.16,"QUIMYP_EXP":22007.73,"FARMED_VA":466.87,"FARMED_EXP":211.85,"HUPLAS_VA":2479.28,"HUPLAS_EXP":690.11,"PRNOMT_VA":4311.74,"PRNOMT_EXP":408.85,"METBAS_VA":789.78,"METBAS_EXP":662.43,"NONFER_VA":537.81,"NONFER_EXP":2512.92,"PRMETA_VA":3949.61,"PRMETA_EXP":734.96,"ELCTRO_VA":108.74,"ELCTRO_EXP":9.67,"ELCTRI_VA":2475.85,"ELCTRI_EXP":644.96,"MAQYEQ_VA":1389.06,"MAQYEQ_EXP":952.03,"AUTOMO_VA":685.24,"AUTOMO_EXP":11.5,"OTRTRA_VA":36.59,"OTRTRA_EXP":17.25,"TRANSP_VA":59.41,"TRANSP_EXP":2.29,"OTRMAN_VA":3210.35,"OTRMAN_EXP":289.72,"ELEGAS_VA":9355.25,"ELEGAS_EXP":22.81,"AGUBAS_VA":2119.73,"AGUBAS_EXP":16.51,"CONSTR_VA":41379.19,"CONSTR_EXP":128.58,"COMREV_VA":57204.37,"COMREV_EXP":16110.35,"TRATIE_VA":7120.82,"TRATIE_EXP":2704.3,"TRAGUA_VA":612.18,"TRAGUA_EXP":355.5,"TRAAIR_VA":2439.23,"TRAAIR_EXP":2416.91,"ALMSTR_VA":6148.99,"ALMSTR_EXP":1988.59,"POSTME_VA":757.06,"POSTME_EXP":43.66,"HOTYRE_VA":12107.76,"HOTYRE_EXP":1976.0,"MMTVRA_VA":1435.92,"MMTVRA_EXP":219.53,"TELECO_VA":15542.45,"TELECO_EXP":333.9,"ITSERV_VA":4015.26,"ITSERV_EXP":13.76,"SERFIN_VA":24477.88,"SERFIN_EXP":1190.82,"GOBEST_VA":25298.62,"GOBEST_EXP":287.65,"SPRSCT_VA":4775.61,"SPRSCT_EXP":131.13,"SEAEMP_VA":7273.35,"SEAEMP_EXP":91.66,"ADPDEF_VA":143739.81,"ADPDEF_EXP":99.13,"EDUCAC_VA":48473.32,"EDUCAC_EXP":179.21,"SALUDH_VA":24917.87,"SALUDH_EXP":113.84,"ESPARC_VA":1933.62,"ESPARC_EXP":137.09,"OTRSER_VA":4975.87,"OTRSER_EXP":87.96,"SERHOG_VA":6407.08,"SERHOG_EXP":0.0}},{"type":"Feature","geometry":{"type":"Point","coordinates":[-14.45,14.5]},"properties":{"id":"SEN","name":"Senegal","continent":"other","year":2020,"AGRPFO_VA":3428.6,"AGRPFO_EXP":324.49,"FORLOG_VA":96.23,"FORLOG_EXP":2.39,"PESCAC_VA":310.1,"PESCAC_EXP":63.29,"MINCOL_VA":17.11,"MINCOL_EXP":2.5,"PETGAS_VA":2.61,"PETGAS_EXP":0.21,"MINORE_VA":584.31,"MINORE_EXP":218.72,"MINOTH_VA":331.36,"MINOTH_EXP":49.37,"MINSER_VA":85.49,"MINSER_EXP":1.3,"ALYBEB_VA":1754.27,"ALYBEB_EXP":897.65,"TEXYPR_VA":484.26,"TEXYPR_EXP":109.52,"MADYPR_VA":118.73,"MADYPR_EXP":6.05,"PAPYPR_VA":126.07,"PAPYPR_EXP":8.2,"PETREF_VA":51.72,"PETREF_EXP":334.49,"QUIMYP_VA":251.35,"QUIMYP_EXP":508.37,"FARMED_VA":19.75,"FARMED_EXP":8.62,"HUPLAS_VA":110.67,"HUPLAS_EXP":33.34,"PRNOMT_VA":172.23,"PRNOMT_EXP":135.78,"METBAS_VA":154.64,"METBAS_EXP":121.0,"NONFER_VA":7.59,"NONFER_EXP":56.95,"PRMETA_VA":147.66,"PRMETA_EXP":11.15,"ELCTRO_VA":2.21,"ELCTRO_EXP":1.09,"ELCTRI_VA":33.23,"ELCTRI_EXP":16.16,"MAQYEQ_VA":4.11,"MAQYEQ_EXP":6.8,"AUTOMO_VA":1.95,"AUTOMO_EXP":1.89,"OTRTRA_VA":23.02,"OTRTRA_EXP":6.29,"TRANSP_VA":58.11,"TRANSP_EXP":2.78,"OTRMAN_VA":156.08,"OTRMAN_EXP":42.43,"ELEGAS_VA":310.53,"ELEGAS_EXP":12.78,"AGUBAS_VA":197.18,"AGUBAS_EXP":0.18,"CONSTR_VA":678.08,"CONSTR_EXP":1.04,"COMREV_VA":3019.17,"COMREV_EXP":446.65,"TRATIE_VA":465.09,"TRATIE_EXP":75.77,"TRAGUA_VA":8.91,"TRAGUA_EXP":4.12,"TRAAIR_VA":50.43,"TRAAIR_EXP":17.08,"ALMSTR_VA":282.16,"ALMSTR_EXP":69.45,"POSTME_VA":8.62,"POSTME_EXP":0.85,"HOTYRE_VA":264.52,"HOTYRE_EXP":46.75,"MMTVRA_VA":104.4,"MMTVRA_EXP":17.72,"TELECO_VA":679.84,"TELECO_EXP":87.34,"ITSERV_VA":107.51,"ITSERV_EXP":25.7,"SERFIN_VA":566.68,"SERFIN_EXP":37.9,"GOBEST_VA":1923.11,"GOBEST_EXP":18.4,"SPRSCT_VA":1547.5,"SPRSCT_EXP":351.86,"SEAEMP_VA":544.72,"SEAEMP_EXP":56.39,"ADPDEF_VA":1381.9,"ADPDEF_EXP":0.4,"EDUCAC_VA":1092.97,"EDUCAC_EXP":2.81,"SALUDH_VA":365.32,"SALUDH_EXP":2.38,"ESPARC_VA":59.16,"ESPARC_EXP":4.68,"OTRSER_VA":205.6,"OTRSER_EXP":2.75,"SERHOG_VA":125.8,"SERHOG_EXP":0.0}},{"type":"Feature","geometry":{"type":"Point","coordinates":[103.82,1.35]},"properties":{"id":"SGP","name":"Singapur","continent":"asia","year":2020,"AGRPFO_VA":38.63,"AGRPFO_EXP":46.69,"FORLOG_VA":0.0,"FORLOG_EXP":0.0,"PESCAC_VA":22.51,"PESCAC_EXP":5.02,"MINCOL_VA":0.0,"MINCOL_EXP":0.0,"PETGAS_VA":0.0,"PETGAS_EXP":0.0,"MINORE_VA":0.0,"MINORE_EXP":0.0,"MINOTH_VA":0.0,"MINOTH_EXP":0.0,"MINSER_VA":0.0,"MINSER_EXP":0.0,"ALYBEB_VA":3561.34,"ALYBEB_EXP":6290.89,"TEXYPR_VA":89.65,"TEXYPR_EXP":277.9,"MADYPR_VA":79.97,"MADYPR_EXP":29.37,"PAPYPR_VA":674.64,"PAPYPR_EXP":1216.57,"PETREF_VA":503.96,"PETREF_EXP":9152.9,"QUIMYP_VA":8332.49,"QUIMYP_EXP":21000.39,"FARMED_VA":5955.0,"FARMED_EXP":7982.58,"HUPLAS_VA":605.22,"HUPLAS_EXP":1126.52,"PRNOMT_VA":192.57,"PRNOMT_EXP":336.9,"METBAS_VA":178.64,"METBAS_EXP":426.69,"NONFER_VA":370.19,"NONFER_EXP":613.0,"PRMETA_VA":1138.25,"PRMETA_EXP":1548.72,"ELCTRO_VA":30025.7,"ELCTRO_EXP":80252.37,"ELCTRI_VA":665.22,"ELCTRI_EXP":1995.13,"MAQYEQ_VA":6613.7,"MAQYEQ_EXP":15430.76,"AUTOMO_VA":157.3,"AUTOMO_EXP":586.18,"OTRTRA_VA":862.35,"OTRTRA_EXP":4123.61,"TRANSP_VA":3151.63,"TRANSP_EXP":4133.85,"OTRMAN_VA":5643.88,"OTRMAN_EXP":7898.07,"ELEGAS_VA":4446.5,"ELEGAS_EXP":276.45,"AGUBAS_VA":1402.49,"AGUBAS_EXP":23.99,"CONSTR_VA":8476.13,"CONSTR_EXP":180.06,"COMREV_VA":66338.87,"COMREV_EXP":67067.06,"TRATIE_VA":3749.39,"TRATIE_EXP":1507.81,"TRAGUA_VA":6234.93,"TRAGUA_EXP":60239.06,"TRAAIR_VA":2980.8,"TRAAIR_EXP":6545.16,"ALMSTR_VA":9140.9,"ALMSTR_EXP":13892.84,"POSTME_VA":668.76,"POSTME_EXP":1036.45,"HOTYRE_VA":4985.07,"HOTYRE_EXP":1840.82,"MMTVRA_VA":3683.04,"MMTVRA_EXP":9164.84,"TELECO_VA":4296.77,"TELECO_EXP":3375.02,"ITSERV_VA":11617.48,"ITSERV_EXP":42299.03,"SERFIN_VA":49518.47,"SERFIN_EXP":51436.74,"GOBEST_VA":21012.19,"GOBEST_EXP":1401.85,"SPRSCT_VA":25733.65,"SPRSCT_EXP":20065.21,"SEAEMP_VA":13181.11,"SEAEMP_EXP":7504.53,"ADPDEF_VA":9760.9,"ADPDEF_EXP":343.6,"EDUCAC_VA":10191.78,"EDUCAC_EXP":715.13,"SALUDH_VA":11493.69,"SALUDH_EXP":141.97,"ESPARC_VA":2025.01,"ESPARC_EXP":393.78,"OTRSER_VA":1709.72,"OTRSER_EXP":182.76,"SERHOG_VA":1761.45,"SERHOG_EXP":0.0}},{"type":"Feature","geometry":{"type":"Point","coordinates":[6.61,0.19]},"properties":{"id":"STP","name":"S. Tomé y Príncipe","continent":"other","year":2020,"AGRPFO_VA":25.71,"AGRPFO_EXP":6.04,"FORLOG_VA":0.13,"FORLOG_EXP":0.02,"PESCAC_VA":35.42,"PESCAC_EXP":0.12,"MINCOL_VA":0.03,"MINCOL_EXP":0.0,"PETGAS_VA":0.59,"PETGAS_EXP":0.04,"MINORE_VA":0.02,"MINORE_EXP":0.01,"MINOTH_VA":0.36,"MINOTH_EXP":0.03,"MINSER_VA":0.21,"MINSER_EXP":0.04,"ALYBEB_VA":10.08,"ALYBEB_EXP":3.49,"TEXYPR_VA":0.03,"TEXYPR_EXP":0.06,"MADYPR_VA":0.03,"MADYPR_EXP":0.0,"PAPYPR_VA":0.04,"PAPYPR_EXP":0.01,"PETREF_VA":0.19,"PETREF_EXP":0.03,"QUIMYP_VA":0.09,"QUIMYP_EXP":0.01,"FARMED_VA":0.06,"FARMED_EXP":0.01,"HUPLAS_VA":0.06,"HUPLAS_EXP":0.01,"PRNOMT_VA":0.22,"PRNOMT_EXP":0.02,"METBAS_VA":0.0,"METBAS_EXP":0.0,"NONFER_VA":0.0,"NONFER_EXP":0.0,"PRMETA_VA":0.03,"PRMETA_EXP":0.0,"ELCTRO_VA":0.01,"ELCTRO_EXP":0.01,"ELCTRI_VA":0.01,"ELCTRI_EXP":0.0,"MAQYEQ_VA":0.01,"MAQYEQ_EXP":0.0,"AUTOMO_VA":0.02,"AUTOMO_EXP":0.0,"OTRTRA_VA":0.0,"OTRTRA_EXP":0.0,"TRANSP_VA":0.0,"TRANSP_EXP":0.0,"OTRMAN_VA":0.07,"OTRMAN_EXP":0.02,"ELEGAS_VA":6.37,"ELEGAS_EXP":0.09,"AGUBAS_VA":4.91,"AGUBAS_EXP":0.17,"CONSTR_VA":15.74,"CONSTR_EXP":0.24,"COMREV_VA":82.84,"COMREV_EXP":5.34,"TRATIE_VA":29.25,"TRATIE_EXP":1.52,"TRAGUA_VA":0.62,"TRAGUA_EXP":0.27,"TRAAIR_VA":3.91,"TRAAIR_EXP":0.84,"ALMSTR_VA":20.13,"ALMSTR_EXP":2.9,"POSTME_VA":6.5,"POSTME_EXP":0.09,"HOTYRE_VA":48.65,"HOTYRE_EXP":5.12,"MMTVRA_VA":4.81,"MMTVRA_EXP":0.73,"TELECO_VA":8.58,"TELECO_EXP":1.16,"ITSERV_VA":7.8,"ITSERV_EXP":3.37,"SERFIN_VA":44.88,"SERFIN_EXP":10.59,"GOBEST_VA":2.18,"GOBEST_EXP":0.47,"SPRSCT_VA":1.78,"SPRSCT_EXP":1.33,"SEAEMP_VA":1.85,"SEAEMP_EXP":0.81,"ADPDEF_VA":47.84,"ADPDEF_EXP":0.17,"EDUCAC_VA":16.75,"EDUCAC_EXP":0.35,"SALUDH_VA":10.78,"SALUDH_EXP":0.27,"ESPARC_VA":8.93,"ESPARC_EXP":1.31,"OTRSER_VA":12.09,"OTRSER_EXP":0.46,"SERHOG_VA":8.3,"SERHOG_EXP":0.0}},{"type":"Feature","geometry":{"type":"Point","coordinates":[19.7,48.67]},"properties":{"id":"SVK","name":"Eslovaquia","continent":"europe","year":2020,"AGRPFO_VA":1253.04,"AGRPFO_EXP":796.18,"FORLOG_VA":709.39,"FORLOG_EXP":153.71,"PESCAC_VA":4.57,"PESCAC_EXP":2.33,"MINCOL_VA":53.06,"MINCOL_EXP":16.29,"PETGAS_VA":0.29,"PETGAS_EXP":0.06,"MINORE_VA":10.74,"MINORE_EXP":9.45,"MINOTH_VA":90.74,"MINOTH_EXP":98.0,"MINSER_VA":99.43,"MINSER_EXP":2.1,"ALYBEB_VA":1501.22,"ALYBEB_EXP":1482.62,"TEXYPR_VA":677.02,"TEXYPR_EXP":1039.16,"MADYPR_VA":625.49,"MADYPR_EXP":503.05,"PAPYPR_VA":518.47,"PAPYPR_EXP":1103.14,"PETREF_VA":671.86,"PETREF_EXP":1583.85,"QUIMYP_VA":454.93,"QUIMYP_EXP":1481.33,"FARMED_VA":94.74,"FARMED_EXP":188.16,"HUPLAS_VA":1570.9,"HUPLAS_EXP":3315.4,"PRNOMT_VA":805.6,"PRNOMT_EXP":871.45,"METBAS_VA":724.91,"METBAS_EXP":1729.35,"NONFER_VA":232.21,"NONFER_EXP":549.12,"PRMETA_VA":2460.63,"PRMETA_EXP":3492.27,"ELCTRO_VA":645.84,"ELCTRO_EXP":2952.8,"ELCTRI_VA":1112.89,"ELCTRI_EXP":3072.03,"MAQYEQ_VA":1629.99,"MAQYEQ_EXP":4639.04,"AUTOMO_VA":5423.17,"AUTOMO_EXP":27407.85,"OTRTRA_VA":1.3,"OTRTRA_EXP":0.43,"TRANSP_VA":155.77,"TRANSP_EXP":191.4,"OTRMAN_VA":1263.89,"OTRMAN_EXP":1011.96,"ELEGAS_VA":3399.36,"ELEGAS_EXP":594.89,"AGUBAS_VA":993.83,"AGUBAS_EXP":44.78,"CONSTR_VA":7602.68,"CONSTR_EXP":311.35,"COMREV_VA":11615.2,"COMREV_EXP":5970.79,"TRATIE_VA":3906.17,"TRATIE_EXP":2816.42,"TRAGUA_VA":61.55,"TRAGUA_EXP":20.32,"TRAAIR_VA":53.65,"TRAAIR_EXP":107.64,"ALMSTR_VA":2385.42,"ALMSTR_EXP":973.86,"POSTME_VA":395.0,"POSTME_EXP":145.45,"HOTYRE_VA":1433.64,"HOTYRE_EXP":428.58,"MMTVRA_VA":495.42,"MMTVRA_EXP":221.5,"TELECO_VA":1427.18,"TELECO_EXP":472.17,"ITSERV_VA":2910.17,"ITSERV_EXP":1507.23,"SERFIN_VA":2914.74,"SERFIN_EXP":356.93,"GOBEST_VA":10080.53,"GOBEST_EXP":200.97,"SPRSCT_VA":5586.8,"SPRSCT_EXP":2561.08,"SEAEMP_VA":3087.91,"SEAEMP_EXP":729.88,"ADPDEF_VA":7929.82,"ADPDEF_EXP":34.89,"EDUCAC_VA":4031.08,"EDUCAC_EXP":130.05,"SALUDH_VA":4257.13,"SALUDH_EXP":76.43,"ESPARC_VA":1763.31,"ESPARC_EXP":109.78,"OTRSER_VA":869.19,"OTRSER_EXP":84.67,"SERHOG_VA":50.34,"SERHOG_EXP":0.0}},{"type":"Feature","geometry":{"type":"Point","coordinates":[14.99,46.15]},"properties":{"id":"SVN","name":"Eslovenia","continent":"europe","year":2020,"AGRPFO_VA":787.2,"AGRPFO_EXP":380.38,"FORLOG_VA":295.66,"FORLOG_EXP":114.74,"PESCAC_VA":5.72,"PESCAC_EXP":5.35,"MINCOL_VA":156.99,"MINCOL_EXP":4.04,"PETGAS_VA":0.0,"PETGAS_EXP":0.0,"MINORE_VA":4.49,"MINORE_EXP":7.1,"MINOTH_VA":64.65,"MINOTH_EXP":60.1,"MINSER_VA":0.58,"MINSER_EXP":1.07,"ALYBEB_VA":821.48,"ALYBEB_EXP":696.22,"TEXYPR_VA":286.07,"TEXYPR_EXP":504.1,"MADYPR_VA":369.67,"MADYPR_EXP":575.2,"PAPYPR_VA":449.5,"PAPYPR_EXP":703.85,"PETREF_VA":0.67,"PETREF_EXP":0.09,"QUIMYP_VA":528.46,"QUIMYP_EXP":1175.71,"FARMED_VA":1645.02,"FARMED_EXP":2200.54,"HUPLAS_VA":851.75,"HUPLAS_EXP":1344.33,"PRNOMT_VA":418.02,"PRNOMT_EXP":572.17,"METBAS_VA":189.17,"METBAS_EXP":575.26,"NONFER_VA":320.84,"NONFER_EXP":621.48,"PRMETA_VA":1492.34,"PRMETA_EXP":1532.41,"ELCTRO_VA":393.11,"ELCTRO_EXP":622.03,"ELCTRI_VA":1090.51,"ELCTRI_EXP":2430.66,"MAQYEQ_VA":918.65,"MAQYEQ_EXP":1691.57,"AUTOMO_VA":899.98,"AUTOMO_EXP":3062.47,"OTRTRA_VA":11.34,"OTRTRA_EXP":34.13,"TRANSP_VA":39.06,"TRANSP_EXP":71.82,"OTRMAN_VA":821.93,"OTRMAN_EXP":779.73,"ELEGAS_VA":1100.77,"ELEGAS_EXP":663.21,"AGUBAS_VA":503.77,"AGUBAS_EXP":64.34,"CONSTR_VA":2924.58,"CONSTR_EXP":195.08,"COMREV_VA":5813.59,"COMREV_EXP":3281.35,"TRATIE_VA":1881.01,"TRATIE_EXP":2119.45,"TRAGUA_VA":52.1,"TRAGUA_EXP":53.83,"TRAAIR_VA":23.24,"TRAAIR_EXP":40.41,"ALMSTR_VA":1057.06,"ALMSTR_EXP":885.3,"POSTME_VA":243.18,"POSTME_EXP":35.99,"HOTYRE_VA":771.61,"HOTYRE_EXP":555.98,"MMTVRA_VA":304.99,"MMTVRA_EXP":245.82,"TELECO_VA":593.77,"TELECO_EXP":361.4,"ITSERV_VA":1208.96,"ITSERV_EXP":359.49,"SERFIN_VA":1881.51,"SERFIN_EXP":293.02,"GOBEST_VA":3552.01,"GOBEST_EXP":135.89,"SPRSCT_VA":3353.78,"SPRSCT_EXP":1119.53,"SEAEMP_VA":1245.68,"SEAEMP_EXP":625.48,"ADPDEF_VA":3069.22,"ADPDEF_EXP":39.61,"EDUCAC_VA":2725.22,"EDUCAC_EXP":90.72,"SALUDH_VA":3050.47,"SALUDH_EXP":43.72,"ESPARC_VA":522.42,"ESPARC_EXP":76.84,"OTRSER_VA":489.43,"OTRSER_EXP":52.47,"SERHOG_VA":38.01,"SERHOG_EXP":0.0}},{"type":"Feature","geometry":{"type":"Point","coordinates":[18.64,60.13]},"properties":{"id":"SWE","name":"Suecia","continent":"europe","year":2020,"AGRPFO_VA":3702.06,"AGRPFO_EXP":785.33,"FORLOG_VA":3091.94,"FORLOG_EXP":124.65,"PESCAC_VA":143.86,"PESCAC_EXP":222.01,"MINCOL_VA":99.46,"MINCOL_EXP":9.12,"PETGAS_VA":29.84,"PETGAS_EXP":0.99,"MINORE_VA":3170.64,"MINORE_EXP":4154.49,"MINOTH_VA":405.2,"MINOTH_EXP":73.46,"MINSER_VA":135.35,"MINSER_EXP":161.37,"ALYBEB_VA":5843.11,"ALYBEB_EXP":3748.45,"TEXYPR_VA":544.22,"TEXYPR_EXP":798.58,"MADYPR_VA":2795.78,"MADYPR_EXP":3035.86,"PAPYPR_VA":5522.43,"PAPYPR_EXP":9440.33,"PETREF_VA":165.44,"PETREF_EXP":4572.64,"QUIMYP_VA":3755.78,"QUIMYP_EXP":5419.95,"FARMED_VA":7240.27,"FARMED_EXP":9774.76,"HUPLAS_VA":2132.23,"HUPLAS_EXP":3276.7,"PRNOMT_VA":2058.81,"PRNOMT_EXP":962.74,"METBAS_VA":3425.62,"METBAS_EXP":4763.12,"NONFER_VA":1317.72,"NONFER_EXP":2458.6,"PRMETA_VA":6064.16,"PRMETA_EXP":3852.4,"ELCTRO_VA":2898.96,"ELCTRO_EXP":3540.05,"ELCTRI_VA":2248.42,"ELCTRI_EXP":4609.22,"MAQYEQ_VA":9885.76,"MAQYEQ_EXP":14097.5,"AUTOMO_VA":11441.42,"AUTOMO_EXP":19690.57,"OTRTRA_VA":420.02,"OTRTRA_EXP":276.02,"TRANSP_VA":2155.28,"TRANSP_EXP":730.0,"OTRMAN_VA":4160.28,"OTRMAN_EXP":4017.92,"ELEGAS_VA":11675.33,"ELEGAS_EXP":2011.04,"AGUBAS_VA":3361.22,"AGUBAS_EXP":80.51,"CONSTR_VA":33823.92,"CONSTR_EXP":777.44,"COMREV_VA":57258.42,"COMREV_EXP":24918.91,"TRATIE_VA":11815.63,"TRATIE_EXP":3375.59,"TRAGUA_VA":779.2,"TRAGUA_EXP":860.91,"TRAAIR_VA":68.29,"TRAAIR_EXP":982.89,"ALMSTR_VA":8630.67,"ALMSTR_EXP":5613.85,"POSTME_VA":3758.85,"POSTME_EXP":483.73,"HOTYRE_VA":6104.44,"HOTYRE_EXP":2840.55,"MMTVRA_VA":7261.77,"MMTVRA_EXP":4694.7,"TELECO_VA":6455.9,"TELECO_EXP":2794.77,"ITSERV_VA":26093.58,"ITSERV_EXP":12718.26,"SERFIN_VA":21098.37,"SERFIN_EXP":5278.52,"GOBEST_VA":46205.63,"GOBEST_EXP":918.86,"SPRSCT_VA":40712.4,"SPRSCT_EXP":16104.32,"SEAEMP_VA":16569.73,"SEAEMP_EXP":6539.56,"ADPDEF_VA":22126.0,"ADPDEF_EXP":321.76,"EDUCAC_VA":29257.26,"EDUCAC_EXP":326.91,"SALUDH_VA":54057.7,"SALUDH_EXP":403.87,"ESPARC_VA":6486.45,"ESPARC_EXP":733.72,"OTRSER_VA":7319.36,"OTRSER_EXP":253.81,"SERHOG_VA":286.38,"SERHOG_EXP":0.0}},{"type":"Feature","geometry":{"type":"Point","coordinates":[100.99,15.87]},"properties":{"id":"THA","name":"Tailandia","continent":"asia","year":2020,"AGRPFO_VA":34254.38,"AGRPFO_EXP":7939.38,"FORLOG_VA":351.74,"FORLOG_EXP":29.5,"PESCAC_VA":3455.23,"PESCAC_EXP":105.29,"MINCOL_VA":305.27,"MINCOL_EXP":4.06,"PETGAS_VA":6982.6,"PETGAS_EXP":40.32,"MINORE_VA":74.72,"MINORE_EXP":106.92,"MINOTH_VA":2013.58,"MINOTH_EXP":310.53,"MINSER_VA":1856.06,"MINSER_EXP":60.09,"ALYBEB_VA":26616.13,"ALYBEB_EXP":23896.31,"TEXYPR_VA":6739.07,"TEXYPR_EXP":6957.46,"MADYPR_VA":1463.98,"MADYPR_EXP":1676.93,"PAPYPR_VA":2100.28,"PAPYPR_EXP":1573.07,"PETREF_VA":10669.67,"PETREF_EXP":6590.68,"QUIMYP_VA":10511.76,"QUIMYP_EXP":16471.54,"FARMED_VA":1589.34,"FARMED_EXP":393.55,"HUPLAS_VA":8136.36,"HUPLAS_EXP":13246.31,"PRNOMT_VA":4821.13,"PRNOMT_EXP":2172.12,"METBAS_VA":2073.83,"METBAS_EXP":1379.49,"NONFER_VA":1281.22,"NONFER_EXP":3472.43,"PRMETA_VA":4081.63,"PRMETA_EXP":4973.95,"ELCTRO_VA":12399.08,"ELCTRO_EXP":36477.52,"ELCTRI_VA":6095.17,"ELCTRI_EXP":10639.67,"MAQYEQ_VA":5479.3,"MAQYEQ_EXP":10753.44,"AUTOMO_VA":8825.56,"AUTOMO_EXP":21480.08,"OTRTRA_VA":1032.41,"OTRTRA_EXP":1115.97,"TRANSP_VA":1221.42,"TRANSP_EXP":3885.89,"OTRMAN_VA":6944.14,"OTRMAN_EXP":11767.59,"ELEGAS_VA":11095.89,"ELEGAS_EXP":229.45,"AGUBAS_VA":1925.56,"AGUBAS_EXP":0.29,"CONSTR_VA":12443.15,"CONSTR_EXP":0.43,"COMREV_VA":92317.66,"COMREV_EXP":26792.81,"TRATIE_VA":10186.63,"TRATIE_EXP":5264.1,"TRAGUA_VA":4177.93,"TRAGUA_EXP":4417.21,"TRAAIR_VA":1930.44,"TRAAIR_EXP":5182.13,"ALMSTR_VA":3889.03,"ALMSTR_EXP":387.94,"POSTME_VA":1670.68,"POSTME_EXP":385.93,"HOTYRE_VA":17602.08,"HOTYRE_EXP":2504.53,"MMTVRA_VA":1432.09,"MMTVRA_EXP":221.68,"TELECO_VA":7313.71,"TELECO_EXP":1788.67,"ITSERV_VA":3372.01,"ITSERV_EXP":559.97,"SERFIN_VA":35502.83,"SERFIN_EXP":1321.67,"GOBEST_VA":13739.56,"GOBEST_EXP":1749.64,"SPRSCT_VA":7697.97,"SPRSCT_EXP":1082.63,"SEAEMP_VA":5998.16,"SEAEMP_EXP":3499.22,"ADPDEF_VA":28350.32,"ADPDEF_EXP":0.47,"EDUCAC_VA":19251.0,"EDUCAC_EXP":1.22,"SALUDH_VA":12776.22,"SALUDH_EXP":369.53,"ESPARC_VA":2844.99,"ESPARC_EXP":127.49,"OTRSER_VA":5680.73,"OTRSER_EXP":810.21,"SERHOG_VA":792.58,"SERHOG_EXP":0.0}},{"type":"Feature","geometry":{"type":"Point","coordinates":[9.54,33.89]},"properties":{"id":"TUN","name":"Túnez","continent":"other","year":2020,"AGRPFO_VA":2989.8,"AGRPFO_EXP":401.57,"FORLOG_VA":428.27,"FORLOG_EXP":3.52,"PESCAC_VA":642.3,"PESCAC_EXP":67.66,"MINCOL_VA":364.0,"MINCOL_EXP":0.16,"PETGAS_VA":1151.31,"PETGAS_EXP":630.11,"MINORE_VA":5.16,"MINORE_EXP":1.07,"MINOTH_VA":203.96,"MINOTH_EXP":59.94,"MINSER_VA":87.31,"MINSER_EXP":1.55,"ALYBEB_VA":1140.66,"ALYBEB_EXP":1547.64,"TEXYPR_VA":1495.82,"TEXYPR_EXP":2238.15,"MADYPR_VA":159.27,"MADYPR_EXP":35.63,"PAPYPR_VA":200.96,"PAPYPR_EXP":175.64,"PETREF_VA":26.99,"PETREF_EXP":361.08,"QUIMYP_VA":301.95,"QUIMYP_EXP":661.41,"FARMED_VA":196.53,"FARMED_EXP":61.56,"HUPLAS_VA":111.58,"HUPLAS_EXP":211.92,"PRNOMT_VA":535.77,"PRNOMT_EXP":167.89,"METBAS_VA":81.96,"METBAS_EXP":221.25,"NONFER_VA":58.78,"NONFER_EXP":158.25,"PRMETA_VA":527.13,"PRMETA_EXP":573.63,"ELCTRO_VA":278.36,"ELCTRO_EXP":521.37,"ELCTRI_VA":757.37,"ELCTRI_EXP":1579.15,"MAQYEQ_VA":399.31,"MAQYEQ_EXP":235.63,"AUTOMO_VA":362.45,"AUTOMO_EXP":687.2,"OTRTRA_VA":20.53,"OTRTRA_EXP":33.43,"TRANSP_VA":51.59,"TRANSP_EXP":69.9,"OTRMAN_VA":264.69,"OTRMAN_EXP":188.54,"ELEGAS_VA":388.04,"ELEGAS_EXP":7.63,"AGUBAS_VA":164.51,"AGUBAS_EXP":0.6,"CONSTR_VA":1755.11,"CONSTR_EXP":10.65,"COMREV_VA":3697.22,"COMREV_EXP":1278.97,"TRATIE_VA":1754.43,"TRATIE_EXP":442.05,"TRAGUA_VA":120.52,"TRAGUA_EXP":110.12,"TRAAIR_VA":172.06,"TRAAIR_EXP":220.02,"ALMSTR_VA":925.52,"ALMSTR_EXP":246.38,"POSTME_VA":366.27,"POSTME_EXP":31.79,"HOTYRE_VA":1771.69,"HOTYRE_EXP":304.39,"MMTVRA_VA":178.46,"MMTVRA_EXP":30.7,"TELECO_VA":1166.97,"TELECO_EXP":151.17,"ITSERV_VA":535.06,"ITSERV_EXP":85.79,"SERFIN_VA":1730.83,"SERFIN_EXP":141.97,"GOBEST_VA":1645.64,"GOBEST_EXP":52.24,"SPRSCT_VA":1194.76,"SPRSCT_EXP":261.52,"SEAEMP_VA":887.03,"SEAEMP_EXP":85.15,"ADPDEF_VA":4891.53,"ADPDEF_EXP":0.1,"EDUCAC_VA":2845.29,"EDUCAC_EXP":18.13,"SALUDH_VA":86.81,"SALUDH_EXP":12.08,"ESPARC_VA":59.35,"ESPARC_EXP":35.09,"OTRSER_VA":83.59,"OTRSER_EXP":15.83,"SERHOG_VA":140.12,"SERHOG_EXP":0.0}},{"type":"Feature","geometry":{"type":"Point","coordinates":[35.24,38.96]},"properties":{"id":"TUR","name":"Turquía","continent":"europe","year":2020,"AGRPFO_VA":47952.97,"AGRPFO_EXP":7343.89,"FORLOG_VA":1515.74,"FORLOG_EXP":16.94,"PESCAC_VA":1441.87,"PESCAC_EXP":400.52,"MINCOL_VA":2126.98,"MINCOL_EXP":4.82,"PETGAS_VA":1172.89,"PETGAS_EXP":80.73,"MINORE_VA":3171.76,"MINORE_EXP":3809.19,"MINOTH_VA":1807.98,"MINOTH_EXP":701.07,"MINSER_VA":366.9,"MINSER_EXP":2.61,"ALYBEB_VA":17787.29,"ALYBEB_EXP":8393.35,"TEXYPR_VA":24673.42,"TEXYPR_EXP":22105.67,"MADYPR_VA":2020.83,"MADYPR_EXP":788.16,"PAPYPR_VA":4533.62,"PAPYPR_EXP":2200.44,"PETREF_VA":1806.81,"PETREF_EXP":3471.16,"QUIMYP_VA":7666.26,"QUIMYP_EXP":7125.1,"FARMED_VA":2688.63,"FARMED_EXP":942.42,"HUPLAS_VA":8001.07,"HUPLAS_EXP":6051.71,"PRNOMT_VA":8756.26,"PRNOMT_EXP":3944.89,"METBAS_VA":5999.72,"METBAS_EXP":8249.04,"NONFER_VA":1725.13,"NONFER_EXP":3265.5,"PRMETA_VA":9322.02,"PRMETA_EXP":6944.73,"ELCTRO_VA":1514.12,"ELCTRO_EXP":1752.68,"ELCTRI_VA":4733.18,"ELCTRI_EXP":8846.6,"MAQYEQ_VA":5912.2,"MAQYEQ_EXP":8613.29,"AUTOMO_VA":6848.9,"AUTOMO_EXP":18026.36,"OTRTRA_VA":436.2,"OTRTRA_EXP":718.21,"TRANSP_VA":1092.94,"TRANSP_EXP":862.21,"OTRMAN_VA":10329.38,"OTRMAN_EXP":5284.37,"ELEGAS_VA":13625.07,"ELEGAS_EXP":92.1,"AGUBAS_VA":5706.04,"AGUBAS_EXP":16.68,"CONSTR_VA":42957.46,"CONSTR_EXP":853.13,"COMREV_VA":94681.77,"COMREV_EXP":24067.94,"TRATIE_VA":45045.06,"TRATIE_EXP":7264.5,"TRAGUA_VA":3999.51,"TRAGUA_EXP":2620.73,"TRAAIR_VA":2467.72,"TRAAIR_EXP":5933.27,"ALMSTR_VA":11359.73,"ALMSTR_EXP":2624.39,"POSTME_VA":2013.49,"POSTME_EXP":299.81,"HOTYRE_VA":16440.55,"HOTYRE_EXP":4725.26,"MMTVRA_VA":2842.78,"MMTVRA_EXP":312.15,"TELECO_VA":6768.9,"TELECO_EXP":778.5,"ITSERV_VA":11567.4,"ITSERV_EXP":1886.7,"SERFIN_VA":27785.47,"SERFIN_EXP":3545.2,"GOBEST_VA":53411.66,"GOBEST_EXP":874.71,"SPRSCT_VA":17022.5,"SPRSCT_EXP":1500.34,"SEAEMP_VA":17930.26,"SEAEMP_EXP":4239.88,"ADPDEF_VA":39858.85,"ADPDEF_EXP":176.93,"EDUCAC_VA":30765.12,"EDUCAC_EXP":736.86,"SALUDH_VA":21615.14,"SALUDH_EXP":175.89,"ESPARC_VA":9646.94,"ESPARC_EXP":580.84,"OTRSER_VA":6811.26,"OTRSER_EXP":270.66,"SERHOG_VA":245.18,"SERHOG_EXP":0.0}},{"type":"Feature","geometry":{"type":"Point","coordinates":[120.96,23.7]},"properties":{"id":"TWN","name":"Taiwán","continent":"asia","year":2020,"AGRPFO_VA":9121.43,"AGRPFO_EXP":483.85,"FORLOG_VA":47.18,"FORLOG_EXP":4.07,"PESCAC_VA":1182.11,"PESCAC_EXP":1102.76,"MINCOL_VA":109.77,"MINCOL_EXP":44.58,"PETGAS_VA":344.82,"PETGAS_EXP":24.29,"MINORE_VA":80.27,"MINORE_EXP":151.4,"MINOTH_VA":696.09,"MINOTH_EXP":58.28,"MINSER_VA":372.31,"MINSER_EXP":10.47,"ALYBEB_VA":11291.36,"ALYBEB_EXP":3365.65,"TEXYPR_VA":4986.73,"TEXYPR_EXP":5827.87,"MADYPR_VA":434.38,"MADYPR_EXP":147.22,"PAPYPR_VA":3829.62,"PAPYPR_EXP":1784.74,"PETREF_VA":4442.29,"PETREF_EXP":10300.49,"QUIMYP_VA":16038.94,"QUIMYP_EXP":25766.46,"FARMED_VA":2007.88,"FARMED_EXP":782.12,"HUPLAS_VA":7073.89,"HUPLAS_EXP":7638.59,"PRNOMT_VA":4097.58,"PRNOMT_EXP":1948.74,"METBAS_VA":7490.67,"METBAS_EXP":7056.82,"NONFER_VA":2040.1,"NONFER_EXP":5526.99,"PRMETA_VA":11751.16,"PRMETA_EXP":13450.13,"ELCTRO_VA":111156.34,"ELCTRO_EXP":164757.19,"ELCTRI_VA":5941.31,"ELCTRI_EXP":11009.8,"MAQYEQ_VA":9805.07,"MAQYEQ_EXP":18834.61,"AUTOMO_VA":4646.0,"AUTOMO_EXP":5710.55,"OTRTRA_VA":3616.58,"OTRTRA_EXP":506.22,"TRANSP_VA":3530.94,"TRANSP_EXP":5643.92,"OTRMAN_VA":7790.67,"OTRMAN_EXP":3225.02,"ELEGAS_VA":9947.16,"ELEGAS_EXP":87.88,"AGUBAS_VA":3828.4,"AGUBAS_EXP":4.79,"CONSTR_VA":19235.62,"CONSTR_EXP":381.67,"COMREV_VA":102924.03,"COMREV_EXP":40879.12,"TRATIE_VA":7721.29,"TRATIE_EXP":3226.66,"TRAGUA_VA":1809.67,"TRAGUA_EXP":3914.68,"TRAAIR_VA":2263.71,"TRAAIR_EXP":4597.38,"ALMSTR_VA":5329.77,"ALMSTR_EXP":3797.37,"POSTME_VA":1456.33,"POSTME_EXP":53.24,"HOTYRE_VA":16022.58,"HOTYRE_EXP":676.7,"MMTVRA_VA":3543.01,"MMTVRA_EXP":1514.96,"TELECO_VA":7630.98,"TELECO_EXP":825.57,"ITSERV_VA":8925.97,"ITSERV_EXP":2428.72,"SERFIN_VA":44173.72,"SERFIN_EXP":3332.21,"GOBEST_VA":54109.93,"GOBEST_EXP":128.25,"SPRSCT_VA":15125.03,"SPRSCT_EXP":4562.34,"SEAEMP_VA":11020.04,"SEAEMP_EXP":1870.92,"ADPDEF_VA":37968.05,"ADPDEF_EXP":0.94,"EDUCAC_VA":24911.86,"EDUCAC_EXP":166.55,"SALUDH_VA":20704.24,"SALUDH_EXP":1041.09,"ESPARC_VA":5336.22,"ESPARC_EXP":581.82,"OTRSER_VA":15864.89,"OTRSER_EXP":15.09,"SERHOG_VA":3742.75,"SERHOG_EXP":0.0}},{"type":"Feature","geometry":{"type":"Point","coordinates":[31.17,48.38]},"properties":{"id":"UKR","name":"Ucrania","continent":"europe","year":2020,"AGRPFO_VA":14415.06,"AGRPFO_EXP":8941.0,"FORLOG_VA":1584.95,"FORLOG_EXP":13.55,"PESCAC_VA":41.79,"PESCAC_EXP":1.8,"MINCOL_VA":1192.44,"MINCOL_EXP":0.66,"PETGAS_VA":2466.67,"PETGAS_EXP":20.77,"MINORE_VA":3138.42,"MINORE_EXP":2691.19,"MINOTH_VA":656.56,"MINOTH_EXP":239.97,"MINSER_VA":303.08,"MINSER_EXP":620.22,"ALYBEB_VA":5825.94,"ALYBEB_EXP":7241.48,"TEXYPR_VA":822.88,"TEXYPR_EXP":139.01,"MADYPR_VA":516.36,"MADYPR_EXP":901.77,"PAPYPR_VA":677.26,"PAPYPR_EXP":324.38,"PETREF_VA":397.82,"PETREF_EXP":191.13,"QUIMYP_VA":449.52,"QUIMYP_EXP":496.17,"FARMED_VA":638.21,"FARMED_EXP":91.22,"HUPLAS_VA":510.85,"HUPLAS_EXP":163.5,"PRNOMT_VA":1073.21,"PRNOMT_EXP":164.52,"METBAS_VA":2187.12,"METBAS_EXP":4284.68,"NONFER_VA":177.8,"NONFER_EXP":572.88,"PRMETA_VA":669.54,"PRMETA_EXP":177.42,"ELCTRO_VA":181.16,"ELCTRO_EXP":44.66,"ELCTRI_VA":466.69,"ELCTRI_EXP":303.3,"MAQYEQ_VA":931.61,"MAQYEQ_EXP":758.87,"AUTOMO_VA":286.27,"AUTOMO_EXP":200.73,"OTRTRA_VA":49.63,"OTRTRA_EXP":50.64,"TRANSP_VA":553.43,"TRANSP_EXP":183.71,"OTRMAN_VA":1518.6,"OTRMAN_EXP":1011.9,"ELEGAS_VA":4688.85,"ELEGAS_EXP":241.09,"AGUBAS_VA":625.03,"AGUBAS_EXP":0.9,"CONSTR_VA":4745.99,"CONSTR_EXP":0.35,"COMREV_VA":22777.15,"COMREV_EXP":4633.83,"TRATIE_VA":7273.4,"TRATIE_EXP":1665.4,"TRAGUA_VA":812.49,"TRAGUA_EXP":721.04,"TRAAIR_VA":783.16,"TRAAIR_EXP":966.12,"ALMSTR_VA":3590.2,"ALMSTR_EXP":1031.76,"POSTME_VA":208.0,"POSTME_EXP":168.64,"HOTYRE_VA":1220.41,"HOTYRE_EXP":102.89,"MMTVRA_VA":642.16,"MMTVRA_EXP":447.26,"TELECO_VA":1700.07,"TELECO_EXP":271.84,"ITSERV_VA":5934.08,"ITSERV_EXP":6252.94,"SERFIN_VA":5206.72,"SERFIN_EXP":237.19,"GOBEST_VA":7534.76,"GOBEST_EXP":74.62,"SPRSCT_VA":4097.32,"SPRSCT_EXP":1949.54,"SEAEMP_VA":1757.71,"SEAEMP_EXP":566.11,"ADPDEF_VA":11758.02,"ADPDEF_EXP":0.4,"EDUCAC_VA":7132.94,"EDUCAC_EXP":6.25,"SALUDH_VA":4759.71,"SALUDH_EXP":4.39,"ESPARC_VA":957.97,"ESPARC_EXP":145.51,"OTRSER_VA":903.52,"OTRSER_EXP":5.58,"SERHOG_VA":11.5,"SERHOG_EXP":0.0}},{"type":"Feature","geometry":{"type":"Point","coordinates":[-95.71,37.09]},"properties":{"id":"USA","name":"Estados Unidos","continent":"america","year":2020,"AGRPFO_VA":162964.63,"AGRPFO_EXP":45696.18,"FORLOG_VA":15077.44,"FORLOG_EXP":1010.33,"PESCAC_VA":3683.09,"PESCAC_EXP":2821.75,"MINCOL_VA":19589.45,"MINCOL_EXP":4764.91,"PETGAS_VA":107772.17,"PETGAS_EXP":66604.38,"MINORE_VA":14199.36,"MINORE_EXP":9862.83,"MINOTH_VA":24930.68,"MINOTH_EXP":1569.8,"MINSER_VA":34866.19,"MINSER_EXP":1752.41,"ALYBEB_VA":285625.02,"ALYBEB_EXP":49920.38,"TEXYPR_VA":26296.53,"TEXYPR_EXP":14162.72,"MADYPR_VA":46384.45,"MADYPR_EXP":4113.05,"PAPYPR_VA":102196.98,"PAPYPR_EXP":19316.54,"PETREF_VA":63092.82,"PETREF_EXP":55509.65,"QUIMYP_VA":213793.61,"QUIMYP_EXP":86249.93,"FARMED_VA":202563.56,"FARMED_EXP":47132.13,"HUPLAS_VA":81574.74,"HUPLAS_EXP":20767.92,"PRNOMT_VA":70659.78,"PRNOMT_EXP":7236.98,"METBAS_VA":30595.42,"METBAS_EXP":10360.33,"NONFER_VA":39320.6,"NONFER_EXP":26547.21,"PRMETA_VA":153413.02,"PRMETA_EXP":22747.59,"ELCTRO_VA":322149.52,"ELCTRO_EXP":103325.2,"ELCTRI_VA":63910.11,"ELCTRI_EXP":26842.96,"MAQYEQ_VA":160203.45,"MAQYEQ_EXP":83025.85,"AUTOMO_VA":141234.53,"AUTOMO_EXP":76490.71,"OTRTRA_VA":23166.16,"OTRTRA_EXP":1518.12,"TRANSP_VA":123416.82,"TRANSP_EXP":66678.88,"OTRMAN_VA":150023.69,"OTRMAN_EXP":34528.32,"ELEGAS_VA":307430.25,"ELEGAS_EXP":2469.37,"AGUBAS_VA":71622.06,"AGUBAS_EXP":105.57,"CONSTR_VA":936911.52,"CONSTR_EXP":4.78,"COMREV_VA":2122912.28,"COMREV_EXP":291229.3,"TRATIE_VA":306872.14,"TRATIE_EXP":36905.7,"TRAGUA_VA":12668.66,"TRAGUA_EXP":6111.21,"TRAAIR_VA":56543.99,"TRAAIR_EXP":21910.67,"ALMSTR_VA":161290.57,"ALMSTR_EXP":6657.14,"POSTME_VA":122886.28,"POSTME_EXP":12396.46,"HOTYRE_VA":458918.67,"HOTYRE_EXP":20343.41,"MMTVRA_VA":478451.51,"MMTVRA_EXP":56491.45,"TELECO_VA":324102.62,"TELECO_EXP":15763.49,"ITSERV_VA":691540.01,"ITSERV_EXP":59365.22,"SERFIN_VA":1764545.28,"SERFIN_EXP":194437.42,"GOBEST_VA":2648358.07,"GOBEST_EXP":8621.38,"SPRSCT_VA":1673300.6,"SPRSCT_EXP":190991.73,"SEAEMP_VA":841192.8,"SEAEMP_EXP":71713.79,"ADPDEF_VA":1833795.62,"ADPDEF_EXP":2609.14,"EDUCAC_VA":1152055.87,"EDUCAC_EXP":16893.12,"SALUDH_VA":1603326.01,"SALUDH_EXP":1224.06,"ESPARC_VA":163215.19,"ESPARC_EXP":3675.85,"OTRSER_VA":285433.11,"OTRSER_EXP":1965.46,"SERHOG_VA":22405.71,"SERHOG_EXP":0.0}},{"type":"Feature","geometry":{"type":"Point","coordinates":[108.28,14.06]},"properties":{"id":"VNM","name":"Vietnam","continent":"asia","year":2020,"AGRPFO_VA":27855.71,"AGRPFO_EXP":7393.97,"FORLOG_VA":1620.75,"FORLOG_EXP":8.7,"PESCAC_VA":7842.17,"PESCAC_EXP":285.52,"MINCOL_VA":1874.94,"MINCOL_EXP":107.58,"PETGAS_VA":812.25,"PETGAS_EXP":1525.79,"MINORE_VA":28444.02,"MINORE_EXP":2619.05,"MINOTH_VA":804.75,"MINOTH_EXP":87.16,"MINSER_VA":520.94,"MINSER_EXP":102.42,"ALYBEB_VA":14074.51,"ALYBEB_EXP":20864.89,"TEXYPR_VA":21257.15,"TEXYPR_EXP":51390.97,"MADYPR_VA":1186.55,"MADYPR_EXP":3457.91,"PAPYPR_VA":2485.38,"PAPYPR_EXP":1190.12,"PETREF_VA":3413.97,"PETREF_EXP":982.72,"QUIMYP_VA":5236.22,"QUIMYP_EXP":7136.61,"FARMED_VA":1348.8,"FARMED_EXP":214.56,"HUPLAS_VA":4262.44,"HUPLAS_EXP":6014.83,"PRNOMT_VA":6761.54,"PRNOMT_EXP":3250.28,"METBAS_VA":3781.54,"METBAS_EXP":5804.88,"NONFER_VA":1087.19,"NONFER_EXP":1187.94,"PRMETA_VA":4241.32,"PRMETA_EXP":5044.82,"ELCTRO_VA":41819.59,"ELCTRO_EXP":101488.69,"ELCTRI_VA":4211.09,"ELCTRI_EXP":8709.37,"MAQYEQ_VA":2198.7,"MAQYEQ_EXP":5802.76,"AUTOMO_VA":1193.03,"AUTOMO_EXP":3658.27,"OTRTRA_VA":218.25,"OTRTRA_EXP":924.09,"TRANSP_VA":680.43,"TRANSP_EXP":2022.66,"OTRMAN_VA":8964.62,"OTRMAN_EXP":15951.69,"ELEGAS_VA":11805.22,"ELEGAS_EXP":75.7,"AGUBAS_VA":1790.26,"AGUBAS_EXP":8.59,"CONSTR_VA":19623.56,"CONSTR_EXP":58.57,"COMREV_VA":27326.14,"COMREV_EXP":17681.6,"TRATIE_VA":4426.37,"TRATIE_EXP":2688.4,"TRAGUA_VA":1067.53,"TRAGUA_EXP":1712.94,"TRAAIR_VA":1188.95,"TRAAIR_EXP":1132.53,"ALMSTR_VA":2705.66,"ALMSTR_EXP":1123.51,"POSTME_VA":477.74,"POSTME_EXP":115.39,"HOTYRE_VA":7543.43,"HOTYRE_EXP":1138.29,"MMTVRA_VA":887.91,"MMTVRA_EXP":189.98,"TELECO_VA":3351.93,"TELECO_EXP":294.25,"ITSERV_VA":1690.18,"ITSERV_EXP":376.54,"SERFIN_VA":10420.22,"SERFIN_EXP":428.7,"GOBEST_VA":8983.04,"GOBEST_EXP":126.16,"SPRSCT_VA":6218.13,"SPRSCT_EXP":381.35,"SEAEMP_VA":1750.03,"SEAEMP_EXP":1143.7,"ADPDEF_VA":6673.91,"ADPDEF_EXP":2.84,"EDUCAC_VA":11471.57,"EDUCAC_EXP":41.04,"SALUDH_VA":3059.59,"SALUDH_EXP":27.16,"ESPARC_VA":2665.05,"ESPARC_EXP":485.69,"OTRSER_VA":1904.45,"OTRSER_EXP":37.69,"SERHOG_VA":449.08,"SERHOG_EXP":0.0}},{"type":"Feature","geometry":{"type":"Point","coordinates":[22.94,-30.56]},"properties":{"id":"ZAF","name":"Sudáfrica","continent":"other","year":2020,"AGRPFO_VA":6771.81,"AGRPFO_EXP":4858.8,"FORLOG_VA":151.88,"FORLOG_EXP":47.71,"PESCAC_VA":629.9,"PESCAC_EXP":94.99,"MINCOL_VA":3195.91,"MINCOL_EXP":4942.73,"PETGAS_VA":204.38,"PETGAS_EXP":8.7,"MINORE_VA":13653.61,"MINORE_EXP":19505.88,"MINOTH_VA":897.29,"MINOTH_EXP":1056.99,"MINSER_VA":238.91,"MINSER_EXP":10.14,"ALYBEB_VA":7554.3,"ALYBEB_EXP":4310.59,"TEXYPR_VA":1486.73,"TEXYPR_EXP":680.58,"MADYPR_VA":609.28,"MADYPR_EXP":542.54,"PAPYPR_VA":2320.45,"PAPYPR_EXP":1575.29,"PETREF_VA":4053.13,"PETREF_EXP":2553.83,"QUIMYP_VA":2870.54,"QUIMYP_EXP":4699.96,"FARMED_VA":625.57,"FARMED_EXP":446.17,"HUPLAS_VA":1028.91,"HUPLAS_EXP":889.46,"PRNOMT_VA":1125.6,"PRNOMT_EXP":569.49,"METBAS_VA":2570.55,"METBAS_EXP":4547.58,"NONFER_VA":1071.69,"NONFER_EXP":1562.35,"PRMETA_VA":2151.68,"PRMETA_EXP":1219.94,"ELCTRO_VA":422.97,"ELCTRO_EXP":405.47,"ELCTRI_VA":984.31,"ELCTRI_EXP":1186.4,"MAQYEQ_VA":2669.02,"MAQYEQ_EXP":3943.37,"AUTOMO_VA":3361.74,"AUTOMO_EXP":9179.84,"OTRTRA_VA":43.53,"OTRTRA_EXP":150.98,"TRANSP_VA":497.59,"TRANSP_EXP":377.31,"OTRMAN_VA":2428.72,"OTRMAN_EXP":708.48,"ELEGAS_VA":5735.12,"ELEGAS_EXP":774.87,"AGUBAS_VA":3063.79,"AGUBAS_EXP":3.93,"CONSTR_VA":7366.8,"CONSTR_EXP":0.0,"COMREV_VA":23451.31,"COMREV_EXP":8362.98,"TRATIE_VA":6395.49,"TRATIE_EXP":1708.08,"TRAGUA_VA":197.18,"TRAGUA_EXP":160.33,"TRAAIR_VA":488.6,"TRAAIR_EXP":1053.66,"ALMSTR_VA":2518.59,"ALMSTR_EXP":1203.63,"POSTME_VA":421.56,"POSTME_EXP":48.0,"HOTYRE_VA":2084.75,"HOTYRE_EXP":225.1,"MMTVRA_VA":1773.82,"MMTVRA_EXP":481.95,"TELECO_VA":10646.92,"TELECO_EXP":458.02,"ITSERV_VA":6543.29,"ITSERV_EXP":599.92,"SERFIN_VA":42577.23,"SERFIN_EXP":680.4,"GOBEST_VA":19012.49,"GOBEST_EXP":172.49,"SPRSCT_VA":11665.42,"SPRSCT_EXP":1193.49,"SEAEMP_VA":8956.99,"SEAEMP_EXP":606.14,"ADPDEF_VA":11210.44,"ADPDEF_EXP":38.13,"EDUCAC_VA":8808.6,"EDUCAC_EXP":444.49,"SALUDH_VA":6410.11,"SALUDH_EXP":32.05,"ESPARC_VA":26942.03,"ESPARC_EXP":201.45,"OTRSER_VA":10976.1,"OTRSER_EXP":48.86,"SERHOG_VA":37161.13,"SERHOG_EXP":0.0}}]}