{"type":"FeatureCollection","features":[{"type":"Feature","geometry":{"type":"Point","coordinates":[13.23,-8.84]},"properties":{"id":"AGO","name":"Angola","continent":"other","year":1999,"AGRPFO_VA":309.72,"AGRPFO_EXP":472.26,"FORLOG_VA":24.55,"FORLOG_EXP":3.41,"PESCAC_VA":49.3,"PESCAC_EXP":0.8,"MINCOL_VA":2.39,"MINCOL_EXP":0.14,"PETGAS_VA":3278.82,"PETGAS_EXP":4580.78,"MINORE_VA":2.1,"MINORE_EXP":1.0,"MINOTH_VA":510.28,"MINOTH_EXP":666.2,"MINSER_VA":330.74,"MINSER_EXP":39.59,"ALYBEB_VA":96.55,"ALYBEB_EXP":233.77,"TEXYPR_VA":46.28,"TEXYPR_EXP":7.23,"MADYPR_VA":1.37,"MADYPR_EXP":0.34,"PAPYPR_VA":5.06,"PAPYPR_EXP":0.98,"PETREF_VA":61.42,"PETREF_EXP":277.51,"QUIMYP_VA":33.78,"QUIMYP_EXP":2.85,"FARMED_VA":11.74,"FARMED_EXP":0.82,"HUPLAS_VA":6.24,"HUPLAS_EXP":0.34,"PRNOMT_VA":10.91,"PRNOMT_EXP":0.24,"METBAS_VA":3.64,"METBAS_EXP":0.64,"NONFER_VA":0.96,"NONFER_EXP":0.12,"PRMETA_VA":7.27,"PRMETA_EXP":1.87,"ELCTRO_VA":31.91,"ELCTRO_EXP":5.4,"ELCTRI_VA":12.36,"ELCTRI_EXP":1.26,"MAQYEQ_VA":39.6,"MAQYEQ_EXP":10.46,"AUTOMO_VA":38.25,"AUTOMO_EXP":1.79,"OTRTRA_VA":1.12,"OTRTRA_EXP":0.1,"TRANSP_VA":0.85,"TRANSP_EXP":0.58,"OTRMAN_VA":14.27,"OTRMAN_EXP":3.34,"ELEGAS_VA":270.51,"ELEGAS_EXP":0.38,"AGUBAS_VA":29.93,"AGUBAS_EXP":0.48,"CONSTR_VA":355.82,"CONSTR_EXP":1.18,"COMREV_VA":421.48,"COMREV_EXP":133.11,"TRATIE_VA":68.73,"TRATIE_EXP":54.74,"TRAGUA_VA":26.55,"TRAGUA_EXP":46.68,"TRAAIR_VA":33.47,"TRAAIR_EXP":41.96,"ALMSTR_VA":39.99,"ALMSTR_EXP":18.33,"POSTME_VA":20.8,"POSTME_EXP":0.91,"HOTYRE_VA":112.37,"HOTYRE_EXP":72.92,"MMTVRA_VA":56.17,"MMTVRA_EXP":38.57,"TELECO_VA":91.85,"TELECO_EXP":18.34,"ITSERV_VA":62.03,"ITSERV_EXP":50.52,"SERFIN_VA":165.9,"SERFIN_EXP":94.32,"GOBEST_VA":293.62,"GOBEST_EXP":15.57,"SPRSCT_VA":90.69,"SPRSCT_EXP":47.9,"SEAEMP_VA":71.82,"SEAEMP_EXP":38.88,"ADPDEF_VA":480.97,"ADPDEF_EXP":2.25,"EDUCAC_VA":401.63,"EDUCAC_EXP":4.08,"SALUDH_VA":91.9,"SALUDH_EXP":3.34,"ESPARC_VA":14.15,"ESPARC_EXP":8.46,"OTRSER_VA":48.72,"OTRSER_EXP":3.57,"SERHOG_VA":0.0,"SERHOG_EXP":0.0}},{"type":"Feature","geometry":{"type":"Point","coordinates":[53.85,23.42]},"properties":{"id":"ARE","name":"Emiratos Árabes","continent":"other","year":1999,"AGRPFO_VA":1314.56,"AGRPFO_EXP":23.93,"FORLOG_VA":103.51,"FORLOG_EXP":0.52,"PESCAC_VA":137.21,"PESCAC_EXP":58.01,"MINCOL_VA":157.4,"MINCOL_EXP":4.69,"PETGAS_VA":18681.23,"PETGAS_EXP":20684.39,"MINORE_VA":3138.27,"MINORE_EXP":32.93,"MINOTH_VA":841.39,"MINOTH_EXP":3719.38,"MINSER_VA":1968.99,"MINSER_EXP":272.39,"ALYBEB_VA":1257.36,"ALYBEB_EXP":497.73,"TEXYPR_VA":646.12,"TEXYPR_EXP":61.36,"MADYPR_VA":62.65,"MADYPR_EXP":4.46,"PAPYPR_VA":244.62,"PAPYPR_EXP":48.2,"PETREF_VA":3240.6,"PETREF_EXP":3089.9,"QUIMYP_VA":1036.7,"QUIMYP_EXP":1077.85,"FARMED_VA":574.97,"FARMED_EXP":26.61,"HUPLAS_VA":310.07,"HUPLAS_EXP":44.36,"PRNOMT_VA":544.09,"PRNOMT_EXP":121.69,"METBAS_VA":168.71,"METBAS_EXP":28.21,"NONFER_VA":485.56,"NONFER_EXP":961.21,"PRMETA_VA":338.34,"PRMETA_EXP":62.26,"ELCTRO_VA":1005.08,"ELCTRO_EXP":17.56,"ELCTRI_VA":470.97,"ELCTRI_EXP":36.0,"MAQYEQ_VA":417.79,"MAQYEQ_EXP":37.72,"AUTOMO_VA":399.1,"AUTOMO_EXP":13.18,"OTRTRA_VA":59.75,"OTRTRA_EXP":22.87,"TRANSP_VA":140.72,"TRANSP_EXP":1.22,"OTRMAN_VA":410.29,"OTRMAN_EXP":63.07,"ELEGAS_VA":2222.75,"ELEGAS_EXP":48.42,"AGUBAS_VA":544.17,"AGUBAS_EXP":3.07,"CONSTR_VA":10388.75,"CONSTR_EXP":39.17,"COMREV_VA":6511.71,"COMREV_EXP":914.14,"TRATIE_VA":722.63,"TRATIE_EXP":198.37,"TRAGUA_VA":337.7,"TRAGUA_EXP":84.12,"TRAAIR_VA":540.39,"TRAAIR_EXP":97.49,"ALMSTR_VA":651.05,"ALMSTR_EXP":78.43,"POSTME_VA":321.68,"POSTME_EXP":2.9,"HOTYRE_VA":1673.57,"HOTYRE_EXP":485.4,"MMTVRA_VA":954.56,"MMTVRA_EXP":42.35,"TELECO_VA":1411.3,"TELECO_EXP":25.0,"ITSERV_VA":982.98,"ITSERV_EXP":18.44,"SERFIN_VA":2817.44,"SERFIN_EXP":54.96,"GOBEST_VA":4995.26,"GOBEST_EXP":113.16,"SPRSCT_VA":1438.3,"SPRSCT_EXP":153.94,"SEAEMP_VA":1105.87,"SEAEMP_EXP":128.15,"ADPDEF_VA":4913.93,"ADPDEF_EXP":2.95,"EDUCAC_VA":1073.25,"EDUCAC_EXP":26.39,"SALUDH_VA":1218.73,"SALUDH_EXP":21.86,"ESPARC_VA":194.22,"ESPARC_EXP":45.02,"OTRSER_VA":738.52,"OTRSER_EXP":22.52,"SERHOG_VA":388.66,"SERHOG_EXP":0.0}},{"type":"Feature","geometry":{"type":"Point","coordinates":[-63.62,-38.42]},"properties":{"id":"ARG","name":"Argentina","continent":"america","year":1999,"AGRPFO_VA":23390.14,"AGRPFO_EXP":3361.53,"FORLOG_VA":543.43,"FORLOG_EXP":26.23,"PESCAC_VA":882.18,"PESCAC_EXP":19.99,"MINCOL_VA":13.38,"MINCOL_EXP":0.61,"PETGAS_VA":12031.16,"PETGAS_EXP":1907.26,"MINORE_VA":1124.62,"MINORE_EXP":192.7,"MINOTH_VA":685.28,"MINOTH_EXP":24.54,"MINSER_VA":983.74,"MINSER_EXP":2.19,"ALYBEB_VA":14449.36,"ALYBEB_EXP":5844.95,"TEXYPR_VA":5203.81,"TEXYPR_EXP":1189.78,"MADYPR_VA":1345.42,"MADYPR_EXP":97.96,"PAPYPR_VA":3984.4,"PAPYPR_EXP":319.3,"PETREF_VA":2348.19,"PETREF_EXP":1090.83,"QUIMYP_VA":7307.05,"QUIMYP_EXP":976.95,"FARMED_VA":4223.76,"FARMED_EXP":303.12,"HUPLAS_VA":2871.86,"HUPLAS_EXP":370.88,"PRNOMT_VA":2082.52,"PRNOMT_EXP":95.77,"METBAS_VA":4289.4,"METBAS_EXP":697.76,"NONFER_VA":813.33,"NONFER_EXP":185.99,"PRMETA_VA":2914.53,"PRMETA_EXP":251.04,"ELCTRO_VA":872.57,"ELCTRO_EXP":143.12,"ELCTRI_VA":1062.05,"ELCTRI_EXP":193.49,"MAQYEQ_VA":2619.34,"MAQYEQ_EXP":489.57,"AUTOMO_VA":2371.23,"AUTOMO_EXP":1751.69,"OTRTRA_VA":67.68,"OTRTRA_EXP":45.92,"TRANSP_VA":239.98,"TRANSP_EXP":40.74,"OTRMAN_VA":2311.15,"OTRMAN_EXP":182.9,"ELEGAS_VA":4543.78,"ELEGAS_EXP":21.22,"AGUBAS_VA":758.48,"AGUBAS_EXP":0.75,"CONSTR_VA":9335.33,"CONSTR_EXP":0.15,"COMREV_VA":35661.11,"COMREV_EXP":3366.26,"TRATIE_VA":8201.13,"TRATIE_EXP":462.26,"TRAGUA_VA":225.03,"TRAGUA_EXP":39.95,"TRAAIR_VA":524.45,"TRAAIR_EXP":539.47,"ALMSTR_VA":3143.15,"ALMSTR_EXP":499.23,"POSTME_VA":569.29,"POSTME_EXP":28.45,"HOTYRE_VA":4310.65,"HOTYRE_EXP":734.44,"MMTVRA_VA":523.79,"MMTVRA_EXP":95.75,"TELECO_VA":4811.49,"TELECO_EXP":268.77,"ITSERV_VA":1153.46,"ITSERV_EXP":74.48,"SERFIN_VA":9191.23,"SERFIN_EXP":154.47,"GOBEST_VA":23357.65,"GOBEST_EXP":123.18,"SPRSCT_VA":10088.75,"SPRSCT_EXP":504.98,"SEAEMP_VA":4311.91,"SEAEMP_EXP":409.41,"ADPDEF_VA":18622.83,"ADPDEF_EXP":0.01,"EDUCAC_VA":13212.3,"EDUCAC_EXP":41.63,"SALUDH_VA":8092.32,"SALUDH_EXP":26.86,"ESPARC_VA":1083.79,"ESPARC_EXP":89.8,"OTRSER_VA":3696.66,"OTRSER_EXP":26.1,"SERHOG_VA":4259.4,"SERHOG_EXP":0.0}},{"type":"Feature","geometry":{"type":"Point","coordinates":[133.78,-25.27]},"properties":{"id":"AUS","name":"Australia","continent":"other","year":1999,"AGRPFO_VA":10863.92,"AGRPFO_EXP":4645.61,"FORLOG_VA":443.05,"FORLOG_EXP":71.47,"PESCAC_VA":1935.26,"PESCAC_EXP":248.04,"MINCOL_VA":2342.74,"MINCOL_EXP":4089.07,"PETGAS_VA":7937.8,"PETGAS_EXP":2276.12,"MINORE_VA":4613.99,"MINORE_EXP":4777.97,"MINOTH_VA":875.43,"MINOTH_EXP":257.44,"MINSER_VA":1818.83,"MINSER_EXP":24.82,"ALYBEB_VA":10906.79,"ALYBEB_EXP":6053.1,"TEXYPR_VA":2006.78,"TEXYPR_EXP":1290.58,"MADYPR_VA":2016.42,"MADYPR_EXP":388.37,"PAPYPR_VA":3845.31,"PAPYPR_EXP":460.52,"PETREF_VA":1241.07,"PETREF_EXP":1058.66,"QUIMYP_VA":1456.46,"QUIMYP_EXP":1284.71,"FARMED_VA":2060.89,"FARMED_EXP":775.5,"HUPLAS_VA":2318.74,"HUPLAS_EXP":565.58,"PRNOMT_VA":2997.16,"PRNOMT_EXP":265.27,"METBAS_VA":1822.61,"METBAS_EXP":996.92,"NONFER_VA":3630.23,"NONFER_EXP":9245.11,"PRMETA_VA":3854.11,"PRMETA_EXP":560.92,"ELCTRO_VA":2389.39,"ELCTRO_EXP":762.38,"ELCTRI_VA":527.15,"ELCTRI_EXP":661.12,"MAQYEQ_VA":1830.15,"MAQYEQ_EXP":1321.75,"AUTOMO_VA":2491.53,"AUTOMO_EXP":1463.44,"OTRTRA_VA":899.99,"OTRTRA_EXP":350.34,"TRANSP_VA":1467.14,"TRANSP_EXP":162.68,"OTRMAN_VA":3910.45,"OTRMAN_EXP":527.96,"ELEGAS_VA":6905.33,"ELEGAS_EXP":90.82,"AGUBAS_VA":3286.92,"AGUBAS_EXP":2.46,"CONSTR_VA":26288.03,"CONSTR_EXP":156.67,"COMREV_VA":42817.29,"COMREV_EXP":10433.74,"TRATIE_VA":7366.84,"TRATIE_EXP":1227.72,"TRAGUA_VA":582.9,"TRAGUA_EXP":385.37,"TRAAIR_VA":2353.53,"TRAAIR_EXP":4524.33,"ALMSTR_VA":7680.23,"ALMSTR_EXP":809.14,"POSTME_VA":1760.52,"POSTME_EXP":419.66,"HOTYRE_VA":13083.16,"HOTYRE_EXP":2241.22,"MMTVRA_VA":6246.28,"MMTVRA_EXP":545.74,"TELECO_VA":8824.43,"TELECO_EXP":803.19,"ITSERV_VA":6683.3,"ITSERV_EXP":331.88,"SERFIN_VA":35798.06,"SERFIN_EXP":1069.23,"GOBEST_VA":39371.02,"GOBEST_EXP":315.82,"SPRSCT_VA":14193.93,"SPRSCT_EXP":1232.02,"SEAEMP_VA":10479.6,"SEAEMP_EXP":1085.26,"ADPDEF_VA":24573.27,"ADPDEF_EXP":14.7,"EDUCAC_VA":19063.37,"EDUCAC_EXP":1165.1,"SALUDH_VA":21945.34,"SALUDH_EXP":142.24,"ESPARC_VA":3968.87,"ESPARC_EXP":475.25,"OTRSER_VA":4192.0,"OTRSER_EXP":134.4,"SERHOG_VA":0.0,"SERHOG_EXP":0.0}},{"type":"Feature","geometry":{"type":"Point","coordinates":[14.55,47.52]},"properties":{"id":"AUT","name":"Austria","continent":"europe","year":1999,"AGRPFO_VA":2806.0,"AGRPFO_EXP":631.43,"FORLOG_VA":1169.58,"FORLOG_EXP":73.52,"PESCAC_VA":6.9,"PESCAC_EXP":4.51,"MINCOL_VA":18.75,"MINCOL_EXP":2.23,"PETGAS_VA":139.66,"PETGAS_EXP":38.3,"MINORE_VA":70.88,"MINORE_EXP":63.65,"MINOTH_VA":387.8,"MINOTH_EXP":84.48,"MINSER_VA":23.65,"MINSER_EXP":5.79,"ALYBEB_VA":4210.78,"ALYBEB_EXP":2526.38,"TEXYPR_VA":1808.83,"TEXYPR_EXP":3044.65,"MADYPR_VA":1880.31,"MADYPR_EXP":1851.97,"PAPYPR_VA":3238.88,"PAPYPR_EXP":3001.11,"PETREF_VA":787.36,"PETREF_EXP":488.74,"QUIMYP_VA":1508.5,"QUIMYP_EXP":2492.08,"FARMED_VA":946.52,"FARMED_EXP":1128.26,"HUPLAS_VA":1778.72,"HUPLAS_EXP":2012.32,"PRNOMT_VA":2438.78,"PRNOMT_EXP":1245.02,"METBAS_VA":1568.47,"METBAS_EXP":2324.92,"NONFER_VA":983.77,"NONFER_EXP":1187.79,"PRMETA_VA":3715.53,"PRMETA_EXP":2621.6,"ELCTRO_VA":3004.11,"ELCTRO_EXP":4381.38,"ELCTRI_VA":2725.67,"ELCTRI_EXP":2579.51,"MAQYEQ_VA":4002.21,"MAQYEQ_EXP":6835.86,"AUTOMO_VA":2845.7,"AUTOMO_EXP":6069.37,"OTRTRA_VA":62.99,"OTRTRA_EXP":35.75,"TRANSP_VA":456.73,"TRANSP_EXP":446.96,"OTRMAN_VA":3230.92,"OTRMAN_EXP":3006.7,"ELEGAS_VA":4828.01,"ELEGAS_EXP":451.34,"AGUBAS_VA":2040.36,"AGUBAS_EXP":10.64,"CONSTR_VA":15472.56,"CONSTR_EXP":358.15,"COMREV_VA":25654.19,"COMREV_EXP":9813.2,"TRATIE_VA":7273.29,"TRATIE_EXP":3898.47,"TRAGUA_VA":106.4,"TRAGUA_EXP":50.7,"TRAAIR_VA":805.76,"TRAAIR_EXP":780.52,"ALMSTR_VA":1817.63,"ALMSTR_EXP":1328.63,"POSTME_VA":1454.03,"POSTME_EXP":228.56,"HOTYRE_VA":7307.11,"HOTYRE_EXP":2090.37,"MMTVRA_VA":1656.91,"MMTVRA_EXP":534.17,"TELECO_VA":3011.99,"TELECO_EXP":612.83,"ITSERV_VA":2425.21,"ITSERV_EXP":284.88,"SERFIN_VA":9890.38,"SERFIN_EXP":2306.85,"GOBEST_VA":15039.09,"GOBEST_EXP":625.01,"SPRSCT_VA":7555.95,"SPRSCT_EXP":3031.72,"SEAEMP_VA":5431.11,"SEAEMP_EXP":967.82,"ADPDEF_VA":12349.93,"ADPDEF_EXP":140.49,"EDUCAC_VA":10862.72,"EDUCAC_EXP":5.23,"SALUDH_VA":11907.99,"SALUDH_EXP":267.0,"ESPARC_VA":2001.14,"ESPARC_EXP":538.67,"OTRSER_VA":3068.69,"OTRSER_EXP":217.17,"SERHOG_VA":201.28,"SERHOG_EXP":0.0}},{"type":"Feature","geometry":{"type":"Point","coordinates":[4.47,50.5]},"properties":{"id":"BEL","name":"Bélgica","continent":"europe","year":1999,"AGRPFO_VA":2679.36,"AGRPFO_EXP":917.62,"FORLOG_VA":140.74,"FORLOG_EXP":50.19,"PESCAC_VA":74.68,"PESCAC_EXP":49.66,"MINCOL_VA":0.0,"MINCOL_EXP":0.0,"PETGAS_VA":0.0,"PETGAS_EXP":0.0,"MINORE_VA":0.0,"MINORE_EXP":0.0,"MINOTH_VA":346.29,"MINOTH_EXP":114.23,"MINSER_VA":27.17,"MINSER_EXP":15.26,"ALYBEB_VA":5871.91,"ALYBEB_EXP":8341.41,"TEXYPR_VA":2698.7,"TEXYPR_EXP":5640.77,"MADYPR_VA":710.91,"MADYPR_EXP":687.92,"PAPYPR_VA":2752.28,"PAPYPR_EXP":1748.86,"PETREF_VA":904.92,"PETREF_EXP":3171.41,"QUIMYP_VA":7284.06,"QUIMYP_EXP":14325.73,"FARMED_VA":2812.85,"FARMED_EXP":3261.0,"HUPLAS_VA":1858.47,"HUPLAS_EXP":2930.45,"PRNOMT_VA":2499.25,"PRNOMT_EXP":1785.71,"METBAS_VA":2211.94,"METBAS_EXP":4496.97,"NONFER_VA":879.32,"NONFER_EXP":2922.75,"PRMETA_VA":3519.34,"PRMETA_EXP":2900.88,"ELCTRO_VA":1928.46,"ELCTRO_EXP":2900.48,"ELCTRI_VA":1751.76,"ELCTRI_EXP":1804.34,"MAQYEQ_VA":2664.87,"MAQYEQ_EXP":3733.14,"AUTOMO_VA":4406.66,"AUTOMO_EXP":11502.31,"OTRTRA_VA":14.74,"OTRTRA_EXP":38.28,"TRANSP_VA":592.46,"TRANSP_EXP":559.11,"OTRMAN_VA":1759.36,"OTRMAN_EXP":2690.51,"ELEGAS_VA":5533.22,"ELEGAS_EXP":388.69,"AGUBAS_VA":1546.05,"AGUBAS_EXP":407.84,"CONSTR_VA":12312.71,"CONSTR_EXP":322.42,"COMREV_VA":28405.41,"COMREV_EXP":17796.86,"TRATIE_VA":6848.06,"TRATIE_EXP":4020.23,"TRAGUA_VA":198.04,"TRAGUA_EXP":1537.58,"TRAAIR_VA":647.26,"TRAAIR_EXP":3645.71,"ALMSTR_VA":5673.19,"ALMSTR_EXP":6516.8,"POSTME_VA":1977.2,"POSTME_EXP":920.97,"HOTYRE_VA":3865.72,"HOTYRE_EXP":1083.84,"MMTVRA_VA":2265.65,"MMTVRA_EXP":966.83,"TELECO_VA":4241.89,"TELECO_EXP":1582.55,"ITSERV_VA":2829.25,"ITSERV_EXP":1305.61,"SERFIN_VA":14181.73,"SERFIN_EXP":3423.91,"GOBEST_VA":19529.28,"GOBEST_EXP":191.14,"SPRSCT_VA":18215.5,"SPRSCT_EXP":8452.15,"SEAEMP_VA":8377.1,"SEAEMP_EXP":1092.38,"ADPDEF_VA":17055.85,"ADPDEF_EXP":84.97,"EDUCAC_VA":14800.83,"EDUCAC_EXP":172.81,"SALUDH_VA":14687.71,"SALUDH_EXP":251.51,"ESPARC_VA":1430.16,"ESPARC_EXP":358.95,"OTRSER_VA":3336.77,"OTRSER_EXP":89.35,"SERHOG_VA":507.46,"SERHOG_EXP":0.0}},{"type":"Feature","geometry":{"type":"Point","coordinates":[90.36,23.68]},"properties":{"id":"BGD","name":"Bangladesh","continent":"asia","year":1999,"AGRPFO_VA":4139.08,"AGRPFO_EXP":545.27,"FORLOG_VA":832.38,"FORLOG_EXP":2.68,"PESCAC_VA":1286.5,"PESCAC_EXP":23.43,"MINCOL_VA":2.24,"MINCOL_EXP":0.09,"PETGAS_VA":432.11,"PETGAS_EXP":1.55,"MINORE_VA":2.19,"MINORE_EXP":0.01,"MINOTH_VA":20.51,"MINOTH_EXP":0.26,"MINSER_VA":21.71,"MINSER_EXP":0.93,"ALYBEB_VA":1498.55,"ALYBEB_EXP":597.26,"TEXYPR_VA":5742.12,"TEXYPR_EXP":2850.13,"MADYPR_VA":12.17,"MADYPR_EXP":1.96,"PAPYPR_VA":75.43,"PAPYPR_EXP":1.41,"PETREF_VA":11.58,"PETREF_EXP":3.53,"QUIMYP_VA":94.74,"QUIMYP_EXP":60.9,"FARMED_VA":208.25,"FARMED_EXP":3.87,"HUPLAS_VA":809.24,"HUPLAS_EXP":14.21,"PRNOMT_VA":664.81,"PRNOMT_EXP":15.4,"METBAS_VA":231.18,"METBAS_EXP":0.8,"NONFER_VA":163.37,"NONFER_EXP":1.89,"PRMETA_VA":61.4,"PRMETA_EXP":3.16,"ELCTRO_VA":62.49,"ELCTRO_EXP":11.19,"ELCTRI_VA":115.08,"ELCTRI_EXP":12.13,"MAQYEQ_VA":14.77,"MAQYEQ_EXP":4.85,"AUTOMO_VA":8.73,"AUTOMO_EXP":0.53,"OTRTRA_VA":58.21,"OTRTRA_EXP":0.19,"TRANSP_VA":63.24,"TRANSP_EXP":7.22,"OTRMAN_VA":121.76,"OTRMAN_EXP":17.0,"ELEGAS_VA":550.21,"ELEGAS_EXP":1.01,"AGUBAS_VA":699.63,"AGUBAS_EXP":2.14,"CONSTR_VA":3727.14,"CONSTR_EXP":8.34,"COMREV_VA":4535.0,"COMREV_EXP":721.77,"TRATIE_VA":1150.85,"TRATIE_EXP":51.86,"TRAGUA_VA":347.71,"TRAGUA_EXP":75.86,"TRAAIR_VA":241.96,"TRAAIR_EXP":40.73,"ALMSTR_VA":402.24,"ALMSTR_EXP":19.59,"POSTME_VA":70.76,"POSTME_EXP":0.29,"HOTYRE_VA":1029.61,"HOTYRE_EXP":19.7,"MMTVRA_VA":304.51,"MMTVRA_EXP":11.07,"TELECO_VA":783.43,"TELECO_EXP":28.66,"ITSERV_VA":253.45,"ITSERV_EXP":35.34,"SERFIN_VA":1616.8,"SERFIN_EXP":46.69,"GOBEST_VA":2346.84,"GOBEST_EXP":20.86,"SPRSCT_VA":1274.64,"SPRSCT_EXP":226.45,"SEAEMP_VA":808.91,"SEAEMP_EXP":144.88,"ADPDEF_VA":1499.33,"ADPDEF_EXP":0.88,"EDUCAC_VA":1221.52,"EDUCAC_EXP":1.91,"SALUDH_VA":1681.11,"SALUDH_EXP":1.6,"ESPARC_VA":530.56,"ESPARC_EXP":4.68,"OTRSER_VA":797.94,"OTRSER_EXP":3.35,"SERHOG_VA":0.0,"SERHOG_EXP":0.0}},{"type":"Feature","geometry":{"type":"Point","coordinates":[25.49,42.73]},"properties":{"id":"BGR","name":"Bulgaria","continent":"europe","year":1999,"AGRPFO_VA":1685.38,"AGRPFO_EXP":277.74,"FORLOG_VA":73.0,"FORLOG_EXP":13.7,"PESCAC_VA":7.46,"PESCAC_EXP":1.46,"MINCOL_VA":87.65,"MINCOL_EXP":1.06,"PETGAS_VA":20.69,"PETGAS_EXP":2.06,"MINORE_VA":123.66,"MINORE_EXP":145.01,"MINOTH_VA":43.37,"MINOTH_EXP":26.02,"MINSER_VA":0.04,"MINSER_EXP":0.03,"ALYBEB_VA":372.5,"ALYBEB_EXP":258.72,"TEXYPR_VA":224.43,"TEXYPR_EXP":283.88,"MADYPR_VA":33.98,"MADYPR_EXP":55.06,"PAPYPR_VA":42.38,"PAPYPR_EXP":43.9,"PETREF_VA":333.98,"PETREF_EXP":361.22,"QUIMYP_VA":105.54,"QUIMYP_EXP":269.16,"FARMED_VA":48.28,"FARMED_EXP":55.81,"HUPLAS_VA":48.47,"HUPLAS_EXP":38.61,"PRNOMT_VA":97.44,"PRNOMT_EXP":74.66,"METBAS_VA":100.58,"METBAS_EXP":233.07,"NONFER_VA":62.19,"NONFER_EXP":126.82,"PRMETA_VA":87.65,"PRMETA_EXP":75.07,"ELCTRO_VA":27.67,"ELCTRO_EXP":39.63,"ELCTRI_VA":46.18,"ELCTRI_EXP":61.44,"MAQYEQ_VA":117.79,"MAQYEQ_EXP":176.18,"AUTOMO_VA":20.19,"AUTOMO_EXP":11.52,"OTRTRA_VA":10.92,"OTRTRA_EXP":10.7,"TRANSP_VA":14.37,"TRANSP_EXP":13.38,"OTRMAN_VA":102.1,"OTRMAN_EXP":138.22,"ELEGAS_VA":505.44,"ELEGAS_EXP":272.95,"AGUBAS_VA":103.58,"AGUBAS_EXP":4.65,"CONSTR_VA":701.84,"CONSTR_EXP":25.47,"COMREV_VA":1328.27,"COMREV_EXP":424.7,"TRATIE_VA":544.4,"TRATIE_EXP":344.13,"TRAGUA_VA":81.46,"TRAGUA_EXP":261.23,"TRAAIR_VA":33.36,"TRAAIR_EXP":210.83,"ALMSTR_VA":113.12,"ALMSTR_EXP":205.82,"POSTME_VA":205.05,"POSTME_EXP":10.67,"HOTYRE_VA":307.06,"HOTYRE_EXP":344.38,"MMTVRA_VA":82.7,"MMTVRA_EXP":23.84,"TELECO_VA":226.84,"TELECO_EXP":69.87,"ITSERV_VA":32.14,"ITSERV_EXP":10.65,"SERFIN_VA":245.83,"SERFIN_EXP":96.11,"GOBEST_VA":1429.6,"GOBEST_EXP":87.7,"SPRSCT_VA":196.65,"SPRSCT_EXP":48.61,"SEAEMP_VA":335.97,"SEAEMP_EXP":71.92,"ADPDEF_VA":975.9,"ADPDEF_EXP":0.03,"EDUCAC_VA":680.55,"EDUCAC_EXP":20.01,"SALUDH_VA":462.63,"SALUDH_EXP":28.17,"ESPARC_VA":96.56,"ESPARC_EXP":37.17,"OTRSER_VA":151.35,"OTRSER_EXP":17.97,"SERHOG_VA":16.73,"SERHOG_EXP":0.0}},{"type":"Feature","geometry":{"type":"Point","coordinates":[27.95,53.71]},"properties":{"id":"BLR","name":"Bielorrusia","continent":"europe","year":1999,"AGRPFO_VA":1187.19,"AGRPFO_EXP":122.05,"FORLOG_VA":64.51,"FORLOG_EXP":23.21,"PESCAC_VA":24.32,"PESCAC_EXP":4.83,"MINCOL_VA":2.28,"MINCOL_EXP":0.73,"PETGAS_VA":63.75,"PETGAS_EXP":21.75,"MINORE_VA":1.86,"MINORE_EXP":0.25,"MINOTH_VA":42.63,"MINOTH_EXP":21.18,"MINSER_VA":20.65,"MINSER_EXP":1.79,"ALYBEB_VA":772.57,"ALYBEB_EXP":414.25,"TEXYPR_VA":460.08,"TEXYPR_EXP":584.28,"MADYPR_VA":93.24,"MADYPR_EXP":147.48,"PAPYPR_VA":188.97,"PAPYPR_EXP":116.93,"PETREF_VA":547.44,"PETREF_EXP":248.05,"QUIMYP_VA":351.24,"QUIMYP_EXP":1124.82,"FARMED_VA":85.38,"FARMED_EXP":70.27,"HUPLAS_VA":111.12,"HUPLAS_EXP":230.92,"PRNOMT_VA":187.56,"PRNOMT_EXP":135.11,"METBAS_VA":107.26,"METBAS_EXP":284.06,"NONFER_VA":84.31,"NONFER_EXP":15.91,"PRMETA_VA":138.94,"PRMETA_EXP":200.99,"ELCTRO_VA":105.15,"ELCTRO_EXP":173.24,"ELCTRI_VA":112.83,"ELCTRI_EXP":305.17,"MAQYEQ_VA":267.96,"MAQYEQ_EXP":688.39,"AUTOMO_VA":366.51,"AUTOMO_EXP":149.09,"OTRTRA_VA":28.51,"OTRTRA_EXP":0.52,"TRANSP_VA":30.79,"TRANSP_EXP":23.78,"OTRMAN_VA":216.17,"OTRMAN_EXP":214.39,"ELEGAS_VA":290.15,"ELEGAS_EXP":3.04,"AGUBAS_VA":96.03,"AGUBAS_EXP":2.61,"CONSTR_VA":735.49,"CONSTR_EXP":12.62,"COMREV_VA":1026.03,"COMREV_EXP":348.72,"TRATIE_VA":289.36,"TRATIE_EXP":56.56,"TRAGUA_VA":83.16,"TRAGUA_EXP":200.64,"TRAAIR_VA":55.57,"TRAAIR_EXP":154.72,"ALMSTR_VA":94.01,"ALMSTR_EXP":37.26,"POSTME_VA":17.83,"POSTME_EXP":0.3,"HOTYRE_VA":250.01,"HOTYRE_EXP":4.97,"MMTVRA_VA":75.22,"MMTVRA_EXP":25.24,"TELECO_VA":183.76,"TELECO_EXP":39.87,"ITSERV_VA":55.03,"ITSERV_EXP":44.91,"SERFIN_VA":382.29,"SERFIN_EXP":39.06,"GOBEST_VA":492.5,"GOBEST_EXP":14.75,"SPRSCT_VA":276.98,"SPRSCT_EXP":152.28,"SEAEMP_VA":177.17,"SEAEMP_EXP":81.57,"ADPDEF_VA":527.37,"ADPDEF_EXP":1.15,"EDUCAC_VA":356.16,"EDUCAC_EXP":0.9,"SALUDH_VA":394.31,"SALUDH_EXP":0.74,"ESPARC_VA":72.68,"ESPARC_EXP":3.56,"OTRSER_VA":129.36,"OTRSER_EXP":1.93,"SERHOG_VA":0.0,"SERHOG_EXP":0.0}},{"type":"Feature","geometry":{"type":"Point","coordinates":[-51.93,-14.24]},"properties":{"id":"BRA","name":"Brasil","continent":"america","year":1999,"AGRPFO_VA":21516.63,"AGRPFO_EXP":3571.57,"FORLOG_VA":2167.89,"FORLOG_EXP":32.07,"PESCAC_VA":1311.2,"PESCAC_EXP":12.22,"MINCOL_VA":974.8,"MINCOL_EXP":0.31,"PETGAS_VA":5402.47,"PETGAS_EXP":3.4,"MINORE_VA":610.83,"MINORE_EXP":1233.2,"MINOTH_VA":886.58,"MINOTH_EXP":236.17,"MINSER_VA":633.05,"MINSER_EXP":25.74,"ALYBEB_VA":11657.33,"ALYBEB_EXP":6712.29,"TEXYPR_VA":9031.86,"TEXYPR_EXP":2067.69,"MADYPR_VA":1611.64,"MADYPR_EXP":915.4,"PAPYPR_VA":5886.92,"PAPYPR_EXP":1934.27,"PETREF_VA":6614.91,"PETREF_EXP":1355.55,"QUIMYP_VA":6888.94,"QUIMYP_EXP":2204.85,"FARMED_VA":3545.22,"FARMED_EXP":440.65,"HUPLAS_VA":3095.18,"HUPLAS_EXP":780.66,"PRNOMT_VA":2970.44,"PRNOMT_EXP":578.0,"METBAS_VA":2078.12,"METBAS_EXP":2732.01,"NONFER_VA":1085.16,"NONFER_EXP":2057.09,"PRMETA_VA":4692.13,"PRMETA_EXP":640.93,"ELCTRO_VA":2984.38,"ELCTRO_EXP":1502.46,"ELCTRI_VA":2360.47,"ELCTRI_EXP":839.73,"MAQYEQ_VA":6102.57,"MAQYEQ_EXP":2103.82,"AUTOMO_VA":7223.86,"AUTOMO_EXP":4192.14,"OTRTRA_VA":440.48,"OTRTRA_EXP":11.88,"TRANSP_VA":750.01,"TRANSP_EXP":1269.43,"OTRMAN_VA":2958.3,"OTRMAN_EXP":1507.85,"ELEGAS_VA":15060.19,"ELEGAS_EXP":38.73,"AGUBAS_VA":4093.32,"AGUBAS_EXP":0.37,"CONSTR_VA":35749.18,"CONSTR_EXP":1.89,"COMREV_VA":80897.3,"COMREV_EXP":10015.61,"TRATIE_VA":14674.23,"TRATIE_EXP":1068.2,"TRAGUA_VA":535.6,"TRAGUA_EXP":195.42,"TRAAIR_VA":969.95,"TRAAIR_EXP":309.9,"ALMSTR_VA":5765.76,"ALMSTR_EXP":519.99,"POSTME_VA":1320.58,"POSTME_EXP":1.53,"HOTYRE_VA":10655.98,"HOTYRE_EXP":406.88,"MMTVRA_VA":3549.43,"MMTVRA_EXP":132.9,"TELECO_VA":8849.99,"TELECO_EXP":61.85,"ITSERV_VA":6684.59,"ITSERV_EXP":66.84,"SERFIN_VA":36621.49,"SERFIN_EXP":425.89,"GOBEST_VA":58328.6,"GOBEST_EXP":17.32,"SPRSCT_VA":20130.0,"SPRSCT_EXP":2140.72,"SEAEMP_VA":18352.94,"SEAEMP_EXP":987.55,"ADPDEF_VA":46242.86,"ADPDEF_EXP":94.25,"EDUCAC_VA":24571.15,"EDUCAC_EXP":23.08,"SALUDH_VA":14207.56,"SALUDH_EXP":19.95,"ESPARC_VA":5447.91,"ESPARC_EXP":105.55,"OTRSER_VA":9482.05,"OTRSER_EXP":22.52,"SERHOG_VA":5294.75,"SERHOG_EXP":0.0}},{"type":"Feature","geometry":{"type":"Point","coordinates":[114.73,4.54]},"properties":{"id":"BRN","name":"Brunéi","continent":"asia","year":1999,"AGRPFO_VA":14.28,"AGRPFO_EXP":0.35,"FORLOG_VA":4.9,"FORLOG_EXP":0.03,"PESCAC_VA":14.24,"PESCAC_EXP":0.12,"MINCOL_VA":239.06,"MINCOL_EXP":0.0,"PETGAS_VA":1911.42,"PETGAS_EXP":1977.23,"MINORE_VA":258.17,"MINORE_EXP":0.04,"MINOTH_VA":179.56,"MINOTH_EXP":0.05,"MINSER_VA":149.82,"MINSER_EXP":27.49,"ALYBEB_VA":5.3,"ALYBEB_EXP":0.42,"TEXYPR_VA":8.99,"TEXYPR_EXP":8.3,"MADYPR_VA":0.97,"MADYPR_EXP":0.07,"PAPYPR_VA":2.36,"PAPYPR_EXP":0.19,"PETREF_VA":586.88,"PETREF_EXP":53.49,"QUIMYP_VA":3.46,"QUIMYP_EXP":0.05,"FARMED_VA":2.6,"FARMED_EXP":0.15,"HUPLAS_VA":3.73,"HUPLAS_EXP":0.13,"PRNOMT_VA":7.48,"PRNOMT_EXP":0.16,"METBAS_VA":0.73,"METBAS_EXP":0.07,"NONFER_VA":0.58,"NONFER_EXP":0.48,"PRMETA_VA":3.02,"PRMETA_EXP":0.15,"ELCTRO_VA":1.01,"ELCTRO_EXP":0.18,"ELCTRI_VA":1.73,"ELCTRI_EXP":0.11,"MAQYEQ_VA":2.88,"MAQYEQ_EXP":0.26,"AUTOMO_VA":0.0,"AUTOMO_EXP":0.0,"OTRTRA_VA":1.96,"OTRTRA_EXP":0.02,"TRANSP_VA":2.0,"TRANSP_EXP":0.05,"OTRMAN_VA":1.67,"OTRMAN_EXP":1.71,"ELEGAS_VA":30.82,"ELEGAS_EXP":0.07,"AGUBAS_VA":8.16,"AGUBAS_EXP":0.2,"CONSTR_VA":92.89,"CONSTR_EXP":0.15,"COMREV_VA":219.98,"COMREV_EXP":11.44,"TRATIE_VA":35.92,"TRATIE_EXP":7.45,"TRAGUA_VA":41.62,"TRAGUA_EXP":5.98,"TRAAIR_VA":12.86,"TRAAIR_EXP":12.72,"ALMSTR_VA":14.67,"ALMSTR_EXP":4.4,"POSTME_VA":2.84,"POSTME_EXP":3.25,"HOTYRE_VA":47.13,"HOTYRE_EXP":16.41,"MMTVRA_VA":3.86,"MMTVRA_EXP":0.79,"TELECO_VA":87.66,"TELECO_EXP":5.09,"ITSERV_VA":9.47,"ITSERV_EXP":4.0,"SERFIN_VA":257.22,"SERFIN_EXP":5.75,"GOBEST_VA":74.25,"GOBEST_EXP":4.39,"SPRSCT_VA":93.84,"SPRSCT_EXP":45.69,"SEAEMP_VA":28.83,"SEAEMP_EXP":19.32,"ADPDEF_VA":488.24,"ADPDEF_EXP":0.07,"EDUCAC_VA":127.35,"EDUCAC_EXP":1.31,"SALUDH_VA":61.57,"SALUDH_EXP":1.04,"ESPARC_VA":5.23,"ESPARC_EXP":1.1,"OTRSER_VA":6.73,"OTRSER_EXP":1.02,"SERHOG_VA":4.89,"SERHOG_EXP":0.0}},{"type":"Feature","geometry":{"type":"Point","coordinates":[-106.35,56.13]},"properties":{"id":"CAN","name":"Canadá","continent":"america","year":1999,"AGRPFO_VA":8634.6,"AGRPFO_EXP":6330.53,"FORLOG_VA":3813.57,"FORLOG_EXP":458.9,"PESCAC_VA":956.24,"PESCAC_EXP":399.65,"MINCOL_VA":561.78,"MINCOL_EXP":872.04,"PETGAS_VA":15037.6,"PETGAS_EXP":22904.82,"MINORE_VA":2768.82,"MINORE_EXP":4675.98,"MINOTH_VA":2189.11,"MINOTH_EXP":1232.76,"MINSER_VA":2333.2,"MINSER_EXP":145.17,"ALYBEB_VA":13422.26,"ALYBEB_EXP":11515.92,"TEXYPR_VA":4648.36,"TEXYPR_EXP":3960.81,"MADYPR_VA":8042.02,"MADYPR_EXP":13997.91,"PAPYPR_VA":10396.09,"PAPYPR_EXP":16467.7,"PETREF_VA":1196.69,"PETREF_EXP":4236.05,"QUIMYP_VA":6552.27,"QUIMYP_EXP":10028.07,"FARMED_VA":1703.32,"FARMED_EXP":1350.6,"HUPLAS_VA":5294.52,"HUPLAS_EXP":6695.79,"PRNOMT_VA":3058.85,"PRNOMT_EXP":2182.43,"METBAS_VA":3732.75,"METBAS_EXP":3277.74,"NONFER_VA":3230.08,"NONFER_EXP":10798.28,"PRMETA_VA":7410.67,"PRMETA_EXP":7474.88,"ELCTRO_VA":7726.42,"ELCTRO_EXP":7157.39,"ELCTRI_VA":2462.98,"ELCTRI_EXP":4544.2,"MAQYEQ_VA":7111.0,"MAQYEQ_EXP":10479.93,"AUTOMO_VA":21214.0,"AUTOMO_EXP":36232.05,"OTRTRA_VA":358.66,"OTRTRA_EXP":502.42,"TRANSP_VA":5329.31,"TRANSP_EXP":9395.18,"OTRMAN_VA":7419.08,"OTRMAN_EXP":5306.84,"ELEGAS_VA":17174.22,"ELEGAS_EXP":2160.79,"AGUBAS_VA":2072.01,"AGUBAS_EXP":70.37,"CONSTR_VA":33276.7,"CONSTR_EXP":343.94,"COMREV_VA":67853.65,"COMREV_EXP":26277.8,"TRATIE_VA":16882.97,"TRATIE_EXP":2728.3,"TRAGUA_VA":743.62,"TRAGUA_EXP":415.78,"TRAAIR_VA":3512.75,"TRAAIR_EXP":4821.89,"ALMSTR_VA":4858.51,"ALMSTR_EXP":1055.91,"POSTME_VA":3680.15,"POSTME_EXP":463.15,"HOTYRE_VA":15528.59,"HOTYRE_EXP":4717.1,"MMTVRA_VA":9061.62,"MMTVRA_EXP":2211.07,"TELECO_VA":10862.46,"TELECO_EXP":724.98,"ITSERV_VA":7467.16,"ITSERV_EXP":1660.83,"SERFIN_VA":42045.32,"SERFIN_EXP":4350.05,"GOBEST_VA":65902.46,"GOBEST_EXP":551.05,"SPRSCT_VA":36349.13,"SPRSCT_EXP":4144.48,"SEAEMP_VA":16334.76,"SEAEMP_EXP":2870.61,"ADPDEF_VA":40517.01,"ADPDEF_EXP":1369.14,"EDUCAC_VA":33796.88,"EDUCAC_EXP":784.31,"SALUDH_VA":39171.46,"SALUDH_EXP":377.01,"ESPARC_VA":5823.58,"ESPARC_EXP":1625.78,"OTRSER_VA":8490.58,"OTRSER_EXP":159.1,"SERHOG_VA":1399.48,"SERHOG_EXP":0.0}},{"type":"Feature","geometry":{"type":"Point","coordinates":[8.23,46.82]},"properties":{"id":"CHE","name":"Suiza","continent":"europe","year":1999,"AGRPFO_VA":2886.13,"AGRPFO_EXP":122.12,"FORLOG_VA":246.16,"FORLOG_EXP":115.49,"PESCAC_VA":16.1,"PESCAC_EXP":10.09,"MINCOL_VA":0.0,"MINCOL_EXP":0.0,"PETGAS_VA":0.0,"PETGAS_EXP":0.0,"MINORE_VA":39.28,"MINORE_EXP":20.39,"MINOTH_VA":401.03,"MINOTH_EXP":95.82,"MINSER_VA":47.66,"MINSER_EXP":12.19,"ALYBEB_VA":4996.93,"ALYBEB_EXP":2735.21,"TEXYPR_VA":992.19,"TEXYPR_EXP":1497.28,"MADYPR_VA":1921.61,"MADYPR_EXP":364.59,"PAPYPR_VA":3079.68,"PAPYPR_EXP":1437.32,"PETREF_VA":130.21,"PETREF_EXP":171.72,"QUIMYP_VA":3145.26,"QUIMYP_EXP":4059.16,"FARMED_VA":6570.66,"FARMED_EXP":5693.2,"HUPLAS_VA":1905.98,"HUPLAS_EXP":1781.23,"PRNOMT_VA":1487.24,"PRNOMT_EXP":497.51,"METBAS_VA":685.57,"METBAS_EXP":656.92,"NONFER_VA":750.3,"NONFER_EXP":744.37,"PRMETA_VA":5595.86,"PRMETA_EXP":2370.24,"ELCTRO_VA":8503.78,"ELCTRO_EXP":8458.81,"ELCTRI_VA":3644.4,"ELCTRI_EXP":4831.55,"MAQYEQ_VA":7579.11,"MAQYEQ_EXP":11141.39,"AUTOMO_VA":334.96,"AUTOMO_EXP":548.71,"OTRTRA_VA":17.26,"OTRTRA_EXP":3.3,"TRANSP_VA":358.62,"TRANSP_EXP":487.57,"OTRMAN_VA":3686.96,"OTRMAN_EXP":2258.34,"ELEGAS_VA":6958.17,"ELEGAS_EXP":17.93,"AGUBAS_VA":1358.4,"AGUBAS_EXP":7.75,"CONSTR_VA":15570.26,"CONSTR_EXP":203.49,"COMREV_VA":41201.78,"COMREV_EXP":15900.95,"TRATIE_VA":5975.9,"TRATIE_EXP":4571.01,"TRAGUA_VA":211.86,"TRAGUA_EXP":2885.26,"TRAAIR_VA":973.64,"TRAAIR_EXP":2046.78,"ALMSTR_VA":2050.23,"ALMSTR_EXP":839.13,"POSTME_VA":2267.79,"POSTME_EXP":906.64,"HOTYRE_VA":7585.22,"HOTYRE_EXP":2304.2,"MMTVRA_VA":2342.41,"MMTVRA_EXP":2005.41,"TELECO_VA":4988.86,"TELECO_EXP":1138.02,"ITSERV_VA":6148.01,"ITSERV_EXP":3187.79,"SERFIN_VA":34456.25,"SERFIN_EXP":18600.83,"GOBEST_VA":20357.42,"GOBEST_EXP":593.03,"SPRSCT_VA":20892.18,"SPRSCT_EXP":2076.19,"SEAEMP_VA":6605.25,"SEAEMP_EXP":2067.6,"ADPDEF_VA":23934.67,"ADPDEF_EXP":296.63,"EDUCAC_VA":2233.04,"EDUCAC_EXP":149.89,"SALUDH_VA":17502.13,"SALUDH_EXP":159.97,"ESPARC_VA":1416.3,"ESPARC_EXP":375.64,"OTRSER_VA":3766.49,"OTRSER_EXP":118.09,"SERHOG_VA":1079.21,"SERHOG_EXP":0.0}},{"type":"Feature","geometry":{"type":"Point","coordinates":[-71.54,-35.68]},"properties":{"id":"CHL","name":"Chile","continent":"america","year":1999,"AGRPFO_VA":1898.88,"AGRPFO_EXP":979.78,"FORLOG_VA":543.78,"FORLOG_EXP":55.6,"PESCAC_VA":981.31,"PESCAC_EXP":595.37,"MINCOL_VA":9.89,"MINCOL_EXP":0.16,"PETGAS_VA":67.21,"PETGAS_EXP":3.25,"MINORE_VA":7308.77,"MINORE_EXP":7275.31,"MINOTH_VA":269.2,"MINOTH_EXP":28.16,"MINSER_VA":185.88,"MINSER_EXP":14.47,"ALYBEB_VA":2601.11,"ALYBEB_EXP":2053.08,"TEXYPR_VA":281.82,"TEXYPR_EXP":284.36,"MADYPR_VA":335.6,"MADYPR_EXP":685.98,"PAPYPR_VA":724.94,"PAPYPR_EXP":795.16,"PETREF_VA":330.36,"PETREF_EXP":261.54,"QUIMYP_VA":965.08,"QUIMYP_EXP":436.47,"FARMED_VA":215.23,"FARMED_EXP":18.85,"HUPLAS_VA":303.18,"HUPLAS_EXP":156.85,"PRNOMT_VA":398.82,"PRNOMT_EXP":54.61,"METBAS_VA":117.7,"METBAS_EXP":68.32,"NONFER_VA":217.15,"NONFER_EXP":95.72,"PRMETA_VA":518.49,"PRMETA_EXP":145.14,"ELCTRO_VA":1245.4,"ELCTRO_EXP":63.84,"ELCTRI_VA":212.04,"ELCTRI_EXP":119.53,"MAQYEQ_VA":248.27,"MAQYEQ_EXP":182.04,"AUTOMO_VA":0.13,"AUTOMO_EXP":0.06,"OTRTRA_VA":62.39,"OTRTRA_EXP":29.4,"TRANSP_VA":119.16,"TRANSP_EXP":40.87,"OTRMAN_VA":380.22,"OTRMAN_EXP":347.18,"ELEGAS_VA":1544.19,"ELEGAS_EXP":16.9,"AGUBAS_VA":447.85,"AGUBAS_EXP":0.56,"CONSTR_VA":4303.63,"CONSTR_EXP":0.44,"COMREV_VA":6467.7,"COMREV_EXP":1456.68,"TRATIE_VA":2342.53,"TRATIE_EXP":720.06,"TRAGUA_VA":149.22,"TRAGUA_EXP":1106.42,"TRAAIR_VA":595.68,"TRAAIR_EXP":749.8,"ALMSTR_VA":968.9,"ALMSTR_EXP":318.42,"POSTME_VA":99.38,"POSTME_EXP":139.55,"HOTYRE_VA":1315.93,"HOTYRE_EXP":331.39,"MMTVRA_VA":230.05,"MMTVRA_EXP":61.4,"TELECO_VA":1181.47,"TELECO_EXP":193.94,"ITSERV_VA":790.84,"ITSERV_EXP":63.98,"SERFIN_VA":3346.94,"SERFIN_EXP":268.64,"GOBEST_VA":5411.64,"GOBEST_EXP":94.8,"SPRSCT_VA":4816.84,"SPRSCT_EXP":163.89,"SEAEMP_VA":2698.78,"SEAEMP_EXP":221.38,"ADPDEF_VA":3733.67,"ADPDEF_EXP":44.82,"EDUCAC_VA":3545.75,"EDUCAC_EXP":21.52,"SALUDH_VA":3341.74,"SALUDH_EXP":17.31,"ESPARC_VA":284.31,"ESPARC_EXP":77.93,"OTRSER_VA":1129.89,"OTRSER_EXP":25.65,"SERHOG_VA":0.0,"SERHOG_EXP":0.0}},{"type":"Feature","geometry":{"type":"Point","coordinates":[104.2,35.86]},"properties":{"id":"CHN","name":"China","continent":"asia","year":1999,"AGRPFO_VA":133784.59,"AGRPFO_EXP":2672.47,"FORLOG_VA":9944.7,"FORLOG_EXP":18.08,"PESCAC_VA":16429.57,"PESCAC_EXP":372.73,"MINCOL_VA":12783.71,"MINCOL_EXP":794.77,"PETGAS_VA":17943.99,"PETGAS_EXP":710.92,"MINORE_VA":5492.79,"MINORE_EXP":484.35,"MINOTH_VA":4407.05,"MINOTH_EXP":665.98,"MINSER_VA":1034.23,"MINSER_EXP":143.85,"ALYBEB_VA":43017.28,"ALYBEB_EXP":7038.9,"TEXYPR_VA":37838.88,"TEXYPR_EXP":43972.91,"MADYPR_VA":3839.65,"MADYPR_EXP":1537.68,"PAPYPR_VA":12507.3,"PAPYPR_EXP":791.46,"PETREF_VA":14679.59,"PETREF_EXP":1426.1,"QUIMYP_VA":27691.12,"QUIMYP_EXP":7355.48,"FARMED_VA":9638.37,"FARMED_EXP":1279.42,"HUPLAS_VA":14298.04,"HUPLAS_EXP":4166.76,"PRNOMT_VA":21870.59,"PRNOMT_EXP":2615.57,"METBAS_VA":19558.58,"METBAS_EXP":1939.02,"NONFER_VA":8659.77,"NONFER_EXP":2151.95,"PRMETA_VA":11230.97,"PRMETA_EXP":5241.77,"ELCTRO_VA":29130.46,"ELCTRO_EXP":25705.72,"ELCTRI_VA":20503.42,"ELCTRI_EXP":11348.23,"MAQYEQ_VA":26335.07,"MAQYEQ_EXP":5281.43,"AUTOMO_VA":23634.03,"AUTOMO_EXP":1630.52,"OTRTRA_VA":1460.17,"OTRTRA_EXP":1217.72,"TRANSP_VA":2903.45,"TRANSP_EXP":1792.82,"OTRMAN_VA":6688.24,"OTRMAN_EXP":12618.75,"ELEGAS_VA":35458.5,"ELEGAS_EXP":352.77,"AGUBAS_VA":5008.26,"AGUBAS_EXP":0.04,"CONSTR_VA":62344.17,"CONSTR_EXP":0.15,"COMREV_VA":80829.39,"COMREV_EXP":9217.4,"TRATIE_VA":35371.32,"TRATIE_EXP":3121.93,"TRAGUA_VA":10103.66,"TRAGUA_EXP":13822.76,"TRAAIR_VA":3696.79,"TRAAIR_EXP":6457.84,"ALMSTR_VA":5249.84,"ALMSTR_EXP":1759.03,"POSTME_VA":2443.68,"POSTME_EXP":13.23,"HOTYRE_VA":21136.81,"HOTYRE_EXP":2959.0,"MMTVRA_VA":2474.17,"MMTVRA_EXP":517.44,"TELECO_VA":15864.61,"TELECO_EXP":494.29,"ITSERV_VA":7253.85,"ITSERV_EXP":480.01,"SERFIN_VA":46845.36,"SERFIN_EXP":516.46,"GOBEST_VA":40190.17,"GOBEST_EXP":890.57,"SPRSCT_VA":12515.03,"SPRSCT_EXP":2909.22,"SEAEMP_VA":16473.75,"SEAEMP_EXP":2648.55,"ADPDEF_VA":38401.19,"ADPDEF_EXP":0.3,"EDUCAC_VA":30569.22,"EDUCAC_EXP":122.84,"SALUDH_VA":16588.59,"SALUDH_EXP":187.88,"ESPARC_VA":5163.06,"ESPARC_EXP":436.43,"OTRSER_VA":16565.42,"OTRSER_EXP":179.72,"SERHOG_VA":0.0,"SERHOG_EXP":0.0}},{"type":"Feature","geometry":{"type":"Point","coordinates":[-5.55,7.54]},"properties":{"id":"CIV","name":"Costa de Marfil","continent":"other","year":1999,"AGRPFO_VA":3072.17,"AGRPFO_EXP":1448.02,"FORLOG_VA":87.02,"FORLOG_EXP":2.33,"PESCAC_VA":35.06,"PESCAC_EXP":1.57,"MINCOL_VA":0.89,"MINCOL_EXP":1.97,"PETGAS_VA":9.44,"PETGAS_EXP":20.45,"MINORE_VA":24.33,"MINORE_EXP":29.54,"MINOTH_VA":3.12,"MINOTH_EXP":7.13,"MINSER_VA":2.24,"MINSER_EXP":2.68,"ALYBEB_VA":652.59,"ALYBEB_EXP":578.79,"TEXYPR_VA":368.13,"TEXYPR_EXP":149.2,"MADYPR_VA":167.13,"MADYPR_EXP":204.26,"PAPYPR_VA":88.42,"PAPYPR_EXP":2.15,"PETREF_VA":259.75,"PETREF_EXP":408.11,"QUIMYP_VA":69.4,"QUIMYP_EXP":121.43,"FARMED_VA":49.8,"FARMED_EXP":1.51,"HUPLAS_VA":81.4,"HUPLAS_EXP":100.99,"PRNOMT_VA":116.01,"PRNOMT_EXP":30.76,"METBAS_VA":9.72,"METBAS_EXP":15.76,"NONFER_VA":9.47,"NONFER_EXP":12.48,"PRMETA_VA":83.09,"PRMETA_EXP":27.07,"ELCTRO_VA":0.0,"ELCTRO_EXP":0.0,"ELCTRI_VA":0.6,"ELCTRI_EXP":0.1,"MAQYEQ_VA":34.15,"MAQYEQ_EXP":6.92,"AUTOMO_VA":13.2,"AUTOMO_EXP":2.06,"OTRTRA_VA":2.1,"OTRTRA_EXP":0.34,"TRANSP_VA":3.26,"TRANSP_EXP":0.18,"OTRMAN_VA":156.94,"OTRMAN_EXP":19.99,"ELEGAS_VA":217.95,"ELEGAS_EXP":47.53,"AGUBAS_VA":37.71,"AGUBAS_EXP":0.31,"CONSTR_VA":268.02,"CONSTR_EXP":4.48,"COMREV_VA":1563.84,"COMREV_EXP":402.28,"TRATIE_VA":287.25,"TRATIE_EXP":75.94,"TRAGUA_VA":24.77,"TRAGUA_EXP":40.03,"TRAAIR_VA":57.39,"TRAAIR_EXP":43.85,"ALMSTR_VA":183.55,"ALMSTR_EXP":47.54,"POSTME_VA":39.66,"POSTME_EXP":9.29,"HOTYRE_VA":71.33,"HOTYRE_EXP":20.36,"MMTVRA_VA":70.5,"MMTVRA_EXP":10.69,"TELECO_VA":154.05,"TELECO_EXP":18.1,"ITSERV_VA":157.69,"ITSERV_EXP":57.57,"SERFIN_VA":437.26,"SERFIN_EXP":16.26,"GOBEST_VA":723.57,"GOBEST_EXP":8.44,"SPRSCT_VA":184.52,"SPRSCT_EXP":24.29,"SEAEMP_VA":364.0,"SEAEMP_EXP":2.21,"ADPDEF_VA":1113.53,"ADPDEF_EXP":0.06,"EDUCAC_VA":381.01,"EDUCAC_EXP":1.6,"SALUDH_VA":91.9,"SALUDH_EXP":1.02,"ESPARC_VA":20.91,"ESPARC_EXP":2.13,"OTRSER_VA":376.26,"OTRSER_EXP":1.04,"SERHOG_VA":30.04,"SERHOG_EXP":0.0}},{"type":"Feature","geometry":{"type":"Point","coordinates":[12.35,7.37]},"properties":{"id":"CMR","name":"Camerún","continent":"other","year":1999,"AGRPFO_VA":1476.87,"AGRPFO_EXP":278.97,"FORLOG_VA":515.79,"FORLOG_EXP":76.35,"PESCAC_VA":208.72,"PESCAC_EXP":1.37,"MINCOL_VA":87.7,"MINCOL_EXP":8.54,"PETGAS_VA":440.8,"PETGAS_EXP":593.33,"MINORE_VA":7.74,"MINORE_EXP":0.26,"MINOTH_VA":47.07,"MINOTH_EXP":0.4,"MINSER_VA":54.39,"MINSER_EXP":61.95,"ALYBEB_VA":995.34,"ALYBEB_EXP":56.53,"TEXYPR_VA":436.84,"TEXYPR_EXP":142.46,"MADYPR_VA":124.11,"MADYPR_EXP":100.02,"PAPYPR_VA":21.51,"PAPYPR_EXP":4.72,"PETREF_VA":68.37,"PETREF_EXP":65.73,"QUIMYP_VA":18.25,"QUIMYP_EXP":36.69,"FARMED_VA":10.62,"FARMED_EXP":0.47,"HUPLAS_VA":8.14,"HUPLAS_EXP":2.42,"PRNOMT_VA":30.5,"PRNOMT_EXP":30.82,"METBAS_VA":4.65,"METBAS_EXP":2.06,"NONFER_VA":14.3,"NONFER_EXP":36.34,"PRMETA_VA":7.47,"PRMETA_EXP":11.03,"ELCTRO_VA":4.73,"ELCTRO_EXP":2.12,"ELCTRI_VA":3.05,"ELCTRI_EXP":5.71,"MAQYEQ_VA":3.95,"MAQYEQ_EXP":6.45,"AUTOMO_VA":4.01,"AUTOMO_EXP":0.9,"OTRTRA_VA":0.54,"OTRTRA_EXP":0.8,"TRANSP_VA":0.84,"TRANSP_EXP":1.18,"OTRMAN_VA":66.15,"OTRMAN_EXP":3.14,"ELEGAS_VA":81.07,"ELEGAS_EXP":0.05,"AGUBAS_VA":77.41,"AGUBAS_EXP":0.26,"CONSTR_VA":781.41,"CONSTR_EXP":1.5,"COMREV_VA":969.9,"COMREV_EXP":127.63,"TRATIE_VA":521.82,"TRATIE_EXP":73.5,"TRAGUA_VA":64.51,"TRAGUA_EXP":25.42,"TRAAIR_VA":76.09,"TRAAIR_EXP":36.53,"ALMSTR_VA":247.92,"ALMSTR_EXP":46.38,"POSTME_VA":95.27,"POSTME_EXP":11.66,"HOTYRE_VA":572.11,"HOTYRE_EXP":9.92,"MMTVRA_VA":49.52,"MMTVRA_EXP":16.4,"TELECO_VA":81.11,"TELECO_EXP":8.74,"ITSERV_VA":97.59,"ITSERV_EXP":2.86,"SERFIN_VA":162.04,"SERFIN_EXP":14.43,"GOBEST_VA":538.95,"GOBEST_EXP":4.56,"SPRSCT_VA":318.46,"SPRSCT_EXP":98.28,"SEAEMP_VA":195.27,"SEAEMP_EXP":133.85,"ADPDEF_VA":632.64,"ADPDEF_EXP":0.04,"EDUCAC_VA":310.26,"EDUCAC_EXP":2.97,"SALUDH_VA":142.22,"SALUDH_EXP":0.56,"ESPARC_VA":130.86,"ESPARC_EXP":57.69,"OTRSER_VA":143.44,"OTRSER_EXP":0.74,"SERHOG_VA":11.16,"SERHOG_EXP":0.0}},{"type":"Feature","geometry":{"type":"Point","coordinates":[21.76,-4.04]},"properties":{"id":"COD","name":"R.D. Congo","continent":"other","year":1999,"AGRPFO_VA":1498.98,"AGRPFO_EXP":224.49,"FORLOG_VA":161.5,"FORLOG_EXP":69.4,"PESCAC_VA":138.82,"PESCAC_EXP":1.76,"MINCOL_VA":3.66,"MINCOL_EXP":3.45,"PETGAS_VA":199.57,"PETGAS_EXP":217.74,"MINORE_VA":349.89,"MINORE_EXP":420.79,"MINOTH_VA":579.43,"MINOTH_EXP":131.25,"MINSER_VA":39.21,"MINSER_EXP":1.34,"ALYBEB_VA":963.78,"ALYBEB_EXP":26.11,"TEXYPR_VA":171.27,"TEXYPR_EXP":4.63,"MADYPR_VA":15.86,"MADYPR_EXP":24.81,"PAPYPR_VA":19.24,"PAPYPR_EXP":0.68,"PETREF_VA":3.62,"PETREF_EXP":7.87,"QUIMYP_VA":41.76,"QUIMYP_EXP":13.36,"FARMED_VA":4.75,"FARMED_EXP":1.45,"HUPLAS_VA":31.58,"HUPLAS_EXP":0.74,"PRNOMT_VA":38.35,"PRNOMT_EXP":1.25,"METBAS_VA":36.32,"METBAS_EXP":2.2,"NONFER_VA":181.18,"NONFER_EXP":279.34,"PRMETA_VA":18.89,"PRMETA_EXP":1.07,"ELCTRO_VA":0.37,"ELCTRO_EXP":0.33,"ELCTRI_VA":30.42,"ELCTRI_EXP":1.03,"MAQYEQ_VA":1.58,"MAQYEQ_EXP":1.23,"AUTOMO_VA":65.35,"AUTOMO_EXP":4.38,"OTRTRA_VA":6.8,"OTRTRA_EXP":0.12,"TRANSP_VA":0.19,"TRANSP_EXP":0.11,"OTRMAN_VA":59.02,"OTRMAN_EXP":17.39,"ELEGAS_VA":41.9,"ELEGAS_EXP":33.29,"AGUBAS_VA":25.77,"AGUBAS_EXP":0.73,"CONSTR_VA":192.66,"CONSTR_EXP":0.81,"COMREV_VA":660.57,"COMREV_EXP":68.02,"TRATIE_VA":743.82,"TRATIE_EXP":205.34,"TRAGUA_VA":51.88,"TRAGUA_EXP":28.59,"TRAAIR_VA":30.97,"TRAAIR_EXP":9.71,"ALMSTR_VA":96.34,"ALMSTR_EXP":29.69,"POSTME_VA":12.1,"POSTME_EXP":0.96,"HOTYRE_VA":290.33,"HOTYRE_EXP":39.43,"MMTVRA_VA":66.8,"MMTVRA_EXP":23.05,"TELECO_VA":402.28,"TELECO_EXP":22.28,"ITSERV_VA":3.8,"ITSERV_EXP":2.78,"SERFIN_VA":117.26,"SERFIN_EXP":46.57,"GOBEST_VA":408.09,"GOBEST_EXP":3.34,"SPRSCT_VA":145.52,"SPRSCT_EXP":38.6,"SEAEMP_VA":90.6,"SEAEMP_EXP":6.13,"ADPDEF_VA":269.4,"ADPDEF_EXP":0.7,"EDUCAC_VA":109.36,"EDUCAC_EXP":2.26,"SALUDH_VA":221.26,"SALUDH_EXP":2.72,"ESPARC_VA":40.31,"ESPARC_EXP":5.46,"OTRSER_VA":69.68,"OTRSER_EXP":2.12,"SERHOG_VA":27.52,"SERHOG_EXP":0.0}},{"type":"Feature","geometry":{"type":"Point","coordinates":[-74.3,4.57]},"properties":{"id":"COL","name":"Colombia","continent":"america","year":1999,"AGRPFO_VA":6740.99,"AGRPFO_EXP":3377.86,"FORLOG_VA":79.76,"FORLOG_EXP":2.79,"PESCAC_VA":658.97,"PESCAC_EXP":11.76,"MINCOL_VA":1330.95,"MINCOL_EXP":815.61,"PETGAS_VA":3803.75,"PETGAS_EXP":3289.91,"MINORE_VA":583.18,"MINORE_EXP":3.11,"MINOTH_VA":238.85,"MINOTH_EXP":9.56,"MINSER_VA":30.11,"MINSER_EXP":4.48,"ALYBEB_VA":5018.99,"ALYBEB_EXP":490.11,"TEXYPR_VA":2073.6,"TEXYPR_EXP":673.01,"MADYPR_VA":132.19,"MADYPR_EXP":19.69,"PAPYPR_VA":804.96,"PAPYPR_EXP":156.25,"PETREF_VA":404.8,"PETREF_EXP":539.09,"QUIMYP_VA":1584.96,"QUIMYP_EXP":1067.69,"FARMED_VA":436.6,"FARMED_EXP":125.52,"HUPLAS_VA":519.56,"HUPLAS_EXP":209.67,"PRNOMT_VA":1105.54,"PRNOMT_EXP":320.81,"METBAS_VA":360.93,"METBAS_EXP":619.03,"NONFER_VA":32.55,"NONFER_EXP":102.34,"PRMETA_VA":328.01,"PRMETA_EXP":49.41,"ELCTRO_VA":350.75,"ELCTRO_EXP":24.18,"ELCTRI_VA":304.9,"ELCTRI_EXP":133.34,"MAQYEQ_VA":885.48,"MAQYEQ_EXP":111.26,"AUTOMO_VA":260.87,"AUTOMO_EXP":30.37,"OTRTRA_VA":0.54,"OTRTRA_EXP":0.54,"TRANSP_VA":47.48,"TRANSP_EXP":9.64,"OTRMAN_VA":872.72,"OTRMAN_EXP":96.62,"ELEGAS_VA":1706.3,"ELEGAS_EXP":1.96,"AGUBAS_VA":1077.35,"AGUBAS_EXP":1.22,"CONSTR_VA":2617.33,"CONSTR_EXP":1.9,"COMREV_VA":7378.38,"COMREV_EXP":1177.74,"TRATIE_VA":3248.28,"TRATIE_EXP":221.33,"TRAGUA_VA":52.58,"TRAGUA_EXP":20.67,"TRAAIR_VA":384.83,"TRAAIR_EXP":76.94,"ALMSTR_VA":598.46,"ALMSTR_EXP":42.22,"POSTME_VA":140.61,"POSTME_EXP":2.49,"HOTYRE_VA":3171.56,"HOTYRE_EXP":94.83,"MMTVRA_VA":344.06,"MMTVRA_EXP":54.9,"TELECO_VA":2439.63,"TELECO_EXP":24.56,"ITSERV_VA":445.23,"ITSERV_EXP":0.85,"SERFIN_VA":4072.8,"SERFIN_EXP":21.56,"GOBEST_VA":7658.31,"GOBEST_EXP":14.19,"SPRSCT_VA":2509.11,"SPRSCT_EXP":6.58,"SEAEMP_VA":3128.21,"SEAEMP_EXP":6.85,"ADPDEF_VA":5511.97,"ADPDEF_EXP":12.05,"EDUCAC_VA":6773.25,"EDUCAC_EXP":4.96,"SALUDH_VA":4019.37,"SALUDH_EXP":4.1,"ESPARC_VA":2139.78,"ESPARC_EXP":15.13,"OTRSER_VA":1377.42,"OTRSER_EXP":4.16,"SERHOG_VA":686.59,"SERHOG_EXP":0.0}},{"type":"Feature","geometry":{"type":"Point","coordinates":[-83.75,9.75]},"properties":{"id":"CRI","name":"Costa Rica","continent":"america","year":1999,"AGRPFO_VA":1319.3,"AGRPFO_EXP":881.66,"FORLOG_VA":33.09,"FORLOG_EXP":14.07,"PESCAC_VA":13.29,"PESCAC_EXP":3.3,"MINCOL_VA":1.12,"MINCOL_EXP":0.07,"PETGAS_VA":0.2,"PETGAS_EXP":0.05,"MINORE_VA":0.07,"MINORE_EXP":0.02,"MINOTH_VA":54.74,"MINOTH_EXP":1.99,"MINSER_VA":0.06,"MINSER_EXP":0.02,"ALYBEB_VA":967.55,"ALYBEB_EXP":1288.81,"TEXYPR_VA":407.21,"TEXYPR_EXP":123.64,"MADYPR_VA":9.69,"MADYPR_EXP":16.0,"PAPYPR_VA":136.2,"PAPYPR_EXP":93.4,"PETREF_VA":27.34,"PETREF_EXP":6.03,"QUIMYP_VA":169.81,"QUIMYP_EXP":158.65,"FARMED_VA":20.93,"FARMED_EXP":30.37,"HUPLAS_VA":82.91,"HUPLAS_EXP":218.41,"PRNOMT_VA":90.34,"PRNOMT_EXP":65.51,"METBAS_VA":15.15,"METBAS_EXP":24.4,"NONFER_VA":8.13,"NONFER_EXP":19.72,"PRMETA_VA":31.02,"PRMETA_EXP":48.74,"ELCTRO_VA":111.05,"ELCTRO_EXP":100.34,"ELCTRI_VA":77.92,"ELCTRI_EXP":154.57,"MAQYEQ_VA":2.26,"MAQYEQ_EXP":5.42,"AUTOMO_VA":12.06,"AUTOMO_EXP":2.83,"OTRTRA_VA":0.47,"OTRTRA_EXP":0.57,"TRANSP_VA":0.48,"TRANSP_EXP":0.39,"OTRMAN_VA":174.75,"OTRMAN_EXP":196.03,"ELEGAS_VA":235.88,"ELEGAS_EXP":2.43,"AGUBAS_VA":104.15,"AGUBAS_EXP":0.28,"CONSTR_VA":503.66,"CONSTR_EXP":0.74,"COMREV_VA":3081.5,"COMREV_EXP":617.44,"TRATIE_VA":396.19,"TRATIE_EXP":198.35,"TRAGUA_VA":100.5,"TRAGUA_EXP":99.27,"TRAAIR_VA":20.93,"TRAAIR_EXP":37.94,"ALMSTR_VA":91.26,"ALMSTR_EXP":91.99,"POSTME_VA":21.01,"POSTME_EXP":7.45,"HOTYRE_VA":387.2,"HOTYRE_EXP":329.7,"MMTVRA_VA":107.92,"MMTVRA_EXP":25.72,"TELECO_VA":192.82,"TELECO_EXP":217.63,"ITSERV_VA":25.34,"ITSERV_EXP":19.44,"SERFIN_VA":444.74,"SERFIN_EXP":65.38,"GOBEST_VA":1079.15,"GOBEST_EXP":38.96,"SPRSCT_VA":343.35,"SPRSCT_EXP":236.16,"SEAEMP_VA":191.97,"SEAEMP_EXP":147.63,"ADPDEF_VA":431.44,"ADPDEF_EXP":6.18,"EDUCAC_VA":703.22,"EDUCAC_EXP":19.43,"SALUDH_VA":890.0,"SALUDH_EXP":21.23,"ESPARC_VA":81.07,"ESPARC_EXP":68.15,"OTRSER_VA":120.5,"OTRSER_EXP":14.44,"SERHOG_VA":147.43,"SERHOG_EXP":0.0}},{"type":"Feature","geometry":{"type":"Point","coordinates":[33.43,35.13]},"properties":{"id":"CYP","name":"Chipre","continent":"europe","year":1999,"AGRPFO_VA":381.02,"AGRPFO_EXP":84.97,"FORLOG_VA":3.01,"FORLOG_EXP":1.13,"PESCAC_VA":21.57,"PESCAC_EXP":8.09,"MINCOL_VA":0.0,"MINCOL_EXP":0.0,"PETGAS_VA":7.43,"PETGAS_EXP":0.26,"MINORE_VA":5.15,"MINORE_EXP":4.46,"MINOTH_VA":13.68,"MINOTH_EXP":12.91,"MINSER_VA":0.08,"MINSER_EXP":0.05,"ALYBEB_VA":328.63,"ALYBEB_EXP":214.37,"TEXYPR_VA":86.51,"TEXYPR_EXP":77.41,"MADYPR_VA":58.38,"MADYPR_EXP":41.13,"PAPYPR_VA":56.98,"PAPYPR_EXP":25.47,"PETREF_VA":8.76,"PETREF_EXP":82.13,"QUIMYP_VA":30.44,"QUIMYP_EXP":33.24,"FARMED_VA":21.69,"FARMED_EXP":42.43,"HUPLAS_VA":28.94,"HUPLAS_EXP":17.37,"PRNOMT_VA":100.68,"PRNOMT_EXP":22.98,"METBAS_VA":1.45,"METBAS_EXP":0.66,"NONFER_VA":8.43,"NONFER_EXP":10.25,"PRMETA_VA":72.78,"PRMETA_EXP":11.57,"ELCTRO_VA":2.92,"ELCTRO_EXP":0.2,"ELCTRI_VA":6.61,"ELCTRI_EXP":7.94,"MAQYEQ_VA":18.91,"MAQYEQ_EXP":14.6,"AUTOMO_VA":7.61,"AUTOMO_EXP":2.57,"OTRTRA_VA":0.66,"OTRTRA_EXP":0.1,"TRANSP_VA":1.05,"TRANSP_EXP":0.07,"OTRMAN_VA":72.75,"OTRMAN_EXP":60.56,"ELEGAS_VA":124.83,"ELEGAS_EXP":0.68,"AGUBAS_VA":58.05,"AGUBAS_EXP":1.89,"CONSTR_VA":842.1,"CONSTR_EXP":6.52,"COMREV_VA":1167.61,"COMREV_EXP":276.59,"TRATIE_VA":86.33,"TRATIE_EXP":70.16,"TRAGUA_VA":545.41,"TRAGUA_EXP":531.15,"TRAAIR_VA":88.85,"TRAAIR_EXP":139.51,"ALMSTR_VA":181.51,"ALMSTR_EXP":486.35,"POSTME_VA":11.76,"POSTME_EXP":17.71,"HOTYRE_VA":798.37,"HOTYRE_EXP":942.79,"MMTVRA_VA":73.84,"MMTVRA_EXP":41.15,"TELECO_VA":262.1,"TELECO_EXP":105.23,"ITSERV_VA":38.2,"ITSERV_EXP":91.93,"SERFIN_VA":755.36,"SERFIN_EXP":491.28,"GOBEST_VA":627.04,"GOBEST_EXP":121.11,"SPRSCT_VA":598.34,"SPRSCT_EXP":734.35,"SEAEMP_VA":139.53,"SEAEMP_EXP":143.72,"ADPDEF_VA":919.66,"ADPDEF_EXP":1.77,"EDUCAC_VA":514.37,"EDUCAC_EXP":51.21,"SALUDH_VA":325.52,"SALUDH_EXP":42.68,"ESPARC_VA":118.36,"ESPARC_EXP":103.78,"OTRSER_VA":187.76,"OTRSER_EXP":43.09,"SERHOG_VA":44.25,"SERHOG_EXP":0.0}},{"type":"Feature","geometry":{"type":"Point","coordinates":[15.47,49.82]},"properties":{"id":"CZE","name":"Chequia","continent":"europe","year":1999,"AGRPFO_VA":1664.49,"AGRPFO_EXP":336.88,"FORLOG_VA":484.96,"FORLOG_EXP":148.75,"PESCAC_VA":21.58,"PESCAC_EXP":18.32,"MINCOL_VA":659.09,"MINCOL_EXP":276.33,"PETGAS_VA":23.07,"PETGAS_EXP":8.15,"MINORE_VA":30.55,"MINORE_EXP":2.43,"MINOTH_VA":107.56,"MINOTH_EXP":54.73,"MINSER_VA":23.08,"MINSER_EXP":6.55,"ALYBEB_VA":1915.39,"ALYBEB_EXP":993.89,"TEXYPR_VA":890.53,"TEXYPR_EXP":997.37,"MADYPR_VA":408.28,"MADYPR_EXP":381.42,"PAPYPR_VA":502.39,"PAPYPR_EXP":503.56,"PETREF_VA":274.34,"PETREF_EXP":294.83,"QUIMYP_VA":794.34,"QUIMYP_EXP":1123.0,"FARMED_VA":286.58,"FARMED_EXP":168.63,"HUPLAS_VA":743.97,"HUPLAS_EXP":752.78,"PRNOMT_VA":1226.7,"PRNOMT_EXP":838.04,"METBAS_VA":965.31,"METBAS_EXP":608.04,"NONFER_VA":173.25,"NONFER_EXP":240.52,"PRMETA_VA":1323.23,"PRMETA_EXP":1269.6,"ELCTRO_VA":561.27,"ELCTRO_EXP":485.77,"ELCTRI_VA":838.14,"ELCTRI_EXP":1074.42,"MAQYEQ_VA":1328.27,"MAQYEQ_EXP":1254.98,"AUTOMO_VA":1795.17,"AUTOMO_EXP":2938.21,"OTRTRA_VA":1.28,"OTRTRA_EXP":2.51,"TRANSP_VA":184.36,"TRANSP_EXP":132.32,"OTRMAN_VA":1207.89,"OTRMAN_EXP":710.9,"ELEGAS_VA":1923.15,"ELEGAS_EXP":146.15,"AGUBAS_VA":640.77,"AGUBAS_EXP":33.49,"CONSTR_VA":4181.88,"CONSTR_EXP":53.66,"COMREV_VA":6583.23,"COMREV_EXP":2146.69,"TRATIE_VA":3010.86,"TRATIE_EXP":2111.98,"TRAGUA_VA":49.45,"TRAGUA_EXP":26.63,"TRAAIR_VA":255.02,"TRAAIR_EXP":480.0,"ALMSTR_VA":988.14,"ALMSTR_EXP":302.37,"POSTME_VA":277.9,"POSTME_EXP":130.79,"HOTYRE_VA":2046.03,"HOTYRE_EXP":841.78,"MMTVRA_VA":534.59,"MMTVRA_EXP":378.56,"TELECO_VA":1224.72,"TELECO_EXP":257.08,"ITSERV_VA":623.74,"ITSERV_EXP":180.95,"SERFIN_VA":2193.54,"SERFIN_EXP":880.64,"GOBEST_VA":4727.43,"GOBEST_EXP":224.8,"SPRSCT_VA":2449.89,"SPRSCT_EXP":2000.03,"SEAEMP_VA":1160.8,"SEAEMP_EXP":467.94,"ADPDEF_VA":4203.3,"ADPDEF_EXP":49.38,"EDUCAC_VA":2293.54,"EDUCAC_EXP":60.85,"SALUDH_VA":2060.72,"SALUDH_EXP":68.73,"ESPARC_VA":637.75,"ESPARC_EXP":312.42,"OTRSER_VA":876.54,"OTRSER_EXP":74.27,"SERHOG_VA":20.76,"SERHOG_EXP":0.0}},{"type":"Feature","geometry":{"type":"Point","coordinates":[10.45,51.17]},"properties":{"id":"DEU","name":"Alemania","continent":"europe","year":1999,"AGRPFO_VA":19357.92,"AGRPFO_EXP":2710.89,"FORLOG_VA":2576.53,"FORLOG_EXP":325.15,"PESCAC_VA":213.25,"PESCAC_EXP":125.0,"MINCOL_VA":2724.57,"MINCOL_EXP":227.03,"PETGAS_VA":603.26,"PETGAS_EXP":107.37,"MINORE_VA":0.0,"MINORE_EXP":0.0,"MINOTH_VA":1739.86,"MINOTH_EXP":769.09,"MINSER_VA":237.49,"MINSER_EXP":160.14,"ALYBEB_VA":37444.76,"ALYBEB_EXP":14877.85,"TEXYPR_VA":10134.1,"TEXYPR_EXP":10127.21,"MADYPR_VA":7894.8,"MADYPR_EXP":2337.57,"PAPYPR_VA":22361.8,"PAPYPR_EXP":10592.29,"PETREF_VA":2699.98,"PETREF_EXP":3664.43,"QUIMYP_VA":34598.79,"QUIMYP_EXP":39999.48,"FARMED_VA":12353.64,"FARMED_EXP":9148.76,"HUPLAS_VA":22083.51,"HUPLAS_EXP":10836.12,"PRNOMT_VA":18415.7,"PRNOMT_EXP":5487.98,"METBAS_VA":11113.99,"METBAS_EXP":12633.22,"NONFER_VA":6595.95,"NONFER_EXP":8373.17,"PRMETA_VA":39336.05,"PRMETA_EXP":14202.77,"ELCTRO_VA":27029.98,"ELCTRO_EXP":34083.4,"ELCTRI_VA":34221.76,"ELCTRI_EXP":26350.24,"MAQYEQ_VA":62669.7,"MAQYEQ_EXP":55302.05,"AUTOMO_VA":64417.77,"AUTOMO_EXP":88449.27,"OTRTRA_VA":1164.89,"OTRTRA_EXP":2061.37,"TRANSP_VA":6243.71,"TRANSP_EXP":6813.28,"OTRMAN_VA":29247.38,"OTRMAN_EXP":8019.87,"ELEGAS_VA":34958.56,"ELEGAS_EXP":923.31,"AGUBAS_VA":20076.53,"AGUBAS_EXP":311.13,"CONSTR_VA":110249.02,"CONSTR_EXP":1250.67,"COMREV_VA":203210.09,"COMREV_EXP":61712.22,"TRATIE_VA":37359.64,"TRATIE_EXP":11062.24,"TRAGUA_VA":4367.03,"TRAGUA_EXP":7471.06,"TRAAIR_VA":6821.88,"TRAAIR_EXP":8297.65,"ALMSTR_VA":25825.27,"ALMSTR_EXP":4380.26,"POSTME_VA":13421.88,"POSTME_EXP":603.09,"HOTYRE_VA":31843.63,"HOTYRE_EXP":2381.38,"MMTVRA_VA":28362.02,"MMTVRA_EXP":4115.38,"TELECO_VA":33465.65,"TELECO_EXP":1259.28,"ITSERV_VA":29279.88,"ITSERV_EXP":13389.61,"SERFIN_VA":102543.07,"SERFIN_EXP":11722.74,"GOBEST_VA":212877.12,"GOBEST_EXP":5998.69,"SPRSCT_VA":136095.1,"SPRSCT_EXP":17043.11,"SEAEMP_VA":76223.41,"SEAEMP_EXP":4378.4,"ADPDEF_VA":133064.69,"ADPDEF_EXP":0.0,"EDUCAC_VA":88668.27,"EDUCAC_EXP":385.04,"SALUDH_VA":135779.32,"SALUDH_EXP":316.8,"ESPARC_VA":24923.79,"ESPARC_EXP":914.71,"OTRSER_VA":51733.71,"OTRSER_EXP":300.75,"SERHOG_VA":5601.33,"SERHOG_EXP":0.0}},{"type":"Feature","geometry":{"type":"Point","coordinates":[9.5,56.26]},"properties":{"id":"DNK","name":"Dinamarca","continent":"europe","year":1999,"AGRPFO_VA":3111.48,"AGRPFO_EXP":1129.02,"FORLOG_VA":96.29,"FORLOG_EXP":85.22,"PESCAC_VA":387.72,"PESCAC_EXP":339.19,"MINCOL_VA":0.0,"MINCOL_EXP":0.0,"PETGAS_VA":2152.48,"PETGAS_EXP":1233.78,"MINORE_VA":0.0,"MINORE_EXP":0.0,"MINOTH_VA":132.5,"MINOTH_EXP":59.74,"MINSER_VA":46.86,"MINSER_EXP":39.17,"ALYBEB_VA":3905.5,"ALYBEB_EXP":6713.93,"TEXYPR_VA":822.79,"TEXYPR_EXP":1455.25,"MADYPR_VA":760.34,"MADYPR_EXP":596.03,"PAPYPR_VA":1630.12,"PAPYPR_EXP":609.89,"PETREF_VA":157.34,"PETREF_EXP":398.83,"QUIMYP_VA":1394.93,"QUIMYP_EXP":1349.24,"FARMED_VA":2182.36,"FARMED_EXP":2461.46,"HUPLAS_VA":1374.97,"HUPLAS_EXP":1240.22,"PRNOMT_VA":1426.21,"PRNOMT_EXP":516.09,"METBAS_VA":404.77,"METBAS_EXP":567.71,"NONFER_VA":189.26,"NONFER_EXP":292.66,"PRMETA_VA":2137.74,"PRMETA_EXP":1052.47,"ELCTRO_VA":1940.63,"ELCTRO_EXP":2792.79,"ELCTRI_VA":913.0,"ELCTRI_EXP":1460.39,"MAQYEQ_VA":3859.98,"MAQYEQ_EXP":4582.83,"AUTOMO_VA":441.98,"AUTOMO_EXP":416.71,"OTRTRA_VA":225.78,"OTRTRA_EXP":372.42,"TRANSP_VA":94.16,"TRANSP_EXP":118.98,"OTRMAN_VA":2400.23,"OTRMAN_EXP":2428.89,"ELEGAS_VA":3154.11,"ELEGAS_EXP":557.92,"AGUBAS_VA":1232.3,"AGUBAS_EXP":2.03,"CONSTR_VA":9125.04,"CONSTR_EXP":0.18,"COMREV_VA":20353.97,"COMREV_EXP":8182.16,"TRATIE_VA":3931.69,"TRATIE_EXP":2407.0,"TRAGUA_VA":1755.63,"TRAGUA_EXP":6701.41,"TRAAIR_VA":664.35,"TRAAIR_EXP":1489.11,"ALMSTR_VA":2174.12,"ALMSTR_EXP":920.48,"POSTME_VA":1270.83,"POSTME_EXP":292.42,"HOTYRE_VA":2624.49,"HOTYRE_EXP":811.97,"MMTVRA_VA":2240.15,"MMTVRA_EXP":286.32,"TELECO_VA":2542.22,"TELECO_EXP":522.81,"ITSERV_VA":2049.16,"ITSERV_EXP":793.04,"SERFIN_VA":6978.49,"SERFIN_EXP":1363.39,"GOBEST_VA":13962.19,"GOBEST_EXP":238.81,"SPRSCT_VA":7485.76,"SPRSCT_EXP":1453.77,"SEAEMP_VA":3281.15,"SEAEMP_EXP":746.18,"ADPDEF_VA":10094.5,"ADPDEF_EXP":42.74,"EDUCAC_VA":9273.46,"EDUCAC_EXP":32.09,"SALUDH_VA":16122.88,"SALUDH_EXP":106.29,"ESPARC_VA":2440.94,"ESPARC_EXP":215.94,"OTRSER_VA":2746.58,"OTRSER_EXP":96.12,"SERHOG_VA":217.82,"SERHOG_EXP":0.0}},{"type":"Feature","geometry":{"type":"Point","coordinates":[30.8,26.82]},"properties":{"id":"EGY","name":"Egipto","continent":"other","year":1999,"AGRPFO_VA":9017.28,"AGRPFO_EXP":399.08,"FORLOG_VA":1.38,"FORLOG_EXP":0.09,"PESCAC_VA":856.84,"PESCAC_EXP":3.84,"MINCOL_VA":92.55,"MINCOL_EXP":28.84,"PETGAS_VA":11400.96,"PETGAS_EXP":1534.62,"MINORE_VA":121.98,"MINORE_EXP":3.09,"MINOTH_VA":574.45,"MINOTH_EXP":144.1,"MINSER_VA":231.52,"MINSER_EXP":14.45,"ALYBEB_VA":3147.53,"ALYBEB_EXP":386.6,"TEXYPR_VA":1236.43,"TEXYPR_EXP":352.25,"MADYPR_VA":516.15,"MADYPR_EXP":9.59,"PAPYPR_VA":770.78,"PAPYPR_EXP":63.33,"PETREF_VA":1883.79,"PETREF_EXP":606.16,"QUIMYP_VA":1833.43,"QUIMYP_EXP":376.81,"FARMED_VA":447.31,"FARMED_EXP":51.66,"HUPLAS_VA":238.49,"HUPLAS_EXP":70.39,"PRNOMT_VA":1382.99,"PRNOMT_EXP":125.05,"METBAS_VA":652.48,"METBAS_EXP":195.55,"NONFER_VA":704.18,"NONFER_EXP":287.54,"PRMETA_VA":576.9,"PRMETA_EXP":40.5,"ELCTRO_VA":89.68,"ELCTRO_EXP":22.44,"ELCTRI_VA":422.03,"ELCTRI_EXP":106.8,"MAQYEQ_VA":97.39,"MAQYEQ_EXP":34.49,"AUTOMO_VA":238.04,"AUTOMO_EXP":20.79,"OTRTRA_VA":11.34,"OTRTRA_EXP":0.2,"TRANSP_VA":31.44,"TRANSP_EXP":0.22,"OTRMAN_VA":782.17,"OTRMAN_EXP":115.74,"ELEGAS_VA":800.08,"ELEGAS_EXP":28.15,"AGUBAS_VA":512.06,"AGUBAS_EXP":3.44,"CONSTR_VA":4509.86,"CONSTR_EXP":3.8,"COMREV_VA":8311.52,"COMREV_EXP":527.67,"TRATIE_VA":2290.83,"TRATIE_EXP":1215.45,"TRAGUA_VA":2075.03,"TRAGUA_EXP":1874.82,"TRAAIR_VA":820.14,"TRAAIR_EXP":540.75,"ALMSTR_VA":2582.62,"ALMSTR_EXP":1324.08,"POSTME_VA":97.52,"POSTME_EXP":49.59,"HOTYRE_VA":2706.3,"HOTYRE_EXP":1826.41,"MMTVRA_VA":354.38,"MMTVRA_EXP":68.47,"TELECO_VA":2188.64,"TELECO_EXP":120.92,"ITSERV_VA":260.37,"ITSERV_EXP":51.13,"SERFIN_VA":4188.59,"SERFIN_EXP":207.7,"GOBEST_VA":6213.91,"GOBEST_EXP":222.25,"SPRSCT_VA":1985.88,"SPRSCT_EXP":273.38,"SEAEMP_VA":952.31,"SEAEMP_EXP":324.39,"ADPDEF_VA":3560.83,"ADPDEF_EXP":282.56,"EDUCAC_VA":3581.51,"EDUCAC_EXP":147.88,"SALUDH_VA":1824.43,"SALUDH_EXP":48.39,"ESPARC_VA":868.37,"ESPARC_EXP":66.76,"OTRSER_VA":1438.95,"OTRSER_EXP":55.55,"SERHOG_VA":57.9,"SERHOG_EXP":0.0}},{"type":"Feature","geometry":{"type":"Point","coordinates":[-3.75,40.46]},"properties":{"id":"ESP","name":"España","continent":"europe","year":1999,"AGRPFO_VA":21279.77,"AGRPFO_EXP":6281.1,"FORLOG_VA":1295.42,"FORLOG_EXP":135.09,"PESCAC_VA":1741.06,"PESCAC_EXP":153.84,"MINCOL_VA":768.83,"MINCOL_EXP":2.61,"PETGAS_VA":58.87,"PETGAS_EXP":8.24,"MINORE_VA":38.71,"MINORE_EXP":84.87,"MINOTH_VA":1044.28,"MINOTH_EXP":400.81,"MINSER_VA":41.23,"MINSER_EXP":68.2,"ALYBEB_VA":15858.36,"ALYBEB_EXP":9133.06,"TEXYPR_VA":8246.75,"TEXYPR_EXP":6197.71,"MADYPR_VA":2612.33,"MADYPR_EXP":796.0,"PAPYPR_VA":6190.72,"PAPYPR_EXP":2087.74,"PETREF_VA":1827.23,"PETREF_EXP":2984.71,"QUIMYP_VA":6831.56,"QUIMYP_EXP":7801.58,"FARMED_VA":3472.08,"FARMED_EXP":1777.46,"HUPLAS_VA":4985.41,"HUPLAS_EXP":3501.26,"PRNOMT_VA":8598.68,"PRNOMT_EXP":3363.74,"METBAS_VA":4337.75,"METBAS_EXP":741.08,"NONFER_VA":1648.66,"NONFER_EXP":492.84,"PRMETA_VA":9521.02,"PRMETA_EXP":2925.02,"ELCTRO_VA":3367.8,"ELCTRO_EXP":5541.42,"ELCTRI_VA":4077.47,"ELCTRI_EXP":3878.86,"MAQYEQ_VA":5474.75,"MAQYEQ_EXP":6719.53,"AUTOMO_VA":10972.66,"AUTOMO_EXP":24043.99,"OTRTRA_VA":685.56,"OTRTRA_EXP":312.65,"TRANSP_VA":1876.43,"TRANSP_EXP":2931.43,"OTRMAN_VA":7124.95,"OTRMAN_EXP":3312.19,"ELEGAS_VA":10984.41,"ELEGAS_EXP":134.89,"AGUBAS_VA":4963.07,"AGUBAS_EXP":145.04,"CONSTR_VA":56931.85,"CONSTR_EXP":211.03,"COMREV_VA":69359.32,"COMREV_EXP":16264.46,"TRATIE_VA":17871.53,"TRATIE_EXP":6798.91,"TRAGUA_VA":799.37,"TRAGUA_EXP":621.49,"TRAAIR_VA":2436.95,"TRAAIR_EXP":4749.16,"ALMSTR_VA":7397.9,"ALMSTR_EXP":3310.96,"POSTME_VA":1844.37,"POSTME_EXP":112.17,"HOTYRE_VA":43397.77,"HOTYRE_EXP":7303.96,"MMTVRA_VA":7274.39,"MMTVRA_EXP":1587.83,"TELECO_VA":13040.14,"TELECO_EXP":1137.85,"ITSERV_VA":5500.26,"ITSERV_EXP":2458.28,"SERFIN_VA":25286.24,"SERFIN_EXP":2544.49,"GOBEST_VA":34749.28,"GOBEST_EXP":1342.8,"SPRSCT_VA":20561.12,"SPRSCT_EXP":6040.16,"SEAEMP_VA":16217.43,"SEAEMP_EXP":2116.58,"ADPDEF_VA":35001.35,"ADPDEF_EXP":516.33,"EDUCAC_VA":30556.14,"EDUCAC_EXP":679.69,"SALUDH_VA":28653.84,"SALUDH_EXP":540.33,"ESPARC_VA":9271.75,"ESPARC_EXP":1539.9,"OTRSER_VA":8745.0,"OTRSER_EXP":476.65,"SERHOG_VA":5941.55,"SERHOG_EXP":0.0}},{"type":"Feature","geometry":{"type":"Point","coordinates":[25.01,58.6]},"properties":{"id":"EST","name":"Estonia","continent":"europe","year":1999,"AGRPFO_VA":116.37,"AGRPFO_EXP":25.14,"FORLOG_VA":79.41,"FORLOG_EXP":101.74,"PESCAC_VA":20.53,"PESCAC_EXP":12.52,"MINCOL_VA":3.98,"MINCOL_EXP":0.46,"PETGAS_VA":45.8,"PETGAS_EXP":5.27,"MINORE_VA":0.0,"MINORE_EXP":0.0,"MINOTH_VA":11.21,"MINOTH_EXP":2.96,"MINSER_VA":32.04,"MINSER_EXP":0.2,"ALYBEB_VA":173.1,"ALYBEB_EXP":196.45,"TEXYPR_VA":130.96,"TEXYPR_EXP":253.48,"MADYPR_VA":118.05,"MADYPR_EXP":225.1,"PAPYPR_VA":34.76,"PAPYPR_EXP":33.71,"PETREF_VA":6.16,"PETREF_EXP":6.36,"QUIMYP_VA":35.43,"QUIMYP_EXP":82.85,"FARMED_VA":2.71,"FARMED_EXP":4.88,"HUPLAS_VA":23.54,"HUPLAS_EXP":37.99,"PRNOMT_VA":50.23,"PRNOMT_EXP":44.16,"METBAS_VA":0.05,"METBAS_EXP":0.05,"NONFER_VA":0.6,"NONFER_EXP":1.75,"PRMETA_VA":57.06,"PRMETA_EXP":87.13,"ELCTRO_VA":26.11,"ELCTRO_EXP":50.48,"ELCTRI_VA":18.89,"ELCTRI_EXP":33.97,"MAQYEQ_VA":21.63,"MAQYEQ_EXP":31.59,"AUTOMO_VA":26.75,"AUTOMO_EXP":29.92,"OTRTRA_VA":1.51,"OTRTRA_EXP":3.52,"TRANSP_VA":0.16,"TRANSP_EXP":0.13,"OTRMAN_VA":133.58,"OTRMAN_EXP":206.55,"ELEGAS_VA":145.52,"ELEGAS_EXP":25.29,"AGUBAS_VA":44.99,"AGUBAS_EXP":1.54,"CONSTR_VA":302.9,"CONSTR_EXP":8.81,"COMREV_VA":675.01,"COMREV_EXP":328.0,"TRATIE_VA":244.41,"TRATIE_EXP":178.08,"TRAGUA_VA":64.61,"TRAGUA_EXP":210.39,"TRAAIR_VA":13.4,"TRAAIR_EXP":56.77,"ALMSTR_VA":212.9,"ALMSTR_EXP":462.96,"POSTME_VA":24.96,"POSTME_EXP":28.05,"HOTYRE_VA":91.72,"HOTYRE_EXP":164.08,"MMTVRA_VA":59.19,"MMTVRA_EXP":14.39,"TELECO_VA":178.23,"TELECO_EXP":30.42,"ITSERV_VA":33.3,"ITSERV_EXP":20.91,"SERFIN_VA":219.64,"SERFIN_EXP":43.28,"GOBEST_VA":638.11,"GOBEST_EXP":31.38,"SPRSCT_VA":196.41,"SPRSCT_EXP":55.12,"SEAEMP_VA":89.54,"SEAEMP_EXP":27.4,"ADPDEF_VA":349.6,"ADPDEF_EXP":11.0,"EDUCAC_VA":302.5,"EDUCAC_EXP":13.86,"SALUDH_VA":177.28,"SALUDH_EXP":10.31,"ESPARC_VA":85.93,"ESPARC_EXP":22.33,"OTRSER_VA":54.16,"OTRSER_EXP":8.73,"SERHOG_VA":2.47,"SERHOG_EXP":0.0}},{"type":"Feature","geometry":{"type":"Point","coordinates":[25.75,61.92]},"properties":{"id":"FIN","name":"Finlandia","continent":"europe","year":1999,"AGRPFO_VA":1688.46,"AGRPFO_EXP":235.33,"FORLOG_VA":2166.83,"FORLOG_EXP":57.62,"PESCAC_VA":89.14,"PESCAC_EXP":4.64,"MINCOL_VA":117.46,"MINCOL_EXP":14.79,"PETGAS_VA":0.0,"PETGAS_EXP":0.0,"MINORE_VA":39.28,"MINORE_EXP":60.75,"MINOTH_VA":313.69,"MINOTH_EXP":113.69,"MINSER_VA":1.15,"MINSER_EXP":0.84,"ALYBEB_VA":2253.16,"ALYBEB_EXP":818.71,"TEXYPR_VA":703.38,"TEXYPR_EXP":654.85,"MADYPR_VA":1520.77,"MADYPR_EXP":2419.61,"PAPYPR_VA":6027.41,"PAPYPR_EXP":7992.39,"PETREF_VA":348.75,"PETREF_EXP":789.87,"QUIMYP_VA":1669.43,"QUIMYP_EXP":1731.79,"FARMED_VA":425.48,"FARMED_EXP":178.37,"HUPLAS_VA":1039.48,"HUPLAS_EXP":741.61,"PRNOMT_VA":984.58,"PRNOMT_EXP":446.71,"METBAS_VA":888.68,"METBAS_EXP":1485.75,"NONFER_VA":386.56,"NONFER_EXP":894.84,"PRMETA_VA":1877.1,"PRMETA_EXP":1018.92,"ELCTRO_VA":7404.48,"ELCTRO_EXP":9441.94,"ELCTRI_VA":1028.27,"ELCTRI_EXP":1263.27,"MAQYEQ_VA":2890.36,"MAQYEQ_EXP":3660.64,"AUTOMO_VA":463.08,"AUTOMO_EXP":381.51,"OTRTRA_VA":386.9,"OTRTRA_EXP":1019.0,"TRANSP_VA":127.15,"TRANSP_EXP":128.24,"OTRMAN_VA":1970.26,"OTRMAN_EXP":673.46,"ELEGAS_VA":2215.9,"ELEGAS_EXP":60.25,"AGUBAS_VA":805.93,"AGUBAS_EXP":8.06,"CONSTR_VA":7415.43,"CONSTR_EXP":13.69,"COMREV_VA":11914.52,"COMREV_EXP":5414.98,"TRATIE_VA":4138.34,"TRATIE_EXP":624.22,"TRAGUA_VA":812.12,"TRAGUA_EXP":1293.4,"TRAAIR_VA":668.98,"TRAAIR_EXP":611.73,"ALMSTR_VA":1613.29,"ALMSTR_EXP":398.88,"POSTME_VA":896.67,"POSTME_EXP":93.53,"HOTYRE_VA":1757.63,"HOTYRE_EXP":372.47,"MMTVRA_VA":1601.7,"MMTVRA_EXP":372.22,"TELECO_VA":2317.92,"TELECO_EXP":55.4,"ITSERV_VA":1814.24,"ITSERV_EXP":973.39,"SERFIN_VA":3897.96,"SERFIN_EXP":219.23,"GOBEST_VA":11547.95,"GOBEST_EXP":103.43,"SPRSCT_VA":4591.27,"SPRSCT_EXP":1107.98,"SEAEMP_VA":2156.02,"SEAEMP_EXP":227.08,"ADPDEF_VA":7363.83,"ADPDEF_EXP":40.88,"EDUCAC_VA":6187.08,"EDUCAC_EXP":43.67,"SALUDH_VA":9102.29,"SALUDH_EXP":31.29,"ESPARC_VA":1315.92,"ESPARC_EXP":67.02,"OTRSER_VA":1779.1,"OTRSER_EXP":31.81,"SERHOG_VA":64.93,"SERHOG_EXP":0.0}},{"type":"Feature","geometry":{"type":"Point","coordinates":[2.21,46.23]},"properties":{"id":"FRA","name":"Francia","continent":"europe","year":1999,"AGRPFO_VA":29234.58,"AGRPFO_EXP":8625.17,"FORLOG_VA":2868.79,"FORLOG_EXP":317.26,"PESCAC_VA":1188.81,"PESCAC_EXP":375.96,"MINCOL_VA":223.47,"MINCOL_EXP":4.06,"PETGAS_VA":198.26,"PETGAS_EXP":23.75,"MINORE_VA":12.09,"MINORE_EXP":6.8,"MINOTH_VA":1763.97,"MINOTH_EXP":436.01,"MINSER_VA":11.84,"MINSER_EXP":46.06,"ALYBEB_VA":33641.32,"ALYBEB_EXP":21106.32,"TEXYPR_VA":10337.5,"TEXYPR_EXP":10872.01,"MADYPR_VA":3824.66,"MADYPR_EXP":1545.77,"PAPYPR_VA":11755.21,"PAPYPR_EXP":4990.52,"PETREF_VA":1661.13,"PETREF_EXP":4099.83,"QUIMYP_VA":13710.29,"QUIMYP_EXP":23954.06,"FARMED_VA":9460.91,"FARMED_EXP":7402.75,"HUPLAS_VA":12290.57,"HUPLAS_EXP":7090.53,"PRNOMT_VA":8801.94,"PRNOMT_EXP":3802.02,"METBAS_VA":3544.28,"METBAS_EXP":7688.77,"NONFER_VA":4013.05,"NONFER_EXP":4285.95,"PRMETA_VA":20297.4,"PRMETA_EXP":5448.93,"ELCTRO_VA":13161.04,"ELCTRO_EXP":25125.54,"ELCTRI_VA":10113.19,"ELCTRI_EXP":10682.29,"MAQYEQ_VA":14868.08,"MAQYEQ_EXP":21690.94,"AUTOMO_VA":18263.74,"AUTOMO_EXP":34958.27,"OTRTRA_VA":906.05,"OTRTRA_EXP":878.57,"TRANSP_VA":8561.87,"TRANSP_EXP":14667.75,"OTRMAN_VA":27552.29,"OTRMAN_EXP":5157.05,"ELEGAS_VA":28653.23,"ELEGAS_EXP":3164.4,"AGUBAS_VA":7797.0,"AGUBAS_EXP":775.45,"CONSTR_VA":66491.52,"CONSTR_EXP":36.39,"COMREV_VA":153686.72,"COMREV_EXP":48989.21,"TRATIE_VA":26531.04,"TRATIE_EXP":10830.88,"TRAGUA_VA":918.73,"TRAGUA_EXP":3309.11,"TRAAIR_VA":3179.76,"TRAAIR_EXP":8905.08,"ALMSTR_VA":22200.17,"ALMSTR_EXP":3835.62,"POSTME_VA":8650.78,"POSTME_EXP":432.84,"HOTYRE_VA":27478.86,"HOTYRE_EXP":13194.09,"MMTVRA_VA":17945.73,"MMTVRA_EXP":3009.13,"TELECO_VA":23570.79,"TELECO_EXP":1212.48,"ITSERV_VA":32402.31,"ITSERV_EXP":1031.05,"SERFIN_VA":52309.27,"SERFIN_EXP":5617.46,"GOBEST_VA":157343.25,"GOBEST_EXP":2046.9,"SPRSCT_VA":90075.9,"SPRSCT_EXP":12575.34,"SEAEMP_VA":72158.81,"SEAEMP_EXP":11749.64,"ADPDEF_VA":114052.51,"ADPDEF_EXP":778.35,"EDUCAC_VA":73914.28,"EDUCAC_EXP":936.79,"SALUDH_VA":97900.79,"SALUDH_EXP":1178.82,"ESPARC_VA":13884.06,"ESPARC_EXP":1611.34,"OTRSER_VA":23075.44,"OTRSER_EXP":578.12,"SERHOG_VA":3435.61,"SERHOG_EXP":0.0}},{"type":"Feature","geometry":{"type":"Point","coordinates":[-3.44,55.38]},"properties":{"id":"GBR","name":"Reino Unido","continent":"europe","year":1999,"AGRPFO_VA":13537.24,"AGRPFO_EXP":1520.68,"FORLOG_VA":440.1,"FORLOG_EXP":46.8,"PESCAC_VA":678.27,"PESCAC_EXP":383.72,"MINCOL_VA":892.99,"MINCOL_EXP":60.21,"PETGAS_VA":19321.68,"PETGAS_EXP":10046.5,"MINORE_VA":0.0,"MINORE_EXP":0.0,"MINOTH_VA":1964.73,"MINOTH_EXP":2648.99,"MINSER_VA":2052.09,"MINSER_EXP":492.54,"ALYBEB_VA":36543.29,"ALYBEB_EXP":12850.07,"TEXYPR_VA":12210.76,"TEXYPR_EXP":6525.68,"MADYPR_VA":3512.03,"MADYPR_EXP":638.39,"PAPYPR_VA":13791.55,"PAPYPR_EXP":3422.11,"PETREF_VA":2429.93,"PETREF_EXP":3051.86,"QUIMYP_VA":17481.72,"QUIMYP_EXP":19659.63,"FARMED_VA":12929.55,"FARMED_EXP":6559.53,"HUPLAS_VA":12687.38,"HUPLAS_EXP":5358.06,"PRNOMT_VA":7482.88,"PRNOMT_EXP":2389.88,"METBAS_VA":3729.26,"METBAS_EXP":3104.6,"NONFER_VA":4871.49,"NONFER_EXP":3848.17,"PRMETA_VA":19645.55,"PRMETA_EXP":6432.73,"ELCTRO_VA":16212.04,"ELCTRO_EXP":25372.67,"ELCTRI_VA":8589.74,"ELCTRI_EXP":7204.27,"MAQYEQ_VA":19301.93,"MAQYEQ_EXP":18991.33,"AUTOMO_VA":13639.5,"AUTOMO_EXP":18958.95,"OTRTRA_VA":2347.65,"OTRTRA_EXP":651.11,"TRANSP_VA":10181.32,"TRANSP_EXP":12831.49,"OTRMAN_VA":23118.34,"OTRMAN_EXP":8626.64,"ELEGAS_VA":19304.25,"ELEGAS_EXP":144.18,"AGUBAS_VA":20940.13,"AGUBAS_EXP":121.3,"CONSTR_VA":87515.64,"CONSTR_EXP":216.68,"COMREV_VA":189164.01,"COMREV_EXP":44005.6,"TRATIE_VA":33178.12,"TRATIE_EXP":5407.92,"TRAGUA_VA":4472.59,"TRAGUA_EXP":5680.89,"TRAAIR_VA":7055.53,"TRAAIR_EXP":8846.66,"ALMSTR_VA":17396.31,"ALMSTR_EXP":3635.49,"POSTME_VA":12476.47,"POSTME_EXP":602.81,"HOTYRE_VA":40925.74,"HOTYRE_EXP":5570.69,"MMTVRA_VA":28578.9,"MMTVRA_EXP":9349.41,"TELECO_VA":31234.8,"TELECO_EXP":3658.5,"ITSERV_VA":29296.51,"ITSERV_EXP":7683.79,"SERFIN_VA":109454.82,"SERFIN_EXP":34552.59,"GOBEST_VA":220993.95,"GOBEST_EXP":1386.51,"SPRSCT_VA":88195.59,"SPRSCT_EXP":23783.88,"SEAEMP_VA":59305.86,"SEAEMP_EXP":13942.95,"ADPDEF_VA":79410.07,"ADPDEF_EXP":4.52,"EDUCAC_VA":76969.3,"EDUCAC_EXP":4488.85,"SALUDH_VA":83226.74,"SALUDH_EXP":189.53,"ESPARC_VA":17590.08,"ESPARC_EXP":3448.2,"OTRSER_VA":22087.13,"OTRSER_EXP":428.39,"SERHOG_VA":2525.65,"SERHOG_EXP":0.0}},{"type":"Feature","geometry":{"type":"Point","coordinates":[21.82,39.07]},"properties":{"id":"GRC","name":"Grecia","continent":"europe","year":1999,"AGRPFO_VA":7932.42,"AGRPFO_EXP":1135.7,"FORLOG_VA":72.5,"FORLOG_EXP":4.92,"PESCAC_VA":548.48,"PESCAC_EXP":206.12,"MINCOL_VA":31.93,"MINCOL_EXP":2.69,"PETGAS_VA":3.85,"PETGAS_EXP":6.47,"MINORE_VA":56.92,"MINORE_EXP":38.34,"MINOTH_VA":472.59,"MINOTH_EXP":96.44,"MINSER_VA":13.1,"MINSER_EXP":6.16,"ALYBEB_VA":3258.82,"ALYBEB_EXP":1559.39,"TEXYPR_VA":1954.6,"TEXYPR_EXP":1468.87,"MADYPR_VA":367.47,"MADYPR_EXP":109.94,"PAPYPR_VA":1273.3,"PAPYPR_EXP":173.3,"PETREF_VA":453.86,"PETREF_EXP":1324.15,"QUIMYP_VA":830.79,"QUIMYP_EXP":570.02,"FARMED_VA":1003.16,"FARMED_EXP":199.56,"HUPLAS_VA":313.7,"HUPLAS_EXP":221.93,"PRNOMT_VA":1584.39,"PRNOMT_EXP":302.33,"METBAS_VA":492.42,"METBAS_EXP":407.39,"NONFER_VA":354.87,"NONFER_EXP":563.42,"PRMETA_VA":783.49,"PRMETA_EXP":178.55,"ELCTRO_VA":282.69,"ELCTRO_EXP":270.54,"ELCTRI_VA":271.14,"ELCTRI_EXP":204.8,"MAQYEQ_VA":379.29,"MAQYEQ_EXP":271.23,"AUTOMO_VA":176.6,"AUTOMO_EXP":72.86,"OTRTRA_VA":174.58,"OTRTRA_EXP":85.83,"TRANSP_VA":86.87,"TRANSP_EXP":64.42,"OTRMAN_VA":1081.45,"OTRMAN_EXP":398.84,"ELEGAS_VA":2398.06,"ELEGAS_EXP":28.52,"AGUBAS_VA":1717.27,"AGUBAS_EXP":5.58,"CONSTR_VA":10046.12,"CONSTR_EXP":5.57,"COMREV_VA":21257.09,"COMREV_EXP":3392.58,"TRATIE_VA":2350.62,"TRATIE_EXP":891.57,"TRAGUA_VA":2563.84,"TRAGUA_EXP":4597.5,"TRAAIR_VA":306.03,"TRAAIR_EXP":563.09,"ALMSTR_VA":1482.9,"ALMSTR_EXP":510.01,"POSTME_VA":550.49,"POSTME_EXP":21.24,"HOTYRE_VA":6661.34,"HOTYRE_EXP":3637.47,"MMTVRA_VA":881.98,"MMTVRA_EXP":117.61,"TELECO_VA":3163.49,"TELECO_EXP":269.25,"ITSERV_VA":415.73,"ITSERV_EXP":57.67,"SERFIN_VA":7420.17,"SERFIN_EXP":335.43,"GOBEST_VA":17196.15,"GOBEST_EXP":434.47,"SPRSCT_VA":6397.35,"SPRSCT_EXP":303.56,"SEAEMP_VA":2314.89,"SEAEMP_EXP":412.97,"ADPDEF_VA":11091.65,"ADPDEF_EXP":8.05,"EDUCAC_VA":5617.37,"EDUCAC_EXP":173.1,"SALUDH_VA":4928.72,"SALUDH_EXP":145.61,"ESPARC_VA":1728.42,"ESPARC_EXP":306.18,"OTRSER_VA":1511.77,"OTRSER_EXP":124.14,"SERHOG_VA":713.02,"SERHOG_EXP":0.0}},{"type":"Feature","geometry":{"type":"Point","coordinates":[114.11,22.4]},"properties":{"id":"HKG","name":"Hong Kong","continent":"asia","year":1999,"AGRPFO_VA":120.07,"AGRPFO_EXP":14.91,"FORLOG_VA":13.96,"FORLOG_EXP":2.97,"PESCAC_VA":23.14,"PESCAC_EXP":5.92,"MINCOL_VA":0.0,"MINCOL_EXP":0.0,"PETGAS_VA":0.0,"PETGAS_EXP":0.0,"MINORE_VA":0.0,"MINORE_EXP":0.0,"MINOTH_VA":0.0,"MINOTH_EXP":0.0,"MINSER_VA":24.07,"MINSER_EXP":14.81,"ALYBEB_VA":2983.91,"ALYBEB_EXP":5112.35,"TEXYPR_VA":727.16,"TEXYPR_EXP":707.56,"MADYPR_VA":385.81,"MADYPR_EXP":284.32,"PAPYPR_VA":225.01,"PAPYPR_EXP":394.56,"PETREF_VA":67.05,"PETREF_EXP":51.84,"QUIMYP_VA":224.37,"QUIMYP_EXP":675.83,"FARMED_VA":198.24,"FARMED_EXP":257.75,"HUPLAS_VA":70.17,"HUPLAS_EXP":0.38,"PRNOMT_VA":87.79,"PRNOMT_EXP":116.36,"METBAS_VA":39.92,"METBAS_EXP":228.76,"NONFER_VA":54.72,"NONFER_EXP":176.47,"PRMETA_VA":121.78,"PRMETA_EXP":511.22,"ELCTRO_VA":1020.69,"ELCTRO_EXP":1421.29,"ELCTRI_VA":275.82,"ELCTRI_EXP":767.31,"MAQYEQ_VA":105.29,"MAQYEQ_EXP":699.03,"AUTOMO_VA":90.47,"AUTOMO_EXP":245.19,"OTRTRA_VA":19.53,"OTRTRA_EXP":154.92,"TRANSP_VA":35.31,"TRANSP_EXP":266.56,"OTRMAN_VA":329.67,"OTRMAN_EXP":95.99,"ELEGAS_VA":4136.45,"ELEGAS_EXP":134.29,"AGUBAS_VA":1871.47,"AGUBAS_EXP":65.58,"CONSTR_VA":7508.05,"CONSTR_EXP":204.26,"COMREV_VA":36185.14,"COMREV_EXP":9618.35,"TRATIE_VA":4508.2,"TRATIE_EXP":1217.6,"TRAGUA_VA":2879.86,"TRAGUA_EXP":3017.55,"TRAAIR_VA":3464.19,"TRAAIR_EXP":5014.44,"ALMSTR_VA":211.25,"ALMSTR_EXP":82.26,"POSTME_VA":656.94,"POSTME_EXP":57.3,"HOTYRE_VA":4857.11,"HOTYRE_EXP":2392.81,"MMTVRA_VA":487.53,"MMTVRA_EXP":437.94,"TELECO_VA":5837.33,"TELECO_EXP":833.37,"ITSERV_VA":1448.04,"ITSERV_EXP":493.9,"SERFIN_VA":19679.26,"SERFIN_EXP":13000.56,"GOBEST_VA":24442.4,"GOBEST_EXP":310.99,"SPRSCT_VA":3262.27,"SPRSCT_EXP":757.86,"SEAEMP_VA":2289.21,"SEAEMP_EXP":358.19,"ADPDEF_VA":9145.12,"ADPDEF_EXP":45.57,"EDUCAC_VA":11488.02,"EDUCAC_EXP":440.65,"SALUDH_VA":5535.12,"SALUDH_EXP":114.35,"ESPARC_VA":844.71,"ESPARC_EXP":979.2,"OTRSER_VA":2306.38,"OTRSER_EXP":106.95,"SERHOG_VA":1854.12,"SERHOG_EXP":0.0}},{"type":"Feature","geometry":{"type":"Point","coordinates":[15.2,45.1]},"properties":{"id":"HRV","name":"Croacia","continent":"europe","year":1999,"AGRPFO_VA":1153.13,"AGRPFO_EXP":202.88,"FORLOG_VA":134.58,"FORLOG_EXP":9.45,"PESCAC_VA":46.02,"PESCAC_EXP":16.04,"MINCOL_VA":1.04,"MINCOL_EXP":0.13,"PETGAS_VA":66.83,"PETGAS_EXP":9.7,"MINORE_VA":0.9,"MINORE_EXP":0.23,"MINOTH_VA":55.24,"MINOTH_EXP":6.75,"MINSER_VA":51.45,"MINSER_EXP":30.36,"ALYBEB_VA":886.24,"ALYBEB_EXP":451.77,"TEXYPR_VA":372.21,"TEXYPR_EXP":166.78,"MADYPR_VA":129.68,"MADYPR_EXP":53.46,"PAPYPR_VA":184.36,"PAPYPR_EXP":38.37,"PETREF_VA":467.67,"PETREF_EXP":246.44,"QUIMYP_VA":221.72,"QUIMYP_EXP":68.57,"FARMED_VA":349.95,"FARMED_EXP":43.61,"HUPLAS_VA":112.42,"HUPLAS_EXP":13.3,"PRNOMT_VA":243.45,"PRNOMT_EXP":53.31,"METBAS_VA":36.67,"METBAS_EXP":21.11,"NONFER_VA":20.16,"NONFER_EXP":38.05,"PRMETA_VA":246.03,"PRMETA_EXP":49.94,"ELCTRO_VA":117.14,"ELCTRO_EXP":60.01,"ELCTRI_VA":144.55,"ELCTRI_EXP":66.18,"MAQYEQ_VA":144.66,"MAQYEQ_EXP":64.41,"AUTOMO_VA":30.85,"AUTOMO_EXP":41.34,"OTRTRA_VA":109.0,"OTRTRA_EXP":153.58,"TRANSP_VA":32.66,"TRANSP_EXP":17.3,"OTRMAN_VA":171.07,"OTRMAN_EXP":165.31,"ELEGAS_VA":495.61,"ELEGAS_EXP":11.34,"AGUBAS_VA":272.59,"AGUBAS_EXP":17.51,"CONSTR_VA":1174.44,"CONSTR_EXP":48.3,"COMREV_VA":2365.45,"COMREV_EXP":456.38,"TRATIE_VA":670.56,"TRATIE_EXP":629.32,"TRAGUA_VA":47.33,"TRAGUA_EXP":77.0,"TRAAIR_VA":44.1,"TRAAIR_EXP":144.81,"ALMSTR_VA":277.19,"ALMSTR_EXP":118.78,"POSTME_VA":78.8,"POSTME_EXP":6.08,"HOTYRE_VA":657.33,"HOTYRE_EXP":767.98,"MMTVRA_VA":229.68,"MMTVRA_EXP":70.99,"TELECO_VA":550.66,"TELECO_EXP":218.28,"ITSERV_VA":68.84,"ITSERV_EXP":11.48,"SERFIN_VA":1006.28,"SERFIN_EXP":191.13,"GOBEST_VA":1884.22,"GOBEST_EXP":51.44,"SPRSCT_VA":716.39,"SPRSCT_EXP":380.9,"SEAEMP_VA":218.37,"SEAEMP_EXP":96.52,"ADPDEF_VA":2066.46,"ADPDEF_EXP":11.74,"EDUCAC_VA":871.91,"EDUCAC_EXP":63.41,"SALUDH_VA":1028.61,"SALUDH_EXP":56.64,"ESPARC_VA":204.01,"ESPARC_EXP":253.03,"OTRSER_VA":272.99,"OTRSER_EXP":49.82,"SERHOG_VA":40.08,"SERHOG_EXP":0.0}},{"type":"Feature","geometry":{"type":"Point","coordinates":[19.5,47.16]},"properties":{"id":"HUN","name":"Hungría","continent":"europe","year":1999,"AGRPFO_VA":2602.34,"AGRPFO_EXP":718.22,"FORLOG_VA":147.65,"FORLOG_EXP":80.73,"PESCAC_VA":10.02,"PESCAC_EXP":5.75,"MINCOL_VA":12.76,"MINCOL_EXP":1.99,"PETGAS_VA":14.45,"PETGAS_EXP":14.9,"MINORE_VA":14.71,"MINORE_EXP":0.85,"MINOTH_VA":60.12,"MINOTH_EXP":17.25,"MINSER_VA":15.12,"MINSER_EXP":13.9,"ALYBEB_VA":1263.37,"ALYBEB_EXP":1315.38,"TEXYPR_VA":800.74,"TEXYPR_EXP":874.87,"MADYPR_VA":233.51,"MADYPR_EXP":240.09,"PAPYPR_VA":376.58,"PAPYPR_EXP":264.17,"PETREF_VA":976.67,"PETREF_EXP":412.6,"QUIMYP_VA":421.28,"QUIMYP_EXP":684.39,"FARMED_VA":488.39,"FARMED_EXP":244.9,"HUPLAS_VA":409.93,"HUPLAS_EXP":578.07,"PRNOMT_VA":458.26,"PRNOMT_EXP":303.38,"METBAS_VA":144.9,"METBAS_EXP":266.87,"NONFER_VA":147.37,"NONFER_EXP":348.46,"PRMETA_VA":682.54,"PRMETA_EXP":723.38,"ELCTRO_VA":868.65,"ELCTRO_EXP":3651.22,"ELCTRI_VA":646.4,"ELCTRI_EXP":1334.89,"MAQYEQ_VA":501.85,"MAQYEQ_EXP":820.2,"AUTOMO_VA":1538.25,"AUTOMO_EXP":4077.67,"OTRTRA_VA":0.73,"OTRTRA_EXP":2.32,"TRANSP_VA":48.59,"TRANSP_EXP":24.06,"OTRMAN_VA":439.66,"OTRMAN_EXP":576.24,"ELEGAS_VA":1569.33,"ELEGAS_EXP":129.04,"AGUBAS_VA":446.62,"AGUBAS_EXP":13.55,"CONSTR_VA":2205.58,"CONSTR_EXP":130.44,"COMREV_VA":4050.46,"COMREV_EXP":2000.28,"TRATIE_VA":2022.33,"TRATIE_EXP":740.66,"TRAGUA_VA":51.75,"TRAGUA_EXP":27.96,"TRAAIR_VA":94.41,"TRAAIR_EXP":314.53,"ALMSTR_VA":416.21,"ALMSTR_EXP":469.38,"POSTME_VA":301.95,"POSTME_EXP":36.17,"HOTYRE_VA":929.13,"HOTYRE_EXP":1194.13,"MMTVRA_VA":425.18,"MMTVRA_EXP":174.65,"TELECO_VA":1379.77,"TELECO_EXP":327.86,"ITSERV_VA":456.43,"ITSERV_EXP":164.8,"SERFIN_VA":1512.55,"SERFIN_EXP":408.1,"GOBEST_VA":3538.18,"GOBEST_EXP":322.37,"SPRSCT_VA":1811.47,"SPRSCT_EXP":918.48,"SEAEMP_VA":1044.52,"SEAEMP_EXP":213.59,"ADPDEF_VA":3632.28,"ADPDEF_EXP":21.45,"EDUCAC_VA":2071.14,"EDUCAC_EXP":98.62,"SALUDH_VA":1709.12,"SALUDH_EXP":85.54,"ESPARC_VA":539.03,"ESPARC_EXP":126.83,"OTRSER_VA":843.76,"OTRSER_EXP":52.68,"SERHOG_VA":7.49,"SERHOG_EXP":0.0}},{"type":"Feature","geometry":{"type":"Point","coordinates":[113.92,-0.79]},"properties":{"id":"IDN","name":"Indonesia","continent":"asia","year":1999,"AGRPFO_VA":17258.83,"AGRPFO_EXP":1052.54,"FORLOG_VA":1329.04,"FORLOG_EXP":23.15,"PESCAC_VA":3282.64,"PESCAC_EXP":146.76,"MINCOL_VA":3692.07,"MINCOL_EXP":1170.99,"PETGAS_VA":7725.68,"PETGAS_EXP":9113.66,"MINORE_VA":2508.09,"MINORE_EXP":2097.43,"MINOTH_VA":1816.59,"MINOTH_EXP":89.87,"MINSER_VA":771.63,"MINSER_EXP":6.44,"ALYBEB_VA":9351.27,"ALYBEB_EXP":3059.11,"TEXYPR_VA":2685.52,"TEXYPR_EXP":6112.35,"MADYPR_VA":1219.06,"MADYPR_EXP":1280.4,"PAPYPR_VA":1536.94,"PAPYPR_EXP":2234.19,"PETREF_VA":5107.99,"PETREF_EXP":1011.57,"QUIMYP_VA":2078.99,"QUIMYP_EXP":2196.06,"FARMED_VA":458.22,"FARMED_EXP":71.16,"HUPLAS_VA":1525.27,"HUPLAS_EXP":1440.22,"PRNOMT_VA":1131.61,"PRNOMT_EXP":532.29,"METBAS_VA":622.43,"METBAS_EXP":386.52,"NONFER_VA":583.88,"NONFER_EXP":455.06,"PRMETA_VA":2973.05,"PRMETA_EXP":728.76,"ELCTRO_VA":1031.22,"ELCTRO_EXP":2454.9,"ELCTRI_VA":823.71,"ELCTRI_EXP":1104.16,"MAQYEQ_VA":570.41,"MAQYEQ_EXP":436.45,"AUTOMO_VA":3054.41,"AUTOMO_EXP":149.31,"OTRTRA_VA":118.23,"OTRTRA_EXP":53.04,"TRANSP_VA":122.43,"TRANSP_EXP":169.2,"OTRMAN_VA":809.88,"OTRMAN_EXP":653.39,"ELEGAS_VA":1680.84,"ELEGAS_EXP":2.16,"AGUBAS_VA":127.16,"AGUBAS_EXP":0.11,"CONSTR_VA":14845.29,"CONSTR_EXP":158.73,"COMREV_VA":27670.07,"COMREV_EXP":4387.49,"TRATIE_VA":3253.25,"TRATIE_EXP":662.62,"TRAGUA_VA":692.8,"TRAGUA_EXP":466.75,"TRAAIR_VA":893.34,"TRAAIR_EXP":296.28,"ALMSTR_VA":756.68,"ALMSTR_EXP":93.49,"POSTME_VA":162.24,"POSTME_EXP":47.21,"HOTYRE_VA":4649.69,"HOTYRE_EXP":1230.13,"MMTVRA_VA":1127.41,"MMTVRA_EXP":177.7,"TELECO_VA":4299.15,"TELECO_EXP":145.15,"ITSERV_VA":447.09,"ITSERV_EXP":6.22,"SERFIN_VA":5489.42,"SERFIN_EXP":154.68,"GOBEST_VA":4145.18,"GOBEST_EXP":157.13,"SPRSCT_VA":1163.16,"SPRSCT_EXP":254.22,"SEAEMP_VA":1210.45,"SEAEMP_EXP":340.64,"ADPDEF_VA":5992.12,"ADPDEF_EXP":0.14,"EDUCAC_VA":4628.71,"EDUCAC_EXP":61.28,"SALUDH_VA":1370.96,"SALUDH_EXP":50.43,"ESPARC_VA":480.81,"ESPARC_EXP":112.94,"OTRSER_VA":2417.13,"OTRSER_EXP":49.38,"SERHOG_VA":556.81,"SERHOG_EXP":0.0}},{"type":"Feature","geometry":{"type":"Point","coordinates":[78.96,20.59]},"properties":{"id":"IND","name":"India","continent":"asia","year":1999,"AGRPFO_VA":84226.99,"AGRPFO_EXP":701.42,"FORLOG_VA":12116.58,"FORLOG_EXP":529.48,"PESCAC_VA":4105.07,"PESCAC_EXP":30.99,"MINCOL_VA":2549.78,"MINCOL_EXP":42.24,"PETGAS_VA":5386.35,"PETGAS_EXP":4.36,"MINORE_VA":861.45,"MINORE_EXP":559.52,"MINOTH_VA":145.04,"MINOTH_EXP":148.29,"MINSER_VA":1649.4,"MINSER_EXP":24.34,"ALYBEB_VA":9444.66,"ALYBEB_EXP":2551.62,"TEXYPR_VA":8926.26,"TEXYPR_EXP":4413.29,"MADYPR_VA":2411.45,"MADYPR_EXP":223.9,"PAPYPR_VA":2080.94,"PAPYPR_EXP":119.12,"PETREF_VA":4846.98,"PETREF_EXP":4076.45,"QUIMYP_VA":5265.75,"QUIMYP_EXP":1754.84,"FARMED_VA":3685.23,"FARMED_EXP":992.65,"HUPLAS_VA":2555.73,"HUPLAS_EXP":699.94,"PRNOMT_VA":4925.09,"PRNOMT_EXP":227.19,"METBAS_VA":7468.33,"METBAS_EXP":1783.4,"NONFER_VA":4492.65,"NONFER_EXP":516.72,"PRMETA_VA":4739.67,"PRMETA_EXP":786.04,"ELCTRO_VA":1126.63,"ELCTRO_EXP":430.98,"ELCTRI_VA":1876.65,"ELCTRI_EXP":987.15,"MAQYEQ_VA":4226.93,"MAQYEQ_EXP":1584.69,"AUTOMO_VA":3555.3,"AUTOMO_EXP":932.04,"OTRTRA_VA":250.86,"OTRTRA_EXP":79.12,"TRANSP_VA":1074.58,"TRANSP_EXP":546.52,"OTRMAN_VA":3386.36,"OTRMAN_EXP":4842.71,"ELEGAS_VA":11204.37,"ELEGAS_EXP":52.97,"AGUBAS_VA":1615.93,"AGUBAS_EXP":0.65,"CONSTR_VA":33184.4,"CONSTR_EXP":118.85,"COMREV_VA":35196.71,"COMREV_EXP":3463.53,"TRATIE_VA":18119.33,"TRATIE_EXP":1677.63,"TRAGUA_VA":323.05,"TRAGUA_EXP":125.1,"TRAAIR_VA":341.45,"TRAAIR_EXP":413.07,"ALMSTR_VA":3353.23,"ALMSTR_EXP":746.79,"POSTME_VA":1786.78,"POSTME_EXP":17.95,"HOTYRE_VA":3846.87,"HOTYRE_EXP":963.32,"MMTVRA_VA":2056.57,"MMTVRA_EXP":639.13,"TELECO_VA":3902.57,"TELECO_EXP":153.01,"ITSERV_VA":7442.93,"ITSERV_EXP":5151.83,"SERFIN_VA":20978.46,"SERFIN_EXP":574.69,"GOBEST_VA":29030.6,"GOBEST_EXP":328.59,"SPRSCT_VA":1059.87,"SPRSCT_EXP":1220.36,"SEAEMP_VA":8359.84,"SEAEMP_EXP":2530.12,"ADPDEF_VA":27511.86,"ADPDEF_EXP":50.78,"EDUCAC_VA":12271.24,"EDUCAC_EXP":54.61,"SALUDH_VA":5233.14,"SALUDH_EXP":45.44,"ESPARC_VA":855.07,"ESPARC_EXP":97.6,"OTRSER_VA":4418.59,"OTRSER_EXP":42.05,"SERHOG_VA":755.11,"SERHOG_EXP":0.0}},{"type":"Feature","geometry":{"type":"Point","coordinates":[-7.69,53.14]},"properties":{"id":"IRL","name":"Irlanda","continent":"europe","year":1999,"AGRPFO_VA":2387.97,"AGRPFO_EXP":546.3,"FORLOG_VA":35.0,"FORLOG_EXP":31.22,"PESCAC_VA":208.61,"PESCAC_EXP":158.4,"MINCOL_VA":4.57,"MINCOL_EXP":5.45,"PETGAS_VA":16.25,"PETGAS_EXP":36.45,"MINORE_VA":228.22,"MINORE_EXP":158.43,"MINOTH_VA":187.59,"MINOTH_EXP":81.96,"MINSER_VA":10.21,"MINSER_EXP":19.89,"ALYBEB_VA":3370.16,"ALYBEB_EXP":7198.52,"TEXYPR_VA":443.71,"TEXYPR_EXP":854.07,"MADYPR_VA":359.2,"MADYPR_EXP":229.88,"PAPYPR_VA":743.05,"PAPYPR_EXP":759.25,"PETREF_VA":81.46,"PETREF_EXP":153.41,"QUIMYP_VA":403.09,"QUIMYP_EXP":743.79,"FARMED_VA":7815.94,"FARMED_EXP":6808.65,"HUPLAS_VA":551.91,"HUPLAS_EXP":871.57,"PRNOMT_VA":801.81,"PRNOMT_EXP":762.28,"METBAS_VA":164.64,"METBAS_EXP":331.49,"NONFER_VA":30.21,"NONFER_EXP":236.73,"PRMETA_VA":654.26,"PRMETA_EXP":629.15,"ELCTRO_VA":3995.56,"ELCTRO_EXP":15576.61,"ELCTRI_VA":567.56,"ELCTRI_EXP":1321.12,"MAQYEQ_VA":645.09,"MAQYEQ_EXP":1377.76,"AUTOMO_VA":178.36,"AUTOMO_EXP":351.67,"OTRTRA_VA":5.8,"OTRTRA_EXP":11.12,"TRANSP_VA":103.73,"TRANSP_EXP":209.66,"OTRMAN_VA":2435.5,"OTRMAN_EXP":1563.04,"ELEGAS_VA":882.77,"ELEGAS_EXP":1.34,"AGUBAS_VA":571.91,"AGUBAS_EXP":0.04,"CONSTR_VA":6371.68,"CONSTR_EXP":0.1,"COMREV_VA":10091.23,"COMREV_EXP":5423.65,"TRATIE_VA":1354.99,"TRATIE_EXP":791.59,"TRAGUA_VA":153.72,"TRAGUA_EXP":286.42,"TRAAIR_VA":714.75,"TRAAIR_EXP":916.56,"ALMSTR_VA":525.57,"ALMSTR_EXP":346.42,"POSTME_VA":681.67,"POSTME_EXP":340.0,"HOTYRE_VA":2411.09,"HOTYRE_EXP":854.82,"MMTVRA_VA":2935.07,"MMTVRA_EXP":1405.4,"TELECO_VA":2595.41,"TELECO_EXP":389.38,"ITSERV_VA":2300.88,"ITSERV_EXP":2766.97,"SERFIN_VA":6760.59,"SERFIN_EXP":4310.84,"GOBEST_VA":6254.0,"GOBEST_EXP":248.14,"SPRSCT_VA":3198.0,"SPRSCT_EXP":2872.23,"SEAEMP_VA":2847.93,"SEAEMP_EXP":694.35,"ADPDEF_VA":3762.23,"ADPDEF_EXP":0.04,"EDUCAC_VA":3790.1,"EDUCAC_EXP":48.93,"SALUDH_VA":4743.77,"SALUDH_EXP":31.51,"ESPARC_VA":1313.42,"ESPARC_EXP":105.73,"OTRSER_VA":651.86,"OTRSER_EXP":25.93,"SERHOG_VA":118.92,"SERHOG_EXP":0.0}},{"type":"Feature","geometry":{"type":"Point","coordinates":[-19.02,64.96]},"properties":{"id":"ISL","name":"Islandia","continent":"europe","year":1999,"AGRPFO_VA":109.62,"AGRPFO_EXP":10.07,"FORLOG_VA":0.92,"FORLOG_EXP":0.11,"PESCAC_VA":571.44,"PESCAC_EXP":265.64,"MINCOL_VA":0.02,"MINCOL_EXP":0.0,"PETGAS_VA":0.34,"PETGAS_EXP":0.05,"MINORE_VA":0.0,"MINORE_EXP":0.0,"MINOTH_VA":11.01,"MINOTH_EXP":3.03,"MINSER_VA":0.02,"MINSER_EXP":0.0,"ALYBEB_VA":443.33,"ALYBEB_EXP":908.64,"TEXYPR_VA":12.32,"TEXYPR_EXP":14.11,"MADYPR_VA":17.94,"MADYPR_EXP":0.27,"PAPYPR_VA":46.24,"PAPYPR_EXP":3.93,"PETREF_VA":0.04,"PETREF_EXP":0.01,"QUIMYP_VA":22.44,"QUIMYP_EXP":14.31,"FARMED_VA":26.92,"FARMED_EXP":0.69,"HUPLAS_VA":34.61,"HUPLAS_EXP":8.86,"PRNOMT_VA":48.07,"PRNOMT_EXP":1.79,"METBAS_VA":24.02,"METBAS_EXP":11.07,"NONFER_VA":171.09,"NONFER_EXP":225.86,"PRMETA_VA":86.18,"PRMETA_EXP":3.36,"ELCTRO_VA":2.55,"ELCTRO_EXP":0.63,"ELCTRI_VA":6.84,"ELCTRI_EXP":1.0,"MAQYEQ_VA":50.22,"MAQYEQ_EXP":45.12,"AUTOMO_VA":4.36,"AUTOMO_EXP":1.23,"OTRTRA_VA":0.98,"OTRTRA_EXP":2.02,"TRANSP_VA":8.8,"TRANSP_EXP":7.04,"OTRMAN_VA":124.77,"OTRMAN_EXP":10.63,"ELEGAS_VA":257.52,"ELEGAS_EXP":0.1,"AGUBAS_VA":46.39,"AGUBAS_EXP":0.26,"CONSTR_VA":676.2,"CONSTR_EXP":0.19,"COMREV_VA":928.92,"COMREV_EXP":288.62,"TRATIE_VA":106.48,"TRATIE_EXP":21.07,"TRAGUA_VA":93.18,"TRAGUA_EXP":92.68,"TRAAIR_VA":182.97,"TRAAIR_EXP":397.66,"ALMSTR_VA":56.11,"ALMSTR_EXP":43.62,"POSTME_VA":28.23,"POSTME_EXP":0.94,"HOTYRE_VA":271.21,"HOTYRE_EXP":65.0,"MMTVRA_VA":194.59,"MMTVRA_EXP":16.83,"TELECO_VA":140.17,"TELECO_EXP":7.81,"ITSERV_VA":114.98,"ITSERV_EXP":51.92,"SERFIN_VA":349.61,"SERFIN_EXP":57.52,"GOBEST_VA":523.63,"GOBEST_EXP":0.84,"SPRSCT_VA":317.16,"SPRSCT_EXP":87.82,"SEAEMP_VA":162.57,"SEAEMP_EXP":58.08,"ADPDEF_VA":454.75,"ADPDEF_EXP":0.34,"EDUCAC_VA":410.78,"EDUCAC_EXP":0.46,"SALUDH_VA":652.09,"SALUDH_EXP":0.61,"ESPARC_VA":72.67,"ESPARC_EXP":29.39,"OTRSER_VA":111.08,"OTRSER_EXP":6.47,"SERHOG_VA":5.95,"SERHOG_EXP":0.0}},{"type":"Feature","geometry":{"type":"Point","coordinates":[34.85,31.05]},"properties":{"id":"ISR","name":"Israel","continent":"other","year":1999,"AGRPFO_VA":1682.23,"AGRPFO_EXP":766.04,"FORLOG_VA":9.1,"FORLOG_EXP":10.72,"PESCAC_VA":22.64,"PESCAC_EXP":12.76,"MINCOL_VA":0.0,"MINCOL_EXP":0.0,"PETGAS_VA":157.58,"PETGAS_EXP":2.06,"MINORE_VA":0.0,"MINORE_EXP":0.0,"MINOTH_VA":440.6,"MINOTH_EXP":587.33,"MINSER_VA":35.13,"MINSER_EXP":20.08,"ALYBEB_VA":1748.45,"ALYBEB_EXP":771.58,"TEXYPR_VA":332.27,"TEXYPR_EXP":416.7,"MADYPR_VA":61.19,"MADYPR_EXP":15.35,"PAPYPR_VA":490.14,"PAPYPR_EXP":196.27,"PETREF_VA":1950.29,"PETREF_EXP":1622.68,"QUIMYP_VA":2008.17,"QUIMYP_EXP":2263.75,"FARMED_VA":1583.85,"FARMED_EXP":281.64,"HUPLAS_VA":728.48,"HUPLAS_EXP":1104.74,"PRNOMT_VA":545.07,"PRNOMT_EXP":227.4,"METBAS_VA":176.07,"METBAS_EXP":147.41,"NONFER_VA":70.15,"NONFER_EXP":151.67,"PRMETA_VA":1355.54,"PRMETA_EXP":698.41,"ELCTRO_VA":3512.01,"ELCTRO_EXP":4812.09,"ELCTRI_VA":279.93,"ELCTRI_EXP":404.17,"MAQYEQ_VA":697.2,"MAQYEQ_EXP":1241.45,"AUTOMO_VA":139.75,"AUTOMO_EXP":297.18,"OTRTRA_VA":6.6,"OTRTRA_EXP":14.77,"TRANSP_VA":618.35,"TRANSP_EXP":1198.34,"OTRMAN_VA":617.98,"OTRMAN_EXP":960.88,"ELEGAS_VA":519.23,"ELEGAS_EXP":0.21,"AGUBAS_VA":981.42,"AGUBAS_EXP":0.93,"CONSTR_VA":5968.7,"CONSTR_EXP":6.59,"COMREV_VA":9366.2,"COMREV_EXP":3143.13,"TRATIE_VA":2433.75,"TRATIE_EXP":703.74,"TRAGUA_VA":396.23,"TRAGUA_EXP":391.73,"TRAAIR_VA":1078.0,"TRAAIR_EXP":996.13,"ALMSTR_VA":358.98,"ALMSTR_EXP":492.95,"POSTME_VA":324.93,"POSTME_EXP":42.2,"HOTYRE_VA":2276.23,"HOTYRE_EXP":1247.58,"MMTVRA_VA":620.02,"MMTVRA_EXP":255.85,"TELECO_VA":2758.21,"TELECO_EXP":232.22,"ITSERV_VA":4363.05,"ITSERV_EXP":3196.41,"SERFIN_VA":6376.45,"SERFIN_EXP":1383.16,"GOBEST_VA":16464.71,"GOBEST_EXP":870.69,"SPRSCT_VA":6950.61,"SPRSCT_EXP":899.05,"SEAEMP_VA":3770.69,"SEAEMP_EXP":268.42,"ADPDEF_VA":10708.18,"ADPDEF_EXP":10.44,"EDUCAC_VA":7008.75,"EDUCAC_EXP":105.32,"SALUDH_VA":6466.74,"SALUDH_EXP":109.71,"ESPARC_VA":1729.87,"ESPARC_EXP":177.82,"OTRSER_VA":1472.75,"OTRSER_EXP":85.19,"SERHOG_VA":202.14,"SERHOG_EXP":0.0}},{"type":"Feature","geometry":{"type":"Point","coordinates":[12.57,41.87]},"properties":{"id":"ITA","name":"Italia","continent":"europe","year":1999,"AGRPFO_VA":32542.27,"AGRPFO_EXP":2960.12,"FORLOG_VA":1328.57,"FORLOG_EXP":101.8,"PESCAC_VA":1392.86,"PESCAC_EXP":139.41,"MINCOL_VA":17.84,"MINCOL_EXP":4.53,"PETGAS_VA":4641.75,"PETGAS_EXP":273.52,"MINORE_VA":0.57,"MINORE_EXP":0.16,"MINOTH_VA":1252.51,"MINOTH_EXP":269.85,"MINSER_VA":234.0,"MINSER_EXP":118.5,"ALYBEB_VA":22571.25,"ALYBEB_EXP":9879.27,"TEXYPR_VA":28985.61,"TEXYPR_EXP":25213.15,"MADYPR_VA":6986.41,"MADYPR_EXP":1476.62,"PAPYPR_VA":11277.94,"PAPYPR_EXP":3246.66,"PETREF_VA":3321.61,"PETREF_EXP":2466.29,"QUIMYP_VA":11534.34,"QUIMYP_EXP":11736.19,"FARMED_VA":7565.31,"FARMED_EXP":4889.79,"HUPLAS_VA":11902.79,"HUPLAS_EXP":7285.68,"PRNOMT_VA":13395.35,"PRNOMT_EXP":6343.64,"METBAS_VA":6308.02,"METBAS_EXP":5271.61,"NONFER_VA":2694.54,"NONFER_EXP":2042.31,"PRMETA_VA":25063.3,"PRMETA_EXP":9809.67,"ELCTRO_VA":7364.91,"ELCTRO_EXP":11021.37,"ELCTRI_VA":9882.22,"ELCTRI_EXP":7499.96,"MAQYEQ_VA":26300.82,"MAQYEQ_EXP":35534.23,"AUTOMO_VA":13694.37,"AUTOMO_EXP":14495.79,"OTRTRA_VA":1814.98,"OTRTRA_EXP":1706.05,"TRANSP_VA":4725.42,"TRANSP_EXP":2728.44,"OTRMAN_VA":19972.41,"OTRMAN_EXP":11782.73,"ELEGAS_VA":18304.72,"ELEGAS_EXP":394.0,"AGUBAS_VA":8635.67,"AGUBAS_EXP":61.63,"CONSTR_VA":56835.35,"CONSTR_EXP":716.67,"COMREV_VA":153077.34,"COMREV_EXP":41969.0,"TRATIE_VA":33858.39,"TRATIE_EXP":9589.83,"TRAGUA_VA":3623.67,"TRAGUA_EXP":4348.4,"TRAAIR_VA":3335.54,"TRAAIR_EXP":3066.82,"ALMSTR_VA":16473.69,"ALMSTR_EXP":5778.1,"POSTME_VA":4586.25,"POSTME_EXP":328.44,"HOTYRE_VA":39238.02,"HOTYRE_EXP":10443.24,"MMTVRA_VA":10074.08,"MMTVRA_EXP":1660.74,"TELECO_VA":19652.87,"TELECO_EXP":2248.27,"ITSERV_VA":16542.63,"ITSERV_EXP":1830.32,"SERFIN_VA":55902.86,"SERFIN_EXP":3836.31,"GOBEST_VA":113260.14,"GOBEST_EXP":2082.96,"SPRSCT_VA":76414.9,"SPRSCT_EXP":6200.56,"SEAEMP_VA":28293.09,"SEAEMP_EXP":4381.61,"ADPDEF_VA":73687.62,"ADPDEF_EXP":38.77,"EDUCAC_VA":53868.72,"EDUCAC_EXP":708.38,"SALUDH_VA":55560.13,"SALUDH_EXP":491.5,"ESPARC_VA":10778.11,"ESPARC_EXP":1064.34,"OTRSER_VA":22652.74,"OTRSER_EXP":915.79,"SERHOG_VA":10712.75,"SERHOG_EXP":0.0}},{"type":"Feature","geometry":{"type":"Point","coordinates":[36.24,30.59]},"properties":{"id":"JOR","name":"Jordania","continent":"other","year":1999,"AGRPFO_VA":301.83,"AGRPFO_EXP":178.64,"FORLOG_VA":22.61,"FORLOG_EXP":0.14,"PESCAC_VA":0.61,"PESCAC_EXP":0.2,"MINCOL_VA":41.38,"MINCOL_EXP":0.07,"PETGAS_VA":44.09,"PETGAS_EXP":0.3,"MINORE_VA":34.41,"MINORE_EXP":5.28,"MINOTH_VA":60.93,"MINOTH_EXP":85.87,"MINSER_VA":34.46,"MINSER_EXP":5.93,"ALYBEB_VA":520.52,"ALYBEB_EXP":167.97,"TEXYPR_VA":241.36,"TEXYPR_EXP":188.29,"MADYPR_VA":13.03,"MADYPR_EXP":3.19,"PAPYPR_VA":55.54,"PAPYPR_EXP":28.91,"PETREF_VA":61.37,"PETREF_EXP":3.02,"QUIMYP_VA":116.53,"QUIMYP_EXP":234.3,"FARMED_VA":96.62,"FARMED_EXP":103.68,"HUPLAS_VA":38.34,"HUPLAS_EXP":24.15,"PRNOMT_VA":148.99,"PRNOMT_EXP":8.73,"METBAS_VA":25.61,"METBAS_EXP":4.73,"NONFER_VA":30.25,"NONFER_EXP":22.07,"PRMETA_VA":70.89,"PRMETA_EXP":32.26,"ELCTRO_VA":8.11,"ELCTRO_EXP":13.38,"ELCTRI_VA":41.05,"ELCTRI_EXP":23.84,"MAQYEQ_VA":25.95,"MAQYEQ_EXP":22.6,"AUTOMO_VA":14.07,"AUTOMO_EXP":10.0,"OTRTRA_VA":1.84,"OTRTRA_EXP":0.2,"TRANSP_VA":3.33,"TRANSP_EXP":0.13,"OTRMAN_VA":37.39,"OTRMAN_EXP":65.62,"ELEGAS_VA":82.7,"ELEGAS_EXP":2.28,"AGUBAS_VA":91.78,"AGUBAS_EXP":0.49,"CONSTR_VA":253.47,"CONSTR_EXP":0.62,"COMREV_VA":700.6,"COMREV_EXP":157.84,"TRATIE_VA":300.32,"TRATIE_EXP":97.61,"TRAGUA_VA":12.52,"TRAGUA_EXP":17.1,"TRAAIR_VA":57.1,"TRAAIR_EXP":208.76,"ALMSTR_VA":79.39,"ALMSTR_EXP":74.58,"POSTME_VA":3.81,"POSTME_EXP":6.47,"HOTYRE_VA":211.72,"HOTYRE_EXP":153.28,"MMTVRA_VA":37.72,"MMTVRA_EXP":53.09,"TELECO_VA":281.81,"TELECO_EXP":84.73,"ITSERV_VA":41.64,"ITSERV_EXP":6.27,"SERFIN_VA":187.06,"SERFIN_EXP":121.79,"GOBEST_VA":859.85,"GOBEST_EXP":46.97,"SPRSCT_VA":84.01,"SPRSCT_EXP":84.62,"SEAEMP_VA":68.42,"SEAEMP_EXP":128.11,"ADPDEF_VA":781.67,"ADPDEF_EXP":1.9,"EDUCAC_VA":665.84,"EDUCAC_EXP":127.37,"SALUDH_VA":232.01,"SALUDH_EXP":108.81,"ESPARC_VA":20.71,"ESPARC_EXP":47.09,"OTRSER_VA":69.14,"OTRSER_EXP":8.39,"SERHOG_VA":62.77,"SERHOG_EXP":0.0}},{"type":"Feature","geometry":{"type":"Point","coordinates":[138.25,36.2]},"properties":{"id":"JPN","name":"Japón","continent":"asia","year":1999,"AGRPFO_VA":60595.49,"AGRPFO_EXP":436.27,"FORLOG_VA":1970.34,"FORLOG_EXP":38.93,"PESCAC_VA":10060.97,"PESCAC_EXP":173.76,"MINCOL_VA":507.22,"MINCOL_EXP":2.09,"PETGAS_VA":517.48,"PETGAS_EXP":8.25,"MINORE_VA":1218.48,"MINORE_EXP":7.04,"MINOTH_VA":778.09,"MINOTH_EXP":95.05,"MINSER_VA":1043.23,"MINSER_EXP":131.78,"ALYBEB_VA":123027.09,"ALYBEB_EXP":1517.3,"TEXYPR_VA":31183.43,"TEXYPR_EXP":4660.4,"MADYPR_VA":10577.9,"MADYPR_EXP":245.84,"PAPYPR_VA":58596.02,"PAPYPR_EXP":1958.53,"PETREF_VA":47968.47,"PETREF_EXP":2203.52,"QUIMYP_VA":59163.07,"QUIMYP_EXP":15351.95,"FARMED_VA":33928.45,"FARMED_EXP":1435.04,"HUPLAS_VA":42458.41,"HUPLAS_EXP":9658.5,"PRNOMT_VA":33043.39,"PRNOMT_EXP":2936.58,"METBAS_VA":39976.85,"METBAS_EXP":8465.21,"NONFER_VA":16664.16,"NONFER_EXP":5322.84,"PRMETA_VA":50859.39,"PRMETA_EXP":2538.64,"ELCTRO_VA":122124.11,"ELCTRO_EXP":98131.1,"ELCTRI_VA":66728.63,"ELCTRI_EXP":22073.89,"MAQYEQ_VA":113360.79,"MAQYEQ_EXP":50866.38,"AUTOMO_VA":90271.21,"AUTOMO_EXP":66217.84,"OTRTRA_VA":5792.13,"OTRTRA_EXP":7788.68,"TRANSP_VA":12787.08,"TRANSP_EXP":5934.06,"OTRMAN_VA":127152.61,"OTRMAN_EXP":6689.1,"ELEGAS_VA":83847.44,"ELEGAS_EXP":85.13,"AGUBAS_VA":63026.22,"AGUBAS_EXP":19.4,"CONSTR_VA":304085.46,"CONSTR_EXP":24.07,"COMREV_VA":584163.74,"COMREV_EXP":61177.75,"TRATIE_VA":135861.4,"TRATIE_EXP":12240.42,"TRAGUA_VA":9336.18,"TRAGUA_EXP":3224.18,"TRAAIR_VA":9925.74,"TRAAIR_EXP":5782.12,"ALMSTR_VA":49768.89,"ALMSTR_EXP":6959.54,"POSTME_VA":14739.26,"POSTME_EXP":229.6,"HOTYRE_VA":143334.57,"HOTYRE_EXP":1304.78,"MMTVRA_VA":39226.85,"MMTVRA_EXP":3025.5,"TELECO_VA":73557.1,"TELECO_EXP":1546.26,"ITSERV_VA":108613.6,"ITSERV_EXP":556.72,"SERFIN_VA":213904.83,"SERFIN_EXP":5932.6,"GOBEST_VA":453053.67,"GOBEST_EXP":1868.0,"SPRSCT_VA":173450.13,"SPRSCT_EXP":13960.57,"SEAEMP_VA":101627.79,"SEAEMP_EXP":7894.73,"ADPDEF_VA":213654.51,"ADPDEF_EXP":73.5,"EDUCAC_VA":157174.88,"EDUCAC_EXP":256.68,"SALUDH_VA":209047.02,"SALUDH_EXP":36.2,"ESPARC_VA":50808.27,"ESPARC_EXP":297.67,"OTRSER_VA":99256.84,"OTRSER_EXP":112.52,"SERHOG_VA":0.0,"SERHOG_EXP":0.0}},{"type":"Feature","geometry":{"type":"Point","coordinates":[66.92,48.02]},"properties":{"id":"KAZ","name":"Kazajistán","continent":"asia","year":1999,"AGRPFO_VA":892.25,"AGRPFO_EXP":280.63,"FORLOG_VA":3.33,"FORLOG_EXP":0.06,"PESCAC_VA":3.33,"PESCAC_EXP":0.36,"MINCOL_VA":85.28,"MINCOL_EXP":97.51,"PETGAS_VA":2734.76,"PETGAS_EXP":3363.76,"MINORE_VA":345.51,"MINORE_EXP":154.83,"MINOTH_VA":35.49,"MINOTH_EXP":19.7,"MINSER_VA":137.94,"MINSER_EXP":24.06,"ALYBEB_VA":355.21,"ALYBEB_EXP":69.98,"TEXYPR_VA":21.79,"TEXYPR_EXP":9.38,"MADYPR_VA":5.36,"MADYPR_EXP":0.31,"PAPYPR_VA":24.94,"PAPYPR_EXP":3.46,"PETREF_VA":260.69,"PETREF_EXP":153.62,"QUIMYP_VA":57.89,"QUIMYP_EXP":61.01,"FARMED_VA":7.85,"FARMED_EXP":0.94,"HUPLAS_VA":35.66,"HUPLAS_EXP":3.7,"PRNOMT_VA":98.36,"PRNOMT_EXP":2.59,"METBAS_VA":316.12,"METBAS_EXP":471.01,"NONFER_VA":630.25,"NONFER_EXP":682.74,"PRMETA_VA":43.39,"PRMETA_EXP":13.57,"ELCTRO_VA":6.62,"ELCTRO_EXP":11.62,"ELCTRI_VA":20.26,"ELCTRI_EXP":9.39,"MAQYEQ_VA":27.42,"MAQYEQ_EXP":36.15,"AUTOMO_VA":11.46,"AUTOMO_EXP":8.67,"OTRTRA_VA":2.77,"OTRTRA_EXP":0.98,"TRANSP_VA":5.01,"TRANSP_EXP":10.08,"OTRMAN_VA":114.16,"OTRMAN_EXP":3.87,"ELEGAS_VA":258.13,"ELEGAS_EXP":20.29,"AGUBAS_VA":44.7,"AGUBAS_EXP":0.25,"CONSTR_VA":1084.58,"CONSTR_EXP":0.25,"COMREV_VA":2509.53,"COMREV_EXP":567.94,"TRATIE_VA":851.79,"TRATIE_EXP":385.72,"TRAGUA_VA":15.02,"TRAGUA_EXP":5.39,"TRAAIR_VA":66.81,"TRAAIR_EXP":30.07,"ALMSTR_VA":330.38,"ALMSTR_EXP":39.74,"POSTME_VA":15.63,"POSTME_EXP":2.14,"HOTYRE_VA":154.83,"HOTYRE_EXP":87.59,"MMTVRA_VA":55.37,"MMTVRA_EXP":25.84,"TELECO_VA":377.69,"TELECO_EXP":45.89,"ITSERV_VA":118.11,"ITSERV_EXP":0.82,"SERFIN_VA":356.96,"SERFIN_EXP":20.58,"GOBEST_VA":1535.38,"GOBEST_EXP":108.27,"SPRSCT_VA":817.88,"SPRSCT_EXP":30.74,"SEAEMP_VA":317.52,"SEAEMP_EXP":120.5,"ADPDEF_VA":305.72,"ADPDEF_EXP":0.29,"EDUCAC_VA":459.92,"EDUCAC_EXP":2.52,"SALUDH_VA":321.81,"SALUDH_EXP":4.03,"ESPARC_VA":60.93,"ESPARC_EXP":8.54,"OTRSER_VA":240.91,"OTRSER_EXP":4.17,"SERHOG_VA":10.39,"SERHOG_EXP":0.0}},{"type":"Feature","geometry":{"type":"Point","coordinates":[104.99,12.57]},"properties":{"id":"KHM","name":"Camboya","continent":"asia","year":1999,"AGRPFO_VA":745.73,"AGRPFO_EXP":357.38,"FORLOG_VA":128.36,"FORLOG_EXP":0.29,"PESCAC_VA":357.11,"PESCAC_EXP":34.76,"MINCOL_VA":0.0,"MINCOL_EXP":0.0,"PETGAS_VA":0.0,"PETGAS_EXP":0.0,"MINORE_VA":6.95,"MINORE_EXP":0.12,"MINOTH_VA":10.15,"MINOTH_EXP":0.22,"MINSER_VA":4.79,"MINSER_EXP":0.12,"ALYBEB_VA":62.39,"ALYBEB_EXP":42.61,"TEXYPR_VA":325.29,"TEXYPR_EXP":515.67,"MADYPR_VA":5.12,"MADYPR_EXP":7.79,"PAPYPR_VA":6.83,"PAPYPR_EXP":6.19,"PETREF_VA":1.75,"PETREF_EXP":1.29,"QUIMYP_VA":6.76,"QUIMYP_EXP":1.25,"FARMED_VA":4.01,"FARMED_EXP":0.84,"HUPLAS_VA":11.83,"HUPLAS_EXP":2.4,"PRNOMT_VA":11.65,"PRNOMT_EXP":0.33,"METBAS_VA":300.89,"METBAS_EXP":6.0,"NONFER_VA":3.47,"NONFER_EXP":4.02,"PRMETA_VA":15.87,"PRMETA_EXP":1.88,"ELCTRO_VA":0.02,"ELCTRO_EXP":0.01,"ELCTRI_VA":0.02,"ELCTRI_EXP":0.0,"MAQYEQ_VA":0.49,"MAQYEQ_EXP":0.48,"AUTOMO_VA":3.45,"AUTOMO_EXP":1.92,"OTRTRA_VA":0.58,"OTRTRA_EXP":0.12,"TRANSP_VA":1.05,"TRANSP_EXP":0.5,"OTRMAN_VA":21.48,"OTRMAN_EXP":23.46,"ELEGAS_VA":8.96,"ELEGAS_EXP":0.18,"AGUBAS_VA":8.56,"AGUBAS_EXP":0.25,"CONSTR_VA":129.32,"CONSTR_EXP":0.58,"COMREV_VA":260.35,"COMREV_EXP":68.56,"TRATIE_VA":86.05,"TRATIE_EXP":48.88,"TRAGUA_VA":12.97,"TRAGUA_EXP":13.13,"TRAAIR_VA":13.22,"TRAAIR_EXP":21.66,"ALMSTR_VA":42.54,"ALMSTR_EXP":43.63,"POSTME_VA":12.45,"POSTME_EXP":3.67,"HOTYRE_VA":126.18,"HOTYRE_EXP":47.14,"MMTVRA_VA":15.53,"MMTVRA_EXP":13.3,"TELECO_VA":46.17,"TELECO_EXP":13.03,"ITSERV_VA":11.6,"ITSERV_EXP":4.28,"SERFIN_VA":43.52,"SERFIN_EXP":6.79,"GOBEST_VA":191.18,"GOBEST_EXP":9.77,"SPRSCT_VA":27.65,"SPRSCT_EXP":6.78,"SEAEMP_VA":22.64,"SEAEMP_EXP":5.76,"ADPDEF_VA":88.68,"ADPDEF_EXP":0.39,"EDUCAC_VA":65.48,"EDUCAC_EXP":3.84,"SALUDH_VA":68.7,"SALUDH_EXP":3.08,"ESPARC_VA":26.94,"ESPARC_EXP":8.98,"OTRSER_VA":54.18,"OTRSER_EXP":3.41,"SERHOG_VA":0.0,"SERHOG_EXP":0.0}},{"type":"Feature","geometry":{"type":"Point","coordinates":[127.77,35.91]},"properties":{"id":"KOR","name":"Corea del Sur","continent":"asia","year":1999,"AGRPFO_VA":16722.42,"AGRPFO_EXP":235.6,"FORLOG_VA":1483.74,"FORLOG_EXP":104.64,"PESCAC_VA":1825.15,"PESCAC_EXP":468.27,"MINCOL_VA":160.16,"MINCOL_EXP":5.21,"PETGAS_VA":82.95,"PETGAS_EXP":1.08,"MINORE_VA":19.4,"MINORE_EXP":9.58,"MINOTH_VA":835.87,"MINOTH_EXP":86.96,"MINSER_VA":8.39,"MINSER_EXP":7.49,"ALYBEB_VA":8596.09,"ALYBEB_EXP":2204.81,"TEXYPR_VA":10085.22,"TEXYPR_EXP":14348.26,"MADYPR_VA":848.74,"MADYPR_EXP":113.13,"PAPYPR_VA":4678.41,"PAPYPR_EXP":1562.15,"PETREF_VA":5634.12,"PETREF_EXP":6856.26,"QUIMYP_VA":10532.73,"QUIMYP_EXP":5569.88,"FARMED_VA":2599.91,"FARMED_EXP":251.35,"HUPLAS_VA":6473.05,"HUPLAS_EXP":3285.04,"PRNOMT_VA":5199.33,"PRNOMT_EXP":680.7,"METBAS_VA":8551.42,"METBAS_EXP":6064.82,"NONFER_VA":1567.2,"NONFER_EXP":3548.32,"PRMETA_VA":5965.89,"PRMETA_EXP":2339.09,"ELCTRO_VA":26704.51,"ELCTRO_EXP":40002.54,"ELCTRI_VA":6293.78,"ELCTRI_EXP":4017.49,"MAQYEQ_VA":7911.36,"MAQYEQ_EXP":6127.6,"AUTOMO_VA":9928.09,"AUTOMO_EXP":11207.27,"OTRTRA_VA":3885.76,"OTRTRA_EXP":7255.01,"TRANSP_VA":536.13,"TRANSP_EXP":1102.87,"OTRMAN_VA":3414.75,"OTRMAN_EXP":2046.15,"ELEGAS_VA":9546.17,"ELEGAS_EXP":6.7,"AGUBAS_VA":2361.01,"AGUBAS_EXP":3.04,"CONSTR_VA":29196.52,"CONSTR_EXP":0.76,"COMREV_VA":49990.54,"COMREV_EXP":13839.01,"TRATIE_VA":5285.1,"TRATIE_EXP":1291.37,"TRAGUA_VA":4529.64,"TRAGUA_EXP":9381.47,"TRAAIR_VA":4233.63,"TRAAIR_EXP":4859.06,"ALMSTR_VA":4194.06,"ALMSTR_EXP":1849.26,"POSTME_VA":1559.76,"POSTME_EXP":111.45,"HOTYRE_VA":14073.6,"HOTYRE_EXP":1435.66,"MMTVRA_VA":5741.35,"MMTVRA_EXP":224.94,"TELECO_VA":9624.77,"TELECO_EXP":233.0,"ITSERV_VA":6281.49,"ITSERV_EXP":438.71,"SERFIN_VA":29488.16,"SERFIN_EXP":934.91,"GOBEST_VA":38595.27,"GOBEST_EXP":181.61,"SPRSCT_VA":20942.66,"SPRSCT_EXP":1080.59,"SEAEMP_VA":11982.58,"SEAEMP_EXP":978.65,"ADPDEF_VA":25434.64,"ADPDEF_EXP":9.4,"EDUCAC_VA":20313.22,"EDUCAC_EXP":105.51,"SALUDH_VA":12812.38,"SALUDH_EXP":65.89,"ESPARC_VA":4550.15,"ESPARC_EXP":860.12,"OTRSER_VA":5933.9,"OTRSER_EXP":68.64,"SERHOG_VA":775.81,"SERHOG_EXP":0.0}},{"type":"Feature","geometry":{"type":"Point","coordinates":[102.5,19.86]},"properties":{"id":"LAO","name":"Laos","continent":"asia","year":1999,"AGRPFO_VA":244.13,"AGRPFO_EXP":36.63,"FORLOG_VA":42.86,"FORLOG_EXP":24.99,"PESCAC_VA":41.21,"PESCAC_EXP":0.32,"MINCOL_VA":14.19,"MINCOL_EXP":1.57,"PETGAS_VA":12.7,"PETGAS_EXP":0.15,"MINORE_VA":45.56,"MINORE_EXP":2.99,"MINOTH_VA":27.66,"MINOTH_EXP":0.35,"MINSER_VA":10.04,"MINSER_EXP":0.88,"ALYBEB_VA":57.06,"ALYBEB_EXP":9.31,"TEXYPR_VA":24.53,"TEXYPR_EXP":35.8,"MADYPR_VA":16.76,"MADYPR_EXP":31.0,"PAPYPR_VA":0.35,"PAPYPR_EXP":0.23,"PETREF_VA":6.87,"PETREF_EXP":0.17,"QUIMYP_VA":2.96,"QUIMYP_EXP":0.81,"FARMED_VA":1.87,"FARMED_EXP":0.65,"HUPLAS_VA":0.94,"HUPLAS_EXP":0.25,"PRNOMT_VA":13.5,"PRNOMT_EXP":0.25,"METBAS_VA":0.23,"METBAS_EXP":0.03,"NONFER_VA":0.22,"NONFER_EXP":0.04,"PRMETA_VA":4.86,"PRMETA_EXP":0.31,"ELCTRO_VA":0.37,"ELCTRO_EXP":0.23,"ELCTRI_VA":0.25,"ELCTRI_EXP":0.09,"MAQYEQ_VA":0.02,"MAQYEQ_EXP":0.0,"AUTOMO_VA":0.08,"AUTOMO_EXP":0.11,"OTRTRA_VA":0.03,"OTRTRA_EXP":0.01,"TRANSP_VA":0.03,"TRANSP_EXP":0.03,"OTRMAN_VA":10.98,"OTRMAN_EXP":6.94,"ELEGAS_VA":121.29,"ELEGAS_EXP":43.15,"AGUBAS_VA":20.45,"AGUBAS_EXP":0.37,"CONSTR_VA":75.3,"CONSTR_EXP":1.11,"COMREV_VA":201.35,"COMREV_EXP":32.13,"TRATIE_VA":36.73,"TRATIE_EXP":36.09,"TRAGUA_VA":1.71,"TRAGUA_EXP":1.41,"TRAAIR_VA":3.9,"TRAAIR_EXP":7.99,"ALMSTR_VA":4.77,"ALMSTR_EXP":1.08,"POSTME_VA":5.79,"POSTME_EXP":6.98,"HOTYRE_VA":26.95,"HOTYRE_EXP":36.67,"MMTVRA_VA":2.45,"MMTVRA_EXP":3.62,"TELECO_VA":25.68,"TELECO_EXP":29.63,"ITSERV_VA":2.53,"ITSERV_EXP":2.94,"SERFIN_VA":66.4,"SERFIN_EXP":78.89,"GOBEST_VA":69.48,"GOBEST_EXP":19.01,"SPRSCT_VA":9.83,"SPRSCT_EXP":12.96,"SEAEMP_VA":4.23,"SEAEMP_EXP":5.02,"ADPDEF_VA":94.1,"ADPDEF_EXP":0.83,"EDUCAC_VA":28.36,"EDUCAC_EXP":3.36,"SALUDH_VA":4.71,"SALUDH_EXP":2.3,"ESPARC_VA":4.66,"ESPARC_EXP":6.87,"OTRSER_VA":55.17,"OTRSER_EXP":2.84,"SERHOG_VA":7.04,"SERHOG_EXP":0.0}},{"type":"Feature","geometry":{"type":"Point","coordinates":[23.88,55.17]},"properties":{"id":"LTU","name":"Lituania","continent":"europe","year":1999,"AGRPFO_VA":670.65,"AGRPFO_EXP":128.3,"FORLOG_VA":50.81,"FORLOG_EXP":30.8,"PESCAC_VA":6.17,"PESCAC_EXP":1.47,"MINCOL_VA":4.43,"MINCOL_EXP":5.58,"PETGAS_VA":22.34,"PETGAS_EXP":0.48,"MINORE_VA":1.69,"MINORE_EXP":0.28,"MINOTH_VA":11.05,"MINOTH_EXP":10.71,"MINSER_VA":7.61,"MINSER_EXP":0.82,"ALYBEB_VA":483.49,"ALYBEB_EXP":218.86,"TEXYPR_VA":369.74,"TEXYPR_EXP":375.09,"MADYPR_VA":102.29,"MADYPR_EXP":98.34,"PAPYPR_VA":70.88,"PAPYPR_EXP":24.01,"PETREF_VA":188.68,"PETREF_EXP":144.89,"QUIMYP_VA":106.63,"QUIMYP_EXP":54.25,"FARMED_VA":9.37,"FARMED_EXP":6.67,"HUPLAS_VA":45.54,"HUPLAS_EXP":41.96,"PRNOMT_VA":80.83,"PRNOMT_EXP":29.25,"METBAS_VA":7.38,"METBAS_EXP":16.08,"NONFER_VA":0.76,"NONFER_EXP":1.11,"PRMETA_VA":40.44,"PRMETA_EXP":26.59,"ELCTRO_VA":75.36,"ELCTRO_EXP":98.4,"ELCTRI_VA":39.34,"ELCTRI_EXP":39.88,"MAQYEQ_VA":30.08,"MAQYEQ_EXP":18.93,"AUTOMO_VA":29.29,"AUTOMO_EXP":6.64,"OTRTRA_VA":21.05,"OTRTRA_EXP":25.34,"TRANSP_VA":9.72,"TRANSP_EXP":15.43,"OTRMAN_VA":133.85,"OTRMAN_EXP":145.01,"ELEGAS_VA":390.63,"ELEGAS_EXP":19.77,"AGUBAS_VA":91.45,"AGUBAS_EXP":2.67,"CONSTR_VA":756.24,"CONSTR_EXP":17.3,"COMREV_VA":1557.99,"COMREV_EXP":375.55,"TRATIE_VA":468.83,"TRATIE_EXP":312.48,"TRAGUA_VA":44.1,"TRAGUA_EXP":35.01,"TRAAIR_VA":16.12,"TRAAIR_EXP":48.14,"ALMSTR_VA":184.91,"ALMSTR_EXP":171.67,"POSTME_VA":23.07,"POSTME_EXP":4.89,"HOTYRE_VA":175.25,"HOTYRE_EXP":93.11,"MMTVRA_VA":109.23,"MMTVRA_EXP":9.19,"TELECO_VA":279.06,"TELECO_EXP":46.11,"ITSERV_VA":29.83,"ITSERV_EXP":14.52,"SERFIN_VA":199.93,"SERFIN_EXP":17.12,"GOBEST_VA":689.09,"GOBEST_EXP":35.06,"SPRSCT_VA":248.17,"SPRSCT_EXP":72.27,"SEAEMP_VA":116.01,"SEAEMP_EXP":19.58,"ADPDEF_VA":927.52,"ADPDEF_EXP":0.47,"EDUCAC_VA":654.57,"EDUCAC_EXP":12.36,"SALUDH_VA":339.91,"SALUDH_EXP":12.4,"ESPARC_VA":70.34,"ESPARC_EXP":34.39,"OTRSER_VA":166.43,"OTRSER_EXP":12.84,"SERHOG_VA":7.74,"SERHOG_EXP":0.0}},{"type":"Feature","geometry":{"type":"Point","coordinates":[6.13,49.82]},"properties":{"id":"LUX","name":"Luxemburgo","continent":"europe","year":1999,"AGRPFO_VA":143.07,"AGRPFO_EXP":128.62,"FORLOG_VA":14.38,"FORLOG_EXP":7.94,"PESCAC_VA":0.0,"PESCAC_EXP":0.0,"MINCOL_VA":0.0,"MINCOL_EXP":0.0,"PETGAS_VA":0.0,"PETGAS_EXP":0.0,"MINORE_VA":6.62,"MINORE_EXP":1.39,"MINOTH_VA":19.51,"MINOTH_EXP":1.76,"MINSER_VA":0.0,"MINSER_EXP":0.0,"ALYBEB_VA":200.33,"ALYBEB_EXP":250.79,"TEXYPR_VA":180.55,"TEXYPR_EXP":275.87,"MADYPR_VA":37.65,"MADYPR_EXP":64.03,"PAPYPR_VA":97.19,"PAPYPR_EXP":159.02,"PETREF_VA":0.0,"PETREF_EXP":0.0,"QUIMYP_VA":79.52,"QUIMYP_EXP":139.95,"FARMED_VA":7.96,"FARMED_EXP":24.68,"HUPLAS_VA":295.24,"HUPLAS_EXP":618.41,"PRNOMT_VA":241.8,"PRNOMT_EXP":313.17,"METBAS_VA":267.77,"METBAS_EXP":796.11,"NONFER_VA":274.52,"NONFER_EXP":837.14,"PRMETA_VA":189.73,"PRMETA_EXP":478.18,"ELCTRO_VA":167.33,"ELCTRO_EXP":153.15,"ELCTRI_VA":19.34,"ELCTRI_EXP":26.28,"MAQYEQ_VA":161.67,"MAQYEQ_EXP":552.93,"AUTOMO_VA":12.38,"AUTOMO_EXP":8.12,"OTRTRA_VA":0.09,"OTRTRA_EXP":0.08,"TRANSP_VA":0.16,"TRANSP_EXP":0.09,"OTRMAN_VA":44.65,"OTRMAN_EXP":43.83,"ELEGAS_VA":225.65,"ELEGAS_EXP":21.32,"AGUBAS_VA":127.69,"AGUBAS_EXP":4.25,"CONSTR_VA":1306.79,"CONSTR_EXP":56.19,"COMREV_VA":1824.63,"COMREV_EXP":629.15,"TRATIE_VA":589.36,"TRATIE_EXP":687.66,"TRAGUA_VA":19.67,"TRAGUA_EXP":29.27,"TRAAIR_VA":341.94,"TRAAIR_EXP":729.08,"ALMSTR_VA":91.12,"ALMSTR_EXP":95.31,"POSTME_VA":64.72,"POSTME_EXP":86.03,"HOTYRE_VA":649.77,"HOTYRE_EXP":590.49,"MMTVRA_VA":255.88,"MMTVRA_EXP":718.75,"TELECO_VA":858.31,"TELECO_EXP":578.83,"ITSERV_VA":257.98,"ITSERV_EXP":211.42,"SERFIN_VA":5092.64,"SERFIN_EXP":14254.56,"GOBEST_VA":1801.54,"GOBEST_EXP":174.32,"SPRSCT_VA":872.11,"SPRSCT_EXP":691.86,"SEAEMP_VA":449.29,"SEAEMP_EXP":217.08,"ADPDEF_VA":1105.74,"ADPDEF_EXP":13.26,"EDUCAC_VA":779.18,"EDUCAC_EXP":47.91,"SALUDH_VA":874.45,"SALUDH_EXP":45.75,"ESPARC_VA":114.75,"ESPARC_EXP":95.04,"OTRSER_VA":175.33,"OTRSER_EXP":39.44,"SERHOG_VA":79.71,"SERHOG_EXP":0.0}},{"type":"Feature","geometry":{"type":"Point","coordinates":[24.6,56.88]},"properties":{"id":"LVA","name":"Letonia","continent":"europe","year":1999,"AGRPFO_VA":187.79,"AGRPFO_EXP":23.18,"FORLOG_VA":98.19,"FORLOG_EXP":49.3,"PESCAC_VA":24.89,"PESCAC_EXP":3.39,"MINCOL_VA":0.3,"MINCOL_EXP":0.02,"PETGAS_VA":0.0,"PETGAS_EXP":0.0,"MINORE_VA":0.15,"MINORE_EXP":0.05,"MINOTH_VA":10.21,"MINOTH_EXP":2.73,"MINSER_VA":0.21,"MINSER_EXP":0.03,"ALYBEB_VA":338.11,"ALYBEB_EXP":148.68,"TEXYPR_VA":136.12,"TEXYPR_EXP":138.83,"MADYPR_VA":214.83,"MADYPR_EXP":240.72,"PAPYPR_VA":56.78,"PAPYPR_EXP":24.82,"PETREF_VA":2.47,"PETREF_EXP":2.27,"QUIMYP_VA":20.95,"QUIMYP_EXP":34.48,"FARMED_VA":21.11,"FARMED_EXP":23.41,"HUPLAS_VA":18.59,"HUPLAS_EXP":11.88,"PRNOMT_VA":30.45,"PRNOMT_EXP":19.14,"METBAS_VA":44.77,"METBAS_EXP":20.48,"NONFER_VA":8.24,"NONFER_EXP":26.46,"PRMETA_VA":43.52,"PRMETA_EXP":25.57,"ELCTRO_VA":15.0,"ELCTRO_EXP":10.46,"ELCTRI_VA":18.35,"ELCTRI_EXP":27.04,"MAQYEQ_VA":26.9,"MAQYEQ_EXP":37.63,"AUTOMO_VA":4.61,"AUTOMO_EXP":3.2,"OTRTRA_VA":12.98,"OTRTRA_EXP":15.77,"TRANSP_VA":10.53,"TRANSP_EXP":11.55,"OTRMAN_VA":82.92,"OTRMAN_EXP":102.75,"ELEGAS_VA":284.44,"ELEGAS_EXP":5.26,"AGUBAS_VA":96.27,"AGUBAS_EXP":2.18,"CONSTR_VA":510.43,"CONSTR_EXP":15.34,"COMREV_VA":933.13,"COMREV_EXP":260.99,"TRATIE_VA":325.54,"TRATIE_EXP":411.65,"TRAGUA_VA":49.18,"TRAGUA_EXP":27.13,"TRAAIR_VA":22.3,"TRAAIR_EXP":46.12,"ALMSTR_VA":593.08,"ALMSTR_EXP":95.9,"POSTME_VA":26.0,"POSTME_EXP":6.41,"HOTYRE_VA":80.58,"HOTYRE_EXP":30.21,"MMTVRA_VA":37.71,"MMTVRA_EXP":12.3,"TELECO_VA":190.64,"TELECO_EXP":45.69,"ITSERV_VA":30.23,"ITSERV_EXP":23.4,"SERFIN_VA":257.64,"SERFIN_EXP":135.0,"GOBEST_VA":386.92,"GOBEST_EXP":9.08,"SPRSCT_VA":221.87,"SPRSCT_EXP":60.56,"SEAEMP_VA":172.06,"SEAEMP_EXP":108.23,"ADPDEF_VA":647.49,"ADPDEF_EXP":0.85,"EDUCAC_VA":342.82,"EDUCAC_EXP":2.49,"SALUDH_VA":199.73,"SALUDH_EXP":1.58,"ESPARC_VA":111.14,"ESPARC_EXP":15.0,"OTRSER_VA":46.47,"OTRSER_EXP":1.91,"SERHOG_VA":5.46,"SERHOG_EXP":0.0}},{"type":"Feature","geometry":{"type":"Point","coordinates":[-7.09,31.79]},"properties":{"id":"MAR","name":"Marruecos","continent":"other","year":1999,"AGRPFO_VA":3838.35,"AGRPFO_EXP":635.89,"FORLOG_VA":589.67,"FORLOG_EXP":16.4,"PESCAC_VA":231.53,"PESCAC_EXP":246.15,"MINCOL_VA":2.6,"MINCOL_EXP":0.35,"PETGAS_VA":5.59,"PETGAS_EXP":0.57,"MINORE_VA":190.16,"MINORE_EXP":143.73,"MINOTH_VA":695.63,"MINOTH_EXP":550.63,"MINSER_VA":19.89,"MINSER_EXP":6.59,"ALYBEB_VA":1626.47,"ALYBEB_EXP":1227.62,"TEXYPR_VA":946.84,"TEXYPR_EXP":1169.95,"MADYPR_VA":91.87,"MADYPR_EXP":47.03,"PAPYPR_VA":195.17,"PAPYPR_EXP":75.77,"PETREF_VA":77.59,"PETREF_EXP":223.05,"QUIMYP_VA":679.04,"QUIMYP_EXP":1001.36,"FARMED_VA":234.12,"FARMED_EXP":55.9,"HUPLAS_VA":197.76,"HUPLAS_EXP":68.12,"PRNOMT_VA":689.27,"PRNOMT_EXP":85.78,"METBAS_VA":164.42,"METBAS_EXP":38.12,"NONFER_VA":114.24,"NONFER_EXP":134.13,"PRMETA_VA":334.98,"PRMETA_EXP":39.34,"ELCTRO_VA":43.55,"ELCTRO_EXP":98.23,"ELCTRI_VA":191.13,"ELCTRI_EXP":216.81,"MAQYEQ_VA":113.07,"MAQYEQ_EXP":17.43,"AUTOMO_VA":538.51,"AUTOMO_EXP":75.07,"OTRTRA_VA":23.04,"OTRTRA_EXP":3.14,"TRANSP_VA":46.61,"TRANSP_EXP":4.4,"OTRMAN_VA":427.74,"OTRMAN_EXP":94.55,"ELEGAS_VA":951.28,"ELEGAS_EXP":14.74,"AGUBAS_VA":160.75,"AGUBAS_EXP":0.49,"CONSTR_VA":2585.55,"CONSTR_EXP":22.92,"COMREV_VA":4184.31,"COMREV_EXP":959.37,"TRATIE_VA":828.87,"TRATIE_EXP":216.39,"TRAGUA_VA":39.6,"TRAGUA_EXP":66.09,"TRAAIR_VA":150.24,"TRAAIR_EXP":371.6,"ALMSTR_VA":400.24,"ALMSTR_EXP":395.15,"POSTME_VA":39.61,"POSTME_EXP":37.29,"HOTYRE_VA":789.39,"HOTYRE_EXP":541.64,"MMTVRA_VA":124.65,"MMTVRA_EXP":35.2,"TELECO_VA":949.21,"TELECO_EXP":210.91,"ITSERV_VA":179.07,"ITSERV_EXP":105.78,"SERFIN_VA":1717.51,"SERFIN_EXP":58.58,"GOBEST_VA":1050.51,"GOBEST_EXP":84.27,"SPRSCT_VA":1035.3,"SPRSCT_EXP":214.08,"SEAEMP_VA":1260.02,"SEAEMP_EXP":112.72,"ADPDEF_VA":3571.88,"ADPDEF_EXP":30.01,"EDUCAC_VA":2975.43,"EDUCAC_EXP":46.19,"SALUDH_VA":1095.66,"SALUDH_EXP":26.67,"ESPARC_VA":112.45,"ESPARC_EXP":50.08,"OTRSER_VA":353.8,"OTRSER_EXP":25.92,"SERHOG_VA":151.87,"SERHOG_EXP":0.0}},{"type":"Feature","geometry":{"type":"Point","coordinates":[-102.55,23.63]},"properties":{"id":"MEX","name":"México","continent":"america","year":1999,"AGRPFO_VA":19671.19,"AGRPFO_EXP":2928.18,"FORLOG_VA":1286.07,"FORLOG_EXP":13.56,"PESCAC_VA":391.68,"PESCAC_EXP":110.96,"MINCOL_VA":264.69,"MINCOL_EXP":0.13,"PETGAS_VA":30992.97,"PETGAS_EXP":9092.19,"MINORE_VA":867.15,"MINORE_EXP":218.7,"MINOTH_VA":2573.81,"MINOTH_EXP":125.38,"MINSER_VA":1030.58,"MINSER_EXP":6.79,"ALYBEB_VA":26695.16,"ALYBEB_EXP":3422.51,"TEXYPR_VA":8565.2,"TEXYPR_EXP":6304.85,"MADYPR_VA":1841.25,"MADYPR_EXP":184.75,"PAPYPR_VA":3653.8,"PAPYPR_EXP":1057.39,"PETREF_VA":3449.58,"PETREF_EXP":1423.71,"QUIMYP_VA":10319.77,"QUIMYP_EXP":2519.26,"FARMED_VA":3673.61,"FARMED_EXP":1509.49,"HUPLAS_VA":3991.05,"HUPLAS_EXP":2429.51,"PRNOMT_VA":5748.78,"PRNOMT_EXP":1392.5,"METBAS_VA":3122.54,"METBAS_EXP":1358.91,"NONFER_VA":2466.22,"NONFER_EXP":1859.92,"PRMETA_VA":4234.44,"PRMETA_EXP":3191.28,"ELCTRO_VA":20352.75,"ELCTRO_EXP":23852.42,"ELCTRI_VA":6349.47,"ELCTRI_EXP":7639.86,"MAQYEQ_VA":6129.8,"MAQYEQ_EXP":3186.78,"AUTOMO_VA":16980.31,"AUTOMO_EXP":29589.17,"OTRTRA_VA":147.96,"OTRTRA_EXP":88.1,"TRANSP_VA":668.18,"TRANSP_EXP":1314.6,"OTRMAN_VA":6247.69,"OTRMAN_EXP":3686.32,"ELEGAS_VA":8595.21,"ELEGAS_EXP":80.93,"AGUBAS_VA":1395.16,"AGUBAS_EXP":16.33,"CONSTR_VA":34188.07,"CONSTR_EXP":0.15,"COMREV_VA":115320.42,"COMREV_EXP":19371.26,"TRATIE_VA":34871.01,"TRATIE_EXP":5994.94,"TRAGUA_VA":579.99,"TRAGUA_EXP":176.18,"TRAAIR_VA":895.34,"TRAAIR_EXP":697.04,"ALMSTR_VA":3030.69,"ALMSTR_EXP":804.76,"POSTME_VA":494.82,"POSTME_EXP":7.17,"HOTYRE_VA":19164.92,"HOTYRE_EXP":2775.38,"MMTVRA_VA":2125.19,"MMTVRA_EXP":462.25,"TELECO_VA":6487.94,"TELECO_EXP":252.0,"ITSERV_VA":1142.09,"ITSERV_EXP":16.28,"SERFIN_VA":12065.46,"SERFIN_EXP":1111.67,"GOBEST_VA":85980.91,"GOBEST_EXP":446.98,"SPRSCT_VA":11537.52,"SPRSCT_EXP":185.65,"SEAEMP_VA":23049.62,"SEAEMP_EXP":193.01,"ADPDEF_VA":18017.11,"ADPDEF_EXP":0.82,"EDUCAC_VA":19323.91,"EDUCAC_EXP":178.38,"SALUDH_VA":10772.44,"SALUDH_EXP":139.73,"ESPARC_VA":3407.03,"ESPARC_EXP":357.99,"OTRSER_VA":7725.89,"OTRSER_EXP":135.43,"SERHOG_VA":2691.85,"SERHOG_EXP":0.0}},{"type":"Feature","geometry":{"type":"Point","coordinates":[14.38,35.94]},"properties":{"id":"MLT","name":"Malta","continent":"europe","year":1999,"AGRPFO_VA":80.93,"AGRPFO_EXP":5.62,"FORLOG_VA":0.0,"FORLOG_EXP":0.0,"PESCAC_VA":10.77,"PESCAC_EXP":11.78,"MINCOL_VA":0.0,"MINCOL_EXP":0.0,"PETGAS_VA":1.12,"PETGAS_EXP":0.9,"MINORE_VA":0.36,"MINORE_EXP":0.11,"MINOTH_VA":8.29,"MINOTH_EXP":0.26,"MINSER_VA":8.6,"MINSER_EXP":1.02,"ALYBEB_VA":123.63,"ALYBEB_EXP":55.84,"TEXYPR_VA":111.34,"TEXYPR_EXP":105.54,"MADYPR_VA":3.46,"MADYPR_EXP":0.33,"PAPYPR_VA":48.7,"PAPYPR_EXP":36.84,"PETREF_VA":0.21,"PETREF_EXP":0.12,"QUIMYP_VA":12.87,"QUIMYP_EXP":11.03,"FARMED_VA":58.25,"FARMED_EXP":19.24,"HUPLAS_VA":49.23,"HUPLAS_EXP":49.23,"PRNOMT_VA":30.55,"PRNOMT_EXP":4.07,"METBAS_VA":0.39,"METBAS_EXP":0.19,"NONFER_VA":0.25,"NONFER_EXP":0.24,"PRMETA_VA":23.8,"PRMETA_EXP":8.84,"ELCTRO_VA":54.98,"ELCTRO_EXP":357.84,"ELCTRI_VA":20.17,"ELCTRI_EXP":21.96,"MAQYEQ_VA":18.33,"MAQYEQ_EXP":11.24,"AUTOMO_VA":37.08,"AUTOMO_EXP":1.26,"OTRTRA_VA":4.61,"OTRTRA_EXP":5.73,"TRANSP_VA":9.48,"TRANSP_EXP":7.42,"OTRMAN_VA":146.68,"OTRMAN_EXP":95.6,"ELEGAS_VA":3.42,"ELEGAS_EXP":0.28,"AGUBAS_VA":66.28,"AGUBAS_EXP":0.6,"CONSTR_VA":202.08,"CONSTR_EXP":0.37,"COMREV_VA":567.83,"COMREV_EXP":161.17,"TRATIE_VA":60.78,"TRATIE_EXP":41.03,"TRAGUA_VA":15.5,"TRAGUA_EXP":26.38,"TRAAIR_VA":42.28,"TRAAIR_EXP":98.31,"ALMSTR_VA":200.94,"ALMSTR_EXP":124.06,"POSTME_VA":13.79,"POSTME_EXP":3.71,"HOTYRE_VA":261.72,"HOTYRE_EXP":372.43,"MMTVRA_VA":20.56,"MMTVRA_EXP":6.3,"TELECO_VA":94.24,"TELECO_EXP":23.77,"ITSERV_VA":55.73,"ITSERV_EXP":6.59,"SERFIN_VA":112.84,"SERFIN_EXP":109.14,"GOBEST_VA":221.83,"GOBEST_EXP":26.39,"SPRSCT_VA":123.81,"SPRSCT_EXP":77.21,"SEAEMP_VA":126.41,"SEAEMP_EXP":75.96,"ADPDEF_VA":252.86,"ADPDEF_EXP":6.51,"EDUCAC_VA":199.01,"EDUCAC_EXP":9.76,"SALUDH_VA":174.18,"SALUDH_EXP":10.28,"ESPARC_VA":54.36,"ESPARC_EXP":45.04,"OTRSER_VA":52.75,"OTRSER_EXP":8.03,"SERHOG_VA":8.25,"SERHOG_EXP":0.0}},{"type":"Feature","geometry":{"type":"Point","coordinates":[95.96,21.91]},"properties":{"id":"MMR","name":"Myanmar","continent":"asia","year":1999,"AGRPFO_VA":1975.1,"AGRPFO_EXP":225.97,"FORLOG_VA":54.64,"FORLOG_EXP":44.32,"PESCAC_VA":343.09,"PESCAC_EXP":39.43,"MINCOL_VA":0.36,"MINCOL_EXP":0.04,"PETGAS_VA":127.77,"PETGAS_EXP":213.81,"MINORE_VA":32.35,"MINORE_EXP":2.99,"MINOTH_VA":23.29,"MINOTH_EXP":23.44,"MINSER_VA":1.26,"MINSER_EXP":0.52,"ALYBEB_VA":247.16,"ALYBEB_EXP":85.93,"TEXYPR_VA":190.73,"TEXYPR_EXP":97.7,"MADYPR_VA":29.83,"MADYPR_EXP":12.81,"PAPYPR_VA":23.35,"PAPYPR_EXP":3.63,"PETREF_VA":33.22,"PETREF_EXP":12.78,"QUIMYP_VA":29.55,"QUIMYP_EXP":2.73,"FARMED_VA":14.31,"FARMED_EXP":0.17,"HUPLAS_VA":18.48,"HUPLAS_EXP":1.91,"PRNOMT_VA":31.61,"PRNOMT_EXP":0.84,"METBAS_VA":16.4,"METBAS_EXP":0.12,"NONFER_VA":19.37,"NONFER_EXP":0.49,"PRMETA_VA":23.57,"PRMETA_EXP":2.21,"ELCTRO_VA":24.37,"ELCTRO_EXP":4.38,"ELCTRI_VA":17.74,"ELCTRI_EXP":5.47,"MAQYEQ_VA":19.4,"MAQYEQ_EXP":8.46,"AUTOMO_VA":30.7,"AUTOMO_EXP":0.82,"OTRTRA_VA":4.43,"OTRTRA_EXP":0.08,"TRANSP_VA":4.76,"TRANSP_EXP":4.54,"OTRMAN_VA":54.93,"OTRMAN_EXP":5.8,"ELEGAS_VA":22.21,"ELEGAS_EXP":1.65,"AGUBAS_VA":4.53,"AGUBAS_EXP":0.05,"CONSTR_VA":147.49,"CONSTR_EXP":0.78,"COMREV_VA":384.05,"COMREV_EXP":42.21,"TRATIE_VA":89.34,"TRATIE_EXP":8.09,"TRAGUA_VA":30.75,"TRAGUA_EXP":16.81,"TRAAIR_VA":21.87,"TRAAIR_EXP":15.12,"ALMSTR_VA":31.74,"ALMSTR_EXP":14.88,"POSTME_VA":5.76,"POSTME_EXP":0.04,"HOTYRE_VA":110.07,"HOTYRE_EXP":5.69,"MMTVRA_VA":22.89,"MMTVRA_EXP":0.84,"TELECO_VA":68.68,"TELECO_EXP":0.27,"ITSERV_VA":15.6,"ITSERV_EXP":0.39,"SERFIN_VA":110.94,"SERFIN_EXP":0.98,"GOBEST_VA":151.73,"GOBEST_EXP":2.76,"SPRSCT_VA":85.25,"SPRSCT_EXP":16.86,"SEAEMP_VA":58.47,"SEAEMP_EXP":13.91,"ADPDEF_VA":160.48,"ADPDEF_EXP":0.19,"EDUCAC_VA":98.81,"EDUCAC_EXP":0.38,"SALUDH_VA":117.58,"SALUDH_EXP":0.29,"ESPARC_VA":22.06,"ESPARC_EXP":0.56,"OTRSER_VA":40.7,"OTRSER_EXP":0.37,"SERHOG_VA":0.0,"SERHOG_EXP":0.0}},{"type":"Feature","geometry":{"type":"Point","coordinates":[101.98,4.21]},"properties":{"id":"MYS","name":"Malasia","continent":"asia","year":1999,"AGRPFO_VA":5804.71,"AGRPFO_EXP":1594.19,"FORLOG_VA":766.32,"FORLOG_EXP":1118.14,"PESCAC_VA":807.55,"PESCAC_EXP":64.74,"MINCOL_VA":2900.83,"MINCOL_EXP":103.52,"PETGAS_VA":4161.84,"PETGAS_EXP":4499.93,"MINORE_VA":117.17,"MINORE_EXP":25.3,"MINOTH_VA":423.54,"MINOTH_EXP":63.38,"MINSER_VA":514.27,"MINSER_EXP":60.12,"ALYBEB_VA":1153.53,"ALYBEB_EXP":5291.34,"TEXYPR_VA":269.79,"TEXYPR_EXP":1266.85,"MADYPR_VA":395.37,"MADYPR_EXP":1600.64,"PAPYPR_VA":480.48,"PAPYPR_EXP":320.62,"PETREF_VA":2278.94,"PETREF_EXP":1481.15,"QUIMYP_VA":1430.67,"QUIMYP_EXP":2791.4,"FARMED_VA":104.41,"FARMED_EXP":73.51,"HUPLAS_VA":922.01,"HUPLAS_EXP":2569.3,"PRNOMT_VA":508.69,"PRNOMT_EXP":457.5,"METBAS_VA":290.73,"METBAS_EXP":557.79,"NONFER_VA":170.67,"NONFER_EXP":961.99,"PRMETA_VA":575.59,"PRMETA_EXP":729.32,"ELCTRO_VA":3609.42,"ELCTRO_EXP":18976.34,"ELCTRI_VA":246.24,"ELCTRI_EXP":1899.75,"MAQYEQ_VA":430.5,"MAQYEQ_EXP":1483.5,"AUTOMO_VA":1241.56,"AUTOMO_EXP":201.85,"OTRTRA_VA":129.58,"OTRTRA_EXP":908.86,"TRANSP_VA":122.27,"TRANSP_EXP":515.3,"OTRMAN_VA":588.15,"OTRMAN_EXP":877.89,"ELEGAS_VA":1585.04,"ELEGAS_EXP":128.86,"AGUBAS_VA":549.73,"AGUBAS_EXP":2.87,"CONSTR_VA":2545.09,"CONSTR_EXP":27.25,"COMREV_VA":16524.25,"COMREV_EXP":5470.38,"TRATIE_VA":723.36,"TRATIE_EXP":883.48,"TRAGUA_VA":518.57,"TRAGUA_EXP":1165.75,"TRAAIR_VA":440.47,"TRAAIR_EXP":1907.04,"ALMSTR_VA":819.32,"ALMSTR_EXP":1140.53,"POSTME_VA":107.09,"POSTME_EXP":283.68,"HOTYRE_VA":2250.42,"HOTYRE_EXP":2375.09,"MMTVRA_VA":353.93,"MMTVRA_EXP":388.77,"TELECO_VA":1696.33,"TELECO_EXP":785.98,"ITSERV_VA":833.73,"ITSERV_EXP":1626.63,"SERFIN_VA":5723.9,"SERFIN_EXP":2332.31,"GOBEST_VA":2205.38,"GOBEST_EXP":839.37,"SPRSCT_VA":1516.12,"SPRSCT_EXP":2006.77,"SEAEMP_VA":778.53,"SEAEMP_EXP":1039.13,"ADPDEF_VA":5739.34,"ADPDEF_EXP":287.7,"EDUCAC_VA":2547.81,"EDUCAC_EXP":126.71,"SALUDH_VA":718.02,"SALUDH_EXP":104.58,"ESPARC_VA":468.91,"ESPARC_EXP":327.96,"OTRSER_VA":162.47,"OTRSER_EXP":106.78,"SERHOG_VA":82.97,"SERHOG_EXP":0.0}},{"type":"Feature","geometry":{"type":"Point","coordinates":[8.68,9.08]},"properties":{"id":"NGA","name":"Nigeria","continent":"other","year":1999,"AGRPFO_VA":14986.33,"AGRPFO_EXP":1290.29,"FORLOG_VA":210.37,"FORLOG_EXP":24.67,"PESCAC_VA":420.71,"PESCAC_EXP":0.4,"MINCOL_VA":24.18,"MINCOL_EXP":0.03,"PETGAS_VA":6493.98,"PETGAS_EXP":8446.94,"MINORE_VA":7.15,"MINORE_EXP":0.9,"MINOTH_VA":46.13,"MINOTH_EXP":4.81,"MINSER_VA":6.44,"MINSER_EXP":3.92,"ALYBEB_VA":4807.46,"ALYBEB_EXP":581.43,"TEXYPR_VA":745.47,"TEXYPR_EXP":263.23,"MADYPR_VA":303.93,"MADYPR_EXP":21.23,"PAPYPR_VA":92.29,"PAPYPR_EXP":0.67,"PETREF_VA":104.45,"PETREF_EXP":180.74,"QUIMYP_VA":109.87,"QUIMYP_EXP":26.98,"FARMED_VA":22.87,"FARMED_EXP":0.52,"HUPLAS_VA":90.45,"HUPLAS_EXP":27.0,"PRNOMT_VA":423.18,"PRNOMT_EXP":1.23,"METBAS_VA":26.16,"METBAS_EXP":6.7,"NONFER_VA":31.84,"NONFER_EXP":31.8,"PRMETA_VA":25.84,"PRMETA_EXP":7.94,"ELCTRO_VA":36.0,"ELCTRO_EXP":1.36,"ELCTRI_VA":6.18,"ELCTRI_EXP":2.44,"MAQYEQ_VA":26.53,"MAQYEQ_EXP":20.13,"AUTOMO_VA":57.23,"AUTOMO_EXP":8.72,"OTRTRA_VA":35.65,"OTRTRA_EXP":3.15,"TRANSP_VA":0.57,"TRANSP_EXP":0.3,"OTRMAN_VA":265.63,"OTRMAN_EXP":5.99,"ELEGAS_VA":35.66,"ELEGAS_EXP":4.35,"AGUBAS_VA":99.76,"AGUBAS_EXP":0.16,"CONSTR_VA":1393.69,"CONSTR_EXP":0.3,"COMREV_VA":9328.11,"COMREV_EXP":782.67,"TRATIE_VA":1454.87,"TRATIE_EXP":329.62,"TRAGUA_VA":69.62,"TRAGUA_EXP":42.12,"TRAAIR_VA":86.09,"TRAAIR_EXP":189.19,"ALMSTR_VA":186.17,"ALMSTR_EXP":97.61,"POSTME_VA":34.16,"POSTME_EXP":32.14,"HOTYRE_VA":263.86,"HOTYRE_EXP":18.93,"MMTVRA_VA":1839.77,"MMTVRA_EXP":11.92,"TELECO_VA":2540.57,"TELECO_EXP":11.87,"ITSERV_VA":913.82,"ITSERV_EXP":22.94,"SERFIN_VA":1765.58,"SERFIN_EXP":22.92,"GOBEST_VA":4598.22,"GOBEST_EXP":17.94,"SPRSCT_VA":1253.11,"SPRSCT_EXP":13.68,"SEAEMP_VA":9.39,"SEAEMP_EXP":3.02,"ADPDEF_VA":540.54,"ADPDEF_EXP":0.1,"EDUCAC_VA":1149.3,"EDUCAC_EXP":0.98,"SALUDH_VA":508.23,"SALUDH_EXP":0.85,"ESPARC_VA":55.5,"ESPARC_EXP":1.63,"OTRSER_VA":839.85,"OTRSER_EXP":0.87,"SERHOG_VA":222.13,"SERHOG_EXP":0.0}},{"type":"Feature","geometry":{"type":"Point","coordinates":[5.29,52.13]},"properties":{"id":"NLD","name":"Países Bajos","continent":"europe","year":1999,"AGRPFO_VA":10323.46,"AGRPFO_EXP":9139.0,"FORLOG_VA":87.4,"FORLOG_EXP":104.09,"PESCAC_VA":448.4,"PESCAC_EXP":431.55,"MINCOL_VA":0.0,"MINCOL_EXP":0.0,"PETGAS_VA":7543.69,"PETGAS_EXP":2792.15,"MINORE_VA":0.0,"MINORE_EXP":0.0,"MINOTH_VA":361.88,"MINOTH_EXP":483.31,"MINSER_VA":1227.07,"MINSER_EXP":1505.11,"ALYBEB_VA":10981.18,"ALYBEB_EXP":17346.88,"TEXYPR_VA":1370.11,"TEXYPR_EXP":2760.2,"MADYPR_VA":931.94,"MADYPR_EXP":724.36,"PAPYPR_VA":4381.01,"PAPYPR_EXP":3073.9,"PETREF_VA":304.1,"PETREF_EXP":4591.03,"QUIMYP_VA":7150.28,"QUIMYP_EXP":15519.64,"FARMED_VA":2441.99,"FARMED_EXP":3166.51,"HUPLAS_VA":2308.84,"HUPLAS_EXP":3528.75,"PRNOMT_VA":2169.94,"PRNOMT_EXP":1413.57,"METBAS_VA":1251.08,"METBAS_EXP":926.53,"NONFER_VA":435.13,"NONFER_EXP":1251.23,"PRMETA_VA":5143.54,"PRMETA_EXP":5462.35,"ELCTRO_VA":5238.09,"ELCTRO_EXP":11632.34,"ELCTRI_VA":3176.11,"ELCTRI_EXP":5390.42,"MAQYEQ_VA":4231.3,"MAQYEQ_EXP":8281.35,"AUTOMO_VA":2736.0,"AUTOMO_EXP":4361.83,"OTRTRA_VA":723.21,"OTRTRA_EXP":628.22,"TRANSP_VA":425.64,"TRANSP_EXP":328.34,"OTRMAN_VA":5308.19,"OTRMAN_EXP":4560.75,"ELEGAS_VA":5218.07,"ELEGAS_EXP":251.1,"AGUBAS_VA":2792.66,"AGUBAS_EXP":289.73,"CONSTR_VA":21628.87,"CONSTR_EXP":193.85,"COMREV_VA":54898.03,"COMREV_EXP":27214.54,"TRATIE_VA":9750.64,"TRATIE_EXP":5443.39,"TRAGUA_VA":1689.13,"TRAGUA_EXP":2319.75,"TRAAIR_VA":2538.1,"TRAAIR_EXP":4643.25,"ALMSTR_VA":4876.41,"ALMSTR_EXP":3539.61,"POSTME_VA":2556.27,"POSTME_EXP":1373.77,"HOTYRE_VA":8218.98,"HOTYRE_EXP":2507.43,"MMTVRA_VA":4312.21,"MMTVRA_EXP":2340.57,"TELECO_VA":6080.6,"TELECO_EXP":979.09,"ITSERV_VA":7080.76,"ITSERV_EXP":3973.52,"SERFIN_VA":30074.02,"SERFIN_EXP":5032.69,"GOBEST_VA":32421.56,"GOBEST_EXP":361.66,"SPRSCT_VA":31045.61,"SPRSCT_EXP":12908.08,"SEAEMP_VA":21556.79,"SEAEMP_EXP":6161.91,"ADPDEF_VA":30441.16,"ADPDEF_EXP":1457.31,"EDUCAC_VA":19034.93,"EDUCAC_EXP":364.3,"SALUDH_VA":25541.74,"SALUDH_EXP":159.54,"ESPARC_VA":4678.28,"ESPARC_EXP":601.44,"OTRSER_VA":5242.54,"OTRSER_EXP":181.97,"SERHOG_VA":65.58,"SERHOG_EXP":0.0}},{"type":"Feature","geometry":{"type":"Point","coordinates":[8.47,60.47]},"properties":{"id":"NOR","name":"Noruega","continent":"europe","year":1999,"AGRPFO_VA":1477.59,"AGRPFO_EXP":53.42,"FORLOG_VA":632.04,"FORLOG_EXP":14.84,"PESCAC_VA":1360.54,"PESCAC_EXP":963.07,"MINCOL_VA":69.05,"MINCOL_EXP":42.44,"PETGAS_VA":20474.33,"PETGAS_EXP":20602.39,"MINORE_VA":16.12,"MINORE_EXP":25.38,"MINOTH_VA":110.29,"MINOTH_EXP":173.36,"MINSER_VA":731.6,"MINSER_EXP":22.43,"ALYBEB_VA":2688.68,"ALYBEB_EXP":2008.15,"TEXYPR_VA":309.76,"TEXYPR_EXP":171.88,"MADYPR_VA":680.28,"MADYPR_EXP":245.98,"PAPYPR_VA":1488.29,"PAPYPR_EXP":1174.13,"PETREF_VA":264.16,"PETREF_EXP":1871.99,"QUIMYP_VA":894.73,"QUIMYP_EXP":1697.41,"FARMED_VA":377.78,"FARMED_EXP":175.13,"HUPLAS_VA":395.12,"HUPLAS_EXP":213.28,"PRNOMT_VA":690.08,"PRNOMT_EXP":218.92,"METBAS_VA":579.59,"METBAS_EXP":798.62,"NONFER_VA":856.7,"NONFER_EXP":2595.74,"PRMETA_VA":1210.87,"PRMETA_EXP":457.96,"ELCTRO_VA":1125.47,"ELCTRO_EXP":1048.36,"ELCTRI_VA":697.8,"ELCTRI_EXP":425.73,"MAQYEQ_VA":1222.01,"MAQYEQ_EXP":962.14,"AUTOMO_VA":311.25,"AUTOMO_EXP":336.18,"OTRTRA_VA":1789.66,"OTRTRA_EXP":789.95,"TRANSP_VA":57.61,"TRANSP_EXP":83.8,"OTRMAN_VA":1597.38,"OTRMAN_EXP":1129.52,"ELEGAS_VA":3080.18,"ELEGAS_EXP":241.67,"AGUBAS_VA":1176.36,"AGUBAS_EXP":6.8,"CONSTR_VA":6821.26,"CONSTR_EXP":22.57,"COMREV_VA":14751.73,"COMREV_EXP":3695.95,"TRATIE_VA":4604.74,"TRATIE_EXP":1660.54,"TRAGUA_VA":2906.86,"TRAGUA_EXP":7763.12,"TRAAIR_VA":870.16,"TRAAIR_EXP":410.6,"ALMSTR_VA":1732.3,"ALMSTR_EXP":862.23,"POSTME_VA":1151.12,"POSTME_EXP":58.16,"HOTYRE_VA":2482.96,"HOTYRE_EXP":835.67,"MMTVRA_VA":2207.1,"MMTVRA_EXP":233.69,"TELECO_VA":2196.1,"TELECO_EXP":273.76,"ITSERV_VA":1972.77,"ITSERV_EXP":473.74,"SERFIN_VA":4773.61,"SERFIN_EXP":794.49,"GOBEST_VA":11115.21,"GOBEST_EXP":174.33,"SPRSCT_VA":5226.78,"SPRSCT_EXP":1597.29,"SEAEMP_VA":3176.81,"SEAEMP_EXP":666.72,"ADPDEF_VA":10293.95,"ADPDEF_EXP":5.41,"EDUCAC_VA":7441.42,"EDUCAC_EXP":52.98,"SALUDH_VA":12700.74,"SALUDH_EXP":67.49,"ESPARC_VA":2026.33,"ESPARC_EXP":138.38,"OTRSER_VA":1378.64,"OTRSER_EXP":35.49,"SERHOG_VA":142.07,"SERHOG_EXP":0.0}},{"type":"Feature","geometry":{"type":"Point","coordinates":[174.89,-40.9]},"properties":{"id":"NZL","name":"Nueva Zelanda","continent":"other","year":1999,"AGRPFO_VA":2787.91,"AGRPFO_EXP":671.75,"FORLOG_VA":484.74,"FORLOG_EXP":271.24,"PESCAC_VA":581.75,"PESCAC_EXP":76.29,"MINCOL_VA":12.4,"MINCOL_EXP":24.34,"PETGAS_VA":158.26,"PETGAS_EXP":65.04,"MINORE_VA":406.01,"MINORE_EXP":89.56,"MINOTH_VA":64.36,"MINOTH_EXP":7.98,"MINSER_VA":50.61,"MINSER_EXP":5.59,"ALYBEB_VA":3075.63,"ALYBEB_EXP":4407.33,"TEXYPR_VA":539.34,"TEXYPR_EXP":524.35,"MADYPR_VA":570.92,"MADYPR_EXP":437.72,"PAPYPR_VA":881.99,"PAPYPR_EXP":513.0,"PETREF_VA":759.46,"PETREF_EXP":228.29,"QUIMYP_VA":434.96,"QUIMYP_EXP":386.75,"FARMED_VA":57.41,"FARMED_EXP":50.66,"HUPLAS_VA":403.99,"HUPLAS_EXP":212.48,"PRNOMT_VA":355.44,"PRNOMT_EXP":37.73,"METBAS_VA":93.02,"METBAS_EXP":137.94,"NONFER_VA":229.86,"NONFER_EXP":532.02,"PRMETA_VA":719.21,"PRMETA_EXP":272.24,"ELCTRO_VA":98.87,"ELCTRO_EXP":138.3,"ELCTRI_VA":242.94,"ELCTRI_EXP":292.61,"MAQYEQ_VA":538.14,"MAQYEQ_EXP":277.41,"AUTOMO_VA":71.49,"AUTOMO_EXP":26.46,"OTRTRA_VA":61.62,"OTRTRA_EXP":60.12,"TRANSP_VA":197.19,"TRANSP_EXP":32.1,"OTRMAN_VA":298.75,"OTRMAN_EXP":167.75,"ELEGAS_VA":1415.11,"ELEGAS_EXP":72.76,"AGUBAS_VA":347.41,"AGUBAS_EXP":5.9,"CONSTR_VA":2887.68,"CONSTR_EXP":24.96,"COMREV_VA":6228.12,"COMREV_EXP":2540.49,"TRATIE_VA":1023.69,"TRATIE_EXP":320.92,"TRAGUA_VA":178.56,"TRAGUA_EXP":69.87,"TRAAIR_VA":315.53,"TRAAIR_EXP":852.42,"ALMSTR_VA":893.66,"ALMSTR_EXP":184.93,"POSTME_VA":411.87,"POSTME_EXP":51.91,"HOTYRE_VA":1210.11,"HOTYRE_EXP":793.38,"MMTVRA_VA":799.8,"MMTVRA_EXP":123.83,"TELECO_VA":835.29,"TELECO_EXP":204.08,"ITSERV_VA":789.41,"ITSERV_EXP":135.94,"SERFIN_VA":2707.09,"SERFIN_EXP":163.89,"GOBEST_VA":6449.23,"GOBEST_EXP":174.47,"SPRSCT_VA":4126.6,"SPRSCT_EXP":364.15,"SEAEMP_VA":878.15,"SEAEMP_EXP":524.84,"ADPDEF_VA":2357.62,"ADPDEF_EXP":34.29,"EDUCAC_VA":2623.57,"EDUCAC_EXP":129.86,"SALUDH_VA":2906.85,"SALUDH_EXP":44.35,"ESPARC_VA":929.51,"ESPARC_EXP":257.36,"OTRSER_VA":1387.58,"OTRSER_EXP":46.13,"SERHOG_VA":156.31,"SERHOG_EXP":0.0}},{"type":"Feature","geometry":{"type":"Point","coordinates":[69.35,30.38]},"properties":{"id":"PAK","name":"Pakistán","continent":"asia","year":1999,"AGRPFO_VA":17504.15,"AGRPFO_EXP":170.52,"FORLOG_VA":687.2,"FORLOG_EXP":2.62,"PESCAC_VA":389.15,"PESCAC_EXP":7.0,"MINCOL_VA":51.79,"MINCOL_EXP":2.41,"PETGAS_VA":1098.59,"PETGAS_EXP":61.12,"MINORE_VA":51.72,"MINORE_EXP":8.88,"MINOTH_VA":67.93,"MINOTH_EXP":6.01,"MINSER_VA":73.66,"MINSER_EXP":1.15,"ALYBEB_VA":2664.32,"ALYBEB_EXP":671.43,"TEXYPR_VA":3863.34,"TEXYPR_EXP":4806.42,"MADYPR_VA":278.77,"MADYPR_EXP":7.52,"PAPYPR_VA":582.53,"PAPYPR_EXP":7.75,"PETREF_VA":618.21,"PETREF_EXP":16.11,"QUIMYP_VA":717.05,"QUIMYP_EXP":39.06,"FARMED_VA":262.13,"FARMED_EXP":26.91,"HUPLAS_VA":322.41,"HUPLAS_EXP":24.7,"PRNOMT_VA":571.58,"PRNOMT_EXP":20.25,"METBAS_VA":298.1,"METBAS_EXP":5.15,"NONFER_VA":249.19,"NONFER_EXP":3.07,"PRMETA_VA":415.85,"PRMETA_EXP":59.64,"ELCTRO_VA":380.83,"ELCTRO_EXP":14.09,"ELCTRI_VA":261.87,"ELCTRI_EXP":9.9,"MAQYEQ_VA":432.44,"MAQYEQ_EXP":19.31,"AUTOMO_VA":606.46,"AUTOMO_EXP":5.13,"OTRTRA_VA":87.1,"OTRTRA_EXP":0.23,"TRANSP_VA":95.94,"TRANSP_EXP":3.25,"OTRMAN_VA":296.39,"OTRMAN_EXP":204.51,"ELEGAS_VA":1982.1,"ELEGAS_EXP":4.22,"AGUBAS_VA":453.51,"AGUBAS_EXP":1.94,"CONSTR_VA":2010.54,"CONSTR_EXP":7.36,"COMREV_VA":6993.17,"COMREV_EXP":937.42,"TRATIE_VA":1721.35,"TRATIE_EXP":84.73,"TRAGUA_VA":471.68,"TRAGUA_EXP":264.46,"TRAAIR_VA":348.05,"TRAAIR_EXP":141.69,"ALMSTR_VA":581.26,"ALMSTR_EXP":46.07,"POSTME_VA":151.25,"POSTME_EXP":0.76,"HOTYRE_VA":1793.35,"HOTYRE_EXP":31.37,"MMTVRA_VA":615.98,"MMTVRA_EXP":52.01,"TELECO_VA":1338.7,"TELECO_EXP":139.74,"ITSERV_VA":362.19,"ITSERV_EXP":153.96,"SERFIN_VA":2447.7,"SERFIN_EXP":88.28,"GOBEST_VA":3597.62,"GOBEST_EXP":21.06,"SPRSCT_VA":1895.56,"SPRSCT_EXP":196.07,"SEAEMP_VA":1161.94,"SEAEMP_EXP":131.29,"ADPDEF_VA":3678.23,"ADPDEF_EXP":2.22,"EDUCAC_VA":1700.17,"EDUCAC_EXP":2.84,"SALUDH_VA":2674.78,"SALUDH_EXP":2.72,"ESPARC_VA":518.16,"ESPARC_EXP":12.45,"OTRSER_VA":944.91,"OTRSER_EXP":6.22,"SERHOG_VA":438.03,"SERHOG_EXP":0.0}},{"type":"Feature","geometry":{"type":"Point","coordinates":[-75.02,-9.19]},"properties":{"id":"PER","name":"Perú","continent":"america","year":1999,"AGRPFO_VA":2742.69,"AGRPFO_EXP":169.72,"FORLOG_VA":128.41,"FORLOG_EXP":5.07,"PESCAC_VA":363.52,"PESCAC_EXP":3.16,"MINCOL_VA":73.24,"MINCOL_EXP":0.06,"PETGAS_VA":866.93,"PETGAS_EXP":275.78,"MINORE_VA":5600.19,"MINORE_EXP":2321.16,"MINOTH_VA":138.01,"MINOTH_EXP":4.51,"MINSER_VA":555.9,"MINSER_EXP":0.44,"ALYBEB_VA":1929.03,"ALYBEB_EXP":782.66,"TEXYPR_VA":1100.74,"TEXYPR_EXP":351.16,"MADYPR_VA":247.74,"MADYPR_EXP":31.99,"PAPYPR_VA":448.5,"PAPYPR_EXP":15.87,"PETREF_VA":355.42,"PETREF_EXP":309.6,"QUIMYP_VA":476.3,"QUIMYP_EXP":109.42,"FARMED_VA":145.38,"FARMED_EXP":8.86,"HUPLAS_VA":294.28,"HUPLAS_EXP":44.42,"PRNOMT_VA":483.1,"PRNOMT_EXP":28.44,"METBAS_VA":130.98,"METBAS_EXP":31.05,"NONFER_VA":983.78,"NONFER_EXP":1000.45,"PRMETA_VA":294.65,"PRMETA_EXP":64.81,"ELCTRO_VA":18.13,"ELCTRO_EXP":3.35,"ELCTRI_VA":17.52,"ELCTRI_EXP":36.37,"MAQYEQ_VA":201.46,"MAQYEQ_EXP":22.39,"AUTOMO_VA":102.05,"AUTOMO_EXP":6.19,"OTRTRA_VA":6.27,"OTRTRA_EXP":0.94,"TRANSP_VA":50.44,"TRANSP_EXP":1.25,"OTRMAN_VA":1154.49,"OTRMAN_EXP":239.2,"ELEGAS_VA":816.08,"ELEGAS_EXP":1.38,"AGUBAS_VA":198.93,"AGUBAS_EXP":0.14,"CONSTR_VA":2692.48,"CONSTR_EXP":1.61,"COMREV_VA":5007.89,"COMREV_EXP":477.32,"TRATIE_VA":1751.6,"TRATIE_EXP":148.61,"TRAGUA_VA":43.52,"TRAGUA_EXP":43.25,"TRAAIR_VA":128.47,"TRAAIR_EXP":115.66,"ALMSTR_VA":517.81,"ALMSTR_EXP":62.22,"POSTME_VA":60.82,"POSTME_EXP":8.24,"HOTYRE_VA":1463.87,"HOTYRE_EXP":342.99,"MMTVRA_VA":253.82,"MMTVRA_EXP":20.1,"TELECO_VA":897.85,"TELECO_EXP":52.04,"ITSERV_VA":135.01,"ITSERV_EXP":2.66,"SERFIN_VA":1604.98,"SERFIN_EXP":58.18,"GOBEST_VA":2348.8,"GOBEST_EXP":35.83,"SPRSCT_VA":1376.47,"SPRSCT_EXP":44.8,"SEAEMP_VA":1064.63,"SEAEMP_EXP":40.74,"ADPDEF_VA":2081.54,"ADPDEF_EXP":78.52,"EDUCAC_VA":2313.53,"EDUCAC_EXP":16.91,"SALUDH_VA":1106.98,"SALUDH_EXP":18.51,"ESPARC_VA":277.27,"ESPARC_EXP":64.41,"OTRSER_VA":522.18,"OTRSER_EXP":23.7,"SERHOG_VA":1220.72,"SERHOG_EXP":0.0}},{"type":"Feature","geometry":{"type":"Point","coordinates":[121.77,12.88]},"properties":{"id":"PHL","name":"Filipinas","continent":"asia","year":1999,"AGRPFO_VA":8190.1,"AGRPFO_EXP":858.03,"FORLOG_VA":768.89,"FORLOG_EXP":19.99,"PESCAC_VA":1781.52,"PESCAC_EXP":328.86,"MINCOL_VA":56.15,"MINCOL_EXP":55.91,"PETGAS_VA":350.87,"PETGAS_EXP":158.87,"MINORE_VA":273.81,"MINORE_EXP":312.84,"MINOTH_VA":144.17,"MINOTH_EXP":21.66,"MINSER_VA":26.65,"MINSER_EXP":46.81,"ALYBEB_VA":7465.27,"ALYBEB_EXP":1425.36,"TEXYPR_VA":2457.81,"TEXYPR_EXP":2693.95,"MADYPR_VA":305.95,"MADYPR_EXP":427.77,"PAPYPR_VA":417.57,"PAPYPR_EXP":196.92,"PETREF_VA":1069.61,"PETREF_EXP":626.44,"QUIMYP_VA":1011.68,"QUIMYP_EXP":337.55,"FARMED_VA":236.5,"FARMED_EXP":35.66,"HUPLAS_VA":307.91,"HUPLAS_EXP":302.01,"PRNOMT_VA":460.68,"PRNOMT_EXP":182.89,"METBAS_VA":148.84,"METBAS_EXP":99.31,"NONFER_VA":247.54,"NONFER_EXP":685.61,"PRMETA_VA":250.82,"PRMETA_EXP":224.42,"ELCTRO_VA":4276.9,"ELCTRO_EXP":8132.16,"ELCTRI_VA":398.71,"ELCTRI_EXP":688.9,"MAQYEQ_VA":430.9,"MAQYEQ_EXP":188.47,"AUTOMO_VA":236.24,"AUTOMO_EXP":297.47,"OTRTRA_VA":54.9,"OTRTRA_EXP":50.23,"TRANSP_VA":158.85,"TRANSP_EXP":56.73,"OTRMAN_VA":728.92,"OTRMAN_EXP":901.01,"ELEGAS_VA":2546.55,"ELEGAS_EXP":13.64,"AGUBAS_VA":316.97,"AGUBAS_EXP":3.03,"CONSTR_VA":4191.94,"CONSTR_EXP":39.03,"COMREV_VA":12075.97,"COMREV_EXP":3483.5,"TRATIE_VA":1817.07,"TRATIE_EXP":439.75,"TRAGUA_VA":286.4,"TRAGUA_EXP":250.54,"TRAAIR_VA":202.1,"TRAAIR_EXP":263.97,"ALMSTR_VA":492.19,"ALMSTR_EXP":81.7,"POSTME_VA":41.15,"POSTME_EXP":19.03,"HOTYRE_VA":1265.75,"HOTYRE_EXP":949.26,"MMTVRA_VA":393.23,"MMTVRA_EXP":93.65,"TELECO_VA":2393.16,"TELECO_EXP":256.37,"ITSERV_VA":546.01,"ITSERV_EXP":113.48,"SERFIN_VA":3988.32,"SERFIN_EXP":329.39,"GOBEST_VA":5556.71,"GOBEST_EXP":189.83,"SPRSCT_VA":717.75,"SPRSCT_EXP":202.97,"SEAEMP_VA":965.42,"SEAEMP_EXP":292.6,"ADPDEF_VA":4047.97,"ADPDEF_EXP":7.62,"EDUCAC_VA":3857.53,"EDUCAC_EXP":40.4,"SALUDH_VA":988.11,"SALUDH_EXP":30.51,"ESPARC_VA":773.19,"ESPARC_EXP":132.31,"OTRSER_VA":905.43,"OTRSER_EXP":38.92,"SERHOG_VA":0.0,"SERHOG_EXP":0.0}},{"type":"Feature","geometry":{"type":"Point","coordinates":[19.15,51.92]},"properties":{"id":"POL","name":"Polonia","continent":"europe","year":1999,"AGRPFO_VA":4858.93,"AGRPFO_EXP":379.64,"FORLOG_VA":963.1,"FORLOG_EXP":80.6,"PESCAC_VA":65.89,"PESCAC_EXP":12.14,"MINCOL_VA":2349.35,"MINCOL_EXP":625.22,"PETGAS_VA":32.25,"PETGAS_EXP":20.7,"MINORE_VA":833.46,"MINORE_EXP":8.6,"MINOTH_VA":267.8,"MINOTH_EXP":76.89,"MINSER_VA":56.51,"MINSER_EXP":11.26,"ALYBEB_VA":7263.74,"ALYBEB_EXP":1943.86,"TEXYPR_VA":3066.69,"TEXYPR_EXP":2465.98,"MADYPR_VA":1180.36,"MADYPR_EXP":1039.45,"PAPYPR_VA":1685.22,"PAPYPR_EXP":787.85,"PETREF_VA":1236.4,"PETREF_EXP":645.04,"QUIMYP_VA":1581.77,"QUIMYP_EXP":1276.42,"FARMED_VA":520.18,"FARMED_EXP":121.38,"HUPLAS_VA":1545.2,"HUPLAS_EXP":884.54,"PRNOMT_VA":1894.01,"PRNOMT_EXP":609.82,"METBAS_VA":1019.37,"METBAS_EXP":844.99,"NONFER_VA":224.6,"NONFER_EXP":791.42,"PRMETA_VA":1698.3,"PRMETA_EXP":1215.71,"ELCTRO_VA":1337.98,"ELCTRO_EXP":1305.84,"ELCTRI_VA":810.13,"ELCTRI_EXP":1114.4,"MAQYEQ_VA":1495.44,"MAQYEQ_EXP":1305.17,"AUTOMO_VA":1139.78,"AUTOMO_EXP":2568.47,"OTRTRA_VA":435.69,"OTRTRA_EXP":637.12,"TRANSP_VA":285.37,"TRANSP_EXP":347.94,"OTRMAN_VA":2366.06,"OTRMAN_EXP":1871.65,"ELEGAS_VA":4508.04,"ELEGAS_EXP":156.9,"AGUBAS_VA":1306.08,"AGUBAS_EXP":24.49,"CONSTR_VA":14345.66,"CONSTR_EXP":151.61,"COMREV_VA":30070.61,"COMREV_EXP":7071.17,"TRATIE_VA":5537.48,"TRATIE_EXP":2187.24,"TRAGUA_VA":152.74,"TRAGUA_EXP":145.34,"TRAAIR_VA":322.26,"TRAAIR_EXP":620.17,"ALMSTR_VA":1615.6,"ALMSTR_EXP":1125.76,"POSTME_VA":964.38,"POSTME_EXP":217.06,"HOTYRE_VA":1993.21,"HOTYRE_EXP":446.49,"MMTVRA_VA":1720.24,"MMTVRA_EXP":164.39,"TELECO_VA":2529.42,"TELECO_EXP":403.91,"ITSERV_VA":798.55,"ITSERV_EXP":127.54,"SERFIN_VA":5792.11,"SERFIN_EXP":695.77,"GOBEST_VA":10406.9,"GOBEST_EXP":201.78,"SPRSCT_VA":5508.19,"SPRSCT_EXP":748.46,"SEAEMP_VA":2168.4,"SEAEMP_EXP":408.69,"ADPDEF_VA":10864.6,"ADPDEF_EXP":0.32,"EDUCAC_VA":5837.51,"EDUCAC_EXP":52.76,"SALUDH_VA":4272.4,"SALUDH_EXP":63.9,"ESPARC_VA":936.01,"ESPARC_EXP":125.53,"OTRSER_VA":3510.65,"OTRSER_EXP":68.37,"SERHOG_VA":12.65,"SERHOG_EXP":0.0}},{"type":"Feature","geometry":{"type":"Point","coordinates":[-8.22,39.4]},"properties":{"id":"PRT","name":"Portugal","continent":"europe","year":1999,"AGRPFO_VA":3363.29,"AGRPFO_EXP":188.33,"FORLOG_VA":582.52,"FORLOG_EXP":44.17,"PESCAC_VA":324.94,"PESCAC_EXP":55.11,"MINCOL_VA":0.0,"MINCOL_EXP":0.0,"PETGAS_VA":0.0,"PETGAS_EXP":0.0,"MINORE_VA":350.37,"MINORE_EXP":111.35,"MINOTH_VA":294.24,"MINOTH_EXP":42.02,"MINSER_VA":5.46,"MINSER_EXP":0.06,"ALYBEB_VA":2708.23,"ALYBEB_EXP":1251.71,"TEXYPR_VA":4347.37,"TEXYPR_EXP":4854.91,"MADYPR_VA":917.85,"MADYPR_EXP":830.96,"PAPYPR_VA":1497.58,"PAPYPR_EXP":960.72,"PETREF_VA":180.65,"PETREF_EXP":373.95,"QUIMYP_VA":746.23,"QUIMYP_EXP":707.6,"FARMED_VA":348.13,"FARMED_EXP":150.07,"HUPLAS_VA":1070.6,"HUPLAS_EXP":522.54,"PRNOMT_VA":1720.44,"PRNOMT_EXP":677.36,"METBAS_VA":232.4,"METBAS_EXP":150.14,"NONFER_VA":86.2,"NONFER_EXP":202.43,"PRMETA_VA":1615.09,"PRMETA_EXP":584.3,"ELCTRO_VA":755.26,"ELCTRO_EXP":1604.15,"ELCTRI_VA":736.12,"ELCTRI_EXP":1403.38,"MAQYEQ_VA":643.35,"MAQYEQ_EXP":1065.2,"AUTOMO_VA":1580.47,"AUTOMO_EXP":3084.04,"OTRTRA_VA":59.59,"OTRTRA_EXP":98.51,"TRANSP_VA":84.72,"TRANSP_EXP":107.54,"OTRMAN_VA":1453.45,"OTRMAN_EXP":860.86,"ELEGAS_VA":2286.06,"ELEGAS_EXP":135.3,"AGUBAS_VA":769.85,"AGUBAS_EXP":0.51,"CONSTR_VA":8752.16,"CONSTR_EXP":2.6,"COMREV_VA":16198.35,"COMREV_EXP":4440.18,"TRATIE_VA":2303.23,"TRATIE_EXP":1126.93,"TRAGUA_VA":79.2,"TRAGUA_EXP":106.05,"TRAAIR_VA":659.08,"TRAAIR_EXP":1206.71,"ALMSTR_VA":1724.26,"ALMSTR_EXP":443.34,"POSTME_VA":304.37,"POSTME_EXP":67.91,"HOTYRE_VA":4990.45,"HOTYRE_EXP":2016.83,"MMTVRA_VA":796.5,"MMTVRA_EXP":229.44,"TELECO_VA":2566.38,"TELECO_EXP":274.56,"ITSERV_VA":762.51,"ITSERV_EXP":91.33,"SERFIN_VA":6880.79,"SERFIN_EXP":496.18,"GOBEST_VA":8643.09,"GOBEST_EXP":205.66,"SPRSCT_VA":3981.0,"SPRSCT_EXP":410.53,"SEAEMP_VA":3260.13,"SEAEMP_EXP":299.22,"ADPDEF_VA":9229.16,"ADPDEF_EXP":63.2,"EDUCAC_VA":7261.85,"EDUCAC_EXP":94.05,"SALUDH_VA":5615.86,"SALUDH_EXP":77.23,"ESPARC_VA":806.89,"ESPARC_EXP":190.7,"OTRSER_VA":975.04,"OTRSER_EXP":67.91,"SERHOG_VA":722.26,"SERHOG_EXP":0.0}},{"type":"Feature","geometry":{"type":"Point","coordinates":[24.97,45.94]},"properties":{"id":"ROU","name":"Rumania","continent":"europe","year":1999,"AGRPFO_VA":4371.87,"AGRPFO_EXP":150.2,"FORLOG_VA":151.42,"FORLOG_EXP":35.67,"PESCAC_VA":2.06,"PESCAC_EXP":0.25,"MINCOL_VA":134.01,"MINCOL_EXP":0.11,"PETGAS_VA":338.83,"PETGAS_EXP":13.79,"MINORE_VA":59.13,"MINORE_EXP":14.87,"MINOTH_VA":51.3,"MINOTH_EXP":7.57,"MINSER_VA":187.53,"MINSER_EXP":3.14,"ALYBEB_VA":2235.23,"ALYBEB_EXP":96.94,"TEXYPR_VA":890.44,"TEXYPR_EXP":1253.87,"MADYPR_VA":300.22,"MADYPR_EXP":319.73,"PAPYPR_VA":165.59,"PAPYPR_EXP":51.36,"PETREF_VA":349.47,"PETREF_EXP":248.73,"QUIMYP_VA":274.01,"QUIMYP_EXP":433.11,"FARMED_VA":102.36,"FARMED_EXP":15.87,"HUPLAS_VA":154.49,"HUPLAS_EXP":49.1,"PRNOMT_VA":392.36,"PRNOMT_EXP":123.47,"METBAS_VA":270.59,"METBAS_EXP":558.25,"NONFER_VA":48.22,"NONFER_EXP":228.85,"PRMETA_VA":310.53,"PRMETA_EXP":129.36,"ELCTRO_VA":261.06,"ELCTRO_EXP":156.09,"ELCTRI_VA":214.27,"ELCTRI_EXP":154.8,"MAQYEQ_VA":337.92,"MAQYEQ_EXP":167.78,"AUTOMO_VA":387.32,"AUTOMO_EXP":86.21,"OTRTRA_VA":77.19,"OTRTRA_EXP":100.2,"TRANSP_VA":78.47,"TRANSP_EXP":114.85,"OTRMAN_VA":505.8,"OTRMAN_EXP":378.94,"ELEGAS_VA":1115.27,"ELEGAS_EXP":49.41,"AGUBAS_VA":243.95,"AGUBAS_EXP":0.1,"CONSTR_VA":1985.31,"CONSTR_EXP":0.26,"COMREV_VA":3738.98,"COMREV_EXP":745.01,"TRATIE_VA":1738.75,"TRATIE_EXP":746.51,"TRAGUA_VA":38.46,"TRAGUA_EXP":84.96,"TRAAIR_VA":64.37,"TRAAIR_EXP":124.9,"ALMSTR_VA":279.79,"ALMSTR_EXP":257.78,"POSTME_VA":129.89,"POSTME_EXP":61.33,"HOTYRE_VA":879.53,"HOTYRE_EXP":78.62,"MMTVRA_VA":182.55,"MMTVRA_EXP":143.09,"TELECO_VA":1160.11,"TELECO_EXP":107.05,"ITSERV_VA":279.88,"ITSERV_EXP":31.93,"SERFIN_VA":1309.19,"SERFIN_EXP":175.65,"GOBEST_VA":2541.53,"GOBEST_EXP":11.43,"SPRSCT_VA":621.02,"SPRSCT_EXP":28.9,"SEAEMP_VA":216.97,"SEAEMP_EXP":12.34,"ADPDEF_VA":1354.59,"ADPDEF_EXP":0.15,"EDUCAC_VA":979.94,"EDUCAC_EXP":4.55,"SALUDH_VA":749.12,"SALUDH_EXP":3.24,"ESPARC_VA":370.62,"ESPARC_EXP":9.91,"OTRSER_VA":494.93,"OTRSER_EXP":3.92,"SERHOG_VA":335.25,"SERHOG_EXP":0.0}},{"type":"Feature","geometry":{"type":"Point","coordinates":[105.32,61.52]},"properties":{"id":"RUS","name":"Rusia","continent":"europe","year":1999,"AGRPFO_VA":6234.35,"AGRPFO_EXP":829.65,"FORLOG_VA":380.42,"FORLOG_EXP":228.37,"PESCAC_VA":374.21,"PESCAC_EXP":140.8,"MINCOL_VA":1282.74,"MINCOL_EXP":832.54,"PETGAS_VA":14257.49,"PETGAS_EXP":9074.7,"MINORE_VA":1079.97,"MINORE_EXP":776.53,"MINOTH_VA":776.39,"MINOTH_EXP":660.09,"MINSER_VA":1162.77,"MINSER_EXP":229.67,"ALYBEB_VA":3339.92,"ALYBEB_EXP":1522.81,"TEXYPR_VA":511.31,"TEXYPR_EXP":375.45,"MADYPR_VA":469.91,"MADYPR_EXP":946.35,"PAPYPR_VA":729.07,"PAPYPR_EXP":1186.44,"PETREF_VA":6118.72,"PETREF_EXP":12298.77,"QUIMYP_VA":1837.8,"QUIMYP_EXP":4073.91,"FARMED_VA":267.7,"FARMED_EXP":167.92,"HUPLAS_VA":515.72,"HUPLAS_EXP":774.98,"PRNOMT_VA":1256.33,"PRNOMT_EXP":221.7,"METBAS_VA":1594.43,"METBAS_EXP":5433.54,"NONFER_VA":3175.13,"NONFER_EXP":5990.89,"PRMETA_VA":948.31,"PRMETA_EXP":891.89,"ELCTRO_VA":995.09,"ELCTRO_EXP":1012.23,"ELCTRI_VA":695.1,"ELCTRI_EXP":993.69,"MAQYEQ_VA":1157.34,"MAQYEQ_EXP":1986.38,"AUTOMO_VA":1534.32,"AUTOMO_EXP":771.24,"OTRTRA_VA":553.4,"OTRTRA_EXP":669.28,"TRANSP_VA":1306.05,"TRANSP_EXP":583.71,"OTRMAN_VA":1151.77,"OTRMAN_EXP":408.14,"ELEGAS_VA":5880.44,"ELEGAS_EXP":310.08,"AGUBAS_VA":967.86,"AGUBAS_EXP":2.6,"CONSTR_VA":14965.13,"CONSTR_EXP":38.83,"COMREV_VA":33896.39,"COMREV_EXP":12933.26,"TRATIE_VA":8617.68,"TRATIE_EXP":2446.35,"TRAGUA_VA":193.04,"TRAGUA_EXP":123.81,"TRAAIR_VA":497.49,"TRAAIR_EXP":1151.52,"ALMSTR_VA":2317.34,"ALMSTR_EXP":695.9,"POSTME_VA":337.69,"POSTME_EXP":47.37,"HOTYRE_VA":1803.23,"HOTYRE_EXP":1207.83,"MMTVRA_VA":757.72,"MMTVRA_EXP":154.9,"TELECO_VA":3111.46,"TELECO_EXP":415.98,"ITSERV_VA":1152.43,"ITSERV_EXP":475.27,"SERFIN_VA":7214.7,"SERFIN_EXP":245.14,"GOBEST_VA":16777.84,"GOBEST_EXP":318.78,"SPRSCT_VA":7725.19,"SPRSCT_EXP":958.73,"SEAEMP_VA":3372.85,"SEAEMP_EXP":522.78,"ADPDEF_VA":13662.31,"ADPDEF_EXP":7.43,"EDUCAC_VA":5995.14,"EDUCAC_EXP":78.34,"SALUDH_VA":5821.52,"SALUDH_EXP":61.13,"ESPARC_VA":1450.48,"ESPARC_EXP":140.11,"OTRSER_VA":827.06,"OTRSER_EXP":63.29,"SERHOG_VA":1250.5,"SERHOG_EXP":0.0}},{"type":"Feature","geometry":{"type":"Point","coordinates":[45.08,23.89]},"properties":{"id":"SAU","name":"Arabia Saudita","continent":"other","year":1999,"AGRPFO_VA":4020.26,"AGRPFO_EXP":20.08,"FORLOG_VA":5.46,"FORLOG_EXP":0.11,"PESCAC_VA":202.66,"PESCAC_EXP":2.37,"MINCOL_VA":0.0,"MINCOL_EXP":0.0,"PETGAS_VA":50214.82,"PETGAS_EXP":40207.2,"MINORE_VA":179.41,"MINORE_EXP":6.69,"MINOTH_VA":370.73,"MINOTH_EXP":17.33,"MINSER_VA":147.84,"MINSER_EXP":196.69,"ALYBEB_VA":2651.03,"ALYBEB_EXP":332.7,"TEXYPR_VA":670.87,"TEXYPR_EXP":101.38,"MADYPR_VA":188.58,"MADYPR_EXP":17.94,"PAPYPR_VA":774.81,"PAPYPR_EXP":134.23,"PETREF_VA":4197.02,"PETREF_EXP":2893.26,"QUIMYP_VA":3891.88,"QUIMYP_EXP":2266.26,"FARMED_VA":107.03,"FARMED_EXP":9.61,"HUPLAS_VA":570.51,"HUPLAS_EXP":99.38,"PRNOMT_VA":986.2,"PRNOMT_EXP":93.0,"METBAS_VA":171.04,"METBAS_EXP":132.02,"NONFER_VA":138.45,"NONFER_EXP":236.49,"PRMETA_VA":904.54,"PRMETA_EXP":145.18,"ELCTRO_VA":24.99,"ELCTRO_EXP":6.8,"ELCTRI_VA":567.68,"ELCTRI_EXP":68.33,"MAQYEQ_VA":320.02,"MAQYEQ_EXP":74.64,"AUTOMO_VA":157.44,"AUTOMO_EXP":12.98,"OTRTRA_VA":6.23,"OTRTRA_EXP":6.68,"TRANSP_VA":10.23,"TRANSP_EXP":1.23,"OTRMAN_VA":742.84,"OTRMAN_EXP":118.32,"ELEGAS_VA":1476.24,"ELEGAS_EXP":0.37,"AGUBAS_VA":480.88,"AGUBAS_EXP":0.48,"CONSTR_VA":9967.54,"CONSTR_EXP":21.27,"COMREV_VA":12990.05,"COMREV_EXP":2853.93,"TRATIE_VA":1620.81,"TRATIE_EXP":698.62,"TRAGUA_VA":137.68,"TRAGUA_EXP":82.12,"TRAAIR_VA":558.76,"TRAAIR_EXP":341.91,"ALMSTR_VA":1394.45,"ALMSTR_EXP":694.6,"POSTME_VA":172.89,"POSTME_EXP":121.15,"HOTYRE_VA":2805.71,"HOTYRE_EXP":1480.84,"MMTVRA_VA":327.82,"MMTVRA_EXP":23.25,"TELECO_VA":3554.24,"TELECO_EXP":253.62,"ITSERV_VA":921.16,"ITSERV_EXP":82.71,"SERFIN_VA":5612.58,"SERFIN_EXP":327.79,"GOBEST_VA":4356.24,"GOBEST_EXP":262.29,"SPRSCT_VA":1085.24,"SPRSCT_EXP":164.15,"SEAEMP_VA":1655.88,"SEAEMP_EXP":153.08,"ADPDEF_VA":21548.72,"ADPDEF_EXP":0.33,"EDUCAC_VA":8677.02,"EDUCAC_EXP":56.04,"SALUDH_VA":5144.7,"SALUDH_EXP":47.23,"ESPARC_VA":482.33,"ESPARC_EXP":113.08,"OTRSER_VA":1125.83,"OTRSER_EXP":47.47,"SERHOG_VA":1471.2,"SERHOG_EXP":0.0}},{"type":"Feature","geometry":{"type":"Point","coordinates":[-14.45,14.5]},"properties":{"id":"SEN","name":"Senegal","continent":"other","year":1999,"AGRPFO_VA":940.36,"AGRPFO_EXP":52.59,"FORLOG_VA":28.8,"FORLOG_EXP":1.6,"PESCAC_VA":154.12,"PESCAC_EXP":43.46,"MINCOL_VA":3.44,"MINCOL_EXP":1.01,"PETGAS_VA":0.25,"PETGAS_EXP":0.39,"MINORE_VA":9.23,"MINORE_EXP":39.37,"MINOTH_VA":5.75,"MINOTH_EXP":29.2,"MINSER_VA":0.17,"MINSER_EXP":0.35,"ALYBEB_VA":700.59,"ALYBEB_EXP":155.56,"TEXYPR_VA":187.29,"TEXYPR_EXP":37.02,"MADYPR_VA":40.16,"MADYPR_EXP":1.6,"PAPYPR_VA":46.41,"PAPYPR_EXP":5.28,"PETREF_VA":10.67,"PETREF_EXP":100.95,"QUIMYP_VA":71.94,"QUIMYP_EXP":114.9,"FARMED_VA":12.81,"FARMED_EXP":2.58,"HUPLAS_VA":38.52,"HUPLAS_EXP":4.02,"PRNOMT_VA":56.52,"PRNOMT_EXP":57.86,"METBAS_VA":43.69,"METBAS_EXP":12.6,"NONFER_VA":1.44,"NONFER_EXP":9.49,"PRMETA_VA":60.94,"PRMETA_EXP":1.92,"ELCTRO_VA":0.19,"ELCTRO_EXP":0.05,"ELCTRI_VA":13.65,"ELCTRI_EXP":5.32,"MAQYEQ_VA":1.67,"MAQYEQ_EXP":2.13,"AUTOMO_VA":0.74,"AUTOMO_EXP":0.17,"OTRTRA_VA":7.18,"OTRTRA_EXP":1.52,"TRANSP_VA":18.04,"TRANSP_EXP":0.67,"OTRMAN_VA":53.21,"OTRMAN_EXP":2.97,"ELEGAS_VA":39.57,"ELEGAS_EXP":3.51,"AGUBAS_VA":19.39,"AGUBAS_EXP":0.17,"CONSTR_VA":160.01,"CONSTR_EXP":0.57,"COMREV_VA":969.46,"COMREV_EXP":106.38,"TRATIE_VA":164.42,"TRATIE_EXP":18.85,"TRAGUA_VA":2.79,"TRAGUA_EXP":1.0,"TRAAIR_VA":8.13,"TRAAIR_EXP":11.15,"ALMSTR_VA":73.05,"ALMSTR_EXP":16.08,"POSTME_VA":4.67,"POSTME_EXP":0.26,"HOTYRE_VA":92.8,"HOTYRE_EXP":24.72,"MMTVRA_VA":13.34,"MMTVRA_EXP":4.46,"TELECO_VA":120.41,"TELECO_EXP":49.13,"ITSERV_VA":11.63,"ITSERV_EXP":4.0,"SERFIN_VA":90.64,"SERFIN_EXP":8.11,"GOBEST_VA":620.03,"GOBEST_EXP":8.22,"SPRSCT_VA":241.96,"SPRSCT_EXP":44.6,"SEAEMP_VA":144.82,"SEAEMP_EXP":10.91,"ADPDEF_VA":338.27,"ADPDEF_EXP":0.12,"EDUCAC_VA":248.23,"EDUCAC_EXP":1.47,"SALUDH_VA":148.71,"SALUDH_EXP":1.31,"ESPARC_VA":21.34,"ESPARC_EXP":2.46,"OTRSER_VA":73.91,"OTRSER_EXP":1.26,"SERHOG_VA":36.92,"SERHOG_EXP":0.0}},{"type":"Feature","geometry":{"type":"Point","coordinates":[103.82,1.35]},"properties":{"id":"SGP","name":"Singapur","continent":"asia","year":1999,"AGRPFO_VA":59.79,"AGRPFO_EXP":28.01,"FORLOG_VA":0.0,"FORLOG_EXP":0.0,"PESCAC_VA":46.6,"PESCAC_EXP":7.25,"MINCOL_VA":0.0,"MINCOL_EXP":0.0,"PETGAS_VA":0.0,"PETGAS_EXP":0.0,"MINORE_VA":0.0,"MINORE_EXP":0.0,"MINOTH_VA":0.0,"MINOTH_EXP":0.0,"MINSER_VA":0.0,"MINSER_EXP":0.0,"ALYBEB_VA":589.33,"ALYBEB_EXP":777.58,"TEXYPR_VA":209.3,"TEXYPR_EXP":289.72,"MADYPR_VA":28.07,"MADYPR_EXP":63.58,"PAPYPR_VA":571.28,"PAPYPR_EXP":617.55,"PETREF_VA":471.28,"PETREF_EXP":5040.12,"QUIMYP_VA":1732.01,"QUIMYP_EXP":8407.07,"FARMED_VA":3617.33,"FARMED_EXP":719.52,"HUPLAS_VA":342.42,"HUPLAS_EXP":535.37,"PRNOMT_VA":136.07,"PRNOMT_EXP":120.43,"METBAS_VA":63.74,"METBAS_EXP":114.01,"NONFER_VA":247.76,"NONFER_EXP":231.71,"PRMETA_VA":485.87,"PRMETA_EXP":546.26,"ELCTRO_VA":6464.05,"ELCTRO_EXP":21174.61,"ELCTRI_VA":225.86,"ELCTRI_EXP":310.3,"MAQYEQ_VA":1217.82,"MAQYEQ_EXP":2272.37,"AUTOMO_VA":81.94,"AUTOMO_EXP":122.27,"OTRTRA_VA":581.81,"OTRTRA_EXP":205.82,"TRANSP_VA":1062.55,"TRANSP_EXP":329.26,"OTRMAN_VA":463.43,"OTRMAN_EXP":972.0,"ELEGAS_VA":1490.11,"ELEGAS_EXP":24.34,"AGUBAS_VA":303.23,"AGUBAS_EXP":40.1,"CONSTR_VA":5429.19,"CONSTR_EXP":6.41,"COMREV_VA":10881.48,"COMREV_EXP":9193.53,"TRATIE_VA":1240.86,"TRATIE_EXP":493.39,"TRAGUA_VA":2269.21,"TRAGUA_EXP":5157.0,"TRAAIR_VA":1423.58,"TRAAIR_EXP":2833.42,"ALMSTR_VA":2910.1,"ALMSTR_EXP":701.2,"POSTME_VA":215.02,"POSTME_EXP":151.74,"HOTYRE_VA":2108.66,"HOTYRE_EXP":1586.74,"MMTVRA_VA":733.46,"MMTVRA_EXP":1038.26,"TELECO_VA":1194.32,"TELECO_EXP":528.12,"ITSERV_VA":1207.99,"ITSERV_EXP":1643.23,"SERFIN_VA":8762.71,"SERFIN_EXP":5299.21,"GOBEST_VA":6053.5,"GOBEST_EXP":706.76,"SPRSCT_VA":6431.48,"SPRSCT_EXP":2733.0,"SEAEMP_VA":3741.95,"SEAEMP_EXP":1202.7,"ADPDEF_VA":2182.73,"ADPDEF_EXP":9.72,"EDUCAC_VA":2366.77,"EDUCAC_EXP":288.92,"SALUDH_VA":2145.75,"SALUDH_EXP":195.28,"ESPARC_VA":1036.0,"ESPARC_EXP":228.79,"OTRSER_VA":534.59,"OTRSER_EXP":130.86,"SERHOG_VA":314.65,"SERHOG_EXP":0.0}},{"type":"Feature","geometry":{"type":"Point","coordinates":[6.61,0.19]},"properties":{"id":"STP","name":"S. Tomé y Príncipe","continent":"other","year":1999,"AGRPFO_VA":4.11,"AGRPFO_EXP":2.81,"FORLOG_VA":0.02,"FORLOG_EXP":0.0,"PESCAC_VA":5.65,"PESCAC_EXP":0.13,"MINCOL_VA":0.01,"MINCOL_EXP":0.0,"PETGAS_VA":0.1,"PETGAS_EXP":0.0,"MINORE_VA":0.0,"MINORE_EXP":0.0,"MINOTH_VA":0.07,"MINOTH_EXP":0.02,"MINSER_VA":0.04,"MINSER_EXP":0.01,"ALYBEB_VA":1.61,"ALYBEB_EXP":0.26,"TEXYPR_VA":0.01,"TEXYPR_EXP":0.05,"MADYPR_VA":0.01,"MADYPR_EXP":0.0,"PAPYPR_VA":0.01,"PAPYPR_EXP":0.0,"PETREF_VA":0.03,"PETREF_EXP":0.01,"QUIMYP_VA":0.02,"QUIMYP_EXP":0.0,"FARMED_VA":0.01,"FARMED_EXP":0.0,"HUPLAS_VA":0.01,"HUPLAS_EXP":0.0,"PRNOMT_VA":0.03,"PRNOMT_EXP":0.0,"METBAS_VA":0.0,"METBAS_EXP":0.0,"NONFER_VA":0.0,"NONFER_EXP":0.0,"PRMETA_VA":0.01,"PRMETA_EXP":0.0,"ELCTRO_VA":0.0,"ELCTRO_EXP":0.02,"ELCTRI_VA":0.0,"ELCTRI_EXP":0.0,"MAQYEQ_VA":0.0,"MAQYEQ_EXP":0.0,"AUTOMO_VA":0.0,"AUTOMO_EXP":0.0,"OTRTRA_VA":0.0,"OTRTRA_EXP":0.0,"TRANSP_VA":0.0,"TRANSP_EXP":0.0,"OTRMAN_VA":0.02,"OTRMAN_EXP":0.02,"ELEGAS_VA":1.02,"ELEGAS_EXP":0.05,"AGUBAS_VA":0.79,"AGUBAS_EXP":0.09,"CONSTR_VA":2.52,"CONSTR_EXP":0.23,"COMREV_VA":12.28,"COMREV_EXP":2.15,"TRATIE_VA":4.36,"TRATIE_EXP":0.83,"TRAGUA_VA":0.14,"TRAGUA_EXP":0.11,"TRAAIR_VA":0.53,"TRAAIR_EXP":0.62,"ALMSTR_VA":2.85,"ALMSTR_EXP":0.28,"POSTME_VA":1.05,"POSTME_EXP":0.12,"HOTYRE_VA":7.45,"HOTYRE_EXP":2.8,"MMTVRA_VA":0.77,"MMTVRA_EXP":0.46,"TELECO_VA":1.37,"TELECO_EXP":1.5,"ITSERV_VA":1.25,"ITSERV_EXP":1.47,"SERFIN_VA":7.22,"SERFIN_EXP":2.63,"GOBEST_VA":0.37,"GOBEST_EXP":0.07,"SPRSCT_VA":0.3,"SPRSCT_EXP":0.19,"SEAEMP_VA":0.28,"SEAEMP_EXP":0.13,"ADPDEF_VA":7.65,"ADPDEF_EXP":0.15,"EDUCAC_VA":2.68,"EDUCAC_EXP":0.24,"SALUDH_VA":1.63,"SALUDH_EXP":0.2,"ESPARC_VA":1.65,"ESPARC_EXP":0.4,"OTRSER_VA":1.89,"OTRSER_EXP":0.26,"SERHOG_VA":1.43,"SERHOG_EXP":0.0}},{"type":"Feature","geometry":{"type":"Point","coordinates":[19.7,48.67]},"properties":{"id":"SVK","name":"Eslovaquia","continent":"europe","year":1999,"AGRPFO_VA":170.69,"AGRPFO_EXP":82.65,"FORLOG_VA":182.9,"FORLOG_EXP":23.62,"PESCAC_VA":0.95,"PESCAC_EXP":0.69,"MINCOL_VA":8.09,"MINCOL_EXP":1.07,"PETGAS_VA":0.11,"PETGAS_EXP":0.07,"MINORE_VA":1.65,"MINORE_EXP":3.3,"MINOTH_VA":7.71,"MINOTH_EXP":20.74,"MINSER_VA":33.05,"MINSER_EXP":3.53,"ALYBEB_VA":669.29,"ALYBEB_EXP":132.64,"TEXYPR_VA":78.73,"TEXYPR_EXP":246.36,"MADYPR_VA":166.06,"MADYPR_EXP":111.44,"PAPYPR_VA":184.01,"PAPYPR_EXP":243.26,"PETREF_VA":314.82,"PETREF_EXP":229.5,"QUIMYP_VA":214.24,"QUIMYP_EXP":354.93,"FARMED_VA":61.33,"FARMED_EXP":49.63,"HUPLAS_VA":231.9,"HUPLAS_EXP":207.58,"PRNOMT_VA":285.05,"PRNOMT_EXP":167.09,"METBAS_VA":237.63,"METBAS_EXP":808.07,"NONFER_VA":90.45,"NONFER_EXP":180.49,"PRMETA_VA":261.04,"PRMETA_EXP":232.04,"ELCTRO_VA":63.74,"ELCTRO_EXP":150.76,"ELCTRI_VA":100.17,"ELCTRI_EXP":350.17,"MAQYEQ_VA":239.05,"MAQYEQ_EXP":358.8,"AUTOMO_VA":526.23,"AUTOMO_EXP":1256.51,"OTRTRA_VA":0.62,"OTRTRA_EXP":0.18,"TRANSP_VA":14.12,"TRANSP_EXP":25.97,"OTRMAN_VA":209.04,"OTRMAN_EXP":114.6,"ELEGAS_VA":894.41,"ELEGAS_EXP":6.26,"AGUBAS_VA":246.65,"AGUBAS_EXP":12.82,"CONSTR_VA":1131.13,"CONSTR_EXP":36.11,"COMREV_VA":2471.02,"COMREV_EXP":1065.15,"TRATIE_VA":904.92,"TRATIE_EXP":654.19,"TRAGUA_VA":12.05,"TRAGUA_EXP":13.32,"TRAAIR_VA":10.77,"TRAAIR_EXP":16.86,"ALMSTR_VA":470.15,"ALMSTR_EXP":430.74,"POSTME_VA":115.71,"POSTME_EXP":15.35,"HOTYRE_VA":240.07,"HOTYRE_EXP":53.65,"MMTVRA_VA":143.4,"MMTVRA_EXP":76.41,"TELECO_VA":442.68,"TELECO_EXP":46.19,"ITSERV_VA":198.02,"ITSERV_EXP":42.78,"SERFIN_VA":671.55,"SERFIN_EXP":234.52,"GOBEST_VA":2072.09,"GOBEST_EXP":38.9,"SPRSCT_VA":999.6,"SPRSCT_EXP":299.99,"SEAEMP_VA":389.03,"SEAEMP_EXP":153.06,"ADPDEF_VA":1751.96,"ADPDEF_EXP":0.74,"EDUCAC_VA":740.65,"EDUCAC_EXP":25.68,"SALUDH_VA":676.91,"SALUDH_EXP":18.85,"ESPARC_VA":345.11,"ESPARC_EXP":87.78,"OTRSER_VA":135.73,"OTRSER_EXP":22.9,"SERHOG_VA":10.01,"SERHOG_EXP":0.0}},{"type":"Feature","geometry":{"type":"Point","coordinates":[14.99,46.15]},"properties":{"id":"SVN","name":"Eslovenia","continent":"europe","year":1999,"AGRPFO_VA":549.78,"AGRPFO_EXP":88.47,"FORLOG_VA":130.08,"FORLOG_EXP":16.26,"PESCAC_VA":4.84,"PESCAC_EXP":1.3,"MINCOL_VA":89.77,"MINCOL_EXP":0.28,"PETGAS_VA":0.0,"PETGAS_EXP":0.0,"MINORE_VA":2.49,"MINORE_EXP":0.89,"MINOTH_VA":26.62,"MINOTH_EXP":6.23,"MINSER_VA":0.3,"MINSER_EXP":2.05,"ALYBEB_VA":557.84,"ALYBEB_EXP":297.78,"TEXYPR_VA":513.82,"TEXYPR_EXP":542.43,"MADYPR_VA":207.33,"MADYPR_EXP":251.14,"PAPYPR_VA":349.19,"PAPYPR_EXP":324.82,"PETREF_VA":11.62,"PETREF_EXP":14.26,"QUIMYP_VA":254.84,"QUIMYP_EXP":455.88,"FARMED_VA":365.9,"FARMED_EXP":285.21,"HUPLAS_VA":275.52,"HUPLAS_EXP":337.66,"PRNOMT_VA":263.21,"PRNOMT_EXP":166.49,"METBAS_VA":127.43,"METBAS_EXP":236.04,"NONFER_VA":60.06,"NONFER_EXP":243.22,"PRMETA_VA":605.65,"PRMETA_EXP":543.36,"ELCTRO_VA":269.38,"ELCTRO_EXP":421.43,"ELCTRI_VA":402.15,"ELCTRI_EXP":406.98,"MAQYEQ_VA":245.68,"MAQYEQ_EXP":533.67,"AUTOMO_VA":342.12,"AUTOMO_EXP":684.3,"OTRTRA_VA":2.91,"OTRTRA_EXP":5.41,"TRANSP_VA":13.74,"TRANSP_EXP":12.7,"OTRMAN_VA":453.33,"OTRMAN_EXP":415.94,"ELEGAS_VA":360.49,"ELEGAS_EXP":37.01,"AGUBAS_VA":188.79,"AGUBAS_EXP":1.99,"CONSTR_VA":1437.32,"CONSTR_EXP":55.62,"COMREV_VA":2211.2,"COMREV_EXP":898.09,"TRATIE_VA":633.21,"TRATIE_EXP":390.39,"TRAGUA_VA":35.26,"TRAGUA_EXP":45.78,"TRAAIR_VA":47.8,"TRAAIR_EXP":99.39,"ALMSTR_VA":297.57,"ALMSTR_EXP":241.84,"POSTME_VA":109.86,"POSTME_EXP":4.04,"HOTYRE_VA":467.3,"HOTYRE_EXP":352.14,"MMTVRA_VA":257.55,"MMTVRA_EXP":85.13,"TELECO_VA":319.29,"TELECO_EXP":47.13,"ITSERV_VA":126.28,"ITSERV_EXP":54.58,"SERFIN_VA":890.04,"SERFIN_EXP":54.64,"GOBEST_VA":1614.69,"GOBEST_EXP":37.69,"SPRSCT_VA":1015.5,"SPRSCT_EXP":205.89,"SEAEMP_VA":439.82,"SEAEMP_EXP":125.27,"ADPDEF_VA":1138.91,"ADPDEF_EXP":1.11,"EDUCAC_VA":1069.22,"EDUCAC_EXP":23.57,"SALUDH_VA":956.38,"SALUDH_EXP":18.54,"ESPARC_VA":290.25,"ESPARC_EXP":36.77,"OTRSER_VA":326.67,"OTRSER_EXP":15.29,"SERHOG_VA":16.97,"SERHOG_EXP":0.0}},{"type":"Feature","geometry":{"type":"Point","coordinates":[18.64,60.13]},"properties":{"id":"SWE","name":"Suecia","continent":"europe","year":1999,"AGRPFO_VA":3375.03,"AGRPFO_EXP":261.76,"FORLOG_VA":2609.51,"FORLOG_EXP":108.55,"PESCAC_VA":81.4,"PESCAC_EXP":78.04,"MINCOL_VA":35.7,"MINCOL_EXP":9.54,"PETGAS_VA":11.23,"PETGAS_EXP":1.15,"MINORE_VA":516.61,"MINORE_EXP":369.14,"MINOTH_VA":91.75,"MINOTH_EXP":159.67,"MINSER_VA":21.96,"MINSER_EXP":66.09,"ALYBEB_VA":4064.56,"ALYBEB_EXP":1570.08,"TEXYPR_VA":685.94,"TEXYPR_EXP":922.26,"MADYPR_VA":1804.46,"MADYPR_EXP":2614.03,"PAPYPR_VA":6021.76,"PAPYPR_EXP":7241.69,"PETREF_VA":234.32,"PETREF_EXP":1507.73,"QUIMYP_VA":2577.15,"QUIMYP_EXP":2606.16,"FARMED_VA":5025.39,"FARMED_EXP":2955.28,"HUPLAS_VA":1668.32,"HUPLAS_EXP":1918.27,"PRNOMT_VA":1029.49,"PRNOMT_EXP":655.9,"METBAS_VA":1554.39,"METBAS_EXP":3164.19,"NONFER_VA":499.36,"NONFER_EXP":1281.0,"PRMETA_VA":4945.49,"PRMETA_EXP":2433.14,"ELCTRO_VA":7697.26,"ELCTRO_EXP":14019.56,"ELCTRI_VA":2072.62,"ELCTRI_EXP":2804.13,"MAQYEQ_VA":5734.92,"MAQYEQ_EXP":9974.81,"AUTOMO_VA":6488.45,"AUTOMO_EXP":12532.19,"OTRTRA_VA":85.51,"OTRTRA_EXP":232.96,"TRANSP_VA":875.56,"TRANSP_EXP":1041.26,"OTRMAN_VA":3211.12,"OTRMAN_EXP":2155.51,"ELEGAS_VA":5337.11,"ELEGAS_EXP":192.41,"AGUBAS_VA":1391.88,"AGUBAS_EXP":3.07,"CONSTR_VA":10610.84,"CONSTR_EXP":107.98,"COMREV_VA":26483.71,"COMREV_EXP":10233.98,"TRATIE_VA":7124.52,"TRATIE_EXP":2181.39,"TRAGUA_VA":855.06,"TRAGUA_EXP":1014.79,"TRAAIR_VA":1198.25,"TRAAIR_EXP":1129.6,"ALMSTR_VA":3664.8,"ALMSTR_EXP":1628.16,"POSTME_VA":2523.93,"POSTME_EXP":138.99,"HOTYRE_VA":3585.48,"HOTYRE_EXP":1120.28,"MMTVRA_VA":3488.76,"MMTVRA_EXP":1042.86,"TELECO_VA":4493.87,"TELECO_EXP":535.41,"ITSERV_VA":5880.36,"ITSERV_EXP":1169.28,"SERFIN_VA":12108.38,"SERFIN_EXP":1867.78,"GOBEST_VA":24442.04,"GOBEST_EXP":186.83,"SPRSCT_VA":13367.04,"SPRSCT_EXP":5740.38,"SEAEMP_VA":5968.98,"SEAEMP_EXP":1699.15,"ADPDEF_VA":13047.47,"ADPDEF_EXP":125.23,"EDUCAC_VA":14297.74,"EDUCAC_EXP":155.84,"SALUDH_VA":23411.15,"SALUDH_EXP":81.08,"ESPARC_VA":3081.51,"ESPARC_EXP":157.75,"OTRSER_VA":3703.47,"OTRSER_EXP":74.53,"SERHOG_VA":35.88,"SERHOG_EXP":0.0}},{"type":"Feature","geometry":{"type":"Point","coordinates":[100.99,15.87]},"properties":{"id":"THA","name":"Tailandia","continent":"asia","year":1999,"AGRPFO_VA":7218.76,"AGRPFO_EXP":754.6,"FORLOG_VA":162.73,"FORLOG_EXP":32.61,"PESCAC_VA":2351.26,"PESCAC_EXP":20.82,"MINCOL_VA":166.11,"MINCOL_EXP":0.14,"PETGAS_VA":1357.82,"PETGAS_EXP":210.12,"MINORE_VA":24.86,"MINORE_EXP":8.77,"MINOTH_VA":578.04,"MINOTH_EXP":79.39,"MINSER_VA":510.8,"MINSER_EXP":33.16,"ALYBEB_VA":8355.99,"ALYBEB_EXP":7629.54,"TEXYPR_VA":5370.23,"TEXYPR_EXP":6019.38,"MADYPR_VA":353.59,"MADYPR_EXP":374.79,"PAPYPR_VA":968.56,"PAPYPR_EXP":579.87,"PETREF_VA":2631.84,"PETREF_EXP":1024.39,"QUIMYP_VA":1784.3,"QUIMYP_EXP":2058.77,"FARMED_VA":302.25,"FARMED_EXP":74.37,"HUPLAS_VA":1568.57,"HUPLAS_EXP":2291.84,"PRNOMT_VA":1535.7,"PRNOMT_EXP":713.47,"METBAS_VA":686.11,"METBAS_EXP":610.45,"NONFER_VA":328.36,"NONFER_EXP":556.76,"PRMETA_VA":1295.09,"PRMETA_EXP":879.7,"ELCTRO_VA":2989.34,"ELCTRO_EXP":15266.47,"ELCTRI_VA":1328.71,"ELCTRI_EXP":2778.64,"MAQYEQ_VA":1155.62,"MAQYEQ_EXP":777.27,"AUTOMO_VA":2079.02,"AUTOMO_EXP":1121.79,"OTRTRA_VA":211.71,"OTRTRA_EXP":26.66,"TRANSP_VA":294.61,"TRANSP_EXP":348.4,"OTRMAN_VA":1875.53,"OTRMAN_EXP":2874.61,"ELEGAS_VA":2514.14,"ELEGAS_EXP":119.41,"AGUBAS_VA":508.39,"AGUBAS_EXP":0.29,"CONSTR_VA":4059.09,"CONSTR_EXP":0.45,"COMREV_VA":26011.0,"COMREV_EXP":7519.96,"TRATIE_VA":3972.28,"TRATIE_EXP":4127.15,"TRAGUA_VA":893.37,"TRAGUA_EXP":1541.91,"TRAAIR_VA":1612.37,"TRAAIR_EXP":2193.79,"ALMSTR_VA":801.0,"ALMSTR_EXP":88.06,"POSTME_VA":151.03,"POSTME_EXP":194.38,"HOTYRE_VA":4380.57,"HOTYRE_EXP":1371.95,"MMTVRA_VA":539.65,"MMTVRA_EXP":73.92,"TELECO_VA":1505.43,"TELECO_EXP":852.45,"ITSERV_VA":246.01,"ITSERV_EXP":124.54,"SERFIN_VA":3907.88,"SERFIN_EXP":282.88,"GOBEST_VA":3363.38,"GOBEST_EXP":777.65,"SPRSCT_VA":1529.39,"SPRSCT_EXP":276.7,"SEAEMP_VA":1210.04,"SEAEMP_EXP":292.72,"ADPDEF_VA":6392.5,"ADPDEF_EXP":0.56,"EDUCAC_VA":4451.08,"EDUCAC_EXP":1.13,"SALUDH_VA":2660.12,"SALUDH_EXP":269.23,"ESPARC_VA":542.6,"ESPARC_EXP":59.29,"OTRSER_VA":1746.1,"OTRSER_EXP":443.29,"SERHOG_VA":343.57,"SERHOG_EXP":0.0}},{"type":"Feature","geometry":{"type":"Point","coordinates":[9.54,33.89]},"properties":{"id":"TUN","name":"Túnez","continent":"other","year":1999,"AGRPFO_VA":1789.22,"AGRPFO_EXP":151.97,"FORLOG_VA":211.4,"FORLOG_EXP":0.19,"PESCAC_VA":368.37,"PESCAC_EXP":31.7,"MINCOL_VA":195.76,"MINCOL_EXP":0.09,"PETGAS_VA":692.32,"PETGAS_EXP":697.85,"MINORE_VA":3.5,"MINORE_EXP":0.48,"MINOTH_VA":142.46,"MINOTH_EXP":59.04,"MINSER_VA":47.25,"MINSER_EXP":2.64,"ALYBEB_VA":771.6,"ALYBEB_EXP":459.34,"TEXYPR_VA":1145.92,"TEXYPR_EXP":1631.46,"MADYPR_VA":115.61,"MADYPR_EXP":52.28,"PAPYPR_VA":146.67,"PAPYPR_EXP":151.27,"PETREF_VA":47.72,"PETREF_EXP":110.64,"QUIMYP_VA":141.77,"QUIMYP_EXP":439.22,"FARMED_VA":94.41,"FARMED_EXP":10.41,"HUPLAS_VA":81.85,"HUPLAS_EXP":63.49,"PRNOMT_VA":217.2,"PRNOMT_EXP":37.59,"METBAS_VA":54.01,"METBAS_EXP":7.88,"NONFER_VA":31.12,"NONFER_EXP":10.61,"PRMETA_VA":209.86,"PRMETA_EXP":32.13,"ELCTRO_VA":80.41,"ELCTRO_EXP":112.13,"ELCTRI_VA":586.13,"ELCTRI_EXP":728.36,"MAQYEQ_VA":277.49,"MAQYEQ_EXP":92.36,"AUTOMO_VA":188.85,"AUTOMO_EXP":60.85,"OTRTRA_VA":11.12,"OTRTRA_EXP":29.76,"TRANSP_VA":21.51,"TRANSP_EXP":50.87,"OTRMAN_VA":133.37,"OTRMAN_EXP":145.76,"ELEGAS_VA":273.77,"ELEGAS_EXP":0.21,"AGUBAS_VA":101.31,"AGUBAS_EXP":0.7,"CONSTR_VA":1370.95,"CONSTR_EXP":0.64,"COMREV_VA":1918.68,"COMREV_EXP":587.75,"TRATIE_VA":731.41,"TRATIE_EXP":442.27,"TRAGUA_VA":85.87,"TRAGUA_EXP":158.84,"TRAAIR_VA":98.74,"TRAAIR_EXP":187.45,"ALMSTR_VA":367.9,"ALMSTR_EXP":205.39,"POSTME_VA":151.09,"POSTME_EXP":15.06,"HOTYRE_VA":1243.07,"HOTYRE_EXP":635.26,"MMTVRA_VA":77.03,"MMTVRA_EXP":18.71,"TELECO_VA":521.84,"TELECO_EXP":161.15,"ITSERV_VA":219.73,"ITSERV_EXP":49.37,"SERFIN_VA":814.75,"SERFIN_EXP":77.53,"GOBEST_VA":764.54,"GOBEST_EXP":91.22,"SPRSCT_VA":552.9,"SPRSCT_EXP":155.28,"SEAEMP_VA":420.43,"SEAEMP_EXP":73.07,"ADPDEF_VA":1885.88,"ADPDEF_EXP":0.04,"EDUCAC_VA":1374.63,"EDUCAC_EXP":35.8,"SALUDH_VA":39.32,"SALUDH_EXP":27.33,"ESPARC_VA":25.17,"ESPARC_EXP":28.19,"OTRSER_VA":44.65,"OTRSER_EXP":18.63,"SERHOG_VA":74.13,"SERHOG_EXP":0.0}},{"type":"Feature","geometry":{"type":"Point","coordinates":[35.24,38.96]},"properties":{"id":"TUR","name":"Turquía","continent":"europe","year":1999,"AGRPFO_VA":25097.5,"AGRPFO_EXP":2079.95,"FORLOG_VA":880.05,"FORLOG_EXP":5.11,"PESCAC_VA":888.08,"PESCAC_EXP":23.16,"MINCOL_VA":732.23,"MINCOL_EXP":2.4,"PETGAS_VA":417.7,"PETGAS_EXP":72.61,"MINORE_VA":1112.33,"MINORE_EXP":82.74,"MINOTH_VA":573.45,"MINOTH_EXP":175.86,"MINSER_VA":128.13,"MINSER_EXP":58.4,"ALYBEB_VA":7807.52,"ALYBEB_EXP":2366.25,"TEXYPR_VA":12983.64,"TEXYPR_EXP":7352.42,"MADYPR_VA":438.43,"MADYPR_EXP":71.62,"PAPYPR_VA":1305.13,"PAPYPR_EXP":173.2,"PETREF_VA":1076.61,"PETREF_EXP":885.82,"QUIMYP_VA":2032.65,"QUIMYP_EXP":739.91,"FARMED_VA":1353.14,"FARMED_EXP":109.38,"HUPLAS_VA":1992.08,"HUPLAS_EXP":898.1,"PRNOMT_VA":3222.9,"PRNOMT_EXP":678.29,"METBAS_VA":2576.67,"METBAS_EXP":1265.09,"NONFER_VA":821.82,"NONFER_EXP":410.1,"PRMETA_VA":3257.83,"PRMETA_EXP":613.81,"ELCTRO_VA":872.8,"ELCTRO_EXP":655.73,"ELCTRI_VA":1281.1,"ELCTRI_EXP":767.79,"MAQYEQ_VA":2167.02,"MAQYEQ_EXP":929.67,"AUTOMO_VA":2790.3,"AUTOMO_EXP":1395.73,"OTRTRA_VA":192.31,"OTRTRA_EXP":152.46,"TRANSP_VA":450.1,"TRANSP_EXP":203.25,"OTRMAN_VA":1953.62,"OTRMAN_EXP":1070.45,"ELEGAS_VA":3953.24,"ELEGAS_EXP":51.63,"AGUBAS_VA":1400.61,"AGUBAS_EXP":18.96,"CONSTR_VA":15168.85,"CONSTR_EXP":211.89,"COMREV_VA":30403.17,"COMREV_EXP":5623.79,"TRATIE_VA":19751.41,"TRATIE_EXP":2937.7,"TRAGUA_VA":1364.2,"TRAGUA_EXP":1133.09,"TRAAIR_VA":1452.88,"TRAAIR_EXP":1468.36,"ALMSTR_VA":1749.17,"ALMSTR_EXP":611.97,"POSTME_VA":592.3,"POSTME_EXP":62.3,"HOTYRE_VA":5464.37,"HOTYRE_EXP":1730.68,"MMTVRA_VA":1406.73,"MMTVRA_EXP":398.65,"TELECO_VA":3703.75,"TELECO_EXP":976.41,"ITSERV_VA":526.64,"ITSERV_EXP":181.14,"SERFIN_VA":18383.95,"SERFIN_EXP":2266.98,"GOBEST_VA":17068.75,"GOBEST_EXP":571.25,"SPRSCT_VA":4591.09,"SPRSCT_EXP":1115.12,"SEAEMP_VA":6329.58,"SEAEMP_EXP":2765.81,"ADPDEF_VA":21383.81,"ADPDEF_EXP":2.45,"EDUCAC_VA":1270.95,"EDUCAC_EXP":109.68,"SALUDH_VA":4595.18,"SALUDH_EXP":68.55,"ESPARC_VA":541.74,"ESPARC_EXP":199.23,"OTRSER_VA":2161.46,"OTRSER_EXP":74.94,"SERHOG_VA":84.45,"SERHOG_EXP":0.0}},{"type":"Feature","geometry":{"type":"Point","coordinates":[120.96,23.7]},"properties":{"id":"TWN","name":"Taiwán","continent":"asia","year":1999,"AGRPFO_VA":5608.33,"AGRPFO_EXP":168.42,"FORLOG_VA":53.1,"FORLOG_EXP":11.62,"PESCAC_VA":1512.62,"PESCAC_EXP":336.34,"MINCOL_VA":63.78,"MINCOL_EXP":6.06,"PETGAS_VA":201.91,"PETGAS_EXP":25.36,"MINORE_VA":46.72,"MINORE_EXP":5.22,"MINOTH_VA":404.84,"MINOTH_EXP":5.99,"MINSER_VA":216.5,"MINSER_EXP":8.96,"ALYBEB_VA":4347.04,"ALYBEB_EXP":1694.52,"TEXYPR_VA":5803.49,"TEXYPR_EXP":8404.61,"MADYPR_VA":290.07,"MADYPR_EXP":346.63,"PAPYPR_VA":2215.57,"PAPYPR_EXP":895.31,"PETREF_VA":4058.37,"PETREF_EXP":2954.46,"QUIMYP_VA":5611.44,"QUIMYP_EXP":7531.26,"FARMED_VA":550.13,"FARMED_EXP":166.19,"HUPLAS_VA":4564.23,"HUPLAS_EXP":6416.92,"PRNOMT_VA":2782.82,"PRNOMT_EXP":974.27,"METBAS_VA":3189.74,"METBAS_EXP":4035.73,"NONFER_VA":675.98,"NONFER_EXP":1844.76,"PRMETA_VA":5813.03,"PRMETA_EXP":6583.78,"ELCTRO_VA":20351.55,"ELCTRO_EXP":48648.5,"ELCTRI_VA":2692.32,"ELCTRI_EXP":4397.58,"MAQYEQ_VA":3473.5,"MAQYEQ_EXP":8457.84,"AUTOMO_VA":2859.4,"AUTOMO_EXP":1927.76,"OTRTRA_VA":1951.98,"OTRTRA_EXP":405.09,"TRANSP_VA":1544.1,"TRANSP_EXP":2665.92,"OTRMAN_VA":4476.34,"OTRMAN_EXP":2033.67,"ELEGAS_VA":6253.35,"ELEGAS_EXP":0.78,"AGUBAS_VA":1498.54,"AGUBAS_EXP":3.73,"CONSTR_VA":10581.71,"CONSTR_EXP":73.78,"COMREV_VA":47963.77,"COMREV_EXP":18321.61,"TRATIE_VA":5548.86,"TRATIE_EXP":1895.31,"TRAGUA_VA":1279.95,"TRAGUA_EXP":813.24,"TRAAIR_VA":1680.07,"TRAAIR_EXP":1400.43,"ALMSTR_VA":3687.21,"ALMSTR_EXP":747.08,"POSTME_VA":726.72,"POSTME_EXP":54.52,"HOTYRE_VA":5801.46,"HOTYRE_EXP":802.15,"MMTVRA_VA":2040.05,"MMTVRA_EXP":410.74,"TELECO_VA":6215.31,"TELECO_EXP":393.43,"ITSERV_VA":1695.76,"ITSERV_EXP":144.75,"SERFIN_VA":25002.2,"SERFIN_EXP":993.35,"GOBEST_VA":24170.92,"GOBEST_EXP":79.24,"SPRSCT_VA":8231.26,"SPRSCT_EXP":901.81,"SEAEMP_VA":3837.22,"SEAEMP_EXP":397.44,"ADPDEF_VA":23620.53,"ADPDEF_EXP":0.0,"EDUCAC_VA":12198.18,"EDUCAC_EXP":91.88,"SALUDH_VA":7420.78,"SALUDH_EXP":426.25,"ESPARC_VA":2268.86,"ESPARC_EXP":240.43,"OTRSER_VA":7187.13,"OTRSER_EXP":27.43,"SERHOG_VA":2169.32,"SERHOG_EXP":0.0}},{"type":"Feature","geometry":{"type":"Point","coordinates":[31.17,48.38]},"properties":{"id":"UKR","name":"Ucrania","continent":"europe","year":1999,"AGRPFO_VA":3236.29,"AGRPFO_EXP":360.35,"FORLOG_VA":370.41,"FORLOG_EXP":50.45,"PESCAC_VA":14.46,"PESCAC_EXP":5.23,"MINCOL_VA":547.17,"MINCOL_EXP":222.72,"PETGAS_VA":594.66,"PETGAS_EXP":146.51,"MINORE_VA":573.8,"MINORE_EXP":76.38,"MINOTH_VA":137.99,"MINOTH_EXP":117.69,"MINSER_VA":35.63,"MINSER_EXP":399.51,"ALYBEB_VA":1362.18,"ALYBEB_EXP":1219.12,"TEXYPR_VA":222.1,"TEXYPR_EXP":184.71,"MADYPR_VA":90.09,"MADYPR_EXP":187.93,"PAPYPR_VA":235.01,"PAPYPR_EXP":247.46,"PETREF_VA":313.64,"PETREF_EXP":202.64,"QUIMYP_VA":286.15,"QUIMYP_EXP":464.34,"FARMED_VA":98.45,"FARMED_EXP":51.65,"HUPLAS_VA":173.08,"HUPLAS_EXP":64.24,"PRNOMT_VA":270.07,"PRNOMT_EXP":85.36,"METBAS_VA":654.17,"METBAS_EXP":2011.08,"NONFER_VA":65.3,"NONFER_EXP":130.69,"PRMETA_VA":191.14,"PRMETA_EXP":140.66,"ELCTRO_VA":79.89,"ELCTRO_EXP":115.03,"ELCTRI_VA":217.58,"ELCTRI_EXP":217.93,"MAQYEQ_VA":370.98,"MAQYEQ_EXP":357.52,"AUTOMO_VA":77.67,"AUTOMO_EXP":88.96,"OTRTRA_VA":13.73,"OTRTRA_EXP":41.08,"TRANSP_VA":611.17,"TRANSP_EXP":225.37,"OTRMAN_VA":331.62,"OTRMAN_EXP":444.08,"ELEGAS_VA":1785.14,"ELEGAS_EXP":36.38,"AGUBAS_VA":358.93,"AGUBAS_EXP":3.2,"CONSTR_VA":1127.77,"CONSTR_EXP":15.36,"COMREV_VA":3246.91,"COMREV_EXP":729.81,"TRATIE_VA":1855.34,"TRATIE_EXP":690.69,"TRAGUA_VA":205.67,"TRAGUA_EXP":146.25,"TRAAIR_VA":205.65,"TRAAIR_EXP":261.77,"ALMSTR_VA":913.09,"ALMSTR_EXP":454.49,"POSTME_VA":77.85,"POSTME_EXP":28.13,"HOTYRE_VA":194.36,"HOTYRE_EXP":196.49,"MMTVRA_VA":138.78,"MMTVRA_EXP":56.21,"TELECO_VA":547.5,"TELECO_EXP":85.81,"ITSERV_VA":297.0,"ITSERV_EXP":505.84,"SERFIN_VA":921.99,"SERFIN_EXP":442.42,"GOBEST_VA":1051.82,"GOBEST_EXP":45.82,"SPRSCT_VA":612.75,"SPRSCT_EXP":158.08,"SEAEMP_VA":249.57,"SEAEMP_EXP":56.02,"ADPDEF_VA":1402.23,"ADPDEF_EXP":0.47,"EDUCAC_VA":1273.95,"EDUCAC_EXP":19.67,"SALUDH_VA":804.65,"SALUDH_EXP":9.87,"ESPARC_VA":154.32,"ESPARC_EXP":21.93,"OTRSER_VA":194.19,"OTRSER_EXP":9.32,"SERHOG_VA":0.42,"SERHOG_EXP":0.0}},{"type":"Feature","geometry":{"type":"Point","coordinates":[-95.71,37.09]},"properties":{"id":"USA","name":"Estados Unidos","continent":"america","year":1999,"AGRPFO_VA":99130.9,"AGRPFO_EXP":18336.24,"FORLOG_VA":9075.69,"FORLOG_EXP":1050.57,"PESCAC_VA":2687.31,"PESCAC_EXP":1655.32,"MINCOL_VA":12785.83,"MINCOL_EXP":1841.43,"PETGAS_VA":41957.67,"PETGAS_EXP":2014.4,"MINORE_VA":4332.42,"MINORE_EXP":2568.93,"MINOTH_VA":11296.24,"MINOTH_EXP":1248.2,"MINSER_VA":11201.77,"MINSER_EXP":938.62,"ALYBEB_VA":147322.17,"ALYBEB_EXP":25588.19,"TEXYPR_VA":52412.2,"TEXYPR_EXP":16678.07,"MADYPR_VA":29865.52,"MADYPR_EXP":4079.62,"PAPYPR_VA":103495.02,"PAPYPR_EXP":14725.99,"PETREF_VA":39314.34,"PETREF_EXP":9231.89,"QUIMYP_VA":112776.68,"QUIMYP_EXP":44204.43,"FARMED_VA":78937.92,"FARMED_EXP":11599.7,"HUPLAS_VA":67289.74,"HUPLAS_EXP":13035.02,"PRNOMT_VA":50990.28,"PRNOMT_EXP":5631.6,"METBAS_VA":24214.31,"METBAS_EXP":5228.35,"NONFER_VA":34406.29,"NONFER_EXP":13516.24,"PRMETA_VA":117917.83,"PRMETA_EXP":15690.74,"ELCTRO_VA":190899.92,"ELCTRO_EXP":115906.14,"ELCTRI_VA":45446.22,"ELCTRI_EXP":20513.97,"MAQYEQ_VA":113643.62,"MAQYEQ_EXP":60590.79,"AUTOMO_VA":128630.76,"AUTOMO_EXP":54101.75,"OTRTRA_VA":9079.43,"OTRTRA_EXP":1686.27,"TRANSP_VA":65516.01,"TRANSP_EXP":52570.74,"OTRMAN_VA":100652.5,"OTRMAN_EXP":16233.84,"ELEGAS_VA":158828.83,"ELEGAS_EXP":1747.22,"AGUBAS_VA":29030.05,"AGUBAS_EXP":30.82,"CONSTR_VA":425797.78,"CONSTR_EXP":9.04,"COMREV_VA":1065817.97,"COMREV_EXP":121138.11,"TRATIE_VA":146592.92,"TRATIE_EXP":22578.08,"TRAGUA_VA":6829.86,"TRAGUA_EXP":6201.68,"TRAAIR_VA":49481.64,"TRAAIR_EXP":27044.41,"ALMSTR_VA":53984.02,"ALMSTR_EXP":2167.23,"POSTME_VA":75237.76,"POSTME_EXP":4425.06,"HOTYRE_VA":236808.87,"HOTYRE_EXP":25575.76,"MMTVRA_VA":239540.74,"MMTVRA_EXP":28243.43,"TELECO_VA":190490.58,"TELECO_EXP":9527.74,"ITSERV_VA":131952.04,"ITSERV_EXP":7370.33,"SERFIN_VA":666036.38,"SERFIN_EXP":40012.11,"GOBEST_VA":1047996.59,"GOBEST_EXP":7049.44,"SPRSCT_VA":637576.52,"SPRSCT_EXP":46434.65,"SEAEMP_VA":349695.2,"SEAEMP_EXP":26076.12,"ADPDEF_VA":820139.9,"ADPDEF_EXP":1887.23,"EDUCAC_VA":500606.05,"EDUCAC_EXP":15639.2,"SALUDH_VA":565597.69,"SALUDH_EXP":1330.91,"ESPARC_VA":84712.27,"ESPARC_EXP":3660.83,"OTRSER_VA":161536.41,"OTRSER_EXP":1614.36,"SERHOG_VA":12872.9,"SERHOG_EXP":0.0}},{"type":"Feature","geometry":{"type":"Point","coordinates":[108.28,14.06]},"properties":{"id":"VNM","name":"Vietnam","continent":"asia","year":1999,"AGRPFO_VA":4220.66,"AGRPFO_EXP":568.88,"FORLOG_VA":327.87,"FORLOG_EXP":37.99,"PESCAC_VA":1006.58,"PESCAC_EXP":222.67,"MINCOL_VA":147.17,"MINCOL_EXP":86.61,"PETGAS_VA":2867.61,"PETGAS_EXP":2756.15,"MINORE_VA":27.76,"MINORE_EXP":7.91,"MINOTH_VA":88.21,"MINOTH_EXP":3.95,"MINSER_VA":57.65,"MINSER_EXP":2.54,"ALYBEB_VA":1339.12,"ALYBEB_EXP":1907.86,"TEXYPR_VA":1932.43,"TEXYPR_EXP":2563.24,"MADYPR_VA":138.38,"MADYPR_EXP":293.1,"PAPYPR_VA":198.09,"PAPYPR_EXP":42.92,"PETREF_VA":168.07,"PETREF_EXP":63.14,"QUIMYP_VA":344.51,"QUIMYP_EXP":53.97,"FARMED_VA":89.98,"FARMED_EXP":22.57,"HUPLAS_VA":287.49,"HUPLAS_EXP":46.91,"PRNOMT_VA":487.9,"PRNOMT_EXP":54.27,"METBAS_VA":160.15,"METBAS_EXP":40.84,"NONFER_VA":38.16,"NONFER_EXP":24.48,"PRMETA_VA":299.81,"PRMETA_EXP":729.51,"ELCTRO_VA":369.29,"ELCTRO_EXP":234.47,"ELCTRI_VA":193.55,"ELCTRI_EXP":178.49,"MAQYEQ_VA":150.4,"MAQYEQ_EXP":347.25,"AUTOMO_VA":83.71,"AUTOMO_EXP":3.71,"OTRTRA_VA":5.64,"OTRTRA_EXP":16.98,"TRANSP_VA":67.03,"TRANSP_EXP":4.36,"OTRMAN_VA":450.91,"OTRMAN_EXP":328.16,"ELEGAS_VA":923.99,"ELEGAS_EXP":9.47,"AGUBAS_VA":191.84,"AGUBAS_EXP":0.22,"CONSTR_VA":1699.88,"CONSTR_EXP":2.37,"COMREV_VA":2414.44,"COMREV_EXP":753.7,"TRATIE_VA":377.88,"TRATIE_EXP":235.0,"TRAGUA_VA":137.05,"TRAGUA_EXP":181.15,"TRAAIR_VA":170.48,"TRAAIR_EXP":342.61,"ALMSTR_VA":213.58,"ALMSTR_EXP":192.61,"POSTME_VA":56.39,"POSTME_EXP":66.35,"HOTYRE_VA":807.65,"HOTYRE_EXP":491.77,"MMTVRA_VA":99.97,"MMTVRA_EXP":36.41,"TELECO_VA":353.65,"TELECO_EXP":102.49,"ITSERV_VA":132.48,"ITSERV_EXP":76.01,"SERFIN_VA":652.32,"SERFIN_EXP":257.88,"GOBEST_VA":645.01,"GOBEST_EXP":50.25,"SPRSCT_VA":590.04,"SPRSCT_EXP":124.58,"SEAEMP_VA":171.5,"SEAEMP_EXP":115.95,"ADPDEF_VA":698.4,"ADPDEF_EXP":0.82,"EDUCAC_VA":811.66,"EDUCAC_EXP":19.84,"SALUDH_VA":353.7,"SALUDH_EXP":13.8,"ESPARC_VA":237.88,"ESPARC_EXP":104.57,"OTRSER_VA":213.86,"OTRSER_EXP":14.04,"SERHOG_VA":43.71,"SERHOG_EXP":0.0}},{"type":"Feature","geometry":{"type":"Point","coordinates":[22.94,-30.56]},"properties":{"id":"ZAF","name":"Sudáfrica","continent":"other","year":1999,"AGRPFO_VA":2618.75,"AGRPFO_EXP":783.02,"FORLOG_VA":146.2,"FORLOG_EXP":7.97,"PESCAC_VA":254.61,"PESCAC_EXP":26.54,"MINCOL_VA":1635.42,"MINCOL_EXP":1848.27,"PETGAS_VA":128.69,"PETGAS_EXP":272.65,"MINORE_VA":6586.71,"MINORE_EXP":8602.43,"MINOTH_VA":581.96,"MINOTH_EXP":1002.16,"MINSER_VA":97.02,"MINSER_EXP":5.2,"ALYBEB_VA":3784.71,"ALYBEB_EXP":690.57,"TEXYPR_VA":923.04,"TEXYPR_EXP":135.6,"MADYPR_VA":305.49,"MADYPR_EXP":103.66,"PAPYPR_VA":1271.83,"PAPYPR_EXP":414.17,"PETREF_VA":2056.52,"PETREF_EXP":623.68,"QUIMYP_VA":1741.09,"QUIMYP_EXP":1686.38,"FARMED_VA":308.88,"FARMED_EXP":83.69,"HUPLAS_VA":605.91,"HUPLAS_EXP":145.4,"PRNOMT_VA":877.85,"PRNOMT_EXP":78.94,"METBAS_VA":1524.52,"METBAS_EXP":2420.96,"NONFER_VA":625.74,"NONFER_EXP":1334.5,"PRMETA_VA":1081.64,"PRMETA_EXP":531.25,"ELCTRO_VA":323.26,"ELCTRO_EXP":180.07,"ELCTRI_VA":610.24,"ELCTRI_EXP":305.13,"MAQYEQ_VA":1422.75,"MAQYEQ_EXP":1241.44,"AUTOMO_VA":1707.35,"AUTOMO_EXP":1709.29,"OTRTRA_VA":34.75,"OTRTRA_EXP":50.13,"TRANSP_VA":225.94,"TRANSP_EXP":391.26,"OTRMAN_VA":1172.09,"OTRMAN_EXP":456.67,"ELEGAS_VA":2674.55,"ELEGAS_EXP":32.72,"AGUBAS_VA":1458.23,"AGUBAS_EXP":0.16,"CONSTR_VA":4151.98,"CONSTR_EXP":58.93,"COMREV_VA":12508.61,"COMREV_EXP":2503.49,"TRATIE_VA":3429.57,"TRATIE_EXP":893.12,"TRAGUA_VA":171.96,"TRAGUA_EXP":152.07,"TRAAIR_VA":385.05,"TRAAIR_EXP":494.73,"ALMSTR_VA":1548.55,"ALMSTR_EXP":566.32,"POSTME_VA":252.46,"POSTME_EXP":49.77,"HOTYRE_VA":1422.67,"HOTYRE_EXP":396.99,"MMTVRA_VA":1270.71,"MMTVRA_EXP":187.48,"TELECO_VA":7939.72,"TELECO_EXP":575.72,"ITSERV_VA":2682.58,"ITSERV_EXP":120.17,"SERFIN_VA":20464.68,"SERFIN_EXP":728.16,"GOBEST_VA":9873.64,"GOBEST_EXP":182.36,"SPRSCT_VA":5701.4,"SPRSCT_EXP":125.85,"SEAEMP_VA":3397.34,"SEAEMP_EXP":180.48,"ADPDEF_VA":4835.36,"ADPDEF_EXP":8.24,"EDUCAC_VA":3890.44,"EDUCAC_EXP":333.42,"SALUDH_VA":2911.66,"SALUDH_EXP":38.37,"ESPARC_VA":1752.91,"ESPARC_EXP":92.19,"OTRSER_VA":788.06,"OTRSER_EXP":30.5,"SERHOG_VA":18650.79,"SERHOG_EXP":0.0}}]}