{"type":"FeatureCollection","features":[{"type":"Feature","geometry":{"type":"Point","coordinates":[13.23,-8.84]},"properties":{"id":"AGO","name":"Angola","continent":"other","year":2010,"AGRPFO_VA":4449.28,"AGRPFO_EXP":2.9,"FORLOG_VA":356.2,"FORLOG_EXP":2.11,"PESCAC_VA":576.27,"PESCAC_EXP":22.84,"MINCOL_VA":28.14,"MINCOL_EXP":0.06,"PETGAS_VA":30325.04,"PETGAS_EXP":41221.61,"MINORE_VA":29.63,"MINORE_EXP":0.36,"MINOTH_VA":5263.66,"MINOTH_EXP":4323.66,"MINSER_VA":3413.88,"MINSER_EXP":65.64,"ALYBEB_VA":863.47,"ALYBEB_EXP":254.23,"TEXYPR_VA":416.49,"TEXYPR_EXP":7.73,"MADYPR_VA":18.73,"MADYPR_EXP":0.31,"PAPYPR_VA":68.57,"PAPYPR_EXP":14.92,"PETREF_VA":668.06,"PETREF_EXP":1939.16,"QUIMYP_VA":343.04,"QUIMYP_EXP":604.16,"FARMED_VA":169.34,"FARMED_EXP":1.97,"HUPLAS_VA":91.04,"HUPLAS_EXP":0.5,"PRNOMT_VA":154.43,"PRNOMT_EXP":0.32,"METBAS_VA":51.12,"METBAS_EXP":3.31,"NONFER_VA":12.37,"NONFER_EXP":1.26,"PRMETA_VA":104.59,"PRMETA_EXP":39.27,"ELCTRO_VA":324.43,"ELCTRO_EXP":14.5,"ELCTRI_VA":143.74,"ELCTRI_EXP":20.71,"MAQYEQ_VA":462.17,"MAQYEQ_EXP":41.59,"AUTOMO_VA":376.69,"AUTOMO_EXP":30.88,"OTRTRA_VA":16.89,"OTRTRA_EXP":0.06,"TRANSP_VA":9.74,"TRANSP_EXP":1.65,"OTRMAN_VA":131.29,"OTRMAN_EXP":7.43,"ELEGAS_VA":2476.72,"ELEGAS_EXP":0.24,"AGUBAS_VA":295.6,"AGUBAS_EXP":1.04,"CONSTR_VA":4540.12,"CONSTR_EXP":0.17,"COMREV_VA":6292.13,"COMREV_EXP":1775.44,"TRATIE_VA":590.31,"TRATIE_EXP":251.33,"TRAGUA_VA":288.01,"TRAGUA_EXP":211.11,"TRAAIR_VA":316.91,"TRAAIR_EXP":49.55,"ALMSTR_VA":413.95,"ALMSTR_EXP":96.63,"POSTME_VA":232.33,"POSTME_EXP":0.63,"HOTYRE_VA":1189.58,"HOTYRE_EXP":85.89,"MMTVRA_VA":697.57,"MMTVRA_EXP":13.9,"TELECO_VA":1036.58,"TELECO_EXP":27.36,"ITSERV_VA":671.21,"ITSERV_EXP":51.9,"SERFIN_VA":1905.72,"SERFIN_EXP":89.91,"GOBEST_VA":3391.67,"GOBEST_EXP":17.17,"SPRSCT_VA":1000.59,"SPRSCT_EXP":79.63,"SEAEMP_VA":791.8,"SEAEMP_EXP":138.25,"ADPDEF_VA":4783.04,"ADPDEF_EXP":1.79,"EDUCAC_VA":4049.27,"EDUCAC_EXP":3.86,"SALUDH_VA":967.33,"SALUDH_EXP":3.3,"ESPARC_VA":179.64,"ESPARC_EXP":15.49,"OTRSER_VA":504.97,"OTRSER_EXP":4.56,"SERHOG_VA":0.0,"SERHOG_EXP":0.0}},{"type":"Feature","geometry":{"type":"Point","coordinates":[53.85,23.42]},"properties":{"id":"ARE","name":"Emiratos Árabes","continent":"other","year":2010,"AGRPFO_VA":2893.0,"AGRPFO_EXP":1074.23,"FORLOG_VA":301.77,"FORLOG_EXP":286.77,"PESCAC_VA":308.28,"PESCAC_EXP":364.87,"MINCOL_VA":587.81,"MINCOL_EXP":811.95,"PETGAS_VA":78894.89,"PETGAS_EXP":88521.3,"MINORE_VA":11272.25,"MINORE_EXP":3090.32,"MINOTH_VA":2836.25,"MINOTH_EXP":13227.4,"MINSER_VA":7601.44,"MINSER_EXP":675.26,"ALYBEB_VA":3510.67,"ALYBEB_EXP":4240.87,"TEXYPR_VA":1461.03,"TEXYPR_EXP":879.1,"MADYPR_VA":164.4,"MADYPR_EXP":32.43,"PAPYPR_VA":643.08,"PAPYPR_EXP":459.16,"PETREF_VA":10025.72,"PETREF_EXP":22005.5,"QUIMYP_VA":3300.59,"QUIMYP_EXP":8209.95,"FARMED_VA":1293.69,"FARMED_EXP":486.47,"HUPLAS_VA":805.91,"HUPLAS_EXP":1405.62,"PRNOMT_VA":1420.39,"PRNOMT_EXP":2339.75,"METBAS_VA":453.88,"METBAS_EXP":1438.93,"NONFER_VA":2168.91,"NONFER_EXP":7144.48,"PRMETA_VA":951.21,"PRMETA_EXP":888.02,"ELCTRO_VA":2975.47,"ELCTRO_EXP":144.4,"ELCTRI_VA":1150.11,"ELCTRI_EXP":439.93,"MAQYEQ_VA":1051.98,"MAQYEQ_EXP":362.42,"AUTOMO_VA":1162.56,"AUTOMO_EXP":107.76,"OTRTRA_VA":159.25,"OTRTRA_EXP":174.77,"TRANSP_VA":541.87,"TRANSP_EXP":9.29,"OTRMAN_VA":1736.49,"OTRMAN_EXP":1740.2,"ELEGAS_VA":7709.47,"ELEGAS_EXP":197.35,"AGUBAS_VA":1483.8,"AGUBAS_EXP":19.99,"CONSTR_VA":35636.84,"CONSTR_EXP":296.33,"COMREV_VA":25575.03,"COMREV_EXP":9911.73,"TRATIE_VA":2847.16,"TRATIE_EXP":1518.71,"TRAGUA_VA":1946.26,"TRAGUA_EXP":1541.25,"TRAAIR_VA":2232.01,"TRAAIR_EXP":1383.92,"ALMSTR_VA":2021.42,"ALMSTR_EXP":500.13,"POSTME_VA":1160.63,"POSTME_EXP":79.67,"HOTYRE_VA":4830.17,"HOTYRE_EXP":1238.13,"MMTVRA_VA":3529.07,"MMTVRA_EXP":249.35,"TELECO_VA":5029.6,"TELECO_EXP":352.13,"ITSERV_VA":3022.62,"ITSERV_EXP":134.87,"SERFIN_VA":10181.67,"SERFIN_EXP":648.94,"GOBEST_VA":17214.07,"GOBEST_EXP":954.1,"SPRSCT_VA":5220.12,"SPRSCT_EXP":588.42,"SEAEMP_VA":3878.94,"SEAEMP_EXP":672.12,"ADPDEF_VA":16889.85,"ADPDEF_EXP":27.78,"EDUCAC_VA":3687.56,"EDUCAC_EXP":244.67,"SALUDH_VA":4389.79,"SALUDH_EXP":199.08,"ESPARC_VA":982.72,"ESPARC_EXP":524.64,"OTRSER_VA":2370.61,"OTRSER_EXP":274.8,"SERHOG_VA":1349.27,"SERHOG_EXP":0.0}},{"type":"Feature","geometry":{"type":"Point","coordinates":[-63.62,-38.42]},"properties":{"id":"ARG","name":"Argentina","continent":"america","year":2010,"AGRPFO_VA":29752.91,"AGRPFO_EXP":9237.91,"FORLOG_VA":409.92,"FORLOG_EXP":29.97,"PESCAC_VA":953.37,"PESCAC_EXP":279.72,"MINCOL_VA":13.54,"MINCOL_EXP":2.88,"PETGAS_VA":11800.31,"PETGAS_EXP":2874.51,"MINORE_VA":1296.98,"MINORE_EXP":1651.61,"MINOTH_VA":794.94,"MINOTH_EXP":34.73,"MINSER_VA":1168.01,"MINSER_EXP":20.83,"ALYBEB_VA":20872.69,"ALYBEB_EXP":18464.87,"TEXYPR_VA":5844.41,"TEXYPR_EXP":2141.41,"MADYPR_VA":1266.22,"MADYPR_EXP":239.55,"PAPYPR_VA":4885.38,"PAPYPR_EXP":745.59,"PETREF_VA":2348.16,"PETREF_EXP":2837.66,"QUIMYP_VA":8301.13,"QUIMYP_EXP":3160.06,"FARMED_VA":5326.93,"FARMED_EXP":973.63,"HUPLAS_VA":3637.93,"HUPLAS_EXP":789.34,"PRNOMT_VA":3022.53,"PRNOMT_EXP":200.36,"METBAS_VA":4627.51,"METBAS_EXP":1466.09,"NONFER_VA":905.22,"NONFER_EXP":725.78,"PRMETA_VA":3626.52,"PRMETA_EXP":624.95,"ELCTRO_VA":1391.3,"ELCTRO_EXP":258.93,"ELCTRI_VA":1349.14,"ELCTRI_EXP":292.24,"MAQYEQ_VA":4363.67,"MAQYEQ_EXP":974.1,"AUTOMO_VA":3970.32,"AUTOMO_EXP":6936.19,"OTRTRA_VA":72.14,"OTRTRA_EXP":14.01,"TRANSP_VA":271.49,"TRANSP_EXP":61.84,"OTRMAN_VA":2521.18,"OTRMAN_EXP":336.81,"ELEGAS_VA":4544.18,"ELEGAS_EXP":158.02,"AGUBAS_VA":637.13,"AGUBAS_EXP":17.53,"CONSTR_VA":19570.54,"CONSTR_EXP":0.3,"COMREV_VA":53389.02,"COMREV_EXP":9583.13,"TRATIE_VA":10869.78,"TRATIE_EXP":1307.44,"TRAGUA_VA":278.94,"TRAGUA_EXP":79.86,"TRAAIR_VA":678.18,"TRAAIR_EXP":1251.61,"ALMSTR_VA":3976.16,"ALMSTR_EXP":1117.72,"POSTME_VA":712.83,"POSTME_EXP":51.78,"HOTYRE_VA":8768.23,"HOTYRE_EXP":1856.31,"MMTVRA_VA":983.82,"MMTVRA_EXP":232.69,"TELECO_VA":8683.43,"TELECO_EXP":662.34,"ITSERV_VA":2145.44,"ITSERV_EXP":1320.51,"SERFIN_VA":13986.01,"SERFIN_EXP":253.18,"GOBEST_VA":25790.18,"GOBEST_EXP":230.17,"SPRSCT_VA":16028.09,"SPRSCT_EXP":2750.49,"SEAEMP_VA":5322.2,"SEAEMP_EXP":1042.28,"ADPDEF_VA":25467.48,"ADPDEF_EXP":0.05,"EDUCAC_VA":19824.69,"EDUCAC_EXP":72.98,"SALUDH_VA":16686.23,"SALUDH_EXP":54.18,"ESPARC_VA":1459.52,"ESPARC_EXP":230.41,"OTRSER_VA":5045.06,"OTRSER_EXP":70.45,"SERHOG_VA":5234.06,"SERHOG_EXP":0.0}},{"type":"Feature","geometry":{"type":"Point","coordinates":[133.78,-25.27]},"properties":{"id":"AUS","name":"Australia","continent":"other","year":2010,"AGRPFO_VA":26989.05,"AGRPFO_EXP":7233.01,"FORLOG_VA":1112.21,"FORLOG_EXP":136.12,"PESCAC_VA":1134.86,"PESCAC_EXP":305.17,"MINCOL_VA":23283.91,"MINCOL_EXP":27853.51,"PETGAS_VA":23811.36,"PETGAS_EXP":16759.5,"MINORE_VA":60685.76,"MINORE_EXP":46951.06,"MINOTH_VA":2878.41,"MINOTH_EXP":409.16,"MINSER_VA":7029.08,"MINSER_EXP":146.98,"ALYBEB_VA":21289.97,"ALYBEB_EXP":12998.4,"TEXYPR_VA":2680.84,"TEXYPR_EXP":1033.84,"MADYPR_VA":3708.42,"MADYPR_EXP":815.03,"PAPYPR_VA":6340.85,"PAPYPR_EXP":1290.9,"PETREF_VA":3252.93,"PETREF_EXP":2783.97,"QUIMYP_VA":5128.29,"QUIMYP_EXP":4075.03,"FARMED_VA":3528.32,"FARMED_EXP":2438.92,"HUPLAS_VA":4579.13,"HUPLAS_EXP":1272.12,"PRNOMT_VA":4937.26,"PRNOMT_EXP":465.26,"METBAS_VA":3088.74,"METBAS_EXP":1683.71,"NONFER_VA":4511.65,"NONFER_EXP":29602.79,"PRMETA_VA":10083.82,"PRMETA_EXP":1667.88,"ELCTRO_VA":4950.79,"ELCTRO_EXP":1376.58,"ELCTRI_VA":1112.67,"ELCTRI_EXP":858.96,"MAQYEQ_VA":5166.05,"MAQYEQ_EXP":2536.43,"AUTOMO_VA":4261.32,"AUTOMO_EXP":2242.11,"OTRTRA_VA":1570.64,"OTRTRA_EXP":626.26,"TRANSP_VA":2553.62,"TRANSP_EXP":364.92,"OTRMAN_VA":7058.23,"OTRMAN_EXP":1040.31,"ELEGAS_VA":19243.12,"ELEGAS_EXP":337.18,"AGUBAS_VA":11202.49,"AGUBAS_EXP":8.05,"CONSTR_VA":93678.46,"CONSTR_EXP":969.18,"COMREV_VA":115919.95,"COMREV_EXP":27324.23,"TRATIE_VA":24831.44,"TRATIE_EXP":4301.04,"TRAGUA_VA":2890.81,"TRAGUA_EXP":1241.03,"TRAAIR_VA":5530.31,"TRAAIR_EXP":4982.79,"ALMSTR_VA":21308.92,"ALMSTR_EXP":2461.76,"POSTME_VA":4701.9,"POSTME_EXP":1034.39,"HOTYRE_VA":33548.82,"HOTYRE_EXP":6258.76,"MMTVRA_VA":15003.44,"MMTVRA_EXP":833.27,"TELECO_VA":18628.14,"TELECO_EXP":1436.81,"ITSERV_VA":21786.1,"ITSERV_EXP":1157.01,"SERFIN_VA":102787.37,"SERFIN_EXP":2225.92,"GOBEST_VA":122720.39,"GOBEST_EXP":1158.17,"SPRSCT_VA":61709.68,"SPRSCT_EXP":4469.63,"SEAEMP_VA":43583.59,"SEAEMP_EXP":3729.22,"ADPDEF_VA":65896.78,"ADPDEF_EXP":27.73,"EDUCAC_VA":57278.26,"EDUCAC_EXP":7527.5,"SALUDH_VA":77096.28,"SALUDH_EXP":414.34,"ESPARC_VA":9729.0,"ESPARC_EXP":1629.64,"OTRSER_VA":11293.02,"OTRSER_EXP":532.15,"SERHOG_VA":0.0,"SERHOG_EXP":0.0}},{"type":"Feature","geometry":{"type":"Point","coordinates":[14.55,47.52]},"properties":{"id":"AUT","name":"Austria","continent":"europe","year":2010,"AGRPFO_VA":3727.84,"AGRPFO_EXP":1102.26,"FORLOG_VA":1539.71,"FORLOG_EXP":85.97,"PESCAC_VA":20.27,"PESCAC_EXP":8.01,"MINCOL_VA":24.72,"MINCOL_EXP":4.04,"PETGAS_VA":1024.99,"PETGAS_EXP":333.96,"MINORE_VA":171.28,"MINORE_EXP":277.86,"MINOTH_VA":536.7,"MINOTH_EXP":161.46,"MINSER_VA":58.28,"MINSER_EXP":20.28,"ALYBEB_VA":7352.41,"ALYBEB_EXP":7868.92,"TEXYPR_VA":1574.95,"TEXYPR_EXP":2840.61,"MADYPR_VA":2918.7,"MADYPR_EXP":3502.37,"PAPYPR_VA":4046.67,"PAPYPR_EXP":5689.33,"PETREF_VA":551.11,"PETREF_EXP":3481.06,"QUIMYP_VA":2993.08,"QUIMYP_EXP":11261.73,"FARMED_VA":2465.54,"FARMED_EXP":3568.71,"HUPLAS_VA":2870.49,"HUPLAS_EXP":3802.92,"PRNOMT_VA":3485.84,"PRNOMT_EXP":2401.54,"METBAS_VA":3062.73,"METBAS_EXP":6372.69,"NONFER_VA":1921.72,"NONFER_EXP":4544.68,"PRMETA_VA":6315.36,"PRMETA_EXP":6502.4,"ELCTRO_VA":3277.17,"ELCTRO_EXP":5361.09,"ELCTRI_VA":6903.59,"ELCTRI_EXP":8007.35,"MAQYEQ_VA":8826.19,"MAQYEQ_EXP":15344.7,"AUTOMO_VA":4683.84,"AUTOMO_EXP":11778.35,"OTRTRA_VA":84.95,"OTRTRA_EXP":60.99,"TRANSP_VA":986.98,"TRANSP_EXP":2516.58,"OTRMAN_VA":5823.66,"OTRMAN_EXP":5555.71,"ELEGAS_VA":7806.78,"ELEGAS_EXP":2471.15,"AGUBAS_VA":3744.27,"AGUBAS_EXP":51.89,"CONSTR_VA":23298.77,"CONSTR_EXP":437.71,"COMREV_VA":47528.79,"COMREV_EXP":20754.65,"TRATIE_VA":10119.77,"TRATIE_EXP":8796.27,"TRAGUA_VA":258.21,"TRAGUA_EXP":138.69,"TRAAIR_VA":961.1,"TRAAIR_EXP":2665.71,"ALMSTR_VA":7621.79,"ALMSTR_EXP":2981.08,"POSTME_VA":1822.73,"POSTME_EXP":601.62,"HOTYRE_VA":13940.61,"HOTYRE_EXP":3501.09,"MMTVRA_VA":2647.33,"MMTVRA_EXP":1258.09,"TELECO_VA":3917.39,"TELECO_EXP":1130.44,"ITSERV_VA":5264.81,"ITSERV_EXP":2279.64,"SERFIN_VA":16393.44,"SERFIN_EXP":4706.51,"GOBEST_VA":31355.01,"GOBEST_EXP":1207.69,"SPRSCT_VA":17118.86,"SPRSCT_EXP":5773.36,"SEAEMP_VA":14487.69,"SEAEMP_EXP":1832.12,"ADPDEF_VA":20073.95,"ADPDEF_EXP":127.04,"EDUCAC_VA":20044.25,"EDUCAC_EXP":1080.59,"SALUDH_VA":25361.35,"SALUDH_EXP":417.0,"ESPARC_VA":4345.41,"ESPARC_EXP":1029.53,"OTRSER_VA":5431.38,"OTRSER_EXP":439.9,"SERHOG_VA":203.02,"SERHOG_EXP":0.0}},{"type":"Feature","geometry":{"type":"Point","coordinates":[4.47,50.5]},"properties":{"id":"BEL","name":"Bélgica","continent":"europe","year":2010,"AGRPFO_VA":4179.04,"AGRPFO_EXP":2296.91,"FORLOG_VA":137.82,"FORLOG_EXP":76.83,"PESCAC_VA":69.66,"PESCAC_EXP":41.6,"MINCOL_VA":0.0,"MINCOL_EXP":0.0,"PETGAS_VA":0.0,"PETGAS_EXP":0.0,"MINORE_VA":0.0,"MINORE_EXP":0.0,"MINOTH_VA":390.04,"MINOTH_EXP":242.03,"MINSER_VA":29.27,"MINSER_EXP":17.72,"ALYBEB_VA":9443.62,"ALYBEB_EXP":15850.4,"TEXYPR_VA":2187.33,"TEXYPR_EXP":4648.79,"MADYPR_VA":1124.46,"MADYPR_EXP":1213.49,"PAPYPR_VA":2893.69,"PAPYPR_EXP":2912.25,"PETREF_VA":2347.43,"PETREF_EXP":15826.1,"QUIMYP_VA":9830.76,"QUIMYP_EXP":24125.25,"FARMED_VA":7982.43,"FARMED_EXP":7637.03,"HUPLAS_VA":2650.59,"HUPLAS_EXP":4309.89,"PRNOMT_VA":3168.88,"PRNOMT_EXP":2809.36,"METBAS_VA":2376.14,"METBAS_EXP":9697.58,"NONFER_VA":1468.06,"NONFER_EXP":6281.14,"PRMETA_VA":4847.64,"PRMETA_EXP":3864.01,"ELCTRO_VA":1567.13,"ELCTRO_EXP":2505.07,"ELCTRI_VA":2406.88,"ELCTRI_EXP":3154.94,"MAQYEQ_VA":4268.43,"MAQYEQ_EXP":7406.37,"AUTOMO_VA":4613.78,"AUTOMO_EXP":13590.94,"OTRTRA_VA":20.83,"OTRTRA_EXP":28.65,"TRANSP_VA":732.37,"TRANSP_EXP":550.94,"OTRMAN_VA":3607.89,"OTRMAN_EXP":3354.86,"ELEGAS_VA":8619.37,"ELEGAS_EXP":1419.13,"AGUBAS_VA":4202.99,"AGUBAS_EXP":238.42,"CONSTR_VA":24713.51,"CONSTR_EXP":2039.28,"COMREV_VA":56151.01,"COMREV_EXP":32347.27,"TRATIE_VA":9826.24,"TRATIE_EXP":9263.52,"TRAGUA_VA":1076.43,"TRAGUA_EXP":5044.98,"TRAAIR_VA":723.46,"TRAAIR_EXP":3371.43,"ALMSTR_VA":13346.14,"ALMSTR_EXP":16888.71,"POSTME_VA":2804.5,"POSTME_EXP":781.77,"HOTYRE_VA":8194.78,"HOTYRE_EXP":1730.52,"MMTVRA_VA":3746.81,"MMTVRA_EXP":2310.91,"TELECO_VA":7927.57,"TELECO_EXP":3445.19,"ITSERV_VA":7307.4,"ITSERV_EXP":2184.87,"SERFIN_VA":26415.23,"SERFIN_EXP":11625.99,"GOBEST_VA":38508.6,"GOBEST_EXP":351.56,"SPRSCT_VA":40160.59,"SPRSCT_EXP":25895.18,"SEAEMP_VA":17078.87,"SEAEMP_EXP":6310.0,"ADPDEF_VA":34136.84,"ADPDEF_EXP":469.92,"EDUCAC_VA":29048.97,"EDUCAC_EXP":1346.91,"SALUDH_VA":31292.49,"SALUDH_EXP":90.84,"ESPARC_VA":2419.63,"ESPARC_EXP":565.15,"OTRSER_VA":5802.35,"OTRSER_EXP":355.77,"SERHOG_VA":642.2,"SERHOG_EXP":0.0}},{"type":"Feature","geometry":{"type":"Point","coordinates":[90.36,23.68]},"properties":{"id":"BGD","name":"Bangladesh","continent":"asia","year":2010,"AGRPFO_VA":9920.49,"AGRPFO_EXP":877.99,"FORLOG_VA":1994.54,"FORLOG_EXP":42.98,"PESCAC_VA":3079.99,"PESCAC_EXP":36.83,"MINCOL_VA":5.53,"MINCOL_EXP":0.03,"PETGAS_VA":1310.97,"PETGAS_EXP":47.96,"MINORE_VA":5.22,"MINORE_EXP":0.04,"MINOTH_VA":59.38,"MINOTH_EXP":2.73,"MINSER_VA":47.81,"MINSER_EXP":6.85,"ALYBEB_VA":3592.03,"ALYBEB_EXP":1728.17,"TEXYPR_VA":13588.3,"TEXYPR_EXP":9456.88,"MADYPR_VA":29.22,"MADYPR_EXP":4.97,"PAPYPR_VA":181.05,"PAPYPR_EXP":24.27,"PETREF_VA":27.72,"PETREF_EXP":104.41,"QUIMYP_VA":225.31,"QUIMYP_EXP":55.3,"FARMED_VA":498.61,"FARMED_EXP":38.14,"HUPLAS_VA":1928.83,"HUPLAS_EXP":49.77,"PRNOMT_VA":1591.53,"PRNOMT_EXP":40.2,"METBAS_VA":555.59,"METBAS_EXP":60.93,"NONFER_VA":344.4,"NONFER_EXP":57.19,"PRMETA_VA":147.07,"PRMETA_EXP":22.57,"ELCTRO_VA":148.75,"ELCTRO_EXP":25.7,"ELCTRI_VA":275.7,"ELCTRI_EXP":27.62,"MAQYEQ_VA":35.24,"MAQYEQ_EXP":31.21,"AUTOMO_VA":20.64,"AUTOMO_EXP":5.98,"OTRTRA_VA":105.96,"OTRTRA_EXP":29.63,"TRANSP_VA":118.56,"TRANSP_EXP":112.77,"OTRMAN_VA":290.33,"OTRMAN_EXP":32.88,"ELEGAS_VA":1319.16,"ELEGAS_EXP":4.46,"AGUBAS_VA":2110.14,"AGUBAS_EXP":7.24,"CONSTR_VA":8925.93,"CONSTR_EXP":21.42,"COMREV_VA":11446.51,"COMREV_EXP":2334.35,"TRATIE_VA":2992.92,"TRATIE_EXP":157.72,"TRAGUA_VA":883.04,"TRAGUA_EXP":160.08,"TRAAIR_VA":662.2,"TRAAIR_EXP":118.35,"ALMSTR_VA":1081.58,"ALMSTR_EXP":56.09,"POSTME_VA":192.17,"POSTME_EXP":1.05,"HOTYRE_VA":2785.05,"HOTYRE_EXP":33.34,"MMTVRA_VA":661.13,"MMTVRA_EXP":71.56,"TELECO_VA":2071.92,"TELECO_EXP":174.72,"ITSERV_VA":640.49,"ITSERV_EXP":297.8,"SERFIN_VA":4250.08,"SERFIN_EXP":92.68,"GOBEST_VA":5376.36,"GOBEST_EXP":20.82,"SPRSCT_VA":2854.53,"SPRSCT_EXP":639.0,"SEAEMP_VA":2124.73,"SEAEMP_EXP":255.13,"ADPDEF_VA":3594.64,"ADPDEF_EXP":3.08,"EDUCAC_VA":2927.46,"EDUCAC_EXP":4.12,"SALUDH_VA":4422.02,"SALUDH_EXP":3.64,"ESPARC_VA":1266.4,"ESPARC_EXP":25.06,"OTRSER_VA":1866.3,"OTRSER_EXP":9.86,"SERHOG_VA":0.0,"SERHOG_EXP":0.0}},{"type":"Feature","geometry":{"type":"Point","coordinates":[25.49,42.73]},"properties":{"id":"BGR","name":"Bulgaria","continent":"europe","year":2010,"AGRPFO_VA":1843.16,"AGRPFO_EXP":1487.84,"FORLOG_VA":266.08,"FORLOG_EXP":38.82,"PESCAC_VA":15.45,"PESCAC_EXP":7.36,"MINCOL_VA":310.92,"MINCOL_EXP":10.04,"PETGAS_VA":18.57,"PETGAS_EXP":2.01,"MINORE_VA":633.62,"MINORE_EXP":991.72,"MINOTH_VA":80.37,"MINOTH_EXP":115.3,"MINSER_VA":4.14,"MINSER_EXP":3.82,"ALYBEB_VA":1297.65,"ALYBEB_EXP":1358.03,"TEXYPR_VA":767.12,"TEXYPR_EXP":923.72,"MADYPR_VA":136.72,"MADYPR_EXP":175.92,"PAPYPR_VA":290.44,"PAPYPR_EXP":174.0,"PETREF_VA":887.9,"PETREF_EXP":1844.58,"QUIMYP_VA":263.82,"QUIMYP_EXP":776.09,"FARMED_VA":229.42,"FARMED_EXP":255.16,"HUPLAS_VA":232.25,"HUPLAS_EXP":393.15,"PRNOMT_VA":425.67,"PRNOMT_EXP":439.36,"METBAS_VA":347.24,"METBAS_EXP":1022.93,"NONFER_VA":303.2,"NONFER_EXP":1604.88,"PRMETA_VA":507.67,"PRMETA_EXP":464.69,"ELCTRO_VA":61.05,"ELCTRO_EXP":149.79,"ELCTRI_VA":322.87,"ELCTRI_EXP":676.35,"MAQYEQ_VA":391.92,"MAQYEQ_EXP":772.16,"AUTOMO_VA":165.5,"AUTOMO_EXP":251.16,"OTRTRA_VA":19.89,"OTRTRA_EXP":14.9,"TRANSP_VA":61.35,"TRANSP_EXP":89.72,"OTRMAN_VA":502.88,"OTRMAN_EXP":372.58,"ELEGAS_VA":1889.16,"ELEGAS_EXP":466.22,"AGUBAS_VA":450.99,"AGUBAS_EXP":19.17,"CONSTR_VA":3373.82,"CONSTR_EXP":154.12,"COMREV_VA":5546.51,"COMREV_EXP":2471.37,"TRATIE_VA":2193.98,"TRATIE_EXP":1021.06,"TRAGUA_VA":83.08,"TRAGUA_EXP":77.55,"TRAAIR_VA":98.17,"TRAAIR_EXP":294.47,"ALMSTR_VA":627.96,"ALMSTR_EXP":336.5,"POSTME_VA":155.5,"POSTME_EXP":20.19,"HOTYRE_VA":1080.03,"HOTYRE_EXP":1382.18,"MMTVRA_VA":299.05,"MMTVRA_EXP":123.92,"TELECO_VA":1179.92,"TELECO_EXP":263.03,"ITSERV_VA":759.18,"ITSERV_EXP":312.02,"SERFIN_VA":3957.04,"SERFIN_EXP":192.74,"GOBEST_VA":5321.84,"GOBEST_EXP":277.99,"SPRSCT_VA":1696.25,"SPRSCT_EXP":571.53,"SEAEMP_VA":871.86,"SEAEMP_EXP":411.46,"ADPDEF_VA":2850.61,"ADPDEF_EXP":0.04,"EDUCAC_VA":1714.28,"EDUCAC_EXP":71.11,"SALUDH_VA":1571.46,"SALUDH_EXP":70.95,"ESPARC_VA":493.91,"ESPARC_EXP":178.59,"OTRSER_VA":513.57,"OTRSER_EXP":61.03,"SERHOG_VA":61.57,"SERHOG_EXP":0.0}},{"type":"Feature","geometry":{"type":"Point","coordinates":[27.95,53.71]},"properties":{"id":"BLR","name":"Bielorrusia","continent":"europe","year":2010,"AGRPFO_VA":5283.58,"AGRPFO_EXP":475.11,"FORLOG_VA":293.37,"FORLOG_EXP":156.04,"PESCAC_VA":93.13,"PESCAC_EXP":4.17,"MINCOL_VA":10.21,"MINCOL_EXP":0.26,"PETGAS_VA":307.53,"PETGAS_EXP":159.74,"MINORE_VA":10.79,"MINORE_EXP":0.63,"MINOTH_VA":170.19,"MINOTH_EXP":164.0,"MINSER_VA":96.16,"MINSER_EXP":8.18,"ALYBEB_VA":3747.9,"ALYBEB_EXP":4786.8,"TEXYPR_VA":1581.25,"TEXYPR_EXP":788.27,"MADYPR_VA":382.47,"MADYPR_EXP":491.28,"PAPYPR_VA":827.35,"PAPYPR_EXP":330.37,"PETREF_VA":2623.54,"PETREF_EXP":1218.19,"QUIMYP_VA":1441.59,"QUIMYP_EXP":4043.94,"FARMED_VA":369.75,"FARMED_EXP":202.73,"HUPLAS_VA":561.41,"HUPLAS_EXP":1435.82,"PRNOMT_VA":919.85,"PRNOMT_EXP":672.53,"METBAS_VA":586.64,"METBAS_EXP":361.3,"NONFER_VA":350.87,"NONFER_EXP":138.55,"PRMETA_VA":626.42,"PRMETA_EXP":917.8,"ELCTRO_VA":388.66,"ELCTRO_EXP":434.79,"ELCTRI_VA":387.05,"ELCTRI_EXP":690.12,"MAQYEQ_VA":1103.7,"MAQYEQ_EXP":2538.66,"AUTOMO_VA":985.04,"AUTOMO_EXP":1007.12,"OTRTRA_VA":104.8,"OTRTRA_EXP":2.59,"TRANSP_VA":103.63,"TRANSP_EXP":34.41,"OTRMAN_VA":858.67,"OTRMAN_EXP":847.49,"ELEGAS_VA":1994.97,"ELEGAS_EXP":48.86,"AGUBAS_VA":458.56,"AGUBAS_EXP":11.78,"CONSTR_VA":4291.45,"CONSTR_EXP":60.34,"COMREV_VA":5284.57,"COMREV_EXP":1841.86,"TRATIE_VA":1507.14,"TRATIE_EXP":431.45,"TRAGUA_VA":387.69,"TRAGUA_EXP":702.15,"TRAAIR_VA":295.65,"TRAAIR_EXP":987.45,"ALMSTR_VA":450.83,"ALMSTR_EXP":382.16,"POSTME_VA":95.67,"POSTME_EXP":2.67,"HOTYRE_VA":1329.95,"HOTYRE_EXP":116.19,"MMTVRA_VA":342.0,"MMTVRA_EXP":159.39,"TELECO_VA":910.0,"TELECO_EXP":305.35,"ITSERV_VA":330.11,"ITSERV_EXP":363.99,"SERFIN_VA":1988.81,"SERFIN_EXP":267.07,"GOBEST_VA":2262.55,"GOBEST_EXP":62.48,"SPRSCT_VA":1258.4,"SPRSCT_EXP":751.24,"SEAEMP_VA":930.86,"SEAEMP_EXP":270.16,"ADPDEF_VA":2636.53,"ADPDEF_EXP":7.39,"EDUCAC_VA":1793.39,"EDUCAC_EXP":9.23,"SALUDH_VA":2057.66,"SALUDH_EXP":7.23,"ESPARC_VA":311.03,"ESPARC_EXP":40.64,"OTRSER_VA":590.62,"OTRSER_EXP":13.26,"SERHOG_VA":0.0,"SERHOG_EXP":0.0}},{"type":"Feature","geometry":{"type":"Point","coordinates":[-51.93,-14.24]},"properties":{"id":"BRA","name":"Brasil","continent":"america","year":2010,"AGRPFO_VA":82537.3,"AGRPFO_EXP":16800.33,"FORLOG_VA":8072.41,"FORLOG_EXP":419.95,"PESCAC_VA":3630.13,"PESCAC_EXP":63.21,"MINCOL_VA":3876.69,"MINCOL_EXP":4.11,"PETGAS_VA":36159.25,"PETGAS_EXP":15696.88,"MINORE_VA":22266.17,"MINORE_EXP":28689.11,"MINOTH_VA":2471.01,"MINOTH_EXP":412.01,"MINSER_VA":3840.95,"MINSER_EXP":228.18,"ALYBEB_VA":47066.87,"ALYBEB_EXP":30518.97,"TEXYPR_VA":25837.41,"TEXYPR_EXP":3622.3,"MADYPR_VA":4939.9,"MADYPR_EXP":1465.37,"PAPYPR_VA":14054.54,"PAPYPR_EXP":5481.52,"PETREF_VA":12221.93,"PETREF_EXP":3639.79,"QUIMYP_VA":18600.92,"QUIMYP_EXP":7453.65,"FARMED_VA":11002.87,"FARMED_EXP":971.19,"HUPLAS_VA":13521.87,"HUPLAS_EXP":2390.91,"PRNOMT_VA":13578.21,"PRNOMT_EXP":1603.84,"METBAS_VA":10546.74,"METBAS_EXP":7565.33,"NONFER_VA":4707.85,"NONFER_EXP":6696.64,"PRMETA_VA":17152.08,"PRMETA_EXP":1941.32,"ELCTRO_VA":8677.33,"ELCTRO_EXP":2175.08,"ELCTRI_VA":9409.67,"ELCTRI_EXP":2797.15,"MAQYEQ_VA":18431.93,"MAQYEQ_EXP":6035.68,"AUTOMO_VA":38565.93,"AUTOMO_EXP":12905.79,"OTRTRA_VA":2140.59,"OTRTRA_EXP":152.32,"TRANSP_VA":3388.94,"TRANSP_EXP":2471.03,"OTRMAN_VA":23822.95,"OTRMAN_EXP":1946.52,"ELEGAS_VA":37259.63,"ELEGAS_EXP":334.15,"AGUBAS_VA":13884.44,"AGUBAS_EXP":1.4,"CONSTR_VA":120038.62,"CONSTR_EXP":17.3,"COMREV_VA":318354.22,"COMREV_EXP":33866.4,"TRATIE_VA":56843.05,"TRATIE_EXP":4031.2,"TRAGUA_VA":2012.17,"TRAGUA_EXP":1177.81,"TRAAIR_VA":3554.09,"TRAAIR_EXP":1896.75,"ALMSTR_VA":21539.4,"ALMSTR_EXP":3159.47,"POSTME_VA":5081.41,"POSTME_EXP":8.37,"HOTYRE_VA":40893.24,"HOTYRE_EXP":1301.99,"MMTVRA_VA":12982.51,"MMTVRA_EXP":498.45,"TELECO_VA":32219.65,"TELECO_EXP":479.56,"ITSERV_VA":24844.46,"ITSERV_EXP":214.94,"SERFIN_VA":125968.31,"SERFIN_EXP":4793.08,"GOBEST_VA":146192.23,"GOBEST_EXP":103.48,"SPRSCT_VA":75003.25,"SPRSCT_EXP":9391.74,"SEAEMP_VA":69887.29,"SEAEMP_EXP":3794.15,"ADPDEF_VA":185537.5,"ADPDEF_EXP":1177.31,"EDUCAC_VA":88998.7,"EDUCAC_EXP":504.68,"SALUDH_VA":70303.08,"SALUDH_EXP":61.44,"ESPARC_VA":16848.23,"ESPARC_EXP":552.2,"OTRSER_VA":35193.74,"OTRSER_EXP":85.97,"SERHOG_VA":21406.62,"SERHOG_EXP":0.0}},{"type":"Feature","geometry":{"type":"Point","coordinates":[114.73,4.54]},"properties":{"id":"BRN","name":"Brunéi","continent":"asia","year":2010,"AGRPFO_VA":40.14,"AGRPFO_EXP":0.53,"FORLOG_VA":13.79,"FORLOG_EXP":0.05,"PESCAC_VA":39.96,"PESCAC_EXP":0.25,"MINCOL_VA":798.46,"MINCOL_EXP":0.0,"PETGAS_VA":4124.72,"PETGAS_EXP":5906.59,"MINORE_VA":860.26,"MINORE_EXP":0.08,"MINOTH_VA":707.11,"MINOTH_EXP":0.99,"MINSER_VA":594.2,"MINSER_EXP":75.53,"ALYBEB_VA":17.61,"ALYBEB_EXP":1.5,"TEXYPR_VA":23.17,"TEXYPR_EXP":22.44,"MADYPR_VA":2.18,"MADYPR_EXP":0.98,"PAPYPR_VA":8.58,"PAPYPR_EXP":0.29,"PETREF_VA":1689.49,"PETREF_EXP":2364.63,"QUIMYP_VA":13.73,"QUIMYP_EXP":26.09,"FARMED_VA":10.28,"FARMED_EXP":0.2,"HUPLAS_VA":10.5,"HUPLAS_EXP":0.2,"PRNOMT_VA":21.01,"PRNOMT_EXP":1.01,"METBAS_VA":2.85,"METBAS_EXP":1.55,"NONFER_VA":2.31,"NONFER_EXP":0.23,"PRMETA_VA":11.94,"PRMETA_EXP":0.37,"ELCTRO_VA":3.85,"ELCTRO_EXP":0.41,"ELCTRI_VA":6.89,"ELCTRI_EXP":0.1,"MAQYEQ_VA":9.63,"MAQYEQ_EXP":0.16,"AUTOMO_VA":0.0,"AUTOMO_EXP":0.0,"OTRTRA_VA":6.98,"OTRTRA_EXP":0.03,"TRANSP_VA":7.78,"TRANSP_EXP":0.1,"OTRMAN_VA":6.38,"OTRMAN_EXP":0.45,"ELEGAS_VA":85.26,"ELEGAS_EXP":0.29,"AGUBAS_VA":32.49,"AGUBAS_EXP":1.42,"CONSTR_VA":225.9,"CONSTR_EXP":0.34,"COMREV_VA":623.65,"COMREV_EXP":130.31,"TRATIE_VA":134.26,"TRATIE_EXP":18.39,"TRAGUA_VA":118.71,"TRAGUA_EXP":44.58,"TRAAIR_VA":36.23,"TRAAIR_EXP":48.96,"ALMSTR_VA":66.68,"ALMSTR_EXP":33.51,"POSTME_VA":7.19,"POSTME_EXP":9.62,"HOTYRE_VA":133.63,"HOTYRE_EXP":40.71,"MMTVRA_VA":11.64,"MMTVRA_EXP":1.49,"TELECO_VA":221.19,"TELECO_EXP":14.85,"ITSERV_VA":37.62,"ITSERV_EXP":9.53,"SERFIN_VA":611.55,"SERFIN_EXP":25.43,"GOBEST_VA":295.49,"GOBEST_EXP":14.5,"SPRSCT_VA":238.48,"SPRSCT_EXP":110.55,"SEAEMP_VA":92.03,"SEAEMP_EXP":48.9,"ADPDEF_VA":1371.37,"ADPDEF_EXP":0.02,"EDUCAC_VA":359.35,"EDUCAC_EXP":2.35,"SALUDH_VA":159.34,"SALUDH_EXP":1.85,"ESPARC_VA":20.41,"ESPARC_EXP":2.22,"OTRSER_VA":25.97,"OTRSER_EXP":2.55,"SERHOG_VA":18.92,"SERHOG_EXP":0.0}},{"type":"Feature","geometry":{"type":"Point","coordinates":[-106.35,56.13]},"properties":{"id":"CAN","name":"Canadá","continent":"america","year":2010,"AGRPFO_VA":15466.62,"AGRPFO_EXP":12024.3,"FORLOG_VA":5127.56,"FORLOG_EXP":600.01,"PESCAC_VA":1413.99,"PESCAC_EXP":894.13,"MINCOL_VA":3917.48,"MINCOL_EXP":4340.28,"PETGAS_VA":74127.82,"PETGAS_EXP":66107.54,"MINORE_VA":13188.36,"MINORE_EXP":17515.15,"MINOTH_VA":8203.73,"MINOTH_EXP":3352.52,"MINSER_VA":13852.93,"MINSER_EXP":300.14,"ALYBEB_VA":27686.4,"ALYBEB_EXP":15646.47,"TEXYPR_VA":3134.35,"TEXYPR_EXP":2543.62,"MADYPR_VA":6617.59,"MADYPR_EXP":6176.37,"PAPYPR_VA":13089.14,"PAPYPR_EXP":14496.74,"PETREF_VA":6389.88,"PETREF_EXP":14824.85,"QUIMYP_VA":10848.64,"QUIMYP_EXP":15555.4,"FARMED_VA":4650.33,"FARMED_EXP":4269.04,"HUPLAS_VA":8198.16,"HUPLAS_EXP":8330.58,"PRNOMT_VA":7107.16,"PRNOMT_EXP":1763.46,"METBAS_VA":3820.9,"METBAS_EXP":5781.49,"NONFER_VA":6561.83,"NONFER_EXP":20042.8,"PRMETA_VA":13159.23,"PRMETA_EXP":7140.43,"ELCTRO_VA":7843.75,"ELCTRO_EXP":9267.43,"ELCTRI_VA":3576.08,"ELCTRI_EXP":4706.2,"MAQYEQ_VA":11658.83,"MAQYEQ_EXP":14835.56,"AUTOMO_VA":14586.9,"AUTOMO_EXP":37578.6,"OTRTRA_VA":442.07,"OTRTRA_EXP":366.05,"TRANSP_VA":8191.84,"TRANSP_EXP":10810.23,"OTRMAN_VA":13707.45,"OTRMAN_EXP":5648.99,"ELEGAS_VA":32545.51,"ELEGAS_EXP":2690.23,"AGUBAS_VA":7335.82,"AGUBAS_EXP":175.67,"CONSTR_VA":115601.51,"CONSTR_EXP":751.48,"COMREV_VA":165394.32,"COMREV_EXP":48731.3,"TRATIE_VA":36512.03,"TRATIE_EXP":4906.65,"TRAGUA_VA":1553.19,"TRAGUA_EXP":1615.46,"TRAAIR_VA":5511.81,"TRAAIR_EXP":7346.87,"ALMSTR_VA":12938.4,"ALMSTR_EXP":2627.41,"POSTME_VA":7149.42,"POSTME_EXP":1083.54,"HOTYRE_VA":32976.78,"HOTYRE_EXP":5973.68,"MMTVRA_VA":16106.56,"MMTVRA_EXP":3164.78,"TELECO_VA":30515.0,"TELECO_EXP":1739.61,"ITSERV_VA":22467.48,"ITSERV_EXP":6265.91,"SERFIN_VA":108534.46,"SERFIN_EXP":9106.59,"GOBEST_VA":176064.53,"GOBEST_EXP":1123.66,"SPRSCT_VA":65369.83,"SPRSCT_EXP":9070.68,"SEAEMP_VA":49656.19,"SEAEMP_EXP":10518.6,"ADPDEF_VA":110588.48,"ADPDEF_EXP":3438.86,"EDUCAC_VA":84737.71,"EDUCAC_EXP":3211.46,"SALUDH_VA":110140.87,"SALUDH_EXP":675.14,"ESPARC_VA":12271.84,"ESPARC_EXP":2244.3,"OTRSER_VA":20916.47,"OTRSER_EXP":864.47,"SERHOG_VA":2759.66,"SERHOG_EXP":0.0}},{"type":"Feature","geometry":{"type":"Point","coordinates":[8.23,46.82]},"properties":{"id":"CHE","name":"Suiza","continent":"europe","year":2010,"AGRPFO_VA":3568.25,"AGRPFO_EXP":262.7,"FORLOG_VA":362.51,"FORLOG_EXP":78.43,"PESCAC_VA":27.41,"PESCAC_EXP":13.31,"MINCOL_VA":0.0,"MINCOL_EXP":0.0,"PETGAS_VA":3.99,"PETGAS_EXP":5.36,"MINORE_VA":19.87,"MINORE_EXP":6.12,"MINOTH_VA":803.93,"MINOTH_EXP":11.97,"MINSER_VA":22.34,"MINSER_EXP":1.05,"ALYBEB_VA":9688.47,"ALYBEB_EXP":8331.61,"TEXYPR_VA":1206.11,"TEXYPR_EXP":1851.69,"MADYPR_VA":3544.34,"MADYPR_EXP":990.04,"PAPYPR_VA":3729.65,"PAPYPR_EXP":2008.24,"PETREF_VA":276.65,"PETREF_EXP":530.77,"QUIMYP_VA":7781.48,"QUIMYP_EXP":7760.95,"FARMED_VA":21985.95,"FARMED_EXP":28084.77,"HUPLAS_VA":3223.24,"HUPLAS_EXP":4015.45,"PRNOMT_VA":2958.77,"PRNOMT_EXP":1203.62,"METBAS_VA":900.63,"METBAS_EXP":1117.0,"NONFER_VA":791.17,"NONFER_EXP":2342.07,"PRMETA_VA":9817.51,"PRMETA_EXP":5568.57,"ELCTRO_VA":19729.85,"ELCTRO_EXP":24825.83,"ELCTRI_VA":5679.95,"ELCTRI_EXP":9965.49,"MAQYEQ_VA":11797.79,"MAQYEQ_EXP":20550.6,"AUTOMO_VA":749.02,"AUTOMO_EXP":1149.1,"OTRTRA_VA":33.45,"OTRTRA_EXP":8.6,"TRANSP_VA":1274.17,"TRANSP_EXP":1765.16,"OTRMAN_VA":5443.23,"OTRMAN_EXP":5755.0,"ELEGAS_VA":8125.52,"ELEGAS_EXP":5089.17,"AGUBAS_VA":2488.05,"AGUBAS_EXP":18.56,"CONSTR_VA":29388.51,"CONSTR_EXP":385.87,"COMREV_VA":102125.6,"COMREV_EXP":45659.59,"TRATIE_VA":12500.31,"TRATIE_EXP":4173.42,"TRAGUA_VA":471.57,"TRAGUA_EXP":6629.15,"TRAAIR_VA":2039.21,"TRAAIR_EXP":2600.62,"ALMSTR_VA":4749.13,"ALMSTR_EXP":3598.12,"POSTME_VA":4089.72,"POSTME_EXP":1927.39,"HOTYRE_VA":12433.71,"HOTYRE_EXP":5665.54,"MMTVRA_VA":3589.19,"MMTVRA_EXP":5378.87,"TELECO_VA":8000.15,"TELECO_EXP":1086.6,"ITSERV_VA":14312.38,"ITSERV_EXP":9179.81,"SERFIN_VA":62564.52,"SERFIN_EXP":39816.33,"GOBEST_VA":39220.21,"GOBEST_EXP":1082.51,"SPRSCT_VA":39978.76,"SPRSCT_EXP":9362.61,"SEAEMP_VA":16618.7,"SEAEMP_EXP":7325.94,"ADPDEF_VA":48150.53,"ADPDEF_EXP":1429.39,"EDUCAC_VA":3390.66,"EDUCAC_EXP":274.5,"SALUDH_VA":39535.37,"SALUDH_EXP":392.51,"ESPARC_VA":4730.17,"ESPARC_EXP":1727.31,"OTRSER_VA":7812.59,"OTRSER_EXP":284.09,"SERHOG_VA":1900.15,"SERHOG_EXP":0.0}},{"type":"Feature","geometry":{"type":"Point","coordinates":[-71.54,-35.68]},"properties":{"id":"CHL","name":"Chile","continent":"america","year":2010,"AGRPFO_VA":5142.48,"AGRPFO_EXP":5261.58,"FORLOG_VA":1384.15,"FORLOG_EXP":483.63,"PESCAC_VA":1171.0,"PESCAC_EXP":96.11,"MINCOL_VA":31.97,"MINCOL_EXP":0.37,"PETGAS_VA":212.54,"PETGAS_EXP":3.75,"MINORE_VA":24266.98,"MINORE_EXP":31467.86,"MINOTH_VA":894.34,"MINOTH_EXP":217.58,"MINSER_VA":636.62,"MINSER_EXP":138.02,"ALYBEB_VA":8839.79,"ALYBEB_EXP":9535.15,"TEXYPR_VA":765.75,"TEXYPR_EXP":920.88,"MADYPR_VA":729.64,"MADYPR_EXP":1973.3,"PAPYPR_VA":2179.21,"PAPYPR_EXP":1386.38,"PETREF_VA":1697.3,"PETREF_EXP":1171.67,"QUIMYP_VA":2811.06,"QUIMYP_EXP":3083.31,"FARMED_VA":643.37,"FARMED_EXP":217.86,"HUPLAS_VA":966.75,"HUPLAS_EXP":914.38,"PRNOMT_VA":1136.57,"PRNOMT_EXP":168.6,"METBAS_VA":216.78,"METBAS_EXP":426.85,"NONFER_VA":682.52,"NONFER_EXP":571.01,"PRMETA_VA":1993.62,"PRMETA_EXP":688.83,"ELCTRO_VA":3922.57,"ELCTRO_EXP":514.85,"ELCTRI_VA":675.08,"ELCTRI_EXP":690.92,"MAQYEQ_VA":768.86,"MAQYEQ_EXP":805.29,"AUTOMO_VA":0.43,"AUTOMO_EXP":0.05,"OTRTRA_VA":148.27,"OTRTRA_EXP":89.55,"TRANSP_VA":277.42,"TRANSP_EXP":303.79,"OTRMAN_VA":1234.69,"OTRMAN_EXP":464.9,"ELEGAS_VA":5392.5,"ELEGAS_EXP":8.64,"AGUBAS_VA":1473.45,"AGUBAS_EXP":0.37,"CONSTR_VA":12150.39,"CONSTR_EXP":0.71,"COMREV_VA":18856.14,"COMREV_EXP":8100.91,"TRATIE_VA":6413.72,"TRATIE_EXP":1361.1,"TRAGUA_VA":639.04,"TRAGUA_EXP":1472.81,"TRAAIR_VA":1600.9,"TRAAIR_EXP":2800.34,"ALMSTR_VA":2916.45,"ALMSTR_EXP":1075.36,"POSTME_VA":239.32,"POSTME_EXP":39.72,"HOTYRE_VA":4098.91,"HOTYRE_EXP":713.84,"MMTVRA_VA":716.83,"MMTVRA_EXP":92.69,"TELECO_VA":3640.11,"TELECO_EXP":269.17,"ITSERV_VA":2546.83,"ITSERV_EXP":181.91,"SERFIN_VA":9921.52,"SERFIN_EXP":697.11,"GOBEST_VA":17064.46,"GOBEST_EXP":165.98,"SPRSCT_VA":15126.69,"SPRSCT_EXP":763.88,"SEAEMP_VA":8505.84,"SEAEMP_EXP":779.1,"ADPDEF_VA":9188.82,"ADPDEF_EXP":55.73,"EDUCAC_VA":9526.96,"EDUCAC_EXP":34.54,"SALUDH_VA":8044.84,"SALUDH_EXP":28.87,"ESPARC_VA":1163.84,"ESPARC_EXP":117.99,"OTRSER_VA":2752.59,"OTRSER_EXP":58.59,"SERHOG_VA":0.0,"SERHOG_EXP":0.0}},{"type":"Feature","geometry":{"type":"Point","coordinates":[104.2,35.86]},"properties":{"id":"CHN","name":"China","continent":"asia","year":2010,"AGRPFO_VA":452893.63,"AGRPFO_EXP":10405.9,"FORLOG_VA":31825.56,"FORLOG_EXP":44.28,"PESCAC_VA":51721.57,"PESCAC_EXP":873.86,"MINCOL_VA":108845.87,"MINCOL_EXP":1631.58,"PETGAS_VA":106141.3,"PETGAS_EXP":1821.1,"MINORE_VA":47081.39,"MINORE_EXP":766.68,"MINOTH_VA":29342.45,"MINOTH_EXP":1788.27,"MINSER_VA":6825.24,"MINSER_EXP":325.99,"ALYBEB_VA":195151.42,"ALYBEB_EXP":27893.78,"TEXYPR_VA":182771.67,"TEXYPR_EXP":173027.83,"MADYPR_VA":25670.26,"MADYPR_EXP":8164.69,"PAPYPR_VA":54086.89,"PAPYPR_EXP":7575.29,"PETREF_VA":85564.89,"PETREF_EXP":13726.73,"QUIMYP_VA":154765.07,"QUIMYP_EXP":63212.49,"FARMED_VA":43581.55,"FARMED_EXP":7853.64,"HUPLAS_VA":68451.29,"HUPLAS_EXP":29683.73,"PRNOMT_VA":137143.76,"PRNOMT_EXP":20537.09,"METBAS_VA":152154.12,"METBAS_EXP":34264.03,"NONFER_VA":68680.59,"NONFER_EXP":13224.31,"PRMETA_VA":68725.85,"PRMETA_EXP":42105.94,"ELCTRO_VA":170808.2,"ELCTRO_EXP":350579.49,"ELCTRI_VA":112272.67,"ELCTRI_EXP":98477.76,"MAQYEQ_VA":196064.91,"MAQYEQ_EXP":89889.79,"AUTOMO_VA":130520.0,"AUTOMO_EXP":25244.64,"OTRTRA_VA":11599.22,"OTRTRA_EXP":30676.39,"TRANSP_VA":19020.94,"TRANSP_EXP":12396.85,"OTRMAN_VA":50039.11,"OTRMAN_EXP":75105.4,"ELEGAS_VA":124834.03,"ELEGAS_EXP":1076.21,"AGUBAS_VA":26702.57,"AGUBAS_EXP":3.45,"CONSTR_VA":392536.43,"CONSTR_EXP":181.8,"COMREV_VA":487310.84,"COMREV_EXP":61128.06,"TRATIE_VA":194901.1,"TRATIE_EXP":15341.86,"TRAGUA_VA":32272.92,"TRAGUA_EXP":27937.74,"TRAAIR_VA":13225.73,"TRAAIR_EXP":16732.25,"ALMSTR_VA":35346.01,"ALMSTR_EXP":4602.22,"POSTME_VA":10577.45,"POSTME_EXP":72.9,"HOTYRE_VA":109966.25,"HOTYRE_EXP":11265.41,"MMTVRA_VA":15095.58,"MMTVRA_EXP":4870.56,"TELECO_VA":74142.55,"TELECO_EXP":5242.2,"ITSERV_VA":37707.06,"ITSERV_EXP":8608.78,"SERFIN_VA":345591.08,"SERFIN_EXP":5584.51,"GOBEST_VA":314247.22,"GOBEST_EXP":5729.65,"SPRSCT_VA":91502.56,"SPRSCT_EXP":35245.8,"SEAEMP_VA":109902.78,"SEAEMP_EXP":18690.43,"ADPDEF_VA":226738.63,"ADPDEF_EXP":27.71,"EDUCAC_VA":166960.31,"EDUCAC_EXP":662.05,"SALUDH_VA":87769.48,"SALUDH_EXP":814.24,"ESPARC_VA":35848.34,"ESPARC_EXP":2683.57,"OTRSER_VA":83681.28,"OTRSER_EXP":1031.73,"SERHOG_VA":0.0,"SERHOG_EXP":0.0}},{"type":"Feature","geometry":{"type":"Point","coordinates":[-5.55,7.54]},"properties":{"id":"CIV","name":"Costa de Marfil","continent":"other","year":2010,"AGRPFO_VA":6280.12,"AGRPFO_EXP":3533.1,"FORLOG_VA":180.84,"FORLOG_EXP":6.89,"PESCAC_VA":71.76,"PESCAC_EXP":4.43,"MINCOL_VA":1.95,"MINCOL_EXP":5.6,"PETGAS_VA":16.79,"PETGAS_EXP":42.69,"MINORE_VA":54.34,"MINORE_EXP":21.06,"MINOTH_VA":5.24,"MINOTH_EXP":15.64,"MINSER_VA":4.17,"MINSER_EXP":7.74,"ALYBEB_VA":1372.39,"ALYBEB_EXP":2378.19,"TEXYPR_VA":754.39,"TEXYPR_EXP":253.95,"MADYPR_VA":344.28,"MADYPR_EXP":322.79,"PAPYPR_VA":159.1,"PAPYPR_EXP":6.54,"PETREF_VA":536.96,"PETREF_EXP":649.52,"QUIMYP_VA":145.97,"QUIMYP_EXP":192.98,"FARMED_VA":99.36,"FARMED_EXP":4.45,"HUPLAS_VA":170.22,"HUPLAS_EXP":158.0,"PRNOMT_VA":239.1,"PRNOMT_EXP":48.85,"METBAS_VA":20.03,"METBAS_EXP":13.18,"NONFER_VA":20.72,"NONFER_EXP":64.88,"PRMETA_VA":172.22,"PRMETA_EXP":11.69,"ELCTRO_VA":0.0,"ELCTRO_EXP":0.0,"ELCTRI_VA":1.27,"ELCTRI_EXP":0.44,"MAQYEQ_VA":71.82,"MAQYEQ_EXP":52.05,"AUTOMO_VA":30.17,"AUTOMO_EXP":9.73,"OTRTRA_VA":3.24,"OTRTRA_EXP":0.88,"TRANSP_VA":5.53,"TRANSP_EXP":0.34,"OTRMAN_VA":324.38,"OTRMAN_EXP":58.45,"ELEGAS_VA":448.67,"ELEGAS_EXP":158.86,"AGUBAS_VA":77.76,"AGUBAS_EXP":0.33,"CONSTR_VA":570.25,"CONSTR_EXP":8.91,"COMREV_VA":3204.42,"COMREV_EXP":978.96,"TRATIE_VA":558.15,"TRATIE_EXP":190.54,"TRAGUA_VA":44.87,"TRAGUA_EXP":95.95,"TRAAIR_VA":95.9,"TRAAIR_EXP":120.52,"ALMSTR_VA":433.1,"ALMSTR_EXP":127.04,"POSTME_VA":79.19,"POSTME_EXP":26.24,"HOTYRE_VA":148.11,"HOTYRE_EXP":78.06,"MMTVRA_VA":167.41,"MMTVRA_EXP":28.92,"TELECO_VA":317.25,"TELECO_EXP":52.59,"ITSERV_VA":329.73,"ITSERV_EXP":165.2,"SERFIN_VA":892.97,"SERFIN_EXP":93.19,"GOBEST_VA":1478.0,"GOBEST_EXP":15.24,"SPRSCT_VA":379.44,"SPRSCT_EXP":70.29,"SEAEMP_VA":739.0,"SEAEMP_EXP":6.0,"ADPDEF_VA":2278.2,"ADPDEF_EXP":0.02,"EDUCAC_VA":778.74,"EDUCAC_EXP":4.67,"SALUDH_VA":188.9,"SALUDH_EXP":3.06,"ESPARC_VA":42.8,"ESPARC_EXP":8.28,"OTRSER_VA":769.13,"OTRSER_EXP":4.17,"SERHOG_VA":61.4,"SERHOG_EXP":0.0}},{"type":"Feature","geometry":{"type":"Point","coordinates":[12.35,7.37]},"properties":{"id":"CMR","name":"Camerún","continent":"other","year":2010,"AGRPFO_VA":3224.13,"AGRPFO_EXP":1043.45,"FORLOG_VA":1097.2,"FORLOG_EXP":188.68,"PESCAC_VA":440.09,"PESCAC_EXP":4.83,"MINCOL_VA":231.65,"MINCOL_EXP":9.43,"PETGAS_VA":1078.09,"PETGAS_EXP":1078.52,"MINORE_VA":24.96,"MINORE_EXP":0.27,"MINOTH_VA":116.7,"MINOTH_EXP":0.82,"MINSER_VA":139.32,"MINSER_EXP":69.6,"ALYBEB_VA":2111.45,"ALYBEB_EXP":166.12,"TEXYPR_VA":787.55,"TEXYPR_EXP":148.38,"MADYPR_VA":534.97,"MADYPR_EXP":266.12,"PAPYPR_VA":59.61,"PAPYPR_EXP":19.8,"PETREF_VA":233.44,"PETREF_EXP":315.34,"QUIMYP_VA":57.03,"QUIMYP_EXP":83.34,"FARMED_VA":24.83,"FARMED_EXP":0.73,"HUPLAS_VA":30.52,"HUPLAS_EXP":6.74,"PRNOMT_VA":134.62,"PRNOMT_EXP":55.97,"METBAS_VA":8.27,"METBAS_EXP":17.14,"NONFER_VA":39.52,"NONFER_EXP":101.25,"PRMETA_VA":14.34,"PRMETA_EXP":24.87,"ELCTRO_VA":4.2,"ELCTRO_EXP":1.9,"ELCTRI_VA":6.75,"ELCTRI_EXP":2.15,"MAQYEQ_VA":7.64,"MAQYEQ_EXP":4.89,"AUTOMO_VA":5.41,"AUTOMO_EXP":2.3,"OTRTRA_VA":1.0,"OTRTRA_EXP":1.13,"TRANSP_VA":1.51,"TRANSP_EXP":1.16,"OTRMAN_VA":172.9,"OTRMAN_EXP":15.18,"ELEGAS_VA":199.12,"ELEGAS_EXP":0.08,"AGUBAS_VA":182.84,"AGUBAS_EXP":0.34,"CONSTR_VA":1595.74,"CONSTR_EXP":0.31,"COMREV_VA":2860.32,"COMREV_EXP":461.52,"TRATIE_VA":1319.12,"TRATIE_EXP":221.39,"TRAGUA_VA":181.87,"TRAGUA_EXP":94.49,"TRAAIR_VA":197.15,"TRAAIR_EXP":139.79,"ALMSTR_VA":768.88,"ALMSTR_EXP":205.7,"POSTME_VA":257.34,"POSTME_EXP":46.57,"HOTYRE_VA":1436.04,"HOTYRE_EXP":45.67,"MMTVRA_VA":146.79,"MMTVRA_EXP":22.5,"TELECO_VA":246.59,"TELECO_EXP":13.82,"ITSERV_VA":254.37,"ITSERV_EXP":31.56,"SERFIN_VA":449.8,"SERFIN_EXP":115.85,"GOBEST_VA":1209.45,"GOBEST_EXP":13.18,"SPRSCT_VA":816.58,"SPRSCT_EXP":189.48,"SEAEMP_VA":363.58,"SEAEMP_EXP":395.6,"ADPDEF_VA":1283.18,"ADPDEF_EXP":0.78,"EDUCAC_VA":914.98,"EDUCAC_EXP":2.82,"SALUDH_VA":323.17,"SALUDH_EXP":1.92,"ESPARC_VA":243.77,"ESPARC_EXP":107.35,"OTRSER_VA":454.59,"OTRSER_EXP":2.86,"SERHOG_VA":18.08,"SERHOG_EXP":0.0}},{"type":"Feature","geometry":{"type":"Point","coordinates":[21.76,-4.04]},"properties":{"id":"COD","name":"R.D. Congo","continent":"other","year":2010,"AGRPFO_VA":2794.42,"AGRPFO_EXP":175.4,"FORLOG_VA":267.43,"FORLOG_EXP":298.21,"PESCAC_VA":204.36,"PESCAC_EXP":1.44,"MINCOL_VA":6.76,"MINCOL_EXP":1.02,"PETGAS_VA":407.79,"PETGAS_EXP":270.27,"MINORE_VA":3974.13,"MINORE_EXP":4133.24,"MINOTH_VA":114.14,"MINOTH_EXP":111.86,"MINSER_VA":73.92,"MINSER_EXP":2.69,"ALYBEB_VA":2869.7,"ALYBEB_EXP":234.38,"TEXYPR_VA":296.39,"TEXYPR_EXP":16.76,"MADYPR_VA":7.12,"MADYPR_EXP":10.03,"PAPYPR_VA":49.41,"PAPYPR_EXP":5.06,"PETREF_VA":17.36,"PETREF_EXP":59.17,"QUIMYP_VA":27.79,"QUIMYP_EXP":54.92,"FARMED_VA":1.15,"FARMED_EXP":0.42,"HUPLAS_VA":40.71,"HUPLAS_EXP":8.08,"PRNOMT_VA":58.02,"PRNOMT_EXP":14.65,"METBAS_VA":102.35,"METBAS_EXP":263.42,"NONFER_VA":660.86,"NONFER_EXP":1544.6,"PRMETA_VA":26.25,"PRMETA_EXP":11.9,"ELCTRO_VA":0.27,"ELCTRO_EXP":0.49,"ELCTRI_VA":82.01,"ELCTRI_EXP":14.24,"MAQYEQ_VA":2.07,"MAQYEQ_EXP":1.38,"AUTOMO_VA":164.25,"AUTOMO_EXP":28.83,"OTRTRA_VA":8.81,"OTRTRA_EXP":0.15,"TRANSP_VA":0.36,"TRANSP_EXP":0.26,"OTRMAN_VA":95.02,"OTRMAN_EXP":6.64,"ELEGAS_VA":33.71,"ELEGAS_EXP":13.16,"AGUBAS_VA":46.11,"AGUBAS_EXP":0.68,"CONSTR_VA":712.1,"CONSTR_EXP":2.4,"COMREV_VA":1552.69,"COMREV_EXP":351.37,"TRATIE_VA":1417.18,"TRATIE_EXP":592.43,"TRAGUA_VA":106.07,"TRAGUA_EXP":88.94,"TRAAIR_VA":24.23,"TRAAIR_EXP":23.91,"ALMSTR_VA":155.98,"ALMSTR_EXP":68.47,"POSTME_VA":45.95,"POSTME_EXP":5.04,"HOTYRE_VA":264.25,"HOTYRE_EXP":59.28,"MMTVRA_VA":148.7,"MMTVRA_EXP":11.23,"TELECO_VA":297.36,"TELECO_EXP":24.77,"ITSERV_VA":10.04,"ITSERV_EXP":9.06,"SERFIN_VA":375.01,"SERFIN_EXP":76.85,"GOBEST_VA":975.79,"GOBEST_EXP":1.87,"SPRSCT_VA":320.9,"SPRSCT_EXP":36.08,"SEAEMP_VA":219.38,"SEAEMP_EXP":15.56,"ADPDEF_VA":865.39,"ADPDEF_EXP":1.38,"EDUCAC_VA":158.24,"EDUCAC_EXP":2.95,"SALUDH_VA":519.69,"SALUDH_EXP":4.55,"ESPARC_VA":80.08,"ESPARC_EXP":8.99,"OTRSER_VA":147.78,"OTRSER_EXP":3.46,"SERHOG_VA":63.4,"SERHOG_EXP":0.0}},{"type":"Feature","geometry":{"type":"Point","coordinates":[-74.3,4.57]},"properties":{"id":"COL","name":"Colombia","continent":"america","year":2010,"AGRPFO_VA":16639.6,"AGRPFO_EXP":2014.75,"FORLOG_VA":580.46,"FORLOG_EXP":16.1,"PESCAC_VA":465.26,"PESCAC_EXP":14.08,"MINCOL_VA":4417.28,"MINCOL_EXP":4335.4,"PETGAS_VA":16878.29,"PETGAS_EXP":12435.53,"MINORE_VA":2050.06,"MINORE_EXP":1886.8,"MINOTH_VA":713.59,"MINOTH_EXP":21.15,"MINSER_VA":96.25,"MINSER_EXP":31.91,"ALYBEB_VA":12474.23,"ALYBEB_EXP":3190.69,"TEXYPR_VA":4254.04,"TEXYPR_EXP":1102.41,"MADYPR_VA":483.27,"MADYPR_EXP":28.38,"PAPYPR_VA":1924.79,"PAPYPR_EXP":489.15,"PETREF_VA":2784.6,"PETREF_EXP":3314.73,"QUIMYP_VA":4617.41,"QUIMYP_EXP":1977.78,"FARMED_VA":1233.2,"FARMED_EXP":283.46,"HUPLAS_VA":1251.29,"HUPLAS_EXP":602.93,"PRNOMT_VA":3996.22,"PRNOMT_EXP":426.99,"METBAS_VA":1286.52,"METBAS_EXP":1540.45,"NONFER_VA":101.23,"NONFER_EXP":377.22,"PRMETA_VA":952.75,"PRMETA_EXP":203.62,"ELCTRO_VA":945.88,"ELCTRO_EXP":79.62,"ELCTRI_VA":907.45,"ELCTRI_EXP":360.44,"MAQYEQ_VA":1981.11,"MAQYEQ_EXP":385.7,"AUTOMO_VA":1036.51,"AUTOMO_EXP":248.94,"OTRTRA_VA":2.15,"OTRTRA_EXP":2.78,"TRANSP_VA":190.52,"TRANSP_EXP":87.35,"OTRMAN_VA":2574.77,"OTRMAN_EXP":241.15,"ELEGAS_VA":5765.37,"ELEGAS_EXP":75.73,"AGUBAS_VA":3330.81,"AGUBAS_EXP":4.89,"CONSTR_VA":15389.45,"CONSTR_EXP":9.56,"COMREV_VA":22094.92,"COMREV_EXP":2988.98,"TRATIE_VA":10530.41,"TRATIE_EXP":948.64,"TRAGUA_VA":128.87,"TRAGUA_EXP":96.77,"TRAAIR_VA":1253.54,"TRAAIR_EXP":1223.33,"ALMSTR_VA":1885.52,"ALMSTR_EXP":301.46,"POSTME_VA":377.94,"POSTME_EXP":72.66,"HOTYRE_VA":10691.03,"HOTYRE_EXP":691.5,"MMTVRA_VA":1227.91,"MMTVRA_EXP":134.14,"TELECO_VA":6854.6,"TELECO_EXP":258.19,"ITSERV_VA":1438.92,"ITSERV_EXP":75.18,"SERFIN_VA":12248.4,"SERFIN_EXP":125.96,"GOBEST_VA":21864.02,"GOBEST_EXP":115.01,"SPRSCT_VA":8141.29,"SPRSCT_EXP":423.87,"SEAEMP_VA":9492.67,"SEAEMP_EXP":460.64,"ADPDEF_VA":14965.72,"ADPDEF_EXP":96.98,"EDUCAC_VA":11866.88,"EDUCAC_EXP":32.58,"SALUDH_VA":12107.16,"SALUDH_EXP":26.0,"ESPARC_VA":6477.12,"ESPARC_EXP":136.33,"OTRSER_VA":4747.23,"OTRSER_EXP":35.45,"SERHOG_VA":1798.6,"SERHOG_EXP":0.0}},{"type":"Feature","geometry":{"type":"Point","coordinates":[-83.75,9.75]},"properties":{"id":"CRI","name":"Costa Rica","continent":"america","year":2010,"AGRPFO_VA":2092.37,"AGRPFO_EXP":1432.09,"FORLOG_VA":74.91,"FORLOG_EXP":20.22,"PESCAC_VA":33.32,"PESCAC_EXP":5.37,"MINCOL_VA":2.77,"MINCOL_EXP":0.54,"PETGAS_VA":0.55,"PETGAS_EXP":0.09,"MINORE_VA":0.19,"MINORE_EXP":0.05,"MINOTH_VA":138.33,"MINOTH_EXP":3.87,"MINSER_VA":0.15,"MINSER_EXP":0.03,"ALYBEB_VA":1963.38,"ALYBEB_EXP":1726.41,"TEXYPR_VA":176.43,"TEXYPR_EXP":130.61,"MADYPR_VA":50.63,"MADYPR_EXP":26.95,"PAPYPR_VA":313.43,"PAPYPR_EXP":151.78,"PETREF_VA":163.56,"PETREF_EXP":58.85,"QUIMYP_VA":259.6,"QUIMYP_EXP":245.42,"FARMED_VA":71.54,"FARMED_EXP":63.66,"HUPLAS_VA":210.22,"HUPLAS_EXP":387.13,"PRNOMT_VA":315.67,"PRNOMT_EXP":105.0,"METBAS_VA":51.51,"METBAS_EXP":107.05,"NONFER_VA":21.4,"NONFER_EXP":61.4,"PRMETA_VA":108.99,"PRMETA_EXP":80.03,"ELCTRO_VA":280.86,"ELCTRO_EXP":135.83,"ELCTRI_VA":184.72,"ELCTRI_EXP":374.75,"MAQYEQ_VA":6.14,"MAQYEQ_EXP":14.97,"AUTOMO_VA":18.84,"AUTOMO_EXP":5.0,"OTRTRA_VA":0.96,"OTRTRA_EXP":1.1,"TRANSP_VA":0.98,"TRANSP_EXP":0.56,"OTRMAN_VA":725.76,"OTRMAN_EXP":972.73,"ELEGAS_VA":615.39,"ELEGAS_EXP":5.36,"AGUBAS_VA":296.97,"AGUBAS_EXP":0.27,"CONSTR_VA":1935.33,"CONSTR_EXP":0.98,"COMREV_VA":7172.72,"COMREV_EXP":1393.82,"TRATIE_VA":1069.49,"TRATIE_EXP":422.35,"TRAGUA_VA":278.36,"TRAGUA_EXP":212.22,"TRAAIR_VA":53.28,"TRAAIR_EXP":113.29,"ALMSTR_VA":273.98,"ALMSTR_EXP":166.25,"POSTME_VA":56.74,"POSTME_EXP":13.96,"HOTYRE_VA":981.16,"HOTYRE_EXP":1019.61,"MMTVRA_VA":328.17,"MMTVRA_EXP":73.07,"TELECO_VA":563.99,"TELECO_EXP":257.78,"ITSERV_VA":455.33,"ITSERV_EXP":195.02,"SERFIN_VA":1566.45,"SERFIN_EXP":192.14,"GOBEST_VA":2709.01,"GOBEST_EXP":159.75,"SPRSCT_VA":1481.84,"SPRSCT_EXP":488.43,"SEAEMP_VA":1495.37,"SEAEMP_EXP":658.24,"ADPDEF_VA":1365.29,"ADPDEF_EXP":16.49,"EDUCAC_VA":2361.98,"EDUCAC_EXP":72.33,"SALUDH_VA":2544.65,"SALUDH_EXP":67.8,"ESPARC_VA":188.65,"ESPARC_EXP":185.99,"OTRSER_VA":317.24,"OTRSER_EXP":57.14,"SERHOG_VA":353.21,"SERHOG_EXP":0.0}},{"type":"Feature","geometry":{"type":"Point","coordinates":[33.43,35.13]},"properties":{"id":"CYP","name":"Chipre","continent":"europe","year":2010,"AGRPFO_VA":495.85,"AGRPFO_EXP":86.37,"FORLOG_VA":23.44,"FORLOG_EXP":2.39,"PESCAC_VA":20.24,"PESCAC_EXP":18.33,"MINCOL_VA":0.0,"MINCOL_EXP":0.0,"PETGAS_VA":16.69,"PETGAS_EXP":0.3,"MINORE_VA":16.67,"MINORE_EXP":16.87,"MINOTH_VA":32.91,"MINOTH_EXP":14.12,"MINSER_VA":0.27,"MINSER_EXP":0.12,"ALYBEB_VA":440.81,"ALYBEB_EXP":236.96,"TEXYPR_VA":29.14,"TEXYPR_EXP":9.26,"MADYPR_VA":91.16,"MADYPR_EXP":42.41,"PAPYPR_VA":84.46,"PAPYPR_EXP":17.72,"PETREF_VA":0.46,"PETREF_EXP":0.03,"QUIMYP_VA":40.39,"QUIMYP_EXP":65.7,"FARMED_VA":79.76,"FARMED_EXP":125.45,"HUPLAS_VA":55.49,"HUPLAS_EXP":20.37,"PRNOMT_VA":198.89,"PRNOMT_EXP":9.04,"METBAS_VA":5.42,"METBAS_EXP":11.05,"NONFER_VA":30.42,"NONFER_EXP":36.7,"PRMETA_VA":147.41,"PRMETA_EXP":27.17,"ELCTRO_VA":9.64,"ELCTRO_EXP":68.4,"ELCTRI_VA":24.74,"ELCTRI_EXP":21.73,"MAQYEQ_VA":31.34,"MAQYEQ_EXP":57.67,"AUTOMO_VA":7.46,"AUTOMO_EXP":8.87,"OTRTRA_VA":1.13,"OTRTRA_EXP":0.25,"TRANSP_VA":1.83,"TRANSP_EXP":0.31,"OTRMAN_VA":87.23,"OTRMAN_EXP":64.78,"ELEGAS_VA":346.18,"ELEGAS_EXP":0.01,"AGUBAS_VA":151.6,"AGUBAS_EXP":0.75,"CONSTR_VA":1955.53,"CONSTR_EXP":12.46,"COMREV_VA":2636.03,"COMREV_EXP":379.97,"TRATIE_VA":221.31,"TRATIE_EXP":189.23,"TRAGUA_VA":824.98,"TRAGUA_EXP":643.44,"TRAAIR_VA":35.18,"TRAAIR_EXP":380.1,"ALMSTR_VA":621.72,"ALMSTR_EXP":1005.59,"POSTME_VA":48.49,"POSTME_EXP":25.07,"HOTYRE_VA":1212.3,"HOTYRE_EXP":805.37,"MMTVRA_VA":171.94,"MMTVRA_EXP":135.31,"TELECO_VA":484.99,"TELECO_EXP":128.29,"ITSERV_VA":197.79,"ITSERV_EXP":768.49,"SERFIN_VA":2234.44,"SERFIN_EXP":3844.05,"GOBEST_VA":2179.23,"GOBEST_EXP":108.48,"SPRSCT_VA":1728.19,"SPRSCT_EXP":246.14,"SEAEMP_VA":369.45,"SEAEMP_EXP":185.17,"ADPDEF_VA":2491.58,"ADPDEF_EXP":20.25,"EDUCAC_VA":1501.84,"EDUCAC_EXP":69.89,"SALUDH_VA":904.74,"SALUDH_EXP":30.65,"ESPARC_VA":398.48,"ESPARC_EXP":81.55,"OTRSER_VA":441.73,"OTRSER_EXP":41.61,"SERHOG_VA":279.5,"SERHOG_EXP":0.0}},{"type":"Feature","geometry":{"type":"Point","coordinates":[15.47,49.82]},"properties":{"id":"CZE","name":"Chequia","continent":"europe","year":2010,"AGRPFO_VA":2355.88,"AGRPFO_EXP":1195.81,"FORLOG_VA":1052.74,"FORLOG_EXP":203.77,"PESCAC_VA":31.91,"PESCAC_EXP":14.74,"MINCOL_VA":1809.15,"MINCOL_EXP":457.26,"PETGAS_VA":101.31,"PETGAS_EXP":83.21,"MINORE_VA":66.71,"MINORE_EXP":8.06,"MINOTH_VA":328.44,"MINOTH_EXP":93.79,"MINSER_VA":92.0,"MINSER_EXP":43.76,"ALYBEB_VA":4327.71,"ALYBEB_EXP":3915.59,"TEXYPR_VA":1272.39,"TEXYPR_EXP":1091.12,"MADYPR_VA":1165.8,"MADYPR_EXP":505.14,"PAPYPR_VA":1639.42,"PAPYPR_EXP":781.28,"PETREF_VA":959.91,"PETREF_EXP":625.02,"QUIMYP_VA":1370.59,"QUIMYP_EXP":4505.45,"FARMED_VA":892.77,"FARMED_EXP":668.51,"HUPLAS_VA":3523.45,"HUPLAS_EXP":5470.82,"PRNOMT_VA":2240.27,"PRNOMT_EXP":2460.51,"METBAS_VA":1236.48,"METBAS_EXP":3707.61,"NONFER_VA":333.8,"NONFER_EXP":1142.29,"PRMETA_VA":4603.17,"PRMETA_EXP":6324.36,"ELCTRO_VA":2463.45,"ELCTRO_EXP":11425.05,"ELCTRI_VA":3213.41,"ELCTRI_EXP":8041.23,"MAQYEQ_VA":4307.19,"MAQYEQ_EXP":10330.02,"AUTOMO_VA":8697.61,"AUTOMO_EXP":25335.73,"OTRTRA_VA":7.92,"OTRTRA_EXP":18.05,"TRANSP_VA":865.84,"TRANSP_EXP":1163.01,"OTRMAN_VA":3476.87,"OTRMAN_EXP":1486.69,"ELEGAS_VA":7960.02,"ELEGAS_EXP":955.35,"AGUBAS_VA":2256.82,"AGUBAS_EXP":60.39,"CONSTR_VA":13680.09,"CONSTR_EXP":376.76,"COMREV_VA":20657.78,"COMREV_EXP":9308.67,"TRATIE_VA":6723.25,"TRATIE_EXP":5284.11,"TRAGUA_VA":182.01,"TRAGUA_EXP":53.35,"TRAAIR_VA":347.23,"TRAAIR_EXP":1302.16,"ALMSTR_VA":4362.12,"ALMSTR_EXP":1996.42,"POSTME_VA":897.39,"POSTME_EXP":61.83,"HOTYRE_VA":4081.87,"HOTYRE_EXP":2220.17,"MMTVRA_VA":1762.05,"MMTVRA_EXP":1014.63,"TELECO_VA":3694.9,"TELECO_EXP":651.92,"ITSERV_VA":4039.05,"ITSERV_EXP":1311.05,"SERFIN_VA":8733.26,"SERFIN_EXP":815.62,"GOBEST_VA":19556.45,"GOBEST_EXP":483.28,"SPRSCT_VA":9193.37,"SPRSCT_EXP":3547.36,"SEAEMP_VA":3747.79,"SEAEMP_EXP":815.32,"ADPDEF_VA":12616.98,"ADPDEF_EXP":123.85,"EDUCAC_VA":7996.69,"EDUCAC_EXP":355.33,"SALUDH_VA":8040.74,"SALUDH_EXP":165.55,"ESPARC_VA":2045.33,"ESPARC_EXP":596.06,"OTRSER_VA":2199.1,"OTRSER_EXP":233.76,"SERHOG_VA":135.78,"SERHOG_EXP":0.0}},{"type":"Feature","geometry":{"type":"Point","coordinates":[10.45,51.17]},"properties":{"id":"DEU","name":"Alemania","continent":"europe","year":2010,"AGRPFO_VA":25473.5,"AGRPFO_EXP":6602.99,"FORLOG_VA":2218.16,"FORLOG_EXP":483.45,"PESCAC_VA":333.76,"PESCAC_EXP":139.91,"MINCOL_VA":3307.18,"MINCOL_EXP":232.19,"PETGAS_VA":1270.38,"PETGAS_EXP":957.22,"MINORE_VA":0.0,"MINORE_EXP":0.0,"MINOTH_VA":2417.52,"MINOTH_EXP":1511.85,"MINSER_VA":232.63,"MINSER_EXP":495.78,"ALYBEB_VA":51099.2,"ALYBEB_EXP":40539.71,"TEXYPR_VA":9697.0,"TEXYPR_EXP":11476.12,"MADYPR_VA":8327.86,"MADYPR_EXP":5478.1,"PAPYPR_VA":24624.04,"PAPYPR_EXP":20145.03,"PETREF_VA":13496.96,"PETREF_EXP":18616.44,"QUIMYP_VA":55289.38,"QUIMYP_EXP":91593.33,"FARMED_VA":26558.84,"FARMED_EXP":24276.6,"HUPLAS_VA":31965.9,"HUPLAS_EXP":29703.91,"PRNOMT_VA":19489.82,"PRNOMT_EXP":10779.4,"METBAS_VA":17431.81,"METBAS_EXP":28430.69,"NONFER_VA":8818.82,"NONFER_EXP":29170.98,"PRMETA_VA":59099.05,"PRMETA_EXP":31086.71,"ELCTRO_VA":40743.47,"ELCTRO_EXP":72913.53,"ELCTRI_VA":52410.99,"ELCTRI_EXP":63782.43,"MAQYEQ_VA":104216.36,"MAQYEQ_EXP":126364.82,"AUTOMO_VA":116946.72,"AUTOMO_EXP":182932.41,"OTRTRA_VA":1656.81,"OTRTRA_EXP":4375.96,"TRANSP_VA":11919.9,"TRANSP_EXP":14964.97,"OTRMAN_VA":45597.93,"OTRMAN_EXP":24702.55,"ELEGAS_VA":65760.72,"ELEGAS_EXP":4946.89,"AGUBAS_VA":31996.33,"AGUBAS_EXP":215.26,"CONSTR_VA":129082.8,"CONSTR_EXP":755.31,"COMREV_VA":312493.1,"COMREV_EXP":138990.19,"TRATIE_VA":55659.48,"TRATIE_EXP":20345.9,"TRAGUA_VA":11767.82,"TRAGUA_EXP":30688.28,"TRAAIR_VA":12149.22,"TRAAIR_EXP":24469.84,"ALMSTR_VA":53668.88,"ALMSTR_EXP":11723.12,"POSTME_VA":17874.64,"POSTME_EXP":1902.83,"HOTYRE_VA":46690.97,"HOTYRE_EXP":7170.07,"MMTVRA_VA":35165.47,"MMTVRA_EXP":10434.4,"TELECO_VA":36585.1,"TELECO_EXP":3417.47,"ITSERV_VA":64054.13,"ITSERV_EXP":19713.85,"SERFIN_VA":154646.58,"SERFIN_EXP":35373.21,"GOBEST_VA":349838.15,"GOBEST_EXP":13810.87,"SPRSCT_VA":194562.39,"SPRSCT_EXP":45815.56,"SEAEMP_VA":144965.06,"SEAEMP_EXP":14283.31,"ADPDEF_VA":195294.6,"ADPDEF_EXP":0.0,"EDUCAC_VA":141434.21,"EDUCAC_EXP":2029.44,"SALUDH_VA":237092.97,"SALUDH_EXP":433.43,"ESPARC_VA":36494.46,"ESPARC_EXP":1721.08,"OTRSER_VA":81571.8,"OTRSER_EXP":609.27,"SERHOG_VA":8047.78,"SERHOG_EXP":0.0}},{"type":"Feature","geometry":{"type":"Point","coordinates":[9.5,56.26]},"properties":{"id":"DNK","name":"Dinamarca","continent":"europe","year":2010,"AGRPFO_VA":3706.45,"AGRPFO_EXP":3494.85,"FORLOG_VA":187.1,"FORLOG_EXP":74.73,"PESCAC_VA":411.0,"PESCAC_EXP":487.89,"MINCOL_VA":0.0,"MINCOL_EXP":0.0,"PETGAS_VA":7744.97,"PETGAS_EXP":4513.34,"MINORE_VA":0.0,"MINORE_EXP":0.0,"MINOTH_VA":164.44,"MINOTH_EXP":130.61,"MINSER_VA":317.85,"MINSER_EXP":93.23,"ALYBEB_VA":5827.74,"ALYBEB_EXP":10622.88,"TEXYPR_VA":492.04,"TEXYPR_EXP":635.84,"MADYPR_VA":739.65,"MADYPR_EXP":492.0,"PAPYPR_VA":1318.75,"PAPYPR_EXP":647.86,"PETREF_VA":-187.08,"PETREF_EXP":1745.65,"QUIMYP_VA":2248.01,"QUIMYP_EXP":3776.3,"FARMED_VA":6294.06,"FARMED_EXP":7269.83,"HUPLAS_VA":1552.4,"HUPLAS_EXP":1813.65,"PRNOMT_VA":1209.23,"PRNOMT_EXP":780.44,"METBAS_VA":229.31,"METBAS_EXP":355.53,"NONFER_VA":119.84,"NONFER_EXP":238.52,"PRMETA_VA":2894.47,"PRMETA_EXP":2145.47,"ELCTRO_VA":2740.32,"ELCTRO_EXP":3909.38,"ELCTRI_VA":1257.63,"ELCTRI_EXP":2061.18,"MAQYEQ_VA":6377.47,"MAQYEQ_EXP":10113.58,"AUTOMO_VA":462.93,"AUTOMO_EXP":541.14,"OTRTRA_VA":264.05,"OTRTRA_EXP":328.79,"TRANSP_VA":83.3,"TRANSP_EXP":112.26,"OTRMAN_VA":3600.14,"OTRMAN_EXP":3802.05,"ELEGAS_VA":4638.58,"ELEGAS_EXP":1471.16,"AGUBAS_VA":2488.04,"AGUBAS_EXP":58.0,"CONSTR_VA":13315.47,"CONSTR_EXP":776.45,"COMREV_VA":35824.47,"COMREV_EXP":15878.23,"TRATIE_VA":5909.32,"TRATIE_EXP":4871.61,"TRAGUA_VA":5430.21,"TRAGUA_EXP":28024.63,"TRAAIR_VA":378.16,"TRAAIR_EXP":2796.46,"ALMSTR_VA":4291.19,"ALMSTR_EXP":3393.74,"POSTME_VA":1823.49,"POSTME_EXP":411.55,"HOTYRE_VA":3999.53,"HOTYRE_EXP":1381.63,"MMTVRA_VA":3799.17,"MMTVRA_EXP":1260.45,"TELECO_VA":3516.39,"TELECO_EXP":854.84,"ITSERV_VA":6509.15,"ITSERV_EXP":2303.4,"SERFIN_VA":17219.72,"SERFIN_EXP":2314.83,"GOBEST_VA":29127.15,"GOBEST_EXP":401.7,"SPRSCT_VA":16375.05,"SPRSCT_EXP":5718.19,"SEAEMP_VA":7582.87,"SEAEMP_EXP":3259.73,"ADPDEF_VA":17317.42,"ADPDEF_EXP":125.36,"EDUCAC_VA":18561.77,"EDUCAC_EXP":652.89,"SALUDH_VA":32881.98,"SALUDH_EXP":127.97,"ESPARC_VA":4421.06,"ESPARC_EXP":456.55,"OTRSER_VA":4789.12,"OTRSER_EXP":106.02,"SERHOG_VA":775.03,"SERHOG_EXP":0.0}},{"type":"Feature","geometry":{"type":"Point","coordinates":[30.8,26.82]},"properties":{"id":"EGY","name":"Egipto","continent":"other","year":2010,"AGRPFO_VA":22032.62,"AGRPFO_EXP":2355.75,"FORLOG_VA":3.37,"FORLOG_EXP":1.2,"PESCAC_VA":2174.04,"PESCAC_EXP":16.92,"MINCOL_VA":226.86,"MINCOL_EXP":28.19,"PETGAS_VA":28013.57,"PETGAS_EXP":3664.38,"MINORE_VA":299.23,"MINORE_EXP":34.07,"MINOTH_VA":1398.36,"MINOTH_EXP":269.46,"MINSER_VA":559.02,"MINSER_EXP":10.65,"ALYBEB_VA":7583.19,"ALYBEB_EXP":2318.15,"TEXYPR_VA":2991.46,"TEXYPR_EXP":2244.78,"MADYPR_VA":1271.63,"MADYPR_EXP":70.29,"PAPYPR_VA":1899.28,"PAPYPR_EXP":368.48,"PETREF_VA":4627.55,"PETREF_EXP":2966.14,"QUIMYP_VA":4503.5,"QUIMYP_EXP":2207.97,"FARMED_VA":1088.72,"FARMED_EXP":165.57,"HUPLAS_VA":554.85,"HUPLAS_EXP":415.7,"PRNOMT_VA":3380.64,"PRNOMT_EXP":673.38,"METBAS_VA":1604.95,"METBAS_EXP":1214.54,"NONFER_VA":1731.91,"NONFER_EXP":1519.21,"PRMETA_VA":1415.08,"PRMETA_EXP":456.21,"ELCTRO_VA":214.38,"ELCTRO_EXP":94.4,"ELCTRI_VA":1026.11,"ELCTRI_EXP":844.31,"MAQYEQ_VA":234.71,"MAQYEQ_EXP":137.87,"AUTOMO_VA":577.14,"AUTOMO_EXP":78.63,"OTRTRA_VA":28.8,"OTRTRA_EXP":2.15,"TRANSP_VA":75.36,"TRANSP_EXP":2.93,"OTRMAN_VA":1900.92,"OTRMAN_EXP":383.48,"ELEGAS_VA":2386.13,"ELEGAS_EXP":204.2,"AGUBAS_VA":1306.85,"AGUBAS_EXP":4.18,"CONSTR_VA":10718.96,"CONSTR_EXP":28.15,"COMREV_VA":20403.19,"COMREV_EXP":2503.48,"TRATIE_VA":5777.78,"TRATIE_EXP":2198.77,"TRAGUA_VA":5297.3,"TRAGUA_EXP":4099.33,"TRAAIR_VA":2108.62,"TRAAIR_EXP":793.14,"ALMSTR_VA":7184.03,"ALMSTR_EXP":3406.2,"POSTME_VA":202.32,"POSTME_EXP":120.06,"HOTYRE_VA":7347.16,"HOTYRE_EXP":6725.55,"MMTVRA_VA":803.85,"MMTVRA_EXP":327.47,"TELECO_VA":5835.05,"TELECO_EXP":335.65,"ITSERV_VA":504.33,"ITSERV_EXP":166.45,"SERFIN_VA":11103.99,"SERFIN_EXP":344.52,"GOBEST_VA":15813.31,"GOBEST_EXP":549.88,"SPRSCT_VA":4878.41,"SPRSCT_EXP":1030.14,"SEAEMP_VA":2231.61,"SEAEMP_EXP":1095.11,"ADPDEF_VA":8996.49,"ADPDEF_EXP":263.38,"EDUCAC_VA":9111.7,"EDUCAC_EXP":206.12,"SALUDH_VA":4417.51,"SALUDH_EXP":130.18,"ESPARC_VA":2138.66,"ESPARC_EXP":224.75,"OTRSER_VA":3849.18,"OTRSER_EXP":185.72,"SERHOG_VA":129.33,"SERHOG_EXP":0.0}},{"type":"Feature","geometry":{"type":"Point","coordinates":[-3.75,40.46]},"properties":{"id":"ESP","name":"España","continent":"europe","year":2010,"AGRPFO_VA":31959.06,"AGRPFO_EXP":11133.86,"FORLOG_VA":1302.89,"FORLOG_EXP":147.81,"PESCAC_VA":1720.67,"PESCAC_EXP":291.09,"MINCOL_VA":789.57,"MINCOL_EXP":84.85,"PETGAS_VA":71.67,"PETGAS_EXP":71.01,"MINORE_VA":383.84,"MINORE_EXP":589.1,"MINOTH_VA":2374.06,"MINOTH_EXP":732.58,"MINSER_VA":70.34,"MINSER_EXP":131.38,"ALYBEB_VA":32504.64,"ALYBEB_EXP":19219.02,"TEXYPR_VA":10839.68,"TEXYPR_EXP":9165.57,"MADYPR_VA":2752.74,"MADYPR_EXP":1356.47,"PAPYPR_VA":9614.53,"PAPYPR_EXP":5288.12,"PETREF_VA":2465.2,"PETREF_EXP":14332.21,"QUIMYP_VA":11756.56,"QUIMYP_EXP":19498.34,"FARMED_VA":7527.31,"FARMED_EXP":10216.94,"HUPLAS_VA":7611.79,"HUPLAS_EXP":6911.52,"PRNOMT_VA":8700.79,"PRNOMT_EXP":5129.87,"METBAS_VA":3857.68,"METBAS_EXP":8401.66,"NONFER_VA":2245.64,"NONFER_EXP":5880.26,"PRMETA_VA":15240.26,"PRMETA_EXP":8374.75,"ELCTRO_VA":2938.09,"ELCTRO_EXP":4358.76,"ELCTRI_VA":6566.51,"ELCTRI_EXP":8899.11,"MAQYEQ_VA":8434.98,"MAQYEQ_EXP":10252.92,"AUTOMO_VA":13144.34,"AUTOMO_EXP":37538.29,"OTRTRA_VA":1248.76,"OTRTRA_EXP":645.21,"TRANSP_VA":3722.91,"TRANSP_EXP":5975.23,"OTRMAN_VA":13944.18,"OTRMAN_EXP":5532.96,"ELEGAS_VA":33660.07,"ELEGAS_EXP":689.24,"AGUBAS_VA":13633.03,"AGUBAS_EXP":86.6,"CONSTR_VA":120823.0,"CONSTR_EXP":802.58,"COMREV_VA":161523.22,"COMREV_EXP":45569.61,"TRATIE_VA":33246.4,"TRATIE_EXP":14657.79,"TRAGUA_VA":1180.72,"TRAGUA_EXP":1069.2,"TRAAIR_VA":3027.89,"TRAAIR_EXP":8566.18,"ALMSTR_VA":20583.8,"ALMSTR_EXP":6776.21,"POSTME_VA":3209.88,"POSTME_EXP":246.13,"HOTYRE_VA":81384.08,"HOTYRE_EXP":13394.99,"MMTVRA_VA":11886.27,"MMTVRA_EXP":2929.98,"TELECO_VA":25048.38,"TELECO_EXP":4108.24,"ITSERV_VA":16797.15,"ITSERV_EXP":9124.94,"SERFIN_VA":55711.86,"SERFIN_EXP":6580.84,"GOBEST_VA":145482.76,"GOBEST_EXP":2793.61,"SPRSCT_VA":54992.68,"SPRSCT_EXP":10797.32,"SEAEMP_VA":44662.42,"SEAEMP_EXP":9415.39,"ADPDEF_VA":87456.81,"ADPDEF_EXP":1801.27,"EDUCAC_VA":72349.08,"EDUCAC_EXP":2138.29,"SALUDH_VA":84911.62,"SALUDH_EXP":974.07,"ESPARC_VA":25722.35,"ESPARC_EXP":2311.52,"OTRSER_VA":20556.82,"OTRSER_EXP":1076.78,"SERHOG_VA":14024.94,"SERHOG_EXP":0.0}},{"type":"Feature","geometry":{"type":"Point","coordinates":[25.01,58.6]},"properties":{"id":"EST","name":"Estonia","continent":"europe","year":2010,"AGRPFO_VA":335.88,"AGRPFO_EXP":187.15,"FORLOG_VA":293.56,"FORLOG_EXP":151.57,"PESCAC_VA":37.54,"PESCAC_EXP":25.75,"MINCOL_VA":16.55,"MINCOL_EXP":0.75,"PETGAS_VA":148.36,"PETGAS_EXP":68.85,"MINORE_VA":0.0,"MINORE_EXP":0.0,"MINOTH_VA":51.53,"MINOTH_EXP":11.51,"MINSER_VA":1.23,"MINSER_EXP":2.15,"ALYBEB_VA":392.42,"ALYBEB_EXP":632.97,"TEXYPR_VA":191.88,"TEXYPR_EXP":333.64,"MADYPR_VA":398.14,"MADYPR_EXP":880.68,"PAPYPR_VA":176.27,"PAPYPR_EXP":255.0,"PETREF_VA":114.47,"PETREF_EXP":136.67,"QUIMYP_VA":131.51,"QUIMYP_EXP":386.25,"FARMED_VA":14.62,"FARMED_EXP":39.97,"HUPLAS_VA":103.91,"HUPLAS_EXP":276.6,"PRNOMT_VA":138.28,"PRNOMT_EXP":188.17,"METBAS_VA":1.14,"METBAS_EXP":3.34,"NONFER_VA":12.22,"NONFER_EXP":41.27,"PRMETA_VA":307.2,"PRMETA_EXP":589.9,"ELCTRO_VA":197.43,"ELCTRO_EXP":921.72,"ELCTRI_VA":157.75,"ELCTRI_EXP":336.21,"MAQYEQ_VA":89.95,"MAQYEQ_EXP":161.64,"AUTOMO_VA":123.44,"AUTOMO_EXP":242.56,"OTRTRA_VA":26.38,"OTRTRA_EXP":54.77,"TRANSP_VA":0.53,"TRANSP_EXP":0.28,"OTRMAN_VA":318.19,"OTRMAN_EXP":466.51,"ELEGAS_VA":643.97,"ELEGAS_EXP":310.52,"AGUBAS_VA":193.71,"AGUBAS_EXP":5.18,"CONSTR_VA":1069.28,"CONSTR_EXP":34.06,"COMREV_VA":2079.63,"COMREV_EXP":1125.83,"TRATIE_VA":782.5,"TRATIE_EXP":608.14,"TRAGUA_VA":170.07,"TRAGUA_EXP":451.12,"TRAAIR_VA":17.67,"TRAAIR_EXP":108.87,"ALMSTR_VA":791.0,"ALMSTR_EXP":1353.71,"POSTME_VA":53.24,"POSTME_EXP":53.61,"HOTYRE_VA":270.75,"HOTYRE_EXP":334.99,"MMTVRA_VA":151.66,"MMTVRA_EXP":74.72,"TELECO_VA":428.83,"TELECO_EXP":145.91,"ITSERV_VA":346.47,"ITSERV_EXP":207.37,"SERFIN_VA":881.86,"SERFIN_EXP":212.17,"GOBEST_VA":1657.14,"GOBEST_EXP":72.81,"SPRSCT_VA":932.97,"SPRSCT_EXP":401.04,"SEAEMP_VA":591.29,"SEAEMP_EXP":314.81,"ADPDEF_VA":1198.36,"ADPDEF_EXP":19.58,"EDUCAC_VA":885.93,"EDUCAC_EXP":26.21,"SALUDH_VA":662.66,"SALUDH_EXP":18.03,"ESPARC_VA":246.39,"ESPARC_EXP":52.04,"OTRSER_VA":153.54,"OTRSER_EXP":21.26,"SERHOG_VA":5.78,"SERHOG_EXP":0.0}},{"type":"Feature","geometry":{"type":"Point","coordinates":[25.75,61.92]},"properties":{"id":"FIN","name":"Finlandia","continent":"europe","year":2010,"AGRPFO_VA":2324.16,"AGRPFO_EXP":965.89,"FORLOG_VA":3697.21,"FORLOG_EXP":64.87,"PESCAC_VA":155.14,"PESCAC_EXP":21.31,"MINCOL_VA":232.99,"MINCOL_EXP":12.32,"PETGAS_VA":0.0,"PETGAS_EXP":0.0,"MINORE_VA":391.18,"MINORE_EXP":664.99,"MINOTH_VA":658.18,"MINOTH_EXP":211.98,"MINSER_VA":29.98,"MINSER_EXP":7.75,"ALYBEB_VA":3584.52,"ALYBEB_EXP":1551.57,"TEXYPR_VA":647.67,"TEXYPR_EXP":691.38,"MADYPR_VA":1781.67,"MADYPR_EXP":2664.56,"PAPYPR_VA":5263.5,"PAPYPR_EXP":11449.73,"PETREF_VA":2268.99,"PETREF_EXP":4673.48,"QUIMYP_VA":2366.55,"QUIMYP_EXP":4632.08,"FARMED_VA":1317.96,"FARMED_EXP":1209.66,"HUPLAS_VA":1354.83,"HUPLAS_EXP":1738.75,"PRNOMT_VA":1435.0,"PRNOMT_EXP":748.69,"METBAS_VA":1230.31,"METBAS_EXP":4634.1,"NONFER_VA":599.94,"NONFER_EXP":2358.74,"PRMETA_VA":3122.44,"PRMETA_EXP":1910.31,"ELCTRO_VA":9005.56,"ELCTRO_EXP":7849.39,"ELCTRI_VA":2283.77,"ELCTRI_EXP":3636.83,"MAQYEQ_VA":6003.3,"MAQYEQ_EXP":9509.24,"AUTOMO_VA":557.96,"AUTOMO_EXP":768.68,"OTRTRA_VA":411.3,"OTRTRA_EXP":659.99,"TRANSP_VA":163.38,"TRANSP_EXP":329.01,"OTRMAN_VA":2710.4,"OTRMAN_EXP":1117.7,"ELEGAS_VA":5731.06,"ELEGAS_EXP":317.09,"AGUBAS_VA":2062.45,"AGUBAS_EXP":21.44,"CONSTR_VA":14943.16,"CONSTR_EXP":16.54,"COMREV_VA":21163.41,"COMREV_EXP":8475.58,"TRATIE_VA":6712.14,"TRATIE_EXP":690.54,"TRAGUA_VA":840.88,"TRAGUA_EXP":1214.42,"TRAAIR_VA":795.83,"TRAAIR_EXP":1200.44,"ALMSTR_VA":2662.94,"ALMSTR_EXP":464.04,"POSTME_VA":1316.27,"POSTME_EXP":104.8,"HOTYRE_VA":3713.81,"HOTYRE_EXP":758.31,"MMTVRA_VA":3336.01,"MMTVRA_EXP":1055.32,"TELECO_VA":2988.47,"TELECO_EXP":177.41,"ITSERV_VA":4843.04,"ITSERV_EXP":4259.53,"SERFIN_VA":6510.56,"SERFIN_EXP":622.92,"GOBEST_VA":25023.8,"GOBEST_EXP":221.19,"SPRSCT_VA":10521.85,"SPRSCT_EXP":4009.68,"SEAEMP_VA":7298.91,"SEAEMP_EXP":1670.92,"ADPDEF_VA":14137.23,"ADPDEF_EXP":93.9,"EDUCAC_VA":12693.84,"EDUCAC_EXP":721.8,"SALUDH_VA":20603.08,"SALUDH_EXP":55.71,"ESPARC_VA":2901.06,"ESPARC_EXP":128.54,"OTRSER_VA":3944.99,"OTRSER_EXP":99.05,"SERHOG_VA":239.78,"SERHOG_EXP":0.0}},{"type":"Feature","geometry":{"type":"Point","coordinates":[2.21,46.23]},"properties":{"id":"FRA","name":"Francia","continent":"europe","year":2010,"AGRPFO_VA":38558.83,"AGRPFO_EXP":14380.54,"FORLOG_VA":3212.39,"FORLOG_EXP":463.97,"PESCAC_VA":1345.88,"PESCAC_EXP":577.52,"MINCOL_VA":4.63,"MINCOL_EXP":2.9,"PETGAS_VA":343.02,"PETGAS_EXP":286.69,"MINORE_VA":15.88,"MINORE_EXP":16.0,"MINOTH_VA":3005.97,"MINOTH_EXP":553.92,"MINSER_VA":107.33,"MINSER_EXP":71.17,"ALYBEB_VA":46784.47,"ALYBEB_EXP":32859.05,"TEXYPR_VA":7395.34,"TEXYPR_EXP":7734.29,"MADYPR_VA":4389.13,"MADYPR_EXP":1924.72,"PAPYPR_VA":12301.16,"PAPYPR_EXP":7256.49,"PETREF_VA":4013.13,"PETREF_EXP":15104.74,"QUIMYP_VA":17609.27,"QUIMYP_EXP":46251.46,"FARMED_VA":15962.08,"FARMED_EXP":17591.58,"HUPLAS_VA":13822.0,"HUPLAS_EXP":12873.44,"PRNOMT_VA":11165.1,"PRNOMT_EXP":4779.89,"METBAS_VA":6616.14,"METBAS_EXP":12801.1,"NONFER_VA":3729.34,"NONFER_EXP":7509.67,"PRMETA_VA":28514.39,"PRMETA_EXP":10792.31,"ELCTRO_VA":13436.47,"ELCTRO_EXP":25310.94,"ELCTRI_VA":10734.31,"ELCTRI_EXP":20003.16,"MAQYEQ_VA":17645.72,"MAQYEQ_EXP":31994.04,"AUTOMO_VA":20259.36,"AUTOMO_EXP":41231.19,"OTRTRA_VA":2013.33,"OTRTRA_EXP":2206.01,"TRANSP_VA":15691.6,"TRANSP_EXP":42224.65,"OTRMAN_VA":40217.18,"OTRMAN_EXP":16438.08,"ELEGAS_VA":31856.72,"ELEGAS_EXP":2900.75,"AGUBAS_VA":18282.26,"AGUBAS_EXP":17.06,"CONSTR_VA":150060.34,"CONSTR_EXP":32.0,"COMREV_VA":260821.33,"COMREV_EXP":95055.5,"TRATIE_VA":49706.02,"TRATIE_EXP":16022.63,"TRAGUA_VA":5537.17,"TRAGUA_EXP":14381.47,"TRAAIR_VA":6877.81,"TRAAIR_EXP":15605.08,"ALMSTR_VA":42668.61,"ALMSTR_EXP":6585.91,"POSTME_VA":11224.26,"POSTME_EXP":1235.38,"HOTYRE_VA":53001.3,"HOTYRE_EXP":22307.05,"MMTVRA_VA":29282.83,"MMTVRA_EXP":5912.59,"TELECO_VA":41080.56,"TELECO_EXP":5742.86,"ITSERV_VA":59091.63,"ITSERV_EXP":3490.88,"SERFIN_VA":109501.39,"SERFIN_EXP":16455.52,"GOBEST_VA":329303.5,"GOBEST_EXP":3945.0,"SPRSCT_VA":190398.47,"SPRSCT_EXP":28856.97,"SEAEMP_VA":129061.69,"SEAEMP_EXP":28147.9,"ADPDEF_VA":195762.9,"ADPDEF_EXP":1553.11,"EDUCAC_VA":130640.66,"EDUCAC_EXP":1561.4,"SALUDH_VA":206796.68,"SALUDH_EXP":2011.99,"ESPARC_VA":32668.14,"ESPARC_EXP":3274.22,"OTRSER_VA":37275.91,"OTRSER_EXP":1108.08,"SERHOG_VA":5262.74,"SERHOG_EXP":0.0}},{"type":"Feature","geometry":{"type":"Point","coordinates":[-3.44,55.38]},"properties":{"id":"GBR","name":"Reino Unido","continent":"europe","year":2010,"AGRPFO_VA":13946.7,"AGRPFO_EXP":2308.63,"FORLOG_VA":659.78,"FORLOG_EXP":82.92,"PESCAC_VA":1002.23,"PESCAC_EXP":660.25,"MINCOL_VA":776.07,"MINCOL_EXP":122.12,"PETGAS_VA":34289.06,"PETGAS_EXP":26288.69,"MINORE_VA":0.0,"MINORE_EXP":0.0,"MINOTH_VA":2255.35,"MINOTH_EXP":3170.35,"MINSER_VA":3918.87,"MINSER_EXP":905.89,"ALYBEB_VA":41958.02,"ALYBEB_EXP":18968.1,"TEXYPR_VA":8004.38,"TEXYPR_EXP":5927.36,"MADYPR_VA":3329.68,"MADYPR_EXP":618.87,"PAPYPR_VA":13898.8,"PAPYPR_EXP":3652.82,"PETREF_VA":3675.54,"PETREF_EXP":18769.56,"QUIMYP_VA":12253.34,"QUIMYP_EXP":23983.03,"FARMED_VA":21662.41,"FARMED_EXP":15106.91,"HUPLAS_VA":10787.96,"HUPLAS_EXP":7353.04,"PRNOMT_VA":7551.08,"PRNOMT_EXP":2645.86,"METBAS_VA":3426.48,"METBAS_EXP":5774.37,"NONFER_VA":2963.2,"NONFER_EXP":8554.35,"PRMETA_VA":19357.37,"PRMETA_EXP":7407.18,"ELCTRO_VA":18720.93,"ELCTRO_EXP":11735.01,"ELCTRI_VA":7431.4,"ELCTRI_EXP":7937.83,"MAQYEQ_VA":18738.85,"MAQYEQ_EXP":21827.69,"AUTOMO_VA":15733.43,"AUTOMO_EXP":31226.17,"OTRTRA_VA":2083.1,"OTRTRA_EXP":1277.31,"TRANSP_VA":10400.34,"TRANSP_EXP":19608.28,"OTRMAN_VA":23004.66,"OTRMAN_EXP":10436.15,"ELEGAS_VA":34117.09,"ELEGAS_EXP":467.88,"AGUBAS_VA":31973.7,"AGUBAS_EXP":249.58,"CONSTR_VA":126629.27,"CONSTR_EXP":447.87,"COMREV_VA":251803.11,"COMREV_EXP":60885.97,"TRATIE_VA":40820.72,"TRATIE_EXP":7066.1,"TRAGUA_VA":5762.97,"TRAGUA_EXP":11743.83,"TRAAIR_VA":5135.99,"TRAAIR_EXP":10226.62,"ALMSTR_VA":29622.25,"ALMSTR_EXP":4599.63,"POSTME_VA":16703.89,"POSTME_EXP":1427.82,"HOTYRE_VA":58951.07,"HOTYRE_EXP":8590.79,"MMTVRA_VA":40529.66,"MMTVRA_EXP":15225.97,"TELECO_VA":41175.17,"TELECO_EXP":8133.1,"ITSERV_VA":59024.01,"ITSERV_EXP":15472.98,"SERFIN_VA":223533.07,"SERFIN_EXP":103460.25,"GOBEST_VA":262598.48,"GOBEST_EXP":2098.25,"SPRSCT_VA":160325.62,"SPRSCT_EXP":53252.62,"SEAEMP_VA":94744.2,"SEAEMP_EXP":28261.96,"ADPDEF_VA":131039.11,"ADPDEF_EXP":479.48,"EDUCAC_VA":145153.53,"EDUCAC_EXP":13068.5,"SALUDH_VA":171809.6,"SALUDH_EXP":631.63,"ESPARC_VA":31141.69,"ESPARC_EXP":5789.49,"OTRSER_VA":38589.87,"OTRSER_EXP":630.56,"SERHOG_VA":3336.08,"SERHOG_EXP":0.0}},{"type":"Feature","geometry":{"type":"Point","coordinates":[21.82,39.07]},"properties":{"id":"GRC","name":"Grecia","continent":"europe","year":2010,"AGRPFO_VA":8136.87,"AGRPFO_EXP":1562.4,"FORLOG_VA":65.46,"FORLOG_EXP":6.88,"PESCAC_VA":1013.67,"PESCAC_EXP":396.46,"MINCOL_VA":78.35,"MINCOL_EXP":3.97,"PETGAS_VA":10.13,"PETGAS_EXP":0.22,"MINORE_VA":171.55,"MINORE_EXP":93.49,"MINOTH_VA":978.38,"MINOTH_EXP":233.55,"MINSER_VA":36.59,"MINSER_EXP":11.5,"ALYBEB_VA":7834.54,"ALYBEB_EXP":2466.26,"TEXYPR_VA":1332.17,"TEXYPR_EXP":896.83,"MADYPR_VA":456.51,"MADYPR_EXP":74.93,"PAPYPR_VA":1224.73,"PAPYPR_EXP":248.37,"PETREF_VA":2007.47,"PETREF_EXP":5122.72,"QUIMYP_VA":1068.88,"QUIMYP_EXP":1389.96,"FARMED_VA":1432.34,"FARMED_EXP":888.84,"HUPLAS_VA":978.34,"HUPLAS_EXP":499.02,"PRNOMT_VA":1875.79,"PRNOMT_EXP":377.41,"METBAS_VA":1008.93,"METBAS_EXP":885.53,"NONFER_VA":1075.91,"NONFER_EXP":1411.95,"PRMETA_VA":2221.72,"PRMETA_EXP":630.8,"ELCTRO_VA":350.83,"ELCTRO_EXP":299.93,"ELCTRI_VA":682.49,"ELCTRI_EXP":656.86,"MAQYEQ_VA":695.71,"MAQYEQ_EXP":559.63,"AUTOMO_VA":148.9,"AUTOMO_EXP":74.59,"OTRTRA_VA":130.7,"OTRTRA_EXP":65.75,"TRANSP_VA":161.97,"TRANSP_EXP":42.08,"OTRMAN_VA":1563.28,"OTRMAN_EXP":369.57,"ELEGAS_VA":4815.13,"ELEGAS_EXP":293.3,"AGUBAS_VA":3427.09,"AGUBAS_EXP":24.64,"CONSTR_VA":12254.23,"CONSTR_EXP":33.87,"COMREV_VA":34271.93,"COMREV_EXP":6378.2,"TRATIE_VA":5712.96,"TRATIE_EXP":1407.36,"TRAGUA_VA":9545.11,"TRAGUA_EXP":18906.96,"TRAAIR_VA":739.04,"TRAAIR_EXP":1849.24,"ALMSTR_VA":2928.69,"ALMSTR_EXP":1020.29,"POSTME_VA":874.76,"POSTME_EXP":41.43,"HOTYRE_VA":14034.68,"HOTYRE_EXP":5153.45,"MMTVRA_VA":2143.35,"MMTVRA_EXP":302.64,"TELECO_VA":5383.21,"TELECO_EXP":632.19,"ITSERV_VA":1107.89,"ITSERV_EXP":313.9,"SERFIN_VA":12810.21,"SERFIN_EXP":768.14,"GOBEST_VA":44120.56,"GOBEST_EXP":694.84,"SPRSCT_VA":10521.89,"SPRSCT_EXP":985.82,"SEAEMP_VA":4540.82,"SEAEMP_EXP":1186.39,"ADPDEF_VA":27296.53,"ADPDEF_EXP":25.41,"EDUCAC_VA":15284.13,"EDUCAC_EXP":291.99,"SALUDH_VA":14419.64,"SALUDH_EXP":181.51,"ESPARC_VA":3284.49,"ESPARC_EXP":470.53,"OTRSER_VA":3363.4,"OTRSER_EXP":205.71,"SERHOG_VA":1718.76,"SERHOG_EXP":0.0}},{"type":"Feature","geometry":{"type":"Point","coordinates":[114.11,22.4]},"properties":{"id":"HKG","name":"Hong Kong","continent":"asia","year":2010,"AGRPFO_VA":111.53,"AGRPFO_EXP":10.28,"FORLOG_VA":13.36,"FORLOG_EXP":15.45,"PESCAC_VA":21.92,"PESCAC_EXP":6.71,"MINCOL_VA":0.0,"MINCOL_EXP":0.0,"PETGAS_VA":0.0,"PETGAS_EXP":0.0,"MINORE_VA":0.0,"MINORE_EXP":0.0,"MINOTH_VA":0.0,"MINOTH_EXP":0.0,"MINSER_VA":21.87,"MINSER_EXP":28.62,"ALYBEB_VA":2911.83,"ALYBEB_EXP":5064.32,"TEXYPR_VA":446.58,"TEXYPR_EXP":356.48,"MADYPR_VA":384.16,"MADYPR_EXP":136.26,"PAPYPR_VA":220.84,"PAPYPR_EXP":184.46,"PETREF_VA":60.31,"PETREF_EXP":17.24,"QUIMYP_VA":246.67,"QUIMYP_EXP":676.39,"FARMED_VA":267.22,"FARMED_EXP":101.07,"HUPLAS_VA":29.12,"HUPLAS_EXP":0.06,"PRNOMT_VA":39.93,"PRNOMT_EXP":28.67,"METBAS_VA":34.95,"METBAS_EXP":277.59,"NONFER_VA":19.56,"NONFER_EXP":24.49,"PRMETA_VA":105.78,"PRMETA_EXP":488.19,"ELCTRO_VA":289.11,"ELCTRO_EXP":995.68,"ELCTRI_VA":152.6,"ELCTRI_EXP":732.26,"MAQYEQ_VA":85.89,"MAQYEQ_EXP":320.32,"AUTOMO_VA":78.45,"AUTOMO_EXP":122.19,"OTRTRA_VA":16.51,"OTRTRA_EXP":161.32,"TRANSP_VA":28.57,"TRANSP_EXP":206.11,"OTRMAN_VA":324.9,"OTRMAN_EXP":89.8,"ELEGAS_VA":3911.51,"ELEGAS_EXP":172.89,"AGUBAS_VA":1942.9,"AGUBAS_EXP":29.08,"CONSTR_VA":6935.92,"CONSTR_EXP":94.74,"COMREV_VA":53150.64,"COMREV_EXP":13670.33,"TRATIE_VA":5101.2,"TRATIE_EXP":2924.61,"TRAGUA_VA":4206.41,"TRAGUA_EXP":6192.25,"TRAAIR_VA":6734.42,"TRAAIR_EXP":13972.05,"ALMSTR_VA":314.57,"ALMSTR_EXP":134.81,"POSTME_VA":704.57,"POSTME_EXP":143.63,"HOTYRE_VA":6998.27,"HOTYRE_EXP":7260.91,"MMTVRA_VA":676.78,"MMTVRA_EXP":487.68,"TELECO_VA":6759.12,"TELECO_EXP":2794.31,"ITSERV_VA":2036.2,"ITSERV_EXP":982.12,"SERFIN_VA":34954.93,"SERFIN_EXP":32767.93,"GOBEST_VA":34103.9,"GOBEST_EXP":1619.45,"SPRSCT_VA":5362.67,"SPRSCT_EXP":1682.1,"SEAEMP_VA":3484.11,"SEAEMP_EXP":770.76,"ADPDEF_VA":12797.18,"ADPDEF_EXP":84.85,"EDUCAC_VA":14416.33,"EDUCAC_EXP":1571.18,"SALUDH_VA":8227.32,"SALUDH_EXP":385.53,"ESPARC_VA":1221.48,"ESPARC_EXP":1628.79,"OTRSER_VA":3418.37,"OTRSER_EXP":524.35,"SERHOG_VA":2766.32,"SERHOG_EXP":0.0}},{"type":"Feature","geometry":{"type":"Point","coordinates":[15.2,45.1]},"properties":{"id":"HRV","name":"Croacia","continent":"europe","year":2010,"AGRPFO_VA":1831.09,"AGRPFO_EXP":379.77,"FORLOG_VA":288.98,"FORLOG_EXP":100.82,"PESCAC_VA":111.26,"PESCAC_EXP":67.83,"MINCOL_VA":2.97,"MINCOL_EXP":0.12,"PETGAS_VA":167.09,"PETGAS_EXP":48.47,"MINORE_VA":3.09,"MINORE_EXP":0.15,"MINOTH_VA":132.67,"MINOTH_EXP":42.93,"MINSER_VA":267.79,"MINSER_EXP":85.68,"ALYBEB_VA":2057.71,"ALYBEB_EXP":955.13,"TEXYPR_VA":472.0,"TEXYPR_EXP":262.08,"MADYPR_VA":222.59,"MADYPR_EXP":329.73,"PAPYPR_VA":350.62,"PAPYPR_EXP":138.94,"PETREF_VA":1285.06,"PETREF_EXP":1056.24,"QUIMYP_VA":296.94,"QUIMYP_EXP":480.46,"FARMED_VA":451.2,"FARMED_EXP":212.03,"HUPLAS_VA":205.14,"HUPLAS_EXP":103.52,"PRNOMT_VA":447.82,"PRNOMT_EXP":335.09,"METBAS_VA":58.65,"METBAS_EXP":113.48,"NONFER_VA":64.04,"NONFER_EXP":151.57,"PRMETA_VA":647.51,"PRMETA_EXP":445.99,"ELCTRO_VA":360.75,"ELCTRO_EXP":215.94,"ELCTRI_VA":357.35,"ELCTRI_EXP":454.01,"MAQYEQ_VA":290.58,"MAQYEQ_EXP":301.41,"AUTOMO_VA":83.18,"AUTOMO_EXP":137.77,"OTRTRA_VA":267.29,"OTRTRA_EXP":407.57,"TRANSP_VA":34.06,"TRANSP_EXP":84.92,"OTRMAN_VA":481.19,"OTRMAN_EXP":408.18,"ELEGAS_VA":1183.23,"ELEGAS_EXP":254.33,"AGUBAS_VA":661.29,"AGUBAS_EXP":39.76,"CONSTR_VA":2862.19,"CONSTR_EXP":109.35,"COMREV_VA":6209.34,"COMREV_EXP":1626.04,"TRATIE_VA":1086.47,"TRATIE_EXP":784.14,"TRAGUA_VA":222.96,"TRAGUA_EXP":221.71,"TRAAIR_VA":70.7,"TRAAIR_EXP":169.1,"ALMSTR_VA":986.36,"ALMSTR_EXP":589.87,"POSTME_VA":247.6,"POSTME_EXP":13.91,"HOTYRE_VA":2283.6,"HOTYRE_EXP":2048.97,"MMTVRA_VA":514.97,"MMTVRA_EXP":111.26,"TELECO_VA":1538.57,"TELECO_EXP":357.15,"ITSERV_VA":509.6,"ITSERV_EXP":127.96,"SERFIN_VA":3444.83,"SERFIN_EXP":246.9,"GOBEST_VA":4586.37,"GOBEST_EXP":353.12,"SPRSCT_VA":3214.8,"SPRSCT_EXP":1076.42,"SEAEMP_VA":956.65,"SEAEMP_EXP":240.13,"ADPDEF_VA":4148.42,"ADPDEF_EXP":184.87,"EDUCAC_VA":2560.82,"EDUCAC_EXP":161.63,"SALUDH_VA":2381.87,"SALUDH_EXP":123.08,"ESPARC_VA":810.71,"ESPARC_EXP":317.05,"OTRSER_VA":735.19,"OTRSER_EXP":163.16,"SERHOG_VA":86.92,"SERHOG_EXP":0.0}},{"type":"Feature","geometry":{"type":"Point","coordinates":[19.5,47.16]},"properties":{"id":"HUN","name":"Hungría","continent":"europe","year":2010,"AGRPFO_VA":3953.54,"AGRPFO_EXP":2801.98,"FORLOG_VA":249.84,"FORLOG_EXP":111.76,"PESCAC_VA":21.48,"PESCAC_EXP":13.09,"MINCOL_VA":3.87,"MINCOL_EXP":3.53,"PETGAS_VA":73.08,"PETGAS_EXP":35.2,"MINORE_VA":3.07,"MINORE_EXP":1.44,"MINOTH_VA":125.02,"MINOTH_EXP":27.69,"MINSER_VA":50.29,"MINSER_EXP":38.47,"ALYBEB_VA":2802.3,"ALYBEB_EXP":3760.12,"TEXYPR_VA":599.27,"TEXYPR_EXP":851.09,"MADYPR_VA":323.76,"MADYPR_EXP":504.21,"PAPYPR_VA":798.26,"PAPYPR_EXP":1030.97,"PETREF_VA":2642.83,"PETREF_EXP":2459.23,"QUIMYP_VA":828.64,"QUIMYP_EXP":2998.03,"FARMED_VA":1911.72,"FARMED_EXP":2530.68,"HUPLAS_VA":1414.05,"HUPLAS_EXP":2922.84,"PRNOMT_VA":902.62,"PRNOMT_EXP":1089.73,"METBAS_VA":337.36,"METBAS_EXP":892.02,"NONFER_VA":434.03,"NONFER_EXP":1137.12,"PRMETA_VA":1537.51,"PRMETA_EXP":1977.95,"ELCTRO_VA":2377.63,"ELCTRO_EXP":19268.54,"ELCTRI_VA":1119.75,"ELCTRI_EXP":4044.15,"MAQYEQ_VA":3171.88,"MAQYEQ_EXP":5453.05,"AUTOMO_VA":4672.16,"AUTOMO_EXP":14253.13,"OTRTRA_VA":2.62,"OTRTRA_EXP":6.06,"TRANSP_VA":176.87,"TRANSP_EXP":249.34,"OTRMAN_VA":1359.7,"OTRMAN_EXP":1461.67,"ELEGAS_VA":3623.65,"ELEGAS_EXP":679.13,"AGUBAS_VA":1455.84,"AGUBAS_EXP":66.73,"CONSTR_VA":4987.7,"CONSTR_EXP":106.86,"COMREV_VA":11760.82,"COMREV_EXP":8298.96,"TRATIE_VA":3823.83,"TRATIE_EXP":3381.93,"TRAGUA_VA":104.5,"TRAGUA_EXP":85.83,"TRAAIR_VA":165.97,"TRAAIR_EXP":894.27,"ALMSTR_VA":2776.47,"ALMSTR_EXP":1725.54,"POSTME_VA":706.44,"POSTME_EXP":123.06,"HOTYRE_VA":2215.62,"HOTYRE_EXP":1196.99,"MMTVRA_VA":1765.29,"MMTVRA_EXP":1226.88,"TELECO_VA":2235.47,"TELECO_EXP":525.37,"ITSERV_VA":2155.54,"ITSERV_EXP":1177.32,"SERFIN_VA":5589.68,"SERFIN_EXP":555.95,"GOBEST_VA":11095.63,"GOBEST_EXP":451.51,"SPRSCT_VA":6605.91,"SPRSCT_EXP":2937.55,"SEAEMP_VA":3744.88,"SEAEMP_EXP":2281.27,"ADPDEF_VA":10016.28,"ADPDEF_EXP":74.93,"EDUCAC_VA":5343.91,"EDUCAC_EXP":121.29,"SALUDH_VA":4697.96,"SALUDH_EXP":95.18,"ESPARC_VA":1427.8,"ESPARC_EXP":244.12,"OTRSER_VA":1990.37,"OTRSER_EXP":106.28,"SERHOG_VA":17.06,"SERHOG_EXP":0.0}},{"type":"Feature","geometry":{"type":"Point","coordinates":[113.92,-0.79]},"properties":{"id":"IDN","name":"Indonesia","continent":"asia","year":2010,"AGRPFO_VA":79813.44,"AGRPFO_EXP":6355.24,"FORLOG_VA":6147.65,"FORLOG_EXP":26.9,"PESCAC_VA":15181.43,"PESCAC_EXP":630.94,"MINCOL_VA":17033.74,"MINCOL_EXP":18148.5,"PETGAS_VA":35588.63,"PETGAS_EXP":25970.07,"MINORE_VA":11592.87,"MINORE_EXP":9526.88,"MINOTH_VA":8359.8,"MINOTH_EXP":228.4,"MINSER_VA":3530.48,"MINSER_EXP":132.04,"ALYBEB_VA":42990.4,"ALYBEB_EXP":16598.56,"TEXYPR_VA":12001.61,"TEXYPR_EXP":12043.6,"MADYPR_VA":5606.99,"MADYPR_EXP":2085.89,"PAPYPR_VA":7019.08,"PAPYPR_EXP":4475.62,"PETREF_VA":23670.11,"PETREF_EXP":3900.38,"QUIMYP_VA":9506.61,"QUIMYP_EXP":7259.34,"FARMED_VA":2106.3,"FARMED_EXP":314.18,"HUPLAS_VA":6763.33,"HUPLAS_EXP":6888.53,"PRNOMT_VA":5167.81,"PRNOMT_EXP":955.3,"METBAS_VA":2852.68,"METBAS_EXP":1480.05,"NONFER_VA":2666.55,"NONFER_EXP":4064.78,"PRMETA_VA":13409.21,"PRMETA_EXP":1679.55,"ELCTRO_VA":4624.54,"ELCTRO_EXP":7346.58,"ELCTRI_VA":3574.86,"ELCTRI_EXP":4240.05,"MAQYEQ_VA":2486.97,"MAQYEQ_EXP":1717.2,"AUTOMO_VA":13175.33,"AUTOMO_EXP":2053.6,"OTRTRA_VA":530.04,"OTRTRA_EXP":812.64,"TRANSP_VA":375.03,"TRANSP_EXP":699.32,"OTRMAN_VA":3617.09,"OTRMAN_EXP":2596.52,"ELEGAS_VA":7728.82,"ELEGAS_EXP":8.32,"AGUBAS_VA":552.14,"AGUBAS_EXP":0.19,"CONSTR_VA":67434.17,"CONSTR_EXP":248.52,"COMREV_VA":123530.7,"COMREV_EXP":19689.39,"TRATIE_VA":14724.94,"TRATIE_EXP":2417.42,"TRAGUA_VA":3201.16,"TRAGUA_EXP":3427.05,"TRAAIR_VA":4133.67,"TRAAIR_EXP":1297.7,"ALMSTR_VA":3457.37,"ALMSTR_EXP":519.86,"POSTME_VA":732.17,"POSTME_EXP":353.51,"HOTYRE_VA":21327.52,"HOTYRE_EXP":1794.69,"MMTVRA_VA":5210.68,"MMTVRA_EXP":573.69,"TELECO_VA":19864.38,"TELECO_EXP":631.75,"ITSERV_VA":2034.83,"ITSERV_EXP":277.53,"SERFIN_VA":25380.0,"SERFIN_EXP":449.98,"GOBEST_VA":18116.73,"GOBEST_EXP":442.68,"SPRSCT_VA":4264.18,"SPRSCT_EXP":3239.08,"SEAEMP_VA":4218.2,"SEAEMP_EXP":2289.25,"ADPDEF_VA":27515.81,"ADPDEF_EXP":0.12,"EDUCAC_VA":21379.35,"EDUCAC_EXP":85.03,"SALUDH_VA":6852.43,"SALUDH_EXP":67.45,"ESPARC_VA":2171.52,"ESPARC_EXP":270.43,"OTRSER_VA":13936.85,"OTRSER_EXP":90.03,"SERHOG_VA":3456.01,"SERHOG_EXP":0.0}},{"type":"Feature","geometry":{"type":"Point","coordinates":[78.96,20.59]},"properties":{"id":"IND","name":"India","continent":"asia","year":2010,"AGRPFO_VA":237172.64,"AGRPFO_EXP":4689.78,"FORLOG_VA":24064.86,"FORLOG_EXP":3586.16,"PESCAC_VA":12129.2,"PESCAC_EXP":207.64,"MINCOL_VA":10392.08,"MINCOL_EXP":273.0,"PETGAS_VA":19834.26,"PETGAS_EXP":36.6,"MINORE_VA":9021.9,"MINORE_EXP":4314.68,"MINOTH_VA":1182.96,"MINOTH_EXP":727.88,"MINSER_VA":10528.22,"MINSER_EXP":127.38,"ALYBEB_VA":41030.56,"ALYBEB_EXP":16953.21,"TEXYPR_VA":33613.28,"TEXYPR_EXP":29679.5,"MADYPR_VA":4357.04,"MADYPR_EXP":2402.98,"PAPYPR_VA":8430.95,"PAPYPR_EXP":829.97,"PETREF_VA":24873.28,"PETREF_EXP":32330.62,"QUIMYP_VA":19147.12,"QUIMYP_EXP":11592.18,"FARMED_VA":13238.87,"FARMED_EXP":6431.91,"HUPLAS_VA":14139.29,"HUPLAS_EXP":5015.64,"PRNOMT_VA":17197.39,"PRNOMT_EXP":1619.77,"METBAS_VA":17947.79,"METBAS_EXP":11813.7,"NONFER_VA":17808.12,"NONFER_EXP":5068.62,"PRMETA_VA":16005.49,"PRMETA_EXP":3994.42,"ELCTRO_VA":6482.7,"ELCTRO_EXP":3266.39,"ELCTRI_VA":11964.44,"ELCTRI_EXP":6557.5,"MAQYEQ_VA":22899.56,"MAQYEQ_EXP":10129.17,"AUTOMO_VA":17923.5,"AUTOMO_EXP":7826.93,"OTRTRA_VA":952.55,"OTRTRA_EXP":614.12,"TRANSP_VA":5236.2,"TRANSP_EXP":4106.86,"OTRMAN_VA":8734.89,"OTRMAN_EXP":14981.05,"ELEGAS_VA":29220.7,"ELEGAS_EXP":283.83,"AGUBAS_VA":5068.95,"AGUBAS_EXP":1.49,"CONSTR_VA":146905.11,"CONSTR_EXP":908.28,"COMREV_VA":141428.57,"COMREV_EXP":22829.56,"TRATIE_VA":63483.73,"TRATIE_EXP":9804.65,"TRAGUA_VA":1397.36,"TRAGUA_EXP":1070.41,"TRAAIR_VA":1131.32,"TRAAIR_EXP":3265.22,"ALMSTR_VA":11904.68,"ALMSTR_EXP":6293.54,"POSTME_VA":3456.12,"POSTME_EXP":155.96,"HOTYRE_VA":16190.0,"HOTYRE_EXP":5540.72,"MMTVRA_VA":5990.6,"MMTVRA_EXP":5355.9,"TELECO_VA":16074.75,"TELECO_EXP":1366.16,"ITSERV_VA":43660.41,"ITSERV_EXP":47819.37,"SERFIN_VA":90397.84,"SERFIN_EXP":4875.5,"GOBEST_VA":109885.43,"GOBEST_EXP":1206.88,"SPRSCT_VA":4541.26,"SPRSCT_EXP":5771.77,"SEAEMP_VA":34565.67,"SEAEMP_EXP":23582.01,"ADPDEF_VA":92639.75,"ADPDEF_EXP":368.22,"EDUCAC_VA":49456.07,"EDUCAC_EXP":274.11,"SALUDH_VA":21615.27,"SALUDH_EXP":218.67,"ESPARC_VA":3439.49,"ESPARC_EXP":613.81,"OTRSER_VA":16150.84,"OTRSER_EXP":283.51,"SERHOG_VA":3008.93,"SERHOG_EXP":0.0}},{"type":"Feature","geometry":{"type":"Point","coordinates":[-7.69,53.14]},"properties":{"id":"IRL","name":"Irlanda","continent":"europe","year":2010,"AGRPFO_VA":1903.32,"AGRPFO_EXP":802.23,"FORLOG_VA":144.05,"FORLOG_EXP":83.11,"PESCAC_VA":198.14,"PESCAC_EXP":252.23,"MINCOL_VA":12.49,"MINCOL_EXP":8.41,"PETGAS_VA":44.92,"PETGAS_EXP":73.47,"MINORE_VA":502.78,"MINORE_EXP":580.69,"MINOTH_VA":365.21,"MINOTH_EXP":147.66,"MINSER_VA":24.16,"MINSER_EXP":87.48,"ALYBEB_VA":8848.66,"ALYBEB_EXP":23929.1,"TEXYPR_VA":220.06,"TEXYPR_EXP":190.75,"MADYPR_VA":225.12,"MADYPR_EXP":585.32,"PAPYPR_VA":790.38,"PAPYPR_EXP":456.31,"PETREF_VA":277.42,"PETREF_EXP":661.63,"QUIMYP_VA":1930.81,"QUIMYP_EXP":3084.82,"FARMED_VA":20143.23,"FARMED_EXP":40091.34,"HUPLAS_VA":517.0,"HUPLAS_EXP":1128.6,"PRNOMT_VA":524.32,"PRNOMT_EXP":357.44,"METBAS_VA":104.21,"METBAS_EXP":212.85,"NONFER_VA":147.71,"NONFER_EXP":617.95,"PRMETA_VA":745.14,"PRMETA_EXP":1128.72,"ELCTRO_VA":4418.54,"ELCTRO_EXP":11356.2,"ELCTRI_VA":187.19,"ELCTRI_EXP":319.53,"MAQYEQ_VA":938.45,"MAQYEQ_EXP":1803.21,"AUTOMO_VA":226.7,"AUTOMO_EXP":440.47,"OTRTRA_VA":3.84,"OTRTRA_EXP":1.33,"TRANSP_VA":82.24,"TRANSP_EXP":152.23,"OTRMAN_VA":4377.85,"OTRMAN_EXP":6367.22,"ELEGAS_VA":3345.77,"ELEGAS_EXP":3.96,"AGUBAS_VA":1213.5,"AGUBAS_EXP":0.97,"CONSTR_VA":3646.24,"CONSTR_EXP":0.26,"COMREV_VA":21691.64,"COMREV_EXP":16090.61,"TRATIE_VA":3102.88,"TRATIE_EXP":2518.96,"TRAGUA_VA":147.13,"TRAGUA_EXP":169.09,"TRAAIR_VA":2083.63,"TRAAIR_EXP":4681.25,"ALMSTR_VA":1549.02,"ALMSTR_EXP":1379.31,"POSTME_VA":1166.46,"POSTME_EXP":565.34,"HOTYRE_VA":4612.33,"HOTYRE_EXP":1516.5,"MMTVRA_VA":9744.54,"MMTVRA_EXP":7060.7,"TELECO_VA":3088.26,"TELECO_EXP":932.82,"ITSERV_VA":6436.57,"ITSERV_EXP":31019.35,"SERFIN_VA":23756.45,"SERFIN_EXP":23722.66,"GOBEST_VA":13178.62,"GOBEST_EXP":1154.11,"SPRSCT_VA":8684.14,"SPRSCT_EXP":5040.86,"SEAEMP_VA":10396.57,"SEAEMP_EXP":10050.92,"ADPDEF_VA":9193.05,"ADPDEF_EXP":0.08,"EDUCAC_VA":12355.74,"EDUCAC_EXP":79.67,"SALUDH_VA":16021.71,"SALUDH_EXP":42.75,"ESPARC_VA":3108.55,"ESPARC_EXP":698.43,"OTRSER_VA":1677.63,"OTRSER_EXP":42.74,"SERHOG_VA":47.63,"SERHOG_EXP":0.0}},{"type":"Feature","geometry":{"type":"Point","coordinates":[-19.02,64.96]},"properties":{"id":"ISL","name":"Islandia","continent":"europe","year":2010,"AGRPFO_VA":138.73,"AGRPFO_EXP":20.27,"FORLOG_VA":0.87,"FORLOG_EXP":0.12,"PESCAC_VA":739.9,"PESCAC_EXP":503.36,"MINCOL_VA":0.02,"MINCOL_EXP":0.0,"PETGAS_VA":0.41,"PETGAS_EXP":0.08,"MINORE_VA":0.0,"MINORE_EXP":0.0,"MINOTH_VA":13.32,"MINOTH_EXP":5.56,"MINSER_VA":0.04,"MINSER_EXP":0.01,"ALYBEB_VA":722.29,"ALYBEB_EXP":1238.28,"TEXYPR_VA":19.98,"TEXYPR_EXP":26.89,"MADYPR_VA":11.1,"MADYPR_EXP":0.52,"PAPYPR_VA":51.71,"PAPYPR_EXP":3.83,"PETREF_VA":0.07,"PETREF_EXP":0.01,"QUIMYP_VA":20.19,"QUIMYP_EXP":26.7,"FARMED_VA":48.53,"FARMED_EXP":6.64,"HUPLAS_VA":20.91,"HUPLAS_EXP":16.49,"PRNOMT_VA":34.72,"PRNOMT_EXP":3.26,"METBAS_VA":39.18,"METBAS_EXP":22.08,"NONFER_VA":308.86,"NONFER_EXP":1260.59,"PRMETA_VA":75.33,"PRMETA_EXP":6.16,"ELCTRO_VA":7.04,"ELCTRO_EXP":1.66,"ELCTRI_VA":13.76,"ELCTRI_EXP":14.57,"MAQYEQ_VA":84.33,"MAQYEQ_EXP":85.33,"AUTOMO_VA":3.41,"AUTOMO_EXP":1.25,"OTRTRA_VA":1.61,"OTRTRA_EXP":3.52,"TRANSP_VA":10.81,"TRANSP_EXP":0.46,"OTRMAN_VA":142.35,"OTRMAN_EXP":30.1,"ELEGAS_VA":569.6,"ELEGAS_EXP":0.14,"AGUBAS_VA":117.24,"AGUBAS_EXP":0.35,"CONSTR_VA":588.36,"CONSTR_EXP":0.33,"COMREV_VA":1054.5,"COMREV_EXP":482.87,"TRATIE_VA":123.2,"TRATIE_EXP":47.17,"TRAGUA_VA":123.21,"TRAGUA_EXP":253.05,"TRAAIR_VA":325.47,"TRAAIR_EXP":1256.52,"ALMSTR_VA":170.39,"ALMSTR_EXP":241.71,"POSTME_VA":41.45,"POSTME_EXP":6.21,"HOTYRE_VA":423.75,"HOTYRE_EXP":177.85,"MMTVRA_VA":164.05,"MMTVRA_EXP":49.26,"TELECO_VA":133.9,"TELECO_EXP":35.54,"ITSERV_VA":189.99,"ITSERV_EXP":157.42,"SERFIN_VA":975.41,"SERFIN_EXP":195.27,"GOBEST_VA":1491.62,"GOBEST_EXP":2.96,"SPRSCT_VA":534.1,"SPRSCT_EXP":258.65,"SEAEMP_VA":325.45,"SEAEMP_EXP":165.29,"ADPDEF_VA":665.93,"ADPDEF_EXP":0.62,"EDUCAC_VA":823.63,"EDUCAC_EXP":0.9,"SALUDH_VA":1143.41,"SALUDH_EXP":1.36,"ESPARC_VA":176.11,"ESPARC_EXP":76.31,"OTRSER_VA":175.72,"OTRSER_EXP":16.58,"SERHOG_VA":7.88,"SERHOG_EXP":0.0}},{"type":"Feature","geometry":{"type":"Point","coordinates":[34.85,31.05]},"properties":{"id":"ISR","name":"Israel","continent":"other","year":2010,"AGRPFO_VA":3374.56,"AGRPFO_EXP":1485.03,"FORLOG_VA":17.71,"FORLOG_EXP":3.21,"PESCAC_VA":44.58,"PESCAC_EXP":37.13,"MINCOL_VA":0.0,"MINCOL_EXP":0.0,"PETGAS_VA":231.22,"PETGAS_EXP":153.63,"MINORE_VA":0.0,"MINORE_EXP":0.0,"MINOTH_VA":896.02,"MINOTH_EXP":1505.61,"MINSER_VA":69.3,"MINSER_EXP":60.52,"ALYBEB_VA":3368.64,"ALYBEB_EXP":1016.09,"TEXYPR_VA":660.59,"TEXYPR_EXP":925.75,"MADYPR_VA":121.96,"MADYPR_EXP":38.45,"PAPYPR_VA":974.41,"PAPYPR_EXP":346.33,"PETREF_VA":3163.63,"PETREF_EXP":4882.88,"QUIMYP_VA":3951.42,"QUIMYP_EXP":5285.48,"FARMED_VA":3159.96,"FARMED_EXP":4021.47,"HUPLAS_VA":1462.49,"HUPLAS_EXP":1920.03,"PRNOMT_VA":1104.31,"PRNOMT_EXP":435.29,"METBAS_VA":346.81,"METBAS_EXP":384.11,"NONFER_VA":139.15,"NONFER_EXP":287.65,"PRMETA_VA":2702.59,"PRMETA_EXP":1580.92,"ELCTRO_VA":7007.6,"ELCTRO_EXP":7900.2,"ELCTRI_VA":559.78,"ELCTRI_EXP":585.85,"MAQYEQ_VA":1394.77,"MAQYEQ_EXP":1692.79,"AUTOMO_VA":283.29,"AUTOMO_EXP":89.72,"OTRTRA_VA":13.32,"OTRTRA_EXP":37.99,"TRANSP_VA":1232.25,"TRANSP_EXP":2172.53,"OTRMAN_VA":1231.01,"OTRMAN_EXP":2221.72,"ELEGAS_VA":991.87,"ELEGAS_EXP":0.21,"AGUBAS_VA":1952.21,"AGUBAS_EXP":14.47,"CONSTR_VA":10987.47,"CONSTR_EXP":0.5,"COMREV_VA":18742.94,"COMREV_EXP":7210.95,"TRATIE_VA":4938.02,"TRATIE_EXP":1008.0,"TRAGUA_VA":795.23,"TRAGUA_EXP":914.08,"TRAAIR_VA":2189.72,"TRAAIR_EXP":2065.46,"ALMSTR_VA":704.08,"ALMSTR_EXP":985.25,"POSTME_VA":651.33,"POSTME_EXP":79.09,"HOTYRE_VA":4559.37,"HOTYRE_EXP":1345.5,"MMTVRA_VA":1246.53,"MMTVRA_EXP":565.57,"TELECO_VA":5548.59,"TELECO_EXP":580.39,"ITSERV_VA":8791.24,"ITSERV_EXP":8082.49,"SERFIN_VA":12847.88,"SERFIN_EXP":2756.41,"GOBEST_VA":35330.06,"GOBEST_EXP":1192.25,"SPRSCT_VA":13931.98,"SPRSCT_EXP":3548.24,"SEAEMP_VA":7561.6,"SEAEMP_EXP":595.98,"ADPDEF_VA":17618.75,"ADPDEF_EXP":73.16,"EDUCAC_VA":13282.8,"EDUCAC_EXP":27.22,"SALUDH_VA":12898.69,"SALUDH_EXP":141.19,"ESPARC_VA":3463.04,"ESPARC_EXP":322.35,"OTRSER_VA":2867.4,"OTRSER_EXP":87.75,"SERHOG_VA":432.64,"SERHOG_EXP":0.0}},{"type":"Feature","geometry":{"type":"Point","coordinates":[12.57,41.87]},"properties":{"id":"ITA","name":"Italia","continent":"europe","year":2010,"AGRPFO_VA":35794.27,"AGRPFO_EXP":6598.81,"FORLOG_VA":1985.38,"FORLOG_EXP":128.5,"PESCAC_VA":1909.0,"PESCAC_EXP":240.46,"MINCOL_VA":4.01,"MINCOL_EXP":3.06,"PETGAS_VA":4801.57,"PETGAS_EXP":1016.01,"MINORE_VA":0.9,"MINORE_EXP":0.48,"MINOTH_VA":1214.47,"MINOTH_EXP":434.48,"MINSER_VA":193.81,"MINSER_EXP":163.03,"ALYBEB_VA":36385.02,"ALYBEB_EXP":22538.12,"TEXYPR_VA":31942.17,"TEXYPR_EXP":31081.27,"MADYPR_VA":8178.48,"MADYPR_EXP":2813.66,"PAPYPR_VA":13776.46,"PAPYPR_EXP":6397.73,"PETREF_VA":5765.92,"PETREF_EXP":14263.12,"QUIMYP_VA":13622.9,"QUIMYP_EXP":22555.23,"FARMED_VA":11596.11,"FARMED_EXP":14000.49,"HUPLAS_VA":14698.2,"HUPLAS_EXP":13159.4,"PRNOMT_VA":16607.68,"PRNOMT_EXP":9677.02,"METBAS_VA":8492.28,"METBAS_EXP":16864.89,"NONFER_VA":3576.05,"NONFER_EXP":8116.27,"PRMETA_VA":38938.05,"PRMETA_EXP":19353.98,"ELCTRO_VA":11234.21,"ELCTRO_EXP":11882.02,"ELCTRI_VA":15536.58,"ELCTRI_EXP":21390.53,"MAQYEQ_VA":41726.88,"MAQYEQ_EXP":61912.99,"AUTOMO_VA":15777.46,"AUTOMO_EXP":25497.01,"OTRTRA_VA":1759.47,"OTRTRA_EXP":4600.77,"TRANSP_VA":7022.62,"TRANSP_EXP":7575.65,"OTRMAN_VA":28393.23,"OTRMAN_EXP":18391.49,"ELEGAS_VA":32302.41,"ELEGAS_EXP":2157.51,"AGUBAS_VA":18563.96,"AGUBAS_EXP":266.53,"CONSTR_VA":113915.24,"CONSTR_EXP":1681.82,"COMREV_VA":223846.2,"COMREV_EXP":74373.82,"TRATIE_VA":62574.92,"TRATIE_EXP":13437.53,"TRAGUA_VA":4504.22,"TRAGUA_EXP":5191.18,"TRAAIR_VA":2116.04,"TRAAIR_EXP":4007.55,"ALMSTR_VA":36949.56,"ALMSTR_EXP":9107.07,"POSTME_VA":6178.05,"POSTME_EXP":571.28,"HOTYRE_VA":71650.0,"HOTYRE_EXP":14437.93,"MMTVRA_VA":15713.86,"MMTVRA_EXP":3107.95,"TELECO_VA":33989.57,"TELECO_EXP":7723.91,"ITSERV_VA":33787.57,"ITSERV_EXP":2691.52,"SERFIN_VA":102922.16,"SERFIN_EXP":6653.74,"GOBEST_VA":246893.14,"GOBEST_EXP":4024.4,"SPRSCT_VA":131092.01,"SPRSCT_EXP":10701.48,"SEAEMP_VA":57976.48,"SEAEMP_EXP":11518.08,"ADPDEF_VA":140103.34,"ADPDEF_EXP":71.11,"EDUCAC_VA":86725.35,"EDUCAC_EXP":772.45,"SALUDH_VA":118329.86,"SALUDH_EXP":1160.81,"ESPARC_VA":23190.54,"ESPARC_EXP":2320.03,"OTRSER_VA":34780.66,"OTRSER_EXP":1253.8,"SERHOG_VA":23871.35,"SERHOG_EXP":0.0}},{"type":"Feature","geometry":{"type":"Point","coordinates":[36.24,30.59]},"properties":{"id":"JOR","name":"Jordania","continent":"other","year":2010,"AGRPFO_VA":940.72,"AGRPFO_EXP":592.47,"FORLOG_VA":56.41,"FORLOG_EXP":0.23,"PESCAC_VA":1.48,"PESCAC_EXP":0.27,"MINCOL_VA":135.89,"MINCOL_EXP":0.04,"PETGAS_VA":144.25,"PETGAS_EXP":0.38,"MINORE_VA":112.66,"MINORE_EXP":0.86,"MINOTH_VA":198.22,"MINOTH_EXP":285.72,"MINSER_VA":112.28,"MINSER_EXP":5.04,"ALYBEB_VA":1321.43,"ALYBEB_EXP":451.03,"TEXYPR_VA":684.99,"TEXYPR_EXP":809.15,"MADYPR_VA":35.69,"MADYPR_EXP":19.35,"PAPYPR_VA":173.12,"PAPYPR_EXP":210.48,"PETREF_VA":183.6,"PETREF_EXP":75.41,"QUIMYP_VA":440.95,"QUIMYP_EXP":1222.54,"FARMED_VA":416.38,"FARMED_EXP":563.44,"HUPLAS_VA":126.99,"HUPLAS_EXP":117.45,"PRNOMT_VA":423.43,"PRNOMT_EXP":63.17,"METBAS_VA":65.1,"METBAS_EXP":94.61,"NONFER_VA":119.22,"NONFER_EXP":65.79,"PRMETA_VA":227.63,"PRMETA_EXP":180.47,"ELCTRO_VA":32.77,"ELCTRO_EXP":9.1,"ELCTRI_VA":101.31,"ELCTRI_EXP":121.5,"MAQYEQ_VA":100.84,"MAQYEQ_EXP":90.17,"AUTOMO_VA":42.09,"AUTOMO_EXP":32.52,"OTRTRA_VA":7.81,"OTRTRA_EXP":2.27,"TRANSP_VA":14.09,"TRANSP_EXP":3.42,"OTRMAN_VA":111.28,"OTRMAN_EXP":192.45,"ELEGAS_VA":255.42,"ELEGAS_EXP":4.53,"AGUBAS_VA":238.94,"AGUBAS_EXP":0.91,"CONSTR_VA":1041.97,"CONSTR_EXP":1.85,"COMREV_VA":2509.94,"COMREV_EXP":768.23,"TRATIE_VA":889.07,"TRATIE_EXP":832.71,"TRAGUA_VA":52.31,"TRAGUA_EXP":24.27,"TRAAIR_VA":124.29,"TRAAIR_EXP":674.58,"ALMSTR_VA":336.57,"ALMSTR_EXP":48.43,"POSTME_VA":10.81,"POSTME_EXP":16.73,"HOTYRE_VA":476.82,"HOTYRE_EXP":504.21,"MMTVRA_VA":117.26,"MMTVRA_EXP":117.28,"TELECO_VA":856.99,"TELECO_EXP":155.0,"ITSERV_VA":136.6,"ITSERV_EXP":30.72,"SERFIN_VA":1694.43,"SERFIN_EXP":580.61,"GOBEST_VA":2837.81,"GOBEST_EXP":72.95,"SPRSCT_VA":228.45,"SPRSCT_EXP":236.91,"SEAEMP_VA":195.6,"SEAEMP_EXP":386.3,"ADPDEF_VA":2926.7,"ADPDEF_EXP":5.49,"EDUCAC_VA":1939.25,"EDUCAC_EXP":421.92,"SALUDH_VA":785.76,"SALUDH_EXP":359.04,"ESPARC_VA":63.79,"ESPARC_EXP":151.56,"OTRSER_VA":182.62,"OTRSER_EXP":25.99,"SERHOG_VA":479.95,"SERHOG_EXP":0.0}},{"type":"Feature","geometry":{"type":"Point","coordinates":[138.25,36.2]},"properties":{"id":"JPN","name":"Japón","continent":"asia","year":2010,"AGRPFO_VA":50972.35,"AGRPFO_EXP":278.04,"FORLOG_VA":2257.5,"FORLOG_EXP":19.77,"PESCAC_VA":7794.76,"PESCAC_EXP":264.55,"MINCOL_VA":636.77,"MINCOL_EXP":1.62,"PETGAS_VA":665.81,"PETGAS_EXP":37.85,"MINORE_VA":1540.1,"MINORE_EXP":113.42,"MINOTH_VA":995.09,"MINOTH_EXP":415.28,"MINSER_VA":1006.9,"MINSER_EXP":240.38,"ALYBEB_VA":139681.38,"ALYBEB_EXP":3581.12,"TEXYPR_VA":16880.77,"TEXYPR_EXP":5933.06,"MADYPR_VA":7657.19,"MADYPR_EXP":185.67,"PAPYPR_VA":56873.56,"PAPYPR_EXP":841.4,"PETREF_VA":56638.86,"PETREF_EXP":9803.7,"QUIMYP_VA":66087.38,"QUIMYP_EXP":39017.53,"FARMED_VA":47687.08,"FARMED_EXP":2715.39,"HUPLAS_VA":53788.88,"HUPLAS_EXP":20985.03,"PRNOMT_VA":32444.94,"PRNOMT_EXP":8283.89,"METBAS_VA":82757.22,"METBAS_EXP":34119.08,"NONFER_VA":25788.28,"NONFER_EXP":22571.71,"PRMETA_VA":46955.96,"PRMETA_EXP":4890.02,"ELCTRO_VA":119118.49,"ELCTRO_EXP":92454.87,"ELCTRI_VA":70999.52,"ELCTRI_EXP":38095.28,"MAQYEQ_VA":145590.89,"MAQYEQ_EXP":101028.6,"AUTOMO_VA":139209.69,"AUTOMO_EXP":157596.2,"OTRTRA_VA":10574.32,"OTRTRA_EXP":22169.94,"TRANSP_VA":16546.96,"TRANSP_EXP":7045.11,"OTRMAN_VA":135091.88,"OTRMAN_EXP":8094.7,"ELEGAS_VA":72468.32,"ELEGAS_EXP":31.22,"AGUBAS_VA":83255.2,"AGUBAS_EXP":61.25,"CONSTR_VA":258933.01,"CONSTR_EXP":86.82,"COMREV_VA":731022.94,"COMREV_EXP":120797.67,"TRATIE_VA":176563.5,"TRATIE_EXP":20374.07,"TRAGUA_VA":16181.25,"TRAGUA_EXP":10239.82,"TRAAIR_VA":10027.33,"TRAAIR_EXP":3970.73,"ALMSTR_VA":61887.72,"ALMSTR_EXP":6920.3,"POSTME_VA":12753.3,"POSTME_EXP":401.71,"HOTYRE_VA":146556.09,"HOTYRE_EXP":4406.16,"MMTVRA_VA":42758.01,"MMTVRA_EXP":5314.92,"TELECO_VA":116838.38,"TELECO_EXP":781.62,"ITSERV_VA":137283.68,"ITSERV_EXP":3678.35,"SERFIN_VA":267584.31,"SERFIN_EXP":14939.96,"GOBEST_VA":657124.94,"GOBEST_EXP":1482.56,"SPRSCT_VA":260826.03,"SPRSCT_EXP":12340.21,"SEAEMP_VA":159434.45,"SEAEMP_EXP":52344.31,"ADPDEF_VA":276390.53,"ADPDEF_EXP":56.33,"EDUCAC_VA":197539.36,"EDUCAC_EXP":112.77,"SALUDH_VA":361492.22,"SALUDH_EXP":164.98,"ESPARC_VA":59522.54,"ESPARC_EXP":519.07,"OTRSER_VA":110443.82,"OTRSER_EXP":42.95,"SERHOG_VA":0.0,"SERHOG_EXP":0.0}},{"type":"Feature","geometry":{"type":"Point","coordinates":[66.92,48.02]},"properties":{"id":"KAZ","name":"Kazajistán","continent":"asia","year":2010,"AGRPFO_VA":8148.2,"AGRPFO_EXP":858.48,"FORLOG_VA":29.62,"FORLOG_EXP":0.95,"PESCAC_VA":29.98,"PESCAC_EXP":0.63,"MINCOL_VA":738.04,"MINCOL_EXP":571.28,"PETGAS_VA":24571.4,"PETGAS_EXP":41260.92,"MINORE_VA":3084.21,"MINORE_EXP":2285.38,"MINOTH_VA":305.7,"MINOTH_EXP":227.75,"MINSER_VA":1147.38,"MINSER_EXP":13.42,"ALYBEB_VA":3219.11,"ALYBEB_EXP":606.97,"TEXYPR_VA":190.42,"TEXYPR_EXP":56.8,"MADYPR_VA":47.8,"MADYPR_EXP":3.38,"PAPYPR_VA":220.02,"PAPYPR_EXP":41.61,"PETREF_VA":2435.4,"PETREF_EXP":2202.43,"QUIMYP_VA":492.7,"QUIMYP_EXP":423.76,"FARMED_VA":67.64,"FARMED_EXP":19.41,"HUPLAS_VA":317.13,"HUPLAS_EXP":39.68,"PRNOMT_VA":853.19,"PRNOMT_EXP":90.79,"METBAS_VA":2858.42,"METBAS_EXP":2817.69,"NONFER_VA":5707.05,"NONFER_EXP":2189.57,"PRMETA_VA":391.43,"PRMETA_EXP":66.19,"ELCTRO_VA":58.07,"ELCTRO_EXP":61.34,"ELCTRI_VA":181.37,"ELCTRI_EXP":61.1,"MAQYEQ_VA":243.78,"MAQYEQ_EXP":171.15,"AUTOMO_VA":99.56,"AUTOMO_EXP":16.12,"OTRTRA_VA":33.65,"OTRTRA_EXP":41.65,"TRANSP_VA":59.3,"TRANSP_EXP":54.82,"OTRMAN_VA":1009.62,"OTRMAN_EXP":11.8,"ELEGAS_VA":2305.79,"ELEGAS_EXP":18.23,"AGUBAS_VA":392.39,"AGUBAS_EXP":2.67,"CONSTR_VA":9851.44,"CONSTR_EXP":99.98,"COMREV_VA":22360.29,"COMREV_EXP":4918.3,"TRATIE_VA":7513.88,"TRATIE_EXP":3374.43,"TRAGUA_VA":134.11,"TRAGUA_EXP":35.27,"TRAAIR_VA":594.83,"TRAAIR_EXP":192.13,"ALMSTR_VA":2955.32,"ALMSTR_EXP":370.45,"POSTME_VA":139.25,"POSTME_EXP":13.52,"HOTYRE_VA":1396.05,"HOTYRE_EXP":318.79,"MMTVRA_VA":350.75,"MMTVRA_EXP":80.88,"TELECO_VA":3386.68,"TELECO_EXP":138.92,"ITSERV_VA":1050.38,"ITSERV_EXP":19.3,"SERFIN_VA":3190.39,"SERFIN_EXP":189.94,"GOBEST_VA":11715.67,"GOBEST_EXP":154.88,"SPRSCT_VA":7335.32,"SPRSCT_EXP":392.18,"SEAEMP_VA":2834.44,"SEAEMP_EXP":416.14,"ADPDEF_VA":2648.49,"ADPDEF_EXP":16.64,"EDUCAC_VA":4099.95,"EDUCAC_EXP":11.21,"SALUDH_VA":2881.53,"SALUDH_EXP":14.06,"ESPARC_VA":445.14,"ESPARC_EXP":38.13,"OTRSER_VA":1884.62,"OTRSER_EXP":20.7,"SERHOG_VA":94.35,"SERHOG_EXP":0.0}},{"type":"Feature","geometry":{"type":"Point","coordinates":[104.99,12.57]},"properties":{"id":"KHM","name":"Camboya","continent":"asia","year":2010,"AGRPFO_VA":2468.79,"AGRPFO_EXP":911.88,"FORLOG_VA":296.05,"FORLOG_EXP":3.96,"PESCAC_VA":796.82,"PESCAC_EXP":141.58,"MINCOL_VA":0.0,"MINCOL_EXP":0.0,"PETGAS_VA":0.0,"PETGAS_EXP":0.0,"MINORE_VA":20.42,"MINORE_EXP":0.27,"MINOTH_VA":29.87,"MINOTH_EXP":0.49,"MINSER_VA":14.16,"MINSER_EXP":0.22,"ALYBEB_VA":222.61,"ALYBEB_EXP":250.97,"TEXYPR_VA":1261.28,"TEXYPR_EXP":2370.11,"MADYPR_VA":14.13,"MADYPR_EXP":7.65,"PAPYPR_VA":27.9,"PAPYPR_EXP":25.1,"PETREF_VA":3.98,"PETREF_EXP":15.17,"QUIMYP_VA":26.43,"QUIMYP_EXP":3.27,"FARMED_VA":15.67,"FARMED_EXP":1.64,"HUPLAS_VA":51.86,"HUPLAS_EXP":31.68,"PRNOMT_VA":55.11,"PRNOMT_EXP":0.67,"METBAS_VA":655.67,"METBAS_EXP":1.35,"NONFER_VA":12.48,"NONFER_EXP":0.45,"PRMETA_VA":46.81,"PRMETA_EXP":12.0,"ELCTRO_VA":0.08,"ELCTRO_EXP":0.03,"ELCTRI_VA":0.07,"ELCTRI_EXP":0.02,"MAQYEQ_VA":2.01,"MAQYEQ_EXP":0.66,"AUTOMO_VA":12.85,"AUTOMO_EXP":8.53,"OTRTRA_VA":2.39,"OTRTRA_EXP":3.48,"TRANSP_VA":4.31,"TRANSP_EXP":6.19,"OTRMAN_VA":50.54,"OTRMAN_EXP":15.22,"ELEGAS_VA":33.77,"ELEGAS_EXP":0.36,"AGUBAS_VA":34.3,"AGUBAS_EXP":0.35,"CONSTR_VA":636.39,"CONSTR_EXP":1.09,"COMREV_VA":1064.06,"COMREV_EXP":403.97,"TRATIE_VA":275.98,"TRATIE_EXP":210.67,"TRAGUA_VA":53.53,"TRAGUA_EXP":68.47,"TRAAIR_VA":42.03,"TRAAIR_EXP":77.06,"ALMSTR_VA":149.02,"ALMSTR_EXP":167.85,"POSTME_VA":50.08,"POSTME_EXP":27.4,"HOTYRE_VA":459.93,"HOTYRE_EXP":365.85,"MMTVRA_VA":53.57,"MMTVRA_EXP":57.37,"TELECO_VA":185.12,"TELECO_EXP":83.33,"ITSERV_VA":38.74,"ITSERV_EXP":18.88,"SERFIN_VA":195.39,"SERFIN_EXP":63.05,"GOBEST_VA":659.07,"GOBEST_EXP":91.02,"SPRSCT_VA":106.52,"SPRSCT_EXP":48.37,"SEAEMP_VA":85.32,"SEAEMP_EXP":50.6,"ADPDEF_VA":181.32,"ADPDEF_EXP":0.72,"EDUCAC_VA":167.31,"EDUCAC_EXP":25.23,"SALUDH_VA":269.6,"SALUDH_EXP":19.76,"ESPARC_VA":81.51,"ESPARC_EXP":61.64,"OTRSER_VA":148.16,"OTRSER_EXP":26.72,"SERHOG_VA":0.0,"SERHOG_EXP":0.0}},{"type":"Feature","geometry":{"type":"Point","coordinates":[127.77,35.91]},"properties":{"id":"KOR","name":"Corea del Sur","continent":"asia","year":2010,"AGRPFO_VA":18900.41,"AGRPFO_EXP":429.14,"FORLOG_VA":1900.35,"FORLOG_EXP":31.56,"PESCAC_VA":2925.22,"PESCAC_EXP":198.81,"MINCOL_VA":153.59,"MINCOL_EXP":3.8,"PETGAS_VA":164.51,"PETGAS_EXP":2.12,"MINORE_VA":44.88,"MINORE_EXP":16.83,"MINOTH_VA":1181.13,"MINOTH_EXP":147.52,"MINSER_VA":7.77,"MINSER_EXP":8.81,"ALYBEB_VA":13537.92,"ALYBEB_EXP":4012.74,"TEXYPR_VA":14441.08,"TEXYPR_EXP":11044.2,"MADYPR_VA":1466.12,"MADYPR_EXP":75.78,"PAPYPR_VA":8531.75,"PAPYPR_EXP":2835.29,"PETREF_VA":10635.53,"PETREF_EXP":42088.26,"QUIMYP_VA":27881.91,"QUIMYP_EXP":33547.31,"FARMED_VA":5833.33,"FARMED_EXP":1086.39,"HUPLAS_VA":18903.33,"HUPLAS_EXP":8772.64,"PRNOMT_VA":10163.38,"PRNOMT_EXP":1526.15,"METBAS_VA":24041.11,"METBAS_EXP":23739.92,"NONFER_VA":5330.45,"NONFER_EXP":9674.07,"PRMETA_VA":21924.67,"PRMETA_EXP":7876.88,"ELCTRO_VA":76166.83,"ELCTRO_EXP":129053.62,"ELCTRI_VA":18384.78,"ELCTRI_EXP":18934.26,"MAQYEQ_VA":25925.79,"MAQYEQ_EXP":27501.44,"AUTOMO_VA":29008.13,"AUTOMO_EXP":48820.02,"OTRTRA_VA":14767.12,"OTRTRA_EXP":42486.52,"TRANSP_VA":2322.51,"TRANSP_EXP":1488.43,"OTRMAN_VA":5946.27,"OTRMAN_EXP":3130.19,"ELEGAS_VA":15170.4,"ELEGAS_EXP":18.7,"AGUBAS_VA":5396.1,"AGUBAS_EXP":10.11,"CONSTR_VA":50998.95,"CONSTR_EXP":0.25,"COMREV_VA":107558.93,"COMREV_EXP":37263.17,"TRATIE_VA":11066.31,"TRATIE_EXP":1469.4,"TRAGUA_VA":9894.03,"TRAGUA_EXP":9520.08,"TRAAIR_VA":10975.1,"TRAAIR_EXP":9482.69,"ALMSTR_VA":8904.57,"ALMSTR_EXP":911.26,"POSTME_VA":2574.84,"POSTME_EXP":74.57,"HOTYRE_VA":28735.9,"HOTYRE_EXP":2723.73,"MMTVRA_VA":14780.4,"MMTVRA_EXP":1620.52,"TELECO_VA":17016.86,"TELECO_EXP":863.64,"ITSERV_VA":17348.26,"ITSERV_EXP":2329.88,"SERFIN_VA":64693.11,"SERFIN_EXP":6256.94,"GOBEST_VA":85248.56,"GOBEST_EXP":718.05,"SPRSCT_VA":61307.26,"SPRSCT_EXP":13193.84,"SEAEMP_VA":31647.97,"SEAEMP_EXP":13362.71,"ADPDEF_VA":59970.9,"ADPDEF_EXP":34.92,"EDUCAC_VA":54700.09,"EDUCAC_EXP":203.88,"SALUDH_VA":40132.96,"SALUDH_EXP":109.76,"ESPARC_VA":11580.94,"ESPARC_EXP":1089.92,"OTRSER_VA":15051.73,"OTRSER_EXP":172.63,"SERHOG_VA":2023.25,"SERHOG_EXP":0.0}},{"type":"Feature","geometry":{"type":"Point","coordinates":[102.5,19.86]},"properties":{"id":"LAO","name":"Laos","continent":"asia","year":2010,"AGRPFO_VA":1170.78,"AGRPFO_EXP":364.57,"FORLOG_VA":203.52,"FORLOG_EXP":3.21,"PESCAC_VA":194.96,"PESCAC_EXP":0.29,"MINCOL_VA":67.73,"MINCOL_EXP":54.95,"PETGAS_VA":60.48,"PETGAS_EXP":0.14,"MINORE_VA":270.66,"MINORE_EXP":229.55,"MINOTH_VA":132.55,"MINOTH_EXP":28.96,"MINSER_VA":48.08,"MINSER_EXP":0.28,"ALYBEB_VA":268.53,"ALYBEB_EXP":140.65,"TEXYPR_VA":111.12,"TEXYPR_EXP":118.29,"MADYPR_VA":77.57,"MADYPR_EXP":80.48,"PAPYPR_VA":1.64,"PAPYPR_EXP":0.86,"PETREF_VA":34.95,"PETREF_EXP":0.32,"QUIMYP_VA":14.24,"QUIMYP_EXP":27.08,"FARMED_VA":8.94,"FARMED_EXP":2.44,"HUPLAS_VA":4.45,"HUPLAS_EXP":1.92,"PRNOMT_VA":64.53,"PRNOMT_EXP":21.48,"METBAS_VA":1.14,"METBAS_EXP":0.23,"NONFER_VA":1.08,"NONFER_EXP":0.92,"PRMETA_VA":22.96,"PRMETA_EXP":1.43,"ELCTRO_VA":1.86,"ELCTRO_EXP":3.46,"ELCTRI_VA":1.23,"ELCTRI_EXP":2.18,"MAQYEQ_VA":0.09,"MAQYEQ_EXP":0.03,"AUTOMO_VA":0.38,"AUTOMO_EXP":0.48,"OTRTRA_VA":0.18,"OTRTRA_EXP":0.11,"TRANSP_VA":0.19,"TRANSP_EXP":0.08,"OTRMAN_VA":49.69,"OTRMAN_EXP":15.29,"ELEGAS_VA":578.2,"ELEGAS_EXP":439.21,"AGUBAS_VA":96.65,"AGUBAS_EXP":0.4,"CONSTR_VA":358.25,"CONSTR_EXP":0.7,"COMREV_VA":943.91,"COMREV_EXP":196.18,"TRATIE_VA":137.72,"TRATIE_EXP":55.04,"TRAGUA_VA":7.3,"TRAGUA_EXP":6.18,"TRAAIR_VA":12.16,"TRAAIR_EXP":21.01,"ALMSTR_VA":20.06,"ALMSTR_EXP":2.85,"POSTME_VA":27.68,"POSTME_EXP":4.03,"HOTYRE_VA":127.91,"HOTYRE_EXP":137.33,"MMTVRA_VA":11.59,"MMTVRA_EXP":7.02,"TELECO_VA":121.9,"TELECO_EXP":17.29,"ITSERV_VA":12.0,"ITSERV_EXP":10.1,"SERFIN_VA":314.62,"SERFIN_EXP":43.3,"GOBEST_VA":330.81,"GOBEST_EXP":30.35,"SPRSCT_VA":43.79,"SPRSCT_EXP":28.85,"SEAEMP_VA":20.21,"SEAEMP_EXP":16.86,"ADPDEF_VA":517.06,"ADPDEF_EXP":0.73,"EDUCAC_VA":134.71,"EDUCAC_EXP":8.76,"SALUDH_VA":22.56,"SALUDH_EXP":6.69,"ESPARC_VA":21.55,"ESPARC_EXP":18.83,"OTRSER_VA":257.3,"OTRSER_EXP":9.31,"SERHOG_VA":33.44,"SERHOG_EXP":0.0}},{"type":"Feature","geometry":{"type":"Point","coordinates":[23.88,55.17]},"properties":{"id":"LTU","name":"Lituania","continent":"europe","year":2010,"AGRPFO_VA":1011.77,"AGRPFO_EXP":877.13,"FORLOG_VA":200.57,"FORLOG_EXP":95.72,"PESCAC_VA":24.49,"PESCAC_EXP":10.21,"MINCOL_VA":19.25,"MINCOL_EXP":9.45,"PETGAS_VA":49.22,"PETGAS_EXP":59.15,"MINORE_VA":5.35,"MINORE_EXP":0.63,"MINOTH_VA":46.23,"MINOTH_EXP":45.92,"MINSER_VA":16.94,"MINSER_EXP":0.81,"ALYBEB_VA":1571.17,"ALYBEB_EXP":1592.35,"TEXYPR_VA":509.09,"TEXYPR_EXP":515.56,"MADYPR_VA":457.4,"MADYPR_EXP":465.92,"PAPYPR_VA":282.84,"PAPYPR_EXP":210.35,"PETREF_VA":1859.5,"PETREF_EXP":3474.54,"QUIMYP_VA":816.76,"QUIMYP_EXP":1365.53,"FARMED_VA":79.09,"FARMED_EXP":86.93,"HUPLAS_VA":337.8,"HUPLAS_EXP":470.67,"PRNOMT_VA":215.33,"PRNOMT_EXP":163.02,"METBAS_VA":34.39,"METBAS_EXP":71.13,"NONFER_VA":2.76,"NONFER_EXP":4.71,"PRMETA_VA":275.66,"PRMETA_EXP":330.42,"ELCTRO_VA":191.45,"ELCTRO_EXP":314.27,"ELCTRI_VA":91.9,"ELCTRI_EXP":174.68,"MAQYEQ_VA":167.99,"MAQYEQ_EXP":217.63,"AUTOMO_VA":66.44,"AUTOMO_EXP":45.45,"OTRTRA_VA":100.22,"OTRTRA_EXP":76.41,"TRANSP_VA":38.87,"TRANSP_EXP":60.25,"OTRMAN_VA":866.11,"OTRMAN_EXP":1046.27,"ELEGAS_VA":1322.73,"ELEGAS_EXP":75.56,"AGUBAS_VA":327.2,"AGUBAS_EXP":15.56,"CONSTR_VA":2038.46,"CONSTR_EXP":78.39,"COMREV_VA":5942.77,"COMREV_EXP":2548.76,"TRATIE_VA":2613.19,"TRATIE_EXP":1942.38,"TRAGUA_VA":144.45,"TRAGUA_EXP":101.17,"TRAAIR_VA":33.13,"TRAAIR_EXP":106.38,"ALMSTR_VA":1042.29,"ALMSTR_EXP":790.01,"POSTME_VA":96.75,"POSTME_EXP":21.58,"HOTYRE_VA":458.01,"HOTYRE_EXP":156.79,"MMTVRA_VA":219.54,"MMTVRA_EXP":78.69,"TELECO_VA":749.01,"TELECO_EXP":136.26,"ITSERV_VA":291.39,"ITSERV_EXP":49.89,"SERFIN_VA":980.98,"SERFIN_EXP":81.28,"GOBEST_VA":2263.67,"GOBEST_EXP":117.65,"SPRSCT_VA":1222.03,"SPRSCT_EXP":239.85,"SEAEMP_VA":718.59,"SEAEMP_EXP":138.13,"ADPDEF_VA":2394.19,"ADPDEF_EXP":4.12,"EDUCAC_VA":1881.14,"EDUCAC_EXP":26.75,"SALUDH_VA":1260.16,"SALUDH_EXP":16.12,"ESPARC_VA":295.43,"ESPARC_EXP":57.35,"OTRSER_VA":313.59,"OTRSER_EXP":24.32,"SERHOG_VA":32.26,"SERHOG_EXP":0.0}},{"type":"Feature","geometry":{"type":"Point","coordinates":[6.13,49.82]},"properties":{"id":"LUX","name":"Luxemburgo","continent":"europe","year":2010,"AGRPFO_VA":160.95,"AGRPFO_EXP":415.27,"FORLOG_VA":15.24,"FORLOG_EXP":24.05,"PESCAC_VA":0.0,"PESCAC_EXP":0.0,"MINCOL_VA":0.0,"MINCOL_EXP":0.0,"PETGAS_VA":0.0,"PETGAS_EXP":0.0,"MINORE_VA":12.49,"MINORE_EXP":5.22,"MINOTH_VA":32.17,"MINOTH_EXP":5.25,"MINSER_VA":0.0,"MINSER_EXP":0.0,"ALYBEB_VA":418.03,"ALYBEB_EXP":849.24,"TEXYPR_VA":244.39,"TEXYPR_EXP":504.9,"MADYPR_VA":70.02,"MADYPR_EXP":297.18,"PAPYPR_VA":118.03,"PAPYPR_EXP":374.4,"PETREF_VA":0.0,"PETREF_EXP":0.0,"QUIMYP_VA":106.42,"QUIMYP_EXP":465.19,"FARMED_VA":27.55,"FARMED_EXP":15.27,"HUPLAS_VA":283.13,"HUPLAS_EXP":1632.92,"PRNOMT_VA":396.61,"PRNOMT_EXP":900.56,"METBAS_VA":186.2,"METBAS_EXP":1987.47,"NONFER_VA":188.82,"NONFER_EXP":1865.09,"PRMETA_VA":306.1,"PRMETA_EXP":474.7,"ELCTRO_VA":191.48,"ELCTRO_EXP":278.77,"ELCTRI_VA":40.59,"ELCTRI_EXP":77.62,"MAQYEQ_VA":348.34,"MAQYEQ_EXP":772.06,"AUTOMO_VA":48.81,"AUTOMO_EXP":45.27,"OTRTRA_VA":0.58,"OTRTRA_EXP":0.6,"TRANSP_VA":1.45,"TRANSP_EXP":1.1,"OTRMAN_VA":118.09,"OTRMAN_EXP":267.63,"ELEGAS_VA":451.31,"ELEGAS_EXP":486.67,"AGUBAS_VA":256.31,"AGUBAS_EXP":38.72,"CONSTR_VA":2801.35,"CONSTR_EXP":20.12,"COMREV_VA":5089.22,"COMREV_EXP":3314.96,"TRATIE_VA":1548.22,"TRATIE_EXP":1780.29,"TRAGUA_VA":49.51,"TRAGUA_EXP":77.13,"TRAAIR_VA":643.0,"TRAAIR_EXP":2071.38,"ALMSTR_VA":279.32,"ALMSTR_EXP":332.53,"POSTME_VA":128.54,"POSTME_EXP":206.37,"HOTYRE_VA":941.39,"HOTYRE_EXP":1236.47,"MMTVRA_VA":318.49,"MMTVRA_EXP":457.84,"TELECO_VA":2205.31,"TELECO_EXP":5194.47,"ITSERV_VA":938.31,"ITSERV_EXP":1997.02,"SERFIN_VA":15891.61,"SERFIN_EXP":47874.93,"GOBEST_VA":4313.72,"GOBEST_EXP":457.38,"SPRSCT_VA":3653.17,"SPRSCT_EXP":1743.09,"SEAEMP_VA":1575.1,"SEAEMP_EXP":970.85,"ADPDEF_VA":2822.45,"ADPDEF_EXP":36.4,"EDUCAC_VA":2031.5,"EDUCAC_EXP":111.81,"SALUDH_VA":2818.02,"SALUDH_EXP":73.7,"ESPARC_VA":358.78,"ESPARC_EXP":179.83,"OTRSER_VA":444.24,"OTRSER_EXP":72.77,"SERHOG_VA":151.27,"SERHOG_EXP":0.0}},{"type":"Feature","geometry":{"type":"Point","coordinates":[24.6,56.88]},"properties":{"id":"LVA","name":"Letonia","continent":"europe","year":2010,"AGRPFO_VA":505.19,"AGRPFO_EXP":431.66,"FORLOG_VA":501.12,"FORLOG_EXP":269.24,"PESCAC_VA":38.95,"PESCAC_EXP":39.7,"MINCOL_VA":0.4,"MINCOL_EXP":0.39,"PETGAS_VA":0.0,"PETGAS_EXP":0.0,"MINORE_VA":0.51,"MINORE_EXP":0.35,"MINOTH_VA":112.58,"MINOTH_EXP":4.39,"MINSER_VA":1.78,"MINSER_EXP":1.0,"ALYBEB_VA":727.97,"ALYBEB_EXP":650.69,"TEXYPR_VA":179.64,"TEXYPR_EXP":209.77,"MADYPR_VA":652.31,"MADYPR_EXP":861.07,"PAPYPR_VA":122.59,"PAPYPR_EXP":32.96,"PETREF_VA":0.43,"PETREF_EXP":0.05,"QUIMYP_VA":136.28,"QUIMYP_EXP":134.69,"FARMED_VA":95.65,"FARMED_EXP":132.64,"HUPLAS_VA":74.89,"HUPLAS_EXP":104.74,"PRNOMT_VA":180.9,"PRNOMT_EXP":123.29,"METBAS_VA":106.6,"METBAS_EXP":342.94,"NONFER_VA":19.99,"NONFER_EXP":126.83,"PRMETA_VA":187.66,"PRMETA_EXP":199.54,"ELCTRO_VA":58.73,"ELCTRO_EXP":113.63,"ELCTRI_VA":53.13,"ELCTRI_EXP":117.42,"MAQYEQ_VA":60.77,"MAQYEQ_EXP":108.91,"AUTOMO_VA":37.54,"AUTOMO_EXP":51.94,"OTRTRA_VA":31.42,"OTRTRA_EXP":26.8,"TRANSP_VA":25.34,"TRANSP_EXP":35.51,"OTRMAN_VA":327.01,"OTRMAN_EXP":201.05,"ELEGAS_VA":823.86,"ELEGAS_EXP":109.42,"AGUBAS_VA":223.85,"AGUBAS_EXP":3.18,"CONSTR_VA":1122.69,"CONSTR_EXP":19.05,"COMREV_VA":3579.17,"COMREV_EXP":1267.66,"TRATIE_VA":1286.16,"TRATIE_EXP":1680.05,"TRAGUA_VA":85.41,"TRAGUA_EXP":56.52,"TRAAIR_VA":9.8,"TRAAIR_EXP":157.07,"ALMSTR_VA":1031.34,"ALMSTR_EXP":427.6,"POSTME_VA":93.26,"POSTME_EXP":31.5,"HOTYRE_VA":385.14,"HOTYRE_EXP":228.21,"MMTVRA_VA":172.72,"MMTVRA_EXP":51.12,"TELECO_VA":514.38,"TELECO_EXP":81.64,"ITSERV_VA":359.82,"ITSERV_EXP":124.78,"SERFIN_VA":750.06,"SERFIN_EXP":369.86,"GOBEST_VA":1740.15,"GOBEST_EXP":46.85,"SPRSCT_VA":1019.66,"SPRSCT_EXP":316.71,"SEAEMP_VA":639.95,"SEAEMP_EXP":223.35,"ADPDEF_VA":1742.78,"ADPDEF_EXP":2.89,"EDUCAC_VA":1061.1,"EDUCAC_EXP":17.96,"SALUDH_VA":728.17,"SALUDH_EXP":10.62,"ESPARC_VA":404.81,"ESPARC_EXP":36.03,"OTRSER_VA":199.69,"OTRSER_EXP":12.24,"SERHOG_VA":40.5,"SERHOG_EXP":0.0}},{"type":"Feature","geometry":{"type":"Point","coordinates":[-7.09,31.79]},"properties":{"id":"MAR","name":"Marruecos","continent":"other","year":2010,"AGRPFO_VA":11027.81,"AGRPFO_EXP":1080.68,"FORLOG_VA":1395.36,"FORLOG_EXP":3.66,"PESCAC_VA":528.1,"PESCAC_EXP":303.05,"MINCOL_VA":5.28,"MINCOL_EXP":0.46,"PETGAS_VA":11.88,"PETGAS_EXP":0.84,"MINORE_VA":481.01,"MINORE_EXP":207.63,"MINOTH_VA":1715.6,"MINOTH_EXP":941.06,"MINSER_VA":51.22,"MINSER_EXP":19.4,"ALYBEB_VA":4089.72,"ALYBEB_EXP":2056.58,"TEXYPR_VA":2452.46,"TEXYPR_EXP":2919.22,"MADYPR_VA":218.69,"MADYPR_EXP":39.42,"PAPYPR_VA":445.96,"PAPYPR_EXP":176.76,"PETREF_VA":178.93,"PETREF_EXP":345.03,"QUIMYP_VA":1651.03,"QUIMYP_EXP":2934.34,"FARMED_VA":599.25,"FARMED_EXP":116.98,"HUPLAS_VA":476.23,"HUPLAS_EXP":202.76,"PRNOMT_VA":1437.78,"PRNOMT_EXP":111.17,"METBAS_VA":339.01,"METBAS_EXP":166.11,"NONFER_VA":330.73,"NONFER_EXP":745.29,"PRMETA_VA":828.43,"PRMETA_EXP":164.88,"ELCTRO_VA":109.65,"ELCTRO_EXP":238.64,"ELCTRI_VA":421.82,"ELCTRI_EXP":740.07,"MAQYEQ_VA":287.1,"MAQYEQ_EXP":85.74,"AUTOMO_VA":1015.66,"AUTOMO_EXP":966.47,"OTRTRA_VA":74.05,"OTRTRA_EXP":58.83,"TRANSP_VA":148.6,"TRANSP_EXP":115.44,"OTRMAN_VA":1068.3,"OTRMAN_EXP":210.72,"ELEGAS_VA":2241.19,"ELEGAS_EXP":15.32,"AGUBAS_VA":330.18,"AGUBAS_EXP":1.68,"CONSTR_VA":6616.4,"CONSTR_EXP":75.29,"COMREV_VA":8252.21,"COMREV_EXP":1807.11,"TRATIE_VA":1928.41,"TRATIE_EXP":1041.69,"TRAGUA_VA":54.86,"TRAGUA_EXP":202.48,"TRAAIR_VA":238.04,"TRAAIR_EXP":959.05,"ALMSTR_VA":1024.52,"ALMSTR_EXP":837.36,"POSTME_VA":101.11,"POSTME_EXP":119.38,"HOTYRE_VA":2115.64,"HOTYRE_EXP":1966.67,"MMTVRA_VA":312.56,"MMTVRA_EXP":165.05,"TELECO_VA":2424.27,"TELECO_EXP":815.02,"ITSERV_VA":459.2,"ITSERV_EXP":452.86,"SERFIN_VA":4605.17,"SERFIN_EXP":311.98,"GOBEST_VA":3354.98,"GOBEST_EXP":350.16,"SPRSCT_VA":2962.96,"SPRSCT_EXP":1283.27,"SEAEMP_VA":3291.1,"SEAEMP_EXP":960.21,"ADPDEF_VA":9022.46,"ADPDEF_EXP":135.45,"EDUCAC_VA":7663.52,"EDUCAC_EXP":203.81,"SALUDH_VA":3274.7,"SALUDH_EXP":88.42,"ESPARC_VA":315.27,"ESPARC_EXP":201.98,"OTRSER_VA":904.65,"OTRSER_EXP":137.07,"SERHOG_VA":405.32,"SERHOG_EXP":0.0}},{"type":"Feature","geometry":{"type":"Point","coordinates":[-102.55,23.63]},"properties":{"id":"MEX","name":"México","continent":"america","year":2010,"AGRPFO_VA":31172.59,"AGRPFO_EXP":6094.24,"FORLOG_VA":1307.08,"FORLOG_EXP":39.63,"PESCAC_VA":468.95,"PESCAC_EXP":100.05,"MINCOL_VA":385.46,"MINCOL_EXP":20.13,"PETGAS_VA":57243.96,"PETGAS_EXP":35606.67,"MINORE_VA":6234.58,"MINORE_EXP":1746.82,"MINOTH_VA":4094.06,"MINOTH_EXP":349.72,"MINSER_VA":4795.04,"MINSER_EXP":8.58,"ALYBEB_VA":48804.49,"ALYBEB_EXP":7845.16,"TEXYPR_VA":7935.78,"TEXYPR_EXP":5113.42,"MADYPR_VA":1719.91,"MADYPR_EXP":337.45,"PAPYPR_VA":5343.24,"PAPYPR_EXP":1862.27,"PETREF_VA":6176.87,"PETREF_EXP":4638.1,"QUIMYP_VA":17557.53,"QUIMYP_EXP":7859.67,"FARMED_VA":5707.77,"FARMED_EXP":1524.23,"HUPLAS_VA":5605.84,"HUPLAS_EXP":4235.51,"PRNOMT_VA":7399.98,"PRNOMT_EXP":2199.68,"METBAS_VA":6045.35,"METBAS_EXP":4056.3,"NONFER_VA":6594.52,"NONFER_EXP":8524.62,"PRMETA_VA":7159.91,"PRMETA_EXP":6633.13,"ELCTRO_VA":15112.18,"ELCTRO_EXP":48677.62,"ELCTRI_VA":9080.19,"ELCTRI_EXP":14563.01,"MAQYEQ_VA":9177.59,"MAQYEQ_EXP":11771.58,"AUTOMO_VA":27867.94,"AUTOMO_EXP":58224.07,"OTRTRA_VA":134.75,"OTRTRA_EXP":94.25,"TRANSP_VA":895.46,"TRANSP_EXP":2193.2,"OTRMAN_VA":7623.03,"OTRMAN_EXP":6122.35,"ELEGAS_VA":15210.41,"ELEGAS_EXP":491.23,"AGUBAS_VA":3138.82,"AGUBAS_EXP":52.85,"CONSTR_VA":65572.95,"CONSTR_EXP":46.77,"COMREV_VA":193567.39,"COMREV_EXP":37862.34,"TRATIE_VA":59289.07,"TRATIE_EXP":11681.54,"TRAGUA_VA":774.62,"TRAGUA_EXP":638.53,"TRAAIR_VA":1754.52,"TRAAIR_EXP":1517.64,"ALMSTR_VA":7049.86,"ALMSTR_EXP":2410.92,"POSTME_VA":1082.72,"POSTME_EXP":18.68,"HOTYRE_VA":25274.95,"HOTYRE_EXP":5201.24,"MMTVRA_VA":4252.89,"MMTVRA_EXP":514.91,"TELECO_VA":20016.62,"TELECO_EXP":501.09,"ITSERV_VA":1969.8,"ITSERV_EXP":25.57,"SERFIN_VA":34668.96,"SERFIN_EXP":2805.15,"GOBEST_VA":155312.98,"GOBEST_EXP":886.32,"SPRSCT_VA":25128.8,"SPRSCT_EXP":431.93,"SEAEMP_VA":38399.15,"SEAEMP_EXP":423.04,"ADPDEF_VA":42630.93,"ADPDEF_EXP":1.0,"EDUCAC_VA":41591.32,"EDUCAC_EXP":268.62,"SALUDH_VA":23103.19,"SALUDH_EXP":221.09,"ESPARC_VA":5887.14,"ESPARC_EXP":621.79,"OTRSER_VA":12366.98,"OTRSER_EXP":299.29,"SERHOG_VA":4783.92,"SERHOG_EXP":0.0}},{"type":"Feature","geometry":{"type":"Point","coordinates":[14.38,35.94]},"properties":{"id":"MLT","name":"Malta","continent":"europe","year":2010,"AGRPFO_VA":88.81,"AGRPFO_EXP":17.91,"FORLOG_VA":0.0,"FORLOG_EXP":0.0,"PESCAC_VA":34.18,"PESCAC_EXP":60.65,"MINCOL_VA":0.0,"MINCOL_EXP":0.0,"PETGAS_VA":3.47,"PETGAS_EXP":8.73,"MINORE_VA":0.83,"MINORE_EXP":0.27,"MINOTH_VA":17.55,"MINOTH_EXP":1.57,"MINSER_VA":5.26,"MINSER_EXP":5.28,"ALYBEB_VA":144.89,"ALYBEB_EXP":149.21,"TEXYPR_VA":45.95,"TEXYPR_EXP":45.86,"MADYPR_VA":8.58,"MADYPR_EXP":8.12,"PAPYPR_VA":84.32,"PAPYPR_EXP":187.04,"PETREF_VA":0.33,"PETREF_EXP":0.21,"QUIMYP_VA":18.67,"QUIMYP_EXP":44.4,"FARMED_VA":86.57,"FARMED_EXP":196.33,"HUPLAS_VA":54.54,"HUPLAS_EXP":26.44,"PRNOMT_VA":37.35,"PRNOMT_EXP":12.37,"METBAS_VA":0.84,"METBAS_EXP":0.96,"NONFER_VA":0.55,"NONFER_EXP":0.68,"PRMETA_VA":45.31,"PRMETA_EXP":32.62,"ELCTRO_VA":77.21,"ELCTRO_EXP":738.9,"ELCTRI_VA":28.1,"ELCTRI_EXP":58.27,"MAQYEQ_VA":25.47,"MAQYEQ_EXP":52.79,"AUTOMO_VA":44.07,"AUTOMO_EXP":25.98,"OTRTRA_VA":7.32,"OTRTRA_EXP":0.58,"TRANSP_VA":15.04,"TRANSP_EXP":0.57,"OTRMAN_VA":190.26,"OTRMAN_EXP":325.14,"ELEGAS_VA":98.66,"ELEGAS_EXP":0.38,"AGUBAS_VA":93.02,"AGUBAS_EXP":4.0,"CONSTR_VA":422.46,"CONSTR_EXP":30.38,"COMREV_VA":874.02,"COMREV_EXP":388.08,"TRATIE_VA":88.2,"TRATIE_EXP":72.83,"TRAGUA_VA":24.14,"TRAGUA_EXP":75.46,"TRAAIR_VA":64.09,"TRAAIR_EXP":294.99,"ALMSTR_VA":304.12,"ALMSTR_EXP":381.5,"POSTME_VA":19.9,"POSTME_EXP":8.39,"HOTYRE_VA":420.05,"HOTYRE_EXP":603.5,"MMTVRA_VA":54.25,"MMTVRA_EXP":28.76,"TELECO_VA":156.94,"TELECO_EXP":33.82,"ITSERV_VA":239.05,"ITSERV_EXP":88.91,"SERFIN_VA":803.01,"SERFIN_EXP":1040.54,"GOBEST_VA":556.66,"GOBEST_EXP":37.33,"SPRSCT_VA":446.75,"SPRSCT_EXP":389.44,"SEAEMP_VA":328.9,"SEAEMP_EXP":162.57,"ADPDEF_VA":546.56,"ADPDEF_EXP":3.44,"EDUCAC_VA":507.69,"EDUCAC_EXP":17.97,"SALUDH_VA":497.7,"SALUDH_EXP":11.41,"ESPARC_VA":635.66,"ESPARC_EXP":1120.98,"OTRSER_VA":105.54,"OTRSER_EXP":14.64,"SERHOG_VA":7.01,"SERHOG_EXP":0.0}},{"type":"Feature","geometry":{"type":"Point","coordinates":[95.96,21.91]},"properties":{"id":"MMR","name":"Myanmar","continent":"asia","year":2010,"AGRPFO_VA":11915.53,"AGRPFO_EXP":1480.42,"FORLOG_VA":408.75,"FORLOG_EXP":295.42,"PESCAC_VA":2913.95,"PESCAC_EXP":258.45,"MINCOL_VA":1.9,"MINCOL_EXP":0.32,"PETGAS_VA":1182.11,"PETGAS_EXP":2527.03,"MINORE_VA":202.16,"MINORE_EXP":19.79,"MINOTH_VA":190.8,"MINOTH_EXP":156.71,"MINSER_VA":7.59,"MINSER_EXP":2.54,"ALYBEB_VA":1527.12,"ALYBEB_EXP":269.0,"TEXYPR_VA":1151.24,"TEXYPR_EXP":1155.12,"MADYPR_VA":170.89,"MADYPR_EXP":83.47,"PAPYPR_VA":214.55,"PAPYPR_EXP":24.62,"PETREF_VA":323.97,"PETREF_EXP":26.74,"QUIMYP_VA":277.69,"QUIMYP_EXP":18.18,"FARMED_VA":136.01,"FARMED_EXP":1.19,"HUPLAS_VA":173.54,"HUPLAS_EXP":13.47,"PRNOMT_VA":299.24,"PRNOMT_EXP":6.08,"METBAS_VA":154.78,"METBAS_EXP":0.41,"NONFER_VA":110.91,"NONFER_EXP":0.89,"PRMETA_VA":217.68,"PRMETA_EXP":15.13,"ELCTRO_VA":173.34,"ELCTRO_EXP":29.09,"ELCTRI_VA":130.22,"ELCTRI_EXP":36.8,"MAQYEQ_VA":182.1,"MAQYEQ_EXP":57.73,"AUTOMO_VA":218.07,"AUTOMO_EXP":5.09,"OTRTRA_VA":28.78,"OTRTRA_EXP":0.56,"TRANSP_VA":33.69,"TRANSP_EXP":30.26,"OTRMAN_VA":314.89,"OTRMAN_EXP":36.7,"ELEGAS_VA":205.28,"ELEGAS_EXP":14.25,"AGUBAS_VA":41.98,"AGUBAS_EXP":0.44,"CONSTR_VA":1324.76,"CONSTR_EXP":5.05,"COMREV_VA":2820.78,"COMREV_EXP":398.47,"TRATIE_VA":721.2,"TRATIE_EXP":55.86,"TRAGUA_VA":261.89,"TRAGUA_EXP":94.28,"TRAAIR_VA":167.81,"TRAAIR_EXP":78.4,"ALMSTR_VA":283.21,"ALMSTR_EXP":82.47,"POSTME_VA":47.25,"POSTME_EXP":0.23,"HOTYRE_VA":838.6,"HOTYRE_EXP":15.77,"MMTVRA_VA":143.46,"MMTVRA_EXP":5.2,"TELECO_VA":482.64,"TELECO_EXP":1.32,"ITSERV_VA":122.64,"ITSERV_EXP":2.71,"SERFIN_VA":858.54,"SERFIN_EXP":1.49,"GOBEST_VA":1026.77,"GOBEST_EXP":10.89,"SPRSCT_VA":527.12,"SPRSCT_EXP":60.18,"SEAEMP_VA":402.75,"SEAEMP_EXP":32.1,"ADPDEF_VA":1252.99,"ADPDEF_EXP":1.13,"EDUCAC_VA":740.08,"EDUCAC_EXP":1.08,"SALUDH_VA":970.77,"SALUDH_EXP":0.92,"ESPARC_VA":133.56,"ESPARC_EXP":1.79,"OTRSER_VA":271.37,"OTRSER_EXP":1.75,"SERHOG_VA":0.0,"SERHOG_EXP":0.0}},{"type":"Feature","geometry":{"type":"Point","coordinates":[101.98,4.21]},"properties":{"id":"MYS","name":"Malasia","continent":"asia","year":2010,"AGRPFO_VA":18787.55,"AGRPFO_EXP":3265.48,"FORLOG_VA":2469.75,"FORLOG_EXP":834.22,"PESCAC_VA":2603.7,"PESCAC_EXP":313.17,"MINCOL_VA":9359.32,"MINCOL_EXP":213.07,"PETGAS_VA":13402.97,"PETGAS_EXP":16802.98,"MINORE_VA":380.83,"MINORE_EXP":143.43,"MINOTH_VA":1355.12,"MINOTH_EXP":497.48,"MINSER_VA":1707.7,"MINSER_EXP":33.98,"ALYBEB_VA":4018.27,"ALYBEB_EXP":18788.05,"TEXYPR_VA":855.17,"TEXYPR_EXP":1984.3,"MADYPR_VA":1272.5,"MADYPR_EXP":2961.19,"PAPYPR_VA":1546.7,"PAPYPR_EXP":1014.87,"PETREF_VA":7332.04,"PETREF_EXP":8863.92,"QUIMYP_VA":4672.58,"QUIMYP_EXP":10835.64,"FARMED_VA":338.69,"FARMED_EXP":278.55,"HUPLAS_VA":3014.97,"HUPLAS_EXP":7777.8,"PRNOMT_VA":1626.59,"PRNOMT_EXP":1423.41,"METBAS_VA":913.03,"METBAS_EXP":2091.91,"NONFER_VA":547.02,"NONFER_EXP":3223.86,"PRMETA_VA":1845.04,"PRMETA_EXP":3023.06,"ELCTRO_VA":11556.26,"ELCTRO_EXP":55568.39,"ELCTRI_VA":786.74,"ELCTRI_EXP":5549.96,"MAQYEQ_VA":1372.25,"MAQYEQ_EXP":4730.1,"AUTOMO_VA":4015.5,"AUTOMO_EXP":858.35,"OTRTRA_VA":397.15,"OTRTRA_EXP":2711.42,"TRANSP_VA":398.92,"TRANSP_EXP":733.11,"OTRMAN_VA":1883.38,"OTRMAN_EXP":1838.59,"ELEGAS_VA":5099.82,"ELEGAS_EXP":59.85,"AGUBAS_VA":1753.73,"AGUBAS_EXP":187.74,"CONSTR_VA":8159.58,"CONSTR_EXP":3.28,"COMREV_VA":52636.15,"COMREV_EXP":16270.47,"TRATIE_VA":2297.21,"TRATIE_EXP":2190.23,"TRAGUA_VA":1380.26,"TRAGUA_EXP":1588.95,"TRAAIR_VA":1138.09,"TRAAIR_EXP":3310.01,"ALMSTR_VA":2562.18,"ALMSTR_EXP":1250.91,"POSTME_VA":338.33,"POSTME_EXP":592.11,"HOTYRE_VA":7295.58,"HOTYRE_EXP":7117.06,"MMTVRA_VA":1124.67,"MMTVRA_EXP":375.71,"TELECO_VA":5296.92,"TELECO_EXP":1062.04,"ITSERV_VA":2698.66,"ITSERV_EXP":1614.15,"SERFIN_VA":18407.06,"SERFIN_EXP":3702.91,"GOBEST_VA":7039.75,"GOBEST_EXP":1439.8,"SPRSCT_VA":4893.6,"SPRSCT_EXP":3873.51,"SEAEMP_VA":2518.78,"SEAEMP_EXP":2019.87,"ADPDEF_VA":18498.25,"ADPDEF_EXP":581.66,"EDUCAC_VA":8162.18,"EDUCAC_EXP":351.05,"SALUDH_VA":2307.31,"SALUDH_EXP":273.79,"ESPARC_VA":1518.85,"ESPARC_EXP":822.01,"OTRSER_VA":524.48,"OTRSER_EXP":374.8,"SERHOG_VA":268.08,"SERHOG_EXP":0.0}},{"type":"Feature","geometry":{"type":"Point","coordinates":[8.68,9.08]},"properties":{"id":"NGA","name":"Nigeria","continent":"other","year":2010,"AGRPFO_VA":83222.78,"AGRPFO_EXP":2122.58,"FORLOG_VA":890.84,"FORLOG_EXP":137.35,"PESCAC_VA":1649.14,"PESCAC_EXP":2.09,"MINCOL_VA":21.36,"MINCOL_EXP":1.44,"PETGAS_VA":55635.7,"PETGAS_EXP":74983.4,"MINORE_VA":15.81,"MINORE_EXP":7.27,"MINOTH_VA":318.57,"MINOTH_EXP":37.45,"MINSER_VA":52.28,"MINSER_EXP":4.24,"ALYBEB_VA":23181.95,"ALYBEB_EXP":1776.38,"TEXYPR_VA":3540.91,"TEXYPR_EXP":1398.01,"MADYPR_VA":849.48,"MADYPR_EXP":184.03,"PAPYPR_VA":304.29,"PAPYPR_EXP":4.84,"PETREF_VA":1699.54,"PETREF_EXP":1995.72,"QUIMYP_VA":547.99,"QUIMYP_EXP":204.33,"FARMED_VA":106.95,"FARMED_EXP":4.53,"HUPLAS_VA":232.03,"HUPLAS_EXP":244.05,"PRNOMT_VA":1946.84,"PRNOMT_EXP":10.38,"METBAS_VA":133.58,"METBAS_EXP":27.93,"NONFER_VA":179.74,"NONFER_EXP":306.37,"PRMETA_VA":126.97,"PRMETA_EXP":73.27,"ELCTRO_VA":170.96,"ELCTRO_EXP":13.02,"ELCTRI_VA":17.17,"ELCTRI_EXP":8.8,"MAQYEQ_VA":130.74,"MAQYEQ_EXP":103.71,"AUTOMO_VA":160.7,"AUTOMO_EXP":61.05,"OTRTRA_VA":167.32,"OTRTRA_EXP":7.09,"TRANSP_VA":2.68,"TRANSP_EXP":3.28,"OTRMAN_VA":1291.37,"OTRMAN_EXP":46.44,"ELEGAS_VA":1201.63,"ELEGAS_EXP":21.74,"AGUBAS_VA":483.98,"AGUBAS_EXP":0.06,"CONSTR_VA":10816.17,"CONSTR_EXP":0.2,"COMREV_VA":55757.77,"COMREV_EXP":5794.11,"TRATIE_VA":4114.49,"TRATIE_EXP":1491.19,"TRAGUA_VA":247.92,"TRAGUA_EXP":56.17,"TRAAIR_VA":281.0,"TRAAIR_EXP":604.45,"ALMSTR_VA":723.62,"ALMSTR_EXP":167.13,"POSTME_VA":105.09,"POSTME_EXP":106.7,"HOTYRE_VA":1684.56,"HOTYRE_EXP":195.56,"MMTVRA_VA":6986.99,"MMTVRA_EXP":36.63,"TELECO_VA":22184.73,"TELECO_EXP":44.36,"ITSERV_VA":7958.66,"ITSERV_EXP":118.29,"SERFIN_VA":13803.18,"SERFIN_EXP":78.43,"GOBEST_VA":26840.19,"GOBEST_EXP":74.66,"SPRSCT_VA":10833.9,"SPRSCT_EXP":68.56,"SEAEMP_VA":82.73,"SEAEMP_EXP":5.03,"ADPDEF_VA":13370.06,"ADPDEF_EXP":0.01,"EDUCAC_VA":5666.27,"EDUCAC_EXP":9.36,"SALUDH_VA":2427.98,"SALUDH_EXP":7.44,"ESPARC_VA":361.71,"ESPARC_EXP":19.51,"OTRSER_VA":5392.01,"OTRSER_EXP":11.31,"SERHOG_VA":1344.81,"SERHOG_EXP":0.0}},{"type":"Feature","geometry":{"type":"Point","coordinates":[5.29,52.13]},"properties":{"id":"NLD","name":"Países Bajos","continent":"europe","year":2010,"AGRPFO_VA":16130.86,"AGRPFO_EXP":15963.88,"FORLOG_VA":147.89,"FORLOG_EXP":121.9,"PESCAC_VA":447.34,"PESCAC_EXP":297.51,"MINCOL_VA":0.0,"MINCOL_EXP":0.0,"PETGAS_VA":19470.87,"PETGAS_EXP":12152.73,"MINORE_VA":0.0,"MINORE_EXP":0.0,"MINOTH_VA":521.03,"MINOTH_EXP":339.98,"MINSER_VA":4330.32,"MINSER_EXP":3312.09,"ALYBEB_VA":15679.9,"ALYBEB_EXP":32888.65,"TEXYPR_VA":1398.87,"TEXYPR_EXP":2986.56,"MADYPR_VA":1088.55,"MADYPR_EXP":661.06,"PAPYPR_VA":4879.11,"PAPYPR_EXP":3022.93,"PETREF_VA":1644.21,"PETREF_EXP":17098.03,"QUIMYP_VA":11548.13,"QUIMYP_EXP":28654.74,"FARMED_VA":3812.31,"FARMED_EXP":4974.99,"HUPLAS_VA":3159.94,"HUPLAS_EXP":4485.8,"PRNOMT_VA":2662.85,"PRNOMT_EXP":1235.09,"METBAS_VA":2239.5,"METBAS_EXP":2415.4,"NONFER_VA":898.38,"NONFER_EXP":2865.03,"PRMETA_VA":7874.41,"PRMETA_EXP":5668.12,"ELCTRO_VA":6872.26,"ELCTRO_EXP":25251.94,"ELCTRI_VA":2890.01,"ELCTRI_EXP":4528.08,"MAQYEQ_VA":11050.79,"MAQYEQ_EXP":15690.73,"AUTOMO_VA":2808.46,"AUTOMO_EXP":4393.21,"OTRTRA_VA":1749.82,"OTRTRA_EXP":1667.78,"TRANSP_VA":829.27,"TRANSP_EXP":1663.37,"OTRMAN_VA":7052.59,"OTRMAN_EXP":4708.63,"ELEGAS_VA":10450.19,"ELEGAS_EXP":1152.33,"AGUBAS_VA":5059.0,"AGUBAS_EXP":833.4,"CONSTR_VA":41730.02,"CONSTR_EXP":641.33,"COMREV_VA":98437.38,"COMREV_EXP":50046.41,"TRATIE_VA":16077.27,"TRATIE_EXP":8010.46,"TRAGUA_VA":2929.98,"TRAGUA_EXP":5916.0,"TRAAIR_VA":3882.11,"TRAAIR_EXP":6934.94,"ALMSTR_VA":11727.07,"ALMSTR_EXP":5599.11,"POSTME_VA":3618.38,"POSTME_EXP":1503.83,"HOTYRE_VA":12779.15,"HOTYRE_EXP":4148.96,"MMTVRA_VA":6610.72,"MMTVRA_EXP":2499.22,"TELECO_VA":12167.31,"TELECO_EXP":2213.69,"ITSERV_VA":18380.79,"ITSERV_EXP":9169.41,"SERFIN_VA":68317.02,"SERFIN_EXP":12174.23,"GOBEST_VA":47957.27,"GOBEST_EXP":735.6,"SPRSCT_VA":64190.45,"SPRSCT_EXP":24039.22,"SEAEMP_VA":42999.11,"SEAEMP_EXP":10072.55,"ADPDEF_VA":61923.15,"ADPDEF_EXP":3054.58,"EDUCAC_VA":39192.94,"EDUCAC_EXP":654.3,"SALUDH_VA":68132.75,"SALUDH_EXP":426.74,"ESPARC_VA":9451.94,"ESPARC_EXP":1026.58,"OTRSER_VA":9473.7,"OTRSER_EXP":358.76,"SERHOG_VA":594.51,"SERHOG_EXP":0.0}},{"type":"Feature","geometry":{"type":"Point","coordinates":[8.47,60.47]},"properties":{"id":"NOR","name":"Noruega","continent":"europe","year":2010,"AGRPFO_VA":2139.93,"AGRPFO_EXP":97.5,"FORLOG_VA":927.43,"FORLOG_EXP":44.29,"PESCAC_VA":3755.97,"PESCAC_EXP":2808.9,"MINCOL_VA":148.77,"MINCOL_EXP":9.51,"PETGAS_VA":81070.23,"PETGAS_EXP":80088.62,"MINORE_VA":105.87,"MINORE_EXP":81.47,"MINOTH_VA":536.44,"MINOTH_EXP":331.82,"MINSER_VA":6823.58,"MINSER_EXP":1272.2,"ALYBEB_VA":6176.68,"ALYBEB_EXP":3358.04,"TEXYPR_VA":466.12,"TEXYPR_EXP":192.9,"MADYPR_VA":1264.5,"MADYPR_EXP":265.68,"PAPYPR_VA":1372.61,"PAPYPR_EXP":1322.28,"PETREF_VA":950.25,"PETREF_EXP":4828.35,"QUIMYP_VA":2412.88,"QUIMYP_EXP":4462.31,"FARMED_VA":753.95,"FARMED_EXP":531.59,"HUPLAS_VA":617.55,"HUPLAS_EXP":452.1,"PRNOMT_VA":1309.72,"PRNOMT_EXP":447.88,"METBAS_VA":533.6,"METBAS_EXP":1421.09,"NONFER_VA":1288.23,"NONFER_EXP":5500.13,"PRMETA_VA":2740.35,"PRMETA_EXP":1457.06,"ELCTRO_VA":1625.81,"ELCTRO_EXP":1893.68,"ELCTRI_VA":1217.1,"ELCTRI_EXP":1292.63,"MAQYEQ_VA":3968.62,"MAQYEQ_EXP":4003.26,"AUTOMO_VA":360.23,"AUTOMO_EXP":413.75,"OTRTRA_VA":2950.22,"OTRTRA_EXP":712.62,"TRANSP_VA":102.98,"TRANSP_EXP":156.67,"OTRMAN_VA":3308.54,"OTRMAN_EXP":1628.02,"ELEGAS_VA":9783.11,"ELEGAS_EXP":494.86,"AGUBAS_VA":2439.59,"AGUBAS_EXP":7.89,"CONSTR_VA":21655.33,"CONSTR_EXP":22.68,"COMREV_VA":31897.91,"COMREV_EXP":9165.29,"TRATIE_VA":8555.15,"TRATIE_EXP":3568.63,"TRAGUA_VA":6636.99,"TRAGUA_EXP":15901.6,"TRAAIR_VA":1297.16,"TRAAIR_EXP":1193.81,"ALMSTR_VA":4070.45,"ALMSTR_EXP":2793.11,"POSTME_VA":1875.1,"POSTME_EXP":206.36,"HOTYRE_VA":5114.89,"HOTYRE_EXP":1653.35,"MMTVRA_VA":5159.58,"MMTVRA_EXP":529.34,"TELECO_VA":4784.19,"TELECO_EXP":1039.96,"ITSERV_VA":6368.58,"ITSERV_EXP":1818.45,"SERFIN_VA":16836.82,"SERFIN_EXP":2048.94,"GOBEST_VA":26140.21,"GOBEST_EXP":249.82,"SPRSCT_VA":17334.64,"SPRSCT_EXP":4779.76,"SEAEMP_VA":9926.97,"SEAEMP_EXP":2469.76,"ADPDEF_VA":23337.24,"ADPDEF_EXP":9.79,"EDUCAC_VA":18916.66,"EDUCAC_EXP":114.69,"SALUDH_VA":37231.6,"SALUDH_EXP":69.96,"ESPARC_VA":4099.26,"ESPARC_EXP":280.14,"OTRSER_VA":3653.12,"OTRSER_EXP":98.52,"SERHOG_VA":61.21,"SERHOG_EXP":0.0}},{"type":"Feature","geometry":{"type":"Point","coordinates":[174.89,-40.9]},"properties":{"id":"NZL","name":"Nueva Zelanda","continent":"other","year":2010,"AGRPFO_VA":7733.07,"AGRPFO_EXP":1481.54,"FORLOG_VA":975.54,"FORLOG_EXP":766.43,"PESCAC_VA":1046.7,"PESCAC_EXP":453.84,"MINCOL_VA":57.78,"MINCOL_EXP":117.01,"PETGAS_VA":734.76,"PETGAS_EXP":832.69,"MINORE_VA":1780.95,"MINORE_EXP":45.36,"MINOTH_VA":198.25,"MINOTH_EXP":16.7,"MINSER_VA":258.74,"MINSER_EXP":21.34,"ALYBEB_VA":5552.93,"ALYBEB_EXP":12408.15,"TEXYPR_VA":517.4,"TEXYPR_EXP":584.5,"MADYPR_VA":1004.41,"MADYPR_EXP":894.57,"PAPYPR_VA":1109.99,"PAPYPR_EXP":722.43,"PETREF_VA":1115.47,"PETREF_EXP":704.39,"QUIMYP_VA":723.28,"QUIMYP_EXP":543.71,"FARMED_VA":110.16,"FARMED_EXP":111.19,"HUPLAS_VA":828.18,"HUPLAS_EXP":377.21,"PRNOMT_VA":641.61,"PRNOMT_EXP":98.1,"METBAS_VA":177.21,"METBAS_EXP":433.04,"NONFER_VA":416.19,"NONFER_EXP":1071.62,"PRMETA_VA":1262.02,"PRMETA_EXP":347.26,"ELCTRO_VA":414.74,"ELCTRO_EXP":354.24,"ELCTRI_VA":284.19,"ELCTRI_EXP":468.28,"MAQYEQ_VA":1268.95,"MAQYEQ_EXP":666.32,"AUTOMO_VA":184.99,"AUTOMO_EXP":59.31,"OTRTRA_VA":146.55,"OTRTRA_EXP":166.05,"TRANSP_VA":470.11,"TRANSP_EXP":25.78,"OTRMAN_VA":428.02,"OTRMAN_EXP":262.52,"ELEGAS_VA":3596.84,"ELEGAS_EXP":19.4,"AGUBAS_VA":1011.42,"AGUBAS_EXP":7.92,"CONSTR_VA":8121.3,"CONSTR_EXP":88.67,"COMREV_VA":13489.6,"COMREV_EXP":5030.06,"TRATIE_VA":2219.44,"TRATIE_EXP":588.04,"TRAGUA_VA":244.51,"TRAGUA_EXP":137.49,"TRAAIR_VA":1349.63,"TRAAIR_EXP":1199.37,"ALMSTR_VA":1979.18,"ALMSTR_EXP":263.49,"POSTME_VA":641.53,"POSTME_EXP":101.66,"HOTYRE_VA":2834.88,"HOTYRE_EXP":1657.03,"MMTVRA_VA":1221.77,"MMTVRA_EXP":400.41,"TELECO_VA":1582.13,"TELECO_EXP":446.33,"ITSERV_VA":1482.65,"ITSERV_EXP":530.97,"SERFIN_VA":7220.62,"SERFIN_EXP":735.62,"GOBEST_VA":14197.3,"GOBEST_EXP":469.62,"SPRSCT_VA":11179.5,"SPRSCT_EXP":1076.04,"SEAEMP_VA":2879.67,"SEAEMP_EXP":713.52,"ADPDEF_VA":6391.55,"ADPDEF_EXP":87.15,"EDUCAC_VA":6901.3,"EDUCAC_EXP":392.64,"SALUDH_VA":8906.0,"SALUDH_EXP":98.42,"ESPARC_VA":2056.53,"ESPARC_EXP":533.69,"OTRSER_VA":2697.66,"OTRSER_EXP":119.58,"SERHOG_VA":370.45,"SERHOG_EXP":0.0}},{"type":"Feature","geometry":{"type":"Point","coordinates":[69.35,30.38]},"properties":{"id":"PAK","name":"Pakistán","continent":"asia","year":2010,"AGRPFO_VA":36147.19,"AGRPFO_EXP":519.47,"FORLOG_VA":798.37,"FORLOG_EXP":1.62,"PESCAC_VA":484.86,"PESCAC_EXP":27.6,"MINCOL_VA":125.63,"MINCOL_EXP":0.45,"PETGAS_VA":3235.08,"PETGAS_EXP":13.11,"MINORE_VA":163.62,"MINORE_EXP":117.59,"MINOTH_VA":170.49,"MINOTH_EXP":38.99,"MINSER_VA":138.55,"MINSER_EXP":6.29,"ALYBEB_VA":6611.07,"ALYBEB_EXP":2200.02,"TEXYPR_VA":6865.38,"TEXYPR_EXP":8271.92,"MADYPR_VA":674.48,"MADYPR_EXP":34.38,"PAPYPR_VA":1549.13,"PAPYPR_EXP":41.51,"PETREF_VA":1702.74,"PETREF_EXP":851.34,"QUIMYP_VA":1930.2,"QUIMYP_EXP":446.99,"FARMED_VA":697.01,"FARMED_EXP":97.8,"HUPLAS_VA":915.12,"HUPLAS_EXP":99.23,"PRNOMT_VA":1607.19,"PRNOMT_EXP":351.34,"METBAS_VA":819.48,"METBAS_EXP":77.45,"NONFER_VA":551.12,"NONFER_EXP":80.31,"PRMETA_VA":1177.34,"PRMETA_EXP":155.8,"ELCTRO_VA":948.87,"ELCTRO_EXP":23.28,"ELCTRI_VA":702.54,"ELCTRI_EXP":61.21,"MAQYEQ_VA":1049.3,"MAQYEQ_EXP":75.16,"AUTOMO_VA":1443.76,"AUTOMO_EXP":22.54,"OTRTRA_VA":176.13,"OTRTRA_EXP":8.79,"TRANSP_VA":193.23,"TRANSP_EXP":5.51,"OTRMAN_VA":724.73,"OTRMAN_EXP":660.77,"ELEGAS_VA":2149.67,"ELEGAS_EXP":11.72,"AGUBAS_VA":1217.14,"AGUBAS_EXP":6.42,"CONSTR_VA":4783.04,"CONSTR_EXP":23.15,"COMREV_VA":17252.5,"COMREV_EXP":2092.86,"TRATIE_VA":4901.6,"TRATIE_EXP":268.52,"TRAGUA_VA":1318.77,"TRAGUA_EXP":373.78,"TRAAIR_VA":1002.72,"TRAAIR_EXP":600.43,"ALMSTR_VA":1617.4,"ALMSTR_EXP":174.54,"POSTME_VA":410.15,"POSTME_EXP":2.27,"HOTYRE_VA":4386.97,"HOTYRE_EXP":108.05,"MMTVRA_VA":1233.36,"MMTVRA_EXP":110.91,"TELECO_VA":3130.94,"TELECO_EXP":263.34,"ITSERV_VA":884.73,"ITSERV_EXP":436.2,"SERFIN_VA":6114.63,"SERFIN_EXP":180.58,"GOBEST_VA":7754.12,"GOBEST_EXP":40.15,"SPRSCT_VA":4259.53,"SPRSCT_EXP":804.8,"SEAEMP_VA":2943.55,"SEAEMP_EXP":346.87,"ADPDEF_VA":6795.54,"ADPDEF_EXP":7.76,"EDUCAC_VA":3887.16,"EDUCAC_EXP":8.75,"SALUDH_VA":6652.33,"SALUDH_EXP":7.84,"ESPARC_VA":1085.53,"ESPARC_EXP":42.42,"OTRSER_VA":2159.56,"OTRSER_EXP":17.33,"SERHOG_VA":794.88,"SERHOG_EXP":0.0}},{"type":"Feature","geometry":{"type":"Point","coordinates":[-75.02,-9.19]},"properties":{"id":"PER","name":"Perú","continent":"america","year":2010,"AGRPFO_VA":8567.98,"AGRPFO_EXP":980.26,"FORLOG_VA":310.15,"FORLOG_EXP":8.74,"PESCAC_VA":912.77,"PESCAC_EXP":5.61,"MINCOL_VA":158.21,"MINCOL_EXP":10.93,"PETGAS_VA":2515.26,"PETGAS_EXP":844.38,"MINORE_VA":13915.54,"MINORE_EXP":17697.22,"MINOTH_VA":616.17,"MINOTH_EXP":67.43,"MINSER_VA":1355.85,"MINSER_EXP":1.12,"ALYBEB_VA":5756.27,"ALYBEB_EXP":3712.41,"TEXYPR_VA":2846.91,"TEXYPR_EXP":1246.4,"MADYPR_VA":592.45,"MADYPR_EXP":138.02,"PAPYPR_VA":1384.89,"PAPYPR_EXP":123.73,"PETREF_VA":995.7,"PETREF_EXP":2116.82,"QUIMYP_VA":1376.32,"QUIMYP_EXP":732.97,"FARMED_VA":421.64,"FARMED_EXP":24.13,"HUPLAS_VA":955.86,"HUPLAS_EXP":317.16,"PRNOMT_VA":1667.66,"PRNOMT_EXP":148.86,"METBAS_VA":357.07,"METBAS_EXP":118.85,"NONFER_VA":2099.18,"NONFER_EXP":4716.32,"PRMETA_VA":1043.36,"PRMETA_EXP":216.27,"ELCTRO_VA":47.03,"ELCTRO_EXP":27.85,"ELCTRI_VA":57.25,"ELCTRI_EXP":391.55,"MAQYEQ_VA":554.93,"MAQYEQ_EXP":166.7,"AUTOMO_VA":469.48,"AUTOMO_EXP":72.4,"OTRTRA_VA":18.37,"OTRTRA_EXP":0.66,"TRANSP_VA":199.92,"TRANSP_EXP":9.43,"OTRMAN_VA":3234.62,"OTRMAN_EXP":962.79,"ELEGAS_VA":2431.18,"ELEGAS_EXP":4.73,"AGUBAS_VA":599.64,"AGUBAS_EXP":4.08,"CONSTR_VA":9083.39,"CONSTR_EXP":0.47,"COMREV_VA":14909.08,"COMREV_EXP":2654.6,"TRATIE_VA":5872.96,"TRATIE_EXP":635.87,"TRAGUA_VA":138.35,"TRAGUA_EXP":65.48,"TRAAIR_VA":469.65,"TRAAIR_EXP":298.17,"ALMSTR_VA":1627.11,"ALMSTR_EXP":221.6,"POSTME_VA":179.38,"POSTME_EXP":9.52,"HOTYRE_VA":4862.71,"HOTYRE_EXP":767.71,"MMTVRA_VA":777.93,"MMTVRA_EXP":20.22,"TELECO_VA":2334.28,"TELECO_EXP":71.34,"ITSERV_VA":396.84,"ITSERV_EXP":0.84,"SERFIN_VA":6019.15,"SERFIN_EXP":166.36,"GOBEST_VA":6242.39,"GOBEST_EXP":79.53,"SPRSCT_VA":4617.94,"SPRSCT_EXP":125.24,"SEAEMP_VA":3269.73,"SEAEMP_EXP":144.29,"ADPDEF_VA":7015.05,"ADPDEF_EXP":41.47,"EDUCAC_VA":6131.16,"EDUCAC_EXP":69.45,"SALUDH_VA":3244.17,"SALUDH_EXP":40.31,"ESPARC_VA":1009.08,"ESPARC_EXP":245.6,"OTRSER_VA":1592.26,"OTRSER_EXP":55.85,"SERHOG_VA":3507.79,"SERHOG_EXP":0.0}},{"type":"Feature","geometry":{"type":"Point","coordinates":[121.77,12.88]},"properties":{"id":"PHL","name":"Filipinas","continent":"asia","year":2010,"AGRPFO_VA":19987.95,"AGRPFO_EXP":720.43,"FORLOG_VA":2019.81,"FORLOG_EXP":13.47,"PESCAC_VA":4872.66,"PESCAC_EXP":208.66,"MINCOL_VA":147.67,"MINCOL_EXP":136.11,"PETGAS_VA":868.97,"PETGAS_EXP":432.69,"MINORE_VA":1475.58,"MINORE_EXP":1528.07,"MINOTH_VA":335.95,"MINOTH_EXP":28.41,"MINSER_VA":68.4,"MINSER_EXP":132.4,"ALYBEB_VA":20538.45,"ALYBEB_EXP":4864.2,"TEXYPR_VA":2472.21,"TEXYPR_EXP":1577.99,"MADYPR_VA":450.92,"MADYPR_EXP":653.92,"PAPYPR_VA":510.77,"PAPYPR_EXP":490.97,"PETREF_VA":2811.31,"PETREF_EXP":1261.96,"QUIMYP_VA":2619.53,"QUIMYP_EXP":958.7,"FARMED_VA":544.43,"FARMED_EXP":88.0,"HUPLAS_VA":520.39,"HUPLAS_EXP":609.54,"PRNOMT_VA":999.69,"PRNOMT_EXP":383.15,"METBAS_VA":246.86,"METBAS_EXP":249.18,"NONFER_VA":426.92,"NONFER_EXP":1255.23,"PRMETA_VA":357.49,"PRMETA_EXP":384.47,"ELCTRO_VA":6659.76,"ELCTRO_EXP":15018.01,"ELCTRI_VA":693.73,"ELCTRI_EXP":1564.6,"MAQYEQ_VA":633.81,"MAQYEQ_EXP":861.43,"AUTOMO_VA":504.28,"AUTOMO_EXP":787.57,"OTRTRA_VA":112.77,"OTRTRA_EXP":367.27,"TRANSP_VA":317.37,"TRANSP_EXP":945.22,"OTRMAN_VA":1192.65,"OTRMAN_EXP":997.78,"ELEGAS_VA":5679.2,"ELEGAS_EXP":44.64,"AGUBAS_VA":1050.92,"AGUBAS_EXP":9.1,"CONSTR_VA":10991.17,"CONSTR_EXP":122.65,"COMREV_VA":32840.79,"COMREV_EXP":7177.37,"TRATIE_VA":4048.75,"TRATIE_EXP":1381.52,"TRAGUA_VA":575.09,"TRAGUA_EXP":916.49,"TRAAIR_VA":1088.09,"TRAAIR_EXP":1007.26,"ALMSTR_VA":1179.7,"ALMSTR_EXP":235.75,"POSTME_VA":132.03,"POSTME_EXP":17.61,"HOTYRE_VA":3047.71,"HOTYRE_EXP":1596.49,"MMTVRA_VA":555.1,"MMTVRA_EXP":596.45,"TELECO_VA":7329.31,"TELECO_EXP":4109.37,"ITSERV_VA":1707.37,"ITSERV_EXP":2383.73,"SERFIN_VA":13192.14,"SERFIN_EXP":667.08,"GOBEST_VA":11783.37,"GOBEST_EXP":307.64,"SPRSCT_VA":3039.0,"SPRSCT_EXP":1502.91,"SEAEMP_VA":7828.82,"SEAEMP_EXP":6042.48,"ADPDEF_VA":7781.59,"ADPDEF_EXP":32.98,"EDUCAC_VA":7556.03,"EDUCAC_EXP":68.01,"SALUDH_VA":2668.81,"SALUDH_EXP":45.77,"ESPARC_VA":2398.71,"ESPARC_EXP":820.77,"OTRSER_VA":2002.59,"OTRSER_EXP":81.32,"SERHOG_VA":0.0,"SERHOG_EXP":0.0}},{"type":"Feature","geometry":{"type":"Point","coordinates":[19.15,51.92]},"properties":{"id":"POL","name":"Polonia","continent":"europe","year":2010,"AGRPFO_VA":12197.96,"AGRPFO_EXP":2276.82,"FORLOG_VA":2339.23,"FORLOG_EXP":249.64,"PESCAC_VA":84.16,"PESCAC_EXP":20.85,"MINCOL_VA":5931.99,"MINCOL_EXP":1045.39,"PETGAS_VA":159.59,"PETGAS_EXP":242.67,"MINORE_VA":3397.73,"MINORE_EXP":1875.48,"MINOTH_VA":812.12,"MINOTH_EXP":123.35,"MINSER_VA":310.21,"MINSER_EXP":245.45,"ALYBEB_VA":14368.18,"ALYBEB_EXP":11603.48,"TEXYPR_VA":2941.09,"TEXYPR_EXP":4008.31,"MADYPR_VA":3362.32,"MADYPR_EXP":2927.0,"PAPYPR_VA":3665.55,"PAPYPR_EXP":3524.28,"PETREF_VA":6030.03,"PETREF_EXP":4395.2,"QUIMYP_VA":4176.24,"QUIMYP_EXP":7350.64,"FARMED_VA":1710.53,"FARMED_EXP":1849.47,"HUPLAS_VA":5784.17,"HUPLAS_EXP":7108.72,"PRNOMT_VA":5285.47,"PRNOMT_EXP":2539.04,"METBAS_VA":1655.97,"METBAS_EXP":3639.88,"NONFER_VA":454.55,"NONFER_EXP":1517.83,"PRMETA_VA":8168.71,"PRMETA_EXP":6427.0,"ELCTRO_VA":2586.63,"ELCTRO_EXP":9491.29,"ELCTRI_VA":3342.49,"ELCTRI_EXP":8763.08,"MAQYEQ_VA":4674.73,"MAQYEQ_EXP":6797.46,"AUTOMO_VA":7092.91,"AUTOMO_EXP":19029.03,"OTRTRA_VA":458.94,"OTRTRA_EXP":1009.16,"TRANSP_VA":841.03,"TRANSP_EXP":1382.33,"OTRMAN_VA":8480.87,"OTRMAN_EXP":6374.7,"ELEGAS_VA":14516.2,"ELEGAS_EXP":323.62,"AGUBAS_VA":5329.9,"AGUBAS_EXP":181.23,"CONSTR_VA":37881.37,"CONSTR_EXP":917.52,"COMREV_VA":77612.65,"COMREV_EXP":26710.77,"TRATIE_VA":18588.69,"TRATIE_EXP":7434.05,"TRAGUA_VA":441.15,"TRAGUA_EXP":284.62,"TRAAIR_VA":898.9,"TRAAIR_EXP":1427.99,"ALMSTR_VA":6399.52,"ALMSTR_EXP":2710.98,"POSTME_VA":2871.5,"POSTME_EXP":260.34,"HOTYRE_VA":4602.46,"HOTYRE_EXP":1698.45,"MMTVRA_VA":4428.77,"MMTVRA_EXP":1066.75,"TELECO_VA":6453.6,"TELECO_EXP":1004.47,"ITSERV_VA":4400.24,"ITSERV_EXP":2091.82,"SERFIN_VA":17684.24,"SERFIN_EXP":1702.8,"GOBEST_VA":25193.06,"GOBEST_EXP":1692.68,"SPRSCT_VA":20869.91,"SPRSCT_EXP":8083.63,"SEAEMP_VA":9032.06,"SEAEMP_EXP":1488.17,"ADPDEF_VA":26180.26,"ADPDEF_EXP":16.03,"EDUCAC_VA":21740.49,"EDUCAC_EXP":445.32,"SALUDH_VA":18191.91,"SALUDH_EXP":501.6,"ESPARC_VA":3903.54,"ESPARC_EXP":619.39,"OTRSER_VA":3648.25,"OTRSER_EXP":382.4,"SERHOG_VA":63.04,"SERHOG_EXP":0.0}},{"type":"Feature","geometry":{"type":"Point","coordinates":[-8.22,39.4]},"properties":{"id":"PRT","name":"Portugal","continent":"europe","year":2010,"AGRPFO_VA":3491.71,"AGRPFO_EXP":654.81,"FORLOG_VA":961.5,"FORLOG_EXP":119.13,"PESCAC_VA":406.02,"PESCAC_EXP":177.76,"MINCOL_VA":0.0,"MINCOL_EXP":0.0,"PETGAS_VA":0.0,"PETGAS_EXP":0.0,"MINORE_VA":528.83,"MINORE_EXP":582.85,"MINOTH_VA":432.88,"MINOTH_EXP":118.79,"MINSER_VA":21.54,"MINSER_EXP":24.06,"ALYBEB_VA":5088.32,"ALYBEB_EXP":3337.96,"TEXYPR_VA":4627.33,"TEXYPR_EXP":4286.55,"MADYPR_VA":1278.33,"MADYPR_EXP":1199.38,"PAPYPR_VA":2094.74,"PAPYPR_EXP":2198.7,"PETREF_VA":643.57,"PETREF_EXP":2521.54,"QUIMYP_VA":1129.14,"QUIMYP_EXP":2297.86,"FARMED_VA":608.69,"FARMED_EXP":458.07,"HUPLAS_VA":1301.36,"HUPLAS_EXP":1977.21,"PRNOMT_VA":2236.76,"PRNOMT_EXP":1509.35,"METBAS_VA":335.88,"METBAS_EXP":1083.58,"NONFER_VA":138.41,"NONFER_EXP":744.96,"PRMETA_VA":2721.44,"PRMETA_EXP":1940.91,"ELCTRO_VA":812.39,"ELCTRO_EXP":1697.84,"ELCTRI_VA":943.08,"ELCTRI_EXP":1952.31,"MAQYEQ_VA":990.18,"MAQYEQ_EXP":1430.92,"AUTOMO_VA":1915.93,"AUTOMO_EXP":5416.5,"OTRTRA_VA":38.95,"OTRTRA_EXP":68.99,"TRANSP_VA":103.43,"TRANSP_EXP":192.72,"OTRMAN_VA":2377.27,"OTRMAN_EXP":1475.82,"ELEGAS_VA":4446.56,"ELEGAS_EXP":115.19,"AGUBAS_VA":2342.59,"AGUBAS_EXP":13.69,"CONSTR_VA":13158.85,"CONSTR_EXP":95.95,"COMREV_VA":29020.63,"COMREV_EXP":8481.52,"TRATIE_VA":4931.71,"TRATIE_EXP":2416.21,"TRAGUA_VA":157.44,"TRAGUA_EXP":422.47,"TRAAIR_VA":1311.43,"TRAAIR_EXP":3808.6,"ALMSTR_VA":3768.61,"ALMSTR_EXP":1299.49,"POSTME_VA":701.59,"POSTME_EXP":232.18,"HOTYRE_VA":10481.16,"HOTYRE_EXP":3985.97,"MMTVRA_VA":1558.64,"MMTVRA_EXP":519.0,"TELECO_VA":4064.43,"TELECO_EXP":798.78,"ITSERV_VA":2228.12,"ITSERV_EXP":407.17,"SERFIN_VA":14007.93,"SERFIN_EXP":857.25,"GOBEST_VA":22336.24,"GOBEST_EXP":451.08,"SPRSCT_VA":8196.27,"SPRSCT_EXP":1983.85,"SEAEMP_VA":7377.52,"SEAEMP_EXP":1445.86,"ADPDEF_VA":17728.28,"ADPDEF_EXP":227.44,"EDUCAC_VA":14773.03,"EDUCAC_EXP":250.84,"SALUDH_VA":13475.26,"SALUDH_EXP":149.9,"ESPARC_VA":1762.61,"ESPARC_EXP":496.79,"OTRSER_VA":2799.37,"OTRSER_EXP":175.78,"SERHOG_VA":1633.29,"SERHOG_EXP":0.0}},{"type":"Feature","geometry":{"type":"Point","coordinates":[24.97,45.94]},"properties":{"id":"ROU","name":"Rumania","continent":"europe","year":2010,"AGRPFO_VA":7759.88,"AGRPFO_EXP":1883.14,"FORLOG_VA":976.8,"FORLOG_EXP":64.58,"PESCAC_VA":51.64,"PESCAC_EXP":3.72,"MINCOL_VA":498.43,"MINCOL_EXP":1.6,"PETGAS_VA":1238.6,"PETGAS_EXP":98.08,"MINORE_VA":68.36,"MINORE_EXP":52.76,"MINOTH_VA":75.03,"MINOTH_EXP":25.5,"MINSER_VA":708.93,"MINSER_EXP":20.1,"ALYBEB_VA":10661.74,"ALYBEB_EXP":810.7,"TEXYPR_VA":4319.76,"TEXYPR_EXP":2367.75,"MADYPR_VA":2281.26,"MADYPR_EXP":1059.82,"PAPYPR_VA":1055.05,"PAPYPR_EXP":206.88,"PETREF_VA":590.55,"PETREF_EXP":1318.66,"QUIMYP_VA":546.18,"QUIMYP_EXP":1652.27,"FARMED_VA":118.04,"FARMED_EXP":322.97,"HUPLAS_VA":800.48,"HUPLAS_EXP":1105.86,"PRNOMT_VA":856.19,"PRNOMT_EXP":255.86,"METBAS_VA":1808.95,"METBAS_EXP":1520.47,"NONFER_VA":942.05,"NONFER_EXP":526.41,"PRMETA_VA":865.49,"PRMETA_EXP":89.93,"ELCTRO_VA":3066.71,"ELCTRO_EXP":2678.65,"ELCTRI_VA":3198.09,"ELCTRI_EXP":3215.52,"MAQYEQ_VA":1386.29,"MAQYEQ_EXP":2213.75,"AUTOMO_VA":4749.25,"AUTOMO_EXP":3938.58,"OTRTRA_VA":552.89,"OTRTRA_EXP":415.35,"TRANSP_VA":424.1,"TRANSP_EXP":479.29,"OTRMAN_VA":2954.55,"OTRMAN_EXP":1072.91,"ELEGAS_VA":7280.57,"ELEGAS_EXP":172.44,"AGUBAS_VA":2238.61,"AGUBAS_EXP":0.18,"CONSTR_VA":14287.16,"CONSTR_EXP":0.28,"COMREV_VA":8974.68,"COMREV_EXP":4306.88,"TRATIE_VA":8008.33,"TRATIE_EXP":3477.39,"TRAGUA_VA":251.24,"TRAGUA_EXP":158.06,"TRAAIR_VA":367.83,"TRAAIR_EXP":682.53,"ALMSTR_VA":1770.93,"ALMSTR_EXP":1027.83,"POSTME_VA":567.55,"POSTME_EXP":152.15,"HOTYRE_VA":2102.04,"HOTYRE_EXP":137.66,"MMTVRA_VA":737.52,"MMTVRA_EXP":453.53,"TELECO_VA":3501.87,"TELECO_EXP":686.5,"ITSERV_VA":2791.26,"ITSERV_EXP":1212.83,"SERFIN_VA":3952.88,"SERFIN_EXP":556.86,"GOBEST_VA":14689.26,"GOBEST_EXP":22.24,"SPRSCT_VA":4811.81,"SPRSCT_EXP":1491.29,"SEAEMP_VA":3493.77,"SEAEMP_EXP":102.12,"ADPDEF_VA":6700.7,"ADPDEF_EXP":0.49,"EDUCAC_VA":6639.41,"EDUCAC_EXP":7.18,"SALUDH_VA":6133.37,"SALUDH_EXP":6.28,"ESPARC_VA":2674.52,"ESPARC_EXP":1006.99,"OTRSER_VA":2110.6,"OTRSER_EXP":7.7,"SERHOG_VA":1633.79,"SERHOG_EXP":0.0}},{"type":"Feature","geometry":{"type":"Point","coordinates":[105.32,61.52]},"properties":{"id":"RUS","name":"Rusia","continent":"europe","year":2010,"AGRPFO_VA":48994.66,"AGRPFO_EXP":5911.32,"FORLOG_VA":2898.43,"FORLOG_EXP":1445.21,"PESCAC_VA":2914.98,"PESCAC_EXP":1319.22,"MINCOL_VA":9674.04,"MINCOL_EXP":7336.31,"PETGAS_VA":107247.02,"PETGAS_EXP":53424.62,"MINORE_VA":8160.91,"MINORE_EXP":5625.4,"MINOTH_VA":5866.52,"MINOTH_EXP":4992.74,"MINSER_VA":11940.75,"MINSER_EXP":1166.8,"ALYBEB_VA":28334.49,"ALYBEB_EXP":8035.41,"TEXYPR_VA":3743.58,"TEXYPR_EXP":1446.07,"MADYPR_VA":3604.3,"MADYPR_EXP":4865.18,"PAPYPR_VA":5651.82,"PAPYPR_EXP":4088.92,"PETREF_VA":46347.14,"PETREF_EXP":62150.67,"QUIMYP_VA":15324.85,"QUIMYP_EXP":22463.76,"FARMED_VA":2062.64,"FARMED_EXP":471.27,"HUPLAS_VA":3923.89,"HUPLAS_EXP":2348.53,"PRNOMT_VA":10229.17,"PRNOMT_EXP":1739.2,"METBAS_VA":13233.93,"METBAS_EXP":23513.54,"NONFER_VA":19010.3,"NONFER_EXP":22095.68,"PRMETA_VA":7168.9,"PRMETA_EXP":1874.26,"ELCTRO_VA":7425.66,"ELCTRO_EXP":2555.34,"ELCTRI_VA":5187.66,"ELCTRI_EXP":2602.42,"MAQYEQ_VA":8661.29,"MAQYEQ_EXP":4465.31,"AUTOMO_VA":7812.43,"AUTOMO_EXP":2765.64,"OTRTRA_VA":4037.18,"OTRTRA_EXP":2100.57,"TRANSP_VA":9771.39,"TRANSP_EXP":1437.01,"OTRMAN_VA":8281.35,"OTRMAN_EXP":2950.57,"ELEGAS_VA":45521.2,"ELEGAS_EXP":1765.78,"AGUBAS_VA":7475.66,"AGUBAS_EXP":135.35,"CONSTR_VA":113950.23,"CONSTR_EXP":885.8,"COMREV_VA":256165.52,"COMREV_EXP":77881.36,"TRATIE_VA":66581.8,"TRATIE_EXP":14179.71,"TRAGUA_VA":1445.57,"TRAGUA_EXP":736.24,"TRAAIR_VA":3604.86,"TRAAIR_EXP":4601.94,"ALMSTR_VA":17751.58,"ALMSTR_EXP":4692.57,"POSTME_VA":2558.21,"POSTME_EXP":206.06,"HOTYRE_VA":13757.35,"HOTYRE_EXP":2878.11,"MMTVRA_VA":5782.87,"MMTVRA_EXP":914.68,"TELECO_VA":23442.09,"TELECO_EXP":1739.47,"ITSERV_VA":8680.56,"ITSERV_EXP":1847.76,"SERFIN_VA":54354.33,"SERFIN_EXP":2050.19,"GOBEST_VA":153089.59,"GOBEST_EXP":1055.63,"SPRSCT_VA":58501.25,"SPRSCT_EXP":11503.28,"SEAEMP_VA":25446.94,"SEAEMP_EXP":3708.01,"ADPDEF_VA":103480.07,"ADPDEF_EXP":173.57,"EDUCAC_VA":45285.62,"EDUCAC_EXP":171.78,"SALUDH_VA":44121.7,"SALUDH_EXP":138.37,"ESPARC_VA":10960.02,"ESPARC_EXP":418.5,"OTRSER_VA":6271.54,"OTRSER_EXP":253.58,"SERHOG_VA":9406.98,"SERHOG_EXP":0.0}},{"type":"Feature","geometry":{"type":"Point","coordinates":[45.08,23.89]},"properties":{"id":"SAU","name":"Arabia Saudita","continent":"other","year":2010,"AGRPFO_VA":12470.56,"AGRPFO_EXP":258.43,"FORLOG_VA":16.83,"FORLOG_EXP":0.77,"PESCAC_VA":623.89,"PESCAC_EXP":5.96,"MINCOL_VA":0.0,"MINCOL_EXP":0.0,"PETGAS_VA":193736.46,"PETGAS_EXP":197488.32,"MINORE_VA":555.71,"MINORE_EXP":13.77,"MINOTH_VA":1148.69,"MINOTH_EXP":79.13,"MINSER_VA":458.54,"MINSER_EXP":421.87,"ALYBEB_VA":8177.66,"ALYBEB_EXP":1688.87,"TEXYPR_VA":2047.93,"TEXYPR_EXP":335.94,"MADYPR_VA":573.38,"MADYPR_EXP":16.89,"PAPYPR_VA":2401.94,"PAPYPR_EXP":620.63,"PETREF_VA":14938.64,"PETREF_EXP":12592.73,"QUIMYP_VA":12090.28,"QUIMYP_EXP":13617.04,"FARMED_VA":331.6,"FARMED_EXP":147.29,"HUPLAS_VA":1770.27,"HUPLAS_EXP":459.9,"PRNOMT_VA":3047.54,"PRNOMT_EXP":349.58,"METBAS_VA":496.57,"METBAS_EXP":376.28,"NONFER_VA":434.28,"NONFER_EXP":767.59,"PRMETA_VA":2798.15,"PRMETA_EXP":543.01,"ELCTRO_VA":76.6,"ELCTRO_EXP":6.17,"ELCTRI_VA":1736.83,"ELCTRI_EXP":456.32,"MAQYEQ_VA":974.5,"MAQYEQ_EXP":147.98,"AUTOMO_VA":484.99,"AUTOMO_EXP":5.1,"OTRTRA_VA":18.96,"OTRTRA_EXP":22.48,"TRANSP_VA":30.9,"TRANSP_EXP":0.81,"OTRMAN_VA":2265.66,"OTRMAN_EXP":321.37,"ELEGAS_VA":4589.6,"ELEGAS_EXP":74.9,"AGUBAS_VA":1487.97,"AGUBAS_EXP":1.69,"CONSTR_VA":21328.22,"CONSTR_EXP":189.11,"COMREV_VA":40083.73,"COMREV_EXP":12490.9,"TRATIE_VA":5022.37,"TRATIE_EXP":2326.38,"TRAGUA_VA":426.04,"TRAGUA_EXP":328.65,"TRAAIR_VA":1726.47,"TRAAIR_EXP":1368.77,"ALMSTR_VA":4324.84,"ALMSTR_EXP":1564.42,"POSTME_VA":536.4,"POSTME_EXP":38.65,"HOTYRE_VA":8627.84,"HOTYRE_EXP":3819.8,"MMTVRA_VA":1017.84,"MMTVRA_EXP":106.51,"TELECO_VA":11015.34,"TELECO_EXP":418.78,"ITSERV_VA":2856.03,"ITSERV_EXP":25.28,"SERFIN_VA":17437.59,"SERFIN_EXP":179.81,"GOBEST_VA":13387.88,"GOBEST_EXP":470.4,"SPRSCT_VA":3364.2,"SPRSCT_EXP":120.65,"SEAEMP_VA":5133.25,"SEAEMP_EXP":151.93,"ADPDEF_VA":66910.87,"ADPDEF_EXP":31.61,"EDUCAC_VA":26951.32,"EDUCAC_EXP":145.9,"SALUDH_VA":15951.36,"SALUDH_EXP":129.6,"ESPARC_VA":1364.17,"ESPARC_EXP":320.03,"OTRSER_VA":3346.4,"OTRSER_EXP":151.31,"SERHOG_VA":4575.26,"SERHOG_EXP":0.0}},{"type":"Feature","geometry":{"type":"Point","coordinates":[-14.45,14.5]},"properties":{"id":"SEN","name":"Senegal","continent":"other","year":2010,"AGRPFO_VA":2231.75,"AGRPFO_EXP":109.16,"FORLOG_VA":95.13,"FORLOG_EXP":3.16,"PESCAC_VA":217.27,"PESCAC_EXP":77.05,"MINCOL_VA":11.78,"MINCOL_EXP":0.12,"PETGAS_VA":9.13,"PETGAS_EXP":0.38,"MINORE_VA":219.08,"MINORE_EXP":178.46,"MINOTH_VA":166.87,"MINOTH_EXP":90.88,"MINSER_VA":5.15,"MINSER_EXP":1.13,"ALYBEB_VA":957.29,"ALYBEB_EXP":304.77,"TEXYPR_VA":359.32,"TEXYPR_EXP":76.29,"MADYPR_VA":77.16,"MADYPR_EXP":3.42,"PAPYPR_VA":89.07,"PAPYPR_EXP":10.66,"PETREF_VA":44.47,"PETREF_EXP":302.17,"QUIMYP_VA":184.79,"QUIMYP_EXP":131.0,"FARMED_VA":24.43,"FARMED_EXP":6.82,"HUPLAS_VA":73.06,"HUPLAS_EXP":7.54,"PRNOMT_VA":180.74,"PRNOMT_EXP":113.07,"METBAS_VA":108.11,"METBAS_EXP":25.36,"NONFER_VA":2.82,"NONFER_EXP":20.8,"PRMETA_VA":116.69,"PRMETA_EXP":3.7,"ELCTRO_VA":0.36,"ELCTRO_EXP":0.12,"ELCTRI_VA":26.09,"ELCTRI_EXP":9.16,"MAQYEQ_VA":3.23,"MAQYEQ_EXP":4.87,"AUTOMO_VA":1.43,"AUTOMO_EXP":0.69,"OTRTRA_VA":17.22,"OTRTRA_EXP":2.54,"TRANSP_VA":43.29,"TRANSP_EXP":0.96,"OTRMAN_VA":106.1,"OTRMAN_EXP":9.7,"ELEGAS_VA":154.66,"ELEGAS_EXP":5.34,"AGUBAS_VA":134.41,"AGUBAS_EXP":0.15,"CONSTR_VA":398.02,"CONSTR_EXP":2.2,"COMREV_VA":2134.89,"COMREV_EXP":219.18,"TRATIE_VA":399.08,"TRATIE_EXP":65.87,"TRAGUA_VA":8.29,"TRAGUA_EXP":6.66,"TRAAIR_VA":25.84,"TRAAIR_EXP":45.06,"ALMSTR_VA":179.29,"ALMSTR_EXP":70.8,"POSTME_VA":11.3,"POSTME_EXP":0.94,"HOTYRE_VA":122.12,"HOTYRE_EXP":150.91,"MMTVRA_VA":83.18,"MMTVRA_EXP":22.67,"TELECO_VA":750.66,"TELECO_EXP":197.94,"ITSERV_VA":72.75,"ITSERV_EXP":16.9,"SERFIN_VA":355.68,"SERFIN_EXP":33.55,"GOBEST_VA":1609.16,"GOBEST_EXP":33.34,"SPRSCT_VA":674.0,"SPRSCT_EXP":178.01,"SEAEMP_VA":352.74,"SEAEMP_EXP":39.3,"ADPDEF_VA":740.45,"ADPDEF_EXP":2.32,"EDUCAC_VA":772.01,"EDUCAC_EXP":8.97,"SALUDH_VA":276.63,"SALUDH_EXP":6.29,"ESPARC_VA":49.62,"ESPARC_EXP":15.11,"OTRSER_VA":185.53,"OTRSER_EXP":8.38,"SERHOG_VA":87.12,"SERHOG_EXP":0.0}},{"type":"Feature","geometry":{"type":"Point","coordinates":[103.82,1.35]},"properties":{"id":"SGP","name":"Singapur","continent":"asia","year":2010,"AGRPFO_VA":52.97,"AGRPFO_EXP":51.08,"FORLOG_VA":0.0,"FORLOG_EXP":0.0,"PESCAC_VA":34.39,"PESCAC_EXP":8.58,"MINCOL_VA":0.0,"MINCOL_EXP":0.0,"PETGAS_VA":0.0,"PETGAS_EXP":0.0,"MINORE_VA":0.0,"MINORE_EXP":0.0,"MINOTH_VA":0.0,"MINOTH_EXP":0.0,"MINSER_VA":0.0,"MINSER_EXP":0.0,"ALYBEB_VA":2212.37,"ALYBEB_EXP":3591.24,"TEXYPR_VA":237.98,"TEXYPR_EXP":411.13,"MADYPR_VA":73.81,"MADYPR_EXP":83.48,"PAPYPR_VA":1286.51,"PAPYPR_EXP":1541.77,"PETREF_VA":567.11,"PETREF_EXP":18253.69,"QUIMYP_VA":4118.88,"QUIMYP_EXP":21819.8,"FARMED_VA":8135.0,"FARMED_EXP":4834.8,"HUPLAS_VA":604.3,"HUPLAS_EXP":1551.58,"PRNOMT_VA":375.98,"PRNOMT_EXP":320.07,"METBAS_VA":109.28,"METBAS_EXP":515.56,"NONFER_VA":703.61,"NONFER_EXP":1263.63,"PRMETA_VA":1256.28,"PRMETA_EXP":2467.98,"ELCTRO_VA":17226.51,"ELCTRO_EXP":50713.54,"ELCTRI_VA":513.66,"ELCTRI_EXP":1513.49,"MAQYEQ_VA":4361.38,"MAQYEQ_EXP":13651.21,"AUTOMO_VA":162.12,"AUTOMO_EXP":346.86,"OTRTRA_VA":2248.38,"OTRTRA_EXP":1492.24,"TRANSP_VA":3189.29,"TRANSP_EXP":2373.03,"OTRMAN_VA":2024.92,"OTRMAN_EXP":3067.95,"ELEGAS_VA":3339.4,"ELEGAS_EXP":32.72,"AGUBAS_VA":1375.04,"AGUBAS_EXP":48.36,"CONSTR_VA":10607.26,"CONSTR_EXP":430.45,"COMREV_VA":42639.99,"COMREV_EXP":34109.15,"TRATIE_VA":2812.15,"TRATIE_EXP":1494.42,"TRAGUA_VA":5211.01,"TRAGUA_EXP":27827.65,"TRAAIR_VA":3190.85,"TRAAIR_EXP":6382.53,"ALMSTR_VA":6649.35,"ALMSTR_EXP":2298.44,"POSTME_VA":466.23,"POSTME_EXP":675.22,"HOTYRE_VA":4524.8,"HOTYRE_EXP":3766.04,"MMTVRA_VA":1921.43,"MMTVRA_EXP":5750.91,"TELECO_VA":3145.5,"TELECO_EXP":2301.78,"ITSERV_VA":3223.56,"ITSERV_EXP":2664.47,"SERFIN_VA":24112.88,"SERFIN_EXP":27985.28,"GOBEST_VA":16900.44,"GOBEST_EXP":1397.05,"SPRSCT_VA":19169.57,"SPRSCT_EXP":13157.78,"SEAEMP_VA":10488.12,"SEAEMP_EXP":3855.19,"ADPDEF_VA":5493.26,"ADPDEF_EXP":163.17,"EDUCAC_VA":6959.93,"EDUCAC_EXP":1001.53,"SALUDH_VA":6223.7,"SALUDH_EXP":960.13,"ESPARC_VA":1483.64,"ESPARC_EXP":604.8,"OTRSER_VA":1482.15,"OTRSER_EXP":340.29,"SERHOG_VA":881.07,"SERHOG_EXP":0.0}},{"type":"Feature","geometry":{"type":"Point","coordinates":[6.61,0.19]},"properties":{"id":"STP","name":"S. Tomé y Príncipe","continent":"other","year":2010,"AGRPFO_VA":10.64,"AGRPFO_EXP":7.75,"FORLOG_VA":0.06,"FORLOG_EXP":0.01,"PESCAC_VA":14.61,"PESCAC_EXP":0.1,"MINCOL_VA":0.02,"MINCOL_EXP":0.0,"PETGAS_VA":0.25,"PETGAS_EXP":0.01,"MINORE_VA":0.01,"MINORE_EXP":0.0,"MINOTH_VA":0.14,"MINOTH_EXP":0.03,"MINSER_VA":0.08,"MINSER_EXP":0.0,"ALYBEB_VA":4.7,"ALYBEB_EXP":0.8,"TEXYPR_VA":0.02,"TEXYPR_EXP":0.04,"MADYPR_VA":0.01,"MADYPR_EXP":0.0,"PAPYPR_VA":0.02,"PAPYPR_EXP":0.0,"PETREF_VA":0.07,"PETREF_EXP":0.02,"QUIMYP_VA":0.04,"QUIMYP_EXP":0.01,"FARMED_VA":0.02,"FARMED_EXP":0.0,"HUPLAS_VA":0.03,"HUPLAS_EXP":0.0,"PRNOMT_VA":0.09,"PRNOMT_EXP":0.01,"METBAS_VA":0.0,"METBAS_EXP":0.0,"NONFER_VA":0.0,"NONFER_EXP":0.0,"PRMETA_VA":0.02,"PRMETA_EXP":0.0,"ELCTRO_VA":0.0,"ELCTRO_EXP":0.01,"ELCTRI_VA":0.01,"ELCTRI_EXP":0.0,"MAQYEQ_VA":0.01,"MAQYEQ_EXP":0.0,"AUTOMO_VA":0.01,"AUTOMO_EXP":0.0,"OTRTRA_VA":0.0,"OTRTRA_EXP":0.0,"TRANSP_VA":0.0,"TRANSP_EXP":0.0,"OTRMAN_VA":0.04,"OTRMAN_EXP":0.02,"ELEGAS_VA":2.57,"ELEGAS_EXP":0.05,"AGUBAS_VA":2.18,"AGUBAS_EXP":0.08,"CONSTR_VA":6.5,"CONSTR_EXP":0.14,"COMREV_VA":32.07,"COMREV_EXP":3.05,"TRATIE_VA":11.69,"TRATIE_EXP":1.02,"TRAGUA_VA":0.25,"TRAGUA_EXP":0.18,"TRAAIR_VA":1.45,"TRAAIR_EXP":0.64,"ALMSTR_VA":7.88,"ALMSTR_EXP":0.3,"POSTME_VA":2.44,"POSTME_EXP":0.06,"HOTYRE_VA":20.02,"HOTYRE_EXP":3.59,"MMTVRA_VA":1.78,"MMTVRA_EXP":0.42,"TELECO_VA":3.18,"TELECO_EXP":1.05,"ITSERV_VA":3.01,"ITSERV_EXP":1.44,"SERFIN_VA":18.83,"SERFIN_EXP":1.93,"GOBEST_VA":0.87,"GOBEST_EXP":0.08,"SPRSCT_VA":0.69,"SPRSCT_EXP":0.21,"SEAEMP_VA":0.74,"SEAEMP_EXP":0.18,"ADPDEF_VA":19.73,"ADPDEF_EXP":0.12,"EDUCAC_VA":6.91,"EDUCAC_EXP":0.23,"SALUDH_VA":4.49,"SALUDH_EXP":0.18,"ESPARC_VA":3.67,"ESPARC_EXP":0.46,"OTRSER_VA":5.15,"OTRSER_EXP":0.26,"SERHOG_VA":3.28,"SERHOG_EXP":0.0}},{"type":"Feature","geometry":{"type":"Point","coordinates":[19.7,48.67]},"properties":{"id":"SVK","name":"Eslovaquia","continent":"europe","year":2010,"AGRPFO_VA":863.28,"AGRPFO_EXP":824.17,"FORLOG_VA":591.55,"FORLOG_EXP":195.57,"PESCAC_VA":2.26,"PESCAC_EXP":1.56,"MINCOL_VA":40.0,"MINCOL_EXP":45.42,"PETGAS_VA":0.48,"PETGAS_EXP":0.07,"MINORE_VA":8.45,"MINORE_EXP":20.38,"MINOTH_VA":44.07,"MINOTH_EXP":30.35,"MINSER_VA":129.68,"MINSER_EXP":12.24,"ALYBEB_VA":1242.91,"ALYBEB_EXP":1341.83,"TEXYPR_VA":882.87,"TEXYPR_EXP":1180.65,"MADYPR_VA":585.53,"MADYPR_EXP":582.5,"PAPYPR_VA":625.85,"PAPYPR_EXP":1193.06,"PETREF_VA":1422.95,"PETREF_EXP":2141.35,"QUIMYP_VA":401.53,"QUIMYP_EXP":1904.66,"FARMED_VA":192.54,"FARMED_EXP":381.73,"HUPLAS_VA":952.22,"HUPLAS_EXP":2297.02,"PRNOMT_VA":737.15,"PRNOMT_EXP":778.42,"METBAS_VA":1251.54,"METBAS_EXP":2560.87,"NONFER_VA":360.37,"NONFER_EXP":752.05,"PRMETA_VA":2043.35,"PRMETA_EXP":2492.91,"ELCTRO_VA":992.59,"ELCTRO_EXP":6897.39,"ELCTRI_VA":839.83,"ELCTRI_EXP":2675.32,"MAQYEQ_VA":1236.74,"MAQYEQ_EXP":2560.76,"AUTOMO_VA":2899.87,"AUTOMO_EXP":14041.87,"OTRTRA_VA":7.64,"OTRTRA_EXP":0.38,"TRANSP_VA":198.25,"TRANSP_EXP":133.76,"OTRMAN_VA":1154.92,"OTRMAN_EXP":1111.9,"ELEGAS_VA":4004.6,"ELEGAS_EXP":122.25,"AGUBAS_VA":931.89,"AGUBAS_EXP":34.71,"CONSTR_VA":7693.77,"CONSTR_EXP":328.51,"COMREV_VA":11879.97,"COMREV_EXP":5790.6,"TRATIE_VA":2271.03,"TRATIE_EXP":1725.52,"TRAGUA_VA":75.94,"TRAGUA_EXP":31.52,"TRAAIR_VA":55.91,"TRAAIR_EXP":54.8,"ALMSTR_VA":1400.58,"ALMSTR_EXP":721.81,"POSTME_VA":350.36,"POSTME_EXP":114.69,"HOTYRE_VA":1084.89,"HOTYRE_EXP":700.95,"MMTVRA_VA":752.38,"MMTVRA_EXP":176.12,"TELECO_VA":1617.98,"TELECO_EXP":176.19,"ITSERV_VA":2029.61,"ITSERV_EXP":384.75,"SERFIN_VA":2767.71,"SERFIN_EXP":415.65,"GOBEST_VA":8346.68,"GOBEST_EXP":168.28,"SPRSCT_VA":4770.06,"SPRSCT_EXP":1033.34,"SEAEMP_VA":3006.42,"SEAEMP_EXP":623.6,"ADPDEF_VA":6528.52,"ADPDEF_EXP":39.57,"EDUCAC_VA":2883.74,"EDUCAC_EXP":88.87,"SALUDH_VA":2759.98,"SALUDH_EXP":100.07,"ESPARC_VA":1844.84,"ESPARC_EXP":243.99,"OTRSER_VA":993.66,"OTRSER_EXP":99.6,"SERHOG_VA":44.93,"SERHOG_EXP":0.0}},{"type":"Feature","geometry":{"type":"Point","coordinates":[14.99,46.15]},"properties":{"id":"SVN","name":"Eslovenia","continent":"europe","year":2010,"AGRPFO_VA":681.07,"AGRPFO_EXP":320.59,"FORLOG_VA":284.57,"FORLOG_EXP":96.67,"PESCAC_VA":6.57,"PESCAC_EXP":2.49,"MINCOL_VA":138.27,"MINCOL_EXP":1.65,"PETGAS_VA":0.0,"PETGAS_EXP":0.0,"MINORE_VA":5.3,"MINORE_EXP":3.37,"MINOTH_VA":71.92,"MINOTH_EXP":19.91,"MINSER_VA":2.59,"MINSER_EXP":0.22,"ALYBEB_VA":663.89,"ALYBEB_EXP":555.66,"TEXYPR_VA":345.66,"TEXYPR_EXP":507.14,"MADYPR_VA":285.82,"MADYPR_EXP":518.87,"PAPYPR_VA":405.22,"PAPYPR_EXP":639.81,"PETREF_VA":1.26,"PETREF_EXP":0.21,"QUIMYP_VA":460.3,"QUIMYP_EXP":1174.05,"FARMED_VA":1076.24,"FARMED_EXP":1465.81,"HUPLAS_VA":609.22,"HUPLAS_EXP":1190.14,"PRNOMT_VA":366.5,"PRNOMT_EXP":437.24,"METBAS_VA":225.24,"METBAS_EXP":621.85,"NONFER_VA":122.54,"NONFER_EXP":439.49,"PRMETA_VA":1152.19,"PRMETA_EXP":1524.07,"ELCTRO_VA":339.32,"ELCTRO_EXP":652.88,"ELCTRI_VA":866.2,"ELCTRI_EXP":2060.03,"MAQYEQ_VA":580.44,"MAQYEQ_EXP":1226.89,"AUTOMO_VA":832.63,"AUTOMO_EXP":2815.25,"OTRTRA_VA":12.93,"OTRTRA_EXP":32.14,"TRANSP_VA":21.59,"TRANSP_EXP":42.98,"OTRMAN_VA":603.99,"OTRMAN_EXP":773.71,"ELEGAS_VA":1058.41,"ELEGAS_EXP":596.59,"AGUBAS_VA":463.15,"AGUBAS_EXP":51.3,"CONSTR_VA":2825.97,"CONSTR_EXP":145.2,"COMREV_VA":5299.95,"COMREV_EXP":2767.0,"TRATIE_VA":1592.4,"TRATIE_EXP":1233.68,"TRAGUA_VA":101.27,"TRAGUA_EXP":119.63,"TRAAIR_VA":62.22,"TRAAIR_EXP":213.64,"ALMSTR_VA":800.74,"ALMSTR_EXP":526.78,"POSTME_VA":276.5,"POSTME_EXP":23.95,"HOTYRE_VA":975.97,"HOTYRE_EXP":1016.56,"MMTVRA_VA":347.44,"MMTVRA_EXP":176.86,"TELECO_VA":727.15,"TELECO_EXP":292.67,"ITSERV_VA":680.34,"ITSERV_EXP":121.12,"SERFIN_VA":2297.78,"SERFIN_EXP":373.18,"GOBEST_VA":3319.85,"GOBEST_EXP":159.49,"SPRSCT_VA":2931.42,"SPRSCT_EXP":698.96,"SEAEMP_VA":1143.87,"SEAEMP_EXP":461.26,"ADPDEF_VA":2851.26,"ADPDEF_EXP":14.88,"EDUCAC_VA":2575.05,"EDUCAC_EXP":74.49,"SALUDH_VA":2283.0,"SALUDH_EXP":49.72,"ESPARC_VA":698.16,"ESPARC_EXP":106.31,"OTRSER_VA":474.72,"OTRSER_EXP":53.63,"SERHOG_VA":34.89,"SERHOG_EXP":0.0}},{"type":"Feature","geometry":{"type":"Point","coordinates":[18.64,60.13]},"properties":{"id":"SWE","name":"Suecia","continent":"europe","year":2010,"AGRPFO_VA":3846.54,"AGRPFO_EXP":731.52,"FORLOG_VA":3918.27,"FORLOG_EXP":185.06,"PESCAC_VA":146.9,"PESCAC_EXP":255.74,"MINCOL_VA":91.24,"MINCOL_EXP":5.21,"PETGAS_VA":21.49,"PETGAS_EXP":0.99,"MINORE_VA":3352.26,"MINORE_EXP":3345.41,"MINOTH_VA":370.84,"MINOTH_EXP":121.56,"MINSER_VA":173.57,"MINSER_EXP":193.17,"ALYBEB_VA":6096.03,"ALYBEB_EXP":3586.87,"TEXYPR_VA":675.35,"TEXYPR_EXP":850.45,"MADYPR_VA":3139.89,"MADYPR_EXP":3514.34,"PAPYPR_VA":6917.14,"PAPYPR_EXP":11300.3,"PETREF_VA":2068.14,"PETREF_EXP":7896.27,"QUIMYP_VA":4178.77,"QUIMYP_EXP":5950.3,"FARMED_VA":8755.88,"FARMED_EXP":6625.92,"HUPLAS_VA":2295.36,"HUPLAS_EXP":3282.92,"PRNOMT_VA":1974.79,"PRNOMT_EXP":1158.88,"METBAS_VA":3085.55,"METBAS_EXP":7298.0,"NONFER_VA":1025.64,"NONFER_EXP":2990.14,"PRMETA_VA":6949.86,"PRMETA_EXP":4811.03,"ELCTRO_VA":4044.62,"ELCTRO_EXP":5534.83,"ELCTRI_VA":2801.08,"ELCTRI_EXP":5393.83,"MAQYEQ_VA":10440.81,"MAQYEQ_EXP":17338.29,"AUTOMO_VA":9237.81,"AUTOMO_EXP":14579.19,"OTRTRA_VA":251.86,"OTRTRA_EXP":354.0,"TRANSP_VA":1773.29,"TRANSP_EXP":1295.12,"OTRMAN_VA":4920.82,"OTRMAN_EXP":4496.15,"ELEGAS_VA":14211.88,"ELEGAS_EXP":1147.05,"AGUBAS_VA":2653.71,"AGUBAS_EXP":21.3,"CONSTR_VA":25278.32,"CONSTR_EXP":566.09,"COMREV_VA":52863.29,"COMREV_EXP":21999.75,"TRATIE_VA":11988.6,"TRATIE_EXP":3239.84,"TRAGUA_VA":1123.65,"TRAGUA_EXP":1662.25,"TRAAIR_VA":1064.95,"TRAAIR_EXP":2141.46,"ALMSTR_VA":7998.13,"ALMSTR_EXP":7929.37,"POSTME_VA":3844.39,"POSTME_EXP":482.46,"HOTYRE_VA":6753.17,"HOTYRE_EXP":2784.64,"MMTVRA_VA":6095.6,"MMTVRA_EXP":3005.33,"TELECO_VA":7119.63,"TELECO_EXP":1729.34,"ITSERV_VA":16761.01,"ITSERV_EXP":5598.03,"SERFIN_VA":18213.91,"SERFIN_EXP":2258.05,"GOBEST_VA":40344.36,"GOBEST_EXP":609.52,"SPRSCT_VA":30395.82,"SPRSCT_EXP":12093.73,"SEAEMP_VA":14595.52,"SEAEMP_EXP":6677.57,"ADPDEF_VA":20151.99,"ADPDEF_EXP":262.49,"EDUCAC_VA":24756.54,"EDUCAC_EXP":293.89,"SALUDH_VA":46913.77,"SALUDH_EXP":335.19,"ESPARC_VA":6020.53,"ESPARC_EXP":531.57,"OTRSER_VA":7063.39,"OTRSER_EXP":249.28,"SERHOG_VA":150.54,"SERHOG_EXP":0.0}},{"type":"Feature","geometry":{"type":"Point","coordinates":[100.99,15.87]},"properties":{"id":"THA","name":"Tailandia","continent":"asia","year":2010,"AGRPFO_VA":27008.42,"AGRPFO_EXP":4284.51,"FORLOG_VA":237.01,"FORLOG_EXP":234.85,"PESCAC_VA":2723.45,"PESCAC_EXP":46.6,"MINCOL_VA":363.17,"MINCOL_EXP":12.79,"PETGAS_VA":8021.61,"PETGAS_EXP":675.57,"MINORE_VA":56.82,"MINORE_EXP":101.62,"MINOTH_VA":1140.2,"MINOTH_EXP":459.35,"MINSER_VA":1054.14,"MINSER_EXP":35.11,"ALYBEB_VA":19665.09,"ALYBEB_EXP":20273.04,"TEXYPR_VA":7874.08,"TEXYPR_EXP":7689.21,"MADYPR_VA":868.05,"MADYPR_EXP":1229.59,"PAPYPR_VA":1779.7,"PAPYPR_EXP":1591.87,"PETREF_VA":6494.17,"PETREF_EXP":7588.23,"QUIMYP_VA":7277.28,"QUIMYP_EXP":14304.27,"FARMED_VA":672.95,"FARMED_EXP":262.95,"HUPLAS_VA":6055.62,"HUPLAS_EXP":12027.28,"PRNOMT_VA":3864.14,"PRNOMT_EXP":1767.73,"METBAS_VA":1388.0,"METBAS_EXP":1566.4,"NONFER_VA":904.7,"NONFER_EXP":1049.15,"PRMETA_VA":2770.54,"PRMETA_EXP":4505.24,"ELCTRO_VA":13252.72,"ELCTRO_EXP":32449.19,"ELCTRI_VA":3748.22,"ELCTRI_EXP":9956.02,"MAQYEQ_VA":3905.75,"MAQYEQ_EXP":8896.27,"AUTOMO_VA":7153.27,"AUTOMO_EXP":15219.78,"OTRTRA_VA":592.56,"OTRTRA_EXP":409.37,"TRANSP_VA":1057.05,"TRANSP_EXP":2198.73,"OTRMAN_VA":5237.37,"OTRMAN_EXP":10696.51,"ELEGAS_VA":7112.05,"ELEGAS_EXP":169.38,"AGUBAS_VA":1012.36,"AGUBAS_EXP":0.34,"CONSTR_VA":8313.83,"CONSTR_EXP":0.51,"COMREV_VA":66959.77,"COMREV_EXP":24470.09,"TRATIE_VA":7520.11,"TRATIE_EXP":6980.55,"TRAGUA_VA":2933.9,"TRAGUA_EXP":4776.95,"TRAAIR_VA":3254.04,"TRAAIR_EXP":4206.92,"ALMSTR_VA":2494.56,"ALMSTR_EXP":565.02,"POSTME_VA":583.37,"POSTME_EXP":371.24,"HOTYRE_VA":8914.0,"HOTYRE_EXP":4132.16,"MMTVRA_VA":1149.03,"MMTVRA_EXP":127.21,"TELECO_VA":3539.02,"TELECO_EXP":2053.75,"ITSERV_VA":1236.2,"ITSERV_EXP":328.93,"SERFIN_VA":15111.71,"SERFIN_EXP":724.87,"GOBEST_VA":7684.11,"GOBEST_EXP":1829.42,"SPRSCT_VA":5129.03,"SPRSCT_EXP":700.35,"SEAEMP_VA":4528.5,"SEAEMP_EXP":2302.79,"ADPDEF_VA":16814.81,"ADPDEF_EXP":0.6,"EDUCAC_VA":10920.38,"EDUCAC_EXP":1.96,"SALUDH_VA":6352.37,"SALUDH_EXP":613.73,"ESPARC_VA":1275.67,"ESPARC_EXP":194.72,"OTRSER_VA":3407.97,"OTRSER_EXP":1352.06,"SERHOG_VA":462.76,"SERHOG_EXP":0.0}},{"type":"Feature","geometry":{"type":"Point","coordinates":[9.54,33.89]},"properties":{"id":"TUN","name":"Túnez","continent":"other","year":2010,"AGRPFO_VA":2778.24,"AGRPFO_EXP":379.81,"FORLOG_VA":356.71,"FORLOG_EXP":4.03,"PESCAC_VA":542.27,"PESCAC_EXP":58.76,"MINCOL_VA":489.49,"MINCOL_EXP":0.12,"PETGAS_VA":1621.94,"PETGAS_EXP":2048.4,"MINORE_VA":7.12,"MINORE_EXP":0.78,"MINOTH_VA":277.2,"MINOTH_EXP":116.45,"MINSER_VA":124.15,"MINSER_EXP":3.3,"ALYBEB_VA":1373.23,"ALYBEB_EXP":1011.41,"TEXYPR_VA":1734.0,"TEXYPR_EXP":3071.02,"MADYPR_VA":169.73,"MADYPR_EXP":32.09,"PAPYPR_VA":214.86,"PAPYPR_EXP":192.88,"PETREF_VA":70.02,"PETREF_EXP":328.8,"QUIMYP_VA":378.58,"QUIMYP_EXP":1398.03,"FARMED_VA":250.88,"FARMED_EXP":55.88,"HUPLAS_VA":121.19,"HUPLAS_EXP":254.02,"PRNOMT_VA":584.81,"PRNOMT_EXP":218.32,"METBAS_VA":91.97,"METBAS_EXP":284.46,"NONFER_VA":68.39,"NONFER_EXP":203.87,"PRMETA_VA":568.59,"PRMETA_EXP":506.4,"ELCTRO_VA":337.21,"ELCTRO_EXP":903.67,"ELCTRI_VA":744.2,"ELCTRI_EXP":1751.76,"MAQYEQ_VA":405.9,"MAQYEQ_EXP":288.85,"AUTOMO_VA":394.36,"AUTOMO_EXP":570.19,"OTRTRA_VA":20.66,"OTRTRA_EXP":52.25,"TRANSP_VA":55.32,"TRANSP_EXP":119.46,"OTRMAN_VA":303.37,"OTRMAN_EXP":249.78,"ELEGAS_VA":431.27,"ELEGAS_EXP":5.51,"AGUBAS_VA":162.37,"AGUBAS_EXP":0.71,"CONSTR_VA":2622.93,"CONSTR_EXP":1.0,"COMREV_VA":3416.33,"COMREV_EXP":1346.19,"TRATIE_VA":1812.73,"TRATIE_EXP":851.39,"TRAGUA_VA":119.38,"TRAGUA_EXP":220.38,"TRAAIR_VA":217.28,"TRAAIR_EXP":480.5,"ALMSTR_VA":969.16,"ALMSTR_EXP":454.04,"POSTME_VA":402.03,"POSTME_EXP":74.71,"HOTYRE_VA":2193.78,"HOTYRE_EXP":917.44,"MMTVRA_VA":183.16,"MMTVRA_EXP":57.71,"TELECO_VA":1385.47,"TELECO_EXP":477.63,"ITSERV_VA":525.05,"ITSERV_EXP":157.15,"SERFIN_VA":1557.71,"SERFIN_EXP":224.47,"GOBEST_VA":1813.12,"GOBEST_EXP":150.8,"SPRSCT_VA":1311.02,"SPRSCT_EXP":472.8,"SEAEMP_VA":992.46,"SEAEMP_EXP":194.87,"ADPDEF_VA":3876.13,"ADPDEF_EXP":0.43,"EDUCAC_VA":2741.29,"EDUCAC_EXP":45.7,"SALUDH_VA":96.38,"SALUDH_EXP":34.88,"ESPARC_VA":61.95,"ESPARC_EXP":61.54,"OTRSER_VA":108.95,"OTRSER_EXP":29.64,"SERHOG_VA":135.66,"SERHOG_EXP":0.0}},{"type":"Feature","geometry":{"type":"Point","coordinates":[35.24,38.96]},"properties":{"id":"TUR","name":"Turquía","continent":"europe","year":2010,"AGRPFO_VA":69014.59,"AGRPFO_EXP":5466.43,"FORLOG_VA":1609.59,"FORLOG_EXP":6.43,"PESCAC_VA":1427.14,"PESCAC_EXP":26.94,"MINCOL_VA":2277.36,"MINCOL_EXP":5.47,"PETGAS_VA":1248.94,"PETGAS_EXP":182.39,"MINORE_VA":3389.63,"MINORE_EXP":3057.19,"MINOTH_VA":2044.99,"MINOTH_EXP":504.97,"MINSER_VA":388.87,"MINSER_EXP":2.55,"ALYBEB_VA":19948.98,"ALYBEB_EXP":6726.35,"TEXYPR_VA":26148.28,"TEXYPR_EXP":18003.49,"MADYPR_VA":2149.62,"MADYPR_EXP":479.56,"PAPYPR_VA":4831.4,"PAPYPR_EXP":1160.89,"PETREF_VA":1950.06,"PETREF_EXP":3774.44,"QUIMYP_VA":6516.76,"QUIMYP_EXP":3946.52,"FARMED_VA":2444.04,"FARMED_EXP":552.02,"HUPLAS_VA":6681.28,"HUPLAS_EXP":3803.29,"PRNOMT_VA":10712.65,"PRNOMT_EXP":2845.06,"METBAS_VA":6627.82,"METBAS_EXP":8481.39,"NONFER_VA":1907.24,"NONFER_EXP":3611.36,"PRMETA_VA":9941.35,"PRMETA_EXP":4155.34,"ELCTRO_VA":1604.85,"ELCTRO_EXP":1679.25,"ELCTRI_VA":5113.14,"ELCTRI_EXP":6518.78,"MAQYEQ_VA":6302.13,"MAQYEQ_EXP":4975.48,"AUTOMO_VA":7260.91,"AUTOMO_EXP":11892.92,"OTRTRA_VA":466.05,"OTRTRA_EXP":520.09,"TRANSP_VA":1167.17,"TRANSP_EXP":640.28,"OTRMAN_VA":10974.58,"OTRMAN_EXP":2958.41,"ELEGAS_VA":12785.64,"ELEGAS_EXP":166.56,"AGUBAS_VA":6670.7,"AGUBAS_EXP":12.22,"CONSTR_VA":53011.81,"CONSTR_EXP":691.58,"COMREV_VA":93002.31,"COMREV_EXP":18680.06,"TRATIE_VA":57093.5,"TRATIE_EXP":7067.05,"TRAGUA_VA":3585.47,"TRAGUA_EXP":1685.23,"TRAAIR_VA":2319.02,"TRAAIR_EXP":4583.98,"ALMSTR_VA":7453.25,"ALMSTR_EXP":1464.65,"POSTME_VA":2151.94,"POSTME_EXP":175.48,"HOTYRE_VA":18777.3,"HOTYRE_EXP":7984.38,"MMTVRA_VA":2953.29,"MMTVRA_EXP":284.17,"TELECO_VA":10196.52,"TELECO_EXP":789.37,"ITSERV_VA":5776.98,"ITSERV_EXP":133.25,"SERFIN_VA":23697.95,"SERFIN_EXP":2099.37,"GOBEST_VA":56609.2,"GOBEST_EXP":1401.87,"SPRSCT_VA":18491.13,"SPRSCT_EXP":1501.77,"SEAEMP_VA":19252.5,"SEAEMP_EXP":2905.54,"ADPDEF_VA":39718.38,"ADPDEF_EXP":193.74,"EDUCAC_VA":31222.22,"EDUCAC_EXP":941.01,"SALUDH_VA":22786.01,"SALUDH_EXP":281.93,"ESPARC_VA":6919.25,"ESPARC_EXP":982.43,"OTRSER_VA":8634.95,"OTRSER_EXP":447.69,"SERHOG_VA":406.53,"SERHOG_EXP":0.0}},{"type":"Feature","geometry":{"type":"Point","coordinates":[120.96,23.7]},"properties":{"id":"TWN","name":"Taiwán","continent":"asia","year":2010,"AGRPFO_VA":5842.73,"AGRPFO_EXP":334.55,"FORLOG_VA":49.84,"FORLOG_EXP":21.26,"PESCAC_VA":1148.97,"PESCAC_EXP":1268.55,"MINCOL_VA":97.7,"MINCOL_EXP":13.84,"PETGAS_VA":307.12,"PETGAS_EXP":30.87,"MINORE_VA":71.67,"MINORE_EXP":14.3,"MINOTH_VA":623.47,"MINOTH_EXP":14.25,"MINSER_VA":333.82,"MINSER_EXP":11.14,"ALYBEB_VA":6313.93,"ALYBEB_EXP":2006.65,"TEXYPR_VA":3968.63,"TEXYPR_EXP":10197.07,"MADYPR_VA":297.34,"MADYPR_EXP":193.29,"PAPYPR_VA":2784.41,"PAPYPR_EXP":1810.61,"PETREF_VA":4672.97,"PETREF_EXP":14477.64,"QUIMYP_VA":12358.44,"QUIMYP_EXP":36177.93,"FARMED_VA":1171.32,"FARMED_EXP":713.23,"HUPLAS_VA":3780.26,"HUPLAS_EXP":9355.6,"PRNOMT_VA":4181.49,"PRNOMT_EXP":1517.68,"METBAS_VA":6128.08,"METBAS_EXP":12211.74,"NONFER_VA":1343.77,"NONFER_EXP":6508.36,"PRMETA_VA":7025.27,"PRMETA_EXP":12257.69,"ELCTRO_VA":54841.31,"ELCTRO_EXP":137875.83,"ELCTRI_VA":4186.53,"ELCTRI_EXP":7107.14,"MAQYEQ_VA":6010.37,"MAQYEQ_EXP":17213.5,"AUTOMO_VA":3323.15,"AUTOMO_EXP":4807.65,"OTRTRA_VA":2254.0,"OTRTRA_EXP":962.25,"TRANSP_VA":1945.71,"TRANSP_EXP":4729.94,"OTRMAN_VA":4982.44,"OTRMAN_EXP":2705.61,"ELEGAS_VA":5700.96,"ELEGAS_EXP":34.41,"AGUBAS_VA":2936.72,"AGUBAS_EXP":2.38,"CONSTR_VA":11566.84,"CONSTR_EXP":149.17,"COMREV_VA":67695.94,"COMREV_EXP":29478.67,"TRATIE_VA":5657.34,"TRATIE_EXP":2612.12,"TRAGUA_VA":765.71,"TRAGUA_EXP":2392.54,"TRAAIR_VA":2229.95,"TRAAIR_EXP":4142.26,"ALMSTR_VA":4014.66,"ALMSTR_EXP":2137.01,"POSTME_VA":983.44,"POSTME_EXP":47.96,"HOTYRE_VA":9225.42,"HOTYRE_EXP":2186.83,"MMTVRA_VA":2980.41,"MMTVRA_EXP":739.5,"TELECO_VA":7625.89,"TELECO_EXP":511.07,"ITSERV_VA":3934.33,"ITSERV_EXP":201.57,"SERFIN_VA":26976.94,"SERFIN_EXP":1861.67,"GOBEST_VA":37119.63,"GOBEST_EXP":359.0,"SPRSCT_VA":13683.59,"SPRSCT_EXP":1287.02,"SEAEMP_VA":7398.89,"SEAEMP_EXP":734.44,"ADPDEF_VA":31880.71,"ADPDEF_EXP":0.01,"EDUCAC_VA":21155.59,"EDUCAC_EXP":139.08,"SALUDH_VA":12382.91,"SALUDH_EXP":816.43,"ESPARC_VA":3914.74,"ESPARC_EXP":385.71,"OTRSER_VA":11696.49,"OTRSER_EXP":92.32,"SERHOG_VA":3366.9,"SERHOG_EXP":0.0}},{"type":"Feature","geometry":{"type":"Point","coordinates":[31.17,48.38]},"properties":{"id":"UKR","name":"Ucrania","continent":"europe","year":2010,"AGRPFO_VA":11090.63,"AGRPFO_EXP":3137.58,"FORLOG_VA":1279.93,"FORLOG_EXP":224.58,"PESCAC_VA":35.03,"PESCAC_EXP":17.08,"MINCOL_VA":2537.17,"MINCOL_EXP":870.46,"PETGAS_VA":2688.14,"PETGAS_EXP":555.73,"MINORE_VA":2687.64,"MINORE_EXP":290.47,"MINOTH_VA":600.64,"MINOTH_EXP":438.62,"MINSER_VA":92.7,"MINSER_EXP":1346.89,"ALYBEB_VA":5386.12,"ALYBEB_EXP":3060.4,"TEXYPR_VA":797.66,"TEXYPR_EXP":407.57,"MADYPR_VA":338.88,"MADYPR_EXP":595.07,"PAPYPR_VA":838.96,"PAPYPR_EXP":810.81,"PETREF_VA":1427.85,"PETREF_EXP":655.34,"QUIMYP_VA":1157.59,"QUIMYP_EXP":1802.19,"FARMED_VA":327.28,"FARMED_EXP":161.47,"HUPLAS_VA":560.48,"HUPLAS_EXP":238.56,"PRNOMT_VA":1014.21,"PRNOMT_EXP":284.44,"METBAS_VA":2836.61,"METBAS_EXP":7636.88,"NONFER_VA":275.51,"NONFER_EXP":717.38,"PRMETA_VA":681.63,"PRMETA_EXP":487.64,"ELCTRO_VA":277.05,"ELCTRO_EXP":618.61,"ELCTRI_VA":768.91,"ELCTRI_EXP":868.84,"MAQYEQ_VA":1313.65,"MAQYEQ_EXP":1679.82,"AUTOMO_VA":271.04,"AUTOMO_EXP":327.39,"OTRTRA_VA":48.82,"OTRTRA_EXP":196.35,"TRANSP_VA":2193.49,"TRANSP_EXP":916.87,"OTRMAN_VA":1159.45,"OTRMAN_EXP":1138.09,"ELEGAS_VA":3933.8,"ELEGAS_EXP":120.09,"AGUBAS_VA":1461.81,"AGUBAS_EXP":5.5,"CONSTR_VA":4735.97,"CONSTR_EXP":40.89,"COMREV_VA":19286.66,"COMREV_EXP":3751.92,"TRATIE_VA":7962.64,"TRATIE_EXP":1939.17,"TRAGUA_VA":788.67,"TRAGUA_EXP":235.81,"TRAAIR_VA":700.31,"TRAAIR_EXP":855.14,"ALMSTR_VA":3797.99,"ALMSTR_EXP":860.02,"POSTME_VA":281.2,"POSTME_EXP":32.94,"HOTYRE_VA":1171.73,"HOTYRE_EXP":854.24,"MMTVRA_VA":561.3,"MMTVRA_EXP":190.98,"TELECO_VA":2384.47,"TELECO_EXP":519.44,"ITSERV_VA":1277.19,"ITSERV_EXP":1110.77,"SERFIN_VA":5788.14,"SERFIN_EXP":984.67,"GOBEST_VA":4924.51,"GOBEST_EXP":322.23,"SPRSCT_VA":3371.15,"SPRSCT_EXP":1411.31,"SEAEMP_VA":1295.24,"SEAEMP_EXP":393.81,"ADPDEF_VA":6480.36,"ADPDEF_EXP":1.87,"EDUCAC_VA":6937.89,"EDUCAC_EXP":78.08,"SALUDH_VA":4704.17,"SALUDH_EXP":35.88,"ESPARC_VA":785.51,"ESPARC_EXP":173.11,"OTRSER_VA":939.53,"OTRSER_EXP":44.87,"SERHOG_VA":1.68,"SERHOG_EXP":0.0}},{"type":"Feature","geometry":{"type":"Point","coordinates":[-95.71,37.09]},"properties":{"id":"USA","name":"Estados Unidos","continent":"america","year":2010,"AGRPFO_VA":144003.29,"AGRPFO_EXP":42638.43,"FORLOG_VA":9455.06,"FORLOG_EXP":1459.51,"PESCAC_VA":3649.81,"PESCAC_EXP":2869.1,"MINCOL_VA":30820.96,"MINCOL_EXP":8172.76,"PETGAS_VA":181244.09,"PETGAS_EXP":12100.36,"MINORE_VA":18024.87,"MINORE_EXP":10119.07,"MINOTH_VA":18891.38,"MINOTH_EXP":1842.54,"MINSER_VA":48107.37,"MINSER_EXP":2829.3,"ALYBEB_VA":199722.51,"ALYBEB_EXP":44165.94,"TEXYPR_VA":26704.49,"TEXYPR_EXP":17129.83,"MADYPR_VA":23786.77,"MADYPR_EXP":4012.52,"PAPYPR_VA":98045.69,"PAPYPR_EXP":21959.03,"PETREF_VA":119515.33,"PETREF_EXP":60705.91,"QUIMYP_VA":175978.28,"QUIMYP_EXP":88935.55,"FARMED_VA":131696.13,"FARMED_EXP":34884.46,"HUPLAS_VA":63715.64,"HUPLAS_EXP":21022.57,"PRNOMT_VA":48394.97,"PRNOMT_EXP":7792.98,"METBAS_VA":26210.63,"METBAS_EXP":12401.18,"NONFER_VA":38447.43,"NONFER_EXP":27361.19,"PRMETA_VA":116470.14,"PRMETA_EXP":21983.89,"ELCTRO_VA":243095.36,"ELCTRO_EXP":105894.52,"ELCTRI_VA":52357.24,"ELCTRI_EXP":26072.56,"MAQYEQ_VA":130302.21,"MAQYEQ_EXP":94180.56,"AUTOMO_VA":88200.51,"AUTOMO_EXP":73838.45,"OTRTRA_VA":15416.14,"OTRTRA_EXP":2389.63,"TRANSP_VA":106236.78,"TRANSP_EXP":65901.68,"OTRMAN_VA":121192.56,"OTRMAN_EXP":39315.36,"ELEGAS_VA":242280.74,"ELEGAS_EXP":2594.4,"AGUBAS_VA":55285.25,"AGUBAS_EXP":124.38,"CONSTR_VA":536354.82,"CONSTR_EXP":4.54,"COMREV_VA":1491384.22,"COMREV_EXP":239260.79,"TRATIE_VA":205517.25,"TRATIE_EXP":35190.41,"TRAGUA_VA":15548.84,"TRAGUA_EXP":8683.26,"TRAAIR_VA":72893.43,"TRAAIR_EXP":44546.41,"ALMSTR_VA":94439.75,"ALMSTR_EXP":5054.62,"POSTME_VA":85774.59,"POSTME_EXP":9897.62,"HOTYRE_VA":356527.39,"HOTYRE_EXP":36112.73,"MMTVRA_VA":351256.47,"MMTVRA_EXP":56559.2,"TELECO_VA":272999.81,"TELECO_EXP":20053.33,"ITSERV_VA":302472.38,"ITSERV_EXP":17419.64,"SERFIN_VA":991390.68,"SERFIN_EXP":119215.47,"GOBEST_VA":1845023.41,"GOBEST_EXP":11311.8,"SPRSCT_VA":1119902.85,"SPRSCT_EXP":111247.42,"SEAEMP_VA":541545.2,"SEAEMP_EXP":54789.82,"ADPDEF_VA":1433151.56,"ADPDEF_EXP":4231.32,"EDUCAC_VA":889498.78,"EDUCAC_EXP":28566.46,"SALUDH_VA":1112903.76,"SALUDH_EXP":2159.14,"ESPARC_VA":142280.56,"ESPARC_EXP":5883.2,"OTRSER_VA":224544.73,"OTRSER_EXP":2911.76,"SERHOG_VA":15326.18,"SERHOG_EXP":0.0}},{"type":"Feature","geometry":{"type":"Point","coordinates":[108.28,14.06]},"properties":{"id":"VNM","name":"Vietnam","continent":"asia","year":2010,"AGRPFO_VA":16027.14,"AGRPFO_EXP":3841.2,"FORLOG_VA":769.7,"FORLOG_EXP":38.27,"PESCAC_VA":3906.71,"PESCAC_EXP":74.81,"MINCOL_VA":770.39,"MINCOL_EXP":1887.96,"PETGAS_VA":5408.73,"PETGAS_EXP":4882.77,"MINORE_VA":9575.23,"MINORE_EXP":494.21,"MINOTH_VA":338.26,"MINOTH_EXP":38.27,"MINSER_VA":299.83,"MINSER_EXP":21.08,"ALYBEB_VA":6687.29,"ALYBEB_EXP":10185.26,"TEXYPR_VA":11733.37,"TEXYPR_EXP":15217.63,"MADYPR_VA":525.61,"MADYPR_EXP":629.61,"PAPYPR_VA":1031.0,"PAPYPR_EXP":323.62,"PETREF_VA":1325.43,"PETREF_EXP":201.18,"QUIMYP_VA":1810.23,"QUIMYP_EXP":1556.61,"FARMED_VA":476.41,"FARMED_EXP":58.5,"HUPLAS_VA":1533.94,"HUPLAS_EXP":2386.98,"PRNOMT_VA":2398.46,"PRNOMT_EXP":1683.17,"METBAS_VA":1402.39,"METBAS_EXP":1267.83,"NONFER_VA":437.55,"NONFER_EXP":481.79,"PRMETA_VA":1703.12,"PRMETA_EXP":2639.55,"ELCTRO_VA":3825.84,"ELCTRO_EXP":6014.51,"ELCTRI_VA":1288.62,"ELCTRI_EXP":3601.85,"MAQYEQ_VA":703.06,"MAQYEQ_EXP":1380.89,"AUTOMO_VA":686.38,"AUTOMO_EXP":1257.7,"OTRTRA_VA":268.76,"OTRTRA_EXP":437.87,"TRANSP_VA":154.92,"TRANSP_EXP":275.97,"OTRMAN_VA":5217.41,"OTRMAN_EXP":3916.09,"ELEGAS_VA":3379.6,"ELEGAS_EXP":26.72,"AGUBAS_VA":732.06,"AGUBAS_EXP":8.37,"CONSTR_VA":9127.79,"CONSTR_EXP":25.43,"COMREV_VA":12787.07,"COMREV_EXP":4862.04,"TRATIE_VA":2195.46,"TRATIE_EXP":1157.72,"TRAGUA_VA":518.2,"TRAGUA_EXP":731.18,"TRAAIR_VA":596.62,"TRAAIR_EXP":1183.98,"ALMSTR_VA":1140.59,"ALMSTR_EXP":1302.92,"POSTME_VA":237.16,"POSTME_EXP":177.78,"HOTYRE_VA":3774.87,"HOTYRE_EXP":1460.8,"MMTVRA_VA":375.82,"MMTVRA_EXP":69.18,"TELECO_VA":1361.86,"TELECO_EXP":153.41,"ITSERV_VA":562.38,"ITSERV_EXP":113.5,"SERFIN_VA":4374.38,"SERFIN_EXP":417.13,"GOBEST_VA":3786.71,"GOBEST_EXP":141.6,"SPRSCT_VA":2432.12,"SPRSCT_EXP":190.9,"SEAEMP_VA":777.33,"SEAEMP_EXP":387.53,"ADPDEF_VA":2983.04,"ADPDEF_EXP":1.66,"EDUCAC_VA":3936.96,"EDUCAC_EXP":46.19,"SALUDH_VA":1498.14,"SALUDH_EXP":35.22,"ESPARC_VA":1101.53,"ESPARC_EXP":136.25,"OTRSER_VA":825.0,"OTRSER_EXP":48.41,"SERHOG_VA":158.18,"SERHOG_EXP":0.0}},{"type":"Feature","geometry":{"type":"Point","coordinates":[22.94,-30.56]},"properties":{"id":"ZAF","name":"Sudáfrica","continent":"other","year":2010,"AGRPFO_VA":7465.07,"AGRPFO_EXP":2260.55,"FORLOG_VA":378.45,"FORLOG_EXP":15.59,"PESCAC_VA":651.7,"PESCAC_EXP":120.5,"MINCOL_VA":4313.26,"MINCOL_EXP":7123.12,"PETGAS_VA":309.23,"PETGAS_EXP":689.16,"MINORE_VA":17771.14,"MINORE_EXP":26376.08,"MINOTH_VA":1479.66,"MINOTH_EXP":2389.76,"MINSER_VA":266.93,"MINSER_EXP":17.74,"ALYBEB_VA":9755.2,"ALYBEB_EXP":2514.74,"TEXYPR_VA":2416.91,"TEXYPR_EXP":501.52,"MADYPR_VA":815.36,"MADYPR_EXP":298.47,"PAPYPR_VA":3453.86,"PAPYPR_EXP":1286.06,"PETREF_VA":5718.66,"PETREF_EXP":2751.19,"QUIMYP_VA":4738.21,"QUIMYP_EXP":4206.98,"FARMED_VA":880.04,"FARMED_EXP":145.35,"HUPLAS_VA":1612.85,"HUPLAS_EXP":617.48,"PRNOMT_VA":2297.01,"PRNOMT_EXP":365.59,"METBAS_VA":4074.09,"METBAS_EXP":7710.73,"NONFER_VA":1699.08,"NONFER_EXP":4458.73,"PRMETA_VA":2900.6,"PRMETA_EXP":2077.39,"ELCTRO_VA":881.51,"ELCTRO_EXP":524.52,"ELCTRI_VA":1717.21,"ELCTRI_EXP":980.92,"MAQYEQ_VA":3836.01,"MAQYEQ_EXP":3946.88,"AUTOMO_VA":4397.89,"AUTOMO_EXP":5040.71,"OTRTRA_VA":91.78,"OTRTRA_EXP":146.31,"TRANSP_VA":615.58,"TRANSP_EXP":1169.18,"OTRMAN_VA":2632.67,"OTRMAN_EXP":1440.03,"ELEGAS_VA":7293.29,"ELEGAS_EXP":112.77,"AGUBAS_VA":3771.45,"AGUBAS_EXP":0.42,"CONSTR_VA":14243.75,"CONSTR_EXP":74.38,"COMREV_VA":34479.27,"COMREV_EXP":7816.66,"TRATIE_VA":9169.28,"TRATIE_EXP":3078.85,"TRAGUA_VA":350.86,"TRAGUA_EXP":329.61,"TRAAIR_VA":1073.56,"TRAAIR_EXP":1393.55,"ALMSTR_VA":4896.93,"ALMSTR_EXP":1622.42,"POSTME_VA":819.26,"POSTME_EXP":136.28,"HOTYRE_VA":3870.81,"HOTYRE_EXP":1297.99,"MMTVRA_VA":3486.48,"MMTVRA_EXP":230.84,"TELECO_VA":22424.98,"TELECO_EXP":1810.18,"ITSERV_VA":7414.83,"ITSERV_EXP":488.96,"SERFIN_VA":55761.42,"SERFIN_EXP":2034.99,"GOBEST_VA":27083.04,"GOBEST_EXP":669.93,"SPRSCT_VA":15905.65,"SPRSCT_EXP":375.99,"SEAEMP_VA":10649.12,"SEAEMP_EXP":612.16,"ADPDEF_VA":13150.47,"ADPDEF_EXP":15.29,"EDUCAC_VA":10623.79,"EDUCAC_EXP":1272.82,"SALUDH_VA":8119.09,"SALUDH_EXP":118.02,"ESPARC_VA":4792.79,"ESPARC_EXP":316.46,"OTRSER_VA":2151.02,"OTRSER_EXP":115.59,"SERHOG_VA":50879.6,"SERHOG_EXP":0.0}}]}