{"type":"FeatureCollection","features":[{"type":"Feature","geometry":{"type":"Point","coordinates":[13.23,-8.84]},"properties":{"id":"AGO","name":"Angola","continent":"other","year":2011,"AGRPFO_VA":5731.91,"AGRPFO_EXP":9.84,"FORLOG_VA":461.58,"FORLOG_EXP":3.43,"PESCAC_VA":739.65,"PESCAC_EXP":20.16,"MINCOL_VA":29.8,"MINCOL_EXP":0.08,"PETGAS_VA":40445.56,"PETGAS_EXP":53316.49,"MINORE_VA":38.38,"MINORE_EXP":0.45,"MINOTH_VA":7420.84,"MINOTH_EXP":6881.26,"MINSER_VA":5874.4,"MINSER_EXP":103.04,"ALYBEB_VA":1088.15,"ALYBEB_EXP":480.93,"TEXYPR_VA":516.0,"TEXYPR_EXP":4.94,"MADYPR_VA":24.32,"MADYPR_EXP":0.58,"PAPYPR_VA":83.43,"PAPYPR_EXP":14.46,"PETREF_VA":752.54,"PETREF_EXP":2457.7,"QUIMYP_VA":461.39,"QUIMYP_EXP":901.77,"FARMED_VA":219.56,"FARMED_EXP":2.13,"HUPLAS_VA":117.87,"HUPLAS_EXP":1.08,"PRNOMT_VA":199.84,"PRNOMT_EXP":1.26,"METBAS_VA":68.39,"METBAS_EXP":5.03,"NONFER_VA":17.49,"NONFER_EXP":2.86,"PRMETA_VA":135.53,"PRMETA_EXP":9.68,"ELCTRO_VA":390.16,"ELCTRO_EXP":17.52,"ELCTRI_VA":186.14,"ELCTRI_EXP":19.95,"MAQYEQ_VA":551.97,"MAQYEQ_EXP":70.8,"AUTOMO_VA":447.94,"AUTOMO_EXP":7.16,"OTRTRA_VA":21.78,"OTRTRA_EXP":0.16,"TRANSP_VA":12.72,"TRANSP_EXP":0.81,"OTRMAN_VA":159.6,"OTRMAN_EXP":7.6,"ELEGAS_VA":3247.97,"ELEGAS_EXP":74.55,"AGUBAS_VA":386.5,"AGUBAS_EXP":16.48,"CONSTR_VA":6097.93,"CONSTR_EXP":0.31,"COMREV_VA":7833.98,"COMREV_EXP":2393.03,"TRATIE_VA":740.68,"TRATIE_EXP":315.14,"TRAGUA_VA":386.32,"TRAGUA_EXP":242.1,"TRAAIR_VA":420.85,"TRAAIR_EXP":47.0,"ALMSTR_VA":540.22,"ALMSTR_EXP":127.22,"POSTME_VA":314.09,"POSTME_EXP":1.54,"HOTYRE_VA":1827.2,"HOTYRE_EXP":41.59,"MMTVRA_VA":907.59,"MMTVRA_EXP":16.96,"TELECO_VA":1393.94,"TELECO_EXP":32.54,"ITSERV_VA":841.82,"ITSERV_EXP":65.69,"SERFIN_VA":2744.05,"SERFIN_EXP":83.42,"GOBEST_VA":3755.51,"GOBEST_EXP":41.08,"SPRSCT_VA":1279.48,"SPRSCT_EXP":76.43,"SEAEMP_VA":990.52,"SEAEMP_EXP":123.43,"ADPDEF_VA":6377.16,"ADPDEF_EXP":0.82,"EDUCAC_VA":5319.3,"EDUCAC_EXP":2.51,"SALUDH_VA":1516.74,"SALUDH_EXP":2.07,"ESPARC_VA":239.61,"ESPARC_EXP":14.33,"OTRSER_VA":696.45,"OTRSER_EXP":3.23,"SERHOG_VA":0.0,"SERHOG_EXP":0.0}},{"type":"Feature","geometry":{"type":"Point","coordinates":[53.85,23.42]},"properties":{"id":"ARE","name":"Emiratos Árabes","continent":"other","year":2011,"AGRPFO_VA":3466.66,"AGRPFO_EXP":1453.56,"FORLOG_VA":360.31,"FORLOG_EXP":347.78,"PESCAC_VA":425.55,"PESCAC_EXP":497.15,"MINCOL_VA":762.17,"MINCOL_EXP":913.14,"PETGAS_VA":105562.91,"PETGAS_EXP":119913.24,"MINORE_VA":14648.95,"MINORE_EXP":4243.14,"MINOTH_VA":3693.07,"MINOTH_EXP":18038.07,"MINSER_VA":9699.99,"MINSER_EXP":873.29,"ALYBEB_VA":4412.86,"ALYBEB_EXP":4874.32,"TEXYPR_VA":1872.73,"TEXYPR_EXP":1013.01,"MADYPR_VA":199.78,"MADYPR_EXP":41.53,"PAPYPR_VA":777.09,"PAPYPR_EXP":565.54,"PETREF_VA":12037.88,"PETREF_EXP":30396.98,"QUIMYP_VA":4620.81,"QUIMYP_EXP":11200.96,"FARMED_VA":1687.08,"FARMED_EXP":956.51,"HUPLAS_VA":946.93,"HUPLAS_EXP":2009.81,"PRNOMT_VA":1744.27,"PRNOMT_EXP":2407.26,"METBAS_VA":557.88,"METBAS_EXP":2057.0,"NONFER_VA":2757.76,"NONFER_EXP":9571.79,"PRMETA_VA":1138.74,"PRMETA_EXP":989.59,"ELCTRO_VA":4180.72,"ELCTRO_EXP":197.55,"ELCTRI_VA":1382.86,"ELCTRI_EXP":674.48,"MAQYEQ_VA":1387.4,"MAQYEQ_EXP":444.1,"AUTOMO_VA":1622.53,"AUTOMO_EXP":144.85,"OTRTRA_VA":203.83,"OTRTRA_EXP":389.49,"TRANSP_VA":723.09,"TRANSP_EXP":16.87,"OTRMAN_VA":2359.3,"OTRMAN_EXP":2031.93,"ELEGAS_VA":9142.84,"ELEGAS_EXP":245.02,"AGUBAS_VA":1725.51,"AGUBAS_EXP":25.11,"CONSTR_VA":35666.29,"CONSTR_EXP":323.3,"COMREV_VA":31601.18,"COMREV_EXP":12065.65,"TRATIE_VA":3002.36,"TRATIE_EXP":1557.4,"TRAGUA_VA":2124.94,"TRAGUA_EXP":1643.47,"TRAAIR_VA":3080.02,"TRAAIR_EXP":1638.82,"ALMSTR_VA":2341.85,"ALMSTR_EXP":559.38,"POSTME_VA":1335.78,"POSTME_EXP":109.71,"HOTYRE_VA":6481.31,"HOTYRE_EXP":1204.52,"MMTVRA_VA":4012.76,"MMTVRA_EXP":240.18,"TELECO_VA":5724.11,"TELECO_EXP":354.57,"ITSERV_VA":3460.64,"ITSERV_EXP":170.48,"SERFIN_VA":12435.17,"SERFIN_EXP":788.56,"GOBEST_VA":17043.59,"GOBEST_EXP":1033.85,"SPRSCT_VA":5594.12,"SPRSCT_EXP":739.39,"SEAEMP_VA":4292.62,"SEAEMP_EXP":675.28,"ADPDEF_VA":17958.12,"ADPDEF_EXP":32.38,"EDUCAC_VA":4442.77,"EDUCAC_EXP":275.07,"SALUDH_VA":6000.0,"SALUDH_EXP":214.83,"ESPARC_VA":1151.68,"ESPARC_EXP":541.51,"OTRSER_VA":2776.7,"OTRSER_EXP":296.28,"SERHOG_VA":1495.09,"SERHOG_EXP":0.0}},{"type":"Feature","geometry":{"type":"Point","coordinates":[-63.62,-38.42]},"properties":{"id":"ARG","name":"Argentina","continent":"america","year":2011,"AGRPFO_VA":36607.15,"AGRPFO_EXP":11441.09,"FORLOG_VA":408.74,"FORLOG_EXP":36.4,"PESCAC_VA":917.05,"PESCAC_EXP":386.73,"MINCOL_VA":14.36,"MINCOL_EXP":3.31,"PETGAS_VA":12498.59,"PETGAS_EXP":3289.27,"MINORE_VA":1415.12,"MINORE_EXP":1918.71,"MINOTH_VA":867.72,"MINOTH_EXP":48.34,"MINSER_VA":1272.88,"MINSER_EXP":24.89,"ALYBEB_VA":25967.13,"ALYBEB_EXP":23019.07,"TEXYPR_VA":7276.32,"TEXYPR_EXP":2445.22,"MADYPR_VA":1563.83,"MADYPR_EXP":270.46,"PAPYPR_VA":6081.55,"PAPYPR_EXP":904.72,"PETREF_VA":2877.67,"PETREF_EXP":3431.49,"QUIMYP_VA":9845.9,"QUIMYP_EXP":3901.62,"FARMED_VA":6606.24,"FARMED_EXP":1223.89,"HUPLAS_VA":4482.62,"HUPLAS_EXP":961.68,"PRNOMT_VA":3707.65,"PRNOMT_EXP":241.35,"METBAS_VA":5454.36,"METBAS_EXP":1710.25,"NONFER_VA":1065.47,"NONFER_EXP":921.56,"PRMETA_VA":4429.26,"PRMETA_EXP":739.92,"ELCTRO_VA":2001.99,"ELCTRO_EXP":287.66,"ELCTRI_VA":1646.11,"ELCTRI_EXP":338.01,"MAQYEQ_VA":5834.47,"MAQYEQ_EXP":1203.48,"AUTOMO_VA":4879.33,"AUTOMO_EXP":8681.37,"OTRTRA_VA":90.03,"OTRTRA_EXP":22.7,"TRANSP_VA":323.45,"TRANSP_EXP":73.3,"OTRMAN_VA":3206.3,"OTRMAN_EXP":380.16,"ELEGAS_VA":5450.09,"ELEGAS_EXP":184.33,"AGUBAS_VA":715.69,"AGUBAS_EXP":20.35,"CONSTR_VA":26895.07,"CONSTR_EXP":0.28,"COMREV_VA":66539.87,"COMREV_EXP":11659.3,"TRATIE_VA":13168.38,"TRATIE_EXP":1472.38,"TRAGUA_VA":334.96,"TRAGUA_EXP":90.81,"TRAAIR_VA":821.37,"TRAAIR_EXP":1414.38,"ALMSTR_VA":4816.58,"ALMSTR_EXP":1316.09,"POSTME_VA":863.22,"POSTME_EXP":55.48,"HOTYRE_VA":11533.77,"HOTYRE_EXP":2072.18,"MMTVRA_VA":1157.3,"MMTVRA_EXP":277.87,"TELECO_VA":10214.5,"TELECO_EXP":790.96,"ITSERV_VA":2521.2,"ITSERV_EXP":1573.27,"SERFIN_VA":17332.07,"SERFIN_EXP":295.58,"GOBEST_VA":30632.56,"GOBEST_EXP":251.7,"SPRSCT_VA":20585.3,"SPRSCT_EXP":3277.47,"SEAEMP_VA":6704.88,"SEAEMP_EXP":1189.88,"ADPDEF_VA":32596.87,"ADPDEF_EXP":0.09,"EDUCAC_VA":25956.47,"EDUCAC_EXP":83.64,"SALUDH_VA":21750.66,"SALUDH_EXP":59.37,"ESPARC_VA":1812.05,"ESPARC_EXP":274.66,"OTRSER_VA":6244.08,"OTRSER_EXP":78.04,"SERHOG_VA":6525.19,"SERHOG_EXP":0.0}},{"type":"Feature","geometry":{"type":"Point","coordinates":[133.78,-25.27]},"properties":{"id":"AUS","name":"Australia","continent":"other","year":2011,"AGRPFO_VA":32212.8,"AGRPFO_EXP":9861.82,"FORLOG_VA":1322.9,"FORLOG_EXP":187.15,"PESCAC_VA":1318.23,"PESCAC_EXP":315.58,"MINCOL_VA":25647.24,"MINCOL_EXP":34855.05,"PETGAS_VA":29273.36,"PETGAS_EXP":22567.12,"MINORE_VA":69062.21,"MINORE_EXP":73978.15,"MINOTH_VA":3098.41,"MINOTH_EXP":403.15,"MINSER_VA":9874.21,"MINSER_EXP":212.92,"ALYBEB_VA":25649.86,"ALYBEB_EXP":14810.49,"TEXYPR_VA":2900.94,"TEXYPR_EXP":1121.09,"MADYPR_VA":3855.17,"MADYPR_EXP":801.99,"PAPYPR_VA":6629.0,"PAPYPR_EXP":1456.97,"PETREF_VA":4475.89,"PETREF_EXP":3186.22,"QUIMYP_VA":5506.97,"QUIMYP_EXP":4546.03,"FARMED_VA":4405.28,"FARMED_EXP":2127.81,"HUPLAS_VA":5596.54,"HUPLAS_EXP":1401.25,"PRNOMT_VA":6021.78,"PRNOMT_EXP":451.53,"METBAS_VA":2415.07,"METBAS_EXP":2323.28,"NONFER_VA":4877.91,"NONFER_EXP":33208.18,"PRMETA_VA":11829.81,"PRMETA_EXP":1810.91,"ELCTRO_VA":4330.42,"ELCTRO_EXP":1464.34,"ELCTRI_VA":3021.12,"ELCTRI_EXP":1259.24,"MAQYEQ_VA":6361.17,"MAQYEQ_EXP":2906.78,"AUTOMO_VA":4683.71,"AUTOMO_EXP":2338.27,"OTRTRA_VA":1858.67,"OTRTRA_EXP":608.21,"TRANSP_VA":2954.27,"TRANSP_EXP":376.56,"OTRMAN_VA":7725.85,"OTRMAN_EXP":1122.79,"ELEGAS_VA":25010.61,"ELEGAS_EXP":405.82,"AGUBAS_VA":14061.41,"AGUBAS_EXP":10.95,"CONSTR_VA":118219.11,"CONSTR_EXP":982.64,"COMREV_VA":140581.08,"COMREV_EXP":34507.03,"TRATIE_VA":30935.71,"TRATIE_EXP":5269.22,"TRAGUA_VA":3610.79,"TRAGUA_EXP":1464.59,"TRAAIR_VA":6137.92,"TRAAIR_EXP":5796.72,"ALMSTR_VA":27435.5,"ALMSTR_EXP":3290.8,"POSTME_VA":5473.38,"POSTME_EXP":1176.15,"HOTYRE_VA":40046.61,"HOTYRE_EXP":6676.53,"MMTVRA_VA":16673.75,"MMTVRA_EXP":897.29,"TELECO_VA":22089.11,"TELECO_EXP":1623.48,"ITSERV_VA":27253.36,"ITSERV_EXP":1381.68,"SERFIN_VA":121745.56,"SERFIN_EXP":2564.96,"GOBEST_VA":153157.04,"GOBEST_EXP":1320.49,"SPRSCT_VA":76573.95,"SPRSCT_EXP":5307.71,"SEAEMP_VA":51877.97,"SEAEMP_EXP":4211.81,"ADPDEF_VA":80131.92,"ADPDEF_EXP":32.79,"EDUCAC_VA":68774.54,"EDUCAC_EXP":8274.84,"SALUDH_VA":92195.92,"SALUDH_EXP":467.29,"ESPARC_VA":11890.65,"ESPARC_EXP":1787.76,"OTRSER_VA":14039.68,"OTRSER_EXP":602.78,"SERHOG_VA":0.0,"SERHOG_EXP":0.0}},{"type":"Feature","geometry":{"type":"Point","coordinates":[14.55,47.52]},"properties":{"id":"AUT","name":"Austria","continent":"europe","year":2011,"AGRPFO_VA":4582.91,"AGRPFO_EXP":1323.48,"FORLOG_VA":1950.89,"FORLOG_EXP":85.51,"PESCAC_VA":25.5,"PESCAC_EXP":9.08,"MINCOL_VA":27.36,"MINCOL_EXP":4.72,"PETGAS_VA":1575.72,"PETGAS_EXP":680.02,"MINORE_VA":190.47,"MINORE_EXP":316.86,"MINOTH_VA":769.21,"MINOTH_EXP":337.31,"MINSER_VA":64.39,"MINSER_EXP":21.72,"ALYBEB_VA":7533.72,"ALYBEB_EXP":9610.62,"TEXYPR_VA":1663.58,"TEXYPR_EXP":2895.32,"MADYPR_VA":3155.56,"MADYPR_EXP":4138.97,"PAPYPR_VA":4296.54,"PAPYPR_EXP":4314.92,"PETREF_VA":535.53,"PETREF_EXP":2917.96,"QUIMYP_VA":3481.35,"QUIMYP_EXP":13559.26,"FARMED_VA":2646.99,"FARMED_EXP":4078.3,"HUPLAS_VA":3388.12,"HUPLAS_EXP":4608.69,"PRNOMT_VA":3668.62,"PRNOMT_EXP":2694.36,"METBAS_VA":3469.61,"METBAS_EXP":8645.19,"NONFER_VA":2188.89,"NONFER_EXP":5316.62,"PRMETA_VA":7277.06,"PRMETA_EXP":7974.18,"ELCTRO_VA":4076.03,"ELCTRO_EXP":6202.3,"ELCTRI_VA":6929.32,"ELCTRI_EXP":9470.86,"MAQYEQ_VA":10947.77,"MAQYEQ_EXP":18838.35,"AUTOMO_VA":5275.83,"AUTOMO_EXP":15069.3,"OTRTRA_VA":93.12,"OTRTRA_EXP":57.37,"TRANSP_VA":1130.19,"TRANSP_EXP":2737.34,"OTRMAN_VA":6191.31,"OTRMAN_EXP":6865.9,"ELEGAS_VA":8235.13,"ELEGAS_EXP":2430.6,"AGUBAS_VA":4039.87,"AGUBAS_EXP":68.55,"CONSTR_VA":24458.12,"CONSTR_EXP":520.38,"COMREV_VA":52564.76,"COMREV_EXP":23070.17,"TRATIE_VA":11531.76,"TRATIE_EXP":10292.59,"TRAGUA_VA":310.42,"TRAGUA_EXP":181.55,"TRAAIR_VA":864.09,"TRAAIR_EXP":2902.81,"ALMSTR_VA":8429.64,"ALMSTR_EXP":3496.02,"POSTME_VA":1946.96,"POSTME_EXP":615.47,"HOTYRE_VA":15280.65,"HOTYRE_EXP":3638.65,"MMTVRA_VA":2947.19,"MMTVRA_EXP":1287.09,"TELECO_VA":3881.26,"TELECO_EXP":1112.07,"ITSERV_VA":6629.95,"ITSERV_EXP":2964.81,"SERFIN_VA":18510.44,"SERFIN_EXP":6294.81,"GOBEST_VA":34667.74,"GOBEST_EXP":1366.19,"SPRSCT_VA":19117.29,"SPRSCT_EXP":7085.5,"SEAEMP_VA":16341.03,"SEAEMP_EXP":2144.78,"ADPDEF_VA":21299.11,"ADPDEF_EXP":142.47,"EDUCAC_VA":21458.98,"EDUCAC_EXP":1165.64,"SALUDH_VA":27477.31,"SALUDH_EXP":457.66,"ESPARC_VA":4727.21,"ESPARC_EXP":1123.96,"OTRSER_VA":5863.51,"OTRSER_EXP":488.9,"SERHOG_VA":209.36,"SERHOG_EXP":0.0}},{"type":"Feature","geometry":{"type":"Point","coordinates":[4.47,50.5]},"properties":{"id":"BEL","name":"Bélgica","continent":"europe","year":2011,"AGRPFO_VA":3902.71,"AGRPFO_EXP":2468.01,"FORLOG_VA":169.52,"FORLOG_EXP":101.86,"PESCAC_VA":72.73,"PESCAC_EXP":53.84,"MINCOL_VA":0.0,"MINCOL_EXP":0.0,"PETGAS_VA":0.0,"PETGAS_EXP":0.0,"MINORE_VA":0.0,"MINORE_EXP":0.0,"MINOTH_VA":441.37,"MINOTH_EXP":292.76,"MINSER_VA":17.92,"MINSER_EXP":8.59,"ALYBEB_VA":9909.0,"ALYBEB_EXP":19276.98,"TEXYPR_VA":2097.11,"TEXYPR_EXP":4909.65,"MADYPR_VA":1201.98,"MADYPR_EXP":1334.57,"PAPYPR_VA":3180.94,"PAPYPR_EXP":3219.55,"PETREF_VA":2121.79,"PETREF_EXP":21999.8,"QUIMYP_VA":10980.27,"QUIMYP_EXP":28189.08,"FARMED_VA":7259.84,"FARMED_EXP":8826.77,"HUPLAS_VA":2934.65,"HUPLAS_EXP":4932.76,"PRNOMT_VA":3600.69,"PRNOMT_EXP":3158.25,"METBAS_VA":2609.35,"METBAS_EXP":9500.35,"NONFER_VA":1724.54,"NONFER_EXP":11151.58,"PRMETA_VA":5640.47,"PRMETA_EXP":4577.4,"ELCTRO_VA":1825.41,"ELCTRO_EXP":2616.85,"ELCTRI_VA":2460.69,"ELCTRI_EXP":3345.57,"MAQYEQ_VA":5144.51,"MAQYEQ_EXP":8906.34,"AUTOMO_VA":4821.55,"AUTOMO_EXP":17534.48,"OTRTRA_VA":11.11,"OTRTRA_EXP":11.93,"TRANSP_VA":1012.36,"TRANSP_EXP":571.56,"OTRMAN_VA":4047.39,"OTRMAN_EXP":3824.19,"ELEGAS_VA":10083.29,"ELEGAS_EXP":1266.25,"AGUBAS_VA":4610.63,"AGUBAS_EXP":278.17,"CONSTR_VA":27588.87,"CONSTR_EXP":2464.66,"COMREV_VA":61665.41,"COMREV_EXP":36187.58,"TRATIE_VA":10530.36,"TRATIE_EXP":9457.75,"TRAGUA_VA":675.2,"TRAGUA_EXP":5904.94,"TRAAIR_VA":695.22,"TRAAIR_EXP":3525.81,"ALMSTR_VA":14681.85,"ALMSTR_EXP":16571.0,"POSTME_VA":2981.02,"POSTME_EXP":922.59,"HOTYRE_VA":9019.02,"HOTYRE_EXP":1905.07,"MMTVRA_VA":4074.98,"MMTVRA_EXP":2634.86,"TELECO_VA":7857.99,"TELECO_EXP":3912.53,"ITSERV_VA":8587.31,"ITSERV_EXP":2681.0,"SERFIN_VA":27055.7,"SERFIN_EXP":11756.85,"GOBEST_VA":43043.57,"GOBEST_EXP":391.09,"SPRSCT_VA":44230.16,"SPRSCT_EXP":28055.9,"SEAEMP_VA":19506.93,"SEAEMP_EXP":6891.0,"ADPDEF_VA":36846.6,"ADPDEF_EXP":562.74,"EDUCAC_VA":31905.93,"EDUCAC_EXP":1484.91,"SALUDH_VA":34050.29,"SALUDH_EXP":102.15,"ESPARC_VA":2720.42,"ESPARC_EXP":601.52,"OTRSER_VA":6276.92,"OTRSER_EXP":383.47,"SERHOG_VA":586.58,"SERHOG_EXP":0.0}},{"type":"Feature","geometry":{"type":"Point","coordinates":[90.36,23.68]},"properties":{"id":"BGD","name":"Bangladesh","continent":"asia","year":2011,"AGRPFO_VA":10865.5,"AGRPFO_EXP":1282.3,"FORLOG_VA":2183.31,"FORLOG_EXP":46.61,"PESCAC_VA":3371.89,"PESCAC_EXP":63.27,"MINCOL_VA":4.64,"MINCOL_EXP":0.05,"PETGAS_VA":1438.41,"PETGAS_EXP":31.23,"MINORE_VA":5.36,"MINORE_EXP":2.16,"MINOTH_VA":59.18,"MINOTH_EXP":1.76,"MINSER_VA":53.77,"MINSER_EXP":5.39,"ALYBEB_VA":3934.8,"ALYBEB_EXP":1551.89,"TEXYPR_VA":14926.75,"TEXYPR_EXP":11767.81,"MADYPR_VA":31.99,"MADYPR_EXP":5.05,"PAPYPR_VA":198.62,"PAPYPR_EXP":27.22,"PETREF_VA":30.39,"PETREF_EXP":124.85,"QUIMYP_VA":246.89,"QUIMYP_EXP":75.29,"FARMED_VA":547.15,"FARMED_EXP":44.41,"HUPLAS_VA":2117.61,"HUPLAS_EXP":54.03,"PRNOMT_VA":1746.42,"PRNOMT_EXP":43.48,"METBAS_VA":610.42,"METBAS_EXP":78.58,"NONFER_VA":369.81,"NONFER_EXP":64.77,"PRMETA_VA":161.36,"PRMETA_EXP":24.95,"ELCTRO_VA":162.89,"ELCTRO_EXP":31.92,"ELCTRI_VA":302.13,"ELCTRI_EXP":42.38,"MAQYEQ_VA":38.67,"MAQYEQ_EXP":38.33,"AUTOMO_VA":22.71,"AUTOMO_EXP":1.76,"OTRTRA_VA":116.24,"OTRTRA_EXP":38.97,"TRANSP_VA":130.29,"TRANSP_EXP":109.65,"OTRMAN_VA":318.79,"OTRMAN_EXP":36.95,"ELEGAS_VA":1444.52,"ELEGAS_EXP":4.74,"AGUBAS_VA":2289.78,"AGUBAS_EXP":8.24,"CONSTR_VA":9793.62,"CONSTR_EXP":24.08,"COMREV_VA":12644.53,"COMREV_EXP":2777.57,"TRATIE_VA":3264.41,"TRATIE_EXP":192.69,"TRAGUA_VA":955.68,"TRAGUA_EXP":209.38,"TRAAIR_VA":687.46,"TRAAIR_EXP":195.36,"ALMSTR_VA":1189.2,"ALMSTR_EXP":79.07,"POSTME_VA":210.94,"POSTME_EXP":1.38,"HOTYRE_VA":3060.61,"HOTYRE_EXP":38.69,"MMTVRA_VA":725.69,"MMTVRA_EXP":103.06,"TELECO_VA":2189.17,"TELECO_EXP":254.54,"ITSERV_VA":708.73,"ITSERV_EXP":438.6,"SERFIN_VA":4653.24,"SERFIN_EXP":132.22,"GOBEST_VA":5792.56,"GOBEST_EXP":22.03,"SPRSCT_VA":3155.68,"SPRSCT_EXP":583.13,"SEAEMP_VA":2384.0,"SEAEMP_EXP":214.77,"ADPDEF_VA":3935.88,"ADPDEF_EXP":3.82,"EDUCAC_VA":3205.44,"EDUCAC_EXP":4.93,"SALUDH_VA":4851.44,"SALUDH_EXP":4.31,"ESPARC_VA":1388.71,"ESPARC_EXP":41.7,"OTRSER_VA":2019.78,"OTRSER_EXP":11.83,"SERHOG_VA":0.0,"SERHOG_EXP":0.0}},{"type":"Feature","geometry":{"type":"Point","coordinates":[25.49,42.73]},"properties":{"id":"BGR","name":"Bulgaria","continent":"europe","year":2011,"AGRPFO_VA":2490.96,"AGRPFO_EXP":2277.63,"FORLOG_VA":266.07,"FORLOG_EXP":53.88,"PESCAC_VA":20.19,"PESCAC_EXP":9.84,"MINCOL_VA":355.62,"MINCOL_EXP":18.25,"PETGAS_VA":124.77,"PETGAS_EXP":10.97,"MINORE_VA":676.66,"MINORE_EXP":912.13,"MINOTH_VA":71.85,"MINOTH_EXP":123.24,"MINSER_VA":5.09,"MINSER_EXP":3.91,"ALYBEB_VA":1558.7,"ALYBEB_EXP":1954.6,"TEXYPR_VA":1205.68,"TEXYPR_EXP":1291.49,"MADYPR_VA":170.19,"MADYPR_EXP":245.84,"PAPYPR_VA":375.22,"PAPYPR_EXP":236.24,"PETREF_VA":1178.53,"PETREF_EXP":2754.07,"QUIMYP_VA":443.32,"QUIMYP_EXP":1131.07,"FARMED_VA":280.55,"FARMED_EXP":322.53,"HUPLAS_VA":326.65,"HUPLAS_EXP":563.24,"PRNOMT_VA":532.69,"PRNOMT_EXP":561.77,"METBAS_VA":490.67,"METBAS_EXP":1713.57,"NONFER_VA":433.61,"NONFER_EXP":2100.41,"PRMETA_VA":584.99,"PRMETA_EXP":682.86,"ELCTRO_VA":71.71,"ELCTRO_EXP":231.45,"ELCTRI_VA":402.38,"ELCTRI_EXP":990.36,"MAQYEQ_VA":496.09,"MAQYEQ_EXP":1041.91,"AUTOMO_VA":202.32,"AUTOMO_EXP":425.75,"OTRTRA_VA":22.42,"OTRTRA_EXP":22.74,"TRANSP_VA":47.07,"TRANSP_EXP":110.3,"OTRMAN_VA":630.09,"OTRMAN_EXP":540.09,"ELEGAS_VA":2224.56,"ELEGAS_EXP":789.0,"AGUBAS_VA":512.03,"AGUBAS_EXP":14.28,"CONSTR_VA":3387.5,"CONSTR_EXP":190.13,"COMREV_VA":6362.64,"COMREV_EXP":3246.96,"TRATIE_VA":2405.25,"TRATIE_EXP":1255.13,"TRAGUA_VA":78.72,"TRAGUA_EXP":79.23,"TRAAIR_VA":91.6,"TRAAIR_EXP":289.31,"ALMSTR_VA":742.04,"ALMSTR_EXP":391.89,"POSTME_VA":178.06,"POSTME_EXP":19.08,"HOTYRE_VA":1204.6,"HOTYRE_EXP":1496.85,"MMTVRA_VA":383.15,"MMTVRA_EXP":142.04,"TELECO_VA":1428.52,"TELECO_EXP":310.76,"ITSERV_VA":929.74,"ITSERV_EXP":478.12,"SERFIN_VA":4081.15,"SERFIN_EXP":331.6,"GOBEST_VA":5793.89,"GOBEST_EXP":267.06,"SPRSCT_VA":1790.76,"SPRSCT_EXP":676.45,"SEAEMP_VA":1007.75,"SEAEMP_EXP":287.84,"ADPDEF_VA":3052.81,"ADPDEF_EXP":1.58,"EDUCAC_VA":1762.79,"EDUCAC_EXP":81.25,"SALUDH_VA":1739.37,"SALUDH_EXP":73.52,"ESPARC_VA":598.45,"ESPARC_EXP":219.36,"OTRSER_VA":603.75,"OTRSER_EXP":66.26,"SERHOG_VA":71.72,"SERHOG_EXP":0.0}},{"type":"Feature","geometry":{"type":"Point","coordinates":[27.95,53.71]},"properties":{"id":"BLR","name":"Bielorrusia","continent":"europe","year":2011,"AGRPFO_VA":5378.21,"AGRPFO_EXP":955.34,"FORLOG_VA":325.15,"FORLOG_EXP":291.84,"PESCAC_VA":98.41,"PESCAC_EXP":9.53,"MINCOL_VA":9.93,"MINCOL_EXP":0.7,"PETGAS_VA":455.35,"PETGAS_EXP":302.76,"MINORE_VA":11.26,"MINORE_EXP":1.59,"MINOTH_VA":199.75,"MINOTH_EXP":296.33,"MINSER_VA":119.85,"MINSER_EXP":13.69,"ALYBEB_VA":4161.57,"ALYBEB_EXP":8142.69,"TEXYPR_VA":1828.4,"TEXYPR_EXP":896.32,"MADYPR_VA":437.22,"MADYPR_EXP":912.02,"PAPYPR_VA":943.17,"PAPYPR_EXP":567.51,"PETREF_VA":3250.26,"PETREF_EXP":2034.14,"QUIMYP_VA":2721.19,"QUIMYP_EXP":7154.4,"FARMED_VA":411.47,"FARMED_EXP":306.56,"HUPLAS_VA":723.9,"HUPLAS_EXP":1730.84,"PRNOMT_VA":1075.49,"PRNOMT_EXP":1244.97,"METBAS_VA":718.55,"METBAS_EXP":761.66,"NONFER_VA":393.38,"NONFER_EXP":263.4,"PRMETA_VA":723.68,"PRMETA_EXP":1677.13,"ELCTRO_VA":481.49,"ELCTRO_EXP":781.34,"ELCTRI_VA":573.59,"ELCTRI_EXP":1906.19,"MAQYEQ_VA":1531.03,"MAQYEQ_EXP":3833.5,"AUTOMO_VA":1506.06,"AUTOMO_EXP":1695.85,"OTRTRA_VA":115.83,"OTRTRA_EXP":3.65,"TRANSP_VA":114.8,"TRANSP_EXP":109.15,"OTRMAN_VA":1010.98,"OTRMAN_EXP":1411.32,"ELEGAS_VA":1701.31,"ELEGAS_EXP":49.27,"AGUBAS_VA":504.27,"AGUBAS_EXP":17.21,"CONSTR_VA":4031.05,"CONSTR_EXP":93.77,"COMREV_VA":5669.51,"COMREV_EXP":2602.19,"TRATIE_VA":1756.77,"TRATIE_EXP":646.85,"TRAGUA_VA":389.83,"TRAGUA_EXP":672.5,"TRAAIR_VA":289.89,"TRAAIR_EXP":1099.04,"ALMSTR_VA":529.12,"ALMSTR_EXP":539.56,"POSTME_VA":97.24,"POSTME_EXP":3.43,"HOTYRE_VA":1376.12,"HOTYRE_EXP":115.4,"MMTVRA_VA":365.45,"MMTVRA_EXP":208.94,"TELECO_VA":899.99,"TELECO_EXP":417.73,"ITSERV_VA":342.39,"ITSERV_EXP":490.67,"SERFIN_VA":2064.97,"SERFIN_EXP":355.56,"GOBEST_VA":2388.22,"GOBEST_EXP":84.42,"SPRSCT_VA":1363.36,"SPRSCT_EXP":1065.32,"SEAEMP_VA":996.79,"SEAEMP_EXP":323.02,"ADPDEF_VA":2692.82,"ADPDEF_EXP":10.52,"EDUCAC_VA":1835.5,"EDUCAC_EXP":10.9,"SALUDH_VA":2138.64,"SALUDH_EXP":8.23,"ESPARC_VA":343.46,"ESPARC_EXP":57.35,"OTRSER_VA":593.17,"OTRSER_EXP":16.12,"SERHOG_VA":0.0,"SERHOG_EXP":0.0}},{"type":"Feature","geometry":{"type":"Point","coordinates":[-51.93,-14.24]},"properties":{"id":"BRA","name":"Brasil","continent":"america","year":2011,"AGRPFO_VA":103185.34,"AGRPFO_EXP":24196.96,"FORLOG_VA":9792.2,"FORLOG_EXP":527.31,"PESCAC_VA":4296.66,"PESCAC_EXP":65.86,"MINCOL_VA":4609.53,"MINCOL_EXP":8.68,"PETGAS_VA":57987.8,"PETGAS_EXP":20855.68,"MINORE_VA":32679.96,"MINORE_EXP":41449.36,"MINOTH_VA":2947.27,"MINOTH_EXP":457.37,"MINSER_VA":5307.58,"MINSER_EXP":273.73,"ALYBEB_VA":57932.7,"ALYBEB_EXP":36225.18,"TEXYPR_VA":30490.57,"TEXYPR_EXP":3771.19,"MADYPR_VA":5406.24,"MADYPR_EXP":1464.22,"PAPYPR_VA":16390.34,"PAPYPR_EXP":5905.11,"PETREF_VA":-2168.22,"PETREF_EXP":4852.12,"QUIMYP_VA":20730.78,"QUIMYP_EXP":9205.21,"FARMED_VA":11803.4,"FARMED_EXP":1086.93,"HUPLAS_VA":15309.06,"HUPLAS_EXP":2796.25,"PRNOMT_VA":16256.22,"PRNOMT_EXP":1608.09,"METBAS_VA":13440.26,"METBAS_EXP":10868.39,"NONFER_VA":5357.88,"NONFER_EXP":8298.34,"PRMETA_VA":19781.24,"PRMETA_EXP":2106.66,"ELCTRO_VA":10179.97,"ELCTRO_EXP":1695.4,"ELCTRI_VA":10908.29,"ELCTRI_EXP":2965.22,"MAQYEQ_VA":21598.37,"MAQYEQ_EXP":7758.27,"AUTOMO_VA":40563.09,"AUTOMO_EXP":14694.54,"OTRTRA_VA":2666.79,"OTRTRA_EXP":1001.56,"TRANSP_VA":3032.43,"TRANSP_EXP":2972.37,"OTRMAN_VA":27533.41,"OTRMAN_EXP":2104.04,"ELEGAS_VA":41076.58,"ELEGAS_EXP":574.28,"AGUBAS_VA":16404.34,"AGUBAS_EXP":1.2,"CONSTR_VA":142457.85,"CONSTR_EXP":27.32,"COMREV_VA":383713.5,"COMREV_EXP":42478.97,"TRATIE_VA":68109.74,"TRATIE_EXP":4919.85,"TRAGUA_VA":2426.35,"TRAGUA_EXP":1313.46,"TRAAIR_VA":3875.93,"TRAAIR_EXP":2407.59,"ALMSTR_VA":27860.69,"ALMSTR_EXP":3996.08,"POSTME_VA":6179.05,"POSTME_EXP":5.93,"HOTYRE_VA":50488.5,"HOTYRE_EXP":1371.31,"MMTVRA_VA":14737.26,"MMTVRA_EXP":570.58,"TELECO_VA":33473.04,"TELECO_EXP":368.42,"ITSERV_VA":31549.74,"ITSERV_EXP":235.42,"SERFIN_VA":141694.36,"SERFIN_EXP":6010.92,"GOBEST_VA":173975.72,"GOBEST_EXP":110.08,"SPRSCT_VA":90115.57,"SPRSCT_EXP":11885.69,"SEAEMP_VA":85392.72,"SEAEMP_EXP":4732.19,"ADPDEF_VA":209913.59,"ADPDEF_EXP":1659.38,"EDUCAC_VA":111914.35,"EDUCAC_EXP":637.78,"SALUDH_VA":83075.66,"SALUDH_EXP":67.56,"ESPARC_VA":18929.54,"ESPARC_EXP":612.1,"OTRSER_VA":41640.86,"OTRSER_EXP":94.04,"SERHOG_VA":24753.67,"SERHOG_EXP":0.0}},{"type":"Feature","geometry":{"type":"Point","coordinates":[114.73,4.54]},"properties":{"id":"BRN","name":"Brunéi","continent":"asia","year":2011,"AGRPFO_VA":49.06,"AGRPFO_EXP":0.55,"FORLOG_VA":13.48,"FORLOG_EXP":0.03,"PESCAC_VA":37.71,"PESCAC_EXP":0.15,"MINCOL_VA":1119.77,"MINCOL_EXP":0.0,"PETGAS_VA":5681.63,"PETGAS_EXP":8846.64,"MINORE_VA":1361.18,"MINORE_EXP":0.03,"MINOTH_VA":974.39,"MINOTH_EXP":1.31,"MINSER_VA":817.26,"MINSER_EXP":113.09,"ALYBEB_VA":25.29,"ALYBEB_EXP":2.46,"TEXYPR_VA":33.2,"TEXYPR_EXP":32.79,"MADYPR_VA":3.31,"MADYPR_EXP":0.69,"PAPYPR_VA":11.8,"PAPYPR_EXP":0.48,"PETREF_VA":2287.51,"PETREF_EXP":2758.81,"QUIMYP_VA":18.91,"QUIMYP_EXP":52.62,"FARMED_VA":14.16,"FARMED_EXP":0.31,"HUPLAS_VA":15.76,"HUPLAS_EXP":0.26,"PRNOMT_VA":31.51,"PRNOMT_EXP":1.26,"METBAS_VA":3.92,"METBAS_EXP":4.82,"NONFER_VA":3.18,"NONFER_EXP":0.27,"PRMETA_VA":16.42,"PRMETA_EXP":0.56,"ELCTRO_VA":5.35,"ELCTRO_EXP":0.52,"ELCTRI_VA":9.46,"ELCTRI_EXP":0.19,"MAQYEQ_VA":13.4,"MAQYEQ_EXP":0.23,"AUTOMO_VA":0.0,"AUTOMO_EXP":0.0,"OTRTRA_VA":10.56,"OTRTRA_EXP":0.94,"TRANSP_VA":10.73,"TRANSP_EXP":0.16,"OTRMAN_VA":8.79,"OTRMAN_EXP":0.65,"ELEGAS_VA":93.27,"ELEGAS_EXP":0.28,"AGUBAS_VA":43.62,"AGUBAS_EXP":1.51,"CONSTR_VA":330.34,"CONSTR_EXP":0.3,"COMREV_VA":804.42,"COMREV_EXP":135.47,"TRATIE_VA":183.33,"TRATIE_EXP":22.06,"TRAGUA_VA":161.25,"TRAGUA_EXP":45.96,"TRAAIR_VA":49.26,"TRAAIR_EXP":69.33,"ALMSTR_VA":94.19,"ALMSTR_EXP":47.41,"POSTME_VA":8.63,"POSTME_EXP":8.34,"HOTYRE_VA":181.95,"HOTYRE_EXP":40.1,"MMTVRA_VA":16.62,"MMTVRA_EXP":1.35,"TELECO_VA":265.4,"TELECO_EXP":23.7,"ITSERV_VA":51.75,"ITSERV_EXP":8.89,"SERFIN_VA":840.76,"SERFIN_EXP":48.53,"GOBEST_VA":406.11,"GOBEST_EXP":17.27,"SPRSCT_VA":324.68,"SPRSCT_EXP":94.45,"SEAEMP_VA":122.95,"SEAEMP_EXP":42.07,"ADPDEF_VA":1591.01,"ADPDEF_EXP":0.01,"EDUCAC_VA":406.64,"EDUCAC_EXP":2.34,"SALUDH_VA":219.31,"SALUDH_EXP":1.74,"ESPARC_VA":28.6,"ESPARC_EXP":2.11,"OTRSER_VA":34.08,"OTRSER_EXP":2.46,"SERHOG_VA":26.72,"SERHOG_EXP":0.0}},{"type":"Feature","geometry":{"type":"Point","coordinates":[-106.35,56.13]},"properties":{"id":"CAN","name":"Canadá","continent":"america","year":2011,"AGRPFO_VA":22024.14,"AGRPFO_EXP":14948.9,"FORLOG_VA":5634.98,"FORLOG_EXP":820.89,"PESCAC_VA":1641.39,"PESCAC_EXP":926.89,"MINCOL_VA":5733.16,"MINCOL_EXP":5191.87,"PETGAS_VA":90130.68,"PETGAS_EXP":86779.96,"MINORE_VA":17534.67,"MINORE_EXP":22616.51,"MINOTH_VA":11339.83,"MINOTH_EXP":3875.44,"MINSER_VA":17853.66,"MINSER_EXP":413.19,"ALYBEB_VA":28626.94,"ALYBEB_EXP":18595.7,"TEXYPR_VA":3249.67,"TEXYPR_EXP":2749.49,"MADYPR_VA":6590.4,"MADYPR_EXP":6633.26,"PAPYPR_VA":13067.4,"PAPYPR_EXP":15701.86,"PETREF_VA":8341.8,"PETREF_EXP":18906.05,"QUIMYP_VA":13644.17,"QUIMYP_EXP":18328.21,"FARMED_VA":4386.61,"FARMED_EXP":3805.9,"HUPLAS_VA":8792.9,"HUPLAS_EXP":9290.72,"PRNOMT_VA":7813.34,"PRNOMT_EXP":1992.64,"METBAS_VA":4539.98,"METBAS_EXP":6625.85,"NONFER_VA":8216.36,"NONFER_EXP":25574.54,"PRMETA_VA":15498.27,"PRMETA_EXP":7730.37,"ELCTRO_VA":7816.74,"ELCTRO_EXP":9754.6,"ELCTRI_VA":4118.86,"ELCTRI_EXP":5157.02,"MAQYEQ_VA":14757.83,"MAQYEQ_EXP":17611.71,"AUTOMO_VA":14835.73,"AUTOMO_EXP":40615.45,"OTRTRA_VA":559.72,"OTRTRA_EXP":448.61,"TRANSP_VA":8892.12,"TRANSP_EXP":11731.22,"OTRMAN_VA":15087.0,"OTRMAN_EXP":6264.89,"ELEGAS_VA":35659.62,"ELEGAS_EXP":2908.2,"AGUBAS_VA":8332.66,"AGUBAS_EXP":195.51,"CONSTR_VA":126767.15,"CONSTR_EXP":796.75,"COMREV_VA":179574.79,"COMREV_EXP":53852.14,"TRATIE_VA":41042.84,"TRATIE_EXP":5692.83,"TRAGUA_VA":1731.37,"TRAGUA_EXP":1624.53,"TRAAIR_VA":6073.68,"TRAAIR_EXP":8459.72,"ALMSTR_VA":14481.3,"ALMSTR_EXP":2794.95,"POSTME_VA":7309.61,"POSTME_EXP":1226.15,"HOTYRE_VA":35498.32,"HOTYRE_EXP":6455.65,"MMTVRA_VA":17413.36,"MMTVRA_EXP":3505.34,"TELECO_VA":32448.97,"TELECO_EXP":2153.18,"ITSERV_VA":25648.73,"ITSERV_EXP":7330.19,"SERFIN_VA":119266.99,"SERFIN_EXP":11184.41,"GOBEST_VA":191086.0,"GOBEST_EXP":1233.74,"SPRSCT_VA":72532.38,"SPRSCT_EXP":9436.16,"SEAEMP_VA":53996.37,"SEAEMP_EXP":11266.43,"ADPDEF_VA":121505.42,"ADPDEF_EXP":3699.98,"EDUCAC_VA":92101.43,"EDUCAC_EXP":3746.56,"SALUDH_VA":120627.24,"SALUDH_EXP":721.12,"ESPARC_VA":13061.88,"ESPARC_EXP":2287.95,"OTRSER_VA":23009.1,"OTRSER_EXP":947.33,"SERHOG_VA":2963.39,"SERHOG_EXP":0.0}},{"type":"Feature","geometry":{"type":"Point","coordinates":[8.23,46.82]},"properties":{"id":"CHE","name":"Suiza","continent":"europe","year":2011,"AGRPFO_VA":4189.55,"AGRPFO_EXP":286.28,"FORLOG_VA":444.72,"FORLOG_EXP":116.33,"PESCAC_VA":37.78,"PESCAC_EXP":16.49,"MINCOL_VA":0.0,"MINCOL_EXP":0.0,"PETGAS_VA":4.66,"PETGAS_EXP":5.27,"MINORE_VA":23.26,"MINORE_EXP":4.42,"MINOTH_VA":921.48,"MINOTH_EXP":12.22,"MINSER_VA":22.79,"MINSER_EXP":0.62,"ALYBEB_VA":12740.42,"ALYBEB_EXP":9605.8,"TEXYPR_VA":1441.76,"TEXYPR_EXP":1937.41,"MADYPR_VA":4140.02,"MADYPR_EXP":1296.47,"PAPYPR_VA":4126.1,"PAPYPR_EXP":2166.24,"PETREF_VA":357.14,"PETREF_EXP":662.19,"QUIMYP_VA":9055.16,"QUIMYP_EXP":8577.45,"FARMED_VA":24535.45,"FARMED_EXP":33097.09,"HUPLAS_VA":3849.93,"HUPLAS_EXP":4918.4,"PRNOMT_VA":3566.95,"PRNOMT_EXP":1574.55,"METBAS_VA":1100.63,"METBAS_EXP":1164.34,"NONFER_VA":1017.31,"NONFER_EXP":957.52,"PRMETA_VA":11988.54,"PRMETA_EXP":5784.4,"ELCTRO_VA":26272.93,"ELCTRO_EXP":30795.07,"ELCTRI_VA":6904.84,"ELCTRI_EXP":12064.06,"MAQYEQ_VA":14097.65,"MAQYEQ_EXP":22955.82,"AUTOMO_VA":1005.66,"AUTOMO_EXP":1400.45,"OTRTRA_VA":67.45,"OTRTRA_EXP":22.65,"TRANSP_VA":1935.22,"TRANSP_EXP":1927.92,"OTRMAN_VA":6465.23,"OTRMAN_EXP":6192.57,"ELEGAS_VA":8010.44,"ELEGAS_EXP":6222.18,"AGUBAS_VA":2956.66,"AGUBAS_EXP":21.26,"CONSTR_VA":36031.22,"CONSTR_EXP":504.68,"COMREV_VA":116152.11,"COMREV_EXP":51052.22,"TRATIE_VA":15483.3,"TRATIE_EXP":3961.41,"TRAGUA_VA":805.2,"TRAGUA_EXP":7638.65,"TRAAIR_VA":2466.21,"TRAAIR_EXP":2989.42,"ALMSTR_VA":5909.72,"ALMSTR_EXP":4816.21,"POSTME_VA":4957.31,"POSTME_EXP":2475.89,"HOTYRE_VA":14935.76,"HOTYRE_EXP":6489.93,"MMTVRA_VA":3960.82,"MMTVRA_EXP":5310.9,"TELECO_VA":9590.74,"TELECO_EXP":1297.99,"ITSERV_VA":17127.22,"ITSERV_EXP":11130.88,"SERFIN_VA":75008.52,"SERFIN_EXP":43257.46,"GOBEST_VA":47799.58,"GOBEST_EXP":1159.73,"SPRSCT_VA":48374.39,"SPRSCT_EXP":12561.81,"SEAEMP_VA":20236.97,"SEAEMP_EXP":10032.97,"ADPDEF_VA":58340.57,"ADPDEF_EXP":1649.2,"EDUCAC_VA":4366.63,"EDUCAC_EXP":290.58,"SALUDH_VA":48703.64,"SALUDH_EXP":451.09,"ESPARC_VA":4827.41,"ESPARC_EXP":2382.3,"OTRSER_VA":9686.72,"OTRSER_EXP":328.43,"SERHOG_VA":2219.44,"SERHOG_EXP":0.0}},{"type":"Feature","geometry":{"type":"Point","coordinates":[-71.54,-35.68]},"properties":{"id":"CHL","name":"Chile","continent":"america","year":2011,"AGRPFO_VA":6171.69,"AGRPFO_EXP":5461.99,"FORLOG_VA":1501.85,"FORLOG_EXP":502.66,"PESCAC_VA":1623.94,"PESCAC_EXP":101.43,"MINCOL_VA":37.02,"MINCOL_EXP":0.46,"PETGAS_VA":245.14,"PETGAS_EXP":4.68,"MINORE_VA":27763.93,"MINORE_EXP":37156.68,"MINOTH_VA":1022.43,"MINOTH_EXP":283.55,"MINSER_VA":733.15,"MINSER_EXP":153.59,"ALYBEB_VA":9873.59,"ALYBEB_EXP":11051.05,"TEXYPR_VA":806.07,"TEXYPR_EXP":1181.13,"MADYPR_VA":834.73,"MADYPR_EXP":2345.63,"PAPYPR_VA":2347.86,"PAPYPR_EXP":1480.05,"PETREF_VA":1702.17,"PETREF_EXP":1376.86,"QUIMYP_VA":3315.96,"QUIMYP_EXP":3370.48,"FARMED_VA":796.56,"FARMED_EXP":250.5,"HUPLAS_VA":1242.68,"HUPLAS_EXP":1136.98,"PRNOMT_VA":1450.34,"PRNOMT_EXP":211.67,"METBAS_VA":298.62,"METBAS_EXP":608.83,"NONFER_VA":798.33,"NONFER_EXP":725.29,"PRMETA_VA":2325.69,"PRMETA_EXP":758.74,"ELCTRO_VA":4539.09,"ELCTRO_EXP":546.62,"ELCTRI_VA":784.19,"ELCTRI_EXP":736.01,"MAQYEQ_VA":892.31,"MAQYEQ_EXP":985.87,"AUTOMO_VA":0.5,"AUTOMO_EXP":0.06,"OTRTRA_VA":187.32,"OTRTRA_EXP":127.25,"TRANSP_VA":317.71,"TRANSP_EXP":300.88,"OTRMAN_VA":1437.76,"OTRMAN_EXP":521.22,"ELEGAS_VA":6095.78,"ELEGAS_EXP":7.67,"AGUBAS_VA":1660.24,"AGUBAS_EXP":1.54,"CONSTR_VA":14896.36,"CONSTR_EXP":0.82,"COMREV_VA":21995.54,"COMREV_EXP":8801.07,"TRATIE_VA":7052.65,"TRATIE_EXP":1351.51,"TRAGUA_VA":497.8,"TRAGUA_EXP":1826.75,"TRAAIR_VA":1702.49,"TRAAIR_EXP":3272.46,"ALMSTR_VA":3544.57,"ALMSTR_EXP":1379.23,"POSTME_VA":266.31,"POSTME_EXP":69.81,"HOTYRE_VA":4719.6,"HOTYRE_EXP":781.49,"MMTVRA_VA":825.69,"MMTVRA_EXP":148.3,"TELECO_VA":4191.35,"TELECO_EXP":335.3,"ITSERV_VA":2955.9,"ITSERV_EXP":170.37,"SERFIN_VA":11924.0,"SERFIN_EXP":808.83,"GOBEST_VA":19659.85,"GOBEST_EXP":179.02,"SPRSCT_VA":17442.49,"SPRSCT_EXP":918.32,"SEAEMP_VA":9838.9,"SEAEMP_EXP":889.8,"ADPDEF_VA":10341.51,"ADPDEF_EXP":79.44,"EDUCAC_VA":10792.5,"EDUCAC_EXP":39.03,"SALUDH_VA":9207.21,"SALUDH_EXP":31.45,"ESPARC_VA":1328.03,"ESPARC_EXP":114.34,"OTRSER_VA":3206.41,"OTRSER_EXP":62.47,"SERHOG_VA":0.0,"SERHOG_EXP":0.0}},{"type":"Feature","geometry":{"type":"Point","coordinates":[104.2,35.86]},"properties":{"id":"CHN","name":"China","continent":"asia","year":2011,"AGRPFO_VA":547301.54,"AGRPFO_EXP":10622.08,"FORLOG_VA":40909.78,"FORLOG_EXP":52.08,"PESCAC_VA":67814.28,"PESCAC_EXP":988.66,"MINCOL_VA":152256.11,"MINCOL_EXP":2037.6,"PETGAS_VA":118119.64,"PETGAS_EXP":2017.14,"MINORE_VA":64450.3,"MINORE_EXP":1830.89,"MINOTH_VA":38011.58,"MINOTH_EXP":2151.54,"MINSER_VA":9402.79,"MINSER_EXP":420.03,"ALYBEB_VA":275566.49,"ALYBEB_EXP":35679.14,"TEXYPR_VA":213508.24,"TEXYPR_EXP":246860.65,"MADYPR_VA":34136.62,"MADYPR_EXP":9942.53,"PAPYPR_VA":68276.29,"PAPYPR_EXP":10503.91,"PETREF_VA":101339.42,"PETREF_EXP":17455.06,"QUIMYP_VA":187667.93,"QUIMYP_EXP":85244.99,"FARMED_VA":57253.89,"FARMED_EXP":8929.38,"HUPLAS_VA":82550.85,"HUPLAS_EXP":40729.62,"PRNOMT_VA":170180.59,"PRNOMT_EXP":26144.6,"METBAS_VA":176740.65,"METBAS_EXP":48060.76,"NONFER_VA":83204.55,"NONFER_EXP":18483.62,"PRMETA_VA":89982.51,"PRMETA_EXP":55611.02,"ELCTRO_VA":209564.96,"ELCTRO_EXP":350205.65,"ELCTRI_VA":121528.39,"ELCTRI_EXP":117058.0,"MAQYEQ_VA":217672.07,"MAQYEQ_EXP":111009.29,"AUTOMO_VA":147505.78,"AUTOMO_EXP":35235.22,"OTRTRA_VA":14268.27,"OTRTRA_EXP":34718.67,"TRANSP_VA":23385.19,"TRANSP_EXP":16524.26,"OTRMAN_VA":63334.21,"OTRMAN_EXP":95960.27,"ELEGAS_VA":169678.92,"ELEGAS_EXP":1128.21,"AGUBAS_VA":33314.21,"AGUBAS_EXP":4.28,"CONSTR_VA":508557.82,"CONSTR_EXP":87.36,"COMREV_VA":631402.93,"COMREV_EXP":98372.43,"TRATIE_VA":236578.05,"TRATIE_EXP":19248.85,"TRAGUA_VA":40460.16,"TRAGUA_EXP":35594.92,"TRAAIR_VA":16597.53,"TRAAIR_EXP":20627.52,"ALMSTR_VA":39439.34,"ALMSTR_EXP":5934.76,"POSTME_VA":13681.34,"POSTME_EXP":69.32,"HOTYRE_VA":130385.12,"HOTYRE_EXP":10100.67,"MMTVRA_VA":17009.05,"MMTVRA_EXP":6034.07,"TELECO_VA":86466.23,"TELECO_EXP":6958.8,"ITSERV_VA":48349.61,"ITSERV_EXP":12619.45,"SERFIN_VA":435062.25,"SERFIN_EXP":7274.8,"GOBEST_VA":391912.93,"GOBEST_EXP":5833.06,"SPRSCT_VA":125728.8,"SPRSCT_EXP":51058.43,"SEAEMP_VA":135356.6,"SEAEMP_EXP":24700.34,"ADPDEF_VA":262262.18,"ADPDEF_EXP":24.01,"EDUCAC_VA":210989.07,"EDUCAC_EXP":879.68,"SALUDH_VA":111989.21,"SALUDH_EXP":761.64,"ESPARC_VA":45877.3,"ESPARC_EXP":2862.02,"OTRSER_VA":105997.13,"OTRSER_EXP":972.35,"SERHOG_VA":0.0,"SERHOG_EXP":0.0}},{"type":"Feature","geometry":{"type":"Point","coordinates":[-5.55,7.54]},"properties":{"id":"CIV","name":"Costa de Marfil","continent":"other","year":2011,"AGRPFO_VA":6924.9,"AGRPFO_EXP":3874.5,"FORLOG_VA":196.25,"FORLOG_EXP":7.44,"PESCAC_VA":78.91,"PESCAC_EXP":4.77,"MINCOL_VA":2.21,"MINCOL_EXP":5.84,"PETGAS_VA":18.49,"PETGAS_EXP":42.68,"MINORE_VA":60.06,"MINORE_EXP":23.22,"MINOTH_VA":5.81,"MINOTH_EXP":15.44,"MINSER_VA":4.3,"MINSER_EXP":6.81,"ALYBEB_VA":1477.3,"ALYBEB_EXP":2388.7,"TEXYPR_VA":828.88,"TEXYPR_EXP":276.49,"MADYPR_VA":378.35,"MADYPR_EXP":337.01,"PAPYPR_VA":172.98,"PAPYPR_EXP":7.15,"PETREF_VA":588.42,"PETREF_EXP":677.76,"QUIMYP_VA":165.74,"QUIMYP_EXP":204.91,"FARMED_VA":103.44,"FARMED_EXP":4.86,"HUPLAS_VA":186.05,"HUPLAS_EXP":163.64,"PRNOMT_VA":262.97,"PRNOMT_EXP":49.7,"METBAS_VA":21.96,"METBAS_EXP":6.83,"NONFER_VA":23.62,"NONFER_EXP":84.12,"PRMETA_VA":187.21,"PRMETA_EXP":4.77,"ELCTRO_VA":0.0,"ELCTRO_EXP":0.0,"ELCTRI_VA":1.37,"ELCTRI_EXP":0.06,"MAQYEQ_VA":78.74,"MAQYEQ_EXP":9.25,"AUTOMO_VA":26.12,"AUTOMO_EXP":3.0,"OTRTRA_VA":4.85,"OTRTRA_EXP":0.38,"TRANSP_VA":8.26,"TRANSP_EXP":0.09,"OTRMAN_VA":356.86,"OTRMAN_EXP":50.49,"ELEGAS_VA":494.79,"ELEGAS_EXP":161.26,"AGUBAS_VA":88.67,"AGUBAS_EXP":0.32,"CONSTR_VA":625.51,"CONSTR_EXP":7.06,"COMREV_VA":3528.26,"COMREV_EXP":1050.9,"TRATIE_VA":601.19,"TRATIE_EXP":180.18,"TRAGUA_VA":46.02,"TRAGUA_EXP":86.38,"TRAAIR_VA":105.36,"TRAAIR_EXP":112.61,"ALMSTR_VA":483.35,"ALMSTR_EXP":121.13,"POSTME_VA":87.21,"POSTME_EXP":23.43,"HOTYRE_VA":160.59,"HOTYRE_EXP":79.63,"MMTVRA_VA":190.82,"MMTVRA_EXP":29.28,"TELECO_VA":350.55,"TELECO_EXP":46.88,"ITSERV_VA":385.99,"ITSERV_EXP":143.01,"SERFIN_VA":984.7,"SERFIN_EXP":85.27,"GOBEST_VA":1629.92,"GOBEST_EXP":14.26,"SPRSCT_VA":416.28,"SPRSCT_EXP":60.3,"SEAEMP_VA":815.43,"SEAEMP_EXP":5.55,"ADPDEF_VA":2380.18,"ADPDEF_EXP":0.02,"EDUCAC_VA":858.25,"EDUCAC_EXP":4.84,"SALUDH_VA":207.74,"SALUDH_EXP":3.09,"ESPARC_VA":46.96,"ESPARC_EXP":7.97,"OTRSER_VA":843.11,"OTRSER_EXP":4.19,"SERHOG_VA":67.71,"SERHOG_EXP":0.0}},{"type":"Feature","geometry":{"type":"Point","coordinates":[12.35,7.37]},"properties":{"id":"CMR","name":"Camerún","continent":"other","year":2011,"AGRPFO_VA":3464.09,"AGRPFO_EXP":1009.22,"FORLOG_VA":1186.46,"FORLOG_EXP":227.03,"PESCAC_VA":481.21,"PESCAC_EXP":3.4,"MINCOL_VA":208.14,"MINCOL_EXP":9.29,"PETGAS_VA":936.78,"PETGAS_EXP":1199.93,"MINORE_VA":28.13,"MINORE_EXP":0.29,"MINOTH_VA":137.17,"MINOTH_EXP":2.02,"MINSER_VA":138.45,"MINSER_EXP":58.67,"ALYBEB_VA":2308.1,"ALYBEB_EXP":202.2,"TEXYPR_VA":879.26,"TEXYPR_EXP":176.81,"MADYPR_VA":574.21,"MADYPR_EXP":339.57,"PAPYPR_VA":79.44,"PAPYPR_EXP":28.07,"PETREF_VA":495.25,"PETREF_EXP":472.31,"QUIMYP_VA":77.65,"QUIMYP_EXP":112.44,"FARMED_VA":29.89,"FARMED_EXP":0.75,"HUPLAS_VA":43.03,"HUPLAS_EXP":9.99,"PRNOMT_VA":174.36,"PRNOMT_EXP":53.55,"METBAS_VA":12.63,"METBAS_EXP":27.19,"NONFER_VA":39.0,"NONFER_EXP":101.56,"PRMETA_VA":15.72,"PRMETA_EXP":29.11,"ELCTRO_VA":4.56,"ELCTRO_EXP":2.16,"ELCTRI_VA":6.56,"ELCTRI_EXP":6.32,"MAQYEQ_VA":9.27,"MAQYEQ_EXP":6.7,"AUTOMO_VA":6.57,"AUTOMO_EXP":3.55,"OTRTRA_VA":1.13,"OTRTRA_EXP":1.49,"TRANSP_VA":1.71,"TRANSP_EXP":1.57,"OTRMAN_VA":209.74,"OTRMAN_EXP":34.3,"ELEGAS_VA":263.33,"ELEGAS_EXP":0.06,"AGUBAS_VA":204.87,"AGUBAS_EXP":0.4,"CONSTR_VA":1773.57,"CONSTR_EXP":2.6,"COMREV_VA":3204.24,"COMREV_EXP":511.65,"TRATIE_VA":1506.35,"TRATIE_EXP":235.51,"TRAGUA_VA":204.8,"TRAGUA_EXP":85.3,"TRAAIR_VA":227.2,"TRAAIR_EXP":134.51,"ALMSTR_VA":877.38,"ALMSTR_EXP":209.86,"POSTME_VA":286.46,"POSTME_EXP":44.27,"HOTYRE_VA":1617.97,"HOTYRE_EXP":40.23,"MMTVRA_VA":164.16,"MMTVRA_EXP":40.16,"TELECO_VA":275.92,"TELECO_EXP":20.89,"ITSERV_VA":295.08,"ITSERV_EXP":58.93,"SERFIN_VA":570.82,"SERFIN_EXP":133.21,"GOBEST_VA":1325.76,"GOBEST_EXP":12.27,"SPRSCT_VA":951.37,"SPRSCT_EXP":226.54,"SEAEMP_VA":407.4,"SEAEMP_EXP":473.33,"ADPDEF_VA":1595.89,"ADPDEF_EXP":0.64,"EDUCAC_VA":1021.13,"EDUCAC_EXP":1.99,"SALUDH_VA":370.75,"SALUDH_EXP":1.81,"ESPARC_VA":274.41,"ESPARC_EXP":105.33,"OTRSER_VA":509.18,"OTRSER_EXP":2.69,"SERHOG_VA":20.73,"SERHOG_EXP":0.0}},{"type":"Feature","geometry":{"type":"Point","coordinates":[21.76,-4.04]},"properties":{"id":"COD","name":"R.D. Congo","continent":"other","year":2011,"AGRPFO_VA":3557.79,"AGRPFO_EXP":118.43,"FORLOG_VA":250.15,"FORLOG_EXP":277.09,"PESCAC_VA":248.76,"PESCAC_EXP":0.98,"MINCOL_VA":7.69,"MINCOL_EXP":0.94,"PETGAS_VA":675.1,"PETGAS_EXP":243.26,"MINORE_VA":4303.21,"MINORE_EXP":4518.37,"MINOTH_VA":146.65,"MINOTH_EXP":102.22,"MINSER_VA":100.59,"MINSER_EXP":2.55,"ALYBEB_VA":3115.88,"ALYBEB_EXP":235.3,"TEXYPR_VA":342.51,"TEXYPR_EXP":16.15,"MADYPR_VA":12.96,"MADYPR_EXP":18.15,"PAPYPR_VA":57.45,"PAPYPR_EXP":7.01,"PETREF_VA":20.66,"PETREF_EXP":67.52,"QUIMYP_VA":5.46,"QUIMYP_EXP":7.13,"FARMED_VA":0.35,"FARMED_EXP":0.16,"HUPLAS_VA":49.74,"HUPLAS_EXP":20.64,"PRNOMT_VA":62.84,"PRNOMT_EXP":24.07,"METBAS_VA":134.76,"METBAS_EXP":339.83,"NONFER_VA":784.75,"NONFER_EXP":1817.6,"PRMETA_VA":35.56,"PRMETA_EXP":44.22,"ELCTRO_VA":0.32,"ELCTRO_EXP":0.69,"ELCTRI_VA":97.46,"ELCTRI_EXP":29.88,"MAQYEQ_VA":2.27,"MAQYEQ_EXP":1.31,"AUTOMO_VA":191.01,"AUTOMO_EXP":112.35,"OTRTRA_VA":11.19,"OTRTRA_EXP":11.45,"TRANSP_VA":0.43,"TRANSP_EXP":0.34,"OTRMAN_VA":96.4,"OTRMAN_EXP":13.52,"ELEGAS_VA":38.92,"ELEGAS_EXP":5.11,"AGUBAS_VA":55.04,"AGUBAS_EXP":0.51,"CONSTR_VA":895.65,"CONSTR_EXP":1.94,"COMREV_VA":1843.26,"COMREV_EXP":442.32,"TRATIE_VA":1646.64,"TRATIE_EXP":726.75,"TRAGUA_VA":126.2,"TRAGUA_EXP":130.59,"TRAAIR_VA":36.06,"TRAAIR_EXP":50.94,"ALMSTR_VA":197.67,"ALMSTR_EXP":94.64,"POSTME_VA":49.34,"POSTME_EXP":10.65,"HOTYRE_VA":186.54,"HOTYRE_EXP":115.77,"MMTVRA_VA":178.11,"MMTVRA_EXP":21.28,"TELECO_VA":407.74,"TELECO_EXP":45.2,"ITSERV_VA":12.79,"ITSERV_EXP":12.06,"SERFIN_VA":439.4,"SERFIN_EXP":139.57,"GOBEST_VA":1172.83,"GOBEST_EXP":4.38,"SPRSCT_VA":381.8,"SPRSCT_EXP":56.4,"SEAEMP_VA":262.8,"SEAEMP_EXP":23.39,"ADPDEF_VA":1527.75,"ADPDEF_EXP":0.8,"EDUCAC_VA":219.47,"EDUCAC_EXP":5.73,"SALUDH_VA":638.53,"SALUDH_EXP":6.31,"ESPARC_VA":95.11,"ESPARC_EXP":17.08,"OTRSER_VA":173.33,"OTRSER_EXP":6.35,"SERHOG_VA":75.76,"SERHOG_EXP":0.0}},{"type":"Feature","geometry":{"type":"Point","coordinates":[-74.3,4.57]},"properties":{"id":"COL","name":"Colombia","continent":"america","year":2011,"AGRPFO_VA":18763.49,"AGRPFO_EXP":2074.38,"FORLOG_VA":633.5,"FORLOG_EXP":13.58,"PESCAC_VA":488.36,"PESCAC_EXP":13.98,"MINCOL_VA":5911.24,"MINCOL_EXP":6032.89,"PETGAS_VA":27739.53,"PETGAS_EXP":21555.03,"MINORE_VA":2382.69,"MINORE_EXP":2433.47,"MINOTH_VA":842.76,"MINOTH_EXP":32.38,"MINSER_VA":120.27,"MINSER_EXP":32.34,"ALYBEB_VA":13306.63,"ALYBEB_EXP":3980.08,"TEXYPR_VA":4802.35,"TEXYPR_EXP":1199.2,"MADYPR_VA":508.24,"MADYPR_EXP":30.92,"PAPYPR_VA":2029.28,"PAPYPR_EXP":573.74,"PETREF_VA":3552.19,"PETREF_EXP":4990.96,"QUIMYP_VA":4870.24,"QUIMYP_EXP":2345.17,"FARMED_VA":1377.94,"FARMED_EXP":329.22,"HUPLAS_VA":1335.29,"HUPLAS_EXP":646.19,"PRNOMT_VA":4876.74,"PRNOMT_EXP":491.26,"METBAS_VA":1332.42,"METBAS_EXP":1916.88,"NONFER_VA":177.91,"NONFER_EXP":701.03,"PRMETA_VA":1350.09,"PRMETA_EXP":243.63,"ELCTRO_VA":921.42,"ELCTRO_EXP":84.68,"ELCTRI_VA":889.47,"ELCTRI_EXP":428.65,"MAQYEQ_VA":2113.98,"MAQYEQ_EXP":416.3,"AUTOMO_VA":973.74,"AUTOMO_EXP":167.69,"OTRTRA_VA":1.73,"OTRTRA_EXP":3.14,"TRANSP_VA":217.19,"TRANSP_EXP":8.89,"OTRMAN_VA":2560.78,"OTRMAN_EXP":299.23,"ELEGAS_VA":6488.83,"ELEGAS_EXP":143.61,"AGUBAS_VA":3617.89,"AGUBAS_EXP":4.2,"CONSTR_VA":18333.7,"CONSTR_EXP":9.56,"COMREV_VA":25401.38,"COMREV_EXP":3469.8,"TRATIE_VA":11519.47,"TRATIE_EXP":1195.45,"TRAGUA_VA":104.47,"TRAGUA_EXP":89.83,"TRAAIR_VA":1397.61,"TRAAIR_EXP":1688.5,"ALMSTR_VA":2333.15,"ALMSTR_EXP":371.57,"POSTME_VA":408.06,"POSTME_EXP":85.32,"HOTYRE_VA":11983.78,"HOTYRE_EXP":709.04,"MMTVRA_VA":1296.39,"MMTVRA_EXP":145.99,"TELECO_VA":7414.62,"TELECO_EXP":298.01,"ITSERV_VA":1620.2,"ITSERV_EXP":67.18,"SERFIN_VA":14238.32,"SERFIN_EXP":169.25,"GOBEST_VA":24670.03,"GOBEST_EXP":118.77,"SPRSCT_VA":9608.15,"SPRSCT_EXP":377.21,"SEAEMP_VA":11058.2,"SEAEMP_EXP":405.13,"ADPDEF_VA":16690.98,"ADPDEF_EXP":105.02,"EDUCAC_VA":13229.68,"EDUCAC_EXP":35.16,"SALUDH_VA":14075.29,"SALUDH_EXP":26.78,"ESPARC_VA":7526.06,"ESPARC_EXP":139.05,"OTRSER_VA":5613.69,"OTRSER_EXP":36.62,"SERHOG_VA":1984.93,"SERHOG_EXP":0.0}},{"type":"Feature","geometry":{"type":"Point","coordinates":[-83.75,9.75]},"properties":{"id":"CRI","name":"Costa Rica","continent":"america","year":2011,"AGRPFO_VA":2075.7,"AGRPFO_EXP":1588.24,"FORLOG_VA":72.14,"FORLOG_EXP":21.9,"PESCAC_VA":37.48,"PESCAC_EXP":5.94,"MINCOL_VA":2.69,"MINCOL_EXP":0.55,"PETGAS_VA":0.62,"PETGAS_EXP":0.09,"MINORE_VA":0.18,"MINORE_EXP":0.06,"MINOTH_VA":133.92,"MINOTH_EXP":4.22,"MINSER_VA":0.16,"MINSER_EXP":0.03,"ALYBEB_VA":2236.9,"ALYBEB_EXP":1917.31,"TEXYPR_VA":209.22,"TEXYPR_EXP":143.57,"MADYPR_VA":78.46,"MADYPR_EXP":30.13,"PAPYPR_VA":342.26,"PAPYPR_EXP":168.51,"PETREF_VA":101.52,"PETREF_EXP":64.56,"QUIMYP_VA":281.12,"QUIMYP_EXP":272.09,"FARMED_VA":83.56,"FARMED_EXP":70.93,"HUPLAS_VA":257.73,"HUPLAS_EXP":431.77,"PRNOMT_VA":263.38,"PRNOMT_EXP":115.82,"METBAS_VA":61.76,"METBAS_EXP":118.92,"NONFER_VA":29.63,"NONFER_EXP":89.18,"PRMETA_VA":131.71,"PRMETA_EXP":89.18,"ELCTRO_VA":354.85,"ELCTRO_EXP":108.82,"ELCTRI_VA":248.66,"ELCTRI_EXP":414.21,"MAQYEQ_VA":6.92,"MAQYEQ_EXP":17.11,"AUTOMO_VA":23.11,"AUTOMO_EXP":5.69,"OTRTRA_VA":1.09,"OTRTRA_EXP":1.22,"TRANSP_VA":1.11,"TRANSP_EXP":0.6,"OTRMAN_VA":785.02,"OTRMAN_EXP":1073.89,"ELEGAS_VA":633.59,"ELEGAS_EXP":5.67,"AGUBAS_VA":337.06,"AGUBAS_EXP":0.27,"CONSTR_VA":2127.81,"CONSTR_EXP":1.05,"COMREV_VA":8210.76,"COMREV_EXP":1550.18,"TRATIE_VA":1217.29,"TRATIE_EXP":490.61,"TRAGUA_VA":320.05,"TRAGUA_EXP":247.58,"TRAAIR_VA":61.24,"TRAAIR_EXP":132.24,"ALMSTR_VA":311.43,"ALMSTR_EXP":197.0,"POSTME_VA":61.32,"POSTME_EXP":16.91,"HOTYRE_VA":1093.61,"HOTYRE_EXP":1115.12,"MMTVRA_VA":372.49,"MMTVRA_EXP":85.7,"TELECO_VA":619.01,"TELECO_EXP":295.6,"ITSERV_VA":584.08,"ITSERV_EXP":251.5,"SERFIN_VA":1774.75,"SERFIN_EXP":218.2,"GOBEST_VA":3147.17,"GOBEST_EXP":176.57,"SPRSCT_VA":1702.98,"SPRSCT_EXP":585.11,"SEAEMP_VA":1835.34,"SEAEMP_EXP":790.79,"ADPDEF_VA":1595.5,"ADPDEF_EXP":19.49,"EDUCAC_VA":2746.77,"EDUCAC_EXP":84.27,"SALUDH_VA":2883.32,"SALUDH_EXP":74.54,"ESPARC_VA":219.1,"ESPARC_EXP":213.46,"OTRSER_VA":365.71,"OTRSER_EXP":63.11,"SERHOG_VA":436.98,"SERHOG_EXP":0.0}},{"type":"Feature","geometry":{"type":"Point","coordinates":[33.43,35.13]},"properties":{"id":"CYP","name":"Chipre","continent":"europe","year":2011,"AGRPFO_VA":537.4,"AGRPFO_EXP":102.99,"FORLOG_VA":23.7,"FORLOG_EXP":1.77,"PESCAC_VA":40.46,"PESCAC_EXP":33.05,"MINCOL_VA":0.0,"MINCOL_EXP":0.0,"PETGAS_VA":14.78,"PETGAS_EXP":0.46,"MINORE_VA":18.77,"MINORE_EXP":16.86,"MINOTH_VA":27.66,"MINOTH_EXP":15.8,"MINSER_VA":0.23,"MINSER_EXP":0.16,"ALYBEB_VA":430.0,"ALYBEB_EXP":252.71,"TEXYPR_VA":28.84,"TEXYPR_EXP":8.79,"MADYPR_VA":85.23,"MADYPR_EXP":40.08,"PAPYPR_VA":83.8,"PAPYPR_EXP":17.89,"PETREF_VA":0.53,"PETREF_EXP":0.05,"QUIMYP_VA":35.73,"QUIMYP_EXP":63.0,"FARMED_VA":86.35,"FARMED_EXP":126.19,"HUPLAS_VA":47.64,"HUPLAS_EXP":23.7,"PRNOMT_VA":191.82,"PRNOMT_EXP":10.79,"METBAS_VA":6.36,"METBAS_EXP":18.82,"NONFER_VA":35.42,"NONFER_EXP":65.4,"PRMETA_VA":140.46,"PRMETA_EXP":37.21,"ELCTRO_VA":5.16,"ELCTRO_EXP":39.16,"ELCTRI_VA":23.52,"ELCTRI_EXP":34.58,"MAQYEQ_VA":37.12,"MAQYEQ_EXP":58.39,"AUTOMO_VA":6.82,"AUTOMO_EXP":8.99,"OTRTRA_VA":1.24,"OTRTRA_EXP":0.28,"TRANSP_VA":2.0,"TRANSP_EXP":0.28,"OTRMAN_VA":85.35,"OTRMAN_EXP":51.79,"ELEGAS_VA":326.6,"ELEGAS_EXP":0.11,"AGUBAS_VA":175.79,"AGUBAS_EXP":1.37,"CONSTR_VA":1781.21,"CONSTR_EXP":14.69,"COMREV_VA":2704.69,"COMREV_EXP":428.28,"TRATIE_VA":260.53,"TRATIE_EXP":140.42,"TRAGUA_VA":984.84,"TRAGUA_EXP":683.16,"TRAAIR_VA":31.25,"TRAAIR_EXP":271.11,"ALMSTR_VA":687.82,"ALMSTR_EXP":1227.53,"POSTME_VA":48.03,"POSTME_EXP":34.62,"HOTYRE_VA":1429.99,"HOTYRE_EXP":975.79,"MMTVRA_VA":170.16,"MMTVRA_EXP":126.58,"TELECO_VA":493.34,"TELECO_EXP":130.31,"ITSERV_VA":262.83,"ITSERV_EXP":837.46,"SERFIN_VA":2585.54,"SERFIN_EXP":4306.49,"GOBEST_VA":2475.01,"GOBEST_EXP":128.58,"SPRSCT_VA":1927.65,"SPRSCT_EXP":343.87,"SEAEMP_VA":384.39,"SEAEMP_EXP":212.89,"ADPDEF_VA":2801.75,"ADPDEF_EXP":26.15,"EDUCAC_VA":1508.34,"EDUCAC_EXP":85.82,"SALUDH_VA":969.49,"SALUDH_EXP":37.83,"ESPARC_VA":491.93,"ESPARC_EXP":97.29,"OTRSER_VA":417.92,"OTRSER_EXP":51.58,"SERHOG_VA":320.74,"SERHOG_EXP":0.0}},{"type":"Feature","geometry":{"type":"Point","coordinates":[15.47,49.82]},"properties":{"id":"CZE","name":"Chequia","continent":"europe","year":2011,"AGRPFO_VA":3324.25,"AGRPFO_EXP":1595.47,"FORLOG_VA":1471.13,"FORLOG_EXP":251.43,"PESCAC_VA":40.27,"PESCAC_EXP":19.79,"MINCOL_VA":2024.51,"MINCOL_EXP":475.1,"PETGAS_VA":132.37,"PETGAS_EXP":106.6,"MINORE_VA":58.05,"MINORE_EXP":1.85,"MINOTH_VA":328.76,"MINOTH_EXP":106.73,"MINSER_VA":130.55,"MINSER_EXP":59.49,"ALYBEB_VA":4717.93,"ALYBEB_EXP":4556.27,"TEXYPR_VA":1377.76,"TEXYPR_EXP":1377.19,"MADYPR_VA":1257.93,"MADYPR_EXP":514.13,"PAPYPR_VA":1645.01,"PAPYPR_EXP":791.95,"PETREF_VA":1092.0,"PETREF_EXP":674.82,"QUIMYP_VA":1585.31,"QUIMYP_EXP":6286.03,"FARMED_VA":900.66,"FARMED_EXP":644.94,"HUPLAS_VA":3962.11,"HUPLAS_EXP":6774.01,"PRNOMT_VA":2581.87,"PRNOMT_EXP":2833.15,"METBAS_VA":1672.02,"METBAS_EXP":5208.68,"NONFER_VA":417.27,"NONFER_EXP":1399.86,"PRMETA_VA":5406.62,"PRMETA_EXP":8072.86,"ELCTRO_VA":2788.79,"ELCTRO_EXP":11584.76,"ELCTRI_VA":4141.48,"ELCTRI_EXP":9624.2,"MAQYEQ_VA":5184.55,"MAQYEQ_EXP":11732.37,"AUTOMO_VA":10028.38,"AUTOMO_EXP":33064.71,"OTRTRA_VA":8.37,"OTRTRA_EXP":24.02,"TRANSP_VA":1137.87,"TRANSP_EXP":1564.82,"OTRMAN_VA":4069.46,"OTRMAN_EXP":1592.63,"ELEGAS_VA":8141.98,"ELEGAS_EXP":1276.33,"AGUBAS_VA":2548.37,"AGUBAS_EXP":81.81,"CONSTR_VA":13730.87,"CONSTR_EXP":495.93,"COMREV_VA":22238.56,"COMREV_EXP":10547.33,"TRATIE_VA":6960.99,"TRATIE_EXP":5948.88,"TRAGUA_VA":212.61,"TRAGUA_EXP":53.65,"TRAAIR_VA":295.2,"TRAAIR_EXP":1342.2,"ALMSTR_VA":4740.13,"ALMSTR_EXP":2259.24,"POSTME_VA":955.98,"POSTME_EXP":59.02,"HOTYRE_VA":4641.14,"HOTYRE_EXP":2387.87,"MMTVRA_VA":1897.88,"MMTVRA_EXP":924.62,"TELECO_VA":3709.69,"TELECO_EXP":718.25,"ITSERV_VA":4764.58,"ITSERV_EXP":1566.86,"SERFIN_VA":9379.73,"SERFIN_EXP":999.8,"GOBEST_VA":20974.52,"GOBEST_EXP":506.7,"SPRSCT_VA":9767.48,"SPRSCT_EXP":4092.36,"SEAEMP_VA":3845.58,"SEAEMP_EXP":929.8,"ADPDEF_VA":12937.36,"ADPDEF_EXP":200.72,"EDUCAC_VA":8839.47,"EDUCAC_EXP":434.0,"SALUDH_VA":8867.36,"SALUDH_EXP":192.36,"ESPARC_VA":2345.94,"ESPARC_EXP":598.05,"OTRSER_VA":2640.45,"OTRSER_EXP":157.94,"SERHOG_VA":143.95,"SERHOG_EXP":0.0}},{"type":"Feature","geometry":{"type":"Point","coordinates":[10.45,51.17]},"properties":{"id":"DEU","name":"Alemania","continent":"europe","year":2011,"AGRPFO_VA":32440.84,"AGRPFO_EXP":8302.38,"FORLOG_VA":3801.81,"FORLOG_EXP":592.57,"PESCAC_VA":301.73,"PESCAC_EXP":162.17,"MINCOL_VA":2664.22,"MINCOL_EXP":171.25,"PETGAS_VA":1655.01,"PETGAS_EXP":1349.49,"MINORE_VA":0.0,"MINORE_EXP":0.0,"MINOTH_VA":3300.15,"MINOTH_EXP":1611.86,"MINSER_VA":322.88,"MINSER_EXP":597.64,"ALYBEB_VA":54277.6,"ALYBEB_EXP":49135.51,"TEXYPR_VA":11049.42,"TEXYPR_EXP":13878.1,"MADYPR_VA":9105.94,"MADYPR_EXP":6113.14,"PAPYPR_VA":26009.26,"PAPYPR_EXP":23179.38,"PETREF_VA":18520.93,"PETREF_EXP":26215.53,"QUIMYP_VA":58999.2,"QUIMYP_EXP":107342.75,"FARMED_VA":29809.76,"FARMED_EXP":27845.83,"HUPLAS_VA":36331.72,"HUPLAS_EXP":34040.8,"PRNOMT_VA":22254.94,"PRNOMT_EXP":12470.46,"METBAS_VA":22127.8,"METBAS_EXP":36789.33,"NONFER_VA":10523.87,"NONFER_EXP":38322.68,"PRMETA_VA":69206.3,"PRMETA_EXP":37914.26,"ELCTRO_VA":46491.65,"ELCTRO_EXP":84977.35,"ELCTRI_VA":58097.9,"ELCTRI_EXP":73701.8,"MAQYEQ_VA":122805.5,"MAQYEQ_EXP":156446.35,"AUTOMO_VA":139687.07,"AUTOMO_EXP":224108.46,"OTRTRA_VA":1949.67,"OTRTRA_EXP":2605.19,"TRANSP_VA":12850.27,"TRANSP_EXP":14397.5,"OTRMAN_VA":52214.31,"OTRMAN_EXP":30012.29,"ELEGAS_VA":54028.2,"ELEGAS_EXP":5534.18,"AGUBAS_VA":36485.13,"AGUBAS_EXP":482.69,"CONSTR_VA":143548.99,"CONSTR_EXP":1074.72,"COMREV_VA":344417.53,"COMREV_EXP":156493.78,"TRATIE_VA":61606.18,"TRATIE_EXP":22899.8,"TRAGUA_VA":11144.94,"TRAGUA_EXP":34213.44,"TRAAIR_VA":11587.23,"TRAAIR_EXP":25503.48,"ALMSTR_VA":59637.99,"ALMSTR_EXP":13589.66,"POSTME_VA":18609.7,"POSTME_EXP":2365.95,"HOTYRE_VA":52359.39,"HOTYRE_EXP":7735.52,"MMTVRA_VA":39140.94,"MMTVRA_EXP":9689.65,"TELECO_VA":37988.0,"TELECO_EXP":3931.63,"ITSERV_VA":78397.52,"ITSERV_EXP":20853.97,"SERFIN_VA":167457.15,"SERFIN_EXP":40320.77,"GOBEST_VA":389977.28,"GOBEST_EXP":3580.33,"SPRSCT_VA":213046.19,"SPRSCT_EXP":53675.09,"SEAEMP_VA":151024.5,"SEAEMP_EXP":15314.71,"ADPDEF_VA":208340.6,"ADPDEF_EXP":0.17,"EDUCAC_VA":154180.34,"EDUCAC_EXP":3251.11,"SALUDH_VA":258267.95,"SALUDH_EXP":982.53,"ESPARC_VA":39904.23,"ESPARC_EXP":2094.24,"OTRSER_VA":86849.79,"OTRSER_EXP":744.5,"SERHOG_VA":8581.28,"SERHOG_EXP":0.0}},{"type":"Feature","geometry":{"type":"Point","coordinates":[9.5,56.26]},"properties":{"id":"DNK","name":"Dinamarca","continent":"europe","year":2011,"AGRPFO_VA":4319.88,"AGRPFO_EXP":4020.26,"FORLOG_VA":129.32,"FORLOG_EXP":74.01,"PESCAC_VA":432.87,"PESCAC_EXP":525.15,"MINCOL_VA":0.0,"MINCOL_EXP":0.0,"PETGAS_VA":9240.9,"PETGAS_EXP":5791.72,"MINORE_VA":0.0,"MINORE_EXP":0.0,"MINOTH_VA":163.72,"MINOTH_EXP":162.42,"MINSER_VA":434.86,"MINSER_EXP":105.58,"ALYBEB_VA":5684.43,"ALYBEB_EXP":12079.33,"TEXYPR_VA":527.95,"TEXYPR_EXP":710.76,"MADYPR_VA":788.08,"MADYPR_EXP":514.54,"PAPYPR_VA":1399.93,"PAPYPR_EXP":714.67,"PETREF_VA":-490.46,"PETREF_EXP":2557.41,"QUIMYP_VA":2290.78,"QUIMYP_EXP":4034.27,"FARMED_VA":7053.68,"FARMED_EXP":7926.84,"HUPLAS_VA":1352.51,"HUPLAS_EXP":2079.74,"PRNOMT_VA":1543.58,"PRNOMT_EXP":989.86,"METBAS_VA":304.74,"METBAS_EXP":561.0,"NONFER_VA":141.25,"NONFER_EXP":376.8,"PRMETA_VA":2812.75,"PRMETA_EXP":2745.43,"ELCTRO_VA":2957.75,"ELCTRO_EXP":4167.53,"ELCTRI_VA":1375.41,"ELCTRI_EXP":2371.17,"MAQYEQ_VA":7499.22,"MAQYEQ_EXP":11743.16,"AUTOMO_VA":553.18,"AUTOMO_EXP":663.7,"OTRTRA_VA":263.85,"OTRTRA_EXP":607.34,"TRANSP_VA":121.73,"TRANSP_EXP":180.53,"OTRMAN_VA":4153.45,"OTRMAN_EXP":4515.24,"ELEGAS_VA":4538.76,"ELEGAS_EXP":1720.66,"AGUBAS_VA":2715.94,"AGUBAS_EXP":75.5,"CONSTR_VA":14894.78,"CONSTR_EXP":1016.95,"COMREV_VA":39957.16,"COMREV_EXP":18076.94,"TRATIE_VA":6387.27,"TRATIE_EXP":5115.12,"TRAGUA_VA":3335.94,"TRAGUA_EXP":30994.78,"TRAAIR_VA":987.27,"TRAAIR_EXP":3476.06,"ALMSTR_VA":4519.85,"ALMSTR_EXP":3260.11,"POSTME_VA":1849.39,"POSTME_EXP":372.47,"HOTYRE_VA":4544.59,"HOTYRE_EXP":1605.53,"MMTVRA_VA":4062.27,"MMTVRA_EXP":1259.76,"TELECO_VA":4073.9,"TELECO_EXP":956.93,"ITSERV_VA":6223.49,"ITSERV_EXP":2080.82,"SERFIN_VA":17581.83,"SERFIN_EXP":2201.42,"GOBEST_VA":32379.1,"GOBEST_EXP":464.96,"SPRSCT_VA":16908.75,"SPRSCT_EXP":6306.84,"SEAEMP_VA":8649.26,"SEAEMP_EXP":3553.03,"ADPDEF_VA":17798.51,"ADPDEF_EXP":175.85,"EDUCAC_VA":19580.39,"EDUCAC_EXP":852.08,"SALUDH_VA":34012.85,"SALUDH_EXP":133.42,"ESPARC_VA":4811.44,"ESPARC_EXP":543.94,"OTRSER_VA":5111.88,"OTRSER_EXP":115.96,"SERHOG_VA":871.16,"SERHOG_EXP":0.0}},{"type":"Feature","geometry":{"type":"Point","coordinates":[30.8,26.82]},"properties":{"id":"EGY","name":"Egipto","continent":"other","year":2011,"AGRPFO_VA":24354.37,"AGRPFO_EXP":2539.92,"FORLOG_VA":4.27,"FORLOG_EXP":2.27,"PESCAC_VA":2337.31,"PESCAC_EXP":17.4,"MINCOL_VA":226.44,"MINCOL_EXP":44.74,"PETGAS_VA":28362.22,"PETGAS_EXP":4333.92,"MINORE_VA":350.46,"MINORE_EXP":17.28,"MINOTH_VA":1339.23,"MINOTH_EXP":416.79,"MINSER_VA":891.61,"MINSER_EXP":7.96,"ALYBEB_VA":6579.36,"ALYBEB_EXP":2460.22,"TEXYPR_VA":3072.71,"TEXYPR_EXP":2249.45,"MADYPR_VA":1092.42,"MADYPR_EXP":56.42,"PAPYPR_VA":1777.65,"PAPYPR_EXP":402.08,"PETREF_VA":7187.28,"PETREF_EXP":3246.88,"QUIMYP_VA":4868.63,"QUIMYP_EXP":2281.46,"FARMED_VA":1026.58,"FARMED_EXP":152.35,"HUPLAS_VA":641.25,"HUPLAS_EXP":539.94,"PRNOMT_VA":3623.41,"PRNOMT_EXP":924.05,"METBAS_VA":1969.57,"METBAS_EXP":1389.88,"NONFER_VA":2153.05,"NONFER_EXP":1568.58,"PRMETA_VA":1372.52,"PRMETA_EXP":358.95,"ELCTRO_VA":292.45,"ELCTRO_EXP":126.51,"ELCTRI_VA":955.92,"ELCTRI_EXP":881.31,"MAQYEQ_VA":313.19,"MAQYEQ_EXP":170.1,"AUTOMO_VA":493.16,"AUTOMO_EXP":105.21,"OTRTRA_VA":24.17,"OTRTRA_EXP":1.69,"TRANSP_VA":70.49,"TRANSP_EXP":2.14,"OTRMAN_VA":2405.87,"OTRMAN_EXP":405.74,"ELEGAS_VA":2050.61,"ELEGAS_EXP":220.41,"AGUBAS_VA":1442.53,"AGUBAS_EXP":4.36,"CONSTR_VA":14508.07,"CONSTR_EXP":23.4,"COMREV_VA":28984.31,"COMREV_EXP":3173.36,"TRATIE_VA":5853.82,"TRATIE_EXP":1870.84,"TRAGUA_VA":4476.08,"TRAGUA_EXP":2964.71,"TRAAIR_VA":2322.95,"TRAAIR_EXP":948.05,"ALMSTR_VA":8962.31,"ALMSTR_EXP":3445.7,"POSTME_VA":377.58,"POSTME_EXP":136.21,"HOTYRE_VA":6946.3,"HOTYRE_EXP":4659.95,"MMTVRA_VA":942.55,"MMTVRA_EXP":225.33,"TELECO_VA":5679.89,"TELECO_EXP":515.82,"ITSERV_VA":749.81,"ITSERV_EXP":197.17,"SERFIN_VA":9851.12,"SERFIN_EXP":328.09,"GOBEST_VA":17304.25,"GOBEST_EXP":370.05,"SPRSCT_VA":5170.95,"SPRSCT_EXP":704.18,"SEAEMP_VA":3410.86,"SEAEMP_EXP":1190.28,"ADPDEF_VA":11736.15,"ADPDEF_EXP":136.31,"EDUCAC_VA":11181.0,"EDUCAC_EXP":143.03,"SALUDH_VA":6540.25,"SALUDH_EXP":88.13,"ESPARC_VA":2513.04,"ESPARC_EXP":155.6,"OTRSER_VA":3683.13,"OTRSER_EXP":120.23,"SERHOG_VA":129.88,"SERHOG_EXP":0.0}},{"type":"Feature","geometry":{"type":"Point","coordinates":[-3.75,40.46]},"properties":{"id":"ESP","name":"España","continent":"europe","year":2011,"AGRPFO_VA":32213.67,"AGRPFO_EXP":12423.72,"FORLOG_VA":1513.94,"FORLOG_EXP":222.9,"PESCAC_VA":2000.44,"PESCAC_EXP":407.99,"MINCOL_VA":660.2,"MINCOL_EXP":105.56,"PETGAS_VA":52.27,"PETGAS_EXP":62.43,"MINORE_VA":596.26,"MINORE_EXP":909.67,"MINOTH_VA":2368.04,"MINOTH_EXP":879.37,"MINSER_VA":100.76,"MINSER_EXP":193.97,"ALYBEB_VA":35335.37,"ALYBEB_EXP":23159.52,"TEXYPR_VA":12630.94,"TEXYPR_EXP":11251.73,"MADYPR_VA":2605.06,"MADYPR_EXP":1560.28,"PAPYPR_VA":9758.36,"PAPYPR_EXP":5756.36,"PETREF_VA":3760.69,"PETREF_EXP":20068.11,"QUIMYP_VA":12900.59,"QUIMYP_EXP":22570.12,"FARMED_VA":7292.42,"FARMED_EXP":11631.34,"HUPLAS_VA":7874.65,"HUPLAS_EXP":8025.62,"PRNOMT_VA":8381.84,"PRNOMT_EXP":5802.68,"METBAS_VA":3796.5,"METBAS_EXP":10812.66,"NONFER_VA":2131.58,"NONFER_EXP":8195.32,"PRMETA_VA":15369.52,"PRMETA_EXP":10031.51,"ELCTRO_VA":2993.5,"ELCTRO_EXP":4014.61,"ELCTRI_VA":5854.83,"ELCTRI_EXP":10961.7,"MAQYEQ_VA":9080.29,"MAQYEQ_EXP":13148.16,"AUTOMO_VA":13177.63,"AUTOMO_EXP":44077.17,"OTRTRA_VA":1195.57,"OTRTRA_EXP":830.17,"TRANSP_VA":5399.71,"TRANSP_EXP":7843.65,"OTRMAN_VA":13853.55,"OTRMAN_EXP":5408.0,"ELEGAS_VA":35482.62,"ELEGAS_EXP":910.57,"AGUBAS_VA":14969.08,"AGUBAS_EXP":95.06,"CONSTR_VA":106961.34,"CONSTR_EXP":827.71,"COMREV_VA":172994.61,"COMREV_EXP":53782.34,"TRATIE_VA":34725.2,"TRATIE_EXP":15293.72,"TRAGUA_VA":1048.68,"TRAGUA_EXP":1166.35,"TRAAIR_VA":2946.41,"TRAAIR_EXP":10042.27,"ALMSTR_VA":23556.52,"ALMSTR_EXP":8298.1,"POSTME_VA":3191.32,"POSTME_EXP":271.01,"HOTYRE_VA":85777.31,"HOTYRE_EXP":15346.01,"MMTVRA_VA":11664.08,"MMTVRA_EXP":3350.12,"TELECO_VA":24990.69,"TELECO_EXP":4921.58,"ITSERV_VA":18229.34,"ITSERV_EXP":10864.28,"SERFIN_VA":55256.89,"SERFIN_EXP":9247.07,"GOBEST_VA":161036.57,"GOBEST_EXP":3304.45,"SPRSCT_VA":59077.84,"SPRSCT_EXP":13103.04,"SEAEMP_VA":48633.88,"SEAEMP_EXP":10577.73,"ADPDEF_VA":91404.47,"ADPDEF_EXP":2127.97,"EDUCAC_VA":75899.16,"EDUCAC_EXP":2518.36,"SALUDH_VA":89438.48,"SALUDH_EXP":1093.97,"ESPARC_VA":27305.55,"ESPARC_EXP":2649.88,"OTRSER_VA":22566.25,"OTRSER_EXP":1237.87,"SERHOG_VA":14519.26,"SERHOG_EXP":0.0}},{"type":"Feature","geometry":{"type":"Point","coordinates":[25.01,58.6]},"properties":{"id":"EST","name":"Estonia","continent":"europe","year":2011,"AGRPFO_VA":463.08,"AGRPFO_EXP":286.49,"FORLOG_VA":398.15,"FORLOG_EXP":209.29,"PESCAC_VA":53.26,"PESCAC_EXP":40.46,"MINCOL_VA":20.11,"MINCOL_EXP":0.96,"PETGAS_VA":181.48,"PETGAS_EXP":93.44,"MINORE_VA":0.0,"MINORE_EXP":0.0,"MINOTH_VA":62.48,"MINOTH_EXP":15.76,"MINSER_VA":1.46,"MINSER_EXP":2.67,"ALYBEB_VA":439.56,"ALYBEB_EXP":816.47,"TEXYPR_VA":218.01,"TEXYPR_EXP":418.63,"MADYPR_VA":485.09,"MADYPR_EXP":1231.17,"PAPYPR_VA":187.15,"PAPYPR_EXP":310.97,"PETREF_VA":199.94,"PETREF_EXP":218.01,"QUIMYP_VA":173.1,"QUIMYP_EXP":619.51,"FARMED_VA":17.64,"FARMED_EXP":48.13,"HUPLAS_VA":136.9,"HUPLAS_EXP":350.79,"PRNOMT_VA":177.91,"PRNOMT_EXP":229.8,"METBAS_VA":1.26,"METBAS_EXP":3.61,"NONFER_VA":13.5,"NONFER_EXP":43.11,"PRMETA_VA":378.5,"PRMETA_EXP":902.66,"ELCTRO_VA":326.33,"ELCTRO_EXP":1827.91,"ELCTRI_VA":204.71,"ELCTRI_EXP":455.86,"MAQYEQ_VA":138.89,"MAQYEQ_EXP":296.18,"AUTOMO_VA":138.06,"AUTOMO_EXP":331.31,"OTRTRA_VA":28.63,"OTRTRA_EXP":29.58,"TRANSP_VA":0.63,"TRANSP_EXP":0.12,"OTRMAN_VA":375.48,"OTRMAN_EXP":606.88,"ELEGAS_VA":686.81,"ELEGAS_EXP":327.6,"AGUBAS_VA":195.4,"AGUBAS_EXP":8.38,"CONSTR_VA":1498.81,"CONSTR_EXP":51.63,"COMREV_VA":2529.67,"COMREV_EXP":1403.75,"TRATIE_VA":911.48,"TRATIE_EXP":719.68,"TRAGUA_VA":189.18,"TRAGUA_EXP":523.11,"TRAAIR_VA":11.94,"TRAAIR_EXP":121.41,"ALMSTR_VA":965.63,"ALMSTR_EXP":1673.82,"POSTME_VA":58.12,"POSTME_EXP":67.67,"HOTYRE_VA":351.85,"HOTYRE_EXP":388.31,"MMTVRA_VA":165.86,"MMTVRA_EXP":86.67,"TELECO_VA":453.19,"TELECO_EXP":179.45,"ITSERV_VA":431.86,"ITSERV_EXP":269.55,"SERFIN_VA":938.64,"SERFIN_EXP":237.27,"GOBEST_VA":1947.04,"GOBEST_EXP":85.94,"SPRSCT_VA":1045.74,"SPRSCT_EXP":432.13,"SEAEMP_VA":730.4,"SEAEMP_EXP":427.81,"ADPDEF_VA":1350.93,"ADPDEF_EXP":21.27,"EDUCAC_VA":950.25,"EDUCAC_EXP":31.55,"SALUDH_VA":733.48,"SALUDH_EXP":20.74,"ESPARC_VA":277.28,"ESPARC_EXP":59.95,"OTRSER_VA":176.74,"OTRSER_EXP":25.29,"SERHOG_VA":7.62,"SERHOG_EXP":0.0}},{"type":"Feature","geometry":{"type":"Point","coordinates":[25.75,61.92]},"properties":{"id":"FIN","name":"Finlandia","continent":"europe","year":2011,"AGRPFO_VA":2236.2,"AGRPFO_EXP":1305.69,"FORLOG_VA":4190.63,"FORLOG_EXP":95.38,"PESCAC_VA":177.5,"PESCAC_EXP":27.2,"MINCOL_VA":248.83,"MINCOL_EXP":11.5,"PETGAS_VA":0.0,"PETGAS_EXP":0.0,"MINORE_VA":525.99,"MINORE_EXP":692.27,"MINOTH_VA":603.86,"MINOTH_EXP":270.04,"MINSER_VA":23.98,"MINSER_EXP":16.53,"ALYBEB_VA":3774.42,"ALYBEB_EXP":1952.3,"TEXYPR_VA":681.23,"TEXYPR_EXP":859.23,"MADYPR_VA":1739.47,"MADYPR_EXP":2675.41,"PAPYPR_VA":5607.35,"PAPYPR_EXP":12304.62,"PETREF_VA":2537.97,"PETREF_EXP":6739.87,"QUIMYP_VA":2979.75,"QUIMYP_EXP":5204.41,"FARMED_VA":1453.85,"FARMED_EXP":1088.59,"HUPLAS_VA":1595.37,"HUPLAS_EXP":2036.49,"PRNOMT_VA":1723.69,"PRNOMT_EXP":904.76,"METBAS_VA":1376.7,"METBAS_EXP":4779.7,"NONFER_VA":654.18,"NONFER_EXP":2186.98,"PRMETA_VA":3687.01,"PRMETA_EXP":2072.41,"ELCTRO_VA":7847.91,"ELCTRO_EXP":7107.27,"ELCTRI_VA":2410.83,"ELCTRI_EXP":3956.46,"MAQYEQ_VA":6893.25,"MAQYEQ_EXP":10872.66,"AUTOMO_VA":697.44,"AUTOMO_EXP":1031.69,"OTRTRA_VA":368.0,"OTRTRA_EXP":541.82,"TRANSP_VA":280.14,"TRANSP_EXP":457.19,"OTRMAN_VA":2926.18,"OTRMAN_EXP":1339.4,"ELEGAS_VA":5450.38,"ELEGAS_EXP":179.39,"AGUBAS_VA":2193.73,"AGUBAS_EXP":19.61,"CONSTR_VA":16275.3,"CONSTR_EXP":12.8,"COMREV_VA":24223.6,"COMREV_EXP":9281.03,"TRATIE_VA":7383.85,"TRATIE_EXP":824.84,"TRAGUA_VA":961.81,"TRAGUA_EXP":1444.15,"TRAAIR_VA":759.98,"TRAAIR_EXP":1637.2,"ALMSTR_VA":3217.43,"ALMSTR_EXP":607.99,"POSTME_VA":1238.41,"POSTME_EXP":121.8,"HOTYRE_VA":4101.97,"HOTYRE_EXP":954.03,"MMTVRA_VA":3602.12,"MMTVRA_EXP":1233.46,"TELECO_VA":3059.69,"TELECO_EXP":225.0,"ITSERV_VA":5640.15,"ITSERV_EXP":4714.52,"SERFIN_VA":7238.23,"SERFIN_EXP":856.32,"GOBEST_VA":28111.12,"GOBEST_EXP":251.23,"SPRSCT_VA":12009.71,"SPRSCT_EXP":4523.34,"SEAEMP_VA":8191.5,"SEAEMP_EXP":2150.31,"ADPDEF_VA":15391.47,"ADPDEF_EXP":112.78,"EDUCAC_VA":13875.75,"EDUCAC_EXP":897.14,"SALUDH_VA":23059.3,"SALUDH_EXP":72.03,"ESPARC_VA":3309.87,"ESPARC_EXP":175.31,"OTRSER_VA":4248.36,"OTRSER_EXP":128.07,"SERHOG_VA":274.51,"SERHOG_EXP":0.0}},{"type":"Feature","geometry":{"type":"Point","coordinates":[2.21,46.23]},"properties":{"id":"FRA","name":"Francia","continent":"europe","year":2011,"AGRPFO_VA":43315.16,"AGRPFO_EXP":18696.6,"FORLOG_VA":3914.33,"FORLOG_EXP":548.93,"PESCAC_VA":1533.64,"PESCAC_EXP":634.87,"MINCOL_VA":6.93,"MINCOL_EXP":4.1,"PETGAS_VA":308.71,"PETGAS_EXP":398.56,"MINORE_VA":17.09,"MINORE_EXP":24.07,"MINOTH_VA":3256.97,"MINOTH_EXP":625.94,"MINSER_VA":60.94,"MINSER_EXP":54.2,"ALYBEB_VA":51897.23,"ALYBEB_EXP":39319.86,"TEXYPR_VA":8275.08,"TEXYPR_EXP":8860.43,"MADYPR_VA":5285.66,"MADYPR_EXP":2170.69,"PAPYPR_VA":13370.59,"PAPYPR_EXP":8083.63,"PETREF_VA":5068.88,"PETREF_EXP":20640.23,"QUIMYP_VA":20000.74,"QUIMYP_EXP":55048.85,"FARMED_VA":16727.23,"FARMED_EXP":18208.2,"HUPLAS_VA":15327.58,"HUPLAS_EXP":15053.38,"PRNOMT_VA":12494.23,"PRNOMT_EXP":5387.72,"METBAS_VA":8517.08,"METBAS_EXP":15598.72,"NONFER_VA":4133.92,"NONFER_EXP":9607.32,"PRMETA_VA":30994.81,"PRMETA_EXP":11940.94,"ELCTRO_VA":13721.71,"ELCTRO_EXP":25529.33,"ELCTRI_VA":11161.3,"ELCTRI_EXP":22312.38,"MAQYEQ_VA":20359.82,"MAQYEQ_EXP":38160.67,"AUTOMO_VA":21056.61,"AUTOMO_EXP":46675.07,"OTRTRA_VA":2282.69,"OTRTRA_EXP":1313.83,"TRANSP_VA":14365.23,"TRANSP_EXP":45901.38,"OTRMAN_VA":43819.12,"OTRMAN_EXP":18605.99,"ELEGAS_VA":35621.4,"ELEGAS_EXP":4510.76,"AGUBAS_VA":20076.37,"AGUBAS_EXP":23.03,"CONSTR_VA":163633.48,"CONSTR_EXP":41.09,"COMREV_VA":281434.61,"COMREV_EXP":105057.1,"TRATIE_VA":54267.21,"TRATIE_EXP":18000.8,"TRAGUA_VA":2362.75,"TRAGUA_EXP":14727.58,"TRAAIR_VA":6989.77,"TRAAIR_EXP":17303.43,"ALMSTR_VA":46968.17,"ALMSTR_EXP":6763.32,"POSTME_VA":11608.91,"POSTME_EXP":1340.78,"HOTYRE_VA":58302.35,"HOTYRE_EXP":25777.48,"MMTVRA_VA":32062.9,"MMTVRA_EXP":6296.72,"TELECO_VA":41677.34,"TELECO_EXP":6297.61,"ITSERV_VA":63968.55,"ITSERV_EXP":5697.85,"SERFIN_VA":111534.22,"SERFIN_EXP":20516.02,"GOBEST_VA":354431.32,"GOBEST_EXP":4480.36,"SPRSCT_VA":211872.48,"SPRSCT_EXP":30863.76,"SEAEMP_VA":143004.74,"SEAEMP_EXP":35661.5,"ADPDEF_VA":212028.63,"ADPDEF_EXP":1788.06,"EDUCAC_VA":139608.99,"EDUCAC_EXP":1886.97,"SALUDH_VA":225322.03,"SALUDH_EXP":2349.62,"ESPARC_VA":35271.26,"ESPARC_EXP":4208.58,"OTRSER_VA":39449.18,"OTRSER_EXP":1260.79,"SERHOG_VA":5546.02,"SERHOG_EXP":0.0}},{"type":"Feature","geometry":{"type":"Point","coordinates":[-3.44,55.38]},"properties":{"id":"GBR","name":"Reino Unido","continent":"europe","year":2011,"AGRPFO_VA":17645.03,"AGRPFO_EXP":2849.72,"FORLOG_VA":924.46,"FORLOG_EXP":82.34,"PESCAC_VA":1215.42,"PESCAC_EXP":810.17,"MINCOL_VA":810.66,"MINCOL_EXP":116.38,"PETGAS_VA":39321.44,"PETGAS_EXP":31548.63,"MINORE_VA":0.0,"MINORE_EXP":0.0,"MINOTH_VA":2413.09,"MINOTH_EXP":3726.78,"MINSER_VA":3373.88,"MINSER_EXP":956.53,"ALYBEB_VA":43214.03,"ALYBEB_EXP":23021.93,"TEXYPR_VA":6599.6,"TEXYPR_EXP":7201.69,"MADYPR_VA":3638.16,"MADYPR_EXP":678.24,"PAPYPR_VA":14022.2,"PAPYPR_EXP":3989.05,"PETREF_VA":1977.51,"PETREF_EXP":26456.24,"QUIMYP_VA":15153.21,"QUIMYP_EXP":27119.4,"FARMED_VA":22196.22,"FARMED_EXP":18195.71,"HUPLAS_VA":11805.28,"HUPLAS_EXP":8982.28,"PRNOMT_VA":7529.66,"PRNOMT_EXP":2860.81,"METBAS_VA":4211.05,"METBAS_EXP":8277.61,"NONFER_VA":2216.01,"NONFER_EXP":8529.8,"PRMETA_VA":22421.0,"PRMETA_EXP":8287.58,"ELCTRO_VA":19998.93,"ELCTRO_EXP":12387.51,"ELCTRI_VA":7248.41,"ELCTRI_EXP":7982.92,"MAQYEQ_VA":21576.26,"MAQYEQ_EXP":27611.27,"AUTOMO_VA":16815.75,"AUTOMO_EXP":39665.34,"OTRTRA_VA":2611.39,"OTRTRA_EXP":1632.96,"TRANSP_VA":14074.34,"TRANSP_EXP":22987.14,"OTRMAN_VA":23208.61,"OTRMAN_EXP":12190.39,"ELEGAS_VA":30602.87,"ELEGAS_EXP":426.94,"AGUBAS_VA":34275.1,"AGUBAS_EXP":274.95,"CONSTR_VA":137122.6,"CONSTR_EXP":491.4,"COMREV_VA":258024.47,"COMREV_EXP":67223.01,"TRATIE_VA":42837.37,"TRATIE_EXP":7715.45,"TRAGUA_VA":8485.23,"TRAGUA_EXP":12783.5,"TRAAIR_VA":5456.29,"TRAAIR_EXP":11688.81,"ALMSTR_VA":31634.71,"ALMSTR_EXP":5476.88,"POSTME_VA":17296.69,"POSTME_EXP":1455.09,"HOTYRE_VA":65809.18,"HOTYRE_EXP":9528.35,"MMTVRA_VA":43740.73,"MMTVRA_EXP":16495.62,"TELECO_VA":45830.28,"TELECO_EXP":8941.69,"ITSERV_VA":64865.0,"ITSERV_EXP":17933.39,"SERFIN_VA":230667.42,"SERFIN_EXP":125418.43,"GOBEST_VA":287118.21,"GOBEST_EXP":2301.28,"SPRSCT_VA":169646.5,"SPRSCT_EXP":60543.1,"SEAEMP_VA":102625.46,"SEAEMP_EXP":30819.75,"ADPDEF_VA":135242.91,"ADPDEF_EXP":529.86,"EDUCAC_VA":153546.84,"EDUCAC_EXP":14422.72,"SALUDH_VA":185529.62,"SALUDH_EXP":655.35,"ESPARC_VA":35809.48,"ESPARC_EXP":6133.2,"OTRSER_VA":39533.17,"OTRSER_EXP":649.14,"SERHOG_VA":3450.7,"SERHOG_EXP":0.0}},{"type":"Feature","geometry":{"type":"Point","coordinates":[21.82,39.07]},"properties":{"id":"GRC","name":"Grecia","continent":"europe","year":2011,"AGRPFO_VA":8191.34,"AGRPFO_EXP":1862.17,"FORLOG_VA":82.66,"FORLOG_EXP":8.16,"PESCAC_VA":1024.28,"PESCAC_EXP":454.65,"MINCOL_VA":72.13,"MINCOL_EXP":4.14,"PETGAS_VA":14.19,"PETGAS_EXP":0.24,"MINORE_VA":150.07,"MINORE_EXP":76.88,"MINOTH_VA":1067.01,"MINOTH_EXP":199.76,"MINSER_VA":33.22,"MINSER_EXP":12.47,"ALYBEB_VA":7867.48,"ALYBEB_EXP":2852.0,"TEXYPR_VA":1172.97,"TEXYPR_EXP":976.14,"MADYPR_VA":355.91,"MADYPR_EXP":94.52,"PAPYPR_VA":1090.06,"PAPYPR_EXP":267.21,"PETREF_VA":2221.19,"PETREF_EXP":7793.03,"QUIMYP_VA":1053.61,"QUIMYP_EXP":1530.36,"FARMED_VA":1179.39,"FARMED_EXP":825.98,"HUPLAS_VA":958.19,"HUPLAS_EXP":591.79,"PRNOMT_VA":1354.85,"PRNOMT_EXP":349.7,"METBAS_VA":1268.25,"METBAS_EXP":1324.05,"NONFER_VA":1072.53,"NONFER_EXP":2112.34,"PRMETA_VA":1876.51,"PRMETA_EXP":654.76,"ELCTRO_VA":258.63,"ELCTRO_EXP":207.99,"ELCTRI_VA":694.91,"ELCTRI_EXP":830.92,"MAQYEQ_VA":605.86,"MAQYEQ_EXP":549.97,"AUTOMO_VA":92.47,"AUTOMO_EXP":71.78,"OTRTRA_VA":122.51,"OTRTRA_EXP":183.74,"TRANSP_VA":348.61,"TRANSP_EXP":403.59,"OTRMAN_VA":1381.27,"OTRMAN_EXP":440.76,"ELEGAS_VA":5030.41,"ELEGAS_EXP":177.42,"AGUBAS_VA":3326.2,"AGUBAS_EXP":4.76,"CONSTR_VA":8627.66,"CONSTR_EXP":15.17,"COMREV_VA":31880.97,"COMREV_EXP":6814.07,"TRATIE_VA":5073.16,"TRATIE_EXP":1368.87,"TRAGUA_VA":8491.3,"TRAGUA_EXP":17987.83,"TRAAIR_VA":855.13,"TRAAIR_EXP":1221.39,"ALMSTR_VA":2657.35,"ALMSTR_EXP":1002.76,"POSTME_VA":813.89,"POSTME_EXP":62.05,"HOTYRE_VA":12717.34,"HOTYRE_EXP":5876.4,"MMTVRA_VA":1953.86,"MMTVRA_EXP":303.99,"TELECO_VA":5114.85,"TELECO_EXP":730.93,"ITSERV_VA":1121.49,"ITSERV_EXP":314.0,"SERFIN_VA":12266.66,"SERFIN_EXP":1465.21,"GOBEST_VA":45096.38,"GOBEST_EXP":772.79,"SPRSCT_VA":9347.79,"SPRSCT_EXP":1156.81,"SEAEMP_VA":4342.93,"SEAEMP_EXP":1522.63,"ADPDEF_VA":26215.91,"ADPDEF_EXP":16.14,"EDUCAC_VA":15316.66,"EDUCAC_EXP":355.46,"SALUDH_VA":12338.04,"SALUDH_EXP":204.45,"ESPARC_VA":3407.25,"ESPARC_EXP":495.32,"OTRSER_VA":3123.56,"OTRSER_EXP":228.87,"SERHOG_VA":1406.03,"SERHOG_EXP":0.0}},{"type":"Feature","geometry":{"type":"Point","coordinates":[114.11,22.4]},"properties":{"id":"HKG","name":"Hong Kong","continent":"asia","year":2011,"AGRPFO_VA":123.87,"AGRPFO_EXP":8.37,"FORLOG_VA":14.83,"FORLOG_EXP":14.68,"PESCAC_VA":24.35,"PESCAC_EXP":6.08,"MINCOL_VA":0.0,"MINCOL_EXP":0.0,"PETGAS_VA":0.0,"PETGAS_EXP":0.0,"MINORE_VA":0.0,"MINORE_EXP":0.0,"MINOTH_VA":0.0,"MINOTH_EXP":0.0,"MINSER_VA":24.74,"MINSER_EXP":25.42,"ALYBEB_VA":3220.31,"ALYBEB_EXP":5210.46,"TEXYPR_VA":490.84,"TEXYPR_EXP":307.52,"MADYPR_VA":418.81,"MADYPR_EXP":118.89,"PAPYPR_VA":240.17,"PAPYPR_EXP":139.59,"PETREF_VA":67.32,"PETREF_EXP":17.43,"QUIMYP_VA":273.48,"QUIMYP_EXP":683.46,"FARMED_VA":295.41,"FARMED_EXP":98.91,"HUPLAS_VA":30.45,"HUPLAS_EXP":0.04,"PRNOMT_VA":169.24,"PRNOMT_EXP":41.18,"METBAS_VA":38.61,"METBAS_EXP":247.76,"NONFER_VA":21.69,"NONFER_EXP":20.91,"PRMETA_VA":118.1,"PRMETA_EXP":451.71,"ELCTRO_VA":273.17,"ELCTRO_EXP":698.79,"ELCTRI_VA":169.58,"ELCTRI_EXP":733.37,"MAQYEQ_VA":96.59,"MAQYEQ_EXP":685.43,"AUTOMO_VA":80.09,"AUTOMO_EXP":98.71,"OTRTRA_VA":18.72,"OTRTRA_EXP":201.9,"TRANSP_VA":32.17,"TRANSP_EXP":106.87,"OTRMAN_VA":359.89,"OTRMAN_EXP":71.55,"ELEGAS_VA":3834.28,"ELEGAS_EXP":157.61,"AGUBAS_VA":2043.95,"AGUBAS_EXP":37.48,"CONSTR_VA":8097.54,"CONSTR_EXP":89.57,"COMREV_VA":61009.63,"COMREV_EXP":12344.98,"TRATIE_VA":5199.17,"TRATIE_EXP":3157.44,"TRAGUA_VA":2685.07,"TRAGUA_EXP":5876.81,"TRAAIR_VA":6080.47,"TRAAIR_EXP":12904.78,"ALMSTR_VA":346.64,"ALMSTR_EXP":131.2,"POSTME_VA":662.57,"POSTME_EXP":150.39,"HOTYRE_VA":8334.1,"HOTYRE_EXP":8567.69,"MMTVRA_VA":812.85,"MMTVRA_EXP":812.46,"TELECO_VA":7101.31,"TELECO_EXP":3026.79,"ITSERV_VA":2664.67,"ITSERV_EXP":1060.4,"SERFIN_VA":37833.26,"SERFIN_EXP":34483.06,"GOBEST_VA":37681.21,"GOBEST_EXP":2036.59,"SPRSCT_VA":5008.43,"SPRSCT_EXP":1736.99,"SEAEMP_VA":3469.8,"SEAEMP_EXP":812.42,"ADPDEF_VA":14130.62,"ADPDEF_EXP":88.77,"EDUCAC_VA":15441.53,"EDUCAC_EXP":1846.45,"SALUDH_VA":9399.52,"SALUDH_EXP":482.88,"ESPARC_VA":1357.96,"ESPARC_EXP":1897.67,"OTRSER_VA":3602.68,"OTRSER_EXP":658.3,"SERHOG_VA":3052.12,"SERHOG_EXP":0.0}},{"type":"Feature","geometry":{"type":"Point","coordinates":[15.2,45.1]},"properties":{"id":"HRV","name":"Croacia","continent":"europe","year":2011,"AGRPFO_VA":1904.28,"AGRPFO_EXP":556.38,"FORLOG_VA":330.77,"FORLOG_EXP":129.24,"PESCAC_VA":135.84,"PESCAC_EXP":74.73,"MINCOL_VA":3.17,"MINCOL_EXP":0.16,"PETGAS_VA":178.77,"PETGAS_EXP":74.35,"MINORE_VA":2.89,"MINORE_EXP":2.37,"MINOTH_VA":136.26,"MINOTH_EXP":46.5,"MINSER_VA":242.18,"MINSER_EXP":57.71,"ALYBEB_VA":2298.37,"ALYBEB_EXP":1154.98,"TEXYPR_VA":522.44,"TEXYPR_EXP":285.03,"MADYPR_VA":228.81,"MADYPR_EXP":322.27,"PAPYPR_VA":380.51,"PAPYPR_EXP":164.3,"PETREF_VA":1529.79,"PETREF_EXP":1188.77,"QUIMYP_VA":306.73,"QUIMYP_EXP":500.27,"FARMED_VA":458.87,"FARMED_EXP":190.7,"HUPLAS_VA":262.68,"HUPLAS_EXP":172.77,"PRNOMT_VA":446.7,"PRNOMT_EXP":292.49,"METBAS_VA":53.46,"METBAS_EXP":116.0,"NONFER_VA":75.98,"NONFER_EXP":177.55,"PRMETA_VA":719.66,"PRMETA_EXP":495.63,"ELCTRO_VA":350.7,"ELCTRO_EXP":172.38,"ELCTRI_VA":339.78,"ELCTRI_EXP":445.81,"MAQYEQ_VA":332.52,"MAQYEQ_EXP":309.48,"AUTOMO_VA":81.44,"AUTOMO_EXP":104.8,"OTRTRA_VA":245.42,"OTRTRA_EXP":302.81,"TRANSP_VA":48.51,"TRANSP_EXP":123.55,"OTRMAN_VA":504.5,"OTRMAN_EXP":385.18,"ELEGAS_VA":1179.8,"ELEGAS_EXP":225.56,"AGUBAS_VA":703.5,"AGUBAS_EXP":78.64,"CONSTR_VA":2903.52,"CONSTR_EXP":376.06,"COMREV_VA":6568.86,"COMREV_EXP":2289.66,"TRATIE_VA":1106.49,"TRATIE_EXP":873.1,"TRAGUA_VA":230.44,"TRAGUA_EXP":226.84,"TRAAIR_VA":76.47,"TRAAIR_EXP":207.69,"ALMSTR_VA":1038.09,"ALMSTR_EXP":625.76,"POSTME_VA":278.95,"POSTME_EXP":32.45,"HOTYRE_VA":2535.01,"HOTYRE_EXP":2207.37,"MMTVRA_VA":532.96,"MMTVRA_EXP":126.63,"TELECO_VA":1461.86,"TELECO_EXP":360.31,"ITSERV_VA":613.05,"ITSERV_EXP":193.09,"SERFIN_VA":3836.37,"SERFIN_EXP":376.52,"GOBEST_VA":5048.76,"GOBEST_EXP":586.45,"SPRSCT_VA":3362.94,"SPRSCT_EXP":1310.18,"SEAEMP_VA":977.63,"SEAEMP_EXP":374.09,"ADPDEF_VA":4224.83,"ADPDEF_EXP":200.57,"EDUCAC_VA":2728.85,"EDUCAC_EXP":179.07,"SALUDH_VA":2539.86,"SALUDH_EXP":122.5,"ESPARC_VA":901.22,"ESPARC_EXP":355.34,"OTRSER_VA":790.48,"OTRSER_EXP":153.48,"SERHOG_VA":72.58,"SERHOG_EXP":0.0}},{"type":"Feature","geometry":{"type":"Point","coordinates":[19.5,47.16]},"properties":{"id":"HUN","name":"Hungría","continent":"europe","year":2011,"AGRPFO_VA":5550.06,"AGRPFO_EXP":3358.92,"FORLOG_VA":300.37,"FORLOG_EXP":129.94,"PESCAC_VA":20.09,"PESCAC_EXP":15.24,"MINCOL_VA":0.73,"MINCOL_EXP":0.73,"PETGAS_VA":92.68,"PETGAS_EXP":41.5,"MINORE_VA":4.88,"MINORE_EXP":2.61,"MINOTH_VA":105.48,"MINOTH_EXP":32.11,"MINSER_VA":96.2,"MINSER_EXP":50.85,"ALYBEB_VA":2696.74,"ALYBEB_EXP":4663.03,"TEXYPR_VA":693.22,"TEXYPR_EXP":1008.05,"MADYPR_VA":333.95,"MADYPR_EXP":566.96,"PAPYPR_VA":862.14,"PAPYPR_EXP":1292.3,"PETREF_VA":2764.06,"PETREF_EXP":3288.78,"QUIMYP_VA":960.86,"QUIMYP_EXP":3626.66,"FARMED_VA":2076.61,"FARMED_EXP":2974.12,"HUPLAS_VA":1637.11,"HUPLAS_EXP":3692.68,"PRNOMT_VA":902.22,"PRNOMT_EXP":1301.48,"METBAS_VA":381.87,"METBAS_EXP":1172.73,"NONFER_VA":516.05,"NONFER_EXP":1449.33,"PRMETA_VA":1850.96,"PRMETA_EXP":2562.5,"ELCTRO_VA":3074.56,"ELCTRO_EXP":17971.99,"ELCTRI_VA":1140.19,"ELCTRI_EXP":3796.3,"MAQYEQ_VA":3681.64,"MAQYEQ_EXP":7614.18,"AUTOMO_VA":4680.2,"AUTOMO_EXP":17074.04,"OTRTRA_VA":4.37,"OTRTRA_EXP":7.23,"TRANSP_VA":199.25,"TRANSP_EXP":343.08,"OTRMAN_VA":1433.09,"OTRMAN_EXP":1646.68,"ELEGAS_VA":3337.97,"ELEGAS_EXP":969.49,"AGUBAS_VA":1552.32,"AGUBAS_EXP":61.93,"CONSTR_VA":5155.63,"CONSTR_EXP":97.39,"COMREV_VA":12797.18,"COMREV_EXP":8827.41,"TRATIE_VA":4265.24,"TRATIE_EXP":3931.86,"TRAGUA_VA":109.18,"TRAGUA_EXP":50.03,"TRAAIR_VA":225.47,"TRAAIR_EXP":1084.79,"ALMSTR_VA":3167.61,"ALMSTR_EXP":2166.1,"POSTME_VA":732.52,"POSTME_EXP":121.63,"HOTYRE_VA":2246.95,"HOTYRE_EXP":1253.84,"MMTVRA_VA":1796.52,"MMTVRA_EXP":1394.08,"TELECO_VA":2324.65,"TELECO_EXP":419.5,"ITSERV_VA":2452.11,"ITSERV_EXP":1340.88,"SERFIN_VA":5867.89,"SERFIN_EXP":604.64,"GOBEST_VA":11559.35,"GOBEST_EXP":470.54,"SPRSCT_VA":6953.0,"SPRSCT_EXP":3396.08,"SEAEMP_VA":4237.28,"SEAEMP_EXP":2658.93,"ADPDEF_VA":10228.22,"ADPDEF_EXP":59.55,"EDUCAC_VA":5410.88,"EDUCAC_EXP":128.38,"SALUDH_VA":5018.15,"SALUDH_EXP":98.01,"ESPARC_VA":1484.17,"ESPARC_EXP":222.89,"OTRSER_VA":2063.45,"OTRSER_EXP":124.93,"SERHOG_VA":18.02,"SERHOG_EXP":0.0}},{"type":"Feature","geometry":{"type":"Point","coordinates":[113.92,-0.79]},"properties":{"id":"IDN","name":"Indonesia","continent":"asia","year":2011,"AGRPFO_VA":90908.31,"AGRPFO_EXP":7597.49,"FORLOG_VA":6796.27,"FORLOG_EXP":36.76,"PESCAC_VA":17851.06,"PESCAC_EXP":754.54,"MINCOL_VA":27634.76,"MINCOL_EXP":24313.58,"PETGAS_VA":48513.56,"PETGAS_EXP":37756.7,"MINORE_VA":11420.18,"MINORE_EXP":10898.02,"MINOTH_VA":9510.22,"MINOTH_EXP":319.37,"MINSER_VA":4009.28,"MINSER_EXP":216.12,"ALYBEB_VA":49760.44,"ALYBEB_EXP":24092.27,"TEXYPR_VA":13784.13,"TEXYPR_EXP":16052.62,"MADYPR_VA":5483.34,"MADYPR_EXP":3224.9,"PAPYPR_VA":8487.3,"PAPYPR_EXP":5915.36,"PETREF_VA":29392.76,"PETREF_EXP":3674.88,"QUIMYP_VA":11896.47,"QUIMYP_EXP":9660.14,"FARMED_VA":1084.44,"FARMED_EXP":446.03,"HUPLAS_VA":7587.48,"HUPLAS_EXP":8704.48,"PRNOMT_VA":5782.4,"PRNOMT_EXP":1097.31,"METBAS_VA":3706.19,"METBAS_EXP":1837.55,"NONFER_VA":3067.53,"NONFER_EXP":4761.9,"PRMETA_VA":15841.22,"PRMETA_EXP":2155.74,"ELCTRO_VA":5047.96,"ELCTRO_EXP":8947.73,"ELCTRI_VA":4422.62,"ELCTRI_EXP":5276.08,"MAQYEQ_VA":2526.25,"MAQYEQ_EXP":2331.21,"AUTOMO_VA":15624.12,"AUTOMO_EXP":2487.75,"OTRTRA_VA":674.17,"OTRTRA_EXP":984.06,"TRANSP_VA":397.39,"TRANSP_EXP":984.56,"OTRMAN_VA":4179.59,"OTRMAN_EXP":3985.02,"ELEGAS_VA":10085.21,"ELEGAS_EXP":8.98,"AGUBAS_VA":641.74,"AGUBAS_EXP":0.32,"CONSTR_VA":78819.64,"CONSTR_EXP":249.35,"COMREV_VA":147570.57,"COMREV_EXP":20817.85,"TRATIE_VA":16543.12,"TRATIE_EXP":2954.45,"TRAGUA_VA":3667.95,"TRAGUA_EXP":3663.36,"TRAAIR_VA":5180.96,"TRAAIR_EXP":1564.32,"ALMSTR_VA":4108.29,"ALMSTR_EXP":663.58,"POSTME_VA":866.7,"POSTME_EXP":430.11,"HOTYRE_VA":24652.67,"HOTYRE_EXP":2112.33,"MMTVRA_VA":6168.08,"MMTVRA_EXP":749.2,"TELECO_VA":23560.02,"TELECO_EXP":770.61,"ITSERV_VA":2408.86,"ITSERV_EXP":360.68,"SERFIN_VA":29562.99,"SERFIN_EXP":759.37,"GOBEST_VA":21430.15,"GOBEST_EXP":550.83,"SPRSCT_VA":5065.57,"SPRSCT_EXP":4006.73,"SEAEMP_VA":5028.97,"SEAEMP_EXP":2758.1,"ADPDEF_VA":33355.25,"ADPDEF_EXP":0.14,"EDUCAC_VA":25464.24,"EDUCAC_EXP":94.32,"SALUDH_VA":8142.39,"SALUDH_EXP":71.34,"ESPARC_VA":3102.09,"ESPARC_EXP":323.96,"OTRSER_VA":16236.11,"OTRSER_EXP":96.23,"SERHOG_VA":3323.35,"SERHOG_EXP":0.0}},{"type":"Feature","geometry":{"type":"Point","coordinates":[78.96,20.59]},"properties":{"id":"IND","name":"India","continent":"asia","year":2011,"AGRPFO_VA":273410.18,"AGRPFO_EXP":5737.92,"FORLOG_VA":26015.29,"FORLOG_EXP":4415.88,"PESCAC_VA":14268.44,"PESCAC_EXP":252.89,"MINCOL_VA":10445.35,"MINCOL_EXP":360.4,"PETGAS_VA":22660.72,"PETGAS_EXP":32.32,"MINORE_VA":9117.29,"MINORE_EXP":5276.76,"MINOTH_VA":1176.37,"MINOTH_EXP":738.74,"MINSER_VA":12385.41,"MINSER_EXP":291.6,"ALYBEB_VA":34426.36,"ALYBEB_EXP":21251.9,"TEXYPR_VA":32713.03,"TEXYPR_EXP":36443.62,"MADYPR_VA":4695.88,"MADYPR_EXP":2740.85,"PAPYPR_VA":8951.72,"PAPYPR_EXP":1037.2,"PETREF_VA":18720.65,"PETREF_EXP":44426.99,"QUIMYP_VA":25326.82,"QUIMYP_EXP":13613.84,"FARMED_VA":18255.08,"FARMED_EXP":8124.2,"HUPLAS_VA":9903.16,"HUPLAS_EXP":5933.96,"PRNOMT_VA":20965.83,"PRNOMT_EXP":2021.11,"METBAS_VA":31835.5,"METBAS_EXP":17259.13,"NONFER_VA":6840.2,"NONFER_EXP":3863.42,"PRMETA_VA":17531.16,"PRMETA_EXP":5577.12,"ELCTRO_VA":7204.72,"ELCTRO_EXP":6458.36,"ELCTRI_VA":13041.57,"ELCTRI_EXP":8308.79,"MAQYEQ_VA":26363.72,"MAQYEQ_EXP":13132.45,"AUTOMO_VA":27308.41,"AUTOMO_EXP":9989.67,"OTRTRA_VA":672.76,"OTRTRA_EXP":850.62,"TRANSP_VA":6779.33,"TRANSP_EXP":4362.26,"OTRMAN_VA":9886.97,"OTRMAN_EXP":19924.92,"ELEGAS_VA":34965.74,"ELEGAS_EXP":381.88,"AGUBAS_VA":5874.6,"AGUBAS_EXP":0.46,"CONSTR_VA":177162.25,"CONSTR_EXP":570.42,"COMREV_VA":166713.34,"COMREV_EXP":25136.57,"TRATIE_VA":73198.48,"TRATIE_EXP":11173.84,"TRAGUA_VA":1494.63,"TRAGUA_EXP":1265.09,"TRAAIR_VA":1084.37,"TRAAIR_EXP":4214.69,"ALMSTR_VA":15016.11,"ALMSTR_EXP":7159.64,"POSTME_VA":3564.86,"POSTME_EXP":184.17,"HOTYRE_VA":18615.31,"HOTYRE_EXP":6595.17,"MMTVRA_VA":6841.69,"MMTVRA_EXP":6136.07,"TELECO_VA":19798.75,"TELECO_EXP":1626.84,"ITSERV_VA":49713.63,"ITSERV_EXP":54827.27,"SERFIN_VA":101921.83,"SERFIN_EXP":5768.0,"GOBEST_VA":125941.3,"GOBEST_EXP":1400.49,"SPRSCT_VA":5231.14,"SPRSCT_EXP":6196.65,"SEAEMP_VA":39937.93,"SEAEMP_EXP":27899.02,"ADPDEF_VA":102736.08,"ADPDEF_EXP":492.76,"EDUCAC_VA":56060.96,"EDUCAC_EXP":344.96,"SALUDH_VA":23220.62,"SALUDH_EXP":262.2,"ESPARC_VA":4126.04,"ESPARC_EXP":698.53,"OTRSER_VA":19945.28,"OTRSER_EXP":337.84,"SERHOG_VA":3595.34,"SERHOG_EXP":0.0}},{"type":"Feature","geometry":{"type":"Point","coordinates":[-7.69,53.14]},"properties":{"id":"IRL","name":"Irlanda","continent":"europe","year":2011,"AGRPFO_VA":2727.27,"AGRPFO_EXP":904.06,"FORLOG_VA":14.7,"FORLOG_EXP":86.18,"PESCAC_VA":238.2,"PESCAC_EXP":334.38,"MINCOL_VA":19.12,"MINCOL_EXP":19.54,"PETGAS_VA":68.31,"PETGAS_EXP":46.97,"MINORE_VA":574.91,"MINORE_EXP":843.23,"MINOTH_VA":339.4,"MINOTH_EXP":149.75,"MINSER_VA":10.45,"MINSER_EXP":151.86,"ALYBEB_VA":9000.71,"ALYBEB_EXP":20660.49,"TEXYPR_VA":198.85,"TEXYPR_EXP":191.24,"MADYPR_VA":186.79,"MADYPR_EXP":481.37,"PAPYPR_VA":731.78,"PAPYPR_EXP":713.09,"PETREF_VA":350.04,"PETREF_EXP":829.14,"QUIMYP_VA":3023.81,"QUIMYP_EXP":4675.66,"FARMED_VA":22358.92,"FARMED_EXP":42179.65,"HUPLAS_VA":555.33,"HUPLAS_EXP":1219.7,"PRNOMT_VA":615.61,"PRNOMT_EXP":420.62,"METBAS_VA":126.48,"METBAS_EXP":313.63,"NONFER_VA":101.76,"NONFER_EXP":429.75,"PRMETA_VA":797.19,"PRMETA_EXP":1382.25,"ELCTRO_VA":4022.71,"ELCTRO_EXP":9768.97,"ELCTRI_VA":363.41,"ELCTRI_EXP":688.33,"MAQYEQ_VA":1170.65,"MAQYEQ_EXP":2142.01,"AUTOMO_VA":289.2,"AUTOMO_EXP":524.65,"OTRTRA_VA":7.27,"OTRTRA_EXP":5.43,"TRANSP_VA":44.0,"TRANSP_EXP":94.25,"OTRMAN_VA":6312.83,"OTRMAN_EXP":7704.81,"ELEGAS_VA":3931.0,"ELEGAS_EXP":11.3,"AGUBAS_VA":1041.88,"AGUBAS_EXP":1.22,"CONSTR_VA":3227.53,"CONSTR_EXP":0.35,"COMREV_VA":24856.49,"COMREV_EXP":16939.67,"TRATIE_VA":3074.25,"TRATIE_EXP":2065.49,"TRAGUA_VA":113.96,"TRAGUA_EXP":162.24,"TRAAIR_VA":1983.32,"TRAAIR_EXP":4817.02,"ALMSTR_VA":1902.04,"ALMSTR_EXP":1576.35,"POSTME_VA":1090.9,"POSTME_EXP":594.09,"HOTYRE_VA":4693.81,"HOTYRE_EXP":1427.56,"MMTVRA_VA":10845.51,"MMTVRA_EXP":9490.54,"TELECO_VA":3092.5,"TELECO_EXP":1100.36,"ITSERV_VA":6291.81,"ITSERV_EXP":32847.79,"SERFIN_VA":22156.7,"SERFIN_EXP":29658.79,"GOBEST_VA":14156.43,"GOBEST_EXP":1503.88,"SPRSCT_VA":10346.51,"SPRSCT_EXP":6741.35,"SEAEMP_VA":11757.43,"SEAEMP_EXP":10514.89,"ADPDEF_VA":11190.35,"ADPDEF_EXP":0.06,"EDUCAC_VA":10664.25,"EDUCAC_EXP":69.55,"SALUDH_VA":17011.39,"SALUDH_EXP":43.53,"ESPARC_VA":2828.38,"ESPARC_EXP":842.46,"OTRSER_VA":1808.95,"OTRSER_EXP":40.33,"SERHOG_VA":75.01,"SERHOG_EXP":0.0}},{"type":"Feature","geometry":{"type":"Point","coordinates":[-19.02,64.96]},"properties":{"id":"ISL","name":"Islandia","continent":"europe","year":2011,"AGRPFO_VA":164.91,"AGRPFO_EXP":25.21,"FORLOG_VA":0.62,"FORLOG_EXP":0.12,"PESCAC_VA":833.69,"PESCAC_EXP":611.21,"MINCOL_VA":0.02,"MINCOL_EXP":0.0,"PETGAS_VA":0.46,"PETGAS_EXP":0.08,"MINORE_VA":0.0,"MINORE_EXP":0.0,"MINOTH_VA":14.78,"MINOTH_EXP":6.9,"MINSER_VA":0.05,"MINSER_EXP":0.01,"ALYBEB_VA":815.9,"ALYBEB_EXP":1539.54,"TEXYPR_VA":22.11,"TEXYPR_EXP":32.48,"MADYPR_VA":11.22,"MADYPR_EXP":0.6,"PAPYPR_VA":56.41,"PAPYPR_EXP":4.89,"PETREF_VA":0.08,"PETREF_EXP":0.02,"QUIMYP_VA":21.88,"QUIMYP_EXP":32.37,"FARMED_VA":53.41,"FARMED_EXP":7.67,"HUPLAS_VA":24.67,"HUPLAS_EXP":19.85,"PRNOMT_VA":33.48,"PRNOMT_EXP":3.88,"METBAS_VA":43.42,"METBAS_EXP":29.54,"NONFER_VA":338.73,"NONFER_EXP":1416.47,"PRMETA_VA":85.04,"PRMETA_EXP":7.39,"ELCTRO_VA":9.65,"ELCTRO_EXP":3.04,"ELCTRI_VA":21.51,"ELCTRI_EXP":17.73,"MAQYEQ_VA":93.77,"MAQYEQ_EXP":103.19,"AUTOMO_VA":4.97,"AUTOMO_EXP":1.79,"OTRTRA_VA":1.77,"OTRTRA_EXP":4.84,"TRANSP_VA":11.98,"TRANSP_EXP":0.33,"OTRMAN_VA":192.54,"OTRMAN_EXP":31.64,"ELEGAS_VA":671.72,"ELEGAS_EXP":0.14,"AGUBAS_VA":133.11,"AGUBAS_EXP":0.33,"CONSTR_VA":620.97,"CONSTR_EXP":0.3,"COMREV_VA":1311.26,"COMREV_EXP":548.27,"TRATIE_VA":130.05,"TRATIE_EXP":55.52,"TRAGUA_VA":128.72,"TRAGUA_EXP":287.25,"TRAAIR_VA":316.96,"TRAAIR_EXP":1483.23,"ALMSTR_VA":205.29,"ALMSTR_EXP":255.77,"POSTME_VA":42.03,"POSTME_EXP":6.4,"HOTYRE_VA":472.71,"HOTYRE_EXP":243.95,"MMTVRA_VA":155.79,"MMTVRA_EXP":51.55,"TELECO_VA":188.22,"TELECO_EXP":36.78,"ITSERV_VA":240.47,"ITSERV_EXP":160.95,"SERFIN_VA":862.83,"SERFIN_EXP":200.31,"GOBEST_VA":1574.57,"GOBEST_EXP":2.96,"SPRSCT_VA":575.9,"SPRSCT_EXP":270.64,"SEAEMP_VA":397.07,"SEAEMP_EXP":189.43,"ADPDEF_VA":807.28,"ADPDEF_EXP":0.66,"EDUCAC_VA":902.17,"EDUCAC_EXP":1.08,"SALUDH_VA":1208.23,"SALUDH_EXP":1.71,"ESPARC_VA":201.1,"ESPARC_EXP":99.76,"OTRSER_VA":196.0,"OTRSER_EXP":22.32,"SERHOG_VA":8.72,"SERHOG_EXP":0.0}},{"type":"Feature","geometry":{"type":"Point","coordinates":[34.85,31.05]},"properties":{"id":"ISR","name":"Israel","continent":"other","year":2011,"AGRPFO_VA":3760.22,"AGRPFO_EXP":1682.19,"FORLOG_VA":19.95,"FORLOG_EXP":2.68,"PESCAC_VA":49.93,"PESCAC_EXP":36.46,"MINCOL_VA":0.0,"MINCOL_EXP":0.0,"PETGAS_VA":259.16,"PETGAS_EXP":246.92,"MINORE_VA":0.0,"MINORE_EXP":0.0,"MINOTH_VA":1010.47,"MINOTH_EXP":1794.79,"MINSER_VA":77.79,"MINSER_EXP":69.43,"ALYBEB_VA":3704.92,"ALYBEB_EXP":1073.27,"TEXYPR_VA":737.51,"TEXYPR_EXP":900.35,"MADYPR_VA":136.59,"MADYPR_EXP":45.23,"PAPYPR_VA":1088.18,"PAPYPR_EXP":397.51,"PETREF_VA":3416.13,"PETREF_EXP":5568.56,"QUIMYP_VA":4406.0,"QUIMYP_EXP":6483.63,"FARMED_VA":3528.38,"FARMED_EXP":4557.1,"HUPLAS_VA":1641.49,"HUPLAS_EXP":1928.27,"PRNOMT_VA":1241.89,"PRNOMT_EXP":491.77,"METBAS_VA":391.01,"METBAS_EXP":427.34,"NONFER_VA":155.56,"NONFER_EXP":355.37,"PRMETA_VA":3024.99,"PRMETA_EXP":1830.9,"ELCTRO_VA":7832.31,"ELCTRO_EXP":8469.26,"ELCTRI_VA":625.92,"ELCTRI_EXP":678.76,"MAQYEQ_VA":1560.7,"MAQYEQ_EXP":2227.87,"AUTOMO_VA":318.26,"AUTOMO_EXP":146.49,"OTRTRA_VA":14.81,"OTRTRA_EXP":42.6,"TRANSP_VA":1380.72,"TRANSP_EXP":2522.35,"OTRMAN_VA":1380.67,"OTRMAN_EXP":2536.63,"ELEGAS_VA":1103.57,"ELEGAS_EXP":0.24,"AGUBAS_VA":2187.24,"AGUBAS_EXP":23.94,"CONSTR_VA":12989.72,"CONSTR_EXP":1.74,"COMREV_VA":20976.42,"COMREV_EXP":7821.46,"TRATIE_VA":5545.46,"TRATIE_EXP":1093.45,"TRAGUA_VA":892.12,"TRAGUA_EXP":1054.67,"TRAAIR_VA":2478.22,"TRAAIR_EXP":2394.08,"ALMSTR_VA":791.19,"ALMSTR_EXP":1138.27,"POSTME_VA":729.57,"POSTME_EXP":89.7,"HOTYRE_VA":5083.3,"HOTYRE_EXP":1452.96,"MMTVRA_VA":1393.62,"MMTVRA_EXP":899.41,"TELECO_VA":6204.28,"TELECO_EXP":698.31,"ITSERV_VA":9834.71,"ITSERV_EXP":9602.43,"SERFIN_VA":14367.77,"SERFIN_EXP":2807.22,"GOBEST_VA":39526.42,"GOBEST_EXP":1253.59,"SPRSCT_VA":15573.73,"SPRSCT_EXP":4874.53,"SEAEMP_VA":8465.81,"SEAEMP_EXP":715.45,"ADPDEF_VA":19243.84,"ADPDEF_EXP":114.98,"EDUCAC_VA":14860.5,"EDUCAC_EXP":28.23,"SALUDH_VA":14420.39,"SALUDH_EXP":154.2,"ESPARC_VA":3858.27,"ESPARC_EXP":370.07,"OTRSER_VA":3212.4,"OTRSER_EXP":91.95,"SERHOG_VA":506.19,"SERHOG_EXP":0.0}},{"type":"Feature","geometry":{"type":"Point","coordinates":[12.57,41.87]},"properties":{"id":"ITA","name":"Italia","continent":"europe","year":2011,"AGRPFO_VA":40990.86,"AGRPFO_EXP":7205.93,"FORLOG_VA":2282.84,"FORLOG_EXP":147.46,"PESCAC_VA":1934.78,"PESCAC_EXP":293.21,"MINCOL_VA":13.88,"MINCOL_EXP":10.64,"PETGAS_VA":5709.02,"PETGAS_EXP":1214.78,"MINORE_VA":0.97,"MINORE_EXP":0.56,"MINOTH_VA":1808.71,"MINOTH_EXP":584.98,"MINSER_VA":223.71,"MINSER_EXP":190.64,"ALYBEB_VA":37467.83,"ALYBEB_EXP":26363.93,"TEXYPR_VA":35474.82,"TEXYPR_EXP":36866.62,"MADYPR_VA":8549.36,"MADYPR_EXP":3075.51,"PAPYPR_VA":14609.97,"PAPYPR_EXP":7118.61,"PETREF_VA":6884.39,"PETREF_EXP":17378.66,"QUIMYP_VA":14132.63,"QUIMYP_EXP":26200.1,"FARMED_VA":12500.3,"FARMED_EXP":16034.59,"HUPLAS_VA":15653.63,"HUPLAS_EXP":15465.26,"PRNOMT_VA":16841.59,"PRNOMT_EXP":10631.26,"METBAS_VA":10000.19,"METBAS_EXP":22903.36,"NONFER_VA":4035.2,"NONFER_EXP":10992.79,"PRMETA_VA":41904.81,"PRMETA_EXP":22571.49,"ELCTRO_VA":12448.6,"ELCTRO_EXP":12994.14,"ELCTRI_VA":16480.16,"ELCTRI_EXP":23921.36,"MAQYEQ_VA":46658.5,"MAQYEQ_EXP":74611.94,"AUTOMO_VA":16317.08,"AUTOMO_EXP":30280.51,"OTRTRA_VA":2359.67,"OTRTRA_EXP":4209.65,"TRANSP_VA":6593.33,"TRANSP_EXP":7845.1,"OTRMAN_VA":30343.5,"OTRMAN_EXP":20653.58,"ELEGAS_VA":32317.57,"ELEGAS_EXP":2439.56,"AGUBAS_VA":19879.89,"AGUBAS_EXP":298.37,"CONSTR_VA":121611.89,"CONSTR_EXP":2154.24,"COMREV_VA":242792.04,"COMREV_EXP":83202.48,"TRATIE_VA":67092.03,"TRATIE_EXP":14269.08,"TRAGUA_VA":4593.31,"TRAGUA_EXP":5173.31,"TRAAIR_VA":2678.29,"TRAAIR_EXP":4749.14,"ALMSTR_VA":40166.83,"ALMSTR_EXP":9559.61,"POSTME_VA":6019.9,"POSTME_EXP":578.42,"HOTYRE_VA":77563.03,"HOTYRE_EXP":15910.93,"MMTVRA_VA":15663.23,"MMTVRA_EXP":3245.31,"TELECO_VA":34578.3,"TELECO_EXP":7977.1,"ITSERV_VA":36668.26,"ITSERV_EXP":3093.77,"SERFIN_VA":111363.46,"SERFIN_EXP":7642.19,"GOBEST_VA":268974.23,"GOBEST_EXP":4696.13,"SPRSCT_VA":136227.08,"SPRSCT_EXP":12234.14,"SEAEMP_VA":65488.45,"SEAEMP_EXP":13223.51,"ADPDEF_VA":149112.85,"ADPDEF_EXP":78.64,"EDUCAC_VA":88493.73,"EDUCAC_EXP":896.41,"SALUDH_VA":125767.72,"SALUDH_EXP":1318.64,"ESPARC_VA":25184.67,"ESPARC_EXP":2401.16,"OTRSER_VA":39066.26,"OTRSER_EXP":1391.45,"SERHOG_VA":25152.43,"SERHOG_EXP":0.0}},{"type":"Feature","geometry":{"type":"Point","coordinates":[36.24,30.59]},"properties":{"id":"JOR","name":"Jordania","continent":"other","year":2011,"AGRPFO_VA":1010.59,"AGRPFO_EXP":919.4,"FORLOG_VA":62.01,"FORLOG_EXP":0.21,"PESCAC_VA":1.68,"PESCAC_EXP":0.21,"MINCOL_VA":115.92,"MINCOL_EXP":0.03,"PETGAS_VA":207.76,"PETGAS_EXP":0.3,"MINORE_VA":94.42,"MINORE_EXP":0.74,"MINOTH_VA":165.86,"MINOTH_EXP":267.78,"MINSER_VA":94.19,"MINSER_EXP":4.23,"ALYBEB_VA":1427.21,"ALYBEB_EXP":552.52,"TEXYPR_VA":654.92,"TEXYPR_EXP":916.63,"MADYPR_VA":49.22,"MADYPR_EXP":22.01,"PAPYPR_VA":227.91,"PAPYPR_EXP":240.03,"PETREF_VA":271.94,"PETREF_EXP":35.29,"QUIMYP_VA":473.68,"QUIMYP_EXP":1294.51,"FARMED_VA":453.03,"FARMED_EXP":635.09,"HUPLAS_VA":173.12,"HUPLAS_EXP":141.52,"PRNOMT_VA":485.48,"PRNOMT_EXP":76.39,"METBAS_VA":72.75,"METBAS_EXP":92.94,"NONFER_VA":114.25,"NONFER_EXP":65.92,"PRMETA_VA":316.18,"PRMETA_EXP":191.11,"ELCTRO_VA":36.32,"ELCTRO_EXP":17.45,"ELCTRI_VA":111.43,"ELCTRI_EXP":133.96,"MAQYEQ_VA":114.81,"MAQYEQ_EXP":95.58,"AUTOMO_VA":58.11,"AUTOMO_EXP":38.69,"OTRTRA_VA":6.5,"OTRTRA_EXP":0.95,"TRANSP_VA":12.56,"TRANSP_EXP":3.2,"OTRMAN_VA":103.05,"OTRMAN_EXP":161.75,"ELEGAS_VA":254.25,"ELEGAS_EXP":6.79,"AGUBAS_VA":254.71,"AGUBAS_EXP":0.84,"CONSTR_VA":1032.5,"CONSTR_EXP":1.95,"COMREV_VA":2734.67,"COMREV_EXP":789.53,"TRATIE_VA":1026.01,"TRATIE_EXP":760.29,"TRAGUA_VA":60.07,"TRAGUA_EXP":29.68,"TRAAIR_VA":154.71,"TRAAIR_EXP":751.46,"ALMSTR_VA":390.72,"ALMSTR_EXP":88.45,"POSTME_VA":12.53,"POSTME_EXP":18.86,"HOTYRE_VA":490.64,"HOTYRE_EXP":507.04,"MMTVRA_VA":127.52,"MMTVRA_EXP":103.98,"TELECO_VA":769.95,"TELECO_EXP":119.55,"ITSERV_VA":196.4,"ITSERV_EXP":32.66,"SERFIN_VA":1919.51,"SERFIN_EXP":490.96,"GOBEST_VA":3153.57,"GOBEST_EXP":52.8,"SPRSCT_VA":274.93,"SPRSCT_EXP":190.29,"SEAEMP_VA":243.08,"SEAEMP_EXP":339.01,"ADPDEF_VA":3126.88,"ADPDEF_EXP":5.53,"EDUCAC_VA":2202.53,"EDUCAC_EXP":374.93,"SALUDH_VA":891.57,"SALUDH_EXP":318.42,"ESPARC_VA":84.19,"ESPARC_EXP":192.62,"OTRSER_VA":225.01,"OTRSER_EXP":23.08,"SERHOG_VA":495.4,"SERHOG_EXP":0.0}},{"type":"Feature","geometry":{"type":"Point","coordinates":[138.25,36.2]},"properties":{"id":"JPN","name":"Japón","continent":"asia","year":2011,"AGRPFO_VA":54116.01,"AGRPFO_EXP":270.33,"FORLOG_VA":2615.97,"FORLOG_EXP":25.09,"PESCAC_VA":8479.0,"PESCAC_EXP":254.72,"MINCOL_VA":692.75,"MINCOL_EXP":1.62,"PETGAS_VA":726.22,"PETGAS_EXP":35.93,"MINORE_VA":1695.41,"MINORE_EXP":89.14,"MINOTH_VA":1001.76,"MINOTH_EXP":468.17,"MINSER_VA":1098.38,"MINSER_EXP":260.47,"ALYBEB_VA":148496.45,"ALYBEB_EXP":3357.49,"TEXYPR_VA":18678.7,"TEXYPR_EXP":6710.86,"MADYPR_VA":9432.11,"MADYPR_EXP":144.6,"PAPYPR_VA":59227.75,"PAPYPR_EXP":3565.54,"PETREF_VA":53753.4,"PETREF_EXP":12108.81,"QUIMYP_VA":70928.33,"QUIMYP_EXP":41456.98,"FARMED_VA":50631.43,"FARMED_EXP":2729.64,"HUPLAS_VA":55162.29,"HUPLAS_EXP":22538.35,"PRNOMT_VA":36354.79,"PRNOMT_EXP":8510.05,"METBAS_VA":75465.07,"METBAS_EXP":37159.9,"NONFER_VA":28923.18,"NONFER_EXP":27327.52,"PRMETA_VA":46249.73,"PRMETA_EXP":5280.93,"ELCTRO_VA":116078.26,"ELCTRO_EXP":89720.54,"ELCTRI_VA":75016.01,"ELCTRI_EXP":39777.42,"MAQYEQ_VA":167129.24,"MAQYEQ_EXP":116155.91,"AUTOMO_VA":128766.89,"AUTOMO_EXP":158347.7,"OTRTRA_VA":13499.68,"OTRTRA_EXP":26194.09,"TRANSP_VA":17002.82,"TRANSP_EXP":8575.33,"OTRMAN_VA":146810.02,"OTRMAN_EXP":9135.16,"ELEGAS_VA":50588.65,"ELEGAS_EXP":35.01,"AGUBAS_VA":90182.51,"AGUBAS_EXP":59.89,"CONSTR_VA":290972.21,"CONSTR_EXP":97.16,"COMREV_VA":822283.29,"COMREV_EXP":131282.01,"TRATIE_VA":191509.45,"TRATIE_EXP":21275.43,"TRAGUA_VA":14760.85,"TRAGUA_EXP":10466.67,"TRAAIR_VA":9320.43,"TRAAIR_EXP":3557.0,"ALMSTR_VA":68798.2,"ALMSTR_EXP":7307.03,"POSTME_VA":14244.49,"POSTME_EXP":196.5,"HOTYRE_VA":157139.51,"HOTYRE_EXP":3430.41,"MMTVRA_VA":53444.28,"MMTVRA_EXP":5817.14,"TELECO_VA":124502.78,"TELECO_EXP":852.51,"ITSERV_VA":150942.02,"ITSERV_EXP":3980.29,"SERFIN_VA":284137.13,"SERFIN_EXP":17940.72,"GOBEST_VA":730042.45,"GOBEST_EXP":1580.67,"SPRSCT_VA":263216.04,"SPRSCT_EXP":13570.5,"SEAEMP_VA":176949.17,"SEAEMP_EXP":56205.17,"ADPDEF_VA":308445.62,"ADPDEF_EXP":59.21,"EDUCAC_VA":222775.36,"EDUCAC_EXP":99.12,"SALUDH_VA":407585.37,"SALUDH_EXP":178.62,"ESPARC_VA":66519.76,"ESPARC_EXP":357.72,"OTRSER_VA":119871.05,"OTRSER_EXP":42.17,"SERHOG_VA":0.0,"SERHOG_EXP":0.0}},{"type":"Feature","geometry":{"type":"Point","coordinates":[66.92,48.02]},"properties":{"id":"KAZ","name":"Kazajistán","continent":"asia","year":2011,"AGRPFO_VA":9941.96,"AGRPFO_EXP":913.09,"FORLOG_VA":35.24,"FORLOG_EXP":0.65,"PESCAC_VA":35.62,"PESCAC_EXP":1.38,"MINCOL_VA":895.8,"MINCOL_EXP":514.05,"PETGAS_VA":29217.8,"PETGAS_EXP":45485.31,"MINORE_VA":3830.62,"MINORE_EXP":2662.04,"MINOTH_VA":378.81,"MINOTH_EXP":553.47,"MINSER_VA":1411.42,"MINSER_EXP":15.4,"ALYBEB_VA":3824.65,"ALYBEB_EXP":832.77,"TEXYPR_VA":227.35,"TEXYPR_EXP":69.7,"MADYPR_VA":57.33,"MADYPR_EXP":2.71,"PAPYPR_VA":265.0,"PAPYPR_EXP":34.88,"PETREF_VA":2691.76,"PETREF_EXP":3948.74,"QUIMYP_VA":598.74,"QUIMYP_EXP":672.27,"FARMED_VA":83.07,"FARMED_EXP":25.16,"HUPLAS_VA":384.85,"HUPLAS_EXP":29.39,"PRNOMT_VA":1040.0,"PRNOMT_EXP":96.16,"METBAS_VA":3531.21,"METBAS_EXP":5978.3,"NONFER_VA":6890.32,"NONFER_EXP":3476.27,"PRMETA_VA":465.28,"PRMETA_EXP":62.12,"ELCTRO_VA":69.5,"ELCTRO_EXP":95.33,"ELCTRI_VA":216.52,"ELCTRI_EXP":44.31,"MAQYEQ_VA":291.93,"MAQYEQ_EXP":99.6,"AUTOMO_VA":122.77,"AUTOMO_EXP":24.06,"OTRTRA_VA":49.27,"OTRTRA_EXP":69.43,"TRANSP_VA":86.94,"TRANSP_EXP":99.14,"OTRMAN_VA":1211.37,"OTRMAN_EXP":40.43,"ELEGAS_VA":3321.1,"ELEGAS_EXP":57.42,"AGUBAS_VA":661.71,"AGUBAS_EXP":3.67,"CONSTR_VA":12898.68,"CONSTR_EXP":102.0,"COMREV_VA":26672.3,"COMREV_EXP":10807.21,"TRATIE_VA":9177.86,"TRATIE_EXP":5809.5,"TRAGUA_VA":248.27,"TRAGUA_EXP":57.68,"TRAAIR_VA":708.56,"TRAAIR_EXP":241.47,"ALMSTR_VA":3548.1,"ALMSTR_EXP":776.85,"POSTME_VA":165.51,"POSTME_EXP":13.31,"HOTYRE_VA":1655.01,"HOTYRE_EXP":382.33,"MMTVRA_VA":517.79,"MMTVRA_EXP":99.17,"TELECO_VA":4071.1,"TELECO_EXP":141.41,"ITSERV_VA":1539.73,"ITSERV_EXP":18.87,"SERFIN_VA":3825.58,"SERFIN_EXP":202.66,"GOBEST_VA":15388.55,"GOBEST_EXP":157.52,"SPRSCT_VA":8722.28,"SPRSCT_EXP":338.54,"SEAEMP_VA":3367.13,"SEAEMP_EXP":377.64,"ADPDEF_VA":3876.2,"ADPDEF_EXP":22.51,"EDUCAC_VA":6138.54,"EDUCAC_EXP":27.72,"SALUDH_VA":3502.83,"SALUDH_EXP":24.12,"ESPARC_VA":684.68,"ESPARC_EXP":44.29,"OTRSER_VA":2776.52,"OTRSER_EXP":27.22,"SERHOG_VA":91.85,"SERHOG_EXP":0.0}},{"type":"Feature","geometry":{"type":"Point","coordinates":[104.99,12.57]},"properties":{"id":"KHM","name":"Camboya","continent":"asia","year":2011,"AGRPFO_VA":2941.27,"AGRPFO_EXP":1035.85,"FORLOG_VA":314.46,"FORLOG_EXP":6.36,"PESCAC_VA":863.46,"PESCAC_EXP":161.64,"MINCOL_VA":0.0,"MINCOL_EXP":0.0,"PETGAS_VA":0.0,"PETGAS_EXP":0.0,"MINORE_VA":24.35,"MINORE_EXP":0.32,"MINOTH_VA":34.28,"MINOTH_EXP":0.61,"MINSER_VA":16.1,"MINSER_EXP":0.21,"ALYBEB_VA":265.2,"ALYBEB_EXP":285.93,"TEXYPR_VA":1538.28,"TEXYPR_EXP":2752.53,"MADYPR_VA":16.73,"MADYPR_EXP":27.52,"PAPYPR_VA":33.54,"PAPYPR_EXP":28.69,"PETREF_VA":4.47,"PETREF_EXP":18.61,"QUIMYP_VA":30.4,"QUIMYP_EXP":2.65,"FARMED_VA":18.0,"FARMED_EXP":3.49,"HUPLAS_VA":58.95,"HUPLAS_EXP":40.94,"PRNOMT_VA":60.94,"PRNOMT_EXP":0.9,"METBAS_VA":752.17,"METBAS_EXP":0.71,"NONFER_VA":14.77,"NONFER_EXP":0.59,"PRMETA_VA":53.71,"PRMETA_EXP":22.51,"ELCTRO_VA":0.09,"ELCTRO_EXP":0.04,"ELCTRI_VA":0.09,"ELCTRI_EXP":0.02,"MAQYEQ_VA":2.32,"MAQYEQ_EXP":1.01,"AUTOMO_VA":15.13,"AUTOMO_EXP":13.76,"OTRTRA_VA":2.71,"OTRTRA_EXP":4.09,"TRANSP_VA":4.84,"TRANSP_EXP":7.16,"OTRMAN_VA":58.65,"OTRMAN_EXP":17.93,"ELEGAS_VA":36.37,"ELEGAS_EXP":0.42,"AGUBAS_VA":39.5,"AGUBAS_EXP":0.32,"CONSTR_VA":696.53,"CONSTR_EXP":1.24,"COMREV_VA":1195.45,"COMREV_EXP":455.7,"TRATIE_VA":315.53,"TRATIE_EXP":239.54,"TRAGUA_VA":58.86,"TRAGUA_EXP":65.41,"TRAAIR_VA":48.75,"TRAAIR_EXP":86.02,"ALMSTR_VA":172.42,"ALMSTR_EXP":164.28,"POSTME_VA":57.66,"POSTME_EXP":44.6,"HOTYRE_VA":509.99,"HOTYRE_EXP":428.27,"MMTVRA_VA":60.1,"MMTVRA_EXP":61.46,"TELECO_VA":212.53,"TELECO_EXP":133.06,"ITSERV_VA":39.9,"ITSERV_EXP":8.57,"SERFIN_VA":239.06,"SERFIN_EXP":40.22,"GOBEST_VA":748.34,"GOBEST_EXP":107.48,"SPRSCT_VA":104.07,"SPRSCT_EXP":28.37,"SEAEMP_VA":86.91,"SEAEMP_EXP":37.02,"ADPDEF_VA":197.0,"ADPDEF_EXP":0.66,"EDUCAC_VA":184.47,"EDUCAC_EXP":30.79,"SALUDH_VA":309.5,"SALUDH_EXP":23.04,"ESPARC_VA":89.24,"ESPARC_EXP":68.36,"OTRSER_VA":169.66,"OTRSER_EXP":31.21,"SERHOG_VA":0.0,"SERHOG_EXP":0.0}},{"type":"Feature","geometry":{"type":"Point","coordinates":[127.77,35.91]},"properties":{"id":"KOR","name":"Corea del Sur","continent":"asia","year":2011,"AGRPFO_VA":21440.67,"AGRPFO_EXP":446.43,"FORLOG_VA":1915.92,"FORLOG_EXP":35.73,"PESCAC_VA":3263.5,"PESCAC_EXP":231.08,"MINCOL_VA":160.31,"MINCOL_EXP":5.17,"PETGAS_VA":166.37,"PETGAS_EXP":2.26,"MINORE_VA":62.66,"MINORE_EXP":25.92,"MINOTH_VA":1223.99,"MINOTH_EXP":244.0,"MINSER_VA":7.41,"MINSER_EXP":8.5,"ALYBEB_VA":14853.66,"ALYBEB_EXP":5207.81,"TEXYPR_VA":16043.25,"TEXYPR_EXP":13022.81,"MADYPR_VA":1619.21,"MADYPR_EXP":104.31,"PAPYPR_VA":9075.82,"PAPYPR_EXP":3426.94,"PETREF_VA":14754.78,"PETREF_EXP":65437.18,"QUIMYP_VA":35615.45,"QUIMYP_EXP":42037.41,"FARMED_VA":6406.59,"FARMED_EXP":1213.33,"HUPLAS_VA":17647.55,"HUPLAS_EXP":11317.96,"PRNOMT_VA":10192.96,"PRNOMT_EXP":1903.02,"METBAS_VA":26408.61,"METBAS_EXP":32022.38,"NONFER_VA":7110.54,"NONFER_EXP":12969.07,"PRMETA_VA":24782.16,"PRMETA_EXP":11400.54,"ELCTRO_VA":85189.9,"ELCTRO_EXP":149166.88,"ELCTRI_VA":19961.24,"ELCTRI_EXP":24571.29,"MAQYEQ_VA":29163.6,"MAQYEQ_EXP":35977.54,"AUTOMO_VA":35055.22,"AUTOMO_EXP":66307.54,"OTRTRA_VA":16458.14,"OTRTRA_EXP":48739.51,"TRANSP_VA":2224.67,"TRANSP_EXP":1640.13,"OTRMAN_VA":6540.79,"OTRMAN_EXP":3752.76,"ELEGAS_VA":13675.07,"ELEGAS_EXP":24.31,"AGUBAS_VA":5901.99,"AGUBAS_EXP":12.6,"CONSTR_VA":53094.43,"CONSTR_EXP":0.19,"COMREV_VA":121140.33,"COMREV_EXP":44503.96,"TRATIE_VA":12521.45,"TRATIE_EXP":1679.58,"TRAGUA_VA":4725.37,"TRAGUA_EXP":9272.9,"TRAAIR_VA":10951.02,"TRAAIR_EXP":9611.71,"ALMSTR_VA":10690.5,"ALMSTR_EXP":990.66,"POSTME_VA":3451.66,"POSTME_EXP":68.04,"HOTYRE_VA":30463.1,"HOTYRE_EXP":3334.49,"MMTVRA_VA":16612.7,"MMTVRA_EXP":1907.6,"TELECO_VA":16691.56,"TELECO_EXP":874.62,"ITSERV_VA":19302.92,"ITSERV_EXP":3028.47,"SERFIN_VA":71913.3,"SERFIN_EXP":6008.09,"GOBEST_VA":92137.37,"GOBEST_EXP":810.65,"SPRSCT_VA":68509.1,"SPRSCT_EXP":15586.83,"SEAEMP_VA":35134.26,"SEAEMP_EXP":13591.18,"ADPDEF_VA":66252.3,"ADPDEF_EXP":28.47,"EDUCAC_VA":59409.83,"EDUCAC_EXP":258.08,"SALUDH_VA":43886.12,"SALUDH_EXP":134.54,"ESPARC_VA":12678.1,"ESPARC_EXP":1184.09,"OTRSER_VA":16482.5,"OTRSER_EXP":213.34,"SERHOG_VA":1702.81,"SERHOG_EXP":0.0}},{"type":"Feature","geometry":{"type":"Point","coordinates":[102.5,19.86]},"properties":{"id":"LAO","name":"Laos","continent":"asia","year":2011,"AGRPFO_VA":1384.39,"AGRPFO_EXP":161.08,"FORLOG_VA":242.2,"FORLOG_EXP":38.54,"PESCAC_VA":231.05,"PESCAC_EXP":0.23,"MINCOL_VA":106.48,"MINCOL_EXP":32.34,"PETGAS_VA":94.22,"PETGAS_EXP":0.18,"MINORE_VA":422.7,"MINORE_EXP":404.62,"MINOTH_VA":197.9,"MINOTH_EXP":44.27,"MINSER_VA":69.05,"MINSER_EXP":0.43,"ALYBEB_VA":306.15,"ALYBEB_EXP":190.9,"TEXYPR_VA":130.7,"TEXYPR_EXP":140.01,"MADYPR_VA":92.12,"MADYPR_EXP":144.01,"PAPYPR_VA":1.97,"PAPYPR_EXP":0.96,"PETREF_VA":40.85,"PETREF_EXP":0.35,"QUIMYP_VA":17.98,"QUIMYP_EXP":42.66,"FARMED_VA":11.08,"FARMED_EXP":2.38,"HUPLAS_VA":5.58,"HUPLAS_EXP":2.71,"PRNOMT_VA":75.35,"PRNOMT_EXP":32.47,"METBAS_VA":1.11,"METBAS_EXP":0.25,"NONFER_VA":1.75,"NONFER_EXP":1.15,"PRMETA_VA":27.78,"PRMETA_EXP":2.16,"ELCTRO_VA":2.92,"ELCTRO_EXP":4.26,"ELCTRI_VA":2.01,"ELCTRI_EXP":2.96,"MAQYEQ_VA":0.12,"MAQYEQ_EXP":0.04,"AUTOMO_VA":0.58,"AUTOMO_EXP":0.56,"OTRTRA_VA":0.29,"OTRTRA_EXP":0.14,"TRANSP_VA":0.31,"TRANSP_EXP":0.1,"OTRMAN_VA":60.53,"OTRMAN_EXP":56.69,"ELEGAS_VA":687.41,"ELEGAS_EXP":895.33,"AGUBAS_VA":161.11,"AGUBAS_EXP":0.51,"CONSTR_VA":430.14,"CONSTR_EXP":0.79,"COMREV_VA":867.85,"COMREV_EXP":161.49,"TRATIE_VA":140.63,"TRATIE_EXP":68.58,"TRAGUA_VA":9.09,"TRAGUA_EXP":6.74,"TRAAIR_VA":15.03,"TRAAIR_EXP":24.96,"ALMSTR_VA":25.57,"ALMSTR_EXP":2.94,"POSTME_VA":27.16,"POSTME_EXP":7.37,"HOTYRE_VA":214.92,"HOTYRE_EXP":155.27,"MMTVRA_VA":18.85,"MMTVRA_EXP":12.19,"TELECO_VA":128.32,"TELECO_EXP":19.18,"ITSERV_VA":20.01,"ITSERV_EXP":20.53,"SERFIN_VA":286.77,"SERFIN_EXP":67.85,"GOBEST_VA":550.98,"GOBEST_EXP":30.53,"SPRSCT_VA":68.63,"SPRSCT_EXP":54.54,"SEAEMP_VA":33.25,"SEAEMP_EXP":28.37,"ADPDEF_VA":614.68,"ADPDEF_EXP":0.74,"EDUCAC_VA":160.15,"EDUCAC_EXP":8.56,"SALUDH_VA":35.41,"SALUDH_EXP":6.31,"ESPARC_VA":35.92,"ESPARC_EXP":18.86,"OTRSER_VA":259.24,"OTRSER_EXP":8.68,"SERHOG_VA":30.43,"SERHOG_EXP":0.0}},{"type":"Feature","geometry":{"type":"Point","coordinates":[23.88,55.17]},"properties":{"id":"LTU","name":"Lituania","continent":"europe","year":2011,"AGRPFO_VA":1379.32,"AGRPFO_EXP":1105.65,"FORLOG_VA":246.57,"FORLOG_EXP":160.53,"PESCAC_VA":29.7,"PESCAC_EXP":12.35,"MINCOL_VA":24.44,"MINCOL_EXP":10.05,"PETGAS_VA":64.93,"PETGAS_EXP":70.3,"MINORE_VA":7.16,"MINORE_EXP":0.72,"MINOTH_VA":60.48,"MINOTH_EXP":65.62,"MINSER_VA":22.79,"MINSER_EXP":2.69,"ALYBEB_VA":1853.71,"ALYBEB_EXP":2008.46,"TEXYPR_VA":639.16,"TEXYPR_EXP":621.19,"MADYPR_VA":564.22,"MADYPR_EXP":598.44,"PAPYPR_VA":356.55,"PAPYPR_EXP":285.3,"PETREF_VA":2355.12,"PETREF_EXP":4983.01,"QUIMYP_VA":1135.76,"QUIMYP_EXP":2041.89,"FARMED_VA":83.72,"FARMED_EXP":107.83,"HUPLAS_VA":426.22,"HUPLAS_EXP":597.12,"PRNOMT_VA":285.22,"PRNOMT_EXP":226.27,"METBAS_VA":53.13,"METBAS_EXP":108.95,"NONFER_VA":3.85,"NONFER_EXP":7.26,"PRMETA_VA":390.13,"PRMETA_EXP":488.93,"ELCTRO_VA":186.0,"ELCTRO_EXP":306.12,"ELCTRI_VA":118.81,"ELCTRI_EXP":222.4,"MAQYEQ_VA":228.49,"MAQYEQ_EXP":301.36,"AUTOMO_VA":98.74,"AUTOMO_EXP":83.13,"OTRTRA_VA":45.97,"OTRTRA_EXP":30.49,"TRANSP_VA":44.13,"TRANSP_EXP":61.56,"OTRMAN_VA":1131.17,"OTRMAN_EXP":1399.73,"ELEGAS_VA":1317.55,"ELEGAS_EXP":133.06,"AGUBAS_VA":520.87,"AGUBAS_EXP":31.81,"CONSTR_VA":2728.75,"CONSTR_EXP":106.34,"COMREV_VA":7028.16,"COMREV_EXP":3176.83,"TRATIE_VA":2990.88,"TRATIE_EXP":2258.76,"TRAGUA_VA":145.31,"TRAGUA_EXP":133.0,"TRAAIR_VA":46.41,"TRAAIR_EXP":97.75,"ALMSTR_VA":1271.0,"ALMSTR_EXP":1264.86,"POSTME_VA":109.1,"POSTME_EXP":27.17,"HOTYRE_VA":535.43,"HOTYRE_EXP":239.9,"MMTVRA_VA":228.97,"MMTVRA_EXP":87.12,"TELECO_VA":668.73,"TELECO_EXP":143.65,"ITSERV_VA":359.31,"ITSERV_EXP":64.06,"SERFIN_VA":1079.95,"SERFIN_EXP":118.43,"GOBEST_VA":2437.28,"GOBEST_EXP":150.32,"SPRSCT_VA":1407.31,"SPRSCT_EXP":302.77,"SEAEMP_VA":806.13,"SEAEMP_EXP":185.7,"ADPDEF_VA":2592.39,"ADPDEF_EXP":4.87,"EDUCAC_VA":1988.02,"EDUCAC_EXP":34.37,"SALUDH_VA":1409.46,"SALUDH_EXP":21.1,"ESPARC_VA":315.41,"ESPARC_EXP":77.98,"OTRSER_VA":342.37,"OTRSER_EXP":33.57,"SERHOG_VA":35.03,"SERHOG_EXP":0.0}},{"type":"Feature","geometry":{"type":"Point","coordinates":[6.13,49.82]},"properties":{"id":"LUX","name":"Luxemburgo","continent":"europe","year":2011,"AGRPFO_VA":156.08,"AGRPFO_EXP":420.6,"FORLOG_VA":21.31,"FORLOG_EXP":29.84,"PESCAC_VA":0.0,"PESCAC_EXP":0.0,"MINCOL_VA":0.0,"MINCOL_EXP":0.0,"PETGAS_VA":0.0,"PETGAS_EXP":0.0,"MINORE_VA":12.96,"MINORE_EXP":6.66,"MINOTH_VA":40.85,"MINOTH_EXP":7.28,"MINSER_VA":0.0,"MINSER_EXP":0.0,"ALYBEB_VA":400.9,"ALYBEB_EXP":850.41,"TEXYPR_VA":248.54,"TEXYPR_EXP":607.56,"MADYPR_VA":75.44,"MADYPR_EXP":332.87,"PAPYPR_VA":110.64,"PAPYPR_EXP":177.18,"PETREF_VA":0.0,"PETREF_EXP":0.0,"QUIMYP_VA":123.3,"QUIMYP_EXP":416.05,"FARMED_VA":30.32,"FARMED_EXP":16.62,"HUPLAS_VA":329.36,"HUPLAS_EXP":1844.66,"PRNOMT_VA":354.37,"PRNOMT_EXP":1155.49,"METBAS_VA":250.68,"METBAS_EXP":2431.06,"NONFER_VA":246.23,"NONFER_EXP":2220.41,"PRMETA_VA":338.18,"PRMETA_EXP":830.04,"ELCTRO_VA":111.92,"ELCTRO_EXP":342.15,"ELCTRI_VA":62.65,"ELCTRI_EXP":99.09,"MAQYEQ_VA":500.14,"MAQYEQ_EXP":1330.12,"AUTOMO_VA":58.66,"AUTOMO_EXP":57.58,"OTRTRA_VA":0.52,"OTRTRA_EXP":0.65,"TRANSP_VA":1.29,"TRANSP_EXP":0.57,"OTRMAN_VA":126.28,"OTRMAN_EXP":268.56,"ELEGAS_VA":447.55,"ELEGAS_EXP":565.41,"AGUBAS_VA":287.45,"AGUBAS_EXP":29.56,"CONSTR_VA":3048.05,"CONSTR_EXP":49.9,"COMREV_VA":6834.65,"COMREV_EXP":4245.17,"TRATIE_VA":1698.62,"TRATIE_EXP":1988.11,"TRAGUA_VA":56.28,"TRAGUA_EXP":89.45,"TRAAIR_VA":584.25,"TRAAIR_EXP":2291.7,"ALMSTR_VA":352.73,"ALMSTR_EXP":435.78,"POSTME_VA":148.89,"POSTME_EXP":231.83,"HOTYRE_VA":1057.15,"HOTYRE_EXP":1332.19,"MMTVRA_VA":379.22,"MMTVRA_EXP":476.14,"TELECO_VA":2238.81,"TELECO_EXP":4762.01,"ITSERV_VA":1177.77,"ITSERV_EXP":2174.37,"SERFIN_VA":16083.41,"SERFIN_EXP":53404.64,"GOBEST_VA":4701.15,"GOBEST_EXP":499.22,"SPRSCT_VA":4309.08,"SPRSCT_EXP":1684.65,"SEAEMP_VA":1641.22,"SEAEMP_EXP":1058.09,"ADPDEF_VA":3184.43,"ADPDEF_EXP":45.63,"EDUCAC_VA":2250.7,"EDUCAC_EXP":133.03,"SALUDH_VA":3127.08,"SALUDH_EXP":89.47,"ESPARC_VA":385.53,"ESPARC_EXP":204.85,"OTRSER_VA":488.84,"OTRSER_EXP":87.76,"SERHOG_VA":169.84,"SERHOG_EXP":0.0}},{"type":"Feature","geometry":{"type":"Point","coordinates":[24.6,56.88]},"properties":{"id":"LVA","name":"Letonia","continent":"europe","year":2011,"AGRPFO_VA":568.78,"AGRPFO_EXP":438.16,"FORLOG_VA":508.68,"FORLOG_EXP":311.63,"PESCAC_VA":56.93,"PESCAC_EXP":46.68,"MINCOL_VA":1.45,"MINCOL_EXP":0.7,"PETGAS_VA":0.0,"PETGAS_EXP":0.0,"MINORE_VA":0.59,"MINORE_EXP":0.43,"MINOTH_VA":124.0,"MINOTH_EXP":6.3,"MINSER_VA":1.53,"MINSER_EXP":1.48,"ALYBEB_VA":730.42,"ALYBEB_EXP":841.32,"TEXYPR_VA":217.49,"TEXYPR_EXP":292.08,"MADYPR_VA":761.44,"MADYPR_EXP":1093.88,"PAPYPR_VA":135.13,"PAPYPR_EXP":71.19,"PETREF_VA":0.66,"PETREF_EXP":0.06,"QUIMYP_VA":116.09,"QUIMYP_EXP":225.43,"FARMED_VA":120.87,"FARMED_EXP":165.18,"HUPLAS_VA":88.2,"HUPLAS_EXP":133.22,"PRNOMT_VA":258.44,"PRNOMT_EXP":178.27,"METBAS_VA":124.73,"METBAS_EXP":439.6,"NONFER_VA":23.37,"NONFER_EXP":193.99,"PRMETA_VA":261.86,"PRMETA_EXP":309.91,"ELCTRO_VA":99.43,"ELCTRO_EXP":156.51,"ELCTRI_VA":81.54,"ELCTRI_EXP":155.89,"MAQYEQ_VA":89.53,"MAQYEQ_EXP":138.76,"AUTOMO_VA":53.58,"AUTOMO_EXP":64.54,"OTRTRA_VA":37.23,"OTRTRA_EXP":33.13,"TRANSP_VA":29.85,"TRANSP_EXP":44.7,"OTRMAN_VA":349.91,"OTRMAN_EXP":252.51,"ELEGAS_VA":895.19,"ELEGAS_EXP":203.96,"AGUBAS_VA":249.33,"AGUBAS_EXP":20.62,"CONSTR_VA":1529.16,"CONSTR_EXP":37.55,"COMREV_VA":3888.85,"COMREV_EXP":1426.6,"TRATIE_VA":1462.58,"TRATIE_EXP":2128.93,"TRAGUA_VA":81.9,"TRAGUA_EXP":45.77,"TRAAIR_VA":-20.53,"TRAAIR_EXP":165.39,"ALMSTR_VA":1255.19,"ALMSTR_EXP":494.59,"POSTME_VA":103.07,"POSTME_EXP":29.98,"HOTYRE_VA":451.6,"HOTYRE_EXP":275.02,"MMTVRA_VA":165.07,"MMTVRA_EXP":66.73,"TELECO_VA":530.51,"TELECO_EXP":87.36,"ITSERV_VA":444.37,"ITSERV_EXP":161.28,"SERFIN_VA":1045.94,"SERFIN_EXP":510.6,"GOBEST_VA":2212.21,"GOBEST_EXP":51.29,"SPRSCT_VA":1107.26,"SPRSCT_EXP":352.06,"SEAEMP_VA":734.23,"SEAEMP_EXP":291.04,"ADPDEF_VA":1955.79,"ADPDEF_EXP":2.08,"EDUCAC_VA":1211.77,"EDUCAC_EXP":21.97,"SALUDH_VA":820.17,"SALUDH_EXP":12.35,"ESPARC_VA":455.98,"ESPARC_EXP":52.15,"OTRSER_VA":225.22,"OTRSER_EXP":16.68,"SERHOG_VA":47.54,"SERHOG_EXP":0.0}},{"type":"Feature","geometry":{"type":"Point","coordinates":[-7.09,31.79]},"properties":{"id":"MAR","name":"Marruecos","continent":"other","year":2011,"AGRPFO_VA":12312.73,"AGRPFO_EXP":1341.82,"FORLOG_VA":1536.93,"FORLOG_EXP":4.33,"PESCAC_VA":510.12,"PESCAC_EXP":381.27,"MINCOL_VA":5.68,"MINCOL_EXP":0.54,"PETGAS_VA":13.05,"PETGAS_EXP":1.11,"MINORE_VA":537.44,"MINORE_EXP":215.47,"MINOTH_VA":1845.43,"MINOTH_EXP":1315.13,"MINSER_VA":57.15,"MINSER_EXP":19.16,"ALYBEB_VA":4573.13,"ALYBEB_EXP":2031.38,"TEXYPR_VA":2759.36,"TEXYPR_EXP":3177.57,"MADYPR_VA":242.49,"MADYPR_EXP":41.35,"PAPYPR_VA":496.05,"PAPYPR_EXP":167.84,"PETREF_VA":210.36,"PETREF_EXP":841.36,"QUIMYP_VA":1833.56,"QUIMYP_EXP":3806.22,"FARMED_VA":670.14,"FARMED_EXP":127.15,"HUPLAS_VA":532.16,"HUPLAS_EXP":243.79,"PRNOMT_VA":1515.75,"PRNOMT_EXP":126.74,"METBAS_VA":358.72,"METBAS_EXP":206.19,"NONFER_VA":363.74,"NONFER_EXP":896.71,"PRMETA_VA":918.01,"PRMETA_EXP":207.44,"ELCTRO_VA":117.36,"ELCTRO_EXP":262.76,"ELCTRI_VA":513.56,"ELCTRI_EXP":1056.32,"MAQYEQ_VA":318.91,"MAQYEQ_EXP":95.42,"AUTOMO_VA":1050.92,"AUTOMO_EXP":1272.31,"OTRTRA_VA":82.78,"OTRTRA_EXP":67.81,"TRANSP_VA":166.2,"TRANSP_EXP":132.9,"OTRMAN_VA":1191.11,"OTRMAN_EXP":243.48,"ELEGAS_VA":2388.59,"ELEGAS_EXP":10.82,"AGUBAS_VA":368.19,"AGUBAS_EXP":2.0,"CONSTR_VA":7193.46,"CONSTR_EXP":81.25,"COMREV_VA":9201.73,"COMREV_EXP":2069.35,"TRATIE_VA":1942.58,"TRATIE_EXP":1243.47,"TRAGUA_VA":31.96,"TRAGUA_EXP":290.2,"TRAAIR_VA":170.31,"TRAAIR_EXP":1069.32,"ALMSTR_VA":1133.53,"ALMSTR_EXP":947.1,"POSTME_VA":107.2,"POSTME_EXP":141.03,"HOTYRE_VA":2245.54,"HOTYRE_EXP":2180.9,"MMTVRA_VA":342.73,"MMTVRA_EXP":180.32,"TELECO_VA":2703.44,"TELECO_EXP":887.17,"ITSERV_VA":513.1,"ITSERV_EXP":501.77,"SERFIN_VA":5116.7,"SERFIN_EXP":308.29,"GOBEST_VA":3758.52,"GOBEST_EXP":385.26,"SPRSCT_VA":3244.54,"SPRSCT_EXP":1368.34,"SEAEMP_VA":3667.67,"SEAEMP_EXP":1006.37,"ADPDEF_VA":10021.22,"ADPDEF_EXP":151.95,"EDUCAC_VA":8558.77,"EDUCAC_EXP":238.34,"SALUDH_VA":3654.11,"SALUDH_EXP":97.86,"ESPARC_VA":347.9,"ESPARC_EXP":213.86,"OTRSER_VA":1006.77,"OTRSER_EXP":148.87,"SERHOG_VA":448.18,"SERHOG_EXP":0.0}},{"type":"Feature","geometry":{"type":"Point","coordinates":[-102.55,23.63]},"properties":{"id":"MEX","name":"México","continent":"america","year":2011,"AGRPFO_VA":33342.2,"AGRPFO_EXP":7153.49,"FORLOG_VA":1367.89,"FORLOG_EXP":45.76,"PESCAC_VA":482.31,"PESCAC_EXP":103.61,"MINCOL_VA":429.88,"MINCOL_EXP":24.92,"PETGAS_VA":78723.02,"PETGAS_EXP":49057.83,"MINORE_VA":10000.0,"MINORE_EXP":3149.36,"MINOTH_VA":4229.84,"MINOTH_EXP":397.85,"MINSER_VA":5261.77,"MINSER_EXP":12.8,"ALYBEB_VA":54343.0,"ALYBEB_EXP":9209.04,"TEXYPR_VA":8333.65,"TEXYPR_EXP":5648.64,"MADYPR_VA":1948.68,"MADYPR_EXP":412.78,"PAPYPR_VA":5676.59,"PAPYPR_EXP":1997.26,"PETREF_VA":6011.49,"PETREF_EXP":4971.95,"QUIMYP_VA":18561.21,"QUIMYP_EXP":8958.74,"FARMED_VA":5401.29,"FARMED_EXP":1596.54,"HUPLAS_VA":6166.14,"HUPLAS_EXP":5008.22,"PRNOMT_VA":7704.36,"PRNOMT_EXP":2480.39,"METBAS_VA":6607.68,"METBAS_EXP":4202.54,"NONFER_VA":9208.59,"NONFER_EXP":10959.96,"PRMETA_VA":8114.21,"PRMETA_EXP":7441.78,"ELCTRO_VA":15536.71,"ELCTRO_EXP":48528.37,"ELCTRI_VA":8879.55,"ELCTRI_EXP":16532.99,"MAQYEQ_VA":10306.23,"MAQYEQ_EXP":14241.44,"AUTOMO_VA":33201.5,"AUTOMO_EXP":71562.73,"OTRTRA_VA":181.63,"OTRTRA_EXP":98.08,"TRANSP_VA":1283.8,"TRANSP_EXP":3591.31,"OTRMAN_VA":8189.72,"OTRMAN_EXP":7788.78,"ELEGAS_VA":14268.02,"ELEGAS_EXP":492.41,"AGUBAS_VA":3651.97,"AGUBAS_EXP":43.53,"CONSTR_VA":73854.56,"CONSTR_EXP":55.01,"COMREV_VA":222425.64,"COMREV_EXP":42992.25,"TRATIE_VA":65152.38,"TRATIE_EXP":13208.89,"TRAGUA_VA":818.55,"TRAGUA_EXP":750.87,"TRAAIR_VA":1685.43,"TRAAIR_EXP":1487.74,"ALMSTR_VA":7807.65,"ALMSTR_EXP":2833.83,"POSTME_VA":1184.44,"POSTME_EXP":19.33,"HOTYRE_VA":27359.22,"HOTYRE_EXP":5258.23,"MMTVRA_VA":4616.89,"MMTVRA_EXP":554.61,"TELECO_VA":19564.03,"TELECO_EXP":540.84,"ITSERV_VA":2046.9,"ITSERV_EXP":28.62,"SERFIN_VA":36839.02,"SERFIN_EXP":3374.5,"GOBEST_VA":168824.13,"GOBEST_EXP":925.8,"SPRSCT_VA":27607.55,"SPRSCT_EXP":749.83,"SEAEMP_VA":42602.14,"SEAEMP_EXP":457.75,"ADPDEF_VA":46652.09,"ADPDEF_EXP":0.82,"EDUCAC_VA":45253.5,"EDUCAC_EXP":284.65,"SALUDH_VA":25972.03,"SALUDH_EXP":223.63,"ESPARC_VA":6174.99,"ESPARC_EXP":605.59,"OTRSER_VA":13150.02,"OTRSER_EXP":297.38,"SERHOG_VA":5056.68,"SERHOG_EXP":0.0}},{"type":"Feature","geometry":{"type":"Point","coordinates":[14.38,35.94]},"properties":{"id":"MLT","name":"Malta","continent":"europe","year":2011,"AGRPFO_VA":90.88,"AGRPFO_EXP":12.67,"FORLOG_VA":0.0,"FORLOG_EXP":0.0,"PESCAC_VA":22.55,"PESCAC_EXP":57.34,"MINCOL_VA":0.0,"MINCOL_EXP":0.0,"PETGAS_VA":2.85,"PETGAS_EXP":7.01,"MINORE_VA":0.87,"MINORE_EXP":0.26,"MINOTH_VA":15.6,"MINOTH_EXP":0.73,"MINSER_VA":7.67,"MINSER_EXP":2.25,"ALYBEB_VA":156.96,"ALYBEB_EXP":145.24,"TEXYPR_VA":53.73,"TEXYPR_EXP":55.3,"MADYPR_VA":7.67,"MADYPR_EXP":3.21,"PAPYPR_VA":99.4,"PAPYPR_EXP":212.87,"PETREF_VA":0.37,"PETREF_EXP":0.13,"QUIMYP_VA":12.02,"QUIMYP_EXP":41.16,"FARMED_VA":93.38,"FARMED_EXP":188.66,"HUPLAS_VA":62.54,"HUPLAS_EXP":168.66,"PRNOMT_VA":38.88,"PRNOMT_EXP":12.16,"METBAS_VA":0.89,"METBAS_EXP":0.91,"NONFER_VA":0.58,"NONFER_EXP":0.71,"PRMETA_VA":48.71,"PRMETA_EXP":34.17,"ELCTRO_VA":81.34,"ELCTRO_EXP":666.38,"ELCTRI_VA":30.24,"ELCTRI_EXP":63.26,"MAQYEQ_VA":27.46,"MAQYEQ_EXP":48.19,"AUTOMO_VA":51.35,"AUTOMO_EXP":31.57,"OTRTRA_VA":7.82,"OTRTRA_EXP":8.45,"TRANSP_VA":16.0,"TRANSP_EXP":12.05,"OTRMAN_VA":232.73,"OTRMAN_EXP":375.88,"ELEGAS_VA":19.11,"ELEGAS_EXP":0.81,"AGUBAS_VA":98.23,"AGUBAS_EXP":7.15,"CONSTR_VA":450.19,"CONSTR_EXP":18.67,"COMREV_VA":990.34,"COMREV_EXP":410.35,"TRATIE_VA":53.28,"TRATIE_EXP":73.81,"TRAGUA_VA":29.38,"TRAGUA_EXP":102.1,"TRAAIR_VA":64.07,"TRAAIR_EXP":336.09,"ALMSTR_VA":300.79,"ALMSTR_EXP":440.65,"POSTME_VA":19.52,"POSTME_EXP":7.83,"HOTYRE_VA":467.52,"HOTYRE_EXP":720.11,"MMTVRA_VA":52.65,"MMTVRA_EXP":37.52,"TELECO_VA":188.52,"TELECO_EXP":41.65,"ITSERV_VA":307.38,"ITSERV_EXP":70.5,"SERFIN_VA":760.52,"SERFIN_EXP":1130.15,"GOBEST_VA":622.05,"GOBEST_EXP":40.26,"SPRSCT_VA":510.59,"SPRSCT_EXP":409.17,"SEAEMP_VA":370.26,"SEAEMP_EXP":160.85,"ADPDEF_VA":598.68,"ADPDEF_EXP":6.18,"EDUCAC_VA":563.99,"EDUCAC_EXP":20.69,"SALUDH_VA":550.4,"SALUDH_EXP":12.67,"ESPARC_VA":646.3,"ESPARC_EXP":1488.2,"OTRSER_VA":110.54,"OTRSER_EXP":16.74,"SERHOG_VA":8.19,"SERHOG_EXP":0.0}},{"type":"Feature","geometry":{"type":"Point","coordinates":[95.96,21.91]},"properties":{"id":"MMR","name":"Myanmar","continent":"asia","year":2011,"AGRPFO_VA":16932.39,"AGRPFO_EXP":1731.01,"FORLOG_VA":422.55,"FORLOG_EXP":338.91,"PESCAC_VA":4075.16,"PESCAC_EXP":301.38,"MINCOL_VA":3.59,"MINCOL_EXP":0.39,"PETGAS_VA":1553.03,"PETGAS_EXP":3257.95,"MINORE_VA":326.33,"MINORE_EXP":23.08,"MINOTH_VA":271.09,"MINOTH_EXP":181.57,"MINSER_VA":12.17,"MINSER_EXP":3.47,"ALYBEB_VA":2133.29,"ALYBEB_EXP":594.86,"TEXYPR_VA":1590.48,"TEXYPR_EXP":1345.86,"MADYPR_VA":239.1,"MADYPR_EXP":97.58,"PAPYPR_VA":300.1,"PAPYPR_EXP":28.81,"PETREF_VA":448.15,"PETREF_EXP":33.08,"QUIMYP_VA":389.86,"QUIMYP_EXP":21.67,"FARMED_VA":190.17,"FARMED_EXP":1.64,"HUPLAS_VA":242.28,"HUPLAS_EXP":15.78,"PRNOMT_VA":418.91,"PRNOMT_EXP":7.13,"METBAS_VA":216.77,"METBAS_EXP":0.47,"NONFER_VA":152.6,"NONFER_EXP":0.99,"PRMETA_VA":304.67,"PRMETA_EXP":17.61,"ELCTRO_VA":261.04,"ELCTRO_EXP":41.62,"ELCTRI_VA":183.16,"ELCTRI_EXP":42.97,"MAQYEQ_VA":256.29,"MAQYEQ_EXP":66.8,"AUTOMO_VA":312.97,"AUTOMO_EXP":6.29,"OTRTRA_VA":40.39,"OTRTRA_EXP":0.66,"TRANSP_VA":50.34,"TRANSP_EXP":35.11,"OTRMAN_VA":439.87,"OTRMAN_EXP":44.0,"ELEGAS_VA":286.36,"ELEGAS_EXP":18.03,"AGUBAS_VA":58.97,"AGUBAS_EXP":0.56,"CONSTR_VA":1854.16,"CONSTR_EXP":6.02,"COMREV_VA":3996.82,"COMREV_EXP":491.21,"TRATIE_VA":1008.47,"TRATIE_EXP":73.67,"TRAGUA_VA":378.17,"TRAGUA_EXP":127.59,"TRAAIR_VA":230.54,"TRAAIR_EXP":107.73,"ALMSTR_VA":399.22,"ALMSTR_EXP":109.71,"POSTME_VA":66.13,"POSTME_EXP":0.34,"HOTYRE_VA":1189.92,"HOTYRE_EXP":33.81,"MMTVRA_VA":201.62,"MMTVRA_EXP":6.17,"TELECO_VA":675.06,"TELECO_EXP":2.45,"ITSERV_VA":171.58,"ITSERV_EXP":2.33,"SERFIN_VA":1201.45,"SERFIN_EXP":2.39,"GOBEST_VA":1458.87,"GOBEST_EXP":17.5,"SPRSCT_VA":759.78,"SPRSCT_EXP":49.75,"SEAEMP_VA":593.12,"SEAEMP_EXP":44.63,"ADPDEF_VA":1739.0,"ADPDEF_EXP":1.39,"EDUCAC_VA":1038.48,"EDUCAC_EXP":2.04,"SALUDH_VA":1358.01,"SALUDH_EXP":1.67,"ESPARC_VA":187.82,"ESPARC_EXP":3.47,"OTRSER_VA":379.72,"OTRSER_EXP":2.83,"SERHOG_VA":0.0,"SERHOG_EXP":0.0}},{"type":"Feature","geometry":{"type":"Point","coordinates":[101.98,4.21]},"properties":{"id":"MYS","name":"Malasia","continent":"asia","year":2011,"AGRPFO_VA":24904.39,"AGRPFO_EXP":4782.65,"FORLOG_VA":2726.55,"FORLOG_EXP":835.88,"PESCAC_VA":2832.21,"PESCAC_EXP":276.08,"MINCOL_VA":10542.73,"MINCOL_EXP":322.29,"PETGAS_VA":14537.65,"PETGAS_EXP":17850.37,"MINORE_VA":325.24,"MINORE_EXP":327.36,"MINOTH_VA":1271.18,"MINOTH_EXP":459.95,"MINSER_VA":1976.93,"MINSER_EXP":50.09,"ALYBEB_VA":4422.61,"ALYBEB_EXP":31466.21,"TEXYPR_VA":963.74,"TEXYPR_EXP":2155.99,"MADYPR_VA":1432.61,"MADYPR_EXP":3121.84,"PAPYPR_VA":1741.32,"PAPYPR_EXP":1194.41,"PETREF_VA":8273.59,"PETREF_EXP":8079.17,"QUIMYP_VA":5237.5,"QUIMYP_EXP":13253.8,"FARMED_VA":380.72,"FARMED_EXP":262.23,"HUPLAS_VA":3390.25,"HUPLAS_EXP":9853.29,"PRNOMT_VA":1845.0,"PRNOMT_EXP":1843.71,"METBAS_VA":1028.53,"METBAS_EXP":2807.26,"NONFER_VA":524.84,"NONFER_EXP":3279.75,"PRMETA_VA":2086.94,"PRMETA_EXP":3266.87,"ELCTRO_VA":13062.96,"ELCTRO_EXP":63188.43,"ELCTRI_VA":889.41,"ELCTRI_EXP":6155.69,"MAQYEQ_VA":1563.25,"MAQYEQ_EXP":5347.4,"AUTOMO_VA":4564.94,"AUTOMO_EXP":835.11,"OTRTRA_VA":464.65,"OTRTRA_EXP":1472.25,"TRANSP_VA":559.2,"TRANSP_EXP":1043.11,"OTRMAN_VA":2139.31,"OTRMAN_EXP":2436.45,"ELEGAS_VA":5535.06,"ELEGAS_EXP":22.2,"AGUBAS_VA":1770.18,"AGUBAS_EXP":85.53,"CONSTR_VA":9142.02,"CONSTR_EXP":2.0,"COMREV_VA":61291.65,"COMREV_EXP":19486.37,"TRATIE_VA":2483.11,"TRATIE_EXP":2556.2,"TRAGUA_VA":1425.49,"TRAGUA_EXP":2095.58,"TRAAIR_VA":1329.63,"TRAAIR_EXP":3454.14,"ALMSTR_VA":3879.39,"ALMSTR_EXP":1456.31,"POSTME_VA":400.69,"POSTME_EXP":602.55,"HOTYRE_VA":8216.32,"HOTYRE_EXP":7817.55,"MMTVRA_VA":1465.23,"MMTVRA_EXP":435.48,"TELECO_VA":8024.1,"TELECO_EXP":1174.8,"ITSERV_VA":3758.29,"ITSERV_EXP":1992.1,"SERFIN_VA":20216.67,"SERFIN_EXP":3677.64,"GOBEST_VA":9660.78,"GOBEST_EXP":1297.42,"SPRSCT_VA":5299.51,"SPRSCT_EXP":4715.13,"SEAEMP_VA":2459.74,"SEAEMP_EXP":2553.83,"ADPDEF_VA":21117.29,"ADPDEF_EXP":545.26,"EDUCAC_VA":10261.7,"EDUCAC_EXP":392.94,"SALUDH_VA":2866.99,"SALUDH_EXP":294.35,"ESPARC_VA":1986.61,"ESPARC_EXP":882.49,"OTRSER_VA":517.17,"OTRSER_EXP":407.95,"SERHOG_VA":336.52,"SERHOG_EXP":0.0}},{"type":"Feature","geometry":{"type":"Point","coordinates":[8.68,9.08]},"properties":{"id":"NGA","name":"Nigeria","continent":"other","year":2011,"AGRPFO_VA":86917.85,"AGRPFO_EXP":4937.34,"FORLOG_VA":974.32,"FORLOG_EXP":224.93,"PESCAC_VA":1809.24,"PESCAC_EXP":3.16,"MINCOL_VA":25.07,"MINCOL_EXP":4.19,"PETGAS_VA":70671.72,"PETGAS_EXP":98547.99,"MINORE_VA":17.87,"MINORE_EXP":10.39,"MINOTH_VA":341.13,"MINOTH_EXP":63.19,"MINSER_VA":59.26,"MINSER_EXP":7.17,"ALYBEB_VA":25681.79,"ALYBEB_EXP":3628.2,"TEXYPR_VA":4019.18,"TEXYPR_EXP":2220.09,"MADYPR_VA":913.5,"MADYPR_EXP":268.49,"PAPYPR_VA":356.57,"PAPYPR_EXP":6.05,"PETREF_VA":1869.17,"PETREF_EXP":3252.14,"QUIMYP_VA":641.7,"QUIMYP_EXP":295.19,"FARMED_VA":122.7,"FARMED_EXP":5.38,"HUPLAS_VA":574.52,"HUPLAS_EXP":253.05,"PRNOMT_VA":2334.52,"PRNOMT_EXP":15.44,"METBAS_VA":137.76,"METBAS_EXP":47.95,"NONFER_VA":187.57,"NONFER_EXP":439.04,"PRMETA_VA":139.39,"PRMETA_EXP":100.83,"ELCTRO_VA":195.29,"ELCTRO_EXP":18.08,"ELCTRI_VA":31.37,"ELCTRI_EXP":18.67,"MAQYEQ_VA":143.05,"MAQYEQ_EXP":120.2,"AUTOMO_VA":201.44,"AUTOMO_EXP":91.82,"OTRTRA_VA":186.67,"OTRTRA_EXP":9.0,"TRANSP_VA":3.07,"TRANSP_EXP":3.52,"OTRMAN_VA":1436.06,"OTRMAN_EXP":66.35,"ELEGAS_VA":1763.72,"ELEGAS_EXP":0.92,"AGUBAS_VA":538.96,"AGUBAS_EXP":0.09,"CONSTR_VA":12758.74,"CONSTR_EXP":0.24,"COMREV_VA":62665.28,"COMREV_EXP":10488.76,"TRATIE_VA":4310.79,"TRATIE_EXP":2087.18,"TRAGUA_VA":553.71,"TRAGUA_EXP":80.7,"TRAAIR_VA":367.63,"TRAAIR_EXP":729.13,"ALMSTR_VA":1645.73,"ALMSTR_EXP":256.06,"POSTME_VA":107.21,"POSTME_EXP":75.75,"HOTYRE_VA":1895.87,"HOTYRE_EXP":214.24,"MMTVRA_VA":7939.63,"MMTVRA_EXP":40.7,"TELECO_VA":25138.33,"TELECO_EXP":45.15,"ITSERV_VA":9023.21,"ITSERV_EXP":84.03,"SERFIN_VA":10565.56,"SERFIN_EXP":72.96,"GOBEST_VA":30104.21,"GOBEST_EXP":85.97,"SPRSCT_VA":12346.09,"SPRSCT_EXP":68.8,"SEAEMP_VA":92.38,"SEAEMP_EXP":9.52,"ADPDEF_VA":15747.13,"ADPDEF_EXP":0.01,"EDUCAC_VA":7092.91,"EDUCAC_EXP":10.78,"SALUDH_VA":2740.15,"SALUDH_EXP":8.17,"ESPARC_VA":530.57,"ESPARC_EXP":20.69,"OTRSER_VA":6096.7,"OTRSER_EXP":12.62,"SERHOG_VA":1530.06,"SERHOG_EXP":0.0}},{"type":"Feature","geometry":{"type":"Point","coordinates":[5.29,52.13]},"properties":{"id":"NLD","name":"Países Bajos","continent":"europe","year":2011,"AGRPFO_VA":15482.54,"AGRPFO_EXP":16938.54,"FORLOG_VA":167.06,"FORLOG_EXP":128.9,"PESCAC_VA":441.31,"PESCAC_EXP":320.36,"MINCOL_VA":0.0,"MINCOL_EXP":0.0,"PETGAS_VA":20831.96,"PETGAS_EXP":14060.58,"MINORE_VA":0.0,"MINORE_EXP":0.0,"MINOTH_VA":558.3,"MINOTH_EXP":350.83,"MINSER_VA":4905.75,"MINSER_EXP":4192.27,"ALYBEB_VA":16913.39,"ALYBEB_EXP":39054.83,"TEXYPR_VA":1570.58,"TEXYPR_EXP":3599.93,"MADYPR_VA":1194.71,"MADYPR_EXP":719.02,"PAPYPR_VA":5038.77,"PAPYPR_EXP":3407.59,"PETREF_VA":2139.93,"PETREF_EXP":22898.93,"QUIMYP_VA":13228.17,"QUIMYP_EXP":37133.71,"FARMED_VA":4199.19,"FARMED_EXP":5011.14,"HUPLAS_VA":3451.95,"HUPLAS_EXP":5304.62,"PRNOMT_VA":2940.57,"PRNOMT_EXP":1243.98,"METBAS_VA":2220.14,"METBAS_EXP":2949.47,"NONFER_VA":929.25,"NONFER_EXP":3279.84,"PRMETA_VA":8837.12,"PRMETA_EXP":4896.44,"ELCTRO_VA":6766.55,"ELCTRO_EXP":30147.06,"ELCTRI_VA":3530.14,"ELCTRI_EXP":5145.74,"MAQYEQ_VA":13088.19,"MAQYEQ_EXP":20562.91,"AUTOMO_VA":3465.21,"AUTOMO_EXP":6399.91,"OTRTRA_VA":1440.44,"OTRTRA_EXP":1524.45,"TRANSP_VA":753.99,"TRANSP_EXP":1807.92,"OTRMAN_VA":7696.13,"OTRMAN_EXP":5211.0,"ELEGAS_VA":11061.89,"ELEGAS_EXP":1294.65,"AGUBAS_VA":5573.05,"AGUBAS_EXP":1204.12,"CONSTR_VA":43275.39,"CONSTR_EXP":565.19,"COMREV_VA":106277.59,"COMREV_EXP":55883.4,"TRATIE_VA":17114.07,"TRATIE_EXP":9189.54,"TRAGUA_VA":2940.53,"TRAGUA_EXP":6291.14,"TRAAIR_VA":3277.83,"TRAAIR_EXP":7378.75,"ALMSTR_VA":13257.44,"ALMSTR_EXP":6747.29,"POSTME_VA":3580.28,"POSTME_EXP":1742.76,"HOTYRE_VA":14090.73,"HOTYRE_EXP":4520.71,"MMTVRA_VA":6666.79,"MMTVRA_EXP":2597.8,"TELECO_VA":12672.56,"TELECO_EXP":2332.17,"ITSERV_VA":19645.19,"ITSERV_EXP":10164.39,"SERFIN_VA":71796.42,"SERFIN_EXP":11642.84,"GOBEST_VA":51567.49,"GOBEST_EXP":813.18,"SPRSCT_VA":69435.74,"SPRSCT_EXP":27819.92,"SEAEMP_VA":47058.25,"SEAEMP_EXP":10789.09,"ADPDEF_VA":65068.33,"ADPDEF_EXP":3383.44,"EDUCAC_VA":41500.19,"EDUCAC_EXP":737.27,"SALUDH_VA":73220.47,"SALUDH_EXP":504.83,"ESPARC_VA":10329.83,"ESPARC_EXP":1127.59,"OTRSER_VA":10244.7,"OTRSER_EXP":396.87,"SERHOG_VA":645.6,"SERHOG_EXP":0.0}},{"type":"Feature","geometry":{"type":"Point","coordinates":[8.47,60.47]},"properties":{"id":"NOR","name":"Noruega","continent":"europe","year":2011,"AGRPFO_VA":2188.28,"AGRPFO_EXP":519.99,"FORLOG_VA":958.17,"FORLOG_EXP":62.27,"PESCAC_VA":3637.97,"PESCAC_EXP":2659.76,"MINCOL_VA":103.7,"MINCOL_EXP":8.4,"PETGAS_VA":109526.77,"PETGAS_EXP":103754.89,"MINORE_VA":215.33,"MINORE_EXP":111.03,"MINOTH_VA":653.9,"MINOTH_EXP":462.07,"MINSER_VA":7434.95,"MINSER_EXP":1304.23,"ALYBEB_VA":6759.67,"ALYBEB_EXP":3963.2,"TEXYPR_VA":541.32,"TEXYPR_EXP":230.78,"MADYPR_VA":1484.57,"MADYPR_EXP":316.14,"PAPYPR_VA":1274.83,"PAPYPR_EXP":1600.88,"PETREF_VA":986.39,"PETREF_EXP":4973.88,"QUIMYP_VA":2365.72,"QUIMYP_EXP":5103.45,"FARMED_VA":875.92,"FARMED_EXP":594.57,"HUPLAS_VA":693.84,"HUPLAS_EXP":494.24,"PRNOMT_VA":1580.17,"PRNOMT_EXP":359.7,"METBAS_VA":446.88,"METBAS_EXP":1433.1,"NONFER_VA":1534.19,"NONFER_EXP":6662.56,"PRMETA_VA":3201.75,"PRMETA_EXP":1471.99,"ELCTRO_VA":1737.25,"ELCTRO_EXP":1458.92,"ELCTRI_VA":1325.07,"ELCTRI_EXP":1470.88,"MAQYEQ_VA":4482.0,"MAQYEQ_EXP":3053.18,"AUTOMO_VA":436.69,"AUTOMO_EXP":424.23,"OTRTRA_VA":3155.18,"OTRTRA_EXP":983.12,"TRANSP_VA":135.21,"TRANSP_EXP":241.04,"OTRMAN_VA":3596.68,"OTRMAN_EXP":2022.16,"ELEGAS_VA":9976.8,"ELEGAS_EXP":755.76,"AGUBAS_VA":2794.43,"AGUBAS_EXP":8.94,"CONSTR_VA":25546.57,"CONSTR_EXP":22.04,"COMREV_VA":35021.05,"COMREV_EXP":10140.78,"TRATIE_VA":8920.03,"TRATIE_EXP":3097.95,"TRAGUA_VA":7373.3,"TRAGUA_EXP":15468.74,"TRAAIR_VA":1475.19,"TRAAIR_EXP":1504.39,"ALMSTR_VA":4755.38,"ALMSTR_EXP":5971.92,"POSTME_VA":2033.48,"POSTME_EXP":181.56,"HOTYRE_VA":5873.78,"HOTYRE_EXP":1865.61,"MMTVRA_VA":5573.39,"MMTVRA_EXP":480.59,"TELECO_VA":5139.13,"TELECO_EXP":1294.47,"ITSERV_VA":7468.71,"ITSERV_EXP":1829.86,"SERFIN_VA":17714.63,"SERFIN_EXP":2579.99,"GOBEST_VA":30005.33,"GOBEST_EXP":300.37,"SPRSCT_VA":19221.03,"SPRSCT_EXP":5079.38,"SEAEMP_VA":12170.04,"SEAEMP_EXP":2226.61,"ADPDEF_VA":26578.48,"ADPDEF_EXP":10.46,"EDUCAC_VA":21410.63,"EDUCAC_EXP":133.04,"SALUDH_VA":43115.32,"SALUDH_EXP":78.85,"ESPARC_VA":4391.84,"ESPARC_EXP":367.78,"OTRSER_VA":4220.65,"OTRSER_EXP":107.41,"SERHOG_VA":67.22,"SERHOG_EXP":0.0}},{"type":"Feature","geometry":{"type":"Point","coordinates":[174.89,-40.9]},"properties":{"id":"NZL","name":"Nueva Zelanda","continent":"other","year":2011,"AGRPFO_VA":8622.0,"AGRPFO_EXP":1758.47,"FORLOG_VA":940.09,"FORLOG_EXP":1072.67,"PESCAC_VA":1346.2,"PESCAC_EXP":619.43,"MINCOL_VA":105.98,"MINCOL_EXP":244.62,"PETGAS_VA":1333.32,"PETGAS_EXP":1206.95,"MINORE_VA":1358.02,"MINORE_EXP":57.06,"MINOTH_VA":215.61,"MINOTH_EXP":19.11,"MINSER_VA":244.4,"MINSER_EXP":13.69,"ALYBEB_VA":7183.6,"ALYBEB_EXP":14819.42,"TEXYPR_VA":516.04,"TEXYPR_EXP":664.35,"MADYPR_VA":1022.5,"MADYPR_EXP":1005.04,"PAPYPR_VA":1193.24,"PAPYPR_EXP":839.63,"PETREF_VA":1611.64,"PETREF_EXP":852.59,"QUIMYP_VA":753.03,"QUIMYP_EXP":794.63,"FARMED_VA":140.07,"FARMED_EXP":151.07,"HUPLAS_VA":923.5,"HUPLAS_EXP":464.51,"PRNOMT_VA":687.0,"PRNOMT_EXP":121.49,"METBAS_VA":205.46,"METBAS_EXP":448.65,"NONFER_VA":476.47,"NONFER_EXP":1195.31,"PRMETA_VA":1374.45,"PRMETA_EXP":379.98,"ELCTRO_VA":435.04,"ELCTRO_EXP":423.61,"ELCTRI_VA":338.66,"ELCTRI_EXP":512.18,"MAQYEQ_VA":1443.01,"MAQYEQ_EXP":797.13,"AUTOMO_VA":238.6,"AUTOMO_EXP":76.89,"OTRTRA_VA":169.41,"OTRTRA_EXP":167.74,"TRANSP_VA":499.61,"TRANSP_EXP":26.75,"OTRMAN_VA":477.67,"OTRMAN_EXP":308.99,"ELEGAS_VA":4216.2,"ELEGAS_EXP":25.64,"AGUBAS_VA":1135.73,"AGUBAS_EXP":8.08,"CONSTR_VA":9109.96,"CONSTR_EXP":114.42,"COMREV_VA":15728.76,"COMREV_EXP":5756.04,"TRATIE_VA":2610.97,"TRATIE_EXP":663.99,"TRAGUA_VA":317.25,"TRAGUA_EXP":151.19,"TRAAIR_VA":1711.48,"TRAAIR_EXP":1358.91,"ALMSTR_VA":2271.13,"ALMSTR_EXP":296.16,"POSTME_VA":743.48,"POSTME_EXP":116.29,"HOTYRE_VA":3248.59,"HOTYRE_EXP":1827.88,"MMTVRA_VA":1569.3,"MMTVRA_EXP":497.12,"TELECO_VA":1737.89,"TELECO_EXP":490.44,"ITSERV_VA":1692.13,"ITSERV_EXP":616.79,"SERFIN_VA":8574.97,"SERFIN_EXP":913.72,"GOBEST_VA":16722.03,"GOBEST_EXP":534.48,"SPRSCT_VA":12732.91,"SPRSCT_EXP":1302.06,"SEAEMP_VA":3388.93,"SEAEMP_EXP":800.68,"ADPDEF_VA":7301.14,"ADPDEF_EXP":102.06,"EDUCAC_VA":7998.26,"EDUCAC_EXP":430.33,"SALUDH_VA":10194.85,"SALUDH_EXP":103.29,"ESPARC_VA":2362.93,"ESPARC_EXP":583.93,"OTRSER_VA":3152.25,"OTRSER_EXP":131.88,"SERHOG_VA":428.75,"SERHOG_EXP":0.0}},{"type":"Feature","geometry":{"type":"Point","coordinates":[69.35,30.38]},"properties":{"id":"PAK","name":"Pakistán","continent":"asia","year":2011,"AGRPFO_VA":43791.9,"AGRPFO_EXP":1410.02,"FORLOG_VA":903.5,"FORLOG_EXP":2.79,"PESCAC_VA":387.14,"PESCAC_EXP":31.38,"MINCOL_VA":114.23,"MINCOL_EXP":0.51,"PETGAS_VA":3612.92,"PETGAS_EXP":12.74,"MINORE_VA":191.37,"MINORE_EXP":84.16,"MINOTH_VA":188.84,"MINOTH_EXP":76.12,"MINSER_VA":168.84,"MINSER_EXP":7.51,"ALYBEB_VA":7549.9,"ALYBEB_EXP":2646.88,"TEXYPR_VA":7936.01,"TEXYPR_EXP":9978.18,"MADYPR_VA":776.66,"MADYPR_EXP":51.14,"PAPYPR_VA":1802.88,"PAPYPR_EXP":50.31,"PETREF_VA":1940.54,"PETREF_EXP":973.25,"QUIMYP_VA":2245.54,"QUIMYP_EXP":644.23,"FARMED_VA":809.78,"FARMED_EXP":114.01,"HUPLAS_VA":1061.36,"HUPLAS_EXP":121.17,"PRNOMT_VA":1875.4,"PRNOMT_EXP":377.95,"METBAS_VA":1035.45,"METBAS_EXP":124.43,"NONFER_VA":663.67,"NONFER_EXP":123.64,"PRMETA_VA":1370.2,"PRMETA_EXP":182.69,"ELCTRO_VA":1074.93,"ELCTRO_EXP":28.54,"ELCTRI_VA":818.09,"ELCTRI_EXP":80.16,"MAQYEQ_VA":1273.5,"MAQYEQ_EXP":99.02,"AUTOMO_VA":1682.09,"AUTOMO_EXP":30.46,"OTRTRA_VA":205.42,"OTRTRA_EXP":6.34,"TRANSP_VA":225.28,"TRANSP_EXP":12.21,"OTRMAN_VA":841.63,"OTRMAN_EXP":680.7,"ELEGAS_VA":3927.57,"ELEGAS_EXP":13.62,"AGUBAS_VA":1310.33,"AGUBAS_EXP":7.49,"CONSTR_VA":4892.12,"CONSTR_EXP":24.25,"COMREV_VA":20217.41,"COMREV_EXP":2549.08,"TRATIE_VA":5742.18,"TRATIE_EXP":340.05,"TRAGUA_VA":1533.45,"TRAGUA_EXP":1409.86,"TRAAIR_VA":1063.58,"TRAAIR_EXP":750.84,"ALMSTR_VA":1939.63,"ALMSTR_EXP":224.18,"POSTME_VA":478.01,"POSTME_EXP":2.62,"HOTYRE_VA":5134.4,"HOTYRE_EXP":128.25,"MMTVRA_VA":1434.74,"MMTVRA_EXP":87.56,"TELECO_VA":3472.41,"TELECO_EXP":192.73,"ITSERV_VA":1033.35,"ITSERV_EXP":330.77,"SERFIN_VA":7059.87,"SERFIN_EXP":238.17,"GOBEST_VA":8936.51,"GOBEST_EXP":39.04,"SPRSCT_VA":4983.46,"SPRSCT_EXP":730.71,"SEAEMP_VA":3508.39,"SEAEMP_EXP":301.62,"ADPDEF_VA":7978.62,"ADPDEF_EXP":7.07,"EDUCAC_VA":4193.25,"EDUCAC_EXP":10.11,"SALUDH_VA":7759.12,"SALUDH_EXP":9.0,"ESPARC_VA":1263.84,"ESPARC_EXP":40.51,"OTRSER_VA":2449.33,"OTRSER_EXP":19.25,"SERHOG_VA":897.07,"SERHOG_EXP":0.0}},{"type":"Feature","geometry":{"type":"Point","coordinates":[-75.02,-9.19]},"properties":{"id":"PER","name":"Perú","continent":"america","year":2011,"AGRPFO_VA":10160.64,"AGRPFO_EXP":1290.7,"FORLOG_VA":324.21,"FORLOG_EXP":22.92,"PESCAC_VA":1381.05,"PESCAC_EXP":5.38,"MINCOL_VA":186.29,"MINCOL_EXP":20.12,"PETGAS_VA":4029.53,"PETGAS_EXP":1887.85,"MINORE_VA":18513.56,"MINORE_EXP":22741.87,"MINOTH_VA":908.09,"MINOTH_EXP":214.5,"MINSER_VA":2040.38,"MINSER_EXP":1.47,"ALYBEB_VA":6507.28,"ALYBEB_EXP":5030.27,"TEXYPR_VA":3112.65,"TEXYPR_EXP":1612.33,"MADYPR_VA":601.86,"MADYPR_EXP":135.77,"PAPYPR_VA":1506.11,"PAPYPR_EXP":39.61,"PETREF_VA":1557.69,"PETREF_EXP":2507.8,"QUIMYP_VA":1489.68,"QUIMYP_EXP":983.2,"FARMED_VA":445.78,"FARMED_EXP":37.6,"HUPLAS_VA":1058.09,"HUPLAS_EXP":426.81,"PRNOMT_VA":1805.34,"PRNOMT_EXP":217.42,"METBAS_VA":476.84,"METBAS_EXP":136.76,"NONFER_VA":2392.34,"NONFER_EXP":5458.83,"PRMETA_VA":1084.22,"PRMETA_EXP":321.13,"ELCTRO_VA":44.13,"ELCTRO_EXP":35.59,"ELCTRI_VA":50.61,"ELCTRI_EXP":470.51,"MAQYEQ_VA":746.62,"MAQYEQ_EXP":167.75,"AUTOMO_VA":547.29,"AUTOMO_EXP":105.47,"OTRTRA_VA":24.53,"OTRTRA_EXP":21.65,"TRANSP_VA":236.24,"TRANSP_EXP":16.53,"OTRMAN_VA":3417.52,"OTRMAN_EXP":1034.75,"ELEGAS_VA":2729.99,"ELEGAS_EXP":3.73,"AGUBAS_VA":670.11,"AGUBAS_EXP":0.91,"CONSTR_VA":9913.06,"CONSTR_EXP":1.41,"COMREV_VA":17542.18,"COMREV_EXP":3335.41,"TRATIE_VA":6544.31,"TRATIE_EXP":793.9,"TRAGUA_VA":158.98,"TRAGUA_EXP":75.17,"TRAAIR_VA":449.35,"TRAAIR_EXP":331.66,"ALMSTR_VA":1970.08,"ALMSTR_EXP":255.81,"POSTME_VA":197.11,"POSTME_EXP":9.69,"HOTYRE_VA":5827.09,"HOTYRE_EXP":878.6,"MMTVRA_VA":887.95,"MMTVRA_EXP":55.96,"TELECO_VA":2461.35,"TELECO_EXP":80.53,"ITSERV_VA":439.78,"ITSERV_EXP":0.85,"SERFIN_VA":7065.67,"SERFIN_EXP":193.07,"GOBEST_VA":6634.55,"GOBEST_EXP":93.48,"SPRSCT_VA":5340.41,"SPRSCT_EXP":164.51,"SEAEMP_VA":3869.12,"SEAEMP_EXP":157.0,"ADPDEF_VA":7822.71,"ADPDEF_EXP":87.98,"EDUCAC_VA":6805.99,"EDUCAC_EXP":70.88,"SALUDH_VA":3650.0,"SALUDH_EXP":43.91,"ESPARC_VA":1093.98,"ESPARC_EXP":275.31,"OTRSER_VA":1757.12,"OTRSER_EXP":65.96,"SERHOG_VA":3786.9,"SERHOG_EXP":0.0}},{"type":"Feature","geometry":{"type":"Point","coordinates":[121.77,12.88]},"properties":{"id":"PHL","name":"Filipinas","continent":"asia","year":2011,"AGRPFO_VA":23545.89,"AGRPFO_EXP":1091.6,"FORLOG_VA":2465.26,"FORLOG_EXP":15.86,"PESCAC_VA":5147.66,"PESCAC_EXP":221.73,"MINCOL_VA":222.87,"MINCOL_EXP":134.89,"PETGAS_VA":1036.76,"PETGAS_EXP":470.22,"MINORE_VA":1631.58,"MINORE_EXP":2094.99,"MINOTH_VA":426.15,"MINOTH_EXP":28.25,"MINSER_VA":77.91,"MINSER_EXP":166.4,"ALYBEB_VA":23190.85,"ALYBEB_EXP":4921.51,"TEXYPR_VA":2688.67,"TEXYPR_EXP":1440.82,"MADYPR_VA":441.53,"MADYPR_EXP":712.15,"PAPYPR_VA":516.93,"PAPYPR_EXP":528.34,"PETREF_VA":3367.74,"PETREF_EXP":1110.8,"QUIMYP_VA":3340.23,"QUIMYP_EXP":978.85,"FARMED_VA":660.97,"FARMED_EXP":92.68,"HUPLAS_VA":629.54,"HUPLAS_EXP":620.13,"PRNOMT_VA":1086.95,"PRNOMT_EXP":366.0,"METBAS_VA":412.94,"METBAS_EXP":290.89,"NONFER_VA":179.76,"NONFER_EXP":1036.83,"PRMETA_VA":406.27,"PRMETA_EXP":316.91,"ELCTRO_VA":6625.75,"ELCTRO_EXP":13775.27,"ELCTRI_VA":782.6,"ELCTRI_EXP":1510.69,"MAQYEQ_VA":695.41,"MAQYEQ_EXP":1001.18,"AUTOMO_VA":507.58,"AUTOMO_EXP":848.9,"OTRTRA_VA":125.66,"OTRTRA_EXP":408.38,"TRANSP_VA":356.01,"TRANSP_EXP":1135.14,"OTRMAN_VA":1391.4,"OTRMAN_EXP":1101.71,"ELEGAS_VA":6111.3,"ELEGAS_EXP":45.05,"AGUBAS_VA":1201.12,"AGUBAS_EXP":9.3,"CONSTR_VA":10899.66,"CONSTR_EXP":115.51,"COMREV_VA":37311.21,"COMREV_EXP":7261.31,"TRATIE_VA":4625.27,"TRATIE_EXP":1441.16,"TRAGUA_VA":652.46,"TRAGUA_EXP":989.45,"TRAAIR_VA":1227.65,"TRAAIR_EXP":893.71,"ALMSTR_VA":1465.09,"ALMSTR_EXP":224.76,"POSTME_VA":142.26,"POSTME_EXP":16.04,"HOTYRE_VA":3550.3,"HOTYRE_EXP":1600.57,"MMTVRA_VA":626.06,"MMTVRA_EXP":633.47,"TELECO_VA":7823.43,"TELECO_EXP":4248.09,"ITSERV_VA":1926.63,"ITSERV_EXP":2667.5,"SERFIN_VA":15045.71,"SERFIN_EXP":579.27,"GOBEST_VA":13322.69,"GOBEST_EXP":290.85,"SPRSCT_VA":3433.72,"SPRSCT_EXP":1337.76,"SEAEMP_VA":8845.82,"SEAEMP_EXP":5727.03,"ADPDEF_VA":8812.4,"ADPDEF_EXP":35.95,"EDUCAC_VA":8580.01,"EDUCAC_EXP":71.27,"SALUDH_VA":3081.18,"SALUDH_EXP":46.03,"ESPARC_VA":2712.02,"ESPARC_EXP":869.07,"OTRSER_VA":2262.82,"OTRSER_EXP":81.34,"SERHOG_VA":0.0,"SERHOG_EXP":0.0}},{"type":"Feature","geometry":{"type":"Point","coordinates":[19.15,51.92]},"properties":{"id":"POL","name":"Polonia","continent":"europe","year":2011,"AGRPFO_VA":14837.24,"AGRPFO_EXP":2519.27,"FORLOG_VA":2786.28,"FORLOG_EXP":272.07,"PESCAC_VA":84.03,"PESCAC_EXP":31.47,"MINCOL_VA":6775.74,"MINCOL_EXP":1265.43,"PETGAS_VA":196.24,"PETGAS_EXP":306.16,"MINORE_VA":4249.21,"MINORE_EXP":1884.63,"MINOTH_VA":1300.88,"MINOTH_EXP":144.16,"MINSER_VA":346.09,"MINSER_EXP":74.15,"ALYBEB_VA":14282.34,"ALYBEB_EXP":14035.22,"TEXYPR_VA":3244.63,"TEXYPR_EXP":4569.05,"MADYPR_VA":3574.1,"MADYPR_EXP":3222.29,"PAPYPR_VA":4252.15,"PAPYPR_EXP":4158.45,"PETREF_VA":7374.58,"PETREF_EXP":6936.56,"QUIMYP_VA":4949.63,"QUIMYP_EXP":9278.65,"FARMED_VA":1550.42,"FARMED_EXP":1785.47,"HUPLAS_VA":6367.32,"HUPLAS_EXP":9011.24,"PRNOMT_VA":5652.64,"PRNOMT_EXP":3060.57,"METBAS_VA":2342.57,"METBAS_EXP":4677.01,"NONFER_VA":746.68,"NONFER_EXP":2903.83,"PRMETA_VA":9851.53,"PRMETA_EXP":8299.51,"ELCTRO_VA":2454.57,"ELCTRO_EXP":8461.91,"ELCTRI_VA":3642.58,"ELCTRI_EXP":9744.82,"MAQYEQ_VA":4773.31,"MAQYEQ_EXP":7361.81,"AUTOMO_VA":7652.26,"AUTOMO_EXP":22659.13,"OTRTRA_VA":541.13,"OTRTRA_EXP":1068.99,"TRANSP_VA":1283.26,"TRANSP_EXP":1762.18,"OTRMAN_VA":9405.25,"OTRMAN_EXP":7728.4,"ELEGAS_VA":14923.42,"ELEGAS_EXP":582.48,"AGUBAS_VA":5618.09,"AGUBAS_EXP":207.16,"CONSTR_VA":45826.2,"CONSTR_EXP":1189.67,"COMREV_VA":83421.51,"COMREV_EXP":28759.97,"TRATIE_VA":20726.28,"TRATIE_EXP":9423.28,"TRAGUA_VA":451.35,"TRAGUA_EXP":330.21,"TRAAIR_VA":874.36,"TRAAIR_EXP":1645.69,"ALMSTR_VA":6414.36,"ALMSTR_EXP":3255.04,"POSTME_VA":2997.53,"POSTME_EXP":332.91,"HOTYRE_VA":5334.7,"HOTYRE_EXP":1850.5,"MMTVRA_VA":4704.18,"MMTVRA_EXP":1204.38,"TELECO_VA":6277.39,"TELECO_EXP":1083.2,"ITSERV_VA":5181.83,"ITSERV_EXP":3015.12,"SERFIN_VA":20857.67,"SERFIN_EXP":1938.05,"GOBEST_VA":27495.69,"GOBEST_EXP":2004.75,"SPRSCT_VA":21983.36,"SPRSCT_EXP":8664.63,"SEAEMP_VA":10360.29,"SEAEMP_EXP":1391.34,"ADPDEF_VA":27262.35,"ADPDEF_EXP":16.44,"EDUCAC_VA":23224.55,"EDUCAC_EXP":566.03,"SALUDH_VA":20724.79,"SALUDH_EXP":522.5,"ESPARC_VA":4016.83,"ESPARC_EXP":634.74,"OTRSER_VA":3999.68,"OTRSER_EXP":416.63,"SERHOG_VA":68.01,"SERHOG_EXP":0.0}},{"type":"Feature","geometry":{"type":"Point","coordinates":[-8.22,39.4]},"properties":{"id":"PRT","name":"Portugal","continent":"europe","year":2011,"AGRPFO_VA":3242.52,"AGRPFO_EXP":730.86,"FORLOG_VA":1112.84,"FORLOG_EXP":151.07,"PESCAC_VA":440.17,"PESCAC_EXP":212.94,"MINCOL_VA":0.0,"MINCOL_EXP":0.0,"PETGAS_VA":0.0,"PETGAS_EXP":0.0,"MINORE_VA":512.06,"MINORE_EXP":656.89,"MINOTH_VA":418.01,"MINOTH_EXP":138.03,"MINSER_VA":22.08,"MINSER_EXP":28.07,"ALYBEB_VA":5236.61,"ALYBEB_EXP":3953.21,"TEXYPR_VA":4901.51,"TEXYPR_EXP":5036.77,"MADYPR_VA":1300.91,"MADYPR_EXP":1403.58,"PAPYPR_VA":1989.13,"PAPYPR_EXP":2417.83,"PETREF_VA":607.74,"PETREF_EXP":3438.59,"QUIMYP_VA":1211.49,"QUIMYP_EXP":2847.85,"FARMED_VA":645.2,"FARMED_EXP":625.04,"HUPLAS_VA":1468.21,"HUPLAS_EXP":2476.05,"PRNOMT_VA":2139.14,"PRNOMT_EXP":1648.0,"METBAS_VA":395.64,"METBAS_EXP":1532.05,"NONFER_VA":138.61,"NONFER_EXP":946.92,"PRMETA_VA":2708.08,"PRMETA_EXP":2305.5,"ELCTRO_VA":687.52,"ELCTRO_EXP":2003.75,"ELCTRI_VA":907.5,"ELCTRI_EXP":2190.97,"MAQYEQ_VA":961.62,"MAQYEQ_EXP":1755.62,"AUTOMO_VA":2093.92,"AUTOMO_EXP":6963.09,"OTRTRA_VA":42.66,"OTRTRA_EXP":79.29,"TRANSP_VA":109.54,"TRANSP_EXP":223.58,"OTRMAN_VA":2457.97,"OTRMAN_EXP":1782.77,"ELEGAS_VA":4474.43,"ELEGAS_EXP":146.89,"AGUBAS_VA":2575.85,"AGUBAS_EXP":29.05,"CONSTR_VA":12721.56,"CONSTR_EXP":103.51,"COMREV_VA":31360.62,"COMREV_EXP":9693.03,"TRATIE_VA":5036.84,"TRATIE_EXP":2829.87,"TRAGUA_VA":170.9,"TRAGUA_EXP":441.48,"TRAAIR_VA":1197.43,"TRAAIR_EXP":4317.21,"ALMSTR_VA":3973.22,"ALMSTR_EXP":1441.59,"POSTME_VA":709.39,"POSTME_EXP":242.7,"HOTYRE_VA":10905.51,"HOTYRE_EXP":4469.97,"MMTVRA_VA":1525.38,"MMTVRA_EXP":521.92,"TELECO_VA":4269.78,"TELECO_EXP":940.08,"ITSERV_VA":2412.82,"ITSERV_EXP":554.24,"SERFIN_VA":15250.48,"SERFIN_EXP":940.79,"GOBEST_VA":23202.27,"GOBEST_EXP":513.67,"SPRSCT_VA":8306.72,"SPRSCT_EXP":2327.47,"SEAEMP_VA":7448.78,"SEAEMP_EXP":1426.66,"ADPDEF_VA":17720.79,"ADPDEF_EXP":247.42,"EDUCAC_VA":14260.34,"EDUCAC_EXP":297.71,"SALUDH_VA":13813.11,"SALUDH_EXP":168.95,"ESPARC_VA":1826.25,"ESPARC_EXP":496.67,"OTRSER_VA":2956.37,"OTRSER_EXP":193.46,"SERHOG_VA":1670.77,"SERHOG_EXP":0.0}},{"type":"Feature","geometry":{"type":"Point","coordinates":[24.97,45.94]},"properties":{"id":"ROU","name":"Rumania","continent":"europe","year":2011,"AGRPFO_VA":10619.76,"AGRPFO_EXP":2660.83,"FORLOG_VA":823.65,"FORLOG_EXP":172.5,"PESCAC_VA":83.47,"PESCAC_EXP":7.15,"MINCOL_VA":292.65,"MINCOL_EXP":2.44,"PETGAS_VA":312.4,"PETGAS_EXP":159.84,"MINORE_VA":25.87,"MINORE_EXP":70.46,"MINOTH_VA":63.9,"MINOTH_EXP":41.52,"MINSER_VA":1093.85,"MINSER_EXP":18.47,"ALYBEB_VA":12646.15,"ALYBEB_EXP":1556.52,"TEXYPR_VA":5886.29,"TEXYPR_EXP":3062.08,"MADYPR_VA":2257.92,"MADYPR_EXP":1383.78,"PAPYPR_VA":1221.86,"PAPYPR_EXP":266.76,"PETREF_VA":3895.1,"PETREF_EXP":1877.14,"QUIMYP_VA":900.88,"QUIMYP_EXP":2375.6,"FARMED_VA":501.67,"FARMED_EXP":476.49,"HUPLAS_VA":864.19,"HUPLAS_EXP":1637.17,"PRNOMT_VA":977.12,"PRNOMT_EXP":384.44,"METBAS_VA":1757.54,"METBAS_EXP":1554.0,"NONFER_VA":997.7,"NONFER_EXP":562.7,"PRMETA_VA":963.17,"PRMETA_EXP":177.19,"ELCTRO_VA":3210.35,"ELCTRO_EXP":3050.42,"ELCTRI_VA":3494.83,"ELCTRI_EXP":3436.69,"MAQYEQ_VA":1659.33,"MAQYEQ_EXP":3514.53,"AUTOMO_VA":6258.66,"AUTOMO_EXP":5181.11,"OTRTRA_VA":597.78,"OTRTRA_EXP":444.63,"TRANSP_VA":474.15,"TRANSP_EXP":517.84,"OTRMAN_VA":3177.54,"OTRMAN_EXP":1490.9,"ELEGAS_VA":10989.38,"ELEGAS_EXP":198.58,"AGUBAS_VA":2706.8,"AGUBAS_EXP":0.21,"CONSTR_VA":13508.11,"CONSTR_EXP":0.32,"COMREV_VA":9287.76,"COMREV_EXP":5409.78,"TRATIE_VA":5825.85,"TRATIE_EXP":4659.66,"TRAGUA_VA":676.58,"TRAGUA_EXP":224.27,"TRAAIR_VA":296.96,"TRAAIR_EXP":705.07,"ALMSTR_VA":1767.04,"ALMSTR_EXP":894.34,"POSTME_VA":562.82,"POSTME_EXP":129.3,"HOTYRE_VA":1917.01,"HOTYRE_EXP":107.82,"MMTVRA_VA":593.58,"MMTVRA_EXP":492.66,"TELECO_VA":3824.99,"TELECO_EXP":814.45,"ITSERV_VA":3357.25,"ITSERV_EXP":1159.26,"SERFIN_VA":4963.66,"SERFIN_EXP":611.15,"GOBEST_VA":15542.46,"GOBEST_EXP":18.34,"SPRSCT_VA":6638.94,"SPRSCT_EXP":1909.89,"SEAEMP_VA":3439.51,"SEAEMP_EXP":117.97,"ADPDEF_VA":7229.14,"ADPDEF_EXP":0.46,"EDUCAC_VA":6889.89,"EDUCAC_EXP":5.89,"SALUDH_VA":4848.7,"SALUDH_EXP":5.03,"ESPARC_VA":3392.93,"ESPARC_EXP":644.31,"OTRSER_VA":2821.51,"OTRSER_EXP":6.13,"SERHOG_VA":1953.48,"SERHOG_EXP":0.0}},{"type":"Feature","geometry":{"type":"Point","coordinates":[105.32,61.52]},"properties":{"id":"RUS","name":"Rusia","continent":"europe","year":2011,"AGRPFO_VA":59879.68,"AGRPFO_EXP":8019.08,"FORLOG_VA":3728.41,"FORLOG_EXP":1946.15,"PESCAC_VA":3827.19,"PESCAC_EXP":1869.28,"MINCOL_VA":11919.3,"MINCOL_EXP":10003.33,"PETGAS_VA":131885.75,"PETGAS_EXP":70914.51,"MINORE_VA":10038.14,"MINORE_EXP":7323.18,"MINOTH_VA":7230.07,"MINOTH_EXP":5878.83,"MINSER_VA":10450.36,"MINSER_EXP":1447.04,"ALYBEB_VA":34324.59,"ALYBEB_EXP":11107.73,"TEXYPR_VA":4722.04,"TEXYPR_EXP":2335.27,"MADYPR_VA":4507.56,"MADYPR_EXP":6297.99,"PAPYPR_VA":6928.07,"PAPYPR_EXP":4515.58,"PETREF_VA":56652.48,"PETREF_EXP":75874.42,"QUIMYP_VA":16207.34,"QUIMYP_EXP":31661.59,"FARMED_VA":2572.89,"FARMED_EXP":760.42,"HUPLAS_VA":4897.9,"HUPLAS_EXP":3197.49,"PRNOMT_VA":11877.13,"PRNOMT_EXP":2355.68,"METBAS_VA":16967.8,"METBAS_EXP":30554.95,"NONFER_VA":23672.0,"NONFER_EXP":29988.57,"PRMETA_VA":8817.42,"PRMETA_EXP":2485.96,"ELCTRO_VA":9229.02,"ELCTRO_EXP":3696.85,"ELCTRI_VA":6471.9,"ELCTRI_EXP":3672.68,"MAQYEQ_VA":10748.76,"MAQYEQ_EXP":5992.48,"AUTOMO_VA":10871.94,"AUTOMO_EXP":3589.71,"OTRTRA_VA":5169.43,"OTRTRA_EXP":1558.22,"TRANSP_VA":12656.05,"TRANSP_EXP":1622.9,"OTRMAN_VA":10282.54,"OTRMAN_EXP":3755.26,"ELEGAS_VA":56310.29,"ELEGAS_EXP":1917.63,"AGUBAS_VA":9145.46,"AGUBAS_EXP":212.56,"CONSTR_VA":141970.2,"CONSTR_EXP":1320.81,"COMREV_VA":332740.56,"COMREV_EXP":107850.33,"TRATIE_VA":82979.72,"TRATIE_EXP":17454.24,"TRAGUA_VA":1780.94,"TRAGUA_EXP":949.92,"TRAAIR_VA":4395.22,"TRAAIR_EXP":5588.01,"ALMSTR_VA":22773.65,"ALMSTR_EXP":6153.37,"POSTME_VA":3168.16,"POSTME_EXP":248.99,"HOTYRE_VA":16972.32,"HOTYRE_EXP":3393.56,"MMTVRA_VA":7186.49,"MMTVRA_EXP":1188.73,"TELECO_VA":28663.35,"TELECO_EXP":2067.51,"ITSERV_VA":10680.95,"ITSERV_EXP":2190.15,"SERFIN_VA":67022.58,"SERFIN_EXP":2597.57,"GOBEST_VA":190310.62,"GOBEST_EXP":1262.21,"SPRSCT_VA":71713.53,"SPRSCT_EXP":14589.8,"SEAEMP_VA":31392.78,"SEAEMP_EXP":4602.25,"ADPDEF_VA":127625.28,"ADPDEF_EXP":252.13,"EDUCAC_VA":55565.65,"EDUCAC_EXP":209.52,"SALUDH_VA":54220.0,"SALUDH_EXP":167.86,"ESPARC_VA":13498.65,"ESPARC_EXP":488.1,"OTRSER_VA":7739.13,"OTRSER_EXP":313.09,"SERHOG_VA":11567.56,"SERHOG_EXP":0.0}},{"type":"Feature","geometry":{"type":"Point","coordinates":[45.08,23.89]},"properties":{"id":"SAU","name":"Arabia Saudita","continent":"other","year":2011,"AGRPFO_VA":15490.43,"AGRPFO_EXP":373.32,"FORLOG_VA":20.89,"FORLOG_EXP":0.26,"PESCAC_VA":625.0,"PESCAC_EXP":6.14,"MINCOL_VA":0.0,"MINCOL_EXP":0.0,"PETGAS_VA":278483.68,"PETGAS_EXP":287987.81,"MINORE_VA":689.29,"MINORE_EXP":28.04,"MINOTH_VA":1425.82,"MINOTH_EXP":101.17,"MINSER_VA":569.14,"MINSER_EXP":451.23,"ALYBEB_VA":10150.28,"ALYBEB_EXP":2648.59,"TEXYPR_VA":2543.33,"TEXYPR_EXP":424.11,"MADYPR_VA":713.9,"MADYPR_EXP":48.37,"PAPYPR_VA":2983.62,"PAPYPR_EXP":907.1,"PETREF_VA":14853.3,"PETREF_EXP":16787.69,"QUIMYP_VA":13965.18,"QUIMYP_EXP":20813.95,"FARMED_VA":411.64,"FARMED_EXP":244.42,"HUPLAS_VA":2201.46,"HUPLAS_EXP":661.55,"PRNOMT_VA":3776.15,"PRNOMT_EXP":426.23,"METBAS_VA":718.3,"METBAS_EXP":522.15,"NONFER_VA":545.6,"NONFER_EXP":1067.73,"PRMETA_VA":3473.23,"PRMETA_EXP":676.26,"ELCTRO_VA":95.25,"ELCTRO_EXP":10.58,"ELCTRI_VA":2158.72,"ELCTRI_EXP":520.92,"MAQYEQ_VA":1208.79,"MAQYEQ_EXP":214.51,"AUTOMO_VA":601.82,"AUTOMO_EXP":9.34,"OTRTRA_VA":31.66,"OTRTRA_EXP":41.98,"TRANSP_VA":51.58,"TRANSP_EXP":0.62,"OTRMAN_VA":2826.53,"OTRMAN_EXP":264.29,"ELEGAS_VA":5149.99,"ELEGAS_EXP":7.04,"AGUBAS_VA":1858.98,"AGUBAS_EXP":4.19,"CONSTR_VA":24962.08,"CONSTR_EXP":226.07,"COMREV_VA":49869.29,"COMREV_EXP":18548.33,"TRATIE_VA":6232.74,"TRATIE_EXP":3025.82,"TRAGUA_VA":527.01,"TRAGUA_EXP":436.0,"TRAAIR_VA":2140.19,"TRAAIR_EXP":1623.78,"ALMSTR_VA":5376.55,"ALMSTR_EXP":2140.16,"POSTME_VA":666.73,"POSTME_EXP":44.58,"HOTYRE_VA":10721.87,"HOTYRE_EXP":4059.22,"MMTVRA_VA":1263.77,"MMTVRA_EXP":117.0,"TELECO_VA":13683.08,"TELECO_EXP":461.46,"ITSERV_VA":3544.31,"ITSERV_EXP":26.9,"SERFIN_VA":21649.64,"SERFIN_EXP":202.76,"GOBEST_VA":16504.67,"GOBEST_EXP":515.45,"SPRSCT_VA":4185.81,"SPRSCT_EXP":156.0,"SEAEMP_VA":6379.39,"SEAEMP_EXP":161.77,"ADPDEF_VA":72078.54,"ADPDEF_EXP":22.66,"EDUCAC_VA":29239.53,"EDUCAC_EXP":213.31,"SALUDH_VA":19814.63,"SALUDH_EXP":140.45,"ESPARC_VA":1965.97,"ESPARC_EXP":345.01,"OTRSER_VA":3902.16,"OTRSER_EXP":162.06,"SERHOG_VA":5678.23,"SERHOG_EXP":0.0}},{"type":"Feature","geometry":{"type":"Point","coordinates":[-14.45,14.5]},"properties":{"id":"SEN","name":"Senegal","continent":"other","year":2011,"AGRPFO_VA":1914.38,"AGRPFO_EXP":127.96,"FORLOG_VA":103.13,"FORLOG_EXP":3.78,"PESCAC_VA":262.93,"PESCAC_EXP":93.33,"MINCOL_VA":13.06,"MINCOL_EXP":0.21,"PETGAS_VA":9.09,"PETGAS_EXP":0.25,"MINORE_VA":219.98,"MINORE_EXP":216.32,"MINOTH_VA":167.05,"MINOTH_EXP":93.29,"MINSER_VA":5.1,"MINSER_EXP":1.21,"ALYBEB_VA":1328.54,"ALYBEB_EXP":369.13,"TEXYPR_VA":436.66,"TEXYPR_EXP":91.19,"MADYPR_VA":93.61,"MADYPR_EXP":4.02,"PAPYPR_VA":108.07,"PAPYPR_EXP":12.74,"PETREF_VA":85.79,"PETREF_EXP":404.5,"QUIMYP_VA":170.54,"QUIMYP_EXP":146.76,"FARMED_VA":30.17,"FARMED_EXP":7.86,"HUPLAS_VA":91.0,"HUPLAS_EXP":9.1,"PRNOMT_VA":207.51,"PRNOMT_EXP":138.12,"METBAS_VA":117.7,"METBAS_EXP":29.33,"NONFER_VA":3.32,"NONFER_EXP":25.34,"PRMETA_VA":141.52,"PRMETA_EXP":3.85,"ELCTRO_VA":0.44,"ELCTRO_EXP":0.09,"ELCTRI_VA":31.72,"ELCTRI_EXP":10.4,"MAQYEQ_VA":3.91,"MAQYEQ_EXP":3.83,"AUTOMO_VA":1.74,"AUTOMO_EXP":0.31,"OTRTRA_VA":19.3,"OTRTRA_EXP":3.04,"TRANSP_VA":48.55,"TRANSP_EXP":1.15,"OTRMAN_VA":126.86,"OTRMAN_EXP":10.53,"ELEGAS_VA":160.05,"ELEGAS_EXP":7.58,"AGUBAS_VA":132.14,"AGUBAS_EXP":0.19,"CONSTR_VA":473.43,"CONSTR_EXP":1.61,"COMREV_VA":2308.76,"COMREV_EXP":254.76,"TRATIE_VA":471.76,"TRATIE_EXP":74.37,"TRAGUA_VA":8.76,"TRAGUA_EXP":7.15,"TRAAIR_VA":29.65,"TRAAIR_EXP":51.41,"ALMSTR_VA":213.47,"ALMSTR_EXP":80.37,"POSTME_VA":13.51,"POSTME_EXP":1.0,"HOTYRE_VA":227.5,"HOTYRE_EXP":156.88,"MMTVRA_VA":87.45,"MMTVRA_EXP":23.99,"TELECO_VA":786.75,"TELECO_EXP":228.14,"ITSERV_VA":76.45,"ITSERV_EXP":19.42,"SERFIN_VA":365.34,"SERFIN_EXP":38.14,"GOBEST_VA":1751.66,"GOBEST_EXP":34.72,"SPRSCT_VA":759.64,"SPRSCT_EXP":205.93,"SEAEMP_VA":435.99,"SEAEMP_EXP":46.48,"ADPDEF_VA":893.53,"ADPDEF_EXP":2.23,"EDUCAC_VA":877.2,"EDUCAC_EXP":10.02,"SALUDH_VA":311.25,"SALUDH_EXP":6.48,"ESPARC_VA":58.82,"ESPARC_EXP":15.04,"OTRSER_VA":204.4,"OTRSER_EXP":8.73,"SERHOG_VA":96.62,"SERHOG_EXP":0.0}},{"type":"Feature","geometry":{"type":"Point","coordinates":[103.82,1.35]},"properties":{"id":"SGP","name":"Singapur","continent":"asia","year":2011,"AGRPFO_VA":60.74,"AGRPFO_EXP":29.49,"FORLOG_VA":0.0,"FORLOG_EXP":0.0,"PESCAC_VA":45.36,"PESCAC_EXP":7.48,"MINCOL_VA":0.0,"MINCOL_EXP":0.0,"PETGAS_VA":0.0,"PETGAS_EXP":0.0,"MINORE_VA":0.0,"MINORE_EXP":0.0,"MINOTH_VA":0.0,"MINOTH_EXP":0.0,"MINSER_VA":0.0,"MINSER_EXP":0.0,"ALYBEB_VA":2746.95,"ALYBEB_EXP":4181.13,"TEXYPR_VA":211.39,"TEXYPR_EXP":441.1,"MADYPR_VA":80.0,"MADYPR_EXP":87.59,"PAPYPR_VA":1282.38,"PAPYPR_EXP":1825.84,"PETREF_VA":498.88,"PETREF_EXP":25663.16,"QUIMYP_VA":4593.19,"QUIMYP_EXP":29833.76,"FARMED_VA":8704.45,"FARMED_EXP":6308.07,"HUPLAS_VA":616.6,"HUPLAS_EXP":1244.95,"PRNOMT_VA":523.9,"PRNOMT_EXP":522.62,"METBAS_VA":195.29,"METBAS_EXP":808.86,"NONFER_VA":836.9,"NONFER_EXP":139.52,"PRMETA_VA":1526.36,"PRMETA_EXP":2329.34,"ELCTRO_VA":16028.46,"ELCTRO_EXP":53530.8,"ELCTRI_VA":506.25,"ELCTRI_EXP":1529.33,"MAQYEQ_VA":6090.52,"MAQYEQ_EXP":14889.1,"AUTOMO_VA":204.82,"AUTOMO_EXP":347.81,"OTRTRA_VA":2266.79,"OTRTRA_EXP":4989.35,"TRANSP_VA":3013.29,"TRANSP_EXP":4288.71,"OTRMAN_VA":2142.74,"OTRMAN_EXP":3365.78,"ELEGAS_VA":3832.7,"ELEGAS_EXP":53.79,"AGUBAS_VA":1563.92,"AGUBAS_EXP":26.63,"CONSTR_VA":12433.35,"CONSTR_EXP":383.39,"COMREV_VA":52176.13,"COMREV_EXP":40976.68,"TRATIE_VA":2939.24,"TRATIE_EXP":1702.18,"TRAGUA_VA":4924.94,"TRAGUA_EXP":33053.73,"TRAAIR_VA":3034.38,"TRAAIR_EXP":7346.11,"ALMSTR_VA":6335.51,"ALMSTR_EXP":2511.61,"POSTME_VA":471.1,"POSTME_EXP":789.76,"HOTYRE_VA":5756.33,"HOTYRE_EXP":4995.37,"MMTVRA_VA":2328.43,"MMTVRA_EXP":7311.61,"TELECO_VA":3727.47,"TELECO_EXP":2690.82,"ITSERV_VA":3794.81,"ITSERV_EXP":3530.35,"SERFIN_VA":26783.07,"SERFIN_EXP":32458.15,"GOBEST_VA":23022.83,"GOBEST_EXP":1762.3,"SPRSCT_VA":22004.57,"SPRSCT_EXP":14934.34,"SEAEMP_VA":17886.15,"SEAEMP_EXP":5307.65,"ADPDEF_VA":6627.65,"ADPDEF_EXP":232.11,"EDUCAC_VA":8012.4,"EDUCAC_EXP":1399.62,"SALUDH_VA":7144.96,"SALUDH_EXP":945.62,"ESPARC_VA":1760.65,"ESPARC_EXP":723.89,"OTRSER_VA":1795.36,"OTRSER_EXP":437.72,"SERHOG_VA":1628.15,"SERHOG_EXP":0.0}},{"type":"Feature","geometry":{"type":"Point","coordinates":[6.61,0.19]},"properties":{"id":"STP","name":"S. Tomé y Príncipe","continent":"other","year":2011,"AGRPFO_VA":12.56,"AGRPFO_EXP":8.02,"FORLOG_VA":0.07,"FORLOG_EXP":0.01,"PESCAC_VA":17.28,"PESCAC_EXP":0.1,"MINCOL_VA":0.02,"MINCOL_EXP":0.0,"PETGAS_VA":0.3,"PETGAS_EXP":0.03,"MINORE_VA":0.01,"MINORE_EXP":0.0,"MINOTH_VA":0.16,"MINOTH_EXP":0.02,"MINSER_VA":0.1,"MINSER_EXP":0.01,"ALYBEB_VA":5.3,"ALYBEB_EXP":0.57,"TEXYPR_VA":0.02,"TEXYPR_EXP":0.08,"MADYPR_VA":0.01,"MADYPR_EXP":0.0,"PAPYPR_VA":0.02,"PAPYPR_EXP":0.0,"PETREF_VA":0.07,"PETREF_EXP":0.05,"QUIMYP_VA":0.04,"QUIMYP_EXP":0.01,"FARMED_VA":0.03,"FARMED_EXP":0.01,"HUPLAS_VA":0.03,"HUPLAS_EXP":0.0,"PRNOMT_VA":0.1,"PRNOMT_EXP":0.01,"METBAS_VA":0.0,"METBAS_EXP":0.0,"NONFER_VA":0.0,"NONFER_EXP":0.0,"PRMETA_VA":0.02,"PRMETA_EXP":0.0,"ELCTRO_VA":0.01,"ELCTRO_EXP":0.02,"ELCTRI_VA":0.0,"ELCTRI_EXP":0.0,"MAQYEQ_VA":0.01,"MAQYEQ_EXP":0.0,"AUTOMO_VA":0.01,"AUTOMO_EXP":0.0,"OTRTRA_VA":0.0,"OTRTRA_EXP":0.0,"TRANSP_VA":0.0,"TRANSP_EXP":0.0,"OTRMAN_VA":0.04,"OTRMAN_EXP":0.03,"ELEGAS_VA":2.97,"ELEGAS_EXP":0.07,"AGUBAS_VA":2.53,"AGUBAS_EXP":0.09,"CONSTR_VA":7.64,"CONSTR_EXP":0.16,"COMREV_VA":38.63,"COMREV_EXP":3.32,"TRATIE_VA":13.65,"TRATIE_EXP":1.35,"TRAGUA_VA":0.3,"TRAGUA_EXP":0.23,"TRAAIR_VA":1.59,"TRAAIR_EXP":0.89,"ALMSTR_VA":9.58,"ALMSTR_EXP":0.32,"POSTME_VA":2.88,"POSTME_EXP":0.07,"HOTYRE_VA":24.1,"HOTYRE_EXP":5.63,"MMTVRA_VA":2.11,"MMTVRA_EXP":0.41,"TELECO_VA":3.71,"TELECO_EXP":1.18,"ITSERV_VA":3.6,"ITSERV_EXP":1.6,"SERFIN_VA":22.34,"SERFIN_EXP":2.2,"GOBEST_VA":1.03,"GOBEST_EXP":0.16,"SPRSCT_VA":0.83,"SPRSCT_EXP":0.26,"SEAEMP_VA":0.9,"SEAEMP_EXP":0.23,"ADPDEF_VA":23.36,"ADPDEF_EXP":0.13,"EDUCAC_VA":8.19,"EDUCAC_EXP":0.33,"SALUDH_VA":5.32,"SALUDH_EXP":0.26,"ESPARC_VA":4.36,"ESPARC_EXP":0.64,"OTRSER_VA":5.97,"OTRSER_EXP":0.37,"SERHOG_VA":3.89,"SERHOG_EXP":0.0}},{"type":"Feature","geometry":{"type":"Point","coordinates":[19.7,48.67]},"properties":{"id":"SVK","name":"Eslovaquia","continent":"europe","year":2011,"AGRPFO_VA":1225.62,"AGRPFO_EXP":1201.61,"FORLOG_VA":664.11,"FORLOG_EXP":191.54,"PESCAC_VA":3.28,"PESCAC_EXP":5.02,"MINCOL_VA":44.6,"MINCOL_EXP":48.9,"PETGAS_VA":0.52,"PETGAS_EXP":0.09,"MINORE_VA":9.36,"MINORE_EXP":23.37,"MINOTH_VA":50.08,"MINOTH_EXP":68.98,"MINSER_VA":152.54,"MINSER_EXP":19.69,"ALYBEB_VA":1456.52,"ALYBEB_EXP":1791.26,"TEXYPR_VA":856.51,"TEXYPR_EXP":1305.19,"MADYPR_VA":589.87,"MADYPR_EXP":608.84,"PAPYPR_VA":679.57,"PAPYPR_EXP":1259.63,"PETREF_VA":1173.02,"PETREF_EXP":3229.56,"QUIMYP_VA":588.7,"QUIMYP_EXP":2755.48,"FARMED_VA":209.55,"FARMED_EXP":413.7,"HUPLAS_VA":1226.6,"HUPLAS_EXP":3058.15,"PRNOMT_VA":901.22,"PRNOMT_EXP":979.1,"METBAS_VA":1086.69,"METBAS_EXP":3088.95,"NONFER_VA":374.74,"NONFER_EXP":906.75,"PRMETA_VA":2344.39,"PRMETA_EXP":3015.56,"ELCTRO_VA":1107.95,"ELCTRO_EXP":7241.69,"ELCTRI_VA":1317.98,"ELCTRI_EXP":3244.04,"MAQYEQ_VA":1523.44,"MAQYEQ_EXP":3471.97,"AUTOMO_VA":3271.15,"AUTOMO_EXP":18289.36,"OTRTRA_VA":5.59,"OTRTRA_EXP":0.43,"TRANSP_VA":146.14,"TRANSP_EXP":70.56,"OTRMAN_VA":1379.0,"OTRMAN_EXP":1334.58,"ELEGAS_VA":4456.83,"ELEGAS_EXP":161.12,"AGUBAS_VA":970.79,"AGUBAS_EXP":60.31,"CONSTR_VA":7895.86,"CONSTR_EXP":265.86,"COMREV_VA":13619.03,"COMREV_EXP":6706.76,"TRATIE_VA":2123.05,"TRATIE_EXP":1855.74,"TRAGUA_VA":92.54,"TRAGUA_EXP":43.17,"TRAAIR_VA":65.83,"TRAAIR_EXP":101.47,"ALMSTR_VA":2309.2,"ALMSTR_EXP":1163.21,"POSTME_VA":339.11,"POSTME_EXP":80.5,"HOTYRE_VA":1142.3,"HOTYRE_EXP":736.13,"MMTVRA_VA":631.9,"MMTVRA_EXP":174.4,"TELECO_VA":1619.78,"TELECO_EXP":148.16,"ITSERV_VA":2345.3,"ITSERV_EXP":730.11,"SERFIN_VA":3187.91,"SERFIN_EXP":155.36,"GOBEST_VA":8770.34,"GOBEST_EXP":180.55,"SPRSCT_VA":5253.51,"SPRSCT_EXP":1236.61,"SEAEMP_VA":2805.1,"SEAEMP_EXP":641.96,"ADPDEF_VA":6472.91,"ADPDEF_EXP":41.77,"EDUCAC_VA":3109.3,"EDUCAC_EXP":106.46,"SALUDH_VA":2936.31,"SALUDH_EXP":103.49,"ESPARC_VA":2180.28,"ESPARC_EXP":268.82,"OTRSER_VA":988.24,"OTRSER_EXP":95.33,"SERHOG_VA":43.45,"SERHOG_EXP":0.0}},{"type":"Feature","geometry":{"type":"Point","coordinates":[14.99,46.15]},"properties":{"id":"SVN","name":"Eslovenia","continent":"europe","year":2011,"AGRPFO_VA":821.61,"AGRPFO_EXP":375.65,"FORLOG_VA":327.24,"FORLOG_EXP":135.62,"PESCAC_VA":7.28,"PESCAC_EXP":3.02,"MINCOL_VA":148.39,"MINCOL_EXP":1.89,"PETGAS_VA":0.0,"PETGAS_EXP":0.0,"MINORE_VA":5.68,"MINORE_EXP":3.95,"MINOTH_VA":77.4,"MINOTH_EXP":23.54,"MINSER_VA":2.72,"MINSER_EXP":0.24,"ALYBEB_VA":703.58,"ALYBEB_EXP":630.34,"TEXYPR_VA":392.97,"TEXYPR_EXP":650.31,"MADYPR_VA":326.85,"MADYPR_EXP":579.93,"PAPYPR_VA":446.98,"PAPYPR_EXP":721.79,"PETREF_VA":0.95,"PETREF_EXP":0.09,"QUIMYP_VA":537.73,"QUIMYP_EXP":1388.39,"FARMED_VA":1180.56,"FARMED_EXP":1757.37,"HUPLAS_VA":686.47,"HUPLAS_EXP":1504.16,"PRNOMT_VA":358.63,"PRNOMT_EXP":542.76,"METBAS_VA":308.67,"METBAS_EXP":799.83,"NONFER_VA":157.72,"NONFER_EXP":655.96,"PRMETA_VA":1309.02,"PRMETA_EXP":1934.99,"ELCTRO_VA":339.28,"ELCTRO_EXP":709.23,"ELCTRI_VA":924.39,"ELCTRI_EXP":2385.92,"MAQYEQ_VA":671.81,"MAQYEQ_EXP":1476.67,"AUTOMO_VA":907.29,"AUTOMO_EXP":3087.36,"OTRTRA_VA":6.88,"OTRTRA_EXP":38.75,"TRANSP_VA":22.75,"TRANSP_EXP":53.05,"OTRMAN_VA":703.49,"OTRMAN_EXP":925.5,"ELEGAS_VA":1099.39,"ELEGAS_EXP":957.95,"AGUBAS_VA":500.27,"AGUBAS_EXP":80.39,"CONSTR_VA":2777.84,"CONSTR_EXP":140.52,"COMREV_VA":5621.44,"COMREV_EXP":3117.45,"TRATIE_VA":1814.44,"TRATIE_EXP":1401.82,"TRAGUA_VA":64.82,"TRAGUA_EXP":118.38,"TRAAIR_VA":52.11,"TRAAIR_EXP":226.09,"ALMSTR_VA":896.01,"ALMSTR_EXP":624.56,"POSTME_VA":303.24,"POSTME_EXP":28.92,"HOTYRE_VA":1067.18,"HOTYRE_EXP":1090.36,"MMTVRA_VA":367.49,"MMTVRA_EXP":205.1,"TELECO_VA":777.47,"TELECO_EXP":353.08,"ITSERV_VA":728.5,"ITSERV_EXP":122.82,"SERFIN_VA":2336.73,"SERFIN_EXP":344.13,"GOBEST_VA":3502.72,"GOBEST_EXP":177.71,"SPRSCT_VA":3115.16,"SPRSCT_EXP":755.31,"SEAEMP_VA":1208.77,"SEAEMP_EXP":516.06,"ADPDEF_VA":2987.96,"ADPDEF_EXP":23.93,"EDUCAC_VA":2750.32,"EDUCAC_EXP":83.01,"SALUDH_VA":2439.29,"SALUDH_EXP":54.28,"ESPARC_VA":721.63,"ESPARC_EXP":109.97,"OTRSER_VA":532.2,"OTRSER_EXP":59.09,"SERHOG_VA":37.53,"SERHOG_EXP":0.0}},{"type":"Feature","geometry":{"type":"Point","coordinates":[18.64,60.13]},"properties":{"id":"SWE","name":"Suecia","continent":"europe","year":2011,"AGRPFO_VA":4649.54,"AGRPFO_EXP":852.24,"FORLOG_VA":4598.58,"FORLOG_EXP":178.43,"PESCAC_VA":190.1,"PESCAC_EXP":329.01,"MINCOL_VA":105.39,"MINCOL_EXP":5.37,"PETGAS_VA":24.69,"PETGAS_EXP":1.15,"MINORE_VA":4074.1,"MINORE_EXP":4464.02,"MINOTH_VA":495.51,"MINOTH_EXP":131.78,"MINSER_VA":143.66,"MINSER_EXP":227.86,"ALYBEB_VA":6903.89,"ALYBEB_EXP":4020.65,"TEXYPR_VA":698.57,"TEXYPR_EXP":828.43,"MADYPR_VA":2942.42,"MADYPR_EXP":3769.3,"PAPYPR_VA":7715.34,"PAPYPR_EXP":12624.47,"PETREF_VA":2737.37,"PETREF_EXP":9694.56,"QUIMYP_VA":4939.48,"QUIMYP_EXP":6573.61,"FARMED_VA":8445.73,"FARMED_EXP":6933.34,"HUPLAS_VA":2634.78,"HUPLAS_EXP":3732.37,"PRNOMT_VA":2709.6,"PRNOMT_EXP":1301.89,"METBAS_VA":3412.87,"METBAS_EXP":8545.53,"NONFER_VA":1194.38,"NONFER_EXP":3713.75,"PRMETA_VA":7873.83,"PRMETA_EXP":5398.36,"ELCTRO_VA":3548.39,"ELCTRO_EXP":6841.13,"ELCTRI_VA":3601.83,"ELCTRI_EXP":6152.37,"MAQYEQ_VA":13026.45,"MAQYEQ_EXP":21928.96,"AUTOMO_VA":12006.97,"AUTOMO_EXP":20575.26,"OTRTRA_VA":296.82,"OTRTRA_EXP":379.28,"TRANSP_VA":1975.6,"TRANSP_EXP":1329.13,"OTRMAN_VA":5571.53,"OTRMAN_EXP":4937.65,"ELEGAS_VA":15461.54,"ELEGAS_EXP":1710.94,"AGUBAS_VA":3102.08,"AGUBAS_EXP":31.34,"CONSTR_VA":30375.57,"CONSTR_EXP":587.82,"COMREV_VA":60598.28,"COMREV_EXP":25684.81,"TRATIE_VA":14468.14,"TRATIE_EXP":3902.85,"TRAGUA_VA":1101.29,"TRAGUA_EXP":1702.0,"TRAAIR_VA":1346.35,"TRAAIR_EXP":2321.31,"ALMSTR_VA":9396.02,"ALMSTR_EXP":9140.62,"POSTME_VA":4476.67,"POSTME_EXP":510.32,"HOTYRE_VA":8092.65,"HOTYRE_EXP":3335.95,"MMTVRA_VA":6793.74,"MMTVRA_EXP":3644.03,"TELECO_VA":7676.3,"TELECO_EXP":2037.8,"ITSERV_VA":20371.35,"ITSERV_EXP":8238.9,"SERFIN_VA":21799.89,"SERFIN_EXP":2714.54,"GOBEST_VA":47109.4,"GOBEST_EXP":744.76,"SPRSCT_VA":35912.34,"SPRSCT_EXP":13869.12,"SEAEMP_VA":17726.14,"SEAEMP_EXP":7630.13,"ADPDEF_VA":22686.26,"ADPDEF_EXP":316.19,"EDUCAC_VA":28620.96,"EDUCAC_EXP":355.2,"SALUDH_VA":54410.82,"SALUDH_EXP":418.81,"ESPARC_VA":7017.69,"ESPARC_EXP":602.45,"OTRSER_VA":8182.25,"OTRSER_EXP":284.56,"SERHOG_VA":178.49,"SERHOG_EXP":0.0}},{"type":"Feature","geometry":{"type":"Point","coordinates":[100.99,15.87]},"properties":{"id":"THA","name":"Tailandia","continent":"asia","year":2011,"AGRPFO_VA":32896.34,"AGRPFO_EXP":4505.6,"FORLOG_VA":267.69,"FORLOG_EXP":301.23,"PESCAC_VA":3086.45,"PESCAC_EXP":63.99,"MINCOL_VA":425.37,"MINCOL_EXP":11.8,"PETGAS_VA":9277.44,"PETGAS_EXP":996.33,"MINORE_VA":54.41,"MINORE_EXP":79.6,"MINOTH_VA":1365.67,"MINOTH_EXP":584.47,"MINSER_VA":1232.24,"MINSER_EXP":47.45,"ALYBEB_VA":22444.82,"ALYBEB_EXP":23653.78,"TEXYPR_VA":7559.68,"TEXYPR_EXP":9312.62,"MADYPR_VA":1045.62,"MADYPR_EXP":1498.04,"PAPYPR_VA":1898.22,"PAPYPR_EXP":1817.98,"PETREF_VA":5475.66,"PETREF_EXP":8101.71,"QUIMYP_VA":8070.97,"QUIMYP_EXP":15960.63,"FARMED_VA":785.44,"FARMED_EXP":334.21,"HUPLAS_VA":7129.43,"HUPLAS_EXP":14026.35,"PRNOMT_VA":4167.68,"PRNOMT_EXP":2129.74,"METBAS_VA":1504.9,"METBAS_EXP":1569.06,"NONFER_VA":866.86,"NONFER_EXP":1822.38,"PRMETA_VA":2981.1,"PRMETA_EXP":5298.04,"ELCTRO_VA":11776.24,"ELCTRO_EXP":39757.53,"ELCTRI_VA":4132.1,"ELCTRI_EXP":9792.78,"MAQYEQ_VA":4272.87,"MAQYEQ_EXP":10213.47,"AUTOMO_VA":7137.97,"AUTOMO_EXP":18747.77,"OTRTRA_VA":744.53,"OTRTRA_EXP":606.74,"TRANSP_VA":977.25,"TRANSP_EXP":2439.55,"OTRMAN_VA":5585.74,"OTRMAN_EXP":12986.01,"ELEGAS_VA":7462.49,"ELEGAS_EXP":204.6,"AGUBAS_VA":1105.82,"AGUBAS_EXP":0.35,"CONSTR_VA":9144.93,"CONSTR_EXP":0.54,"COMREV_VA":66668.65,"COMREV_EXP":24869.78,"TRATIE_VA":7948.37,"TRATIE_EXP":7030.36,"TRAGUA_VA":3228.94,"TRAGUA_EXP":5334.72,"TRAAIR_VA":3236.39,"TRAAIR_EXP":4833.6,"ALMSTR_VA":2849.98,"ALMSTR_EXP":585.93,"POSTME_VA":626.76,"POSTME_EXP":382.1,"HOTYRE_VA":10481.08,"HOTYRE_EXP":5629.75,"MMTVRA_VA":1253.28,"MMTVRA_EXP":179.47,"TELECO_VA":4057.44,"TELECO_EXP":2261.47,"ITSERV_VA":1542.28,"ITSERV_EXP":376.17,"SERFIN_VA":17847.31,"SERFIN_EXP":941.27,"GOBEST_VA":9878.1,"GOBEST_EXP":2197.73,"SPRSCT_VA":5985.26,"SPRSCT_EXP":848.59,"SEAEMP_VA":5320.76,"SEAEMP_EXP":2898.75,"ADPDEF_VA":18929.05,"ADPDEF_EXP":0.62,"EDUCAC_VA":12698.34,"EDUCAC_EXP":2.56,"SALUDH_VA":7510.8,"SALUDH_EXP":832.82,"ESPARC_VA":1421.94,"ESPARC_EXP":261.48,"OTRSER_VA":3996.83,"OTRSER_EXP":1839.05,"SERHOG_VA":563.6,"SERHOG_EXP":0.0}},{"type":"Feature","geometry":{"type":"Point","coordinates":[9.54,33.89]},"properties":{"id":"TUN","name":"Túnez","continent":"other","year":2011,"AGRPFO_VA":2935.22,"AGRPFO_EXP":422.66,"FORLOG_VA":399.58,"FORLOG_EXP":3.36,"PESCAC_VA":579.51,"PESCAC_EXP":67.81,"MINCOL_VA":517.43,"MINCOL_EXP":0.11,"PETGAS_VA":1752.58,"PETGAS_EXP":2315.67,"MINORE_VA":5.75,"MINORE_EXP":0.25,"MINOTH_VA":225.54,"MINOTH_EXP":73.76,"MINSER_VA":132.57,"MINSER_EXP":2.26,"ALYBEB_VA":1475.11,"ALYBEB_EXP":1472.14,"TEXYPR_VA":1817.07,"TEXYPR_EXP":3263.27,"MADYPR_VA":180.98,"MADYPR_EXP":29.3,"PAPYPR_VA":227.08,"PAPYPR_EXP":184.92,"PETREF_VA":160.29,"PETREF_EXP":327.49,"QUIMYP_VA":381.02,"QUIMYP_EXP":1175.04,"FARMED_VA":247.64,"FARMED_EXP":54.41,"HUPLAS_VA":127.11,"HUPLAS_EXP":276.34,"PRNOMT_VA":621.72,"PRNOMT_EXP":165.59,"METBAS_VA":101.71,"METBAS_EXP":311.1,"NONFER_VA":72.15,"NONFER_EXP":211.03,"PRMETA_VA":601.15,"PRMETA_EXP":502.74,"ELCTRO_VA":366.95,"ELCTRO_EXP":980.87,"ELCTRI_VA":783.7,"ELCTRI_EXP":1916.05,"MAQYEQ_VA":459.53,"MAQYEQ_EXP":292.74,"AUTOMO_VA":442.27,"AUTOMO_EXP":613.39,"OTRTRA_VA":23.4,"OTRTRA_EXP":55.95,"TRANSP_VA":60.14,"TRANSP_EXP":140.12,"OTRMAN_VA":312.51,"OTRMAN_EXP":238.04,"ELEGAS_VA":453.11,"ELEGAS_EXP":4.75,"AGUBAS_VA":179.81,"AGUBAS_EXP":0.15,"CONSTR_VA":2808.41,"CONSTR_EXP":34.34,"COMREV_VA":3771.23,"COMREV_EXP":1501.44,"TRATIE_VA":1871.27,"TRATIE_EXP":750.05,"TRAGUA_VA":132.12,"TRAGUA_EXP":207.44,"TRAAIR_VA":186.73,"TRAAIR_EXP":412.74,"ALMSTR_VA":1040.79,"ALMSTR_EXP":442.85,"POSTME_VA":432.21,"POSTME_EXP":84.36,"HOTYRE_VA":1966.66,"HOTYRE_EXP":662.73,"MMTVRA_VA":198.32,"MMTVRA_EXP":57.02,"TELECO_VA":1481.62,"TELECO_EXP":428.87,"ITSERV_VA":599.52,"ITSERV_EXP":131.22,"SERFIN_VA":1618.82,"SERFIN_EXP":216.89,"GOBEST_VA":1970.24,"GOBEST_EXP":109.64,"SPRSCT_VA":1417.47,"SPRSCT_EXP":398.54,"SEAEMP_VA":1051.39,"SEAEMP_EXP":161.91,"ADPDEF_VA":4392.49,"ADPDEF_EXP":0.18,"EDUCAC_VA":2934.4,"EDUCAC_EXP":33.85,"SALUDH_VA":100.89,"SALUDH_EXP":25.03,"ESPARC_VA":58.28,"ESPARC_EXP":62.26,"OTRSER_VA":119.21,"OTRSER_EXP":34.33,"SERHOG_VA":149.48,"SERHOG_EXP":0.0}},{"type":"Feature","geometry":{"type":"Point","coordinates":[35.24,38.96]},"properties":{"id":"TUR","name":"Turquía","continent":"europe","year":2011,"AGRPFO_VA":68479.54,"AGRPFO_EXP":6362.15,"FORLOG_VA":1931.92,"FORLOG_EXP":6.57,"PESCAC_VA":1506.94,"PESCAC_EXP":32.63,"MINCOL_VA":2457.64,"MINCOL_EXP":3.73,"PETGAS_VA":1355.38,"PETGAS_EXP":185.03,"MINORE_VA":3674.67,"MINORE_EXP":2499.19,"MINOTH_VA":2179.14,"MINOTH_EXP":586.01,"MINSER_VA":422.47,"MINSER_EXP":3.06,"ALYBEB_VA":20757.01,"ALYBEB_EXP":7809.3,"TEXYPR_VA":28340.83,"TEXYPR_EXP":21035.97,"MADYPR_VA":2325.26,"MADYPR_EXP":562.04,"PAPYPR_VA":5251.68,"PAPYPR_EXP":1358.18,"PETREF_VA":2770.76,"PETREF_EXP":5295.65,"QUIMYP_VA":7940.67,"QUIMYP_EXP":4804.1,"FARMED_VA":2133.05,"FARMED_EXP":610.54,"HUPLAS_VA":7684.81,"HUPLAS_EXP":4842.82,"PRNOMT_VA":11850.53,"PRNOMT_EXP":2957.67,"METBAS_VA":7089.24,"METBAS_EXP":10496.2,"NONFER_VA":2055.52,"NONFER_EXP":4186.06,"PRMETA_VA":10749.82,"PRMETA_EXP":5319.38,"ELCTRO_VA":1743.3,"ELCTRO_EXP":2032.41,"ELCTRI_VA":5512.85,"ELCTRI_EXP":7644.83,"MAQYEQ_VA":6808.27,"MAQYEQ_EXP":6582.15,"AUTOMO_VA":7842.78,"AUTOMO_EXP":13688.12,"OTRTRA_VA":499.43,"OTRTRA_EXP":610.09,"TRANSP_VA":1262.55,"TRANSP_EXP":748.83,"OTRMAN_VA":11922.45,"OTRMAN_EXP":3118.99,"ELEGAS_VA":11699.36,"ELEGAS_EXP":148.44,"AGUBAS_VA":8123.58,"AGUBAS_EXP":14.92,"CONSTR_VA":65718.45,"CONSTR_EXP":764.34,"COMREV_VA":105222.33,"COMREV_EXP":21196.73,"TRATIE_VA":56926.3,"TRATIE_EXP":7961.65,"TRAGUA_VA":4561.9,"TRAGUA_EXP":2014.54,"TRAAIR_VA":2748.9,"TRAAIR_EXP":5507.05,"ALMSTR_VA":8892.15,"ALMSTR_EXP":1857.38,"POSTME_VA":2446.17,"POSTME_EXP":190.65,"HOTYRE_VA":22622.77,"HOTYRE_EXP":8857.38,"MMTVRA_VA":2909.15,"MMTVRA_EXP":317.09,"TELECO_VA":10377.31,"TELECO_EXP":924.67,"ITSERV_VA":6235.4,"ITSERV_EXP":152.37,"SERFIN_VA":23790.38,"SERFIN_EXP":2515.22,"GOBEST_VA":61530.85,"GOBEST_EXP":1553.22,"SPRSCT_VA":19205.48,"SPRSCT_EXP":1710.52,"SEAEMP_VA":20884.09,"SEAEMP_EXP":3326.53,"ADPDEF_VA":40655.16,"ADPDEF_EXP":216.88,"EDUCAC_VA":33167.99,"EDUCAC_EXP":1021.33,"SALUDH_VA":23815.07,"SALUDH_EXP":313.82,"ESPARC_VA":7338.84,"ESPARC_EXP":1164.25,"OTRSER_VA":9168.29,"OTRSER_EXP":500.75,"SERHOG_VA":419.28,"SERHOG_EXP":0.0}},{"type":"Feature","geometry":{"type":"Point","coordinates":[120.96,23.7]},"properties":{"id":"TWN","name":"Taiwán","continent":"asia","year":2011,"AGRPFO_VA":6866.9,"AGRPFO_EXP":425.41,"FORLOG_VA":67.46,"FORLOG_EXP":22.44,"PESCAC_VA":1355.53,"PESCAC_EXP":1380.14,"MINCOL_VA":78.6,"MINCOL_EXP":11.65,"PETGAS_VA":246.17,"PETGAS_EXP":30.18,"MINORE_VA":57.46,"MINORE_EXP":11.46,"MINOTH_VA":498.77,"MINOTH_EXP":12.24,"MINSER_VA":266.98,"MINSER_EXP":9.39,"ALYBEB_VA":7011.98,"ALYBEB_EXP":2509.6,"TEXYPR_VA":4483.91,"TEXYPR_EXP":10991.36,"MADYPR_VA":339.44,"MADYPR_EXP":215.77,"PAPYPR_VA":3004.3,"PAPYPR_EXP":1964.22,"PETREF_VA":4270.71,"PETREF_EXP":15523.71,"QUIMYP_VA":11642.27,"QUIMYP_EXP":41386.69,"FARMED_VA":1275.7,"FARMED_EXP":955.9,"HUPLAS_VA":4385.35,"HUPLAS_EXP":9590.42,"PRNOMT_VA":4608.65,"PRNOMT_EXP":2773.95,"METBAS_VA":6257.8,"METBAS_EXP":14130.48,"NONFER_VA":1393.28,"NONFER_EXP":9989.78,"PRMETA_VA":8341.86,"PRMETA_EXP":13706.22,"ELCTRO_VA":59562.64,"ELCTRO_EXP":143434.0,"ELCTRI_VA":4307.72,"ELCTRI_EXP":7591.69,"MAQYEQ_VA":6981.68,"MAQYEQ_EXP":20305.26,"AUTOMO_VA":3864.35,"AUTOMO_EXP":5947.76,"OTRTRA_VA":2589.59,"OTRTRA_EXP":985.66,"TRANSP_VA":2210.56,"TRANSP_EXP":4809.85,"OTRMAN_VA":5729.85,"OTRMAN_EXP":3182.55,"ELEGAS_VA":4244.5,"ELEGAS_EXP":38.72,"AGUBAS_VA":3265.31,"AGUBAS_EXP":2.81,"CONSTR_VA":12969.59,"CONSTR_EXP":231.11,"COMREV_VA":75009.44,"COMREV_EXP":31531.08,"TRATIE_VA":6373.29,"TRATIE_EXP":2925.39,"TRAGUA_VA":378.9,"TRAGUA_EXP":2748.35,"TRAAIR_VA":1706.34,"TRAAIR_EXP":4623.63,"ALMSTR_VA":4217.69,"ALMSTR_EXP":2540.56,"POSTME_VA":1069.2,"POSTME_EXP":51.85,"HOTYRE_VA":11137.19,"HOTYRE_EXP":3026.79,"MMTVRA_VA":3297.62,"MMTVRA_EXP":986.8,"TELECO_VA":8120.37,"TELECO_EXP":732.43,"ITSERV_VA":4078.14,"ITSERV_EXP":371.68,"SERFIN_VA":30384.15,"SERFIN_EXP":1558.88,"GOBEST_VA":40730.11,"GOBEST_EXP":506.2,"SPRSCT_VA":15053.14,"SPRSCT_EXP":2138.48,"SEAEMP_VA":8238.77,"SEAEMP_EXP":953.3,"ADPDEF_VA":34849.33,"ADPDEF_EXP":0.01,"EDUCAC_VA":23254.76,"EDUCAC_EXP":202.74,"SALUDH_VA":13907.48,"SALUDH_EXP":895.3,"ESPARC_VA":4158.46,"ESPARC_EXP":604.37,"OTRSER_VA":12775.76,"OTRSER_EXP":128.04,"SERHOG_VA":3367.4,"SERHOG_EXP":0.0}},{"type":"Feature","geometry":{"type":"Point","coordinates":[31.17,48.38]},"properties":{"id":"UKR","name":"Ucrania","continent":"europe","year":2011,"AGRPFO_VA":13156.95,"AGRPFO_EXP":4718.05,"FORLOG_VA":1523.35,"FORLOG_EXP":311.11,"PESCAC_VA":36.99,"PESCAC_EXP":15.75,"MINCOL_VA":3024.54,"MINCOL_EXP":1451.64,"PETGAS_VA":3254.84,"PETGAS_EXP":861.82,"MINORE_VA":3181.02,"MINORE_EXP":456.31,"MINOTH_VA":746.23,"MINOTH_EXP":705.82,"MINSER_VA":127.64,"MINSER_EXP":1491.8,"ALYBEB_VA":6007.86,"ALYBEB_EXP":3746.15,"TEXYPR_VA":877.38,"TEXYPR_EXP":546.98,"MADYPR_VA":377.86,"MADYPR_EXP":871.15,"PAPYPR_VA":938.45,"PAPYPR_EXP":1158.52,"PETREF_VA":1427.1,"PETREF_EXP":890.6,"QUIMYP_VA":1293.32,"QUIMYP_EXP":2233.2,"FARMED_VA":358.11,"FARMED_EXP":204.54,"HUPLAS_VA":624.75,"HUPLAS_EXP":287.83,"PRNOMT_VA":1126.13,"PRNOMT_EXP":367.82,"METBAS_VA":3283.44,"METBAS_EXP":9271.61,"NONFER_VA":310.27,"NONFER_EXP":885.04,"PRMETA_VA":751.65,"PRMETA_EXP":699.18,"ELCTRO_VA":306.35,"ELCTRO_EXP":739.4,"ELCTRI_VA":845.81,"ELCTRI_EXP":1104.24,"MAQYEQ_VA":1449.46,"MAQYEQ_EXP":2244.2,"AUTOMO_VA":295.75,"AUTOMO_EXP":492.44,"OTRTRA_VA":53.83,"OTRTRA_EXP":180.99,"TRANSP_VA":2402.4,"TRANSP_EXP":1233.52,"OTRMAN_VA":1279.56,"OTRMAN_EXP":1625.0,"ELEGAS_VA":5222.68,"ELEGAS_EXP":262.66,"AGUBAS_VA":1499.62,"AGUBAS_EXP":6.59,"CONSTR_VA":5341.25,"CONSTR_EXP":46.51,"COMREV_VA":23634.16,"COMREV_EXP":5280.09,"TRATIE_VA":9665.48,"TRATIE_EXP":2139.91,"TRAGUA_VA":1045.22,"TRAGUA_EXP":293.48,"TRAAIR_VA":848.07,"TRAAIR_EXP":873.67,"ALMSTR_VA":4805.29,"ALMSTR_EXP":922.57,"POSTME_VA":352.43,"POSTME_EXP":38.81,"HOTYRE_VA":1402.58,"HOTYRE_EXP":835.86,"MMTVRA_VA":626.04,"MMTVRA_EXP":216.46,"TELECO_VA":2810.76,"TELECO_EXP":448.81,"ITSERV_VA":1509.19,"ITSERV_EXP":1103.67,"SERFIN_VA":6910.48,"SERFIN_EXP":1092.4,"GOBEST_VA":5933.26,"GOBEST_EXP":304.09,"SPRSCT_VA":4082.73,"SPRSCT_EXP":1346.45,"SEAEMP_VA":1570.93,"SEAEMP_EXP":350.3,"ADPDEF_VA":6999.97,"ADPDEF_EXP":2.44,"EDUCAC_VA":7757.07,"EDUCAC_EXP":81.56,"SALUDH_VA":5591.04,"SALUDH_EXP":35.87,"ESPARC_VA":949.75,"ESPARC_EXP":171.19,"OTRSER_VA":1153.36,"OTRSER_EXP":44.12,"SERHOG_VA":1.82,"SERHOG_EXP":0.0}},{"type":"Feature","geometry":{"type":"Point","coordinates":[-95.71,37.09]},"properties":{"id":"USA","name":"Estados Unidos","continent":"america","year":2011,"AGRPFO_VA":176947.98,"AGRPFO_EXP":50240.95,"FORLOG_VA":9558.45,"FORLOG_EXP":1829.64,"PESCAC_VA":3701.75,"PESCAC_EXP":3587.44,"MINCOL_VA":34868.67,"MINCOL_EXP":13122.67,"PETGAS_VA":208065.92,"PETGAS_EXP":15690.12,"MINORE_VA":19859.07,"MINORE_EXP":14404.23,"MINOTH_VA":19549.74,"MINOTH_EXP":2100.0,"MINSER_VA":62509.21,"MINSER_EXP":3021.65,"ALYBEB_VA":187975.62,"ALYBEB_EXP":50363.53,"TEXYPR_VA":26103.23,"TEXYPR_EXP":19868.26,"MADYPR_VA":24159.21,"MADYPR_EXP":4406.39,"PAPYPR_VA":95027.66,"PAPYPR_EXP":23074.22,"PETREF_VA":158384.4,"PETREF_EXP":93263.2,"QUIMYP_VA":180079.52,"QUIMYP_EXP":100113.24,"FARMED_VA":128522.48,"FARMED_EXP":35744.94,"HUPLAS_VA":64800.81,"HUPLAS_EXP":23552.96,"PRNOMT_VA":47289.5,"PRNOMT_EXP":8465.31,"METBAS_VA":35990.34,"METBAS_EXP":14099.56,"NONFER_VA":42270.37,"NONFER_EXP":36695.78,"PRMETA_VA":123710.05,"PRMETA_EXP":24538.41,"ELCTRO_VA":241010.43,"ELCTRO_EXP":110333.17,"ELCTRI_VA":50258.43,"ELCTRI_EXP":28667.93,"MAQYEQ_VA":148203.49,"MAQYEQ_EXP":107906.45,"AUTOMO_VA":103587.32,"AUTOMO_EXP":87803.36,"OTRTRA_VA":16692.68,"OTRTRA_EXP":2162.3,"TRANSP_VA":111408.72,"TRANSP_EXP":69372.54,"OTRMAN_VA":120013.16,"OTRMAN_EXP":44606.85,"ELEGAS_VA":250219.46,"ELEGAS_EXP":2305.3,"AGUBAS_VA":50458.94,"AGUBAS_EXP":111.6,"CONSTR_VA":536324.21,"CONSTR_EXP":4.39,"COMREV_VA":1539331.02,"COMREV_EXP":268460.01,"TRATIE_VA":222009.83,"TRATIE_EXP":40002.22,"TRAGUA_VA":14904.56,"TRAGUA_EXP":8829.52,"TRAAIR_VA":72612.18,"TRAAIR_EXP":51297.19,"ALMSTR_VA":98522.3,"ALMSTR_EXP":5704.04,"POSTME_VA":83477.24,"POSTME_EXP":10736.76,"HOTYRE_VA":377328.22,"HOTYRE_EXP":38954.35,"MMTVRA_VA":353619.85,"MMTVRA_EXP":61485.65,"TELECO_VA":264607.39,"TELECO_EXP":22213.98,"ITSERV_VA":337826.93,"ITSERV_EXP":19718.1,"SERFIN_VA":1016924.79,"SERFIN_EXP":135796.51,"GOBEST_VA":1904426.82,"GOBEST_EXP":12133.32,"SPRSCT_VA":1171882.94,"SPRSCT_EXP":121584.35,"SEAEMP_VA":565986.48,"SEAEMP_EXP":62162.83,"ADPDEF_VA":1464666.05,"ADPDEF_EXP":4192.31,"EDUCAC_VA":900483.11,"EDUCAC_EXP":31251.33,"SALUDH_VA":1154897.48,"SALUDH_EXP":2260.59,"ESPARC_VA":148114.51,"ESPARC_EXP":6167.19,"OTRSER_VA":225075.94,"OTRSER_EXP":3151.31,"SERHOG_VA":16330.72,"SERHOG_EXP":0.0}},{"type":"Feature","geometry":{"type":"Point","coordinates":[108.28,14.06]},"properties":{"id":"VNM","name":"Vietnam","continent":"asia","year":2011,"AGRPFO_VA":20187.91,"AGRPFO_EXP":6023.29,"FORLOG_VA":824.08,"FORLOG_EXP":49.29,"PESCAC_VA":4732.74,"PESCAC_EXP":90.13,"MINCOL_VA":923.33,"MINCOL_EXP":2237.37,"PETGAS_VA":7047.54,"PETGAS_EXP":7268.54,"MINORE_VA":11216.33,"MINORE_EXP":790.63,"MINOTH_VA":397.47,"MINOTH_EXP":43.89,"MINSER_VA":355.18,"MINSER_EXP":46.03,"ALYBEB_VA":7915.61,"ALYBEB_EXP":13521.18,"TEXYPR_VA":13434.61,"TEXYPR_EXP":19976.52,"MADYPR_VA":618.97,"MADYPR_EXP":829.34,"PAPYPR_VA":1213.13,"PAPYPR_EXP":405.67,"PETREF_VA":1561.43,"PETREF_EXP":266.52,"QUIMYP_VA":2109.77,"QUIMYP_EXP":2037.94,"FARMED_VA":562.74,"FARMED_EXP":75.9,"HUPLAS_VA":1812.16,"HUPLAS_EXP":3180.84,"PRNOMT_VA":2819.06,"PRNOMT_EXP":2210.04,"METBAS_VA":1668.67,"METBAS_EXP":2180.45,"NONFER_VA":511.84,"NONFER_EXP":512.95,"PRMETA_VA":2016.51,"PRMETA_EXP":2412.74,"ELCTRO_VA":6515.5,"ELCTRO_EXP":9746.97,"ELCTRI_VA":1482.97,"ELCTRI_EXP":3714.07,"MAQYEQ_VA":830.37,"MAQYEQ_EXP":1476.52,"AUTOMO_VA":881.45,"AUTOMO_EXP":1553.67,"OTRTRA_VA":357.88,"OTRTRA_EXP":575.73,"TRANSP_VA":204.21,"TRANSP_EXP":411.48,"OTRMAN_VA":4715.82,"OTRMAN_EXP":5128.42,"ELEGAS_VA":3673.76,"ELEGAS_EXP":34.17,"AGUBAS_VA":852.45,"AGUBAS_EXP":9.3,"CONSTR_VA":9469.37,"CONSTR_EXP":31.86,"COMREV_VA":15614.94,"COMREV_EXP":6420.16,"TRATIE_VA":2545.14,"TRATIE_EXP":1509.22,"TRAGUA_VA":599.22,"TRAGUA_EXP":863.15,"TRAAIR_VA":692.83,"TRAAIR_EXP":1339.44,"ALMSTR_VA":1413.24,"ALMSTR_EXP":1658.8,"POSTME_VA":279.75,"POSTME_EXP":197.74,"HOTYRE_VA":4450.68,"HOTYRE_EXP":1740.89,"MMTVRA_VA":443.76,"MMTVRA_EXP":89.51,"TELECO_VA":1612.03,"TELECO_EXP":197.93,"ITSERV_VA":669.57,"ITSERV_EXP":153.73,"SERFIN_VA":5179.51,"SERFIN_EXP":490.35,"GOBEST_VA":4486.35,"GOBEST_EXP":170.7,"SPRSCT_VA":2880.4,"SPRSCT_EXP":265.1,"SEAEMP_VA":918.05,"SEAEMP_EXP":482.15,"ADPDEF_VA":3255.13,"ADPDEF_EXP":2.15,"EDUCAC_VA":4241.03,"EDUCAC_EXP":57.28,"SALUDH_VA":1776.54,"SALUDH_EXP":41.8,"ESPARC_VA":1303.55,"ESPARC_EXP":165.66,"OTRSER_VA":975.42,"OTRSER_EXP":57.57,"SERHOG_VA":183.25,"SERHOG_EXP":0.0}},{"type":"Feature","geometry":{"type":"Point","coordinates":[22.94,-30.56]},"properties":{"id":"ZAF","name":"Sudáfrica","continent":"other","year":2011,"AGRPFO_VA":8157.86,"AGRPFO_EXP":2723.61,"FORLOG_VA":415.68,"FORLOG_EXP":19.0,"PESCAC_VA":713.37,"PESCAC_EXP":144.31,"MINCOL_VA":4714.6,"MINCOL_EXP":8427.41,"PETGAS_VA":337.04,"PETGAS_EXP":681.58,"MINORE_VA":19306.89,"MINORE_EXP":29636.04,"MINOTH_VA":1610.58,"MINOTH_EXP":2856.69,"MINSER_VA":287.0,"MINSER_EXP":20.63,"ALYBEB_VA":10716.14,"ALYBEB_EXP":3088.0,"TEXYPR_VA":2679.15,"TEXYPR_EXP":582.05,"MADYPR_VA":896.64,"MADYPR_EXP":387.37,"PAPYPR_VA":3793.77,"PAPYPR_EXP":1543.02,"PETREF_VA":6235.42,"PETREF_EXP":3334.36,"QUIMYP_VA":5203.41,"QUIMYP_EXP":5011.24,"FARMED_VA":956.73,"FARMED_EXP":174.38,"HUPLAS_VA":1798.41,"HUPLAS_EXP":788.76,"PRNOMT_VA":2518.61,"PRNOMT_EXP":447.31,"METBAS_VA":4361.21,"METBAS_EXP":8813.04,"NONFER_VA":1758.97,"NONFER_EXP":4323.94,"PRMETA_VA":3204.01,"PRMETA_EXP":2552.91,"ELCTRO_VA":969.07,"ELCTRO_EXP":698.25,"ELCTRI_VA":1866.93,"ELCTRI_EXP":1238.93,"MAQYEQ_VA":4220.34,"MAQYEQ_EXP":4836.54,"AUTOMO_VA":4898.27,"AUTOMO_EXP":6149.04,"OTRTRA_VA":100.97,"OTRTRA_EXP":88.41,"TRANSP_VA":676.1,"TRANSP_EXP":1401.98,"OTRMAN_VA":2913.89,"OTRMAN_EXP":1805.02,"ELEGAS_VA":8014.13,"ELEGAS_EXP":151.37,"AGUBAS_VA":4133.94,"AGUBAS_EXP":0.45,"CONSTR_VA":15540.26,"CONSTR_EXP":70.72,"COMREV_VA":37498.18,"COMREV_EXP":10321.52,"TRATIE_VA":9803.0,"TRATIE_EXP":3560.64,"TRAGUA_VA":329.22,"TRAGUA_EXP":300.78,"TRAAIR_VA":1182.88,"TRAAIR_EXP":1382.25,"ALMSTR_VA":5183.71,"ALMSTR_EXP":2544.56,"POSTME_VA":855.93,"POSTME_EXP":130.4,"HOTYRE_VA":4344.03,"HOTYRE_EXP":1348.65,"MMTVRA_VA":3817.46,"MMTVRA_EXP":309.84,"TELECO_VA":24361.39,"TELECO_EXP":1823.72,"ITSERV_VA":8082.72,"ITSERV_EXP":603.1,"SERFIN_VA":60966.29,"SERFIN_EXP":2028.47,"GOBEST_VA":29651.39,"GOBEST_EXP":679.86,"SPRSCT_VA":17333.39,"SPRSCT_EXP":512.47,"SEAEMP_VA":11314.6,"SEAEMP_EXP":673.67,"ADPDEF_VA":14327.4,"ADPDEF_EXP":18.49,"EDUCAC_VA":11613.0,"EDUCAC_EXP":1324.39,"SALUDH_VA":8870.93,"SALUDH_EXP":123.14,"ESPARC_VA":5240.28,"ESPARC_EXP":333.88,"OTRSER_VA":2350.39,"OTRSER_EXP":119.1,"SERHOG_VA":55607.16,"SERHOG_EXP":0.0}}]}