{"type":"FeatureCollection","features":[{"type":"Feature","geometry":{"type":"Point","coordinates":[13.23,-8.84]},"properties":{"id":"AGO","name":"Angola","continent":"other","year":2000,"AGRPFO_VA":543.3,"AGRPFO_EXP":77.91,"FORLOG_VA":43.21,"FORLOG_EXP":3.11,"PESCAC_VA":89.18,"PESCAC_EXP":0.33,"MINCOL_VA":4.46,"MINCOL_EXP":0.09,"PETGAS_VA":4837.03,"PETGAS_EXP":6347.09,"MINORE_VA":4.18,"MINORE_EXP":0.95,"MINOTH_VA":366.85,"MINOTH_EXP":476.89,"MINSER_VA":556.26,"MINSER_EXP":45.73,"ALYBEB_VA":145.45,"ALYBEB_EXP":293.12,"TEXYPR_VA":71.41,"TEXYPR_EXP":4.8,"MADYPR_VA":2.28,"MADYPR_EXP":0.37,"PAPYPR_VA":9.24,"PAPYPR_EXP":0.66,"PETREF_VA":117.46,"PETREF_EXP":194.11,"QUIMYP_VA":58.59,"QUIMYP_EXP":0.91,"FARMED_VA":21.24,"FARMED_EXP":0.82,"HUPLAS_VA":11.3,"HUPLAS_EXP":0.14,"PRNOMT_VA":19.45,"PRNOMT_EXP":0.13,"METBAS_VA":6.53,"METBAS_EXP":0.23,"NONFER_VA":1.73,"NONFER_EXP":0.12,"PRMETA_VA":13.16,"PRMETA_EXP":0.95,"ELCTRO_VA":41.74,"ELCTRO_EXP":2.42,"ELCTRI_VA":18.11,"ELCTRI_EXP":0.91,"MAQYEQ_VA":56.51,"MAQYEQ_EXP":5.25,"AUTOMO_VA":50.47,"AUTOMO_EXP":0.86,"OTRTRA_VA":2.01,"OTRTRA_EXP":0.07,"TRANSP_VA":1.19,"TRANSP_EXP":0.41,"OTRMAN_VA":19.1,"OTRMAN_EXP":3.9,"ELEGAS_VA":422.75,"ELEGAS_EXP":0.29,"AGUBAS_VA":46.5,"AGUBAS_EXP":0.49,"CONSTR_VA":553.15,"CONSTR_EXP":1.05,"COMREV_VA":647.67,"COMREV_EXP":133.64,"TRATIE_VA":68.68,"TRATIE_EXP":56.91,"TRAGUA_VA":32.06,"TRAGUA_EXP":54.18,"TRAAIR_VA":51.08,"TRAAIR_EXP":41.97,"ALMSTR_VA":60.92,"ALMSTR_EXP":21.54,"POSTME_VA":31.34,"POSTME_EXP":0.82,"HOTYRE_VA":162.49,"HOTYRE_EXP":75.79,"MMTVRA_VA":85.79,"MMTVRA_EXP":30.01,"TELECO_VA":138.44,"TELECO_EXP":15.78,"ITSERV_VA":94.25,"ITSERV_EXP":50.25,"SERFIN_VA":255.1,"SERFIN_EXP":92.93,"GOBEST_VA":454.06,"GOBEST_EXP":16.04,"SPRSCT_VA":138.2,"SPRSCT_EXP":63.72,"SEAEMP_VA":110.58,"SEAEMP_EXP":36.75,"ADPDEF_VA":771.99,"ADPDEF_EXP":1.38,"EDUCAC_VA":633.01,"EDUCAC_EXP":4.07,"SALUDH_VA":138.85,"SALUDH_EXP":3.28,"ESPARC_VA":21.38,"ESPARC_EXP":8.92,"OTRSER_VA":74.75,"OTRSER_EXP":3.59,"SERHOG_VA":0.0,"SERHOG_EXP":0.0}},{"type":"Feature","geometry":{"type":"Point","coordinates":[53.85,23.42]},"properties":{"id":"ARE","name":"Emiratos Árabes","continent":"other","year":2000,"AGRPFO_VA":1576.45,"AGRPFO_EXP":23.69,"FORLOG_VA":124.01,"FORLOG_EXP":0.67,"PESCAC_VA":165.53,"PESCAC_EXP":75.45,"MINCOL_VA":190.0,"MINCOL_EXP":3.84,"PETGAS_VA":24331.73,"PETGAS_EXP":28527.1,"MINORE_VA":3788.27,"MINORE_EXP":41.38,"MINOTH_VA":1055.32,"MINOTH_EXP":4505.55,"MINSER_VA":2386.35,"MINSER_EXP":353.62,"ALYBEB_VA":1437.84,"ALYBEB_EXP":506.38,"TEXYPR_VA":706.52,"TEXYPR_EXP":73.56,"MADYPR_VA":81.65,"MADYPR_EXP":4.45,"PAPYPR_VA":306.99,"PAPYPR_EXP":64.17,"PETREF_VA":4184.78,"PETREF_EXP":5336.08,"QUIMYP_VA":1331.32,"QUIMYP_EXP":1473.15,"FARMED_VA":717.64,"FARMED_EXP":28.08,"HUPLAS_VA":412.47,"HUPLAS_EXP":45.25,"PRNOMT_VA":698.8,"PRNOMT_EXP":163.04,"METBAS_VA":221.28,"METBAS_EXP":41.03,"NONFER_VA":672.92,"NONFER_EXP":1553.34,"PRMETA_VA":454.68,"PRMETA_EXP":68.8,"ELCTRO_VA":1051.22,"ELCTRO_EXP":20.14,"ELCTRI_VA":627.22,"ELCTRI_EXP":48.21,"MAQYEQ_VA":537.97,"MAQYEQ_EXP":42.1,"AUTOMO_VA":474.99,"AUTOMO_EXP":16.55,"OTRTRA_VA":79.59,"OTRTRA_EXP":25.23,"TRANSP_VA":185.99,"TRANSP_EXP":1.1,"OTRMAN_VA":607.13,"OTRMAN_EXP":73.32,"ELEGAS_VA":2696.81,"ELEGAS_EXP":64.65,"AGUBAS_VA":657.07,"AGUBAS_EXP":3.95,"CONSTR_VA":12636.97,"CONSTR_EXP":49.22,"COMREV_VA":7834.27,"COMREV_EXP":1257.88,"TRATIE_VA":866.1,"TRATIE_EXP":263.45,"TRAGUA_VA":406.09,"TRAGUA_EXP":114.74,"TRAAIR_VA":642.48,"TRAAIR_EXP":151.12,"ALMSTR_VA":785.04,"ALMSTR_EXP":112.03,"POSTME_VA":368.75,"POSTME_EXP":4.49,"HOTYRE_VA":1821.74,"HOTYRE_EXP":654.53,"MMTVRA_VA":1120.26,"MMTVRA_EXP":55.82,"TELECO_VA":1602.0,"TELECO_EXP":32.69,"ITSERV_VA":1171.45,"ITSERV_EXP":25.66,"SERFIN_VA":3426.0,"SERFIN_EXP":70.94,"GOBEST_VA":5975.22,"GOBEST_EXP":151.56,"SPRSCT_VA":1670.61,"SPRSCT_EXP":206.65,"SEAEMP_VA":1313.25,"SEAEMP_EXP":163.62,"ADPDEF_VA":5973.0,"ADPDEF_EXP":4.01,"EDUCAC_VA":1307.36,"EDUCAC_EXP":34.96,"SALUDH_VA":1473.51,"SALUDH_EXP":28.45,"ESPARC_VA":221.11,"ESPARC_EXP":60.46,"OTRSER_VA":895.41,"OTRSER_EXP":30.47,"SERHOG_VA":471.71,"SERHOG_EXP":0.0}},{"type":"Feature","geometry":{"type":"Point","coordinates":[-63.62,-38.42]},"properties":{"id":"ARG","name":"Argentina","continent":"america","year":2000,"AGRPFO_VA":23348.1,"AGRPFO_EXP":3749.61,"FORLOG_VA":542.13,"FORLOG_EXP":25.95,"PESCAC_VA":879.87,"PESCAC_EXP":20.05,"MINCOL_VA":13.35,"MINCOL_EXP":0.94,"PETGAS_VA":12007.31,"PETGAS_EXP":2091.7,"MINORE_VA":1122.54,"MINORE_EXP":283.73,"MINOTH_VA":683.8,"MINOTH_EXP":26.03,"MINSER_VA":980.94,"MINSER_EXP":2.23,"ALYBEB_VA":14459.19,"ALYBEB_EXP":6562.94,"TEXYPR_VA":5200.92,"TEXYPR_EXP":1351.57,"MADYPR_VA":1342.79,"MADYPR_EXP":122.17,"PAPYPR_VA":3979.09,"PAPYPR_EXP":363.64,"PETREF_VA":2348.14,"PETREF_EXP":1452.71,"QUIMYP_VA":7312.15,"QUIMYP_EXP":1129.57,"FARMED_VA":4222.66,"FARMED_EXP":346.63,"HUPLAS_VA":2870.75,"HUPLAS_EXP":405.83,"PRNOMT_VA":2081.11,"PRNOMT_EXP":104.85,"METBAS_VA":4283.16,"METBAS_EXP":778.33,"NONFER_VA":812.64,"NONFER_EXP":211.74,"PRMETA_VA":2910.56,"PRMETA_EXP":283.63,"ELCTRO_VA":874.01,"ELCTRO_EXP":158.14,"ELCTRI_VA":1062.21,"ELCTRI_EXP":208.88,"MAQYEQ_VA":2617.37,"MAQYEQ_EXP":511.27,"AUTOMO_VA":2373.3,"AUTOMO_EXP":1844.28,"OTRTRA_VA":68.12,"OTRTRA_EXP":43.79,"TRANSP_VA":241.72,"TRANSP_EXP":42.41,"OTRMAN_VA":2309.16,"OTRMAN_EXP":196.78,"ELEGAS_VA":4538.74,"ELEGAS_EXP":29.08,"AGUBAS_VA":757.12,"AGUBAS_EXP":1.43,"CONSTR_VA":9317.83,"CONSTR_EXP":0.16,"COMREV_VA":35595.21,"COMREV_EXP":3777.82,"TRATIE_VA":8160.86,"TRATIE_EXP":532.78,"TRAGUA_VA":224.63,"TRAGUA_EXP":42.59,"TRAAIR_VA":524.05,"TRAAIR_EXP":593.58,"ALMSTR_VA":3137.36,"ALMSTR_EXP":448.38,"POSTME_VA":567.97,"POSTME_EXP":32.53,"HOTYRE_VA":4308.72,"HOTYRE_EXP":738.3,"MMTVRA_VA":522.91,"MMTVRA_EXP":102.65,"TELECO_VA":4802.76,"TELECO_EXP":248.76,"ITSERV_VA":1151.51,"ITSERV_EXP":114.31,"SERFIN_VA":9172.5,"SERFIN_EXP":145.04,"GOBEST_VA":23516.7,"GOBEST_EXP":122.54,"SPRSCT_VA":10071.03,"SPRSCT_EXP":628.53,"SEAEMP_VA":4320.22,"SEAEMP_EXP":438.95,"ADPDEF_VA":19114.2,"ADPDEF_EXP":0.0,"EDUCAC_VA":13564.43,"EDUCAC_EXP":36.91,"SALUDH_VA":8080.21,"SALUDH_EXP":25.68,"ESPARC_VA":1086.23,"ESPARC_EXP":90.62,"OTRSER_VA":3702.43,"OTRSER_EXP":26.12,"SERHOG_VA":4288.19,"SERHOG_EXP":0.0}},{"type":"Feature","geometry":{"type":"Point","coordinates":[133.78,-25.27]},"properties":{"id":"AUS","name":"Australia","continent":"other","year":2000,"AGRPFO_VA":11719.25,"AGRPFO_EXP":4622.08,"FORLOG_VA":478.7,"FORLOG_EXP":67.38,"PESCAC_VA":2091.02,"PESCAC_EXP":240.63,"MINCOL_VA":3440.86,"MINCOL_EXP":4508.92,"PETGAS_VA":9135.82,"PETGAS_EXP":4646.02,"MINORE_VA":4931.8,"MINORE_EXP":4100.35,"MINOTH_VA":746.32,"MINOTH_EXP":293.98,"MINSER_VA":1905.38,"MINSER_EXP":26.11,"ALYBEB_VA":10253.22,"ALYBEB_EXP":6063.45,"TEXYPR_VA":1663.47,"TEXYPR_EXP":1151.32,"MADYPR_VA":1849.71,"MADYPR_EXP":403.9,"PAPYPR_VA":3524.84,"PAPYPR_EXP":519.69,"PETREF_VA":1600.03,"PETREF_EXP":1437.74,"QUIMYP_VA":1368.46,"QUIMYP_EXP":1270.32,"FARMED_VA":1779.24,"FARMED_EXP":899.52,"HUPLAS_VA":2185.46,"HUPLAS_EXP":568.04,"PRNOMT_VA":2025.92,"PRNOMT_EXP":232.86,"METBAS_VA":1657.01,"METBAS_EXP":872.33,"NONFER_VA":3300.09,"NONFER_EXP":9407.07,"PRMETA_VA":3548.17,"PRMETA_EXP":507.29,"ELCTRO_VA":2269.61,"ELCTRO_EXP":823.53,"ELCTRI_VA":501.98,"ELCTRI_EXP":593.41,"MAQYEQ_VA":1951.44,"MAQYEQ_EXP":1222.56,"AUTOMO_VA":2115.55,"AUTOMO_EXP":1649.79,"OTRTRA_VA":758.17,"OTRTRA_EXP":717.87,"TRANSP_VA":1235.31,"TRANSP_EXP":176.28,"OTRMAN_VA":3815.05,"OTRMAN_EXP":511.92,"ELEGAS_VA":6947.52,"ELEGAS_EXP":59.68,"AGUBAS_VA":3000.76,"AGUBAS_EXP":2.63,"CONSTR_VA":20755.55,"CONSTR_EXP":143.06,"COMREV_VA":40107.75,"COMREV_EXP":10242.07,"TRATIE_VA":7153.4,"TRATIE_EXP":1242.04,"TRAGUA_VA":640.78,"TRAGUA_EXP":362.94,"TRAAIR_VA":2108.07,"TRAAIR_EXP":4568.84,"ALMSTR_VA":7132.14,"ALMSTR_EXP":780.07,"POSTME_VA":1646.57,"POSTME_EXP":406.9,"HOTYRE_VA":12540.87,"HOTYRE_EXP":2239.69,"MMTVRA_VA":6002.28,"MMTVRA_EXP":636.73,"TELECO_VA":8416.6,"TELECO_EXP":842.38,"ITSERV_VA":6832.35,"ITSERV_EXP":321.53,"SERFIN_VA":33907.18,"SERFIN_EXP":1046.58,"GOBEST_VA":37365.69,"GOBEST_EXP":343.13,"SPRSCT_VA":14762.08,"SPRSCT_EXP":1380.81,"SEAEMP_VA":10908.75,"SEAEMP_EXP":1121.85,"ADPDEF_VA":23429.77,"ADPDEF_EXP":13.97,"EDUCAC_VA":18578.57,"EDUCAC_EXP":1217.67,"SALUDH_VA":21197.02,"SALUDH_EXP":144.73,"ESPARC_VA":3792.71,"ESPARC_EXP":490.43,"OTRSER_VA":4013.59,"OTRSER_EXP":143.03,"SERHOG_VA":0.0,"SERHOG_EXP":0.0}},{"type":"Feature","geometry":{"type":"Point","coordinates":[14.55,47.52]},"properties":{"id":"AUT","name":"Austria","continent":"europe","year":2000,"AGRPFO_VA":2534.06,"AGRPFO_EXP":593.5,"FORLOG_VA":853.37,"FORLOG_EXP":71.66,"PESCAC_VA":5.93,"PESCAC_EXP":4.44,"MINCOL_VA":17.25,"MINCOL_EXP":1.23,"PETGAS_VA":132.2,"PETGAS_EXP":26.13,"MINORE_VA":65.22,"MINORE_EXP":56.76,"MINOTH_VA":360.53,"MINOTH_EXP":75.94,"MINSER_VA":21.63,"MINSER_EXP":6.09,"ALYBEB_VA":3688.38,"ALYBEB_EXP":2414.07,"TEXYPR_VA":1606.1,"TEXYPR_EXP":2695.43,"MADYPR_VA":1667.14,"MADYPR_EXP":1770.04,"PAPYPR_VA":3092.1,"PAPYPR_EXP":3035.08,"PETREF_VA":1248.58,"PETREF_EXP":599.72,"QUIMYP_VA":1442.75,"QUIMYP_EXP":2383.33,"FARMED_VA":1001.42,"FARMED_EXP":1268.3,"HUPLAS_VA":1660.29,"HUPLAS_EXP":1949.39,"PRNOMT_VA":2226.34,"PRNOMT_EXP":1249.6,"METBAS_VA":1332.42,"METBAS_EXP":2115.51,"NONFER_VA":829.97,"NONFER_EXP":1655.59,"PRMETA_VA":3372.06,"PRMETA_EXP":2411.53,"ELCTRO_VA":2826.49,"ELCTRO_EXP":4715.3,"ELCTRI_VA":2334.16,"ELCTRI_EXP":2662.37,"MAQYEQ_VA":3829.18,"MAQYEQ_EXP":6732.79,"AUTOMO_VA":2646.22,"AUTOMO_EXP":6157.84,"OTRTRA_VA":58.18,"OTRTRA_EXP":38.39,"TRANSP_VA":421.87,"TRANSP_EXP":433.84,"OTRMAN_VA":2830.07,"OTRMAN_EXP":2725.95,"ELEGAS_VA":4044.16,"ELEGAS_EXP":516.71,"AGUBAS_VA":1915.73,"AGUBAS_EXP":14.84,"CONSTR_VA":13430.34,"CONSTR_EXP":360.63,"COMREV_VA":23900.95,"COMREV_EXP":9670.53,"TRATIE_VA":6810.73,"TRATIE_EXP":3840.4,"TRAGUA_VA":113.45,"TRAGUA_EXP":39.96,"TRAAIR_VA":656.09,"TRAAIR_EXP":800.4,"ALMSTR_VA":1731.74,"ALMSTR_EXP":1295.31,"POSTME_VA":1279.85,"POSTME_EXP":243.55,"HOTYRE_VA":6654.36,"HOTYRE_EXP":1907.27,"MMTVRA_VA":1410.27,"MMTVRA_EXP":523.42,"TELECO_VA":2449.44,"TELECO_EXP":638.56,"ITSERV_VA":2326.83,"ITSERV_EXP":282.9,"SERFIN_VA":9930.84,"SERFIN_EXP":2726.07,"GOBEST_VA":13352.1,"GOBEST_EXP":571.24,"SPRSCT_VA":6897.03,"SPRSCT_EXP":3456.88,"SEAEMP_VA":5405.33,"SEAEMP_EXP":756.39,"ADPDEF_VA":10900.18,"ADPDEF_EXP":128.02,"EDUCAC_VA":9751.69,"EDUCAC_EXP":10.23,"SALUDH_VA":10688.51,"SALUDH_EXP":239.09,"ESPARC_VA":1888.64,"ESPARC_EXP":487.72,"OTRSER_VA":2723.36,"OTRSER_EXP":204.02,"SERHOG_VA":159.77,"SERHOG_EXP":0.0}},{"type":"Feature","geometry":{"type":"Point","coordinates":[4.47,50.5]},"properties":{"id":"BEL","name":"Bélgica","continent":"europe","year":2000,"AGRPFO_VA":2735.04,"AGRPFO_EXP":827.23,"FORLOG_VA":92.87,"FORLOG_EXP":38.84,"PESCAC_VA":59.46,"PESCAC_EXP":40.1,"MINCOL_VA":0.0,"MINCOL_EXP":0.0,"PETGAS_VA":0.0,"PETGAS_EXP":0.0,"MINORE_VA":0.0,"MINORE_EXP":0.0,"MINOTH_VA":309.91,"MINOTH_EXP":117.57,"MINSER_VA":24.31,"MINSER_EXP":13.21,"ALYBEB_VA":5133.7,"ALYBEB_EXP":8065.3,"TEXYPR_VA":2359.73,"TEXYPR_EXP":4670.22,"MADYPR_VA":644.45,"MADYPR_EXP":713.76,"PAPYPR_VA":2490.75,"PAPYPR_EXP":1950.43,"PETREF_VA":1234.89,"PETREF_EXP":6069.44,"QUIMYP_VA":6728.83,"QUIMYP_EXP":13203.13,"FARMED_VA":2709.07,"FARMED_EXP":3052.31,"HUPLAS_VA":1601.07,"HUPLAS_EXP":2531.71,"PRNOMT_VA":2152.95,"PRNOMT_EXP":1798.77,"METBAS_VA":2227.9,"METBAS_EXP":4844.59,"NONFER_VA":879.98,"NONFER_EXP":3075.19,"PRMETA_VA":3211.53,"PRMETA_EXP":2435.21,"ELCTRO_VA":2032.55,"ELCTRO_EXP":3447.28,"ELCTRI_VA":1631.06,"ELCTRI_EXP":1887.17,"MAQYEQ_VA":2584.2,"MAQYEQ_EXP":3477.94,"AUTOMO_VA":3906.39,"AUTOMO_EXP":10614.41,"OTRTRA_VA":11.02,"OTRTRA_EXP":29.82,"TRANSP_VA":570.54,"TRANSP_EXP":477.16,"OTRMAN_VA":1614.4,"OTRMAN_EXP":2692.95,"ELEGAS_VA":4914.66,"ELEGAS_EXP":685.45,"AGUBAS_VA":1529.09,"AGUBAS_EXP":654.4,"CONSTR_VA":11299.59,"CONSTR_EXP":245.9,"COMREV_VA":25125.57,"COMREV_EXP":16981.11,"TRATIE_VA":6221.86,"TRATIE_EXP":3930.84,"TRAGUA_VA":196.15,"TRAGUA_EXP":1517.62,"TRAAIR_VA":528.74,"TRAAIR_EXP":2831.54,"ALMSTR_VA":4999.61,"ALMSTR_EXP":7543.66,"POSTME_VA":1736.94,"POSTME_EXP":925.21,"HOTYRE_VA":3703.17,"HOTYRE_EXP":1117.12,"MMTVRA_VA":2048.52,"MMTVRA_EXP":955.65,"TELECO_VA":3701.01,"TELECO_EXP":1569.5,"ITSERV_VA":2774.35,"ITSERV_EXP":1350.19,"SERFIN_VA":13344.39,"SERFIN_EXP":3564.84,"GOBEST_VA":18197.64,"GOBEST_EXP":212.91,"SPRSCT_VA":16535.83,"SPRSCT_EXP":10104.01,"SEAEMP_VA":8219.11,"SEAEMP_EXP":1271.41,"ADPDEF_VA":15447.33,"ADPDEF_EXP":161.75,"EDUCAC_VA":13252.13,"EDUCAC_EXP":223.7,"SALUDH_VA":13302.26,"SALUDH_EXP":299.73,"ESPARC_VA":1322.82,"ESPARC_EXP":383.18,"OTRSER_VA":2993.67,"OTRSER_EXP":93.81,"SERHOG_VA":463.86,"SERHOG_EXP":0.0}},{"type":"Feature","geometry":{"type":"Point","coordinates":[90.36,23.68]},"properties":{"id":"BGD","name":"Bangladesh","continent":"asia","year":2000,"AGRPFO_VA":4271.48,"AGRPFO_EXP":450.96,"FORLOG_VA":859.16,"FORLOG_EXP":3.63,"PESCAC_VA":1327.74,"PESCAC_EXP":4.77,"MINCOL_VA":2.25,"MINCOL_EXP":0.16,"PETGAS_VA":446.83,"PETGAS_EXP":1.84,"MINORE_VA":1.93,"MINORE_EXP":0.01,"MINOTH_VA":24.29,"MINOTH_EXP":0.28,"MINSER_VA":20.03,"MINSER_EXP":1.5,"ALYBEB_VA":1546.67,"ALYBEB_EXP":725.14,"TEXYPR_VA":5906.93,"TEXYPR_EXP":3001.76,"MADYPR_VA":12.56,"MADYPR_EXP":6.69,"PAPYPR_VA":77.78,"PAPYPR_EXP":1.57,"PETREF_VA":11.96,"PETREF_EXP":11.82,"QUIMYP_VA":97.83,"QUIMYP_EXP":63.27,"FARMED_VA":215.0,"FARMED_EXP":6.03,"HUPLAS_VA":838.28,"HUPLAS_EXP":12.02,"PRNOMT_VA":686.31,"PRNOMT_EXP":12.14,"METBAS_VA":238.69,"METBAS_EXP":0.39,"NONFER_VA":165.52,"NONFER_EXP":0.5,"PRMETA_VA":63.34,"PRMETA_EXP":7.7,"ELCTRO_VA":64.8,"ELCTRO_EXP":9.52,"ELCTRI_VA":118.98,"ELCTRI_EXP":15.87,"MAQYEQ_VA":15.23,"MAQYEQ_EXP":16.46,"AUTOMO_VA":8.98,"AUTOMO_EXP":1.29,"OTRTRA_VA":59.89,"OTRTRA_EXP":1.07,"TRANSP_VA":63.9,"TRANSP_EXP":10.43,"OTRMAN_VA":125.55,"OTRMAN_EXP":9.53,"ELEGAS_VA":568.16,"ELEGAS_EXP":1.24,"AGUBAS_VA":722.98,"AGUBAS_EXP":2.29,"CONSTR_VA":3843.51,"CONSTR_EXP":8.95,"COMREV_VA":4786.9,"COMREV_EXP":786.94,"TRATIE_VA":1190.04,"TRATIE_EXP":55.46,"TRAGUA_VA":359.78,"TRAGUA_EXP":91.74,"TRAAIR_VA":250.3,"TRAAIR_EXP":49.49,"ALMSTR_VA":415.6,"ALMSTR_EXP":21.72,"POSTME_VA":73.15,"POSTME_EXP":0.31,"HOTYRE_VA":1073.26,"HOTYRE_EXP":19.91,"MMTVRA_VA":297.61,"MMTVRA_EXP":12.1,"TELECO_VA":786.55,"TELECO_EXP":27.28,"ITSERV_VA":261.77,"ITSERV_EXP":41.1,"SERFIN_VA":1670.55,"SERFIN_EXP":50.1,"GOBEST_VA":2446.76,"GOBEST_EXP":20.78,"SPRSCT_VA":1329.76,"SPRSCT_EXP":258.8,"SEAEMP_VA":835.9,"SEAEMP_EXP":143.87,"ADPDEF_VA":1547.81,"ADPDEF_EXP":0.96,"EDUCAC_VA":1260.45,"EDUCAC_EXP":2.0,"SALUDH_VA":1742.52,"SALUDH_EXP":1.64,"ESPARC_VA":554.21,"ESPARC_EXP":4.66,"OTRSER_VA":736.81,"OTRSER_EXP":3.23,"SERHOG_VA":0.0,"SERHOG_EXP":0.0}},{"type":"Feature","geometry":{"type":"Point","coordinates":[25.49,42.73]},"properties":{"id":"BGR","name":"Bulgaria","continent":"europe","year":2000,"AGRPFO_VA":1399.96,"AGRPFO_EXP":142.35,"FORLOG_VA":51.56,"FORLOG_EXP":7.05,"PESCAC_VA":6.36,"PESCAC_EXP":1.02,"MINCOL_VA":69.97,"MINCOL_EXP":1.13,"PETGAS_VA":16.76,"PETGAS_EXP":0.74,"MINORE_VA":100.68,"MINORE_EXP":120.71,"MINOTH_VA":34.6,"MINOTH_EXP":12.4,"MINSER_VA":0.04,"MINSER_EXP":0.02,"ALYBEB_VA":344.2,"ALYBEB_EXP":137.36,"TEXYPR_VA":251.12,"TEXYPR_EXP":141.05,"MADYPR_VA":26.21,"MADYPR_EXP":25.25,"PAPYPR_VA":43.91,"PAPYPR_EXP":23.54,"PETREF_VA":377.42,"PETREF_EXP":171.18,"QUIMYP_VA":125.28,"QUIMYP_EXP":127.17,"FARMED_VA":65.06,"FARMED_EXP":27.35,"HUPLAS_VA":44.26,"HUPLAS_EXP":17.85,"PRNOMT_VA":83.69,"PRNOMT_EXP":34.01,"METBAS_VA":100.95,"METBAS_EXP":202.72,"NONFER_VA":73.38,"NONFER_EXP":99.67,"PRMETA_VA":78.93,"PRMETA_EXP":44.5,"ELCTRO_VA":33.78,"ELCTRO_EXP":25.22,"ELCTRI_VA":39.92,"ELCTRI_EXP":33.97,"MAQYEQ_VA":99.95,"MAQYEQ_EXP":94.75,"AUTOMO_VA":19.29,"AUTOMO_EXP":6.69,"OTRTRA_VA":10.02,"OTRTRA_EXP":4.57,"TRANSP_VA":10.7,"TRANSP_EXP":5.6,"OTRMAN_VA":85.86,"OTRMAN_EXP":132.69,"ELEGAS_VA":543.47,"ELEGAS_EXP":117.1,"AGUBAS_VA":106.85,"AGUBAS_EXP":4.81,"CONSTR_VA":626.95,"CONSTR_EXP":25.22,"COMREV_VA":1283.98,"COMREV_EXP":285.66,"TRATIE_VA":599.25,"TRATIE_EXP":514.03,"TRAGUA_VA":76.99,"TRAGUA_EXP":259.26,"TRAAIR_VA":51.46,"TRAAIR_EXP":222.79,"ALMSTR_VA":133.65,"ALMSTR_EXP":258.79,"POSTME_VA":236.66,"POSTME_EXP":19.09,"HOTYRE_VA":273.69,"HOTYRE_EXP":398.08,"MMTVRA_VA":90.57,"MMTVRA_EXP":25.86,"TELECO_VA":264.07,"TELECO_EXP":112.27,"ITSERV_VA":40.66,"ITSERV_EXP":18.21,"SERFIN_VA":285.34,"SERFIN_EXP":153.54,"GOBEST_VA":1335.39,"GOBEST_EXP":126.0,"SPRSCT_VA":200.28,"SPRSCT_EXP":76.8,"SEAEMP_VA":323.61,"SEAEMP_EXP":101.94,"ADPDEF_VA":899.23,"ADPDEF_EXP":0.03,"EDUCAC_VA":691.45,"EDUCAC_EXP":22.71,"SALUDH_VA":415.51,"SALUDH_EXP":34.54,"ESPARC_VA":105.26,"ESPARC_EXP":41.56,"OTRSER_VA":153.52,"OTRSER_EXP":21.42,"SERHOG_VA":16.43,"SERHOG_EXP":0.0}},{"type":"Feature","geometry":{"type":"Point","coordinates":[27.95,53.71]},"properties":{"id":"BLR","name":"Bielorrusia","continent":"europe","year":2000,"AGRPFO_VA":1011.51,"AGRPFO_EXP":141.8,"FORLOG_VA":56.89,"FORLOG_EXP":19.35,"PESCAC_VA":20.99,"PESCAC_EXP":4.95,"MINCOL_VA":1.96,"MINCOL_EXP":0.13,"PETGAS_VA":55.93,"PETGAS_EXP":40.58,"MINORE_VA":1.63,"MINORE_EXP":0.08,"MINOTH_VA":32.22,"MINOTH_EXP":17.54,"MINSER_VA":17.48,"MINSER_EXP":2.2,"ALYBEB_VA":653.94,"ALYBEB_EXP":410.32,"TEXYPR_VA":378.44,"TEXYPR_EXP":560.47,"MADYPR_VA":77.31,"MADYPR_EXP":137.82,"PAPYPR_VA":162.32,"PAPYPR_EXP":116.42,"PETREF_VA":514.4,"PETREF_EXP":301.83,"QUIMYP_VA":279.63,"QUIMYP_EXP":961.38,"FARMED_VA":73.03,"FARMED_EXP":56.98,"HUPLAS_VA":94.73,"HUPLAS_EXP":188.39,"PRNOMT_VA":161.37,"PRNOMT_EXP":141.01,"METBAS_VA":91.45,"METBAS_EXP":252.92,"NONFER_VA":71.45,"NONFER_EXP":17.92,"PRMETA_VA":114.43,"PRMETA_EXP":179.79,"ELCTRO_VA":90.31,"ELCTRO_EXP":156.58,"ELCTRI_VA":97.81,"ELCTRI_EXP":293.96,"MAQYEQ_VA":223.71,"MAQYEQ_EXP":568.82,"AUTOMO_VA":317.39,"AUTOMO_EXP":37.26,"OTRTRA_VA":24.22,"OTRTRA_EXP":2.71,"TRANSP_VA":26.1,"TRANSP_EXP":21.6,"OTRMAN_VA":186.2,"OTRMAN_EXP":213.28,"ELEGAS_VA":278.6,"ELEGAS_EXP":3.77,"AGUBAS_VA":83.0,"AGUBAS_EXP":2.41,"CONSTR_VA":652.47,"CONSTR_EXP":12.46,"COMREV_VA":886.98,"COMREV_EXP":312.75,"TRATIE_VA":252.29,"TRATIE_EXP":63.49,"TRAGUA_VA":74.49,"TRAGUA_EXP":185.84,"TRAAIR_VA":50.55,"TRAAIR_EXP":150.06,"ALMSTR_VA":86.33,"ALMSTR_EXP":45.6,"POSTME_VA":15.49,"POSTME_EXP":0.39,"HOTYRE_VA":215.66,"HOTYRE_EXP":23.08,"MMTVRA_VA":61.04,"MMTVRA_EXP":31.36,"TELECO_VA":153.75,"TELECO_EXP":41.47,"ITSERV_VA":46.93,"ITSERV_EXP":56.28,"SERFIN_VA":324.18,"SERFIN_EXP":59.51,"GOBEST_VA":418.36,"GOBEST_EXP":18.79,"SPRSCT_VA":239.73,"SPRSCT_EXP":183.87,"SEAEMP_VA":151.89,"SEAEMP_EXP":77.58,"ADPDEF_VA":443.34,"ADPDEF_EXP":1.3,"EDUCAC_VA":309.05,"EDUCAC_EXP":2.06,"SALUDH_VA":336.76,"SALUDH_EXP":1.55,"ESPARC_VA":64.79,"ESPARC_EXP":5.38,"OTRSER_VA":92.82,"OTRSER_EXP":2.55,"SERHOG_VA":0.0,"SERHOG_EXP":0.0}},{"type":"Feature","geometry":{"type":"Point","coordinates":[-51.93,-14.24]},"properties":{"id":"BRA","name":"Brasil","continent":"america","year":2000,"AGRPFO_VA":23678.57,"AGRPFO_EXP":3498.14,"FORLOG_VA":2378.43,"FORLOG_EXP":55.62,"PESCAC_VA":1426.7,"PESCAC_EXP":14.0,"MINCOL_VA":1130.1,"MINCOL_EXP":0.94,"PETGAS_VA":5900.47,"PETGAS_EXP":173.57,"MINORE_VA":678.1,"MINORE_EXP":1468.59,"MINOTH_VA":963.86,"MINOTH_EXP":294.3,"MINSER_VA":698.72,"MINSER_EXP":36.86,"ALYBEB_VA":12818.25,"ALYBEB_EXP":6356.62,"TEXYPR_VA":9961.82,"TEXYPR_EXP":2496.54,"MADYPR_VA":1778.32,"MADYPR_EXP":975.18,"PAPYPR_VA":6516.32,"PAPYPR_EXP":2278.43,"PETREF_VA":7177.59,"PETREF_EXP":1725.88,"QUIMYP_VA":7581.95,"QUIMYP_EXP":2563.27,"FARMED_VA":3902.75,"FARMED_EXP":464.18,"HUPLAS_VA":3443.16,"HUPLAS_EXP":864.85,"PRNOMT_VA":3300.49,"PRNOMT_EXP":660.7,"METBAS_VA":2284.53,"METBAS_EXP":3210.63,"NONFER_VA":1193.18,"NONFER_EXP":2373.84,"PRMETA_VA":5184.31,"PRMETA_EXP":591.06,"ELCTRO_VA":3315.92,"ELCTRO_EXP":2346.29,"ELCTRI_VA":2614.92,"ELCTRI_EXP":1077.55,"MAQYEQ_VA":6750.4,"MAQYEQ_EXP":2188.93,"AUTOMO_VA":7972.32,"AUTOMO_EXP":4918.59,"OTRTRA_VA":480.29,"OTRTRA_EXP":6.64,"TRANSP_VA":981.35,"TRANSP_EXP":2176.9,"OTRMAN_VA":3265.08,"OTRMAN_EXP":1618.06,"ELEGAS_VA":16495.6,"ELEGAS_EXP":37.54,"AGUBAS_VA":4441.52,"AGUBAS_EXP":0.36,"CONSTR_VA":38723.96,"CONSTR_EXP":3.39,"COMREV_VA":89186.28,"COMREV_EXP":10919.82,"TRATIE_VA":16238.1,"TRATIE_EXP":1228.63,"TRAGUA_VA":600.67,"TRAGUA_EXP":253.14,"TRAAIR_VA":1092.21,"TRAAIR_EXP":398.18,"ALMSTR_VA":6346.12,"ALMSTR_EXP":665.19,"POSTME_VA":1949.99,"POSTME_EXP":2.13,"HOTYRE_VA":11753.33,"HOTYRE_EXP":432.37,"MMTVRA_VA":3903.84,"MMTVRA_EXP":170.44,"TELECO_VA":9823.8,"TELECO_EXP":144.3,"ITSERV_VA":7413.01,"ITSERV_EXP":102.57,"SERFIN_VA":33616.79,"SERFIN_EXP":566.69,"GOBEST_VA":63701.46,"GOBEST_EXP":16.72,"SPRSCT_VA":22393.28,"SPRSCT_EXP":2885.33,"SEAEMP_VA":20413.14,"SEAEMP_EXP":1371.95,"ADPDEF_VA":50912.95,"ADPDEF_EXP":158.41,"EDUCAC_VA":27137.59,"EDUCAC_EXP":532.05,"SALUDH_VA":15336.66,"SALUDH_EXP":22.05,"ESPARC_VA":5978.71,"ESPARC_EXP":133.89,"OTRSER_VA":13958.97,"OTRSER_EXP":25.52,"SERHOG_VA":5789.98,"SERHOG_EXP":0.0}},{"type":"Feature","geometry":{"type":"Point","coordinates":[114.73,4.54]},"properties":{"id":"BRN","name":"Brunéi","continent":"asia","year":2000,"AGRPFO_VA":18.64,"AGRPFO_EXP":0.73,"FORLOG_VA":6.45,"FORLOG_EXP":0.03,"PESCAC_VA":18.78,"PESCAC_EXP":0.11,"MINCOL_VA":315.21,"MINCOL_EXP":0.0,"PETGAS_VA":2518.95,"PETGAS_EXP":3218.77,"MINORE_VA":340.97,"MINORE_EXP":0.01,"MINOTH_VA":236.97,"MINOTH_EXP":0.08,"MINSER_VA":197.41,"MINSER_EXP":42.86,"ALYBEB_VA":6.87,"ALYBEB_EXP":0.49,"TEXYPR_VA":11.84,"TEXYPR_EXP":9.97,"MADYPR_VA":1.26,"MADYPR_EXP":0.07,"PAPYPR_VA":3.11,"PAPYPR_EXP":0.22,"PETREF_VA":734.98,"PETREF_EXP":99.2,"QUIMYP_VA":4.54,"QUIMYP_EXP":0.06,"FARMED_VA":3.43,"FARMED_EXP":0.14,"HUPLAS_VA":4.89,"HUPLAS_EXP":0.13,"PRNOMT_VA":9.87,"PRNOMT_EXP":0.18,"METBAS_VA":0.96,"METBAS_EXP":0.05,"NONFER_VA":0.77,"NONFER_EXP":0.05,"PRMETA_VA":3.98,"PRMETA_EXP":0.08,"ELCTRO_VA":1.32,"ELCTRO_EXP":0.13,"ELCTRI_VA":2.28,"ELCTRI_EXP":0.04,"MAQYEQ_VA":3.78,"MAQYEQ_EXP":0.19,"AUTOMO_VA":0.0,"AUTOMO_EXP":0.0,"OTRTRA_VA":2.56,"OTRTRA_EXP":0.02,"TRANSP_VA":2.61,"TRANSP_EXP":0.05,"OTRMAN_VA":2.17,"OTRMAN_EXP":2.55,"ELEGAS_VA":40.48,"ELEGAS_EXP":0.07,"AGUBAS_VA":10.74,"AGUBAS_EXP":0.23,"CONSTR_VA":107.1,"CONSTR_EXP":0.14,"COMREV_VA":289.75,"COMREV_EXP":17.35,"TRATIE_VA":45.22,"TRATIE_EXP":8.99,"TRAGUA_VA":54.35,"TRAGUA_EXP":8.47,"TRAAIR_VA":16.67,"TRAAIR_EXP":17.08,"ALMSTR_VA":17.84,"ALMSTR_EXP":5.11,"POSTME_VA":3.74,"POSTME_EXP":3.97,"HOTYRE_VA":61.76,"HOTYRE_EXP":18.62,"MMTVRA_VA":5.09,"MMTVRA_EXP":0.91,"TELECO_VA":115.49,"TELECO_EXP":5.44,"ITSERV_VA":12.47,"ITSERV_EXP":4.64,"SERFIN_VA":339.65,"SERFIN_EXP":6.09,"GOBEST_VA":98.09,"GOBEST_EXP":4.76,"SPRSCT_VA":123.59,"SPRSCT_EXP":50.16,"SEAEMP_VA":37.97,"SEAEMP_EXP":20.31,"ADPDEF_VA":642.23,"ADPDEF_EXP":0.05,"EDUCAC_VA":167.7,"EDUCAC_EXP":1.43,"SALUDH_VA":81.12,"SALUDH_EXP":1.1,"ESPARC_VA":6.89,"ESPARC_EXP":1.18,"OTRSER_VA":8.87,"OTRSER_EXP":1.13,"SERHOG_VA":6.47,"SERHOG_EXP":0.0}},{"type":"Feature","geometry":{"type":"Point","coordinates":[-106.35,56.13]},"properties":{"id":"CAN","name":"Canadá","continent":"america","year":2000,"AGRPFO_VA":8891.86,"AGRPFO_EXP":6215.71,"FORLOG_VA":4046.08,"FORLOG_EXP":538.12,"PESCAC_VA":1014.03,"PESCAC_EXP":652.73,"MINCOL_VA":618.6,"MINCOL_EXP":899.12,"PETGAS_VA":30496.52,"PETGAS_EXP":40536.71,"MINORE_VA":3575.96,"MINORE_EXP":4384.42,"MINOTH_VA":2035.76,"MINOTH_EXP":1280.87,"MINSER_VA":3170.99,"MINSER_EXP":308.02,"ALYBEB_VA":13662.21,"ALYBEB_EXP":12151.45,"TEXYPR_VA":5309.04,"TEXYPR_EXP":4278.62,"MADYPR_VA":8083.46,"MADYPR_EXP":13536.74,"PAPYPR_VA":12744.31,"PAPYPR_EXP":19666.95,"PETREF_VA":1561.37,"PETREF_EXP":6263.94,"QUIMYP_VA":6852.6,"QUIMYP_EXP":11113.22,"FARMED_VA":1939.86,"FARMED_EXP":1663.63,"HUPLAS_VA":6052.14,"HUPLAS_EXP":8123.48,"PRNOMT_VA":3367.09,"PRNOMT_EXP":2042.59,"METBAS_VA":3855.76,"METBAS_EXP":3138.21,"NONFER_VA":3797.18,"NONFER_EXP":12169.21,"PRMETA_VA":9067.68,"PRMETA_EXP":8731.13,"ELCTRO_VA":8224.48,"ELCTRO_EXP":6527.67,"ELCTRI_VA":2923.25,"ELCTRI_EXP":5010.54,"MAQYEQ_VA":8104.36,"MAQYEQ_EXP":11417.72,"AUTOMO_VA":20259.06,"AUTOMO_EXP":37995.03,"OTRTRA_VA":357.25,"OTRTRA_EXP":547.91,"TRANSP_VA":5740.24,"TRANSP_EXP":9484.27,"OTRMAN_VA":8672.11,"OTRMAN_EXP":6437.7,"ELEGAS_VA":17632.95,"ELEGAS_EXP":3976.81,"AGUBAS_VA":2206.85,"AGUBAS_EXP":93.89,"CONSTR_VA":35033.18,"CONSTR_EXP":261.6,"COMREV_VA":72290.6,"COMREV_EXP":28852.06,"TRATIE_VA":18117.54,"TRATIE_EXP":3169.7,"TRAGUA_VA":761.36,"TRAGUA_EXP":481.36,"TRAAIR_VA":3351.87,"TRAAIR_EXP":5119.72,"ALMSTR_VA":5087.09,"ALMSTR_EXP":1199.81,"POSTME_VA":3895.94,"POSTME_EXP":523.19,"HOTYRE_VA":16369.54,"HOTYRE_EXP":4979.73,"MMTVRA_VA":9460.23,"MMTVRA_EXP":2451.01,"TELECO_VA":11592.26,"TELECO_EXP":709.95,"ITSERV_VA":8284.54,"ITSERV_EXP":2103.3,"SERFIN_VA":46753.54,"SERFIN_EXP":4999.1,"GOBEST_VA":71982.0,"GOBEST_EXP":592.71,"SPRSCT_VA":40944.61,"SPRSCT_EXP":4309.6,"SEAEMP_VA":18091.07,"SEAEMP_EXP":3358.98,"ADPDEF_VA":43554.41,"ADPDEF_EXP":1353.95,"EDUCAC_VA":35119.28,"EDUCAC_EXP":769.41,"SALUDH_VA":42090.67,"SALUDH_EXP":387.79,"ESPARC_VA":6316.02,"ESPARC_EXP":1787.84,"OTRSER_VA":9318.66,"OTRSER_EXP":184.19,"SERHOG_VA":1426.23,"SERHOG_EXP":0.0}},{"type":"Feature","geometry":{"type":"Point","coordinates":[8.23,46.82]},"properties":{"id":"CHE","name":"Suiza","continent":"europe","year":2000,"AGRPFO_VA":2646.54,"AGRPFO_EXP":117.32,"FORLOG_VA":186.37,"FORLOG_EXP":118.04,"PESCAC_VA":13.84,"PESCAC_EXP":8.53,"MINCOL_VA":0.0,"MINCOL_EXP":0.0,"PETGAS_VA":0.0,"PETGAS_EXP":0.0,"MINORE_VA":34.47,"MINORE_EXP":20.82,"MINOTH_VA":351.24,"MINOTH_EXP":96.36,"MINSER_VA":41.75,"MINSER_EXP":13.13,"ALYBEB_VA":4235.44,"ALYBEB_EXP":2711.61,"TEXYPR_VA":858.97,"TEXYPR_EXP":1497.06,"MADYPR_VA":1715.06,"MADYPR_EXP":373.81,"PAPYPR_VA":2798.52,"PAPYPR_EXP":1469.46,"PETREF_VA":125.56,"PETREF_EXP":247.68,"QUIMYP_VA":2751.32,"QUIMYP_EXP":4140.73,"FARMED_VA":6344.7,"FARMED_EXP":5750.59,"HUPLAS_VA":1726.64,"HUPLAS_EXP":1820.72,"PRNOMT_VA":1350.11,"PRNOMT_EXP":509.39,"METBAS_VA":627.13,"METBAS_EXP":655.07,"NONFER_VA":685.49,"NONFER_EXP":1544.48,"PRMETA_VA":5068.81,"PRMETA_EXP":2421.85,"ELCTRO_VA":8057.18,"ELCTRO_EXP":8622.33,"ELCTRI_VA":3144.03,"ELCTRI_EXP":4910.19,"MAQYEQ_VA":7040.15,"MAQYEQ_EXP":11324.14,"AUTOMO_VA":300.51,"AUTOMO_EXP":515.21,"OTRTRA_VA":16.06,"OTRTRA_EXP":6.32,"TRANSP_VA":311.23,"TRANSP_EXP":492.82,"OTRMAN_VA":3323.52,"OTRMAN_EXP":2301.63,"ELEGAS_VA":6255.1,"ELEGAS_EXP":19.42,"AGUBAS_VA":1170.08,"AGUBAS_EXP":7.73,"CONSTR_VA":14362.17,"CONSTR_EXP":232.53,"COMREV_VA":38799.32,"COMREV_EXP":16257.02,"TRATIE_VA":5672.23,"TRATIE_EXP":4704.88,"TRAGUA_VA":205.71,"TRAGUA_EXP":3068.67,"TRAAIR_VA":909.51,"TRAAIR_EXP":2134.4,"ALMSTR_VA":1899.38,"ALMSTR_EXP":887.67,"POSTME_VA":2087.95,"POSTME_EXP":968.25,"HOTYRE_VA":6959.27,"HOTYRE_EXP":2218.32,"MMTVRA_VA":2141.48,"MMTVRA_EXP":2122.44,"TELECO_VA":4331.75,"TELECO_EXP":1207.85,"ITSERV_VA":6245.27,"ITSERV_EXP":3612.07,"SERFIN_VA":34986.05,"SERFIN_EXP":19900.42,"GOBEST_VA":18764.89,"GOBEST_EXP":598.23,"SPRSCT_VA":18867.03,"SPRSCT_EXP":2213.86,"SEAEMP_VA":6037.09,"SEAEMP_EXP":2210.36,"ADPDEF_VA":22104.1,"ADPDEF_EXP":319.01,"EDUCAC_VA":2017.5,"EDUCAC_EXP":140.79,"SALUDH_VA":16402.42,"SALUDH_EXP":157.82,"ESPARC_VA":2008.34,"ESPARC_EXP":367.15,"OTRSER_VA":3415.74,"OTRSER_EXP":113.59,"SERHOG_VA":984.23,"SERHOG_EXP":0.0}},{"type":"Feature","geometry":{"type":"Point","coordinates":[-71.54,-35.68]},"properties":{"id":"CHL","name":"Chile","continent":"america","year":2000,"AGRPFO_VA":1997.51,"AGRPFO_EXP":984.95,"FORLOG_VA":572.7,"FORLOG_EXP":46.48,"PESCAC_VA":783.85,"PESCAC_EXP":677.83,"MINCOL_VA":10.44,"MINCOL_EXP":0.2,"PETGAS_VA":70.97,"PETGAS_EXP":3.18,"MINORE_VA":7749.74,"MINORE_EXP":8468.68,"MINOTH_VA":284.39,"MINOTH_EXP":26.81,"MINSER_VA":196.25,"MINSER_EXP":15.25,"ALYBEB_VA":2740.33,"ALYBEB_EXP":2124.97,"TEXYPR_VA":297.46,"TEXYPR_EXP":283.8,"MADYPR_VA":354.03,"MADYPR_EXP":771.45,"PAPYPR_VA":762.27,"PAPYPR_EXP":853.55,"PETREF_VA":346.21,"PETREF_EXP":333.35,"QUIMYP_VA":1019.38,"QUIMYP_EXP":487.12,"FARMED_VA":227.23,"FARMED_EXP":21.41,"HUPLAS_VA":318.99,"HUPLAS_EXP":170.58,"PRNOMT_VA":421.14,"PRNOMT_EXP":59.57,"METBAS_VA":125.84,"METBAS_EXP":75.99,"NONFER_VA":231.5,"NONFER_EXP":108.51,"PRMETA_VA":545.78,"PRMETA_EXP":148.07,"ELCTRO_VA":1314.27,"ELCTRO_EXP":70.49,"ELCTRI_VA":223.62,"ELCTRI_EXP":104.51,"MAQYEQ_VA":261.25,"MAQYEQ_EXP":192.76,"AUTOMO_VA":0.14,"AUTOMO_EXP":0.05,"OTRTRA_VA":66.53,"OTRTRA_EXP":25.13,"TRANSP_VA":126.38,"TRANSP_EXP":36.16,"OTRMAN_VA":401.55,"OTRMAN_EXP":390.21,"ELEGAS_VA":1630.33,"ELEGAS_EXP":16.98,"AGUBAS_VA":472.86,"AGUBAS_EXP":0.56,"CONSTR_VA":3745.7,"CONSTR_EXP":0.43,"COMREV_VA":6825.98,"COMREV_EXP":1576.0,"TRATIE_VA":2465.71,"TRATIE_EXP":766.72,"TRAGUA_VA":159.79,"TRAGUA_EXP":1145.98,"TRAAIR_VA":629.12,"TRAAIR_EXP":842.95,"ALMSTR_VA":1023.26,"ALMSTR_EXP":350.36,"POSTME_VA":104.89,"POSTME_EXP":153.88,"HOTYRE_VA":1391.05,"HOTYRE_EXP":309.16,"MMTVRA_VA":243.04,"MMTVRA_EXP":60.26,"TELECO_VA":1247.3,"TELECO_EXP":215.19,"ITSERV_VA":834.89,"ITSERV_EXP":83.89,"SERFIN_VA":3532.55,"SERFIN_EXP":306.96,"GOBEST_VA":5714.43,"GOBEST_EXP":101.06,"SPRSCT_VA":5087.23,"SPRSCT_EXP":201.41,"SEAEMP_VA":2846.79,"SEAEMP_EXP":298.94,"ADPDEF_VA":3732.01,"ADPDEF_EXP":42.41,"EDUCAC_VA":3698.36,"EDUCAC_EXP":19.12,"SALUDH_VA":3452.23,"SALUDH_EXP":15.17,"ESPARC_VA":293.31,"ESPARC_EXP":94.51,"OTRSER_VA":1192.84,"OTRSER_EXP":24.77,"SERHOG_VA":0.0,"SERHOG_EXP":0.0}},{"type":"Feature","geometry":{"type":"Point","coordinates":[104.2,35.86]},"properties":{"id":"CHN","name":"China","continent":"asia","year":2000,"AGRPFO_VA":137101.84,"AGRPFO_EXP":3095.44,"FORLOG_VA":10089.94,"FORLOG_EXP":19.27,"PESCAC_VA":16585.96,"PESCAC_EXP":348.47,"MINCOL_VA":14186.89,"MINCOL_EXP":1032.63,"PETGAS_VA":20275.36,"PETGAS_EXP":1611.83,"MINORE_VA":5891.48,"MINORE_EXP":579.33,"MINOTH_VA":4806.38,"MINOTH_EXP":792.92,"MINSER_VA":1133.0,"MINSER_EXP":209.67,"ALYBEB_VA":48475.47,"ALYBEB_EXP":7917.05,"TEXYPR_VA":42211.26,"TEXYPR_EXP":49668.65,"MADYPR_VA":4344.42,"MADYPR_EXP":1809.91,"PAPYPR_VA":14197.61,"PAPYPR_EXP":1056.45,"PETREF_VA":16615.46,"PETREF_EXP":2254.22,"QUIMYP_VA":31508.35,"QUIMYP_EXP":8230.83,"FARMED_VA":10627.35,"FARMED_EXP":1331.02,"HUPLAS_VA":15833.74,"HUPLAS_EXP":4856.43,"PRNOMT_VA":24682.0,"PRNOMT_EXP":2895.4,"METBAS_VA":23595.77,"METBAS_EXP":2922.72,"NONFER_VA":9676.48,"NONFER_EXP":2214.82,"PRMETA_VA":12554.63,"PRMETA_EXP":6160.32,"ELCTRO_VA":32959.53,"ELCTRO_EXP":37106.44,"ELCTRI_VA":23154.54,"ELCTRI_EXP":12999.42,"MAQYEQ_VA":29730.95,"MAQYEQ_EXP":7042.12,"AUTOMO_VA":26954.54,"AUTOMO_EXP":2351.61,"OTRTRA_VA":1582.21,"OTRTRA_EXP":1160.09,"TRANSP_VA":3241.63,"TRANSP_EXP":2652.92,"OTRMAN_VA":7409.93,"OTRMAN_EXP":14044.87,"ELEGAS_VA":40773.44,"ELEGAS_EXP":402.2,"AGUBAS_VA":5454.04,"AGUBAS_EXP":0.06,"CONSTR_VA":70612.88,"CONSTR_EXP":0.21,"COMREV_VA":89373.64,"COMREV_EXP":11060.68,"TRATIE_VA":41316.27,"TRATIE_EXP":5292.85,"TRAGUA_VA":11994.96,"TRAGUA_EXP":7910.64,"TRAAIR_VA":4782.4,"TRAAIR_EXP":7287.93,"ALMSTR_VA":6261.56,"ALMSTR_EXP":4268.52,"POSTME_VA":2859.44,"POSTME_EXP":21.45,"HOTYRE_VA":23137.88,"HOTYRE_EXP":4123.1,"MMTVRA_VA":2719.83,"MMTVRA_EXP":726.89,"TELECO_VA":17659.64,"TELECO_EXP":788.64,"ITSERV_VA":7922.44,"ITSERV_EXP":995.23,"SERFIN_VA":50604.66,"SERFIN_EXP":834.89,"GOBEST_VA":44825.28,"GOBEST_EXP":1371.36,"SPRSCT_VA":13622.53,"SPRSCT_EXP":5946.15,"SEAEMP_VA":17934.1,"SEAEMP_EXP":5501.01,"ADPDEF_VA":42380.23,"ADPDEF_EXP":0.35,"EDUCAC_VA":33753.15,"EDUCAC_EXP":170.85,"SALUDH_VA":18382.24,"SALUDH_EXP":251.56,"ESPARC_VA":5741.14,"ESPARC_EXP":616.12,"OTRSER_VA":18471.29,"OTRSER_EXP":251.04,"SERHOG_VA":0.0,"SERHOG_EXP":0.0}},{"type":"Feature","geometry":{"type":"Point","coordinates":[-5.55,7.54]},"properties":{"id":"CIV","name":"Costa de Marfil","continent":"other","year":2000,"AGRPFO_VA":2612.1,"AGRPFO_EXP":1202.85,"FORLOG_VA":73.8,"FORLOG_EXP":1.89,"PESCAC_VA":29.8,"PESCAC_EXP":1.37,"MINCOL_VA":0.78,"MINCOL_EXP":1.58,"PETGAS_VA":8.02,"PETGAS_EXP":16.58,"MINORE_VA":20.65,"MINORE_EXP":28.38,"MINOTH_VA":2.65,"MINOTH_EXP":5.72,"MINSER_VA":1.94,"MINSER_EXP":3.02,"ALYBEB_VA":552.54,"ALYBEB_EXP":481.32,"TEXYPR_VA":312.7,"TEXYPR_EXP":124.12,"MADYPR_VA":142.04,"MADYPR_EXP":169.17,"PAPYPR_VA":75.19,"PAPYPR_EXP":1.84,"PETREF_VA":220.01,"PETREF_EXP":340.0,"QUIMYP_VA":60.03,"QUIMYP_EXP":101.44,"FARMED_VA":41.3,"FARMED_EXP":1.25,"HUPLAS_VA":68.95,"HUPLAS_EXP":84.26,"PRNOMT_VA":98.6,"PRNOMT_EXP":25.39,"METBAS_VA":8.25,"METBAS_EXP":12.77,"NONFER_VA":8.03,"NONFER_EXP":23.9,"PRMETA_VA":70.66,"PRMETA_EXP":10.12,"ELCTRO_VA":0.0,"ELCTRO_EXP":0.0,"ELCTRI_VA":0.52,"ELCTRI_EXP":0.11,"MAQYEQ_VA":29.5,"MAQYEQ_EXP":6.95,"AUTOMO_VA":9.42,"AUTOMO_EXP":1.69,"OTRTRA_VA":1.8,"OTRTRA_EXP":0.35,"TRANSP_VA":3.07,"TRANSP_EXP":0.23,"OTRMAN_VA":133.73,"OTRMAN_EXP":21.68,"ELEGAS_VA":185.94,"ELEGAS_EXP":40.39,"AGUBAS_VA":32.19,"AGUBAS_EXP":0.33,"CONSTR_VA":229.69,"CONSTR_EXP":4.73,"COMREV_VA":1329.64,"COMREV_EXP":332.35,"TRATIE_VA":243.28,"TRATIE_EXP":73.74,"TRAGUA_VA":20.84,"TRAGUA_EXP":44.22,"TRAAIR_VA":47.39,"TRAAIR_EXP":47.29,"ALMSTR_VA":155.47,"ALMSTR_EXP":48.89,"POSTME_VA":33.62,"POSTME_EXP":10.65,"HOTYRE_VA":60.42,"HOTYRE_EXP":18.79,"MMTVRA_VA":60.33,"MMTVRA_EXP":10.76,"TELECO_VA":131.15,"TELECO_EXP":20.56,"ITSERV_VA":136.28,"ITSERV_EXP":67.0,"SERFIN_VA":371.83,"SERFIN_EXP":17.95,"GOBEST_VA":615.24,"GOBEST_EXP":8.47,"SPRSCT_VA":156.84,"SPRSCT_EXP":27.95,"SEAEMP_VA":309.43,"SEAEMP_EXP":2.38,"ADPDEF_VA":947.24,"ADPDEF_EXP":0.08,"EDUCAC_VA":323.95,"EDUCAC_EXP":1.5,"SALUDH_VA":78.34,"SALUDH_EXP":0.93,"ESPARC_VA":17.73,"ESPARC_EXP":1.95,"OTRSER_VA":321.07,"OTRSER_EXP":0.98,"SERHOG_VA":25.56,"SERHOG_EXP":0.0}},{"type":"Feature","geometry":{"type":"Point","coordinates":[12.35,7.37]},"properties":{"id":"CMR","name":"Camerún","continent":"other","year":2000,"AGRPFO_VA":1277.19,"AGRPFO_EXP":314.82,"FORLOG_VA":436.7,"FORLOG_EXP":55.94,"PESCAC_VA":185.47,"PESCAC_EXP":0.83,"MINCOL_VA":88.13,"MINCOL_EXP":8.95,"PETGAS_VA":610.92,"PETGAS_EXP":634.45,"MINORE_VA":6.9,"MINORE_EXP":0.36,"MINOTH_VA":43.75,"MINOTH_EXP":0.35,"MINSER_VA":56.86,"MINSER_EXP":89.99,"ALYBEB_VA":874.78,"ALYBEB_EXP":46.47,"TEXYPR_VA":366.86,"TEXYPR_EXP":123.6,"MADYPR_VA":106.17,"MADYPR_EXP":112.8,"PAPYPR_VA":18.71,"PAPYPR_EXP":1.67,"PETREF_VA":59.29,"PETREF_EXP":92.07,"QUIMYP_VA":15.34,"QUIMYP_EXP":12.26,"FARMED_VA":9.31,"FARMED_EXP":0.23,"HUPLAS_VA":9.52,"HUPLAS_EXP":1.77,"PRNOMT_VA":30.49,"PRNOMT_EXP":25.9,"METBAS_VA":3.07,"METBAS_EXP":4.45,"NONFER_VA":17.27,"NONFER_EXP":47.64,"PRMETA_VA":7.12,"PRMETA_EXP":6.92,"ELCTRO_VA":4.09,"ELCTRO_EXP":1.32,"ELCTRI_VA":2.74,"ELCTRI_EXP":2.08,"MAQYEQ_VA":3.55,"MAQYEQ_EXP":2.83,"AUTOMO_VA":3.76,"AUTOMO_EXP":0.51,"OTRTRA_VA":0.53,"OTRTRA_EXP":0.53,"TRANSP_VA":0.81,"TRANSP_EXP":0.59,"OTRMAN_VA":62.77,"OTRMAN_EXP":2.28,"ELEGAS_VA":72.87,"ELEGAS_EXP":0.09,"AGUBAS_VA":69.44,"AGUBAS_EXP":0.3,"CONSTR_VA":672.78,"CONSTR_EXP":1.88,"COMREV_VA":870.55,"COMREV_EXP":127.48,"TRATIE_VA":471.46,"TRATIE_EXP":48.0,"TRAGUA_VA":58.34,"TRAGUA_EXP":38.32,"TRAAIR_VA":67.34,"TRAAIR_EXP":24.58,"ALMSTR_VA":222.95,"ALMSTR_EXP":26.83,"POSTME_VA":85.67,"POSTME_EXP":7.25,"HOTYRE_VA":526.53,"HOTYRE_EXP":8.56,"MMTVRA_VA":47.75,"MMTVRA_EXP":22.46,"TELECO_VA":73.6,"TELECO_EXP":7.76,"ITSERV_VA":102.95,"ITSERV_EXP":6.13,"SERFIN_VA":145.31,"SERFIN_EXP":21.77,"GOBEST_VA":477.0,"GOBEST_EXP":4.47,"SPRSCT_VA":281.31,"SPRSCT_EXP":165.48,"SEAEMP_VA":175.48,"SEAEMP_EXP":152.73,"ADPDEF_VA":566.52,"ADPDEF_EXP":0.05,"EDUCAC_VA":282.88,"EDUCAC_EXP":2.33,"SALUDH_VA":109.52,"SALUDH_EXP":0.51,"ESPARC_VA":117.77,"ESPARC_EXP":67.01,"OTRSER_VA":129.59,"OTRSER_EXP":0.72,"SERHOG_VA":9.96,"SERHOG_EXP":0.0}},{"type":"Feature","geometry":{"type":"Point","coordinates":[21.76,-4.04]},"properties":{"id":"COD","name":"R.D. Congo","continent":"other","year":2000,"AGRPFO_VA":1402.53,"AGRPFO_EXP":30.96,"FORLOG_VA":151.07,"FORLOG_EXP":15.71,"PESCAC_VA":130.13,"PESCAC_EXP":0.38,"MINCOL_VA":2.93,"MINCOL_EXP":2.45,"PETGAS_VA":186.87,"PETGAS_EXP":82.52,"MINORE_VA":327.63,"MINORE_EXP":415.35,"MINOTH_VA":542.57,"MINOTH_EXP":65.04,"MINSER_VA":30.07,"MINSER_EXP":0.62,"ALYBEB_VA":902.25,"ALYBEB_EXP":7.07,"TEXYPR_VA":160.82,"TEXYPR_EXP":1.66,"MADYPR_VA":14.83,"MADYPR_EXP":5.25,"PAPYPR_VA":17.87,"PAPYPR_EXP":0.24,"PETREF_VA":3.38,"PETREF_EXP":0.7,"QUIMYP_VA":39.11,"QUIMYP_EXP":3.03,"FARMED_VA":4.45,"FARMED_EXP":5.05,"HUPLAS_VA":29.66,"HUPLAS_EXP":0.13,"PRNOMT_VA":35.92,"PRNOMT_EXP":0.72,"METBAS_VA":33.67,"METBAS_EXP":1.04,"NONFER_VA":168.02,"NONFER_EXP":85.87,"PRMETA_VA":17.69,"PRMETA_EXP":1.2,"ELCTRO_VA":0.34,"ELCTRO_EXP":0.17,"ELCTRI_VA":28.16,"ELCTRI_EXP":0.51,"MAQYEQ_VA":1.47,"MAQYEQ_EXP":0.5,"AUTOMO_VA":57.53,"AUTOMO_EXP":0.66,"OTRTRA_VA":6.34,"OTRTRA_EXP":0.09,"TRANSP_VA":0.17,"TRANSP_EXP":0.05,"OTRMAN_VA":55.0,"OTRMAN_EXP":2.29,"ELEGAS_VA":39.21,"ELEGAS_EXP":9.48,"AGUBAS_VA":18.62,"AGUBAS_EXP":0.26,"CONSTR_VA":295.66,"CONSTR_EXP":0.55,"COMREV_VA":658.2,"COMREV_EXP":20.18,"TRATIE_VA":693.94,"TRATIE_EXP":63.1,"TRAGUA_VA":48.59,"TRAGUA_EXP":7.8,"TRAAIR_VA":29.01,"TRAAIR_EXP":3.48,"ALMSTR_VA":90.16,"ALMSTR_EXP":8.47,"POSTME_VA":11.33,"POSTME_EXP":0.25,"HOTYRE_VA":272.01,"HOTYRE_EXP":18.31,"MMTVRA_VA":69.49,"MMTVRA_EXP":10.89,"TELECO_VA":376.74,"TELECO_EXP":9.34,"ITSERV_VA":3.55,"ITSERV_EXP":2.31,"SERFIN_VA":109.83,"SERFIN_EXP":23.82,"GOBEST_VA":382.65,"GOBEST_EXP":0.64,"SPRSCT_VA":145.52,"SPRSCT_EXP":19.03,"SEAEMP_VA":88.62,"SEAEMP_EXP":2.66,"ADPDEF_VA":141.67,"ADPDEF_EXP":0.53,"EDUCAC_VA":102.43,"EDUCAC_EXP":1.02,"SALUDH_VA":223.67,"SALUDH_EXP":1.95,"ESPARC_VA":40.05,"ESPARC_EXP":2.48,"OTRSER_VA":59.96,"OTRSER_EXP":0.97,"SERHOG_VA":23.78,"SERHOG_EXP":0.0}},{"type":"Feature","geometry":{"type":"Point","coordinates":[-74.3,4.57]},"properties":{"id":"COL","name":"Colombia","continent":"america","year":2000,"AGRPFO_VA":6902.55,"AGRPFO_EXP":1059.48,"FORLOG_VA":224.57,"FORLOG_EXP":3.34,"PESCAC_VA":190.15,"PESCAC_EXP":10.86,"MINCOL_VA":1318.06,"MINCOL_EXP":877.88,"PETGAS_VA":3757.18,"PETGAS_EXP":3703.66,"MINORE_VA":577.67,"MINORE_EXP":3.04,"MINOTH_VA":234.39,"MINOTH_EXP":6.93,"MINSER_VA":30.5,"MINSER_EXP":32.96,"ALYBEB_VA":4907.96,"ALYBEB_EXP":1506.79,"TEXYPR_VA":2045.85,"TEXYPR_EXP":753.6,"MADYPR_VA":124.21,"MADYPR_EXP":23.84,"PAPYPR_VA":787.73,"PAPYPR_EXP":156.66,"PETREF_VA":392.25,"PETREF_EXP":825.89,"QUIMYP_VA":1565.12,"QUIMYP_EXP":773.73,"FARMED_VA":431.53,"FARMED_EXP":140.62,"HUPLAS_VA":503.4,"HUPLAS_EXP":212.17,"PRNOMT_VA":1093.83,"PRNOMT_EXP":220.15,"METBAS_VA":349.7,"METBAS_EXP":761.43,"NONFER_VA":31.74,"NONFER_EXP":102.37,"PRMETA_VA":323.32,"PRMETA_EXP":160.21,"ELCTRO_VA":340.57,"ELCTRO_EXP":23.97,"ELCTRI_VA":294.98,"ELCTRI_EXP":154.8,"MAQYEQ_VA":867.88,"MAQYEQ_EXP":200.16,"AUTOMO_VA":253.77,"AUTOMO_EXP":96.38,"OTRTRA_VA":0.54,"OTRTRA_EXP":0.67,"TRANSP_VA":46.25,"TRANSP_EXP":18.91,"OTRMAN_VA":859.49,"OTRMAN_EXP":111.62,"ELEGAS_VA":1807.03,"ELEGAS_EXP":9.33,"AGUBAS_VA":1073.08,"AGUBAS_EXP":1.05,"CONSTR_VA":2361.0,"CONSTR_EXP":2.58,"COMREV_VA":7313.99,"COMREV_EXP":1304.66,"TRATIE_VA":3303.34,"TRATIE_EXP":344.98,"TRAGUA_VA":52.05,"TRAGUA_EXP":36.51,"TRAAIR_VA":382.38,"TRAAIR_EXP":530.47,"ALMSTR_VA":597.07,"ALMSTR_EXP":169.19,"POSTME_VA":132.89,"POSTME_EXP":52.33,"HOTYRE_VA":3570.11,"HOTYRE_EXP":491.34,"MMTVRA_VA":339.32,"MMTVRA_EXP":88.87,"TELECO_VA":2388.04,"TELECO_EXP":182.74,"ITSERV_VA":440.39,"ITSERV_EXP":8.89,"SERFIN_VA":4015.74,"SERFIN_EXP":121.09,"GOBEST_VA":8040.64,"GOBEST_EXP":76.37,"SPRSCT_VA":2497.55,"SPRSCT_EXP":56.9,"SEAEMP_VA":3091.76,"SEAEMP_EXP":62.53,"ADPDEF_VA":5751.54,"ADPDEF_EXP":46.17,"EDUCAC_VA":4411.91,"EDUCAC_EXP":25.04,"SALUDH_VA":3960.3,"SALUDH_EXP":20.4,"ESPARC_VA":2128.58,"ESPARC_EXP":57.94,"OTRSER_VA":1522.56,"OTRSER_EXP":21.46,"SERHOG_VA":677.93,"SERHOG_EXP":0.0}},{"type":"Feature","geometry":{"type":"Point","coordinates":[-83.75,9.75]},"properties":{"id":"CRI","name":"Costa Rica","continent":"america","year":2000,"AGRPFO_VA":1160.34,"AGRPFO_EXP":868.87,"FORLOG_VA":35.82,"FORLOG_EXP":13.82,"PESCAC_VA":17.73,"PESCAC_EXP":3.45,"MINCOL_VA":1.17,"MINCOL_EXP":0.07,"PETGAS_VA":0.21,"PETGAS_EXP":0.05,"MINORE_VA":0.08,"MINORE_EXP":0.02,"MINOTH_VA":60.88,"MINOTH_EXP":2.06,"MINSER_VA":0.07,"MINSER_EXP":0.02,"ALYBEB_VA":964.54,"ALYBEB_EXP":1283.58,"TEXYPR_VA":366.36,"TEXYPR_EXP":129.78,"MADYPR_VA":15.69,"MADYPR_EXP":16.56,"PAPYPR_VA":138.82,"PAPYPR_EXP":93.95,"PETREF_VA":28.24,"PETREF_EXP":5.88,"QUIMYP_VA":190.81,"QUIMYP_EXP":158.78,"FARMED_VA":22.24,"FARMED_EXP":38.78,"HUPLAS_VA":99.92,"HUPLAS_EXP":240.88,"PRNOMT_VA":114.43,"PRNOMT_EXP":65.16,"METBAS_VA":15.68,"METBAS_EXP":24.33,"NONFER_VA":8.57,"NONFER_EXP":22.03,"PRMETA_VA":34.01,"PRMETA_EXP":48.55,"ELCTRO_VA":121.55,"ELCTRO_EXP":91.97,"ELCTRI_VA":108.79,"ELCTRI_EXP":182.94,"MAQYEQ_VA":2.35,"MAQYEQ_EXP":5.38,"AUTOMO_VA":20.87,"AUTOMO_EXP":3.12,"OTRTRA_VA":0.49,"OTRTRA_EXP":0.59,"TRANSP_VA":0.5,"TRANSP_EXP":0.37,"OTRMAN_VA":189.96,"OTRMAN_EXP":198.19,"ELEGAS_VA":268.74,"ELEGAS_EXP":2.16,"AGUBAS_VA":115.42,"AGUBAS_EXP":0.25,"CONSTR_VA":513.15,"CONSTR_EXP":0.65,"COMREV_VA":3166.47,"COMREV_EXP":652.63,"TRATIE_VA":415.66,"TRATIE_EXP":225.93,"TRAGUA_VA":106.25,"TRAGUA_EXP":87.18,"TRAAIR_VA":22.23,"TRAAIR_EXP":42.0,"ALMSTR_VA":110.49,"ALMSTR_EXP":61.21,"POSTME_VA":22.41,"POSTME_EXP":5.27,"HOTYRE_VA":436.69,"HOTYRE_EXP":596.07,"MMTVRA_VA":116.17,"MMTVRA_EXP":24.23,"TELECO_VA":205.61,"TELECO_EXP":141.8,"ITSERV_VA":36.1,"ITSERV_EXP":19.25,"SERFIN_VA":539.65,"SERFIN_EXP":87.78,"GOBEST_VA":1115.68,"GOBEST_EXP":87.65,"SPRSCT_VA":406.23,"SPRSCT_EXP":176.54,"SEAEMP_VA":239.75,"SEAEMP_EXP":132.55,"ADPDEF_VA":474.69,"ADPDEF_EXP":6.3,"EDUCAC_VA":793.86,"EDUCAC_EXP":42.41,"SALUDH_VA":937.09,"SALUDH_EXP":36.49,"ESPARC_VA":83.81,"ESPARC_EXP":84.61,"OTRSER_VA":128.56,"OTRSER_EXP":29.87,"SERHOG_VA":155.17,"SERHOG_EXP":0.0}},{"type":"Feature","geometry":{"type":"Point","coordinates":[33.43,35.13]},"properties":{"id":"CYP","name":"Chipre","continent":"europe","year":2000,"AGRPFO_VA":337.01,"AGRPFO_EXP":72.5,"FORLOG_VA":2.24,"FORLOG_EXP":0.82,"PESCAC_VA":17.03,"PESCAC_EXP":9.77,"MINCOL_VA":0.0,"MINCOL_EXP":0.0,"PETGAS_VA":6.95,"PETGAS_EXP":0.28,"MINORE_VA":4.71,"MINORE_EXP":4.44,"MINOTH_VA":12.82,"MINOTH_EXP":9.43,"MINSER_VA":0.07,"MINSER_EXP":0.05,"ALYBEB_VA":289.78,"ALYBEB_EXP":192.97,"TEXYPR_VA":63.91,"TEXYPR_EXP":67.49,"MADYPR_VA":51.03,"MADYPR_EXP":40.34,"PAPYPR_VA":49.81,"PAPYPR_EXP":26.87,"PETREF_VA":8.86,"PETREF_EXP":128.7,"QUIMYP_VA":27.08,"QUIMYP_EXP":26.64,"FARMED_VA":26.22,"FARMED_EXP":49.25,"HUPLAS_VA":23.56,"HUPLAS_EXP":13.61,"PRNOMT_VA":97.01,"PRNOMT_EXP":23.03,"METBAS_VA":1.72,"METBAS_EXP":0.65,"NONFER_VA":10.08,"NONFER_EXP":9.51,"PRMETA_VA":60.97,"PRMETA_EXP":12.06,"ELCTRO_VA":3.21,"ELCTRO_EXP":1.34,"ELCTRI_VA":7.85,"ELCTRI_EXP":11.69,"MAQYEQ_VA":16.98,"MAQYEQ_EXP":24.87,"AUTOMO_VA":6.01,"AUTOMO_EXP":4.13,"OTRTRA_VA":0.6,"OTRTRA_EXP":0.26,"TRANSP_VA":0.97,"TRANSP_EXP":0.23,"OTRMAN_VA":62.47,"OTRMAN_EXP":51.7,"ELEGAS_VA":120.81,"ELEGAS_EXP":0.56,"AGUBAS_VA":53.69,"AGUBAS_EXP":12.04,"CONSTR_VA":760.33,"CONSTR_EXP":4.79,"COMREV_VA":1136.64,"COMREV_EXP":286.57,"TRATIE_VA":85.89,"TRATIE_EXP":56.86,"TRAGUA_VA":519.06,"TRAGUA_EXP":552.63,"TRAAIR_VA":71.13,"TRAAIR_EXP":157.11,"ALMSTR_VA":179.73,"ALMSTR_EXP":484.74,"POSTME_VA":12.11,"POSTME_EXP":18.11,"HOTYRE_VA":772.26,"HOTYRE_EXP":982.64,"MMTVRA_VA":74.2,"MMTVRA_EXP":42.19,"TELECO_VA":243.01,"TELECO_EXP":80.16,"ITSERV_VA":49.07,"ITSERV_EXP":100.13,"SERFIN_VA":682.18,"SERFIN_EXP":570.59,"GOBEST_VA":590.19,"GOBEST_EXP":169.79,"SPRSCT_VA":578.4,"SPRSCT_EXP":696.05,"SEAEMP_VA":142.43,"SEAEMP_EXP":146.13,"ADPDEF_VA":905.6,"ADPDEF_EXP":9.31,"EDUCAC_VA":488.92,"EDUCAC_EXP":48.26,"SALUDH_VA":306.58,"SALUDH_EXP":39.49,"ESPARC_VA":109.54,"ESPARC_EXP":97.86,"OTRSER_VA":181.22,"OTRSER_EXP":41.78,"SERHOG_VA":44.16,"SERHOG_EXP":0.0}},{"type":"Feature","geometry":{"type":"Point","coordinates":[15.47,49.82]},"properties":{"id":"CZE","name":"Chequia","continent":"europe","year":2000,"AGRPFO_VA":1592.31,"AGRPFO_EXP":387.03,"FORLOG_VA":466.84,"FORLOG_EXP":120.06,"PESCAC_VA":16.63,"PESCAC_EXP":17.2,"MINCOL_VA":611.75,"MINCOL_EXP":274.6,"PETGAS_VA":30.59,"PETGAS_EXP":11.61,"MINORE_VA":30.44,"MINORE_EXP":2.22,"MINOTH_VA":80.79,"MINOTH_EXP":48.42,"MINSER_VA":20.94,"MINSER_EXP":6.35,"ALYBEB_VA":1839.92,"ALYBEB_EXP":1055.15,"TEXYPR_VA":844.11,"TEXYPR_EXP":887.82,"MADYPR_VA":426.06,"MADYPR_EXP":416.1,"PAPYPR_VA":554.6,"PAPYPR_EXP":651.89,"PETREF_VA":397.47,"PETREF_EXP":407.81,"QUIMYP_VA":783.7,"QUIMYP_EXP":916.57,"FARMED_VA":270.5,"FARMED_EXP":196.77,"HUPLAS_VA":786.66,"HUPLAS_EXP":945.69,"PRNOMT_VA":1259.03,"PRNOMT_EXP":773.67,"METBAS_VA":832.84,"METBAS_EXP":589.36,"NONFER_VA":148.7,"NONFER_EXP":208.52,"PRMETA_VA":1228.7,"PRMETA_EXP":1510.58,"ELCTRO_VA":506.41,"ELCTRO_EXP":802.25,"ELCTRI_VA":836.05,"ELCTRI_EXP":1304.31,"MAQYEQ_VA":1244.39,"MAQYEQ_EXP":1258.76,"AUTOMO_VA":2024.8,"AUTOMO_EXP":3038.94,"OTRTRA_VA":1.21,"OTRTRA_EXP":3.08,"TRANSP_VA":176.8,"TRANSP_EXP":113.41,"OTRMAN_VA":1158.38,"OTRMAN_EXP":766.07,"ELEGAS_VA":1610.65,"ELEGAS_EXP":177.49,"AGUBAS_VA":566.81,"AGUBAS_EXP":38.69,"CONSTR_VA":3617.47,"CONSTR_EXP":66.08,"COMREV_VA":6799.16,"COMREV_EXP":2392.83,"TRATIE_VA":2745.37,"TRATIE_EXP":2107.93,"TRAGUA_VA":58.36,"TRAGUA_EXP":25.68,"TRAAIR_VA":180.35,"TRAAIR_EXP":433.04,"ALMSTR_VA":1072.69,"ALMSTR_EXP":571.5,"POSTME_VA":278.52,"POSTME_EXP":175.33,"HOTYRE_VA":1833.16,"HOTYRE_EXP":782.56,"MMTVRA_VA":478.24,"MMTVRA_EXP":384.28,"TELECO_VA":1351.34,"TELECO_EXP":359.76,"ITSERV_VA":618.14,"ITSERV_EXP":205.59,"SERFIN_VA":1792.52,"SERFIN_EXP":841.82,"GOBEST_VA":4623.55,"GOBEST_EXP":167.53,"SPRSCT_VA":2436.71,"SPRSCT_EXP":2202.7,"SEAEMP_VA":981.84,"SEAEMP_EXP":402.86,"ADPDEF_VA":3764.13,"ADPDEF_EXP":48.12,"EDUCAC_VA":2218.71,"EDUCAC_EXP":80.15,"SALUDH_VA":1982.88,"SALUDH_EXP":66.91,"ESPARC_VA":660.56,"ESPARC_EXP":343.87,"OTRSER_VA":768.8,"OTRSER_EXP":81.65,"SERHOG_VA":20.03,"SERHOG_EXP":0.0}},{"type":"Feature","geometry":{"type":"Point","coordinates":[10.45,51.17]},"properties":{"id":"DEU","name":"Alemania","continent":"europe","year":2000,"AGRPFO_VA":18562.44,"AGRPFO_EXP":3014.29,"FORLOG_VA":1613.03,"FORLOG_EXP":317.67,"PESCAC_VA":183.57,"PESCAC_EXP":136.69,"MINCOL_VA":2369.68,"MINCOL_EXP":210.74,"PETGAS_VA":807.66,"PETGAS_EXP":156.52,"MINORE_VA":0.0,"MINORE_EXP":0.0,"MINOTH_VA":1445.44,"MINOTH_EXP":701.21,"MINSER_VA":206.8,"MINSER_EXP":161.19,"ALYBEB_VA":33434.28,"ALYBEB_EXP":14772.69,"TEXYPR_VA":8920.65,"TEXYPR_EXP":9941.31,"MADYPR_VA":6959.08,"MADYPR_EXP":2516.28,"PAPYPR_VA":20126.14,"PAPYPR_EXP":11518.04,"PETREF_VA":5462.97,"PETREF_EXP":6493.7,"QUIMYP_VA":32053.41,"QUIMYP_EXP":40914.34,"FARMED_VA":11366.02,"FARMED_EXP":8128.79,"HUPLAS_VA":19356.89,"HUPLAS_EXP":10868.0,"PRNOMT_VA":15774.98,"PRNOMT_EXP":5401.32,"METBAS_VA":10849.91,"METBAS_EXP":14304.97,"NONFER_VA":5848.64,"NONFER_EXP":9435.11,"PRMETA_VA":36052.98,"PRMETA_EXP":14190.66,"ELCTRO_VA":27813.93,"ELCTRO_EXP":38426.06,"ELCTRI_VA":32218.15,"ELCTRI_EXP":28147.35,"MAQYEQ_VA":58188.06,"MAQYEQ_EXP":53858.02,"AUTOMO_VA":55952.01,"AUTOMO_EXP":86730.31,"OTRTRA_VA":863.24,"OTRTRA_EXP":883.15,"TRANSP_VA":5466.03,"TRANSP_EXP":6404.53,"OTRMAN_VA":26227.09,"OTRMAN_EXP":8214.65,"ELEGAS_VA":25981.2,"ELEGAS_EXP":982.12,"AGUBAS_VA":17577.6,"AGUBAS_EXP":349.17,"CONSTR_VA":92277.77,"CONSTR_EXP":968.31,"COMREV_VA":182888.87,"COMREV_EXP":59221.95,"TRATIE_VA":32673.85,"TRATIE_EXP":11004.67,"TRAGUA_VA":5038.06,"TRAGUA_EXP":7829.6,"TRAAIR_VA":6545.5,"TRAAIR_EXP":8503.7,"ALMSTR_VA":23669.26,"ALMSTR_EXP":4317.68,"POSTME_VA":12089.86,"POSTME_EXP":616.74,"HOTYRE_VA":29175.24,"HOTYRE_EXP":3165.16,"MMTVRA_VA":25167.76,"MMTVRA_EXP":4202.12,"TELECO_VA":29031.42,"TELECO_EXP":1332.07,"ITSERV_VA":28707.6,"ITSERV_EXP":11523.93,"SERFIN_VA":76519.66,"SERFIN_EXP":12566.27,"GOBEST_VA":191473.27,"GOBEST_EXP":4297.36,"SPRSCT_VA":123279.94,"SPRSCT_EXP":18636.85,"SEAEMP_VA":71312.76,"SEAEMP_EXP":4766.53,"ADPDEF_VA":116119.53,"ADPDEF_EXP":0.0,"EDUCAC_VA":78399.32,"EDUCAC_EXP":326.44,"SALUDH_VA":121212.51,"SALUDH_EXP":264.07,"ESPARC_VA":22401.03,"ESPARC_EXP":848.47,"OTRSER_VA":46304.29,"OTRSER_EXP":264.84,"SERHOG_VA":5032.12,"SERHOG_EXP":0.0}},{"type":"Feature","geometry":{"type":"Point","coordinates":[9.5,56.26]},"properties":{"id":"DNK","name":"Dinamarca","continent":"europe","year":2000,"AGRPFO_VA":3255.37,"AGRPFO_EXP":1129.37,"FORLOG_VA":99.25,"FORLOG_EXP":111.18,"PESCAC_VA":317.48,"PESCAC_EXP":284.46,"MINCOL_VA":0.0,"MINCOL_EXP":0.0,"PETGAS_VA":4123.4,"PETGAS_EXP":2571.87,"MINORE_VA":0.0,"MINORE_EXP":0.0,"MINOTH_VA":121.02,"MINOTH_EXP":64.21,"MINSER_VA":33.83,"MINSER_EXP":24.72,"ALYBEB_VA":3514.75,"ALYBEB_EXP":6534.82,"TEXYPR_VA":706.7,"TEXYPR_EXP":1245.61,"MADYPR_VA":699.26,"MADYPR_EXP":550.1,"PAPYPR_VA":1420.44,"PAPYPR_EXP":617.55,"PETREF_VA":62.79,"PETREF_EXP":621.44,"QUIMYP_VA":1190.02,"QUIMYP_EXP":1378.11,"FARMED_VA":2208.37,"FARMED_EXP":2535.39,"HUPLAS_VA":1270.88,"HUPLAS_EXP":1210.45,"PRNOMT_VA":1191.14,"PRNOMT_EXP":446.35,"METBAS_VA":363.69,"METBAS_EXP":540.45,"NONFER_VA":159.78,"NONFER_EXP":274.7,"PRMETA_VA":1976.62,"PRMETA_EXP":987.75,"ELCTRO_VA":1762.65,"ELCTRO_EXP":2869.56,"ELCTRI_VA":889.75,"ELCTRI_EXP":1357.9,"MAQYEQ_VA":3813.77,"MAQYEQ_EXP":4613.12,"AUTOMO_VA":388.84,"AUTOMO_EXP":395.51,"OTRTRA_VA":212.99,"OTRTRA_EXP":207.68,"TRANSP_VA":88.06,"TRANSP_EXP":116.43,"OTRMAN_VA":2245.88,"OTRMAN_EXP":2095.85,"ELEGAS_VA":2667.47,"ELEGAS_EXP":485.13,"AGUBAS_VA":1114.89,"AGUBAS_EXP":1.29,"CONSTR_VA":8381.25,"CONSTR_EXP":0.33,"COMREV_VA":17980.43,"COMREV_EXP":7215.41,"TRATIE_VA":3493.17,"TRATIE_EXP":2082.57,"TRAGUA_VA":2262.94,"TRAGUA_EXP":9475.08,"TRAAIR_VA":609.28,"TRAAIR_EXP":1952.49,"ALMSTR_VA":2266.17,"ALMSTR_EXP":1008.87,"POSTME_VA":956.91,"POSTME_EXP":267.94,"HOTYRE_VA":2130.0,"HOTYRE_EXP":798.28,"MMTVRA_VA":2046.54,"MMTVRA_EXP":410.3,"TELECO_VA":2330.54,"TELECO_EXP":498.66,"ITSERV_VA":2044.44,"ITSERV_EXP":1119.57,"SERFIN_VA":6618.98,"SERFIN_EXP":1704.18,"GOBEST_VA":13169.2,"GOBEST_EXP":231.97,"SPRSCT_VA":6991.92,"SPRSCT_EXP":1507.07,"SEAEMP_VA":3166.18,"SEAEMP_EXP":779.42,"ADPDEF_VA":8845.26,"ADPDEF_EXP":44.82,"EDUCAC_VA":8415.81,"EDUCAC_EXP":41.82,"SALUDH_VA":14568.99,"SALUDH_EXP":104.15,"ESPARC_VA":2173.19,"ESPARC_EXP":388.17,"OTRSER_VA":2503.52,"OTRSER_EXP":68.22,"SERHOG_VA":196.01,"SERHOG_EXP":0.0}},{"type":"Feature","geometry":{"type":"Point","coordinates":[30.8,26.82]},"properties":{"id":"EGY","name":"Egipto","continent":"other","year":2000,"AGRPFO_VA":9543.81,"AGRPFO_EXP":532.9,"FORLOG_VA":1.46,"FORLOG_EXP":0.13,"PESCAC_VA":907.28,"PESCAC_EXP":4.57,"MINCOL_VA":97.88,"MINCOL_EXP":23.42,"PETGAS_VA":12068.98,"PETGAS_EXP":2064.42,"MINORE_VA":129.14,"MINORE_EXP":1.16,"MINOTH_VA":607.28,"MINOTH_EXP":191.56,"MINSER_VA":244.3,"MINSER_EXP":14.22,"ALYBEB_VA":3331.84,"ALYBEB_EXP":489.84,"TEXYPR_VA":1307.98,"TEXYPR_EXP":449.54,"MADYPR_VA":547.39,"MADYPR_EXP":12.22,"PAPYPR_VA":816.13,"PAPYPR_EXP":84.37,"PETREF_VA":1997.53,"PETREF_EXP":796.97,"QUIMYP_VA":1942.82,"QUIMYP_EXP":489.39,"FARMED_VA":473.11,"FARMED_EXP":53.82,"HUPLAS_VA":252.19,"HUPLAS_EXP":93.84,"PRNOMT_VA":1461.09,"PRNOMT_EXP":166.99,"METBAS_VA":688.92,"METBAS_EXP":262.52,"NONFER_VA":746.2,"NONFER_EXP":386.36,"PRMETA_VA":611.3,"PRMETA_EXP":53.32,"ELCTRO_VA":95.32,"ELCTRO_EXP":29.4,"ELCTRI_VA":449.05,"ELCTRI_EXP":142.38,"MAQYEQ_VA":103.35,"MAQYEQ_EXP":43.26,"AUTOMO_VA":251.47,"AUTOMO_EXP":26.45,"OTRTRA_VA":12.02,"OTRTRA_EXP":0.25,"TRANSP_VA":33.41,"TRANSP_EXP":0.29,"OTRMAN_VA":828.41,"OTRMAN_EXP":135.09,"ELEGAS_VA":854.57,"ELEGAS_EXP":36.22,"AGUBAS_VA":542.17,"AGUBAS_EXP":4.51,"CONSTR_VA":4750.81,"CONSTR_EXP":3.92,"COMREV_VA":8785.22,"COMREV_EXP":674.68,"TRATIE_VA":2426.56,"TRATIE_EXP":1147.88,"TRAGUA_VA":2197.33,"TRAGUA_EXP":2093.09,"TRAAIR_VA":868.55,"TRAAIR_EXP":605.76,"ALMSTR_VA":2732.34,"ALMSTR_EXP":1217.45,"POSTME_VA":102.95,"POSTME_EXP":42.38,"HOTYRE_VA":2860.51,"HOTYRE_EXP":2016.47,"MMTVRA_VA":375.21,"MMTVRA_EXP":98.85,"TELECO_VA":2317.63,"TELECO_EXP":115.02,"ITSERV_VA":275.62,"ITSERV_EXP":42.94,"SERFIN_VA":4436.49,"SERFIN_EXP":143.12,"GOBEST_VA":6583.57,"GOBEST_EXP":224.99,"SPRSCT_VA":2102.98,"SPRSCT_EXP":255.22,"SEAEMP_VA":1012.84,"SEAEMP_EXP":281.03,"ADPDEF_VA":3765.18,"ADPDEF_EXP":259.73,"EDUCAC_VA":3792.57,"EDUCAC_EXP":166.73,"SALUDH_VA":1930.76,"SALUDH_EXP":51.68,"ESPARC_VA":919.57,"ESPARC_EXP":74.19,"OTRSER_VA":1521.38,"OTRSER_EXP":62.45,"SERHOG_VA":61.55,"SERHOG_EXP":0.0}},{"type":"Feature","geometry":{"type":"Point","coordinates":[-3.75,40.46]},"properties":{"id":"ESP","name":"España","continent":"europe","year":2000,"AGRPFO_VA":19929.19,"AGRPFO_EXP":5775.79,"FORLOG_VA":1341.89,"FORLOG_EXP":155.68,"PESCAC_VA":1415.85,"PESCAC_EXP":131.5,"MINCOL_VA":686.56,"MINCOL_EXP":2.83,"PETGAS_VA":27.78,"PETGAS_EXP":3.67,"MINORE_VA":59.54,"MINORE_EXP":99.37,"MINOTH_VA":937.23,"MINOTH_EXP":407.47,"MINSER_VA":36.73,"MINSER_EXP":62.39,"ALYBEB_VA":13565.12,"ALYBEB_EXP":8710.73,"TEXYPR_VA":7404.69,"TEXYPR_EXP":6071.97,"MADYPR_VA":2376.75,"MADYPR_EXP":768.63,"PAPYPR_VA":6054.77,"PAPYPR_EXP":2436.57,"PETREF_VA":2308.54,"PETREF_EXP":4375.05,"QUIMYP_VA":6435.79,"QUIMYP_EXP":7577.66,"FARMED_VA":3391.25,"FARMED_EXP":1714.6,"HUPLAS_VA":4642.88,"HUPLAS_EXP":3477.16,"PRNOMT_VA":7846.11,"PRNOMT_EXP":3263.71,"METBAS_VA":4516.09,"METBAS_EXP":3245.42,"NONFER_VA":1692.52,"NONFER_EXP":1826.56,"PRMETA_VA":9369.02,"PRMETA_EXP":3062.53,"ELCTRO_VA":3019.78,"ELCTRO_EXP":5501.03,"ELCTRI_VA":3831.45,"ELCTRI_EXP":3663.28,"MAQYEQ_VA":5368.8,"MAQYEQ_EXP":7275.2,"AUTOMO_VA":9965.82,"AUTOMO_EXP":23282.51,"OTRTRA_VA":580.13,"OTRTRA_EXP":297.41,"TRANSP_VA":1570.92,"TRANSP_EXP":209.58,"OTRMAN_VA":6792.4,"OTRMAN_EXP":3110.59,"ELEGAS_VA":8944.85,"ELEGAS_EXP":173.29,"AGUBAS_VA":4722.0,"AGUBAS_EXP":117.03,"CONSTR_VA":55913.46,"CONSTR_EXP":586.11,"COMREV_VA":64793.18,"COMREV_EXP":15853.69,"TRATIE_VA":15694.69,"TRATIE_EXP":7481.61,"TRAGUA_VA":711.63,"TRAGUA_EXP":519.42,"TRAAIR_VA":2221.58,"TRAAIR_EXP":4886.76,"ALMSTR_VA":7486.64,"ALMSTR_EXP":3004.14,"POSTME_VA":1686.62,"POSTME_EXP":117.26,"HOTYRE_VA":41503.62,"HOTYRE_EXP":7000.57,"MMTVRA_VA":7093.26,"MMTVRA_EXP":1606.82,"TELECO_VA":11780.22,"TELECO_EXP":1128.47,"ITSERV_VA":5816.58,"ITSERV_EXP":2177.05,"SERFIN_VA":24031.68,"SERFIN_EXP":3574.87,"GOBEST_VA":34267.8,"GOBEST_EXP":1298.32,"SPRSCT_VA":19673.24,"SPRSCT_EXP":6150.39,"SEAEMP_VA":15740.8,"SEAEMP_EXP":2046.53,"ADPDEF_VA":32676.53,"ADPDEF_EXP":479.53,"EDUCAC_VA":28554.66,"EDUCAC_EXP":629.03,"SALUDH_VA":26348.85,"SALUDH_EXP":498.18,"ESPARC_VA":8749.29,"ESPARC_EXP":1621.13,"OTRSER_VA":7974.65,"OTRSER_EXP":471.57,"SERHOG_VA":5366.48,"SERHOG_EXP":0.0}},{"type":"Feature","geometry":{"type":"Point","coordinates":[25.01,58.6]},"properties":{"id":"EST","name":"Estonia","continent":"europe","year":2000,"AGRPFO_VA":140.6,"AGRPFO_EXP":19.54,"FORLOG_VA":67.37,"FORLOG_EXP":67.21,"PESCAC_VA":18.7,"PESCAC_EXP":9.79,"MINCOL_VA":3.4,"MINCOL_EXP":1.03,"PETGAS_VA":47.22,"PETGAS_EXP":3.25,"MINORE_VA":0.0,"MINORE_EXP":0.0,"MINOTH_VA":10.93,"MINOTH_EXP":2.04,"MINSER_VA":26.3,"MINSER_EXP":0.17,"ALYBEB_VA":161.13,"ALYBEB_EXP":107.86,"TEXYPR_VA":134.24,"TEXYPR_EXP":182.39,"MADYPR_VA":123.08,"MADYPR_EXP":190.64,"PAPYPR_VA":44.19,"PAPYPR_EXP":25.93,"PETREF_VA":6.73,"PETREF_EXP":5.94,"QUIMYP_VA":38.56,"QUIMYP_EXP":48.67,"FARMED_VA":3.65,"FARMED_EXP":4.59,"HUPLAS_VA":27.18,"HUPLAS_EXP":30.03,"PRNOMT_VA":54.16,"PRNOMT_EXP":28.95,"METBAS_VA":0.06,"METBAS_EXP":0.11,"NONFER_VA":0.71,"NONFER_EXP":3.61,"PRMETA_VA":71.16,"PRMETA_EXP":71.67,"ELCTRO_VA":33.24,"ELCTRO_EXP":39.65,"ELCTRI_VA":25.85,"ELCTRI_EXP":48.05,"MAQYEQ_VA":21.72,"MAQYEQ_EXP":37.99,"AUTOMO_VA":23.21,"AUTOMO_EXP":24.31,"OTRTRA_VA":1.14,"OTRTRA_EXP":1.71,"TRANSP_VA":0.16,"TRANSP_EXP":0.1,"OTRMAN_VA":138.7,"OTRMAN_EXP":173.93,"ELEGAS_VA":137.41,"ELEGAS_EXP":15.3,"AGUBAS_VA":45.04,"AGUBAS_EXP":1.19,"CONSTR_VA":320.42,"CONSTR_EXP":7.04,"COMREV_VA":666.35,"COMREV_EXP":257.3,"TRATIE_VA":252.32,"TRATIE_EXP":160.98,"TRAGUA_VA":60.95,"TRAGUA_EXP":162.03,"TRAAIR_VA":9.97,"TRAAIR_EXP":51.9,"ALMSTR_VA":239.51,"ALMSTR_EXP":530.33,"POSTME_VA":23.48,"POSTME_EXP":26.59,"HOTYRE_VA":85.95,"HOTYRE_EXP":150.99,"MMTVRA_VA":59.47,"MMTVRA_EXP":13.47,"TELECO_VA":175.57,"TELECO_EXP":33.69,"ITSERV_VA":34.39,"ITSERV_EXP":24.25,"SERFIN_VA":219.49,"SERFIN_EXP":47.87,"GOBEST_VA":580.22,"GOBEST_EXP":29.78,"SPRSCT_VA":178.55,"SPRSCT_EXP":47.85,"SEAEMP_VA":73.59,"SEAEMP_EXP":25.11,"ADPDEF_VA":322.64,"ADPDEF_EXP":9.77,"EDUCAC_VA":271.1,"EDUCAC_EXP":12.71,"SALUDH_VA":163.7,"SALUDH_EXP":9.23,"ESPARC_VA":86.05,"ESPARC_EXP":21.06,"OTRSER_VA":50.2,"OTRSER_EXP":8.35,"SERHOG_VA":2.18,"SERHOG_EXP":0.0}},{"type":"Feature","geometry":{"type":"Point","coordinates":[25.75,61.92]},"properties":{"id":"FIN","name":"Finlandia","continent":"europe","year":2000,"AGRPFO_VA":1640.11,"AGRPFO_EXP":301.08,"FORLOG_VA":2107.57,"FORLOG_EXP":36.68,"PESCAC_VA":81.53,"PESCAC_EXP":4.66,"MINCOL_VA":89.74,"MINCOL_EXP":10.3,"PETGAS_VA":0.0,"PETGAS_EXP":0.0,"MINORE_VA":24.98,"MINORE_EXP":78.41,"MINOTH_VA":263.0,"MINOTH_EXP":81.32,"MINSER_VA":0.98,"MINSER_EXP":0.18,"ALYBEB_VA":1642.0,"ALYBEB_EXP":701.76,"TEXYPR_VA":578.14,"TEXYPR_EXP":603.05,"MADYPR_VA":1363.66,"MADYPR_EXP":1996.51,"PAPYPR_VA":6205.42,"PAPYPR_EXP":8959.82,"PETREF_VA":590.77,"PETREF_EXP":1439.1,"QUIMYP_VA":1349.48,"QUIMYP_EXP":1715.6,"FARMED_VA":415.61,"FARMED_EXP":185.88,"HUPLAS_VA":950.07,"HUPLAS_EXP":734.92,"PRNOMT_VA":943.89,"PRNOMT_EXP":418.9,"METBAS_VA":953.69,"METBAS_EXP":1782.8,"NONFER_VA":409.74,"NONFER_EXP":1081.36,"PRMETA_VA":1791.67,"PRMETA_EXP":726.46,"ELCTRO_VA":8159.67,"ELCTRO_EXP":11565.39,"ELCTRI_VA":986.28,"ELCTRI_EXP":1624.86,"MAQYEQ_VA":2764.78,"MAQYEQ_EXP":3958.09,"AUTOMO_VA":407.23,"AUTOMO_EXP":480.03,"OTRTRA_VA":313.23,"OTRTRA_EXP":939.83,"TRANSP_VA":102.31,"TRANSP_EXP":85.27,"OTRMAN_VA":1882.13,"OTRMAN_EXP":483.44,"ELEGAS_VA":1654.28,"ELEGAS_EXP":65.38,"AGUBAS_VA":745.14,"AGUBAS_EXP":4.21,"CONSTR_VA":7199.33,"CONSTR_EXP":1.43,"COMREV_VA":10577.68,"COMREV_EXP":5093.06,"TRATIE_VA":3648.72,"TRATIE_EXP":516.31,"TRAGUA_VA":729.24,"TRAGUA_EXP":1110.56,"TRAAIR_VA":607.83,"TRAAIR_EXP":516.0,"ALMSTR_VA":1564.72,"ALMSTR_EXP":325.65,"POSTME_VA":803.76,"POSTME_EXP":117.11,"HOTYRE_VA":1517.82,"HOTYRE_EXP":341.94,"MMTVRA_VA":1420.52,"MMTVRA_EXP":301.05,"TELECO_VA":2263.47,"TELECO_EXP":58.19,"ITSERV_VA":1762.83,"ITSERV_EXP":185.19,"SERFIN_VA":3730.76,"SERFIN_EXP":115.02,"GOBEST_VA":10680.3,"GOBEST_EXP":92.3,"SPRSCT_VA":4252.36,"SPRSCT_EXP":1407.24,"SEAEMP_VA":2056.85,"SEAEMP_EXP":238.48,"ADPDEF_VA":6686.54,"ADPDEF_EXP":29.53,"EDUCAC_VA":5632.89,"EDUCAC_EXP":34.1,"SALUDH_VA":8236.18,"SALUDH_EXP":27.97,"ESPARC_VA":1205.54,"ESPARC_EXP":55.36,"OTRSER_VA":1563.17,"OTRSER_EXP":27.82,"SERHOG_VA":51.7,"SERHOG_EXP":0.0}},{"type":"Feature","geometry":{"type":"Point","coordinates":[2.21,46.23]},"properties":{"id":"FRA","name":"Francia","continent":"europe","year":2000,"AGRPFO_VA":25615.55,"AGRPFO_EXP":7703.26,"FORLOG_VA":2148.09,"FORLOG_EXP":103.9,"PESCAC_VA":1048.5,"PESCAC_EXP":352.22,"MINCOL_VA":144.07,"MINCOL_EXP":3.63,"PETGAS_VA":113.37,"PETGAS_EXP":18.5,"MINORE_VA":10.14,"MINORE_EXP":6.85,"MINOTH_VA":1773.93,"MINOTH_EXP":385.92,"MINSER_VA":14.22,"MINSER_EXP":42.66,"ALYBEB_VA":29778.98,"ALYBEB_EXP":19262.49,"TEXYPR_VA":8715.65,"TEXYPR_EXP":10129.29,"MADYPR_VA":3434.18,"MADYPR_EXP":1476.32,"PAPYPR_VA":10762.16,"PAPYPR_EXP":5101.13,"PETREF_VA":2394.66,"PETREF_EXP":6299.47,"QUIMYP_VA":12205.11,"QUIMYP_EXP":23714.48,"FARMED_VA":9209.42,"FARMED_EXP":7295.03,"HUPLAS_VA":11160.39,"HUPLAS_EXP":6659.6,"PRNOMT_VA":7818.91,"PRNOMT_EXP":3477.94,"METBAS_VA":3930.45,"METBAS_EXP":8099.47,"NONFER_VA":4005.31,"NONFER_EXP":4620.19,"PRMETA_VA":18927.46,"PRMETA_EXP":4844.27,"ELCTRO_VA":13139.95,"ELCTRO_EXP":27725.61,"ELCTRI_VA":9116.45,"ELCTRI_EXP":10202.68,"MAQYEQ_VA":13218.44,"MAQYEQ_EXP":19949.55,"AUTOMO_VA":16656.96,"AUTOMO_EXP":33551.55,"OTRTRA_VA":839.45,"OTRTRA_EXP":1819.26,"TRANSP_VA":7537.02,"TRANSP_EXP":14724.46,"OTRMAN_VA":25569.44,"OTRMAN_EXP":4953.44,"ELEGAS_VA":24426.92,"ELEGAS_EXP":2583.15,"AGUBAS_VA":8039.73,"AGUBAS_EXP":680.2,"CONSTR_VA":62452.19,"CONSTR_EXP":33.94,"COMREV_VA":140365.44,"COMREV_EXP":45936.13,"TRATIE_VA":25023.85,"TRATIE_EXP":10680.72,"TRAGUA_VA":860.37,"TRAGUA_EXP":3815.39,"TRAAIR_VA":2149.7,"TRAAIR_EXP":8878.66,"ALMSTR_VA":20149.54,"ALMSTR_EXP":3627.93,"POSTME_VA":7517.86,"POSTME_EXP":452.62,"HOTYRE_VA":25650.07,"HOTYRE_EXP":13096.83,"MMTVRA_VA":16351.68,"MMTVRA_EXP":3148.34,"TELECO_VA":19809.17,"TELECO_EXP":1450.12,"ITSERV_VA":30582.19,"ITSERV_EXP":1042.33,"SERFIN_VA":51132.52,"SERFIN_EXP":5995.2,"GOBEST_VA":147950.76,"GOBEST_EXP":2074.11,"SPRSCT_VA":83656.65,"SPRSCT_EXP":13433.53,"SEAEMP_VA":70574.11,"SEAEMP_EXP":12433.73,"ADPDEF_VA":101793.71,"ADPDEF_EXP":1031.22,"EDUCAC_VA":65978.45,"EDUCAC_EXP":1079.77,"SALUDH_VA":87133.46,"SALUDH_EXP":1112.67,"ESPARC_VA":13318.31,"ESPARC_EXP":1700.24,"OTRSER_VA":20462.78,"OTRSER_EXP":619.83,"SERHOG_VA":3132.78,"SERHOG_EXP":0.0}},{"type":"Feature","geometry":{"type":"Point","coordinates":[-3.44,55.38]},"properties":{"id":"GBR","name":"Reino Unido","continent":"europe","year":2000,"AGRPFO_VA":12958.32,"AGRPFO_EXP":1381.08,"FORLOG_VA":404.49,"FORLOG_EXP":42.59,"PESCAC_VA":590.7,"PESCAC_EXP":328.55,"MINCOL_VA":578.41,"MINCOL_EXP":57.82,"PETGAS_VA":28202.73,"PETGAS_EXP":15658.38,"MINORE_VA":0.0,"MINORE_EXP":0.0,"MINOTH_VA":2066.2,"MINOTH_EXP":2755.51,"MINSER_VA":1843.32,"MINSER_EXP":483.23,"ALYBEB_VA":35297.94,"ALYBEB_EXP":11539.53,"TEXYPR_VA":10961.25,"TEXYPR_EXP":5820.94,"MADYPR_VA":3169.05,"MADYPR_EXP":562.85,"PAPYPR_VA":13077.49,"PAPYPR_EXP":3065.98,"PETREF_VA":1558.1,"PETREF_EXP":5028.73,"QUIMYP_VA":16924.4,"QUIMYP_EXP":18709.89,"FARMED_VA":13088.86,"FARMED_EXP":6309.21,"HUPLAS_VA":11644.12,"HUPLAS_EXP":4833.23,"PRNOMT_VA":7735.38,"PRNOMT_EXP":2298.59,"METBAS_VA":3892.9,"METBAS_EXP":3174.01,"NONFER_VA":4190.68,"NONFER_EXP":4723.21,"PRMETA_VA":18524.36,"PRMETA_EXP":5773.78,"ELCTRO_VA":14399.51,"ELCTRO_EXP":25601.81,"ELCTRI_VA":8124.54,"ELCTRI_EXP":7244.0,"MAQYEQ_VA":18015.04,"MAQYEQ_EXP":16917.65,"AUTOMO_VA":14314.79,"AUTOMO_EXP":17658.06,"OTRTRA_VA":1392.8,"OTRTRA_EXP":490.97,"TRANSP_VA":11172.81,"TRANSP_EXP":13052.32,"OTRMAN_VA":21213.72,"OTRMAN_EXP":7954.15,"ELEGAS_VA":16990.46,"ELEGAS_EXP":149.24,"AGUBAS_VA":20293.89,"AGUBAS_EXP":143.98,"CONSTR_VA":89313.06,"CONSTR_EXP":227.54,"COMREV_VA":180889.7,"COMREV_EXP":41064.14,"TRATIE_VA":32682.47,"TRATIE_EXP":5244.25,"TRAGUA_VA":5740.25,"TRAGUA_EXP":5690.01,"TRAAIR_VA":6505.2,"TRAAIR_EXP":8744.73,"ALMSTR_VA":16671.22,"ALMSTR_EXP":3615.13,"POSTME_VA":12492.33,"POSTME_EXP":590.66,"HOTYRE_VA":40486.77,"HOTYRE_EXP":5309.25,"MMTVRA_VA":29019.98,"MMTVRA_EXP":9537.12,"TELECO_VA":32795.24,"TELECO_EXP":3606.81,"ITSERV_VA":31036.37,"ITSERV_EXP":8527.69,"SERFIN_VA":105708.82,"SERFIN_EXP":36019.28,"GOBEST_VA":214217.06,"GOBEST_EXP":1245.19,"SPRSCT_VA":89062.98,"SPRSCT_EXP":23944.53,"SEAEMP_VA":59127.8,"SEAEMP_EXP":14743.79,"ADPDEF_VA":77504.71,"ADPDEF_EXP":7.75,"EDUCAC_VA":77671.17,"EDUCAC_EXP":4797.43,"SALUDH_VA":83660.17,"SALUDH_EXP":175.29,"ESPARC_VA":17538.33,"ESPARC_EXP":3910.41,"OTRSER_VA":22184.15,"OTRSER_EXP":455.22,"SERHOG_VA":2857.41,"SERHOG_EXP":0.0}},{"type":"Feature","geometry":{"type":"Point","coordinates":[21.82,39.07]},"properties":{"id":"GRC","name":"Grecia","continent":"europe","year":2000,"AGRPFO_VA":6666.95,"AGRPFO_EXP":1141.55,"FORLOG_VA":50.77,"FORLOG_EXP":4.35,"PESCAC_VA":488.5,"PESCAC_EXP":197.38,"MINCOL_VA":33.89,"MINCOL_EXP":0.36,"PETGAS_VA":4.05,"PETGAS_EXP":7.4,"MINORE_VA":51.14,"MINORE_EXP":38.36,"MINOTH_VA":515.85,"MINOTH_EXP":106.28,"MINSER_VA":11.58,"MINSER_EXP":2.09,"ALYBEB_VA":2562.61,"ALYBEB_EXP":1540.5,"TEXYPR_VA":1282.69,"TEXYPR_EXP":1546.09,"MADYPR_VA":410.88,"MADYPR_EXP":123.0,"PAPYPR_VA":1204.06,"PAPYPR_EXP":191.5,"PETREF_VA":760.66,"PETREF_EXP":1379.6,"QUIMYP_VA":604.62,"QUIMYP_EXP":561.44,"FARMED_VA":803.69,"FARMED_EXP":195.45,"HUPLAS_VA":323.99,"HUPLAS_EXP":234.88,"PRNOMT_VA":1348.14,"PRNOMT_EXP":308.12,"METBAS_VA":559.31,"METBAS_EXP":410.88,"NONFER_VA":403.91,"NONFER_EXP":578.33,"PRMETA_VA":737.3,"PRMETA_EXP":204.16,"ELCTRO_VA":330.4,"ELCTRO_EXP":440.48,"ELCTRI_VA":256.49,"ELCTRI_EXP":231.04,"MAQYEQ_VA":366.98,"MAQYEQ_EXP":363.87,"AUTOMO_VA":153.97,"AUTOMO_EXP":87.52,"OTRTRA_VA":153.64,"OTRTRA_EXP":87.04,"TRANSP_VA":76.71,"TRANSP_EXP":59.7,"OTRMAN_VA":1059.05,"OTRMAN_EXP":420.08,"ELEGAS_VA":1737.91,"ELEGAS_EXP":26.41,"AGUBAS_VA":1578.88,"AGUBAS_EXP":6.19,"CONSTR_VA":8760.55,"CONSTR_EXP":7.04,"COMREV_VA":18988.39,"COMREV_EXP":3373.73,"TRATIE_VA":2014.53,"TRATIE_EXP":909.63,"TRAGUA_VA":4247.21,"TRAGUA_EXP":5988.7,"TRAAIR_VA":186.48,"TRAAIR_EXP":600.42,"ALMSTR_VA":880.55,"ALMSTR_EXP":653.89,"POSTME_VA":435.31,"POSTME_EXP":24.55,"HOTYRE_VA":5958.77,"HOTYRE_EXP":3722.17,"MMTVRA_VA":806.06,"MMTVRA_EXP":125.36,"TELECO_VA":2484.92,"TELECO_EXP":321.02,"ITSERV_VA":386.75,"ITSERV_EXP":75.02,"SERFIN_VA":5542.66,"SERFIN_EXP":374.56,"GOBEST_VA":15672.71,"GOBEST_EXP":469.04,"SPRSCT_VA":5282.89,"SPRSCT_EXP":382.75,"SEAEMP_VA":2015.62,"SEAEMP_EXP":480.13,"ADPDEF_VA":10051.96,"ADPDEF_EXP":8.42,"EDUCAC_VA":5029.88,"EDUCAC_EXP":172.11,"SALUDH_VA":4238.44,"SALUDH_EXP":142.62,"ESPARC_VA":1394.16,"ESPARC_EXP":314.17,"OTRSER_VA":1405.02,"OTRSER_EXP":128.01,"SERHOG_VA":677.32,"SERHOG_EXP":0.0}},{"type":"Feature","geometry":{"type":"Point","coordinates":[114.11,22.4]},"properties":{"id":"HKG","name":"Hong Kong","continent":"asia","year":2000,"AGRPFO_VA":100.34,"AGRPFO_EXP":18.94,"FORLOG_VA":11.66,"FORLOG_EXP":2.62,"PESCAC_VA":19.25,"PESCAC_EXP":5.78,"MINCOL_VA":0.0,"MINCOL_EXP":0.0,"PETGAS_VA":0.0,"PETGAS_EXP":0.0,"MINORE_VA":0.0,"MINORE_EXP":0.0,"MINOTH_VA":0.0,"MINOTH_EXP":0.0,"MINSER_VA":24.39,"MINSER_EXP":15.57,"ALYBEB_VA":3019.92,"ALYBEB_EXP":5198.61,"TEXYPR_VA":643.72,"TEXYPR_EXP":714.15,"MADYPR_VA":391.66,"MADYPR_EXP":309.71,"PAPYPR_VA":227.76,"PAPYPR_EXP":402.61,"PETREF_VA":67.43,"PETREF_EXP":62.79,"QUIMYP_VA":229.76,"QUIMYP_EXP":755.77,"FARMED_VA":205.23,"FARMED_EXP":258.5,"HUPLAS_VA":71.28,"HUPLAS_EXP":0.36,"PRNOMT_VA":90.29,"PRNOMT_EXP":127.71,"METBAS_VA":40.0,"METBAS_EXP":227.21,"NONFER_VA":38.87,"NONFER_EXP":191.63,"PRMETA_VA":121.99,"PRMETA_EXP":505.43,"ELCTRO_VA":1061.47,"ELCTRO_EXP":1554.79,"ELCTRI_VA":172.64,"ELCTRI_EXP":751.35,"MAQYEQ_VA":106.49,"MAQYEQ_EXP":876.8,"AUTOMO_VA":91.47,"AUTOMO_EXP":250.25,"OTRTRA_VA":19.97,"OTRTRA_EXP":171.87,"TRANSP_VA":36.23,"TRANSP_EXP":308.87,"OTRMAN_VA":334.74,"OTRMAN_EXP":142.31,"ELEGAS_VA":4295.47,"ELEGAS_EXP":159.48,"AGUBAS_VA":1896.18,"AGUBAS_EXP":54.72,"CONSTR_VA":7800.23,"CONSTR_EXP":199.85,"COMREV_VA":36155.27,"COMREV_EXP":9762.07,"TRATIE_VA":4683.68,"TRATIE_EXP":1317.29,"TRAGUA_VA":2983.57,"TRAGUA_EXP":3341.17,"TRAAIR_VA":3590.8,"TRAAIR_EXP":5384.36,"ALMSTR_VA":218.97,"ALMSTR_EXP":91.05,"POSTME_VA":681.19,"POSTME_EXP":75.06,"HOTYRE_VA":5006.71,"HOTYRE_EXP":2554.11,"MMTVRA_VA":489.37,"MMTVRA_EXP":360.64,"TELECO_VA":5835.93,"TELECO_EXP":883.49,"ITSERV_VA":1458.58,"ITSERV_EXP":544.17,"SERFIN_VA":20453.69,"SERFIN_EXP":14333.05,"GOBEST_VA":25354.39,"GOBEST_EXP":340.58,"SPRSCT_VA":3261.55,"SPRSCT_EXP":842.39,"SEAEMP_VA":2323.31,"SEAEMP_EXP":402.18,"ADPDEF_VA":9504.66,"ADPDEF_EXP":76.61,"EDUCAC_VA":11937.19,"EDUCAC_EXP":518.15,"SALUDH_VA":6810.43,"SALUDH_EXP":129.98,"ESPARC_VA":1018.46,"ESPARC_EXP":1076.11,"OTRSER_VA":2759.39,"OTRSER_EXP":113.08,"SERHOG_VA":2259.83,"SERHOG_EXP":0.0}},{"type":"Feature","geometry":{"type":"Point","coordinates":[15.2,45.1]},"properties":{"id":"HRV","name":"Croacia","continent":"europe","year":2000,"AGRPFO_VA":993.21,"AGRPFO_EXP":208.07,"FORLOG_VA":126.67,"FORLOG_EXP":11.94,"PESCAC_VA":42.99,"PESCAC_EXP":20.01,"MINCOL_VA":0.92,"MINCOL_EXP":0.11,"PETGAS_VA":61.4,"PETGAS_EXP":14.49,"MINORE_VA":0.8,"MINORE_EXP":0.24,"MINOTH_VA":51.67,"MINOTH_EXP":9.6,"MINSER_VA":62.38,"MINSER_EXP":44.01,"ALYBEB_VA":829.3,"ALYBEB_EXP":545.77,"TEXYPR_VA":329.79,"TEXYPR_EXP":203.04,"MADYPR_VA":125.49,"MADYPR_EXP":66.95,"PAPYPR_VA":187.58,"PAPYPR_EXP":47.38,"PETREF_VA":569.78,"PETREF_EXP":323.98,"QUIMYP_VA":205.28,"QUIMYP_EXP":83.83,"FARMED_VA":323.18,"FARMED_EXP":47.56,"HUPLAS_VA":108.88,"HUPLAS_EXP":17.79,"PRNOMT_VA":238.17,"PRNOMT_EXP":66.99,"METBAS_VA":34.12,"METBAS_EXP":26.82,"NONFER_VA":18.97,"NONFER_EXP":48.19,"PRMETA_VA":223.36,"PRMETA_EXP":60.45,"ELCTRO_VA":139.08,"ELCTRO_EXP":76.01,"ELCTRI_VA":141.0,"ELCTRI_EXP":84.19,"MAQYEQ_VA":116.17,"MAQYEQ_EXP":80.43,"AUTOMO_VA":23.45,"AUTOMO_EXP":28.71,"OTRTRA_VA":108.57,"OTRTRA_EXP":195.05,"TRANSP_VA":32.21,"TRANSP_EXP":28.09,"OTRMAN_VA":171.77,"OTRMAN_EXP":180.23,"ELEGAS_VA":360.1,"ELEGAS_EXP":15.05,"AGUBAS_VA":323.62,"AGUBAS_EXP":21.15,"CONSTR_VA":970.27,"CONSTR_EXP":47.08,"COMREV_VA":2189.15,"COMREV_EXP":533.72,"TRATIE_VA":560.63,"TRATIE_EXP":577.33,"TRAGUA_VA":105.12,"TRAGUA_EXP":92.42,"TRAAIR_VA":49.43,"TRAAIR_EXP":148.53,"ALMSTR_VA":283.7,"ALMSTR_EXP":106.24,"POSTME_VA":86.32,"POSTME_EXP":5.75,"HOTYRE_VA":682.99,"HOTYRE_EXP":810.01,"MMTVRA_VA":222.65,"MMTVRA_EXP":71.09,"TELECO_VA":597.62,"TELECO_EXP":200.33,"ITSERV_VA":72.71,"ITSERV_EXP":14.06,"SERFIN_VA":818.48,"SERFIN_EXP":170.99,"GOBEST_VA":1708.63,"GOBEST_EXP":61.6,"SPRSCT_VA":681.74,"SPRSCT_EXP":348.89,"SEAEMP_VA":210.62,"SEAEMP_EXP":87.56,"ADPDEF_VA":1851.16,"ADPDEF_EXP":8.31,"EDUCAC_VA":847.83,"EDUCAC_EXP":65.15,"SALUDH_VA":934.65,"SALUDH_EXP":55.23,"ESPARC_VA":189.81,"ESPARC_EXP":253.98,"OTRSER_VA":255.11,"OTRSER_EXP":52.55,"SERHOG_VA":39.75,"SERHOG_EXP":0.0}},{"type":"Feature","geometry":{"type":"Point","coordinates":[19.5,47.16]},"properties":{"id":"HUN","name":"Hungría","continent":"europe","year":2000,"AGRPFO_VA":2321.64,"AGRPFO_EXP":693.96,"FORLOG_VA":133.95,"FORLOG_EXP":67.04,"PESCAC_VA":6.66,"PESCAC_EXP":5.32,"MINCOL_VA":11.73,"MINCOL_EXP":1.09,"PETGAS_VA":7.61,"PETGAS_EXP":10.6,"MINORE_VA":11.38,"MINORE_EXP":1.09,"MINOTH_VA":60.7,"MINOTH_EXP":26.2,"MINSER_VA":12.84,"MINSER_EXP":15.97,"ALYBEB_VA":1271.66,"ALYBEB_EXP":1267.21,"TEXYPR_VA":700.66,"TEXYPR_EXP":1244.69,"MADYPR_VA":213.54,"MADYPR_EXP":247.67,"PAPYPR_VA":353.02,"PAPYPR_EXP":302.89,"PETREF_VA":684.9,"PETREF_EXP":434.37,"QUIMYP_VA":432.16,"QUIMYP_EXP":816.21,"FARMED_VA":513.85,"FARMED_EXP":271.87,"HUPLAS_VA":383.74,"HUPLAS_EXP":694.03,"PRNOMT_VA":460.98,"PRNOMT_EXP":292.87,"METBAS_VA":181.29,"METBAS_EXP":311.11,"NONFER_VA":187.09,"NONFER_EXP":400.23,"PRMETA_VA":673.7,"PRMETA_EXP":828.08,"ELCTRO_VA":824.1,"ELCTRO_EXP":4949.83,"ELCTRI_VA":787.03,"ELCTRI_EXP":2601.59,"MAQYEQ_VA":445.55,"MAQYEQ_EXP":936.61,"AUTOMO_VA":1636.2,"AUTOMO_EXP":3800.7,"OTRTRA_VA":0.63,"OTRTRA_EXP":1.03,"TRANSP_VA":41.23,"TRANSP_EXP":62.52,"OTRMAN_VA":415.04,"OTRMAN_EXP":622.14,"ELEGAS_VA":1373.77,"ELEGAS_EXP":103.42,"AGUBAS_VA":425.28,"AGUBAS_EXP":12.46,"CONSTR_VA":2133.28,"CONSTR_EXP":58.07,"COMREV_VA":4109.22,"COMREV_EXP":2506.39,"TRATIE_VA":1717.47,"TRATIE_EXP":754.63,"TRAGUA_VA":54.44,"TRAGUA_EXP":29.27,"TRAAIR_VA":50.25,"TRAAIR_EXP":296.36,"ALMSTR_VA":429.29,"ALMSTR_EXP":386.35,"POSTME_VA":275.84,"POSTME_EXP":29.69,"HOTYRE_VA":900.91,"HOTYRE_EXP":1114.54,"MMTVRA_VA":421.44,"MMTVRA_EXP":240.17,"TELECO_VA":1215.37,"TELECO_EXP":252.49,"ITSERV_VA":466.01,"ITSERV_EXP":164.22,"SERFIN_VA":1447.06,"SERFIN_EXP":314.69,"GOBEST_VA":3506.22,"GOBEST_EXP":297.26,"SPRSCT_VA":1824.39,"SPRSCT_EXP":1272.04,"SEAEMP_VA":1073.6,"SEAEMP_EXP":270.15,"ADPDEF_VA":3488.61,"ADPDEF_EXP":23.52,"EDUCAC_VA":1961.58,"EDUCAC_EXP":78.37,"SALUDH_VA":1686.73,"SALUDH_EXP":65.46,"ESPARC_VA":523.15,"ESPARC_EXP":117.39,"OTRSER_VA":747.18,"OTRSER_EXP":58.89,"SERHOG_VA":8.08,"SERHOG_EXP":0.0}},{"type":"Feature","geometry":{"type":"Point","coordinates":[113.92,-0.79]},"properties":{"id":"IDN","name":"Indonesia","continent":"asia","year":2000,"AGRPFO_VA":18602.51,"AGRPFO_EXP":1410.68,"FORLOG_VA":1433.21,"FORLOG_EXP":28.2,"PESCAC_VA":3539.0,"PESCAC_EXP":199.78,"MINCOL_VA":3963.14,"MINCOL_EXP":1467.57,"PETGAS_VA":8308.33,"PETGAS_EXP":9561.2,"MINORE_VA":2711.37,"MINORE_EXP":2608.05,"MINOTH_VA":1951.3,"MINOTH_EXP":120.16,"MINSER_VA":830.75,"MINSER_EXP":11.17,"ALYBEB_VA":10026.9,"ALYBEB_EXP":4243.12,"TEXYPR_VA":2870.26,"TEXYPR_EXP":8378.36,"MADYPR_VA":1310.56,"MADYPR_EXP":1806.21,"PAPYPR_VA":1643.47,"PAPYPR_EXP":3058.4,"PETREF_VA":5516.38,"PETREF_EXP":1883.97,"QUIMYP_VA":2222.52,"QUIMYP_EXP":3069.18,"FARMED_VA":491.39,"FARMED_EXP":103.86,"HUPLAS_VA":1616.07,"HUPLAS_EXP":1837.98,"PRNOMT_VA":1202.33,"PRNOMT_EXP":793.64,"METBAS_VA":666.73,"METBAS_EXP":459.61,"NONFER_VA":621.91,"NONFER_EXP":747.82,"PRMETA_VA":3191.02,"PRMETA_EXP":859.58,"ELCTRO_VA":1146.58,"ELCTRO_EXP":4607.22,"ELCTRI_VA":843.5,"ELCTRI_EXP":1882.66,"MAQYEQ_VA":608.16,"MAQYEQ_EXP":1403.02,"AUTOMO_VA":3305.16,"AUTOMO_EXP":226.56,"OTRTRA_VA":124.74,"OTRTRA_EXP":159.49,"TRANSP_VA":125.86,"TRANSP_EXP":335.35,"OTRMAN_VA":856.01,"OTRMAN_EXP":1191.71,"ELEGAS_VA":1801.36,"ELEGAS_EXP":3.04,"AGUBAS_VA":130.23,"AGUBAS_EXP":0.16,"CONSTR_VA":16035.91,"CONSTR_EXP":249.79,"COMREV_VA":30307.45,"COMREV_EXP":6333.38,"TRATIE_VA":3585.52,"TRATIE_EXP":945.05,"TRAGUA_VA":748.99,"TRAGUA_EXP":733.47,"TRAAIR_VA":969.06,"TRAAIR_EXP":485.24,"ALMSTR_VA":828.16,"ALMSTR_EXP":143.46,"POSTME_VA":171.44,"POSTME_EXP":80.8,"HOTYRE_VA":5025.37,"HOTYRE_EXP":1755.71,"MMTVRA_VA":1213.86,"MMTVRA_EXP":259.1,"TELECO_VA":4628.41,"TELECO_EXP":178.4,"ITSERV_VA":481.94,"ITSERV_EXP":7.92,"SERFIN_VA":5915.44,"SERFIN_EXP":207.52,"GOBEST_VA":4066.15,"GOBEST_EXP":228.45,"SPRSCT_VA":1102.8,"SPRSCT_EXP":351.06,"SEAEMP_VA":1051.5,"SEAEMP_EXP":435.69,"ADPDEF_VA":6454.24,"ADPDEF_EXP":0.17,"EDUCAC_VA":4991.59,"EDUCAC_EXP":88.19,"SALUDH_VA":1263.03,"SALUDH_EXP":71.3,"ESPARC_VA":543.92,"ESPARC_EXP":162.88,"OTRSER_VA":2544.26,"OTRSER_EXP":72.91,"SERHOG_VA":591.49,"SERHOG_EXP":0.0}},{"type":"Feature","geometry":{"type":"Point","coordinates":[78.96,20.59]},"properties":{"id":"IND","name":"India","continent":"asia","year":2000,"AGRPFO_VA":81093.14,"AGRPFO_EXP":864.75,"FORLOG_VA":12587.15,"FORLOG_EXP":650.47,"PESCAC_VA":4465.8,"PESCAC_EXP":38.32,"MINCOL_VA":2723.29,"MINCOL_EXP":51.2,"PETGAS_VA":5621.02,"PETGAS_EXP":4.53,"MINORE_VA":747.81,"MINORE_EXP":687.78,"MINOTH_VA":135.99,"MINOTH_EXP":182.48,"MINSER_VA":1904.54,"MINSER_EXP":27.21,"ALYBEB_VA":9697.84,"ALYBEB_EXP":3124.28,"TEXYPR_VA":9784.91,"TEXYPR_EXP":5407.13,"MADYPR_VA":2256.62,"MADYPR_EXP":265.03,"PAPYPR_VA":2075.7,"PAPYPR_EXP":149.37,"PETREF_VA":6747.25,"PETREF_EXP":4999.96,"QUIMYP_VA":5858.75,"QUIMYP_EXP":2079.38,"FARMED_VA":4100.51,"FARMED_EXP":1204.49,"HUPLAS_VA":3635.65,"HUPLAS_EXP":859.37,"PRNOMT_VA":5045.13,"PRNOMT_EXP":278.45,"METBAS_VA":7777.76,"METBAS_EXP":2203.3,"NONFER_VA":4601.05,"NONFER_EXP":640.72,"PRMETA_VA":5033.92,"PRMETA_EXP":872.95,"ELCTRO_VA":1253.65,"ELCTRO_EXP":533.81,"ELCTRI_VA":2142.8,"ELCTRI_EXP":1207.82,"MAQYEQ_VA":4505.86,"MAQYEQ_EXP":1932.01,"AUTOMO_VA":3706.94,"AUTOMO_EXP":1151.12,"OTRTRA_VA":258.48,"OTRTRA_EXP":55.31,"TRANSP_VA":1111.02,"TRANSP_EXP":663.57,"OTRMAN_VA":3365.73,"OTRMAN_EXP":4996.65,"ELEGAS_VA":11151.97,"ELEGAS_EXP":60.29,"AGUBAS_VA":1674.79,"AGUBAS_EXP":0.65,"CONSTR_VA":35430.29,"CONSTR_EXP":130.68,"COMREV_VA":36668.98,"COMREV_EXP":4121.74,"TRATIE_VA":19399.53,"TRATIE_EXP":1988.22,"TRAGUA_VA":391.08,"TRAGUA_EXP":140.88,"TRAAIR_VA":346.35,"TRAAIR_EXP":482.53,"ALMSTR_VA":3572.77,"ALMSTR_EXP":812.83,"POSTME_VA":1896.73,"POSTME_EXP":19.22,"HOTYRE_VA":4055.03,"HOTYRE_EXP":1310.01,"MMTVRA_VA":2139.77,"MMTVRA_EXP":663.36,"TELECO_VA":4250.24,"TELECO_EXP":166.13,"ITSERV_VA":9075.62,"ITSERV_EXP":5327.5,"SERFIN_VA":20251.92,"SERFIN_EXP":598.32,"GOBEST_VA":30301.45,"GOBEST_EXP":365.35,"SPRSCT_VA":1104.92,"SPRSCT_EXP":1335.42,"SEAEMP_VA":8701.68,"SEAEMP_EXP":2587.07,"ADPDEF_VA":28106.21,"ADPDEF_EXP":57.61,"EDUCAC_VA":12978.64,"EDUCAC_EXP":72.92,"SALUDH_VA":5558.33,"SALUDH_EXP":59.77,"ESPARC_VA":888.98,"ESPARC_EXP":130.01,"OTRSER_VA":4586.33,"OTRSER_EXP":57.03,"SERHOG_VA":787.13,"SERHOG_EXP":0.0}},{"type":"Feature","geometry":{"type":"Point","coordinates":[-7.69,53.14]},"properties":{"id":"IRL","name":"Irlanda","continent":"europe","year":2000,"AGRPFO_VA":2358.61,"AGRPFO_EXP":622.86,"FORLOG_VA":51.02,"FORLOG_EXP":27.4,"PESCAC_VA":170.07,"PESCAC_EXP":151.43,"MINCOL_VA":4.65,"MINCOL_EXP":6.19,"PETGAS_VA":16.84,"PETGAS_EXP":41.41,"MINORE_VA":241.01,"MINORE_EXP":171.23,"MINOTH_VA":200.72,"MINOTH_EXP":119.28,"MINSER_VA":10.97,"MINSER_EXP":7.7,"ALYBEB_VA":3421.29,"ALYBEB_EXP":6816.88,"TEXYPR_VA":382.9,"TEXYPR_EXP":715.2,"MADYPR_VA":374.88,"MADYPR_EXP":268.91,"PAPYPR_VA":658.56,"PAPYPR_EXP":817.42,"PETREF_VA":83.58,"PETREF_EXP":233.75,"QUIMYP_VA":405.75,"QUIMYP_EXP":697.95,"FARMED_VA":8325.44,"FARMED_EXP":10401.27,"HUPLAS_VA":530.86,"HUPLAS_EXP":911.12,"PRNOMT_VA":779.72,"PRNOMT_EXP":772.59,"METBAS_VA":160.14,"METBAS_EXP":219.71,"NONFER_VA":29.75,"NONFER_EXP":169.93,"PRMETA_VA":617.75,"PRMETA_EXP":576.48,"ELCTRO_VA":4156.68,"ELCTRO_EXP":14636.33,"ELCTRI_VA":579.85,"ELCTRI_EXP":1276.86,"MAQYEQ_VA":543.91,"MAQYEQ_EXP":1143.73,"AUTOMO_VA":180.6,"AUTOMO_EXP":353.36,"OTRTRA_VA":5.7,"OTRTRA_EXP":10.37,"TRANSP_VA":105.8,"TRANSP_EXP":202.26,"OTRMAN_VA":2226.35,"OTRMAN_EXP":1266.8,"ELEGAS_VA":1076.0,"ELEGAS_EXP":1.8,"AGUBAS_VA":586.31,"AGUBAS_EXP":0.11,"CONSTR_VA":6787.43,"CONSTR_EXP":0.18,"COMREV_VA":10086.62,"COMREV_EXP":5980.8,"TRATIE_VA":1444.71,"TRATIE_EXP":915.7,"TRAGUA_VA":147.95,"TRAGUA_EXP":254.31,"TRAAIR_VA":681.02,"TRAAIR_EXP":843.17,"ALMSTR_VA":614.0,"ALMSTR_EXP":412.51,"POSTME_VA":639.28,"POSTME_EXP":318.19,"HOTYRE_VA":2550.17,"HOTYRE_EXP":857.94,"MMTVRA_VA":3012.62,"MMTVRA_EXP":1502.3,"TELECO_VA":2263.53,"TELECO_EXP":550.17,"ITSERV_VA":2241.05,"ITSERV_EXP":4930.86,"SERFIN_VA":7032.02,"SERFIN_EXP":4909.91,"GOBEST_VA":6557.6,"GOBEST_EXP":280.08,"SPRSCT_VA":3667.69,"SPRSCT_EXP":3289.49,"SEAEMP_VA":2436.47,"SEAEMP_EXP":625.8,"ADPDEF_VA":3656.52,"ADPDEF_EXP":0.07,"EDUCAC_VA":3628.93,"EDUCAC_EXP":68.76,"SALUDH_VA":4998.87,"SALUDH_EXP":30.48,"ESPARC_VA":1326.38,"ESPARC_EXP":89.64,"OTRSER_VA":582.44,"OTRSER_EXP":25.15,"SERHOG_VA":80.64,"SERHOG_EXP":0.0}},{"type":"Feature","geometry":{"type":"Point","coordinates":[-19.02,64.96]},"properties":{"id":"ISL","name":"Islandia","continent":"europe","year":2000,"AGRPFO_VA":108.41,"AGRPFO_EXP":9.12,"FORLOG_VA":0.88,"FORLOG_EXP":0.1,"PESCAC_VA":519.2,"PESCAC_EXP":233.46,"MINCOL_VA":0.02,"MINCOL_EXP":0.0,"PETGAS_VA":0.35,"PETGAS_EXP":0.05,"MINORE_VA":0.0,"MINORE_EXP":0.0,"MINOTH_VA":10.63,"MINOTH_EXP":2.67,"MINSER_VA":0.03,"MINSER_EXP":0.0,"ALYBEB_VA":448.86,"ALYBEB_EXP":801.34,"TEXYPR_VA":12.48,"TEXYPR_EXP":12.44,"MADYPR_VA":17.9,"MADYPR_EXP":0.24,"PAPYPR_VA":40.8,"PAPYPR_EXP":3.44,"PETREF_VA":0.04,"PETREF_EXP":0.01,"QUIMYP_VA":23.02,"QUIMYP_EXP":12.57,"FARMED_VA":27.7,"FARMED_EXP":1.26,"HUPLAS_VA":31.03,"HUPLAS_EXP":7.76,"PRNOMT_VA":55.26,"PRNOMT_EXP":1.58,"METBAS_VA":24.32,"METBAS_EXP":9.79,"NONFER_VA":175.29,"NONFER_EXP":308.57,"PRMETA_VA":82.07,"PRMETA_EXP":2.97,"ELCTRO_VA":3.07,"ELCTRO_EXP":1.07,"ELCTRI_VA":6.48,"ELCTRI_EXP":0.87,"MAQYEQ_VA":43.27,"MAQYEQ_EXP":39.5,"AUTOMO_VA":4.11,"AUTOMO_EXP":1.02,"OTRTRA_VA":0.99,"OTRTRA_EXP":2.13,"TRANSP_VA":8.93,"TRANSP_EXP":4.0,"OTRMAN_VA":126.21,"OTRMAN_EXP":11.56,"ELEGAS_VA":249.9,"ELEGAS_EXP":0.1,"AGUBAS_VA":45.02,"AGUBAS_EXP":0.24,"CONSTR_VA":730.93,"CONSTR_EXP":0.19,"COMREV_VA":890.07,"COMREV_EXP":262.46,"TRATIE_VA":106.08,"TRATIE_EXP":20.57,"TRAGUA_VA":76.1,"TRAGUA_EXP":99.36,"TRAAIR_VA":207.13,"TRAAIR_EXP":456.78,"ALMSTR_VA":51.46,"ALMSTR_EXP":51.15,"POSTME_VA":31.45,"POSTME_EXP":1.1,"HOTYRE_VA":270.6,"HOTYRE_EXP":67.46,"MMTVRA_VA":178.25,"MMTVRA_EXP":18.27,"TELECO_VA":156.04,"TELECO_EXP":8.97,"ITSERV_VA":108.26,"ITSERV_EXP":52.13,"SERFIN_VA":425.84,"SERFIN_EXP":63.94,"GOBEST_VA":600.69,"GOBEST_EXP":0.83,"SPRSCT_VA":332.37,"SPRSCT_EXP":97.26,"SEAEMP_VA":168.47,"SEAEMP_EXP":62.37,"ADPDEF_VA":451.22,"ADPDEF_EXP":0.35,"EDUCAC_VA":403.55,"EDUCAC_EXP":0.47,"SALUDH_VA":664.75,"SALUDH_EXP":0.61,"ESPARC_VA":71.82,"ESPARC_EXP":29.97,"OTRSER_VA":111.61,"OTRSER_EXP":6.69,"SERHOG_VA":5.71,"SERHOG_EXP":0.0}},{"type":"Feature","geometry":{"type":"Point","coordinates":[34.85,31.05]},"properties":{"id":"ISR","name":"Israel","continent":"other","year":2000,"AGRPFO_VA":1916.33,"AGRPFO_EXP":970.16,"FORLOG_VA":10.36,"FORLOG_EXP":12.64,"PESCAC_VA":25.65,"PESCAC_EXP":16.65,"MINCOL_VA":0.0,"MINCOL_EXP":0.0,"PETGAS_VA":182.69,"PETGAS_EXP":2.57,"MINORE_VA":0.0,"MINORE_EXP":0.0,"MINOTH_VA":508.03,"MINOTH_EXP":683.04,"MINSER_VA":40.03,"MINSER_EXP":25.9,"ALYBEB_VA":1972.56,"ALYBEB_EXP":922.29,"TEXYPR_VA":378.68,"TEXYPR_EXP":489.05,"MADYPR_VA":70.09,"MADYPR_EXP":19.51,"PAPYPR_VA":559.1,"PAPYPR_EXP":241.58,"PETREF_VA":2126.07,"PETREF_EXP":2085.62,"QUIMYP_VA":2288.73,"QUIMYP_EXP":2699.48,"FARMED_VA":1802.51,"FARMED_EXP":309.57,"HUPLAS_VA":831.91,"HUPLAS_EXP":1417.81,"PRNOMT_VA":623.75,"PRNOMT_EXP":291.73,"METBAS_VA":201.01,"METBAS_EXP":209.91,"NONFER_VA":80.1,"NONFER_EXP":184.34,"PRMETA_VA":1553.67,"PRMETA_EXP":942.22,"ELCTRO_VA":4020.29,"ELCTRO_EXP":5282.48,"ELCTRI_VA":320.47,"ELCTRI_EXP":519.58,"MAQYEQ_VA":798.66,"MAQYEQ_EXP":1507.59,"AUTOMO_VA":160.43,"AUTOMO_EXP":342.86,"OTRTRA_VA":7.57,"OTRTRA_EXP":17.44,"TRANSP_VA":707.81,"TRANSP_EXP":1366.99,"OTRMAN_VA":708.43,"OTRMAN_EXP":1172.74,"ELEGAS_VA":590.41,"ELEGAS_EXP":0.24,"AGUBAS_VA":1121.17,"AGUBAS_EXP":1.13,"CONSTR_VA":6267.24,"CONSTR_EXP":8.07,"COMREV_VA":10735.85,"COMREV_EXP":3718.68,"TRATIE_VA":2784.1,"TRATIE_EXP":722.57,"TRAGUA_VA":454.49,"TRAGUA_EXP":556.33,"TRAAIR_VA":1238.41,"TRAAIR_EXP":1439.21,"ALMSTR_VA":411.5,"ALMSTR_EXP":574.24,"POSTME_VA":373.19,"POSTME_EXP":59.9,"HOTYRE_VA":2594.28,"HOTYRE_EXP":1201.28,"MMTVRA_VA":711.33,"MMTVRA_EXP":345.91,"TELECO_VA":3168.62,"TELECO_EXP":304.33,"ITSERV_VA":5011.23,"ITSERV_EXP":4719.38,"SERFIN_VA":7321.64,"SERFIN_EXP":1958.57,"GOBEST_VA":18926.89,"GOBEST_EXP":918.67,"SPRSCT_VA":7974.43,"SPRSCT_EXP":1297.25,"SEAEMP_VA":4325.84,"SEAEMP_EXP":365.07,"ADPDEF_VA":11435.97,"ADPDEF_EXP":14.09,"EDUCAC_VA":7666.33,"EDUCAC_EXP":94.72,"SALUDH_VA":7384.44,"SALUDH_EXP":114.43,"ESPARC_VA":1976.12,"ESPARC_EXP":193.96,"OTRSER_VA":1681.85,"OTRSER_EXP":85.85,"SERHOG_VA":233.82,"SERHOG_EXP":0.0}},{"type":"Feature","geometry":{"type":"Point","coordinates":[12.57,41.87]},"properties":{"id":"ITA","name":"Italia","continent":"europe","year":2000,"AGRPFO_VA":27944.3,"AGRPFO_EXP":2969.3,"FORLOG_VA":1063.38,"FORLOG_EXP":101.61,"PESCAC_VA":1254.68,"PESCAC_EXP":139.74,"MINCOL_VA":12.79,"MINCOL_EXP":4.14,"PETGAS_VA":4397.63,"PETGAS_EXP":300.66,"MINORE_VA":0.53,"MINORE_EXP":0.19,"MINOTH_VA":1016.25,"MINOTH_EXP":271.71,"MINSER_VA":203.88,"MINSER_EXP":2.62,"ALYBEB_VA":20656.15,"ALYBEB_EXP":9892.6,"TEXYPR_VA":26684.41,"TEXYPR_EXP":25904.39,"MADYPR_VA":6319.46,"MADYPR_EXP":1486.65,"PAPYPR_VA":10163.85,"PAPYPR_EXP":3257.15,"PETREF_VA":3408.44,"PETREF_EXP":4410.81,"QUIMYP_VA":9853.71,"QUIMYP_EXP":11707.45,"FARMED_VA":6820.63,"FARMED_EXP":4909.95,"HUPLAS_VA":10271.78,"HUPLAS_EXP":7270.92,"PRNOMT_VA":12138.49,"PRNOMT_EXP":6340.8,"METBAS_VA":5627.53,"METBAS_EXP":6005.78,"NONFER_VA":2568.7,"NONFER_EXP":2704.3,"PRMETA_VA":22031.71,"PRMETA_EXP":9943.48,"ELCTRO_VA":6962.25,"ELCTRO_EXP":11301.56,"ELCTRI_VA":9077.94,"ELCTRI_EXP":7557.95,"MAQYEQ_VA":24729.95,"MAQYEQ_EXP":35637.83,"AUTOMO_VA":11630.11,"AUTOMO_EXP":14566.07,"OTRTRA_VA":2114.87,"OTRTRA_EXP":1609.81,"TRANSP_VA":4147.99,"TRANSP_EXP":3385.51,"OTRMAN_VA":18144.73,"OTRMAN_EXP":11840.94,"ELEGAS_VA":15291.33,"ELEGAS_EXP":360.7,"AGUBAS_VA":7298.65,"AGUBAS_EXP":56.48,"CONSTR_VA":52925.19,"CONSTR_EXP":765.37,"COMREV_VA":138568.77,"COMREV_EXP":41022.39,"TRATIE_VA":29997.93,"TRATIE_EXP":9412.21,"TRAGUA_VA":3437.66,"TRAGUA_EXP":4268.68,"TRAAIR_VA":2541.2,"TRAAIR_EXP":3125.33,"ALMSTR_VA":17673.29,"ALMSTR_EXP":5855.04,"POSTME_VA":4027.31,"POSTME_EXP":315.09,"HOTYRE_VA":37710.17,"HOTYRE_EXP":10160.23,"MMTVRA_VA":9055.75,"MMTVRA_EXP":1658.66,"TELECO_VA":17791.42,"TELECO_EXP":2214.73,"ITSERV_VA":15635.15,"ITSERV_EXP":1800.05,"SERFIN_VA":53498.17,"SERFIN_EXP":3761.78,"GOBEST_VA":105030.78,"GOBEST_EXP":2055.67,"SPRSCT_VA":73194.7,"SPRSCT_EXP":6122.05,"SEAEMP_VA":25851.29,"SEAEMP_EXP":4337.33,"ADPDEF_VA":66973.15,"ADPDEF_EXP":29.29,"EDUCAC_VA":47490.93,"EDUCAC_EXP":659.29,"SALUDH_VA":53090.17,"SALUDH_EXP":462.49,"ESPARC_VA":9940.27,"ESPARC_EXP":1039.21,"OTRSER_VA":20050.22,"OTRSER_EXP":900.04,"SERHOG_VA":9649.39,"SERHOG_EXP":0.0}},{"type":"Feature","geometry":{"type":"Point","coordinates":[36.24,30.59]},"properties":{"id":"JOR","name":"Jordania","continent":"other","year":2000,"AGRPFO_VA":315.33,"AGRPFO_EXP":192.86,"FORLOG_VA":23.84,"FORLOG_EXP":0.13,"PESCAC_VA":0.6,"PESCAC_EXP":0.2,"MINCOL_VA":43.38,"MINCOL_EXP":0.06,"PETGAS_VA":46.36,"PETGAS_EXP":0.25,"MINORE_VA":36.09,"MINORE_EXP":0.35,"MINOTH_VA":63.62,"MINOTH_EXP":88.22,"MINSER_VA":36.14,"MINSER_EXP":5.38,"ALYBEB_VA":543.62,"ALYBEB_EXP":162.79,"TEXYPR_VA":253.47,"TEXYPR_EXP":234.15,"MADYPR_VA":13.28,"MADYPR_EXP":3.51,"PAPYPR_VA":57.32,"PAPYPR_EXP":30.44,"PETREF_VA":65.32,"PETREF_EXP":7.68,"QUIMYP_VA":121.55,"QUIMYP_EXP":151.38,"FARMED_VA":101.49,"FARMED_EXP":109.8,"HUPLAS_VA":39.41,"HUPLAS_EXP":24.99,"PRNOMT_VA":155.83,"PRNOMT_EXP":9.25,"METBAS_VA":26.75,"METBAS_EXP":11.04,"NONFER_VA":30.44,"NONFER_EXP":21.95,"PRMETA_VA":74.3,"PRMETA_EXP":34.29,"ELCTRO_VA":8.45,"ELCTRO_EXP":9.92,"ELCTRI_VA":42.87,"ELCTRI_EXP":25.82,"MAQYEQ_VA":27.14,"MAQYEQ_EXP":22.98,"AUTOMO_VA":14.59,"AUTOMO_EXP":3.76,"OTRTRA_VA":1.93,"OTRTRA_EXP":0.23,"TRANSP_VA":3.49,"TRANSP_EXP":0.22,"OTRMAN_VA":38.79,"OTRMAN_EXP":64.65,"ELEGAS_VA":85.62,"ELEGAS_EXP":2.49,"AGUBAS_VA":96.23,"AGUBAS_EXP":0.44,"CONSTR_VA":241.87,"CONSTR_EXP":0.58,"COMREV_VA":733.35,"COMREV_EXP":158.97,"TRATIE_VA":317.73,"TRATIE_EXP":93.47,"TRAGUA_VA":13.39,"TRAGUA_EXP":16.93,"TRAAIR_VA":61.05,"TRAAIR_EXP":226.99,"ALMSTR_VA":84.58,"ALMSTR_EXP":50.04,"POSTME_VA":4.02,"POSTME_EXP":7.09,"HOTYRE_VA":222.78,"HOTYRE_EXP":151.11,"MMTVRA_VA":39.4,"MMTVRA_EXP":49.39,"TELECO_VA":295.96,"TELECO_EXP":77.37,"ITSERV_VA":43.78,"ITSERV_EXP":5.26,"SERFIN_VA":221.42,"SERFIN_EXP":111.52,"GOBEST_VA":905.91,"GOBEST_EXP":42.52,"SPRSCT_VA":88.41,"SPRSCT_EXP":91.44,"SEAEMP_VA":71.14,"SEAEMP_EXP":128.54,"ADPDEF_VA":802.39,"ADPDEF_EXP":1.57,"EDUCAC_VA":728.97,"EDUCAC_EXP":123.11,"SALUDH_VA":243.0,"SALUDH_EXP":105.1,"ESPARC_VA":20.95,"ESPARC_EXP":46.32,"OTRSER_VA":72.5,"OTRSER_EXP":8.16,"SERHOG_VA":76.82,"SERHOG_EXP":0.0}},{"type":"Feature","geometry":{"type":"Point","coordinates":[138.25,36.2]},"properties":{"id":"JPN","name":"Japón","continent":"asia","year":2000,"AGRPFO_VA":63473.49,"AGRPFO_EXP":591.59,"FORLOG_VA":2076.68,"FORLOG_EXP":52.44,"PESCAC_VA":9989.38,"PESCAC_EXP":400.46,"MINCOL_VA":546.58,"MINCOL_EXP":1.75,"PETGAS_VA":558.69,"PETGAS_EXP":12.51,"MINORE_VA":1315.39,"MINORE_EXP":9.78,"MINOTH_VA":837.45,"MINOTH_EXP":84.65,"MINSER_VA":1107.71,"MINSER_EXP":122.72,"ALYBEB_VA":129770.32,"ALYBEB_EXP":1646.86,"TEXYPR_VA":30180.76,"TEXYPR_EXP":4960.57,"MADYPR_VA":10869.76,"MADYPR_EXP":275.45,"PAPYPR_VA":64157.7,"PAPYPR_EXP":2276.04,"PETREF_VA":49390.5,"PETREF_EXP":2771.53,"QUIMYP_VA":61299.15,"QUIMYP_EXP":17600.7,"FARMED_VA":35679.63,"FARMED_EXP":1660.06,"HUPLAS_VA":46195.68,"HUPLAS_EXP":10790.37,"PRNOMT_VA":35470.18,"PRNOMT_EXP":3696.56,"METBAS_VA":47290.02,"METBAS_EXP":9810.98,"NONFER_VA":19265.65,"NONFER_EXP":6699.75,"PRMETA_VA":53982.3,"PRMETA_EXP":2966.75,"ELCTRO_VA":142274.33,"ELCTRO_EXP":121701.88,"ELCTRI_VA":73887.82,"ELCTRI_EXP":27148.86,"MAQYEQ_VA":126045.7,"MAQYEQ_EXP":60629.7,"AUTOMO_VA":94644.31,"AUTOMO_EXP":72778.69,"OTRTRA_VA":6729.4,"OTRTRA_EXP":8464.99,"TRANSP_VA":11161.35,"TRANSP_EXP":6769.7,"OTRMAN_VA":136399.93,"OTRMAN_EXP":7437.79,"ELEGAS_VA":87159.57,"ELEGAS_EXP":60.04,"AGUBAS_VA":67016.69,"AGUBAS_EXP":10.18,"CONSTR_VA":314893.94,"CONSTR_EXP":27.22,"COMREV_VA":607349.94,"COMREV_EXP":70027.85,"TRATIE_VA":145735.24,"TRATIE_EXP":14282.68,"TRAGUA_VA":9629.46,"TRAGUA_EXP":3828.29,"TRAAIR_VA":10762.97,"TRAAIR_EXP":6810.01,"ALMSTR_VA":52065.4,"ALMSTR_EXP":4609.29,"POSTME_VA":15760.84,"POSTME_EXP":343.36,"HOTYRE_VA":148046.33,"HOTYRE_EXP":1076.86,"MMTVRA_VA":41819.18,"MMTVRA_EXP":3070.6,"TELECO_VA":82089.75,"TELECO_EXP":1611.33,"ITSERV_VA":121381.36,"ITSERV_EXP":696.33,"SERFIN_VA":230266.73,"SERFIN_EXP":6227.05,"GOBEST_VA":493781.67,"GOBEST_EXP":1857.97,"SPRSCT_VA":194836.05,"SPRSCT_EXP":14442.98,"SEAEMP_VA":109510.86,"SEAEMP_EXP":7855.34,"ADPDEF_VA":232503.82,"ADPDEF_EXP":87.11,"EDUCAC_VA":166760.49,"EDUCAC_EXP":235.02,"SALUDH_VA":235348.6,"SALUDH_EXP":44.64,"ESPARC_VA":56941.05,"ESPARC_EXP":260.19,"OTRSER_VA":101539.03,"OTRSER_EXP":92.72,"SERHOG_VA":0.0,"SERHOG_EXP":0.0}},{"type":"Feature","geometry":{"type":"Point","coordinates":[66.92,48.02]},"properties":{"id":"KAZ","name":"Kazajistán","continent":"asia","year":2000,"AGRPFO_VA":952.08,"AGRPFO_EXP":419.75,"FORLOG_VA":3.59,"FORLOG_EXP":0.08,"PESCAC_VA":3.6,"PESCAC_EXP":0.54,"MINCOL_VA":92.28,"MINCOL_EXP":147.2,"PETGAS_VA":2967.95,"PETGAS_EXP":5044.83,"MINORE_VA":372.84,"MINORE_EXP":233.34,"MINOTH_VA":37.88,"MINOTH_EXP":29.87,"MINSER_VA":144.2,"MINSER_EXP":28.43,"ALYBEB_VA":378.96,"ALYBEB_EXP":103.27,"TEXYPR_VA":23.5,"TEXYPR_EXP":12.17,"MADYPR_VA":5.76,"MADYPR_EXP":0.44,"PAPYPR_VA":26.75,"PAPYPR_EXP":5.13,"PETREF_VA":284.5,"PETREF_EXP":233.36,"QUIMYP_VA":60.69,"QUIMYP_EXP":92.61,"FARMED_VA":8.46,"FARMED_EXP":1.36,"HUPLAS_VA":38.85,"HUPLAS_EXP":5.56,"PRNOMT_VA":105.17,"PRNOMT_EXP":3.86,"METBAS_VA":341.64,"METBAS_EXP":643.28,"NONFER_VA":679.88,"NONFER_EXP":1032.23,"PRMETA_VA":47.01,"PRMETA_EXP":20.53,"ELCTRO_VA":7.26,"ELCTRO_EXP":12.47,"ELCTRI_VA":22.17,"ELCTRI_EXP":14.08,"MAQYEQ_VA":30.2,"MAQYEQ_EXP":54.82,"AUTOMO_VA":13.09,"AUTOMO_EXP":13.0,"OTRTRA_VA":3.01,"OTRTRA_EXP":6.23,"TRANSP_VA":5.53,"TRANSP_EXP":10.18,"OTRMAN_VA":124.65,"OTRMAN_EXP":5.0,"ELEGAS_VA":278.51,"ELEGAS_EXP":29.95,"AGUBAS_VA":48.74,"AGUBAS_EXP":0.32,"CONSTR_VA":1170.51,"CONSTR_EXP":0.29,"COMREV_VA":2698.0,"COMREV_EXP":781.21,"TRATIE_VA":921.93,"TRATIE_EXP":475.92,"TRAGUA_VA":16.13,"TRAGUA_EXP":6.61,"TRAAIR_VA":72.45,"TRAAIR_EXP":36.48,"ALMSTR_VA":355.95,"ALMSTR_EXP":52.39,"POSTME_VA":16.74,"POSTME_EXP":2.53,"HOTYRE_VA":166.0,"HOTYRE_EXP":101.63,"MMTVRA_VA":59.74,"MMTVRA_EXP":28.34,"TELECO_VA":406.72,"TELECO_EXP":53.87,"ITSERV_VA":127.23,"ITSERV_EXP":0.91,"SERFIN_VA":383.78,"SERFIN_EXP":23.06,"GOBEST_VA":1649.35,"GOBEST_EXP":127.43,"SPRSCT_VA":879.07,"SPRSCT_EXP":35.99,"SEAEMP_VA":341.86,"SEAEMP_EXP":139.86,"ADPDEF_VA":329.97,"ADPDEF_EXP":0.32,"EDUCAC_VA":490.99,"EDUCAC_EXP":2.91,"SALUDH_VA":345.54,"SALUDH_EXP":4.53,"ESPARC_VA":65.71,"ESPARC_EXP":9.78,"OTRSER_VA":259.06,"OTRSER_EXP":4.85,"SERHOG_VA":11.15,"SERHOG_EXP":0.0}},{"type":"Feature","geometry":{"type":"Point","coordinates":[104.99,12.57]},"properties":{"id":"KHM","name":"Camboya","continent":"asia","year":2000,"AGRPFO_VA":720.79,"AGRPFO_EXP":446.04,"FORLOG_VA":116.47,"FORLOG_EXP":0.35,"PESCAC_VA":361.37,"PESCAC_EXP":73.36,"MINCOL_VA":0.0,"MINCOL_EXP":0.0,"PETGAS_VA":0.0,"PETGAS_EXP":0.0,"MINORE_VA":6.59,"MINORE_EXP":0.13,"MINOTH_VA":9.64,"MINOTH_EXP":0.26,"MINSER_VA":4.55,"MINSER_EXP":0.13,"ALYBEB_VA":76.51,"ALYBEB_EXP":87.61,"TEXYPR_VA":379.13,"TEXYPR_EXP":582.56,"MADYPR_VA":5.98,"MADYPR_EXP":9.75,"PAPYPR_VA":7.03,"PAPYPR_EXP":7.55,"PETREF_VA":1.93,"PETREF_EXP":2.91,"QUIMYP_VA":6.39,"QUIMYP_EXP":1.56,"FARMED_VA":3.78,"FARMED_EXP":1.03,"HUPLAS_VA":11.26,"HUPLAS_EXP":2.92,"PRNOMT_VA":14.84,"PRNOMT_EXP":0.39,"METBAS_VA":210.71,"METBAS_EXP":0.2,"NONFER_VA":4.44,"NONFER_EXP":5.08,"PRMETA_VA":20.34,"PRMETA_EXP":2.02,"ELCTRO_VA":0.02,"ELCTRO_EXP":0.01,"ELCTRI_VA":0.02,"ELCTRI_EXP":0.0,"MAQYEQ_VA":0.47,"MAQYEQ_EXP":0.2,"AUTOMO_VA":3.63,"AUTOMO_EXP":1.71,"OTRTRA_VA":0.56,"OTRTRA_EXP":0.35,"TRANSP_VA":1.0,"TRANSP_EXP":0.42,"OTRMAN_VA":21.46,"OTRMAN_EXP":29.82,"ELEGAS_VA":9.96,"ELEGAS_EXP":0.23,"AGUBAS_VA":8.61,"AGUBAS_EXP":0.31,"CONSTR_VA":175.59,"CONSTR_EXP":0.67,"COMREV_VA":307.33,"COMREV_EXP":94.98,"TRATIE_VA":110.8,"TRATIE_EXP":71.89,"TRAGUA_VA":14.29,"TRAGUA_EXP":15.16,"TRAAIR_VA":13.44,"TRAAIR_EXP":27.59,"ALMSTR_VA":52.43,"ALMSTR_EXP":56.75,"POSTME_VA":11.8,"POSTME_EXP":4.53,"HOTYRE_VA":143.11,"HOTYRE_EXP":78.87,"MMTVRA_VA":19.63,"MMTVRA_EXP":16.86,"TELECO_VA":43.72,"TELECO_EXP":16.77,"ITSERV_VA":13.03,"ITSERV_EXP":5.23,"SERFIN_VA":55.31,"SERFIN_EXP":9.18,"GOBEST_VA":214.45,"GOBEST_EXP":16.78,"SPRSCT_VA":28.25,"SPRSCT_EXP":8.66,"SEAEMP_VA":23.41,"SEAEMP_EXP":7.56,"ADPDEF_VA":90.53,"ADPDEF_EXP":0.46,"EDUCAC_VA":72.71,"EDUCAC_EXP":6.07,"SALUDH_VA":65.02,"SALUDH_EXP":4.82,"ESPARC_VA":34.08,"ESPARC_EXP":13.7,"OTRSER_VA":63.53,"OTRSER_EXP":5.39,"SERHOG_VA":0.0,"SERHOG_EXP":0.0}},{"type":"Feature","geometry":{"type":"Point","coordinates":[127.77,35.91]},"properties":{"id":"KOR","name":"Corea del Sur","continent":"asia","year":2000,"AGRPFO_VA":17812.05,"AGRPFO_EXP":215.79,"FORLOG_VA":1481.46,"FORLOG_EXP":117.27,"PESCAC_VA":1954.25,"PESCAC_EXP":268.62,"MINCOL_VA":184.37,"MINCOL_EXP":5.4,"PETGAS_VA":95.88,"PETGAS_EXP":1.21,"MINORE_VA":22.39,"MINORE_EXP":6.88,"MINOTH_VA":977.76,"MINOTH_EXP":109.01,"MINSER_VA":9.71,"MINSER_EXP":8.83,"ALYBEB_VA":9561.82,"ALYBEB_EXP":2369.29,"TEXYPR_VA":11415.8,"TEXYPR_EXP":15484.25,"MADYPR_VA":977.89,"MADYPR_EXP":112.39,"PAPYPR_VA":5108.74,"PAPYPR_EXP":1785.78,"PETREF_VA":6369.23,"PETREF_EXP":9793.88,"QUIMYP_VA":12406.74,"QUIMYP_EXP":6774.23,"FARMED_VA":3259.52,"FARMED_EXP":282.69,"HUPLAS_VA":6441.94,"HUPLAS_EXP":3582.58,"PRNOMT_VA":6013.34,"PRNOMT_EXP":827.41,"METBAS_VA":9191.07,"METBAS_EXP":6162.61,"NONFER_VA":2001.06,"NONFER_EXP":2276.46,"PRMETA_VA":7532.82,"PRMETA_EXP":2505.58,"ELCTRO_VA":34766.74,"ELCTRO_EXP":54441.06,"ELCTRI_VA":8224.52,"ELCTRI_EXP":4835.36,"MAQYEQ_VA":11948.39,"MAQYEQ_EXP":7486.67,"AUTOMO_VA":12645.36,"AUTOMO_EXP":13396.69,"OTRTRA_VA":4508.3,"OTRTRA_EXP":8037.07,"TRANSP_VA":624.68,"TRANSP_EXP":1006.04,"OTRMAN_VA":3968.57,"OTRMAN_EXP":2212.88,"ELEGAS_VA":11184.07,"ELEGAS_EXP":7.7,"AGUBAS_VA":2712.96,"AGUBAS_EXP":3.7,"CONSTR_VA":30180.42,"CONSTR_EXP":0.78,"COMREV_VA":58466.44,"COMREV_EXP":16176.64,"TRATIE_VA":6027.33,"TRATIE_EXP":1478.32,"TRAGUA_VA":5199.48,"TRAGUA_EXP":10984.69,"TRAAIR_VA":4896.43,"TRAAIR_EXP":5687.03,"ALMSTR_VA":4835.98,"ALMSTR_EXP":2184.66,"POSTME_VA":1753.17,"POSTME_EXP":131.75,"HOTYRE_VA":16576.13,"HOTYRE_EXP":1525.06,"MMTVRA_VA":6796.83,"MMTVRA_EXP":282.45,"TELECO_VA":10676.7,"TELECO_EXP":201.39,"ITSERV_VA":7673.85,"ITSERV_EXP":523.25,"SERFIN_VA":28648.77,"SERFIN_EXP":1519.97,"GOBEST_VA":47813.4,"GOBEST_EXP":231.44,"SPRSCT_VA":24159.47,"SPRSCT_EXP":1294.1,"SEAEMP_VA":13749.06,"SEAEMP_EXP":1345.0,"ADPDEF_VA":28643.77,"ADPDEF_EXP":11.15,"EDUCAC_VA":23200.12,"EDUCAC_EXP":110.71,"SALUDH_VA":14989.02,"SALUDH_EXP":66.95,"ESPARC_VA":5355.67,"ESPARC_EXP":982.33,"OTRSER_VA":7177.57,"OTRSER_EXP":74.92,"SERHOG_VA":902.76,"SERHOG_EXP":0.0}},{"type":"Feature","geometry":{"type":"Point","coordinates":[102.5,19.86]},"properties":{"id":"LAO","name":"Laos","continent":"asia","year":2000,"AGRPFO_VA":300.28,"AGRPFO_EXP":82.45,"FORLOG_VA":52.76,"FORLOG_EXP":41.91,"PESCAC_VA":50.9,"PESCAC_EXP":0.26,"MINCOL_VA":17.4,"MINCOL_EXP":1.55,"PETGAS_VA":15.63,"PETGAS_EXP":0.12,"MINORE_VA":57.34,"MINORE_EXP":3.05,"MINOTH_VA":34.0,"MINOTH_EXP":2.48,"MINSER_VA":12.34,"MINSER_EXP":0.29,"ALYBEB_VA":69.94,"ALYBEB_EXP":11.99,"TEXYPR_VA":30.21,"TEXYPR_EXP":42.07,"MADYPR_VA":20.63,"MADYPR_EXP":41.19,"PAPYPR_VA":0.43,"PAPYPR_EXP":0.25,"PETREF_VA":8.4,"PETREF_EXP":0.14,"QUIMYP_VA":3.65,"QUIMYP_EXP":0.57,"FARMED_VA":2.29,"FARMED_EXP":0.5,"HUPLAS_VA":1.14,"HUPLAS_EXP":0.33,"PRNOMT_VA":16.64,"PRNOMT_EXP":0.18,"METBAS_VA":0.29,"METBAS_EXP":0.03,"NONFER_VA":0.28,"NONFER_EXP":0.03,"PRMETA_VA":5.94,"PRMETA_EXP":0.26,"ELCTRO_VA":0.45,"ELCTRO_EXP":0.28,"ELCTRI_VA":0.3,"ELCTRI_EXP":0.17,"MAQYEQ_VA":0.02,"MAQYEQ_EXP":0.0,"AUTOMO_VA":0.08,"AUTOMO_EXP":0.05,"OTRTRA_VA":0.04,"OTRTRA_EXP":0.02,"TRANSP_VA":0.04,"TRANSP_EXP":0.03,"OTRMAN_VA":13.5,"OTRMAN_EXP":5.51,"ELEGAS_VA":149.12,"ELEGAS_EXP":63.22,"AGUBAS_VA":25.03,"AGUBAS_EXP":0.29,"CONSTR_VA":91.25,"CONSTR_EXP":0.85,"COMREV_VA":247.53,"COMREV_EXP":42.34,"TRATIE_VA":35.29,"TRATIE_EXP":25.77,"TRAGUA_VA":2.16,"TRAGUA_EXP":1.07,"TRAAIR_VA":4.77,"TRAAIR_EXP":10.34,"ALMSTR_VA":6.02,"ALMSTR_EXP":0.99,"POSTME_VA":7.12,"POSTME_EXP":3.94,"HOTYRE_VA":33.04,"HOTYRE_EXP":24.82,"MMTVRA_VA":2.99,"MMTVRA_EXP":4.29,"TELECO_VA":31.44,"TELECO_EXP":7.46,"ITSERV_VA":3.1,"ITSERV_EXP":3.56,"SERFIN_VA":81.4,"SERFIN_EXP":38.32,"GOBEST_VA":85.3,"GOBEST_EXP":7.61,"SPRSCT_VA":11.43,"SPRSCT_EXP":13.66,"SEAEMP_VA":5.15,"SEAEMP_EXP":4.95,"ADPDEF_VA":103.16,"ADPDEF_EXP":0.68,"EDUCAC_VA":34.87,"EDUCAC_EXP":2.18,"SALUDH_VA":5.8,"SALUDH_EXP":1.5,"ESPARC_VA":5.58,"ESPARC_EXP":5.05,"OTRSER_VA":67.95,"OTRSER_EXP":2.02,"SERHOG_VA":8.66,"SERHOG_EXP":0.0}},{"type":"Feature","geometry":{"type":"Point","coordinates":[23.88,55.17]},"properties":{"id":"LTU","name":"Lituania","continent":"europe","year":2000,"AGRPFO_VA":594.7,"AGRPFO_EXP":137.13,"FORLOG_VA":64.57,"FORLOG_EXP":24.4,"PESCAC_VA":6.9,"PESCAC_EXP":1.51,"MINCOL_VA":8.78,"MINCOL_EXP":7.35,"PETGAS_VA":33.76,"PETGAS_EXP":0.64,"MINORE_VA":2.7,"MINORE_EXP":0.29,"MINOTH_VA":16.66,"MINOTH_EXP":9.85,"MINSER_VA":12.08,"MINSER_EXP":0.22,"ALYBEB_VA":553.35,"ALYBEB_EXP":282.15,"TEXYPR_VA":416.22,"TEXYPR_EXP":529.82,"MADYPR_VA":134.53,"MADYPR_EXP":138.36,"PAPYPR_VA":75.06,"PAPYPR_EXP":35.87,"PETREF_VA":306.93,"PETREF_EXP":201.9,"QUIMYP_VA":129.12,"QUIMYP_EXP":72.32,"FARMED_VA":10.23,"FARMED_EXP":8.25,"HUPLAS_VA":64.85,"HUPLAS_EXP":63.98,"PRNOMT_VA":77.96,"PRNOMT_EXP":40.94,"METBAS_VA":10.15,"METBAS_EXP":24.37,"NONFER_VA":1.07,"NONFER_EXP":1.79,"PRMETA_VA":56.54,"PRMETA_EXP":41.7,"ELCTRO_VA":92.68,"ELCTRO_EXP":146.53,"ELCTRI_VA":37.73,"ELCTRI_EXP":57.87,"MAQYEQ_VA":26.95,"MAQYEQ_EXP":27.32,"AUTOMO_VA":32.05,"AUTOMO_EXP":8.58,"OTRTRA_VA":24.65,"OTRTRA_EXP":30.72,"TRANSP_VA":12.23,"TRANSP_EXP":20.84,"OTRMAN_VA":142.64,"OTRMAN_EXP":165.48,"ELEGAS_VA":355.28,"ELEGAS_EXP":28.23,"AGUBAS_VA":94.93,"AGUBAS_EXP":3.31,"CONSTR_VA":647.73,"CONSTR_EXP":23.26,"COMREV_VA":1767.8,"COMREV_EXP":503.74,"TRATIE_VA":498.35,"TRATIE_EXP":362.8,"TRAGUA_VA":50.85,"TRAGUA_EXP":32.77,"TRAAIR_VA":19.71,"TRAAIR_EXP":47.54,"ALMSTR_VA":296.87,"ALMSTR_EXP":234.2,"POSTME_VA":27.96,"POSTME_EXP":6.07,"HOTYRE_VA":161.87,"HOTYRE_EXP":57.98,"MMTVRA_VA":116.8,"MMTVRA_EXP":11.79,"TELECO_VA":351.42,"TELECO_EXP":55.13,"ITSERV_VA":35.65,"ITSERV_EXP":17.97,"SERFIN_VA":220.16,"SERFIN_EXP":14.05,"GOBEST_VA":705.78,"GOBEST_EXP":22.77,"SPRSCT_VA":280.95,"SPRSCT_EXP":89.84,"SEAEMP_VA":135.39,"SEAEMP_EXP":23.65,"ADPDEF_VA":873.89,"ADPDEF_EXP":0.84,"EDUCAC_VA":617.72,"EDUCAC_EXP":7.38,"SALUDH_VA":360.84,"SALUDH_EXP":8.86,"ESPARC_VA":72.86,"ESPARC_EXP":30.95,"OTRSER_VA":175.78,"OTRSER_EXP":10.97,"SERHOG_VA":9.34,"SERHOG_EXP":0.0}},{"type":"Feature","geometry":{"type":"Point","coordinates":[6.13,49.82]},"properties":{"id":"LUX","name":"Luxemburgo","continent":"europe","year":2000,"AGRPFO_VA":134.55,"AGRPFO_EXP":148.07,"FORLOG_VA":9.97,"FORLOG_EXP":10.45,"PESCAC_VA":0.0,"PESCAC_EXP":0.0,"MINCOL_VA":0.0,"MINCOL_EXP":0.0,"PETGAS_VA":0.0,"PETGAS_EXP":0.0,"MINORE_VA":7.31,"MINORE_EXP":1.62,"MINOTH_VA":20.21,"MINOTH_EXP":2.18,"MINSER_VA":0.0,"MINSER_EXP":0.0,"ALYBEB_VA":195.54,"ALYBEB_EXP":263.31,"TEXYPR_VA":156.41,"TEXYPR_EXP":257.76,"MADYPR_VA":36.04,"MADYPR_EXP":123.76,"PAPYPR_VA":94.69,"PAPYPR_EXP":173.95,"PETREF_VA":0.0,"PETREF_EXP":0.0,"QUIMYP_VA":70.74,"QUIMYP_EXP":150.06,"FARMED_VA":7.81,"FARMED_EXP":22.51,"HUPLAS_VA":300.27,"HUPLAS_EXP":647.27,"PRNOMT_VA":247.13,"PRNOMT_EXP":438.37,"METBAS_VA":233.88,"METBAS_EXP":753.48,"NONFER_VA":244.51,"NONFER_EXP":800.92,"PRMETA_VA":190.41,"PRMETA_EXP":566.46,"ELCTRO_VA":155.49,"ELCTRO_EXP":197.22,"ELCTRI_VA":22.84,"ELCTRI_EXP":29.99,"MAQYEQ_VA":177.27,"MAQYEQ_EXP":542.07,"AUTOMO_VA":10.83,"AUTOMO_EXP":10.04,"OTRTRA_VA":0.08,"OTRTRA_EXP":0.07,"TRANSP_VA":0.14,"TRANSP_EXP":0.09,"OTRMAN_VA":44.78,"OTRMAN_EXP":51.64,"ELEGAS_VA":191.27,"ELEGAS_EXP":28.21,"AGUBAS_VA":118.96,"AGUBAS_EXP":8.69,"CONSTR_VA":1221.65,"CONSTR_EXP":68.92,"COMREV_VA":1706.53,"COMREV_EXP":720.28,"TRATIE_VA":643.76,"TRATIE_EXP":807.61,"TRAGUA_VA":15.39,"TRAGUA_EXP":30.6,"TRAAIR_VA":353.63,"TRAAIR_EXP":791.8,"ALMSTR_VA":95.71,"ALMSTR_EXP":109.22,"POSTME_VA":66.73,"POSTME_EXP":91.34,"HOTYRE_VA":579.24,"HOTYRE_EXP":549.98,"MMTVRA_VA":175.98,"MMTVRA_EXP":785.89,"TELECO_VA":807.78,"TELECO_EXP":714.49,"ITSERV_VA":244.5,"ITSERV_EXP":272.27,"SERFIN_VA":5217.88,"SERFIN_EXP":15836.3,"GOBEST_VA":1769.29,"GOBEST_EXP":184.82,"SPRSCT_VA":944.35,"SPRSCT_EXP":844.31,"SEAEMP_VA":467.81,"SEAEMP_EXP":265.45,"ADPDEF_VA":1025.84,"ADPDEF_EXP":7.98,"EDUCAC_VA":728.69,"EDUCAC_EXP":48.13,"SALUDH_VA":847.93,"SALUDH_EXP":40.54,"ESPARC_VA":112.03,"ESPARC_EXP":96.69,"OTRSER_VA":165.13,"OTRSER_EXP":42.07,"SERHOG_VA":72.17,"SERHOG_EXP":0.0}},{"type":"Feature","geometry":{"type":"Point","coordinates":[24.6,56.88]},"properties":{"id":"LVA","name":"Letonia","continent":"europe","year":2000,"AGRPFO_VA":233.66,"AGRPFO_EXP":22.39,"FORLOG_VA":119.43,"FORLOG_EXP":57.33,"PESCAC_VA":30.01,"PESCAC_EXP":3.82,"MINCOL_VA":0.36,"MINCOL_EXP":0.03,"PETGAS_VA":0.0,"PETGAS_EXP":0.0,"MINORE_VA":0.16,"MINORE_EXP":0.06,"MINOTH_VA":9.84,"MINOTH_EXP":2.52,"MINSER_VA":0.22,"MINSER_EXP":0.03,"ALYBEB_VA":371.8,"ALYBEB_EXP":142.94,"TEXYPR_VA":147.13,"TEXYPR_EXP":139.12,"MADYPR_VA":227.7,"MADYPR_EXP":265.26,"PAPYPR_VA":61.09,"PAPYPR_EXP":23.28,"PETREF_VA":3.62,"PETREF_EXP":5.03,"QUIMYP_VA":19.85,"QUIMYP_EXP":29.35,"FARMED_VA":19.0,"FARMED_EXP":23.34,"HUPLAS_VA":17.65,"HUPLAS_EXP":14.03,"PRNOMT_VA":25.65,"PRNOMT_EXP":19.36,"METBAS_VA":47.31,"METBAS_EXP":23.42,"NONFER_VA":8.63,"NONFER_EXP":31.41,"PRMETA_VA":43.61,"PRMETA_EXP":33.88,"ELCTRO_VA":15.23,"ELCTRO_EXP":12.43,"ELCTRI_VA":17.14,"ELCTRI_EXP":25.13,"MAQYEQ_VA":29.56,"MAQYEQ_EXP":40.34,"AUTOMO_VA":4.99,"AUTOMO_EXP":4.09,"OTRTRA_VA":13.91,"OTRTRA_EXP":16.48,"TRANSP_VA":11.38,"TRANSP_EXP":11.06,"OTRMAN_VA":86.72,"OTRMAN_EXP":98.9,"ELEGAS_VA":249.59,"ELEGAS_EXP":5.98,"AGUBAS_VA":61.81,"AGUBAS_EXP":1.64,"CONSTR_VA":532.0,"CONSTR_EXP":18.62,"COMREV_VA":1107.86,"COMREV_EXP":317.89,"TRATIE_VA":456.93,"TRATIE_EXP":506.67,"TRAGUA_VA":61.97,"TRAGUA_EXP":49.52,"TRAAIR_VA":18.62,"TRAAIR_EXP":49.34,"ALMSTR_VA":411.26,"ALMSTR_EXP":80.66,"POSTME_VA":26.71,"POSTME_EXP":8.77,"HOTYRE_VA":86.58,"HOTYRE_EXP":27.45,"MMTVRA_VA":88.64,"MMTVRA_EXP":13.18,"TELECO_VA":287.77,"TELECO_EXP":45.62,"ITSERV_VA":40.66,"ITSERV_EXP":27.99,"SERFIN_VA":248.04,"SERFIN_EXP":143.07,"GOBEST_VA":385.29,"GOBEST_EXP":9.69,"SPRSCT_VA":272.03,"SPRSCT_EXP":79.71,"SEAEMP_VA":156.86,"SEAEMP_EXP":102.5,"ADPDEF_VA":661.74,"ADPDEF_EXP":1.13,"EDUCAC_VA":343.56,"EDUCAC_EXP":2.69,"SALUDH_VA":194.92,"SALUDH_EXP":1.37,"ESPARC_VA":136.12,"ESPARC_EXP":13.23,"OTRSER_VA":55.3,"OTRSER_EXP":1.9,"SERHOG_VA":2.44,"SERHOG_EXP":0.0}},{"type":"Feature","geometry":{"type":"Point","coordinates":[-7.09,31.79]},"properties":{"id":"MAR","name":"Marruecos","continent":"other","year":2000,"AGRPFO_VA":3499.92,"AGRPFO_EXP":444.82,"FORLOG_VA":485.33,"FORLOG_EXP":15.99,"PESCAC_VA":193.45,"PESCAC_EXP":379.18,"MINCOL_VA":2.01,"MINCOL_EXP":0.27,"PETGAS_VA":4.33,"PETGAS_EXP":0.5,"MINORE_VA":174.97,"MINORE_EXP":107.46,"MINOTH_VA":629.99,"MINOTH_EXP":437.21,"MINSER_VA":18.44,"MINSER_EXP":4.55,"ALYBEB_VA":1485.43,"ALYBEB_EXP":1068.58,"TEXYPR_VA":886.48,"TEXYPR_EXP":1429.32,"MADYPR_VA":82.57,"MADYPR_EXP":49.14,"PAPYPR_VA":175.46,"PAPYPR_EXP":86.4,"PETREF_VA":64.02,"PETREF_EXP":279.77,"QUIMYP_VA":627.68,"QUIMYP_EXP":852.18,"FARMED_VA":215.95,"FARMED_EXP":46.43,"HUPLAS_VA":176.66,"HUPLAS_EXP":63.16,"PRNOMT_VA":568.97,"PRNOMT_EXP":69.19,"METBAS_VA":138.64,"METBAS_EXP":57.36,"NONFER_VA":114.53,"NONFER_EXP":154.16,"PRMETA_VA":310.23,"PRMETA_EXP":37.03,"ELCTRO_VA":41.12,"ELCTRO_EXP":95.63,"ELCTRI_VA":173.04,"ELCTRI_EXP":226.97,"MAQYEQ_VA":104.25,"MAQYEQ_EXP":17.93,"AUTOMO_VA":586.81,"AUTOMO_EXP":72.7,"OTRTRA_VA":21.59,"OTRTRA_EXP":5.34,"TRANSP_VA":43.82,"TRANSP_EXP":8.82,"OTRMAN_VA":393.59,"OTRMAN_EXP":77.46,"ELEGAS_VA":888.98,"ELEGAS_EXP":10.02,"AGUBAS_VA":156.65,"AGUBAS_EXP":0.44,"CONSTR_VA":2342.01,"CONSTR_EXP":22.04,"COMREV_VA":3861.68,"COMREV_EXP":1059.34,"TRATIE_VA":719.55,"TRATIE_EXP":241.3,"TRAGUA_VA":36.64,"TRAGUA_EXP":37.9,"TRAAIR_VA":139.2,"TRAAIR_EXP":451.67,"ALMSTR_VA":370.79,"ALMSTR_EXP":379.34,"POSTME_VA":37.12,"POSTME_EXP":43.74,"HOTYRE_VA":786.03,"HOTYRE_EXP":563.49,"MMTVRA_VA":115.37,"MMTVRA_EXP":34.47,"TELECO_VA":889.71,"TELECO_EXP":224.58,"ITSERV_VA":166.84,"ITSERV_EXP":86.72,"SERFIN_VA":1708.59,"SERFIN_EXP":62.08,"GOBEST_VA":979.73,"GOBEST_EXP":83.94,"SPRSCT_VA":975.27,"SPRSCT_EXP":158.12,"SEAEMP_VA":1244.69,"SEAEMP_EXP":71.67,"ADPDEF_VA":3288.31,"ADPDEF_EXP":40.04,"EDUCAC_VA":2765.94,"EDUCAC_EXP":45.3,"SALUDH_VA":1020.76,"SALUDH_EXP":25.74,"ESPARC_VA":106.59,"ESPARC_EXP":51.7,"OTRSER_VA":332.92,"OTRSER_EXP":26.71,"SERHOG_VA":134.19,"SERHOG_EXP":0.0}},{"type":"Feature","geometry":{"type":"Point","coordinates":[-102.55,23.63]},"properties":{"id":"MEX","name":"México","continent":"america","year":2000,"AGRPFO_VA":20670.23,"AGRPFO_EXP":3466.61,"FORLOG_VA":1570.07,"FORLOG_EXP":16.12,"PESCAC_VA":446.96,"PESCAC_EXP":131.61,"MINCOL_VA":305.18,"MINCOL_EXP":0.15,"PETGAS_VA":37717.98,"PETGAS_EXP":14806.32,"MINORE_VA":959.56,"MINORE_EXP":259.75,"MINOTH_VA":2944.68,"MINOTH_EXP":149.07,"MINSER_VA":1538.45,"MINSER_EXP":6.47,"ALYBEB_VA":30465.1,"ALYBEB_EXP":4010.6,"TEXYPR_VA":9722.04,"TEXYPR_EXP":7343.23,"MADYPR_VA":2048.29,"MADYPR_EXP":220.79,"PAPYPR_VA":4056.74,"PAPYPR_EXP":1266.12,"PETREF_VA":4422.49,"PETREF_EXP":1703.12,"QUIMYP_VA":11640.83,"QUIMYP_EXP":3001.94,"FARMED_VA":4186.66,"FARMED_EXP":1786.62,"HUPLAS_VA":4638.61,"HUPLAS_EXP":2797.62,"PRNOMT_VA":6870.78,"PRNOMT_EXP":1645.2,"METBAS_VA":3582.27,"METBAS_EXP":1617.6,"NONFER_VA":2802.15,"NONFER_EXP":2199.48,"PRMETA_VA":4846.54,"PRMETA_EXP":3789.04,"ELCTRO_VA":25329.53,"ELCTRO_EXP":29042.22,"ELCTRI_VA":7760.42,"ELCTRI_EXP":8966.89,"MAQYEQ_VA":6570.34,"MAQYEQ_EXP":3753.84,"AUTOMO_VA":22730.26,"AUTOMO_EXP":31319.84,"OTRTRA_VA":170.12,"OTRTRA_EXP":104.22,"TRANSP_VA":772.49,"TRANSP_EXP":1524.1,"OTRMAN_VA":7113.14,"OTRMAN_EXP":4327.32,"ELEGAS_VA":9392.13,"ELEGAS_EXP":96.82,"AGUBAS_VA":1754.43,"AGUBAS_EXP":20.92,"CONSTR_VA":42009.96,"CONSTR_EXP":0.16,"COMREV_VA":137448.8,"COMREV_EXP":23452.5,"TRATIE_VA":42083.85,"TRATIE_EXP":7372.41,"TRAGUA_VA":629.62,"TRAGUA_EXP":215.79,"TRAAIR_VA":1057.39,"TRAAIR_EXP":866.99,"ALMSTR_VA":3596.81,"ALMSTR_EXP":1078.91,"POSTME_VA":600.58,"POSTME_EXP":8.14,"HOTYRE_VA":23437.22,"HOTYRE_EXP":3375.46,"MMTVRA_VA":2578.39,"MMTVRA_EXP":515.08,"TELECO_VA":8007.66,"TELECO_EXP":314.11,"ITSERV_VA":1379.5,"ITSERV_EXP":20.37,"SERFIN_VA":12553.53,"SERFIN_EXP":1365.82,"GOBEST_VA":98597.02,"GOBEST_EXP":510.68,"SPRSCT_VA":14531.0,"SPRSCT_EXP":223.42,"SEAEMP_VA":27692.6,"SEAEMP_EXP":234.89,"ADPDEF_VA":23141.94,"ADPDEF_EXP":0.97,"EDUCAC_VA":23208.97,"EDUCAC_EXP":197.48,"SALUDH_VA":12928.88,"SALUDH_EXP":151.62,"ESPARC_VA":3950.37,"ESPARC_EXP":418.45,"OTRSER_VA":8920.36,"OTRSER_EXP":152.86,"SERHOG_VA":3129.62,"SERHOG_EXP":0.0}},{"type":"Feature","geometry":{"type":"Point","coordinates":[14.38,35.94]},"properties":{"id":"MLT","name":"Malta","continent":"europe","year":2000,"AGRPFO_VA":68.87,"AGRPFO_EXP":5.62,"FORLOG_VA":0.0,"FORLOG_EXP":0.0,"PESCAC_VA":9.9,"PESCAC_EXP":12.94,"MINCOL_VA":0.0,"MINCOL_EXP":0.0,"PETGAS_VA":1.12,"PETGAS_EXP":1.09,"MINORE_VA":0.37,"MINORE_EXP":0.1,"MINOTH_VA":8.17,"MINOTH_EXP":0.29,"MINSER_VA":9.27,"MINSER_EXP":0.81,"ALYBEB_VA":118.93,"ALYBEB_EXP":64.96,"TEXYPR_VA":111.67,"TEXYPR_EXP":94.78,"MADYPR_VA":3.18,"MADYPR_EXP":0.37,"PAPYPR_VA":45.49,"PAPYPR_EXP":44.39,"PETREF_VA":0.21,"PETREF_EXP":0.11,"QUIMYP_VA":14.35,"QUIMYP_EXP":12.41,"FARMED_VA":66.55,"FARMED_EXP":23.88,"HUPLAS_VA":47.18,"HUPLAS_EXP":61.99,"PRNOMT_VA":28.92,"PRNOMT_EXP":4.97,"METBAS_VA":0.38,"METBAS_EXP":0.22,"NONFER_VA":0.24,"NONFER_EXP":0.19,"PRMETA_VA":22.72,"PRMETA_EXP":10.96,"ELCTRO_VA":59.74,"ELCTRO_EXP":448.25,"ELCTRI_VA":22.55,"ELCTRI_EXP":23.2,"MAQYEQ_VA":20.58,"MAQYEQ_EXP":15.22,"AUTOMO_VA":32.69,"AUTOMO_EXP":1.57,"OTRTRA_VA":4.59,"OTRTRA_EXP":7.1,"TRANSP_VA":9.4,"TRANSP_EXP":9.23,"OTRMAN_VA":144.92,"OTRMAN_EXP":90.86,"ELEGAS_VA":20.91,"ELEGAS_EXP":0.27,"AGUBAS_VA":62.87,"AGUBAS_EXP":0.35,"CONSTR_VA":227.02,"CONSTR_EXP":0.33,"COMREV_VA":495.73,"COMREV_EXP":189.06,"TRATIE_VA":58.27,"TRATIE_EXP":38.32,"TRAGUA_VA":14.3,"TRAGUA_EXP":22.56,"TRAAIR_VA":46.41,"TRAAIR_EXP":86.66,"ALMSTR_VA":193.36,"ALMSTR_EXP":115.39,"POSTME_VA":13.24,"POSTME_EXP":3.28,"HOTYRE_VA":243.57,"HOTYRE_EXP":323.81,"MMTVRA_VA":18.69,"MMTVRA_EXP":6.66,"TELECO_VA":88.6,"TELECO_EXP":21.65,"ITSERV_VA":51.62,"ITSERV_EXP":8.94,"SERFIN_VA":143.96,"SERFIN_EXP":139.44,"GOBEST_VA":211.73,"GOBEST_EXP":23.27,"SPRSCT_VA":127.33,"SPRSCT_EXP":68.91,"SEAEMP_VA":131.01,"SEAEMP_EXP":58.97,"ADPDEF_VA":243.99,"ADPDEF_EXP":6.71,"EDUCAC_VA":208.96,"EDUCAC_EXP":8.04,"SALUDH_VA":162.02,"SALUDH_EXP":11.57,"ESPARC_VA":50.3,"ESPARC_EXP":53.93,"OTRSER_VA":49.46,"OTRSER_EXP":7.74,"SERHOG_VA":0.81,"SERHOG_EXP":0.0}},{"type":"Feature","geometry":{"type":"Point","coordinates":[95.96,21.91]},"properties":{"id":"MMR","name":"Myanmar","continent":"asia","year":2000,"AGRPFO_VA":2403.5,"AGRPFO_EXP":353.47,"FORLOG_VA":70.57,"FORLOG_EXP":69.74,"PESCAC_VA":446.69,"PESCAC_EXP":61.78,"MINCOL_VA":0.44,"MINCOL_EXP":0.07,"PETGAS_VA":216.65,"PETGAS_EXP":358.32,"MINORE_VA":38.32,"MINORE_EXP":4.7,"MINOTH_VA":27.89,"MINOTH_EXP":36.98,"MINSER_VA":1.44,"MINSER_EXP":0.55,"ALYBEB_VA":319.49,"ALYBEB_EXP":86.88,"TEXYPR_VA":236.66,"TEXYPR_EXP":113.03,"MADYPR_VA":39.62,"MADYPR_EXP":20.16,"PAPYPR_VA":28.12,"PAPYPR_EXP":5.68,"PETREF_VA":40.24,"PETREF_EXP":18.85,"QUIMYP_VA":35.77,"QUIMYP_EXP":4.23,"FARMED_VA":17.39,"FARMED_EXP":0.25,"HUPLAS_VA":22.39,"HUPLAS_EXP":2.97,"PRNOMT_VA":38.19,"PRNOMT_EXP":1.29,"METBAS_VA":19.87,"METBAS_EXP":0.14,"NONFER_VA":18.16,"NONFER_EXP":0.51,"PRMETA_VA":28.0,"PRMETA_EXP":3.42,"ELCTRO_VA":29.31,"ELCTRO_EXP":6.79,"ELCTRI_VA":22.63,"ELCTRI_EXP":8.62,"MAQYEQ_VA":23.58,"MAQYEQ_EXP":13.18,"AUTOMO_VA":37.47,"AUTOMO_EXP":1.25,"OTRTRA_VA":5.32,"OTRTRA_EXP":0.13,"TRANSP_VA":5.48,"TRANSP_EXP":7.06,"OTRMAN_VA":61.68,"OTRMAN_EXP":8.76,"ELEGAS_VA":26.4,"ELEGAS_EXP":2.44,"AGUBAS_VA":5.51,"AGUBAS_EXP":0.07,"CONSTR_VA":179.12,"CONSTR_EXP":1.1,"COMREV_VA":470.88,"COMREV_EXP":56.9,"TRATIE_VA":107.44,"TRATIE_EXP":12.5,"TRAGUA_VA":37.43,"TRAGUA_EXP":29.66,"TRAAIR_VA":28.95,"TRAAIR_EXP":26.73,"ALMSTR_VA":38.6,"ALMSTR_EXP":26.18,"POSTME_VA":6.98,"POSTME_EXP":0.06,"HOTYRE_VA":134.19,"HOTYRE_EXP":7.43,"MMTVRA_VA":25.34,"MMTVRA_EXP":1.28,"TELECO_VA":83.48,"TELECO_EXP":0.36,"ITSERV_VA":18.75,"ITSERV_EXP":0.49,"SERFIN_VA":132.51,"SERFIN_EXP":1.13,"GOBEST_VA":183.12,"GOBEST_EXP":3.44,"SPRSCT_VA":105.05,"SPRSCT_EXP":21.68,"SEAEMP_VA":69.31,"SEAEMP_EXP":15.76,"ADPDEF_VA":192.51,"ADPDEF_EXP":0.3,"EDUCAC_VA":118.45,"EDUCAC_EXP":0.49,"SALUDH_VA":141.42,"SALUDH_EXP":0.38,"ESPARC_VA":27.41,"ESPARC_EXP":0.75,"OTRSER_VA":39.12,"OTRSER_EXP":0.47,"SERHOG_VA":0.0,"SERHOG_EXP":0.0}},{"type":"Feature","geometry":{"type":"Point","coordinates":[101.98,4.21]},"properties":{"id":"MYS","name":"Malasia","continent":"asia","year":2000,"AGRPFO_VA":6881.07,"AGRPFO_EXP":1575.45,"FORLOG_VA":905.26,"FORLOG_EXP":1043.4,"PESCAC_VA":956.3,"PESCAC_EXP":74.71,"MINCOL_VA":3436.85,"MINCOL_EXP":84.82,"PETGAS_VA":4928.61,"PETGAS_EXP":7188.48,"MINORE_VA":138.75,"MINORE_EXP":24.9,"MINOTH_VA":501.71,"MINOTH_EXP":80.26,"MINSER_VA":608.8,"MINSER_EXP":34.33,"ALYBEB_VA":1390.45,"ALYBEB_EXP":4394.82,"TEXYPR_VA":317.73,"TEXYPR_EXP":1202.82,"MADYPR_VA":467.54,"MADYPR_EXP":1763.87,"PAPYPR_VA":568.27,"PAPYPR_EXP":390.62,"PETREF_VA":2711.42,"PETREF_EXP":2960.14,"QUIMYP_VA":1698.17,"QUIMYP_EXP":3759.05,"FARMED_VA":123.77,"FARMED_EXP":87.72,"HUPLAS_VA":1095.42,"HUPLAS_EXP":2724.73,"PRNOMT_VA":601.59,"PRNOMT_EXP":500.45,"METBAS_VA":342.6,"METBAS_EXP":662.42,"NONFER_VA":202.18,"NONFER_EXP":1064.66,"PRMETA_VA":679.99,"PRMETA_EXP":809.88,"ELCTRO_VA":4260.7,"ELCTRO_EXP":21545.39,"ELCTRI_VA":289.96,"ELCTRI_EXP":2285.27,"MAQYEQ_VA":507.23,"MAQYEQ_EXP":1891.27,"AUTOMO_VA":1468.23,"AUTOMO_EXP":211.85,"OTRTRA_VA":148.34,"OTRTRA_EXP":392.21,"TRANSP_VA":143.45,"TRANSP_EXP":541.44,"OTRMAN_VA":696.42,"OTRMAN_EXP":1014.66,"ELEGAS_VA":1879.62,"ELEGAS_EXP":92.93,"AGUBAS_VA":650.95,"AGUBAS_EXP":5.67,"CONSTR_VA":3011.54,"CONSTR_EXP":21.31,"COMREV_VA":19315.27,"COMREV_EXP":7358.64,"TRATIE_VA":854.46,"TRATIE_EXP":899.6,"TRAGUA_VA":509.22,"TRAGUA_EXP":965.45,"TRAAIR_VA":430.74,"TRAAIR_EXP":1489.43,"ALMSTR_VA":967.65,"ALMSTR_EXP":676.16,"POSTME_VA":126.45,"POSTME_EXP":304.07,"HOTYRE_VA":2667.07,"HOTYRE_EXP":2022.13,"MMTVRA_VA":419.01,"MMTVRA_EXP":266.5,"TELECO_VA":2005.16,"TELECO_EXP":446.59,"ITSERV_VA":986.16,"ITSERV_EXP":880.44,"SERFIN_VA":6779.98,"SERFIN_EXP":1333.47,"GOBEST_VA":2613.22,"GOBEST_EXP":534.78,"SPRSCT_VA":1795.12,"SPRSCT_EXP":1738.91,"SEAEMP_VA":920.3,"SEAEMP_EXP":832.08,"ADPDEF_VA":6797.97,"ADPDEF_EXP":215.37,"EDUCAC_VA":3017.22,"EDUCAC_EXP":105.97,"SALUDH_VA":850.07,"SALUDH_EXP":85.74,"ESPARC_VA":554.68,"ESPARC_EXP":280.11,"OTRSER_VA":192.4,"OTRSER_EXP":90.61,"SERHOG_VA":98.36,"SERHOG_EXP":0.0}},{"type":"Feature","geometry":{"type":"Point","coordinates":[8.68,9.08]},"properties":{"id":"NGA","name":"Nigeria","continent":"other","year":2000,"AGRPFO_VA":13982.77,"AGRPFO_EXP":4206.94,"FORLOG_VA":235.53,"FORLOG_EXP":88.75,"PESCAC_VA":401.19,"PESCAC_EXP":1.2,"MINCOL_VA":24.12,"MINCOL_EXP":0.05,"PETGAS_VA":12234.84,"PETGAS_EXP":14995.37,"MINORE_VA":6.78,"MINORE_EXP":2.72,"MINOTH_VA":45.27,"MINOTH_EXP":15.81,"MINSER_VA":9.82,"MINSER_EXP":3.69,"ALYBEB_VA":5883.37,"ALYBEB_EXP":902.59,"TEXYPR_VA":822.86,"TEXYPR_EXP":470.15,"MADYPR_VA":309.19,"MADYPR_EXP":71.08,"PAPYPR_VA":99.46,"PAPYPR_EXP":1.81,"PETREF_VA":175.34,"PETREF_EXP":313.67,"QUIMYP_VA":105.21,"QUIMYP_EXP":98.12,"FARMED_VA":20.52,"FARMED_EXP":1.35,"HUPLAS_VA":91.98,"HUPLAS_EXP":89.9,"PRNOMT_VA":408.39,"PRNOMT_EXP":4.12,"METBAS_VA":22.85,"METBAS_EXP":4.34,"NONFER_VA":37.86,"NONFER_EXP":74.69,"PRMETA_VA":31.15,"PRMETA_EXP":25.98,"ELCTRO_VA":43.65,"ELCTRO_EXP":4.38,"ELCTRI_VA":6.27,"ELCTRI_EXP":4.65,"MAQYEQ_VA":31.89,"MAQYEQ_EXP":28.83,"AUTOMO_VA":58.34,"AUTOMO_EXP":20.72,"OTRTRA_VA":42.43,"OTRTRA_EXP":2.77,"TRANSP_VA":0.68,"TRANSP_EXP":0.5,"OTRMAN_VA":322.25,"OTRMAN_EXP":16.39,"ELEGAS_VA":32.57,"ELEGAS_EXP":8.71,"AGUBAS_VA":120.46,"AGUBAS_EXP":0.07,"CONSTR_VA":1323.79,"CONSTR_EXP":1.07,"COMREV_VA":9757.07,"COMREV_EXP":1717.14,"TRATIE_VA":1409.37,"TRATIE_EXP":1221.21,"TRAGUA_VA":50.0,"TRAGUA_EXP":16.43,"TRAAIR_VA":90.97,"TRAAIR_EXP":99.52,"ALMSTR_VA":204.31,"ALMSTR_EXP":97.96,"POSTME_VA":34.45,"POSTME_EXP":16.35,"HOTYRE_VA":318.86,"HOTYRE_EXP":35.42,"MMTVRA_VA":1934.35,"MMTVRA_EXP":5.86,"TELECO_VA":3075.68,"TELECO_EXP":5.58,"ITSERV_VA":1106.12,"ITSERV_EXP":17.42,"SERFIN_VA":1771.89,"SERFIN_EXP":14.09,"GOBEST_VA":5351.19,"GOBEST_EXP":11.81,"SPRSCT_VA":1516.58,"SPRSCT_EXP":9.82,"SEAEMP_VA":11.36,"SEAEMP_EXP":1.79,"ADPDEF_VA":999.93,"ADPDEF_EXP":0.17,"EDUCAC_VA":2007.67,"EDUCAC_EXP":1.83,"SALUDH_VA":615.43,"SALUDH_EXP":1.49,"ESPARC_VA":67.18,"ESPARC_EXP":3.13,"OTRSER_VA":1015.56,"OTRSER_EXP":2.0,"SERHOG_VA":277.83,"SERHOG_EXP":0.0}},{"type":"Feature","geometry":{"type":"Point","coordinates":[5.29,52.13]},"properties":{"id":"NLD","name":"Países Bajos","continent":"europe","year":2000,"AGRPFO_VA":9536.49,"AGRPFO_EXP":7652.28,"FORLOG_VA":71.61,"FORLOG_EXP":63.54,"PESCAC_VA":365.74,"PESCAC_EXP":255.31,"MINCOL_VA":0.0,"MINCOL_EXP":0.0,"PETGAS_VA":8131.06,"PETGAS_EXP":3336.36,"MINORE_VA":0.0,"MINORE_EXP":0.0,"MINOTH_VA":339.13,"MINOTH_EXP":534.6,"MINSER_VA":1532.95,"MINSER_EXP":1321.75,"ALYBEB_VA":9416.29,"ALYBEB_EXP":13817.94,"TEXYPR_VA":1192.54,"TEXYPR_EXP":2797.5,"MADYPR_VA":876.36,"MADYPR_EXP":793.02,"PAPYPR_VA":3815.11,"PAPYPR_EXP":2582.07,"PETREF_VA":574.81,"PETREF_EXP":7121.28,"QUIMYP_VA":6437.29,"QUIMYP_EXP":13470.32,"FARMED_VA":2253.42,"FARMED_EXP":3398.84,"HUPLAS_VA":1999.93,"HUPLAS_EXP":3940.52,"PRNOMT_VA":1878.36,"PRNOMT_EXP":1529.86,"METBAS_VA":1443.67,"METBAS_EXP":881.14,"NONFER_VA":509.29,"NONFER_EXP":1186.5,"PRMETA_VA":4759.34,"PRMETA_EXP":5223.0,"ELCTRO_VA":5168.69,"ELCTRO_EXP":9990.15,"ELCTRI_VA":2873.68,"ELCTRI_EXP":4875.17,"MAQYEQ_VA":4469.32,"MAQYEQ_EXP":7654.97,"AUTOMO_VA":2369.8,"AUTOMO_EXP":4513.94,"OTRTRA_VA":551.47,"OTRTRA_EXP":746.16,"TRANSP_VA":321.64,"TRANSP_EXP":522.82,"OTRMAN_VA":4707.44,"OTRMAN_EXP":4658.5,"ELEGAS_VA":4175.98,"ELEGAS_EXP":279.55,"AGUBAS_VA":2611.81,"AGUBAS_EXP":303.34,"CONSTR_VA":20460.35,"CONSTR_EXP":168.83,"COMREV_VA":52137.18,"COMREV_EXP":25986.11,"TRATIE_VA":8632.09,"TRATIE_EXP":4947.87,"TRAGUA_VA":1655.67,"TRAGUA_EXP":2378.15,"TRAAIR_VA":2332.79,"TRAAIR_EXP":4714.41,"ALMSTR_VA":4479.86,"ALMSTR_EXP":3293.97,"POSTME_VA":2336.97,"POSTME_EXP":1248.9,"HOTYRE_VA":7709.41,"HOTYRE_EXP":2341.39,"MMTVRA_VA":3944.35,"MMTVRA_EXP":2352.75,"TELECO_VA":6002.01,"TELECO_EXP":1002.03,"ITSERV_VA":7004.59,"ITSERV_EXP":4052.39,"SERFIN_VA":27511.57,"SERFIN_EXP":5168.23,"GOBEST_VA":30490.09,"GOBEST_EXP":346.31,"SPRSCT_VA":29584.27,"SPRSCT_EXP":12343.83,"SEAEMP_VA":20210.63,"SEAEMP_EXP":5922.88,"ADPDEF_VA":28208.88,"ADPDEF_EXP":1389.81,"EDUCAC_VA":17218.71,"EDUCAC_EXP":334.01,"SALUDH_VA":23655.42,"SALUDH_EXP":138.28,"ESPARC_VA":4256.2,"ESPARC_EXP":583.32,"OTRSER_VA":4904.99,"OTRSER_EXP":167.02,"SERHOG_VA":69.39,"SERHOG_EXP":0.0}},{"type":"Feature","geometry":{"type":"Point","coordinates":[8.47,60.47]},"properties":{"id":"NOR","name":"Noruega","continent":"europe","year":2000,"AGRPFO_VA":1258.68,"AGRPFO_EXP":52.5,"FORLOG_VA":547.63,"FORLOG_EXP":15.42,"PESCAC_VA":1377.75,"PESCAC_EXP":701.05,"MINCOL_VA":121.24,"MINCOL_EXP":44.94,"PETGAS_VA":37080.11,"PETGAS_EXP":34739.0,"MINORE_VA":28.24,"MINORE_EXP":36.9,"MINOTH_VA":191.48,"MINOTH_EXP":184.29,"MINSER_VA":728.07,"MINSER_EXP":142.42,"ALYBEB_VA":2773.44,"ALYBEB_EXP":2032.64,"TEXYPR_VA":278.97,"TEXYPR_EXP":170.56,"MADYPR_VA":675.16,"MADYPR_EXP":248.63,"PAPYPR_VA":1416.78,"PAPYPR_EXP":1192.95,"PETREF_VA":237.89,"PETREF_EXP":1973.89,"QUIMYP_VA":942.12,"QUIMYP_EXP":1753.55,"FARMED_VA":400.58,"FARMED_EXP":178.98,"HUPLAS_VA":340.48,"HUPLAS_EXP":214.23,"PRNOMT_VA":638.22,"PRNOMT_EXP":218.8,"METBAS_VA":575.51,"METBAS_EXP":823.17,"NONFER_VA":1009.58,"NONFER_EXP":2638.23,"PRMETA_VA":1083.29,"PRMETA_EXP":465.24,"ELCTRO_VA":1049.94,"ELCTRO_EXP":1071.54,"ELCTRI_VA":564.92,"ELCTRI_EXP":426.93,"MAQYEQ_VA":1043.64,"MAQYEQ_EXP":974.37,"AUTOMO_VA":319.93,"AUTOMO_EXP":325.22,"OTRTRA_VA":1396.7,"OTRTRA_EXP":802.72,"TRANSP_VA":44.56,"TRANSP_EXP":53.13,"OTRMAN_VA":1406.15,"OTRMAN_EXP":1175.16,"ELEGAS_VA":2798.48,"ELEGAS_EXP":195.21,"AGUBAS_VA":1185.47,"AGUBAS_EXP":8.36,"CONSTR_VA":6472.35,"CONSTR_EXP":14.23,"COMREV_VA":13888.36,"COMREV_EXP":3723.21,"TRATIE_VA":4200.62,"TRATIE_EXP":1770.11,"TRAGUA_VA":3309.3,"TRAGUA_EXP":8629.58,"TRAAIR_VA":897.51,"TRAAIR_EXP":432.94,"ALMSTR_VA":1677.04,"ALMSTR_EXP":978.76,"POSTME_VA":1005.46,"POSTME_EXP":61.06,"HOTYRE_VA":2259.63,"HOTYRE_EXP":753.55,"MMTVRA_VA":2145.5,"MMTVRA_EXP":245.18,"TELECO_VA":1801.81,"TELECO_EXP":289.73,"ITSERV_VA":2049.7,"ITSERV_EXP":518.54,"SERFIN_VA":4707.62,"SERFIN_EXP":865.4,"GOBEST_VA":10381.36,"GOBEST_EXP":171.83,"SPRSCT_VA":5029.81,"SPRSCT_EXP":1750.42,"SEAEMP_VA":3197.28,"SEAEMP_EXP":720.54,"ADPDEF_VA":9439.42,"ADPDEF_EXP":4.01,"EDUCAC_VA":6980.62,"EDUCAC_EXP":46.17,"SALUDH_VA":11983.66,"SALUDH_EXP":45.76,"ESPARC_VA":1928.34,"ESPARC_EXP":128.61,"OTRSER_VA":1319.89,"OTRSER_EXP":33.19,"SERHOG_VA":148.83,"SERHOG_EXP":0.0}},{"type":"Feature","geometry":{"type":"Point","coordinates":[174.89,-40.9]},"properties":{"id":"NZL","name":"Nueva Zelanda","continent":"other","year":2000,"AGRPFO_VA":3404.24,"AGRPFO_EXP":718.37,"FORLOG_VA":489.96,"FORLOG_EXP":275.06,"PESCAC_VA":564.68,"PESCAC_EXP":80.24,"MINCOL_VA":12.75,"MINCOL_EXP":26.79,"PETGAS_VA":162.34,"PETGAS_EXP":77.21,"MINORE_VA":416.0,"MINORE_EXP":80.07,"MINOTH_VA":66.05,"MINOTH_EXP":10.08,"MINSER_VA":51.94,"MINSER_EXP":6.24,"ALYBEB_VA":2933.19,"ALYBEB_EXP":4890.29,"TEXYPR_VA":427.61,"TEXYPR_EXP":510.15,"MADYPR_VA":518.18,"MADYPR_EXP":480.61,"PAPYPR_VA":948.85,"PAPYPR_EXP":546.13,"PETREF_VA":574.49,"PETREF_EXP":262.0,"QUIMYP_VA":535.85,"QUIMYP_EXP":418.98,"FARMED_VA":53.99,"FARMED_EXP":49.66,"HUPLAS_VA":383.64,"HUPLAS_EXP":224.14,"PRNOMT_VA":289.89,"PRNOMT_EXP":40.2,"METBAS_VA":70.85,"METBAS_EXP":134.52,"NONFER_VA":215.35,"NONFER_EXP":583.56,"PRMETA_VA":635.12,"PRMETA_EXP":280.96,"ELCTRO_VA":93.94,"ELCTRO_EXP":149.48,"ELCTRI_VA":230.92,"ELCTRI_EXP":316.44,"MAQYEQ_VA":510.93,"MAQYEQ_EXP":311.15,"AUTOMO_VA":70.48,"AUTOMO_EXP":27.54,"OTRTRA_VA":57.9,"OTRTRA_EXP":67.88,"TRANSP_VA":194.28,"TRANSP_EXP":32.14,"OTRMAN_VA":270.35,"OTRMAN_EXP":173.32,"ELEGAS_VA":1191.68,"ELEGAS_EXP":70.59,"AGUBAS_VA":334.0,"AGUBAS_EXP":5.95,"CONSTR_VA":2542.46,"CONSTR_EXP":27.99,"COMREV_VA":5842.42,"COMREV_EXP":2546.96,"TRATIE_VA":983.64,"TRATIE_EXP":337.16,"TRAGUA_VA":167.64,"TRAGUA_EXP":67.87,"TRAAIR_VA":296.09,"TRAAIR_EXP":856.92,"ALMSTR_VA":797.94,"ALMSTR_EXP":183.38,"POSTME_VA":386.77,"POSTME_EXP":53.83,"HOTYRE_VA":1173.65,"HOTYRE_EXP":793.03,"MMTVRA_VA":756.84,"MMTVRA_EXP":149.32,"TELECO_VA":780.67,"TELECO_EXP":212.69,"ITSERV_VA":741.42,"ITSERV_EXP":159.4,"SERFIN_VA":2604.93,"SERFIN_EXP":171.97,"GOBEST_VA":5866.97,"GOBEST_EXP":187.07,"SPRSCT_VA":3660.17,"SPRSCT_EXP":387.98,"SEAEMP_VA":849.14,"SEAEMP_EXP":510.03,"ADPDEF_VA":2178.31,"ADPDEF_EXP":36.2,"EDUCAC_VA":2433.38,"EDUCAC_EXP":133.88,"SALUDH_VA":2752.17,"SALUDH_EXP":44.55,"ESPARC_VA":873.26,"ESPARC_EXP":266.95,"OTRSER_VA":1302.56,"OTRSER_EXP":47.75,"SERHOG_VA":146.79,"SERHOG_EXP":0.0}},{"type":"Feature","geometry":{"type":"Point","coordinates":[69.35,30.38]},"properties":{"id":"PAK","name":"Pakistán","continent":"asia","year":2000,"AGRPFO_VA":17271.87,"AGRPFO_EXP":269.58,"FORLOG_VA":678.41,"FORLOG_EXP":2.99,"PESCAC_VA":384.12,"PESCAC_EXP":5.13,"MINCOL_VA":50.97,"MINCOL_EXP":1.51,"PETGAS_VA":1086.87,"PETGAS_EXP":73.09,"MINORE_VA":57.03,"MINORE_EXP":9.65,"MINOTH_VA":57.28,"MINOTH_EXP":7.66,"MINSER_VA":72.87,"MINSER_EXP":1.16,"ALYBEB_VA":2695.29,"ALYBEB_EXP":547.79,"TEXYPR_VA":3685.27,"TEXYPR_EXP":4761.47,"MADYPR_VA":280.65,"MADYPR_EXP":7.34,"PAPYPR_VA":603.84,"PAPYPR_EXP":9.49,"PETREF_VA":629.65,"PETREF_EXP":46.57,"QUIMYP_VA":742.87,"QUIMYP_EXP":101.35,"FARMED_VA":273.05,"FARMED_EXP":21.42,"HUPLAS_VA":338.17,"HUPLAS_EXP":24.33,"PRNOMT_VA":569.85,"PRNOMT_EXP":21.8,"METBAS_VA":302.18,"METBAS_EXP":9.69,"NONFER_VA":254.15,"NONFER_EXP":1.82,"PRMETA_VA":420.94,"PRMETA_EXP":63.56,"ELCTRO_VA":392.1,"ELCTRO_EXP":11.82,"ELCTRI_VA":268.09,"ELCTRI_EXP":9.52,"MAQYEQ_VA":443.72,"MAQYEQ_EXP":14.99,"AUTOMO_VA":604.84,"AUTOMO_EXP":5.51,"OTRTRA_VA":89.82,"OTRTRA_EXP":0.12,"TRANSP_VA":95.75,"TRANSP_EXP":1.59,"OTRMAN_VA":294.67,"OTRMAN_EXP":200.12,"ELEGAS_VA":1959.7,"ELEGAS_EXP":4.4,"AGUBAS_VA":426.16,"AGUBAS_EXP":2.0,"CONSTR_VA":1988.07,"CONSTR_EXP":7.16,"COMREV_VA":7095.21,"COMREV_EXP":947.77,"TRATIE_VA":1704.92,"TRATIE_EXP":83.81,"TRAGUA_VA":466.5,"TRAGUA_EXP":259.13,"TRAAIR_VA":344.42,"TRAAIR_EXP":138.85,"ALMSTR_VA":575.2,"ALMSTR_EXP":45.24,"POSTME_VA":149.9,"POSTME_EXP":0.72,"HOTYRE_VA":1851.77,"HOTYRE_EXP":30.55,"MMTVRA_VA":587.5,"MMTVRA_EXP":48.41,"TELECO_VA":1307.37,"TELECO_EXP":114.94,"ITSERV_VA":361.35,"ITSERV_EXP":157.54,"SERFIN_VA":2413.43,"SERFIN_EXP":82.16,"GOBEST_VA":3556.23,"GOBEST_EXP":18.92,"SPRSCT_VA":1912.76,"SPRSCT_EXP":193.38,"SEAEMP_VA":1156.71,"SEAEMP_EXP":113.76,"ADPDEF_VA":3632.36,"ADPDEF_EXP":2.19,"EDUCAC_VA":1678.67,"EDUCAC_EXP":2.77,"SALUDH_VA":2694.35,"SALUDH_EXP":2.63,"ESPARC_VA":540.39,"ESPARC_EXP":10.93,"OTRSER_VA":789.14,"OTRSER_EXP":6.12,"SERHOG_VA":432.61,"SERHOG_EXP":0.0}},{"type":"Feature","geometry":{"type":"Point","coordinates":[-75.02,-9.19]},"properties":{"id":"PER","name":"Perú","continent":"america","year":2000,"AGRPFO_VA":2850.12,"AGRPFO_EXP":188.32,"FORLOG_VA":133.46,"FORLOG_EXP":5.08,"PESCAC_VA":377.14,"PESCAC_EXP":3.13,"MINCOL_VA":76.16,"MINCOL_EXP":0.08,"PETGAS_VA":901.2,"PETGAS_EXP":285.35,"MINORE_VA":5823.54,"MINORE_EXP":2836.47,"MINOTH_VA":143.56,"MINOTH_EXP":5.08,"MINSER_VA":578.02,"MINSER_EXP":0.44,"ALYBEB_VA":2008.17,"ALYBEB_EXP":863.79,"TEXYPR_VA":1148.69,"TEXYPR_EXP":396.79,"MADYPR_VA":258.34,"MADYPR_EXP":38.62,"PAPYPR_VA":467.49,"PAPYPR_EXP":19.22,"PETREF_VA":365.76,"PETREF_EXP":369.94,"QUIMYP_VA":498.15,"QUIMYP_EXP":125.3,"FARMED_VA":151.59,"FARMED_EXP":8.74,"HUPLAS_VA":307.18,"HUPLAS_EXP":54.87,"PRNOMT_VA":503.66,"PRNOMT_EXP":34.82,"METBAS_VA":136.31,"METBAS_EXP":36.19,"NONFER_VA":1022.96,"NONFER_EXP":1143.1,"PRMETA_VA":307.49,"PRMETA_EXP":74.48,"ELCTRO_VA":19.21,"ELCTRO_EXP":4.59,"ELCTRI_VA":19.71,"ELCTRI_EXP":45.58,"MAQYEQ_VA":209.84,"MAQYEQ_EXP":29.79,"AUTOMO_VA":107.22,"AUTOMO_EXP":8.02,"OTRTRA_VA":6.55,"OTRTRA_EXP":1.46,"TRANSP_VA":52.7,"TRANSP_EXP":1.46,"OTRMAN_VA":1203.06,"OTRMAN_EXP":247.78,"ELEGAS_VA":848.5,"ELEGAS_EXP":1.53,"AGUBAS_VA":206.78,"AGUBAS_EXP":0.14,"CONSTR_VA":2539.39,"CONSTR_EXP":1.79,"COMREV_VA":5200.99,"COMREV_EXP":542.01,"TRATIE_VA":1815.64,"TRATIE_EXP":150.71,"TRAGUA_VA":45.12,"TRAGUA_EXP":34.68,"TRAAIR_VA":133.52,"TRAAIR_EXP":105.97,"ALMSTR_VA":537.7,"ALMSTR_EXP":58.88,"POSTME_VA":62.97,"POSTME_EXP":6.63,"HOTYRE_VA":1511.6,"HOTYRE_EXP":332.05,"MMTVRA_VA":263.52,"MMTVRA_EXP":21.08,"TELECO_VA":933.44,"TELECO_EXP":41.22,"ITSERV_VA":140.1,"ITSERV_EXP":2.02,"SERFIN_VA":1666.1,"SERFIN_EXP":53.26,"GOBEST_VA":2442.29,"GOBEST_EXP":35.3,"SPRSCT_VA":1429.12,"SPRSCT_EXP":44.37,"SEAEMP_VA":1105.11,"SEAEMP_EXP":38.09,"ADPDEF_VA":2159.97,"ADPDEF_EXP":91.17,"EDUCAC_VA":2402.41,"EDUCAC_EXP":16.26,"SALUDH_VA":1150.37,"SALUDH_EXP":17.54,"ESPARC_VA":287.64,"ESPARC_EXP":66.07,"OTRSER_VA":542.31,"OTRSER_EXP":23.3,"SERHOG_VA":1269.51,"SERHOG_EXP":0.0}},{"type":"Feature","geometry":{"type":"Point","coordinates":[121.77,12.88]},"properties":{"id":"PHL","name":"Filipinas","continent":"asia","year":2000,"AGRPFO_VA":8314.97,"AGRPFO_EXP":496.14,"FORLOG_VA":790.93,"FORLOG_EXP":14.44,"PESCAC_VA":1816.26,"PESCAC_EXP":211.48,"MINCOL_VA":57.32,"MINCOL_EXP":63.1,"PETGAS_VA":359.06,"PETGAS_EXP":129.75,"MINORE_VA":277.18,"MINORE_EXP":104.47,"MINOTH_VA":148.81,"MINOTH_EXP":15.81,"MINSER_VA":27.0,"MINSER_EXP":46.45,"ALYBEB_VA":7560.12,"ALYBEB_EXP":796.57,"TEXYPR_VA":2353.7,"TEXYPR_EXP":2226.08,"MADYPR_VA":310.84,"MADYPR_EXP":281.82,"PAPYPR_VA":423.19,"PAPYPR_EXP":117.46,"PETREF_VA":1086.67,"PETREF_EXP":438.93,"QUIMYP_VA":1030.22,"QUIMYP_EXP":244.41,"FARMED_VA":239.42,"FARMED_EXP":23.75,"HUPLAS_VA":316.37,"HUPLAS_EXP":177.15,"PRNOMT_VA":475.72,"PRNOMT_EXP":113.85,"METBAS_VA":151.69,"METBAS_EXP":86.39,"NONFER_VA":223.31,"NONFER_EXP":481.11,"PRMETA_VA":253.71,"PRMETA_EXP":131.95,"ELCTRO_VA":4588.57,"ELCTRO_EXP":7880.43,"ELCTRI_VA":424.28,"ELCTRI_EXP":615.22,"MAQYEQ_VA":432.78,"MAQYEQ_EXP":124.52,"AUTOMO_VA":241.96,"AUTOMO_EXP":159.38,"OTRTRA_VA":55.79,"OTRTRA_EXP":47.87,"TRANSP_VA":161.55,"TRANSP_EXP":30.3,"OTRMAN_VA":733.79,"OTRMAN_EXP":775.4,"ELEGAS_VA":2501.48,"ELEGAS_EXP":13.0,"AGUBAS_VA":320.7,"AGUBAS_EXP":2.66,"CONSTR_VA":4316.98,"CONSTR_EXP":34.49,"COMREV_VA":12295.31,"COMREV_EXP":3031.42,"TRATIE_VA":1874.03,"TRATIE_EXP":357.0,"TRAGUA_VA":292.01,"TRAGUA_EXP":290.34,"TRAAIR_VA":207.4,"TRAAIR_EXP":318.55,"ALMSTR_VA":505.51,"ALMSTR_EXP":88.82,"POSTME_VA":42.96,"POSTME_EXP":15.02,"HOTYRE_VA":1282.89,"HOTYRE_EXP":796.95,"MMTVRA_VA":402.06,"MMTVRA_EXP":89.11,"TELECO_VA":2451.22,"TELECO_EXP":368.54,"ITSERV_VA":553.16,"ITSERV_EXP":160.84,"SERFIN_VA":4059.64,"SERFIN_EXP":377.26,"GOBEST_VA":5643.95,"GOBEST_EXP":223.9,"SPRSCT_VA":729.48,"SPRSCT_EXP":338.96,"SEAEMP_VA":911.83,"SEAEMP_EXP":428.4,"ADPDEF_VA":3900.06,"ADPDEF_EXP":6.55,"EDUCAC_VA":3714.29,"EDUCAC_EXP":31.95,"SALUDH_VA":997.58,"SALUDH_EXP":23.73,"ESPARC_VA":763.05,"ESPARC_EXP":59.12,"OTRSER_VA":827.94,"OTRSER_EXP":31.78,"SERHOG_VA":0.0,"SERHOG_EXP":0.0}},{"type":"Feature","geometry":{"type":"Point","coordinates":[19.15,51.92]},"properties":{"id":"POL","name":"Polonia","continent":"europe","year":2000,"AGRPFO_VA":5030.0,"AGRPFO_EXP":396.59,"FORLOG_VA":573.03,"FORLOG_EXP":79.87,"PESCAC_VA":45.59,"PESCAC_EXP":10.48,"MINCOL_VA":2452.91,"MINCOL_EXP":660.42,"PETGAS_VA":33.05,"PETGAS_EXP":22.38,"MINORE_VA":875.76,"MINORE_EXP":1247.63,"MINOTH_VA":277.23,"MINOTH_EXP":81.41,"MINSER_VA":59.01,"MINSER_EXP":11.19,"ALYBEB_VA":5726.83,"ALYBEB_EXP":1967.25,"TEXYPR_VA":1777.57,"TEXYPR_EXP":2401.38,"MADYPR_VA":1125.24,"MADYPR_EXP":1062.83,"PAPYPR_VA":1713.32,"PAPYPR_EXP":922.15,"PETREF_VA":1335.05,"PETREF_EXP":685.52,"QUIMYP_VA":1608.47,"QUIMYP_EXP":1309.08,"FARMED_VA":514.06,"FARMED_EXP":121.44,"HUPLAS_VA":1806.87,"HUPLAS_EXP":1047.9,"PRNOMT_VA":2211.43,"PRNOMT_EXP":665.32,"METBAS_VA":671.65,"METBAS_EXP":890.95,"NONFER_VA":137.0,"NONFER_EXP":575.14,"PRMETA_VA":2183.54,"PRMETA_EXP":1388.63,"ELCTRO_VA":828.79,"ELCTRO_EXP":1461.26,"ELCTRI_VA":1193.6,"ELCTRI_EXP":1273.73,"MAQYEQ_VA":1498.74,"MAQYEQ_EXP":1407.44,"AUTOMO_VA":1515.36,"AUTOMO_EXP":2845.73,"OTRTRA_VA":368.83,"OTRTRA_EXP":677.26,"TRANSP_VA":299.64,"TRANSP_EXP":424.45,"OTRMAN_VA":3026.47,"OTRMAN_EXP":2183.74,"ELEGAS_VA":4132.99,"ELEGAS_EXP":182.11,"AGUBAS_VA":1646.74,"AGUBAS_EXP":22.67,"CONSTR_VA":13238.53,"CONSTR_EXP":216.95,"COMREV_VA":30961.26,"COMREV_EXP":7870.07,"TRATIE_VA":5138.7,"TRATIE_EXP":2817.63,"TRAGUA_VA":169.18,"TRAGUA_EXP":146.67,"TRAAIR_VA":359.53,"TRAAIR_EXP":672.56,"ALMSTR_VA":1800.48,"ALMSTR_EXP":1527.26,"POSTME_VA":1066.85,"POSTME_EXP":292.95,"HOTYRE_VA":2558.89,"HOTYRE_EXP":398.12,"MMTVRA_VA":1505.23,"MMTVRA_EXP":169.14,"TELECO_VA":3002.26,"TELECO_EXP":532.8,"ITSERV_VA":972.04,"ITSERV_EXP":174.05,"SERFIN_VA":7237.51,"SERFIN_EXP":902.88,"GOBEST_VA":10351.44,"GOBEST_EXP":219.01,"SPRSCT_VA":7986.82,"SPRSCT_EXP":1004.11,"SEAEMP_VA":2113.87,"SEAEMP_EXP":533.24,"ADPDEF_VA":9626.33,"ADPDEF_EXP":0.36,"EDUCAC_VA":7873.09,"EDUCAC_EXP":46.44,"SALUDH_VA":4740.95,"SALUDH_EXP":38.78,"ESPARC_VA":1193.6,"ESPARC_EXP":118.61,"OTRSER_VA":1927.36,"OTRSER_EXP":81.55,"SERHOG_VA":13.24,"SERHOG_EXP":0.0}},{"type":"Feature","geometry":{"type":"Point","coordinates":[-8.22,39.4]},"properties":{"id":"PRT","name":"Portugal","continent":"europe","year":2000,"AGRPFO_VA":2840.19,"AGRPFO_EXP":192.51,"FORLOG_VA":636.77,"FORLOG_EXP":46.41,"PESCAC_VA":289.83,"PESCAC_EXP":62.55,"MINCOL_VA":0.0,"MINCOL_EXP":0.0,"PETGAS_VA":0.0,"PETGAS_EXP":0.0,"MINORE_VA":319.19,"MINORE_EXP":102.32,"MINOTH_VA":275.46,"MINOTH_EXP":39.07,"MINSER_VA":4.98,"MINSER_EXP":0.06,"ALYBEB_VA":2310.99,"ALYBEB_EXP":1270.47,"TEXYPR_VA":3679.7,"TEXYPR_EXP":4281.16,"MADYPR_VA":914.81,"MADYPR_EXP":859.91,"PAPYPR_VA":1493.31,"PAPYPR_EXP":1121.97,"PETREF_VA":209.91,"PETREF_EXP":502.09,"QUIMYP_VA":678.08,"QUIMYP_EXP":834.1,"FARMED_VA":323.16,"FARMED_EXP":176.49,"HUPLAS_VA":926.11,"HUPLAS_EXP":600.46,"PRNOMT_VA":1511.17,"PRNOMT_EXP":640.41,"METBAS_VA":214.75,"METBAS_EXP":194.6,"NONFER_VA":78.62,"NONFER_EXP":260.63,"PRMETA_VA":1503.04,"PRMETA_EXP":604.84,"ELCTRO_VA":686.46,"ELCTRO_EXP":1468.86,"ELCTRI_VA":671.23,"ELCTRI_EXP":1351.53,"MAQYEQ_VA":602.8,"MAQYEQ_EXP":1059.74,"AUTOMO_VA":1457.12,"AUTOMO_EXP":2788.62,"OTRTRA_VA":55.3,"OTRTRA_EXP":124.77,"TRANSP_VA":79.34,"TRANSP_EXP":125.01,"OTRMAN_VA":1319.41,"OTRMAN_EXP":843.35,"ELEGAS_VA":1942.05,"ELEGAS_EXP":32.74,"AGUBAS_VA":702.93,"AGUBAS_EXP":2.37,"CONSTR_VA":8532.04,"CONSTR_EXP":30.99,"COMREV_VA":15254.42,"COMREV_EXP":4527.2,"TRATIE_VA":2063.31,"TRATIE_EXP":1025.56,"TRAGUA_VA":74.29,"TRAGUA_EXP":86.74,"TRAAIR_VA":603.52,"TRAAIR_EXP":1183.02,"ALMSTR_VA":1607.83,"ALMSTR_EXP":421.12,"POSTME_VA":292.2,"POSTME_EXP":57.54,"HOTYRE_VA":4737.79,"HOTYRE_EXP":2014.03,"MMTVRA_VA":802.62,"MMTVRA_EXP":239.91,"TELECO_VA":2388.89,"TELECO_EXP":235.67,"ITSERV_VA":708.14,"ITSERV_EXP":104.67,"SERFIN_VA":6210.71,"SERFIN_EXP":826.68,"GOBEST_VA":8031.74,"GOBEST_EXP":211.86,"SPRSCT_VA":3765.7,"SPRSCT_EXP":355.91,"SEAEMP_VA":3053.44,"SEAEMP_EXP":263.66,"ADPDEF_VA":9050.52,"ADPDEF_EXP":57.77,"EDUCAC_VA":6985.94,"EDUCAC_EXP":89.01,"SALUDH_VA":5393.99,"SALUDH_EXP":74.85,"ESPARC_VA":830.01,"ESPARC_EXP":202.46,"OTRSER_VA":1049.01,"OTRSER_EXP":70.19,"SERHOG_VA":671.22,"SERHOG_EXP":0.0}},{"type":"Feature","geometry":{"type":"Point","coordinates":[24.97,45.94]},"properties":{"id":"ROU","name":"Rumania","continent":"europe","year":2000,"AGRPFO_VA":3814.66,"AGRPFO_EXP":87.29,"FORLOG_VA":177.92,"FORLOG_EXP":20.33,"PESCAC_VA":1.64,"PESCAC_EXP":0.28,"MINCOL_VA":144.61,"MINCOL_EXP":0.08,"PETGAS_VA":335.9,"PETGAS_EXP":6.12,"MINORE_VA":62.96,"MINORE_EXP":8.73,"MINOTH_VA":62.65,"MINOTH_EXP":4.4,"MINSER_VA":185.76,"MINSER_EXP":3.92,"ALYBEB_VA":2248.19,"ALYBEB_EXP":60.23,"TEXYPR_VA":892.6,"TEXYPR_EXP":825.45,"MADYPR_VA":297.44,"MADYPR_EXP":177.86,"PAPYPR_VA":226.14,"PAPYPR_EXP":30.79,"PETREF_VA":414.67,"PETREF_EXP":237.28,"QUIMYP_VA":280.0,"QUIMYP_EXP":243.46,"FARMED_VA":116.2,"FARMED_EXP":9.18,"HUPLAS_VA":188.32,"HUPLAS_EXP":29.16,"PRNOMT_VA":416.27,"PRNOMT_EXP":70.49,"METBAS_VA":337.25,"METBAS_EXP":296.33,"NONFER_VA":58.97,"NONFER_EXP":147.59,"PRMETA_VA":325.66,"PRMETA_EXP":74.21,"ELCTRO_VA":298.16,"ELCTRO_EXP":114.65,"ELCTRI_VA":225.12,"ELCTRI_EXP":92.82,"MAQYEQ_VA":374.48,"MAQYEQ_EXP":135.16,"AUTOMO_VA":262.12,"AUTOMO_EXP":50.17,"OTRTRA_VA":81.77,"OTRTRA_EXP":57.72,"TRANSP_VA":82.85,"TRANSP_EXP":71.54,"OTRMAN_VA":576.56,"OTRMAN_EXP":294.14,"ELEGAS_VA":930.36,"ELEGAS_EXP":28.84,"AGUBAS_VA":257.45,"AGUBAS_EXP":0.06,"CONSTR_VA":2030.3,"CONSTR_EXP":0.23,"COMREV_VA":4001.5,"COMREV_EXP":531.58,"TRATIE_VA":1754.25,"TRATIE_EXP":1105.99,"TRAGUA_VA":48.6,"TRAGUA_EXP":84.71,"TRAAIR_VA":52.54,"TRAAIR_EXP":125.48,"ALMSTR_VA":315.51,"ALMSTR_EXP":414.8,"POSTME_VA":121.38,"POSTME_EXP":98.04,"HOTYRE_VA":810.62,"HOTYRE_EXP":88.57,"MMTVRA_VA":200.1,"MMTVRA_EXP":223.09,"TELECO_VA":1261.54,"TELECO_EXP":186.03,"ITSERV_VA":375.94,"ITSERV_EXP":56.98,"SERFIN_VA":1509.69,"SERFIN_EXP":477.54,"GOBEST_VA":2775.99,"GOBEST_EXP":13.66,"SPRSCT_VA":648.69,"SPRSCT_EXP":50.11,"SEAEMP_VA":281.55,"SEAEMP_EXP":14.75,"ADPDEF_VA":1782.01,"ADPDEF_EXP":0.21,"EDUCAC_VA":1042.36,"EDUCAC_EXP":5.05,"SALUDH_VA":778.12,"SALUDH_EXP":3.51,"ESPARC_VA":474.2,"ESPARC_EXP":11.18,"OTRSER_VA":583.53,"OTRSER_EXP":4.35,"SERHOG_VA":361.99,"SERHOG_EXP":0.0}},{"type":"Feature","geometry":{"type":"Point","coordinates":[105.32,61.52]},"properties":{"id":"RUS","name":"Rusia","continent":"europe","year":2000,"AGRPFO_VA":8200.41,"AGRPFO_EXP":1245.23,"FORLOG_VA":501.22,"FORLOG_EXP":327.87,"PESCAC_VA":495.19,"PESCAC_EXP":224.8,"MINCOL_VA":1689.16,"MINCOL_EXP":1188.84,"PETGAS_VA":18782.66,"PETGAS_EXP":10415.22,"MINORE_VA":1424.18,"MINORE_EXP":1110.37,"MINOTH_VA":1025.3,"MINOTH_EXP":1003.89,"MINSER_VA":1582.59,"MINSER_EXP":250.49,"ALYBEB_VA":4365.24,"ALYBEB_EXP":2108.4,"TEXYPR_VA":678.81,"TEXYPR_EXP":497.86,"MADYPR_VA":624.63,"MADYPR_EXP":1300.02,"PAPYPR_VA":974.18,"PAPYPR_EXP":1618.49,"PETREF_VA":8067.16,"PETREF_EXP":17215.87,"QUIMYP_VA":2565.68,"QUIMYP_EXP":5785.86,"FARMED_VA":354.43,"FARMED_EXP":217.83,"HUPLAS_VA":693.16,"HUPLAS_EXP":995.81,"PRNOMT_VA":1715.32,"PRNOMT_EXP":335.08,"METBAS_VA":2272.27,"METBAS_EXP":7740.43,"NONFER_VA":4291.12,"NONFER_EXP":7907.78,"PRMETA_VA":1261.54,"PRMETA_EXP":1127.87,"ELCTRO_VA":1317.8,"ELCTRO_EXP":1304.16,"ELCTRI_VA":924.04,"ELCTRI_EXP":1274.81,"MAQYEQ_VA":1537.05,"MAQYEQ_EXP":2753.76,"AUTOMO_VA":2096.8,"AUTOMO_EXP":953.59,"OTRTRA_VA":737.66,"OTRTRA_EXP":919.98,"TRANSP_VA":1736.56,"TRANSP_EXP":1018.72,"OTRMAN_VA":1532.69,"OTRMAN_EXP":546.0,"ELEGAS_VA":7770.99,"ELEGAS_EXP":431.99,"AGUBAS_VA":1279.68,"AGUBAS_EXP":4.87,"CONSTR_VA":19811.82,"CONSTR_EXP":67.23,"COMREV_VA":44712.47,"COMREV_EXP":20091.96,"TRATIE_VA":11408.49,"TRATIE_EXP":3177.47,"TRAGUA_VA":254.41,"TRAGUA_EXP":161.25,"TRAAIR_VA":647.78,"TRAAIR_EXP":1258.61,"ALMSTR_VA":3060.98,"ALMSTR_EXP":1004.72,"POSTME_VA":445.1,"POSTME_EXP":53.01,"HOTYRE_VA":2387.8,"HOTYRE_EXP":1124.99,"MMTVRA_VA":1000.03,"MMTVRA_EXP":191.22,"TELECO_VA":4095.37,"TELECO_EXP":445.63,"ITSERV_VA":1518.53,"ITSERV_EXP":516.34,"SERFIN_VA":9504.46,"SERFIN_EXP":286.69,"GOBEST_VA":22103.34,"GOBEST_EXP":322.37,"SPRSCT_VA":10191.13,"SPRSCT_EXP":1263.97,"SEAEMP_VA":4445.4,"SEAEMP_EXP":603.52,"ADPDEF_VA":18017.76,"ADPDEF_EXP":10.45,"EDUCAC_VA":7906.5,"EDUCAC_EXP":71.75,"SALUDH_VA":7681.85,"SALUDH_EXP":55.41,"ESPARC_VA":1912.21,"ESPARC_EXP":136.26,"OTRSER_VA":1091.18,"OTRSER_EXP":62.82,"SERHOG_VA":1647.79,"SERHOG_EXP":0.0}},{"type":"Feature","geometry":{"type":"Point","coordinates":[45.08,23.89]},"properties":{"id":"SAU","name":"Arabia Saudita","continent":"other","year":2000,"AGRPFO_VA":4758.75,"AGRPFO_EXP":21.0,"FORLOG_VA":6.46,"FORLOG_EXP":0.13,"PESCAC_VA":239.52,"PESCAC_EXP":2.47,"MINCOL_VA":0.0,"MINCOL_EXP":0.0,"PETGAS_VA":59469.98,"PETGAS_EXP":60653.86,"MINORE_VA":212.32,"MINORE_EXP":10.49,"MINOTH_VA":439.09,"MINOTH_EXP":27.89,"MINSER_VA":175.56,"MINSER_EXP":214.57,"ALYBEB_VA":3131.9,"ALYBEB_EXP":470.03,"TEXYPR_VA":795.62,"TEXYPR_EXP":163.97,"MADYPR_VA":222.54,"MADYPR_EXP":29.73,"PAPYPR_VA":917.44,"PAPYPR_EXP":210.82,"PETREF_VA":4967.54,"PETREF_EXP":4571.02,"QUIMYP_VA":4613.38,"QUIMYP_EXP":3625.19,"FARMED_VA":126.73,"FARMED_EXP":14.92,"HUPLAS_VA":677.05,"HUPLAS_EXP":162.56,"PRNOMT_VA":1173.52,"PRNOMT_EXP":152.46,"METBAS_VA":184.43,"METBAS_EXP":220.11,"NONFER_VA":148.78,"NONFER_EXP":400.06,"PRMETA_VA":1071.74,"PRMETA_EXP":233.9,"ELCTRO_VA":29.6,"ELCTRO_EXP":6.14,"ELCTRI_VA":674.46,"ELCTRI_EXP":119.31,"MAQYEQ_VA":378.83,"MAQYEQ_EXP":128.65,"AUTOMO_VA":186.07,"AUTOMO_EXP":26.35,"OTRTRA_VA":7.25,"OTRTRA_EXP":1.34,"TRANSP_VA":11.9,"TRANSP_EXP":12.5,"OTRMAN_VA":879.93,"OTRMAN_EXP":142.83,"ELEGAS_VA":1749.9,"ELEGAS_EXP":0.37,"AGUBAS_VA":568.94,"AGUBAS_EXP":0.59,"CONSTR_VA":10635.08,"CONSTR_EXP":35.23,"COMREV_VA":15374.38,"COMREV_EXP":4561.85,"TRATIE_VA":1918.5,"TRATIE_EXP":854.02,"TRAGUA_VA":163.04,"TRAGUA_EXP":118.2,"TRAAIR_VA":661.04,"TRAAIR_EXP":442.81,"ALMSTR_VA":1649.88,"ALMSTR_EXP":766.16,"POSTME_VA":204.63,"POSTME_EXP":103.38,"HOTYRE_VA":3319.41,"HOTYRE_EXP":1318.39,"MMTVRA_VA":387.93,"MMTVRA_EXP":21.55,"TELECO_VA":4204.23,"TELECO_EXP":214.88,"ITSERV_VA":1089.82,"ITSERV_EXP":70.54,"SERFIN_VA":6641.92,"SERFIN_EXP":221.81,"GOBEST_VA":5053.17,"GOBEST_EXP":219.7,"SPRSCT_VA":1284.09,"SPRSCT_EXP":140.8,"SEAEMP_VA":1959.32,"SEAEMP_EXP":128.23,"ADPDEF_VA":25502.98,"ADPDEF_EXP":0.28,"EDUCAC_VA":10269.21,"EDUCAC_EXP":48.66,"SALUDH_VA":6089.89,"SALUDH_EXP":40.35,"ESPARC_VA":527.02,"ESPARC_EXP":99.95,"OTRSER_VA":1287.19,"OTRSER_EXP":42.5,"SERHOG_VA":1741.66,"SERHOG_EXP":0.0}},{"type":"Feature","geometry":{"type":"Point","coordinates":[-14.45,14.5]},"properties":{"id":"SEN","name":"Senegal","continent":"other","year":2000,"AGRPFO_VA":879.23,"AGRPFO_EXP":46.07,"FORLOG_VA":27.03,"FORLOG_EXP":1.42,"PESCAC_VA":57.74,"PESCAC_EXP":28.54,"MINCOL_VA":3.34,"MINCOL_EXP":6.75,"PETGAS_VA":0.15,"PETGAS_EXP":0.18,"MINORE_VA":8.13,"MINORE_EXP":39.08,"MINOTH_VA":4.92,"MINOTH_EXP":24.24,"MINSER_VA":0.15,"MINSER_EXP":0.24,"ALYBEB_VA":677.55,"ALYBEB_EXP":137.5,"TEXYPR_VA":175.69,"TEXYPR_EXP":30.72,"MADYPR_VA":37.6,"MADYPR_EXP":1.44,"PAPYPR_VA":43.38,"PAPYPR_EXP":4.47,"PETREF_VA":4.43,"PETREF_EXP":136.53,"QUIMYP_VA":88.18,"QUIMYP_EXP":61.6,"FARMED_VA":11.91,"FARMED_EXP":2.15,"HUPLAS_VA":35.74,"HUPLAS_EXP":3.57,"PRNOMT_VA":48.6,"PRNOMT_EXP":50.59,"METBAS_VA":39.78,"METBAS_EXP":10.98,"NONFER_VA":1.32,"NONFER_EXP":9.16,"PRMETA_VA":57.13,"PRMETA_EXP":1.64,"ELCTRO_VA":0.18,"ELCTRO_EXP":0.04,"ELCTRI_VA":12.77,"ELCTRI_EXP":4.59,"MAQYEQ_VA":1.57,"MAQYEQ_EXP":1.75,"AUTOMO_VA":0.69,"AUTOMO_EXP":0.14,"OTRTRA_VA":6.66,"OTRTRA_EXP":1.22,"TRANSP_VA":16.73,"TRANSP_EXP":0.5,"OTRMAN_VA":49.76,"OTRMAN_EXP":2.1,"ELEGAS_VA":38.04,"ELEGAS_EXP":2.83,"AGUBAS_VA":31.09,"AGUBAS_EXP":0.14,"CONSTR_VA":141.26,"CONSTR_EXP":0.76,"COMREV_VA":893.06,"COMREV_EXP":90.88,"TRATIE_VA":133.12,"TRATIE_EXP":11.53,"TRAGUA_VA":2.22,"TRAGUA_EXP":0.55,"TRAAIR_VA":6.46,"TRAAIR_EXP":7.18,"ALMSTR_VA":58.88,"ALMSTR_EXP":9.12,"POSTME_VA":3.74,"POSTME_EXP":0.16,"HOTYRE_VA":84.91,"HOTYRE_EXP":14.5,"MMTVRA_VA":12.08,"MMTVRA_EXP":3.15,"TELECO_VA":110.02,"TELECO_EXP":32.33,"ITSERV_VA":10.64,"ITSERV_EXP":2.79,"SERFIN_VA":77.69,"SERFIN_EXP":5.4,"GOBEST_VA":604.49,"GOBEST_EXP":5.13,"SPRSCT_VA":203.86,"SPRSCT_EXP":29.52,"SEAEMP_VA":113.49,"SEAEMP_EXP":7.51,"ADPDEF_VA":294.31,"ADPDEF_EXP":0.39,"EDUCAC_VA":216.81,"EDUCAC_EXP":0.96,"SALUDH_VA":145.58,"SALUDH_EXP":0.75,"ESPARC_VA":19.89,"ESPARC_EXP":1.42,"OTRSER_VA":67.78,"OTRSER_EXP":0.73,"SERHOG_VA":41.53,"SERHOG_EXP":0.0}},{"type":"Feature","geometry":{"type":"Point","coordinates":[103.82,1.35]},"properties":{"id":"SGP","name":"Singapur","continent":"asia","year":2000,"AGRPFO_VA":48.84,"AGRPFO_EXP":39.46,"FORLOG_VA":0.0,"FORLOG_EXP":0.0,"PESCAC_VA":39.79,"PESCAC_EXP":11.94,"MINCOL_VA":0.0,"MINCOL_EXP":0.0,"PETGAS_VA":0.0,"PETGAS_EXP":0.0,"MINORE_VA":0.0,"MINORE_EXP":0.0,"MINOTH_VA":0.0,"MINOTH_EXP":0.0,"MINSER_VA":0.0,"MINSER_EXP":0.0,"ALYBEB_VA":683.48,"ALYBEB_EXP":921.17,"TEXYPR_VA":263.05,"TEXYPR_EXP":370.26,"MADYPR_VA":34.2,"MADYPR_EXP":67.56,"PAPYPR_VA":715.68,"PAPYPR_EXP":835.75,"PETREF_VA":582.11,"PETREF_EXP":4235.27,"QUIMYP_VA":2164.48,"QUIMYP_EXP":10381.45,"FARMED_VA":4546.65,"FARMED_EXP":622.96,"HUPLAS_VA":437.27,"HUPLAS_EXP":660.17,"PRNOMT_VA":165.75,"PRNOMT_EXP":127.48,"METBAS_VA":56.51,"METBAS_EXP":165.13,"NONFER_VA":269.17,"NONFER_EXP":165.93,"PRMETA_VA":608.8,"PRMETA_EXP":705.31,"ELCTRO_VA":8240.28,"ELCTRO_EXP":26163.97,"ELCTRI_VA":280.96,"ELCTRI_EXP":386.3,"MAQYEQ_VA":1530.26,"MAQYEQ_EXP":3376.05,"AUTOMO_VA":105.37,"AUTOMO_EXP":236.69,"OTRTRA_VA":754.68,"OTRTRA_EXP":363.99,"TRANSP_VA":1348.21,"TRANSP_EXP":497.6,"OTRMAN_VA":577.91,"OTRMAN_EXP":1200.68,"ELEGAS_VA":1503.13,"ELEGAS_EXP":21.34,"AGUBAS_VA":429.38,"AGUBAS_EXP":60.5,"CONSTR_VA":5117.93,"CONSTR_EXP":7.58,"COMREV_VA":11928.39,"COMREV_EXP":11036.69,"TRATIE_VA":1384.98,"TRATIE_EXP":533.17,"TRAGUA_VA":2466.55,"TRAGUA_EXP":5923.64,"TRAAIR_VA":1539.47,"TRAAIR_EXP":3145.08,"ALMSTR_VA":3173.27,"ALMSTR_EXP":755.55,"POSTME_VA":221.64,"POSTME_EXP":148.65,"HOTYRE_VA":2230.17,"HOTYRE_EXP":1604.96,"MMTVRA_VA":772.78,"MMTVRA_EXP":1135.64,"TELECO_VA":1243.59,"TELECO_EXP":513.25,"ITSERV_VA":1280.4,"ITSERV_EXP":1987.71,"SERFIN_VA":8723.7,"SERFIN_EXP":5788.59,"GOBEST_VA":6625.04,"GOBEST_EXP":752.91,"SPRSCT_VA":6906.7,"SPRSCT_EXP":2737.31,"SEAEMP_VA":4117.35,"SEAEMP_EXP":1316.82,"ADPDEF_VA":2370.16,"ADPDEF_EXP":10.6,"EDUCAC_VA":2652.93,"EDUCAC_EXP":293.64,"SALUDH_VA":2401.62,"SALUDH_EXP":195.99,"ESPARC_VA":1084.34,"ESPARC_EXP":237.73,"OTRSER_VA":580.8,"OTRSER_EXP":137.17,"SERHOG_VA":345.32,"SERHOG_EXP":0.0}},{"type":"Feature","geometry":{"type":"Point","coordinates":[6.61,0.19]},"properties":{"id":"STP","name":"S. Tomé y Príncipe","continent":"other","year":2000,"AGRPFO_VA":4.02,"AGRPFO_EXP":2.04,"FORLOG_VA":0.02,"FORLOG_EXP":0.0,"PESCAC_VA":5.56,"PESCAC_EXP":0.19,"MINCOL_VA":0.01,"MINCOL_EXP":0.0,"PETGAS_VA":0.1,"PETGAS_EXP":0.0,"MINORE_VA":0.0,"MINORE_EXP":0.0,"MINOTH_VA":0.07,"MINOTH_EXP":0.01,"MINSER_VA":0.04,"MINSER_EXP":0.01,"ALYBEB_VA":1.82,"ALYBEB_EXP":0.21,"TEXYPR_VA":0.01,"TEXYPR_EXP":0.03,"MADYPR_VA":0.01,"MADYPR_EXP":0.0,"PAPYPR_VA":0.01,"PAPYPR_EXP":0.0,"PETREF_VA":0.03,"PETREF_EXP":0.01,"QUIMYP_VA":0.02,"QUIMYP_EXP":0.0,"FARMED_VA":0.01,"FARMED_EXP":0.0,"HUPLAS_VA":0.01,"HUPLAS_EXP":0.0,"PRNOMT_VA":0.04,"PRNOMT_EXP":0.01,"METBAS_VA":0.0,"METBAS_EXP":0.0,"NONFER_VA":0.0,"NONFER_EXP":0.0,"PRMETA_VA":0.01,"PRMETA_EXP":0.0,"ELCTRO_VA":0.0,"ELCTRO_EXP":0.02,"ELCTRI_VA":0.0,"ELCTRI_EXP":0.0,"MAQYEQ_VA":0.0,"MAQYEQ_EXP":0.0,"AUTOMO_VA":0.0,"AUTOMO_EXP":0.0,"OTRTRA_VA":0.0,"OTRTRA_EXP":0.0,"TRANSP_VA":0.0,"TRANSP_EXP":0.0,"OTRMAN_VA":0.02,"OTRMAN_EXP":0.01,"ELEGAS_VA":1.01,"ELEGAS_EXP":0.05,"AGUBAS_VA":0.76,"AGUBAS_EXP":0.1,"CONSTR_VA":2.48,"CONSTR_EXP":0.23,"COMREV_VA":12.13,"COMREV_EXP":1.61,"TRATIE_VA":4.23,"TRATIE_EXP":0.8,"TRAGUA_VA":0.15,"TRAGUA_EXP":0.11,"TRAAIR_VA":0.52,"TRAAIR_EXP":0.65,"ALMSTR_VA":2.79,"ALMSTR_EXP":0.25,"POSTME_VA":1.02,"POSTME_EXP":0.12,"HOTYRE_VA":7.5,"HOTYRE_EXP":2.97,"MMTVRA_VA":0.72,"MMTVRA_EXP":0.53,"TELECO_VA":1.34,"TELECO_EXP":1.46,"ITSERV_VA":1.22,"ITSERV_EXP":1.72,"SERFIN_VA":7.03,"SERFIN_EXP":2.87,"GOBEST_VA":0.36,"GOBEST_EXP":0.08,"SPRSCT_VA":0.29,"SPRSCT_EXP":0.21,"SEAEMP_VA":0.27,"SEAEMP_EXP":0.14,"ADPDEF_VA":7.51,"ADPDEF_EXP":0.15,"EDUCAC_VA":2.63,"EDUCAC_EXP":0.25,"SALUDH_VA":1.64,"SALUDH_EXP":0.22,"ESPARC_VA":1.64,"ESPARC_EXP":0.43,"OTRSER_VA":1.68,"OTRSER_EXP":0.26,"SERHOG_VA":1.4,"SERHOG_EXP":0.0}},{"type":"Feature","geometry":{"type":"Point","coordinates":[19.7,48.67]},"properties":{"id":"SVK","name":"Eslovaquia","continent":"europe","year":2000,"AGRPFO_VA":220.27,"AGRPFO_EXP":61.24,"FORLOG_VA":155.66,"FORLOG_EXP":37.71,"PESCAC_VA":0.54,"PESCAC_EXP":0.59,"MINCOL_VA":8.47,"MINCOL_EXP":1.27,"PETGAS_VA":0.12,"PETGAS_EXP":0.08,"MINORE_VA":1.72,"MINORE_EXP":3.21,"MINOTH_VA":8.5,"MINOTH_EXP":22.86,"MINSER_VA":29.86,"MINSER_EXP":3.65,"ALYBEB_VA":551.45,"ALYBEB_EXP":195.52,"TEXYPR_VA":383.16,"TEXYPR_EXP":366.04,"MADYPR_VA":117.83,"MADYPR_EXP":111.85,"PAPYPR_VA":283.09,"PAPYPR_EXP":263.25,"PETREF_VA":379.77,"PETREF_EXP":501.16,"QUIMYP_VA":258.58,"QUIMYP_EXP":407.66,"FARMED_VA":56.5,"FARMED_EXP":41.16,"HUPLAS_VA":203.53,"HUPLAS_EXP":237.27,"PRNOMT_VA":287.55,"PRNOMT_EXP":190.47,"METBAS_VA":349.86,"METBAS_EXP":836.47,"NONFER_VA":123.82,"NONFER_EXP":186.53,"PRMETA_VA":296.82,"PRMETA_EXP":330.41,"ELCTRO_VA":146.51,"ELCTRO_EXP":305.92,"ELCTRI_VA":196.94,"ELCTRI_EXP":434.14,"MAQYEQ_VA":314.14,"MAQYEQ_EXP":426.46,"AUTOMO_VA":406.41,"AUTOMO_EXP":1365.56,"OTRTRA_VA":0.62,"OTRTRA_EXP":0.39,"TRANSP_VA":28.57,"TRANSP_EXP":19.03,"OTRMAN_VA":284.53,"OTRMAN_EXP":175.32,"ELEGAS_VA":627.62,"ELEGAS_EXP":45.65,"AGUBAS_VA":231.01,"AGUBAS_EXP":12.21,"CONSTR_VA":1177.34,"CONSTR_EXP":57.3,"COMREV_VA":2455.57,"COMREV_EXP":1199.98,"TRATIE_VA":1045.97,"TRATIE_EXP":932.24,"TRAGUA_VA":15.19,"TRAGUA_EXP":6.75,"TRAAIR_VA":11.55,"TRAAIR_EXP":25.98,"ALMSTR_VA":366.13,"ALMSTR_EXP":267.95,"POSTME_VA":100.32,"POSTME_EXP":24.86,"HOTYRE_VA":272.96,"HOTYRE_EXP":102.57,"MMTVRA_VA":132.95,"MMTVRA_EXP":75.35,"TELECO_VA":423.33,"TELECO_EXP":72.08,"ITSERV_VA":191.11,"ITSERV_EXP":64.12,"SERFIN_VA":547.68,"SERFIN_EXP":87.11,"GOBEST_VA":1920.92,"GOBEST_EXP":32.81,"SPRSCT_VA":888.49,"SPRSCT_EXP":293.72,"SEAEMP_VA":554.39,"SEAEMP_EXP":98.02,"ADPDEF_VA":1770.96,"ADPDEF_EXP":11.07,"EDUCAC_VA":675.04,"EDUCAC_EXP":19.5,"SALUDH_VA":669.41,"SALUDH_EXP":15.18,"ESPARC_VA":260.78,"ESPARC_EXP":70.49,"OTRSER_VA":178.93,"OTRSER_EXP":27.37,"SERHOG_VA":10.01,"SERHOG_EXP":0.0}},{"type":"Feature","geometry":{"type":"Point","coordinates":[14.99,46.15]},"properties":{"id":"SVN","name":"Eslovenia","continent":"europe","year":2000,"AGRPFO_VA":490.85,"AGRPFO_EXP":93.37,"FORLOG_VA":129.71,"FORLOG_EXP":19.06,"PESCAC_VA":3.02,"PESCAC_EXP":1.2,"MINCOL_VA":79.94,"MINCOL_EXP":0.21,"PETGAS_VA":0.0,"PETGAS_EXP":0.0,"MINORE_VA":1.68,"MINORE_EXP":0.87,"MINOTH_VA":25.61,"MINOTH_EXP":5.9,"MINSER_VA":0.24,"MINSER_EXP":1.51,"ALYBEB_VA":480.47,"ALYBEB_EXP":284.32,"TEXYPR_VA":442.16,"TEXYPR_EXP":524.53,"MADYPR_VA":180.16,"MADYPR_EXP":254.33,"PAPYPR_VA":280.09,"PAPYPR_EXP":359.59,"PETREF_VA":3.68,"PETREF_EXP":18.14,"QUIMYP_VA":220.81,"QUIMYP_EXP":478.97,"FARMED_VA":352.62,"FARMED_EXP":296.03,"HUPLAS_VA":246.75,"HUPLAS_EXP":378.65,"PRNOMT_VA":211.86,"PRNOMT_EXP":174.94,"METBAS_VA":131.59,"METBAS_EXP":251.41,"NONFER_VA":64.33,"NONFER_EXP":304.69,"PRMETA_VA":540.41,"PRMETA_EXP":568.3,"ELCTRO_VA":252.36,"ELCTRO_EXP":459.16,"ELCTRI_VA":379.16,"ELCTRI_EXP":449.26,"MAQYEQ_VA":201.3,"MAQYEQ_EXP":411.23,"AUTOMO_VA":305.39,"AUTOMO_EXP":718.85,"OTRTRA_VA":4.8,"OTRTRA_EXP":9.68,"TRANSP_VA":16.67,"TRANSP_EXP":14.25,"OTRMAN_VA":374.76,"OTRMAN_EXP":403.86,"ELEGAS_VA":349.59,"ELEGAS_EXP":36.09,"AGUBAS_VA":181.08,"AGUBAS_EXP":1.54,"CONSTR_VA":1218.25,"CONSTR_EXP":47.9,"COMREV_VA":1947.13,"COMREV_EXP":892.56,"TRATIE_VA":572.81,"TRATIE_EXP":375.65,"TRAGUA_VA":20.19,"TRAGUA_EXP":42.16,"TRAAIR_VA":34.81,"TRAAIR_EXP":98.51,"ALMSTR_VA":275.31,"ALMSTR_EXP":221.27,"POSTME_VA":103.13,"POSTME_EXP":4.09,"HOTYRE_VA":419.57,"HOTYRE_EXP":357.59,"MMTVRA_VA":259.47,"MMTVRA_EXP":83.17,"TELECO_VA":277.74,"TELECO_EXP":49.44,"ITSERV_VA":146.88,"ITSERV_EXP":55.34,"SERFIN_VA":849.58,"SERFIN_EXP":51.93,"GOBEST_VA":1423.42,"GOBEST_EXP":39.11,"SPRSCT_VA":872.24,"SPRSCT_EXP":174.3,"SEAEMP_VA":436.26,"SEAEMP_EXP":117.78,"ADPDEF_VA":1048.16,"ADPDEF_EXP":1.13,"EDUCAC_VA":1001.22,"EDUCAC_EXP":24.71,"SALUDH_VA":917.03,"SALUDH_EXP":18.23,"ESPARC_VA":278.0,"ESPARC_EXP":37.98,"OTRSER_VA":301.08,"OTRSER_EXP":16.21,"SERHOG_VA":14.77,"SERHOG_EXP":0.0}},{"type":"Feature","geometry":{"type":"Point","coordinates":[18.64,60.13]},"properties":{"id":"SWE","name":"Suecia","continent":"europe","year":2000,"AGRPFO_VA":3032.16,"AGRPFO_EXP":288.13,"FORLOG_VA":2275.92,"FORLOG_EXP":90.94,"PESCAC_VA":70.96,"PESCAC_EXP":76.08,"MINCOL_VA":32.79,"MINCOL_EXP":8.34,"PETGAS_VA":10.14,"PETGAS_EXP":0.64,"MINORE_VA":473.45,"MINORE_EXP":401.84,"MINOTH_VA":83.47,"MINOTH_EXP":152.19,"MINSER_VA":19.87,"MINSER_EXP":57.74,"ALYBEB_VA":3686.9,"ALYBEB_EXP":1473.12,"TEXYPR_VA":636.74,"TEXYPR_EXP":827.6,"MADYPR_VA":1755.12,"MADYPR_EXP":2530.43,"PAPYPR_VA":6799.51,"PAPYPR_EXP":8286.98,"PETREF_VA":447.91,"PETREF_EXP":2506.81,"QUIMYP_VA":2513.05,"QUIMYP_EXP":2738.44,"FARMED_VA":4905.01,"FARMED_EXP":2943.47,"HUPLAS_VA":1565.67,"HUPLAS_EXP":1805.12,"PRNOMT_VA":1012.1,"PRNOMT_EXP":652.45,"METBAS_VA":1538.97,"METBAS_EXP":3517.99,"NONFER_VA":466.89,"NONFER_EXP":1396.45,"PRMETA_VA":4715.03,"PRMETA_EXP":2389.7,"ELCTRO_VA":6703.12,"ELCTRO_EXP":13905.31,"ELCTRI_VA":2176.06,"ELCTRI_EXP":3258.19,"MAQYEQ_VA":5583.55,"MAQYEQ_EXP":9820.42,"AUTOMO_VA":6715.45,"AUTOMO_EXP":12911.17,"OTRTRA_VA":93.73,"OTRTRA_EXP":207.87,"TRANSP_VA":842.55,"TRANSP_EXP":1106.36,"OTRMAN_VA":3073.31,"OTRMAN_EXP":2112.32,"ELEGAS_VA":4745.24,"ELEGAS_EXP":105.5,"AGUBAS_VA":1473.39,"AGUBAS_EXP":4.9,"CONSTR_VA":10096.25,"CONSTR_EXP":179.0,"COMREV_VA":25193.87,"COMREV_EXP":10018.27,"TRATIE_VA":6684.37,"TRATIE_EXP":1562.62,"TRAGUA_VA":855.73,"TRAGUA_EXP":1151.63,"TRAAIR_VA":974.91,"TRAAIR_EXP":980.17,"ALMSTR_VA":3485.35,"ALMSTR_EXP":2302.77,"POSTME_VA":2604.9,"POSTME_EXP":152.33,"HOTYRE_VA":3449.44,"HOTYRE_EXP":1131.73,"MMTVRA_VA":3387.22,"MMTVRA_EXP":1109.98,"TELECO_VA":4355.51,"TELECO_EXP":635.74,"ITSERV_VA":5943.8,"ITSERV_EXP":1337.08,"SERFIN_VA":10495.26,"SERFIN_EXP":1985.89,"GOBEST_VA":23989.92,"GOBEST_EXP":194.0,"SPRSCT_VA":13978.86,"SPRSCT_EXP":6643.19,"SEAEMP_VA":6346.04,"SEAEMP_EXP":1620.62,"ADPDEF_VA":11855.76,"ADPDEF_EXP":90.59,"EDUCAC_VA":13212.67,"EDUCAC_EXP":140.63,"SALUDH_VA":22874.93,"SALUDH_EXP":73.73,"ESPARC_VA":2885.79,"ESPARC_EXP":160.25,"OTRSER_VA":3474.31,"OTRSER_EXP":83.0,"SERHOG_VA":38.5,"SERHOG_EXP":0.0}},{"type":"Feature","geometry":{"type":"Point","coordinates":[100.99,15.87]},"properties":{"id":"THA","name":"Tailandia","continent":"asia","year":2000,"AGRPFO_VA":6620.97,"AGRPFO_EXP":696.77,"FORLOG_VA":153.7,"FORLOG_EXP":44.72,"PESCAC_VA":2504.6,"PESCAC_EXP":29.44,"MINCOL_VA":143.72,"MINCOL_EXP":0.15,"PETGAS_VA":1922.92,"PETGAS_EXP":283.51,"MINORE_VA":24.48,"MINORE_EXP":10.49,"MINOTH_VA":536.99,"MINOTH_EXP":68.52,"MINSER_VA":439.57,"MINSER_EXP":17.07,"ALYBEB_VA":6837.16,"ALYBEB_EXP":7942.22,"TEXYPR_VA":5450.21,"TEXYPR_EXP":5993.85,"MADYPR_VA":382.29,"MADYPR_EXP":479.78,"PAPYPR_VA":923.72,"PAPYPR_EXP":719.66,"PETREF_VA":2450.93,"PETREF_EXP":1636.48,"QUIMYP_VA":2140.33,"QUIMYP_EXP":3071.26,"FARMED_VA":324.51,"FARMED_EXP":87.87,"HUPLAS_VA":1625.87,"HUPLAS_EXP":2815.97,"PRNOMT_VA":1518.83,"PRNOMT_EXP":924.67,"METBAS_VA":663.47,"METBAS_EXP":841.74,"NONFER_VA":319.59,"NONFER_EXP":522.74,"PRMETA_VA":1247.95,"PRMETA_EXP":1128.12,"ELCTRO_VA":3176.23,"ELCTRO_EXP":18024.79,"ELCTRI_VA":1338.05,"ELCTRI_EXP":3584.66,"MAQYEQ_VA":1238.75,"MAQYEQ_EXP":1075.6,"AUTOMO_VA":1900.05,"AUTOMO_EXP":1813.31,"OTRTRA_VA":208.32,"OTRTRA_EXP":47.46,"TRANSP_VA":272.66,"TRANSP_EXP":387.95,"OTRMAN_VA":2065.84,"OTRMAN_EXP":3145.32,"ELEGAS_VA":2643.61,"ELEGAS_EXP":143.01,"AGUBAS_VA":530.67,"AGUBAS_EXP":0.28,"CONSTR_VA":3426.97,"CONSTR_EXP":0.46,"COMREV_VA":26093.29,"COMREV_EXP":9921.31,"TRATIE_VA":3794.44,"TRATIE_EXP":3901.39,"TRAGUA_VA":886.85,"TRAGUA_EXP":1652.13,"TRAAIR_VA":1591.52,"TRAAIR_EXP":2195.26,"ALMSTR_VA":834.38,"ALMSTR_EXP":94.2,"POSTME_VA":152.22,"POSTME_EXP":143.33,"HOTYRE_VA":4416.57,"HOTYRE_EXP":1473.82,"MMTVRA_VA":574.08,"MMTVRA_EXP":90.0,"TELECO_VA":1560.96,"TELECO_EXP":658.32,"ITSERV_VA":231.28,"ITSERV_EXP":71.02,"SERFIN_VA":4125.62,"SERFIN_EXP":187.14,"GOBEST_VA":3354.95,"GOBEST_EXP":744.9,"SPRSCT_VA":2018.41,"SPRSCT_EXP":223.06,"SEAEMP_VA":1437.04,"SEAEMP_EXP":243.82,"ADPDEF_VA":6345.18,"ADPDEF_EXP":0.53,"EDUCAC_VA":4331.49,"EDUCAC_EXP":1.24,"SALUDH_VA":2603.69,"SALUDH_EXP":273.45,"ESPARC_VA":515.15,"ESPARC_EXP":57.34,"OTRSER_VA":1638.2,"OTRSER_EXP":400.23,"SERHOG_VA":354.55,"SERHOG_EXP":0.0}},{"type":"Feature","geometry":{"type":"Point","coordinates":[9.54,33.89]},"properties":{"id":"TUN","name":"Túnez","continent":"other","year":2000,"AGRPFO_VA":1661.61,"AGRPFO_EXP":143.16,"FORLOG_VA":184.46,"FORLOG_EXP":0.18,"PESCAC_VA":328.39,"PESCAC_EXP":29.77,"MINCOL_VA":242.19,"MINCOL_EXP":0.09,"PETGAS_VA":774.59,"PETGAS_EXP":649.87,"MINORE_VA":3.47,"MINORE_EXP":0.47,"MINOTH_VA":137.24,"MINOTH_EXP":54.87,"MINSER_VA":45.25,"MINSER_EXP":2.35,"ALYBEB_VA":709.25,"ALYBEB_EXP":433.54,"TEXYPR_VA":1070.81,"TEXYPR_EXP":1562.94,"MADYPR_VA":107.57,"MADYPR_EXP":48.99,"PAPYPR_VA":136.93,"PAPYPR_EXP":142.24,"PETREF_VA":71.01,"PETREF_EXP":103.95,"QUIMYP_VA":131.69,"QUIMYP_EXP":451.76,"FARMED_VA":87.75,"FARMED_EXP":10.02,"HUPLAS_VA":76.79,"HUPLAS_EXP":59.26,"PRNOMT_VA":201.32,"PRNOMT_EXP":35.12,"METBAS_VA":49.28,"METBAS_EXP":7.35,"NONFER_VA":28.41,"NONFER_EXP":9.88,"PRMETA_VA":195.48,"PRMETA_EXP":29.97,"ELCTRO_VA":92.41,"ELCTRO_EXP":139.82,"ELCTRI_VA":524.7,"ELCTRI_EXP":698.29,"MAQYEQ_VA":258.91,"MAQYEQ_EXP":86.45,"AUTOMO_VA":177.53,"AUTOMO_EXP":71.89,"OTRTRA_VA":10.15,"OTRTRA_EXP":28.38,"TRANSP_VA":20.1,"TRANSP_EXP":48.91,"OTRMAN_VA":124.46,"OTRMAN_EXP":146.07,"ELEGAS_VA":217.99,"ELEGAS_EXP":0.2,"AGUBAS_VA":93.03,"AGUBAS_EXP":0.64,"CONSTR_VA":1262.31,"CONSTR_EXP":0.61,"COMREV_VA":1748.92,"COMREV_EXP":534.55,"TRATIE_VA":682.71,"TRATIE_EXP":412.49,"TRAGUA_VA":78.7,"TRAGUA_EXP":146.07,"TRAAIR_VA":91.63,"TRAAIR_EXP":179.29,"ALMSTR_VA":341.89,"ALMSTR_EXP":156.91,"POSTME_VA":140.37,"POSTME_EXP":13.64,"HOTYRE_VA":1154.46,"HOTYRE_EXP":632.59,"MMTVRA_VA":71.58,"MMTVRA_EXP":18.19,"TELECO_VA":486.77,"TELECO_EXP":146.71,"ITSERV_VA":204.53,"ITSERV_EXP":44.34,"SERFIN_VA":743.42,"SERFIN_EXP":70.25,"GOBEST_VA":710.51,"GOBEST_EXP":91.67,"SPRSCT_VA":514.35,"SPRSCT_EXP":140.64,"SEAEMP_VA":391.53,"SEAEMP_EXP":68.19,"ADPDEF_VA":1798.97,"ADPDEF_EXP":0.04,"EDUCAC_VA":1282.15,"EDUCAC_EXP":34.8,"SALUDH_VA":37.03,"SALUDH_EXP":26.13,"ESPARC_VA":23.75,"ESPARC_EXP":26.27,"OTRSER_VA":42.12,"OTRSER_EXP":18.46,"SERHOG_VA":69.82,"SERHOG_EXP":0.0}},{"type":"Feature","geometry":{"type":"Point","coordinates":[35.24,38.96]},"properties":{"id":"TUR","name":"Turquía","continent":"europe","year":2000,"AGRPFO_VA":26019.52,"AGRPFO_EXP":2123.25,"FORLOG_VA":912.99,"FORLOG_EXP":4.52,"PESCAC_VA":921.82,"PESCAC_EXP":27.64,"MINCOL_VA":780.5,"MINCOL_EXP":2.79,"PETGAS_VA":445.52,"PETGAS_EXP":130.08,"MINORE_VA":1184.24,"MINORE_EXP":78.29,"MINOTH_VA":627.24,"MINOTH_EXP":181.1,"MINSER_VA":136.36,"MINSER_EXP":72.23,"ALYBEB_VA":8280.39,"ALYBEB_EXP":2513.46,"TEXYPR_VA":13810.49,"TEXYPR_EXP":7532.86,"MADYPR_VA":474.47,"MADYPR_EXP":90.68,"PAPYPR_VA":1408.63,"PAPYPR_EXP":224.13,"PETREF_VA":1199.04,"PETREF_EXP":1013.58,"QUIMYP_VA":2153.06,"QUIMYP_EXP":857.35,"FARMED_VA":1436.94,"FARMED_EXP":127.25,"HUPLAS_VA":2154.4,"HUPLAS_EXP":1015.75,"PRNOMT_VA":3458.21,"PRNOMT_EXP":734.63,"METBAS_VA":2774.62,"METBAS_EXP":1609.33,"NONFER_VA":878.86,"NONFER_EXP":576.44,"PRMETA_VA":3462.11,"PRMETA_EXP":778.67,"ELCTRO_VA":927.04,"ELCTRO_EXP":684.13,"ELCTRI_VA":1368.57,"ELCTRI_EXP":983.23,"MAQYEQ_VA":2306.06,"MAQYEQ_EXP":1069.67,"AUTOMO_VA":2963.27,"AUTOMO_EXP":1509.18,"OTRTRA_VA":204.8,"OTRTRA_EXP":164.28,"TRANSP_VA":477.91,"TRANSP_EXP":215.07,"OTRMAN_VA":2089.95,"OTRMAN_EXP":1150.81,"ELEGAS_VA":4125.08,"ELEGAS_EXP":78.44,"AGUBAS_VA":1668.82,"AGUBAS_EXP":19.84,"CONSTR_VA":15911.47,"CONSTR_EXP":175.48,"COMREV_VA":34550.13,"COMREV_EXP":5853.92,"TRATIE_VA":22956.47,"TRATIE_EXP":4050.73,"TRAGUA_VA":1572.92,"TRAGUA_EXP":1116.6,"TRAAIR_VA":1672.07,"TRAAIR_EXP":1661.12,"ALMSTR_VA":2042.13,"ALMSTR_EXP":832.09,"POSTME_VA":688.79,"POSTME_EXP":82.67,"HOTYRE_VA":6546.8,"HOTYRE_EXP":2441.52,"MMTVRA_VA":1580.15,"MMTVRA_EXP":424.76,"TELECO_VA":4140.03,"TELECO_EXP":1058.42,"ITSERV_VA":597.34,"ITSERV_EXP":186.76,"SERFIN_VA":13889.43,"SERFIN_EXP":2418.89,"GOBEST_VA":18067.24,"GOBEST_EXP":701.26,"SPRSCT_VA":4960.35,"SPRSCT_EXP":1214.45,"SEAEMP_VA":6752.05,"SEAEMP_EXP":3023.64,"ADPDEF_VA":21358.56,"ADPDEF_EXP":3.52,"EDUCAC_VA":1423.9,"EDUCAC_EXP":136.43,"SALUDH_VA":4812.93,"SALUDH_EXP":91.63,"ESPARC_VA":640.05,"ESPARC_EXP":266.53,"OTRSER_VA":2537.19,"OTRSER_EXP":104.6,"SERHOG_VA":90.55,"SERHOG_EXP":0.0}},{"type":"Feature","geometry":{"type":"Point","coordinates":[120.96,23.7]},"properties":{"id":"TWN","name":"Taiwán","continent":"asia","year":2000,"AGRPFO_VA":4991.32,"AGRPFO_EXP":188.78,"FORLOG_VA":40.15,"FORLOG_EXP":13.05,"PESCAC_VA":1462.05,"PESCAC_EXP":464.71,"MINCOL_VA":69.76,"MINCOL_EXP":7.39,"PETGAS_VA":220.8,"PETGAS_EXP":28.52,"MINORE_VA":51.08,"MINORE_EXP":6.56,"MINOTH_VA":442.63,"MINOTH_EXP":7.34,"MINSER_VA":236.7,"MINSER_EXP":9.39,"ALYBEB_VA":5229.68,"ALYBEB_EXP":1800.54,"TEXYPR_VA":5818.22,"TEXYPR_EXP":9646.16,"MADYPR_VA":261.06,"MADYPR_EXP":372.11,"PAPYPR_VA":2260.3,"PAPYPR_EXP":1047.24,"PETREF_VA":4176.71,"PETREF_EXP":4213.17,"QUIMYP_VA":6587.99,"QUIMYP_EXP":10227.89,"FARMED_VA":575.19,"FARMED_EXP":203.84,"HUPLAS_VA":4030.04,"HUPLAS_EXP":7075.99,"PRNOMT_VA":2724.01,"PRNOMT_EXP":1106.55,"METBAS_VA":4024.92,"METBAS_EXP":5304.45,"NONFER_VA":850.75,"NONFER_EXP":2316.69,"PRMETA_VA":6150.27,"PRMETA_EXP":7747.31,"ELCTRO_VA":25981.32,"ELCTRO_EXP":61523.15,"ELCTRI_VA":2707.85,"ELCTRI_EXP":5073.22,"MAQYEQ_VA":3766.22,"MAQYEQ_EXP":10074.12,"AUTOMO_VA":3029.55,"AUTOMO_EXP":2345.87,"OTRTRA_VA":1955.92,"OTRTRA_EXP":487.39,"TRANSP_VA":1687.46,"TRANSP_EXP":3022.81,"OTRMAN_VA":4576.26,"OTRMAN_EXP":2178.02,"ELEGAS_VA":6177.73,"ELEGAS_EXP":1.37,"AGUBAS_VA":1532.78,"AGUBAS_EXP":3.18,"CONSTR_VA":10119.39,"CONSTR_EXP":72.06,"COMREV_VA":53777.66,"COMREV_EXP":21210.63,"TRATIE_VA":5512.66,"TRATIE_EXP":2029.41,"TRAGUA_VA":1192.23,"TRAGUA_EXP":1028.69,"TRAAIR_VA":1632.9,"TRAAIR_EXP":1804.81,"ALMSTR_VA":3924.26,"ALMSTR_EXP":956.24,"POSTME_VA":813.25,"POSTME_EXP":53.35,"HOTYRE_VA":6535.91,"HOTYRE_EXP":872.19,"MMTVRA_VA":2325.74,"MMTVRA_EXP":463.78,"TELECO_VA":7489.19,"TELECO_EXP":398.02,"ITSERV_VA":2193.26,"ITSERV_EXP":148.28,"SERFIN_VA":26367.93,"SERFIN_EXP":971.68,"GOBEST_VA":26323.37,"GOBEST_EXP":90.5,"SPRSCT_VA":8892.56,"SPRSCT_EXP":879.74,"SEAEMP_VA":4281.34,"SEAEMP_EXP":389.42,"ADPDEF_VA":25587.18,"ADPDEF_EXP":0.0,"EDUCAC_VA":13448.43,"EDUCAC_EXP":87.22,"SALUDH_VA":8307.87,"SALUDH_EXP":491.54,"ESPARC_VA":2480.33,"ESPARC_EXP":246.02,"OTRSER_VA":8104.76,"OTRSER_EXP":29.95,"SERHOG_VA":2371.65,"SERHOG_EXP":0.0}},{"type":"Feature","geometry":{"type":"Point","coordinates":[31.17,48.38]},"properties":{"id":"UKR","name":"Ucrania","continent":"europe","year":2000,"AGRPFO_VA":3285.43,"AGRPFO_EXP":429.39,"FORLOG_VA":376.56,"FORLOG_EXP":60.54,"PESCAC_VA":14.55,"PESCAC_EXP":6.12,"MINCOL_VA":556.91,"MINCOL_EXP":265.28,"PETGAS_VA":579.81,"PETGAS_EXP":175.53,"MINORE_VA":585.22,"MINORE_EXP":90.83,"MINOTH_VA":134.09,"MINOTH_EXP":140.32,"MINSER_VA":27.5,"MINSER_EXP":412.69,"ALYBEB_VA":1393.4,"ALYBEB_EXP":1505.52,"TEXYPR_VA":224.87,"TEXYPR_EXP":220.83,"MADYPR_VA":91.48,"MADYPR_EXP":223.7,"PAPYPR_VA":234.88,"PAPYPR_EXP":294.84,"PETREF_VA":220.5,"PETREF_EXP":242.95,"QUIMYP_VA":280.7,"QUIMYP_EXP":568.52,"FARMED_VA":98.61,"FARMED_EXP":61.43,"HUPLAS_VA":169.36,"HUPLAS_EXP":76.21,"PRNOMT_VA":271.75,"PRNOMT_EXP":101.88,"METBAS_VA":650.54,"METBAS_EXP":2420.47,"NONFER_VA":65.51,"NONFER_EXP":136.06,"PRMETA_VA":193.42,"PRMETA_EXP":168.98,"ELCTRO_VA":80.62,"ELCTRO_EXP":180.82,"ELCTRI_VA":221.08,"ELCTRI_EXP":270.51,"MAQYEQ_VA":375.38,"MAQYEQ_EXP":456.32,"AUTOMO_VA":78.07,"AUTOMO_EXP":109.62,"OTRTRA_VA":13.72,"OTRTRA_EXP":38.19,"TRANSP_VA":625.52,"TRANSP_EXP":269.88,"OTRMAN_VA":334.22,"OTRMAN_EXP":439.72,"ELEGAS_VA":1812.9,"ELEGAS_EXP":43.59,"AGUBAS_VA":365.77,"AGUBAS_EXP":3.8,"CONSTR_VA":1145.48,"CONSTR_EXP":17.41,"COMREV_VA":3284.01,"COMREV_EXP":895.23,"TRATIE_VA":1870.07,"TRATIE_EXP":702.16,"TRAGUA_VA":209.4,"TRAGUA_EXP":146.87,"TRAAIR_VA":205.39,"TRAAIR_EXP":260.83,"ALMSTR_VA":927.21,"ALMSTR_EXP":453.08,"POSTME_VA":79.08,"POSTME_EXP":27.59,"HOTYRE_VA":193.81,"HOTYRE_EXP":196.62,"MMTVRA_VA":139.34,"MMTVRA_EXP":56.92,"TELECO_VA":555.1,"TELECO_EXP":84.68,"ITSERV_VA":300.08,"ITSERV_EXP":494.77,"SERFIN_VA":935.28,"SERFIN_EXP":434.01,"GOBEST_VA":1069.33,"GOBEST_EXP":46.02,"SPRSCT_VA":616.33,"SPRSCT_EXP":156.06,"SEAEMP_VA":251.5,"SEAEMP_EXP":54.68,"ADPDEF_VA":1293.44,"ADPDEF_EXP":0.52,"EDUCAC_VA":1298.63,"EDUCAC_EXP":19.7,"SALUDH_VA":812.37,"SALUDH_EXP":9.44,"ESPARC_VA":155.63,"ESPARC_EXP":21.91,"OTRSER_VA":186.27,"OTRSER_EXP":9.43,"SERHOG_VA":0.43,"SERHOG_EXP":0.0}},{"type":"Feature","geometry":{"type":"Point","coordinates":[-95.71,37.09]},"properties":{"id":"USA","name":"Estados Unidos","continent":"america","year":2000,"AGRPFO_VA":105406.26,"AGRPFO_EXP":19746.74,"FORLOG_VA":9547.42,"FORLOG_EXP":1166.97,"PESCAC_VA":2756.77,"PESCAC_EXP":1913.41,"MINCOL_VA":12429.75,"MINCOL_EXP":1748.91,"PETGAS_VA":64982.28,"PETGAS_EXP":2557.05,"MINORE_VA":4378.31,"MINORE_EXP":2760.47,"MINOTH_VA":10662.64,"MINOTH_EXP":1300.31,"MINSER_VA":13867.04,"MINSER_EXP":841.44,"ALYBEB_VA":146989.7,"ALYBEB_EXP":26822.91,"TEXYPR_VA":51732.05,"TEXYPR_EXP":18219.53,"MADYPR_VA":28872.64,"MADYPR_EXP":4281.08,"PAPYPR_VA":107968.99,"PAPYPR_EXP":16545.8,"PETREF_VA":47174.19,"PETREF_EXP":12497.53,"QUIMYP_VA":109728.6,"QUIMYP_EXP":47795.58,"FARMED_VA":81885.58,"FARMED_EXP":13414.49,"HUPLAS_VA":66956.39,"HUPLAS_EXP":15123.44,"PRNOMT_VA":50529.1,"PRNOMT_EXP":6899.35,"METBAS_VA":24742.95,"METBAS_EXP":5932.93,"NONFER_VA":35333.73,"NONFER_EXP":15145.53,"PRMETA_VA":121960.44,"PRMETA_EXP":18033.3,"ELCTRO_VA":230121.72,"ELCTRO_EXP":136251.02,"ELCTRI_VA":46554.39,"ELCTRI_EXP":23320.22,"MAQYEQ_VA":115681.53,"MAQYEQ_EXP":68911.74,"AUTOMO_VA":131835.28,"AUTOMO_EXP":57033.45,"OTRTRA_VA":10036.63,"OTRTRA_EXP":1125.46,"TRANSP_VA":61869.51,"TRANSP_EXP":45216.81,"OTRMAN_VA":106241.46,"OTRMAN_EXP":18293.51,"ELEGAS_VA":159099.56,"ELEGAS_EXP":1930.77,"AGUBAS_VA":29861.17,"AGUBAS_EXP":25.14,"CONSTR_VA":469715.28,"CONSTR_EXP":7.9,"COMREV_VA":1131282.22,"COMREV_EXP":132925.95,"TRATIE_VA":152662.04,"TRATIE_EXP":23771.82,"TRAGUA_VA":8340.68,"TRAGUA_EXP":6618.11,"TRAAIR_VA":48902.1,"TRAAIR_EXP":29598.61,"ALMSTR_VA":61644.89,"ALMSTR_EXP":2405.13,"POSTME_VA":80424.14,"POSTME_EXP":5066.92,"HOTYRE_VA":258952.33,"HOTYRE_EXP":27182.84,"MMTVRA_VA":214972.93,"MMTVRA_EXP":30537.64,"TELECO_VA":204479.39,"TELECO_EXP":9486.44,"ITSERV_VA":137684.04,"ITSERV_EXP":7825.24,"SERFIN_VA":736213.9,"SERFIN_EXP":45385.8,"GOBEST_VA":1109080.5,"GOBEST_EXP":7549.72,"SPRSCT_VA":704830.86,"SPRSCT_EXP":47645.86,"SEAEMP_VA":386508.47,"SEAEMP_EXP":28775.74,"ADPDEF_VA":860457.88,"ADPDEF_EXP":2040.65,"EDUCAC_VA":536821.83,"EDUCAC_EXP":16322.16,"SALUDH_VA":599541.85,"SALUDH_EXP":1357.84,"ESPARC_VA":92824.95,"ESPARC_EXP":3893.51,"OTRSER_VA":173396.51,"OTRSER_EXP":1683.04,"SERHOG_VA":13765.78,"SERHOG_EXP":0.0}},{"type":"Feature","geometry":{"type":"Point","coordinates":[108.28,14.06]},"properties":{"id":"VNM","name":"Vietnam","continent":"asia","year":2000,"AGRPFO_VA":4444.29,"AGRPFO_EXP":765.15,"FORLOG_VA":358.09,"FORLOG_EXP":51.22,"PESCAC_VA":1116.22,"PESCAC_EXP":167.25,"MINCOL_VA":155.43,"MINCOL_EXP":119.1,"PETGAS_VA":3238.11,"PETGAS_EXP":2698.17,"MINORE_VA":16.7,"MINORE_EXP":10.55,"MINOTH_VA":90.61,"MINOTH_EXP":5.38,"MINSER_VA":59.62,"MINSER_EXP":2.52,"ALYBEB_VA":1389.29,"ALYBEB_EXP":2378.03,"TEXYPR_VA":1934.55,"TEXYPR_EXP":3495.99,"MADYPR_VA":152.35,"MADYPR_EXP":378.47,"PAPYPR_VA":219.38,"PAPYPR_EXP":58.39,"PETREF_VA":240.31,"PETREF_EXP":88.29,"QUIMYP_VA":344.67,"QUIMYP_EXP":75.12,"FARMED_VA":97.95,"FARMED_EXP":31.65,"HUPLAS_VA":318.9,"HUPLAS_EXP":65.08,"PRNOMT_VA":548.41,"PRNOMT_EXP":72.62,"METBAS_VA":173.81,"METBAS_EXP":54.85,"NONFER_VA":40.03,"NONFER_EXP":32.98,"PRMETA_VA":324.18,"PRMETA_EXP":793.43,"ELCTRO_VA":435.79,"ELCTRO_EXP":335.91,"ELCTRI_VA":200.66,"ELCTRI_EXP":245.12,"MAQYEQ_VA":174.39,"MAQYEQ_EXP":400.09,"AUTOMO_VA":79.09,"AUTOMO_EXP":4.72,"OTRTRA_VA":6.21,"OTRTRA_EXP":18.67,"TRANSP_VA":50.56,"TRANSP_EXP":5.69,"OTRMAN_VA":474.89,"OTRMAN_EXP":465.37,"ELEGAS_VA":1143.11,"ELEGAS_EXP":12.96,"AGUBAS_VA":222.75,"AGUBAS_EXP":0.23,"CONSTR_VA":1811.63,"CONSTR_EXP":2.62,"COMREV_VA":2619.01,"COMREV_EXP":1072.68,"TRATIE_VA":408.84,"TRATIE_EXP":265.89,"TRAGUA_VA":153.31,"TRAGUA_EXP":206.44,"TRAAIR_VA":173.29,"TRAAIR_EXP":366.33,"ALMSTR_VA":198.7,"ALMSTR_EXP":215.5,"POSTME_VA":60.99,"POSTME_EXP":70.05,"HOTYRE_VA":910.85,"HOTYRE_EXP":519.52,"MMTVRA_VA":112.83,"MMTVRA_EXP":39.35,"TELECO_VA":386.49,"TELECO_EXP":96.2,"ITSERV_VA":140.94,"ITSERV_EXP":83.69,"SERFIN_VA":703.57,"SERFIN_EXP":282.57,"GOBEST_VA":698.14,"GOBEST_EXP":52.97,"SPRSCT_VA":647.37,"SPRSCT_EXP":130.4,"SEAEMP_VA":185.73,"SEAEMP_EXP":123.3,"ADPDEF_VA":762.21,"ADPDEF_EXP":0.77,"EDUCAC_VA":890.61,"EDUCAC_EXP":17.83,"SALUDH_VA":391.83,"SALUDH_EXP":13.92,"ESPARC_VA":262.75,"ESPARC_EXP":130.56,"OTRSER_VA":232.36,"OTRSER_EXP":14.83,"SERHOG_VA":47.52,"SERHOG_EXP":0.0}},{"type":"Feature","geometry":{"type":"Point","coordinates":[22.94,-30.56]},"properties":{"id":"ZAF","name":"Sudáfrica","continent":"other","year":2000,"AGRPFO_VA":2635.17,"AGRPFO_EXP":870.57,"FORLOG_VA":145.9,"FORLOG_EXP":8.89,"PESCAC_VA":255.82,"PESCAC_EXP":29.52,"MINCOL_VA":1649.98,"MINCOL_EXP":2080.9,"PETGAS_VA":128.78,"PETGAS_EXP":302.4,"MINORE_VA":6629.08,"MINORE_EXP":9695.47,"MINOTH_VA":586.91,"MINOTH_EXP":1124.67,"MINSER_VA":97.26,"MINSER_EXP":5.43,"ALYBEB_VA":3815.45,"ALYBEB_EXP":759.34,"TEXYPR_VA":929.12,"TEXYPR_EXP":142.46,"MADYPR_VA":307.6,"MADYPR_EXP":113.57,"PAPYPR_VA":1277.45,"PAPYPR_EXP":462.22,"PETREF_VA":2070.38,"PETREF_EXP":710.18,"QUIMYP_VA":1749.91,"QUIMYP_EXP":1872.33,"FARMED_VA":311.36,"FARMED_EXP":92.7,"HUPLAS_VA":609.65,"HUPLAS_EXP":161.57,"PRNOMT_VA":883.14,"PRNOMT_EXP":88.72,"METBAS_VA":1812.15,"METBAS_EXP":2771.12,"NONFER_VA":475.41,"NONFER_EXP":1391.12,"PRMETA_VA":1089.91,"PRMETA_EXP":599.27,"ELCTRO_VA":325.12,"ELCTRO_EXP":200.62,"ELCTRI_VA":613.81,"ELCTRI_EXP":343.71,"MAQYEQ_VA":1432.43,"MAQYEQ_EXP":1389.7,"AUTOMO_VA":1754.14,"AUTOMO_EXP":1916.12,"OTRTRA_VA":35.05,"OTRTRA_EXP":56.19,"TRANSP_VA":227.58,"TRANSP_EXP":437.89,"OTRMAN_VA":1178.21,"OTRMAN_EXP":513.6,"ELEGAS_VA":2689.22,"ELEGAS_EXP":36.62,"AGUBAS_VA":1466.76,"AGUBAS_EXP":0.17,"CONSTR_VA":3875.17,"CONSTR_EXP":52.06,"COMREV_VA":12590.26,"COMREV_EXP":2744.75,"TRATIE_VA":3452.56,"TRATIE_EXP":912.22,"TRAGUA_VA":167.19,"TRAGUA_EXP":148.34,"TRAAIR_VA":387.1,"TRAAIR_EXP":491.73,"ALMSTR_VA":1563.76,"ALMSTR_EXP":573.44,"POSTME_VA":253.61,"POSTME_EXP":47.97,"HOTYRE_VA":1430.48,"HOTYRE_EXP":376.59,"MMTVRA_VA":1275.95,"MMTVRA_EXP":203.03,"TELECO_VA":7977.71,"TELECO_EXP":567.67,"ITSERV_VA":2696.32,"ITSERV_EXP":121.77,"SERFIN_VA":20550.62,"SERFIN_EXP":707.32,"GOBEST_VA":9926.21,"GOBEST_EXP":178.0,"SPRSCT_VA":5731.21,"SPRSCT_EXP":123.54,"SEAEMP_VA":3429.52,"SEAEMP_EXP":180.66,"ADPDEF_VA":4844.92,"ADPDEF_EXP":4.57,"EDUCAC_VA":3904.88,"EDUCAC_EXP":326.25,"SALUDH_VA":2923.49,"SALUDH_EXP":35.26,"ESPARC_VA":1761.73,"ESPARC_EXP":89.52,"OTRSER_VA":792.67,"OTRSER_EXP":29.32,"SERHOG_VA":18736.23,"SERHOG_EXP":0.0}}]}