{"type":"FeatureCollection","features":[{"type":"Feature","geometry":{"type":"Point","coordinates":[13.23,-8.84]},"properties":{"id":"AGO","name":"Angola","continent":"other","year":1996,"AGRPFO_VA":405.74,"AGRPFO_EXP":509.98,"FORLOG_VA":31.55,"FORLOG_EXP":1.87,"PESCAC_VA":60.01,"PESCAC_EXP":0.59,"MINCOL_VA":2.55,"MINCOL_EXP":0.14,"PETGAS_VA":3170.12,"PETGAS_EXP":4593.18,"MINORE_VA":2.24,"MINORE_EXP":0.99,"MINOTH_VA":501.85,"MINOTH_EXP":811.24,"MINSER_VA":251.42,"MINSER_EXP":36.78,"ALYBEB_VA":80.3,"ALYBEB_EXP":156.11,"TEXYPR_VA":39.76,"TEXYPR_EXP":5.16,"MADYPR_VA":1.5,"MADYPR_EXP":0.71,"PAPYPR_VA":6.19,"PAPYPR_EXP":0.61,"PETREF_VA":73.84,"PETREF_EXP":201.93,"QUIMYP_VA":30.14,"QUIMYP_EXP":1.56,"FARMED_VA":12.94,"FARMED_EXP":0.62,"HUPLAS_VA":7.68,"HUPLAS_EXP":0.42,"PRNOMT_VA":13.44,"PRNOMT_EXP":0.14,"METBAS_VA":4.35,"METBAS_EXP":0.33,"NONFER_VA":1.15,"NONFER_EXP":1.11,"PRMETA_VA":8.46,"PRMETA_EXP":0.59,"ELCTRO_VA":28.64,"ELCTRO_EXP":2.9,"ELCTRI_VA":11.57,"ELCTRI_EXP":0.88,"MAQYEQ_VA":46.3,"MAQYEQ_EXP":5.61,"AUTOMO_VA":32.69,"AUTOMO_EXP":1.22,"OTRTRA_VA":1.39,"OTRTRA_EXP":0.1,"TRANSP_VA":0.78,"TRANSP_EXP":1.0,"OTRMAN_VA":12.19,"OTRMAN_EXP":3.42,"ELEGAS_VA":312.44,"ELEGAS_EXP":0.3,"AGUBAS_VA":36.6,"AGUBAS_EXP":0.38,"CONSTR_VA":442.05,"CONSTR_EXP":0.93,"COMREV_VA":669.89,"COMREV_EXP":213.16,"TRATIE_VA":143.35,"TRATIE_EXP":66.67,"TRAGUA_VA":40.26,"TRAGUA_EXP":56.67,"TRAAIR_VA":38.77,"TRAAIR_EXP":43.97,"ALMSTR_VA":46.99,"ALMSTR_EXP":23.93,"POSTME_VA":22.11,"POSTME_EXP":0.89,"HOTYRE_VA":122.52,"HOTYRE_EXP":75.6,"MMTVRA_VA":67.49,"MMTVRA_EXP":39.89,"TELECO_VA":97.45,"TELECO_EXP":23.95,"ITSERV_VA":73.69,"ITSERV_EXP":47.18,"SERFIN_VA":193.95,"SERFIN_EXP":98.93,"GOBEST_VA":359.18,"GOBEST_EXP":17.49,"SPRSCT_VA":98.39,"SPRSCT_EXP":35.28,"SEAEMP_VA":79.59,"SEAEMP_EXP":39.55,"ADPDEF_VA":584.57,"ADPDEF_EXP":2.45,"EDUCAC_VA":466.29,"EDUCAC_EXP":4.34,"SALUDH_VA":98.45,"SALUDH_EXP":3.06,"ESPARC_VA":15.43,"ESPARC_EXP":8.28,"OTRSER_VA":53.09,"OTRSER_EXP":3.62,"SERHOG_VA":0.0,"SERHOG_EXP":0.0}},{"type":"Feature","geometry":{"type":"Point","coordinates":[53.85,23.42]},"properties":{"id":"ARE","name":"Emiratos Árabes","continent":"other","year":1996,"AGRPFO_VA":1041.79,"AGRPFO_EXP":19.48,"FORLOG_VA":81.6,"FORLOG_EXP":0.47,"PESCAC_VA":108.8,"PESCAC_EXP":57.98,"MINCOL_VA":136.23,"MINCOL_EXP":2.09,"PETGAS_VA":18630.79,"PETGAS_EXP":22979.14,"MINORE_VA":2709.27,"MINORE_EXP":27.43,"MINOTH_VA":723.98,"MINOTH_EXP":3145.23,"MINSER_VA":1714.83,"MINSER_EXP":255.13,"ALYBEB_VA":901.07,"ALYBEB_EXP":336.64,"TEXYPR_VA":535.59,"TEXYPR_EXP":53.21,"MADYPR_VA":50.89,"MADYPR_EXP":3.2,"PAPYPR_VA":178.12,"PAPYPR_EXP":48.86,"PETREF_VA":2430.45,"PETREF_EXP":3858.46,"QUIMYP_VA":812.45,"QUIMYP_EXP":1096.37,"FARMED_VA":391.14,"FARMED_EXP":17.39,"HUPLAS_VA":248.89,"HUPLAS_EXP":25.59,"PRNOMT_VA":400.23,"PRNOMT_EXP":76.38,"METBAS_VA":139.07,"METBAS_EXP":17.88,"NONFER_VA":497.68,"NONFER_EXP":471.74,"PRMETA_VA":286.0,"PRMETA_EXP":36.84,"ELCTRO_VA":725.9,"ELCTRO_EXP":13.64,"ELCTRI_VA":353.68,"ELCTRI_EXP":32.65,"MAQYEQ_VA":307.39,"MAQYEQ_EXP":25.6,"AUTOMO_VA":333.85,"AUTOMO_EXP":9.32,"OTRTRA_VA":47.53,"OTRTRA_EXP":8.91,"TRANSP_VA":124.22,"TRANSP_EXP":0.43,"OTRMAN_VA":390.4,"OTRMAN_EXP":39.0,"ELEGAS_VA":1923.56,"ELEGAS_EXP":49.13,"AGUBAS_VA":467.87,"AGUBAS_EXP":3.09,"CONSTR_VA":9007.15,"CONSTR_EXP":36.25,"COMREV_VA":5527.94,"COMREV_EXP":902.69,"TRATIE_VA":605.71,"TRATIE_EXP":191.73,"TRAGUA_VA":293.39,"TRAGUA_EXP":85.78,"TRAAIR_VA":449.34,"TRAAIR_EXP":94.76,"ALMSTR_VA":539.24,"ALMSTR_EXP":76.24,"POSTME_VA":265.52,"POSTME_EXP":2.81,"HOTYRE_VA":1260.76,"HOTYRE_EXP":490.89,"MMTVRA_VA":801.33,"MMTVRA_EXP":35.36,"TELECO_VA":1151.41,"TELECO_EXP":23.52,"ITSERV_VA":811.25,"ITSERV_EXP":21.06,"SERFIN_VA":2403.2,"SERFIN_EXP":61.04,"GOBEST_VA":4228.65,"GOBEST_EXP":105.16,"SPRSCT_VA":1203.44,"SPRSCT_EXP":185.0,"SEAEMP_VA":924.0,"SEAEMP_EXP":106.24,"ADPDEF_VA":4246.98,"ADPDEF_EXP":3.09,"EDUCAC_VA":929.28,"EDUCAC_EXP":28.1,"SALUDH_VA":1061.37,"SALUDH_EXP":19.26,"ESPARC_VA":159.17,"ESPARC_EXP":42.91,"OTRSER_VA":624.15,"OTRSER_EXP":22.14,"SERHOG_VA":336.01,"SERHOG_EXP":0.0}},{"type":"Feature","geometry":{"type":"Point","coordinates":[-63.62,-38.42]},"properties":{"id":"ARG","name":"Argentina","continent":"america","year":1996,"AGRPFO_VA":22436.62,"AGRPFO_EXP":3545.75,"FORLOG_VA":521.76,"FORLOG_EXP":32.42,"PESCAC_VA":847.33,"PESCAC_EXP":17.51,"MINCOL_VA":12.83,"MINCOL_EXP":0.22,"PETGAS_VA":11542.39,"PETGAS_EXP":2101.94,"MINORE_VA":1078.13,"MINORE_EXP":65.28,"MINOTH_VA":657.74,"MINOTH_EXP":29.66,"MINSER_VA":943.92,"MINSER_EXP":1.1,"ALYBEB_VA":13859.13,"ALYBEB_EXP":6181.88,"TEXYPR_VA":5007.59,"TEXYPR_EXP":1206.98,"MADYPR_VA":1291.23,"MADYPR_EXP":80.53,"PAPYPR_VA":3827.01,"PAPYPR_EXP":314.94,"PETREF_VA":2249.29,"PETREF_EXP":698.25,"QUIMYP_VA":7017.53,"QUIMYP_EXP":983.9,"FARMED_VA":4065.51,"FARMED_EXP":302.39,"HUPLAS_VA":2762.31,"HUPLAS_EXP":415.41,"PRNOMT_VA":1997.58,"PRNOMT_EXP":103.07,"METBAS_VA":4113.36,"METBAS_EXP":741.6,"NONFER_VA":778.02,"NONFER_EXP":191.51,"PRMETA_VA":2796.96,"PRMETA_EXP":230.15,"ELCTRO_VA":838.77,"ELCTRO_EXP":152.62,"ELCTRI_VA":1020.86,"ELCTRI_EXP":214.09,"MAQYEQ_VA":2519.27,"MAQYEQ_EXP":603.96,"AUTOMO_VA":2296.07,"AUTOMO_EXP":1692.32,"OTRTRA_VA":66.48,"OTRTRA_EXP":51.2,"TRANSP_VA":232.08,"TRANSP_EXP":49.13,"OTRMAN_VA":2217.31,"OTRMAN_EXP":186.74,"ELEGAS_VA":4352.85,"ELEGAS_EXP":12.48,"AGUBAS_VA":727.78,"AGUBAS_EXP":0.02,"CONSTR_VA":9001.95,"CONSTR_EXP":3.39,"COMREV_VA":34162.93,"COMREV_EXP":3423.12,"TRATIE_VA":7939.78,"TRATIE_EXP":369.65,"TRAGUA_VA":215.54,"TRAGUA_EXP":21.08,"TRAAIR_VA":501.68,"TRAAIR_EXP":470.41,"ALMSTR_VA":3019.14,"ALMSTR_EXP":706.9,"POSTME_VA":546.5,"POSTME_EXP":22.44,"HOTYRE_VA":4128.13,"HOTYRE_EXP":653.16,"MMTVRA_VA":502.4,"MMTVRA_EXP":99.77,"TELECO_VA":4614.39,"TELECO_EXP":328.07,"ITSERV_VA":1105.84,"ITSERV_EXP":10.45,"SERFIN_VA":8806.86,"SERFIN_EXP":186.56,"GOBEST_VA":22673.49,"GOBEST_EXP":86.37,"SPRSCT_VA":9665.28,"SPRSCT_EXP":369.48,"SEAEMP_VA":4152.06,"SEAEMP_EXP":404.92,"ADPDEF_VA":17085.65,"ADPDEF_EXP":0.01,"EDUCAC_VA":12110.7,"EDUCAC_EXP":45.22,"SALUDH_VA":7757.84,"SALUDH_EXP":21.4,"ESPARC_VA":1043.86,"ESPARC_EXP":79.99,"OTRSER_VA":3504.95,"OTRSER_EXP":24.11,"SERHOG_VA":4134.28,"SERHOG_EXP":0.0}},{"type":"Feature","geometry":{"type":"Point","coordinates":[133.78,-25.27]},"properties":{"id":"AUS","name":"Australia","continent":"other","year":1996,"AGRPFO_VA":11546.37,"AGRPFO_EXP":5019.03,"FORLOG_VA":466.31,"FORLOG_EXP":66.69,"PESCAC_VA":2063.7,"PESCAC_EXP":279.7,"MINCOL_VA":3720.29,"MINCOL_EXP":5021.1,"PETGAS_VA":6268.67,"PETGAS_EXP":2387.18,"MINORE_VA":5501.25,"MINORE_EXP":4086.87,"MINOTH_VA":900.07,"MINOTH_EXP":385.55,"MINSER_VA":1959.06,"MINSER_EXP":37.26,"ALYBEB_VA":11275.1,"ALYBEB_EXP":6052.38,"TEXYPR_VA":2583.99,"TEXYPR_EXP":1620.24,"MADYPR_VA":2213.4,"MADYPR_EXP":381.66,"PAPYPR_VA":4290.56,"PAPYPR_EXP":396.47,"PETREF_VA":1221.03,"PETREF_EXP":1254.62,"QUIMYP_VA":1793.37,"QUIMYP_EXP":1382.48,"FARMED_VA":1983.77,"FARMED_EXP":619.78,"HUPLAS_VA":2516.91,"HUPLAS_EXP":538.99,"PRNOMT_VA":2394.94,"PRNOMT_EXP":313.64,"METBAS_VA":2025.21,"METBAS_EXP":1289.37,"NONFER_VA":4041.75,"NONFER_EXP":10123.52,"PRMETA_VA":4540.53,"PRMETA_EXP":680.25,"ELCTRO_VA":3026.07,"ELCTRO_EXP":991.51,"ELCTRI_VA":666.96,"ELCTRI_EXP":697.09,"MAQYEQ_VA":2259.91,"MAQYEQ_EXP":1386.01,"AUTOMO_VA":2762.37,"AUTOMO_EXP":1200.62,"OTRTRA_VA":994.41,"OTRTRA_EXP":372.07,"TRANSP_VA":1621.88,"TRANSP_EXP":300.65,"OTRMAN_VA":4325.8,"OTRMAN_EXP":582.35,"ELEGAS_VA":7726.26,"ELEGAS_EXP":85.55,"AGUBAS_VA":3332.84,"AGUBAS_EXP":2.1,"CONSTR_VA":25584.5,"CONSTR_EXP":133.0,"COMREV_VA":45914.35,"COMREV_EXP":10740.54,"TRATIE_VA":7875.86,"TRATIE_EXP":1333.83,"TRAGUA_VA":880.4,"TRAGUA_EXP":389.69,"TRAAIR_VA":2634.01,"TRAAIR_EXP":4668.57,"ALMSTR_VA":7835.23,"ALMSTR_EXP":1050.07,"POSTME_VA":1719.52,"POSTME_EXP":476.15,"HOTYRE_VA":12667.69,"HOTYRE_EXP":2356.49,"MMTVRA_VA":6018.8,"MMTVRA_EXP":475.74,"TELECO_VA":9116.76,"TELECO_EXP":651.82,"ITSERV_VA":5746.25,"ITSERV_EXP":154.2,"SERFIN_VA":34862.86,"SERFIN_EXP":1292.72,"GOBEST_VA":40087.37,"GOBEST_EXP":326.29,"SPRSCT_VA":13242.82,"SPRSCT_EXP":988.87,"SEAEMP_VA":8562.43,"SEAEMP_EXP":1016.95,"ADPDEF_VA":26608.28,"ADPDEF_EXP":8.67,"EDUCAC_VA":19560.57,"EDUCAC_EXP":1088.79,"SALUDH_VA":22354.8,"SALUDH_EXP":128.7,"ESPARC_VA":3904.84,"ESPARC_EXP":471.42,"OTRSER_VA":4237.51,"OTRSER_EXP":135.91,"SERHOG_VA":0.0,"SERHOG_EXP":0.0}},{"type":"Feature","geometry":{"type":"Point","coordinates":[14.55,47.52]},"properties":{"id":"AUT","name":"Austria","continent":"europe","year":1996,"AGRPFO_VA":3684.93,"AGRPFO_EXP":703.03,"FORLOG_VA":1080.49,"FORLOG_EXP":76.91,"PESCAC_VA":8.86,"PESCAC_EXP":5.66,"MINCOL_VA":17.51,"MINCOL_EXP":2.12,"PETGAS_VA":104.3,"PETGAS_EXP":38.73,"MINORE_VA":78.64,"MINORE_EXP":62.41,"MINOTH_VA":422.52,"MINOTH_EXP":117.93,"MINSER_VA":25.39,"MINSER_EXP":7.14,"ALYBEB_VA":4813.0,"ALYBEB_EXP":2342.38,"TEXYPR_VA":2418.74,"TEXYPR_EXP":2978.94,"MADYPR_VA":2195.24,"MADYPR_EXP":1672.95,"PAPYPR_VA":3322.69,"PAPYPR_EXP":3075.64,"PETREF_VA":1079.33,"PETREF_EXP":433.71,"QUIMYP_VA":1657.26,"QUIMYP_EXP":2397.58,"FARMED_VA":927.59,"FARMED_EXP":1149.93,"HUPLAS_VA":1852.77,"HUPLAS_EXP":1852.39,"PRNOMT_VA":2991.43,"PRNOMT_EXP":1333.61,"METBAS_VA":1807.64,"METBAS_EXP":2416.14,"NONFER_VA":880.04,"NONFER_EXP":1321.78,"PRMETA_VA":4269.86,"PRMETA_EXP":2377.83,"ELCTRO_VA":3176.25,"ELCTRO_EXP":3862.48,"ELCTRI_VA":2560.01,"ELCTRI_EXP":2238.93,"MAQYEQ_VA":4109.71,"MAQYEQ_EXP":6170.52,"AUTOMO_VA":2419.39,"AUTOMO_EXP":4855.01,"OTRTRA_VA":50.77,"OTRTRA_EXP":24.99,"TRANSP_VA":497.1,"TRANSP_EXP":436.66,"OTRMAN_VA":3486.33,"OTRMAN_EXP":2638.57,"ELEGAS_VA":5621.44,"ELEGAS_EXP":466.73,"AGUBAS_VA":2627.46,"AGUBAS_EXP":10.75,"CONSTR_VA":17478.65,"CONSTR_EXP":342.24,"COMREV_VA":28460.13,"COMREV_EXP":9681.32,"TRATIE_VA":8120.29,"TRATIE_EXP":4058.6,"TRAGUA_VA":184.34,"TRAGUA_EXP":58.05,"TRAAIR_VA":668.63,"TRAAIR_EXP":775.29,"ALMSTR_VA":1839.01,"ALMSTR_EXP":1641.51,"POSTME_VA":1397.2,"POSTME_EXP":216.16,"HOTYRE_VA":7990.58,"HOTYRE_EXP":2449.68,"MMTVRA_VA":1427.25,"MMTVRA_EXP":496.19,"TELECO_VA":4171.26,"TELECO_EXP":527.2,"ITSERV_VA":1742.12,"ITSERV_EXP":220.01,"SERFIN_VA":12022.87,"SERFIN_EXP":2044.84,"GOBEST_VA":15311.22,"GOBEST_EXP":713.54,"SPRSCT_VA":7505.8,"SPRSCT_EXP":3457.49,"SEAEMP_VA":5711.58,"SEAEMP_EXP":843.97,"ADPDEF_VA":14016.76,"ADPDEF_EXP":225.0,"EDUCAC_VA":11960.92,"EDUCAC_EXP":5.66,"SALUDH_VA":12759.93,"SALUDH_EXP":256.59,"ESPARC_VA":2161.72,"ESPARC_EXP":611.46,"OTRSER_VA":3462.43,"OTRSER_EXP":228.98,"SERHOG_VA":271.45,"SERHOG_EXP":0.0}},{"type":"Feature","geometry":{"type":"Point","coordinates":[4.47,50.5]},"properties":{"id":"BEL","name":"Bélgica","continent":"europe","year":1996,"AGRPFO_VA":3624.0,"AGRPFO_EXP":980.04,"FORLOG_VA":153.03,"FORLOG_EXP":52.65,"PESCAC_VA":78.29,"PESCAC_EXP":31.34,"MINCOL_VA":0.0,"MINCOL_EXP":0.0,"PETGAS_VA":0.0,"PETGAS_EXP":0.0,"MINORE_VA":0.0,"MINORE_EXP":0.0,"MINOTH_VA":395.43,"MINOTH_EXP":99.59,"MINSER_VA":32.35,"MINSER_EXP":16.23,"ALYBEB_VA":6675.38,"ALYBEB_EXP":9454.71,"TEXYPR_VA":3205.61,"TEXYPR_EXP":5993.28,"MADYPR_VA":745.45,"MADYPR_EXP":673.25,"PAPYPR_VA":2961.21,"PAPYPR_EXP":1411.82,"PETREF_VA":1359.56,"PETREF_EXP":3678.89,"QUIMYP_VA":8120.73,"QUIMYP_EXP":14732.61,"FARMED_VA":2960.91,"FARMED_EXP":2851.07,"HUPLAS_VA":1942.41,"HUPLAS_EXP":2823.81,"PRNOMT_VA":2751.46,"PRNOMT_EXP":1985.18,"METBAS_VA":2955.38,"METBAS_EXP":5929.72,"NONFER_VA":927.49,"NONFER_EXP":3498.25,"PRMETA_VA":3745.84,"PRMETA_EXP":2954.99,"ELCTRO_VA":2108.8,"ELCTRO_EXP":2683.75,"ELCTRI_VA":2215.18,"ELCTRI_EXP":1962.31,"MAQYEQ_VA":2852.01,"MAQYEQ_EXP":3954.26,"AUTOMO_VA":5172.15,"AUTOMO_EXP":14208.47,"OTRTRA_VA":15.7,"OTRTRA_EXP":22.4,"TRANSP_VA":505.78,"TRANSP_EXP":454.48,"OTRMAN_VA":2000.06,"OTRMAN_EXP":2959.68,"ELEGAS_VA":6734.61,"ELEGAS_EXP":282.81,"AGUBAS_VA":1603.52,"AGUBAS_EXP":486.12,"CONSTR_VA":13283.89,"CONSTR_EXP":269.18,"COMREV_VA":31157.55,"COMREV_EXP":17506.33,"TRATIE_VA":7391.07,"TRATIE_EXP":3645.92,"TRAGUA_VA":270.16,"TRAGUA_EXP":1647.63,"TRAAIR_VA":824.36,"TRAAIR_EXP":2784.24,"ALMSTR_VA":6040.86,"ALMSTR_EXP":8131.6,"POSTME_VA":1965.81,"POSTME_EXP":890.91,"HOTYRE_VA":4146.26,"HOTYRE_EXP":1031.08,"MMTVRA_VA":2235.25,"MMTVRA_EXP":984.93,"TELECO_VA":4093.75,"TELECO_EXP":1210.93,"ITSERV_VA":1907.35,"ITSERV_EXP":1028.93,"SERFIN_VA":15862.53,"SERFIN_EXP":3106.44,"GOBEST_VA":22490.64,"GOBEST_EXP":213.32,"SPRSCT_VA":17709.72,"SPRSCT_EXP":8018.13,"SEAEMP_VA":7760.56,"SEAEMP_EXP":1193.73,"ADPDEF_VA":18687.66,"ADPDEF_EXP":86.31,"EDUCAC_VA":16474.01,"EDUCAC_EXP":181.3,"SALUDH_VA":15400.39,"SALUDH_EXP":264.29,"ESPARC_VA":1357.34,"ESPARC_EXP":394.51,"OTRSER_VA":3686.71,"OTRSER_EXP":80.19,"SERHOG_VA":596.45,"SERHOG_EXP":0.0}},{"type":"Feature","geometry":{"type":"Point","coordinates":[90.36,23.68]},"properties":{"id":"BGD","name":"Bangladesh","continent":"asia","year":1996,"AGRPFO_VA":3621.2,"AGRPFO_EXP":94.55,"FORLOG_VA":728.14,"FORLOG_EXP":1.47,"PESCAC_VA":1125.37,"PESCAC_EXP":4.96,"MINCOL_VA":1.97,"MINCOL_EXP":0.0,"PETGAS_VA":379.33,"PETGAS_EXP":1.87,"MINORE_VA":1.91,"MINORE_EXP":0.01,"MINOTH_VA":17.92,"MINOTH_EXP":0.22,"MINSER_VA":15.54,"MINSER_EXP":1.2,"ALYBEB_VA":1310.96,"ALYBEB_EXP":342.07,"TEXYPR_VA":5016.84,"TEXYPR_EXP":2249.34,"MADYPR_VA":10.65,"MADYPR_EXP":13.37,"PAPYPR_VA":65.97,"PAPYPR_EXP":1.8,"PETREF_VA":10.15,"PETREF_EXP":9.51,"QUIMYP_VA":82.95,"QUIMYP_EXP":95.16,"FARMED_VA":182.46,"FARMED_EXP":3.5,"HUPLAS_VA":710.56,"HUPLAS_EXP":15.32,"PRNOMT_VA":580.85,"PRNOMT_EXP":13.88,"METBAS_VA":202.62,"METBAS_EXP":0.36,"NONFER_VA":124.07,"NONFER_EXP":1.43,"PRMETA_VA":53.74,"PRMETA_EXP":9.29,"ELCTRO_VA":54.53,"ELCTRO_EXP":1.98,"ELCTRI_VA":100.74,"ELCTRI_EXP":16.87,"MAQYEQ_VA":12.94,"MAQYEQ_EXP":4.4,"AUTOMO_VA":7.59,"AUTOMO_EXP":1.91,"OTRTRA_VA":39.7,"OTRTRA_EXP":0.26,"TRANSP_VA":44.81,"TRANSP_EXP":5.5,"OTRMAN_VA":106.4,"OTRMAN_EXP":38.89,"ELEGAS_VA":481.52,"ELEGAS_EXP":0.85,"AGUBAS_VA":662.9,"AGUBAS_EXP":2.31,"CONSTR_VA":3258.32,"CONSTR_EXP":6.8,"COMREV_VA":4035.55,"COMREV_EXP":542.14,"TRATIE_VA":1027.65,"TRATIE_EXP":37.08,"TRAGUA_VA":322.17,"TRAGUA_EXP":61.74,"TRAAIR_VA":219.66,"TRAAIR_EXP":32.69,"ALMSTR_VA":361.98,"ALMSTR_EXP":14.52,"POSTME_VA":64.31,"POSTME_EXP":0.24,"HOTYRE_VA":919.29,"HOTYRE_EXP":14.82,"MMTVRA_VA":278.57,"MMTVRA_EXP":10.38,"TELECO_VA":717.3,"TELECO_EXP":36.4,"ITSERV_VA":234.71,"ITSERV_EXP":29.1,"SERFIN_VA":1503.06,"SERFIN_EXP":44.35,"GOBEST_VA":2069.2,"GOBEST_EXP":8.17,"SPRSCT_VA":1162.35,"SPRSCT_EXP":248.08,"SEAEMP_VA":727.99,"SEAEMP_EXP":101.11,"ADPDEF_VA":1311.33,"ADPDEF_EXP":0.83,"EDUCAC_VA":1068.48,"EDUCAC_EXP":1.63,"SALUDH_VA":1477.32,"SALUDH_EXP":1.17,"ESPARC_VA":489.58,"ESPARC_EXP":3.19,"OTRSER_VA":717.33,"OTRSER_EXP":2.55,"SERHOG_VA":0.0,"SERHOG_EXP":0.0}},{"type":"Feature","geometry":{"type":"Point","coordinates":[25.49,42.73]},"properties":{"id":"BGR","name":"Bulgaria","continent":"europe","year":1996,"AGRPFO_VA":1095.08,"AGRPFO_EXP":322.7,"FORLOG_VA":47.66,"FORLOG_EXP":16.19,"PESCAC_VA":4.61,"PESCAC_EXP":1.03,"MINCOL_VA":57.27,"MINCOL_EXP":0.4,"PETGAS_VA":13.24,"PETGAS_EXP":2.57,"MINORE_VA":79.67,"MINORE_EXP":149.26,"MINOTH_VA":27.63,"MINOTH_EXP":34.61,"MINSER_VA":0.04,"MINSER_EXP":0.03,"ALYBEB_VA":253.95,"ALYBEB_EXP":320.54,"TEXYPR_VA":146.59,"TEXYPR_EXP":246.57,"MADYPR_VA":21.78,"MADYPR_EXP":41.93,"PAPYPR_VA":27.58,"PAPYPR_EXP":60.27,"PETREF_VA":197.93,"PETREF_EXP":469.61,"QUIMYP_VA":70.17,"QUIMYP_EXP":197.28,"FARMED_VA":35.24,"FARMED_EXP":68.33,"HUPLAS_VA":32.71,"HUPLAS_EXP":51.43,"PRNOMT_VA":63.93,"PRNOMT_EXP":107.41,"METBAS_VA":74.15,"METBAS_EXP":345.96,"NONFER_VA":54.87,"NONFER_EXP":177.63,"PRMETA_VA":60.85,"PRMETA_EXP":104.48,"ELCTRO_VA":19.12,"ELCTRO_EXP":25.41,"ELCTRI_VA":33.98,"ELCTRI_EXP":68.67,"MAQYEQ_VA":84.43,"MAQYEQ_EXP":108.72,"AUTOMO_VA":17.21,"AUTOMO_EXP":5.49,"OTRTRA_VA":10.07,"OTRTRA_EXP":15.66,"TRANSP_VA":9.98,"TRANSP_EXP":14.63,"OTRMAN_VA":69.09,"OTRMAN_EXP":141.26,"ELEGAS_VA":317.47,"ELEGAS_EXP":396.56,"AGUBAS_VA":66.42,"AGUBAS_EXP":3.0,"CONSTR_VA":300.33,"CONSTR_EXP":6.81,"COMREV_VA":918.88,"COMREV_EXP":465.4,"TRATIE_VA":364.04,"TRATIE_EXP":291.22,"TRAGUA_VA":55.65,"TRAGUA_EXP":184.99,"TRAAIR_VA":23.84,"TRAAIR_EXP":147.94,"ALMSTR_VA":71.48,"ALMSTR_EXP":145.25,"POSTME_VA":145.85,"POSTME_EXP":8.08,"HOTYRE_VA":209.93,"HOTYRE_EXP":69.25,"MMTVRA_VA":58.52,"MMTVRA_EXP":28.6,"TELECO_VA":168.28,"TELECO_EXP":59.78,"ITSERV_VA":29.88,"ITSERV_EXP":9.84,"SERFIN_VA":468.05,"SERFIN_EXP":83.17,"GOBEST_VA":3243.78,"GOBEST_EXP":63.57,"SPRSCT_VA":491.39,"SPRSCT_EXP":43.91,"SEAEMP_VA":909.53,"SEAEMP_EXP":69.49,"ADPDEF_VA":666.44,"ADPDEF_EXP":0.03,"EDUCAC_VA":253.15,"EDUCAC_EXP":4.22,"SALUDH_VA":165.41,"SALUDH_EXP":4.3,"ESPARC_VA":62.99,"ESPARC_EXP":12.73,"OTRSER_VA":106.3,"OTRSER_EXP":4.38,"SERHOG_VA":15.56,"SERHOG_EXP":0.0}},{"type":"Feature","geometry":{"type":"Point","coordinates":[27.95,53.71]},"properties":{"id":"BLR","name":"Bielorrusia","continent":"europe","year":1996,"AGRPFO_VA":1440.16,"AGRPFO_EXP":96.58,"FORLOG_VA":88.27,"FORLOG_EXP":83.77,"PESCAC_VA":27.49,"PESCAC_EXP":1.81,"MINCOL_VA":2.77,"MINCOL_EXP":2.25,"PETGAS_VA":75.79,"PETGAS_EXP":29.93,"MINORE_VA":2.62,"MINORE_EXP":3.94,"MINOTH_VA":51.98,"MINOTH_EXP":57.16,"MINSER_VA":24.63,"MINSER_EXP":2.77,"ALYBEB_VA":939.93,"ALYBEB_EXP":338.92,"TEXYPR_VA":552.63,"TEXYPR_EXP":653.85,"MADYPR_VA":115.51,"MADYPR_EXP":216.07,"PAPYPR_VA":229.26,"PAPYPR_EXP":95.3,"PETREF_VA":709.3,"PETREF_EXP":183.97,"QUIMYP_VA":411.61,"QUIMYP_EXP":779.75,"FARMED_VA":103.23,"FARMED_EXP":40.49,"HUPLAS_VA":137.23,"HUPLAS_EXP":156.21,"PRNOMT_VA":234.43,"PRNOMT_EXP":85.49,"METBAS_VA":129.37,"METBAS_EXP":172.39,"NONFER_VA":102.42,"NONFER_EXP":44.47,"PRMETA_VA":168.27,"PRMETA_EXP":202.54,"ELCTRO_VA":107.62,"ELCTRO_EXP":75.22,"ELCTRI_VA":107.47,"ELCTRI_EXP":125.11,"MAQYEQ_VA":267.12,"MAQYEQ_EXP":559.49,"AUTOMO_VA":296.59,"AUTOMO_EXP":162.18,"OTRTRA_VA":34.13,"OTRTRA_EXP":1.19,"TRANSP_VA":36.49,"TRANSP_EXP":27.34,"OTRMAN_VA":258.79,"OTRMAN_EXP":195.12,"ELEGAS_VA":357.29,"ELEGAS_EXP":2.8,"AGUBAS_VA":115.26,"AGUBAS_EXP":2.21,"CONSTR_VA":925.01,"CONSTR_EXP":11.53,"COMREV_VA":1256.83,"COMREV_EXP":344.34,"TRATIE_VA":348.9,"TRATIE_EXP":58.92,"TRAGUA_VA":102.2,"TRAGUA_EXP":169.43,"TRAAIR_VA":67.23,"TRAAIR_EXP":184.26,"ALMSTR_VA":114.79,"ALMSTR_EXP":41.18,"POSTME_VA":21.84,"POSTME_EXP":0.36,"HOTYRE_VA":303.97,"HOTYRE_EXP":8.87,"MMTVRA_VA":95.1,"MMTVRA_EXP":18.19,"TELECO_VA":222.34,"TELECO_EXP":57.58,"ITSERV_VA":66.86,"ITSERV_EXP":37.26,"SERFIN_VA":472.69,"SERFIN_EXP":45.42,"GOBEST_VA":602.6,"GOBEST_EXP":9.85,"SPRSCT_VA":343.91,"SPRSCT_EXP":181.96,"SEAEMP_VA":214.73,"SEAEMP_EXP":72.54,"ADPDEF_VA":673.25,"ADPDEF_EXP":1.44,"EDUCAC_VA":434.25,"EDUCAC_EXP":1.2,"SALUDH_VA":477.54,"SALUDH_EXP":0.85,"ESPARC_VA":88.72,"ESPARC_EXP":3.06,"OTRSER_VA":158.73,"OTRSER_EXP":1.92,"SERHOG_VA":0.0,"SERHOG_EXP":0.0}},{"type":"Feature","geometry":{"type":"Point","coordinates":[-51.93,-14.24]},"properties":{"id":"BRA","name":"Brasil","continent":"america","year":1996,"AGRPFO_VA":29963.2,"AGRPFO_EXP":2499.32,"FORLOG_VA":3071.4,"FORLOG_EXP":40.18,"PESCAC_VA":1881.21,"PESCAC_EXP":11.33,"MINCOL_VA":1316.72,"MINCOL_EXP":0.45,"PETGAS_VA":7411.41,"PETGAS_EXP":26.44,"MINORE_VA":884.71,"MINORE_EXP":1657.83,"MINOTH_VA":1251.45,"MINOTH_EXP":333.3,"MINSER_VA":911.12,"MINSER_EXP":17.83,"ALYBEB_VA":16212.1,"ALYBEB_EXP":7419.13,"TEXYPR_VA":12949.17,"TEXYPR_EXP":2433.49,"MADYPR_VA":2280.96,"MADYPR_EXP":712.7,"PAPYPR_VA":8279.65,"PAPYPR_EXP":1910.79,"PETREF_VA":10097.37,"PETREF_EXP":1014.66,"QUIMYP_VA":9429.51,"QUIMYP_EXP":1778.56,"FARMED_VA":5046.2,"FARMED_EXP":354.37,"HUPLAS_VA":4254.93,"HUPLAS_EXP":714.56,"PRNOMT_VA":4170.86,"PRNOMT_EXP":524.78,"METBAS_VA":2991.45,"METBAS_EXP":3277.42,"NONFER_VA":1438.44,"NONFER_EXP":2072.52,"PRMETA_VA":6534.16,"PRMETA_EXP":759.68,"ELCTRO_VA":4300.49,"ELCTRO_EXP":755.16,"ELCTRI_VA":3238.74,"ELCTRI_EXP":844.94,"MAQYEQ_VA":8376.14,"MAQYEQ_EXP":1997.46,"AUTOMO_VA":10303.2,"AUTOMO_EXP":3644.53,"OTRTRA_VA":648.79,"OTRTRA_EXP":168.58,"TRANSP_VA":1239.27,"TRANSP_EXP":605.69,"OTRMAN_VA":4199.51,"OTRMAN_EXP":1358.18,"ELEGAS_VA":21395.75,"ELEGAS_EXP":34.7,"AGUBAS_VA":5299.61,"AGUBAS_EXP":0.71,"CONSTR_VA":52885.85,"CONSTR_EXP":3.14,"COMREV_VA":119683.79,"COMREV_EXP":9183.92,"TRATIE_VA":20390.04,"TRATIE_EXP":1455.49,"TRAGUA_VA":756.53,"TRAGUA_EXP":937.48,"TRAAIR_VA":1344.6,"TRAAIR_EXP":893.29,"ALMSTR_VA":8197.25,"ALMSTR_EXP":1445.31,"POSTME_VA":1975.81,"POSTME_EXP":1.42,"HOTYRE_VA":15194.95,"HOTYRE_EXP":414.77,"MMTVRA_VA":4949.0,"MMTVRA_EXP":124.8,"TELECO_VA":12473.54,"TELECO_EXP":64.78,"ITSERV_VA":9457.8,"ITSERV_EXP":40.41,"SERFIN_VA":46461.43,"SERFIN_EXP":373.0,"GOBEST_VA":82601.74,"GOBEST_EXP":41.67,"SPRSCT_VA":28596.91,"SPRSCT_EXP":1469.09,"SEAEMP_VA":26428.16,"SEAEMP_EXP":606.04,"ADPDEF_VA":65870.1,"ADPDEF_EXP":196.83,"EDUCAC_VA":34901.03,"EDUCAC_EXP":29.24,"SALUDH_VA":21905.03,"SALUDH_EXP":19.86,"ESPARC_VA":6452.4,"ESPARC_EXP":76.83,"OTRSER_VA":17660.84,"OTRSER_EXP":23.62,"SERHOG_VA":7516.24,"SERHOG_EXP":0.0}},{"type":"Feature","geometry":{"type":"Point","coordinates":[114.73,4.54]},"properties":{"id":"BRN","name":"Brunéi","continent":"asia","year":1996,"AGRPFO_VA":15.84,"AGRPFO_EXP":0.21,"FORLOG_VA":5.37,"FORLOG_EXP":0.05,"PESCAC_VA":15.54,"PESCAC_EXP":0.16,"MINCOL_VA":260.96,"MINCOL_EXP":0.0,"PETGAS_VA":2088.68,"PETGAS_EXP":2164.36,"MINORE_VA":281.16,"MINORE_EXP":0.03,"MINOTH_VA":195.87,"MINOTH_EXP":0.07,"MINSER_VA":163.71,"MINSER_EXP":32.51,"ALYBEB_VA":5.93,"ALYBEB_EXP":0.57,"TEXYPR_VA":9.79,"TEXYPR_EXP":5.01,"MADYPR_VA":1.07,"MADYPR_EXP":0.04,"PAPYPR_VA":2.58,"PAPYPR_EXP":0.2,"PETREF_VA":669.41,"PETREF_EXP":76.19,"QUIMYP_VA":3.8,"QUIMYP_EXP":0.09,"FARMED_VA":2.84,"FARMED_EXP":0.17,"HUPLAS_VA":4.1,"HUPLAS_EXP":0.08,"PRNOMT_VA":8.17,"PRNOMT_EXP":0.2,"METBAS_VA":0.8,"METBAS_EXP":0.03,"NONFER_VA":0.64,"NONFER_EXP":0.03,"PRMETA_VA":3.3,"PRMETA_EXP":0.05,"ELCTRO_VA":1.1,"ELCTRO_EXP":0.14,"ELCTRI_VA":1.9,"ELCTRI_EXP":0.07,"MAQYEQ_VA":3.14,"MAQYEQ_EXP":0.23,"AUTOMO_VA":0.0,"AUTOMO_EXP":0.0,"OTRTRA_VA":2.14,"OTRTRA_EXP":0.04,"TRANSP_VA":2.18,"TRANSP_EXP":0.09,"OTRMAN_VA":1.82,"OTRMAN_EXP":0.98,"ELEGAS_VA":33.84,"ELEGAS_EXP":0.14,"AGUBAS_VA":8.95,"AGUBAS_EXP":0.31,"CONSTR_VA":142.42,"CONSTR_EXP":0.32,"COMREV_VA":243.97,"COMREV_EXP":12.91,"TRATIE_VA":45.18,"TRATIE_EXP":8.91,"TRAGUA_VA":46.0,"TRAGUA_EXP":6.98,"TRAAIR_VA":14.31,"TRAAIR_EXP":14.96,"ALMSTR_VA":26.79,"ALMSTR_EXP":11.52,"POSTME_VA":3.11,"POSTME_EXP":3.79,"HOTYRE_VA":51.9,"HOTYRE_EXP":19.94,"MMTVRA_VA":4.22,"MMTVRA_EXP":1.85,"TELECO_VA":95.92,"TELECO_EXP":11.05,"ITSERV_VA":10.34,"ITSERV_EXP":8.53,"SERFIN_VA":280.92,"SERFIN_EXP":12.79,"GOBEST_VA":81.0,"GOBEST_EXP":6.95,"SPRSCT_VA":102.69,"SPRSCT_EXP":116.66,"SEAEMP_VA":31.56,"SEAEMP_EXP":46.16,"ADPDEF_VA":535.31,"ADPDEF_EXP":0.12,"EDUCAC_VA":139.34,"EDUCAC_EXP":1.73,"SALUDH_VA":67.26,"SALUDH_EXP":1.16,"ESPARC_VA":5.72,"ESPARC_EXP":1.64,"OTRSER_VA":7.35,"OTRSER_EXP":1.26,"SERHOG_VA":5.33,"SERHOG_EXP":0.0}},{"type":"Feature","geometry":{"type":"Point","coordinates":[-106.35,56.13]},"properties":{"id":"CAN","name":"Canadá","continent":"america","year":1996,"AGRPFO_VA":9577.65,"AGRPFO_EXP":7817.6,"FORLOG_VA":3819.15,"FORLOG_EXP":425.6,"PESCAC_VA":1071.1,"PESCAC_EXP":349.5,"MINCOL_VA":802.19,"MINCOL_EXP":1318.93,"PETGAS_VA":14273.79,"PETGAS_EXP":14450.8,"MINORE_VA":3467.27,"MINORE_EXP":6131.05,"MINOTH_VA":1678.53,"MINOTH_EXP":790.6,"MINSER_VA":2569.92,"MINSER_EXP":133.25,"ALYBEB_VA":13042.46,"ALYBEB_EXP":9321.42,"TEXYPR_VA":4458.49,"TEXYPR_EXP":2541.43,"MADYPR_VA":5939.65,"MADYPR_EXP":11940.18,"PAPYPR_VA":11569.94,"PAPYPR_EXP":14604.2,"PETREF_VA":918.11,"PETREF_EXP":4801.7,"QUIMYP_VA":7814.41,"QUIMYP_EXP":8815.09,"FARMED_VA":1979.61,"FARMED_EXP":738.22,"HUPLAS_VA":4920.61,"HUPLAS_EXP":4155.76,"PRNOMT_VA":2818.92,"PRNOMT_EXP":1702.69,"METBAS_VA":3792.34,"METBAS_EXP":2980.45,"NONFER_VA":3738.48,"NONFER_EXP":9917.26,"PRMETA_VA":5743.1,"PRMETA_EXP":5891.77,"ELCTRO_VA":5256.3,"ELCTRO_EXP":5575.93,"ELCTRI_VA":2448.15,"ELCTRI_EXP":2913.68,"MAQYEQ_VA":6578.32,"MAQYEQ_EXP":8287.35,"AUTOMO_VA":15251.83,"AUTOMO_EXP":29478.61,"OTRTRA_VA":391.13,"OTRTRA_EXP":489.75,"TRANSP_VA":4706.86,"TRANSP_EXP":5869.94,"OTRMAN_VA":5934.43,"OTRMAN_EXP":4475.39,"ELEGAS_VA":18353.77,"ELEGAS_EXP":1616.18,"AGUBAS_VA":1934.46,"AGUBAS_EXP":16.67,"CONSTR_VA":30427.2,"CONSTR_EXP":192.27,"COMREV_VA":62360.03,"COMREV_EXP":21136.45,"TRATIE_VA":16331.26,"TRATIE_EXP":2189.9,"TRAGUA_VA":747.65,"TRAGUA_EXP":353.99,"TRAAIR_VA":2978.98,"TRAAIR_EXP":3670.89,"ALMSTR_VA":4348.76,"ALMSTR_EXP":837.37,"POSTME_VA":3479.65,"POSTME_EXP":441.17,"HOTYRE_VA":13941.35,"HOTYRE_EXP":4034.88,"MMTVRA_VA":7605.37,"MMTVRA_EXP":1735.52,"TELECO_VA":10471.27,"TELECO_EXP":296.38,"ITSERV_VA":4444.01,"ITSERV_EXP":801.5,"SERFIN_VA":39572.14,"SERFIN_EXP":4422.4,"GOBEST_VA":60920.82,"GOBEST_EXP":506.77,"SPRSCT_VA":31601.31,"SPRSCT_EXP":2728.2,"SEAEMP_VA":14434.39,"SEAEMP_EXP":2134.22,"ADPDEF_VA":40919.34,"ADPDEF_EXP":990.72,"EDUCAC_VA":34473.87,"EDUCAC_EXP":476.5,"SALUDH_VA":37750.27,"SALUDH_EXP":273.91,"ESPARC_VA":5440.66,"ESPARC_EXP":1950.46,"OTRSER_VA":7537.4,"OTRSER_EXP":90.45,"SERHOG_VA":1368.08,"SERHOG_EXP":0.0}},{"type":"Feature","geometry":{"type":"Point","coordinates":[8.23,46.82]},"properties":{"id":"CHE","name":"Suiza","continent":"europe","year":1996,"AGRPFO_VA":3653.62,"AGRPFO_EXP":142.76,"FORLOG_VA":308.51,"FORLOG_EXP":115.3,"PESCAC_VA":18.26,"PESCAC_EXP":11.31,"MINCOL_VA":0.0,"MINCOL_EXP":0.0,"PETGAS_VA":0.0,"PETGAS_EXP":0.0,"MINORE_VA":61.1,"MINORE_EXP":20.63,"MINOTH_VA":370.18,"MINOTH_EXP":96.12,"MINSER_VA":79.97,"MINSER_EXP":10.65,"ALYBEB_VA":5005.55,"ALYBEB_EXP":2731.17,"TEXYPR_VA":1424.41,"TEXYPR_EXP":1520.43,"MADYPR_VA":2387.27,"MADYPR_EXP":352.21,"PAPYPR_VA":3839.84,"PAPYPR_EXP":1437.3,"PETREF_VA":137.8,"PETREF_EXP":121.91,"QUIMYP_VA":4527.97,"QUIMYP_EXP":4509.78,"FARMED_VA":6649.19,"FARMED_EXP":6438.4,"HUPLAS_VA":2216.98,"HUPLAS_EXP":1739.88,"PRNOMT_VA":1813.74,"PRNOMT_EXP":489.22,"METBAS_VA":851.48,"METBAS_EXP":702.61,"NONFER_VA":934.67,"NONFER_EXP":873.18,"PRMETA_VA":6608.06,"PRMETA_EXP":2348.07,"ELCTRO_VA":9809.35,"ELCTRO_EXP":9087.32,"ELCTRI_VA":4293.45,"ELCTRI_EXP":4737.86,"MAQYEQ_VA":8831.88,"MAQYEQ_EXP":10964.98,"AUTOMO_VA":434.18,"AUTOMO_EXP":490.48,"OTRTRA_VA":20.24,"OTRTRA_EXP":6.01,"TRANSP_VA":500.3,"TRANSP_EXP":482.19,"OTRMAN_VA":4356.77,"OTRMAN_EXP":2104.7,"ELEGAS_VA":8750.87,"ELEGAS_EXP":19.52,"AGUBAS_VA":1495.72,"AGUBAS_EXP":8.79,"CONSTR_VA":21140.87,"CONSTR_EXP":195.23,"COMREV_VA":46733.25,"COMREV_EXP":16777.52,"TRATIE_VA":8041.27,"TRATIE_EXP":4620.93,"TRAGUA_VA":232.62,"TRAGUA_EXP":3626.72,"TRAAIR_VA":1226.51,"TRAAIR_EXP":1842.58,"ALMSTR_VA":2551.55,"ALMSTR_EXP":847.49,"POSTME_VA":2662.7,"POSTME_EXP":835.88,"HOTYRE_VA":7244.66,"HOTYRE_EXP":2666.11,"MMTVRA_VA":2677.54,"MMTVRA_EXP":1844.21,"TELECO_VA":5794.87,"TELECO_EXP":999.75,"ITSERV_VA":5805.84,"ITSERV_EXP":2348.85,"SERFIN_VA":34179.52,"SERFIN_EXP":16674.41,"GOBEST_VA":22715.55,"GOBEST_EXP":626.56,"SPRSCT_VA":24581.49,"SPRSCT_EXP":1915.97,"SEAEMP_VA":7027.04,"SEAEMP_EXP":1484.46,"ADPDEF_VA":30578.43,"ADPDEF_EXP":307.1,"EDUCAC_VA":2689.39,"EDUCAC_EXP":184.21,"SALUDH_VA":18783.45,"SALUDH_EXP":150.03,"ESPARC_VA":3650.73,"ESPARC_EXP":398.34,"OTRSER_VA":2783.44,"OTRSER_EXP":133.84,"SERHOG_VA":1256.68,"SERHOG_EXP":0.0}},{"type":"Feature","geometry":{"type":"Point","coordinates":[-71.54,-35.68]},"properties":{"id":"CHL","name":"Chile","continent":"america","year":1996,"AGRPFO_VA":2023.27,"AGRPFO_EXP":1003.0,"FORLOG_VA":594.08,"FORLOG_EXP":90.81,"PESCAC_VA":785.73,"PESCAC_EXP":271.47,"MINCOL_VA":10.1,"MINCOL_EXP":0.14,"PETGAS_VA":69.89,"PETGAS_EXP":1.4,"MINORE_VA":7549.38,"MINORE_EXP":7365.09,"MINOTH_VA":281.22,"MINOTH_EXP":20.2,"MINSER_VA":193.49,"MINSER_EXP":13.78,"ALYBEB_VA":2708.25,"ALYBEB_EXP":1882.1,"TEXYPR_VA":292.69,"TEXYPR_EXP":272.69,"MADYPR_VA":351.48,"MADYPR_EXP":411.79,"PAPYPR_VA":757.04,"PAPYPR_EXP":649.63,"PETREF_VA":327.66,"PETREF_EXP":66.37,"QUIMYP_VA":995.63,"QUIMYP_EXP":430.2,"FARMED_VA":218.68,"FARMED_EXP":10.73,"HUPLAS_VA":314.02,"HUPLAS_EXP":130.96,"PRNOMT_VA":428.41,"PRNOMT_EXP":34.87,"METBAS_VA":123.62,"METBAS_EXP":74.24,"NONFER_VA":223.4,"NONFER_EXP":185.34,"PRMETA_VA":544.34,"PRMETA_EXP":227.71,"ELCTRO_VA":1298.41,"ELCTRO_EXP":47.13,"ELCTRI_VA":219.83,"ELCTRI_EXP":170.41,"MAQYEQ_VA":256.95,"MAQYEQ_EXP":191.34,"AUTOMO_VA":0.14,"AUTOMO_EXP":0.07,"OTRTRA_VA":65.26,"OTRTRA_EXP":42.43,"TRANSP_VA":126.13,"TRANSP_EXP":56.48,"OTRMAN_VA":396.46,"OTRMAN_EXP":385.31,"ELEGAS_VA":1587.01,"ELEGAS_EXP":32.22,"AGUBAS_VA":467.03,"AGUBAS_EXP":1.35,"CONSTR_VA":5895.84,"CONSTR_EXP":25.67,"COMREV_VA":6715.05,"COMREV_EXP":1394.96,"TRATIE_VA":2525.78,"TRATIE_EXP":809.66,"TRAGUA_VA":161.69,"TRAGUA_EXP":918.99,"TRAAIR_VA":615.62,"TRAAIR_EXP":595.1,"ALMSTR_VA":1004.96,"ALMSTR_EXP":447.73,"POSTME_VA":102.02,"POSTME_EXP":176.02,"HOTYRE_VA":1375.77,"HOTYRE_EXP":317.92,"MMTVRA_VA":239.4,"MMTVRA_EXP":78.68,"TELECO_VA":1217.41,"TELECO_EXP":226.94,"ITSERV_VA":823.95,"ITSERV_EXP":41.1,"SERFIN_VA":3474.14,"SERFIN_EXP":293.68,"GOBEST_VA":5624.86,"GOBEST_EXP":97.29,"SPRSCT_VA":5056.57,"SPRSCT_EXP":138.0,"SEAEMP_VA":2855.71,"SEAEMP_EXP":104.7,"ADPDEF_VA":3428.34,"ADPDEF_EXP":67.07,"EDUCAC_VA":3217.45,"EDUCAC_EXP":24.62,"SALUDH_VA":3197.0,"SALUDH_EXP":16.3,"ESPARC_VA":317.12,"ESPARC_EXP":34.39,"OTRSER_VA":1122.27,"OTRSER_EXP":32.28,"SERHOG_VA":0.0,"SERHOG_EXP":0.0}},{"type":"Feature","geometry":{"type":"Point","coordinates":[104.2,35.86]},"properties":{"id":"CHN","name":"China","continent":"asia","year":1996,"AGRPFO_VA":122218.09,"AGRPFO_EXP":2167.98,"FORLOG_VA":9086.84,"FORLOG_EXP":30.09,"PESCAC_VA":14856.54,"PESCAC_EXP":359.45,"MINCOL_VA":11020.34,"MINCOL_EXP":673.75,"PETGAS_VA":11437.46,"PETGAS_EXP":1665.14,"MINORE_VA":4406.53,"MINORE_EXP":308.42,"MINOTH_VA":4740.32,"MINOTH_EXP":566.77,"MINSER_VA":789.22,"MINSER_EXP":124.37,"ALYBEB_VA":32844.07,"ALYBEB_EXP":6441.85,"TEXYPR_VA":30211.39,"TEXYPR_EXP":33825.69,"MADYPR_VA":3957.39,"MADYPR_EXP":1198.12,"PAPYPR_VA":9681.93,"PAPYPR_EXP":588.1,"PETREF_VA":8411.72,"PETREF_EXP":1135.17,"QUIMYP_VA":20241.45,"QUIMYP_EXP":5779.39,"FARMED_VA":7400.17,"FARMED_EXP":961.71,"HUPLAS_VA":10808.91,"HUPLAS_EXP":2339.11,"PRNOMT_VA":22187.06,"PRNOMT_EXP":1867.94,"METBAS_VA":13946.57,"METBAS_EXP":2182.87,"NONFER_VA":6525.65,"NONFER_EXP":1060.21,"PRMETA_VA":11216.06,"PRMETA_EXP":3089.75,"ELCTRO_VA":22094.29,"ELCTRO_EXP":12571.36,"ELCTRI_VA":12311.88,"ELCTRI_EXP":5830.83,"MAQYEQ_VA":25868.01,"MAQYEQ_EXP":4413.14,"AUTOMO_VA":14388.32,"AUTOMO_EXP":856.28,"OTRTRA_VA":1108.93,"OTRTRA_EXP":721.88,"TRANSP_VA":1959.37,"TRANSP_EXP":811.65,"OTRMAN_VA":6943.46,"OTRMAN_EXP":8313.57,"ELEGAS_VA":28196.6,"ELEGAS_EXP":285.2,"AGUBAS_VA":3914.07,"AGUBAS_EXP":0.09,"CONSTR_VA":49275.27,"CONSTR_EXP":0.19,"COMREV_VA":60611.68,"COMREV_EXP":7975.11,"TRATIE_VA":26817.49,"TRATIE_EXP":2558.68,"TRAGUA_VA":5761.61,"TRAGUA_EXP":8392.56,"TRAAIR_VA":2339.68,"TRAAIR_EXP":4567.87,"ALMSTR_VA":3987.84,"ALMSTR_EXP":1084.5,"POSTME_VA":1849.0,"POSTME_EXP":11.59,"HOTYRE_VA":14456.53,"HOTYRE_EXP":3422.62,"MMTVRA_VA":2183.6,"MMTVRA_EXP":504.89,"TELECO_VA":11017.53,"TELECO_EXP":919.08,"ITSERV_VA":6739.56,"ITSERV_EXP":724.81,"SERFIN_VA":38469.15,"SERFIN_EXP":766.02,"GOBEST_VA":30437.22,"GOBEST_EXP":908.96,"SPRSCT_VA":10306.5,"SPRSCT_EXP":4613.78,"SEAEMP_VA":13946.07,"SEAEMP_EXP":4184.33,"ADPDEF_VA":29136.61,"ADPDEF_EXP":0.32,"EDUCAC_VA":23006.73,"EDUCAC_EXP":138.63,"SALUDH_VA":12615.52,"SALUDH_EXP":185.22,"ESPARC_VA":4007.69,"ESPARC_EXP":476.45,"OTRSER_VA":12611.12,"OTRSER_EXP":201.7,"SERHOG_VA":0.0,"SERHOG_EXP":0.0}},{"type":"Feature","geometry":{"type":"Point","coordinates":[-5.55,7.54]},"properties":{"id":"CIV","name":"Costa de Marfil","continent":"other","year":1996,"AGRPFO_VA":2828.92,"AGRPFO_EXP":1170.94,"FORLOG_VA":83.59,"FORLOG_EXP":1.92,"PESCAC_VA":32.58,"PESCAC_EXP":1.34,"MINCOL_VA":0.76,"MINCOL_EXP":1.83,"PETGAS_VA":7.78,"PETGAS_EXP":18.15,"MINORE_VA":23.81,"MINORE_EXP":26.12,"MINOTH_VA":2.63,"MINOTH_EXP":6.53,"MINSER_VA":1.9,"MINSER_EXP":4.32,"ALYBEB_VA":675.6,"ALYBEB_EXP":629.44,"TEXYPR_VA":350.23,"TEXYPR_EXP":164.35,"MADYPR_VA":156.28,"MADYPR_EXP":167.24,"PAPYPR_VA":81.84,"PAPYPR_EXP":2.1,"PETREF_VA":238.45,"PETREF_EXP":441.54,"QUIMYP_VA":68.56,"QUIMYP_EXP":135.03,"FARMED_VA":41.77,"FARMED_EXP":1.38,"HUPLAS_VA":85.1,"HUPLAS_EXP":111.46,"PRNOMT_VA":107.32,"PRNOMT_EXP":33.75,"METBAS_VA":9.75,"METBAS_EXP":22.7,"NONFER_VA":9.03,"NONFER_EXP":24.82,"PRMETA_VA":75.33,"PRMETA_EXP":14.7,"ELCTRO_VA":0.0,"ELCTRO_EXP":0.0,"ELCTRI_VA":0.53,"ELCTRI_EXP":0.06,"MAQYEQ_VA":30.55,"MAQYEQ_EXP":3.88,"AUTOMO_VA":9.99,"AUTOMO_EXP":1.2,"OTRTRA_VA":1.98,"OTRTRA_EXP":0.29,"TRANSP_VA":3.35,"TRANSP_EXP":0.18,"OTRMAN_VA":147.31,"OTRMAN_EXP":30.15,"ELEGAS_VA":199.26,"ELEGAS_EXP":43.36,"AGUBAS_VA":34.22,"AGUBAS_EXP":0.28,"CONSTR_VA":256.07,"CONSTR_EXP":4.58,"COMREV_VA":1439.75,"COMREV_EXP":368.59,"TRATIE_VA":282.01,"TRATIE_EXP":94.22,"TRAGUA_VA":26.46,"TRAGUA_EXP":59.01,"TRAAIR_VA":50.12,"TRAAIR_EXP":63.48,"ALMSTR_VA":174.33,"ALMSTR_EXP":63.73,"POSTME_VA":36.54,"POSTME_EXP":14.92,"HOTYRE_VA":69.79,"HOTYRE_EXP":29.84,"MMTVRA_VA":64.58,"MMTVRA_EXP":13.61,"TELECO_VA":141.35,"TELECO_EXP":28.64,"ITSERV_VA":137.57,"ITSERV_EXP":92.05,"SERFIN_VA":402.68,"SERFIN_EXP":25.37,"GOBEST_VA":665.46,"GOBEST_EXP":6.7,"SPRSCT_VA":169.08,"SPRSCT_EXP":38.47,"SEAEMP_VA":334.69,"SEAEMP_EXP":3.14,"ADPDEF_VA":1029.97,"ADPDEF_EXP":0.02,"EDUCAC_VA":350.99,"EDUCAC_EXP":2.14,"SALUDH_VA":83.87,"SALUDH_EXP":1.22,"ESPARC_VA":19.25,"ESPARC_EXP":2.78,"OTRSER_VA":343.72,"OTRSER_EXP":1.44,"SERHOG_VA":27.63,"SERHOG_EXP":0.0}},{"type":"Feature","geometry":{"type":"Point","coordinates":[12.35,7.37]},"properties":{"id":"CMR","name":"Camerún","continent":"other","year":1996,"AGRPFO_VA":1367.54,"AGRPFO_EXP":437.57,"FORLOG_VA":470.26,"FORLOG_EXP":74.03,"PESCAC_VA":185.04,"PESCAC_EXP":1.68,"MINCOL_VA":94.87,"MINCOL_EXP":8.99,"PETGAS_VA":649.22,"PETGAS_EXP":599.52,"MINORE_VA":7.36,"MINORE_EXP":0.2,"MINOTH_VA":34.83,"MINOTH_EXP":1.39,"MINSER_VA":60.62,"MINSER_EXP":64.02,"ALYBEB_VA":932.41,"ALYBEB_EXP":189.79,"TEXYPR_VA":446.71,"TEXYPR_EXP":170.93,"MADYPR_VA":115.69,"MADYPR_EXP":87.25,"PAPYPR_VA":19.72,"PAPYPR_EXP":10.43,"PETREF_VA":77.01,"PETREF_EXP":6.17,"QUIMYP_VA":19.64,"QUIMYP_EXP":34.44,"FARMED_VA":9.88,"FARMED_EXP":0.81,"HUPLAS_VA":9.34,"HUPLAS_EXP":5.97,"PRNOMT_VA":29.11,"PRNOMT_EXP":50.86,"METBAS_VA":3.28,"METBAS_EXP":1.34,"NONFER_VA":18.45,"NONFER_EXP":44.56,"PRMETA_VA":6.52,"PRMETA_EXP":13.02,"ELCTRO_VA":5.22,"ELCTRO_EXP":2.1,"ELCTRI_VA":2.78,"ELCTRI_EXP":5.29,"MAQYEQ_VA":3.71,"MAQYEQ_EXP":4.48,"AUTOMO_VA":4.17,"AUTOMO_EXP":1.33,"OTRTRA_VA":0.54,"OTRTRA_EXP":0.72,"TRANSP_VA":0.82,"TRANSP_EXP":0.93,"OTRMAN_VA":56.46,"OTRMAN_EXP":4.15,"ELEGAS_VA":80.8,"ELEGAS_EXP":0.07,"AGUBAS_VA":74.35,"AGUBAS_EXP":0.26,"CONSTR_VA":714.48,"CONSTR_EXP":0.48,"COMREV_VA":938.99,"COMREV_EXP":170.62,"TRATIE_VA":498.6,"TRATIE_EXP":64.02,"TRAGUA_VA":63.36,"TRAGUA_EXP":33.6,"TRAAIR_VA":72.8,"TRAAIR_EXP":36.87,"ALMSTR_VA":238.1,"ALMSTR_EXP":36.66,"POSTME_VA":92.09,"POSTME_EXP":11.06,"HOTYRE_VA":544.81,"HOTYRE_EXP":24.19,"MMTVRA_VA":47.31,"MMTVRA_EXP":20.39,"TELECO_VA":77.91,"TELECO_EXP":18.2,"ITSERV_VA":93.96,"ITSERV_EXP":13.19,"SERFIN_VA":187.92,"SERFIN_EXP":21.03,"GOBEST_VA":519.41,"GOBEST_EXP":4.33,"SPRSCT_VA":277.03,"SPRSCT_EXP":141.32,"SEAEMP_VA":184.41,"SEAEMP_EXP":152.49,"ADPDEF_VA":634.3,"ADPDEF_EXP":0.06,"EDUCAC_VA":236.32,"EDUCAC_EXP":1.37,"SALUDH_VA":143.33,"SALUDH_EXP":1.08,"ESPARC_VA":126.31,"ESPARC_EXP":57.14,"OTRSER_VA":138.41,"OTRSER_EXP":1.34,"SERHOG_VA":10.43,"SERHOG_EXP":0.0}},{"type":"Feature","geometry":{"type":"Point","coordinates":[21.76,-4.04]},"properties":{"id":"COD","name":"R.D. Congo","continent":"other","year":1996,"AGRPFO_VA":1542.13,"AGRPFO_EXP":344.68,"FORLOG_VA":166.27,"FORLOG_EXP":178.78,"PESCAC_VA":143.72,"PESCAC_EXP":2.92,"MINCOL_VA":3.74,"MINCOL_EXP":0.52,"PETGAS_VA":210.92,"PETGAS_EXP":228.47,"MINORE_VA":372.47,"MINORE_EXP":437.38,"MINOTH_VA":596.57,"MINOTH_EXP":131.54,"MINSER_VA":35.63,"MINSER_EXP":1.52,"ALYBEB_VA":990.85,"ALYBEB_EXP":65.26,"TEXYPR_VA":178.36,"TEXYPR_EXP":5.06,"MADYPR_VA":16.36,"MADYPR_EXP":26.49,"PAPYPR_VA":19.78,"PAPYPR_EXP":4.29,"PETREF_VA":3.73,"PETREF_EXP":0.56,"QUIMYP_VA":43.07,"QUIMYP_EXP":10.73,"FARMED_VA":4.89,"FARMED_EXP":0.75,"HUPLAS_VA":32.7,"HUPLAS_EXP":0.29,"PRNOMT_VA":39.49,"PRNOMT_EXP":2.98,"METBAS_VA":37.32,"METBAS_EXP":1.52,"NONFER_VA":230.74,"NONFER_EXP":453.59,"PRMETA_VA":19.47,"PRMETA_EXP":1.56,"ELCTRO_VA":0.38,"ELCTRO_EXP":0.45,"ELCTRI_VA":31.25,"ELCTRI_EXP":1.12,"MAQYEQ_VA":1.62,"MAQYEQ_EXP":1.27,"AUTOMO_VA":64.06,"AUTOMO_EXP":6.89,"OTRTRA_VA":6.99,"OTRTRA_EXP":0.12,"TRANSP_VA":0.19,"TRANSP_EXP":0.11,"OTRMAN_VA":60.98,"OTRMAN_EXP":34.14,"ELEGAS_VA":43.16,"ELEGAS_EXP":31.77,"AGUBAS_VA":26.34,"AGUBAS_EXP":0.78,"CONSTR_VA":301.95,"CONSTR_EXP":0.68,"COMREV_VA":742.11,"COMREV_EXP":121.53,"TRATIE_VA":763.86,"TRATIE_EXP":250.57,"TRAGUA_VA":53.48,"TRAGUA_EXP":34.46,"TRAAIR_VA":31.95,"TRAAIR_EXP":13.36,"ALMSTR_VA":99.16,"ALMSTR_EXP":34.89,"POSTME_VA":12.46,"POSTME_EXP":1.39,"HOTYRE_VA":299.09,"HOTYRE_EXP":53.03,"MMTVRA_VA":73.35,"MMTVRA_EXP":26.58,"TELECO_VA":414.11,"TELECO_EXP":33.99,"ITSERV_VA":3.91,"ITSERV_EXP":2.85,"SERFIN_VA":120.69,"SERFIN_EXP":52.56,"GOBEST_VA":420.57,"GOBEST_EXP":3.37,"SPRSCT_VA":152.32,"SPRSCT_EXP":52.77,"SEAEMP_VA":91.19,"SEAEMP_EXP":15.87,"ADPDEF_VA":277.39,"ADPDEF_EXP":0.82,"EDUCAC_VA":112.61,"EDUCAC_EXP":3.13,"SALUDH_VA":221.61,"SALUDH_EXP":3.03,"ESPARC_VA":43.16,"ESPARC_EXP":6.14,"OTRSER_VA":71.58,"OTRSER_EXP":2.75,"SERHOG_VA":26.61,"SERHOG_EXP":0.0}},{"type":"Feature","geometry":{"type":"Point","coordinates":[-74.3,4.57]},"properties":{"id":"COL","name":"Colombia","continent":"america","year":1996,"AGRPFO_VA":7131.84,"AGRPFO_EXP":3255.85,"FORLOG_VA":104.98,"FORLOG_EXP":1.56,"PESCAC_VA":556.18,"PESCAC_EXP":9.11,"MINCOL_VA":1411.13,"MINCOL_EXP":785.5,"PETGAS_VA":4033.7,"PETGAS_EXP":2348.41,"MINORE_VA":618.99,"MINORE_EXP":5.13,"MINOTH_VA":255.51,"MINOTH_EXP":5.71,"MINSER_VA":32.33,"MINSER_EXP":8.13,"ALYBEB_VA":5326.73,"ALYBEB_EXP":459.12,"TEXYPR_VA":2201.18,"TEXYPR_EXP":788.04,"MADYPR_VA":141.53,"MADYPR_EXP":18.72,"PAPYPR_VA":854.19,"PAPYPR_EXP":127.56,"PETREF_VA":422.85,"PETREF_EXP":608.83,"QUIMYP_VA":1695.91,"QUIMYP_EXP":818.19,"FARMED_VA":462.8,"FARMED_EXP":92.03,"HUPLAS_VA":549.4,"HUPLAS_EXP":182.06,"PRNOMT_VA":1187.23,"PRNOMT_EXP":258.35,"METBAS_VA":389.28,"METBAS_EXP":716.08,"NONFER_VA":35.08,"NONFER_EXP":110.01,"PRMETA_VA":349.03,"PRMETA_EXP":32.24,"ELCTRO_VA":374.63,"ELCTRO_EXP":15.4,"ELCTRI_VA":325.31,"ELCTRI_EXP":80.71,"MAQYEQ_VA":939.99,"MAQYEQ_EXP":96.62,"AUTOMO_VA":283.18,"AUTOMO_EXP":62.14,"OTRTRA_VA":0.6,"OTRTRA_EXP":0.61,"TRANSP_VA":51.6,"TRANSP_EXP":4.99,"OTRMAN_VA":927.48,"OTRMAN_EXP":64.17,"ELEGAS_VA":1880.64,"ELEGAS_EXP":1.61,"AGUBAS_VA":1144.61,"AGUBAS_EXP":0.84,"CONSTR_VA":4019.93,"CONSTR_EXP":2.06,"COMREV_VA":7832.72,"COMREV_EXP":1107.94,"TRATIE_VA":3487.56,"TRATIE_EXP":222.53,"TRAGUA_VA":94.81,"TRAGUA_EXP":77.4,"TRAAIR_VA":406.81,"TRAAIR_EXP":151.1,"ALMSTR_VA":635.03,"ALMSTR_EXP":56.16,"POSTME_VA":150.38,"POSTME_EXP":7.02,"HOTYRE_VA":3415.17,"HOTYRE_EXP":206.73,"MMTVRA_VA":365.21,"MMTVRA_EXP":61.99,"TELECO_VA":2597.44,"TELECO_EXP":74.58,"ITSERV_VA":471.91,"ITSERV_EXP":1.09,"SERFIN_VA":4320.21,"SERFIN_EXP":50.79,"GOBEST_VA":8226.31,"GOBEST_EXP":30.3,"SPRSCT_VA":2661.14,"SPRSCT_EXP":11.91,"SEAEMP_VA":3315.57,"SEAEMP_EXP":12.2,"ADPDEF_VA":5405.88,"ADPDEF_EXP":15.18,"EDUCAC_VA":6424.97,"EDUCAC_EXP":11.36,"SALUDH_VA":4264.0,"SALUDH_EXP":7.73,"ESPARC_VA":2268.37,"ESPARC_EXP":25.02,"OTRSER_VA":1429.89,"OTRSER_EXP":8.74,"SERHOG_VA":727.73,"SERHOG_EXP":0.0}},{"type":"Feature","geometry":{"type":"Point","coordinates":[-83.75,9.75]},"properties":{"id":"CRI","name":"Costa Rica","continent":"america","year":1996,"AGRPFO_VA":1173.1,"AGRPFO_EXP":770.58,"FORLOG_VA":31.94,"FORLOG_EXP":13.05,"PESCAC_VA":19.3,"PESCAC_EXP":2.84,"MINCOL_VA":0.71,"MINCOL_EXP":0.06,"PETGAS_VA":0.17,"PETGAS_EXP":0.04,"MINORE_VA":0.05,"MINORE_EXP":0.01,"MINOTH_VA":34.67,"MINOTH_EXP":1.69,"MINSER_VA":0.04,"MINSER_EXP":0.01,"ALYBEB_VA":828.28,"ALYBEB_EXP":1122.97,"TEXYPR_VA":306.66,"TEXYPR_EXP":110.42,"MADYPR_VA":9.98,"MADYPR_EXP":13.76,"PAPYPR_VA":130.78,"PAPYPR_EXP":79.99,"PETREF_VA":22.81,"PETREF_EXP":5.6,"QUIMYP_VA":166.24,"QUIMYP_EXP":135.94,"FARMED_VA":19.1,"FARMED_EXP":35.12,"HUPLAS_VA":93.45,"HUPLAS_EXP":212.01,"PRNOMT_VA":66.4,"PRNOMT_EXP":56.1,"METBAS_VA":12.53,"METBAS_EXP":20.92,"NONFER_VA":9.0,"NONFER_EXP":24.19,"PRMETA_VA":36.42,"PRMETA_EXP":42.07,"ELCTRO_VA":11.2,"ELCTRO_EXP":15.92,"ELCTRI_VA":75.96,"ELCTRI_EXP":78.33,"MAQYEQ_VA":1.87,"MAQYEQ_EXP":1.99,"AUTOMO_VA":9.8,"AUTOMO_EXP":2.29,"OTRTRA_VA":0.39,"OTRTRA_EXP":0.11,"TRANSP_VA":0.4,"TRANSP_EXP":0.06,"OTRMAN_VA":157.24,"OTRMAN_EXP":165.59,"ELEGAS_VA":235.73,"ELEGAS_EXP":1.65,"AGUBAS_VA":68.39,"AGUBAS_EXP":0.22,"CONSTR_VA":372.92,"CONSTR_EXP":0.49,"COMREV_VA":2579.19,"COMREV_EXP":510.56,"TRATIE_VA":325.49,"TRATIE_EXP":114.07,"TRAGUA_VA":90.81,"TRAGUA_EXP":49.38,"TRAAIR_VA":13.97,"TRAAIR_EXP":25.22,"ALMSTR_VA":87.04,"ALMSTR_EXP":39.04,"POSTME_VA":7.06,"POSTME_EXP":1.86,"HOTYRE_VA":336.0,"HOTYRE_EXP":286.69,"MMTVRA_VA":97.09,"MMTVRA_EXP":20.86,"TELECO_VA":185.77,"TELECO_EXP":95.01,"ITSERV_VA":5.73,"ITSERV_EXP":1.42,"SERFIN_VA":371.45,"SERFIN_EXP":44.91,"GOBEST_VA":727.25,"GOBEST_EXP":33.62,"SPRSCT_VA":270.93,"SPRSCT_EXP":109.41,"SEAEMP_VA":117.79,"SEAEMP_EXP":53.37,"ADPDEF_VA":369.43,"ADPDEF_EXP":3.93,"EDUCAC_VA":515.82,"EDUCAC_EXP":17.15,"SALUDH_VA":733.58,"SALUDH_EXP":16.65,"ESPARC_VA":125.43,"ESPARC_EXP":50.76,"OTRSER_VA":72.67,"OTRSER_EXP":11.7,"SERHOG_VA":103.05,"SERHOG_EXP":0.0}},{"type":"Feature","geometry":{"type":"Point","coordinates":[33.43,35.13]},"properties":{"id":"CYP","name":"Chipre","continent":"europe","year":1996,"AGRPFO_VA":426.48,"AGRPFO_EXP":133.8,"FORLOG_VA":4.14,"FORLOG_EXP":2.21,"PESCAC_VA":20.97,"PESCAC_EXP":3.89,"MINCOL_VA":0.0,"MINCOL_EXP":0.0,"PETGAS_VA":7.0,"PETGAS_EXP":0.33,"MINORE_VA":4.86,"MINORE_EXP":4.56,"MINOTH_VA":12.87,"MINOTH_EXP":15.93,"MINSER_VA":0.07,"MINSER_EXP":0.05,"ALYBEB_VA":306.14,"ALYBEB_EXP":271.47,"TEXYPR_VA":145.31,"TEXYPR_EXP":105.29,"MADYPR_VA":57.05,"MADYPR_EXP":40.42,"PAPYPR_VA":53.66,"PAPYPR_EXP":42.54,"PETREF_VA":8.58,"PETREF_EXP":81.74,"QUIMYP_VA":33.76,"QUIMYP_EXP":52.8,"FARMED_VA":13.34,"FARMED_EXP":36.08,"HUPLAS_VA":33.4,"HUPLAS_EXP":22.26,"PRNOMT_VA":114.85,"PRNOMT_EXP":29.35,"METBAS_VA":1.0,"METBAS_EXP":5.62,"NONFER_VA":5.73,"NONFER_EXP":7.65,"PRMETA_VA":66.02,"PRMETA_EXP":14.76,"ELCTRO_VA":2.16,"ELCTRO_EXP":2.7,"ELCTRI_VA":7.49,"ELCTRI_EXP":15.01,"MAQYEQ_VA":20.25,"MAQYEQ_EXP":23.97,"AUTOMO_VA":7.89,"AUTOMO_EXP":5.69,"OTRTRA_VA":0.65,"OTRTRA_EXP":0.29,"TRANSP_VA":1.03,"TRANSP_EXP":0.24,"OTRMAN_VA":82.9,"OTRMAN_EXP":58.66,"ELEGAS_VA":132.97,"ELEGAS_EXP":0.83,"AGUBAS_VA":40.35,"AGUBAS_EXP":2.18,"CONSTR_VA":908.33,"CONSTR_EXP":7.76,"COMREV_VA":1125.77,"COMREV_EXP":293.66,"TRATIE_VA":101.16,"TRATIE_EXP":74.63,"TRAGUA_VA":571.68,"TRAGUA_EXP":536.49,"TRAAIR_VA":94.25,"TRAAIR_EXP":119.36,"ALMSTR_VA":179.36,"ALMSTR_EXP":485.27,"POSTME_VA":10.19,"POSTME_EXP":13.11,"HOTYRE_VA":703.65,"HOTYRE_EXP":875.96,"MMTVRA_VA":55.35,"MMTVRA_EXP":34.25,"TELECO_VA":175.87,"TELECO_EXP":87.02,"ITSERV_VA":29.77,"ITSERV_EXP":22.51,"SERFIN_VA":530.97,"SERFIN_EXP":296.12,"GOBEST_VA":597.1,"GOBEST_EXP":111.56,"SPRSCT_VA":539.84,"SPRSCT_EXP":641.87,"SEAEMP_VA":120.69,"SEAEMP_EXP":120.39,"ADPDEF_VA":873.8,"ADPDEF_EXP":1.92,"EDUCAC_VA":460.06,"EDUCAC_EXP":50.4,"SALUDH_VA":301.77,"SALUDH_EXP":34.73,"ESPARC_VA":101.79,"ESPARC_EXP":84.63,"OTRSER_VA":211.87,"OTRSER_EXP":39.24,"SERHOG_VA":38.35,"SERHOG_EXP":0.0}},{"type":"Feature","geometry":{"type":"Point","coordinates":[15.47,49.82]},"properties":{"id":"CZE","name":"Chequia","continent":"europe","year":1996,"AGRPFO_VA":2178.41,"AGRPFO_EXP":303.37,"FORLOG_VA":495.38,"FORLOG_EXP":130.18,"PESCAC_VA":30.35,"PESCAC_EXP":19.49,"MINCOL_VA":960.26,"MINCOL_EXP":384.01,"PETGAS_VA":13.78,"PETGAS_EXP":4.39,"MINORE_VA":68.37,"MINORE_EXP":7.15,"MINOTH_VA":154.25,"MINOTH_EXP":99.86,"MINSER_VA":31.74,"MINSER_EXP":6.01,"ALYBEB_VA":1979.72,"ALYBEB_EXP":1091.44,"TEXYPR_VA":1032.74,"TEXYPR_EXP":954.85,"MADYPR_VA":492.91,"MADYPR_EXP":301.89,"PAPYPR_VA":563.09,"PAPYPR_EXP":387.47,"PETREF_VA":685.44,"PETREF_EXP":367.07,"QUIMYP_VA":933.55,"QUIMYP_EXP":1080.7,"FARMED_VA":353.62,"FARMED_EXP":161.9,"HUPLAS_VA":531.7,"HUPLAS_EXP":437.77,"PRNOMT_VA":1096.56,"PRNOMT_EXP":845.8,"METBAS_VA":1483.59,"METBAS_EXP":1219.37,"NONFER_VA":267.34,"NONFER_EXP":295.56,"PRMETA_VA":1433.71,"PRMETA_EXP":881.89,"ELCTRO_VA":467.4,"ELCTRO_EXP":243.8,"ELCTRI_VA":723.75,"ELCTRI_EXP":646.46,"MAQYEQ_VA":1543.11,"MAQYEQ_EXP":1295.9,"AUTOMO_VA":1247.96,"AUTOMO_EXP":1749.86,"OTRTRA_VA":1.37,"OTRTRA_EXP":4.06,"TRANSP_VA":187.2,"TRANSP_EXP":182.24,"OTRMAN_VA":1099.41,"OTRMAN_EXP":550.7,"ELEGAS_VA":2879.8,"ELEGAS_EXP":144.24,"AGUBAS_VA":657.65,"AGUBAS_EXP":47.74,"CONSTR_VA":4931.94,"CONSTR_EXP":97.18,"COMREV_VA":6359.03,"COMREV_EXP":2206.3,"TRATIE_VA":2754.62,"TRATIE_EXP":1669.05,"TRAGUA_VA":47.3,"TRAGUA_EXP":28.91,"TRAAIR_VA":179.25,"TRAAIR_EXP":367.02,"ALMSTR_VA":1014.29,"ALMSTR_EXP":349.88,"POSTME_VA":342.37,"POSTME_EXP":96.45,"HOTYRE_VA":2127.35,"HOTYRE_EXP":1050.73,"MMTVRA_VA":521.16,"MMTVRA_EXP":413.98,"TELECO_VA":1012.15,"TELECO_EXP":294.37,"ITSERV_VA":599.61,"ITSERV_EXP":202.28,"SERFIN_VA":1985.77,"SERFIN_EXP":579.68,"GOBEST_VA":3819.34,"GOBEST_EXP":170.72,"SPRSCT_VA":2722.82,"SPRSCT_EXP":1670.32,"SEAEMP_VA":1185.77,"SEAEMP_EXP":721.89,"ADPDEF_VA":4375.91,"ADPDEF_EXP":69.21,"EDUCAC_VA":2524.7,"EDUCAC_EXP":122.22,"SALUDH_VA":2267.8,"SALUDH_EXP":78.14,"ESPARC_VA":591.0,"ESPARC_EXP":299.46,"OTRSER_VA":872.04,"OTRSER_EXP":85.01,"SERHOG_VA":16.76,"SERHOG_EXP":0.0}},{"type":"Feature","geometry":{"type":"Point","coordinates":[10.45,51.17]},"properties":{"id":"DEU","name":"Alemania","continent":"europe","year":1996,"AGRPFO_VA":24745.09,"AGRPFO_EXP":3182.07,"FORLOG_VA":2690.77,"FORLOG_EXP":193.68,"PESCAC_VA":220.39,"PESCAC_EXP":164.62,"MINCOL_VA":4169.8,"MINCOL_EXP":377.67,"PETGAS_VA":678.15,"PETGAS_EXP":147.44,"MINORE_VA":3.46,"MINORE_EXP":3.56,"MINOTH_VA":2395.83,"MINOTH_EXP":915.85,"MINSER_VA":379.93,"MINSER_EXP":157.69,"ALYBEB_VA":44771.89,"ALYBEB_EXP":15137.2,"TEXYPR_VA":13117.57,"TEXYPR_EXP":10717.97,"MADYPR_VA":9606.21,"MADYPR_EXP":1937.26,"PAPYPR_VA":26250.48,"PAPYPR_EXP":11372.3,"PETREF_VA":4490.55,"PETREF_EXP":3130.0,"QUIMYP_VA":43256.86,"QUIMYP_EXP":40680.91,"FARMED_VA":13590.29,"FARMED_EXP":6638.57,"HUPLAS_VA":25463.05,"HUPLAS_EXP":7755.36,"PRNOMT_VA":22736.82,"PRNOMT_EXP":5376.13,"METBAS_VA":14100.51,"METBAS_EXP":14257.44,"NONFER_VA":6701.68,"NONFER_EXP":9309.19,"PRMETA_VA":42670.6,"PRMETA_EXP":15023.49,"ELCTRO_VA":27868.76,"ELCTRO_EXP":26416.27,"ELCTRI_VA":39552.76,"ELCTRI_EXP":25791.54,"MAQYEQ_VA":71118.47,"MAQYEQ_EXP":70779.57,"AUTOMO_VA":66354.12,"AUTOMO_EXP":77722.71,"OTRTRA_VA":1468.64,"OTRTRA_EXP":1233.88,"TRANSP_VA":5372.46,"TRANSP_EXP":5378.24,"OTRMAN_VA":33355.09,"OTRMAN_EXP":7511.78,"ELEGAS_VA":44480.43,"ELEGAS_EXP":1199.83,"AGUBAS_VA":22481.49,"AGUBAS_EXP":358.0,"CONSTR_VA":147498.45,"CONSTR_EXP":723.34,"COMREV_VA":237316.77,"COMREV_EXP":61749.9,"TRATIE_VA":44584.45,"TRATIE_EXP":11403.28,"TRAGUA_VA":4253.55,"TRAGUA_EXP":3019.51,"TRAAIR_VA":6478.07,"TRAAIR_EXP":9076.5,"ALMSTR_VA":26329.18,"ALMSTR_EXP":4182.07,"POSTME_VA":15570.36,"POSTME_EXP":688.14,"HOTYRE_VA":34615.97,"HOTYRE_EXP":2772.52,"MMTVRA_VA":29354.93,"MMTVRA_EXP":4004.22,"TELECO_VA":35869.67,"TELECO_EXP":1112.89,"ITSERV_VA":24816.19,"ITSERV_EXP":10679.79,"SERFIN_VA":108452.82,"SERFIN_EXP":11382.36,"GOBEST_VA":250923.68,"GOBEST_EXP":7490.52,"SPRSCT_VA":150284.92,"SPRSCT_EXP":16660.7,"SEAEMP_VA":79373.2,"SEAEMP_EXP":4174.71,"ADPDEF_VA":157821.39,"ADPDEF_EXP":0.0,"EDUCAC_VA":101968.83,"EDUCAC_EXP":355.21,"SALUDH_VA":155863.52,"SALUDH_EXP":240.11,"ESPARC_VA":27443.39,"ESPARC_EXP":785.33,"OTRSER_VA":61469.35,"OTRSER_EXP":252.13,"SERHOG_VA":5946.62,"SERHOG_EXP":0.0}},{"type":"Feature","geometry":{"type":"Point","coordinates":[9.5,56.26]},"properties":{"id":"DNK","name":"Dinamarca","continent":"europe","year":1996,"AGRPFO_VA":4835.7,"AGRPFO_EXP":1482.11,"FORLOG_VA":101.99,"FORLOG_EXP":85.12,"PESCAC_VA":410.54,"PESCAC_EXP":314.59,"MINCOL_VA":0.0,"MINCOL_EXP":0.0,"PETGAS_VA":1816.53,"PETGAS_EXP":651.68,"MINORE_VA":0.0,"MINORE_EXP":0.0,"MINOTH_VA":178.84,"MINOTH_EXP":81.24,"MINSER_VA":38.43,"MINSER_EXP":27.12,"ALYBEB_VA":4282.79,"ALYBEB_EXP":7872.66,"TEXYPR_VA":963.34,"TEXYPR_EXP":1393.95,"MADYPR_VA":748.89,"MADYPR_EXP":695.17,"PAPYPR_VA":1767.77,"PAPYPR_EXP":652.46,"PETREF_VA":148.94,"PETREF_EXP":707.34,"QUIMYP_VA":1650.9,"QUIMYP_EXP":1350.99,"FARMED_VA":1509.98,"FARMED_EXP":1980.34,"HUPLAS_VA":1373.55,"HUPLAS_EXP":1317.5,"PRNOMT_VA":1414.58,"PRNOMT_EXP":605.19,"METBAS_VA":457.85,"METBAS_EXP":570.68,"NONFER_VA":203.62,"NONFER_EXP":305.4,"PRMETA_VA":2243.49,"PRMETA_EXP":1327.01,"ELCTRO_VA":1750.22,"ELCTRO_EXP":2552.32,"ELCTRI_VA":1106.37,"ELCTRI_EXP":1229.06,"MAQYEQ_VA":4159.38,"MAQYEQ_EXP":5310.71,"AUTOMO_VA":424.22,"AUTOMO_EXP":487.65,"OTRTRA_VA":437.78,"OTRTRA_EXP":368.97,"TRANSP_VA":185.98,"TRANSP_EXP":287.22,"OTRMAN_VA":2609.6,"OTRMAN_EXP":2638.21,"ELEGAS_VA":4095.12,"ELEGAS_EXP":800.27,"AGUBAS_VA":1270.0,"AGUBAS_EXP":2.64,"CONSTR_VA":8723.44,"CONSTR_EXP":0.09,"COMREV_VA":22140.69,"COMREV_EXP":8457.42,"TRATIE_VA":4618.46,"TRATIE_EXP":2394.54,"TRAGUA_VA":1976.31,"TRAGUA_EXP":7200.34,"TRAAIR_VA":737.02,"TRAAIR_EXP":1244.32,"ALMSTR_VA":1713.32,"ALMSTR_EXP":765.45,"POSTME_VA":1478.47,"POSTME_EXP":125.44,"HOTYRE_VA":2448.8,"HOTYRE_EXP":741.51,"MMTVRA_VA":2120.33,"MMTVRA_EXP":245.15,"TELECO_VA":2471.86,"TELECO_EXP":233.83,"ITSERV_VA":1401.55,"ITSERV_EXP":164.74,"SERFIN_VA":8126.6,"SERFIN_EXP":906.25,"GOBEST_VA":15532.28,"GOBEST_EXP":216.25,"SPRSCT_VA":7274.91,"SPRSCT_EXP":1523.03,"SEAEMP_VA":3220.64,"SEAEMP_EXP":791.85,"ADPDEF_VA":10771.1,"ADPDEF_EXP":7.98,"EDUCAC_VA":9630.68,"EDUCAC_EXP":26.86,"SALUDH_VA":16673.75,"SALUDH_EXP":91.65,"ESPARC_VA":2615.62,"ESPARC_EXP":246.55,"OTRSER_VA":2938.51,"OTRSER_EXP":75.87,"SERHOG_VA":274.2,"SERHOG_EXP":0.0}},{"type":"Feature","geometry":{"type":"Point","coordinates":[30.8,26.82]},"properties":{"id":"EGY","name":"Egipto","continent":"other","year":1996,"AGRPFO_VA":6918.88,"AGRPFO_EXP":341.72,"FORLOG_VA":1.05,"FORLOG_EXP":0.13,"PESCAC_VA":658.31,"PESCAC_EXP":4.21,"MINCOL_VA":70.99,"MINCOL_EXP":27.61,"PETGAS_VA":8769.42,"PETGAS_EXP":1440.59,"MINORE_VA":93.77,"MINORE_EXP":0.81,"MINOTH_VA":440.66,"MINOTH_EXP":131.8,"MINSER_VA":177.32,"MINSER_EXP":22.92,"ALYBEB_VA":2399.16,"ALYBEB_EXP":354.16,"TEXYPR_VA":948.16,"TEXYPR_EXP":330.71,"MADYPR_VA":396.42,"MADYPR_EXP":8.08,"PAPYPR_VA":591.83,"PAPYPR_EXP":58.79,"PETREF_VA":1438.42,"PETREF_EXP":560.87,"QUIMYP_VA":1408.53,"QUIMYP_EXP":373.3,"FARMED_VA":343.78,"FARMED_EXP":40.23,"HUPLAS_VA":181.32,"HUPLAS_EXP":65.95,"PRNOMT_VA":1059.0,"PRNOMT_EXP":117.69,"METBAS_VA":498.6,"METBAS_EXP":183.22,"NONFER_VA":541.16,"NONFER_EXP":268.77,"PRMETA_VA":442.28,"PRMETA_EXP":46.05,"ELCTRO_VA":68.14,"ELCTRO_EXP":22.59,"ELCTRI_VA":320.6,"ELCTRI_EXP":115.23,"MAQYEQ_VA":74.07,"MAQYEQ_EXP":39.04,"AUTOMO_VA":180.84,"AUTOMO_EXP":20.64,"OTRTRA_VA":8.64,"OTRTRA_EXP":0.29,"TRANSP_VA":22.58,"TRANSP_EXP":0.3,"OTRMAN_VA":597.81,"OTRMAN_EXP":124.88,"ELEGAS_VA":619.83,"ELEGAS_EXP":28.35,"AGUBAS_VA":393.68,"AGUBAS_EXP":3.34,"CONSTR_VA":3435.05,"CONSTR_EXP":9.29,"COMREV_VA":6422.46,"COMREV_EXP":474.35,"TRATIE_VA":1756.39,"TRATIE_EXP":1395.65,"TRAGUA_VA":1596.13,"TRAGUA_EXP":1763.63,"TRAAIR_VA":630.88,"TRAAIR_EXP":765.29,"ALMSTR_VA":1976.32,"ALMSTR_EXP":865.37,"POSTME_VA":74.75,"POSTME_EXP":78.27,"HOTYRE_VA":2079.48,"HOTYRE_EXP":1530.9,"MMTVRA_VA":272.34,"MMTVRA_EXP":69.82,"TELECO_VA":1679.89,"TELECO_EXP":135.15,"ITSERV_VA":200.06,"ITSERV_EXP":66.74,"SERFIN_VA":3221.27,"SERFIN_EXP":237.5,"GOBEST_VA":4780.79,"GOBEST_EXP":148.23,"SPRSCT_VA":1526.55,"SPRSCT_EXP":434.02,"SEAEMP_VA":944.82,"SEAEMP_EXP":636.8,"ADPDEF_VA":2732.09,"ADPDEF_EXP":286.55,"EDUCAC_VA":2752.78,"EDUCAC_EXP":106.34,"SALUDH_VA":1401.46,"SALUDH_EXP":36.08,"ESPARC_VA":667.63,"ESPARC_EXP":59.14,"OTRSER_VA":1104.83,"OTRSER_EXP":46.63,"SERHOG_VA":41.74,"SERHOG_EXP":0.0}},{"type":"Feature","geometry":{"type":"Point","coordinates":[-3.75,40.46]},"properties":{"id":"ESP","name":"España","continent":"europe","year":1996,"AGRPFO_VA":25270.41,"AGRPFO_EXP":6215.91,"FORLOG_VA":1112.98,"FORLOG_EXP":106.54,"PESCAC_VA":1970.66,"PESCAC_EXP":122.77,"MINCOL_VA":1437.33,"MINCOL_EXP":2.35,"PETGAS_VA":58.17,"PETGAS_EXP":3.0,"MINORE_VA":164.13,"MINORE_EXP":81.13,"MINOTH_VA":1247.21,"MINOTH_EXP":330.95,"MINSER_VA":63.33,"MINSER_EXP":68.76,"ALYBEB_VA":16572.29,"ALYBEB_EXP":7976.29,"TEXYPR_VA":8861.93,"TEXYPR_EXP":5640.92,"MADYPR_VA":2699.44,"MADYPR_EXP":676.41,"PAPYPR_VA":6411.23,"PAPYPR_EXP":1735.89,"PETREF_VA":2406.96,"PETREF_EXP":2221.85,"QUIMYP_VA":6723.56,"QUIMYP_EXP":6614.83,"FARMED_VA":3497.96,"FARMED_EXP":1323.22,"HUPLAS_VA":5245.0,"HUPLAS_EXP":3008.97,"PRNOMT_VA":8126.53,"PRNOMT_EXP":3054.23,"METBAS_VA":3585.67,"METBAS_EXP":3391.96,"NONFER_VA":1354.23,"NONFER_EXP":1735.11,"PRMETA_VA":8987.48,"PRMETA_EXP":2626.83,"ELCTRO_VA":3873.34,"ELCTRO_EXP":4468.22,"ELCTRI_VA":4312.75,"ELCTRI_EXP":3135.93,"MAQYEQ_VA":5453.38,"MAQYEQ_EXP":6345.25,"AUTOMO_VA":10842.73,"AUTOMO_EXP":21107.0,"OTRTRA_VA":642.54,"OTRTRA_EXP":221.81,"TRANSP_VA":1758.94,"TRANSP_EXP":2091.86,"OTRMAN_VA":6605.15,"OTRMAN_EXP":2934.9,"ELEGAS_VA":14544.62,"ELEGAS_EXP":130.03,"AGUBAS_VA":4655.49,"AGUBAS_EXP":100.51,"CONSTR_VA":54300.18,"CONSTR_EXP":186.57,"COMREV_VA":73209.29,"COMREV_EXP":14498.21,"TRATIE_VA":20466.46,"TRATIE_EXP":5995.29,"TRAGUA_VA":943.31,"TRAGUA_EXP":667.72,"TRAAIR_VA":2835.17,"TRAAIR_EXP":4756.4,"ALMSTR_VA":5637.82,"ALMSTR_EXP":2817.27,"POSTME_VA":1770.67,"POSTME_EXP":83.76,"HOTYRE_VA":42512.9,"HOTYRE_EXP":6178.73,"MMTVRA_VA":7189.01,"MMTVRA_EXP":1338.29,"TELECO_VA":12732.66,"TELECO_EXP":1050.05,"ITSERV_VA":3873.53,"ITSERV_EXP":1557.01,"SERFIN_VA":27980.83,"SERFIN_EXP":1916.27,"GOBEST_VA":33612.48,"GOBEST_EXP":1146.26,"SPRSCT_VA":20273.67,"SPRSCT_EXP":4394.38,"SEAEMP_VA":14547.02,"SEAEMP_EXP":1672.85,"ADPDEF_VA":37228.1,"ADPDEF_EXP":386.69,"EDUCAC_VA":31337.04,"EDUCAC_EXP":598.92,"SALUDH_VA":30513.16,"SALUDH_EXP":393.14,"ESPARC_VA":9327.25,"ESPARC_EXP":1154.44,"OTRSER_VA":9325.15,"OTRSER_EXP":398.06,"SERHOG_VA":6128.38,"SERHOG_EXP":0.0}},{"type":"Feature","geometry":{"type":"Point","coordinates":[25.01,58.6]},"properties":{"id":"EST","name":"Estonia","continent":"europe","year":1996,"AGRPFO_VA":144.85,"AGRPFO_EXP":21.61,"FORLOG_VA":40.69,"FORLOG_EXP":78.45,"PESCAC_VA":23.13,"PESCAC_EXP":9.49,"MINCOL_VA":3.81,"MINCOL_EXP":1.64,"PETGAS_VA":39.06,"PETGAS_EXP":5.06,"MINORE_VA":0.0,"MINORE_EXP":0.0,"MINOTH_VA":9.06,"MINOTH_EXP":2.1,"MINSER_VA":38.23,"MINSER_EXP":0.17,"ALYBEB_VA":199.7,"ALYBEB_EXP":229.97,"TEXYPR_VA":110.95,"TEXYPR_EXP":222.78,"MADYPR_VA":76.8,"MADYPR_EXP":156.66,"PAPYPR_VA":30.74,"PAPYPR_EXP":27.04,"PETREF_VA":3.6,"PETREF_EXP":1.34,"QUIMYP_VA":60.05,"QUIMYP_EXP":86.41,"FARMED_VA":8.4,"FARMED_EXP":9.81,"HUPLAS_VA":17.61,"HUPLAS_EXP":25.44,"PRNOMT_VA":41.38,"PRNOMT_EXP":43.62,"METBAS_VA":0.06,"METBAS_EXP":0.03,"NONFER_VA":0.53,"NONFER_EXP":0.88,"PRMETA_VA":57.04,"PRMETA_EXP":66.71,"ELCTRO_VA":16.55,"ELCTRO_EXP":28.2,"ELCTRI_VA":22.03,"ELCTRI_EXP":27.64,"MAQYEQ_VA":24.74,"MAQYEQ_EXP":31.55,"AUTOMO_VA":22.45,"AUTOMO_EXP":6.26,"OTRTRA_VA":0.99,"OTRTRA_EXP":1.99,"TRANSP_VA":0.13,"TRANSP_EXP":0.09,"OTRMAN_VA":120.95,"OTRMAN_EXP":158.99,"ELEGAS_VA":122.31,"ELEGAS_EXP":24.91,"AGUBAS_VA":52.37,"AGUBAS_EXP":1.46,"CONSTR_VA":269.3,"CONSTR_EXP":6.4,"COMREV_VA":557.51,"COMREV_EXP":265.13,"TRATIE_VA":199.04,"TRATIE_EXP":145.21,"TRAGUA_VA":55.02,"TRAGUA_EXP":185.67,"TRAAIR_VA":7.87,"TRAAIR_EXP":38.36,"ALMSTR_VA":112.33,"ALMSTR_EXP":229.37,"POSTME_VA":14.31,"POSTME_EXP":15.59,"HOTYRE_VA":73.05,"HOTYRE_EXP":132.62,"MMTVRA_VA":64.02,"MMTVRA_EXP":10.33,"TELECO_VA":105.5,"TELECO_EXP":13.16,"ITSERV_VA":22.01,"ITSERV_EXP":8.98,"SERFIN_VA":127.61,"SERFIN_EXP":23.51,"GOBEST_VA":461.84,"GOBEST_EXP":24.09,"SPRSCT_VA":140.04,"SPRSCT_EXP":46.96,"SEAEMP_VA":56.03,"SEAEMP_EXP":16.56,"ADPDEF_VA":305.58,"ADPDEF_EXP":13.93,"EDUCAC_VA":255.62,"EDUCAC_EXP":11.76,"SALUDH_VA":164.13,"SALUDH_EXP":7.29,"ESPARC_VA":61.09,"ESPARC_EXP":15.57,"OTRSER_VA":59.66,"OTRSER_EXP":6.2,"SERHOG_VA":2.2,"SERHOG_EXP":0.0}},{"type":"Feature","geometry":{"type":"Point","coordinates":[25.75,61.92]},"properties":{"id":"FIN","name":"Finlandia","continent":"europe","year":1996,"AGRPFO_VA":2194.55,"AGRPFO_EXP":494.06,"FORLOG_VA":2244.78,"FORLOG_EXP":95.46,"PESCAC_VA":127.9,"PESCAC_EXP":4.5,"MINCOL_VA":123.88,"MINCOL_EXP":9.21,"PETGAS_VA":0.0,"PETGAS_EXP":0.0,"MINORE_VA":59.38,"MINORE_EXP":18.16,"MINOTH_VA":342.33,"MINOTH_EXP":84.98,"MINSER_VA":1.22,"MINSER_EXP":0.96,"ALYBEB_VA":2720.69,"ALYBEB_EXP":1155.32,"TEXYPR_VA":829.9,"TEXYPR_EXP":799.09,"MADYPR_VA":1301.86,"MADYPR_EXP":2107.76,"PAPYPR_VA":5679.15,"PAPYPR_EXP":7816.11,"PETREF_VA":445.98,"PETREF_EXP":656.62,"QUIMYP_VA":1582.45,"QUIMYP_EXP":1815.59,"FARMED_VA":444.5,"FARMED_EXP":164.39,"HUPLAS_VA":910.65,"HUPLAS_EXP":754.27,"PRNOMT_VA":838.14,"PRNOMT_EXP":465.25,"METBAS_VA":1205.76,"METBAS_EXP":1780.63,"NONFER_VA":367.43,"NONFER_EXP":881.27,"PRMETA_VA":1873.58,"PRMETA_EXP":1509.69,"ELCTRO_VA":3655.08,"ELCTRO_EXP":5398.51,"ELCTRI_VA":1160.9,"ELCTRI_EXP":1480.1,"MAQYEQ_VA":3228.3,"MAQYEQ_EXP":4099.06,"AUTOMO_VA":426.47,"AUTOMO_EXP":445.71,"OTRTRA_VA":496.01,"OTRTRA_EXP":1144.56,"TRANSP_VA":166.7,"TRANSP_EXP":277.51,"OTRMAN_VA":2182.91,"OTRMAN_EXP":751.68,"ELEGAS_VA":2685.55,"ELEGAS_EXP":91.29,"AGUBAS_VA":853.77,"AGUBAS_EXP":16.37,"CONSTR_VA":6361.86,"CONSTR_EXP":22.85,"COMREV_VA":11365.91,"COMREV_EXP":4734.99,"TRATIE_VA":4258.12,"TRATIE_EXP":588.59,"TRAGUA_VA":682.43,"TRAGUA_EXP":1379.33,"TRAAIR_VA":688.08,"TRAAIR_EXP":776.01,"ALMSTR_VA":1588.66,"ALMSTR_EXP":425.72,"POSTME_VA":976.02,"POSTME_EXP":108.8,"HOTYRE_VA":1763.44,"HOTYRE_EXP":398.25,"MMTVRA_VA":1719.63,"MMTVRA_EXP":395.82,"TELECO_VA":1559.61,"TELECO_EXP":56.86,"ITSERV_VA":1156.08,"ITSERV_EXP":1097.7,"SERFIN_VA":4573.6,"SERFIN_EXP":300.84,"GOBEST_VA":10974.27,"GOBEST_EXP":104.49,"SPRSCT_VA":4213.24,"SPRSCT_EXP":784.15,"SEAEMP_VA":2061.18,"SEAEMP_EXP":237.37,"ADPDEF_VA":7901.27,"ADPDEF_EXP":75.36,"EDUCAC_VA":6556.78,"EDUCAC_EXP":61.76,"SALUDH_VA":9919.73,"SALUDH_EXP":28.86,"ESPARC_VA":1356.18,"ESPARC_EXP":59.81,"OTRSER_VA":1884.16,"OTRSER_EXP":33.77,"SERHOG_VA":63.43,"SERHOG_EXP":0.0}},{"type":"Feature","geometry":{"type":"Point","coordinates":[2.21,46.23]},"properties":{"id":"FRA","name":"Francia","continent":"europe","year":1996,"AGRPFO_VA":33579.4,"AGRPFO_EXP":9352.94,"FORLOG_VA":3375.17,"FORLOG_EXP":92.65,"PESCAC_VA":1361.52,"PESCAC_EXP":354.29,"MINCOL_VA":241.64,"MINCOL_EXP":5.57,"PETGAS_VA":208.38,"PETGAS_EXP":17.71,"MINORE_VA":12.86,"MINORE_EXP":5.8,"MINOTH_VA":1949.71,"MINOTH_EXP":508.83,"MINSER_VA":12.31,"MINSER_EXP":54.13,"ALYBEB_VA":35716.16,"ALYBEB_EXP":23243.1,"TEXYPR_VA":13007.11,"TEXYPR_EXP":10368.25,"MADYPR_VA":4175.65,"MADYPR_EXP":1454.02,"PAPYPR_VA":13099.19,"PAPYPR_EXP":5271.42,"PETREF_VA":3159.56,"PETREF_EXP":4004.0,"QUIMYP_VA":14715.74,"QUIMYP_EXP":22296.34,"FARMED_VA":9953.07,"FARMED_EXP":5500.88,"HUPLAS_VA":12861.67,"HUPLAS_EXP":6916.61,"PRNOMT_VA":9867.35,"PRNOMT_EXP":4009.24,"METBAS_VA":4849.09,"METBAS_EXP":8146.76,"NONFER_VA":4350.75,"NONFER_EXP":4743.07,"PRMETA_VA":21665.4,"PRMETA_EXP":5299.0,"ELCTRO_VA":14408.24,"ELCTRO_EXP":20963.3,"ELCTRI_VA":10845.71,"ELCTRI_EXP":9827.48,"MAQYEQ_VA":14784.16,"MAQYEQ_EXP":21466.65,"AUTOMO_VA":17008.99,"AUTOMO_EXP":29351.58,"OTRTRA_VA":956.8,"OTRTRA_EXP":1638.39,"TRANSP_VA":7618.19,"TRANSP_EXP":12108.53,"OTRMAN_VA":28077.78,"OTRMAN_EXP":4610.74,"ELEGAS_VA":34588.04,"ELEGAS_EXP":3428.99,"AGUBAS_VA":8379.03,"AGUBAS_EXP":680.16,"CONSTR_VA":75111.08,"CONSTR_EXP":97.74,"COMREV_VA":166311.05,"COMREV_EXP":48211.78,"TRATIE_VA":30590.11,"TRATIE_EXP":8509.63,"TRAGUA_VA":1059.44,"TRAGUA_EXP":4545.62,"TRAAIR_VA":2867.89,"TRAAIR_EXP":10285.84,"ALMSTR_VA":19222.88,"ALMSTR_EXP":2748.55,"POSTME_VA":8639.05,"POSTME_EXP":117.59,"HOTYRE_VA":29388.89,"HOTYRE_EXP":11326.45,"MMTVRA_VA":18109.11,"MMTVRA_EXP":3072.58,"TELECO_VA":24677.49,"TELECO_EXP":655.28,"ITSERV_VA":31086.64,"ITSERV_EXP":599.93,"SERFIN_VA":58662.95,"SERFIN_EXP":6574.08,"GOBEST_VA":170733.01,"GOBEST_EXP":1766.35,"SPRSCT_VA":93002.25,"SPRSCT_EXP":12827.76,"SEAEMP_VA":72517.32,"SEAEMP_EXP":12274.19,"ADPDEF_VA":127726.0,"ADPDEF_EXP":1455.38,"EDUCAC_VA":79213.16,"EDUCAC_EXP":1024.68,"SALUDH_VA":108327.69,"SALUDH_EXP":691.94,"ESPARC_VA":14164.45,"ESPARC_EXP":1483.09,"OTRSER_VA":22736.11,"OTRSER_EXP":561.16,"SERHOG_VA":3383.85,"SERHOG_EXP":0.0}},{"type":"Feature","geometry":{"type":"Point","coordinates":[-3.44,55.38]},"properties":{"id":"GBR","name":"Reino Unido","continent":"europe","year":1996,"AGRPFO_VA":14524.12,"AGRPFO_EXP":1858.57,"FORLOG_VA":483.18,"FORLOG_EXP":44.05,"PESCAC_VA":647.44,"PESCAC_EXP":385.75,"MINCOL_VA":1053.39,"MINCOL_EXP":84.55,"PETGAS_VA":19799.88,"PETGAS_EXP":10073.67,"MINORE_VA":0.0,"MINORE_EXP":0.0,"MINOTH_VA":1828.55,"MINOTH_EXP":2867.04,"MINSER_VA":3561.7,"MINSER_EXP":457.16,"ALYBEB_VA":32904.59,"ALYBEB_EXP":12846.9,"TEXYPR_VA":12811.73,"TEXYPR_EXP":6754.7,"MADYPR_VA":2930.0,"MADYPR_EXP":505.04,"PAPYPR_VA":11982.2,"PAPYPR_EXP":3641.42,"PETREF_VA":1845.64,"PETREF_EXP":4297.1,"QUIMYP_VA":19642.73,"QUIMYP_EXP":18833.72,"FARMED_VA":11392.26,"FARMED_EXP":5466.79,"HUPLAS_VA":10335.24,"HUPLAS_EXP":5439.38,"PRNOMT_VA":7865.56,"PRNOMT_EXP":2809.73,"METBAS_VA":3404.18,"METBAS_EXP":5667.12,"NONFER_VA":4428.87,"NONFER_EXP":4377.58,"PRMETA_VA":19474.52,"PRMETA_EXP":6718.34,"ELCTRO_VA":16576.23,"ELCTRO_EXP":24580.38,"ELCTRI_VA":8030.08,"ELCTRI_EXP":5971.15,"MAQYEQ_VA":17421.34,"MAQYEQ_EXP":20909.2,"AUTOMO_VA":14042.15,"AUTOMO_EXP":18282.91,"OTRTRA_VA":1507.99,"OTRTRA_EXP":609.93,"TRANSP_VA":7459.3,"TRANSP_EXP":12359.81,"OTRMAN_VA":18171.6,"OTRMAN_EXP":6758.06,"ELEGAS_VA":18884.17,"ELEGAS_EXP":116.47,"AGUBAS_VA":17496.26,"AGUBAS_EXP":118.22,"CONSTR_VA":68978.37,"CONSTR_EXP":75.97,"COMREV_VA":152565.83,"COMREV_EXP":40045.7,"TRATIE_VA":25789.91,"TRATIE_EXP":4767.27,"TRAGUA_VA":4070.36,"TRAGUA_EXP":5376.05,"TRAAIR_VA":5983.05,"TRAAIR_EXP":7256.03,"ALMSTR_VA":13592.83,"ALMSTR_EXP":2824.96,"POSTME_VA":10041.99,"POSTME_EXP":589.15,"HOTYRE_VA":33341.03,"HOTYRE_EXP":5292.0,"MMTVRA_VA":22549.51,"MMTVRA_EXP":8296.04,"TELECO_VA":24605.27,"TELECO_EXP":2701.41,"ITSERV_VA":17464.68,"ITSERV_EXP":2767.69,"SERFIN_VA":96517.1,"SERFIN_EXP":32004.75,"GOBEST_VA":190326.13,"GOBEST_EXP":1189.23,"SPRSCT_VA":66360.14,"SPRSCT_EXP":16212.35,"SEAEMP_VA":46793.89,"SEAEMP_EXP":10001.95,"ADPDEF_VA":73844.02,"ADPDEF_EXP":0.14,"EDUCAC_VA":63475.5,"EDUCAC_EXP":3039.06,"SALUDH_VA":71109.36,"SALUDH_EXP":163.17,"ESPARC_VA":15283.07,"ESPARC_EXP":2912.85,"OTRSER_VA":18073.85,"OTRSER_EXP":366.74,"SERHOG_VA":2085.7,"SERHOG_EXP":0.0}},{"type":"Feature","geometry":{"type":"Point","coordinates":[21.82,39.07]},"properties":{"id":"GRC","name":"Grecia","continent":"europe","year":1996,"AGRPFO_VA":8368.85,"AGRPFO_EXP":1075.48,"FORLOG_VA":63.0,"FORLOG_EXP":3.27,"PESCAC_VA":417.08,"PESCAC_EXP":199.1,"MINCOL_VA":35.22,"MINCOL_EXP":0.81,"PETGAS_VA":4.29,"PETGAS_EXP":12.57,"MINORE_VA":56.28,"MINORE_EXP":37.25,"MINOTH_VA":524.15,"MINOTH_EXP":93.93,"MINSER_VA":12.99,"MINSER_EXP":4.09,"ALYBEB_VA":3617.32,"ALYBEB_EXP":1432.84,"TEXYPR_VA":2286.1,"TEXYPR_EXP":1404.9,"MADYPR_VA":589.85,"MADYPR_EXP":97.05,"PAPYPR_VA":1273.72,"PAPYPR_EXP":148.93,"PETREF_VA":418.85,"PETREF_EXP":1283.55,"QUIMYP_VA":1049.84,"QUIMYP_EXP":537.71,"FARMED_VA":985.21,"FARMED_EXP":183.78,"HUPLAS_VA":426.56,"HUPLAS_EXP":215.42,"PRNOMT_VA":1294.86,"PRNOMT_EXP":288.03,"METBAS_VA":392.9,"METBAS_EXP":392.04,"NONFER_VA":280.36,"NONFER_EXP":541.07,"PRMETA_VA":727.93,"PRMETA_EXP":160.21,"ELCTRO_VA":204.88,"ELCTRO_EXP":240.94,"ELCTRI_VA":301.57,"ELCTRI_EXP":192.44,"MAQYEQ_VA":461.39,"MAQYEQ_EXP":302.93,"AUTOMO_VA":135.46,"AUTOMO_EXP":77.6,"OTRTRA_VA":172.65,"OTRTRA_EXP":82.4,"TRANSP_VA":86.25,"TRANSP_EXP":78.04,"OTRMAN_VA":1066.8,"OTRMAN_EXP":337.16,"ELEGAS_VA":2597.36,"ELEGAS_EXP":17.43,"AGUBAS_VA":1605.44,"AGUBAS_EXP":1.94,"CONSTR_VA":8106.33,"CONSTR_EXP":1.02,"COMREV_VA":21904.24,"COMREV_EXP":3069.73,"TRATIE_VA":3049.85,"TRATIE_EXP":624.79,"TRAGUA_VA":1329.08,"TRAGUA_EXP":1373.94,"TRAAIR_VA":501.98,"TRAAIR_EXP":308.79,"ALMSTR_VA":1218.88,"ALMSTR_EXP":164.67,"POSTME_VA":418.12,"POSTME_EXP":8.03,"HOTYRE_VA":6563.6,"HOTYRE_EXP":2424.86,"MMTVRA_VA":948.1,"MMTVRA_EXP":88.81,"TELECO_VA":2332.49,"TELECO_EXP":93.11,"ITSERV_VA":381.36,"ITSERV_EXP":17.25,"SERFIN_VA":9901.4,"SERFIN_EXP":180.57,"GOBEST_VA":17105.07,"GOBEST_EXP":263.22,"SPRSCT_VA":5886.94,"SPRSCT_EXP":108.37,"SEAEMP_VA":2057.84,"SEAEMP_EXP":203.15,"ADPDEF_VA":10194.13,"ADPDEF_EXP":4.79,"EDUCAC_VA":5291.34,"EDUCAC_EXP":121.42,"SALUDH_VA":4356.24,"SALUDH_EXP":84.11,"ESPARC_VA":1756.77,"ESPARC_EXP":194.99,"OTRSER_VA":1472.97,"OTRSER_EXP":80.99,"SERHOG_VA":383.64,"SERHOG_EXP":0.0}},{"type":"Feature","geometry":{"type":"Point","coordinates":[114.11,22.4]},"properties":{"id":"HKG","name":"Hong Kong","continent":"asia","year":1996,"AGRPFO_VA":111.41,"AGRPFO_EXP":5.66,"FORLOG_VA":13.23,"FORLOG_EXP":1.98,"PESCAC_VA":21.72,"PESCAC_EXP":5.2,"MINCOL_VA":0.0,"MINCOL_EXP":0.0,"PETGAS_VA":0.0,"PETGAS_EXP":0.0,"MINORE_VA":0.0,"MINORE_EXP":0.0,"MINOTH_VA":0.0,"MINOTH_EXP":0.0,"MINSER_VA":21.94,"MINSER_EXP":11.39,"ALYBEB_VA":2833.13,"ALYBEB_EXP":4215.33,"TEXYPR_VA":432.72,"TEXYPR_EXP":308.94,"MADYPR_VA":370.88,"MADYPR_EXP":113.26,"PAPYPR_VA":211.53,"PAPYPR_EXP":357.21,"PETREF_VA":60.55,"PETREF_EXP":33.65,"QUIMYP_VA":205.88,"QUIMYP_EXP":326.6,"FARMED_VA":190.52,"FARMED_EXP":118.89,"HUPLAS_VA":59.06,"HUPLAS_EXP":0.23,"PRNOMT_VA":79.86,"PRNOMT_EXP":39.25,"METBAS_VA":35.7,"METBAS_EXP":106.92,"NONFER_VA":20.33,"NONFER_EXP":86.74,"PRMETA_VA":108.38,"PRMETA_EXP":324.44,"ELCTRO_VA":982.11,"ELCTRO_EXP":716.41,"ELCTRI_VA":154.71,"ELCTRI_EXP":398.99,"MAQYEQ_VA":90.25,"MAQYEQ_EXP":356.38,"AUTOMO_VA":74.87,"AUTOMO_EXP":214.21,"OTRTRA_VA":16.69,"OTRTRA_EXP":71.22,"TRANSP_VA":29.57,"TRANSP_EXP":83.79,"OTRMAN_VA":317.6,"OTRMAN_EXP":109.14,"ELEGAS_VA":4071.58,"ELEGAS_EXP":93.45,"AGUBAS_VA":1691.26,"AGUBAS_EXP":38.85,"CONSTR_VA":7358.69,"CONSTR_EXP":115.43,"COMREV_VA":35704.93,"COMREV_EXP":6054.68,"TRATIE_VA":4431.81,"TRATIE_EXP":1413.27,"TRAGUA_VA":2829.8,"TRAGUA_EXP":2860.27,"TRAAIR_VA":3380.81,"TRAAIR_EXP":4814.53,"ALMSTR_VA":206.93,"ALMSTR_EXP":67.51,"POSTME_VA":644.45,"POSTME_EXP":56.36,"HOTYRE_VA":4596.52,"HOTYRE_EXP":3428.73,"MMTVRA_VA":478.02,"MMTVRA_EXP":485.36,"TELECO_VA":5812.3,"TELECO_EXP":789.7,"ITSERV_VA":1435.46,"ITSERV_EXP":451.91,"SERFIN_VA":19296.28,"SERFIN_EXP":13217.7,"GOBEST_VA":23984.09,"GOBEST_EXP":568.83,"SPRSCT_VA":3240.88,"SPRSCT_EXP":692.44,"SEAEMP_VA":2210.66,"SEAEMP_EXP":337.0,"ADPDEF_VA":9030.92,"ADPDEF_EXP":51.81,"EDUCAC_VA":11342.57,"EDUCAC_EXP":689.88,"SALUDH_VA":5352.68,"SALUDH_EXP":160.62,"ESPARC_VA":805.18,"ESPARC_EXP":782.67,"OTRSER_VA":2047.17,"OTRSER_EXP":167.96,"SERHOG_VA":1733.81,"SERHOG_EXP":0.0}},{"type":"Feature","geometry":{"type":"Point","coordinates":[15.2,45.1]},"properties":{"id":"HRV","name":"Croacia","continent":"europe","year":1996,"AGRPFO_VA":1149.66,"AGRPFO_EXP":209.95,"FORLOG_VA":121.54,"FORLOG_EXP":11.52,"PESCAC_VA":36.09,"PESCAC_EXP":18.5,"MINCOL_VA":0.77,"MINCOL_EXP":0.13,"PETGAS_VA":63.05,"PETGAS_EXP":10.58,"MINORE_VA":0.76,"MINORE_EXP":0.24,"MINOTH_VA":48.93,"MINOTH_EXP":5.92,"MINSER_VA":19.19,"MINSER_EXP":16.16,"ALYBEB_VA":869.1,"ALYBEB_EXP":495.67,"TEXYPR_VA":451.25,"TEXYPR_EXP":192.56,"MADYPR_VA":157.06,"MADYPR_EXP":62.71,"PAPYPR_VA":212.42,"PAPYPR_EXP":42.71,"PETREF_VA":380.85,"PETREF_EXP":279.88,"QUIMYP_VA":138.58,"QUIMYP_EXP":80.2,"FARMED_VA":213.04,"FARMED_EXP":44.45,"HUPLAS_VA":105.31,"HUPLAS_EXP":15.5,"PRNOMT_VA":233.92,"PRNOMT_EXP":63.1,"METBAS_VA":34.13,"METBAS_EXP":25.77,"NONFER_VA":18.7,"NONFER_EXP":46.59,"PRMETA_VA":272.52,"PRMETA_EXP":55.02,"ELCTRO_VA":115.08,"ELCTRO_EXP":71.52,"ELCTRI_VA":148.85,"ELCTRI_EXP":74.98,"MAQYEQ_VA":172.86,"MAQYEQ_EXP":77.15,"AUTOMO_VA":30.11,"AUTOMO_EXP":48.97,"OTRTRA_VA":91.62,"OTRTRA_EXP":170.63,"TRANSP_VA":26.83,"TRANSP_EXP":17.22,"OTRMAN_VA":184.89,"OTRMAN_EXP":173.16,"ELEGAS_VA":485.92,"ELEGAS_EXP":13.81,"AGUBAS_VA":243.66,"AGUBAS_EXP":11.52,"CONSTR_VA":1357.9,"CONSTR_EXP":30.23,"COMREV_VA":2702.1,"COMREV_EXP":514.2,"TRATIE_VA":671.32,"TRATIE_EXP":503.71,"TRAGUA_VA":93.33,"TRAGUA_EXP":148.33,"TRAAIR_VA":52.82,"TRAAIR_EXP":125.44,"ALMSTR_VA":262.86,"ALMSTR_EXP":100.44,"POSTME_VA":64.76,"POSTME_EXP":4.41,"HOTYRE_VA":630.37,"HOTYRE_EXP":689.81,"MMTVRA_VA":245.84,"MMTVRA_EXP":58.5,"TELECO_VA":455.47,"TELECO_EXP":161.99,"ITSERV_VA":77.02,"ITSERV_EXP":9.68,"SERFIN_VA":913.7,"SERFIN_EXP":206.17,"GOBEST_VA":1845.91,"GOBEST_EXP":19.08,"SPRSCT_VA":644.11,"SPRSCT_EXP":297.56,"SEAEMP_VA":188.8,"SEAEMP_EXP":80.57,"ADPDEF_VA":1726.3,"ADPDEF_EXP":16.35,"EDUCAC_VA":644.44,"EDUCAC_EXP":55.3,"SALUDH_VA":675.75,"SALUDH_EXP":40.16,"ESPARC_VA":131.93,"ESPARC_EXP":203.77,"OTRSER_VA":235.53,"OTRSER_EXP":44.4,"SERHOG_VA":33.7,"SERHOG_EXP":0.0}},{"type":"Feature","geometry":{"type":"Point","coordinates":[19.5,47.16]},"properties":{"id":"HUN","name":"Hungría","continent":"europe","year":1996,"AGRPFO_VA":3289.92,"AGRPFO_EXP":557.32,"FORLOG_VA":144.59,"FORLOG_EXP":52.89,"PESCAC_VA":9.97,"PESCAC_EXP":7.06,"MINCOL_VA":19.96,"MINCOL_EXP":1.0,"PETGAS_VA":29.35,"PETGAS_EXP":2.9,"MINORE_VA":18.64,"MINORE_EXP":0.76,"MINOTH_VA":76.74,"MINOTH_EXP":6.01,"MINSER_VA":23.99,"MINSER_EXP":25.31,"ALYBEB_VA":1318.18,"ALYBEB_EXP":1055.4,"TEXYPR_VA":811.9,"TEXYPR_EXP":572.45,"MADYPR_VA":239.49,"MADYPR_EXP":143.92,"PAPYPR_VA":364.96,"PAPYPR_EXP":167.15,"PETREF_VA":968.43,"PETREF_EXP":251.1,"QUIMYP_VA":455.77,"QUIMYP_EXP":504.71,"FARMED_VA":453.72,"FARMED_EXP":188.75,"HUPLAS_VA":348.89,"HUPLAS_EXP":302.17,"PRNOMT_VA":421.25,"PRNOMT_EXP":186.33,"METBAS_VA":172.92,"METBAS_EXP":214.89,"NONFER_VA":181.48,"NONFER_EXP":273.56,"PRMETA_VA":638.3,"PRMETA_EXP":377.42,"ELCTRO_VA":450.17,"ELCTRO_EXP":1468.96,"ELCTRI_VA":504.42,"ELCTRI_EXP":690.33,"MAQYEQ_VA":496.51,"MAQYEQ_EXP":494.11,"AUTOMO_VA":772.18,"AUTOMO_EXP":1992.13,"OTRTRA_VA":0.46,"OTRTRA_EXP":0.83,"TRANSP_VA":30.51,"TRANSP_EXP":38.85,"OTRMAN_VA":390.29,"OTRMAN_EXP":434.94,"ELEGAS_VA":1081.16,"ELEGAS_EXP":69.25,"AGUBAS_VA":387.78,"AGUBAS_EXP":3.16,"CONSTR_VA":1929.87,"CONSTR_EXP":14.62,"COMREV_VA":3749.69,"COMREV_EXP":1513.05,"TRATIE_VA":1828.83,"TRATIE_EXP":784.07,"TRAGUA_VA":75.96,"TRAGUA_EXP":69.42,"TRAAIR_VA":75.96,"TRAAIR_EXP":294.24,"ALMSTR_VA":315.19,"ALMSTR_EXP":397.96,"POSTME_VA":289.83,"POSTME_EXP":51.19,"HOTYRE_VA":951.27,"HOTYRE_EXP":1197.1,"MMTVRA_VA":330.92,"MMTVRA_EXP":180.73,"TELECO_VA":1004.0,"TELECO_EXP":337.88,"ITSERV_VA":266.72,"ITSERV_EXP":146.96,"SERFIN_VA":2066.56,"SERFIN_EXP":511.14,"GOBEST_VA":3371.03,"GOBEST_EXP":274.15,"SPRSCT_VA":1637.47,"SPRSCT_EXP":980.57,"SEAEMP_VA":1005.26,"SEAEMP_EXP":208.65,"ADPDEF_VA":3321.06,"ADPDEF_EXP":10.82,"EDUCAC_VA":2041.86,"EDUCAC_EXP":85.37,"SALUDH_VA":1815.5,"SALUDH_EXP":58.36,"ESPARC_VA":596.43,"ESPARC_EXP":116.18,"OTRSER_VA":894.17,"OTRSER_EXP":55.31,"SERHOG_VA":5.8,"SERHOG_EXP":0.0}},{"type":"Feature","geometry":{"type":"Point","coordinates":[113.92,-0.79]},"properties":{"id":"IDN","name":"Indonesia","continent":"asia","year":1996,"AGRPFO_VA":28019.38,"AGRPFO_EXP":1512.49,"FORLOG_VA":2158.03,"FORLOG_EXP":30.39,"PESCAC_VA":5330.92,"PESCAC_EXP":190.45,"MINCOL_VA":5981.07,"MINCOL_EXP":1087.01,"PETGAS_VA":12519.31,"PETGAS_EXP":11725.68,"MINORE_VA":4063.63,"MINORE_EXP":2769.55,"MINOTH_VA":2937.51,"MINOTH_EXP":128.57,"MINSER_VA":1244.52,"MINSER_EXP":24.55,"ALYBEB_VA":15114.53,"ALYBEB_EXP":3802.24,"TEXYPR_VA":4321.66,"TEXYPR_EXP":7406.09,"MADYPR_VA":1972.95,"MADYPR_EXP":1926.25,"PAPYPR_VA":2474.29,"PAPYPR_EXP":1802.31,"PETREF_VA":8278.71,"PETREF_EXP":1843.39,"QUIMYP_VA":3356.02,"QUIMYP_EXP":2085.45,"FARMED_VA":742.01,"FARMED_EXP":79.28,"HUPLAS_VA":2440.52,"HUPLAS_EXP":2079.04,"PRNOMT_VA":1825.62,"PRNOMT_EXP":443.98,"METBAS_VA":1004.16,"METBAS_EXP":289.98,"NONFER_VA":941.21,"NONFER_EXP":618.05,"PRMETA_VA":4800.48,"PRMETA_EXP":738.56,"ELCTRO_VA":1658.82,"ELCTRO_EXP":2618.06,"ELCTRI_VA":1303.58,"ELCTRI_EXP":938.58,"MAQYEQ_VA":916.86,"MAQYEQ_EXP":1126.94,"AUTOMO_VA":4860.19,"AUTOMO_EXP":179.62,"OTRTRA_VA":193.72,"OTRTRA_EXP":271.08,"TRANSP_VA":198.9,"TRANSP_EXP":393.42,"OTRMAN_VA":1296.32,"OTRMAN_EXP":1187.4,"ELEGAS_VA":2709.87,"ELEGAS_EXP":4.06,"AGUBAS_VA":197.3,"AGUBAS_EXP":0.25,"CONSTR_VA":24055.64,"CONSTR_EXP":147.52,"COMREV_VA":44746.67,"COMREV_EXP":5658.31,"TRATIE_VA":5179.67,"TRATIE_EXP":1084.84,"TRAGUA_VA":1121.0,"TRAGUA_EXP":1073.5,"TRAAIR_VA":1441.28,"TRAAIR_EXP":715.23,"ALMSTR_VA":1219.62,"ALMSTR_EXP":164.06,"POSTME_VA":259.65,"POSTME_EXP":140.85,"HOTYRE_VA":7542.88,"HOTYRE_EXP":2705.91,"MMTVRA_VA":1829.9,"MMTVRA_EXP":177.59,"TELECO_VA":6978.89,"TELECO_EXP":290.7,"ITSERV_VA":722.35,"ITSERV_EXP":15.35,"SERFIN_VA":8913.66,"SERFIN_EXP":298.72,"GOBEST_VA":6731.79,"GOBEST_EXP":369.7,"SPRSCT_VA":1881.3,"SPRSCT_EXP":603.46,"SEAEMP_VA":1946.31,"SEAEMP_EXP":685.42,"ADPDEF_VA":9694.94,"ADPDEF_EXP":0.27,"EDUCAC_VA":7511.48,"EDUCAC_EXP":150.75,"SALUDH_VA":2219.77,"SALUDH_EXP":101.97,"ESPARC_VA":777.21,"ESPARC_EXP":232.3,"OTRSER_VA":3792.37,"OTRSER_EXP":110.73,"SERHOG_VA":903.66,"SERHOG_EXP":0.0}},{"type":"Feature","geometry":{"type":"Point","coordinates":[78.96,20.59]},"properties":{"id":"IND","name":"India","continent":"asia","year":1996,"AGRPFO_VA":79670.77,"AGRPFO_EXP":656.82,"FORLOG_VA":10873.29,"FORLOG_EXP":506.27,"PESCAC_VA":3533.15,"PESCAC_EXP":28.65,"MINCOL_VA":2123.23,"MINCOL_EXP":39.41,"PETGAS_VA":4534.04,"PETGAS_EXP":0.02,"MINORE_VA":777.01,"MINORE_EXP":518.21,"MINOTH_VA":131.24,"MINOTH_EXP":150.43,"MINSER_VA":1233.59,"MINSER_EXP":10.5,"ALYBEB_VA":6966.6,"ALYBEB_EXP":2329.79,"TEXYPR_VA":9255.43,"TEXYPR_EXP":4122.79,"MADYPR_VA":2010.67,"MADYPR_EXP":72.79,"PAPYPR_VA":2185.14,"PAPYPR_EXP":104.87,"PETREF_VA":5455.6,"PETREF_EXP":3824.15,"QUIMYP_VA":4296.37,"QUIMYP_EXP":1597.83,"FARMED_VA":3024.75,"FARMED_EXP":938.31,"HUPLAS_VA":2954.03,"HUPLAS_EXP":678.67,"PRNOMT_VA":5072.8,"PRNOMT_EXP":211.45,"METBAS_VA":7104.08,"METBAS_EXP":1633.81,"NONFER_VA":3714.82,"NONFER_EXP":407.42,"PRMETA_VA":4920.04,"PRMETA_EXP":665.55,"ELCTRO_VA":999.75,"ELCTRO_EXP":373.96,"ELCTRI_VA":1737.1,"ELCTRI_EXP":953.19,"MAQYEQ_VA":4093.87,"MAQYEQ_EXP":1562.39,"AUTOMO_VA":3331.57,"AUTOMO_EXP":881.72,"OTRTRA_VA":249.48,"OTRTRA_EXP":50.09,"TRANSP_VA":1015.55,"TRANSP_EXP":508.36,"OTRMAN_VA":2951.1,"OTRMAN_EXP":4390.79,"ELEGAS_VA":9743.75,"ELEGAS_EXP":38.8,"AGUBAS_VA":1220.61,"AGUBAS_EXP":11.18,"CONSTR_VA":24701.2,"CONSTR_EXP":64.76,"COMREV_VA":29526.78,"COMREV_EXP":3031.57,"TRATIE_VA":14485.08,"TRATIE_EXP":1341.91,"TRAGUA_VA":283.7,"TRAGUA_EXP":77.64,"TRAAIR_VA":271.25,"TRAAIR_EXP":196.58,"ALMSTR_VA":2651.39,"ALMSTR_EXP":465.8,"POSTME_VA":1448.51,"POSTME_EXP":8.08,"HOTYRE_VA":3197.3,"HOTYRE_EXP":468.4,"MMTVRA_VA":1728.53,"MMTVRA_EXP":318.67,"TELECO_VA":3079.49,"TELECO_EXP":65.15,"ITSERV_VA":4105.01,"ITSERV_EXP":2497.46,"SERFIN_VA":15519.79,"SERFIN_EXP":291.57,"GOBEST_VA":24395.09,"GOBEST_EXP":84.08,"SPRSCT_VA":889.37,"SPRSCT_EXP":660.44,"SEAEMP_VA":7033.71,"SEAEMP_EXP":1149.46,"ADPDEF_VA":18726.2,"ADPDEF_EXP":24.32,"EDUCAC_VA":8423.75,"EDUCAC_EXP":27.87,"SALUDH_VA":4390.9,"SALUDH_EXP":19.09,"ESPARC_VA":850.85,"ESPARC_EXP":46.63,"OTRSER_VA":4407.94,"OTRSER_EXP":19.85,"SERHOG_VA":761.47,"SERHOG_EXP":0.0}},{"type":"Feature","geometry":{"type":"Point","coordinates":[-7.69,53.14]},"properties":{"id":"IRL","name":"Irlanda","continent":"europe","year":1996,"AGRPFO_VA":3221.81,"AGRPFO_EXP":513.48,"FORLOG_VA":77.02,"FORLOG_EXP":36.06,"PESCAC_VA":308.53,"PESCAC_EXP":155.68,"MINCOL_VA":3.52,"MINCOL_EXP":4.15,"PETGAS_VA":12.46,"PETGAS_EXP":27.11,"MINORE_VA":214.88,"MINORE_EXP":103.08,"MINOTH_VA":177.48,"MINOTH_EXP":41.8,"MINSER_VA":10.84,"MINSER_EXP":10.21,"ALYBEB_VA":2654.1,"ALYBEB_EXP":5553.69,"TEXYPR_VA":565.97,"TEXYPR_EXP":915.88,"MADYPR_VA":265.79,"MADYPR_EXP":193.99,"PAPYPR_VA":640.62,"PAPYPR_EXP":685.43,"PETREF_VA":54.17,"PETREF_EXP":124.66,"QUIMYP_VA":311.38,"QUIMYP_EXP":550.72,"FARMED_VA":4143.46,"FARMED_EXP":3672.62,"HUPLAS_VA":511.0,"HUPLAS_EXP":809.55,"PRNOMT_VA":602.1,"PRNOMT_EXP":498.64,"METBAS_VA":141.66,"METBAS_EXP":277.61,"NONFER_VA":25.13,"NONFER_EXP":232.0,"PRMETA_VA":527.32,"PRMETA_EXP":566.6,"ELCTRO_VA":2591.26,"ELCTRO_EXP":10009.8,"ELCTRI_VA":438.45,"ELCTRI_EXP":1027.48,"MAQYEQ_VA":535.33,"MAQYEQ_EXP":1118.93,"AUTOMO_VA":255.75,"AUTOMO_EXP":331.38,"OTRTRA_VA":4.5,"OTRTRA_EXP":6.85,"TRANSP_VA":80.49,"TRANSP_EXP":161.03,"OTRMAN_VA":1352.65,"OTRMAN_EXP":1374.6,"ELEGAS_VA":1058.21,"ELEGAS_EXP":1.63,"AGUBAS_VA":551.94,"AGUBAS_EXP":0.03,"CONSTR_VA":4300.7,"CONSTR_EXP":0.12,"COMREV_VA":8454.76,"COMREV_EXP":4553.22,"TRATIE_VA":969.22,"TRATIE_EXP":549.74,"TRAGUA_VA":94.98,"TRAGUA_EXP":126.09,"TRAAIR_VA":425.09,"TRAAIR_EXP":577.57,"ALMSTR_VA":371.72,"ALMSTR_EXP":174.58,"POSTME_VA":687.65,"POSTME_EXP":191.62,"HOTYRE_VA":1440.66,"HOTYRE_EXP":797.29,"MMTVRA_VA":1720.13,"MMTVRA_EXP":795.59,"TELECO_VA":2031.29,"TELECO_EXP":101.92,"ITSERV_VA":1082.81,"ITSERV_EXP":644.13,"SERFIN_VA":5377.02,"SERFIN_EXP":1715.17,"GOBEST_VA":4151.25,"GOBEST_EXP":155.15,"SPRSCT_VA":1956.9,"SPRSCT_EXP":1005.09,"SEAEMP_VA":1917.63,"SEAEMP_EXP":428.82,"ADPDEF_VA":3742.22,"ADPDEF_EXP":0.04,"EDUCAC_VA":3846.84,"EDUCAC_EXP":46.2,"SALUDH_VA":4376.27,"SALUDH_EXP":27.4,"ESPARC_VA":1007.79,"ESPARC_EXP":102.81,"OTRSER_VA":667.33,"OTRSER_EXP":26.22,"SERHOG_VA":101.94,"SERHOG_EXP":0.0}},{"type":"Feature","geometry":{"type":"Point","coordinates":[-19.02,64.96]},"properties":{"id":"ISL","name":"Islandia","continent":"europe","year":1996,"AGRPFO_VA":91.23,"AGRPFO_EXP":9.36,"FORLOG_VA":0.84,"FORLOG_EXP":0.13,"PESCAC_VA":549.81,"PESCAC_EXP":248.25,"MINCOL_VA":0.01,"MINCOL_EXP":0.0,"PETGAS_VA":0.2,"PETGAS_EXP":0.03,"MINORE_VA":0.0,"MINORE_EXP":0.0,"MINOTH_VA":7.72,"MINOTH_EXP":2.74,"MINSER_VA":0.02,"MINSER_EXP":0.0,"ALYBEB_VA":358.6,"ALYBEB_EXP":943.14,"TEXYPR_VA":10.1,"TEXYPR_EXP":13.0,"MADYPR_VA":20.4,"MADYPR_EXP":0.26,"PAPYPR_VA":42.13,"PAPYPR_EXP":3.68,"PETREF_VA":0.03,"PETREF_EXP":0.01,"QUIMYP_VA":15.04,"QUIMYP_EXP":13.2,"FARMED_VA":17.05,"FARMED_EXP":0.76,"HUPLAS_VA":31.85,"HUPLAS_EXP":8.18,"PRNOMT_VA":34.98,"PRNOMT_EXP":1.86,"METBAS_VA":20.01,"METBAS_EXP":19.62,"NONFER_VA":137.95,"NONFER_EXP":151.66,"PRMETA_VA":51.91,"PRMETA_EXP":3.09,"ELCTRO_VA":1.24,"ELCTRO_EXP":0.27,"ELCTRI_VA":12.61,"ELCTRI_EXP":0.97,"MAQYEQ_VA":56.33,"MAQYEQ_EXP":41.95,"AUTOMO_VA":4.06,"AUTOMO_EXP":0.9,"OTRTRA_VA":0.81,"OTRTRA_EXP":1.73,"TRANSP_VA":7.38,"TRANSP_EXP":3.89,"OTRMAN_VA":81.59,"OTRMAN_EXP":9.1,"ELEGAS_VA":206.99,"ELEGAS_EXP":0.12,"AGUBAS_VA":36.35,"AGUBAS_EXP":0.29,"CONSTR_VA":466.3,"CONSTR_EXP":0.25,"COMREV_VA":758.89,"COMREV_EXP":255.29,"TRATIE_VA":104.59,"TRATIE_EXP":18.35,"TRAGUA_VA":77.0,"TRAGUA_EXP":84.06,"TRAAIR_VA":124.31,"TRAAIR_EXP":305.16,"ALMSTR_VA":53.64,"ALMSTR_EXP":29.71,"POSTME_VA":22.09,"POSTME_EXP":0.75,"HOTYRE_VA":238.06,"HOTYRE_EXP":50.83,"MMTVRA_VA":139.95,"MMTVRA_EXP":16.11,"TELECO_VA":109.68,"TELECO_EXP":6.3,"ITSERV_VA":39.12,"ITSERV_EXP":43.4,"SERFIN_VA":344.01,"SERFIN_EXP":49.29,"GOBEST_VA":478.42,"GOBEST_EXP":0.49,"SPRSCT_VA":215.47,"SPRSCT_EXP":65.29,"SEAEMP_VA":126.37,"SEAEMP_EXP":47.55,"ADPDEF_VA":943.66,"ADPDEF_EXP":0.45,"EDUCAC_VA":12.47,"EDUCAC_EXP":0.41,"SALUDH_VA":170.01,"SALUDH_EXP":0.58,"ESPARC_VA":49.32,"ESPARC_EXP":24.07,"OTRSER_VA":125.67,"OTRSER_EXP":5.19,"SERHOG_VA":2.32,"SERHOG_EXP":0.0}},{"type":"Feature","geometry":{"type":"Point","coordinates":[34.85,31.05]},"properties":{"id":"ISR","name":"Israel","continent":"other","year":1996,"AGRPFO_VA":1538.3,"AGRPFO_EXP":699.59,"FORLOG_VA":8.21,"FORLOG_EXP":9.74,"PESCAC_VA":20.48,"PESCAC_EXP":11.33,"MINCOL_VA":0.0,"MINCOL_EXP":0.0,"PETGAS_VA":143.04,"PETGAS_EXP":1.82,"MINORE_VA":0.0,"MINORE_EXP":0.0,"MINOTH_VA":407.77,"MINOTH_EXP":549.9,"MINSER_VA":32.15,"MINSER_EXP":11.35,"ALYBEB_VA":1581.81,"ALYBEB_EXP":660.77,"TEXYPR_VA":303.02,"TEXYPR_EXP":392.25,"MADYPR_VA":56.11,"MADYPR_EXP":13.89,"PAPYPR_VA":446.68,"PAPYPR_EXP":170.76,"PETREF_VA":1773.81,"PETREF_EXP":1485.03,"QUIMYP_VA":1821.87,"QUIMYP_EXP":1824.07,"FARMED_VA":1441.05,"FARMED_EXP":239.04,"HUPLAS_VA":663.72,"HUPLAS_EXP":1006.58,"PRNOMT_VA":498.29,"PRNOMT_EXP":207.42,"METBAS_VA":159.18,"METBAS_EXP":132.44,"NONFER_VA":63.72,"NONFER_EXP":167.28,"PRMETA_VA":1233.23,"PRMETA_EXP":620.55,"ELCTRO_VA":3190.36,"ELCTRO_EXP":3347.31,"ELCTRI_VA":255.5,"ELCTRI_EXP":368.72,"MAQYEQ_VA":636.1,"MAQYEQ_EXP":1179.64,"AUTOMO_VA":127.4,"AUTOMO_EXP":76.05,"OTRTRA_VA":6.05,"OTRTRA_EXP":3.15,"TRANSP_VA":564.37,"TRANSP_EXP":1078.16,"OTRMAN_VA":563.82,"OTRMAN_EXP":898.04,"ELEGAS_VA":461.76,"ELEGAS_EXP":0.18,"AGUBAS_VA":898.06,"AGUBAS_EXP":0.66,"CONSTR_VA":7190.74,"CONSTR_EXP":9.45,"COMREV_VA":8559.69,"COMREV_EXP":2540.67,"TRATIE_VA":2239.38,"TRATIE_EXP":560.85,"TRAGUA_VA":360.65,"TRAGUA_EXP":268.93,"TRAAIR_VA":977.68,"TRAAIR_EXP":656.49,"ALMSTR_VA":325.66,"ALMSTR_EXP":323.73,"POSTME_VA":294.82,"POSTME_EXP":27.17,"HOTYRE_VA":2076.3,"HOTYRE_EXP":846.28,"MMTVRA_VA":566.7,"MMTVRA_EXP":182.14,"TELECO_VA":2504.23,"TELECO_EXP":117.51,"ITSERV_VA":3973.53,"ITSERV_EXP":2071.59,"SERFIN_VA":5815.55,"SERFIN_EXP":926.89,"GOBEST_VA":15023.56,"GOBEST_EXP":563.37,"SPRSCT_VA":6323.12,"SPRSCT_EXP":576.17,"SEAEMP_VA":3440.79,"SEAEMP_EXP":174.77,"ADPDEF_VA":10828.43,"ADPDEF_EXP":4.01,"EDUCAC_VA":6829.97,"EDUCAC_EXP":92.93,"SALUDH_VA":5914.99,"SALUDH_EXP":77.04,"ESPARC_VA":1580.81,"ESPARC_EXP":105.13,"OTRSER_VA":1367.71,"OTRSER_EXP":56.16,"SERHOG_VA":185.92,"SERHOG_EXP":0.0}},{"type":"Feature","geometry":{"type":"Point","coordinates":[12.57,41.87]},"properties":{"id":"ITA","name":"Italia","continent":"europe","year":1996,"AGRPFO_VA":36815.87,"AGRPFO_EXP":3200.01,"FORLOG_VA":1648.68,"FORLOG_EXP":110.71,"PESCAC_VA":1732.71,"PESCAC_EXP":149.22,"MINCOL_VA":30.93,"MINCOL_EXP":4.86,"PETGAS_VA":5573.18,"PETGAS_EXP":265.71,"MINORE_VA":0.59,"MINORE_EXP":0.05,"MINOTH_VA":1153.87,"MINOTH_EXP":303.05,"MINSER_VA":247.27,"MINSER_EXP":98.61,"ALYBEB_VA":24136.41,"ALYBEB_EXP":10713.67,"TEXYPR_VA":34729.7,"TEXYPR_EXP":27275.45,"MADYPR_VA":7443.93,"MADYPR_EXP":1579.93,"PAPYPR_VA":12395.53,"PAPYPR_EXP":3441.45,"PETREF_VA":4768.98,"PETREF_EXP":2683.9,"QUIMYP_VA":12711.01,"QUIMYP_EXP":12770.92,"FARMED_VA":7179.1,"FARMED_EXP":5282.85,"HUPLAS_VA":12352.78,"HUPLAS_EXP":7866.26,"PRNOMT_VA":14439.87,"PRNOMT_EXP":6858.45,"METBAS_VA":8080.92,"METBAS_EXP":6418.28,"NONFER_VA":2861.38,"NONFER_EXP":2485.13,"PRMETA_VA":26779.51,"PRMETA_EXP":10473.37,"ELCTRO_VA":8054.06,"ELCTRO_EXP":11822.54,"ELCTRI_VA":10849.85,"ELCTRI_EXP":7976.53,"MAQYEQ_VA":27513.5,"MAQYEQ_EXP":38001.42,"AUTOMO_VA":13064.69,"AUTOMO_EXP":15077.16,"OTRTRA_VA":2215.06,"OTRTRA_EXP":1574.16,"TRANSP_VA":4318.64,"TRANSP_EXP":2839.97,"OTRMAN_VA":21737.1,"OTRMAN_EXP":12604.54,"ELEGAS_VA":19966.78,"ELEGAS_EXP":407.0,"AGUBAS_VA":7900.74,"AGUBAS_EXP":87.11,"CONSTR_VA":64496.27,"CONSTR_EXP":555.98,"COMREV_VA":169152.9,"COMREV_EXP":46589.68,"TRATIE_VA":36209.2,"TRATIE_EXP":10165.48,"TRAGUA_VA":3565.99,"TRAGUA_EXP":4452.96,"TRAAIR_VA":4749.1,"TRAAIR_EXP":3051.78,"ALMSTR_VA":16442.57,"ALMSTR_EXP":5799.84,"POSTME_VA":3732.86,"POSTME_EXP":312.2,"HOTYRE_VA":39450.75,"HOTYRE_EXP":11131.4,"MMTVRA_VA":10513.44,"MMTVRA_EXP":1716.19,"TELECO_VA":18422.03,"TELECO_EXP":2120.62,"ITSERV_VA":14752.58,"ITSERV_EXP":1659.31,"SERFIN_VA":56789.54,"SERFIN_EXP":3965.47,"GOBEST_VA":113997.93,"GOBEST_EXP":2165.6,"SPRSCT_VA":77456.47,"SPRSCT_EXP":6263.24,"SEAEMP_VA":27242.84,"SEAEMP_EXP":4451.81,"ADPDEF_VA":78768.74,"ADPDEF_EXP":41.67,"EDUCAC_VA":57959.55,"EDUCAC_EXP":901.16,"SALUDH_VA":55527.88,"SALUDH_EXP":441.95,"ESPARC_VA":11529.6,"ESPARC_EXP":1059.86,"OTRSER_VA":24251.06,"OTRSER_EXP":968.16,"SERHOG_VA":12319.09,"SERHOG_EXP":0.0}},{"type":"Feature","geometry":{"type":"Point","coordinates":[36.24,30.59]},"properties":{"id":"JOR","name":"Jordania","continent":"other","year":1996,"AGRPFO_VA":255.77,"AGRPFO_EXP":185.05,"FORLOG_VA":19.49,"FORLOG_EXP":0.17,"PESCAC_VA":0.79,"PESCAC_EXP":0.23,"MINCOL_VA":35.76,"MINCOL_EXP":7.2,"PETGAS_VA":38.05,"PETGAS_EXP":0.28,"MINORE_VA":29.74,"MINORE_EXP":11.86,"MINOTH_VA":52.69,"MINOTH_EXP":79.26,"MINSER_VA":29.73,"MINSER_EXP":9.65,"ALYBEB_VA":438.24,"ALYBEB_EXP":162.68,"TEXYPR_VA":209.18,"TEXYPR_EXP":197.94,"MADYPR_VA":11.29,"MADYPR_EXP":4.07,"PAPYPR_VA":47.95,"PAPYPR_EXP":30.47,"PETREF_VA":49.38,"PETREF_EXP":1.74,"QUIMYP_VA":99.68,"QUIMYP_EXP":219.37,"FARMED_VA":83.5,"FARMED_EXP":91.12,"HUPLAS_VA":33.18,"HUPLAS_EXP":20.32,"PRNOMT_VA":128.37,"PRNOMT_EXP":9.77,"METBAS_VA":22.0,"METBAS_EXP":8.73,"NONFER_VA":23.4,"NONFER_EXP":23.29,"PRMETA_VA":61.23,"PRMETA_EXP":21.73,"ELCTRO_VA":7.06,"ELCTRO_EXP":5.77,"ELCTRI_VA":35.49,"ELCTRI_EXP":25.34,"MAQYEQ_VA":22.52,"MAQYEQ_EXP":18.04,"AUTOMO_VA":12.41,"AUTOMO_EXP":18.01,"OTRTRA_VA":1.59,"OTRTRA_EXP":0.26,"TRANSP_VA":2.88,"TRANSP_EXP":0.26,"OTRMAN_VA":32.48,"OTRMAN_EXP":75.89,"ELEGAS_VA":66.92,"ELEGAS_EXP":2.39,"AGUBAS_VA":79.2,"AGUBAS_EXP":0.51,"CONSTR_VA":311.4,"CONSTR_EXP":0.7,"COMREV_VA":616.16,"COMREV_EXP":149.72,"TRATIE_VA":256.84,"TRATIE_EXP":126.6,"TRAGUA_VA":18.1,"TRAGUA_EXP":22.62,"TRAAIR_VA":47.54,"TRAAIR_EXP":191.37,"ALMSTR_VA":67.64,"ALMSTR_EXP":63.5,"POSTME_VA":3.27,"POSTME_EXP":5.98,"HOTYRE_VA":175.87,"HOTYRE_EXP":149.65,"MMTVRA_VA":33.0,"MMTVRA_EXP":71.31,"TELECO_VA":243.49,"TELECO_EXP":133.95,"ITSERV_VA":36.01,"ITSERV_EXP":6.79,"SERFIN_VA":193.65,"SERFIN_EXP":178.9,"GOBEST_VA":740.68,"GOBEST_EXP":63.57,"SPRSCT_VA":72.47,"SPRSCT_EXP":86.45,"SEAEMP_VA":59.53,"SEAEMP_EXP":130.28,"ADPDEF_VA":659.97,"ADPDEF_EXP":1.88,"EDUCAC_VA":438.14,"EDUCAC_EXP":120.58,"SALUDH_VA":201.15,"SALUDH_EXP":103.56,"ESPARC_VA":18.72,"ESPARC_EXP":52.67,"OTRSER_VA":59.5,"OTRSER_EXP":8.08,"SERHOG_VA":42.5,"SERHOG_EXP":0.0}},{"type":"Feature","geometry":{"type":"Point","coordinates":[138.25,36.2]},"properties":{"id":"JPN","name":"Japón","continent":"asia","year":1996,"AGRPFO_VA":66147.82,"AGRPFO_EXP":204.28,"FORLOG_VA":2530.55,"FORLOG_EXP":34.04,"PESCAC_VA":12296.22,"PESCAC_EXP":118.0,"MINCOL_VA":542.32,"MINCOL_EXP":1.71,"PETGAS_VA":552.43,"PETGAS_EXP":16.64,"MINORE_VA":1304.58,"MINORE_EXP":20.14,"MINOTH_VA":796.52,"MINOTH_EXP":138.88,"MINSER_VA":1115.58,"MINSER_EXP":170.22,"ALYBEB_VA":120634.19,"ALYBEB_EXP":1342.01,"TEXYPR_VA":42917.23,"TEXYPR_EXP":5021.88,"MADYPR_VA":12543.84,"MADYPR_EXP":250.47,"PAPYPR_VA":67032.7,"PAPYPR_EXP":1661.2,"PETREF_VA":53527.44,"PETREF_EXP":2274.03,"QUIMYP_VA":65050.42,"QUIMYP_EXP":15282.54,"FARMED_VA":34031.33,"FARMED_EXP":1075.87,"HUPLAS_VA":47376.01,"HUPLAS_EXP":9348.6,"PRNOMT_VA":41524.65,"PRNOMT_EXP":3436.31,"METBAS_VA":51974.91,"METBAS_EXP":9770.05,"NONFER_VA":19180.09,"NONFER_EXP":4726.63,"PRMETA_VA":62337.8,"PRMETA_EXP":3093.8,"ELCTRO_VA":129506.62,"ELCTRO_EXP":97536.35,"ELCTRI_VA":81001.07,"ELCTRI_EXP":22745.21,"MAQYEQ_VA":130160.96,"MAQYEQ_EXP":57430.01,"AUTOMO_VA":99770.92,"AUTOMO_EXP":60523.42,"OTRTRA_VA":5200.64,"OTRTRA_EXP":7235.53,"TRANSP_VA":11636.94,"TRANSP_EXP":4739.79,"OTRMAN_VA":144921.91,"OTRMAN_EXP":6117.25,"ELEGAS_VA":82356.49,"ELEGAS_EXP":71.23,"AGUBAS_VA":63261.66,"AGUBAS_EXP":52.56,"CONSTR_VA":363302.5,"CONSTR_EXP":31.79,"COMREV_VA":625678.51,"COMREV_EXP":59542.97,"TRATIE_VA":148899.67,"TRATIE_EXP":11369.5,"TRAGUA_VA":9715.81,"TRAGUA_EXP":3044.0,"TRAAIR_VA":10632.95,"TRAAIR_EXP":7819.0,"ALMSTR_VA":57589.56,"ALMSTR_EXP":3438.03,"POSTME_VA":15766.24,"POSTME_EXP":319.37,"HOTYRE_VA":145098.13,"HOTYRE_EXP":1381.32,"MMTVRA_VA":42276.3,"MMTVRA_EXP":3166.81,"TELECO_VA":64018.04,"TELECO_EXP":1513.17,"ITSERV_VA":94335.41,"ITSERV_EXP":372.15,"SERFIN_VA":234998.12,"SERFIN_EXP":6475.93,"GOBEST_VA":467492.61,"GOBEST_EXP":1423.13,"SPRSCT_VA":178813.41,"SPRSCT_EXP":16334.06,"SEAEMP_VA":108150.14,"SEAEMP_EXP":11700.33,"ADPDEF_VA":217104.84,"ADPDEF_EXP":111.52,"EDUCAC_VA":164496.41,"EDUCAC_EXP":400.26,"SALUDH_VA":200959.25,"SALUDH_EXP":51.01,"ESPARC_VA":56242.54,"ESPARC_EXP":310.65,"OTRSER_VA":99164.71,"OTRSER_EXP":141.42,"SERHOG_VA":0.0,"SERHOG_EXP":0.0}},{"type":"Feature","geometry":{"type":"Point","coordinates":[66.92,48.02]},"properties":{"id":"KAZ","name":"Kazajistán","continent":"asia","year":1996,"AGRPFO_VA":1128.28,"AGRPFO_EXP":308.79,"FORLOG_VA":4.17,"FORLOG_EXP":0.07,"PESCAC_VA":4.21,"PESCAC_EXP":0.33,"MINCOL_VA":109.46,"MINCOL_EXP":105.85,"PETGAS_VA":3416.39,"PETGAS_EXP":3660.85,"MINORE_VA":430.68,"MINORE_EXP":166.94,"MINOTH_VA":44.97,"MINOTH_EXP":21.33,"MINSER_VA":175.31,"MINSER_EXP":16.57,"ALYBEB_VA":448.04,"ALYBEB_EXP":73.55,"TEXYPR_VA":27.21,"TEXYPR_EXP":9.74,"MADYPR_VA":6.71,"MADYPR_EXP":0.3,"PAPYPR_VA":31.26,"PAPYPR_EXP":3.55,"PETREF_VA":326.8,"PETREF_EXP":166.61,"QUIMYP_VA":72.99,"QUIMYP_EXP":65.87,"FARMED_VA":9.79,"FARMED_EXP":0.95,"HUPLAS_VA":44.39,"HUPLAS_EXP":3.97,"PRNOMT_VA":123.73,"PRNOMT_EXP":2.78,"METBAS_VA":395.86,"METBAS_EXP":507.42,"NONFER_VA":790.51,"NONFER_EXP":736.36,"PRMETA_VA":54.27,"PRMETA_EXP":14.63,"ELCTRO_VA":8.21,"ELCTRO_EXP":12.69,"ELCTRI_VA":25.23,"ELCTRI_EXP":10.09,"MAQYEQ_VA":34.13,"MAQYEQ_EXP":39.28,"AUTOMO_VA":13.77,"AUTOMO_EXP":9.52,"OTRTRA_VA":3.49,"OTRTRA_EXP":0.97,"TRANSP_VA":6.24,"TRANSP_EXP":11.03,"OTRMAN_VA":141.51,"OTRMAN_EXP":3.7,"ELEGAS_VA":323.95,"ELEGAS_EXP":22.42,"AGUBAS_VA":55.95,"AGUBAS_EXP":0.21,"CONSTR_VA":1359.8,"CONSTR_EXP":0.19,"COMREV_VA":3132.22,"COMREV_EXP":603.31,"TRATIE_VA":1056.07,"TRATIE_EXP":306.9,"TRAGUA_VA":18.87,"TRAGUA_EXP":4.46,"TRAAIR_VA":83.42,"TRAAIR_EXP":21.16,"ALMSTR_VA":413.38,"ALMSTR_EXP":35.93,"POSTME_VA":19.62,"POSTME_EXP":1.47,"HOTYRE_VA":195.23,"HOTYRE_EXP":65.77,"MMTVRA_VA":69.93,"MMTVRA_EXP":20.82,"TELECO_VA":474.35,"TELECO_EXP":30.94,"ITSERV_VA":147.96,"ITSERV_EXP":0.64,"SERFIN_VA":446.92,"SERFIN_EXP":15.91,"GOBEST_VA":1921.31,"GOBEST_EXP":75.43,"SPRSCT_VA":1023.97,"SPRSCT_EXP":21.45,"SEAEMP_VA":396.75,"SEAEMP_EXP":97.75,"ADPDEF_VA":385.17,"ADPDEF_EXP":0.2,"EDUCAC_VA":574.96,"EDUCAC_EXP":1.88,"SALUDH_VA":404.2,"SALUDH_EXP":2.64,"ESPARC_VA":76.12,"ESPARC_EXP":6.13,"OTRSER_VA":301.6,"OTRSER_EXP":3.06,"SERHOG_VA":13.03,"SERHOG_EXP":0.0}},{"type":"Feature","geometry":{"type":"Point","coordinates":[104.99,12.57]},"properties":{"id":"KHM","name":"Camboya","continent":"asia","year":1996,"AGRPFO_VA":785.81,"AGRPFO_EXP":88.29,"FORLOG_VA":133.42,"FORLOG_EXP":0.17,"PESCAC_VA":374.41,"PESCAC_EXP":31.7,"MINCOL_VA":0.0,"MINCOL_EXP":0.0,"PETGAS_VA":0.0,"PETGAS_EXP":0.0,"MINORE_VA":6.8,"MINORE_EXP":0.07,"MINOTH_VA":9.93,"MINOTH_EXP":0.16,"MINSER_VA":4.68,"MINSER_EXP":0.1,"ALYBEB_VA":60.74,"ALYBEB_EXP":25.79,"TEXYPR_VA":297.06,"TEXYPR_EXP":409.05,"MADYPR_VA":4.65,"MADYPR_EXP":4.56,"PAPYPR_VA":6.42,"PAPYPR_EXP":3.56,"PETREF_VA":1.65,"PETREF_EXP":0.49,"QUIMYP_VA":6.59,"QUIMYP_EXP":0.68,"FARMED_VA":3.92,"FARMED_EXP":0.48,"HUPLAS_VA":11.42,"HUPLAS_EXP":1.41,"PRNOMT_VA":11.41,"PRNOMT_EXP":0.19,"METBAS_VA":294.09,"METBAS_EXP":3.18,"NONFER_VA":3.4,"NONFER_EXP":2.13,"PRMETA_VA":15.54,"PRMETA_EXP":1.12,"ELCTRO_VA":0.02,"ELCTRO_EXP":0.01,"ELCTRI_VA":0.02,"ELCTRI_EXP":0.0,"MAQYEQ_VA":0.48,"MAQYEQ_EXP":0.42,"AUTOMO_VA":3.29,"AUTOMO_EXP":1.12,"OTRTRA_VA":0.57,"OTRTRA_EXP":0.1,"TRANSP_VA":1.02,"TRANSP_EXP":0.3,"OTRMAN_VA":20.84,"OTRMAN_EXP":13.14,"ELEGAS_VA":8.76,"ELEGAS_EXP":0.12,"AGUBAS_VA":8.39,"AGUBAS_EXP":0.21,"CONSTR_VA":124.47,"CONSTR_EXP":0.43,"COMREV_VA":253.84,"COMREV_EXP":47.53,"TRATIE_VA":83.61,"TRATIE_EXP":40.35,"TRAGUA_VA":10.24,"TRAGUA_EXP":11.05,"TRAAIR_VA":13.04,"TRAAIR_EXP":22.76,"ALMSTR_VA":41.67,"ALMSTR_EXP":40.24,"POSTME_VA":12.22,"POSTME_EXP":3.53,"HOTYRE_VA":121.7,"HOTYRE_EXP":26.07,"MMTVRA_VA":15.17,"MMTVRA_EXP":9.69,"TELECO_VA":45.17,"TELECO_EXP":11.43,"ITSERV_VA":11.35,"ITSERV_EXP":4.2,"SERFIN_VA":41.3,"SERFIN_EXP":5.73,"GOBEST_VA":187.27,"GOBEST_EXP":7.04,"SPRSCT_VA":27.06,"SPRSCT_EXP":6.1,"SEAEMP_VA":22.16,"SEAEMP_EXP":5.09,"ADPDEF_VA":94.62,"ADPDEF_EXP":0.31,"EDUCAC_VA":63.97,"EDUCAC_EXP":2.37,"SALUDH_VA":67.13,"SALUDH_EXP":1.59,"ESPARC_VA":26.19,"ESPARC_EXP":5.21,"OTRSER_VA":52.79,"OTRSER_EXP":2.0,"SERHOG_VA":0.0,"SERHOG_EXP":0.0}},{"type":"Feature","geometry":{"type":"Point","coordinates":[127.77,35.91]},"properties":{"id":"KOR","name":"Corea del Sur","continent":"asia","year":1996,"AGRPFO_VA":24238.81,"AGRPFO_EXP":203.05,"FORLOG_VA":1675.21,"FORLOG_EXP":155.66,"PESCAC_VA":2759.25,"PESCAC_EXP":830.88,"MINCOL_VA":195.48,"MINCOL_EXP":6.9,"PETGAS_VA":101.45,"PETGAS_EXP":1.14,"MINORE_VA":23.68,"MINORE_EXP":7.78,"MINOTH_VA":1019.12,"MINOTH_EXP":98.25,"MINSER_VA":10.28,"MINSER_EXP":9.51,"ALYBEB_VA":10132.26,"ALYBEB_EXP":2221.78,"TEXYPR_VA":11939.82,"TEXYPR_EXP":15820.84,"MADYPR_VA":1045.09,"MADYPR_EXP":127.89,"PAPYPR_VA":5718.02,"PAPYPR_EXP":1346.0,"PETREF_VA":4916.32,"PETREF_EXP":3829.24,"QUIMYP_VA":12627.67,"QUIMYP_EXP":5402.19,"FARMED_VA":4121.29,"FARMED_EXP":240.3,"HUPLAS_VA":5551.05,"HUPLAS_EXP":3407.77,"PRNOMT_VA":7302.94,"PRNOMT_EXP":626.41,"METBAS_VA":10069.8,"METBAS_EXP":6015.61,"NONFER_VA":1680.23,"NONFER_EXP":2990.94,"PRMETA_VA":7368.03,"PRMETA_EXP":3009.01,"ELCTRO_VA":24053.68,"ELCTRO_EXP":33492.11,"ELCTRI_VA":6765.18,"ELCTRI_EXP":3931.4,"MAQYEQ_VA":12770.79,"MAQYEQ_EXP":5691.56,"AUTOMO_VA":13856.93,"AUTOMO_EXP":10159.94,"OTRTRA_VA":4780.44,"OTRTRA_EXP":6869.51,"TRANSP_VA":660.31,"TRANSP_EXP":809.46,"OTRMAN_VA":4212.36,"OTRMAN_EXP":2224.68,"ELEGAS_VA":8974.68,"ELEGAS_EXP":5.51,"AGUBAS_VA":2875.51,"AGUBAS_EXP":2.53,"CONSTR_VA":48152.12,"CONSTR_EXP":1.43,"COMREV_VA":60908.73,"COMREV_EXP":12622.55,"TRATIE_VA":6431.32,"TRATIE_EXP":926.58,"TRAGUA_VA":5551.44,"TRAGUA_EXP":10471.12,"TRAAIR_VA":5191.31,"TRAAIR_EXP":4660.66,"ALMSTR_VA":5122.15,"ALMSTR_EXP":1414.08,"POSTME_VA":1905.11,"POSTME_EXP":83.82,"HOTYRE_VA":17442.01,"HOTYRE_EXP":928.07,"MMTVRA_VA":7940.59,"MMTVRA_EXP":168.16,"TELECO_VA":9576.75,"TELECO_EXP":254.16,"ITSERV_VA":7650.46,"ITSERV_EXP":440.49,"SERFIN_VA":32597.23,"SERFIN_EXP":581.15,"GOBEST_VA":48009.05,"GOBEST_EXP":115.4,"SPRSCT_VA":25567.19,"SPRSCT_EXP":1033.76,"SEAEMP_VA":14610.1,"SEAEMP_EXP":750.94,"ADPDEF_VA":29921.76,"ADPDEF_EXP":11.24,"EDUCAC_VA":25213.99,"EDUCAC_EXP":71.73,"SALUDH_VA":15671.93,"SALUDH_EXP":36.62,"ESPARC_VA":6010.55,"ESPARC_EXP":879.62,"OTRSER_VA":7850.45,"OTRSER_EXP":44.58,"SERHOG_VA":953.44,"SERHOG_EXP":0.0}},{"type":"Feature","geometry":{"type":"Point","coordinates":[102.5,19.86]},"properties":{"id":"LAO","name":"Laos","continent":"asia","year":1996,"AGRPFO_VA":315.24,"AGRPFO_EXP":51.83,"FORLOG_VA":55.38,"FORLOG_EXP":31.17,"PESCAC_VA":53.38,"PESCAC_EXP":0.16,"MINCOL_VA":18.3,"MINCOL_EXP":0.71,"PETGAS_VA":16.42,"PETGAS_EXP":0.1,"MINORE_VA":61.12,"MINORE_EXP":2.36,"MINOTH_VA":35.74,"MINOTH_EXP":0.44,"MINSER_VA":13.0,"MINSER_EXP":0.15,"ALYBEB_VA":73.84,"ALYBEB_EXP":11.61,"TEXYPR_VA":31.57,"TEXYPR_EXP":46.96,"MADYPR_VA":21.67,"MADYPR_EXP":38.74,"PAPYPR_VA":0.46,"PAPYPR_EXP":0.31,"PETREF_VA":8.83,"PETREF_EXP":0.11,"QUIMYP_VA":3.84,"QUIMYP_EXP":1.22,"FARMED_VA":2.43,"FARMED_EXP":0.45,"HUPLAS_VA":1.23,"HUPLAS_EXP":1.32,"PRNOMT_VA":17.48,"PRNOMT_EXP":0.5,"METBAS_VA":0.3,"METBAS_EXP":0.04,"NONFER_VA":0.3,"NONFER_EXP":0.05,"PRMETA_VA":6.33,"PRMETA_EXP":0.58,"ELCTRO_VA":0.5,"ELCTRO_EXP":0.41,"ELCTRI_VA":0.33,"ELCTRI_EXP":0.11,"MAQYEQ_VA":0.03,"MAQYEQ_EXP":0.0,"AUTOMO_VA":0.09,"AUTOMO_EXP":0.07,"OTRTRA_VA":0.04,"OTRTRA_EXP":0.02,"TRANSP_VA":0.05,"TRANSP_EXP":0.02,"OTRMAN_VA":14.34,"OTRMAN_EXP":8.82,"ELEGAS_VA":156.73,"ELEGAS_EXP":62.55,"AGUBAS_VA":26.5,"AGUBAS_EXP":0.24,"CONSTR_VA":96.9,"CONSTR_EXP":0.58,"COMREV_VA":257.55,"COMREV_EXP":39.24,"TRATIE_VA":37.33,"TRATIE_EXP":13.99,"TRAGUA_VA":2.2,"TRAGUA_EXP":0.98,"TRAAIR_VA":4.06,"TRAAIR_EXP":5.74,"ALMSTR_VA":6.15,"ALMSTR_EXP":0.85,"POSTME_VA":7.45,"POSTME_EXP":1.37,"HOTYRE_VA":34.76,"HOTYRE_EXP":25.02,"MMTVRA_VA":3.14,"MMTVRA_EXP":2.11,"TELECO_VA":33.05,"TELECO_EXP":2.82,"ITSERV_VA":3.27,"ITSERV_EXP":3.0,"SERFIN_VA":85.48,"SERFIN_EXP":14.4,"GOBEST_VA":89.68,"GOBEST_EXP":6.07,"SPRSCT_VA":12.21,"SPRSCT_EXP":8.19,"SEAEMP_VA":5.41,"SEAEMP_EXP":3.68,"ADPDEF_VA":125.28,"ADPDEF_EXP":0.43,"EDUCAC_VA":36.64,"EDUCAC_EXP":2.34,"SALUDH_VA":6.09,"SALUDH_EXP":1.41,"ESPARC_VA":5.86,"ESPARC_EXP":3.51,"OTRSER_VA":71.59,"OTRSER_EXP":1.98,"SERHOG_VA":9.1,"SERHOG_EXP":0.0}},{"type":"Feature","geometry":{"type":"Point","coordinates":[23.88,55.17]},"properties":{"id":"LTU","name":"Lituania","continent":"europe","year":1996,"AGRPFO_VA":863.44,"AGRPFO_EXP":164.3,"FORLOG_VA":58.81,"FORLOG_EXP":36.42,"PESCAC_VA":4.64,"PESCAC_EXP":1.25,"MINCOL_VA":3.71,"MINCOL_EXP":4.64,"PETGAS_VA":18.49,"PETGAS_EXP":0.51,"MINORE_VA":1.49,"MINORE_EXP":0.28,"MINOTH_VA":9.28,"MINOTH_EXP":10.97,"MINSER_VA":6.53,"MINSER_EXP":0.32,"ALYBEB_VA":456.27,"ALYBEB_EXP":243.21,"TEXYPR_VA":267.92,"TEXYPR_EXP":404.98,"MADYPR_VA":66.57,"MADYPR_EXP":108.21,"PAPYPR_VA":57.57,"PAPYPR_EXP":28.02,"PETREF_VA":205.57,"PETREF_EXP":158.72,"QUIMYP_VA":106.86,"QUIMYP_EXP":61.46,"FARMED_VA":9.13,"FARMED_EXP":7.06,"HUPLAS_VA":14.33,"HUPLAS_EXP":31.36,"PRNOMT_VA":72.76,"PRNOMT_EXP":32.16,"METBAS_VA":5.28,"METBAS_EXP":12.03,"NONFER_VA":0.55,"NONFER_EXP":0.81,"PRMETA_VA":31.87,"PRMETA_EXP":29.21,"ELCTRO_VA":57.24,"ELCTRO_EXP":110.75,"ELCTRI_VA":26.56,"ELCTRI_EXP":43.95,"MAQYEQ_VA":23.86,"MAQYEQ_EXP":27.23,"AUTOMO_VA":16.65,"AUTOMO_EXP":7.76,"OTRTRA_VA":15.83,"OTRTRA_EXP":23.28,"TRANSP_VA":7.3,"TRANSP_EXP":20.46,"OTRMAN_VA":99.82,"OTRMAN_EXP":155.91,"ELEGAS_VA":334.95,"ELEGAS_EXP":21.34,"AGUBAS_VA":66.31,"AGUBAS_EXP":1.53,"CONSTR_VA":531.17,"CONSTR_EXP":5.15,"COMREV_VA":1234.8,"COMREV_EXP":352.58,"TRATIE_VA":345.44,"TRATIE_EXP":233.08,"TRAGUA_VA":47.73,"TRAGUA_EXP":40.3,"TRAAIR_VA":15.81,"TRAAIR_EXP":34.12,"ALMSTR_VA":138.17,"ALMSTR_EXP":105.44,"POSTME_VA":10.99,"POSTME_EXP":3.25,"HOTYRE_VA":119.43,"HOTYRE_EXP":68.8,"MMTVRA_VA":53.57,"MMTVRA_EXP":7.21,"TELECO_VA":132.31,"TELECO_EXP":31.47,"ITSERV_VA":18.93,"ITSERV_EXP":10.88,"SERFIN_VA":163.84,"SERFIN_EXP":12.95,"GOBEST_VA":560.98,"GOBEST_EXP":25.15,"SPRSCT_VA":115.16,"SPRSCT_EXP":51.04,"SEAEMP_VA":69.64,"SEAEMP_EXP":16.14,"ADPDEF_VA":600.19,"ADPDEF_EXP":0.05,"EDUCAC_VA":445.47,"EDUCAC_EXP":9.5,"SALUDH_VA":233.57,"SALUDH_EXP":7.12,"ESPARC_VA":41.36,"ESPARC_EXP":26.76,"OTRSER_VA":151.63,"OTRSER_EXP":7.58,"SERHOG_VA":2.47,"SERHOG_EXP":0.0}},{"type":"Feature","geometry":{"type":"Point","coordinates":[6.13,49.82]},"properties":{"id":"LUX","name":"Luxemburgo","continent":"europe","year":1996,"AGRPFO_VA":156.89,"AGRPFO_EXP":151.27,"FORLOG_VA":13.27,"FORLOG_EXP":7.04,"PESCAC_VA":0.0,"PESCAC_EXP":0.0,"MINCOL_VA":0.0,"MINCOL_EXP":0.0,"PETGAS_VA":0.0,"PETGAS_EXP":0.0,"MINORE_VA":6.21,"MINORE_EXP":1.39,"MINOTH_VA":18.43,"MINOTH_EXP":1.53,"MINSER_VA":0.0,"MINSER_EXP":0.0,"ALYBEB_VA":240.35,"ALYBEB_EXP":330.21,"TEXYPR_VA":188.93,"TEXYPR_EXP":188.41,"MADYPR_VA":23.76,"MADYPR_EXP":60.89,"PAPYPR_VA":95.42,"PAPYPR_EXP":106.95,"PETREF_VA":0.0,"PETREF_EXP":0.0,"QUIMYP_VA":86.09,"QUIMYP_EXP":151.34,"FARMED_VA":0.64,"FARMED_EXP":7.42,"HUPLAS_VA":357.23,"HUPLAS_EXP":735.28,"PRNOMT_VA":231.05,"PRNOMT_EXP":387.27,"METBAS_VA":220.46,"METBAS_EXP":755.26,"NONFER_VA":226.2,"NONFER_EXP":803.2,"PRMETA_VA":220.13,"PRMETA_EXP":193.87,"ELCTRO_VA":184.11,"ELCTRO_EXP":106.96,"ELCTRI_VA":35.27,"ELCTRI_EXP":34.1,"MAQYEQ_VA":233.0,"MAQYEQ_EXP":506.49,"AUTOMO_VA":11.86,"AUTOMO_EXP":6.45,"OTRTRA_VA":0.08,"OTRTRA_EXP":0.04,"TRANSP_VA":0.16,"TRANSP_EXP":0.03,"OTRMAN_VA":46.37,"OTRMAN_EXP":40.57,"ELEGAS_VA":243.03,"ELEGAS_EXP":17.12,"AGUBAS_VA":129.52,"AGUBAS_EXP":0.69,"CONSTR_VA":1246.88,"CONSTR_EXP":31.47,"COMREV_VA":1931.74,"COMREV_EXP":597.14,"TRATIE_VA":600.25,"TRATIE_EXP":553.57,"TRAGUA_VA":18.22,"TRAGUA_EXP":23.95,"TRAAIR_VA":328.5,"TRAAIR_EXP":622.58,"ALMSTR_VA":87.78,"ALMSTR_EXP":79.84,"POSTME_VA":62.3,"POSTME_EXP":72.01,"HOTYRE_VA":673.31,"HOTYRE_EXP":552.13,"MMTVRA_VA":169.71,"MMTVRA_EXP":256.17,"TELECO_VA":605.44,"TELECO_EXP":378.07,"ITSERV_VA":183.03,"ITSERV_EXP":173.04,"SERFIN_VA":4464.89,"SERFIN_EXP":10103.9,"GOBEST_VA":1864.57,"GOBEST_EXP":151.54,"SPRSCT_VA":774.5,"SPRSCT_EXP":477.54,"SEAEMP_VA":384.28,"SEAEMP_EXP":169.87,"ADPDEF_VA":1143.28,"ADPDEF_EXP":13.62,"EDUCAC_VA":782.09,"EDUCAC_EXP":45.41,"SALUDH_VA":764.59,"SALUDH_EXP":44.35,"ESPARC_VA":106.28,"ESPARC_EXP":58.13,"OTRSER_VA":183.07,"OTRSER_EXP":32.51,"SERHOG_VA":86.11,"SERHOG_EXP":0.0}},{"type":"Feature","geometry":{"type":"Point","coordinates":[24.6,56.88]},"properties":{"id":"LVA","name":"Letonia","continent":"europe","year":1996,"AGRPFO_VA":346.31,"AGRPFO_EXP":8.02,"FORLOG_VA":63.0,"FORLOG_EXP":36.66,"PESCAC_VA":22.23,"PESCAC_EXP":1.38,"MINCOL_VA":0.23,"MINCOL_EXP":0.02,"PETGAS_VA":0.0,"PETGAS_EXP":0.0,"MINORE_VA":0.11,"MINORE_EXP":0.04,"MINOTH_VA":7.56,"MINOTH_EXP":1.67,"MINSER_VA":0.16,"MINSER_EXP":0.03,"ALYBEB_VA":382.57,"ALYBEB_EXP":141.13,"TEXYPR_VA":154.91,"TEXYPR_EXP":129.63,"MADYPR_VA":222.59,"MADYPR_EXP":184.29,"PAPYPR_VA":45.61,"PAPYPR_EXP":30.16,"PETREF_VA":2.82,"PETREF_EXP":2.03,"QUIMYP_VA":21.01,"QUIMYP_EXP":34.64,"FARMED_VA":16.32,"FARMED_EXP":20.66,"HUPLAS_VA":13.58,"HUPLAS_EXP":8.01,"PRNOMT_VA":23.41,"PRNOMT_EXP":14.78,"METBAS_VA":34.12,"METBAS_EXP":28.03,"NONFER_VA":6.7,"NONFER_EXP":4.5,"PRMETA_VA":32.43,"PRMETA_EXP":19.03,"ELCTRO_VA":11.62,"ELCTRO_EXP":18.98,"ELCTRI_VA":14.29,"ELCTRI_EXP":23.31,"MAQYEQ_VA":27.2,"MAQYEQ_EXP":43.57,"AUTOMO_VA":3.54,"AUTOMO_EXP":5.17,"OTRTRA_VA":10.7,"OTRTRA_EXP":9.09,"TRANSP_VA":8.68,"TRANSP_EXP":11.45,"OTRMAN_VA":82.43,"OTRMAN_EXP":92.41,"ELEGAS_VA":289.86,"ELEGAS_EXP":5.75,"AGUBAS_VA":58.74,"AGUBAS_EXP":1.94,"CONSTR_VA":264.92,"CONSTR_EXP":9.46,"COMREV_VA":644.58,"COMREV_EXP":167.12,"TRATIE_VA":247.56,"TRATIE_EXP":305.44,"TRAGUA_VA":56.79,"TRAGUA_EXP":49.84,"TRAAIR_VA":18.38,"TRAAIR_EXP":25.12,"ALMSTR_VA":480.06,"ALMSTR_EXP":88.39,"POSTME_VA":20.59,"POSTME_EXP":10.56,"HOTYRE_VA":55.91,"HOTYRE_EXP":65.68,"MMTVRA_VA":26.34,"MMTVRA_EXP":10.7,"TELECO_VA":121.58,"TELECO_EXP":33.8,"ITSERV_VA":19.4,"ITSERV_EXP":3.36,"SERFIN_VA":178.59,"SERFIN_EXP":188.77,"GOBEST_VA":264.8,"GOBEST_EXP":14.82,"SPRSCT_VA":83.84,"SPRSCT_EXP":87.12,"SEAEMP_VA":128.79,"SEAEMP_EXP":196.03,"ADPDEF_VA":450.04,"ADPDEF_EXP":7.11,"EDUCAC_VA":264.23,"EDUCAC_EXP":6.18,"SALUDH_VA":170.24,"SALUDH_EXP":3.89,"ESPARC_VA":67.11,"ESPARC_EXP":7.91,"OTRSER_VA":70.65,"OTRSER_EXP":4.17,"SERHOG_VA":10.36,"SERHOG_EXP":0.0}},{"type":"Feature","geometry":{"type":"Point","coordinates":[-7.09,31.79]},"properties":{"id":"MAR","name":"Marruecos","continent":"other","year":1996,"AGRPFO_VA":4195.59,"AGRPFO_EXP":608.16,"FORLOG_VA":640.61,"FORLOG_EXP":12.67,"PESCAC_VA":250.48,"PESCAC_EXP":246.02,"MINCOL_VA":2.77,"MINCOL_EXP":0.28,"PETGAS_VA":6.52,"PETGAS_EXP":0.44,"MINORE_VA":208.27,"MINORE_EXP":117.16,"MINOTH_VA":744.81,"MINOTH_EXP":496.7,"MINSER_VA":21.66,"MINSER_EXP":6.36,"ALYBEB_VA":1771.82,"ALYBEB_EXP":1385.72,"TEXYPR_VA":1018.14,"TEXYPR_EXP":1736.56,"MADYPR_VA":91.95,"MADYPR_EXP":39.75,"PAPYPR_VA":200.46,"PAPYPR_EXP":47.16,"PETREF_VA":96.44,"PETREF_EXP":91.07,"QUIMYP_VA":734.59,"QUIMYP_EXP":803.38,"FARMED_VA":256.37,"FARMED_EXP":47.17,"HUPLAS_VA":215.05,"HUPLAS_EXP":45.78,"PRNOMT_VA":622.32,"PRNOMT_EXP":57.81,"METBAS_VA":159.79,"METBAS_EXP":27.3,"NONFER_VA":116.51,"NONFER_EXP":96.32,"PRMETA_VA":355.09,"PRMETA_EXP":24.39,"ELCTRO_VA":47.59,"ELCTRO_EXP":107.84,"ELCTRI_VA":191.19,"ELCTRI_EXP":142.53,"MAQYEQ_VA":122.19,"MAQYEQ_EXP":13.12,"AUTOMO_VA":509.76,"AUTOMO_EXP":60.44,"OTRTRA_VA":25.4,"OTRTRA_EXP":13.36,"TRANSP_VA":51.12,"TRANSP_EXP":21.03,"OTRMAN_VA":461.13,"OTRMAN_EXP":74.21,"ELEGAS_VA":1026.57,"ELEGAS_EXP":9.61,"AGUBAS_VA":170.1,"AGUBAS_EXP":0.44,"CONSTR_VA":2736.85,"CONSTR_EXP":13.09,"COMREV_VA":4472.47,"COMREV_EXP":948.05,"TRATIE_VA":953.67,"TRATIE_EXP":172.44,"TRAGUA_VA":43.01,"TRAGUA_EXP":121.4,"TRAAIR_VA":167.73,"TRAAIR_EXP":218.24,"ALMSTR_VA":450.87,"ALMSTR_EXP":383.81,"POSTME_VA":45.25,"POSTME_EXP":43.92,"HOTYRE_VA":828.24,"HOTYRE_EXP":455.7,"MMTVRA_VA":136.39,"MMTVRA_EXP":28.99,"TELECO_VA":1026.05,"TELECO_EXP":126.9,"ITSERV_VA":194.66,"ITSERV_EXP":92.39,"SERFIN_VA":1930.67,"SERFIN_EXP":50.59,"GOBEST_VA":1136.38,"GOBEST_EXP":67.64,"SPRSCT_VA":1094.9,"SPRSCT_EXP":183.36,"SEAEMP_VA":1432.82,"SEAEMP_EXP":96.28,"ADPDEF_VA":3862.14,"ADPDEF_EXP":28.22,"EDUCAC_VA":3233.86,"EDUCAC_EXP":38.47,"SALUDH_VA":1194.08,"SALUDH_EXP":19.92,"ESPARC_VA":124.87,"ESPARC_EXP":39.18,"OTRSER_VA":389.48,"OTRSER_EXP":20.85,"SERHOG_VA":164.72,"SERHOG_EXP":0.0}},{"type":"Feature","geometry":{"type":"Point","coordinates":[-102.55,23.63]},"properties":{"id":"MEX","name":"México","continent":"america","year":1996,"AGRPFO_VA":17823.02,"AGRPFO_EXP":2101.05,"FORLOG_VA":915.63,"FORLOG_EXP":9.57,"PESCAC_VA":304.04,"PESCAC_EXP":82.47,"MINCOL_VA":273.39,"MINCOL_EXP":0.09,"PETGAS_VA":19502.38,"PETGAS_EXP":10939.81,"MINORE_VA":1294.43,"MINORE_EXP":156.08,"MINOTH_VA":2015.98,"MINOTH_EXP":89.42,"MINSER_VA":481.78,"MINSER_EXP":6.34,"ALYBEB_VA":20535.93,"ALYBEB_EXP":2499.34,"TEXYPR_VA":6474.11,"TEXYPR_EXP":4459.59,"MADYPR_VA":1268.03,"MADYPR_EXP":129.14,"PAPYPR_VA":2780.58,"PAPYPR_EXP":766.16,"PETREF_VA":3015.9,"PETREF_EXP":1064.34,"QUIMYP_VA":8182.94,"QUIMYP_EXP":1771.58,"FARMED_VA":2171.47,"FARMED_EXP":1019.39,"HUPLAS_VA":2973.71,"HUPLAS_EXP":1649.67,"PRNOMT_VA":4114.84,"PRNOMT_EXP":972.42,"METBAS_VA":2739.7,"METBAS_EXP":1123.88,"NONFER_VA":2391.08,"NONFER_EXP":1329.59,"PRMETA_VA":2924.96,"PRMETA_EXP":2033.2,"ELCTRO_VA":11561.63,"ELCTRO_EXP":12946.82,"ELCTRI_VA":3695.66,"ELCTRI_EXP":5377.16,"MAQYEQ_VA":5261.75,"MAQYEQ_EXP":2235.77,"AUTOMO_VA":11912.86,"AUTOMO_EXP":19603.62,"OTRTRA_VA":97.74,"OTRTRA_EXP":55.26,"TRANSP_VA":372.69,"TRANSP_EXP":934.9,"OTRMAN_VA":4160.1,"OTRMAN_EXP":2703.66,"ELEGAS_VA":5463.31,"ELEGAS_EXP":58.01,"AGUBAS_VA":883.84,"AGUBAS_EXP":10.24,"CONSTR_VA":20976.4,"CONSTR_EXP":0.18,"COMREV_VA":81712.77,"COMREV_EXP":13024.64,"TRATIE_VA":21818.35,"TRATIE_EXP":4302.49,"TRAGUA_VA":492.64,"TRAGUA_EXP":178.49,"TRAAIR_VA":506.21,"TRAAIR_EXP":605.72,"ALMSTR_VA":1818.09,"ALMSTR_EXP":610.01,"POSTME_VA":322.21,"POSTME_EXP":5.78,"HOTYRE_VA":12056.29,"HOTYRE_EXP":2882.58,"MMTVRA_VA":1278.09,"MMTVRA_EXP":357.04,"TELECO_VA":4013.52,"TELECO_EXP":196.9,"ITSERV_VA":745.87,"ITSERV_EXP":13.06,"SERFIN_VA":9544.9,"SERFIN_EXP":971.08,"GOBEST_VA":63129.44,"GOBEST_EXP":420.1,"SPRSCT_VA":6645.19,"SPRSCT_EXP":177.38,"SEAEMP_VA":15246.82,"SEAEMP_EXP":172.45,"ADPDEF_VA":11346.11,"ADPDEF_EXP":0.82,"EDUCAC_VA":12056.93,"EDUCAC_EXP":170.36,"SALUDH_VA":6477.99,"SALUDH_EXP":113.96,"ESPARC_VA":2325.02,"ESPARC_EXP":326.55,"OTRSER_VA":5641.4,"OTRSER_EXP":125.25,"SERHOG_VA":1927.82,"SERHOG_EXP":0.0}},{"type":"Feature","geometry":{"type":"Point","coordinates":[14.38,35.94]},"properties":{"id":"MLT","name":"Malta","continent":"europe","year":1996,"AGRPFO_VA":78.31,"AGRPFO_EXP":5.0,"FORLOG_VA":0.0,"FORLOG_EXP":0.0,"PESCAC_VA":9.12,"PESCAC_EXP":10.68,"MINCOL_VA":0.0,"MINCOL_EXP":0.0,"PETGAS_VA":1.04,"PETGAS_EXP":0.77,"MINORE_VA":0.34,"MINORE_EXP":0.1,"MINOTH_VA":7.72,"MINOTH_EXP":0.32,"MINSER_VA":8.15,"MINSER_EXP":0.88,"ALYBEB_VA":103.9,"ALYBEB_EXP":49.65,"TEXYPR_VA":121.98,"TEXYPR_EXP":104.16,"MADYPR_VA":3.22,"MADYPR_EXP":0.25,"PAPYPR_VA":45.44,"PAPYPR_EXP":32.18,"PETREF_VA":0.2,"PETREF_EXP":0.11,"QUIMYP_VA":12.47,"QUIMYP_EXP":9.4,"FARMED_VA":56.7,"FARMED_EXP":16.81,"HUPLAS_VA":41.39,"HUPLAS_EXP":41.65,"PRNOMT_VA":25.56,"PRNOMT_EXP":3.08,"METBAS_VA":0.36,"METBAS_EXP":0.16,"NONFER_VA":0.23,"NONFER_EXP":0.2,"PRMETA_VA":25.65,"PRMETA_EXP":7.17,"ELCTRO_VA":47.51,"ELCTRO_EXP":318.04,"ELCTRI_VA":19.46,"ELCTRI_EXP":20.11,"MAQYEQ_VA":17.65,"MAQYEQ_EXP":9.79,"AUTOMO_VA":28.83,"AUTOMO_EXP":2.4,"OTRTRA_VA":4.28,"OTRTRA_EXP":4.86,"TRANSP_VA":8.8,"TRANSP_EXP":6.33,"OTRMAN_VA":154.55,"OTRMAN_EXP":101.6,"ELEGAS_VA":-1.67,"ELEGAS_EXP":0.25,"AGUBAS_VA":53.98,"AGUBAS_EXP":0.27,"CONSTR_VA":218.69,"CONSTR_EXP":0.17,"COMREV_VA":525.21,"COMREV_EXP":143.66,"TRATIE_VA":62.03,"TRATIE_EXP":38.18,"TRAGUA_VA":5.11,"TRAGUA_EXP":19.32,"TRAAIR_VA":34.51,"TRAAIR_EXP":82.86,"ALMSTR_VA":166.33,"ALMSTR_EXP":106.3,"POSTME_VA":11.42,"POSTME_EXP":3.39,"HOTYRE_VA":226.52,"HOTYRE_EXP":333.05,"MMTVRA_VA":18.27,"MMTVRA_EXP":4.64,"TELECO_VA":72.7,"TELECO_EXP":20.59,"ITSERV_VA":43.07,"ITSERV_EXP":8.26,"SERFIN_VA":102.59,"SERFIN_EXP":107.58,"GOBEST_VA":229.43,"GOBEST_EXP":24.29,"SPRSCT_VA":104.55,"SPRSCT_EXP":65.47,"SEAEMP_VA":114.74,"SEAEMP_EXP":63.45,"ADPDEF_VA":277.41,"ADPDEF_EXP":6.31,"EDUCAC_VA":189.53,"EDUCAC_EXP":9.54,"SALUDH_VA":159.42,"SALUDH_EXP":9.08,"ESPARC_VA":51.78,"ESPARC_EXP":40.75,"OTRSER_VA":49.28,"OTRSER_EXP":7.77,"SERHOG_VA":10.32,"SERHOG_EXP":0.0}},{"type":"Feature","geometry":{"type":"Point","coordinates":[95.96,21.91]},"properties":{"id":"MMR","name":"Myanmar","continent":"asia","year":1996,"AGRPFO_VA":2675.59,"AGRPFO_EXP":168.59,"FORLOG_VA":58.06,"FORLOG_EXP":32.63,"PESCAC_VA":431.29,"PESCAC_EXP":29.36,"MINCOL_VA":0.36,"MINCOL_EXP":0.03,"PETGAS_VA":174.09,"PETGAS_EXP":289.71,"MINORE_VA":44.27,"MINORE_EXP":2.22,"MINOTH_VA":32.07,"MINOTH_EXP":17.42,"MINSER_VA":1.62,"MINSER_EXP":0.54,"ALYBEB_VA":342.35,"ALYBEB_EXP":99.49,"TEXYPR_VA":215.83,"TEXYPR_EXP":97.43,"MADYPR_VA":32.88,"MADYPR_EXP":9.51,"PAPYPR_VA":33.0,"PAPYPR_EXP":2.8,"PETREF_VA":45.5,"PETREF_EXP":9.72,"QUIMYP_VA":39.84,"QUIMYP_EXP":2.13,"FARMED_VA":19.33,"FARMED_EXP":0.2,"HUPLAS_VA":24.77,"HUPLAS_EXP":1.46,"PRNOMT_VA":42.35,"PRNOMT_EXP":0.66,"METBAS_VA":22.47,"METBAS_EXP":0.12,"NONFER_VA":19.48,"NONFER_EXP":0.51,"PRMETA_VA":32.31,"PRMETA_EXP":1.68,"ELCTRO_VA":33.88,"ELCTRO_EXP":3.37,"ELCTRI_VA":23.11,"ELCTRI_EXP":4.13,"MAQYEQ_VA":26.18,"MAQYEQ_EXP":6.33,"AUTOMO_VA":45.55,"AUTOMO_EXP":0.69,"OTRTRA_VA":5.74,"OTRTRA_EXP":0.06,"TRANSP_VA":6.49,"TRANSP_EXP":3.36,"OTRMAN_VA":59.83,"OTRMAN_EXP":4.87,"ELEGAS_VA":30.19,"ELEGAS_EXP":1.63,"AGUBAS_VA":6.77,"AGUBAS_EXP":0.06,"CONSTR_VA":211.76,"CONSTR_EXP":0.68,"COMREV_VA":533.31,"COMREV_EXP":43.4,"TRATIE_VA":121.32,"TRATIE_EXP":7.43,"TRAGUA_VA":41.57,"TRAGUA_EXP":11.75,"TRAAIR_VA":29.45,"TRAAIR_EXP":10.68,"ALMSTR_VA":43.2,"ALMSTR_EXP":10.25,"POSTME_VA":7.97,"POSTME_EXP":0.03,"HOTYRE_VA":150.38,"HOTYRE_EXP":8.3,"MMTVRA_VA":31.64,"MMTVRA_EXP":0.68,"TELECO_VA":92.86,"TELECO_EXP":0.27,"ITSERV_VA":21.75,"ITSERV_EXP":0.78,"SERFIN_VA":157.54,"SERFIN_EXP":1.11,"GOBEST_VA":207.78,"GOBEST_EXP":2.47,"SPRSCT_VA":114.44,"SPRSCT_EXP":21.42,"SEAEMP_VA":71.91,"SEAEMP_EXP":11.72,"ADPDEF_VA":235.92,"ADPDEF_EXP":0.19,"EDUCAC_VA":134.45,"EDUCAC_EXP":0.55,"SALUDH_VA":159.46,"SALUDH_EXP":0.36,"ESPARC_VA":30.82,"ESPARC_EXP":0.76,"OTRSER_VA":55.01,"OTRSER_EXP":0.47,"SERHOG_VA":0.0,"SERHOG_EXP":0.0}},{"type":"Feature","geometry":{"type":"Point","coordinates":[101.98,4.21]},"properties":{"id":"MYS","name":"Malasia","continent":"asia","year":1996,"AGRPFO_VA":7404.71,"AGRPFO_EXP":2215.58,"FORLOG_VA":972.81,"FORLOG_EXP":1397.7,"PESCAC_VA":1027.78,"PESCAC_EXP":71.01,"MINCOL_VA":3695.69,"MINCOL_EXP":105.8,"PETGAS_VA":5288.53,"PETGAS_EXP":4993.7,"MINORE_VA":148.86,"MINORE_EXP":47.52,"MINOTH_VA":538.63,"MINOTH_EXP":52.35,"MINSER_VA":653.75,"MINSER_EXP":45.31,"ALYBEB_VA":1522.75,"ALYBEB_EXP":5369.11,"TEXYPR_VA":343.33,"TEXYPR_EXP":1547.56,"MADYPR_VA":504.08,"MADYPR_EXP":1977.44,"PAPYPR_VA":610.44,"PAPYPR_EXP":295.91,"PETREF_VA":2890.1,"PETREF_EXP":1458.31,"QUIMYP_VA":1828.06,"QUIMYP_EXP":2796.56,"FARMED_VA":133.22,"FARMED_EXP":79.28,"HUPLAS_VA":1181.62,"HUPLAS_EXP":2504.72,"PRNOMT_VA":644.45,"PRNOMT_EXP":395.65,"METBAS_VA":362.12,"METBAS_EXP":569.45,"NONFER_VA":214.1,"NONFER_EXP":711.81,"PRMETA_VA":729.95,"PRMETA_EXP":693.46,"ELCTRO_VA":4586.05,"ELCTRO_EXP":24023.62,"ELCTRI_VA":309.36,"ELCTRI_EXP":2237.38,"MAQYEQ_VA":543.77,"MAQYEQ_EXP":1848.13,"AUTOMO_VA":1592.78,"AUTOMO_EXP":221.56,"OTRTRA_VA":162.76,"OTRTRA_EXP":1655.24,"TRANSP_VA":154.17,"TRANSP_EXP":632.4,"OTRMAN_VA":747.63,"OTRMAN_EXP":826.94,"ELEGAS_VA":2015.25,"ELEGAS_EXP":115.31,"AGUBAS_VA":699.33,"AGUBAS_EXP":3.93,"CONSTR_VA":3236.16,"CONSTR_EXP":6.68,"COMREV_VA":20767.09,"COMREV_EXP":5922.34,"TRATIE_VA":909.46,"TRATIE_EXP":1009.94,"TRAGUA_VA":545.02,"TRAGUA_EXP":1193.11,"TRAAIR_VA":455.07,"TRAAIR_EXP":1858.12,"ALMSTR_VA":1039.01,"ALMSTR_EXP":814.75,"POSTME_VA":135.82,"POSTME_EXP":325.52,"HOTYRE_VA":2870.72,"HOTYRE_EXP":3064.0,"MMTVRA_VA":450.43,"MMTVRA_EXP":294.01,"TELECO_VA":2156.7,"TELECO_EXP":551.37,"ITSERV_VA":1060.41,"ITSERV_EXP":1120.21,"SERFIN_VA":7287.04,"SERFIN_EXP":1732.3,"GOBEST_VA":2809.13,"GOBEST_EXP":728.86,"SPRSCT_VA":1929.73,"SPRSCT_EXP":2050.0,"SEAEMP_VA":989.31,"SEAEMP_EXP":1025.01,"ADPDEF_VA":7310.95,"ADPDEF_EXP":269.53,"EDUCAC_VA":3243.73,"EDUCAC_EXP":171.93,"SALUDH_VA":914.45,"SALUDH_EXP":116.66,"ESPARC_VA":596.13,"ESPARC_EXP":350.16,"OTRSER_VA":206.71,"OTRSER_EXP":131.15,"SERHOG_VA":105.78,"SERHOG_EXP":0.0}},{"type":"Feature","geometry":{"type":"Point","coordinates":[8.68,9.08]},"properties":{"id":"NGA","name":"Nigeria","continent":"other","year":1996,"AGRPFO_VA":13855.89,"AGRPFO_EXP":361.83,"FORLOG_VA":137.96,"FORLOG_EXP":23.63,"PESCAC_VA":304.06,"PESCAC_EXP":0.36,"MINCOL_VA":23.8,"MINCOL_EXP":0.7,"PETGAS_VA":8924.09,"PETGAS_EXP":9333.4,"MINORE_VA":8.49,"MINORE_EXP":1.27,"MINOTH_VA":32.74,"MINOTH_EXP":6.57,"MINSER_VA":7.05,"MINSER_EXP":5.04,"ALYBEB_VA":4211.13,"ALYBEB_EXP":267.56,"TEXYPR_VA":657.41,"TEXYPR_EXP":402.06,"MADYPR_VA":244.96,"MADYPR_EXP":29.21,"PAPYPR_VA":75.96,"PAPYPR_EXP":0.78,"PETREF_VA":134.81,"PETREF_EXP":243.75,"QUIMYP_VA":102.01,"QUIMYP_EXP":38.3,"FARMED_VA":20.29,"FARMED_EXP":0.53,"HUPLAS_VA":73.05,"HUPLAS_EXP":36.91,"PRNOMT_VA":400.88,"PRNOMT_EXP":1.68,"METBAS_VA":22.17,"METBAS_EXP":26.42,"NONFER_VA":20.59,"NONFER_EXP":22.85,"PRMETA_VA":22.64,"PRMETA_EXP":10.91,"ELCTRO_VA":31.54,"ELCTRO_EXP":2.14,"ELCTRI_VA":4.95,"ELCTRI_EXP":1.58,"MAQYEQ_VA":23.42,"MAQYEQ_EXP":22.92,"AUTOMO_VA":46.07,"AUTOMO_EXP":9.01,"OTRTRA_VA":31.4,"OTRTRA_EXP":3.56,"TRANSP_VA":0.5,"TRANSP_EXP":0.41,"OTRMAN_VA":234.75,"OTRMAN_EXP":6.76,"ELEGAS_VA":43.81,"ELEGAS_EXP":9.6,"AGUBAS_VA":87.53,"AGUBAS_EXP":0.15,"CONSTR_VA":967.03,"CONSTR_EXP":0.48,"COMREV_VA":8121.12,"COMREV_EXP":596.09,"TRATIE_VA":1013.49,"TRATIE_EXP":345.17,"TRAGUA_VA":64.73,"TRAGUA_EXP":41.62,"TRAAIR_VA":71.38,"TRAAIR_EXP":188.21,"ALMSTR_VA":157.15,"ALMSTR_EXP":55.62,"POSTME_VA":31.47,"POSTME_EXP":34.16,"HOTYRE_VA":231.89,"HOTYRE_EXP":3.92,"MMTVRA_VA":1285.88,"MMTVRA_EXP":15.07,"TELECO_VA":2225.21,"TELECO_EXP":19.11,"ITSERV_VA":800.69,"ITSERV_EXP":27.92,"SERFIN_VA":1582.6,"SERFIN_EXP":27.4,"GOBEST_VA":3093.28,"GOBEST_EXP":18.83,"SPRSCT_VA":1097.39,"SPRSCT_EXP":15.65,"SEAEMP_VA":8.21,"SEAEMP_EXP":1.46,"ADPDEF_VA":318.85,"ADPDEF_EXP":0.13,"EDUCAC_VA":686.04,"EDUCAC_EXP":0.22,"SALUDH_VA":329.58,"SALUDH_EXP":0.17,"ESPARC_VA":48.63,"ESPARC_EXP":0.41,"OTRSER_VA":736.7,"OTRSER_EXP":0.72,"SERHOG_VA":183.25,"SERHOG_EXP":0.0}},{"type":"Feature","geometry":{"type":"Point","coordinates":[5.29,52.13]},"properties":{"id":"NLD","name":"Países Bajos","continent":"europe","year":1996,"AGRPFO_VA":12879.05,"AGRPFO_EXP":14414.66,"FORLOG_VA":101.29,"FORLOG_EXP":90.32,"PESCAC_VA":466.6,"PESCAC_EXP":337.28,"MINCOL_VA":0.0,"MINCOL_EXP":0.0,"PETGAS_VA":10403.7,"PETGAS_EXP":4714.26,"MINORE_VA":0.0,"MINORE_EXP":0.0,"MINOTH_VA":363.44,"MINOTH_EXP":337.12,"MINSER_VA":2008.75,"MINSER_EXP":1519.91,"ALYBEB_VA":12242.65,"ALYBEB_EXP":23960.42,"TEXYPR_VA":1567.34,"TEXYPR_EXP":2855.7,"MADYPR_VA":950.45,"MADYPR_EXP":643.49,"PAPYPR_VA":5103.56,"PAPYPR_EXP":3648.33,"PETREF_VA":366.9,"PETREF_EXP":6373.45,"QUIMYP_VA":8360.38,"QUIMYP_EXP":21480.66,"FARMED_VA":2331.39,"FARMED_EXP":2838.49,"HUPLAS_VA":2475.21,"HUPLAS_EXP":3351.48,"PRNOMT_VA":2762.15,"PRNOMT_EXP":1531.97,"METBAS_VA":1661.95,"METBAS_EXP":1378.8,"NONFER_VA":577.82,"NONFER_EXP":1462.33,"PRMETA_VA":5688.25,"PRMETA_EXP":5321.05,"ELCTRO_VA":4570.14,"ELCTRO_EXP":8518.39,"ELCTRI_VA":3721.09,"ELCTRI_EXP":4310.6,"MAQYEQ_VA":4705.49,"MAQYEQ_EXP":9085.19,"AUTOMO_VA":1857.74,"AUTOMO_EXP":2221.81,"OTRTRA_VA":713.24,"OTRTRA_EXP":750.86,"TRANSP_VA":417.18,"TRANSP_EXP":731.69,"OTRMAN_VA":5211.62,"OTRMAN_EXP":3952.63,"ELEGAS_VA":6196.21,"ELEGAS_EXP":263.95,"AGUBAS_VA":2651.0,"AGUBAS_EXP":278.53,"CONSTR_VA":21206.7,"CONSTR_EXP":178.79,"COMREV_VA":52023.37,"COMREV_EXP":25591.32,"TRATIE_VA":9890.13,"TRATIE_EXP":5238.54,"TRAGUA_VA":1679.78,"TRAGUA_EXP":2327.61,"TRAAIR_VA":2316.8,"TRAAIR_EXP":4625.43,"ALMSTR_VA":5002.76,"ALMSTR_EXP":3878.41,"POSTME_VA":2813.86,"POSTME_EXP":1344.39,"HOTYRE_VA":7452.05,"HOTYRE_EXP":2347.3,"MMTVRA_VA":4316.56,"MMTVRA_EXP":2073.6,"TELECO_VA":5012.91,"TELECO_EXP":550.85,"ITSERV_VA":4391.89,"ITSERV_EXP":2245.47,"SERFIN_VA":30562.94,"SERFIN_EXP":4437.23,"GOBEST_VA":32217.54,"GOBEST_EXP":325.88,"SPRSCT_VA":29731.01,"SPRSCT_EXP":11763.65,"SEAEMP_VA":18975.14,"SEAEMP_EXP":4878.83,"ADPDEF_VA":33022.8,"ADPDEF_EXP":1225.49,"EDUCAC_VA":20376.13,"EDUCAC_EXP":374.69,"SALUDH_VA":26625.93,"SALUDH_EXP":165.86,"ESPARC_VA":4267.67,"ESPARC_EXP":544.49,"OTRSER_VA":5303.93,"OTRSER_EXP":146.96,"SERHOG_VA":33.78,"SERHOG_EXP":0.0}},{"type":"Feature","geometry":{"type":"Point","coordinates":[8.47,60.47]},"properties":{"id":"NOR","name":"Noruega","continent":"europe","year":1996,"AGRPFO_VA":1911.03,"AGRPFO_EXP":57.15,"FORLOG_VA":756.02,"FORLOG_EXP":15.54,"PESCAC_VA":1181.28,"PESCAC_EXP":1059.09,"MINCOL_VA":79.34,"MINCOL_EXP":45.76,"PETGAS_VA":23712.05,"PETGAS_EXP":22963.05,"MINORE_VA":18.61,"MINORE_EXP":28.97,"MINOTH_VA":127.22,"MINOTH_EXP":185.8,"MINSER_VA":699.23,"MINSER_EXP":15.0,"ALYBEB_VA":2676.91,"ALYBEB_EXP":2130.31,"TEXYPR_VA":402.56,"TEXYPR_EXP":189.36,"MADYPR_VA":675.81,"MADYPR_EXP":253.07,"PAPYPR_VA":1703.01,"PAPYPR_EXP":1243.47,"PETREF_VA":303.83,"PETREF_EXP":2017.34,"QUIMYP_VA":909.17,"QUIMYP_EXP":1783.79,"FARMED_VA":389.75,"FARMED_EXP":186.08,"HUPLAS_VA":434.78,"HUPLAS_EXP":224.0,"PRNOMT_VA":686.52,"PRNOMT_EXP":225.36,"METBAS_VA":616.01,"METBAS_EXP":755.0,"NONFER_VA":826.98,"NONFER_EXP":2712.82,"PRMETA_VA":1124.87,"PRMETA_EXP":452.55,"ELCTRO_VA":964.08,"ELCTRO_EXP":1104.88,"ELCTRI_VA":698.57,"ELCTRI_EXP":441.98,"MAQYEQ_VA":1295.98,"MAQYEQ_EXP":1035.33,"AUTOMO_VA":299.85,"AUTOMO_EXP":364.47,"OTRTRA_VA":1443.94,"OTRTRA_EXP":833.36,"TRANSP_VA":45.91,"TRANSP_EXP":57.25,"OTRMAN_VA":1616.43,"OTRMAN_EXP":1112.56,"ELEGAS_VA":3461.32,"ELEGAS_EXP":276.29,"AGUBAS_VA":1010.92,"AGUBAS_EXP":4.83,"CONSTR_VA":6404.36,"CONSTR_EXP":11.54,"COMREV_VA":15425.41,"COMREV_EXP":3904.67,"TRATIE_VA":5116.92,"TRATIE_EXP":1634.67,"TRAGUA_VA":3105.66,"TRAGUA_EXP":7153.9,"TRAAIR_VA":755.3,"TRAAIR_EXP":389.86,"ALMSTR_VA":1710.92,"ALMSTR_EXP":768.77,"POSTME_VA":1125.98,"POSTME_EXP":55.84,"HOTYRE_VA":2391.67,"HOTYRE_EXP":841.55,"MMTVRA_VA":2183.93,"MMTVRA_EXP":228.67,"TELECO_VA":2042.23,"TELECO_EXP":244.25,"ITSERV_VA":1205.82,"ITSERV_EXP":427.91,"SERFIN_VA":5453.28,"SERFIN_EXP":748.35,"GOBEST_VA":8682.94,"GOBEST_EXP":169.31,"SPRSCT_VA":5044.63,"SPRSCT_EXP":1478.35,"SEAEMP_VA":2195.75,"SEAEMP_EXP":616.73,"ADPDEF_VA":10779.71,"ADPDEF_EXP":3.84,"EDUCAC_VA":7415.89,"EDUCAC_EXP":56.24,"SALUDH_VA":12234.99,"SALUDH_EXP":58.21,"ESPARC_VA":2083.51,"ESPARC_EXP":136.52,"OTRSER_VA":1362.89,"OTRSER_EXP":33.78,"SERHOG_VA":144.02,"SERHOG_EXP":0.0}},{"type":"Feature","geometry":{"type":"Point","coordinates":[174.89,-40.9]},"properties":{"id":"NZL","name":"Nueva Zelanda","continent":"other","year":1996,"AGRPFO_VA":3203.03,"AGRPFO_EXP":776.47,"FORLOG_VA":692.7,"FORLOG_EXP":379.88,"PESCAC_VA":642.54,"PESCAC_EXP":96.36,"MINCOL_VA":16.55,"MINCOL_EXP":30.86,"PETGAS_VA":211.33,"PETGAS_EXP":61.21,"MINORE_VA":542.07,"MINORE_EXP":161.26,"MINOTH_VA":85.96,"MINOTH_EXP":10.18,"MINSER_VA":67.66,"MINSER_EXP":7.19,"ALYBEB_VA":3568.06,"ALYBEB_EXP":4520.75,"TEXYPR_VA":764.17,"TEXYPR_EXP":732.05,"MADYPR_VA":705.73,"MADYPR_EXP":467.36,"PAPYPR_VA":1099.18,"PAPYPR_EXP":618.73,"PETREF_VA":911.57,"PETREF_EXP":206.07,"QUIMYP_VA":596.76,"QUIMYP_EXP":477.73,"FARMED_VA":65.46,"FARMED_EXP":55.15,"HUPLAS_VA":628.35,"HUPLAS_EXP":239.72,"PRNOMT_VA":425.99,"PRNOMT_EXP":40.34,"METBAS_VA":109.85,"METBAS_EXP":174.68,"NONFER_VA":261.19,"NONFER_EXP":585.85,"PRMETA_VA":834.32,"PRMETA_EXP":260.89,"ELCTRO_VA":123.91,"ELCTRO_EXP":148.52,"ELCTRI_VA":302.54,"ELCTRI_EXP":326.21,"MAQYEQ_VA":669.43,"MAQYEQ_EXP":284.94,"AUTOMO_VA":104.61,"AUTOMO_EXP":34.62,"OTRTRA_VA":70.29,"OTRTRA_EXP":47.24,"TRANSP_VA":281.56,"TRANSP_EXP":48.64,"OTRMAN_VA":336.27,"OTRMAN_EXP":177.42,"ELEGAS_VA":1645.17,"ELEGAS_EXP":94.63,"AGUBAS_VA":328.82,"AGUBAS_EXP":6.14,"CONSTR_VA":3156.89,"CONSTR_EXP":17.6,"COMREV_VA":7033.18,"COMREV_EXP":2769.25,"TRATIE_VA":1259.8,"TRATIE_EXP":320.12,"TRAGUA_VA":203.18,"TRAGUA_EXP":73.78,"TRAAIR_VA":359.13,"TRAAIR_EXP":930.51,"ALMSTR_VA":1090.88,"ALMSTR_EXP":215.23,"POSTME_VA":469.21,"POSTME_EXP":49.61,"HOTYRE_VA":1447.64,"HOTYRE_EXP":865.35,"MMTVRA_VA":896.18,"MMTVRA_EXP":110.58,"TELECO_VA":1005.4,"TELECO_EXP":184.76,"ITSERV_VA":897.66,"ITSERV_EXP":78.58,"SERFIN_VA":2869.87,"SERFIN_EXP":149.61,"GOBEST_VA":7523.24,"GOBEST_EXP":163.53,"SPRSCT_VA":4265.89,"SPRSCT_EXP":305.21,"SEAEMP_VA":990.09,"SEAEMP_EXP":571.23,"ADPDEF_VA":2733.74,"ADPDEF_EXP":35.09,"EDUCAC_VA":2775.66,"EDUCAC_EXP":130.27,"SALUDH_VA":3085.94,"SALUDH_EXP":38.95,"ESPARC_VA":985.07,"ESPARC_EXP":260.65,"OTRSER_VA":1579.49,"OTRSER_EXP":47.19,"SERHOG_VA":177.87,"SERHOG_EXP":0.0}},{"type":"Feature","geometry":{"type":"Point","coordinates":[69.35,30.38]},"properties":{"id":"PAK","name":"Pakistán","continent":"asia","year":1996,"AGRPFO_VA":16606.69,"AGRPFO_EXP":568.68,"FORLOG_VA":653.18,"FORLOG_EXP":2.59,"PESCAC_VA":369.88,"PESCAC_EXP":9.13,"MINCOL_VA":49.69,"MINCOL_EXP":0.76,"PETGAS_VA":1048.52,"PETGAS_EXP":36.01,"MINORE_VA":54.83,"MINORE_EXP":12.8,"MINOTH_VA":62.25,"MINOTH_EXP":8.55,"MINSER_VA":66.36,"MINSER_EXP":1.57,"ALYBEB_VA":2481.55,"ALYBEB_EXP":506.73,"TEXYPR_VA":3431.4,"TEXYPR_EXP":4312.05,"MADYPR_VA":275.42,"MADYPR_EXP":6.51,"PAPYPR_VA":582.07,"PAPYPR_EXP":5.98,"PETREF_VA":589.84,"PETREF_EXP":25.11,"QUIMYP_VA":708.54,"QUIMYP_EXP":25.94,"FARMED_VA":260.32,"FARMED_EXP":10.46,"HUPLAS_VA":324.53,"HUPLAS_EXP":16.8,"PRNOMT_VA":549.93,"PRNOMT_EXP":18.27,"METBAS_VA":296.35,"METBAS_EXP":6.68,"NONFER_VA":245.71,"NONFER_EXP":7.25,"PRMETA_VA":408.38,"PRMETA_EXP":50.94,"ELCTRO_VA":384.14,"ELCTRO_EXP":12.72,"ELCTRI_VA":257.5,"ELCTRI_EXP":9.15,"MAQYEQ_VA":405.47,"MAQYEQ_EXP":15.05,"AUTOMO_VA":639.82,"AUTOMO_EXP":4.54,"OTRTRA_VA":79.53,"OTRTRA_EXP":0.1,"TRANSP_VA":91.88,"TRANSP_EXP":21.82,"OTRMAN_VA":295.09,"OTRMAN_EXP":176.99,"ELEGAS_VA":1894.31,"ELEGAS_EXP":3.88,"AGUBAS_VA":413.72,"AGUBAS_EXP":1.93,"CONSTR_VA":1931.8,"CONSTR_EXP":6.89,"COMREV_VA":6680.49,"COMREV_EXP":886.23,"TRATIE_VA":1662.97,"TRATIE_EXP":91.85,"TRAGUA_VA":449.7,"TRAGUA_EXP":357.19,"TRAAIR_VA":334.1,"TRAAIR_EXP":190.8,"ALMSTR_VA":556.23,"ALMSTR_EXP":57.57,"POSTME_VA":144.33,"POSTME_EXP":0.97,"HOTYRE_VA":1693.07,"HOTYRE_EXP":39.59,"MMTVRA_VA":585.35,"MMTVRA_EXP":65.41,"TELECO_VA":1268.51,"TELECO_EXP":240.16,"ITSERV_VA":351.79,"ITSERV_EXP":142.14,"SERFIN_VA":2405.96,"SERFIN_EXP":110.76,"GOBEST_VA":3421.4,"GOBEST_EXP":13.62,"SPRSCT_VA":1821.25,"SPRSCT_EXP":280.88,"SEAEMP_VA":1093.87,"SEAEMP_EXP":124.41,"ADPDEF_VA":3502.54,"ADPDEF_EXP":2.62,"EDUCAC_VA":1616.72,"EDUCAC_EXP":3.63,"SALUDH_VA":2545.05,"SALUDH_EXP":2.85,"ESPARC_VA":493.52,"ESPARC_EXP":11.48,"OTRSER_VA":903.51,"OTRSER_EXP":6.22,"SERHOG_VA":416.66,"SERHOG_EXP":0.0}},{"type":"Feature","geometry":{"type":"Point","coordinates":[-75.02,-9.19]},"properties":{"id":"PER","name":"Perú","continent":"america","year":1996,"AGRPFO_VA":2989.85,"AGRPFO_EXP":205.78,"FORLOG_VA":140.0,"FORLOG_EXP":8.86,"PESCAC_VA":396.46,"PESCAC_EXP":4.88,"MINCOL_VA":79.55,"MINCOL_EXP":0.04,"PETGAS_VA":943.78,"PETGAS_EXP":437.33,"MINORE_VA":6099.72,"MINORE_EXP":1693.08,"MINOTH_VA":150.26,"MINOTH_EXP":5.26,"MINSER_VA":606.02,"MINSER_EXP":0.23,"ALYBEB_VA":2117.76,"ALYBEB_EXP":963.12,"TEXYPR_VA":1198.91,"TEXYPR_EXP":378.64,"MADYPR_VA":269.39,"MADYPR_EXP":24.71,"PAPYPR_VA":489.3,"PAPYPR_EXP":13.01,"PETREF_VA":397.68,"PETREF_EXP":251.01,"QUIMYP_VA":517.27,"QUIMYP_EXP":109.28,"FARMED_VA":158.15,"FARMED_EXP":13.11,"HUPLAS_VA":319.72,"HUPLAS_EXP":29.04,"PRNOMT_VA":524.91,"PRNOMT_EXP":22.65,"METBAS_VA":142.6,"METBAS_EXP":27.51,"NONFER_VA":1072.25,"NONFER_EXP":1101.84,"PRMETA_VA":320.45,"PRMETA_EXP":64.21,"ELCTRO_VA":19.58,"ELCTRO_EXP":4.14,"ELCTRI_VA":18.45,"ELCTRI_EXP":24.77,"MAQYEQ_VA":219.46,"MAQYEQ_EXP":21.5,"AUTOMO_VA":111.04,"AUTOMO_EXP":8.36,"OTRTRA_VA":6.82,"OTRTRA_EXP":0.6,"TRANSP_VA":54.87,"TRANSP_EXP":1.55,"OTRMAN_VA":1255.26,"OTRMAN_EXP":163.99,"ELEGAS_VA":889.71,"ELEGAS_EXP":1.69,"AGUBAS_VA":216.86,"AGUBAS_EXP":0.17,"CONSTR_VA":3195.82,"CONSTR_EXP":1.18,"COMREV_VA":5470.31,"COMREV_EXP":483.11,"TRATIE_VA":1911.53,"TRATIE_EXP":121.51,"TRAGUA_VA":47.9,"TRAGUA_EXP":74.98,"TRAAIR_VA":140.56,"TRAAIR_EXP":132.29,"ALMSTR_VA":566.71,"ALMSTR_EXP":80.51,"POSTME_VA":66.5,"POSTME_EXP":14.13,"HOTYRE_VA":1601.9,"HOTYRE_EXP":265.49,"MMTVRA_VA":277.9,"MMTVRA_EXP":20.49,"TELECO_VA":978.49,"TELECO_EXP":91.26,"ITSERV_VA":147.82,"ITSERV_EXP":5.46,"SERFIN_VA":1752.53,"SERFIN_EXP":71.46,"GOBEST_VA":2561.5,"GOBEST_EXP":27.93,"SPRSCT_VA":1505.0,"SPRSCT_EXP":47.32,"SEAEMP_VA":1163.23,"SEAEMP_EXP":35.12,"ADPDEF_VA":2273.35,"ADPDEF_EXP":58.83,"EDUCAC_VA":2524.51,"EDUCAC_EXP":13.22,"SALUDH_VA":1210.75,"SALUDH_EXP":12.6,"ESPARC_VA":303.2,"ESPARC_EXP":51.79,"OTRSER_VA":576.31,"OTRSER_EXP":17.83,"SERHOG_VA":1331.12,"SERHOG_EXP":0.0}},{"type":"Feature","geometry":{"type":"Point","coordinates":[121.77,12.88]},"properties":{"id":"PHL","name":"Filipinas","continent":"asia","year":1996,"AGRPFO_VA":8966.55,"AGRPFO_EXP":1290.76,"FORLOG_VA":838.03,"FORLOG_EXP":15.0,"PESCAC_VA":1947.82,"PESCAC_EXP":338.7,"MINCOL_VA":61.09,"MINCOL_EXP":46.64,"PETGAS_VA":381.67,"PETGAS_EXP":50.31,"MINORE_VA":298.95,"MINORE_EXP":499.73,"MINOTH_VA":157.07,"MINOTH_EXP":16.32,"MINSER_VA":29.02,"MINSER_EXP":54.85,"ALYBEB_VA":8181.69,"ALYBEB_EXP":2027.87,"TEXYPR_VA":2618.94,"TEXYPR_EXP":3003.26,"MADYPR_VA":333.46,"MADYPR_EXP":438.73,"PAPYPR_VA":455.28,"PAPYPR_EXP":259.05,"PETREF_VA":1166.0,"PETREF_EXP":467.1,"QUIMYP_VA":1102.16,"QUIMYP_EXP":251.15,"FARMED_VA":257.7,"FARMED_EXP":45.59,"HUPLAS_VA":334.86,"HUPLAS_EXP":417.89,"PRNOMT_VA":502.14,"PRNOMT_EXP":215.94,"METBAS_VA":162.82,"METBAS_EXP":97.22,"NONFER_VA":285.29,"NONFER_EXP":772.38,"PRMETA_VA":273.32,"PRMETA_EXP":288.82,"ELCTRO_VA":4197.78,"ELCTRO_EXP":8382.07,"ELCTRI_VA":436.68,"ELCTRI_EXP":773.2,"MAQYEQ_VA":472.3,"MAQYEQ_EXP":150.39,"AUTOMO_VA":275.4,"AUTOMO_EXP":453.62,"OTRTRA_VA":60.59,"OTRTRA_EXP":16.67,"TRANSP_VA":174.25,"TRANSP_EXP":77.51,"OTRMAN_VA":774.83,"OTRMAN_EXP":968.27,"ELEGAS_VA":2875.04,"ELEGAS_EXP":11.13,"AGUBAS_VA":345.85,"AGUBAS_EXP":3.22,"CONSTR_VA":5457.33,"CONSTR_EXP":48.09,"COMREV_VA":13197.57,"COMREV_EXP":3586.43,"TRATIE_VA":1981.68,"TRATIE_EXP":632.05,"TRAGUA_VA":312.23,"TRAGUA_EXP":402.89,"TRAAIR_VA":222.09,"TRAAIR_EXP":307.59,"ALMSTR_VA":536.93,"ALMSTR_EXP":101.75,"POSTME_VA":44.81,"POSTME_EXP":44.66,"HOTYRE_VA":1376.14,"HOTYRE_EXP":912.45,"MMTVRA_VA":429.56,"MMTVRA_EXP":168.43,"TELECO_VA":2607.05,"TELECO_EXP":270.33,"ITSERV_VA":597.28,"ITSERV_EXP":118.48,"SERFIN_VA":4352.5,"SERFIN_EXP":501.91,"GOBEST_VA":6054.6,"GOBEST_EXP":185.63,"SPRSCT_VA":783.48,"SPRSCT_EXP":144.68,"SEAEMP_VA":1052.85,"SEAEMP_EXP":202.35,"ADPDEF_VA":4723.36,"ADPDEF_EXP":10.01,"EDUCAC_VA":4260.0,"EDUCAC_EXP":40.13,"SALUDH_VA":1078.74,"SALUDH_EXP":24.51,"ESPARC_VA":842.87,"ESPARC_EXP":317.43,"OTRSER_VA":985.28,"OTRSER_EXP":36.47,"SERHOG_VA":0.0,"SERHOG_EXP":0.0}},{"type":"Feature","geometry":{"type":"Point","coordinates":[19.15,51.92]},"properties":{"id":"POL","name":"Polonia","continent":"europe","year":1996,"AGRPFO_VA":7172.52,"AGRPFO_EXP":374.01,"FORLOG_VA":1168.68,"FORLOG_EXP":70.48,"PESCAC_VA":63.72,"PESCAC_EXP":12.06,"MINCOL_VA":3112.61,"MINCOL_EXP":936.83,"PETGAS_VA":42.27,"PETGAS_EXP":17.65,"MINORE_VA":1100.79,"MINORE_EXP":7.64,"MINOTH_VA":354.78,"MINOTH_EXP":66.89,"MINSER_VA":74.36,"MINSER_EXP":5.11,"ALYBEB_VA":6211.13,"ALYBEB_EXP":1744.39,"TEXYPR_VA":3612.82,"TEXYPR_EXP":2219.26,"MADYPR_VA":1213.07,"MADYPR_EXP":892.36,"PAPYPR_VA":1670.54,"PAPYPR_EXP":678.17,"PETREF_VA":1067.01,"PETREF_EXP":570.09,"QUIMYP_VA":1839.32,"QUIMYP_EXP":1119.3,"FARMED_VA":602.21,"FARMED_EXP":110.84,"HUPLAS_VA":1392.17,"HUPLAS_EXP":731.69,"PRNOMT_VA":1847.42,"PRNOMT_EXP":505.66,"METBAS_VA":1376.29,"METBAS_EXP":727.0,"NONFER_VA":253.03,"NONFER_EXP":719.44,"PRMETA_VA":1730.69,"PRMETA_EXP":1027.21,"ELCTRO_VA":1093.79,"ELCTRO_EXP":1107.37,"ELCTRI_VA":803.48,"ELCTRI_EXP":1001.69,"MAQYEQ_VA":1809.59,"MAQYEQ_EXP":1186.05,"AUTOMO_VA":1489.67,"AUTOMO_EXP":2095.13,"OTRTRA_VA":379.74,"OTRTRA_EXP":544.96,"TRANSP_VA":337.7,"TRANSP_EXP":424.87,"OTRMAN_VA":2000.67,"OTRMAN_EXP":1550.92,"ELEGAS_VA":4578.48,"ELEGAS_EXP":117.57,"AGUBAS_VA":1057.07,"AGUBAS_EXP":11.44,"CONSTR_VA":12717.87,"CONSTR_EXP":22.31,"COMREV_VA":28486.04,"COMREV_EXP":5767.75,"TRATIE_VA":4727.73,"TRATIE_EXP":1484.96,"TRAGUA_VA":149.44,"TRAGUA_EXP":131.97,"TRAAIR_VA":279.59,"TRAAIR_EXP":550.67,"ALMSTR_VA":1407.24,"ALMSTR_EXP":659.41,"POSTME_VA":832.62,"POSTME_EXP":127.33,"HOTYRE_VA":1786.58,"HOTYRE_EXP":778.98,"MMTVRA_VA":1537.74,"MMTVRA_EXP":134.81,"TELECO_VA":1959.37,"TELECO_EXP":248.43,"ITSERV_VA":481.19,"ITSERV_EXP":65.04,"SERFIN_VA":3863.78,"SERFIN_EXP":449.54,"GOBEST_VA":8913.2,"GOBEST_EXP":254.39,"SPRSCT_VA":2973.38,"SPRSCT_EXP":436.25,"SEAEMP_VA":1522.07,"SEAEMP_EXP":245.85,"ADPDEF_VA":9879.6,"ADPDEF_EXP":0.28,"EDUCAC_VA":6519.09,"EDUCAC_EXP":93.01,"SALUDH_VA":4181.22,"SALUDH_EXP":82.88,"ESPARC_VA":880.52,"ESPARC_EXP":171.2,"OTRSER_VA":3423.18,"OTRSER_EXP":63.63,"SERHOG_VA":9.56,"SERHOG_EXP":0.0}},{"type":"Feature","geometry":{"type":"Point","coordinates":[-8.22,39.4]},"properties":{"id":"PRT","name":"Portugal","continent":"europe","year":1996,"AGRPFO_VA":4655.65,"AGRPFO_EXP":194.87,"FORLOG_VA":620.43,"FORLOG_EXP":37.28,"PESCAC_VA":423.78,"PESCAC_EXP":49.87,"MINCOL_VA":0.0,"MINCOL_EXP":0.0,"PETGAS_VA":0.0,"PETGAS_EXP":0.0,"MINORE_VA":345.83,"MINORE_EXP":174.94,"MINOTH_VA":296.61,"MINOTH_EXP":51.48,"MINSER_VA":5.39,"MINSER_EXP":0.06,"ALYBEB_VA":2383.46,"ALYBEB_EXP":1302.56,"TEXYPR_VA":5008.8,"TEXYPR_EXP":5212.97,"MADYPR_VA":913.7,"MADYPR_EXP":783.35,"PAPYPR_VA":1494.55,"PAPYPR_EXP":909.57,"PETREF_VA":180.83,"PETREF_EXP":457.4,"QUIMYP_VA":979.74,"QUIMYP_EXP":674.55,"FARMED_VA":436.26,"FARMED_EXP":116.29,"HUPLAS_VA":1013.81,"HUPLAS_EXP":382.44,"PRNOMT_VA":1637.75,"PRNOMT_EXP":693.52,"METBAS_VA":213.23,"METBAS_EXP":83.97,"NONFER_VA":79.93,"NONFER_EXP":101.37,"PRMETA_VA":1544.38,"PRMETA_EXP":525.57,"ELCTRO_VA":739.07,"ELCTRO_EXP":1259.47,"ELCTRI_VA":709.87,"ELCTRI_EXP":1308.3,"MAQYEQ_VA":570.8,"MAQYEQ_EXP":841.66,"AUTOMO_VA":1617.82,"AUTOMO_EXP":3280.12,"OTRTRA_VA":62.77,"OTRTRA_EXP":164.89,"TRANSP_VA":89.29,"TRANSP_EXP":166.26,"OTRMAN_VA":1393.51,"OTRMAN_EXP":866.62,"ELEGAS_VA":2434.45,"ELEGAS_EXP":73.58,"AGUBAS_VA":721.26,"AGUBAS_EXP":0.25,"CONSTR_VA":7630.46,"CONSTR_EXP":2.48,"COMREV_VA":16229.17,"COMREV_EXP":4394.24,"TRATIE_VA":2082.32,"TRATIE_EXP":985.44,"TRAGUA_VA":72.25,"TRAGUA_EXP":125.86,"TRAAIR_VA":600.31,"TRAAIR_EXP":1161.7,"ALMSTR_VA":1573.2,"ALMSTR_EXP":414.01,"POSTME_VA":279.94,"POSTME_EXP":76.38,"HOTYRE_VA":4302.47,"HOTYRE_EXP":1835.0,"MMTVRA_VA":716.6,"MMTVRA_EXP":218.13,"TELECO_VA":2476.12,"TELECO_EXP":354.46,"ITSERV_VA":645.34,"ITSERV_EXP":52.19,"SERFIN_VA":6160.61,"SERFIN_EXP":457.52,"GOBEST_VA":8238.56,"GOBEST_EXP":185.85,"SPRSCT_VA":3422.97,"SPRSCT_EXP":247.91,"SEAEMP_VA":2953.91,"SEAEMP_EXP":305.98,"ADPDEF_VA":8745.94,"ADPDEF_EXP":65.07,"EDUCAC_VA":6914.96,"EDUCAC_EXP":88.21,"SALUDH_VA":5295.81,"SALUDH_EXP":59.95,"ESPARC_VA":738.96,"ESPARC_EXP":154.17,"OTRSER_VA":989.45,"OTRSER_EXP":61.07,"SERHOG_VA":738.89,"SERHOG_EXP":0.0}},{"type":"Feature","geometry":{"type":"Point","coordinates":[24.97,45.94]},"properties":{"id":"ROU","name":"Rumania","continent":"europe","year":1996,"AGRPFO_VA":6094.09,"AGRPFO_EXP":175.04,"FORLOG_VA":145.6,"FORLOG_EXP":39.81,"PESCAC_VA":3.57,"PESCAC_EXP":0.48,"MINCOL_VA":192.95,"MINCOL_EXP":0.11,"PETGAS_VA":388.93,"PETGAS_EXP":19.48,"MINORE_VA":49.67,"MINORE_EXP":16.15,"MINOTH_VA":67.27,"MINOTH_EXP":8.25,"MINSER_VA":204.13,"MINSER_EXP":0.8,"ALYBEB_VA":2429.16,"ALYBEB_EXP":124.21,"TEXYPR_VA":1245.92,"TEXYPR_EXP":1513.83,"MADYPR_VA":358.55,"MADYPR_EXP":350.99,"PAPYPR_VA":253.71,"PAPYPR_EXP":57.24,"PETREF_VA":404.89,"PETREF_EXP":488.51,"QUIMYP_VA":496.77,"QUIMYP_EXP":473.64,"FARMED_VA":131.37,"FARMED_EXP":18.49,"HUPLAS_VA":227.19,"HUPLAS_EXP":54.04,"PRNOMT_VA":474.57,"PRNOMT_EXP":136.85,"METBAS_VA":528.56,"METBAS_EXP":664.19,"NONFER_VA":90.48,"NONFER_EXP":177.95,"PRMETA_VA":453.92,"PRMETA_EXP":141.34,"ELCTRO_VA":355.96,"ELCTRO_EXP":201.86,"ELCTRI_VA":262.36,"ELCTRI_EXP":169.76,"MAQYEQ_VA":599.57,"MAQYEQ_EXP":252.1,"AUTOMO_VA":438.18,"AUTOMO_EXP":103.48,"OTRTRA_VA":77.87,"OTRTRA_EXP":107.97,"TRANSP_VA":79.25,"TRANSP_EXP":136.18,"OTRMAN_VA":667.1,"OTRMAN_EXP":405.64,"ELEGAS_VA":956.64,"ELEGAS_EXP":54.6,"AGUBAS_VA":191.29,"AGUBAS_EXP":0.07,"CONSTR_VA":2494.19,"CONSTR_EXP":0.21,"COMREV_VA":3139.93,"COMREV_EXP":599.33,"TRATIE_VA":1787.16,"TRATIE_EXP":545.3,"TRAGUA_VA":53.7,"TRAGUA_EXP":79.67,"TRAAIR_VA":71.32,"TRAAIR_EXP":154.4,"ALMSTR_VA":261.12,"ALMSTR_EXP":191.68,"POSTME_VA":106.53,"POSTME_EXP":28.29,"HOTYRE_VA":927.54,"HOTYRE_EXP":193.02,"MMTVRA_VA":155.94,"MMTVRA_EXP":92.21,"TELECO_VA":574.82,"TELECO_EXP":67.29,"ITSERV_VA":246.28,"ITSERV_EXP":19.71,"SERFIN_VA":1675.44,"SERFIN_EXP":118.08,"GOBEST_VA":2501.34,"GOBEST_EXP":26.9,"SPRSCT_VA":564.98,"SPRSCT_EXP":20.0,"SEAEMP_VA":132.09,"SEAEMP_EXP":8.68,"ADPDEF_VA":865.9,"ADPDEF_EXP":0.27,"EDUCAC_VA":723.59,"EDUCAC_EXP":11.32,"SALUDH_VA":458.09,"SALUDH_EXP":6.44,"ESPARC_VA":342.0,"ESPARC_EXP":19.05,"OTRSER_VA":227.01,"OTRSER_EXP":8.63,"SERHOG_VA":337.83,"SERHOG_EXP":0.0}},{"type":"Feature","geometry":{"type":"Point","coordinates":[105.32,61.52]},"properties":{"id":"RUS","name":"Rusia","continent":"europe","year":1996,"AGRPFO_VA":12482.18,"AGRPFO_EXP":733.12,"FORLOG_VA":784.08,"FORLOG_EXP":226.51,"PESCAC_VA":769.74,"PESCAC_EXP":70.56,"MINCOL_VA":2608.85,"MINCOL_EXP":656.26,"PETGAS_VA":28956.15,"PETGAS_EXP":8128.36,"MINORE_VA":2198.08,"MINORE_EXP":803.62,"MINOTH_VA":1585.36,"MINOTH_EXP":878.74,"MINSER_VA":4117.56,"MINSER_EXP":295.29,"ALYBEB_VA":5713.13,"ALYBEB_EXP":1778.17,"TEXYPR_VA":1051.85,"TEXYPR_EXP":533.61,"MADYPR_VA":971.79,"MADYPR_EXP":1710.53,"PAPYPR_VA":1568.08,"PAPYPR_EXP":2136.0,"PETREF_VA":12640.05,"PETREF_EXP":12742.67,"QUIMYP_VA":4247.63,"QUIMYP_EXP":4313.07,"FARMED_VA":550.35,"FARMED_EXP":251.93,"HUPLAS_VA":1041.26,"HUPLAS_EXP":1195.4,"PRNOMT_VA":2847.06,"PRNOMT_EXP":181.52,"METBAS_VA":3642.44,"METBAS_EXP":5735.57,"NONFER_VA":6731.44,"NONFER_EXP":7935.74,"PRMETA_VA":1939.2,"PRMETA_EXP":1370.98,"ELCTRO_VA":2021.36,"ELCTRO_EXP":1536.45,"ELCTRI_VA":1406.1,"ELCTRI_EXP":1509.4,"MAQYEQ_VA":2312.13,"MAQYEQ_EXP":3443.96,"AUTOMO_VA":2039.07,"AUTOMO_EXP":1345.0,"OTRTRA_VA":1125.6,"OTRTRA_EXP":915.25,"TRANSP_VA":2637.01,"TRANSP_EXP":681.44,"OTRMAN_VA":2273.62,"OTRMAN_EXP":489.75,"ELEGAS_VA":11459.31,"ELEGAS_EXP":349.58,"AGUBAS_VA":1985.86,"AGUBAS_EXP":0.82,"CONSTR_VA":30817.09,"CONSTR_EXP":18.23,"COMREV_VA":69191.96,"COMREV_EXP":15881.01,"TRATIE_VA":17936.48,"TRATIE_EXP":3242.72,"TRAGUA_VA":390.79,"TRAGUA_EXP":178.3,"TRAAIR_VA":970.07,"TRAAIR_EXP":1578.01,"ALMSTR_VA":4781.03,"ALMSTR_EXP":880.01,"POSTME_VA":697.74,"POSTME_EXP":61.61,"HOTYRE_VA":3718.94,"HOTYRE_EXP":2286.4,"MMTVRA_VA":1528.55,"MMTVRA_EXP":166.38,"TELECO_VA":6314.71,"TELECO_EXP":540.03,"ITSERV_VA":2345.11,"ITSERV_EXP":642.89,"SERFIN_VA":14674.36,"SERFIN_EXP":262.53,"GOBEST_VA":34107.13,"GOBEST_EXP":533.05,"SPRSCT_VA":15745.8,"SPRSCT_EXP":592.09,"SEAEMP_VA":6867.51,"SEAEMP_EXP":587.44,"ADPDEF_VA":27952.3,"ADPDEF_EXP":2.56,"EDUCAC_VA":12212.67,"EDUCAC_EXP":155.63,"SALUDH_VA":11872.52,"SALUDH_EXP":100.17,"ESPARC_VA":2942.1,"ESPARC_EXP":244.84,"OTRSER_VA":1828.44,"OTRSER_EXP":110.68,"SERHOG_VA":2540.46,"SERHOG_EXP":0.0}},{"type":"Feature","geometry":{"type":"Point","coordinates":[45.08,23.89]},"properties":{"id":"SAU","name":"Arabia Saudita","continent":"other","year":1996,"AGRPFO_VA":3943.47,"AGRPFO_EXP":12.62,"FORLOG_VA":5.36,"FORLOG_EXP":0.07,"PESCAC_VA":199.03,"PESCAC_EXP":1.65,"MINCOL_VA":0.0,"MINCOL_EXP":0.0,"PETGAS_VA":49300.82,"PETGAS_EXP":47439.24,"MINORE_VA":176.17,"MINORE_EXP":9.0,"MINOTH_VA":363.99,"MINOTH_EXP":22.48,"MINSER_VA":145.18,"MINSER_EXP":169.12,"ALYBEB_VA":2599.0,"ALYBEB_EXP":342.24,"TEXYPR_VA":659.72,"TEXYPR_EXP":108.27,"MADYPR_VA":185.02,"MADYPR_EXP":14.05,"PAPYPR_VA":760.82,"PAPYPR_EXP":164.21,"PETREF_VA":4116.93,"PETREF_EXP":3594.19,"QUIMYP_VA":3824.78,"QUIMYP_EXP":2847.97,"FARMED_VA":105.09,"FARMED_EXP":9.44,"HUPLAS_VA":560.78,"HUPLAS_EXP":109.3,"PRNOMT_VA":971.83,"PRNOMT_EXP":115.55,"METBAS_VA":158.26,"METBAS_EXP":169.42,"NONFER_VA":128.32,"NONFER_EXP":313.03,"PRMETA_VA":888.03,"PRMETA_EXP":182.98,"ELCTRO_VA":24.56,"ELCTRO_EXP":1.28,"ELCTRI_VA":558.94,"ELCTRI_EXP":86.8,"MAQYEQ_VA":315.09,"MAQYEQ_EXP":111.61,"AUTOMO_VA":154.28,"AUTOMO_EXP":4.18,"OTRTRA_VA":6.1,"OTRTRA_EXP":2.87,"TRANSP_VA":10.02,"TRANSP_EXP":0.43,"OTRMAN_VA":730.47,"OTRMAN_EXP":71.3,"ELEGAS_VA":1449.2,"ELEGAS_EXP":0.27,"AGUBAS_VA":472.46,"AGUBAS_EXP":0.48,"CONSTR_VA":9824.64,"CONSTR_EXP":17.96,"COMREV_VA":12747.31,"COMREV_EXP":3356.07,"TRATIE_VA":1590.9,"TRATIE_EXP":584.49,"TRAGUA_VA":135.33,"TRAGUA_EXP":90.27,"TRAAIR_VA":548.56,"TRAAIR_EXP":246.85,"ALMSTR_VA":1368.43,"ALMSTR_EXP":514.38,"POSTME_VA":169.68,"POSTME_EXP":54.24,"HOTYRE_VA":2762.88,"HOTYRE_EXP":766.5,"MMTVRA_VA":321.57,"MMTVRA_EXP":9.84,"TELECO_VA":3486.83,"TELECO_EXP":108.51,"ITSERV_VA":903.76,"ITSERV_EXP":37.12,"SERFIN_VA":5505.35,"SERFIN_EXP":124.41,"GOBEST_VA":4245.38,"GOBEST_EXP":119.47,"SPRSCT_VA":1064.77,"SPRSCT_EXP":75.12,"SEAEMP_VA":1624.73,"SEAEMP_EXP":68.16,"ADPDEF_VA":21138.27,"ADPDEF_EXP":0.17,"EDUCAC_VA":8512.66,"EDUCAC_EXP":30.54,"SALUDH_VA":5048.89,"SALUDH_EXP":21.22,"ESPARC_VA":456.72,"ESPARC_EXP":56.18,"OTRSER_VA":1104.86,"OTRSER_EXP":24.01,"SERHOG_VA":1443.78,"SERHOG_EXP":0.0}},{"type":"Feature","geometry":{"type":"Point","coordinates":[-14.45,14.5]},"properties":{"id":"SEN","name":"Senegal","continent":"other","year":1996,"AGRPFO_VA":970.64,"AGRPFO_EXP":44.58,"FORLOG_VA":29.72,"FORLOG_EXP":1.37,"PESCAC_VA":144.85,"PESCAC_EXP":37.84,"MINCOL_VA":3.59,"MINCOL_EXP":1.12,"PETGAS_VA":0.31,"PETGAS_EXP":0.17,"MINORE_VA":8.62,"MINORE_EXP":40.58,"MINOTH_VA":6.73,"MINOTH_EXP":29.61,"MINSER_VA":0.26,"MINSER_EXP":0.35,"ALYBEB_VA":712.0,"ALYBEB_EXP":134.31,"TEXYPR_VA":192.57,"TEXYPR_EXP":33.43,"MADYPR_VA":41.53,"MADYPR_EXP":1.36,"PAPYPR_VA":47.79,"PAPYPR_EXP":4.74,"PETREF_VA":11.51,"PETREF_EXP":100.69,"QUIMYP_VA":74.32,"QUIMYP_EXP":88.73,"FARMED_VA":13.18,"FARMED_EXP":2.09,"HUPLAS_VA":39.93,"HUPLAS_EXP":3.1,"PRNOMT_VA":57.97,"PRNOMT_EXP":50.59,"METBAS_VA":45.55,"METBAS_EXP":10.55,"NONFER_VA":1.67,"NONFER_EXP":8.36,"PRMETA_VA":62.79,"PRMETA_EXP":1.18,"ELCTRO_VA":0.2,"ELCTRO_EXP":0.0,"ELCTRI_VA":14.06,"ELCTRI_EXP":1.2,"MAQYEQ_VA":1.73,"MAQYEQ_EXP":0.1,"AUTOMO_VA":0.76,"AUTOMO_EXP":0.0,"OTRTRA_VA":7.39,"OTRTRA_EXP":0.36,"TRANSP_VA":18.51,"TRANSP_EXP":0.21,"OTRMAN_VA":54.65,"OTRMAN_EXP":2.48,"ELEGAS_VA":38.23,"ELEGAS_EXP":2.2,"AGUBAS_VA":21.87,"AGUBAS_EXP":0.16,"CONSTR_VA":146.38,"CONSTR_EXP":0.46,"COMREV_VA":999.72,"COMREV_EXP":104.73,"TRATIE_VA":161.92,"TRATIE_EXP":25.86,"TRAGUA_VA":2.99,"TRAGUA_EXP":1.51,"TRAAIR_VA":8.22,"TRAAIR_EXP":16.07,"ALMSTR_VA":74.78,"ALMSTR_EXP":27.53,"POSTME_VA":4.98,"POSTME_EXP":0.37,"HOTYRE_VA":93.54,"HOTYRE_EXP":41.66,"MMTVRA_VA":13.66,"MMTVRA_EXP":3.06,"TELECO_VA":124.78,"TELECO_EXP":76.34,"ITSERV_VA":11.96,"ITSERV_EXP":4.69,"SERFIN_VA":93.34,"SERFIN_EXP":12.4,"GOBEST_VA":635.52,"GOBEST_EXP":10.4,"SPRSCT_VA":245.36,"SPRSCT_EXP":67.91,"SEAEMP_VA":147.53,"SEAEMP_EXP":14.57,"ADPDEF_VA":347.12,"ADPDEF_EXP":0.11,"EDUCAC_VA":255.07,"EDUCAC_EXP":2.41,"SALUDH_VA":152.53,"SALUDH_EXP":1.75,"ESPARC_VA":21.87,"ESPARC_EXP":3.7,"OTRSER_VA":65.04,"OTRSER_EXP":1.9,"SERHOG_VA":38.09,"SERHOG_EXP":0.0}},{"type":"Feature","geometry":{"type":"Point","coordinates":[103.82,1.35]},"properties":{"id":"SGP","name":"Singapur","continent":"asia","year":1996,"AGRPFO_VA":83.89,"AGRPFO_EXP":17.25,"FORLOG_VA":0.0,"FORLOG_EXP":0.0,"PESCAC_VA":65.7,"PESCAC_EXP":6.12,"MINCOL_VA":0.0,"MINCOL_EXP":0.0,"PETGAS_VA":0.0,"PETGAS_EXP":0.0,"MINORE_VA":0.0,"MINORE_EXP":0.0,"MINOTH_VA":0.0,"MINOTH_EXP":0.0,"MINSER_VA":0.0,"MINSER_EXP":0.0,"ALYBEB_VA":655.88,"ALYBEB_EXP":1027.01,"TEXYPR_VA":235.33,"TEXYPR_EXP":262.54,"MADYPR_VA":30.91,"MADYPR_EXP":61.48,"PAPYPR_VA":643.25,"PAPYPR_EXP":711.4,"PETREF_VA":529.01,"PETREF_EXP":6603.19,"QUIMYP_VA":1942.67,"QUIMYP_EXP":4002.78,"FARMED_VA":4099.7,"FARMED_EXP":225.89,"HUPLAS_VA":380.55,"HUPLAS_EXP":615.31,"PRNOMT_VA":149.31,"PRNOMT_EXP":172.8,"METBAS_VA":63.07,"METBAS_EXP":181.62,"NONFER_VA":273.02,"NONFER_EXP":267.23,"PRMETA_VA":547.71,"PRMETA_EXP":735.7,"ELCTRO_VA":7375.0,"ELCTRO_EXP":24531.39,"ELCTRI_VA":255.35,"ELCTRI_EXP":305.79,"MAQYEQ_VA":1376.09,"MAQYEQ_EXP":2581.4,"AUTOMO_VA":92.79,"AUTOMO_EXP":112.3,"OTRTRA_VA":671.8,"OTRTRA_EXP":269.4,"TRANSP_VA":1206.2,"TRANSP_EXP":369.31,"OTRMAN_VA":522.74,"OTRMAN_EXP":1133.73,"ELEGAS_VA":1563.46,"ELEGAS_EXP":27.43,"AGUBAS_VA":340.28,"AGUBAS_EXP":52.93,"CONSTR_VA":6499.06,"CONSTR_EXP":2.07,"COMREV_VA":12081.61,"COMREV_EXP":9214.91,"TRATIE_VA":1337.44,"TRATIE_EXP":633.66,"TRAGUA_VA":2438.26,"TRAGUA_EXP":5684.88,"TRAAIR_VA":1525.44,"TRAAIR_EXP":2784.56,"ALMSTR_VA":3133.53,"ALMSTR_EXP":854.93,"POSTME_VA":233.95,"POSTME_EXP":208.88,"HOTYRE_VA":2432.15,"HOTYRE_EXP":2341.24,"MMTVRA_VA":688.25,"MMTVRA_EXP":856.78,"TELECO_VA":1119.98,"TELECO_EXP":702.9,"ITSERV_VA":1124.88,"ITSERV_EXP":980.62,"SERFIN_VA":9701.0,"SERFIN_EXP":5309.18,"GOBEST_VA":6753.58,"GOBEST_EXP":926.77,"SPRSCT_VA":7461.71,"SPRSCT_EXP":3575.68,"SEAEMP_VA":4172.42,"SEAEMP_EXP":1194.86,"ADPDEF_VA":2351.68,"ADPDEF_EXP":8.79,"EDUCAC_VA":2552.16,"EDUCAC_EXP":422.73,"SALUDH_VA":2329.55,"SALUDH_EXP":169.19,"ESPARC_VA":1145.31,"ESPARC_EXP":302.65,"OTRSER_VA":594.74,"OTRSER_EXP":174.08,"SERHOG_VA":350.2,"SERHOG_EXP":0.0}},{"type":"Feature","geometry":{"type":"Point","coordinates":[6.61,0.19]},"properties":{"id":"STP","name":"S. Tomé y Príncipe","continent":"other","year":1996,"AGRPFO_VA":7.19,"AGRPFO_EXP":5.62,"FORLOG_VA":0.04,"FORLOG_EXP":0.0,"PESCAC_VA":9.92,"PESCAC_EXP":0.17,"MINCOL_VA":0.01,"MINCOL_EXP":0.0,"PETGAS_VA":0.19,"PETGAS_EXP":0.0,"MINORE_VA":0.01,"MINORE_EXP":0.0,"MINOTH_VA":0.12,"MINOTH_EXP":0.02,"MINSER_VA":0.07,"MINSER_EXP":0.01,"ALYBEB_VA":3.01,"ALYBEB_EXP":0.32,"TEXYPR_VA":0.01,"TEXYPR_EXP":0.01,"MADYPR_VA":0.01,"MADYPR_EXP":0.0,"PAPYPR_VA":0.01,"PAPYPR_EXP":0.0,"PETREF_VA":0.05,"PETREF_EXP":0.0,"QUIMYP_VA":0.03,"QUIMYP_EXP":0.0,"FARMED_VA":0.02,"FARMED_EXP":0.0,"HUPLAS_VA":0.02,"HUPLAS_EXP":0.0,"PRNOMT_VA":0.06,"PRNOMT_EXP":0.01,"METBAS_VA":0.0,"METBAS_EXP":0.0,"NONFER_VA":0.0,"NONFER_EXP":0.0,"PRMETA_VA":0.01,"PRMETA_EXP":0.0,"ELCTRO_VA":0.0,"ELCTRO_EXP":0.0,"ELCTRI_VA":0.0,"ELCTRI_EXP":0.0,"MAQYEQ_VA":0.0,"MAQYEQ_EXP":0.0,"AUTOMO_VA":0.01,"AUTOMO_EXP":0.0,"OTRTRA_VA":0.0,"OTRTRA_EXP":0.0,"TRANSP_VA":0.0,"TRANSP_EXP":0.0,"OTRMAN_VA":0.02,"OTRMAN_EXP":0.0,"ELEGAS_VA":1.79,"ELEGAS_EXP":0.04,"AGUBAS_VA":1.4,"AGUBAS_EXP":0.07,"CONSTR_VA":4.41,"CONSTR_EXP":0.18,"COMREV_VA":22.06,"COMREV_EXP":3.47,"TRATIE_VA":7.57,"TRATIE_EXP":0.9,"TRAGUA_VA":0.23,"TRAGUA_EXP":0.25,"TRAAIR_VA":0.92,"TRAAIR_EXP":0.65,"ALMSTR_VA":4.99,"ALMSTR_EXP":0.39,"POSTME_VA":1.83,"POSTME_EXP":0.08,"HOTYRE_VA":12.58,"HOTYRE_EXP":2.16,"MMTVRA_VA":1.27,"MMTVRA_EXP":0.45,"TELECO_VA":2.2,"TELECO_EXP":2.09,"ITSERV_VA":1.98,"ITSERV_EXP":1.22,"SERFIN_VA":12.56,"SERFIN_EXP":2.64,"GOBEST_VA":0.64,"GOBEST_EXP":0.05,"SPRSCT_VA":0.5,"SPRSCT_EXP":0.22,"SEAEMP_VA":0.48,"SEAEMP_EXP":0.16,"ADPDEF_VA":13.41,"ADPDEF_EXP":0.12,"EDUCAC_VA":4.7,"EDUCAC_EXP":0.18,"SALUDH_VA":2.84,"SALUDH_EXP":0.13,"ESPARC_VA":2.77,"ESPARC_EXP":0.29,"OTRSER_VA":3.34,"OTRSER_EXP":0.18,"SERHOG_VA":2.51,"SERHOG_EXP":0.0}},{"type":"Feature","geometry":{"type":"Point","coordinates":[19.7,48.67]},"properties":{"id":"SVK","name":"Eslovaquia","continent":"europe","year":1996,"AGRPFO_VA":315.51,"AGRPFO_EXP":127.99,"FORLOG_VA":203.14,"FORLOG_EXP":41.79,"PESCAC_VA":1.31,"PESCAC_EXP":0.89,"MINCOL_VA":8.76,"MINCOL_EXP":2.03,"PETGAS_VA":0.14,"PETGAS_EXP":0.1,"MINORE_VA":1.76,"MINORE_EXP":3.64,"MINOTH_VA":8.35,"MINOTH_EXP":33.3,"MINSER_VA":4.33,"MINSER_EXP":5.35,"ALYBEB_VA":596.36,"ALYBEB_EXP":224.58,"TEXYPR_VA":374.0,"TEXYPR_EXP":373.51,"MADYPR_VA":128.36,"MADYPR_EXP":153.72,"PAPYPR_VA":286.82,"PAPYPR_EXP":367.29,"PETREF_VA":440.61,"PETREF_EXP":432.99,"QUIMYP_VA":339.99,"QUIMYP_EXP":652.4,"FARMED_VA":72.65,"FARMED_EXP":86.18,"HUPLAS_VA":187.89,"HUPLAS_EXP":369.41,"PRNOMT_VA":234.07,"PRNOMT_EXP":302.67,"METBAS_VA":333.05,"METBAS_EXP":964.22,"NONFER_VA":126.25,"NONFER_EXP":186.27,"PRMETA_VA":311.76,"PRMETA_EXP":306.44,"ELCTRO_VA":61.92,"ELCTRO_EXP":178.79,"ELCTRI_VA":193.86,"ELCTRI_EXP":317.61,"MAQYEQ_VA":305.04,"MAQYEQ_EXP":550.96,"AUTOMO_VA":136.51,"AUTOMO_EXP":550.94,"OTRTRA_VA":1.23,"OTRTRA_EXP":0.36,"TRANSP_VA":58.98,"TRANSP_EXP":29.42,"OTRMAN_VA":306.74,"OTRMAN_EXP":182.28,"ELEGAS_VA":937.4,"ELEGAS_EXP":15.25,"AGUBAS_VA":288.22,"AGUBAS_EXP":34.86,"CONSTR_VA":1378.26,"CONSTR_EXP":37.14,"COMREV_VA":1907.85,"COMREV_EXP":1008.4,"TRATIE_VA":675.59,"TRATIE_EXP":619.88,"TRAGUA_VA":19.86,"TRAGUA_EXP":17.09,"TRAAIR_VA":10.17,"TRAAIR_EXP":17.12,"ALMSTR_VA":690.69,"ALMSTR_EXP":505.03,"POSTME_VA":78.72,"POSTME_EXP":12.65,"HOTYRE_VA":246.27,"HOTYRE_EXP":77.34,"MMTVRA_VA":146.58,"MMTVRA_EXP":63.85,"TELECO_VA":341.2,"TELECO_EXP":37.57,"ITSERV_VA":222.48,"ITSERV_EXP":29.06,"SERFIN_VA":837.56,"SERFIN_EXP":122.53,"GOBEST_VA":2690.72,"GOBEST_EXP":42.61,"SPRSCT_VA":910.52,"SPRSCT_EXP":183.87,"SEAEMP_VA":398.39,"SEAEMP_EXP":149.99,"ADPDEF_VA":1158.86,"ADPDEF_EXP":5.0,"EDUCAC_VA":745.23,"EDUCAC_EXP":26.0,"SALUDH_VA":1132.57,"SALUDH_EXP":19.66,"ESPARC_VA":447.06,"ESPARC_EXP":49.38,"OTRSER_VA":215.98,"OTRSER_EXP":22.91,"SERHOG_VA":10.07,"SERHOG_EXP":0.0}},{"type":"Feature","geometry":{"type":"Point","coordinates":[14.99,46.15]},"properties":{"id":"SVN","name":"Eslovenia","continent":"europe","year":1996,"AGRPFO_VA":618.03,"AGRPFO_EXP":97.05,"FORLOG_VA":175.43,"FORLOG_EXP":13.59,"PESCAC_VA":4.83,"PESCAC_EXP":1.5,"MINCOL_VA":86.11,"MINCOL_EXP":0.33,"PETGAS_VA":0.0,"PETGAS_EXP":0.0,"MINORE_VA":2.31,"MINORE_EXP":0.75,"MINOTH_VA":26.89,"MINOTH_EXP":6.33,"MINSER_VA":0.35,"MINSER_EXP":2.06,"ALYBEB_VA":602.9,"ALYBEB_EXP":348.0,"TEXYPR_VA":567.82,"TEXYPR_EXP":644.67,"MADYPR_VA":198.54,"MADYPR_EXP":269.92,"PAPYPR_VA":344.02,"PAPYPR_EXP":275.11,"PETREF_VA":7.46,"PETREF_EXP":10.56,"QUIMYP_VA":223.22,"QUIMYP_EXP":406.47,"FARMED_VA":336.26,"FARMED_EXP":251.12,"HUPLAS_VA":258.8,"HUPLAS_EXP":304.6,"PRNOMT_VA":236.26,"PRNOMT_EXP":170.98,"METBAS_VA":118.12,"METBAS_EXP":202.8,"NONFER_VA":56.36,"NONFER_EXP":239.12,"PRMETA_VA":490.1,"PRMETA_EXP":404.51,"ELCTRO_VA":245.93,"ELCTRO_EXP":395.14,"ELCTRI_VA":364.67,"ELCTRI_EXP":375.79,"MAQYEQ_VA":195.85,"MAQYEQ_EXP":472.53,"AUTOMO_VA":334.54,"AUTOMO_EXP":662.56,"OTRTRA_VA":2.1,"OTRTRA_EXP":4.35,"TRANSP_VA":14.22,"TRANSP_EXP":9.3,"OTRMAN_VA":454.62,"OTRMAN_EXP":404.79,"ELEGAS_VA":322.49,"ELEGAS_EXP":40.61,"AGUBAS_VA":171.7,"AGUBAS_EXP":5.19,"CONSTR_VA":1239.94,"CONSTR_EXP":95.76,"COMREV_VA":2097.96,"COMREV_EXP":820.24,"TRATIE_VA":586.54,"TRATIE_EXP":389.62,"TRAGUA_VA":41.65,"TRAGUA_EXP":40.78,"TRAAIR_VA":34.48,"TRAAIR_EXP":103.31,"ALMSTR_VA":266.02,"ALMSTR_EXP":275.71,"POSTME_VA":97.72,"POSTME_EXP":4.81,"HOTYRE_VA":432.56,"HOTYRE_EXP":455.38,"MMTVRA_VA":217.29,"MMTVRA_EXP":88.05,"TELECO_VA":243.15,"TELECO_EXP":35.8,"ITSERV_VA":78.41,"ITSERV_EXP":38.2,"SERFIN_VA":1020.8,"SERFIN_EXP":59.82,"GOBEST_VA":1649.33,"GOBEST_EXP":51.97,"SPRSCT_VA":895.88,"SPRSCT_EXP":280.45,"SEAEMP_VA":432.88,"SEAEMP_EXP":120.73,"ADPDEF_VA":1083.71,"ADPDEF_EXP":1.61,"EDUCAC_VA":1024.15,"EDUCAC_EXP":28.18,"SALUDH_VA":927.81,"SALUDH_EXP":20.33,"ESPARC_VA":251.13,"ESPARC_EXP":42.76,"OTRSER_VA":329.02,"OTRSER_EXP":20.6,"SERHOG_VA":17.66,"SERHOG_EXP":0.0}},{"type":"Feature","geometry":{"type":"Point","coordinates":[18.64,60.13]},"properties":{"id":"SWE","name":"Suecia","continent":"europe","year":1996,"AGRPFO_VA":4433.18,"AGRPFO_EXP":291.59,"FORLOG_VA":3154.32,"FORLOG_EXP":148.73,"PESCAC_VA":100.84,"PESCAC_EXP":73.49,"MINCOL_VA":37.36,"MINCOL_EXP":10.47,"PETGAS_VA":11.73,"PETGAS_EXP":1.55,"MINORE_VA":575.67,"MINORE_EXP":263.21,"MINOTH_VA":102.39,"MINOTH_EXP":201.13,"MINSER_VA":24.94,"MINSER_EXP":77.9,"ALYBEB_VA":4698.26,"ALYBEB_EXP":1541.22,"TEXYPR_VA":798.86,"TEXYPR_EXP":1101.07,"MADYPR_VA":1925.12,"MADYPR_EXP":2827.09,"PAPYPR_VA":6973.15,"PAPYPR_EXP":7896.84,"PETREF_VA":319.82,"PETREF_EXP":1465.04,"QUIMYP_VA":2419.8,"QUIMYP_EXP":2301.9,"FARMED_VA":4699.4,"FARMED_EXP":2619.62,"HUPLAS_VA":1751.53,"HUPLAS_EXP":1876.46,"PRNOMT_VA":1136.22,"PRNOMT_EXP":713.93,"METBAS_VA":1883.93,"METBAS_EXP":3853.9,"NONFER_VA":754.19,"NONFER_EXP":1429.13,"PRMETA_VA":5000.76,"PRMETA_EXP":2398.42,"ELCTRO_VA":7073.68,"ELCTRO_EXP":10952.58,"ELCTRI_VA":2308.82,"ELCTRI_EXP":2919.82,"MAQYEQ_VA":6550.09,"MAQYEQ_EXP":10340.45,"AUTOMO_VA":5995.07,"AUTOMO_EXP":11260.88,"OTRTRA_VA":115.54,"OTRTRA_EXP":312.53,"TRANSP_VA":863.99,"TRANSP_EXP":1402.86,"OTRMAN_VA":3506.37,"OTRMAN_EXP":1899.0,"ELEGAS_VA":7115.52,"ELEGAS_EXP":527.04,"AGUBAS_VA":1569.21,"AGUBAS_EXP":2.64,"CONSTR_VA":11617.87,"CONSTR_EXP":59.21,"COMREV_VA":28614.97,"COMREV_EXP":10531.55,"TRATIE_VA":7216.22,"TRATIE_EXP":2093.77,"TRAGUA_VA":1020.21,"TRAGUA_EXP":1158.51,"TRAAIR_VA":1388.26,"TRAAIR_EXP":987.41,"ALMSTR_VA":3973.96,"ALMSTR_EXP":1736.68,"POSTME_VA":2762.96,"POSTME_EXP":140.1,"HOTYRE_VA":3410.58,"HOTYRE_EXP":1026.01,"MMTVRA_VA":3322.83,"MMTVRA_EXP":902.64,"TELECO_VA":4093.75,"TELECO_EXP":509.0,"ITSERV_VA":4387.65,"ITSERV_EXP":736.07,"SERFIN_VA":12508.37,"SERFIN_EXP":1984.55,"GOBEST_VA":28903.26,"GOBEST_EXP":158.87,"SPRSCT_VA":12263.17,"SPRSCT_EXP":4230.08,"SEAEMP_VA":5379.65,"SEAEMP_EXP":1189.83,"ADPDEF_VA":14796.87,"ADPDEF_EXP":178.33,"EDUCAC_VA":15132.32,"EDUCAC_EXP":216.06,"SALUDH_VA":25234.08,"SALUDH_EXP":84.74,"ESPARC_VA":3273.53,"ESPARC_EXP":135.32,"OTRSER_VA":3741.09,"OTRSER_EXP":80.19,"SERHOG_VA":34.11,"SERHOG_EXP":0.0}},{"type":"Feature","geometry":{"type":"Point","coordinates":[100.99,15.87]},"properties":{"id":"THA","name":"Tailandia","continent":"asia","year":1996,"AGRPFO_VA":11230.75,"AGRPFO_EXP":1138.13,"FORLOG_VA":318.97,"FORLOG_EXP":37.07,"PESCAC_VA":2957.56,"PESCAC_EXP":15.07,"MINCOL_VA":253.87,"MINCOL_EXP":0.09,"PETGAS_VA":1152.93,"PETGAS_EXP":24.3,"MINORE_VA":35.62,"MINORE_EXP":8.64,"MINOTH_VA":852.25,"MINOTH_EXP":106.69,"MINSER_VA":1089.14,"MINSER_EXP":37.41,"ALYBEB_VA":9107.67,"ALYBEB_EXP":8458.65,"TEXYPR_VA":7300.45,"TEXYPR_EXP":7260.01,"MADYPR_VA":667.88,"MADYPR_EXP":303.89,"PAPYPR_VA":1028.58,"PAPYPR_EXP":483.94,"PETREF_VA":3184.13,"PETREF_EXP":569.44,"QUIMYP_VA":2037.99,"QUIMYP_EXP":1284.31,"FARMED_VA":431.29,"FARMED_EXP":86.06,"HUPLAS_VA":2020.98,"HUPLAS_EXP":3299.83,"PRNOMT_VA":2567.5,"PRNOMT_EXP":546.2,"METBAS_VA":945.72,"METBAS_EXP":452.77,"NONFER_VA":470.18,"NONFER_EXP":337.8,"PRMETA_VA":1643.0,"PRMETA_EXP":851.46,"ELCTRO_VA":4225.52,"ELCTRO_EXP":12719.7,"ELCTRI_VA":1558.22,"ELCTRI_EXP":2296.47,"MAQYEQ_VA":1489.5,"MAQYEQ_EXP":551.35,"AUTOMO_VA":3247.5,"AUTOMO_EXP":550.73,"OTRTRA_VA":310.11,"OTRTRA_EXP":48.74,"TRANSP_VA":434.85,"TRANSP_EXP":685.58,"OTRMAN_VA":2732.27,"OTRMAN_EXP":3689.39,"ELEGAS_VA":3154.33,"ELEGAS_EXP":115.95,"AGUBAS_VA":536.85,"AGUBAS_EXP":0.22,"CONSTR_VA":12232.32,"CONSTR_EXP":0.34,"COMREV_VA":34135.7,"COMREV_EXP":8059.73,"TRATIE_VA":5715.68,"TRATIE_EXP":3663.47,"TRAGUA_VA":917.08,"TRAGUA_EXP":2195.69,"TRAAIR_VA":1783.37,"TRAAIR_EXP":2055.77,"ALMSTR_VA":768.11,"ALMSTR_EXP":39.23,"POSTME_VA":170.03,"POSTME_EXP":157.44,"HOTYRE_VA":6186.43,"HOTYRE_EXP":1714.26,"MMTVRA_VA":827.1,"MMTVRA_EXP":125.08,"TELECO_VA":1969.03,"TELECO_EXP":672.92,"ITSERV_VA":146.28,"ITSERV_EXP":340.03,"SERFIN_VA":12554.13,"SERFIN_EXP":527.57,"GOBEST_VA":5073.16,"GOBEST_EXP":1071.54,"SPRSCT_VA":2082.48,"SPRSCT_EXP":521.87,"SEAEMP_VA":1854.14,"SEAEMP_EXP":426.34,"ADPDEF_VA":7222.18,"ADPDEF_EXP":0.46,"EDUCAC_VA":5479.38,"EDUCAC_EXP":1.47,"SALUDH_VA":3536.09,"SALUDH_EXP":263.57,"ESPARC_VA":813.23,"ESPARC_EXP":38.79,"OTRSER_VA":2614.42,"OTRSER_EXP":521.23,"SERHOG_VA":463.16,"SERHOG_EXP":0.0}},{"type":"Feature","geometry":{"type":"Point","coordinates":[9.54,33.89]},"properties":{"id":"TUN","name":"Túnez","continent":"other","year":1996,"AGRPFO_VA":1746.58,"AGRPFO_EXP":145.46,"FORLOG_VA":213.21,"FORLOG_EXP":0.19,"PESCAC_VA":354.23,"PESCAC_EXP":31.28,"MINCOL_VA":191.5,"MINCOL_EXP":0.09,"PETGAS_VA":684.77,"PETGAS_EXP":692.0,"MINORE_VA":3.46,"MINORE_EXP":0.5,"MINOTH_VA":140.88,"MINOTH_EXP":58.76,"MINSER_VA":45.19,"MINSER_EXP":2.54,"ALYBEB_VA":770.7,"ALYBEB_EXP":447.09,"TEXYPR_VA":1096.05,"TEXYPR_EXP":1609.65,"MADYPR_VA":110.86,"MADYPR_EXP":51.49,"PAPYPR_VA":139.64,"PAPYPR_EXP":150.3,"PETREF_VA":72.35,"PETREF_EXP":106.46,"QUIMYP_VA":136.92,"QUIMYP_EXP":434.29,"FARMED_VA":90.6,"FARMED_EXP":10.09,"HUPLAS_VA":78.33,"HUPLAS_EXP":62.52,"PRNOMT_VA":209.04,"PRNOMT_EXP":36.66,"METBAS_VA":51.9,"METBAS_EXP":7.83,"NONFER_VA":29.83,"NONFER_EXP":10.53,"PRMETA_VA":201.04,"PRMETA_EXP":31.89,"ELCTRO_VA":111.39,"ELCTRO_EXP":171.59,"ELCTRI_VA":526.05,"ELCTRI_EXP":421.69,"MAQYEQ_VA":267.18,"MAQYEQ_EXP":92.7,"AUTOMO_VA":185.9,"AUTOMO_EXP":39.95,"OTRTRA_VA":10.69,"OTRTRA_EXP":29.48,"TRANSP_VA":20.74,"TRANSP_EXP":49.84,"OTRMAN_VA":127.05,"OTRMAN_EXP":145.36,"ELEGAS_VA":283.74,"ELEGAS_EXP":0.21,"AGUBAS_VA":98.15,"AGUBAS_EXP":0.76,"CONSTR_VA":1296.79,"CONSTR_EXP":0.66,"COMREV_VA":1777.21,"COMREV_EXP":552.1,"TRATIE_VA":703.27,"TRATIE_EXP":422.15,"TRAGUA_VA":83.74,"TRAGUA_EXP":160.88,"TRAAIR_VA":94.55,"TRAAIR_EXP":180.34,"ALMSTR_VA":353.28,"ALMSTR_EXP":204.96,"POSTME_VA":145.05,"POSTME_EXP":14.72,"HOTYRE_VA":1184.07,"HOTYRE_EXP":571.39,"MMTVRA_VA":73.09,"MMTVRA_EXP":16.6,"TELECO_VA":499.61,"TELECO_EXP":155.13,"ITSERV_VA":210.34,"ITSERV_EXP":49.79,"SERFIN_VA":762.08,"SERFIN_EXP":76.43,"GOBEST_VA":733.54,"GOBEST_EXP":79.91,"SPRSCT_VA":529.44,"SPRSCT_EXP":154.9,"SEAEMP_VA":402.58,"SEAEMP_EXP":71.56,"ADPDEF_VA":1786.83,"ADPDEF_EXP":0.04,"EDUCAC_VA":1315.92,"EDUCAC_EXP":33.24,"SALUDH_VA":37.36,"SALUDH_EXP":20.81,"ESPARC_VA":23.89,"ESPARC_EXP":26.28,"OTRSER_VA":42.39,"OTRSER_EXP":18.23,"SERHOG_VA":70.52,"SERHOG_EXP":0.0}},{"type":"Feature","geometry":{"type":"Point","coordinates":[35.24,38.96]},"properties":{"id":"TUR","name":"Turquía","continent":"europe","year":1996,"AGRPFO_VA":28779.7,"AGRPFO_EXP":2743.68,"FORLOG_VA":1010.36,"FORLOG_EXP":6.37,"PESCAC_VA":1018.71,"PESCAC_EXP":16.44,"MINCOL_VA":710.55,"MINCOL_EXP":0.64,"PETGAS_VA":405.31,"PETGAS_EXP":2.93,"MINORE_VA":1081.22,"MINORE_EXP":115.38,"MINOTH_VA":562.88,"MINOTH_EXP":223.5,"MINSER_VA":124.74,"MINSER_EXP":25.59,"ALYBEB_VA":7551.59,"ALYBEB_EXP":2520.7,"TEXYPR_VA":12607.68,"TEXYPR_EXP":7777.38,"MADYPR_VA":423.24,"MADYPR_EXP":65.04,"PAPYPR_VA":1271.71,"PAPYPR_EXP":194.41,"PETREF_VA":1026.8,"PETREF_EXP":808.51,"QUIMYP_VA":1976.43,"QUIMYP_EXP":909.23,"FARMED_VA":1317.22,"FARMED_EXP":129.0,"HUPLAS_VA":1917.0,"HUPLAS_EXP":943.65,"PRNOMT_VA":3152.51,"PRNOMT_EXP":828.7,"METBAS_VA":2538.11,"METBAS_EXP":1268.87,"NONFER_VA":800.43,"NONFER_EXP":286.46,"PRMETA_VA":3173.34,"PRMETA_EXP":595.15,"ELCTRO_VA":849.96,"ELCTRO_EXP":835.16,"ELCTRI_VA":1245.33,"ELCTRI_EXP":755.56,"MAQYEQ_VA":2104.18,"MAQYEQ_EXP":947.15,"AUTOMO_VA":2700.14,"AUTOMO_EXP":875.08,"OTRTRA_VA":186.5,"OTRTRA_EXP":190.1,"TRANSP_VA":436.71,"TRANSP_EXP":240.9,"OTRMAN_VA":1874.25,"OTRMAN_EXP":1529.22,"ELEGAS_VA":3565.19,"ELEGAS_EXP":17.27,"AGUBAS_VA":1274.37,"AGUBAS_EXP":16.47,"CONSTR_VA":16004.26,"CONSTR_EXP":1.89,"COMREV_VA":33544.66,"COMREV_EXP":5889.61,"TRATIE_VA":18622.32,"TRATIE_EXP":1972.42,"TRAGUA_VA":1269.81,"TRAGUA_EXP":481.86,"TRAAIR_VA":1347.31,"TRAAIR_EXP":1588.99,"ALMSTR_VA":1636.3,"ALMSTR_EXP":283.85,"POSTME_VA":555.89,"POSTME_EXP":51.4,"HOTYRE_VA":6052.95,"HOTYRE_EXP":2118.95,"MMTVRA_VA":1240.82,"MMTVRA_EXP":293.8,"TELECO_VA":3265.68,"TELECO_EXP":489.67,"ITSERV_VA":472.46,"ITSERV_EXP":128.86,"SERFIN_VA":13557.09,"SERFIN_EXP":1163.76,"GOBEST_VA":16518.34,"GOBEST_EXP":348.3,"SPRSCT_VA":4245.48,"SPRSCT_EXP":742.22,"SEAEMP_VA":6136.03,"SEAEMP_EXP":2305.32,"ADPDEF_VA":17110.03,"ADPDEF_EXP":0.92,"EDUCAC_VA":1088.94,"EDUCAC_EXP":131.0,"SALUDH_VA":3821.4,"SALUDH_EXP":69.45,"ESPARC_VA":507.45,"ESPARC_EXP":206.62,"OTRSER_VA":2081.72,"OTRSER_EXP":84.62,"SERHOG_VA":75.53,"SERHOG_EXP":0.0}},{"type":"Feature","geometry":{"type":"Point","coordinates":[120.96,23.7]},"properties":{"id":"TWN","name":"Taiwán","continent":"asia","year":1996,"AGRPFO_VA":6542.94,"AGRPFO_EXP":218.69,"FORLOG_VA":79.41,"FORLOG_EXP":20.55,"PESCAC_VA":1973.2,"PESCAC_EXP":169.95,"MINCOL_VA":62.16,"MINCOL_EXP":6.47,"PETGAS_VA":195.3,"PETGAS_EXP":35.22,"MINORE_VA":45.43,"MINORE_EXP":4.98,"MINOTH_VA":394.03,"MINOTH_EXP":5.82,"MINSER_VA":210.87,"MINSER_EXP":10.21,"ALYBEB_VA":6651.55,"ALYBEB_EXP":2825.99,"TEXYPR_VA":5741.69,"TEXYPR_EXP":11440.61,"MADYPR_VA":456.54,"MADYPR_EXP":560.16,"PAPYPR_VA":2381.21,"PAPYPR_EXP":1120.11,"PETREF_VA":3848.33,"PETREF_EXP":1096.7,"QUIMYP_VA":6550.68,"QUIMYP_EXP":4423.44,"FARMED_VA":525.73,"FARMED_EXP":150.7,"HUPLAS_VA":4866.13,"HUPLAS_EXP":10618.78,"PRNOMT_VA":3320.42,"PRNOMT_EXP":1310.17,"METBAS_VA":3091.15,"METBAS_EXP":2874.37,"NONFER_VA":661.63,"NONFER_EXP":1627.1,"PRMETA_VA":5922.26,"PRMETA_EXP":7938.13,"ELCTRO_VA":14708.6,"ELCTRO_EXP":37271.09,"ELCTRI_VA":3507.35,"ELCTRI_EXP":5462.14,"MAQYEQ_VA":3094.9,"MAQYEQ_EXP":9813.19,"AUTOMO_VA":2965.86,"AUTOMO_EXP":1992.09,"OTRTRA_VA":2202.71,"OTRTRA_EXP":410.32,"TRANSP_VA":1673.08,"TRANSP_EXP":3736.49,"OTRMAN_VA":4538.85,"OTRMAN_EXP":2894.72,"ELEGAS_VA":6553.28,"ELEGAS_EXP":0.34,"AGUBAS_VA":1584.48,"AGUBAS_EXP":5.94,"CONSTR_VA":12779.25,"CONSTR_EXP":80.19,"COMREV_VA":42086.5,"COMREV_EXP":16139.82,"TRATIE_VA":5431.13,"TRATIE_EXP":2032.44,"TRAGUA_VA":1319.28,"TRAGUA_EXP":152.55,"TRAAIR_VA":1207.86,"TRAAIR_EXP":178.2,"ALMSTR_VA":3633.5,"ALMSTR_EXP":152.4,"POSTME_VA":704.5,"POSTME_EXP":80.3,"HOTYRE_VA":5173.24,"HOTYRE_EXP":801.57,"MMTVRA_VA":1647.96,"MMTVRA_EXP":392.77,"TELECO_VA":5122.45,"TELECO_EXP":534.48,"ITSERV_VA":816.71,"ITSERV_EXP":171.03,"SERFIN_VA":21465.73,"SERFIN_EXP":1459.99,"GOBEST_VA":25736.18,"GOBEST_EXP":75.61,"SPRSCT_VA":7639.57,"SPRSCT_EXP":1302.92,"SEAEMP_VA":3308.32,"SEAEMP_EXP":636.93,"ADPDEF_VA":23884.87,"ADPDEF_EXP":0.0,"EDUCAC_VA":10893.12,"EDUCAC_EXP":103.23,"SALUDH_VA":6255.9,"SALUDH_EXP":348.62,"ESPARC_VA":2015.23,"ESPARC_EXP":316.82,"OTRSER_VA":6725.14,"OTRSER_EXP":26.9,"SERHOG_VA":1909.24,"SERHOG_EXP":0.0}},{"type":"Feature","geometry":{"type":"Point","coordinates":[31.17,48.38]},"properties":{"id":"UKR","name":"Ucrania","continent":"europe","year":1996,"AGRPFO_VA":4737.85,"AGRPFO_EXP":435.94,"FORLOG_VA":551.58,"FORLOG_EXP":60.27,"PESCAC_VA":20.99,"PESCAC_EXP":6.02,"MINCOL_VA":818.19,"MINCOL_EXP":271.06,"PETGAS_VA":878.0,"PETGAS_EXP":182.73,"MINORE_VA":860.19,"MINORE_EXP":91.34,"MINOTH_VA":193.37,"MINOTH_EXP":141.12,"MINSER_VA":45.42,"MINSER_EXP":569.0,"ALYBEB_VA":1946.02,"ALYBEB_EXP":1018.99,"TEXYPR_VA":327.82,"TEXYPR_EXP":180.16,"MADYPR_VA":132.38,"MADYPR_EXP":225.03,"PAPYPR_VA":338.18,"PAPYPR_EXP":295.3,"PETREF_VA":488.51,"PETREF_EXP":245.17,"QUIMYP_VA":409.57,"QUIMYP_EXP":558.93,"FARMED_VA":142.48,"FARMED_EXP":61.88,"HUPLAS_VA":227.44,"HUPLAS_EXP":77.51,"PRNOMT_VA":392.33,"PRNOMT_EXP":102.1,"METBAS_VA":900.54,"METBAS_EXP":2367.61,"NONFER_VA":93.34,"NONFER_EXP":187.33,"PRMETA_VA":276.56,"PRMETA_EXP":168.81,"ELCTRO_VA":113.18,"ELCTRO_EXP":184.22,"ELCTRI_VA":313.97,"ELCTRI_EXP":262.55,"MAQYEQ_VA":534.46,"MAQYEQ_EXP":463.18,"AUTOMO_VA":102.79,"AUTOMO_EXP":120.08,"OTRTRA_VA":18.98,"OTRTRA_EXP":68.58,"TRANSP_VA":903.87,"TRANSP_EXP":272.05,"OTRMAN_VA":472.33,"OTRMAN_EXP":562.49,"ELEGAS_VA":2681.09,"ELEGAS_EXP":43.73,"AGUBAS_VA":537.09,"AGUBAS_EXP":2.15,"CONSTR_VA":1660.52,"CONSTR_EXP":18.51,"COMREV_VA":4761.63,"COMREV_EXP":835.25,"TRATIE_VA":2703.59,"TRATIE_EXP":781.77,"TRAGUA_VA":306.93,"TRAGUA_EXP":164.59,"TRAAIR_VA":294.75,"TRAAIR_EXP":291.9,"ALMSTR_VA":1357.03,"ALMSTR_EXP":510.75,"POSTME_VA":115.77,"POSTME_EXP":31.72,"HOTYRE_VA":275.78,"HOTYRE_EXP":237.81,"MMTVRA_VA":201.68,"MMTVRA_EXP":61.29,"TELECO_VA":812.05,"TELECO_EXP":95.52,"ITSERV_VA":436.74,"ITSERV_EXP":570.34,"SERFIN_VA":1370.33,"SERFIN_EXP":501.88,"GOBEST_VA":1562.42,"GOBEST_EXP":52.79,"SPRSCT_VA":893.1,"SPRSCT_EXP":179.66,"SEAEMP_VA":366.3,"SEAEMP_EXP":63.64,"ADPDEF_VA":2175.97,"ADPDEF_EXP":0.52,"EDUCAC_VA":1908.32,"EDUCAC_EXP":27.03,"SALUDH_VA":1167.99,"SALUDH_EXP":10.2,"ESPARC_VA":224.68,"ESPARC_EXP":24.84,"OTRSER_VA":379.85,"OTRSER_EXP":10.71,"SERHOG_VA":0.63,"SERHOG_EXP":0.0}},{"type":"Feature","geometry":{"type":"Point","coordinates":[-95.71,37.09]},"properties":{"id":"USA","name":"Estados Unidos","continent":"america","year":1996,"AGRPFO_VA":99968.67,"AGRPFO_EXP":21015.26,"FORLOG_VA":7507.47,"FORLOG_EXP":1320.22,"PESCAC_VA":2602.46,"PESCAC_EXP":1324.95,"MINCOL_VA":11792.12,"MINCOL_EXP":2836.24,"PETGAS_VA":48535.35,"PETGAS_EXP":2301.81,"MINORE_VA":4059.6,"MINORE_EXP":4235.44,"MINOTH_VA":8289.37,"MINOTH_EXP":1136.24,"MINSER_VA":9955.0,"MINSER_EXP":1331.5,"ALYBEB_VA":119402.75,"ALYBEB_EXP":27655.77,"TEXYPR_VA":56372.29,"TEXYPR_EXP":14720.08,"MADYPR_VA":25404.4,"MADYPR_EXP":4160.58,"PAPYPR_VA":96890.15,"PAPYPR_EXP":13847.04,"PETREF_VA":30077.47,"PETREF_EXP":11927.94,"QUIMYP_VA":105147.77,"QUIMYP_EXP":48614.88,"FARMED_VA":61189.04,"FARMED_EXP":9026.35,"HUPLAS_VA":55465.3,"HUPLAS_EXP":10163.85,"PRNOMT_VA":41072.87,"PRNOMT_EXP":4454.41,"METBAS_VA":24511.4,"METBAS_EXP":5080.05,"NONFER_VA":34579.69,"NONFER_EXP":14567.62,"PRMETA_VA":105675.21,"PRMETA_EXP":11467.44,"ELCTRO_VA":167377.09,"ELCTRO_EXP":102616.29,"ELCTRI_VA":46719.0,"ELCTRI_EXP":14162.39,"MAQYEQ_VA":101148.89,"MAQYEQ_EXP":49796.43,"AUTOMO_VA":103546.17,"AUTOMO_EXP":43975.22,"OTRTRA_VA":7983.6,"OTRTRA_EXP":1055.02,"TRANSP_VA":53126.99,"TRANSP_EXP":35875.41,"OTRMAN_VA":84084.42,"OTRMAN_EXP":12859.72,"ELEGAS_VA":152677.83,"ELEGAS_EXP":1753.57,"AGUBAS_VA":23914.75,"AGUBAS_EXP":14.55,"CONSTR_VA":325376.97,"CONSTR_EXP":3.53,"COMREV_VA":894538.38,"COMREV_EXP":108250.05,"TRATIE_VA":120236.87,"TRATIE_EXP":20010.75,"TRAGUA_VA":6658.75,"TRAGUA_EXP":6696.6,"TRAAIR_VA":42002.71,"TRAAIR_EXP":26537.35,"ALMSTR_VA":44639.55,"ALMSTR_EXP":4185.69,"POSTME_VA":69652.51,"POSTME_EXP":3906.75,"HOTYRE_VA":186156.42,"HOTYRE_EXP":24799.78,"MMTVRA_VA":161959.6,"MMTVRA_EXP":20855.57,"TELECO_VA":174390.04,"TELECO_EXP":8999.14,"ITSERV_VA":92988.74,"ITSERV_EXP":6222.83,"SERFIN_VA":515936.83,"SERFIN_EXP":29908.37,"GOBEST_VA":882717.22,"GOBEST_EXP":6353.5,"SPRSCT_VA":512387.02,"SPRSCT_EXP":34250.84,"SEAEMP_VA":275984.01,"SEAEMP_EXP":18560.78,"ADPDEF_VA":728955.8,"ADPDEF_EXP":2046.5,"EDUCAC_VA":420527.1,"EDUCAC_EXP":13473.03,"SALUDH_VA":482035.78,"SALUDH_EXP":1030.99,"ESPARC_VA":70956.79,"ESPARC_EXP":3186.28,"OTRSER_VA":132959.42,"OTRSER_EXP":1263.24,"SERHOG_VA":11124.45,"SERHOG_EXP":0.0}},{"type":"Feature","geometry":{"type":"Point","coordinates":[108.28,14.06]},"properties":{"id":"VNM","name":"Vietnam","continent":"asia","year":1996,"AGRPFO_VA":3605.08,"AGRPFO_EXP":366.63,"FORLOG_VA":280.48,"FORLOG_EXP":24.18,"PESCAC_VA":854.5,"PESCAC_EXP":110.99,"MINCOL_VA":123.32,"MINCOL_EXP":55.31,"PETGAS_VA":2627.44,"PETGAS_EXP":1752.87,"MINORE_VA":23.43,"MINORE_EXP":5.04,"MINOTH_VA":74.4,"MINOTH_EXP":2.58,"MINSER_VA":47.63,"MINSER_EXP":2.25,"ALYBEB_VA":1146.27,"ALYBEB_EXP":1220.31,"TEXYPR_VA":1500.54,"TEXYPR_EXP":1652.76,"MADYPR_VA":118.12,"MADYPR_EXP":187.42,"PAPYPR_VA":165.8,"PAPYPR_EXP":28.81,"PETREF_VA":130.05,"PETREF_EXP":43.71,"QUIMYP_VA":282.73,"QUIMYP_EXP":35.01,"FARMED_VA":75.91,"FARMED_EXP":15.11,"HUPLAS_VA":243.17,"HUPLAS_EXP":30.34,"PRNOMT_VA":410.12,"PRNOMT_EXP":34.84,"METBAS_VA":134.2,"METBAS_EXP":26.14,"NONFER_VA":31.82,"NONFER_EXP":15.6,"PRMETA_VA":248.7,"PRMETA_EXP":623.72,"ELCTRO_VA":373.37,"ELCTRO_EXP":153.69,"ELCTRI_VA":161.25,"ELCTRI_EXP":115.37,"MAQYEQ_VA":123.06,"MAQYEQ_EXP":268.16,"AUTOMO_VA":67.49,"AUTOMO_EXP":2.88,"OTRTRA_VA":5.3,"OTRTRA_EXP":14.23,"TRANSP_VA":54.03,"TRANSP_EXP":2.78,"OTRMAN_VA":375.5,"OTRMAN_EXP":218.45,"ELEGAS_VA":767.93,"ELEGAS_EXP":6.22,"AGUBAS_VA":164.87,"AGUBAS_EXP":0.25,"CONSTR_VA":1440.88,"CONSTR_EXP":1.54,"COMREV_VA":2065.74,"COMREV_EXP":503.63,"TRATIE_VA":321.72,"TRATIE_EXP":198.63,"TRAGUA_VA":115.9,"TRAGUA_EXP":156.88,"TRAAIR_VA":143.65,"TRAAIR_EXP":291.51,"ALMSTR_VA":187.22,"ALMSTR_EXP":167.05,"POSTME_VA":47.98,"POSTME_EXP":62.62,"HOTYRE_VA":689.04,"HOTYRE_EXP":451.8,"MMTVRA_VA":86.09,"MMTVRA_EXP":34.52,"TELECO_VA":302.54,"TELECO_EXP":122.26,"ITSERV_VA":113.44,"ITSERV_EXP":56.34,"SERFIN_VA":556.59,"SERFIN_EXP":251.47,"GOBEST_VA":552.28,"GOBEST_EXP":42.14,"SPRSCT_VA":506.58,"SPRSCT_EXP":137.66,"SEAEMP_VA":147.59,"SEAEMP_EXP":91.73,"ADPDEF_VA":596.12,"ADPDEF_EXP":1.85,"EDUCAC_VA":692.39,"EDUCAC_EXP":19.35,"SALUDH_VA":302.17,"SALUDH_EXP":10.94,"ESPARC_VA":203.94,"ESPARC_EXP":72.65,"OTRSER_VA":182.64,"OTRSER_EXP":12.62,"SERHOG_VA":37.59,"SERHOG_EXP":0.0}},{"type":"Feature","geometry":{"type":"Point","coordinates":[22.94,-30.56]},"properties":{"id":"ZAF","name":"Sudáfrica","continent":"other","year":1996,"AGRPFO_VA":2743.0,"AGRPFO_EXP":883.83,"FORLOG_VA":155.28,"FORLOG_EXP":8.5,"PESCAC_VA":269.67,"PESCAC_EXP":28.26,"MINCOL_VA":1730.8,"MINCOL_EXP":1935.48,"PETGAS_VA":131.33,"PETGAS_EXP":289.8,"MINORE_VA":7036.16,"MINORE_EXP":9326.69,"MINOTH_VA":615.29,"MINOTH_EXP":1072.3,"MINSER_VA":102.15,"MINSER_EXP":5.94,"ALYBEB_VA":3913.02,"ALYBEB_EXP":727.87,"TEXYPR_VA":992.01,"TEXYPR_EXP":141.45,"MADYPR_VA":326.74,"MADYPR_EXP":110.06,"PAPYPR_VA":1363.13,"PAPYPR_EXP":439.02,"PETREF_VA":2210.02,"PETREF_EXP":619.32,"QUIMYP_VA":1869.87,"QUIMYP_EXP":1855.07,"FARMED_VA":330.28,"FARMED_EXP":88.27,"HUPLAS_VA":644.71,"HUPLAS_EXP":152.67,"PRNOMT_VA":935.4,"PRNOMT_EXP":85.04,"METBAS_VA":1899.42,"METBAS_EXP":2482.55,"NONFER_VA":503.14,"NONFER_EXP":1429.12,"PRMETA_VA":1157.24,"PRMETA_EXP":533.3,"ELCTRO_VA":348.77,"ELCTRO_EXP":194.52,"ELCTRI_VA":655.41,"ELCTRI_EXP":320.99,"MAQYEQ_VA":1528.01,"MAQYEQ_EXP":1322.22,"AUTOMO_VA":1929.95,"AUTOMO_EXP":1759.71,"OTRTRA_VA":37.46,"OTRTRA_EXP":53.39,"TRANSP_VA":243.71,"TRANSP_EXP":415.4,"OTRMAN_VA":1330.15,"OTRMAN_EXP":484.01,"ELEGAS_VA":2869.27,"ELEGAS_EXP":35.63,"AGUBAS_VA":1554.63,"AGUBAS_EXP":0.11,"CONSTR_VA":4979.02,"CONSTR_EXP":64.48,"COMREV_VA":13404.08,"COMREV_EXP":2596.91,"TRATIE_VA":3608.4,"TRATIE_EXP":893.14,"TRAGUA_VA":179.29,"TRAGUA_EXP":151.25,"TRAAIR_VA":413.64,"TRAAIR_EXP":485.76,"ALMSTR_VA":1655.28,"ALMSTR_EXP":572.33,"POSTME_VA":270.65,"POSTME_EXP":50.63,"HOTYRE_VA":1508.09,"HOTYRE_EXP":403.04,"MMTVRA_VA":1368.19,"MMTVRA_EXP":197.67,"TELECO_VA":8549.68,"TELECO_EXP":581.37,"ITSERV_VA":2887.6,"ITSERV_EXP":118.27,"SERFIN_VA":22066.3,"SERFIN_EXP":745.9,"GOBEST_VA":10627.44,"GOBEST_EXP":168.51,"SPRSCT_VA":6128.78,"SPRSCT_EXP":125.6,"SEAEMP_VA":3681.25,"SEAEMP_EXP":171.14,"ADPDEF_VA":5124.37,"ADPDEF_EXP":4.6,"EDUCAC_VA":4152.87,"EDUCAC_EXP":258.96,"SALUDH_VA":3127.57,"SALUDH_EXP":30.33,"ESPARC_VA":1885.58,"ESPARC_EXP":84.55,"OTRSER_VA":847.62,"OTRSER_EXP":27.49,"SERHOG_VA":20127.44,"SERHOG_EXP":0.0}}]}