{"type":"FeatureCollection","features":[{"type":"Feature","geometry":{"type":"Point","coordinates":[13.23,-8.84]},"properties":{"id":"AGO","name":"Angola","continent":"other","year":2013,"AGRPFO_VA":6427.77,"AGRPFO_EXP":6.61,"FORLOG_VA":520.78,"FORLOG_EXP":3.57,"PESCAC_VA":1368.52,"PESCAC_EXP":39.49,"MINCOL_VA":39.82,"MINCOL_EXP":0.36,"PETGAS_VA":42678.56,"PETGAS_EXP":58745.61,"MINORE_VA":43.64,"MINORE_EXP":1.75,"MINOTH_VA":9591.12,"MINOTH_EXP":2337.3,"MINSER_VA":7476.16,"MINSER_EXP":265.53,"ALYBEB_VA":1589.06,"ALYBEB_EXP":240.72,"TEXYPR_VA":793.39,"TEXYPR_EXP":10.77,"MADYPR_VA":33.78,"MADYPR_EXP":1.28,"PAPYPR_VA":124.66,"PAPYPR_EXP":3.72,"PETREF_VA":864.3,"PETREF_EXP":1629.44,"QUIMYP_VA":594.65,"QUIMYP_EXP":782.69,"FARMED_VA":305.63,"FARMED_EXP":4.29,"HUPLAS_VA":163.49,"HUPLAS_EXP":0.59,"PRNOMT_VA":278.56,"PRNOMT_EXP":9.87,"METBAS_VA":94.17,"METBAS_EXP":1.85,"NONFER_VA":24.23,"NONFER_EXP":4.0,"PRMETA_VA":188.52,"PRMETA_EXP":5.09,"ELCTRO_VA":565.43,"ELCTRO_EXP":23.58,"ELCTRI_VA":258.83,"ELCTRI_EXP":5.1,"MAQYEQ_VA":759.17,"MAQYEQ_EXP":136.49,"AUTOMO_VA":652.26,"AUTOMO_EXP":6.82,"OTRTRA_VA":30.43,"OTRTRA_EXP":0.24,"TRANSP_VA":17.93,"TRANSP_EXP":1.49,"OTRMAN_VA":251.08,"OTRMAN_EXP":9.39,"ELEGAS_VA":4446.33,"ELEGAS_EXP":844.68,"AGUBAS_VA":519.39,"AGUBAS_EXP":97.51,"CONSTR_VA":7938.95,"CONSTR_EXP":0.34,"COMREV_VA":10612.56,"COMREV_EXP":2555.85,"TRATIE_VA":926.46,"TRATIE_EXP":471.38,"TRAGUA_VA":486.18,"TRAGUA_EXP":314.58,"TRAAIR_VA":519.29,"TRAAIR_EXP":70.67,"ALMSTR_VA":744.08,"ALMSTR_EXP":153.95,"POSTME_VA":390.45,"POSTME_EXP":3.33,"HOTYRE_VA":2376.37,"HOTYRE_EXP":96.15,"MMTVRA_VA":1196.96,"MMTVRA_EXP":23.13,"TELECO_VA":1741.51,"TELECO_EXP":42.56,"ITSERV_VA":1198.13,"ITSERV_EXP":33.02,"SERFIN_VA":3491.94,"SERFIN_EXP":151.16,"GOBEST_VA":5541.17,"GOBEST_EXP":269.13,"SPRSCT_VA":1882.39,"SPRSCT_EXP":192.0,"SEAEMP_VA":1480.38,"SEAEMP_EXP":313.74,"ADPDEF_VA":9225.53,"ADPDEF_EXP":1.84,"EDUCAC_VA":7244.0,"EDUCAC_EXP":5.16,"SALUDH_VA":1934.41,"SALUDH_EXP":6.43,"ESPARC_VA":304.0,"ESPARC_EXP":11.69,"OTRSER_VA":915.57,"OTRSER_EXP":8.11,"SERHOG_VA":0.0,"SERHOG_EXP":0.0}},{"type":"Feature","geometry":{"type":"Point","coordinates":[53.85,23.42]},"properties":{"id":"ARE","name":"Emiratos Árabes","continent":"other","year":2013,"AGRPFO_VA":3976.72,"AGRPFO_EXP":1146.6,"FORLOG_VA":382.9,"FORLOG_EXP":378.55,"PESCAC_VA":563.55,"PESCAC_EXP":621.41,"MINCOL_VA":955.71,"MINCOL_EXP":1254.19,"PETGAS_VA":119218.61,"PETGAS_EXP":131377.69,"MINORE_VA":13799.72,"MINORE_EXP":5757.78,"MINOTH_VA":4479.61,"MINOTH_EXP":17478.17,"MINSER_VA":10868.16,"MINSER_EXP":1590.82,"ALYBEB_VA":4820.5,"ALYBEB_EXP":5758.52,"TEXYPR_VA":1865.91,"TEXYPR_EXP":1344.15,"MADYPR_VA":199.5,"MADYPR_EXP":122.13,"PAPYPR_VA":960.0,"PAPYPR_EXP":1457.58,"PETREF_VA":14700.65,"PETREF_EXP":31585.96,"QUIMYP_VA":3206.25,"QUIMYP_EXP":7832.93,"FARMED_VA":2288.5,"FARMED_EXP":1076.15,"HUPLAS_VA":946.26,"HUPLAS_EXP":2003.32,"PRNOMT_VA":2509.86,"PRNOMT_EXP":3312.4,"METBAS_VA":764.42,"METBAS_EXP":2353.84,"NONFER_VA":3091.18,"NONFER_EXP":10567.38,"PRMETA_VA":1586.74,"PRMETA_EXP":1789.64,"ELCTRO_VA":4673.84,"ELCTRO_EXP":335.57,"ELCTRI_VA":1333.96,"ELCTRI_EXP":2446.39,"MAQYEQ_VA":1431.51,"MAQYEQ_EXP":1695.45,"AUTOMO_VA":1650.63,"AUTOMO_EXP":323.07,"OTRTRA_VA":209.64,"OTRTRA_EXP":473.07,"TRANSP_VA":775.76,"TRANSP_EXP":89.73,"OTRMAN_VA":2764.44,"OTRMAN_EXP":2268.24,"ELEGAS_VA":10552.9,"ELEGAS_EXP":269.66,"AGUBAS_VA":1918.21,"AGUBAS_EXP":28.28,"CONSTR_VA":35333.98,"CONSTR_EXP":366.54,"COMREV_VA":32024.79,"COMREV_EXP":13570.23,"TRATIE_VA":3647.06,"TRATIE_EXP":2388.76,"TRAGUA_VA":2534.98,"TRAGUA_EXP":2800.7,"TRAAIR_VA":3414.16,"TRAAIR_EXP":3560.64,"ALMSTR_VA":2535.27,"ALMSTR_EXP":1105.75,"POSTME_VA":1296.54,"POSTME_EXP":125.28,"HOTYRE_VA":7164.87,"HOTYRE_EXP":4699.71,"MMTVRA_VA":4400.55,"MMTVRA_EXP":500.9,"TELECO_VA":5559.39,"TELECO_EXP":490.81,"ITSERV_VA":3746.29,"ITSERV_EXP":135.39,"SERFIN_VA":13548.17,"SERFIN_EXP":998.3,"GOBEST_VA":18783.7,"GOBEST_EXP":994.91,"SPRSCT_VA":6654.79,"SPRSCT_EXP":1025.89,"SEAEMP_VA":5028.92,"SEAEMP_EXP":747.52,"ADPDEF_VA":22664.34,"ADPDEF_EXP":43.04,"EDUCAC_VA":5344.76,"EDUCAC_EXP":282.34,"SALUDH_VA":6627.37,"SALUDH_EXP":197.48,"ESPARC_VA":1254.2,"ESPARC_EXP":671.24,"OTRSER_VA":3022.6,"OTRSER_EXP":274.45,"SERHOG_VA":1945.98,"SERHOG_EXP":0.0}},{"type":"Feature","geometry":{"type":"Point","coordinates":[-63.62,-38.42]},"properties":{"id":"ARG","name":"Argentina","continent":"america","year":2013,"AGRPFO_VA":36129.72,"AGRPFO_EXP":10688.62,"FORLOG_VA":331.99,"FORLOG_EXP":33.53,"PESCAC_VA":1476.16,"PESCAC_EXP":420.86,"MINCOL_VA":15.55,"MINCOL_EXP":2.52,"PETGAS_VA":13404.15,"PETGAS_EXP":2588.76,"MINORE_VA":1435.64,"MINORE_EXP":2045.19,"MINOTH_VA":882.55,"MINOTH_EXP":40.64,"MINSER_VA":1301.55,"MINSER_EXP":23.26,"ALYBEB_VA":28307.53,"ALYBEB_EXP":21188.43,"TEXYPR_VA":7675.37,"TEXYPR_EXP":1887.08,"MADYPR_VA":1655.66,"MADYPR_EXP":205.14,"PAPYPR_VA":6629.39,"PAPYPR_EXP":739.77,"PETREF_VA":3486.67,"PETREF_EXP":2416.69,"QUIMYP_VA":11234.02,"QUIMYP_EXP":3546.81,"FARMED_VA":7283.04,"FARMED_EXP":1115.12,"HUPLAS_VA":5153.84,"HUPLAS_EXP":833.03,"PRNOMT_VA":4246.91,"PRNOMT_EXP":210.59,"METBAS_VA":5379.12,"METBAS_EXP":1418.0,"NONFER_VA":1056.1,"NONFER_EXP":862.66,"PRMETA_VA":4524.28,"PRMETA_EXP":648.24,"ELCTRO_VA":2317.93,"ELCTRO_EXP":282.61,"ELCTRI_VA":1705.91,"ELCTRI_EXP":284.36,"MAQYEQ_VA":6126.68,"MAQYEQ_EXP":1084.05,"AUTOMO_VA":5329.6,"AUTOMO_EXP":8788.84,"OTRTRA_VA":104.52,"OTRTRA_EXP":21.42,"TRANSP_VA":375.42,"TRANSP_EXP":66.73,"OTRMAN_VA":3501.75,"OTRMAN_EXP":312.46,"ELEGAS_VA":6526.22,"ELEGAS_EXP":139.17,"AGUBAS_VA":925.44,"AGUBAS_EXP":18.06,"CONSTR_VA":31307.04,"CONSTR_EXP":0.24,"COMREV_VA":75629.24,"COMREV_EXP":10936.05,"TRATIE_VA":15674.7,"TRATIE_EXP":1302.16,"TRAGUA_VA":396.85,"TRAGUA_EXP":82.97,"TRAAIR_VA":968.58,"TRAAIR_EXP":1299.23,"ALMSTR_VA":5701.63,"ALMSTR_EXP":1375.43,"POSTME_VA":1021.3,"POSTME_EXP":52.66,"HOTYRE_VA":14203.07,"HOTYRE_EXP":1767.41,"MMTVRA_VA":1233.9,"MMTVRA_EXP":273.5,"TELECO_VA":10835.16,"TELECO_EXP":832.74,"ITSERV_VA":2679.75,"ITSERV_EXP":1669.27,"SERFIN_VA":22795.54,"SERFIN_EXP":285.68,"GOBEST_VA":35623.95,"GOBEST_EXP":228.58,"SPRSCT_VA":25173.21,"SPRSCT_EXP":3368.47,"SEAEMP_VA":7925.7,"SEAEMP_EXP":1166.65,"ADPDEF_VA":42239.47,"ADPDEF_EXP":0.08,"EDUCAC_VA":32218.32,"EDUCAC_EXP":75.77,"SALUDH_VA":27751.25,"SALUDH_EXP":48.2,"ESPARC_VA":2106.68,"ESPARC_EXP":208.17,"OTRSER_VA":7176.24,"OTRSER_EXP":64.75,"SERHOG_VA":7645.53,"SERHOG_EXP":0.0}},{"type":"Feature","geometry":{"type":"Point","coordinates":[133.78,-25.27]},"properties":{"id":"AUS","name":"Australia","continent":"other","year":2013,"AGRPFO_VA":31394.79,"AGRPFO_EXP":12740.61,"FORLOG_VA":1614.09,"FORLOG_EXP":162.71,"PESCAC_VA":1953.01,"PESCAC_EXP":383.79,"MINCOL_VA":17538.71,"MINCOL_EXP":31562.77,"PETGAS_VA":28840.13,"PETGAS_EXP":23951.27,"MINORE_VA":68155.3,"MINORE_EXP":64901.0,"MINOTH_VA":2464.33,"MINOTH_EXP":478.73,"MINSER_VA":10111.51,"MINSER_EXP":224.8,"ALYBEB_VA":25971.52,"ALYBEB_EXP":15906.4,"TEXYPR_VA":2509.19,"TEXYPR_EXP":934.46,"MADYPR_VA":3624.99,"MADYPR_EXP":620.09,"PAPYPR_VA":5976.49,"PAPYPR_EXP":1698.98,"PETREF_VA":3940.08,"PETREF_EXP":3215.08,"QUIMYP_VA":5688.47,"QUIMYP_EXP":4541.98,"FARMED_VA":3623.67,"FARMED_EXP":1957.82,"HUPLAS_VA":4691.32,"HUPLAS_EXP":1276.3,"PRNOMT_VA":5910.49,"PRNOMT_EXP":462.22,"METBAS_VA":2382.37,"METBAS_EXP":1042.42,"NONFER_VA":2799.66,"NONFER_EXP":28510.7,"PRMETA_VA":10834.17,"PRMETA_EXP":1931.75,"ELCTRO_VA":4260.82,"ELCTRO_EXP":1425.43,"ELCTRI_VA":2431.26,"ELCTRI_EXP":1149.4,"MAQYEQ_VA":5378.1,"MAQYEQ_EXP":2861.12,"AUTOMO_VA":3603.18,"AUTOMO_EXP":2344.26,"OTRTRA_VA":1654.04,"OTRTRA_EXP":452.9,"TRANSP_VA":2263.78,"TRANSP_EXP":540.06,"OTRMAN_VA":7767.71,"OTRMAN_EXP":1107.09,"ELEGAS_VA":25668.04,"ELEGAS_EXP":317.24,"AGUBAS_VA":15912.29,"AGUBAS_EXP":8.66,"CONSTR_VA":124459.62,"CONSTR_EXP":1007.05,"COMREV_VA":138874.46,"COMREV_EXP":35350.16,"TRATIE_VA":31061.85,"TRATIE_EXP":5277.51,"TRAGUA_VA":3544.17,"TRAGUA_EXP":1530.78,"TRAAIR_VA":5969.75,"TRAAIR_EXP":5336.42,"ALMSTR_VA":28496.88,"ALMSTR_EXP":3297.83,"POSTME_VA":5078.86,"POSTME_EXP":1219.05,"HOTYRE_VA":38857.46,"HOTYRE_EXP":6414.38,"MMTVRA_VA":14440.37,"MMTVRA_EXP":819.51,"TELECO_VA":22172.86,"TELECO_EXP":1754.59,"ITSERV_VA":28748.7,"ITSERV_EXP":1343.91,"SERFIN_VA":128631.54,"SERFIN_EXP":3584.15,"GOBEST_VA":166803.1,"GOBEST_EXP":1373.23,"SPRSCT_VA":73952.76,"SPRSCT_EXP":6080.53,"SEAEMP_VA":48687.91,"SEAEMP_EXP":3926.67,"ADPDEF_VA":80471.57,"ADPDEF_EXP":29.77,"EDUCAC_VA":71227.51,"EDUCAC_EXP":7344.32,"SALUDH_VA":96939.68,"SALUDH_EXP":474.01,"ESPARC_VA":12445.03,"ESPARC_EXP":1763.88,"OTRSER_VA":13178.68,"OTRSER_EXP":616.66,"SERHOG_VA":0.0,"SERHOG_EXP":0.0}},{"type":"Feature","geometry":{"type":"Point","coordinates":[14.55,47.52]},"properties":{"id":"AUT","name":"Austria","continent":"europe","year":2013,"AGRPFO_VA":4075.38,"AGRPFO_EXP":1291.3,"FORLOG_VA":1679.96,"FORLOG_EXP":79.62,"PESCAC_VA":33.42,"PESCAC_EXP":9.44,"MINCOL_VA":27.16,"MINCOL_EXP":3.06,"PETGAS_VA":1387.12,"PETGAS_EXP":586.71,"MINORE_VA":188.83,"MINORE_EXP":319.77,"MINOTH_VA":727.81,"MINOTH_EXP":329.27,"MINSER_VA":63.78,"MINSER_EXP":33.11,"ALYBEB_VA":7717.91,"ALYBEB_EXP":10023.18,"TEXYPR_VA":1462.66,"TEXYPR_EXP":3398.38,"MADYPR_VA":2975.15,"MADYPR_EXP":3763.36,"PAPYPR_VA":3961.25,"PAPYPR_EXP":4427.92,"PETREF_VA":571.47,"PETREF_EXP":3300.31,"QUIMYP_VA":3351.21,"QUIMYP_EXP":13512.9,"FARMED_VA":2743.39,"FARMED_EXP":3757.12,"HUPLAS_VA":3260.48,"HUPLAS_EXP":4229.29,"PRNOMT_VA":3530.92,"PRNOMT_EXP":2489.56,"METBAS_VA":3318.49,"METBAS_EXP":7339.51,"NONFER_VA":1883.94,"NONFER_EXP":4454.63,"PRMETA_VA":7629.69,"PRMETA_EXP":8093.55,"ELCTRO_VA":4176.02,"ELCTRO_EXP":6466.54,"ELCTRI_VA":7070.44,"ELCTRI_EXP":8830.88,"MAQYEQ_VA":10991.4,"MAQYEQ_EXP":18074.42,"AUTOMO_VA":5518.25,"AUTOMO_EXP":14730.98,"OTRTRA_VA":92.7,"OTRTRA_EXP":126.32,"TRANSP_VA":1110.22,"TRANSP_EXP":2768.54,"OTRMAN_VA":6241.81,"OTRMAN_EXP":5604.35,"ELEGAS_VA":8069.75,"ELEGAS_EXP":2069.09,"AGUBAS_VA":4177.87,"AGUBAS_EXP":78.56,"CONSTR_VA":25211.78,"CONSTR_EXP":477.15,"COMREV_VA":48750.28,"COMREV_EXP":21943.07,"TRATIE_VA":11735.32,"TRATIE_EXP":10798.19,"TRAGUA_VA":282.58,"TRAGUA_EXP":149.42,"TRAAIR_VA":677.82,"TRAAIR_EXP":2674.07,"ALMSTR_VA":8492.98,"ALMSTR_EXP":3779.44,"POSTME_VA":1915.57,"POSTME_EXP":686.28,"HOTYRE_VA":15745.16,"HOTYRE_EXP":3656.1,"MMTVRA_VA":3223.71,"MMTVRA_EXP":1387.93,"TELECO_VA":3322.57,"TELECO_EXP":1115.38,"ITSERV_VA":7117.75,"ITSERV_EXP":3997.03,"SERFIN_VA":17638.99,"SERFIN_EXP":5941.16,"GOBEST_VA":36374.16,"GOBEST_EXP":1447.12,"SPRSCT_VA":20098.39,"SPRSCT_EXP":8393.15,"SEAEMP_VA":16567.87,"SEAEMP_EXP":2313.19,"ADPDEF_VA":20992.73,"ADPDEF_EXP":160.28,"EDUCAC_VA":21209.09,"EDUCAC_EXP":1020.86,"SALUDH_VA":28306.64,"SALUDH_EXP":486.32,"ESPARC_VA":4633.73,"ESPARC_EXP":1286.73,"OTRSER_VA":5924.62,"OTRSER_EXP":497.73,"SERHOG_VA":191.15,"SERHOG_EXP":0.0}},{"type":"Feature","geometry":{"type":"Point","coordinates":[4.47,50.5]},"properties":{"id":"BEL","name":"Bélgica","continent":"europe","year":2013,"AGRPFO_VA":4111.83,"AGRPFO_EXP":2575.21,"FORLOG_VA":147.11,"FORLOG_EXP":108.9,"PESCAC_VA":62.55,"PESCAC_EXP":42.72,"MINCOL_VA":0.0,"MINCOL_EXP":0.0,"PETGAS_VA":0.0,"PETGAS_EXP":0.0,"MINORE_VA":0.0,"MINORE_EXP":0.0,"MINOTH_VA":369.45,"MINOTH_EXP":263.57,"MINSER_VA":3.72,"MINSER_EXP":7.66,"ALYBEB_VA":10303.91,"ALYBEB_EXP":18885.76,"TEXYPR_VA":1841.91,"TEXYPR_EXP":4188.85,"MADYPR_VA":1020.56,"MADYPR_EXP":1124.89,"PAPYPR_VA":2891.02,"PAPYPR_EXP":3052.47,"PETREF_VA":2149.8,"PETREF_EXP":21621.74,"QUIMYP_VA":10830.38,"QUIMYP_EXP":26065.0,"FARMED_VA":8762.54,"FARMED_EXP":11916.28,"HUPLAS_VA":2749.69,"HUPLAS_EXP":4321.94,"PRNOMT_VA":3052.28,"PRNOMT_EXP":2784.29,"METBAS_VA":2187.31,"METBAS_EXP":7952.99,"NONFER_VA":1402.01,"NONFER_EXP":7978.4,"PRMETA_VA":5149.03,"PRMETA_EXP":4520.57,"ELCTRO_VA":1759.15,"ELCTRO_EXP":2619.88,"ELCTRI_VA":2006.26,"ELCTRI_EXP":2794.76,"MAQYEQ_VA":4652.74,"MAQYEQ_EXP":7402.43,"AUTOMO_VA":4712.12,"AUTOMO_EXP":16672.97,"OTRTRA_VA":11.64,"OTRTRA_EXP":24.89,"TRANSP_VA":1101.34,"TRANSP_EXP":552.92,"OTRMAN_VA":3896.18,"OTRMAN_EXP":3623.66,"ELEGAS_VA":8595.91,"ELEGAS_EXP":637.4,"AGUBAS_VA":4711.67,"AGUBAS_EXP":284.15,"CONSTR_VA":26068.72,"CONSTR_EXP":2297.42,"COMREV_VA":59242.84,"COMREV_EXP":35204.72,"TRATIE_VA":10135.1,"TRATIE_EXP":9976.57,"TRAGUA_VA":547.42,"TRAGUA_EXP":2642.41,"TRAAIR_VA":682.42,"TRAAIR_EXP":3343.26,"ALMSTR_VA":13892.19,"ALMSTR_EXP":16524.97,"POSTME_VA":2867.01,"POSTME_EXP":1014.82,"HOTYRE_VA":9013.02,"HOTYRE_EXP":2117.05,"MMTVRA_VA":3905.75,"MMTVRA_EXP":2109.86,"TELECO_VA":7090.53,"TELECO_EXP":3578.04,"ITSERV_VA":8752.83,"ITSERV_EXP":3563.8,"SERFIN_VA":27912.19,"SERFIN_EXP":12035.41,"GOBEST_VA":44066.89,"GOBEST_EXP":422.58,"SPRSCT_VA":46269.78,"SPRSCT_EXP":36698.02,"SEAEMP_VA":20108.62,"SEAEMP_EXP":7272.56,"ADPDEF_VA":37833.25,"ADPDEF_EXP":574.62,"EDUCAC_VA":32970.47,"EDUCAC_EXP":1965.17,"SALUDH_VA":34702.54,"SALUDH_EXP":111.16,"ESPARC_VA":2933.91,"ESPARC_EXP":642.92,"OTRSER_VA":6349.15,"OTRSER_EXP":432.51,"SERHOG_VA":443.1,"SERHOG_EXP":0.0}},{"type":"Feature","geometry":{"type":"Point","coordinates":[90.36,23.68]},"properties":{"id":"BGD","name":"Bangladesh","continent":"asia","year":2013,"AGRPFO_VA":12955.15,"AGRPFO_EXP":2422.18,"FORLOG_VA":2603.15,"FORLOG_EXP":44.33,"PESCAC_VA":4021.75,"PESCAC_EXP":53.57,"MINCOL_VA":5.57,"MINCOL_EXP":0.03,"PETGAS_VA":1703.7,"PETGAS_EXP":7.01,"MINORE_VA":5.62,"MINORE_EXP":0.03,"MINOTH_VA":74.88,"MINOTH_EXP":0.96,"MINSER_VA":68.15,"MINSER_EXP":4.46,"ALYBEB_VA":4694.45,"ALYBEB_EXP":2102.04,"TEXYPR_VA":17988.28,"TEXYPR_EXP":15319.03,"MADYPR_VA":38.14,"MADYPR_EXP":6.77,"PAPYPR_VA":237.79,"PAPYPR_EXP":36.75,"PETREF_VA":36.23,"PETREF_EXP":131.93,"QUIMYP_VA":295.14,"QUIMYP_EXP":36.78,"FARMED_VA":654.93,"FARMED_EXP":63.34,"HUPLAS_VA":2553.81,"HUPLAS_EXP":69.4,"PRNOMT_VA":2091.97,"PRNOMT_EXP":58.29,"METBAS_VA":725.73,"METBAS_EXP":48.41,"NONFER_VA":424.38,"NONFER_EXP":53.26,"PRMETA_VA":192.18,"PRMETA_EXP":31.34,"ELCTRO_VA":194.49,"ELCTRO_EXP":29.59,"ELCTRI_VA":361.47,"ELCTRI_EXP":70.45,"MAQYEQ_VA":46.21,"MAQYEQ_EXP":56.56,"AUTOMO_VA":27.4,"AUTOMO_EXP":2.48,"OTRTRA_VA":138.83,"OTRTRA_EXP":5.32,"TRANSP_VA":155.52,"TRANSP_EXP":121.65,"OTRMAN_VA":383.53,"OTRMAN_EXP":54.26,"ELEGAS_VA":1723.96,"ELEGAS_EXP":5.18,"AGUBAS_VA":2731.56,"AGUBAS_EXP":9.35,"CONSTR_VA":11714.05,"CONSTR_EXP":29.18,"COMREV_VA":14504.24,"COMREV_EXP":3382.47,"TRATIE_VA":3832.94,"TRATIE_EXP":266.5,"TRAGUA_VA":1108.72,"TRAGUA_EXP":234.32,"TRAAIR_VA":905.11,"TRAAIR_EXP":380.22,"ALMSTR_VA":1417.41,"ALMSTR_EXP":129.06,"POSTME_VA":228.42,"POSTME_EXP":1.82,"HOTYRE_VA":3642.46,"HOTYRE_EXP":50.86,"MMTVRA_VA":870.46,"MMTVRA_EXP":111.22,"TELECO_VA":2355.58,"TELECO_EXP":474.83,"ITSERV_VA":844.03,"ITSERV_EXP":250.94,"SERFIN_VA":5463.42,"SERFIN_EXP":148.34,"GOBEST_VA":6906.43,"GOBEST_EXP":29.58,"SPRSCT_VA":3782.78,"SPRSCT_EXP":553.43,"SEAEMP_VA":2872.29,"SEAEMP_EXP":229.31,"ADPDEF_VA":4692.81,"ADPDEF_EXP":3.69,"EDUCAC_VA":3822.39,"EDUCAC_EXP":5.94,"SALUDH_VA":5806.42,"SALUDH_EXP":5.2,"ESPARC_VA":1654.52,"ESPARC_EXP":35.43,"OTRSER_VA":2394.27,"OTRSER_EXP":13.47,"SERHOG_VA":0.0,"SERHOG_EXP":0.0}},{"type":"Feature","geometry":{"type":"Point","coordinates":[25.49,42.73]},"properties":{"id":"BGR","name":"Bulgaria","continent":"europe","year":2013,"AGRPFO_VA":2361.06,"AGRPFO_EXP":2637.82,"FORLOG_VA":253.86,"FORLOG_EXP":53.75,"PESCAC_VA":24.39,"PESCAC_EXP":10.53,"MINCOL_VA":306.9,"MINCOL_EXP":17.17,"PETGAS_VA":109.79,"PETGAS_EXP":11.99,"MINORE_VA":727.04,"MINORE_EXP":1121.58,"MINOTH_VA":91.68,"MINOTH_EXP":133.98,"MINSER_VA":6.75,"MINSER_EXP":5.04,"ALYBEB_VA":1699.5,"ALYBEB_EXP":1924.13,"TEXYPR_VA":950.97,"TEXYPR_EXP":1174.43,"MADYPR_VA":137.89,"MADYPR_EXP":247.12,"PAPYPR_VA":350.58,"PAPYPR_EXP":294.08,"PETREF_VA":964.0,"PETREF_EXP":3278.27,"QUIMYP_VA":330.23,"QUIMYP_EXP":1051.75,"FARMED_VA":271.87,"FARMED_EXP":387.67,"HUPLAS_VA":271.94,"HUPLAS_EXP":677.51,"PRNOMT_VA":425.99,"PRNOMT_EXP":501.39,"METBAS_VA":391.96,"METBAS_EXP":1600.02,"NONFER_VA":309.14,"NONFER_EXP":1931.88,"PRMETA_VA":543.93,"PRMETA_EXP":591.45,"ELCTRO_VA":69.0,"ELCTRO_EXP":216.88,"ELCTRI_VA":379.94,"ELCTRI_EXP":889.09,"MAQYEQ_VA":547.71,"MAQYEQ_EXP":1301.83,"AUTOMO_VA":209.05,"AUTOMO_EXP":601.3,"OTRTRA_VA":28.4,"OTRTRA_EXP":23.47,"TRANSP_VA":46.77,"TRANSP_EXP":144.75,"OTRMAN_VA":727.35,"OTRMAN_EXP":515.33,"ELEGAS_VA":2379.05,"ELEGAS_EXP":498.18,"AGUBAS_VA":527.46,"AGUBAS_EXP":15.47,"CONSTR_VA":2500.59,"CONSTR_EXP":166.82,"COMREV_VA":6650.99,"COMREV_EXP":3481.79,"TRATIE_VA":2148.62,"TRATIE_EXP":1296.1,"TRAGUA_VA":53.2,"TRAGUA_EXP":61.24,"TRAAIR_VA":108.14,"TRAAIR_EXP":356.46,"ALMSTR_VA":825.73,"ALMSTR_EXP":504.46,"POSTME_VA":190.91,"POSTME_EXP":24.03,"HOTYRE_VA":1216.8,"HOTYRE_EXP":1448.03,"MMTVRA_VA":349.28,"MMTVRA_EXP":160.94,"TELECO_VA":1210.74,"TELECO_EXP":337.71,"ITSERV_VA":1194.56,"ITSERV_EXP":549.19,"SERFIN_VA":3205.92,"SERFIN_EXP":346.93,"GOBEST_VA":5484.32,"GOBEST_EXP":243.85,"SPRSCT_VA":1823.56,"SPRSCT_EXP":877.29,"SEAEMP_VA":932.61,"SEAEMP_EXP":305.32,"ADPDEF_VA":3287.11,"ADPDEF_EXP":36.71,"EDUCAC_VA":1623.82,"EDUCAC_EXP":120.84,"SALUDH_VA":1927.28,"SALUDH_EXP":86.85,"ESPARC_VA":716.06,"ESPARC_EXP":243.53,"OTRSER_VA":551.46,"OTRSER_EXP":69.74,"SERHOG_VA":70.45,"SERHOG_EXP":0.0}},{"type":"Feature","geometry":{"type":"Point","coordinates":[27.95,53.71]},"properties":{"id":"BLR","name":"Bielorrusia","continent":"europe","year":2013,"AGRPFO_VA":6520.76,"AGRPFO_EXP":1062.45,"FORLOG_VA":402.68,"FORLOG_EXP":174.14,"PESCAC_VA":115.2,"PESCAC_EXP":7.62,"MINCOL_VA":11.65,"MINCOL_EXP":0.72,"PETGAS_VA":536.95,"PETGAS_EXP":196.3,"MINORE_VA":11.31,"MINORE_EXP":5.52,"MINOTH_VA":223.74,"MINOTH_EXP":213.05,"MINSER_VA":141.18,"MINSER_EXP":15.36,"ALYBEB_VA":4923.53,"ALYBEB_EXP":7381.32,"TEXYPR_VA":2067.62,"TEXYPR_EXP":759.31,"MADYPR_VA":497.16,"MADYPR_EXP":855.8,"PAPYPR_VA":1015.34,"PAPYPR_EXP":331.22,"PETREF_VA":3558.1,"PETREF_EXP":2059.03,"QUIMYP_VA":1725.55,"QUIMYP_EXP":4922.36,"FARMED_VA":455.59,"FARMED_EXP":263.63,"HUPLAS_VA":736.84,"HUPLAS_EXP":1897.65,"PRNOMT_VA":1260.81,"PRNOMT_EXP":1193.57,"METBAS_VA":754.53,"METBAS_EXP":541.16,"NONFER_VA":440.24,"NONFER_EXP":328.51,"PRMETA_VA":857.63,"PRMETA_EXP":1312.99,"ELCTRO_VA":565.17,"ELCTRO_EXP":841.35,"ELCTRI_VA":511.51,"ELCTRI_EXP":1611.13,"MAQYEQ_VA":1642.19,"MAQYEQ_EXP":3893.4,"AUTOMO_VA":1325.09,"AUTOMO_EXP":1074.25,"OTRTRA_VA":136.95,"OTRTRA_EXP":3.52,"TRANSP_VA":135.53,"TRANSP_EXP":193.29,"OTRMAN_VA":1126.28,"OTRMAN_EXP":1158.22,"ELEGAS_VA":2140.27,"ELEGAS_EXP":60.44,"AGUBAS_VA":600.33,"AGUBAS_EXP":16.04,"CONSTR_VA":5641.2,"CONSTR_EXP":94.7,"COMREV_VA":6871.59,"COMREV_EXP":2606.61,"TRATIE_VA":2239.76,"TRATIE_EXP":622.76,"TRAGUA_VA":465.73,"TRAGUA_EXP":1097.7,"TRAAIR_VA":402.75,"TRAAIR_EXP":1460.52,"ALMSTR_VA":616.08,"ALMSTR_EXP":484.31,"POSTME_VA":111.78,"POSTME_EXP":3.93,"HOTYRE_VA":1764.51,"HOTYRE_EXP":194.66,"MMTVRA_VA":446.54,"MMTVRA_EXP":253.75,"TELECO_VA":1076.73,"TELECO_EXP":705.28,"ITSERV_VA":505.87,"ITSERV_EXP":380.75,"SERFIN_VA":2626.7,"SERFIN_EXP":397.76,"GOBEST_VA":2908.02,"GOBEST_EXP":229.97,"SPRSCT_VA":1705.16,"SPRSCT_EXP":1347.81,"SEAEMP_VA":1261.67,"SEAEMP_EXP":392.19,"ADPDEF_VA":3388.75,"ADPDEF_EXP":10.61,"EDUCAC_VA":2426.84,"EDUCAC_EXP":17.24,"SALUDH_VA":2754.47,"SALUDH_EXP":11.66,"ESPARC_VA":407.29,"ESPARC_EXP":60.32,"OTRSER_VA":761.42,"OTRSER_EXP":20.27,"SERHOG_VA":0.0,"SERHOG_EXP":0.0}},{"type":"Feature","geometry":{"type":"Point","coordinates":[-51.93,-14.24]},"properties":{"id":"BRA","name":"Brasil","continent":"america","year":2013,"AGRPFO_VA":101186.06,"AGRPFO_EXP":29060.05,"FORLOG_VA":9541.56,"FORLOG_EXP":495.11,"PESCAC_VA":4074.71,"PESCAC_EXP":93.66,"MINCOL_VA":4224.54,"MINCOL_EXP":4.08,"PETGAS_VA":56275.49,"PETGAS_EXP":12613.02,"MINORE_VA":25361.36,"MINORE_EXP":33157.1,"MINOTH_VA":2786.19,"MINOTH_EXP":486.58,"MINSER_VA":5230.61,"MINSER_EXP":272.01,"ALYBEB_VA":51738.29,"ALYBEB_EXP":34254.36,"TEXYPR_VA":25530.67,"TEXYPR_EXP":3743.93,"MADYPR_VA":4832.75,"MADYPR_EXP":1507.22,"PAPYPR_VA":13603.95,"PAPYPR_EXP":5724.87,"PETREF_VA":-8718.59,"PETREF_EXP":5231.89,"QUIMYP_VA":18599.1,"QUIMYP_EXP":8620.89,"FARMED_VA":10490.1,"FARMED_EXP":1125.37,"HUPLAS_VA":13636.65,"HUPLAS_EXP":2599.82,"PRNOMT_VA":14494.26,"PRNOMT_EXP":1719.11,"METBAS_VA":12265.88,"METBAS_EXP":7969.21,"NONFER_VA":4844.86,"NONFER_EXP":7557.5,"PRMETA_VA":16657.25,"PRMETA_EXP":2024.16,"ELCTRO_VA":9275.13,"ELCTRO_EXP":1419.58,"ELCTRI_VA":9623.39,"ELCTRI_EXP":2844.42,"MAQYEQ_VA":19113.98,"MAQYEQ_EXP":6741.91,"AUTOMO_VA":32630.52,"AUTOMO_EXP":14292.91,"OTRTRA_VA":2534.61,"OTRTRA_EXP":1949.15,"TRANSP_VA":2939.72,"TRANSP_EXP":7534.15,"OTRMAN_VA":25361.38,"OTRMAN_EXP":2307.87,"ELEGAS_VA":25499.27,"ELEGAS_EXP":21.15,"AGUBAS_VA":15460.66,"AGUBAS_EXP":1.04,"CONSTR_VA":137958.53,"CONSTR_EXP":21.36,"COMREV_VA":382211.32,"COMREV_EXP":45432.06,"TRATIE_VA":64183.99,"TRATIE_EXP":4607.57,"TRAGUA_VA":2790.86,"TRAGUA_EXP":1254.34,"TRAAIR_VA":3869.8,"TRAAIR_EXP":2396.41,"ALMSTR_VA":26517.16,"ALMSTR_EXP":3697.66,"POSTME_VA":5501.39,"POSTME_EXP":7.17,"HOTYRE_VA":51018.75,"HOTYRE_EXP":1454.91,"MMTVRA_VA":12298.52,"MMTVRA_EXP":488.81,"TELECO_VA":28655.65,"TELECO_EXP":367.6,"ITSERV_VA":30442.73,"ITSERV_EXP":423.46,"SERFIN_VA":127385.67,"SERFIN_EXP":6039.87,"GOBEST_VA":182300.62,"GOBEST_EXP":116.8,"SPRSCT_VA":86261.19,"SPRSCT_EXP":12679.15,"SEAEMP_VA":87976.07,"SEAEMP_EXP":4610.28,"ADPDEF_VA":197428.83,"ADPDEF_EXP":1731.53,"EDUCAC_VA":114195.28,"EDUCAC_EXP":763.29,"SALUDH_VA":78636.04,"SALUDH_EXP":72.18,"ESPARC_VA":17997.92,"ESPARC_EXP":643.19,"OTRSER_VA":39414.26,"OTRSER_EXP":101.99,"SERHOG_VA":23256.34,"SERHOG_EXP":0.0}},{"type":"Feature","geometry":{"type":"Point","coordinates":[114.73,4.54]},"properties":{"id":"BRN","name":"Brunéi","continent":"asia","year":2013,"AGRPFO_VA":52.25,"AGRPFO_EXP":1.45,"FORLOG_VA":14.01,"FORLOG_EXP":0.06,"PESCAC_VA":49.98,"PESCAC_EXP":0.33,"MINCOL_VA":1078.76,"MINCOL_EXP":0.0,"PETGAS_VA":5468.28,"PETGAS_EXP":7280.0,"MINORE_VA":1295.89,"MINORE_EXP":0.06,"MINOTH_VA":938.21,"MINOTH_EXP":2.35,"MINSER_VA":784.38,"MINSER_EXP":115.22,"ALYBEB_VA":24.25,"ALYBEB_EXP":7.29,"TEXYPR_VA":31.8,"TEXYPR_EXP":30.45,"MADYPR_VA":3.2,"MADYPR_EXP":0.72,"PAPYPR_VA":11.33,"PAPYPR_EXP":0.61,"PETREF_VA":2214.4,"PETREF_EXP":3852.69,"QUIMYP_VA":18.2,"QUIMYP_EXP":37.65,"FARMED_VA":13.62,"FARMED_EXP":0.34,"HUPLAS_VA":15.43,"HUPLAS_EXP":0.35,"PRNOMT_VA":30.87,"PRNOMT_EXP":2.08,"METBAS_VA":3.79,"METBAS_EXP":9.05,"NONFER_VA":3.05,"NONFER_EXP":7.52,"PRMETA_VA":15.78,"PRMETA_EXP":1.12,"ELCTRO_VA":5.15,"ELCTRO_EXP":0.87,"ELCTRI_VA":9.09,"ELCTRI_EXP":0.6,"MAQYEQ_VA":12.86,"MAQYEQ_EXP":0.67,"AUTOMO_VA":0.0,"AUTOMO_EXP":0.0,"OTRTRA_VA":9.91,"OTRTRA_EXP":0.11,"TRANSP_VA":10.34,"TRANSP_EXP":0.11,"OTRMAN_VA":8.53,"OTRMAN_EXP":1.15,"ELEGAS_VA":95.27,"ELEGAS_EXP":0.51,"AGUBAS_VA":42.99,"AGUBAS_EXP":1.36,"CONSTR_VA":410.17,"CONSTR_EXP":0.38,"COMREV_VA":845.69,"COMREV_EXP":196.3,"TRATIE_VA":159.6,"TRATIE_EXP":20.19,"TRAGUA_VA":156.78,"TRAGUA_EXP":55.78,"TRAAIR_VA":47.73,"TRAAIR_EXP":60.57,"ALMSTR_VA":87.27,"ALMSTR_EXP":39.45,"POSTME_VA":8.3,"POSTME_EXP":9.02,"HOTYRE_VA":176.12,"HOTYRE_EXP":37.89,"MMTVRA_VA":16.83,"MMTVRA_EXP":1.9,"TELECO_VA":255.0,"TELECO_EXP":22.18,"ITSERV_VA":49.72,"ITSERV_EXP":7.09,"SERFIN_VA":807.98,"SERFIN_EXP":48.01,"GOBEST_VA":390.14,"GOBEST_EXP":14.13,"SPRSCT_VA":318.53,"SPRSCT_EXP":104.5,"SEAEMP_VA":128.61,"SEAEMP_EXP":45.88,"ADPDEF_VA":1634.53,"ADPDEF_EXP":0.01,"EDUCAC_VA":419.66,"EDUCAC_EXP":2.44,"SALUDH_VA":210.63,"SALUDH_EXP":1.56,"ESPARC_VA":27.45,"ESPARC_EXP":1.9,"OTRSER_VA":34.84,"OTRSER_EXP":2.28,"SERHOG_VA":25.66,"SERHOG_EXP":0.0}},{"type":"Feature","geometry":{"type":"Point","coordinates":[-106.35,56.13]},"properties":{"id":"CAN","name":"Canadá","continent":"america","year":2013,"AGRPFO_VA":28213.94,"AGRPFO_EXP":17077.6,"FORLOG_VA":5896.81,"FORLOG_EXP":820.07,"PESCAC_VA":1307.72,"PESCAC_EXP":690.55,"MINCOL_VA":2791.73,"MINCOL_EXP":3704.87,"PETGAS_VA":86721.26,"PETGAS_EXP":89308.84,"MINORE_VA":14523.81,"MINORE_EXP":14639.67,"MINOTH_VA":8039.8,"MINOTH_EXP":3243.51,"MINSER_VA":19898.04,"MINSER_EXP":661.89,"ALYBEB_VA":27857.85,"ALYBEB_EXP":18320.04,"TEXYPR_VA":2767.54,"TEXYPR_EXP":2588.14,"MADYPR_VA":8508.6,"MADYPR_EXP":7850.02,"PAPYPR_VA":11643.74,"PAPYPR_EXP":13444.86,"PETREF_VA":10481.56,"PETREF_EXP":18243.92,"QUIMYP_VA":13833.82,"QUIMYP_EXP":17492.75,"FARMED_VA":3882.91,"FARMED_EXP":4668.75,"HUPLAS_VA":8980.42,"HUPLAS_EXP":8892.84,"PRNOMT_VA":7303.92,"PRNOMT_EXP":1788.44,"METBAS_VA":3969.52,"METBAS_EXP":5425.92,"NONFER_VA":5514.65,"NONFER_EXP":27990.57,"PRMETA_VA":15053.49,"PRMETA_EXP":7898.07,"ELCTRO_VA":5975.81,"ELCTRO_EXP":9771.13,"ELCTRI_VA":3840.81,"ELCTRI_EXP":4459.56,"MAQYEQ_VA":14914.04,"MAQYEQ_EXP":17870.48,"AUTOMO_VA":17235.95,"AUTOMO_EXP":43743.0,"OTRTRA_VA":606.82,"OTRTRA_EXP":327.81,"TRANSP_VA":10248.22,"TRANSP_EXP":12033.71,"OTRMAN_VA":14956.54,"OTRMAN_EXP":6928.92,"ELEGAS_VA":35978.23,"ELEGAS_EXP":3184.95,"AGUBAS_VA":8974.94,"AGUBAS_EXP":272.0,"CONSTR_VA":141019.2,"CONSTR_EXP":0.02,"COMREV_VA":191994.56,"COMREV_EXP":56574.41,"TRATIE_VA":43604.44,"TRATIE_EXP":14452.67,"TRAGUA_VA":1629.93,"TRAGUA_EXP":1667.56,"TRAAIR_VA":6419.12,"TRAAIR_EXP":8844.28,"ALMSTR_VA":16102.47,"ALMSTR_EXP":3538.84,"POSTME_VA":7350.85,"POSTME_EXP":1198.47,"HOTYRE_VA":37292.46,"HOTYRE_EXP":6192.73,"MMTVRA_VA":17897.0,"MMTVRA_EXP":3190.74,"TELECO_VA":31349.32,"TELECO_EXP":2235.68,"ITSERV_VA":27465.38,"ITSERV_EXP":5995.34,"SERFIN_VA":120075.93,"SERFIN_EXP":10960.26,"GOBEST_VA":199889.9,"GOBEST_EXP":1152.35,"SPRSCT_VA":75186.02,"SPRSCT_EXP":12750.26,"SEAEMP_VA":56572.58,"SEAEMP_EXP":11923.45,"ADPDEF_VA":124876.31,"ADPDEF_EXP":3431.74,"EDUCAC_VA":94140.61,"EDUCAC_EXP":4820.93,"SALUDH_VA":123574.47,"SALUDH_EXP":707.88,"ESPARC_VA":12708.83,"ESPARC_EXP":2184.21,"OTRSER_VA":23602.14,"OTRSER_EXP":884.01,"SERHOG_VA":3007.95,"SERHOG_EXP":0.0}},{"type":"Feature","geometry":{"type":"Point","coordinates":[8.23,46.82]},"properties":{"id":"CHE","name":"Suiza","continent":"europe","year":2013,"AGRPFO_VA":4092.21,"AGRPFO_EXP":332.53,"FORLOG_VA":415.39,"FORLOG_EXP":122.3,"PESCAC_VA":34.06,"PESCAC_EXP":28.35,"MINCOL_VA":0.0,"MINCOL_EXP":0.0,"PETGAS_VA":4.7,"PETGAS_EXP":5.39,"MINORE_VA":23.53,"MINORE_EXP":7.58,"MINOTH_VA":921.6,"MINOTH_EXP":20.13,"MINSER_VA":13.96,"MINSER_EXP":1.01,"ALYBEB_VA":11137.3,"ALYBEB_EXP":11044.96,"TEXYPR_VA":1265.71,"TEXYPR_EXP":2138.11,"MADYPR_VA":3863.72,"MADYPR_EXP":1117.12,"PAPYPR_VA":3484.21,"PAPYPR_EXP":2230.55,"PETREF_VA":257.73,"PETREF_EXP":884.84,"QUIMYP_VA":8512.59,"QUIMYP_EXP":7599.78,"FARMED_VA":25359.84,"FARMED_EXP":39498.82,"HUPLAS_VA":3615.98,"HUPLAS_EXP":6069.67,"PRNOMT_VA":3458.85,"PRNOMT_EXP":1701.45,"METBAS_VA":898.22,"METBAS_EXP":1676.91,"NONFER_VA":837.69,"NONFER_EXP":2346.34,"PRMETA_VA":10739.51,"PRMETA_EXP":5920.63,"ELCTRO_VA":26772.49,"ELCTRO_EXP":35818.32,"ELCTRI_VA":6522.79,"ELCTRI_EXP":13342.21,"MAQYEQ_VA":12708.79,"MAQYEQ_EXP":23171.28,"AUTOMO_VA":882.0,"AUTOMO_EXP":1307.29,"OTRTRA_VA":67.32,"OTRTRA_EXP":16.73,"TRANSP_VA":2081.1,"TRANSP_EXP":3623.78,"OTRMAN_VA":6502.69,"OTRMAN_EXP":7175.06,"ELEGAS_VA":9387.59,"ELEGAS_EXP":3252.57,"AGUBAS_VA":2529.11,"AGUBAS_EXP":23.11,"CONSTR_VA":36123.38,"CONSTR_EXP":393.84,"COMREV_VA":111493.27,"COMREV_EXP":56500.8,"TRATIE_VA":15054.45,"TRATIE_EXP":4573.97,"TRAGUA_VA":1335.58,"TRAGUA_EXP":9848.53,"TRAAIR_VA":2369.84,"TRAAIR_EXP":3001.51,"ALMSTR_VA":5568.5,"ALMSTR_EXP":5502.9,"POSTME_VA":4052.66,"POSTME_EXP":2531.73,"HOTYRE_VA":13880.68,"HOTYRE_EXP":6135.28,"MMTVRA_VA":3638.59,"MMTVRA_EXP":5836.01,"TELECO_VA":9291.59,"TELECO_EXP":1378.33,"ITSERV_VA":17878.73,"ITSERV_EXP":10041.23,"SERFIN_VA":75292.33,"SERFIN_EXP":46212.84,"GOBEST_VA":47551.79,"GOBEST_EXP":1222.17,"SPRSCT_VA":50026.09,"SPRSCT_EXP":14543.77,"SEAEMP_VA":21258.42,"SEAEMP_EXP":10754.78,"ADPDEF_VA":57343.38,"ADPDEF_EXP":1408.44,"EDUCAC_VA":4303.83,"EDUCAC_EXP":445.09,"SALUDH_VA":50962.03,"SALUDH_EXP":431.83,"ESPARC_VA":4506.99,"ESPARC_EXP":3069.57,"OTRSER_VA":9529.55,"OTRSER_EXP":322.88,"SERHOG_VA":2173.59,"SERHOG_EXP":0.0}},{"type":"Feature","geometry":{"type":"Point","coordinates":[-71.54,-35.68]},"properties":{"id":"CHL","name":"Chile","continent":"america","year":2013,"AGRPFO_VA":6681.69,"AGRPFO_EXP":4284.58,"FORLOG_VA":1529.38,"FORLOG_EXP":216.96,"PESCAC_VA":1345.9,"PESCAC_EXP":111.59,"MINCOL_VA":40.64,"MINCOL_EXP":31.65,"PETGAS_VA":258.07,"PETGAS_EXP":8.18,"MINORE_VA":28742.01,"MINORE_EXP":40000.87,"MINOTH_VA":1048.3,"MINOTH_EXP":277.64,"MINSER_VA":727.93,"MINSER_EXP":80.35,"ALYBEB_VA":10436.4,"ALYBEB_EXP":8395.75,"TEXYPR_VA":799.71,"TEXYPR_EXP":841.01,"MADYPR_VA":1157.15,"MADYPR_EXP":3306.39,"PAPYPR_VA":2475.17,"PAPYPR_EXP":599.53,"PETREF_VA":2391.16,"PETREF_EXP":741.02,"QUIMYP_VA":2631.23,"QUIMYP_EXP":2866.05,"FARMED_VA":720.78,"FARMED_EXP":202.61,"HUPLAS_VA":1139.35,"HUPLAS_EXP":814.3,"PRNOMT_VA":1206.86,"PRNOMT_EXP":89.81,"METBAS_VA":138.09,"METBAS_EXP":243.25,"NONFER_VA":483.93,"NONFER_EXP":1204.12,"PRMETA_VA":2106.91,"PRMETA_EXP":523.71,"ELCTRO_VA":4890.14,"ELCTRO_EXP":290.52,"ELCTRI_VA":826.06,"ELCTRI_EXP":516.3,"MAQYEQ_VA":947.45,"MAQYEQ_EXP":796.75,"AUTOMO_VA":0.0,"AUTOMO_EXP":0.0,"OTRTRA_VA":179.87,"OTRTRA_EXP":155.7,"TRANSP_VA":342.85,"TRANSP_EXP":269.06,"OTRMAN_VA":1498.07,"OTRMAN_EXP":509.45,"ELEGAS_VA":5287.87,"ELEGAS_EXP":43.8,"AGUBAS_VA":1739.23,"AGUBAS_EXP":0.45,"CONSTR_VA":18261.37,"CONSTR_EXP":3.35,"COMREV_VA":24909.83,"COMREV_EXP":7722.22,"TRATIE_VA":7605.44,"TRATIE_EXP":1711.4,"TRAGUA_VA":411.33,"TRAGUA_EXP":1320.06,"TRAAIR_VA":2010.17,"TRAAIR_EXP":2722.66,"ALMSTR_VA":3911.0,"ALMSTR_EXP":1151.68,"POSTME_VA":290.93,"POSTME_EXP":138.69,"HOTYRE_VA":5154.34,"HOTYRE_EXP":855.45,"MMTVRA_VA":909.56,"MMTVRA_EXP":96.59,"TELECO_VA":4512.5,"TELECO_EXP":210.08,"ITSERV_VA":3149.91,"ITSERV_EXP":240.76,"SERFIN_VA":13650.34,"SERFIN_EXP":724.52,"GOBEST_VA":21168.49,"GOBEST_EXP":179.97,"SPRSCT_VA":18903.24,"SPRSCT_EXP":909.48,"SEAEMP_VA":10571.32,"SEAEMP_EXP":1101.23,"ADPDEF_VA":12279.7,"ADPDEF_EXP":178.14,"EDUCAC_VA":12892.9,"EDUCAC_EXP":68.16,"SALUDH_VA":10682.92,"SALUDH_EXP":39.6,"ESPARC_VA":1402.47,"ESPARC_EXP":137.91,"OTRSER_VA":3597.13,"OTRSER_EXP":85.81,"SERHOG_VA":0.0,"SERHOG_EXP":0.0}},{"type":"Feature","geometry":{"type":"Point","coordinates":[104.2,35.86]},"properties":{"id":"CHN","name":"China","continent":"asia","year":2013,"AGRPFO_VA":676345.27,"AGRPFO_EXP":11742.8,"FORLOG_VA":50706.0,"FORLOG_EXP":53.97,"PESCAC_VA":83529.59,"PESCAC_EXP":1025.1,"MINCOL_VA":135951.42,"MINCOL_EXP":781.63,"PETGAS_VA":139854.5,"PETGAS_EXP":1919.66,"MINORE_VA":59589.22,"MINORE_EXP":2263.04,"MINOTH_VA":45976.46,"MINOTH_EXP":2562.76,"MINSER_VA":9385.54,"MINSER_EXP":454.15,"ALYBEB_VA":350519.72,"ALYBEB_EXP":40372.74,"TEXYPR_VA":278865.42,"TEXYPR_EXP":282222.68,"MADYPR_VA":47118.77,"MADYPR_EXP":11174.04,"PAPYPR_VA":87888.55,"PAPYPR_EXP":14005.77,"PETREF_VA":110445.5,"PETREF_EXP":19913.08,"QUIMYP_VA":219738.72,"QUIMYP_EXP":85500.23,"FARMED_VA":77772.58,"FARMED_EXP":9414.27,"HUPLAS_VA":99165.0,"HUPLAS_EXP":55817.19,"PRNOMT_VA":202443.96,"PRNOMT_EXP":36325.16,"METBAS_VA":169457.1,"METBAS_EXP":46609.76,"NONFER_VA":84704.96,"NONFER_EXP":18299.45,"PRMETA_VA":115105.15,"PRMETA_EXP":66081.74,"ELCTRO_VA":264659.19,"ELCTRO_EXP":420542.05,"ELCTRI_VA":171729.76,"ELCTRI_EXP":145539.94,"MAQYEQ_VA":255888.23,"MAQYEQ_EXP":141165.95,"AUTOMO_VA":211020.92,"AUTOMO_EXP":40629.41,"OTRTRA_VA":16498.45,"OTRTRA_EXP":23475.84,"TRANSP_VA":25385.91,"TRANSP_EXP":18804.77,"OTRMAN_VA":61799.28,"OTRMAN_EXP":126434.11,"ELEGAS_VA":216429.66,"ELEGAS_EXP":1246.46,"AGUBAS_VA":48439.71,"AGUBAS_EXP":0.06,"CONSTR_VA":662646.22,"CONSTR_EXP":0.11,"COMREV_VA":850593.29,"COMREV_EXP":133017.42,"TRATIE_VA":286265.8,"TRATIE_EXP":23237.64,"TRAGUA_VA":50005.81,"TRAGUA_EXP":31561.15,"TRAAIR_VA":22562.55,"TRAAIR_EXP":18176.71,"ALMSTR_VA":47821.8,"ALMSTR_EXP":5979.42,"POSTME_VA":21871.88,"POSTME_EXP":63.72,"HOTYRE_VA":164027.49,"HOTYRE_EXP":8915.97,"MMTVRA_VA":24380.03,"MMTVRA_EXP":6408.9,"TELECO_VA":101995.73,"TELECO_EXP":13053.74,"ITSERV_VA":86082.14,"ITSERV_EXP":7769.49,"SERFIN_VA":611470.71,"SERFIN_EXP":10940.85,"GOBEST_VA":522286.38,"GOBEST_EXP":5135.93,"SPRSCT_VA":181341.99,"SPRSCT_EXP":42741.29,"SEAEMP_VA":199440.98,"SEAEMP_EXP":24723.19,"ADPDEF_VA":329763.07,"ADPDEF_EXP":0.14,"EDUCAC_VA":284177.25,"EDUCAC_EXP":693.2,"SALUDH_VA":173385.37,"SALUDH_EXP":726.56,"ESPARC_VA":55088.05,"ESPARC_EXP":2605.79,"OTRSER_VA":132302.47,"OTRSER_EXP":933.5,"SERHOG_VA":0.0,"SERHOG_EXP":0.0}},{"type":"Feature","geometry":{"type":"Point","coordinates":[-5.55,7.54]},"properties":{"id":"CIV","name":"Costa de Marfil","continent":"other","year":2013,"AGRPFO_VA":9199.33,"AGRPFO_EXP":4070.56,"FORLOG_VA":268.92,"FORLOG_EXP":5.76,"PESCAC_VA":105.26,"PESCAC_EXP":3.64,"MINCOL_VA":2.37,"MINCOL_EXP":6.22,"PETGAS_VA":25.46,"PETGAS_EXP":57.06,"MINORE_VA":79.19,"MINORE_EXP":35.61,"MINOTH_VA":7.9,"MINOTH_EXP":12.98,"MINSER_VA":6.11,"MINSER_EXP":6.73,"ALYBEB_VA":2059.41,"ALYBEB_EXP":2576.3,"TEXYPR_VA":1104.02,"TEXYPR_EXP":205.11,"MADYPR_VA":508.21,"MADYPR_EXP":257.96,"PAPYPR_VA":230.42,"PAPYPR_EXP":5.59,"PETREF_VA":775.75,"PETREF_EXP":515.95,"QUIMYP_VA":211.47,"QUIMYP_EXP":155.07,"FARMED_VA":147.39,"FARMED_EXP":3.84,"HUPLAS_VA":252.74,"HUPLAS_EXP":127.26,"PRNOMT_VA":347.74,"PRNOMT_EXP":39.13,"METBAS_VA":29.56,"METBAS_EXP":4.99,"NONFER_VA":29.16,"NONFER_EXP":63.94,"PRMETA_VA":253.11,"PRMETA_EXP":4.46,"ELCTRO_VA":0.0,"ELCTRO_EXP":0.0,"ELCTRI_VA":1.67,"ELCTRI_EXP":0.84,"MAQYEQ_VA":95.78,"MAQYEQ_EXP":48.32,"AUTOMO_VA":43.8,"AUTOMO_EXP":8.83,"OTRTRA_VA":4.73,"OTRTRA_EXP":0.84,"TRANSP_VA":8.06,"TRANSP_EXP":2.14,"OTRMAN_VA":469.5,"OTRMAN_EXP":52.06,"ELEGAS_VA":642.35,"ELEGAS_EXP":134.73,"AGUBAS_VA":117.6,"AGUBAS_EXP":0.21,"CONSTR_VA":797.27,"CONSTR_EXP":6.77,"COMREV_VA":4703.48,"COMREV_EXP":993.29,"TRATIE_VA":826.02,"TRATIE_EXP":175.61,"TRAGUA_VA":59.08,"TRAGUA_EXP":87.78,"TRAAIR_VA":142.21,"TRAAIR_EXP":96.76,"ALMSTR_VA":645.05,"ALMSTR_EXP":132.72,"POSTME_VA":115.68,"POSTME_EXP":22.21,"HOTYRE_VA":217.44,"HOTYRE_EXP":71.95,"MMTVRA_VA":250.49,"MMTVRA_EXP":28.25,"TELECO_VA":462.77,"TELECO_EXP":44.86,"ITSERV_VA":482.76,"ITSERV_EXP":141.13,"SERFIN_VA":1304.04,"SERFIN_EXP":95.51,"GOBEST_VA":2166.8,"GOBEST_EXP":14.16,"SPRSCT_VA":558.23,"SPRSCT_EXP":60.33,"SEAEMP_VA":1080.64,"SEAEMP_EXP":5.32,"ADPDEF_VA":3313.96,"ADPDEF_EXP":0.01,"EDUCAC_VA":1139.55,"EDUCAC_EXP":4.79,"SALUDH_VA":270.04,"SALUDH_EXP":2.78,"ESPARC_VA":62.11,"ESPARC_EXP":7.39,"OTRSER_VA":1104.66,"OTRSER_EXP":3.89,"SERHOG_VA":89.94,"SERHOG_EXP":0.0}},{"type":"Feature","geometry":{"type":"Point","coordinates":[12.35,7.37]},"properties":{"id":"CMR","name":"Camerún","continent":"other","year":2013,"AGRPFO_VA":3827.5,"AGRPFO_EXP":770.47,"FORLOG_VA":1311.85,"FORLOG_EXP":274.73,"PESCAC_VA":508.61,"PESCAC_EXP":3.14,"MINCOL_VA":249.24,"MINCOL_EXP":10.47,"PETGAS_VA":1449.82,"PETGAS_EXP":1959.23,"MINORE_VA":30.54,"MINORE_EXP":0.36,"MINOTH_VA":145.96,"MINOTH_EXP":1.29,"MINSER_VA":149.5,"MINSER_EXP":124.6,"ALYBEB_VA":2594.17,"ALYBEB_EXP":286.17,"TEXYPR_VA":1108.23,"TEXYPR_EXP":220.91,"MADYPR_VA":546.31,"MADYPR_EXP":437.73,"PAPYPR_VA":80.68,"PAPYPR_EXP":20.94,"PETREF_VA":352.21,"PETREF_EXP":412.36,"QUIMYP_VA":128.65,"QUIMYP_EXP":302.18,"FARMED_VA":38.92,"FARMED_EXP":1.74,"HUPLAS_VA":52.47,"HUPLAS_EXP":13.08,"PRNOMT_VA":168.0,"PRNOMT_EXP":72.25,"METBAS_VA":13.74,"METBAS_EXP":31.52,"NONFER_VA":42.04,"NONFER_EXP":118.79,"PRMETA_VA":16.12,"PRMETA_EXP":29.72,"ELCTRO_VA":4.91,"ELCTRO_EXP":3.55,"ELCTRI_VA":7.37,"ELCTRI_EXP":3.15,"MAQYEQ_VA":8.91,"MAQYEQ_EXP":14.23,"AUTOMO_VA":5.98,"AUTOMO_EXP":7.21,"OTRTRA_VA":1.2,"OTRTRA_EXP":1.93,"TRANSP_VA":1.86,"TRANSP_EXP":3.52,"OTRMAN_VA":222.02,"OTRMAN_EXP":26.08,"ELEGAS_VA":310.11,"ELEGAS_EXP":0.07,"AGUBAS_VA":220.44,"AGUBAS_EXP":0.4,"CONSTR_VA":1843.36,"CONSTR_EXP":2.11,"COMREV_VA":3341.18,"COMREV_EXP":597.86,"TRATIE_VA":1654.47,"TRATIE_EXP":319.07,"TRAGUA_VA":201.71,"TRAGUA_EXP":92.75,"TRAAIR_VA":241.37,"TRAAIR_EXP":147.17,"ALMSTR_VA":934.27,"ALMSTR_EXP":236.25,"POSTME_VA":291.25,"POSTME_EXP":48.31,"HOTYRE_VA":1732.23,"HOTYRE_EXP":57.04,"MMTVRA_VA":174.06,"MMTVRA_EXP":41.2,"TELECO_VA":299.91,"TELECO_EXP":20.39,"ITSERV_VA":316.24,"ITSERV_EXP":68.83,"SERFIN_VA":618.23,"SERFIN_EXP":172.76,"GOBEST_VA":1441.2,"GOBEST_EXP":14.99,"SPRSCT_VA":1045.28,"SPRSCT_EXP":171.59,"SEAEMP_VA":434.07,"SEAEMP_EXP":416.99,"ADPDEF_VA":1832.41,"ADPDEF_EXP":0.16,"EDUCAC_VA":1113.83,"EDUCAC_EXP":3.76,"SALUDH_VA":383.72,"SALUDH_EXP":2.37,"ESPARC_VA":291.94,"ESPARC_EXP":114.63,"OTRSER_VA":542.91,"OTRSER_EXP":3.41,"SERHOG_VA":23.84,"SERHOG_EXP":0.0}},{"type":"Feature","geometry":{"type":"Point","coordinates":[21.76,-4.04]},"properties":{"id":"COD","name":"R.D. Congo","continent":"other","year":2013,"AGRPFO_VA":3758.99,"AGRPFO_EXP":226.77,"FORLOG_VA":335.8,"FORLOG_EXP":347.09,"PESCAC_VA":296.12,"PESCAC_EXP":1.0,"MINCOL_VA":9.68,"MINCOL_EXP":1.15,"PETGAS_VA":537.61,"PETGAS_EXP":339.01,"MINORE_VA":5550.55,"MINORE_EXP":6218.4,"MINOTH_VA":36.18,"MINOTH_EXP":36.9,"MINSER_VA":136.12,"MINSER_EXP":3.92,"ALYBEB_VA":3973.35,"ALYBEB_EXP":232.5,"TEXYPR_VA":360.71,"TEXYPR_EXP":9.18,"MADYPR_VA":18.75,"MADYPR_EXP":24.65,"PAPYPR_VA":73.1,"PAPYPR_EXP":1.9,"PETREF_VA":18.76,"PETREF_EXP":51.21,"QUIMYP_VA":12.99,"QUIMYP_EXP":18.47,"FARMED_VA":1.46,"FARMED_EXP":0.3,"HUPLAS_VA":74.87,"HUPLAS_EXP":15.7,"PRNOMT_VA":68.98,"PRNOMT_EXP":22.03,"METBAS_VA":139.68,"METBAS_EXP":318.58,"NONFER_VA":913.96,"NONFER_EXP":1961.24,"PRMETA_VA":46.55,"PRMETA_EXP":14.52,"ELCTRO_VA":0.43,"ELCTRO_EXP":0.42,"ELCTRI_VA":122.71,"ELCTRI_EXP":13.0,"MAQYEQ_VA":1.66,"MAQYEQ_EXP":0.56,"AUTOMO_VA":264.28,"AUTOMO_EXP":11.95,"OTRTRA_VA":14.11,"OTRTRA_EXP":16.23,"TRANSP_VA":0.47,"TRANSP_EXP":0.22,"OTRMAN_VA":113.23,"OTRMAN_EXP":11.33,"ELEGAS_VA":73.24,"ELEGAS_EXP":0.47,"AGUBAS_VA":67.47,"AGUBAS_EXP":0.45,"CONSTR_VA":1611.36,"CONSTR_EXP":1.61,"COMREV_VA":2160.74,"COMREV_EXP":489.51,"TRATIE_VA":2229.65,"TRATIE_EXP":923.6,"TRAGUA_VA":171.77,"TRAGUA_EXP":135.76,"TRAAIR_VA":65.29,"TRAAIR_EXP":30.82,"ALMSTR_VA":274.98,"ALMSTR_EXP":121.64,"POSTME_VA":11.44,"POSTME_EXP":4.84,"HOTYRE_VA":164.69,"HOTYRE_EXP":44.01,"MMTVRA_VA":217.68,"MMTVRA_EXP":4.19,"TELECO_VA":504.22,"TELECO_EXP":13.44,"ITSERV_VA":14.64,"ITSERV_EXP":10.93,"SERFIN_VA":522.81,"SERFIN_EXP":46.06,"GOBEST_VA":1244.89,"GOBEST_EXP":1.05,"SPRSCT_VA":464.79,"SPRSCT_EXP":21.17,"SEAEMP_VA":330.52,"SEAEMP_EXP":9.83,"ADPDEF_VA":2772.93,"ADPDEF_EXP":0.37,"EDUCAC_VA":243.07,"EDUCAC_EXP":2.6,"SALUDH_VA":781.82,"SALUDH_EXP":3.48,"ESPARC_VA":114.2,"ESPARC_EXP":5.2,"OTRSER_VA":212.12,"OTRSER_EXP":2.82,"SERHOG_VA":92.06,"SERHOG_EXP":0.0}},{"type":"Feature","geometry":{"type":"Point","coordinates":[-74.3,4.57]},"properties":{"id":"COL","name":"Colombia","continent":"america","year":2013,"AGRPFO_VA":18909.95,"AGRPFO_EXP":2497.61,"FORLOG_VA":788.96,"FORLOG_EXP":22.9,"PESCAC_VA":529.21,"PESCAC_EXP":16.37,"MINCOL_VA":4863.19,"MINCOL_EXP":4592.58,"PETGAS_VA":30517.95,"PETGAS_EXP":26073.49,"MINORE_VA":1789.95,"MINORE_EXP":1930.13,"MINOTH_VA":1010.1,"MINOTH_EXP":22.62,"MINSER_VA":102.02,"MINSER_EXP":30.14,"ALYBEB_VA":13864.89,"ALYBEB_EXP":3457.14,"TEXYPR_VA":5233.07,"TEXYPR_EXP":1126.72,"MADYPR_VA":546.53,"MADYPR_EXP":38.33,"PAPYPR_VA":2247.48,"PAPYPR_EXP":487.25,"PETREF_VA":3672.61,"PETREF_EXP":4988.0,"QUIMYP_VA":5421.01,"QUIMYP_EXP":2682.56,"FARMED_VA":1460.86,"FARMED_EXP":418.32,"HUPLAS_VA":1423.68,"HUPLAS_EXP":655.91,"PRNOMT_VA":5878.5,"PRNOMT_EXP":525.78,"METBAS_VA":1306.93,"METBAS_EXP":1613.72,"NONFER_VA":160.19,"NONFER_EXP":644.8,"PRMETA_VA":1454.34,"PRMETA_EXP":297.73,"ELCTRO_VA":953.24,"ELCTRO_EXP":135.03,"ELCTRI_VA":951.67,"ELCTRI_EXP":588.3,"MAQYEQ_VA":2434.3,"MAQYEQ_EXP":704.99,"AUTOMO_VA":1132.89,"AUTOMO_EXP":461.26,"OTRTRA_VA":3.19,"OTRTRA_EXP":6.55,"TRANSP_VA":326.06,"TRANSP_EXP":1.49,"OTRMAN_VA":2938.39,"OTRMAN_EXP":365.35,"ELEGAS_VA":7536.81,"ELEGAS_EXP":198.44,"AGUBAS_VA":3790.84,"AGUBAS_EXP":5.68,"CONSTR_VA":25451.18,"CONSTR_EXP":8.61,"COMREV_VA":28063.83,"COMREV_EXP":3647.17,"TRATIE_VA":13846.35,"TRATIE_EXP":1283.07,"TRAGUA_VA":97.17,"TRAGUA_EXP":77.76,"TRAAIR_VA":1744.94,"TRAAIR_EXP":1878.41,"ALMSTR_VA":2874.25,"ALMSTR_EXP":408.04,"POSTME_VA":449.47,"POSTME_EXP":70.18,"HOTYRE_VA":14800.15,"HOTYRE_EXP":788.6,"MMTVRA_VA":1461.1,"MMTVRA_EXP":132.58,"TELECO_VA":7387.29,"TELECO_EXP":240.35,"ITSERV_VA":2725.93,"ITSERV_EXP":112.81,"SERFIN_VA":16450.0,"SERFIN_EXP":209.72,"GOBEST_VA":28590.17,"GOBEST_EXP":133.78,"SPRSCT_VA":12105.01,"SPRSCT_EXP":626.82,"SEAEMP_VA":13140.64,"SEAEMP_EXP":672.91,"ADPDEF_VA":20481.53,"ADPDEF_EXP":110.11,"EDUCAC_VA":16057.93,"EDUCAC_EXP":43.74,"SALUDH_VA":16254.18,"SALUDH_EXP":29.73,"ESPARC_VA":8686.0,"ESPARC_EXP":238.87,"OTRSER_VA":6494.87,"OTRSER_EXP":40.93,"SERHOG_VA":2257.84,"SERHOG_EXP":0.0}},{"type":"Feature","geometry":{"type":"Point","coordinates":[-83.75,9.75]},"properties":{"id":"CRI","name":"Costa Rica","continent":"america","year":2013,"AGRPFO_VA":2158.83,"AGRPFO_EXP":1569.75,"FORLOG_VA":71.55,"FORLOG_EXP":9.82,"PESCAC_VA":28.2,"PESCAC_EXP":8.35,"MINCOL_VA":3.55,"MINCOL_EXP":0.37,"PETGAS_VA":0.75,"PETGAS_EXP":0.19,"MINORE_VA":0.21,"MINORE_EXP":0.06,"MINOTH_VA":165.04,"MINOTH_EXP":4.48,"MINSER_VA":0.2,"MINSER_EXP":0.03,"ALYBEB_VA":2353.23,"ALYBEB_EXP":1843.25,"TEXYPR_VA":211.4,"TEXYPR_EXP":132.61,"MADYPR_VA":80.17,"MADYPR_EXP":26.83,"PAPYPR_VA":348.93,"PAPYPR_EXP":176.79,"PETREF_VA":87.59,"PETREF_EXP":98.77,"QUIMYP_VA":341.49,"QUIMYP_EXP":320.12,"FARMED_VA":97.98,"FARMED_EXP":85.13,"HUPLAS_VA":280.03,"HUPLAS_EXP":462.93,"PRNOMT_VA":266.19,"PRNOMT_EXP":106.71,"METBAS_VA":69.4,"METBAS_EXP":123.32,"NONFER_VA":27.85,"NONFER_EXP":89.79,"PRMETA_VA":158.73,"PRMETA_EXP":90.75,"ELCTRO_VA":375.56,"ELCTRO_EXP":125.16,"ELCTRI_VA":255.09,"ELCTRI_EXP":453.35,"MAQYEQ_VA":11.1,"MAQYEQ_EXP":19.41,"AUTOMO_VA":27.86,"AUTOMO_EXP":4.82,"OTRTRA_VA":1.4,"OTRTRA_EXP":0.93,"TRANSP_VA":1.48,"TRANSP_EXP":0.23,"OTRMAN_VA":941.5,"OTRMAN_EXP":1075.81,"ELEGAS_VA":919.47,"ELEGAS_EXP":7.18,"AGUBAS_VA":452.53,"AGUBAS_EXP":0.28,"CONSTR_VA":2372.85,"CONSTR_EXP":1.49,"COMREV_VA":9584.12,"COMREV_EXP":2076.61,"TRATIE_VA":1463.9,"TRATIE_EXP":565.19,"TRAGUA_VA":419.47,"TRAGUA_EXP":282.71,"TRAAIR_VA":79.85,"TRAAIR_EXP":155.52,"ALMSTR_VA":369.21,"ALMSTR_EXP":200.66,"POSTME_VA":69.63,"POSTME_EXP":18.47,"HOTYRE_VA":1338.06,"HOTYRE_EXP":1403.43,"MMTVRA_VA":443.41,"MMTVRA_EXP":82.66,"TELECO_VA":705.53,"TELECO_EXP":296.36,"ITSERV_VA":756.12,"ITSERV_EXP":328.93,"SERFIN_VA":2187.97,"SERFIN_EXP":274.24,"GOBEST_VA":3941.77,"GOBEST_EXP":224.91,"SPRSCT_VA":2180.11,"SPRSCT_EXP":709.89,"SEAEMP_VA":2365.41,"SEAEMP_EXP":894.62,"ADPDEF_VA":1986.45,"ADPDEF_EXP":20.77,"EDUCAC_VA":3335.96,"EDUCAC_EXP":119.78,"SALUDH_VA":3557.39,"SALUDH_EXP":92.87,"ESPARC_VA":315.27,"ESPARC_EXP":245.47,"OTRSER_VA":544.65,"OTRSER_EXP":80.83,"SERHOG_VA":523.72,"SERHOG_EXP":0.0}},{"type":"Feature","geometry":{"type":"Point","coordinates":[33.43,35.13]},"properties":{"id":"CYP","name":"Chipre","continent":"europe","year":2013,"AGRPFO_VA":451.96,"AGRPFO_EXP":113.44,"FORLOG_VA":18.82,"FORLOG_EXP":2.12,"PESCAC_VA":38.07,"PESCAC_EXP":28.53,"MINCOL_VA":0.0,"MINCOL_EXP":0.0,"PETGAS_VA":12.85,"PETGAS_EXP":0.28,"MINORE_VA":14.75,"MINORE_EXP":16.5,"MINOTH_VA":24.11,"MINOTH_EXP":13.27,"MINSER_VA":0.19,"MINSER_EXP":0.1,"ALYBEB_VA":355.83,"ALYBEB_EXP":314.33,"TEXYPR_VA":16.08,"TEXYPR_EXP":3.67,"MADYPR_VA":43.76,"MADYPR_EXP":35.92,"PAPYPR_VA":57.74,"PAPYPR_EXP":13.88,"PETREF_VA":0.58,"PETREF_EXP":0.01,"QUIMYP_VA":26.08,"QUIMYP_EXP":40.97,"FARMED_VA":102.23,"FARMED_EXP":151.73,"HUPLAS_VA":33.85,"HUPLAS_EXP":19.44,"PRNOMT_VA":92.72,"PRNOMT_EXP":52.29,"METBAS_VA":4.79,"METBAS_EXP":12.47,"NONFER_VA":26.39,"NONFER_EXP":51.26,"PRMETA_VA":91.97,"PRMETA_EXP":13.54,"ELCTRO_VA":17.1,"ELCTRO_EXP":3.28,"ELCTRI_VA":13.92,"ELCTRI_EXP":14.59,"MAQYEQ_VA":25.14,"MAQYEQ_EXP":18.75,"AUTOMO_VA":3.25,"AUTOMO_EXP":1.6,"OTRTRA_VA":1.11,"OTRTRA_EXP":0.85,"TRANSP_VA":1.73,"TRANSP_EXP":0.15,"OTRMAN_VA":83.29,"OTRMAN_EXP":32.72,"ELEGAS_VA":410.62,"ELEGAS_EXP":0.01,"AGUBAS_VA":191.16,"AGUBAS_EXP":1.39,"CONSTR_VA":1099.8,"CONSTR_EXP":14.51,"COMREV_VA":2189.46,"COMREV_EXP":557.48,"TRATIE_VA":258.47,"TRATIE_EXP":164.16,"TRAGUA_VA":842.65,"TRAGUA_EXP":681.97,"TRAAIR_VA":10.5,"TRAAIR_EXP":192.37,"ALMSTR_VA":500.79,"ALMSTR_EXP":730.35,"POSTME_VA":42.15,"POSTME_EXP":22.84,"HOTYRE_VA":1351.45,"HOTYRE_EXP":1106.17,"MMTVRA_VA":240.27,"MMTVRA_EXP":468.76,"TELECO_VA":447.27,"TELECO_EXP":141.71,"ITSERV_VA":262.09,"ITSERV_EXP":930.17,"SERFIN_VA":2781.58,"SERFIN_EXP":4592.86,"GOBEST_VA":2234.4,"GOBEST_EXP":151.87,"SPRSCT_VA":1622.31,"SPRSCT_EXP":297.94,"SEAEMP_VA":331.65,"SEAEMP_EXP":185.79,"ADPDEF_VA":2397.08,"ADPDEF_EXP":26.96,"EDUCAC_VA":1387.5,"EDUCAC_EXP":104.94,"SALUDH_VA":907.24,"SALUDH_EXP":43.51,"ESPARC_VA":368.12,"ESPARC_EXP":101.73,"OTRSER_VA":336.2,"OTRSER_EXP":58.6,"SERHOG_VA":239.34,"SERHOG_EXP":0.0}},{"type":"Feature","geometry":{"type":"Point","coordinates":[15.47,49.82]},"properties":{"id":"CZE","name":"Chequia","continent":"europe","year":2013,"AGRPFO_VA":3890.5,"AGRPFO_EXP":1768.14,"FORLOG_VA":1414.72,"FORLOG_EXP":304.34,"PESCAC_VA":34.43,"PESCAC_EXP":25.5,"MINCOL_VA":1092.52,"MINCOL_EXP":319.84,"PETGAS_VA":228.48,"PETGAS_EXP":148.2,"MINORE_VA":76.22,"MINORE_EXP":7.31,"MINOTH_VA":274.0,"MINOTH_EXP":111.49,"MINSER_VA":105.1,"MINSER_EXP":12.77,"ALYBEB_VA":4319.88,"ALYBEB_EXP":5250.24,"TEXYPR_VA":1203.95,"TEXYPR_EXP":1504.13,"MADYPR_VA":1108.19,"MADYPR_EXP":605.1,"PAPYPR_VA":1363.42,"PAPYPR_EXP":910.5,"PETREF_VA":1088.89,"PETREF_EXP":775.29,"QUIMYP_VA":1518.12,"QUIMYP_EXP":5462.9,"FARMED_VA":857.19,"FARMED_EXP":908.85,"HUPLAS_VA":3744.02,"HUPLAS_EXP":6962.86,"PRNOMT_VA":2197.53,"PRNOMT_EXP":2769.66,"METBAS_VA":1437.66,"METBAS_EXP":4270.74,"NONFER_VA":397.78,"NONFER_EXP":1527.69,"PRMETA_VA":5234.41,"PRMETA_EXP":8017.95,"ELCTRO_VA":2867.32,"ELCTRO_EXP":10290.79,"ELCTRI_VA":3736.76,"ELCTRI_EXP":9097.56,"MAQYEQ_VA":4940.42,"MAQYEQ_EXP":12427.15,"AUTOMO_VA":9048.96,"AUTOMO_EXP":31180.07,"OTRTRA_VA":5.07,"OTRTRA_EXP":10.31,"TRANSP_VA":1043.97,"TRANSP_EXP":1431.67,"OTRMAN_VA":3724.83,"OTRMAN_EXP":1764.59,"ELEGAS_VA":7999.51,"ELEGAS_EXP":1136.11,"AGUBAS_VA":2157.09,"AGUBAS_EXP":70.98,"CONSTR_VA":11263.88,"CONSTR_EXP":404.78,"COMREV_VA":20383.84,"COMREV_EXP":10140.44,"TRATIE_VA":6249.1,"TRATIE_EXP":5711.13,"TRAGUA_VA":190.05,"TRAGUA_EXP":47.37,"TRAAIR_VA":289.97,"TRAAIR_EXP":1289.41,"ALMSTR_VA":4424.59,"ALMSTR_EXP":1984.74,"POSTME_VA":804.99,"POSTME_EXP":65.13,"HOTYRE_VA":3846.11,"HOTYRE_EXP":2217.05,"MMTVRA_VA":1836.47,"MMTVRA_EXP":1089.33,"TELECO_VA":2899.53,"TELECO_EXP":740.66,"ITSERV_VA":4575.19,"ITSERV_EXP":1544.79,"SERFIN_VA":8555.16,"SERFIN_EXP":1002.5,"GOBEST_VA":19281.68,"GOBEST_EXP":474.68,"SPRSCT_VA":9847.58,"SPRSCT_EXP":4009.32,"SEAEMP_VA":3635.46,"SEAEMP_EXP":979.18,"ADPDEF_VA":11823.82,"ADPDEF_EXP":176.87,"EDUCAC_VA":8336.85,"EDUCAC_EXP":407.67,"SALUDH_VA":8635.35,"SALUDH_EXP":179.92,"ESPARC_VA":1961.87,"ESPARC_EXP":510.57,"OTRSER_VA":2057.89,"OTRSER_EXP":136.57,"SERHOG_VA":159.91,"SERHOG_EXP":0.0}},{"type":"Feature","geometry":{"type":"Point","coordinates":[10.45,51.17]},"properties":{"id":"DEU","name":"Alemania","continent":"europe","year":2013,"AGRPFO_VA":32109.35,"AGRPFO_EXP":9326.32,"FORLOG_VA":4166.85,"FORLOG_EXP":536.08,"PESCAC_VA":322.7,"PESCAC_EXP":197.72,"MINCOL_VA":2244.06,"MINCOL_EXP":171.91,"PETGAS_VA":1551.53,"PETGAS_EXP":1155.47,"MINORE_VA":0.0,"MINORE_EXP":0.0,"MINOTH_VA":3086.73,"MINOTH_EXP":1602.43,"MINSER_VA":318.96,"MINSER_EXP":540.08,"ALYBEB_VA":55005.24,"ALYBEB_EXP":51604.5,"TEXYPR_VA":10155.08,"TEXYPR_EXP":12883.78,"MADYPR_VA":8514.07,"MADYPR_EXP":5959.94,"PAPYPR_VA":25124.1,"PAPYPR_EXP":21899.06,"PETREF_VA":16769.37,"PETREF_EXP":31298.02,"QUIMYP_VA":54636.94,"QUIMYP_EXP":106592.82,"FARMED_VA":29643.65,"FARMED_EXP":32176.0,"HUPLAS_VA":36456.46,"HUPLAS_EXP":36059.14,"PRNOMT_VA":22127.95,"PRNOMT_EXP":12612.52,"METBAS_VA":20009.78,"METBAS_EXP":31031.1,"NONFER_VA":10390.1,"NONFER_EXP":20763.5,"PRMETA_VA":68377.94,"PRMETA_EXP":37468.05,"ELCTRO_VA":45830.99,"ELCTRO_EXP":78922.19,"ELCTRI_VA":55431.44,"ELCTRI_EXP":73092.78,"MAQYEQ_VA":120803.49,"MAQYEQ_EXP":149229.57,"AUTOMO_VA":138492.91,"AUTOMO_EXP":228377.95,"OTRTRA_VA":1895.53,"OTRTRA_EXP":3001.12,"TRANSP_VA":13745.96,"TRANSP_EXP":17566.07,"OTRMAN_VA":50157.14,"OTRMAN_EXP":31244.87,"ELEGAS_VA":49154.49,"ELEGAS_EXP":6712.32,"AGUBAS_VA":35712.44,"AGUBAS_EXP":359.88,"CONSTR_VA":148039.08,"CONSTR_EXP":960.91,"COMREV_VA":325897.75,"COMREV_EXP":150196.87,"TRATIE_VA":62897.8,"TRATIE_EXP":28803.65,"TRAGUA_VA":11552.86,"TRAGUA_EXP":34224.57,"TRAAIR_VA":11792.58,"TRAAIR_EXP":24178.61,"ALMSTR_VA":61550.19,"ALMSTR_EXP":14638.52,"POSTME_VA":19039.89,"POSTME_EXP":2075.63,"HOTYRE_VA":52441.02,"HOTYRE_EXP":8224.83,"MMTVRA_VA":40274.65,"MMTVRA_EXP":10476.75,"TELECO_VA":33217.69,"TELECO_EXP":4403.67,"ITSERV_VA":88069.06,"ITSERV_EXP":14730.17,"SERFIN_VA":161364.59,"SERFIN_EXP":42851.38,"GOBEST_VA":381565.7,"GOBEST_EXP":2840.95,"SPRSCT_VA":221428.49,"SPRSCT_EXP":59770.67,"SEAEMP_VA":161949.39,"SEAEMP_EXP":23624.61,"ADPDEF_VA":208479.55,"ADPDEF_EXP":0.21,"EDUCAC_VA":157548.19,"EDUCAC_EXP":4145.78,"SALUDH_VA":268366.38,"SALUDH_EXP":1143.9,"ESPARC_VA":39956.74,"ESPARC_EXP":2221.87,"OTRSER_VA":83313.21,"OTRSER_EXP":769.15,"SERHOG_VA":8513.07,"SERHOG_EXP":0.0}},{"type":"Feature","geometry":{"type":"Point","coordinates":[9.5,56.26]},"properties":{"id":"DNK","name":"Dinamarca","continent":"europe","year":2013,"AGRPFO_VA":4184.69,"AGRPFO_EXP":4088.18,"FORLOG_VA":228.0,"FORLOG_EXP":62.58,"PESCAC_VA":431.69,"PESCAC_EXP":563.83,"MINCOL_VA":0.0,"MINCOL_EXP":0.0,"PETGAS_VA":7347.46,"PETGAS_EXP":5149.04,"MINORE_VA":0.0,"MINORE_EXP":0.0,"MINOTH_VA":173.44,"MINOTH_EXP":151.84,"MINSER_VA":297.14,"MINSER_EXP":76.68,"ALYBEB_VA":5409.03,"ALYBEB_EXP":11884.37,"TEXYPR_VA":539.19,"TEXYPR_EXP":834.54,"MADYPR_VA":727.62,"MADYPR_EXP":530.41,"PAPYPR_VA":1169.54,"PAPYPR_EXP":628.88,"PETREF_VA":109.59,"PETREF_EXP":2887.62,"QUIMYP_VA":2618.62,"QUIMYP_EXP":4308.35,"FARMED_VA":8829.65,"FARMED_EXP":9045.98,"HUPLAS_VA":1421.52,"HUPLAS_EXP":1847.58,"PRNOMT_VA":1462.5,"PRNOMT_EXP":737.68,"METBAS_VA":313.71,"METBAS_EXP":473.53,"NONFER_VA":134.59,"NONFER_EXP":318.71,"PRMETA_VA":3264.73,"PRMETA_EXP":2539.78,"ELCTRO_VA":2925.13,"ELCTRO_EXP":4061.03,"ELCTRI_VA":1138.96,"ELCTRI_EXP":2011.7,"MAQYEQ_VA":7915.63,"MAQYEQ_EXP":10951.87,"AUTOMO_VA":412.8,"AUTOMO_EXP":544.39,"OTRTRA_VA":116.67,"OTRTRA_EXP":175.08,"TRANSP_VA":122.51,"TRANSP_EXP":176.17,"OTRMAN_VA":4366.99,"OTRMAN_EXP":4757.43,"ELEGAS_VA":3719.43,"ELEGAS_EXP":1547.6,"AGUBAS_VA":2657.73,"AGUBAS_EXP":24.88,"CONSTR_VA":14544.02,"CONSTR_EXP":917.72,"COMREV_VA":39875.49,"COMREV_EXP":18590.16,"TRATIE_VA":6668.59,"TRATIE_EXP":5409.35,"TRAGUA_VA":4960.19,"TRAGUA_EXP":31087.92,"TRAAIR_VA":909.61,"TRAAIR_EXP":3438.28,"ALMSTR_VA":4876.88,"ALMSTR_EXP":4349.34,"POSTME_VA":1473.86,"POSTME_EXP":326.58,"HOTYRE_VA":4818.41,"HOTYRE_EXP":1666.9,"MMTVRA_VA":4083.22,"MMTVRA_EXP":1425.51,"TELECO_VA":3896.9,"TELECO_EXP":889.94,"ITSERV_VA":6477.96,"ITSERV_EXP":2621.01,"SERFIN_VA":17765.03,"SERFIN_EXP":2456.05,"GOBEST_VA":31900.53,"GOBEST_EXP":481.99,"SPRSCT_VA":17039.32,"SPRSCT_EXP":7451.18,"SEAEMP_VA":9216.57,"SEAEMP_EXP":3606.46,"ADPDEF_VA":16991.7,"ADPDEF_EXP":112.68,"EDUCAC_VA":19380.16,"EDUCAC_EXP":1015.19,"SALUDH_VA":33519.64,"SALUDH_EXP":155.14,"ESPARC_VA":4772.97,"ESPARC_EXP":506.25,"OTRSER_VA":4814.51,"OTRSER_EXP":115.8,"SERHOG_VA":869.21,"SERHOG_EXP":0.0}},{"type":"Feature","geometry":{"type":"Point","coordinates":[30.8,26.82]},"properties":{"id":"EGY","name":"Egipto","continent":"other","year":2013,"AGRPFO_VA":28920.76,"AGRPFO_EXP":2387.51,"FORLOG_VA":3.71,"FORLOG_EXP":1.27,"PESCAC_VA":2762.23,"PESCAC_EXP":21.19,"MINCOL_VA":295.29,"MINCOL_EXP":70.24,"PETGAS_VA":32513.59,"PETGAS_EXP":3724.32,"MINORE_VA":478.16,"MINORE_EXP":7.65,"MINOTH_VA":1588.27,"MINOTH_EXP":441.42,"MINSER_VA":1058.15,"MINSER_EXP":35.91,"ALYBEB_VA":7593.34,"ALYBEB_EXP":2296.11,"TEXYPR_VA":3650.6,"TEXYPR_EXP":2250.38,"MADYPR_VA":1300.88,"MADYPR_EXP":105.18,"PAPYPR_VA":2499.21,"PAPYPR_EXP":341.65,"PETREF_VA":8497.52,"PETREF_EXP":3680.22,"QUIMYP_VA":4455.74,"QUIMYP_EXP":2224.99,"FARMED_VA":1205.83,"FARMED_EXP":228.07,"HUPLAS_VA":743.32,"HUPLAS_EXP":576.04,"PRNOMT_VA":3359.41,"PRNOMT_EXP":964.44,"METBAS_VA":2544.48,"METBAS_EXP":1436.91,"NONFER_VA":2774.76,"NONFER_EXP":1188.02,"PRMETA_VA":1637.62,"PRMETA_EXP":338.16,"ELCTRO_VA":257.98,"ELCTRO_EXP":254.24,"ELCTRI_VA":1139.0,"ELCTRI_EXP":945.68,"MAQYEQ_VA":409.63,"MAQYEQ_EXP":167.28,"AUTOMO_VA":634.95,"AUTOMO_EXP":101.34,"OTRTRA_VA":28.04,"OTRTRA_EXP":0.84,"TRANSP_VA":84.99,"TRANSP_EXP":0.99,"OTRMAN_VA":3549.11,"OTRMAN_EXP":659.3,"ELEGAS_VA":2816.96,"ELEGAS_EXP":143.59,"AGUBAS_VA":1396.76,"AGUBAS_EXP":4.48,"CONSTR_VA":15773.95,"CONSTR_EXP":16.35,"COMREV_VA":34933.87,"COMREV_EXP":3430.21,"TRATIE_VA":7720.01,"TRATIE_EXP":1584.63,"TRAGUA_VA":5286.63,"TRAGUA_EXP":2366.36,"TRAAIR_VA":1874.08,"TRAAIR_EXP":1275.65,"ALMSTR_VA":10376.62,"ALMSTR_EXP":4941.57,"POSTME_VA":403.97,"POSTME_EXP":176.73,"HOTYRE_VA":8196.97,"HOTYRE_EXP":3375.1,"MMTVRA_VA":1237.77,"MMTVRA_EXP":281.52,"TELECO_VA":5950.73,"TELECO_EXP":562.88,"ITSERV_VA":897.51,"ITSERV_EXP":301.12,"SERFIN_VA":11791.3,"SERFIN_EXP":365.97,"GOBEST_VA":21854.99,"GOBEST_EXP":316.11,"SPRSCT_VA":6029.8,"SPRSCT_EXP":920.43,"SEAEMP_VA":4063.34,"SEAEMP_EXP":1626.75,"ADPDEF_VA":14231.62,"ADPDEF_EXP":38.17,"EDUCAC_VA":13385.52,"EDUCAC_EXP":111.27,"SALUDH_VA":8076.04,"SALUDH_EXP":59.75,"ESPARC_VA":3005.44,"ESPARC_EXP":149.89,"OTRSER_VA":4254.34,"OTRSER_EXP":82.64,"SERHOG_VA":156.45,"SERHOG_EXP":0.0}},{"type":"Feature","geometry":{"type":"Point","coordinates":[-3.75,40.46]},"properties":{"id":"ESP","name":"España","continent":"europe","year":2013,"AGRPFO_VA":32891.28,"AGRPFO_EXP":14360.23,"FORLOG_VA":1405.21,"FORLOG_EXP":272.07,"PESCAC_VA":1969.94,"PESCAC_EXP":537.51,"MINCOL_VA":205.03,"MINCOL_EXP":94.69,"PETGAS_VA":95.57,"PETGAS_EXP":91.68,"MINORE_VA":337.33,"MINORE_EXP":520.35,"MINOTH_VA":1675.2,"MINOTH_EXP":1017.74,"MINSER_VA":261.98,"MINSER_EXP":219.67,"ALYBEB_VA":32131.66,"ALYBEB_EXP":24266.81,"TEXYPR_VA":11134.5,"TEXYPR_EXP":9606.88,"MADYPR_VA":2056.14,"MADYPR_EXP":1492.4,"PAPYPR_VA":7977.05,"PAPYPR_EXP":5474.2,"PETREF_VA":1848.69,"PETREF_EXP":23435.24,"QUIMYP_VA":10447.77,"QUIMYP_EXP":22074.24,"FARMED_VA":8602.4,"FARMED_EXP":12073.49,"HUPLAS_VA":7561.75,"HUPLAS_EXP":7962.87,"PRNOMT_VA":6281.34,"PRNOMT_EXP":5800.78,"METBAS_VA":3223.6,"METBAS_EXP":9088.63,"NONFER_VA":1836.28,"NONFER_EXP":6657.23,"PRMETA_VA":12813.07,"PRMETA_EXP":10306.73,"ELCTRO_VA":2538.18,"ELCTRO_EXP":3161.14,"ELCTRI_VA":5076.52,"ELCTRI_EXP":10373.22,"MAQYEQ_VA":8915.62,"MAQYEQ_EXP":15011.14,"AUTOMO_VA":12702.72,"AUTOMO_EXP":42226.84,"OTRTRA_VA":732.58,"OTRTRA_EXP":881.7,"TRANSP_VA":6015.57,"TRANSP_EXP":8041.92,"OTRMAN_VA":12195.86,"OTRMAN_EXP":6287.42,"ELEGAS_VA":33840.2,"ELEGAS_EXP":981.96,"AGUBAS_VA":14940.57,"AGUBAS_EXP":161.2,"CONSTR_VA":75332.29,"CONSTR_EXP":842.54,"COMREV_VA":162821.39,"COMREV_EXP":56200.66,"TRATIE_VA":32241.41,"TRATIE_EXP":15093.77,"TRAGUA_VA":829.81,"TRAGUA_EXP":1123.87,"TRAAIR_VA":2932.58,"TRAAIR_EXP":8866.28,"ALMSTR_VA":20892.85,"ALMSTR_EXP":8203.74,"POSTME_VA":2720.05,"POSTME_EXP":224.3,"HOTYRE_VA":76649.79,"HOTYRE_EXP":14939.14,"MMTVRA_VA":9343.58,"MMTVRA_EXP":2998.76,"TELECO_VA":22026.4,"TELECO_EXP":4856.79,"ITSERV_VA":18322.91,"ITSERV_EXP":10004.02,"SERFIN_VA":45953.93,"SERFIN_EXP":8723.37,"GOBEST_VA":162682.43,"GOBEST_EXP":3421.62,"SPRSCT_VA":54449.17,"SPRSCT_EXP":14818.54,"SEAEMP_VA":44418.23,"SEAEMP_EXP":9728.71,"ADPDEF_VA":84091.23,"ADPDEF_EXP":2464.17,"EDUCAC_VA":69542.33,"EDUCAC_EXP":2857.92,"SALUDH_VA":81311.55,"SALUDH_EXP":1025.97,"ESPARC_VA":24790.38,"ESPARC_EXP":2579.58,"OTRSER_VA":22436.96,"OTRSER_EXP":1036.31,"SERHOG_VA":12453.72,"SERHOG_EXP":0.0}},{"type":"Feature","geometry":{"type":"Point","coordinates":[25.01,58.6]},"properties":{"id":"EST","name":"Estonia","continent":"europe","year":2013,"AGRPFO_VA":468.84,"AGRPFO_EXP":330.5,"FORLOG_VA":311.38,"FORLOG_EXP":200.22,"PESCAC_VA":48.42,"PESCAC_EXP":44.3,"MINCOL_VA":21.84,"MINCOL_EXP":0.88,"PETGAS_VA":209.69,"PETGAS_EXP":83.37,"MINORE_VA":0.0,"MINORE_EXP":0.0,"MINOTH_VA":67.86,"MINOTH_EXP":15.12,"MINSER_VA":1.03,"MINSER_EXP":1.3,"ALYBEB_VA":491.16,"ALYBEB_EXP":871.2,"TEXYPR_VA":218.54,"TEXYPR_EXP":448.77,"MADYPR_VA":523.83,"MADYPR_EXP":1326.55,"PAPYPR_VA":180.74,"PAPYPR_EXP":279.7,"PETREF_VA":183.83,"PETREF_EXP":246.32,"QUIMYP_VA":129.09,"QUIMYP_EXP":637.39,"FARMED_VA":15.08,"FARMED_EXP":47.81,"HUPLAS_VA":138.26,"HUPLAS_EXP":361.3,"PRNOMT_VA":176.85,"PRNOMT_EXP":276.93,"METBAS_VA":6.56,"METBAS_EXP":16.78,"NONFER_VA":5.85,"NONFER_EXP":33.51,"PRMETA_VA":409.61,"PRMETA_EXP":833.81,"ELCTRO_VA":267.34,"ELCTRO_EXP":1794.67,"ELCTRI_VA":222.75,"ELCTRI_EXP":478.43,"MAQYEQ_VA":143.98,"MAQYEQ_EXP":320.72,"AUTOMO_VA":131.53,"AUTOMO_EXP":279.89,"OTRTRA_VA":28.24,"OTRTRA_EXP":38.65,"TRANSP_VA":0.9,"TRANSP_EXP":0.19,"OTRMAN_VA":416.97,"OTRMAN_EXP":655.59,"ELEGAS_VA":815.14,"ELEGAS_EXP":303.23,"AGUBAS_VA":183.02,"AGUBAS_EXP":8.4,"CONSTR_VA":1637.24,"CONSTR_EXP":61.59,"COMREV_VA":2757.69,"COMREV_EXP":1492.17,"TRATIE_VA":992.72,"TRATIE_EXP":959.32,"TRAGUA_VA":164.88,"TRAGUA_EXP":478.81,"TRAAIR_VA":20.09,"TRAAIR_EXP":144.44,"ALMSTR_VA":1038.98,"ALMSTR_EXP":1780.37,"POSTME_VA":63.29,"POSTME_EXP":73.04,"HOTYRE_VA":433.73,"HOTYRE_EXP":515.07,"MMTVRA_VA":163.23,"MMTVRA_EXP":96.89,"TELECO_VA":418.15,"TELECO_EXP":191.43,"ITSERV_VA":558.25,"ITSERV_EXP":461.15,"SERFIN_VA":901.95,"SERFIN_EXP":215.7,"GOBEST_VA":2461.75,"GOBEST_EXP":122.26,"SPRSCT_VA":1126.43,"SPRSCT_EXP":474.68,"SEAEMP_VA":818.66,"SEAEMP_EXP":488.17,"ADPDEF_VA":1433.8,"ADPDEF_EXP":27.91,"EDUCAC_VA":1013.87,"EDUCAC_EXP":46.85,"SALUDH_VA":807.23,"SALUDH_EXP":27.93,"ESPARC_VA":325.62,"ESPARC_EXP":81.49,"OTRSER_VA":208.41,"OTRSER_EXP":33.03,"SERHOG_VA":11.67,"SERHOG_EXP":0.0}},{"type":"Feature","geometry":{"type":"Point","coordinates":[25.75,61.92]},"properties":{"id":"FIN","name":"Finlandia","continent":"europe","year":2013,"AGRPFO_VA":2038.06,"AGRPFO_EXP":1173.67,"FORLOG_VA":4215.72,"FORLOG_EXP":86.34,"PESCAC_VA":164.15,"PESCAC_EXP":27.14,"MINCOL_VA":198.6,"MINCOL_EXP":12.47,"PETGAS_VA":0.0,"PETGAS_EXP":0.0,"MINORE_VA":324.18,"MINORE_EXP":710.37,"MINOTH_VA":505.8,"MINOTH_EXP":206.37,"MINSER_VA":15.44,"MINSER_EXP":19.2,"ALYBEB_VA":3776.26,"ALYBEB_EXP":1901.27,"TEXYPR_VA":588.33,"TEXYPR_EXP":711.18,"MADYPR_VA":1714.27,"MADYPR_EXP":2771.96,"PAPYPR_VA":4811.03,"PAPYPR_EXP":10712.07,"PETREF_VA":2385.49,"PETREF_EXP":7525.05,"QUIMYP_VA":2564.45,"QUIMYP_EXP":6135.63,"FARMED_VA":1564.35,"FARMED_EXP":1126.12,"HUPLAS_VA":1377.4,"HUPLAS_EXP":1821.16,"PRNOMT_VA":1550.21,"PRNOMT_EXP":906.39,"METBAS_VA":1213.7,"METBAS_EXP":4123.8,"NONFER_VA":707.36,"NONFER_EXP":2265.16,"PRMETA_VA":3452.37,"PRMETA_EXP":2035.61,"ELCTRO_VA":5539.81,"ELCTRO_EXP":3993.32,"ELCTRI_VA":2280.28,"ELCTRI_EXP":3499.89,"MAQYEQ_VA":6178.74,"MAQYEQ_EXP":10072.84,"AUTOMO_VA":604.92,"AUTOMO_EXP":996.66,"OTRTRA_VA":410.55,"OTRTRA_EXP":484.81,"TRANSP_VA":324.66,"TRANSP_EXP":420.18,"OTRMAN_VA":2672.42,"OTRMAN_EXP":1175.11,"ELEGAS_VA":5649.17,"ELEGAS_EXP":170.98,"AGUBAS_VA":2254.69,"AGUBAS_EXP":39.26,"CONSTR_VA":15938.35,"CONSTR_EXP":11.6,"COMREV_VA":23916.62,"COMREV_EXP":9231.45,"TRATIE_VA":7048.77,"TRATIE_EXP":730.21,"TRAGUA_VA":1005.24,"TRAGUA_EXP":1471.77,"TRAAIR_VA":875.25,"TRAAIR_EXP":1708.75,"ALMSTR_VA":3138.8,"ALMSTR_EXP":460.28,"POSTME_VA":1150.63,"POSTME_EXP":243.0,"HOTYRE_VA":3926.75,"HOTYRE_EXP":1006.38,"MMTVRA_VA":3745.65,"MMTVRA_EXP":1227.5,"TELECO_VA":3018.4,"TELECO_EXP":256.62,"ITSERV_VA":6011.74,"ITSERV_EXP":4703.23,"SERFIN_VA":6916.73,"SERFIN_EXP":671.09,"GOBEST_VA":28742.22,"GOBEST_EXP":275.85,"SPRSCT_VA":12294.09,"SPRSCT_EXP":5758.45,"SEAEMP_VA":8157.79,"SEAEMP_EXP":1980.54,"ADPDEF_VA":15480.54,"ADPDEF_EXP":205.21,"EDUCAC_VA":13911.41,"EDUCAC_EXP":709.11,"SALUDH_VA":23987.6,"SALUDH_EXP":74.88,"ESPARC_VA":3286.41,"ESPARC_EXP":164.22,"OTRSER_VA":4202.77,"OTRSER_EXP":159.45,"SERHOG_VA":349.45,"SERHOG_EXP":0.0}},{"type":"Feature","geometry":{"type":"Point","coordinates":[2.21,46.23]},"properties":{"id":"FRA","name":"Francia","continent":"europe","year":2013,"AGRPFO_VA":38124.2,"AGRPFO_EXP":19589.25,"FORLOG_VA":3429.92,"FORLOG_EXP":466.89,"PESCAC_VA":1325.47,"PESCAC_EXP":619.57,"MINCOL_VA":9.7,"MINCOL_EXP":6.6,"PETGAS_VA":194.46,"PETGAS_EXP":330.84,"MINORE_VA":16.78,"MINORE_EXP":22.08,"MINOTH_VA":3028.75,"MINOTH_EXP":584.39,"MINSER_VA":86.64,"MINSER_EXP":60.28,"ALYBEB_VA":51965.25,"ALYBEB_EXP":42597.2,"TEXYPR_VA":7901.98,"TEXYPR_EXP":10188.74,"MADYPR_VA":4883.83,"MADYPR_EXP":2177.64,"PAPYPR_VA":12254.56,"PAPYPR_EXP":7536.35,"PETREF_VA":4643.15,"PETREF_EXP":20054.8,"QUIMYP_VA":21240.35,"QUIMYP_EXP":58215.65,"FARMED_VA":16313.5,"FARMED_EXP":19826.25,"HUPLAS_VA":14530.75,"HUPLAS_EXP":14787.88,"PRNOMT_VA":11290.56,"PRNOMT_EXP":5068.55,"METBAS_VA":6279.4,"METBAS_EXP":13707.17,"NONFER_VA":3649.8,"NONFER_EXP":8638.06,"PRMETA_VA":29933.62,"PRMETA_EXP":11633.81,"ELCTRO_VA":13184.76,"ELCTRO_EXP":24873.56,"ELCTRI_VA":10847.7,"ELCTRI_EXP":21879.91,"MAQYEQ_VA":19094.73,"MAQYEQ_EXP":37042.17,"AUTOMO_VA":17781.4,"AUTOMO_EXP":42608.55,"OTRTRA_VA":2429.07,"OTRTRA_EXP":2249.61,"TRANSP_VA":17831.59,"TRANSP_EXP":36072.02,"OTRMAN_VA":43325.76,"OTRMAN_EXP":19425.14,"ELEGAS_VA":38009.68,"ELEGAS_EXP":3369.69,"AGUBAS_VA":18722.11,"AGUBAS_EXP":28.02,"CONSTR_VA":157423.33,"CONSTR_EXP":41.51,"COMREV_VA":271954.46,"COMREV_EXP":107069.56,"TRATIE_VA":53983.87,"TRATIE_EXP":20386.95,"TRAGUA_VA":4076.47,"TRAGUA_EXP":15462.6,"TRAAIR_VA":7141.33,"TRAAIR_EXP":15453.27,"ALMSTR_VA":44737.16,"ALMSTR_EXP":6538.87,"POSTME_VA":10455.98,"POSTME_EXP":1454.34,"HOTYRE_VA":57442.95,"HOTYRE_EXP":27316.25,"MMTVRA_VA":30904.04,"MMTVRA_EXP":6156.32,"TELECO_VA":35697.98,"TELECO_EXP":6046.59,"ITSERV_VA":64414.47,"ITSERV_EXP":7810.18,"SERFIN_VA":112906.19,"SERFIN_EXP":21510.57,"GOBEST_VA":351980.74,"GOBEST_EXP":4944.34,"SPRSCT_VA":208113.98,"SPRSCT_EXP":35404.5,"SEAEMP_VA":136510.95,"SEAEMP_EXP":40249.42,"ADPDEF_VA":211250.49,"ADPDEF_EXP":1905.01,"EDUCAC_VA":137555.07,"EDUCAC_EXP":2237.52,"SALUDH_VA":228097.29,"SALUDH_EXP":2493.83,"ESPARC_VA":35796.19,"ESPARC_EXP":4941.07,"OTRSER_VA":38600.09,"OTRSER_EXP":1332.96,"SERHOG_VA":5116.02,"SERHOG_EXP":0.0}},{"type":"Feature","geometry":{"type":"Point","coordinates":[-3.44,55.38]},"properties":{"id":"GBR","name":"Reino Unido","continent":"europe","year":2013,"AGRPFO_VA":16859.59,"AGRPFO_EXP":2250.0,"FORLOG_VA":968.16,"FORLOG_EXP":92.37,"PESCAC_VA":1152.88,"PESCAC_EXP":869.7,"MINCOL_VA":278.01,"MINCOL_EXP":125.38,"PETGAS_VA":32173.87,"PETGAS_EXP":28651.89,"MINORE_VA":0.0,"MINORE_EXP":0.0,"MINOTH_VA":2541.02,"MINOTH_EXP":3419.25,"MINSER_VA":3890.99,"MINSER_EXP":1432.72,"ALYBEB_VA":45391.18,"ALYBEB_EXP":22717.61,"TEXYPR_VA":8345.76,"TEXYPR_EXP":6817.75,"MADYPR_VA":3783.78,"MADYPR_EXP":633.48,"PAPYPR_VA":13611.67,"PAPYPR_EXP":3684.33,"PETREF_VA":3036.9,"PETREF_EXP":21956.72,"QUIMYP_VA":16815.45,"QUIMYP_EXP":26079.87,"FARMED_VA":18414.41,"FARMED_EXP":19235.14,"HUPLAS_VA":13361.63,"HUPLAS_EXP":8572.76,"PRNOMT_VA":7938.99,"PRNOMT_EXP":2663.34,"METBAS_VA":4135.71,"METBAS_EXP":7871.48,"NONFER_VA":2094.4,"NONFER_EXP":7903.78,"PRMETA_VA":26172.96,"PRMETA_EXP":8830.08,"ELCTRO_VA":19879.06,"ELCTRO_EXP":11807.37,"ELCTRI_VA":7245.11,"ELCTRI_EXP":10335.15,"MAQYEQ_VA":24565.15,"MAQYEQ_EXP":26000.97,"AUTOMO_VA":22706.43,"AUTOMO_EXP":41474.25,"OTRTRA_VA":2509.61,"OTRTRA_EXP":1508.85,"TRANSP_VA":13698.83,"TRANSP_EXP":16790.94,"OTRMAN_VA":25563.01,"OTRMAN_EXP":10289.78,"ELEGAS_VA":40430.05,"ELEGAS_EXP":480.92,"AGUBAS_VA":33675.56,"AGUBAS_EXP":316.48,"CONSTR_VA":147157.98,"CONSTR_EXP":517.23,"COMREV_VA":262830.31,"COMREV_EXP":67266.84,"TRATIE_VA":43643.51,"TRATIE_EXP":7901.43,"TRAGUA_VA":9410.17,"TRAGUA_EXP":12095.25,"TRAAIR_VA":5741.34,"TRAAIR_EXP":13164.04,"ALMSTR_VA":31734.78,"ALMSTR_EXP":6235.63,"POSTME_VA":19590.2,"POSTME_EXP":1907.25,"HOTYRE_VA":70350.1,"HOTYRE_EXP":10596.79,"MMTVRA_VA":45687.71,"MMTVRA_EXP":16422.9,"TELECO_VA":45104.97,"TELECO_EXP":10196.24,"ITSERV_VA":65695.83,"ITSERV_EXP":18612.96,"SERFIN_VA":231240.58,"SERFIN_EXP":122349.34,"GOBEST_VA":314670.59,"GOBEST_EXP":2864.94,"SPRSCT_VA":182711.3,"SPRSCT_EXP":67183.47,"SEAEMP_VA":118983.64,"SEAEMP_EXP":36850.74,"ADPDEF_VA":132722.11,"ADPDEF_EXP":567.96,"EDUCAC_VA":155372.61,"EDUCAC_EXP":16537.43,"SALUDH_VA":190372.25,"SALUDH_EXP":518.21,"ESPARC_VA":37933.34,"ESPARC_EXP":7765.35,"OTRSER_VA":41644.0,"OTRSER_EXP":622.29,"SERHOG_VA":3714.91,"SERHOG_EXP":0.0}},{"type":"Feature","geometry":{"type":"Point","coordinates":[21.82,39.07]},"properties":{"id":"GRC","name":"Grecia","continent":"europe","year":2013,"AGRPFO_VA":7432.36,"AGRPFO_EXP":2058.92,"FORLOG_VA":98.08,"FORLOG_EXP":10.19,"PESCAC_VA":865.99,"PESCAC_EXP":415.92,"MINCOL_VA":89.59,"MINCOL_EXP":4.21,"PETGAS_VA":19.17,"PETGAS_EXP":0.47,"MINORE_VA":220.36,"MINORE_EXP":126.04,"MINOTH_VA":802.84,"MINOTH_EXP":323.66,"MINSER_VA":46.74,"MINSER_EXP":10.16,"ALYBEB_VA":6821.89,"ALYBEB_EXP":3209.61,"TEXYPR_VA":861.71,"TEXYPR_EXP":847.82,"MADYPR_VA":151.01,"MADYPR_EXP":74.03,"PAPYPR_VA":851.49,"PAPYPR_EXP":287.06,"PETREF_VA":1750.68,"PETREF_EXP":10475.92,"QUIMYP_VA":942.53,"QUIMYP_EXP":1552.52,"FARMED_VA":1321.29,"FARMED_EXP":822.48,"HUPLAS_VA":775.28,"HUPLAS_EXP":593.57,"PRNOMT_VA":1021.74,"PRNOMT_EXP":443.4,"METBAS_VA":259.19,"METBAS_EXP":933.13,"NONFER_VA":1046.33,"NONFER_EXP":1583.02,"PRMETA_VA":1590.1,"PRMETA_EXP":735.1,"ELCTRO_VA":259.05,"ELCTRO_EXP":222.4,"ELCTRI_VA":505.63,"ELCTRI_EXP":794.45,"MAQYEQ_VA":472.41,"MAQYEQ_EXP":568.59,"AUTOMO_VA":104.56,"AUTOMO_EXP":63.87,"OTRTRA_VA":127.4,"OTRTRA_EXP":161.21,"TRANSP_VA":208.52,"TRANSP_EXP":268.63,"OTRMAN_VA":1224.46,"OTRMAN_EXP":372.61,"ELEGAS_VA":7012.84,"ELEGAS_EXP":266.65,"AGUBAS_VA":3324.21,"AGUBAS_EXP":2.17,"CONSTR_VA":6408.54,"CONSTR_EXP":18.89,"COMREV_VA":24783.4,"COMREV_EXP":6789.76,"TRATIE_VA":4153.5,"TRATIE_EXP":1428.09,"TRAGUA_VA":7271.94,"TRAGUA_EXP":14236.61,"TRAAIR_VA":865.2,"TRAAIR_EXP":1143.97,"ALMSTR_VA":2082.57,"ALMSTR_EXP":996.94,"POSTME_VA":599.13,"POSTME_EXP":56.3,"HOTYRE_VA":14297.65,"HOTYRE_EXP":6806.53,"MMTVRA_VA":1189.63,"MMTVRA_EXP":289.48,"TELECO_VA":4100.8,"TELECO_EXP":775.95,"ITSERV_VA":1373.76,"ITSERV_EXP":339.29,"SERFIN_VA":9705.51,"SERFIN_EXP":1410.57,"GOBEST_VA":38271.17,"GOBEST_EXP":855.34,"SPRSCT_VA":8156.33,"SPRSCT_EXP":1164.32,"SEAEMP_VA":3072.79,"SEAEMP_EXP":1622.61,"ADPDEF_VA":21960.72,"ADPDEF_EXP":16.8,"EDUCAC_VA":12753.76,"EDUCAC_EXP":412.54,"SALUDH_VA":9435.98,"SALUDH_EXP":215.26,"ESPARC_VA":3043.72,"ESPARC_EXP":534.37,"OTRSER_VA":3165.89,"OTRSER_EXP":242.97,"SERHOG_VA":1038.81,"SERHOG_EXP":0.0}},{"type":"Feature","geometry":{"type":"Point","coordinates":[114.11,22.4]},"properties":{"id":"HKG","name":"Hong Kong","continent":"asia","year":2013,"AGRPFO_VA":134.56,"AGRPFO_EXP":14.75,"FORLOG_VA":16.15,"FORLOG_EXP":16.72,"PESCAC_VA":26.44,"PESCAC_EXP":6.52,"MINCOL_VA":0.0,"MINCOL_EXP":0.0,"PETGAS_VA":0.0,"PETGAS_EXP":0.0,"MINORE_VA":0.0,"MINORE_EXP":0.0,"MINOTH_VA":0.0,"MINOTH_EXP":0.0,"MINSER_VA":26.41,"MINSER_EXP":23.38,"ALYBEB_VA":3507.8,"ALYBEB_EXP":4831.81,"TEXYPR_VA":537.08,"TEXYPR_EXP":259.43,"MADYPR_VA":462.19,"MADYPR_EXP":142.64,"PAPYPR_VA":265.26,"PAPYPR_EXP":254.25,"PETREF_VA":72.64,"PETREF_EXP":12.59,"QUIMYP_VA":298.8,"QUIMYP_EXP":625.35,"FARMED_VA":319.43,"FARMED_EXP":85.36,"HUPLAS_VA":26.61,"HUPLAS_EXP":0.05,"PRNOMT_VA":191.64,"PRNOMT_EXP":57.77,"METBAS_VA":42.11,"METBAS_EXP":225.64,"NONFER_VA":23.65,"NONFER_EXP":29.37,"PRMETA_VA":127.73,"PRMETA_EXP":398.6,"ELCTRO_VA":192.35,"ELCTRO_EXP":807.11,"ELCTRI_VA":183.15,"ELCTRI_EXP":170.13,"MAQYEQ_VA":102.93,"MAQYEQ_EXP":610.73,"AUTOMO_VA":91.78,"AUTOMO_EXP":105.85,"OTRTRA_VA":19.67,"OTRTRA_EXP":177.12,"TRANSP_VA":34.09,"TRANSP_EXP":94.27,"OTRMAN_VA":392.47,"OTRMAN_EXP":59.3,"ELEGAS_VA":3933.31,"ELEGAS_EXP":174.29,"AGUBAS_VA":2244.56,"AGUBAS_EXP":35.99,"CONSTR_VA":10282.63,"CONSTR_EXP":63.45,"COMREV_VA":66541.94,"COMREV_EXP":12895.14,"TRATIE_VA":5421.38,"TRATIE_EXP":3460.94,"TRAGUA_VA":2275.94,"TRAGUA_EXP":4931.23,"TRAAIR_VA":6746.06,"TRAAIR_EXP":11532.98,"ALMSTR_VA":395.19,"ALMSTR_EXP":100.82,"POSTME_VA":805.13,"POSTME_EXP":156.38,"HOTYRE_VA":9382.5,"HOTYRE_EXP":9324.68,"MMTVRA_VA":807.11,"MMTVRA_EXP":829.41,"TELECO_VA":8764.07,"TELECO_EXP":3034.61,"ITSERV_VA":2659.87,"ITSERV_EXP":954.92,"SERFIN_VA":42826.58,"SERFIN_EXP":29531.71,"GOBEST_VA":40416.81,"GOBEST_EXP":2363.87,"SPRSCT_VA":6463.68,"SPRSCT_EXP":1447.51,"SEAEMP_VA":4255.18,"SEAEMP_EXP":668.18,"ADPDEF_VA":15541.76,"ADPDEF_EXP":91.41,"EDUCAC_VA":17490.12,"EDUCAC_EXP":2070.0,"SALUDH_VA":9986.12,"SALUDH_EXP":550.75,"ESPARC_VA":1543.52,"ESPARC_EXP":2003.07,"OTRSER_VA":3916.44,"OTRSER_EXP":756.18,"SERHOG_VA":3202.61,"SERHOG_EXP":0.0}},{"type":"Feature","geometry":{"type":"Point","coordinates":[15.2,45.1]},"properties":{"id":"HRV","name":"Croacia","continent":"europe","year":2013,"AGRPFO_VA":1688.01,"AGRPFO_EXP":542.2,"FORLOG_VA":317.15,"FORLOG_EXP":60.33,"PESCAC_VA":150.74,"PESCAC_EXP":84.33,"MINCOL_VA":2.65,"MINCOL_EXP":1.53,"PETGAS_VA":306.78,"PETGAS_EXP":128.56,"MINORE_VA":2.7,"MINORE_EXP":0.43,"MINOTH_VA":116.69,"MINOTH_EXP":44.89,"MINSER_VA":147.89,"MINSER_EXP":30.05,"ALYBEB_VA":2153.3,"ALYBEB_EXP":1166.87,"TEXYPR_VA":476.99,"TEXYPR_EXP":230.91,"MADYPR_VA":231.43,"MADYPR_EXP":338.24,"PAPYPR_VA":342.06,"PAPYPR_EXP":187.62,"PETREF_VA":1196.89,"PETREF_EXP":1043.07,"QUIMYP_VA":248.67,"QUIMYP_EXP":428.98,"FARMED_VA":496.22,"FARMED_EXP":403.4,"HUPLAS_VA":261.78,"HUPLAS_EXP":209.5,"PRNOMT_VA":421.08,"PRNOMT_EXP":298.08,"METBAS_VA":41.79,"METBAS_EXP":85.78,"NONFER_VA":62.89,"NONFER_EXP":135.59,"PRMETA_VA":717.55,"PRMETA_EXP":631.46,"ELCTRO_VA":240.63,"ELCTRO_EXP":154.7,"ELCTRI_VA":279.84,"ELCTRI_EXP":472.74,"MAQYEQ_VA":310.41,"MAQYEQ_EXP":308.1,"AUTOMO_VA":52.58,"AUTOMO_EXP":87.49,"OTRTRA_VA":57.92,"OTRTRA_EXP":250.18,"TRANSP_VA":35.15,"TRANSP_EXP":74.16,"OTRMAN_VA":477.99,"OTRMAN_EXP":401.26,"ELEGAS_VA":1380.12,"ELEGAS_EXP":406.76,"AGUBAS_VA":715.89,"AGUBAS_EXP":72.75,"CONSTR_VA":2376.62,"CONSTR_EXP":364.32,"COMREV_VA":6092.25,"COMREV_EXP":2185.71,"TRATIE_VA":1162.96,"TRATIE_EXP":843.83,"TRAGUA_VA":205.24,"TRAGUA_EXP":205.12,"TRAAIR_VA":97.85,"TRAAIR_EXP":209.17,"ALMSTR_VA":867.49,"ALMSTR_EXP":487.5,"POSTME_VA":250.76,"POSTME_EXP":38.67,"HOTYRE_VA":2909.46,"HOTYRE_EXP":2337.6,"MMTVRA_VA":466.83,"MMTVRA_EXP":146.61,"TELECO_VA":1225.59,"TELECO_EXP":277.33,"ITSERV_VA":690.38,"ITSERV_EXP":321.76,"SERFIN_VA":3169.47,"SERFIN_EXP":370.89,"GOBEST_VA":4825.16,"GOBEST_EXP":541.98,"SPRSCT_VA":3117.2,"SPRSCT_EXP":1237.46,"SEAEMP_VA":1003.84,"SEAEMP_EXP":302.05,"ADPDEF_VA":3833.34,"ADPDEF_EXP":162.11,"EDUCAC_VA":2589.8,"EDUCAC_EXP":185.69,"SALUDH_VA":2439.61,"SALUDH_EXP":115.1,"ESPARC_VA":908.94,"ESPARC_EXP":334.14,"OTRSER_VA":814.35,"OTRSER_EXP":155.49,"SERHOG_VA":53.77,"SERHOG_EXP":0.0}},{"type":"Feature","geometry":{"type":"Point","coordinates":[19.5,47.16]},"properties":{"id":"HUN","name":"Hungría","continent":"europe","year":2013,"AGRPFO_VA":5230.79,"AGRPFO_EXP":3010.11,"FORLOG_VA":289.51,"FORLOG_EXP":121.65,"PESCAC_VA":21.53,"PESCAC_EXP":16.02,"MINCOL_VA":3.2,"MINCOL_EXP":4.8,"PETGAS_VA":84.23,"PETGAS_EXP":45.72,"MINORE_VA":2.11,"MINORE_EXP":2.64,"MINOTH_VA":96.19,"MINOTH_EXP":67.54,"MINSER_VA":85.69,"MINSER_EXP":47.82,"ALYBEB_VA":2638.05,"ALYBEB_EXP":5005.84,"TEXYPR_VA":641.55,"TEXYPR_EXP":966.77,"MADYPR_VA":313.97,"MADYPR_EXP":535.35,"PAPYPR_VA":844.23,"PAPYPR_EXP":1057.6,"PETREF_VA":2113.29,"PETREF_EXP":2598.48,"QUIMYP_VA":1136.81,"QUIMYP_EXP":4104.04,"FARMED_VA":1769.99,"FARMED_EXP":2803.29,"HUPLAS_VA":1723.21,"HUPLAS_EXP":3847.17,"PRNOMT_VA":861.3,"PRNOMT_EXP":1295.71,"METBAS_VA":268.78,"METBAS_EXP":1051.03,"NONFER_VA":423.2,"NONFER_EXP":1359.37,"PRMETA_VA":1861.07,"PRMETA_EXP":2527.32,"ELCTRO_VA":2454.93,"ELCTRO_EXP":10864.53,"ELCTRI_VA":1134.15,"ELCTRI_EXP":3604.39,"MAQYEQ_VA":3544.94,"MAQYEQ_EXP":7218.78,"AUTOMO_VA":5139.09,"AUTOMO_EXP":20692.97,"OTRTRA_VA":4.65,"OTRTRA_EXP":6.84,"TRANSP_VA":183.78,"TRANSP_EXP":351.61,"OTRMAN_VA":1484.0,"OTRMAN_EXP":1829.85,"ELEGAS_VA":2893.29,"ELEGAS_EXP":693.18,"AGUBAS_VA":1309.39,"AGUBAS_EXP":76.75,"CONSTR_VA":4936.04,"CONSTR_EXP":129.75,"COMREV_VA":12908.15,"COMREV_EXP":8243.08,"TRATIE_VA":4338.21,"TRATIE_EXP":3566.04,"TRAGUA_VA":88.99,"TRAGUA_EXP":51.64,"TRAAIR_VA":402.83,"TRAAIR_EXP":913.83,"ALMSTR_VA":2883.47,"ALMSTR_EXP":2597.75,"POSTME_VA":683.14,"POSTME_EXP":122.09,"HOTYRE_VA":1942.19,"HOTYRE_EXP":1115.6,"MMTVRA_VA":1613.02,"MMTVRA_EXP":1314.56,"TELECO_VA":1929.4,"TELECO_EXP":355.08,"ITSERV_VA":2677.0,"ITSERV_EXP":1795.89,"SERFIN_VA":4930.76,"SERFIN_EXP":471.69,"GOBEST_VA":10487.49,"GOBEST_EXP":413.0,"SPRSCT_VA":6667.96,"SPRSCT_EXP":3913.82,"SEAEMP_VA":3987.09,"SEAEMP_EXP":2227.84,"ADPDEF_VA":9906.32,"ADPDEF_EXP":0.0,"EDUCAC_VA":4738.17,"EDUCAC_EXP":126.92,"SALUDH_VA":5406.6,"SALUDH_EXP":86.3,"ESPARC_VA":1454.83,"ESPARC_EXP":275.69,"OTRSER_VA":1963.13,"OTRSER_EXP":119.16,"SERHOG_VA":17.38,"SERHOG_EXP":0.0}},{"type":"Feature","geometry":{"type":"Point","coordinates":[113.92,-0.79]},"properties":{"id":"IDN","name":"Indonesia","continent":"asia","year":2013,"AGRPFO_VA":90791.85,"AGRPFO_EXP":6642.37,"FORLOG_VA":6353.04,"FORLOG_EXP":42.67,"PESCAC_VA":19223.38,"PESCAC_EXP":649.18,"MINCOL_VA":25779.03,"MINCOL_EXP":21450.56,"PETGAS_VA":47496.92,"PETGAS_EXP":28054.46,"MINORE_VA":9041.49,"MINORE_EXP":10445.16,"MINOTH_VA":9664.69,"MINOTH_EXP":223.83,"MINSER_VA":4068.99,"MINSER_EXP":234.0,"ALYBEB_VA":46620.64,"ALYBEB_EXP":24989.18,"TEXYPR_VA":12922.38,"TEXYPR_EXP":15332.53,"MADYPR_VA":4889.47,"MADYPR_EXP":3645.1,"PAPYPR_VA":6650.96,"PAPYPR_EXP":5415.58,"PETREF_VA":25532.43,"PETREF_EXP":3344.02,"QUIMYP_VA":12018.05,"QUIMYP_EXP":9744.01,"FARMED_VA":856.52,"FARMED_EXP":518.41,"HUPLAS_VA":6390.69,"HUPLAS_EXP":7094.97,"PRNOMT_VA":5680.9,"PRNOMT_EXP":919.84,"METBAS_VA":4301.59,"METBAS_EXP":1390.12,"NONFER_VA":3077.21,"NONFER_EXP":3674.25,"PRMETA_VA":19471.49,"PRMETA_EXP":1973.91,"ELCTRO_VA":6425.71,"ELCTRO_EXP":7316.2,"ELCTRI_VA":9144.92,"ELCTRI_EXP":4782.09,"MAQYEQ_VA":2204.15,"MAQYEQ_EXP":2669.01,"AUTOMO_VA":15495.7,"AUTOMO_EXP":3241.23,"OTRTRA_VA":476.84,"OTRTRA_EXP":841.71,"TRANSP_VA":328.65,"TRANSP_EXP":1104.93,"OTRMAN_VA":3884.95,"OTRMAN_EXP":4999.7,"ELEGAS_VA":9074.49,"ELEGAS_EXP":5.76,"AGUBAS_VA":654.47,"AGUBAS_EXP":0.82,"CONSTR_VA":83956.27,"CONSTR_EXP":138.13,"COMREV_VA":149141.99,"COMREV_EXP":19847.17,"TRATIE_VA":17782.47,"TRATIE_EXP":2601.96,"TRAGUA_VA":3809.99,"TRAGUA_EXP":3869.3,"TRAAIR_VA":7144.23,"TRAAIR_EXP":1793.81,"ALMSTR_VA":4769.76,"ALMSTR_EXP":626.34,"POSTME_VA":1007.83,"POSTME_EXP":498.32,"HOTYRE_VA":26614.78,"HOTYRE_EXP":2460.21,"MMTVRA_VA":6253.71,"MMTVRA_EXP":685.26,"TELECO_VA":23872.96,"TELECO_EXP":910.82,"ITSERV_VA":2445.21,"ITSERV_EXP":401.92,"SERFIN_VA":33780.41,"SERFIN_EXP":508.78,"GOBEST_VA":21943.61,"GOBEST_EXP":706.38,"SPRSCT_VA":5326.63,"SPRSCT_EXP":4455.89,"SEAEMP_VA":5112.69,"SEAEMP_EXP":3668.9,"ADPDEF_VA":34064.4,"ADPDEF_EXP":0.23,"EDUCAC_VA":28143.11,"EDUCAC_EXP":131.98,"SALUDH_VA":8604.6,"SALUDH_EXP":89.19,"ESPARC_VA":3211.46,"ESPARC_EXP":316.32,"OTRSER_VA":16877.1,"OTRSER_EXP":120.24,"SERHOG_VA":3452.28,"SERHOG_EXP":0.0}},{"type":"Feature","geometry":{"type":"Point","coordinates":[78.96,20.59]},"properties":{"id":"IND","name":"India","continent":"asia","year":2013,"AGRPFO_VA":281410.96,"AGRPFO_EXP":6407.62,"FORLOG_VA":26310.0,"FORLOG_EXP":3049.28,"PESCAC_VA":16605.1,"PESCAC_EXP":756.23,"MINCOL_VA":9161.66,"MINCOL_EXP":181.67,"PETGAS_VA":23744.61,"PETGAS_EXP":67.54,"MINORE_VA":7786.93,"MINORE_EXP":1803.57,"MINOTH_VA":1347.43,"MINOTH_EXP":1023.26,"MINSER_VA":10446.49,"MINSER_EXP":59.78,"ALYBEB_VA":28703.93,"ALYBEB_EXP":23414.22,"TEXYPR_VA":42511.79,"TEXYPR_EXP":39950.05,"MADYPR_VA":3692.7,"MADYPR_EXP":3266.59,"PAPYPR_VA":7255.65,"PAPYPR_EXP":1108.28,"PETREF_VA":30837.11,"PETREF_EXP":61422.45,"QUIMYP_VA":21525.5,"QUIMYP_EXP":16509.18,"FARMED_VA":16367.06,"FARMED_EXP":10127.34,"HUPLAS_VA":11093.19,"HUPLAS_EXP":7597.12,"PRNOMT_VA":17283.07,"PRNOMT_EXP":2335.17,"METBAS_VA":32082.64,"METBAS_EXP":15392.06,"NONFER_VA":6651.54,"NONFER_EXP":4720.88,"PRMETA_VA":14654.68,"PRMETA_EXP":7222.29,"ELCTRO_VA":8355.19,"ELCTRO_EXP":9908.75,"ELCTRI_VA":11562.86,"ELCTRI_EXP":6454.57,"MAQYEQ_VA":19318.88,"MAQYEQ_EXP":9272.88,"AUTOMO_VA":23616.56,"AUTOMO_EXP":11480.9,"OTRTRA_VA":441.97,"OTRTRA_EXP":433.31,"TRANSP_VA":6816.09,"TRANSP_EXP":4823.41,"OTRMAN_VA":10380.37,"OTRMAN_EXP":25469.01,"ELEGAS_VA":38912.84,"ELEGAS_EXP":713.18,"AGUBAS_VA":6844.37,"AGUBAS_EXP":0.36,"CONSTR_VA":172197.36,"CONSTR_EXP":917.22,"COMREV_VA":180780.67,"COMREV_EXP":30350.2,"TRATIE_VA":77544.13,"TRATIE_EXP":13215.59,"TRAGUA_VA":1152.01,"TRAGUA_EXP":1114.78,"TRAAIR_VA":1582.0,"TRAAIR_EXP":4289.9,"ALMSTR_VA":14580.93,"ALMSTR_EXP":7732.76,"POSTME_VA":3484.08,"POSTME_EXP":208.46,"HOTYRE_VA":17886.38,"HOTYRE_EXP":6555.27,"MMTVRA_VA":7206.37,"MMTVRA_EXP":6630.91,"TELECO_VA":22078.53,"TELECO_EXP":1895.01,"ITSERV_VA":60725.52,"ITSERV_EXP":67450.94,"SERFIN_VA":102082.06,"SERFIN_EXP":5875.9,"GOBEST_VA":133933.12,"GOBEST_EXP":1662.45,"SPRSCT_VA":5871.2,"SPRSCT_EXP":6463.39,"SEAEMP_VA":48055.82,"SEAEMP_EXP":20740.95,"ADPDEF_VA":101616.14,"ADPDEF_EXP":9.66,"EDUCAC_VA":59470.9,"EDUCAC_EXP":388.51,"SALUDH_VA":23961.83,"SALUDH_EXP":259.82,"ESPARC_VA":4349.58,"ESPARC_EXP":702.67,"OTRSER_VA":21443.95,"OTRSER_EXP":338.34,"SERHOG_VA":3493.5,"SERHOG_EXP":0.0}},{"type":"Feature","geometry":{"type":"Point","coordinates":[-7.69,53.14]},"properties":{"id":"IRL","name":"Irlanda","continent":"europe","year":2013,"AGRPFO_VA":2397.14,"AGRPFO_EXP":966.23,"FORLOG_VA":24.19,"FORLOG_EXP":100.86,"PESCAC_VA":203.68,"PESCAC_EXP":326.1,"MINCOL_VA":9.95,"MINCOL_EXP":15.92,"PETGAS_VA":35.24,"PETGAS_EXP":38.63,"MINORE_VA":485.87,"MINORE_EXP":563.24,"MINOTH_VA":422.87,"MINOTH_EXP":130.94,"MINSER_VA":26.45,"MINSER_EXP":54.63,"ALYBEB_VA":9927.02,"ALYBEB_EXP":17677.36,"TEXYPR_VA":196.65,"TEXYPR_EXP":239.55,"MADYPR_VA":236.76,"MADYPR_EXP":644.57,"PAPYPR_VA":683.94,"PAPYPR_EXP":682.74,"PETREF_VA":426.55,"PETREF_EXP":1012.06,"QUIMYP_VA":4360.32,"QUIMYP_EXP":10391.55,"FARMED_VA":16393.38,"FARMED_EXP":33415.79,"HUPLAS_VA":570.93,"HUPLAS_EXP":1202.04,"PRNOMT_VA":678.97,"PRNOMT_EXP":586.88,"METBAS_VA":152.02,"METBAS_EXP":307.18,"NONFER_VA":104.3,"NONFER_EXP":463.12,"PRMETA_VA":892.17,"PRMETA_EXP":1738.7,"ELCTRO_VA":3806.75,"ELCTRO_EXP":13455.31,"ELCTRI_VA":424.86,"ELCTRI_EXP":722.11,"MAQYEQ_VA":1305.35,"MAQYEQ_EXP":2610.47,"AUTOMO_VA":279.81,"AUTOMO_EXP":309.37,"OTRTRA_VA":19.9,"OTRTRA_EXP":0.23,"TRANSP_VA":52.11,"TRANSP_EXP":72.93,"OTRMAN_VA":5857.0,"OTRMAN_EXP":8342.69,"ELEGAS_VA":4220.09,"ELEGAS_EXP":16.74,"AGUBAS_VA":1170.87,"AGUBAS_EXP":0.58,"CONSTR_VA":5254.77,"CONSTR_EXP":0.4,"COMREV_VA":26513.84,"COMREV_EXP":13912.28,"TRATIE_VA":2794.35,"TRATIE_EXP":1706.88,"TRAGUA_VA":127.58,"TRAGUA_EXP":188.63,"TRAAIR_VA":2079.81,"TRAAIR_EXP":6049.67,"ALMSTR_VA":2004.01,"ALMSTR_EXP":1349.19,"POSTME_VA":995.19,"POSTME_EXP":386.84,"HOTYRE_VA":4989.47,"HOTYRE_EXP":1687.33,"MMTVRA_VA":12192.96,"MMTVRA_EXP":9226.58,"TELECO_VA":2706.9,"TELECO_EXP":1341.09,"ITSERV_VA":8217.56,"ITSERV_EXP":46765.57,"SERFIN_VA":17813.97,"SERFIN_EXP":23767.25,"GOBEST_VA":15613.59,"GOBEST_EXP":1338.94,"SPRSCT_VA":10641.33,"SPRSCT_EXP":4821.79,"SEAEMP_VA":15473.8,"SEAEMP_EXP":13828.74,"ADPDEF_VA":10171.96,"ADPDEF_EXP":0.06,"EDUCAC_VA":10126.74,"EDUCAC_EXP":241.23,"SALUDH_VA":15993.13,"SALUDH_EXP":48.82,"ESPARC_VA":2661.84,"ESPARC_EXP":877.93,"OTRSER_VA":1843.79,"OTRSER_EXP":49.33,"SERHOG_VA":69.19,"SERHOG_EXP":0.0}},{"type":"Feature","geometry":{"type":"Point","coordinates":[-19.02,64.96]},"properties":{"id":"ISL","name":"Islandia","continent":"europe","year":2013,"AGRPFO_VA":184.52,"AGRPFO_EXP":25.08,"FORLOG_VA":0.7,"FORLOG_EXP":0.11,"PESCAC_VA":769.51,"PESCAC_EXP":502.42,"MINCOL_VA":0.02,"MINCOL_EXP":0.0,"PETGAS_VA":0.47,"PETGAS_EXP":0.07,"MINORE_VA":0.0,"MINORE_EXP":0.0,"MINOTH_VA":15.29,"MINOTH_EXP":5.1,"MINSER_VA":0.05,"MINSER_EXP":0.01,"ALYBEB_VA":857.63,"ALYBEB_EXP":1690.14,"TEXYPR_VA":23.09,"TEXYPR_EXP":27.28,"MADYPR_VA":11.39,"MADYPR_EXP":0.51,"PAPYPR_VA":57.45,"PAPYPR_EXP":6.35,"PETREF_VA":0.09,"PETREF_EXP":0.04,"QUIMYP_VA":21.27,"QUIMYP_EXP":26.81,"FARMED_VA":46.78,"FARMED_EXP":6.95,"HUPLAS_VA":25.66,"HUPLAS_EXP":16.39,"PRNOMT_VA":38.83,"PRNOMT_EXP":3.2,"METBAS_VA":45.03,"METBAS_EXP":34.63,"NONFER_VA":345.99,"NONFER_EXP":1291.33,"PRMETA_VA":92.02,"PRMETA_EXP":6.13,"ELCTRO_VA":7.42,"ELCTRO_EXP":2.21,"ELCTRI_VA":26.2,"ELCTRI_EXP":15.77,"MAQYEQ_VA":97.77,"MAQYEQ_EXP":85.3,"AUTOMO_VA":3.82,"AUTOMO_EXP":1.2,"OTRTRA_VA":1.87,"OTRTRA_EXP":5.05,"TRANSP_VA":12.32,"TRANSP_EXP":1.9,"OTRMAN_VA":204.71,"OTRMAN_EXP":34.22,"ELEGAS_VA":663.96,"ELEGAS_EXP":0.15,"AGUBAS_VA":154.7,"AGUBAS_EXP":0.3,"CONSTR_VA":717.45,"CONSTR_EXP":0.29,"COMREV_VA":1244.9,"COMREV_EXP":506.7,"TRATIE_VA":164.43,"TRATIE_EXP":76.49,"TRAGUA_VA":111.31,"TRAGUA_EXP":307.83,"TRAAIR_VA":365.42,"TRAAIR_EXP":1648.04,"ALMSTR_VA":226.39,"ALMSTR_EXP":273.33,"POSTME_VA":45.77,"POSTME_EXP":7.01,"HOTYRE_VA":492.86,"HOTYRE_EXP":347.29,"MMTVRA_VA":119.49,"MMTVRA_EXP":54.15,"TELECO_VA":212.31,"TELECO_EXP":39.01,"ITSERV_VA":338.26,"ITSERV_EXP":170.57,"SERFIN_VA":1021.83,"SERFIN_EXP":221.67,"GOBEST_VA":1682.06,"GOBEST_EXP":3.08,"SPRSCT_VA":630.02,"SPRSCT_EXP":286.18,"SEAEMP_VA":411.85,"SEAEMP_EXP":231.35,"ADPDEF_VA":820.86,"ADPDEF_EXP":0.69,"EDUCAC_VA":921.07,"EDUCAC_EXP":1.38,"SALUDH_VA":1356.02,"SALUDH_EXP":2.29,"ESPARC_VA":221.05,"ESPARC_EXP":136.82,"OTRSER_VA":198.01,"OTRSER_EXP":31.54,"SERHOG_VA":9.15,"SERHOG_EXP":0.0}},{"type":"Feature","geometry":{"type":"Point","coordinates":[34.85,31.05]},"properties":{"id":"ISR","name":"Israel","continent":"other","year":2013,"AGRPFO_VA":4121.19,"AGRPFO_EXP":1776.81,"FORLOG_VA":22.33,"FORLOG_EXP":0.93,"PESCAC_VA":55.43,"PESCAC_EXP":26.14,"MINCOL_VA":0.0,"MINCOL_EXP":0.0,"PETGAS_VA":316.92,"PETGAS_EXP":377.47,"MINORE_VA":0.0,"MINORE_EXP":0.0,"MINOTH_VA":1113.23,"MINOTH_EXP":2032.83,"MINSER_VA":148.01,"MINSER_EXP":90.46,"ALYBEB_VA":3791.62,"ALYBEB_EXP":960.64,"TEXYPR_VA":706.28,"TEXYPR_EXP":796.35,"MADYPR_VA":165.55,"MADYPR_EXP":48.53,"PAPYPR_VA":1109.33,"PAPYPR_EXP":435.86,"PETREF_VA":2867.97,"PETREF_EXP":5571.21,"QUIMYP_VA":4507.25,"QUIMYP_EXP":6447.24,"FARMED_VA":3621.05,"FARMED_EXP":4626.54,"HUPLAS_VA":1615.36,"HUPLAS_EXP":1797.99,"PRNOMT_VA":1101.57,"PRNOMT_EXP":488.26,"METBAS_VA":386.92,"METBAS_EXP":376.63,"NONFER_VA":164.19,"NONFER_EXP":297.78,"PRMETA_VA":3193.51,"PRMETA_EXP":1894.21,"ELCTRO_VA":9626.32,"ELCTRO_EXP":9217.78,"ELCTRI_VA":609.62,"ELCTRI_EXP":700.68,"MAQYEQ_VA":1481.84,"MAQYEQ_EXP":2518.52,"AUTOMO_VA":332.09,"AUTOMO_EXP":141.47,"OTRTRA_VA":18.75,"OTRTRA_EXP":35.5,"TRANSP_VA":1570.11,"TRANSP_EXP":3321.2,"OTRMAN_VA":1639.33,"OTRMAN_EXP":3086.51,"ELEGAS_VA":2224.66,"ELEGAS_EXP":0.18,"AGUBAS_VA":2457.14,"AGUBAS_EXP":38.08,"CONSTR_VA":15530.37,"CONSTR_EXP":6.94,"COMREV_VA":24240.37,"COMREV_EXP":8273.12,"TRATIE_VA":6257.63,"TRATIE_EXP":1251.86,"TRAGUA_VA":1010.23,"TRAGUA_EXP":1226.55,"TRAAIR_VA":3098.14,"TRAAIR_EXP":2719.28,"ALMSTR_VA":1002.49,"ALMSTR_EXP":1433.15,"POSTME_VA":795.1,"POSTME_EXP":101.71,"HOTYRE_VA":5892.43,"HOTYRE_EXP":1642.72,"MMTVRA_VA":1336.08,"MMTVRA_EXP":1135.52,"TELECO_VA":4793.02,"TELECO_EXP":861.06,"ITSERV_VA":11851.78,"ITSERV_EXP":11605.71,"SERFIN_VA":15418.05,"SERFIN_EXP":2284.24,"GOBEST_VA":44101.5,"GOBEST_EXP":1349.23,"SPRSCT_VA":18362.87,"SPRSCT_EXP":7322.13,"SEAEMP_VA":9763.06,"SEAEMP_EXP":957.66,"ADPDEF_VA":20973.41,"ADPDEF_EXP":197.16,"EDUCAC_VA":16752.47,"EDUCAC_EXP":31.77,"SALUDH_VA":16074.49,"SALUDH_EXP":161.62,"ESPARC_VA":4322.73,"ESPARC_EXP":455.82,"OTRSER_VA":3378.88,"OTRSER_EXP":104.07,"SERHOG_VA":551.38,"SERHOG_EXP":0.0}},{"type":"Feature","geometry":{"type":"Point","coordinates":[12.57,41.87]},"properties":{"id":"ITA","name":"Italia","continent":"europe","year":2013,"AGRPFO_VA":44233.71,"AGRPFO_EXP":6971.73,"FORLOG_VA":2452.26,"FORLOG_EXP":136.08,"PESCAC_VA":1332.63,"PESCAC_EXP":249.44,"MINCOL_VA":80.68,"MINCOL_EXP":11.83,"PETGAS_VA":6462.53,"PETGAS_EXP":1211.38,"MINORE_VA":0.92,"MINORE_EXP":0.56,"MINOTH_VA":1992.28,"MINOTH_EXP":640.27,"MINSER_VA":469.6,"MINSER_EXP":198.37,"ALYBEB_VA":34755.68,"ALYBEB_EXP":27791.43,"TEXYPR_VA":32610.69,"TEXYPR_EXP":35603.17,"MADYPR_VA":6827.76,"MADYPR_EXP":2770.59,"PAPYPR_VA":12932.38,"PAPYPR_EXP":6934.5,"PETREF_VA":4856.37,"PETREF_EXP":16406.73,"QUIMYP_VA":13713.29,"QUIMYP_EXP":25610.23,"FARMED_VA":12082.76,"FARMED_EXP":14720.92,"HUPLAS_VA":15545.79,"HUPLAS_EXP":14533.13,"PRNOMT_VA":13863.0,"PRNOMT_EXP":10086.55,"METBAS_VA":7735.63,"METBAS_EXP":19383.59,"NONFER_VA":3250.92,"NONFER_EXP":9813.74,"PRMETA_VA":37834.84,"PRMETA_EXP":22202.12,"ELCTRO_VA":11075.33,"ELCTRO_EXP":11497.78,"ELCTRI_VA":15115.72,"ELCTRI_EXP":22513.96,"MAQYEQ_VA":45776.04,"MAQYEQ_EXP":73955.92,"AUTOMO_VA":14662.87,"AUTOMO_EXP":30174.77,"OTRTRA_VA":1728.79,"OTRTRA_EXP":2956.06,"TRANSP_VA":5907.83,"TRANSP_EXP":7265.64,"OTRMAN_VA":28156.66,"OTRMAN_EXP":20831.11,"ELEGAS_VA":34583.31,"ELEGAS_EXP":3484.12,"AGUBAS_VA":20116.38,"AGUBAS_EXP":299.73,"CONSTR_VA":100566.37,"CONSTR_EXP":1422.03,"COMREV_VA":223821.22,"COMREV_EXP":82716.95,"TRATIE_VA":63221.09,"TRATIE_EXP":13537.38,"TRAGUA_VA":4269.74,"TRAGUA_EXP":5228.79,"TRAAIR_VA":1082.88,"TRAAIR_EXP":5136.61,"ALMSTR_VA":39805.14,"ALMSTR_EXP":10165.62,"POSTME_VA":5638.43,"POSTME_EXP":856.98,"HOTYRE_VA":71559.96,"HOTYRE_EXP":16146.49,"MMTVRA_VA":12112.11,"MMTVRA_EXP":2943.31,"TELECO_VA":26383.64,"TELECO_EXP":6841.66,"ITSERV_VA":35346.97,"ITSERV_EXP":3404.48,"SERFIN_VA":109463.1,"SERFIN_EXP":8820.99,"GOBEST_VA":263362.36,"GOBEST_EXP":4439.96,"SPRSCT_VA":127026.83,"SPRSCT_EXP":12924.15,"SEAEMP_VA":61267.71,"SEAEMP_EXP":11751.7,"ADPDEF_VA":138302.35,"ADPDEF_EXP":55.83,"EDUCAC_VA":83860.51,"EDUCAC_EXP":1029.51,"SALUDH_VA":120170.84,"SALUDH_EXP":1366.74,"ESPARC_VA":22079.95,"ESPARC_EXP":2799.86,"OTRSER_VA":36382.18,"OTRSER_EXP":1386.47,"SERHOG_VA":24925.62,"SERHOG_EXP":0.0}},{"type":"Feature","geometry":{"type":"Point","coordinates":[36.24,30.59]},"properties":{"id":"JOR","name":"Jordania","continent":"other","year":2013,"AGRPFO_VA":1154.34,"AGRPFO_EXP":863.0,"FORLOG_VA":71.32,"FORLOG_EXP":0.22,"PESCAC_VA":1.98,"PESCAC_EXP":0.22,"MINCOL_VA":135.89,"MINCOL_EXP":0.03,"PETGAS_VA":239.21,"PETGAS_EXP":0.31,"MINORE_VA":109.24,"MINORE_EXP":0.55,"MINOTH_VA":193.38,"MINOTH_EXP":309.75,"MINSER_VA":108.85,"MINSER_EXP":4.14,"ALYBEB_VA":1604.47,"ALYBEB_EXP":618.28,"TEXYPR_VA":752.28,"TEXYPR_EXP":818.34,"MADYPR_VA":57.14,"MADYPR_EXP":24.06,"PAPYPR_VA":262.53,"PAPYPR_EXP":254.15,"PETREF_VA":317.87,"PETREF_EXP":10.59,"QUIMYP_VA":547.64,"QUIMYP_EXP":1350.06,"FARMED_VA":518.24,"FARMED_EXP":655.11,"HUPLAS_VA":201.52,"HUPLAS_EXP":170.82,"PRNOMT_VA":564.31,"PRNOMT_EXP":94.62,"METBAS_VA":108.34,"METBAS_EXP":104.13,"NONFER_VA":115.01,"NONFER_EXP":54.9,"PRMETA_VA":362.06,"PRMETA_EXP":191.86,"ELCTRO_VA":41.73,"ELCTRO_EXP":8.56,"ELCTRI_VA":127.64,"ELCTRI_EXP":156.31,"MAQYEQ_VA":131.43,"MAQYEQ_EXP":116.53,"AUTOMO_VA":66.06,"AUTOMO_EXP":68.77,"OTRTRA_VA":7.44,"OTRTRA_EXP":0.37,"TRANSP_VA":14.37,"TRANSP_EXP":3.12,"OTRMAN_VA":118.47,"OTRMAN_EXP":177.67,"ELEGAS_VA":339.76,"ELEGAS_EXP":11.92,"AGUBAS_VA":290.98,"AGUBAS_EXP":1.03,"CONSTR_VA":1206.39,"CONSTR_EXP":2.53,"COMREV_VA":3024.81,"COMREV_EXP":807.95,"TRATIE_VA":1357.02,"TRATIE_EXP":869.04,"TRAGUA_VA":78.59,"TRAGUA_EXP":58.89,"TRAAIR_VA":213.48,"TRAAIR_EXP":946.07,"ALMSTR_VA":508.86,"ALMSTR_EXP":202.4,"POSTME_VA":16.37,"POSTME_EXP":23.29,"HOTYRE_VA":579.5,"HOTYRE_EXP":611.91,"MMTVRA_VA":146.77,"MMTVRA_EXP":117.62,"TELECO_VA":883.35,"TELECO_EXP":111.83,"ITSERV_VA":225.06,"ITSERV_EXP":50.24,"SERFIN_VA":2356.11,"SERFIN_EXP":555.37,"GOBEST_VA":3553.46,"GOBEST_EXP":59.83,"SPRSCT_VA":315.52,"SPRSCT_EXP":151.86,"SEAEMP_VA":281.77,"SEAEMP_EXP":460.73,"ADPDEF_VA":3430.31,"ADPDEF_EXP":7.64,"EDUCAC_VA":2783.12,"EDUCAC_EXP":457.19,"SALUDH_VA":1045.4,"SALUDH_EXP":387.92,"ESPARC_VA":98.74,"ESPARC_EXP":233.56,"OTRSER_VA":258.02,"OTRSER_EXP":27.62,"SERHOG_VA":513.03,"SERHOG_EXP":0.0}},{"type":"Feature","geometry":{"type":"Point","coordinates":[138.25,36.2]},"properties":{"id":"JPN","name":"Japón","continent":"asia","year":2013,"AGRPFO_VA":45030.6,"AGRPFO_EXP":285.16,"FORLOG_VA":2208.82,"FORLOG_EXP":36.14,"PESCAC_VA":6656.62,"PESCAC_EXP":261.04,"MINCOL_VA":583.1,"MINCOL_EXP":1.17,"PETGAS_VA":607.66,"PETGAS_EXP":38.12,"MINORE_VA":1648.33,"MINORE_EXP":117.48,"MINOTH_VA":904.43,"MINOTH_EXP":334.21,"MINSER_VA":910.44,"MINSER_EXP":251.69,"ALYBEB_VA":120870.45,"ALYBEB_EXP":3584.68,"TEXYPR_VA":14861.17,"TEXYPR_EXP":5868.18,"MADYPR_VA":8135.3,"MADYPR_EXP":170.49,"PAPYPR_VA":46813.61,"PAPYPR_EXP":3309.13,"PETREF_VA":51963.73,"PETREF_EXP":12173.6,"QUIMYP_VA":58609.08,"QUIMYP_EXP":40300.15,"FARMED_VA":39464.74,"FARMED_EXP":2252.44,"HUPLAS_VA":47105.59,"HUPLAS_EXP":19665.53,"PRNOMT_VA":27470.65,"PRNOMT_EXP":6868.97,"METBAS_VA":72151.17,"METBAS_EXP":32516.55,"NONFER_VA":23535.23,"NONFER_EXP":21557.71,"PRMETA_VA":43545.35,"PRMETA_EXP":5019.93,"ELCTRO_VA":80795.11,"ELCTRO_EXP":78081.06,"ELCTRI_VA":59863.82,"ELCTRI_EXP":36712.95,"MAQYEQ_VA":136785.12,"MAQYEQ_EXP":90702.82,"AUTOMO_VA":120772.46,"AUTOMO_EXP":159964.71,"OTRTRA_VA":8125.92,"OTRTRA_EXP":16087.73,"TRANSP_VA":11211.9,"TRANSP_EXP":9136.45,"OTRMAN_VA":124111.09,"OTRMAN_EXP":6685.17,"ELEGAS_VA":40114.59,"ELEGAS_EXP":32.16,"AGUBAS_VA":74317.6,"AGUBAS_EXP":60.99,"CONSTR_VA":255866.48,"CONSTR_EXP":88.38,"COMREV_VA":697462.44,"COMREV_EXP":111793.81,"TRATIE_VA":161626.23,"TRATIE_EXP":19074.01,"TRAGUA_VA":12902.91,"TRAGUA_EXP":10754.02,"TRAAIR_VA":7653.34,"TRAAIR_EXP":3298.72,"ALMSTR_VA":63469.31,"ALMSTR_EXP":7542.07,"POSTME_VA":11123.3,"POSTME_EXP":465.76,"HOTYRE_VA":129269.63,"HOTYRE_EXP":4985.95,"MMTVRA_VA":45581.15,"MMTVRA_EXP":5540.18,"TELECO_VA":102763.39,"TELECO_EXP":1087.12,"ITSERV_VA":125298.79,"ITSERV_EXP":4057.03,"SERFIN_VA":231480.74,"SERFIN_EXP":16814.88,"GOBEST_VA":605903.44,"GOBEST_EXP":1476.47,"SPRSCT_VA":218708.12,"SPRSCT_EXP":12732.18,"SEAEMP_VA":153172.02,"SEAEMP_EXP":50520.35,"ADPDEF_VA":246412.04,"ADPDEF_EXP":49.95,"EDUCAC_VA":177416.09,"EDUCAC_EXP":115.52,"SALUDH_VA":364150.59,"SALUDH_EXP":177.26,"ESPARC_VA":58274.95,"ESPARC_EXP":405.44,"OTRSER_VA":87448.13,"OTRSER_EXP":38.37,"SERHOG_VA":0.0,"SERHOG_EXP":0.0}},{"type":"Feature","geometry":{"type":"Point","coordinates":[66.92,48.02]},"properties":{"id":"KAZ","name":"Kazajistán","continent":"asia","year":2013,"AGRPFO_VA":10424.48,"AGRPFO_EXP":1649.46,"FORLOG_VA":135.03,"FORLOG_EXP":1.19,"PESCAC_VA":370.65,"PESCAC_EXP":4.25,"MINCOL_VA":1013.43,"MINCOL_EXP":644.25,"PETGAS_VA":29682.69,"PETGAS_EXP":40114.22,"MINORE_VA":4693.58,"MINORE_EXP":3218.3,"MINOTH_VA":429.11,"MINOTH_EXP":470.45,"MINSER_VA":1980.81,"MINSER_EXP":17.55,"ALYBEB_VA":5949.42,"ALYBEB_EXP":1145.13,"TEXYPR_VA":337.38,"TEXYPR_EXP":114.71,"MADYPR_VA":52.99,"MADYPR_EXP":7.68,"PAPYPR_VA":326.64,"PAPYPR_EXP":43.52,"PETREF_VA":3368.69,"PETREF_EXP":4461.4,"QUIMYP_VA":809.88,"QUIMYP_EXP":871.67,"FARMED_VA":419.68,"FARMED_EXP":27.74,"HUPLAS_VA":546.79,"HUPLAS_EXP":76.06,"PRNOMT_VA":1744.47,"PRNOMT_EXP":83.12,"METBAS_VA":3032.22,"METBAS_EXP":3719.12,"NONFER_VA":6089.42,"NONFER_EXP":3012.79,"PRMETA_VA":647.17,"PRMETA_EXP":176.81,"ELCTRO_VA":95.31,"ELCTRO_EXP":178.78,"ELCTRI_VA":261.92,"ELCTRI_EXP":105.86,"MAQYEQ_VA":318.34,"MAQYEQ_EXP":361.77,"AUTOMO_VA":520.34,"AUTOMO_EXP":61.74,"OTRTRA_VA":60.42,"OTRTRA_EXP":111.28,"TRANSP_VA":106.64,"TRANSP_EXP":179.4,"OTRMAN_VA":1450.8,"OTRMAN_EXP":43.8,"ELEGAS_VA":3915.54,"ELEGAS_EXP":209.91,"AGUBAS_VA":693.73,"AGUBAS_EXP":0.75,"CONSTR_VA":14764.98,"CONSTR_EXP":58.8,"COMREV_VA":36559.62,"COMREV_EXP":16633.33,"TRATIE_VA":13669.94,"TRATIE_EXP":5985.29,"TRAGUA_VA":347.12,"TRAGUA_EXP":60.95,"TRAAIR_VA":731.8,"TRAAIR_EXP":295.78,"ALMSTR_VA":4189.95,"ALMSTR_EXP":818.93,"POSTME_VA":265.88,"POSTME_EXP":25.68,"HOTYRE_VA":2095.62,"HOTYRE_EXP":625.97,"MMTVRA_VA":639.92,"MMTVRA_EXP":105.65,"TELECO_VA":5108.94,"TELECO_EXP":180.95,"ITSERV_VA":1909.04,"ITSERV_EXP":29.58,"SERFIN_VA":6594.68,"SERFIN_EXP":186.35,"GOBEST_VA":19295.12,"GOBEST_EXP":226.0,"SPRSCT_VA":10254.18,"SPRSCT_EXP":548.23,"SEAEMP_VA":4288.34,"SEAEMP_EXP":539.3,"ADPDEF_VA":4926.24,"ADPDEF_EXP":11.86,"EDUCAC_VA":6967.09,"EDUCAC_EXP":23.93,"SALUDH_VA":4049.67,"SALUDH_EXP":57.32,"ESPARC_VA":1019.67,"ESPARC_EXP":61.54,"OTRSER_VA":4149.55,"OTRSER_EXP":35.27,"SERHOG_VA":179.28,"SERHOG_EXP":0.0}},{"type":"Feature","geometry":{"type":"Point","coordinates":[104.99,12.57]},"properties":{"id":"KHM","name":"Camboya","continent":"asia","year":2013,"AGRPFO_VA":3222.27,"AGRPFO_EXP":2315.71,"FORLOG_VA":329.08,"FORLOG_EXP":0.3,"PESCAC_VA":1014.03,"PESCAC_EXP":169.28,"MINCOL_VA":0.0,"MINCOL_EXP":0.0,"PETGAS_VA":0.0,"PETGAS_EXP":0.0,"MINORE_VA":37.71,"MINORE_EXP":1.53,"MINOTH_VA":55.36,"MINOTH_EXP":2.24,"MINSER_VA":25.92,"MINSER_EXP":0.48,"ALYBEB_VA":324.28,"ALYBEB_EXP":416.43,"TEXYPR_VA":1786.59,"TEXYPR_EXP":3152.7,"MADYPR_VA":20.05,"MADYPR_EXP":34.3,"PAPYPR_VA":39.89,"PAPYPR_EXP":73.83,"PETREF_VA":5.57,"PETREF_EXP":1.34,"QUIMYP_VA":36.4,"QUIMYP_EXP":10.25,"FARMED_VA":21.38,"FARMED_EXP":3.86,"HUPLAS_VA":69.23,"HUPLAS_EXP":24.1,"PRNOMT_VA":74.58,"PRNOMT_EXP":0.66,"METBAS_VA":883.51,"METBAS_EXP":5.8,"NONFER_VA":16.6,"NONFER_EXP":3.35,"PRMETA_VA":63.16,"PRMETA_EXP":23.43,"ELCTRO_VA":0.1,"ELCTRO_EXP":0.04,"ELCTRI_VA":0.1,"ELCTRI_EXP":0.03,"MAQYEQ_VA":2.73,"MAQYEQ_EXP":1.5,"AUTOMO_VA":18.31,"AUTOMO_EXP":10.48,"OTRTRA_VA":3.2,"OTRTRA_EXP":4.47,"TRANSP_VA":5.72,"TRANSP_EXP":7.79,"OTRMAN_VA":70.46,"OTRMAN_EXP":27.47,"ELEGAS_VA":45.37,"ELEGAS_EXP":0.71,"AGUBAS_VA":46.6,"AGUBAS_EXP":0.35,"CONSTR_VA":1044.35,"CONSTR_EXP":1.58,"COMREV_VA":1341.94,"COMREV_EXP":506.15,"TRATIE_VA":384.7,"TRATIE_EXP":314.44,"TRAGUA_VA":71.88,"TRAGUA_EXP":87.74,"TRAAIR_VA":58.64,"TRAAIR_EXP":107.37,"ALMSTR_VA":208.65,"ALMSTR_EXP":226.91,"POSTME_VA":67.69,"POSTME_EXP":59.33,"HOTYRE_VA":673.58,"HOTYRE_EXP":562.12,"MMTVRA_VA":70.48,"MMTVRA_EXP":71.68,"TELECO_VA":249.04,"TELECO_EXP":173.38,"ITSERV_VA":60.22,"ITSERV_EXP":14.15,"SERFIN_VA":309.26,"SERFIN_EXP":67.12,"GOBEST_VA":901.59,"GOBEST_EXP":154.3,"SPRSCT_VA":148.9,"SPRSCT_EXP":40.76,"SEAEMP_VA":118.18,"SEAEMP_EXP":51.74,"ADPDEF_VA":214.94,"ADPDEF_EXP":0.74,"EDUCAC_VA":218.33,"EDUCAC_EXP":44.7,"SALUDH_VA":364.14,"SALUDH_EXP":29.9,"ESPARC_VA":105.92,"ESPARC_EXP":88.75,"OTRSER_VA":202.23,"OTRSER_EXP":40.81,"SERHOG_VA":0.0,"SERHOG_EXP":0.0}},{"type":"Feature","geometry":{"type":"Point","coordinates":[127.77,35.91]},"properties":{"id":"KOR","name":"Corea del Sur","continent":"asia","year":2013,"AGRPFO_VA":22849.01,"AGRPFO_EXP":524.66,"FORLOG_VA":2060.24,"FORLOG_EXP":39.65,"PESCAC_VA":2736.45,"PESCAC_EXP":213.34,"MINCOL_VA":149.56,"MINCOL_EXP":5.29,"PETGAS_VA":188.29,"PETGAS_EXP":3.05,"MINORE_VA":77.14,"MINORE_EXP":41.3,"MINOTH_VA":1341.95,"MINOTH_EXP":234.56,"MINSER_VA":7.75,"MINSER_EXP":5.69,"ALYBEB_VA":16977.79,"ALYBEB_EXP":5654.11,"TEXYPR_VA":17836.48,"TEXYPR_EXP":13751.59,"MADYPR_VA":1779.67,"MADYPR_EXP":143.24,"PAPYPR_VA":10155.71,"PAPYPR_EXP":3894.41,"PETREF_VA":14923.66,"PETREF_EXP":69183.25,"QUIMYP_VA":37262.67,"QUIMYP_EXP":47383.62,"FARMED_VA":6657.3,"FARMED_EXP":1492.26,"HUPLAS_VA":19930.21,"HUPLAS_EXP":13716.6,"PRNOMT_VA":10422.4,"PRNOMT_EXP":2610.05,"METBAS_VA":23921.98,"METBAS_EXP":27734.65,"NONFER_VA":6685.94,"NONFER_EXP":11666.21,"PRMETA_VA":27605.1,"PRMETA_EXP":13411.77,"ELCTRO_VA":97769.14,"ELCTRO_EXP":149734.61,"ELCTRI_VA":22698.7,"ELCTRI_EXP":33986.49,"MAQYEQ_VA":32335.04,"MAQYEQ_EXP":38183.63,"AUTOMO_VA":41961.31,"AUTOMO_EXP":74470.74,"OTRTRA_VA":12587.27,"OTRTRA_EXP":36551.9,"TRANSP_VA":2717.33,"TRANSP_EXP":3022.5,"OTRMAN_VA":7635.09,"OTRMAN_EXP":4608.93,"ELEGAS_VA":18381.04,"ELEGAS_EXP":24.99,"AGUBAS_VA":6740.76,"AGUBAS_EXP":12.84,"CONSTR_VA":60373.61,"CONSTR_EXP":0.29,"COMREV_VA":132947.43,"COMREV_EXP":49957.61,"TRATIE_VA":14515.63,"TRATIE_EXP":1968.66,"TRAGUA_VA":6741.96,"TRAGUA_EXP":11376.29,"TRAAIR_VA":11370.3,"TRAAIR_EXP":9098.02,"ALMSTR_VA":11822.84,"ALMSTR_EXP":1433.88,"POSTME_VA":3530.48,"POSTME_EXP":130.64,"HOTYRE_VA":33734.77,"HOTYRE_EXP":4285.83,"MMTVRA_VA":18878.84,"MMTVRA_EXP":2374.33,"TELECO_VA":17382.45,"TELECO_EXP":1043.9,"ITSERV_VA":20968.27,"ITSERV_EXP":4895.44,"SERFIN_VA":68774.68,"SERFIN_EXP":5080.15,"GOBEST_VA":101912.12,"GOBEST_EXP":934.15,"SPRSCT_VA":76526.13,"SPRSCT_EXP":14649.07,"SEAEMP_VA":40122.24,"SEAEMP_EXP":16706.31,"ADPDEF_VA":75295.84,"ADPDEF_EXP":36.03,"EDUCAC_VA":64389.34,"EDUCAC_EXP":343.86,"SALUDH_VA":51243.52,"SALUDH_EXP":170.69,"ESPARC_VA":13556.3,"ESPARC_EXP":1342.71,"OTRSER_VA":18188.13,"OTRSER_EXP":266.01,"SERHOG_VA":1919.84,"SERHOG_EXP":0.0}},{"type":"Feature","geometry":{"type":"Point","coordinates":[102.5,19.86]},"properties":{"id":"LAO","name":"Laos","continent":"asia","year":2013,"AGRPFO_VA":1636.45,"AGRPFO_EXP":275.83,"FORLOG_VA":220.3,"FORLOG_EXP":45.1,"PESCAC_VA":295.12,"PESCAC_EXP":0.18,"MINCOL_VA":142.94,"MINCOL_EXP":30.62,"PETGAS_VA":135.21,"PETGAS_EXP":0.11,"MINORE_VA":580.19,"MINORE_EXP":334.64,"MINOTH_VA":296.45,"MINOTH_EXP":10.92,"MINSER_VA":107.37,"MINSER_EXP":0.15,"ALYBEB_VA":359.7,"ALYBEB_EXP":264.69,"TEXYPR_VA":142.61,"TEXYPR_EXP":191.33,"MADYPR_VA":100.39,"MADYPR_EXP":145.91,"PAPYPR_VA":2.09,"PAPYPR_EXP":3.71,"PETREF_VA":45.14,"PETREF_EXP":0.28,"QUIMYP_VA":20.17,"QUIMYP_EXP":52.64,"FARMED_VA":12.18,"FARMED_EXP":3.56,"HUPLAS_VA":6.66,"HUPLAS_EXP":2.25,"PRNOMT_VA":87.32,"PRNOMT_EXP":39.51,"METBAS_VA":1.41,"METBAS_EXP":0.29,"NONFER_VA":2.18,"NONFER_EXP":1.1,"PRMETA_VA":34.28,"PRMETA_EXP":5.13,"ELCTRO_VA":3.95,"ELCTRO_EXP":5.54,"ELCTRI_VA":2.04,"ELCTRI_EXP":3.04,"MAQYEQ_VA":0.16,"MAQYEQ_EXP":0.05,"AUTOMO_VA":0.73,"AUTOMO_EXP":0.9,"OTRTRA_VA":0.39,"OTRTRA_EXP":0.14,"TRANSP_VA":0.37,"TRANSP_EXP":0.09,"OTRMAN_VA":71.74,"OTRMAN_EXP":60.01,"ELEGAS_VA":849.09,"ELEGAS_EXP":1057.81,"AGUBAS_VA":212.39,"AGUBAS_EXP":0.34,"CONSTR_VA":641.11,"CONSTR_EXP":0.45,"COMREV_VA":1158.24,"COMREV_EXP":220.09,"TRATIE_VA":174.1,"TRATIE_EXP":60.03,"TRAGUA_VA":12.24,"TRAGUA_EXP":8.43,"TRAAIR_VA":24.7,"TRAAIR_EXP":33.78,"ALMSTR_VA":32.09,"ALMSTR_EXP":2.26,"POSTME_VA":35.47,"POSTME_EXP":2.97,"HOTYRE_VA":293.94,"HOTYRE_EXP":214.09,"MMTVRA_VA":25.0,"MMTVRA_EXP":6.19,"TELECO_VA":149.84,"TELECO_EXP":15.71,"ITSERV_VA":26.92,"ITSERV_EXP":7.24,"SERFIN_VA":385.05,"SERFIN_EXP":31.0,"GOBEST_VA":739.64,"GOBEST_EXP":40.04,"SPRSCT_VA":92.4,"SPRSCT_EXP":22.35,"SEAEMP_VA":44.73,"SEAEMP_EXP":15.53,"ADPDEF_VA":1128.82,"ADPDEF_EXP":0.68,"EDUCAC_VA":282.16,"EDUCAC_EXP":13.79,"SALUDH_VA":50.86,"SALUDH_EXP":9.03,"ESPARC_VA":48.26,"ESPARC_EXP":22.3,"OTRSER_VA":336.31,"OTRSER_EXP":11.93,"SERHOG_VA":40.84,"SERHOG_EXP":0.0}},{"type":"Feature","geometry":{"type":"Point","coordinates":[23.88,55.17]},"properties":{"id":"LTU","name":"Lituania","continent":"europe","year":2013,"AGRPFO_VA":1444.54,"AGRPFO_EXP":1654.02,"FORLOG_VA":252.16,"FORLOG_EXP":162.83,"PESCAC_VA":30.06,"PESCAC_EXP":16.32,"MINCOL_VA":25.13,"MINCOL_EXP":10.2,"PETGAS_VA":64.47,"PETGAS_EXP":74.39,"MINORE_VA":7.45,"MINORE_EXP":0.77,"MINOTH_VA":62.45,"MINOTH_EXP":85.46,"MINSER_VA":23.04,"MINSER_EXP":4.01,"ALYBEB_VA":2048.44,"ALYBEB_EXP":2272.25,"TEXYPR_VA":672.13,"TEXYPR_EXP":660.16,"MADYPR_VA":595.75,"MADYPR_EXP":611.32,"PAPYPR_VA":421.39,"PAPYPR_EXP":331.97,"PETREF_VA":1723.71,"PETREF_EXP":5077.26,"QUIMYP_VA":693.52,"QUIMYP_EXP":2147.72,"FARMED_VA":126.46,"FARMED_EXP":125.89,"HUPLAS_VA":521.55,"HUPLAS_EXP":689.32,"PRNOMT_VA":349.94,"PRNOMT_EXP":312.46,"METBAS_VA":56.28,"METBAS_EXP":107.04,"NONFER_VA":2.81,"NONFER_EXP":10.68,"PRMETA_VA":398.48,"PRMETA_EXP":623.75,"ELCTRO_VA":170.35,"ELCTRO_EXP":238.0,"ELCTRI_VA":159.6,"ELCTRI_EXP":289.08,"MAQYEQ_VA":275.12,"MAQYEQ_EXP":328.3,"AUTOMO_VA":122.5,"AUTOMO_EXP":131.46,"OTRTRA_VA":70.55,"OTRTRA_EXP":70.65,"TRANSP_VA":67.77,"TRANSP_EXP":76.37,"OTRMAN_VA":1379.29,"OTRMAN_EXP":1681.05,"ELEGAS_VA":1386.76,"ELEGAS_EXP":47.01,"AGUBAS_VA":557.79,"AGUBAS_EXP":52.17,"CONSTR_VA":2934.43,"CONSTR_EXP":114.4,"COMREV_VA":7943.84,"COMREV_EXP":3566.02,"TRATIE_VA":3275.94,"TRATIE_EXP":3107.43,"TRAGUA_VA":125.32,"TRAGUA_EXP":156.3,"TRAAIR_VA":55.05,"TRAAIR_EXP":159.23,"ALMSTR_VA":1575.83,"ALMSTR_EXP":1693.92,"POSTME_VA":108.16,"POSTME_EXP":39.08,"HOTYRE_VA":614.25,"HOTYRE_EXP":271.39,"MMTVRA_VA":218.01,"MMTVRA_EXP":103.1,"TELECO_VA":658.07,"TELECO_EXP":154.94,"ITSERV_VA":504.37,"ITSERV_EXP":125.11,"SERFIN_VA":966.75,"SERFIN_EXP":106.58,"GOBEST_VA":2652.75,"GOBEST_EXP":201.17,"SPRSCT_VA":1539.12,"SPRSCT_EXP":383.59,"SEAEMP_VA":990.14,"SEAEMP_EXP":296.86,"ADPDEF_VA":2638.96,"ADPDEF_EXP":9.04,"EDUCAC_VA":1956.31,"EDUCAC_EXP":45.43,"SALUDH_VA":1505.76,"SALUDH_EXP":21.96,"ESPARC_VA":366.47,"ESPARC_EXP":72.31,"OTRSER_VA":412.73,"OTRSER_EXP":28.27,"SERHOG_VA":36.15,"SERHOG_EXP":0.0}},{"type":"Feature","geometry":{"type":"Point","coordinates":[6.13,49.82]},"properties":{"id":"LUX","name":"Luxemburgo","continent":"europe","year":2013,"AGRPFO_VA":168.43,"AGRPFO_EXP":483.9,"FORLOG_VA":18.96,"FORLOG_EXP":26.79,"PESCAC_VA":0.0,"PESCAC_EXP":0.0,"MINCOL_VA":0.0,"MINCOL_EXP":0.0,"PETGAS_VA":0.0,"PETGAS_EXP":0.0,"MINORE_VA":13.35,"MINORE_EXP":8.13,"MINOTH_VA":33.48,"MINOTH_EXP":9.03,"MINSER_VA":0.0,"MINSER_EXP":0.0,"ALYBEB_VA":377.39,"ALYBEB_EXP":889.62,"TEXYPR_VA":211.32,"TEXYPR_EXP":551.66,"MADYPR_VA":62.3,"MADYPR_EXP":307.2,"PAPYPR_VA":89.92,"PAPYPR_EXP":113.16,"PETREF_VA":0.0,"PETREF_EXP":0.0,"QUIMYP_VA":116.39,"QUIMYP_EXP":420.7,"FARMED_VA":31.82,"FARMED_EXP":19.22,"HUPLAS_VA":513.16,"HUPLAS_EXP":1658.34,"PRNOMT_VA":229.86,"PRNOMT_EXP":614.4,"METBAS_VA":222.0,"METBAS_EXP":1574.13,"NONFER_VA":229.41,"NONFER_EXP":1743.36,"PRMETA_VA":324.41,"PRMETA_EXP":1041.95,"ELCTRO_VA":119.02,"ELCTRO_EXP":270.63,"ELCTRI_VA":55.54,"ELCTRI_EXP":140.4,"MAQYEQ_VA":504.74,"MAQYEQ_EXP":1346.23,"AUTOMO_VA":55.2,"AUTOMO_EXP":49.25,"OTRTRA_VA":0.7,"OTRTRA_EXP":0.16,"TRANSP_VA":1.71,"TRANSP_EXP":0.48,"OTRMAN_VA":103.09,"OTRMAN_EXP":201.72,"ELEGAS_VA":474.0,"ELEGAS_EXP":684.58,"AGUBAS_VA":314.79,"AGUBAS_EXP":18.94,"CONSTR_VA":3269.42,"CONSTR_EXP":60.86,"COMREV_VA":6574.73,"COMREV_EXP":5954.96,"TRATIE_VA":1643.83,"TRATIE_EXP":1909.0,"TRAGUA_VA":56.49,"TRAGUA_EXP":91.34,"TRAAIR_VA":689.4,"TRAAIR_EXP":2199.31,"ALMSTR_VA":286.81,"ALMSTR_EXP":389.05,"POSTME_VA":132.79,"POSTME_EXP":220.59,"HOTYRE_VA":1087.04,"HOTYRE_EXP":1406.05,"MMTVRA_VA":425.78,"MMTVRA_EXP":577.28,"TELECO_VA":1897.39,"TELECO_EXP":4609.91,"ITSERV_VA":1359.28,"ITSERV_EXP":2591.55,"SERFIN_VA":18013.52,"SERFIN_EXP":62006.71,"GOBEST_VA":5176.03,"GOBEST_EXP":534.84,"SPRSCT_VA":4641.28,"SPRSCT_EXP":3044.44,"SEAEMP_VA":1777.06,"SEAEMP_EXP":1209.76,"ADPDEF_VA":3358.55,"ADPDEF_EXP":32.91,"EDUCAC_VA":2373.19,"EDUCAC_EXP":161.7,"SALUDH_VA":3521.0,"SALUDH_EXP":80.49,"ESPARC_VA":425.54,"ESPARC_EXP":282.36,"OTRSER_VA":500.21,"OTRSER_EXP":87.42,"SERHOG_VA":171.09,"SERHOG_EXP":0.0}},{"type":"Feature","geometry":{"type":"Point","coordinates":[24.6,56.88]},"properties":{"id":"LVA","name":"Letonia","continent":"europe","year":2013,"AGRPFO_VA":505.3,"AGRPFO_EXP":547.67,"FORLOG_VA":535.35,"FORLOG_EXP":259.86,"PESCAC_VA":46.6,"PESCAC_EXP":39.53,"MINCOL_VA":1.39,"MINCOL_EXP":0.7,"PETGAS_VA":0.0,"PETGAS_EXP":0.0,"MINORE_VA":0.88,"MINORE_EXP":0.45,"MINOTH_VA":149.49,"MINOTH_EXP":5.73,"MINSER_VA":1.59,"MINSER_EXP":1.53,"ALYBEB_VA":820.56,"ALYBEB_EXP":988.95,"TEXYPR_VA":197.04,"TEXYPR_EXP":298.61,"MADYPR_VA":754.72,"MADYPR_EXP":1361.85,"PAPYPR_VA":162.99,"PAPYPR_EXP":118.3,"PETREF_VA":2.85,"PETREF_EXP":0.45,"QUIMYP_VA":102.95,"QUIMYP_EXP":247.76,"FARMED_VA":150.13,"FARMED_EXP":155.7,"HUPLAS_VA":99.48,"HUPLAS_EXP":154.57,"PRNOMT_VA":299.34,"PRNOMT_EXP":210.59,"METBAS_VA":-32.52,"METBAS_EXP":159.82,"NONFER_VA":6.15,"NONFER_EXP":203.19,"PRMETA_VA":311.52,"PRMETA_EXP":337.96,"ELCTRO_VA":133.78,"ELCTRO_EXP":227.9,"ELCTRI_VA":110.2,"ELCTRI_EXP":207.67,"MAQYEQ_VA":107.47,"MAQYEQ_EXP":215.86,"AUTOMO_VA":72.56,"AUTOMO_EXP":117.57,"OTRTRA_VA":40.53,"OTRTRA_EXP":48.94,"TRANSP_VA":32.57,"TRANSP_EXP":69.68,"OTRMAN_VA":380.93,"OTRMAN_EXP":347.11,"ELEGAS_VA":845.01,"ELEGAS_EXP":133.55,"AGUBAS_VA":249.56,"AGUBAS_EXP":14.99,"CONSTR_VA":1825.68,"CONSTR_EXP":31.57,"COMREV_VA":4133.1,"COMREV_EXP":1778.59,"TRATIE_VA":1450.37,"TRATIE_EXP":2174.78,"TRAGUA_VA":101.74,"TRAGUA_EXP":57.24,"TRAAIR_VA":98.5,"TRAAIR_EXP":177.12,"ALMSTR_VA":1337.67,"ALMSTR_EXP":523.76,"POSTME_VA":106.1,"POSTME_EXP":32.85,"HOTYRE_VA":490.05,"HOTYRE_EXP":307.13,"MMTVRA_VA":156.44,"MMTVRA_EXP":84.86,"TELECO_VA":468.38,"TELECO_EXP":145.32,"ITSERV_VA":662.52,"ITSERV_EXP":277.79,"SERFIN_VA":1221.47,"SERFIN_EXP":577.38,"GOBEST_VA":2611.08,"GOBEST_EXP":55.91,"SPRSCT_VA":1192.57,"SPRSCT_EXP":351.87,"SEAEMP_VA":848.54,"SEAEMP_EXP":278.27,"ADPDEF_VA":2095.18,"ADPDEF_EXP":3.44,"EDUCAC_VA":1267.63,"EDUCAC_EXP":25.91,"SALUDH_VA":909.72,"SALUDH_EXP":14.25,"ESPARC_VA":560.72,"ESPARC_EXP":43.53,"OTRSER_VA":255.86,"OTRSER_EXP":17.95,"SERHOG_VA":41.57,"SERHOG_EXP":0.0}},{"type":"Feature","geometry":{"type":"Point","coordinates":[-7.09,31.79]},"properties":{"id":"MAR","name":"Marruecos","continent":"other","year":2013,"AGRPFO_VA":12836.95,"AGRPFO_EXP":1345.06,"FORLOG_VA":1561.58,"FORLOG_EXP":4.9,"PESCAC_VA":593.03,"PESCAC_EXP":376.5,"MINCOL_VA":6.02,"MINCOL_EXP":0.45,"PETGAS_VA":17.03,"PETGAS_EXP":1.24,"MINORE_VA":563.82,"MINORE_EXP":240.64,"MINOTH_VA":1998.85,"MINOTH_EXP":1039.73,"MINSER_VA":60.08,"MINSER_EXP":19.78,"ALYBEB_VA":4819.64,"ALYBEB_EXP":2290.03,"TEXYPR_VA":2822.89,"TEXYPR_EXP":3223.73,"MADYPR_VA":252.7,"MADYPR_EXP":38.26,"PAPYPR_VA":520.77,"PAPYPR_EXP":141.36,"PETREF_VA":248.97,"PETREF_EXP":1260.59,"QUIMYP_VA":1934.72,"QUIMYP_EXP":3250.87,"FARMED_VA":703.71,"FARMED_EXP":172.82,"HUPLAS_VA":554.08,"HUPLAS_EXP":221.67,"PRNOMT_VA":1651.34,"PRNOMT_EXP":187.72,"METBAS_VA":387.46,"METBAS_EXP":164.03,"NONFER_VA":372.95,"NONFER_EXP":455.28,"PRMETA_VA":964.84,"PRMETA_EXP":190.34,"ELCTRO_VA":123.71,"ELCTRO_EXP":263.55,"ELCTRI_VA":562.24,"ELCTRI_EXP":1175.29,"MAQYEQ_VA":333.3,"MAQYEQ_EXP":130.81,"AUTOMO_VA":1074.1,"AUTOMO_EXP":2436.69,"OTRTRA_VA":84.06,"OTRTRA_EXP":61.3,"TRANSP_VA":169.19,"TRANSP_EXP":133.24,"OTRMAN_VA":1242.58,"OTRMAN_EXP":272.11,"ELEGAS_VA":2698.47,"ELEGAS_EXP":8.17,"AGUBAS_VA":383.8,"AGUBAS_EXP":1.7,"CONSTR_VA":7726.93,"CONSTR_EXP":69.61,"COMREV_VA":9456.83,"COMREV_EXP":2166.64,"TRATIE_VA":2219.26,"TRATIE_EXP":1217.93,"TRAGUA_VA":55.69,"TRAGUA_EXP":158.69,"TRAAIR_VA":244.32,"TRAAIR_EXP":989.6,"ALMSTR_VA":1200.6,"ALMSTR_EXP":983.76,"POSTME_VA":118.03,"POSTME_EXP":123.88,"HOTYRE_VA":2403.12,"HOTYRE_EXP":2122.99,"MMTVRA_VA":354.05,"MMTVRA_EXP":171.84,"TELECO_VA":2842.99,"TELECO_EXP":608.57,"ITSERV_VA":538.99,"ITSERV_EXP":493.75,"SERFIN_VA":5149.13,"SERFIN_EXP":323.18,"GOBEST_VA":3877.34,"GOBEST_EXP":379.5,"SPRSCT_VA":3388.68,"SPRSCT_EXP":1314.58,"SEAEMP_VA":3827.64,"SEAEMP_EXP":932.85,"ADPDEF_VA":10566.3,"ADPDEF_EXP":180.12,"EDUCAC_VA":8991.18,"EDUCAC_EXP":237.26,"SALUDH_VA":3952.58,"SALUDH_EXP":94.81,"ESPARC_VA":362.68,"ESPARC_EXP":206.8,"OTRSER_VA":1058.88,"OTRSER_EXP":142.64,"SERHOG_VA":449.98,"SERHOG_EXP":0.0}},{"type":"Feature","geometry":{"type":"Point","coordinates":[-102.55,23.63]},"properties":{"id":"MEX","name":"México","continent":"america","year":2013,"AGRPFO_VA":36771.96,"AGRPFO_EXP":7807.51,"FORLOG_VA":1296.11,"FORLOG_EXP":58.12,"PESCAC_VA":517.44,"PESCAC_EXP":103.79,"MINCOL_VA":460.39,"MINCOL_EXP":4.0,"PETGAS_VA":67113.94,"PETGAS_EXP":41467.81,"MINORE_VA":8800.02,"MINORE_EXP":3317.9,"MINOTH_VA":4910.21,"MINOTH_EXP":341.29,"MINSER_VA":5493.96,"MINSER_EXP":17.37,"ALYBEB_VA":60372.39,"ALYBEB_EXP":10081.43,"TEXYPR_VA":8748.55,"TEXYPR_EXP":5378.54,"MADYPR_VA":2214.25,"MADYPR_EXP":320.66,"PAPYPR_VA":6216.54,"PAPYPR_EXP":2126.28,"PETREF_VA":5417.7,"PETREF_EXP":5606.6,"QUIMYP_VA":21905.24,"QUIMYP_EXP":10175.75,"FARMED_VA":6428.27,"FARMED_EXP":1439.76,"HUPLAS_VA":6699.67,"HUPLAS_EXP":6015.74,"PRNOMT_VA":7925.53,"PRNOMT_EXP":2663.91,"METBAS_VA":6954.99,"METBAS_EXP":4460.52,"NONFER_VA":7259.72,"NONFER_EXP":11850.27,"PRMETA_VA":8845.97,"PRMETA_EXP":8279.67,"ELCTRO_VA":16429.86,"ELCTRO_EXP":53605.85,"ELCTRI_VA":8558.31,"ELCTRI_EXP":17603.72,"MAQYEQ_VA":10979.8,"MAQYEQ_EXP":17655.38,"AUTOMO_VA":41887.25,"AUTOMO_EXP":89219.17,"OTRTRA_VA":386.22,"OTRTRA_EXP":141.15,"TRANSP_VA":2013.08,"TRANSP_EXP":4900.39,"OTRMAN_VA":8964.21,"OTRMAN_EXP":9075.11,"ELEGAS_VA":14317.3,"ELEGAS_EXP":391.67,"AGUBAS_VA":4001.81,"AGUBAS_EXP":3.21,"CONSTR_VA":74638.8,"CONSTR_EXP":57.84,"COMREV_VA":242860.24,"COMREV_EXP":43802.28,"TRATIE_VA":74786.58,"TRATIE_EXP":14779.62,"TRAGUA_VA":1074.54,"TRAGUA_EXP":926.01,"TRAAIR_VA":1877.03,"TRAAIR_EXP":1446.61,"ALMSTR_VA":8304.94,"ALMSTR_EXP":3923.69,"POSTME_VA":1238.26,"POSTME_EXP":20.45,"HOTYRE_VA":30485.59,"HOTYRE_EXP":5753.17,"MMTVRA_VA":5224.49,"MMTVRA_EXP":501.38,"TELECO_VA":19715.76,"TELECO_EXP":582.43,"ITSERV_VA":2090.11,"ITSERV_EXP":33.45,"SERFIN_VA":44123.96,"SERFIN_EXP":4298.4,"GOBEST_VA":178885.58,"GOBEST_EXP":1036.3,"SPRSCT_VA":29970.71,"SPRSCT_EXP":454.85,"SEAEMP_VA":48625.39,"SEAEMP_EXP":545.02,"ADPDEF_VA":50580.12,"ADPDEF_EXP":1.55,"EDUCAC_VA":50947.92,"EDUCAC_EXP":348.62,"SALUDH_VA":29422.58,"SALUDH_EXP":242.71,"ESPARC_VA":6767.24,"ESPARC_EXP":659.01,"OTRSER_VA":14140.87,"OTRSER_EXP":326.3,"SERHOG_VA":5843.19,"SERHOG_EXP":0.0}},{"type":"Feature","geometry":{"type":"Point","coordinates":[14.38,35.94]},"properties":{"id":"MLT","name":"Malta","continent":"europe","year":2013,"AGRPFO_VA":81.26,"AGRPFO_EXP":12.31,"FORLOG_VA":0.0,"FORLOG_EXP":0.0,"PESCAC_VA":35.85,"PESCAC_EXP":135.19,"MINCOL_VA":0.0,"MINCOL_EXP":0.0,"PETGAS_VA":4.12,"PETGAS_EXP":9.75,"MINORE_VA":0.71,"MINORE_EXP":0.23,"MINOTH_VA":20.99,"MINOTH_EXP":0.84,"MINSER_VA":2.38,"MINSER_EXP":2.23,"ALYBEB_VA":172.47,"ALYBEB_EXP":144.8,"TEXYPR_VA":34.52,"TEXYPR_EXP":33.25,"MADYPR_VA":6.34,"MADYPR_EXP":2.72,"PAPYPR_VA":93.17,"PAPYPR_EXP":189.11,"PETREF_VA":0.41,"PETREF_EXP":0.16,"QUIMYP_VA":10.87,"QUIMYP_EXP":36.58,"FARMED_VA":85.58,"FARMED_EXP":173.93,"HUPLAS_VA":69.28,"HUPLAS_EXP":157.54,"PRNOMT_VA":38.52,"PRNOMT_EXP":8.32,"METBAS_VA":0.73,"METBAS_EXP":0.64,"NONFER_VA":0.47,"NONFER_EXP":0.52,"PRMETA_VA":37.06,"PRMETA_EXP":21.28,"ELCTRO_VA":88.29,"ELCTRO_EXP":618.88,"ELCTRI_VA":28.33,"ELCTRI_EXP":71.43,"MAQYEQ_VA":25.83,"MAQYEQ_EXP":45.69,"AUTOMO_VA":71.51,"AUTOMO_EXP":16.83,"OTRTRA_VA":8.58,"OTRTRA_EXP":16.73,"TRANSP_VA":17.52,"TRANSP_EXP":16.01,"OTRMAN_VA":242.0,"OTRMAN_EXP":374.91,"ELEGAS_VA":63.21,"ELEGAS_EXP":1.05,"AGUBAS_VA":88.12,"AGUBAS_EXP":5.49,"CONSTR_VA":441.87,"CONSTR_EXP":24.27,"COMREV_VA":1047.65,"COMREV_EXP":413.3,"TRATIE_VA":85.55,"TRATIE_EXP":111.86,"TRAGUA_VA":34.09,"TRAGUA_EXP":98.01,"TRAAIR_VA":81.39,"TRAAIR_EXP":383.23,"ALMSTR_VA":368.22,"ALMSTR_EXP":501.54,"POSTME_VA":24.43,"POSTME_EXP":10.47,"HOTYRE_VA":537.12,"HOTYRE_EXP":794.85,"MMTVRA_VA":53.12,"MMTVRA_EXP":46.36,"TELECO_VA":116.85,"TELECO_EXP":38.77,"ITSERV_VA":386.32,"ITSERV_EXP":102.56,"SERFIN_VA":930.95,"SERFIN_EXP":1366.15,"GOBEST_VA":679.75,"GOBEST_EXP":44.76,"SPRSCT_VA":585.53,"SPRSCT_EXP":603.73,"SEAEMP_VA":506.67,"SEAEMP_EXP":262.92,"ADPDEF_VA":613.03,"ADPDEF_EXP":3.67,"EDUCAC_VA":608.09,"EDUCAC_EXP":24.66,"SALUDH_VA":604.71,"SALUDH_EXP":13.82,"ESPARC_VA":807.0,"ESPARC_EXP":1765.95,"OTRSER_VA":117.25,"OTRSER_EXP":18.58,"SERHOG_VA":11.99,"SERHOG_EXP":0.0}},{"type":"Feature","geometry":{"type":"Point","coordinates":[95.96,21.91]},"properties":{"id":"MMR","name":"Myanmar","continent":"asia","year":2013,"AGRPFO_VA":18439.52,"AGRPFO_EXP":1330.99,"FORLOG_VA":463.41,"FORLOG_EXP":258.78,"PESCAC_VA":4469.23,"PESCAC_EXP":231.5,"MINCOL_VA":2.91,"MINCOL_EXP":0.29,"PETGAS_VA":1683.69,"PETGAS_EXP":2759.9,"MINORE_VA":356.31,"MINORE_EXP":17.64,"MINOTH_VA":301.49,"MINOTH_EXP":139.05,"MINSER_VA":13.31,"MINSER_EXP":4.77,"ALYBEB_VA":2339.26,"ALYBEB_EXP":625.12,"TEXYPR_VA":1755.09,"TEXYPR_EXP":990.46,"MADYPR_VA":262.16,"MADYPR_EXP":74.9,"PAPYPR_VA":324.57,"PAPYPR_EXP":23.63,"PETREF_VA":481.24,"PETREF_EXP":28.25,"QUIMYP_VA":427.72,"QUIMYP_EXP":18.89,"FARMED_VA":190.54,"FARMED_EXP":3.0,"HUPLAS_VA":266.06,"HUPLAS_EXP":12.27,"PRNOMT_VA":458.85,"PRNOMT_EXP":6.09,"METBAS_VA":223.78,"METBAS_EXP":0.41,"NONFER_VA":155.2,"NONFER_EXP":0.75,"PRMETA_VA":334.29,"PRMETA_EXP":13.89,"ELCTRO_VA":313.92,"ELCTRO_EXP":35.54,"ELCTRI_VA":200.32,"ELCTRI_EXP":33.8,"MAQYEQ_VA":281.25,"MAQYEQ_EXP":51.44,"AUTOMO_VA":352.52,"AUTOMO_EXP":5.83,"OTRTRA_VA":47.66,"OTRTRA_EXP":0.52,"TRANSP_VA":51.31,"TRANSP_EXP":26.75,"OTRMAN_VA":617.41,"OTRMAN_EXP":43.01,"ELEGAS_VA":313.74,"ELEGAS_EXP":15.42,"AGUBAS_VA":64.57,"AGUBAS_EXP":0.76,"CONSTR_VA":2033.37,"CONSTR_EXP":7.23,"COMREV_VA":4301.85,"COMREV_EXP":404.82,"TRATIE_VA":1085.89,"TRATIE_EXP":79.37,"TRAGUA_VA":407.81,"TRAGUA_EXP":131.59,"TRAAIR_VA":278.06,"TRAAIR_EXP":122.69,"ALMSTR_VA":437.37,"ALMSTR_EXP":113.96,"POSTME_VA":70.75,"POSTME_EXP":0.78,"HOTYRE_VA":1312.59,"HOTYRE_EXP":114.65,"MMTVRA_VA":225.38,"MMTVRA_EXP":21.85,"TELECO_VA":740.19,"TELECO_EXP":75.3,"ITSERV_VA":188.16,"ITSERV_EXP":40.8,"SERFIN_VA":1310.75,"SERFIN_EXP":7.84,"GOBEST_VA":1597.22,"GOBEST_EXP":34.17,"SPRSCT_VA":841.76,"SPRSCT_EXP":282.36,"SEAEMP_VA":662.83,"SEAEMP_EXP":234.93,"ADPDEF_VA":1920.9,"ADPDEF_EXP":2.43,"EDUCAC_VA":1138.96,"EDUCAC_EXP":8.11,"SALUDH_VA":1491.73,"SALUDH_EXP":5.16,"ESPARC_VA":205.89,"ESPARC_EXP":15.02,"OTRSER_VA":417.5,"OTRSER_EXP":7.3,"SERHOG_VA":0.0,"SERHOG_EXP":0.0}},{"type":"Feature","geometry":{"type":"Point","coordinates":[101.98,4.21]},"properties":{"id":"MYS","name":"Malasia","continent":"asia","year":2013,"AGRPFO_VA":20818.73,"AGRPFO_EXP":3319.4,"FORLOG_VA":2467.03,"FORLOG_EXP":719.11,"PESCAC_VA":3250.78,"PESCAC_EXP":291.34,"MINCOL_VA":11521.62,"MINCOL_EXP":308.15,"PETGAS_VA":15080.84,"PETGAS_EXP":21025.46,"MINORE_VA":356.64,"MINORE_EXP":710.22,"MINOTH_VA":1388.12,"MINOTH_EXP":294.38,"MINSER_VA":2229.42,"MINSER_EXP":64.32,"ALYBEB_VA":4976.77,"ALYBEB_EXP":21824.75,"TEXYPR_VA":1048.29,"TEXYPR_EXP":1730.28,"MADYPR_VA":1560.18,"MADYPR_EXP":2760.01,"PAPYPR_VA":1908.4,"PAPYPR_EXP":1293.46,"PETREF_VA":9129.19,"PETREF_EXP":9477.15,"QUIMYP_VA":5780.27,"QUIMYP_EXP":13336.78,"FARMED_VA":416.34,"FARMED_EXP":353.72,"HUPLAS_VA":3724.75,"HUPLAS_EXP":10882.87,"PRNOMT_VA":2026.06,"PRNOMT_EXP":2068.51,"METBAS_VA":1126.81,"METBAS_EXP":2188.03,"NONFER_VA":667.32,"NONFER_EXP":3399.7,"PRMETA_VA":2279.94,"PRMETA_EXP":3291.22,"ELCTRO_VA":14281.86,"ELCTRO_EXP":58652.69,"ELCTRI_VA":974.49,"ELCTRI_EXP":6288.51,"MAQYEQ_VA":1704.63,"MAQYEQ_EXP":5856.36,"AUTOMO_VA":4963.5,"AUTOMO_EXP":775.53,"OTRTRA_VA":509.41,"OTRTRA_EXP":1529.81,"TRANSP_VA":609.25,"TRANSP_EXP":935.01,"OTRMAN_VA":2332.99,"OTRMAN_EXP":3224.3,"ELEGAS_VA":6358.09,"ELEGAS_EXP":34.91,"AGUBAS_VA":1934.14,"AGUBAS_EXP":6.97,"CONSTR_VA":12348.0,"CONSTR_EXP":6.91,"COMREV_VA":66933.51,"COMREV_EXP":18330.05,"TRATIE_VA":2723.5,"TRATIE_EXP":3009.0,"TRAGUA_VA":1571.47,"TRAGUA_EXP":1841.26,"TRAAIR_VA":1478.12,"TRAAIR_EXP":3065.82,"ALMSTR_VA":4242.08,"ALMSTR_EXP":1519.16,"POSTME_VA":437.97,"POSTME_EXP":455.34,"HOTYRE_VA":8997.48,"HOTYRE_EXP":8563.84,"MMTVRA_VA":1599.08,"MMTVRA_EXP":494.92,"TELECO_VA":8761.32,"TELECO_EXP":1238.32,"ITSERV_VA":4101.57,"ITSERV_EXP":2374.86,"SERFIN_VA":22071.19,"SERFIN_EXP":4072.35,"GOBEST_VA":10540.95,"GOBEST_EXP":1374.17,"SPRSCT_VA":5783.03,"SPRSCT_EXP":5512.67,"SEAEMP_VA":2690.65,"SEAEMP_EXP":3052.66,"ADPDEF_VA":25621.39,"ADPDEF_EXP":181.23,"EDUCAC_VA":11195.65,"EDUCAC_EXP":480.03,"SALUDH_VA":3136.58,"SALUDH_EXP":321.64,"ESPARC_VA":2170.61,"ESPARC_EXP":982.6,"OTRSER_VA":565.12,"OTRSER_EXP":449.71,"SERHOG_VA":367.08,"SERHOG_EXP":0.0}},{"type":"Feature","geometry":{"type":"Point","coordinates":[8.68,9.08]},"properties":{"id":"NGA","name":"Nigeria","continent":"other","year":2013,"AGRPFO_VA":104460.23,"AGRPFO_EXP":2074.11,"FORLOG_VA":1200.42,"FORLOG_EXP":141.68,"PESCAC_VA":2362.43,"PESCAC_EXP":2.03,"MINCOL_VA":35.67,"MINCOL_EXP":0.08,"PETGAS_VA":65856.87,"PETGAS_EXP":74136.3,"MINORE_VA":22.05,"MINORE_EXP":6.66,"MINOTH_VA":488.09,"MINOTH_EXP":40.03,"MINSER_VA":70.35,"MINSER_EXP":1.64,"ALYBEB_VA":32783.66,"ALYBEB_EXP":1554.06,"TEXYPR_VA":5348.58,"TEXYPR_EXP":2238.94,"MADYPR_VA":1343.62,"MADYPR_EXP":169.49,"PAPYPR_VA":540.32,"PAPYPR_EXP":4.25,"PETREF_VA":2641.07,"PETREF_EXP":4215.27,"QUIMYP_VA":794.13,"QUIMYP_EXP":245.16,"FARMED_VA":154.67,"FARMED_EXP":3.74,"HUPLAS_VA":1132.13,"HUPLAS_EXP":214.19,"PRNOMT_VA":4186.63,"PRNOMT_EXP":9.66,"METBAS_VA":175.32,"METBAS_EXP":15.41,"NONFER_VA":290.6,"NONFER_EXP":298.29,"PRMETA_VA":178.69,"PRMETA_EXP":63.52,"ELCTRO_VA":245.51,"ELCTRO_EXP":11.65,"ELCTRI_VA":34.97,"ELCTRI_EXP":19.64,"MAQYEQ_VA":183.2,"MAQYEQ_EXP":171.4,"AUTOMO_VA":369.63,"AUTOMO_EXP":68.92,"OTRTRA_VA":241.27,"OTRTRA_EXP":18.46,"TRANSP_VA":3.92,"TRANSP_EXP":4.58,"OTRMAN_VA":1820.15,"OTRMAN_EXP":48.83,"ELEGAS_VA":3143.33,"ELEGAS_EXP":13.76,"AGUBAS_VA":678.5,"AGUBAS_EXP":0.19,"CONSTR_VA":17601.3,"CONSTR_EXP":0.09,"COMREV_VA":82912.26,"COMREV_EXP":4576.75,"TRATIE_VA":5737.75,"TRATIE_EXP":784.98,"TRAGUA_VA":416.77,"TRAGUA_EXP":78.96,"TRAAIR_VA":499.09,"TRAAIR_EXP":366.15,"ALMSTR_VA":1282.33,"ALMSTR_EXP":354.16,"POSTME_VA":138.37,"POSTME_EXP":50.69,"HOTYRE_VA":3236.21,"HOTYRE_EXP":185.08,"MMTVRA_VA":11995.91,"MMTVRA_EXP":19.16,"TELECO_VA":31696.38,"TELECO_EXP":46.42,"ITSERV_VA":11380.14,"ITSERV_EXP":39.42,"SERFIN_VA":16841.71,"SERFIN_EXP":50.42,"GOBEST_VA":43321.01,"GOBEST_EXP":56.31,"SPRSCT_VA":15573.44,"SPRSCT_EXP":95.2,"SEAEMP_VA":116.49,"SEAEMP_EXP":28.08,"ADPDEF_VA":15239.23,"ADPDEF_EXP":0.01,"EDUCAC_VA":9933.29,"EDUCAC_EXP":10.42,"SALUDH_VA":3452.62,"SALUDH_EXP":7.06,"ESPARC_VA":689.24,"ESPARC_EXP":17.79,"OTRSER_VA":10180.26,"OTRSER_EXP":11.74,"SERHOG_VA":2397.23,"SERHOG_EXP":0.0}},{"type":"Feature","geometry":{"type":"Point","coordinates":[5.29,52.13]},"properties":{"id":"NLD","name":"Países Bajos","continent":"europe","year":2013,"AGRPFO_VA":17368.51,"AGRPFO_EXP":17268.19,"FORLOG_VA":171.62,"FORLOG_EXP":126.2,"PESCAC_VA":358.85,"PESCAC_EXP":321.7,"MINCOL_VA":0.0,"MINCOL_EXP":0.0,"PETGAS_VA":20378.06,"PETGAS_EXP":14950.96,"MINORE_VA":0.0,"MINORE_EXP":0.0,"MINOTH_VA":543.6,"MINOTH_EXP":357.62,"MINSER_VA":5616.22,"MINSER_EXP":5466.72,"ALYBEB_VA":18004.46,"ALYBEB_EXP":42124.08,"TEXYPR_VA":1507.96,"TEXYPR_EXP":3541.21,"MADYPR_VA":897.06,"MADYPR_EXP":714.57,"PAPYPR_VA":4467.57,"PAPYPR_EXP":3234.98,"PETREF_VA":1841.49,"PETREF_EXP":24609.12,"QUIMYP_VA":11531.03,"QUIMYP_EXP":34060.98,"FARMED_VA":3475.39,"FARMED_EXP":5151.49,"HUPLAS_VA":3449.81,"HUPLAS_EXP":5479.11,"PRNOMT_VA":2443.96,"PRNOMT_EXP":1401.01,"METBAS_VA":2189.03,"METBAS_EXP":2262.33,"NONFER_VA":756.79,"NONFER_EXP":2515.05,"PRMETA_VA":8242.41,"PRMETA_EXP":4841.71,"ELCTRO_VA":6449.53,"ELCTRO_EXP":30346.99,"ELCTRI_VA":3410.16,"ELCTRI_EXP":5128.93,"MAQYEQ_VA":11994.2,"MAQYEQ_EXP":19035.01,"AUTOMO_VA":2770.6,"AUTOMO_EXP":5402.34,"OTRTRA_VA":1461.55,"OTRTRA_EXP":1967.88,"TRANSP_VA":728.63,"TRANSP_EXP":1804.72,"OTRMAN_VA":7184.46,"OTRMAN_EXP":5428.57,"ELEGAS_VA":10809.42,"ELEGAS_EXP":1219.06,"AGUBAS_VA":5551.22,"AGUBAS_EXP":1136.81,"CONSTR_VA":35962.98,"CONSTR_EXP":714.77,"COMREV_VA":108363.86,"COMREV_EXP":58521.44,"TRATIE_VA":16754.16,"TRATIE_EXP":9416.32,"TRAGUA_VA":3389.49,"TRAGUA_EXP":6962.02,"TRAAIR_VA":3516.11,"TRAAIR_EXP":8035.97,"ALMSTR_VA":13843.74,"ALMSTR_EXP":7163.08,"POSTME_VA":3120.08,"POSTME_EXP":1699.56,"HOTYRE_VA":14127.21,"HOTYRE_EXP":4916.93,"MMTVRA_VA":6182.92,"MMTVRA_EXP":2345.98,"TELECO_VA":11028.37,"TELECO_EXP":2263.39,"ITSERV_VA":19850.98,"ITSERV_EXP":11031.3,"SERFIN_VA":69645.72,"SERFIN_EXP":9969.28,"GOBEST_VA":45737.66,"GOBEST_EXP":877.48,"SPRSCT_VA":66310.72,"SPRSCT_EXP":28552.66,"SEAEMP_VA":47745.36,"SEAEMP_EXP":13093.47,"ADPDEF_VA":64076.68,"ADPDEF_EXP":3359.88,"EDUCAC_VA":40655.78,"EDUCAC_EXP":727.36,"SALUDH_VA":74385.01,"SALUDH_EXP":534.75,"ESPARC_VA":10062.82,"ESPARC_EXP":1148.61,"OTRSER_VA":9874.14,"OTRSER_EXP":436.09,"SERHOG_VA":669.62,"SERHOG_EXP":0.0}},{"type":"Feature","geometry":{"type":"Point","coordinates":[8.47,60.47]},"properties":{"id":"NOR","name":"Noruega","continent":"europe","year":2013,"AGRPFO_VA":2179.21,"AGRPFO_EXP":758.1,"FORLOG_VA":729.43,"FORLOG_EXP":134.76,"PESCAC_VA":3919.4,"PESCAC_EXP":3669.88,"MINCOL_VA":75.73,"MINCOL_EXP":3.7,"PETGAS_VA":106662.29,"PETGAS_EXP":103129.13,"MINORE_VA":222.26,"MINORE_EXP":109.84,"MINOTH_VA":681.76,"MINOTH_EXP":458.75,"MINSER_VA":8801.01,"MINSER_EXP":1281.75,"ALYBEB_VA":6924.49,"ALYBEB_EXP":3788.24,"TEXYPR_VA":506.77,"TEXYPR_EXP":218.64,"MADYPR_VA":1359.42,"MADYPR_EXP":271.52,"PAPYPR_VA":1256.07,"PAPYPR_EXP":868.43,"PETREF_VA":961.87,"PETREF_EXP":4369.67,"QUIMYP_VA":2251.91,"QUIMYP_EXP":4348.91,"FARMED_VA":907.05,"FARMED_EXP":624.85,"HUPLAS_VA":734.97,"HUPLAS_EXP":532.58,"PRNOMT_VA":1571.5,"PRNOMT_EXP":306.55,"METBAS_VA":431.42,"METBAS_EXP":1255.25,"NONFER_VA":1097.15,"NONFER_EXP":3902.78,"PRMETA_VA":3447.37,"PRMETA_EXP":1979.51,"ELCTRO_VA":1783.24,"ELCTRO_EXP":1469.67,"ELCTRI_VA":1491.11,"ELCTRI_EXP":1855.33,"MAQYEQ_VA":4752.42,"MAQYEQ_EXP":4131.89,"AUTOMO_VA":462.49,"AUTOMO_EXP":426.15,"OTRTRA_VA":3565.98,"OTRTRA_EXP":712.63,"TRANSP_VA":118.16,"TRANSP_EXP":211.47,"OTRMAN_VA":4272.83,"OTRMAN_EXP":2066.16,"ELEGAS_VA":9600.89,"ELEGAS_EXP":786.15,"AGUBAS_VA":2854.58,"AGUBAS_EXP":8.44,"CONSTR_VA":28545.99,"CONSTR_EXP":31.66,"COMREV_VA":35289.93,"COMREV_EXP":9909.67,"TRATIE_VA":9338.81,"TRATIE_EXP":3459.24,"TRAGUA_VA":8752.36,"TRAGUA_EXP":18500.95,"TRAAIR_VA":1410.75,"TRAAIR_EXP":1975.15,"ALMSTR_VA":5172.29,"ALMSTR_EXP":3001.59,"POSTME_VA":1796.67,"POSTME_EXP":339.32,"HOTYRE_VA":6283.89,"HOTYRE_EXP":1983.61,"MMTVRA_VA":5592.22,"MMTVRA_EXP":590.45,"TELECO_VA":5126.44,"TELECO_EXP":1128.09,"ITSERV_VA":8266.8,"ITSERV_EXP":1987.24,"SERFIN_VA":23129.59,"SERFIN_EXP":3067.32,"GOBEST_VA":30708.59,"GOBEST_EXP":344.57,"SPRSCT_VA":22245.3,"SPRSCT_EXP":5796.51,"SEAEMP_VA":13116.53,"SEAEMP_EXP":3314.32,"ADPDEF_VA":28057.76,"ADPDEF_EXP":23.6,"EDUCAC_VA":22809.89,"EDUCAC_EXP":181.12,"SALUDH_VA":46604.67,"SALUDH_EXP":83.72,"ESPARC_VA":4263.51,"ESPARC_EXP":494.57,"OTRSER_VA":4591.2,"OTRSER_EXP":111.39,"SERHOG_VA":80.28,"SERHOG_EXP":0.0}},{"type":"Feature","geometry":{"type":"Point","coordinates":[174.89,-40.9]},"properties":{"id":"NZL","name":"Nueva Zelanda","continent":"other","year":2013,"AGRPFO_VA":11077.07,"AGRPFO_EXP":2097.35,"FORLOG_VA":1239.06,"FORLOG_EXP":1335.66,"PESCAC_VA":1576.43,"PESCAC_EXP":793.65,"MINCOL_VA":135.72,"MINCOL_EXP":269.13,"PETGAS_VA":1667.68,"PETGAS_EXP":1356.91,"MINORE_VA":758.98,"MINORE_EXP":142.59,"MINOTH_VA":287.33,"MINOTH_EXP":19.76,"MINSER_VA":231.93,"MINSER_EXP":14.85,"ALYBEB_VA":7463.35,"ALYBEB_EXP":16943.24,"TEXYPR_VA":551.79,"TEXYPR_EXP":665.38,"MADYPR_VA":1034.52,"MADYPR_EXP":1045.09,"PAPYPR_VA":1159.96,"PAPYPR_EXP":774.98,"PETREF_VA":1340.81,"PETREF_EXP":916.22,"QUIMYP_VA":1152.97,"QUIMYP_EXP":731.49,"FARMED_VA":254.78,"FARMED_EXP":149.75,"HUPLAS_VA":1124.44,"HUPLAS_EXP":455.47,"PRNOMT_VA":924.81,"PRNOMT_EXP":136.21,"METBAS_VA":312.3,"METBAS_EXP":464.06,"NONFER_VA":540.66,"NONFER_EXP":971.63,"PRMETA_VA":1575.78,"PRMETA_EXP":396.67,"ELCTRO_VA":419.71,"ELCTRO_EXP":417.0,"ELCTRI_VA":411.66,"ELCTRI_EXP":509.6,"MAQYEQ_VA":1545.43,"MAQYEQ_EXP":843.52,"AUTOMO_VA":213.89,"AUTOMO_EXP":93.74,"OTRTRA_VA":193.9,"OTRTRA_EXP":177.58,"TRANSP_VA":437.16,"TRANSP_EXP":34.76,"OTRMAN_VA":532.58,"OTRMAN_EXP":357.85,"ELEGAS_VA":4869.46,"ELEGAS_EXP":27.65,"AGUBAS_VA":1399.7,"AGUBAS_EXP":11.58,"CONSTR_VA":10860.6,"CONSTR_EXP":163.32,"COMREV_VA":18316.02,"COMREV_EXP":6314.9,"TRATIE_VA":2908.94,"TRATIE_EXP":692.93,"TRAGUA_VA":279.21,"TRAGUA_EXP":119.37,"TRAAIR_VA":2031.19,"TRAAIR_EXP":1325.07,"ALMSTR_VA":2811.93,"ALMSTR_EXP":317.03,"POSTME_VA":833.18,"POSTME_EXP":123.17,"HOTYRE_VA":3768.57,"HOTYRE_EXP":1907.41,"MMTVRA_VA":1750.92,"MMTVRA_EXP":512.83,"TELECO_VA":1800.26,"TELECO_EXP":499.67,"ITSERV_VA":1959.96,"ITSERV_EXP":700.67,"SERFIN_VA":10363.43,"SERFIN_EXP":1004.51,"GOBEST_VA":20003.61,"GOBEST_EXP":609.34,"SPRSCT_VA":14924.12,"SPRSCT_EXP":1356.6,"SEAEMP_VA":3646.66,"SEAEMP_EXP":911.52,"ADPDEF_VA":7947.17,"ADPDEF_EXP":109.31,"EDUCAC_VA":8808.33,"EDUCAC_EXP":475.55,"SALUDH_VA":11361.34,"SALUDH_EXP":107.42,"ESPARC_VA":2613.47,"ESPARC_EXP":608.27,"OTRSER_VA":3531.51,"OTRSER_EXP":139.56,"SERHOG_VA":489.88,"SERHOG_EXP":0.0}},{"type":"Feature","geometry":{"type":"Point","coordinates":[69.35,30.38]},"properties":{"id":"PAK","name":"Pakistán","continent":"asia","year":2013,"AGRPFO_VA":48076.33,"AGRPFO_EXP":954.1,"FORLOG_VA":1106.56,"FORLOG_EXP":2.5,"PESCAC_VA":493.6,"PESCAC_EXP":32.74,"MINCOL_VA":129.4,"MINCOL_EXP":0.66,"PETGAS_VA":4232.96,"PETGAS_EXP":6.86,"MINORE_VA":216.12,"MINORE_EXP":97.14,"MINOTH_VA":234.01,"MINOTH_EXP":142.38,"MINSER_VA":216.36,"MINSER_EXP":8.97,"ALYBEB_VA":7636.52,"ALYBEB_EXP":3221.18,"TEXYPR_VA":8818.54,"TEXYPR_EXP":10526.26,"MADYPR_VA":810.63,"MADYPR_EXP":53.63,"PAPYPR_VA":1731.98,"PAPYPR_EXP":68.07,"PETREF_VA":1802.0,"PETREF_EXP":421.28,"QUIMYP_VA":2135.81,"QUIMYP_EXP":666.37,"FARMED_VA":764.3,"FARMED_EXP":129.42,"HUPLAS_VA":1051.3,"HUPLAS_EXP":130.74,"PRNOMT_VA":1955.22,"PRNOMT_EXP":442.71,"METBAS_VA":943.08,"METBAS_EXP":115.61,"NONFER_VA":676.56,"NONFER_EXP":154.69,"PRMETA_VA":1524.6,"PRMETA_EXP":173.04,"ELCTRO_VA":1205.66,"ELCTRO_EXP":69.33,"ELCTRI_VA":796.46,"ELCTRI_EXP":95.26,"MAQYEQ_VA":1256.33,"MAQYEQ_EXP":95.69,"AUTOMO_VA":1691.47,"AUTOMO_EXP":28.8,"OTRTRA_VA":228.78,"OTRTRA_EXP":3.64,"TRANSP_VA":250.66,"TRANSP_EXP":6.71,"OTRMAN_VA":899.42,"OTRMAN_EXP":694.06,"ELEGAS_VA":3052.58,"ELEGAS_EXP":11.73,"AGUBAS_VA":1537.38,"AGUBAS_EXP":8.24,"CONSTR_VA":5807.46,"CONSTR_EXP":28.92,"COMREV_VA":21896.52,"COMREV_EXP":2613.89,"TRATIE_VA":6460.3,"TRATIE_EXP":355.13,"TRAGUA_VA":1618.24,"TRAGUA_EXP":498.49,"TRAAIR_VA":1297.33,"TRAAIR_EXP":601.2,"ALMSTR_VA":2159.31,"ALMSTR_EXP":235.92,"POSTME_VA":500.75,"POSTME_EXP":3.3,"HOTYRE_VA":5715.55,"HOTYRE_EXP":114.65,"MMTVRA_VA":1600.05,"MMTVRA_EXP":198.36,"TELECO_VA":3635.77,"TELECO_EXP":840.12,"ITSERV_VA":1149.01,"ITSERV_EXP":429.59,"SERFIN_VA":7775.52,"SERFIN_EXP":263.95,"GOBEST_VA":9833.31,"GOBEST_EXP":44.42,"SPRSCT_VA":5575.65,"SPRSCT_EXP":824.43,"SEAEMP_VA":3936.56,"SEAEMP_EXP":367.91,"ADPDEF_VA":10314.04,"ADPDEF_EXP":8.78,"EDUCAC_VA":4743.57,"EDUCAC_EXP":11.3,"SALUDH_VA":8678.52,"SALUDH_EXP":8.97,"ESPARC_VA":1407.89,"ESPARC_EXP":58.65,"OTRSER_VA":2739.5,"OTRSER_EXP":19.78,"SERHOG_VA":991.61,"SERHOG_EXP":0.0}},{"type":"Feature","geometry":{"type":"Point","coordinates":[-75.02,-9.19]},"properties":{"id":"PER","name":"Perú","continent":"america","year":2013,"AGRPFO_VA":11477.46,"AGRPFO_EXP":1631.85,"FORLOG_VA":324.0,"FORLOG_EXP":12.94,"PESCAC_VA":1275.37,"PESCAC_EXP":5.87,"MINCOL_VA":214.21,"MINCOL_EXP":17.45,"PETGAS_VA":3624.92,"PETGAS_EXP":1906.54,"MINORE_VA":14702.98,"MINORE_EXP":19654.44,"MINOTH_VA":1401.56,"MINOTH_EXP":348.92,"MINSER_VA":1813.1,"MINSER_EXP":1.8,"ALYBEB_VA":7697.03,"ALYBEB_EXP":4001.08,"TEXYPR_VA":3202.05,"TEXYPR_EXP":1574.56,"MADYPR_VA":615.39,"MADYPR_EXP":126.04,"PAPYPR_VA":1850.8,"PAPYPR_EXP":161.09,"PETREF_VA":2068.1,"PETREF_EXP":2928.29,"QUIMYP_VA":1820.48,"QUIMYP_EXP":789.72,"FARMED_VA":436.36,"FARMED_EXP":38.43,"HUPLAS_VA":1242.28,"HUPLAS_EXP":471.52,"PRNOMT_VA":2332.6,"PRNOMT_EXP":273.82,"METBAS_VA":445.29,"METBAS_EXP":140.4,"NONFER_VA":1866.1,"NONFER_EXP":4311.56,"PRMETA_VA":1785.07,"PRMETA_EXP":301.59,"ELCTRO_VA":71.53,"ELCTRO_EXP":35.08,"ELCTRI_VA":83.22,"ELCTRI_EXP":460.35,"MAQYEQ_VA":1003.72,"MAQYEQ_EXP":214.23,"AUTOMO_VA":713.39,"AUTOMO_EXP":131.54,"OTRTRA_VA":25.38,"OTRTRA_EXP":20.53,"TRANSP_VA":272.88,"TRANSP_EXP":11.31,"OTRMAN_VA":3699.04,"OTRMAN_EXP":1314.69,"ELEGAS_VA":3337.34,"ELEGAS_EXP":5.59,"AGUBAS_VA":758.77,"AGUBAS_EXP":8.02,"CONSTR_VA":13737.62,"CONSTR_EXP":2.31,"COMREV_VA":20367.67,"COMREV_EXP":3354.47,"TRATIE_VA":8377.35,"TRATIE_EXP":1012.45,"TRAGUA_VA":192.02,"TRAGUA_EXP":130.77,"TRAAIR_VA":529.18,"TRAAIR_EXP":577.94,"ALMSTR_VA":2441.25,"ALMSTR_EXP":391.64,"POSTME_VA":239.24,"POSTME_EXP":11.66,"HOTYRE_VA":8242.67,"HOTYRE_EXP":1133.87,"MMTVRA_VA":1068.03,"MMTVRA_EXP":28.0,"TELECO_VA":2745.76,"TELECO_EXP":107.56,"ITSERV_VA":540.13,"ITSERV_EXP":1.06,"SERFIN_VA":9081.5,"SERFIN_EXP":264.93,"GOBEST_VA":7775.04,"GOBEST_EXP":100.61,"SPRSCT_VA":6639.66,"SPRSCT_EXP":175.19,"SEAEMP_VA":4921.97,"SEAEMP_EXP":246.44,"ADPDEF_VA":9856.12,"ADPDEF_EXP":79.27,"EDUCAC_VA":8696.35,"EDUCAC_EXP":98.13,"SALUDH_VA":4880.58,"SALUDH_EXP":55.12,"ESPARC_VA":1307.79,"ESPARC_EXP":374.58,"OTRSER_VA":2236.49,"OTRSER_EXP":79.87,"SERHOG_VA":4498.19,"SERHOG_EXP":0.0}},{"type":"Feature","geometry":{"type":"Point","coordinates":[121.77,12.88]},"properties":{"id":"PHL","name":"Filipinas","continent":"asia","year":2013,"AGRPFO_VA":25188.13,"AGRPFO_EXP":1524.63,"FORLOG_VA":2710.37,"FORLOG_EXP":17.16,"PESCAC_VA":5391.58,"PESCAC_EXP":194.61,"MINCOL_VA":176.36,"MINCOL_EXP":127.55,"PETGAS_VA":856.49,"PETGAS_EXP":389.47,"MINORE_VA":1266.1,"MINORE_EXP":1760.36,"MINOTH_VA":523.25,"MINOTH_EXP":57.9,"MINSER_VA":89.13,"MINSER_EXP":180.43,"ALYBEB_VA":27785.06,"ALYBEB_EXP":3836.22,"TEXYPR_VA":3044.33,"TEXYPR_EXP":1163.42,"MADYPR_VA":445.69,"MADYPR_EXP":740.88,"PAPYPR_VA":540.84,"PAPYPR_EXP":510.66,"PETREF_VA":3106.1,"PETREF_EXP":833.64,"QUIMYP_VA":3995.87,"QUIMYP_EXP":1199.25,"FARMED_VA":770.89,"FARMED_EXP":86.52,"HUPLAS_VA":640.85,"HUPLAS_EXP":643.76,"PRNOMT_VA":1411.92,"PRNOMT_EXP":351.05,"METBAS_VA":626.95,"METBAS_EXP":238.05,"NONFER_VA":269.91,"NONFER_EXP":697.0,"PRMETA_VA":396.64,"PRMETA_EXP":217.78,"ELCTRO_VA":6960.24,"ELCTRO_EXP":15235.35,"ELCTRI_VA":913.75,"ELCTRI_EXP":2583.81,"MAQYEQ_VA":726.35,"MAQYEQ_EXP":1128.05,"AUTOMO_VA":723.53,"AUTOMO_EXP":1091.34,"OTRTRA_VA":139.24,"OTRTRA_EXP":433.67,"TRANSP_VA":405.21,"TRANSP_EXP":1133.42,"OTRMAN_VA":1908.02,"OTRMAN_EXP":1183.49,"ELEGAS_VA":7381.27,"ELEGAS_EXP":50.82,"AGUBAS_VA":1442.6,"AGUBAS_EXP":10.28,"CONSTR_VA":16176.01,"CONSTR_EXP":147.33,"COMREV_VA":46116.65,"COMREV_EXP":8277.96,"TRATIE_VA":5599.98,"TRATIE_EXP":1607.68,"TRAGUA_VA":745.43,"TRAGUA_EXP":1116.56,"TRAAIR_VA":1368.13,"TRAAIR_EXP":913.51,"ALMSTR_VA":1900.86,"ALMSTR_EXP":567.99,"POSTME_VA":161.61,"POSTME_EXP":23.48,"HOTYRE_VA":4525.45,"HOTYRE_EXP":1833.99,"MMTVRA_VA":748.26,"MMTVRA_EXP":941.42,"TELECO_VA":8560.4,"TELECO_EXP":4494.11,"ITSERV_VA":2322.09,"ITSERV_EXP":3155.42,"SERFIN_VA":19653.37,"SERFIN_EXP":779.2,"GOBEST_VA":17211.14,"GOBEST_EXP":355.1,"SPRSCT_VA":4133.93,"SPRSCT_EXP":1968.05,"SEAEMP_VA":11119.5,"SEAEMP_EXP":6359.17,"ADPDEF_VA":10662.12,"ADPDEF_EXP":42.08,"EDUCAC_VA":10450.23,"EDUCAC_EXP":90.99,"SALUDH_VA":4121.92,"SALUDH_EXP":53.2,"ESPARC_VA":3370.17,"ESPARC_EXP":882.57,"OTRSER_VA":3642.75,"OTRSER_EXP":99.08,"SERHOG_VA":0.0,"SERHOG_EXP":0.0}},{"type":"Feature","geometry":{"type":"Point","coordinates":[19.15,51.92]},"properties":{"id":"POL","name":"Polonia","continent":"europe","year":2013,"AGRPFO_VA":15054.0,"AGRPFO_EXP":3547.87,"FORLOG_VA":2358.03,"FORLOG_EXP":370.8,"PESCAC_VA":87.7,"PESCAC_EXP":28.19,"MINCOL_VA":5526.62,"MINCOL_EXP":1133.52,"PETGAS_VA":152.81,"PETGAS_EXP":248.17,"MINORE_VA":3295.34,"MINORE_EXP":2023.83,"MINOTH_VA":827.37,"MINOTH_EXP":111.27,"MINSER_VA":575.67,"MINSER_EXP":101.77,"ALYBEB_VA":13807.75,"ALYBEB_EXP":16495.94,"TEXYPR_VA":2815.77,"TEXYPR_EXP":4507.61,"MADYPR_VA":3152.44,"MADYPR_EXP":3199.75,"PAPYPR_VA":3955.97,"PAPYPR_EXP":4378.22,"PETREF_VA":6628.77,"PETREF_EXP":7278.75,"QUIMYP_VA":4161.43,"QUIMYP_EXP":8983.98,"FARMED_VA":1621.81,"FARMED_EXP":2389.88,"HUPLAS_VA":6504.95,"HUPLAS_EXP":9651.4,"PRNOMT_VA":4798.77,"PRNOMT_EXP":3125.7,"METBAS_VA":1968.06,"METBAS_EXP":4821.63,"NONFER_VA":651.07,"NONFER_EXP":2721.15,"PRMETA_VA":8519.97,"PRMETA_EXP":8598.77,"ELCTRO_VA":2134.17,"ELCTRO_EXP":7435.38,"ELCTRI_VA":3361.16,"ELCTRI_EXP":9779.17,"MAQYEQ_VA":4049.15,"MAQYEQ_EXP":7425.3,"AUTOMO_VA":8828.11,"AUTOMO_EXP":21579.61,"OTRTRA_VA":460.26,"OTRTRA_EXP":907.05,"TRANSP_VA":1592.49,"TRANSP_EXP":2445.22,"OTRMAN_VA":9683.81,"OTRMAN_EXP":7046.78,"ELEGAS_VA":16924.2,"ELEGAS_EXP":736.32,"AGUBAS_VA":5673.45,"AGUBAS_EXP":167.42,"CONSTR_VA":38228.29,"CONSTR_EXP":1075.57,"COMREV_VA":85777.85,"COMREV_EXP":30899.71,"TRATIE_VA":21987.6,"TRATIE_EXP":12274.55,"TRAGUA_VA":512.87,"TRAGUA_EXP":509.32,"TRAAIR_VA":1060.23,"TRAAIR_EXP":2640.47,"ALMSTR_VA":7094.73,"ALMSTR_EXP":4727.93,"POSTME_VA":2793.74,"POSTME_EXP":414.68,"HOTYRE_VA":5205.39,"HOTYRE_EXP":1964.22,"MMTVRA_VA":4368.85,"MMTVRA_EXP":1136.27,"TELECO_VA":5658.78,"TELECO_EXP":1011.65,"ITSERV_VA":6896.51,"ITSERV_EXP":3249.96,"SERFIN_VA":19552.35,"SERFIN_EXP":1907.69,"GOBEST_VA":27017.97,"GOBEST_EXP":1357.4,"SPRSCT_VA":24499.25,"SPRSCT_EXP":7765.13,"SEAEMP_VA":11047.74,"SEAEMP_EXP":1191.39,"ADPDEF_VA":27321.45,"ADPDEF_EXP":14.04,"EDUCAC_VA":22547.56,"EDUCAC_EXP":567.88,"SALUDH_VA":20628.46,"SALUDH_EXP":378.62,"ESPARC_VA":3632.85,"ESPARC_EXP":605.27,"OTRSER_VA":5217.75,"OTRSER_EXP":436.74,"SERHOG_VA":73.34,"SERHOG_EXP":0.0}},{"type":"Feature","geometry":{"type":"Point","coordinates":[-8.22,39.4]},"properties":{"id":"PRT","name":"Portugal","continent":"europe","year":2013,"AGRPFO_VA":3456.8,"AGRPFO_EXP":829.17,"FORLOG_VA":1073.86,"FORLOG_EXP":153.81,"PESCAC_VA":411.6,"PESCAC_EXP":172.95,"MINCOL_VA":0.0,"MINCOL_EXP":0.0,"PETGAS_VA":0.0,"PETGAS_EXP":0.0,"MINORE_VA":428.28,"MINORE_EXP":590.49,"MINOTH_VA":351.0,"MINOTH_EXP":163.36,"MINSER_VA":51.71,"MINSER_EXP":42.71,"ALYBEB_VA":5227.14,"ALYBEB_EXP":4431.08,"TEXYPR_VA":4929.11,"TEXYPR_EXP":5273.2,"MADYPR_VA":1260.48,"MADYPR_EXP":1424.55,"PAPYPR_VA":1724.69,"PAPYPR_EXP":2485.89,"PETREF_VA":416.27,"PETREF_EXP":5112.31,"QUIMYP_VA":1027.67,"QUIMYP_EXP":2873.36,"FARMED_VA":684.79,"FARMED_EXP":683.4,"HUPLAS_VA":1499.1,"HUPLAS_EXP":2582.43,"PRNOMT_VA":1766.28,"PRNOMT_EXP":1712.06,"METBAS_VA":344.24,"METBAS_EXP":1204.77,"NONFER_VA":135.15,"NONFER_EXP":764.55,"PRMETA_VA":2569.16,"PRMETA_EXP":2889.47,"ELCTRO_VA":611.05,"ELCTRO_EXP":1716.25,"ELCTRI_VA":829.71,"ELCTRI_EXP":2325.16,"MAQYEQ_VA":1027.67,"MAQYEQ_EXP":2232.7,"AUTOMO_VA":1891.68,"AUTOMO_EXP":6117.69,"OTRTRA_VA":68.15,"OTRTRA_EXP":68.4,"TRANSP_VA":118.94,"TRANSP_EXP":205.17,"OTRMAN_VA":2227.01,"OTRMAN_EXP":2001.63,"ELEGAS_VA":4558.95,"ELEGAS_EXP":243.93,"AGUBAS_VA":2423.49,"AGUBAS_EXP":27.22,"CONSTR_VA":9500.36,"CONSTR_EXP":101.69,"COMREV_VA":30572.4,"COMREV_EXP":10215.15,"TRATIE_VA":4439.44,"TRATIE_EXP":2798.34,"TRAGUA_VA":199.38,"TRAGUA_EXP":480.8,"TRAAIR_VA":1390.48,"TRAAIR_EXP":4474.71,"ALMSTR_VA":3846.14,"ALMSTR_EXP":1682.63,"POSTME_VA":626.64,"POSTME_EXP":277.47,"HOTYRE_VA":10240.17,"HOTYRE_EXP":4766.41,"MMTVRA_VA":1268.28,"MMTVRA_EXP":483.49,"TELECO_VA":3548.76,"TELECO_EXP":944.63,"ITSERV_VA":2419.74,"ITSERV_EXP":734.37,"SERFIN_VA":11169.77,"SERFIN_EXP":1023.57,"GOBEST_VA":24831.85,"GOBEST_EXP":567.93,"SPRSCT_VA":7520.27,"SPRSCT_EXP":2349.12,"SEAEMP_VA":6654.59,"SEAEMP_EXP":1843.17,"ADPDEF_VA":16298.12,"ADPDEF_EXP":351.63,"EDUCAC_VA":12563.24,"EDUCAC_EXP":333.56,"SALUDH_VA":12797.43,"SALUDH_EXP":172.62,"ESPARC_VA":1464.59,"ESPARC_EXP":488.11,"OTRSER_VA":2933.55,"OTRSER_EXP":207.95,"SERHOG_VA":1468.5,"SERHOG_EXP":0.0}},{"type":"Feature","geometry":{"type":"Point","coordinates":[24.97,45.94]},"properties":{"id":"ROU","name":"Rumania","continent":"europe","year":2013,"AGRPFO_VA":9575.36,"AGRPFO_EXP":3426.77,"FORLOG_VA":1010.64,"FORLOG_EXP":186.82,"PESCAC_VA":87.98,"PESCAC_EXP":8.7,"MINCOL_VA":90.19,"MINCOL_EXP":2.24,"PETGAS_VA":1256.89,"PETGAS_EXP":151.72,"MINORE_VA":52.48,"MINORE_EXP":43.68,"MINOTH_VA":241.27,"MINOTH_EXP":35.48,"MINSER_VA":467.06,"MINSER_EXP":47.66,"ALYBEB_VA":9698.05,"ALYBEB_EXP":1576.12,"TEXYPR_VA":4161.09,"TEXYPR_EXP":2567.02,"MADYPR_VA":1447.88,"MADYPR_EXP":1533.99,"PAPYPR_VA":879.57,"PAPYPR_EXP":282.52,"PETREF_VA":3389.48,"PETREF_EXP":1698.8,"QUIMYP_VA":1039.8,"QUIMYP_EXP":2046.81,"FARMED_VA":373.98,"FARMED_EXP":566.44,"HUPLAS_VA":1786.51,"HUPLAS_EXP":1811.73,"PRNOMT_VA":1358.83,"PRNOMT_EXP":368.87,"METBAS_VA":1505.32,"METBAS_EXP":1094.07,"NONFER_VA":518.95,"NONFER_EXP":528.44,"PRMETA_VA":2114.13,"PRMETA_EXP":188.87,"ELCTRO_VA":1336.33,"ELCTRO_EXP":1864.01,"ELCTRI_VA":1671.2,"ELCTRI_EXP":2832.38,"MAQYEQ_VA":1639.04,"MAQYEQ_EXP":3574.57,"AUTOMO_VA":3281.15,"AUTOMO_EXP":8919.04,"OTRTRA_VA":519.68,"OTRTRA_EXP":268.7,"TRANSP_VA":427.01,"TRANSP_EXP":369.53,"OTRMAN_VA":3181.78,"OTRMAN_EXP":1840.6,"ELEGAS_VA":5978.68,"ELEGAS_EXP":134.47,"AGUBAS_VA":1860.36,"AGUBAS_EXP":0.24,"CONSTR_VA":13672.15,"CONSTR_EXP":0.36,"COMREV_VA":12777.47,"COMREV_EXP":6378.91,"TRATIE_VA":9246.71,"TRATIE_EXP":6855.83,"TRAGUA_VA":801.94,"TRAGUA_EXP":408.43,"TRAAIR_VA":406.69,"TRAAIR_EXP":547.97,"ALMSTR_VA":2512.38,"ALMSTR_EXP":1336.91,"POSTME_VA":537.2,"POSTME_EXP":167.3,"HOTYRE_VA":3060.52,"HOTYRE_EXP":188.01,"MMTVRA_VA":1339.3,"MMTVRA_EXP":496.12,"TELECO_VA":3289.61,"TELECO_EXP":732.43,"ITSERV_VA":5282.28,"ITSERV_EXP":2155.05,"SERFIN_VA":7051.8,"SERFIN_EXP":177.27,"GOBEST_VA":15347.55,"GOBEST_EXP":29.62,"SPRSCT_VA":8749.54,"SPRSCT_EXP":4762.13,"SEAEMP_VA":3636.5,"SEAEMP_EXP":333.75,"ADPDEF_VA":8228.24,"ADPDEF_EXP":0.47,"EDUCAC_VA":7390.23,"EDUCAC_EXP":11.52,"SALUDH_VA":4689.2,"SALUDH_EXP":8.46,"ESPARC_VA":2794.5,"ESPARC_EXP":48.68,"OTRSER_VA":1996.55,"OTRSER_EXP":10.47,"SERHOG_VA":1811.38,"SERHOG_EXP":0.0}},{"type":"Feature","geometry":{"type":"Point","coordinates":[105.32,61.52]},"properties":{"id":"RUS","name":"Rusia","continent":"europe","year":2013,"AGRPFO_VA":63264.86,"AGRPFO_EXP":7606.42,"FORLOG_VA":3497.78,"FORLOG_EXP":1602.62,"PESCAC_VA":4217.35,"PESCAC_EXP":2041.11,"MINCOL_VA":7286.84,"MINCOL_EXP":6405.63,"PETGAS_VA":153061.02,"PETGAS_EXP":76530.11,"MINORE_VA":7891.93,"MINORE_EXP":5575.23,"MINOTH_VA":8238.9,"MINOTH_EXP":5860.77,"MINSER_VA":11991.5,"MINSER_EXP":1415.86,"ALYBEB_VA":44370.94,"ALYBEB_EXP":11619.23,"TEXYPR_VA":5425.07,"TEXYPR_EXP":2300.8,"MADYPR_VA":5203.41,"MADYPR_EXP":6215.04,"PAPYPR_VA":6729.23,"PAPYPR_EXP":4014.38,"PETREF_VA":56140.63,"PETREF_EXP":91577.44,"QUIMYP_VA":15006.08,"QUIMYP_EXP":25819.39,"FARMED_VA":2979.74,"FARMED_EXP":553.11,"HUPLAS_VA":6130.09,"HUPLAS_EXP":3357.21,"PRNOMT_VA":13383.91,"PRNOMT_EXP":2492.27,"METBAS_VA":14165.1,"METBAS_EXP":30692.85,"NONFER_VA":25724.42,"NONFER_EXP":26114.97,"PRMETA_VA":12354.97,"PRMETA_EXP":2346.38,"ELCTRO_VA":11328.44,"ELCTRO_EXP":4259.67,"ELCTRI_VA":6078.9,"ELCTRI_EXP":2911.81,"MAQYEQ_VA":11254.9,"MAQYEQ_EXP":4012.3,"AUTOMO_VA":10806.94,"AUTOMO_EXP":4730.65,"OTRTRA_VA":6481.84,"OTRTRA_EXP":2044.84,"TRANSP_VA":16128.75,"TRANSP_EXP":7432.43,"OTRMAN_VA":12542.7,"OTRMAN_EXP":4427.04,"ELEGAS_VA":57350.57,"ELEGAS_EXP":1394.06,"AGUBAS_VA":10375.5,"AGUBAS_EXP":139.6,"CONSTR_VA":147079.59,"CONSTR_EXP":823.2,"COMREV_VA":346870.72,"COMREV_EXP":108725.24,"TRATIE_VA":95899.52,"TRATIE_EXP":19465.12,"TRAGUA_VA":2063.08,"TRAGUA_EXP":1031.04,"TRAAIR_VA":6863.05,"TRAAIR_EXP":7460.57,"ALMSTR_VA":31100.03,"ALMSTR_EXP":7504.6,"POSTME_VA":3495.41,"POSTME_EXP":416.08,"HOTYRE_VA":18401.34,"HOTYRE_EXP":4106.74,"MMTVRA_VA":7716.09,"MMTVRA_EXP":1499.1,"TELECO_VA":29831.84,"TELECO_EXP":2529.13,"ITSERV_VA":15323.18,"ITSERV_EXP":3128.63,"SERFIN_VA":90657.94,"SERFIN_EXP":3953.07,"GOBEST_VA":212682.33,"GOBEST_EXP":1536.83,"SPRSCT_VA":88191.25,"SPRSCT_EXP":20369.62,"SEAEMP_VA":39927.04,"SEAEMP_EXP":2781.0,"ADPDEF_VA":166977.32,"ADPDEF_EXP":27.97,"EDUCAC_VA":64607.31,"EDUCAC_EXP":284.58,"SALUDH_VA":63638.1,"SALUDH_EXP":204.69,"ESPARC_VA":16400.19,"ESPARC_EXP":622.51,"OTRSER_VA":9948.73,"OTRSER_EXP":306.35,"SERHOG_VA":12751.47,"SERHOG_EXP":0.0}},{"type":"Feature","geometry":{"type":"Point","coordinates":[45.08,23.89]},"properties":{"id":"SAU","name":"Arabia Saudita","continent":"other","year":2013,"AGRPFO_VA":17625.06,"AGRPFO_EXP":333.48,"FORLOG_VA":23.79,"FORLOG_EXP":0.27,"PESCAC_VA":709.14,"PESCAC_EXP":12.64,"MINCOL_VA":0.0,"MINCOL_EXP":0.0,"PETGAS_VA":288339.97,"PETGAS_EXP":290892.53,"MINORE_VA":784.1,"MINORE_EXP":255.53,"MINOTH_VA":1622.85,"MINOTH_EXP":62.97,"MINSER_VA":647.07,"MINSER_EXP":360.14,"ALYBEB_VA":11528.5,"ALYBEB_EXP":2633.81,"TEXYPR_VA":2891.71,"TEXYPR_EXP":420.8,"MADYPR_VA":812.91,"MADYPR_EXP":24.22,"PAPYPR_VA":3395.29,"PAPYPR_EXP":873.08,"PETREF_VA":14577.21,"PETREF_EXP":19137.79,"QUIMYP_VA":17304.48,"QUIMYP_EXP":25083.02,"FARMED_VA":468.91,"FARMED_EXP":323.38,"HUPLAS_VA":2505.4,"HUPLAS_EXP":872.63,"PRNOMT_VA":4302.84,"PRNOMT_EXP":348.48,"METBAS_VA":778.89,"METBAS_EXP":547.3,"NONFER_VA":494.8,"NONFER_EXP":1139.76,"PRMETA_VA":3951.51,"PRMETA_EXP":509.61,"ELCTRO_VA":108.81,"ELCTRO_EXP":2.28,"ELCTRI_VA":2462.97,"ELCTRI_EXP":359.32,"MAQYEQ_VA":1377.93,"MAQYEQ_EXP":178.84,"AUTOMO_VA":684.97,"AUTOMO_EXP":5.36,"OTRTRA_VA":35.38,"OTRTRA_EXP":68.53,"TRANSP_VA":57.67,"TRANSP_EXP":1.99,"OTRMAN_VA":3219.36,"OTRMAN_EXP":306.17,"ELEGAS_VA":5809.96,"ELEGAS_EXP":11.1,"AGUBAS_VA":2128.45,"AGUBAS_EXP":2.56,"CONSTR_VA":32072.71,"CONSTR_EXP":186.19,"COMREV_VA":56872.62,"COMREV_EXP":18986.18,"TRATIE_VA":7107.26,"TRATIE_EXP":3303.31,"TRAGUA_VA":600.37,"TRAGUA_EXP":463.58,"TRAAIR_VA":2447.2,"TRAAIR_EXP":1984.22,"ALMSTR_VA":6125.81,"ALMSTR_EXP":2309.21,"POSTME_VA":759.89,"POSTME_EXP":54.74,"HOTYRE_VA":12200.25,"HOTYRE_EXP":3658.46,"MMTVRA_VA":1438.0,"MMTVRA_EXP":150.13,"TELECO_VA":15592.49,"TELECO_EXP":474.48,"ITSERV_VA":4034.76,"ITSERV_EXP":31.2,"SERFIN_VA":24633.11,"SERFIN_EXP":244.37,"GOBEST_VA":19542.96,"GOBEST_EXP":577.31,"SPRSCT_VA":4769.66,"SPRSCT_EXP":153.46,"SEAEMP_VA":7265.39,"SEAEMP_EXP":185.51,"ADPDEF_VA":86819.21,"ADPDEF_EXP":32.53,"EDUCAC_VA":36242.31,"EDUCAC_EXP":250.26,"SALUDH_VA":22562.19,"SALUDH_EXP":133.46,"ESPARC_VA":2215.17,"ESPARC_EXP":330.87,"OTRSER_VA":4520.49,"OTRSER_EXP":148.99,"SERHOG_VA":6460.48,"SERHOG_EXP":0.0}},{"type":"Feature","geometry":{"type":"Point","coordinates":[-14.45,14.5]},"properties":{"id":"SEN","name":"Senegal","continent":"other","year":2013,"AGRPFO_VA":2183.29,"AGRPFO_EXP":140.62,"FORLOG_VA":102.47,"FORLOG_EXP":4.16,"PESCAC_VA":267.54,"PESCAC_EXP":98.84,"MINCOL_VA":13.95,"MINCOL_EXP":0.34,"PETGAS_VA":13.3,"PETGAS_EXP":0.27,"MINORE_VA":323.13,"MINORE_EXP":236.76,"MINOTH_VA":242.7,"MINOTH_EXP":98.6,"MINSER_VA":7.35,"MINSER_EXP":1.36,"ALYBEB_VA":1541.1,"ALYBEB_EXP":402.02,"TEXYPR_VA":465.76,"TEXYPR_EXP":99.01,"MADYPR_VA":99.82,"MADYPR_EXP":4.38,"PAPYPR_VA":115.76,"PAPYPR_EXP":13.95,"PETREF_VA":94.85,"PETREF_EXP":444.3,"QUIMYP_VA":82.45,"QUIMYP_EXP":131.73,"FARMED_VA":32.31,"FARMED_EXP":13.91,"HUPLAS_VA":97.55,"HUPLAS_EXP":10.0,"PRNOMT_VA":181.46,"PRNOMT_EXP":150.24,"METBAS_VA":125.42,"METBAS_EXP":35.73,"NONFER_VA":3.51,"NONFER_EXP":24.94,"PRMETA_VA":151.21,"PRMETA_EXP":5.82,"ELCTRO_VA":0.47,"ELCTRO_EXP":0.15,"ELCTRI_VA":34.01,"ELCTRI_EXP":10.88,"MAQYEQ_VA":4.15,"MAQYEQ_EXP":6.05,"AUTOMO_VA":1.84,"AUTOMO_EXP":0.95,"OTRTRA_VA":20.79,"OTRTRA_EXP":3.32,"TRANSP_VA":52.2,"TRANSP_EXP":1.26,"OTRMAN_VA":135.05,"OTRMAN_EXP":10.81,"ELEGAS_VA":175.74,"ELEGAS_EXP":7.98,"AGUBAS_VA":157.78,"AGUBAS_EXP":0.17,"CONSTR_VA":470.21,"CONSTR_EXP":1.89,"COMREV_VA":2427.49,"COMREV_EXP":287.1,"TRATIE_VA":501.56,"TRATIE_EXP":86.25,"TRAGUA_VA":8.55,"TRAGUA_EXP":7.31,"TRAAIR_VA":32.36,"TRAAIR_EXP":62.45,"ALMSTR_VA":227.77,"ALMSTR_EXP":104.08,"POSTME_VA":14.41,"POSTME_EXP":1.14,"HOTYRE_VA":190.14,"HOTYRE_EXP":154.08,"MMTVRA_VA":93.79,"MMTVRA_EXP":29.33,"TELECO_VA":843.54,"TELECO_EXP":303.99,"ITSERV_VA":81.88,"ITSERV_EXP":24.43,"SERFIN_VA":388.58,"SERFIN_EXP":47.42,"GOBEST_VA":1788.02,"GOBEST_EXP":35.07,"SPRSCT_VA":832.77,"SPRSCT_EXP":264.74,"SEAEMP_VA":449.15,"SEAEMP_EXP":52.32,"ADPDEF_VA":930.35,"ADPDEF_EXP":2.76,"EDUCAC_VA":912.88,"EDUCAC_EXP":11.16,"SALUDH_VA":312.09,"SALUDH_EXP":6.37,"ESPARC_VA":61.48,"ESPARC_EXP":14.82,"OTRSER_VA":212.03,"OTRSER_EXP":8.56,"SERHOG_VA":98.54,"SERHOG_EXP":0.0}},{"type":"Feature","geometry":{"type":"Point","coordinates":[103.82,1.35]},"properties":{"id":"SGP","name":"Singapur","continent":"asia","year":2013,"AGRPFO_VA":63.92,"AGRPFO_EXP":21.78,"FORLOG_VA":0.0,"FORLOG_EXP":0.0,"PESCAC_VA":42.37,"PESCAC_EXP":6.89,"MINCOL_VA":0.0,"MINCOL_EXP":0.0,"PETGAS_VA":0.0,"PETGAS_EXP":0.0,"MINORE_VA":0.0,"MINORE_EXP":0.0,"MINOTH_VA":0.0,"MINOTH_EXP":0.0,"MINSER_VA":0.0,"MINSER_EXP":0.0,"ALYBEB_VA":2929.96,"ALYBEB_EXP":3057.6,"TEXYPR_VA":211.4,"TEXYPR_EXP":389.56,"MADYPR_VA":111.82,"MADYPR_EXP":60.56,"PAPYPR_VA":1174.44,"PAPYPR_EXP":1708.32,"PETREF_VA":274.31,"PETREF_EXP":20853.49,"QUIMYP_VA":4864.93,"QUIMYP_EXP":30482.09,"FARMED_VA":6840.64,"FARMED_EXP":6715.58,"HUPLAS_VA":597.33,"HUPLAS_EXP":877.65,"PRNOMT_VA":482.92,"PRNOMT_EXP":203.31,"METBAS_VA":134.32,"METBAS_EXP":601.47,"NONFER_VA":739.44,"NONFER_EXP":908.92,"PRMETA_VA":1533.36,"PRMETA_EXP":3146.84,"ELCTRO_VA":16387.09,"ELCTRO_EXP":51274.42,"ELCTRI_VA":691.74,"ELCTRI_EXP":1723.7,"MAQYEQ_VA":6357.06,"MAQYEQ_EXP":16132.92,"AUTOMO_VA":307.38,"AUTOMO_EXP":495.08,"OTRTRA_VA":2489.13,"OTRTRA_EXP":6843.13,"TRANSP_VA":3274.34,"TRANSP_EXP":4980.4,"OTRMAN_VA":2609.69,"OTRMAN_EXP":4334.61,"ELEGAS_VA":3942.71,"ELEGAS_EXP":69.02,"AGUBAS_VA":1110.33,"AGUBAS_EXP":13.67,"CONSTR_VA":13942.71,"CONSTR_EXP":297.69,"COMREV_VA":53379.88,"COMREV_EXP":44851.24,"TRATIE_VA":3257.02,"TRATIE_EXP":1979.84,"TRAGUA_VA":5777.29,"TRAGUA_EXP":36304.86,"TRAAIR_VA":3456.8,"TRAAIR_EXP":7169.7,"ALMSTR_VA":7139.75,"ALMSTR_EXP":2745.02,"POSTME_VA":506.96,"POSTME_EXP":922.97,"HOTYRE_VA":6653.59,"HOTYRE_EXP":5416.36,"MMTVRA_VA":2732.7,"MMTVRA_EXP":7619.95,"TELECO_VA":4444.11,"TELECO_EXP":3055.33,"ITSERV_VA":4564.66,"ITSERV_EXP":6050.62,"SERFIN_VA":33018.12,"SERFIN_EXP":40349.81,"GOBEST_VA":25530.46,"GOBEST_EXP":1832.04,"SPRSCT_VA":24634.5,"SPRSCT_EXP":17542.82,"SEAEMP_VA":19910.87,"SEAEMP_EXP":7826.49,"ADPDEF_VA":7462.57,"ADPDEF_EXP":321.97,"EDUCAC_VA":9322.48,"EDUCAC_EXP":1657.42,"SALUDH_VA":8544.46,"SALUDH_EXP":731.84,"ESPARC_VA":1905.14,"ESPARC_EXP":798.2,"OTRSER_VA":1977.5,"OTRSER_EXP":490.81,"SERHOG_VA":1813.84,"SERHOG_EXP":0.0}},{"type":"Feature","geometry":{"type":"Point","coordinates":[6.61,0.19]},"properties":{"id":"STP","name":"S. Tomé y Príncipe","continent":"other","year":2013,"AGRPFO_VA":15.99,"AGRPFO_EXP":9.98,"FORLOG_VA":0.08,"FORLOG_EXP":0.01,"PESCAC_VA":22.02,"PESCAC_EXP":0.19,"MINCOL_VA":0.02,"MINCOL_EXP":0.0,"PETGAS_VA":0.41,"PETGAS_EXP":0.04,"MINORE_VA":0.01,"MINORE_EXP":0.0,"MINOTH_VA":0.2,"MINOTH_EXP":0.04,"MINSER_VA":0.12,"MINSER_EXP":0.03,"ALYBEB_VA":7.54,"ALYBEB_EXP":0.83,"TEXYPR_VA":0.02,"TEXYPR_EXP":0.28,"MADYPR_VA":0.02,"MADYPR_EXP":0.0,"PAPYPR_VA":0.02,"PAPYPR_EXP":0.02,"PETREF_VA":0.01,"PETREF_EXP":0.05,"QUIMYP_VA":0.05,"QUIMYP_EXP":0.03,"FARMED_VA":0.03,"FARMED_EXP":0.03,"HUPLAS_VA":0.04,"HUPLAS_EXP":0.01,"PRNOMT_VA":0.13,"PRNOMT_EXP":0.04,"METBAS_VA":0.0,"METBAS_EXP":0.0,"NONFER_VA":0.0,"NONFER_EXP":0.0,"PRMETA_VA":0.02,"PRMETA_EXP":0.0,"ELCTRO_VA":0.01,"ELCTRO_EXP":0.06,"ELCTRI_VA":0.0,"ELCTRI_EXP":0.03,"MAQYEQ_VA":0.01,"MAQYEQ_EXP":0.0,"AUTOMO_VA":0.01,"AUTOMO_EXP":0.0,"OTRTRA_VA":0.0,"OTRTRA_EXP":0.0,"TRANSP_VA":0.0,"TRANSP_EXP":0.0,"OTRMAN_VA":0.03,"OTRMAN_EXP":0.12,"ELEGAS_VA":2.91,"ELEGAS_EXP":0.12,"AGUBAS_VA":2.94,"AGUBAS_EXP":0.14,"CONSTR_VA":9.45,"CONSTR_EXP":0.3,"COMREV_VA":49.31,"COMREV_EXP":4.9,"TRATIE_VA":14.91,"TRATIE_EXP":2.5,"TRAGUA_VA":0.32,"TRAGUA_EXP":0.42,"TRAAIR_VA":1.4,"TRAAIR_EXP":1.67,"ALMSTR_VA":12.21,"ALMSTR_EXP":0.48,"POSTME_VA":3.61,"POSTME_EXP":0.11,"HOTYRE_VA":31.75,"HOTYRE_EXP":11.95,"MMTVRA_VA":2.74,"MMTVRA_EXP":0.58,"TELECO_VA":4.82,"TELECO_EXP":1.83,"ITSERV_VA":4.65,"ITSERV_EXP":1.17,"SERFIN_VA":28.67,"SERFIN_EXP":5.62,"GOBEST_VA":1.34,"GOBEST_EXP":0.57,"SPRSCT_VA":1.05,"SPRSCT_EXP":1.05,"SEAEMP_VA":1.16,"SEAEMP_EXP":0.61,"ADPDEF_VA":30.3,"ADPDEF_EXP":0.25,"EDUCAC_VA":10.75,"EDUCAC_EXP":0.73,"SALUDH_VA":6.89,"SALUDH_EXP":0.52,"ESPARC_VA":5.7,"ESPARC_EXP":1.14,"OTRSER_VA":7.64,"OTRSER_EXP":0.75,"SERHOG_VA":5.12,"SERHOG_EXP":0.0}},{"type":"Feature","geometry":{"type":"Point","coordinates":[19.7,48.67]},"properties":{"id":"SVK","name":"Eslovaquia","continent":"europe","year":2013,"AGRPFO_VA":1475.1,"AGRPFO_EXP":1300.8,"FORLOG_VA":726.6,"FORLOG_EXP":231.28,"PESCAC_VA":15.91,"PESCAC_EXP":6.3,"MINCOL_VA":45.11,"MINCOL_EXP":47.17,"PETGAS_VA":0.5,"PETGAS_EXP":0.35,"MINORE_VA":9.37,"MINORE_EXP":22.65,"MINOTH_VA":48.85,"MINOTH_EXP":56.92,"MINSER_VA":148.28,"MINSER_EXP":18.17,"ALYBEB_VA":1292.5,"ALYBEB_EXP":1927.24,"TEXYPR_VA":797.62,"TEXYPR_EXP":1224.12,"MADYPR_VA":501.51,"MADYPR_EXP":583.02,"PAPYPR_VA":665.6,"PAPYPR_EXP":1282.17,"PETREF_VA":1243.53,"PETREF_EXP":3644.31,"QUIMYP_VA":413.66,"QUIMYP_EXP":1870.58,"FARMED_VA":37.1,"FARMED_EXP":227.21,"HUPLAS_VA":1643.18,"HUPLAS_EXP":3322.85,"PRNOMT_VA":715.63,"PRNOMT_EXP":955.72,"METBAS_VA":1022.47,"METBAS_EXP":2972.52,"NONFER_VA":333.64,"NONFER_EXP":911.48,"PRMETA_VA":2354.14,"PRMETA_EXP":3171.07,"ELCTRO_VA":867.59,"ELCTRO_EXP":6494.98,"ELCTRI_VA":1080.36,"ELCTRI_EXP":3349.85,"MAQYEQ_VA":1551.1,"MAQYEQ_EXP":4044.73,"AUTOMO_VA":3582.0,"AUTOMO_EXP":21915.76,"OTRTRA_VA":3.29,"OTRTRA_EXP":1.02,"TRANSP_VA":149.66,"TRANSP_EXP":117.36,"OTRMAN_VA":1307.86,"OTRMAN_EXP":1302.6,"ELEGAS_VA":3774.71,"ELEGAS_EXP":117.69,"AGUBAS_VA":1183.65,"AGUBAS_EXP":59.32,"CONSTR_VA":7151.69,"CONSTR_EXP":231.48,"COMREV_VA":11388.9,"COMREV_EXP":6021.24,"TRATIE_VA":3295.79,"TRATIE_EXP":2414.56,"TRAGUA_VA":84.99,"TRAGUA_EXP":32.75,"TRAAIR_VA":64.09,"TRAAIR_EXP":115.54,"ALMSTR_VA":1871.47,"ALMSTR_EXP":756.29,"POSTME_VA":357.11,"POSTME_EXP":157.52,"HOTYRE_VA":1449.03,"HOTYRE_EXP":790.19,"MMTVRA_VA":623.15,"MMTVRA_EXP":215.04,"TELECO_VA":1572.41,"TELECO_EXP":499.92,"ITSERV_VA":2593.94,"ITSERV_EXP":828.44,"SERFIN_VA":3222.4,"SERFIN_EXP":317.89,"GOBEST_VA":8627.67,"GOBEST_EXP":286.97,"SPRSCT_VA":5535.65,"SPRSCT_EXP":1981.09,"SEAEMP_VA":3416.13,"SEAEMP_EXP":692.51,"ADPDEF_VA":6707.51,"ADPDEF_EXP":67.51,"EDUCAC_VA":3407.93,"EDUCAC_EXP":111.36,"SALUDH_VA":3194.14,"SALUDH_EXP":130.85,"ESPARC_VA":2424.82,"ESPARC_EXP":165.48,"OTRSER_VA":1029.41,"OTRSER_EXP":71.2,"SERHOG_VA":41.93,"SERHOG_EXP":0.0}},{"type":"Feature","geometry":{"type":"Point","coordinates":[14.99,46.15]},"properties":{"id":"SVN","name":"Eslovenia","continent":"europe","year":2013,"AGRPFO_VA":673.56,"AGRPFO_EXP":287.34,"FORLOG_VA":333.43,"FORLOG_EXP":179.35,"PESCAC_VA":7.41,"PESCAC_EXP":3.79,"MINCOL_VA":139.16,"MINCOL_EXP":4.06,"PETGAS_VA":0.0,"PETGAS_EXP":0.0,"MINORE_VA":5.36,"MINORE_EXP":9.0,"MINOTH_VA":72.29,"MINOTH_EXP":65.47,"MINSER_VA":2.81,"MINSER_EXP":1.06,"ALYBEB_VA":685.93,"ALYBEB_EXP":644.09,"TEXYPR_VA":329.39,"TEXYPR_EXP":557.2,"MADYPR_VA":314.81,"MADYPR_EXP":607.79,"PAPYPR_VA":432.08,"PAPYPR_EXP":641.72,"PETREF_VA":0.97,"PETREF_EXP":0.16,"QUIMYP_VA":530.64,"QUIMYP_EXP":1322.56,"FARMED_VA":1251.44,"FARMED_EXP":1967.11,"HUPLAS_VA":673.74,"HUPLAS_EXP":1278.02,"PRNOMT_VA":369.72,"PRNOMT_EXP":575.55,"METBAS_VA":267.83,"METBAS_EXP":669.34,"NONFER_VA":171.86,"NONFER_EXP":692.61,"PRMETA_VA":1342.0,"PRMETA_EXP":1964.04,"ELCTRO_VA":338.45,"ELCTRO_EXP":641.73,"ELCTRI_VA":939.01,"ELCTRI_EXP":2211.68,"MAQYEQ_VA":639.93,"MAQYEQ_EXP":1395.72,"AUTOMO_VA":833.38,"AUTOMO_EXP":2401.47,"OTRTRA_VA":9.76,"OTRTRA_EXP":25.29,"TRANSP_VA":29.37,"TRANSP_EXP":44.05,"OTRMAN_VA":754.73,"OTRMAN_EXP":941.88,"ELEGAS_VA":1138.92,"ELEGAS_EXP":949.24,"AGUBAS_VA":499.38,"AGUBAS_EXP":75.9,"CONSTR_VA":2337.85,"CONSTR_EXP":126.93,"COMREV_VA":5244.07,"COMREV_EXP":3047.36,"TRATIE_VA":1809.76,"TRATIE_EXP":1458.35,"TRAGUA_VA":49.27,"TRAGUA_EXP":106.94,"TRAAIR_VA":70.18,"TRAAIR_EXP":213.45,"ALMSTR_VA":884.1,"ALMSTR_EXP":684.6,"POSTME_VA":260.19,"POSTME_EXP":30.91,"HOTYRE_VA":1004.79,"HOTYRE_EXP":1057.74,"MMTVRA_VA":320.07,"MMTVRA_EXP":219.36,"TELECO_VA":733.37,"TELECO_EXP":431.7,"ITSERV_VA":744.56,"ITSERV_EXP":156.99,"SERFIN_VA":1718.8,"SERFIN_EXP":264.58,"GOBEST_VA":3398.03,"GOBEST_EXP":167.04,"SPRSCT_VA":2985.97,"SPRSCT_EXP":790.67,"SEAEMP_VA":1123.32,"SEAEMP_EXP":514.58,"ADPDEF_VA":2701.21,"ADPDEF_EXP":20.88,"EDUCAC_VA":2491.17,"EDUCAC_EXP":88.34,"SALUDH_VA":2321.97,"SALUDH_EXP":54.27,"ESPARC_VA":664.86,"ESPARC_EXP":109.83,"OTRSER_VA":493.68,"OTRSER_EXP":59.17,"SERHOG_VA":37.1,"SERHOG_EXP":0.0}},{"type":"Feature","geometry":{"type":"Point","coordinates":[18.64,60.13]},"properties":{"id":"SWE","name":"Suecia","continent":"europe","year":2013,"AGRPFO_VA":4183.58,"AGRPFO_EXP":856.49,"FORLOG_VA":3865.25,"FORLOG_EXP":143.04,"PESCAC_VA":167.55,"PESCAC_EXP":301.34,"MINCOL_VA":90.47,"MINCOL_EXP":5.15,"PETGAS_VA":25.1,"PETGAS_EXP":1.0,"MINORE_VA":2638.79,"MINORE_EXP":4518.32,"MINOTH_VA":457.38,"MINOTH_EXP":104.2,"MINSER_VA":103.84,"MINSER_EXP":191.32,"ALYBEB_VA":6873.29,"ALYBEB_EXP":4442.1,"TEXYPR_VA":673.39,"TEXYPR_EXP":823.94,"MADYPR_VA":2856.05,"MADYPR_EXP":3516.77,"PAPYPR_VA":7013.75,"PAPYPR_EXP":11636.65,"PETREF_VA":2419.18,"PETREF_EXP":9607.09,"QUIMYP_VA":4864.69,"QUIMYP_EXP":6740.07,"FARMED_VA":6908.63,"FARMED_EXP":6439.49,"HUPLAS_VA":2398.62,"HUPLAS_EXP":3780.38,"PRNOMT_VA":2413.75,"PRNOMT_EXP":1143.09,"METBAS_VA":3440.64,"METBAS_EXP":6318.95,"NONFER_VA":1249.18,"NONFER_EXP":3241.49,"PRMETA_VA":8125.92,"PRMETA_EXP":5418.92,"ELCTRO_VA":4017.75,"ELCTRO_EXP":5756.32,"ELCTRI_VA":3114.41,"ELCTRI_EXP":5923.18,"MAQYEQ_VA":10326.56,"MAQYEQ_EXP":19408.77,"AUTOMO_VA":10076.71,"AUTOMO_EXP":17784.3,"OTRTRA_VA":428.66,"OTRTRA_EXP":453.24,"TRANSP_VA":2947.4,"TRANSP_EXP":1074.29,"OTRMAN_VA":4860.09,"OTRMAN_EXP":4354.15,"ELEGAS_VA":14837.57,"ELEGAS_EXP":1749.14,"AGUBAS_VA":3622.23,"AGUBAS_EXP":100.02,"CONSTR_VA":31555.38,"CONSTR_EXP":556.01,"COMREV_VA":61785.27,"COMREV_EXP":26840.72,"TRATIE_VA":14655.41,"TRATIE_EXP":4018.29,"TRAGUA_VA":1014.77,"TRAGUA_EXP":1624.56,"TRAAIR_VA":1384.19,"TRAAIR_EXP":2320.63,"ALMSTR_VA":9766.72,"ALMSTR_EXP":8952.01,"POSTME_VA":4551.3,"POSTME_EXP":490.38,"HOTYRE_VA":9275.38,"HOTYRE_EXP":3484.7,"MMTVRA_VA":7003.39,"MMTVRA_EXP":3817.89,"TELECO_VA":7812.0,"TELECO_EXP":2017.54,"ITSERV_VA":21957.27,"ITSERV_EXP":9756.76,"SERFIN_VA":24269.21,"SERFIN_EXP":3635.11,"GOBEST_VA":49112.67,"GOBEST_EXP":835.38,"SPRSCT_VA":39962.79,"SPRSCT_EXP":14983.73,"SEAEMP_VA":18074.02,"SEAEMP_EXP":8631.81,"ADPDEF_VA":24417.33,"ADPDEF_EXP":324.95,"EDUCAC_VA":29976.86,"EDUCAC_EXP":382.9,"SALUDH_VA":57742.1,"SALUDH_EXP":447.76,"ESPARC_VA":7669.39,"ESPARC_EXP":631.93,"OTRSER_VA":8590.42,"OTRSER_EXP":294.21,"SERHOG_VA":232.11,"SERHOG_EXP":0.0}},{"type":"Feature","geometry":{"type":"Point","coordinates":[100.99,15.87]},"properties":{"id":"THA","name":"Tailandia","continent":"asia","year":2013,"AGRPFO_VA":36513.12,"AGRPFO_EXP":3964.07,"FORLOG_VA":281.68,"FORLOG_EXP":343.54,"PESCAC_VA":2856.59,"PESCAC_EXP":87.79,"MINCOL_VA":361.13,"MINCOL_EXP":7.91,"PETGAS_VA":11598.17,"PETGAS_EXP":513.71,"MINORE_VA":61.02,"MINORE_EXP":93.89,"MINOTH_VA":1534.63,"MINOTH_EXP":555.91,"MINSER_VA":1277.67,"MINSER_EXP":64.9,"ALYBEB_VA":22900.98,"ALYBEB_EXP":25083.42,"TEXYPR_VA":7294.38,"TEXYPR_EXP":9790.13,"MADYPR_VA":1121.2,"MADYPR_EXP":1631.13,"PAPYPR_VA":1892.94,"PAPYPR_EXP":1828.21,"PETREF_VA":6620.89,"PETREF_EXP":7768.97,"QUIMYP_VA":8819.24,"QUIMYP_EXP":16231.34,"FARMED_VA":960.14,"FARMED_EXP":370.24,"HUPLAS_VA":7448.63,"HUPLAS_EXP":14250.25,"PRNOMT_VA":4623.09,"PRNOMT_EXP":2141.67,"METBAS_VA":1750.96,"METBAS_EXP":1748.56,"NONFER_VA":852.44,"NONFER_EXP":2558.21,"PRMETA_VA":3104.88,"PRMETA_EXP":5619.43,"ELCTRO_VA":11271.41,"ELCTRO_EXP":39553.28,"ELCTRI_VA":4813.22,"ELCTRI_EXP":10602.72,"MAQYEQ_VA":4568.51,"MAQYEQ_EXP":10583.05,"AUTOMO_VA":10534.85,"AUTOMO_EXP":21793.17,"OTRTRA_VA":840.72,"OTRTRA_EXP":841.69,"TRANSP_VA":1099.53,"TRANSP_EXP":2553.05,"OTRMAN_VA":6117.0,"OTRMAN_EXP":12894.61,"ELEGAS_VA":8462.24,"ELEGAS_EXP":220.57,"AGUBAS_VA":1339.24,"AGUBAS_EXP":0.35,"CONSTR_VA":10135.61,"CONSTR_EXP":0.56,"COMREV_VA":74555.3,"COMREV_EXP":25333.19,"TRATIE_VA":8272.67,"TRATIE_EXP":7838.76,"TRAGUA_VA":3525.15,"TRAGUA_EXP":6327.58,"TRAAIR_VA":3700.73,"TRAAIR_EXP":6366.92,"ALMSTR_VA":3642.88,"ALMSTR_EXP":643.63,"POSTME_VA":687.63,"POSTME_EXP":459.18,"HOTYRE_VA":13679.61,"HOTYRE_EXP":7679.04,"MMTVRA_VA":1411.81,"MMTVRA_EXP":237.32,"TELECO_VA":4524.44,"TELECO_EXP":2842.45,"ITSERV_VA":2104.2,"ITSERV_EXP":538.92,"SERFIN_VA":23537.95,"SERFIN_EXP":1424.72,"GOBEST_VA":11020.5,"GOBEST_EXP":2871.29,"SPRSCT_VA":7278.94,"SPRSCT_EXP":1298.9,"SEAEMP_VA":6444.99,"SEAEMP_EXP":4203.42,"ADPDEF_VA":20854.53,"ADPDEF_EXP":0.71,"EDUCAC_VA":14451.31,"EDUCAC_EXP":3.4,"SALUDH_VA":8423.64,"SALUDH_EXP":1130.5,"ESPARC_VA":1792.63,"ESPARC_EXP":355.47,"OTRSER_VA":4819.86,"OTRSER_EXP":2500.59,"SERHOG_VA":626.33,"SERHOG_EXP":0.0}},{"type":"Feature","geometry":{"type":"Point","coordinates":[9.54,33.89]},"properties":{"id":"TUN","name":"Túnez","continent":"other","year":2013,"AGRPFO_VA":2991.09,"AGRPFO_EXP":334.94,"FORLOG_VA":436.97,"FORLOG_EXP":1.97,"PESCAC_VA":615.88,"PESCAC_EXP":61.67,"MINCOL_VA":501.41,"MINCOL_EXP":0.19,"PETGAS_VA":1769.87,"PETGAS_EXP":1892.66,"MINORE_VA":5.81,"MINORE_EXP":0.27,"MINOTH_VA":227.75,"MINOTH_EXP":43.22,"MINSER_VA":133.92,"MINSER_EXP":2.06,"ALYBEB_VA":1485.74,"ALYBEB_EXP":1322.95,"TEXYPR_VA":1682.27,"TEXYPR_EXP":2861.84,"MADYPR_VA":181.43,"MADYPR_EXP":27.22,"PAPYPR_VA":228.78,"PAPYPR_EXP":196.73,"PETREF_VA":54.82,"PETREF_EXP":710.12,"QUIMYP_VA":409.62,"QUIMYP_EXP":1231.28,"FARMED_VA":258.37,"FARMED_EXP":73.09,"HUPLAS_VA":126.09,"HUPLAS_EXP":278.19,"PRNOMT_VA":597.94,"PRNOMT_EXP":219.96,"METBAS_VA":96.53,"METBAS_EXP":299.49,"NONFER_VA":63.74,"NONFER_EXP":200.87,"PRMETA_VA":597.45,"PRMETA_EXP":531.6,"ELCTRO_VA":323.08,"ELCTRO_EXP":875.82,"ELCTRI_VA":806.3,"ELCTRI_EXP":1986.03,"MAQYEQ_VA":449.59,"MAQYEQ_EXP":287.19,"AUTOMO_VA":362.99,"AUTOMO_EXP":708.73,"OTRTRA_VA":21.6,"OTRTRA_EXP":53.46,"TRANSP_VA":58.27,"TRANSP_EXP":135.74,"OTRMAN_VA":300.63,"OTRMAN_EXP":254.63,"ELEGAS_VA":549.76,"ELEGAS_EXP":4.75,"AGUBAS_VA":179.92,"AGUBAS_EXP":0.17,"CONSTR_VA":2688.3,"CONSTR_EXP":108.48,"COMREV_VA":3875.37,"COMREV_EXP":1447.32,"TRATIE_VA":1842.14,"TRATIE_EXP":733.69,"TRAGUA_VA":135.09,"TRAGUA_EXP":208.37,"TRAAIR_VA":206.58,"TRAAIR_EXP":439.09,"ALMSTR_VA":1012.37,"ALMSTR_EXP":385.88,"POSTME_VA":433.28,"POSTME_EXP":91.95,"HOTYRE_VA":1999.11,"HOTYRE_EXP":747.43,"MMTVRA_VA":194.6,"MMTVRA_EXP":57.06,"TELECO_VA":1490.1,"TELECO_EXP":367.13,"ITSERV_VA":610.36,"ITSERV_EXP":131.59,"SERFIN_VA":1733.2,"SERFIN_EXP":228.51,"GOBEST_VA":1974.67,"GOBEST_EXP":125.21,"SPRSCT_VA":1416.34,"SPRSCT_EXP":470.36,"SEAEMP_VA":1050.57,"SEAEMP_EXP":176.21,"ADPDEF_VA":4670.78,"ADPDEF_EXP":1.7,"EDUCAC_VA":2988.45,"EDUCAC_EXP":43.72,"SALUDH_VA":85.41,"SALUDH_EXP":29.3,"ESPARC_VA":51.46,"ESPARC_EXP":52.47,"OTRSER_VA":114.54,"OTRSER_EXP":38.32,"SERHOG_VA":152.37,"SERHOG_EXP":0.0}},{"type":"Feature","geometry":{"type":"Point","coordinates":[35.24,38.96]},"properties":{"id":"TUR","name":"Turquía","continent":"europe","year":2013,"AGRPFO_VA":63654.64,"AGRPFO_EXP":7270.18,"FORLOG_VA":1745.21,"FORLOG_EXP":8.88,"PESCAC_VA":1837.94,"PESCAC_EXP":207.93,"MINCOL_VA":2795.98,"MINCOL_EXP":11.22,"PETGAS_VA":1535.97,"PETGAS_EXP":199.31,"MINORE_VA":4163.68,"MINORE_EXP":4743.12,"MINOTH_VA":2541.25,"MINOTH_EXP":700.16,"MINSER_VA":478.87,"MINSER_EXP":3.71,"ALYBEB_VA":25586.81,"ALYBEB_EXP":9135.0,"TEXYPR_VA":32115.99,"TEXYPR_EXP":23325.58,"MADYPR_VA":2641.36,"MADYPR_EXP":668.09,"PAPYPR_VA":5978.75,"PAPYPR_EXP":1878.11,"PETREF_VA":2971.78,"PETREF_EXP":6950.83,"QUIMYP_VA":7815.77,"QUIMYP_EXP":5603.56,"FARMED_VA":2022.69,"FARMED_EXP":833.05,"HUPLAS_VA":8539.52,"HUPLAS_EXP":5654.3,"PRNOMT_VA":13479.64,"PRNOMT_EXP":3278.77,"METBAS_VA":7930.01,"METBAS_EXP":9731.94,"NONFER_VA":2288.03,"NONFER_EXP":3144.48,"PRMETA_VA":12157.12,"PRMETA_EXP":6437.84,"ELCTRO_VA":1982.45,"ELCTRO_EXP":2223.82,"ELCTRI_VA":6219.86,"ELCTRI_EXP":9060.94,"MAQYEQ_VA":7705.43,"MAQYEQ_EXP":6755.66,"AUTOMO_VA":8877.19,"AUTOMO_EXP":15365.6,"OTRTRA_VA":570.31,"OTRTRA_EXP":731.14,"TRANSP_VA":1431.37,"TRANSP_EXP":895.7,"OTRMAN_VA":13511.46,"OTRMAN_EXP":5140.35,"ELEGAS_VA":14518.34,"ELEGAS_EXP":45.39,"AGUBAS_VA":9696.23,"AGUBAS_EXP":24.3,"CONSTR_VA":83083.25,"CONSTR_EXP":1046.42,"COMREV_VA":115829.23,"COMREV_EXP":24601.28,"TRATIE_VA":68972.57,"TRATIE_EXP":10321.56,"TRAGUA_VA":4499.18,"TRAGUA_EXP":3081.89,"TRAAIR_VA":4083.05,"TRAAIR_EXP":9199.9,"ALMSTR_VA":10510.89,"ALMSTR_EXP":3283.08,"POSTME_VA":2717.31,"POSTME_EXP":295.72,"HOTYRE_VA":27529.81,"HOTYRE_EXP":9712.68,"MMTVRA_VA":4707.34,"MMTVRA_EXP":413.55,"TELECO_VA":11350.65,"TELECO_EXP":1081.33,"ITSERV_VA":8213.21,"ITSERV_EXP":757.81,"SERFIN_VA":30663.47,"SERFIN_EXP":3556.95,"GOBEST_VA":69936.02,"GOBEST_EXP":1705.8,"SPRSCT_VA":21225.44,"SPRSCT_EXP":2738.19,"SEAEMP_VA":23652.84,"SEAEMP_EXP":4899.63,"ADPDEF_VA":45981.89,"ADPDEF_EXP":298.98,"EDUCAC_VA":38931.08,"EDUCAC_EXP":1160.2,"SALUDH_VA":26239.5,"SALUDH_EXP":347.13,"ESPARC_VA":9386.7,"ESPARC_EXP":1083.43,"OTRSER_VA":8997.46,"OTRSER_EXP":548.7,"SERHOG_VA":478.6,"SERHOG_EXP":0.0}},{"type":"Feature","geometry":{"type":"Point","coordinates":[120.96,23.7]},"properties":{"id":"TWN","name":"Taiwán","continent":"asia","year":2013,"AGRPFO_VA":7331.33,"AGRPFO_EXP":465.79,"FORLOG_VA":65.15,"FORLOG_EXP":16.07,"PESCAC_VA":1345.09,"PESCAC_EXP":1287.67,"MINCOL_VA":83.83,"MINCOL_EXP":11.82,"PETGAS_VA":262.86,"PETGAS_EXP":29.24,"MINORE_VA":61.3,"MINORE_EXP":10.25,"MINOTH_VA":531.98,"MINOTH_EXP":12.44,"MINSER_VA":284.6,"MINSER_EXP":9.15,"ALYBEB_VA":7568.29,"ALYBEB_EXP":2876.6,"TEXYPR_VA":4760.48,"TEXYPR_EXP":10681.89,"MADYPR_VA":347.86,"MADYPR_EXP":215.49,"PAPYPR_VA":2942.18,"PAPYPR_EXP":2017.5,"PETREF_VA":5204.81,"PETREF_EXP":19338.06,"QUIMYP_VA":10562.48,"QUIMYP_EXP":39770.73,"FARMED_VA":1375.22,"FARMED_EXP":1085.93,"HUPLAS_VA":4886.99,"HUPLAS_EXP":9444.63,"PRNOMT_VA":4186.19,"PRNOMT_EXP":2849.05,"METBAS_VA":6488.1,"METBAS_EXP":12371.42,"NONFER_VA":1415.8,"NONFER_EXP":5885.64,"PRMETA_VA":8315.05,"PRMETA_EXP":13735.55,"ELCTRO_VA":69142.45,"ELCTRO_EXP":145897.96,"ELCTRI_VA":4864.37,"ELCTRI_EXP":7463.83,"MAQYEQ_VA":7535.92,"MAQYEQ_EXP":19504.46,"AUTOMO_VA":4029.22,"AUTOMO_EXP":7103.58,"OTRTRA_VA":2683.38,"OTRTRA_EXP":906.72,"TRANSP_VA":2437.89,"TRANSP_EXP":4992.91,"OTRMAN_VA":6180.58,"OTRMAN_EXP":3200.0,"ELEGAS_VA":6648.33,"ELEGAS_EXP":46.73,"AGUBAS_VA":3216.69,"AGUBAS_EXP":3.25,"CONSTR_VA":13263.53,"CONSTR_EXP":265.43,"COMREV_VA":77642.37,"COMREV_EXP":33733.4,"TRATIE_VA":6611.23,"TRATIE_EXP":3139.42,"TRAGUA_VA":457.86,"TRAGUA_EXP":3030.26,"TRAAIR_VA":1901.21,"TRAAIR_EXP":4855.18,"ALMSTR_VA":4351.56,"ALMSTR_EXP":2821.67,"POSTME_VA":1075.16,"POSTME_EXP":51.53,"HOTYRE_VA":12402.22,"HOTYRE_EXP":3431.8,"MMTVRA_VA":3218.8,"MMTVRA_EXP":1259.9,"TELECO_VA":7896.76,"TELECO_EXP":794.37,"ITSERV_VA":4652.28,"ITSERV_EXP":666.99,"SERFIN_VA":32085.72,"SERFIN_EXP":1952.26,"GOBEST_VA":42875.13,"GOBEST_EXP":588.77,"SPRSCT_VA":16011.02,"SPRSCT_EXP":2763.66,"SEAEMP_VA":9072.98,"SEAEMP_EXP":1073.87,"ADPDEF_VA":34603.48,"ADPDEF_EXP":0.01,"EDUCAC_VA":24080.45,"EDUCAC_EXP":275.76,"SALUDH_VA":14558.81,"SALUDH_EXP":1021.12,"ESPARC_VA":4512.22,"ESPARC_EXP":716.15,"OTRSER_VA":13269.05,"OTRSER_EXP":144.82,"SERHOG_VA":3444.56,"SERHOG_EXP":0.0}},{"type":"Feature","geometry":{"type":"Point","coordinates":[31.17,48.38]},"properties":{"id":"UKR","name":"Ucrania","continent":"europe","year":2013,"AGRPFO_VA":15524.35,"AGRPFO_EXP":7678.95,"FORLOG_VA":1809.3,"FORLOG_EXP":270.48,"PESCAC_VA":44.13,"PESCAC_EXP":11.19,"MINCOL_VA":2901.03,"MINCOL_EXP":665.04,"PETGAS_VA":2682.13,"PETGAS_EXP":116.11,"MINORE_VA":4395.5,"MINORE_EXP":1684.88,"MINOTH_VA":894.62,"MINOTH_EXP":1442.29,"MINSER_VA":150.15,"MINSER_EXP":868.7,"ALYBEB_VA":8174.84,"ALYBEB_EXP":2479.58,"TEXYPR_VA":913.86,"TEXYPR_EXP":322.07,"MADYPR_VA":356.54,"MADYPR_EXP":639.24,"PAPYPR_VA":1014.31,"PAPYPR_EXP":904.28,"PETREF_VA":1271.69,"PETREF_EXP":660.71,"QUIMYP_VA":1046.59,"QUIMYP_EXP":1684.04,"FARMED_VA":460.61,"FARMED_EXP":131.56,"HUPLAS_VA":728.33,"HUPLAS_EXP":255.44,"PRNOMT_VA":1129.51,"PRNOMT_EXP":270.11,"METBAS_VA":2396.63,"METBAS_EXP":8709.08,"NONFER_VA":324.61,"NONFER_EXP":876.92,"PRMETA_VA":864.28,"PRMETA_EXP":425.72,"ELCTRO_VA":310.65,"ELCTRO_EXP":284.73,"ELCTRI_VA":877.46,"ELCTRI_EXP":811.12,"MAQYEQ_VA":1657.46,"MAQYEQ_EXP":1537.51,"AUTOMO_VA":401.34,"AUTOMO_EXP":242.74,"OTRTRA_VA":54.84,"OTRTRA_EXP":147.5,"TRANSP_VA":2580.26,"TRANSP_EXP":1069.8,"OTRMAN_VA":1668.93,"OTRMAN_EXP":1448.3,"ELEGAS_VA":5489.77,"ELEGAS_EXP":618.73,"AGUBAS_VA":857.37,"AGUBAS_EXP":6.07,"CONSTR_VA":4902.19,"CONSTR_EXP":29.01,"COMREV_VA":26517.77,"COMREV_EXP":4804.61,"TRATIE_VA":8849.65,"TRATIE_EXP":2590.6,"TRAGUA_VA":1147.16,"TRAGUA_EXP":1745.26,"TRAAIR_VA":1179.46,"TRAAIR_EXP":1397.7,"ALMSTR_VA":4455.73,"ALMSTR_EXP":1151.03,"POSTME_VA":364.22,"POSTME_EXP":388.76,"HOTYRE_VA":1482.46,"HOTYRE_EXP":1580.47,"MMTVRA_VA":791.93,"MMTVRA_EXP":362.36,"TELECO_VA":3183.96,"TELECO_EXP":1339.93,"ITSERV_VA":2275.6,"ITSERV_EXP":2706.14,"SERFIN_VA":7749.98,"SERFIN_EXP":771.85,"GOBEST_VA":9105.24,"GOBEST_EXP":555.67,"SPRSCT_VA":5462.85,"SPRSCT_EXP":2750.3,"SEAEMP_VA":2117.62,"SEAEMP_EXP":551.45,"ADPDEF_VA":8862.27,"ADPDEF_EXP":1.05,"EDUCAC_VA":10113.29,"EDUCAC_EXP":139.03,"SALUDH_VA":6489.02,"SALUDH_EXP":65.38,"ESPARC_VA":1315.14,"ESPARC_EXP":566.79,"OTRSER_VA":1200.01,"OTRSER_EXP":83.36,"SERHOG_VA":1.94,"SERHOG_EXP":0.0}},{"type":"Feature","geometry":{"type":"Point","coordinates":[-95.71,37.09]},"properties":{"id":"USA","name":"Estados Unidos","continent":"america","year":2013,"AGRPFO_VA":212722.3,"AGRPFO_EXP":46773.32,"FORLOG_VA":9660.92,"FORLOG_EXP":1934.04,"PESCAC_VA":4200.06,"PESCAC_EXP":3611.03,"MINCOL_VA":27697.84,"MINCOL_EXP":9026.61,"PETGAS_VA":243471.73,"PETGAS_EXP":19260.7,"MINORE_VA":14971.15,"MINORE_EXP":11194.82,"MINOTH_VA":17185.16,"MINOTH_EXP":1974.38,"MINSER_VA":70239.16,"MINSER_EXP":3182.57,"ALYBEB_VA":209315.5,"ALYBEB_EXP":57308.12,"TEXYPR_VA":27877.49,"TEXYPR_EXP":18645.49,"MADYPR_VA":31141.96,"MADYPR_EXP":4854.96,"PAPYPR_VA":98050.76,"PAPYPR_EXP":23698.93,"PETREF_VA":149272.93,"PETREF_EXP":99137.68,"QUIMYP_VA":193816.73,"QUIMYP_EXP":100687.3,"FARMED_VA":130595.41,"FARMED_EXP":34995.86,"HUPLAS_VA":71178.99,"HUPLAS_EXP":24633.43,"PRNOMT_VA":56184.9,"PRNOMT_EXP":8901.25,"METBAS_VA":36619.68,"METBAS_EXP":13807.25,"NONFER_VA":41668.0,"NONFER_EXP":41626.36,"PRMETA_VA":143018.87,"PRMETA_EXP":28278.73,"ELCTRO_VA":247313.88,"ELCTRO_EXP":107082.74,"ELCTRI_VA":59355.14,"ELCTRI_EXP":31815.53,"MAQYEQ_VA":160404.5,"MAQYEQ_EXP":106004.43,"AUTOMO_VA":120490.76,"AUTOMO_EXP":95229.35,"OTRTRA_VA":18028.11,"OTRTRA_EXP":2231.96,"TRANSP_VA":116719.62,"TRANSP_EXP":88043.48,"OTRMAN_VA":123794.2,"OTRMAN_EXP":47671.98,"ELEGAS_VA":249696.23,"ELEGAS_EXP":2507.38,"AGUBAS_VA":49952.08,"AGUBAS_EXP":107.83,"CONSTR_VA":601741.14,"CONSTR_EXP":4.54,"COMREV_VA":1693394.51,"COMREV_EXP":294811.73,"TRATIE_VA":246585.5,"TRATIE_EXP":43774.82,"TRAGUA_VA":17179.22,"TRAGUA_EXP":8750.84,"TRAAIR_VA":79257.95,"TRAAIR_EXP":58612.69,"ALMSTR_VA":104323.87,"ALMSTR_EXP":6266.42,"POSTME_VA":76324.23,"POSTME_EXP":11344.36,"HOTYRE_VA":422778.69,"HOTYRE_EXP":46212.28,"MMTVRA_VA":375193.44,"MMTVRA_EXP":66246.57,"TELECO_VA":293812.27,"TELECO_EXP":25428.46,"ITSERV_VA":384741.6,"ITSERV_EXP":24868.44,"SERFIN_VA":1139478.14,"SERFIN_EXP":148186.7,"GOBEST_VA":2046649.03,"GOBEST_EXP":14055.08,"SPRSCT_VA":1263633.96,"SPRSCT_EXP":131829.09,"SEAEMP_VA":618592.54,"SEAEMP_EXP":65581.68,"ADPDEF_VA":1514503.5,"ADPDEF_EXP":4001.0,"EDUCAC_VA":948370.71,"EDUCAC_EXP":36506.67,"SALUDH_VA":1236126.9,"SALUDH_EXP":2487.82,"ESPARC_VA":165655.13,"ESPARC_EXP":7348.67,"OTRSER_VA":239941.61,"OTRSER_EXP":3657.84,"SERHOG_VA":18235.48,"SERHOG_EXP":0.0}},{"type":"Feature","geometry":{"type":"Point","coordinates":[108.28,14.06]},"properties":{"id":"VNM","name":"Vietnam","continent":"asia","year":2013,"AGRPFO_VA":22160.35,"AGRPFO_EXP":5961.89,"FORLOG_VA":1050.62,"FORLOG_EXP":47.47,"PESCAC_VA":6000.83,"PESCAC_EXP":66.46,"MINCOL_VA":1258.96,"MINCOL_EXP":822.9,"PETGAS_VA":5794.16,"PETGAS_EXP":7170.22,"MINORE_VA":14292.3,"MINORE_EXP":930.63,"MINOTH_VA":488.07,"MINOTH_EXP":46.11,"MINSER_VA":357.05,"MINSER_EXP":93.68,"ALYBEB_VA":9337.97,"ALYBEB_EXP":14541.37,"TEXYPR_VA":15506.53,"TEXYPR_EXP":23541.28,"MADYPR_VA":776.09,"MADYPR_EXP":1118.38,"PAPYPR_VA":1613.06,"PAPYPR_EXP":533.79,"PETREF_VA":1997.26,"PETREF_EXP":338.22,"QUIMYP_VA":3351.57,"QUIMYP_EXP":2598.09,"FARMED_VA":871.97,"FARMED_EXP":105.27,"HUPLAS_VA":2748.7,"HUPLAS_EXP":4495.94,"PRNOMT_VA":4142.64,"PRNOMT_EXP":2934.82,"METBAS_VA":2092.15,"METBAS_EXP":2370.71,"NONFER_VA":636.27,"NONFER_EXP":741.93,"PRMETA_VA":2677.4,"PRMETA_EXP":3427.51,"ELCTRO_VA":17138.32,"ELCTRO_EXP":30720.38,"ELCTRI_VA":1650.97,"ELCTRI_EXP":3887.42,"MAQYEQ_VA":928.48,"MAQYEQ_EXP":1683.76,"AUTOMO_VA":992.93,"AUTOMO_EXP":2342.77,"OTRTRA_VA":330.17,"OTRTRA_EXP":776.98,"TRANSP_VA":316.31,"TRANSP_EXP":657.59,"OTRMAN_VA":3922.62,"OTRMAN_EXP":6803.59,"ELEGAS_VA":4995.77,"ELEGAS_EXP":40.04,"AGUBAS_VA":1080.75,"AGUBAS_EXP":8.38,"CONSTR_VA":10677.22,"CONSTR_EXP":35.75,"COMREV_VA":18636.06,"COMREV_EXP":8381.06,"TRATIE_VA":3014.99,"TRATIE_EXP":1876.16,"TRAGUA_VA":682.89,"TRAGUA_EXP":657.25,"TRAAIR_VA":794.31,"TRAAIR_EXP":1659.88,"ALMSTR_VA":1694.46,"ALMSTR_EXP":2073.64,"POSTME_VA":302.62,"POSTME_EXP":219.79,"HOTYRE_VA":4874.78,"HOTYRE_EXP":2123.64,"MMTVRA_VA":560.17,"MMTVRA_EXP":124.21,"TELECO_VA":2080.15,"TELECO_EXP":362.13,"ITSERV_VA":881.82,"ITSERV_EXP":121.03,"SERFIN_VA":6558.77,"SERFIN_EXP":494.81,"GOBEST_VA":6296.05,"GOBEST_EXP":217.29,"SPRSCT_VA":3888.89,"SPRSCT_EXP":357.95,"SEAEMP_VA":1113.45,"SEAEMP_EXP":694.32,"ADPDEF_VA":4231.34,"ADPDEF_EXP":2.59,"EDUCAC_VA":5428.23,"EDUCAC_EXP":76.79,"SALUDH_VA":1979.71,"SALUDH_EXP":50.51,"ESPARC_VA":1840.71,"ESPARC_EXP":500.87,"OTRSER_VA":1207.78,"OTRSER_EXP":69.94,"SERHOG_VA":240.69,"SERHOG_EXP":0.0}},{"type":"Feature","geometry":{"type":"Point","coordinates":[22.94,-30.56]},"properties":{"id":"ZAF","name":"Sudáfrica","continent":"other","year":2013,"AGRPFO_VA":6350.28,"AGRPFO_EXP":2916.63,"FORLOG_VA":357.57,"FORLOG_EXP":21.44,"PESCAC_VA":611.98,"PESCAC_EXP":151.07,"MINCOL_VA":4294.65,"MINCOL_EXP":7631.42,"PETGAS_VA":287.12,"PETGAS_EXP":829.02,"MINORE_VA":16859.85,"MINORE_EXP":16526.35,"MINOTH_VA":1489.27,"MINOTH_EXP":3009.03,"MINSER_VA":301.16,"MINSER_EXP":19.39,"ALYBEB_VA":9459.46,"ALYBEB_EXP":3856.28,"TEXYPR_VA":2397.68,"TEXYPR_EXP":778.23,"MADYPR_VA":805.22,"MADYPR_EXP":507.56,"PAPYPR_VA":3302.94,"PAPYPR_EXP":1631.41,"PETREF_VA":5247.55,"PETREF_EXP":3874.71,"QUIMYP_VA":4483.54,"QUIMYP_EXP":5742.72,"FARMED_VA":855.46,"FARMED_EXP":220.83,"HUPLAS_VA":1651.18,"HUPLAS_EXP":852.95,"PRNOMT_VA":2242.7,"PRNOMT_EXP":482.75,"METBAS_VA":3394.07,"METBAS_EXP":8695.63,"NONFER_VA":1218.19,"NONFER_EXP":3510.32,"PRMETA_VA":2831.73,"PRMETA_EXP":2700.27,"ELCTRO_VA":855.81,"ELCTRO_EXP":738.15,"ELCTRI_VA":1575.21,"ELCTRI_EXP":1191.43,"MAQYEQ_VA":3682.62,"MAQYEQ_EXP":4651.9,"AUTOMO_VA":4293.52,"AUTOMO_EXP":6490.29,"OTRTRA_VA":90.51,"OTRTRA_EXP":109.71,"TRANSP_VA":596.97,"TRANSP_EXP":1215.51,"OTRMAN_VA":3071.25,"OTRMAN_EXP":1733.48,"ELEGAS_VA":6895.4,"ELEGAS_EXP":203.77,"AGUBAS_VA":3689.04,"AGUBAS_EXP":0.44,"CONSTR_VA":14404.24,"CONSTR_EXP":68.55,"COMREV_VA":31965.58,"COMREV_EXP":10583.54,"TRATIE_VA":9522.13,"TRATIE_EXP":3218.57,"TRAGUA_VA":347.86,"TRAGUA_EXP":301.93,"TRAAIR_VA":1011.66,"TRAAIR_EXP":1324.33,"ALMSTR_VA":4111.57,"ALMSTR_EXP":2474.47,"POSTME_VA":694.74,"POSTME_EXP":120.14,"HOTYRE_VA":3698.95,"HOTYRE_EXP":1315.89,"MMTVRA_VA":3298.79,"MMTVRA_EXP":320.96,"TELECO_VA":20370.22,"TELECO_EXP":1713.62,"ITSERV_VA":6873.97,"ITSERV_EXP":576.68,"SERFIN_VA":52462.35,"SERFIN_EXP":2141.68,"GOBEST_VA":25380.31,"GOBEST_EXP":659.81,"SPRSCT_VA":14585.23,"SPRSCT_EXP":481.78,"SEAEMP_VA":11559.16,"SEAEMP_EXP":626.01,"ADPDEF_VA":12141.89,"ADPDEF_EXP":20.79,"EDUCAC_VA":10010.91,"EDUCAC_EXP":1309.6,"SALUDH_VA":7681.72,"SALUDH_EXP":119.94,"ESPARC_VA":4500.74,"ESPARC_EXP":321.03,"OTRSER_VA":2029.04,"OTRSER_EXP":117.26,"SERHOG_VA":47830.58,"SERHOG_EXP":0.0}}]}