{"type":"FeatureCollection","features":[{"type":"Feature","geometry":{"type":"Point","coordinates":[13.23,-8.84]},"properties":{"id":"AGO","name":"Angola","continent":"other","year":2003,"AGRPFO_VA":848.99,"AGRPFO_EXP":3.35,"FORLOG_VA":67.6,"FORLOG_EXP":0.7,"PESCAC_VA":180.01,"PESCAC_EXP":0.21,"MINCOL_VA":6.93,"MINCOL_EXP":0.28,"PETGAS_VA":6020.17,"PETGAS_EXP":8125.43,"MINORE_VA":7.02,"MINORE_EXP":1.23,"MINOTH_VA":1424.55,"MINOTH_EXP":504.78,"MINSER_VA":913.46,"MINSER_EXP":52.96,"ALYBEB_VA":236.88,"ALYBEB_EXP":16.05,"TEXYPR_VA":119.18,"TEXYPR_EXP":6.05,"MADYPR_VA":3.52,"MADYPR_EXP":0.29,"PAPYPR_VA":14.22,"PAPYPR_EXP":0.66,"PETREF_VA":167.14,"PETREF_EXP":162.09,"QUIMYP_VA":88.54,"QUIMYP_EXP":1.73,"FARMED_VA":34.17,"FARMED_EXP":0.98,"HUPLAS_VA":17.16,"HUPLAS_EXP":0.17,"PRNOMT_VA":29.9,"PRNOMT_EXP":0.19,"METBAS_VA":10.2,"METBAS_EXP":0.12,"NONFER_VA":2.67,"NONFER_EXP":0.27,"PRMETA_VA":20.56,"PRMETA_EXP":9.54,"ELCTRO_VA":85.21,"ELCTRO_EXP":4.72,"ELCTRI_VA":28.19,"ELCTRI_EXP":2.55,"MAQYEQ_VA":115.23,"MAQYEQ_EXP":5.98,"AUTOMO_VA":103.24,"AUTOMO_EXP":1.19,"OTRTRA_VA":3.15,"OTRTRA_EXP":0.08,"TRANSP_VA":1.86,"TRANSP_EXP":2.3,"OTRMAN_VA":31.72,"OTRMAN_EXP":5.78,"ELEGAS_VA":583.92,"ELEGAS_EXP":0.23,"AGUBAS_VA":69.71,"AGUBAS_EXP":0.15,"CONSTR_VA":766.18,"CONSTR_EXP":0.91,"COMREV_VA":947.15,"COMREV_EXP":90.67,"TRATIE_VA":96.41,"TRATIE_EXP":57.89,"TRAGUA_VA":46.28,"TRAGUA_EXP":78.33,"TRAAIR_VA":74.39,"TRAAIR_EXP":46.35,"ALMSTR_VA":93.32,"ALMSTR_EXP":23.44,"POSTME_VA":49.92,"POSTME_EXP":0.92,"HOTYRE_VA":241.21,"HOTYRE_EXP":82.51,"MMTVRA_VA":121.76,"MMTVRA_EXP":30.88,"TELECO_VA":214.15,"TELECO_EXP":17.89,"ITSERV_VA":138.25,"ITSERV_EXP":50.25,"SERFIN_VA":380.8,"SERFIN_EXP":132.41,"GOBEST_VA":601.58,"GOBEST_EXP":17.36,"SPRSCT_VA":230.0,"SPRSCT_EXP":73.58,"SEAEMP_VA":175.02,"SEAEMP_EXP":38.05,"ADPDEF_VA":1143.22,"ADPDEF_EXP":1.37,"EDUCAC_VA":947.53,"EDUCAC_EXP":4.26,"SALUDH_VA":240.63,"SALUDH_EXP":3.35,"ESPARC_VA":30.73,"ESPARC_EXP":9.87,"OTRSER_VA":112.53,"OTRSER_EXP":4.14,"SERHOG_VA":0.0,"SERHOG_EXP":0.0}},{"type":"Feature","geometry":{"type":"Point","coordinates":[53.85,23.42]},"properties":{"id":"ARE","name":"Emiratos Árabes","continent":"other","year":2003,"AGRPFO_VA":1828.1,"AGRPFO_EXP":35.72,"FORLOG_VA":145.2,"FORLOG_EXP":0.94,"PESCAC_VA":192.48,"PESCAC_EXP":106.32,"MINCOL_VA":292.09,"MINCOL_EXP":4.15,"PETGAS_VA":28887.99,"PETGAS_EXP":31628.96,"MINORE_VA":5187.89,"MINORE_EXP":29.73,"MINOTH_VA":1352.55,"MINOTH_EXP":2532.56,"MINSER_VA":3338.75,"MINSER_EXP":434.4,"ALYBEB_VA":1910.81,"ALYBEB_EXP":602.26,"TEXYPR_VA":909.63,"TEXYPR_EXP":94.23,"MADYPR_VA":98.99,"MADYPR_EXP":4.72,"PAPYPR_VA":356.78,"PAPYPR_EXP":106.11,"PETREF_VA":4836.16,"PETREF_EXP":8703.32,"QUIMYP_VA":1689.79,"QUIMYP_EXP":2226.27,"FARMED_VA":847.03,"FARMED_EXP":47.93,"HUPLAS_VA":487.73,"HUPLAS_EXP":78.57,"PRNOMT_VA":825.51,"PRNOMT_EXP":321.65,"METBAS_VA":239.91,"METBAS_EXP":97.5,"NONFER_VA":772.9,"NONFER_EXP":2309.85,"PRMETA_VA":556.92,"PRMETA_EXP":113.54,"ELCTRO_VA":1455.93,"ELCTRO_EXP":29.56,"ELCTRI_VA":755.48,"ELCTRI_EXP":66.7,"MAQYEQ_VA":501.77,"MAQYEQ_EXP":78.77,"AUTOMO_VA":620.31,"AUTOMO_EXP":25.87,"OTRTRA_VA":81.64,"OTRTRA_EXP":149.87,"TRANSP_VA":238.18,"TRANSP_EXP":2.14,"OTRMAN_VA":781.45,"OTRMAN_EXP":163.58,"ELEGAS_VA":3185.25,"ELEGAS_EXP":76.39,"AGUBAS_VA":648.13,"AGUBAS_EXP":4.21,"CONSTR_VA":14833.87,"CONSTR_EXP":47.52,"COMREV_VA":9187.99,"COMREV_EXP":1569.15,"TRATIE_VA":1008.36,"TRATIE_EXP":251.45,"TRAGUA_VA":491.93,"TRAGUA_EXP":124.04,"TRAAIR_VA":755.4,"TRAAIR_EXP":177.6,"ALMSTR_VA":944.73,"ALMSTR_EXP":110.31,"POSTME_VA":503.2,"POSTME_EXP":5.27,"HOTYRE_VA":2107.78,"HOTYRE_EXP":721.78,"MMTVRA_VA":1251.38,"MMTVRA_EXP":76.13,"TELECO_VA":2167.98,"TELECO_EXP":43.82,"ITSERV_VA":1371.3,"ITSERV_EXP":25.38,"SERFIN_VA":4125.17,"SERFIN_EXP":73.9,"GOBEST_VA":6140.86,"GOBEST_EXP":169.44,"SPRSCT_VA":2279.27,"SPRSCT_EXP":229.04,"SEAEMP_VA":1704.9,"SEAEMP_EXP":169.72,"ADPDEF_VA":7029.76,"ADPDEF_EXP":4.14,"EDUCAC_VA":1538.36,"EDUCAC_EXP":36.49,"SALUDH_VA":2117.94,"SALUDH_EXP":30.11,"ESPARC_VA":256.73,"ESPARC_EXP":68.33,"OTRSER_VA":1036.81,"OTRSER_EXP":37.07,"SERHOG_VA":556.54,"SERHOG_EXP":0.0}},{"type":"Feature","geometry":{"type":"Point","coordinates":[-63.62,-38.42]},"properties":{"id":"ARG","name":"Argentina","continent":"america","year":2003,"AGRPFO_VA":10948.74,"AGRPFO_EXP":3773.59,"FORLOG_VA":252.8,"FORLOG_EXP":15.97,"PESCAC_VA":410.49,"PESCAC_EXP":14.09,"MINCOL_VA":6.27,"MINCOL_EXP":1.71,"PETGAS_VA":5617.18,"PETGAS_EXP":2126.19,"MINORE_VA":525.73,"MINORE_EXP":491.85,"MINOTH_VA":320.27,"MINOTH_EXP":23.0,"MINSER_VA":461.15,"MINSER_EXP":5.4,"ALYBEB_VA":6796.63,"ALYBEB_EXP":7000.83,"TEXYPR_VA":2497.05,"TEXYPR_EXP":1477.73,"MADYPR_VA":630.11,"MADYPR_EXP":165.79,"PAPYPR_VA":1887.07,"PAPYPR_EXP":375.04,"PETREF_VA":1124.64,"PETREF_EXP":2237.85,"QUIMYP_VA":3563.63,"QUIMYP_EXP":1261.16,"FARMED_VA":2035.24,"FARMED_EXP":376.4,"HUPLAS_VA":1389.59,"HUPLAS_EXP":386.89,"PRNOMT_VA":979.46,"PRNOMT_EXP":101.18,"METBAS_VA":2018.93,"METBAS_EXP":823.78,"NONFER_VA":384.75,"NONFER_EXP":231.63,"PRMETA_VA":1378.39,"PRMETA_EXP":299.48,"ELCTRO_VA":432.7,"ELCTRO_EXP":151.47,"ELCTRI_VA":517.01,"ELCTRI_EXP":180.44,"MAQYEQ_VA":1260.96,"MAQYEQ_EXP":423.66,"AUTOMO_VA":1197.88,"AUTOMO_EXP":1421.95,"OTRTRA_VA":32.22,"OTRTRA_EXP":19.33,"TRANSP_VA":115.98,"TRANSP_EXP":34.66,"OTRMAN_VA":1092.35,"OTRMAN_EXP":176.81,"ELEGAS_VA":2133.63,"ELEGAS_EXP":47.62,"AGUBAS_VA":354.6,"AGUBAS_EXP":5.09,"CONSTR_VA":4423.21,"CONSTR_EXP":0.37,"COMREV_VA":16615.23,"COMREV_EXP":3951.9,"TRATIE_VA":3778.06,"TRATIE_EXP":628.18,"TRAGUA_VA":104.6,"TRAGUA_EXP":16.99,"TRAAIR_VA":247.25,"TRAAIR_EXP":541.36,"ALMSTR_VA":1464.0,"ALMSTR_EXP":375.32,"POSTME_VA":264.75,"POSTME_EXP":32.48,"HOTYRE_VA":2018.49,"HOTYRE_EXP":487.7,"MMTVRA_VA":244.87,"MMTVRA_EXP":102.5,"TELECO_VA":2251.09,"TELECO_EXP":135.85,"ITSERV_VA":540.23,"ITSERV_EXP":184.23,"SERFIN_VA":4273.17,"SERFIN_EXP":82.65,"GOBEST_VA":11007.75,"GOBEST_EXP":93.37,"SPRSCT_VA":4703.34,"SPRSCT_EXP":635.04,"SEAEMP_VA":1871.46,"SEAEMP_EXP":391.6,"ADPDEF_VA":7292.49,"ADPDEF_EXP":0.01,"EDUCAC_VA":5580.22,"EDUCAC_EXP":19.23,"SALUDH_VA":3799.8,"SALUDH_EXP":15.22,"ESPARC_VA":510.24,"ESPARC_EXP":69.1,"OTRSER_VA":1579.4,"OTRSER_EXP":18.4,"SERHOG_VA":1849.45,"SERHOG_EXP":0.0}},{"type":"Feature","geometry":{"type":"Point","coordinates":[133.78,-25.27]},"properties":{"id":"AUS","name":"Australia","continent":"other","year":2003,"AGRPFO_VA":14361.84,"AGRPFO_EXP":4270.74,"FORLOG_VA":583.84,"FORLOG_EXP":63.1,"PESCAC_VA":2035.52,"PESCAC_EXP":223.19,"MINCOL_VA":4211.69,"MINCOL_EXP":6111.02,"PETGAS_VA":8020.49,"PETGAS_EXP":5300.08,"MINORE_VA":6355.57,"MINORE_EXP":5260.49,"MINOTH_VA":745.27,"MINOTH_EXP":268.25,"MINSER_VA":2393.89,"MINSER_EXP":24.28,"ALYBEB_VA":13084.59,"ALYBEB_EXP":7461.75,"TEXYPR_VA":2035.81,"TEXYPR_EXP":1177.04,"MADYPR_VA":2459.4,"MADYPR_EXP":485.28,"PAPYPR_VA":4864.77,"PAPYPR_EXP":620.88,"PETREF_VA":1422.83,"PETREF_EXP":1480.77,"QUIMYP_VA":2199.86,"QUIMYP_EXP":1349.78,"FARMED_VA":2222.16,"FARMED_EXP":1011.05,"HUPLAS_VA":2844.09,"HUPLAS_EXP":659.01,"PRNOMT_VA":3484.35,"PRNOMT_EXP":264.56,"METBAS_VA":2214.94,"METBAS_EXP":836.34,"NONFER_VA":4405.85,"NONFER_EXP":9507.66,"PRMETA_VA":5517.99,"PRMETA_EXP":660.23,"ELCTRO_VA":3249.88,"ELCTRO_EXP":330.84,"ELCTRI_VA":715.62,"ELCTRI_EXP":612.28,"MAQYEQ_VA":2495.21,"MAQYEQ_EXP":1325.19,"AUTOMO_VA":2799.94,"AUTOMO_EXP":2177.27,"OTRTRA_VA":1040.69,"OTRTRA_EXP":468.32,"TRANSP_VA":1694.03,"TRANSP_EXP":200.26,"OTRMAN_VA":4472.42,"OTRMAN_EXP":607.77,"ELEGAS_VA":8853.28,"ELEGAS_EXP":87.52,"AGUBAS_VA":4594.76,"AGUBAS_EXP":3.57,"CONSTR_VA":35873.1,"CONSTR_EXP":198.34,"COMREV_VA":56513.7,"COMREV_EXP":11585.43,"TRATIE_VA":10162.52,"TRATIE_EXP":1672.96,"TRAGUA_VA":979.31,"TRAGUA_EXP":452.73,"TRAAIR_VA":3084.85,"TRAAIR_EXP":4538.28,"ALMSTR_VA":9871.93,"ALMSTR_EXP":953.15,"POSTME_VA":2129.39,"POSTME_EXP":500.78,"HOTYRE_VA":16742.96,"HOTYRE_EXP":2949.52,"MMTVRA_VA":8348.34,"MMTVRA_EXP":593.71,"TELECO_VA":10417.25,"TELECO_EXP":830.95,"ITSERV_VA":9271.7,"ITSERV_EXP":558.72,"SERFIN_VA":42971.96,"SERFIN_EXP":1169.87,"GOBEST_VA":50088.58,"GOBEST_EXP":453.68,"SPRSCT_VA":20969.77,"SPRSCT_EXP":1947.2,"SEAEMP_VA":17201.71,"SEAEMP_EXP":1549.28,"ADPDEF_VA":31530.06,"ADPDEF_EXP":25.11,"EDUCAC_VA":24366.22,"EDUCAC_EXP":2174.46,"SALUDH_VA":29718.49,"SALUDH_EXP":185.81,"ESPARC_VA":5137.19,"ESPARC_EXP":706.52,"OTRSER_VA":5660.7,"OTRSER_EXP":209.56,"SERHOG_VA":0.0,"SERHOG_EXP":0.0}},{"type":"Feature","geometry":{"type":"Point","coordinates":[14.55,47.52]},"properties":{"id":"AUT","name":"Austria","continent":"europe","year":2003,"AGRPFO_VA":3051.99,"AGRPFO_EXP":786.83,"FORLOG_VA":975.27,"FORLOG_EXP":81.47,"PESCAC_VA":7.45,"PESCAC_EXP":5.19,"MINCOL_VA":23.11,"MINCOL_EXP":2.06,"PETGAS_VA":199.2,"PETGAS_EXP":164.0,"MINORE_VA":94.17,"MINORE_EXP":76.97,"MINOTH_VA":478.23,"MINOTH_EXP":108.76,"MINSER_VA":28.65,"MINSER_EXP":7.43,"ALYBEB_VA":4936.0,"ALYBEB_EXP":3844.5,"TEXYPR_VA":1517.01,"TEXYPR_EXP":2910.63,"MADYPR_VA":2165.64,"MADYPR_EXP":2417.09,"PAPYPR_VA":3643.03,"PAPYPR_EXP":3823.74,"PETREF_VA":805.85,"PETREF_EXP":677.65,"QUIMYP_VA":1973.23,"QUIMYP_EXP":3143.49,"FARMED_VA":1275.41,"FARMED_EXP":1314.02,"HUPLAS_VA":2011.03,"HUPLAS_EXP":2230.82,"PRNOMT_VA":2857.32,"PRNOMT_EXP":1505.82,"METBAS_VA":1781.41,"METBAS_EXP":3092.03,"NONFER_VA":1122.06,"NONFER_EXP":1935.63,"PRMETA_VA":4746.83,"PRMETA_EXP":3029.11,"ELCTRO_VA":3361.86,"ELCTRO_EXP":4470.67,"ELCTRI_VA":2977.55,"ELCTRI_EXP":3289.26,"MAQYEQ_VA":5498.0,"MAQYEQ_EXP":8692.15,"AUTOMO_VA":3825.49,"AUTOMO_EXP":8128.93,"OTRTRA_VA":75.59,"OTRTRA_EXP":42.84,"TRANSP_VA":679.01,"TRANSP_EXP":542.75,"OTRMAN_VA":3578.78,"OTRMAN_EXP":3566.69,"ELEGAS_VA":5275.4,"ELEGAS_EXP":1896.61,"AGUBAS_VA":2643.11,"AGUBAS_EXP":23.42,"CONSTR_VA":17198.47,"CONSTR_EXP":486.06,"COMREV_VA":31265.5,"COMREV_EXP":12505.09,"TRATIE_VA":9331.6,"TRATIE_EXP":5565.89,"TRAGUA_VA":141.44,"TRAGUA_EXP":53.41,"TRAAIR_VA":942.49,"TRAAIR_EXP":1074.17,"ALMSTR_VA":2319.8,"ALMSTR_EXP":1747.4,"POSTME_VA":1446.84,"POSTME_EXP":330.39,"HOTYRE_VA":9345.63,"HOTYRE_EXP":2627.92,"MMTVRA_VA":1965.68,"MMTVRA_EXP":688.58,"TELECO_VA":4001.47,"TELECO_EXP":915.54,"ITSERV_VA":3464.79,"ITSERV_EXP":745.39,"SERFIN_VA":11933.4,"SERFIN_EXP":4890.26,"GOBEST_VA":18799.9,"GOBEST_EXP":845.29,"SPRSCT_VA":10400.51,"SPRSCT_EXP":4113.84,"SEAEMP_VA":7883.69,"SEAEMP_EXP":964.56,"ADPDEF_VA":13946.16,"ADPDEF_EXP":329.99,"EDUCAC_VA":13073.98,"EDUCAC_EXP":26.95,"SALUDH_VA":15099.04,"SALUDH_EXP":339.0,"ESPARC_VA":2516.97,"ESPARC_EXP":661.8,"OTRSER_VA":3665.94,"OTRSER_EXP":314.19,"SERHOG_VA":177.15,"SERHOG_EXP":0.0}},{"type":"Feature","geometry":{"type":"Point","coordinates":[4.47,50.5]},"properties":{"id":"BEL","name":"Bélgica","continent":"europe","year":2003,"AGRPFO_VA":3225.87,"AGRPFO_EXP":1128.0,"FORLOG_VA":106.13,"FORLOG_EXP":42.72,"PESCAC_VA":80.32,"PESCAC_EXP":46.86,"MINCOL_VA":0.0,"MINCOL_EXP":0.0,"PETGAS_VA":0.0,"PETGAS_EXP":0.0,"MINORE_VA":0.0,"MINORE_EXP":0.0,"MINOTH_VA":356.8,"MINOTH_EXP":149.4,"MINSER_VA":23.25,"MINSER_EXP":17.15,"ALYBEB_VA":6719.13,"ALYBEB_EXP":10344.42,"TEXYPR_VA":2623.96,"TEXYPR_EXP":4891.45,"MADYPR_VA":912.79,"MADYPR_EXP":1141.83,"PAPYPR_VA":2897.37,"PAPYPR_EXP":2371.13,"PETREF_VA":1529.17,"PETREF_EXP":5924.75,"QUIMYP_VA":8183.64,"QUIMYP_EXP":13845.49,"FARMED_VA":4290.23,"FARMED_EXP":3636.93,"HUPLAS_VA":2086.16,"HUPLAS_EXP":2956.19,"PRNOMT_VA":2752.68,"PRNOMT_EXP":2157.79,"METBAS_VA":2528.42,"METBAS_EXP":5143.59,"NONFER_VA":955.27,"NONFER_EXP":2909.44,"PRMETA_VA":4160.72,"PRMETA_EXP":3063.59,"ELCTRO_VA":2032.87,"ELCTRO_EXP":3065.75,"ELCTRI_VA":1841.97,"ELCTRI_EXP":2526.38,"MAQYEQ_VA":3024.56,"MAQYEQ_EXP":4330.38,"AUTOMO_VA":4918.64,"AUTOMO_EXP":15947.77,"OTRTRA_VA":14.06,"OTRTRA_EXP":26.54,"TRANSP_VA":532.61,"TRANSP_EXP":447.32,"OTRMAN_VA":1966.29,"OTRMAN_EXP":2662.02,"ELEGAS_VA":6009.18,"ELEGAS_EXP":1718.95,"AGUBAS_VA":2189.26,"AGUBAS_EXP":922.47,"CONSTR_VA":14533.25,"CONSTR_EXP":416.12,"COMREV_VA":39109.96,"COMREV_EXP":22741.77,"TRATIE_VA":8393.25,"TRATIE_EXP":4297.65,"TRAGUA_VA":135.21,"TRAGUA_EXP":1931.29,"TRAAIR_VA":501.76,"TRAAIR_EXP":1305.26,"ALMSTR_VA":6798.33,"ALMSTR_EXP":8406.86,"POSTME_VA":2264.29,"POSTME_EXP":1171.17,"HOTYRE_VA":5472.79,"HOTYRE_EXP":1380.05,"MMTVRA_VA":2324.07,"MMTVRA_EXP":1188.59,"TELECO_VA":5622.96,"TELECO_EXP":2137.82,"ITSERV_VA":4308.96,"ITSERV_EXP":1923.97,"SERFIN_VA":15738.97,"SERFIN_EXP":5029.95,"GOBEST_VA":23735.86,"GOBEST_EXP":276.09,"SPRSCT_VA":22990.98,"SPRSCT_EXP":15974.8,"SEAEMP_VA":11154.04,"SEAEMP_EXP":1886.52,"ADPDEF_VA":21857.23,"ADPDEF_EXP":364.4,"EDUCAC_VA":18669.32,"EDUCAC_EXP":588.3,"SALUDH_VA":18704.01,"SALUDH_EXP":287.1,"ESPARC_VA":1753.67,"ESPARC_EXP":486.94,"OTRSER_VA":4033.28,"OTRSER_EXP":134.98,"SERHOG_VA":694.38,"SERHOG_EXP":0.0}},{"type":"Feature","geometry":{"type":"Point","coordinates":[90.36,23.68]},"properties":{"id":"BGD","name":"Bangladesh","continent":"asia","year":2003,"AGRPFO_VA":4656.46,"AGRPFO_EXP":695.7,"FORLOG_VA":936.0,"FORLOG_EXP":5.16,"PESCAC_VA":1445.91,"PESCAC_EXP":8.18,"MINCOL_VA":2.69,"MINCOL_EXP":1.73,"PETGAS_VA":517.95,"PETGAS_EXP":1.29,"MINORE_VA":1.93,"MINORE_EXP":0.01,"MINOTH_VA":23.0,"MINOTH_EXP":0.33,"MINSER_VA":19.98,"MINSER_EXP":2.28,"ALYBEB_VA":1686.44,"ALYBEB_EXP":705.2,"TEXYPR_VA":6457.07,"TEXYPR_EXP":3346.57,"MADYPR_VA":13.68,"MADYPR_EXP":3.42,"PAPYPR_VA":84.88,"PAPYPR_EXP":12.97,"PETREF_VA":13.0,"PETREF_EXP":18.25,"QUIMYP_VA":106.73,"QUIMYP_EXP":71.23,"FARMED_VA":234.43,"FARMED_EXP":8.95,"HUPLAS_VA":916.1,"HUPLAS_EXP":14.87,"PRNOMT_VA":748.17,"PRNOMT_EXP":16.8,"METBAS_VA":260.57,"METBAS_EXP":14.77,"NONFER_VA":191.58,"NONFER_EXP":0.58,"PRMETA_VA":69.11,"PRMETA_EXP":4.92,"ELCTRO_VA":70.35,"ELCTRO_EXP":12.08,"ELCTRI_VA":130.24,"ELCTRI_EXP":27.42,"MAQYEQ_VA":16.65,"MAQYEQ_EXP":8.37,"AUTOMO_VA":9.83,"AUTOMO_EXP":0.6,"OTRTRA_VA":60.36,"OTRTRA_EXP":2.05,"TRANSP_VA":68.95,"TRANSP_EXP":24.61,"OTRMAN_VA":137.15,"OTRMAN_EXP":14.44,"ELEGAS_VA":618.74,"ELEGAS_EXP":1.54,"AGUBAS_VA":787.12,"AGUBAS_EXP":2.56,"CONSTR_VA":4199.91,"CONSTR_EXP":10.33,"COMREV_VA":5368.08,"COMREV_EXP":900.25,"TRATIE_VA":1315.46,"TRATIE_EXP":64.8,"TRAGUA_VA":416.56,"TRAGUA_EXP":112.08,"TRAAIR_VA":278.2,"TRAAIR_EXP":59.66,"ALMSTR_VA":463.52,"ALMSTR_EXP":25.91,"POSTME_VA":82.86,"POSTME_EXP":0.38,"HOTYRE_VA":1155.29,"HOTYRE_EXP":21.55,"MMTVRA_VA":328.21,"MMTVRA_EXP":14.36,"TELECO_VA":903.18,"TELECO_EXP":32.68,"ITSERV_VA":283.43,"ITSERV_EXP":43.78,"SERFIN_VA":1815.99,"SERFIN_EXP":56.75,"GOBEST_VA":2603.82,"GOBEST_EXP":25.36,"SPRSCT_VA":1465.14,"SPRSCT_EXP":285.43,"SEAEMP_VA":911.15,"SEAEMP_EXP":167.55,"ADPDEF_VA":1686.55,"ADPDEF_EXP":1.08,"EDUCAC_VA":1373.36,"EDUCAC_EXP":1.97,"SALUDH_VA":1935.2,"SALUDH_EXP":1.74,"ESPARC_VA":614.14,"ESPARC_EXP":5.72,"OTRSER_VA":795.5,"OTRSER_EXP":3.74,"SERHOG_VA":0.0,"SERHOG_EXP":0.0}},{"type":"Feature","geometry":{"type":"Point","coordinates":[25.49,42.73]},"properties":{"id":"BGR","name":"Bulgaria","continent":"europe","year":2003,"AGRPFO_VA":1840.12,"AGRPFO_EXP":255.0,"FORLOG_VA":72.6,"FORLOG_EXP":7.26,"PESCAC_VA":8.53,"PESCAC_EXP":1.56,"MINCOL_VA":92.17,"MINCOL_EXP":2.96,"PETGAS_VA":22.08,"PETGAS_EXP":0.8,"MINORE_VA":132.91,"MINORE_EXP":204.57,"MINOTH_VA":46.03,"MINOTH_EXP":28.97,"MINSER_VA":0.07,"MINSER_EXP":0.04,"ALYBEB_VA":654.34,"ALYBEB_EXP":217.06,"TEXYPR_VA":556.59,"TEXYPR_EXP":349.81,"MADYPR_VA":63.68,"MADYPR_EXP":46.53,"PAPYPR_VA":113.34,"PAPYPR_EXP":55.19,"PETREF_VA":376.41,"PETREF_EXP":169.45,"QUIMYP_VA":192.75,"QUIMYP_EXP":158.42,"FARMED_VA":98.63,"FARMED_EXP":40.64,"HUPLAS_VA":104.27,"HUPLAS_EXP":32.11,"PRNOMT_VA":196.86,"PRNOMT_EXP":71.95,"METBAS_VA":145.59,"METBAS_EXP":362.94,"NONFER_VA":92.69,"NONFER_EXP":135.75,"PRMETA_VA":194.09,"PRMETA_EXP":58.91,"ELCTRO_VA":98.51,"ELCTRO_EXP":46.88,"ELCTRI_VA":85.18,"ELCTRI_EXP":49.36,"MAQYEQ_VA":188.31,"MAQYEQ_EXP":150.68,"AUTOMO_VA":35.59,"AUTOMO_EXP":10.72,"OTRTRA_VA":15.8,"OTRTRA_EXP":14.14,"TRANSP_VA":19.42,"TRANSP_EXP":18.5,"OTRMAN_VA":187.06,"OTRMAN_EXP":165.29,"ELEGAS_VA":934.3,"ELEGAS_EXP":188.1,"AGUBAS_VA":151.78,"AGUBAS_EXP":8.97,"CONSTR_VA":953.3,"CONSTR_EXP":33.48,"COMREV_VA":2034.15,"COMREV_EXP":526.21,"TRATIE_VA":1024.96,"TRATIE_EXP":723.37,"TRAGUA_VA":78.85,"TRAGUA_EXP":227.67,"TRAAIR_VA":46.64,"TRAAIR_EXP":195.7,"ALMSTR_VA":353.99,"ALMSTR_EXP":609.45,"POSTME_VA":519.92,"POSTME_EXP":31.09,"HOTYRE_VA":410.48,"HOTYRE_EXP":630.11,"MMTVRA_VA":161.45,"MMTVRA_EXP":32.28,"TELECO_VA":574.21,"TELECO_EXP":149.5,"ITSERV_VA":93.97,"ITSERV_EXP":26.54,"SERFIN_VA":776.83,"SERFIN_EXP":178.01,"GOBEST_VA":1898.6,"GOBEST_EXP":87.36,"SPRSCT_VA":291.01,"SPRSCT_EXP":93.06,"SEAEMP_VA":497.89,"SEAEMP_EXP":187.84,"ADPDEF_VA":1351.48,"ADPDEF_EXP":0.03,"EDUCAC_VA":890.95,"EDUCAC_EXP":33.72,"SALUDH_VA":547.31,"SALUDH_EXP":43.45,"ESPARC_VA":138.01,"ESPARC_EXP":63.67,"OTRSER_VA":207.48,"OTRSER_EXP":31.52,"SERHOG_VA":22.77,"SERHOG_EXP":0.0}},{"type":"Feature","geometry":{"type":"Point","coordinates":[27.95,53.71]},"properties":{"id":"BLR","name":"Bielorrusia","continent":"europe","year":2003,"AGRPFO_VA":1456.24,"AGRPFO_EXP":132.8,"FORLOG_VA":102.77,"FORLOG_EXP":43.89,"PESCAC_VA":34.25,"PESCAC_EXP":0.96,"MINCOL_VA":3.35,"MINCOL_EXP":0.15,"PETGAS_VA":116.36,"PETGAS_EXP":78.25,"MINORE_VA":3.19,"MINORE_EXP":0.2,"MINOTH_VA":64.4,"MINOTH_EXP":50.0,"MINSER_VA":34.9,"MINSER_EXP":4.01,"ALYBEB_VA":1119.91,"ALYBEB_EXP":960.99,"TEXYPR_VA":632.09,"TEXYPR_EXP":822.53,"MADYPR_VA":137.51,"MADYPR_EXP":298.32,"PAPYPR_VA":264.72,"PAPYPR_EXP":152.19,"PETREF_VA":938.24,"PETREF_EXP":427.61,"QUIMYP_VA":516.55,"QUIMYP_EXP":1425.75,"FARMED_VA":114.95,"FARMED_EXP":74.49,"HUPLAS_VA":159.87,"HUPLAS_EXP":267.05,"PRNOMT_VA":287.56,"PRNOMT_EXP":311.66,"METBAS_VA":170.09,"METBAS_EXP":486.51,"NONFER_VA":125.47,"NONFER_EXP":58.58,"PRMETA_VA":185.92,"PRMETA_EXP":350.03,"ELCTRO_VA":149.58,"ELCTRO_EXP":272.37,"ELCTRI_VA":164.86,"ELCTRI_EXP":516.81,"MAQYEQ_VA":360.41,"MAQYEQ_EXP":802.27,"AUTOMO_VA":475.82,"AUTOMO_EXP":258.56,"OTRTRA_VA":38.43,"OTRTRA_EXP":2.73,"TRANSP_VA":39.45,"TRANSP_EXP":39.51,"OTRMAN_VA":305.52,"OTRMAN_EXP":396.29,"ELEGAS_VA":515.78,"ELEGAS_EXP":23.76,"AGUBAS_VA":139.58,"AGUBAS_EXP":3.94,"CONSTR_VA":1048.37,"CONSTR_EXP":22.57,"COMREV_VA":1570.03,"COMREV_EXP":608.49,"TRATIE_VA":494.08,"TRATIE_EXP":158.4,"TRAGUA_VA":122.71,"TRAGUA_EXP":311.97,"TRAAIR_VA":88.61,"TRAAIR_EXP":254.31,"ALMSTR_VA":141.59,"ALMSTR_EXP":124.86,"POSTME_VA":27.79,"POSTME_EXP":0.96,"HOTYRE_VA":368.44,"HOTYRE_EXP":56.46,"MMTVRA_VA":109.4,"MMTVRA_EXP":62.16,"TELECO_VA":274.67,"TELECO_EXP":108.44,"ITSERV_VA":85.42,"ITSERV_EXP":91.25,"SERFIN_VA":551.52,"SERFIN_EXP":128.7,"GOBEST_VA":701.75,"GOBEST_EXP":36.82,"SPRSCT_VA":417.97,"SPRSCT_EXP":305.8,"SEAEMP_VA":263.49,"SEAEMP_EXP":112.53,"ADPDEF_VA":776.41,"ADPDEF_EXP":2.46,"EDUCAC_VA":549.98,"EDUCAC_EXP":4.13,"SALUDH_VA":597.2,"SALUDH_EXP":3.28,"ESPARC_VA":112.96,"ESPARC_EXP":11.85,"OTRSER_VA":157.71,"OTRSER_EXP":5.51,"SERHOG_VA":0.0,"SERHOG_EXP":0.0}},{"type":"Feature","geometry":{"type":"Point","coordinates":[-51.93,-14.24]},"properties":{"id":"BRA","name":"Brasil","continent":"america","year":2003,"AGRPFO_VA":20564.52,"AGRPFO_EXP":5318.34,"FORLOG_VA":2057.6,"FORLOG_EXP":113.53,"PESCAC_VA":1239.43,"PESCAC_EXP":18.38,"MINCOL_VA":1002.57,"MINCOL_EXP":0.32,"PETGAS_VA":8109.03,"PETGAS_EXP":2277.87,"MINORE_VA":1071.47,"MINORE_EXP":1644.63,"MINOTH_VA":856.35,"MINOTH_EXP":485.13,"MINSER_VA":603.79,"MINSER_EXP":34.28,"ALYBEB_VA":10780.25,"ALYBEB_EXP":10247.52,"TEXYPR_VA":7515.55,"TEXYPR_EXP":2941.24,"MADYPR_VA":1888.96,"MADYPR_EXP":1189.63,"PAPYPR_VA":5248.06,"PAPYPR_EXP":2538.08,"PETREF_VA":11140.9,"PETREF_EXP":2450.5,"QUIMYP_VA":6956.63,"QUIMYP_EXP":2155.24,"FARMED_VA":3079.3,"FARMED_EXP":484.16,"HUPLAS_VA":3176.63,"HUPLAS_EXP":971.81,"PRNOMT_VA":3607.04,"PRNOMT_EXP":908.98,"METBAS_VA":3554.29,"METBAS_EXP":4535.71,"NONFER_VA":1640.47,"NONFER_EXP":2546.63,"PRMETA_VA":4439.48,"PRMETA_EXP":635.56,"ELCTRO_VA":2668.99,"ELCTRO_EXP":2112.16,"ELCTRI_VA":1667.11,"ELCTRI_EXP":1129.23,"MAQYEQ_VA":7159.7,"MAQYEQ_EXP":3220.23,"AUTOMO_VA":7806.62,"AUTOMO_EXP":6156.97,"OTRTRA_VA":409.42,"OTRTRA_EXP":7.72,"TRANSP_VA":858.23,"TRANSP_EXP":1482.09,"OTRMAN_VA":2820.2,"OTRMAN_EXP":2071.2,"ELEGAS_VA":14711.53,"ELEGAS_EXP":38.19,"AGUBAS_VA":3796.87,"AGUBAS_EXP":0.53,"CONSTR_VA":22769.09,"CONSTR_EXP":9.62,"COMREV_VA":76703.86,"COMREV_EXP":14155.33,"TRATIE_VA":15213.23,"TRATIE_EXP":1468.59,"TRAGUA_VA":506.33,"TRAGUA_EXP":261.79,"TRAAIR_VA":911.72,"TRAAIR_EXP":435.72,"ALMSTR_VA":5454.57,"ALMSTR_EXP":739.61,"POSTME_VA":1674.19,"POSTME_EXP":7.62,"HOTYRE_VA":10155.5,"HOTYRE_EXP":574.67,"MMTVRA_VA":3340.87,"MMTVRA_EXP":171.79,"TELECO_VA":8407.45,"TELECO_EXP":736.64,"ITSERV_VA":6346.97,"ITSERV_EXP":109.06,"SERFIN_VA":32034.59,"SERFIN_EXP":607.46,"GOBEST_VA":44325.94,"GOBEST_EXP":33.88,"SPRSCT_VA":19070.55,"SPRSCT_EXP":2960.62,"SEAEMP_VA":17447.13,"SEAEMP_EXP":1464.86,"ADPDEF_VA":45829.67,"ADPDEF_EXP":173.19,"EDUCAC_VA":22559.72,"EDUCAC_EXP":191.68,"SALUDH_VA":13053.61,"SALUDH_EXP":27.68,"ESPARC_VA":5118.44,"ESPARC_EXP":119.13,"OTRSER_VA":11898.53,"OTRSER_EXP":36.45,"SERHOG_VA":4961.99,"SERHOG_EXP":0.0}},{"type":"Feature","geometry":{"type":"Point","coordinates":[114.73,4.54]},"properties":{"id":"BRN","name":"Brunéi","continent":"asia","year":2003,"AGRPFO_VA":20.18,"AGRPFO_EXP":0.22,"FORLOG_VA":7.01,"FORLOG_EXP":0.03,"PESCAC_VA":20.45,"PESCAC_EXP":0.36,"MINCOL_VA":343.24,"MINCOL_EXP":0.0,"PETGAS_VA":2742.58,"PETGAS_EXP":3681.42,"MINORE_VA":371.27,"MINORE_EXP":0.02,"MINOTH_VA":257.9,"MINOTH_EXP":0.07,"MINSER_VA":214.18,"MINSER_EXP":50.97,"ALYBEB_VA":7.37,"ALYBEB_EXP":0.79,"TEXYPR_VA":12.98,"TEXYPR_EXP":8.8,"MADYPR_VA":1.37,"MADYPR_EXP":0.01,"PAPYPR_VA":3.39,"PAPYPR_EXP":0.1,"PETREF_VA":816.8,"PETREF_EXP":17.97,"QUIMYP_VA":4.93,"QUIMYP_EXP":0.04,"FARMED_VA":3.73,"FARMED_EXP":0.06,"HUPLAS_VA":5.34,"HUPLAS_EXP":0.1,"PRNOMT_VA":10.73,"PRNOMT_EXP":0.11,"METBAS_VA":1.04,"METBAS_EXP":0.11,"NONFER_VA":0.84,"NONFER_EXP":0.01,"PRMETA_VA":4.32,"PRMETA_EXP":0.15,"ELCTRO_VA":1.44,"ELCTRO_EXP":0.14,"ELCTRI_VA":2.47,"ELCTRI_EXP":0.05,"MAQYEQ_VA":4.11,"MAQYEQ_EXP":0.2,"AUTOMO_VA":0.0,"AUTOMO_EXP":0.0,"OTRTRA_VA":2.79,"OTRTRA_EXP":5.53,"TRANSP_VA":2.84,"TRANSP_EXP":0.12,"OTRMAN_VA":2.39,"OTRMAN_EXP":0.2,"ELEGAS_VA":44.17,"ELEGAS_EXP":0.06,"AGUBAS_VA":11.69,"AGUBAS_EXP":0.37,"CONSTR_VA":115.76,"CONSTR_EXP":0.28,"COMREV_VA":320.31,"COMREV_EXP":16.64,"TRATIE_VA":49.01,"TRATIE_EXP":9.5,"TRAGUA_VA":59.16,"TRAGUA_EXP":10.12,"TRAAIR_VA":18.13,"TRAAIR_EXP":19.77,"ALMSTR_VA":20.9,"ALMSTR_EXP":7.43,"POSTME_VA":4.07,"POSTME_EXP":5.19,"HOTYRE_VA":67.22,"HOTYRE_EXP":19.92,"MMTVRA_VA":5.54,"MMTVRA_EXP":1.12,"TELECO_VA":125.8,"TELECO_EXP":7.49,"ITSERV_VA":13.59,"ITSERV_EXP":5.65,"SERFIN_VA":369.97,"SERFIN_EXP":7.9,"GOBEST_VA":106.86,"GOBEST_EXP":5.48,"SPRSCT_VA":134.58,"SPRSCT_EXP":66.78,"SEAEMP_VA":41.31,"SEAEMP_EXP":26.39,"ADPDEF_VA":699.27,"ADPDEF_EXP":0.04,"EDUCAC_VA":182.57,"EDUCAC_EXP":1.46,"SALUDH_VA":88.39,"SALUDH_EXP":1.11,"ESPARC_VA":7.5,"ESPARC_EXP":1.4,"OTRSER_VA":9.67,"OTRSER_EXP":1.25,"SERHOG_VA":7.05,"SERHOG_EXP":0.0}},{"type":"Feature","geometry":{"type":"Point","coordinates":[-106.35,56.13]},"properties":{"id":"CAN","name":"Canadá","continent":"america","year":2003,"AGRPFO_VA":10671.44,"AGRPFO_EXP":5214.51,"FORLOG_VA":4419.05,"FORLOG_EXP":558.79,"PESCAC_VA":1259.88,"PESCAC_EXP":619.53,"MINCOL_VA":558.28,"MINCOL_EXP":668.52,"PETGAS_VA":39524.68,"PETGAS_EXP":46694.51,"MINORE_VA":3262.57,"MINORE_EXP":4073.76,"MINOTH_VA":2816.88,"MINOTH_EXP":1740.53,"MINSER_VA":4230.3,"MINSER_EXP":304.95,"ALYBEB_VA":16886.42,"ALYBEB_EXP":12575.45,"TEXYPR_VA":4920.76,"TEXYPR_EXP":3461.69,"MADYPR_VA":8232.25,"MADYPR_EXP":11211.19,"PAPYPR_VA":11307.22,"PAPYPR_EXP":14899.77,"PETREF_VA":2498.51,"PETREF_EXP":6808.84,"QUIMYP_VA":7146.26,"QUIMYP_EXP":10702.4,"FARMED_VA":3591.92,"FARMED_EXP":2505.16,"HUPLAS_VA":7184.81,"HUPLAS_EXP":7902.75,"PRNOMT_VA":4300.97,"PRNOMT_EXP":2007.66,"METBAS_VA":3596.34,"METBAS_EXP":2920.56,"NONFER_VA":3818.78,"NONFER_EXP":11228.0,"PRMETA_VA":9841.72,"PRMETA_EXP":8135.31,"ELCTRO_VA":5053.47,"ELCTRO_EXP":7991.93,"ELCTRI_VA":2340.15,"ELCTRI_EXP":4043.65,"MAQYEQ_VA":8497.17,"MAQYEQ_EXP":10188.59,"AUTOMO_VA":20286.43,"AUTOMO_EXP":37526.77,"OTRTRA_VA":328.08,"OTRTRA_EXP":486.67,"TRANSP_VA":5760.92,"TRANSP_EXP":10143.55,"OTRMAN_VA":10504.3,"OTRMAN_EXP":6139.36,"ELEGAS_VA":21009.59,"ELEGAS_EXP":1966.08,"AGUBAS_VA":3255.66,"AGUBAS_EXP":124.61,"CONSTR_VA":45801.16,"CONSTR_EXP":302.26,"COMREV_VA":90939.01,"COMREV_EXP":30763.9,"TRATIE_VA":21633.46,"TRATIE_EXP":3026.45,"TRAGUA_VA":800.28,"TRAGUA_EXP":563.31,"TRAAIR_VA":2406.19,"TRAAIR_EXP":4110.75,"ALMSTR_VA":6910.63,"ALMSTR_EXP":1989.46,"POSTME_VA":4484.67,"POSTME_EXP":603.92,"HOTYRE_VA":18636.88,"HOTYRE_EXP":4785.15,"MMTVRA_VA":9952.77,"MMTVRA_EXP":2584.67,"TELECO_VA":16518.35,"TELECO_EXP":1187.29,"ITSERV_VA":11106.68,"ITSERV_EXP":2479.24,"SERFIN_VA":57226.54,"SERFIN_EXP":6529.73,"GOBEST_VA":86656.92,"GOBEST_EXP":893.1,"SPRSCT_VA":50323.83,"SPRSCT_EXP":4515.73,"SEAEMP_VA":23494.98,"SEAEMP_EXP":4526.68,"ADPDEF_VA":53701.66,"ADPDEF_EXP":970.19,"EDUCAC_VA":43241.07,"EDUCAC_EXP":920.7,"SALUDH_VA":53987.64,"SALUDH_EXP":448.13,"ESPARC_VA":7805.72,"ESPARC_EXP":1763.82,"OTRSER_VA":11287.8,"OTRSER_EXP":161.1,"SERHOG_VA":1575.41,"SERHOG_EXP":0.0}},{"type":"Feature","geometry":{"type":"Point","coordinates":[8.23,46.82]},"properties":{"id":"CHE","name":"Suiza","continent":"europe","year":2003,"AGRPFO_VA":2714.41,"AGRPFO_EXP":164.57,"FORLOG_VA":203.69,"FORLOG_EXP":116.02,"PESCAC_VA":20.2,"PESCAC_EXP":9.05,"MINCOL_VA":0.0,"MINCOL_EXP":0.0,"PETGAS_VA":0.0,"PETGAS_EXP":0.0,"MINORE_VA":40.11,"MINORE_EXP":31.98,"MINOTH_VA":420.88,"MINOTH_EXP":54.72,"MINSER_VA":55.77,"MINSER_EXP":14.88,"ALYBEB_VA":5914.81,"ALYBEB_EXP":3392.46,"TEXYPR_VA":921.01,"TEXYPR_EXP":1632.27,"MADYPR_VA":2321.27,"MADYPR_EXP":437.42,"PAPYPR_VA":3448.53,"PAPYPR_EXP":1739.09,"PETREF_VA":162.17,"PETREF_EXP":285.61,"QUIMYP_VA":4261.69,"QUIMYP_EXP":5652.03,"FARMED_VA":11677.61,"FARMED_EXP":8932.96,"HUPLAS_VA":2067.05,"HUPLAS_EXP":2313.01,"PRNOMT_VA":1654.51,"PRNOMT_EXP":615.45,"METBAS_VA":720.34,"METBAS_EXP":751.88,"NONFER_VA":787.22,"NONFER_EXP":822.68,"PRMETA_VA":6241.15,"PRMETA_EXP":2866.73,"ELCTRO_VA":11484.75,"ELCTRO_EXP":11245.85,"ELCTRI_VA":3675.57,"ELCTRI_EXP":5133.22,"MAQYEQ_VA":8504.78,"MAQYEQ_EXP":13246.75,"AUTOMO_VA":362.27,"AUTOMO_EXP":535.63,"OTRTRA_VA":20.99,"OTRTRA_EXP":11.38,"TRANSP_VA":478.13,"TRANSP_EXP":790.38,"OTRMAN_VA":4143.31,"OTRMAN_EXP":3176.81,"ELEGAS_VA":5782.52,"ELEGAS_EXP":1917.84,"AGUBAS_VA":1566.16,"AGUBAS_EXP":15.88,"CONSTR_VA":19302.18,"CONSTR_EXP":279.47,"COMREV_VA":52558.26,"COMREV_EXP":21183.01,"TRATIE_VA":7725.25,"TRATIE_EXP":4595.32,"TRAGUA_VA":272.81,"TRAGUA_EXP":3088.33,"TRAAIR_VA":1215.35,"TRAAIR_EXP":2053.74,"ALMSTR_VA":2439.22,"ALMSTR_EXP":897.46,"POSTME_VA":2861.38,"POSTME_EXP":1128.46,"HOTYRE_VA":8336.8,"HOTYRE_EXP":2870.6,"MMTVRA_VA":2981.92,"MMTVRA_EXP":2557.75,"TELECO_VA":5536.86,"TELECO_EXP":1421.07,"ITSERV_VA":8207.01,"ITSERV_EXP":4282.34,"SERFIN_VA":40958.14,"SERFIN_EXP":22822.28,"GOBEST_VA":24276.99,"GOBEST_EXP":749.46,"SPRSCT_VA":22607.46,"SPRSCT_EXP":2940.8,"SEAEMP_VA":7845.39,"SEAEMP_EXP":2567.28,"ADPDEF_VA":30624.35,"ADPDEF_EXP":617.74,"EDUCAC_VA":2512.38,"EDUCAC_EXP":181.84,"SALUDH_VA":23961.73,"SALUDH_EXP":210.08,"ESPARC_VA":2223.66,"ESPARC_EXP":505.06,"OTRSER_VA":4839.89,"OTRSER_EXP":160.26,"SERHOG_VA":1266.57,"SERHOG_EXP":0.0}},{"type":"Feature","geometry":{"type":"Point","coordinates":[-71.54,-35.68]},"properties":{"id":"CHL","name":"Chile","continent":"america","year":2003,"AGRPFO_VA":2012.52,"AGRPFO_EXP":1055.61,"FORLOG_VA":569.77,"FORLOG_EXP":18.4,"PESCAC_VA":646.41,"PESCAC_EXP":1104.14,"MINCOL_VA":10.32,"MINCOL_EXP":0.31,"PETGAS_VA":70.97,"PETGAS_EXP":1.67,"MINORE_VA":7779.58,"MINORE_EXP":9006.9,"MINOTH_VA":286.92,"MINOTH_EXP":42.22,"MINSER_VA":199.01,"MINSER_EXP":23.81,"ALYBEB_VA":2731.95,"ALYBEB_EXP":2385.11,"TEXYPR_VA":295.21,"TEXYPR_EXP":306.5,"MADYPR_VA":352.93,"MADYPR_EXP":892.92,"PAPYPR_VA":762.78,"PAPYPR_EXP":1071.87,"PETREF_VA":331.33,"PETREF_EXP":593.29,"QUIMYP_VA":1022.22,"QUIMYP_EXP":662.39,"FARMED_VA":227.56,"FARMED_EXP":30.64,"HUPLAS_VA":316.19,"HUPLAS_EXP":227.59,"PRNOMT_VA":420.2,"PRNOMT_EXP":71.11,"METBAS_VA":124.04,"METBAS_EXP":101.36,"NONFER_VA":229.89,"NONFER_EXP":95.94,"PRMETA_VA":544.82,"PRMETA_EXP":158.54,"ELCTRO_VA":1340.26,"ELCTRO_EXP":92.9,"ELCTRI_VA":225.55,"ELCTRI_EXP":59.4,"MAQYEQ_VA":260.48,"MAQYEQ_EXP":261.48,"AUTOMO_VA":0.14,"AUTOMO_EXP":0.05,"OTRTRA_VA":66.0,"OTRTRA_EXP":12.62,"TRANSP_VA":125.08,"TRANSP_EXP":21.99,"OTRMAN_VA":406.9,"OTRMAN_EXP":450.02,"ELEGAS_VA":1599.69,"ELEGAS_EXP":13.45,"AGUBAS_VA":475.29,"AGUBAS_EXP":0.49,"CONSTR_VA":3977.07,"CONSTR_EXP":0.49,"COMREV_VA":6915.47,"COMREV_EXP":2110.83,"TRATIE_VA":2617.94,"TRATIE_EXP":710.83,"TRAGUA_VA":168.79,"TRAGUA_EXP":938.01,"TRAAIR_VA":635.39,"TRAAIR_EXP":945.24,"ALMSTR_VA":1029.8,"ALMSTR_EXP":334.35,"POSTME_VA":104.17,"POSTME_EXP":153.49,"HOTYRE_VA":1407.8,"HOTYRE_EXP":327.65,"MMTVRA_VA":245.05,"MMTVRA_EXP":49.59,"TELECO_VA":1243.23,"TELECO_EXP":238.94,"ITSERV_VA":851.16,"ITSERV_EXP":111.95,"SERFIN_VA":3571.22,"SERFIN_EXP":369.51,"GOBEST_VA":5782.22,"GOBEST_EXP":119.25,"SPRSCT_VA":5157.69,"SPRSCT_EXP":285.64,"SEAEMP_VA":2891.85,"SEAEMP_EXP":515.38,"ADPDEF_VA":3119.65,"ADPDEF_EXP":22.13,"EDUCAC_VA":3631.08,"EDUCAC_EXP":17.78,"SALUDH_VA":2683.72,"SALUDH_EXP":14.45,"ESPARC_VA":355.45,"ESPARC_EXP":158.81,"OTRSER_VA":1208.3,"OTRSER_EXP":26.28,"SERHOG_VA":0.0,"SERHOG_EXP":0.0}},{"type":"Feature","geometry":{"type":"Point","coordinates":[104.2,35.86]},"properties":{"id":"CHN","name":"China","continent":"asia","year":2003,"AGRPFO_VA":162078.76,"AGRPFO_EXP":4895.68,"FORLOG_VA":10599.18,"FORLOG_EXP":17.78,"PESCAC_VA":20037.73,"PESCAC_EXP":653.44,"MINCOL_VA":24042.25,"MINCOL_EXP":2136.37,"PETGAS_VA":25129.06,"PETGAS_EXP":1394.19,"MINORE_VA":8755.91,"MINORE_EXP":437.62,"MINOTH_VA":6397.39,"MINOTH_EXP":952.26,"MINSER_VA":1530.07,"MINSER_EXP":109.58,"ALYBEB_VA":60646.37,"ALYBEB_EXP":11243.91,"TEXYPR_VA":58464.96,"TEXYPR_EXP":76801.88,"MADYPR_VA":7546.14,"MADYPR_EXP":3250.95,"PAPYPR_VA":14723.7,"PAPYPR_EXP":1816.7,"PETREF_VA":20136.03,"PETREF_EXP":4116.85,"QUIMYP_VA":33562.48,"QUIMYP_EXP":13948.75,"FARMED_VA":11571.03,"FARMED_EXP":2281.12,"HUPLAS_VA":16646.14,"HUPLAS_EXP":8388.97,"PRNOMT_VA":45703.66,"PRNOMT_EXP":5417.2,"METBAS_VA":38832.64,"METBAS_EXP":3527.86,"NONFER_VA":15989.41,"NONFER_EXP":3712.27,"PRMETA_VA":20465.06,"PRMETA_EXP":11427.84,"ELCTRO_VA":46638.56,"ELCTRO_EXP":94423.3,"ELCTRI_VA":31050.09,"ELCTRI_EXP":26931.09,"MAQYEQ_VA":52853.4,"MAQYEQ_EXP":18225.45,"AUTOMO_VA":30020.02,"AUTOMO_EXP":4802.19,"OTRTRA_VA":2363.56,"OTRTRA_EXP":2392.1,"TRANSP_VA":3983.17,"TRANSP_EXP":4307.39,"OTRMAN_VA":10397.39,"OTRMAN_EXP":21420.84,"ELEGAS_VA":55126.8,"ELEGAS_EXP":504.46,"AGUBAS_VA":8104.63,"AGUBAS_EXP":0.07,"CONSTR_VA":92139.78,"CONSTR_EXP":0.17,"COMREV_VA":123506.19,"COMREV_EXP":20154.57,"TRATIE_VA":63928.44,"TRATIE_EXP":5400.97,"TRAGUA_VA":12953.39,"TRAGUA_EXP":9577.78,"TRAAIR_VA":5284.83,"TRAAIR_EXP":5615.71,"ALMSTR_VA":6867.91,"ALMSTR_EXP":1375.69,"POSTME_VA":3163.45,"POSTME_EXP":20.59,"HOTYRE_VA":35965.0,"HOTYRE_EXP":4638.72,"MMTVRA_VA":4259.01,"MMTVRA_EXP":1106.71,"TELECO_VA":24572.29,"TELECO_EXP":1188.52,"ITSERV_VA":11309.18,"ITSERV_EXP":1380.33,"SERFIN_VA":65324.0,"SERFIN_EXP":1333.4,"GOBEST_VA":65372.58,"GOBEST_EXP":1819.08,"SPRSCT_VA":19264.84,"SPRSCT_EXP":8369.57,"SEAEMP_VA":24533.52,"SEAEMP_EXP":4804.13,"ADPDEF_VA":59549.03,"ADPDEF_EXP":0.24,"EDUCAC_VA":46780.37,"EDUCAC_EXP":196.71,"SALUDH_VA":26269.02,"SALUDH_EXP":273.5,"ESPARC_VA":8371.14,"ESPARC_EXP":758.87,"OTRSER_VA":24853.32,"OTRSER_EXP":308.69,"SERHOG_VA":0.0,"SERHOG_EXP":0.0}},{"type":"Feature","geometry":{"type":"Point","coordinates":[-5.55,7.54]},"properties":{"id":"CIV","name":"Costa de Marfil","continent":"other","year":2003,"AGRPFO_VA":3519.62,"AGRPFO_EXP":1605.39,"FORLOG_VA":105.08,"FORLOG_EXP":2.75,"PESCAC_VA":40.52,"PESCAC_EXP":1.75,"MINCOL_VA":1.08,"MINCOL_EXP":2.67,"PETGAS_VA":10.41,"PETGAS_EXP":24.0,"MINORE_VA":29.32,"MINORE_EXP":30.34,"MINOTH_VA":3.48,"MINOTH_EXP":8.39,"MINSER_VA":2.51,"MINSER_EXP":5.11,"ALYBEB_VA":845.23,"ALYBEB_EXP":1063.87,"TEXYPR_VA":431.16,"TEXYPR_EXP":163.12,"MADYPR_VA":195.7,"MADYPR_EXP":217.75,"PAPYPR_VA":103.3,"PAPYPR_EXP":2.8,"PETREF_VA":299.22,"PETREF_EXP":432.76,"QUIMYP_VA":81.66,"QUIMYP_EXP":131.85,"FARMED_VA":58.3,"FARMED_EXP":1.86,"HUPLAS_VA":104.45,"HUPLAS_EXP":103.34,"PRNOMT_VA":136.13,"PRNOMT_EXP":32.53,"METBAS_VA":11.63,"METBAS_EXP":23.59,"NONFER_VA":10.53,"NONFER_EXP":14.87,"PRMETA_VA":96.04,"PRMETA_EXP":22.25,"ELCTRO_VA":0.0,"ELCTRO_EXP":0.0,"ELCTRI_VA":0.7,"ELCTRI_EXP":0.27,"MAQYEQ_VA":40.18,"MAQYEQ_EXP":21.78,"AUTOMO_VA":17.34,"AUTOMO_EXP":3.52,"OTRTRA_VA":1.86,"OTRTRA_EXP":0.56,"TRANSP_VA":3.16,"TRANSP_EXP":0.36,"OTRMAN_VA":184.13,"OTRMAN_EXP":35.37,"ELEGAS_VA":251.31,"ELEGAS_EXP":64.71,"AGUBAS_VA":43.26,"AGUBAS_EXP":0.27,"CONSTR_VA":332.39,"CONSTR_EXP":5.04,"COMREV_VA":1790.98,"COMREV_EXP":483.29,"TRATIE_VA":347.53,"TRATIE_EXP":112.21,"TRAGUA_VA":32.59,"TRAGUA_EXP":65.96,"TRAAIR_VA":61.3,"TRAAIR_EXP":74.13,"ALMSTR_VA":220.13,"ALMSTR_EXP":76.45,"POSTME_VA":44.4,"POSTME_EXP":17.27,"HOTYRE_VA":87.39,"HOTYRE_EXP":23.58,"MMTVRA_VA":80.86,"MMTVRA_EXP":16.43,"TELECO_VA":177.33,"TELECO_EXP":33.43,"ITSERV_VA":180.42,"ITSERV_EXP":109.57,"SERFIN_VA":497.86,"SERFIN_EXP":28.55,"GOBEST_VA":827.01,"GOBEST_EXP":12.7,"SPRSCT_VA":210.7,"SPRSCT_EXP":45.68,"SEAEMP_VA":416.47,"SEAEMP_EXP":3.48,"ADPDEF_VA":1283.39,"ADPDEF_EXP":0.01,"EDUCAC_VA":437.08,"EDUCAC_EXP":1.54,"SALUDH_VA":105.59,"SALUDH_EXP":1.01,"ESPARC_VA":23.67,"ESPARC_EXP":2.55,"OTRSER_VA":431.71,"OTRSER_EXP":1.35,"SERHOG_VA":34.34,"SERHOG_EXP":0.0}},{"type":"Feature","geometry":{"type":"Point","coordinates":[12.35,7.37]},"properties":{"id":"CMR","name":"Camerún","continent":"other","year":2003,"AGRPFO_VA":1849.62,"AGRPFO_EXP":329.6,"FORLOG_VA":644.3,"FORLOG_EXP":62.09,"PESCAC_VA":292.18,"PESCAC_EXP":0.69,"MINCOL_VA":135.52,"MINCOL_EXP":8.62,"PETGAS_VA":769.41,"PETGAS_EXP":923.18,"MINORE_VA":14.18,"MINORE_EXP":0.18,"MINOTH_VA":78.74,"MINOTH_EXP":0.66,"MINSER_VA":87.68,"MINSER_EXP":93.37,"ALYBEB_VA":1439.68,"ALYBEB_EXP":111.04,"TEXYPR_VA":511.83,"TEXYPR_EXP":159.15,"MADYPR_VA":198.08,"MADYPR_EXP":147.4,"PAPYPR_VA":31.68,"PAPYPR_EXP":3.85,"PETREF_VA":109.56,"PETREF_EXP":84.8,"QUIMYP_VA":23.59,"QUIMYP_EXP":30.3,"FARMED_VA":14.4,"FARMED_EXP":0.41,"HUPLAS_VA":14.13,"HUPLAS_EXP":2.72,"PRNOMT_VA":53.48,"PRNOMT_EXP":48.15,"METBAS_VA":4.7,"METBAS_EXP":3.01,"NONFER_VA":26.39,"NONFER_EXP":64.57,"PRMETA_VA":10.27,"PRMETA_EXP":14.74,"ELCTRO_VA":5.6,"ELCTRO_EXP":2.77,"ELCTRI_VA":4.2,"ELCTRI_EXP":6.2,"MAQYEQ_VA":5.43,"MAQYEQ_EXP":4.79,"AUTOMO_VA":4.45,"AUTOMO_EXP":0.95,"OTRTRA_VA":0.75,"OTRTRA_EXP":0.96,"TRANSP_VA":1.15,"TRANSP_EXP":1.01,"OTRMAN_VA":106.27,"OTRMAN_EXP":8.47,"ELEGAS_VA":97.13,"ELEGAS_EXP":0.07,"AGUBAS_VA":94.34,"AGUBAS_EXP":0.22,"CONSTR_VA":1068.57,"CONSTR_EXP":2.36,"COMREV_VA":1336.42,"COMREV_EXP":171.23,"TRATIE_VA":754.01,"TRATIE_EXP":91.0,"TRAGUA_VA":95.45,"TRAGUA_EXP":39.66,"TRAAIR_VA":109.05,"TRAAIR_EXP":54.02,"ALMSTR_VA":341.36,"ALMSTR_EXP":57.91,"POSTME_VA":140.27,"POSTME_EXP":16.34,"HOTYRE_VA":816.89,"HOTYRE_EXP":26.9,"MMTVRA_VA":79.73,"MMTVRA_EXP":8.47,"TELECO_VA":124.29,"TELECO_EXP":6.64,"ITSERV_VA":167.0,"ITSERV_EXP":14.11,"SERFIN_VA":223.28,"SERFIN_EXP":44.05,"GOBEST_VA":709.05,"GOBEST_EXP":7.78,"SPRSCT_VA":400.93,"SPRSCT_EXP":65.12,"SEAEMP_VA":268.84,"SEAEMP_EXP":197.75,"ADPDEF_VA":765.22,"ADPDEF_EXP":0.24,"EDUCAC_VA":445.54,"EDUCAC_EXP":1.29,"SALUDH_VA":204.71,"SALUDH_EXP":1.18,"ESPARC_VA":180.54,"ESPARC_EXP":100.49,"OTRSER_VA":197.9,"OTRSER_EXP":1.58,"SERHOG_VA":15.8,"SERHOG_EXP":0.0}},{"type":"Feature","geometry":{"type":"Point","coordinates":[21.76,-4.04]},"properties":{"id":"COD","name":"R.D. Congo","continent":"other","year":2003,"AGRPFO_VA":1452.2,"AGRPFO_EXP":89.25,"FORLOG_VA":156.35,"FORLOG_EXP":131.16,"PESCAC_VA":134.7,"PESCAC_EXP":2.67,"MINCOL_VA":2.7,"MINCOL_EXP":0.51,"PETGAS_VA":192.81,"PETGAS_EXP":213.58,"MINORE_VA":338.55,"MINORE_EXP":406.56,"MINOTH_VA":560.04,"MINOTH_EXP":153.4,"MINSER_VA":31.17,"MINSER_EXP":0.92,"ALYBEB_VA":938.03,"ALYBEB_EXP":47.8,"TEXYPR_VA":170.14,"TEXYPR_EXP":5.45,"MADYPR_VA":15.49,"MADYPR_EXP":25.01,"PAPYPR_VA":19.19,"PAPYPR_EXP":0.86,"PETREF_VA":3.52,"PETREF_EXP":10.76,"QUIMYP_VA":40.55,"QUIMYP_EXP":16.48,"FARMED_VA":4.61,"FARMED_EXP":5.81,"HUPLAS_VA":31.27,"HUPLAS_EXP":6.35,"PRNOMT_VA":37.1,"PRNOMT_EXP":7.54,"METBAS_VA":39.02,"METBAS_EXP":3.42,"NONFER_VA":207.22,"NONFER_EXP":304.69,"PRMETA_VA":18.28,"PRMETA_EXP":2.26,"ELCTRO_VA":0.39,"ELCTRO_EXP":0.4,"ELCTRI_VA":29.53,"ELCTRI_EXP":1.92,"MAQYEQ_VA":1.54,"MAQYEQ_EXP":1.09,"AUTOMO_VA":74.1,"AUTOMO_EXP":2.57,"OTRTRA_VA":6.66,"OTRTRA_EXP":0.12,"TRANSP_VA":0.18,"TRANSP_EXP":0.06,"OTRMAN_VA":59.73,"OTRMAN_EXP":48.24,"ELEGAS_VA":40.58,"ELEGAS_EXP":15.62,"AGUBAS_VA":19.24,"AGUBAS_EXP":0.52,"CONSTR_VA":284.46,"CONSTR_EXP":0.93,"COMREV_VA":726.5,"COMREV_EXP":71.5,"TRATIE_VA":723.72,"TRATIE_EXP":197.69,"TRAGUA_VA":50.13,"TRAGUA_EXP":28.95,"TRAAIR_VA":30.0,"TRAAIR_EXP":10.89,"ALMSTR_VA":93.21,"ALMSTR_EXP":27.54,"POSTME_VA":11.7,"POSTME_EXP":1.04,"HOTYRE_VA":281.23,"HOTYRE_EXP":40.88,"MMTVRA_VA":72.44,"MMTVRA_EXP":23.88,"TELECO_VA":389.35,"TELECO_EXP":22.09,"ITSERV_VA":3.68,"ITSERV_EXP":2.47,"SERFIN_VA":113.26,"SERFIN_EXP":47.17,"GOBEST_VA":394.3,"GOBEST_EXP":3.57,"SPRSCT_VA":150.46,"SPRSCT_EXP":43.23,"SEAEMP_VA":94.61,"SEAEMP_EXP":4.82,"ADPDEF_VA":260.54,"ADPDEF_EXP":0.72,"EDUCAC_VA":105.64,"EDUCAC_EXP":2.17,"SALUDH_VA":233.26,"SALUDH_EXP":3.17,"ESPARC_VA":41.4,"ESPARC_EXP":5.88,"OTRSER_VA":64.73,"OTRSER_EXP":2.45,"SERHOG_VA":24.89,"SERHOG_EXP":0.0}},{"type":"Feature","geometry":{"type":"Point","coordinates":[-74.3,4.57]},"properties":{"id":"COL","name":"Colombia","continent":"america","year":2003,"AGRPFO_VA":6804.82,"AGRPFO_EXP":1052.39,"FORLOG_VA":249.25,"FORLOG_EXP":6.54,"PESCAC_VA":201.2,"PESCAC_EXP":12.17,"MINCOL_VA":1286.61,"MINCOL_EXP":1193.6,"PETGAS_VA":3675.11,"PETGAS_EXP":2241.53,"MINORE_VA":567.23,"MINORE_EXP":514.41,"MINOTH_VA":231.61,"MINOTH_EXP":14.55,"MINSER_VA":30.17,"MINSER_EXP":26.36,"ALYBEB_VA":4781.41,"ALYBEB_EXP":1447.85,"TEXYPR_VA":1876.39,"TEXYPR_EXP":759.96,"MADYPR_VA":124.75,"MADYPR_EXP":23.37,"PAPYPR_VA":762.82,"PAPYPR_EXP":218.49,"PETREF_VA":546.17,"PETREF_EXP":930.34,"QUIMYP_VA":1523.26,"QUIMYP_EXP":778.18,"FARMED_VA":420.56,"FARMED_EXP":182.04,"HUPLAS_VA":502.11,"HUPLAS_EXP":259.5,"PRNOMT_VA":1278.85,"PRNOMT_EXP":278.67,"METBAS_VA":339.15,"METBAS_EXP":761.49,"NONFER_VA":31.14,"NONFER_EXP":99.36,"PRMETA_VA":313.07,"PRMETA_EXP":89.6,"ELCTRO_VA":332.05,"ELCTRO_EXP":18.44,"ELCTRI_VA":287.58,"ELCTRI_EXP":290.61,"MAQYEQ_VA":830.88,"MAQYEQ_EXP":239.45,"AUTOMO_VA":251.53,"AUTOMO_EXP":60.99,"OTRTRA_VA":0.53,"OTRTRA_EXP":0.67,"TRANSP_VA":45.22,"TRANSP_EXP":18.99,"OTRMAN_VA":897.61,"OTRMAN_EXP":122.9,"ELEGAS_VA":1959.35,"ELEGAS_EXP":66.61,"AGUBAS_VA":1291.52,"AGUBAS_EXP":1.2,"CONSTR_VA":2772.43,"CONSTR_EXP":3.25,"COMREV_VA":7133.24,"COMREV_EXP":1297.5,"TRATIE_VA":3242.84,"TRATIE_EXP":309.72,"TRAGUA_VA":50.74,"TRAGUA_EXP":34.39,"TRAAIR_VA":374.2,"TRAAIR_EXP":443.11,"ALMSTR_VA":582.92,"ALMSTR_EXP":138.03,"POSTME_VA":130.91,"POSTME_EXP":31.11,"HOTYRE_VA":3463.28,"HOTYRE_EXP":334.14,"MMTVRA_VA":330.31,"MMTVRA_EXP":84.48,"TELECO_VA":2331.45,"TELECO_EXP":113.55,"ITSERV_VA":428.83,"ITSERV_EXP":10.87,"SERFIN_VA":3907.92,"SERFIN_EXP":60.58,"GOBEST_VA":7741.83,"GOBEST_EXP":54.48,"SPRSCT_VA":2430.39,"SPRSCT_EXP":64.88,"SEAEMP_VA":3009.83,"SEAEMP_EXP":70.76,"ADPDEF_VA":4840.81,"ADPDEF_EXP":41.62,"EDUCAC_VA":4068.35,"EDUCAC_EXP":16.21,"SALUDH_VA":3860.81,"SALUDH_EXP":13.19,"ESPARC_VA":2074.08,"ESPARC_EXP":48.37,"OTRSER_VA":1488.67,"OTRSER_EXP":16.04,"SERHOG_VA":659.77,"SERHOG_EXP":0.0}},{"type":"Feature","geometry":{"type":"Point","coordinates":[-83.75,9.75]},"properties":{"id":"CRI","name":"Costa Rica","continent":"america","year":2003,"AGRPFO_VA":1275.36,"AGRPFO_EXP":950.9,"FORLOG_VA":42.44,"FORLOG_EXP":14.83,"PESCAC_VA":31.59,"PESCAC_EXP":3.78,"MINCOL_VA":1.34,"MINCOL_EXP":0.07,"PETGAS_VA":0.24,"PETGAS_EXP":0.05,"MINORE_VA":0.09,"MINORE_EXP":0.02,"MINOTH_VA":66.67,"MINOTH_EXP":2.31,"MINSER_VA":0.07,"MINSER_EXP":0.01,"ALYBEB_VA":996.52,"ALYBEB_EXP":1376.61,"TEXYPR_VA":274.01,"TEXYPR_EXP":134.14,"MADYPR_VA":20.44,"MADYPR_EXP":18.08,"PAPYPR_VA":155.12,"PAPYPR_EXP":102.89,"PETREF_VA":58.1,"PETREF_EXP":36.41,"QUIMYP_VA":194.18,"QUIMYP_EXP":173.43,"FARMED_VA":26.09,"FARMED_EXP":44.34,"HUPLAS_VA":109.53,"HUPLAS_EXP":262.89,"PRNOMT_VA":164.93,"PRNOMT_EXP":71.63,"METBAS_VA":18.29,"METBAS_EXP":26.54,"NONFER_VA":9.73,"NONFER_EXP":25.1,"PRMETA_VA":43.47,"PRMETA_EXP":53.41,"ELCTRO_VA":141.83,"ELCTRO_EXP":88.56,"ELCTRI_VA":118.3,"ELCTRI_EXP":198.13,"MAQYEQ_VA":2.71,"MAQYEQ_EXP":1.63,"AUTOMO_VA":11.01,"AUTOMO_EXP":1.87,"OTRTRA_VA":0.5,"OTRTRA_EXP":0.2,"TRANSP_VA":0.49,"TRANSP_EXP":0.04,"OTRMAN_VA":284.15,"OTRMAN_EXP":217.89,"ELEGAS_VA":313.32,"ELEGAS_EXP":2.52,"AGUBAS_VA":130.18,"AGUBAS_EXP":0.26,"CONSTR_VA":599.69,"CONSTR_EXP":0.66,"COMREV_VA":3531.49,"COMREV_EXP":741.23,"TRATIE_VA":485.45,"TRATIE_EXP":217.38,"TRAGUA_VA":126.39,"TRAGUA_EXP":102.41,"TRAAIR_VA":26.25,"TRAAIR_EXP":50.77,"ALMSTR_VA":149.64,"ALMSTR_EXP":68.57,"POSTME_VA":29.19,"POSTME_EXP":5.85,"HOTYRE_VA":500.79,"HOTYRE_EXP":602.89,"MMTVRA_VA":143.22,"MMTVRA_EXP":30.01,"TELECO_VA":286.49,"TELECO_EXP":149.74,"ITSERV_VA":69.47,"ITSERV_EXP":28.79,"SERFIN_VA":664.58,"SERFIN_EXP":100.59,"GOBEST_VA":1255.15,"GOBEST_EXP":89.24,"SPRSCT_VA":528.7,"SPRSCT_EXP":192.95,"SEAEMP_VA":336.04,"SEAEMP_EXP":208.05,"ADPDEF_VA":583.25,"ADPDEF_EXP":6.86,"EDUCAC_VA":984.09,"EDUCAC_EXP":40.34,"SALUDH_VA":1103.42,"SALUDH_EXP":37.26,"ESPARC_VA":89.16,"ESPARC_EXP":87.83,"OTRSER_VA":146.2,"OTRSER_EXP":31.88,"SERHOG_VA":172.02,"SERHOG_EXP":0.0}},{"type":"Feature","geometry":{"type":"Point","coordinates":[33.43,35.13]},"properties":{"id":"CYP","name":"Chipre","continent":"europe","year":2003,"AGRPFO_VA":457.24,"AGRPFO_EXP":96.49,"FORLOG_VA":2.37,"FORLOG_EXP":1.19,"PESCAC_VA":17.33,"PESCAC_EXP":6.52,"MINCOL_VA":0.0,"MINCOL_EXP":0.0,"PETGAS_VA":9.75,"PETGAS_EXP":0.26,"MINORE_VA":8.26,"MINORE_EXP":4.43,"MINOTH_VA":18.12,"MINOTH_EXP":12.76,"MINSER_VA":0.1,"MINSER_EXP":0.06,"ALYBEB_VA":394.82,"ALYBEB_EXP":232.25,"TEXYPR_VA":54.06,"TEXYPR_EXP":47.25,"MADYPR_VA":70.58,"MADYPR_EXP":41.26,"PAPYPR_VA":66.46,"PAPYPR_EXP":31.13,"PETREF_VA":13.62,"PETREF_EXP":90.41,"QUIMYP_VA":29.05,"QUIMYP_EXP":30.77,"FARMED_VA":33.82,"FARMED_EXP":51.48,"HUPLAS_VA":31.26,"HUPLAS_EXP":16.27,"PRNOMT_VA":150.3,"PRNOMT_EXP":24.12,"METBAS_VA":2.48,"METBAS_EXP":0.56,"NONFER_VA":14.4,"NONFER_EXP":10.32,"PRMETA_VA":89.85,"PRMETA_EXP":11.15,"ELCTRO_VA":4.58,"ELCTRO_EXP":0.57,"ELCTRI_VA":7.35,"ELCTRI_EXP":5.39,"MAQYEQ_VA":24.61,"MAQYEQ_EXP":37.9,"AUTOMO_VA":7.38,"AUTOMO_EXP":4.26,"OTRTRA_VA":0.68,"OTRTRA_EXP":0.3,"TRANSP_VA":1.23,"TRANSP_EXP":0.15,"OTRMAN_VA":65.16,"OTRMAN_EXP":41.41,"ELEGAS_VA":209.82,"ELEGAS_EXP":0.59,"AGUBAS_VA":87.11,"AGUBAS_EXP":3.74,"CONSTR_VA":1250.74,"CONSTR_EXP":15.16,"COMREV_VA":1470.31,"COMREV_EXP":308.43,"TRATIE_VA":112.07,"TRATIE_EXP":80.57,"TRAGUA_VA":663.36,"TRAGUA_EXP":609.02,"TRAAIR_VA":82.15,"TRAAIR_EXP":433.85,"ALMSTR_VA":216.71,"ALMSTR_EXP":725.78,"POSTME_VA":19.49,"POSTME_EXP":28.58,"HOTYRE_VA":887.96,"HOTYRE_EXP":972.35,"MMTVRA_VA":104.95,"MMTVRA_EXP":59.85,"TELECO_VA":328.03,"TELECO_EXP":126.57,"ITSERV_VA":89.0,"ITSERV_EXP":207.01,"SERFIN_VA":863.86,"SERFIN_EXP":478.33,"GOBEST_VA":920.92,"GOBEST_EXP":289.21,"SPRSCT_VA":894.74,"SPRSCT_EXP":1004.97,"SEAEMP_VA":196.73,"SEAEMP_EXP":176.56,"ADPDEF_VA":1431.18,"ADPDEF_EXP":1.04,"EDUCAC_VA":789.83,"EDUCAC_EXP":47.34,"SALUDH_VA":477.71,"SALUDH_EXP":39.41,"ESPARC_VA":184.03,"ESPARC_EXP":149.69,"OTRSER_VA":248.33,"OTRSER_EXP":47.14,"SERHOG_VA":85.04,"SERHOG_EXP":0.0}},{"type":"Feature","geometry":{"type":"Point","coordinates":[15.47,49.82]},"properties":{"id":"CZE","name":"Chequia","continent":"europe","year":2003,"AGRPFO_VA":1885.87,"AGRPFO_EXP":347.56,"FORLOG_VA":636.15,"FORLOG_EXP":144.78,"PESCAC_VA":21.27,"PESCAC_EXP":23.82,"MINCOL_VA":737.83,"MINCOL_EXP":262.92,"PETGAS_VA":56.33,"PETGAS_EXP":12.77,"MINORE_VA":36.87,"MINORE_EXP":2.87,"MINOTH_VA":159.44,"MINOTH_EXP":59.89,"MINSER_VA":36.77,"MINSER_EXP":8.04,"ALYBEB_VA":2629.36,"ALYBEB_EXP":1121.22,"TEXYPR_VA":1093.12,"TEXYPR_EXP":1083.56,"MADYPR_VA":765.56,"MADYPR_EXP":457.02,"PAPYPR_VA":822.58,"PAPYPR_EXP":701.56,"PETREF_VA":345.73,"PETREF_EXP":372.07,"QUIMYP_VA":935.96,"QUIMYP_EXP":1380.27,"FARMED_VA":421.3,"FARMED_EXP":256.37,"HUPLAS_VA":1431.85,"HUPLAS_EXP":1576.05,"PRNOMT_VA":1635.62,"PRNOMT_EXP":1427.49,"METBAS_VA":1151.46,"METBAS_EXP":1357.67,"NONFER_VA":201.4,"NONFER_EXP":423.02,"PRMETA_VA":2229.85,"PRMETA_EXP":1855.37,"ELCTRO_VA":1069.62,"ELCTRO_EXP":3475.71,"ELCTRI_VA":1229.3,"ELCTRI_EXP":1741.83,"MAQYEQ_VA":1684.73,"MAQYEQ_EXP":2308.17,"AUTOMO_VA":3293.72,"AUTOMO_EXP":7009.4,"OTRTRA_VA":1.07,"OTRTRA_EXP":7.41,"TRANSP_VA":322.52,"TRANSP_EXP":239.15,"OTRMAN_VA":1808.45,"OTRMAN_EXP":972.0,"ELEGAS_VA":3014.15,"ELEGAS_EXP":336.56,"AGUBAS_VA":973.99,"AGUBAS_EXP":38.95,"CONSTR_VA":6221.93,"CONSTR_EXP":78.71,"COMREV_VA":10914.93,"COMREV_EXP":3560.38,"TRATIE_VA":4766.81,"TRATIE_EXP":3142.52,"TRAGUA_VA":96.67,"TRAGUA_EXP":28.04,"TRAAIR_VA":253.57,"TRAAIR_EXP":682.87,"ALMSTR_VA":1724.96,"ALMSTR_EXP":709.94,"POSTME_VA":468.43,"POSTME_EXP":31.81,"HOTYRE_VA":2768.68,"HOTYRE_EXP":867.26,"MMTVRA_VA":792.89,"MMTVRA_EXP":312.94,"TELECO_VA":2283.51,"TELECO_EXP":382.33,"ITSERV_VA":1125.33,"ITSERV_EXP":182.93,"SERFIN_VA":3078.85,"SERFIN_EXP":738.93,"GOBEST_VA":7379.25,"GOBEST_EXP":167.71,"SPRSCT_VA":4458.0,"SPRSCT_EXP":2174.69,"SEAEMP_VA":1606.19,"SEAEMP_EXP":499.01,"ADPDEF_VA":6670.43,"ADPDEF_EXP":42.03,"EDUCAC_VA":3991.13,"EDUCAC_EXP":134.11,"SALUDH_VA":3593.09,"SALUDH_EXP":72.21,"ESPARC_VA":1037.97,"ESPARC_EXP":380.09,"OTRSER_VA":1234.64,"OTRSER_EXP":119.59,"SERHOG_VA":45.84,"SERHOG_EXP":0.0}},{"type":"Feature","geometry":{"type":"Point","coordinates":[10.45,51.17]},"properties":{"id":"DEU","name":"Alemania","continent":"europe","year":2003,"AGRPFO_VA":19619.92,"AGRPFO_EXP":3349.11,"FORLOG_VA":2064.93,"FORLOG_EXP":271.81,"PESCAC_VA":218.47,"PESCAC_EXP":125.55,"MINCOL_VA":1751.29,"MINCOL_EXP":223.72,"PETGAS_VA":1142.45,"PETGAS_EXP":1038.18,"MINORE_VA":0.0,"MINORE_EXP":0.0,"MINOTH_VA":1454.53,"MINOTH_EXP":880.67,"MINSER_VA":193.21,"MINSER_EXP":267.84,"ALYBEB_VA":41921.01,"ALYBEB_EXP":19643.55,"TEXYPR_VA":9487.11,"TEXYPR_EXP":11667.49,"MADYPR_VA":7186.87,"MADYPR_EXP":3492.27,"PAPYPR_VA":21700.83,"PAPYPR_EXP":14090.12,"PETREF_VA":6098.27,"PETREF_EXP":8520.29,"QUIMYP_VA":39761.93,"QUIMYP_EXP":47576.83,"FARMED_VA":16558.03,"FARMED_EXP":11637.59,"HUPLAS_VA":24649.08,"HUPLAS_EXP":17752.25,"PRNOMT_VA":16166.93,"PRNOMT_EXP":7047.06,"METBAS_VA":13473.06,"METBAS_EXP":17142.71,"NONFER_VA":7308.29,"NONFER_EXP":11742.07,"PRMETA_VA":43254.42,"PRMETA_EXP":20079.52,"ELCTRO_VA":31902.66,"ELCTRO_EXP":45202.33,"ELCTRI_VA":36209.56,"ELCTRI_EXP":36327.18,"MAQYEQ_VA":73473.03,"MAQYEQ_EXP":73799.04,"AUTOMO_VA":83704.74,"AUTOMO_EXP":113006.89,"OTRTRA_VA":1257.74,"OTRTRA_EXP":1324.14,"TRANSP_VA":7085.21,"TRANSP_EXP":7486.53,"OTRMAN_VA":32045.86,"OTRMAN_EXP":10705.24,"ELEGAS_VA":32483.26,"ELEGAS_EXP":1459.15,"AGUBAS_VA":22431.24,"AGUBAS_EXP":511.48,"CONSTR_VA":97737.58,"CONSTR_EXP":1342.82,"COMREV_VA":244883.86,"COMREV_EXP":84937.93,"TRATIE_VA":41234.42,"TRATIE_EXP":14710.08,"TRAGUA_VA":5848.69,"TRAGUA_EXP":11863.94,"TRAAIR_VA":6371.21,"TRAAIR_EXP":12533.4,"ALMSTR_VA":37013.84,"ALMSTR_EXP":6707.02,"POSTME_VA":15746.92,"POSTME_EXP":931.41,"HOTYRE_VA":35540.93,"HOTYRE_EXP":3869.19,"MMTVRA_VA":27567.0,"MMTVRA_EXP":5869.98,"TELECO_VA":37138.65,"TELECO_EXP":2066.37,"ITSERV_VA":40485.52,"ITSERV_EXP":15504.91,"SERFIN_VA":116572.73,"SERFIN_EXP":18031.2,"GOBEST_VA":253073.54,"GOBEST_EXP":7043.91,"SPRSCT_VA":157276.01,"SPRSCT_EXP":27022.59,"SEAEMP_VA":94565.31,"SEAEMP_EXP":7010.01,"ADPDEF_VA":148425.57,"ADPDEF_EXP":0.0,"EDUCAC_VA":105194.81,"EDUCAC_EXP":363.47,"SALUDH_VA":163667.35,"SALUDH_EXP":294.05,"ESPARC_VA":27685.94,"ESPARC_EXP":1097.21,"OTRSER_VA":59508.31,"OTRSER_EXP":335.04,"SERHOG_VA":6459.76,"SERHOG_EXP":0.0}},{"type":"Feature","geometry":{"type":"Point","coordinates":[9.5,56.26]},"properties":{"id":"DNK","name":"Dinamarca","continent":"europe","year":2003,"AGRPFO_VA":3243.62,"AGRPFO_EXP":1431.7,"FORLOG_VA":112.09,"FORLOG_EXP":89.32,"PESCAC_VA":329.59,"PESCAC_EXP":333.79,"MINCOL_VA":0.0,"MINCOL_EXP":0.0,"PETGAS_VA":4257.35,"PETGAS_EXP":2792.99,"MINORE_VA":0.0,"MINORE_EXP":0.0,"MINOTH_VA":157.48,"MINOTH_EXP":70.03,"MINSER_VA":63.04,"MINSER_EXP":36.09,"ALYBEB_VA":4873.85,"ALYBEB_EXP":8162.22,"TEXYPR_VA":681.78,"TEXYPR_EXP":879.79,"MADYPR_VA":835.96,"MADYPR_EXP":595.1,"PAPYPR_VA":1570.6,"PAPYPR_EXP":672.05,"PETREF_VA":81.25,"PETREF_EXP":555.78,"QUIMYP_VA":1443.55,"QUIMYP_EXP":1857.33,"FARMED_VA":3289.45,"FARMED_EXP":3940.85,"HUPLAS_VA":1583.49,"HUPLAS_EXP":1540.88,"PRNOMT_VA":1298.71,"PRNOMT_EXP":498.86,"METBAS_VA":233.19,"METBAS_EXP":681.08,"NONFER_VA":150.76,"NONFER_EXP":330.34,"PRMETA_VA":2595.19,"PRMETA_EXP":1235.88,"ELCTRO_VA":2374.67,"ELCTRO_EXP":3225.11,"ELCTRI_VA":923.97,"ELCTRI_EXP":1713.01,"MAQYEQ_VA":4508.21,"MAQYEQ_EXP":5686.14,"AUTOMO_VA":413.34,"AUTOMO_EXP":470.71,"OTRTRA_VA":296.52,"OTRTRA_EXP":193.08,"TRANSP_VA":126.6,"TRANSP_EXP":153.74,"OTRMAN_VA":2707.67,"OTRMAN_EXP":2446.24,"ELEGAS_VA":3656.29,"ELEGAS_EXP":1009.8,"AGUBAS_VA":1499.14,"AGUBAS_EXP":1.67,"CONSTR_VA":11028.1,"CONSTR_EXP":2.47,"COMREV_VA":23828.62,"COMREV_EXP":9945.49,"TRATIE_VA":4889.69,"TRATIE_EXP":3180.93,"TRAGUA_VA":2777.9,"TRAGUA_EXP":12905.33,"TRAAIR_VA":831.93,"TRAAIR_EXP":1890.25,"ALMSTR_VA":3065.98,"ALMSTR_EXP":1544.79,"POSTME_VA":1421.75,"POSTME_EXP":253.36,"HOTYRE_VA":2830.67,"HOTYRE_EXP":1138.33,"MMTVRA_VA":2688.31,"MMTVRA_EXP":478.54,"TELECO_VA":3321.45,"TELECO_EXP":493.07,"ITSERV_VA":3116.81,"ITSERV_EXP":1360.58,"SERFIN_VA":9380.06,"SERFIN_EXP":1974.99,"GOBEST_VA":18834.12,"GOBEST_EXP":327.8,"SPRSCT_VA":8977.63,"SPRSCT_EXP":1945.0,"SEAEMP_VA":4699.79,"SEAEMP_EXP":1035.92,"ADPDEF_VA":11760.96,"ADPDEF_EXP":43.26,"EDUCAC_VA":11626.48,"EDUCAC_EXP":48.3,"SALUDH_VA":20399.29,"SALUDH_EXP":112.46,"ESPARC_VA":2918.8,"ESPARC_EXP":437.52,"OTRSER_VA":3428.4,"OTRSER_EXP":81.49,"SERHOG_VA":350.13,"SERHOG_EXP":0.0}},{"type":"Feature","geometry":{"type":"Point","coordinates":[30.8,26.82]},"properties":{"id":"EGY","name":"Egipto","continent":"other","year":2003,"AGRPFO_VA":7210.89,"AGRPFO_EXP":626.89,"FORLOG_VA":1.1,"FORLOG_EXP":0.24,"PESCAC_VA":686.61,"PESCAC_EXP":5.04,"MINCOL_VA":74.04,"MINCOL_EXP":32.79,"PETGAS_VA":9138.45,"PETGAS_EXP":2506.47,"MINORE_VA":97.68,"MINORE_EXP":1.45,"MINOTH_VA":458.36,"MINOTH_EXP":229.67,"MINSER_VA":184.14,"MINSER_EXP":17.44,"ALYBEB_VA":2511.16,"ALYBEB_EXP":557.65,"TEXYPR_VA":990.77,"TEXYPR_EXP":522.08,"MADYPR_VA":415.47,"MADYPR_EXP":13.25,"PAPYPR_VA":617.86,"PAPYPR_EXP":98.0,"PETREF_VA":1513.06,"PETREF_EXP":956.02,"QUIMYP_VA":1476.4,"QUIMYP_EXP":593.51,"FARMED_VA":357.8,"FARMED_EXP":52.66,"HUPLAS_VA":190.37,"HUPLAS_EXP":112.44,"PRNOMT_VA":1100.62,"PRNOMT_EXP":202.45,"METBAS_VA":520.23,"METBAS_EXP":406.21,"NONFER_VA":563.85,"NONFER_EXP":341.08,"PRMETA_VA":462.29,"PRMETA_EXP":63.56,"ELCTRO_VA":71.88,"ELCTRO_EXP":32.88,"ELCTRI_VA":338.93,"ELCTRI_EXP":168.16,"MAQYEQ_VA":77.83,"MAQYEQ_EXP":49.76,"AUTOMO_VA":188.6,"AUTOMO_EXP":30.7,"OTRTRA_VA":9.04,"OTRTRA_EXP":0.34,"TRANSP_VA":24.04,"TRANSP_EXP":0.37,"OTRMAN_VA":626.38,"OTRMAN_EXP":143.91,"ELEGAS_VA":648.42,"ELEGAS_EXP":42.51,"AGUBAS_VA":410.61,"AGUBAS_EXP":5.19,"CONSTR_VA":3544.32,"CONSTR_EXP":4.79,"COMREV_VA":6620.28,"COMREV_EXP":747.39,"TRATIE_VA":1830.04,"TRATIE_EXP":1414.71,"TRAGUA_VA":1665.83,"TRAGUA_EXP":1877.94,"TRAAIR_VA":659.15,"TRAAIR_EXP":645.29,"ALMSTR_VA":2064.91,"ALMSTR_EXP":1430.05,"POSTME_VA":77.62,"POSTME_EXP":83.74,"HOTYRE_VA":2159.7,"HOTYRE_EXP":2013.78,"MMTVRA_VA":284.07,"MMTVRA_EXP":124.99,"TELECO_VA":1753.17,"TELECO_EXP":154.18,"ITSERV_VA":208.55,"ITSERV_EXP":61.87,"SERFIN_VA":3360.6,"SERFIN_EXP":202.08,"GOBEST_VA":4989.47,"GOBEST_EXP":264.44,"SPRSCT_VA":1592.21,"SPRSCT_EXP":314.44,"SEAEMP_VA":966.92,"SEAEMP_EXP":333.3,"ADPDEF_VA":2843.98,"ADPDEF_EXP":285.82,"EDUCAC_VA":2870.75,"EDUCAC_EXP":173.42,"SALUDH_VA":1461.32,"SALUDH_EXP":48.84,"ESPARC_VA":696.71,"ESPARC_EXP":80.44,"OTRSER_VA":1150.13,"OTRSER_EXP":67.73,"SERHOG_VA":44.38,"SERHOG_EXP":0.0}},{"type":"Feature","geometry":{"type":"Point","coordinates":[-3.75,40.46]},"properties":{"id":"ESP","name":"España","continent":"europe","year":2003,"AGRPFO_VA":28055.02,"AGRPFO_EXP":8321.9,"FORLOG_VA":1782.93,"FORLOG_EXP":121.41,"PESCAC_VA":1653.7,"PESCAC_EXP":183.7,"MINCOL_VA":879.92,"MINCOL_EXP":6.34,"PETGAS_VA":112.1,"PETGAS_EXP":8.98,"MINORE_VA":55.15,"MINORE_EXP":35.91,"MINOTH_VA":2120.62,"MINOTH_EXP":491.27,"MINSER_VA":63.19,"MINSER_EXP":108.04,"ALYBEB_VA":19673.87,"ALYBEB_EXP":12101.25,"TEXYPR_VA":10154.33,"TEXYPR_EXP":8178.98,"MADYPR_VA":3029.68,"MADYPR_EXP":1009.97,"PAPYPR_VA":7931.64,"PAPYPR_EXP":3133.98,"PETREF_VA":3705.72,"PETREF_EXP":4575.18,"QUIMYP_VA":8530.57,"QUIMYP_EXP":10858.2,"FARMED_VA":5258.81,"FARMED_EXP":3242.7,"HUPLAS_VA":6116.53,"HUPLAS_EXP":4455.26,"PRNOMT_VA":10393.42,"PRNOMT_EXP":3991.96,"METBAS_VA":5001.16,"METBAS_EXP":3997.01,"NONFER_VA":1867.36,"NONFER_EXP":1970.39,"PRMETA_VA":13644.91,"PRMETA_EXP":3765.23,"ELCTRO_VA":2902.82,"ELCTRO_EXP":6333.81,"ELCTRI_VA":5306.73,"ELCTRI_EXP":4674.56,"MAQYEQ_VA":7282.7,"MAQYEQ_EXP":7915.1,"AUTOMO_VA":13611.11,"AUTOMO_EXP":30390.77,"OTRTRA_VA":980.74,"OTRTRA_EXP":419.39,"TRANSP_VA":2695.34,"TRANSP_EXP":3893.65,"OTRMAN_VA":9659.57,"OTRMAN_EXP":3805.98,"ELEGAS_VA":13599.97,"ELEGAS_EXP":724.3,"AGUBAS_VA":7271.81,"AGUBAS_EXP":204.66,"CONSTR_VA":94099.17,"CONSTR_EXP":792.71,"COMREV_VA":98651.99,"COMREV_EXP":24366.68,"TRATIE_VA":23364.55,"TRATIE_EXP":9203.75,"TRAGUA_VA":842.35,"TRAGUA_EXP":926.92,"TRAAIR_VA":2984.34,"TRAAIR_EXP":6604.84,"ALMSTR_VA":11952.45,"ALMSTR_EXP":4168.72,"POSTME_VA":2509.68,"POSTME_EXP":173.8,"HOTYRE_VA":58891.93,"HOTYRE_EXP":9462.4,"MMTVRA_VA":9585.41,"MMTVRA_EXP":2098.1,"TELECO_VA":17974.21,"TELECO_EXP":1768.46,"ITSERV_VA":10787.3,"ITSERV_EXP":3065.93,"SERFIN_VA":37869.88,"SERFIN_EXP":5145.61,"GOBEST_VA":59899.09,"GOBEST_EXP":1809.51,"SPRSCT_VA":30709.51,"SPRSCT_EXP":10020.29,"SEAEMP_VA":25163.22,"SEAEMP_EXP":3204.65,"ADPDEF_VA":47243.4,"ADPDEF_EXP":787.11,"EDUCAC_VA":42227.79,"EDUCAC_EXP":801.17,"SALUDH_VA":42934.64,"SALUDH_EXP":652.03,"ESPARC_VA":13827.34,"ESPARC_EXP":2433.49,"OTRSER_VA":11448.34,"OTRSER_EXP":685.2,"SERHOG_VA":7947.41,"SERHOG_EXP":0.0}},{"type":"Feature","geometry":{"type":"Point","coordinates":[25.01,58.6]},"properties":{"id":"EST","name":"Estonia","continent":"europe","year":2003,"AGRPFO_VA":205.12,"AGRPFO_EXP":27.13,"FORLOG_VA":125.33,"FORLOG_EXP":87.26,"PESCAC_VA":24.65,"PESCAC_EXP":12.46,"MINCOL_VA":5.97,"MINCOL_EXP":0.1,"PETGAS_VA":78.05,"PETGAS_EXP":23.8,"MINORE_VA":0.0,"MINORE_EXP":0.0,"MINOTH_VA":18.85,"MINOTH_EXP":4.38,"MINSER_VA":41.78,"MINSER_EXP":0.18,"ALYBEB_VA":234.81,"ALYBEB_EXP":186.08,"TEXYPR_VA":214.48,"TEXYPR_EXP":298.31,"MADYPR_VA":239.42,"MADYPR_EXP":386.9,"PAPYPR_VA":81.92,"PAPYPR_EXP":45.49,"PETREF_VA":11.69,"PETREF_EXP":6.85,"QUIMYP_VA":69.41,"QUIMYP_EXP":102.84,"FARMED_VA":5.64,"FARMED_EXP":6.01,"HUPLAS_VA":61.12,"HUPLAS_EXP":69.72,"PRNOMT_VA":113.79,"PRNOMT_EXP":57.79,"METBAS_VA":0.11,"METBAS_EXP":0.89,"NONFER_VA":2.29,"NONFER_EXP":16.27,"PRMETA_VA":136.17,"PRMETA_EXP":159.33,"ELCTRO_VA":48.61,"ELCTRO_EXP":73.47,"ELCTRI_VA":32.32,"ELCTRI_EXP":68.44,"MAQYEQ_VA":50.96,"MAQYEQ_EXP":85.67,"AUTOMO_VA":38.81,"AUTOMO_EXP":51.93,"OTRTRA_VA":4.76,"OTRTRA_EXP":8.61,"TRANSP_VA":0.27,"TRANSP_EXP":0.16,"OTRMAN_VA":261.07,"OTRMAN_EXP":270.76,"ELEGAS_VA":281.6,"ELEGAS_EXP":40.74,"AGUBAS_VA":81.36,"AGUBAS_EXP":4.27,"CONSTR_VA":611.28,"CONSTR_EXP":12.19,"COMREV_VA":1279.17,"COMREV_EXP":439.22,"TRATIE_VA":447.99,"TRATIE_EXP":285.09,"TRAGUA_VA":79.8,"TRAGUA_EXP":214.03,"TRAAIR_VA":19.92,"TRAAIR_EXP":74.32,"ALMSTR_VA":343.22,"ALMSTR_EXP":719.44,"POSTME_VA":38.01,"POSTME_EXP":35.47,"HOTYRE_VA":146.34,"HOTYRE_EXP":200.95,"MMTVRA_VA":103.21,"MMTVRA_EXP":24.25,"TELECO_VA":270.59,"TELECO_EXP":66.3,"ITSERV_VA":71.46,"ITSERV_EXP":46.63,"SERFIN_VA":338.22,"SERFIN_EXP":86.2,"GOBEST_VA":885.15,"GOBEST_EXP":40.79,"SPRSCT_VA":341.47,"SPRSCT_EXP":128.66,"SEAEMP_VA":233.03,"SEAEMP_EXP":83.74,"ADPDEF_VA":532.21,"ADPDEF_EXP":9.87,"EDUCAC_VA":433.21,"EDUCAC_EXP":15.75,"SALUDH_VA":268.07,"SALUDH_EXP":11.01,"ESPARC_VA":151.54,"ESPARC_EXP":31.51,"OTRSER_VA":100.8,"OTRSER_EXP":11.8,"SERHOG_VA":3.72,"SERHOG_EXP":0.0}},{"type":"Feature","geometry":{"type":"Point","coordinates":[25.75,61.92]},"properties":{"id":"FIN","name":"Finlandia","continent":"europe","year":2003,"AGRPFO_VA":2006.03,"AGRPFO_EXP":355.75,"FORLOG_VA":2414.7,"FORLOG_EXP":42.9,"PESCAC_VA":85.12,"PESCAC_EXP":5.38,"MINCOL_VA":160.33,"MINCOL_EXP":14.84,"PETGAS_VA":0.0,"PETGAS_EXP":0.0,"MINORE_VA":48.34,"MINORE_EXP":92.33,"MINOTH_VA":412.51,"MINOTH_EXP":109.95,"MINSER_VA":1.23,"MINSER_EXP":0.42,"ALYBEB_VA":2681.03,"ALYBEB_EXP":940.49,"TEXYPR_VA":675.48,"TEXYPR_EXP":756.45,"MADYPR_VA":1706.69,"MADYPR_EXP":2578.33,"PAPYPR_VA":6042.57,"PAPYPR_EXP":9708.84,"PETREF_VA":1224.16,"PETREF_EXP":1679.2,"QUIMYP_VA":1715.92,"QUIMYP_EXP":2314.08,"FARMED_VA":611.66,"FARMED_EXP":361.1,"HUPLAS_VA":1165.54,"HUPLAS_EXP":1046.68,"PRNOMT_VA":1161.89,"PRNOMT_EXP":590.7,"METBAS_VA":1225.23,"METBAS_EXP":2501.38,"NONFER_VA":382.21,"NONFER_EXP":1081.0,"PRMETA_VA":2524.14,"PRMETA_EXP":1074.07,"ELCTRO_VA":10236.51,"ELCTRO_EXP":11854.62,"ELCTRI_VA":1116.73,"ELCTRI_EXP":1867.11,"MAQYEQ_VA":3470.42,"MAQYEQ_EXP":5056.54,"AUTOMO_VA":483.17,"AUTOMO_EXP":601.35,"OTRTRA_VA":601.5,"OTRTRA_EXP":1445.56,"TRANSP_VA":201.62,"TRANSP_EXP":354.35,"OTRMAN_VA":2418.35,"OTRMAN_EXP":594.9,"ELEGAS_VA":3090.81,"ELEGAS_EXP":218.62,"AGUBAS_VA":1002.25,"AGUBAS_EXP":14.04,"CONSTR_VA":9132.6,"CONSTR_EXP":1.31,"COMREV_VA":14960.26,"COMREV_EXP":6821.01,"TRATIE_VA":4909.72,"TRATIE_EXP":721.22,"TRAGUA_VA":1014.64,"TRAGUA_EXP":1236.65,"TRAAIR_VA":737.07,"TRAAIR_EXP":542.88,"ALMSTR_VA":2060.47,"ALMSTR_EXP":418.79,"POSTME_VA":1019.8,"POSTME_EXP":121.71,"HOTYRE_VA":2282.18,"HOTYRE_EXP":456.11,"MMTVRA_VA":1910.91,"MMTVRA_EXP":398.37,"TELECO_VA":3580.6,"TELECO_EXP":78.87,"ITSERV_VA":2904.73,"ITSERV_EXP":324.81,"SERFIN_VA":4134.8,"SERFIN_EXP":141.53,"GOBEST_VA":15629.72,"GOBEST_EXP":128.09,"SPRSCT_VA":6117.22,"SPRSCT_EXP":1990.24,"SEAEMP_VA":3262.2,"SEAEMP_EXP":282.98,"ADPDEF_VA":9282.15,"ADPDEF_EXP":46.05,"EDUCAC_VA":8046.59,"EDUCAC_EXP":43.22,"SALUDH_VA":12111.89,"SALUDH_EXP":35.62,"ESPARC_VA":1758.55,"ESPARC_EXP":82.28,"OTRSER_VA":2225.96,"OTRSER_EXP":40.08,"SERHOG_VA":88.19,"SERHOG_EXP":0.0}},{"type":"Feature","geometry":{"type":"Point","coordinates":[2.21,46.23]},"properties":{"id":"FRA","name":"Francia","continent":"europe","year":2003,"AGRPFO_VA":30457.4,"AGRPFO_EXP":8940.73,"FORLOG_VA":2094.05,"FORLOG_EXP":188.66,"PESCAC_VA":1621.46,"PESCAC_EXP":432.01,"MINCOL_VA":25.46,"MINCOL_EXP":2.25,"PETGAS_VA":174.11,"PETGAS_EXP":58.63,"MINORE_VA":15.47,"MINORE_EXP":7.54,"MINOTH_VA":2200.61,"MINOTH_EXP":440.46,"MINSER_VA":22.89,"MINSER_EXP":49.48,"ALYBEB_VA":39599.0,"ALYBEB_EXP":22963.72,"TEXYPR_VA":10071.71,"TEXYPR_EXP":11528.14,"MADYPR_VA":4530.1,"MADYPR_EXP":1545.51,"PAPYPR_VA":13112.98,"PAPYPR_EXP":5703.46,"PETREF_VA":2350.47,"PETREF_EXP":7085.48,"QUIMYP_VA":13090.97,"QUIMYP_EXP":28237.78,"FARMED_VA":13966.9,"FARMED_EXP":11970.47,"HUPLAS_VA":15274.36,"HUPLAS_EXP":8184.51,"PRNOMT_VA":9992.12,"PRNOMT_EXP":3934.32,"METBAS_VA":3945.52,"METBAS_EXP":10464.11,"NONFER_VA":3658.88,"NONFER_EXP":4728.62,"PRMETA_VA":23090.87,"PRMETA_EXP":5416.06,"ELCTRO_VA":14190.95,"ELCTRO_EXP":24472.4,"ELCTRI_VA":9782.71,"ELCTRI_EXP":10967.99,"MAQYEQ_VA":16203.72,"MAQYEQ_EXP":24338.91,"AUTOMO_VA":21076.6,"AUTOMO_EXP":47055.02,"OTRTRA_VA":1505.97,"OTRTRA_EXP":2477.84,"TRANSP_VA":9209.29,"TRANSP_EXP":17796.12,"OTRMAN_VA":30116.74,"OTRMAN_EXP":5754.66,"ELEGAS_VA":31304.26,"ELEGAS_EXP":3022.04,"AGUBAS_VA":11649.26,"AGUBAS_EXP":903.57,"CONSTR_VA":88945.82,"CONSTR_EXP":34.8,"COMREV_VA":200326.81,"COMREV_EXP":64143.99,"TRATIE_VA":34705.26,"TRATIE_EXP":14102.92,"TRAGUA_VA":1330.82,"TRAGUA_EXP":5783.54,"TRAAIR_VA":3493.33,"TRAAIR_EXP":10575.76,"ALMSTR_VA":27602.85,"ALMSTR_EXP":4779.49,"POSTME_VA":9515.48,"POSTME_EXP":591.29,"HOTYRE_VA":35235.03,"HOTYRE_EXP":16111.14,"MMTVRA_VA":22186.9,"MMTVRA_EXP":3901.89,"TELECO_VA":32512.44,"TELECO_EXP":2748.13,"ITSERV_VA":40804.25,"ITSERV_EXP":1577.21,"SERFIN_VA":61327.64,"SERFIN_EXP":6350.55,"GOBEST_VA":206561.65,"GOBEST_EXP":2648.1,"SPRSCT_VA":120796.71,"SPRSCT_EXP":19966.59,"SEAEMP_VA":91774.54,"SEAEMP_EXP":16755.3,"ADPDEF_VA":135226.56,"ADPDEF_EXP":1285.08,"EDUCAC_VA":91736.51,"EDUCAC_EXP":1217.7,"SALUDH_VA":127571.97,"SALUDH_EXP":1346.2,"ESPARC_VA":20914.57,"ESPARC_EXP":2187.36,"OTRSER_VA":26244.8,"OTRSER_EXP":793.15,"SERHOG_VA":4849.76,"SERHOG_EXP":0.0}},{"type":"Feature","geometry":{"type":"Point","coordinates":[-3.44,55.38]},"properties":{"id":"GBR","name":"Reino Unido","continent":"europe","year":2003,"AGRPFO_VA":16944.52,"AGRPFO_EXP":1929.02,"FORLOG_VA":412.96,"FORLOG_EXP":50.08,"PESCAC_VA":673.25,"PESCAC_EXP":457.59,"MINCOL_VA":588.77,"MINCOL_EXP":51.98,"PETGAS_VA":26145.83,"PETGAS_EXP":16385.85,"MINORE_VA":0.0,"MINORE_EXP":0.0,"MINOTH_VA":2513.92,"MINOTH_EXP":3089.19,"MINSER_VA":1767.33,"MINSER_EXP":512.3,"ALYBEB_VA":38471.93,"ALYBEB_EXP":14159.65,"TEXYPR_VA":8947.72,"TEXYPR_EXP":6308.26,"MADYPR_VA":3545.02,"MADYPR_EXP":847.37,"PAPYPR_VA":14346.11,"PAPYPR_EXP":3615.97,"PETREF_VA":1982.07,"PETREF_EXP":6297.48,"QUIMYP_VA":16117.91,"QUIMYP_EXP":22118.09,"FARMED_VA":16254.13,"FARMED_EXP":10871.43,"HUPLAS_VA":13025.49,"HUPLAS_EXP":5863.02,"PRNOMT_VA":9093.42,"PRNOMT_EXP":2573.61,"METBAS_VA":3625.83,"METBAS_EXP":3715.94,"NONFER_VA":4867.13,"NONFER_EXP":4366.07,"PRMETA_VA":21210.12,"PRMETA_EXP":6565.77,"ELCTRO_VA":14802.46,"ELCTRO_EXP":18710.6,"ELCTRI_VA":8202.3,"ELCTRI_EXP":8439.48,"MAQYEQ_VA":19625.51,"MAQYEQ_EXP":19590.44,"AUTOMO_VA":14300.1,"AUTOMO_EXP":21224.33,"OTRTRA_VA":1646.1,"OTRTRA_EXP":646.86,"TRANSP_VA":12786.47,"TRANSP_EXP":15124.81,"OTRMAN_VA":22267.9,"OTRMAN_EXP":8994.35,"ELEGAS_VA":20785.14,"ELEGAS_EXP":450.35,"AGUBAS_VA":24782.29,"AGUBAS_EXP":156.8,"CONSTR_VA":119419.42,"CONSTR_EXP":296.28,"COMREV_VA":221938.4,"COMREV_EXP":51504.25,"TRATIE_VA":36905.36,"TRATIE_EXP":5984.27,"TRAGUA_VA":6430.92,"TRAGUA_EXP":8173.94,"TRAAIR_VA":7362.09,"TRAAIR_EXP":9087.3,"ALMSTR_VA":22183.07,"ALMSTR_EXP":3586.1,"POSTME_VA":14717.37,"POSTME_EXP":748.75,"HOTYRE_VA":51477.1,"HOTYRE_EXP":5359.74,"MMTVRA_VA":33951.76,"MMTVRA_EXP":12010.39,"TELECO_VA":38873.1,"TELECO_EXP":3432.7,"ITSERV_VA":45948.57,"ITSERV_EXP":11648.99,"SERFIN_VA":132021.1,"SERFIN_EXP":55813.47,"GOBEST_VA":249463.14,"GOBEST_EXP":1401.2,"SPRSCT_VA":119764.17,"SPRSCT_EXP":33448.08,"SEAEMP_VA":77317.27,"SEAEMP_EXP":18057.66,"ADPDEF_VA":101206.53,"ADPDEF_EXP":87.29,"EDUCAC_VA":103679.79,"EDUCAC_EXP":6966.81,"SALUDH_VA":122925.55,"SALUDH_EXP":268.56,"ESPARC_VA":26430.96,"ESPARC_EXP":4188.03,"OTRSER_VA":27918.39,"OTRSER_EXP":533.71,"SERHOG_VA":2398.08,"SERHOG_EXP":0.0}},{"type":"Feature","geometry":{"type":"Point","coordinates":[21.82,39.07]},"properties":{"id":"GRC","name":"Grecia","continent":"europe","year":2003,"AGRPFO_VA":10045.0,"AGRPFO_EXP":1284.69,"FORLOG_VA":59.38,"FORLOG_EXP":3.95,"PESCAC_VA":695.91,"PESCAC_EXP":230.33,"MINCOL_VA":46.8,"MINCOL_EXP":2.62,"PETGAS_VA":5.9,"PETGAS_EXP":0.26,"MINORE_VA":77.7,"MINORE_EXP":25.71,"MINOTH_VA":734.63,"MINOTH_EXP":113.3,"MINSER_VA":17.86,"MINSER_EXP":6.1,"ALYBEB_VA":4991.99,"ALYBEB_EXP":1767.1,"TEXYPR_VA":1693.35,"TEXYPR_EXP":1738.12,"MADYPR_VA":722.14,"MADYPR_EXP":77.64,"PAPYPR_VA":1772.53,"PAPYPR_EXP":193.62,"PETREF_VA":665.67,"PETREF_EXP":1172.0,"QUIMYP_VA":874.54,"QUIMYP_EXP":740.18,"FARMED_VA":1380.08,"FARMED_EXP":405.57,"HUPLAS_VA":563.8,"HUPLAS_EXP":296.93,"PRNOMT_VA":2114.52,"PRNOMT_EXP":311.56,"METBAS_VA":768.5,"METBAS_EXP":464.54,"NONFER_VA":558.78,"NONFER_EXP":678.53,"PRMETA_VA":1377.38,"PRMETA_EXP":326.59,"ELCTRO_VA":405.61,"ELCTRO_EXP":440.25,"ELCTRI_VA":414.76,"ELCTRI_EXP":269.03,"MAQYEQ_VA":514.0,"MAQYEQ_EXP":481.68,"AUTOMO_VA":158.91,"AUTOMO_EXP":98.3,"OTRTRA_VA":236.57,"OTRTRA_EXP":118.42,"TRANSP_VA":117.29,"TRANSP_EXP":152.03,"OTRMAN_VA":1402.85,"OTRMAN_EXP":292.69,"ELEGAS_VA":3139.46,"ELEGAS_EXP":19.07,"AGUBAS_VA":2200.69,"AGUBAS_EXP":1.3,"CONSTR_VA":16776.41,"CONSTR_EXP":9.42,"COMREV_VA":26563.11,"COMREV_EXP":4236.55,"TRATIE_VA":3269.86,"TRATIE_EXP":1014.53,"TRAGUA_VA":5428.27,"TRAGUA_EXP":8418.86,"TRAAIR_VA":579.95,"TRAAIR_EXP":864.94,"ALMSTR_VA":1489.43,"ALMSTR_EXP":389.68,"POSTME_VA":608.9,"POSTME_EXP":30.03,"HOTYRE_VA":9222.52,"HOTYRE_EXP":4265.6,"MMTVRA_VA":1284.37,"MMTVRA_EXP":170.43,"TELECO_VA":3413.79,"TELECO_EXP":412.18,"ITSERV_VA":534.39,"ITSERV_EXP":107.82,"SERFIN_VA":8022.69,"SERFIN_EXP":370.76,"GOBEST_VA":23344.18,"GOBEST_EXP":532.57,"SPRSCT_VA":8619.47,"SPRSCT_EXP":644.21,"SEAEMP_VA":3355.54,"SEAEMP_EXP":713.35,"ADPDEF_VA":15292.06,"ADPDEF_EXP":18.22,"EDUCAC_VA":8808.37,"EDUCAC_EXP":188.14,"SALUDH_VA":7195.78,"SALUDH_EXP":155.73,"ESPARC_VA":2544.0,"ESPARC_EXP":373.15,"OTRSER_VA":1841.97,"OTRSER_EXP":163.15,"SERHOG_VA":1137.82,"SERHOG_EXP":0.0}},{"type":"Feature","geometry":{"type":"Point","coordinates":[114.11,22.4]},"properties":{"id":"HKG","name":"Hong Kong","continent":"asia","year":2003,"AGRPFO_VA":84.28,"AGRPFO_EXP":18.56,"FORLOG_VA":9.97,"FORLOG_EXP":3.62,"PESCAC_VA":16.39,"PESCAC_EXP":5.71,"MINCOL_VA":0.0,"MINCOL_EXP":0.0,"PETGAS_VA":0.0,"PETGAS_EXP":0.0,"MINORE_VA":0.0,"MINORE_EXP":0.0,"MINOTH_VA":0.0,"MINOTH_EXP":0.0,"MINSER_VA":16.5,"MINSER_EXP":15.84,"ALYBEB_VA":2672.88,"ALYBEB_EXP":3570.26,"TEXYPR_VA":1166.8,"TEXYPR_EXP":554.42,"MADYPR_VA":349.46,"MADYPR_EXP":321.79,"PAPYPR_VA":201.67,"PAPYPR_EXP":341.19,"PETREF_VA":58.7,"PETREF_EXP":9.34,"QUIMYP_VA":241.33,"QUIMYP_EXP":477.45,"FARMED_VA":191.8,"FARMED_EXP":162.26,"HUPLAS_VA":41.43,"HUPLAS_EXP":0.28,"PRNOMT_VA":54.15,"PRNOMT_EXP":54.25,"METBAS_VA":33.51,"METBAS_EXP":150.34,"NONFER_VA":122.63,"NONFER_EXP":153.53,"PRMETA_VA":100.92,"PRMETA_EXP":395.15,"ELCTRO_VA":650.3,"ELCTRO_EXP":1769.67,"ELCTRI_VA":330.22,"ELCTRI_EXP":543.63,"MAQYEQ_VA":86.43,"MAQYEQ_EXP":570.71,"AUTOMO_VA":70.41,"AUTOMO_EXP":287.83,"OTRTRA_VA":16.31,"OTRTRA_EXP":116.55,"TRANSP_VA":28.65,"TRANSP_EXP":233.15,"OTRMAN_VA":313.39,"OTRMAN_EXP":88.92,"ELEGAS_VA":4526.99,"ELEGAS_EXP":208.69,"AGUBAS_VA":1780.09,"AGUBAS_EXP":53.71,"CONSTR_VA":5616.65,"CONSTR_EXP":121.17,"COMREV_VA":36677.66,"COMREV_EXP":12355.62,"TRATIE_VA":4168.6,"TRATIE_EXP":1261.78,"TRAGUA_VA":3308.76,"TRAGUA_EXP":3049.02,"TRAAIR_VA":3584.81,"TRAAIR_EXP":5936.74,"ALMSTR_VA":195.71,"ALMSTR_EXP":86.67,"POSTME_VA":595.9,"POSTME_EXP":59.89,"HOTYRE_VA":3407.58,"HOTYRE_EXP":2733.51,"MMTVRA_VA":464.68,"MMTVRA_EXP":386.59,"TELECO_VA":5852.7,"TELECO_EXP":879.36,"ITSERV_VA":1396.05,"ITSERV_EXP":508.96,"SERFIN_VA":20214.5,"SERFIN_EXP":15449.47,"GOBEST_VA":22524.11,"GOBEST_EXP":437.31,"SPRSCT_VA":3127.82,"SPRSCT_EXP":823.69,"SEAEMP_VA":2188.96,"SEAEMP_EXP":386.15,"ADPDEF_VA":9104.57,"ADPDEF_EXP":50.32,"EDUCAC_VA":12159.33,"EDUCAC_EXP":623.84,"SALUDH_VA":6685.7,"SALUDH_EXP":125.46,"ESPARC_VA":1002.69,"ESPARC_EXP":1466.07,"OTRSER_VA":2655.59,"OTRSER_EXP":145.89,"SERHOG_VA":2140.48,"SERHOG_EXP":0.0}},{"type":"Feature","geometry":{"type":"Point","coordinates":[15.2,45.1]},"properties":{"id":"HRV","name":"Croacia","continent":"europe","year":2003,"AGRPFO_VA":1212.47,"AGRPFO_EXP":281.84,"FORLOG_VA":160.6,"FORLOG_EXP":17.8,"PESCAC_VA":77.45,"PESCAC_EXP":29.64,"MINCOL_VA":1.23,"MINCOL_EXP":0.16,"PETGAS_VA":98.02,"PETGAS_EXP":44.56,"MINORE_VA":1.22,"MINORE_EXP":0.2,"MINOTH_VA":78.26,"MINOTH_EXP":15.12,"MINSER_VA":81.86,"MINSER_EXP":49.18,"ALYBEB_VA":1226.64,"ALYBEB_EXP":803.12,"TEXYPR_VA":443.06,"TEXYPR_EXP":294.59,"MADYPR_VA":182.33,"MADYPR_EXP":96.81,"PAPYPR_VA":273.72,"PAPYPR_EXP":67.67,"PETREF_VA":619.46,"PETREF_EXP":468.16,"QUIMYP_VA":186.76,"QUIMYP_EXP":118.39,"FARMED_VA":329.31,"FARMED_EXP":63.2,"HUPLAS_VA":156.98,"HUPLAS_EXP":26.09,"PRNOMT_VA":416.05,"PRNOMT_EXP":107.78,"METBAS_VA":48.8,"METBAS_EXP":39.57,"NONFER_VA":25.9,"NONFER_EXP":71.51,"PRMETA_VA":440.14,"PRMETA_EXP":102.11,"ELCTRO_VA":223.7,"ELCTRO_EXP":113.05,"ELCTRI_VA":229.18,"ELCTRI_EXP":125.14,"MAQYEQ_VA":234.27,"MAQYEQ_EXP":119.83,"AUTOMO_VA":64.07,"AUTOMO_EXP":67.39,"OTRTRA_VA":142.34,"OTRTRA_EXP":288.57,"TRANSP_VA":42.2,"TRANSP_EXP":33.75,"OTRMAN_VA":270.45,"OTRMAN_EXP":252.33,"ELEGAS_VA":612.28,"ELEGAS_EXP":22.14,"AGUBAS_VA":373.77,"AGUBAS_EXP":25.5,"CONSTR_VA":2062.13,"CONSTR_EXP":102.32,"COMREV_VA":4246.57,"COMREV_EXP":928.37,"TRATIE_VA":817.98,"TRATIE_EXP":921.24,"TRAGUA_VA":155.92,"TRAGUA_EXP":164.3,"TRAAIR_VA":89.5,"TRAAIR_EXP":244.79,"ALMSTR_VA":543.79,"ALMSTR_EXP":187.05,"POSTME_VA":134.8,"POSTME_EXP":10.08,"HOTYRE_VA":1271.38,"HOTYRE_EXP":1348.62,"MMTVRA_VA":366.54,"MMTVRA_EXP":104.65,"TELECO_VA":946.1,"TELECO_EXP":354.4,"ITSERV_VA":188.76,"ITSERV_EXP":30.3,"SERFIN_VA":1602.58,"SERFIN_EXP":285.8,"GOBEST_VA":2550.07,"GOBEST_EXP":184.98,"SPRSCT_VA":1370.13,"SPRSCT_EXP":589.57,"SEAEMP_VA":399.91,"SEAEMP_EXP":166.3,"ADPDEF_VA":2340.51,"ADPDEF_EXP":25.87,"EDUCAC_VA":1313.72,"EDUCAC_EXP":100.87,"SALUDH_VA":1304.83,"SALUDH_EXP":85.14,"ESPARC_VA":342.73,"ESPARC_EXP":417.2,"OTRSER_VA":430.28,"OTRSER_EXP":96.62,"SERHOG_VA":61.12,"SERHOG_EXP":0.0}},{"type":"Feature","geometry":{"type":"Point","coordinates":[19.5,47.16]},"properties":{"id":"HUN","name":"Hungría","continent":"europe","year":2003,"AGRPFO_VA":3260.64,"AGRPFO_EXP":1073.3,"FORLOG_VA":195.98,"FORLOG_EXP":86.11,"PESCAC_VA":14.44,"PESCAC_EXP":6.67,"MINCOL_VA":13.62,"MINCOL_EXP":2.09,"PETGAS_VA":13.16,"PETGAS_EXP":7.69,"MINORE_VA":15.27,"MINORE_EXP":1.38,"MINOTH_VA":116.2,"MINOTH_EXP":19.55,"MINSER_VA":20.33,"MINSER_EXP":18.14,"ALYBEB_VA":2319.91,"ALYBEB_EXP":1769.2,"TEXYPR_VA":828.9,"TEXYPR_EXP":1426.89,"MADYPR_VA":317.06,"MADYPR_EXP":332.14,"PAPYPR_VA":655.43,"PAPYPR_EXP":500.13,"PETREF_VA":1223.55,"PETREF_EXP":641.24,"QUIMYP_VA":646.97,"QUIMYP_EXP":1253.7,"FARMED_VA":1059.63,"FARMED_EXP":566.62,"HUPLAS_VA":748.5,"HUPLAS_EXP":1110.19,"PRNOMT_VA":780.78,"PRNOMT_EXP":455.36,"METBAS_VA":303.96,"METBAS_EXP":470.56,"NONFER_VA":311.38,"NONFER_EXP":624.11,"PRMETA_VA":1044.63,"PRMETA_EXP":1079.61,"ELCTRO_VA":1807.01,"ELCTRO_EXP":9580.98,"ELCTRI_VA":1400.65,"ELCTRI_EXP":3315.95,"MAQYEQ_VA":814.62,"MAQYEQ_EXP":1996.13,"AUTOMO_VA":2545.47,"AUTOMO_EXP":5858.11,"OTRTRA_VA":1.67,"OTRTRA_EXP":5.49,"TRANSP_VA":107.81,"TRANSP_EXP":76.68,"OTRMAN_VA":757.55,"OTRMAN_EXP":686.65,"ELEGAS_VA":2146.65,"ELEGAS_EXP":69.8,"AGUBAS_VA":765.09,"AGUBAS_EXP":15.36,"CONSTR_VA":4193.51,"CONSTR_EXP":153.08,"COMREV_VA":7627.26,"COMREV_EXP":4131.92,"TRATIE_VA":2812.94,"TRATIE_EXP":1099.05,"TRAGUA_VA":82.93,"TRAGUA_EXP":36.42,"TRAAIR_VA":107.45,"TRAAIR_EXP":369.71,"ALMSTR_VA":730.35,"ALMSTR_EXP":533.36,"POSTME_VA":493.4,"POSTME_EXP":43.76,"HOTYRE_VA":1602.55,"HOTYRE_EXP":1167.35,"MMTVRA_VA":940.6,"MMTVRA_EXP":327.96,"TELECO_VA":2100.39,"TELECO_EXP":347.82,"ITSERV_VA":933.41,"ITSERV_EXP":312.22,"SERFIN_VA":2787.69,"SERFIN_EXP":324.98,"GOBEST_VA":6047.63,"GOBEST_EXP":303.54,"SPRSCT_VA":3794.26,"SPRSCT_EXP":1917.87,"SEAEMP_VA":2242.22,"SEAEMP_EXP":414.66,"ADPDEF_VA":6616.9,"ADPDEF_EXP":36.6,"EDUCAC_VA":4218.03,"EDUCAC_EXP":82.69,"SALUDH_VA":3532.13,"SALUDH_EXP":64.11,"ESPARC_VA":967.38,"ESPARC_EXP":127.91,"OTRSER_VA":1277.38,"OTRSER_EXP":83.67,"SERHOG_VA":15.05,"SERHOG_EXP":0.0}},{"type":"Feature","geometry":{"type":"Point","coordinates":[113.92,-0.79]},"properties":{"id":"IDN","name":"Indonesia","continent":"asia","year":2003,"AGRPFO_VA":26424.02,"AGRPFO_EXP":1581.7,"FORLOG_VA":2034.14,"FORLOG_EXP":23.71,"PESCAC_VA":5026.49,"PESCAC_EXP":240.86,"MINCOL_VA":5643.35,"MINCOL_EXP":2407.58,"PETGAS_VA":11817.06,"PETGAS_EXP":11311.9,"MINORE_VA":3836.29,"MINORE_EXP":3248.16,"MINOTH_VA":2772.77,"MINOTH_EXP":141.51,"MINSER_VA":1175.47,"MINSER_EXP":24.53,"ALYBEB_VA":14265.79,"ALYBEB_EXP":5335.75,"TEXYPR_VA":4095.9,"TEXYPR_EXP":7703.06,"MADYPR_VA":1863.55,"MADYPR_EXP":2539.99,"PAPYPR_VA":2338.38,"PAPYPR_EXP":2304.36,"PETREF_VA":7817.19,"PETREF_EXP":1691.59,"QUIMYP_VA":3171.05,"QUIMYP_EXP":2843.21,"FARMED_VA":700.62,"FARMED_EXP":148.53,"HUPLAS_VA":2307.96,"HUPLAS_EXP":2121.36,"PRNOMT_VA":1726.64,"PRNOMT_EXP":664.67,"METBAS_VA":950.19,"METBAS_EXP":463.52,"NONFER_VA":887.71,"NONFER_EXP":868.71,"PRMETA_VA":4534.57,"PRMETA_EXP":931.57,"ELCTRO_VA":1605.2,"ELCTRO_EXP":4386.51,"ELCTRI_VA":1215.63,"ELCTRI_EXP":1744.28,"MAQYEQ_VA":874.78,"MAQYEQ_EXP":2030.79,"AUTOMO_VA":4537.12,"AUTOMO_EXP":476.75,"OTRTRA_VA":183.84,"OTRTRA_EXP":313.27,"TRANSP_VA":186.49,"TRANSP_EXP":425.18,"OTRMAN_VA":1228.21,"OTRMAN_EXP":1546.95,"ELEGAS_VA":2564.62,"ELEGAS_EXP":3.44,"AGUBAS_VA":189.04,"AGUBAS_EXP":0.14,"CONSTR_VA":22628.46,"CONSTR_EXP":205.95,"COMREV_VA":42446.05,"COMREV_EXP":7166.37,"TRATIE_VA":4895.93,"TRATIE_EXP":1009.1,"TRAGUA_VA":1058.99,"TRAGUA_EXP":1098.38,"TRAAIR_VA":1360.06,"TRAAIR_EXP":614.62,"ALMSTR_VA":1151.56,"ALMSTR_EXP":197.47,"POSTME_VA":243.12,"POSTME_EXP":131.7,"HOTYRE_VA":7155.45,"HOTYRE_EXP":1585.75,"MMTVRA_VA":1725.27,"MMTVRA_EXP":230.86,"TELECO_VA":6577.93,"TELECO_EXP":322.66,"ITSERV_VA":679.08,"ITSERV_EXP":48.92,"SERFIN_VA":8406.91,"SERFIN_EXP":316.02,"GOBEST_VA":6013.06,"GOBEST_EXP":206.21,"SPRSCT_VA":1660.22,"SPRSCT_EXP":655.1,"SEAEMP_VA":1476.49,"SEAEMP_EXP":756.91,"ADPDEF_VA":9154.13,"ADPDEF_EXP":0.13,"EDUCAC_VA":7090.55,"EDUCAC_EXP":75.27,"SALUDH_VA":1795.13,"SALUDH_EXP":60.78,"ESPARC_VA":792.25,"ESPARC_EXP":160.9,"OTRSER_VA":3639.69,"OTRSER_EXP":70.95,"SERHOG_VA":837.9,"SERHOG_EXP":0.0}},{"type":"Feature","geometry":{"type":"Point","coordinates":[78.96,20.59]},"properties":{"id":"IND","name":"India","continent":"asia","year":2003,"AGRPFO_VA":92780.95,"AGRPFO_EXP":1221.32,"FORLOG_VA":14115.35,"FORLOG_EXP":930.8,"PESCAC_VA":5453.81,"PESCAC_EXP":53.82,"MINCOL_VA":3421.37,"MINCOL_EXP":73.74,"PETGAS_VA":6993.9,"PETGAS_EXP":24.94,"MINORE_VA":1275.94,"MINORE_EXP":992.53,"MINOTH_VA":200.29,"MINOTH_EXP":254.21,"MINSER_VA":2812.17,"MINSER_EXP":32.49,"ALYBEB_VA":12225.13,"ALYBEB_EXP":4425.03,"TEXYPR_VA":10359.43,"TEXYPR_EXP":7724.28,"MADYPR_VA":1720.95,"MADYPR_EXP":381.73,"PAPYPR_VA":2670.58,"PAPYPR_EXP":208.17,"PETREF_VA":9633.99,"PETREF_EXP":7142.15,"QUIMYP_VA":7235.73,"QUIMYP_EXP":3197.83,"FARMED_VA":5053.73,"FARMED_EXP":1718.65,"HUPLAS_VA":5100.12,"HUPLAS_EXP":1211.51,"PRNOMT_VA":6013.66,"PRNOMT_EXP":407.48,"METBAS_VA":10445.86,"METBAS_EXP":3162.85,"NONFER_VA":5828.87,"NONFER_EXP":1061.46,"PRMETA_VA":5706.64,"PRMETA_EXP":1214.76,"ELCTRO_VA":1564.16,"ELCTRO_EXP":809.76,"ELCTRI_VA":2669.25,"ELCTRI_EXP":1671.75,"MAQYEQ_VA":5463.42,"MAQYEQ_EXP":2714.04,"AUTOMO_VA":5148.99,"AUTOMO_EXP":1689.75,"OTRTRA_VA":359.75,"OTRTRA_EXP":122.07,"TRANSP_VA":1516.18,"TRANSP_EXP":970.69,"OTRMAN_VA":3224.59,"OTRMAN_EXP":6028.31,"ELEGAS_VA":13384.59,"ELEGAS_EXP":84.53,"AGUBAS_VA":1921.07,"AGUBAS_EXP":0.91,"CONSTR_VA":46848.78,"CONSTR_EXP":201.12,"COMREV_VA":47531.37,"COMREV_EXP":5951.3,"TRATIE_VA":25958.98,"TRATIE_EXP":2691.54,"TRAGUA_VA":546.17,"TRAGUA_EXP":232.87,"TRAAIR_VA":476.57,"TRAAIR_EXP":725.95,"ALMSTR_VA":4640.18,"ALMSTR_EXP":1340.54,"POSTME_VA":2408.05,"POSTME_EXP":32.32,"HOTYRE_VA":5277.31,"HOTYRE_EXP":1381.92,"MMTVRA_VA":2676.93,"MMTVRA_EXP":1121.52,"TELECO_VA":5899.67,"TELECO_EXP":277.91,"ITSERV_VA":14088.16,"ITSERV_EXP":9363.28,"SERFIN_VA":29596.93,"SERFIN_EXP":1007.78,"GOBEST_VA":37912.65,"GOBEST_EXP":549.71,"SPRSCT_VA":1443.03,"SPRSCT_EXP":1695.78,"SEAEMP_VA":11032.28,"SEAEMP_EXP":4598.05,"ADPDEF_VA":32701.26,"ADPDEF_EXP":85.29,"EDUCAC_VA":15967.73,"EDUCAC_EXP":72.91,"SALUDH_VA":7600.3,"SALUDH_EXP":59.66,"ESPARC_VA":1113.61,"ESPARC_EXP":146.96,"OTRSER_VA":5684.33,"OTRSER_EXP":66.14,"SERHOG_VA":958.11,"SERHOG_EXP":0.0}},{"type":"Feature","geometry":{"type":"Point","coordinates":[-7.69,53.14]},"properties":{"id":"IRL","name":"Irlanda","continent":"europe","year":2003,"AGRPFO_VA":2256.66,"AGRPFO_EXP":475.53,"FORLOG_VA":84.96,"FORLOG_EXP":38.91,"PESCAC_VA":172.31,"PESCAC_EXP":163.26,"MINCOL_VA":7.52,"MINCOL_EXP":2.54,"PETGAS_VA":27.31,"PETGAS_EXP":0.26,"MINORE_VA":376.98,"MINORE_EXP":203.19,"MINOTH_VA":305.99,"MINOTH_EXP":112.67,"MINSER_VA":16.49,"MINSER_EXP":60.72,"ALYBEB_VA":6890.35,"ALYBEB_EXP":11148.54,"TEXYPR_VA":415.26,"TEXYPR_EXP":512.07,"MADYPR_VA":467.54,"MADYPR_EXP":352.09,"PAPYPR_VA":1211.69,"PAPYPR_EXP":1208.92,"PETREF_VA":142.72,"PETREF_EXP":210.66,"QUIMYP_VA":667.72,"QUIMYP_EXP":940.18,"FARMED_VA":16544.54,"FARMED_EXP":18904.84,"HUPLAS_VA":787.94,"HUPLAS_EXP":669.73,"PRNOMT_VA":998.26,"PRNOMT_EXP":315.39,"METBAS_VA":211.08,"METBAS_EXP":234.76,"NONFER_VA":41.3,"NONFER_EXP":344.6,"PRMETA_VA":803.79,"PRMETA_EXP":604.71,"ELCTRO_VA":5609.61,"ELCTRO_EXP":22316.16,"ELCTRI_VA":446.53,"ELCTRI_EXP":967.9,"MAQYEQ_VA":1237.88,"MAQYEQ_EXP":1372.99,"AUTOMO_VA":233.41,"AUTOMO_EXP":375.5,"OTRTRA_VA":9.38,"OTRTRA_EXP":18.13,"TRANSP_VA":171.61,"TRANSP_EXP":317.61,"OTRMAN_VA":3732.86,"OTRMAN_EXP":1475.76,"ELEGAS_VA":1850.9,"ELEGAS_EXP":17.52,"AGUBAS_VA":964.09,"AGUBAS_EXP":0.25,"CONSTR_VA":11831.32,"CONSTR_EXP":3.58,"COMREV_VA":14609.24,"COMREV_EXP":8050.89,"TRATIE_VA":2184.56,"TRATIE_EXP":1136.04,"TRAGUA_VA":276.57,"TRAGUA_EXP":477.55,"TRAAIR_VA":928.53,"TRAAIR_EXP":1480.89,"ALMSTR_VA":1133.64,"ALMSTR_EXP":329.11,"POSTME_VA":894.77,"POSTME_EXP":326.34,"HOTYRE_VA":3643.36,"HOTYRE_EXP":1347.72,"MMTVRA_VA":3614.46,"MMTVRA_EXP":3526.47,"TELECO_VA":2636.37,"TELECO_EXP":613.2,"ITSERV_VA":3713.67,"ITSERV_EXP":7780.27,"SERFIN_VA":13547.95,"SERFIN_EXP":14116.53,"GOBEST_VA":11162.02,"GOBEST_EXP":556.77,"SPRSCT_VA":5877.18,"SPRSCT_EXP":5356.95,"SEAEMP_VA":3892.4,"SEAEMP_EXP":3153.21,"ADPDEF_VA":5993.89,"ADPDEF_EXP":0.04,"EDUCAC_VA":6711.25,"EDUCAC_EXP":95.33,"SALUDH_VA":9258.63,"SALUDH_EXP":40.49,"ESPARC_VA":2155.88,"ESPARC_EXP":133.08,"OTRSER_VA":1094.35,"OTRSER_EXP":38.07,"SERHOG_VA":128.04,"SERHOG_EXP":0.0}},{"type":"Feature","geometry":{"type":"Point","coordinates":[-19.02,64.96]},"properties":{"id":"ISL","name":"Islandia","continent":"europe","year":2003,"AGRPFO_VA":118.28,"AGRPFO_EXP":14.69,"FORLOG_VA":1.09,"FORLOG_EXP":0.11,"PESCAC_VA":610.86,"PESCAC_EXP":267.49,"MINCOL_VA":0.02,"MINCOL_EXP":0.0,"PETGAS_VA":0.45,"PETGAS_EXP":0.06,"MINORE_VA":0.0,"MINORE_EXP":0.0,"MINOTH_VA":14.42,"MINOTH_EXP":3.21,"MINSER_VA":0.03,"MINSER_EXP":0.0,"ALYBEB_VA":524.41,"ALYBEB_EXP":912.48,"TEXYPR_VA":14.82,"TEXYPR_EXP":15.42,"MADYPR_VA":24.52,"MADYPR_EXP":0.3,"PAPYPR_VA":42.48,"PAPYPR_EXP":4.42,"PETREF_VA":0.06,"PETREF_EXP":0.01,"QUIMYP_VA":47.45,"QUIMYP_EXP":17.07,"FARMED_VA":59.44,"FARMED_EXP":4.3,"HUPLAS_VA":36.82,"HUPLAS_EXP":9.76,"PRNOMT_VA":58.4,"PRNOMT_EXP":1.72,"METBAS_VA":32.51,"METBAS_EXP":14.15,"NONFER_VA":224.01,"NONFER_EXP":357.68,"PRMETA_VA":83.23,"PRMETA_EXP":3.62,"ELCTRO_VA":4.08,"ELCTRO_EXP":0.95,"ELCTRI_VA":5.3,"ELCTRI_EXP":1.1,"MAQYEQ_VA":61.97,"MAQYEQ_EXP":51.65,"AUTOMO_VA":4.67,"AUTOMO_EXP":1.11,"OTRTRA_VA":1.31,"OTRTRA_EXP":2.99,"TRANSP_VA":11.66,"TRANSP_EXP":0.48,"OTRMAN_VA":140.97,"OTRMAN_EXP":14.24,"ELEGAS_VA":294.29,"ELEGAS_EXP":0.11,"AGUBAS_VA":63.11,"AGUBAS_EXP":0.23,"CONSTR_VA":831.85,"CONSTR_EXP":0.2,"COMREV_VA":1024.54,"COMREV_EXP":388.52,"TRATIE_VA":122.4,"TRATIE_EXP":36.25,"TRAGUA_VA":101.84,"TRAGUA_EXP":123.6,"TRAAIR_VA":206.76,"TRAAIR_EXP":648.18,"ALMSTR_VA":81.9,"ALMSTR_EXP":84.18,"POSTME_VA":36.65,"POSTME_EXP":1.76,"HOTYRE_VA":345.58,"HOTYRE_EXP":91.64,"MMTVRA_VA":215.72,"MMTVRA_EXP":21.3,"TELECO_VA":180.76,"TELECO_EXP":12.83,"ITSERV_VA":155.7,"ITSERV_EXP":71.36,"SERFIN_VA":607.58,"SERFIN_EXP":81.6,"GOBEST_VA":864.65,"GOBEST_EXP":1.17,"SPRSCT_VA":473.87,"SPRSCT_EXP":120.28,"SEAEMP_VA":234.62,"SEAEMP_EXP":81.35,"ADPDEF_VA":586.4,"ADPDEF_EXP":0.39,"EDUCAC_VA":645.62,"EDUCAC_EXP":0.56,"SALUDH_VA":949.24,"SALUDH_EXP":0.79,"ESPARC_VA":92.01,"ESPARC_EXP":40.62,"OTRSER_VA":158.7,"OTRSER_EXP":9.08,"SERHOG_VA":6.96,"SERHOG_EXP":0.0}},{"type":"Feature","geometry":{"type":"Point","coordinates":[34.85,31.05]},"properties":{"id":"ISR","name":"Israel","continent":"other","year":2003,"AGRPFO_VA":1826.24,"AGRPFO_EXP":986.79,"FORLOG_VA":9.83,"FORLOG_EXP":11.71,"PESCAC_VA":24.22,"PESCAC_EXP":16.66,"MINCOL_VA":0.0,"MINCOL_EXP":0.0,"PETGAS_VA":164.89,"PETGAS_EXP":2.45,"MINORE_VA":0.0,"MINORE_EXP":0.0,"MINOTH_VA":482.63,"MINOTH_EXP":665.45,"MINSER_VA":38.23,"MINSER_EXP":27.06,"ALYBEB_VA":1851.54,"ALYBEB_EXP":836.81,"TEXYPR_VA":361.71,"TEXYPR_EXP":461.72,"MADYPR_VA":66.85,"MADYPR_EXP":19.72,"PAPYPR_VA":534.34,"PAPYPR_EXP":231.21,"PETREF_VA":2219.05,"PETREF_EXP":2116.46,"QUIMYP_VA":2199.35,"QUIMYP_EXP":3112.12,"FARMED_VA":1716.65,"FARMED_EXP":656.51,"HUPLAS_VA":795.04,"HUPLAS_EXP":1437.38,"PRNOMT_VA":597.78,"PRNOMT_EXP":296.53,"METBAS_VA":193.21,"METBAS_EXP":213.05,"NONFER_VA":76.42,"NONFER_EXP":173.47,"PRMETA_VA":1478.56,"PRMETA_EXP":958.08,"ELCTRO_VA":3821.91,"ELCTRO_EXP":4402.45,"ELCTRI_VA":305.62,"ELCTRI_EXP":527.89,"MAQYEQ_VA":760.6,"MAQYEQ_EXP":1258.29,"AUTOMO_VA":152.76,"AUTOMO_EXP":330.55,"OTRTRA_VA":7.18,"OTRTRA_EXP":16.11,"TRANSP_VA":672.84,"TRANSP_EXP":1333.48,"OTRMAN_VA":675.56,"OTRMAN_EXP":1220.18,"ELEGAS_VA":582.26,"ELEGAS_EXP":0.25,"AGUBAS_VA":1069.8,"AGUBAS_EXP":1.09,"CONSTR_VA":6088.5,"CONSTR_EXP":6.28,"COMREV_VA":10244.8,"COMREV_EXP":3677.6,"TRATIE_VA":2646.74,"TRATIE_EXP":480.49,"TRAGUA_VA":432.86,"TRAGUA_EXP":528.14,"TRAAIR_VA":1176.78,"TRAAIR_EXP":1364.85,"ALMSTR_VA":392.57,"ALMSTR_EXP":540.17,"POSTME_VA":356.77,"POSTME_EXP":52.78,"HOTYRE_VA":2467.73,"HOTYRE_EXP":640.84,"MMTVRA_VA":679.99,"MMTVRA_EXP":323.52,"TELECO_VA":3023.15,"TELECO_EXP":267.29,"ITSERV_VA":4777.69,"ITSERV_EXP":4484.58,"SERFIN_VA":6972.57,"SERFIN_EXP":1812.17,"GOBEST_VA":18049.21,"GOBEST_EXP":592.86,"SPRSCT_VA":7599.39,"SPRSCT_EXP":1212.9,"SEAEMP_VA":4124.11,"SEAEMP_EXP":323.31,"ADPDEF_VA":11610.26,"ADPDEF_EXP":13.65,"EDUCAC_VA":7576.55,"EDUCAC_EXP":39.69,"SALUDH_VA":7049.42,"SALUDH_EXP":72.54,"ESPARC_VA":1895.67,"ESPARC_EXP":139.69,"OTRSER_VA":1617.59,"OTRSER_EXP":51.6,"SERHOG_VA":222.3,"SERHOG_EXP":0.0}},{"type":"Feature","geometry":{"type":"Point","coordinates":[12.57,41.87]},"properties":{"id":"ITA","name":"Italia","continent":"europe","year":2003,"AGRPFO_VA":34947.44,"AGRPFO_EXP":3918.99,"FORLOG_VA":1500.62,"FORLOG_EXP":116.02,"PESCAC_VA":1826.23,"PESCAC_EXP":149.53,"MINCOL_VA":0.85,"MINCOL_EXP":0.42,"PETGAS_VA":4517.42,"PETGAS_EXP":565.63,"MINORE_VA":0.69,"MINORE_EXP":0.15,"MINOTH_VA":1341.22,"MINOTH_EXP":300.06,"MINSER_VA":237.07,"MINSER_EXP":5.67,"ALYBEB_VA":27620.65,"ALYBEB_EXP":13722.19,"TEXYPR_VA":32122.88,"TEXYPR_EXP":30858.41,"MADYPR_VA":7914.25,"MADYPR_EXP":1843.77,"PAPYPR_VA":12820.68,"PAPYPR_EXP":4003.56,"PETREF_VA":3674.05,"PETREF_EXP":5373.73,"QUIMYP_VA":11120.65,"QUIMYP_EXP":14217.12,"FARMED_VA":9778.08,"FARMED_EXP":7766.19,"HUPLAS_VA":12695.81,"HUPLAS_EXP":9737.97,"PRNOMT_VA":16823.12,"PRNOMT_EXP":7222.06,"METBAS_VA":7195.37,"METBAS_EXP":7433.55,"NONFER_VA":2897.58,"NONFER_EXP":3519.58,"PRMETA_VA":30187.21,"PRMETA_EXP":13073.79,"ELCTRO_VA":8996.29,"ELCTRO_EXP":11983.41,"ELCTRI_VA":11821.77,"ELCTRI_EXP":9620.45,"MAQYEQ_VA":31255.88,"MAQYEQ_EXP":45359.85,"AUTOMO_VA":12892.75,"AUTOMO_EXP":18694.66,"OTRTRA_VA":2604.5,"OTRTRA_EXP":2132.85,"TRANSP_VA":4210.27,"TRANSP_EXP":3722.08,"OTRMAN_VA":22567.91,"OTRMAN_EXP":12731.91,"ELEGAS_VA":22415.04,"ELEGAS_EXP":739.56,"AGUBAS_VA":10088.24,"AGUBAS_EXP":81.52,"CONSTR_VA":82671.42,"CONSTR_EXP":780.78,"COMREV_VA":180527.44,"COMREV_EXP":51917.67,"TRATIE_VA":42693.82,"TRATIE_EXP":12113.15,"TRAGUA_VA":3752.09,"TRAGUA_EXP":4755.83,"TRAAIR_VA":3387.02,"TRAAIR_EXP":3429.92,"ALMSTR_VA":25787.58,"ALMSTR_EXP":7125.85,"POSTME_VA":5068.08,"POSTME_EXP":413.65,"HOTYRE_VA":50078.54,"HOTYRE_EXP":11471.29,"MMTVRA_VA":11980.47,"MMTVRA_EXP":2186.93,"TELECO_VA":29419.03,"TELECO_EXP":3379.86,"ITSERV_VA":24841.13,"ITSERV_EXP":1881.53,"SERFIN_VA":75363.47,"SERFIN_EXP":5119.83,"GOBEST_VA":161931.52,"GOBEST_EXP":2537.8,"SPRSCT_VA":101316.57,"SPRSCT_EXP":9490.32,"SEAEMP_VA":39797.98,"SEAEMP_EXP":6493.88,"ADPDEF_VA":96739.47,"ADPDEF_EXP":69.48,"EDUCAC_VA":67890.62,"EDUCAC_EXP":723.35,"SALUDH_VA":74157.11,"SALUDH_EXP":566.29,"ESPARC_VA":14426.44,"ESPARC_EXP":1296.09,"OTRSER_VA":24743.3,"OTRSER_EXP":1090.73,"SERHOG_VA":14086.28,"SERHOG_EXP":0.0}},{"type":"Feature","geometry":{"type":"Point","coordinates":[36.24,30.59]},"properties":{"id":"JOR","name":"Jordania","continent":"other","year":2003,"AGRPFO_VA":380.75,"AGRPFO_EXP":219.27,"FORLOG_VA":29.16,"FORLOG_EXP":0.14,"PESCAC_VA":0.85,"PESCAC_EXP":0.21,"MINCOL_VA":53.14,"MINCOL_EXP":0.06,"PETGAS_VA":56.72,"PETGAS_EXP":0.3,"MINORE_VA":44.27,"MINORE_EXP":1.07,"MINOTH_VA":77.83,"MINOTH_EXP":112.35,"MINSER_VA":44.3,"MINSER_EXP":4.19,"ALYBEB_VA":649.83,"ALYBEB_EXP":219.14,"TEXYPR_VA":309.4,"TEXYPR_EXP":590.47,"MADYPR_VA":16.17,"MADYPR_EXP":7.28,"PAPYPR_VA":69.71,"PAPYPR_EXP":46.22,"PETREF_VA":73.3,"PETREF_EXP":36.81,"QUIMYP_VA":147.32,"QUIMYP_EXP":314.93,"FARMED_VA":123.98,"FARMED_EXP":150.37,"HUPLAS_VA":47.99,"HUPLAS_EXP":37.46,"PRNOMT_VA":189.76,"PRNOMT_EXP":15.25,"METBAS_VA":24.26,"METBAS_EXP":15.07,"NONFER_VA":47.7,"NONFER_EXP":109.47,"PRMETA_VA":91.48,"PRMETA_EXP":55.76,"ELCTRO_VA":10.34,"ELCTRO_EXP":17.64,"ELCTRI_VA":52.86,"ELCTRI_EXP":39.83,"MAQYEQ_VA":33.39,"MAQYEQ_EXP":44.16,"AUTOMO_VA":17.94,"AUTOMO_EXP":12.95,"OTRTRA_VA":2.37,"OTRTRA_EXP":0.28,"TRANSP_VA":4.29,"TRANSP_EXP":0.27,"OTRMAN_VA":47.47,"OTRMAN_EXP":79.96,"ELEGAS_VA":100.74,"ELEGAS_EXP":3.53,"AGUBAS_VA":117.74,"AGUBAS_EXP":0.51,"CONSTR_VA":313.34,"CONSTR_EXP":0.52,"COMREV_VA":898.32,"COMREV_EXP":275.17,"TRATIE_VA":394.17,"TRATIE_EXP":104.56,"TRAGUA_VA":16.52,"TRAGUA_EXP":18.1,"TRAAIR_VA":72.99,"TRAAIR_EXP":289.77,"ALMSTR_VA":105.01,"ALMSTR_EXP":49.98,"POSTME_VA":4.99,"POSTME_EXP":8.85,"HOTYRE_VA":166.79,"HOTYRE_EXP":161.15,"MMTVRA_VA":48.15,"MMTVRA_EXP":50.01,"TELECO_VA":362.28,"TELECO_EXP":75.0,"ITSERV_VA":53.66,"ITSERV_EXP":5.68,"SERFIN_VA":370.07,"SERFIN_EXP":111.89,"GOBEST_VA":1111.44,"GOBEST_EXP":42.26,"SPRSCT_VA":108.37,"SPRSCT_EXP":102.42,"SEAEMP_VA":86.76,"SEAEMP_EXP":138.29,"ADPDEF_VA":964.61,"ADPDEF_EXP":1.49,"EDUCAC_VA":926.89,"EDUCAC_EXP":131.08,"SALUDH_VA":297.29,"SALUDH_EXP":112.14,"ESPARC_VA":25.19,"ESPARC_EXP":52.71,"OTRSER_VA":87.24,"OTRSER_EXP":8.76,"SERHOG_VA":109.83,"SERHOG_EXP":0.0}},{"type":"Feature","geometry":{"type":"Point","coordinates":[138.25,36.2]},"properties":{"id":"JPN","name":"Japón","continent":"asia","year":2003,"AGRPFO_VA":50728.08,"AGRPFO_EXP":304.06,"FORLOG_VA":1626.81,"FORLOG_EXP":23.28,"PESCAC_VA":7559.12,"PESCAC_EXP":234.29,"MINCOL_VA":503.75,"MINCOL_EXP":1.3,"PETGAS_VA":512.97,"PETGAS_EXP":15.55,"MINORE_VA":1211.04,"MINORE_EXP":12.46,"MINOTH_VA":730.13,"MINOTH_EXP":113.07,"MINSER_VA":1023.12,"MINSER_EXP":125.97,"ALYBEB_VA":118226.61,"ALYBEB_EXP":2048.03,"TEXYPR_VA":20049.23,"TEXYPR_EXP":4513.8,"MADYPR_VA":8255.26,"MADYPR_EXP":271.64,"PAPYPR_VA":52529.9,"PAPYPR_EXP":2318.0,"PETREF_VA":44417.9,"PETREF_EXP":2624.44,"QUIMYP_VA":53485.73,"QUIMYP_EXP":18246.18,"FARMED_VA":36963.91,"FARMED_EXP":2112.36,"HUPLAS_VA":39101.44,"HUPLAS_EXP":12253.75,"PRNOMT_VA":28684.36,"PRNOMT_EXP":3338.59,"METBAS_VA":40390.05,"METBAS_EXP":11848.53,"NONFER_VA":14088.65,"NONFER_EXP":6022.0,"PRMETA_VA":45009.93,"PRMETA_EXP":2950.76,"ELCTRO_VA":106762.11,"ELCTRO_EXP":99251.17,"ELCTRI_VA":57996.98,"ELCTRI_EXP":22894.78,"MAQYEQ_VA":105305.6,"MAQYEQ_EXP":56141.63,"AUTOMO_VA":102599.4,"AUTOMO_EXP":82691.07,"OTRTRA_VA":6972.65,"OTRTRA_EXP":8488.36,"TRANSP_VA":11965.75,"TRANSP_EXP":6505.01,"OTRMAN_VA":114121.13,"OTRMAN_EXP":6581.97,"ELEGAS_VA":74431.2,"ELEGAS_EXP":105.49,"AGUBAS_VA":63439.1,"AGUBAS_EXP":19.95,"CONSTR_VA":254737.24,"CONSTR_EXP":15.52,"COMREV_VA":574096.27,"COMREV_EXP":67912.45,"TRATIE_VA":144156.1,"TRATIE_EXP":16340.43,"TRAGUA_VA":8631.05,"TRAGUA_EXP":3882.37,"TRAAIR_VA":7705.0,"TRAAIR_EXP":6007.72,"ALMSTR_VA":49336.71,"ALMSTR_EXP":4195.93,"POSTME_VA":13453.79,"POSTME_EXP":258.0,"HOTYRE_VA":130779.62,"HOTYRE_EXP":2198.3,"MMTVRA_VA":38195.02,"MMTVRA_EXP":3129.2,"TELECO_VA":82128.25,"TELECO_EXP":1575.12,"ITSERV_VA":121421.68,"ITSERV_EXP":786.84,"SERFIN_VA":232426.58,"SERFIN_EXP":8778.98,"GOBEST_VA":458168.66,"GOBEST_EXP":1575.23,"SPRSCT_VA":181140.53,"SPRSCT_EXP":15413.1,"SEAEMP_VA":99988.57,"SEAEMP_EXP":16708.31,"ADPDEF_VA":219122.31,"ADPDEF_EXP":0.01,"EDUCAC_VA":154977.17,"EDUCAC_EXP":770.81,"SALUDH_VA":235736.41,"SALUDH_EXP":94.32,"ESPARC_VA":50304.65,"ESPARC_EXP":297.27,"OTRSER_VA":91072.18,"OTRSER_EXP":131.28,"SERHOG_VA":0.0,"SERHOG_EXP":0.0}},{"type":"Feature","geometry":{"type":"Point","coordinates":[66.92,48.02]},"properties":{"id":"KAZ","name":"Kazajistán","continent":"asia","year":2003,"AGRPFO_VA":1602.5,"AGRPFO_EXP":567.31,"FORLOG_VA":5.94,"FORLOG_EXP":0.08,"PESCAC_VA":6.01,"PESCAC_EXP":0.44,"MINCOL_VA":154.01,"MINCOL_EXP":190.14,"PETGAS_VA":4992.56,"PETGAS_EXP":7217.12,"MINORE_VA":687.77,"MINORE_EXP":332.77,"MINOTH_VA":65.16,"MINOTH_EXP":35.58,"MINSER_VA":243.15,"MINSER_EXP":42.11,"ALYBEB_VA":634.67,"ALYBEB_EXP":127.33,"TEXYPR_VA":38.43,"TEXYPR_EXP":16.77,"MADYPR_VA":9.64,"MADYPR_EXP":0.69,"PAPYPR_VA":44.89,"PAPYPR_EXP":8.4,"PETREF_VA":479.24,"PETREF_EXP":322.04,"QUIMYP_VA":105.51,"QUIMYP_EXP":158.45,"FARMED_VA":14.69,"FARMED_EXP":2.74,"HUPLAS_VA":64.7,"HUPLAS_EXP":9.19,"PRNOMT_VA":178.62,"PRNOMT_EXP":5.31,"METBAS_VA":585.25,"METBAS_EXP":938.86,"NONFER_VA":1160.95,"NONFER_EXP":1414.67,"PRMETA_VA":80.24,"PRMETA_EXP":31.25,"ELCTRO_VA":11.87,"ELCTRO_EXP":24.59,"ELCTRI_VA":36.67,"ELCTRI_EXP":22.68,"MAQYEQ_VA":49.69,"MAQYEQ_EXP":96.59,"AUTOMO_VA":20.52,"AUTOMO_EXP":18.16,"OTRTRA_VA":5.11,"OTRTRA_EXP":9.27,"TRANSP_VA":9.03,"TRANSP_EXP":14.75,"OTRMAN_VA":206.64,"OTRMAN_EXP":7.0,"ELEGAS_VA":471.74,"ELEGAS_EXP":39.88,"AGUBAS_VA":81.52,"AGUBAS_EXP":0.32,"CONSTR_VA":1976.67,"CONSTR_EXP":0.27,"COMREV_VA":4552.36,"COMREV_EXP":1270.91,"TRATIE_VA":1570.21,"TRATIE_EXP":704.63,"TRAGUA_VA":27.05,"TRAGUA_EXP":14.05,"TRAAIR_VA":119.79,"TRAAIR_EXP":59.97,"ALMSTR_VA":605.6,"ALMSTR_EXP":78.35,"POSTME_VA":28.16,"POSTME_EXP":3.88,"HOTYRE_VA":278.79,"HOTYRE_EXP":183.83,"MMTVRA_VA":98.88,"MMTVRA_EXP":30.6,"TELECO_VA":690.77,"TELECO_EXP":83.16,"ITSERV_VA":215.99,"ITSERV_EXP":1.19,"SERFIN_VA":649.96,"SERFIN_EXP":33.03,"GOBEST_VA":2772.3,"GOBEST_EXP":194.7,"SPRSCT_VA":1485.93,"SPRSCT_EXP":53.62,"SEAEMP_VA":574.58,"SEAEMP_EXP":210.53,"ADPDEF_VA":531.01,"ADPDEF_EXP":0.37,"EDUCAC_VA":833.36,"EDUCAC_EXP":5.15,"SALUDH_VA":592.81,"SALUDH_EXP":7.69,"ESPARC_VA":109.85,"ESPARC_EXP":18.1,"OTRSER_VA":440.33,"OTRSER_EXP":9.36,"SERHOG_VA":18.89,"SERHOG_EXP":0.0}},{"type":"Feature","geometry":{"type":"Point","coordinates":[104.99,12.57]},"properties":{"id":"KHM","name":"Camboya","continent":"asia","year":2003,"AGRPFO_VA":854.71,"AGRPFO_EXP":806.33,"FORLOG_VA":148.28,"FORLOG_EXP":0.44,"PESCAC_VA":411.51,"PESCAC_EXP":53.78,"MINCOL_VA":0.0,"MINCOL_EXP":0.0,"PETGAS_VA":0.0,"PETGAS_EXP":0.0,"MINORE_VA":8.72,"MINORE_EXP":0.15,"MINOTH_VA":12.77,"MINOTH_EXP":0.28,"MINSER_VA":6.02,"MINSER_EXP":0.14,"ALYBEB_VA":102.77,"ALYBEB_EXP":98.51,"TEXYPR_VA":506.11,"TEXYPR_EXP":771.28,"MADYPR_VA":9.75,"MADYPR_EXP":15.64,"PAPYPR_VA":9.34,"PAPYPR_EXP":10.6,"PETREF_VA":2.51,"PETREF_EXP":3.96,"QUIMYP_VA":8.47,"QUIMYP_EXP":2.47,"FARMED_VA":5.0,"FARMED_EXP":1.55,"HUPLAS_VA":14.9,"HUPLAS_EXP":4.7,"PRNOMT_VA":20.87,"PRNOMT_EXP":0.51,"METBAS_VA":278.93,"METBAS_EXP":0.21,"NONFER_VA":5.86,"NONFER_EXP":7.1,"PRMETA_VA":26.91,"PRMETA_EXP":3.7,"ELCTRO_VA":0.02,"ELCTRO_EXP":0.01,"ELCTRI_VA":0.02,"ELCTRI_EXP":0.01,"MAQYEQ_VA":0.61,"MAQYEQ_EXP":0.78,"AUTOMO_VA":4.78,"AUTOMO_EXP":4.08,"OTRTRA_VA":0.74,"OTRTRA_EXP":1.02,"TRANSP_VA":1.32,"TRANSP_EXP":1.06,"OTRMAN_VA":28.57,"OTRMAN_EXP":41.05,"ELEGAS_VA":13.23,"ELEGAS_EXP":0.26,"AGUBAS_VA":11.39,"AGUBAS_EXP":0.32,"CONSTR_VA":265.44,"CONSTR_EXP":0.75,"COMREV_VA":419.38,"COMREV_EXP":145.57,"TRATIE_VA":146.54,"TRATIE_EXP":89.87,"TRAGUA_VA":18.74,"TRAGUA_EXP":21.91,"TRAAIR_VA":17.49,"TRAAIR_EXP":34.53,"ALMSTR_VA":69.36,"ALMSTR_EXP":68.36,"POSTME_VA":15.57,"POSTME_EXP":5.42,"HOTYRE_VA":189.91,"HOTYRE_EXP":105.81,"MMTVRA_VA":25.9,"MMTVRA_EXP":24.2,"TELECO_VA":57.75,"TELECO_EXP":21.73,"ITSERV_VA":17.28,"ITSERV_EXP":6.25,"SERFIN_VA":61.74,"SERFIN_EXP":11.01,"GOBEST_VA":284.01,"GOBEST_EXP":23.32,"SPRSCT_VA":37.39,"SPRSCT_EXP":10.63,"SEAEMP_VA":30.88,"SEAEMP_EXP":10.2,"ADPDEF_VA":98.59,"ADPDEF_EXP":0.51,"EDUCAC_VA":96.08,"EDUCAC_EXP":7.57,"SALUDH_VA":85.87,"SALUDH_EXP":6.04,"ESPARC_VA":44.92,"ESPARC_EXP":19.55,"OTRSER_VA":83.8,"OTRSER_EXP":7.58,"SERHOG_VA":0.0,"SERHOG_EXP":0.0}},{"type":"Feature","geometry":{"type":"Point","coordinates":[127.77,35.91]},"properties":{"id":"KOR","name":"Corea del Sur","continent":"asia","year":2003,"AGRPFO_VA":16766.11,"AGRPFO_EXP":210.7,"FORLOG_VA":1404.81,"FORLOG_EXP":50.57,"PESCAC_VA":1988.68,"PESCAC_EXP":173.42,"MINCOL_VA":180.4,"MINCOL_EXP":6.0,"PETGAS_VA":93.79,"PETGAS_EXP":1.21,"MINORE_VA":22.19,"MINORE_EXP":2.46,"MINOTH_VA":977.73,"MINOTH_EXP":58.97,"MINSER_VA":9.58,"MINSER_EXP":6.29,"ALYBEB_VA":10154.95,"ALYBEB_EXP":2452.55,"TEXYPR_VA":10346.53,"TEXYPR_EXP":11944.47,"MADYPR_VA":1115.78,"MADYPR_EXP":87.61,"PAPYPR_VA":6419.58,"PAPYPR_EXP":1960.37,"PETREF_VA":6951.13,"PETREF_EXP":7756.59,"QUIMYP_VA":14247.04,"QUIMYP_EXP":9125.86,"FARMED_VA":3406.91,"FARMED_EXP":314.31,"HUPLAS_VA":8946.82,"HUPLAS_EXP":4345.95,"PRNOMT_VA":7457.5,"PRNOMT_EXP":893.27,"METBAS_VA":11239.87,"METBAS_EXP":7392.18,"NONFER_VA":2178.06,"NONFER_EXP":4220.2,"PRMETA_VA":9496.43,"PRMETA_EXP":3130.24,"ELCTRO_VA":38719.47,"ELCTRO_EXP":61790.93,"ELCTRI_VA":9309.24,"ELCTRI_EXP":6103.63,"MAQYEQ_VA":13836.67,"MAQYEQ_EXP":9776.42,"AUTOMO_VA":15331.25,"AUTOMO_EXP":20830.76,"OTRTRA_VA":5305.87,"OTRTRA_EXP":10635.99,"TRANSP_VA":741.16,"TRANSP_EXP":792.12,"OTRMAN_VA":3963.0,"OTRMAN_EXP":2213.04,"ELEGAS_VA":13668.78,"ELEGAS_EXP":7.99,"AGUBAS_VA":3390.43,"AGUBAS_EXP":3.52,"CONSTR_VA":42502.06,"CONSTR_EXP":1.02,"COMREV_VA":64792.55,"COMREV_EXP":18266.83,"TRATIE_VA":7453.76,"TRATIE_EXP":1416.43,"TRAGUA_VA":6332.08,"TRAGUA_EXP":6626.21,"TRAAIR_VA":6017.66,"TRAAIR_EXP":7745.33,"ALMSTR_VA":5944.89,"ALMSTR_EXP":850.38,"POSTME_VA":2153.32,"POSTME_EXP":327.33,"HOTYRE_VA":20920.46,"HOTYRE_EXP":1171.52,"MMTVRA_VA":8130.65,"MMTVRA_EXP":474.18,"TELECO_VA":16786.61,"TELECO_EXP":538.56,"ITSERV_VA":10015.05,"ITSERV_EXP":512.61,"SERFIN_VA":41846.25,"SERFIN_EXP":1883.26,"GOBEST_VA":57857.45,"GOBEST_EXP":294.01,"SPRSCT_VA":29903.25,"SPRSCT_EXP":2561.19,"SEAEMP_VA":17026.63,"SEAEMP_EXP":2002.5,"ADPDEF_VA":35894.57,"ADPDEF_EXP":14.81,"EDUCAC_VA":32076.77,"EDUCAC_EXP":87.84,"SALUDH_VA":18924.18,"SALUDH_EXP":49.38,"ESPARC_VA":7002.72,"ESPARC_EXP":699.02,"OTRSER_VA":9365.65,"OTRSER_EXP":67.3,"SERHOG_VA":977.46,"SERHOG_EXP":0.0}},{"type":"Feature","geometry":{"type":"Point","coordinates":[102.5,19.86]},"properties":{"id":"LAO","name":"Laos","continent":"asia","year":2003,"AGRPFO_VA":345.31,"AGRPFO_EXP":43.19,"FORLOG_VA":60.47,"FORLOG_EXP":19.33,"PESCAC_VA":58.1,"PESCAC_EXP":0.19,"MINCOL_VA":20.05,"MINCOL_EXP":2.25,"PETGAS_VA":17.94,"PETGAS_EXP":0.1,"MINORE_VA":65.9,"MINORE_EXP":2.58,"MINOTH_VA":39.07,"MINOTH_EXP":1.78,"MINSER_VA":14.18,"MINSER_EXP":0.17,"ALYBEB_VA":80.34,"ALYBEB_EXP":14.5,"TEXYPR_VA":34.63,"TEXYPR_EXP":50.98,"MADYPR_VA":23.52,"MADYPR_EXP":48.21,"PAPYPR_VA":0.49,"PAPYPR_EXP":0.27,"PETREF_VA":9.52,"PETREF_EXP":0.12,"QUIMYP_VA":4.15,"QUIMYP_EXP":1.45,"FARMED_VA":2.63,"FARMED_EXP":0.43,"HUPLAS_VA":1.32,"HUPLAS_EXP":0.59,"PRNOMT_VA":19.07,"PRNOMT_EXP":0.22,"METBAS_VA":0.33,"METBAS_EXP":0.41,"NONFER_VA":0.32,"NONFER_EXP":0.36,"PRMETA_VA":6.83,"PRMETA_EXP":0.56,"ELCTRO_VA":0.54,"ELCTRO_EXP":0.96,"ELCTRI_VA":0.36,"ELCTRI_EXP":0.63,"MAQYEQ_VA":0.03,"MAQYEQ_EXP":0.01,"AUTOMO_VA":0.09,"AUTOMO_EXP":0.11,"OTRTRA_VA":0.05,"OTRTRA_EXP":0.04,"TRANSP_VA":0.05,"TRANSP_EXP":0.03,"OTRMAN_VA":15.48,"OTRMAN_EXP":5.38,"ELEGAS_VA":170.94,"ELEGAS_EXP":79.27,"AGUBAS_VA":28.78,"AGUBAS_EXP":0.27,"CONSTR_VA":106.28,"CONSTR_EXP":0.68,"COMREV_VA":283.84,"COMREV_EXP":41.63,"TRATIE_VA":41.27,"TRATIE_EXP":13.93,"TRAGUA_VA":2.33,"TRAGUA_EXP":1.41,"TRAAIR_VA":4.36,"TRAAIR_EXP":7.35,"ALMSTR_VA":6.48,"ALMSTR_EXP":0.94,"POSTME_VA":8.21,"POSTME_EXP":1.6,"HOTYRE_VA":38.19,"HOTYRE_EXP":23.38,"MMTVRA_VA":3.44,"MMTVRA_EXP":2.46,"TELECO_VA":36.23,"TELECO_EXP":3.84,"ITSERV_VA":3.56,"ITSERV_EXP":3.52,"SERFIN_VA":93.55,"SERFIN_EXP":14.1,"GOBEST_VA":98.1,"GOBEST_EXP":5.98,"SPRSCT_VA":13.04,"SPRSCT_EXP":9.44,"SEAEMP_VA":5.94,"SEAEMP_EXP":4.41,"ADPDEF_VA":140.0,"ADPDEF_EXP":0.45,"EDUCAC_VA":40.05,"EDUCAC_EXP":1.93,"SALUDH_VA":6.66,"SALUDH_EXP":1.35,"ESPARC_VA":6.42,"ESPARC_EXP":3.69,"OTRSER_VA":77.34,"OTRSER_EXP":1.97,"SERHOG_VA":9.94,"SERHOG_EXP":0.0}},{"type":"Feature","geometry":{"type":"Point","coordinates":[23.88,55.17]},"properties":{"id":"LTU","name":"Lituania","continent":"europe","year":2003,"AGRPFO_VA":737.99,"AGRPFO_EXP":228.43,"FORLOG_VA":93.85,"FORLOG_EXP":50.0,"PESCAC_VA":15.15,"PESCAC_EXP":3.76,"MINCOL_VA":13.2,"MINCOL_EXP":7.79,"PETGAS_VA":36.3,"PETGAS_EXP":29.71,"MINORE_VA":2.9,"MINORE_EXP":0.31,"MINOTH_VA":27.49,"MINOTH_EXP":21.04,"MINSER_VA":17.59,"MINSER_EXP":0.26,"ALYBEB_VA":743.29,"ALYBEB_EXP":402.96,"TEXYPR_VA":516.14,"TEXYPR_EXP":492.07,"MADYPR_VA":283.3,"MADYPR_EXP":259.4,"PAPYPR_VA":119.75,"PAPYPR_EXP":31.35,"PETREF_VA":606.53,"PETREF_EXP":945.23,"QUIMYP_VA":160.67,"QUIMYP_EXP":306.82,"FARMED_VA":13.21,"FARMED_EXP":11.14,"HUPLAS_VA":192.44,"HUPLAS_EXP":123.77,"PRNOMT_VA":129.38,"PRNOMT_EXP":50.68,"METBAS_VA":7.67,"METBAS_EXP":19.32,"NONFER_VA":0.82,"NONFER_EXP":1.39,"PRMETA_VA":114.77,"PRMETA_EXP":77.4,"ELCTRO_VA":154.06,"ELCTRO_EXP":160.56,"ELCTRI_VA":75.84,"ELCTRI_EXP":107.05,"MAQYEQ_VA":50.99,"MAQYEQ_EXP":47.04,"AUTOMO_VA":70.25,"AUTOMO_EXP":17.32,"OTRTRA_VA":43.68,"OTRTRA_EXP":54.09,"TRANSP_VA":20.11,"TRANSP_EXP":47.84,"OTRMAN_VA":282.23,"OTRMAN_EXP":311.02,"ELEGAS_VA":737.92,"ELEGAS_EXP":98.47,"AGUBAS_VA":146.51,"AGUBAS_EXP":7.62,"CONSTR_VA":1207.47,"CONSTR_EXP":35.88,"COMREV_VA":3054.74,"COMREV_EXP":994.34,"TRATIE_VA":1003.84,"TRATIE_EXP":725.46,"TRAGUA_VA":64.99,"TRAGUA_EXP":51.02,"TRAAIR_VA":31.15,"TRAAIR_EXP":71.22,"ALMSTR_VA":477.71,"ALMSTR_EXP":373.44,"POSTME_VA":48.51,"POSTME_EXP":9.85,"HOTYRE_VA":268.35,"HOTYRE_EXP":105.64,"MMTVRA_VA":195.74,"MMTVRA_EXP":21.17,"TELECO_VA":609.67,"TELECO_EXP":94.63,"ITSERV_VA":56.79,"ITSERV_EXP":30.55,"SERFIN_VA":338.2,"SERFIN_EXP":25.8,"GOBEST_VA":1030.38,"GOBEST_EXP":41.54,"SPRSCT_VA":571.53,"SPRSCT_EXP":134.58,"SEAEMP_VA":249.52,"SEAEMP_EXP":41.44,"ADPDEF_VA":1323.14,"ADPDEF_EXP":1.28,"EDUCAC_VA":873.0,"EDUCAC_EXP":13.53,"SALUDH_VA":468.39,"SALUDH_EXP":11.32,"ESPARC_VA":131.97,"ESPARC_EXP":55.1,"OTRSER_VA":270.78,"OTRSER_EXP":25.05,"SERHOG_VA":23.83,"SERHOG_EXP":0.0}},{"type":"Feature","geometry":{"type":"Point","coordinates":[6.13,49.82]},"properties":{"id":"LUX","name":"Luxemburgo","continent":"europe","year":2003,"AGRPFO_VA":148.21,"AGRPFO_EXP":200.6,"FORLOG_VA":5.86,"FORLOG_EXP":9.52,"PESCAC_VA":0.0,"PESCAC_EXP":0.0,"MINCOL_VA":0.0,"MINCOL_EXP":0.0,"PETGAS_VA":0.0,"PETGAS_EXP":0.0,"MINORE_VA":9.47,"MINORE_EXP":2.5,"MINOTH_VA":25.64,"MINOTH_EXP":3.11,"MINSER_VA":0.0,"MINSER_EXP":0.0,"ALYBEB_VA":256.01,"ALYBEB_EXP":489.52,"TEXYPR_VA":214.15,"TEXYPR_EXP":382.95,"MADYPR_VA":42.74,"MADYPR_EXP":160.51,"PAPYPR_VA":150.91,"PAPYPR_EXP":274.64,"PETREF_VA":0.0,"PETREF_EXP":0.0,"QUIMYP_VA":119.55,"QUIMYP_EXP":297.17,"FARMED_VA":10.85,"FARMED_EXP":19.21,"HUPLAS_VA":355.57,"HUPLAS_EXP":805.71,"PRNOMT_VA":267.26,"PRNOMT_EXP":493.21,"METBAS_VA":291.09,"METBAS_EXP":901.74,"NONFER_VA":303.54,"NONFER_EXP":988.15,"PRMETA_VA":200.95,"PRMETA_EXP":359.2,"ELCTRO_VA":212.49,"ELCTRO_EXP":262.62,"ELCTRI_VA":20.94,"ELCTRI_EXP":28.6,"MAQYEQ_VA":237.55,"MAQYEQ_EXP":653.92,"AUTOMO_VA":21.37,"AUTOMO_EXP":14.01,"OTRTRA_VA":0.16,"OTRTRA_EXP":0.14,"TRANSP_VA":0.3,"TRANSP_EXP":0.21,"OTRMAN_VA":62.79,"OTRMAN_EXP":55.15,"ELEGAS_VA":330.13,"ELEGAS_EXP":77.01,"AGUBAS_VA":159.55,"AGUBAS_EXP":10.38,"CONSTR_VA":1767.84,"CONSTR_EXP":49.57,"COMREV_VA":2477.19,"COMREV_EXP":1058.21,"TRATIE_VA":938.35,"TRATIE_EXP":1050.22,"TRAGUA_VA":25.86,"TRAGUA_EXP":52.71,"TRAAIR_VA":490.11,"TRAAIR_EXP":1024.38,"ALMSTR_VA":141.95,"ALMSTR_EXP":143.7,"POSTME_VA":91.09,"POSTME_EXP":137.28,"HOTYRE_VA":777.15,"HOTYRE_EXP":730.28,"MMTVRA_VA":262.36,"MMTVRA_EXP":727.23,"TELECO_VA":966.72,"TELECO_EXP":858.68,"ITSERV_VA":404.79,"ITSERV_EXP":762.0,"SERFIN_VA":6316.32,"SERFIN_EXP":18730.21,"GOBEST_VA":2687.59,"GOBEST_EXP":232.85,"SPRSCT_VA":1496.23,"SPRSCT_EXP":1477.74,"SEAEMP_VA":736.63,"SEAEMP_EXP":358.04,"ADPDEF_VA":1599.14,"ADPDEF_EXP":12.04,"EDUCAC_VA":1085.41,"EDUCAC_EXP":55.74,"SALUDH_VA":1434.92,"SALUDH_EXP":48.07,"ESPARC_VA":169.52,"ESPARC_EXP":136.01,"OTRSER_VA":228.78,"OTRSER_EXP":50.73,"SERHOG_VA":102.89,"SERHOG_EXP":0.0}},{"type":"Feature","geometry":{"type":"Point","coordinates":[24.6,56.88]},"properties":{"id":"LVA","name":"Letonia","continent":"europe","year":2003,"AGRPFO_VA":312.02,"AGRPFO_EXP":23.76,"FORLOG_VA":186.11,"FORLOG_EXP":86.83,"PESCAC_VA":16.06,"PESCAC_EXP":7.16,"MINCOL_VA":0.5,"MINCOL_EXP":0.04,"PETGAS_VA":0.0,"PETGAS_EXP":0.0,"MINORE_VA":0.24,"MINORE_EXP":0.09,"MINOTH_VA":29.48,"MINOTH_EXP":3.02,"MINSER_VA":0.33,"MINSER_EXP":0.04,"ALYBEB_VA":421.78,"ALYBEB_EXP":155.18,"TEXYPR_VA":178.3,"TEXYPR_EXP":167.45,"MADYPR_VA":331.03,"MADYPR_EXP":397.17,"PAPYPR_VA":88.13,"PAPYPR_EXP":20.0,"PETREF_VA":0.85,"PETREF_EXP":0.05,"QUIMYP_VA":30.98,"QUIMYP_EXP":36.98,"FARMED_VA":31.02,"FARMED_EXP":28.41,"HUPLAS_VA":42.75,"HUPLAS_EXP":24.0,"PRNOMT_VA":53.21,"PRNOMT_EXP":24.84,"METBAS_VA":75.74,"METBAS_EXP":39.87,"NONFER_VA":13.73,"NONFER_EXP":52.94,"PRMETA_VA":63.24,"PRMETA_EXP":66.85,"ELCTRO_VA":28.52,"ELCTRO_EXP":17.97,"ELCTRI_VA":27.37,"ELCTRI_EXP":37.61,"MAQYEQ_VA":46.12,"MAQYEQ_EXP":48.39,"AUTOMO_VA":6.66,"AUTOMO_EXP":10.24,"OTRTRA_VA":20.68,"OTRTRA_EXP":20.9,"TRANSP_VA":16.95,"TRANSP_EXP":16.84,"OTRMAN_VA":155.4,"OTRMAN_EXP":114.18,"ELEGAS_VA":335.43,"ELEGAS_EXP":9.31,"AGUBAS_VA":89.38,"AGUBAS_EXP":1.72,"CONSTR_VA":723.23,"CONSTR_EXP":27.01,"COMREV_VA":1752.43,"COMREV_EXP":404.02,"TRATIE_VA":733.56,"TRATIE_EXP":663.21,"TRAGUA_VA":99.06,"TRAGUA_EXP":100.17,"TRAAIR_VA":18.85,"TRAAIR_EXP":64.14,"ALMSTR_VA":699.67,"ALMSTR_EXP":139.3,"POSTME_VA":35.54,"POSTME_EXP":12.57,"HOTYRE_VA":141.03,"HOTYRE_EXP":53.96,"MMTVRA_VA":144.54,"MMTVRA_EXP":17.34,"TELECO_VA":380.82,"TELECO_EXP":53.91,"ITSERV_VA":83.19,"ITSERV_EXP":41.13,"SERFIN_VA":403.74,"SERFIN_EXP":241.5,"GOBEST_VA":604.21,"GOBEST_EXP":16.99,"SPRSCT_VA":381.96,"SPRSCT_EXP":142.37,"SEAEMP_VA":243.95,"SEAEMP_EXP":102.02,"ADPDEF_VA":833.06,"ADPDEF_EXP":2.31,"EDUCAC_VA":568.45,"EDUCAC_EXP":5.9,"SALUDH_VA":303.91,"SALUDH_EXP":2.5,"ESPARC_VA":188.78,"ESPARC_EXP":13.07,"OTRSER_VA":86.62,"OTRSER_EXP":3.42,"SERHOG_VA":12.76,"SERHOG_EXP":0.0}},{"type":"Feature","geometry":{"type":"Point","coordinates":[-7.09,31.79]},"properties":{"id":"MAR","name":"Marruecos","continent":"other","year":2003,"AGRPFO_VA":4777.0,"AGRPFO_EXP":589.86,"FORLOG_VA":741.76,"FORLOG_EXP":13.05,"PESCAC_VA":269.88,"PESCAC_EXP":231.33,"MINCOL_VA":2.65,"MINCOL_EXP":0.29,"PETGAS_VA":5.85,"PETGAS_EXP":0.57,"MINORE_VA":237.6,"MINORE_EXP":83.14,"MINOTH_VA":856.0,"MINOTH_EXP":448.02,"MINSER_VA":25.13,"MINSER_EXP":7.52,"ALYBEB_VA":2024.67,"ALYBEB_EXP":1427.64,"TEXYPR_VA":1222.34,"TEXYPR_EXP":1864.31,"MADYPR_VA":112.05,"MADYPR_EXP":62.38,"PAPYPR_VA":230.31,"PAPYPR_EXP":88.97,"PETREF_VA":136.11,"PETREF_EXP":151.49,"QUIMYP_VA":841.71,"QUIMYP_EXP":1040.13,"FARMED_VA":294.04,"FARMED_EXP":70.66,"HUPLAS_VA":238.94,"HUPLAS_EXP":66.77,"PRNOMT_VA":770.56,"PRNOMT_EXP":90.77,"METBAS_VA":180.91,"METBAS_EXP":91.2,"NONFER_VA":163.98,"NONFER_EXP":155.27,"PRMETA_VA":413.74,"PRMETA_EXP":54.09,"ELCTRO_VA":57.39,"ELCTRO_EXP":118.45,"ELCTRI_VA":223.24,"ELCTRI_EXP":463.46,"MAQYEQ_VA":141.3,"MAQYEQ_EXP":24.57,"AUTOMO_VA":683.01,"AUTOMO_EXP":159.38,"OTRTRA_VA":28.84,"OTRTRA_EXP":5.6,"TRANSP_VA":58.45,"TRANSP_EXP":8.86,"OTRMAN_VA":533.6,"OTRMAN_EXP":125.77,"ELEGAS_VA":1186.78,"ELEGAS_EXP":26.78,"AGUBAS_VA":211.83,"AGUBAS_EXP":0.91,"CONSTR_VA":3100.29,"CONSTR_EXP":28.95,"COMREV_VA":5065.2,"COMREV_EXP":1249.8,"TRATIE_VA":971.31,"TRATIE_EXP":420.44,"TRAGUA_VA":87.34,"TRAGUA_EXP":191.47,"TRAAIR_VA":178.72,"TRAAIR_EXP":490.3,"ALMSTR_VA":505.02,"ALMSTR_EXP":475.48,"POSTME_VA":50.62,"POSTME_EXP":71.31,"HOTYRE_VA":943.82,"HOTYRE_EXP":939.04,"MMTVRA_VA":155.47,"MMTVRA_EXP":69.65,"TELECO_VA":1201.96,"TELECO_EXP":411.79,"ITSERV_VA":227.42,"ITSERV_EXP":266.2,"SERFIN_VA":2183.55,"SERFIN_EXP":123.04,"GOBEST_VA":1324.3,"GOBEST_EXP":158.68,"SPRSCT_VA":1272.3,"SPRSCT_EXP":596.04,"SEAEMP_VA":1692.77,"SEAEMP_EXP":225.87,"ADPDEF_VA":4470.17,"ADPDEF_EXP":83.4,"EDUCAC_VA":3764.66,"EDUCAC_EXP":76.29,"SALUDH_VA":1602.74,"SALUDH_EXP":42.07,"ESPARC_VA":140.87,"ESPARC_EXP":89.35,"OTRSER_VA":445.06,"OTRSER_EXP":48.56,"SERHOG_VA":173.49,"SERHOG_EXP":0.0}},{"type":"Feature","geometry":{"type":"Point","coordinates":[-102.55,23.63]},"properties":{"id":"MEX","name":"México","continent":"america","year":2003,"AGRPFO_VA":21712.81,"AGRPFO_EXP":3204.43,"FORLOG_VA":1487.46,"FORLOG_EXP":15.2,"PESCAC_VA":480.1,"PESCAC_EXP":119.56,"MINCOL_VA":277.73,"MINCOL_EXP":0.15,"PETGAS_VA":29714.72,"PETGAS_EXP":16616.9,"MINORE_VA":811.64,"MINORE_EXP":249.46,"MINOTH_VA":3225.24,"MINOTH_EXP":138.16,"MINSER_VA":2265.5,"MINSER_EXP":4.83,"ALYBEB_VA":33482.24,"ALYBEB_EXP":3752.53,"TEXYPR_VA":8132.29,"TEXYPR_EXP":7182.64,"MADYPR_VA":1544.46,"MADYPR_EXP":217.41,"PAPYPR_VA":3800.36,"PAPYPR_EXP":1292.42,"PETREF_VA":3228.72,"PETREF_EXP":1646.48,"QUIMYP_VA":11108.04,"QUIMYP_EXP":2874.33,"FARMED_VA":5070.04,"FARMED_EXP":1783.83,"HUPLAS_VA":4109.59,"HUPLAS_EXP":3013.67,"PRNOMT_VA":6663.32,"PRNOMT_EXP":1563.41,"METBAS_VA":3377.9,"METBAS_EXP":1523.61,"NONFER_VA":2551.85,"NONFER_EXP":2191.69,"PRMETA_VA":4258.93,"PRMETA_EXP":3904.16,"ELCTRO_VA":18678.55,"ELCTRO_EXP":29686.81,"ELCTRI_VA":6763.08,"ELCTRI_EXP":9582.53,"MAQYEQ_VA":6381.72,"MAQYEQ_EXP":4284.08,"AUTOMO_VA":20607.36,"AUTOMO_EXP":30784.13,"OTRTRA_VA":182.76,"OTRTRA_EXP":97.02,"TRANSP_VA":712.16,"TRANSP_EXP":1389.52,"OTRMAN_VA":6941.86,"OTRMAN_EXP":4093.07,"ELEGAS_VA":11726.47,"ELEGAS_EXP":96.68,"AGUBAS_VA":2094.64,"AGUBAS_EXP":29.63,"CONSTR_VA":43997.93,"CONSTR_EXP":0.18,"COMREV_VA":132596.12,"COMREV_EXP":20511.59,"TRATIE_VA":40276.43,"TRATIE_EXP":6860.23,"TRAGUA_VA":548.8,"TRAGUA_EXP":399.41,"TRAAIR_VA":1015.88,"TRAAIR_EXP":1041.74,"ALMSTR_VA":4443.59,"ALMSTR_EXP":1411.25,"POSTME_VA":633.94,"POSTME_EXP":11.45,"HOTYRE_VA":23887.9,"HOTYRE_EXP":4072.19,"MMTVRA_VA":2887.43,"MMTVRA_EXP":423.18,"TELECO_VA":9801.06,"TELECO_EXP":365.8,"ITSERV_VA":1332.52,"ITSERV_EXP":19.17,"SERFIN_VA":17642.36,"SERFIN_EXP":1267.25,"GOBEST_VA":109682.48,"GOBEST_EXP":643.87,"SPRSCT_VA":18980.92,"SPRSCT_EXP":230.6,"SEAEMP_VA":28514.25,"SEAEMP_EXP":268.94,"ADPDEF_VA":27418.95,"ADPDEF_EXP":4.34,"EDUCAC_VA":29218.45,"EDUCAC_EXP":234.2,"SALUDH_VA":16225.9,"SALUDH_EXP":176.46,"ESPARC_VA":4313.28,"ESPARC_EXP":488.81,"OTRSER_VA":9722.91,"OTRSER_EXP":204.9,"SERHOG_VA":3283.38,"SERHOG_EXP":0.0}},{"type":"Feature","geometry":{"type":"Point","coordinates":[14.38,35.94]},"properties":{"id":"MLT","name":"Malta","continent":"europe","year":2003,"AGRPFO_VA":82.07,"AGRPFO_EXP":12.08,"FORLOG_VA":0.0,"FORLOG_EXP":0.0,"PESCAC_VA":29.31,"PESCAC_EXP":17.45,"MINCOL_VA":0.0,"MINCOL_EXP":0.0,"PETGAS_VA":1.47,"PETGAS_EXP":2.82,"MINORE_VA":0.38,"MINORE_EXP":0.13,"MINOTH_VA":10.84,"MINOTH_EXP":0.3,"MINSER_VA":9.94,"MINSER_EXP":1.54,"ALYBEB_VA":142.25,"ALYBEB_EXP":105.89,"TEXYPR_VA":102.36,"TEXYPR_EXP":83.75,"MADYPR_VA":4.57,"MADYPR_EXP":0.98,"PAPYPR_VA":63.8,"PAPYPR_EXP":88.91,"PETREF_VA":0.28,"PETREF_EXP":0.18,"QUIMYP_VA":15.19,"QUIMYP_EXP":14.42,"FARMED_VA":68.17,"FARMED_EXP":28.37,"HUPLAS_VA":53.84,"HUPLAS_EXP":72.01,"PRNOMT_VA":33.79,"PRNOMT_EXP":6.28,"METBAS_VA":0.5,"METBAS_EXP":0.31,"NONFER_VA":0.33,"NONFER_EXP":0.38,"PRMETA_VA":30.65,"PRMETA_EXP":22.92,"ELCTRO_VA":63.12,"ELCTRO_EXP":436.11,"ELCTRI_VA":23.6,"ELCTRI_EXP":24.11,"MAQYEQ_VA":21.37,"MAQYEQ_EXP":16.6,"AUTOMO_VA":41.6,"AUTOMO_EXP":0.79,"OTRTRA_VA":5.99,"OTRTRA_EXP":12.52,"TRANSP_VA":12.29,"TRANSP_EXP":17.61,"OTRMAN_VA":167.3,"OTRMAN_EXP":129.86,"ELEGAS_VA":13.73,"ELEGAS_EXP":0.28,"AGUBAS_VA":70.58,"AGUBAS_EXP":0.42,"CONSTR_VA":406.15,"CONSTR_EXP":1.33,"COMREV_VA":653.66,"COMREV_EXP":186.39,"TRATIE_VA":66.79,"TRATIE_EXP":43.17,"TRAGUA_VA":15.75,"TRAGUA_EXP":23.62,"TRAAIR_VA":45.23,"TRAAIR_EXP":119.52,"ALMSTR_VA":214.05,"ALMSTR_EXP":134.17,"POSTME_VA":14.66,"POSTME_EXP":6.08,"HOTYRE_VA":315.3,"HOTYRE_EXP":401.11,"MMTVRA_VA":33.98,"MMTVRA_EXP":8.57,"TELECO_VA":125.8,"TELECO_EXP":38.75,"ITSERV_VA":74.33,"ITSERV_EXP":10.06,"SERFIN_VA":186.57,"SERFIN_EXP":203.88,"GOBEST_VA":303.09,"GOBEST_EXP":22.21,"SPRSCT_VA":198.0,"SPRSCT_EXP":102.54,"SEAEMP_VA":186.45,"SEAEMP_EXP":74.44,"ADPDEF_VA":351.04,"ADPDEF_EXP":2.92,"EDUCAC_VA":314.38,"EDUCAC_EXP":11.76,"SALUDH_VA":241.61,"SALUDH_EXP":10.25,"ESPARC_VA":107.38,"ESPARC_EXP":85.42,"OTRSER_VA":77.24,"OTRSER_EXP":8.88,"SERHOG_VA":0.92,"SERHOG_EXP":0.0}},{"type":"Feature","geometry":{"type":"Point","coordinates":[95.96,21.91]},"properties":{"id":"MMR","name":"Myanmar","continent":"asia","year":2003,"AGRPFO_VA":2909.65,"AGRPFO_EXP":512.84,"FORLOG_VA":79.46,"FORLOG_EXP":83.08,"PESCAC_VA":477.94,"PESCAC_EXP":73.57,"MINCOL_VA":0.55,"MINCOL_EXP":0.09,"PETGAS_VA":243.23,"PETGAS_EXP":434.59,"MINORE_VA":36.36,"MINORE_EXP":5.56,"MINOTH_VA":34.83,"MINOTH_EXP":43.93,"MINSER_VA":1.61,"MINSER_EXP":0.81,"ALYBEB_VA":432.05,"ALYBEB_EXP":114.15,"TEXYPR_VA":312.91,"TEXYPR_EXP":330.83,"MADYPR_VA":49.28,"MADYPR_EXP":24.12,"PAPYPR_VA":34.46,"PAPYPR_EXP":6.89,"PETREF_VA":50.27,"PETREF_EXP":22.82,"QUIMYP_VA":44.06,"QUIMYP_EXP":5.21,"FARMED_VA":21.43,"FARMED_EXP":0.38,"HUPLAS_VA":27.43,"HUPLAS_EXP":3.63,"PRNOMT_VA":47.01,"PRNOMT_EXP":1.61,"METBAS_VA":24.42,"METBAS_EXP":0.16,"NONFER_VA":21.55,"NONFER_EXP":0.57,"PRMETA_VA":34.41,"PRMETA_EXP":4.14,"ELCTRO_VA":35.93,"ELCTRO_EXP":8.24,"ELCTRI_VA":29.01,"ELCTRI_EXP":10.45,"MAQYEQ_VA":29.08,"MAQYEQ_EXP":15.76,"AUTOMO_VA":49.67,"AUTOMO_EXP":1.52,"OTRTRA_VA":5.93,"OTRTRA_EXP":0.16,"TRANSP_VA":6.92,"TRANSP_EXP":8.4,"OTRMAN_VA":74.84,"OTRMAN_EXP":10.52,"ELEGAS_VA":32.27,"ELEGAS_EXP":3.04,"AGUBAS_VA":6.79,"AGUBAS_EXP":0.11,"CONSTR_VA":242.19,"CONSTR_EXP":1.65,"COMREV_VA":584.15,"COMREV_EXP":104.08,"TRATIE_VA":133.43,"TRATIE_EXP":18.33,"TRAGUA_VA":48.82,"TRAGUA_EXP":43.18,"TRAAIR_VA":32.69,"TRAAIR_EXP":37.79,"ALMSTR_VA":49.08,"ALMSTR_EXP":36.55,"POSTME_VA":8.58,"POSTME_EXP":0.1,"HOTYRE_VA":160.21,"HOTYRE_EXP":11.16,"MMTVRA_VA":31.04,"MMTVRA_EXP":1.61,"TELECO_VA":102.8,"TELECO_EXP":0.67,"ITSERV_VA":22.69,"ITSERV_EXP":0.63,"SERFIN_VA":163.11,"SERFIN_EXP":1.45,"GOBEST_VA":215.92,"GOBEST_EXP":5.02,"SPRSCT_VA":117.41,"SPRSCT_EXP":28.46,"SEAEMP_VA":76.59,"SEAEMP_EXP":21.41,"ADPDEF_VA":236.53,"ADPDEF_EXP":0.42,"EDUCAC_VA":146.47,"EDUCAC_EXP":0.69,"SALUDH_VA":179.82,"SALUDH_EXP":0.55,"ESPARC_VA":33.64,"ESPARC_EXP":1.17,"OTRSER_VA":48.7,"OTRSER_EXP":0.8,"SERHOG_VA":0.0,"SERHOG_EXP":0.0}},{"type":"Feature","geometry":{"type":"Point","coordinates":[101.98,4.21]},"properties":{"id":"MYS","name":"Malasia","continent":"asia","year":2003,"AGRPFO_VA":8108.6,"AGRPFO_EXP":1833.3,"FORLOG_VA":1064.09,"FORLOG_EXP":886.45,"PESCAC_VA":1125.98,"PESCAC_EXP":104.75,"MINCOL_VA":4045.97,"MINCOL_EXP":83.6,"PETGAS_VA":5795.17,"PETGAS_EXP":7887.96,"MINORE_VA":164.48,"MINORE_EXP":18.73,"MINOTH_VA":587.17,"MINOTH_EXP":185.42,"MINSER_VA":781.19,"MINSER_EXP":17.74,"ALYBEB_VA":1657.22,"ALYBEB_EXP":8072.45,"TEXYPR_VA":371.99,"TEXYPR_EXP":1373.31,"MADYPR_VA":550.92,"MADYPR_EXP":2074.02,"PAPYPR_VA":668.73,"PAPYPR_EXP":415.59,"PETREF_VA":3184.67,"PETREF_EXP":2923.04,"QUIMYP_VA":2010.83,"QUIMYP_EXP":4997.98,"FARMED_VA":145.91,"FARMED_EXP":96.81,"HUPLAS_VA":1297.72,"HUPLAS_EXP":3004.04,"PRNOMT_VA":708.02,"PRNOMT_EXP":615.0,"METBAS_VA":403.85,"METBAS_EXP":1144.31,"NONFER_VA":186.56,"NONFER_EXP":1151.63,"PRMETA_VA":802.16,"PRMETA_EXP":1043.98,"ELCTRO_VA":5035.86,"ELCTRO_EXP":25749.87,"ELCTRI_VA":343.64,"ELCTRI_EXP":2588.79,"MAQYEQ_VA":598.57,"MAQYEQ_EXP":1903.56,"AUTOMO_VA":1735.94,"AUTOMO_EXP":222.96,"OTRTRA_VA":176.56,"OTRTRA_EXP":512.12,"TRANSP_VA":171.19,"TRANSP_EXP":462.7,"OTRMAN_VA":820.27,"OTRMAN_EXP":910.47,"ELEGAS_VA":2208.91,"ELEGAS_EXP":116.94,"AGUBAS_VA":759.83,"AGUBAS_EXP":9.99,"CONSTR_VA":3544.43,"CONSTR_EXP":8.3,"COMREV_VA":22689.39,"COMREV_EXP":7408.24,"TRATIE_VA":1005.07,"TRATIE_EXP":913.54,"TRAGUA_VA":599.88,"TRAGUA_EXP":838.14,"TRAAIR_VA":496.27,"TRAAIR_EXP":1323.69,"ALMSTR_VA":1111.86,"ALMSTR_EXP":555.02,"POSTME_VA":146.63,"POSTME_EXP":255.28,"HOTYRE_VA":3144.77,"HOTYRE_EXP":2350.65,"MMTVRA_VA":485.85,"MMTVRA_EXP":229.7,"TELECO_VA":2301.56,"TELECO_EXP":396.42,"ITSERV_VA":1167.76,"ITSERV_EXP":691.02,"SERFIN_VA":7967.0,"SERFIN_EXP":1264.99,"GOBEST_VA":3043.25,"GOBEST_EXP":457.03,"SPRSCT_VA":2109.54,"SPRSCT_EXP":1628.85,"SEAEMP_VA":1090.09,"SEAEMP_EXP":687.29,"ADPDEF_VA":8003.63,"ADPDEF_EXP":189.88,"EDUCAC_VA":3524.7,"EDUCAC_EXP":114.87,"SALUDH_VA":994.2,"SALUDH_EXP":94.46,"ESPARC_VA":653.65,"ESPARC_EXP":303.18,"OTRSER_VA":226.8,"OTRSER_EXP":114.84,"SERHOG_VA":115.82,"SERHOG_EXP":0.0}},{"type":"Feature","geometry":{"type":"Point","coordinates":[8.68,9.08]},"properties":{"id":"NGA","name":"Nigeria","continent":"other","year":2003,"AGRPFO_VA":33283.83,"AGRPFO_EXP":5740.49,"FORLOG_VA":327.54,"FORLOG_EXP":78.12,"PESCAC_VA":608.78,"PESCAC_EXP":1.15,"MINCOL_VA":10.94,"MINCOL_EXP":0.06,"PETGAS_VA":11920.59,"PETGAS_EXP":15639.04,"MINORE_VA":5.31,"MINORE_EXP":2.44,"MINOTH_VA":64.3,"MINOTH_EXP":15.61,"MINSER_VA":12.17,"MINSER_EXP":17.11,"ALYBEB_VA":8252.06,"ALYBEB_EXP":992.83,"TEXYPR_VA":959.59,"TEXYPR_EXP":518.11,"MADYPR_VA":363.63,"MADYPR_EXP":69.33,"PAPYPR_VA":117.41,"PAPYPR_EXP":1.57,"PETREF_VA":536.58,"PETREF_EXP":876.1,"QUIMYP_VA":152.15,"QUIMYP_EXP":94.99,"FARMED_VA":29.54,"FARMED_EXP":1.24,"HUPLAS_VA":108.45,"HUPLAS_EXP":86.99,"PRNOMT_VA":504.88,"PRNOMT_EXP":4.04,"METBAS_VA":44.34,"METBAS_EXP":9.66,"NONFER_VA":40.98,"NONFER_EXP":15.85,"PRMETA_VA":34.96,"PRMETA_EXP":25.44,"ELCTRO_VA":60.41,"ELCTRO_EXP":4.44,"ELCTRI_VA":7.37,"ELCTRI_EXP":4.7,"MAQYEQ_VA":42.43,"MAQYEQ_EXP":39.1,"AUTOMO_VA":69.62,"AUTOMO_EXP":7.33,"OTRTRA_VA":45.14,"OTRTRA_EXP":2.88,"TRANSP_VA":0.8,"TRANSP_EXP":0.61,"OTRMAN_VA":456.6,"OTRMAN_EXP":15.06,"ELEGAS_VA":420.49,"ELEGAS_EXP":18.67,"AGUBAS_VA":128.22,"AGUBAS_EXP":0.25,"CONSTR_VA":1961.59,"CONSTR_EXP":1.02,"COMREV_VA":13834.57,"COMREV_EXP":1766.27,"TRATIE_VA":1750.5,"TRATIE_EXP":978.6,"TRAGUA_VA":115.37,"TRAGUA_EXP":38.24,"TRAAIR_VA":129.79,"TRAAIR_EXP":312.44,"ALMSTR_VA":343.22,"ALMSTR_EXP":133.78,"POSTME_VA":39.41,"POSTME_EXP":42.68,"HOTYRE_VA":453.98,"HOTYRE_EXP":10.35,"MMTVRA_VA":2790.02,"MMTVRA_EXP":22.32,"TELECO_VA":4414.5,"TELECO_EXP":20.11,"ITSERV_VA":1586.29,"ITSERV_EXP":85.75,"SERFIN_VA":2506.18,"SERFIN_EXP":56.75,"GOBEST_VA":7029.69,"GOBEST_EXP":30.38,"SPRSCT_VA":2175.71,"SPRSCT_EXP":44.12,"SEAEMP_VA":16.29,"SEAEMP_EXP":6.32,"ADPDEF_VA":654.52,"ADPDEF_EXP":0.31,"EDUCAC_VA":2261.14,"EDUCAC_EXP":0.5,"SALUDH_VA":882.7,"SALUDH_EXP":0.43,"ESPARC_VA":96.19,"ESPARC_EXP":1.17,"OTRSER_VA":1460.5,"OTRSER_EXP":1.66,"SERHOG_VA":365.54,"SERHOG_EXP":0.0}},{"type":"Feature","geometry":{"type":"Point","coordinates":[5.29,52.13]},"properties":{"id":"NLD","name":"Países Bajos","continent":"europe","year":2003,"AGRPFO_VA":12094.05,"AGRPFO_EXP":11623.96,"FORLOG_VA":93.39,"FORLOG_EXP":115.74,"PESCAC_VA":434.77,"PESCAC_EXP":414.6,"MINCOL_VA":0.0,"MINCOL_EXP":0.0,"PETGAS_VA":12055.89,"PETGAS_EXP":5723.99,"MINORE_VA":0.0,"MINORE_EXP":0.0,"MINOTH_VA":482.62,"MINOTH_EXP":526.45,"MINSER_VA":2288.01,"MINSER_EXP":2053.38,"ALYBEB_VA":13215.53,"ALYBEB_EXP":20678.92,"TEXYPR_VA":1368.29,"TEXYPR_EXP":2645.4,"MADYPR_VA":1110.3,"MADYPR_EXP":654.01,"PAPYPR_VA":4549.21,"PAPYPR_EXP":3550.46,"PETREF_VA":1436.03,"PETREF_EXP":6550.4,"QUIMYP_VA":9617.47,"QUIMYP_EXP":20387.99,"FARMED_VA":3280.45,"FARMED_EXP":4731.57,"HUPLAS_VA":2653.53,"HUPLAS_EXP":4044.36,"PRNOMT_VA":2174.82,"PRNOMT_EXP":1348.26,"METBAS_VA":1600.85,"METBAS_EXP":1296.24,"NONFER_VA":581.78,"NONFER_EXP":1611.72,"PRMETA_VA":5525.44,"PRMETA_EXP":5008.34,"ELCTRO_VA":4254.23,"ELCTRO_EXP":15165.19,"ELCTRI_VA":2753.46,"ELCTRI_EXP":4692.23,"MAQYEQ_VA":5747.16,"MAQYEQ_EXP":12498.42,"AUTOMO_VA":2848.17,"AUTOMO_EXP":4459.62,"OTRTRA_VA":1064.08,"OTRTRA_EXP":1000.32,"TRANSP_VA":630.79,"TRANSP_EXP":684.19,"OTRMAN_VA":5850.96,"OTRMAN_EXP":5095.53,"ELEGAS_VA":5625.34,"ELEGAS_EXP":461.92,"AGUBAS_VA":3843.15,"AGUBAS_EXP":469.23,"CONSTR_VA":28978.64,"CONSTR_EXP":212.75,"COMREV_VA":70664.61,"COMREV_EXP":37153.18,"TRATIE_VA":11157.24,"TRATIE_EXP":6689.37,"TRAGUA_VA":2177.72,"TRAGUA_EXP":3824.95,"TRAAIR_VA":3264.37,"TRAAIR_EXP":5655.94,"ALMSTR_VA":6255.11,"ALMSTR_EXP":4771.19,"POSTME_VA":3044.6,"POSTME_EXP":1816.23,"HOTYRE_VA":10288.72,"HOTYRE_EXP":2975.93,"MMTVRA_VA":5330.44,"MMTVRA_EXP":2800.18,"TELECO_VA":11193.47,"TELECO_EXP":1651.36,"ITSERV_VA":9734.56,"ITSERV_EXP":5937.99,"SERFIN_VA":40360.6,"SERFIN_EXP":5216.3,"GOBEST_VA":36429.67,"GOBEST_EXP":466.07,"SPRSCT_VA":41562.75,"SPRSCT_EXP":18020.58,"SEAEMP_VA":26084.97,"SEAEMP_EXP":7101.96,"ADPDEF_VA":42149.08,"ADPDEF_EXP":2177.05,"EDUCAC_VA":25253.04,"EDUCAC_EXP":449.18,"SALUDH_VA":39940.88,"SALUDH_EXP":172.53,"ESPARC_VA":6359.77,"ESPARC_EXP":677.16,"OTRSER_VA":6687.76,"OTRSER_EXP":240.66,"SERHOG_VA":172.36,"SERHOG_EXP":0.0}},{"type":"Feature","geometry":{"type":"Point","coordinates":[8.47,60.47]},"properties":{"id":"NOR","name":"Noruega","continent":"europe","year":2003,"AGRPFO_VA":1482.31,"AGRPFO_EXP":59.78,"FORLOG_VA":624.17,"FORLOG_EXP":15.87,"PESCAC_VA":931.95,"PESCAC_EXP":816.36,"MINCOL_VA":131.73,"MINCOL_EXP":99.88,"PETGAS_VA":39517.38,"PETGAS_EXP":38907.89,"MINORE_VA":30.7,"MINORE_EXP":44.58,"MINOTH_VA":202.81,"MINOTH_EXP":229.5,"MINSER_VA":1390.56,"MINSER_EXP":301.12,"ALYBEB_VA":4289.7,"ALYBEB_EXP":2008.0,"TEXYPR_VA":347.55,"TEXYPR_EXP":270.01,"MADYPR_VA":926.66,"MADYPR_EXP":299.92,"PAPYPR_VA":1520.75,"PAPYPR_EXP":1152.6,"PETREF_VA":356.72,"PETREF_EXP":2618.41,"QUIMYP_VA":1274.95,"QUIMYP_EXP":2065.09,"FARMED_VA":453.02,"FARMED_EXP":232.63,"HUPLAS_VA":442.15,"HUPLAS_EXP":281.63,"PRNOMT_VA":860.38,"PRNOMT_EXP":235.0,"METBAS_VA":666.19,"METBAS_EXP":828.84,"NONFER_VA":899.04,"NONFER_EXP":3304.14,"PRMETA_VA":1532.01,"PRMETA_EXP":506.31,"ELCTRO_VA":1339.75,"ELCTRO_EXP":1232.87,"ELCTRI_VA":661.29,"ELCTRI_EXP":492.21,"MAQYEQ_VA":1486.29,"MAQYEQ_EXP":1270.96,"AUTOMO_VA":439.92,"AUTOMO_EXP":430.29,"OTRTRA_VA":1895.05,"OTRTRA_EXP":953.24,"TRANSP_VA":59.87,"TRANSP_EXP":74.68,"OTRMAN_VA":1983.14,"OTRMAN_EXP":1271.51,"ELEGAS_VA":5063.82,"ELEGAS_EXP":263.34,"AGUBAS_VA":1715.61,"AGUBAS_EXP":27.92,"CONSTR_VA":9905.69,"CONSTR_EXP":17.87,"COMREV_VA":18582.53,"COMREV_EXP":5155.74,"TRATIE_VA":5496.03,"TRATIE_EXP":2778.58,"TRAGUA_VA":3734.37,"TRAGUA_EXP":10248.42,"TRAAIR_VA":1014.14,"TRAAIR_EXP":579.39,"ALMSTR_VA":2363.22,"ALMSTR_EXP":1337.55,"POSTME_VA":1201.43,"POSTME_EXP":58.45,"HOTYRE_VA":2974.97,"HOTYRE_EXP":908.36,"MMTVRA_VA":3170.45,"MMTVRA_EXP":266.01,"TELECO_VA":3249.96,"TELECO_EXP":300.3,"ITSERV_VA":2645.24,"ITSERV_EXP":326.21,"SERFIN_VA":8264.98,"SERFIN_EXP":1424.29,"GOBEST_VA":15578.27,"GOBEST_EXP":259.71,"SPRSCT_VA":7458.83,"SPRSCT_EXP":2230.48,"SEAEMP_VA":4368.88,"SEAEMP_EXP":909.05,"ADPDEF_VA":12691.13,"ADPDEF_EXP":9.77,"EDUCAC_VA":10678.48,"EDUCAC_EXP":110.06,"SALUDH_VA":19127.3,"SALUDH_EXP":49.32,"ESPARC_VA":2814.04,"ESPARC_EXP":153.01,"OTRSER_VA":1980.76,"OTRSER_EXP":45.09,"SERHOG_VA":104.42,"SERHOG_EXP":0.0}},{"type":"Feature","geometry":{"type":"Point","coordinates":[174.89,-40.9]},"properties":{"id":"NZL","name":"Nueva Zelanda","continent":"other","year":2003,"AGRPFO_VA":3529.9,"AGRPFO_EXP":820.91,"FORLOG_VA":464.02,"FORLOG_EXP":254.77,"PESCAC_VA":693.22,"PESCAC_EXP":85.04,"MINCOL_VA":14.45,"MINCOL_EXP":32.08,"PETGAS_VA":182.97,"PETGAS_EXP":111.77,"MINORE_VA":468.45,"MINORE_EXP":46.48,"MINOTH_VA":74.44,"MINOTH_EXP":10.54,"MINSER_VA":58.8,"MINSER_EXP":8.31,"ALYBEB_VA":3878.78,"ALYBEB_EXP":5917.55,"TEXYPR_VA":517.8,"TEXYPR_EXP":522.97,"MADYPR_VA":697.26,"MADYPR_EXP":574.41,"PAPYPR_VA":940.26,"PAPYPR_EXP":583.58,"PETREF_VA":904.29,"PETREF_EXP":346.89,"QUIMYP_VA":542.57,"QUIMYP_EXP":434.66,"FARMED_VA":76.22,"FARMED_EXP":66.89,"HUPLAS_VA":681.29,"HUPLAS_EXP":278.75,"PRNOMT_VA":452.21,"PRNOMT_EXP":49.17,"METBAS_VA":115.23,"METBAS_EXP":179.48,"NONFER_VA":302.97,"NONFER_EXP":516.94,"PRMETA_VA":1011.25,"PRMETA_EXP":303.21,"ELCTRO_VA":138.54,"ELCTRO_EXP":183.72,"ELCTRI_VA":338.68,"ELCTRI_EXP":377.59,"MAQYEQ_VA":749.41,"MAQYEQ_EXP":378.2,"AUTOMO_VA":110.11,"AUTOMO_EXP":35.1,"OTRTRA_VA":81.79,"OTRTRA_EXP":75.04,"TRANSP_VA":305.35,"TRANSP_EXP":47.61,"OTRMAN_VA":374.92,"OTRMAN_EXP":223.72,"ELEGAS_VA":1944.24,"ELEGAS_EXP":58.5,"AGUBAS_VA":436.1,"AGUBAS_EXP":5.2,"CONSTR_VA":3955.6,"CONSTR_EXP":40.25,"COMREV_VA":8643.05,"COMREV_EXP":3317.06,"TRATIE_VA":1444.66,"TRATIE_EXP":503.97,"TRAGUA_VA":236.65,"TRAGUA_EXP":122.55,"TRAAIR_VA":417.0,"TRAAIR_EXP":961.16,"ALMSTR_VA":1160.42,"ALMSTR_EXP":188.41,"POSTME_VA":545.22,"POSTME_EXP":62.66,"HOTYRE_VA":1653.84,"HOTYRE_EXP":1278.05,"MMTVRA_VA":1053.54,"MMTVRA_EXP":193.64,"TELECO_VA":1088.19,"TELECO_EXP":285.31,"ITSERV_VA":1046.18,"ITSERV_EXP":238.37,"SERFIN_VA":4130.49,"SERFIN_EXP":250.63,"GOBEST_VA":8049.86,"GOBEST_EXP":317.94,"SPRSCT_VA":5463.57,"SPRSCT_EXP":489.62,"SEAEMP_VA":1448.86,"SEAEMP_EXP":560.13,"ADPDEF_VA":3010.57,"ADPDEF_EXP":46.62,"EDUCAC_VA":3409.88,"EDUCAC_EXP":223.28,"SALUDH_VA":4072.41,"SALUDH_EXP":81.73,"ESPARC_VA":1271.16,"ESPARC_EXP":384.26,"OTRSER_VA":1837.82,"OTRSER_EXP":92.26,"SERHOG_VA":207.21,"SERHOG_EXP":0.0}},{"type":"Feature","geometry":{"type":"Point","coordinates":[69.35,30.38]},"properties":{"id":"PAK","name":"Pakistán","continent":"asia","year":2003,"AGRPFO_VA":17667.36,"AGRPFO_EXP":279.85,"FORLOG_VA":883.64,"FORLOG_EXP":21.94,"PESCAC_VA":315.5,"PESCAC_EXP":14.29,"MINCOL_VA":48.4,"MINCOL_EXP":0.88,"PETGAS_VA":1656.03,"PETGAS_EXP":34.11,"MINORE_VA":59.64,"MINORE_EXP":7.1,"MINOTH_VA":84.65,"MINOTH_EXP":8.97,"MINSER_VA":83.15,"MINSER_EXP":2.83,"ALYBEB_VA":3324.42,"ALYBEB_EXP":845.92,"TEXYPR_VA":4621.7,"TEXYPR_EXP":5885.6,"MADYPR_VA":346.6,"MADYPR_EXP":15.3,"PAPYPR_VA":730.13,"PAPYPR_EXP":43.62,"PETREF_VA":851.13,"PETREF_EXP":203.1,"QUIMYP_VA":932.09,"QUIMYP_EXP":256.66,"FARMED_VA":318.37,"FARMED_EXP":37.1,"HUPLAS_VA":406.27,"HUPLAS_EXP":37.73,"PRNOMT_VA":720.63,"PRNOMT_EXP":51.37,"METBAS_VA":402.75,"METBAS_EXP":19.77,"NONFER_VA":316.72,"NONFER_EXP":2.66,"PRMETA_VA":492.18,"PRMETA_EXP":72.06,"ELCTRO_VA":479.04,"ELCTRO_EXP":17.47,"ELCTRI_VA":298.8,"ELCTRI_EXP":27.28,"MAQYEQ_VA":491.03,"MAQYEQ_EXP":33.26,"AUTOMO_VA":688.07,"AUTOMO_EXP":10.96,"OTRTRA_VA":97.37,"OTRTRA_EXP":2.12,"TRANSP_VA":110.77,"TRANSP_EXP":2.68,"OTRMAN_VA":353.78,"OTRMAN_EXP":326.39,"ELEGAS_VA":1831.04,"ELEGAS_EXP":5.85,"AGUBAS_VA":491.0,"AGUBAS_EXP":2.97,"CONSTR_VA":2131.02,"CONSTR_EXP":10.95,"COMREV_VA":8677.76,"COMREV_EXP":1372.93,"TRATIE_VA":2159.21,"TRATIE_EXP":148.91,"TRAGUA_VA":612.03,"TRAGUA_EXP":649.99,"TRAAIR_VA":426.48,"TRAAIR_EXP":345.48,"ALMSTR_VA":718.67,"ALMSTR_EXP":102.14,"POSTME_VA":189.9,"POSTME_EXP":1.39,"HOTYRE_VA":2097.59,"HOTYRE_EXP":44.36,"MMTVRA_VA":696.91,"MMTVRA_EXP":83.3,"TELECO_VA":1580.51,"TELECO_EXP":210.8,"ITSERV_VA":424.51,"ITSERV_EXP":261.67,"SERFIN_VA":2878.84,"SERFIN_EXP":142.39,"GOBEST_VA":4106.56,"GOBEST_EXP":33.49,"SPRSCT_VA":2271.32,"SPRSCT_EXP":328.73,"SEAEMP_VA":1370.02,"SEAEMP_EXP":202.66,"ADPDEF_VA":4381.33,"ADPDEF_EXP":3.64,"EDUCAC_VA":2156.95,"EDUCAC_EXP":4.11,"SALUDH_VA":3258.38,"SALUDH_EXP":3.86,"ESPARC_VA":642.41,"ESPARC_EXP":20.97,"OTRSER_VA":949.18,"OTRSER_EXP":9.31,"SERHOG_VA":493.46,"SERHOG_EXP":0.0}},{"type":"Feature","geometry":{"type":"Point","coordinates":[-75.02,-9.19]},"properties":{"id":"PER","name":"Perú","continent":"america","year":2003,"AGRPFO_VA":3237.85,"AGRPFO_EXP":220.29,"FORLOG_VA":151.81,"FORLOG_EXP":4.4,"PESCAC_VA":427.48,"PESCAC_EXP":2.82,"MINCOL_VA":86.63,"MINCOL_EXP":0.11,"PETGAS_VA":1024.86,"PETGAS_EXP":276.35,"MINORE_VA":6629.17,"MINORE_EXP":4010.08,"MINOTH_VA":163.42,"MINOTH_EXP":6.03,"MINSER_VA":658.75,"MINSER_EXP":0.64,"ALYBEB_VA":2271.75,"ALYBEB_EXP":998.35,"TEXYPR_VA":1309.18,"TEXYPR_EXP":491.07,"MADYPR_VA":294.24,"MADYPR_EXP":53.19,"PAPYPR_VA":528.79,"PAPYPR_EXP":26.04,"PETREF_VA":416.05,"PETREF_EXP":506.22,"QUIMYP_VA":564.39,"QUIMYP_EXP":156.39,"FARMED_VA":172.2,"FARMED_EXP":8.21,"HUPLAS_VA":346.87,"HUPLAS_EXP":78.12,"PRNOMT_VA":574.55,"PRNOMT_EXP":50.81,"METBAS_VA":155.23,"METBAS_EXP":43.48,"NONFER_VA":1163.6,"NONFER_EXP":1430.21,"PRMETA_VA":350.8,"PRMETA_EXP":86.87,"ELCTRO_VA":21.71,"ELCTRO_EXP":5.85,"ELCTRI_VA":23.37,"ELCTRI_EXP":70.72,"MAQYEQ_VA":238.97,"MAQYEQ_EXP":38.74,"AUTOMO_VA":121.11,"AUTOMO_EXP":9.75,"OTRTRA_VA":7.46,"OTRTRA_EXP":2.21,"TRANSP_VA":60.03,"TRANSP_EXP":1.74,"OTRMAN_VA":1370.22,"OTRMAN_EXP":365.05,"ELEGAS_VA":964.78,"ELEGAS_EXP":1.73,"AGUBAS_VA":235.26,"AGUBAS_EXP":0.12,"CONSTR_VA":2825.51,"CONSTR_EXP":1.91,"COMREV_VA":5910.6,"COMREV_EXP":680.93,"TRATIE_VA":2071.61,"TRATIE_EXP":185.91,"TRAGUA_VA":51.27,"TRAGUA_EXP":39.72,"TRAAIR_VA":150.78,"TRAAIR_EXP":136.11,"ALMSTR_VA":611.18,"ALMSTR_EXP":74.19,"POSTME_VA":71.54,"POSTME_EXP":7.19,"HOTYRE_VA":1714.46,"HOTYRE_EXP":374.29,"MMTVRA_VA":298.88,"MMTVRA_EXP":26.78,"TELECO_VA":1061.74,"TELECO_EXP":42.88,"ITSERV_VA":159.16,"ITSERV_EXP":1.57,"SERFIN_VA":1891.19,"SERFIN_EXP":59.76,"GOBEST_VA":2777.55,"GOBEST_EXP":41.35,"SPRSCT_VA":1624.36,"SPRSCT_EXP":49.26,"SEAEMP_VA":1256.11,"SEAEMP_EXP":56.84,"ADPDEF_VA":2455.0,"ADPDEF_EXP":99.78,"EDUCAC_VA":2731.31,"EDUCAC_EXP":18.51,"SALUDH_VA":1307.4,"SALUDH_EXP":19.43,"ESPARC_VA":326.94,"ESPARC_EXP":86.15,"OTRSER_VA":615.44,"OTRSER_EXP":28.29,"SERHOG_VA":1443.85,"SERHOG_EXP":0.0}},{"type":"Feature","geometry":{"type":"Point","coordinates":[121.77,12.88]},"properties":{"id":"PHL","name":"Filipinas","continent":"asia","year":2003,"AGRPFO_VA":8092.15,"AGRPFO_EXP":590.19,"FORLOG_VA":728.23,"FORLOG_EXP":8.59,"PESCAC_VA":1989.8,"PESCAC_EXP":129.62,"MINCOL_VA":46.92,"MINCOL_EXP":55.19,"PETGAS_VA":373.94,"PETGAS_EXP":145.93,"MINORE_VA":351.39,"MINORE_EXP":124.48,"MINOTH_VA":146.12,"MINOTH_EXP":17.56,"MINSER_VA":28.71,"MINSER_EXP":55.04,"ALYBEB_VA":8827.48,"ALYBEB_EXP":2007.3,"TEXYPR_VA":1748.55,"TEXYPR_EXP":1666.69,"MADYPR_VA":282.28,"MADYPR_EXP":246.3,"PAPYPR_VA":345.67,"PAPYPR_EXP":159.36,"PETREF_VA":1070.46,"PETREF_EXP":858.2,"QUIMYP_VA":985.67,"QUIMYP_EXP":404.82,"FARMED_VA":238.0,"FARMED_EXP":31.28,"HUPLAS_VA":275.99,"HUPLAS_EXP":298.1,"PRNOMT_VA":391.89,"PRNOMT_EXP":208.91,"METBAS_VA":110.29,"METBAS_EXP":123.83,"NONFER_VA":190.17,"NONFER_EXP":770.56,"PRMETA_VA":180.0,"PRMETA_EXP":303.67,"ELCTRO_VA":3948.76,"ELCTRO_EXP":8105.82,"ELCTRI_VA":345.4,"ELCTRI_EXP":764.95,"MAQYEQ_VA":427.33,"MAQYEQ_EXP":189.46,"AUTOMO_VA":246.5,"AUTOMO_EXP":238.03,"OTRTRA_VA":60.02,"OTRTRA_EXP":92.67,"TRANSP_VA":172.27,"TRANSP_EXP":69.77,"OTRMAN_VA":538.82,"OTRMAN_EXP":626.81,"ELEGAS_VA":2618.67,"ELEGAS_EXP":17.69,"AGUBAS_VA":400.87,"AGUBAS_EXP":4.05,"CONSTR_VA":4102.12,"CONSTR_EXP":49.98,"COMREV_VA":12833.35,"COMREV_EXP":3179.09,"TRATIE_VA":2074.95,"TRATIE_EXP":393.53,"TRAGUA_VA":372.86,"TRAGUA_EXP":531.88,"TRAAIR_VA":254.97,"TRAAIR_EXP":534.64,"ALMSTR_VA":571.26,"ALMSTR_EXP":138.99,"POSTME_VA":61.69,"POSTME_EXP":12.34,"HOTYRE_VA":1309.04,"HOTYRE_EXP":869.6,"MMTVRA_VA":407.0,"MMTVRA_EXP":173.97,"TELECO_VA":3461.72,"TELECO_EXP":705.91,"ITSERV_VA":321.54,"ITSERV_EXP":220.47,"SERFIN_VA":4521.32,"SERFIN_EXP":307.83,"GOBEST_VA":5081.68,"GOBEST_EXP":204.97,"SPRSCT_VA":989.43,"SPRSCT_EXP":702.84,"SEAEMP_VA":1849.36,"SEAEMP_EXP":1288.89,"ADPDEF_VA":3676.27,"ADPDEF_EXP":9.24,"EDUCAC_VA":3931.67,"EDUCAC_EXP":34.59,"SALUDH_VA":1102.0,"SALUDH_EXP":25.01,"ESPARC_VA":792.88,"ESPARC_EXP":107.41,"OTRSER_VA":867.47,"OTRSER_EXP":38.14,"SERHOG_VA":0.0,"SERHOG_EXP":0.0}},{"type":"Feature","geometry":{"type":"Point","coordinates":[19.15,51.92]},"properties":{"id":"POL","name":"Polonia","continent":"europe","year":2003,"AGRPFO_VA":5531.7,"AGRPFO_EXP":751.33,"FORLOG_VA":643.49,"FORLOG_EXP":112.45,"PESCAC_VA":67.35,"PESCAC_EXP":9.22,"MINCOL_VA":2804.86,"MINCOL_EXP":726.93,"PETGAS_VA":37.78,"PETGAS_EXP":40.41,"MINORE_VA":960.4,"MINORE_EXP":1356.95,"MINOTH_VA":305.08,"MINOTH_EXP":83.16,"MINSER_VA":64.09,"MINSER_EXP":11.43,"ALYBEB_VA":5848.72,"ALYBEB_EXP":3204.5,"TEXYPR_VA":2025.4,"TEXYPR_EXP":3137.65,"MADYPR_VA":1428.44,"MADYPR_EXP":1708.23,"PAPYPR_VA":1917.0,"PAPYPR_EXP":1419.75,"PETREF_VA":1941.06,"PETREF_EXP":1180.41,"QUIMYP_VA":1894.58,"QUIMYP_EXP":2163.73,"FARMED_VA":554.06,"FARMED_EXP":199.72,"HUPLAS_VA":2290.09,"HUPLAS_EXP":2338.1,"PRNOMT_VA":2724.79,"PRNOMT_EXP":1217.51,"METBAS_VA":704.64,"METBAS_EXP":1218.13,"NONFER_VA":222.62,"NONFER_EXP":947.48,"PRMETA_VA":2821.98,"PRMETA_EXP":2834.71,"ELCTRO_VA":1119.62,"ELCTRO_EXP":2526.19,"ELCTRI_VA":1638.15,"ELCTRI_EXP":2472.98,"MAQYEQ_VA":1838.56,"MAQYEQ_EXP":2754.88,"AUTOMO_VA":2619.4,"AUTOMO_EXP":5759.84,"OTRTRA_VA":294.18,"OTRTRA_EXP":1016.93,"TRANSP_VA":438.03,"TRANSP_EXP":392.97,"OTRMAN_VA":3578.42,"OTRMAN_EXP":3426.65,"ELEGAS_VA":6893.92,"ELEGAS_EXP":557.35,"AGUBAS_VA":2308.24,"AGUBAS_EXP":33.96,"CONSTR_VA":14107.76,"CONSTR_EXP":219.23,"COMREV_VA":37756.0,"COMREV_EXP":11661.96,"TRATIE_VA":7379.19,"TRATIE_EXP":3742.53,"TRAGUA_VA":230.47,"TRAGUA_EXP":204.24,"TRAAIR_VA":488.64,"TRAAIR_EXP":872.34,"ALMSTR_VA":2462.9,"ALMSTR_EXP":1838.69,"POSTME_VA":1461.3,"POSTME_EXP":170.64,"HOTYRE_VA":2526.83,"HOTYRE_EXP":338.74,"MMTVRA_VA":2507.51,"MMTVRA_EXP":276.86,"TELECO_VA":4576.12,"TELECO_EXP":316.4,"ITSERV_VA":1614.98,"ITSERV_EXP":505.73,"SERFIN_VA":6969.42,"SERFIN_EXP":711.83,"GOBEST_VA":13486.56,"GOBEST_EXP":257.04,"SPRSCT_VA":9913.69,"SPRSCT_EXP":1172.66,"SEAEMP_VA":2756.42,"SEAEMP_EXP":605.99,"ADPDEF_VA":13018.26,"ADPDEF_EXP":2.21,"EDUCAC_VA":10594.05,"EDUCAC_EXP":36.11,"SALUDH_VA":8253.38,"SALUDH_EXP":33.86,"ESPARC_VA":1547.53,"ESPARC_EXP":105.6,"OTRSER_VA":2752.65,"OTRSER_EXP":66.62,"SERHOG_VA":17.7,"SERHOG_EXP":0.0}},{"type":"Feature","geometry":{"type":"Point","coordinates":[-8.22,39.4]},"properties":{"id":"PRT","name":"Portugal","continent":"europe","year":2003,"AGRPFO_VA":3324.93,"AGRPFO_EXP":321.77,"FORLOG_VA":852.12,"FORLOG_EXP":93.35,"PESCAC_VA":355.68,"PESCAC_EXP":77.91,"MINCOL_VA":0.0,"MINCOL_EXP":0.0,"PETGAS_VA":0.0,"PETGAS_EXP":0.0,"MINORE_VA":336.02,"MINORE_EXP":110.79,"MINOTH_VA":306.49,"MINOTH_EXP":66.16,"MINSER_VA":5.26,"MINSER_EXP":0.07,"ALYBEB_VA":3494.1,"ALYBEB_EXP":1788.31,"TEXYPR_VA":4585.45,"TEXYPR_EXP":5007.6,"MADYPR_VA":1020.35,"MADYPR_EXP":1077.09,"PAPYPR_VA":1659.88,"PAPYPR_EXP":1414.67,"PETREF_VA":264.42,"PETREF_EXP":670.75,"QUIMYP_VA":860.32,"QUIMYP_EXP":1165.77,"FARMED_VA":422.8,"FARMED_EXP":221.39,"HUPLAS_VA":1117.31,"HUPLAS_EXP":995.81,"PRNOMT_VA":1827.69,"PRNOMT_EXP":913.57,"METBAS_VA":250.91,"METBAS_EXP":257.2,"NONFER_VA":92.82,"NONFER_EXP":352.13,"PRMETA_VA":1907.78,"PRMETA_EXP":946.41,"ELCTRO_VA":766.45,"ELCTRO_EXP":2301.71,"ELCTRI_VA":751.32,"ELCTRI_EXP":1442.59,"MAQYEQ_VA":776.75,"MAQYEQ_EXP":1471.64,"AUTOMO_VA":1728.82,"AUTOMO_EXP":3887.3,"OTRTRA_VA":65.44,"OTRTRA_EXP":120.64,"TRANSP_VA":94.49,"TRANSP_EXP":98.03,"OTRMAN_VA":1815.43,"OTRMAN_EXP":1228.25,"ELEGAS_VA":3023.75,"ELEGAS_EXP":50.56,"AGUBAS_VA":1166.82,"AGUBAS_EXP":5.08,"CONSTR_VA":11266.29,"CONSTR_EXP":57.48,"COMREV_VA":20757.68,"COMREV_EXP":6373.72,"TRATIE_VA":2975.17,"TRATIE_EXP":1510.74,"TRAGUA_VA":100.0,"TRAGUA_EXP":225.58,"TRAAIR_VA":816.38,"TRAAIR_EXP":1543.16,"ALMSTR_VA":2252.45,"ALMSTR_EXP":588.99,"POSTME_VA":408.01,"POSTME_EXP":112.78,"HOTYRE_VA":6828.33,"HOTYRE_EXP":2507.27,"MMTVRA_VA":1049.98,"MMTVRA_EXP":296.76,"TELECO_VA":3596.95,"TELECO_EXP":465.89,"ITSERV_VA":1120.61,"ITSERV_EXP":149.17,"SERFIN_VA":9538.37,"SERFIN_EXP":570.23,"GOBEST_VA":11999.6,"GOBEST_EXP":269.33,"SPRSCT_VA":5076.54,"SPRSCT_EXP":679.47,"SEAEMP_VA":4239.78,"SEAEMP_EXP":474.41,"ADPDEF_VA":12868.48,"ADPDEF_EXP":99.53,"EDUCAC_VA":10333.8,"EDUCAC_EXP":106.9,"SALUDH_VA":8657.03,"SALUDH_EXP":94.2,"ESPARC_VA":1176.62,"ESPARC_EXP":246.14,"OTRSER_VA":1550.01,"OTRSER_EXP":100.87,"SERHOG_VA":992.82,"SERHOG_EXP":0.0}},{"type":"Feature","geometry":{"type":"Point","coordinates":[24.97,45.94]},"properties":{"id":"ROU","name":"Rumania","continent":"europe","year":2003,"AGRPFO_VA":6495.16,"AGRPFO_EXP":144.41,"FORLOG_VA":310.83,"FORLOG_EXP":9.77,"PESCAC_VA":4.71,"PESCAC_EXP":0.38,"MINCOL_VA":230.98,"MINCOL_EXP":0.21,"PETGAS_VA":248.77,"PETGAS_EXP":3.54,"MINORE_VA":176.18,"MINORE_EXP":13.41,"MINOTH_VA":81.19,"MINOTH_EXP":6.36,"MINSER_VA":160.65,"MINSER_EXP":3.22,"ALYBEB_VA":3735.18,"ALYBEB_EXP":96.64,"TEXYPR_VA":1637.37,"TEXYPR_EXP":1385.48,"MADYPR_VA":528.08,"MADYPR_EXP":278.92,"PAPYPR_VA":389.5,"PAPYPR_EXP":57.33,"PETREF_VA":621.8,"PETREF_EXP":367.89,"QUIMYP_VA":486.98,"QUIMYP_EXP":319.01,"FARMED_VA":150.16,"FARMED_EXP":9.4,"HUPLAS_VA":413.76,"HUPLAS_EXP":128.19,"PRNOMT_VA":596.81,"PRNOMT_EXP":98.21,"METBAS_VA":452.17,"METBAS_EXP":526.54,"NONFER_VA":77.12,"NONFER_EXP":129.35,"PRMETA_VA":602.46,"PRMETA_EXP":21.26,"ELCTRO_VA":398.12,"ELCTRO_EXP":137.23,"ELCTRI_VA":415.68,"ELCTRI_EXP":236.74,"MAQYEQ_VA":528.91,"MAQYEQ_EXP":319.21,"AUTOMO_VA":712.89,"AUTOMO_EXP":152.24,"OTRTRA_VA":139.94,"OTRTRA_EXP":89.73,"TRANSP_VA":142.68,"TRANSP_EXP":109.98,"OTRMAN_VA":836.61,"OTRMAN_EXP":504.41,"ELEGAS_VA":1709.87,"ELEGAS_EXP":42.69,"AGUBAS_VA":310.91,"AGUBAS_EXP":0.07,"CONSTR_VA":3745.54,"CONSTR_EXP":0.22,"COMREV_VA":5400.11,"COMREV_EXP":837.42,"TRATIE_VA":3180.59,"TRATIE_EXP":2377.97,"TRAGUA_VA":52.22,"TRAGUA_EXP":66.2,"TRAAIR_VA":113.72,"TRAAIR_EXP":171.1,"ALMSTR_VA":641.95,"ALMSTR_EXP":568.87,"POSTME_VA":118.73,"POSTME_EXP":85.85,"HOTYRE_VA":993.35,"HOTYRE_EXP":135.95,"MMTVRA_VA":309.59,"MMTVRA_EXP":356.18,"TELECO_VA":1769.37,"TELECO_EXP":408.69,"ITSERV_VA":503.02,"ITSERV_EXP":186.16,"SERFIN_VA":1153.11,"SERFIN_EXP":747.78,"GOBEST_VA":4009.8,"GOBEST_EXP":21.81,"SPRSCT_VA":1252.29,"SPRSCT_EXP":170.16,"SEAEMP_VA":659.65,"SEAEMP_EXP":39.96,"ADPDEF_VA":3322.64,"ADPDEF_EXP":0.22,"EDUCAC_VA":1319.66,"EDUCAC_EXP":7.26,"SALUDH_VA":831.91,"SALUDH_EXP":5.04,"ESPARC_VA":498.37,"ESPARC_EXP":33.76,"OTRSER_VA":830.47,"OTRSER_EXP":7.1,"SERHOG_VA":488.72,"SERHOG_EXP":0.0}},{"type":"Feature","geometry":{"type":"Point","coordinates":[105.32,61.52]},"properties":{"id":"RUS","name":"Rusia","continent":"europe","year":2003,"AGRPFO_VA":13696.55,"AGRPFO_EXP":1679.22,"FORLOG_VA":837.41,"FORLOG_EXP":424.9,"PESCAC_VA":828.04,"PESCAC_EXP":322.35,"MINCOL_VA":2811.0,"MINCOL_EXP":2399.27,"PETGAS_VA":31249.06,"PETGAS_EXP":20995.58,"MINORE_VA":2368.97,"MINORE_EXP":2263.94,"MINOTH_VA":1707.21,"MINOTH_EXP":1381.16,"MINSER_VA":2851.96,"MINSER_EXP":421.18,"ALYBEB_VA":7166.99,"ALYBEB_EXP":2444.73,"TEXYPR_VA":1102.77,"TEXYPR_EXP":517.12,"MADYPR_VA":1039.48,"MADYPR_EXP":2041.77,"PAPYPR_VA":1599.68,"PAPYPR_EXP":1769.65,"PETREF_VA":13375.54,"PETREF_EXP":21168.45,"QUIMYP_VA":4020.31,"QUIMYP_EXP":6788.52,"FARMED_VA":590.09,"FARMED_EXP":203.58,"HUPLAS_VA":1124.86,"HUPLAS_EXP":964.06,"PRNOMT_VA":2798.46,"PRNOMT_EXP":437.59,"METBAS_VA":3507.13,"METBAS_EXP":9120.32,"NONFER_VA":6897.05,"NONFER_EXP":8403.12,"PRMETA_VA":2074.34,"PRMETA_EXP":979.2,"ELCTRO_VA":2174.25,"ELCTRO_EXP":1187.06,"ELCTRI_VA":1516.85,"ELCTRI_EXP":1182.3,"MAQYEQ_VA":2520.46,"MAQYEQ_EXP":2827.59,"AUTOMO_VA":2997.71,"AUTOMO_EXP":1030.53,"OTRTRA_VA":1191.48,"OTRTRA_EXP":284.86,"TRANSP_VA":2845.11,"TRANSP_EXP":3288.7,"OTRMAN_VA":2460.6,"OTRMAN_EXP":790.67,"ELEGAS_VA":12770.74,"ELEGAS_EXP":545.09,"AGUBAS_VA":2139.16,"AGUBAS_EXP":12.46,"CONSTR_VA":32921.2,"CONSTR_EXP":138.37,"COMREV_VA":74366.11,"COMREV_EXP":21520.23,"TRATIE_VA":19146.87,"TRATIE_EXP":4245.02,"TRAGUA_VA":421.79,"TRAGUA_EXP":228.87,"TRAAIR_VA":1058.06,"TRAAIR_EXP":1954.41,"ALMSTR_VA":5114.58,"ALMSTR_EXP":1245.91,"POSTME_VA":741.41,"POSTME_EXP":82.8,"HOTYRE_VA":3952.44,"HOTYRE_EXP":1430.09,"MMTVRA_VA":1664.13,"MMTVRA_EXP":282.72,"TELECO_VA":6815.29,"TELECO_EXP":723.52,"ITSERV_VA":2527.04,"ITSERV_EXP":808.01,"SERFIN_VA":15807.71,"SERFIN_EXP":556.19,"GOBEST_VA":36773.46,"GOBEST_EXP":464.22,"SPRSCT_VA":16968.33,"SPRSCT_EXP":2809.78,"SEAEMP_VA":7397.34,"SEAEMP_EXP":1141.59,"ADPDEF_VA":29989.16,"ADPDEF_EXP":30.58,"EDUCAC_VA":13144.8,"EDUCAC_EXP":86.44,"SALUDH_VA":12767.8,"SALUDH_EXP":67.59,"ESPARC_VA":3181.03,"ESPARC_EXP":183.89,"OTRSER_VA":1813.46,"OTRSER_EXP":94.69,"SERHOG_VA":2741.09,"SERHOG_EXP":0.0}},{"type":"Feature","geometry":{"type":"Point","coordinates":[45.08,23.89]},"properties":{"id":"SAU","name":"Arabia Saudita","continent":"other","year":2003,"AGRPFO_VA":5246.66,"AGRPFO_EXP":25.07,"FORLOG_VA":7.19,"FORLOG_EXP":0.14,"PESCAC_VA":264.41,"PESCAC_EXP":3.01,"MINCOL_VA":0.0,"MINCOL_EXP":0.0,"PETGAS_VA":71593.0,"PETGAS_EXP":72817.88,"MINORE_VA":233.98,"MINORE_EXP":10.4,"MINOTH_VA":482.93,"MINOTH_EXP":33.83,"MINSER_VA":193.28,"MINSER_EXP":232.19,"ALYBEB_VA":3449.51,"ALYBEB_EXP":551.16,"TEXYPR_VA":872.89,"TEXYPR_EXP":217.06,"MADYPR_VA":245.37,"MADYPR_EXP":33.12,"PAPYPR_VA":1011.25,"PAPYPR_EXP":251.37,"PETREF_VA":7177.19,"PETREF_EXP":5118.37,"QUIMYP_VA":5086.66,"QUIMYP_EXP":4318.91,"FARMED_VA":139.85,"FARMED_EXP":17.44,"HUPLAS_VA":750.78,"HUPLAS_EXP":188.08,"PRNOMT_VA":1283.07,"PRNOMT_EXP":175.44,"METBAS_VA":222.06,"METBAS_EXP":262.74,"NONFER_VA":177.26,"NONFER_EXP":396.98,"PRMETA_VA":1177.57,"PRMETA_EXP":283.43,"ELCTRO_VA":32.66,"ELCTRO_EXP":18.07,"ELCTRI_VA":738.31,"ELCTRI_EXP":141.52,"MAQYEQ_VA":413.58,"MAQYEQ_EXP":185.43,"AUTOMO_VA":204.75,"AUTOMO_EXP":29.99,"OTRTRA_VA":7.94,"OTRTRA_EXP":2.74,"TRANSP_VA":13.02,"TRANSP_EXP":8.26,"OTRMAN_VA":963.84,"OTRMAN_EXP":168.14,"ELEGAS_VA":1926.41,"ELEGAS_EXP":0.41,"AGUBAS_VA":631.25,"AGUBAS_EXP":0.62,"CONSTR_VA":11459.84,"CONSTR_EXP":51.66,"COMREV_VA":16865.93,"COMREV_EXP":5775.26,"TRATIE_VA":2112.17,"TRATIE_EXP":1072.45,"TRAGUA_VA":179.2,"TRAGUA_EXP":139.89,"TRAAIR_VA":726.13,"TRAAIR_EXP":467.47,"ALMSTR_VA":1820.51,"ALMSTR_EXP":868.67,"POSTME_VA":226.38,"POSTME_EXP":93.84,"HOTYRE_VA":3656.72,"HOTYRE_EXP":1854.94,"MMTVRA_VA":428.05,"MMTVRA_EXP":26.26,"TELECO_VA":4641.49,"TELECO_EXP":223.87,"ITSERV_VA":1199.16,"ITSERV_EXP":63.91,"SERFIN_VA":7324.93,"SERFIN_EXP":217.27,"GOBEST_VA":5560.64,"GOBEST_EXP":266.16,"SPRSCT_VA":1416.12,"SPRSCT_EXP":123.29,"SEAEMP_VA":2162.04,"SEAEMP_EXP":120.17,"ADPDEF_VA":28119.54,"ADPDEF_EXP":0.36,"EDUCAC_VA":11327.52,"EDUCAC_EXP":64.81,"SALUDH_VA":6713.62,"SALUDH_EXP":53.69,"ESPARC_VA":579.17,"ESPARC_EXP":139.79,"OTRSER_VA":1381.21,"OTRSER_EXP":65.33,"SERHOG_VA":1921.27,"SERHOG_EXP":0.0}},{"type":"Feature","geometry":{"type":"Point","coordinates":[-14.45,14.5]},"properties":{"id":"SEN","name":"Senegal","continent":"other","year":2003,"AGRPFO_VA":1177.13,"AGRPFO_EXP":62.9,"FORLOG_VA":41.45,"FORLOG_EXP":1.9,"PESCAC_VA":126.47,"PESCAC_EXP":44.38,"MINCOL_VA":4.81,"MINCOL_EXP":10.78,"PETGAS_VA":0.72,"PETGAS_EXP":0.32,"MINORE_VA":22.73,"MINORE_EXP":66.85,"MINOTH_VA":15.81,"MINOTH_EXP":45.81,"MINSER_VA":0.48,"MINSER_EXP":0.41,"ALYBEB_VA":890.99,"ALYBEB_EXP":181.88,"TEXYPR_VA":256.24,"TEXYPR_EXP":42.82,"MADYPR_VA":55.01,"MADYPR_EXP":2.23,"PAPYPR_VA":63.44,"PAPYPR_EXP":6.16,"PETREF_VA":48.48,"PETREF_EXP":186.81,"QUIMYP_VA":29.98,"QUIMYP_EXP":68.0,"FARMED_VA":17.61,"FARMED_EXP":4.23,"HUPLAS_VA":53.06,"HUPLAS_EXP":4.99,"PRNOMT_VA":81.83,"PRNOMT_EXP":67.55,"METBAS_VA":58.78,"METBAS_EXP":14.29,"NONFER_VA":2.02,"NONFER_EXP":13.25,"PRMETA_VA":83.28,"PRMETA_EXP":2.26,"ELCTRO_VA":0.26,"ELCTRO_EXP":0.08,"ELCTRI_VA":18.66,"ELCTRI_EXP":7.36,"MAQYEQ_VA":2.29,"MAQYEQ_EXP":3.08,"AUTOMO_VA":1.01,"AUTOMO_EXP":0.48,"OTRTRA_VA":9.83,"OTRTRA_EXP":2.25,"TRANSP_VA":24.69,"TRANSP_EXP":0.97,"OTRMAN_VA":72.69,"OTRMAN_EXP":4.12,"ELEGAS_VA":56.82,"ELEGAS_EXP":3.88,"AGUBAS_VA":42.62,"AGUBAS_EXP":0.17,"CONSTR_VA":242.36,"CONSTR_EXP":1.43,"COMREV_VA":1248.57,"COMREV_EXP":124.01,"TRATIE_VA":231.73,"TRATIE_EXP":24.09,"TRAGUA_VA":3.83,"TRAGUA_EXP":2.08,"TRAAIR_VA":11.16,"TRAAIR_EXP":17.27,"ALMSTR_VA":102.97,"ALMSTR_EXP":22.94,"POSTME_VA":6.45,"POSTME_EXP":0.33,"HOTYRE_VA":124.71,"HOTYRE_EXP":34.46,"MMTVRA_VA":25.34,"MMTVRA_EXP":6.75,"TELECO_VA":229.4,"TELECO_EXP":76.14,"ITSERV_VA":22.21,"ITSERV_EXP":6.53,"SERFIN_VA":185.27,"SERFIN_EXP":12.38,"GOBEST_VA":839.94,"GOBEST_EXP":12.12,"SPRSCT_VA":302.57,"SPRSCT_EXP":69.34,"SEAEMP_VA":204.78,"SEAEMP_EXP":16.01,"ADPDEF_VA":437.65,"ADPDEF_EXP":0.53,"EDUCAC_VA":305.91,"EDUCAC_EXP":2.09,"SALUDH_VA":187.01,"SALUDH_EXP":1.63,"ESPARC_VA":28.73,"ESPARC_EXP":3.5,"OTRSER_VA":98.85,"OTRSER_EXP":1.84,"SERHOG_VA":55.83,"SERHOG_EXP":0.0}},{"type":"Feature","geometry":{"type":"Point","coordinates":[103.82,1.35]},"properties":{"id":"SGP","name":"Singapur","continent":"asia","year":2003,"AGRPFO_VA":37.34,"AGRPFO_EXP":28.45,"FORLOG_VA":0.0,"FORLOG_EXP":0.0,"PESCAC_VA":30.9,"PESCAC_EXP":2.94,"MINCOL_VA":0.0,"MINCOL_EXP":0.0,"PETGAS_VA":0.0,"PETGAS_EXP":0.0,"MINORE_VA":0.0,"MINORE_EXP":0.0,"MINOTH_VA":0.0,"MINOTH_EXP":0.0,"MINSER_VA":0.0,"MINSER_EXP":0.0,"ALYBEB_VA":654.65,"ALYBEB_EXP":1084.2,"TEXYPR_VA":253.99,"TEXYPR_EXP":349.02,"MADYPR_VA":33.8,"MADYPR_EXP":70.56,"PAPYPR_VA":694.92,"PAPYPR_EXP":821.0,"PETREF_VA":576.93,"PETREF_EXP":5380.38,"QUIMYP_VA":2410.69,"QUIMYP_EXP":11624.85,"FARMED_VA":4432.36,"FARMED_EXP":509.08,"HUPLAS_VA":416.04,"HUPLAS_EXP":651.96,"PRNOMT_VA":164.55,"PRNOMT_EXP":209.02,"METBAS_VA":66.51,"METBAS_EXP":259.44,"NONFER_VA":278.8,"NONFER_EXP":99.54,"PRMETA_VA":593.8,"PRMETA_EXP":773.78,"ELCTRO_VA":7890.45,"ELCTRO_EXP":26824.81,"ELCTRI_VA":277.68,"ELCTRI_EXP":644.7,"MAQYEQ_VA":1494.09,"MAQYEQ_EXP":2676.8,"AUTOMO_VA":99.78,"AUTOMO_EXP":60.54,"OTRTRA_VA":711.05,"OTRTRA_EXP":159.28,"TRANSP_VA":1301.37,"TRANSP_EXP":618.43,"OTRMAN_VA":564.87,"OTRMAN_EXP":1132.29,"ELEGAS_VA":1783.87,"ELEGAS_EXP":22.07,"AGUBAS_VA":432.86,"AGUBAS_EXP":60.71,"CONSTR_VA":3788.52,"CONSTR_EXP":9.9,"COMREV_VA":13005.94,"COMREV_EXP":12518.7,"TRATIE_VA":1377.83,"TRATIE_EXP":502.48,"TRAGUA_VA":2540.07,"TRAGUA_EXP":7786.53,"TRAAIR_VA":1591.14,"TRAAIR_EXP":2991.22,"ALMSTR_VA":3241.45,"ALMSTR_EXP":896.41,"POSTME_VA":237.78,"POSTME_EXP":130.43,"HOTYRE_VA":2009.42,"HOTYRE_EXP":1126.26,"MMTVRA_VA":928.81,"MMTVRA_EXP":1375.87,"TELECO_VA":1508.27,"TELECO_EXP":491.33,"ITSERV_VA":1536.37,"ITSERV_EXP":2044.44,"SERFIN_VA":9373.7,"SERFIN_EXP":7632.55,"GOBEST_VA":6889.32,"GOBEST_EXP":647.31,"SPRSCT_VA":7118.41,"SPRSCT_EXP":4357.68,"SEAEMP_VA":4256.71,"SEAEMP_EXP":1405.6,"ADPDEF_VA":2865.01,"ADPDEF_EXP":12.64,"EDUCAC_VA":3158.39,"EDUCAC_EXP":208.23,"SALUDH_VA":2784.46,"SALUDH_EXP":250.41,"ESPARC_VA":1175.5,"ESPARC_EXP":195.21,"OTRSER_VA":608.25,"OTRSER_EXP":118.55,"SERHOG_VA":357.5,"SERHOG_EXP":0.0}},{"type":"Feature","geometry":{"type":"Point","coordinates":[6.61,0.19]},"properties":{"id":"STP","name":"S. Tomé y Príncipe","continent":"other","year":2003,"AGRPFO_VA":5.62,"AGRPFO_EXP":4.13,"FORLOG_VA":0.03,"FORLOG_EXP":0.0,"PESCAC_VA":7.73,"PESCAC_EXP":0.08,"MINCOL_VA":0.01,"MINCOL_EXP":0.0,"PETGAS_VA":0.13,"PETGAS_EXP":0.0,"MINORE_VA":0.01,"MINORE_EXP":0.0,"MINOTH_VA":0.08,"MINOTH_EXP":0.01,"MINSER_VA":0.05,"MINSER_EXP":0.0,"ALYBEB_VA":2.62,"ALYBEB_EXP":0.19,"TEXYPR_VA":0.01,"TEXYPR_EXP":0.02,"MADYPR_VA":0.01,"MADYPR_EXP":0.0,"PAPYPR_VA":0.01,"PAPYPR_EXP":0.0,"PETREF_VA":0.04,"PETREF_EXP":0.0,"QUIMYP_VA":0.02,"QUIMYP_EXP":0.0,"FARMED_VA":0.01,"FARMED_EXP":0.0,"HUPLAS_VA":0.01,"HUPLAS_EXP":0.0,"PRNOMT_VA":0.05,"PRNOMT_EXP":0.0,"METBAS_VA":0.0,"METBAS_EXP":0.0,"NONFER_VA":0.0,"NONFER_EXP":0.0,"PRMETA_VA":0.01,"PRMETA_EXP":0.0,"ELCTRO_VA":0.0,"ELCTRO_EXP":0.0,"ELCTRI_VA":0.0,"ELCTRI_EXP":0.0,"MAQYEQ_VA":0.0,"MAQYEQ_EXP":0.0,"AUTOMO_VA":0.0,"AUTOMO_EXP":0.0,"OTRTRA_VA":0.0,"OTRTRA_EXP":0.0,"TRANSP_VA":0.0,"TRANSP_EXP":0.0,"OTRMAN_VA":0.02,"OTRMAN_EXP":0.0,"ELEGAS_VA":1.38,"ELEGAS_EXP":0.03,"AGUBAS_VA":1.1,"AGUBAS_EXP":0.05,"CONSTR_VA":3.43,"CONSTR_EXP":0.12,"COMREV_VA":17.44,"COMREV_EXP":1.96,"TRATIE_VA":5.82,"TRATIE_EXP":0.62,"TRAGUA_VA":0.12,"TRAGUA_EXP":0.09,"TRAAIR_VA":0.71,"TRAAIR_EXP":0.38,"ALMSTR_VA":3.87,"ALMSTR_EXP":0.21,"POSTME_VA":1.29,"POSTME_EXP":0.06,"HOTYRE_VA":9.76,"HOTYRE_EXP":1.82,"MMTVRA_VA":1.0,"MMTVRA_EXP":0.26,"TELECO_VA":1.76,"TELECO_EXP":0.78,"ITSERV_VA":1.53,"ITSERV_EXP":0.86,"SERFIN_VA":9.66,"SERFIN_EXP":1.37,"GOBEST_VA":0.49,"GOBEST_EXP":0.04,"SPRSCT_VA":0.4,"SPRSCT_EXP":0.13,"SEAEMP_VA":0.36,"SEAEMP_EXP":0.09,"ADPDEF_VA":5.95,"ADPDEF_EXP":0.09,"EDUCAC_VA":3.66,"EDUCAC_EXP":0.14,"SALUDH_VA":2.27,"SALUDH_EXP":0.12,"ESPARC_VA":2.28,"ESPARC_EXP":0.27,"OTRSER_VA":2.4,"OTRSER_EXP":0.18,"SERHOG_VA":1.95,"SERHOG_EXP":0.0}},{"type":"Feature","geometry":{"type":"Point","coordinates":[19.7,48.67]},"properties":{"id":"SVK","name":"Eslovaquia","continent":"europe","year":2003,"AGRPFO_VA":388.87,"AGRPFO_EXP":107.99,"FORLOG_VA":232.95,"FORLOG_EXP":46.0,"PESCAC_VA":0.86,"PESCAC_EXP":0.98,"MINCOL_VA":13.65,"MINCOL_EXP":2.46,"PETGAS_VA":0.18,"PETGAS_EXP":0.05,"MINORE_VA":2.88,"MINORE_EXP":3.52,"MINOTH_VA":14.14,"MINOTH_EXP":37.72,"MINSER_VA":49.94,"MINSER_EXP":6.95,"ALYBEB_VA":688.09,"ALYBEB_EXP":381.23,"TEXYPR_VA":463.98,"TEXYPR_EXP":616.26,"MADYPR_VA":202.4,"MADYPR_EXP":214.52,"PAPYPR_VA":349.35,"PAPYPR_EXP":453.65,"PETREF_VA":491.14,"PETREF_EXP":708.18,"QUIMYP_VA":295.65,"QUIMYP_EXP":535.11,"FARMED_VA":57.3,"FARMED_EXP":62.89,"HUPLAS_VA":431.17,"HUPLAS_EXP":649.71,"PRNOMT_VA":443.17,"PRNOMT_EXP":340.37,"METBAS_VA":688.94,"METBAS_EXP":1278.06,"NONFER_VA":123.63,"NONFER_EXP":330.73,"PRMETA_VA":610.12,"PRMETA_EXP":702.33,"ELCTRO_VA":237.96,"ELCTRO_EXP":592.7,"ELCTRI_VA":352.75,"ELCTRI_EXP":970.67,"MAQYEQ_VA":497.3,"MAQYEQ_EXP":917.82,"AUTOMO_VA":1082.6,"AUTOMO_EXP":4132.61,"OTRTRA_VA":1.51,"OTRTRA_EXP":0.34,"TRANSP_VA":49.93,"TRANSP_EXP":38.9,"OTRMAN_VA":561.2,"OTRMAN_EXP":590.0,"ELEGAS_VA":1447.74,"ELEGAS_EXP":139.05,"AGUBAS_VA":365.19,"AGUBAS_EXP":9.61,"CONSTR_VA":2012.01,"CONSTR_EXP":77.44,"COMREV_VA":3997.97,"COMREV_EXP":1839.71,"TRATIE_VA":1681.29,"TRATIE_EXP":1549.69,"TRAGUA_VA":44.83,"TRAGUA_EXP":20.96,"TRAAIR_VA":19.98,"TRAAIR_EXP":54.3,"ALMSTR_VA":588.39,"ALMSTR_EXP":472.68,"POSTME_VA":153.05,"POSTME_EXP":42.86,"HOTYRE_VA":394.14,"HOTYRE_EXP":230.75,"MMTVRA_VA":232.82,"MMTVRA_EXP":119.59,"TELECO_VA":756.92,"TELECO_EXP":128.33,"ITSERV_VA":338.3,"ITSERV_EXP":115.91,"SERFIN_VA":1238.66,"SERFIN_EXP":117.33,"GOBEST_VA":3006.86,"GOBEST_EXP":51.77,"SPRSCT_VA":1368.75,"SPRSCT_EXP":361.16,"SEAEMP_VA":824.07,"SEAEMP_EXP":159.94,"ADPDEF_VA":2677.43,"ADPDEF_EXP":16.82,"EDUCAC_VA":1219.93,"EDUCAC_EXP":40.01,"SALUDH_VA":1056.78,"SALUDH_EXP":29.85,"ESPARC_VA":421.86,"ESPARC_EXP":114.5,"OTRSER_VA":276.54,"OTRSER_EXP":41.91,"SERHOG_VA":16.41,"SERHOG_EXP":0.0}},{"type":"Feature","geometry":{"type":"Point","coordinates":[14.99,46.15]},"properties":{"id":"SVN","name":"Eslovenia","continent":"europe","year":2003,"AGRPFO_VA":528.17,"AGRPFO_EXP":91.29,"FORLOG_VA":157.15,"FORLOG_EXP":29.2,"PESCAC_VA":4.33,"PESCAC_EXP":1.19,"MINCOL_VA":102.57,"MINCOL_EXP":0.22,"PETGAS_VA":0.0,"PETGAS_EXP":0.0,"MINORE_VA":2.61,"MINORE_EXP":0.98,"MINOTH_VA":38.22,"MINOTH_EXP":11.86,"MINSER_VA":0.42,"MINSER_EXP":0.35,"ALYBEB_VA":639.96,"ALYBEB_EXP":381.68,"TEXYPR_VA":481.83,"TEXYPR_EXP":604.6,"MADYPR_VA":238.31,"MADYPR_EXP":302.96,"PAPYPR_VA":377.91,"PAPYPR_EXP":409.69,"PETREF_VA":4.41,"PETREF_EXP":6.49,"QUIMYP_VA":333.28,"QUIMYP_EXP":700.82,"FARMED_VA":694.8,"FARMED_EXP":655.9,"HUPLAS_VA":409.6,"HUPLAS_EXP":671.02,"PRNOMT_VA":307.79,"PRNOMT_EXP":236.87,"METBAS_VA":161.31,"METBAS_EXP":337.82,"NONFER_VA":110.1,"NONFER_EXP":413.49,"PRMETA_VA":789.47,"PRMETA_EXP":856.84,"ELCTRO_VA":354.58,"ELCTRO_EXP":568.38,"ELCTRI_VA":580.54,"ELCTRI_EXP":759.67,"MAQYEQ_VA":359.76,"MAQYEQ_EXP":734.75,"AUTOMO_VA":334.63,"AUTOMO_EXP":1090.41,"OTRTRA_VA":12.57,"OTRTRA_EXP":27.64,"TRANSP_VA":21.5,"TRANSP_EXP":25.7,"OTRMAN_VA":509.22,"OTRMAN_EXP":680.51,"ELEGAS_VA":583.34,"ELEGAS_EXP":163.54,"AGUBAS_VA":266.69,"AGUBAS_EXP":5.09,"CONSTR_VA":1680.33,"CONSTR_EXP":76.15,"COMREV_VA":3103.79,"COMREV_EXP":1447.46,"TRATIE_VA":857.11,"TRATIE_EXP":600.78,"TRAGUA_VA":62.33,"TRAGUA_EXP":72.47,"TRAAIR_VA":47.68,"TRAAIR_EXP":127.85,"ALMSTR_VA":354.23,"ALMSTR_EXP":283.01,"POSTME_VA":168.7,"POSTME_EXP":10.88,"HOTYRE_VA":587.74,"HOTYRE_EXP":491.56,"MMTVRA_VA":243.94,"MMTVRA_EXP":105.45,"TELECO_VA":493.08,"TELECO_EXP":111.05,"ITSERV_VA":255.47,"ITSERV_EXP":130.39,"SERFIN_VA":1206.67,"SERFIN_EXP":86.17,"GOBEST_VA":1895.52,"GOBEST_EXP":60.34,"SPRSCT_VA":1601.96,"SPRSCT_EXP":317.48,"SEAEMP_VA":673.17,"SEAEMP_EXP":181.14,"ADPDEF_VA":1664.83,"ADPDEF_EXP":1.21,"EDUCAC_VA":1507.06,"EDUCAC_EXP":32.08,"SALUDH_VA":1307.82,"SALUDH_EXP":25.55,"ESPARC_VA":386.27,"ESPARC_EXP":55.51,"OTRSER_VA":347.91,"OTRSER_EXP":20.33,"SERHOG_VA":19.29,"SERHOG_EXP":0.0}},{"type":"Feature","geometry":{"type":"Point","coordinates":[18.64,60.13]},"properties":{"id":"SWE","name":"Suecia","continent":"europe","year":2003,"AGRPFO_VA":3686.89,"AGRPFO_EXP":372.59,"FORLOG_VA":2762.09,"FORLOG_EXP":146.31,"PESCAC_VA":80.74,"PESCAC_EXP":68.35,"MINCOL_VA":42.35,"MINCOL_EXP":5.44,"PETGAS_VA":13.76,"PETGAS_EXP":1.29,"MINORE_VA":638.05,"MINORE_EXP":716.27,"MINOTH_VA":111.31,"MINOTH_EXP":132.67,"MINSER_VA":27.35,"MINSER_EXP":85.99,"ALYBEB_VA":4548.56,"ALYBEB_EXP":2011.06,"TEXYPR_VA":738.03,"TEXYPR_EXP":1105.22,"MADYPR_VA":2392.29,"MADYPR_EXP":2804.0,"PAPYPR_VA":7139.4,"PAPYPR_EXP":8970.04,"PETREF_VA":569.91,"PETREF_EXP":2374.3,"QUIMYP_VA":3313.32,"QUIMYP_EXP":3735.64,"FARMED_VA":6437.24,"FARMED_EXP":4400.56,"HUPLAS_VA":1954.61,"HUPLAS_EXP":2218.47,"PRNOMT_VA":1250.39,"PRNOMT_EXP":724.5,"METBAS_VA":1827.93,"METBAS_EXP":4213.47,"NONFER_VA":609.33,"NONFER_EXP":1714.03,"PRMETA_VA":5303.21,"PRMETA_EXP":2837.22,"ELCTRO_VA":4866.32,"ELCTRO_EXP":8730.19,"ELCTRI_VA":2692.24,"ELCTRI_EXP":3126.81,"MAQYEQ_VA":7563.3,"MAQYEQ_EXP":12132.61,"AUTOMO_VA":6974.11,"AUTOMO_EXP":16227.87,"OTRTRA_VA":177.85,"OTRTRA_EXP":421.21,"TRANSP_VA":1220.44,"TRANSP_EXP":1174.8,"OTRMAN_VA":4066.46,"OTRMAN_EXP":2337.17,"ELEGAS_VA":7179.9,"ELEGAS_EXP":456.99,"AGUBAS_VA":2149.48,"AGUBAS_EXP":11.53,"CONSTR_VA":14418.02,"CONSTR_EXP":282.42,"COMREV_VA":33185.69,"COMREV_EXP":13033.38,"TRATIE_VA":8303.82,"TRATIE_EXP":1921.97,"TRAGUA_VA":1031.61,"TRAGUA_EXP":1331.92,"TRAAIR_VA":1260.74,"TRAAIR_EXP":1219.3,"ALMSTR_VA":4722.85,"ALMSTR_EXP":3235.79,"POSTME_VA":3424.36,"POSTME_EXP":196.81,"HOTYRE_VA":4261.58,"HOTYRE_EXP":1427.39,"MMTVRA_VA":4284.48,"MMTVRA_EXP":1413.09,"TELECO_VA":5815.76,"TELECO_EXP":813.17,"ITSERV_VA":8159.93,"ITSERV_EXP":2293.94,"SERFIN_VA":12150.04,"SERFIN_EXP":2251.44,"GOBEST_VA":29598.57,"GOBEST_EXP":276.65,"SPRSCT_VA":17548.9,"SPRSCT_EXP":8925.94,"SEAEMP_VA":8538.59,"SEAEMP_EXP":2138.54,"ADPDEF_VA":14564.5,"ADPDEF_EXP":161.24,"EDUCAC_VA":17845.69,"EDUCAC_EXP":152.5,"SALUDH_VA":31498.65,"SALUDH_EXP":105.61,"ESPARC_VA":3973.57,"ESPARC_EXP":221.66,"OTRSER_VA":4660.01,"OTRSER_EXP":129.83,"SERHOG_VA":62.87,"SERHOG_EXP":0.0}},{"type":"Feature","geometry":{"type":"Point","coordinates":[100.99,15.87]},"properties":{"id":"THA","name":"Tailandia","continent":"asia","year":2003,"AGRPFO_VA":9757.43,"AGRPFO_EXP":840.58,"FORLOG_VA":138.24,"FORLOG_EXP":42.11,"PESCAC_VA":2229.79,"PESCAC_EXP":20.08,"MINCOL_VA":143.56,"MINCOL_EXP":0.3,"PETGAS_VA":2461.62,"PETGAS_EXP":624.78,"MINORE_VA":29.58,"MINORE_EXP":7.73,"MINOTH_VA":526.84,"MINOTH_EXP":84.05,"MINSER_VA":510.78,"MINSER_EXP":30.48,"ALYBEB_VA":8744.95,"ALYBEB_EXP":7733.02,"TEXYPR_VA":5641.25,"TEXYPR_EXP":6263.29,"MADYPR_VA":450.57,"MADYPR_EXP":531.44,"PAPYPR_VA":1069.07,"PAPYPR_EXP":725.6,"PETREF_VA":2552.46,"PETREF_EXP":2049.99,"QUIMYP_VA":2423.73,"QUIMYP_EXP":4436.59,"FARMED_VA":439.57,"FARMED_EXP":98.15,"HUPLAS_VA":2488.09,"HUPLAS_EXP":3998.45,"PRNOMT_VA":2026.01,"PRNOMT_EXP":1003.46,"METBAS_VA":776.74,"METBAS_EXP":1013.89,"NONFER_VA":420.14,"NONFER_EXP":772.62,"PRMETA_VA":1466.84,"PRMETA_EXP":1399.41,"ELCTRO_VA":3903.79,"ELCTRO_EXP":18666.16,"ELCTRI_VA":1684.01,"ELCTRI_EXP":3857.98,"MAQYEQ_VA":1420.43,"MAQYEQ_EXP":1851.33,"AUTOMO_VA":2759.48,"AUTOMO_EXP":3612.62,"OTRTRA_VA":295.7,"OTRTRA_EXP":141.2,"TRANSP_VA":424.63,"TRANSP_EXP":995.48,"OTRMAN_VA":2157.13,"OTRMAN_EXP":3446.97,"ELEGAS_VA":3361.7,"ELEGAS_EXP":159.31,"AGUBAS_VA":592.61,"AGUBAS_EXP":0.31,"CONSTR_VA":3788.64,"CONSTR_EXP":0.39,"COMREV_VA":31557.91,"COMREV_EXP":10264.41,"TRATIE_VA":3769.61,"TRATIE_EXP":3526.39,"TRAGUA_VA":1099.6,"TRAGUA_EXP":2337.42,"TRAAIR_VA":1974.75,"TRAAIR_EXP":2610.19,"ALMSTR_VA":1031.56,"ALMSTR_EXP":106.38,"POSTME_VA":202.78,"POSTME_EXP":195.75,"HOTYRE_VA":4638.13,"HOTYRE_EXP":1523.12,"MMTVRA_VA":693.17,"MMTVRA_EXP":108.2,"TELECO_VA":2084.85,"TELECO_EXP":929.43,"ITSERV_VA":383.45,"ITSERV_EXP":138.11,"SERFIN_VA":6396.32,"SERFIN_EXP":248.32,"GOBEST_VA":3510.6,"GOBEST_EXP":807.84,"SPRSCT_VA":2267.4,"SPRSCT_EXP":277.95,"SEAEMP_VA":2297.4,"SEAEMP_EXP":674.97,"ADPDEF_VA":7253.66,"ADPDEF_EXP":0.5,"EDUCAC_VA":4625.82,"EDUCAC_EXP":1.18,"SALUDH_VA":2893.08,"SALUDH_EXP":245.73,"ESPARC_VA":593.7,"ESPARC_EXP":58.9,"OTRSER_VA":1836.3,"OTRSER_EXP":462.39,"SERHOG_VA":392.25,"SERHOG_EXP":0.0}},{"type":"Feature","geometry":{"type":"Point","coordinates":[9.54,33.89]},"properties":{"id":"TUN","name":"Túnez","continent":"other","year":2003,"AGRPFO_VA":2164.94,"AGRPFO_EXP":193.3,"FORLOG_VA":247.96,"FORLOG_EXP":0.8,"PESCAC_VA":420.3,"PESCAC_EXP":42.82,"MINCOL_VA":317.81,"MINCOL_EXP":0.1,"PETGAS_VA":741.63,"PETGAS_EXP":764.17,"MINORE_VA":4.22,"MINORE_EXP":0.49,"MINOTH_VA":170.95,"MINOTH_EXP":44.39,"MINSER_VA":56.58,"MINSER_EXP":2.74,"ALYBEB_VA":894.11,"ALYBEB_EXP":521.41,"TEXYPR_VA":1380.53,"TEXYPR_EXP":2028.53,"MADYPR_VA":140.13,"MADYPR_EXP":76.35,"PAPYPR_VA":177.97,"PAPYPR_EXP":253.86,"PETREF_VA":114.55,"PETREF_EXP":221.34,"QUIMYP_VA":168.23,"QUIMYP_EXP":515.18,"FARMED_VA":113.32,"FARMED_EXP":10.11,"HUPLAS_VA":97.17,"HUPLAS_EXP":85.99,"PRNOMT_VA":268.63,"PRNOMT_EXP":54.15,"METBAS_VA":65.09,"METBAS_EXP":11.99,"NONFER_VA":37.33,"NONFER_EXP":16.0,"PRMETA_VA":250.1,"PRMETA_EXP":57.67,"ELCTRO_VA":119.45,"ELCTRO_EXP":232.15,"ELCTRI_VA":695.18,"ELCTRI_EXP":788.52,"MAQYEQ_VA":336.9,"MAQYEQ_EXP":180.6,"AUTOMO_VA":198.01,"AUTOMO_EXP":238.43,"OTRTRA_VA":12.49,"OTRTRA_EXP":34.67,"TRANSP_VA":24.77,"TRANSP_EXP":60.41,"OTRMAN_VA":152.7,"OTRMAN_EXP":168.77,"ELEGAS_VA":260.4,"ELEGAS_EXP":2.58,"AGUBAS_VA":119.99,"AGUBAS_EXP":0.79,"CONSTR_VA":1687.36,"CONSTR_EXP":0.73,"COMREV_VA":2387.55,"COMREV_EXP":782.78,"TRATIE_VA":894.55,"TRATIE_EXP":409.77,"TRAGUA_VA":107.87,"TRAGUA_EXP":183.48,"TRAAIR_VA":130.45,"TRAAIR_EXP":218.01,"ALMSTR_VA":446.15,"ALMSTR_EXP":164.25,"POSTME_VA":182.52,"POSTME_EXP":13.83,"HOTYRE_VA":1420.49,"HOTYRE_EXP":579.09,"MMTVRA_VA":92.61,"MMTVRA_EXP":21.24,"TELECO_VA":625.6,"TELECO_EXP":168.98,"ITSERV_VA":264.79,"ITSERV_EXP":69.58,"SERFIN_VA":899.53,"SERFIN_EXP":86.19,"GOBEST_VA":930.94,"GOBEST_EXP":88.29,"SPRSCT_VA":672.05,"SPRSCT_EXP":211.68,"SEAEMP_VA":510.47,"SEAEMP_EXP":90.5,"ADPDEF_VA":2366.9,"ADPDEF_EXP":0.21,"EDUCAC_VA":1641.71,"EDUCAC_EXP":29.91,"SALUDH_VA":48.39,"SALUDH_EXP":22.53,"ESPARC_VA":30.75,"ESPARC_EXP":30.12,"OTRSER_VA":55.02,"OTRSER_EXP":18.63,"SERHOG_VA":93.24,"SERHOG_EXP":0.0}},{"type":"Feature","geometry":{"type":"Point","coordinates":[35.24,38.96]},"properties":{"id":"TUR","name":"Turquía","continent":"europe","year":2003,"AGRPFO_VA":29915.09,"AGRPFO_EXP":2831.02,"FORLOG_VA":845.0,"FORLOG_EXP":4.91,"PESCAC_VA":579.89,"PESCAC_EXP":44.01,"MINCOL_VA":889.62,"MINCOL_EXP":2.22,"PETGAS_VA":507.18,"PETGAS_EXP":186.8,"MINORE_VA":1345.81,"MINORE_EXP":89.66,"MINOTH_VA":729.57,"MINOTH_EXP":246.43,"MINSER_VA":154.86,"MINSER_EXP":3.04,"ALYBEB_VA":9339.42,"ALYBEB_EXP":3535.89,"TEXYPR_VA":15703.14,"TEXYPR_EXP":9946.79,"MADYPR_VA":554.14,"MADYPR_EXP":166.24,"PAPYPR_VA":1629.89,"PAPYPR_EXP":429.89,"PETREF_VA":1321.46,"PETREF_EXP":1641.1,"QUIMYP_VA":2439.09,"QUIMYP_EXP":1443.31,"FARMED_VA":1620.01,"FARMED_EXP":209.26,"HUPLAS_VA":2540.01,"HUPLAS_EXP":1600.14,"PRNOMT_VA":3970.54,"PRNOMT_EXP":1088.06,"METBAS_VA":3179.88,"METBAS_EXP":3118.98,"NONFER_VA":997.34,"NONFER_EXP":1256.74,"PRMETA_VA":3930.79,"PRMETA_EXP":1498.79,"ELCTRO_VA":1053.69,"ELCTRO_EXP":895.44,"ELCTRI_VA":1589.33,"ELCTRI_EXP":1912.64,"MAQYEQ_VA":2634.58,"MAQYEQ_EXP":1808.0,"AUTOMO_VA":3388.62,"AUTOMO_EXP":4185.8,"OTRTRA_VA":233.91,"OTRTRA_EXP":245.76,"TRANSP_VA":543.45,"TRANSP_EXP":306.93,"OTRMAN_VA":2444.87,"OTRMAN_EXP":1427.44,"ELEGAS_VA":4942.13,"ELEGAS_EXP":165.84,"AGUBAS_VA":2598.24,"AGUBAS_EXP":9.25,"CONSTR_VA":16487.28,"CONSTR_EXP":99.12,"COMREV_VA":39839.35,"COMREV_EXP":8863.02,"TRATIE_VA":26282.57,"TRATIE_EXP":3937.44,"TRAGUA_VA":2494.38,"TRAGUA_EXP":759.88,"TRAAIR_VA":1202.06,"TRAAIR_EXP":1833.7,"ALMSTR_VA":5266.03,"ALMSTR_EXP":478.01,"POSTME_VA":818.19,"POSTME_EXP":45.07,"HOTYRE_VA":6630.25,"HOTYRE_EXP":4537.73,"MMTVRA_VA":1106.46,"MMTVRA_EXP":202.65,"TELECO_VA":5573.77,"TELECO_EXP":379.47,"ITSERV_VA":1023.53,"ITSERV_EXP":51.07,"SERFIN_VA":8414.89,"SERFIN_EXP":748.12,"GOBEST_VA":20470.4,"GOBEST_EXP":763.52,"SPRSCT_VA":5679.62,"SPRSCT_EXP":832.76,"SEAEMP_VA":7676.72,"SEAEMP_EXP":1737.31,"ADPDEF_VA":16998.77,"ADPDEF_EXP":13.23,"EDUCAC_VA":10836.0,"EDUCAC_EXP":250.15,"SALUDH_VA":7022.17,"SALUDH_EXP":162.35,"ESPARC_VA":957.31,"ESPARC_EXP":462.01,"OTRSER_VA":3312.99,"OTRSER_EXP":213.15,"SERHOG_VA":122.32,"SERHOG_EXP":0.0}},{"type":"Feature","geometry":{"type":"Point","coordinates":[120.96,23.7]},"properties":{"id":"TWN","name":"Taiwán","continent":"asia","year":2003,"AGRPFO_VA":4022.5,"AGRPFO_EXP":155.45,"FORLOG_VA":49.99,"FORLOG_EXP":12.61,"PESCAC_VA":1202.82,"PESCAC_EXP":603.39,"MINCOL_VA":67.24,"MINCOL_EXP":7.58,"PETGAS_VA":213.1,"PETGAS_EXP":24.04,"MINORE_VA":49.23,"MINORE_EXP":7.28,"MINOTH_VA":426.24,"MINOTH_EXP":7.73,"MINSER_VA":228.12,"MINSER_EXP":7.58,"ALYBEB_VA":5198.31,"ALYBEB_EXP":1234.15,"TEXYPR_VA":4057.3,"TEXYPR_EXP":8115.43,"MADYPR_VA":267.33,"MADYPR_EXP":266.53,"PAPYPR_VA":2450.19,"PAPYPR_EXP":967.46,"PETREF_VA":5067.16,"PETREF_EXP":5839.62,"QUIMYP_VA":6814.8,"QUIMYP_EXP":12988.38,"FARMED_VA":639.19,"FARMED_EXP":226.96,"HUPLAS_VA":3664.94,"HUPLAS_EXP":6131.47,"PRNOMT_VA":2247.22,"PRNOMT_EXP":957.19,"METBAS_VA":3145.71,"METBAS_EXP":6356.47,"NONFER_VA":669.66,"NONFER_EXP":2548.3,"PRMETA_VA":5139.63,"PRMETA_EXP":7299.63,"ELCTRO_VA":31019.49,"ELCTRO_EXP":67565.87,"ELCTRI_VA":2622.0,"ELCTRI_EXP":4683.24,"MAQYEQ_VA":3720.28,"MAQYEQ_EXP":9847.14,"AUTOMO_VA":3402.28,"AUTOMO_EXP":2500.62,"OTRTRA_VA":1794.59,"OTRTRA_EXP":506.77,"TRANSP_VA":1628.23,"TRANSP_EXP":2589.24,"OTRMAN_VA":4218.01,"OTRMAN_EXP":1804.38,"ELEGAS_VA":5758.88,"ELEGAS_EXP":4.02,"AGUBAS_VA":1566.51,"AGUBAS_EXP":2.01,"CONSTR_VA":7311.55,"CONSTR_EXP":59.64,"COMREV_VA":49979.32,"COMREV_EXP":20742.52,"TRATIE_VA":4810.95,"TRATIE_EXP":1819.04,"TRAGUA_VA":991.32,"TRAGUA_EXP":1245.72,"TRAAIR_VA":1650.05,"TRAAIR_EXP":2163.2,"ALMSTR_VA":3506.32,"ALMSTR_EXP":1110.36,"POSTME_VA":765.43,"POSTME_EXP":37.96,"HOTYRE_VA":5882.37,"HOTYRE_EXP":793.56,"MMTVRA_VA":2119.65,"MMTVRA_EXP":452.46,"TELECO_VA":7204.7,"TELECO_EXP":313.47,"ITSERV_VA":2420.57,"ITSERV_EXP":115.9,"SERFIN_VA":23038.85,"SERFIN_EXP":717.07,"GOBEST_VA":24547.77,"GOBEST_EXP":92.93,"SPRSCT_VA":9046.61,"SPRSCT_EXP":623.41,"SEAEMP_VA":4450.63,"SEAEMP_EXP":279.58,"ADPDEF_VA":25074.09,"ADPDEF_EXP":0.0,"EDUCAC_VA":16168.23,"EDUCAC_EXP":78.42,"SALUDH_VA":8696.73,"SALUDH_EXP":524.28,"ESPARC_VA":2393.01,"ESPARC_EXP":197.87,"OTRSER_VA":8431.89,"OTRSER_EXP":30.07,"SERHOG_VA":2290.97,"SERHOG_EXP":0.0}},{"type":"Feature","geometry":{"type":"Point","coordinates":[31.17,48.38]},"properties":{"id":"UKR","name":"Ucrania","continent":"europe","year":2003,"AGRPFO_VA":4640.91,"AGRPFO_EXP":632.43,"FORLOG_VA":545.7,"FORLOG_EXP":90.13,"PESCAC_VA":24.03,"PESCAC_EXP":9.29,"MINCOL_VA":947.68,"MINCOL_EXP":396.69,"PETGAS_VA":999.18,"PETGAS_EXP":264.65,"MINORE_VA":1005.74,"MINORE_EXP":136.37,"MINOTH_VA":223.76,"MINOTH_EXP":207.48,"MINSER_VA":33.83,"MINSER_EXP":614.22,"ALYBEB_VA":2493.75,"ALYBEB_EXP":2170.96,"TEXYPR_VA":381.76,"TEXYPR_EXP":321.64,"MADYPR_VA":157.86,"MADYPR_EXP":332.93,"PAPYPR_VA":388.13,"PAPYPR_EXP":439.11,"PETREF_VA":438.1,"PETREF_EXP":365.63,"QUIMYP_VA":477.84,"QUIMYP_EXP":838.42,"FARMED_VA":155.33,"FARMED_EXP":90.74,"HUPLAS_VA":263.11,"HUPLAS_EXP":114.07,"PRNOMT_VA":471.09,"PRNOMT_EXP":151.02,"METBAS_VA":1234.23,"METBAS_EXP":3532.73,"NONFER_VA":122.79,"NONFER_EXP":283.38,"PRMETA_VA":326.59,"PRMETA_EXP":252.32,"ELCTRO_VA":132.5,"ELCTRO_EXP":271.4,"ELCTRI_VA":368.67,"ELCTRI_EXP":393.93,"MAQYEQ_VA":626.04,"MAQYEQ_EXP":684.33,"AUTOMO_VA":133.29,"AUTOMO_EXP":150.72,"OTRTRA_VA":22.97,"OTRTRA_EXP":85.87,"TRANSP_VA":1064.83,"TRANSP_EXP":404.77,"OTRMAN_VA":551.6,"OTRMAN_EXP":538.1,"ELEGAS_VA":2111.73,"ELEGAS_EXP":65.15,"AGUBAS_VA":625.89,"AGUBAS_EXP":3.74,"CONSTR_VA":2116.87,"CONSTR_EXP":22.64,"COMREV_VA":6000.6,"COMREV_EXP":1453.59,"TRATIE_VA":3096.19,"TRATIE_EXP":725.14,"TRAGUA_VA":368.8,"TRAGUA_EXP":147.93,"TRAAIR_VA":346.34,"TRAAIR_EXP":240.69,"ALMSTR_VA":1586.9,"ALMSTR_EXP":423.81,"POSTME_VA":133.74,"POSTME_EXP":23.53,"HOTYRE_VA":326.62,"HOTYRE_EXP":211.31,"MMTVRA_VA":235.0,"MMTVRA_EXP":52.38,"TELECO_VA":946.32,"TELECO_EXP":75.99,"ITSERV_VA":507.38,"ITSERV_EXP":420.77,"SERFIN_VA":1726.13,"SERFIN_EXP":371.83,"GOBEST_VA":1830.41,"GOBEST_EXP":46.32,"SPRSCT_VA":1044.5,"SPRSCT_EXP":133.82,"SEAEMP_VA":430.35,"SEAEMP_EXP":49.44,"ADPDEF_VA":1981.95,"ADPDEF_EXP":0.65,"EDUCAC_VA":2551.62,"EDUCAC_EXP":25.05,"SALUDH_VA":1721.85,"SALUDH_EXP":9.67,"ESPARC_VA":320.21,"ESPARC_EXP":23.75,"OTRSER_VA":340.01,"OTRSER_EXP":10.84,"SERHOG_VA":0.74,"SERHOG_EXP":0.0}},{"type":"Feature","geometry":{"type":"Point","coordinates":[-95.71,37.09]},"properties":{"id":"USA","name":"Estados Unidos","continent":"america","year":2003,"AGRPFO_VA":116778.53,"AGRPFO_EXP":22541.49,"FORLOG_VA":9781.69,"FORLOG_EXP":1030.55,"PESCAC_VA":2633.2,"PESCAC_EXP":2042.49,"MINCOL_VA":12442.57,"MINCOL_EXP":1305.07,"PETGAS_VA":89257.26,"PETGAS_EXP":3174.56,"MINORE_VA":4448.8,"MINORE_EXP":2017.4,"MINOTH_VA":11358.12,"MINOTH_EXP":1110.97,"MINSER_VA":17068.72,"MINSER_EXP":789.81,"ALYBEB_VA":162607.78,"ALYBEB_EXP":25573.98,"TEXYPR_VA":35532.92,"TEXYPR_EXP":15849.23,"MADYPR_VA":29258.75,"MADYPR_EXP":3305.38,"PAPYPR_VA":95567.71,"PAPYPR_EXP":14293.37,"PETREF_VA":70198.44,"PETREF_EXP":12674.63,"QUIMYP_VA":114327.49,"QUIMYP_EXP":48115.62,"FARMED_VA":100906.48,"FARMED_EXP":17136.69,"HUPLAS_VA":64255.94,"HUPLAS_EXP":13597.8,"PRNOMT_VA":55004.47,"PRNOMT_EXP":5210.2,"METBAS_VA":21369.74,"METBAS_EXP":6113.28,"NONFER_VA":29360.76,"NONFER_EXP":10074.68,"PRMETA_VA":112865.91,"PRMETA_EXP":15037.12,"ELCTRO_VA":196676.01,"ELCTRO_EXP":94464.37,"ELCTRI_VA":46250.08,"ELCTRI_EXP":18989.41,"MAQYEQ_VA":100360.46,"MAQYEQ_EXP":56926.65,"AUTOMO_VA":137059.38,"AUTOMO_EXP":55722.9,"OTRTRA_VA":11371.82,"OTRTRA_EXP":1318.01,"TRANSP_VA":61985.79,"TRANSP_EXP":43015.43,"OTRMAN_VA":108253.74,"OTRMAN_EXP":20404.53,"ELEGAS_VA":158234.08,"ELEGAS_EXP":2057.77,"AGUBAS_VA":36798.01,"AGUBAS_EXP":29.88,"CONSTR_VA":536691.94,"CONSTR_EXP":5.25,"COMREV_VA":1212980.03,"COMREV_EXP":133794.89,"TRATIE_VA":161118.34,"TRATIE_EXP":21392.74,"TRAGUA_VA":9066.34,"TRAGUA_EXP":6518.89,"TRAAIR_VA":47241.25,"TRAAIR_EXP":24993.46,"ALMSTR_VA":69765.37,"ALMSTR_EXP":2591.7,"POSTME_VA":82530.6,"POSTME_EXP":5775.81,"HOTYRE_VA":288907.09,"HOTYRE_EXP":21743.24,"MMTVRA_VA":266998.8,"MMTVRA_EXP":32356.05,"TELECO_VA":203828.17,"TELECO_EXP":9959.25,"ITSERV_VA":177995.53,"ITSERV_EXP":8542.73,"SERFIN_VA":834162.26,"SERFIN_EXP":50358.02,"GOBEST_VA":1323322.95,"GOBEST_EXP":7414.33,"SPRSCT_VA":797866.54,"SPRSCT_EXP":52366.23,"SEAEMP_VA":425007.1,"SEAEMP_EXP":32251.71,"ADPDEF_VA":1023977.03,"ADPDEF_EXP":2487.59,"EDUCAC_VA":635138.67,"EDUCAC_EXP":14401.21,"SALUDH_VA":746254.99,"SALUDH_EXP":1202.18,"ESPARC_VA":104161.59,"ESPARC_EXP":3606.74,"OTRSER_VA":182267.09,"OTRSER_EXP":1516.78,"SERHOG_VA":14179.42,"SERHOG_EXP":0.0}},{"type":"Feature","geometry":{"type":"Point","coordinates":[108.28,14.06]},"properties":{"id":"VNM","name":"Vietnam","continent":"asia","year":2003,"AGRPFO_VA":5577.7,"AGRPFO_EXP":1197.94,"FORLOG_VA":434.26,"FORLOG_EXP":50.92,"PESCAC_VA":1335.24,"PESCAC_EXP":340.44,"MINCOL_VA":220.99,"MINCOL_EXP":402.31,"PETGAS_VA":3885.0,"PETGAS_EXP":4060.9,"MINORE_VA":41.98,"MINORE_EXP":62.85,"MINOTH_VA":114.89,"MINOTH_EXP":42.01,"MINSER_VA":79.94,"MINSER_EXP":2.94,"ALYBEB_VA":1814.68,"ALYBEB_EXP":2981.19,"TEXYPR_VA":2924.96,"TEXYPR_EXP":4009.01,"MADYPR_VA":168.68,"MADYPR_EXP":259.37,"PAPYPR_VA":254.37,"PAPYPR_EXP":95.27,"PETREF_VA":236.24,"PETREF_EXP":48.11,"QUIMYP_VA":499.44,"QUIMYP_EXP":313.03,"FARMED_VA":117.48,"FARMED_EXP":22.2,"HUPLAS_VA":444.22,"HUPLAS_EXP":410.12,"PRNOMT_VA":625.79,"PRNOMT_EXP":332.47,"METBAS_VA":207.53,"METBAS_EXP":85.55,"NONFER_VA":49.34,"NONFER_EXP":73.61,"PRMETA_VA":345.01,"PRMETA_EXP":954.56,"ELCTRO_VA":472.8,"ELCTRO_EXP":336.62,"ELCTRI_VA":229.83,"ELCTRI_EXP":646.27,"MAQYEQ_VA":188.98,"MAQYEQ_EXP":487.88,"AUTOMO_VA":134.3,"AUTOMO_EXP":138.89,"OTRTRA_VA":7.9,"OTRTRA_EXP":23.64,"TRANSP_VA":99.52,"TRANSP_EXP":9.99,"OTRMAN_VA":723.52,"OTRMAN_EXP":824.6,"ELEGAS_VA":1246.07,"ELEGAS_EXP":8.09,"AGUBAS_VA":249.22,"AGUBAS_EXP":0.15,"CONSTR_VA":2281.33,"CONSTR_EXP":2.9,"COMREV_VA":3604.4,"COMREV_EXP":1319.3,"TRATIE_VA":563.13,"TRATIE_EXP":327.71,"TRAGUA_VA":171.51,"TRAGUA_EXP":239.37,"TRAAIR_VA":222.06,"TRAAIR_EXP":502.15,"ALMSTR_VA":307.96,"ALMSTR_EXP":271.88,"POSTME_VA":70.79,"POSTME_EXP":90.03,"HOTYRE_VA":1033.23,"HOTYRE_EXP":622.11,"MMTVRA_VA":128.79,"MMTVRA_EXP":39.56,"TELECO_VA":468.72,"TELECO_EXP":110.94,"ITSERV_VA":187.39,"ITSERV_EXP":84.66,"SERFIN_VA":853.8,"SERFIN_EXP":335.12,"GOBEST_VA":845.5,"GOBEST_EXP":63.38,"SPRSCT_VA":731.01,"SPRSCT_EXP":134.29,"SEAEMP_VA":221.06,"SEAEMP_EXP":143.56,"ADPDEF_VA":939.04,"ADPDEF_EXP":0.47,"EDUCAC_VA":1088.64,"EDUCAC_EXP":20.63,"SALUDH_VA":453.2,"SALUDH_EXP":15.4,"ESPARC_VA":375.43,"ESPARC_EXP":84.87,"OTRSER_VA":279.33,"OTRSER_EXP":19.01,"SERHOG_VA":59.81,"SERHOG_EXP":0.0}},{"type":"Feature","geometry":{"type":"Point","coordinates":[22.94,-30.56]},"properties":{"id":"ZAF","name":"Sudáfrica","continent":"other","year":2003,"AGRPFO_VA":3333.1,"AGRPFO_EXP":1106.9,"FORLOG_VA":190.78,"FORLOG_EXP":10.71,"PESCAC_VA":331.32,"PESCAC_EXP":37.05,"MINCOL_VA":2160.13,"MINCOL_EXP":2507.23,"PETGAS_VA":169.15,"PETGAS_EXP":363.71,"MINORE_VA":8660.23,"MINORE_EXP":11547.32,"MINOTH_VA":767.02,"MINOTH_EXP":1350.98,"MINSER_VA":127.93,"MINSER_EXP":8.69,"ALYBEB_VA":4778.79,"ALYBEB_EXP":993.83,"TEXYPR_VA":1211.05,"TEXYPR_EXP":211.68,"MADYPR_VA":401.73,"MADYPR_EXP":142.15,"PAPYPR_VA":1666.85,"PAPYPR_EXP":568.82,"PETREF_VA":2699.53,"PETREF_EXP":944.2,"QUIMYP_VA":2276.12,"QUIMYP_EXP":2206.64,"FARMED_VA":406.23,"FARMED_EXP":118.59,"HUPLAS_VA":794.68,"HUPLAS_EXP":201.44,"PRNOMT_VA":1152.87,"PRNOMT_EXP":107.92,"METBAS_VA":2356.58,"METBAS_EXP":3398.24,"NONFER_VA":821.83,"NONFER_EXP":1681.0,"PRMETA_VA":1417.2,"PRMETA_EXP":744.96,"ELCTRO_VA":424.37,"ELCTRO_EXP":246.36,"ELCTRI_VA":802.19,"ELCTRI_EXP":422.53,"MAQYEQ_VA":1868.31,"MAQYEQ_EXP":1670.79,"AUTOMO_VA":2250.94,"AUTOMO_EXP":2332.51,"OTRTRA_VA":45.54,"OTRTRA_EXP":67.48,"TRANSP_VA":296.99,"TRANSP_EXP":506.33,"OTRMAN_VA":1491.16,"OTRMAN_EXP":630.39,"ELEGAS_VA":3487.18,"ELEGAS_EXP":44.86,"AGUBAS_VA":1917.09,"AGUBAS_EXP":0.23,"CONSTR_VA":4558.61,"CONSTR_EXP":64.84,"COMREV_VA":16426.55,"COMREV_EXP":3455.95,"TRATIE_VA":4565.26,"TRATIE_EXP":1272.72,"TRAGUA_VA":254.48,"TRAGUA_EXP":264.11,"TRAAIR_VA":505.08,"TRAAIR_EXP":763.53,"ALMSTR_VA":2050.24,"ALMSTR_EXP":748.8,"POSTME_VA":331.27,"POSTME_EXP":63.78,"HOTYRE_VA":1856.86,"HOTYRE_EXP":812.05,"MMTVRA_VA":1663.28,"MMTVRA_EXP":249.63,"TELECO_VA":10391.69,"TELECO_EXP":786.79,"ITSERV_VA":3513.63,"ITSERV_EXP":180.34,"SERFIN_VA":26762.4,"SERFIN_EXP":962.19,"GOBEST_VA":12938.6,"GOBEST_EXP":362.03,"SPRSCT_VA":7477.21,"SPRSCT_EXP":176.32,"SEAEMP_VA":4487.34,"SEAEMP_EXP":281.21,"ADPDEF_VA":6339.35,"ADPDEF_EXP":11.31,"EDUCAC_VA":5097.91,"EDUCAC_EXP":753.7,"SALUDH_VA":3843.03,"SALUDH_EXP":73.91,"ESPARC_VA":2295.57,"ESPARC_EXP":176.68,"OTRSER_VA":1033.54,"OTRSER_EXP":68.69,"SERHOG_VA":24402.08,"SERHOG_EXP":0.0}}]}