{"type":"FeatureCollection","features":[{"type":"Feature","geometry":{"type":"Point","coordinates":[13.23,-8.84]},"properties":{"id":"AGO","name":"Angola","continent":"other","year":2015,"AGRPFO_VA":6775.03,"AGRPFO_EXP":6.88,"FORLOG_VA":545.92,"FORLOG_EXP":0.65,"PESCAC_VA":998.12,"PESCAC_EXP":3.36,"MINCOL_VA":37.5,"MINCOL_EXP":0.23,"PETGAS_VA":32406.0,"PETGAS_EXP":29004.0,"MINORE_VA":49.91,"MINORE_EXP":0.39,"MINOTH_VA":9557.87,"MINOTH_EXP":1102.76,"MINSER_VA":6235.14,"MINSER_EXP":298.42,"ALYBEB_VA":1859.51,"ALYBEB_EXP":76.31,"TEXYPR_VA":897.4,"TEXYPR_EXP":12.11,"MADYPR_VA":31.5,"MADYPR_EXP":12.6,"PAPYPR_VA":106.89,"PAPYPR_EXP":10.18,"PETREF_VA":1173.37,"PETREF_EXP":410.9,"QUIMYP_VA":525.0,"QUIMYP_EXP":175.25,"FARMED_VA":267.23,"FARMED_EXP":1.36,"HUPLAS_VA":150.28,"HUPLAS_EXP":8.33,"PRNOMT_VA":226.45,"PRNOMT_EXP":18.44,"METBAS_VA":89.59,"METBAS_EXP":22.04,"NONFER_VA":22.76,"NONFER_EXP":1.0,"PRMETA_VA":175.6,"PRMETA_EXP":79.49,"ELCTRO_VA":524.7,"ELCTRO_EXP":85.94,"ELCTRI_VA":232.16,"ELCTRI_EXP":28.63,"MAQYEQ_VA":618.96,"MAQYEQ_EXP":389.14,"AUTOMO_VA":670.25,"AUTOMO_EXP":32.5,"OTRTRA_VA":27.81,"OTRTRA_EXP":1.34,"TRANSP_VA":16.64,"TRANSP_EXP":11.16,"OTRMAN_VA":259.54,"OTRMAN_EXP":28.49,"ELEGAS_VA":4233.75,"ELEGAS_EXP":632.16,"AGUBAS_VA":486.74,"AGUBAS_EXP":70.84,"CONSTR_VA":6353.74,"CONSTR_EXP":0.14,"COMREV_VA":6874.88,"COMREV_EXP":573.36,"TRATIE_VA":854.06,"TRATIE_EXP":242.34,"TRAGUA_VA":415.16,"TRAGUA_EXP":173.33,"TRAAIR_VA":471.88,"TRAAIR_EXP":62.85,"ALMSTR_VA":604.18,"ALMSTR_EXP":31.42,"POSTME_VA":330.83,"POSTME_EXP":1.7,"HOTYRE_VA":1940.76,"HOTYRE_EXP":68.07,"MMTVRA_VA":989.89,"MMTVRA_EXP":21.9,"TELECO_VA":1438.92,"TELECO_EXP":36.18,"ITSERV_VA":999.55,"ITSERV_EXP":48.67,"SERFIN_VA":2715.16,"SERFIN_EXP":142.59,"GOBEST_VA":4830.28,"GOBEST_EXP":242.5,"SPRSCT_VA":1570.82,"SPRSCT_EXP":213.9,"SEAEMP_VA":1234.57,"SEAEMP_EXP":282.08,"ADPDEF_VA":6769.8,"ADPDEF_EXP":0.96,"EDUCAC_VA":5807.22,"EDUCAC_EXP":2.92,"SALUDH_VA":1553.41,"SALUDH_EXP":4.42,"ESPARC_VA":254.39,"ESPARC_EXP":10.26,"OTRSER_VA":736.39,"OTRSER_EXP":4.45,"SERHOG_VA":0.0,"SERHOG_EXP":0.0}},{"type":"Feature","geometry":{"type":"Point","coordinates":[53.85,23.42]},"properties":{"id":"ARE","name":"Emiratos Árabes","continent":"other","year":2015,"AGRPFO_VA":3629.5,"AGRPFO_EXP":1400.16,"FORLOG_VA":330.67,"FORLOG_EXP":293.81,"PESCAC_VA":480.74,"PESCAC_EXP":512.0,"MINCOL_VA":781.38,"MINCOL_EXP":1021.27,"PETGAS_VA":86560.19,"PETGAS_EXP":105255.82,"MINORE_VA":9318.03,"MINORE_EXP":3900.78,"MINOTH_VA":4639.21,"MINOTH_EXP":6883.17,"MINSER_VA":9084.56,"MINSER_EXP":4088.86,"ALYBEB_VA":4281.35,"ALYBEB_EXP":6216.84,"TEXYPR_VA":1777.83,"TEXYPR_EXP":1317.63,"MADYPR_VA":187.81,"MADYPR_EXP":73.42,"PAPYPR_VA":933.24,"PAPYPR_EXP":1406.98,"PETREF_VA":12972.36,"PETREF_EXP":22745.55,"QUIMYP_VA":3872.02,"QUIMYP_EXP":10393.86,"FARMED_VA":2185.47,"FARMED_EXP":587.38,"HUPLAS_VA":893.1,"HUPLAS_EXP":1714.44,"PRNOMT_VA":2239.63,"PRNOMT_EXP":2654.48,"METBAS_VA":831.61,"METBAS_EXP":3058.98,"NONFER_VA":3242.26,"NONFER_EXP":11265.27,"PRMETA_VA":1503.04,"PRMETA_EXP":2039.78,"ELCTRO_VA":4370.28,"ELCTRO_EXP":363.13,"ELCTRI_VA":1255.39,"ELCTRI_EXP":1898.62,"MAQYEQ_VA":1377.6,"MAQYEQ_EXP":2104.47,"AUTOMO_VA":1521.56,"AUTOMO_EXP":351.6,"OTRTRA_VA":202.53,"OTRTRA_EXP":438.17,"TRANSP_VA":706.86,"TRANSP_EXP":150.46,"OTRMAN_VA":2326.79,"OTRMAN_EXP":2510.62,"ELEGAS_VA":13708.79,"ELEGAS_EXP":305.95,"AGUBAS_VA":2264.72,"AGUBAS_EXP":38.49,"CONSTR_VA":38892.53,"CONSTR_EXP":469.96,"COMREV_VA":29214.81,"COMREV_EXP":13203.78,"TRATIE_VA":3587.59,"TRATIE_EXP":4057.31,"TRAGUA_VA":2036.46,"TRAGUA_EXP":5055.51,"TRAAIR_VA":2320.61,"TRAAIR_EXP":6851.96,"ALMSTR_VA":3060.2,"ALMSTR_EXP":3123.13,"POSTME_VA":1437.95,"POSTME_EXP":308.87,"HOTYRE_VA":7056.73,"HOTYRE_EXP":8088.52,"MMTVRA_VA":4398.62,"MMTVRA_EXP":1384.02,"TELECO_VA":6134.83,"TELECO_EXP":2006.04,"ITSERV_VA":3974.31,"ITSERV_EXP":3674.11,"SERFIN_VA":12461.92,"SERFIN_EXP":7805.29,"GOBEST_VA":21780.06,"GOBEST_EXP":4481.28,"SPRSCT_VA":7246.5,"SPRSCT_EXP":4054.42,"SEAEMP_VA":5779.84,"SEAEMP_EXP":3415.83,"ADPDEF_VA":25440.39,"ADPDEF_EXP":100.37,"EDUCAC_VA":6194.5,"EDUCAC_EXP":264.71,"SALUDH_VA":6240.62,"SALUDH_EXP":173.4,"ESPARC_VA":1239.46,"ESPARC_EXP":1551.09,"OTRSER_VA":3045.5,"OTRSER_EXP":244.39,"SERHOG_VA":2387.41,"SERHOG_EXP":0.0}},{"type":"Feature","geometry":{"type":"Point","coordinates":[-63.62,-38.42]},"properties":{"id":"ARG","name":"Argentina","continent":"america","year":2015,"AGRPFO_VA":32622.0,"AGRPFO_EXP":7800.4,"FORLOG_VA":278.03,"FORLOG_EXP":26.13,"PESCAC_VA":1568.61,"PESCAC_EXP":359.02,"MINCOL_VA":18.26,"MINCOL_EXP":1.6,"PETGAS_VA":15873.79,"PETGAS_EXP":1708.81,"MINORE_VA":1625.41,"MINORE_EXP":2087.07,"MINOTH_VA":998.66,"MINOTH_EXP":29.6,"MINSER_VA":1458.34,"MINSER_EXP":22.66,"ALYBEB_VA":30427.97,"ALYBEB_EXP":15909.98,"TEXYPR_VA":7822.84,"TEXYPR_EXP":1226.58,"MADYPR_VA":1563.9,"MADYPR_EXP":129.27,"PAPYPR_VA":6431.61,"PAPYPR_EXP":538.35,"PETREF_VA":3489.84,"PETREF_EXP":1665.34,"QUIMYP_VA":11042.72,"QUIMYP_EXP":2643.49,"FARMED_VA":7269.85,"FARMED_EXP":939.63,"HUPLAS_VA":5445.2,"HUPLAS_EXP":602.99,"PRNOMT_VA":4409.64,"PRNOMT_EXP":152.98,"METBAS_VA":4805.64,"METBAS_EXP":970.88,"NONFER_VA":948.94,"NONFER_EXP":670.38,"PRMETA_VA":4343.34,"PRMETA_EXP":477.07,"ELCTRO_VA":2467.88,"ELCTRO_EXP":205.68,"ELCTRI_VA":1934.82,"ELCTRI_EXP":215.96,"MAQYEQ_VA":5639.74,"MAQYEQ_EXP":792.98,"AUTOMO_VA":4358.33,"AUTOMO_EXP":5062.73,"OTRTRA_VA":110.49,"OTRTRA_EXP":14.32,"TRANSP_VA":396.17,"TRANSP_EXP":49.5,"OTRMAN_VA":3675.07,"OTRMAN_EXP":237.32,"ELEGAS_VA":6962.97,"ELEGAS_EXP":105.32,"AGUBAS_VA":1029.52,"AGUBAS_EXP":11.56,"CONSTR_VA":31059.58,"CONSTR_EXP":0.21,"COMREV_VA":87975.74,"COMREV_EXP":9623.23,"TRATIE_VA":15999.42,"TRATIE_EXP":1023.39,"TRAGUA_VA":405.75,"TRAGUA_EXP":71.45,"TRAAIR_VA":994.62,"TRAAIR_EXP":897.63,"ALMSTR_VA":5842.57,"ALMSTR_EXP":1201.2,"POSTME_VA":1047.49,"POSTME_EXP":43.14,"HOTYRE_VA":15644.67,"HOTYRE_EXP":1707.29,"MMTVRA_VA":1234.7,"MMTVRA_EXP":215.47,"TELECO_VA":10803.78,"TELECO_EXP":759.03,"ITSERV_VA":2678.82,"ITSERV_EXP":1506.16,"SERFIN_VA":22474.05,"SERFIN_EXP":247.71,"GOBEST_VA":37762.33,"GOBEST_EXP":225.89,"SPRSCT_VA":26659.17,"SPRSCT_EXP":3029.02,"SEAEMP_VA":8389.52,"SEAEMP_EXP":1021.08,"ADPDEF_VA":46084.04,"ADPDEF_EXP":0.12,"EDUCAC_VA":34745.74,"EDUCAC_EXP":73.86,"SALUDH_VA":31523.3,"SALUDH_EXP":47.33,"ESPARC_VA":2219.22,"ESPARC_EXP":200.72,"OTRSER_VA":7536.07,"OTRSER_EXP":64.72,"SERHOG_VA":8068.43,"SERHOG_EXP":0.0}},{"type":"Feature","geometry":{"type":"Point","coordinates":[133.78,-25.27]},"properties":{"id":"AUS","name":"Australia","continent":"other","year":2015,"AGRPFO_VA":27804.03,"AGRPFO_EXP":8689.39,"FORLOG_VA":1400.73,"FORLOG_EXP":210.04,"PESCAC_VA":1448.63,"PESCAC_EXP":336.11,"MINCOL_VA":13162.77,"MINCOL_EXP":21592.75,"PETGAS_VA":18231.11,"PETGAS_EXP":15305.51,"MINORE_VA":35123.2,"MINORE_EXP":43761.67,"MINOTH_VA":1887.82,"MINOTH_EXP":441.36,"MINSER_VA":5730.67,"MINSER_EXP":228.97,"ALYBEB_VA":19273.01,"ALYBEB_EXP":14737.6,"TEXYPR_VA":1852.68,"TEXYPR_EXP":747.99,"MADYPR_VA":3258.42,"MADYPR_EXP":657.8,"PAPYPR_VA":4211.59,"PAPYPR_EXP":1206.29,"PETREF_VA":3521.38,"PETREF_EXP":2048.14,"QUIMYP_VA":4669.13,"QUIMYP_EXP":3447.96,"FARMED_VA":2666.21,"FARMED_EXP":1145.22,"HUPLAS_VA":3732.26,"HUPLAS_EXP":986.86,"PRNOMT_VA":4758.71,"PRNOMT_EXP":395.01,"METBAS_VA":1357.33,"METBAS_EXP":752.07,"NONFER_VA":2896.04,"NONFER_EXP":22700.37,"PRMETA_VA":7697.2,"PRMETA_EXP":1397.51,"ELCTRO_VA":4160.05,"ELCTRO_EXP":1295.52,"ELCTRI_VA":1605.2,"ELCTRI_EXP":732.67,"MAQYEQ_VA":3358.72,"MAQYEQ_EXP":1726.58,"AUTOMO_VA":2497.26,"AUTOMO_EXP":1866.49,"OTRTRA_VA":1145.77,"OTRTRA_EXP":498.19,"TRANSP_VA":2058.25,"TRANSP_EXP":562.73,"OTRMAN_VA":6082.6,"OTRMAN_EXP":868.87,"ELEGAS_VA":18233.3,"ELEGAS_EXP":188.47,"AGUBAS_VA":12561.49,"AGUBAS_EXP":12.54,"CONSTR_VA":99598.45,"CONSTR_EXP":771.35,"COMREV_VA":113578.19,"COMREV_EXP":27893.89,"TRATIE_VA":24491.68,"TRATIE_EXP":4596.88,"TRAGUA_VA":3528.58,"TRAGUA_EXP":1343.24,"TRAAIR_VA":6585.84,"TRAAIR_EXP":4762.48,"ALMSTR_VA":22422.32,"ALMSTR_EXP":2693.06,"POSTME_VA":4010.46,"POSTME_EXP":1055.18,"HOTYRE_VA":33175.66,"HOTYRE_EXP":5495.97,"MMTVRA_VA":11658.66,"MMTVRA_EXP":744.48,"TELECO_VA":17230.21,"TELECO_EXP":1572.46,"ITSERV_VA":24593.76,"ITSERV_EXP":1334.86,"SERFIN_VA":107229.75,"SERFIN_EXP":3659.75,"GOBEST_VA":140197.28,"GOBEST_EXP":1307.3,"SPRSCT_VA":62209.99,"SPRSCT_EXP":5014.95,"SEAEMP_VA":46003.33,"SEAEMP_EXP":3687.26,"ADPDEF_VA":68635.2,"ADPDEF_EXP":30.13,"EDUCAC_VA":60813.3,"EDUCAC_EXP":7343.07,"SALUDH_VA":84976.08,"SALUDH_EXP":471.33,"ESPARC_VA":10820.73,"ESPARC_EXP":1732.51,"OTRSER_VA":11217.2,"OTRSER_EXP":607.31,"SERHOG_VA":0.0,"SERHOG_EXP":0.0}},{"type":"Feature","geometry":{"type":"Point","coordinates":[14.55,47.52]},"properties":{"id":"AUT","name":"Austria","continent":"europe","year":2015,"AGRPFO_VA":3268.48,"AGRPFO_EXP":1335.54,"FORLOG_VA":1296.14,"FORLOG_EXP":93.15,"PESCAC_VA":28.55,"PESCAC_EXP":9.1,"MINCOL_VA":23.99,"MINCOL_EXP":1.89,"PETGAS_VA":772.1,"PETGAS_EXP":328.22,"MINORE_VA":141.75,"MINORE_EXP":209.59,"MINOTH_VA":512.17,"MINOTH_EXP":203.89,"MINSER_VA":56.22,"MINSER_EXP":32.59,"ALYBEB_VA":7071.0,"ALYBEB_EXP":8684.34,"TEXYPR_VA":1301.59,"TEXYPR_EXP":1927.29,"MADYPR_VA":2748.71,"MADYPR_EXP":3294.68,"PAPYPR_VA":3364.36,"PAPYPR_EXP":5521.04,"PETREF_VA":546.92,"PETREF_EXP":2548.52,"QUIMYP_VA":3473.75,"QUIMYP_EXP":10588.03,"FARMED_VA":2547.33,"FARMED_EXP":3601.32,"HUPLAS_VA":2902.83,"HUPLAS_EXP":3468.11,"PRNOMT_VA":2984.63,"PRNOMT_EXP":2041.42,"METBAS_VA":3065.85,"METBAS_EXP":6130.5,"NONFER_VA":1928.94,"NONFER_EXP":3809.17,"PRMETA_VA":6702.72,"PRMETA_EXP":6876.72,"ELCTRO_VA":3511.84,"ELCTRO_EXP":5551.06,"ELCTRI_VA":6192.2,"ELCTRI_EXP":7652.4,"MAQYEQ_VA":9659.71,"MAQYEQ_EXP":13376.68,"AUTOMO_VA":4827.06,"AUTOMO_EXP":11639.11,"OTRTRA_VA":82.35,"OTRTRA_EXP":59.81,"TRANSP_VA":954.63,"TRANSP_EXP":2262.6,"OTRMAN_VA":5261.31,"OTRMAN_EXP":4661.8,"ELEGAS_VA":5775.95,"ELEGAS_EXP":1541.5,"AGUBAS_VA":3633.79,"AGUBAS_EXP":71.19,"CONSTR_VA":21965.4,"CONSTR_EXP":357.24,"COMREV_VA":43478.06,"COMREV_EXP":19103.74,"TRATIE_VA":10170.53,"TRATIE_EXP":9171.05,"TRAGUA_VA":241.8,"TRAGUA_EXP":139.81,"TRAAIR_VA":887.04,"TRAAIR_EXP":2225.57,"ALMSTR_VA":7704.64,"ALMSTR_EXP":3557.52,"POSTME_VA":1604.75,"POSTME_EXP":653.05,"HOTYRE_VA":14398.14,"HOTYRE_EXP":3182.85,"MMTVRA_VA":2771.26,"MMTVRA_EXP":1444.66,"TELECO_VA":3155.14,"TELECO_EXP":1117.91,"ITSERV_VA":6522.93,"ITSERV_EXP":3716.9,"SERFIN_VA":15450.55,"SERFIN_EXP":4176.38,"GOBEST_VA":32891.61,"GOBEST_EXP":1217.13,"SPRSCT_VA":18443.05,"SPRSCT_EXP":7551.29,"SEAEMP_VA":14730.29,"SEAEMP_EXP":1968.32,"ADPDEF_VA":18367.18,"ADPDEF_EXP":160.71,"EDUCAC_VA":18741.99,"EDUCAC_EXP":974.77,"SALUDH_VA":25913.89,"SALUDH_EXP":440.86,"ESPARC_VA":4079.37,"ESPARC_EXP":1115.94,"OTRSER_VA":5178.19,"OTRSER_EXP":466.42,"SERHOG_VA":149.98,"SERHOG_EXP":0.0}},{"type":"Feature","geometry":{"type":"Point","coordinates":[4.47,50.5]},"properties":{"id":"BEL","name":"Bélgica","continent":"europe","year":2015,"AGRPFO_VA":3542.0,"AGRPFO_EXP":2537.53,"FORLOG_VA":130.88,"FORLOG_EXP":100.89,"PESCAC_VA":65.15,"PESCAC_EXP":46.11,"MINCOL_VA":0.0,"MINCOL_EXP":0.0,"PETGAS_VA":0.0,"PETGAS_EXP":0.0,"MINORE_VA":0.0,"MINORE_EXP":0.0,"MINOTH_VA":260.95,"MINOTH_EXP":198.28,"MINSER_VA":2.17,"MINSER_EXP":12.4,"ALYBEB_VA":9121.45,"ALYBEB_EXP":16950.85,"TEXYPR_VA":1664.46,"TEXYPR_EXP":3755.25,"MADYPR_VA":964.14,"MADYPR_EXP":1113.39,"PAPYPR_VA":2493.94,"PAPYPR_EXP":2979.49,"PETREF_VA":2986.94,"PETREF_EXP":13105.21,"QUIMYP_VA":10309.86,"QUIMYP_EXP":21499.12,"FARMED_VA":6637.25,"FARMED_EXP":9594.56,"HUPLAS_VA":2465.34,"HUPLAS_EXP":4007.71,"PRNOMT_VA":2797.12,"PRNOMT_EXP":2198.87,"METBAS_VA":2010.97,"METBAS_EXP":6676.34,"NONFER_VA":1111.4,"NONFER_EXP":6286.15,"PRMETA_VA":4276.79,"PRMETA_EXP":3833.07,"ELCTRO_VA":1484.63,"ELCTRO_EXP":2460.82,"ELCTRI_VA":1648.68,"ELCTRI_EXP":2316.6,"MAQYEQ_VA":4047.45,"MAQYEQ_EXP":6451.09,"AUTOMO_VA":3541.23,"AUTOMO_EXP":11852.04,"OTRTRA_VA":7.8,"OTRTRA_EXP":12.13,"TRANSP_VA":993.67,"TRANSP_EXP":635.9,"OTRMAN_VA":3596.29,"OTRMAN_EXP":3632.86,"ELEGAS_VA":6680.94,"ELEGAS_EXP":572.8,"AGUBAS_VA":4099.37,"AGUBAS_EXP":29.73,"CONSTR_VA":22459.77,"CONSTR_EXP":690.43,"COMREV_VA":51243.85,"COMREV_EXP":27925.54,"TRATIE_VA":9277.46,"TRATIE_EXP":10081.57,"TRAGUA_VA":800.65,"TRAGUA_EXP":2529.88,"TRAAIR_VA":698.03,"TRAAIR_EXP":2881.31,"ALMSTR_VA":12306.98,"ALMSTR_EXP":14071.44,"POSTME_VA":2326.25,"POSTME_EXP":1008.34,"HOTYRE_VA":8198.88,"HOTYRE_EXP":1601.1,"MMTVRA_VA":3447.48,"MMTVRA_EXP":2577.4,"TELECO_VA":5856.56,"TELECO_EXP":3531.01,"ITSERV_VA":8118.81,"ITSERV_EXP":3528.63,"SERFIN_VA":27470.29,"SERFIN_EXP":14431.22,"GOBEST_VA":38889.91,"GOBEST_EXP":672.99,"SPRSCT_VA":41473.74,"SPRSCT_EXP":34980.45,"SEAEMP_VA":20423.95,"SEAEMP_EXP":7563.99,"ADPDEF_VA":32073.75,"ADPDEF_EXP":365.28,"EDUCAC_VA":28850.51,"EDUCAC_EXP":2269.45,"SALUDH_VA":30517.84,"SALUDH_EXP":109.85,"ESPARC_VA":2793.45,"ESPARC_EXP":755.9,"OTRSER_VA":5485.79,"OTRSER_EXP":282.1,"SERHOG_VA":340.29,"SERHOG_EXP":0.0}},{"type":"Feature","geometry":{"type":"Point","coordinates":[90.36,23.68]},"properties":{"id":"BGD","name":"Bangladesh","continent":"asia","year":2015,"AGRPFO_VA":17035.03,"AGRPFO_EXP":3030.93,"FORLOG_VA":3423.0,"FORLOG_EXP":20.67,"PESCAC_VA":5286.12,"PESCAC_EXP":29.18,"MINCOL_VA":7.62,"MINCOL_EXP":0.04,"PETGAS_VA":2210.42,"PETGAS_EXP":12.86,"MINORE_VA":8.99,"MINORE_EXP":0.1,"MINOTH_VA":106.54,"MINOTH_EXP":1.41,"MINSER_VA":89.52,"MINSER_EXP":4.66,"ALYBEB_VA":6170.84,"ALYBEB_EXP":2233.2,"TEXYPR_VA":23533.61,"TEXYPR_EXP":18442.55,"MADYPR_VA":50.1,"MADYPR_EXP":9.32,"PAPYPR_VA":311.51,"PAPYPR_EXP":36.01,"PETREF_VA":47.58,"PETREF_EXP":118.02,"QUIMYP_VA":386.33,"QUIMYP_EXP":51.08,"FARMED_VA":857.89,"FARMED_EXP":65.14,"HUPLAS_VA":3334.66,"HUPLAS_EXP":77.46,"PRNOMT_VA":2740.46,"PRNOMT_EXP":51.06,"METBAS_VA":952.61,"METBAS_EXP":31.09,"NONFER_VA":704.2,"NONFER_EXP":40.63,"PRMETA_VA":252.26,"PRMETA_EXP":31.74,"ELCTRO_VA":255.13,"ELCTRO_EXP":29.93,"ELCTRI_VA":473.35,"ELCTRI_EXP":70.46,"MAQYEQ_VA":60.66,"MAQYEQ_EXP":58.11,"AUTOMO_VA":35.77,"AUTOMO_EXP":4.94,"OTRTRA_VA":238.05,"OTRTRA_EXP":18.18,"TRANSP_VA":240.35,"TRANSP_EXP":114.79,"OTRMAN_VA":501.12,"OTRMAN_EXP":70.7,"ELEGAS_VA":2264.48,"ELEGAS_EXP":6.22,"AGUBAS_VA":3615.5,"AGUBAS_EXP":11.41,"CONSTR_VA":15354.69,"CONSTR_EXP":36.39,"COMREV_VA":19117.32,"COMREV_EXP":4270.98,"TRATIE_VA":5062.93,"TRATIE_EXP":299.37,"TRAGUA_VA":1427.54,"TRAGUA_EXP":276.98,"TRAAIR_VA":1190.91,"TRAAIR_EXP":332.3,"ALMSTR_VA":1860.24,"ALMSTR_EXP":128.16,"POSTME_VA":302.84,"POSTME_EXP":2.08,"HOTYRE_VA":4784.83,"HOTYRE_EXP":69.55,"MMTVRA_VA":1189.38,"MMTVRA_EXP":137.47,"TELECO_VA":3093.07,"TELECO_EXP":441.4,"ITSERV_VA":1082.34,"ITSERV_EXP":466.1,"SERFIN_VA":7207.07,"SERFIN_EXP":171.52,"GOBEST_VA":9102.65,"GOBEST_EXP":44.66,"SPRSCT_VA":5025.93,"SPRSCT_EXP":714.32,"SEAEMP_VA":3694.99,"SEAEMP_EXP":288.81,"ADPDEF_VA":6164.53,"ADPDEF_EXP":4.94,"EDUCAC_VA":5023.05,"EDUCAC_EXP":7.68,"SALUDH_VA":7626.57,"SALUDH_EXP":6.78,"ESPARC_VA":2277.52,"ESPARC_EXP":52.89,"OTRSER_VA":3044.95,"OTRSER_EXP":17.78,"SERHOG_VA":0.0,"SERHOG_EXP":0.0}},{"type":"Feature","geometry":{"type":"Point","coordinates":[25.49,42.73]},"properties":{"id":"BGR","name":"Bulgaria","continent":"europe","year":2015,"AGRPFO_VA":1880.57,"AGRPFO_EXP":2175.77,"FORLOG_VA":241.64,"FORLOG_EXP":74.31,"PESCAC_VA":28.07,"PESCAC_EXP":7.89,"MINCOL_VA":432.7,"MINCOL_EXP":15.01,"PETGAS_VA":31.11,"PETGAS_EXP":4.28,"MINORE_VA":486.37,"MINORE_EXP":708.41,"MINOTH_VA":175.39,"MINOTH_EXP":142.74,"MINSER_VA":1.81,"MINSER_EXP":6.21,"ALYBEB_VA":1306.03,"ALYBEB_EXP":1750.3,"TEXYPR_VA":775.46,"TEXYPR_EXP":1067.65,"MADYPR_VA":164.09,"MADYPR_EXP":214.52,"PAPYPR_VA":308.45,"PAPYPR_EXP":250.23,"PETREF_VA":670.17,"PETREF_EXP":1899.39,"QUIMYP_VA":487.87,"QUIMYP_EXP":995.22,"FARMED_VA":251.07,"FARMED_EXP":355.43,"HUPLAS_VA":385.01,"HUPLAS_EXP":607.45,"PRNOMT_VA":448.59,"PRNOMT_EXP":477.99,"METBAS_VA":293.38,"METBAS_EXP":1489.58,"NONFER_VA":252.28,"NONFER_EXP":1801.81,"PRMETA_VA":657.02,"PRMETA_EXP":619.38,"ELCTRO_VA":135.87,"ELCTRO_EXP":270.61,"ELCTRI_VA":375.95,"ELCTRI_EXP":1010.77,"MAQYEQ_VA":498.14,"MAQYEQ_EXP":972.84,"AUTOMO_VA":281.83,"AUTOMO_EXP":469.91,"OTRTRA_VA":35.59,"OTRTRA_EXP":20.41,"TRANSP_VA":50.8,"TRANSP_EXP":124.56,"OTRMAN_VA":729.62,"OTRMAN_EXP":498.95,"ELEGAS_VA":1971.2,"ELEGAS_EXP":520.6,"AGUBAS_VA":520.39,"AGUBAS_EXP":23.48,"CONSTR_VA":2132.41,"CONSTR_EXP":220.44,"COMREV_VA":6282.48,"COMREV_EXP":3138.67,"TRATIE_VA":1821.43,"TRATIE_EXP":1443.75,"TRAGUA_VA":171.24,"TRAGUA_EXP":122.95,"TRAAIR_VA":148.63,"TRAAIR_EXP":533.62,"ALMSTR_VA":731.5,"ALMSTR_EXP":550.32,"POSTME_VA":161.19,"POSTME_EXP":25.07,"HOTYRE_VA":1101.37,"HOTYRE_EXP":1190.06,"MMTVRA_VA":383.67,"MMTVRA_EXP":162.66,"TELECO_VA":969.2,"TELECO_EXP":228.77,"ITSERV_VA":1018.75,"ITSERV_EXP":695.04,"SERFIN_VA":3022.62,"SERFIN_EXP":407.7,"GOBEST_VA":4289.52,"GOBEST_EXP":201.28,"SPRSCT_VA":1861.96,"SPRSCT_EXP":959.88,"SEAEMP_VA":1001.36,"SEAEMP_EXP":313.37,"ADPDEF_VA":2978.93,"ADPDEF_EXP":24.95,"EDUCAC_VA":1796.19,"EDUCAC_EXP":106.74,"SALUDH_VA":1660.96,"SALUDH_EXP":53.53,"ESPARC_VA":648.41,"ESPARC_EXP":362.88,"OTRSER_VA":511.42,"OTRSER_EXP":65.79,"SERHOG_VA":60.57,"SERHOG_EXP":0.0}},{"type":"Feature","geometry":{"type":"Point","coordinates":[27.95,53.71]},"properties":{"id":"BLR","name":"Bielorrusia","continent":"europe","year":2015,"AGRPFO_VA":4740.82,"AGRPFO_EXP":1147.73,"FORLOG_VA":291.03,"FORLOG_EXP":149.53,"PESCAC_VA":84.49,"PESCAC_EXP":5.02,"MINCOL_VA":8.5,"MINCOL_EXP":4.95,"PETGAS_VA":330.48,"PETGAS_EXP":138.44,"MINORE_VA":8.28,"MINORE_EXP":0.65,"MINOTH_VA":163.57,"MINOTH_EXP":145.72,"MINSER_VA":91.52,"MINSER_EXP":12.88,"ALYBEB_VA":3190.62,"ALYBEB_EXP":5128.0,"TEXYPR_VA":1517.18,"TEXYPR_EXP":615.72,"MADYPR_VA":380.65,"MADYPR_EXP":833.7,"PAPYPR_VA":751.18,"PAPYPR_EXP":241.55,"PETREF_VA":2460.55,"PETREF_EXP":1097.06,"QUIMYP_VA":1685.27,"QUIMYP_EXP":4462.0,"FARMED_VA":336.37,"FARMED_EXP":228.78,"HUPLAS_VA":518.17,"HUPLAS_EXP":1172.61,"PRNOMT_VA":924.61,"PRNOMT_EXP":679.15,"METBAS_VA":573.62,"METBAS_EXP":492.38,"NONFER_VA":355.22,"NONFER_EXP":236.65,"PRMETA_VA":588.58,"PRMETA_EXP":881.31,"ELCTRO_VA":406.64,"ELCTRO_EXP":556.64,"ELCTRI_VA":376.17,"ELCTRI_EXP":1060.7,"MAQYEQ_VA":983.35,"MAQYEQ_EXP":2067.65,"AUTOMO_VA":943.97,"AUTOMO_EXP":826.17,"OTRTRA_VA":124.28,"OTRTRA_EXP":2.41,"TRANSP_VA":100.34,"TRANSP_EXP":132.26,"OTRMAN_VA":824.66,"OTRMAN_EXP":861.19,"ELEGAS_VA":1734.44,"ELEGAS_EXP":34.62,"AGUBAS_VA":446.38,"AGUBAS_EXP":11.79,"CONSTR_VA":4158.98,"CONSTR_EXP":69.84,"COMREV_VA":5086.66,"COMREV_EXP":2009.29,"TRATIE_VA":1714.99,"TRATIE_EXP":485.97,"TRAGUA_VA":341.64,"TRAGUA_EXP":782.68,"TRAAIR_VA":328.34,"TRAAIR_EXP":1115.01,"ALMSTR_VA":463.07,"ALMSTR_EXP":362.18,"POSTME_VA":87.95,"POSTME_EXP":3.48,"HOTYRE_VA":1283.54,"HOTYRE_EXP":233.72,"MMTVRA_VA":345.62,"MMTVRA_EXP":242.37,"TELECO_VA":794.77,"TELECO_EXP":648.82,"ITSERV_VA":374.96,"ITSERV_EXP":545.09,"SERFIN_VA":1934.34,"SERFIN_EXP":338.45,"GOBEST_VA":2147.4,"GOBEST_EXP":214.94,"SPRSCT_VA":1304.12,"SPRSCT_EXP":1079.88,"SEAEMP_VA":921.28,"SEAEMP_EXP":331.26,"ADPDEF_VA":2337.6,"ADPDEF_EXP":8.88,"EDUCAC_VA":1783.45,"EDUCAC_EXP":19.18,"SALUDH_VA":2025.47,"SALUDH_EXP":12.77,"ESPARC_VA":358.46,"ESPARC_EXP":85.86,"OTRSER_VA":553.16,"OTRSER_EXP":21.17,"SERHOG_VA":0.0,"SERHOG_EXP":0.0}},{"type":"Feature","geometry":{"type":"Point","coordinates":[-51.93,-14.24]},"properties":{"id":"BRA","name":"Brasil","continent":"america","year":2015,"AGRPFO_VA":71857.44,"AGRPFO_EXP":26581.77,"FORLOG_VA":6964.06,"FORLOG_EXP":697.22,"PESCAC_VA":2999.52,"PESCAC_EXP":126.51,"MINCOL_VA":2746.49,"MINCOL_EXP":0.74,"PETGAS_VA":22928.8,"PETGAS_EXP":11190.6,"MINORE_VA":8853.43,"MINORE_EXP":15244.39,"MINOTH_VA":2050.22,"MINOTH_EXP":405.29,"MINSER_VA":3084.53,"MINSER_EXP":67.43,"ALYBEB_VA":39136.08,"ALYBEB_EXP":27183.81,"TEXYPR_VA":16612.44,"TEXYPR_EXP":3200.28,"MADYPR_VA":3075.41,"MADYPR_EXP":1614.05,"PAPYPR_VA":10119.02,"PAPYPR_EXP":6017.55,"PETREF_VA":13333.12,"PETREF_EXP":2675.13,"QUIMYP_VA":15658.32,"QUIMYP_EXP":6559.44,"FARMED_VA":7074.06,"FARMED_EXP":924.88,"HUPLAS_VA":8971.51,"HUPLAS_EXP":2167.02,"PRNOMT_VA":9088.23,"PRNOMT_EXP":1697.32,"METBAS_VA":7120.67,"METBAS_EXP":8730.09,"NONFER_VA":4133.85,"NONFER_EXP":7266.78,"PRMETA_VA":10628.14,"PRMETA_EXP":1827.52,"ELCTRO_VA":4786.73,"ELCTRO_EXP":1183.78,"ELCTRI_VA":5876.38,"ELCTRI_EXP":2236.36,"MAQYEQ_VA":11865.35,"MAQYEQ_EXP":5413.15,"AUTOMO_VA":14446.88,"AUTOMO_EXP":9378.72,"OTRTRA_VA":1778.76,"OTRTRA_EXP":1686.7,"TRANSP_VA":2054.22,"TRANSP_EXP":4507.69,"OTRMAN_VA":16839.52,"OTRMAN_EXP":1741.34,"ELEGAS_VA":24915.79,"ELEGAS_EXP":27.28,"AGUBAS_VA":11435.88,"AGUBAS_EXP":0.76,"CONSTR_VA":90735.94,"CONSTR_EXP":19.88,"COMREV_VA":279356.27,"COMREV_EXP":39356.15,"TRATIE_VA":46621.31,"TRATIE_EXP":4002.5,"TRAGUA_VA":2594.48,"TRAGUA_EXP":1593.96,"TRAAIR_VA":2112.56,"TRAAIR_EXP":2000.17,"ALMSTR_VA":19168.29,"ALMSTR_EXP":3166.92,"POSTME_VA":4044.75,"POSTME_EXP":30.49,"HOTYRE_VA":37490.84,"HOTYRE_EXP":1502.2,"MMTVRA_VA":8389.85,"MMTVRA_EXP":440.27,"TELECO_VA":19418.89,"TELECO_EXP":432.57,"ITSERV_VA":23967.97,"ITSERV_EXP":1069.99,"SERFIN_VA":108434.87,"SERFIN_EXP":5337.89,"GOBEST_VA":141113.46,"GOBEST_EXP":117.11,"SPRSCT_VA":63557.03,"SPRSCT_EXP":9808.68,"SEAEMP_VA":64705.59,"SEAEMP_EXP":4116.85,"ADPDEF_VA":145994.33,"ADPDEF_EXP":1297.55,"EDUCAC_VA":95759.7,"EDUCAC_EXP":747.19,"SALUDH_VA":57878.56,"SALUDH_EXP":72.95,"ESPARC_VA":13039.48,"ESPARC_EXP":471.07,"OTRSER_VA":29448.19,"OTRSER_EXP":102.29,"SERHOG_VA":17485.3,"SERHOG_EXP":0.0}},{"type":"Feature","geometry":{"type":"Point","coordinates":[114.73,4.54]},"properties":{"id":"BRN","name":"Brunéi","continent":"asia","year":2015,"AGRPFO_VA":41.6,"AGRPFO_EXP":0.83,"FORLOG_VA":22.43,"FORLOG_EXP":0.08,"PESCAC_VA":49.68,"PESCAC_EXP":0.29,"MINCOL_VA":616.12,"MINCOL_EXP":0.0,"PETGAS_VA":3750.04,"PETGAS_EXP":5261.57,"MINORE_VA":773.23,"MINORE_EXP":0.09,"MINOTH_VA":643.66,"MINOTH_EXP":0.58,"MINSER_VA":536.04,"MINSER_EXP":94.73,"ALYBEB_VA":16.09,"ALYBEB_EXP":3.58,"TEXYPR_VA":20.49,"TEXYPR_EXP":17.81,"MADYPR_VA":1.93,"MADYPR_EXP":1.34,"PAPYPR_VA":7.62,"PAPYPR_EXP":0.36,"PETREF_VA":1554.65,"PETREF_EXP":307.5,"QUIMYP_VA":12.46,"QUIMYP_EXP":25.06,"FARMED_VA":9.34,"FARMED_EXP":0.26,"HUPLAS_VA":9.43,"HUPLAS_EXP":0.3,"PRNOMT_VA":18.86,"PRNOMT_EXP":0.63,"METBAS_VA":2.59,"METBAS_EXP":6.27,"NONFER_VA":2.09,"NONFER_EXP":4.89,"PRMETA_VA":10.84,"PRMETA_EXP":1.05,"ELCTRO_VA":3.5,"ELCTRO_EXP":0.77,"ELCTRI_VA":6.25,"ELCTRI_EXP":0.52,"MAQYEQ_VA":8.49,"MAQYEQ_EXP":0.62,"AUTOMO_VA":0.0,"AUTOMO_EXP":0.0,"OTRTRA_VA":5.82,"OTRTRA_EXP":0.34,"TRANSP_VA":7.06,"TRANSP_EXP":0.25,"OTRMAN_VA":5.84,"OTRMAN_EXP":0.81,"ELEGAS_VA":98.82,"ELEGAS_EXP":0.1,"AGUBAS_VA":29.5,"AGUBAS_EXP":1.41,"CONSTR_VA":286.94,"CONSTR_EXP":0.51,"COMREV_VA":609.14,"COMREV_EXP":48.33,"TRATIE_VA":95.59,"TRATIE_EXP":18.74,"TRAGUA_VA":110.18,"TRAGUA_EXP":52.35,"TRAAIR_VA":33.19,"TRAAIR_EXP":44.32,"ALMSTR_VA":51.19,"ALMSTR_EXP":27.63,"POSTME_VA":5.69,"POSTME_EXP":9.1,"HOTYRE_VA":123.65,"HOTYRE_EXP":46.29,"MMTVRA_VA":13.7,"MMTVRA_EXP":1.51,"TELECO_VA":175.29,"TELECO_EXP":91.41,"ITSERV_VA":34.1,"ITSERV_EXP":4.27,"SERFIN_VA":635.66,"SERFIN_EXP":82.55,"GOBEST_VA":268.26,"GOBEST_EXP":19.35,"SPRSCT_VA":218.69,"SPRSCT_EXP":128.76,"SEAEMP_VA":88.06,"SEAEMP_EXP":51.67,"ADPDEF_VA":1439.41,"ADPDEF_EXP":0.02,"EDUCAC_VA":432.15,"EDUCAC_EXP":3.58,"SALUDH_VA":181.62,"SALUDH_EXP":2.3,"ESPARC_VA":18.79,"ESPARC_EXP":2.82,"OTRSER_VA":23.87,"OTRSER_EXP":3.12,"SERHOG_VA":17.65,"SERHOG_EXP":0.0}},{"type":"Feature","geometry":{"type":"Point","coordinates":[-106.35,56.13]},"properties":{"id":"CAN","name":"Canadá","continent":"america","year":2015,"AGRPFO_VA":22532.69,"AGRPFO_EXP":16839.12,"FORLOG_VA":5381.61,"FORLOG_EXP":601.13,"PESCAC_VA":1530.73,"PESCAC_EXP":860.35,"MINCOL_VA":1281.96,"MINCOL_EXP":1682.64,"PETGAS_VA":38884.73,"PETGAS_EXP":53720.87,"MINORE_VA":10620.36,"MINORE_EXP":12780.6,"MINOTH_VA":6913.83,"MINOTH_EXP":3276.81,"MINSER_VA":11932.44,"MINSER_EXP":666.6,"ALYBEB_VA":23882.1,"ALYBEB_EXP":18059.64,"TEXYPR_VA":2322.56,"TEXYPR_EXP":2654.88,"MADYPR_VA":6987.69,"MADYPR_EXP":7585.53,"PAPYPR_VA":10150.98,"PAPYPR_EXP":12484.24,"PETREF_VA":11083.77,"PETREF_EXP":11924.08,"QUIMYP_VA":11630.21,"QUIMYP_EXP":15520.12,"FARMED_VA":4079.31,"FARMED_EXP":7011.41,"HUPLAS_VA":8260.67,"HUPLAS_EXP":7718.54,"PRNOMT_VA":5772.76,"PRNOMT_EXP":1889.16,"METBAS_VA":3871.7,"METBAS_EXP":4947.03,"NONFER_VA":5103.74,"NONFER_EXP":23674.01,"PRMETA_VA":12076.59,"PRMETA_EXP":7629.65,"ELCTRO_VA":4989.28,"ELCTRO_EXP":8979.53,"ELCTRI_VA":2951.48,"ELCTRI_EXP":4454.75,"MAQYEQ_VA":11769.39,"MAQYEQ_EXP":15933.2,"AUTOMO_VA":16453.78,"AUTOMO_EXP":45224.08,"OTRTRA_VA":628.78,"OTRTRA_EXP":278.55,"TRANSP_VA":9990.01,"TRANSP_EXP":14728.24,"OTRMAN_VA":12628.45,"OTRMAN_EXP":6721.67,"ELEGAS_VA":31250.13,"ELEGAS_EXP":3371.23,"AGUBAS_VA":7761.16,"AGUBAS_EXP":305.47,"CONSTR_VA":119167.46,"CONSTR_EXP":0.02,"COMREV_VA":161001.79,"COMREV_EXP":52467.36,"TRATIE_VA":37930.21,"TRATIE_EXP":13465.64,"TRAGUA_VA":1486.47,"TRAGUA_EXP":1415.84,"TRAAIR_VA":7070.81,"TRAAIR_EXP":7794.74,"ALMSTR_VA":15336.36,"ALMSTR_EXP":3677.95,"POSTME_VA":6140.54,"POSTME_EXP":1116.01,"HOTYRE_VA":33102.14,"HOTYRE_EXP":5845.93,"MMTVRA_VA":14372.04,"MMTVRA_EXP":3152.79,"TELECO_VA":25782.06,"TELECO_EXP":1654.45,"ITSERV_VA":25755.54,"ITSERV_EXP":5294.97,"SERFIN_VA":107989.32,"SERFIN_EXP":11353.9,"GOBEST_VA":176053.39,"GOBEST_EXP":1246.91,"SPRSCT_VA":64614.69,"SPRSCT_EXP":9394.48,"SEAEMP_VA":48469.33,"SEAEMP_EXP":11069.54,"ADPDEF_VA":104092.07,"ADPDEF_EXP":3208.64,"EDUCAC_VA":80746.26,"EDUCAC_EXP":6144.95,"SALUDH_VA":108654.83,"SALUDH_EXP":652.25,"ESPARC_VA":11189.02,"ESPARC_EXP":2153.9,"OTRSER_VA":20112.22,"OTRSER_EXP":856.56,"SERHOG_VA":2556.97,"SERHOG_EXP":0.0}},{"type":"Feature","geometry":{"type":"Point","coordinates":[8.23,46.82]},"properties":{"id":"CHE","name":"Suiza","continent":"europe","year":2015,"AGRPFO_VA":3718.35,"AGRPFO_EXP":317.35,"FORLOG_VA":396.15,"FORLOG_EXP":90.65,"PESCAC_VA":29.23,"PESCAC_EXP":17.12,"MINCOL_VA":0.0,"MINCOL_EXP":0.0,"PETGAS_VA":3.75,"PETGAS_EXP":4.97,"MINORE_VA":18.63,"MINORE_EXP":7.79,"MINOTH_VA":862.97,"MINOTH_EXP":19.45,"MINSER_VA":14.09,"MINSER_EXP":1.08,"ALYBEB_VA":10085.32,"ALYBEB_EXP":6148.31,"TEXYPR_VA":1166.35,"TEXYPR_EXP":1834.37,"MADYPR_VA":3685.14,"MADYPR_EXP":734.65,"PAPYPR_VA":2910.87,"PAPYPR_EXP":1749.93,"PETREF_VA":180.02,"PETREF_EXP":114.32,"QUIMYP_VA":8714.88,"QUIMYP_EXP":17564.0,"FARMED_VA":27332.89,"FARMED_EXP":43594.33,"HUPLAS_VA":3339.05,"HUPLAS_EXP":5327.01,"PRNOMT_VA":2917.65,"PRNOMT_EXP":990.97,"METBAS_VA":856.89,"METBAS_EXP":1137.45,"NONFER_VA":694.78,"NONFER_EXP":2076.55,"PRMETA_VA":9916.23,"PRMETA_EXP":5538.47,"ELCTRO_VA":23104.8,"ELCTRO_EXP":24714.68,"ELCTRI_VA":5579.83,"ELCTRI_EXP":7005.35,"MAQYEQ_VA":12266.02,"MAQYEQ_EXP":18053.55,"AUTOMO_VA":789.45,"AUTOMO_EXP":814.79,"OTRTRA_VA":57.19,"OTRTRA_EXP":25.81,"TRANSP_VA":2075.56,"TRANSP_EXP":3655.02,"OTRMAN_VA":6343.83,"OTRMAN_EXP":6617.85,"ELEGAS_VA":9984.28,"ELEGAS_EXP":2534.86,"AGUBAS_VA":2480.57,"AGUBAS_EXP":23.24,"CONSTR_VA":36443.08,"CONSTR_EXP":230.43,"COMREV_VA":108095.76,"COMREV_EXP":53583.29,"TRATIE_VA":16255.67,"TRATIE_EXP":4347.12,"TRAGUA_VA":863.48,"TRAGUA_EXP":9611.98,"TRAAIR_VA":2217.18,"TRAAIR_EXP":2793.18,"ALMSTR_VA":5595.48,"ALMSTR_EXP":5345.89,"POSTME_VA":3468.03,"POSTME_EXP":2510.46,"HOTYRE_VA":13217.33,"HOTYRE_EXP":6071.19,"MMTVRA_VA":3565.73,"MMTVRA_EXP":5802.16,"TELECO_VA":9281.43,"TELECO_EXP":1368.21,"ITSERV_VA":18585.17,"ITSERV_EXP":13549.32,"SERFIN_VA":70989.04,"SERFIN_EXP":43960.79,"GOBEST_VA":48471.2,"GOBEST_EXP":1257.24,"SPRSCT_VA":51494.14,"SPRSCT_EXP":14402.0,"SEAEMP_VA":22158.93,"SEAEMP_EXP":10467.32,"ADPDEF_VA":56994.64,"ADPDEF_EXP":1341.06,"EDUCAC_VA":4421.5,"EDUCAC_EXP":447.21,"SALUDH_VA":52233.65,"SALUDH_EXP":456.19,"ESPARC_VA":4234.72,"ESPARC_EXP":3068.83,"OTRSER_VA":9425.58,"OTRSER_EXP":325.25,"SERHOG_VA":2302.54,"SERHOG_EXP":0.0}},{"type":"Feature","geometry":{"type":"Point","coordinates":[-71.54,-35.68]},"properties":{"id":"CHL","name":"Chile","continent":"america","year":2015,"AGRPFO_VA":6565.17,"AGRPFO_EXP":3986.69,"FORLOG_VA":1415.88,"FORLOG_EXP":194.26,"PESCAC_VA":1007.18,"PESCAC_EXP":447.69,"MINCOL_VA":42.39,"MINCOL_EXP":29.09,"PETGAS_VA":46.71,"PETGAS_EXP":2.74,"MINORE_VA":19496.48,"MINORE_EXP":26463.46,"MINOTH_VA":1048.33,"MINOTH_EXP":257.27,"MINSER_VA":425.13,"MINSER_EXP":55.95,"ALYBEB_VA":10368.76,"ALYBEB_EXP":8337.93,"TEXYPR_VA":556.93,"TEXYPR_EXP":774.73,"MADYPR_VA":1427.18,"MADYPR_EXP":1945.48,"PAPYPR_VA":2599.83,"PAPYPR_EXP":2663.2,"PETREF_VA":2600.18,"PETREF_EXP":486.65,"QUIMYP_VA":1916.52,"QUIMYP_EXP":2375.63,"FARMED_VA":639.69,"FARMED_EXP":226.99,"HUPLAS_VA":1035.62,"HUPLAS_EXP":717.85,"PRNOMT_VA":896.32,"PRNOMT_EXP":110.64,"METBAS_VA":65.65,"METBAS_EXP":123.97,"NONFER_VA":328.24,"NONFER_EXP":821.51,"PRMETA_VA":1635.15,"PRMETA_EXP":486.03,"ELCTRO_VA":4239.75,"ELCTRO_EXP":190.12,"ELCTRI_VA":690.21,"ELCTRI_EXP":446.51,"MAQYEQ_VA":701.2,"MAQYEQ_EXP":645.35,"AUTOMO_VA":0.0,"AUTOMO_EXP":0.0,"OTRTRA_VA":154.92,"OTRTRA_EXP":177.02,"TRANSP_VA":295.09,"TRANSP_EXP":306.2,"OTRMAN_VA":1097.04,"OTRMAN_EXP":348.52,"ELEGAS_VA":5475.29,"ELEGAS_EXP":27.48,"AGUBAS_VA":1569.59,"AGUBAS_EXP":0.61,"CONSTR_VA":15881.16,"CONSTR_EXP":5.08,"COMREV_VA":22356.59,"COMREV_EXP":7582.68,"TRATIE_VA":7079.07,"TRATIE_EXP":1357.04,"TRAGUA_VA":390.65,"TRAGUA_EXP":659.0,"TRAAIR_VA":2105.54,"TRAAIR_EXP":1769.75,"ALMSTR_VA":3764.71,"ALMSTR_EXP":949.3,"POSTME_VA":263.62,"POSTME_EXP":47.07,"HOTYRE_VA":4961.7,"HOTYRE_EXP":932.24,"MMTVRA_VA":702.68,"MMTVRA_EXP":64.27,"TELECO_VA":3534.36,"TELECO_EXP":167.34,"ITSERV_VA":2838.71,"ITSERV_EXP":189.59,"SERFIN_VA":11321.56,"SERFIN_EXP":552.79,"GOBEST_VA":18566.22,"GOBEST_EXP":222.44,"SPRSCT_VA":15903.79,"SPRSCT_EXP":614.73,"SEAEMP_VA":9184.52,"SEAEMP_EXP":892.52,"ADPDEF_VA":11288.98,"ADPDEF_EXP":159.84,"EDUCAC_VA":11398.06,"EDUCAC_EXP":77.62,"SALUDH_VA":10585.09,"SALUDH_EXP":44.13,"ESPARC_VA":1099.19,"ESPARC_EXP":102.02,"OTRSER_VA":2764.92,"OTRSER_EXP":85.67,"SERHOG_VA":0.0,"SERHOG_EXP":0.0}},{"type":"Feature","geometry":{"type":"Point","coordinates":[104.2,35.86]},"properties":{"id":"CHN","name":"China","continent":"asia","year":2015,"AGRPFO_VA":754016.55,"AGRPFO_EXP":13461.41,"FORLOG_VA":55871.82,"FORLOG_EXP":49.19,"PESCAC_VA":90656.04,"PESCAC_EXP":1080.77,"MINCOL_VA":102908.98,"MINCOL_EXP":359.12,"PETGAS_VA":114432.22,"PETGAS_EXP":2250.56,"MINORE_VA":46863.46,"MINORE_EXP":2783.01,"MINOTH_VA":36799.76,"MINOTH_EXP":2074.95,"MINSER_VA":7558.58,"MINSER_EXP":496.55,"ALYBEB_VA":373016.66,"ALYBEB_EXP":41093.84,"TEXYPR_VA":303513.2,"TEXYPR_EXP":288041.87,"MADYPR_VA":51291.54,"MADYPR_EXP":12253.89,"PAPYPR_VA":95662.34,"PAPYPR_EXP":16694.73,"PETREF_VA":123269.88,"PETREF_EXP":16195.97,"QUIMYP_VA":245458.65,"QUIMYP_EXP":92696.88,"FARMED_VA":82100.95,"FARMED_EXP":10331.73,"HUPLAS_VA":107361.08,"HUPLAS_EXP":62174.71,"PRNOMT_VA":224225.41,"PRNOMT_EXP":43028.03,"METBAS_VA":201907.93,"METBAS_EXP":55299.85,"NONFER_VA":98031.48,"NONFER_EXP":19650.03,"PRMETA_VA":127993.8,"PRMETA_EXP":74503.77,"ELCTRO_VA":293996.17,"ELCTRO_EXP":483771.99,"ELCTRI_VA":189838.93,"ELCTRI_EXP":168725.24,"MAQYEQ_VA":285147.79,"MAQYEQ_EXP":135247.94,"AUTOMO_VA":230873.52,"AUTOMO_EXP":43691.79,"OTRTRA_VA":18140.52,"OTRTRA_EXP":23870.32,"TRANSP_VA":27733.69,"TRANSP_EXP":23430.29,"OTRMAN_VA":67329.47,"OTRMAN_EXP":119352.59,"ELEGAS_VA":233951.85,"ELEGAS_EXP":1363.85,"AGUBAS_VA":64076.05,"AGUBAS_EXP":0.06,"CONSTR_VA":759922.75,"CONSTR_EXP":0.11,"COMREV_VA":1016478.94,"COMREV_EXP":138573.65,"TRATIE_VA":326490.56,"TRATIE_EXP":24732.64,"TRAGUA_VA":58440.96,"TRAGUA_EXP":31600.93,"TRAAIR_VA":26811.19,"TRAAIR_EXP":18345.52,"ALMSTR_VA":59835.21,"ALMSTR_EXP":6125.66,"POSTME_VA":25769.24,"POSTME_EXP":69.48,"HOTYRE_VA":189296.49,"HOTYRE_EXP":9773.5,"MMTVRA_VA":31534.84,"MMTVRA_EXP":7894.26,"TELECO_VA":129456.89,"TELECO_EXP":13542.1,"ITSERV_VA":109274.53,"ITSERV_EXP":15542.24,"SERFIN_VA":836868.41,"SERFIN_EXP":10377.9,"GOBEST_VA":631688.25,"GOBEST_EXP":6040.92,"SPRSCT_VA":234612.38,"SPRSCT_EXP":43673.64,"SEAEMP_VA":271072.35,"SEAEMP_EXP":24468.55,"ADPDEF_VA":430163.03,"ADPDEF_EXP":0.12,"EDUCAC_VA":362858.68,"EDUCAC_EXP":271.88,"SALUDH_VA":228175.58,"SALUDH_EXP":797.41,"ESPARC_VA":68807.96,"ESPARC_EXP":3447.17,"OTRSER_VA":165071.84,"OTRSER_EXP":1030.43,"SERHOG_VA":0.0,"SERHOG_EXP":0.0}},{"type":"Feature","geometry":{"type":"Point","coordinates":[-5.55,7.54]},"properties":{"id":"CIV","name":"Costa de Marfil","continent":"other","year":2015,"AGRPFO_VA":10898.75,"AGRPFO_EXP":3712.45,"FORLOG_VA":317.85,"FORLOG_EXP":5.85,"PESCAC_VA":124.86,"PESCAC_EXP":3.59,"MINCOL_VA":2.81,"MINCOL_EXP":7.92,"PETGAS_VA":29.75,"PETGAS_EXP":67.9,"MINORE_VA":93.57,"MINORE_EXP":73.51,"MINOTH_VA":9.7,"MINOTH_EXP":13.64,"MINSER_VA":7.23,"MINSER_EXP":5.83,"ALYBEB_VA":2486.91,"ALYBEB_EXP":2568.02,"TEXYPR_VA":1314.12,"TEXYPR_EXP":185.68,"MADYPR_VA":602.53,"MADYPR_EXP":229.33,"PAPYPR_VA":270.13,"PAPYPR_EXP":5.62,"PETREF_VA":924.76,"PETREF_EXP":651.34,"QUIMYP_VA":257.48,"QUIMYP_EXP":138.29,"FARMED_VA":170.5,"FARMED_EXP":3.92,"HUPLAS_VA":309.01,"HUPLAS_EXP":112.52,"PRNOMT_VA":413.73,"PRNOMT_EXP":34.35,"METBAS_VA":35.01,"METBAS_EXP":3.28,"NONFER_VA":37.45,"NONFER_EXP":58.25,"PRMETA_VA":291.87,"PRMETA_EXP":4.52,"ELCTRO_VA":0.0,"ELCTRO_EXP":0.0,"ELCTRI_VA":1.96,"ELCTRI_EXP":1.12,"MAQYEQ_VA":113.05,"MAQYEQ_EXP":38.35,"AUTOMO_VA":51.82,"AUTOMO_EXP":7.17,"OTRTRA_VA":5.6,"OTRTRA_EXP":0.74,"TRANSP_VA":9.55,"TRANSP_EXP":1.92,"OTRMAN_VA":558.52,"OTRMAN_EXP":44.6,"ELEGAS_VA":761.37,"ELEGAS_EXP":139.42,"AGUBAS_VA":139.58,"AGUBAS_EXP":0.18,"CONSTR_VA":954.47,"CONSTR_EXP":5.38,"COMREV_VA":5561.03,"COMREV_EXP":1003.93,"TRATIE_VA":994.73,"TRATIE_EXP":165.12,"TRAGUA_VA":70.39,"TRAGUA_EXP":83.05,"TRAAIR_VA":172.14,"TRAAIR_EXP":93.2,"ALMSTR_VA":760.06,"ALMSTR_EXP":106.17,"POSTME_VA":137.11,"POSTME_EXP":19.14,"HOTYRE_VA":259.73,"HOTYRE_EXP":58.26,"MMTVRA_VA":300.52,"MMTVRA_EXP":24.69,"TELECO_VA":546.9,"TELECO_EXP":38.19,"ITSERV_VA":570.69,"ITSERV_EXP":120.02,"SERFIN_VA":1551.46,"SERFIN_EXP":34.6,"GOBEST_VA":2567.16,"GOBEST_EXP":11.42,"SPRSCT_VA":657.11,"SPRSCT_EXP":51.2,"SEAEMP_VA":1283.4,"SEAEMP_EXP":4.25,"ADPDEF_VA":3396.2,"ADPDEF_EXP":0.0,"EDUCAC_VA":1350.2,"EDUCAC_EXP":3.83,"SALUDH_VA":319.85,"SALUDH_EXP":2.23,"ESPARC_VA":73.94,"ESPARC_EXP":6.02,"OTRSER_VA":1306.97,"OTRSER_EXP":3.15,"SERHOG_VA":106.56,"SERHOG_EXP":0.0}},{"type":"Feature","geometry":{"type":"Point","coordinates":[12.35,7.37]},"properties":{"id":"CMR","name":"Camerún","continent":"other","year":2015,"AGRPFO_VA":3775.98,"AGRPFO_EXP":969.48,"FORLOG_VA":1336.42,"FORLOG_EXP":273.5,"PESCAC_VA":446.44,"PESCAC_EXP":3.23,"MINCOL_VA":211.03,"MINCOL_EXP":10.31,"PETGAS_VA":1116.7,"PETGAS_EXP":1501.12,"MINORE_VA":28.61,"MINORE_EXP":0.32,"MINOTH_VA":142.78,"MINOTH_EXP":1.01,"MINSER_VA":139.18,"MINSER_EXP":101.28,"ALYBEB_VA":2301.83,"ALYBEB_EXP":206.76,"TEXYPR_VA":1059.92,"TEXYPR_EXP":193.24,"MADYPR_VA":550.34,"MADYPR_EXP":395.11,"PAPYPR_VA":84.03,"PAPYPR_EXP":5.26,"PETREF_VA":217.83,"PETREF_EXP":302.8,"QUIMYP_VA":139.27,"QUIMYP_EXP":182.7,"FARMED_VA":36.52,"FARMED_EXP":1.38,"HUPLAS_VA":35.68,"HUPLAS_EXP":7.36,"PRNOMT_VA":190.93,"PRNOMT_EXP":56.7,"METBAS_VA":9.72,"METBAS_EXP":20.84,"NONFER_VA":44.04,"NONFER_EXP":117.26,"PRMETA_VA":14.26,"PRMETA_EXP":20.86,"ELCTRO_VA":3.95,"ELCTRO_EXP":1.65,"ELCTRI_VA":6.88,"ELCTRI_EXP":3.61,"MAQYEQ_VA":8.48,"MAQYEQ_EXP":4.39,"AUTOMO_VA":6.19,"AUTOMO_EXP":2.29,"OTRTRA_VA":1.16,"OTRTRA_EXP":1.21,"TRANSP_VA":1.77,"TRANSP_EXP":1.08,"OTRMAN_VA":187.95,"OTRMAN_EXP":27.28,"ELEGAS_VA":332.62,"ELEGAS_EXP":0.06,"AGUBAS_VA":214.8,"AGUBAS_EXP":0.35,"CONSTR_VA":1758.32,"CONSTR_EXP":6.23,"COMREV_VA":3149.85,"COMREV_EXP":533.0,"TRATIE_VA":1638.6,"TRATIE_EXP":283.56,"TRAGUA_VA":193.91,"TRAGUA_EXP":87.56,"TRAAIR_VA":234.53,"TRAAIR_EXP":119.88,"ALMSTR_VA":868.95,"ALMSTR_EXP":213.45,"POSTME_VA":289.95,"POSTME_EXP":38.26,"HOTYRE_VA":1681.42,"HOTYRE_EXP":49.63,"MMTVRA_VA":150.55,"MMTVRA_EXP":30.24,"TELECO_VA":255.8,"TELECO_EXP":17.83,"ITSERV_VA":274.54,"ITSERV_EXP":73.06,"SERFIN_VA":566.25,"SERFIN_EXP":149.54,"GOBEST_VA":1346.41,"GOBEST_EXP":11.64,"SPRSCT_VA":1007.7,"SPRSCT_EXP":105.94,"SEAEMP_VA":412.39,"SEAEMP_EXP":332.25,"ADPDEF_VA":1673.47,"ADPDEF_EXP":0.34,"EDUCAC_VA":1091.65,"EDUCAC_EXP":4.21,"SALUDH_VA":347.55,"SALUDH_EXP":2.04,"ESPARC_VA":277.27,"ESPARC_EXP":104.8,"OTRSER_VA":508.71,"OTRSER_EXP":2.99,"SERHOG_VA":21.78,"SERHOG_EXP":0.0}},{"type":"Feature","geometry":{"type":"Point","coordinates":[21.76,-4.04]},"properties":{"id":"COD","name":"R.D. Congo","continent":"other","year":2015,"AGRPFO_VA":3893.39,"AGRPFO_EXP":589.99,"FORLOG_VA":268.1,"FORLOG_EXP":181.96,"PESCAC_VA":325.37,"PESCAC_EXP":1.47,"MINCOL_VA":13.8,"MINCOL_EXP":0.13,"PETGAS_VA":141.8,"PETGAS_EXP":163.71,"MINORE_VA":5831.12,"MINORE_EXP":4911.79,"MINOTH_VA":51.03,"MINOTH_EXP":0.85,"MINSER_VA":154.84,"MINSER_EXP":0.85,"ALYBEB_VA":5551.36,"ALYBEB_EXP":109.81,"TEXYPR_VA":419.57,"TEXYPR_EXP":9.14,"MADYPR_VA":31.04,"MADYPR_EXP":40.54,"PAPYPR_VA":75.69,"PAPYPR_EXP":1.5,"PETREF_VA":19.41,"PETREF_EXP":31.2,"QUIMYP_VA":16.09,"QUIMYP_EXP":16.66,"FARMED_VA":1.0,"FARMED_EXP":0.06,"HUPLAS_VA":85.48,"HUPLAS_EXP":4.75,"PRNOMT_VA":59.27,"PRNOMT_EXP":3.37,"METBAS_VA":167.21,"METBAS_EXP":346.67,"NONFER_VA":1059.15,"NONFER_EXP":2040.75,"PRMETA_VA":54.51,"PRMETA_EXP":50.7,"ELCTRO_VA":0.38,"ELCTRO_EXP":0.25,"ELCTRI_VA":142.83,"ELCTRI_EXP":28.96,"MAQYEQ_VA":1.83,"MAQYEQ_EXP":0.59,"AUTOMO_VA":294.21,"AUTOMO_EXP":217.03,"OTRTRA_VA":19.85,"OTRTRA_EXP":0.11,"TRANSP_VA":0.47,"TRANSP_EXP":0.16,"OTRMAN_VA":124.17,"OTRMAN_EXP":10.94,"ELEGAS_VA":138.99,"ELEGAS_EXP":0.31,"AGUBAS_VA":77.63,"AGUBAS_EXP":0.33,"CONSTR_VA":1852.91,"CONSTR_EXP":0.4,"COMREV_VA":2447.26,"COMREV_EXP":534.62,"TRATIE_VA":2215.23,"TRATIE_EXP":701.44,"TRAGUA_VA":174.5,"TRAGUA_EXP":105.24,"TRAAIR_VA":64.8,"TRAAIR_EXP":19.41,"ALMSTR_VA":284.2,"ALMSTR_EXP":97.3,"POSTME_VA":13.91,"POSTME_EXP":3.5,"HOTYRE_VA":211.35,"HOTYRE_EXP":37.12,"MMTVRA_VA":251.45,"MMTVRA_EXP":2.66,"TELECO_VA":617.51,"TELECO_EXP":4.11,"ITSERV_VA":16.58,"ITSERV_EXP":11.08,"SERFIN_VA":550.3,"SERFIN_EXP":31.81,"GOBEST_VA":1332.87,"GOBEST_EXP":1.19,"SPRSCT_VA":572.36,"SPRSCT_EXP":5.76,"SEAEMP_VA":381.16,"SEAEMP_EXP":5.6,"ADPDEF_VA":4261.98,"ADPDEF_EXP":0.24,"EDUCAC_VA":278.56,"EDUCAC_EXP":1.55,"SALUDH_VA":938.12,"SALUDH_EXP":2.23,"ESPARC_VA":155.26,"ESPARC_EXP":3.07,"OTRSER_VA":245.75,"OTRSER_EXP":1.82,"SERHOG_VA":104.54,"SERHOG_EXP":0.0}},{"type":"Feature","geometry":{"type":"Point","coordinates":[-74.3,4.57]},"properties":{"id":"COL","name":"Colombia","continent":"america","year":2015,"AGRPFO_VA":16203.33,"AGRPFO_EXP":2545.41,"FORLOG_VA":648.54,"FORLOG_EXP":37.45,"PESCAC_VA":523.12,"PESCAC_EXP":21.14,"MINCOL_VA":3290.57,"MINCOL_EXP":3720.65,"PETGAS_VA":12812.31,"PETGAS_EXP":11993.13,"MINORE_VA":1301.68,"MINORE_EXP":878.05,"MINOTH_VA":821.07,"MINOTH_EXP":44.5,"MINSER_VA":70.03,"MINSER_EXP":4.78,"ALYBEB_VA":10292.47,"ALYBEB_EXP":3626.78,"TEXYPR_VA":3682.58,"TEXYPR_EXP":921.59,"MADYPR_VA":406.46,"MADYPR_EXP":29.43,"PAPYPR_VA":1772.38,"PAPYPR_EXP":517.3,"PETREF_VA":2799.68,"PETREF_EXP":1848.51,"QUIMYP_VA":4243.46,"QUIMYP_EXP":2408.01,"FARMED_VA":1216.69,"FARMED_EXP":339.85,"HUPLAS_VA":1005.19,"HUPLAS_EXP":566.74,"PRNOMT_VA":5140.93,"PRNOMT_EXP":348.2,"METBAS_VA":944.54,"METBAS_EXP":1232.83,"NONFER_VA":156.42,"NONFER_EXP":521.26,"PRMETA_VA":1143.19,"PRMETA_EXP":319.23,"ELCTRO_VA":699.08,"ELCTRO_EXP":189.61,"ELCTRI_VA":704.14,"ELCTRI_EXP":380.34,"MAQYEQ_VA":1642.48,"MAQYEQ_EXP":537.52,"AUTOMO_VA":795.07,"AUTOMO_EXP":203.19,"OTRTRA_VA":1.91,"OTRTRA_EXP":2.42,"TRANSP_VA":152.26,"TRANSP_EXP":1.87,"OTRMAN_VA":2165.46,"OTRMAN_EXP":239.64,"ELEGAS_VA":5946.46,"ELEGAS_EXP":299.87,"AGUBAS_VA":2807.86,"AGUBAS_EXP":54.04,"CONSTR_VA":20875.56,"CONSTR_EXP":28.45,"COMREV_VA":23612.75,"COMREV_EXP":3078.84,"TRATIE_VA":11762.97,"TRATIE_EXP":1046.83,"TRAGUA_VA":106.1,"TRAGUA_EXP":108.66,"TRAAIR_VA":1648.95,"TRAAIR_EXP":1941.89,"ALMSTR_VA":2548.76,"ALMSTR_EXP":312.75,"POSTME_VA":349.09,"POSTME_EXP":8.55,"HOTYRE_VA":12204.53,"HOTYRE_EXP":905.67,"MMTVRA_VA":979.38,"MMTVRA_EXP":86.81,"TELECO_VA":5443.54,"TELECO_EXP":152.05,"ITSERV_VA":2012.81,"ITSERV_EXP":144.89,"SERFIN_VA":12540.82,"SERFIN_EXP":159.64,"GOBEST_VA":24395.68,"GOBEST_EXP":153.86,"SPRSCT_VA":9540.64,"SPRSCT_EXP":741.77,"SEAEMP_VA":10667.46,"SEAEMP_EXP":810.63,"ADPDEF_VA":16546.54,"ADPDEF_EXP":22.9,"EDUCAC_VA":12973.62,"EDUCAC_EXP":71.91,"SALUDH_VA":12387.11,"SALUDH_EXP":34.01,"ESPARC_VA":6616.78,"ESPARC_EXP":127.86,"OTRSER_VA":4217.71,"OTRSER_EXP":47.38,"SERHOG_VA":1750.95,"SERHOG_EXP":0.0}},{"type":"Feature","geometry":{"type":"Point","coordinates":[-83.75,9.75]},"properties":{"id":"CRI","name":"Costa Rica","continent":"america","year":2015,"AGRPFO_VA":2390.74,"AGRPFO_EXP":1531.44,"FORLOG_VA":49.14,"FORLOG_EXP":4.68,"PESCAC_VA":32.78,"PESCAC_EXP":2.5,"MINCOL_VA":4.79,"MINCOL_EXP":0.1,"PETGAS_VA":0.83,"PETGAS_EXP":0.21,"MINORE_VA":0.32,"MINORE_EXP":0.11,"MINOTH_VA":181.26,"MINOTH_EXP":4.05,"MINSER_VA":0.29,"MINSER_EXP":0.05,"ALYBEB_VA":2526.04,"ALYBEB_EXP":1955.35,"TEXYPR_VA":179.39,"TEXYPR_EXP":111.8,"MADYPR_VA":91.59,"MADYPR_EXP":40.74,"PAPYPR_VA":350.14,"PAPYPR_EXP":197.9,"PETREF_VA":95.01,"PETREF_EXP":86.18,"QUIMYP_VA":346.23,"QUIMYP_EXP":287.83,"FARMED_VA":121.68,"FARMED_EXP":180.69,"HUPLAS_VA":280.8,"HUPLAS_EXP":449.36,"PRNOMT_VA":306.86,"PRNOMT_EXP":94.09,"METBAS_VA":63.15,"METBAS_EXP":76.88,"NONFER_VA":30.9,"NONFER_EXP":79.32,"PRMETA_VA":169.58,"PRMETA_EXP":131.26,"ELCTRO_VA":58.23,"ELCTRO_EXP":62.12,"ELCTRI_VA":212.96,"ELCTRI_EXP":347.88,"MAQYEQ_VA":12.21,"MAQYEQ_EXP":26.24,"AUTOMO_VA":28.29,"AUTOMO_EXP":3.98,"OTRTRA_VA":1.81,"OTRTRA_EXP":1.07,"TRANSP_VA":1.98,"TRANSP_EXP":0.39,"OTRMAN_VA":1104.5,"OTRMAN_EXP":1429.03,"ELEGAS_VA":971.45,"ELEGAS_EXP":9.72,"AGUBAS_VA":398.48,"AGUBAS_EXP":0.26,"CONSTR_VA":2694.17,"CONSTR_EXP":7.19,"COMREV_VA":10457.13,"COMREV_EXP":2215.05,"TRATIE_VA":1735.83,"TRATIE_EXP":560.36,"TRAGUA_VA":486.01,"TRAGUA_EXP":266.35,"TRAAIR_VA":91.86,"TRAAIR_EXP":168.7,"ALMSTR_VA":475.8,"ALMSTR_EXP":248.61,"POSTME_VA":92.93,"POSTME_EXP":14.4,"HOTYRE_VA":1598.98,"HOTYRE_EXP":1550.28,"MMTVRA_VA":544.62,"MMTVRA_EXP":97.32,"TELECO_VA":863.78,"TELECO_EXP":371.54,"ITSERV_VA":1014.18,"ITSERV_EXP":406.92,"SERFIN_VA":2542.29,"SERFIN_EXP":312.46,"GOBEST_VA":4064.48,"GOBEST_EXP":252.65,"SPRSCT_VA":3011.69,"SPRSCT_EXP":1196.21,"SEAEMP_VA":2403.03,"SEAEMP_EXP":756.51,"ADPDEF_VA":2171.5,"ADPDEF_EXP":22.97,"EDUCAC_VA":3729.44,"EDUCAC_EXP":133.82,"SALUDH_VA":3951.6,"SALUDH_EXP":108.03,"ESPARC_VA":413.11,"ESPARC_EXP":292.87,"OTRSER_VA":561.47,"OTRSER_EXP":96.55,"SERHOG_VA":620.76,"SERHOG_EXP":0.0}},{"type":"Feature","geometry":{"type":"Point","coordinates":[33.43,35.13]},"properties":{"id":"CYP","name":"Chipre","continent":"europe","year":2015,"AGRPFO_VA":334.07,"AGRPFO_EXP":69.01,"FORLOG_VA":16.59,"FORLOG_EXP":3.27,"PESCAC_VA":30.76,"PESCAC_EXP":30.44,"MINCOL_VA":0.0,"MINCOL_EXP":0.0,"PETGAS_VA":10.48,"PETGAS_EXP":0.87,"MINORE_VA":13.14,"MINORE_EXP":16.11,"MINOTH_VA":19.33,"MINOTH_EXP":13.01,"MINSER_VA":0.16,"MINSER_EXP":0.2,"ALYBEB_VA":293.62,"ALYBEB_EXP":276.32,"TEXYPR_VA":14.83,"TEXYPR_EXP":4.36,"MADYPR_VA":38.75,"MADYPR_EXP":32.57,"PAPYPR_VA":44.48,"PAPYPR_EXP":12.72,"PETREF_VA":1.34,"PETREF_EXP":0.14,"QUIMYP_VA":22.44,"QUIMYP_EXP":36.68,"FARMED_VA":106.65,"FARMED_EXP":136.03,"HUPLAS_VA":28.75,"HUPLAS_EXP":22.1,"PRNOMT_VA":103.03,"PRNOMT_EXP":77.18,"METBAS_VA":2.33,"METBAS_EXP":8.2,"NONFER_VA":12.78,"NONFER_EXP":18.5,"PRMETA_VA":71.53,"PRMETA_EXP":19.7,"ELCTRO_VA":30.23,"ELCTRO_EXP":29.88,"ELCTRI_VA":10.7,"ELCTRI_EXP":17.66,"MAQYEQ_VA":22.0,"MAQYEQ_EXP":37.49,"AUTOMO_VA":4.24,"AUTOMO_EXP":3.81,"OTRTRA_VA":0.88,"OTRTRA_EXP":0.37,"TRANSP_VA":1.46,"TRANSP_EXP":0.26,"OTRMAN_VA":89.67,"OTRMAN_EXP":27.99,"ELEGAS_VA":304.63,"ELEGAS_EXP":0.54,"AGUBAS_VA":153.68,"AGUBAS_EXP":3.57,"CONSTR_VA":739.99,"CONSTR_EXP":14.27,"COMREV_VA":1861.77,"COMREV_EXP":493.54,"TRATIE_VA":199.59,"TRATIE_EXP":148.92,"TRAGUA_VA":677.45,"TRAGUA_EXP":540.78,"TRAAIR_VA":5.14,"TRAAIR_EXP":3.57,"ALMSTR_VA":496.27,"ALMSTR_EXP":1549.9,"POSTME_VA":36.1,"POSTME_EXP":38.4,"HOTYRE_VA":1172.84,"HOTYRE_EXP":977.88,"MMTVRA_VA":239.58,"MMTVRA_EXP":435.7,"TELECO_VA":371.15,"TELECO_EXP":100.02,"ITSERV_VA":260.37,"ITSERV_EXP":836.74,"SERFIN_VA":2413.91,"SERFIN_EXP":4274.56,"GOBEST_VA":1661.92,"GOBEST_EXP":139.45,"SPRSCT_VA":1462.19,"SPRSCT_EXP":348.77,"SEAEMP_VA":306.45,"SEAEMP_EXP":159.81,"ADPDEF_VA":1685.74,"ADPDEF_EXP":32.5,"EDUCAC_VA":1119.72,"EDUCAC_EXP":93.0,"SALUDH_VA":719.05,"SALUDH_EXP":37.6,"ESPARC_VA":299.76,"ESPARC_EXP":85.53,"OTRSER_VA":294.66,"OTRSER_EXP":51.03,"SERHOG_VA":176.59,"SERHOG_EXP":0.0}},{"type":"Feature","geometry":{"type":"Point","coordinates":[15.47,49.82]},"properties":{"id":"CZE","name":"Chequia","continent":"europe","year":2015,"AGRPFO_VA":3357.35,"AGRPFO_EXP":1544.05,"FORLOG_VA":1136.09,"FORLOG_EXP":291.04,"PESCAC_VA":26.75,"PESCAC_EXP":37.51,"MINCOL_VA":961.19,"MINCOL_EXP":258.9,"PETGAS_VA":205.04,"PETGAS_EXP":146.02,"MINORE_VA":46.93,"MINORE_EXP":2.86,"MINOTH_VA":258.93,"MINOTH_EXP":112.03,"MINSER_VA":81.95,"MINSER_EXP":4.97,"ALYBEB_VA":3738.5,"ALYBEB_EXP":4748.77,"TEXYPR_VA":1070.51,"TEXYPR_EXP":1561.7,"MADYPR_VA":1038.22,"MADYPR_EXP":754.84,"PAPYPR_VA":1362.93,"PAPYPR_EXP":1198.3,"PETREF_VA":631.47,"PETREF_EXP":865.62,"QUIMYP_VA":1705.79,"QUIMYP_EXP":3615.23,"FARMED_VA":741.59,"FARMED_EXP":506.58,"HUPLAS_VA":3746.93,"HUPLAS_EXP":6064.25,"PRNOMT_VA":2133.08,"PRNOMT_EXP":2390.19,"METBAS_VA":1392.83,"METBAS_EXP":2761.48,"NONFER_VA":397.41,"NONFER_EXP":981.54,"PRMETA_VA":5130.5,"PRMETA_EXP":7025.75,"ELCTRO_VA":2690.74,"ELCTRO_EXP":8599.57,"ELCTRI_VA":3629.39,"ELCTRI_EXP":8989.77,"MAQYEQ_VA":4367.82,"MAQYEQ_EXP":10380.93,"AUTOMO_VA":9735.31,"AUTOMO_EXP":31235.69,"OTRTRA_VA":3.97,"OTRTRA_EXP":8.29,"TRANSP_VA":1026.69,"TRANSP_EXP":1258.89,"OTRMAN_VA":3118.02,"OTRMAN_EXP":2401.13,"ELEGAS_VA":5506.66,"ELEGAS_EXP":1415.53,"AGUBAS_VA":1829.05,"AGUBAS_EXP":63.16,"CONSTR_VA":9861.68,"CONSTR_EXP":322.3,"COMREV_VA":18808.79,"COMREV_EXP":9019.22,"TRATIE_VA":5764.95,"TRATIE_EXP":6044.04,"TRAGUA_VA":164.23,"TRAGUA_EXP":41.31,"TRAAIR_VA":216.01,"TRAAIR_EXP":1009.35,"ALMSTR_VA":3819.94,"ALMSTR_EXP":1839.68,"POSTME_VA":675.37,"POSTME_EXP":65.78,"HOTYRE_VA":3240.1,"HOTYRE_EXP":2099.79,"MMTVRA_VA":1736.99,"MMTVRA_EXP":1386.04,"TELECO_VA":2371.88,"TELECO_EXP":693.08,"ITSERV_VA":4309.39,"ITSERV_EXP":1486.41,"SERFIN_VA":7069.45,"SERFIN_EXP":984.18,"GOBEST_VA":16868.83,"GOBEST_EXP":403.91,"SPRSCT_VA":8472.83,"SPRSCT_EXP":3672.28,"SEAEMP_VA":3004.46,"SEAEMP_EXP":986.26,"ADPDEF_VA":10150.47,"ADPDEF_EXP":162.57,"EDUCAC_VA":7072.48,"EDUCAC_EXP":390.37,"SALUDH_VA":7486.19,"SALUDH_EXP":167.32,"ESPARC_VA":1743.18,"ESPARC_EXP":473.28,"OTRSER_VA":1774.46,"OTRSER_EXP":119.89,"SERHOG_VA":139.92,"SERHOG_EXP":0.0}},{"type":"Feature","geometry":{"type":"Point","coordinates":[10.45,51.17]},"properties":{"id":"DEU","name":"Alemania","continent":"europe","year":2015,"AGRPFO_VA":21192.87,"AGRPFO_EXP":7774.93,"FORLOG_VA":4002.47,"FORLOG_EXP":516.8,"PESCAC_VA":368.66,"PESCAC_EXP":160.23,"MINCOL_VA":1706.18,"MINCOL_EXP":145.7,"PETGAS_VA":792.66,"PETGAS_EXP":783.89,"MINORE_VA":0.0,"MINORE_EXP":0.0,"MINOTH_VA":2816.55,"MINOTH_EXP":1564.66,"MINSER_VA":173.31,"MINSER_EXP":368.32,"ALYBEB_VA":50299.13,"ALYBEB_EXP":43479.08,"TEXYPR_VA":8583.58,"TEXYPR_EXP":11295.8,"MADYPR_VA":8086.48,"MADYPR_EXP":5178.08,"PAPYPR_VA":21316.71,"PAPYPR_EXP":18231.69,"PETREF_VA":10801.17,"PETREF_EXP":19319.41,"QUIMYP_VA":53607.14,"QUIMYP_EXP":94370.03,"FARMED_VA":24937.46,"FARMED_EXP":32156.92,"HUPLAS_VA":33273.8,"HUPLAS_EXP":29260.74,"PRNOMT_VA":19281.45,"PRNOMT_EXP":11486.82,"METBAS_VA":16443.42,"METBAS_EXP":23664.85,"NONFER_VA":9168.99,"NONFER_EXP":15992.61,"PRMETA_VA":59771.33,"PRMETA_EXP":32964.97,"ELCTRO_VA":44595.88,"ELCTRO_EXP":76087.51,"ELCTRI_VA":46370.26,"ELCTRI_EXP":63838.78,"MAQYEQ_VA":108436.58,"MAQYEQ_EXP":133367.7,"AUTOMO_VA":139581.52,"AUTOMO_EXP":224004.57,"OTRTRA_VA":1182.47,"OTRTRA_EXP":4428.88,"TRANSP_VA":13575.86,"TRANSP_EXP":16174.9,"OTRMAN_VA":45639.62,"OTRMAN_EXP":29605.08,"ELEGAS_VA":33523.38,"ELEGAS_EXP":5373.49,"AGUBAS_VA":33306.21,"AGUBAS_EXP":395.38,"CONSTR_VA":130504.44,"CONSTR_EXP":929.31,"COMREV_VA":306294.89,"COMREV_EXP":138798.27,"TRATIE_VA":55859.37,"TRATIE_EXP":27503.45,"TRAGUA_VA":7553.85,"TRAGUA_EXP":28879.15,"TRAAIR_VA":13354.63,"TRAAIR_EXP":23600.59,"ALMSTR_VA":53976.92,"ALMSTR_EXP":13788.1,"POSTME_VA":17691.29,"POSTME_EXP":1203.08,"HOTYRE_VA":50478.9,"HOTYRE_EXP":10760.72,"MMTVRA_VA":33162.02,"MMTVRA_EXP":11737.59,"TELECO_VA":30218.57,"TELECO_EXP":4109.21,"ITSERV_VA":78050.22,"ITSERV_EXP":17571.03,"SERFIN_VA":141201.01,"SERFIN_EXP":41104.19,"GOBEST_VA":337783.82,"GOBEST_EXP":2481.15,"SPRSCT_VA":199725.33,"SPRSCT_EXP":62080.79,"SEAEMP_VA":152395.95,"SEAEMP_EXP":27372.66,"ADPDEF_VA":182180.94,"ADPDEF_EXP":0.94,"EDUCAC_VA":140753.25,"EDUCAC_EXP":4001.67,"SALUDH_VA":248360.36,"SALUDH_EXP":1122.76,"ESPARC_VA":36168.02,"ESPARC_EXP":2299.61,"OTRSER_VA":73102.47,"OTRSER_EXP":633.05,"SERHOG_VA":7455.57,"SERHOG_EXP":0.0}},{"type":"Feature","geometry":{"type":"Point","coordinates":[9.5,56.26]},"properties":{"id":"DNK","name":"Dinamarca","continent":"europe","year":2015,"AGRPFO_VA":2565.07,"AGRPFO_EXP":3337.89,"FORLOG_VA":129.89,"FORLOG_EXP":66.24,"PESCAC_VA":423.63,"PESCAC_EXP":482.81,"MINCOL_VA":0.0,"MINCOL_EXP":0.0,"PETGAS_VA":2455.8,"PETGAS_EXP":2282.58,"MINORE_VA":0.0,"MINORE_EXP":0.0,"MINOTH_VA":161.89,"MINOTH_EXP":135.65,"MINSER_VA":182.5,"MINSER_EXP":109.83,"ALYBEB_VA":4804.59,"ALYBEB_EXP":9689.74,"TEXYPR_VA":491.58,"TEXYPR_EXP":592.15,"MADYPR_VA":671.84,"MADYPR_EXP":446.17,"PAPYPR_VA":979.19,"PAPYPR_EXP":584.49,"PETREF_VA":698.85,"PETREF_EXP":1654.0,"QUIMYP_VA":2786.94,"QUIMYP_EXP":3944.82,"FARMED_VA":9151.1,"FARMED_EXP":9328.41,"HUPLAS_VA":1491.93,"HUPLAS_EXP":1571.18,"PRNOMT_VA":1340.02,"PRNOMT_EXP":651.04,"METBAS_VA":326.66,"METBAS_EXP":364.05,"NONFER_VA":160.65,"NONFER_EXP":245.39,"PRMETA_VA":2768.08,"PRMETA_EXP":2041.68,"ELCTRO_VA":2478.36,"ELCTRO_EXP":3655.33,"ELCTRI_VA":1187.22,"ELCTRI_EXP":2084.88,"MAQYEQ_VA":5977.25,"MAQYEQ_EXP":10870.33,"AUTOMO_VA":416.93,"AUTOMO_EXP":531.73,"OTRTRA_VA":125.33,"OTRTRA_EXP":108.06,"TRANSP_VA":117.17,"TRANSP_EXP":152.84,"OTRMAN_VA":3979.34,"OTRMAN_EXP":4200.29,"ELEGAS_VA":3397.05,"ELEGAS_EXP":679.73,"AGUBAS_VA":2445.84,"AGUBAS_EXP":49.69,"CONSTR_VA":13985.77,"CONSTR_EXP":735.45,"COMREV_VA":36067.23,"COMREV_EXP":16907.78,"TRATIE_VA":5558.09,"TRATIE_EXP":5119.88,"TRAGUA_VA":5701.1,"TRAGUA_EXP":27492.14,"TRAAIR_VA":710.54,"TRAAIR_EXP":2779.5,"ALMSTR_VA":3850.38,"ALMSTR_EXP":3552.04,"POSTME_VA":1127.17,"POSTME_EXP":279.15,"HOTYRE_VA":4198.1,"HOTYRE_EXP":1577.6,"MMTVRA_VA":4089.31,"MMTVRA_EXP":1436.58,"TELECO_VA":2939.19,"TELECO_EXP":776.59,"ITSERV_VA":5681.13,"ITSERV_EXP":2615.0,"SERFIN_VA":15639.71,"SERFIN_EXP":2391.19,"GOBEST_VA":28746.31,"GOBEST_EXP":453.8,"SPRSCT_VA":15495.09,"SPRSCT_EXP":7170.44,"SEAEMP_VA":8922.16,"SEAEMP_EXP":3228.21,"ADPDEF_VA":14369.02,"ADPDEF_EXP":213.46,"EDUCAC_VA":17586.25,"EDUCAC_EXP":908.23,"SALUDH_VA":28798.56,"SALUDH_EXP":135.78,"ESPARC_VA":4139.9,"ESPARC_EXP":466.6,"OTRSER_VA":4033.01,"OTRSER_EXP":94.22,"SERHOG_VA":741.34,"SERHOG_EXP":0.0}},{"type":"Feature","geometry":{"type":"Point","coordinates":[30.8,26.82]},"properties":{"id":"EGY","name":"Egipto","continent":"other","year":2015,"AGRPFO_VA":34094.83,"AGRPFO_EXP":1604.07,"FORLOG_VA":4.12,"FORLOG_EXP":0.91,"PESCAC_VA":3512.06,"PESCAC_EXP":20.61,"MINCOL_VA":349.01,"MINCOL_EXP":58.67,"PETGAS_VA":32830.8,"PETGAS_EXP":1918.08,"MINORE_VA":458.73,"MINORE_EXP":3.2,"MINOTH_VA":1756.77,"MINOTH_EXP":235.73,"MINSER_VA":1165.92,"MINSER_EXP":14.21,"ALYBEB_VA":8902.32,"ALYBEB_EXP":1740.76,"TEXYPR_VA":4088.67,"TEXYPR_EXP":1800.0,"MADYPR_VA":1435.72,"MADYPR_EXP":82.61,"PAPYPR_VA":2772.2,"PAPYPR_EXP":200.99,"PETREF_VA":9366.86,"PETREF_EXP":1951.85,"QUIMYP_VA":4994.53,"QUIMYP_EXP":1584.4,"FARMED_VA":1336.96,"FARMED_EXP":176.35,"HUPLAS_VA":824.79,"HUPLAS_EXP":412.09,"PRNOMT_VA":3735.01,"PRNOMT_EXP":619.46,"METBAS_VA":2854.89,"METBAS_EXP":779.68,"NONFER_VA":3060.89,"NONFER_EXP":875.56,"PRMETA_VA":1802.67,"PRMETA_EXP":359.16,"ELCTRO_VA":283.38,"ELCTRO_EXP":270.34,"ELCTRI_VA":1250.33,"ELCTRI_EXP":690.31,"MAQYEQ_VA":338.1,"MAQYEQ_EXP":98.8,"AUTOMO_VA":655.07,"AUTOMO_EXP":64.99,"OTRTRA_VA":30.77,"OTRTRA_EXP":0.39,"TRANSP_VA":92.34,"TRANSP_EXP":1.03,"OTRMAN_VA":3920.82,"OTRMAN_EXP":688.85,"ELEGAS_VA":4580.82,"ELEGAS_EXP":48.37,"AGUBAS_VA":1602.4,"AGUBAS_EXP":3.26,"CONSTR_VA":18949.01,"CONSTR_EXP":5.77,"COMREV_VA":39023.89,"COMREV_EXP":2526.87,"TRATIE_VA":9834.77,"TRATIE_EXP":926.71,"TRAGUA_VA":5865.43,"TRAGUA_EXP":2162.23,"TRAAIR_VA":2116.41,"TRAAIR_EXP":1476.62,"ALMSTR_VA":12965.27,"ALMSTR_EXP":4756.58,"POSTME_VA":493.66,"POSTME_EXP":164.28,"HOTYRE_VA":8233.29,"HOTYRE_EXP":3259.35,"MMTVRA_VA":1280.13,"MMTVRA_EXP":325.24,"TELECO_VA":6125.27,"TELECO_EXP":446.1,"ITSERV_VA":1336.9,"ITSERV_EXP":366.09,"SERFIN_VA":14740.07,"SERFIN_EXP":490.54,"GOBEST_VA":23748.88,"GOBEST_EXP":280.89,"SPRSCT_VA":6485.83,"SPRSCT_EXP":860.48,"SEAEMP_VA":4433.32,"SEAEMP_EXP":1902.08,"ADPDEF_VA":15649.2,"ADPDEF_EXP":19.74,"EDUCAC_VA":13094.85,"EDUCAC_EXP":100.56,"SALUDH_VA":6869.5,"SALUDH_EXP":61.89,"ESPARC_VA":3401.36,"ESPARC_EXP":184.8,"OTRSER_VA":4777.83,"OTRSER_EXP":96.68,"SERHOG_VA":171.95,"SERHOG_EXP":0.0}},{"type":"Feature","geometry":{"type":"Point","coordinates":[-3.75,40.46]},"properties":{"id":"ESP","name":"España","continent":"europe","year":2015,"AGRPFO_VA":30364.7,"AGRPFO_EXP":14009.91,"FORLOG_VA":1088.45,"FORLOG_EXP":194.64,"PESCAC_VA":1830.25,"PESCAC_EXP":620.21,"MINCOL_VA":128.04,"MINCOL_EXP":25.8,"PETGAS_VA":72.85,"PETGAS_EXP":94.03,"MINORE_VA":231.67,"MINORE_EXP":462.68,"MINOTH_VA":1251.88,"MINOTH_EXP":763.37,"MINSER_VA":75.53,"MINSER_EXP":99.26,"ALYBEB_VA":26934.24,"ALYBEB_EXP":22442.04,"TEXYPR_VA":9867.54,"TEXYPR_EXP":8562.43,"MADYPR_VA":1850.79,"MADYPR_EXP":1445.18,"PAPYPR_VA":6385.23,"PAPYPR_EXP":4089.94,"PETREF_VA":3005.43,"PETREF_EXP":13457.92,"QUIMYP_VA":9530.8,"QUIMYP_EXP":19032.79,"FARMED_VA":8026.59,"FARMED_EXP":10469.86,"HUPLAS_VA":6772.57,"HUPLAS_EXP":7175.4,"PRNOMT_VA":5708.23,"PRNOMT_EXP":5802.78,"METBAS_VA":3104.03,"METBAS_EXP":7395.96,"NONFER_VA":1940.53,"NONFER_EXP":5651.47,"PRMETA_VA":11314.52,"PRMETA_EXP":8542.43,"ELCTRO_VA":1801.45,"ELCTRO_EXP":2996.53,"ELCTRI_VA":4673.83,"ELCTRI_EXP":10394.1,"MAQYEQ_VA":7457.47,"MAQYEQ_EXP":12042.54,"AUTOMO_VA":13860.34,"AUTOMO_EXP":43208.22,"OTRTRA_VA":467.96,"OTRTRA_EXP":582.62,"TRANSP_VA":4163.4,"TRANSP_EXP":5304.73,"OTRMAN_VA":11089.03,"OTRMAN_EXP":4967.73,"ELEGAS_VA":27862.37,"ELEGAS_EXP":974.1,"AGUBAS_VA":12412.53,"AGUBAS_EXP":89.81,"CONSTR_VA":66714.54,"CONSTR_EXP":671.38,"COMREV_VA":143047.35,"COMREV_EXP":48740.86,"TRATIE_VA":29529.2,"TRATIE_EXP":13907.15,"TRAGUA_VA":758.31,"TRAGUA_EXP":864.43,"TRAAIR_VA":2699.66,"TRAAIR_EXP":7585.48,"ALMSTR_VA":19991.4,"ALMSTR_EXP":8253.03,"POSTME_VA":2505.36,"POSTME_EXP":278.36,"HOTYRE_VA":69285.2,"HOTYRE_EXP":13679.09,"MMTVRA_VA":8420.38,"MMTVRA_EXP":2902.3,"TELECO_VA":17063.92,"TELECO_EXP":4516.07,"ITSERV_VA":16267.28,"ITSERV_EXP":9563.97,"SERFIN_VA":42133.71,"SERFIN_EXP":7373.16,"GOBEST_VA":132637.5,"GOBEST_EXP":3222.2,"SPRSCT_VA":50983.0,"SPRSCT_EXP":15963.13,"SEAEMP_VA":43582.76,"SEAEMP_EXP":9560.39,"ADPDEF_VA":70559.92,"ADPDEF_EXP":2181.24,"EDUCAC_VA":60109.27,"EDUCAC_EXP":2362.72,"SALUDH_VA":69920.19,"SALUDH_EXP":953.13,"ESPARC_VA":22952.97,"ESPARC_EXP":2426.1,"OTRSER_VA":20477.62,"OTRSER_EXP":1018.2,"SERHOG_VA":10685.88,"SERHOG_EXP":0.0}},{"type":"Feature","geometry":{"type":"Point","coordinates":[25.01,58.6]},"properties":{"id":"EST","name":"Estonia","continent":"europe","year":2015,"AGRPFO_VA":341.56,"AGRPFO_EXP":275.79,"FORLOG_VA":314.5,"FORLOG_EXP":130.07,"PESCAC_VA":49.28,"PESCAC_EXP":60.02,"MINCOL_VA":19.57,"MINCOL_EXP":0.78,"PETGAS_VA":179.65,"PETGAS_EXP":71.22,"MINORE_VA":0.0,"MINORE_EXP":0.0,"MINOTH_VA":60.82,"MINOTH_EXP":12.6,"MINSER_VA":1.48,"MINSER_EXP":1.78,"ALYBEB_VA":455.51,"ALYBEB_EXP":625.31,"TEXYPR_VA":202.96,"TEXYPR_EXP":347.21,"MADYPR_VA":547.71,"MADYPR_EXP":1270.25,"PAPYPR_VA":158.21,"PAPYPR_EXP":229.96,"PETREF_VA":111.66,"PETREF_EXP":145.92,"QUIMYP_VA":123.66,"QUIMYP_EXP":409.98,"FARMED_VA":13.1,"FARMED_EXP":40.92,"HUPLAS_VA":119.53,"HUPLAS_EXP":236.12,"PRNOMT_VA":164.38,"PRNOMT_EXP":215.04,"METBAS_VA":9.21,"METBAS_EXP":20.81,"NONFER_VA":5.24,"NONFER_EXP":37.16,"PRMETA_VA":377.66,"PRMETA_EXP":531.37,"ELCTRO_VA":208.8,"ELCTRO_EXP":1544.76,"ELCTRI_VA":187.84,"ELCTRI_EXP":432.12,"MAQYEQ_VA":139.93,"MAQYEQ_EXP":292.89,"AUTOMO_VA":122.46,"AUTOMO_EXP":244.71,"OTRTRA_VA":26.16,"OTRTRA_EXP":26.39,"TRANSP_VA":0.85,"TRANSP_EXP":0.69,"OTRMAN_VA":397.81,"OTRMAN_EXP":649.48,"ELEGAS_VA":569.45,"ELEGAS_EXP":127.97,"AGUBAS_VA":164.7,"AGUBAS_EXP":7.95,"CONSTR_VA":1288.76,"CONSTR_EXP":50.4,"COMREV_VA":2433.93,"COMREV_EXP":1266.56,"TRATIE_VA":814.24,"TRATIE_EXP":717.6,"TRAGUA_VA":163.01,"TRAGUA_EXP":390.29,"TRAAIR_VA":23.87,"TRAAIR_EXP":128.6,"ALMSTR_VA":888.59,"ALMSTR_EXP":1317.89,"POSTME_VA":60.01,"POSTME_EXP":69.31,"HOTYRE_VA":397.85,"HOTYRE_EXP":460.51,"MMTVRA_VA":154.19,"MMTVRA_EXP":85.9,"TELECO_VA":357.22,"TELECO_EXP":245.0,"ITSERV_VA":579.56,"ITSERV_EXP":509.84,"SERFIN_VA":867.35,"SERFIN_EXP":216.13,"GOBEST_VA":2438.82,"GOBEST_EXP":123.8,"SPRSCT_VA":1016.12,"SPRSCT_EXP":488.8,"SEAEMP_VA":719.23,"SEAEMP_EXP":381.88,"ADPDEF_VA":1353.15,"ADPDEF_EXP":29.92,"EDUCAC_VA":944.54,"EDUCAC_EXP":41.93,"SALUDH_VA":811.64,"SALUDH_EXP":25.17,"ESPARC_VA":313.05,"ESPARC_EXP":72.49,"OTRSER_VA":191.88,"OTRSER_EXP":28.64,"SERHOG_VA":12.38,"SERHOG_EXP":0.0}},{"type":"Feature","geometry":{"type":"Point","coordinates":[25.75,61.92]},"properties":{"id":"FIN","name":"Finlandia","continent":"europe","year":2015,"AGRPFO_VA":1488.73,"AGRPFO_EXP":764.32,"FORLOG_VA":3521.19,"FORLOG_EXP":61.01,"PESCAC_VA":131.26,"PESCAC_EXP":18.54,"MINCOL_VA":164.35,"MINCOL_EXP":13.35,"PETGAS_VA":0.0,"PETGAS_EXP":0.0,"MINORE_VA":324.16,"MINORE_EXP":737.41,"MINOTH_VA":373.74,"MINOTH_EXP":162.22,"MINSER_VA":44.9,"MINSER_EXP":23.32,"ALYBEB_VA":3048.14,"ALYBEB_EXP":1175.27,"TEXYPR_VA":463.25,"TEXYPR_EXP":549.29,"MADYPR_VA":1458.97,"MADYPR_EXP":2228.26,"PAPYPR_VA":4394.79,"PAPYPR_EXP":8730.33,"PETREF_VA":1197.05,"PETREF_EXP":2764.77,"QUIMYP_VA":2396.7,"QUIMYP_EXP":4820.7,"FARMED_VA":1490.38,"FARMED_EXP":802.73,"HUPLAS_VA":1239.28,"HUPLAS_EXP":1421.67,"PRNOMT_VA":1198.3,"PRNOMT_EXP":598.46,"METBAS_VA":1178.39,"METBAS_EXP":3449.39,"NONFER_VA":752.66,"NONFER_EXP":1895.35,"PRMETA_VA":2918.03,"PRMETA_EXP":1420.2,"ELCTRO_VA":4497.75,"ELCTRO_EXP":3467.71,"ELCTRI_VA":2125.01,"ELCTRI_EXP":2998.25,"MAQYEQ_VA":5508.92,"MAQYEQ_EXP":7146.21,"AUTOMO_VA":598.11,"AUTOMO_EXP":1035.04,"OTRTRA_VA":303.82,"OTRTRA_EXP":700.67,"TRANSP_VA":184.78,"TRANSP_EXP":282.21,"OTRMAN_VA":2293.26,"OTRMAN_EXP":1135.48,"ELEGAS_VA":4596.39,"ELEGAS_EXP":127.29,"AGUBAS_VA":2019.91,"AGUBAS_EXP":80.07,"CONSTR_VA":13507.48,"CONSTR_EXP":15.89,"COMREV_VA":19657.6,"COMREV_EXP":7361.1,"TRATIE_VA":5895.97,"TRATIE_EXP":1201.79,"TRAGUA_VA":897.52,"TRAGUA_EXP":1561.51,"TRAAIR_VA":713.73,"TRAAIR_EXP":1491.02,"ALMSTR_VA":2664.6,"ALMSTR_EXP":808.02,"POSTME_VA":943.73,"POSTME_EXP":171.59,"HOTYRE_VA":3479.05,"HOTYRE_EXP":636.2,"MMTVRA_VA":3907.47,"MMTVRA_EXP":1776.16,"TELECO_VA":2418.35,"TELECO_EXP":303.41,"ITSERV_VA":5490.16,"ITSERV_EXP":4335.5,"SERFIN_VA":6898.88,"SERFIN_EXP":826.77,"GOBEST_VA":26267.2,"GOBEST_EXP":201.85,"SPRSCT_VA":10549.45,"SPRSCT_EXP":4663.63,"SEAEMP_VA":6859.47,"SEAEMP_EXP":1849.69,"ADPDEF_VA":12052.58,"ADPDEF_EXP":200.64,"EDUCAC_VA":11992.25,"EDUCAC_EXP":364.49,"SALUDH_VA":21320.44,"SALUDH_EXP":51.36,"ESPARC_VA":2797.73,"ESPARC_EXP":143.37,"OTRSER_VA":3580.39,"OTRSER_EXP":102.55,"SERHOG_VA":358.03,"SERHOG_EXP":0.0}},{"type":"Feature","geometry":{"type":"Point","coordinates":[2.21,46.23]},"properties":{"id":"FRA","name":"Francia","continent":"europe","year":2015,"AGRPFO_VA":34379.61,"AGRPFO_EXP":15785.9,"FORLOG_VA":4033.89,"FORLOG_EXP":450.54,"PESCAC_VA":1160.27,"PESCAC_EXP":564.8,"MINCOL_VA":7.01,"MINCOL_EXP":4.48,"PETGAS_VA":203.31,"PETGAS_EXP":250.65,"MINORE_VA":14.44,"MINORE_EXP":18.84,"MINOTH_VA":2222.4,"MINOTH_EXP":480.49,"MINSER_VA":149.22,"MINSER_EXP":82.95,"ALYBEB_VA":45253.22,"ALYBEB_EXP":36226.77,"TEXYPR_VA":6543.29,"TEXYPR_EXP":8849.01,"MADYPR_VA":3745.8,"MADYPR_EXP":2048.03,"PAPYPR_VA":10447.22,"PAPYPR_EXP":6493.51,"PETREF_VA":3638.15,"PETREF_EXP":11876.95,"QUIMYP_VA":19900.83,"QUIMYP_EXP":50962.64,"FARMED_VA":13827.47,"FARMED_EXP":16994.76,"HUPLAS_VA":12493.14,"HUPLAS_EXP":12794.81,"PRNOMT_VA":9506.13,"PRNOMT_EXP":4608.25,"METBAS_VA":4967.16,"METBAS_EXP":11532.24,"NONFER_VA":3572.59,"NONFER_EXP":7767.09,"PRMETA_VA":24945.61,"PRMETA_EXP":10124.78,"ELCTRO_VA":11321.81,"ELCTRO_EXP":21364.94,"ELCTRI_VA":8701.83,"ELCTRI_EXP":19128.8,"MAQYEQ_VA":16150.05,"MAQYEQ_EXP":32929.45,"AUTOMO_VA":16230.68,"AUTOMO_EXP":41225.96,"OTRTRA_VA":1987.81,"OTRTRA_EXP":1535.02,"TRANSP_VA":18514.88,"TRANSP_EXP":37862.37,"OTRMAN_VA":37942.56,"OTRMAN_EXP":19134.97,"ELEGAS_VA":33056.54,"ELEGAS_EXP":3320.45,"AGUBAS_VA":15299.5,"AGUBAS_EXP":24.52,"CONSTR_VA":127003.82,"CONSTR_EXP":41.59,"COMREV_VA":235786.1,"COMREV_EXP":94197.22,"TRATIE_VA":46072.09,"TRATIE_EXP":17243.58,"TRAGUA_VA":4733.05,"TRAGUA_EXP":14692.51,"TRAAIR_VA":7274.7,"TRAAIR_EXP":13348.64,"ALMSTR_VA":39026.37,"ALMSTR_EXP":6452.53,"POSTME_VA":8926.9,"POSTME_EXP":1672.18,"HOTYRE_VA":49075.68,"HOTYRE_EXP":22498.56,"MMTVRA_VA":27011.61,"MMTVRA_EXP":6254.29,"TELECO_VA":28429.31,"TELECO_EXP":5193.28,"ITSERV_VA":58211.39,"ITSERV_EXP":10502.83,"SERFIN_VA":98213.78,"SERFIN_EXP":17019.19,"GOBEST_VA":305566.51,"GOBEST_EXP":4282.48,"SPRSCT_VA":182518.78,"SPRSCT_EXP":37249.55,"SEAEMP_VA":120653.4,"SEAEMP_EXP":45028.46,"ADPDEF_VA":177640.67,"ADPDEF_EXP":1865.75,"EDUCAC_VA":118835.18,"EDUCAC_EXP":1973.39,"SALUDH_VA":199164.92,"SALUDH_EXP":2314.33,"ESPARC_VA":31288.75,"ESPARC_EXP":3878.74,"OTRSER_VA":32699.61,"OTRSER_EXP":1091.48,"SERHOG_VA":3829.22,"SERHOG_EXP":0.0}},{"type":"Feature","geometry":{"type":"Point","coordinates":[-3.44,55.38]},"properties":{"id":"GBR","name":"Reino Unido","continent":"europe","year":2015,"AGRPFO_VA":17215.03,"AGRPFO_EXP":2429.24,"FORLOG_VA":1164.44,"FORLOG_EXP":71.88,"PESCAC_VA":1060.52,"PESCAC_EXP":751.66,"MINCOL_VA":191.81,"MINCOL_EXP":61.1,"PETGAS_VA":14211.08,"PETGAS_EXP":16963.97,"MINORE_VA":0.0,"MINORE_EXP":0.0,"MINOTH_VA":2691.5,"MINOTH_EXP":1066.71,"MINSER_VA":3703.88,"MINSER_EXP":1326.45,"ALYBEB_VA":45732.4,"ALYBEB_EXP":20858.12,"TEXYPR_VA":9574.31,"TEXYPR_EXP":7785.98,"MADYPR_VA":4810.9,"MADYPR_EXP":582.36,"PAPYPR_VA":13200.19,"PAPYPR_EXP":3119.05,"PETREF_VA":5073.35,"PETREF_EXP":9784.88,"QUIMYP_VA":18903.26,"QUIMYP_EXP":22508.26,"FARMED_VA":18228.89,"FARMED_EXP":20607.62,"HUPLAS_VA":13600.12,"HUPLAS_EXP":8045.69,"PRNOMT_VA":9426.32,"PRNOMT_EXP":2415.45,"METBAS_VA":4105.13,"METBAS_EXP":6615.31,"NONFER_VA":2831.74,"NONFER_EXP":6460.16,"PRMETA_VA":24637.81,"PRMETA_EXP":8085.54,"ELCTRO_VA":17250.75,"ELCTRO_EXP":10051.13,"ELCTRI_VA":7217.09,"ELCTRI_EXP":10596.25,"MAQYEQ_VA":23616.64,"MAQYEQ_EXP":22536.3,"AUTOMO_VA":25214.96,"AUTOMO_EXP":41369.94,"OTRTRA_VA":2459.37,"OTRTRA_EXP":1482.75,"TRANSP_VA":13554.26,"TRANSP_EXP":18447.73,"OTRMAN_VA":25620.37,"OTRMAN_EXP":10178.88,"ELEGAS_VA":42234.5,"ELEGAS_EXP":378.25,"AGUBAS_VA":35049.42,"AGUBAS_EXP":561.9,"CONSTR_VA":168180.73,"CONSTR_EXP":593.98,"COMREV_VA":277751.43,"COMREV_EXP":67888.03,"TRATIE_VA":45821.87,"TRATIE_EXP":7870.49,"TRAGUA_VA":9880.23,"TRAGUA_EXP":11004.44,"TRAAIR_VA":7358.83,"TRAAIR_EXP":15097.7,"ALMSTR_VA":35069.75,"ALMSTR_EXP":4963.27,"POSTME_VA":16591.71,"POSTME_EXP":2087.98,"HOTYRE_VA":75315.75,"HOTYRE_EXP":11236.55,"MMTVRA_VA":47310.46,"MMTVRA_EXP":17048.81,"TELECO_VA":47350.35,"TELECO_EXP":12007.15,"ITSERV_VA":69899.01,"ITSERV_EXP":20684.28,"SERFIN_VA":224158.89,"SERFIN_EXP":114255.32,"GOBEST_VA":352425.04,"GOBEST_EXP":3161.78,"SPRSCT_VA":200405.74,"SPRSCT_EXP":74214.46,"SEAEMP_VA":135052.0,"SEAEMP_EXP":40116.57,"ADPDEF_VA":132611.1,"ADPDEF_EXP":211.77,"EDUCAC_VA":159455.51,"EDUCAC_EXP":17807.55,"SALUDH_VA":200771.98,"SALUDH_EXP":792.86,"ESPARC_VA":39032.97,"ESPARC_EXP":9577.29,"OTRSER_VA":44585.11,"OTRSER_EXP":646.39,"SERHOG_VA":3898.54,"SERHOG_EXP":0.0}},{"type":"Feature","geometry":{"type":"Point","coordinates":[21.82,39.07]},"properties":{"id":"GRC","name":"Grecia","continent":"europe","year":2015,"AGRPFO_VA":7080.26,"AGRPFO_EXP":1912.5,"FORLOG_VA":80.69,"FORLOG_EXP":8.36,"PESCAC_VA":653.95,"PESCAC_EXP":364.17,"MINCOL_VA":56.33,"MINCOL_EXP":4.21,"PETGAS_VA":17.29,"PETGAS_EXP":0.4,"MINORE_VA":222.75,"MINORE_EXP":80.87,"MINOTH_VA":549.11,"MINOTH_EXP":202.56,"MINSER_VA":50.96,"MINSER_EXP":12.54,"ALYBEB_VA":5660.04,"ALYBEB_EXP":3001.89,"TEXYPR_VA":701.5,"TEXYPR_EXP":643.51,"MADYPR_VA":101.19,"MADYPR_EXP":55.37,"PAPYPR_VA":773.52,"PAPYPR_EXP":301.23,"PETREF_VA":1727.05,"PETREF_EXP":6330.31,"QUIMYP_VA":976.81,"QUIMYP_EXP":1387.48,"FARMED_VA":880.93,"FARMED_EXP":552.95,"HUPLAS_VA":752.8,"HUPLAS_EXP":564.67,"PRNOMT_VA":889.39,"PRNOMT_EXP":435.79,"METBAS_VA":228.49,"METBAS_EXP":548.95,"NONFER_VA":771.38,"NONFER_EXP":1455.09,"PRMETA_VA":1178.85,"PRMETA_EXP":613.94,"ELCTRO_VA":234.68,"ELCTRO_EXP":227.48,"ELCTRI_VA":403.99,"ELCTRI_EXP":668.98,"MAQYEQ_VA":387.2,"MAQYEQ_EXP":563.05,"AUTOMO_VA":53.48,"AUTOMO_EXP":40.58,"OTRTRA_VA":221.84,"OTRTRA_EXP":205.65,"TRANSP_VA":179.82,"TRANSP_EXP":220.83,"OTRMAN_VA":1122.65,"OTRMAN_EXP":342.65,"ELEGAS_VA":5126.91,"ELEGAS_EXP":137.22,"AGUBAS_VA":2351.85,"AGUBAS_EXP":2.14,"CONSTR_VA":3856.47,"CONSTR_EXP":22.98,"COMREV_VA":20950.79,"COMREV_EXP":5742.14,"TRATIE_VA":3275.61,"TRATIE_EXP":1288.9,"TRAGUA_VA":3979.73,"TRAGUA_EXP":11101.97,"TRAAIR_VA":662.69,"TRAAIR_EXP":1401.23,"ALMSTR_VA":2499.28,"ALMSTR_EXP":1494.38,"POSTME_VA":559.73,"POSTME_EXP":64.35,"HOTYRE_VA":11629.23,"HOTYRE_EXP":6611.03,"MMTVRA_VA":934.09,"MMTVRA_EXP":310.64,"TELECO_VA":2983.64,"TELECO_EXP":709.72,"ITSERV_VA":1269.58,"ITSERV_EXP":544.64,"SERFIN_VA":8989.72,"SERFIN_EXP":1284.36,"GOBEST_VA":31733.22,"GOBEST_EXP":853.05,"SPRSCT_VA":6371.45,"SPRSCT_EXP":1399.94,"SEAEMP_VA":2626.81,"SEAEMP_EXP":1967.58,"ADPDEF_VA":18452.2,"ADPDEF_EXP":19.63,"EDUCAC_VA":9708.34,"EDUCAC_EXP":424.87,"SALUDH_VA":7570.03,"SALUDH_EXP":216.21,"ESPARC_VA":2537.83,"ESPARC_EXP":480.06,"OTRSER_VA":2533.37,"OTRSER_EXP":231.01,"SERHOG_VA":663.04,"SERHOG_EXP":0.0}},{"type":"Feature","geometry":{"type":"Point","coordinates":[114.11,22.4]},"properties":{"id":"HKG","name":"Hong Kong","continent":"asia","year":2015,"AGRPFO_VA":148.45,"AGRPFO_EXP":20.85,"FORLOG_VA":17.96,"FORLOG_EXP":18.92,"PESCAC_VA":29.1,"PESCAC_EXP":5.54,"MINCOL_VA":0.0,"MINCOL_EXP":0.0,"PETGAS_VA":0.0,"PETGAS_EXP":0.0,"MINORE_VA":0.0,"MINORE_EXP":0.0,"MINOTH_VA":0.0,"MINOTH_EXP":0.0,"MINSER_VA":39.38,"MINSER_EXP":19.05,"ALYBEB_VA":3893.35,"ALYBEB_EXP":4517.84,"TEXYPR_VA":593.56,"TEXYPR_EXP":209.35,"MADYPR_VA":511.37,"MADYPR_EXP":144.26,"PAPYPR_VA":296.37,"PAPYPR_EXP":326.84,"PETREF_VA":80.54,"PETREF_EXP":20.59,"QUIMYP_VA":332.04,"QUIMYP_EXP":556.27,"FARMED_VA":320.52,"FARMED_EXP":83.7,"HUPLAS_VA":24.28,"HUPLAS_EXP":0.07,"PRNOMT_VA":177.06,"PRNOMT_EXP":46.96,"METBAS_VA":46.64,"METBAS_EXP":167.95,"NONFER_VA":26.26,"NONFER_EXP":37.68,"PRMETA_VA":141.04,"PRMETA_EXP":279.4,"ELCTRO_VA":162.0,"ELCTRO_EXP":694.42,"ELCTRI_VA":202.72,"ELCTRI_EXP":225.56,"MAQYEQ_VA":114.65,"MAQYEQ_EXP":490.43,"AUTOMO_VA":112.1,"AUTOMO_EXP":194.18,"OTRTRA_VA":22.43,"OTRTRA_EXP":131.24,"TRANSP_VA":37.91,"TRANSP_EXP":131.56,"OTRMAN_VA":431.85,"OTRMAN_EXP":72.06,"ELEGAS_VA":3880.21,"ELEGAS_EXP":169.39,"AGUBAS_VA":2486.68,"AGUBAS_EXP":37.12,"CONSTR_VA":13290.42,"CONSTR_EXP":69.64,"COMREV_VA":68606.26,"COMREV_EXP":13396.71,"TRATIE_VA":5873.56,"TRATIE_EXP":3341.5,"TRAGUA_VA":2454.8,"TRAGUA_EXP":5294.73,"TRAAIR_VA":9001.34,"TRAAIR_EXP":12481.57,"ALMSTR_VA":468.52,"ALMSTR_EXP":108.51,"POSTME_VA":933.04,"POSTME_EXP":158.21,"HOTYRE_VA":9754.72,"HOTYRE_EXP":9449.97,"MMTVRA_VA":934.12,"MMTVRA_EXP":806.47,"TELECO_VA":9599.99,"TELECO_EXP":3151.12,"ITSERV_VA":3034.94,"ITSERV_EXP":1022.07,"SERFIN_VA":50675.82,"SERFIN_EXP":33507.19,"GOBEST_VA":45258.41,"GOBEST_EXP":2297.41,"SPRSCT_VA":7137.13,"SPRSCT_EXP":1351.65,"SEAEMP_VA":4814.36,"SEAEMP_EXP":660.21,"ADPDEF_VA":17186.24,"ADPDEF_EXP":86.75,"EDUCAC_VA":19970.86,"EDUCAC_EXP":2107.03,"SALUDH_VA":11219.08,"SALUDH_EXP":533.09,"ESPARC_VA":1900.4,"ESPARC_EXP":2153.69,"OTRSER_VA":4511.28,"OTRSER_EXP":732.89,"SERHOG_VA":3419.81,"SERHOG_EXP":0.0}},{"type":"Feature","geometry":{"type":"Point","coordinates":[15.2,45.1]},"properties":{"id":"HRV","name":"Croacia","continent":"europe","year":2015,"AGRPFO_VA":1205.96,"AGRPFO_EXP":460.6,"FORLOG_VA":257.56,"FORLOG_EXP":83.22,"PESCAC_VA":135.14,"PESCAC_EXP":85.08,"MINCOL_VA":2.05,"MINCOL_EXP":4.13,"PETGAS_VA":86.05,"PETGAS_EXP":45.33,"MINORE_VA":2.23,"MINORE_EXP":0.87,"MINOTH_VA":74.21,"MINOTH_EXP":30.83,"MINSER_VA":102.58,"MINSER_EXP":24.81,"ALYBEB_VA":1742.23,"ALYBEB_EXP":1045.71,"TEXYPR_VA":384.19,"TEXYPR_EXP":261.84,"MADYPR_VA":257.28,"MADYPR_EXP":382.41,"PAPYPR_VA":332.79,"PAPYPR_EXP":262.13,"PETREF_VA":698.02,"PETREF_EXP":756.02,"QUIMYP_VA":221.35,"QUIMYP_EXP":476.03,"FARMED_VA":440.3,"FARMED_EXP":563.59,"HUPLAS_VA":286.24,"HUPLAS_EXP":232.99,"PRNOMT_VA":386.94,"PRNOMT_EXP":268.78,"METBAS_VA":55.95,"METBAS_EXP":62.43,"NONFER_VA":18.83,"NONFER_EXP":50.26,"PRMETA_VA":686.61,"PRMETA_EXP":722.1,"ELCTRO_VA":214.84,"ELCTRO_EXP":165.12,"ELCTRI_VA":295.06,"ELCTRI_EXP":556.79,"MAQYEQ_VA":308.36,"MAQYEQ_EXP":350.17,"AUTOMO_VA":57.5,"AUTOMO_EXP":75.77,"OTRTRA_VA":57.85,"OTRTRA_EXP":66.96,"TRANSP_VA":38.59,"TRANSP_EXP":88.12,"OTRMAN_VA":456.83,"OTRMAN_EXP":381.65,"ELEGAS_VA":1182.08,"ELEGAS_EXP":322.31,"AGUBAS_VA":652.53,"AGUBAS_EXP":63.04,"CONSTR_VA":2083.94,"CONSTR_EXP":229.7,"COMREV_VA":5373.4,"COMREV_EXP":2103.5,"TRATIE_VA":1077.94,"TRATIE_EXP":1037.69,"TRAGUA_VA":161.55,"TRAGUA_EXP":204.45,"TRAAIR_VA":53.25,"TRAAIR_EXP":208.79,"ALMSTR_VA":740.11,"ALMSTR_EXP":568.32,"POSTME_VA":232.12,"POSTME_EXP":49.41,"HOTYRE_VA":2629.93,"HOTYRE_EXP":2367.9,"MMTVRA_VA":359.85,"MMTVRA_EXP":139.36,"TELECO_VA":906.22,"TELECO_EXP":208.68,"ITSERV_VA":639.07,"ITSERV_EXP":526.05,"SERFIN_VA":2686.35,"SERFIN_EXP":439.09,"GOBEST_VA":4148.17,"GOBEST_EXP":531.78,"SPRSCT_VA":2568.05,"SPRSCT_EXP":1226.68,"SEAEMP_VA":903.14,"SEAEMP_EXP":358.52,"ADPDEF_VA":3200.87,"ADPDEF_EXP":74.42,"EDUCAC_VA":2103.52,"EDUCAC_EXP":174.78,"SALUDH_VA":2134.56,"SALUDH_EXP":131.25,"ESPARC_VA":742.11,"ESPARC_EXP":244.45,"OTRSER_VA":720.4,"OTRSER_EXP":202.89,"SERHOG_VA":22.34,"SERHOG_EXP":0.0}},{"type":"Feature","geometry":{"type":"Point","coordinates":[19.5,47.16]},"properties":{"id":"HUN","name":"Hungría","continent":"europe","year":2015,"AGRPFO_VA":4577.83,"AGRPFO_EXP":2623.49,"FORLOG_VA":256.64,"FORLOG_EXP":87.92,"PESCAC_VA":18.17,"PESCAC_EXP":18.84,"MINCOL_VA":1.75,"MINCOL_EXP":3.39,"PETGAS_VA":13.74,"PETGAS_EXP":8.76,"MINORE_VA":2.54,"MINORE_EXP":1.95,"MINOTH_VA":110.43,"MINOTH_EXP":29.15,"MINSER_VA":50.12,"MINSER_EXP":46.45,"ALYBEB_VA":2295.03,"ALYBEB_EXP":4175.55,"TEXYPR_VA":548.49,"TEXYPR_EXP":1010.35,"MADYPR_VA":304.51,"MADYPR_EXP":481.43,"PAPYPR_VA":769.86,"PAPYPR_EXP":1001.4,"PETREF_VA":1283.08,"PETREF_EXP":1521.77,"QUIMYP_VA":1535.74,"QUIMYP_EXP":3557.89,"FARMED_VA":1691.53,"FARMED_EXP":2353.5,"HUPLAS_VA":1728.43,"HUPLAS_EXP":3678.46,"PRNOMT_VA":872.15,"PRNOMT_EXP":1252.3,"METBAS_VA":278.8,"METBAS_EXP":790.85,"NONFER_VA":480.79,"NONFER_EXP":940.7,"PRMETA_VA":1712.0,"PRMETA_EXP":2423.91,"ELCTRO_VA":2163.89,"ELCTRO_EXP":9307.12,"ELCTRI_VA":1140.58,"ELCTRI_EXP":3218.2,"MAQYEQ_VA":3537.97,"MAQYEQ_EXP":6142.49,"AUTOMO_VA":5969.83,"AUTOMO_EXP":23725.42,"OTRTRA_VA":4.53,"OTRTRA_EXP":6.44,"TRANSP_VA":186.82,"TRANSP_EXP":366.32,"OTRMAN_VA":1382.9,"OTRMAN_EXP":1935.56,"ELEGAS_VA":2282.03,"ELEGAS_EXP":732.14,"AGUBAS_VA":1059.67,"AGUBAS_EXP":63.39,"CONSTR_VA":4729.81,"CONSTR_EXP":101.0,"COMREV_VA":11502.11,"COMREV_EXP":7264.94,"TRATIE_VA":3963.9,"TRATIE_EXP":2967.59,"TRAGUA_VA":81.12,"TRAGUA_EXP":47.13,"TRAAIR_VA":611.78,"TRAAIR_EXP":1100.48,"ALMSTR_VA":2381.96,"ALMSTR_EXP":2566.0,"POSTME_VA":584.86,"POSTME_EXP":122.32,"HOTYRE_VA":1944.43,"HOTYRE_EXP":1120.47,"MMTVRA_VA":1100.33,"MMTVRA_EXP":1125.73,"TELECO_VA":1672.28,"TELECO_EXP":328.1,"ITSERV_VA":2518.33,"ITSERV_EXP":1860.64,"SERFIN_VA":4072.39,"SERFIN_EXP":486.06,"GOBEST_VA":9128.94,"GOBEST_EXP":421.56,"SPRSCT_VA":6165.91,"SPRSCT_EXP":3972.93,"SEAEMP_VA":3766.9,"SEAEMP_EXP":2283.18,"ADPDEF_VA":8707.28,"ADPDEF_EXP":0.0,"EDUCAC_VA":4865.53,"EDUCAC_EXP":127.42,"SALUDH_VA":4707.23,"SALUDH_EXP":86.02,"ESPARC_VA":1406.55,"ESPARC_EXP":279.97,"OTRSER_VA":1700.44,"OTRSER_EXP":122.08,"SERHOG_VA":20.49,"SERHOG_EXP":0.0}},{"type":"Feature","geometry":{"type":"Point","coordinates":[113.92,-0.79]},"properties":{"id":"IDN","name":"Indonesia","continent":"asia","year":2015,"AGRPFO_VA":84640.97,"AGRPFO_EXP":5213.52,"FORLOG_VA":5885.94,"FORLOG_EXP":40.84,"PESCAC_VA":20650.7,"PESCAC_EXP":523.58,"MINCOL_VA":16494.25,"MINCOL_EXP":16584.91,"PETGAS_VA":27617.71,"PETGAS_EXP":16560.66,"MINORE_VA":5372.75,"MINORE_EXP":5803.23,"MINOTH_VA":9731.22,"MINOTH_EXP":116.36,"MINSER_VA":4098.92,"MINSER_EXP":250.47,"ALYBEB_VA":48712.88,"ALYBEB_EXP":23498.82,"TEXYPR_VA":11391.27,"TEXYPR_EXP":13793.06,"MADYPR_VA":5113.68,"MADYPR_EXP":3695.93,"PAPYPR_VA":5629.77,"PAPYPR_EXP":4636.07,"PETREF_VA":20667.83,"PETREF_EXP":1603.79,"QUIMYP_VA":12601.16,"QUIMYP_EXP":9114.42,"FARMED_VA":1009.49,"FARMED_EXP":520.39,"HUPLAS_VA":5729.72,"HUPLAS_EXP":5202.95,"PRNOMT_VA":5413.11,"PRNOMT_EXP":689.85,"METBAS_VA":4042.73,"METBAS_EXP":1956.89,"NONFER_VA":2894.99,"NONFER_EXP":3368.96,"PRMETA_VA":15700.95,"PRMETA_EXP":1581.97,"ELCTRO_VA":7983.06,"ELCTRO_EXP":5541.66,"ELCTRI_VA":6879.61,"ELCTRI_EXP":4139.0,"MAQYEQ_VA":2541.51,"MAQYEQ_EXP":2764.83,"AUTOMO_VA":14262.02,"AUTOMO_EXP":3316.73,"OTRTRA_VA":450.89,"OTRTRA_EXP":646.24,"TRANSP_VA":374.2,"TRANSP_EXP":1144.38,"OTRMAN_VA":3816.78,"OTRMAN_EXP":5694.91,"ELEGAS_VA":9341.19,"ELEGAS_EXP":3.07,"AGUBAS_VA":617.08,"AGUBAS_EXP":1.18,"CONSTR_VA":85462.85,"CONSTR_EXP":61.45,"COMREV_VA":140969.56,"COMREV_EXP":18387.61,"TRATIE_VA":20653.91,"TRATIE_EXP":2133.55,"TRAGUA_VA":3869.41,"TRAGUA_EXP":3807.7,"TRAAIR_VA":10325.3,"TRAAIR_EXP":2025.61,"ALMSTR_VA":5536.25,"ALMSTR_EXP":534.11,"POSTME_VA":1170.88,"POSTME_EXP":545.92,"HOTYRE_VA":24647.56,"HOTYRE_EXP":2852.37,"MMTVRA_VA":5876.92,"MMTVRA_EXP":673.17,"TELECO_VA":22427.79,"TELECO_EXP":731.83,"ITSERV_VA":2300.65,"ITSERV_EXP":385.59,"SERFIN_VA":33199.18,"SERFIN_EXP":605.37,"GOBEST_VA":21165.43,"GOBEST_EXP":796.25,"SPRSCT_VA":5560.69,"SPRSCT_EXP":2844.58,"SEAEMP_VA":4961.37,"SEAEMP_EXP":3724.88,"ADPDEF_VA":32233.13,"ADPDEF_EXP":1.88,"EDUCAC_VA":27753.64,"EDUCAC_EXP":162.14,"SALUDH_VA":8395.84,"SALUDH_EXP":108.92,"ESPARC_VA":3365.04,"ESPARC_EXP":353.1,"OTRSER_VA":16709.41,"OTRSER_EXP":146.01,"SERHOG_VA":3841.86,"SERHOG_EXP":0.0}},{"type":"Feature","geometry":{"type":"Point","coordinates":[78.96,20.59]},"properties":{"id":"IND","name":"India","continent":"asia","year":2015,"AGRPFO_VA":295412.98,"AGRPFO_EXP":4320.95,"FORLOG_VA":28520.73,"FORLOG_EXP":1797.68,"PESCAC_VA":20555.51,"PESCAC_EXP":627.06,"MINCOL_VA":10743.18,"MINCOL_EXP":145.73,"PETGAS_VA":18611.45,"PETGAS_EXP":96.2,"MINORE_VA":6333.52,"MINORE_EXP":595.98,"MINOTH_VA":1860.2,"MINOTH_EXP":978.16,"MINSER_VA":9657.25,"MINSER_EXP":203.57,"ALYBEB_VA":33133.96,"ALYBEB_EXP":21195.79,"TEXYPR_VA":48686.3,"TEXYPR_EXP":37428.71,"MADYPR_VA":5598.85,"MADYPR_EXP":2434.59,"PAPYPR_VA":9079.12,"PAPYPR_EXP":1145.1,"PETREF_VA":32444.22,"PETREF_EXP":36101.73,"QUIMYP_VA":30828.79,"QUIMYP_EXP":15282.94,"FARMED_VA":22013.52,"FARMED_EXP":10744.37,"HUPLAS_VA":13469.27,"HUPLAS_EXP":5793.11,"PRNOMT_VA":19970.27,"PRNOMT_EXP":2706.32,"METBAS_VA":17433.88,"METBAS_EXP":11362.99,"NONFER_VA":9963.57,"NONFER_EXP":6292.07,"PRMETA_VA":15384.64,"PRMETA_EXP":7200.25,"ELCTRO_VA":8346.19,"ELCTRO_EXP":8086.58,"ELCTRI_VA":13947.25,"ELCTRI_EXP":7330.67,"MAQYEQ_VA":22473.54,"MAQYEQ_EXP":11888.66,"AUTOMO_VA":33852.1,"AUTOMO_EXP":10371.7,"OTRTRA_VA":634.16,"OTRTRA_EXP":314.49,"TRANSP_VA":9465.91,"TRANSP_EXP":4149.68,"OTRMAN_VA":17783.2,"OTRMAN_EXP":23530.27,"ELEGAS_VA":45297.44,"ELEGAS_EXP":731.82,"AGUBAS_VA":8496.61,"AGUBAS_EXP":0.2,"CONSTR_VA":174647.65,"CONSTR_EXP":656.09,"COMREV_VA":204567.37,"COMREV_EXP":29190.09,"TRATIE_VA":86062.7,"TRATIE_EXP":12192.16,"TRAGUA_VA":1133.89,"TRAGUA_EXP":1111.27,"TRAAIR_VA":3242.07,"TRAAIR_EXP":4741.97,"ALMSTR_VA":15727.03,"ALMSTR_EXP":7500.41,"POSTME_VA":3914.12,"POSTME_EXP":218.72,"HOTYRE_VA":19681.11,"HOTYRE_EXP":7682.65,"MMTVRA_VA":7993.74,"MMTVRA_EXP":6672.47,"TELECO_VA":26573.24,"TELECO_EXP":1932.47,"ITSERV_VA":80584.52,"ITSERV_EXP":75625.77,"SERFIN_VA":113526.84,"SERFIN_EXP":6996.4,"GOBEST_VA":145375.6,"GOBEST_EXP":1730.78,"SPRSCT_VA":6678.18,"SPRSCT_EXP":8594.39,"SEAEMP_VA":54391.75,"SEAEMP_EXP":13391.62,"ADPDEF_VA":113179.52,"ADPDEF_EXP":7.52,"EDUCAC_VA":72373.58,"EDUCAC_EXP":447.6,"SALUDH_VA":31108.89,"SALUDH_EXP":306.95,"ESPARC_VA":5227.74,"ESPARC_EXP":784.85,"OTRSER_VA":26051.74,"OTRSER_EXP":394.73,"SERHOG_VA":3637.21,"SERHOG_EXP":0.0}},{"type":"Feature","geometry":{"type":"Point","coordinates":[-7.69,53.14]},"properties":{"id":"IRL","name":"Irlanda","continent":"europe","year":2015,"AGRPFO_VA":2422.0,"AGRPFO_EXP":803.49,"FORLOG_VA":20.9,"FORLOG_EXP":42.08,"PESCAC_VA":179.88,"PESCAC_EXP":297.5,"MINCOL_VA":4.65,"MINCOL_EXP":14.4,"PETGAS_VA":15.73,"PETGAS_EXP":36.51,"MINORE_VA":199.64,"MINORE_EXP":236.36,"MINOTH_VA":212.93,"MINOTH_EXP":74.1,"MINSER_VA":8.68,"MINSER_EXP":11.76,"ALYBEB_VA":9720.43,"ALYBEB_EXP":20636.79,"TEXYPR_VA":183.46,"TEXYPR_EXP":257.46,"MADYPR_VA":242.42,"MADYPR_EXP":722.46,"PAPYPR_VA":641.79,"PAPYPR_EXP":714.65,"PETREF_VA":250.98,"PETREF_EXP":508.85,"QUIMYP_VA":18510.57,"QUIMYP_EXP":19186.85,"FARMED_VA":54547.94,"FARMED_EXP":81062.04,"HUPLAS_VA":648.56,"HUPLAS_EXP":1196.95,"PRNOMT_VA":654.52,"PRNOMT_EXP":440.53,"METBAS_VA":127.96,"METBAS_EXP":297.88,"NONFER_VA":168.89,"NONFER_EXP":456.92,"PRMETA_VA":897.9,"PRMETA_EXP":1546.0,"ELCTRO_VA":6100.77,"ELCTRO_EXP":22681.88,"ELCTRI_VA":433.39,"ELCTRI_EXP":888.86,"MAQYEQ_VA":1269.86,"MAQYEQ_EXP":2303.55,"AUTOMO_VA":240.45,"AUTOMO_EXP":456.23,"OTRTRA_VA":39.77,"OTRTRA_EXP":0.12,"TRANSP_VA":75.68,"TRANSP_EXP":66.71,"OTRMAN_VA":8129.14,"OTRMAN_EXP":15470.7,"ELEGAS_VA":3135.76,"ELEGAS_EXP":78.99,"AGUBAS_VA":1105.63,"AGUBAS_EXP":1.05,"CONSTR_VA":5986.21,"CONSTR_EXP":0.16,"COMREV_VA":22130.66,"COMREV_EXP":14475.21,"TRATIE_VA":2601.64,"TRATIE_EXP":2025.61,"TRAGUA_VA":96.05,"TRAGUA_EXP":178.47,"TRAAIR_VA":2249.01,"TRAAIR_EXP":4841.22,"ALMSTR_VA":1612.11,"ALMSTR_EXP":1504.35,"POSTME_VA":833.97,"POSTME_EXP":258.12,"HOTYRE_VA":4832.13,"HOTYRE_EXP":1885.94,"MMTVRA_VA":13197.18,"MMTVRA_EXP":11863.16,"TELECO_VA":1996.91,"TELECO_EXP":1373.47,"ITSERV_VA":10768.79,"ITSERV_EXP":53315.46,"SERFIN_VA":18248.65,"SERFIN_EXP":27127.5,"GOBEST_VA":15625.23,"GOBEST_EXP":1780.46,"SPRSCT_VA":11348.35,"SPRSCT_EXP":7099.91,"SEAEMP_VA":19506.29,"SEAEMP_EXP":17564.23,"ADPDEF_VA":8715.96,"ADPDEF_EXP":0.05,"EDUCAC_VA":8927.58,"EDUCAC_EXP":326.11,"SALUDH_VA":13903.62,"SALUDH_EXP":54.6,"ESPARC_VA":2209.52,"ESPARC_EXP":428.98,"OTRSER_VA":1596.53,"OTRSER_EXP":60.71,"SERHOG_VA":63.21,"SERHOG_EXP":0.0}},{"type":"Feature","geometry":{"type":"Point","coordinates":[-19.02,64.96]},"properties":{"id":"ISL","name":"Islandia","continent":"europe","year":2015,"AGRPFO_VA":178.97,"AGRPFO_EXP":31.19,"FORLOG_VA":0.85,"FORLOG_EXP":0.12,"PESCAC_VA":759.23,"PESCAC_EXP":539.54,"MINCOL_VA":0.03,"MINCOL_EXP":0.0,"PETGAS_VA":0.53,"PETGAS_EXP":0.08,"MINORE_VA":0.0,"MINORE_EXP":0.0,"MINOTH_VA":17.08,"MINOTH_EXP":6.06,"MINSER_VA":0.05,"MINSER_EXP":0.01,"ALYBEB_VA":903.57,"ALYBEB_EXP":1610.99,"TEXYPR_VA":24.93,"TEXYPR_EXP":29.19,"MADYPR_VA":10.87,"MADYPR_EXP":0.54,"PAPYPR_VA":54.14,"PAPYPR_EXP":6.66,"PETREF_VA":-0.07,"PETREF_EXP":0.04,"QUIMYP_VA":27.82,"QUIMYP_EXP":28.84,"FARMED_VA":32.59,"FARMED_EXP":5.84,"HUPLAS_VA":29.14,"HUPLAS_EXP":17.59,"PRNOMT_VA":60.74,"PRNOMT_EXP":3.4,"METBAS_VA":50.06,"METBAS_EXP":36.69,"NONFER_VA":382.2,"NONFER_EXP":1410.88,"PRMETA_VA":110.56,"PRMETA_EXP":6.59,"ELCTRO_VA":8.38,"ELCTRO_EXP":3.77,"ELCTRI_VA":19.3,"ELCTRI_EXP":16.96,"MAQYEQ_VA":99.56,"MAQYEQ_EXP":91.45,"AUTOMO_VA":4.7,"AUTOMO_EXP":1.4,"OTRTRA_VA":2.0,"OTRTRA_EXP":5.35,"TRANSP_VA":13.55,"TRANSP_EXP":3.11,"OTRMAN_VA":226.12,"OTRMAN_EXP":33.47,"ELEGAS_VA":596.96,"ELEGAS_EXP":0.14,"AGUBAS_VA":150.38,"AGUBAS_EXP":0.25,"CONSTR_VA":902.94,"CONSTR_EXP":0.28,"COMREV_VA":1454.0,"COMREV_EXP":535.65,"TRATIE_VA":189.16,"TRATIE_EXP":94.69,"TRAGUA_VA":109.86,"TRAGUA_EXP":259.15,"TRAAIR_VA":465.73,"TRAAIR_EXP":1630.38,"ALMSTR_VA":275.84,"ALMSTR_EXP":248.85,"POSTME_VA":47.86,"POSTME_EXP":6.39,"HOTYRE_VA":530.77,"HOTYRE_EXP":521.22,"MMTVRA_VA":114.93,"MMTVRA_EXP":76.22,"TELECO_VA":205.22,"TELECO_EXP":34.81,"ITSERV_VA":414.89,"ITSERV_EXP":196.15,"SERFIN_VA":1025.73,"SERFIN_EXP":148.66,"GOBEST_VA":1747.28,"GOBEST_EXP":1.84,"SPRSCT_VA":715.89,"SPRSCT_EXP":275.42,"SEAEMP_VA":607.78,"SEAEMP_EXP":320.7,"ADPDEF_VA":862.24,"ADPDEF_EXP":0.73,"EDUCAC_VA":982.36,"EDUCAC_EXP":1.88,"SALUDH_VA":1446.13,"SALUDH_EXP":3.28,"ESPARC_VA":219.09,"ESPARC_EXP":201.14,"OTRSER_VA":225.78,"OTRSER_EXP":47.04,"SERHOG_VA":9.43,"SERHOG_EXP":0.0}},{"type":"Feature","geometry":{"type":"Point","coordinates":[34.85,31.05]},"properties":{"id":"ISR","name":"Israel","continent":"other","year":2015,"AGRPFO_VA":4106.34,"AGRPFO_EXP":1637.82,"FORLOG_VA":22.6,"FORLOG_EXP":0.56,"PESCAC_VA":56.17,"PESCAC_EXP":18.5,"MINCOL_VA":0.0,"MINCOL_EXP":0.0,"PETGAS_VA":363.08,"PETGAS_EXP":387.56,"MINORE_VA":0.0,"MINORE_EXP":0.0,"MINOTH_VA":1485.35,"MINOTH_EXP":2326.45,"MINSER_VA":143.06,"MINSER_EXP":88.83,"ALYBEB_VA":3343.3,"ALYBEB_EXP":808.57,"TEXYPR_VA":678.27,"TEXYPR_EXP":647.88,"MADYPR_VA":182.39,"MADYPR_EXP":43.7,"PAPYPR_VA":1024.82,"PAPYPR_EXP":379.03,"PETREF_VA":3185.11,"PETREF_EXP":4762.12,"QUIMYP_VA":5333.35,"QUIMYP_EXP":5328.61,"FARMED_VA":4310.32,"FARMED_EXP":4835.12,"HUPLAS_VA":1570.39,"HUPLAS_EXP":1711.36,"PRNOMT_VA":1076.67,"PRNOMT_EXP":424.41,"METBAS_VA":334.76,"METBAS_EXP":311.96,"NONFER_VA":139.66,"NONFER_EXP":214.09,"PRMETA_VA":2812.01,"PRMETA_EXP":1687.61,"ELCTRO_VA":8986.41,"ELCTRO_EXP":9546.11,"ELCTRI_VA":537.65,"ELCTRI_EXP":647.01,"MAQYEQ_VA":1608.64,"MAQYEQ_EXP":2453.59,"AUTOMO_VA":332.67,"AUTOMO_EXP":157.04,"OTRTRA_VA":18.21,"OTRTRA_EXP":34.76,"TRANSP_VA":1452.45,"TRANSP_EXP":2236.89,"OTRMAN_VA":1791.51,"OTRMAN_EXP":2958.06,"ELEGAS_VA":1861.55,"ELEGAS_EXP":0.13,"AGUBAS_VA":2475.54,"AGUBAS_EXP":34.13,"CONSTR_VA":15382.08,"CONSTR_EXP":12.65,"COMREV_VA":24510.72,"COMREV_EXP":8053.38,"TRATIE_VA":6130.34,"TRATIE_EXP":1271.75,"TRAGUA_VA":1174.44,"TRAGUA_EXP":1248.34,"TRAAIR_VA":3483.93,"TRAAIR_EXP":2746.9,"ALMSTR_VA":1024.14,"ALMSTR_EXP":1446.36,"POSTME_VA":525.1,"POSTME_EXP":97.88,"HOTYRE_VA":6084.58,"HOTYRE_EXP":1655.79,"MMTVRA_VA":1368.67,"MMTVRA_EXP":1218.26,"TELECO_VA":4384.31,"TELECO_EXP":898.45,"ITSERV_VA":14400.84,"ITSERV_EXP":12085.27,"SERFIN_VA":14579.38,"SERFIN_EXP":1730.99,"GOBEST_VA":44525.57,"GOBEST_EXP":1324.08,"SPRSCT_VA":19051.88,"SPRSCT_EXP":8494.91,"SEAEMP_VA":9766.67,"SEAEMP_EXP":950.74,"ADPDEF_VA":20860.12,"ADPDEF_EXP":81.17,"EDUCAC_VA":17049.57,"EDUCAC_EXP":32.35,"SALUDH_VA":16334.07,"SALUDH_EXP":149.76,"ESPARC_VA":4648.41,"ESPARC_EXP":469.74,"OTRSER_VA":3668.39,"OTRSER_EXP":105.4,"SERHOG_VA":710.24,"SERHOG_EXP":0.0}},{"type":"Feature","geometry":{"type":"Point","coordinates":[12.57,41.87]},"properties":{"id":"ITA","name":"Italia","continent":"europe","year":2015,"AGRPFO_VA":36706.8,"AGRPFO_EXP":6483.99,"FORLOG_VA":2013.71,"FORLOG_EXP":120.46,"PESCAC_VA":1216.51,"PESCAC_EXP":238.11,"MINCOL_VA":45.55,"MINCOL_EXP":9.3,"PETGAS_VA":3192.26,"PETGAS_EXP":914.28,"MINORE_VA":0.79,"MINORE_EXP":0.46,"MINOTH_VA":1344.31,"MINOTH_EXP":549.92,"MINSER_VA":577.36,"MINSER_EXP":167.54,"ALYBEB_VA":31987.51,"ALYBEB_EXP":25707.9,"TEXYPR_VA":28373.73,"TEXYPR_EXP":31807.76,"MADYPR_VA":5507.62,"MADYPR_EXP":2362.09,"PAPYPR_VA":11026.63,"PAPYPR_EXP":6338.51,"PETREF_VA":4089.28,"PETREF_EXP":10938.26,"QUIMYP_VA":12887.92,"QUIMYP_EXP":23164.32,"FARMED_VA":10454.73,"FARMED_EXP":13627.03,"HUPLAS_VA":14346.27,"HUPLAS_EXP":13349.47,"PRNOMT_VA":11194.0,"PRNOMT_EXP":8853.61,"METBAS_VA":6363.65,"METBAS_EXP":14322.33,"NONFER_VA":3315.63,"NONFER_EXP":8226.84,"PRMETA_VA":32890.39,"PRMETA_EXP":18789.19,"ELCTRO_VA":9647.11,"ELCTRO_EXP":10793.76,"ELCTRI_VA":12619.52,"ELCTRI_EXP":20070.1,"MAQYEQ_VA":40780.4,"MAQYEQ_EXP":65700.25,"AUTOMO_VA":14841.0,"AUTOMO_EXP":31614.52,"OTRTRA_VA":1511.15,"OTRTRA_EXP":3067.26,"TRANSP_VA":5886.28,"TRANSP_EXP":6930.89,"OTRMAN_VA":25060.9,"OTRMAN_EXP":19495.66,"ELEGAS_VA":25131.57,"ELEGAS_EXP":368.7,"AGUBAS_VA":17200.88,"AGUBAS_EXP":266.27,"CONSTR_VA":76325.12,"CONSTR_EXP":1311.14,"COMREV_VA":198289.56,"COMREV_EXP":76024.57,"TRATIE_VA":53189.06,"TRATIE_EXP":10279.65,"TRAGUA_VA":4572.8,"TRAGUA_EXP":4231.93,"TRAAIR_VA":1155.56,"TRAAIR_EXP":4424.34,"ALMSTR_VA":33285.41,"ALMSTR_EXP":9096.99,"POSTME_VA":4107.98,"POSTME_EXP":842.79,"HOTYRE_VA":62292.35,"HOTYRE_EXP":14583.62,"MMTVRA_VA":9603.22,"MMTVRA_EXP":2480.59,"TELECO_VA":20034.03,"TELECO_EXP":5467.89,"ITSERV_VA":32354.64,"ITSERV_EXP":4566.09,"SERFIN_VA":94463.91,"SERFIN_EXP":7462.16,"GOBEST_VA":229528.05,"GOBEST_EXP":3504.19,"SPRSCT_VA":109095.09,"SPRSCT_EXP":10807.69,"SEAEMP_VA":53992.04,"SEAEMP_EXP":9541.06,"ADPDEF_VA":113279.32,"ADPDEF_EXP":674.75,"EDUCAC_VA":69741.07,"EDUCAC_EXP":923.44,"SALUDH_VA":103506.54,"SALUDH_EXP":1014.28,"ESPARC_VA":19279.26,"ESPARC_EXP":2497.55,"OTRSER_VA":30393.87,"OTRSER_EXP":1226.29,"SERHOG_VA":20903.12,"SERHOG_EXP":0.0}},{"type":"Feature","geometry":{"type":"Point","coordinates":[36.24,30.59]},"properties":{"id":"JOR","name":"Jordania","continent":"other","year":2015,"AGRPFO_VA":1304.19,"AGRPFO_EXP":1095.52,"FORLOG_VA":79.73,"FORLOG_EXP":0.36,"PESCAC_VA":2.7,"PESCAC_EXP":0.21,"MINCOL_VA":151.15,"MINCOL_EXP":0.1,"PETGAS_VA":266.93,"PETGAS_EXP":1.55,"MINORE_VA":121.59,"MINORE_EXP":0.38,"MINOTH_VA":215.56,"MINOTH_EXP":304.28,"MINSER_VA":121.28,"MINSER_EXP":3.44,"ALYBEB_VA":1791.11,"ALYBEB_EXP":715.06,"TEXYPR_VA":824.91,"TEXYPR_EXP":958.92,"MADYPR_VA":62.41,"MADYPR_EXP":23.6,"PAPYPR_VA":290.06,"PAPYPR_EXP":250.25,"PETREF_VA":357.55,"PETREF_EXP":29.08,"QUIMYP_VA":608.57,"QUIMYP_EXP":1191.42,"FARMED_VA":575.19,"FARMED_EXP":660.24,"HUPLAS_VA":222.46,"HUPLAS_EXP":203.94,"PRNOMT_VA":626.9,"PRNOMT_EXP":113.41,"METBAS_VA":121.28,"METBAS_EXP":110.72,"NONFER_VA":128.53,"NONFER_EXP":35.24,"PRMETA_VA":403.3,"PRMETA_EXP":155.86,"ELCTRO_VA":45.85,"ELCTRO_EXP":17.72,"ELCTRI_VA":141.64,"ELCTRI_EXP":111.67,"MAQYEQ_VA":146.19,"MAQYEQ_EXP":114.92,"AUTOMO_VA":72.34,"AUTOMO_EXP":96.12,"OTRTRA_VA":8.26,"OTRTRA_EXP":0.38,"TRANSP_VA":15.96,"TRANSP_EXP":3.23,"OTRMAN_VA":131.09,"OTRMAN_EXP":116.45,"ELEGAS_VA":500.41,"ELEGAS_EXP":18.55,"AGUBAS_VA":324.87,"AGUBAS_EXP":0.73,"CONSTR_VA":1307.2,"CONSTR_EXP":6.49,"COMREV_VA":3404.49,"COMREV_EXP":912.84,"TRATIE_VA":1551.66,"TRATIE_EXP":799.43,"TRAGUA_VA":90.4,"TRAGUA_EXP":77.62,"TRAAIR_VA":248.85,"TRAAIR_EXP":980.61,"ALMSTR_VA":584.27,"ALMSTR_EXP":282.06,"POSTME_VA":18.72,"POSTME_EXP":23.09,"HOTYRE_VA":597.5,"HOTYRE_EXP":693.31,"MMTVRA_VA":163.87,"MMTVRA_EXP":102.93,"TELECO_VA":986.54,"TELECO_EXP":72.34,"ITSERV_VA":251.39,"ITSERV_EXP":57.02,"SERFIN_VA":2621.1,"SERFIN_EXP":409.25,"GOBEST_VA":4143.17,"GOBEST_EXP":31.64,"SPRSCT_VA":349.12,"SPRSCT_EXP":53.87,"SEAEMP_VA":314.37,"SEAEMP_EXP":244.82,"ADPDEF_VA":3840.36,"ADPDEF_EXP":2.59,"EDUCAC_VA":2920.86,"EDUCAC_EXP":559.96,"SALUDH_VA":1205.64,"SALUDH_EXP":465.53,"ESPARC_VA":108.8,"ESPARC_EXP":212.62,"OTRSER_VA":291.7,"OTRSER_EXP":32.25,"SERHOG_VA":616.22,"SERHOG_EXP":0.0}},{"type":"Feature","geometry":{"type":"Point","coordinates":[138.25,36.2]},"properties":{"id":"JPN","name":"Japón","continent":"asia","year":2015,"AGRPFO_VA":35730.5,"AGRPFO_EXP":320.79,"FORLOG_VA":1921.41,"FORLOG_EXP":74.93,"PESCAC_VA":6589.51,"PESCAC_EXP":386.53,"MINCOL_VA":438.59,"MINCOL_EXP":0.62,"PETGAS_VA":468.07,"PETGAS_EXP":34.98,"MINORE_VA":1645.1,"MINORE_EXP":128.89,"MINOTH_VA":818.97,"MINOTH_EXP":294.32,"MINSER_VA":821.33,"MINSER_EXP":285.58,"ALYBEB_VA":108053.24,"ALYBEB_EXP":4410.99,"TEXYPR_VA":13907.54,"TEXYPR_EXP":6026.29,"MADYPR_VA":8346.62,"MADYPR_EXP":239.96,"PAPYPR_VA":41330.29,"PAPYPR_EXP":3748.48,"PETREF_VA":41522.55,"PETREF_EXP":8107.5,"QUIMYP_VA":54875.06,"QUIMYP_EXP":34666.94,"FARMED_VA":33961.93,"FARMED_EXP":2529.14,"HUPLAS_VA":41483.4,"HUPLAS_EXP":16787.61,"PRNOMT_VA":24481.63,"PRNOMT_EXP":6053.27,"METBAS_VA":59984.49,"METBAS_EXP":26387.59,"NONFER_VA":18772.95,"NONFER_EXP":18777.34,"PRMETA_VA":40682.6,"PRMETA_EXP":4559.11,"ELCTRO_VA":71928.49,"ELCTRO_EXP":72699.86,"ELCTRI_VA":53386.01,"ELCTRI_EXP":34085.93,"MAQYEQ_VA":124840.4,"MAQYEQ_EXP":84018.27,"AUTOMO_VA":108006.31,"AUTOMO_EXP":146449.3,"OTRTRA_VA":7973.12,"OTRTRA_EXP":11707.67,"TRANSP_VA":11608.47,"TRANSP_EXP":11124.37,"OTRMAN_VA":110474.98,"OTRMAN_EXP":7606.94,"ELEGAS_VA":56498.21,"ELEGAS_EXP":29.73,"AGUBAS_VA":64427.83,"AGUBAS_EXP":54.15,"CONSTR_VA":225212.71,"CONSTR_EXP":81.37,"COMREV_VA":551184.76,"COMREV_EXP":92541.22,"TRATIE_VA":138873.11,"TRATIE_EXP":17559.21,"TRAGUA_VA":11038.38,"TRAGUA_EXP":8995.72,"TRAAIR_VA":5148.13,"TRAAIR_EXP":3132.37,"ALMSTR_VA":58079.98,"ALMSTR_EXP":7215.25,"POSTME_VA":8879.89,"POSTME_EXP":538.49,"HOTYRE_VA":106368.07,"HOTYRE_EXP":10110.26,"MMTVRA_VA":41085.63,"MMTVRA_EXP":6908.33,"TELECO_VA":85312.21,"TELECO_EXP":1083.29,"ITSERV_VA":104847.57,"ITSERV_EXP":4751.43,"SERFIN_VA":189531.22,"SERFIN_EXP":21465.22,"GOBEST_VA":493033.09,"GOBEST_EXP":1599.61,"SPRSCT_VA":189942.05,"SPRSCT_EXP":14845.79,"SEAEMP_VA":130521.35,"SEAEMP_EXP":58981.11,"ADPDEF_VA":204629.69,"ADPDEF_EXP":46.65,"EDUCAC_VA":144253.02,"EDUCAC_EXP":172.38,"SALUDH_VA":310009.74,"SALUDH_EXP":164.32,"ESPARC_VA":47046.18,"ESPARC_EXP":613.39,"OTRSER_VA":69078.22,"OTRSER_EXP":39.98,"SERHOG_VA":0.0,"SERHOG_EXP":0.0}},{"type":"Feature","geometry":{"type":"Point","coordinates":[66.92,48.02]},"properties":{"id":"KAZ","name":"Kazajistán","continent":"asia","year":2015,"AGRPFO_VA":8431.92,"AGRPFO_EXP":802.79,"FORLOG_VA":73.14,"FORLOG_EXP":0.58,"PESCAC_VA":253.45,"PESCAC_EXP":1.99,"MINCOL_VA":921.23,"MINCOL_EXP":453.49,"PETGAS_VA":16532.29,"PETGAS_EXP":17330.74,"MINORE_VA":4262.34,"MINORE_EXP":1318.99,"MINOTH_VA":439.76,"MINOTH_EXP":389.31,"MINSER_VA":1550.25,"MINSER_EXP":11.68,"ALYBEB_VA":4853.8,"ALYBEB_EXP":886.49,"TEXYPR_VA":224.37,"TEXYPR_EXP":84.92,"MADYPR_VA":64.29,"MADYPR_EXP":3.94,"PAPYPR_VA":253.45,"PAPYPR_EXP":29.04,"PETREF_VA":1709.19,"PETREF_EXP":1373.63,"QUIMYP_VA":746.43,"QUIMYP_EXP":717.73,"FARMED_VA":366.42,"FARMED_EXP":31.99,"HUPLAS_VA":421.02,"HUPLAS_EXP":48.09,"PRNOMT_VA":1314.07,"PRNOMT_EXP":38.15,"METBAS_VA":2367.14,"METBAS_EXP":2864.07,"NONFER_VA":4786.73,"NONFER_EXP":3095.7,"PRMETA_VA":467.9,"PRMETA_EXP":117.57,"ELCTRO_VA":68.02,"ELCTRO_EXP":142.58,"ELCTRI_VA":190.27,"ELCTRI_EXP":61.18,"MAQYEQ_VA":208.71,"MAQYEQ_EXP":169.51,"AUTOMO_VA":187.06,"AUTOMO_EXP":25.89,"OTRTRA_VA":47.9,"OTRTRA_EXP":63.56,"TRANSP_VA":84.49,"TRANSP_EXP":72.58,"OTRMAN_VA":1011.68,"OTRMAN_EXP":217.38,"ELEGAS_VA":3157.2,"ELEGAS_EXP":188.27,"AGUBAS_VA":468.22,"AGUBAS_EXP":0.39,"CONSTR_VA":11342.73,"CONSTR_EXP":54.66,"COMREV_VA":31949.13,"COMREV_EXP":12044.51,"TRATIE_VA":13181.6,"TRATIE_EXP":4312.38,"TRAGUA_VA":133.81,"TRAGUA_EXP":99.97,"TRAAIR_VA":628.39,"TRAAIR_EXP":371.56,"ALMSTR_VA":3219.46,"ALMSTR_EXP":643.64,"POSTME_VA":216.9,"POSTME_EXP":24.76,"HOTYRE_VA":1915.04,"HOTYRE_EXP":598.83,"MMTVRA_VA":584.33,"MMTVRA_EXP":111.78,"TELECO_VA":3742.73,"TELECO_EXP":240.13,"ITSERV_VA":1516.88,"ITSERV_EXP":36.97,"SERFIN_VA":6524.53,"SERFIN_EXP":357.19,"GOBEST_VA":18158.55,"GOBEST_EXP":153.39,"SPRSCT_VA":8478.97,"SPRSCT_EXP":629.56,"SEAEMP_VA":3855.59,"SEAEMP_EXP":407.5,"ADPDEF_VA":3738.5,"ADPDEF_EXP":0.25,"EDUCAC_VA":5459.14,"EDUCAC_EXP":15.64,"SALUDH_VA":3394.48,"SALUDH_EXP":27.57,"ESPARC_VA":758.38,"ESPARC_EXP":48.1,"OTRSER_VA":3456.72,"OTRSER_EXP":27.51,"SERHOG_VA":139.78,"SERHOG_EXP":0.0}},{"type":"Feature","geometry":{"type":"Point","coordinates":[104.99,12.57]},"properties":{"id":"KHM","name":"Camboya","continent":"asia","year":2015,"AGRPFO_VA":3243.77,"AGRPFO_EXP":2513.61,"FORLOG_VA":315.61,"FORLOG_EXP":0.26,"PESCAC_VA":1017.35,"PESCAC_EXP":172.98,"MINCOL_VA":0.0,"MINCOL_EXP":0.0,"PETGAS_VA":0.0,"PETGAS_EXP":0.0,"MINORE_VA":44.8,"MINORE_EXP":2.51,"MINOTH_VA":65.46,"MINOTH_EXP":96.39,"MINSER_VA":30.84,"MINSER_EXP":2.2,"ALYBEB_VA":411.04,"ALYBEB_EXP":453.18,"TEXYPR_VA":2150.88,"TEXYPR_EXP":3813.86,"MADYPR_VA":23.32,"MADYPR_EXP":37.62,"PAPYPR_VA":47.58,"PAPYPR_EXP":90.23,"PETREF_VA":6.19,"PETREF_EXP":35.11,"QUIMYP_VA":43.56,"QUIMYP_EXP":10.4,"FARMED_VA":25.63,"FARMED_EXP":5.61,"HUPLAS_VA":82.68,"HUPLAS_EXP":64.78,"PRNOMT_VA":89.74,"PRNOMT_EXP":1.52,"METBAS_VA":1059.78,"METBAS_EXP":12.02,"NONFER_VA":22.63,"NONFER_EXP":11.49,"PRMETA_VA":84.48,"PRMETA_EXP":14.19,"ELCTRO_VA":0.13,"ELCTRO_EXP":0.06,"ELCTRI_VA":0.12,"ELCTRI_EXP":0.04,"MAQYEQ_VA":3.28,"MAQYEQ_EXP":1.68,"AUTOMO_VA":22.44,"AUTOMO_EXP":21.56,"OTRTRA_VA":3.85,"OTRTRA_EXP":5.29,"TRANSP_VA":6.91,"TRANSP_EXP":9.12,"OTRMAN_VA":84.75,"OTRMAN_EXP":29.03,"ELEGAS_VA":57.92,"ELEGAS_EXP":1.12,"AGUBAS_VA":56.16,"AGUBAS_EXP":0.37,"CONSTR_VA":1674.19,"CONSTR_EXP":2.37,"COMREV_VA":1703.34,"COMREV_EXP":684.85,"TRATIE_VA":479.59,"TRATIE_EXP":362.69,"TRAGUA_VA":82.8,"TRAGUA_EXP":96.19,"TRAAIR_VA":70.7,"TRAAIR_EXP":128.3,"ALMSTR_VA":263.87,"ALMSTR_EXP":254.39,"POSTME_VA":81.45,"POSTME_EXP":65.65,"HOTYRE_VA":811.43,"HOTYRE_EXP":630.86,"MMTVRA_VA":87.55,"MMTVRA_EXP":79.2,"TELECO_VA":299.36,"TELECO_EXP":190.39,"ITSERV_VA":74.35,"ITSERV_EXP":17.46,"SERFIN_VA":409.32,"SERFIN_EXP":68.25,"GOBEST_VA":1075.44,"GOBEST_EXP":181.7,"SPRSCT_VA":177.96,"SPRSCT_EXP":47.97,"SEAEMP_VA":142.85,"SEAEMP_EXP":59.83,"ADPDEF_VA":244.16,"ADPDEF_EXP":0.75,"EDUCAC_VA":254.95,"EDUCAC_EXP":50.23,"SALUDH_VA":436.4,"SALUDH_EXP":33.57,"ESPARC_VA":135.83,"ESPARC_EXP":101.41,"OTRSER_VA":244.84,"OTRSER_EXP":45.72,"SERHOG_VA":0.0,"SERHOG_EXP":0.0}},{"type":"Feature","geometry":{"type":"Point","coordinates":[127.77,35.91]},"properties":{"id":"KOR","name":"Corea del Sur","continent":"asia","year":2015,"AGRPFO_VA":23333.96,"AGRPFO_EXP":496.11,"FORLOG_VA":2040.82,"FORLOG_EXP":16.93,"PESCAC_VA":2620.81,"PESCAC_EXP":183.42,"MINCOL_VA":151.38,"MINCOL_EXP":8.68,"PETGAS_VA":58.41,"PETGAS_EXP":1.84,"MINORE_VA":41.91,"MINORE_EXP":28.74,"MINOTH_VA":1457.94,"MINOTH_EXP":274.52,"MINSER_VA":12.05,"MINSER_EXP":11.29,"ALYBEB_VA":17812.2,"ALYBEB_EXP":6098.6,"TEXYPR_VA":16618.2,"TEXYPR_EXP":12164.69,"MADYPR_VA":2096.62,"MADYPR_EXP":126.44,"PAPYPR_VA":10264.36,"PAPYPR_EXP":2983.17,"PETREF_VA":13031.85,"PETREF_EXP":32663.73,"QUIMYP_VA":37507.26,"QUIMYP_EXP":50306.43,"FARMED_VA":8114.75,"FARMED_EXP":1955.48,"HUPLAS_VA":23557.97,"HUPLAS_EXP":14249.79,"PRNOMT_VA":10830.23,"PRNOMT_EXP":2281.36,"METBAS_VA":21074.72,"METBAS_EXP":21042.61,"NONFER_VA":6020.15,"NONFER_EXP":11380.64,"PRMETA_VA":30176.43,"PRMETA_EXP":10176.44,"ELCTRO_VA":99247.77,"ELCTRO_EXP":144566.71,"ELCTRI_VA":22967.36,"ELCTRI_EXP":30066.9,"MAQYEQ_VA":34701.32,"MAQYEQ_EXP":36691.19,"AUTOMO_VA":42854.68,"AUTOMO_EXP":69568.84,"OTRTRA_VA":11758.51,"OTRTRA_EXP":36212.75,"TRANSP_VA":2506.56,"TRANSP_EXP":2836.68,"OTRMAN_VA":9297.61,"OTRMAN_EXP":3754.66,"ELEGAS_VA":28642.26,"ELEGAS_EXP":22.77,"AGUBAS_VA":7882.77,"AGUBAS_EXP":13.1,"CONSTR_VA":69571.98,"CONSTR_EXP":0.33,"COMREV_VA":133278.65,"COMREV_EXP":46920.73,"TRATIE_VA":17076.91,"TRATIE_EXP":1686.88,"TRAGUA_VA":8601.43,"TRAGUA_EXP":13608.42,"TRAAIR_VA":14484.83,"TRAAIR_EXP":9839.49,"ALMSTR_VA":13945.63,"ALMSTR_EXP":3077.38,"POSTME_VA":3784.21,"POSTME_EXP":84.71,"HOTYRE_VA":36871.4,"HOTYRE_EXP":4721.15,"MMTVRA_VA":18628.91,"MMTVRA_EXP":2377.41,"TELECO_VA":17252.55,"TELECO_EXP":973.78,"ITSERV_VA":24723.73,"ITSERV_EXP":4247.06,"SERFIN_VA":75767.19,"SERFIN_EXP":3630.14,"GOBEST_VA":109670.71,"GOBEST_EXP":862.21,"SPRSCT_VA":79992.73,"SPRSCT_EXP":18184.89,"SEAEMP_VA":44658.8,"SEAEMP_EXP":8989.25,"ADPDEF_VA":81261.65,"ADPDEF_EXP":42.21,"EDUCAC_VA":67229.07,"EDUCAC_EXP":379.36,"SALUDH_VA":56852.37,"SALUDH_EXP":190.16,"ESPARC_VA":14267.75,"ESPARC_EXP":1624.17,"OTRSER_VA":18265.12,"OTRSER_EXP":281.8,"SERHOG_VA":1828.49,"SERHOG_EXP":0.0}},{"type":"Feature","geometry":{"type":"Point","coordinates":[102.5,19.86]},"properties":{"id":"LAO","name":"Laos","continent":"asia","year":2015,"AGRPFO_VA":1988.61,"AGRPFO_EXP":317.19,"FORLOG_VA":182.66,"FORLOG_EXP":34.83,"PESCAC_VA":334.45,"PESCAC_EXP":0.8,"MINCOL_VA":167.03,"MINCOL_EXP":0.8,"PETGAS_VA":155.97,"PETGAS_EXP":0.1,"MINORE_VA":659.02,"MINORE_EXP":471.5,"MINOTH_VA":346.91,"MINOTH_EXP":29.04,"MINSER_VA":125.47,"MINSER_EXP":0.12,"ALYBEB_VA":396.8,"ALYBEB_EXP":344.15,"TEXYPR_VA":162.94,"TEXYPR_EXP":212.6,"MADYPR_VA":115.89,"MADYPR_EXP":99.65,"PAPYPR_VA":2.46,"PAPYPR_EXP":4.4,"PETREF_VA":49.64,"PETREF_EXP":0.28,"QUIMYP_VA":23.91,"QUIMYP_EXP":58.84,"FARMED_VA":14.21,"FARMED_EXP":3.89,"HUPLAS_VA":8.01,"HUPLAS_EXP":9.04,"PRNOMT_VA":103.01,"PRNOMT_EXP":32.58,"METBAS_VA":1.66,"METBAS_EXP":0.37,"NONFER_VA":2.96,"NONFER_EXP":2.11,"PRMETA_VA":41.4,"PRMETA_EXP":4.32,"ELCTRO_VA":3.78,"ELCTRO_EXP":6.16,"ELCTRI_VA":3.22,"ELCTRI_EXP":5.05,"MAQYEQ_VA":0.18,"MAQYEQ_EXP":0.08,"AUTOMO_VA":0.96,"AUTOMO_EXP":1.24,"OTRTRA_VA":0.47,"OTRTRA_EXP":0.15,"TRANSP_VA":0.5,"TRANSP_EXP":0.09,"OTRMAN_VA":82.2,"OTRMAN_EXP":80.55,"ELEGAS_VA":955.68,"ELEGAS_EXP":988.77,"AGUBAS_VA":248.74,"AGUBAS_EXP":0.31,"CONSTR_VA":848.91,"CONSTR_EXP":0.39,"COMREV_VA":1362.83,"COMREV_EXP":262.29,"TRATIE_VA":206.11,"TRATIE_EXP":65.82,"TRAGUA_VA":13.68,"TRAGUA_EXP":10.08,"TRAAIR_VA":23.42,"TRAAIR_EXP":37.89,"ALMSTR_VA":36.01,"ALMSTR_EXP":1.74,"POSTME_VA":42.41,"POSTME_EXP":2.45,"HOTYRE_VA":347.77,"HOTYRE_EXP":257.67,"MMTVRA_VA":29.38,"MMTVRA_EXP":4.47,"TELECO_VA":176.48,"TELECO_EXP":17.66,"ITSERV_VA":31.68,"ITSERV_EXP":5.2,"SERFIN_VA":451.41,"SERFIN_EXP":27.26,"GOBEST_VA":865.12,"GOBEST_EXP":47.79,"SPRSCT_VA":109.04,"SPRSCT_EXP":18.32,"SEAEMP_VA":53.16,"SEAEMP_EXP":15.01,"ADPDEF_VA":1468.7,"ADPDEF_EXP":0.67,"EDUCAC_VA":394.97,"EDUCAC_EXP":16.82,"SALUDH_VA":60.05,"SALUDH_EXP":11.03,"ESPARC_VA":56.74,"ESPARC_EXP":26.51,"OTRSER_VA":393.81,"OTRSER_EXP":14.24,"SERHOG_VA":47.76,"SERHOG_EXP":0.0}},{"type":"Feature","geometry":{"type":"Point","coordinates":[23.88,55.17]},"properties":{"id":"LTU","name":"Lituania","continent":"europe","year":2015,"AGRPFO_VA":1318.91,"AGRPFO_EXP":1007.79,"FORLOG_VA":190.65,"FORLOG_EXP":114.72,"PESCAC_VA":29.81,"PESCAC_EXP":7.83,"MINCOL_VA":12.67,"MINCOL_EXP":9.27,"PETGAS_VA":45.18,"PETGAS_EXP":56.31,"MINORE_VA":3.8,"MINORE_EXP":0.66,"MINOTH_VA":37.95,"MINOTH_EXP":60.06,"MINSER_VA":16.3,"MINSER_EXP":3.68,"ALYBEB_VA":1639.24,"ALYBEB_EXP":1806.84,"TEXYPR_VA":583.33,"TEXYPR_EXP":526.61,"MADYPR_VA":550.26,"MADYPR_EXP":642.72,"PAPYPR_VA":365.07,"PAPYPR_EXP":237.73,"PETREF_VA":749.17,"PETREF_EXP":2947.89,"QUIMYP_VA":591.99,"QUIMYP_EXP":1668.46,"FARMED_VA":151.83,"FARMED_EXP":132.79,"HUPLAS_VA":447.73,"HUPLAS_EXP":601.2,"PRNOMT_VA":278.14,"PRNOMT_EXP":195.93,"METBAS_VA":23.26,"METBAS_EXP":53.17,"NONFER_VA":1.36,"NONFER_EXP":5.3,"PRMETA_VA":380.82,"PRMETA_EXP":492.61,"ELCTRO_VA":181.72,"ELCTRO_EXP":246.91,"ELCTRI_VA":142.12,"ELCTRI_EXP":305.88,"MAQYEQ_VA":217.29,"MAQYEQ_EXP":348.81,"AUTOMO_VA":130.47,"AUTOMO_EXP":166.56,"OTRTRA_VA":64.1,"OTRTRA_EXP":41.18,"TRANSP_VA":35.19,"TRANSP_EXP":60.46,"OTRMAN_VA":1293.12,"OTRMAN_EXP":1456.54,"ELEGAS_VA":787.1,"ELEGAS_EXP":19.49,"AGUBAS_VA":457.12,"AGUBAS_EXP":23.51,"CONSTR_VA":2873.74,"CONSTR_EXP":98.19,"COMREV_VA":6888.32,"COMREV_EXP":2788.48,"TRATIE_VA":2828.3,"TRATIE_EXP":2861.87,"TRAGUA_VA":106.66,"TRAGUA_EXP":136.72,"TRAAIR_VA":64.86,"TRAAIR_EXP":228.21,"ALMSTR_VA":1238.25,"ALMSTR_EXP":1362.09,"POSTME_VA":95.62,"POSTME_EXP":54.5,"HOTYRE_VA":613.94,"HOTYRE_EXP":237.34,"MMTVRA_VA":193.24,"MMTVRA_EXP":93.89,"TELECO_VA":529.42,"TELECO_EXP":146.73,"ITSERV_VA":603.17,"ITSERV_EXP":181.82,"SERFIN_VA":804.03,"SERFIN_EXP":114.15,"GOBEST_VA":2526.99,"GOBEST_EXP":168.2,"SPRSCT_VA":1459.52,"SPRSCT_EXP":448.85,"SEAEMP_VA":1003.89,"SEAEMP_EXP":294.47,"ADPDEF_VA":2372.06,"ADPDEF_EXP":13.71,"EDUCAC_VA":1713.32,"EDUCAC_EXP":47.37,"SALUDH_VA":1431.05,"SALUDH_EXP":19.19,"ESPARC_VA":414.95,"ESPARC_EXP":66.31,"OTRSER_VA":389.07,"OTRSER_EXP":26.9,"SERHOG_VA":32.37,"SERHOG_EXP":0.0}},{"type":"Feature","geometry":{"type":"Point","coordinates":[6.13,49.82]},"properties":{"id":"LUX","name":"Luxemburgo","continent":"europe","year":2015,"AGRPFO_VA":122.53,"AGRPFO_EXP":277.0,"FORLOG_VA":13.71,"FORLOG_EXP":18.25,"PESCAC_VA":0.0,"PESCAC_EXP":0.0,"MINCOL_VA":0.0,"MINCOL_EXP":0.0,"PETGAS_VA":0.0,"PETGAS_EXP":0.0,"MINORE_VA":9.27,"MINORE_EXP":2.16,"MINOTH_VA":26.29,"MINOTH_EXP":2.49,"MINSER_VA":0.0,"MINSER_EXP":0.0,"ALYBEB_VA":429.17,"ALYBEB_EXP":643.46,"TEXYPR_VA":214.79,"TEXYPR_EXP":286.39,"MADYPR_VA":56.75,"MADYPR_EXP":197.06,"PAPYPR_VA":96.48,"PAPYPR_EXP":59.14,"PETREF_VA":0.0,"PETREF_EXP":0.0,"QUIMYP_VA":119.41,"QUIMYP_EXP":268.19,"FARMED_VA":31.16,"FARMED_EXP":16.45,"HUPLAS_VA":762.2,"HUPLAS_EXP":4588.96,"PRNOMT_VA":252.12,"PRNOMT_EXP":559.67,"METBAS_VA":146.29,"METBAS_EXP":1375.6,"NONFER_VA":153.97,"NONFER_EXP":1562.44,"PRMETA_VA":321.83,"PRMETA_EXP":483.38,"ELCTRO_VA":115.02,"ELCTRO_EXP":151.36,"ELCTRI_VA":45.39,"ELCTRI_EXP":64.94,"MAQYEQ_VA":544.93,"MAQYEQ_EXP":794.72,"AUTOMO_VA":46.63,"AUTOMO_EXP":28.13,"OTRTRA_VA":0.86,"OTRTRA_EXP":0.54,"TRANSP_VA":1.78,"TRANSP_EXP":0.56,"OTRMAN_VA":119.37,"OTRMAN_EXP":144.41,"ELEGAS_VA":472.05,"ELEGAS_EXP":188.33,"AGUBAS_VA":279.79,"AGUBAS_EXP":21.64,"CONSTR_VA":2980.24,"CONSTR_EXP":93.27,"COMREV_VA":5270.77,"COMREV_EXP":3733.48,"TRATIE_VA":1360.36,"TRATIE_EXP":1640.16,"TRAGUA_VA":50.99,"TRAGUA_EXP":77.83,"TRAAIR_VA":770.83,"TRAAIR_EXP":2254.03,"ALMSTR_VA":270.25,"ALMSTR_EXP":343.12,"POSTME_VA":115.56,"POSTME_EXP":193.46,"HOTYRE_VA":1017.14,"HOTYRE_EXP":1150.72,"MMTVRA_VA":383.78,"MMTVRA_EXP":540.1,"TELECO_VA":1673.05,"TELECO_EXP":3529.54,"ITSERV_VA":1592.63,"ITSERV_EXP":3714.06,"SERFIN_VA":16995.92,"SERFIN_EXP":64172.03,"GOBEST_VA":4687.13,"GOBEST_EXP":511.58,"SPRSCT_VA":4384.28,"SPRSCT_EXP":6242.99,"SEAEMP_VA":1947.21,"SEAEMP_EXP":1614.3,"ADPDEF_VA":3101.8,"ADPDEF_EXP":42.39,"EDUCAC_VA":2170.04,"EDUCAC_EXP":141.45,"SALUDH_VA":3113.54,"SALUDH_EXP":62.37,"ESPARC_VA":370.69,"ESPARC_EXP":200.52,"OTRSER_VA":438.97,"OTRSER_EXP":76.19,"SERHOG_VA":147.49,"SERHOG_EXP":0.0}},{"type":"Feature","geometry":{"type":"Point","coordinates":[24.6,56.88]},"properties":{"id":"LVA","name":"Letonia","continent":"europe","year":2015,"AGRPFO_VA":560.92,"AGRPFO_EXP":519.1,"FORLOG_VA":459.8,"FORLOG_EXP":165.79,"PESCAC_VA":36.98,"PESCAC_EXP":17.75,"MINCOL_VA":1.32,"MINCOL_EXP":0.77,"PETGAS_VA":0.0,"PETGAS_EXP":0.0,"MINORE_VA":0.8,"MINORE_EXP":0.41,"MINOTH_VA":131.56,"MINOTH_EXP":5.71,"MINSER_VA":0.42,"MINSER_EXP":0.33,"ALYBEB_VA":655.23,"ALYBEB_EXP":674.64,"TEXYPR_VA":140.73,"TEXYPR_EXP":181.24,"MADYPR_VA":680.46,"MADYPR_EXP":1204.7,"PAPYPR_VA":134.37,"PAPYPR_EXP":138.44,"PETREF_VA":2.54,"PETREF_EXP":0.19,"QUIMYP_VA":77.65,"QUIMYP_EXP":219.47,"FARMED_VA":96.16,"FARMED_EXP":135.69,"HUPLAS_VA":82.61,"HUPLAS_EXP":144.34,"PRNOMT_VA":224.38,"PRNOMT_EXP":169.17,"METBAS_VA":18.81,"METBAS_EXP":101.74,"NONFER_VA":5.78,"NONFER_EXP":43.29,"PRMETA_VA":253.13,"PRMETA_EXP":282.47,"ELCTRO_VA":175.71,"ELCTRO_EXP":294.17,"ELCTRI_VA":87.98,"ELCTRI_EXP":187.36,"MAQYEQ_VA":86.66,"MAQYEQ_EXP":195.76,"AUTOMO_VA":59.58,"AUTOMO_EXP":115.32,"OTRTRA_VA":35.3,"OTRTRA_EXP":26.32,"TRANSP_VA":28.81,"TRANSP_EXP":37.68,"OTRMAN_VA":314.04,"OTRMAN_EXP":295.16,"ELEGAS_VA":665.79,"ELEGAS_EXP":238.7,"AGUBAS_VA":237.12,"AGUBAS_EXP":16.73,"CONSTR_VA":1628.67,"CONSTR_EXP":46.51,"COMREV_VA":3820.86,"COMREV_EXP":1538.99,"TRATIE_VA":1275.3,"TRATIE_EXP":1878.56,"TRAGUA_VA":96.32,"TRAGUA_EXP":57.25,"TRAAIR_VA":59.86,"TRAAIR_EXP":258.19,"ALMSTR_VA":1137.16,"ALMSTR_EXP":478.71,"POSTME_VA":88.51,"POSTME_EXP":28.38,"HOTYRE_VA":467.87,"HOTYRE_EXP":375.78,"MMTVRA_VA":141.65,"MMTVRA_EXP":75.05,"TELECO_VA":386.53,"TELECO_EXP":124.61,"ITSERV_VA":665.64,"ITSERV_EXP":292.39,"SERFIN_VA":1213.16,"SERFIN_EXP":540.73,"GOBEST_VA":2259.15,"GOBEST_EXP":54.2,"SPRSCT_VA":1135.49,"SPRSCT_EXP":284.89,"SEAEMP_VA":729.72,"SEAEMP_EXP":223.97,"ADPDEF_VA":1898.23,"ADPDEF_EXP":2.43,"EDUCAC_VA":1156.24,"EDUCAC_EXP":22.05,"SALUDH_VA":916.51,"SALUDH_EXP":15.87,"ESPARC_VA":499.94,"ESPARC_EXP":41.12,"OTRSER_VA":256.41,"OTRSER_EXP":16.28,"SERHOG_VA":42.38,"SERHOG_EXP":0.0}},{"type":"Feature","geometry":{"type":"Point","coordinates":[-7.09,31.79]},"properties":{"id":"MAR","name":"Marruecos","continent":"other","year":2015,"AGRPFO_VA":12027.96,"AGRPFO_EXP":1394.36,"FORLOG_VA":1431.98,"FORLOG_EXP":2.14,"PESCAC_VA":695.0,"PESCAC_EXP":366.81,"MINCOL_VA":5.79,"MINCOL_EXP":0.25,"PETGAS_VA":15.95,"PETGAS_EXP":0.61,"MINORE_VA":541.78,"MINORE_EXP":147.04,"MINOTH_VA":2039.33,"MINOTH_EXP":919.64,"MINSER_VA":55.2,"MINSER_EXP":12.29,"ALYBEB_VA":4623.41,"ALYBEB_EXP":2256.36,"TEXYPR_VA":2469.36,"TEXYPR_EXP":2792.36,"MADYPR_VA":224.5,"MADYPR_EXP":36.66,"PAPYPR_VA":457.36,"PAPYPR_EXP":146.18,"PETREF_VA":107.35,"PETREF_EXP":138.05,"QUIMYP_VA":2126.52,"QUIMYP_EXP":2962.29,"FARMED_VA":595.6,"FARMED_EXP":165.99,"HUPLAS_VA":554.36,"HUPLAS_EXP":257.95,"PRNOMT_VA":1577.44,"PRNOMT_EXP":168.05,"METBAS_VA":348.38,"METBAS_EXP":40.31,"NONFER_VA":326.21,"NONFER_EXP":249.47,"PRMETA_VA":838.74,"PRMETA_EXP":198.76,"ELCTRO_VA":128.81,"ELCTRO_EXP":345.5,"ELCTRI_VA":650.69,"ELCTRI_EXP":1244.67,"MAQYEQ_VA":299.86,"MAQYEQ_EXP":145.19,"AUTOMO_VA":1027.11,"AUTOMO_EXP":3539.65,"OTRTRA_VA":79.8,"OTRTRA_EXP":64.53,"TRANSP_VA":160.85,"TRANSP_EXP":172.42,"OTRMAN_VA":1194.08,"OTRMAN_EXP":384.5,"ELEGAS_VA":3048.9,"ELEGAS_EXP":10.68,"AGUBAS_VA":365.59,"AGUBAS_EXP":1.04,"CONSTR_VA":7345.49,"CONSTR_EXP":21.66,"COMREV_VA":8957.18,"COMREV_EXP":2121.99,"TRATIE_VA":2746.67,"TRATIE_EXP":1268.01,"TRAGUA_VA":117.53,"TRAGUA_EXP":277.51,"TRAAIR_VA":451.02,"TRAAIR_EXP":1379.04,"ALMSTR_VA":1130.91,"ALMSTR_EXP":907.36,"POSTME_VA":117.38,"POSTME_EXP":141.84,"HOTYRE_VA":2272.51,"HOTYRE_EXP":2076.45,"MMTVRA_VA":329.66,"MMTVRA_EXP":219.15,"TELECO_VA":2405.81,"TELECO_EXP":581.95,"ITSERV_VA":494.2,"ITSERV_EXP":558.49,"SERFIN_VA":4899.4,"SERFIN_EXP":282.3,"GOBEST_VA":3585.26,"GOBEST_EXP":361.93,"SPRSCT_VA":3231.22,"SPRSCT_EXP":1462.11,"SEAEMP_VA":3723.55,"SEAEMP_EXP":1019.9,"ADPDEF_VA":9906.25,"ADPDEF_EXP":471.63,"EDUCAC_VA":8078.02,"EDUCAC_EXP":206.8,"SALUDH_VA":3659.52,"SALUDH_EXP":83.38,"ESPARC_VA":349.62,"ESPARC_EXP":199.88,"OTRSER_VA":995.88,"OTRSER_EXP":117.4,"SERHOG_VA":425.7,"SERHOG_EXP":0.0}},{"type":"Feature","geometry":{"type":"Point","coordinates":[-102.55,23.63]},"properties":{"id":"MEX","name":"México","continent":"america","year":2015,"AGRPFO_VA":34596.42,"AGRPFO_EXP":8559.89,"FORLOG_VA":1133.34,"FORLOG_EXP":67.31,"PESCAC_VA":613.04,"PESCAC_EXP":145.42,"MINCOL_VA":444.07,"MINCOL_EXP":2.53,"PETGAS_VA":27717.9,"PETGAS_EXP":18504.48,"MINORE_VA":7250.5,"MINORE_EXP":3478.94,"MINOTH_VA":3846.19,"MINOTH_EXP":361.58,"MINSER_VA":4534.96,"MINSER_EXP":14.04,"ALYBEB_VA":55267.72,"ALYBEB_EXP":11446.11,"TEXYPR_VA":8555.93,"TEXYPR_EXP":5585.68,"MADYPR_VA":2030.35,"MADYPR_EXP":347.23,"PAPYPR_VA":5901.95,"PAPYPR_EXP":2106.64,"PETREF_VA":8044.98,"PETREF_EXP":5669.31,"QUIMYP_VA":16796.1,"QUIMYP_EXP":8514.46,"FARMED_VA":5711.07,"FARMED_EXP":1431.57,"HUPLAS_VA":7285.14,"HUPLAS_EXP":6341.61,"PRNOMT_VA":8033.64,"PRNOMT_EXP":2849.33,"METBAS_VA":5646.49,"METBAS_EXP":4547.81,"NONFER_VA":6674.67,"NONFER_EXP":7519.21,"PRMETA_VA":9193.29,"PRMETA_EXP":7945.44,"ELCTRO_VA":20210.91,"ELCTRO_EXP":52712.98,"ELCTRI_VA":9197.31,"ELCTRI_EXP":16520.65,"MAQYEQ_VA":10709.06,"MAQYEQ_EXP":16496.28,"AUTOMO_VA":48813.84,"AUTOMO_EXP":107313.89,"OTRTRA_VA":346.47,"OTRTRA_EXP":542.8,"TRANSP_VA":2957.53,"TRANSP_EXP":6585.3,"OTRMAN_VA":9310.48,"OTRMAN_EXP":9901.78,"ELEGAS_VA":13858.54,"ELEGAS_EXP":388.7,"AGUBAS_VA":3746.73,"AGUBAS_EXP":1.86,"CONSTR_VA":68151.18,"CONSTR_EXP":87.3,"COMREV_VA":233774.91,"COMREV_EXP":48239.58,"TRATIE_VA":68107.08,"TRATIE_EXP":15658.03,"TRAGUA_VA":1057.66,"TRAGUA_EXP":982.29,"TRAAIR_VA":2527.31,"TRAAIR_EXP":1650.4,"ALMSTR_VA":8162.85,"ALMSTR_EXP":3649.37,"POSTME_VA":1133.14,"POSTME_EXP":26.64,"HOTYRE_VA":29428.79,"HOTYRE_EXP":7349.93,"MMTVRA_VA":4828.11,"MMTVRA_EXP":484.51,"TELECO_VA":15673.24,"TELECO_EXP":630.17,"ITSERV_VA":1905.78,"ITSERV_EXP":77.77,"SERFIN_VA":39166.39,"SERFIN_EXP":4646.34,"GOBEST_VA":157492.22,"GOBEST_EXP":1362.43,"SPRSCT_VA":27537.74,"SPRSCT_EXP":441.54,"SEAEMP_VA":42928.48,"SEAEMP_EXP":582.08,"ADPDEF_VA":45673.84,"ADPDEF_EXP":0.28,"EDUCAC_VA":47022.52,"EDUCAC_EXP":460.65,"SALUDH_VA":26858.05,"SALUDH_EXP":313.85,"ESPARC_VA":5901.38,"ESPARC_EXP":827.59,"OTRSER_VA":12841.43,"OTRSER_EXP":426.6,"SERHOG_VA":5345.2,"SERHOG_EXP":0.0}},{"type":"Feature","geometry":{"type":"Point","coordinates":[14.38,35.94]},"properties":{"id":"MLT","name":"Malta","continent":"europe","year":2015,"AGRPFO_VA":73.26,"AGRPFO_EXP":13.74,"FORLOG_VA":0.0,"FORLOG_EXP":0.0,"PESCAC_VA":38.74,"PESCAC_EXP":111.85,"MINCOL_VA":0.0,"MINCOL_EXP":0.0,"PETGAS_VA":4.21,"PETGAS_EXP":9.8,"MINORE_VA":0.88,"MINORE_EXP":0.26,"MINOTH_VA":17.45,"MINOTH_EXP":0.65,"MINSER_VA":1.62,"MINSER_EXP":2.83,"ALYBEB_VA":176.76,"ALYBEB_EXP":139.22,"TEXYPR_VA":20.69,"TEXYPR_EXP":23.47,"MADYPR_VA":6.06,"MADYPR_EXP":1.69,"PAPYPR_VA":79.44,"PAPYPR_EXP":137.66,"PETREF_VA":0.44,"PETREF_EXP":0.26,"QUIMYP_VA":12.36,"QUIMYP_EXP":26.31,"FARMED_VA":67.22,"FARMED_EXP":133.46,"HUPLAS_VA":54.38,"HUPLAS_EXP":110.15,"PRNOMT_VA":33.38,"PRNOMT_EXP":6.96,"METBAS_VA":0.78,"METBAS_EXP":0.62,"NONFER_VA":0.5,"NONFER_EXP":0.56,"PRMETA_VA":36.46,"PRMETA_EXP":16.21,"ELCTRO_VA":90.6,"ELCTRO_EXP":409.62,"ELCTRI_VA":21.99,"ELCTRI_EXP":50.58,"MAQYEQ_VA":20.01,"MAQYEQ_EXP":29.67,"AUTOMO_VA":70.61,"AUTOMO_EXP":5.48,"OTRTRA_VA":8.96,"OTRTRA_EXP":0.63,"TRANSP_VA":18.39,"TRANSP_EXP":0.66,"OTRMAN_VA":216.15,"OTRMAN_EXP":282.98,"ELEGAS_VA":88.67,"ELEGAS_EXP":2.66,"AGUBAS_VA":80.16,"AGUBAS_EXP":4.53,"CONSTR_VA":422.15,"CONSTR_EXP":22.67,"COMREV_VA":1076.59,"COMREV_EXP":439.55,"TRATIE_VA":80.44,"TRATIE_EXP":100.59,"TRAGUA_VA":25.85,"TRAGUA_EXP":100.17,"TRAAIR_VA":102.25,"TRAAIR_EXP":445.14,"ALMSTR_VA":381.13,"ALMSTR_EXP":526.73,"POSTME_VA":24.18,"POSTME_EXP":8.35,"HOTYRE_VA":525.91,"HOTYRE_EXP":770.98,"MMTVRA_VA":69.43,"MMTVRA_EXP":62.13,"TELECO_VA":70.25,"TELECO_EXP":46.79,"ITSERV_VA":560.71,"ITSERV_EXP":109.44,"SERFIN_VA":877.84,"SERFIN_EXP":1649.15,"GOBEST_VA":675.36,"GOBEST_EXP":46.16,"SPRSCT_VA":726.45,"SPRSCT_EXP":951.69,"SEAEMP_VA":568.3,"SEAEMP_EXP":332.23,"ADPDEF_VA":578.15,"ADPDEF_EXP":5.96,"EDUCAC_VA":568.92,"EDUCAC_EXP":36.18,"SALUDH_VA":590.94,"SALUDH_EXP":13.43,"ESPARC_VA":1229.16,"ESPARC_EXP":3454.66,"OTRSER_VA":108.95,"OTRSER_EXP":16.22,"SERHOG_VA":10.33,"SERHOG_EXP":0.0}},{"type":"Feature","geometry":{"type":"Point","coordinates":[95.96,21.91]},"properties":{"id":"MMR","name":"Myanmar","continent":"asia","year":2015,"AGRPFO_VA":18877.05,"AGRPFO_EXP":1627.87,"FORLOG_VA":472.21,"FORLOG_EXP":315.09,"PESCAC_VA":4553.64,"PESCAC_EXP":282.6,"MINCOL_VA":2.98,"MINCOL_EXP":0.35,"PETGAS_VA":1626.03,"PETGAS_EXP":3057.41,"MINORE_VA":294.17,"MINORE_EXP":21.53,"MINOTH_VA":315.06,"MINOTH_EXP":189.41,"MINSER_VA":13.59,"MINSER_EXP":5.84,"ALYBEB_VA":2386.39,"ALYBEB_EXP":918.67,"TEXYPR_VA":1777.57,"TEXYPR_EXP":743.95,"MADYPR_VA":267.31,"MADYPR_EXP":92.25,"PAPYPR_VA":332.15,"PAPYPR_EXP":31.43,"PETREF_VA":500.26,"PETREF_EXP":33.84,"QUIMYP_VA":435.96,"QUIMYP_EXP":25.48,"FARMED_VA":208.53,"FARMED_EXP":5.63,"HUPLAS_VA":271.23,"HUPLAS_EXP":15.17,"PRNOMT_VA":467.4,"PRNOMT_EXP":8.25,"METBAS_VA":236.72,"METBAS_EXP":144.39,"NONFER_VA":184.99,"NONFER_EXP":3.68,"PRMETA_VA":340.16,"PRMETA_EXP":20.15,"ELCTRO_VA":318.81,"ELCTRO_EXP":47.74,"ELCTRI_VA":204.16,"ELCTRI_EXP":43.03,"MAQYEQ_VA":286.05,"MAQYEQ_EXP":67.59,"AUTOMO_VA":390.85,"AUTOMO_EXP":8.89,"OTRTRA_VA":52.89,"OTRTRA_EXP":0.67,"TRANSP_VA":66.25,"TRANSP_EXP":32.54,"OTRMAN_VA":489.89,"OTRMAN_EXP":167.86,"ELEGAS_VA":320.62,"ELEGAS_EXP":17.94,"AGUBAS_VA":65.84,"AGUBAS_EXP":1.09,"CONSTR_VA":2071.9,"CONSTR_EXP":14.82,"COMREV_VA":4436.5,"COMREV_EXP":447.02,"TRATIE_VA":1140.25,"TRATIE_EXP":126.78,"TRAGUA_VA":417.68,"TRAGUA_EXP":179.71,"TRAAIR_VA":285.56,"TRAAIR_EXP":185.26,"ALMSTR_VA":446.3,"ALMSTR_EXP":155.6,"POSTME_VA":72.39,"POSTME_EXP":1.69,"HOTYRE_VA":1338.04,"HOTYRE_EXP":302.39,"MMTVRA_VA":239.22,"MMTVRA_EXP":72.73,"TELECO_VA":754.99,"TELECO_EXP":186.32,"ITSERV_VA":191.84,"ITSERV_EXP":198.77,"SERFIN_VA":1336.09,"SERFIN_EXP":26.89,"GOBEST_VA":1623.15,"GOBEST_EXP":77.09,"SPRSCT_VA":869.23,"SPRSCT_EXP":394.39,"SEAEMP_VA":663.41,"SEAEMP_EXP":358.79,"ADPDEF_VA":1903.48,"ADPDEF_EXP":4.25,"EDUCAC_VA":1160.3,"EDUCAC_EXP":19.71,"SALUDH_VA":1519.09,"SALUDH_EXP":12.85,"ESPARC_VA":250.37,"ESPARC_EXP":60.54,"OTRSER_VA":407.1,"OTRSER_EXP":18.59,"SERHOG_VA":0.0,"SERHOG_EXP":0.0}},{"type":"Feature","geometry":{"type":"Point","coordinates":[101.98,4.21]},"properties":{"id":"MYS","name":"Malasia","continent":"asia","year":2015,"AGRPFO_VA":17718.63,"AGRPFO_EXP":2607.67,"FORLOG_VA":2055.32,"FORLOG_EXP":586.1,"PESCAC_VA":2820.22,"PESCAC_EXP":161.66,"MINCOL_VA":10748.99,"MINCOL_EXP":311.52,"PETGAS_VA":11510.72,"PETGAS_EXP":14844.99,"MINORE_VA":329.47,"MINORE_EXP":664.99,"MINOTH_VA":1154.4,"MINOTH_EXP":118.41,"MINSER_VA":2075.72,"MINSER_EXP":51.74,"ALYBEB_VA":4990.98,"ALYBEB_EXP":16819.59,"TEXYPR_VA":1017.42,"TEXYPR_EXP":1514.51,"MADYPR_VA":1516.74,"MADYPR_EXP":2034.33,"PAPYPR_VA":1739.27,"PAPYPR_EXP":1823.88,"PETREF_VA":8022.47,"PETREF_EXP":12356.23,"QUIMYP_VA":5412.41,"QUIMYP_EXP":13214.42,"FARMED_VA":390.87,"FARMED_EXP":291.19,"HUPLAS_VA":3635.61,"HUPLAS_EXP":7255.18,"PRNOMT_VA":2424.9,"PRNOMT_EXP":2254.46,"METBAS_VA":1049.19,"METBAS_EXP":2140.32,"NONFER_VA":482.71,"NONFER_EXP":3128.65,"PRMETA_VA":3263.78,"PRMETA_EXP":3186.21,"ELCTRO_VA":13359.86,"ELCTRO_EXP":45373.37,"ELCTRI_VA":1259.76,"ELCTRI_EXP":5714.97,"MAQYEQ_VA":1957.43,"MAQYEQ_EXP":5303.45,"AUTOMO_VA":5473.51,"AUTOMO_EXP":628.79,"OTRTRA_VA":537.78,"OTRTRA_EXP":891.55,"TRANSP_VA":580.32,"TRANSP_EXP":1190.52,"OTRMAN_VA":2153.41,"OTRMAN_EXP":4039.77,"ELEGAS_VA":5975.3,"ELEGAS_EXP":15.02,"AGUBAS_VA":1727.91,"AGUBAS_EXP":1.22,"CONSTR_VA":12936.1,"CONSTR_EXP":8.16,"COMREV_VA":62478.06,"COMREV_EXP":18029.21,"TRATIE_VA":2490.35,"TRATIE_EXP":2184.25,"TRAGUA_VA":1425.11,"TRAGUA_EXP":1055.74,"TRAAIR_VA":1335.59,"TRAAIR_EXP":2921.69,"ALMSTR_VA":4006.81,"ALMSTR_EXP":1827.23,"POSTME_VA":407.52,"POSTME_EXP":230.36,"HOTYRE_VA":8424.52,"HOTYRE_EXP":6964.34,"MMTVRA_VA":1497.41,"MMTVRA_EXP":438.41,"TELECO_VA":8235.42,"TELECO_EXP":998.12,"ITSERV_VA":3818.53,"ITSERV_EXP":2108.75,"SERFIN_VA":20378.16,"SERFIN_EXP":3925.99,"GOBEST_VA":9899.65,"GOBEST_EXP":1075.94,"SPRSCT_VA":5411.85,"SPRSCT_EXP":4909.77,"SEAEMP_VA":2504.47,"SEAEMP_EXP":2467.84,"ADPDEF_VA":23062.67,"ADPDEF_EXP":4.41,"EDUCAC_VA":10470.38,"EDUCAC_EXP":389.14,"SALUDH_VA":2962.66,"SALUDH_EXP":260.57,"ESPARC_VA":2050.19,"ESPARC_EXP":874.76,"OTRSER_VA":572.84,"OTRSER_EXP":364.7,"SERHOG_VA":343.14,"SERHOG_EXP":0.0}},{"type":"Feature","geometry":{"type":"Point","coordinates":[8.68,9.08]},"properties":{"id":"NGA","name":"Nigeria","continent":"other","year":2015,"AGRPFO_VA":102346.06,"AGRPFO_EXP":1186.08,"FORLOG_VA":1197.64,"FORLOG_EXP":81.41,"PESCAC_VA":2583.83,"PESCAC_EXP":1.21,"MINCOL_VA":43.4,"MINCOL_EXP":0.03,"PETGAS_VA":32335.53,"PETGAS_EXP":41072.84,"MINORE_VA":24.28,"MINORE_EXP":3.87,"MINOTH_VA":528.22,"MINOTH_EXP":23.1,"MINSER_VA":56.95,"MINSER_EXP":0.72,"ALYBEB_VA":31666.28,"ALYBEB_EXP":903.55,"TEXYPR_VA":5735.81,"TEXYPR_EXP":1266.62,"MADYPR_VA":1423.01,"MADYPR_EXP":98.26,"PAPYPR_VA":558.36,"PAPYPR_EXP":2.8,"PETREF_VA":1340.14,"PETREF_EXP":2228.89,"QUIMYP_VA":1018.84,"QUIMYP_EXP":181.44,"FARMED_VA":205.47,"FARMED_EXP":2.63,"HUPLAS_VA":1559.67,"HUPLAS_EXP":123.97,"PRNOMT_VA":5878.85,"PRNOMT_EXP":5.6,"METBAS_VA":161.48,"METBAS_EXP":4.1,"NONFER_VA":279.0,"NONFER_EXP":181.5,"PRMETA_VA":171.0,"PRMETA_EXP":38.17,"ELCTRO_VA":241.35,"ELCTRO_EXP":7.22,"ELCTRI_VA":33.68,"ELCTRI_EXP":12.99,"MAQYEQ_VA":176.94,"MAQYEQ_EXP":104.95,"AUTOMO_VA":408.62,"AUTOMO_EXP":43.37,"OTRTRA_VA":261.18,"OTRTRA_EXP":23.02,"TRANSP_VA":3.8,"TRANSP_EXP":4.7,"OTRMAN_VA":1778.76,"OTRMAN_EXP":30.98,"ELEGAS_VA":2891.94,"ELEGAS_EXP":23.54,"AGUBAS_VA":667.62,"AGUBAS_EXP":0.1,"CONSTR_VA":19595.98,"CONSTR_EXP":0.03,"COMREV_VA":89269.29,"COMREV_EXP":2957.92,"TRATIE_VA":6256.07,"TRATIE_EXP":543.44,"TRAGUA_VA":399.34,"TRAGUA_EXP":77.85,"TRAAIR_VA":522.35,"TRAAIR_EXP":274.84,"ALMSTR_VA":1256.76,"ALMSTR_EXP":395.72,"POSTME_VA":149.19,"POSTME_EXP":50.88,"HOTYRE_VA":3198.33,"HOTYRE_EXP":142.68,"MMTVRA_VA":15292.36,"MMTVRA_EXP":14.29,"TELECO_VA":31235.78,"TELECO_EXP":34.04,"ITSERV_VA":11218.54,"ITSERV_EXP":29.31,"SERFIN_VA":19338.65,"SERFIN_EXP":210.64,"GOBEST_VA":43446.22,"GOBEST_EXP":36.28,"SPRSCT_VA":15357.4,"SPRSCT_EXP":37.73,"SEAEMP_VA":114.84,"SEAEMP_EXP":9.26,"ADPDEF_VA":13755.04,"ADPDEF_EXP":0.01,"EDUCAC_VA":11444.83,"EDUCAC_EXP":8.04,"SALUDH_VA":3688.58,"SALUDH_EXP":5.44,"ESPARC_VA":679.83,"ESPARC_EXP":13.74,"OTRSER_VA":10176.72,"OTRSER_EXP":8.38,"SERHOG_VA":2575.29,"SERHOG_EXP":0.0}},{"type":"Feature","geometry":{"type":"Point","coordinates":[5.29,52.13]},"properties":{"id":"NLD","name":"Países Bajos","continent":"europe","year":2015,"AGRPFO_VA":14141.33,"AGRPFO_EXP":8612.25,"FORLOG_VA":145.03,"FORLOG_EXP":121.63,"PESCAC_VA":361.27,"PESCAC_EXP":289.45,"MINCOL_VA":0.0,"MINCOL_EXP":0.0,"PETGAS_VA":13099.33,"PETGAS_EXP":12892.9,"MINORE_VA":0.0,"MINORE_EXP":0.0,"MINOTH_VA":455.31,"MINOTH_EXP":381.29,"MINSER_VA":2552.7,"MINSER_EXP":3073.09,"ALYBEB_VA":15854.3,"ALYBEB_EXP":41569.12,"TEXYPR_VA":1299.47,"TEXYPR_EXP":1819.78,"MADYPR_VA":903.83,"MADYPR_EXP":483.42,"PAPYPR_VA":3576.58,"PAPYPR_EXP":4406.11,"PETREF_VA":2207.52,"PETREF_EXP":18485.26,"QUIMYP_VA":10646.2,"QUIMYP_EXP":29614.76,"FARMED_VA":4046.12,"FARMED_EXP":6380.66,"HUPLAS_VA":3253.98,"HUPLAS_EXP":4787.05,"PRNOMT_VA":1943.85,"PRNOMT_EXP":1575.4,"METBAS_VA":1723.66,"METBAS_EXP":2319.39,"NONFER_VA":621.79,"NONFER_EXP":2086.68,"PRMETA_VA":7465.73,"PRMETA_EXP":6113.56,"ELCTRO_VA":6194.08,"ELCTRO_EXP":34718.72,"ELCTRI_VA":2900.57,"ELCTRI_EXP":3218.25,"MAQYEQ_VA":11008.11,"MAQYEQ_EXP":19744.69,"AUTOMO_VA":3195.74,"AUTOMO_EXP":7637.78,"OTRTRA_VA":1210.98,"OTRTRA_EXP":3362.8,"TRANSP_VA":543.03,"TRANSP_EXP":2149.63,"OTRMAN_VA":6349.45,"OTRMAN_EXP":5873.72,"ELEGAS_VA":8603.67,"ELEGAS_EXP":2304.73,"AGUBAS_VA":4774.88,"AGUBAS_EXP":1310.28,"CONSTR_VA":30391.53,"CONSTR_EXP":534.19,"COMREV_VA":93743.63,"COMREV_EXP":54689.15,"TRATIE_VA":12777.96,"TRATIE_EXP":12126.11,"TRAGUA_VA":3476.86,"TRAGUA_EXP":8012.49,"TRAAIR_VA":4091.82,"TRAAIR_EXP":7771.08,"ALMSTR_VA":12597.56,"ALMSTR_EXP":9338.68,"POSTME_VA":2384.26,"POSTME_EXP":1374.86,"HOTYRE_VA":13708.32,"HOTYRE_EXP":4655.41,"MMTVRA_VA":5278.78,"MMTVRA_EXP":3597.8,"TELECO_VA":8548.19,"TELECO_EXP":5286.72,"ITSERV_VA":18240.3,"ITSERV_EXP":11921.39,"SERFIN_VA":60454.77,"SERFIN_EXP":10324.06,"GOBEST_VA":40568.96,"GOBEST_EXP":891.46,"SPRSCT_VA":61205.9,"SPRSCT_EXP":33888.34,"SEAEMP_VA":45591.52,"SEAEMP_EXP":24411.76,"ADPDEF_VA":52801.59,"ADPDEF_EXP":2909.89,"EDUCAC_VA":34929.83,"EDUCAC_EXP":1538.13,"SALUDH_VA":62387.17,"SALUDH_EXP":595.43,"ESPARC_VA":9092.87,"ESPARC_EXP":2568.38,"OTRSER_VA":8268.71,"OTRSER_EXP":509.0,"SERHOG_VA":610.73,"SERHOG_EXP":0.0}},{"type":"Feature","geometry":{"type":"Point","coordinates":[8.47,60.47]},"properties":{"id":"NOR","name":"Noruega","continent":"europe","year":2015,"AGRPFO_VA":1934.0,"AGRPFO_EXP":782.09,"FORLOG_VA":655.49,"FORLOG_EXP":157.26,"PESCAC_VA":3415.41,"PESCAC_EXP":2940.93,"MINCOL_VA":5.52,"MINCOL_EXP":6.25,"PETGAS_VA":58266.36,"PETGAS_EXP":59103.37,"MINORE_VA":150.28,"MINORE_EXP":60.65,"MINOTH_VA":584.16,"MINOTH_EXP":336.16,"MINSER_VA":6307.68,"MINSER_EXP":1111.53,"ALYBEB_VA":5448.84,"ALYBEB_EXP":3338.5,"TEXYPR_VA":371.65,"TEXYPR_EXP":158.71,"MADYPR_VA":1105.98,"MADYPR_EXP":234.14,"PAPYPR_VA":903.73,"PAPYPR_EXP":629.72,"PETREF_VA":795.89,"PETREF_EXP":2979.04,"QUIMYP_VA":2039.39,"QUIMYP_EXP":3747.77,"FARMED_VA":697.03,"FARMED_EXP":642.08,"HUPLAS_VA":531.31,"HUPLAS_EXP":416.36,"PRNOMT_VA":1290.53,"PRNOMT_EXP":249.03,"METBAS_VA":366.86,"METBAS_EXP":905.68,"NONFER_VA":1308.04,"NONFER_EXP":4372.45,"PRMETA_VA":2328.86,"PRMETA_EXP":1393.16,"ELCTRO_VA":1389.82,"ELCTRO_EXP":1377.44,"ELCTRI_VA":964.37,"ELCTRI_EXP":1426.73,"MAQYEQ_VA":3472.47,"MAQYEQ_EXP":3980.86,"AUTOMO_VA":273.25,"AUTOMO_EXP":383.55,"OTRTRA_VA":2174.05,"OTRTRA_EXP":667.14,"TRANSP_VA":137.0,"TRANSP_EXP":201.22,"OTRMAN_VA":3054.76,"OTRMAN_EXP":1746.56,"ELEGAS_VA":6622.34,"ELEGAS_EXP":547.75,"AGUBAS_VA":2401.32,"AGUBAS_EXP":8.17,"CONSTR_VA":23044.23,"CONSTR_EXP":36.9,"COMREV_VA":28390.18,"COMREV_EXP":7295.13,"TRATIE_VA":7374.59,"TRATIE_EXP":2921.21,"TRAGUA_VA":6495.52,"TRAGUA_EXP":14123.66,"TRAAIR_VA":990.89,"TRAAIR_EXP":1941.61,"ALMSTR_VA":4095.54,"ALMSTR_EXP":2838.01,"POSTME_VA":1351.13,"POSTME_EXP":319.82,"HOTYRE_VA":5070.74,"HOTYRE_EXP":1727.53,"MMTVRA_VA":4213.03,"MMTVRA_EXP":577.36,"TELECO_VA":4024.6,"TELECO_EXP":1006.0,"ITSERV_VA":6396.83,"ITSERV_EXP":1724.44,"SERFIN_VA":18006.21,"SERFIN_EXP":3840.33,"GOBEST_VA":25533.58,"GOBEST_EXP":306.09,"SPRSCT_VA":16515.28,"SPRSCT_EXP":4432.31,"SEAEMP_VA":9644.13,"SEAEMP_EXP":2944.85,"ADPDEF_VA":23210.53,"ADPDEF_EXP":27.25,"EDUCAC_VA":18044.18,"EDUCAC_EXP":195.82,"SALUDH_VA":38083.01,"SALUDH_EXP":78.13,"ESPARC_VA":3569.68,"ESPARC_EXP":285.84,"OTRSER_VA":3607.87,"OTRSER_EXP":92.64,"SERHOG_VA":64.97,"SERHOG_EXP":0.0}},{"type":"Feature","geometry":{"type":"Point","coordinates":[174.89,-40.9]},"properties":{"id":"NZL","name":"Nueva Zelanda","continent":"other","year":2015,"AGRPFO_VA":5921.67,"AGRPFO_EXP":1993.16,"FORLOG_VA":1195.05,"FORLOG_EXP":1021.14,"PESCAC_VA":1667.0,"PESCAC_EXP":801.31,"MINCOL_VA":91.2,"MINCOL_EXP":194.51,"PETGAS_VA":1123.84,"PETGAS_EXP":910.8,"MINORE_VA":193.07,"MINORE_EXP":243.98,"MINOTH_VA":186.45,"MINOTH_EXP":20.37,"MINSER_VA":248.03,"MINSER_EXP":24.62,"ALYBEB_VA":8716.65,"ALYBEB_EXP":15017.12,"TEXYPR_VA":531.11,"TEXYPR_EXP":546.99,"MADYPR_VA":1077.58,"MADYPR_EXP":845.94,"PAPYPR_VA":1054.14,"PAPYPR_EXP":724.77,"PETREF_VA":2030.49,"PETREF_EXP":768.1,"QUIMYP_VA":1016.97,"QUIMYP_EXP":716.68,"FARMED_VA":205.29,"FARMED_EXP":138.84,"HUPLAS_VA":1010.57,"HUPLAS_EXP":398.34,"PRNOMT_VA":872.16,"PRNOMT_EXP":129.39,"METBAS_VA":240.19,"METBAS_EXP":287.47,"NONFER_VA":529.32,"NONFER_EXP":860.13,"PRMETA_VA":1620.0,"PRMETA_EXP":328.15,"ELCTRO_VA":410.58,"ELCTRO_EXP":292.09,"ELCTRI_VA":419.66,"ELCTRI_EXP":399.69,"MAQYEQ_VA":1639.42,"MAQYEQ_EXP":699.1,"AUTOMO_VA":318.66,"AUTOMO_EXP":66.83,"OTRTRA_VA":123.69,"OTRTRA_EXP":82.3,"TRANSP_VA":422.22,"TRANSP_EXP":33.4,"OTRMAN_VA":516.68,"OTRMAN_EXP":364.51,"ELEGAS_VA":4423.22,"ELEGAS_EXP":24.33,"AGUBAS_VA":1403.07,"AGUBAS_EXP":14.66,"CONSTR_VA":11881.45,"CONSTR_EXP":184.48,"COMREV_VA":18237.52,"COMREV_EXP":6323.07,"TRATIE_VA":3054.24,"TRATIE_EXP":766.77,"TRAGUA_VA":318.93,"TRAGUA_EXP":139.62,"TRAAIR_VA":2274.45,"TRAAIR_EXP":1338.83,"ALMSTR_VA":3079.05,"ALMSTR_EXP":366.63,"POSTME_VA":765.79,"POSTME_EXP":128.17,"HOTYRE_VA":4099.62,"HOTYRE_EXP":2500.13,"MMTVRA_VA":1604.17,"MMTVRA_EXP":452.51,"TELECO_VA":1697.76,"TELECO_EXP":515.19,"ITSERV_VA":1884.86,"ITSERV_EXP":785.08,"SERFIN_VA":10596.73,"SERFIN_EXP":1006.06,"GOBEST_VA":19969.62,"GOBEST_EXP":842.14,"SPRSCT_VA":15018.12,"SPRSCT_EXP":1216.56,"SEAEMP_VA":3730.82,"SEAEMP_EXP":1126.88,"ADPDEF_VA":7836.52,"ADPDEF_EXP":112.25,"EDUCAC_VA":8605.91,"EDUCAC_EXP":586.53,"SALUDH_VA":11464.05,"SALUDH_EXP":144.92,"ESPARC_VA":2678.23,"ESPARC_EXP":699.63,"OTRSER_VA":3569.05,"OTRSER_EXP":181.82,"SERHOG_VA":481.81,"SERHOG_EXP":0.0}},{"type":"Feature","geometry":{"type":"Point","coordinates":[69.35,30.38]},"properties":{"id":"PAK","name":"Pakistán","continent":"asia","year":2015,"AGRPFO_VA":56987.42,"AGRPFO_EXP":967.49,"FORLOG_VA":1137.97,"FORLOG_EXP":2.33,"PESCAC_VA":750.75,"PESCAC_EXP":33.44,"MINCOL_VA":157.58,"MINCOL_EXP":0.45,"PETGAS_VA":5030.5,"PETGAS_EXP":185.91,"MINORE_VA":261.15,"MINORE_EXP":80.91,"MINOTH_VA":286.25,"MINOTH_EXP":147.05,"MINSER_VA":277.37,"MINSER_EXP":9.43,"ALYBEB_VA":9402.03,"ALYBEB_EXP":3424.93,"TEXYPR_VA":10626.95,"TEXYPR_EXP":12325.77,"MADYPR_VA":984.4,"MADYPR_EXP":55.53,"PAPYPR_VA":2111.48,"PAPYPR_EXP":71.68,"PETREF_VA":2421.75,"PETREF_EXP":114.16,"QUIMYP_VA":2535.83,"QUIMYP_EXP":563.16,"FARMED_VA":925.73,"FARMED_EXP":193.53,"HUPLAS_VA":1203.24,"HUPLAS_EXP":117.34,"PRNOMT_VA":2333.41,"PRNOMT_EXP":368.44,"METBAS_VA":1139.45,"METBAS_EXP":107.36,"NONFER_VA":840.19,"NONFER_EXP":88.35,"PRMETA_VA":1565.19,"PRMETA_EXP":178.18,"ELCTRO_VA":1568.24,"ELCTRO_EXP":37.13,"ELCTRI_VA":936.79,"ELCTRI_EXP":78.64,"MAQYEQ_VA":1535.77,"MAQYEQ_EXP":80.58,"AUTOMO_VA":2101.8,"AUTOMO_EXP":28.86,"OTRTRA_VA":340.45,"OTRTRA_EXP":10.45,"TRANSP_VA":304.38,"TRANSP_EXP":6.6,"OTRMAN_VA":1095.58,"OTRMAN_EXP":574.49,"ELEGAS_VA":4130.03,"ELEGAS_EXP":10.62,"AGUBAS_VA":1561.81,"AGUBAS_EXP":7.81,"CONSTR_VA":7323.55,"CONSTR_EXP":29.2,"COMREV_VA":26910.84,"COMREV_EXP":2940.35,"TRATIE_VA":7995.97,"TRATIE_EXP":311.73,"TRAGUA_VA":1993.97,"TRAGUA_EXP":271.49,"TRAAIR_VA":1586.14,"TRAAIR_EXP":1111.78,"ALMSTR_VA":2608.89,"ALMSTR_EXP":175.99,"POSTME_VA":616.38,"POSTME_EXP":3.14,"HOTYRE_VA":6844.11,"HOTYRE_EXP":105.93,"MMTVRA_VA":1998.16,"MMTVRA_EXP":173.8,"TELECO_VA":4398.64,"TELECO_EXP":513.73,"ITSERV_VA":1396.46,"ITSERV_EXP":551.37,"SERFIN_VA":9488.1,"SERFIN_EXP":275.12,"GOBEST_VA":11912.39,"GOBEST_EXP":50.38,"SPRSCT_VA":6874.24,"SPRSCT_EXP":956.61,"SEAEMP_VA":4698.19,"SEAEMP_EXP":442.61,"ADPDEF_VA":11654.22,"ADPDEF_EXP":9.21,"EDUCAC_VA":6806.74,"EDUCAC_EXP":12.07,"SALUDH_VA":10494.31,"SALUDH_EXP":9.2,"ESPARC_VA":1913.97,"ESPARC_EXP":63.81,"OTRSER_VA":3098.98,"OTRSER_EXP":19.62,"SERHOG_VA":1197.03,"SERHOG_EXP":0.0}},{"type":"Feature","geometry":{"type":"Point","coordinates":[-75.02,-9.19]},"properties":{"id":"PER","name":"Perú","continent":"america","year":2015,"AGRPFO_VA":11603.11,"AGRPFO_EXP":2169.93,"FORLOG_VA":302.23,"FORLOG_EXP":15.19,"PESCAC_VA":1129.91,"PESCAC_EXP":4.89,"MINCOL_VA":201.2,"MINCOL_EXP":24.64,"PETGAS_VA":1125.63,"PETGAS_EXP":562.5,"MINORE_VA":11380.23,"MINORE_EXP":14945.71,"MINOTH_VA":1303.09,"MINOTH_EXP":283.59,"MINSER_VA":961.66,"MINSER_EXP":4.16,"ALYBEB_VA":6935.87,"ALYBEB_EXP":3646.77,"TEXYPR_VA":2453.38,"TEXYPR_EXP":1123.1,"MADYPR_VA":482.67,"MADYPR_EXP":115.39,"PAPYPR_VA":1581.68,"PAPYPR_EXP":133.39,"PETREF_VA":2504.02,"PETREF_EXP":1457.42,"QUIMYP_VA":1608.23,"QUIMYP_EXP":708.71,"FARMED_VA":287.46,"FARMED_EXP":33.9,"HUPLAS_VA":1106.84,"HUPLAS_EXP":422.87,"PRNOMT_VA":2007.42,"PRNOMT_EXP":279.49,"METBAS_VA":421.61,"METBAS_EXP":119.24,"NONFER_VA":1310.83,"NONFER_EXP":3014.49,"PRMETA_VA":1523.71,"PRMETA_EXP":242.72,"ELCTRO_VA":57.86,"ELCTRO_EXP":28.18,"ELCTRI_VA":62.62,"ELCTRI_EXP":357.75,"MAQYEQ_VA":1124.57,"MAQYEQ_EXP":230.4,"AUTOMO_VA":729.71,"AUTOMO_EXP":88.45,"OTRTRA_VA":31.67,"OTRTRA_EXP":3.5,"TRANSP_VA":255.89,"TRANSP_EXP":29.47,"OTRMAN_VA":2942.84,"OTRMAN_EXP":1180.24,"ELEGAS_VA":3824.34,"ELEGAS_EXP":9.13,"AGUBAS_VA":738.29,"AGUBAS_EXP":6.95,"CONSTR_VA":13057.27,"CONSTR_EXP":1.12,"COMREV_VA":18508.75,"COMREV_EXP":2980.66,"TRATIE_VA":9351.76,"TRATIE_EXP":1026.27,"TRAGUA_VA":213.24,"TRAGUA_EXP":143.03,"TRAAIR_VA":453.79,"TRAAIR_EXP":716.78,"ALMSTR_VA":2559.09,"ALMSTR_EXP":441.88,"POSTME_VA":229.9,"POSTME_EXP":14.8,"HOTYRE_VA":8601.85,"HOTYRE_EXP":1185.23,"MMTVRA_VA":966.65,"MMTVRA_EXP":26.23,"TELECO_VA":2519.49,"TELECO_EXP":117.37,"ITSERV_VA":515.36,"ITSERV_EXP":1.01,"SERFIN_VA":9693.11,"SERFIN_EXP":322.96,"GOBEST_VA":7546.29,"GOBEST_EXP":100.67,"SPRSCT_VA":6308.96,"SPRSCT_EXP":211.03,"SEAEMP_VA":4944.05,"SEAEMP_EXP":364.32,"ADPDEF_VA":10177.28,"ADPDEF_EXP":112.93,"EDUCAC_VA":9123.46,"EDUCAC_EXP":97.32,"SALUDH_VA":5182.43,"SALUDH_EXP":57.43,"ESPARC_VA":1260.19,"ESPARC_EXP":434.38,"OTRSER_VA":2336.0,"OTRSER_EXP":79.11,"SERHOG_VA":4482.58,"SERHOG_EXP":0.0}},{"type":"Feature","geometry":{"type":"Point","coordinates":[121.77,12.88]},"properties":{"id":"PHL","name":"Filipinas","continent":"asia","year":2015,"AGRPFO_VA":24442.44,"AGRPFO_EXP":987.32,"FORLOG_VA":2766.94,"FORLOG_EXP":22.46,"PESCAC_VA":4638.21,"PESCAC_EXP":141.36,"MINCOL_VA":177.44,"MINCOL_EXP":127.17,"PETGAS_VA":579.57,"PETGAS_EXP":226.98,"MINORE_VA":1171.77,"MINORE_EXP":1706.65,"MINOTH_VA":586.73,"MINOTH_EXP":93.71,"MINSER_VA":233.16,"MINSER_EXP":350.08,"ALYBEB_VA":29776.87,"ALYBEB_EXP":3505.59,"TEXYPR_VA":3033.81,"TEXYPR_EXP":1031.73,"MADYPR_VA":535.78,"MADYPR_EXP":1290.43,"PAPYPR_VA":958.88,"PAPYPR_EXP":462.73,"PETREF_VA":2558.39,"PETREF_EXP":688.26,"QUIMYP_VA":5199.04,"QUIMYP_EXP":1581.49,"FARMED_VA":779.57,"FARMED_EXP":72.3,"HUPLAS_VA":662.5,"HUPLAS_EXP":735.42,"PRNOMT_VA":1497.22,"PRNOMT_EXP":378.34,"METBAS_VA":590.82,"METBAS_EXP":154.69,"NONFER_VA":395.27,"NONFER_EXP":1227.71,"PRMETA_VA":570.65,"PRMETA_EXP":202.3,"ELCTRO_VA":6736.56,"ELCTRO_EXP":16791.97,"ELCTRI_VA":791.54,"ELCTRI_EXP":1702.57,"MAQYEQ_VA":812.14,"MAQYEQ_EXP":1141.86,"AUTOMO_VA":862.89,"AUTOMO_EXP":1253.37,"OTRTRA_VA":150.58,"OTRTRA_EXP":345.09,"TRANSP_VA":445.61,"TRANSP_EXP":735.65,"OTRMAN_VA":1979.86,"OTRMAN_EXP":1138.55,"ELEGAS_VA":7545.06,"ELEGAS_EXP":56.38,"AGUBAS_VA":1568.94,"AGUBAS_EXP":12.17,"CONSTR_VA":19228.12,"CONSTR_EXP":184.29,"COMREV_VA":50549.73,"COMREV_EXP":8595.12,"TRATIE_VA":6320.33,"TRATIE_EXP":1991.32,"TRAGUA_VA":846.54,"TRAGUA_EXP":1192.94,"TRAAIR_VA":1672.54,"TRAAIR_EXP":1238.22,"ALMSTR_VA":2392.13,"ALMSTR_EXP":1441.93,"POSTME_VA":169.67,"POSTME_EXP":45.24,"HOTYRE_VA":5508.18,"HOTYRE_EXP":2889.56,"MMTVRA_VA":816.09,"MMTVRA_EXP":873.57,"TELECO_VA":8721.27,"TELECO_EXP":4630.54,"ITSERV_VA":2527.7,"ITSERV_EXP":3494.51,"SERFIN_VA":22457.59,"SERFIN_EXP":1322.89,"GOBEST_VA":18679.36,"GOBEST_EXP":432.26,"SPRSCT_VA":4498.47,"SPRSCT_EXP":3782.3,"SEAEMP_VA":12074.32,"SEAEMP_EXP":7736.55,"ADPDEF_VA":10520.2,"ADPDEF_EXP":50.14,"EDUCAC_VA":11043.8,"EDUCAC_EXP":138.67,"SALUDH_VA":5023.66,"SALUDH_EXP":81.91,"ESPARC_VA":3666.94,"ESPARC_EXP":794.75,"OTRSER_VA":3953.8,"OTRSER_EXP":137.51,"SERHOG_VA":0.0,"SERHOG_EXP":0.0}},{"type":"Feature","geometry":{"type":"Point","coordinates":[19.15,51.92]},"properties":{"id":"POL","name":"Polonia","continent":"europe","year":2015,"AGRPFO_VA":10241.94,"AGRPFO_EXP":3294.33,"FORLOG_VA":2140.96,"FORLOG_EXP":276.15,"PESCAC_VA":94.63,"PESCAC_EXP":33.21,"MINCOL_VA":4054.53,"MINCOL_EXP":669.34,"PETGAS_VA":121.87,"PETGAS_EXP":207.72,"MINORE_VA":2130.5,"MINORE_EXP":1774.65,"MINOTH_VA":682.61,"MINOTH_EXP":76.96,"MINSER_VA":552.91,"MINSER_EXP":88.0,"ALYBEB_VA":15662.24,"ALYBEB_EXP":15343.62,"TEXYPR_VA":2893.33,"TEXYPR_EXP":4417.61,"MADYPR_VA":3315.7,"MADYPR_EXP":2959.62,"PAPYPR_VA":4610.45,"PAPYPR_EXP":3886.0,"PETREF_VA":3809.93,"PETREF_EXP":5305.82,"QUIMYP_VA":4518.71,"QUIMYP_EXP":8002.78,"FARMED_VA":1557.62,"FARMED_EXP":2351.04,"HUPLAS_VA":6392.35,"HUPLAS_EXP":8811.66,"PRNOMT_VA":5054.09,"PRNOMT_EXP":2958.4,"METBAS_VA":1983.02,"METBAS_EXP":3548.0,"NONFER_VA":757.14,"NONFER_EXP":2696.7,"PRMETA_VA":9840.63,"PRMETA_EXP":7713.86,"ELCTRO_VA":1879.28,"ELCTRO_EXP":6870.36,"ELCTRI_VA":3736.75,"ELCTRI_EXP":9407.53,"MAQYEQ_VA":4027.67,"MAQYEQ_EXP":6568.78,"AUTOMO_VA":7570.38,"AUTOMO_EXP":19360.69,"OTRTRA_VA":366.41,"OTRTRA_EXP":833.17,"TRANSP_VA":1461.04,"TRANSP_EXP":2018.65,"OTRMAN_VA":10994.98,"OTRMAN_EXP":7808.36,"ELEGAS_VA":14251.3,"ELEGAS_EXP":671.55,"AGUBAS_VA":5393.06,"AGUBAS_EXP":155.93,"CONSTR_VA":38754.56,"CONSTR_EXP":889.59,"COMREV_VA":70768.09,"COMREV_EXP":27675.07,"TRATIE_VA":20757.01,"TRATIE_EXP":12391.11,"TRAGUA_VA":310.99,"TRAGUA_EXP":331.07,"TRAAIR_VA":1061.86,"TRAAIR_EXP":1883.41,"ALMSTR_VA":7054.84,"ALMSTR_EXP":4728.25,"POSTME_VA":2336.29,"POSTME_EXP":439.48,"HOTYRE_VA":5581.48,"HOTYRE_EXP":1766.63,"MMTVRA_VA":3875.73,"MMTVRA_EXP":1466.65,"TELECO_VA":5050.78,"TELECO_EXP":1123.47,"ITSERV_VA":7819.11,"ITSERV_EXP":4249.66,"SERFIN_VA":17306.68,"SERFIN_EXP":1874.01,"GOBEST_VA":24578.62,"GOBEST_EXP":1543.73,"SPRSCT_VA":24549.31,"SPRSCT_EXP":7738.56,"SEAEMP_VA":10822.42,"SEAEMP_EXP":1337.9,"ADPDEF_VA":23894.55,"ADPDEF_EXP":21.03,"EDUCAC_VA":20134.6,"EDUCAC_EXP":614.29,"SALUDH_VA":18277.03,"SALUDH_EXP":403.29,"ESPARC_VA":3376.88,"ESPARC_EXP":599.45,"OTRSER_VA":4748.55,"OTRSER_EXP":398.07,"SERHOG_VA":61.64,"SERHOG_EXP":0.0}},{"type":"Feature","geometry":{"type":"Point","coordinates":[-8.22,39.4]},"properties":{"id":"PRT","name":"Portugal","continent":"europe","year":2015,"AGRPFO_VA":3094.07,"AGRPFO_EXP":916.29,"FORLOG_VA":817.25,"FORLOG_EXP":60.3,"PESCAC_VA":327.17,"PESCAC_EXP":180.93,"MINCOL_VA":0.0,"MINCOL_EXP":0.0,"PETGAS_VA":0.0,"PETGAS_EXP":0.0,"MINORE_VA":318.33,"MINORE_EXP":461.69,"MINOTH_VA":261.26,"MINOTH_EXP":118.9,"MINSER_VA":36.21,"MINSER_EXP":34.99,"ALYBEB_VA":4898.48,"ALYBEB_EXP":3915.13,"TEXYPR_VA":4564.28,"TEXYPR_EXP":4872.4,"MADYPR_VA":1264.51,"MADYPR_EXP":1292.71,"PAPYPR_VA":1554.65,"PAPYPR_EXP":2231.34,"PETREF_VA":767.21,"PETREF_EXP":3359.94,"QUIMYP_VA":1047.71,"QUIMYP_EXP":2356.08,"FARMED_VA":594.26,"FARMED_EXP":756.95,"HUPLAS_VA":1449.86,"HUPLAS_EXP":2416.7,"PRNOMT_VA":1517.45,"PRNOMT_EXP":1560.62,"METBAS_VA":255.94,"METBAS_EXP":903.78,"NONFER_VA":105.24,"NONFER_EXP":545.62,"PRMETA_VA":2309.47,"PRMETA_EXP":2543.53,"ELCTRO_VA":506.51,"ELCTRO_EXP":1401.89,"ELCTRI_VA":713.94,"ELCTRI_EXP":2010.12,"MAQYEQ_VA":972.38,"MAQYEQ_EXP":1940.83,"AUTOMO_VA":1832.61,"AUTOMO_EXP":6024.42,"OTRTRA_VA":39.58,"OTRTRA_EXP":93.42,"TRANSP_VA":103.89,"TRANSP_EXP":281.57,"OTRMAN_VA":2037.34,"OTRMAN_EXP":1819.77,"ELEGAS_VA":5101.67,"ELEGAS_EXP":156.91,"AGUBAS_VA":1977.16,"AGUBAS_EXP":15.33,"CONSTR_VA":7533.6,"CONSTR_EXP":76.75,"COMREV_VA":26595.39,"COMREV_EXP":9172.19,"TRATIE_VA":4050.23,"TRATIE_EXP":2479.34,"TRAGUA_VA":169.94,"TRAGUA_EXP":434.47,"TRAAIR_VA":1058.55,"TRAAIR_EXP":3704.59,"ALMSTR_VA":3483.48,"ALMSTR_EXP":1836.93,"POSTME_VA":593.94,"POSTME_EXP":229.17,"HOTYRE_VA":9322.05,"HOTYRE_EXP":5087.2,"MMTVRA_VA":1063.83,"MMTVRA_EXP":424.8,"TELECO_VA":2903.05,"TELECO_EXP":900.84,"ITSERV_VA":2228.31,"ITSERV_EXP":848.37,"SERFIN_VA":8959.25,"SERFIN_EXP":863.48,"GOBEST_VA":21386.46,"GOBEST_EXP":617.39,"SPRSCT_VA":6705.01,"SPRSCT_EXP":2211.29,"SEAEMP_VA":6185.88,"SEAEMP_EXP":1677.11,"ADPDEF_VA":13155.03,"ADPDEF_EXP":184.29,"EDUCAC_VA":10468.62,"EDUCAC_EXP":345.95,"SALUDH_VA":11225.61,"SALUDH_EXP":184.53,"ESPARC_VA":1463.32,"ESPARC_EXP":351.55,"OTRSER_VA":2549.26,"OTRSER_EXP":206.62,"SERHOG_VA":1207.15,"SERHOG_EXP":0.0}},{"type":"Feature","geometry":{"type":"Point","coordinates":[24.97,45.94]},"properties":{"id":"ROU","name":"Rumania","continent":"europe","year":2015,"AGRPFO_VA":6738.02,"AGRPFO_EXP":2914.98,"FORLOG_VA":1134.3,"FORLOG_EXP":94.74,"PESCAC_VA":175.25,"PESCAC_EXP":9.07,"MINCOL_VA":3.81,"MINCOL_EXP":1.35,"PETGAS_VA":1107.76,"PETGAS_EXP":97.6,"MINORE_VA":22.37,"MINORE_EXP":33.03,"MINOTH_VA":270.03,"MINOTH_EXP":19.21,"MINSER_VA":276.84,"MINSER_EXP":65.98,"ALYBEB_VA":8629.19,"ALYBEB_EXP":1400.38,"TEXYPR_VA":3443.83,"TEXYPR_EXP":2559.15,"MADYPR_VA":1122.34,"MADYPR_EXP":1255.77,"PAPYPR_VA":785.28,"PAPYPR_EXP":264.37,"PETREF_VA":3230.59,"PETREF_EXP":1223.83,"QUIMYP_VA":1327.53,"QUIMYP_EXP":1404.11,"FARMED_VA":314.76,"FARMED_EXP":329.16,"HUPLAS_VA":1507.41,"HUPLAS_EXP":1665.58,"PRNOMT_VA":1397.55,"PRNOMT_EXP":317.01,"METBAS_VA":1163.89,"METBAS_EXP":853.4,"NONFER_VA":436.37,"NONFER_EXP":501.23,"PRMETA_VA":1707.57,"PRMETA_EXP":213.71,"ELCTRO_VA":889.98,"ELCTRO_EXP":1774.4,"ELCTRI_VA":2386.8,"ELCTRI_EXP":3492.13,"MAQYEQ_VA":1524.63,"MAQYEQ_EXP":3260.76,"AUTOMO_VA":3973.65,"AUTOMO_EXP":8124.99,"OTRTRA_VA":419.75,"OTRTRA_EXP":350.0,"TRANSP_VA":373.57,"TRANSP_EXP":432.46,"OTRMAN_VA":2822.75,"OTRMAN_EXP":1802.58,"ELEGAS_VA":5381.72,"ELEGAS_EXP":444.33,"AGUBAS_VA":1568.64,"AGUBAS_EXP":0.24,"CONSTR_VA":11043.21,"CONSTR_EXP":0.38,"COMREV_VA":15394.55,"COMREV_EXP":6376.51,"TRATIE_VA":9116.93,"TRATIE_EXP":7327.74,"TRAGUA_VA":425.17,"TRAGUA_EXP":280.35,"TRAAIR_VA":190.13,"TRAAIR_EXP":519.0,"ALMSTR_VA":2076.19,"ALMSTR_EXP":1289.33,"POSTME_VA":466.06,"POSTME_EXP":191.38,"HOTYRE_VA":3036.58,"HOTYRE_EXP":107.19,"MMTVRA_VA":1282.67,"MMTVRA_EXP":559.57,"TELECO_VA":2878.86,"TELECO_EXP":742.35,"ITSERV_VA":4949.51,"ITSERV_EXP":2544.6,"SERFIN_VA":5414.51,"SERFIN_EXP":252.36,"GOBEST_VA":15187.5,"GOBEST_EXP":20.32,"SPRSCT_VA":9085.02,"SPRSCT_EXP":5669.2,"SEAEMP_VA":3821.37,"SEAEMP_EXP":216.07,"ADPDEF_VA":7093.52,"ADPDEF_EXP":0.53,"EDUCAC_VA":5517.01,"EDUCAC_EXP":6.69,"SALUDH_VA":4981.6,"SALUDH_EXP":5.89,"ESPARC_VA":2916.9,"ESPARC_EXP":45.18,"OTRSER_VA":2941.2,"OTRSER_EXP":6.28,"SERHOG_VA":1739.38,"SERHOG_EXP":0.0}},{"type":"Feature","geometry":{"type":"Point","coordinates":[105.32,61.52]},"properties":{"id":"RUS","name":"Rusia","continent":"europe","year":2015,"AGRPFO_VA":48146.4,"AGRPFO_EXP":6994.35,"FORLOG_VA":2033.74,"FORLOG_EXP":1030.27,"PESCAC_VA":3517.01,"PESCAC_EXP":1487.48,"MINCOL_VA":4892.26,"MINCOL_EXP":6070.58,"PETGAS_VA":98267.54,"PETGAS_EXP":72109.59,"MINORE_VA":4062.96,"MINORE_EXP":2362.66,"MINOTH_VA":6026.18,"MINOTH_EXP":3806.45,"MINSER_VA":7716.55,"MINSER_EXP":824.96,"ALYBEB_VA":24595.03,"ALYBEB_EXP":8279.84,"TEXYPR_VA":3174.14,"TEXYPR_EXP":1509.69,"MADYPR_VA":3450.51,"MADYPR_EXP":4248.21,"PAPYPR_VA":5355.4,"PAPYPR_EXP":2771.7,"PETREF_VA":25654.26,"PETREF_EXP":56574.66,"QUIMYP_VA":14762.75,"QUIMYP_EXP":17111.63,"FARMED_VA":2709.35,"FARMED_EXP":445.33,"HUPLAS_VA":3641.72,"HUPLAS_EXP":2102.05,"PRNOMT_VA":7297.09,"PRNOMT_EXP":1444.8,"METBAS_VA":11837.02,"METBAS_EXP":17792.49,"NONFER_VA":16676.35,"NONFER_EXP":18776.41,"PRMETA_VA":9090.59,"PRMETA_EXP":1732.69,"ELCTRO_VA":8934.95,"ELCTRO_EXP":3630.16,"ELCTRI_VA":4214.45,"ELCTRI_EXP":1642.16,"MAQYEQ_VA":6769.93,"MAQYEQ_EXP":3860.39,"AUTOMO_VA":4453.12,"AUTOMO_EXP":3830.01,"OTRTRA_VA":4037.4,"OTRTRA_EXP":774.09,"TRANSP_VA":9836.44,"TRANSP_EXP":3603.07,"OTRMAN_VA":6729.15,"OTRMAN_EXP":2366.66,"ELEGAS_VA":34296.64,"ELEGAS_EXP":1137.19,"AGUBAS_VA":6662.91,"AGUBAS_EXP":92.13,"CONSTR_VA":80656.86,"CONSTR_EXP":572.13,"COMREV_VA":202180.0,"COMREV_EXP":57869.21,"TRATIE_VA":55682.35,"TRATIE_EXP":11004.3,"TRAGUA_VA":1685.35,"TRAGUA_EXP":537.29,"TRAAIR_VA":4286.55,"TRAAIR_EXP":4624.51,"ALMSTR_VA":22208.2,"ALMSTR_EXP":4341.09,"POSTME_VA":2147.16,"POSTME_EXP":453.91,"HOTYRE_VA":11457.63,"HOTYRE_EXP":2780.88,"MMTVRA_VA":4221.35,"MMTVRA_EXP":1027.79,"TELECO_VA":15781.87,"TELECO_EXP":2113.95,"ITSERV_VA":11254.82,"ITSERV_EXP":3264.79,"SERFIN_VA":44122.83,"SERFIN_EXP":3018.32,"GOBEST_VA":126183.13,"GOBEST_EXP":973.99,"SPRSCT_VA":55451.12,"SPRSCT_EXP":14362.61,"SEAEMP_VA":29114.85,"SEAEMP_EXP":2168.06,"ADPDEF_VA":95989.38,"ADPDEF_EXP":12.13,"EDUCAC_VA":38270.07,"EDUCAC_EXP":187.32,"SALUDH_VA":40006.49,"SALUDH_EXP":132.7,"ESPARC_VA":11188.71,"ESPARC_EXP":383.2,"OTRSER_VA":6777.49,"OTRSER_EXP":206.55,"SERHOG_VA":7932.62,"SERHOG_EXP":0.0}},{"type":"Feature","geometry":{"type":"Point","coordinates":[45.08,23.89]},"properties":{"id":"SAU","name":"Arabia Saudita","continent":"other","year":2015,"AGRPFO_VA":16275.67,"AGRPFO_EXP":254.17,"FORLOG_VA":22.02,"FORLOG_EXP":0.44,"PESCAC_VA":850.24,"PESCAC_EXP":12.86,"MINCOL_VA":0.0,"MINCOL_EXP":0.0,"PETGAS_VA":145113.7,"PETGAS_EXP":144056.31,"MINORE_VA":726.48,"MINORE_EXP":416.77,"MINOTH_VA":1502.26,"MINOTH_EXP":38.28,"MINSER_VA":599.56,"MINSER_EXP":125.19,"ALYBEB_VA":10660.86,"ALYBEB_EXP":2098.44,"TEXYPR_VA":2684.2,"TEXYPR_EXP":280.39,"MADYPR_VA":753.99,"MADYPR_EXP":24.64,"PAPYPR_VA":3140.94,"PAPYPR_EXP":477.46,"PETREF_VA":15520.25,"PETREF_EXP":15326.29,"QUIMYP_VA":22692.8,"QUIMYP_EXP":16813.63,"FARMED_VA":433.67,"FARMED_EXP":287.58,"HUPLAS_VA":2313.6,"HUPLAS_EXP":502.75,"PRNOMT_VA":3999.67,"PRNOMT_EXP":221.72,"METBAS_VA":762.43,"METBAS_EXP":521.4,"NONFER_VA":556.55,"NONFER_EXP":1119.3,"PRMETA_VA":3658.72,"PRMETA_EXP":296.54,"ELCTRO_VA":100.79,"ELCTRO_EXP":2.46,"ELCTRI_VA":2282.8,"ELCTRI_EXP":221.75,"MAQYEQ_VA":1280.65,"MAQYEQ_EXP":110.27,"AUTOMO_VA":635.07,"AUTOMO_EXP":12.04,"OTRTRA_VA":33.44,"OTRTRA_EXP":9.84,"TRANSP_VA":54.73,"TRANSP_EXP":1.52,"OTRMAN_VA":2974.83,"OTRMAN_EXP":181.59,"ELEGAS_VA":7177.41,"ELEGAS_EXP":28.59,"AGUBAS_VA":1950.21,"AGUBAS_EXP":9.75,"CONSTR_VA":40592.3,"CONSTR_EXP":60.52,"COMREV_VA":52542.27,"COMREV_EXP":12383.82,"TRATIE_VA":6576.35,"TRATIE_EXP":2784.49,"TRAGUA_VA":558.62,"TRAGUA_EXP":340.32,"TRAAIR_VA":2265.1,"TRAAIR_EXP":2261.07,"ALMSTR_VA":5655.22,"ALMSTR_EXP":1622.02,"POSTME_VA":701.23,"POSTME_EXP":52.08,"HOTYRE_VA":11271.79,"HOTYRE_EXP":4793.7,"MMTVRA_VA":1329.72,"MMTVRA_EXP":170.2,"TELECO_VA":14402.75,"TELECO_EXP":486.58,"ITSERV_VA":3734.01,"ITSERV_EXP":24.74,"SERFIN_VA":22773.06,"SERFIN_EXP":346.02,"GOBEST_VA":23596.52,"GOBEST_EXP":701.79,"SPRSCT_VA":4400.39,"SPRSCT_EXP":150.18,"SEAEMP_VA":6713.69,"SEAEMP_EXP":164.97,"ADPDEF_VA":116979.92,"ADPDEF_EXP":97.73,"EDUCAC_VA":52881.88,"EDUCAC_EXP":279.54,"SALUDH_VA":20847.92,"SALUDH_EXP":159.44,"ESPARC_VA":2074.88,"ESPARC_EXP":347.58,"OTRSER_VA":4559.81,"OTRSER_EXP":191.24,"SERHOG_VA":5972.67,"SERHOG_EXP":0.0}},{"type":"Feature","geometry":{"type":"Point","coordinates":[-14.45,14.5]},"properties":{"id":"SEN","name":"Senegal","continent":"other","year":2015,"AGRPFO_VA":2168.76,"AGRPFO_EXP":143.98,"FORLOG_VA":79.46,"FORLOG_EXP":2.62,"PESCAC_VA":217.94,"PESCAC_EXP":70.37,"MINCOL_VA":12.56,"MINCOL_EXP":1.35,"PETGAS_VA":5.01,"PETGAS_EXP":0.18,"MINORE_VA":272.58,"MINORE_EXP":154.96,"MINOTH_VA":187.4,"MINOTH_EXP":129.24,"MINSER_VA":3.25,"MINSER_EXP":0.94,"ALYBEB_VA":1434.59,"ALYBEB_EXP":624.05,"TEXYPR_VA":397.51,"TEXYPR_EXP":87.07,"MADYPR_VA":89.53,"MADYPR_EXP":4.94,"PAPYPR_VA":103.73,"PAPYPR_EXP":12.74,"PETREF_VA":141.4,"PETREF_EXP":270.48,"QUIMYP_VA":206.73,"QUIMYP_EXP":201.18,"FARMED_VA":23.94,"FARMED_EXP":9.27,"HUPLAS_VA":104.71,"HUPLAS_EXP":11.55,"PRNOMT_VA":139.2,"PRNOMT_EXP":115.14,"METBAS_VA":115.29,"METBAS_EXP":52.62,"NONFER_VA":2.88,"NONFER_EXP":23.17,"PRMETA_VA":123.31,"PRMETA_EXP":3.02,"ELCTRO_VA":0.52,"ELCTRO_EXP":0.16,"ELCTRI_VA":16.9,"ELCTRI_EXP":7.79,"MAQYEQ_VA":3.82,"MAQYEQ_EXP":6.56,"AUTOMO_VA":3.18,"AUTOMO_EXP":2.01,"OTRTRA_VA":17.96,"OTRTRA_EXP":2.75,"TRANSP_VA":45.0,"TRANSP_EXP":1.12,"OTRMAN_VA":116.45,"OTRMAN_EXP":9.73,"ELEGAS_VA":139.51,"ELEGAS_EXP":0.62,"AGUBAS_VA":155.65,"AGUBAS_EXP":0.2,"CONSTR_VA":470.96,"CONSTR_EXP":1.57,"COMREV_VA":2248.72,"COMREV_EXP":309.01,"TRATIE_VA":423.6,"TRATIE_EXP":67.13,"TRAGUA_VA":7.23,"TRAGUA_EXP":6.25,"TRAAIR_VA":21.57,"TRAAIR_EXP":40.37,"ALMSTR_VA":208.37,"ALMSTR_EXP":75.79,"POSTME_VA":10.11,"POSTME_EXP":1.01,"HOTYRE_VA":240.21,"HOTYRE_EXP":133.61,"MMTVRA_VA":87.79,"MMTVRA_EXP":28.95,"TELECO_VA":696.35,"TELECO_EXP":240.4,"ITSERV_VA":73.63,"ITSERV_EXP":18.63,"SERFIN_VA":405.89,"SERFIN_EXP":42.29,"GOBEST_VA":1427.29,"GOBEST_EXP":29.71,"SPRSCT_VA":941.31,"SPRSCT_EXP":215.19,"SEAEMP_VA":405.89,"SEAEMP_EXP":37.09,"ADPDEF_VA":890.96,"ADPDEF_EXP":0.13,"EDUCAC_VA":809.59,"EDUCAC_EXP":8.1,"SALUDH_VA":250.15,"SALUDH_EXP":5.69,"ESPARC_VA":43.04,"ESPARC_EXP":12.91,"OTRSER_VA":149.29,"OTRSER_EXP":7.56,"SERHOG_VA":89.73,"SERHOG_EXP":0.0}},{"type":"Feature","geometry":{"type":"Point","coordinates":[103.82,1.35]},"properties":{"id":"SGP","name":"Singapur","continent":"asia","year":2015,"AGRPFO_VA":50.04,"AGRPFO_EXP":37.89,"FORLOG_VA":0.0,"FORLOG_EXP":0.0,"PESCAC_VA":31.41,"PESCAC_EXP":7.26,"MINCOL_VA":0.0,"MINCOL_EXP":0.0,"PETGAS_VA":0.0,"PETGAS_EXP":0.0,"MINORE_VA":0.0,"MINORE_EXP":0.0,"MINOTH_VA":0.0,"MINOTH_EXP":0.0,"MINSER_VA":0.0,"MINSER_EXP":0.0,"ALYBEB_VA":3431.69,"ALYBEB_EXP":5795.14,"TEXYPR_VA":210.65,"TEXYPR_EXP":448.65,"MADYPR_VA":103.47,"MADYPR_EXP":80.6,"PAPYPR_VA":1012.4,"PAPYPR_EXP":1685.87,"PETREF_VA":2773.55,"PETREF_EXP":14904.41,"QUIMYP_VA":7869.65,"QUIMYP_EXP":27369.99,"FARMED_VA":7149.93,"FARMED_EXP":8993.89,"HUPLAS_VA":538.49,"HUPLAS_EXP":665.87,"PRNOMT_VA":326.2,"PRNOMT_EXP":162.45,"METBAS_VA":161.07,"METBAS_EXP":550.94,"NONFER_VA":830.89,"NONFER_EXP":661.05,"PRMETA_VA":1306.38,"PRMETA_EXP":2506.2,"ELCTRO_VA":16296.37,"ELCTRO_EXP":63034.8,"ELCTRI_VA":624.57,"ELCTRI_EXP":1789.71,"MAQYEQ_VA":5737.26,"MAQYEQ_EXP":18151.83,"AUTOMO_VA":283.21,"AUTOMO_EXP":355.04,"OTRTRA_VA":1836.06,"OTRTRA_EXP":6566.78,"TRANSP_VA":3080.61,"TRANSP_EXP":4800.88,"OTRMAN_VA":2781.36,"OTRMAN_EXP":6425.08,"ELEGAS_VA":4000.61,"ELEGAS_EXP":186.05,"AGUBAS_VA":1219.42,"AGUBAS_EXP":20.96,"CONSTR_VA":14896.48,"CONSTR_EXP":282.79,"COMREV_VA":46976.77,"COMREV_EXP":56010.22,"TRATIE_VA":3903.07,"TRATIE_EXP":2180.83,"TRAGUA_VA":5493.03,"TRAGUA_EXP":37803.79,"TRAAIR_VA":3447.27,"TRAAIR_EXP":7874.14,"ALMSTR_VA":8699.79,"ALMSTR_EXP":7468.04,"POSTME_VA":502.96,"POSTME_EXP":531.45,"HOTYRE_VA":6443.87,"HOTYRE_EXP":4667.07,"MMTVRA_VA":2128.08,"MMTVRA_EXP":6749.35,"TELECO_VA":3757.0,"TELECO_EXP":2747.71,"ITSERV_VA":5554.4,"ITSERV_EXP":11011.06,"SERFIN_VA":34723.52,"SERFIN_EXP":40001.67,"GOBEST_VA":25437.77,"GOBEST_EXP":1620.03,"SPRSCT_VA":23677.56,"SPRSCT_EXP":16956.25,"SEAEMP_VA":19860.19,"SEAEMP_EXP":9566.58,"ADPDEF_VA":7805.32,"ADPDEF_EXP":297.73,"EDUCAC_VA":9407.39,"EDUCAC_EXP":1568.97,"SALUDH_VA":9165.0,"SALUDH_EXP":970.88,"ESPARC_VA":1895.89,"ESPARC_EXP":589.19,"OTRSER_VA":1989.48,"OTRSER_EXP":431.64,"SERHOG_VA":1818.47,"SERHOG_EXP":0.0}},{"type":"Feature","geometry":{"type":"Point","coordinates":[6.61,0.19]},"properties":{"id":"STP","name":"S. Tomé y Príncipe","continent":"other","year":2015,"AGRPFO_VA":17.45,"AGRPFO_EXP":13.18,"FORLOG_VA":0.09,"FORLOG_EXP":0.02,"PESCAC_VA":23.95,"PESCAC_EXP":0.32,"MINCOL_VA":0.02,"MINCOL_EXP":0.0,"PETGAS_VA":0.42,"PETGAS_EXP":0.05,"MINORE_VA":0.01,"MINORE_EXP":0.0,"MINOTH_VA":0.24,"MINOTH_EXP":0.05,"MINSER_VA":0.15,"MINSER_EXP":0.04,"ALYBEB_VA":6.55,"ALYBEB_EXP":1.57,"TEXYPR_VA":0.06,"TEXYPR_EXP":1.58,"MADYPR_VA":0.02,"MADYPR_EXP":0.02,"PAPYPR_VA":0.03,"PAPYPR_EXP":0.13,"PETREF_VA":0.18,"PETREF_EXP":0.11,"QUIMYP_VA":0.07,"QUIMYP_EXP":0.12,"FARMED_VA":0.04,"FARMED_EXP":0.18,"HUPLAS_VA":0.04,"HUPLAS_EXP":0.02,"PRNOMT_VA":0.15,"PRNOMT_EXP":0.03,"METBAS_VA":0.0,"METBAS_EXP":0.0,"NONFER_VA":0.0,"NONFER_EXP":0.0,"PRMETA_VA":0.03,"PRMETA_EXP":0.01,"ELCTRO_VA":0.01,"ELCTRO_EXP":0.25,"ELCTRI_VA":0.01,"ELCTRI_EXP":0.09,"MAQYEQ_VA":0.01,"MAQYEQ_EXP":0.0,"AUTOMO_VA":0.01,"AUTOMO_EXP":0.01,"OTRTRA_VA":0.0,"OTRTRA_EXP":0.0,"TRANSP_VA":0.0,"TRANSP_EXP":0.0,"OTRMAN_VA":0.08,"OTRMAN_EXP":0.81,"ELEGAS_VA":4.45,"ELEGAS_EXP":0.18,"AGUBAS_VA":3.65,"AGUBAS_EXP":0.26,"CONSTR_VA":10.75,"CONSTR_EXP":0.54,"COMREV_VA":53.19,"COMREV_EXP":9.22,"TRATIE_VA":19.72,"TRATIE_EXP":6.87,"TRAGUA_VA":0.64,"TRAGUA_EXP":1.09,"TRAAIR_VA":2.68,"TRAAIR_EXP":4.22,"ALMSTR_VA":13.31,"ALMSTR_EXP":0.88,"POSTME_VA":3.87,"POSTME_EXP":0.3,"HOTYRE_VA":33.7,"HOTYRE_EXP":36.11,"MMTVRA_VA":2.97,"MMTVRA_EXP":1.68,"TELECO_VA":5.11,"TELECO_EXP":5.32,"ITSERV_VA":4.88,"ITSERV_EXP":5.12,"SERFIN_VA":30.5,"SERFIN_EXP":21.11,"GOBEST_VA":1.46,"GOBEST_EXP":4.15,"SPRSCT_VA":1.2,"SPRSCT_EXP":1.52,"SEAEMP_VA":1.26,"SEAEMP_EXP":1.17,"ADPDEF_VA":32.42,"ADPDEF_EXP":0.43,"EDUCAC_VA":11.33,"EDUCAC_EXP":2.1,"SALUDH_VA":7.37,"SALUDH_EXP":1.51,"ESPARC_VA":6.85,"ESPARC_EXP":3.53,"OTRSER_VA":7.8,"OTRSER_EXP":2.03,"SERHOG_VA":5.35,"SERHOG_EXP":0.0}},{"type":"Feature","geometry":{"type":"Point","coordinates":[19.7,48.67]},"properties":{"id":"SVK","name":"Eslovaquia","continent":"europe","year":2015,"AGRPFO_VA":1210.85,"AGRPFO_EXP":935.39,"FORLOG_VA":645.75,"FORLOG_EXP":155.34,"PESCAC_VA":41.38,"PESCAC_EXP":3.47,"MINCOL_VA":36.52,"MINCOL_EXP":49.3,"PETGAS_VA":0.48,"PETGAS_EXP":0.15,"MINORE_VA":7.41,"MINORE_EXP":17.57,"MINOTH_VA":37.89,"MINOTH_EXP":87.41,"MINSER_VA":122.55,"MINSER_EXP":18.99,"ALYBEB_VA":1117.45,"ALYBEB_EXP":1491.36,"TEXYPR_VA":756.47,"TEXYPR_EXP":1132.63,"MADYPR_VA":564.34,"MADYPR_EXP":525.9,"PAPYPR_VA":584.65,"PAPYPR_EXP":1046.29,"PETREF_VA":913.8,"PETREF_EXP":1611.62,"QUIMYP_VA":577.35,"QUIMYP_EXP":1610.61,"FARMED_VA":68.49,"FARMED_EXP":205.56,"HUPLAS_VA":1489.97,"HUPLAS_EXP":3407.12,"PRNOMT_VA":624.48,"PRNOMT_EXP":711.14,"METBAS_VA":823.3,"METBAS_EXP":2228.61,"NONFER_VA":224.27,"NONFER_EXP":799.25,"PRMETA_VA":2308.11,"PRMETA_EXP":2846.03,"ELCTRO_VA":821.18,"ELCTRO_EXP":5306.72,"ELCTRI_VA":1038.2,"ELCTRI_EXP":3164.85,"MAQYEQ_VA":1715.59,"MAQYEQ_EXP":3853.56,"AUTOMO_VA":3878.35,"AUTOMO_EXP":20750.4,"OTRTRA_VA":0.54,"OTRTRA_EXP":0.76,"TRANSP_VA":164.94,"TRANSP_EXP":118.59,"OTRMAN_VA":1077.22,"OTRMAN_EXP":1046.73,"ELEGAS_VA":2781.77,"ELEGAS_EXP":484.38,"AGUBAS_VA":864.91,"AGUBAS_EXP":27.77,"CONSTR_VA":6619.73,"CONSTR_EXP":210.3,"COMREV_VA":8854.59,"COMREV_EXP":4768.74,"TRATIE_VA":3154.68,"TRATIE_EXP":2233.85,"TRAGUA_VA":75.79,"TRAGUA_EXP":32.47,"TRAAIR_VA":78.36,"TRAAIR_EXP":94.1,"ALMSTR_VA":2527.07,"ALMSTR_EXP":858.14,"POSTME_VA":300.74,"POSTME_EXP":101.17,"HOTYRE_VA":1164.3,"HOTYRE_EXP":721.06,"MMTVRA_VA":613.5,"MMTVRA_EXP":152.37,"TELECO_VA":1249.75,"TELECO_EXP":422.67,"ITSERV_VA":2148.49,"ITSERV_EXP":648.37,"SERFIN_VA":2794.88,"SERFIN_EXP":379.6,"GOBEST_VA":7091.25,"GOBEST_EXP":196.74,"SPRSCT_VA":5673.68,"SPRSCT_EXP":1976.17,"SEAEMP_VA":3121.24,"SEAEMP_EXP":653.32,"ADPDEF_VA":4892.23,"ADPDEF_EXP":42.62,"EDUCAC_VA":2996.9,"EDUCAC_EXP":118.95,"SALUDH_VA":3030.79,"SALUDH_EXP":93.28,"ESPARC_VA":2538.0,"ESPARC_EXP":150.21,"OTRSER_VA":903.25,"OTRSER_EXP":72.05,"SERHOG_VA":38.92,"SERHOG_EXP":0.0}},{"type":"Feature","geometry":{"type":"Point","coordinates":[14.99,46.15]},"properties":{"id":"SVN","name":"Eslovenia","continent":"europe","year":2015,"AGRPFO_VA":737.69,"AGRPFO_EXP":283.97,"FORLOG_VA":234.29,"FORLOG_EXP":167.32,"PESCAC_VA":6.0,"PESCAC_EXP":4.77,"MINCOL_VA":124.16,"MINCOL_EXP":5.34,"PETGAS_VA":0.0,"PETGAS_EXP":0.0,"MINORE_VA":4.82,"MINORE_EXP":8.23,"MINOTH_VA":60.72,"MINOTH_EXP":89.83,"MINSER_VA":1.07,"MINSER_EXP":0.73,"ALYBEB_VA":634.31,"ALYBEB_EXP":569.27,"TEXYPR_VA":280.37,"TEXYPR_EXP":452.49,"MADYPR_VA":296.29,"MADYPR_EXP":537.43,"PAPYPR_VA":395.8,"PAPYPR_EXP":620.19,"PETREF_VA":1.7,"PETREF_EXP":0.21,"QUIMYP_VA":435.55,"QUIMYP_EXP":1056.66,"FARMED_VA":997.42,"FARMED_EXP":1607.56,"HUPLAS_VA":642.67,"HUPLAS_EXP":1090.21,"PRNOMT_VA":385.59,"PRNOMT_EXP":473.95,"METBAS_VA":281.98,"METBAS_EXP":643.96,"NONFER_VA":242.54,"NONFER_EXP":1017.29,"PRMETA_VA":1229.34,"PRMETA_EXP":1405.06,"ELCTRO_VA":267.52,"ELCTRO_EXP":476.6,"ELCTRI_VA":955.17,"ELCTRI_EXP":1934.1,"MAQYEQ_VA":627.69,"MAQYEQ_EXP":1105.24,"AUTOMO_VA":765.36,"AUTOMO_EXP":2175.94,"OTRTRA_VA":5.48,"OTRTRA_EXP":11.93,"TRANSP_VA":25.08,"TRANSP_EXP":49.38,"OTRMAN_VA":711.35,"OTRMAN_EXP":807.18,"ELEGAS_VA":848.66,"ELEGAS_EXP":669.1,"AGUBAS_VA":424.14,"AGUBAS_EXP":70.75,"CONSTR_VA":2099.42,"CONSTR_EXP":124.45,"COMREV_VA":4641.67,"COMREV_EXP":2692.37,"TRATIE_VA":1823.97,"TRATIE_EXP":1453.3,"TRAGUA_VA":33.58,"TRAGUA_EXP":83.18,"TRAAIR_VA":45.51,"TRAAIR_EXP":197.52,"ALMSTR_VA":830.72,"ALMSTR_EXP":597.2,"POSTME_VA":213.17,"POSTME_EXP":30.22,"HOTYRE_VA":888.27,"HOTYRE_EXP":919.94,"MMTVRA_VA":256.54,"MMTVRA_EXP":233.08,"TELECO_VA":586.66,"TELECO_EXP":370.43,"ITSERV_VA":693.6,"ITSERV_EXP":190.02,"SERFIN_VA":1560.7,"SERFIN_EXP":251.02,"GOBEST_VA":2947.34,"GOBEST_EXP":154.42,"SPRSCT_VA":2666.74,"SPRSCT_EXP":765.92,"SEAEMP_VA":1136.47,"SEAEMP_EXP":469.58,"ADPDEF_VA":2251.07,"ADPDEF_EXP":28.84,"EDUCAC_VA":2079.71,"EDUCAC_EXP":83.53,"SALUDH_VA":1978.63,"SALUDH_EXP":47.8,"ESPARC_VA":536.37,"ESPARC_EXP":102.71,"OTRSER_VA":411.51,"OTRSER_EXP":54.83,"SERHOG_VA":31.97,"SERHOG_EXP":0.0}},{"type":"Feature","geometry":{"type":"Point","coordinates":[18.64,60.13]},"properties":{"id":"SWE","name":"Suecia","continent":"europe","year":2015,"AGRPFO_VA":3449.13,"AGRPFO_EXP":804.22,"FORLOG_VA":3519.9,"FORLOG_EXP":85.0,"PESCAC_VA":149.73,"PESCAC_EXP":266.99,"MINCOL_VA":69.94,"MINCOL_EXP":4.58,"PETGAS_VA":21.76,"PETGAS_EXP":0.76,"MINORE_VA":1702.14,"MINORE_EXP":3038.26,"MINOTH_VA":350.63,"MINOTH_EXP":121.16,"MINSER_VA":13.08,"MINSER_EXP":90.42,"ALYBEB_VA":5476.2,"ALYBEB_EXP":3519.93,"TEXYPR_VA":588.22,"TEXYPR_EXP":906.57,"MADYPR_VA":2933.23,"MADYPR_EXP":2996.43,"PAPYPR_VA":5913.81,"PAPYPR_EXP":9042.82,"PETREF_VA":1397.61,"PETREF_EXP":6069.55,"QUIMYP_VA":3980.68,"QUIMYP_EXP":5980.06,"FARMED_VA":5671.81,"FARMED_EXP":5492.14,"HUPLAS_VA":2122.43,"HUPLAS_EXP":3210.38,"PRNOMT_VA":1971.08,"PRNOMT_EXP":932.76,"METBAS_VA":2821.28,"METBAS_EXP":5178.59,"NONFER_VA":1044.76,"NONFER_EXP":2637.8,"PRMETA_VA":6394.25,"PRMETA_EXP":4308.43,"ELCTRO_VA":2776.06,"ELCTRO_EXP":5030.24,"ELCTRI_VA":2913.58,"ELCTRI_EXP":4758.45,"MAQYEQ_VA":9464.05,"MAQYEQ_EXP":15848.52,"AUTOMO_VA":12285.88,"AUTOMO_EXP":15386.28,"OTRTRA_VA":367.21,"OTRTRA_EXP":244.59,"TRANSP_VA":2701.78,"TRANSP_EXP":758.41,"OTRMAN_VA":3878.28,"OTRMAN_EXP":3562.12,"ELEGAS_VA":10946.67,"ELEGAS_EXP":1148.15,"AGUBAS_VA":3206.28,"AGUBAS_EXP":90.05,"CONSTR_VA":28906.67,"CONSTR_EXP":450.6,"COMREV_VA":53501.24,"COMREV_EXP":22988.19,"TRATIE_VA":12156.08,"TRATIE_EXP":3225.81,"TRAGUA_VA":1111.47,"TRAGUA_EXP":1695.29,"TRAAIR_VA":900.34,"TRAAIR_EXP":2222.21,"ALMSTR_VA":8213.13,"ALMSTR_EXP":8972.9,"POSTME_VA":3524.42,"POSTME_EXP":577.64,"HOTYRE_VA":8415.4,"HOTYRE_EXP":3288.32,"MMTVRA_VA":6012.5,"MMTVRA_EXP":4465.36,"TELECO_VA":6590.81,"TELECO_EXP":2077.72,"ITSERV_VA":21557.34,"ITSERV_EXP":9048.19,"SERFIN_VA":21697.26,"SERFIN_EXP":5169.51,"GOBEST_VA":39507.99,"GOBEST_EXP":774.06,"SPRSCT_VA":34443.49,"SPRSCT_EXP":15056.86,"SEAEMP_VA":16038.25,"SEAEMP_EXP":6701.35,"ADPDEF_VA":19951.06,"ADPDEF_EXP":245.17,"EDUCAC_VA":25419.11,"EDUCAC_EXP":323.01,"SALUDH_VA":49824.88,"SALUDH_EXP":325.87,"ESPARC_VA":6252.64,"ESPARC_EXP":540.67,"OTRSER_VA":7293.94,"OTRSER_EXP":273.38,"SERHOG_VA":192.65,"SERHOG_EXP":0.0}},{"type":"Feature","geometry":{"type":"Point","coordinates":[100.99,15.87]},"properties":{"id":"THA","name":"Tailandia","continent":"asia","year":2015,"AGRPFO_VA":27363.5,"AGRPFO_EXP":3295.28,"FORLOG_VA":292.23,"FORLOG_EXP":339.22,"PESCAC_VA":2658.13,"PESCAC_EXP":94.36,"MINCOL_VA":282.8,"MINCOL_EXP":3.94,"PETGAS_VA":8819.28,"PETGAS_EXP":17.64,"MINORE_VA":58.3,"MINORE_EXP":92.66,"MINOTH_VA":1569.99,"MINOTH_EXP":434.89,"MINSER_VA":1422.59,"MINSER_EXP":61.07,"ALYBEB_VA":21815.68,"ALYBEB_EXP":22175.54,"TEXYPR_VA":6703.35,"TEXYPR_EXP":8952.23,"MADYPR_VA":1098.65,"MADYPR_EXP":1568.36,"PAPYPR_VA":1691.33,"PAPYPR_EXP":1700.44,"PETREF_VA":8326.68,"PETREF_EXP":7304.96,"QUIMYP_VA":9027.53,"QUIMYP_EXP":15646.58,"FARMED_VA":954.03,"FARMED_EXP":374.05,"HUPLAS_VA":6771.19,"HUPLAS_EXP":13041.28,"PRNOMT_VA":4250.9,"PRNOMT_EXP":1896.49,"METBAS_VA":1611.47,"METBAS_EXP":1378.2,"NONFER_VA":924.53,"NONFER_EXP":2327.98,"PRMETA_VA":3007.35,"PRMETA_EXP":5389.17,"ELCTRO_VA":10281.31,"ELCTRO_EXP":32549.26,"ELCTRI_VA":4781.19,"ELCTRI_EXP":10375.47,"MAQYEQ_VA":4364.18,"MAQYEQ_EXP":10318.43,"AUTOMO_VA":8421.68,"AUTOMO_EXP":24874.84,"OTRTRA_VA":800.38,"OTRTRA_EXP":1011.54,"TRANSP_VA":934.81,"TRANSP_EXP":2225.25,"OTRMAN_VA":5673.33,"OTRMAN_EXP":11716.79,"ELEGAS_VA":8899.23,"ELEGAS_EXP":211.21,"AGUBAS_VA":1389.42,"AGUBAS_EXP":0.38,"CONSTR_VA":9949.34,"CONSTR_EXP":0.6,"COMREV_VA":71133.37,"COMREV_EXP":25490.97,"TRATIE_VA":8250.33,"TRATIE_EXP":7505.25,"TRAGUA_VA":3629.14,"TRAGUA_EXP":6179.27,"TRAAIR_VA":3585.88,"TRAAIR_EXP":6533.37,"ALMSTR_VA":3620.51,"ALMSTR_EXP":615.44,"POSTME_VA":658.2,"POSTME_EXP":432.05,"HOTYRE_VA":15547.52,"HOTYRE_EXP":8569.97,"MMTVRA_VA":1317.76,"MMTVRA_EXP":258.08,"TELECO_VA":4409.87,"TELECO_EXP":2840.76,"ITSERV_VA":2344.11,"ITSERV_EXP":565.3,"SERFIN_VA":25345.9,"SERFIN_EXP":1544.27,"GOBEST_VA":10636.44,"GOBEST_EXP":2975.78,"SPRSCT_VA":6437.57,"SPRSCT_EXP":1382.48,"SEAEMP_VA":5873.28,"SEAEMP_EXP":4535.37,"ADPDEF_VA":20765.59,"ADPDEF_EXP":0.8,"EDUCAC_VA":14664.34,"EDUCAC_EXP":3.76,"SALUDH_VA":8698.34,"SALUDH_EXP":1262.1,"ESPARC_VA":1895.29,"ESPARC_EXP":392.85,"OTRSER_VA":4607.78,"OTRSER_EXP":2776.56,"SERHOG_VA":676.07,"SERHOG_EXP":0.0}},{"type":"Feature","geometry":{"type":"Point","coordinates":[9.54,33.89]},"properties":{"id":"TUN","name":"Túnez","continent":"other","year":2015,"AGRPFO_VA":3195.86,"AGRPFO_EXP":307.0,"FORLOG_VA":442.63,"FORLOG_EXP":1.76,"PESCAC_VA":660.42,"PESCAC_EXP":54.28,"MINCOL_VA":374.0,"MINCOL_EXP":0.09,"PETGAS_VA":1180.37,"PETGAS_EXP":1304.65,"MINORE_VA":5.58,"MINORE_EXP":0.39,"MINOTH_VA":230.23,"MINOTH_EXP":34.09,"MINSER_VA":113.29,"MINSER_EXP":1.78,"ALYBEB_VA":1320.45,"ALYBEB_EXP":1519.06,"TEXYPR_VA":1522.7,"TEXYPR_EXP":2349.52,"MADYPR_VA":163.99,"MADYPR_EXP":24.57,"PAPYPR_VA":208.27,"PAPYPR_EXP":171.38,"PETREF_VA":74.42,"PETREF_EXP":272.52,"QUIMYP_VA":341.09,"QUIMYP_EXP":794.66,"FARMED_VA":197.14,"FARMED_EXP":57.93,"HUPLAS_VA":114.04,"HUPLAS_EXP":225.6,"PRNOMT_VA":545.82,"PRNOMT_EXP":220.14,"METBAS_VA":86.14,"METBAS_EXP":240.61,"NONFER_VA":60.76,"NONFER_EXP":167.93,"PRMETA_VA":542.1,"PRMETA_EXP":392.39,"ELCTRO_VA":276.22,"ELCTRO_EXP":665.2,"ELCTRI_VA":750.86,"ELCTRI_EXP":1672.61,"MAQYEQ_VA":405.32,"MAQYEQ_EXP":270.28,"AUTOMO_VA":346.04,"AUTOMO_EXP":664.76,"OTRTRA_VA":19.27,"OTRTRA_EXP":44.13,"TRANSP_VA":48.96,"TRANSP_EXP":101.12,"OTRMAN_VA":264.59,"OTRMAN_EXP":279.35,"ELEGAS_VA":473.41,"ELEGAS_EXP":170.22,"AGUBAS_VA":166.78,"AGUBAS_EXP":0.32,"CONSTR_VA":2483.86,"CONSTR_EXP":22.76,"COMREV_VA":3755.08,"COMREV_EXP":1291.09,"TRATIE_VA":1633.6,"TRATIE_EXP":488.66,"TRAGUA_VA":125.34,"TRAGUA_EXP":150.64,"TRAAIR_VA":171.07,"TRAAIR_EXP":268.47,"ALMSTR_VA":849.71,"ALMSTR_EXP":254.6,"POSTME_VA":400.06,"POSTME_EXP":63.38,"HOTYRE_VA":1802.74,"HOTYRE_EXP":483.08,"MMTVRA_VA":175.5,"MMTVRA_EXP":41.37,"TELECO_VA":1363.65,"TELECO_EXP":296.85,"ITSERV_VA":550.71,"ITSERV_EXP":108.55,"SERFIN_VA":1642.96,"SERFIN_EXP":190.16,"GOBEST_VA":1786.62,"GOBEST_EXP":83.57,"SPRSCT_VA":1296.14,"SPRSCT_EXP":400.58,"SEAEMP_VA":960.45,"SEAEMP_EXP":131.02,"ADPDEF_VA":4565.78,"ADPDEF_EXP":0.44,"EDUCAC_VA":2717.18,"EDUCAC_EXP":28.75,"SALUDH_VA":91.12,"SALUDH_EXP":19.13,"ESPARC_VA":56.63,"ESPARC_EXP":48.98,"OTRSER_VA":107.66,"OTRSER_EXP":24.8,"SERHOG_VA":141.5,"SERHOG_EXP":0.0}},{"type":"Feature","geometry":{"type":"Point","coordinates":[35.24,38.96]},"properties":{"id":"TUR","name":"Turquía","continent":"europe","year":2015,"AGRPFO_VA":58778.88,"AGRPFO_EXP":7557.76,"FORLOG_VA":1691.75,"FORLOG_EXP":8.44,"PESCAC_VA":1804.43,"PESCAC_EXP":275.72,"MINCOL_VA":2528.56,"MINCOL_EXP":2.72,"PETGAS_VA":1390.39,"PETGAS_EXP":138.5,"MINORE_VA":3771.26,"MINORE_EXP":3654.86,"MINOTH_VA":2274.0,"MINOTH_EXP":646.6,"MINSER_VA":433.52,"MINSER_EXP":3.39,"ALYBEB_VA":21430.17,"ALYBEB_EXP":8455.75,"TEXYPR_VA":29179.79,"TEXYPR_EXP":21517.37,"MADYPR_VA":2379.07,"MADYPR_EXP":644.09,"PAPYPR_VA":5397.15,"PAPYPR_EXP":1766.15,"PETREF_VA":2027.73,"PETREF_EXP":3971.67,"QUIMYP_VA":7527.16,"QUIMYP_EXP":5351.89,"FARMED_VA":2341.87,"FARMED_EXP":897.44,"HUPLAS_VA":7922.9,"HUPLAS_EXP":5190.72,"PRNOMT_VA":12384.08,"PRNOMT_EXP":3023.78,"METBAS_VA":7339.33,"METBAS_EXP":8956.34,"NONFER_VA":2139.05,"NONFER_EXP":3021.55,"PRMETA_VA":11005.86,"PRMETA_EXP":5875.64,"ELCTRO_VA":1784.49,"ELCTRO_EXP":1965.4,"ELCTRI_VA":5661.35,"ELCTRI_EXP":8036.45,"MAQYEQ_VA":6992.38,"MAQYEQ_EXP":5904.96,"AUTOMO_VA":8117.34,"AUTOMO_EXP":15619.5,"OTRTRA_VA":519.68,"OTRTRA_EXP":647.9,"TRANSP_VA":1289.09,"TRANSP_EXP":754.98,"OTRMAN_VA":12240.44,"OTRMAN_EXP":5347.33,"ELEGAS_VA":12218.82,"ELEGAS_EXP":86.79,"AGUBAS_VA":8723.76,"AGUBAS_EXP":22.59,"CONSTR_VA":75207.45,"CONSTR_EXP":906.73,"COMREV_VA":106426.26,"COMREV_EXP":23241.99,"TRATIE_VA":59098.21,"TRATIE_EXP":9131.6,"TRAGUA_VA":3953.13,"TRAGUA_EXP":2821.11,"TRAAIR_VA":5092.91,"TRAAIR_EXP":8376.02,"ALMSTR_VA":10128.91,"ALMSTR_EXP":3054.49,"POSTME_VA":2261.64,"POSTME_EXP":265.53,"HOTYRE_VA":25275.26,"HOTYRE_EXP":9299.33,"MMTVRA_VA":4316.12,"MMTVRA_EXP":308.95,"TELECO_VA":9571.08,"TELECO_EXP":1086.26,"ITSERV_VA":8451.33,"ITSERV_EXP":1048.73,"SERFIN_VA":26912.85,"SERFIN_EXP":3580.36,"GOBEST_VA":63264.95,"GOBEST_EXP":1644.34,"SPRSCT_VA":21081.67,"SPRSCT_EXP":2744.96,"SEAEMP_VA":21323.84,"SEAEMP_EXP":4598.61,"ADPDEF_VA":40029.56,"ADPDEF_EXP":275.62,"EDUCAC_VA":36441.6,"EDUCAC_EXP":1159.7,"SALUDH_VA":22437.37,"SALUDH_EXP":333.76,"ESPARC_VA":8356.06,"ESPARC_EXP":1022.34,"OTRSER_VA":8521.8,"OTRSER_EXP":521.23,"SERHOG_VA":396.15,"SERHOG_EXP":0.0}},{"type":"Feature","geometry":{"type":"Point","coordinates":[120.96,23.7]},"properties":{"id":"TWN","name":"Taiwán","continent":"asia","year":2015,"AGRPFO_VA":7779.0,"AGRPFO_EXP":578.27,"FORLOG_VA":59.39,"FORLOG_EXP":9.99,"PESCAC_VA":1301.53,"PESCAC_EXP":1050.0,"MINCOL_VA":87.55,"MINCOL_EXP":10.49,"PETGAS_VA":274.78,"PETGAS_EXP":29.08,"MINORE_VA":64.04,"MINORE_EXP":128.4,"MINOTH_VA":555.53,"MINOTH_EXP":88.53,"MINSER_VA":297.31,"MINSER_EXP":7.97,"ALYBEB_VA":7594.48,"ALYBEB_EXP":3183.03,"TEXYPR_VA":5172.46,"TEXYPR_EXP":10506.94,"MADYPR_VA":355.27,"MADYPR_EXP":192.18,"PAPYPR_VA":2951.39,"PAPYPR_EXP":1896.24,"PETREF_VA":4753.17,"PETREF_EXP":11427.19,"QUIMYP_VA":13041.05,"QUIMYP_EXP":32824.2,"FARMED_VA":1322.5,"FARMED_EXP":568.19,"HUPLAS_VA":5575.86,"HUPLAS_EXP":7655.42,"PRNOMT_VA":3716.42,"PRNOMT_EXP":2441.2,"METBAS_VA":6340.77,"METBAS_EXP":10201.11,"NONFER_VA":1363.84,"NONFER_EXP":5751.48,"PRMETA_VA":9773.33,"PRMETA_EXP":14617.77,"ELCTRO_VA":80072.25,"ELCTRO_EXP":145794.56,"ELCTRI_VA":4954.52,"ELCTRI_EXP":7543.87,"MAQYEQ_VA":8301.62,"MAQYEQ_EXP":16764.25,"AUTOMO_VA":4648.37,"AUTOMO_EXP":7660.8,"OTRTRA_VA":2969.15,"OTRTRA_EXP":935.86,"TRANSP_VA":2924.58,"TRANSP_EXP":5720.11,"OTRMAN_VA":6796.26,"OTRMAN_EXP":3060.9,"ELEGAS_VA":9318.48,"ELEGAS_EXP":50.83,"AGUBAS_VA":2919.81,"AGUBAS_EXP":3.62,"CONSTR_VA":13160.53,"CONSTR_EXP":316.61,"COMREV_VA":76309.92,"COMREV_EXP":34054.05,"TRATIE_VA":7078.61,"TRATIE_EXP":3338.28,"TRAGUA_VA":642.06,"TRAGUA_EXP":3269.99,"TRAAIR_VA":2579.17,"TRAAIR_EXP":5126.6,"ALMSTR_VA":4635.66,"ALMSTR_EXP":3013.77,"POSTME_VA":1109.97,"POSTME_EXP":52.04,"HOTYRE_VA":12964.65,"HOTYRE_EXP":4561.54,"MMTVRA_VA":3170.57,"MMTVRA_EXP":1481.3,"TELECO_VA":7551.39,"TELECO_EXP":874.24,"ITSERV_VA":5528.13,"ITSERV_EXP":1146.03,"SERFIN_VA":33732.84,"SERFIN_EXP":2179.99,"GOBEST_VA":41973.16,"GOBEST_EXP":731.31,"SPRSCT_VA":16322.32,"SPRSCT_EXP":3227.73,"SEAEMP_VA":10109.25,"SEAEMP_EXP":1335.26,"ADPDEF_VA":31977.1,"ADPDEF_EXP":0.01,"EDUCAC_VA":22715.87,"EDUCAC_EXP":335.96,"SALUDH_VA":14900.06,"SALUDH_EXP":1078.86,"ESPARC_VA":4681.65,"ESPARC_EXP":847.99,"OTRSER_VA":13176.52,"OTRSER_EXP":173.35,"SERHOG_VA":3439.58,"SERHOG_EXP":0.0}},{"type":"Feature","geometry":{"type":"Point","coordinates":[31.17,48.38]},"properties":{"id":"UKR","name":"Ucrania","continent":"europe","year":2015,"AGRPFO_VA":10078.35,"AGRPFO_EXP":6340.66,"FORLOG_VA":1145.0,"FORLOG_EXP":193.73,"PESCAC_VA":30.57,"PESCAC_EXP":1.29,"MINCOL_VA":548.85,"MINCOL_EXP":43.86,"PETGAS_VA":2099.02,"PETGAS_EXP":51.58,"MINORE_VA":1679.15,"MINORE_EXP":1473.39,"MINOTH_VA":348.08,"MINOTH_EXP":304.18,"MINSER_VA":78.83,"MINSER_EXP":543.34,"ALYBEB_VA":3931.36,"ALYBEB_EXP":4983.73,"TEXYPR_VA":537.0,"TEXYPR_EXP":120.66,"MADYPR_VA":297.94,"MADYPR_EXP":592.68,"PAPYPR_VA":574.13,"PAPYPR_EXP":438.94,"PETREF_VA":446.57,"PETREF_EXP":144.6,"QUIMYP_VA":527.76,"QUIMYP_EXP":690.98,"FARMED_VA":364.5,"FARMED_EXP":65.7,"HUPLAS_VA":372.07,"HUPLAS_EXP":120.19,"PRNOMT_VA":501.03,"PRNOMT_EXP":141.17,"METBAS_VA":2077.39,"METBAS_EXP":4938.17,"NONFER_VA":145.89,"NONFER_EXP":377.8,"PRMETA_VA":393.74,"PRMETA_EXP":193.21,"ELCTRO_VA":129.57,"ELCTRO_EXP":124.49,"ELCTRI_VA":382.98,"ELCTRI_EXP":319.48,"MAQYEQ_VA":654.21,"MAQYEQ_EXP":1033.84,"AUTOMO_VA":169.72,"AUTOMO_EXP":254.99,"OTRTRA_VA":10.91,"OTRTRA_EXP":32.26,"TRANSP_VA":537.82,"TRANSP_EXP":160.37,"OTRMAN_VA":803.87,"OTRMAN_EXP":760.92,"ELEGAS_VA":2555.19,"ELEGAS_EXP":244.49,"AGUBAS_VA":340.82,"AGUBAS_EXP":2.26,"CONSTR_VA":1921.25,"CONSTR_EXP":9.98,"COMREV_VA":12700.05,"COMREV_EXP":3224.89,"TRATIE_VA":4180.55,"TRATIE_EXP":1502.57,"TRAGUA_VA":529.28,"TRAGUA_EXP":709.41,"TRAAIR_VA":548.72,"TRAAIR_EXP":896.03,"ALMSTR_VA":2101.07,"ALMSTR_EXP":903.46,"POSTME_VA":155.5,"POSTME_EXP":139.02,"HOTYRE_VA":603.61,"HOTYRE_EXP":348.23,"MMTVRA_VA":368.86,"MMTVRA_EXP":302.83,"TELECO_VA":1387.57,"TELECO_EXP":825.29,"ITSERV_VA":1867.2,"ITSERV_EXP":3249.28,"SERFIN_VA":3337.11,"SERFIN_EXP":382.94,"GOBEST_VA":4342.4,"GOBEST_EXP":88.36,"SPRSCT_VA":2433.99,"SPRSCT_EXP":1681.29,"SEAEMP_VA":982.53,"SEAEMP_EXP":444.71,"ADPDEF_VA":4565.08,"ADPDEF_EXP":0.66,"EDUCAC_VA":3967.96,"EDUCAC_EXP":33.92,"SALUDH_VA":2645.93,"SALUDH_EXP":15.23,"ESPARC_VA":595.09,"ESPARC_EXP":140.61,"OTRSER_VA":495.29,"OTRSER_EXP":18.98,"SERHOG_VA":4.76,"SERHOG_EXP":0.0}},{"type":"Feature","geometry":{"type":"Point","coordinates":[-95.71,37.09]},"properties":{"id":"USA","name":"Estados Unidos","continent":"america","year":2015,"AGRPFO_VA":176419.4,"AGRPFO_EXP":40473.3,"FORLOG_VA":11758.44,"FORLOG_EXP":1543.07,"PESCAC_VA":3863.03,"PESCAC_EXP":3528.84,"MINCOL_VA":21856.88,"MINCOL_EXP":4509.56,"PETGAS_VA":151878.05,"PETGAS_EXP":19646.29,"MINORE_VA":10082.93,"MINORE_EXP":8939.92,"MINOTH_VA":17163.25,"MINOTH_EXP":1884.42,"MINSER_VA":54863.25,"MINSER_EXP":4164.42,"ALYBEB_VA":243333.02,"ALYBEB_EXP":52674.23,"TEXYPR_VA":28585.76,"TEXYPR_EXP":18532.02,"MADYPR_VA":33345.86,"MADYPR_EXP":4660.33,"PAPYPR_VA":102765.03,"PAPYPR_EXP":22744.3,"PETREF_VA":136721.07,"PETREF_EXP":60677.78,"QUIMYP_VA":190862.46,"QUIMYP_EXP":92753.93,"FARMED_VA":145677.17,"FARMED_EXP":41260.85,"HUPLAS_VA":80805.27,"HUPLAS_EXP":22126.3,"PRNOMT_VA":68095.77,"PRNOMT_EXP":8687.68,"METBAS_VA":32199.93,"METBAS_EXP":12389.39,"NONFER_VA":43911.9,"NONFER_EXP":34917.76,"PRMETA_VA":149696.69,"PRMETA_EXP":26339.14,"ELCTRO_VA":271059.36,"ELCTRO_EXP":107688.38,"ELCTRI_VA":65189.2,"ELCTRI_EXP":32296.88,"MAQYEQ_VA":155403.01,"MAQYEQ_EXP":93988.67,"AUTOMO_VA":144017.52,"AUTOMO_EXP":96782.28,"OTRTRA_VA":19167.15,"OTRTRA_EXP":2570.85,"TRANSP_VA":131349.95,"TRANSP_EXP":95804.38,"OTRMAN_VA":131616.74,"OTRMAN_EXP":45228.63,"ELEGAS_VA":263568.44,"ELEGAS_EXP":2630.13,"AGUBAS_VA":55750.1,"AGUBAS_EXP":77.63,"CONSTR_VA":712583.11,"CONSTR_EXP":3.8,"COMREV_VA":1859188.43,"COMREV_EXP":300836.4,"TRATIE_VA":283079.69,"TRATIE_EXP":45443.38,"TRAGUA_VA":16611.41,"TRAGUA_EXP":8469.01,"TRAAIR_VA":100607.61,"TRAAIR_EXP":53660.38,"ALMSTR_VA":117418.54,"ALMSTR_EXP":6526.21,"POSTME_VA":87544.02,"POSTME_EXP":10156.63,"HOTYRE_VA":493361.66,"HOTYRE_EXP":52484.99,"MMTVRA_VA":398171.12,"MMTVRA_EXP":70684.86,"TELECO_VA":305742.36,"TELECO_EXP":24277.31,"ITSERV_VA":453323.21,"ITSERV_EXP":33578.75,"SERFIN_VA":1357939.72,"SERFIN_EXP":155735.65,"GOBEST_VA":2158206.25,"GOBEST_EXP":15214.39,"SPRSCT_VA":1403534.67,"SPRSCT_EXP":147434.66,"SEAEMP_VA":690021.07,"SEAEMP_EXP":65048.79,"ADPDEF_VA":1590485.25,"ADPDEF_EXP":3499.37,"EDUCAC_VA":1010010.5,"EDUCAC_EXP":40288.22,"SALUDH_VA":1346989.82,"SALUDH_EXP":2680.3,"ESPARC_VA":181217.63,"ESPARC_EXP":7979.52,"OTRSER_VA":262644.62,"OTRSER_EXP":4081.55,"SERHOG_VA":21404.08,"SERHOG_EXP":0.0}},{"type":"Feature","geometry":{"type":"Point","coordinates":[108.28,14.06]},"properties":{"id":"VNM","name":"Vietnam","continent":"asia","year":2015,"AGRPFO_VA":22688.3,"AGRPFO_EXP":7654.38,"FORLOG_VA":1265.95,"FORLOG_EXP":48.3,"PESCAC_VA":6318.85,"PESCAC_EXP":57.95,"MINCOL_VA":1298.53,"MINCOL_EXP":166.74,"PETGAS_VA":2588.56,"PETGAS_EXP":3724.28,"MINORE_VA":17041.98,"MINORE_EXP":1401.71,"MINOTH_VA":554.64,"MINOTH_EXP":82.87,"MINSER_VA":376.43,"MINSER_EXP":73.42,"ALYBEB_VA":10017.88,"ALYBEB_EXP":15882.9,"TEXYPR_VA":17993.25,"TEXYPR_EXP":30316.03,"MADYPR_VA":837.15,"MADYPR_EXP":1839.14,"PAPYPR_VA":1774.76,"PAPYPR_EXP":682.7,"PETREF_VA":2319.04,"PETREF_EXP":874.1,"QUIMYP_VA":3655.54,"QUIMYP_EXP":3303.67,"FARMED_VA":966.11,"FARMED_EXP":132.76,"HUPLAS_VA":2962.87,"HUPLAS_EXP":3350.2,"PRNOMT_VA":4564.88,"PRNOMT_EXP":3635.65,"METBAS_VA":2452.86,"METBAS_EXP":2490.63,"NONFER_VA":753.25,"NONFER_EXP":1047.91,"PRMETA_VA":2880.12,"PRMETA_EXP":4262.5,"ELCTRO_VA":23481.55,"ELCTRO_EXP":45554.91,"ELCTRI_VA":2211.05,"ELCTRI_EXP":4984.27,"MAQYEQ_VA":1028.87,"MAQYEQ_EXP":2209.88,"AUTOMO_VA":1027.37,"AUTOMO_EXP":2545.65,"OTRTRA_VA":418.17,"OTRTRA_EXP":998.52,"TRANSP_VA":515.78,"TRANSP_EXP":1046.84,"OTRMAN_VA":4869.35,"OTRMAN_EXP":8779.03,"ELEGAS_VA":6748.69,"ELEGAS_EXP":47.68,"AGUBAS_VA":1243.51,"AGUBAS_EXP":7.97,"CONSTR_VA":12600.63,"CONSTR_EXP":43.53,"COMREV_VA":19799.07,"COMREV_EXP":10035.67,"TRATIE_VA":3184.74,"TRATIE_EXP":2079.46,"TRAGUA_VA":755.95,"TRAGUA_EXP":912.4,"TRAAIR_VA":852.61,"TRAAIR_EXP":1834.44,"ALMSTR_VA":1909.06,"ALMSTR_EXP":2159.36,"POSTME_VA":337.72,"POSTME_EXP":231.7,"HOTYRE_VA":5319.36,"HOTYRE_EXP":2253.47,"MMTVRA_VA":623.76,"MMTVRA_EXP":135.7,"TELECO_VA":2348.64,"TELECO_EXP":313.97,"ITSERV_VA":964.81,"ITSERV_EXP":174.31,"SERFIN_VA":7358.39,"SERFIN_EXP":467.55,"GOBEST_VA":6827.78,"GOBEST_EXP":229.23,"SPRSCT_VA":4189.21,"SPRSCT_EXP":349.84,"SEAEMP_VA":1221.8,"SEAEMP_EXP":808.41,"ADPDEF_VA":4829.46,"ADPDEF_EXP":2.93,"EDUCAC_VA":6719.87,"EDUCAC_EXP":81.16,"SALUDH_VA":2187.49,"SALUDH_EXP":53.53,"ESPARC_VA":1976.97,"ESPARC_EXP":539.26,"OTRSER_VA":1339.56,"OTRSER_EXP":74.04,"SERHOG_VA":294.73,"SERHOG_EXP":0.0}},{"type":"Feature","geometry":{"type":"Point","coordinates":[22.94,-30.56]},"properties":{"id":"ZAF","name":"Sudáfrica","continent":"other","year":2015,"AGRPFO_VA":6368.72,"AGRPFO_EXP":2644.52,"FORLOG_VA":224.99,"FORLOG_EXP":32.18,"PESCAC_VA":633.92,"PESCAC_EXP":171.9,"MINCOL_VA":3222.17,"MINCOL_EXP":4959.46,"PETGAS_VA":178.24,"PETGAS_EXP":814.3,"MINORE_VA":11948.23,"MINORE_EXP":13344.57,"MINOTH_VA":1060.08,"MINOTH_EXP":2578.72,"MINSER_VA":194.28,"MINSER_EXP":13.21,"ALYBEB_VA":8328.14,"ALYBEB_EXP":4147.0,"TEXYPR_VA":1940.25,"TEXYPR_EXP":1237.74,"MADYPR_VA":755.87,"MADYPR_EXP":861.05,"PAPYPR_VA":2831.67,"PAPYPR_EXP":1232.04,"PETREF_VA":4528.14,"PETREF_EXP":3251.81,"QUIMYP_VA":3615.23,"QUIMYP_EXP":5810.37,"FARMED_VA":709.73,"FARMED_EXP":522.97,"HUPLAS_VA":1481.75,"HUPLAS_EXP":757.23,"PRNOMT_VA":1745.44,"PRNOMT_EXP":701.77,"METBAS_VA":2857.15,"METBAS_EXP":6580.2,"NONFER_VA":1134.61,"NONFER_EXP":2401.03,"PRMETA_VA":2454.65,"PRMETA_EXP":1632.28,"ELCTRO_VA":749.05,"ELCTRO_EXP":558.89,"ELCTRI_VA":1333.54,"ELCTRI_EXP":1545.74,"MAQYEQ_VA":3168.16,"MAQYEQ_EXP":3885.62,"AUTOMO_VA":3960.25,"AUTOMO_EXP":6279.09,"OTRTRA_VA":86.21,"OTRTRA_EXP":125.94,"TRANSP_VA":543.54,"TRANSP_EXP":915.69,"OTRMAN_VA":2723.47,"OTRMAN_EXP":1064.94,"ELEGAS_VA":6141.07,"ELEGAS_EXP":344.13,"AGUBAS_VA":3423.94,"AGUBAS_EXP":2.45,"CONSTR_VA":12032.98,"CONSTR_EXP":0.0,"COMREV_VA":27103.98,"COMREV_EXP":8703.75,"TRATIE_VA":8403.39,"TRATIE_EXP":2631.08,"TRAGUA_VA":349.61,"TRAGUA_EXP":370.59,"TRAAIR_VA":923.44,"TRAAIR_EXP":1369.33,"ALMSTR_VA":3698.88,"ALMSTR_EXP":1103.73,"POSTME_VA":560.21,"POSTME_EXP":107.14,"HOTYRE_VA":3032.96,"HOTYRE_EXP":1236.02,"MMTVRA_VA":2977.08,"MMTVRA_EXP":278.56,"TELECO_VA":16589.55,"TELECO_EXP":1304.68,"ITSERV_VA":6620.24,"ITSERV_EXP":612.99,"SERFIN_VA":45608.2,"SERFIN_EXP":2206.19,"GOBEST_VA":21558.86,"GOBEST_EXP":641.92,"SPRSCT_VA":12406.72,"SPRSCT_EXP":728.75,"SEAEMP_VA":10097.21,"SEAEMP_EXP":767.27,"ADPDEF_VA":11742.12,"ADPDEF_EXP":29.86,"EDUCAC_VA":9185.25,"EDUCAC_EXP":908.02,"SALUDH_VA":6775.32,"SALUDH_EXP":109.54,"ESPARC_VA":3732.33,"ESPARC_EXP":321.4,"OTRSER_VA":1867.63,"OTRSER_EXP":101.86,"SERHOG_VA":41496.42,"SERHOG_EXP":0.0}}]}