{"type":"FeatureCollection","features":[{"type":"Feature","geometry":{"type":"Point","coordinates":[13.23,-8.84]},"properties":{"id":"AGO","name":"Angola","continent":"other","year":1995,"AGRPFO_VA":323.61,"AGRPFO_EXP":305.27,"FORLOG_VA":25.18,"FORLOG_EXP":2.49,"PESCAC_VA":48.23,"PESCAC_EXP":0.58,"MINCOL_VA":2.14,"MINCOL_EXP":0.12,"PETGAS_VA":2247.86,"PETGAS_EXP":3521.16,"MINORE_VA":1.82,"MINORE_EXP":0.64,"MINOTH_VA":393.35,"MINOTH_EXP":375.65,"MINSER_VA":270.27,"MINSER_EXP":22.63,"ALYBEB_VA":83.11,"ALYBEB_EXP":161.48,"TEXYPR_VA":40.7,"TEXYPR_EXP":4.05,"MADYPR_VA":1.36,"MADYPR_EXP":0.39,"PAPYPR_VA":5.22,"PAPYPR_EXP":0.39,"PETREF_VA":59.14,"PETREF_EXP":113.06,"QUIMYP_VA":29.37,"QUIMYP_EXP":9.09,"FARMED_VA":10.95,"FARMED_EXP":0.58,"HUPLAS_VA":6.71,"HUPLAS_EXP":0.09,"PRNOMT_VA":11.55,"PRNOMT_EXP":1.31,"METBAS_VA":3.73,"METBAS_EXP":0.06,"NONFER_VA":1.01,"NONFER_EXP":0.09,"PRMETA_VA":7.48,"PRMETA_EXP":0.41,"ELCTRO_VA":27.67,"ELCTRO_EXP":2.79,"ELCTRI_VA":10.46,"ELCTRI_EXP":0.7,"MAQYEQ_VA":35.75,"MAQYEQ_EXP":5.59,"AUTOMO_VA":33.06,"AUTOMO_EXP":0.68,"OTRTRA_VA":1.21,"OTRTRA_EXP":0.07,"TRANSP_VA":0.68,"TRANSP_EXP":0.24,"OTRMAN_VA":14.04,"OTRMAN_EXP":3.06,"ELEGAS_VA":240.03,"ELEGAS_EXP":0.68,"AGUBAS_VA":28.07,"AGUBAS_EXP":0.55,"CONSTR_VA":331.82,"CONSTR_EXP":1.04,"COMREV_VA":369.02,"COMREV_EXP":83.12,"TRATIE_VA":44.24,"TRATIE_EXP":37.33,"TRAGUA_VA":18.85,"TRAGUA_EXP":35.32,"TRAAIR_VA":28.63,"TRAAIR_EXP":28.83,"ALMSTR_VA":34.85,"ALMSTR_EXP":12.12,"POSTME_VA":17.12,"POSTME_EXP":0.58,"HOTYRE_VA":91.06,"HOTYRE_EXP":52.38,"MMTVRA_VA":50.14,"MMTVRA_EXP":29.84,"TELECO_VA":75.57,"TELECO_EXP":18.93,"ITSERV_VA":54.6,"ITSERV_EXP":33.2,"SERFIN_VA":145.69,"SERFIN_EXP":59.98,"GOBEST_VA":274.14,"GOBEST_EXP":12.57,"SPRSCT_VA":73.93,"SPRSCT_EXP":27.51,"SEAEMP_VA":60.27,"SEAEMP_EXP":29.27,"ADPDEF_VA":448.5,"ADPDEF_EXP":4.87,"EDUCAC_VA":358.21,"EDUCAC_EXP":2.76,"SALUDH_VA":74.95,"SALUDH_EXP":1.96,"ESPARC_VA":11.7,"ESPARC_EXP":5.33,"OTRSER_VA":42.36,"OTRSER_EXP":2.5,"SERHOG_VA":0.0,"SERHOG_EXP":0.0}},{"type":"Feature","geometry":{"type":"Point","coordinates":[53.85,23.42]},"properties":{"id":"ARE","name":"Emiratos Árabes","continent":"other","year":1995,"AGRPFO_VA":974.48,"AGRPFO_EXP":12.31,"FORLOG_VA":76.41,"FORLOG_EXP":0.31,"PESCAC_VA":102.63,"PESCAC_EXP":41.15,"MINCOL_VA":134.75,"MINCOL_EXP":1.23,"PETGAS_VA":15676.88,"PETGAS_EXP":17103.38,"MINORE_VA":2409.21,"MINORE_EXP":11.78,"MINOTH_VA":637.71,"MINOTH_EXP":1056.19,"MINSER_VA":1513.92,"MINSER_EXP":207.18,"ALYBEB_VA":828.82,"ALYBEB_EXP":207.54,"TEXYPR_VA":480.33,"TEXYPR_EXP":39.19,"MADYPR_VA":45.17,"MADYPR_EXP":2.9,"PAPYPR_VA":164.21,"PAPYPR_EXP":39.37,"PETREF_VA":2103.48,"PETREF_EXP":3473.35,"QUIMYP_VA":718.07,"QUIMYP_EXP":783.32,"FARMED_VA":347.29,"FARMED_EXP":13.34,"HUPLAS_VA":219.34,"HUPLAS_EXP":37.19,"PRNOMT_VA":352.61,"PRNOMT_EXP":44.88,"METBAS_VA":123.12,"METBAS_EXP":12.51,"NONFER_VA":354.24,"NONFER_EXP":471.06,"PRMETA_VA":254.36,"PRMETA_EXP":29.99,"ELCTRO_VA":599.58,"ELCTRO_EXP":10.17,"ELCTRI_VA":314.99,"ELCTRI_EXP":24.9,"MAQYEQ_VA":273.39,"MAQYEQ_EXP":17.28,"AUTOMO_VA":289.68,"AUTOMO_EXP":9.99,"OTRTRA_VA":42.63,"OTRTRA_EXP":11.48,"TRANSP_VA":92.63,"TRANSP_EXP":0.32,"OTRMAN_VA":343.03,"OTRMAN_EXP":27.87,"ELEGAS_VA":1699.46,"ELEGAS_EXP":38.45,"AGUBAS_VA":419.12,"AGUBAS_EXP":2.07,"CONSTR_VA":8148.58,"CONSTR_EXP":18.57,"COMREV_VA":5051.21,"COMREV_EXP":699.9,"TRATIE_VA":565.89,"TRATIE_EXP":129.86,"TRAGUA_VA":260.04,"TRAGUA_EXP":51.94,"TRAAIR_VA":414.72,"TRAAIR_EXP":69.7,"ALMSTR_VA":500.85,"ALMSTR_EXP":46.9,"POSTME_VA":249.12,"POSTME_EXP":1.81,"HOTYRE_VA":1183.61,"HOTYRE_EXP":376.23,"MMTVRA_VA":746.04,"MMTVRA_EXP":20.25,"TELECO_VA":1099.71,"TELECO_EXP":14.46,"ITSERV_VA":758.23,"ITSERV_EXP":14.61,"SERFIN_VA":2203.96,"SERFIN_EXP":44.31,"GOBEST_VA":3983.17,"GOBEST_EXP":81.91,"SPRSCT_VA":1072.3,"SPRSCT_EXP":141.35,"SEAEMP_VA":834.49,"SEAEMP_EXP":78.07,"ADPDEF_VA":3998.88,"ADPDEF_EXP":2.13,"EDUCAC_VA":869.4,"EDUCAC_EXP":21.82,"SALUDH_VA":939.12,"SALUDH_EXP":13.38,"ESPARC_VA":153.86,"ESPARC_EXP":32.05,"OTRSER_VA":583.44,"OTRSER_EXP":16.75,"SERHOG_VA":294.76,"SERHOG_EXP":0.0}},{"type":"Feature","geometry":{"type":"Point","coordinates":[-63.62,-38.42]},"properties":{"id":"ARG","name":"Argentina","continent":"america","year":1995,"AGRPFO_VA":20394.64,"AGRPFO_EXP":3030.69,"FORLOG_VA":518.11,"FORLOG_EXP":29.7,"PESCAC_VA":784.19,"PESCAC_EXP":11.41,"MINCOL_VA":10.6,"MINCOL_EXP":0.42,"PETGAS_VA":9549.82,"PETGAS_EXP":1850.74,"MINORE_VA":892.55,"MINORE_EXP":56.85,"MINOTH_VA":544.46,"MINOTH_EXP":26.82,"MINSER_VA":781.28,"MINSER_EXP":12.3,"ALYBEB_VA":13002.79,"ALYBEB_EXP":5614.4,"TEXYPR_VA":4669.8,"TEXYPR_EXP":1030.21,"MADYPR_VA":1210.57,"MADYPR_EXP":66.9,"PAPYPR_VA":3594.59,"PAPYPR_EXP":255.79,"PETREF_VA":2110.64,"PETREF_EXP":623.12,"QUIMYP_VA":6533.97,"QUIMYP_EXP":766.95,"FARMED_VA":3790.44,"FARMED_EXP":245.62,"HUPLAS_VA":2568.99,"HUPLAS_EXP":373.13,"PRNOMT_VA":1873.37,"PRNOMT_EXP":89.14,"METBAS_VA":3807.36,"METBAS_EXP":649.65,"NONFER_VA":744.45,"NONFER_EXP":165.42,"PRMETA_VA":2620.01,"PRMETA_EXP":183.02,"ELCTRO_VA":787.93,"ELCTRO_EXP":143.15,"ELCTRI_VA":954.33,"ELCTRI_EXP":192.54,"MAQYEQ_VA":2344.22,"MAQYEQ_EXP":562.84,"AUTOMO_VA":2107.25,"AUTOMO_EXP":1552.95,"OTRTRA_VA":63.54,"OTRTRA_EXP":56.91,"TRANSP_VA":215.75,"TRANSP_EXP":40.8,"OTRMAN_VA":2076.03,"OTRMAN_EXP":155.39,"ELEGAS_VA":4279.39,"ELEGAS_EXP":9.76,"AGUBAS_VA":715.49,"AGUBAS_EXP":0.26,"CONSTR_VA":8943.24,"CONSTR_EXP":0.92,"COMREV_VA":32774.12,"COMREV_EXP":3140.47,"TRATIE_VA":7628.58,"TRATIE_EXP":320.96,"TRAGUA_VA":206.92,"TRAGUA_EXP":31.22,"TRAAIR_VA":480.91,"TRAAIR_EXP":413.06,"ALMSTR_VA":2896.97,"ALMSTR_EXP":606.58,"POSTME_VA":524.42,"POSTME_EXP":20.62,"HOTYRE_VA":3959.4,"HOTYRE_EXP":558.93,"MMTVRA_VA":481.43,"MMTVRA_EXP":106.7,"TELECO_VA":4421.46,"TELECO_EXP":281.68,"ITSERV_VA":1059.96,"ITSERV_EXP":8.74,"SERFIN_VA":8446.05,"SERFIN_EXP":161.56,"GOBEST_VA":21740.51,"GOBEST_EXP":75.74,"SPRSCT_VA":9268.49,"SPRSCT_EXP":339.92,"SEAEMP_VA":3980.59,"SEAEMP_EXP":349.43,"ADPDEF_VA":17064.63,"ADPDEF_EXP":2.24,"EDUCAC_VA":12100.69,"EDUCAC_EXP":44.58,"SALUDH_VA":7740.19,"SALUDH_EXP":16.64,"ESPARC_VA":1042.35,"ESPARC_EXP":68.54,"OTRSER_VA":3464.57,"OTRSER_EXP":20.13,"SERHOG_VA":4130.16,"SERHOG_EXP":0.0}},{"type":"Feature","geometry":{"type":"Point","coordinates":[133.78,-25.27]},"properties":{"id":"AUS","name":"Australia","continent":"other","year":1995,"AGRPFO_VA":10802.31,"AGRPFO_EXP":3811.05,"FORLOG_VA":435.33,"FORLOG_EXP":55.09,"PESCAC_VA":1929.94,"PESCAC_EXP":257.09,"MINCOL_VA":3060.19,"MINCOL_EXP":4407.52,"PETGAS_VA":4960.19,"PETGAS_EXP":2287.34,"MINORE_VA":6268.09,"MINORE_EXP":3636.87,"MINOTH_VA":1170.85,"MINOTH_EXP":414.82,"MINSER_VA":1856.35,"MINSER_EXP":29.42,"ALYBEB_VA":10408.0,"ALYBEB_EXP":5663.17,"TEXYPR_VA":2420.48,"TEXYPR_EXP":1532.43,"MADYPR_VA":1977.18,"MADYPR_EXP":386.63,"PAPYPR_VA":4410.84,"PAPYPR_EXP":363.9,"PETREF_VA":790.84,"PETREF_EXP":1008.3,"QUIMYP_VA":1737.45,"QUIMYP_EXP":1239.63,"FARMED_VA":1665.47,"FARMED_EXP":538.67,"HUPLAS_VA":2220.24,"HUPLAS_EXP":475.11,"PRNOMT_VA":2536.07,"PRNOMT_EXP":263.56,"METBAS_VA":2133.07,"METBAS_EXP":919.35,"NONFER_VA":4258.61,"NONFER_EXP":8654.36,"PRMETA_VA":3809.04,"PRMETA_EXP":614.87,"ELCTRO_VA":2671.12,"ELCTRO_EXP":1050.25,"ELCTRI_VA":587.9,"ELCTRI_EXP":552.69,"MAQYEQ_VA":2094.15,"MAQYEQ_EXP":1179.87,"AUTOMO_VA":2363.71,"AUTOMO_EXP":1014.02,"OTRTRA_VA":857.33,"OTRTRA_EXP":284.36,"TRANSP_VA":1397.93,"TRANSP_EXP":223.26,"OTRMAN_VA":3853.82,"OTRMAN_EXP":541.41,"ELEGAS_VA":7284.85,"ELEGAS_EXP":80.52,"AGUBAS_VA":3142.71,"AGUBAS_EXP":1.85,"CONSTR_VA":22594.13,"CONSTR_EXP":122.57,"COMREV_VA":40843.65,"COMREV_EXP":9103.85,"TRATIE_VA":7227.46,"TRATIE_EXP":1141.21,"TRAGUA_VA":787.51,"TRAGUA_EXP":344.45,"TRAAIR_VA":2348.53,"TRAAIR_EXP":4370.49,"ALMSTR_VA":7023.36,"ALMSTR_EXP":832.15,"POSTME_VA":1474.19,"POSTME_EXP":406.07,"HOTYRE_VA":11635.78,"HOTYRE_EXP":2070.89,"MMTVRA_VA":5394.0,"MMTVRA_EXP":433.13,"TELECO_VA":7804.89,"TELECO_EXP":517.95,"ITSERV_VA":4913.42,"ITSERV_EXP":144.88,"SERFIN_VA":31009.75,"SERFIN_EXP":1112.14,"GOBEST_VA":34299.42,"GOBEST_EXP":289.69,"SPRSCT_VA":11705.5,"SPRSCT_EXP":756.03,"SEAEMP_VA":7736.59,"SEAEMP_EXP":827.48,"ADPDEF_VA":22904.17,"ADPDEF_EXP":9.21,"EDUCAC_VA":17081.41,"EDUCAC_EXP":896.36,"SALUDH_VA":19946.91,"SALUDH_EXP":102.54,"ESPARC_VA":3452.35,"ESPARC_EXP":396.5,"OTRSER_VA":3835.44,"OTRSER_EXP":118.61,"SERHOG_VA":0.0,"SERHOG_EXP":0.0}},{"type":"Feature","geometry":{"type":"Point","coordinates":[14.55,47.52]},"properties":{"id":"AUT","name":"Austria","continent":"europe","year":1995,"AGRPFO_VA":4188.91,"AGRPFO_EXP":800.9,"FORLOG_VA":1208.98,"FORLOG_EXP":93.06,"PESCAC_VA":8.21,"PESCAC_EXP":5.77,"MINCOL_VA":14.12,"MINCOL_EXP":2.3,"PETGAS_VA":84.68,"PETGAS_EXP":46.28,"MINORE_VA":76.4,"MINORE_EXP":74.13,"MINOTH_VA":404.34,"MINOTH_EXP":100.78,"MINSER_VA":24.87,"MINSER_EXP":6.64,"ALYBEB_VA":5143.22,"ALYBEB_EXP":2241.37,"TEXYPR_VA":2440.28,"TEXYPR_EXP":3216.07,"MADYPR_VA":2251.29,"MADYPR_EXP":1696.66,"PAPYPR_VA":3772.49,"PAPYPR_EXP":3397.96,"PETREF_VA":1156.4,"PETREF_EXP":366.43,"QUIMYP_VA":1764.08,"QUIMYP_EXP":2331.3,"FARMED_VA":931.95,"FARMED_EXP":1235.68,"HUPLAS_VA":1929.68,"HUPLAS_EXP":1947.55,"PRNOMT_VA":2991.47,"PRNOMT_EXP":1287.71,"METBAS_VA":2033.45,"METBAS_EXP":2469.27,"NONFER_VA":960.42,"NONFER_EXP":1158.65,"PRMETA_VA":4143.47,"PRMETA_EXP":2348.24,"ELCTRO_VA":3203.43,"ELCTRO_EXP":4036.38,"ELCTRI_VA":2633.08,"ELCTRI_EXP":2291.08,"MAQYEQ_VA":4367.12,"MAQYEQ_EXP":6308.59,"AUTOMO_VA":2277.18,"AUTOMO_EXP":4814.72,"OTRTRA_VA":52.77,"OTRTRA_EXP":17.8,"TRANSP_VA":485.78,"TRANSP_EXP":303.07,"OTRMAN_VA":3241.46,"OTRMAN_EXP":2718.75,"ELEGAS_VA":5478.05,"ELEGAS_EXP":490.2,"AGUBAS_VA":2668.38,"AGUBAS_EXP":6.93,"CONSTR_VA":17518.46,"CONSTR_EXP":351.94,"COMREV_VA":29236.7,"COMREV_EXP":9315.79,"TRATIE_VA":8211.45,"TRATIE_EXP":3744.91,"TRAGUA_VA":103.34,"TRAGUA_EXP":54.52,"TRAAIR_VA":733.59,"TRAAIR_EXP":802.25,"ALMSTR_VA":1936.02,"ALMSTR_EXP":1676.82,"POSTME_VA":1417.75,"POSTME_EXP":198.98,"HOTYRE_VA":8252.88,"HOTYRE_EXP":2586.14,"MMTVRA_VA":1495.12,"MMTVRA_EXP":339.59,"TELECO_VA":4395.22,"TELECO_EXP":489.27,"ITSERV_VA":1646.5,"ITSERV_EXP":183.11,"SERFIN_VA":12784.98,"SERFIN_EXP":1909.47,"GOBEST_VA":15085.99,"GOBEST_EXP":744.14,"SPRSCT_VA":7356.87,"SPRSCT_EXP":3060.9,"SEAEMP_VA":5531.15,"SEAEMP_EXP":877.31,"ADPDEF_VA":14286.76,"ADPDEF_EXP":214.32,"EDUCAC_VA":12165.35,"EDUCAC_EXP":6.23,"SALUDH_VA":12888.32,"SALUDH_EXP":270.82,"ESPARC_VA":2201.85,"ESPARC_EXP":564.4,"OTRSER_VA":3576.02,"OTRSER_EXP":247.72,"SERHOG_VA":279.38,"SERHOG_EXP":0.0}},{"type":"Feature","geometry":{"type":"Point","coordinates":[4.47,50.5]},"properties":{"id":"BEL","name":"Bélgica","continent":"europe","year":1995,"AGRPFO_VA":3653.12,"AGRPFO_EXP":1041.78,"FORLOG_VA":165.06,"FORLOG_EXP":55.59,"PESCAC_VA":81.11,"PESCAC_EXP":24.57,"MINCOL_VA":0.0,"MINCOL_EXP":0.0,"PETGAS_VA":0.0,"PETGAS_EXP":0.0,"MINORE_VA":0.0,"MINORE_EXP":0.0,"MINOTH_VA":430.0,"MINOTH_EXP":106.61,"MINSER_VA":38.09,"MINSER_EXP":18.4,"ALYBEB_VA":6669.53,"ALYBEB_EXP":8923.75,"TEXYPR_VA":3307.9,"TEXYPR_EXP":6474.72,"MADYPR_VA":790.73,"MADYPR_EXP":731.17,"PAPYPR_VA":3147.57,"PAPYPR_EXP":1662.3,"PETREF_VA":1180.49,"PETREF_EXP":3370.43,"QUIMYP_VA":8241.85,"QUIMYP_EXP":14150.92,"FARMED_VA":2770.82,"FARMED_EXP":2671.09,"HUPLAS_VA":2023.0,"HUPLAS_EXP":2966.07,"PRNOMT_VA":3021.59,"PRNOMT_EXP":2048.55,"METBAS_VA":3745.86,"METBAS_EXP":6800.24,"NONFER_VA":862.57,"NONFER_EXP":2993.48,"PRMETA_VA":3861.3,"PRMETA_EXP":2842.33,"ELCTRO_VA":2147.63,"ELCTRO_EXP":2814.5,"ELCTRI_VA":2212.99,"ELCTRI_EXP":1980.46,"MAQYEQ_VA":2847.99,"MAQYEQ_EXP":4283.58,"AUTOMO_VA":5649.53,"AUTOMO_EXP":15699.34,"OTRTRA_VA":19.23,"OTRTRA_EXP":35.91,"TRANSP_VA":521.65,"TRANSP_EXP":379.79,"OTRMAN_VA":2059.08,"OTRMAN_EXP":3410.92,"ELEGAS_VA":6606.65,"ELEGAS_EXP":285.13,"AGUBAS_VA":1535.12,"AGUBAS_EXP":471.69,"CONSTR_VA":14216.32,"CONSTR_EXP":211.28,"COMREV_VA":32671.51,"COMREV_EXP":17944.12,"TRATIE_VA":7665.54,"TRATIE_EXP":3384.05,"TRAGUA_VA":361.83,"TRAGUA_EXP":1601.51,"TRAAIR_VA":985.86,"TRAAIR_EXP":2389.25,"ALMSTR_VA":6913.42,"ALMSTR_EXP":9162.04,"POSTME_VA":2017.61,"POSTME_EXP":863.05,"HOTYRE_VA":4256.86,"HOTYRE_EXP":1149.69,"MMTVRA_VA":2404.61,"MMTVRA_EXP":1016.22,"TELECO_VA":4025.91,"TELECO_EXP":1168.46,"ITSERV_VA":1845.22,"ITSERV_EXP":1039.67,"SERFIN_VA":16598.49,"SERFIN_EXP":3175.31,"GOBEST_VA":22981.29,"GOBEST_EXP":214.74,"SPRSCT_VA":17759.02,"SPRSCT_EXP":7798.31,"SEAEMP_VA":7323.74,"SEAEMP_EXP":900.74,"ADPDEF_VA":19249.95,"ADPDEF_EXP":69.85,"EDUCAC_VA":16942.15,"EDUCAC_EXP":104.55,"SALUDH_VA":15655.44,"SALUDH_EXP":822.09,"ESPARC_VA":1540.27,"ESPARC_EXP":393.38,"OTRSER_VA":3808.93,"OTRSER_EXP":111.84,"SERHOG_VA":606.28,"SERHOG_EXP":0.0}},{"type":"Feature","geometry":{"type":"Point","coordinates":[90.36,23.68]},"properties":{"id":"BGD","name":"Bangladesh","continent":"asia","year":1995,"AGRPFO_VA":3341.61,"AGRPFO_EXP":90.12,"FORLOG_VA":671.65,"FORLOG_EXP":1.19,"PESCAC_VA":1038.07,"PESCAC_EXP":5.46,"MINCOL_VA":1.82,"MINCOL_EXP":0.0,"PETGAS_VA":348.56,"PETGAS_EXP":1.98,"MINORE_VA":1.68,"MINORE_EXP":0.01,"MINOTH_VA":17.77,"MINOTH_EXP":0.27,"MINSER_VA":16.47,"MINSER_EXP":1.25,"ALYBEB_VA":1210.13,"ALYBEB_EXP":329.82,"TEXYPR_VA":4625.09,"TEXYPR_EXP":1750.93,"MADYPR_VA":9.82,"MADYPR_EXP":10.86,"PAPYPR_VA":60.79,"PAPYPR_EXP":1.77,"PETREF_VA":9.4,"PETREF_EXP":13.52,"QUIMYP_VA":76.35,"QUIMYP_EXP":87.71,"FARMED_VA":168.26,"FARMED_EXP":3.48,"HUPLAS_VA":655.16,"HUPLAS_EXP":10.02,"PRNOMT_VA":535.39,"PRNOMT_EXP":33.47,"METBAS_VA":186.21,"METBAS_EXP":0.34,"NONFER_VA":108.79,"NONFER_EXP":0.58,"PRMETA_VA":49.53,"PRMETA_EXP":6.02,"ELCTRO_VA":50.23,"ELCTRO_EXP":1.88,"ELCTRI_VA":93.07,"ELCTRI_EXP":16.72,"MAQYEQ_VA":11.91,"MAQYEQ_EXP":13.16,"AUTOMO_VA":6.99,"AUTOMO_EXP":2.44,"OTRTRA_VA":37.72,"OTRTRA_EXP":0.2,"TRANSP_VA":42.08,"TRANSP_EXP":1.51,"OTRMAN_VA":98.13,"OTRMAN_EXP":38.35,"ELEGAS_VA":444.48,"ELEGAS_EXP":0.84,"AGUBAS_VA":591.24,"AGUBAS_EXP":2.03,"CONSTR_VA":2997.19,"CONSTR_EXP":6.48,"COMREV_VA":3742.65,"COMREV_EXP":453.27,"TRATIE_VA":948.77,"TRATIE_EXP":33.21,"TRAGUA_VA":297.86,"TRAGUA_EXP":57.33,"TRAAIR_VA":202.73,"TRAAIR_EXP":30.36,"ALMSTR_VA":334.49,"ALMSTR_EXP":13.41,"POSTME_VA":59.53,"POSTME_EXP":0.21,"HOTYRE_VA":851.9,"HOTYRE_EXP":13.34,"MMTVRA_VA":255.27,"MMTVRA_EXP":9.25,"TELECO_VA":653.93,"TELECO_EXP":34.62,"ITSERV_VA":211.51,"ITSERV_EXP":23.48,"SERFIN_VA":1421.2,"SERFIN_EXP":39.66,"GOBEST_VA":1896.26,"GOBEST_EXP":7.65,"SPRSCT_VA":1065.68,"SPRSCT_EXP":221.76,"SEAEMP_VA":662.98,"SEAEMP_EXP":87.26,"ADPDEF_VA":1216.53,"ADPDEF_EXP":0.73,"EDUCAC_VA":989.76,"EDUCAC_EXP":1.51,"SALUDH_VA":1388.07,"SALUDH_EXP":0.99,"ESPARC_VA":449.28,"ESPARC_EXP":2.67,"OTRSER_VA":664.94,"OTRSER_EXP":2.17,"SERHOG_VA":0.0,"SERHOG_EXP":0.0}},{"type":"Feature","geometry":{"type":"Point","coordinates":[25.49,42.73]},"properties":{"id":"BGR","name":"Bulgaria","continent":"europe","year":1995,"AGRPFO_VA":1186.77,"AGRPFO_EXP":333.92,"FORLOG_VA":51.14,"FORLOG_EXP":14.03,"PESCAC_VA":4.54,"PESCAC_EXP":5.63,"MINCOL_VA":70.98,"MINCOL_EXP":0.73,"PETGAS_VA":16.47,"PETGAS_EXP":3.1,"MINORE_VA":98.84,"MINORE_EXP":144.88,"MINOTH_VA":33.97,"MINOTH_EXP":34.9,"MINSER_VA":0.04,"MINSER_EXP":0.06,"ALYBEB_VA":318.15,"ALYBEB_EXP":267.65,"TEXYPR_VA":181.27,"TEXYPR_EXP":304.15,"MADYPR_VA":26.8,"MADYPR_EXP":72.12,"PAPYPR_VA":33.79,"PAPYPR_EXP":61.17,"PETREF_VA":214.24,"PETREF_EXP":484.0,"QUIMYP_VA":83.31,"QUIMYP_EXP":240.55,"FARMED_VA":42.96,"FARMED_EXP":34.58,"HUPLAS_VA":39.29,"HUPLAS_EXP":47.77,"PRNOMT_VA":77.45,"PRNOMT_EXP":101.51,"METBAS_VA":78.85,"METBAS_EXP":406.81,"NONFER_VA":71.36,"NONFER_EXP":193.9,"PRMETA_VA":73.26,"PRMETA_EXP":88.83,"ELCTRO_VA":23.03,"ELCTRO_EXP":51.94,"ELCTRI_VA":40.47,"ELCTRI_EXP":87.56,"MAQYEQ_VA":100.19,"MAQYEQ_EXP":240.37,"AUTOMO_VA":16.6,"AUTOMO_EXP":9.25,"OTRTRA_VA":11.49,"OTRTRA_EXP":15.02,"TRANSP_VA":12.39,"TRANSP_EXP":17.81,"OTRMAN_VA":82.89,"OTRMAN_EXP":174.48,"ELEGAS_VA":365.98,"ELEGAS_EXP":340.05,"AGUBAS_VA":82.4,"AGUBAS_EXP":0.43,"CONSTR_VA":443.53,"CONSTR_EXP":14.26,"COMREV_VA":854.51,"COMREV_EXP":431.69,"TRATIE_VA":328.9,"TRATIE_EXP":370.5,"TRAGUA_VA":52.63,"TRAGUA_EXP":189.71,"TRAAIR_VA":22.48,"TRAAIR_EXP":157.9,"ALMSTR_VA":67.75,"ALMSTR_EXP":141.12,"POSTME_VA":137.86,"POSTME_EXP":11.88,"HOTYRE_VA":197.44,"HOTYRE_EXP":79.34,"MMTVRA_VA":57.97,"MMTVRA_EXP":38.17,"TELECO_VA":164.91,"TELECO_EXP":87.43,"ITSERV_VA":30.24,"ITSERV_EXP":10.36,"SERFIN_VA":842.28,"SERFIN_EXP":112.53,"GOBEST_VA":8436.47,"GOBEST_EXP":90.02,"SPRSCT_VA":457.1,"SPRSCT_EXP":56.86,"SEAEMP_VA":855.05,"SEAEMP_EXP":63.66,"ADPDEF_VA":834.18,"ADPDEF_EXP":3.38,"EDUCAC_VA":325.81,"EDUCAC_EXP":6.04,"SALUDH_VA":213.18,"SALUDH_EXP":3.44,"ESPARC_VA":77.01,"ESPARC_EXP":11.4,"OTRSER_VA":120.55,"OTRSER_EXP":4.57,"SERHOG_VA":16.95,"SERHOG_EXP":0.0}},{"type":"Feature","geometry":{"type":"Point","coordinates":[27.95,53.71]},"properties":{"id":"BLR","name":"Bielorrusia","continent":"europe","year":1995,"AGRPFO_VA":1406.87,"AGRPFO_EXP":120.39,"FORLOG_VA":85.67,"FORLOG_EXP":100.98,"PESCAC_VA":25.33,"PESCAC_EXP":0.5,"MINCOL_VA":2.65,"MINCOL_EXP":2.02,"PETGAS_VA":72.59,"PETGAS_EXP":40.35,"MINORE_VA":2.21,"MINORE_EXP":3.28,"MINOTH_VA":50.05,"MINOTH_EXP":51.91,"MINSER_VA":23.98,"MINSER_EXP":1.51,"ALYBEB_VA":886.24,"ALYBEB_EXP":363.55,"TEXYPR_VA":544.34,"TEXYPR_EXP":869.18,"MADYPR_VA":106.91,"MADYPR_EXP":242.56,"PAPYPR_VA":221.49,"PAPYPR_EXP":100.49,"PETREF_VA":542.79,"PETREF_EXP":234.65,"QUIMYP_VA":447.21,"QUIMYP_EXP":963.06,"FARMED_VA":100.76,"FARMED_EXP":41.98,"HUPLAS_VA":127.38,"HUPLAS_EXP":115.18,"PRNOMT_VA":211.98,"PRNOMT_EXP":102.02,"METBAS_VA":119.33,"METBAS_EXP":321.54,"NONFER_VA":98.39,"NONFER_EXP":55.73,"PRMETA_VA":159.56,"PRMETA_EXP":215.59,"ELCTRO_VA":104.86,"ELCTRO_EXP":85.22,"ELCTRI_VA":105.05,"ELCTRI_EXP":108.08,"MAQYEQ_VA":264.62,"MAQYEQ_EXP":414.2,"AUTOMO_VA":298.27,"AUTOMO_EXP":196.8,"OTRTRA_VA":32.31,"OTRTRA_EXP":1.87,"TRANSP_VA":35.9,"TRANSP_EXP":22.49,"OTRMAN_VA":252.85,"OTRMAN_EXP":260.15,"ELEGAS_VA":315.26,"ELEGAS_EXP":2.78,"AGUBAS_VA":110.77,"AGUBAS_EXP":2.24,"CONSTR_VA":915.95,"CONSTR_EXP":11.23,"COMREV_VA":1222.68,"COMREV_EXP":373.53,"TRATIE_VA":325.52,"TRATIE_EXP":43.21,"TRAGUA_VA":102.7,"TRAGUA_EXP":132.05,"TRAAIR_VA":67.5,"TRAAIR_EXP":96.02,"ALMSTR_VA":112.05,"ALMSTR_EXP":26.3,"POSTME_VA":21.49,"POSTME_EXP":0.25,"HOTYRE_VA":299.48,"HOTYRE_EXP":7.52,"MMTVRA_VA":93.81,"MMTVRA_EXP":15.09,"TELECO_VA":220.33,"TELECO_EXP":46.16,"ITSERV_VA":65.18,"ITSERV_EXP":25.54,"SERFIN_VA":497.42,"SERFIN_EXP":27.98,"GOBEST_VA":589.38,"GOBEST_EXP":7.83,"SPRSCT_VA":337.91,"SPRSCT_EXP":137.19,"SEAEMP_VA":208.2,"SEAEMP_EXP":53.32,"ADPDEF_VA":663.12,"ADPDEF_EXP":1.25,"EDUCAC_VA":428.23,"EDUCAC_EXP":1.02,"SALUDH_VA":469.98,"SALUDH_EXP":0.77,"ESPARC_VA":90.11,"ESPARC_EXP":2.21,"OTRSER_VA":155.03,"OTRSER_EXP":1.91,"SERHOG_VA":0.0,"SERHOG_EXP":0.0}},{"type":"Feature","geometry":{"type":"Point","coordinates":[-51.93,-14.24]},"properties":{"id":"BRA","name":"Brasil","continent":"america","year":1995,"AGRPFO_VA":27936.44,"AGRPFO_EXP":2298.51,"FORLOG_VA":3234.4,"FORLOG_EXP":57.9,"PESCAC_VA":1770.27,"PESCAC_EXP":10.48,"MINCOL_VA":1185.88,"MINCOL_EXP":2.94,"PETGAS_VA":6118.21,"PETGAS_EXP":45.39,"MINORE_VA":778.08,"MINORE_EXP":1577.57,"MINOTH_VA":969.45,"MINOTH_EXP":409.91,"MINSER_VA":735.53,"MINSER_EXP":12.36,"ALYBEB_VA":15550.55,"ALYBEB_EXP":6241.9,"TEXYPR_VA":12996.75,"TEXYPR_EXP":2496.24,"MADYPR_VA":2315.21,"MADYPR_EXP":580.08,"PAPYPR_VA":8352.31,"PAPYPR_EXP":2212.19,"PETREF_VA":11381.26,"PETREF_EXP":927.24,"QUIMYP_VA":9675.48,"QUIMYP_EXP":1942.29,"FARMED_VA":5115.12,"FARMED_EXP":260.17,"HUPLAS_VA":4239.44,"HUPLAS_EXP":648.38,"PRNOMT_VA":4166.9,"PRNOMT_EXP":524.76,"METBAS_VA":2986.37,"METBAS_EXP":2860.57,"NONFER_VA":1412.02,"NONFER_EXP":2026.85,"PRMETA_VA":6462.05,"PRMETA_EXP":804.27,"ELCTRO_VA":4235.77,"ELCTRO_EXP":521.66,"ELCTRI_VA":2834.25,"ELCTRI_EXP":786.01,"MAQYEQ_VA":8524.29,"MAQYEQ_EXP":1501.92,"AUTOMO_VA":10495.34,"AUTOMO_EXP":2804.86,"OTRTRA_VA":631.27,"OTRTRA_EXP":214.5,"TRANSP_VA":1219.1,"TRANSP_EXP":422.58,"OTRMAN_VA":4090.35,"OTRMAN_EXP":1288.17,"ELEGAS_VA":19471.66,"ELEGAS_EXP":31.85,"AGUBAS_VA":4715.51,"AGUBAS_EXP":0.07,"CONSTR_VA":45660.9,"CONSTR_EXP":0.65,"COMREV_VA":106206.8,"COMREV_EXP":8776.64,"TRATIE_VA":17441.6,"TRATIE_EXP":1603.04,"TRAGUA_VA":654.93,"TRAGUA_EXP":880.89,"TRAAIR_VA":1198.41,"TRAAIR_EXP":1164.99,"ALMSTR_VA":7341.96,"ALMSTR_EXP":1886.92,"POSTME_VA":1861.77,"POSTME_EXP":1.37,"HOTYRE_VA":12861.22,"HOTYRE_EXP":439.31,"MMTVRA_VA":4318.21,"MMTVRA_EXP":114.98,"TELECO_VA":10752.96,"TELECO_EXP":42.28,"ITSERV_VA":8073.3,"ITSERV_EXP":25.73,"SERFIN_VA":41094.03,"SERFIN_EXP":310.85,"GOBEST_VA":69653.42,"GOBEST_EXP":9.62,"SPRSCT_VA":25193.62,"SPRSCT_EXP":1098.93,"SEAEMP_VA":23256.52,"SEAEMP_EXP":470.85,"ADPDEF_VA":58436.27,"ADPDEF_EXP":414.53,"EDUCAC_VA":31003.17,"EDUCAC_EXP":29.19,"SALUDH_VA":21546.26,"SALUDH_EXP":17.43,"ESPARC_VA":6118.13,"ESPARC_EXP":54.6,"OTRSER_VA":16401.96,"OTRSER_EXP":21.14,"SERHOG_VA":6628.9,"SERHOG_EXP":0.0}},{"type":"Feature","geometry":{"type":"Point","coordinates":[114.73,4.54]},"properties":{"id":"BRN","name":"Brunéi","continent":"asia","year":1995,"AGRPFO_VA":14.71,"AGRPFO_EXP":0.28,"FORLOG_VA":4.98,"FORLOG_EXP":0.03,"PESCAC_VA":14.43,"PESCAC_EXP":0.11,"MINCOL_VA":242.31,"MINCOL_EXP":0.0,"PETGAS_VA":1939.45,"PETGAS_EXP":2029.41,"MINORE_VA":261.07,"MINORE_EXP":0.01,"MINOTH_VA":181.87,"MINOTH_EXP":0.0,"MINSER_VA":152.01,"MINSER_EXP":11.38,"ALYBEB_VA":5.5,"ALYBEB_EXP":0.3,"TEXYPR_VA":9.1,"TEXYPR_EXP":4.08,"MADYPR_VA":0.99,"MADYPR_EXP":0.07,"PAPYPR_VA":2.4,"PAPYPR_EXP":0.22,"PETREF_VA":621.92,"PETREF_EXP":62.7,"QUIMYP_VA":3.53,"QUIMYP_EXP":0.29,"FARMED_VA":2.64,"FARMED_EXP":0.14,"HUPLAS_VA":3.81,"HUPLAS_EXP":0.09,"PRNOMT_VA":7.58,"PRNOMT_EXP":0.05,"METBAS_VA":0.74,"METBAS_EXP":0.04,"NONFER_VA":0.59,"NONFER_EXP":0.04,"PRMETA_VA":3.06,"PRMETA_EXP":0.09,"ELCTRO_VA":1.03,"ELCTRO_EXP":0.17,"ELCTRI_VA":1.76,"ELCTRI_EXP":0.04,"MAQYEQ_VA":2.92,"MAQYEQ_EXP":0.65,"AUTOMO_VA":0.0,"AUTOMO_EXP":0.0,"OTRTRA_VA":1.99,"OTRTRA_EXP":0.01,"TRANSP_VA":2.03,"TRANSP_EXP":0.08,"OTRMAN_VA":1.69,"OTRMAN_EXP":1.82,"ELEGAS_VA":31.42,"ELEGAS_EXP":0.35,"AGUBAS_VA":8.31,"AGUBAS_EXP":0.79,"CONSTR_VA":114.57,"CONSTR_EXP":1.02,"COMREV_VA":226.62,"COMREV_EXP":18.62,"TRATIE_VA":40.56,"TRATIE_EXP":10.76,"TRAGUA_VA":42.71,"TRAGUA_EXP":7.89,"TRAAIR_VA":13.28,"TRAAIR_EXP":13.35,"ALMSTR_VA":23.95,"ALMSTR_EXP":10.08,"POSTME_VA":2.88,"POSTME_EXP":2.93,"HOTYRE_VA":48.18,"HOTYRE_EXP":19.78,"MMTVRA_VA":3.92,"MMTVRA_EXP":1.6,"TELECO_VA":89.08,"TELECO_EXP":10.35,"ITSERV_VA":9.61,"ITSERV_EXP":7.25,"SERFIN_VA":260.85,"SERFIN_EXP":12.4,"GOBEST_VA":75.2,"GOBEST_EXP":7.34,"SPRSCT_VA":95.35,"SPRSCT_EXP":107.66,"SEAEMP_VA":29.3,"SEAEMP_EXP":45.65,"ADPDEF_VA":497.04,"ADPDEF_EXP":0.09,"EDUCAC_VA":129.39,"EDUCAC_EXP":2.2,"SALUDH_VA":62.46,"SALUDH_EXP":0.96,"ESPARC_VA":5.32,"ESPARC_EXP":1.43,"OTRSER_VA":6.83,"OTRSER_EXP":1.14,"SERHOG_VA":4.94,"SERHOG_EXP":0.0}},{"type":"Feature","geometry":{"type":"Point","coordinates":[-106.35,56.13]},"properties":{"id":"CAN","name":"Canadá","continent":"america","year":1995,"AGRPFO_VA":8409.33,"AGRPFO_EXP":7481.09,"FORLOG_VA":3857.12,"FORLOG_EXP":577.7,"PESCAC_VA":1267.53,"PESCAC_EXP":373.47,"MINCOL_VA":626.58,"MINCOL_EXP":988.32,"PETGAS_VA":10796.12,"PETGAS_EXP":12836.31,"MINORE_VA":3755.56,"MINORE_EXP":6238.38,"MINOTH_VA":1825.68,"MINOTH_EXP":969.0,"MINSER_VA":1984.52,"MINSER_EXP":153.51,"ALYBEB_VA":12617.23,"ALYBEB_EXP":8721.55,"TEXYPR_VA":4379.37,"TEXYPR_EXP":2190.66,"MADYPR_VA":5472.43,"MADYPR_EXP":9964.86,"PAPYPR_VA":12741.72,"PAPYPR_EXP":10089.66,"PETREF_VA":1058.88,"PETREF_EXP":4681.4,"QUIMYP_VA":8054.3,"QUIMYP_EXP":8756.98,"FARMED_VA":1967.06,"FARMED_EXP":743.62,"HUPLAS_VA":4284.46,"HUPLAS_EXP":3626.78,"PRNOMT_VA":2498.55,"PRNOMT_EXP":1839.62,"METBAS_VA":3792.04,"METBAS_EXP":3227.62,"NONFER_VA":3714.78,"NONFER_EXP":10940.77,"PRMETA_VA":5289.51,"PRMETA_EXP":6127.57,"ELCTRO_VA":5255.16,"ELCTRO_EXP":5517.36,"ELCTRI_VA":2191.32,"ELCTRI_EXP":3309.35,"MAQYEQ_VA":6190.35,"MAQYEQ_EXP":8289.5,"AUTOMO_VA":15493.57,"AUTOMO_EXP":28861.55,"OTRTRA_VA":332.2,"OTRTRA_EXP":398.87,"TRANSP_VA":4610.86,"TRANSP_EXP":5276.29,"OTRMAN_VA":5443.47,"OTRMAN_EXP":3433.66,"ELEGAS_VA":17974.32,"ELEGAS_EXP":1611.95,"AGUBAS_VA":1779.3,"AGUBAS_EXP":13.74,"CONSTR_VA":29168.08,"CONSTR_EXP":163.31,"COMREV_VA":60133.47,"COMREV_EXP":20008.52,"TRATIE_VA":15738.35,"TRATIE_EXP":2079.22,"TRAGUA_VA":730.46,"TRAGUA_EXP":318.52,"TRAAIR_VA":2936.16,"TRAAIR_EXP":2979.72,"ALMSTR_VA":4241.9,"ALMSTR_EXP":651.14,"POSTME_VA":3386.34,"POSTME_EXP":416.37,"HOTYRE_VA":13677.14,"HOTYRE_EXP":3592.75,"MMTVRA_VA":7326.14,"MMTVRA_EXP":1673.92,"TELECO_VA":10075.94,"TELECO_EXP":245.41,"ITSERV_VA":4220.96,"ITSERV_EXP":614.33,"SERFIN_VA":36523.31,"SERFIN_EXP":4370.24,"GOBEST_VA":58303.72,"GOBEST_EXP":459.72,"SPRSCT_VA":29701.45,"SPRSCT_EXP":2131.41,"SEAEMP_VA":13154.69,"SEAEMP_EXP":1739.03,"ADPDEF_VA":40181.92,"ADPDEF_EXP":1221.94,"EDUCAC_VA":33633.24,"EDUCAC_EXP":358.62,"SALUDH_VA":37261.71,"SALUDH_EXP":240.31,"ESPARC_VA":4864.41,"ESPARC_EXP":1761.94,"OTRSER_VA":7234.51,"OTRSER_EXP":54.39,"SERHOG_VA":1308.79,"SERHOG_EXP":0.0}},{"type":"Feature","geometry":{"type":"Point","coordinates":[8.23,46.82]},"properties":{"id":"CHE","name":"Suiza","continent":"europe","year":1995,"AGRPFO_VA":4262.72,"AGRPFO_EXP":154.94,"FORLOG_VA":357.22,"FORLOG_EXP":78.95,"PESCAC_VA":21.18,"PESCAC_EXP":11.47,"MINCOL_VA":0.0,"MINCOL_EXP":0.0,"PETGAS_VA":0.0,"PETGAS_EXP":0.0,"MINORE_VA":69.17,"MINORE_EXP":22.28,"MINOTH_VA":437.63,"MINOTH_EXP":100.06,"MINSER_VA":84.93,"MINSER_EXP":11.22,"ALYBEB_VA":5233.89,"ALYBEB_EXP":2819.55,"TEXYPR_VA":1534.33,"TEXYPR_EXP":1534.63,"MADYPR_VA":2506.43,"MADYPR_EXP":340.03,"PAPYPR_VA":4018.9,"PAPYPR_EXP":1508.87,"PETREF_VA":135.12,"PETREF_EXP":131.59,"QUIMYP_VA":4761.4,"QUIMYP_EXP":4758.25,"FARMED_VA":7006.88,"FARMED_EXP":6551.64,"HUPLAS_VA":2325.63,"HUPLAS_EXP":1741.67,"PRNOMT_VA":1905.66,"PRNOMT_EXP":504.6,"METBAS_VA":892.77,"METBAS_EXP":803.63,"NONFER_VA":979.74,"NONFER_EXP":1549.39,"PRMETA_VA":6947.19,"PRMETA_EXP":2437.8,"ELCTRO_VA":10458.52,"ELCTRO_EXP":8359.11,"ELCTRI_VA":4576.28,"ELCTRI_EXP":4853.32,"MAQYEQ_VA":9345.27,"MAQYEQ_EXP":11294.4,"AUTOMO_VA":487.59,"AUTOMO_EXP":448.62,"OTRTRA_VA":21.38,"OTRTRA_EXP":10.23,"TRANSP_VA":537.72,"TRANSP_EXP":491.39,"OTRMAN_VA":4658.19,"OTRMAN_EXP":2064.11,"ELEGAS_VA":9744.66,"ELEGAS_EXP":1.54,"AGUBAS_VA":1726.74,"AGUBAS_EXP":60.27,"CONSTR_VA":24197.58,"CONSTR_EXP":32.47,"COMREV_VA":49377.86,"COMREV_EXP":17518.25,"TRATIE_VA":8151.67,"TRATIE_EXP":4612.64,"TRAGUA_VA":231.14,"TRAGUA_EXP":3606.88,"TRAAIR_VA":1235.98,"TRAAIR_EXP":1857.26,"ALMSTR_VA":2577.67,"ALMSTR_EXP":802.3,"POSTME_VA":2694.06,"POSTME_EXP":729.13,"HOTYRE_VA":7329.28,"HOTYRE_EXP":2883.37,"MMTVRA_VA":2776.97,"MMTVRA_EXP":1851.33,"TELECO_VA":6036.28,"TELECO_EXP":978.55,"ITSERV_VA":6044.78,"ITSERV_EXP":2210.87,"SERFIN_VA":31278.52,"SERFIN_EXP":16766.2,"GOBEST_VA":22744.18,"GOBEST_EXP":660.53,"SPRSCT_VA":24956.43,"SPRSCT_EXP":1766.36,"SEAEMP_VA":7125.94,"SEAEMP_EXP":1504.33,"ADPDEF_VA":31935.39,"ADPDEF_EXP":308.34,"EDUCAC_VA":2875.87,"EDUCAC_EXP":204.21,"SALUDH_VA":19229.46,"SALUDH_EXP":259.22,"ESPARC_VA":3883.15,"ESPARC_EXP":413.7,"OTRSER_VA":3009.55,"OTRSER_EXP":154.53,"SERHOG_VA":1344.49,"SERHOG_EXP":0.0}},{"type":"Feature","geometry":{"type":"Point","coordinates":[-71.54,-35.68]},"properties":{"id":"CHL","name":"Chile","continent":"america","year":1995,"AGRPFO_VA":1900.15,"AGRPFO_EXP":1051.81,"FORLOG_VA":542.35,"FORLOG_EXP":87.08,"PESCAC_VA":716.84,"PESCAC_EXP":211.18,"MINCOL_VA":9.82,"MINCOL_EXP":1.03,"PETGAS_VA":66.9,"PETGAS_EXP":1.92,"MINORE_VA":7259.44,"MINORE_EXP":7336.17,"MINOTH_VA":268.23,"MINOTH_EXP":28.78,"MINSER_VA":184.23,"MINSER_EXP":72.33,"ALYBEB_VA":2590.41,"ALYBEB_EXP":2082.24,"TEXYPR_VA":280.64,"TEXYPR_EXP":321.59,"MADYPR_VA":332.54,"MADYPR_EXP":469.9,"PAPYPR_VA":721.32,"PAPYPR_EXP":679.47,"PETREF_VA":336.13,"PETREF_EXP":59.78,"QUIMYP_VA":952.35,"QUIMYP_EXP":279.82,"FARMED_VA":213.9,"FARMED_EXP":11.06,"HUPLAS_VA":301.23,"HUPLAS_EXP":130.25,"PRNOMT_VA":396.59,"PRNOMT_EXP":38.41,"METBAS_VA":116.09,"METBAS_EXP":56.48,"NONFER_VA":214.14,"NONFER_EXP":483.01,"PRMETA_VA":516.89,"PRMETA_EXP":173.64,"ELCTRO_VA":1231.09,"ELCTRO_EXP":11.81,"ELCTRI_VA":210.14,"ELCTRI_EXP":20.73,"MAQYEQ_VA":246.75,"MAQYEQ_EXP":208.15,"AUTOMO_VA":0.14,"AUTOMO_EXP":0.01,"OTRTRA_VA":62.95,"OTRTRA_EXP":42.5,"TRANSP_VA":119.01,"TRANSP_EXP":59.85,"OTRMAN_VA":378.59,"OTRMAN_EXP":393.24,"ELEGAS_VA":1532.4,"ELEGAS_EXP":24.72,"AGUBAS_VA":444.49,"AGUBAS_EXP":23.05,"CONSTR_VA":5574.08,"CONSTR_EXP":61.22,"COMREV_VA":6425.19,"COMREV_EXP":1347.08,"TRATIE_VA":2389.07,"TRATIE_EXP":841.91,"TRAGUA_VA":162.47,"TRAGUA_EXP":921.71,"TRAAIR_VA":588.71,"TRAAIR_EXP":455.31,"ALMSTR_VA":963.7,"ALMSTR_EXP":576.28,"POSTME_VA":100.12,"POSTME_EXP":157.55,"HOTYRE_VA":1305.07,"HOTYRE_EXP":320.85,"MMTVRA_VA":227.33,"MMTVRA_EXP":71.0,"TELECO_VA":1171.67,"TELECO_EXP":358.1,"ITSERV_VA":783.03,"ITSERV_EXP":34.0,"SERFIN_VA":3312.27,"SERFIN_EXP":257.72,"GOBEST_VA":5352.67,"GOBEST_EXP":86.59,"SPRSCT_VA":4776.12,"SPRSCT_EXP":113.65,"SEAEMP_VA":2674.74,"SEAEMP_EXP":88.16,"ADPDEF_VA":3262.67,"ADPDEF_EXP":17.45,"EDUCAC_VA":3064.78,"EDUCAC_EXP":24.88,"SALUDH_VA":2975.4,"SALUDH_EXP":14.55,"ESPARC_VA":299.21,"ESPARC_EXP":25.06,"OTRSER_VA":1036.94,"OTRSER_EXP":20.24,"SERHOG_VA":0.0,"SERHOG_EXP":0.0}},{"type":"Feature","geometry":{"type":"Point","coordinates":[104.2,35.86]},"properties":{"id":"CHN","name":"China","continent":"asia","year":1995,"AGRPFO_VA":106687.89,"AGRPFO_EXP":1813.01,"FORLOG_VA":7908.58,"FORLOG_EXP":34.07,"PESCAC_VA":12889.49,"PESCAC_EXP":428.89,"MINCOL_VA":9166.61,"MINCOL_EXP":510.08,"PETGAS_VA":9665.02,"PETGAS_EXP":1105.65,"MINORE_VA":3790.16,"MINORE_EXP":292.53,"MINOTH_VA":4100.48,"MINOTH_EXP":442.2,"MINSER_VA":639.02,"MINSER_EXP":79.11,"ALYBEB_VA":28801.26,"ALYBEB_EXP":5003.74,"TEXYPR_VA":24966.2,"TEXYPR_EXP":29180.31,"MADYPR_VA":2938.78,"MADYPR_EXP":1015.32,"PAPYPR_VA":7708.66,"PAPYPR_EXP":539.29,"PETREF_VA":7303.85,"PETREF_EXP":892.8,"QUIMYP_VA":16902.79,"QUIMYP_EXP":5624.73,"FARMED_VA":5542.59,"FARMED_EXP":784.68,"HUPLAS_VA":8734.11,"HUPLAS_EXP":1801.52,"PRNOMT_VA":19174.64,"PRNOMT_EXP":1450.2,"METBAS_VA":16386.79,"METBAS_EXP":2575.39,"NONFER_VA":5607.28,"NONFER_EXP":1029.51,"PRMETA_VA":8325.39,"PRMETA_EXP":2421.68,"ELCTRO_VA":19507.84,"ELCTRO_EXP":9508.91,"ELCTRI_VA":10057.07,"ELCTRI_EXP":4464.37,"MAQYEQ_VA":21444.0,"MAQYEQ_EXP":3870.58,"AUTOMO_VA":12102.14,"AUTOMO_EXP":706.9,"OTRTRA_VA":918.98,"OTRTRA_EXP":451.43,"TRANSP_VA":1673.92,"TRANSP_EXP":641.89,"OTRMAN_VA":4545.08,"OTRMAN_EXP":7441.72,"ELEGAS_VA":24690.87,"ELEGAS_EXP":237.9,"AGUBAS_VA":3363.89,"AGUBAS_EXP":0.1,"CONSTR_VA":41162.14,"CONSTR_EXP":0.19,"COMREV_VA":50914.06,"COMREV_EXP":7522.46,"TRATIE_VA":24472.06,"TRATIE_EXP":2229.16,"TRAGUA_VA":4015.37,"TRAGUA_EXP":3228.49,"TRAAIR_VA":2201.63,"TRAAIR_EXP":4526.98,"ALMSTR_VA":2857.62,"ALMSTR_EXP":1159.3,"POSTME_VA":1322.27,"POSTME_EXP":7.78,"HOTYRE_VA":12687.75,"HOTYRE_EXP":2292.44,"MMTVRA_VA":1850.15,"MMTVRA_EXP":489.28,"TELECO_VA":9365.18,"TELECO_EXP":1154.43,"ITSERV_VA":5705.22,"ITSERV_EXP":836.23,"SERFIN_VA":33343.93,"SERFIN_EXP":798.94,"GOBEST_VA":26502.9,"GOBEST_EXP":753.4,"SPRSCT_VA":8212.35,"SPRSCT_EXP":5949.05,"SEAEMP_VA":11468.91,"SEAEMP_EXP":4957.26,"ADPDEF_VA":24903.96,"ADPDEF_EXP":0.33,"EDUCAC_VA":19693.84,"EDUCAC_EXP":91.83,"SALUDH_VA":10746.67,"SALUDH_EXP":111.04,"ESPARC_VA":3588.09,"ESPARC_EXP":331.13,"OTRSER_VA":10629.54,"OTRSER_EXP":133.43,"SERHOG_VA":0.0,"SERHOG_EXP":0.0}},{"type":"Feature","geometry":{"type":"Point","coordinates":[-5.55,7.54]},"properties":{"id":"CIV","name":"Costa de Marfil","continent":"other","year":1995,"AGRPFO_VA":2608.21,"AGRPFO_EXP":1070.97,"FORLOG_VA":81.41,"FORLOG_EXP":1.54,"PESCAC_VA":30.52,"PESCAC_EXP":1.46,"MINCOL_VA":0.73,"MINCOL_EXP":1.4,"PETGAS_VA":7.38,"PETGAS_EXP":15.5,"MINORE_VA":23.3,"MINORE_EXP":26.67,"MINOTH_VA":2.55,"MINOTH_EXP":5.02,"MINSER_VA":1.81,"MINSER_EXP":3.07,"ALYBEB_VA":620.11,"ALYBEB_EXP":485.05,"TEXYPR_VA":315.17,"TEXYPR_EXP":142.25,"MADYPR_VA":142.33,"MADYPR_EXP":163.21,"PAPYPR_VA":75.01,"PAPYPR_EXP":2.63,"PETREF_VA":219.67,"PETREF_EXP":284.92,"QUIMYP_VA":61.93,"QUIMYP_EXP":120.22,"FARMED_VA":38.2,"FARMED_EXP":1.26,"HUPLAS_VA":68.88,"HUPLAS_EXP":101.31,"PRNOMT_VA":99.14,"PRNOMT_EXP":27.18,"METBAS_VA":8.91,"METBAS_EXP":19.61,"NONFER_VA":8.63,"NONFER_EXP":23.38,"PRMETA_VA":71.31,"PRMETA_EXP":32.8,"ELCTRO_VA":0.0,"ELCTRO_EXP":0.0,"ELCTRI_VA":0.47,"ELCTRI_EXP":0.21,"MAQYEQ_VA":27.43,"MAQYEQ_EXP":10.21,"AUTOMO_VA":9.53,"AUTOMO_EXP":1.55,"OTRTRA_VA":1.88,"OTRTRA_EXP":0.44,"TRANSP_VA":3.18,"TRANSP_EXP":0.32,"OTRMAN_VA":136.49,"OTRMAN_EXP":25.72,"ELEGAS_VA":182.16,"ELEGAS_EXP":39.62,"AGUBAS_VA":31.47,"AGUBAS_EXP":0.86,"CONSTR_VA":234.13,"CONSTR_EXP":2.64,"COMREV_VA":1331.5,"COMREV_EXP":311.32,"TRATIE_VA":252.18,"TRATIE_EXP":79.65,"TRAGUA_VA":20.91,"TRAGUA_EXP":50.42,"TRAAIR_VA":45.41,"TRAAIR_EXP":53.43,"ALMSTR_VA":154.57,"ALMSTR_EXP":53.93,"POSTME_VA":33.75,"POSTME_EXP":12.37,"HOTYRE_VA":61.61,"HOTYRE_EXP":25.04,"MMTVRA_VA":59.4,"MMTVRA_EXP":11.05,"TELECO_VA":130.43,"TELECO_EXP":23.71,"ITSERV_VA":123.28,"ITSERV_EXP":78.47,"SERFIN_VA":371.36,"SERFIN_EXP":21.22,"GOBEST_VA":613.14,"GOBEST_EXP":5.73,"SPRSCT_VA":156.01,"SPRSCT_EXP":32.41,"SEAEMP_VA":308.53,"SEAEMP_EXP":3.01,"ADPDEF_VA":947.29,"ADPDEF_EXP":0.09,"EDUCAC_VA":323.62,"EDUCAC_EXP":1.52,"SALUDH_VA":77.53,"SALUDH_EXP":0.94,"ESPARC_VA":17.8,"ESPARC_EXP":2.24,"OTRSER_VA":312.09,"OTRSER_EXP":1.18,"SERHOG_VA":25.45,"SERHOG_EXP":0.0}},{"type":"Feature","geometry":{"type":"Point","coordinates":[12.35,7.37]},"properties":{"id":"CMR","name":"Camerún","continent":"other","year":1995,"AGRPFO_VA":1354.99,"AGRPFO_EXP":386.62,"FORLOG_VA":514.53,"FORLOG_EXP":72.85,"PESCAC_VA":209.64,"PESCAC_EXP":1.75,"MINCOL_VA":87.32,"MINCOL_EXP":7.96,"PETGAS_VA":442.95,"PETGAS_EXP":470.23,"MINORE_VA":7.29,"MINORE_EXP":0.18,"MINOTH_VA":34.88,"MINOTH_EXP":0.98,"MINSER_VA":45.64,"MINSER_EXP":72.56,"ALYBEB_VA":953.85,"ALYBEB_EXP":181.34,"TEXYPR_VA":433.02,"TEXYPR_EXP":131.74,"MADYPR_VA":103.89,"MADYPR_EXP":106.69,"PAPYPR_VA":19.19,"PAPYPR_EXP":10.71,"PETREF_VA":87.75,"PETREF_EXP":2.89,"QUIMYP_VA":25.48,"QUIMYP_EXP":20.91,"FARMED_VA":10.2,"FARMED_EXP":1.07,"HUPLAS_VA":10.79,"HUPLAS_EXP":4.67,"PRNOMT_VA":36.67,"PRNOMT_EXP":50.12,"METBAS_VA":7.19,"METBAS_EXP":2.57,"NONFER_VA":17.96,"NONFER_EXP":42.92,"PRMETA_VA":6.62,"PRMETA_EXP":13.39,"ELCTRO_VA":5.43,"ELCTRO_EXP":2.0,"ELCTRI_VA":2.31,"ELCTRI_EXP":4.98,"MAQYEQ_VA":3.86,"MAQYEQ_EXP":4.77,"AUTOMO_VA":3.73,"AUTOMO_EXP":2.18,"OTRTRA_VA":0.53,"OTRTRA_EXP":0.73,"TRANSP_VA":0.81,"TRANSP_EXP":1.11,"OTRMAN_VA":61.74,"OTRMAN_EXP":3.65,"ELEGAS_VA":79.41,"ELEGAS_EXP":0.05,"AGUBAS_VA":74.07,"AGUBAS_EXP":0.2,"CONSTR_VA":720.77,"CONSTR_EXP":0.42,"COMREV_VA":934.33,"COMREV_EXP":156.97,"TRATIE_VA":490.36,"TRATIE_EXP":81.62,"TRAGUA_VA":62.4,"TRAGUA_EXP":29.49,"TRAAIR_VA":71.86,"TRAAIR_EXP":56.15,"ALMSTR_VA":235.2,"ALMSTR_EXP":56.12,"POSTME_VA":89.58,"POSTME_EXP":18.95,"HOTYRE_VA":563.27,"HOTYRE_EXP":21.28,"MMTVRA_VA":47.0,"MMTVRA_EXP":18.09,"TELECO_VA":77.12,"TELECO_EXP":15.22,"ITSERV_VA":92.94,"ITSERV_EXP":11.98,"SERFIN_VA":200.41,"SERFIN_EXP":27.88,"GOBEST_VA":514.6,"GOBEST_EXP":3.84,"SPRSCT_VA":272.45,"SPRSCT_EXP":38.55,"SEAEMP_VA":181.53,"SEAEMP_EXP":111.19,"ADPDEF_VA":615.14,"ADPDEF_EXP":0.07,"EDUCAC_VA":228.14,"EDUCAC_EXP":1.2,"SALUDH_VA":141.04,"SALUDH_EXP":0.85,"ESPARC_VA":124.39,"ESPARC_EXP":51.1,"OTRSER_VA":136.93,"OTRSER_EXP":1.14,"SERHOG_VA":10.47,"SERHOG_EXP":0.0}},{"type":"Feature","geometry":{"type":"Point","coordinates":[21.76,-4.04]},"properties":{"id":"COD","name":"R.D. Congo","continent":"other","year":1995,"AGRPFO_VA":1517.78,"AGRPFO_EXP":286.32,"FORLOG_VA":163.63,"FORLOG_EXP":192.34,"PESCAC_VA":141.08,"PESCAC_EXP":2.82,"MINCOL_VA":3.68,"MINCOL_EXP":1.11,"PETGAS_VA":226.35,"PETGAS_EXP":242.17,"MINORE_VA":354.49,"MINORE_EXP":378.9,"MINOTH_VA":601.95,"MINOTH_EXP":138.48,"MINSER_VA":39.2,"MINSER_EXP":1.69,"ALYBEB_VA":977.7,"ALYBEB_EXP":68.17,"TEXYPR_VA":182.21,"TEXYPR_EXP":7.32,"MADYPR_VA":16.11,"MADYPR_EXP":26.64,"PAPYPR_VA":19.45,"PAPYPR_EXP":0.5,"PETREF_VA":3.66,"PETREF_EXP":1.44,"QUIMYP_VA":42.33,"QUIMYP_EXP":13.54,"FARMED_VA":4.82,"FARMED_EXP":0.47,"HUPLAS_VA":32.2,"HUPLAS_EXP":0.59,"PRNOMT_VA":38.86,"PRNOMT_EXP":9.68,"METBAS_VA":36.71,"METBAS_EXP":1.69,"NONFER_VA":218.97,"NONFER_EXP":417.17,"PRMETA_VA":19.17,"PRMETA_EXP":1.95,"ELCTRO_VA":0.34,"ELCTRO_EXP":0.4,"ELCTRI_VA":30.84,"ELCTRI_EXP":1.46,"MAQYEQ_VA":1.51,"MAQYEQ_EXP":0.33,"AUTOMO_VA":65.13,"AUTOMO_EXP":2.27,"OTRTRA_VA":7.78,"OTRTRA_EXP":0.08,"TRANSP_VA":0.21,"TRANSP_EXP":0.1,"OTRMAN_VA":60.1,"OTRMAN_EXP":21.54,"ELEGAS_VA":42.46,"ELEGAS_EXP":14.7,"AGUBAS_VA":26.12,"AGUBAS_EXP":0.61,"CONSTR_VA":272.26,"CONSTR_EXP":1.83,"COMREV_VA":703.48,"COMREV_EXP":112.16,"TRATIE_VA":753.79,"TRATIE_EXP":242.4,"TRAGUA_VA":52.58,"TRAGUA_EXP":32.42,"TRAAIR_VA":31.39,"TRAAIR_EXP":12.2,"ALMSTR_VA":97.62,"ALMSTR_EXP":34.23,"POSTME_VA":12.18,"POSTME_EXP":1.21,"HOTYRE_VA":297.22,"HOTYRE_EXP":51.16,"MMTVRA_VA":66.68,"MMTVRA_EXP":24.46,"TELECO_VA":379.1,"TELECO_EXP":33.43,"ITSERV_VA":3.85,"ITSERV_EXP":2.79,"SERFIN_VA":117.13,"SERFIN_EXP":48.92,"GOBEST_VA":372.47,"GOBEST_EXP":3.0,"SPRSCT_VA":144.58,"SPRSCT_EXP":48.14,"SEAEMP_VA":91.27,"SEAEMP_EXP":13.64,"ADPDEF_VA":278.96,"ADPDEF_EXP":1.37,"EDUCAC_VA":113.4,"EDUCAC_EXP":2.91,"SALUDH_VA":223.62,"SALUDH_EXP":2.63,"ESPARC_VA":40.81,"ESPARC_EXP":5.46,"OTRSER_VA":70.45,"OTRSER_EXP":2.53,"SERHOG_VA":28.24,"SERHOG_EXP":0.0}},{"type":"Feature","geometry":{"type":"Point","coordinates":[-74.3,4.57]},"properties":{"id":"COL","name":"Colombia","continent":"america","year":1995,"AGRPFO_VA":7198.38,"AGRPFO_EXP":3449.57,"FORLOG_VA":106.34,"FORLOG_EXP":1.39,"PESCAC_VA":561.96,"PESCAC_EXP":12.79,"MINCOL_VA":1238.1,"MINCOL_EXP":641.01,"PETGAS_VA":3540.1,"PETGAS_EXP":1812.83,"MINORE_VA":544.19,"MINORE_EXP":5.19,"MINOTH_VA":226.48,"MINOTH_EXP":8.32,"MINSER_VA":28.61,"MINSER_EXP":4.3,"ALYBEB_VA":5100.37,"ALYBEB_EXP":395.44,"TEXYPR_VA":2097.56,"TEXYPR_EXP":869.02,"MADYPR_VA":135.56,"MADYPR_EXP":10.38,"PAPYPR_VA":816.37,"PAPYPR_EXP":136.2,"PETREF_VA":404.21,"PETREF_EXP":376.62,"QUIMYP_VA":1625.18,"QUIMYP_EXP":852.2,"FARMED_VA":441.1,"FARMED_EXP":78.84,"HUPLAS_VA":525.17,"HUPLAS_EXP":164.2,"PRNOMT_VA":1138.77,"PRNOMT_EXP":193.08,"METBAS_VA":412.07,"METBAS_EXP":681.69,"NONFER_VA":27.44,"NONFER_EXP":82.35,"PRMETA_VA":332.92,"PRMETA_EXP":32.03,"ELCTRO_VA":357.98,"ELCTRO_EXP":14.96,"ELCTRI_VA":310.63,"ELCTRI_EXP":85.7,"MAQYEQ_VA":896.19,"MAQYEQ_EXP":103.87,"AUTOMO_VA":273.11,"AUTOMO_EXP":37.78,"OTRTRA_VA":0.29,"OTRTRA_EXP":0.04,"TRANSP_VA":58.84,"TRANSP_EXP":2.95,"OTRMAN_VA":884.71,"OTRMAN_EXP":48.08,"ELEGAS_VA":1641.81,"ELEGAS_EXP":0.42,"AGUBAS_VA":1001.23,"AGUBAS_EXP":0.01,"CONSTR_VA":4014.58,"CONSTR_EXP":0.05,"COMREV_VA":7635.12,"COMREV_EXP":1049.7,"TRATIE_VA":3394.1,"TRATIE_EXP":173.82,"TRAGUA_VA":57.87,"TRAGUA_EXP":36.06,"TRAAIR_VA":396.15,"TRAAIR_EXP":76.53,"ALMSTR_VA":618.82,"ALMSTR_EXP":37.91,"POSTME_VA":147.87,"POSTME_EXP":3.79,"HOTYRE_VA":3335.36,"HOTYRE_EXP":51.78,"MMTVRA_VA":319.61,"MMTVRA_EXP":56.45,"TELECO_VA":2281.51,"TELECO_EXP":40.08,"ITSERV_VA":411.58,"ITSERV_EXP":0.41,"SERFIN_VA":3736.0,"SERFIN_EXP":25.05,"GOBEST_VA":7396.2,"GOBEST_EXP":7.98,"SPRSCT_VA":2727.01,"SPRSCT_EXP":5.22,"SEAEMP_VA":3399.15,"SEAEMP_EXP":4.3,"ADPDEF_VA":4724.22,"ADPDEF_EXP":5.89,"EDUCAC_VA":5535.23,"EDUCAC_EXP":2.88,"SALUDH_VA":3677.02,"SALUDH_EXP":1.74,"ESPARC_VA":1865.71,"ESPARC_EXP":11.23,"OTRSER_VA":1178.19,"OTRSER_EXP":2.19,"SERHOG_VA":597.48,"SERHOG_EXP":0.0}},{"type":"Feature","geometry":{"type":"Point","coordinates":[-83.75,9.75]},"properties":{"id":"CRI","name":"Costa Rica","continent":"america","year":1995,"AGRPFO_VA":1207.72,"AGRPFO_EXP":726.52,"FORLOG_VA":40.94,"FORLOG_EXP":12.36,"PESCAC_VA":16.82,"PESCAC_EXP":2.8,"MINCOL_VA":0.75,"MINCOL_EXP":0.05,"PETGAS_VA":0.18,"PETGAS_EXP":0.01,"MINORE_VA":0.05,"MINORE_EXP":0.01,"MINOTH_VA":36.58,"MINOTH_EXP":1.88,"MINSER_VA":0.05,"MINSER_EXP":0.01,"ALYBEB_VA":795.55,"ALYBEB_EXP":1087.71,"TEXYPR_VA":294.68,"TEXYPR_EXP":108.04,"MADYPR_VA":8.15,"MADYPR_EXP":12.42,"PAPYPR_VA":140.55,"PAPYPR_EXP":77.85,"PETREF_VA":26.04,"PETREF_EXP":5.4,"QUIMYP_VA":152.57,"QUIMYP_EXP":85.66,"FARMED_VA":24.56,"FARMED_EXP":34.82,"HUPLAS_VA":100.29,"HUPLAS_EXP":207.3,"PRNOMT_VA":67.93,"PRNOMT_EXP":54.89,"METBAS_VA":12.91,"METBAS_EXP":20.04,"NONFER_VA":7.05,"NONFER_EXP":20.54,"PRMETA_VA":41.58,"PRMETA_EXP":40.47,"ELCTRO_VA":10.92,"ELCTRO_EXP":13.18,"ELCTRI_VA":84.49,"ELCTRI_EXP":71.09,"MAQYEQ_VA":1.89,"MAQYEQ_EXP":2.08,"AUTOMO_VA":10.25,"AUTOMO_EXP":1.04,"OTRTRA_VA":0.4,"OTRTRA_EXP":0.08,"TRANSP_VA":0.41,"TRANSP_EXP":0.04,"OTRMAN_VA":150.43,"OTRMAN_EXP":160.22,"ELEGAS_VA":217.64,"ELEGAS_EXP":1.94,"AGUBAS_VA":65.38,"AGUBAS_EXP":0.34,"CONSTR_VA":451.28,"CONSTR_EXP":0.73,"COMREV_VA":2582.76,"COMREV_EXP":507.36,"TRATIE_VA":360.38,"TRATIE_EXP":103.62,"TRAGUA_VA":92.8,"TRAGUA_EXP":43.53,"TRAAIR_VA":14.03,"TRAAIR_EXP":24.21,"ALMSTR_VA":88.03,"ALMSTR_EXP":30.41,"POSTME_VA":4.97,"POSTME_EXP":1.26,"HOTYRE_VA":322.98,"HOTYRE_EXP":283.3,"MMTVRA_VA":131.28,"MMTVRA_EXP":23.48,"TELECO_VA":166.2,"TELECO_EXP":74.27,"ITSERV_VA":5.18,"ITSERV_EXP":0.69,"SERFIN_VA":413.65,"SERFIN_EXP":41.59,"GOBEST_VA":633.7,"GOBEST_EXP":34.06,"SPRSCT_VA":253.62,"SPRSCT_EXP":89.81,"SEAEMP_VA":99.75,"SEAEMP_EXP":41.28,"ADPDEF_VA":382.97,"ADPDEF_EXP":3.19,"EDUCAC_VA":457.67,"EDUCAC_EXP":18.45,"SALUDH_VA":696.93,"SALUDH_EXP":14.95,"ESPARC_VA":142.02,"ESPARC_EXP":46.08,"OTRSER_VA":60.81,"OTRSER_EXP":12.7,"SERHOG_VA":89.32,"SERHOG_EXP":0.0}},{"type":"Feature","geometry":{"type":"Point","coordinates":[33.43,35.13]},"properties":{"id":"CYP","name":"Chipre","continent":"europe","year":1995,"AGRPFO_VA":446.93,"AGRPFO_EXP":161.05,"FORLOG_VA":4.27,"FORLOG_EXP":0.75,"PESCAC_VA":17.59,"PESCAC_EXP":4.8,"MINCOL_VA":0.0,"MINCOL_EXP":0.0,"PETGAS_VA":7.05,"PETGAS_EXP":0.31,"MINORE_VA":4.87,"MINORE_EXP":4.4,"MINOTH_VA":13.17,"MINOTH_EXP":8.61,"MINSER_VA":0.07,"MINSER_EXP":0.04,"ALYBEB_VA":301.28,"ALYBEB_EXP":251.19,"TEXYPR_VA":162.24,"TEXYPR_EXP":108.92,"MADYPR_VA":54.07,"MADYPR_EXP":41.26,"PAPYPR_VA":51.25,"PAPYPR_EXP":39.43,"PETREF_VA":9.58,"PETREF_EXP":53.81,"QUIMYP_VA":35.19,"QUIMYP_EXP":59.41,"FARMED_VA":13.29,"FARMED_EXP":31.36,"HUPLAS_VA":33.96,"HUPLAS_EXP":21.62,"PRNOMT_VA":114.64,"PRNOMT_EXP":22.79,"METBAS_VA":0.94,"METBAS_EXP":4.63,"NONFER_VA":4.13,"NONFER_EXP":6.99,"PRMETA_VA":66.11,"PRMETA_EXP":12.31,"ELCTRO_VA":1.86,"ELCTRO_EXP":3.22,"ELCTRI_VA":6.85,"ELCTRI_EXP":15.62,"MAQYEQ_VA":23.55,"MAQYEQ_EXP":36.51,"AUTOMO_VA":7.37,"AUTOMO_EXP":6.04,"OTRTRA_VA":0.67,"OTRTRA_EXP":0.93,"TRANSP_VA":1.06,"TRANSP_EXP":0.28,"OTRMAN_VA":81.83,"OTRMAN_EXP":61.69,"ELEGAS_VA":129.52,"ELEGAS_EXP":0.73,"AGUBAS_VA":40.03,"AGUBAS_EXP":3.61,"CONSTR_VA":878.96,"CONSTR_EXP":9.57,"COMREV_VA":1169.69,"COMREV_EXP":285.43,"TRATIE_VA":106.76,"TRATIE_EXP":77.95,"TRAGUA_VA":563.12,"TRAGUA_EXP":550.61,"TRAAIR_VA":99.67,"TRAAIR_EXP":128.1,"ALMSTR_VA":181.82,"ALMSTR_EXP":515.11,"POSTME_VA":10.25,"POSTME_EXP":13.05,"HOTYRE_VA":744.74,"HOTYRE_EXP":936.45,"MMTVRA_VA":49.9,"MMTVRA_EXP":31.7,"TELECO_VA":154.12,"TELECO_EXP":68.13,"ITSERV_VA":27.45,"ITSERV_EXP":28.1,"SERFIN_VA":483.94,"SERFIN_EXP":238.02,"GOBEST_VA":568.05,"GOBEST_EXP":119.62,"SPRSCT_VA":523.89,"SPRSCT_EXP":614.34,"SEAEMP_VA":111.26,"SEAEMP_EXP":118.35,"ADPDEF_VA":852.43,"ADPDEF_EXP":1.79,"EDUCAC_VA":436.47,"EDUCAC_EXP":54.59,"SALUDH_VA":282.56,"SALUDH_EXP":33.42,"ESPARC_VA":97.36,"ESPARC_EXP":67.28,"OTRSER_VA":201.46,"OTRSER_EXP":41.04,"SERHOG_VA":31.55,"SERHOG_EXP":0.0}},{"type":"Feature","geometry":{"type":"Point","coordinates":[15.47,49.82]},"properties":{"id":"CZE","name":"Chequia","continent":"europe","year":1995,"AGRPFO_VA":1976.86,"AGRPFO_EXP":490.94,"FORLOG_VA":490.43,"FORLOG_EXP":152.59,"PESCAC_VA":31.21,"PESCAC_EXP":13.4,"MINCOL_VA":1019.98,"MINCOL_EXP":391.85,"PETGAS_VA":9.11,"PETGAS_EXP":8.36,"MINORE_VA":66.4,"MINORE_EXP":6.44,"MINOTH_VA":122.53,"MINOTH_EXP":55.0,"MINSER_VA":26.63,"MINSER_EXP":7.84,"ALYBEB_VA":1824.79,"ALYBEB_EXP":1034.6,"TEXYPR_VA":1014.78,"TEXYPR_EXP":964.54,"MADYPR_VA":440.32,"MADYPR_EXP":277.52,"PAPYPR_VA":575.08,"PAPYPR_EXP":413.95,"PETREF_VA":578.28,"PETREF_EXP":370.41,"QUIMYP_VA":715.61,"QUIMYP_EXP":921.28,"FARMED_VA":318.02,"FARMED_EXP":115.49,"HUPLAS_VA":414.7,"HUPLAS_EXP":407.85,"PRNOMT_VA":929.7,"PRNOMT_EXP":803.96,"METBAS_VA":1283.53,"METBAS_EXP":1374.98,"NONFER_VA":217.72,"NONFER_EXP":319.65,"PRMETA_VA":1242.66,"PRMETA_EXP":899.67,"ELCTRO_VA":329.0,"ELCTRO_EXP":231.5,"ELCTRI_VA":528.46,"ELCTRI_EXP":599.63,"MAQYEQ_VA":1305.9,"MAQYEQ_EXP":1121.33,"AUTOMO_VA":898.16,"AUTOMO_EXP":1396.98,"OTRTRA_VA":1.51,"OTRTRA_EXP":4.03,"TRANSP_VA":201.48,"TRANSP_EXP":204.11,"OTRMAN_VA":972.72,"OTRMAN_EXP":524.16,"ELEGAS_VA":2390.65,"ELEGAS_EXP":107.17,"AGUBAS_VA":527.46,"AGUBAS_EXP":46.54,"CONSTR_VA":4400.67,"CONSTR_EXP":49.98,"COMREV_VA":5909.08,"COMREV_EXP":2199.12,"TRATIE_VA":2547.51,"TRATIE_EXP":1450.43,"TRAGUA_VA":39.95,"TRAGUA_EXP":27.04,"TRAAIR_VA":152.39,"TRAAIR_EXP":351.64,"ALMSTR_VA":904.35,"ALMSTR_EXP":386.65,"POSTME_VA":331.3,"POSTME_EXP":147.85,"HOTYRE_VA":1871.55,"HOTYRE_EXP":862.07,"MMTVRA_VA":398.56,"MMTVRA_EXP":315.73,"TELECO_VA":827.29,"TELECO_EXP":525.24,"ITSERV_VA":449.62,"ITSERV_EXP":102.7,"SERFIN_VA":1850.3,"SERFIN_EXP":299.62,"GOBEST_VA":3421.13,"GOBEST_EXP":306.35,"SPRSCT_VA":2559.56,"SPRSCT_EXP":1603.62,"SEAEMP_VA":1126.64,"SEAEMP_EXP":686.65,"ADPDEF_VA":3758.93,"ADPDEF_EXP":51.58,"EDUCAC_VA":2361.87,"EDUCAC_EXP":93.11,"SALUDH_VA":2045.2,"SALUDH_EXP":85.89,"ESPARC_VA":559.06,"ESPARC_EXP":199.4,"OTRSER_VA":867.31,"OTRSER_EXP":98.66,"SERHOG_VA":12.79,"SERHOG_EXP":0.0}},{"type":"Feature","geometry":{"type":"Point","coordinates":[10.45,51.17]},"properties":{"id":"DEU","name":"Alemania","continent":"europe","year":1995,"AGRPFO_VA":24313.22,"AGRPFO_EXP":3158.41,"FORLOG_VA":3082.82,"FORLOG_EXP":297.96,"PESCAC_VA":220.28,"PESCAC_EXP":62.81,"MINCOL_VA":8239.66,"MINCOL_EXP":436.62,"PETGAS_VA":1297.55,"PETGAS_EXP":348.0,"MINORE_VA":4.09,"MINORE_EXP":5.38,"MINOTH_VA":3132.4,"MINOTH_EXP":1003.19,"MINSER_VA":686.55,"MINSER_EXP":142.72,"ALYBEB_VA":45340.86,"ALYBEB_EXP":15683.22,"TEXYPR_VA":14464.63,"TEXYPR_EXP":12088.78,"MADYPR_VA":10700.89,"MADYPR_EXP":1984.98,"PAPYPR_VA":28339.16,"PAPYPR_EXP":11871.46,"PETREF_VA":3290.88,"PETREF_EXP":3297.84,"QUIMYP_VA":46960.84,"QUIMYP_EXP":45793.71,"FARMED_VA":13798.16,"FARMED_EXP":6819.48,"HUPLAS_VA":26554.68,"HUPLAS_EXP":7067.71,"PRNOMT_VA":25353.41,"PRNOMT_EXP":5807.7,"METBAS_VA":17171.79,"METBAS_EXP":15640.08,"NONFER_VA":6657.89,"NONFER_EXP":10359.4,"PRMETA_VA":45004.57,"PRMETA_EXP":14618.56,"ELCTRO_VA":29942.33,"ELCTRO_EXP":30913.35,"ELCTRI_VA":41800.26,"ELCTRI_EXP":28861.04,"MAQYEQ_VA":73550.81,"MAQYEQ_EXP":59261.66,"AUTOMO_VA":69644.14,"AUTOMO_EXP":76785.58,"OTRTRA_VA":1210.54,"OTRTRA_EXP":2132.08,"TRANSP_VA":4878.89,"TRANSP_EXP":6569.17,"OTRMAN_VA":34196.36,"OTRMAN_EXP":7891.92,"ELEGAS_VA":41325.46,"ELEGAS_EXP":1225.44,"AGUBAS_VA":23424.8,"AGUBAS_EXP":771.43,"CONSTR_VA":162758.78,"CONSTR_EXP":3021.78,"COMREV_VA":244127.74,"COMREV_EXP":63756.33,"TRATIE_VA":46604.34,"TRATIE_EXP":11605.88,"TRAGUA_VA":4083.47,"TRAGUA_EXP":6976.44,"TRAAIR_VA":6204.99,"TRAAIR_EXP":7570.22,"ALMSTR_VA":24548.19,"ALMSTR_EXP":3745.08,"POSTME_VA":16438.94,"POSTME_EXP":560.68,"HOTYRE_VA":36207.47,"HOTYRE_EXP":2712.09,"MMTVRA_VA":29960.58,"MMTVRA_EXP":3873.46,"TELECO_VA":39550.26,"TELECO_EXP":1419.29,"ITSERV_VA":23061.67,"ITSERV_EXP":5147.01,"SERFIN_VA":108306.72,"SERFIN_EXP":11017.02,"GOBEST_VA":253218.93,"GOBEST_EXP":2525.49,"SPRSCT_VA":153428.16,"SPRSCT_EXP":14997.16,"SEAEMP_VA":78175.05,"SEAEMP_EXP":4028.7,"ADPDEF_VA":163182.0,"ADPDEF_EXP":37.92,"EDUCAC_VA":103698.4,"EDUCAC_EXP":365.57,"SALUDH_VA":153004.18,"SALUDH_EXP":219.5,"ESPARC_VA":27956.33,"ESPARC_EXP":720.2,"OTRSER_VA":62861.41,"OTRSER_EXP":333.95,"SERHOG_VA":5938.31,"SERHOG_EXP":0.0}},{"type":"Feature","geometry":{"type":"Point","coordinates":[9.5,56.26]},"properties":{"id":"DNK","name":"Dinamarca","continent":"europe","year":1995,"AGRPFO_VA":4835.56,"AGRPFO_EXP":1469.01,"FORLOG_VA":113.99,"FORLOG_EXP":65.65,"PESCAC_VA":427.45,"PESCAC_EXP":352.64,"MINCOL_VA":0.0,"MINCOL_EXP":0.0,"PETGAS_VA":1246.89,"PETGAS_EXP":551.74,"MINORE_VA":0.0,"MINORE_EXP":0.0,"MINOTH_VA":169.84,"MINOTH_EXP":84.03,"MINSER_VA":29.7,"MINSER_EXP":16.23,"ALYBEB_VA":4429.24,"ALYBEB_EXP":8023.45,"TEXYPR_VA":1039.95,"TEXYPR_EXP":1439.48,"MADYPR_VA":786.67,"MADYPR_EXP":783.55,"PAPYPR_VA":1736.62,"PAPYPR_EXP":769.61,"PETREF_VA":222.21,"PETREF_EXP":542.85,"QUIMYP_VA":1585.96,"QUIMYP_EXP":1548.8,"FARMED_VA":1575.81,"FARMED_EXP":1869.23,"HUPLAS_VA":1290.66,"HUPLAS_EXP":1327.06,"PRNOMT_VA":1387.44,"PRNOMT_EXP":647.0,"METBAS_VA":500.28,"METBAS_EXP":579.06,"NONFER_VA":199.81,"NONFER_EXP":313.61,"PRMETA_VA":2259.33,"PRMETA_EXP":1260.23,"ELCTRO_VA":1664.86,"ELCTRO_EXP":2446.63,"ELCTRI_VA":1100.15,"ELCTRI_EXP":1221.91,"MAQYEQ_VA":4350.92,"MAQYEQ_EXP":5435.88,"AUTOMO_VA":438.42,"AUTOMO_EXP":463.45,"OTRTRA_VA":488.92,"OTRTRA_EXP":364.41,"TRANSP_VA":209.95,"TRANSP_EXP":197.08,"OTRMAN_VA":2641.55,"OTRMAN_EXP":2597.29,"ELEGAS_VA":3746.58,"ELEGAS_EXP":409.5,"AGUBAS_VA":1282.79,"AGUBAS_EXP":4.32,"CONSTR_VA":7994.23,"CONSTR_EXP":28.15,"COMREV_VA":21768.54,"COMREV_EXP":8628.19,"TRATIE_VA":4746.14,"TRATIE_EXP":2206.25,"TRAGUA_VA":1786.22,"TRAGUA_EXP":6755.91,"TRAAIR_VA":693.34,"TRAAIR_EXP":974.49,"ALMSTR_VA":1793.49,"ALMSTR_EXP":761.18,"POSTME_VA":1468.62,"POSTME_EXP":122.48,"HOTYRE_VA":2494.3,"HOTYRE_EXP":793.47,"MMTVRA_VA":2108.12,"MMTVRA_EXP":217.59,"TELECO_VA":1942.71,"TELECO_EXP":222.92,"ITSERV_VA":1482.15,"ITSERV_EXP":179.56,"SERFIN_VA":8837.34,"SERFIN_EXP":460.52,"GOBEST_VA":15777.55,"GOBEST_EXP":232.87,"SPRSCT_VA":7118.81,"SPRSCT_EXP":1479.96,"SEAEMP_VA":3174.62,"SEAEMP_EXP":772.61,"ADPDEF_VA":10750.96,"ADPDEF_EXP":12.11,"EDUCAC_VA":9504.44,"EDUCAC_EXP":29.08,"SALUDH_VA":16306.29,"SALUDH_EXP":106.1,"ESPARC_VA":2611.6,"ESPARC_EXP":312.64,"OTRSER_VA":2889.26,"OTRSER_EXP":63.57,"SERHOG_VA":277.08,"SERHOG_EXP":0.0}},{"type":"Feature","geometry":{"type":"Point","coordinates":[30.8,26.82]},"properties":{"id":"EGY","name":"Egipto","continent":"other","year":1995,"AGRPFO_VA":6078.03,"AGRPFO_EXP":322.27,"FORLOG_VA":0.93,"FORLOG_EXP":0.02,"PESCAC_VA":578.17,"PESCAC_EXP":7.41,"MINCOL_VA":62.36,"MINCOL_EXP":26.46,"PETGAS_VA":7700.98,"PETGAS_EXP":1421.68,"MINORE_VA":82.36,"MINORE_EXP":0.9,"MINOTH_VA":386.91,"MINOTH_EXP":130.53,"MINSER_VA":155.64,"MINSER_EXP":20.77,"ALYBEB_VA":2107.82,"ALYBEB_EXP":342.28,"TEXYPR_VA":835.4,"TEXYPR_EXP":314.68,"MADYPR_VA":348.71,"MADYPR_EXP":6.74,"PAPYPR_VA":520.11,"PAPYPR_EXP":66.7,"PETREF_VA":1264.22,"PETREF_EXP":544.39,"QUIMYP_VA":1243.37,"QUIMYP_EXP":390.96,"FARMED_VA":302.55,"FARMED_EXP":34.92,"HUPLAS_VA":159.66,"HUPLAS_EXP":64.58,"PRNOMT_VA":929.3,"PRNOMT_EXP":115.01,"METBAS_VA":437.33,"METBAS_EXP":180.49,"NONFER_VA":477.53,"NONFER_EXP":264.73,"PRMETA_VA":388.52,"PRMETA_EXP":40.96,"ELCTRO_VA":60.15,"ELCTRO_EXP":19.52,"ELCTRI_VA":282.39,"ELCTRI_EXP":94.9,"MAQYEQ_VA":65.3,"MAQYEQ_EXP":35.19,"AUTOMO_VA":158.92,"AUTOMO_EXP":17.67,"OTRTRA_VA":7.59,"OTRTRA_EXP":0.33,"TRANSP_VA":19.85,"TRANSP_EXP":0.22,"OTRMAN_VA":524.99,"OTRMAN_EXP":107.34,"ELEGAS_VA":552.64,"ELEGAS_EXP":60.23,"AGUBAS_VA":345.96,"AGUBAS_EXP":12.8,"CONSTR_VA":2998.92,"CONSTR_EXP":0.24,"COMREV_VA":5586.95,"COMREV_EXP":445.13,"TRATIE_VA":1542.12,"TRATIE_EXP":1446.32,"TRAGUA_VA":1403.49,"TRAGUA_EXP":1601.52,"TRAAIR_VA":554.76,"TRAAIR_EXP":792.46,"ALMSTR_VA":1734.8,"ALMSTR_EXP":833.27,"POSTME_VA":65.53,"POSTME_EXP":69.44,"HOTYRE_VA":1824.81,"HOTYRE_EXP":1305.71,"MMTVRA_VA":239.25,"MMTVRA_EXP":77.42,"TELECO_VA":1476.83,"TELECO_EXP":133.08,"ITSERV_VA":175.79,"ITSERV_EXP":72.04,"SERFIN_VA":2829.56,"SERFIN_EXP":237.76,"GOBEST_VA":4198.72,"GOBEST_EXP":125.25,"SPRSCT_VA":1340.92,"SPRSCT_EXP":419.5,"SEAEMP_VA":830.14,"SEAEMP_EXP":537.59,"ADPDEF_VA":2399.04,"ADPDEF_EXP":280.05,"EDUCAC_VA":2418.13,"EDUCAC_EXP":39.91,"SALUDH_VA":1231.71,"SALUDH_EXP":26.98,"ESPARC_VA":586.53,"ESPARC_EXP":56.23,"OTRSER_VA":970.7,"OTRSER_EXP":34.91,"SERHOG_VA":29.98,"SERHOG_EXP":0.0}},{"type":"Feature","geometry":{"type":"Point","coordinates":[-3.75,40.46]},"properties":{"id":"ESP","name":"España","continent":"europe","year":1995,"AGRPFO_VA":21138.37,"AGRPFO_EXP":5619.32,"FORLOG_VA":1031.94,"FORLOG_EXP":80.71,"PESCAC_VA":1846.26,"PESCAC_EXP":92.22,"MINCOL_VA":1560.9,"MINCOL_EXP":3.8,"PETGAS_VA":63.29,"PETGAS_EXP":4.67,"MINORE_VA":184.98,"MINORE_EXP":84.88,"MINOTH_VA":1413.93,"MINOTH_EXP":298.72,"MINSER_VA":70.34,"MINSER_EXP":62.23,"ALYBEB_VA":16422.17,"ALYBEB_EXP":7168.54,"TEXYPR_VA":8381.28,"TEXYPR_EXP":5067.46,"MADYPR_VA":2601.09,"MADYPR_EXP":644.72,"PAPYPR_VA":6325.26,"PAPYPR_EXP":2043.13,"PETREF_VA":2408.08,"PETREF_EXP":1911.41,"QUIMYP_VA":6643.91,"QUIMYP_EXP":6514.91,"FARMED_VA":3424.57,"FARMED_EXP":1021.07,"HUPLAS_VA":4806.31,"HUPLAS_EXP":2626.44,"PRNOMT_VA":8363.41,"PRNOMT_EXP":2811.77,"METBAS_VA":3975.84,"METBAS_EXP":3380.41,"NONFER_VA":1345.76,"NONFER_EXP":1638.66,"PRMETA_VA":7976.84,"PRMETA_EXP":2183.17,"ELCTRO_VA":3327.09,"ELCTRO_EXP":3987.57,"ELCTRI_VA":3843.43,"ELCTRI_EXP":2861.11,"MAQYEQ_VA":4735.04,"MAQYEQ_EXP":5171.94,"AUTOMO_VA":9852.17,"AUTOMO_EXP":19110.27,"OTRTRA_VA":578.4,"OTRTRA_EXP":190.01,"TRANSP_VA":1642.07,"TRANSP_EXP":1767.59,"OTRMAN_VA":5876.72,"OTRMAN_EXP":2652.28,"ELEGAS_VA":13990.45,"ELEGAS_EXP":113.07,"AGUBAS_VA":4229.66,"AGUBAS_EXP":117.83,"CONSTR_VA":53636.58,"CONSTR_EXP":250.8,"COMREV_VA":71150.55,"COMREV_EXP":13122.24,"TRATIE_VA":20820.03,"TRATIE_EXP":5324.47,"TRAGUA_VA":1049.94,"TRAGUA_EXP":723.45,"TRAAIR_VA":2598.45,"TRAAIR_EXP":3974.99,"ALMSTR_VA":5114.89,"ALMSTR_EXP":2854.41,"POSTME_VA":1640.35,"POSTME_EXP":79.32,"HOTYRE_VA":42093.04,"HOTYRE_EXP":5705.37,"MMTVRA_VA":6639.34,"MMTVRA_EXP":1323.11,"TELECO_VA":11923.3,"TELECO_EXP":873.31,"ITSERV_VA":3315.28,"ITSERV_EXP":950.75,"SERFIN_VA":27183.84,"SERFIN_EXP":1678.41,"GOBEST_VA":31814.74,"GOBEST_EXP":1061.46,"SPRSCT_VA":19339.56,"SPRSCT_EXP":4174.51,"SEAEMP_VA":13297.13,"SEAEMP_EXP":1664.67,"ADPDEF_VA":36083.34,"ADPDEF_EXP":394.43,"EDUCAC_VA":29484.99,"EDUCAC_EXP":548.98,"SALUDH_VA":29154.78,"SALUDH_EXP":327.97,"ESPARC_VA":8833.62,"ESPARC_EXP":1059.88,"OTRSER_VA":9159.42,"OTRSER_EXP":463.44,"SERHOG_VA":6019.22,"SERHOG_EXP":0.0}},{"type":"Feature","geometry":{"type":"Point","coordinates":[25.01,58.6]},"properties":{"id":"EST","name":"Estonia","continent":"europe","year":1995,"AGRPFO_VA":118.23,"AGRPFO_EXP":17.81,"FORLOG_VA":32.84,"FORLOG_EXP":80.2,"PESCAC_VA":20.69,"PESCAC_EXP":6.84,"MINCOL_VA":3.14,"MINCOL_EXP":1.28,"PETGAS_VA":32.08,"PETGAS_EXP":5.39,"MINORE_VA":0.0,"MINORE_EXP":0.0,"MINOTH_VA":7.46,"MINOTH_EXP":2.34,"MINSER_VA":31.45,"MINSER_EXP":1.85,"ALYBEB_VA":183.61,"ALYBEB_EXP":232.82,"TEXYPR_VA":109.59,"TEXYPR_EXP":230.37,"MADYPR_VA":58.52,"MADYPR_EXP":137.9,"PAPYPR_VA":27.25,"PAPYPR_EXP":25.58,"PETREF_VA":2.69,"PETREF_EXP":1.17,"QUIMYP_VA":53.81,"QUIMYP_EXP":87.58,"FARMED_VA":2.6,"FARMED_EXP":2.51,"HUPLAS_VA":12.28,"HUPLAS_EXP":24.54,"PRNOMT_VA":35.96,"PRNOMT_EXP":44.8,"METBAS_VA":0.04,"METBAS_EXP":0.03,"NONFER_VA":0.4,"NONFER_EXP":0.53,"PRMETA_VA":39.78,"PRMETA_EXP":66.58,"ELCTRO_VA":13.82,"ELCTRO_EXP":23.15,"ELCTRI_VA":20.17,"ELCTRI_EXP":27.32,"MAQYEQ_VA":21.73,"MAQYEQ_EXP":32.03,"AUTOMO_VA":21.46,"AUTOMO_EXP":9.25,"OTRTRA_VA":0.74,"OTRTRA_EXP":1.13,"TRANSP_VA":0.0,"TRANSP_EXP":0.0,"OTRMAN_VA":88.95,"OTRMAN_EXP":145.75,"ELEGAS_VA":97.48,"ELEGAS_EXP":24.36,"AGUBAS_VA":32.72,"AGUBAS_EXP":0.59,"CONSTR_VA":234.08,"CONSTR_EXP":9.34,"COMREV_VA":424.86,"COMREV_EXP":224.28,"TRATIE_VA":145.54,"TRATIE_EXP":108.03,"TRAGUA_VA":61.12,"TRAGUA_EXP":171.8,"TRAAIR_VA":5.53,"TRAAIR_EXP":26.9,"ALMSTR_VA":86.14,"ALMSTR_EXP":165.89,"POSTME_VA":11.24,"POSTME_EXP":14.77,"HOTYRE_VA":51.45,"HOTYRE_EXP":88.02,"MMTVRA_VA":56.73,"MMTVRA_EXP":9.78,"TELECO_VA":81.13,"TELECO_EXP":10.22,"ITSERV_VA":20.09,"ITSERV_EXP":8.05,"SERFIN_VA":99.87,"SERFIN_EXP":17.79,"GOBEST_VA":377.44,"GOBEST_EXP":17.53,"SPRSCT_VA":119.71,"SPRSCT_EXP":42.4,"SEAEMP_VA":44.2,"SEAEMP_EXP":12.99,"ADPDEF_VA":275.89,"ADPDEF_EXP":10.16,"EDUCAC_VA":229.18,"EDUCAC_EXP":9.66,"SALUDH_VA":126.53,"SALUDH_EXP":4.99,"ESPARC_VA":47.22,"ESPARC_EXP":11.5,"OTRSER_VA":49.89,"OTRSER_EXP":4.76,"SERHOG_VA":1.64,"SERHOG_EXP":0.0}},{"type":"Feature","geometry":{"type":"Point","coordinates":[25.75,61.92]},"properties":{"id":"FIN","name":"Finlandia","continent":"europe","year":1995,"AGRPFO_VA":2538.0,"AGRPFO_EXP":323.79,"FORLOG_VA":2447.48,"FORLOG_EXP":66.98,"PESCAC_VA":146.36,"PESCAC_EXP":7.74,"MINCOL_VA":128.99,"MINCOL_EXP":9.39,"PETGAS_VA":0.0,"PETGAS_EXP":0.0,"MINORE_VA":54.43,"MINORE_EXP":17.84,"MINOTH_VA":410.16,"MINOTH_EXP":90.72,"MINSER_VA":1.63,"MINSER_EXP":1.17,"ALYBEB_VA":2788.99,"ALYBEB_EXP":1107.69,"TEXYPR_VA":832.81,"TEXYPR_EXP":702.86,"MADYPR_VA":1644.55,"MADYPR_EXP":2608.37,"PAPYPR_VA":6994.11,"PAPYPR_EXP":9052.2,"PETREF_VA":437.81,"PETREF_EXP":523.13,"QUIMYP_VA":1741.91,"QUIMYP_EXP":1613.63,"FARMED_VA":452.47,"FARMED_EXP":158.16,"HUPLAS_VA":907.04,"HUPLAS_EXP":689.85,"PRNOMT_VA":871.4,"PRNOMT_EXP":379.0,"METBAS_VA":1558.4,"METBAS_EXP":1926.99,"NONFER_VA":318.34,"NONFER_EXP":963.86,"PRMETA_VA":1728.95,"PRMETA_EXP":1049.7,"ELCTRO_VA":3264.66,"ELCTRO_EXP":4852.35,"ELCTRI_VA":1121.95,"ELCTRI_EXP":1494.06,"MAQYEQ_VA":2982.48,"MAQYEQ_EXP":3776.64,"AUTOMO_VA":420.81,"AUTOMO_EXP":464.66,"OTRTRA_VA":541.1,"OTRTRA_EXP":1189.45,"TRANSP_VA":183.33,"TRANSP_EXP":343.92,"OTRMAN_VA":2029.04,"OTRMAN_EXP":760.12,"ELEGAS_VA":2846.21,"ELEGAS_EXP":127.49,"AGUBAS_VA":878.68,"AGUBAS_EXP":15.06,"CONSTR_VA":6006.61,"CONSTR_EXP":34.73,"COMREV_VA":11342.63,"COMREV_EXP":4606.55,"TRATIE_VA":4402.01,"TRATIE_EXP":623.36,"TRAGUA_VA":719.72,"TRAGUA_EXP":1469.49,"TRAAIR_VA":688.02,"TRAAIR_EXP":654.96,"ALMSTR_VA":1554.92,"ALMSTR_EXP":552.03,"POSTME_VA":953.21,"POSTME_EXP":129.53,"HOTYRE_VA":1848.73,"HOTYRE_EXP":401.06,"MMTVRA_VA":1707.08,"MMTVRA_EXP":442.02,"TELECO_VA":1465.92,"TELECO_EXP":52.82,"ITSERV_VA":1098.33,"ITSERV_EXP":835.95,"SERFIN_VA":5089.9,"SERFIN_EXP":296.09,"GOBEST_VA":10967.74,"GOBEST_EXP":106.34,"SPRSCT_VA":3945.53,"SPRSCT_EXP":999.45,"SEAEMP_VA":1929.65,"SEAEMP_EXP":298.46,"ADPDEF_VA":7888.55,"ADPDEF_EXP":53.89,"EDUCAC_VA":6571.17,"EDUCAC_EXP":52.41,"SALUDH_VA":9825.38,"SALUDH_EXP":25.98,"ESPARC_VA":1342.63,"ESPARC_EXP":58.2,"OTRSER_VA":1884.4,"OTRSER_EXP":32.35,"SERHOG_VA":66.7,"SERHOG_EXP":0.0}},{"type":"Feature","geometry":{"type":"Point","coordinates":[2.21,46.23]},"properties":{"id":"FRA","name":"Francia","continent":"europe","year":1995,"AGRPFO_VA":34096.84,"AGRPFO_EXP":9428.93,"FORLOG_VA":3473.88,"FORLOG_EXP":65.52,"PESCAC_VA":1257.17,"PESCAC_EXP":345.04,"MINCOL_VA":251.64,"MINCOL_EXP":7.89,"PETGAS_VA":213.59,"PETGAS_EXP":15.93,"MINORE_VA":12.77,"MINORE_EXP":6.02,"MINOTH_VA":1959.69,"MINOTH_EXP":541.14,"MINSER_VA":13.07,"MINSER_EXP":56.5,"ALYBEB_VA":36335.02,"ALYBEB_EXP":22556.98,"TEXYPR_VA":14318.26,"TEXYPR_EXP":11100.93,"MADYPR_VA":4448.83,"MADYPR_EXP":1452.22,"PAPYPR_VA":13637.68,"PAPYPR_EXP":5712.28,"PETREF_VA":2681.46,"PETREF_EXP":3627.69,"QUIMYP_VA":15306.55,"QUIMYP_EXP":22168.54,"FARMED_VA":9725.26,"FARMED_EXP":5034.05,"HUPLAS_VA":13551.52,"HUPLAS_EXP":6735.89,"PRNOMT_VA":10564.81,"PRNOMT_EXP":4138.38,"METBAS_VA":5316.07,"METBAS_EXP":8774.32,"NONFER_VA":4458.45,"NONFER_EXP":4956.38,"PRMETA_VA":22219.78,"PRMETA_EXP":5037.94,"ELCTRO_VA":14856.2,"ELCTRO_EXP":18970.82,"ELCTRI_VA":10931.32,"ELCTRI_EXP":9583.06,"MAQYEQ_VA":14714.33,"MAQYEQ_EXP":20768.19,"AUTOMO_VA":17267.41,"AUTOMO_EXP":28327.79,"OTRTRA_VA":684.69,"OTRTRA_EXP":1356.31,"TRANSP_VA":7398.92,"TRANSP_EXP":10932.97,"OTRMAN_VA":28368.97,"OTRMAN_EXP":4705.75,"ELEGAS_VA":34020.68,"ELEGAS_EXP":3697.6,"AGUBAS_VA":7818.44,"AGUBAS_EXP":677.93,"CONSTR_VA":79122.71,"CONSTR_EXP":52.73,"COMREV_VA":170938.09,"COMREV_EXP":47426.86,"TRATIE_VA":29636.09,"TRATIE_EXP":8827.57,"TRAGUA_VA":984.97,"TRAGUA_EXP":4482.41,"TRAAIR_VA":3197.93,"TRAAIR_EXP":10071.42,"ALMSTR_VA":19477.26,"ALMSTR_EXP":2492.3,"POSTME_VA":8554.08,"POSTME_EXP":98.13,"HOTYRE_VA":30218.98,"HOTYRE_EXP":11018.28,"MMTVRA_VA":17622.06,"MMTVRA_EXP":2973.64,"TELECO_VA":25048.86,"TELECO_EXP":518.84,"ITSERV_VA":30227.25,"ITSERV_EXP":380.25,"SERFIN_VA":58659.79,"SERFIN_EXP":7291.55,"GOBEST_VA":165727.62,"GOBEST_EXP":1717.93,"SPRSCT_VA":91022.81,"SPRSCT_EXP":12043.92,"SEAEMP_VA":70912.4,"SEAEMP_EXP":11745.45,"ADPDEF_VA":123049.79,"ADPDEF_EXP":1243.64,"EDUCAC_VA":80133.55,"EDUCAC_EXP":1110.78,"SALUDH_VA":106859.69,"SALUDH_EXP":493.94,"ESPARC_VA":13549.75,"ESPARC_EXP":1469.75,"OTRSER_VA":22107.01,"OTRSER_EXP":552.94,"SERHOG_VA":3057.2,"SERHOG_EXP":0.0}},{"type":"Feature","geometry":{"type":"Point","coordinates":[-3.44,55.38]},"properties":{"id":"GBR","name":"Reino Unido","continent":"europe","year":1995,"AGRPFO_VA":15705.32,"AGRPFO_EXP":1815.85,"FORLOG_VA":557.11,"FORLOG_EXP":41.92,"PESCAC_VA":639.68,"PESCAC_EXP":359.42,"MINCOL_VA":854.76,"MINCOL_EXP":80.49,"PETGAS_VA":15977.81,"PETGAS_EXP":9342.12,"MINORE_VA":0.0,"MINORE_EXP":0.0,"MINOTH_VA":1613.04,"MINOTH_EXP":2453.5,"MINSER_VA":2905.18,"MINSER_EXP":407.97,"ALYBEB_VA":30295.91,"ALYBEB_EXP":11836.43,"TEXYPR_VA":12220.25,"TEXYPR_EXP":6353.13,"MADYPR_VA":2970.64,"MADYPR_EXP":432.15,"PAPYPR_VA":11650.21,"PAPYPR_EXP":3319.37,"PETREF_VA":2050.02,"PETREF_EXP":3901.46,"QUIMYP_VA":19199.52,"QUIMYP_EXP":18295.85,"FARMED_VA":11613.48,"FARMED_EXP":4961.73,"HUPLAS_VA":9532.41,"HUPLAS_EXP":4867.73,"PRNOMT_VA":7771.17,"PRNOMT_EXP":2529.46,"METBAS_VA":3635.4,"METBAS_EXP":6205.03,"NONFER_VA":4136.6,"NONFER_EXP":4149.55,"PRMETA_VA":18395.65,"PRMETA_EXP":5502.21,"ELCTRO_VA":16110.36,"ELCTRO_EXP":23270.28,"ELCTRI_VA":7734.77,"ELCTRI_EXP":5383.63,"MAQYEQ_VA":17452.48,"MAQYEQ_EXP":20604.88,"AUTOMO_VA":12714.97,"AUTOMO_EXP":17112.35,"OTRTRA_VA":1336.31,"OTRTRA_EXP":421.79,"TRANSP_VA":7167.06,"TRANSP_EXP":11779.55,"OTRMAN_VA":17071.51,"OTRMAN_EXP":4631.23,"ELEGAS_VA":17655.26,"ELEGAS_EXP":106.73,"AGUBAS_VA":16821.64,"AGUBAS_EXP":112.02,"CONSTR_VA":64762.73,"CONSTR_EXP":0.1,"COMREV_VA":142765.57,"COMREV_EXP":37652.35,"TRATIE_VA":24981.2,"TRATIE_EXP":4481.76,"TRAGUA_VA":3281.6,"TRAGUA_EXP":4941.44,"TRAAIR_VA":5229.03,"TRAAIR_EXP":6615.85,"ALMSTR_VA":12017.39,"ALMSTR_EXP":2589.8,"POSTME_VA":9523.38,"POSTME_EXP":534.52,"HOTYRE_VA":29680.56,"HOTYRE_EXP":4909.73,"MMTVRA_VA":21416.89,"MMTVRA_EXP":7975.78,"TELECO_VA":24249.87,"TELECO_EXP":2371.62,"ITSERV_VA":15807.37,"ITSERV_EXP":1777.0,"SERFIN_VA":94870.04,"SERFIN_EXP":29210.25,"GOBEST_VA":179142.82,"GOBEST_EXP":1065.33,"SPRSCT_VA":60445.15,"SPRSCT_EXP":14941.49,"SEAEMP_VA":42358.35,"SEAEMP_EXP":9272.13,"ADPDEF_VA":73402.15,"ADPDEF_EXP":122.52,"EDUCAC_VA":61378.28,"EDUCAC_EXP":2651.35,"SALUDH_VA":67162.63,"SALUDH_EXP":149.88,"ESPARC_VA":13941.22,"ESPARC_EXP":2666.81,"OTRSER_VA":17057.99,"OTRSER_EXP":330.75,"SERHOG_VA":1938.39,"SERHOG_EXP":0.0}},{"type":"Feature","geometry":{"type":"Point","coordinates":[21.82,39.07]},"properties":{"id":"GRC","name":"Grecia","continent":"europe","year":1995,"AGRPFO_VA":8804.9,"AGRPFO_EXP":1056.81,"FORLOG_VA":87.47,"FORLOG_EXP":2.02,"PESCAC_VA":346.0,"PESCAC_EXP":193.73,"MINCOL_VA":32.85,"MINCOL_EXP":0.35,"PETGAS_VA":3.98,"PETGAS_EXP":11.52,"MINORE_VA":52.74,"MINORE_EXP":40.17,"MINOTH_VA":490.92,"MINOTH_EXP":94.58,"MINSER_VA":12.19,"MINSER_EXP":1.92,"ALYBEB_VA":3283.5,"ALYBEB_EXP":1420.0,"TEXYPR_VA":2173.52,"TEXYPR_EXP":1397.29,"MADYPR_VA":456.2,"MADYPR_EXP":88.99,"PAPYPR_VA":1885.94,"PAPYPR_EXP":150.63,"PETREF_VA":312.9,"PETREF_EXP":1273.6,"QUIMYP_VA":1007.74,"QUIMYP_EXP":498.75,"FARMED_VA":941.52,"FARMED_EXP":172.52,"HUPLAS_VA":444.68,"HUPLAS_EXP":214.29,"PRNOMT_VA":1164.2,"PRNOMT_EXP":286.66,"METBAS_VA":707.77,"METBAS_EXP":385.83,"NONFER_VA":432.97,"NONFER_EXP":530.56,"PRMETA_VA":726.23,"PRMETA_EXP":153.69,"ELCTRO_VA":219.71,"ELCTRO_EXP":258.92,"ELCTRI_VA":366.18,"ELCTRI_EXP":186.47,"MAQYEQ_VA":454.4,"MAQYEQ_EXP":298.12,"AUTOMO_VA":154.14,"AUTOMO_EXP":75.23,"OTRTRA_VA":161.1,"OTRTRA_EXP":80.28,"TRANSP_VA":79.45,"TRANSP_EXP":69.65,"OTRMAN_VA":919.12,"OTRMAN_EXP":328.02,"ELEGAS_VA":2534.5,"ELEGAS_EXP":12.46,"AGUBAS_VA":1403.05,"AGUBAS_EXP":1.64,"CONSTR_VA":7395.3,"CONSTR_EXP":0.1,"COMREV_VA":20034.04,"COMREV_EXP":3015.42,"TRATIE_VA":3046.91,"TRATIE_EXP":621.89,"TRAGUA_VA":902.26,"TRAGUA_EXP":799.78,"TRAAIR_VA":554.03,"TRAAIR_EXP":296.74,"ALMSTR_VA":1187.46,"ALMSTR_EXP":96.99,"POSTME_VA":370.39,"POSTME_EXP":5.42,"HOTYRE_VA":6002.55,"HOTYRE_EXP":2454.65,"MMTVRA_VA":946.1,"MMTVRA_EXP":83.53,"TELECO_VA":2041.83,"TELECO_EXP":61.84,"ITSERV_VA":340.34,"ITSERV_EXP":15.65,"SERFIN_VA":8746.57,"SERFIN_EXP":161.94,"GOBEST_VA":15364.24,"GOBEST_EXP":259.46,"SPRSCT_VA":5653.67,"SPRSCT_EXP":74.84,"SEAEMP_VA":1854.47,"SEAEMP_EXP":134.93,"ADPDEF_VA":10089.25,"ADPDEF_EXP":21.11,"EDUCAC_VA":5252.44,"EDUCAC_EXP":124.57,"SALUDH_VA":3913.77,"SALUDH_EXP":75.62,"ESPARC_VA":1507.25,"ESPARC_EXP":189.51,"OTRSER_VA":1405.59,"OTRSER_EXP":81.16,"SERHOG_VA":286.04,"SERHOG_EXP":0.0}},{"type":"Feature","geometry":{"type":"Point","coordinates":[114.11,22.4]},"properties":{"id":"HKG","name":"Hong Kong","continent":"asia","year":1995,"AGRPFO_VA":112.98,"AGRPFO_EXP":3.81,"FORLOG_VA":13.42,"FORLOG_EXP":0.94,"PESCAC_VA":22.06,"PESCAC_EXP":3.67,"MINCOL_VA":0.0,"MINCOL_EXP":0.0,"PETGAS_VA":0.0,"PETGAS_EXP":0.0,"MINORE_VA":0.0,"MINORE_EXP":0.0,"MINOTH_VA":0.0,"MINOTH_EXP":0.0,"MINSER_VA":22.46,"MINSER_EXP":8.94,"ALYBEB_VA":2922.05,"ALYBEB_EXP":2766.58,"TEXYPR_VA":445.5,"TEXYPR_EXP":222.74,"MADYPR_VA":381.92,"MADYPR_EXP":82.02,"PAPYPR_VA":218.59,"PAPYPR_EXP":217.12,"PETREF_VA":62.97,"PETREF_EXP":28.44,"QUIMYP_VA":212.97,"QUIMYP_EXP":218.77,"FARMED_VA":196.17,"FARMED_EXP":71.49,"HUPLAS_VA":0.0,"HUPLAS_EXP":0.0,"PRNOMT_VA":83.24,"PRNOMT_EXP":30.4,"METBAS_VA":37.39,"METBAS_EXP":59.12,"NONFER_VA":21.29,"NONFER_EXP":58.98,"PRMETA_VA":112.46,"PRMETA_EXP":243.32,"ELCTRO_VA":1026.22,"ELCTRO_EXP":500.32,"ELCTRI_VA":161.21,"ELCTRI_EXP":278.02,"MAQYEQ_VA":95.22,"MAQYEQ_EXP":258.83,"AUTOMO_VA":79.82,"AUTOMO_EXP":181.31,"OTRTRA_VA":17.66,"OTRTRA_EXP":53.03,"TRANSP_VA":31.15,"TRANSP_EXP":60.55,"OTRMAN_VA":326.94,"OTRMAN_EXP":90.01,"ELEGAS_VA":3600.24,"ELEGAS_EXP":64.84,"AGUBAS_VA":1497.23,"AGUBAS_EXP":23.13,"CONSTR_VA":6207.7,"CONSTR_EXP":91.17,"COMREV_VA":32007.89,"COMREV_EXP":3654.66,"TRATIE_VA":3967.93,"TRATIE_EXP":1142.2,"TRAGUA_VA":2537.06,"TRAGUA_EXP":2569.87,"TRAAIR_VA":3031.97,"TRAAIR_EXP":4348.73,"ALMSTR_VA":185.38,"ALMSTR_EXP":55.78,"POSTME_VA":576.84,"POSTME_EXP":52.81,"HOTYRE_VA":4196.42,"HOTYRE_EXP":2913.66,"MMTVRA_VA":429.23,"MMTVRA_EXP":412.68,"TELECO_VA":5211.16,"TELECO_EXP":744.46,"ITSERV_VA":1286.01,"ITSERV_EXP":424.81,"SERFIN_VA":17277.47,"SERFIN_EXP":12051.23,"GOBEST_VA":21486.9,"GOBEST_EXP":485.85,"SPRSCT_VA":2901.8,"SPRSCT_EXP":578.23,"SEAEMP_VA":1978.66,"SEAEMP_EXP":299.53,"ADPDEF_VA":8228.56,"ADPDEF_EXP":62.32,"EDUCAC_VA":10331.3,"EDUCAC_EXP":566.4,"SALUDH_VA":4876.52,"SALUDH_EXP":121.0,"ESPARC_VA":735.69,"ESPARC_EXP":598.12,"OTRSER_VA":1868.0,"OTRSER_EXP":139.2,"SERHOG_VA":1578.87,"SERHOG_EXP":0.0}},{"type":"Feature","geometry":{"type":"Point","coordinates":[15.2,45.1]},"properties":{"id":"HRV","name":"Croacia","continent":"europe","year":1995,"AGRPFO_VA":1096.57,"AGRPFO_EXP":164.28,"FORLOG_VA":126.05,"FORLOG_EXP":14.63,"PESCAC_VA":49.19,"PESCAC_EXP":18.26,"MINCOL_VA":0.82,"MINCOL_EXP":0.25,"PETGAS_VA":83.32,"PETGAS_EXP":8.09,"MINORE_VA":0.98,"MINORE_EXP":0.32,"MINOTH_VA":64.44,"MINOTH_EXP":5.81,"MINSER_VA":25.6,"MINSER_EXP":5.57,"ALYBEB_VA":936.24,"ALYBEB_EXP":439.61,"TEXYPR_VA":457.7,"TEXYPR_EXP":171.24,"MADYPR_VA":129.66,"MADYPR_EXP":59.73,"PAPYPR_VA":222.41,"PAPYPR_EXP":43.61,"PETREF_VA":428.59,"PETREF_EXP":268.53,"QUIMYP_VA":197.28,"QUIMYP_EXP":87.24,"FARMED_VA":308.21,"FARMED_EXP":42.21,"HUPLAS_VA":102.24,"HUPLAS_EXP":15.04,"PRNOMT_VA":197.04,"PRNOMT_EXP":59.51,"METBAS_VA":56.85,"METBAS_EXP":24.82,"NONFER_VA":26.88,"NONFER_EXP":44.51,"PRMETA_VA":263.61,"PRMETA_EXP":49.38,"ELCTRO_VA":95.44,"ELCTRO_EXP":62.1,"ELCTRI_VA":155.38,"ELCTRI_EXP":69.89,"MAQYEQ_VA":191.13,"MAQYEQ_EXP":74.39,"AUTOMO_VA":34.63,"AUTOMO_EXP":48.29,"OTRTRA_VA":66.75,"OTRTRA_EXP":145.07,"TRANSP_VA":20.58,"TRANSP_EXP":11.52,"OTRMAN_VA":198.01,"OTRMAN_EXP":172.36,"ELEGAS_VA":441.3,"ELEGAS_EXP":12.32,"AGUBAS_VA":230.29,"AGUBAS_EXP":0.04,"CONSTR_VA":1115.63,"CONSTR_EXP":45.11,"COMREV_VA":2474.33,"COMREV_EXP":446.52,"TRATIE_VA":658.84,"TRATIE_EXP":391.06,"TRAGUA_VA":133.91,"TRAGUA_EXP":155.62,"TRAAIR_VA":36.55,"TRAAIR_EXP":100.76,"ALMSTR_VA":369.24,"ALMSTR_EXP":100.79,"POSTME_VA":58.45,"POSTME_EXP":3.67,"HOTYRE_VA":504.93,"HOTYRE_EXP":527.89,"MMTVRA_VA":233.21,"MMTVRA_EXP":51.77,"TELECO_VA":406.27,"TELECO_EXP":133.83,"ITSERV_VA":55.93,"ITSERV_EXP":12.93,"SERFIN_VA":733.3,"SERFIN_EXP":171.94,"GOBEST_VA":1807.12,"GOBEST_EXP":10.19,"SPRSCT_VA":579.02,"SPRSCT_EXP":243.18,"SEAEMP_VA":201.57,"SEAEMP_EXP":63.15,"ADPDEF_VA":1607.41,"ADPDEF_EXP":1.47,"EDUCAC_VA":564.3,"EDUCAC_EXP":79.43,"SALUDH_VA":528.83,"SALUDH_EXP":22.16,"ESPARC_VA":103.38,"ESPARC_EXP":172.24,"OTRSER_VA":245.91,"OTRSER_EXP":29.3,"SERHOG_VA":30.78,"SERHOG_EXP":0.0}},{"type":"Feature","geometry":{"type":"Point","coordinates":[19.5,47.16]},"properties":{"id":"HUN","name":"Hungría","continent":"europe","year":1995,"AGRPFO_VA":3232.85,"AGRPFO_EXP":507.4,"FORLOG_VA":153.85,"FORLOG_EXP":44.25,"PESCAC_VA":8.65,"PESCAC_EXP":5.82,"MINCOL_VA":20.95,"MINCOL_EXP":0.39,"PETGAS_VA":30.53,"PETGAS_EXP":4.14,"MINORE_VA":19.56,"MINORE_EXP":1.78,"MINOTH_VA":80.25,"MINOTH_EXP":4.74,"MINSER_VA":25.2,"MINSER_EXP":22.09,"ALYBEB_VA":1415.49,"ALYBEB_EXP":981.18,"TEXYPR_VA":819.51,"TEXYPR_EXP":538.2,"MADYPR_VA":242.77,"MADYPR_EXP":136.14,"PAPYPR_VA":377.88,"PAPYPR_EXP":160.71,"PETREF_VA":901.94,"PETREF_EXP":249.65,"QUIMYP_VA":587.88,"QUIMYP_EXP":476.01,"FARMED_VA":457.69,"FARMED_EXP":164.91,"HUPLAS_VA":342.58,"HUPLAS_EXP":285.17,"PRNOMT_VA":449.55,"PRNOMT_EXP":179.52,"METBAS_VA":192.1,"METBAS_EXP":205.97,"NONFER_VA":209.06,"NONFER_EXP":262.29,"PRMETA_VA":649.14,"PRMETA_EXP":352.06,"ELCTRO_VA":342.79,"ELCTRO_EXP":921.62,"ELCTRI_VA":385.02,"ELCTRI_EXP":661.74,"MAQYEQ_VA":472.26,"MAQYEQ_EXP":473.16,"AUTOMO_VA":658.61,"AUTOMO_EXP":1905.3,"OTRTRA_VA":0.33,"OTRTRA_EXP":0.46,"TRANSP_VA":21.26,"TRANSP_EXP":37.41,"OTRMAN_VA":389.82,"OTRMAN_EXP":394.13,"ELEGAS_VA":1006.51,"ELEGAS_EXP":58.02,"AGUBAS_VA":401.61,"AGUBAS_EXP":1.98,"CONSTR_VA":2055.21,"CONSTR_EXP":0.03,"COMREV_VA":3529.08,"COMREV_EXP":1440.73,"TRATIE_VA":2086.4,"TRATIE_EXP":703.41,"TRAGUA_VA":56.94,"TRAGUA_EXP":42.77,"TRAAIR_VA":69.56,"TRAAIR_EXP":298.14,"ALMSTR_VA":273.67,"ALMSTR_EXP":413.64,"POSTME_VA":323.73,"POSTME_EXP":45.26,"HOTYRE_VA":960.59,"HOTYRE_EXP":985.42,"MMTVRA_VA":346.38,"MMTVRA_EXP":177.26,"TELECO_VA":800.8,"TELECO_EXP":299.62,"ITSERV_VA":226.71,"ITSERV_EXP":132.76,"SERFIN_VA":1940.91,"SERFIN_EXP":464.67,"GOBEST_VA":3090.42,"GOBEST_EXP":238.59,"SPRSCT_VA":1457.62,"SPRSCT_EXP":897.27,"SEAEMP_VA":907.41,"SEAEMP_EXP":198.72,"ADPDEF_VA":3430.54,"ADPDEF_EXP":13.95,"EDUCAC_VA":2199.98,"EDUCAC_EXP":72.19,"SALUDH_VA":1811.34,"SALUDH_EXP":43.65,"ESPARC_VA":660.18,"ESPARC_EXP":95.74,"OTRSER_VA":983.2,"OTRSER_EXP":45.29,"SERHOG_VA":5.53,"SERHOG_EXP":0.0}},{"type":"Feature","geometry":{"type":"Point","coordinates":[113.92,-0.79]},"properties":{"id":"IDN","name":"Indonesia","continent":"asia","year":1995,"AGRPFO_VA":24922.83,"AGRPFO_EXP":1705.72,"FORLOG_VA":1919.45,"FORLOG_EXP":31.69,"PESCAC_VA":4740.03,"PESCAC_EXP":191.66,"MINCOL_VA":5304.76,"MINCOL_EXP":1004.57,"PETGAS_VA":11111.94,"PETGAS_EXP":10635.59,"MINORE_VA":3613.25,"MINORE_EXP":2849.82,"MINOTH_VA":2612.08,"MINOTH_EXP":99.75,"MINSER_VA":1104.76,"MINSER_EXP":29.02,"ALYBEB_VA":13424.52,"ALYBEB_EXP":3324.65,"TEXYPR_VA":3866.88,"TEXYPR_EXP":6892.39,"MADYPR_VA":1751.18,"MADYPR_EXP":2210.34,"PAPYPR_VA":2192.73,"PAPYPR_EXP":1495.88,"PETREF_VA":7369.67,"PETREF_EXP":1658.38,"QUIMYP_VA":2971.88,"QUIMYP_EXP":1840.78,"FARMED_VA":658.23,"FARMED_EXP":67.47,"HUPLAS_VA":2149.06,"HUPLAS_EXP":2096.27,"PRNOMT_VA":1609.65,"PRNOMT_EXP":306.96,"METBAS_VA":891.1,"METBAS_EXP":332.5,"NONFER_VA":831.85,"NONFER_EXP":726.77,"PRMETA_VA":4248.07,"PRMETA_EXP":483.29,"ELCTRO_VA":1471.86,"ELCTRO_EXP":1860.85,"ELCTRI_VA":1137.13,"ELCTRI_EXP":665.23,"MAQYEQ_VA":804.96,"MAQYEQ_EXP":814.24,"AUTOMO_VA":4392.22,"AUTOMO_EXP":149.4,"OTRTRA_VA":148.61,"OTRTRA_EXP":296.02,"TRANSP_VA":214.78,"TRANSP_EXP":408.41,"OTRMAN_VA":1133.68,"OTRMAN_EXP":1084.16,"ELEGAS_VA":2410.52,"ELEGAS_EXP":0.33,"AGUBAS_VA":171.55,"AGUBAS_EXP":2.3,"CONSTR_VA":21296.03,"CONSTR_EXP":228.72,"COMREV_VA":39861.07,"COMREV_EXP":4801.35,"TRATIE_VA":4606.72,"TRATIE_EXP":995.77,"TRAGUA_VA":997.84,"TRAGUA_EXP":853.99,"TRAAIR_VA":1283.79,"TRAAIR_EXP":589.24,"ALMSTR_VA":1083.4,"ALMSTR_EXP":141.55,"POSTME_VA":230.76,"POSTME_EXP":107.13,"HOTYRE_VA":6693.01,"HOTYRE_EXP":2331.71,"MMTVRA_VA":1625.33,"MMTVRA_EXP":139.69,"TELECO_VA":6199.76,"TELECO_EXP":262.56,"ITSERV_VA":637.2,"ITSERV_EXP":15.52,"SERFIN_VA":7919.98,"SERFIN_EXP":266.95,"GOBEST_VA":5980.88,"GOBEST_EXP":322.04,"SPRSCT_VA":1668.7,"SPRSCT_EXP":521.9,"SEAEMP_VA":1753.53,"SEAEMP_EXP":593.95,"ADPDEF_VA":8617.46,"ADPDEF_EXP":1.02,"EDUCAC_VA":6678.52,"EDUCAC_EXP":136.15,"SALUDH_VA":1966.64,"SALUDH_EXP":81.87,"ESPARC_VA":676.09,"ESPARC_EXP":200.66,"OTRSER_VA":3300.97,"OTRSER_EXP":99.17,"SERHOG_VA":956.64,"SERHOG_EXP":0.0}},{"type":"Feature","geometry":{"type":"Point","coordinates":[78.96,20.59]},"properties":{"id":"IND","name":"India","continent":"asia","year":1995,"AGRPFO_VA":75283.19,"AGRPFO_EXP":648.3,"FORLOG_VA":10275.91,"FORLOG_EXP":486.41,"PESCAC_VA":3235.16,"PESCAC_EXP":27.36,"MINCOL_VA":2031.72,"MINCOL_EXP":37.33,"PETGAS_VA":4328.09,"PETGAS_EXP":26.14,"MINORE_VA":734.05,"MINORE_EXP":449.16,"MINOTH_VA":123.99,"MINOTH_EXP":140.19,"MINSER_VA":1165.65,"MINSER_EXP":13.4,"ALYBEB_VA":6624.9,"ALYBEB_EXP":2134.4,"TEXYPR_VA":8842.02,"TEXYPR_EXP":3807.25,"MADYPR_VA":1899.68,"MADYPR_EXP":49.16,"PAPYPR_VA":2069.15,"PAPYPR_EXP":97.96,"PETREF_VA":4461.88,"PETREF_EXP":3800.1,"QUIMYP_VA":4060.68,"QUIMYP_EXP":1395.4,"FARMED_VA":2854.05,"FARMED_EXP":880.91,"HUPLAS_VA":2395.24,"HUPLAS_EXP":647.08,"PRNOMT_VA":4794.64,"PRNOMT_EXP":245.57,"METBAS_VA":6680.7,"METBAS_EXP":1558.57,"NONFER_VA":3459.25,"NONFER_EXP":398.93,"PRMETA_VA":4634.83,"PRMETA_EXP":717.84,"ELCTRO_VA":927.11,"ELCTRO_EXP":382.42,"ELCTRI_VA":1609.39,"ELCTRI_EXP":896.51,"MAQYEQ_VA":4036.74,"MAQYEQ_EXP":1500.74,"AUTOMO_VA":3141.78,"AUTOMO_EXP":873.7,"OTRTRA_VA":1.99,"OTRTRA_EXP":0.43,"TRANSP_VA":1335.13,"TRANSP_EXP":452.82,"OTRMAN_VA":2782.81,"OTRMAN_EXP":4209.37,"ELEGAS_VA":9206.39,"ELEGAS_EXP":9.89,"AGUBAS_VA":1131.84,"AGUBAS_EXP":0.12,"CONSTR_VA":23264.01,"CONSTR_EXP":1.36,"COMREV_VA":27892.98,"COMREV_EXP":2890.27,"TRATIE_VA":13658.82,"TRATIE_EXP":1296.08,"TRAGUA_VA":275.37,"TRAGUA_EXP":74.19,"TRAAIR_VA":255.66,"TRAAIR_EXP":189.04,"ALMSTR_VA":2504.22,"ALMSTR_EXP":453.53,"POSTME_VA":1368.83,"POSTME_EXP":7.61,"HOTYRE_VA":3017.1,"HOTYRE_EXP":452.07,"MMTVRA_VA":1619.34,"MMTVRA_EXP":308.47,"TELECO_VA":2903.76,"TELECO_EXP":59.94,"ITSERV_VA":3876.19,"ITSERV_EXP":2366.93,"SERFIN_VA":14948.18,"SERFIN_EXP":279.75,"GOBEST_VA":23373.21,"GOBEST_EXP":83.69,"SPRSCT_VA":839.25,"SPRSCT_EXP":532.48,"SEAEMP_VA":6636.64,"SEAEMP_EXP":1091.51,"ADPDEF_VA":17673.4,"ADPDEF_EXP":0.02,"EDUCAC_VA":7947.98,"EDUCAC_EXP":27.34,"SALUDH_VA":4145.77,"SALUDH_EXP":16.51,"ESPARC_VA":735.22,"ESPARC_EXP":43.43,"OTRSER_VA":3803.54,"OTRSER_EXP":19.29,"SERHOG_VA":719.43,"SERHOG_EXP":0.0}},{"type":"Feature","geometry":{"type":"Point","coordinates":[-7.69,53.14]},"properties":{"id":"IRL","name":"Irlanda","continent":"europe","year":1995,"AGRPFO_VA":3450.17,"AGRPFO_EXP":564.85,"FORLOG_VA":86.02,"FORLOG_EXP":38.37,"PESCAC_VA":318.95,"PESCAC_EXP":158.22,"MINCOL_VA":3.94,"MINCOL_EXP":4.65,"PETGAS_VA":13.91,"PETGAS_EXP":29.82,"MINORE_VA":214.83,"MINORE_EXP":149.18,"MINOTH_VA":177.56,"MINOTH_EXP":42.1,"MINSER_VA":11.34,"MINSER_EXP":7.88,"ALYBEB_VA":2272.63,"ALYBEB_EXP":5072.18,"TEXYPR_VA":604.72,"TEXYPR_EXP":940.54,"MADYPR_VA":240.61,"MADYPR_EXP":196.58,"PAPYPR_VA":590.52,"PAPYPR_EXP":634.08,"PETREF_VA":50.95,"PETREF_EXP":94.96,"QUIMYP_VA":286.42,"QUIMYP_EXP":521.05,"FARMED_VA":3969.82,"FARMED_EXP":3391.53,"HUPLAS_VA":488.09,"HUPLAS_EXP":833.05,"PRNOMT_VA":591.54,"PRNOMT_EXP":534.82,"METBAS_VA":132.83,"METBAS_EXP":280.35,"NONFER_VA":23.34,"NONFER_EXP":223.5,"PRMETA_VA":486.55,"PRMETA_EXP":566.35,"ELCTRO_VA":2265.62,"ELCTRO_EXP":8904.09,"ELCTRI_VA":351.03,"ELCTRI_EXP":884.26,"MAQYEQ_VA":498.05,"MAQYEQ_EXP":1149.43,"AUTOMO_VA":217.87,"AUTOMO_EXP":329.3,"OTRTRA_VA":3.91,"OTRTRA_EXP":7.71,"TRANSP_VA":71.25,"TRANSP_EXP":150.98,"OTRMAN_VA":1237.89,"OTRMAN_EXP":1368.42,"ELEGAS_VA":1183.29,"ELEGAS_EXP":1.43,"AGUBAS_VA":493.16,"AGUBAS_EXP":4.55,"CONSTR_VA":3946.35,"CONSTR_EXP":3.6,"COMREV_VA":7045.65,"COMREV_EXP":3705.41,"TRATIE_VA":855.95,"TRATIE_EXP":495.96,"TRAGUA_VA":81.51,"TRAGUA_EXP":106.95,"TRAAIR_VA":410.83,"TRAAIR_EXP":482.6,"ALMSTR_VA":328.33,"ALMSTR_EXP":131.13,"POSTME_VA":612.85,"POSTME_EXP":149.43,"HOTYRE_VA":1282.09,"HOTYRE_EXP":815.37,"MMTVRA_VA":1624.82,"MMTVRA_EXP":649.57,"TELECO_VA":1788.25,"TELECO_EXP":79.08,"ITSERV_VA":976.2,"ITSERV_EXP":475.42,"SERFIN_VA":5644.63,"SERFIN_EXP":1347.51,"GOBEST_VA":3537.61,"GOBEST_EXP":146.94,"SPRSCT_VA":1716.63,"SPRSCT_EXP":837.54,"SEAEMP_VA":1701.72,"SEAEMP_EXP":335.1,"ADPDEF_VA":3553.17,"ADPDEF_EXP":0.23,"EDUCAC_VA":3643.97,"EDUCAC_EXP":54.21,"SALUDH_VA":3839.96,"SALUDH_EXP":27.65,"ESPARC_VA":962.87,"ESPARC_EXP":116.99,"OTRSER_VA":605.76,"OTRSER_EXP":29.23,"SERHOG_VA":99.06,"SERHOG_EXP":0.0}},{"type":"Feature","geometry":{"type":"Point","coordinates":[-19.02,64.96]},"properties":{"id":"ISL","name":"Islandia","continent":"europe","year":1995,"AGRPFO_VA":92.98,"AGRPFO_EXP":9.26,"FORLOG_VA":0.78,"FORLOG_EXP":0.13,"PESCAC_VA":535.73,"PESCAC_EXP":237.48,"MINCOL_VA":0.0,"MINCOL_EXP":0.0,"PETGAS_VA":0.25,"PETGAS_EXP":0.05,"MINORE_VA":0.0,"MINORE_EXP":0.0,"MINOTH_VA":7.9,"MINOTH_EXP":2.66,"MINSER_VA":0.0,"MINSER_EXP":0.0,"ALYBEB_VA":364.08,"ALYBEB_EXP":895.76,"TEXYPR_VA":9.07,"TEXYPR_EXP":12.42,"MADYPR_VA":19.49,"MADYPR_EXP":0.26,"PAPYPR_VA":38.45,"PAPYPR_EXP":3.53,"PETREF_VA":0.0,"PETREF_EXP":0.0,"QUIMYP_VA":14.85,"QUIMYP_EXP":12.65,"FARMED_VA":16.89,"FARMED_EXP":0.9,"HUPLAS_VA":29.79,"HUPLAS_EXP":7.84,"PRNOMT_VA":34.63,"PRNOMT_EXP":1.81,"METBAS_VA":17.21,"METBAS_EXP":16.2,"NONFER_VA":139.29,"NONFER_EXP":153.73,"PRMETA_VA":39.89,"PRMETA_EXP":2.97,"ELCTRO_VA":0.96,"ELCTRO_EXP":0.22,"ELCTRI_VA":12.59,"ELCTRI_EXP":0.95,"MAQYEQ_VA":43.26,"MAQYEQ_EXP":40.08,"AUTOMO_VA":4.03,"AUTOMO_EXP":0.94,"OTRTRA_VA":0.69,"OTRTRA_EXP":1.42,"TRANSP_VA":6.26,"TRANSP_EXP":3.51,"OTRMAN_VA":74.48,"OTRMAN_EXP":8.08,"ELEGAS_VA":210.63,"ELEGAS_EXP":0.12,"AGUBAS_VA":33.68,"AGUBAS_EXP":0.3,"CONSTR_VA":468.79,"CONSTR_EXP":0.24,"COMREV_VA":717.37,"COMREV_EXP":245.68,"TRATIE_VA":92.55,"TRATIE_EXP":18.19,"TRAGUA_VA":82.06,"TRAGUA_EXP":72.88,"TRAAIR_VA":152.83,"TRAAIR_EXP":261.09,"ALMSTR_VA":50.0,"ALMSTR_EXP":24.64,"POSTME_VA":18.31,"POSTME_EXP":0.61,"HOTYRE_VA":225.54,"HOTYRE_EXP":54.42,"MMTVRA_VA":134.29,"MMTVRA_EXP":14.08,"TELECO_VA":90.9,"TELECO_EXP":5.2,"ITSERV_VA":33.75,"ITSERV_EXP":37.5,"SERFIN_VA":312.47,"SERFIN_EXP":41.49,"GOBEST_VA":472.82,"GOBEST_EXP":0.43,"SPRSCT_VA":199.53,"SPRSCT_EXP":55.24,"SEAEMP_VA":121.2,"SEAEMP_EXP":44.78,"ADPDEF_VA":875.17,"ADPDEF_EXP":0.42,"EDUCAC_VA":12.21,"EDUCAC_EXP":0.4,"SALUDH_VA":162.78,"SALUDH_EXP":0.6,"ESPARC_VA":50.89,"ESPARC_EXP":25.67,"OTRSER_VA":117.49,"OTRSER_EXP":5.54,"SERHOG_VA":4.03,"SERHOG_EXP":0.0}},{"type":"Feature","geometry":{"type":"Point","coordinates":[34.85,31.05]},"properties":{"id":"ISR","name":"Israel","continent":"other","year":1995,"AGRPFO_VA":1516.99,"AGRPFO_EXP":641.98,"FORLOG_VA":8.11,"FORLOG_EXP":9.12,"PESCAC_VA":20.13,"PESCAC_EXP":10.82,"MINCOL_VA":0.0,"MINCOL_EXP":0.0,"PETGAS_VA":131.55,"PETGAS_EXP":1.64,"MINORE_VA":0.0,"MINORE_EXP":0.0,"MINOTH_VA":374.93,"MINOTH_EXP":509.21,"MINSER_VA":29.44,"MINSER_EXP":7.16,"ALYBEB_VA":1486.77,"ALYBEB_EXP":631.53,"TEXYPR_VA":278.88,"TEXYPR_EXP":357.17,"MADYPR_VA":51.51,"MADYPR_EXP":13.17,"PAPYPR_VA":411.1,"PAPYPR_EXP":162.9,"PETREF_VA":1451.82,"PETREF_EXP":1411.68,"QUIMYP_VA":1665.75,"QUIMYP_EXP":1879.57,"FARMED_VA":1323.42,"FARMED_EXP":186.04,"HUPLAS_VA":609.72,"HUPLAS_EXP":957.3,"PRNOMT_VA":457.7,"PRNOMT_EXP":197.14,"METBAS_VA":143.06,"METBAS_EXP":120.86,"NONFER_VA":58.27,"NONFER_EXP":154.44,"PRMETA_VA":1135.62,"PRMETA_EXP":579.12,"ELCTRO_VA":2926.6,"ELCTRO_EXP":2731.39,"ELCTRI_VA":234.19,"ELCTRI_EXP":350.83,"MAQYEQ_VA":584.13,"MAQYEQ_EXP":1182.87,"AUTOMO_VA":116.95,"AUTOMO_EXP":73.78,"OTRTRA_VA":5.55,"OTRTRA_EXP":2.81,"TRANSP_VA":516.95,"TRANSP_EXP":821.32,"OTRMAN_VA":518.86,"OTRMAN_EXP":809.83,"ELEGAS_VA":417.48,"ELEGAS_EXP":0.04,"AGUBAS_VA":825.94,"AGUBAS_EXP":0.34,"CONSTR_VA":6441.32,"CONSTR_EXP":9.83,"COMREV_VA":7837.04,"COMREV_EXP":2264.44,"TRATIE_VA":2287.47,"TRATIE_EXP":552.94,"TRAGUA_VA":371.81,"TRAGUA_EXP":249.33,"TRAAIR_VA":1011.37,"TRAAIR_EXP":616.71,"ALMSTR_VA":340.12,"ALMSTR_EXP":299.09,"POSTME_VA":308.29,"POSTME_EXP":23.41,"HOTYRE_VA":1903.84,"HOTYRE_EXP":817.42,"MMTVRA_VA":439.28,"MMTVRA_EXP":169.12,"TELECO_VA":1930.26,"TELECO_EXP":97.98,"ITSERV_VA":3087.7,"ITSERV_EXP":1949.97,"SERFIN_VA":5443.1,"SERFIN_EXP":861.08,"GOBEST_VA":14735.19,"GOBEST_EXP":532.55,"SPRSCT_VA":5516.53,"SPRSCT_EXP":533.13,"SEAEMP_VA":2997.43,"SEAEMP_EXP":159.75,"ADPDEF_VA":9778.31,"ADPDEF_EXP":0.04,"EDUCAC_VA":6162.27,"EDUCAC_EXP":94.41,"SALUDH_VA":5339.68,"SALUDH_EXP":106.87,"ESPARC_VA":1462.36,"ESPARC_EXP":94.39,"OTRSER_VA":1263.03,"OTRSER_EXP":58.01,"SERHOG_VA":172.37,"SERHOG_EXP":0.0}},{"type":"Feature","geometry":{"type":"Point","coordinates":[12.57,41.87]},"properties":{"id":"ITA","name":"Italia","continent":"europe","year":1995,"AGRPFO_VA":32939.26,"AGRPFO_EXP":3003.3,"FORLOG_VA":1439.12,"FORLOG_EXP":103.38,"PESCAC_VA":1716.1,"PESCAC_EXP":140.17,"MINCOL_VA":28.58,"MINCOL_EXP":3.69,"PETGAS_VA":5127.96,"PETGAS_EXP":140.75,"MINORE_VA":0.47,"MINORE_EXP":0.04,"MINOTH_VA":924.5,"MINOTH_EXP":272.68,"MINSER_VA":214.22,"MINSER_EXP":63.43,"ALYBEB_VA":21598.12,"ALYBEB_EXP":10073.46,"TEXYPR_VA":32518.6,"TEXYPR_EXP":25806.39,"MADYPR_VA":6944.26,"MADYPR_EXP":1448.37,"PAPYPR_VA":11588.91,"PAPYPR_EXP":3218.03,"PETREF_VA":4790.79,"PETREF_EXP":2465.78,"QUIMYP_VA":12218.47,"QUIMYP_EXP":12022.1,"FARMED_VA":5948.05,"FARMED_EXP":4848.28,"HUPLAS_VA":11244.35,"HUPLAS_EXP":7327.59,"PRNOMT_VA":13382.63,"PRNOMT_EXP":6429.46,"METBAS_VA":9780.68,"METBAS_EXP":6897.67,"NONFER_VA":3125.53,"NONFER_EXP":2530.87,"PRMETA_VA":21761.23,"PRMETA_EXP":9755.18,"ELCTRO_VA":7478.11,"ELCTRO_EXP":11481.06,"ELCTRI_VA":9568.02,"ELCTRI_EXP":7515.29,"MAQYEQ_VA":23714.16,"MAQYEQ_EXP":35897.26,"AUTOMO_VA":11935.7,"AUTOMO_EXP":14375.88,"OTRTRA_VA":1951.47,"OTRTRA_EXP":1115.7,"TRANSP_VA":4219.56,"TRANSP_EXP":2533.13,"OTRMAN_VA":19375.66,"OTRMAN_EXP":11900.68,"ELEGAS_VA":18209.07,"ELEGAS_EXP":247.65,"AGUBAS_VA":7218.84,"AGUBAS_EXP":82.91,"CONSTR_VA":58295.76,"CONSTR_EXP":522.62,"COMREV_VA":154946.61,"COMREV_EXP":42199.53,"TRATIE_VA":32030.54,"TRATIE_EXP":9196.65,"TRAGUA_VA":3659.03,"TRAGUA_EXP":4154.19,"TRAAIR_VA":4422.32,"TRAAIR_EXP":2853.25,"ALMSTR_VA":15273.94,"ALMSTR_EXP":5377.53,"POSTME_VA":3477.75,"POSTME_EXP":238.6,"HOTYRE_VA":33546.86,"HOTYRE_EXP":10725.51,"MMTVRA_VA":8760.87,"MMTVRA_EXP":1614.44,"TELECO_VA":15251.52,"TELECO_EXP":1683.89,"ITSERV_VA":11770.56,"ITSERV_EXP":1631.89,"SERFIN_VA":50818.38,"SERFIN_EXP":3684.37,"GOBEST_VA":101772.12,"GOBEST_EXP":2065.2,"SPRSCT_VA":67760.18,"SPRSCT_EXP":5748.05,"SEAEMP_VA":23782.24,"SEAEMP_EXP":4074.93,"ADPDEF_VA":68912.64,"ADPDEF_EXP":49.59,"EDUCAC_VA":50499.31,"EDUCAC_EXP":775.73,"SALUDH_VA":48773.24,"SALUDH_EXP":373.93,"ESPARC_VA":9520.27,"ESPARC_EXP":982.95,"OTRSER_VA":22207.08,"OTRSER_EXP":862.49,"SERHOG_VA":10679.34,"SERHOG_EXP":0.0}},{"type":"Feature","geometry":{"type":"Point","coordinates":[36.24,30.59]},"properties":{"id":"JOR","name":"Jordania","continent":"other","year":1995,"AGRPFO_VA":248.54,"AGRPFO_EXP":154.15,"FORLOG_VA":19.13,"FORLOG_EXP":0.36,"PESCAC_VA":0.78,"PESCAC_EXP":0.33,"MINCOL_VA":35.12,"MINCOL_EXP":5.56,"PETGAS_VA":37.34,"PETGAS_EXP":0.32,"MINORE_VA":29.21,"MINORE_EXP":2.38,"MINOTH_VA":51.73,"MINOTH_EXP":79.18,"MINSER_VA":29.17,"MINSER_EXP":7.14,"ALYBEB_VA":427.9,"ALYBEB_EXP":274.93,"TEXYPR_VA":206.16,"TEXYPR_EXP":156.9,"MADYPR_VA":10.99,"MADYPR_EXP":2.36,"PAPYPR_VA":46.54,"PAPYPR_EXP":22.84,"PETREF_VA":48.24,"PETREF_EXP":1.09,"QUIMYP_VA":98.0,"QUIMYP_EXP":264.37,"FARMED_VA":81.29,"FARMED_EXP":77.6,"HUPLAS_VA":32.5,"HUPLAS_EXP":13.89,"PRNOMT_VA":126.2,"PRNOMT_EXP":7.52,"METBAS_VA":16.37,"METBAS_EXP":8.15,"NONFER_VA":40.7,"NONFER_EXP":19.63,"PRMETA_VA":59.89,"PRMETA_EXP":14.92,"ELCTRO_VA":6.85,"ELCTRO_EXP":6.41,"ELCTRI_VA":34.47,"ELCTRI_EXP":22.72,"MAQYEQ_VA":21.99,"MAQYEQ_EXP":16.87,"AUTOMO_VA":11.93,"AUTOMO_EXP":15.76,"OTRTRA_VA":1.56,"OTRTRA_EXP":0.28,"TRANSP_VA":2.82,"TRANSP_EXP":0.37,"OTRMAN_VA":31.74,"OTRMAN_EXP":62.26,"ELEGAS_VA":64.96,"ELEGAS_EXP":1.84,"AGUBAS_VA":77.51,"AGUBAS_EXP":0.75,"CONSTR_VA":305.23,"CONSTR_EXP":0.79,"COMREV_VA":603.16,"COMREV_EXP":154.3,"TRATIE_VA":251.44,"TRATIE_EXP":123.8,"TRAGUA_VA":17.42,"TRAGUA_EXP":23.44,"TRAAIR_VA":46.96,"TRAAIR_EXP":191.66,"ALMSTR_VA":66.23,"ALMSTR_EXP":63.3,"POSTME_VA":3.2,"POSTME_EXP":5.79,"HOTYRE_VA":174.73,"HOTYRE_EXP":138.47,"MMTVRA_VA":32.08,"MMTVRA_EXP":62.47,"TELECO_VA":237.91,"TELECO_EXP":109.65,"ITSERV_VA":35.23,"ITSERV_EXP":6.5,"SERFIN_VA":189.7,"SERFIN_EXP":154.29,"GOBEST_VA":725.23,"GOBEST_EXP":61.28,"SPRSCT_VA":70.94,"SPRSCT_EXP":84.48,"SEAEMP_VA":58.02,"SEAEMP_EXP":124.13,"ADPDEF_VA":646.36,"ADPDEF_EXP":1.52,"EDUCAC_VA":428.97,"EDUCAC_EXP":112.73,"SALUDH_VA":196.84,"SALUDH_EXP":96.64,"ESPARC_VA":18.15,"ESPARC_EXP":45.94,"OTRSER_VA":58.4,"OTRSER_EXP":7.76,"SERHOG_VA":41.63,"SERHOG_EXP":0.0}},{"type":"Feature","geometry":{"type":"Point","coordinates":[138.25,36.2]},"properties":{"id":"JPN","name":"Japón","continent":"asia","year":1995,"AGRPFO_VA":74575.39,"AGRPFO_EXP":185.43,"FORLOG_VA":3234.59,"FORLOG_EXP":29.19,"PESCAC_VA":13312.13,"PESCAC_EXP":104.72,"MINCOL_VA":630.41,"MINCOL_EXP":3.89,"PETGAS_VA":640.72,"PETGAS_EXP":3.29,"MINORE_VA":1512.5,"MINORE_EXP":21.89,"MINOTH_VA":892.89,"MINOTH_EXP":168.17,"MINSER_VA":1309.44,"MINSER_EXP":189.42,"ALYBEB_VA":140184.74,"ALYBEB_EXP":1400.97,"TEXYPR_VA":53287.76,"TEXYPR_EXP":5400.14,"MADYPR_VA":15108.53,"MADYPR_EXP":270.92,"PAPYPR_VA":76006.95,"PAPYPR_EXP":1845.08,"PETREF_VA":55772.86,"PETREF_EXP":2735.09,"QUIMYP_VA":76140.49,"QUIMYP_EXP":16155.16,"FARMED_VA":38364.06,"FARMED_EXP":998.06,"HUPLAS_VA":54428.07,"HUPLAS_EXP":9732.08,"PRNOMT_VA":47444.53,"PRNOMT_EXP":3520.87,"METBAS_VA":62762.53,"METBAS_EXP":11058.48,"NONFER_VA":20819.72,"NONFER_EXP":4884.72,"PRMETA_VA":69678.68,"PRMETA_EXP":3335.47,"ELCTRO_VA":141459.05,"ELCTRO_EXP":108337.14,"ELCTRI_VA":95278.14,"ELCTRI_EXP":24868.06,"MAQYEQ_VA":141517.85,"MAQYEQ_EXP":61389.35,"AUTOMO_VA":105724.36,"AUTOMO_EXP":64280.97,"OTRTRA_VA":7473.19,"OTRTRA_EXP":7978.57,"TRANSP_VA":15620.85,"TRANSP_EXP":4692.97,"OTRMAN_VA":169077.84,"OTRMAN_EXP":6856.59,"ELEGAS_VA":95356.3,"ELEGAS_EXP":112.33,"AGUBAS_VA":69605.07,"AGUBAS_EXP":47.01,"CONSTR_VA":403465.4,"CONSTR_EXP":18.29,"COMREV_VA":721737.92,"COMREV_EXP":64424.06,"TRATIE_VA":190513.09,"TRATIE_EXP":13850.01,"TRAGUA_VA":12496.14,"TRAGUA_EXP":4102.96,"TRAAIR_VA":11723.85,"TRAAIR_EXP":7383.54,"ALMSTR_VA":63887.47,"ALMSTR_EXP":3748.06,"POSTME_VA":16561.16,"POSTME_EXP":176.33,"HOTYRE_VA":161998.14,"HOTYRE_EXP":1096.18,"MMTVRA_VA":46001.78,"MMTVRA_EXP":3215.16,"TELECO_VA":64554.56,"TELECO_EXP":1598.09,"ITSERV_VA":89619.49,"ITSERV_EXP":220.87,"SERFIN_VA":256093.68,"SERFIN_EXP":7801.36,"GOBEST_VA":529689.14,"GOBEST_EXP":1198.03,"SPRSCT_VA":194610.87,"SPRSCT_EXP":14656.8,"SEAEMP_VA":117720.41,"SEAEMP_EXP":9038.96,"ADPDEF_VA":244471.68,"ADPDEF_EXP":52.8,"EDUCAC_VA":186713.98,"EDUCAC_EXP":339.1,"SALUDH_VA":219672.6,"SALUDH_EXP":3.97,"ESPARC_VA":67956.47,"ESPARC_EXP":445.71,"OTRSER_VA":110817.5,"OTRSER_EXP":152.52,"SERHOG_VA":0.0,"SERHOG_EXP":0.0}},{"type":"Feature","geometry":{"type":"Point","coordinates":[66.92,48.02]},"properties":{"id":"KAZ","name":"Kazajistán","continent":"asia","year":1995,"AGRPFO_VA":1089.22,"AGRPFO_EXP":336.64,"FORLOG_VA":4.08,"FORLOG_EXP":0.11,"PESCAC_VA":4.13,"PESCAC_EXP":0.35,"MINCOL_VA":107.1,"MINCOL_EXP":116.46,"PETGAS_VA":3337.98,"PETGAS_EXP":4005.62,"MINORE_VA":421.82,"MINORE_EXP":182.96,"MINOTH_VA":43.73,"MINOTH_EXP":23.57,"MINSER_VA":172.09,"MINSER_EXP":16.52,"ALYBEB_VA":430.45,"ALYBEB_EXP":80.22,"TEXYPR_VA":26.62,"TEXYPR_EXP":10.5,"MADYPR_VA":6.55,"MADYPR_EXP":0.32,"PAPYPR_VA":30.56,"PAPYPR_EXP":3.93,"PETREF_VA":317.85,"PETREF_EXP":182.98,"QUIMYP_VA":70.3,"QUIMYP_EXP":72.42,"FARMED_VA":9.53,"FARMED_EXP":1.02,"HUPLAS_VA":43.4,"HUPLAS_EXP":4.36,"PRNOMT_VA":120.65,"PRNOMT_EXP":3.06,"METBAS_VA":387.83,"METBAS_EXP":560.55,"NONFER_VA":772.41,"NONFER_EXP":808.46,"PRMETA_VA":53.19,"PRMETA_EXP":16.12,"ELCTRO_VA":8.14,"ELCTRO_EXP":14.08,"ELCTRI_VA":24.82,"ELCTRI_EXP":11.12,"MAQYEQ_VA":33.73,"MAQYEQ_EXP":43.35,"AUTOMO_VA":13.72,"AUTOMO_EXP":10.67,"OTRTRA_VA":3.44,"OTRTRA_EXP":0.99,"TRANSP_VA":6.19,"TRANSP_EXP":12.15,"OTRMAN_VA":139.31,"OTRMAN_EXP":3.84,"ELEGAS_VA":315.2,"ELEGAS_EXP":24.18,"AGUBAS_VA":55.27,"AGUBAS_EXP":0.22,"CONSTR_VA":1330.98,"CONSTR_EXP":0.18,"COMREV_VA":3070.5,"COMREV_EXP":635.63,"TRATIE_VA":1038.1,"TRATIE_EXP":300.59,"TRAGUA_VA":18.54,"TRAGUA_EXP":4.5,"TRAAIR_VA":82.18,"TRAAIR_EXP":21.11,"ALMSTR_VA":405.74,"ALMSTR_EXP":37.51,"POSTME_VA":19.24,"POSTME_EXP":1.46,"HOTYRE_VA":190.36,"HOTYRE_EXP":65.33,"MMTVRA_VA":68.65,"MMTVRA_EXP":20.92,"TELECO_VA":466.59,"TELECO_EXP":30.46,"ITSERV_VA":145.44,"ITSERV_EXP":0.62,"SERFIN_VA":436.65,"SERFIN_EXP":16.06,"GOBEST_VA":1880.63,"GOBEST_EXP":75.11,"SPRSCT_VA":1003.96,"SPRSCT_EXP":21.4,"SEAEMP_VA":389.37,"SEAEMP_EXP":98.99,"ADPDEF_VA":380.51,"ADPDEF_EXP":0.2,"EDUCAC_VA":562.43,"EDUCAC_EXP":1.86,"SALUDH_VA":396.63,"SALUDH_EXP":2.37,"ESPARC_VA":74.72,"ESPARC_EXP":5.9,"OTRSER_VA":295.68,"OTRSER_EXP":3.0,"SERHOG_VA":12.74,"SERHOG_EXP":0.0}},{"type":"Feature","geometry":{"type":"Point","coordinates":[104.99,12.57]},"properties":{"id":"KHM","name":"Camboya","continent":"asia","year":1995,"AGRPFO_VA":746.81,"AGRPFO_EXP":125.76,"FORLOG_VA":126.7,"FORLOG_EXP":0.24,"PESCAC_VA":355.01,"PESCAC_EXP":35.49,"MINCOL_VA":0.0,"MINCOL_EXP":0.0,"PETGAS_VA":0.0,"PETGAS_EXP":0.0,"MINORE_VA":6.45,"MINORE_EXP":0.09,"MINOTH_VA":9.43,"MINOTH_EXP":0.17,"MINSER_VA":4.45,"MINSER_EXP":0.1,"ALYBEB_VA":57.72,"ALYBEB_EXP":38.46,"TEXYPR_VA":292.3,"TEXYPR_EXP":531.78,"MADYPR_VA":4.41,"MADYPR_EXP":7.06,"PAPYPR_VA":6.09,"PAPYPR_EXP":5.42,"PETREF_VA":1.56,"PETREF_EXP":0.43,"QUIMYP_VA":6.26,"QUIMYP_EXP":1.0,"FARMED_VA":3.72,"FARMED_EXP":0.67,"HUPLAS_VA":10.82,"HUPLAS_EXP":2.14,"PRNOMT_VA":10.84,"PRNOMT_EXP":0.28,"METBAS_VA":279.33,"METBAS_EXP":5.04,"NONFER_VA":3.23,"NONFER_EXP":3.35,"PRMETA_VA":14.74,"PRMETA_EXP":1.63,"ELCTRO_VA":0.0,"ELCTRO_EXP":0.0,"ELCTRI_VA":0.0,"ELCTRI_EXP":0.0,"MAQYEQ_VA":0.45,"MAQYEQ_EXP":0.44,"AUTOMO_VA":3.15,"AUTOMO_EXP":1.67,"OTRTRA_VA":0.54,"OTRTRA_EXP":0.12,"TRANSP_VA":0.97,"TRANSP_EXP":0.43,"OTRMAN_VA":19.74,"OTRMAN_EXP":20.05,"ELEGAS_VA":8.33,"ELEGAS_EXP":0.13,"AGUBAS_VA":7.97,"AGUBAS_EXP":0.22,"CONSTR_VA":118.11,"CONSTR_EXP":0.49,"COMREV_VA":248.36,"COMREV_EXP":66.82,"TRATIE_VA":79.59,"TRATIE_EXP":33.12,"TRAGUA_VA":8.35,"TRAGUA_EXP":8.66,"TRAAIR_VA":12.37,"TRAAIR_EXP":21.73,"ALMSTR_VA":39.64,"ALMSTR_EXP":31.97,"POSTME_VA":11.6,"POSTME_EXP":2.74,"HOTYRE_VA":115.13,"HOTYRE_EXP":21.46,"MMTVRA_VA":14.4,"MMTVRA_EXP":12.86,"TELECO_VA":42.93,"TELECO_EXP":8.66,"ITSERV_VA":10.78,"ITSERV_EXP":3.32,"SERFIN_VA":39.15,"SERFIN_EXP":5.8,"GOBEST_VA":177.76,"GOBEST_EXP":5.62,"SPRSCT_VA":25.72,"SPRSCT_EXP":4.99,"SEAEMP_VA":21.07,"SEAEMP_EXP":4.17,"ADPDEF_VA":89.88,"ADPDEF_EXP":0.32,"EDUCAC_VA":60.82,"EDUCAC_EXP":2.03,"SALUDH_VA":63.71,"SALUDH_EXP":1.21,"ESPARC_VA":24.89,"ESPARC_EXP":5.1,"OTRSER_VA":50.08,"OTRSER_EXP":1.76,"SERHOG_VA":0.0,"SERHOG_EXP":0.0}},{"type":"Feature","geometry":{"type":"Point","coordinates":[127.77,35.91]},"properties":{"id":"KOR","name":"Corea del Sur","continent":"asia","year":1995,"AGRPFO_VA":24014.99,"AGRPFO_EXP":164.16,"FORLOG_VA":1616.8,"FORLOG_EXP":179.94,"PESCAC_VA":2685.58,"PESCAC_EXP":862.11,"MINCOL_VA":200.72,"MINCOL_EXP":3.43,"PETGAS_VA":104.39,"PETGAS_EXP":1.76,"MINORE_VA":24.36,"MINORE_EXP":4.25,"MINOTH_VA":1052.26,"MINOTH_EXP":75.38,"MINSER_VA":10.57,"MINSER_EXP":5.6,"ALYBEB_VA":8845.56,"ALYBEB_EXP":2230.53,"TEXYPR_VA":11356.6,"TEXYPR_EXP":16669.86,"MADYPR_VA":1115.72,"MADYPR_EXP":140.92,"PAPYPR_VA":5859.25,"PAPYPR_EXP":1194.09,"PETREF_VA":4253.8,"PETREF_EXP":3058.82,"QUIMYP_VA":12435.44,"QUIMYP_EXP":5355.47,"FARMED_VA":3582.07,"FARMED_EXP":221.11,"HUPLAS_VA":6237.28,"HUPLAS_EXP":2973.48,"PRNOMT_VA":7111.0,"PRNOMT_EXP":601.21,"METBAS_VA":10108.58,"METBAS_EXP":5375.11,"NONFER_VA":1931.45,"NONFER_EXP":1745.86,"PRMETA_VA":6593.96,"PRMETA_EXP":3231.01,"ELCTRO_VA":25512.2,"ELCTRO_EXP":34116.16,"ELCTRI_VA":4962.74,"ELCTRI_EXP":3886.26,"MAQYEQ_VA":11122.48,"MAQYEQ_EXP":5615.29,"AUTOMO_VA":12034.24,"AUTOMO_EXP":9533.72,"OTRTRA_VA":4400.67,"OTRTRA_EXP":5715.17,"TRANSP_VA":605.16,"TRANSP_EXP":560.43,"OTRMAN_VA":4021.7,"OTRMAN_EXP":2239.33,"ELEGAS_VA":8470.13,"ELEGAS_EXP":6.55,"AGUBAS_VA":2449.03,"AGUBAS_EXP":0.45,"CONSTR_VA":43694.91,"CONSTR_EXP":28.02,"COMREV_VA":62129.18,"COMREV_EXP":12918.83,"TRATIE_VA":5996.09,"TRATIE_EXP":753.85,"TRAGUA_VA":5257.34,"TRAGUA_EXP":10121.95,"TRAAIR_VA":4921.54,"TRAAIR_EXP":4233.74,"ALMSTR_VA":4869.78,"ALMSTR_EXP":1088.71,"POSTME_VA":1767.88,"POSTME_EXP":65.04,"HOTYRE_VA":15758.61,"HOTYRE_EXP":913.11,"MMTVRA_VA":7141.05,"MMTVRA_EXP":190.46,"TELECO_VA":8247.37,"TELECO_EXP":214.54,"ITSERV_VA":5626.82,"ITSERV_EXP":390.33,"SERFIN_VA":29163.91,"SERFIN_EXP":663.15,"GOBEST_VA":41929.05,"GOBEST_EXP":102.91,"SPRSCT_VA":22775.46,"SPRSCT_EXP":931.78,"SEAEMP_VA":12866.68,"SEAEMP_EXP":762.6,"ADPDEF_VA":27569.19,"ADPDEF_EXP":2.82,"EDUCAC_VA":22618.76,"EDUCAC_EXP":77.12,"SALUDH_VA":14053.53,"SALUDH_EXP":34.05,"ESPARC_VA":5555.85,"ESPARC_EXP":871.84,"OTRSER_VA":7508.38,"OTRSER_EXP":43.51,"SERHOG_VA":877.74,"SERHOG_EXP":0.0}},{"type":"Feature","geometry":{"type":"Point","coordinates":[102.5,19.86]},"properties":{"id":"LAO","name":"Laos","continent":"asia","year":1995,"AGRPFO_VA":298.09,"AGRPFO_EXP":42.99,"FORLOG_VA":52.55,"FORLOG_EXP":40.25,"PESCAC_VA":50.36,"PESCAC_EXP":0.19,"MINCOL_VA":17.33,"MINCOL_EXP":0.28,"PETGAS_VA":15.56,"PETGAS_EXP":0.1,"MINORE_VA":64.19,"MINORE_EXP":3.23,"MINOTH_VA":33.87,"MINOTH_EXP":0.37,"MINSER_VA":12.31,"MINSER_EXP":0.2,"ALYBEB_VA":69.79,"ALYBEB_EXP":9.83,"TEXYPR_VA":29.88,"TEXYPR_EXP":40.39,"MADYPR_VA":20.64,"MADYPR_EXP":36.78,"PAPYPR_VA":0.43,"PAPYPR_EXP":0.27,"PETREF_VA":8.35,"PETREF_EXP":0.15,"QUIMYP_VA":3.61,"QUIMYP_EXP":3.47,"FARMED_VA":2.29,"FARMED_EXP":0.44,"HUPLAS_VA":1.16,"HUPLAS_EXP":0.31,"PRNOMT_VA":16.54,"PRNOMT_EXP":0.19,"METBAS_VA":0.28,"METBAS_EXP":0.15,"NONFER_VA":0.28,"NONFER_EXP":0.07,"PRMETA_VA":5.98,"PRMETA_EXP":0.23,"ELCTRO_VA":0.47,"ELCTRO_EXP":0.21,"ELCTRI_VA":0.31,"ELCTRI_EXP":0.13,"MAQYEQ_VA":0.0,"MAQYEQ_EXP":0.0,"AUTOMO_VA":0.08,"AUTOMO_EXP":0.05,"OTRTRA_VA":0.0,"OTRTRA_EXP":0.0,"TRANSP_VA":0.0,"TRANSP_EXP":0.0,"OTRMAN_VA":13.39,"OTRMAN_EXP":5.17,"ELEGAS_VA":148.49,"ELEGAS_EXP":52.58,"AGUBAS_VA":25.07,"AGUBAS_EXP":0.32,"CONSTR_VA":91.67,"CONSTR_EXP":0.68,"COMREV_VA":244.23,"COMREV_EXP":36.55,"TRATIE_VA":35.41,"TRATIE_EXP":17.22,"TRAGUA_VA":2.04,"TRAGUA_EXP":0.96,"TRAAIR_VA":4.66,"TRAAIR_EXP":8.16,"ALMSTR_VA":5.7,"ALMSTR_EXP":0.89,"POSTME_VA":7.08,"POSTME_EXP":2.37,"HOTYRE_VA":32.93,"HOTYRE_EXP":21.24,"MMTVRA_VA":2.97,"MMTVRA_EXP":3.59,"TELECO_VA":31.32,"TELECO_EXP":4.19,"ITSERV_VA":3.1,"ITSERV_EXP":3.4,"SERFIN_VA":81.12,"SERFIN_EXP":24.93,"GOBEST_VA":85.0,"GOBEST_EXP":6.05,"SPRSCT_VA":11.59,"SPRSCT_EXP":11.57,"SEAEMP_VA":5.14,"SEAEMP_EXP":4.32,"ADPDEF_VA":112.13,"ADPDEF_EXP":0.55,"EDUCAC_VA":34.74,"EDUCAC_EXP":2.1,"SALUDH_VA":5.77,"SALUDH_EXP":1.16,"ESPARC_VA":5.56,"ESPARC_EXP":3.68,"OTRSER_VA":67.81,"OTRSER_EXP":1.75,"SERHOG_VA":8.62,"SERHOG_EXP":0.0}},{"type":"Feature","geometry":{"type":"Point","coordinates":[23.88,55.17]},"properties":{"id":"LTU","name":"Lituania","continent":"europe","year":1995,"AGRPFO_VA":610.29,"AGRPFO_EXP":82.41,"FORLOG_VA":58.12,"FORLOG_EXP":23.11,"PESCAC_VA":4.02,"PESCAC_EXP":4.74,"MINCOL_VA":2.21,"MINCOL_EXP":2.47,"PETGAS_VA":10.94,"PETGAS_EXP":1.02,"MINORE_VA":0.89,"MINORE_EXP":0.34,"MINOTH_VA":5.55,"MINOTH_EXP":3.71,"MINSER_VA":2.88,"MINSER_EXP":0.66,"ALYBEB_VA":378.57,"ALYBEB_EXP":186.91,"TEXYPR_VA":214.35,"TEXYPR_EXP":299.02,"MADYPR_VA":55.7,"MADYPR_EXP":82.84,"PAPYPR_VA":55.63,"PAPYPR_EXP":20.75,"PETREF_VA":113.55,"PETREF_EXP":111.9,"QUIMYP_VA":82.28,"QUIMYP_EXP":43.05,"FARMED_VA":7.52,"FARMED_EXP":3.96,"HUPLAS_VA":11.77,"HUPLAS_EXP":25.69,"PRNOMT_VA":66.47,"PRNOMT_EXP":23.08,"METBAS_VA":6.05,"METBAS_EXP":14.93,"NONFER_VA":0.63,"NONFER_EXP":1.06,"PRMETA_VA":26.06,"PRMETA_EXP":21.24,"ELCTRO_VA":42.27,"ELCTRO_EXP":77.88,"ELCTRI_VA":26.19,"ELCTRI_EXP":31.63,"MAQYEQ_VA":24.75,"MAQYEQ_EXP":20.59,"AUTOMO_VA":12.0,"AUTOMO_EXP":4.8,"OTRTRA_VA":11.42,"OTRTRA_EXP":16.75,"TRANSP_VA":5.57,"TRANSP_EXP":14.88,"OTRMAN_VA":88.63,"OTRMAN_EXP":124.5,"ELEGAS_VA":274.68,"ELEGAS_EXP":16.06,"AGUBAS_VA":58.69,"AGUBAS_EXP":2.08,"CONSTR_VA":435.68,"CONSTR_EXP":3.48,"COMREV_VA":994.92,"COMREV_EXP":257.07,"TRATIE_VA":239.16,"TRATIE_EXP":180.08,"TRAGUA_VA":43.54,"TRAGUA_EXP":38.81,"TRAAIR_VA":13.63,"TRAAIR_EXP":21.33,"ALMSTR_VA":104.0,"ALMSTR_EXP":87.66,"POSTME_VA":7.9,"POSTME_EXP":3.16,"HOTYRE_VA":91.67,"HOTYRE_EXP":19.25,"MMTVRA_VA":46.23,"MMTVRA_EXP":5.86,"TELECO_VA":96.57,"TELECO_EXP":31.51,"ITSERV_VA":5.44,"ITSERV_EXP":1.43,"SERFIN_VA":133.78,"SERFIN_EXP":6.39,"GOBEST_VA":495.15,"GOBEST_EXP":10.35,"SPRSCT_VA":90.17,"SPRSCT_EXP":46.43,"SEAEMP_VA":51.57,"SEAEMP_EXP":15.92,"ADPDEF_VA":466.82,"ADPDEF_EXP":0.52,"EDUCAC_VA":349.91,"EDUCAC_EXP":2.94,"SALUDH_VA":174.81,"SALUDH_EXP":3.38,"ESPARC_VA":33.81,"ESPARC_EXP":15.54,"OTRSER_VA":123.12,"OTRSER_EXP":3.93,"SERHOG_VA":1.65,"SERHOG_EXP":0.0}},{"type":"Feature","geometry":{"type":"Point","coordinates":[6.13,49.82]},"properties":{"id":"LUX","name":"Luxemburgo","continent":"europe","year":1995,"AGRPFO_VA":178.64,"AGRPFO_EXP":167.53,"FORLOG_VA":16.52,"FORLOG_EXP":6.8,"PESCAC_VA":0.0,"PESCAC_EXP":0.0,"MINCOL_VA":0.0,"MINCOL_EXP":0.0,"PETGAS_VA":0.0,"PETGAS_EXP":0.0,"MINORE_VA":7.47,"MINORE_EXP":1.97,"MINOTH_VA":22.28,"MINOTH_EXP":1.9,"MINSER_VA":0.0,"MINSER_EXP":0.0,"ALYBEB_VA":233.43,"ALYBEB_EXP":308.29,"TEXYPR_VA":229.08,"TEXYPR_EXP":216.01,"MADYPR_VA":13.45,"MADYPR_EXP":34.25,"PAPYPR_VA":99.26,"PAPYPR_EXP":128.75,"PETREF_VA":0.0,"PETREF_EXP":0.0,"QUIMYP_VA":72.06,"QUIMYP_EXP":145.51,"FARMED_VA":0.73,"FARMED_EXP":7.35,"HUPLAS_VA":389.53,"HUPLAS_EXP":860.87,"PRNOMT_VA":315.49,"PRNOMT_EXP":442.0,"METBAS_VA":242.69,"METBAS_EXP":814.39,"NONFER_VA":281.2,"NONFER_EXP":766.96,"PRMETA_VA":192.14,"PRMETA_EXP":175.72,"ELCTRO_VA":167.76,"ELCTRO_EXP":100.76,"ELCTRI_VA":38.24,"ELCTRI_EXP":72.11,"MAQYEQ_VA":257.45,"MAQYEQ_EXP":467.0,"AUTOMO_VA":12.96,"AUTOMO_EXP":6.49,"OTRTRA_VA":0.09,"OTRTRA_EXP":0.06,"TRANSP_VA":0.17,"TRANSP_EXP":0.09,"OTRMAN_VA":47.0,"OTRMAN_EXP":38.82,"ELEGAS_VA":231.26,"ELEGAS_EXP":17.75,"AGUBAS_VA":133.05,"AGUBAS_EXP":1.7,"CONSTR_VA":1279.56,"CONSTR_EXP":13.73,"COMREV_VA":1933.43,"COMREV_EXP":575.51,"TRATIE_VA":626.34,"TRATIE_EXP":572.14,"TRAGUA_VA":19.64,"TRAGUA_EXP":20.68,"TRAAIR_VA":311.04,"TRAAIR_EXP":573.54,"ALMSTR_VA":88.36,"ALMSTR_EXP":67.49,"POSTME_VA":58.13,"POSTME_EXP":60.29,"HOTYRE_VA":661.73,"HOTYRE_EXP":526.62,"MMTVRA_VA":211.48,"MMTVRA_EXP":236.25,"TELECO_VA":515.03,"TELECO_EXP":321.15,"ITSERV_VA":171.89,"ITSERV_EXP":163.42,"SERFIN_VA":4206.55,"SERFIN_EXP":9087.46,"GOBEST_VA":1947.5,"GOBEST_EXP":142.33,"SPRSCT_VA":751.59,"SPRSCT_EXP":376.9,"SEAEMP_VA":338.29,"SEAEMP_EXP":160.78,"ADPDEF_VA":1143.02,"ADPDEF_EXP":7.78,"EDUCAC_VA":787.99,"EDUCAC_EXP":43.28,"SALUDH_VA":727.07,"SALUDH_EXP":64.03,"ESPARC_VA":102.54,"ESPARC_EXP":54.49,"OTRSER_VA":180.42,"OTRSER_EXP":27.84,"SERHOG_VA":84.49,"SERHOG_EXP":0.0}},{"type":"Feature","geometry":{"type":"Point","coordinates":[24.6,56.88]},"properties":{"id":"LVA","name":"Letonia","continent":"europe","year":1995,"AGRPFO_VA":356.89,"AGRPFO_EXP":4.85,"FORLOG_VA":78.33,"FORLOG_EXP":25.45,"PESCAC_VA":20.06,"PESCAC_EXP":1.54,"MINCOL_VA":0.04,"MINCOL_EXP":0.01,"PETGAS_VA":0.0,"PETGAS_EXP":0.0,"MINORE_VA":0.1,"MINORE_EXP":0.06,"MINOTH_VA":6.33,"MINOTH_EXP":1.45,"MINSER_VA":0.14,"MINSER_EXP":0.03,"ALYBEB_VA":355.64,"ALYBEB_EXP":130.27,"TEXYPR_VA":141.81,"TEXYPR_EXP":108.94,"MADYPR_VA":199.54,"MADYPR_EXP":163.98,"PAPYPR_VA":40.99,"PAPYPR_EXP":25.44,"PETREF_VA":4.96,"PETREF_EXP":1.86,"QUIMYP_VA":19.55,"QUIMYP_EXP":31.12,"FARMED_VA":14.37,"FARMED_EXP":19.76,"HUPLAS_VA":12.83,"HUPLAS_EXP":6.66,"PRNOMT_VA":20.25,"PRNOMT_EXP":13.65,"METBAS_VA":33.77,"METBAS_EXP":50.29,"NONFER_VA":6.24,"NONFER_EXP":8.81,"PRMETA_VA":30.04,"PRMETA_EXP":18.19,"ELCTRO_VA":10.45,"ELCTRO_EXP":15.18,"ELCTRI_VA":12.14,"ELCTRI_EXP":18.98,"MAQYEQ_VA":24.85,"MAQYEQ_EXP":35.61,"AUTOMO_VA":3.35,"AUTOMO_EXP":4.18,"OTRTRA_VA":9.18,"OTRTRA_EXP":8.46,"TRANSP_VA":7.47,"TRANSP_EXP":10.39,"OTRMAN_VA":75.37,"OTRMAN_EXP":63.74,"ELEGAS_VA":228.7,"ELEGAS_EXP":2.54,"AGUBAS_VA":50.37,"AGUBAS_EXP":3.17,"CONSTR_VA":246.23,"CONSTR_EXP":2.29,"COMREV_VA":458.38,"COMREV_EXP":123.6,"TRATIE_VA":202.97,"TRATIE_EXP":246.86,"TRAGUA_VA":62.29,"TRAGUA_EXP":38.67,"TRAAIR_VA":13.72,"TRAAIR_EXP":12.15,"ALMSTR_VA":393.46,"ALMSTR_EXP":54.75,"POSTME_VA":17.04,"POSTME_EXP":6.47,"HOTYRE_VA":48.95,"HOTYRE_EXP":8.15,"MMTVRA_VA":24.09,"MMTVRA_EXP":8.24,"TELECO_VA":111.15,"TELECO_EXP":20.14,"ITSERV_VA":17.44,"ITSERV_EXP":2.67,"SERFIN_VA":178.52,"SERFIN_EXP":145.59,"GOBEST_VA":285.45,"GOBEST_EXP":6.2,"SPRSCT_VA":95.51,"SPRSCT_EXP":58.47,"SEAEMP_VA":126.27,"SEAEMP_EXP":126.49,"ADPDEF_VA":428.44,"ADPDEF_EXP":18.32,"EDUCAC_VA":241.82,"EDUCAC_EXP":0.38,"SALUDH_VA":174.38,"SALUDH_EXP":0.48,"ESPARC_VA":56.66,"ESPARC_EXP":3.18,"OTRSER_VA":48.76,"OTRSER_EXP":0.85,"SERHOG_VA":8.67,"SERHOG_EXP":0.0}},{"type":"Feature","geometry":{"type":"Point","coordinates":[-7.09,31.79]},"properties":{"id":"MAR","name":"Marruecos","continent":"other","year":1995,"AGRPFO_VA":3814.04,"AGRPFO_EXP":648.05,"FORLOG_VA":584.45,"FORLOG_EXP":15.33,"PESCAC_VA":217.98,"PESCAC_EXP":251.22,"MINCOL_VA":2.51,"MINCOL_EXP":0.58,"PETGAS_VA":5.93,"PETGAS_EXP":1.26,"MINORE_VA":189.02,"MINORE_EXP":118.45,"MINOTH_VA":672.93,"MINOTH_EXP":509.79,"MINSER_VA":19.75,"MINSER_EXP":4.71,"ALYBEB_VA":1613.92,"ALYBEB_EXP":1578.71,"TEXYPR_VA":927.89,"TEXYPR_EXP":1501.79,"MADYPR_VA":83.91,"MADYPR_EXP":40.01,"PAPYPR_VA":182.83,"PAPYPR_EXP":46.72,"PETREF_VA":89.47,"PETREF_EXP":103.02,"QUIMYP_VA":671.87,"QUIMYP_EXP":849.78,"FARMED_VA":234.06,"FARMED_EXP":80.23,"HUPLAS_VA":196.9,"HUPLAS_EXP":30.78,"PRNOMT_VA":563.32,"PRNOMT_EXP":50.01,"METBAS_VA":138.79,"METBAS_EXP":26.18,"NONFER_VA":104.99,"NONFER_EXP":97.31,"PRMETA_VA":322.73,"PRMETA_EXP":21.21,"ELCTRO_VA":42.91,"ELCTRO_EXP":92.39,"ELCTRI_VA":173.73,"ELCTRI_EXP":145.99,"MAQYEQ_VA":111.49,"MAQYEQ_EXP":12.35,"AUTOMO_VA":471.86,"AUTOMO_EXP":43.94,"OTRTRA_VA":23.07,"OTRTRA_EXP":13.62,"TRANSP_VA":46.48,"TRANSP_EXP":21.09,"OTRMAN_VA":418.99,"OTRMAN_EXP":44.49,"ELEGAS_VA":938.77,"ELEGAS_EXP":12.31,"AGUBAS_VA":154.86,"AGUBAS_EXP":0.99,"CONSTR_VA":2469.0,"CONSTR_EXP":0.85,"COMREV_VA":4063.68,"COMREV_EXP":881.25,"TRATIE_VA":830.77,"TRATIE_EXP":140.08,"TRAGUA_VA":39.31,"TRAGUA_EXP":104.0,"TRAAIR_VA":153.13,"TRAAIR_EXP":165.23,"ALMSTR_VA":407.29,"ALMSTR_EXP":288.98,"POSTME_VA":40.6,"POSTME_EXP":31.69,"HOTYRE_VA":752.07,"HOTYRE_EXP":347.82,"MMTVRA_VA":124.13,"MMTVRA_EXP":23.92,"TELECO_VA":935.99,"TELECO_EXP":94.29,"ITSERV_VA":177.55,"ITSERV_EXP":59.41,"SERFIN_VA":1761.21,"SERFIN_EXP":36.61,"GOBEST_VA":1037.34,"GOBEST_EXP":45.91,"SPRSCT_VA":998.5,"SPRSCT_EXP":139.04,"SEAEMP_VA":1303.31,"SEAEMP_EXP":71.74,"ADPDEF_VA":3510.62,"ADPDEF_EXP":91.99,"EDUCAC_VA":2950.32,"EDUCAC_EXP":28.65,"SALUDH_VA":1088.4,"SALUDH_EXP":13.86,"ESPARC_VA":113.71,"ESPARC_EXP":25.84,"OTRSER_VA":353.92,"OTRSER_EXP":16.2,"SERHOG_VA":150.42,"SERHOG_EXP":0.0}},{"type":"Feature","geometry":{"type":"Point","coordinates":[-102.55,23.63]},"properties":{"id":"MEX","name":"México","continent":"america","year":1995,"AGRPFO_VA":14111.93,"AGRPFO_EXP":1840.77,"FORLOG_VA":781.4,"FORLOG_EXP":8.35,"PESCAC_VA":286.11,"PESCAC_EXP":71.77,"MINCOL_VA":199.23,"MINCOL_EXP":0.44,"PETGAS_VA":17636.95,"PETGAS_EXP":7577.86,"MINORE_VA":1599.22,"MINORE_EXP":131.69,"MINOTH_VA":1970.63,"MINOTH_EXP":74.05,"MINSER_VA":440.35,"MINSER_EXP":7.55,"ALYBEB_VA":17487.28,"ALYBEB_EXP":1962.76,"TEXYPR_VA":5492.48,"TEXYPR_EXP":3725.8,"MADYPR_VA":1038.32,"MADYPR_EXP":107.16,"PAPYPR_VA":2699.87,"PAPYPR_EXP":639.67,"PETREF_VA":3158.51,"PETREF_EXP":882.76,"QUIMYP_VA":7449.06,"QUIMYP_EXP":1503.05,"FARMED_VA":1837.96,"FARMED_EXP":820.39,"HUPLAS_VA":2570.26,"HUPLAS_EXP":1412.52,"PRNOMT_VA":3538.25,"PRNOMT_EXP":806.83,"METBAS_VA":2167.46,"METBAS_EXP":958.7,"NONFER_VA":2016.14,"NONFER_EXP":1039.95,"PRMETA_VA":2409.88,"PRMETA_EXP":1643.85,"ELCTRO_VA":7890.96,"ELCTRO_EXP":11081.86,"ELCTRI_VA":2982.99,"ELCTRI_EXP":4513.33,"MAQYEQ_VA":4921.37,"MAQYEQ_EXP":1967.8,"AUTOMO_VA":8134.33,"AUTOMO_EXP":16007.25,"OTRTRA_VA":45.68,"OTRTRA_EXP":44.27,"TRANSP_VA":371.73,"TRANSP_EXP":784.55,"OTRMAN_VA":3650.97,"OTRMAN_EXP":2308.42,"ELEGAS_VA":4499.29,"ELEGAS_EXP":49.59,"AGUBAS_VA":850.06,"AGUBAS_EXP":1.18,"CONSTR_VA":17001.65,"CONSTR_EXP":0.11,"COMREV_VA":67221.18,"COMREV_EXP":11075.66,"TRATIE_VA":18133.92,"TRATIE_EXP":3686.11,"TRAGUA_VA":492.49,"TRAGUA_EXP":157.75,"TRAAIR_VA":358.98,"TRAAIR_EXP":533.35,"ALMSTR_VA":1764.79,"ALMSTR_EXP":573.31,"POSTME_VA":313.05,"POSTME_EXP":8.89,"HOTYRE_VA":11267.13,"HOTYRE_EXP":2455.22,"MMTVRA_VA":1195.27,"MMTVRA_EXP":314.44,"TELECO_VA":3654.73,"TELECO_EXP":153.7,"ITSERV_VA":659.51,"ITSERV_EXP":19.84,"SERFIN_VA":13016.82,"SERFIN_EXP":883.94,"GOBEST_VA":58529.49,"GOBEST_EXP":382.38,"SPRSCT_VA":5801.31,"SPRSCT_EXP":149.35,"SEAEMP_VA":13164.72,"SEAEMP_EXP":164.27,"ADPDEF_VA":10382.08,"ADPDEF_EXP":3.74,"EDUCAC_VA":11188.71,"EDUCAC_EXP":177.88,"SALUDH_VA":6388.96,"SALUDH_EXP":96.51,"ESPARC_VA":2306.67,"ESPARC_EXP":286.8,"OTRSER_VA":5114.57,"OTRSER_EXP":117.55,"SERHOG_VA":1810.82,"SERHOG_EXP":0.0}},{"type":"Feature","geometry":{"type":"Point","coordinates":[14.38,35.94]},"properties":{"id":"MLT","name":"Malta","continent":"europe","year":1995,"AGRPFO_VA":76.06,"AGRPFO_EXP":4.65,"FORLOG_VA":0.0,"FORLOG_EXP":0.0,"PESCAC_VA":8.4,"PESCAC_EXP":11.39,"MINCOL_VA":0.0,"MINCOL_EXP":0.0,"PETGAS_VA":1.03,"PETGAS_EXP":0.59,"MINORE_VA":0.35,"MINORE_EXP":0.07,"MINOTH_VA":7.6,"MINOTH_EXP":0.26,"MINSER_VA":8.01,"MINSER_EXP":0.62,"ALYBEB_VA":103.56,"ALYBEB_EXP":55.49,"TEXYPR_VA":120.58,"TEXYPR_EXP":100.54,"MADYPR_VA":3.18,"MADYPR_EXP":0.3,"PAPYPR_VA":44.59,"PAPYPR_EXP":36.55,"PETREF_VA":0.19,"PETREF_EXP":0.12,"QUIMYP_VA":12.28,"QUIMYP_EXP":9.94,"FARMED_VA":55.48,"FARMED_EXP":19.13,"HUPLAS_VA":40.75,"HUPLAS_EXP":47.85,"PRNOMT_VA":25.27,"PRNOMT_EXP":4.46,"METBAS_VA":0.35,"METBAS_EXP":0.06,"NONFER_VA":0.23,"NONFER_EXP":0.12,"PRMETA_VA":25.28,"PRMETA_EXP":8.39,"ELCTRO_VA":49.55,"ELCTRO_EXP":354.65,"ELCTRI_VA":19.19,"ELCTRI_EXP":19.06,"MAQYEQ_VA":17.42,"MAQYEQ_EXP":11.03,"AUTOMO_VA":29.4,"AUTOMO_EXP":2.19,"OTRTRA_VA":4.23,"OTRTRA_EXP":4.95,"TRANSP_VA":8.68,"TRANSP_EXP":6.57,"OTRMAN_VA":152.61,"OTRMAN_EXP":118.72,"ELEGAS_VA":5.33,"ELEGAS_EXP":3.79,"AGUBAS_VA":53.2,"AGUBAS_EXP":0.26,"CONSTR_VA":220.54,"CONSTR_EXP":0.01,"COMREV_VA":501.07,"COMREV_EXP":132.94,"TRATIE_VA":67.34,"TRATIE_EXP":36.96,"TRAGUA_VA":8.73,"TRAGUA_EXP":20.78,"TRAAIR_VA":36.2,"TRAAIR_EXP":93.42,"ALMSTR_VA":173.61,"ALMSTR_EXP":114.08,"POSTME_VA":11.91,"POSTME_EXP":3.41,"HOTYRE_VA":228.86,"HOTYRE_EXP":332.53,"MMTVRA_VA":17.16,"MMTVRA_EXP":4.58,"TELECO_VA":68.26,"TELECO_EXP":21.0,"ITSERV_VA":33.81,"ITSERV_EXP":7.66,"SERFIN_VA":80.91,"SERFIN_EXP":108.96,"GOBEST_VA":221.14,"GOBEST_EXP":24.28,"SPRSCT_VA":98.68,"SPRSCT_EXP":69.38,"SEAEMP_VA":111.71,"SEAEMP_EXP":64.76,"ADPDEF_VA":250.96,"ADPDEF_EXP":6.17,"EDUCAC_VA":171.16,"EDUCAC_EXP":12.84,"SALUDH_VA":140.56,"SALUDH_EXP":11.81,"ESPARC_VA":48.33,"ESPARC_EXP":43.21,"OTRSER_VA":48.19,"OTRSER_EXP":9.97,"SERHOG_VA":9.94,"SERHOG_EXP":0.0}},{"type":"Feature","geometry":{"type":"Point","coordinates":[95.96,21.91]},"properties":{"id":"MMR","name":"Myanmar","continent":"asia","year":1995,"AGRPFO_VA":2610.5,"AGRPFO_EXP":215.11,"FORLOG_VA":63.12,"FORLOG_EXP":41.84,"PESCAC_VA":420.83,"PESCAC_EXP":37.62,"MINCOL_VA":0.35,"MINCOL_EXP":0.04,"PETGAS_VA":169.19,"PETGAS_EXP":300.17,"MINORE_VA":43.24,"MINORE_EXP":2.84,"MINOTH_VA":30.88,"MINOTH_EXP":22.16,"MINSER_VA":1.59,"MINSER_EXP":0.68,"ALYBEB_VA":348.2,"ALYBEB_EXP":167.25,"TEXYPR_VA":211.27,"TEXYPR_EXP":168.05,"MADYPR_VA":32.79,"MADYPR_EXP":12.15,"PAPYPR_VA":31.57,"PAPYPR_EXP":3.6,"PETREF_VA":44.74,"PETREF_EXP":12.1,"QUIMYP_VA":38.96,"QUIMYP_EXP":2.74,"FARMED_VA":18.87,"FARMED_EXP":0.27,"HUPLAS_VA":24.21,"HUPLAS_EXP":1.88,"PRNOMT_VA":41.36,"PRNOMT_EXP":0.85,"METBAS_VA":21.72,"METBAS_EXP":0.14,"NONFER_VA":19.0,"NONFER_EXP":0.59,"PRMETA_VA":31.31,"PRMETA_EXP":2.15,"ELCTRO_VA":32.18,"ELCTRO_EXP":4.28,"ELCTRI_VA":22.23,"ELCTRI_EXP":5.26,"MAQYEQ_VA":25.56,"MAQYEQ_EXP":8.06,"AUTOMO_VA":43.43,"AUTOMO_EXP":0.87,"OTRTRA_VA":5.66,"OTRTRA_EXP":0.08,"TRANSP_VA":6.29,"TRANSP_EXP":4.27,"OTRMAN_VA":56.22,"OTRMAN_EXP":6.14,"ELEGAS_VA":29.34,"ELEGAS_EXP":1.89,"AGUBAS_VA":6.8,"AGUBAS_EXP":0.08,"CONSTR_VA":206.16,"CONSTR_EXP":0.9,"COMREV_VA":522.17,"COMREV_EXP":61.74,"TRATIE_VA":118.02,"TRATIE_EXP":9.82,"TRAGUA_VA":40.67,"TRAGUA_EXP":16.28,"TRAAIR_VA":28.79,"TRAAIR_EXP":14.79,"ALMSTR_VA":41.88,"ALMSTR_EXP":14.15,"POSTME_VA":7.57,"POSTME_EXP":0.05,"HOTYRE_VA":146.58,"HOTYRE_EXP":10.89,"MMTVRA_VA":30.48,"MMTVRA_EXP":0.88,"TELECO_VA":90.62,"TELECO_EXP":0.29,"ITSERV_VA":20.67,"ITSERV_EXP":0.96,"SERFIN_VA":159.06,"SERFIN_EXP":1.47,"GOBEST_VA":200.16,"GOBEST_EXP":3.03,"SPRSCT_VA":112.21,"SPRSCT_EXP":27.64,"SEAEMP_VA":70.33,"SEAEMP_EXP":14.71,"ADPDEF_VA":233.24,"ADPDEF_EXP":0.25,"EDUCAC_VA":130.63,"EDUCAC_EXP":0.73,"SALUDH_VA":157.51,"SALUDH_EXP":0.44,"ESPARC_VA":30.33,"ESPARC_EXP":0.97,"OTRSER_VA":53.71,"OTRSER_EXP":0.62,"SERHOG_VA":0.0,"SERHOG_EXP":0.0}},{"type":"Feature","geometry":{"type":"Point","coordinates":[101.98,4.21]},"properties":{"id":"MYS","name":"Malasia","continent":"asia","year":1995,"AGRPFO_VA":6528.1,"AGRPFO_EXP":2346.25,"FORLOG_VA":859.37,"FORLOG_EXP":1178.76,"PESCAC_VA":906.81,"PESCAC_EXP":61.04,"MINCOL_VA":3256.97,"MINCOL_EXP":64.84,"PETGAS_VA":4661.53,"PETGAS_EXP":3933.85,"MINORE_VA":131.21,"MINORE_EXP":59.27,"MINOTH_VA":474.89,"MINOTH_EXP":31.58,"MINSER_VA":576.46,"MINSER_EXP":121.06,"ALYBEB_VA":1351.44,"ALYBEB_EXP":5267.73,"TEXYPR_VA":305.12,"TEXYPR_EXP":1389.2,"MADYPR_VA":444.54,"MADYPR_EXP":1736.83,"PAPYPR_VA":538.58,"PAPYPR_EXP":334.5,"PETREF_VA":2547.82,"PETREF_EXP":1359.66,"QUIMYP_VA":1612.8,"QUIMYP_EXP":2377.15,"FARMED_VA":117.38,"FARMED_EXP":72.11,"HUPLAS_VA":1041.62,"HUPLAS_EXP":2395.39,"PRNOMT_VA":568.46,"PRNOMT_EXP":381.99,"METBAS_VA":282.56,"METBAS_EXP":475.02,"NONFER_VA":206.21,"NONFER_EXP":724.41,"PRMETA_VA":643.28,"PRMETA_EXP":666.59,"ELCTRO_VA":4028.85,"ELCTRO_EXP":21234.76,"ELCTRI_VA":272.59,"ELCTRI_EXP":2258.72,"MAQYEQ_VA":479.13,"MAQYEQ_EXP":1829.26,"AUTOMO_VA":1403.37,"AUTOMO_EXP":189.51,"OTRTRA_VA":144.16,"OTRTRA_EXP":1468.39,"TRANSP_VA":136.32,"TRANSP_EXP":577.73,"OTRMAN_VA":658.65,"OTRMAN_EXP":838.31,"ELEGAS_VA":1777.63,"ELEGAS_EXP":64.19,"AGUBAS_VA":616.44,"AGUBAS_EXP":24.46,"CONSTR_VA":2852.49,"CONSTR_EXP":7.58,"COMREV_VA":18303.82,"COMREV_EXP":5387.5,"TRATIE_VA":805.24,"TRATIE_EXP":924.71,"TRAGUA_VA":482.15,"TRAGUA_EXP":1071.91,"TRAAIR_VA":405.31,"TRAAIR_EXP":1676.98,"ALMSTR_VA":917.55,"ALMSTR_EXP":740.12,"POSTME_VA":119.98,"POSTME_EXP":289.28,"HOTYRE_VA":2530.46,"HOTYRE_EXP":2796.45,"MMTVRA_VA":396.95,"MMTVRA_EXP":275.52,"TELECO_VA":1900.77,"TELECO_EXP":485.37,"ITSERV_VA":934.51,"ITSERV_EXP":1018.32,"SERFIN_VA":6422.48,"SERFIN_EXP":1578.72,"GOBEST_VA":2474.68,"GOBEST_EXP":660.26,"SPRSCT_VA":1700.44,"SPRSCT_EXP":1847.81,"SEAEMP_VA":872.32,"SEAEMP_EXP":901.96,"ADPDEF_VA":6444.41,"ADPDEF_EXP":248.05,"EDUCAC_VA":2858.73,"EDUCAC_EXP":158.78,"SALUDH_VA":806.46,"SALUDH_EXP":96.03,"ESPARC_VA":525.95,"ESPARC_EXP":308.39,"OTRSER_VA":182.24,"OTRSER_EXP":118.09,"SERHOG_VA":93.17,"SERHOG_EXP":0.0}},{"type":"Feature","geometry":{"type":"Point","coordinates":[8.68,9.08]},"properties":{"id":"NGA","name":"Nigeria","continent":"other","year":1995,"AGRPFO_VA":12782.78,"AGRPFO_EXP":360.7,"FORLOG_VA":136.86,"FORLOG_EXP":24.59,"PESCAC_VA":244.7,"PESCAC_EXP":0.36,"MINCOL_VA":24.32,"MINCOL_EXP":0.2,"PETGAS_VA":7398.05,"PETGAS_EXP":9255.2,"MINORE_VA":9.29,"MINORE_EXP":1.29,"MINOTH_VA":35.02,"MINOTH_EXP":6.48,"MINSER_VA":6.67,"MINSER_EXP":4.3,"ALYBEB_VA":4151.73,"ALYBEB_EXP":266.98,"TEXYPR_VA":642.82,"TEXYPR_EXP":401.68,"MADYPR_VA":251.96,"MADYPR_EXP":29.2,"PAPYPR_VA":74.15,"PAPYPR_EXP":0.8,"PETREF_VA":111.11,"PETREF_EXP":225.7,"QUIMYP_VA":106.38,"QUIMYP_EXP":38.89,"FARMED_VA":20.47,"FARMED_EXP":0.52,"HUPLAS_VA":74.48,"HUPLAS_EXP":36.82,"PRNOMT_VA":452.57,"PRNOMT_EXP":1.7,"METBAS_VA":13.04,"METBAS_EXP":10.42,"NONFER_VA":133.23,"NONFER_EXP":38.18,"PRMETA_VA":22.17,"PRMETA_EXP":12.37,"ELCTRO_VA":31.01,"ELCTRO_EXP":2.59,"ELCTRI_VA":4.87,"ELCTRI_EXP":2.06,"MAQYEQ_VA":23.08,"MAQYEQ_EXP":18.51,"AUTOMO_VA":45.82,"AUTOMO_EXP":4.91,"OTRTRA_VA":30.91,"OTRTRA_EXP":3.59,"TRANSP_VA":0.5,"TRANSP_EXP":0.27,"OTRMAN_VA":231.44,"OTRMAN_EXP":6.86,"ELEGAS_VA":52.51,"ELEGAS_EXP":9.54,"AGUBAS_VA":103.2,"AGUBAS_EXP":0.15,"CONSTR_VA":987.91,"CONSTR_EXP":0.59,"COMREV_VA":7760.98,"COMREV_EXP":569.43,"TRATIE_VA":973.43,"TRATIE_EXP":332.11,"TRAGUA_VA":64.05,"TRAGUA_EXP":46.08,"TRAAIR_VA":78.43,"TRAAIR_EXP":201.07,"ALMSTR_VA":147.41,"ALMSTR_EXP":47.97,"POSTME_VA":35.92,"POSTME_EXP":39.26,"HOTYRE_VA":233.68,"HOTYRE_EXP":1.85,"MMTVRA_VA":1431.29,"MMTVRA_EXP":14.93,"TELECO_VA":2238.03,"TELECO_EXP":19.91,"ITSERV_VA":805.02,"ITSERV_EXP":27.06,"SERFIN_VA":1398.65,"SERFIN_EXP":26.49,"GOBEST_VA":2944.86,"GOBEST_EXP":18.11,"SPRSCT_VA":1024.04,"SPRSCT_EXP":15.24,"SEAEMP_VA":7.66,"SEAEMP_EXP":1.31,"ADPDEF_VA":447.9,"ADPDEF_EXP":0.11,"EDUCAC_VA":826.14,"EDUCAC_EXP":0.1,"SALUDH_VA":398.31,"SALUDH_EXP":0.09,"ESPARC_VA":40.84,"ESPARC_EXP":0.23,"OTRSER_VA":621.96,"OTRSER_EXP":0.59,"SERHOG_VA":154.0,"SERHOG_EXP":0.0}},{"type":"Feature","geometry":{"type":"Point","coordinates":[5.29,52.13]},"properties":{"id":"NLD","name":"Países Bajos","continent":"europe","year":1995,"AGRPFO_VA":13747.72,"AGRPFO_EXP":12022.46,"FORLOG_VA":106.29,"FORLOG_EXP":108.66,"PESCAC_VA":511.15,"PESCAC_EXP":465.32,"MINCOL_VA":0.0,"MINCOL_EXP":0.0,"PETGAS_VA":9178.98,"PETGAS_EXP":3721.17,"MINORE_VA":0.0,"MINORE_EXP":0.0,"MINOTH_VA":321.81,"MINOTH_EXP":319.28,"MINSER_VA":1777.74,"MINSER_EXP":1298.38,"ALYBEB_VA":12432.55,"ALYBEB_EXP":26050.49,"TEXYPR_VA":1759.23,"TEXYPR_EXP":2642.16,"MADYPR_VA":1003.1,"MADYPR_EXP":658.57,"PAPYPR_VA":5194.46,"PAPYPR_EXP":3913.06,"PETREF_VA":509.96,"PETREF_EXP":5615.41,"QUIMYP_VA":9310.68,"QUIMYP_EXP":22677.25,"FARMED_VA":2333.62,"FARMED_EXP":3071.28,"HUPLAS_VA":2547.59,"HUPLAS_EXP":3489.98,"PRNOMT_VA":2941.42,"PRNOMT_EXP":1613.12,"METBAS_VA":2001.5,"METBAS_EXP":1714.81,"NONFER_VA":692.73,"NONFER_EXP":1523.75,"PRMETA_VA":5709.5,"PRMETA_EXP":6741.96,"ELCTRO_VA":4463.17,"ELCTRO_EXP":7152.72,"ELCTRI_VA":3973.23,"ELCTRI_EXP":5760.4,"MAQYEQ_VA":4543.11,"MAQYEQ_EXP":9548.4,"AUTOMO_VA":1785.35,"AUTOMO_EXP":2666.22,"OTRTRA_VA":872.35,"OTRTRA_EXP":822.82,"TRANSP_VA":506.86,"TRANSP_EXP":406.65,"OTRMAN_VA":5323.62,"OTRMAN_EXP":4137.73,"ELEGAS_VA":6041.74,"ELEGAS_EXP":258.87,"AGUBAS_VA":2517.52,"AGUBAS_EXP":346.9,"CONSTR_VA":21718.94,"CONSTR_EXP":186.41,"COMREV_VA":52308.48,"COMREV_EXP":25275.1,"TRATIE_VA":10458.31,"TRATIE_EXP":5202.09,"TRAGUA_VA":1777.67,"TRAGUA_EXP":2492.75,"TRAAIR_VA":2651.74,"TRAAIR_EXP":4626.64,"ALMSTR_VA":4984.56,"ALMSTR_EXP":3737.5,"POSTME_VA":2821.63,"POSTME_EXP":1225.62,"HOTYRE_VA":7511.27,"HOTYRE_EXP":2346.1,"MMTVRA_VA":4210.47,"MMTVRA_EXP":1967.47,"TELECO_VA":5186.58,"TELECO_EXP":490.01,"ITSERV_VA":3651.46,"ITSERV_EXP":1938.71,"SERFIN_VA":30947.82,"SERFIN_EXP":4945.95,"GOBEST_VA":31662.32,"GOBEST_EXP":322.26,"SPRSCT_VA":28616.0,"SPRSCT_EXP":11277.9,"SEAEMP_VA":16998.66,"SEAEMP_EXP":4770.2,"ADPDEF_VA":34621.75,"ADPDEF_EXP":725.05,"EDUCAC_VA":20826.47,"EDUCAC_EXP":446.87,"SALUDH_VA":27247.84,"SALUDH_EXP":159.2,"ESPARC_VA":4183.72,"ESPARC_EXP":540.21,"OTRSER_VA":5535.43,"OTRSER_EXP":188.3,"SERHOG_VA":32.52,"SERHOG_EXP":0.0}},{"type":"Feature","geometry":{"type":"Point","coordinates":[8.47,60.47]},"properties":{"id":"NOR","name":"Noruega","continent":"europe","year":1995,"AGRPFO_VA":1922.29,"AGRPFO_EXP":52.13,"FORLOG_VA":890.98,"FORLOG_EXP":16.68,"PESCAC_VA":1324.63,"PESCAC_EXP":849.29,"MINCOL_VA":74.36,"MINCOL_EXP":38.88,"PETGAS_VA":17292.41,"PETGAS_EXP":18699.34,"MINORE_VA":17.93,"MINORE_EXP":23.36,"MINOTH_VA":121.46,"MINOTH_EXP":161.34,"MINSER_VA":510.67,"MINSER_EXP":28.8,"ALYBEB_VA":2835.81,"ALYBEB_EXP":1854.07,"TEXYPR_VA":368.52,"TEXYPR_EXP":154.26,"MADYPR_VA":709.0,"MADYPR_EXP":212.19,"PAPYPR_VA":1885.02,"PAPYPR_EXP":1081.95,"PETREF_VA":308.06,"PETREF_EXP":1642.27,"QUIMYP_VA":936.46,"QUIMYP_EXP":1527.75,"FARMED_VA":304.98,"FARMED_EXP":146.35,"HUPLAS_VA":403.22,"HUPLAS_EXP":190.33,"PRNOMT_VA":627.75,"PRNOMT_EXP":197.99,"METBAS_VA":683.16,"METBAS_EXP":721.96,"NONFER_VA":975.73,"NONFER_EXP":2263.25,"PRMETA_VA":1040.38,"PRMETA_EXP":420.23,"ELCTRO_VA":922.59,"ELCTRO_EXP":923.76,"ELCTRI_VA":682.12,"ELCTRI_EXP":385.26,"MAQYEQ_VA":1247.04,"MAQYEQ_EXP":892.85,"AUTOMO_VA":280.46,"AUTOMO_EXP":293.69,"OTRTRA_VA":1412.29,"OTRTRA_EXP":727.63,"TRANSP_VA":45.67,"TRANSP_EXP":52.0,"OTRMAN_VA":1503.59,"OTRMAN_EXP":1013.21,"ELEGAS_VA":3700.54,"ELEGAS_EXP":156.28,"AGUBAS_VA":941.34,"AGUBAS_EXP":15.56,"CONSTR_VA":6014.0,"CONSTR_EXP":95.79,"COMREV_VA":14671.45,"COMREV_EXP":3473.19,"TRATIE_VA":4893.28,"TRATIE_EXP":1453.74,"TRAGUA_VA":3197.87,"TRAGUA_EXP":6595.82,"TRAAIR_VA":784.67,"TRAAIR_EXP":343.91,"ALMSTR_VA":1662.36,"ALMSTR_EXP":684.32,"POSTME_VA":1152.78,"POSTME_EXP":44.83,"HOTYRE_VA":2231.89,"HOTYRE_EXP":834.13,"MMTVRA_VA":2086.95,"MMTVRA_EXP":222.65,"TELECO_VA":1891.41,"TELECO_EXP":211.46,"ITSERV_VA":1034.52,"ITSERV_EXP":395.77,"SERFIN_VA":5904.07,"SERFIN_EXP":720.51,"GOBEST_VA":7702.42,"GOBEST_EXP":163.52,"SPRSCT_VA":4763.08,"SPRSCT_EXP":1448.31,"SEAEMP_VA":1911.45,"SEAEMP_EXP":582.09,"ADPDEF_VA":10523.14,"ADPDEF_EXP":11.29,"EDUCAC_VA":7131.04,"EDUCAC_EXP":55.84,"SALUDH_VA":11575.97,"SALUDH_EXP":49.8,"ESPARC_VA":1887.54,"ESPARC_EXP":118.93,"OTRSER_VA":1295.96,"OTRSER_EXP":39.88,"SERHOG_VA":145.32,"SERHOG_EXP":0.0}},{"type":"Feature","geometry":{"type":"Point","coordinates":[174.89,-40.9]},"properties":{"id":"NZL","name":"Nueva Zelanda","continent":"other","year":1995,"AGRPFO_VA":2857.32,"AGRPFO_EXP":693.43,"FORLOG_VA":664.62,"FORLOG_EXP":372.84,"PESCAC_VA":560.34,"PESCAC_EXP":104.96,"MINCOL_VA":13.23,"MINCOL_EXP":12.41,"PETGAS_VA":171.99,"PETGAS_EXP":49.95,"MINORE_VA":442.41,"MINORE_EXP":178.34,"MINOTH_VA":69.66,"MINOTH_EXP":9.33,"MINSER_VA":54.74,"MINSER_EXP":5.89,"ALYBEB_VA":3293.5,"ALYBEB_EXP":3942.98,"TEXYPR_VA":679.4,"TEXYPR_EXP":638.83,"MADYPR_VA":579.83,"MADYPR_EXP":412.28,"PAPYPR_VA":1205.49,"PAPYPR_EXP":567.65,"PETREF_VA":1027.22,"PETREF_EXP":172.76,"QUIMYP_VA":526.02,"QUIMYP_EXP":482.26,"FARMED_VA":59.22,"FARMED_EXP":49.24,"HUPLAS_VA":595.82,"HUPLAS_EXP":221.6,"PRNOMT_VA":403.85,"PRNOMT_EXP":36.19,"METBAS_VA":116.28,"METBAS_EXP":162.89,"NONFER_VA":281.11,"NONFER_EXP":642.98,"PRMETA_VA":752.42,"PRMETA_EXP":253.32,"ELCTRO_VA":111.36,"ELCTRO_EXP":107.82,"ELCTRI_VA":269.38,"ELCTRI_EXP":283.21,"MAQYEQ_VA":576.6,"MAQYEQ_EXP":253.78,"AUTOMO_VA":101.91,"AUTOMO_EXP":33.66,"OTRTRA_VA":69.57,"OTRTRA_EXP":42.87,"TRANSP_VA":277.2,"TRANSP_EXP":51.22,"OTRMAN_VA":314.33,"OTRMAN_EXP":137.6,"ELEGAS_VA":1433.18,"ELEGAS_EXP":98.96,"AGUBAS_VA":283.02,"AGUBAS_EXP":6.86,"CONSTR_VA":2709.8,"CONSTR_EXP":13.45,"COMREV_VA":6623.18,"COMREV_EXP":2609.89,"TRATIE_VA":1215.9,"TRATIE_EXP":267.2,"TRAGUA_VA":198.08,"TRAGUA_EXP":58.9,"TRAAIR_VA":346.97,"TRAAIR_EXP":1063.89,"ALMSTR_VA":1069.98,"ALMSTR_EXP":292.51,"POSTME_VA":454.76,"POSTME_EXP":59.61,"HOTYRE_VA":1324.63,"HOTYRE_EXP":648.54,"MMTVRA_VA":802.96,"MMTVRA_EXP":120.32,"TELECO_VA":893.81,"TELECO_EXP":191.51,"ITSERV_VA":800.27,"ITSERV_EXP":65.23,"SERFIN_VA":2558.49,"SERFIN_EXP":136.71,"GOBEST_VA":6537.29,"GOBEST_EXP":123.22,"SPRSCT_VA":3451.03,"SPRSCT_EXP":311.77,"SEAEMP_VA":788.46,"SEAEMP_EXP":672.43,"ADPDEF_VA":2451.9,"ADPDEF_EXP":19.49,"EDUCAC_VA":2474.43,"EDUCAC_EXP":88.77,"SALUDH_VA":2700.89,"SALUDH_EXP":24.85,"ESPARC_VA":896.13,"ESPARC_EXP":252.57,"OTRSER_VA":1404.78,"OTRSER_EXP":33.7,"SERHOG_VA":0.0,"SERHOG_EXP":0.0}},{"type":"Feature","geometry":{"type":"Point","coordinates":[69.35,30.38]},"properties":{"id":"PAK","name":"Pakistán","continent":"asia","year":1995,"AGRPFO_VA":15581.69,"AGRPFO_EXP":238.05,"FORLOG_VA":641.72,"FORLOG_EXP":2.38,"PESCAC_VA":363.6,"PESCAC_EXP":8.28,"MINCOL_VA":48.62,"MINCOL_EXP":0.74,"PETGAS_VA":1027.58,"PETGAS_EXP":13.48,"MINORE_VA":47.91,"MINORE_EXP":9.25,"MINOTH_VA":61.0,"MINOTH_EXP":8.05,"MINSER_VA":65.01,"MINSER_EXP":1.38,"ALYBEB_VA":2459.26,"ALYBEB_EXP":616.09,"TEXYPR_VA":3537.11,"TEXYPR_EXP":4381.54,"MADYPR_VA":266.26,"MADYPR_EXP":6.84,"PAPYPR_VA":570.87,"PAPYPR_EXP":6.04,"PETREF_VA":598.54,"PETREF_EXP":30.22,"QUIMYP_VA":701.55,"QUIMYP_EXP":46.89,"FARMED_VA":258.96,"FARMED_EXP":8.73,"HUPLAS_VA":324.93,"HUPLAS_EXP":18.69,"PRNOMT_VA":544.0,"PRNOMT_EXP":16.56,"METBAS_VA":297.21,"METBAS_EXP":3.79,"NONFER_VA":210.44,"NONFER_EXP":1.51,"PRMETA_VA":405.15,"PRMETA_EXP":49.64,"ELCTRO_VA":388.1,"ELCTRO_EXP":11.06,"ELCTRI_VA":265.57,"ELCTRI_EXP":7.38,"MAQYEQ_VA":398.68,"MAQYEQ_EXP":10.19,"AUTOMO_VA":633.29,"AUTOMO_EXP":4.91,"OTRTRA_VA":79.98,"OTRTRA_EXP":0.09,"TRANSP_VA":91.03,"TRANSP_EXP":1.67,"OTRMAN_VA":295.15,"OTRMAN_EXP":174.31,"ELEGAS_VA":1853.38,"ELEGAS_EXP":3.43,"AGUBAS_VA":423.71,"AGUBAS_EXP":1.91,"CONSTR_VA":1896.31,"CONSTR_EXP":6.56,"COMREV_VA":6604.33,"COMREV_EXP":889.79,"TRATIE_VA":1631.12,"TRATIE_EXP":87.2,"TRAGUA_VA":440.6,"TRAGUA_EXP":332.44,"TRAAIR_VA":326.23,"TRAAIR_EXP":177.92,"ALMSTR_VA":545.62,"ALMSTR_EXP":53.95,"POSTME_VA":141.52,"POSTME_EXP":0.92,"HOTYRE_VA":1683.15,"HOTYRE_EXP":39.34,"MMTVRA_VA":574.05,"MMTVRA_EXP":62.47,"TELECO_VA":1242.77,"TELECO_EXP":240.62,"ITSERV_VA":339.27,"ITSERV_EXP":119.63,"SERFIN_VA":2434.94,"SERFIN_EXP":104.22,"GOBEST_VA":3265.21,"GOBEST_EXP":13.33,"SPRSCT_VA":1783.02,"SPRSCT_EXP":263.32,"SEAEMP_VA":1070.28,"SEAEMP_EXP":112.87,"ADPDEF_VA":3491.56,"ADPDEF_EXP":2.35,"EDUCAC_VA":1584.26,"EDUCAC_EXP":3.59,"SALUDH_VA":2500.56,"SALUDH_EXP":2.66,"ESPARC_VA":495.79,"ESPARC_EXP":9.8,"OTRSER_VA":889.11,"OTRSER_EXP":5.92,"SERHOG_VA":411.27,"SERHOG_EXP":0.0}},{"type":"Feature","geometry":{"type":"Point","coordinates":[-75.02,-9.19]},"properties":{"id":"PER","name":"Perú","continent":"america","year":1995,"AGRPFO_VA":2887.17,"AGRPFO_EXP":212.29,"FORLOG_VA":135.6,"FORLOG_EXP":10.85,"PESCAC_VA":382.98,"PESCAC_EXP":6.33,"MINCOL_VA":77.45,"MINCOL_EXP":0.05,"PETGAS_VA":919.22,"PETGAS_EXP":517.9,"MINORE_VA":5860.65,"MINORE_EXP":1306.15,"MINOTH_VA":193.85,"MINOTH_EXP":6.0,"MINSER_VA":584.37,"MINSER_EXP":0.06,"ALYBEB_VA":2080.44,"ALYBEB_EXP":1025.36,"TEXYPR_VA":1172.56,"TEXYPR_EXP":361.75,"MADYPR_VA":262.37,"MADYPR_EXP":20.18,"PAPYPR_VA":484.21,"PAPYPR_EXP":5.11,"PETREF_VA":376.1,"PETREF_EXP":217.43,"QUIMYP_VA":498.88,"QUIMYP_EXP":108.75,"FARMED_VA":152.08,"FARMED_EXP":15.91,"HUPLAS_VA":310.24,"HUPLAS_EXP":11.28,"PRNOMT_VA":512.12,"PRNOMT_EXP":18.15,"METBAS_VA":92.58,"METBAS_EXP":14.61,"NONFER_VA":1037.87,"NONFER_EXP":1196.58,"PRMETA_VA":311.76,"PRMETA_EXP":35.21,"ELCTRO_VA":19.36,"ELCTRO_EXP":4.06,"ELCTRI_VA":14.46,"ELCTRI_EXP":8.44,"MAQYEQ_VA":213.76,"MAQYEQ_EXP":16.78,"AUTOMO_VA":118.61,"AUTOMO_EXP":9.3,"OTRTRA_VA":7.4,"OTRTRA_EXP":0.23,"TRANSP_VA":44.0,"TRANSP_EXP":1.68,"OTRMAN_VA":1191.31,"OTRMAN_EXP":92.14,"ELEGAS_VA":863.48,"ELEGAS_EXP":1.7,"AGUBAS_VA":209.73,"AGUBAS_EXP":0.51,"CONSTR_VA":3082.97,"CONSTR_EXP":0.39,"COMREV_VA":5276.1,"COMREV_EXP":491.45,"TRATIE_VA":1855.77,"TRATIE_EXP":172.9,"TRAGUA_VA":45.1,"TRAGUA_EXP":37.26,"TRAAIR_VA":134.85,"TRAAIR_EXP":90.96,"ALMSTR_VA":550.39,"ALMSTR_EXP":52.09,"POSTME_VA":63.61,"POSTME_EXP":9.33,"HOTYRE_VA":1605.33,"HOTYRE_EXP":174.08,"MMTVRA_VA":270.26,"MMTVRA_EXP":17.14,"TELECO_VA":953.01,"TELECO_EXP":79.95,"ITSERV_VA":142.81,"ITSERV_EXP":5.04,"SERFIN_VA":1694.41,"SERFIN_EXP":58.23,"GOBEST_VA":2475.83,"GOBEST_EXP":18.12,"SPRSCT_VA":1440.71,"SPRSCT_EXP":39.2,"SEAEMP_VA":1122.91,"SEAEMP_EXP":21.3,"ADPDEF_VA":2205.19,"ADPDEF_EXP":35.89,"EDUCAC_VA":2437.44,"EDUCAC_EXP":8.98,"SALUDH_VA":1164.6,"SALUDH_EXP":7.52,"ESPARC_VA":301.71,"ESPARC_EXP":35.92,"OTRSER_VA":571.2,"OTRSER_EXP":13.14,"SERHOG_VA":1085.26,"SERHOG_EXP":0.0}},{"type":"Feature","geometry":{"type":"Point","coordinates":[121.77,12.88]},"properties":{"id":"PHL","name":"Filipinas","continent":"asia","year":1995,"AGRPFO_VA":9305.24,"AGRPFO_EXP":723.32,"FORLOG_VA":731.91,"FORLOG_EXP":11.66,"PESCAC_VA":1694.21,"PESCAC_EXP":346.34,"MINCOL_VA":53.63,"MINCOL_EXP":60.2,"PETGAS_VA":333.06,"PETGAS_EXP":17.44,"MINORE_VA":351.43,"MINORE_EXP":508.85,"MINOTH_VA":137.39,"MINOTH_EXP":14.61,"MINSER_VA":25.35,"MINSER_EXP":48.72,"ALYBEB_VA":7585.93,"ALYBEB_EXP":2221.23,"TEXYPR_VA":2333.03,"TEXYPR_EXP":2836.91,"MADYPR_VA":289.83,"MADYPR_EXP":449.37,"PAPYPR_VA":394.71,"PAPYPR_EXP":281.7,"PETREF_VA":1065.44,"PETREF_EXP":421.35,"QUIMYP_VA":711.19,"QUIMYP_EXP":211.39,"FARMED_VA":304.25,"FARMED_EXP":49.24,"HUPLAS_VA":305.12,"HUPLAS_EXP":451.22,"PRNOMT_VA":440.8,"PRNOMT_EXP":227.46,"METBAS_VA":141.89,"METBAS_EXP":84.03,"NONFER_VA":210.82,"NONFER_EXP":662.14,"PRMETA_VA":237.94,"PRMETA_EXP":313.06,"ELCTRO_VA":2742.68,"ELCTRO_EXP":5182.43,"ELCTRI_VA":282.71,"ELCTRI_EXP":526.46,"MAQYEQ_VA":303.96,"MAQYEQ_EXP":98.43,"AUTOMO_VA":278.67,"AUTOMO_EXP":356.17,"OTRTRA_VA":38.09,"OTRTRA_EXP":2.97,"TRANSP_VA":115.31,"TRANSP_EXP":76.96,"OTRMAN_VA":716.22,"OTRMAN_EXP":816.33,"ELEGAS_VA":2336.17,"ELEGAS_EXP":8.44,"AGUBAS_VA":323.98,"AGUBAS_EXP":3.22,"CONSTR_VA":5640.22,"CONSTR_EXP":45.07,"COMREV_VA":12262.49,"COMREV_EXP":2970.92,"TRATIE_VA":1693.66,"TRATIE_EXP":524.3,"TRAGUA_VA":274.47,"TRAGUA_EXP":329.01,"TRAAIR_VA":224.49,"TRAAIR_EXP":241.84,"ALMSTR_VA":475.11,"ALMSTR_EXP":81.7,"POSTME_VA":29.11,"POSTME_EXP":33.92,"HOTYRE_VA":1220.0,"HOTYRE_EXP":750.04,"MMTVRA_VA":375.78,"MMTVRA_EXP":161.77,"TELECO_VA":2127.46,"TELECO_EXP":195.51,"ITSERV_VA":522.67,"ITSERV_EXP":86.08,"SERFIN_VA":4046.5,"SERFIN_EXP":404.66,"GOBEST_VA":5276.19,"GOBEST_EXP":141.5,"SPRSCT_VA":654.17,"SPRSCT_EXP":91.62,"SEAEMP_VA":906.76,"SEAEMP_EXP":142.36,"ADPDEF_VA":4128.38,"ADPDEF_EXP":8.58,"EDUCAC_VA":3440.48,"EDUCAC_EXP":32.4,"SALUDH_VA":916.65,"SALUDH_EXP":17.93,"ESPARC_VA":732.48,"ESPARC_EXP":277.9,"OTRSER_VA":898.14,"OTRSER_EXP":30.27,"SERHOG_VA":0.0,"SERHOG_EXP":0.0}},{"type":"Feature","geometry":{"type":"Point","coordinates":[19.15,51.92]},"properties":{"id":"POL","name":"Polonia","continent":"europe","year":1995,"AGRPFO_VA":6882.17,"AGRPFO_EXP":358.46,"FORLOG_VA":1128.87,"FORLOG_EXP":59.03,"PESCAC_VA":62.63,"PESCAC_EXP":9.6,"MINCOL_VA":2897.2,"MINCOL_EXP":892.09,"PETGAS_VA":20.58,"PETGAS_EXP":16.4,"MINORE_VA":1280.23,"MINORE_EXP":7.14,"MINOTH_VA":410.0,"MINOTH_EXP":67.52,"MINSER_VA":70.53,"MINSER_EXP":9.06,"ALYBEB_VA":5617.5,"ALYBEB_EXP":1729.48,"TEXYPR_VA":3546.95,"TEXYPR_EXP":2177.55,"MADYPR_VA":1016.58,"MADYPR_EXP":869.44,"PAPYPR_VA":1742.86,"PAPYPR_EXP":728.97,"PETREF_VA":980.07,"PETREF_EXP":607.89,"QUIMYP_VA":1791.56,"QUIMYP_EXP":1083.93,"FARMED_VA":582.2,"FARMED_EXP":115.85,"HUPLAS_VA":1325.23,"HUPLAS_EXP":749.42,"PRNOMT_VA":1603.78,"PRNOMT_EXP":502.81,"METBAS_VA":891.02,"METBAS_EXP":724.25,"NONFER_VA":933.99,"NONFER_EXP":965.75,"PRMETA_VA":1467.31,"PRMETA_EXP":1026.22,"ELCTRO_VA":970.98,"ELCTRO_EXP":1056.09,"ELCTRI_VA":671.0,"ELCTRI_EXP":1023.07,"MAQYEQ_VA":1620.3,"MAQYEQ_EXP":1193.9,"AUTOMO_VA":1077.73,"AUTOMO_EXP":1892.0,"OTRTRA_VA":442.43,"OTRTRA_EXP":536.41,"TRANSP_VA":251.97,"TRANSP_EXP":373.92,"OTRMAN_VA":1814.63,"OTRMAN_EXP":1496.7,"ELEGAS_VA":4173.2,"ELEGAS_EXP":101.9,"AGUBAS_VA":1007.4,"AGUBAS_EXP":3.11,"CONSTR_VA":11025.88,"CONSTR_EXP":0.02,"COMREV_VA":24197.32,"COMREV_EXP":5686.3,"TRATIE_VA":4252.36,"TRATIE_EXP":866.65,"TRAGUA_VA":175.31,"TRAGUA_EXP":86.22,"TRAAIR_VA":250.83,"TRAAIR_EXP":372.51,"ALMSTR_VA":1307.41,"ALMSTR_EXP":260.43,"POSTME_VA":750.82,"POSTME_EXP":42.32,"HOTYRE_VA":1421.84,"HOTYRE_EXP":774.37,"MMTVRA_VA":1229.9,"MMTVRA_EXP":81.75,"TELECO_VA":1783.42,"TELECO_EXP":104.6,"ITSERV_VA":293.8,"ITSERV_EXP":22.23,"SERFIN_VA":2994.45,"SERFIN_EXP":217.64,"GOBEST_VA":7318.05,"GOBEST_EXP":226.57,"SPRSCT_VA":2904.47,"SPRSCT_EXP":180.55,"SEAEMP_VA":1207.75,"SEAEMP_EXP":109.4,"ADPDEF_VA":9126.52,"ADPDEF_EXP":5.23,"EDUCAC_VA":5550.39,"EDUCAC_EXP":92.62,"SALUDH_VA":3712.67,"SALUDH_EXP":61.13,"ESPARC_VA":632.4,"ESPARC_EXP":158.17,"OTRSER_VA":3102.26,"OTRSER_EXP":70.0,"SERHOG_VA":8.63,"SERHOG_EXP":0.0}},{"type":"Feature","geometry":{"type":"Point","coordinates":[-8.22,39.4]},"properties":{"id":"PRT","name":"Portugal","continent":"europe","year":1995,"AGRPFO_VA":4576.27,"AGRPFO_EXP":184.61,"FORLOG_VA":736.64,"FORLOG_EXP":55.82,"PESCAC_VA":425.44,"PESCAC_EXP":41.8,"MINCOL_VA":0.0,"MINCOL_EXP":0.0,"PETGAS_VA":0.0,"PETGAS_EXP":0.0,"MINORE_VA":465.27,"MINORE_EXP":246.18,"MINOTH_VA":301.36,"MINOTH_EXP":50.19,"MINSER_VA":5.44,"MINSER_EXP":0.07,"ALYBEB_VA":2097.25,"ALYBEB_EXP":1255.53,"TEXYPR_VA":4833.26,"TEXYPR_EXP":5095.29,"MADYPR_VA":948.02,"MADYPR_EXP":765.73,"PAPYPR_VA":1547.09,"PAPYPR_EXP":1122.08,"PETREF_VA":127.32,"PETREF_EXP":608.15,"QUIMYP_VA":987.61,"QUIMYP_EXP":731.83,"FARMED_VA":440.21,"FARMED_EXP":105.72,"HUPLAS_VA":966.01,"HUPLAS_EXP":342.35,"PRNOMT_VA":1560.59,"PRNOMT_EXP":723.58,"METBAS_VA":206.86,"METBAS_EXP":83.17,"NONFER_VA":78.04,"NONFER_EXP":99.13,"PRMETA_VA":1563.06,"PRMETA_EXP":515.81,"ELCTRO_VA":663.92,"ELCTRO_EXP":1302.79,"ELCTRI_VA":653.97,"ELCTRI_EXP":1162.33,"MAQYEQ_VA":527.29,"MAQYEQ_EXP":767.17,"AUTOMO_VA":894.89,"AUTOMO_EXP":2034.91,"OTRTRA_VA":43.03,"OTRTRA_EXP":140.75,"TRANSP_VA":52.51,"TRANSP_EXP":103.58,"OTRMAN_VA":1291.81,"OTRMAN_EXP":890.78,"ELEGAS_VA":2294.07,"ELEGAS_EXP":63.54,"AGUBAS_VA":672.3,"AGUBAS_EXP":0.13,"CONSTR_VA":7248.53,"CONSTR_EXP":2.43,"COMREV_VA":15976.96,"COMREV_EXP":4251.11,"TRATIE_VA":1939.99,"TRATIE_EXP":933.27,"TRAGUA_VA":109.85,"TRAGUA_EXP":146.97,"TRAAIR_VA":585.3,"TRAAIR_EXP":1281.15,"ALMSTR_VA":1484.05,"ALMSTR_EXP":460.13,"POSTME_VA":262.84,"POSTME_EXP":93.04,"HOTYRE_VA":4248.08,"HOTYRE_EXP":1848.98,"MMTVRA_VA":706.44,"MMTVRA_EXP":238.15,"TELECO_VA":2344.43,"TELECO_EXP":439.72,"ITSERV_VA":629.67,"ITSERV_EXP":53.85,"SERFIN_VA":6421.1,"SERFIN_EXP":486.22,"GOBEST_VA":8093.34,"GOBEST_EXP":188.84,"SPRSCT_VA":3301.72,"SPRSCT_EXP":296.64,"SEAEMP_VA":2828.8,"SEAEMP_EXP":368.83,"ADPDEF_VA":8395.66,"ADPDEF_EXP":64.12,"EDUCAC_VA":6686.05,"EDUCAC_EXP":90.33,"SALUDH_VA":5010.2,"SALUDH_EXP":55.68,"ESPARC_VA":664.32,"ESPARC_EXP":170.76,"OTRSER_VA":888.71,"OTRSER_EXP":62.4,"SERHOG_VA":655.61,"SERHOG_EXP":0.0}},{"type":"Feature","geometry":{"type":"Point","coordinates":[24.97,45.94]},"properties":{"id":"ROU","name":"Rumania","continent":"europe","year":1995,"AGRPFO_VA":6411.34,"AGRPFO_EXP":175.69,"FORLOG_VA":137.31,"FORLOG_EXP":39.64,"PESCAC_VA":3.96,"PESCAC_EXP":0.6,"MINCOL_VA":201.01,"MINCOL_EXP":0.11,"PETGAS_VA":423.54,"PETGAS_EXP":18.57,"MINORE_VA":61.41,"MINORE_EXP":16.13,"MINOTH_VA":94.56,"MINOTH_EXP":8.28,"MINSER_VA":222.93,"MINSER_EXP":1.26,"ALYBEB_VA":2178.4,"ALYBEB_EXP":128.98,"TEXYPR_VA":1092.94,"TEXYPR_EXP":1464.81,"MADYPR_VA":267.6,"MADYPR_EXP":352.74,"PAPYPR_VA":183.76,"PAPYPR_EXP":57.84,"PETREF_VA":390.35,"PETREF_EXP":521.78,"QUIMYP_VA":549.38,"QUIMYP_EXP":473.95,"FARMED_VA":159.37,"FARMED_EXP":19.02,"HUPLAS_VA":228.12,"HUPLAS_EXP":53.9,"PRNOMT_VA":476.61,"PRNOMT_EXP":137.89,"METBAS_VA":537.95,"METBAS_EXP":672.15,"NONFER_VA":91.26,"NONFER_EXP":170.13,"PRMETA_VA":385.95,"PRMETA_EXP":141.51,"ELCTRO_VA":413.87,"ELCTRO_EXP":202.41,"ELCTRI_VA":264.87,"ELCTRI_EXP":169.37,"MAQYEQ_VA":647.64,"MAQYEQ_EXP":252.21,"AUTOMO_VA":383.77,"AUTOMO_EXP":102.24,"OTRTRA_VA":69.65,"OTRTRA_EXP":107.53,"TRANSP_VA":69.82,"TRANSP_EXP":135.76,"OTRMAN_VA":633.71,"OTRMAN_EXP":405.66,"ELEGAS_VA":1051.5,"ELEGAS_EXP":53.8,"AGUBAS_VA":193.24,"AGUBAS_EXP":0.07,"CONSTR_VA":2452.14,"CONSTR_EXP":0.27,"COMREV_VA":2666.19,"COMREV_EXP":511.57,"TRATIE_VA":1443.43,"TRATIE_EXP":494.87,"TRAGUA_VA":53.4,"TRAGUA_EXP":73.11,"TRAAIR_VA":67.27,"TRAAIR_EXP":134.68,"ALMSTR_VA":264.58,"ALMSTR_EXP":178.1,"POSTME_VA":80.04,"POSTME_EXP":20.63,"HOTYRE_VA":837.91,"HOTYRE_EXP":225.21,"MMTVRA_VA":143.49,"MMTVRA_EXP":85.05,"TELECO_VA":450.17,"TELECO_EXP":60.92,"ITSERV_VA":221.68,"ITSERV_EXP":19.1,"SERFIN_VA":2584.16,"SERFIN_EXP":110.41,"GOBEST_VA":2700.25,"GOBEST_EXP":31.93,"SPRSCT_VA":541.18,"SPRSCT_EXP":20.15,"SEAEMP_VA":165.08,"SEAEMP_EXP":9.11,"ADPDEF_VA":1035.71,"ADPDEF_EXP":1.1,"EDUCAC_VA":665.63,"EDUCAC_EXP":14.07,"SALUDH_VA":472.0,"SALUDH_EXP":7.12,"ESPARC_VA":358.59,"ESPARC_EXP":21.29,"OTRSER_VA":368.09,"OTRSER_EXP":10.31,"SERHOG_VA":362.41,"SERHOG_EXP":0.0}},{"type":"Feature","geometry":{"type":"Point","coordinates":[105.32,61.52]},"properties":{"id":"RUS","name":"Rusia","continent":"europe","year":1995,"AGRPFO_VA":9246.62,"AGRPFO_EXP":348.62,"FORLOG_VA":630.84,"FORLOG_EXP":173.5,"PESCAC_VA":645.63,"PESCAC_EXP":22.77,"MINCOL_VA":2126.7,"MINCOL_EXP":623.91,"PETGAS_VA":23675.82,"PETGAS_EXP":6463.15,"MINORE_VA":1793.72,"MINORE_EXP":572.17,"MINOTH_VA":1292.0,"MINOTH_EXP":806.65,"MINSER_VA":2584.87,"MINSER_EXP":309.54,"ALYBEB_VA":4840.54,"ALYBEB_EXP":2846.65,"TEXYPR_VA":879.73,"TEXYPR_EXP":487.54,"MADYPR_VA":747.22,"MADYPR_EXP":1246.53,"PAPYPR_VA":1231.21,"PAPYPR_EXP":2069.11,"PETREF_VA":9986.63,"PETREF_EXP":13246.97,"QUIMYP_VA":2858.63,"QUIMYP_EXP":3835.14,"FARMED_VA":444.04,"FARMED_EXP":272.37,"HUPLAS_VA":826.3,"HUPLAS_EXP":1295.95,"PRNOMT_VA":2155.16,"PRNOMT_EXP":112.67,"METBAS_VA":2616.28,"METBAS_EXP":5203.06,"NONFER_VA":5381.05,"NONFER_EXP":8027.83,"PRMETA_VA":1562.4,"PRMETA_EXP":1697.5,"ELCTRO_VA":1676.61,"ELCTRO_EXP":1922.87,"ELCTRI_VA":1139.56,"ELCTRI_EXP":1629.1,"MAQYEQ_VA":1954.0,"MAQYEQ_EXP":2771.97,"AUTOMO_VA":1509.76,"AUTOMO_EXP":1532.73,"OTRTRA_VA":915.75,"OTRTRA_EXP":876.34,"TRANSP_VA":2192.23,"TRANSP_EXP":642.51,"OTRMAN_VA":1806.12,"OTRMAN_EXP":376.48,"ELEGAS_VA":10037.43,"ELEGAS_EXP":371.3,"AGUBAS_VA":1896.27,"AGUBAS_EXP":38.07,"CONSTR_VA":25306.94,"CONSTR_EXP":25.63,"COMREV_VA":57311.04,"COMREV_EXP":12057.03,"TRATIE_VA":14238.19,"TRATIE_EXP":2995.0,"TRAGUA_VA":320.46,"TRAGUA_EXP":142.7,"TRAAIR_VA":804.27,"TRAAIR_EXP":1521.5,"ALMSTR_VA":3864.81,"ALMSTR_EXP":847.23,"POSTME_VA":567.17,"POSTME_EXP":63.84,"HOTYRE_VA":3074.92,"HOTYRE_EXP":1407.64,"MMTVRA_VA":1260.58,"MMTVRA_EXP":146.99,"TELECO_VA":5144.84,"TELECO_EXP":535.97,"ITSERV_VA":1913.28,"ITSERV_EXP":686.52,"SERFIN_VA":12245.3,"SERFIN_EXP":159.08,"GOBEST_VA":27847.57,"GOBEST_EXP":435.4,"SPRSCT_VA":12824.18,"SPRSCT_EXP":289.96,"SEAEMP_VA":5605.47,"SEAEMP_EXP":545.8,"ADPDEF_VA":22724.57,"ADPDEF_EXP":0.09,"EDUCAC_VA":9939.26,"EDUCAC_EXP":120.7,"SALUDH_VA":9693.68,"SALUDH_EXP":56.26,"ESPARC_VA":2502.5,"ESPARC_EXP":150.59,"OTRSER_VA":1407.05,"OTRSER_EXP":66.33,"SERHOG_VA":2077.66,"SERHOG_EXP":0.0}},{"type":"Feature","geometry":{"type":"Point","coordinates":[45.08,23.89]},"properties":{"id":"SAU","name":"Arabia Saudita","continent":"other","year":1995,"AGRPFO_VA":3852.59,"AGRPFO_EXP":15.33,"FORLOG_VA":5.24,"FORLOG_EXP":0.05,"PESCAC_VA":194.25,"PESCAC_EXP":1.74,"MINCOL_VA":0.0,"MINCOL_EXP":0.0,"PETGAS_VA":40186.43,"PETGAS_EXP":38995.56,"MINORE_VA":143.5,"MINORE_EXP":9.15,"MINOTH_VA":296.72,"MINOTH_EXP":19.13,"MINSER_VA":118.36,"MINSER_EXP":160.34,"ALYBEB_VA":2284.25,"ALYBEB_EXP":297.29,"TEXYPR_VA":579.18,"TEXYPR_EXP":89.97,"MADYPR_VA":161.97,"MADYPR_EXP":7.11,"PAPYPR_VA":670.04,"PAPYPR_EXP":133.14,"PETREF_VA":3628.96,"PETREF_EXP":2922.58,"QUIMYP_VA":3367.3,"QUIMYP_EXP":2305.51,"FARMED_VA":92.51,"FARMED_EXP":7.62,"HUPLAS_VA":493.6,"HUPLAS_EXP":92.78,"PRNOMT_VA":854.82,"PRNOMT_EXP":90.24,"METBAS_VA":138.64,"METBAS_EXP":130.63,"NONFER_VA":112.06,"NONFER_EXP":258.24,"PRMETA_VA":781.24,"PRMETA_EXP":147.5,"ELCTRO_VA":21.54,"ELCTRO_EXP":2.42,"ELCTRI_VA":489.24,"ELCTRI_EXP":71.99,"MAQYEQ_VA":276.95,"MAQYEQ_EXP":81.35,"AUTOMO_VA":135.77,"AUTOMO_EXP":4.15,"OTRTRA_VA":5.39,"OTRTRA_EXP":2.78,"TRANSP_VA":8.84,"TRANSP_EXP":0.63,"OTRMAN_VA":641.61,"OTRMAN_EXP":75.45,"ELEGAS_VA":1388.98,"ELEGAS_EXP":0.25,"AGUBAS_VA":453.17,"AGUBAS_EXP":1.72,"CONSTR_VA":9166.62,"CONSTR_EXP":35.59,"COMREV_VA":12479.26,"COMREV_EXP":2966.42,"TRATIE_VA":1573.41,"TRATIE_EXP":590.99,"TRAGUA_VA":133.82,"TRAGUA_EXP":84.63,"TRAAIR_VA":542.08,"TRAAIR_EXP":298.11,"ALMSTR_VA":1354.12,"ALMSTR_EXP":534.93,"POSTME_VA":167.88,"POSTME_EXP":73.74,"HOTYRE_VA":2696.16,"HOTYRE_EXP":963.16,"MMTVRA_VA":319.0,"MMTVRA_EXP":13.17,"TELECO_VA":3457.75,"TELECO_EXP":142.49,"ITSERV_VA":896.35,"ITSERV_EXP":49.75,"SERFIN_VA":5190.01,"SERFIN_EXP":163.97,"GOBEST_VA":3897.9,"GOBEST_EXP":157.3,"SPRSCT_VA":1079.35,"SPRSCT_EXP":100.4,"SEAEMP_VA":1646.97,"SEAEMP_EXP":91.57,"ADPDEF_VA":20092.66,"ADPDEF_EXP":0.14,"EDUCAC_VA":8090.95,"EDUCAC_EXP":39.09,"SALUDH_VA":4798.84,"SALUDH_EXP":24.16,"ESPARC_VA":449.31,"ESPARC_EXP":68.18,"OTRSER_VA":1085.78,"OTRSER_EXP":29.86,"SERHOG_VA":1312.43,"SERHOG_EXP":0.0}},{"type":"Feature","geometry":{"type":"Point","coordinates":[-14.45,14.5]},"properties":{"id":"SEN","name":"Senegal","continent":"other","year":1995,"AGRPFO_VA":946.78,"AGRPFO_EXP":52.07,"FORLOG_VA":28.93,"FORLOG_EXP":1.37,"PESCAC_VA":140.61,"PESCAC_EXP":37.7,"MINCOL_VA":3.45,"MINCOL_EXP":0.82,"PETGAS_VA":0.28,"PETGAS_EXP":0.1,"MINORE_VA":7.93,"MINORE_EXP":38.52,"MINOTH_VA":6.08,"MINOTH_EXP":22.5,"MINSER_VA":0.22,"MINSER_EXP":0.4,"ALYBEB_VA":695.43,"ALYBEB_EXP":131.26,"TEXYPR_VA":187.93,"TEXYPR_EXP":32.44,"MADYPR_VA":40.46,"MADYPR_EXP":1.39,"PAPYPR_VA":46.62,"PAPYPR_EXP":4.64,"PETREF_VA":11.34,"PETREF_EXP":94.25,"QUIMYP_VA":74.63,"QUIMYP_EXP":84.42,"FARMED_VA":12.95,"FARMED_EXP":1.94,"HUPLAS_VA":39.44,"HUPLAS_EXP":2.98,"PRNOMT_VA":56.11,"PRNOMT_EXP":45.31,"METBAS_VA":30.48,"METBAS_EXP":10.34,"NONFER_VA":3.41,"NONFER_EXP":20.2,"PRMETA_VA":61.33,"PRMETA_EXP":1.17,"ELCTRO_VA":0.19,"ELCTRO_EXP":0.0,"ELCTRI_VA":13.72,"ELCTRI_EXP":1.3,"MAQYEQ_VA":1.69,"MAQYEQ_EXP":0.1,"AUTOMO_VA":0.74,"AUTOMO_EXP":0.0,"OTRTRA_VA":7.21,"OTRTRA_EXP":0.33,"TRANSP_VA":18.05,"TRANSP_EXP":0.22,"OTRMAN_VA":53.27,"OTRMAN_EXP":2.11,"ELEGAS_VA":37.4,"ELEGAS_EXP":2.07,"AGUBAS_VA":20.81,"AGUBAS_EXP":0.15,"CONSTR_VA":138.66,"CONSTR_EXP":0.33,"COMREV_VA":974.25,"COMREV_EXP":105.24,"TRATIE_VA":155.67,"TRATIE_EXP":25.5,"TRAGUA_VA":2.71,"TRAGUA_EXP":1.24,"TRAAIR_VA":8.01,"TRAAIR_EXP":17.39,"ALMSTR_VA":72.46,"ALMSTR_EXP":30.65,"POSTME_VA":4.84,"POSTME_EXP":0.34,"HOTYRE_VA":90.18,"HOTYRE_EXP":29.32,"MMTVRA_VA":13.32,"MMTVRA_EXP":3.37,"TELECO_VA":121.33,"TELECO_EXP":90.39,"ITSERV_VA":11.65,"ITSERV_EXP":6.21,"SERFIN_VA":90.95,"SERFIN_EXP":13.54,"GOBEST_VA":620.03,"GOBEST_EXP":9.58,"SPRSCT_VA":238.83,"SPRSCT_EXP":81.33,"SEAEMP_VA":143.74,"SEAEMP_EXP":14.8,"ADPDEF_VA":338.25,"ADPDEF_EXP":0.14,"EDUCAC_VA":248.85,"EDUCAC_EXP":1.8,"SALUDH_VA":148.6,"SALUDH_EXP":1.17,"ESPARC_VA":21.26,"ESPARC_EXP":2.68,"OTRSER_VA":63.29,"OTRSER_EXP":1.48,"SERHOG_VA":37.18,"SERHOG_EXP":0.0}},{"type":"Feature","geometry":{"type":"Point","coordinates":[103.82,1.35]},"properties":{"id":"SGP","name":"Singapur","continent":"asia","year":1995,"AGRPFO_VA":72.87,"AGRPFO_EXP":61.82,"FORLOG_VA":0.0,"FORLOG_EXP":0.0,"PESCAC_VA":54.63,"PESCAC_EXP":7.88,"MINCOL_VA":0.0,"MINCOL_EXP":0.0,"PETGAS_VA":0.0,"PETGAS_EXP":0.0,"MINORE_VA":0.0,"MINORE_EXP":0.0,"MINOTH_VA":0.0,"MINOTH_EXP":0.0,"MINSER_VA":0.0,"MINSER_EXP":0.0,"ALYBEB_VA":737.85,"ALYBEB_EXP":1024.83,"TEXYPR_VA":210.97,"TEXYPR_EXP":233.52,"MADYPR_VA":26.88,"MADYPR_EXP":55.54,"PAPYPR_VA":579.3,"PAPYPR_EXP":686.11,"PETREF_VA":461.83,"PETREF_EXP":5130.92,"QUIMYP_VA":1783.6,"QUIMYP_EXP":4022.8,"FARMED_VA":3523.91,"FARMED_EXP":210.65,"HUPLAS_VA":343.71,"HUPLAS_EXP":567.4,"PRNOMT_VA":123.75,"PRNOMT_EXP":189.38,"METBAS_VA":43.44,"METBAS_EXP":227.54,"NONFER_VA":176.56,"NONFER_EXP":97.25,"PRMETA_VA":485.71,"PRMETA_EXP":780.59,"ELCTRO_VA":6614.27,"ELCTRO_EXP":22595.24,"ELCTRI_VA":227.47,"ELCTRI_EXP":335.89,"MAQYEQ_VA":1236.73,"MAQYEQ_EXP":2798.1,"AUTOMO_VA":84.69,"AUTOMO_EXP":183.83,"OTRTRA_VA":826.85,"OTRTRA_EXP":292.61,"TRANSP_VA":1091.51,"TRANSP_EXP":351.12,"OTRMAN_VA":471.33,"OTRMAN_EXP":1083.57,"ELEGAS_VA":1415.01,"ELEGAS_EXP":33.5,"AGUBAS_VA":293.51,"AGUBAS_EXP":82.94,"CONSTR_VA":5789.67,"CONSTR_EXP":19.5,"COMREV_VA":10844.34,"COMREV_EXP":8171.88,"TRATIE_VA":1224.9,"TRATIE_EXP":640.9,"TRAGUA_VA":2231.17,"TRAGUA_EXP":5280.02,"TRAAIR_VA":1393.91,"TRAAIR_EXP":2561.87,"ALMSTR_VA":2853.71,"ALMSTR_EXP":903.56,"POSTME_VA":199.22,"POSTME_EXP":212.29,"HOTYRE_VA":2224.26,"HOTYRE_EXP":2246.29,"MMTVRA_VA":621.61,"MMTVRA_EXP":848.36,"TELECO_VA":990.5,"TELECO_EXP":740.46,"ITSERV_VA":1018.54,"ITSERV_EXP":835.07,"SERFIN_VA":8740.15,"SERFIN_EXP":4970.0,"GOBEST_VA":6073.78,"GOBEST_EXP":833.68,"SPRSCT_VA":6751.51,"SPRSCT_EXP":3489.98,"SEAEMP_VA":3771.03,"SEAEMP_EXP":1125.07,"ADPDEF_VA":2061.47,"ADPDEF_EXP":9.28,"EDUCAC_VA":2302.15,"EDUCAC_EXP":486.02,"SALUDH_VA":2108.18,"SALUDH_EXP":165.4,"ESPARC_VA":1057.89,"ESPARC_EXP":304.01,"OTRSER_VA":532.68,"OTRSER_EXP":206.12,"SERHOG_VA":317.1,"SERHOG_EXP":0.0}},{"type":"Feature","geometry":{"type":"Point","coordinates":[6.61,0.19]},"properties":{"id":"STP","name":"S. Tomé y Príncipe","continent":"other","year":1995,"AGRPFO_VA":5.44,"AGRPFO_EXP":3.71,"FORLOG_VA":0.03,"FORLOG_EXP":0.0,"PESCAC_VA":7.62,"PESCAC_EXP":0.13,"MINCOL_VA":0.0,"MINCOL_EXP":0.0,"PETGAS_VA":0.14,"PETGAS_EXP":0.0,"MINORE_VA":0.0,"MINORE_EXP":0.0,"MINOTH_VA":0.09,"MINOTH_EXP":0.01,"MINSER_VA":0.05,"MINSER_EXP":0.0,"ALYBEB_VA":2.19,"ALYBEB_EXP":0.22,"TEXYPR_VA":0.01,"TEXYPR_EXP":0.0,"MADYPR_VA":0.01,"MADYPR_EXP":0.0,"PAPYPR_VA":0.01,"PAPYPR_EXP":0.0,"PETREF_VA":0.04,"PETREF_EXP":0.0,"QUIMYP_VA":0.02,"QUIMYP_EXP":0.0,"FARMED_VA":0.01,"FARMED_EXP":0.0,"HUPLAS_VA":0.01,"HUPLAS_EXP":0.0,"PRNOMT_VA":0.05,"PRNOMT_EXP":0.0,"METBAS_VA":0.0,"METBAS_EXP":0.0,"NONFER_VA":0.0,"NONFER_EXP":0.0,"PRMETA_VA":0.01,"PRMETA_EXP":0.0,"ELCTRO_VA":0.0,"ELCTRO_EXP":0.0,"ELCTRI_VA":0.0,"ELCTRI_EXP":0.0,"MAQYEQ_VA":0.0,"MAQYEQ_EXP":0.0,"AUTOMO_VA":0.0,"AUTOMO_EXP":0.0,"OTRTRA_VA":0.0,"OTRTRA_EXP":0.0,"TRANSP_VA":0.0,"TRANSP_EXP":0.0,"OTRMAN_VA":0.02,"OTRMAN_EXP":0.0,"ELEGAS_VA":1.39,"ELEGAS_EXP":0.03,"AGUBAS_VA":1.08,"AGUBAS_EXP":0.05,"CONSTR_VA":3.38,"CONSTR_EXP":0.14,"COMREV_VA":16.99,"COMREV_EXP":2.34,"TRATIE_VA":5.79,"TRATIE_EXP":0.59,"TRAGUA_VA":0.12,"TRAGUA_EXP":0.12,"TRAAIR_VA":0.71,"TRAAIR_EXP":0.4,"ALMSTR_VA":3.83,"ALMSTR_EXP":0.26,"POSTME_VA":1.22,"POSTME_EXP":0.07,"HOTYRE_VA":9.66,"HOTYRE_EXP":1.46,"MMTVRA_VA":0.96,"MMTVRA_EXP":0.3,"TELECO_VA":1.63,"TELECO_EXP":1.47,"ITSERV_VA":1.52,"ITSERV_EXP":0.73,"SERFIN_VA":9.81,"SERFIN_EXP":1.77,"GOBEST_VA":0.49,"GOBEST_EXP":0.03,"SPRSCT_VA":0.38,"SPRSCT_EXP":0.13,"SEAEMP_VA":0.37,"SEAEMP_EXP":0.09,"ADPDEF_VA":10.36,"ADPDEF_EXP":0.1,"EDUCAC_VA":3.61,"EDUCAC_EXP":0.13,"SALUDH_VA":2.19,"SALUDH_EXP":0.09,"ESPARC_VA":2.17,"ESPARC_EXP":0.2,"OTRSER_VA":2.54,"OTRSER_EXP":0.13,"SERHOG_VA":1.94,"SERHOG_EXP":0.0}},{"type":"Feature","geometry":{"type":"Point","coordinates":[19.7,48.67]},"properties":{"id":"SVK","name":"Eslovaquia","continent":"europe","year":1995,"AGRPFO_VA":237.21,"AGRPFO_EXP":212.06,"FORLOG_VA":255.88,"FORLOG_EXP":51.67,"PESCAC_VA":0.92,"PESCAC_EXP":0.83,"MINCOL_VA":8.7,"MINCOL_EXP":1.8,"PETGAS_VA":0.11,"PETGAS_EXP":0.13,"MINORE_VA":1.72,"MINORE_EXP":2.4,"MINOTH_VA":9.07,"MINOTH_EXP":37.66,"MINSER_VA":14.17,"MINSER_EXP":6.67,"ALYBEB_VA":524.1,"ALYBEB_EXP":261.08,"TEXYPR_VA":348.4,"TEXYPR_EXP":355.78,"MADYPR_VA":115.61,"MADYPR_EXP":160.28,"PAPYPR_VA":312.77,"PAPYPR_EXP":382.35,"PETREF_VA":316.76,"PETREF_EXP":368.04,"QUIMYP_VA":510.26,"QUIMYP_EXP":757.36,"FARMED_VA":88.9,"FARMED_EXP":91.82,"HUPLAS_VA":196.67,"HUPLAS_EXP":378.69,"PRNOMT_VA":221.95,"PRNOMT_EXP":329.14,"METBAS_VA":358.25,"METBAS_EXP":954.14,"NONFER_VA":81.3,"NONFER_EXP":219.98,"PRMETA_VA":260.8,"PRMETA_EXP":289.46,"ELCTRO_VA":45.3,"ELCTRO_EXP":148.62,"ELCTRI_VA":90.72,"ELCTRI_EXP":251.1,"MAQYEQ_VA":333.66,"MAQYEQ_EXP":456.43,"AUTOMO_VA":176.67,"AUTOMO_EXP":414.09,"OTRTRA_VA":2.3,"OTRTRA_EXP":0.15,"TRANSP_VA":65.82,"TRANSP_EXP":35.39,"OTRMAN_VA":271.68,"OTRMAN_EXP":164.52,"ELEGAS_VA":707.93,"ELEGAS_EXP":8.49,"AGUBAS_VA":204.8,"AGUBAS_EXP":20.87,"CONSTR_VA":923.01,"CONSTR_EXP":61.69,"COMREV_VA":1746.81,"COMREV_EXP":988.3,"TRATIE_VA":446.03,"TRATIE_EXP":549.77,"TRAGUA_VA":19.37,"TRAGUA_EXP":13.66,"TRAAIR_VA":6.11,"TRAAIR_EXP":7.98,"ALMSTR_VA":455.9,"ALMSTR_EXP":490.57,"POSTME_VA":68.39,"POSTME_EXP":18.65,"HOTYRE_VA":251.05,"HOTYRE_EXP":87.54,"MMTVRA_VA":110.82,"MMTVRA_EXP":66.01,"TELECO_VA":300.7,"TELECO_EXP":53.65,"ITSERV_VA":139.82,"ITSERV_EXP":56.96,"SERFIN_VA":1202.6,"SERFIN_EXP":218.08,"GOBEST_VA":2471.03,"GOBEST_EXP":51.5,"SPRSCT_VA":643.49,"SPRSCT_EXP":291.81,"SEAEMP_VA":393.88,"SEAEMP_EXP":169.56,"ADPDEF_VA":1762.12,"ADPDEF_EXP":1.39,"EDUCAC_VA":769.24,"EDUCAC_EXP":23.65,"SALUDH_VA":693.13,"SALUDH_EXP":31.95,"ESPARC_VA":276.12,"ESPARC_EXP":56.45,"OTRSER_VA":162.47,"OTRSER_EXP":18.03,"SERHOG_VA":9.57,"SERHOG_EXP":0.0}},{"type":"Feature","geometry":{"type":"Point","coordinates":[14.99,46.15]},"properties":{"id":"SVN","name":"Eslovenia","continent":"europe","year":1995,"AGRPFO_VA":667.75,"AGRPFO_EXP":85.7,"FORLOG_VA":176.03,"FORLOG_EXP":12.98,"PESCAC_VA":5.2,"PESCAC_EXP":1.63,"MINCOL_VA":95.55,"MINCOL_EXP":0.63,"PETGAS_VA":0.0,"PETGAS_EXP":0.0,"MINORE_VA":3.5,"MINORE_EXP":1.85,"MINOTH_VA":30.12,"MINOTH_EXP":3.2,"MINSER_VA":0.37,"MINSER_EXP":2.73,"ALYBEB_VA":533.25,"ALYBEB_EXP":342.59,"TEXYPR_VA":607.84,"TEXYPR_EXP":648.48,"MADYPR_VA":189.4,"MADYPR_EXP":267.08,"PAPYPR_VA":328.75,"PAPYPR_EXP":323.82,"PETREF_VA":24.61,"PETREF_EXP":9.09,"QUIMYP_VA":215.59,"QUIMYP_EXP":402.61,"FARMED_VA":325.46,"FARMED_EXP":257.31,"HUPLAS_VA":251.04,"HUPLAS_EXP":287.55,"PRNOMT_VA":238.26,"PRNOMT_EXP":166.63,"METBAS_VA":132.29,"METBAS_EXP":201.31,"NONFER_VA":50.57,"NONFER_EXP":236.45,"PRMETA_VA":480.94,"PRMETA_EXP":377.4,"ELCTRO_VA":223.05,"ELCTRO_EXP":372.3,"ELCTRI_VA":371.37,"ELCTRI_EXP":356.24,"MAQYEQ_VA":192.34,"MAQYEQ_EXP":529.72,"AUTOMO_VA":337.2,"AUTOMO_EXP":654.64,"OTRTRA_VA":1.98,"OTRTRA_EXP":3.02,"TRANSP_VA":16.01,"TRANSP_EXP":9.67,"OTRMAN_VA":458.64,"OTRMAN_EXP":392.35,"ELEGAS_VA":301.97,"ELEGAS_EXP":39.78,"AGUBAS_VA":187.57,"AGUBAS_EXP":3.63,"CONSTR_VA":1133.48,"CONSTR_EXP":30.97,"COMREV_VA":2216.0,"COMREV_EXP":807.92,"TRATIE_VA":584.46,"TRATIE_EXP":393.97,"TRAGUA_VA":34.94,"TRAGUA_EXP":44.67,"TRAAIR_VA":35.04,"TRAAIR_EXP":102.68,"ALMSTR_VA":242.63,"ALMSTR_EXP":271.81,"POSTME_VA":101.53,"POSTME_EXP":2.18,"HOTYRE_VA":417.13,"HOTYRE_EXP":396.96,"MMTVRA_VA":230.43,"MMTVRA_EXP":97.37,"TELECO_VA":244.99,"TELECO_EXP":28.67,"ITSERV_VA":59.7,"ITSERV_EXP":28.94,"SERFIN_VA":994.69,"SERFIN_EXP":50.54,"GOBEST_VA":1605.91,"GOBEST_EXP":47.81,"SPRSCT_VA":884.5,"SPRSCT_EXP":274.83,"SEAEMP_VA":404.15,"SEAEMP_EXP":135.66,"ADPDEF_VA":1041.72,"ADPDEF_EXP":3.74,"EDUCAC_VA":1032.63,"EDUCAC_EXP":23.42,"SALUDH_VA":937.48,"SALUDH_EXP":15.28,"ESPARC_VA":231.0,"ESPARC_EXP":37.72,"OTRSER_VA":336.84,"OTRSER_EXP":20.36,"SERHOG_VA":18.64,"SERHOG_EXP":0.0}},{"type":"Feature","geometry":{"type":"Point","coordinates":[18.64,60.13]},"properties":{"id":"SWE","name":"Suecia","continent":"europe","year":1995,"AGRPFO_VA":4708.11,"AGRPFO_EXP":173.01,"FORLOG_VA":3117.68,"FORLOG_EXP":133.08,"PESCAC_VA":91.23,"PESCAC_EXP":82.64,"MINCOL_VA":49.27,"MINCOL_EXP":8.69,"PETGAS_VA":13.33,"PETGAS_EXP":1.39,"MINORE_VA":645.06,"MINORE_EXP":273.25,"MINOTH_VA":112.0,"MINOTH_EXP":216.53,"MINSER_VA":35.42,"MINSER_EXP":84.24,"ALYBEB_VA":4040.26,"ALYBEB_EXP":1424.45,"TEXYPR_VA":752.73,"TEXYPR_EXP":1053.18,"MADYPR_VA":1773.21,"MADYPR_EXP":2958.12,"PAPYPR_VA":8025.98,"PAPYPR_EXP":8367.59,"PETREF_VA":283.64,"PETREF_EXP":1095.39,"QUIMYP_VA":2347.24,"QUIMYP_EXP":2467.61,"FARMED_VA":4568.06,"FARMED_EXP":2449.17,"HUPLAS_VA":1537.23,"HUPLAS_EXP":1758.26,"PRNOMT_VA":1096.75,"PRNOMT_EXP":661.05,"METBAS_VA":2235.69,"METBAS_EXP":3900.08,"NONFER_VA":720.92,"NONFER_EXP":1451.36,"PRMETA_VA":4408.96,"PRMETA_EXP":2272.07,"ELCTRO_VA":5572.28,"ELCTRO_EXP":9920.21,"ELCTRI_VA":2116.37,"ELCTRI_EXP":2388.88,"MAQYEQ_VA":6041.57,"MAQYEQ_EXP":9726.7,"AUTOMO_VA":5732.56,"AUTOMO_EXP":10703.16,"OTRTRA_VA":90.13,"OTRTRA_EXP":219.03,"TRANSP_VA":891.35,"TRANSP_EXP":1280.04,"OTRMAN_VA":3241.23,"OTRMAN_EXP":1761.43,"ELEGAS_VA":6784.56,"ELEGAS_EXP":198.01,"AGUBAS_VA":1385.03,"AGUBAS_EXP":3.78,"CONSTR_VA":10801.46,"CONSTR_EXP":48.57,"COMREV_VA":26359.88,"COMREV_EXP":9914.8,"TRATIE_VA":6717.98,"TRATIE_EXP":1971.58,"TRAGUA_VA":926.52,"TRAGUA_EXP":1058.23,"TRAAIR_VA":1281.05,"TRAAIR_EXP":951.03,"ALMSTR_VA":3778.77,"ALMSTR_EXP":1752.62,"POSTME_VA":2555.46,"POSTME_EXP":127.28,"HOTYRE_VA":3013.64,"HOTYRE_EXP":996.22,"MMTVRA_VA":3043.91,"MMTVRA_EXP":814.86,"TELECO_VA":3437.21,"TELECO_EXP":410.1,"ITSERV_VA":3502.06,"ITSERV_EXP":619.75,"SERFIN_VA":10424.5,"SERFIN_EXP":1739.02,"GOBEST_VA":26674.57,"GOBEST_EXP":150.21,"SPRSCT_VA":10607.64,"SPRSCT_EXP":3928.12,"SEAEMP_VA":4588.47,"SEAEMP_EXP":1063.52,"ADPDEF_VA":13527.24,"ADPDEF_EXP":193.22,"EDUCAC_VA":13638.45,"EDUCAC_EXP":232.48,"SALUDH_VA":22221.24,"SALUDH_EXP":77.43,"ESPARC_VA":2703.26,"ESPARC_EXP":119.49,"OTRSER_VA":3401.85,"OTRSER_EXP":91.79,"SERHOG_VA":29.4,"SERHOG_EXP":0.0}},{"type":"Feature","geometry":{"type":"Point","coordinates":[100.99,15.87]},"properties":{"id":"THA","name":"Tailandia","continent":"asia","year":1995,"AGRPFO_VA":9755.91,"AGRPFO_EXP":1271.2,"FORLOG_VA":301.99,"FORLOG_EXP":44.12,"PESCAC_VA":2814.67,"PESCAC_EXP":15.46,"MINCOL_VA":241.28,"MINCOL_EXP":0.09,"PETGAS_VA":1103.65,"PETGAS_EXP":0.11,"MINORE_VA":31.41,"MINORE_EXP":8.95,"MINOTH_VA":805.1,"MINOTH_EXP":96.54,"MINSER_VA":982.14,"MINSER_EXP":26.66,"ALYBEB_VA":7292.33,"ALYBEB_EXP":8416.57,"TEXYPR_VA":6961.5,"TEXYPR_EXP":6899.24,"MADYPR_VA":670.0,"MADYPR_EXP":319.48,"PAPYPR_VA":773.93,"PAPYPR_EXP":461.27,"PETREF_VA":2560.22,"PETREF_EXP":516.31,"QUIMYP_VA":1828.31,"QUIMYP_EXP":1278.73,"FARMED_VA":415.06,"FARMED_EXP":95.0,"HUPLAS_VA":1671.07,"HUPLAS_EXP":3830.05,"PRNOMT_VA":2594.84,"PRNOMT_EXP":539.8,"METBAS_VA":838.95,"METBAS_EXP":447.88,"NONFER_VA":431.3,"NONFER_EXP":198.67,"PRMETA_VA":1357.66,"PRMETA_EXP":938.33,"ELCTRO_VA":3128.87,"ELCTRO_EXP":11167.5,"ELCTRI_VA":1110.24,"ELCTRI_EXP":2343.51,"MAQYEQ_VA":1411.72,"MAQYEQ_EXP":557.02,"AUTOMO_VA":3018.13,"AUTOMO_EXP":557.77,"OTRTRA_VA":290.01,"OTRTRA_EXP":73.93,"TRANSP_VA":535.89,"TRANSP_EXP":851.57,"OTRMAN_VA":2598.04,"OTRMAN_EXP":3995.0,"ELEGAS_VA":2990.02,"ELEGAS_EXP":117.28,"AGUBAS_VA":529.26,"AGUBAS_EXP":0.26,"CONSTR_VA":11547.24,"CONSTR_EXP":0.45,"COMREV_VA":31803.85,"COMREV_EXP":9817.31,"TRATIE_VA":5464.06,"TRATIE_EXP":3142.73,"TRAGUA_VA":870.02,"TRAGUA_EXP":2040.22,"TRAAIR_VA":1685.49,"TRAAIR_EXP":1855.81,"ALMSTR_VA":720.4,"ALMSTR_EXP":75.17,"POSTME_VA":146.79,"POSTME_EXP":101.09,"HOTYRE_VA":5869.65,"HOTYRE_EXP":1509.14,"MMTVRA_VA":771.78,"MMTVRA_EXP":147.82,"TELECO_VA":2066.22,"TELECO_EXP":415.39,"ITSERV_VA":143.49,"ITSERV_EXP":355.68,"SERFIN_VA":13996.73,"SERFIN_EXP":510.73,"GOBEST_VA":4200.39,"GOBEST_EXP":1023.3,"SPRSCT_VA":1972.05,"SPRSCT_EXP":545.21,"SEAEMP_VA":1758.65,"SEAEMP_EXP":390.59,"ADPDEF_VA":6945.09,"ADPDEF_EXP":0.5,"EDUCAC_VA":4375.68,"EDUCAC_EXP":1.43,"SALUDH_VA":2917.03,"SALUDH_EXP":186.47,"ESPARC_VA":770.2,"ESPARC_EXP":16.27,"OTRSER_VA":2485.05,"OTRSER_EXP":399.59,"SERHOG_VA":496.6,"SERHOG_EXP":0.0}},{"type":"Feature","geometry":{"type":"Point","coordinates":[9.54,33.89]},"properties":{"id":"TUN","name":"Túnez","continent":"other","year":1995,"AGRPFO_VA":1603.18,"AGRPFO_EXP":137.77,"FORLOG_VA":195.78,"FORLOG_EXP":0.3,"PESCAC_VA":325.23,"PESCAC_EXP":32.25,"MINCOL_VA":176.72,"MINCOL_EXP":0.12,"PETGAS_VA":630.08,"PETGAS_EXP":697.3,"MINORE_VA":3.19,"MINORE_EXP":1.0,"MINOTH_VA":129.68,"MINOTH_EXP":60.94,"MINSER_VA":41.7,"MINSER_EXP":3.56,"ALYBEB_VA":699.2,"ALYBEB_EXP":471.0,"TEXYPR_VA":1014.2,"TEXYPR_EXP":1548.99,"MADYPR_VA":101.86,"MADYPR_EXP":52.77,"PAPYPR_VA":128.67,"PAPYPR_EXP":155.38,"PETREF_VA":66.11,"PETREF_EXP":107.45,"QUIMYP_VA":126.1,"QUIMYP_EXP":372.91,"FARMED_VA":83.4,"FARMED_EXP":10.57,"HUPLAS_VA":72.41,"HUPLAS_EXP":64.78,"PRNOMT_VA":192.95,"PRNOMT_EXP":37.91,"METBAS_VA":47.8,"METBAS_EXP":8.32,"NONFER_VA":27.41,"NONFER_EXP":11.21,"PRMETA_VA":185.14,"PRMETA_EXP":32.85,"ELCTRO_VA":106.91,"ELCTRO_EXP":176.65,"ELCTRI_VA":480.56,"ELCTRI_EXP":432.17,"MAQYEQ_VA":245.87,"MAQYEQ_EXP":91.21,"AUTOMO_VA":171.64,"AUTOMO_EXP":50.1,"OTRTRA_VA":9.83,"OTRTRA_EXP":27.07,"TRANSP_VA":19.06,"TRANSP_EXP":46.23,"OTRMAN_VA":117.86,"OTRMAN_EXP":142.93,"ELEGAS_VA":260.91,"ELEGAS_EXP":0.66,"AGUBAS_VA":90.45,"AGUBAS_EXP":2.37,"CONSTR_VA":1198.73,"CONSTR_EXP":0.84,"COMREV_VA":1666.36,"COMREV_EXP":527.62,"TRATIE_VA":646.84,"TRATIE_EXP":399.39,"TRAGUA_VA":76.58,"TRAGUA_EXP":146.8,"TRAAIR_VA":86.67,"TRAAIR_EXP":167.69,"ALMSTR_VA":325.36,"ALMSTR_EXP":190.47,"POSTME_VA":133.33,"POSTME_EXP":13.94,"HOTYRE_VA":1085.84,"HOTYRE_EXP":551.04,"MMTVRA_VA":67.2,"MMTVRA_EXP":16.55,"TELECO_VA":460.0,"TELECO_EXP":144.9,"ITSERV_VA":193.67,"ITSERV_EXP":47.44,"SERFIN_VA":700.22,"SERFIN_EXP":73.05,"GOBEST_VA":673.9,"GOBEST_EXP":79.6,"SPRSCT_VA":486.93,"SPRSCT_EXP":147.5,"SEAEMP_VA":370.17,"SEAEMP_EXP":67.07,"ADPDEF_VA":1646.35,"ADPDEF_EXP":0.03,"EDUCAC_VA":1209.84,"EDUCAC_EXP":32.63,"SALUDH_VA":34.36,"SALUDH_EXP":18.12,"ESPARC_VA":22.04,"ESPARC_EXP":25.53,"OTRSER_VA":38.99,"OTRSER_EXP":17.55,"SERHOG_VA":64.78,"SERHOG_EXP":0.0}},{"type":"Feature","geometry":{"type":"Point","coordinates":[35.24,38.96]},"properties":{"id":"TUR","name":"Turquía","continent":"europe","year":1995,"AGRPFO_VA":26426.36,"AGRPFO_EXP":2031.02,"FORLOG_VA":926.42,"FORLOG_EXP":10.19,"PESCAC_VA":934.75,"PESCAC_EXP":19.82,"MINCOL_VA":652.31,"MINCOL_EXP":1.62,"PETGAS_VA":371.71,"PETGAS_EXP":2.56,"MINORE_VA":991.17,"MINORE_EXP":75.44,"MINOTH_VA":523.24,"MINOTH_EXP":147.66,"MINSER_VA":114.3,"MINSER_EXP":57.27,"ALYBEB_VA":6989.68,"ALYBEB_EXP":1771.2,"TEXYPR_VA":11546.91,"TEXYPR_EXP":6136.32,"MADYPR_VA":393.63,"MADYPR_EXP":56.95,"PAPYPR_VA":1177.08,"PAPYPR_EXP":149.99,"PETREF_VA":928.66,"PETREF_EXP":574.19,"QUIMYP_VA":1832.94,"QUIMYP_EXP":652.72,"FARMED_VA":1208.57,"FARMED_EXP":92.24,"HUPLAS_VA":1784.56,"HUPLAS_EXP":613.18,"PRNOMT_VA":2898.86,"PRNOMT_EXP":536.28,"METBAS_VA":2354.3,"METBAS_EXP":813.75,"NONFER_VA":670.3,"NONFER_EXP":192.81,"PRMETA_VA":2907.02,"PRMETA_EXP":382.88,"ELCTRO_VA":779.93,"ELCTRO_EXP":523.67,"ELCTRI_VA":1148.97,"ELCTRI_EXP":457.59,"MAQYEQ_VA":1934.48,"MAQYEQ_EXP":620.48,"AUTOMO_VA":2485.09,"AUTOMO_EXP":716.89,"OTRTRA_VA":171.22,"OTRTRA_EXP":116.99,"TRANSP_VA":400.84,"TRANSP_EXP":159.22,"OTRMAN_VA":1737.55,"OTRMAN_EXP":1050.19,"ELEGAS_VA":3290.04,"ELEGAS_EXP":9.86,"AGUBAS_VA":1180.89,"AGUBAS_EXP":4.28,"CONSTR_VA":14711.65,"CONSTR_EXP":1.02,"COMREV_VA":30805.61,"COMREV_EXP":4727.49,"TRATIE_VA":17240.3,"TRATIE_EXP":2442.15,"TRAGUA_VA":1168.73,"TRAGUA_EXP":907.6,"TRAAIR_VA":1240.04,"TRAAIR_EXP":1124.12,"ALMSTR_VA":1523.04,"ALMSTR_EXP":373.09,"POSTME_VA":516.42,"POSTME_EXP":49.28,"HOTYRE_VA":5580.81,"HOTYRE_EXP":1961.42,"MMTVRA_VA":1146.68,"MMTVRA_EXP":342.93,"TELECO_VA":3001.2,"TELECO_EXP":879.14,"ITSERV_VA":444.25,"ITSERV_EXP":186.09,"SERFIN_VA":12433.99,"SERFIN_EXP":2019.03,"GOBEST_VA":15131.64,"GOBEST_EXP":435.83,"SPRSCT_VA":3911.03,"SPRSCT_EXP":984.03,"SEAEMP_VA":5639.03,"SEAEMP_EXP":2220.62,"ADPDEF_VA":15680.08,"ADPDEF_EXP":13.68,"EDUCAC_VA":1062.3,"EDUCAC_EXP":126.62,"SALUDH_VA":3538.13,"SALUDH_EXP":58.15,"ESPARC_VA":486.57,"ESPARC_EXP":358.37,"OTRSER_VA":2002.96,"OTRSER_EXP":83.99,"SERHOG_VA":69.14,"SERHOG_EXP":0.0}},{"type":"Feature","geometry":{"type":"Point","coordinates":[120.96,23.7]},"properties":{"id":"TWN","name":"Taiwán","continent":"asia","year":1995,"AGRPFO_VA":6209.21,"AGRPFO_EXP":214.04,"FORLOG_VA":75.58,"FORLOG_EXP":14.42,"PESCAC_VA":1874.9,"PESCAC_EXP":167.21,"MINCOL_VA":58.79,"MINCOL_EXP":6.84,"PETGAS_VA":185.57,"PETGAS_EXP":33.8,"MINORE_VA":43.04,"MINORE_EXP":5.38,"MINOTH_VA":373.43,"MINOTH_EXP":60.37,"MINSER_VA":199.53,"MINSER_EXP":11.51,"ALYBEB_VA":6331.57,"ALYBEB_EXP":2818.67,"TEXYPR_VA":5464.09,"TEXYPR_EXP":11102.5,"MADYPR_VA":436.65,"MADYPR_EXP":547.45,"PAPYPR_VA":2272.67,"PAPYPR_EXP":1122.35,"PETREF_VA":3655.52,"PETREF_EXP":1088.18,"QUIMYP_VA":6258.86,"QUIMYP_EXP":4395.46,"FARMED_VA":498.01,"FARMED_EXP":144.24,"HUPLAS_VA":4620.42,"HUPLAS_EXP":10420.9,"PRNOMT_VA":3162.86,"PRNOMT_EXP":1294.81,"METBAS_VA":2951.5,"METBAS_EXP":2722.93,"NONFER_VA":627.22,"NONFER_EXP":1591.5,"PRMETA_VA":5616.94,"PRMETA_EXP":7365.24,"ELCTRO_VA":13989.5,"ELCTRO_EXP":34727.71,"ELCTRI_VA":3325.6,"ELCTRI_EXP":5989.67,"MAQYEQ_VA":2956.41,"MAQYEQ_EXP":9209.76,"AUTOMO_VA":2828.96,"AUTOMO_EXP":1917.64,"OTRTRA_VA":2098.62,"OTRTRA_EXP":389.27,"TRANSP_VA":1596.59,"TRANSP_EXP":3637.05,"OTRMAN_VA":4332.97,"OTRMAN_EXP":2499.92,"ELEGAS_VA":6218.05,"ELEGAS_EXP":0.02,"AGUBAS_VA":1508.18,"AGUBAS_EXP":2.93,"CONSTR_VA":12176.41,"CONSTR_EXP":61.73,"COMREV_VA":40027.37,"COMREV_EXP":15817.24,"TRATIE_VA":5163.88,"TRATIE_EXP":1888.38,"TRAGUA_VA":1263.38,"TRAGUA_EXP":152.95,"TRAAIR_VA":1149.82,"TRAAIR_EXP":167.36,"ALMSTR_VA":3455.61,"ALMSTR_EXP":145.71,"POSTME_VA":669.96,"POSTME_EXP":73.04,"HOTYRE_VA":4900.38,"HOTYRE_EXP":703.58,"MMTVRA_VA":1571.64,"MMTVRA_EXP":380.3,"TELECO_VA":4870.17,"TELECO_EXP":484.19,"ITSERV_VA":775.4,"ITSERV_EXP":59.91,"SERFIN_VA":20400.91,"SERFIN_EXP":1540.42,"GOBEST_VA":24425.04,"GOBEST_EXP":67.75,"SPRSCT_VA":7238.13,"SPRSCT_EXP":1153.85,"SEAEMP_VA":3142.15,"SEAEMP_EXP":477.72,"ADPDEF_VA":22682.25,"ADPDEF_EXP":10.15,"EDUCAC_VA":10345.78,"EDUCAC_EXP":56.29,"SALUDH_VA":5947.6,"SALUDH_EXP":173.69,"ESPARC_VA":1912.62,"ESPARC_EXP":285.6,"OTRSER_VA":6397.34,"OTRSER_EXP":33.86,"SERHOG_VA":1812.38,"SERHOG_EXP":0.0}},{"type":"Feature","geometry":{"type":"Point","coordinates":[31.17,48.38]},"properties":{"id":"UKR","name":"Ucrania","continent":"europe","year":1995,"AGRPFO_VA":5329.95,"AGRPFO_EXP":529.55,"FORLOG_VA":620.63,"FORLOG_EXP":74.37,"PESCAC_VA":23.4,"PESCAC_EXP":7.3,"MINCOL_VA":921.28,"MINCOL_EXP":330.5,"PETGAS_VA":968.22,"PETGAS_EXP":220.15,"MINORE_VA":971.55,"MINORE_EXP":112.54,"MINOTH_VA":211.94,"MINOTH_EXP":174.09,"MINSER_VA":40.67,"MINSER_EXP":641.4,"ALYBEB_VA":2212.6,"ALYBEB_EXP":1370.82,"TEXYPR_VA":367.82,"TEXYPR_EXP":230.4,"MADYPR_VA":148.04,"MADYPR_EXP":276.8,"PAPYPR_VA":373.03,"PAPYPR_EXP":362.79,"PETREF_VA":446.53,"PETREF_EXP":301.29,"QUIMYP_VA":442.98,"QUIMYP_EXP":690.43,"FARMED_VA":155.83,"FARMED_EXP":75.52,"HUPLAS_VA":241.48,"HUPLAS_EXP":95.24,"PRNOMT_VA":436.56,"PRNOMT_EXP":125.58,"METBAS_VA":988.91,"METBAS_EXP":2955.7,"NONFER_VA":104.04,"NONFER_EXP":190.57,"PRMETA_VA":308.93,"PRMETA_EXP":214.09,"ELCTRO_VA":125.26,"ELCTRO_EXP":225.97,"ELCTRI_VA":350.72,"ELCTRI_EXP":322.71,"MAQYEQ_VA":596.35,"MAQYEQ_EXP":569.52,"AUTOMO_VA":111.75,"AUTOMO_EXP":143.69,"OTRTRA_VA":20.84,"OTRTRA_EXP":22.28,"TRANSP_VA":1018.56,"TRANSP_EXP":333.64,"OTRMAN_VA":522.62,"OTRMAN_EXP":531.03,"ELEGAS_VA":3018.23,"ELEGAS_EXP":53.58,"AGUBAS_VA":605.82,"AGUBAS_EXP":2.7,"CONSTR_VA":1864.23,"CONSTR_EXP":19.48,"COMREV_VA":5327.16,"COMREV_EXP":1050.03,"TRATIE_VA":3013.42,"TRATIE_EXP":633.39,"TRAGUA_VA":345.46,"TRAGUA_EXP":128.45,"TRAAIR_VA":328.33,"TRAAIR_EXP":216.8,"ALMSTR_VA":1524.08,"ALMSTR_EXP":388.25,"POSTME_VA":130.08,"POSTME_EXP":22.63,"HOTYRE_VA":306.53,"HOTYRE_EXP":188.12,"MMTVRA_VA":223.82,"MMTVRA_EXP":52.19,"TELECO_VA":911.79,"TELECO_EXP":67.76,"ITSERV_VA":487.87,"ITSERV_EXP":407.1,"SERFIN_VA":1538.09,"SERFIN_EXP":359.37,"GOBEST_VA":1756.79,"GOBEST_EXP":40.23,"SPRSCT_VA":993.22,"SPRSCT_EXP":128.39,"SEAEMP_VA":408.31,"SEAEMP_EXP":45.99,"ADPDEF_VA":2323.77,"ADPDEF_EXP":0.5,"EDUCAC_VA":2152.59,"EDUCAC_EXP":22.66,"SALUDH_VA":1302.55,"SALUDH_EXP":7.4,"ESPARC_VA":251.21,"ESPARC_EXP":19.02,"OTRSER_VA":446.36,"OTRSER_EXP":8.47,"SERHOG_VA":0.71,"SERHOG_EXP":0.0}},{"type":"Feature","geometry":{"type":"Point","coordinates":[-95.71,37.09]},"properties":{"id":"USA","name":"Estados Unidos","continent":"america","year":1995,"AGRPFO_VA":80171.51,"AGRPFO_EXP":19931.74,"FORLOG_VA":6039.86,"FORLOG_EXP":1213.63,"PESCAC_VA":2090.33,"PESCAC_EXP":1218.27,"MINCOL_VA":9649.22,"MINCOL_EXP":2744.87,"PETGAS_VA":39694.52,"PETGAS_EXP":2104.74,"MINORE_VA":3901.81,"MINORE_EXP":4013.97,"MINOTH_VA":7964.25,"MINOTH_EXP":1019.32,"MINSER_VA":8894.28,"MINSER_EXP":1262.18,"ALYBEB_VA":124337.48,"ALYBEB_EXP":27257.86,"TEXYPR_VA":56912.75,"TEXYPR_EXP":13473.92,"MADYPR_VA":25764.61,"MADYPR_EXP":3915.91,"PAPYPR_VA":99324.31,"PAPYPR_EXP":13329.47,"PETREF_VA":28323.39,"PETREF_EXP":10727.31,"QUIMYP_VA":105144.65,"QUIMYP_EXP":46363.25,"FARMED_VA":55979.07,"FARMED_EXP":9194.69,"HUPLAS_VA":51868.48,"HUPLAS_EXP":9439.34,"PRNOMT_VA":40230.3,"PRNOMT_EXP":4146.69,"METBAS_VA":24854.6,"METBAS_EXP":5664.14,"NONFER_VA":35706.52,"NONFER_EXP":13576.11,"PRMETA_VA":98227.13,"PRMETA_EXP":10382.92,"ELCTRO_VA":157210.65,"ELCTRO_EXP":96697.75,"ELCTRI_VA":46208.96,"ELCTRI_EXP":13226.0,"MAQYEQ_VA":98649.56,"MAQYEQ_EXP":47745.94,"AUTOMO_VA":100249.56,"AUTOMO_EXP":41898.19,"OTRTRA_VA":7362.88,"OTRTRA_EXP":1166.96,"TRANSP_VA":45019.14,"TRANSP_EXP":28463.63,"OTRMAN_VA":74561.85,"OTRMAN_EXP":12227.37,"ELEGAS_VA":153998.34,"ELEGAS_EXP":1540.51,"AGUBAS_VA":23160.16,"AGUBAS_EXP":76.47,"CONSTR_VA":299731.47,"CONSTR_EXP":0.0,"COMREV_VA":841957.6,"COMREV_EXP":105374.66,"TRATIE_VA":114848.48,"TRATIE_EXP":18518.47,"TRAGUA_VA":6375.66,"TRAGUA_EXP":6139.33,"TRAAIR_VA":41244.18,"TRAAIR_EXP":24444.76,"ALMSTR_VA":42400.13,"ALMSTR_EXP":3896.51,"POSTME_VA":66785.11,"POSTME_EXP":3581.97,"HOTYRE_VA":175040.5,"HOTYRE_EXP":24344.85,"MMTVRA_VA":145640.96,"MMTVRA_EXP":19966.08,"TELECO_VA":164552.67,"TELECO_EXP":7667.07,"ITSERV_VA":79666.57,"ITSERV_EXP":5860.51,"SERFIN_VA":477449.54,"SERFIN_EXP":27227.93,"GOBEST_VA":846693.28,"GOBEST_EXP":6007.33,"SPRSCT_VA":471332.3,"SPRSCT_EXP":31312.96,"SEAEMP_VA":247621.85,"SEAEMP_EXP":17065.7,"ADPDEF_VA":708378.38,"ADPDEF_EXP":1997.72,"EDUCAC_VA":404801.07,"EDUCAC_EXP":11127.27,"SALUDH_VA":466148.91,"SALUDH_EXP":833.9,"ESPARC_VA":65752.79,"ESPARC_EXP":2769.89,"OTRSER_VA":126619.54,"OTRSER_EXP":1069.05,"SERHOG_VA":10565.44,"SERHOG_EXP":0.0}},{"type":"Feature","geometry":{"type":"Point","coordinates":[108.28,14.06]},"properties":{"id":"VNM","name":"Vietnam","continent":"asia","year":1995,"AGRPFO_VA":3007.86,"AGRPFO_EXP":245.17,"FORLOG_VA":235.37,"FORLOG_EXP":16.19,"PESCAC_VA":712.76,"PESCAC_EXP":61.35,"MINCOL_VA":103.68,"MINCOL_EXP":36.99,"PETGAS_VA":2259.59,"PETGAS_EXP":1174.92,"MINORE_VA":14.51,"MINORE_EXP":3.32,"MINOTH_VA":62.43,"MINOTH_EXP":1.76,"MINSER_VA":39.56,"MINSER_EXP":1.72,"ALYBEB_VA":964.97,"ALYBEB_EXP":816.08,"TEXYPR_VA":1253.28,"TEXYPR_EXP":1107.53,"MADYPR_VA":99.49,"MADYPR_EXP":125.16,"PAPYPR_VA":137.98,"PAPYPR_EXP":19.74,"PETREF_VA":107.46,"PETREF_EXP":30.09,"QUIMYP_VA":232.86,"QUIMYP_EXP":23.54,"FARMED_VA":63.48,"FARMED_EXP":10.31,"HUPLAS_VA":204.12,"HUPLAS_EXP":20.37,"PRNOMT_VA":342.16,"PRNOMT_EXP":23.33,"METBAS_VA":112.88,"METBAS_EXP":17.45,"NONFER_VA":26.77,"NONFER_EXP":10.52,"PRMETA_VA":191.9,"PRMETA_EXP":461.64,"ELCTRO_VA":327.37,"ELCTRO_EXP":103.58,"ELCTRI_VA":129.47,"ELCTRI_EXP":77.45,"MAQYEQ_VA":104.7,"MAQYEQ_EXP":179.13,"AUTOMO_VA":56.78,"AUTOMO_EXP":1.87,"OTRTRA_VA":4.35,"OTRTRA_EXP":11.27,"TRANSP_VA":35.03,"TRANSP_EXP":1.95,"OTRMAN_VA":266.74,"OTRMAN_EXP":146.89,"ELEGAS_VA":642.48,"ELEGAS_EXP":4.21,"AGUBAS_VA":137.32,"AGUBAS_EXP":0.18,"CONSTR_VA":1207.99,"CONSTR_EXP":0.99,"COMREV_VA":1734.62,"COMREV_EXP":359.55,"TRATIE_VA":270.65,"TRATIE_EXP":115.11,"TRAGUA_VA":96.85,"TRAGUA_EXP":126.21,"TRAAIR_VA":102.26,"TRAAIR_EXP":201.3,"ALMSTR_VA":152.97,"ALMSTR_EXP":134.36,"POSTME_VA":40.65,"POSTME_EXP":31.14,"HOTYRE_VA":578.73,"HOTYRE_EXP":306.25,"MMTVRA_VA":72.18,"MMTVRA_EXP":24.24,"TELECO_VA":253.84,"TELECO_EXP":89.23,"ITSERV_VA":95.17,"ITSERV_EXP":35.32,"SERFIN_VA":466.93,"SERFIN_EXP":147.5,"GOBEST_VA":463.64,"GOBEST_EXP":29.09,"SPRSCT_VA":424.79,"SPRSCT_EXP":96.31,"SEAEMP_VA":123.72,"SEAEMP_EXP":68.62,"ADPDEF_VA":500.1,"ADPDEF_EXP":1.25,"EDUCAC_VA":581.53,"EDUCAC_EXP":13.76,"SALUDH_VA":253.18,"SALUDH_EXP":6.93,"ESPARC_VA":170.83,"ESPARC_EXP":48.5,"OTRSER_VA":153.38,"OTRSER_EXP":8.76,"SERHOG_VA":31.61,"SERHOG_EXP":0.0}},{"type":"Feature","geometry":{"type":"Point","coordinates":[22.94,-30.56]},"properties":{"id":"ZAF","name":"Sudáfrica","continent":"other","year":1995,"AGRPFO_VA":2630.97,"AGRPFO_EXP":898.33,"FORLOG_VA":167.82,"FORLOG_EXP":8.65,"PESCAC_VA":276.02,"PESCAC_EXP":27.81,"MINCOL_VA":1842.44,"MINCOL_EXP":1577.88,"PETGAS_VA":139.55,"PETGAS_EXP":287.74,"MINORE_VA":7481.71,"MINORE_EXP":9050.13,"MINOTH_VA":655.53,"MINOTH_EXP":1064.19,"MINSER_VA":108.74,"MINSER_EXP":28.44,"ALYBEB_VA":4159.34,"ALYBEB_EXP":696.9,"TEXYPR_VA":1132.03,"TEXYPR_EXP":136.29,"MADYPR_VA":362.5,"MADYPR_EXP":113.47,"PAPYPR_VA":1551.28,"PAPYPR_EXP":433.04,"PETREF_VA":2653.32,"PETREF_EXP":771.21,"QUIMYP_VA":1891.68,"QUIMYP_EXP":1685.25,"FARMED_VA":336.54,"FARMED_EXP":99.11,"HUPLAS_VA":695.2,"HUPLAS_EXP":161.07,"PRNOMT_VA":1098.4,"PRNOMT_EXP":116.28,"METBAS_VA":2439.2,"METBAS_EXP":2899.7,"NONFER_VA":255.79,"NONFER_EXP":934.12,"PRMETA_VA":1262.97,"PRMETA_EXP":473.57,"ELCTRO_VA":370.96,"ELCTRO_EXP":203.69,"ELCTRI_VA":753.53,"ELCTRI_EXP":327.66,"MAQYEQ_VA":1557.31,"MAQYEQ_EXP":1342.29,"AUTOMO_VA":2270.56,"AUTOMO_EXP":1739.78,"OTRTRA_VA":49.63,"OTRTRA_EXP":53.64,"TRANSP_VA":330.79,"TRANSP_EXP":412.61,"OTRMAN_VA":1459.07,"OTRMAN_EXP":456.39,"ELEGAS_VA":3134.83,"ELEGAS_EXP":35.28,"AGUBAS_VA":1751.85,"AGUBAS_EXP":0.19,"CONSTR_VA":5269.65,"CONSTR_EXP":73.48,"COMREV_VA":13960.19,"COMREV_EXP":2627.22,"TRATIE_VA":3793.3,"TRATIE_EXP":850.53,"TRAGUA_VA":179.1,"TRAGUA_EXP":145.91,"TRAAIR_VA":430.24,"TRAAIR_EXP":465.29,"ALMSTR_VA":1740.82,"ALMSTR_EXP":584.2,"POSTME_VA":284.38,"POSTME_EXP":49.06,"HOTYRE_VA":1573.44,"HOTYRE_EXP":328.34,"MMTVRA_VA":1424.08,"MMTVRA_EXP":194.55,"TELECO_VA":8895.81,"TELECO_EXP":511.51,"ITSERV_VA":3004.59,"ITSERV_EXP":156.83,"SERFIN_VA":22954.36,"SERFIN_EXP":709.45,"GOBEST_VA":11055.94,"GOBEST_EXP":148.08,"SPRSCT_VA":6381.39,"SPRSCT_EXP":122.62,"SEAEMP_VA":3835.08,"SEAEMP_EXP":153.4,"ADPDEF_VA":5162.43,"ADPDEF_EXP":0.01,"EDUCAC_VA":4146.24,"EDUCAC_EXP":133.5,"SALUDH_VA":3128.82,"SALUDH_EXP":23.79,"ESPARC_VA":1972.16,"ESPARC_EXP":75.08,"OTRSER_VA":886.54,"OTRSER_EXP":28.85,"SERHOG_VA":21044.33,"SERHOG_EXP":0.0}}]}