{"type":"FeatureCollection","features":[{"type":"Feature","geometry":{"type":"Point","coordinates":[13.23,-8.84]},"properties":{"id":"AGO","name":"Angola","continent":"other","year":2014,"AGRPFO_VA":7029.0,"AGRPFO_EXP":9.45,"FORLOG_VA":559.85,"FORLOG_EXP":7.82,"PESCAC_VA":1464.72,"PESCAC_EXP":41.56,"MINCOL_VA":43.8,"MINCOL_EXP":0.21,"PETGAS_VA":44172.56,"PETGAS_EXP":56461.25,"MINORE_VA":52.86,"MINORE_EXP":1.74,"MINOTH_VA":11798.35,"MINOTH_EXP":1311.33,"MINSER_VA":7642.39,"MINSER_EXP":391.98,"ALYBEB_VA":2152.99,"ALYBEB_EXP":281.74,"TEXYPR_VA":1041.69,"TEXYPR_EXP":13.22,"MADYPR_VA":36.96,"MADYPR_EXP":4.37,"PAPYPR_VA":132.94,"PAPYPR_EXP":5.06,"PETREF_VA":1365.05,"PETREF_EXP":1189.16,"QUIMYP_VA":608.26,"QUIMYP_EXP":678.93,"FARMED_VA":333.07,"FARMED_EXP":4.53,"HUPLAS_VA":179.04,"HUPLAS_EXP":1.66,"PRNOMT_VA":302.24,"PRNOMT_EXP":2.3,"METBAS_VA":104.53,"METBAS_EXP":5.38,"NONFER_VA":26.61,"NONFER_EXP":9.94,"PRMETA_VA":205.57,"PRMETA_EXP":4.98,"ELCTRO_VA":697.28,"ELCTRO_EXP":22.04,"ELCTRI_VA":280.34,"ELCTRI_EXP":4.03,"MAQYEQ_VA":896.59,"MAQYEQ_EXP":192.77,"AUTOMO_VA":808.44,"AUTOMO_EXP":8.98,"OTRTRA_VA":33.08,"OTRTRA_EXP":0.63,"TRANSP_VA":19.19,"TRANSP_EXP":2.19,"OTRMAN_VA":305.63,"OTRMAN_EXP":36.37,"ELEGAS_VA":4544.51,"ELEGAS_EXP":1065.78,"AGUBAS_VA":524.34,"AGUBAS_EXP":107.31,"CONSTR_VA":7975.99,"CONSTR_EXP":0.14,"COMREV_VA":8626.49,"COMREV_EXP":1093.11,"TRATIE_VA":1011.14,"TRATIE_EXP":338.64,"TRAGUA_VA":495.9,"TRAGUA_EXP":253.0,"TRAAIR_VA":552.98,"TRAAIR_EXP":88.02,"ALMSTR_VA":765.47,"ALMSTR_EXP":55.15,"POSTME_VA":407.64,"POSTME_EXP":2.13,"HOTYRE_VA":2188.44,"HOTYRE_EXP":111.59,"MMTVRA_VA":1168.77,"MMTVRA_EXP":32.68,"TELECO_VA":1807.61,"TELECO_EXP":59.53,"ITSERV_VA":1224.61,"ITSERV_EXP":63.23,"SERFIN_VA":3405.19,"SERFIN_EXP":198.29,"GOBEST_VA":6016.34,"GOBEST_EXP":351.54,"SPRSCT_VA":1923.24,"SPRSCT_EXP":238.31,"SEAEMP_VA":1516.34,"SEAEMP_EXP":447.12,"ADPDEF_VA":9092.46,"ADPDEF_EXP":1.98,"EDUCAC_VA":7486.19,"EDUCAC_EXP":5.04,"SALUDH_VA":1926.61,"SALUDH_EXP":5.83,"ESPARC_VA":311.6,"ESPARC_EXP":17.03,"OTRSER_VA":937.82,"OTRSER_EXP":7.56,"SERHOG_VA":0.0,"SERHOG_EXP":0.0}},{"type":"Feature","geometry":{"type":"Point","coordinates":[53.85,23.42]},"properties":{"id":"ARE","name":"Emiratos Árabes","continent":"other","year":2014,"AGRPFO_VA":4175.79,"AGRPFO_EXP":1638.71,"FORLOG_VA":386.58,"FORLOG_EXP":442.28,"PESCAC_VA":606.74,"PESCAC_EXP":753.09,"MINCOL_VA":925.65,"MINCOL_EXP":1284.0,"PETGAS_VA":113330.05,"PETGAS_EXP":127382.05,"MINORE_VA":11252.5,"MINORE_EXP":6712.83,"MINOTH_VA":8165.48,"MINOTH_EXP":18827.66,"MINSER_VA":11634.83,"MINSER_EXP":2049.96,"ALYBEB_VA":4894.3,"ALYBEB_EXP":6749.33,"TEXYPR_VA":1925.43,"TEXYPR_EXP":1644.95,"MADYPR_VA":195.99,"MADYPR_EXP":102.48,"PAPYPR_VA":960.98,"PAPYPR_EXP":1536.73,"PETREF_VA":14837.96,"PETREF_EXP":33213.92,"QUIMYP_VA":4526.7,"QUIMYP_EXP":12139.84,"FARMED_VA":2527.79,"FARMED_EXP":643.49,"HUPLAS_VA":936.64,"HUPLAS_EXP":1962.37,"PRNOMT_VA":2534.53,"PRNOMT_EXP":3797.61,"METBAS_VA":831.74,"METBAS_EXP":2731.91,"NONFER_VA":3545.05,"NONFER_EXP":11348.85,"PRMETA_VA":1684.15,"PRMETA_EXP":2398.31,"ELCTRO_VA":4769.59,"ELCTRO_EXP":385.18,"ELCTRI_VA":1337.3,"ELCTRI_EXP":2325.4,"MAQYEQ_VA":1488.87,"MAQYEQ_EXP":2350.74,"AUTOMO_VA":1716.9,"AUTOMO_EXP":378.83,"OTRTRA_VA":272.6,"OTRTRA_EXP":622.89,"TRANSP_VA":758.0,"TRANSP_EXP":291.36,"OTRMAN_VA":2634.51,"OTRMAN_EXP":2725.97,"ELEGAS_VA":11479.64,"ELEGAS_EXP":290.1,"AGUBAS_VA":2011.55,"AGUBAS_EXP":33.36,"CONSTR_VA":37393.51,"CONSTR_EXP":443.91,"COMREV_VA":34611.71,"COMREV_EXP":14728.32,"TRATIE_VA":3915.35,"TRATIE_EXP":2315.11,"TRAGUA_VA":2497.09,"TRAGUA_EXP":3399.95,"TRAAIR_VA":3301.07,"TRAAIR_EXP":4236.47,"ALMSTR_VA":2797.42,"ALMSTR_EXP":2227.44,"POSTME_VA":1463.37,"POSTME_EXP":136.96,"HOTYRE_VA":6485.37,"HOTYRE_EXP":1845.92,"MMTVRA_VA":4461.5,"MMTVRA_EXP":868.01,"TELECO_VA":6267.57,"TELECO_EXP":870.78,"ITSERV_VA":4071.38,"ITSERV_EXP":920.55,"SERFIN_VA":13525.84,"SERFIN_EXP":3815.41,"GOBEST_VA":23566.72,"GOBEST_EXP":746.05,"SPRSCT_VA":7896.06,"SPRSCT_EXP":1351.14,"SEAEMP_VA":6277.52,"SEAEMP_EXP":1051.12,"ADPDEF_VA":24473.21,"ADPDEF_EXP":55.47,"EDUCAC_VA":5958.33,"EDUCAC_EXP":170.87,"SALUDH_VA":6407.89,"SALUDH_EXP":117.89,"ESPARC_VA":1359.44,"ESPARC_EXP":597.87,"OTRSER_VA":3176.06,"OTRSER_EXP":170.75,"SERHOG_VA":2216.59,"SERHOG_EXP":0.0}},{"type":"Feature","geometry":{"type":"Point","coordinates":[-63.62,-38.42]},"properties":{"id":"ARG","name":"Argentina","continent":"america","year":2014,"AGRPFO_VA":36983.14,"AGRPFO_EXP":9942.98,"FORLOG_VA":227.86,"FORLOG_EXP":25.45,"PESCAC_VA":1400.29,"PESCAC_EXP":420.43,"MINCOL_VA":18.78,"MINCOL_EXP":2.12,"PETGAS_VA":16274.11,"PETGAS_EXP":2217.6,"MINORE_VA":1653.79,"MINORE_EXP":2094.88,"MINOTH_VA":1016.95,"MINOTH_EXP":36.6,"MINSER_VA":1492.48,"MINSER_EXP":21.02,"ALYBEB_VA":26918.65,"ALYBEB_EXP":19724.8,"TEXYPR_VA":7155.02,"TEXYPR_EXP":1634.5,"MADYPR_VA":1375.13,"MADYPR_EXP":172.76,"PAPYPR_VA":5725.05,"PAPYPR_EXP":658.43,"PETREF_VA":3553.82,"PETREF_EXP":2114.75,"QUIMYP_VA":10396.72,"QUIMYP_EXP":3274.98,"FARMED_VA":6631.83,"FARMED_EXP":1033.85,"HUPLAS_VA":4603.47,"HUPLAS_EXP":742.31,"PRNOMT_VA":3831.14,"PRNOMT_EXP":191.45,"METBAS_VA":5311.3,"METBAS_EXP":1282.42,"NONFER_VA":1045.95,"NONFER_EXP":812.47,"PRMETA_VA":3866.87,"PRMETA_EXP":575.6,"ELCTRO_VA":1843.03,"ELCTRO_EXP":250.85,"ELCTRI_VA":1666.21,"ELCTRI_EXP":262.19,"MAQYEQ_VA":5216.29,"MAQYEQ_EXP":991.92,"AUTOMO_VA":4277.61,"AUTOMO_EXP":7235.46,"OTRTRA_VA":95.36,"OTRTRA_EXP":18.56,"TRANSP_VA":342.54,"TRANSP_EXP":61.58,"OTRMAN_VA":3077.23,"OTRMAN_EXP":282.39,"ELEGAS_VA":5773.97,"ELEGAS_EXP":123.3,"AGUBAS_VA":883.19,"AGUBAS_EXP":15.8,"CONSTR_VA":27537.33,"CONSTR_EXP":0.25,"COMREV_VA":68336.39,"COMREV_EXP":9807.91,"TRATIE_VA":14873.92,"TRATIE_EXP":1189.47,"TRAGUA_VA":373.53,"TRAGUA_EXP":76.78,"TRAAIR_VA":906.82,"TRAAIR_EXP":1172.47,"ALMSTR_VA":5374.88,"ALMSTR_EXP":1260.68,"POSTME_VA":962.64,"POSTME_EXP":46.68,"HOTYRE_VA":13068.32,"HOTYRE_EXP":1797.76,"MMTVRA_VA":1068.3,"MMTVRA_EXP":234.79,"TELECO_VA":9377.02,"TELECO_EXP":773.34,"ITSERV_VA":2318.88,"ITSERV_EXP":1526.83,"SERFIN_VA":20477.26,"SERFIN_EXP":262.74,"GOBEST_VA":32471.08,"GOBEST_EXP":234.0,"SPRSCT_VA":22325.6,"SPRSCT_EXP":3061.31,"SEAEMP_VA":7159.45,"SEAEMP_EXP":1061.25,"ADPDEF_VA":39300.86,"ADPDEF_EXP":0.1,"EDUCAC_VA":28713.79,"EDUCAC_EXP":77.9,"SALUDH_VA":25675.61,"SALUDH_EXP":49.76,"ESPARC_VA":1926.72,"ESPARC_EXP":211.07,"OTRSER_VA":6588.67,"OTRSER_EXP":67.43,"SERHOG_VA":6936.09,"SERHOG_EXP":0.0}},{"type":"Feature","geometry":{"type":"Point","coordinates":[133.78,-25.27]},"properties":{"id":"AUS","name":"Australia","continent":"other","year":2014,"AGRPFO_VA":32619.74,"AGRPFO_EXP":11726.38,"FORLOG_VA":1342.41,"FORLOG_EXP":236.31,"PESCAC_VA":1470.3,"PESCAC_EXP":325.59,"MINCOL_VA":16498.46,"MINCOL_EXP":29480.37,"PETGAS_VA":24757.8,"PETGAS_EXP":20529.79,"MINORE_VA":47252.45,"MINORE_EXP":63115.66,"MINOTH_VA":2116.21,"MINOTH_EXP":499.5,"MINSER_VA":8678.77,"MINSER_EXP":295.76,"ALYBEB_VA":23780.62,"ALYBEB_EXP":16694.99,"TEXYPR_VA":2440.12,"TEXYPR_EXP":896.69,"MADYPR_VA":3530.82,"MADYPR_EXP":703.55,"PAPYPR_VA":5525.8,"PAPYPR_EXP":1478.33,"PETREF_VA":3868.16,"PETREF_EXP":2841.52,"QUIMYP_VA":5808.02,"QUIMYP_EXP":4506.24,"FARMED_VA":3287.02,"FARMED_EXP":1571.41,"HUPLAS_VA":4237.23,"HUPLAS_EXP":1165.41,"PRNOMT_VA":5788.99,"PRNOMT_EXP":463.37,"METBAS_VA":2176.88,"METBAS_EXP":900.66,"NONFER_VA":3660.45,"NONFER_EXP":25467.52,"PRMETA_VA":9699.71,"PRMETA_EXP":1801.74,"ELCTRO_VA":3575.82,"ELCTRO_EXP":1429.99,"ELCTRI_VA":1937.44,"ELCTRI_EXP":916.98,"MAQYEQ_VA":5320.19,"MAQYEQ_EXP":2308.13,"AUTOMO_VA":3365.41,"AUTOMO_EXP":2165.92,"OTRTRA_VA":1683.3,"OTRTRA_EXP":497.56,"TRANSP_VA":2375.11,"TRANSP_EXP":553.18,"OTRMAN_VA":7488.91,"OTRMAN_EXP":1090.85,"ELEGAS_VA":22747.15,"ELEGAS_EXP":198.55,"AGUBAS_VA":15181.75,"AGUBAS_EXP":10.25,"CONSTR_VA":121519.69,"CONSTR_EXP":952.6,"COMREV_VA":130539.88,"COMREV_EXP":32890.5,"TRATIE_VA":29153.9,"TRATIE_EXP":5506.56,"TRAGUA_VA":3774.63,"TRAGUA_EXP":1612.44,"TRAAIR_VA":7519.29,"TRAAIR_EXP":5461.88,"ALMSTR_VA":26855.33,"ALMSTR_EXP":3333.36,"POSTME_VA":4564.04,"POSTME_EXP":1241.81,"HOTYRE_VA":39040.98,"HOTYRE_EXP":6068.12,"MMTVRA_VA":13904.71,"MMTVRA_EXP":838.52,"TELECO_VA":21095.62,"TELECO_EXP":1760.62,"ITSERV_VA":28871.06,"ITSERV_EXP":1415.21,"SERFIN_VA":126811.78,"SERFIN_EXP":3907.78,"GOBEST_VA":165768.95,"GOBEST_EXP":1442.63,"SPRSCT_VA":71025.58,"SPRSCT_EXP":5926.2,"SEAEMP_VA":48335.94,"SEAEMP_EXP":4128.05,"ADPDEF_VA":77742.37,"ADPDEF_EXP":32.37,"EDUCAC_VA":69619.53,"EDUCAC_EXP":7665.0,"SALUDH_VA":98108.41,"SALUDH_EXP":505.22,"ESPARC_VA":12487.9,"ESPARC_EXP":1851.17,"OTRSER_VA":13559.45,"OTRSER_EXP":655.3,"SERHOG_VA":0.0,"SERHOG_EXP":0.0}},{"type":"Feature","geometry":{"type":"Point","coordinates":[14.55,47.52]},"properties":{"id":"AUT","name":"Austria","continent":"europe","year":2014,"AGRPFO_VA":4048.59,"AGRPFO_EXP":1498.78,"FORLOG_VA":1860.88,"FORLOG_EXP":101.78,"PESCAC_VA":32.96,"PESCAC_EXP":10.44,"MINCOL_VA":27.89,"MINCOL_EXP":2.7,"PETGAS_VA":1253.19,"PETGAS_EXP":520.42,"MINORE_VA":192.4,"MINORE_EXP":299.81,"MINOTH_VA":672.33,"MINOTH_EXP":315.58,"MINSER_VA":65.34,"MINSER_EXP":33.03,"ALYBEB_VA":8267.51,"ALYBEB_EXP":10433.88,"TEXYPR_VA":1505.07,"TEXYPR_EXP":2845.49,"MADYPR_VA":3020.76,"MADYPR_EXP":3657.67,"PAPYPR_VA":4013.61,"PAPYPR_EXP":4392.02,"PETREF_VA":594.84,"PETREF_EXP":3014.59,"QUIMYP_VA":3610.6,"QUIMYP_EXP":12917.77,"FARMED_VA":2957.16,"FARMED_EXP":3857.88,"HUPLAS_VA":3518.17,"HUPLAS_EXP":3971.06,"PRNOMT_VA":3667.77,"PRNOMT_EXP":2495.56,"METBAS_VA":3271.97,"METBAS_EXP":7046.48,"NONFER_VA":2074.79,"NONFER_EXP":4096.9,"PRMETA_VA":7638.58,"PRMETA_EXP":7962.0,"ELCTRO_VA":4199.95,"ELCTRO_EXP":6159.62,"ELCTRI_VA":7189.45,"ELCTRI_EXP":8645.37,"MAQYEQ_VA":11159.43,"MAQYEQ_EXP":17810.18,"AUTOMO_VA":5818.37,"AUTOMO_EXP":13828.69,"OTRTRA_VA":95.71,"OTRTRA_EXP":73.27,"TRANSP_VA":1097.89,"TRANSP_EXP":2439.49,"OTRMAN_VA":6393.88,"OTRMAN_EXP":5064.87,"ELEGAS_VA":7288.92,"ELEGAS_EXP":1859.14,"AGUBAS_VA":4345.42,"AGUBAS_EXP":80.75,"CONSTR_VA":25893.81,"CONSTR_EXP":431.63,"COMREV_VA":50576.26,"COMREV_EXP":22557.25,"TRATIE_VA":12005.57,"TRATIE_EXP":11098.6,"TRAGUA_VA":295.42,"TRAGUA_EXP":163.91,"TRAAIR_VA":859.77,"TRAAIR_EXP":2625.36,"ALMSTR_VA":8926.76,"ALMSTR_EXP":4235.35,"POSTME_VA":1925.03,"POSTME_EXP":801.29,"HOTYRE_VA":16129.88,"HOTYRE_EXP":3690.97,"MMTVRA_VA":3196.19,"MMTVRA_EXP":1424.08,"TELECO_VA":3548.77,"TELECO_EXP":1126.69,"ITSERV_VA":7677.08,"ITSERV_EXP":4695.65,"SERFIN_VA":17820.28,"SERFIN_EXP":5489.44,"GOBEST_VA":37775.24,"GOBEST_EXP":1450.17,"SPRSCT_VA":20756.36,"SPRSCT_EXP":8960.44,"SEAEMP_VA":17255.77,"SEAEMP_EXP":2474.13,"ADPDEF_VA":21381.95,"ADPDEF_EXP":185.14,"EDUCAC_VA":21682.33,"EDUCAC_EXP":1160.55,"SALUDH_VA":29389.39,"SALUDH_EXP":512.77,"ESPARC_VA":4760.85,"ESPARC_EXP":1325.21,"OTRSER_VA":6015.52,"OTRSER_EXP":538.5,"SERHOG_VA":190.0,"SERHOG_EXP":0.0}},{"type":"Feature","geometry":{"type":"Point","coordinates":[4.47,50.5]},"properties":{"id":"BEL","name":"Bélgica","continent":"europe","year":2014,"AGRPFO_VA":3948.74,"AGRPFO_EXP":2456.15,"FORLOG_VA":148.98,"FORLOG_EXP":118.44,"PESCAC_VA":71.36,"PESCAC_EXP":49.8,"MINCOL_VA":0.0,"MINCOL_EXP":0.0,"PETGAS_VA":0.0,"PETGAS_EXP":0.0,"MINORE_VA":0.0,"MINORE_EXP":0.0,"MINOTH_VA":379.23,"MINOTH_EXP":273.27,"MINSER_VA":3.17,"MINSER_EXP":12.09,"ALYBEB_VA":10633.86,"ALYBEB_EXP":18747.1,"TEXYPR_VA":1951.25,"TEXYPR_EXP":4325.19,"MADYPR_VA":1041.49,"MADYPR_EXP":1167.8,"PAPYPR_VA":2993.54,"PAPYPR_EXP":3038.34,"PETREF_VA":2040.78,"PETREF_EXP":19645.32,"QUIMYP_VA":11604.22,"QUIMYP_EXP":24744.31,"FARMED_VA":8508.99,"FARMED_EXP":10862.97,"HUPLAS_VA":2739.47,"HUPLAS_EXP":4417.75,"PRNOMT_VA":3188.04,"PRNOMT_EXP":2590.45,"METBAS_VA":2257.79,"METBAS_EXP":7715.74,"NONFER_VA":1246.43,"NONFER_EXP":8025.14,"PRMETA_VA":4917.44,"PRMETA_EXP":4273.15,"ELCTRO_VA":1814.84,"ELCTRO_EXP":2713.75,"ELCTRI_VA":1980.14,"ELCTRI_EXP":2759.21,"MAQYEQ_VA":4964.96,"MAQYEQ_EXP":7741.95,"AUTOMO_VA":4929.21,"AUTOMO_EXP":16057.53,"OTRTRA_VA":9.17,"OTRTRA_EXP":30.58,"TRANSP_VA":1133.25,"TRANSP_EXP":731.67,"OTRMAN_VA":3997.48,"OTRMAN_EXP":3568.0,"ELEGAS_VA":7949.7,"ELEGAS_EXP":1156.49,"AGUBAS_VA":4812.77,"AGUBAS_EXP":264.94,"CONSTR_VA":26406.49,"CONSTR_EXP":2313.2,"COMREV_VA":60010.81,"COMREV_EXP":34935.18,"TRATIE_VA":10891.97,"TRATIE_EXP":12315.83,"TRAGUA_VA":578.6,"TRAGUA_EXP":2359.85,"TRAAIR_VA":706.82,"TRAAIR_EXP":3677.98,"ALMSTR_VA":14071.07,"ALMSTR_EXP":16005.16,"POSTME_VA":2855.73,"POSTME_EXP":1370.61,"HOTYRE_VA":9464.98,"HOTYRE_EXP":2358.42,"MMTVRA_VA":4070.64,"MMTVRA_EXP":2526.05,"TELECO_VA":6672.87,"TELECO_EXP":3736.94,"ITSERV_VA":9073.2,"ITSERV_EXP":3781.12,"SERFIN_VA":30536.97,"SERFIN_EXP":13719.52,"GOBEST_VA":45039.67,"GOBEST_EXP":464.06,"SPRSCT_VA":47943.94,"SPRSCT_EXP":41374.35,"SEAEMP_VA":22035.12,"SEAEMP_EXP":8233.59,"ADPDEF_VA":38442.96,"ADPDEF_EXP":643.23,"EDUCAC_VA":33477.99,"EDUCAC_EXP":2285.91,"SALUDH_VA":35784.58,"SALUDH_EXP":117.53,"ESPARC_VA":3099.63,"ESPARC_EXP":862.7,"OTRSER_VA":6539.43,"OTRSER_EXP":444.35,"SERHOG_VA":422.93,"SERHOG_EXP":0.0}},{"type":"Feature","geometry":{"type":"Point","coordinates":[90.36,23.68]},"properties":{"id":"BGD","name":"Bangladesh","continent":"asia","year":2014,"AGRPFO_VA":15098.23,"AGRPFO_EXP":2941.62,"FORLOG_VA":3033.33,"FORLOG_EXP":11.62,"PESCAC_VA":4685.59,"PESCAC_EXP":81.41,"MINCOL_VA":6.45,"MINCOL_EXP":0.03,"PETGAS_VA":1951.86,"PETGAS_EXP":6.5,"MINORE_VA":7.98,"MINORE_EXP":0.39,"MINOTH_VA":94.1,"MINOTH_EXP":8.63,"MINSER_VA":79.45,"MINSER_EXP":5.12,"ALYBEB_VA":5472.66,"ALYBEB_EXP":2318.92,"TEXYPR_VA":20880.82,"TEXYPR_EXP":17257.4,"MADYPR_VA":44.42,"MADYPR_EXP":7.43,"PAPYPR_VA":276.23,"PAPYPR_EXP":11.16,"PETREF_VA":42.28,"PETREF_EXP":60.65,"QUIMYP_VA":343.2,"QUIMYP_EXP":47.85,"FARMED_VA":761.21,"FARMED_EXP":55.28,"HUPLAS_VA":2964.55,"HUPLAS_EXP":72.28,"PRNOMT_VA":2429.95,"PRNOMT_EXP":75.73,"METBAS_VA":843.94,"METBAS_EXP":39.15,"NONFER_VA":494.47,"NONFER_EXP":50.23,"PRMETA_VA":223.57,"PRMETA_EXP":11.14,"ELCTRO_VA":226.28,"ELCTRO_EXP":40.7,"ELCTRI_VA":420.6,"ELCTRI_EXP":72.68,"MAQYEQ_VA":53.73,"MAQYEQ_EXP":17.45,"AUTOMO_VA":31.64,"AUTOMO_EXP":4.43,"OTRTRA_VA":161.69,"OTRTRA_EXP":4.49,"TRANSP_VA":180.84,"TRANSP_EXP":76.52,"OTRMAN_VA":445.97,"OTRMAN_EXP":68.18,"ELEGAS_VA":2008.07,"ELEGAS_EXP":5.02,"AGUBAS_VA":3190.8,"AGUBAS_EXP":10.4,"CONSTR_VA":13605.57,"CONSTR_EXP":33.37,"COMREV_VA":16724.92,"COMREV_EXP":3948.77,"TRATIE_VA":4522.27,"TRATIE_EXP":289.98,"TRAGUA_VA":1275.92,"TRAGUA_EXP":258.83,"TRAAIR_VA":1052.74,"TRAAIR_EXP":333.68,"ALMSTR_VA":1652.75,"ALMSTR_EXP":125.15,"POSTME_VA":261.15,"POSTME_EXP":1.94,"HOTYRE_VA":4250.73,"HOTYRE_EXP":64.84,"MMTVRA_VA":1007.56,"MMTVRA_EXP":124.75,"TELECO_VA":2749.37,"TELECO_EXP":441.07,"ITSERV_VA":985.07,"ITSERV_EXP":385.27,"SERFIN_VA":6344.47,"SERFIN_EXP":174.02,"GOBEST_VA":8065.9,"GOBEST_EXP":41.35,"SPRSCT_VA":4420.61,"SPRSCT_EXP":696.24,"SEAEMP_VA":3349.23,"SEAEMP_EXP":298.44,"ADPDEF_VA":5464.66,"ADPDEF_EXP":4.62,"EDUCAC_VA":4453.16,"EDUCAC_EXP":7.43,"SALUDH_VA":6783.98,"SALUDH_EXP":6.34,"ESPARC_VA":1936.1,"ESPARC_EXP":59.09,"OTRSER_VA":2739.99,"OTRSER_EXP":16.63,"SERHOG_VA":0.0,"SERHOG_EXP":0.0}},{"type":"Feature","geometry":{"type":"Point","coordinates":[25.49,42.73]},"properties":{"id":"BGR","name":"Bulgaria","continent":"europe","year":2014,"AGRPFO_VA":2376.77,"AGRPFO_EXP":2501.41,"FORLOG_VA":266.66,"FORLOG_EXP":84.22,"PESCAC_VA":34.4,"PESCAC_EXP":9.64,"MINCOL_VA":411.57,"MINCOL_EXP":18.09,"PETGAS_VA":94.83,"PETGAS_EXP":8.64,"MINORE_VA":681.29,"MINORE_EXP":943.24,"MINOTH_VA":127.55,"MINOTH_EXP":130.35,"MINSER_VA":2.34,"MINSER_EXP":6.33,"ALYBEB_VA":1550.48,"ALYBEB_EXP":1917.38,"TEXYPR_VA":978.98,"TEXYPR_EXP":1167.04,"MADYPR_VA":153.38,"MADYPR_EXP":256.85,"PAPYPR_VA":332.26,"PAPYPR_EXP":305.68,"PETREF_VA":440.98,"PETREF_EXP":2262.13,"QUIMYP_VA":479.24,"QUIMYP_EXP":1276.68,"FARMED_VA":309.31,"FARMED_EXP":423.33,"HUPLAS_VA":374.15,"HUPLAS_EXP":719.96,"PRNOMT_VA":482.83,"PRNOMT_EXP":561.35,"METBAS_VA":314.03,"METBAS_EXP":1390.68,"NONFER_VA":268.5,"NONFER_EXP":2023.3,"PRMETA_VA":700.3,"PRMETA_EXP":736.81,"ELCTRO_VA":116.34,"ELCTRO_EXP":280.8,"ELCTRI_VA":374.88,"ELCTRI_EXP":1198.79,"MAQYEQ_VA":554.29,"MAQYEQ_EXP":1238.93,"AUTOMO_VA":284.25,"AUTOMO_EXP":554.99,"OTRTRA_VA":34.02,"OTRTRA_EXP":22.84,"TRANSP_VA":53.98,"TRANSP_EXP":138.49,"OTRMAN_VA":856.5,"OTRMAN_EXP":574.44,"ELEGAS_VA":2152.23,"ELEGAS_EXP":618.65,"AGUBAS_VA":567.64,"AGUBAS_EXP":28.47,"CONSTR_VA":2408.28,"CONSTR_EXP":274.99,"COMREV_VA":6745.13,"COMREV_EXP":3437.95,"TRATIE_VA":2236.13,"TRATIE_EXP":1568.17,"TRAGUA_VA":234.18,"TRAGUA_EXP":184.34,"TRAAIR_VA":149.45,"TRAAIR_EXP":526.66,"ALMSTR_VA":845.11,"ALMSTR_EXP":616.99,"POSTME_VA":177.88,"POSTME_EXP":26.88,"HOTYRE_VA":1207.95,"HOTYRE_EXP":1499.2,"MMTVRA_VA":370.71,"MMTVRA_EXP":163.14,"TELECO_VA":1198.79,"TELECO_EXP":272.95,"ITSERV_VA":1219.68,"ITSERV_EXP":655.07,"SERFIN_VA":3355.63,"SERFIN_EXP":419.64,"GOBEST_VA":5175.23,"GOBEST_EXP":251.51,"SPRSCT_VA":1758.67,"SPRSCT_EXP":979.5,"SEAEMP_VA":1106.82,"SEAEMP_EXP":353.48,"ADPDEF_VA":3638.26,"ADPDEF_EXP":42.19,"EDUCAC_VA":2103.03,"EDUCAC_EXP":141.99,"SALUDH_VA":1868.85,"SALUDH_EXP":72.48,"ESPARC_VA":696.2,"ESPARC_EXP":391.64,"OTRSER_VA":605.93,"OTRSER_EXP":83.36,"SERHOG_VA":70.43,"SERHOG_EXP":0.0}},{"type":"Feature","geometry":{"type":"Point","coordinates":[27.95,53.71]},"properties":{"id":"BLR","name":"Bielorrusia","continent":"europe","year":2014,"AGRPFO_VA":6781.24,"AGRPFO_EXP":1305.69,"FORLOG_VA":436.53,"FORLOG_EXP":193.27,"PESCAC_VA":119.11,"PESCAC_EXP":7.77,"MINCOL_VA":11.95,"MINCOL_EXP":0.9,"PETGAS_VA":471.92,"PETGAS_EXP":240.02,"MINORE_VA":11.62,"MINORE_EXP":0.66,"MINOTH_VA":230.12,"MINOTH_EXP":189.81,"MINSER_VA":127.8,"MINSER_EXP":14.88,"ALYBEB_VA":5115.47,"ALYBEB_EXP":7055.78,"TEXYPR_VA":2153.69,"TEXYPR_EXP":743.41,"MADYPR_VA":536.67,"MADYPR_EXP":998.72,"PAPYPR_VA":1055.4,"PAPYPR_EXP":340.53,"PETREF_VA":3247.26,"PETREF_EXP":1397.03,"QUIMYP_VA":1880.2,"QUIMYP_EXP":5170.4,"FARMED_VA":473.57,"FARMED_EXP":268.09,"HUPLAS_VA":766.6,"HUPLAS_EXP":1738.26,"PRNOMT_VA":1312.38,"PRNOMT_EXP":1747.99,"METBAS_VA":790.7,"METBAS_EXP":606.28,"NONFER_VA":453.08,"NONFER_EXP":310.08,"PRMETA_VA":883.82,"PRMETA_EXP":1273.97,"ELCTRO_VA":569.63,"ELCTRO_EXP":765.95,"ELCTRI_VA":532.67,"ELCTRI_EXP":1515.77,"MAQYEQ_VA":1392.72,"MAQYEQ_EXP":2921.15,"AUTOMO_VA":1349.72,"AUTOMO_EXP":1082.94,"OTRTRA_VA":142.48,"OTRTRA_EXP":3.68,"TRANSP_VA":141.02,"TRANSP_EXP":134.45,"OTRMAN_VA":1167.63,"OTRMAN_EXP":1145.76,"ELEGAS_VA":2342.54,"ELEGAS_EXP":83.05,"AGUBAS_VA":623.79,"AGUBAS_EXP":16.23,"CONSTR_VA":5912.95,"CONSTR_EXP":106.69,"COMREV_VA":7229.1,"COMREV_EXP":2764.84,"TRATIE_VA":2375.6,"TRATIE_EXP":633.61,"TRAGUA_VA":485.88,"TRAGUA_EXP":1049.4,"TRAAIR_VA":424.2,"TRAAIR_EXP":1576.93,"ALMSTR_VA":639.18,"ALMSTR_EXP":452.23,"POSTME_VA":116.34,"POSTME_EXP":4.0,"HOTYRE_VA":1825.97,"HOTYRE_EXP":248.37,"MMTVRA_VA":461.51,"MMTVRA_EXP":264.79,"TELECO_VA":1121.37,"TELECO_EXP":639.93,"ITSERV_VA":529.98,"ITSERV_EXP":551.01,"SERFIN_VA":2735.06,"SERFIN_EXP":390.11,"GOBEST_VA":3046.48,"GOBEST_EXP":251.32,"SPRSCT_VA":1787.24,"SPRSCT_EXP":1386.75,"SEAEMP_VA":1312.07,"SEAEMP_EXP":414.63,"ADPDEF_VA":3551.13,"ADPDEF_EXP":11.23,"EDUCAC_VA":2537.42,"EDUCAC_EXP":20.91,"SALUDH_VA":2870.0,"SALUDH_EXP":14.09,"ESPARC_VA":426.07,"ESPARC_EXP":89.21,"OTRSER_VA":791.51,"OTRSER_EXP":24.01,"SERHOG_VA":0.0,"SERHOG_EXP":0.0}},{"type":"Feature","geometry":{"type":"Point","coordinates":[-51.93,-14.24]},"properties":{"id":"BRA","name":"Brasil","continent":"america","year":2014,"AGRPFO_VA":96348.13,"AGRPFO_EXP":27996.57,"FORLOG_VA":9534.44,"FORLOG_EXP":591.76,"PESCAC_VA":4069.53,"PESCAC_EXP":99.44,"MINCOL_VA":3851.86,"MINCOL_EXP":0.66,"PETGAS_VA":54627.24,"PETGAS_EXP":15640.05,"MINORE_VA":19508.84,"MINORE_EXP":26115.47,"MINOTH_VA":2782.06,"MINOTH_EXP":462.88,"MINSER_VA":5537.26,"MINSER_EXP":124.27,"ALYBEB_VA":49844.57,"ALYBEB_EXP":31519.93,"TEXYPR_VA":24576.81,"TEXYPR_EXP":3861.23,"MADYPR_VA":4936.08,"MADYPR_EXP":1635.43,"PAPYPR_VA":13097.59,"PAPYPR_EXP":5628.89,"PETREF_VA":-3034.14,"PETREF_EXP":4518.24,"QUIMYP_VA":18900.36,"QUIMYP_EXP":7698.24,"FARMED_VA":10804.78,"FARMED_EXP":1103.79,"HUPLAS_VA":13343.95,"HUPLAS_EXP":2421.53,"PRNOMT_VA":14096.97,"PRNOMT_EXP":1725.6,"METBAS_VA":13258.53,"METBAS_EXP":9311.27,"NONFER_VA":4808.22,"NONFER_EXP":7119.86,"PRMETA_VA":15530.28,"PRMETA_EXP":2003.65,"ELCTRO_VA":7839.86,"ELCTRO_EXP":1229.93,"ELCTRI_VA":8632.94,"ELCTRI_EXP":2616.77,"MAQYEQ_VA":18590.01,"MAQYEQ_EXP":6276.93,"AUTOMO_VA":24764.18,"AUTOMO_EXP":9949.91,"OTRTRA_VA":2500.38,"OTRTRA_EXP":1465.8,"TRANSP_VA":2854.26,"TRANSP_EXP":4159.67,"OTRMAN_VA":24999.27,"OTRMAN_EXP":2145.39,"ELEGAS_VA":23152.4,"ELEGAS_EXP":26.11,"AGUBAS_VA":15451.3,"AGUBAS_EXP":1.09,"CONSTR_VA":133074.33,"CONSTR_EXP":19.84,"COMREV_VA":385302.1,"COMREV_EXP":44218.94,"TRATIE_VA":66186.28,"TRATIE_EXP":4892.79,"TRAGUA_VA":3083.72,"TRAGUA_EXP":1682.25,"TRAAIR_VA":3826.01,"TRAAIR_EXP":2976.44,"ALMSTR_VA":26276.62,"ALMSTR_EXP":3875.62,"POSTME_VA":5499.7,"POSTME_EXP":22.0,"HOTYRE_VA":53929.65,"HOTYRE_EXP":1597.66,"MMTVRA_VA":11992.38,"MMTVRA_EXP":406.49,"TELECO_VA":26645.81,"TELECO_EXP":507.77,"ITSERV_VA":31504.72,"ITSERV_EXP":818.47,"SERFIN_VA":133648.59,"SERFIN_EXP":4593.32,"GOBEST_VA":185282.81,"GOBEST_EXP":133.16,"SPRSCT_VA":86467.94,"SPRSCT_EXP":11520.36,"SEAEMP_VA":89219.01,"SEAEMP_EXP":5446.44,"ADPDEF_VA":192474.12,"ADPDEF_EXP":1521.55,"EDUCAC_VA":121820.64,"EDUCAC_EXP":856.64,"SALUDH_VA":78621.5,"SALUDH_EXP":77.81,"ESPARC_VA":18201.39,"ESPARC_EXP":584.17,"OTRSER_VA":40596.6,"OTRSER_EXP":111.32,"SERHOG_VA":23164.67,"SERHOG_EXP":0.0}},{"type":"Feature","geometry":{"type":"Point","coordinates":[114.73,4.54]},"properties":{"id":"BRN","name":"Brunéi","continent":"asia","year":2014,"AGRPFO_VA":56.21,"AGRPFO_EXP":4.09,"FORLOG_VA":34.75,"FORLOG_EXP":0.1,"PESCAC_VA":54.88,"PESCAC_EXP":0.34,"MINCOL_VA":885.63,"MINCOL_EXP":0.0,"PETGAS_VA":5206.41,"PETGAS_EXP":6718.61,"MINORE_VA":1078.13,"MINORE_EXP":0.06,"MINOTH_VA":893.34,"MINOTH_EXP":2.06,"MINSER_VA":746.35,"MINSER_EXP":105.11,"ALYBEB_VA":22.42,"ALYBEB_EXP":12.96,"TEXYPR_VA":30.84,"TEXYPR_EXP":29.02,"MADYPR_VA":2.98,"MADYPR_EXP":1.79,"PAPYPR_VA":10.78,"PAPYPR_EXP":0.47,"PETREF_VA":2105.02,"PETREF_EXP":3710.1,"QUIMYP_VA":17.34,"QUIMYP_EXP":19.29,"FARMED_VA":12.96,"FARMED_EXP":7.3,"HUPLAS_VA":14.11,"HUPLAS_EXP":0.27,"PRNOMT_VA":28.21,"PRNOMT_EXP":1.89,"METBAS_VA":3.61,"METBAS_EXP":8.42,"NONFER_VA":2.91,"NONFER_EXP":6.69,"PRMETA_VA":15.01,"PRMETA_EXP":0.83,"ELCTRO_VA":4.92,"ELCTRO_EXP":0.79,"ELCTRI_VA":8.64,"ELCTRI_EXP":0.55,"MAQYEQ_VA":12.26,"MAQYEQ_EXP":0.63,"AUTOMO_VA":0.0,"AUTOMO_EXP":0.0,"OTRTRA_VA":9.17,"OTRTRA_EXP":0.08,"TRANSP_VA":9.86,"TRANSP_EXP":0.13,"OTRMAN_VA":8.13,"OTRMAN_EXP":0.96,"ELEGAS_VA":96.56,"ELEGAS_EXP":0.5,"AGUBAS_VA":40.9,"AGUBAS_EXP":1.27,"CONSTR_VA":327.99,"CONSTR_EXP":0.47,"COMREV_VA":809.37,"COMREV_EXP":206.49,"TRATIE_VA":139.86,"TRATIE_EXP":19.87,"TRAGUA_VA":148.04,"TRAGUA_EXP":53.67,"TRAAIR_VA":45.18,"TRAAIR_EXP":61.07,"ALMSTR_VA":76.21,"ALMSTR_EXP":37.33,"POSTME_VA":7.89,"POSTME_EXP":9.78,"HOTYRE_VA":166.43,"HOTYRE_EXP":44.05,"MMTVRA_VA":17.68,"MMTVRA_EXP":1.87,"TELECO_VA":242.62,"TELECO_EXP":73.27,"ITSERV_VA":47.32,"ITSERV_EXP":5.66,"SERFIN_VA":768.98,"SERFIN_EXP":60.22,"GOBEST_VA":371.12,"GOBEST_EXP":14.62,"SPRSCT_VA":303.63,"SPRSCT_EXP":105.75,"SEAEMP_VA":122.36,"SEAEMP_EXP":43.83,"ADPDEF_VA":1690.86,"ADPDEF_EXP":0.01,"EDUCAC_VA":427.95,"EDUCAC_EXP":2.7,"SALUDH_VA":210.24,"SALUDH_EXP":1.76,"ESPARC_VA":26.12,"ESPARC_EXP":2.16,"OTRSER_VA":33.14,"OTRSER_EXP":2.52,"SERHOG_VA":24.41,"SERHOG_EXP":0.0}},{"type":"Feature","geometry":{"type":"Point","coordinates":[-106.35,56.13]},"properties":{"id":"CAN","name":"Canadá","continent":"america","year":2014,"AGRPFO_VA":21733.55,"AGRPFO_EXP":18460.96,"FORLOG_VA":5924.15,"FORLOG_EXP":754.09,"PESCAC_VA":1533.6,"PESCAC_EXP":757.11,"MINCOL_VA":1928.91,"MINCOL_EXP":2693.71,"PETGAS_VA":99523.6,"PETGAS_EXP":99436.99,"MINORE_VA":13056.69,"MINORE_EXP":13674.12,"MINOTH_VA":7675.86,"MINOTH_EXP":3278.47,"MINSER_VA":19423.58,"MINSER_EXP":698.29,"ALYBEB_VA":26817.4,"ALYBEB_EXP":18681.25,"TEXYPR_VA":2584.1,"TEXYPR_EXP":2718.15,"MADYPR_VA":7884.07,"MADYPR_EXP":8084.69,"PAPYPR_VA":11194.35,"PAPYPR_EXP":13428.09,"PETREF_VA":10062.65,"PETREF_EXP":16085.93,"QUIMYP_VA":12243.7,"QUIMYP_EXP":17128.3,"FARMED_VA":4548.66,"FARMED_EXP":6434.7,"HUPLAS_VA":8629.11,"HUPLAS_EXP":8616.93,"PRNOMT_VA":6792.96,"PRNOMT_EXP":1821.37,"METBAS_VA":4664.2,"METBAS_EXP":6145.54,"NONFER_VA":5662.83,"NONFER_EXP":27911.73,"PRMETA_VA":13998.47,"PRMETA_EXP":7783.13,"ELCTRO_VA":5714.49,"ELCTRO_EXP":9455.88,"ELCTRI_VA":3050.15,"ELCTRI_EXP":4585.91,"MAQYEQ_VA":14074.18,"MAQYEQ_EXP":17911.89,"AUTOMO_VA":17588.08,"AUTOMO_EXP":43982.3,"OTRTRA_VA":605.21,"OTRTRA_EXP":343.83,"TRANSP_VA":10756.79,"TRANSP_EXP":14488.16,"OTRMAN_VA":13828.98,"OTRMAN_EXP":6515.01,"ELEGAS_VA":34812.92,"ELEGAS_EXP":3593.81,"AGUBAS_VA":8827.18,"AGUBAS_EXP":293.35,"CONSTR_VA":138265.51,"CONSTR_EXP":0.0,"COMREV_VA":185661.02,"COMREV_EXP":56693.38,"TRATIE_VA":43507.68,"TRATIE_EXP":14563.02,"TRAGUA_VA":1615.22,"TRAGUA_EXP":1625.32,"TRAAIR_VA":6920.82,"TRAAIR_EXP":8588.27,"ALMSTR_VA":16276.29,"ALMSTR_EXP":3683.71,"POSTME_VA":7297.51,"POSTME_EXP":1300.57,"HOTYRE_VA":36744.32,"HOTYRE_EXP":6407.8,"MMTVRA_VA":17940.21,"MMTVRA_EXP":3448.1,"TELECO_VA":29131.6,"TELECO_EXP":1955.74,"ITSERV_VA":27859.23,"ITSERV_EXP":6178.45,"SERFIN_VA":119373.22,"SERFIN_EXP":11606.92,"GOBEST_VA":194839.72,"GOBEST_EXP":1219.46,"SPRSCT_VA":73832.65,"SPRSCT_EXP":11175.64,"SEAEMP_VA":55090.15,"SEAEMP_EXP":11994.93,"ADPDEF_VA":118560.28,"ADPDEF_EXP":3471.86,"EDUCAC_VA":90292.0,"EDUCAC_EXP":6174.05,"SALUDH_VA":120166.01,"SALUDH_EXP":717.08,"ESPARC_VA":12404.12,"ESPARC_EXP":2139.52,"OTRSER_VA":22973.67,"OTRSER_EXP":897.74,"SERHOG_VA":2866.38,"SERHOG_EXP":0.0}},{"type":"Feature","geometry":{"type":"Point","coordinates":[8.23,46.82]},"properties":{"id":"CHE","name":"Suiza","continent":"europe","year":2014,"AGRPFO_VA":4475.89,"AGRPFO_EXP":335.25,"FORLOG_VA":482.93,"FORLOG_EXP":102.62,"PESCAC_VA":35.41,"PESCAC_EXP":29.75,"MINCOL_VA":0.0,"MINCOL_EXP":0.0,"PETGAS_VA":3.74,"PETGAS_EXP":5.47,"MINORE_VA":18.68,"MINORE_EXP":7.79,"MINOTH_VA":875.41,"MINOTH_EXP":20.2,"MINSER_VA":14.4,"MINSER_EXP":1.19,"ALYBEB_VA":10816.66,"ALYBEB_EXP":9865.35,"TEXYPR_VA":1303.73,"TEXYPR_EXP":1815.15,"MADYPR_VA":3930.45,"MADYPR_EXP":821.24,"PAPYPR_VA":3454.01,"PAPYPR_EXP":1971.2,"PETREF_VA":210.99,"PETREF_EXP":694.87,"QUIMYP_VA":8715.27,"QUIMYP_EXP":6993.86,"FARMED_VA":25464.21,"FARMED_EXP":38480.03,"HUPLAS_VA":3692.38,"HUPLAS_EXP":6051.57,"PRNOMT_VA":3610.06,"PRNOMT_EXP":1537.01,"METBAS_VA":961.24,"METBAS_EXP":1193.32,"NONFER_VA":808.25,"NONFER_EXP":2216.39,"PRMETA_VA":10807.3,"PRMETA_EXP":6056.4,"ELCTRO_VA":27787.91,"ELCTRO_EXP":32258.97,"ELCTRI_VA":6129.08,"ELCTRI_EXP":11504.01,"MAQYEQ_VA":13212.04,"MAQYEQ_EXP":21896.01,"AUTOMO_VA":842.6,"AUTOMO_EXP":1132.81,"OTRTRA_VA":63.91,"OTRTRA_EXP":14.0,"TRANSP_VA":2184.87,"TRANSP_EXP":3764.82,"OTRMAN_VA":6799.08,"OTRMAN_EXP":7160.68,"ELEGAS_VA":8548.4,"ELEGAS_EXP":2744.71,"AGUBAS_VA":2673.8,"AGUBAS_EXP":22.7,"CONSTR_VA":37420.61,"CONSTR_EXP":361.84,"COMREV_VA":114689.4,"COMREV_EXP":54828.4,"TRATIE_VA":16097.48,"TRATIE_EXP":4730.9,"TRAGUA_VA":1335.75,"TRAGUA_EXP":10201.14,"TRAAIR_VA":2176.45,"TRAAIR_EXP":3086.05,"ALMSTR_VA":5830.65,"ALMSTR_EXP":5701.91,"POSTME_VA":3703.97,"POSTME_EXP":2683.74,"HOTYRE_VA":14264.73,"HOTYRE_EXP":6394.53,"MMTVRA_VA":3836.68,"MMTVRA_EXP":6048.44,"TELECO_VA":9464.13,"TELECO_EXP":1433.61,"ITSERV_VA":18722.01,"ITSERV_EXP":12939.24,"SERFIN_VA":74209.53,"SERFIN_EXP":46662.71,"GOBEST_VA":49565.77,"GOBEST_EXP":1323.17,"SPRSCT_VA":53666.27,"SPRSCT_EXP":15516.07,"SEAEMP_VA":22237.7,"SEAEMP_EXP":11065.62,"ADPDEF_VA":59378.49,"ADPDEF_EXP":992.15,"EDUCAC_VA":4509.0,"EDUCAC_EXP":507.51,"SALUDH_VA":53087.0,"SALUDH_EXP":502.47,"ESPARC_VA":6318.33,"ESPARC_EXP":3240.78,"OTRSER_VA":9818.78,"OTRSER_EXP":343.17,"SERHOG_VA":2310.67,"SERHOG_EXP":0.0}},{"type":"Feature","geometry":{"type":"Point","coordinates":[-71.54,-35.68]},"properties":{"id":"CHL","name":"Chile","continent":"america","year":2014,"AGRPFO_VA":6696.26,"AGRPFO_EXP":3844.32,"FORLOG_VA":1290.0,"FORLOG_EXP":180.78,"PESCAC_VA":1807.18,"PESCAC_EXP":99.76,"MINCOL_VA":52.82,"MINCOL_EXP":42.72,"PETGAS_VA":234.49,"PETGAS_EXP":8.84,"MINORE_VA":26746.41,"MINORE_EXP":39088.97,"MINOTH_VA":1006.64,"MINOTH_EXP":298.71,"MINSER_VA":568.41,"MINSER_EXP":68.93,"ALYBEB_VA":10349.51,"ALYBEB_EXP":8309.8,"TEXYPR_VA":665.71,"TEXYPR_EXP":868.6,"MADYPR_VA":1454.65,"MADYPR_EXP":1926.29,"PAPYPR_VA":2582.07,"PAPYPR_EXP":2670.34,"PETREF_VA":2565.14,"PETREF_EXP":587.41,"QUIMYP_VA":2176.57,"QUIMYP_EXP":2697.49,"FARMED_VA":718.67,"FARMED_EXP":217.28,"HUPLAS_VA":1079.8,"HUPLAS_EXP":711.15,"PRNOMT_VA":1021.16,"PRNOMT_EXP":103.12,"METBAS_VA":115.34,"METBAS_EXP":252.05,"NONFER_VA":379.13,"NONFER_EXP":991.45,"PRMETA_VA":1770.31,"PRMETA_EXP":496.31,"ELCTRO_VA":4545.71,"ELCTRO_EXP":245.62,"ELCTRI_VA":756.76,"ELCTRI_EXP":488.56,"MAQYEQ_VA":734.09,"MAQYEQ_EXP":794.0,"AUTOMO_VA":0.0,"AUTOMO_EXP":0.0,"OTRTRA_VA":164.79,"OTRTRA_EXP":186.22,"TRANSP_VA":313.69,"TRANSP_EXP":94.52,"OTRMAN_VA":1197.88,"OTRMAN_EXP":482.96,"ELEGAS_VA":4709.95,"ELEGAS_EXP":37.32,"AGUBAS_VA":1603.99,"AGUBAS_EXP":0.59,"CONSTR_VA":16337.13,"CONSTR_EXP":5.14,"COMREV_VA":23834.54,"COMREV_EXP":7590.93,"TRATIE_VA":6795.28,"TRATIE_EXP":1639.7,"TRAGUA_VA":249.27,"TRAGUA_EXP":1001.3,"TRAAIR_VA":1926.88,"TRAAIR_EXP":2264.37,"ALMSTR_VA":3805.73,"ALMSTR_EXP":1060.82,"POSTME_VA":265.88,"POSTME_EXP":54.08,"HOTYRE_VA":4964.01,"HOTYRE_EXP":852.91,"MMTVRA_VA":755.3,"MMTVRA_EXP":80.02,"TELECO_VA":4035.73,"TELECO_EXP":214.32,"ITSERV_VA":2942.57,"ITSERV_EXP":230.28,"SERFIN_VA":11959.84,"SERFIN_EXP":606.3,"GOBEST_VA":19767.61,"GOBEST_EXP":224.88,"SPRSCT_VA":17466.46,"SPRSCT_EXP":692.37,"SEAEMP_VA":9496.21,"SEAEMP_EXP":1035.54,"ADPDEF_VA":11748.05,"ADPDEF_EXP":168.39,"EDUCAC_VA":12183.93,"EDUCAC_EXP":69.68,"SALUDH_VA":10905.55,"SALUDH_EXP":39.68,"ESPARC_VA":1127.72,"ESPARC_EXP":93.99,"OTRSER_VA":3050.26,"OTRSER_EXP":80.05,"SERHOG_VA":0.0,"SERHOG_EXP":0.0}},{"type":"Feature","geometry":{"type":"Point","coordinates":[104.2,35.86]},"properties":{"id":"CHN","name":"China","continent":"asia","year":2014,"AGRPFO_VA":717942.14,"AGRPFO_EXP":12813.81,"FORLOG_VA":53846.35,"FORLOG_EXP":52.7,"PESCAC_VA":88716.47,"PESCAC_EXP":1141.1,"MINCOL_VA":127871.72,"MINCOL_EXP":514.35,"PETGAS_VA":130642.42,"PETGAS_EXP":1238.71,"MINORE_VA":56232.21,"MINORE_EXP":1919.82,"MINOTH_VA":43561.77,"MINOTH_EXP":3025.39,"MINSER_VA":8842.99,"MINSER_EXP":520.48,"ALYBEB_VA":380936.78,"ALYBEB_EXP":43444.11,"TEXYPR_VA":301775.44,"TEXYPR_EXP":301943.21,"MADYPR_VA":51107.35,"MADYPR_EXP":12798.33,"PAPYPR_VA":95305.63,"PAPYPR_EXP":16227.54,"PETREF_VA":120400.18,"PETREF_EXP":21783.71,"QUIMYP_VA":238486.55,"QUIMYP_EXP":97845.4,"FARMED_VA":84185.78,"FARMED_EXP":10439.49,"HUPLAS_VA":107560.53,"HUPLAS_EXP":60127.59,"PRNOMT_VA":219337.67,"PRNOMT_EXP":39344.79,"METBAS_VA":183998.0,"METBAS_EXP":62525.2,"NONFER_VA":92021.87,"NONFER_EXP":21502.92,"PRMETA_VA":124832.04,"PRMETA_EXP":73704.26,"ELCTRO_VA":286210.58,"ELCTRO_EXP":441535.29,"ELCTRI_VA":186088.51,"ELCTRI_EXP":165974.83,"MAQYEQ_VA":277222.0,"MAQYEQ_EXP":160827.53,"AUTOMO_VA":227616.84,"AUTOMO_EXP":46214.91,"OTRTRA_VA":17839.63,"OTRTRA_EXP":21187.72,"TRANSP_VA":27508.72,"TRANSP_EXP":21727.84,"OTRMAN_VA":67040.06,"OTRMAN_EXP":143244.34,"ELEGAS_VA":214975.02,"ELEGAS_EXP":1392.27,"AGUBAS_VA":55455.83,"AGUBAS_EXP":0.07,"CONSTR_VA":740484.91,"CONSTR_EXP":0.11,"COMREV_VA":962087.08,"COMREV_EXP":146118.51,"TRATIE_VA":316040.2,"TRATIE_EXP":25242.29,"TRAGUA_VA":55254.76,"TRAGUA_EXP":32285.52,"TRAAIR_VA":24989.3,"TRAAIR_EXP":18472.18,"ALMSTR_VA":52749.49,"ALMSTR_EXP":6318.81,"POSTME_VA":24143.1,"POSTME_EXP":63.5,"HOTYRE_VA":181724.28,"HOTYRE_EXP":8801.59,"MMTVRA_VA":28576.19,"MMTVRA_EXP":6615.88,"TELECO_VA":119690.74,"TELECO_EXP":12072.99,"ITSERV_VA":100939.81,"ITSERV_EXP":11498.57,"SERFIN_VA":699950.92,"SERFIN_EXP":13206.38,"GOBEST_VA":568282.21,"GOBEST_EXP":5755.36,"SPRSCT_VA":204106.88,"SPRSCT_EXP":48772.74,"SEAEMP_VA":231505.87,"SEAEMP_EXP":28169.65,"ADPDEF_VA":363126.72,"ADPDEF_EXP":0.14,"EDUCAC_VA":321583.66,"EDUCAC_EXP":246.47,"SALUDH_VA":202143.61,"SALUDH_EXP":722.81,"ESPARC_VA":62529.77,"ESPARC_EXP":3031.2,"OTRSER_VA":150086.91,"OTRSER_EXP":927.37,"SERHOG_VA":0.0,"SERHOG_EXP":0.0}},{"type":"Feature","geometry":{"type":"Point","coordinates":[-5.55,7.54]},"properties":{"id":"CIV","name":"Costa de Marfil","continent":"other","year":2014,"AGRPFO_VA":10924.45,"AGRPFO_EXP":3835.0,"FORLOG_VA":318.65,"FORLOG_EXP":6.4,"PESCAC_VA":125.03,"PESCAC_EXP":3.97,"MINCOL_VA":2.81,"MINCOL_EXP":7.88,"PETGAS_VA":30.01,"PETGAS_EXP":71.36,"MINORE_VA":93.67,"MINORE_EXP":80.39,"MINOTH_VA":9.39,"MINOTH_EXP":13.75,"MINSER_VA":7.23,"MINSER_EXP":6.83,"ALYBEB_VA":2500.74,"ALYBEB_EXP":3161.1,"TEXYPR_VA":1314.75,"TEXYPR_EXP":221.16,"MADYPR_VA":605.9,"MADYPR_EXP":269.08,"PAPYPR_VA":271.24,"PAPYPR_EXP":6.23,"PETREF_VA":921.47,"PETREF_EXP":643.18,"QUIMYP_VA":259.58,"QUIMYP_EXP":163.35,"FARMED_VA":168.61,"FARMED_EXP":4.32,"HUPLAS_VA":309.93,"HUPLAS_EXP":133.24,"PRNOMT_VA":413.15,"PRNOMT_EXP":40.68,"METBAS_VA":35.18,"METBAS_EXP":4.63,"NONFER_VA":36.95,"NONFER_EXP":68.33,"PRMETA_VA":295.84,"PRMETA_EXP":4.29,"ELCTRO_VA":0.0,"ELCTRO_EXP":0.0,"ELCTRI_VA":1.95,"ELCTRI_EXP":1.33,"MAQYEQ_VA":112.91,"MAQYEQ_EXP":51.14,"AUTOMO_VA":51.86,"AUTOMO_EXP":8.04,"OTRTRA_VA":5.6,"OTRTRA_EXP":0.83,"TRANSP_VA":9.55,"TRANSP_EXP":2.14,"OTRMAN_VA":559.45,"OTRMAN_EXP":51.91,"ELEGAS_VA":761.78,"ELEGAS_EXP":152.51,"AGUBAS_VA":139.87,"AGUBAS_EXP":0.2,"CONSTR_VA":953.99,"CONSTR_EXP":6.31,"COMREV_VA":5578.51,"COMREV_EXP":1113.3,"TRATIE_VA":991.75,"TRATIE_EXP":186.78,"TRAGUA_VA":70.22,"TRAGUA_EXP":96.74,"TRAAIR_VA":165.21,"TRAAIR_EXP":108.38,"ALMSTR_VA":772.18,"ALMSTR_EXP":120.86,"POSTME_VA":137.51,"POSTME_EXP":22.41,"HOTYRE_VA":260.42,"HOTYRE_EXP":68.66,"MMTVRA_VA":301.36,"MMTVRA_EXP":29.66,"TELECO_VA":547.04,"TELECO_EXP":44.76,"ITSERV_VA":571.51,"ITSERV_EXP":141.06,"SERFIN_VA":1545.1,"SERFIN_EXP":39.69,"GOBEST_VA":2572.27,"GOBEST_EXP":13.71,"SPRSCT_VA":658.32,"SPRSCT_EXP":60.11,"SEAEMP_VA":1284.05,"SEAEMP_EXP":4.84,"ADPDEF_VA":3810.54,"ADPDEF_EXP":0.0,"EDUCAC_VA":1352.79,"EDUCAC_EXP":4.52,"SALUDH_VA":319.95,"SALUDH_EXP":2.63,"ESPARC_VA":73.81,"ESPARC_EXP":7.05,"OTRSER_VA":1305.42,"OTRSER_EXP":3.7,"SERHOG_VA":106.78,"SERHOG_EXP":0.0}},{"type":"Feature","geometry":{"type":"Point","coordinates":[12.35,7.37]},"properties":{"id":"CMR","name":"Camerún","continent":"other","year":2014,"AGRPFO_VA":4102.77,"AGRPFO_EXP":889.07,"FORLOG_VA":1502.8,"FORLOG_EXP":307.85,"PESCAC_VA":525.47,"PESCAC_EXP":3.42,"MINCOL_VA":254.11,"MINCOL_EXP":10.97,"PETGAS_VA":1449.85,"PETGAS_EXP":2005.81,"MINORE_VA":32.62,"MINORE_EXP":0.4,"MINOTH_VA":147.32,"MINOTH_EXP":1.22,"MINSER_VA":159.67,"MINSER_EXP":132.99,"ALYBEB_VA":2634.12,"ALYBEB_EXP":223.08,"TEXYPR_VA":1174.59,"TEXYPR_EXP":193.9,"MADYPR_VA":572.88,"MADYPR_EXP":439.65,"PAPYPR_VA":94.68,"PAPYPR_EXP":5.81,"PETREF_VA":339.29,"PETREF_EXP":439.59,"QUIMYP_VA":141.87,"QUIMYP_EXP":347.57,"FARMED_VA":41.75,"FARMED_EXP":1.57,"HUPLAS_VA":44.58,"HUPLAS_EXP":10.46,"PRNOMT_VA":180.95,"PRNOMT_EXP":67.24,"METBAS_VA":11.36,"METBAS_EXP":24.54,"NONFER_VA":49.62,"NONFER_EXP":146.13,"PRMETA_VA":16.43,"PRMETA_EXP":30.41,"ELCTRO_VA":4.51,"ELCTRO_EXP":3.13,"ELCTRI_VA":8.5,"ELCTRI_EXP":3.61,"MAQYEQ_VA":10.52,"MAQYEQ_EXP":15.67,"AUTOMO_VA":8.23,"AUTOMO_EXP":5.94,"OTRTRA_VA":1.31,"OTRTRA_EXP":1.1,"TRANSP_VA":2.02,"TRANSP_EXP":2.02,"OTRMAN_VA":233.45,"OTRMAN_EXP":32.45,"ELEGAS_VA":392.04,"ELEGAS_EXP":0.1,"AGUBAS_VA":236.24,"AGUBAS_EXP":0.45,"CONSTR_VA":1950.54,"CONSTR_EXP":5.82,"COMREV_VA":3632.5,"COMREV_EXP":616.62,"TRATIE_VA":1831.23,"TRATIE_EXP":331.53,"TRAGUA_VA":213.78,"TRAGUA_EXP":99.21,"TRAAIR_VA":257.13,"TRAAIR_EXP":143.65,"ALMSTR_VA":995.66,"ALMSTR_EXP":243.39,"POSTME_VA":320.79,"POSTME_EXP":47.06,"HOTYRE_VA":1852.07,"HOTYRE_EXP":63.85,"MMTVRA_VA":186.19,"MMTVRA_EXP":42.04,"TELECO_VA":322.6,"TELECO_EXP":21.15,"ITSERV_VA":340.15,"ITSERV_EXP":81.0,"SERFIN_VA":630.3,"SERFIN_EXP":185.84,"GOBEST_VA":1536.37,"GOBEST_EXP":16.51,"SPRSCT_VA":1154.03,"SPRSCT_EXP":205.55,"SEAEMP_VA":468.0,"SEAEMP_EXP":472.68,"ADPDEF_VA":2003.05,"ADPDEF_EXP":1.49,"EDUCAC_VA":1219.78,"EDUCAC_EXP":3.48,"SALUDH_VA":412.16,"SALUDH_EXP":2.66,"ESPARC_VA":316.49,"ESPARC_EXP":124.29,"OTRSER_VA":578.66,"OTRSER_EXP":3.81,"SERHOG_VA":24.9,"SERHOG_EXP":0.0}},{"type":"Feature","geometry":{"type":"Point","coordinates":[21.76,-4.04]},"properties":{"id":"COD","name":"R.D. Congo","continent":"other","year":2014,"AGRPFO_VA":3824.54,"AGRPFO_EXP":415.96,"FORLOG_VA":273.86,"FORLOG_EXP":286.61,"PESCAC_VA":287.2,"PESCAC_EXP":0.97,"MINCOL_VA":10.45,"MINCOL_EXP":1.1,"PETGAS_VA":460.37,"PETGAS_EXP":375.99,"MINORE_VA":6516.31,"MINORE_EXP":6987.39,"MINOTH_VA":31.62,"MINOTH_EXP":31.91,"MINSER_VA":148.01,"MINSER_EXP":4.44,"ALYBEB_VA":4687.7,"ALYBEB_EXP":237.49,"TEXYPR_VA":385.25,"TEXYPR_EXP":24.0,"MADYPR_VA":31.7,"MADYPR_EXP":44.48,"PAPYPR_VA":77.95,"PAPYPR_EXP":2.49,"PETREF_VA":16.66,"PETREF_EXP":39.84,"QUIMYP_VA":1.37,"QUIMYP_EXP":0.74,"FARMED_VA":1.52,"FARMED_EXP":0.25,"HUPLAS_VA":64.37,"HUPLAS_EXP":8.01,"PRNOMT_VA":48.63,"PRNOMT_EXP":5.45,"METBAS_VA":173.84,"METBAS_EXP":379.81,"NONFER_VA":1072.63,"NONFER_EXP":2190.71,"PRMETA_VA":49.82,"PRMETA_EXP":13.28,"ELCTRO_VA":0.24,"ELCTRO_EXP":0.26,"ELCTRI_VA":134.72,"ELCTRI_EXP":8.36,"MAQYEQ_VA":1.05,"MAQYEQ_EXP":0.3,"AUTOMO_VA":281.97,"AUTOMO_EXP":10.87,"OTRTRA_VA":17.37,"OTRTRA_EXP":0.05,"TRANSP_VA":0.43,"TRANSP_EXP":0.11,"OTRMAN_VA":112.18,"OTRMAN_EXP":7.17,"ELEGAS_VA":100.27,"ELEGAS_EXP":0.51,"AGUBAS_VA":74.29,"AGUBAS_EXP":0.4,"CONSTR_VA":1713.97,"CONSTR_EXP":1.53,"COMREV_VA":2349.55,"COMREV_EXP":561.1,"TRATIE_VA":2313.52,"TRATIE_EXP":965.73,"TRAGUA_VA":184.48,"TRAGUA_EXP":153.61,"TRAAIR_VA":56.28,"TRAAIR_EXP":35.37,"ALMSTR_VA":292.86,"ALMSTR_EXP":132.72,"POSTME_VA":10.71,"POSTME_EXP":6.19,"HOTYRE_VA":48.41,"HOTYRE_EXP":35.36,"MMTVRA_VA":240.94,"MMTVRA_EXP":3.61,"TELECO_VA":526.3,"TELECO_EXP":7.73,"ITSERV_VA":15.63,"ITSERV_EXP":11.49,"SERFIN_VA":547.93,"SERFIN_EXP":51.32,"GOBEST_VA":1284.98,"GOBEST_EXP":1.64,"SPRSCT_VA":511.06,"SPRSCT_EXP":18.99,"SEAEMP_VA":357.15,"SEAEMP_EXP":14.5,"ADPDEF_VA":3465.78,"ADPDEF_EXP":0.31,"EDUCAC_VA":256.54,"EDUCAC_EXP":3.73,"SALUDH_VA":864.65,"SALUDH_EXP":4.24,"ESPARC_VA":127.21,"ESPARC_EXP":5.83,"OTRSER_VA":229.59,"OTRSER_EXP":3.33,"SERHOG_VA":101.51,"SERHOG_EXP":0.0}},{"type":"Feature","geometry":{"type":"Point","coordinates":[-74.3,4.57]},"properties":{"id":"COL","name":"Colombia","continent":"america","year":2014,"AGRPFO_VA":19073.39,"AGRPFO_EXP":2245.01,"FORLOG_VA":797.9,"FORLOG_EXP":43.66,"PESCAC_VA":621.99,"PESCAC_EXP":21.95,"MINCOL_VA":4302.85,"MINCOL_EXP":4937.45,"PETGAS_VA":26067.44,"PETGAS_EXP":23546.06,"MINORE_VA":1551.91,"MINORE_EXP":1319.83,"MINOTH_VA":1067.31,"MINOTH_EXP":32.82,"MINSER_VA":86.36,"MINSER_EXP":4.64,"ALYBEB_VA":13283.05,"ALYBEB_EXP":3727.52,"TEXYPR_VA":4855.02,"TEXYPR_EXP":1023.25,"MADYPR_VA":534.2,"MADYPR_EXP":34.93,"PAPYPR_VA":2121.1,"PAPYPR_EXP":619.57,"PETREF_VA":3625.46,"PETREF_EXP":3188.59,"QUIMYP_VA":5170.58,"QUIMYP_EXP":2559.16,"FARMED_VA":1378.8,"FARMED_EXP":315.4,"HUPLAS_VA":1224.85,"HUPLAS_EXP":590.64,"PRNOMT_VA":6413.47,"PRNOMT_EXP":440.2,"METBAS_VA":1389.21,"METBAS_EXP":1611.44,"NONFER_VA":194.98,"NONFER_EXP":698.35,"PRMETA_VA":1351.73,"PRMETA_EXP":342.9,"ELCTRO_VA":867.88,"ELCTRO_EXP":181.75,"ELCTRI_VA":876.41,"ELCTRI_EXP":361.97,"MAQYEQ_VA":2176.29,"MAQYEQ_EXP":590.23,"AUTOMO_VA":1085.34,"AUTOMO_EXP":235.6,"OTRTRA_VA":3.65,"OTRTRA_EXP":6.24,"TRANSP_VA":288.02,"TRANSP_EXP":1.35,"OTRMAN_VA":2714.0,"OTRMAN_EXP":242.91,"ELEGAS_VA":7518.48,"ELEGAS_EXP":367.2,"AGUBAS_VA":3633.98,"AGUBAS_EXP":76.62,"CONSTR_VA":27214.43,"CONSTR_EXP":34.93,"COMREV_VA":28293.51,"COMREV_EXP":3447.22,"TRATIE_VA":14795.22,"TRATIE_EXP":1308.31,"TRAGUA_VA":106.9,"TRAGUA_EXP":115.93,"TRAAIR_VA":1835.34,"TRAAIR_EXP":2133.31,"ALMSTR_VA":2880.56,"ALMSTR_EXP":393.03,"POSTME_VA":448.07,"POSTME_EXP":8.88,"HOTYRE_VA":15357.46,"HOTYRE_EXP":865.25,"MMTVRA_VA":1243.34,"MMTVRA_EXP":75.61,"TELECO_VA":7404.5,"TELECO_EXP":161.62,"ITSERV_VA":2574.82,"ITSERV_EXP":155.11,"SERFIN_VA":16284.91,"SERFIN_EXP":181.69,"GOBEST_VA":31428.61,"GOBEST_EXP":146.2,"SPRSCT_VA":12696.31,"SPRSCT_EXP":785.37,"SEAEMP_VA":13873.01,"SEAEMP_EXP":897.74,"ADPDEF_VA":20613.1,"ADPDEF_EXP":14.19,"EDUCAC_VA":16146.11,"EDUCAC_EXP":75.02,"SALUDH_VA":16090.98,"SALUDH_EXP":32.49,"ESPARC_VA":8591.01,"ESPARC_EXP":127.97,"OTRSER_VA":5583.69,"OTRSER_EXP":45.32,"SERHOG_VA":2250.98,"SERHOG_EXP":0.0}},{"type":"Feature","geometry":{"type":"Point","coordinates":[-83.75,9.75]},"properties":{"id":"CRI","name":"Costa Rica","continent":"america","year":2014,"AGRPFO_VA":2261.69,"AGRPFO_EXP":1668.59,"FORLOG_VA":53.79,"FORLOG_EXP":8.3,"PESCAC_VA":28.7,"PESCAC_EXP":2.48,"MINCOL_VA":3.87,"MINCOL_EXP":0.24,"PETGAS_VA":0.76,"PETGAS_EXP":0.22,"MINORE_VA":0.26,"MINORE_EXP":0.1,"MINOTH_VA":153.91,"MINOTH_EXP":4.05,"MINSER_VA":0.27,"MINSER_EXP":0.04,"ALYBEB_VA":2330.78,"ALYBEB_EXP":1888.42,"TEXYPR_VA":198.85,"TEXYPR_EXP":143.25,"MADYPR_VA":80.73,"MADYPR_EXP":30.69,"PAPYPR_VA":345.12,"PAPYPR_EXP":174.47,"PETREF_VA":87.51,"PETREF_EXP":106.31,"QUIMYP_VA":324.15,"QUIMYP_EXP":294.47,"FARMED_VA":93.83,"FARMED_EXP":154.43,"HUPLAS_VA":275.28,"HUPLAS_EXP":481.79,"PRNOMT_VA":280.17,"PRNOMT_EXP":105.94,"METBAS_VA":70.63,"METBAS_EXP":106.48,"NONFER_VA":32.68,"NONFER_EXP":107.16,"PRMETA_VA":154.14,"PRMETA_EXP":95.0,"ELCTRO_VA":257.69,"ELCTRO_EXP":110.52,"ELCTRI_VA":242.69,"ELCTRI_EXP":434.3,"MAQYEQ_VA":11.25,"MAQYEQ_EXP":11.81,"AUTOMO_VA":25.38,"AUTOMO_EXP":3.1,"OTRTRA_VA":1.54,"OTRTRA_EXP":0.7,"TRANSP_VA":1.63,"TRANSP_EXP":0.14,"OTRMAN_VA":990.99,"OTRMAN_EXP":1250.23,"ELEGAS_VA":885.87,"ELEGAS_EXP":6.99,"AGUBAS_VA":445.06,"AGUBAS_EXP":0.2,"CONSTR_VA":2425.2,"CONSTR_EXP":4.58,"COMREV_VA":9731.73,"COMREV_EXP":2200.82,"TRATIE_VA":1543.59,"TRATIE_EXP":526.87,"TRAGUA_VA":443.6,"TRAGUA_EXP":248.89,"TRAAIR_VA":83.05,"TRAAIR_EXP":151.84,"ALMSTR_VA":396.76,"ALMSTR_EXP":209.0,"POSTME_VA":71.78,"POSTME_EXP":17.99,"HOTYRE_VA":1407.98,"HOTYRE_EXP":1401.8,"MMTVRA_VA":510.73,"MMTVRA_EXP":90.1,"TELECO_VA":820.09,"TELECO_EXP":324.34,"ITSERV_VA":834.27,"ITSERV_EXP":369.12,"SERFIN_VA":2322.31,"SERFIN_EXP":323.22,"GOBEST_VA":3832.94,"GOBEST_EXP":227.11,"SPRSCT_VA":2460.31,"SPRSCT_EXP":842.26,"SEAEMP_VA":2325.69,"SEAEMP_EXP":855.63,"ADPDEF_VA":2038.86,"ADPDEF_EXP":18.31,"EDUCAC_VA":3350.62,"EDUCAC_EXP":116.53,"SALUDH_VA":3614.26,"SALUDH_EXP":94.7,"ESPARC_VA":411.71,"ESPARC_EXP":284.81,"OTRSER_VA":517.6,"OTRSER_EXP":84.57,"SERHOG_VA":545.99,"SERHOG_EXP":0.0}},{"type":"Feature","geometry":{"type":"Point","coordinates":[33.43,35.13]},"properties":{"id":"CYP","name":"Chipre","continent":"europe","year":2014,"AGRPFO_VA":398.48,"AGRPFO_EXP":97.47,"FORLOG_VA":16.79,"FORLOG_EXP":1.84,"PESCAC_VA":36.71,"PESCAC_EXP":27.51,"MINCOL_VA":0.0,"MINCOL_EXP":0.0,"PETGAS_VA":12.43,"PETGAS_EXP":0.46,"MINORE_VA":14.73,"MINORE_EXP":16.48,"MINOTH_VA":23.34,"MINOTH_EXP":13.42,"MINSER_VA":0.19,"MINSER_EXP":0.13,"ALYBEB_VA":350.84,"ALYBEB_EXP":318.35,"TEXYPR_VA":16.33,"TEXYPR_EXP":5.88,"MADYPR_VA":39.35,"MADYPR_EXP":37.02,"PAPYPR_VA":56.55,"PAPYPR_EXP":14.75,"PETREF_VA":0.85,"PETREF_EXP":0.1,"QUIMYP_VA":24.27,"QUIMYP_EXP":39.63,"FARMED_VA":110.07,"FARMED_EXP":152.58,"HUPLAS_VA":34.37,"HUPLAS_EXP":19.11,"PRNOMT_VA":104.33,"PRNOMT_EXP":65.16,"METBAS_VA":3.64,"METBAS_EXP":9.61,"NONFER_VA":19.47,"NONFER_EXP":38.58,"PRMETA_VA":91.04,"PRMETA_EXP":19.23,"ELCTRO_VA":26.78,"ELCTRO_EXP":21.01,"ELCTRI_VA":13.32,"ELCTRI_EXP":20.59,"MAQYEQ_VA":23.56,"MAQYEQ_EXP":45.48,"AUTOMO_VA":3.31,"AUTOMO_EXP":4.26,"OTRTRA_VA":1.04,"OTRTRA_EXP":0.71,"TRANSP_VA":1.66,"TRANSP_EXP":0.32,"OTRMAN_VA":92.37,"OTRMAN_EXP":84.5,"ELEGAS_VA":311.95,"ELEGAS_EXP":0.08,"AGUBAS_VA":185.73,"AGUBAS_EXP":0.82,"CONSTR_VA":925.71,"CONSTR_EXP":17.51,"COMREV_VA":2192.18,"COMREV_EXP":552.93,"TRATIE_VA":239.8,"TRATIE_EXP":173.22,"TRAGUA_VA":719.28,"TRAGUA_EXP":627.32,"TRAAIR_VA":12.23,"TRAAIR_EXP":129.41,"ALMSTR_VA":564.28,"ALMSTR_EXP":1012.73,"POSTME_VA":44.85,"POSTME_EXP":31.14,"HOTYRE_VA":1383.7,"HOTYRE_EXP":1115.72,"MMTVRA_VA":326.45,"MMTVRA_EXP":514.89,"TELECO_VA":435.13,"TELECO_EXP":99.79,"ITSERV_VA":257.75,"ITSERV_EXP":850.98,"SERFIN_VA":2799.84,"SERFIN_EXP":5199.46,"GOBEST_VA":1963.2,"GOBEST_EXP":158.42,"SPRSCT_VA":1653.63,"SPRSCT_EXP":250.48,"SEAEMP_VA":351.22,"SEAEMP_EXP":179.7,"ADPDEF_VA":2065.91,"ADPDEF_EXP":29.06,"EDUCAC_VA":1361.85,"EDUCAC_EXP":104.53,"SALUDH_VA":884.2,"SALUDH_EXP":45.41,"ESPARC_VA":356.67,"ESPARC_EXP":111.01,"OTRSER_VA":336.63,"OTRSER_EXP":58.15,"SERHOG_VA":222.15,"SERHOG_EXP":0.0}},{"type":"Feature","geometry":{"type":"Point","coordinates":[15.47,49.82]},"properties":{"id":"CZE","name":"Chequia","continent":"europe","year":2014,"AGRPFO_VA":4009.62,"AGRPFO_EXP":1772.51,"FORLOG_VA":1318.78,"FORLOG_EXP":316.91,"PESCAC_VA":29.08,"PESCAC_EXP":32.68,"MINCOL_VA":1189.33,"MINCOL_EXP":282.77,"PETGAS_VA":259.3,"PETGAS_EXP":176.18,"MINORE_VA":110.03,"MINORE_EXP":13.01,"MINOTH_VA":274.11,"MINOTH_EXP":103.49,"MINSER_VA":93.48,"MINSER_EXP":14.16,"ALYBEB_VA":4285.96,"ALYBEB_EXP":5513.43,"TEXYPR_VA":1241.29,"TEXYPR_EXP":1642.16,"MADYPR_VA":1149.31,"MADYPR_EXP":703.49,"PAPYPR_VA":1443.16,"PAPYPR_EXP":1028.88,"PETREF_VA":950.23,"PETREF_EXP":888.86,"QUIMYP_VA":1736.37,"QUIMYP_EXP":4862.4,"FARMED_VA":899.7,"FARMED_EXP":710.18,"HUPLAS_VA":3990.12,"HUPLAS_EXP":7194.63,"PRNOMT_VA":2280.22,"PRNOMT_EXP":2895.81,"METBAS_VA":1627.2,"METBAS_EXP":3714.23,"NONFER_VA":403.67,"NONFER_EXP":1490.65,"PRMETA_VA":5579.03,"PRMETA_EXP":8199.12,"ELCTRO_VA":2957.29,"ELCTRO_EXP":10721.94,"ELCTRI_VA":3999.63,"ELCTRI_EXP":9720.48,"MAQYEQ_VA":4965.51,"MAQYEQ_EXP":12476.49,"AUTOMO_VA":10566.29,"AUTOMO_EXP":35123.92,"OTRTRA_VA":4.32,"OTRTRA_EXP":20.81,"TRANSP_VA":1110.92,"TRANSP_EXP":1598.5,"OTRMAN_VA":3656.86,"OTRMAN_EXP":2322.84,"ELEGAS_VA":6278.9,"ELEGAS_EXP":1051.55,"AGUBAS_VA":2158.93,"AGUBAS_EXP":79.84,"CONSTR_VA":11058.91,"CONSTR_EXP":377.35,"COMREV_VA":20326.43,"COMREV_EXP":10349.36,"TRATIE_VA":6397.17,"TRATIE_EXP":6049.61,"TRAGUA_VA":189.85,"TRAGUA_EXP":42.57,"TRAAIR_VA":270.68,"TRAAIR_EXP":1180.31,"ALMSTR_VA":4333.68,"ALMSTR_EXP":2028.34,"POSTME_VA":752.29,"POSTME_EXP":65.69,"HOTYRE_VA":3660.72,"HOTYRE_EXP":2207.42,"MMTVRA_VA":1871.2,"MMTVRA_EXP":1259.56,"TELECO_VA":2744.09,"TELECO_EXP":807.01,"ITSERV_VA":4627.17,"ITSERV_EXP":1594.55,"SERFIN_VA":7917.39,"SERFIN_EXP":1133.32,"GOBEST_VA":19105.86,"GOBEST_EXP":447.43,"SPRSCT_VA":9606.97,"SPRSCT_EXP":4139.02,"SEAEMP_VA":3535.04,"SEAEMP_EXP":1033.29,"ADPDEF_VA":11414.93,"ADPDEF_EXP":179.57,"EDUCAC_VA":8114.71,"EDUCAC_EXP":476.23,"SALUDH_VA":8663.11,"SALUDH_EXP":197.73,"ESPARC_VA":1908.24,"ESPARC_EXP":495.67,"OTRSER_VA":1974.75,"OTRSER_EXP":154.57,"SERHOG_VA":159.34,"SERHOG_EXP":0.0}},{"type":"Feature","geometry":{"type":"Point","coordinates":[10.45,51.17]},"properties":{"id":"DEU","name":"Alemania","continent":"europe","year":2014,"AGRPFO_VA":32575.08,"AGRPFO_EXP":9467.06,"FORLOG_VA":4683.71,"FORLOG_EXP":585.62,"PESCAC_VA":305.67,"PESCAC_EXP":174.88,"MINCOL_VA":2015.55,"MINCOL_EXP":185.33,"PETGAS_VA":1226.0,"PETGAS_EXP":1090.7,"MINORE_VA":0.0,"MINORE_EXP":0.0,"MINOTH_VA":3414.25,"MINOTH_EXP":1604.92,"MINSER_VA":277.58,"MINSER_EXP":580.07,"ALYBEB_VA":56551.05,"ALYBEB_EXP":52077.48,"TEXYPR_VA":10922.9,"TEXYPR_EXP":13366.0,"MADYPR_VA":8651.28,"MADYPR_EXP":6129.06,"PAPYPR_VA":25248.76,"PAPYPR_EXP":21956.96,"PETREF_VA":15047.22,"PETREF_EXP":30074.02,"QUIMYP_VA":58589.96,"QUIMYP_EXP":109760.22,"FARMED_VA":31310.42,"FARMED_EXP":34076.06,"HUPLAS_VA":37793.96,"HUPLAS_EXP":34294.84,"PRNOMT_VA":23578.21,"PRNOMT_EXP":12782.75,"METBAS_VA":20167.17,"METBAS_EXP":28867.77,"NONFER_VA":10202.95,"NONFER_EXP":19411.59,"PRMETA_VA":70762.98,"PRMETA_EXP":38517.75,"ELCTRO_VA":47800.56,"ELCTRO_EXP":77615.52,"ELCTRI_VA":58272.73,"ELCTRI_EXP":73101.27,"MAQYEQ_VA":127507.36,"MAQYEQ_EXP":150181.55,"AUTOMO_VA":156903.37,"AUTOMO_EXP":251758.99,"OTRTRA_VA":1880.04,"OTRTRA_EXP":3719.37,"TRANSP_VA":15569.11,"TRANSP_EXP":19604.34,"OTRMAN_VA":52622.97,"OTRMAN_EXP":32348.14,"ELEGAS_VA":41838.81,"ELEGAS_EXP":6134.53,"AGUBAS_VA":38223.82,"AGUBAS_EXP":411.27,"CONSTR_VA":153560.26,"CONSTR_EXP":808.09,"COMREV_VA":352657.76,"COMREV_EXP":159053.67,"TRATIE_VA":65729.45,"TRATIE_EXP":31913.63,"TRAGUA_VA":8506.5,"TRAGUA_EXP":30298.63,"TRAAIR_VA":9986.18,"TRAAIR_EXP":26763.41,"ALMSTR_VA":64731.14,"ALMSTR_EXP":15963.23,"POSTME_VA":19736.52,"POSTME_EXP":1583.2,"HOTYRE_VA":56278.02,"HOTYRE_EXP":9054.17,"MMTVRA_VA":40159.95,"MMTVRA_EXP":11405.03,"TELECO_VA":35227.22,"TELECO_EXP":4522.11,"ITSERV_VA":92512.11,"ITSERV_EXP":16875.23,"SERFIN_VA":163150.49,"SERFIN_EXP":45078.12,"GOBEST_VA":390457.64,"GOBEST_EXP":3168.89,"SPRSCT_VA":226157.47,"SPRSCT_EXP":69181.25,"SEAEMP_VA":176888.81,"SEAEMP_EXP":27400.27,"ADPDEF_VA":213744.18,"ADPDEF_EXP":0.31,"EDUCAC_VA":164132.95,"EDUCAC_EXP":4635.8,"SALUDH_VA":283850.08,"SALUDH_EXP":1359.75,"ESPARC_VA":41232.15,"ESPARC_EXP":2642.33,"OTRSER_VA":85682.43,"OTRSER_EXP":831.2,"SERHOG_VA":8675.93,"SERHOG_EXP":0.0}},{"type":"Feature","geometry":{"type":"Point","coordinates":[9.5,56.26]},"properties":{"id":"DNK","name":"Dinamarca","continent":"europe","year":2014,"AGRPFO_VA":4561.11,"AGRPFO_EXP":4022.29,"FORLOG_VA":256.53,"FORLOG_EXP":80.93,"PESCAC_VA":409.32,"PESCAC_EXP":571.54,"MINCOL_VA":0.0,"MINCOL_EXP":0.0,"PETGAS_VA":5775.44,"PETGAS_EXP":3939.48,"MINORE_VA":0.0,"MINORE_EXP":0.0,"MINOTH_VA":197.27,"MINOTH_EXP":147.06,"MINSER_VA":332.65,"MINSER_EXP":73.44,"ALYBEB_VA":5410.27,"ALYBEB_EXP":11557.31,"TEXYPR_VA":555.03,"TEXYPR_EXP":690.61,"MADYPR_VA":776.26,"MADYPR_EXP":565.1,"PAPYPR_VA":1249.72,"PAPYPR_EXP":671.81,"PETREF_VA":-101.8,"PETREF_EXP":2368.82,"QUIMYP_VA":2911.81,"QUIMYP_EXP":4604.8,"FARMED_VA":9235.11,"FARMED_EXP":9917.25,"HUPLAS_VA":1783.66,"HUPLAS_EXP":1833.08,"PRNOMT_VA":1578.09,"PRNOMT_EXP":806.02,"METBAS_VA":330.35,"METBAS_EXP":452.45,"NONFER_VA":156.5,"NONFER_EXP":305.77,"PRMETA_VA":3408.57,"PRMETA_EXP":2456.95,"ELCTRO_VA":2856.91,"ELCTRO_EXP":4197.7,"ELCTRI_VA":1236.6,"ELCTRI_EXP":2136.45,"MAQYEQ_VA":7790.2,"MAQYEQ_EXP":12557.6,"AUTOMO_VA":436.42,"AUTOMO_EXP":673.15,"OTRTRA_VA":107.67,"OTRTRA_EXP":127.26,"TRANSP_VA":120.3,"TRANSP_EXP":158.41,"OTRMAN_VA":4327.25,"OTRMAN_EXP":4637.88,"ELEGAS_VA":4007.85,"ELEGAS_EXP":973.86,"AGUBAS_VA":2763.78,"AGUBAS_EXP":19.33,"CONSTR_VA":15144.3,"CONSTR_EXP":828.79,"COMREV_VA":41579.81,"COMREV_EXP":19522.83,"TRATIE_VA":6596.98,"TRATIE_EXP":5594.52,"TRAGUA_VA":6962.16,"TRAGUA_EXP":32561.79,"TRAAIR_VA":704.34,"TRAAIR_EXP":3391.7,"ALMSTR_VA":4778.14,"ALMSTR_EXP":4426.12,"POSTME_VA":1442.06,"POSTME_EXP":348.83,"HOTYRE_VA":5018.77,"HOTYRE_EXP":1794.33,"MMTVRA_VA":4435.58,"MMTVRA_EXP":1579.7,"TELECO_VA":3515.11,"TELECO_EXP":821.89,"ITSERV_VA":6469.56,"ITSERV_EXP":2678.35,"SERFIN_VA":18185.63,"SERFIN_EXP":2594.47,"GOBEST_VA":33398.85,"GOBEST_EXP":517.98,"SPRSCT_VA":17385.27,"SPRSCT_EXP":7430.39,"SEAEMP_VA":9594.46,"SEAEMP_EXP":3661.06,"ADPDEF_VA":16972.54,"ADPDEF_EXP":173.49,"EDUCAC_VA":20560.19,"EDUCAC_EXP":1005.84,"SALUDH_VA":33948.03,"SALUDH_EXP":156.17,"ESPARC_VA":4912.11,"ESPARC_EXP":571.85,"OTRSER_VA":4804.71,"OTRSER_EXP":109.71,"SERHOG_VA":887.95,"SERHOG_EXP":0.0}},{"type":"Feature","geometry":{"type":"Point","coordinates":[30.8,26.82]},"properties":{"id":"EGY","name":"Egipto","continent":"other","year":2014,"AGRPFO_VA":34411.95,"AGRPFO_EXP":2307.04,"FORLOG_VA":4.28,"FORLOG_EXP":0.68,"PESCAC_VA":3549.73,"PESCAC_EXP":25.13,"MINCOL_VA":351.67,"MINCOL_EXP":81.95,"PETGAS_VA":32993.01,"PETGAS_EXP":2667.49,"MINORE_VA":463.93,"MINORE_EXP":2.43,"MINOTH_VA":1768.97,"MINOTH_EXP":317.84,"MINSER_VA":1176.76,"MINSER_EXP":36.94,"ALYBEB_VA":7987.29,"ALYBEB_EXP":2161.26,"TEXYPR_VA":4090.9,"TEXYPR_EXP":2403.45,"MADYPR_VA":1454.12,"MADYPR_EXP":131.67,"PAPYPR_VA":2770.9,"PAPYPR_EXP":260.33,"PETREF_VA":9543.95,"PETREF_EXP":3091.56,"QUIMYP_VA":5094.8,"QUIMYP_EXP":2032.3,"FARMED_VA":1369.39,"FARMED_EXP":267.68,"HUPLAS_VA":844.73,"HUPLAS_EXP":558.36,"PRNOMT_VA":3569.96,"PRNOMT_EXP":818.81,"METBAS_VA":2834.53,"METBAS_EXP":700.08,"NONFER_VA":3044.37,"NONFER_EXP":1070.17,"PRMETA_VA":1815.9,"PRMETA_EXP":419.92,"ELCTRO_VA":283.89,"ELCTRO_EXP":440.32,"ELCTRI_VA":1273.54,"ELCTRI_EXP":1034.8,"MAQYEQ_VA":340.51,"MAQYEQ_EXP":149.66,"AUTOMO_VA":656.47,"AUTOMO_EXP":77.12,"OTRTRA_VA":31.0,"OTRTRA_EXP":0.61,"TRANSP_VA":94.03,"TRANSP_EXP":0.8,"OTRMAN_VA":3977.49,"OTRMAN_EXP":887.78,"ELEGAS_VA":4222.75,"ELEGAS_EXP":110.49,"AGUBAS_VA":1573.96,"AGUBAS_EXP":3.12,"CONSTR_VA":19095.16,"CONSTR_EXP":21.74,"COMREV_VA":39096.85,"COMREV_EXP":3247.92,"TRATIE_VA":8713.63,"TRATIE_EXP":1401.44,"TRAGUA_VA":5839.78,"TRAGUA_EXP":2923.2,"TRAAIR_VA":2106.69,"TRAAIR_EXP":1359.81,"ALMSTR_VA":12996.95,"ALMSTR_EXP":5584.52,"POSTME_VA":498.99,"POSTME_EXP":194.68,"HOTYRE_VA":8202.02,"HOTYRE_EXP":3884.89,"MMTVRA_VA":1278.78,"MMTVRA_EXP":354.42,"TELECO_VA":6627.22,"TELECO_EXP":561.39,"ITSERV_VA":1339.57,"ITSERV_EXP":370.99,"SERFIN_VA":13626.88,"SERFIN_EXP":377.03,"GOBEST_VA":23880.61,"GOBEST_EXP":353.14,"SPRSCT_VA":6520.42,"SPRSCT_EXP":1522.47,"SEAEMP_VA":4460.78,"SEAEMP_EXP":1919.45,"ADPDEF_VA":15432.55,"ADPDEF_EXP":64.01,"EDUCAC_VA":13161.85,"EDUCAC_EXP":126.8,"SALUDH_VA":6890.64,"SALUDH_EXP":69.63,"ESPARC_VA":3405.9,"ESPARC_EXP":179.66,"OTRSER_VA":4786.37,"OTRSER_EXP":91.66,"SERHOG_VA":172.69,"SERHOG_EXP":0.0}},{"type":"Feature","geometry":{"type":"Point","coordinates":[-3.75,40.46]},"properties":{"id":"ESP","name":"España","continent":"europe","year":2014,"AGRPFO_VA":31954.6,"AGRPFO_EXP":14721.08,"FORLOG_VA":1287.93,"FORLOG_EXP":291.95,"PESCAC_VA":2251.5,"PESCAC_EXP":646.84,"MINCOL_VA":257.64,"MINCOL_EXP":98.23,"PETGAS_VA":74.77,"PETGAS_EXP":89.49,"MINORE_VA":259.52,"MINORE_EXP":378.05,"MINOTH_VA":1482.69,"MINOTH_EXP":977.73,"MINSER_VA":216.56,"MINSER_EXP":209.41,"ALYBEB_VA":32242.47,"ALYBEB_EXP":25405.62,"TEXYPR_VA":11259.57,"TEXYPR_EXP":9835.3,"MADYPR_VA":2039.76,"MADYPR_EXP":1515.66,"PAPYPR_VA":7405.22,"PAPYPR_EXP":5171.86,"PETREF_VA":1149.57,"PETREF_EXP":21744.61,"QUIMYP_VA":10892.27,"QUIMYP_EXP":23037.89,"FARMED_VA":9641.26,"FARMED_EXP":11199.4,"HUPLAS_VA":7707.57,"HUPLAS_EXP":7945.72,"PRNOMT_VA":6513.7,"PRNOMT_EXP":5998.47,"METBAS_VA":3445.8,"METBAS_EXP":9255.74,"NONFER_VA":2137.35,"NONFER_EXP":6099.13,"PRMETA_VA":13272.82,"PRMETA_EXP":10773.2,"ELCTRO_VA":2239.12,"ELCTRO_EXP":3204.16,"ELCTRI_VA":5204.17,"ELCTRI_EXP":9853.28,"MAQYEQ_VA":9379.35,"MAQYEQ_EXP":14432.01,"AUTOMO_VA":14863.06,"AUTOMO_EXP":45169.1,"OTRTRA_VA":1165.97,"OTRTRA_EXP":735.69,"TRANSP_VA":5351.56,"TRANSP_EXP":6672.87,"OTRMAN_VA":12447.84,"OTRMAN_EXP":6154.6,"ELEGAS_VA":32250.46,"ELEGAS_EXP":981.94,"AGUBAS_VA":14494.13,"AGUBAS_EXP":96.99,"CONSTR_VA":75313.48,"CONSTR_EXP":638.73,"COMREV_VA":162675.14,"COMREV_EXP":56240.24,"TRATIE_VA":33552.89,"TRATIE_EXP":16153.22,"TRAGUA_VA":811.43,"TRAGUA_EXP":991.89,"TRAAIR_VA":3014.98,"TRAAIR_EXP":8786.94,"ALMSTR_VA":22092.36,"ALMSTR_EXP":8452.71,"POSTME_VA":2937.76,"POSTME_EXP":285.53,"HOTYRE_VA":78216.28,"HOTYRE_EXP":15610.59,"MMTVRA_VA":9445.23,"MMTVRA_EXP":3325.72,"TELECO_VA":20356.02,"TELECO_EXP":4979.79,"ITSERV_VA":18991.58,"ITSERV_EXP":11153.28,"SERFIN_VA":49868.31,"SERFIN_EXP":8826.96,"GOBEST_VA":161829.18,"GOBEST_EXP":3767.45,"SPRSCT_VA":57055.23,"SPRSCT_EXP":17063.39,"SEAEMP_VA":46982.61,"SEAEMP_EXP":10301.72,"ADPDEF_VA":83653.2,"ADPDEF_EXP":2481.14,"EDUCAC_VA":69632.96,"EDUCAC_EXP":2889.75,"SALUDH_VA":80360.44,"SALUDH_EXP":1090.38,"ESPARC_VA":24776.18,"ESPARC_EXP":2703.71,"OTRSER_VA":22945.97,"OTRSER_EXP":1107.64,"SERHOG_VA":12559.27,"SERHOG_EXP":0.0}},{"type":"Feature","geometry":{"type":"Point","coordinates":[25.01,58.6]},"properties":{"id":"EST","name":"Estonia","continent":"europe","year":2014,"AGRPFO_VA":490.72,"AGRPFO_EXP":277.59,"FORLOG_VA":360.35,"FORLOG_EXP":187.53,"PESCAC_VA":46.35,"PESCAC_EXP":60.99,"MINCOL_VA":23.04,"MINCOL_EXP":0.93,"PETGAS_VA":229.05,"PETGAS_EXP":88.48,"MINORE_VA":0.0,"MINORE_EXP":0.0,"MINOTH_VA":71.58,"MINOTH_EXP":15.66,"MINSER_VA":1.95,"MINSER_EXP":2.46,"ALYBEB_VA":577.29,"ALYBEB_EXP":846.07,"TEXYPR_VA":239.25,"TEXYPR_EXP":411.57,"MADYPR_VA":608.58,"MADYPR_EXP":1441.06,"PAPYPR_VA":185.71,"PAPYPR_EXP":286.72,"PETREF_VA":182.72,"PETREF_EXP":244.09,"QUIMYP_VA":135.86,"QUIMYP_EXP":593.0,"FARMED_VA":14.84,"FARMED_EXP":45.52,"HUPLAS_VA":147.13,"HUPLAS_EXP":351.7,"PRNOMT_VA":186.48,"PRNOMT_EXP":263.07,"METBAS_VA":8.95,"METBAS_EXP":23.79,"NONFER_VA":6.56,"NONFER_EXP":37.76,"PRMETA_VA":436.14,"PRMETA_EXP":770.73,"ELCTRO_VA":295.28,"ELCTRO_EXP":1948.56,"ELCTRI_VA":224.69,"ELCTRI_EXP":500.7,"MAQYEQ_VA":160.42,"MAQYEQ_EXP":327.49,"AUTOMO_VA":133.22,"AUTOMO_EXP":277.12,"OTRTRA_VA":29.05,"OTRTRA_EXP":32.55,"TRANSP_VA":0.93,"TRANSP_EXP":0.65,"OTRMAN_VA":450.0,"OTRMAN_EXP":740.82,"ELEGAS_VA":786.67,"ELEGAS_EXP":255.8,"AGUBAS_VA":196.86,"AGUBAS_EXP":7.92,"CONSTR_VA":1522.8,"CONSTR_EXP":63.84,"COMREV_VA":2976.27,"COMREV_EXP":1560.78,"TRATIE_VA":959.3,"TRATIE_EXP":867.04,"TRAGUA_VA":182.13,"TRAGUA_EXP":455.63,"TRAAIR_VA":20.49,"TRAAIR_EXP":154.23,"ALMSTR_VA":1144.96,"ALMSTR_EXP":1791.28,"POSTME_VA":70.94,"POSTME_EXP":80.89,"HOTYRE_VA":464.09,"HOTYRE_EXP":576.68,"MMTVRA_VA":175.38,"MMTVRA_EXP":104.48,"TELECO_VA":426.19,"TELECO_EXP":193.63,"ITSERV_VA":611.31,"ITSERV_EXP":610.63,"SERFIN_VA":957.59,"SERFIN_EXP":210.42,"GOBEST_VA":2629.0,"GOBEST_EXP":139.25,"SPRSCT_VA":1197.23,"SPRSCT_EXP":568.11,"SEAEMP_VA":828.44,"SEAEMP_EXP":498.79,"ADPDEF_VA":1520.83,"ADPDEF_EXP":36.94,"EDUCAC_VA":1065.39,"EDUCAC_EXP":51.83,"SALUDH_VA":880.28,"SALUDH_EXP":32.09,"ESPARC_VA":355.9,"ESPARC_EXP":83.25,"OTRSER_VA":219.11,"OTRSER_EXP":34.99,"SERHOG_VA":14.12,"SERHOG_EXP":0.0}},{"type":"Feature","geometry":{"type":"Point","coordinates":[25.75,61.92]},"properties":{"id":"FIN","name":"Finlandia","continent":"europe","year":2014,"AGRPFO_VA":2007.64,"AGRPFO_EXP":1073.38,"FORLOG_VA":4318.67,"FORLOG_EXP":67.18,"PESCAC_VA":167.17,"PESCAC_EXP":20.17,"MINCOL_VA":191.04,"MINCOL_EXP":11.88,"PETGAS_VA":0.0,"PETGAS_EXP":0.0,"MINORE_VA":203.64,"MINORE_EXP":519.8,"MINOTH_VA":508.77,"MINOTH_EXP":201.84,"MINSER_VA":23.42,"MINSER_EXP":18.98,"ALYBEB_VA":3714.55,"ALYBEB_EXP":1475.49,"TEXYPR_VA":554.1,"TEXYPR_EXP":720.23,"MADYPR_VA":1762.31,"MADYPR_EXP":2655.51,"PAPYPR_VA":4899.16,"PAPYPR_EXP":10178.72,"PETREF_VA":1432.34,"PETREF_EXP":6039.26,"QUIMYP_VA":2519.62,"QUIMYP_EXP":5808.12,"FARMED_VA":1783.74,"FARMED_EXP":874.51,"HUPLAS_VA":1440.44,"HUPLAS_EXP":1681.62,"PRNOMT_VA":1472.39,"PRNOMT_EXP":794.1,"METBAS_VA":1206.28,"METBAS_EXP":4101.83,"NONFER_VA":718.6,"NONFER_EXP":1833.2,"PRMETA_VA":3329.29,"PRMETA_EXP":1893.37,"ELCTRO_VA":5803.75,"ELCTRO_EXP":5580.94,"ELCTRI_VA":2481.88,"ELCTRI_EXP":3821.55,"MAQYEQ_VA":6247.53,"MAQYEQ_EXP":8909.98,"AUTOMO_VA":668.69,"AUTOMO_EXP":1083.17,"OTRTRA_VA":369.49,"OTRTRA_EXP":853.35,"TRANSP_VA":265.69,"TRANSP_EXP":432.05,"OTRMAN_VA":2641.79,"OTRMAN_EXP":1249.55,"ELEGAS_VA":5701.94,"ELEGAS_EXP":234.02,"AGUBAS_VA":2354.75,"AGUBAS_EXP":36.27,"CONSTR_VA":15593.71,"CONSTR_EXP":12.2,"COMREV_VA":23323.81,"COMREV_EXP":8682.87,"TRATIE_VA":7130.93,"TRATIE_EXP":834.19,"TRAGUA_VA":1046.17,"TRAGUA_EXP":1446.46,"TRAAIR_VA":741.97,"TRAAIR_EXP":1644.92,"ALMSTR_VA":3183.55,"ALMSTR_EXP":434.04,"POSTME_VA":1128.66,"POSTME_EXP":210.4,"HOTYRE_VA":3989.66,"HOTYRE_EXP":914.48,"MMTVRA_VA":4187.96,"MMTVRA_EXP":1757.92,"TELECO_VA":2901.34,"TELECO_EXP":286.87,"ITSERV_VA":6427.75,"ITSERV_EXP":5677.31,"SERFIN_VA":8176.55,"SERFIN_EXP":725.35,"GOBEST_VA":29890.1,"GOBEST_EXP":257.6,"SPRSCT_VA":12218.33,"SPRSCT_EXP":4714.61,"SEAEMP_VA":8337.85,"SEAEMP_EXP":1887.25,"ADPDEF_VA":15516.7,"ADPDEF_EXP":171.62,"EDUCAC_VA":14001.21,"EDUCAC_EXP":417.99,"SALUDH_VA":24337.44,"SALUDH_EXP":68.61,"ESPARC_VA":3258.68,"ESPARC_EXP":156.99,"OTRSER_VA":4240.79,"OTRSER_EXP":152.71,"SERHOG_VA":418.1,"SERHOG_EXP":0.0}},{"type":"Feature","geometry":{"type":"Point","coordinates":[2.21,46.23]},"properties":{"id":"FRA","name":"Francia","continent":"europe","year":2014,"AGRPFO_VA":40128.16,"AGRPFO_EXP":17799.31,"FORLOG_VA":4540.94,"FORLOG_EXP":504.75,"PESCAC_VA":1429.55,"PESCAC_EXP":625.07,"MINCOL_VA":10.2,"MINCOL_EXP":7.31,"PETGAS_VA":351.97,"PETGAS_EXP":384.4,"MINORE_VA":17.0,"MINORE_EXP":25.43,"MINOTH_VA":2890.72,"MINOTH_EXP":591.19,"MINSER_VA":370.78,"MINSER_EXP":185.78,"ALYBEB_VA":53166.87,"ALYBEB_EXP":42538.0,"TEXYPR_VA":7559.6,"TEXYPR_EXP":10410.85,"MADYPR_VA":4487.28,"MADYPR_EXP":2313.3,"PAPYPR_VA":12544.3,"PAPYPR_EXP":7624.28,"PETREF_VA":4513.82,"PETREF_EXP":18160.23,"QUIMYP_VA":22081.52,"QUIMYP_EXP":59487.7,"FARMED_VA":15575.82,"FARMED_EXP":19819.87,"HUPLAS_VA":14412.0,"HUPLAS_EXP":14876.59,"PRNOMT_VA":11394.69,"PRNOMT_EXP":5309.31,"METBAS_VA":5704.95,"METBAS_EXP":14112.01,"NONFER_VA":3890.71,"NONFER_EXP":8602.2,"PRMETA_VA":29603.0,"PRMETA_EXP":11512.1,"ELCTRO_VA":13171.83,"ELCTRO_EXP":24539.76,"ELCTRI_VA":10639.5,"ELCTRI_EXP":21973.15,"MAQYEQ_VA":19716.82,"MAQYEQ_EXP":38186.64,"AUTOMO_VA":18250.45,"AUTOMO_EXP":42828.08,"OTRTRA_VA":2016.0,"OTRTRA_EXP":1381.7,"TRANSP_VA":19353.33,"TRANSP_EXP":37165.84,"OTRMAN_VA":44318.4,"OTRMAN_EXP":23315.92,"ELEGAS_VA":38793.94,"ELEGAS_EXP":3559.72,"AGUBAS_VA":18395.79,"AGUBAS_EXP":28.6,"CONSTR_VA":155392.43,"CONSTR_EXP":47.74,"COMREV_VA":273152.8,"COMREV_EXP":106837.17,"TRATIE_VA":55236.94,"TRATIE_EXP":20495.5,"TRAGUA_VA":5411.63,"TRAGUA_EXP":17051.75,"TRAAIR_VA":7261.94,"TRAAIR_EXP":16382.28,"ALMSTR_VA":46084.51,"ALMSTR_EXP":7219.65,"POSTME_VA":10662.96,"POSTME_EXP":1620.11,"HOTYRE_VA":57159.31,"HOTYRE_EXP":27860.79,"MMTVRA_VA":31906.46,"MMTVRA_EXP":6763.08,"TELECO_VA":33140.25,"TELECO_EXP":5902.59,"ITSERV_VA":66485.7,"ITSERV_EXP":9759.34,"SERFIN_VA":116022.52,"SERFIN_EXP":19926.36,"GOBEST_VA":358102.65,"GOBEST_EXP":5056.2,"SPRSCT_VA":212354.46,"SPRSCT_EXP":40567.26,"SEAEMP_VA":139722.75,"SEAEMP_EXP":46746.86,"ADPDEF_VA":213513.19,"ADPDEF_EXP":2086.24,"EDUCAC_VA":139672.37,"EDUCAC_EXP":2377.25,"SALUDH_VA":233955.3,"SALUDH_EXP":2701.27,"ESPARC_VA":36711.88,"ESPARC_EXP":4480.79,"OTRSER_VA":39405.74,"OTRSER_EXP":1351.14,"SERHOG_VA":4996.13,"SERHOG_EXP":0.0}},{"type":"Feature","geometry":{"type":"Point","coordinates":[-3.44,55.38]},"properties":{"id":"GBR","name":"Reino Unido","continent":"europe","year":2014,"AGRPFO_VA":21459.65,"AGRPFO_EXP":2380.27,"FORLOG_VA":1054.81,"FORLOG_EXP":89.03,"PESCAC_VA":1516.86,"PESCAC_EXP":975.56,"MINCOL_VA":270.84,"MINCOL_EXP":84.7,"PETGAS_VA":26919.13,"PETGAS_EXP":27244.74,"MINORE_VA":0.0,"MINORE_EXP":0.0,"MINOTH_VA":2802.97,"MINOTH_EXP":1281.62,"MINSER_VA":3689.25,"MINSER_EXP":1460.4,"ALYBEB_VA":48192.29,"ALYBEB_EXP":23738.94,"TEXYPR_VA":9983.65,"TEXYPR_EXP":8139.43,"MADYPR_VA":4489.26,"MADYPR_EXP":732.68,"PAPYPR_VA":15071.35,"PAPYPR_EXP":3767.28,"PETREF_VA":2952.53,"PETREF_EXP":17916.41,"QUIMYP_VA":18563.73,"QUIMYP_EXP":24748.6,"FARMED_VA":18890.28,"FARMED_EXP":21472.33,"HUPLAS_VA":13401.6,"HUPLAS_EXP":8888.77,"PRNOMT_VA":9147.79,"PRNOMT_EXP":2947.97,"METBAS_VA":4653.73,"METBAS_EXP":8857.46,"NONFER_VA":2907.35,"NONFER_EXP":7817.08,"PRMETA_VA":27907.62,"PRMETA_EXP":8378.59,"ELCTRO_VA":20339.17,"ELCTRO_EXP":11759.03,"ELCTRI_VA":8361.67,"ELCTRI_EXP":11238.96,"MAQYEQ_VA":25735.61,"MAQYEQ_EXP":26496.62,"AUTOMO_VA":26875.3,"AUTOMO_EXP":43300.8,"OTRTRA_VA":2773.93,"OTRTRA_EXP":1853.32,"TRANSP_VA":13646.86,"TRANSP_EXP":16724.9,"OTRMAN_VA":28307.0,"OTRMAN_EXP":11301.13,"ELEGAS_VA":43045.63,"ELEGAS_EXP":467.76,"AGUBAS_VA":37033.42,"AGUBAS_EXP":421.6,"CONSTR_VA":166164.12,"CONSTR_EXP":577.84,"COMREV_VA":292359.41,"COMREV_EXP":70929.71,"TRATIE_VA":48389.67,"TRATIE_EXP":8325.22,"TRAGUA_VA":9410.72,"TRAGUA_EXP":12286.69,"TRAAIR_VA":7003.8,"TRAAIR_EXP":15186.25,"ALMSTR_VA":36438.21,"ALMSTR_EXP":5429.97,"POSTME_VA":18182.0,"POSTME_EXP":1756.56,"HOTYRE_VA":77746.25,"HOTYRE_EXP":11733.49,"MMTVRA_VA":48714.81,"MMTVRA_EXP":17131.86,"TELECO_VA":49812.45,"TELECO_EXP":11226.31,"ITSERV_VA":74025.62,"ITSERV_EXP":19858.57,"SERFIN_VA":251039.08,"SERFIN_EXP":127384.19,"GOBEST_VA":356615.64,"GOBEST_EXP":3426.43,"SPRSCT_VA":202672.74,"SPRSCT_EXP":73706.65,"SEAEMP_VA":135857.46,"SEAEMP_EXP":39489.99,"ADPDEF_VA":140145.82,"ADPDEF_EXP":513.86,"EDUCAC_VA":169102.75,"EDUCAC_EXP":18407.87,"SALUDH_VA":207310.64,"SALUDH_EXP":580.72,"ESPARC_VA":41256.86,"ESPARC_EXP":8565.26,"OTRSER_VA":46030.1,"OTRSER_EXP":674.12,"SERHOG_VA":4292.97,"SERHOG_EXP":0.0}},{"type":"Feature","geometry":{"type":"Point","coordinates":[21.82,39.07]},"properties":{"id":"GRC","name":"Grecia","continent":"europe","year":2014,"AGRPFO_VA":7786.35,"AGRPFO_EXP":2157.5,"FORLOG_VA":82.98,"FORLOG_EXP":9.97,"PESCAC_VA":876.52,"PESCAC_EXP":430.06,"MINCOL_VA":94.08,"MINCOL_EXP":4.16,"PETGAS_VA":19.66,"PETGAS_EXP":0.43,"MINORE_VA":245.53,"MINORE_EXP":95.89,"MINOTH_VA":760.25,"MINOTH_EXP":244.03,"MINSER_VA":51.95,"MINSER_EXP":11.63,"ALYBEB_VA":7031.5,"ALYBEB_EXP":3011.75,"TEXYPR_VA":799.31,"TEXYPR_EXP":785.58,"MADYPR_VA":132.82,"MADYPR_EXP":70.02,"PAPYPR_VA":967.99,"PAPYPR_EXP":330.78,"PETREF_VA":1873.73,"PETREF_EXP":10224.52,"QUIMYP_VA":994.36,"QUIMYP_EXP":1625.86,"FARMED_VA":1065.93,"FARMED_EXP":747.56,"HUPLAS_VA":800.04,"HUPLAS_EXP":612.91,"PRNOMT_VA":1105.81,"PRNOMT_EXP":481.12,"METBAS_VA":237.46,"METBAS_EXP":969.53,"NONFER_VA":941.29,"NONFER_EXP":1571.08,"PRMETA_VA":1412.28,"PRMETA_EXP":711.89,"ELCTRO_VA":279.72,"ELCTRO_EXP":259.83,"ELCTRI_VA":449.8,"ELCTRI_EXP":745.73,"MAQYEQ_VA":478.01,"MAQYEQ_EXP":632.89,"AUTOMO_VA":65.79,"AUTOMO_EXP":49.76,"OTRTRA_VA":90.75,"OTRTRA_EXP":39.18,"TRANSP_VA":157.53,"TRANSP_EXP":200.37,"OTRMAN_VA":1144.42,"OTRMAN_EXP":363.73,"ELEGAS_VA":6681.19,"ELEGAS_EXP":115.84,"AGUBAS_VA":3149.17,"AGUBAS_EXP":2.5,"CONSTR_VA":4356.63,"CONSTR_EXP":24.42,"COMREV_VA":25028.46,"COMREV_EXP":6642.54,"TRATIE_VA":3913.42,"TRATIE_EXP":1494.98,"TRAGUA_VA":8113.92,"TRAGUA_EXP":16112.73,"TRAAIR_VA":740.96,"TRAAIR_EXP":1311.74,"ALMSTR_VA":2190.35,"ALMSTR_EXP":1211.87,"POSTME_VA":603.97,"POSTME_EXP":62.57,"HOTYRE_VA":13926.51,"HOTYRE_EXP":7493.13,"MMTVRA_VA":1107.93,"MMTVRA_EXP":346.76,"TELECO_VA":3478.63,"TELECO_EXP":774.24,"ITSERV_VA":1431.62,"ITSERV_EXP":472.47,"SERFIN_VA":11221.31,"SERFIN_EXP":1432.65,"GOBEST_VA":37089.49,"GOBEST_EXP":922.78,"SPRSCT_VA":7417.79,"SPRSCT_EXP":1367.7,"SEAEMP_VA":3435.1,"SEAEMP_EXP":1830.86,"ADPDEF_VA":22204.35,"ADPDEF_EXP":13.77,"EDUCAC_VA":12097.96,"EDUCAC_EXP":461.98,"SALUDH_VA":8774.8,"SALUDH_EXP":237.31,"ESPARC_VA":2992.22,"ESPARC_EXP":564.54,"OTRSER_VA":3171.8,"OTRSER_EXP":261.65,"SERHOG_VA":841.14,"SERHOG_EXP":0.0}},{"type":"Feature","geometry":{"type":"Point","coordinates":[114.11,22.4]},"properties":{"id":"HKG","name":"Hong Kong","continent":"asia","year":2014,"AGRPFO_VA":140.74,"AGRPFO_EXP":18.68,"FORLOG_VA":16.88,"FORLOG_EXP":13.1,"PESCAC_VA":27.66,"PESCAC_EXP":5.2,"MINCOL_VA":0.0,"MINCOL_EXP":0.0,"PETGAS_VA":0.0,"PETGAS_EXP":0.0,"MINORE_VA":0.0,"MINORE_EXP":0.0,"MINOTH_VA":0.0,"MINOTH_EXP":0.0,"MINSER_VA":37.36,"MINSER_EXP":17.99,"ALYBEB_VA":3675.46,"ALYBEB_EXP":4074.27,"TEXYPR_VA":561.69,"TEXYPR_EXP":160.32,"MADYPR_VA":484.33,"MADYPR_EXP":128.84,"PAPYPR_VA":278.26,"PAPYPR_EXP":272.74,"PETREF_VA":76.17,"PETREF_EXP":13.63,"QUIMYP_VA":314.06,"QUIMYP_EXP":495.21,"FARMED_VA":347.22,"FARMED_EXP":68.92,"HUPLAS_VA":25.26,"HUPLAS_EXP":0.05,"PRNOMT_VA":177.99,"PRNOMT_EXP":39.73,"METBAS_VA":44.15,"METBAS_EXP":206.98,"NONFER_VA":24.84,"NONFER_EXP":27.27,"PRMETA_VA":133.83,"PRMETA_EXP":317.04,"ELCTRO_VA":174.44,"ELCTRO_EXP":698.28,"ELCTRI_VA":192.04,"ELCTRI_EXP":177.88,"MAQYEQ_VA":108.31,"MAQYEQ_EXP":536.56,"AUTOMO_VA":99.31,"AUTOMO_EXP":97.81,"OTRTRA_VA":20.81,"OTRTRA_EXP":125.64,"TRANSP_VA":35.82,"TRANSP_EXP":111.88,"OTRMAN_VA":410.41,"OTRMAN_EXP":58.71,"ELEGAS_VA":3988.5,"ELEGAS_EXP":152.27,"AGUBAS_VA":2353.77,"AGUBAS_EXP":32.51,"CONSTR_VA":11854.62,"CONSTR_EXP":62.14,"COMREV_VA":68560.5,"COMREV_EXP":11658.29,"TRATIE_VA":5642.72,"TRATIE_EXP":3289.3,"TRAGUA_VA":2521.14,"TRAGUA_EXP":4982.86,"TRAAIR_VA":7670.7,"TRAAIR_EXP":11844.17,"ALMSTR_VA":427.4,"ALMSTR_EXP":101.44,"POSTME_VA":893.7,"POSTME_EXP":152.73,"HOTYRE_VA":9792.95,"HOTYRE_EXP":9158.14,"MMTVRA_VA":862.11,"MMTVRA_EXP":775.17,"TELECO_VA":9198.56,"TELECO_EXP":2997.38,"ITSERV_VA":2787.58,"ITSERV_EXP":962.61,"SERFIN_VA":45459.28,"SERFIN_EXP":31477.01,"GOBEST_VA":42587.01,"GOBEST_EXP":2309.62,"SPRSCT_VA":6767.87,"SPRSCT_EXP":1287.47,"SEAEMP_VA":4404.67,"SEAEMP_EXP":625.39,"ADPDEF_VA":16305.39,"ADPDEF_EXP":80.88,"EDUCAC_VA":18599.13,"EDUCAC_EXP":2035.27,"SALUDH_VA":10578.06,"SALUDH_EXP":537.23,"ESPARC_VA":1685.19,"ESPARC_EXP":1864.74,"OTRSER_VA":4018.52,"OTRSER_EXP":737.97,"SERHOG_VA":3345.74,"SERHOG_EXP":0.0}},{"type":"Feature","geometry":{"type":"Point","coordinates":[15.2,45.1]},"properties":{"id":"HRV","name":"Croacia","continent":"europe","year":2014,"AGRPFO_VA":1372.31,"AGRPFO_EXP":495.09,"FORLOG_VA":319.47,"FORLOG_EXP":63.21,"PESCAC_VA":155.63,"PESCAC_EXP":90.55,"MINCOL_VA":2.63,"MINCOL_EXP":1.81,"PETGAS_VA":175.69,"PETGAS_EXP":81.38,"MINORE_VA":2.67,"MINORE_EXP":0.99,"MINOTH_VA":109.22,"MINOTH_EXP":45.42,"MINSER_VA":161.26,"MINSER_EXP":34.85,"ALYBEB_VA":2097.16,"ALYBEB_EXP":1192.75,"TEXYPR_VA":501.04,"TEXYPR_EXP":229.02,"MADYPR_VA":267.21,"MADYPR_EXP":383.92,"PAPYPR_VA":368.15,"PAPYPR_EXP":213.16,"PETREF_VA":949.09,"PETREF_EXP":1033.97,"QUIMYP_VA":242.41,"QUIMYP_EXP":449.89,"FARMED_VA":534.32,"FARMED_EXP":435.05,"HUPLAS_VA":296.14,"HUPLAS_EXP":246.13,"PRNOMT_VA":434.19,"PRNOMT_EXP":309.61,"METBAS_VA":72.44,"METBAS_EXP":78.26,"NONFER_VA":33.23,"NONFER_EXP":125.77,"PRMETA_VA":745.11,"PRMETA_EXP":687.43,"ELCTRO_VA":236.58,"ELCTRO_EXP":161.99,"ELCTRI_VA":327.84,"ELCTRI_EXP":514.82,"MAQYEQ_VA":336.29,"MAQYEQ_EXP":339.49,"AUTOMO_VA":56.84,"AUTOMO_EXP":89.16,"OTRTRA_VA":74.66,"OTRTRA_EXP":267.37,"TRANSP_VA":58.67,"TRANSP_EXP":90.38,"OTRMAN_VA":504.47,"OTRMAN_EXP":427.79,"ELEGAS_VA":1450.92,"ELEGAS_EXP":461.29,"AGUBAS_VA":771.43,"AGUBAS_EXP":92.54,"CONSTR_VA":2320.53,"CONSTR_EXP":350.65,"COMREV_VA":6115.69,"COMREV_EXP":2263.81,"TRATIE_VA":1178.03,"TRATIE_EXP":1091.88,"TRAGUA_VA":192.1,"TRAGUA_EXP":215.57,"TRAAIR_VA":79.21,"TRAAIR_EXP":228.27,"ALMSTR_VA":799.52,"ALMSTR_EXP":461.48,"POSTME_VA":270.44,"POSTME_EXP":45.55,"HOTYRE_VA":2982.92,"HOTYRE_EXP":2562.08,"MMTVRA_VA":448.88,"MMTVRA_EXP":179.76,"TELECO_VA":1139.51,"TELECO_EXP":267.33,"ITSERV_VA":719.72,"ITSERV_EXP":443.01,"SERFIN_VA":3208.29,"SERFIN_EXP":461.77,"GOBEST_VA":4886.76,"GOBEST_EXP":597.89,"SPRSCT_VA":3142.0,"SPRSCT_EXP":1367.43,"SEAEMP_VA":1036.89,"SEAEMP_EXP":340.18,"ADPDEF_VA":3799.54,"ADPDEF_EXP":170.48,"EDUCAC_VA":2570.23,"EDUCAC_EXP":199.77,"SALUDH_VA":2447.05,"SALUDH_EXP":125.06,"ESPARC_VA":916.86,"ESPARC_EXP":326.0,"OTRSER_VA":859.53,"OTRSER_EXP":171.46,"SERHOG_VA":33.14,"SERHOG_EXP":0.0}},{"type":"Feature","geometry":{"type":"Point","coordinates":[19.5,47.16]},"properties":{"id":"HUN","name":"Hungría","continent":"europe","year":2014,"AGRPFO_VA":5450.21,"AGRPFO_EXP":2957.55,"FORLOG_VA":280.53,"FORLOG_EXP":111.77,"PESCAC_VA":21.34,"PESCAC_EXP":18.45,"MINCOL_VA":2.8,"MINCOL_EXP":3.58,"PETGAS_VA":29.2,"PETGAS_EXP":19.61,"MINORE_VA":3.44,"MINORE_EXP":3.29,"MINOTH_VA":133.55,"MINOTH_EXP":54.68,"MINSER_VA":84.84,"MINSER_EXP":54.07,"ALYBEB_VA":2703.12,"ALYBEB_EXP":4926.89,"TEXYPR_VA":653.33,"TEXYPR_EXP":1178.37,"MADYPR_VA":334.96,"MADYPR_EXP":562.81,"PAPYPR_VA":877.47,"PAPYPR_EXP":1098.62,"PETREF_VA":2016.89,"PETREF_EXP":2698.19,"QUIMYP_VA":1428.48,"QUIMYP_EXP":4034.94,"FARMED_VA":1911.78,"FARMED_EXP":2685.96,"HUPLAS_VA":1858.91,"HUPLAS_EXP":3902.55,"PRNOMT_VA":917.2,"PRNOMT_EXP":1347.98,"METBAS_VA":301.85,"METBAS_EXP":962.33,"NONFER_VA":456.96,"NONFER_EXP":1194.84,"PRMETA_VA":1881.32,"PRMETA_EXP":2646.6,"ELCTRO_VA":2476.52,"ELCTRO_EXP":10493.26,"ELCTRI_VA":1330.76,"ELCTRI_EXP":3699.27,"MAQYEQ_VA":3706.0,"MAQYEQ_EXP":7095.81,"AUTOMO_VA":5998.22,"AUTOMO_EXP":24210.0,"OTRTRA_VA":3.79,"OTRTRA_EXP":7.21,"TRANSP_VA":245.57,"TRANSP_EXP":410.28,"OTRMAN_VA":1530.09,"OTRMAN_EXP":1954.01,"ELEGAS_VA":2734.78,"ELEGAS_EXP":751.42,"AGUBAS_VA":1198.04,"AGUBAS_EXP":81.56,"CONSTR_VA":5315.79,"CONSTR_EXP":118.76,"COMREV_VA":13478.02,"COMREV_EXP":8326.47,"TRATIE_VA":4472.42,"TRATIE_EXP":3791.12,"TRAGUA_VA":93.36,"TRAGUA_EXP":55.04,"TRAAIR_VA":479.98,"TRAAIR_EXP":1085.76,"ALMSTR_VA":2985.92,"ALMSTR_EXP":2886.19,"POSTME_VA":688.61,"POSTME_EXP":122.96,"HOTYRE_VA":2198.4,"HOTYRE_EXP":1248.02,"MMTVRA_VA":1485.07,"MMTVRA_EXP":1358.3,"TELECO_VA":1963.39,"TELECO_EXP":383.39,"ITSERV_VA":2884.34,"ITSERV_EXP":2064.95,"SERFIN_VA":4960.45,"SERFIN_EXP":456.08,"GOBEST_VA":10413.96,"GOBEST_EXP":452.82,"SPRSCT_VA":6781.99,"SPRSCT_EXP":4347.79,"SEAEMP_VA":4131.46,"SEAEMP_EXP":2472.69,"ADPDEF_VA":9921.58,"ADPDEF_EXP":0.0,"EDUCAC_VA":5374.92,"EDUCAC_EXP":141.02,"SALUDH_VA":5382.57,"SALUDH_EXP":95.25,"ESPARC_VA":1522.91,"ESPARC_EXP":311.49,"OTRSER_VA":1946.19,"OTRSER_EXP":137.37,"SERHOG_VA":16.69,"SERHOG_EXP":0.0}},{"type":"Feature","geometry":{"type":"Point","coordinates":[113.92,-0.79]},"properties":{"id":"IDN","name":"Indonesia","continent":"asia","year":2014,"AGRPFO_VA":87768.77,"AGRPFO_EXP":6197.28,"FORLOG_VA":6012.23,"FORLOG_EXP":37.22,"PESCAC_VA":19771.71,"PESCAC_EXP":606.2,"MINCOL_VA":20951.53,"MINCOL_EXP":21071.96,"PETGAS_VA":41139.98,"PETGAS_EXP":26892.91,"MINORE_VA":7590.19,"MINORE_EXP":6144.74,"MINOTH_VA":10015.66,"MINOTH_EXP":157.38,"MINSER_VA":4218.43,"MINSER_EXP":264.84,"ALYBEB_VA":48050.78,"ALYBEB_EXP":25272.61,"TEXYPR_VA":12599.28,"TEXYPR_EXP":15083.4,"MADYPR_VA":5335.73,"MADYPR_EXP":3813.54,"PAPYPR_VA":6439.19,"PAPYPR_EXP":5180.42,"PETREF_VA":24624.1,"PETREF_EXP":2846.06,"QUIMYP_VA":12272.26,"QUIMYP_EXP":9754.72,"FARMED_VA":981.75,"FARMED_EXP":536.35,"HUPLAS_VA":6039.97,"HUPLAS_EXP":6287.12,"PRNOMT_VA":5653.22,"PRNOMT_EXP":825.6,"METBAS_VA":4202.42,"METBAS_EXP":1714.82,"NONFER_VA":3005.38,"NONFER_EXP":4174.45,"PRMETA_VA":17736.47,"PRMETA_EXP":1827.67,"ELCTRO_VA":5585.32,"ELCTRO_EXP":6587.65,"ELCTRI_VA":7726.46,"ELCTRI_EXP":4627.97,"MAQYEQ_VA":2537.64,"MAQYEQ_EXP":2815.34,"AUTOMO_VA":14996.86,"AUTOMO_EXP":3386.47,"OTRTRA_VA":465.0,"OTRTRA_EXP":765.2,"TRANSP_VA":315.26,"TRANSP_EXP":1159.37,"OTRMAN_VA":3859.45,"OTRMAN_EXP":5429.24,"ELEGAS_VA":9323.73,"ELEGAS_EXP":3.83,"AGUBAS_VA":639.0,"AGUBAS_EXP":1.05,"CONSTR_VA":85108.48,"CONSTR_EXP":91.74,"COMREV_VA":146496.4,"COMREV_EXP":19575.89,"TRATIE_VA":18655.49,"TRATIE_EXP":2469.58,"TRAGUA_VA":4006.41,"TRAGUA_EXP":3996.3,"TRAAIR_VA":8810.55,"TRAAIR_EXP":1943.68,"ALMSTR_VA":5260.38,"ALMSTR_EXP":604.65,"POSTME_VA":1112.08,"POSTME_EXP":534.45,"HOTYRE_VA":26043.07,"HOTYRE_EXP":2698.07,"MMTVRA_VA":6111.81,"MMTVRA_EXP":713.48,"TELECO_VA":23329.77,"TELECO_EXP":847.27,"ITSERV_VA":2389.05,"ITSERV_EXP":402.6,"SERFIN_VA":32902.57,"SERFIN_EXP":488.34,"GOBEST_VA":21322.76,"GOBEST_EXP":765.8,"SPRSCT_VA":5373.38,"SPRSCT_EXP":3790.33,"SEAEMP_VA":5021.59,"SEAEMP_EXP":3931.45,"ADPDEF_VA":32690.23,"ADPDEF_EXP":0.38,"EDUCAC_VA":27577.41,"EDUCAC_EXP":148.26,"SALUDH_VA":8510.75,"SALUDH_EXP":100.14,"ESPARC_VA":3289.47,"ESPARC_EXP":353.81,"OTRSER_VA":16972.3,"OTRSER_EXP":135.04,"SERHOG_VA":3529.23,"SERHOG_EXP":0.0}},{"type":"Feature","geometry":{"type":"Point","coordinates":[78.96,20.59]},"properties":{"id":"IND","name":"India","continent":"asia","year":2014,"AGRPFO_VA":292660.95,"AGRPFO_EXP":6001.11,"FORLOG_VA":28196.89,"FORLOG_EXP":2721.41,"PESCAC_VA":18953.1,"PESCAC_EXP":689.52,"MINCOL_VA":9594.88,"MINCOL_EXP":121.37,"PETGAS_VA":21801.68,"PETGAS_EXP":6.85,"MINORE_VA":8723.64,"MINORE_EXP":895.33,"MINOTH_VA":1356.61,"MINOTH_EXP":1013.23,"MINSER_VA":10735.62,"MINSER_EXP":76.55,"ALYBEB_VA":30071.79,"ALYBEB_EXP":23332.29,"TEXYPR_VA":42062.04,"TEXYPR_EXP":36765.2,"MADYPR_VA":5134.52,"MADYPR_EXP":1978.1,"PAPYPR_VA":8197.68,"PAPYPR_EXP":1109.81,"PETREF_VA":39359.99,"PETREF_EXP":55211.75,"QUIMYP_VA":22351.16,"QUIMYP_EXP":14967.59,"FARMED_VA":17873.85,"FARMED_EXP":10620.27,"HUPLAS_VA":11267.92,"HUPLAS_EXP":6811.59,"PRNOMT_VA":20747.88,"PRNOMT_EXP":2678.24,"METBAS_VA":25196.03,"METBAS_EXP":15552.55,"NONFER_VA":9050.72,"NONFER_EXP":6051.42,"PRMETA_VA":15288.37,"PRMETA_EXP":7962.33,"ELCTRO_VA":6302.6,"ELCTRO_EXP":8802.6,"ELCTRI_VA":11184.59,"ELCTRI_EXP":6962.88,"MAQYEQ_VA":21116.37,"MAQYEQ_EXP":12945.01,"AUTOMO_VA":26735.01,"AUTOMO_EXP":10448.94,"OTRTRA_VA":509.37,"OTRTRA_EXP":535.6,"TRANSP_VA":7553.3,"TRANSP_EXP":5481.33,"OTRMAN_VA":12032.7,"OTRMAN_EXP":27234.21,"ELEGAS_VA":39552.29,"ELEGAS_EXP":742.47,"AGUBAS_VA":8017.7,"AGUBAS_EXP":0.27,"CONSTR_VA":177994.6,"CONSTR_EXP":854.29,"COMREV_VA":195397.19,"COMREV_EXP":30953.18,"TRATIE_VA":83656.68,"TRATIE_EXP":12738.37,"TRAGUA_VA":1234.03,"TRAGUA_EXP":1141.22,"TRAAIR_VA":2017.14,"TRAAIR_EXP":4637.84,"ALMSTR_VA":16568.08,"ALMSTR_EXP":7788.47,"POSTME_VA":3786.09,"POSTME_EXP":208.47,"HOTYRE_VA":18531.4,"HOTYRE_EXP":7150.47,"MMTVRA_VA":7493.19,"MMTVRA_EXP":6247.01,"TELECO_VA":24855.78,"TELECO_EXP":1872.29,"ITSERV_VA":68537.97,"ITSERV_EXP":73164.22,"SERFIN_VA":108986.86,"SERFIN_EXP":6703.33,"GOBEST_VA":144135.95,"GOBEST_EXP":1649.33,"SPRSCT_VA":6383.89,"SPRSCT_EXP":8126.32,"SEAEMP_VA":52134.72,"SEAEMP_EXP":17863.88,"ADPDEF_VA":109676.81,"ADPDEF_EXP":8.95,"EDUCAC_VA":65707.74,"EDUCAC_EXP":415.49,"SALUDH_VA":28333.55,"SALUDH_EXP":283.71,"ESPARC_VA":4694.04,"ESPARC_EXP":733.87,"OTRSER_VA":24121.8,"OTRSER_EXP":367.58,"SERHOG_VA":3611.15,"SERHOG_EXP":0.0}},{"type":"Feature","geometry":{"type":"Point","coordinates":[-7.69,53.14]},"properties":{"id":"IRL","name":"Irlanda","continent":"europe","year":2014,"AGRPFO_VA":2968.61,"AGRPFO_EXP":884.87,"FORLOG_VA":31.42,"FORLOG_EXP":77.85,"PESCAC_VA":209.62,"PESCAC_EXP":349.98,"MINCOL_VA":12.51,"MINCOL_EXP":17.07,"PETGAS_VA":46.8,"PETGAS_EXP":41.8,"MINORE_VA":527.77,"MINORE_EXP":616.04,"MINOTH_VA":568.72,"MINOTH_EXP":167.94,"MINSER_VA":19.47,"MINSER_EXP":18.38,"ALYBEB_VA":11020.68,"ALYBEB_EXP":19662.66,"TEXYPR_VA":212.29,"TEXYPR_EXP":230.73,"MADYPR_VA":264.18,"MADYPR_EXP":750.79,"PAPYPR_VA":775.09,"PAPYPR_EXP":605.53,"PETREF_VA":260.82,"PETREF_EXP":708.88,"QUIMYP_VA":4559.13,"QUIMYP_EXP":7935.95,"FARMED_VA":18924.12,"FARMED_EXP":49885.91,"HUPLAS_VA":660.59,"HUPLAS_EXP":1425.78,"PRNOMT_VA":880.62,"PRNOMT_EXP":550.71,"METBAS_VA":171.84,"METBAS_EXP":347.81,"NONFER_VA":132.94,"NONFER_EXP":426.26,"PRMETA_VA":995.4,"PRMETA_EXP":1998.55,"ELCTRO_VA":3852.04,"ELCTRO_EXP":14015.23,"ELCTRI_VA":479.52,"ELCTRI_EXP":754.78,"MAQYEQ_VA":1387.56,"MAQYEQ_EXP":2946.87,"AUTOMO_VA":296.15,"AUTOMO_EXP":291.27,"OTRTRA_VA":29.49,"OTRTRA_EXP":0.17,"TRANSP_VA":64.88,"TRANSP_EXP":56.17,"OTRMAN_VA":6949.21,"OTRMAN_EXP":8894.79,"ELEGAS_VA":3925.74,"ELEGAS_EXP":43.79,"AGUBAS_VA":1249.04,"AGUBAS_EXP":1.85,"CONSTR_VA":6515.09,"CONSTR_EXP":0.18,"COMREV_VA":26286.43,"COMREV_EXP":15450.94,"TRATIE_VA":2916.38,"TRATIE_EXP":1750.99,"TRAGUA_VA":124.71,"TRAGUA_EXP":162.93,"TRAAIR_VA":2519.12,"TRAAIR_EXP":6001.19,"ALMSTR_VA":1854.73,"ALMSTR_EXP":1247.0,"POSTME_VA":1034.61,"POSTME_EXP":305.43,"HOTYRE_VA":5243.94,"HOTYRE_EXP":1837.62,"MMTVRA_VA":13894.54,"MMTVRA_EXP":10705.84,"TELECO_VA":2491.65,"TELECO_EXP":1374.56,"ITSERV_VA":9486.78,"ITSERV_EXP":51348.56,"SERFIN_VA":20644.03,"SERFIN_EXP":28621.43,"GOBEST_VA":17024.44,"GOBEST_EXP":1632.63,"SPRSCT_VA":12016.15,"SPRSCT_EXP":6319.38,"SEAEMP_VA":19182.72,"SEAEMP_EXP":16836.31,"ADPDEF_VA":10281.56,"ADPDEF_EXP":0.05,"EDUCAC_VA":10420.99,"EDUCAC_EXP":147.91,"SALUDH_VA":16010.53,"SALUDH_EXP":54.81,"ESPARC_VA":2678.65,"ESPARC_EXP":498.68,"OTRSER_VA":1872.67,"OTRSER_EXP":57.43,"SERHOG_VA":77.98,"SERHOG_EXP":0.0}},{"type":"Feature","geometry":{"type":"Point","coordinates":[-19.02,64.96]},"properties":{"id":"ISL","name":"Islandia","continent":"europe","year":2014,"AGRPFO_VA":185.76,"AGRPFO_EXP":29.9,"FORLOG_VA":0.78,"FORLOG_EXP":0.12,"PESCAC_VA":769.48,"PESCAC_EXP":557.87,"MINCOL_VA":0.02,"MINCOL_EXP":0.0,"PETGAS_VA":0.53,"PETGAS_EXP":0.08,"MINORE_VA":0.0,"MINORE_EXP":0.0,"MINOTH_VA":18.89,"MINOTH_EXP":6.33,"MINSER_VA":0.05,"MINSER_EXP":0.01,"ALYBEB_VA":922.73,"ALYBEB_EXP":1667.75,"TEXYPR_VA":25.61,"TEXYPR_EXP":30.32,"MADYPR_VA":13.07,"MADYPR_EXP":0.55,"PAPYPR_VA":61.43,"PAPYPR_EXP":6.98,"PETREF_VA":0.13,"PETREF_EXP":0.12,"QUIMYP_VA":25.64,"QUIMYP_EXP":29.93,"FARMED_VA":47.94,"FARMED_EXP":6.54,"HUPLAS_VA":27.49,"HUPLAS_EXP":18.22,"PRNOMT_VA":53.54,"PRNOMT_EXP":3.54,"METBAS_VA":50.13,"METBAS_EXP":36.47,"NONFER_VA":389.0,"NONFER_EXP":1496.35,"PRMETA_VA":113.02,"PRMETA_EXP":6.82,"ELCTRO_VA":10.51,"ELCTRO_EXP":3.59,"ELCTRI_VA":13.01,"ELCTRI_EXP":17.55,"MAQYEQ_VA":116.64,"MAQYEQ_EXP":95.1,"AUTOMO_VA":4.48,"AUTOMO_EXP":1.48,"OTRTRA_VA":2.06,"OTRTRA_EXP":5.61,"TRANSP_VA":13.72,"TRANSP_EXP":4.68,"OTRMAN_VA":234.27,"OTRMAN_EXP":40.09,"ELEGAS_VA":634.02,"ELEGAS_EXP":0.16,"AGUBAS_VA":154.8,"AGUBAS_EXP":0.27,"CONSTR_VA":900.81,"CONSTR_EXP":0.29,"COMREV_VA":1448.01,"COMREV_EXP":554.52,"TRATIE_VA":172.42,"TRATIE_EXP":86.71,"TRAGUA_VA":108.81,"TRAGUA_EXP":271.62,"TRAAIR_VA":407.9,"TRAAIR_EXP":1691.26,"ALMSTR_VA":239.28,"ALMSTR_EXP":279.48,"POSTME_VA":50.05,"POSTME_EXP":6.26,"HOTYRE_VA":542.23,"HOTYRE_EXP":453.95,"MMTVRA_VA":117.13,"MMTVRA_EXP":65.71,"TELECO_VA":231.02,"TELECO_EXP":37.23,"ITSERV_VA":370.26,"ITSERV_EXP":178.09,"SERFIN_VA":1178.51,"SERFIN_EXP":193.55,"GOBEST_VA":1864.28,"GOBEST_EXP":3.36,"SPRSCT_VA":724.73,"SPRSCT_EXP":305.07,"SEAEMP_VA":536.57,"SEAEMP_EXP":276.96,"ADPDEF_VA":884.49,"ADPDEF_EXP":0.7,"EDUCAC_VA":1013.58,"EDUCAC_EXP":1.68,"SALUDH_VA":1491.61,"SALUDH_EXP":2.9,"ESPARC_VA":225.33,"ESPARC_EXP":176.8,"OTRSER_VA":225.65,"OTRSER_EXP":41.18,"SERHOG_VA":10.07,"SERHOG_EXP":0.0}},{"type":"Feature","geometry":{"type":"Point","coordinates":[34.85,31.05]},"properties":{"id":"ISR","name":"Israel","continent":"other","year":2014,"AGRPFO_VA":4181.9,"AGRPFO_EXP":1722.26,"FORLOG_VA":22.0,"FORLOG_EXP":0.1,"PESCAC_VA":55.97,"PESCAC_EXP":19.6,"MINCOL_VA":0.0,"MINCOL_EXP":0.0,"PETGAS_VA":340.14,"PETGAS_EXP":437.85,"MINORE_VA":0.0,"MINORE_EXP":0.0,"MINOTH_VA":1500.87,"MINOTH_EXP":2384.44,"MINSER_VA":115.9,"MINSER_EXP":93.78,"ALYBEB_VA":3874.13,"ALYBEB_EXP":846.57,"TEXYPR_VA":776.08,"TEXYPR_EXP":855.99,"MADYPR_VA":159.69,"MADYPR_EXP":44.81,"PAPYPR_VA":1086.24,"PAPYPR_EXP":389.21,"PETREF_VA":3186.7,"PETREF_EXP":5633.39,"QUIMYP_VA":3898.65,"QUIMYP_EXP":6017.03,"FARMED_VA":3128.52,"FARMED_EXP":4475.24,"HUPLAS_VA":2083.86,"HUPLAS_EXP":1937.44,"PRNOMT_VA":1169.75,"PRNOMT_EXP":469.14,"METBAS_VA":385.81,"METBAS_EXP":354.27,"NONFER_VA":175.71,"NONFER_EXP":251.02,"PRMETA_VA":3007.87,"PRMETA_EXP":1904.23,"ELCTRO_VA":10263.74,"ELCTRO_EXP":9412.49,"ELCTRI_VA":630.72,"ELCTRI_EXP":802.72,"MAQYEQ_VA":1946.46,"MAQYEQ_EXP":2875.77,"AUTOMO_VA":331.41,"AUTOMO_EXP":170.56,"OTRTRA_VA":20.31,"OTRTRA_EXP":37.86,"TRANSP_VA":1587.73,"TRANSP_EXP":3156.98,"OTRMAN_VA":1919.79,"OTRMAN_EXP":2928.69,"ELEGAS_VA":2411.71,"ELEGAS_EXP":0.09,"AGUBAS_VA":2528.55,"AGUBAS_EXP":49.79,"CONSTR_VA":16042.63,"CONSTR_EXP":1.93,"COMREV_VA":25661.04,"COMREV_EXP":8904.44,"TRATIE_VA":6954.36,"TRATIE_EXP":895.24,"TRAGUA_VA":1021.49,"TRAGUA_EXP":1269.42,"TRAAIR_VA":3072.71,"TRAAIR_EXP":2732.42,"ALMSTR_VA":972.63,"ALMSTR_EXP":1442.57,"POSTME_VA":825.03,"POSTME_EXP":122.01,"HOTYRE_VA":6071.69,"HOTYRE_EXP":1656.38,"MMTVRA_VA":1340.15,"MMTVRA_EXP":1212.3,"TELECO_VA":4589.57,"TELECO_EXP":862.06,"ITSERV_VA":14270.85,"ITSERV_EXP":12158.61,"SERFIN_VA":14849.8,"SERFIN_EXP":1699.18,"GOBEST_VA":46197.79,"GOBEST_EXP":1319.29,"SPRSCT_VA":19902.73,"SPRSCT_EXP":7717.4,"SEAEMP_VA":10549.61,"SEAEMP_EXP":739.27,"ADPDEF_VA":21839.39,"ADPDEF_EXP":265.98,"EDUCAC_VA":17640.62,"EDUCAC_EXP":41.79,"SALUDH_VA":16847.63,"SALUDH_EXP":135.54,"ESPARC_VA":4656.48,"ESPARC_EXP":480.33,"OTRSER_VA":3626.93,"OTRSER_EXP":105.21,"SERHOG_VA":730.35,"SERHOG_EXP":0.0}},{"type":"Feature","geometry":{"type":"Point","coordinates":[12.57,41.87]},"properties":{"id":"ITA","name":"Italia","continent":"europe","year":2014,"AGRPFO_VA":41569.42,"AGRPFO_EXP":6953.27,"FORLOG_VA":2416.07,"FORLOG_EXP":135.98,"PESCAC_VA":1313.68,"PESCAC_EXP":262.26,"MINCOL_VA":53.96,"MINCOL_EXP":10.81,"PETGAS_VA":5290.81,"PETGAS_EXP":1180.18,"MINORE_VA":0.93,"MINORE_EXP":0.54,"MINOTH_VA":1909.63,"MINOTH_EXP":657.73,"MINSER_VA":523.84,"MINSER_EXP":199.08,"ALYBEB_VA":35608.13,"ALYBEB_EXP":28658.21,"TEXYPR_VA":33484.98,"TEXYPR_EXP":37118.29,"MADYPR_VA":6710.39,"MADYPR_EXP":2800.71,"PAPYPR_VA":13335.13,"PAPYPR_EXP":7023.07,"PETREF_VA":2173.21,"PETREF_EXP":16441.95,"QUIMYP_VA":13819.36,"QUIMYP_EXP":26079.15,"FARMED_VA":11488.74,"FARMED_EXP":14715.24,"HUPLAS_VA":16226.65,"HUPLAS_EXP":15031.45,"PRNOMT_VA":13587.76,"PRNOMT_EXP":10019.46,"METBAS_VA":8332.63,"METBAS_EXP":17821.65,"NONFER_VA":3532.28,"NONFER_EXP":10338.95,"PRMETA_VA":38773.1,"PRMETA_EXP":22227.64,"ELCTRO_VA":11169.83,"ELCTRO_EXP":11171.69,"ELCTRI_VA":14350.68,"ELCTRI_EXP":23023.02,"MAQYEQ_VA":48060.72,"MAQYEQ_EXP":75424.76,"AUTOMO_VA":15463.08,"AUTOMO_EXP":31788.31,"OTRTRA_VA":2008.27,"OTRTRA_EXP":3952.13,"TRANSP_VA":7246.84,"TRANSP_EXP":8321.28,"OTRMAN_VA":28765.63,"OTRMAN_EXP":21328.01,"ELEGAS_VA":32975.54,"ELEGAS_EXP":2685.43,"AGUBAS_VA":21025.53,"AGUBAS_EXP":259.7,"CONSTR_VA":93271.89,"CONSTR_EXP":1705.07,"COMREV_VA":228304.79,"COMREV_EXP":86263.66,"TRATIE_VA":63937.75,"TRATIE_EXP":14055.87,"TRAGUA_VA":4698.81,"TRAGUA_EXP":4885.45,"TRAAIR_VA":1105.45,"TRAAIR_EXP":5103.48,"ALMSTR_VA":41100.3,"ALMSTR_EXP":10312.48,"POSTME_VA":5063.0,"POSTME_EXP":1162.63,"HOTYRE_VA":73749.65,"HOTYRE_EXP":16770.05,"MMTVRA_VA":11552.86,"MMTVRA_EXP":3016.02,"TELECO_VA":24536.85,"TELECO_EXP":6647.56,"ITSERV_VA":36839.51,"ITSERV_EXP":4361.37,"SERFIN_VA":115214.13,"SERFIN_EXP":8910.4,"GOBEST_VA":266568.46,"GOBEST_EXP":4339.6,"SPRSCT_VA":128383.18,"SPRSCT_EXP":13338.1,"SEAEMP_VA":63434.43,"SEAEMP_EXP":10991.37,"ADPDEF_VA":136769.29,"ADPDEF_EXP":50.26,"EDUCAC_VA":84248.24,"EDUCAC_EXP":1083.8,"SALUDH_VA":123350.36,"SALUDH_EXP":1381.87,"ESPARC_VA":22849.16,"ESPARC_EXP":2748.77,"OTRSER_VA":36512.21,"OTRSER_EXP":1409.18,"SERHOG_VA":25185.84,"SERHOG_EXP":0.0}},{"type":"Feature","geometry":{"type":"Point","coordinates":[36.24,30.59]},"properties":{"id":"JOR","name":"Jordania","continent":"other","year":2014,"AGRPFO_VA":1233.18,"AGRPFO_EXP":1027.24,"FORLOG_VA":76.1,"FORLOG_EXP":0.26,"PESCAC_VA":2.34,"PESCAC_EXP":0.25,"MINCOL_VA":145.57,"MINCOL_EXP":0.04,"PETGAS_VA":255.4,"PETGAS_EXP":0.42,"MINORE_VA":116.54,"MINORE_EXP":0.4,"MINOTH_VA":206.87,"MINOTH_EXP":310.89,"MINSER_VA":116.2,"MINSER_EXP":4.23,"ALYBEB_VA":1691.64,"ALYBEB_EXP":718.35,"TEXYPR_VA":791.36,"TEXYPR_EXP":930.37,"MADYPR_VA":60.67,"MADYPR_EXP":24.33,"PAPYPR_VA":279.91,"PAPYPR_EXP":271.33,"PETREF_VA":342.31,"PETREF_EXP":25.31,"QUIMYP_VA":585.15,"QUIMYP_EXP":1435.72,"FARMED_VA":551.98,"FARMED_EXP":730.96,"HUPLAS_VA":213.56,"HUPLAS_EXP":197.17,"PRNOMT_VA":600.36,"PRNOMT_EXP":108.36,"METBAS_VA":115.73,"METBAS_EXP":115.17,"NONFER_VA":122.64,"NONFER_EXP":48.45,"PRMETA_VA":385.1,"PRMETA_EXP":184.04,"ELCTRO_VA":44.06,"ELCTRO_EXP":10.41,"ELCTRI_VA":135.45,"ELCTRI_EXP":150.29,"MAQYEQ_VA":139.69,"MAQYEQ_EXP":105.88,"AUTOMO_VA":69.41,"AUTOMO_EXP":54.4,"OTRTRA_VA":7.92,"OTRTRA_EXP":0.37,"TRANSP_VA":15.3,"TRANSP_EXP":3.17,"OTRMAN_VA":125.68,"OTRMAN_EXP":161.67,"ELEGAS_VA":396.57,"ELEGAS_EXP":14.64,"AGUBAS_VA":311.06,"AGUBAS_EXP":0.86,"CONSTR_VA":1285.18,"CONSTR_EXP":2.71,"COMREV_VA":3325.74,"COMREV_EXP":925.8,"TRATIE_VA":1468.54,"TRATIE_EXP":948.03,"TRAGUA_VA":84.73,"TRAGUA_EXP":77.45,"TRAAIR_VA":231.43,"TRAAIR_EXP":993.66,"ALMSTR_VA":548.3,"ALMSTR_EXP":324.04,"POSTME_VA":17.64,"POSTME_EXP":24.12,"HOTYRE_VA":609.19,"HOTYRE_EXP":797.26,"MMTVRA_VA":156.53,"MMTVRA_EXP":120.02,"TELECO_VA":942.2,"TELECO_EXP":104.3,"ITSERV_VA":239.91,"ITSERV_EXP":61.3,"SERFIN_VA":2498.36,"SERFIN_EXP":525.15,"GOBEST_VA":3856.34,"GOBEST_EXP":9.98,"SPRSCT_VA":337.08,"SPRSCT_EXP":75.14,"SEAEMP_VA":299.75,"SEAEMP_EXP":414.8,"ADPDEF_VA":3689.8,"ADPDEF_EXP":9.48,"EDUCAC_VA":2807.58,"EDUCAC_EXP":579.99,"SALUDH_VA":1170.66,"SALUDH_EXP":492.54,"ESPARC_VA":105.62,"ESPARC_EXP":265.11,"OTRSER_VA":277.19,"OTRSER_EXP":34.51,"SERHOG_VA":588.7,"SERHOG_EXP":0.0}},{"type":"Feature","geometry":{"type":"Point","coordinates":[138.25,36.2]},"properties":{"id":"JPN","name":"Japón","continent":"asia","year":2014,"AGRPFO_VA":38492.45,"AGRPFO_EXP":297.22,"FORLOG_VA":2195.6,"FORLOG_EXP":65.81,"PESCAC_VA":6638.21,"PESCAC_EXP":329.46,"MINCOL_VA":571.64,"MINCOL_EXP":0.94,"PETGAS_VA":595.44,"PETGAS_EXP":40.58,"MINORE_VA":1723.1,"MINORE_EXP":137.81,"MINOTH_VA":878.18,"MINOTH_EXP":377.2,"MINSER_VA":880.51,"MINSER_EXP":299.35,"ALYBEB_VA":114150.06,"ALYBEB_EXP":3976.47,"TEXYPR_VA":13598.58,"TEXYPR_EXP":6172.59,"MADYPR_VA":8040.45,"MADYPR_EXP":202.12,"PAPYPR_VA":43559.83,"PAPYPR_EXP":3580.29,"PETREF_VA":45194.76,"PETREF_EXP":11071.43,"QUIMYP_VA":54706.18,"QUIMYP_EXP":41318.79,"FARMED_VA":33747.76,"FARMED_EXP":2154.03,"HUPLAS_VA":43406.24,"HUPLAS_EXP":19588.89,"PRNOMT_VA":26164.9,"PRNOMT_EXP":6761.01,"METBAS_VA":70064.11,"METBAS_EXP":32762.94,"NONFER_VA":23010.78,"NONFER_EXP":20680.37,"PRMETA_VA":42667.84,"PRMETA_EXP":5253.77,"ELCTRO_VA":77904.39,"ELCTRO_EXP":79875.26,"ELCTRI_VA":61283.81,"ELCTRI_EXP":38214.43,"MAQYEQ_VA":132125.52,"MAQYEQ_EXP":95523.81,"AUTOMO_VA":117982.06,"AUTOMO_EXP":157890.8,"OTRTRA_VA":6780.57,"OTRTRA_EXP":13210.84,"TRANSP_VA":10208.26,"TRANSP_EXP":12481.34,"OTRMAN_VA":118400.7,"OTRMAN_EXP":9055.47,"ELEGAS_VA":49253.97,"ELEGAS_EXP":35.42,"AGUBAS_VA":70622.06,"AGUBAS_EXP":63.02,"CONSTR_VA":244829.7,"CONSTR_EXP":92.09,"COMREV_VA":623609.15,"COMREV_EXP":106829.78,"TRATIE_VA":156291.02,"TRATIE_EXP":18873.17,"TRAGUA_VA":12921.62,"TRAGUA_EXP":8314.64,"TRAAIR_VA":6271.19,"TRAAIR_EXP":4220.27,"ALMSTR_VA":62927.36,"ALMSTR_EXP":7689.4,"POSTME_VA":10108.91,"POSTME_EXP":678.99,"HOTYRE_VA":121856.91,"HOTYRE_EXP":6567.1,"MMTVRA_VA":44875.32,"MMTVRA_EXP":7409.96,"TELECO_VA":94631.65,"TELECO_EXP":1450.51,"ITSERV_VA":116149.61,"ITSERV_EXP":4637.59,"SERFIN_VA":210354.75,"SERFIN_EXP":18040.55,"GOBEST_VA":561042.12,"GOBEST_EXP":1715.48,"SPRSCT_VA":211652.88,"SPRSCT_EXP":15890.67,"SEAEMP_VA":143440.75,"SEAEMP_EXP":65573.48,"ADPDEF_VA":231202.62,"ADPDEF_EXP":52.12,"EDUCAC_VA":164963.97,"EDUCAC_EXP":142.52,"SALUDH_VA":337838.99,"SALUDH_EXP":181.35,"ESPARC_VA":53839.58,"ESPARC_EXP":501.36,"OTRSER_VA":80066.8,"OTRSER_EXP":40.75,"SERHOG_VA":0.0,"SERHOG_EXP":0.0}},{"type":"Feature","geometry":{"type":"Point","coordinates":[66.92,48.02]},"properties":{"id":"KAZ","name":"Kazajistán","continent":"asia","year":2014,"AGRPFO_VA":9256.2,"AGRPFO_EXP":1508.5,"FORLOG_VA":113.07,"FORLOG_EXP":1.41,"PESCAC_VA":346.1,"PESCAC_EXP":2.91,"MINCOL_VA":934.66,"MINCOL_EXP":663.43,"PETGAS_VA":26687.87,"PETGAS_EXP":35655.66,"MINORE_VA":4261.84,"MINORE_EXP":3414.75,"MINOTH_VA":456.88,"MINOTH_EXP":443.55,"MINSER_VA":2176.02,"MINSER_EXP":29.12,"ALYBEB_VA":5621.08,"ALYBEB_EXP":1161.9,"TEXYPR_VA":260.69,"TEXYPR_EXP":103.49,"MADYPR_VA":73.43,"MADYPR_EXP":25.53,"PAPYPR_VA":268.14,"PAPYPR_EXP":43.82,"PETREF_VA":2482.36,"PETREF_EXP":3080.24,"QUIMYP_VA":864.46,"QUIMYP_EXP":905.6,"FARMED_VA":437.08,"FARMED_EXP":28.71,"HUPLAS_VA":582.81,"HUPLAS_EXP":73.19,"PRNOMT_VA":1703.48,"PRNOMT_EXP":86.23,"METBAS_VA":2633.26,"METBAS_EXP":3577.65,"NONFER_VA":5311.3,"NONFER_EXP":3079.79,"PRMETA_VA":564.01,"PRMETA_EXP":134.5,"ELCTRO_VA":95.96,"ELCTRO_EXP":188.43,"ELCTRI_VA":249.3,"ELCTRI_EXP":109.43,"MAQYEQ_VA":300.36,"MAQYEQ_EXP":363.61,"AUTOMO_VA":534.59,"AUTOMO_EXP":33.16,"OTRTRA_VA":56.65,"OTRTRA_EXP":100.07,"TRANSP_VA":100.04,"TRANSP_EXP":158.25,"OTRMAN_VA":1331.35,"OTRMAN_EXP":173.02,"ELEGAS_VA":3610.64,"ELEGAS_EXP":325.59,"AGUBAS_VA":601.4,"AGUBAS_EXP":0.65,"CONSTR_VA":13596.88,"CONSTR_EXP":47.78,"COMREV_VA":36044.25,"COMREV_EXP":16142.72,"TRATIE_VA":14319.75,"TRATIE_EXP":6048.05,"TRAGUA_VA":157.41,"TRAGUA_EXP":54.36,"TRAAIR_VA":657.38,"TRAAIR_EXP":326.12,"ALMSTR_VA":4069.11,"ALMSTR_EXP":934.44,"POSTME_VA":213.43,"POSTME_EXP":32.93,"HOTYRE_VA":2078.94,"HOTYRE_EXP":651.45,"MMTVRA_VA":612.2,"MMTVRA_EXP":114.37,"TELECO_VA":4505.18,"TELECO_EXP":240.88,"ITSERV_VA":1786.92,"ITSERV_EXP":45.28,"SERFIN_VA":6778.28,"SERFIN_EXP":294.18,"GOBEST_VA":18857.63,"GOBEST_EXP":151.08,"SPRSCT_VA":9439.17,"SPRSCT_EXP":727.06,"SEAEMP_VA":4267.85,"SEAEMP_EXP":495.42,"ADPDEF_VA":4456.38,"ADPDEF_EXP":0.42,"EDUCAC_VA":6398.86,"EDUCAC_EXP":18.48,"SALUDH_VA":3891.86,"SALUDH_EXP":32.45,"ESPARC_VA":814.56,"ESPARC_EXP":57.88,"OTRSER_VA":4012.13,"OTRSER_EXP":32.66,"SERHOG_VA":164.01,"SERHOG_EXP":0.0}},{"type":"Feature","geometry":{"type":"Point","coordinates":[104.99,12.57]},"properties":{"id":"KHM","name":"Camboya","continent":"asia","year":2014,"AGRPFO_VA":3263.76,"AGRPFO_EXP":2473.8,"FORLOG_VA":324.12,"FORLOG_EXP":0.35,"PESCAC_VA":1022.26,"PESCAC_EXP":178.18,"MINCOL_VA":0.0,"MINCOL_EXP":0.0,"PETGAS_VA":0.0,"PETGAS_EXP":0.0,"MINORE_VA":41.4,"MINORE_EXP":2.22,"MINOTH_VA":60.57,"MINOTH_EXP":3.19,"MINSER_VA":28.49,"MINSER_EXP":1.4,"ALYBEB_VA":365.32,"ALYBEB_EXP":464.75,"TEXYPR_VA":1794.39,"TEXYPR_EXP":3440.44,"MADYPR_VA":24.18,"MADYPR_EXP":40.67,"PAPYPR_VA":43.86,"PAPYPR_EXP":81.61,"PETREF_VA":5.87,"PETREF_EXP":7.62,"QUIMYP_VA":40.2,"QUIMYP_EXP":9.53,"FARMED_VA":23.64,"FARMED_EXP":8.22,"HUPLAS_VA":76.07,"HUPLAS_EXP":68.43,"PRNOMT_VA":82.55,"PRNOMT_EXP":1.43,"METBAS_VA":976.32,"METBAS_EXP":6.66,"NONFER_VA":18.9,"NONFER_EXP":8.7,"PRMETA_VA":69.96,"PRMETA_EXP":5.98,"ELCTRO_VA":0.12,"ELCTRO_EXP":0.06,"ELCTRI_VA":0.11,"ELCTRI_EXP":0.04,"MAQYEQ_VA":3.01,"MAQYEQ_EXP":1.63,"AUTOMO_VA":20.17,"AUTOMO_EXP":25.9,"OTRTRA_VA":3.53,"OTRTRA_EXP":4.98,"TRANSP_VA":6.3,"TRANSP_EXP":8.62,"OTRMAN_VA":78.01,"OTRMAN_EXP":27.18,"ELEGAS_VA":50.67,"ELEGAS_EXP":1.08,"AGUBAS_VA":51.46,"AGUBAS_EXP":0.37,"CONSTR_VA":1355.09,"CONSTR_EXP":1.8,"COMREV_VA":1576.6,"COMREV_EXP":644.9,"TRATIE_VA":432.85,"TRATIE_EXP":341.65,"TRAGUA_VA":79.48,"TRAGUA_EXP":86.63,"TRAAIR_VA":64.94,"TRAAIR_EXP":119.9,"ALMSTR_VA":240.26,"ALMSTR_EXP":233.36,"POSTME_VA":74.43,"POSTME_EXP":62.43,"HOTYRE_VA":747.12,"HOTYRE_EXP":615.58,"MMTVRA_VA":80.12,"MMTVRA_EXP":73.19,"TELECO_VA":274.39,"TELECO_EXP":185.78,"ITSERV_VA":69.11,"ITSERV_EXP":16.21,"SERFIN_VA":374.34,"SERFIN_EXP":64.03,"GOBEST_VA":999.19,"GOBEST_EXP":174.47,"SPRSCT_VA":164.5,"SPRSCT_EXP":44.98,"SEAEMP_VA":130.82,"SEAEMP_EXP":56.5,"ADPDEF_VA":229.54,"ADPDEF_EXP":0.76,"EDUCAC_VA":242.41,"EDUCAC_EXP":49.31,"SALUDH_VA":402.98,"SALUDH_EXP":32.98,"ESPARC_VA":119.24,"ESPARC_EXP":98.7,"OTRSER_VA":224.6,"OTRSER_EXP":44.58,"SERHOG_VA":0.0,"SERHOG_EXP":0.0}},{"type":"Feature","geometry":{"type":"Point","coordinates":[127.77,35.91]},"properties":{"id":"KOR","name":"Corea del Sur","continent":"asia","year":2014,"AGRPFO_VA":24329.61,"AGRPFO_EXP":547.29,"FORLOG_VA":2311.88,"FORLOG_EXP":38.78,"PESCAC_VA":2786.26,"PESCAC_EXP":209.48,"MINCOL_VA":164.25,"MINCOL_EXP":6.67,"PETGAS_VA":122.86,"PETGAS_EXP":2.73,"MINORE_VA":70.32,"MINORE_EXP":34.13,"MINOTH_VA":1482.82,"MINOTH_EXP":255.24,"MINSER_VA":20.99,"MINSER_EXP":20.77,"ALYBEB_VA":18831.93,"ALYBEB_EXP":6081.47,"TEXYPR_VA":18792.35,"TEXYPR_EXP":13752.92,"MADYPR_VA":2011.98,"MADYPR_EXP":146.17,"PAPYPR_VA":10729.2,"PAPYPR_EXP":3731.25,"PETREF_VA":14244.89,"PETREF_EXP":66592.04,"QUIMYP_VA":37873.65,"QUIMYP_EXP":48661.76,"FARMED_VA":7566.81,"FARMED_EXP":1625.63,"HUPLAS_VA":22148.21,"HUPLAS_EXP":13494.89,"PRNOMT_VA":11037.29,"PRNOMT_EXP":2817.79,"METBAS_VA":25168.98,"METBAS_EXP":29304.5,"NONFER_VA":6973.15,"NONFER_EXP":11379.52,"PRMETA_VA":30914.12,"PRMETA_EXP":14889.11,"ELCTRO_VA":103213.68,"ELCTRO_EXP":145475.08,"ELCTRI_VA":24291.35,"ELCTRI_EXP":31877.2,"MAQYEQ_VA":34877.63,"MAQYEQ_EXP":39830.82,"AUTOMO_VA":43764.27,"AUTOMO_EXP":75161.63,"OTRTRA_VA":12396.97,"OTRTRA_EXP":38908.96,"TRANSP_VA":2574.47,"TRANSP_EXP":2989.65,"OTRMAN_VA":9073.29,"OTRMAN_EXP":4924.49,"ELEGAS_VA":24920.88,"ELEGAS_EXP":24.55,"AGUBAS_VA":7683.36,"AGUBAS_EXP":12.27,"CONSTR_VA":67989.77,"CONSTR_EXP":0.3,"COMREV_VA":138113.14,"COMREV_EXP":50404.02,"TRATIE_VA":16720.88,"TRATIE_EXP":2231.53,"TRAGUA_VA":8443.12,"TRAGUA_EXP":10817.06,"TRAAIR_VA":12795.96,"TRAAIR_EXP":9109.25,"ALMSTR_VA":13387.94,"ALMSTR_EXP":1429.79,"POSTME_VA":3686.99,"POSTME_EXP":128.89,"HOTYRE_VA":36455.78,"HOTYRE_EXP":5374.16,"MMTVRA_VA":21141.43,"MMTVRA_EXP":2654.87,"TELECO_VA":18341.79,"TELECO_EXP":1071.45,"ITSERV_VA":22816.67,"ITSERV_EXP":6844.56,"SERFIN_VA":76435.13,"SERFIN_EXP":5555.57,"GOBEST_VA":113401.5,"GOBEST_EXP":1131.18,"SPRSCT_VA":77086.97,"SPRSCT_EXP":17707.59,"SEAEMP_VA":45142.4,"SEAEMP_EXP":17546.98,"ADPDEF_VA":82828.51,"ADPDEF_EXP":40.42,"EDUCAC_VA":69512.25,"EDUCAC_EXP":429.9,"SALUDH_VA":56804.74,"SALUDH_EXP":214.32,"ESPARC_VA":14984.27,"ESPARC_EXP":1576.1,"OTRSER_VA":19745.66,"OTRSER_EXP":320.66,"SERHOG_VA":2172.46,"SERHOG_EXP":0.0}},{"type":"Feature","geometry":{"type":"Point","coordinates":[102.5,19.86]},"properties":{"id":"LAO","name":"Laos","continent":"asia","year":2014,"AGRPFO_VA":1839.73,"AGRPFO_EXP":223.15,"FORLOG_VA":195.88,"FORLOG_EXP":38.49,"PESCAC_VA":312.62,"PESCAC_EXP":0.2,"MINCOL_VA":156.84,"MINCOL_EXP":1.39,"PETGAS_VA":149.02,"PETGAS_EXP":0.11,"MINORE_VA":644.56,"MINORE_EXP":352.5,"MINOTH_VA":325.86,"MINOTH_EXP":45.12,"MINSER_VA":117.94,"MINSER_EXP":0.16,"ALYBEB_VA":377.19,"ALYBEB_EXP":362.27,"TEXYPR_VA":154.06,"TEXYPR_EXP":203.91,"MADYPR_VA":110.21,"MADYPR_EXP":212.39,"PAPYPR_VA":2.32,"PAPYPR_EXP":3.96,"PETREF_VA":47.84,"PETREF_EXP":0.28,"QUIMYP_VA":22.11,"QUIMYP_EXP":56.94,"FARMED_VA":13.45,"FARMED_EXP":3.18,"HUPLAS_VA":7.36,"HUPLAS_EXP":4.18,"PRNOMT_VA":96.89,"PRNOMT_EXP":55.11,"METBAS_VA":1.53,"METBAS_EXP":0.17,"NONFER_VA":2.74,"NONFER_EXP":1.11,"PRMETA_VA":37.67,"PRMETA_EXP":8.6,"ELCTRO_VA":4.13,"ELCTRO_EXP":7.56,"ELCTRI_VA":3.0,"ELCTRI_EXP":5.36,"MAQYEQ_VA":0.17,"MAQYEQ_EXP":0.07,"AUTOMO_VA":0.84,"AUTOMO_EXP":1.2,"OTRTRA_VA":0.44,"OTRTRA_EXP":0.19,"TRANSP_VA":0.46,"TRANSP_EXP":0.11,"OTRMAN_VA":77.31,"OTRMAN_EXP":23.5,"ELEGAS_VA":839.09,"ELEGAS_EXP":975.58,"AGUBAS_VA":220.95,"AGUBAS_EXP":0.33,"CONSTR_VA":697.44,"CONSTR_EXP":0.48,"COMREV_VA":1278.04,"COMREV_EXP":246.14,"TRATIE_VA":192.14,"TRATIE_EXP":63.54,"TRAGUA_VA":13.02,"TRAGUA_EXP":9.2,"TRAAIR_VA":22.15,"TRAAIR_EXP":34.35,"ALMSTR_VA":34.74,"ALMSTR_EXP":2.23,"POSTME_VA":39.17,"POSTME_EXP":2.98,"HOTYRE_VA":324.51,"HOTYRE_EXP":229.73,"MMTVRA_VA":27.56,"MMTVRA_EXP":5.1,"TELECO_VA":165.59,"TELECO_EXP":16.97,"ITSERV_VA":29.75,"ITSERV_EXP":7.14,"SERFIN_VA":424.68,"SERFIN_EXP":31.85,"GOBEST_VA":816.6,"GOBEST_EXP":42.94,"SPRSCT_VA":100.98,"SPRSCT_EXP":22.45,"SEAEMP_VA":49.6,"SEAEMP_EXP":16.26,"ADPDEF_VA":1433.34,"ADPDEF_EXP":0.65,"EDUCAC_VA":370.79,"EDUCAC_EXP":14.83,"SALUDH_VA":56.16,"SALUDH_EXP":9.73,"ESPARC_VA":53.27,"ESPARC_EXP":23.98,"OTRSER_VA":369.4,"OTRSER_EXP":12.74,"SERHOG_VA":45.03,"SERHOG_EXP":0.0}},{"type":"Feature","geometry":{"type":"Point","coordinates":[23.88,55.17]},"properties":{"id":"LTU","name":"Lituania","continent":"europe","year":2014,"AGRPFO_VA":1463.32,"AGRPFO_EXP":1371.23,"FORLOG_VA":287.6,"FORLOG_EXP":160.81,"PESCAC_VA":51.47,"PESCAC_EXP":10.38,"MINCOL_VA":22.73,"MINCOL_EXP":9.83,"PETGAS_VA":65.0,"PETGAS_EXP":62.4,"MINORE_VA":7.38,"MINORE_EXP":0.69,"MINOTH_VA":61.76,"MINOTH_EXP":75.02,"MINSER_VA":23.47,"MINSER_EXP":4.42,"ALYBEB_VA":2017.93,"ALYBEB_EXP":2231.33,"TEXYPR_VA":715.99,"TEXYPR_EXP":650.59,"MADYPR_VA":642.46,"MADYPR_EXP":633.48,"PAPYPR_VA":437.05,"PAPYPR_EXP":309.49,"PETREF_VA":1148.44,"PETREF_EXP":3487.51,"QUIMYP_VA":690.29,"QUIMYP_EXP":1952.58,"FARMED_VA":162.78,"FARMED_EXP":143.11,"HUPLAS_VA":548.97,"HUPLAS_EXP":663.48,"PRNOMT_VA":370.75,"PRNOMT_EXP":272.38,"METBAS_VA":32.07,"METBAS_EXP":69.85,"NONFER_VA":0.59,"NONFER_EXP":6.25,"PRMETA_VA":437.32,"PRMETA_EXP":559.24,"ELCTRO_VA":184.69,"ELCTRO_EXP":247.28,"ELCTRI_VA":168.06,"ELCTRI_EXP":341.07,"MAQYEQ_VA":265.04,"MAQYEQ_EXP":368.63,"AUTOMO_VA":152.3,"AUTOMO_EXP":166.99,"OTRTRA_VA":55.82,"OTRTRA_EXP":59.7,"TRANSP_VA":51.46,"TRANSP_EXP":66.26,"OTRMAN_VA":1500.5,"OTRMAN_EXP":1523.93,"ELEGAS_VA":1137.55,"ELEGAS_EXP":43.9,"AGUBAS_VA":596.51,"AGUBAS_EXP":49.53,"CONSTR_VA":3394.67,"CONSTR_EXP":120.16,"COMREV_VA":8201.45,"COMREV_EXP":3262.37,"TRATIE_VA":3451.24,"TRATIE_EXP":3554.66,"TRAGUA_VA":124.98,"TRAGUA_EXP":169.48,"TRAAIR_VA":70.9,"TRAAIR_EXP":221.56,"ALMSTR_VA":1568.95,"ALMSTR_EXP":1585.47,"POSTME_VA":114.4,"POSTME_EXP":58.09,"HOTYRE_VA":644.05,"HOTYRE_EXP":234.78,"MMTVRA_VA":207.29,"MMTVRA_EXP":112.26,"TELECO_VA":631.77,"TELECO_EXP":173.66,"ITSERV_VA":571.82,"ITSERV_EXP":169.72,"SERFIN_VA":911.07,"SERFIN_EXP":126.69,"GOBEST_VA":2858.33,"GOBEST_EXP":196.08,"SPRSCT_VA":1650.49,"SPRSCT_EXP":455.29,"SEAEMP_VA":1059.34,"SEAEMP_EXP":341.78,"ADPDEF_VA":2776.72,"ADPDEF_EXP":14.62,"EDUCAC_VA":1981.01,"EDUCAC_EXP":52.27,"SALUDH_VA":1605.05,"SALUDH_EXP":24.71,"ESPARC_VA":445.94,"ESPARC_EXP":71.9,"OTRSER_VA":443.79,"OTRSER_EXP":29.45,"SERHOG_VA":37.12,"SERHOG_EXP":0.0}},{"type":"Feature","geometry":{"type":"Point","coordinates":[6.13,49.82]},"properties":{"id":"LUX","name":"Luxemburgo","continent":"europe","year":2014,"AGRPFO_VA":197.05,"AGRPFO_EXP":441.74,"FORLOG_VA":18.19,"FORLOG_EXP":24.86,"PESCAC_VA":0.0,"PESCAC_EXP":0.0,"MINCOL_VA":0.0,"MINCOL_EXP":0.0,"PETGAS_VA":0.0,"PETGAS_EXP":0.0,"MINORE_VA":13.7,"MINORE_EXP":6.05,"MINOTH_VA":33.47,"MINOTH_EXP":6.55,"MINSER_VA":0.0,"MINSER_EXP":0.0,"ALYBEB_VA":508.67,"ALYBEB_EXP":763.35,"TEXYPR_VA":197.74,"TEXYPR_EXP":345.26,"MADYPR_VA":69.29,"MADYPR_EXP":200.9,"PAPYPR_VA":132.05,"PAPYPR_EXP":105.57,"PETREF_VA":0.0,"PETREF_EXP":0.0,"QUIMYP_VA":139.86,"QUIMYP_EXP":377.29,"FARMED_VA":35.59,"FARMED_EXP":16.9,"HUPLAS_VA":821.65,"HUPLAS_EXP":3990.96,"PRNOMT_VA":319.61,"PRNOMT_EXP":708.16,"METBAS_VA":99.06,"METBAS_EXP":1262.43,"NONFER_VA":104.39,"NONFER_EXP":1522.6,"PRMETA_VA":106.82,"PRMETA_EXP":432.76,"ELCTRO_VA":141.07,"ELCTRO_EXP":247.87,"ELCTRI_VA":60.08,"ELCTRI_EXP":109.54,"MAQYEQ_VA":622.04,"MAQYEQ_EXP":945.49,"AUTOMO_VA":68.65,"AUTOMO_EXP":81.45,"OTRTRA_VA":1.01,"OTRTRA_EXP":0.24,"TRANSP_VA":2.52,"TRANSP_EXP":0.72,"OTRMAN_VA":121.86,"OTRMAN_EXP":172.03,"ELEGAS_VA":541.46,"ELEGAS_EXP":515.74,"AGUBAS_VA":333.82,"AGUBAS_EXP":16.77,"CONSTR_VA":3539.44,"CONSTR_EXP":72.74,"COMREV_VA":6614.26,"COMREV_EXP":6343.56,"TRATIE_VA":1658.65,"TRATIE_EXP":1929.09,"TRAGUA_VA":57.86,"TRAGUA_EXP":97.88,"TRAAIR_VA":821.77,"TRAAIR_EXP":2215.29,"ALMSTR_VA":321.04,"ALMSTR_EXP":415.21,"POSTME_VA":140.68,"POSTME_EXP":235.96,"HOTYRE_VA":1173.13,"HOTYRE_EXP":1504.0,"MMTVRA_VA":429.1,"MMTVRA_EXP":541.05,"TELECO_VA":1978.09,"TELECO_EXP":4868.77,"ITSERV_VA":1591.82,"ITSERV_EXP":3067.79,"SERFIN_VA":19204.69,"SERFIN_EXP":68613.25,"GOBEST_VA":5404.95,"GOBEST_EXP":561.84,"SPRSCT_VA":4361.19,"SPRSCT_EXP":4561.94,"SEAEMP_VA":2024.07,"SEAEMP_EXP":1536.23,"ADPDEF_VA":3529.92,"ADPDEF_EXP":31.08,"EDUCAC_VA":2494.12,"EDUCAC_EXP":174.52,"SALUDH_VA":3639.37,"SALUDH_EXP":84.79,"ESPARC_VA":424.26,"ESPARC_EXP":283.07,"OTRSER_VA":508.13,"OTRSER_EXP":93.59,"SERHOG_VA":170.63,"SERHOG_EXP":0.0}},{"type":"Feature","geometry":{"type":"Point","coordinates":[24.6,56.88]},"properties":{"id":"LVA","name":"Letonia","continent":"europe","year":2014,"AGRPFO_VA":604.36,"AGRPFO_EXP":541.77,"FORLOG_VA":593.29,"FORLOG_EXP":271.54,"PESCAC_VA":46.13,"PESCAC_EXP":16.91,"MINCOL_VA":1.87,"MINCOL_EXP":0.93,"PETGAS_VA":0.0,"PETGAS_EXP":0.0,"MINORE_VA":0.92,"MINORE_EXP":0.39,"MINOTH_VA":133.97,"MINOTH_EXP":8.16,"MINSER_VA":1.16,"MINSER_EXP":0.63,"ALYBEB_VA":793.63,"ALYBEB_EXP":974.94,"TEXYPR_VA":188.06,"TEXYPR_EXP":250.33,"MADYPR_VA":823.13,"MADYPR_EXP":1508.36,"PAPYPR_VA":162.02,"PAPYPR_EXP":141.29,"PETREF_VA":2.94,"PETREF_EXP":0.32,"QUIMYP_VA":89.32,"QUIMYP_EXP":262.04,"FARMED_VA":105.86,"FARMED_EXP":170.43,"HUPLAS_VA":94.41,"HUPLAS_EXP":180.5,"PRNOMT_VA":294.33,"PRNOMT_EXP":239.1,"METBAS_VA":0.81,"METBAS_EXP":40.65,"NONFER_VA":2.67,"NONFER_EXP":52.49,"PRMETA_VA":308.28,"PRMETA_EXP":362.67,"ELCTRO_VA":86.76,"ELCTRO_EXP":225.02,"ELCTRI_VA":105.33,"ELCTRI_EXP":239.08,"MAQYEQ_VA":101.88,"MAQYEQ_EXP":190.01,"AUTOMO_VA":72.21,"AUTOMO_EXP":101.87,"OTRTRA_VA":43.33,"OTRTRA_EXP":33.53,"TRANSP_VA":35.12,"TRANSP_EXP":47.48,"OTRMAN_VA":361.72,"OTRMAN_EXP":373.3,"ELEGAS_VA":675.04,"ELEGAS_EXP":304.0,"AGUBAS_VA":258.46,"AGUBAS_EXP":24.52,"CONSTR_VA":1930.47,"CONSTR_EXP":68.92,"COMREV_VA":4353.49,"COMREV_EXP":1797.41,"TRATIE_VA":1536.01,"TRATIE_EXP":2363.38,"TRAGUA_VA":99.33,"TRAGUA_EXP":62.89,"TRAAIR_VA":88.65,"TRAAIR_EXP":176.13,"ALMSTR_VA":1286.05,"ALMSTR_EXP":537.64,"POSTME_VA":107.94,"POSTME_EXP":31.45,"HOTYRE_VA":505.83,"HOTYRE_EXP":403.18,"MMTVRA_VA":182.02,"MMTVRA_EXP":81.43,"TELECO_VA":452.41,"TELECO_EXP":143.03,"ITSERV_VA":709.49,"ITSERV_EXP":282.97,"SERFIN_VA":1273.23,"SERFIN_EXP":593.18,"GOBEST_VA":2933.38,"GOBEST_EXP":67.13,"SPRSCT_VA":1274.18,"SPRSCT_EXP":342.88,"SEAEMP_VA":849.57,"SEAEMP_EXP":243.39,"ADPDEF_VA":2212.5,"ADPDEF_EXP":3.96,"EDUCAC_VA":1304.14,"EDUCAC_EXP":24.15,"SALUDH_VA":1019.35,"SALUDH_EXP":14.28,"ESPARC_VA":540.31,"ESPARC_EXP":44.43,"OTRSER_VA":292.44,"OTRSER_EXP":18.04,"SERHOG_VA":45.18,"SERHOG_EXP":0.0}},{"type":"Feature","geometry":{"type":"Point","coordinates":[-7.09,31.79]},"properties":{"id":"MAR","name":"Marruecos","continent":"other","year":2014,"AGRPFO_VA":12079.26,"AGRPFO_EXP":1322.38,"FORLOG_VA":1511.79,"FORLOG_EXP":3.01,"PESCAC_VA":633.58,"PESCAC_EXP":373.33,"MINCOL_VA":6.37,"MINCOL_EXP":0.29,"PETGAS_VA":17.33,"PETGAS_EXP":0.65,"MINORE_VA":591.21,"MINORE_EXP":231.51,"MINOTH_VA":2101.2,"MINOTH_EXP":917.21,"MINSER_VA":61.86,"MINSER_EXP":15.2,"ALYBEB_VA":5139.08,"ALYBEB_EXP":2305.52,"TEXYPR_VA":2841.35,"TEXYPR_EXP":3241.67,"MADYPR_VA":258.51,"MADYPR_EXP":43.23,"PAPYPR_VA":535.95,"PAPYPR_EXP":159.11,"PETREF_VA":109.19,"PETREF_EXP":727.55,"QUIMYP_VA":1928.95,"QUIMYP_EXP":3302.9,"FARMED_VA":728.56,"FARMED_EXP":183.71,"HUPLAS_VA":576.53,"HUPLAS_EXP":212.09,"PRNOMT_VA":1738.68,"PRNOMT_EXP":189.2,"METBAS_VA":439.18,"METBAS_EXP":50.46,"NONFER_VA":399.0,"NONFER_EXP":235.18,"PRMETA_VA":993.79,"PRMETA_EXP":199.7,"ELCTRO_VA":141.72,"ELCTRO_EXP":377.0,"ELCTRI_VA":677.54,"ELCTRI_EXP":1322.44,"MAQYEQ_VA":340.37,"MAQYEQ_EXP":166.0,"AUTOMO_VA":1053.69,"AUTOMO_EXP":3444.91,"OTRTRA_VA":88.65,"OTRTRA_EXP":73.95,"TRANSP_VA":178.14,"TRANSP_EXP":113.73,"OTRMAN_VA":1279.9,"OTRMAN_EXP":387.26,"ELEGAS_VA":2831.67,"ELEGAS_EXP":8.28,"AGUBAS_VA":400.77,"AGUBAS_EXP":1.16,"CONSTR_VA":8152.55,"CONSTR_EXP":22.65,"COMREV_VA":9916.93,"COMREV_EXP":2334.81,"TRATIE_VA":2597.53,"TRATIE_EXP":1406.1,"TRAGUA_VA":73.13,"TRAGUA_EXP":355.3,"TRAAIR_VA":289.05,"TRAAIR_EXP":1497.47,"ALMSTR_VA":1268.81,"ALMSTR_EXP":1060.81,"POSTME_VA":125.2,"POSTME_EXP":154.67,"HOTYRE_VA":2644.69,"HOTYRE_EXP":2433.79,"MMTVRA_VA":368.41,"MMTVRA_EXP":243.08,"TELECO_VA":2914.11,"TELECO_EXP":688.33,"ITSERV_VA":554.13,"ITSERV_EXP":568.56,"SERFIN_VA":5393.56,"SERFIN_EXP":334.58,"GOBEST_VA":3692.04,"GOBEST_EXP":418.23,"SPRSCT_VA":3669.83,"SPRSCT_EXP":1479.59,"SEAEMP_VA":4062.6,"SEAEMP_EXP":1022.64,"ADPDEF_VA":11007.28,"ADPDEF_EXP":369.37,"EDUCAC_VA":9249.37,"EDUCAC_EXP":225.31,"SALUDH_VA":4081.01,"SALUDH_EXP":98.69,"ESPARC_VA":385.52,"ESPARC_EXP":231.48,"OTRSER_VA":1104.02,"OTRSER_EXP":135.01,"SERHOG_VA":485.8,"SERHOG_EXP":0.0}},{"type":"Feature","geometry":{"type":"Point","coordinates":[-102.55,23.63]},"properties":{"id":"MEX","name":"México","continent":"america","year":2014,"AGRPFO_VA":38300.3,"AGRPFO_EXP":8716.62,"FORLOG_VA":1293.27,"FORLOG_EXP":68.31,"PESCAC_VA":602.65,"PESCAC_EXP":146.12,"MINCOL_VA":483.7,"MINCOL_EXP":3.43,"PETGAS_VA":64223.54,"PETGAS_EXP":34988.17,"MINORE_VA":7895.19,"MINORE_EXP":3554.77,"MINOTH_VA":5024.06,"MINOTH_EXP":369.31,"MINSER_VA":5550.9,"MINSER_EXP":16.58,"ALYBEB_VA":61145.47,"ALYBEB_EXP":11659.4,"TEXYPR_VA":8788.64,"TEXYPR_EXP":5885.44,"MADYPR_VA":2127.22,"MADYPR_EXP":348.14,"PAPYPR_VA":6355.01,"PAPYPR_EXP":2174.85,"PETREF_VA":8413.0,"PETREF_EXP":5866.92,"QUIMYP_VA":18747.03,"QUIMYP_EXP":10302.28,"FARMED_VA":6046.45,"FARMED_EXP":1429.56,"HUPLAS_VA":7394.41,"HUPLAS_EXP":6406.43,"PRNOMT_VA":8428.78,"PRNOMT_EXP":2914.5,"METBAS_VA":7390.5,"METBAS_EXP":4753.71,"NONFER_VA":7418.19,"NONFER_EXP":8785.16,"PRMETA_VA":9197.44,"PRMETA_EXP":8164.51,"ELCTRO_VA":18028.65,"ELCTRO_EXP":52821.06,"ELCTRI_VA":8997.21,"ELCTRI_EXP":17033.28,"MAQYEQ_VA":10998.72,"MAQYEQ_EXP":16843.1,"AUTOMO_VA":44998.81,"AUTOMO_EXP":104105.65,"OTRTRA_VA":363.02,"OTRTRA_EXP":142.08,"TRANSP_VA":2483.76,"TRANSP_EXP":6700.55,"OTRMAN_VA":9170.37,"OTRMAN_EXP":10079.43,"ELEGAS_VA":17068.21,"ELEGAS_EXP":404.14,"AGUBAS_VA":4133.93,"AGUBAS_EXP":2.44,"CONSTR_VA":76241.15,"CONSTR_EXP":68.8,"COMREV_VA":252659.87,"COMREV_EXP":49794.94,"TRATIE_VA":76894.05,"TRATIE_EXP":16469.12,"TRAGUA_VA":1211.07,"TRAGUA_EXP":1121.23,"TRAAIR_VA":2527.75,"TRAAIR_EXP":1594.13,"ALMSTR_VA":8780.88,"ALMSTR_EXP":4300.88,"POSTME_VA":1237.03,"POSTME_EXP":23.28,"HOTYRE_VA":31073.51,"HOTYRE_EXP":6268.74,"MMTVRA_VA":5278.02,"MMTVRA_EXP":529.26,"TELECO_VA":19149.76,"TELECO_EXP":613.92,"ITSERV_VA":2134.62,"ITSERV_EXP":62.17,"SERFIN_VA":45012.0,"SERFIN_EXP":5021.56,"GOBEST_VA":181119.96,"GOBEST_EXP":1162.94,"SPRSCT_VA":30549.88,"SPRSCT_EXP":254.31,"SEAEMP_VA":48627.95,"SEAEMP_EXP":583.7,"ADPDEF_VA":52031.0,"ADPDEF_EXP":0.73,"EDUCAC_VA":52295.46,"EDUCAC_EXP":400.01,"SALUDH_VA":29772.73,"SALUDH_EXP":274.63,"ESPARC_VA":6602.63,"ESPARC_EXP":733.0,"OTRSER_VA":14279.21,"OTRSER_EXP":371.49,"SERHOG_VA":5810.88,"SERHOG_EXP":0.0}},{"type":"Feature","geometry":{"type":"Point","coordinates":[14.38,35.94]},"properties":{"id":"MLT","name":"Malta","continent":"europe","year":2014,"AGRPFO_VA":82.44,"AGRPFO_EXP":8.79,"FORLOG_VA":0.0,"FORLOG_EXP":0.0,"PESCAC_VA":41.85,"PESCAC_EXP":89.4,"MINCOL_VA":0.0,"MINCOL_EXP":0.0,"PETGAS_VA":4.49,"PETGAS_EXP":9.74,"MINORE_VA":1.07,"MINORE_EXP":0.27,"MINOTH_VA":17.48,"MINOTH_EXP":1.14,"MINSER_VA":2.39,"MINSER_EXP":2.32,"ALYBEB_VA":193.58,"ALYBEB_EXP":132.81,"TEXYPR_VA":27.8,"TEXYPR_EXP":23.99,"MADYPR_VA":8.75,"MADYPR_EXP":2.35,"PAPYPR_VA":92.34,"PAPYPR_EXP":165.56,"PETREF_VA":0.45,"PETREF_EXP":0.11,"QUIMYP_VA":13.69,"QUIMYP_EXP":35.71,"FARMED_VA":83.29,"FARMED_EXP":139.73,"HUPLAS_VA":61.63,"HUPLAS_EXP":139.2,"PRNOMT_VA":34.85,"PRNOMT_EXP":6.89,"METBAS_VA":1.09,"METBAS_EXP":0.88,"NONFER_VA":0.71,"NONFER_EXP":0.82,"PRMETA_VA":46.5,"PRMETA_EXP":18.19,"ELCTRO_VA":96.81,"ELCTRO_EXP":539.09,"ELCTRI_VA":27.35,"ELCTRI_EXP":54.96,"MAQYEQ_VA":24.79,"MAQYEQ_EXP":32.65,"AUTOMO_VA":81.14,"AUTOMO_EXP":15.76,"OTRTRA_VA":9.33,"OTRTRA_EXP":11.58,"TRANSP_VA":19.1,"TRANSP_EXP":10.37,"OTRMAN_VA":260.23,"OTRMAN_EXP":334.42,"ELEGAS_VA":64.49,"ELEGAS_EXP":1.34,"AGUBAS_VA":92.3,"AGUBAS_EXP":6.01,"CONSTR_VA":443.33,"CONSTR_EXP":24.61,"COMREV_VA":1115.96,"COMREV_EXP":407.69,"TRATIE_VA":89.88,"TRATIE_EXP":113.0,"TRAGUA_VA":26.32,"TRAGUA_EXP":107.42,"TRAAIR_VA":79.62,"TRAAIR_EXP":407.94,"ALMSTR_VA":409.16,"ALMSTR_EXP":546.27,"POSTME_VA":26.69,"POSTME_EXP":14.25,"HOTYRE_VA":558.7,"HOTYRE_EXP":858.47,"MMTVRA_VA":70.95,"MMTVRA_EXP":57.2,"TELECO_VA":72.81,"TELECO_EXP":50.81,"ITSERV_VA":541.98,"ITSERV_EXP":127.45,"SERFIN_VA":901.05,"SERFIN_EXP":1445.49,"GOBEST_VA":691.65,"GOBEST_EXP":49.22,"SPRSCT_VA":693.2,"SPRSCT_EXP":706.06,"SEAEMP_VA":568.84,"SEAEMP_EXP":282.04,"ADPDEF_VA":649.23,"ADPDEF_EXP":4.19,"EDUCAC_VA":634.51,"EDUCAC_EXP":26.14,"SALUDH_VA":656.2,"SALUDH_EXP":14.96,"ESPARC_VA":1184.45,"ESPARC_EXP":2536.21,"OTRSER_VA":125.16,"OTRSER_EXP":19.84,"SERHOG_VA":10.57,"SERHOG_EXP":0.0}},{"type":"Feature","geometry":{"type":"Point","coordinates":[95.96,21.91]},"properties":{"id":"MMR","name":"Myanmar","continent":"asia","year":2014,"AGRPFO_VA":19825.74,"AGRPFO_EXP":1405.14,"FORLOG_VA":498.41,"FORLOG_EXP":272.36,"PESCAC_VA":4805.95,"PESCAC_EXP":244.03,"MINCOL_VA":3.15,"MINCOL_EXP":0.31,"PETGAS_VA":1790.38,"PETGAS_EXP":3190.31,"MINORE_VA":329.65,"MINORE_EXP":18.58,"MINOTH_VA":329.02,"MINOTH_EXP":145.54,"MINSER_VA":14.3,"MINSER_EXP":6.79,"ALYBEB_VA":2515.46,"ALYBEB_EXP":684.79,"TEXYPR_VA":1880.6,"TEXYPR_EXP":888.74,"MADYPR_VA":282.13,"MADYPR_EXP":79.51,"PAPYPR_VA":354.38,"PAPYPR_EXP":26.26,"PETREF_VA":530.35,"PETREF_EXP":31.08,"QUIMYP_VA":460.3,"QUIMYP_EXP":21.57,"FARMED_VA":224.26,"FARMED_EXP":4.42,"HUPLAS_VA":286.17,"HUPLAS_EXP":13.24,"PRNOMT_VA":494.63,"PRNOMT_EXP":7.08,"METBAS_VA":255.62,"METBAS_EXP":146.58,"NONFER_VA":167.2,"NONFER_EXP":1.33,"PRMETA_VA":359.49,"PRMETA_EXP":17.0,"ELCTRO_VA":337.12,"ELCTRO_EXP":40.4,"ELCTRI_VA":215.11,"ELCTRI_EXP":36.95,"MAQYEQ_VA":302.38,"MAQYEQ_EXP":56.71,"AUTOMO_VA":389.4,"AUTOMO_EXP":7.26,"OTRTRA_VA":50.19,"OTRTRA_EXP":0.57,"TRANSP_VA":58.74,"TRANSP_EXP":28.23,"OTRMAN_VA":518.93,"OTRMAN_EXP":95.85,"ELEGAS_VA":339.13,"ELEGAS_EXP":17.19,"AGUBAS_VA":69.61,"AGUBAS_EXP":1.03,"CONSTR_VA":2190.13,"CONSTR_EXP":12.65,"COMREV_VA":4606.72,"COMREV_EXP":418.19,"TRATIE_VA":1197.59,"TRATIE_EXP":106.46,"TRAGUA_VA":439.24,"TRAGUA_EXP":185.57,"TRAAIR_VA":301.49,"TRAAIR_EXP":180.86,"ALMSTR_VA":471.54,"ALMSTR_EXP":164.55,"POSTME_VA":74.56,"POSTME_EXP":1.23,"HOTYRE_VA":1411.77,"HOTYRE_EXP":195.22,"MMTVRA_VA":238.53,"MMTVRA_EXP":46.08,"TELECO_VA":796.59,"TELECO_EXP":119.79,"ITSERV_VA":202.45,"ITSERV_EXP":109.35,"SERFIN_VA":1404.71,"SERFIN_EXP":20.82,"GOBEST_VA":1714.48,"GOBEST_EXP":66.89,"SPRSCT_VA":900.64,"SPRSCT_EXP":526.3,"SEAEMP_VA":712.49,"SEAEMP_EXP":346.85,"ADPDEF_VA":2066.02,"ADPDEF_EXP":3.9,"EDUCAC_VA":1224.63,"EDUCAC_EXP":13.7,"SALUDH_VA":1603.68,"SALUDH_EXP":8.61,"ESPARC_VA":222.29,"ESPARC_EXP":34.8,"OTRSER_VA":442.15,"OTRSER_EXP":12.29,"SERHOG_VA":0.0,"SERHOG_EXP":0.0}},{"type":"Feature","geometry":{"type":"Point","coordinates":[101.98,4.21]},"properties":{"id":"MYS","name":"Malasia","continent":"asia","year":2014,"AGRPFO_VA":21185.22,"AGRPFO_EXP":2876.71,"FORLOG_VA":2470.13,"FORLOG_EXP":734.08,"PESCAC_VA":3391.12,"PESCAC_EXP":322.37,"MINCOL_VA":12070.52,"MINCOL_EXP":432.22,"PETGAS_VA":15292.82,"PETGAS_EXP":22880.94,"MINORE_VA":371.79,"MINORE_EXP":683.18,"MINOTH_VA":1451.71,"MINOTH_EXP":233.18,"MINSER_VA":2330.88,"MINSER_EXP":61.68,"ALYBEB_VA":5236.04,"ALYBEB_EXP":22796.31,"TEXYPR_VA":1084.63,"TEXYPR_EXP":1710.76,"MADYPR_VA":1634.34,"MADYPR_EXP":2619.07,"PAPYPR_VA":1981.25,"PAPYPR_EXP":1318.77,"PETREF_VA":9609.51,"PETREF_EXP":10742.7,"QUIMYP_VA":6005.31,"QUIMYP_EXP":14483.41,"FARMED_VA":435.99,"FARMED_EXP":445.37,"HUPLAS_VA":3899.23,"HUPLAS_EXP":11184.52,"PRNOMT_VA":2105.98,"PRNOMT_EXP":2542.18,"METBAS_VA":1169.85,"METBAS_EXP":2721.05,"NONFER_VA":674.8,"NONFER_EXP":3502.36,"PRMETA_VA":2395.9,"PRMETA_EXP":3260.92,"ELCTRO_VA":14791.73,"ELCTRO_EXP":47754.97,"ELCTRI_VA":1008.95,"ELCTRI_EXP":5984.8,"MAQYEQ_VA":1771.51,"MAQYEQ_EXP":5377.69,"AUTOMO_VA":5138.16,"AUTOMO_EXP":736.92,"OTRTRA_VA":517.84,"OTRTRA_EXP":1404.45,"TRANSP_VA":633.32,"TRANSP_EXP":1101.3,"OTRMAN_VA":2447.16,"OTRMAN_EXP":3901.8,"ELEGAS_VA":6998.26,"ELEGAS_EXP":38.11,"AGUBAS_VA":2020.51,"AGUBAS_EXP":8.44,"CONSTR_VA":13513.95,"CONSTR_EXP":7.25,"COMREV_VA":70037.24,"COMREV_EXP":17984.24,"TRATIE_VA":2812.3,"TRATIE_EXP":2522.43,"TRAGUA_VA":1621.03,"TRAGUA_EXP":1611.22,"TRAAIR_VA":1497.8,"TRAAIR_EXP":2800.55,"ALMSTR_VA":4422.45,"ALMSTR_EXP":1418.54,"POSTME_VA":456.51,"POSTME_EXP":349.42,"HOTYRE_VA":9432.03,"HOTYRE_EXP":8972.56,"MMTVRA_VA":1674.67,"MMTVRA_EXP":498.39,"TELECO_VA":9172.07,"TELECO_EXP":1315.44,"ITSERV_VA":4292.41,"ITSERV_EXP":2398.89,"SERFIN_VA":23118.3,"SERFIN_EXP":4368.9,"GOBEST_VA":11045.4,"GOBEST_EXP":1385.95,"SPRSCT_VA":6056.18,"SPRSCT_EXP":5566.85,"SEAEMP_VA":2809.52,"SEAEMP_EXP":2976.66,"ADPDEF_VA":26270.03,"ADPDEF_EXP":64.11,"EDUCAC_VA":11724.72,"EDUCAC_EXP":502.73,"SALUDH_VA":3276.58,"SALUDH_EXP":336.5,"ESPARC_VA":2270.35,"ESPARC_EXP":1058.16,"OTRSER_VA":590.9,"OTRSER_EXP":470.07,"SERHOG_VA":385.72,"SERHOG_EXP":0.0}},{"type":"Feature","geometry":{"type":"Point","coordinates":[8.68,9.08]},"properties":{"id":"NGA","name":"Nigeria","continent":"other","year":2014,"AGRPFO_VA":111547.6,"AGRPFO_EXP":2355.98,"FORLOG_VA":1325.75,"FORLOG_EXP":162.88,"PESCAC_VA":2716.84,"PESCAC_EXP":2.23,"MINCOL_VA":44.73,"MINCOL_EXP":0.06,"PETGAS_VA":61621.85,"PETGAS_EXP":84662.89,"MINORE_VA":27.12,"MINORE_EXP":7.62,"MINOTH_VA":576.18,"MINOTH_EXP":45.67,"MINSER_VA":66.78,"MINSER_EXP":1.19,"ALYBEB_VA":36604.08,"ALYBEB_EXP":1752.05,"TEXYPR_VA":6773.04,"TEXYPR_EXP":2527.59,"MADYPR_VA":1572.58,"MADYPR_EXP":191.85,"PAPYPR_VA":632.77,"PAPYPR_EXP":4.47,"PETREF_VA":2497.92,"PETREF_EXP":4217.72,"QUIMYP_VA":1130.86,"QUIMYP_EXP":298.27,"FARMED_VA":214.75,"FARMED_EXP":4.16,"HUPLAS_VA":1565.12,"HUPLAS_EXP":243.7,"PRNOMT_VA":5733.53,"PRNOMT_EXP":10.94,"METBAS_VA":199.97,"METBAS_EXP":7.32,"NONFER_VA":330.59,"NONFER_EXP":349.08,"PRMETA_VA":197.27,"PRMETA_EXP":71.87,"ELCTRO_VA":274.03,"ELCTRO_EXP":13.27,"ELCTRI_VA":38.48,"ELCTRI_EXP":21.57,"MAQYEQ_VA":220.43,"MAQYEQ_EXP":201.92,"AUTOMO_VA":473.88,"AUTOMO_EXP":82.52,"OTRTRA_VA":299.51,"OTRTRA_EXP":24.71,"TRANSP_VA":4.52,"TRANSP_EXP":6.62,"OTRMAN_VA":2026.66,"OTRMAN_EXP":52.06,"ELEGAS_VA":3404.24,"ELEGAS_EXP":0.21,"AGUBAS_VA":757.58,"AGUBAS_EXP":0.11,"CONSTR_VA":21502.06,"CONSTR_EXP":0.07,"COMREV_VA":95641.02,"COMREV_EXP":5087.26,"TRATIE_VA":6527.97,"TRATIE_EXP":732.36,"TRAGUA_VA":457.25,"TRAGUA_EXP":86.2,"TRAAIR_VA":547.56,"TRAAIR_EXP":272.18,"ALMSTR_VA":1319.11,"ALMSTR_EXP":332.33,"POSTME_VA":158.89,"POSTME_EXP":39.34,"HOTYRE_VA":3628.35,"HOTYRE_EXP":185.55,"MMTVRA_VA":14916.1,"MMTVRA_EXP":18.64,"TELECO_VA":35394.42,"TELECO_EXP":40.22,"ITSERV_VA":12710.48,"ITSERV_EXP":28.06,"SERFIN_VA":19661.98,"SERFIN_EXP":38.64,"GOBEST_VA":48787.76,"GOBEST_EXP":49.13,"SPRSCT_VA":17397.98,"SPRSCT_EXP":50.69,"SEAEMP_VA":128.5,"SEAEMP_EXP":15.93,"ADPDEF_VA":16889.17,"ADPDEF_EXP":0.01,"EDUCAC_VA":11569.85,"EDUCAC_EXP":10.44,"SALUDH_VA":3976.97,"SALUDH_EXP":7.07,"ESPARC_VA":770.37,"ESPARC_EXP":17.81,"OTRSER_VA":11537.69,"OTRSER_EXP":11.0,"SERHOG_VA":2917.76,"SERHOG_EXP":0.0}},{"type":"Feature","geometry":{"type":"Point","coordinates":[5.29,52.13]},"properties":{"id":"NLD","name":"Países Bajos","continent":"europe","year":2014,"AGRPFO_VA":16735.64,"AGRPFO_EXP":16317.25,"FORLOG_VA":164.94,"FORLOG_EXP":123.43,"PESCAC_VA":377.11,"PESCAC_EXP":317.08,"MINCOL_VA":0.0,"MINCOL_EXP":0.0,"PETGAS_VA":20392.66,"PETGAS_EXP":13386.35,"MINORE_VA":0.0,"MINORE_EXP":0.0,"MINOTH_VA":550.78,"MINOTH_EXP":340.41,"MINSER_VA":4212.47,"MINSER_EXP":5123.73,"ALYBEB_VA":18754.3,"ALYBEB_EXP":41220.89,"TEXYPR_VA":1500.19,"TEXYPR_EXP":3362.3,"MADYPR_VA":928.77,"MADYPR_EXP":772.59,"PAPYPR_VA":4406.24,"PAPYPR_EXP":3433.3,"PETREF_VA":275.99,"PETREF_EXP":21830.78,"QUIMYP_VA":10924.29,"QUIMYP_EXP":32188.23,"FARMED_VA":3703.08,"FARMED_EXP":4822.66,"HUPLAS_VA":3759.15,"HUPLAS_EXP":5401.91,"PRNOMT_VA":2328.39,"PRNOMT_EXP":1337.35,"METBAS_VA":2450.16,"METBAS_EXP":2309.19,"NONFER_VA":788.81,"NONFER_EXP":2614.56,"PRMETA_VA":8546.98,"PRMETA_EXP":4818.46,"ELCTRO_VA":6533.1,"ELCTRO_EXP":29900.04,"ELCTRI_VA":3351.69,"ELCTRI_EXP":5363.58,"MAQYEQ_VA":12966.73,"MAQYEQ_EXP":19556.51,"AUTOMO_VA":2889.55,"AUTOMO_EXP":5946.92,"OTRTRA_VA":1377.66,"OTRTRA_EXP":2100.59,"TRANSP_VA":733.11,"TRANSP_EXP":1981.41,"OTRMAN_VA":7320.71,"OTRMAN_EXP":5913.96,"ELEGAS_VA":9928.71,"ELEGAS_EXP":1031.37,"AGUBAS_VA":5696.85,"AGUBAS_EXP":1129.06,"CONSTR_VA":35767.84,"CONSTR_EXP":686.79,"COMREV_VA":108514.65,"COMREV_EXP":58707.02,"TRATIE_VA":17325.72,"TRATIE_EXP":10139.58,"TRAGUA_VA":3700.12,"TRAGUA_EXP":7358.1,"TRAAIR_VA":3528.01,"TRAAIR_EXP":8120.63,"ALMSTR_VA":14784.8,"ALMSTR_EXP":7763.2,"POSTME_VA":3161.01,"POSTME_EXP":1779.21,"HOTYRE_VA":14917.5,"HOTYRE_EXP":5317.86,"MMTVRA_VA":6285.8,"MMTVRA_EXP":2412.99,"TELECO_VA":10623.49,"TELECO_EXP":2326.46,"ITSERV_VA":20180.19,"ITSERV_EXP":11615.01,"SERFIN_VA":72987.03,"SERFIN_EXP":9376.23,"GOBEST_VA":48003.68,"GOBEST_EXP":935.88,"SPRSCT_VA":68650.3,"SPRSCT_EXP":29587.11,"SEAEMP_VA":49915.49,"SEAEMP_EXP":15090.2,"ADPDEF_VA":63358.29,"ADPDEF_EXP":3347.25,"EDUCAC_VA":40858.11,"EDUCAC_EXP":767.51,"SALUDH_VA":74981.76,"SALUDH_EXP":537.18,"ESPARC_VA":10313.52,"ESPARC_EXP":1254.64,"OTRSER_VA":9908.21,"OTRSER_EXP":451.16,"SERHOG_VA":665.5,"SERHOG_EXP":0.0}},{"type":"Feature","geometry":{"type":"Point","coordinates":[8.47,60.47]},"properties":{"id":"NOR","name":"Noruega","continent":"europe","year":2014,"AGRPFO_VA":2165.74,"AGRPFO_EXP":938.31,"FORLOG_VA":811.07,"FORLOG_EXP":168.71,"PESCAC_VA":4258.84,"PESCAC_EXP":3411.7,"MINCOL_VA":-13.36,"MINCOL_EXP":3.88,"PETGAS_VA":92426.96,"PETGAS_EXP":92728.82,"MINORE_VA":159.71,"MINORE_EXP":96.19,"MINOTH_VA":728.3,"MINOTH_EXP":409.17,"MINSER_VA":8452.36,"MINSER_EXP":1377.57,"ALYBEB_VA":6817.74,"ALYBEB_EXP":4029.44,"TEXYPR_VA":463.35,"TEXYPR_EXP":220.16,"MADYPR_VA":1290.16,"MADYPR_EXP":275.1,"PAPYPR_VA":1117.85,"PAPYPR_EXP":740.13,"PETREF_VA":897.87,"PETREF_EXP":3845.13,"QUIMYP_VA":2251.95,"QUIMYP_EXP":4298.99,"FARMED_VA":869.79,"FARMED_EXP":740.27,"HUPLAS_VA":716.5,"HUPLAS_EXP":556.12,"PRNOMT_VA":1649.07,"PRNOMT_EXP":374.03,"METBAS_VA":434.16,"METBAS_EXP":1178.03,"NONFER_VA":1428.66,"NONFER_EXP":3930.5,"PRMETA_VA":3197.32,"PRMETA_EXP":1468.93,"ELCTRO_VA":1764.95,"ELCTRO_EXP":1455.99,"ELCTRI_VA":1427.6,"ELCTRI_EXP":1818.71,"MAQYEQ_VA":4905.75,"MAQYEQ_EXP":4247.0,"AUTOMO_VA":409.33,"AUTOMO_EXP":380.87,"OTRTRA_VA":3294.85,"OTRTRA_EXP":719.11,"TRANSP_VA":123.08,"TRANSP_EXP":199.92,"OTRMAN_VA":3976.61,"OTRMAN_EXP":1876.59,"ELEGAS_VA":8872.07,"ELEGAS_EXP":916.21,"AGUBAS_VA":2843.28,"AGUBAS_EXP":7.82,"CONSTR_VA":28133.79,"CONSTR_EXP":35.9,"COMREV_VA":35260.24,"COMREV_EXP":9192.12,"TRATIE_VA":9183.4,"TRATIE_EXP":3559.84,"TRAGUA_VA":8646.61,"TRAGUA_EXP":18726.33,"TRAAIR_VA":1068.89,"TRAAIR_EXP":2510.28,"ALMSTR_VA":4731.7,"ALMSTR_EXP":3169.58,"POSTME_VA":1676.52,"POSTME_EXP":418.04,"HOTYRE_VA":6144.63,"HOTYRE_EXP":1972.06,"MMTVRA_VA":5261.54,"MMTVRA_EXP":647.05,"TELECO_VA":4987.81,"TELECO_EXP":1197.03,"ITSERV_VA":7845.73,"ITSERV_EXP":1993.4,"SERFIN_VA":22507.73,"SERFIN_EXP":3203.31,"GOBEST_VA":30216.68,"GOBEST_EXP":319.92,"SPRSCT_VA":21493.91,"SPRSCT_EXP":5693.85,"SEAEMP_VA":12693.62,"SEAEMP_EXP":3346.4,"ADPDEF_VA":27975.33,"ADPDEF_EXP":21.2,"EDUCAC_VA":22053.04,"EDUCAC_EXP":196.04,"SALUDH_VA":46244.01,"SALUDH_EXP":83.1,"ESPARC_VA":4232.57,"ESPARC_EXP":365.72,"OTRSER_VA":4473.73,"OTRSER_EXP":111.92,"SERHOG_VA":81.01,"SERHOG_EXP":0.0}},{"type":"Feature","geometry":{"type":"Point","coordinates":[174.89,-40.9]},"properties":{"id":"NZL","name":"Nueva Zelanda","continent":"other","year":2014,"AGRPFO_VA":7199.4,"AGRPFO_EXP":2182.46,"FORLOG_VA":1138.59,"FORLOG_EXP":1319.31,"PESCAC_VA":1797.36,"PESCAC_EXP":864.17,"MINCOL_VA":156.75,"MINCOL_EXP":246.92,"PETGAS_VA":1950.26,"PETGAS_EXP":1192.06,"MINORE_VA":394.96,"MINORE_EXP":214.12,"MINOTH_VA":298.6,"MINOTH_EXP":21.42,"MINSER_VA":322.11,"MINSER_EXP":22.0,"ALYBEB_VA":9356.1,"ALYBEB_EXP":17041.47,"TEXYPR_VA":591.09,"TEXYPR_EXP":667.66,"MADYPR_VA":1083.68,"MADYPR_EXP":1002.39,"PAPYPR_VA":1138.18,"PAPYPR_EXP":802.91,"PETREF_VA":1901.25,"PETREF_EXP":886.46,"QUIMYP_VA":1038.38,"QUIMYP_EXP":778.88,"FARMED_VA":194.98,"FARMED_EXP":153.78,"HUPLAS_VA":1140.98,"HUPLAS_EXP":455.79,"PRNOMT_VA":968.61,"PRNOMT_EXP":141.83,"METBAS_VA":309.61,"METBAS_EXP":371.89,"NONFER_VA":572.79,"NONFER_EXP":1003.65,"PRMETA_VA":1707.92,"PRMETA_EXP":382.13,"ELCTRO_VA":461.18,"ELCTRO_EXP":371.67,"ELCTRI_VA":436.59,"ELCTRI_EXP":477.38,"MAQYEQ_VA":1757.35,"MAQYEQ_EXP":822.43,"AUTOMO_VA":249.16,"AUTOMO_EXP":85.85,"OTRTRA_VA":203.21,"OTRTRA_EXP":143.28,"TRANSP_VA":421.88,"TRANSP_EXP":34.96,"OTRMAN_VA":559.61,"OTRMAN_EXP":380.04,"ELEGAS_VA":5066.81,"ELEGAS_EXP":27.81,"AGUBAS_VA":1466.14,"AGUBAS_EXP":13.91,"CONSTR_VA":12339.45,"CONSTR_EXP":184.52,"COMREV_VA":19833.13,"COMREV_EXP":6892.9,"TRATIE_VA":3323.93,"TRATIE_EXP":784.73,"TRAGUA_VA":278.28,"TRAGUA_EXP":127.78,"TRAAIR_VA":2180.15,"TRAAIR_EXP":1351.5,"ALMSTR_VA":3187.97,"ALMSTR_EXP":355.72,"POSTME_VA":935.6,"POSTME_EXP":128.24,"HOTYRE_VA":4193.0,"HOTYRE_EXP":2318.33,"MMTVRA_VA":1792.76,"MMTVRA_EXP":489.65,"TELECO_VA":1860.83,"TELECO_EXP":520.89,"ITSERV_VA":2051.15,"ITSERV_EXP":753.66,"SERFIN_VA":11608.1,"SERFIN_EXP":1036.12,"GOBEST_VA":21462.28,"GOBEST_EXP":743.68,"SPRSCT_VA":16072.15,"SPRSCT_EXP":1329.34,"SEAEMP_VA":3936.66,"SEAEMP_EXP":1049.69,"ADPDEF_VA":8447.51,"ADPDEF_EXP":116.43,"EDUCAC_VA":9379.7,"EDUCAC_EXP":548.81,"SALUDH_VA":12224.63,"SALUDH_EXP":130.8,"ESPARC_VA":2854.62,"ESPARC_EXP":686.8,"OTRSER_VA":3908.4,"OTRSER_EXP":168.29,"SERHOG_VA":519.79,"SERHOG_EXP":0.0}},{"type":"Feature","geometry":{"type":"Point","coordinates":[69.35,30.38]},"properties":{"id":"PAK","name":"Pakistán","continent":"asia","year":2014,"AGRPFO_VA":53655.98,"AGRPFO_EXP":897.63,"FORLOG_VA":1209.51,"FORLOG_EXP":2.92,"PESCAC_VA":659.88,"PESCAC_EXP":43.5,"MINCOL_VA":146.62,"MINCOL_EXP":0.49,"PETGAS_VA":4611.51,"PETGAS_EXP":213.51,"MINORE_VA":243.5,"MINORE_EXP":86.45,"MINOTH_VA":266.72,"MINOTH_EXP":149.75,"MINSER_VA":258.32,"MINSER_EXP":8.93,"ALYBEB_VA":8621.4,"ALYBEB_EXP":3474.7,"TEXYPR_VA":10001.15,"TEXYPR_EXP":12001.04,"MADYPR_VA":915.81,"MADYPR_EXP":59.17,"PAPYPR_VA":1959.92,"PAPYPR_EXP":79.58,"PETREF_VA":2036.3,"PETREF_EXP":388.85,"QUIMYP_VA":2372.1,"QUIMYP_EXP":677.18,"FARMED_VA":861.68,"FARMED_EXP":166.87,"HUPLAS_VA":1163.18,"HUPLAS_EXP":120.71,"PRNOMT_VA":2255.2,"PRNOMT_EXP":491.73,"METBAS_VA":1066.33,"METBAS_EXP":144.87,"NONFER_VA":763.87,"NONFER_EXP":144.2,"PRMETA_VA":1535.72,"PRMETA_EXP":194.56,"ELCTRO_VA":1392.01,"ELCTRO_EXP":42.99,"ELCTRI_VA":880.91,"ELCTRI_EXP":113.26,"MAQYEQ_VA":1417.83,"MAQYEQ_EXP":97.34,"AUTOMO_VA":1905.29,"AUTOMO_EXP":29.61,"OTRTRA_VA":258.26,"OTRTRA_EXP":1.85,"TRANSP_VA":282.96,"TRANSP_EXP":6.99,"OTRMAN_VA":1016.24,"OTRMAN_EXP":610.63,"ELEGAS_VA":3420.7,"ELEGAS_EXP":14.82,"AGUBAS_VA":1646.82,"AGUBAS_EXP":8.84,"CONSTR_VA":6526.12,"CONSTR_EXP":31.06,"COMREV_VA":24673.44,"COMREV_EXP":2891.34,"TRATIE_VA":7394.38,"TRATIE_EXP":339.57,"TRAGUA_VA":1783.94,"TRAGUA_EXP":347.32,"TRAAIR_VA":1465.03,"TRAAIR_EXP":1275.36,"ALMSTR_VA":2435.89,"ALMSTR_EXP":204.95,"POSTME_VA":549.71,"POSTME_EXP":3.39,"HOTYRE_VA":6407.56,"HOTYRE_EXP":108.52,"MMTVRA_VA":1807.99,"MMTVRA_EXP":184.23,"TELECO_VA":4109.36,"TELECO_EXP":638.05,"ITSERV_VA":1296.64,"ITSERV_EXP":541.6,"SERFIN_VA":8798.88,"SERFIN_EXP":355.14,"GOBEST_VA":11066.75,"GOBEST_EXP":49.98,"SPRSCT_VA":6286.36,"SPRSCT_EXP":904.12,"SEAEMP_VA":4436.0,"SEAEMP_EXP":426.64,"ADPDEF_VA":10406.02,"ADPDEF_EXP":9.03,"EDUCAC_VA":6129.62,"EDUCAC_EXP":11.94,"SALUDH_VA":9789.21,"SALUDH_EXP":9.14,"ESPARC_VA":1589.3,"ESPARC_EXP":74.18,"OTRSER_VA":3078.28,"OTRSER_EXP":20.22,"SERHOG_VA":1123.84,"SERHOG_EXP":0.0}},{"type":"Feature","geometry":{"type":"Point","coordinates":[-75.02,-9.19]},"properties":{"id":"PER","name":"Perú","continent":"america","year":2014,"AGRPFO_VA":12113.3,"AGRPFO_EXP":2038.15,"FORLOG_VA":321.0,"FORLOG_EXP":15.83,"PESCAC_VA":889.14,"PESCAC_EXP":5.54,"MINCOL_VA":212.7,"MINCOL_EXP":23.45,"PETGAS_VA":3086.07,"PETGAS_EXP":1306.77,"MINORE_VA":12236.77,"MINORE_EXP":15768.5,"MINOTH_VA":1366.18,"MINOTH_EXP":272.48,"MINSER_VA":1394.73,"MINSER_EXP":2.28,"ALYBEB_VA":7076.13,"ALYBEB_EXP":4233.87,"TEXYPR_VA":2893.1,"TEXYPR_EXP":1464.89,"MADYPR_VA":580.6,"MADYPR_EXP":131.62,"PAPYPR_VA":1801.71,"PAPYPR_EXP":139.71,"PETREF_VA":2059.21,"PETREF_EXP":2746.54,"QUIMYP_VA":1757.11,"QUIMYP_EXP":760.16,"FARMED_VA":393.13,"FARMED_EXP":36.99,"HUPLAS_VA":1161.5,"HUPLAS_EXP":502.48,"PRNOMT_VA":2309.79,"PRNOMT_EXP":277.99,"METBAS_VA":497.08,"METBAS_EXP":138.55,"NONFER_VA":1665.0,"NONFER_EXP":3784.18,"PRMETA_VA":1544.41,"PRMETA_EXP":278.34,"ELCTRO_VA":67.06,"ELCTRO_EXP":31.86,"ELCTRI_VA":72.38,"ELCTRI_EXP":418.57,"MAQYEQ_VA":1104.56,"MAQYEQ_EXP":266.86,"AUTOMO_VA":732.54,"AUTOMO_EXP":120.19,"OTRTRA_VA":33.46,"OTRTRA_EXP":32.1,"TRANSP_VA":270.63,"TRANSP_EXP":14.84,"OTRMAN_VA":3398.83,"OTRMAN_EXP":1283.18,"ELEGAS_VA":3641.13,"ELEGAS_EXP":7.17,"AGUBAS_VA":767.02,"AGUBAS_EXP":7.46,"CONSTR_VA":14171.57,"CONSTR_EXP":2.0,"COMREV_VA":19810.81,"COMREV_EXP":3356.73,"TRATIE_VA":8730.13,"TRATIE_EXP":1016.2,"TRAGUA_VA":211.56,"TRAGUA_EXP":143.82,"TRAAIR_VA":496.12,"TRAAIR_EXP":661.07,"ALMSTR_VA":2507.53,"ALMSTR_EXP":405.84,"POSTME_VA":242.24,"POSTME_EXP":13.95,"HOTYRE_VA":8762.77,"HOTYRE_EXP":1111.7,"MMTVRA_VA":1055.53,"MMTVRA_EXP":27.36,"TELECO_VA":2754.05,"TELECO_EXP":131.96,"ITSERV_VA":540.4,"ITSERV_EXP":1.11,"SERFIN_VA":9849.92,"SERFIN_EXP":288.33,"GOBEST_VA":7855.25,"GOBEST_EXP":96.07,"SPRSCT_VA":6598.87,"SPRSCT_EXP":203.86,"SEAEMP_VA":5114.67,"SEAEMP_EXP":329.98,"ADPDEF_VA":10670.79,"ADPDEF_EXP":101.01,"EDUCAC_VA":9190.14,"EDUCAC_EXP":98.07,"SALUDH_VA":5404.35,"SALUDH_EXP":53.76,"ESPARC_VA":1327.82,"ESPARC_EXP":394.79,"OTRSER_VA":2402.57,"OTRSER_EXP":75.19,"SERHOG_VA":4680.81,"SERHOG_EXP":0.0}},{"type":"Feature","geometry":{"type":"Point","coordinates":[121.77,12.88]},"properties":{"id":"PHL","name":"Filipinas","continent":"asia","year":2014,"AGRPFO_VA":26508.59,"AGRPFO_EXP":1855.63,"FORLOG_VA":2871.3,"FORLOG_EXP":19.95,"PESCAC_VA":4903.04,"PESCAC_EXP":185.02,"MINCOL_VA":199.84,"MINCOL_EXP":142.92,"PETGAS_VA":856.42,"PETGAS_EXP":340.33,"MINORE_VA":1460.74,"MINORE_EXP":2053.87,"MINOTH_VA":565.71,"MINOTH_EXP":93.6,"MINSER_VA":140.98,"MINSER_EXP":217.24,"ALYBEB_VA":29524.41,"ALYBEB_EXP":4078.27,"TEXYPR_VA":3047.9,"TEXYPR_EXP":1198.13,"MADYPR_VA":452.99,"MADYPR_EXP":831.19,"PAPYPR_VA":734.38,"PAPYPR_EXP":535.63,"PETREF_VA":3355.53,"PETREF_EXP":831.63,"QUIMYP_VA":4314.55,"QUIMYP_EXP":1555.4,"FARMED_VA":732.98,"FARMED_EXP":84.77,"HUPLAS_VA":669.27,"HUPLAS_EXP":772.77,"PRNOMT_VA":1404.61,"PRNOMT_EXP":408.62,"METBAS_VA":650.2,"METBAS_EXP":214.15,"NONFER_VA":308.86,"NONFER_EXP":932.91,"PRMETA_VA":531.49,"PRMETA_EXP":232.98,"ELCTRO_VA":7116.09,"ELCTRO_EXP":16833.81,"ELCTRI_VA":888.6,"ELCTRI_EXP":2047.44,"MAQYEQ_VA":809.26,"MAQYEQ_EXP":1257.88,"AUTOMO_VA":854.76,"AUTOMO_EXP":1154.16,"OTRTRA_VA":145.85,"OTRTRA_EXP":432.05,"TRANSP_VA":426.53,"TRANSP_EXP":1142.53,"OTRMAN_VA":1828.16,"OTRMAN_EXP":1186.42,"ELEGAS_VA":7460.23,"ELEGAS_EXP":53.43,"AGUBAS_VA":1486.77,"AGUBAS_EXP":11.57,"CONSTR_VA":17558.92,"CONSTR_EXP":167.73,"COMREV_VA":47820.57,"COMREV_EXP":8865.4,"TRATIE_VA":5865.36,"TRATIE_EXP":1754.9,"TRAGUA_VA":772.28,"TRAGUA_EXP":1151.11,"TRAAIR_VA":1505.41,"TRAAIR_EXP":1028.11,"ALMSTR_VA":2218.97,"ALMSTR_EXP":971.57,"POSTME_VA":160.43,"POSTME_EXP":32.4,"HOTYRE_VA":4961.44,"HOTYRE_EXP":2044.49,"MMTVRA_VA":787.01,"MMTVRA_EXP":883.39,"TELECO_VA":8384.78,"TELECO_EXP":4469.9,"ITSERV_VA":2433.28,"ITSERV_EXP":3322.37,"SERFIN_VA":21158.11,"SERFIN_EXP":1028.15,"GOBEST_VA":18023.11,"GOBEST_EXP":382.38,"SPRSCT_VA":4335.0,"SPRSCT_EXP":2766.12,"SEAEMP_VA":11653.5,"SEAEMP_EXP":7162.32,"ADPDEF_VA":10473.08,"ADPDEF_EXP":46.13,"EDUCAC_VA":10503.87,"EDUCAC_EXP":101.56,"SALUDH_VA":4610.65,"SALUDH_EXP":59.52,"ESPARC_VA":3536.73,"ESPARC_EXP":814.04,"OTRSER_VA":3815.49,"OTRSER_EXP":109.21,"SERHOG_VA":0.0,"SERHOG_EXP":0.0}},{"type":"Feature","geometry":{"type":"Point","coordinates":[19.15,51.92]},"properties":{"id":"POL","name":"Polonia","continent":"europe","year":2014,"AGRPFO_VA":14027.5,"AGRPFO_EXP":3663.44,"FORLOG_VA":2757.2,"FORLOG_EXP":354.6,"PESCAC_VA":88.77,"PESCAC_EXP":31.4,"MINCOL_VA":4712.39,"MINCOL_EXP":888.23,"PETGAS_VA":158.34,"PETGAS_EXP":239.79,"MINORE_VA":2826.44,"MINORE_EXP":1817.43,"MINOTH_VA":786.43,"MINOTH_EXP":110.68,"MINSER_VA":555.01,"MINSER_EXP":93.79,"ALYBEB_VA":16663.87,"ALYBEB_EXP":17297.73,"TEXYPR_VA":3280.24,"TEXYPR_EXP":4869.95,"MADYPR_VA":3655.87,"MADYPR_EXP":3138.99,"PAPYPR_VA":4787.88,"PAPYPR_EXP":4559.46,"PETREF_VA":4607.85,"PETREF_EXP":7026.82,"QUIMYP_VA":4575.63,"QUIMYP_EXP":9374.45,"FARMED_VA":1817.79,"FARMED_EXP":2839.36,"HUPLAS_VA":7125.24,"HUPLAS_EXP":9973.66,"PRNOMT_VA":5459.69,"PRNOMT_EXP":3503.22,"METBAS_VA":2275.63,"METBAS_EXP":4696.94,"NONFER_VA":772.97,"NONFER_EXP":2952.39,"PRMETA_VA":10380.98,"PRMETA_EXP":8990.92,"ELCTRO_VA":2321.6,"ELCTRO_EXP":8247.78,"ELCTRI_VA":3852.39,"ELCTRI_EXP":10095.81,"MAQYEQ_VA":4416.19,"MAQYEQ_EXP":7737.01,"AUTOMO_VA":9173.43,"AUTOMO_EXP":21595.66,"OTRTRA_VA":526.29,"OTRTRA_EXP":868.61,"TRANSP_VA":1929.46,"TRANSP_EXP":2245.38,"OTRMAN_VA":11481.01,"OTRMAN_EXP":7936.02,"ELEGAS_VA":16426.82,"ELEGAS_EXP":746.42,"AGUBAS_VA":6038.29,"AGUBAS_EXP":192.35,"CONSTR_VA":41839.17,"CONSTR_EXP":1014.57,"COMREV_VA":79559.98,"COMREV_EXP":30699.44,"TRATIE_VA":23175.48,"TRATIE_EXP":13532.0,"TRAGUA_VA":438.77,"TRAGUA_EXP":400.59,"TRAAIR_VA":1269.23,"TRAAIR_EXP":2138.01,"ALMSTR_VA":7869.66,"ALMSTR_EXP":5006.82,"POSTME_VA":2862.14,"POSTME_EXP":465.76,"HOTYRE_VA":6490.26,"HOTYRE_EXP":2050.13,"MMTVRA_VA":4379.81,"MMTVRA_EXP":1362.61,"TELECO_VA":5958.0,"TELECO_EXP":1174.25,"ITSERV_VA":7904.16,"ITSERV_EXP":4132.45,"SERFIN_VA":21548.98,"SERFIN_EXP":1999.66,"GOBEST_VA":28484.97,"GOBEST_EXP":1736.11,"SPRSCT_VA":25999.49,"SPRSCT_EXP":8522.12,"SEAEMP_VA":11755.41,"SEAEMP_EXP":1559.03,"ADPDEF_VA":27815.85,"ADPDEF_EXP":16.36,"EDUCAC_VA":23322.75,"EDUCAC_EXP":676.74,"SALUDH_VA":22548.6,"SALUDH_EXP":468.55,"ESPARC_VA":3701.05,"ESPARC_EXP":649.8,"OTRSER_VA":5546.17,"OTRSER_EXP":435.23,"SERHOG_VA":72.45,"SERHOG_EXP":0.0}},{"type":"Feature","geometry":{"type":"Point","coordinates":[-8.22,39.4]},"properties":{"id":"PRT","name":"Portugal","continent":"europe","year":2014,"AGRPFO_VA":3502.66,"AGRPFO_EXP":971.1,"FORLOG_VA":980.07,"FORLOG_EXP":124.52,"PESCAC_VA":398.93,"PESCAC_EXP":185.9,"MINCOL_VA":0.0,"MINCOL_EXP":0.0,"PETGAS_VA":0.0,"PETGAS_EXP":0.0,"MINORE_VA":400.03,"MINORE_EXP":569.54,"MINOTH_VA":328.32,"MINOTH_EXP":148.3,"MINSER_VA":50.45,"MINSER_EXP":40.99,"ALYBEB_VA":5639.72,"ALYBEB_EXP":4663.56,"TEXYPR_VA":5219.19,"TEXYPR_EXP":5658.03,"MADYPR_VA":1368.96,"MADYPR_EXP":1483.2,"PAPYPR_VA":1655.07,"PAPYPR_EXP":2483.49,"PETREF_VA":434.25,"PETREF_EXP":4166.66,"QUIMYP_VA":1022.12,"QUIMYP_EXP":2822.92,"FARMED_VA":638.13,"FARMED_EXP":831.13,"HUPLAS_VA":1573.58,"HUPLAS_EXP":2711.16,"PRNOMT_VA":1752.25,"PRNOMT_EXP":1794.17,"METBAS_VA":365.44,"METBAS_EXP":1226.59,"NONFER_VA":145.55,"NONFER_EXP":625.8,"PRMETA_VA":2733.96,"PRMETA_EXP":2983.4,"ELCTRO_VA":585.98,"ELCTRO_EXP":1693.87,"ELCTRI_VA":834.72,"ELCTRI_EXP":2386.9,"MAQYEQ_VA":1154.92,"MAQYEQ_EXP":2426.89,"AUTOMO_VA":2085.17,"AUTOMO_EXP":6338.33,"OTRTRA_VA":45.51,"OTRTRA_EXP":89.31,"TRANSP_VA":96.17,"TRANSP_EXP":267.36,"OTRMAN_VA":2315.84,"OTRMAN_EXP":2039.4,"ELEGAS_VA":5110.37,"ELEGAS_EXP":245.27,"AGUBAS_VA":2395.49,"AGUBAS_EXP":21.32,"CONSTR_VA":8856.1,"CONSTR_EXP":92.33,"COMREV_VA":30943.47,"COMREV_EXP":10619.44,"TRATIE_VA":4486.84,"TRATIE_EXP":2761.37,"TRAGUA_VA":207.28,"TRAGUA_EXP":546.38,"TRAAIR_VA":1228.97,"TRAAIR_EXP":4495.27,"ALMSTR_VA":3860.79,"ALMSTR_EXP":1964.96,"POSTME_VA":666.19,"POSTME_EXP":285.66,"HOTYRE_VA":10616.67,"HOTYRE_EXP":5379.73,"MMTVRA_VA":1271.68,"MMTVRA_EXP":527.2,"TELECO_VA":3342.95,"TELECO_EXP":944.68,"ITSERV_VA":2573.28,"ITSERV_EXP":849.16,"SERFIN_VA":10827.57,"SERFIN_EXP":946.46,"GOBEST_VA":25227.16,"GOBEST_EXP":644.85,"SPRSCT_VA":8120.17,"SPRSCT_EXP":2444.31,"SEAEMP_VA":7071.64,"SEAEMP_EXP":1959.7,"ADPDEF_VA":15524.46,"ADPDEF_EXP":312.77,"EDUCAC_VA":12553.78,"EDUCAC_EXP":372.26,"SALUDH_VA":12967.44,"SALUDH_EXP":194.59,"ESPARC_VA":1567.95,"ESPARC_EXP":463.24,"OTRSER_VA":2968.37,"OTRSER_EXP":220.9,"SERHOG_VA":1478.07,"SERHOG_EXP":0.0}},{"type":"Feature","geometry":{"type":"Point","coordinates":[24.97,45.94]},"properties":{"id":"ROU","name":"Rumania","continent":"europe","year":2014,"AGRPFO_VA":8805.65,"AGRPFO_EXP":3468.8,"FORLOG_VA":1200.38,"FORLOG_EXP":159.0,"PESCAC_VA":138.67,"PESCAC_EXP":9.59,"MINCOL_VA":77.71,"MINCOL_EXP":2.19,"PETGAS_VA":955.07,"PETGAS_EXP":168.49,"MINORE_VA":11.42,"MINORE_EXP":41.44,"MINOTH_VA":238.33,"MINOTH_EXP":32.76,"MINSER_VA":399.84,"MINSER_EXP":72.4,"ALYBEB_VA":9575.35,"ALYBEB_EXP":1572.52,"TEXYPR_VA":4009.02,"TEXYPR_EXP":3041.14,"MADYPR_VA":1322.33,"MADYPR_EXP":1532.01,"PAPYPR_VA":769.32,"PAPYPR_EXP":293.74,"PETREF_VA":6907.17,"PETREF_EXP":1956.14,"QUIMYP_VA":1294.93,"QUIMYP_EXP":1932.13,"FARMED_VA":463.28,"FARMED_EXP":408.8,"HUPLAS_VA":1546.79,"HUPLAS_EXP":1902.83,"PRNOMT_VA":1626.08,"PRNOMT_EXP":373.36,"METBAS_VA":1466.4,"METBAS_EXP":1019.72,"NONFER_VA":282.96,"NONFER_EXP":488.32,"PRMETA_VA":2206.35,"PRMETA_EXP":239.53,"ELCTRO_VA":1214.14,"ELCTRO_EXP":1984.99,"ELCTRI_VA":1983.9,"ELCTRI_EXP":3358.27,"MAQYEQ_VA":2285.66,"MAQYEQ_EXP":3695.99,"AUTOMO_VA":3731.79,"AUTOMO_EXP":8982.31,"OTRTRA_VA":464.95,"OTRTRA_EXP":373.7,"TRANSP_VA":570.8,"TRANSP_EXP":461.37,"OTRMAN_VA":3105.17,"OTRMAN_EXP":1998.87,"ELEGAS_VA":6226.43,"ELEGAS_EXP":411.34,"AGUBAS_VA":1817.85,"AGUBAS_EXP":0.24,"CONSTR_VA":13177.29,"CONSTR_EXP":0.4,"COMREV_VA":15202.76,"COMREV_EXP":7336.35,"TRATIE_VA":9434.07,"TRATIE_EXP":7693.85,"TRAGUA_VA":465.01,"TRAGUA_EXP":311.3,"TRAAIR_VA":155.72,"TRAAIR_EXP":563.94,"ALMSTR_VA":2548.7,"ALMSTR_EXP":1366.66,"POSTME_VA":576.44,"POSTME_EXP":196.4,"HOTYRE_VA":2754.67,"HOTYRE_EXP":228.79,"MMTVRA_VA":1320.98,"MMTVRA_EXP":610.79,"TELECO_VA":3642.16,"TELECO_EXP":789.43,"ITSERV_VA":4929.45,"ITSERV_EXP":2610.51,"SERFIN_VA":6527.28,"SERFIN_EXP":276.32,"GOBEST_VA":16415.27,"GOBEST_EXP":37.59,"SPRSCT_VA":8758.27,"SPRSCT_EXP":5744.53,"SEAEMP_VA":4045.55,"SEAEMP_EXP":320.16,"ADPDEF_VA":7521.33,"ADPDEF_EXP":0.52,"EDUCAC_VA":6710.15,"EDUCAC_EXP":13.85,"SALUDH_VA":8879.11,"SALUDH_EXP":43.35,"ESPARC_VA":3120.5,"ESPARC_EXP":54.0,"OTRSER_VA":2551.02,"OTRSER_EXP":12.74,"SERHOG_VA":1960.28,"SERHOG_EXP":0.0}},{"type":"Feature","geometry":{"type":"Point","coordinates":[105.32,61.52]},"properties":{"id":"RUS","name":"Rusia","continent":"europe","year":2014,"AGRPFO_VA":64937.76,"AGRPFO_EXP":10958.62,"FORLOG_VA":2955.6,"FORLOG_EXP":1715.78,"PESCAC_VA":4085.64,"PESCAC_EXP":1890.44,"MINCOL_VA":6240.52,"MINCOL_EXP":6307.39,"PETGAS_VA":134100.19,"PETGAS_EXP":73765.76,"MINORE_VA":6001.8,"MINORE_EXP":5205.58,"MINOTH_VA":7615.85,"MINOTH_EXP":6813.37,"MINSER_VA":11504.19,"MINSER_EXP":1151.41,"ALYBEB_VA":37229.45,"ALYBEB_EXP":12298.31,"TEXYPR_VA":4754.94,"TEXYPR_EXP":2370.15,"MADYPR_VA":5047.36,"MADYPR_EXP":6936.95,"PAPYPR_VA":6807.8,"PAPYPR_EXP":4281.21,"PETREF_VA":46581.25,"PETREF_EXP":75038.49,"QUIMYP_VA":15467.9,"QUIMYP_EXP":26644.29,"FARMED_VA":3085.12,"FARMED_EXP":666.92,"HUPLAS_VA":4792.74,"HUPLAS_EXP":3109.99,"PRNOMT_VA":11793.53,"PRNOMT_EXP":2328.96,"METBAS_VA":15343.43,"METBAS_EXP":30844.69,"NONFER_VA":23038.47,"NONFER_EXP":28544.18,"PRMETA_VA":10960.23,"PRMETA_EXP":2323.07,"ELCTRO_VA":11681.2,"ELCTRO_EXP":6168.35,"ELCTRI_VA":6014.65,"ELCTRI_EXP":2741.5,"MAQYEQ_VA":9183.89,"MAQYEQ_EXP":3517.26,"AUTOMO_VA":9492.55,"AUTOMO_EXP":6380.89,"OTRTRA_VA":5902.05,"OTRTRA_EXP":791.41,"TRANSP_VA":14450.98,"TRANSP_EXP":3552.43,"OTRMAN_VA":11529.15,"OTRMAN_EXP":4525.59,"ELEGAS_VA":48536.78,"ELEGAS_EXP":1285.25,"AGUBAS_VA":9992.44,"AGUBAS_EXP":150.19,"CONSTR_VA":128327.04,"CONSTR_EXP":947.74,"COMREV_VA":311713.36,"COMREV_EXP":102447.35,"TRATIE_VA":83398.6,"TRATIE_EXP":17992.1,"TRAGUA_VA":2202.62,"TRAGUA_EXP":899.25,"TRAAIR_VA":6437.46,"TRAAIR_EXP":6637.48,"ALMSTR_VA":26153.64,"ALMSTR_EXP":7195.38,"POSTME_VA":3173.14,"POSTME_EXP":505.37,"HOTYRE_VA":16697.69,"HOTYRE_EXP":3783.89,"MMTVRA_VA":5939.89,"MMTVRA_EXP":1316.94,"TELECO_VA":26640.28,"TELECO_EXP":2669.51,"ITSERV_VA":13181.38,"ITSERV_EXP":3422.52,"SERFIN_VA":81068.81,"SERFIN_EXP":3429.66,"GOBEST_VA":189685.62,"GOBEST_EXP":1390.02,"SPRSCT_VA":81138.82,"SPRSCT_EXP":19188.28,"SEAEMP_VA":36826.34,"SEAEMP_EXP":2753.88,"ADPDEF_VA":147378.89,"ADPDEF_EXP":25.74,"EDUCAC_VA":57775.75,"EDUCAC_EXP":262.63,"SALUDH_VA":61670.26,"SALUDH_EXP":192.12,"ESPARC_VA":15542.58,"ESPARC_EXP":539.38,"OTRSER_VA":8724.14,"OTRSER_EXP":280.16,"SERHOG_VA":11360.07,"SERHOG_EXP":0.0}},{"type":"Feature","geometry":{"type":"Point","coordinates":[45.08,23.89]},"properties":{"id":"SAU","name":"Arabia Saudita","continent":"other","year":2014,"AGRPFO_VA":18175.2,"AGRPFO_EXP":420.63,"FORLOG_VA":24.54,"FORLOG_EXP":0.44,"PESCAC_VA":744.1,"PESCAC_EXP":13.75,"MINCOL_VA":0.0,"MINCOL_EXP":0.0,"PETGAS_VA":267699.84,"PETGAS_EXP":249644.75,"MINORE_VA":808.1,"MINORE_EXP":254.94,"MINOTH_VA":1672.9,"MINOTH_EXP":61.47,"MINSER_VA":667.28,"MINSER_EXP":231.97,"ALYBEB_VA":11887.23,"ALYBEB_EXP":2689.4,"TEXYPR_VA":2978.42,"TEXYPR_EXP":435.77,"MADYPR_VA":835.73,"MADYPR_EXP":28.07,"PAPYPR_VA":3498.16,"PAPYPR_EXP":802.15,"PETREF_VA":17048.92,"PETREF_EXP":22039.96,"QUIMYP_VA":19796.74,"QUIMYP_EXP":28082.73,"FARMED_VA":483.14,"FARMED_EXP":323.15,"HUPLAS_VA":2581.54,"HUPLAS_EXP":841.17,"PRNOMT_VA":4433.52,"PRNOMT_EXP":334.1,"METBAS_VA":791.11,"METBAS_EXP":746.63,"NONFER_VA":515.99,"NONFER_EXP":1697.65,"PRMETA_VA":4073.21,"PRMETA_EXP":427.32,"ELCTRO_VA":111.96,"ELCTRO_EXP":3.45,"ELCTRI_VA":2535.83,"ELCTRI_EXP":283.69,"MAQYEQ_VA":1418.84,"MAQYEQ_EXP":146.46,"AUTOMO_VA":705.74,"AUTOMO_EXP":10.31,"OTRTRA_VA":36.58,"OTRTRA_EXP":33.9,"TRANSP_VA":59.59,"TRANSP_EXP":1.75,"OTRMAN_VA":3316.5,"OTRMAN_EXP":208.21,"ELEGAS_VA":6263.28,"ELEGAS_EXP":19.34,"AGUBAS_VA":2195.29,"AGUBAS_EXP":1.55,"CONSTR_VA":36905.08,"CONSTR_EXP":127.97,"COMREV_VA":58497.5,"COMREV_EXP":20916.31,"TRATIE_VA":7322.42,"TRATIE_EXP":3240.0,"TRAGUA_VA":619.36,"TRAGUA_EXP":448.56,"TRAAIR_VA":2520.36,"TRAAIR_EXP":2131.94,"ALMSTR_VA":6316.7,"ALMSTR_EXP":2173.78,"POSTME_VA":783.34,"POSTME_EXP":49.99,"HOTYRE_VA":12582.96,"HOTYRE_EXP":3953.2,"MMTVRA_VA":1482.18,"MMTVRA_EXP":154.93,"TELECO_VA":16069.31,"TELECO_EXP":475.42,"ITSERV_VA":4156.94,"ITSERV_EXP":30.11,"SERFIN_VA":25385.44,"SERFIN_EXP":235.32,"GOBEST_VA":23859.68,"GOBEST_EXP":624.89,"SPRSCT_VA":4917.18,"SPRSCT_EXP":158.7,"SEAEMP_VA":7489.2,"SEAEMP_EXP":191.45,"ADPDEF_VA":93679.69,"ADPDEF_EXP":17.41,"EDUCAC_VA":37093.13,"EDUCAC_EXP":310.54,"SALUDH_VA":23251.52,"SALUDH_EXP":158.28,"ESPARC_VA":2289.41,"ESPARC_EXP":340.96,"OTRSER_VA":4776.37,"OTRSER_EXP":162.76,"SERHOG_VA":6657.08,"SERHOG_EXP":0.0}},{"type":"Feature","geometry":{"type":"Point","coordinates":[-14.45,14.5]},"properties":{"id":"SEN","name":"Senegal","continent":"other","year":2014,"AGRPFO_VA":2246.51,"AGRPFO_EXP":141.82,"FORLOG_VA":98.99,"FORLOG_EXP":4.31,"PESCAC_VA":233.62,"PESCAC_EXP":98.8,"MINCOL_VA":14.09,"MINCOL_EXP":0.19,"PETGAS_VA":8.78,"PETGAS_EXP":0.24,"MINORE_VA":210.37,"MINORE_EXP":248.37,"MINOTH_VA":161.83,"MINOTH_EXP":102.93,"MINSER_VA":5.1,"MINSER_EXP":1.06,"ALYBEB_VA":1649.67,"ALYBEB_EXP":432.51,"TEXYPR_VA":471.15,"TEXYPR_EXP":111.09,"MADYPR_VA":101.63,"MADYPR_EXP":4.78,"PAPYPR_VA":118.65,"PAPYPR_EXP":15.73,"PETREF_VA":83.27,"PETREF_EXP":476.33,"QUIMYP_VA":157.47,"QUIMYP_EXP":160.94,"FARMED_VA":33.59,"FARMED_EXP":11.84,"HUPLAS_VA":101.44,"HUPLAS_EXP":10.96,"PRNOMT_VA":171.18,"PRNOMT_EXP":156.71,"METBAS_VA":129.45,"METBAS_EXP":31.91,"NONFER_VA":3.79,"NONFER_EXP":51.59,"PRMETA_VA":154.02,"PRMETA_EXP":3.26,"ELCTRO_VA":0.47,"ELCTRO_EXP":0.14,"ELCTRI_VA":34.49,"ELCTRI_EXP":14.47,"MAQYEQ_VA":4.49,"MAQYEQ_EXP":7.63,"AUTOMO_VA":1.87,"AUTOMO_EXP":1.02,"OTRTRA_VA":21.53,"OTRTRA_EXP":3.66,"TRANSP_VA":53.68,"TRANSP_EXP":1.44,"OTRMAN_VA":138.5,"OTRMAN_EXP":10.68,"ELEGAS_VA":190.01,"ELEGAS_EXP":8.37,"AGUBAS_VA":170.13,"AGUBAS_EXP":0.12,"CONSTR_VA":553.07,"CONSTR_EXP":1.23,"COMREV_VA":2453.94,"COMREV_EXP":294.62,"TRATIE_VA":496.99,"TRATIE_EXP":80.04,"TRAGUA_VA":8.95,"TRAGUA_EXP":7.21,"TRAAIR_VA":26.51,"TRAAIR_EXP":54.86,"ALMSTR_VA":230.32,"ALMSTR_EXP":88.43,"POSTME_VA":14.7,"POSTME_EXP":1.07,"HOTYRE_VA":277.88,"HOTYRE_EXP":153.96,"MMTVRA_VA":94.69,"MMTVRA_EXP":31.6,"TELECO_VA":853.78,"TELECO_EXP":260.3,"ITSERV_VA":83.21,"ITSERV_EXP":21.03,"SERFIN_VA":413.66,"SERFIN_EXP":41.92,"GOBEST_VA":1669.79,"GOBEST_EXP":33.9,"SPRSCT_VA":1298.54,"SPRSCT_EXP":227.19,"SEAEMP_VA":440.52,"SEAEMP_EXP":48.32,"ADPDEF_VA":990.09,"ADPDEF_EXP":0.4,"EDUCAC_VA":939.09,"EDUCAC_EXP":9.39,"SALUDH_VA":293.03,"SALUDH_EXP":6.54,"ESPARC_VA":48.1,"ESPARC_EXP":14.97,"OTRSER_VA":166.49,"OTRSER_EXP":8.69,"SERHOG_VA":103.79,"SERHOG_EXP":0.0}},{"type":"Feature","geometry":{"type":"Point","coordinates":[103.82,1.35]},"properties":{"id":"SGP","name":"Singapur","continent":"asia","year":2014,"AGRPFO_VA":65.55,"AGRPFO_EXP":27.75,"FORLOG_VA":0.0,"FORLOG_EXP":0.0,"PESCAC_VA":41.84,"PESCAC_EXP":5.99,"MINCOL_VA":0.0,"MINCOL_EXP":0.0,"PETGAS_VA":0.0,"PETGAS_EXP":0.0,"MINORE_VA":0.0,"MINORE_EXP":0.0,"MINOTH_VA":0.0,"MINOTH_EXP":0.0,"MINSER_VA":0.0,"MINSER_EXP":0.0,"ALYBEB_VA":3352.5,"ALYBEB_EXP":3391.46,"TEXYPR_VA":179.04,"TEXYPR_EXP":375.19,"MADYPR_VA":117.46,"MADYPR_EXP":73.25,"PAPYPR_VA":1172.08,"PAPYPR_EXP":1591.72,"PETREF_VA":217.74,"PETREF_EXP":16758.87,"QUIMYP_VA":5139.07,"QUIMYP_EXP":30251.29,"FARMED_VA":7108.08,"FARMED_EXP":8070.39,"HUPLAS_VA":600.49,"HUPLAS_EXP":585.82,"PRNOMT_VA":372.6,"PRNOMT_EXP":117.07,"METBAS_VA":93.86,"METBAS_EXP":658.49,"NONFER_VA":598.91,"NONFER_EXP":887.18,"PRMETA_VA":1498.93,"PRMETA_EXP":2524.64,"ELCTRO_VA":16570.16,"ELCTRO_EXP":47259.33,"ELCTRI_VA":653.0,"ELCTRI_EXP":1659.86,"MAQYEQ_VA":7381.17,"MAQYEQ_EXP":15154.69,"AUTOMO_VA":310.42,"AUTOMO_EXP":533.05,"OTRTRA_VA":2573.0,"OTRTRA_EXP":6519.31,"TRANSP_VA":3217.22,"TRANSP_EXP":4276.66,"OTRMAN_VA":2983.38,"OTRMAN_EXP":7276.27,"ELEGAS_VA":4048.86,"ELEGAS_EXP":64.3,"AGUBAS_VA":1232.67,"AGUBAS_EXP":27.25,"CONSTR_VA":15137.23,"CONSTR_EXP":254.89,"COMREV_VA":50549.84,"COMREV_EXP":45454.49,"TRATIE_VA":3419.18,"TRATIE_EXP":2064.97,"TRAGUA_VA":6143.51,"TRAGUA_EXP":38665.82,"TRAAIR_VA":3708.06,"TRAAIR_EXP":6533.36,"ALMSTR_VA":7732.78,"ALMSTR_EXP":3247.24,"POSTME_VA":542.55,"POSTME_EXP":1004.32,"HOTYRE_VA":6901.56,"HOTYRE_EXP":5549.36,"MMTVRA_VA":2894.12,"MMTVRA_EXP":8303.52,"TELECO_VA":4676.65,"TELECO_EXP":3064.31,"ITSERV_VA":4813.0,"ITSERV_EXP":9530.76,"SERFIN_VA":34912.36,"SERFIN_EXP":42010.84,"GOBEST_VA":26181.64,"GOBEST_EXP":1712.36,"SPRSCT_VA":24798.28,"SPRSCT_EXP":19026.54,"SEAEMP_VA":20419.45,"SEAEMP_EXP":9375.88,"ADPDEF_VA":7695.14,"ADPDEF_EXP":254.54,"EDUCAC_VA":9640.35,"EDUCAC_EXP":1593.1,"SALUDH_VA":9309.0,"SALUDH_EXP":859.38,"ESPARC_VA":1949.99,"ESPARC_EXP":809.0,"OTRSER_VA":2026.83,"OTRSER_EXP":498.14,"SERHOG_VA":1855.26,"SERHOG_EXP":0.0}},{"type":"Feature","geometry":{"type":"Point","coordinates":[6.61,0.19]},"properties":{"id":"STP","name":"S. Tomé y Príncipe","continent":"other","year":2014,"AGRPFO_VA":19.1,"AGRPFO_EXP":14.9,"FORLOG_VA":0.1,"FORLOG_EXP":0.02,"PESCAC_VA":26.33,"PESCAC_EXP":0.25,"MINCOL_VA":0.02,"MINCOL_EXP":0.0,"PETGAS_VA":0.46,"PETGAS_EXP":0.04,"MINORE_VA":0.01,"MINORE_EXP":0.0,"MINOTH_VA":0.26,"MINOTH_EXP":0.04,"MINSER_VA":0.15,"MINSER_EXP":0.04,"ALYBEB_VA":7.68,"ALYBEB_EXP":1.44,"TEXYPR_VA":0.04,"TEXYPR_EXP":0.61,"MADYPR_VA":0.02,"MADYPR_EXP":0.01,"PAPYPR_VA":0.03,"PAPYPR_EXP":0.05,"PETREF_VA":0.1,"PETREF_EXP":0.08,"QUIMYP_VA":0.06,"QUIMYP_EXP":0.05,"FARMED_VA":0.04,"FARMED_EXP":0.09,"HUPLAS_VA":0.05,"HUPLAS_EXP":0.01,"PRNOMT_VA":0.16,"PRNOMT_EXP":0.03,"METBAS_VA":0.0,"METBAS_EXP":0.0,"NONFER_VA":0.0,"NONFER_EXP":0.0,"PRMETA_VA":0.03,"PRMETA_EXP":0.01,"ELCTRO_VA":0.01,"ELCTRO_EXP":0.12,"ELCTRI_VA":0.01,"ELCTRI_EXP":0.05,"MAQYEQ_VA":0.01,"MAQYEQ_EXP":0.0,"AUTOMO_VA":0.01,"AUTOMO_EXP":0.01,"OTRTRA_VA":0.0,"OTRTRA_EXP":0.0,"TRANSP_VA":0.0,"TRANSP_EXP":0.0,"OTRMAN_VA":0.06,"OTRMAN_EXP":0.36,"ELEGAS_VA":4.53,"ELEGAS_EXP":0.15,"AGUBAS_VA":3.87,"AGUBAS_EXP":0.21,"CONSTR_VA":11.66,"CONSTR_EXP":0.4,"COMREV_VA":56.86,"COMREV_EXP":7.29,"TRATIE_VA":20.41,"TRATIE_EXP":4.64,"TRAGUA_VA":0.42,"TRAGUA_EXP":0.53,"TRAAIR_VA":2.66,"TRAAIR_EXP":2.95,"ALMSTR_VA":14.57,"ALMSTR_EXP":0.67,"POSTME_VA":4.25,"POSTME_EXP":0.18,"HOTYRE_VA":37.02,"HOTYRE_EXP":24.4,"MMTVRA_VA":3.2,"MMTVRA_EXP":0.79,"TELECO_VA":5.63,"TELECO_EXP":2.36,"ITSERV_VA":5.39,"ITSERV_EXP":2.3,"SERFIN_VA":33.59,"SERFIN_EXP":18.01,"GOBEST_VA":1.57,"GOBEST_EXP":2.34,"SPRSCT_VA":1.26,"SPRSCT_EXP":1.4,"SEAEMP_VA":1.38,"SEAEMP_EXP":0.93,"ADPDEF_VA":35.6,"ADPDEF_EXP":0.34,"EDUCAC_VA":12.49,"EDUCAC_EXP":1.36,"SALUDH_VA":8.11,"SALUDH_EXP":0.98,"ESPARC_VA":6.62,"ESPARC_EXP":2.15,"OTRSER_VA":9.13,"OTRSER_EXP":1.35,"SERHOG_VA":5.91,"SERHOG_EXP":0.0}},{"type":"Feature","geometry":{"type":"Point","coordinates":[19.7,48.67]},"properties":{"id":"SVK","name":"Eslovaquia","continent":"europe","year":2014,"AGRPFO_VA":1931.89,"AGRPFO_EXP":1069.22,"FORLOG_VA":763.41,"FORLOG_EXP":197.77,"PESCAC_VA":51.08,"PESCAC_EXP":5.5,"MINCOL_VA":45.31,"MINCOL_EXP":47.0,"PETGAS_VA":0.51,"PETGAS_EXP":0.24,"MINORE_VA":9.44,"MINORE_EXP":22.67,"MINOTH_VA":50.14,"MINOTH_EXP":62.44,"MINSER_VA":143.24,"MINSER_EXP":19.18,"ALYBEB_VA":1264.99,"ALYBEB_EXP":1678.84,"TEXYPR_VA":900.96,"TEXYPR_EXP":1261.36,"MADYPR_VA":657.97,"MADYPR_EXP":596.99,"PAPYPR_VA":652.58,"PAPYPR_EXP":1155.06,"PETREF_VA":1096.55,"PETREF_EXP":3027.13,"QUIMYP_VA":502.56,"QUIMYP_EXP":2113.3,"FARMED_VA":106.34,"FARMED_EXP":235.29,"HUPLAS_VA":1690.92,"HUPLAS_EXP":3559.94,"PRNOMT_VA":743.39,"PRNOMT_EXP":914.55,"METBAS_VA":991.55,"METBAS_EXP":2987.64,"NONFER_VA":266.23,"NONFER_EXP":879.53,"PRMETA_VA":2745.3,"PRMETA_EXP":3312.99,"ELCTRO_VA":1123.23,"ELCTRO_EXP":6921.42,"ELCTRI_VA":1026.6,"ELCTRI_EXP":3807.42,"MAQYEQ_VA":1837.65,"MAQYEQ_EXP":4268.33,"AUTOMO_VA":4255.22,"AUTOMO_EXP":22144.5,"OTRTRA_VA":1.68,"OTRTRA_EXP":0.46,"TRANSP_VA":169.59,"TRANSP_EXP":133.18,"OTRMAN_VA":1258.75,"OTRMAN_EXP":1375.13,"ELEGAS_VA":3539.24,"ELEGAS_EXP":79.78,"AGUBAS_VA":968.08,"AGUBAS_EXP":39.31,"CONSTR_VA":7388.76,"CONSTR_EXP":181.21,"COMREV_VA":11121.46,"COMREV_EXP":5559.27,"TRATIE_VA":3415.35,"TRATIE_EXP":2540.55,"TRAGUA_VA":84.06,"TRAGUA_EXP":34.59,"TRAAIR_VA":88.71,"TRAAIR_EXP":105.25,"ALMSTR_VA":2907.09,"ALMSTR_EXP":912.03,"POSTME_VA":373.56,"POSTME_EXP":111.08,"HOTYRE_VA":1305.44,"HOTYRE_EXP":780.86,"MMTVRA_VA":634.14,"MMTVRA_EXP":183.58,"TELECO_VA":1536.37,"TELECO_EXP":506.26,"ITSERV_VA":2342.93,"ITSERV_EXP":689.06,"SERFIN_VA":3306.25,"SERFIN_EXP":367.59,"GOBEST_VA":8192.24,"GOBEST_EXP":226.59,"SPRSCT_VA":6136.76,"SPRSCT_EXP":2006.42,"SEAEMP_VA":3208.06,"SEAEMP_EXP":590.37,"ADPDEF_VA":5845.24,"ADPDEF_EXP":55.65,"EDUCAC_VA":3451.67,"EDUCAC_EXP":135.78,"SALUDH_VA":3258.44,"SALUDH_EXP":115.82,"ESPARC_VA":2520.51,"ESPARC_EXP":144.14,"OTRSER_VA":1000.58,"OTRSER_EXP":86.65,"SERHOG_VA":46.6,"SERHOG_EXP":0.0}},{"type":"Feature","geometry":{"type":"Point","coordinates":[14.99,46.15]},"properties":{"id":"SVN","name":"Eslovenia","continent":"europe","year":2014,"AGRPFO_VA":807.72,"AGRPFO_EXP":299.95,"FORLOG_VA":244.57,"FORLOG_EXP":174.15,"PESCAC_VA":6.48,"PESCAC_EXP":5.5,"MINCOL_VA":143.47,"MINCOL_EXP":5.64,"PETGAS_VA":0.0,"PETGAS_EXP":0.0,"MINORE_VA":5.56,"MINORE_EXP":9.65,"MINOTH_VA":71.74,"MINOTH_EXP":94.47,"MINSER_VA":0.88,"MINSER_EXP":0.73,"ALYBEB_VA":728.58,"ALYBEB_EXP":638.38,"TEXYPR_VA":358.33,"TEXYPR_EXP":564.05,"MADYPR_VA":365.95,"MADYPR_EXP":635.81,"PAPYPR_VA":472.79,"PAPYPR_EXP":709.47,"PETREF_VA":1.35,"PETREF_EXP":0.22,"QUIMYP_VA":568.17,"QUIMYP_EXP":1324.79,"FARMED_VA":1214.77,"FARMED_EXP":1838.37,"HUPLAS_VA":722.24,"HUPLAS_EXP":1254.18,"PRNOMT_VA":422.89,"PRNOMT_EXP":549.65,"METBAS_VA":301.53,"METBAS_EXP":697.17,"NONFER_VA":208.45,"NONFER_EXP":689.9,"PRMETA_VA":1381.62,"PRMETA_EXP":1781.71,"ELCTRO_VA":337.29,"ELCTRO_EXP":678.8,"ELCTRI_VA":956.07,"ELCTRI_EXP":2182.02,"MAQYEQ_VA":676.3,"MAQYEQ_EXP":1265.65,"AUTOMO_VA":914.51,"AUTOMO_EXP":2622.27,"OTRTRA_VA":5.08,"OTRTRA_EXP":14.85,"TRANSP_VA":31.2,"TRANSP_EXP":43.73,"OTRMAN_VA":801.8,"OTRMAN_EXP":958.67,"ELEGAS_VA":1061.08,"ELEGAS_EXP":781.0,"AGUBAS_VA":513.47,"AGUBAS_EXP":103.68,"CONSTR_VA":2594.98,"CONSTR_EXP":154.25,"COMREV_VA":5307.72,"COMREV_EXP":3114.08,"TRATIE_VA":1959.96,"TRATIE_EXP":1627.93,"TRAGUA_VA":50.12,"TRAGUA_EXP":102.23,"TRAAIR_VA":62.72,"TRAAIR_EXP":227.4,"ALMSTR_VA":938.44,"ALMSTR_EXP":663.95,"POSTME_VA":259.25,"POSTME_EXP":25.38,"HOTYRE_VA":1026.88,"HOTYRE_EXP":1082.53,"MMTVRA_VA":327.32,"MMTVRA_EXP":272.45,"TELECO_VA":725.04,"TELECO_EXP":418.08,"ITSERV_VA":831.75,"ITSERV_EXP":183.87,"SERFIN_VA":1782.32,"SERFIN_EXP":273.03,"GOBEST_VA":3421.39,"GOBEST_EXP":180.68,"SPRSCT_VA":3113.88,"SPRSCT_EXP":852.12,"SEAEMP_VA":1266.37,"SEAEMP_EXP":557.31,"ADPDEF_VA":2669.06,"ADPDEF_EXP":29.13,"EDUCAC_VA":2463.23,"EDUCAC_EXP":93.74,"SALUDH_VA":2305.99,"SALUDH_EXP":55.07,"ESPARC_VA":649.41,"ESPARC_EXP":121.46,"OTRSER_VA":486.7,"OTRSER_EXP":62.14,"SERHOG_VA":37.96,"SERHOG_EXP":0.0}},{"type":"Feature","geometry":{"type":"Point","coordinates":[18.64,60.13]},"properties":{"id":"SWE","name":"Suecia","continent":"europe","year":2014,"AGRPFO_VA":4133.21,"AGRPFO_EXP":958.67,"FORLOG_VA":3877.71,"FORLOG_EXP":125.33,"PESCAC_VA":148.7,"PESCAC_EXP":280.27,"MINCOL_VA":88.35,"MINCOL_EXP":5.21,"PETGAS_VA":24.96,"PETGAS_EXP":1.04,"MINORE_VA":2278.02,"MINORE_EXP":3999.6,"MINOTH_VA":461.31,"MINOTH_EXP":104.57,"MINSER_VA":55.14,"MINSER_EXP":139.41,"ALYBEB_VA":6457.37,"ALYBEB_EXP":4203.33,"TEXYPR_VA":667.3,"TEXYPR_EXP":944.71,"MADYPR_VA":3219.04,"MADYPR_EXP":3710.55,"PAPYPR_VA":7105.3,"PAPYPR_EXP":11095.25,"PETREF_VA":2651.31,"PETREF_EXP":9811.54,"QUIMYP_VA":4447.31,"QUIMYP_EXP":6606.16,"FARMED_VA":5407.43,"FARMED_EXP":6290.55,"HUPLAS_VA":2399.95,"HUPLAS_EXP":3907.75,"PRNOMT_VA":2304.9,"PRNOMT_EXP":1138.58,"METBAS_VA":3531.62,"METBAS_EXP":6086.88,"NONFER_VA":1181.46,"NONFER_EXP":2841.11,"PRMETA_VA":7717.66,"PRMETA_EXP":5422.83,"ELCTRO_VA":3473.01,"ELCTRO_EXP":4680.37,"ELCTRI_VA":2546.2,"ELCTRI_EXP":5979.11,"MAQYEQ_VA":10469.09,"MAQYEQ_EXP":19203.32,"AUTOMO_VA":10485.55,"AUTOMO_EXP":16347.15,"OTRTRA_VA":365.59,"OTRTRA_EXP":295.87,"TRANSP_VA":3039.77,"TRANSP_EXP":788.08,"OTRMAN_VA":4811.74,"OTRMAN_EXP":4194.45,"ELEGAS_VA":14105.6,"ELEGAS_EXP":1759.31,"AGUBAS_VA":3410.84,"AGUBAS_EXP":94.52,"CONSTR_VA":31999.54,"CONSTR_EXP":621.88,"COMREV_VA":62601.83,"COMREV_EXP":27307.81,"TRATIE_VA":14455.28,"TRATIE_EXP":4059.39,"TRAGUA_VA":1073.11,"TRAGUA_EXP":1620.13,"TRAAIR_VA":970.37,"TRAAIR_EXP":2243.5,"ALMSTR_VA":9787.95,"ALMSTR_EXP":8950.38,"POSTME_VA":4415.41,"POSTME_EXP":499.51,"HOTYRE_VA":9353.68,"HOTYRE_EXP":3583.31,"MMTVRA_VA":6952.85,"MMTVRA_EXP":4077.99,"TELECO_VA":7757.58,"TELECO_EXP":2204.61,"ITSERV_VA":22168.05,"ITSERV_EXP":10717.39,"SERFIN_VA":24575.12,"SERFIN_EXP":4428.74,"GOBEST_VA":48713.67,"GOBEST_EXP":897.67,"SPRSCT_VA":39925.9,"SPRSCT_EXP":14416.91,"SEAEMP_VA":17972.14,"SEAEMP_EXP":8274.68,"ADPDEF_VA":23977.68,"ADPDEF_EXP":349.91,"EDUCAC_VA":29728.8,"EDUCAC_EXP":400.63,"SALUDH_VA":57662.76,"SALUDH_EXP":485.2,"ESPARC_VA":7385.13,"ESPARC_EXP":661.73,"OTRSER_VA":8444.2,"OTRSER_EXP":322.04,"SERHOG_VA":259.93,"SERHOG_EXP":0.0}},{"type":"Feature","geometry":{"type":"Point","coordinates":[100.99,15.87]},"properties":{"id":"THA","name":"Tailandia","continent":"asia","year":2014,"AGRPFO_VA":31469.35,"AGRPFO_EXP":3702.62,"FORLOG_VA":304.16,"FORLOG_EXP":356.52,"PESCAC_VA":2923.28,"PESCAC_EXP":96.41,"MINCOL_VA":342.2,"MINCOL_EXP":5.91,"PETGAS_VA":11063.26,"PETGAS_EXP":266.84,"MINORE_VA":60.05,"MINORE_EXP":93.92,"MINOTH_VA":1513.63,"MINOTH_EXP":534.6,"MINSER_VA":1246.39,"MINSER_EXP":60.76,"ALYBEB_VA":22333.51,"ALYBEB_EXP":25145.22,"TEXYPR_VA":7096.41,"TEXYPR_EXP":9519.58,"MADYPR_VA":1171.26,"MADYPR_EXP":1642.64,"PAPYPR_VA":1829.36,"PAPYPR_EXP":1781.37,"PETREF_VA":7250.53,"PETREF_EXP":7349.58,"QUIMYP_VA":8867.46,"QUIMYP_EXP":16202.5,"FARMED_VA":956.6,"FARMED_EXP":387.97,"HUPLAS_VA":6947.84,"HUPLAS_EXP":14206.22,"PRNOMT_VA":4415.99,"PRNOMT_EXP":2128.47,"METBAS_VA":1637.21,"METBAS_EXP":1579.65,"NONFER_VA":877.59,"NONFER_EXP":2476.81,"PRMETA_VA":3050.71,"PRMETA_EXP":5739.9,"ELCTRO_VA":11610.58,"ELCTRO_EXP":38408.91,"ELCTRI_VA":5090.21,"ELCTRI_EXP":10210.15,"MAQYEQ_VA":4254.72,"MAQYEQ_EXP":10761.98,"AUTOMO_VA":8554.07,"AUTOMO_EXP":23050.03,"OTRTRA_VA":815.85,"OTRTRA_EXP":954.18,"TRANSP_VA":1052.18,"TRANSP_EXP":2477.94,"OTRMAN_VA":5712.44,"OTRMAN_EXP":12954.75,"ELEGAS_VA":8550.0,"ELEGAS_EXP":225.16,"AGUBAS_VA":1384.3,"AGUBAS_EXP":0.36,"CONSTR_VA":9481.59,"CONSTR_EXP":0.57,"COMREV_VA":72662.49,"COMREV_EXP":25547.84,"TRATIE_VA":8480.42,"TRATIE_EXP":7226.68,"TRAGUA_VA":3556.55,"TRAGUA_EXP":5955.5,"TRAAIR_VA":3382.42,"TRAAIR_EXP":6068.29,"ALMSTR_VA":3542.24,"ALMSTR_EXP":593.08,"POSTME_VA":701.93,"POSTME_EXP":419.75,"HOTYRE_VA":13705.4,"HOTYRE_EXP":7325.23,"MMTVRA_VA":1357.74,"MMTVRA_EXP":241.94,"TELECO_VA":4368.34,"TELECO_EXP":2646.01,"ITSERV_VA":2241.22,"ITSERV_EXP":526.52,"SERFIN_VA":24809.72,"SERFIN_EXP":1414.87,"GOBEST_VA":10797.64,"GOBEST_EXP":2703.89,"SPRSCT_VA":6985.89,"SPRSCT_EXP":1331.08,"SEAEMP_VA":6098.28,"SEAEMP_EXP":4113.4,"ADPDEF_VA":20885.35,"ADPDEF_EXP":0.72,"EDUCAC_VA":14758.84,"EDUCAC_EXP":3.27,"SALUDH_VA":8570.13,"SALUDH_EXP":1078.79,"ESPARC_VA":1720.04,"ESPARC_EXP":337.82,"OTRSER_VA":4763.49,"OTRSER_EXP":2379.07,"SERHOG_VA":636.75,"SERHOG_EXP":0.0}},{"type":"Feature","geometry":{"type":"Point","coordinates":[9.54,33.89]},"properties":{"id":"TUN","name":"Túnez","continent":"other","year":2014,"AGRPFO_VA":2999.52,"AGRPFO_EXP":352.76,"FORLOG_VA":428.83,"FORLOG_EXP":2.12,"PESCAC_VA":625.0,"PESCAC_EXP":55.35,"MINCOL_VA":464.28,"MINCOL_EXP":0.17,"PETGAS_VA":1779.08,"PETGAS_EXP":1691.44,"MINORE_VA":5.85,"MINORE_EXP":0.25,"MINOTH_VA":257.64,"MINOTH_EXP":49.98,"MINSER_VA":135.01,"MINSER_EXP":1.95,"ALYBEB_VA":1493.12,"ALYBEB_EXP":1036.68,"TEXYPR_VA":1712.09,"TEXYPR_EXP":2893.2,"MADYPR_VA":182.58,"MADYPR_EXP":26.49,"PAPYPR_VA":232.02,"PAPYPR_EXP":194.57,"PETREF_VA":66.51,"PETREF_EXP":746.18,"QUIMYP_VA":396.82,"QUIMYP_EXP":1236.68,"FARMED_VA":249.89,"FARMED_EXP":67.91,"HUPLAS_VA":127.98,"HUPLAS_EXP":278.97,"PRNOMT_VA":603.84,"PRNOMT_EXP":265.25,"METBAS_VA":99.98,"METBAS_EXP":300.98,"NONFER_VA":69.29,"NONFER_EXP":206.66,"PRMETA_VA":605.08,"PRMETA_EXP":549.61,"ELCTRO_VA":312.16,"ELCTRO_EXP":839.5,"ELCTRI_VA":851.36,"ELCTRI_EXP":2053.17,"MAQYEQ_VA":446.9,"MAQYEQ_EXP":307.22,"AUTOMO_VA":393.49,"AUTOMO_EXP":818.92,"OTRTRA_VA":22.91,"OTRTRA_EXP":53.21,"TRANSP_VA":59.13,"TRANSP_EXP":138.18,"OTRMAN_VA":302.77,"OTRMAN_EXP":265.44,"ELEGAS_VA":521.22,"ELEGAS_EXP":3.97,"AGUBAS_VA":185.92,"AGUBAS_EXP":0.13,"CONSTR_VA":2774.44,"CONSTR_EXP":88.15,"COMREV_VA":3975.03,"COMREV_EXP":1447.4,"TRATIE_VA":1812.65,"TRATIE_EXP":665.99,"TRAGUA_VA":133.47,"TRAGUA_EXP":190.08,"TRAAIR_VA":203.09,"TRAAIR_EXP":442.53,"ALMSTR_VA":1016.09,"ALMSTR_EXP":324.15,"POSTME_VA":434.3,"POSTME_EXP":79.92,"HOTYRE_VA":2018.61,"HOTYRE_EXP":812.08,"MMTVRA_VA":195.46,"MMTVRA_EXP":52.1,"TELECO_VA":1506.79,"TELECO_EXP":377.04,"ITSERV_VA":602.34,"ITSERV_EXP":126.1,"SERFIN_VA":1782.13,"SERFIN_EXP":229.15,"GOBEST_VA":1994.51,"GOBEST_EXP":137.31,"SPRSCT_VA":1424.55,"SPRSCT_EXP":458.07,"SEAEMP_VA":1031.1,"SEAEMP_EXP":170.75,"ADPDEF_VA":4867.07,"ADPDEF_EXP":0.22,"EDUCAC_VA":3015.62,"EDUCAC_EXP":48.27,"SALUDH_VA":85.44,"SALUDH_EXP":31.83,"ESPARC_VA":51.83,"ESPARC_EXP":53.95,"OTRSER_VA":114.53,"OTRSER_EXP":41.6,"SERHOG_VA":155.37,"SERHOG_EXP":0.0}},{"type":"Feature","geometry":{"type":"Point","coordinates":[35.24,38.96]},"properties":{"id":"TUR","name":"Turquía","continent":"europe","year":2014,"AGRPFO_VA":61365.41,"AGRPFO_EXP":7910.46,"FORLOG_VA":1839.17,"FORLOG_EXP":8.36,"PESCAC_VA":1891.37,"PESCAC_EXP":269.62,"MINCOL_VA":2764.81,"MINCOL_EXP":4.26,"PETGAS_VA":1517.44,"PETGAS_EXP":188.01,"MINORE_VA":4118.95,"MINORE_EXP":4240.75,"MINOTH_VA":2500.82,"MINOTH_EXP":723.19,"MINSER_VA":474.08,"MINSER_EXP":3.91,"ALYBEB_VA":25825.63,"ALYBEB_EXP":9464.97,"TEXYPR_VA":31807.94,"TEXYPR_EXP":24152.86,"MADYPR_VA":2602.25,"MADYPR_EXP":749.13,"PAPYPR_VA":5883.21,"PAPYPR_EXP":1950.88,"PETREF_VA":2578.06,"PETREF_EXP":5497.92,"QUIMYP_VA":8054.44,"QUIMYP_EXP":5857.72,"FARMED_VA":1987.48,"FARMED_EXP":896.54,"HUPLAS_VA":8310.34,"HUPLAS_EXP":6014.12,"PRNOMT_VA":13642.51,"PRNOMT_EXP":3334.09,"METBAS_VA":7948.07,"METBAS_EXP":10152.18,"NONFER_VA":2299.28,"NONFER_EXP":3358.87,"PRMETA_VA":12032.71,"PRMETA_EXP":6724.51,"ELCTRO_VA":1961.33,"ELCTRO_EXP":2489.25,"ELCTRI_VA":6169.97,"ELCTRI_EXP":9271.16,"MAQYEQ_VA":7633.99,"MAQYEQ_EXP":7147.3,"AUTOMO_VA":8832.4,"AUTOMO_EXP":16290.04,"OTRTRA_VA":572.24,"OTRTRA_EXP":745.2,"TRANSP_VA":1417.39,"TRANSP_EXP":938.31,"OTRMAN_VA":13374.86,"OTRMAN_EXP":5957.95,"ELEGAS_VA":14261.03,"ELEGAS_EXP":104.93,"AGUBAS_VA":9755.17,"AGUBAS_EXP":25.83,"CONSTR_VA":81858.38,"CONSTR_EXP":1053.95,"COMREV_VA":115717.83,"COMREV_EXP":25734.82,"TRATIE_VA":66873.56,"TRATIE_EXP":10717.78,"TRAGUA_VA":4551.81,"TRAGUA_EXP":3218.11,"TRAAIR_VA":4228.76,"TRAAIR_EXP":9641.7,"ALMSTR_VA":10989.04,"ALMSTR_EXP":3472.48,"POSTME_VA":2748.7,"POSTME_EXP":293.01,"HOTYRE_VA":28077.99,"HOTYRE_EXP":10335.27,"MMTVRA_VA":4542.09,"MMTVRA_EXP":422.34,"TELECO_VA":10841.94,"TELECO_EXP":1161.66,"ITSERV_VA":8695.2,"ITSERV_EXP":1177.41,"SERFIN_VA":28195.42,"SERFIN_EXP":4008.23,"GOBEST_VA":69101.25,"GOBEST_EXP":1814.73,"SPRSCT_VA":21268.54,"SPRSCT_EXP":2994.51,"SEAEMP_VA":23366.76,"SEAEMP_EXP":5031.13,"ADPDEF_VA":45426.42,"ADPDEF_EXP":318.1,"EDUCAC_VA":39954.22,"EDUCAC_EXP":1209.06,"SALUDH_VA":25257.21,"SALUDH_EXP":366.61,"ESPARC_VA":9312.13,"ESPARC_EXP":1131.42,"OTRSER_VA":9297.0,"OTRSER_EXP":578.62,"SERHOG_VA":465.99,"SERHOG_EXP":0.0}},{"type":"Feature","geometry":{"type":"Point","coordinates":[120.96,23.7]},"properties":{"id":"TWN","name":"Taiwán","continent":"asia","year":2014,"AGRPFO_VA":8355.41,"AGRPFO_EXP":533.65,"FORLOG_VA":65.95,"FORLOG_EXP":16.49,"PESCAC_VA":1354.27,"PESCAC_EXP":1072.57,"MINCOL_VA":88.45,"MINCOL_EXP":11.6,"PETGAS_VA":278.29,"PETGAS_EXP":28.42,"MINORE_VA":64.71,"MINORE_EXP":7.05,"MINOTH_VA":561.08,"MINOTH_EXP":12.19,"MINSER_VA":300.19,"MINSER_EXP":8.96,"ALYBEB_VA":7630.78,"ALYBEB_EXP":3194.92,"TEXYPR_VA":4935.58,"TEXYPR_EXP":10857.37,"MADYPR_VA":352.28,"MADYPR_EXP":209.83,"PAPYPR_VA":2994.76,"PAPYPR_EXP":2077.35,"PETREF_VA":3856.77,"PETREF_EXP":17431.44,"QUIMYP_VA":10859.81,"QUIMYP_EXP":39255.78,"FARMED_VA":1313.78,"FARMED_EXP":1062.83,"HUPLAS_VA":5431.77,"HUPLAS_EXP":9634.81,"PRNOMT_VA":3937.17,"PRNOMT_EXP":2645.82,"METBAS_VA":8022.42,"METBAS_EXP":13078.34,"NONFER_VA":1722.31,"NONFER_EXP":6101.18,"PRMETA_VA":9451.38,"PRMETA_EXP":14857.58,"ELCTRO_VA":81199.18,"ELCTRO_EXP":153862.64,"ELCTRI_VA":5000.26,"ELCTRI_EXP":7751.1,"MAQYEQ_VA":8480.83,"MAQYEQ_EXP":20498.9,"AUTOMO_VA":4512.45,"AUTOMO_EXP":7680.62,"OTRTRA_VA":2838.55,"OTRTRA_EXP":883.69,"TRANSP_VA":2704.8,"TRANSP_EXP":5326.25,"OTRMAN_VA":6611.32,"OTRMAN_EXP":3334.18,"ELEGAS_VA":7752.63,"ELEGAS_EXP":50.89,"AGUBAS_VA":3123.16,"AGUBAS_EXP":3.19,"CONSTR_VA":13511.86,"CONSTR_EXP":308.39,"COMREV_VA":77548.36,"COMREV_EXP":34119.38,"TRATIE_VA":6815.37,"TRATIE_EXP":3389.96,"TRAGUA_VA":796.83,"TRAGUA_EXP":3372.94,"TRAAIR_VA":2047.31,"TRAAIR_EXP":5336.25,"ALMSTR_VA":4537.6,"ALMSTR_EXP":3036.37,"POSTME_VA":1121.68,"POSTME_EXP":57.99,"HOTYRE_VA":12666.77,"HOTYRE_EXP":4354.22,"MMTVRA_VA":3248.37,"MMTVRA_EXP":1315.07,"TELECO_VA":7764.64,"TELECO_EXP":862.22,"ITSERV_VA":5170.87,"ITSERV_EXP":936.7,"SERFIN_VA":34073.98,"SERFIN_EXP":2274.35,"GOBEST_VA":42927.35,"GOBEST_EXP":738.37,"SPRSCT_VA":16599.77,"SPRSCT_EXP":3294.32,"SEAEMP_VA":9684.43,"SEAEMP_EXP":1143.39,"ADPDEF_VA":33903.26,"ADPDEF_EXP":0.01,"EDUCAC_VA":23823.08,"EDUCAC_EXP":329.07,"SALUDH_VA":14950.79,"SALUDH_EXP":1072.6,"ESPARC_VA":4675.92,"ESPARC_EXP":846.32,"OTRSER_VA":13683.43,"OTRSER_EXP":183.99,"SERHOG_VA":3501.61,"SERHOG_EXP":0.0}},{"type":"Feature","geometry":{"type":"Point","coordinates":[31.17,48.38]},"properties":{"id":"UKR","name":"Ucrania","continent":"europe","year":2014,"AGRPFO_VA":13260.16,"AGRPFO_EXP":7419.59,"FORLOG_VA":1528.36,"FORLOG_EXP":287.58,"PESCAC_VA":37.38,"PESCAC_EXP":1.45,"MINCOL_VA":1073.9,"MINCOL_EXP":454.89,"PETGAS_VA":2226.19,"PETGAS_EXP":85.28,"MINORE_VA":3192.7,"MINORE_EXP":1409.35,"MINOTH_VA":628.84,"MINOTH_EXP":1201.24,"MINSER_VA":127.69,"MINSER_EXP":798.97,"ALYBEB_VA":5522.6,"ALYBEB_EXP":6290.95,"TEXYPR_VA":689.49,"TEXYPR_EXP":169.19,"MADYPR_VA":368.9,"MADYPR_EXP":621.61,"PAPYPR_VA":819.65,"PAPYPR_EXP":687.46,"PETREF_VA":809.69,"PETREF_EXP":354.51,"QUIMYP_VA":719.68,"QUIMYP_EXP":1137.48,"FARMED_VA":490.96,"FARMED_EXP":112.26,"HUPLAS_VA":480.76,"HUPLAS_EXP":199.6,"PRNOMT_VA":690.71,"PRNOMT_EXP":210.66,"METBAS_VA":3279.66,"METBAS_EXP":7142.46,"NONFER_VA":162.08,"NONFER_EXP":128.84,"PRMETA_VA":537.55,"PRMETA_EXP":326.73,"ELCTRO_VA":228.53,"ELCTRO_EXP":168.78,"ELCTRI_VA":645.87,"ELCTRI_EXP":517.4,"MAQYEQ_VA":1064.68,"MAQYEQ_EXP":1154.63,"AUTOMO_VA":308.01,"AUTOMO_EXP":356.2,"OTRTRA_VA":23.45,"OTRTRA_EXP":99.46,"TRANSP_VA":1055.3,"TRANSP_EXP":292.3,"OTRMAN_VA":1203.02,"OTRMAN_EXP":1113.51,"ELEGAS_VA":3915.85,"ELEGAS_EXP":458.46,"AGUBAS_VA":632.75,"AGUBAS_EXP":4.39,"CONSTR_VA":3306.04,"CONSTR_EXP":18.69,"COMREV_VA":19102.08,"COMREV_EXP":4491.69,"TRATIE_VA":6269.95,"TRATIE_EXP":1893.1,"TRAGUA_VA":735.55,"TRAGUA_EXP":888.19,"TRAAIR_VA":721.08,"TRAAIR_EXP":1115.48,"ALMSTR_VA":3168.71,"ALMSTR_EXP":1076.8,"POSTME_VA":251.94,"POSTME_EXP":115.27,"HOTYRE_VA":918.78,"HOTYRE_EXP":528.83,"MMTVRA_VA":556.97,"MMTVRA_EXP":312.69,"TELECO_VA":2114.96,"TELECO_EXP":1015.96,"ITSERV_VA":2087.72,"ITSERV_EXP":3055.11,"SERFIN_VA":5572.69,"SERFIN_EXP":435.28,"GOBEST_VA":6515.25,"GOBEST_EXP":154.04,"SPRSCT_VA":3820.68,"SPRSCT_EXP":2176.48,"SEAEMP_VA":1477.39,"SEAEMP_EXP":605.48,"ADPDEF_VA":6892.89,"ADPDEF_EXP":1.08,"EDUCAC_VA":6650.54,"EDUCAC_EXP":55.7,"SALUDH_VA":4258.66,"SALUDH_EXP":22.46,"ESPARC_VA":936.75,"ESPARC_EXP":208.31,"OTRSER_VA":800.18,"OTRSER_EXP":28.35,"SERHOG_VA":1.74,"SERHOG_EXP":0.0}},{"type":"Feature","geometry":{"type":"Point","coordinates":[-95.71,37.09]},"properties":{"id":"USA","name":"Estados Unidos","continent":"america","year":2014,"AGRPFO_VA":195153.53,"AGRPFO_EXP":49578.77,"FORLOG_VA":10901.05,"FORLOG_EXP":1921.76,"PESCAC_VA":3914.1,"PESCAC_EXP":3766.32,"MINCOL_VA":24599.89,"MINCOL_EXP":6830.45,"PETGAS_VA":267874.09,"PETGAS_EXP":30401.48,"MINORE_VA":13572.39,"MINORE_EXP":11907.24,"MINOTH_VA":18589.67,"MINOTH_EXP":2113.7,"MINSER_VA":80763.37,"MINSER_EXP":3601.41,"ALYBEB_VA":219888.04,"ALYBEB_EXP":57479.94,"TEXYPR_VA":28679.75,"TEXYPR_EXP":18834.19,"MADYPR_VA":31689.67,"MADYPR_EXP":5266.77,"PAPYPR_VA":98766.24,"PAPYPR_EXP":23915.19,"PETREF_VA":151846.98,"PETREF_EXP":100033.92,"QUIMYP_VA":197562.35,"QUIMYP_EXP":101784.27,"FARMED_VA":137809.49,"FARMED_EXP":34489.17,"HUPLAS_VA":69609.36,"HUPLAS_EXP":23476.79,"PRNOMT_VA":62102.8,"PRNOMT_EXP":9291.87,"METBAS_VA":37676.61,"METBAS_EXP":13658.02,"NONFER_VA":42678.47,"NONFER_EXP":33448.93,"PRMETA_VA":145908.02,"PRMETA_EXP":29669.51,"ELCTRO_VA":254441.32,"ELCTRO_EXP":110838.48,"ELCTRI_VA":55835.96,"ELCTRI_EXP":32910.17,"MAQYEQ_VA":163821.22,"MAQYEQ_EXP":107020.71,"AUTOMO_VA":129954.32,"AUTOMO_EXP":101400.51,"OTRTRA_VA":17320.01,"OTRTRA_EXP":2919.93,"TRANSP_VA":123381.53,"TRANSP_EXP":96464.0,"OTRMAN_VA":128661.62,"OTRMAN_EXP":48699.28,"ELEGAS_VA":261438.16,"ELEGAS_EXP":2766.4,"AGUBAS_VA":53392.5,"AGUBAS_EXP":90.48,"CONSTR_VA":652621.47,"CONSTR_EXP":3.9,"COMREV_VA":1757343.59,"COMREV_EXP":307542.11,"TRATIE_VA":266176.86,"TRATIE_EXP":46757.97,"TRAGUA_VA":16944.61,"TRAGUA_EXP":9491.58,"TRAAIR_VA":86769.08,"TRAAIR_EXP":59180.84,"ALMSTR_VA":108000.08,"ALMSTR_EXP":6573.27,"POSTME_VA":79664.53,"POSTME_EXP":11054.67,"HOTYRE_VA":448787.88,"HOTYRE_EXP":49184.24,"MMTVRA_VA":380712.82,"MMTVRA_EXP":66025.67,"TELECO_VA":284314.73,"TELECO_EXP":25461.47,"ITSERV_VA":413796.54,"ITSERV_EXP":28572.3,"SERFIN_VA":1271421.89,"SERFIN_EXP":161983.45,"GOBEST_VA":2103004.7,"GOBEST_EXP":14564.09,"SPRSCT_VA":1325651.08,"SPRSCT_EXP":140337.77,"SEAEMP_VA":652742.38,"SEAEMP_EXP":68754.4,"ADPDEF_VA":1552463.99,"ADPDEF_EXP":3686.96,"EDUCAC_VA":976956.44,"EDUCAC_EXP":38031.87,"SALUDH_VA":1274161.96,"SALUDH_EXP":2547.75,"ESPARC_VA":177136.0,"ESPARC_EXP":7724.28,"OTRSER_VA":251945.87,"OTRSER_EXP":3859.94,"SERHOG_VA":20898.06,"SERHOG_EXP":0.0}},{"type":"Feature","geometry":{"type":"Point","coordinates":[108.28,14.06]},"properties":{"id":"VNM","name":"Vietnam","continent":"asia","year":2014,"AGRPFO_VA":22770.37,"AGRPFO_EXP":7185.22,"FORLOG_VA":1154.2,"FORLOG_EXP":49.68,"PESCAC_VA":6531.32,"PESCAC_EXP":59.32,"MINCOL_VA":1308.87,"MINCOL_EXP":526.26,"PETGAS_VA":5525.47,"PETGAS_EXP":7398.12,"MINORE_VA":18177.14,"MINORE_EXP":1332.37,"MINOTH_VA":529.03,"MINOTH_EXP":57.04,"MINSER_VA":384.17,"MINSER_EXP":152.63,"ALYBEB_VA":9973.67,"ALYBEB_EXP":16359.95,"TEXYPR_VA":17421.44,"TEXYPR_EXP":28398.95,"MADYPR_VA":827.03,"MADYPR_EXP":1341.5,"PAPYPR_VA":1711.6,"PAPYPR_EXP":657.07,"PETREF_VA":2216.56,"PETREF_EXP":424.94,"QUIMYP_VA":3645.23,"QUIMYP_EXP":2953.22,"FARMED_VA":928.03,"FARMED_EXP":124.3,"HUPLAS_VA":2926.93,"HUPLAS_EXP":5517.96,"PRNOMT_VA":4488.48,"PRNOMT_EXP":3474.32,"METBAS_VA":2322.18,"METBAS_EXP":2929.37,"NONFER_VA":730.05,"NONFER_EXP":934.31,"PRMETA_VA":2851.0,"PRMETA_EXP":4050.52,"ELCTRO_VA":18957.79,"ELCTRO_EXP":32936.65,"ELCTRI_VA":1998.72,"ELCTRI_EXP":4688.76,"MAQYEQ_VA":1112.15,"MAQYEQ_EXP":2060.6,"AUTOMO_VA":1130.64,"AUTOMO_EXP":2661.86,"OTRTRA_VA":445.0,"OTRTRA_EXP":931.87,"TRANSP_VA":427.94,"TRANSP_EXP":792.97,"OTRMAN_VA":4628.46,"OTRMAN_EXP":8227.95,"ELEGAS_VA":5959.51,"ELEGAS_EXP":44.16,"AGUBAS_VA":1165.39,"AGUBAS_EXP":9.34,"CONSTR_VA":11453.04,"CONSTR_EXP":41.6,"COMREV_VA":19905.75,"COMREV_EXP":9593.61,"TRATIE_VA":3235.19,"TRATIE_EXP":2121.85,"TRAGUA_VA":732.24,"TRAGUA_EXP":795.71,"TRAAIR_VA":850.44,"TRAAIR_EXP":1791.94,"ALMSTR_VA":1810.62,"ALMSTR_EXP":2040.26,"POSTME_VA":321.98,"POSTME_EXP":220.55,"HOTYRE_VA":5197.82,"HOTYRE_EXP":2192.87,"MMTVRA_VA":598.7,"MMTVRA_EXP":131.42,"TELECO_VA":2216.27,"TELECO_EXP":322.29,"ITSERV_VA":942.94,"ITSERV_EXP":156.06,"SERFIN_VA":7001.35,"SERFIN_EXP":507.21,"GOBEST_VA":6706.48,"GOBEST_EXP":224.0,"SPRSCT_VA":4153.51,"SPRSCT_EXP":343.12,"SEAEMP_VA":1191.42,"SEAEMP_EXP":811.24,"ADPDEF_VA":4599.43,"ADPDEF_EXP":2.35,"EDUCAC_VA":6068.54,"EDUCAC_EXP":79.21,"SALUDH_VA":2109.6,"SALUDH_EXP":52.15,"ESPARC_VA":1965.17,"ESPARC_EXP":520.26,"OTRSER_VA":1289.95,"OTRSER_EXP":72.09,"SERHOG_VA":272.45,"SERHOG_EXP":0.0}},{"type":"Feature","geometry":{"type":"Point","coordinates":[22.94,-30.56]},"properties":{"id":"ZAF","name":"Sudáfrica","continent":"other","year":2014,"AGRPFO_VA":6586.8,"AGRPFO_EXP":2995.6,"FORLOG_VA":297.8,"FORLOG_EXP":38.32,"PESCAC_VA":674.65,"PESCAC_EXP":200.89,"MINCOL_VA":3905.35,"MINCOL_EXP":6583.04,"PETGAS_VA":256.15,"PETGAS_EXP":809.4,"MINORE_VA":14772.43,"MINORE_EXP":18234.54,"MINOTH_VA":1363.15,"MINOTH_EXP":2990.62,"MINSER_VA":239.9,"MINSER_EXP":14.39,"ALYBEB_VA":8925.3,"ALYBEB_EXP":4211.92,"TEXYPR_VA":2174.23,"TEXYPR_EXP":1340.6,"MADYPR_VA":784.0,"MADYPR_EXP":995.09,"PAPYPR_VA":3268.01,"PAPYPR_EXP":1422.84,"PETREF_VA":4514.2,"PETREF_EXP":3454.03,"QUIMYP_VA":4309.23,"QUIMYP_EXP":5998.52,"FARMED_VA":771.84,"FARMED_EXP":270.99,"HUPLAS_VA":1596.6,"HUPLAS_EXP":886.21,"PRNOMT_VA":2084.49,"PRNOMT_EXP":856.23,"METBAS_VA":3204.09,"METBAS_EXP":8512.56,"NONFER_VA":1283.02,"NONFER_EXP":2440.95,"PRMETA_VA":2583.02,"PRMETA_EXP":1819.18,"ELCTRO_VA":852.81,"ELCTRO_EXP":615.19,"ELCTRI_VA":1489.1,"ELCTRI_EXP":1172.2,"MAQYEQ_VA":3524.63,"MAQYEQ_EXP":4397.54,"AUTOMO_VA":4208.27,"AUTOMO_EXP":6542.34,"OTRTRA_VA":91.82,"OTRTRA_EXP":143.71,"TRANSP_VA":568.91,"TRANSP_EXP":908.33,"OTRMAN_VA":2907.86,"OTRMAN_EXP":1219.3,"ELEGAS_VA":6683.21,"ELEGAS_EXP":244.19,"AGUBAS_VA":3552.78,"AGUBAS_EXP":2.46,"CONSTR_VA":13277.77,"CONSTR_EXP":0.0,"COMREV_VA":30441.46,"COMREV_EXP":9470.9,"TRATIE_VA":8792.26,"TRATIE_EXP":2973.03,"TRAGUA_VA":444.46,"TRAGUA_EXP":402.61,"TRAAIR_VA":958.22,"TRAAIR_EXP":1624.65,"ALMSTR_VA":3929.46,"ALMSTR_EXP":1352.39,"POSTME_VA":591.02,"POSTME_EXP":123.58,"HOTYRE_VA":3478.88,"HOTYRE_EXP":1489.5,"MMTVRA_VA":3164.77,"MMTVRA_EXP":306.17,"TELECO_VA":18961.79,"TELECO_EXP":1447.61,"ITSERV_VA":6785.92,"ITSERV_EXP":692.86,"SERFIN_VA":49728.81,"SERFIN_EXP":2066.33,"GOBEST_VA":24107.06,"GOBEST_EXP":704.31,"SPRSCT_VA":13871.02,"SPRSCT_EXP":624.66,"SEAEMP_VA":11071.18,"SEAEMP_EXP":834.01,"ADPDEF_VA":12531.24,"ADPDEF_EXP":46.56,"EDUCAC_VA":9893.5,"EDUCAC_EXP":958.02,"SALUDH_VA":7441.74,"SALUDH_EXP":123.12,"ESPARC_VA":4157.86,"ESPARC_EXP":368.67,"OTRSER_VA":1958.6,"OTRSER_EXP":114.93,"SERHOG_VA":45129.91,"SERHOG_EXP":0.0}}]}