{"type":"FeatureCollection","features":[{"type":"Feature","geometry":{"type":"Point","coordinates":[13.23,-8.84]},"properties":{"id":"AGO","name":"Angola","continent":"other","year":1997,"AGRPFO_VA":512.03,"AGRPFO_EXP":31.81,"FORLOG_VA":40.29,"FORLOG_EXP":1.68,"PESCAC_VA":68.21,"PESCAC_EXP":0.28,"MINCOL_VA":3.52,"MINCOL_EXP":0.1,"PETGAS_VA":3492.86,"PETGAS_EXP":5003.5,"MINORE_VA":3.46,"MINORE_EXP":0.82,"MINOTH_VA":709.64,"MINOTH_EXP":819.74,"MINSER_VA":418.84,"MINSER_EXP":42.79,"ALYBEB_VA":134.24,"ALYBEB_EXP":179.7,"TEXYPR_VA":65.95,"TEXYPR_EXP":5.03,"MADYPR_VA":1.84,"MADYPR_EXP":0.58,"PAPYPR_VA":7.33,"PAPYPR_EXP":1.56,"PETREF_VA":91.26,"PETREF_EXP":183.61,"QUIMYP_VA":47.11,"QUIMYP_EXP":1.16,"FARMED_VA":16.4,"FARMED_EXP":0.62,"HUPLAS_VA":9.1,"HUPLAS_EXP":0.09,"PRNOMT_VA":16.03,"PRNOMT_EXP":0.12,"METBAS_VA":5.08,"METBAS_EXP":0.47,"NONFER_VA":1.36,"NONFER_EXP":1.62,"PRMETA_VA":10.1,"PRMETA_EXP":1.76,"ELCTRO_VA":44.05,"ELCTRO_EXP":2.88,"ELCTRI_VA":16.55,"ELCTRI_EXP":0.44,"MAQYEQ_VA":52.78,"MAQYEQ_EXP":12.55,"AUTOMO_VA":53.99,"AUTOMO_EXP":1.6,"OTRTRA_VA":1.64,"OTRTRA_EXP":0.08,"TRANSP_VA":1.17,"TRANSP_EXP":1.72,"OTRMAN_VA":18.56,"OTRMAN_EXP":3.33,"ELEGAS_VA":334.86,"ELEGAS_EXP":0.27,"AGUBAS_VA":36.92,"AGUBAS_EXP":0.4,"CONSTR_VA":439.94,"CONSTR_EXP":0.9,"COMREV_VA":553.92,"COMREV_EXP":102.0,"TRATIE_VA":69.46,"TRATIE_EXP":53.13,"TRAGUA_VA":26.43,"TRAGUA_EXP":48.94,"TRAAIR_VA":43.55,"TRAAIR_EXP":38.6,"ALMSTR_VA":51.43,"ALMSTR_EXP":18.33,"POSTME_VA":25.82,"POSTME_EXP":0.77,"HOTYRE_VA":134.04,"HOTYRE_EXP":72.23,"MMTVRA_VA":73.06,"MMTVRA_EXP":36.32,"TELECO_VA":113.92,"TELECO_EXP":21.28,"ITSERV_VA":80.69,"ITSERV_EXP":44.15,"SERFIN_VA":215.32,"SERFIN_EXP":92.04,"GOBEST_VA":398.76,"GOBEST_EXP":15.27,"SPRSCT_VA":112.48,"SPRSCT_EXP":49.79,"SEAEMP_VA":90.82,"SEAEMP_EXP":35.21,"ADPDEF_VA":681.7,"ADPDEF_EXP":2.09,"EDUCAC_VA":531.9,"EDUCAC_EXP":4.17,"SALUDH_VA":114.19,"SALUDH_EXP":3.22,"ESPARC_VA":17.56,"ESPARC_EXP":8.35,"OTRSER_VA":63.96,"OTRSER_EXP":3.41,"SERHOG_VA":0.0,"SERHOG_EXP":0.0}},{"type":"Feature","geometry":{"type":"Point","coordinates":[53.85,23.42]},"properties":{"id":"ARE","name":"Emiratos Árabes","continent":"other","year":1997,"AGRPFO_VA":1136.5,"AGRPFO_EXP":20.92,"FORLOG_VA":89.26,"FORLOG_EXP":0.53,"PESCAC_VA":118.84,"PESCAC_EXP":62.5,"MINCOL_VA":144.28,"MINCOL_EXP":1.89,"PETGAS_VA":19908.67,"PETGAS_EXP":23671.29,"MINORE_VA":2866.78,"MINORE_EXP":23.87,"MINOTH_VA":762.65,"MINOTH_EXP":2290.2,"MINSER_VA":1813.62,"MINSER_EXP":268.72,"ALYBEB_VA":975.83,"ALYBEB_EXP":271.64,"TEXYPR_VA":582.1,"TEXYPR_EXP":61.34,"MADYPR_VA":53.88,"MADYPR_EXP":3.92,"PAPYPR_VA":208.93,"PAPYPR_EXP":52.93,"PETREF_VA":3074.39,"PETREF_EXP":5576.35,"QUIMYP_VA":858.58,"QUIMYP_EXP":1183.83,"FARMED_VA":446.88,"FARMED_EXP":18.45,"HUPLAS_VA":262.86,"HUPLAS_EXP":32.44,"PRNOMT_VA":456.42,"PRNOMT_EXP":70.17,"METBAS_VA":147.16,"METBAS_EXP":21.47,"NONFER_VA":540.83,"NONFER_EXP":785.71,"PRMETA_VA":302.85,"PRMETA_EXP":47.12,"ELCTRO_VA":858.95,"ELCTRO_EXP":16.9,"ELCTRI_VA":394.7,"ELCTRI_EXP":37.04,"MAQYEQ_VA":340.96,"MAQYEQ_EXP":36.38,"AUTOMO_VA":361.44,"AUTOMO_EXP":14.05,"OTRTRA_VA":50.62,"OTRTRA_EXP":20.76,"TRANSP_VA":139.86,"TRANSP_EXP":1.04,"OTRMAN_VA":402.87,"OTRMAN_EXP":51.54,"ELEGAS_VA":2047.55,"ELEGAS_EXP":51.69,"AGUBAS_VA":489.02,"AGUBAS_EXP":3.03,"CONSTR_VA":9594.52,"CONSTR_EXP":32.4,"COMREV_VA":5824.43,"COMREV_EXP":993.97,"TRATIE_VA":643.02,"TRATIE_EXP":194.96,"TRAGUA_VA":309.93,"TRAGUA_EXP":83.13,"TRAAIR_VA":462.29,"TRAAIR_EXP":106.07,"ALMSTR_VA":560.4,"ALMSTR_EXP":75.79,"POSTME_VA":280.64,"POSTME_EXP":3.28,"HOTYRE_VA":1332.46,"HOTYRE_EXP":531.26,"MMTVRA_VA":826.13,"MMTVRA_EXP":37.44,"TELECO_VA":1216.1,"TELECO_EXP":29.21,"ITSERV_VA":849.03,"ITSERV_EXP":22.91,"SERFIN_VA":2542.11,"SERFIN_EXP":67.03,"GOBEST_VA":4348.96,"GOBEST_EXP":111.26,"SPRSCT_VA":1270.43,"SPRSCT_EXP":202.8,"SEAEMP_VA":972.97,"SEAEMP_EXP":109.16,"ADPDEF_VA":4530.06,"ADPDEF_EXP":3.25,"EDUCAC_VA":990.53,"EDUCAC_EXP":30.1,"SALUDH_VA":1121.75,"SALUDH_EXP":22.91,"ESPARC_VA":168.02,"ESPARC_EXP":47.93,"OTRSER_VA":641.76,"OTRSER_EXP":24.3,"SERHOG_VA":357.81,"SERHOG_EXP":0.0}},{"type":"Feature","geometry":{"type":"Point","coordinates":[-63.62,-38.42]},"properties":{"id":"ARG","name":"Argentina","continent":"america","year":1997,"AGRPFO_VA":24241.29,"AGRPFO_EXP":3895.32,"FORLOG_VA":559.82,"FORLOG_EXP":37.77,"PESCAC_VA":914.2,"PESCAC_EXP":28.26,"MINCOL_VA":13.72,"MINCOL_EXP":0.23,"PETGAS_VA":12379.55,"PETGAS_EXP":2244.79,"MINORE_VA":1155.44,"MINORE_EXP":72.0,"MINOTH_VA":712.36,"MINOTH_EXP":28.43,"MINSER_VA":1015.91,"MINSER_EXP":1.33,"ALYBEB_VA":14924.39,"ALYBEB_EXP":6321.92,"TEXYPR_VA":5349.52,"TEXYPR_EXP":1197.63,"MADYPR_VA":1392.23,"MADYPR_EXP":84.16,"PAPYPR_VA":4124.86,"PAPYPR_EXP":324.32,"PETREF_VA":2426.27,"PETREF_EXP":769.07,"QUIMYP_VA":7567.32,"QUIMYP_EXP":1106.92,"FARMED_VA":4379.39,"FARMED_EXP":346.85,"HUPLAS_VA":2941.1,"HUPLAS_EXP":425.4,"PRNOMT_VA":2141.87,"PRNOMT_EXP":107.31,"METBAS_VA":4410.67,"METBAS_EXP":804.9,"NONFER_VA":836.7,"NONFER_EXP":202.62,"PRMETA_VA":3006.24,"PRMETA_EXP":267.12,"ELCTRO_VA":909.05,"ELCTRO_EXP":174.57,"ELCTRI_VA":1093.47,"ELCTRI_EXP":224.33,"MAQYEQ_VA":2713.36,"MAQYEQ_EXP":674.82,"AUTOMO_VA":2498.62,"AUTOMO_EXP":2473.75,"OTRTRA_VA":70.99,"OTRTRA_EXP":69.97,"TRANSP_VA":251.63,"TRANSP_EXP":52.03,"OTRMAN_VA":2385.24,"OTRMAN_EXP":193.49,"ELEGAS_VA":4682.52,"ELEGAS_EXP":14.01,"AGUBAS_VA":778.97,"AGUBAS_EXP":0.02,"CONSTR_VA":9641.13,"CONSTR_EXP":3.77,"COMREV_VA":36741.25,"COMREV_EXP":3786.58,"TRATIE_VA":8911.86,"TRATIE_EXP":393.91,"TRAGUA_VA":232.52,"TRAGUA_EXP":22.02,"TRAAIR_VA":541.78,"TRAAIR_EXP":482.8,"ALMSTR_VA":3230.43,"ALMSTR_EXP":730.7,"POSTME_VA":585.79,"POSTME_EXP":23.91,"HOTYRE_VA":4456.92,"HOTYRE_EXP":688.8,"MMTVRA_VA":539.17,"MMTVRA_EXP":97.27,"TELECO_VA":4948.19,"TELECO_EXP":340.98,"ITSERV_VA":1180.89,"ITSERV_EXP":10.52,"SERFIN_VA":9467.21,"SERFIN_EXP":193.62,"GOBEST_VA":24427.2,"GOBEST_EXP":90.02,"SPRSCT_VA":10418.27,"SPRSCT_EXP":380.09,"SEAEMP_VA":4485.91,"SEAEMP_EXP":413.21,"ADPDEF_VA":17831.65,"ADPDEF_EXP":0.01,"EDUCAC_VA":12661.98,"EDUCAC_EXP":47.52,"SALUDH_VA":8339.47,"SALUDH_EXP":24.8,"ESPARC_VA":1122.78,"ESPARC_EXP":87.42,"OTRSER_VA":3778.32,"OTRSER_EXP":25.83,"SERHOG_VA":4454.02,"SERHOG_EXP":0.0}},{"type":"Feature","geometry":{"type":"Point","coordinates":[133.78,-25.27]},"properties":{"id":"AUS","name":"Australia","continent":"other","year":1997,"AGRPFO_VA":10861.48,"AGRPFO_EXP":5453.75,"FORLOG_VA":445.55,"FORLOG_EXP":85.4,"PESCAC_VA":1933.79,"PESCAC_EXP":247.84,"MINCOL_VA":3781.59,"MINCOL_EXP":4949.69,"PETGAS_VA":6478.85,"PETGAS_EXP":2680.88,"MINORE_VA":5443.24,"MINORE_EXP":4293.98,"MINOTH_VA":796.66,"MINOTH_EXP":307.07,"MINSER_VA":1996.63,"MINSER_EXP":35.16,"ALYBEB_VA":11899.51,"ALYBEB_EXP":5870.13,"TEXYPR_VA":2535.5,"TEXYPR_EXP":1608.17,"MADYPR_VA":2120.76,"MADYPR_EXP":363.37,"PAPYPR_VA":4088.72,"PAPYPR_EXP":447.63,"PETREF_VA":1256.57,"PETREF_EXP":1370.33,"QUIMYP_VA":1768.95,"QUIMYP_EXP":1307.99,"FARMED_VA":2247.04,"FARMED_EXP":627.89,"HUPLAS_VA":2601.58,"HUPLAS_EXP":548.61,"PRNOMT_VA":2370.83,"PRNOMT_EXP":291.56,"METBAS_VA":2141.88,"METBAS_EXP":1137.09,"NONFER_VA":4280.76,"NONFER_EXP":10214.35,"PRMETA_VA":4363.88,"PRMETA_EXP":673.09,"ELCTRO_VA":2757.56,"ELCTRO_EXP":1061.92,"ELCTRI_VA":608.12,"ELCTRI_EXP":784.07,"MAQYEQ_VA":2128.29,"MAQYEQ_EXP":1569.02,"AUTOMO_VA":2895.76,"AUTOMO_EXP":1374.88,"OTRTRA_VA":1045.44,"OTRTRA_EXP":810.68,"TRANSP_VA":1704.2,"TRANSP_EXP":206.93,"OTRMAN_VA":4374.46,"OTRMAN_EXP":559.33,"ELEGAS_VA":7914.72,"ELEGAS_EXP":84.27,"AGUBAS_VA":3347.48,"AGUBAS_EXP":2.08,"CONSTR_VA":25230.59,"CONSTR_EXP":131.52,"COMREV_VA":44626.72,"COMREV_EXP":10773.59,"TRATIE_VA":7727.38,"TRATIE_EXP":1291.64,"TRAGUA_VA":818.0,"TRAGUA_EXP":399.52,"TRAAIR_VA":2412.42,"TRAAIR_EXP":4553.74,"ALMSTR_VA":7856.45,"ALMSTR_EXP":1139.58,"POSTME_VA":1754.69,"POSTME_EXP":488.32,"HOTYRE_VA":12941.11,"HOTYRE_EXP":2344.04,"MMTVRA_VA":6293.15,"MMTVRA_EXP":499.32,"TELECO_VA":9653.92,"TELECO_EXP":655.22,"ITSERV_VA":5900.84,"ITSERV_EXP":180.48,"SERFIN_VA":35639.91,"SERFIN_EXP":1328.29,"GOBEST_VA":40596.0,"GOBEST_EXP":313.34,"SPRSCT_VA":13697.2,"SPRSCT_EXP":1037.48,"SEAEMP_VA":9240.69,"SEAEMP_EXP":1089.7,"ADPDEF_VA":26169.37,"ADPDEF_EXP":10.09,"EDUCAC_VA":19643.42,"EDUCAC_EXP":1158.8,"SALUDH_VA":21548.12,"SALUDH_EXP":135.72,"ESPARC_VA":3934.66,"ESPARC_EXP":470.42,"OTRSER_VA":4239.45,"OTRSER_EXP":132.17,"SERHOG_VA":0.0,"SERHOG_EXP":0.0}},{"type":"Feature","geometry":{"type":"Point","coordinates":[14.55,47.52]},"properties":{"id":"AUT","name":"Austria","continent":"europe","year":1997,"AGRPFO_VA":3153.97,"AGRPFO_EXP":627.32,"FORLOG_VA":1161.13,"FORLOG_EXP":72.1,"PESCAC_VA":7.6,"PESCAC_EXP":4.22,"MINCOL_VA":18.41,"MINCOL_EXP":2.32,"PETGAS_VA":125.06,"PETGAS_EXP":31.46,"MINORE_VA":75.46,"MINORE_EXP":48.38,"MINOTH_VA":383.73,"MINOTH_EXP":126.26,"MINSER_VA":24.83,"MINSER_EXP":6.4,"ALYBEB_VA":3934.8,"ALYBEB_EXP":2177.93,"TEXYPR_VA":1930.69,"TEXYPR_EXP":3072.94,"MADYPR_VA":1917.67,"MADYPR_EXP":1560.65,"PAPYPR_VA":3006.78,"PAPYPR_EXP":2759.65,"PETREF_VA":915.06,"PETREF_EXP":476.76,"QUIMYP_VA":1485.87,"QUIMYP_EXP":2240.35,"FARMED_VA":895.73,"FARMED_EXP":1023.08,"HUPLAS_VA":1720.46,"HUPLAS_EXP":1882.27,"PRNOMT_VA":2588.83,"PRNOMT_EXP":1319.48,"METBAS_VA":1482.08,"METBAS_EXP":2361.35,"NONFER_VA":858.46,"NONFER_EXP":1250.83,"PRMETA_VA":3790.55,"PRMETA_EXP":2407.24,"ELCTRO_VA":2829.07,"ELCTRO_EXP":4139.13,"ELCTRI_VA":2428.49,"ELCTRI_EXP":2353.33,"MAQYEQ_VA":3945.26,"MAQYEQ_EXP":6328.88,"AUTOMO_VA":2335.54,"AUTOMO_EXP":4838.6,"OTRTRA_VA":62.07,"OTRTRA_EXP":19.48,"TRANSP_VA":449.96,"TRANSP_EXP":501.27,"OTRMAN_VA":3322.49,"OTRMAN_EXP":2707.39,"ELEGAS_VA":4919.16,"ELEGAS_EXP":443.76,"AGUBAS_VA":2263.28,"AGUBAS_EXP":8.42,"CONSTR_VA":15326.61,"CONSTR_EXP":261.53,"COMREV_VA":25424.32,"COMREV_EXP":9261.2,"TRATIE_VA":7101.2,"TRATIE_EXP":3714.62,"TRAGUA_VA":117.35,"TRAGUA_EXP":57.26,"TRAAIR_VA":655.5,"TRAAIR_EXP":672.09,"ALMSTR_VA":1770.41,"ALMSTR_EXP":1554.65,"POSTME_VA":1203.87,"POSTME_EXP":205.37,"HOTYRE_VA":7026.48,"HOTYRE_EXP":2103.77,"MMTVRA_VA":1353.38,"MMTVRA_EXP":473.66,"TELECO_VA":3442.24,"TELECO_EXP":490.49,"ITSERV_VA":1703.82,"ITSERV_EXP":215.85,"SERFIN_VA":10788.17,"SERFIN_EXP":1858.2,"GOBEST_VA":14333.85,"GOBEST_EXP":613.27,"SPRSCT_VA":6913.32,"SPRSCT_EXP":3025.79,"SEAEMP_VA":5239.54,"SEAEMP_EXP":671.49,"ADPDEF_VA":12304.77,"ADPDEF_EXP":184.09,"EDUCAC_VA":10583.81,"EDUCAC_EXP":4.96,"SALUDH_VA":11393.91,"SALUDH_EXP":243.15,"ESPARC_VA":1905.0,"ESPARC_EXP":564.58,"OTRSER_VA":3073.28,"OTRSER_EXP":204.07,"SERHOG_VA":237.69,"SERHOG_EXP":0.0}},{"type":"Feature","geometry":{"type":"Point","coordinates":[4.47,50.5]},"properties":{"id":"BEL","name":"Bélgica","continent":"europe","year":1997,"AGRPFO_VA":3323.22,"AGRPFO_EXP":923.28,"FORLOG_VA":124.18,"FORLOG_EXP":49.35,"PESCAC_VA":74.46,"PESCAC_EXP":45.33,"MINCOL_VA":0.0,"MINCOL_EXP":0.0,"PETGAS_VA":0.0,"PETGAS_EXP":0.0,"MINORE_VA":0.0,"MINORE_EXP":0.0,"MINOTH_VA":372.59,"MINOTH_EXP":109.35,"MINSER_VA":32.25,"MINSER_EXP":14.88,"ALYBEB_VA":5942.87,"ALYBEB_EXP":8937.36,"TEXYPR_VA":2846.67,"TEXYPR_EXP":5928.84,"MADYPR_VA":684.62,"MADYPR_EXP":641.64,"PAPYPR_VA":2704.66,"PAPYPR_EXP":1419.69,"PETREF_VA":1406.53,"PETREF_EXP":3473.97,"QUIMYP_VA":7739.01,"QUIMYP_EXP":14066.77,"FARMED_VA":2669.73,"FARMED_EXP":2870.35,"HUPLAS_VA":1793.61,"HUPLAS_EXP":2745.67,"PRNOMT_VA":2455.13,"PRNOMT_EXP":1842.52,"METBAS_VA":2622.94,"METBAS_EXP":5032.12,"NONFER_VA":980.79,"NONFER_EXP":3355.92,"PRMETA_VA":3423.8,"PRMETA_EXP":2991.98,"ELCTRO_VA":2081.01,"ELCTRO_EXP":2885.65,"ELCTRI_VA":1872.47,"ELCTRI_EXP":1968.27,"MAQYEQ_VA":2687.13,"MAQYEQ_EXP":3791.78,"AUTOMO_VA":4518.05,"AUTOMO_EXP":12566.86,"OTRTRA_VA":17.96,"OTRTRA_EXP":48.84,"TRANSP_VA":487.06,"TRANSP_EXP":493.63,"OTRMAN_VA":1783.14,"OTRMAN_EXP":2701.95,"ELEGAS_VA":6220.77,"ELEGAS_EXP":271.64,"AGUBAS_VA":1512.05,"AGUBAS_EXP":484.53,"CONSTR_VA":11955.82,"CONSTR_EXP":304.04,"COMREV_VA":27823.47,"COMREV_EXP":16259.8,"TRATIE_VA":6563.47,"TRATIE_EXP":3889.41,"TRAGUA_VA":185.48,"TRAGUA_EXP":1596.11,"TRAAIR_VA":809.44,"TRAAIR_EXP":3028.57,"ALMSTR_VA":5499.71,"ALMSTR_EXP":7185.58,"POSTME_VA":1872.38,"POSTME_EXP":877.89,"HOTYRE_VA":3648.11,"HOTYRE_EXP":830.55,"MMTVRA_VA":2025.88,"MMTVRA_EXP":920.34,"TELECO_VA":3844.6,"TELECO_EXP":1246.77,"ITSERV_VA":1982.03,"ITSERV_EXP":1013.37,"SERFIN_VA":13606.95,"SERFIN_EXP":2912.71,"GOBEST_VA":19817.98,"GOBEST_EXP":175.34,"SPRSCT_VA":16615.83,"SPRSCT_EXP":7781.05,"SEAEMP_VA":7418.61,"SEAEMP_EXP":1134.64,"ADPDEF_VA":16731.49,"ADPDEF_EXP":81.67,"EDUCAC_VA":14653.96,"EDUCAC_EXP":171.91,"SALUDH_VA":13482.98,"SALUDH_EXP":235.52,"ESPARC_VA":1263.81,"ESPARC_EXP":363.7,"OTRSER_VA":3310.92,"OTRSER_EXP":77.82,"SERHOG_VA":524.15,"SERHOG_EXP":0.0}},{"type":"Feature","geometry":{"type":"Point","coordinates":[90.36,23.68]},"properties":{"id":"BGD","name":"Bangladesh","continent":"asia","year":1997,"AGRPFO_VA":3772.0,"AGRPFO_EXP":129.07,"FORLOG_VA":758.62,"FORLOG_EXP":1.3,"PESCAC_VA":1172.09,"PESCAC_EXP":3.63,"MINCOL_VA":2.05,"MINCOL_EXP":0.01,"PETGAS_VA":393.67,"PETGAS_EXP":2.36,"MINORE_VA":1.99,"MINORE_EXP":0.01,"MINOTH_VA":21.28,"MINOTH_EXP":0.22,"MINSER_VA":18.92,"MINSER_EXP":1.03,"ALYBEB_VA":1365.4,"ALYBEB_EXP":323.99,"TEXYPR_VA":5223.24,"TEXYPR_EXP":2582.54,"MADYPR_VA":11.1,"MADYPR_EXP":9.85,"PAPYPR_VA":68.73,"PAPYPR_EXP":1.92,"PETREF_VA":10.59,"PETREF_EXP":14.67,"QUIMYP_VA":86.36,"QUIMYP_EXP":64.06,"FARMED_VA":190.12,"FARMED_EXP":2.94,"HUPLAS_VA":739.44,"HUPLAS_EXP":19.72,"PRNOMT_VA":605.85,"PRNOMT_EXP":15.69,"METBAS_VA":210.87,"METBAS_EXP":1.36,"NONFER_VA":125.94,"NONFER_EXP":1.38,"PRMETA_VA":55.95,"PRMETA_EXP":14.11,"ELCTRO_VA":56.81,"ELCTRO_EXP":2.22,"ELCTRI_VA":104.86,"ELCTRI_EXP":25.6,"MAQYEQ_VA":13.45,"MAQYEQ_EXP":14.28,"AUTOMO_VA":7.95,"AUTOMO_EXP":1.43,"OTRTRA_VA":45.04,"OTRTRA_EXP":6.37,"TRANSP_VA":48.72,"TRANSP_EXP":5.88,"OTRMAN_VA":110.7,"OTRMAN_EXP":24.53,"ELEGAS_VA":501.68,"ELEGAS_EXP":0.98,"AGUBAS_VA":704.05,"AGUBAS_EXP":2.19,"CONSTR_VA":3399.13,"CONSTR_EXP":7.27,"COMREV_VA":4186.12,"COMREV_EXP":601.28,"TRATIE_VA":1069.93,"TRATIE_EXP":39.74,"TRAGUA_VA":335.53,"TRAGUA_EXP":63.91,"TRAAIR_VA":230.02,"TRAAIR_EXP":34.32,"ALMSTR_VA":375.2,"ALMSTR_EXP":15.41,"POSTME_VA":66.95,"POSTME_EXP":0.25,"HOTYRE_VA":953.99,"HOTYRE_EXP":19.11,"MMTVRA_VA":288.76,"MMTVRA_EXP":10.5,"TELECO_VA":752.99,"TELECO_EXP":33.64,"ITSERV_VA":239.24,"ITSERV_EXP":29.2,"SERFIN_VA":1546.44,"SERFIN_EXP":43.27,"GOBEST_VA":2155.33,"GOBEST_EXP":8.67,"SPRSCT_VA":1210.41,"SPRSCT_EXP":245.76,"SEAEMP_VA":776.05,"SEAEMP_EXP":91.99,"ADPDEF_VA":1366.01,"ADPDEF_EXP":0.82,"EDUCAC_VA":1113.04,"EDUCAC_EXP":1.84,"SALUDH_VA":1550.33,"SALUDH_EXP":1.43,"ESPARC_VA":511.85,"ESPARC_EXP":4.25,"OTRSER_VA":747.02,"OTRSER_EXP":2.84,"SERHOG_VA":0.0,"SERHOG_EXP":0.0}},{"type":"Feature","geometry":{"type":"Point","coordinates":[25.49,42.73]},"properties":{"id":"BGR","name":"Bulgaria","continent":"europe","year":1997,"AGRPFO_VA":2156.69,"AGRPFO_EXP":317.87,"FORLOG_VA":93.7,"FORLOG_EXP":14.91,"PESCAC_VA":9.21,"PESCAC_EXP":1.09,"MINCOL_VA":78.22,"MINCOL_EXP":0.4,"PETGAS_VA":18.14,"PETGAS_EXP":2.14,"MINORE_VA":108.57,"MINORE_EXP":138.6,"MINOTH_VA":37.42,"MINOTH_EXP":27.42,"MINSER_VA":0.04,"MINSER_EXP":0.02,"ALYBEB_VA":345.58,"ALYBEB_EXP":262.09,"TEXYPR_VA":198.88,"TEXYPR_EXP":297.8,"MADYPR_VA":29.18,"MADYPR_EXP":61.33,"PAPYPR_VA":36.33,"PAPYPR_EXP":47.47,"PETREF_VA":232.9,"PETREF_EXP":381.84,"QUIMYP_VA":88.9,"QUIMYP_EXP":242.38,"FARMED_VA":43.62,"FARMED_EXP":55.99,"HUPLAS_VA":42.89,"HUPLAS_EXP":40.3,"PRNOMT_VA":83.86,"PRNOMT_EXP":84.27,"METBAS_VA":88.08,"METBAS_EXP":427.9,"NONFER_VA":56.58,"NONFER_EXP":175.03,"PRMETA_VA":77.89,"PRMETA_EXP":84.47,"ELCTRO_VA":24.43,"ELCTRO_EXP":43.55,"ELCTRI_VA":42.97,"ELCTRI_EXP":70.53,"MAQYEQ_VA":108.78,"MAQYEQ_EXP":196.6,"AUTOMO_VA":21.29,"AUTOMO_EXP":11.12,"OTRTRA_VA":9.38,"OTRTRA_EXP":11.72,"TRANSP_VA":13.01,"TRANSP_EXP":14.49,"OTRMAN_VA":92.33,"OTRMAN_EXP":127.14,"ELEGAS_VA":402.9,"ELEGAS_EXP":291.32,"AGUBAS_VA":90.87,"AGUBAS_EXP":4.02,"CONSTR_VA":294.13,"CONSTR_EXP":10.55,"COMREV_VA":992.27,"COMREV_EXP":375.63,"TRATIE_VA":390.83,"TRATIE_EXP":272.66,"TRAGUA_VA":60.02,"TRAGUA_EXP":196.62,"TRAAIR_VA":24.77,"TRAAIR_EXP":160.8,"ALMSTR_VA":76.66,"ALMSTR_EXP":151.95,"POSTME_VA":158.46,"POSTME_EXP":7.97,"HOTYRE_VA":225.51,"HOTYRE_EXP":140.67,"MMTVRA_VA":50.66,"MMTVRA_EXP":22.59,"TELECO_VA":143.64,"TELECO_EXP":55.5,"ITSERV_VA":21.55,"ITSERV_EXP":8.75,"SERFIN_VA":342.42,"SERFIN_EXP":78.75,"GOBEST_VA":1182.67,"GOBEST_EXP":66.04,"SPRSCT_VA":384.6,"SPRSCT_EXP":42.54,"SEAEMP_VA":725.05,"SEAEMP_EXP":70.14,"ADPDEF_VA":389.82,"ADPDEF_EXP":0.03,"EDUCAC_VA":253.56,"EDUCAC_EXP":8.47,"SALUDH_VA":165.31,"SALUDH_EXP":8.03,"ESPARC_VA":62.39,"ESPARC_EXP":18.62,"OTRSER_VA":113.04,"OTRSER_EXP":7.81,"SERHOG_VA":13.58,"SERHOG_EXP":0.0}},{"type":"Feature","geometry":{"type":"Point","coordinates":[27.95,53.71]},"properties":{"id":"BLR","name":"Bielorrusia","continent":"europe","year":1997,"AGRPFO_VA":1404.09,"AGRPFO_EXP":75.91,"FORLOG_VA":85.59,"FORLOG_EXP":18.58,"PESCAC_VA":28.0,"PESCAC_EXP":1.15,"MINCOL_VA":2.72,"MINCOL_EXP":2.44,"PETGAS_VA":75.79,"PETGAS_EXP":36.35,"MINORE_VA":2.64,"MINORE_EXP":4.61,"MINOTH_VA":53.62,"MINOTH_EXP":84.21,"MINSER_VA":23.77,"MINSER_EXP":2.88,"ALYBEB_VA":900.36,"ALYBEB_EXP":486.24,"TEXYPR_VA":539.06,"TEXYPR_EXP":826.16,"MADYPR_VA":113.98,"MADYPR_EXP":293.37,"PAPYPR_VA":224.76,"PAPYPR_EXP":135.38,"PETREF_VA":845.05,"PETREF_EXP":241.26,"QUIMYP_VA":381.47,"QUIMYP_EXP":958.44,"FARMED_VA":99.79,"FARMED_EXP":53.08,"HUPLAS_VA":130.2,"HUPLAS_EXP":139.07,"PRNOMT_VA":228.37,"PRNOMT_EXP":109.01,"METBAS_VA":128.44,"METBAS_EXP":315.15,"NONFER_VA":100.24,"NONFER_EXP":29.36,"PRMETA_VA":161.22,"PRMETA_EXP":273.35,"ELCTRO_VA":103.17,"ELCTRO_EXP":95.51,"ELCTRI_VA":103.81,"ELCTRI_EXP":144.41,"MAQYEQ_VA":301.84,"MAQYEQ_EXP":737.08,"AUTOMO_VA":321.36,"AUTOMO_EXP":174.81,"OTRTRA_VA":32.53,"OTRTRA_EXP":1.36,"TRANSP_VA":36.1,"TRANSP_EXP":20.22,"OTRMAN_VA":253.9,"OTRMAN_EXP":273.88,"ELEGAS_VA":373.02,"ELEGAS_EXP":49.68,"AGUBAS_VA":113.59,"AGUBAS_EXP":2.8,"CONSTR_VA":889.95,"CONSTR_EXP":14.17,"COMREV_VA":1247.04,"COMREV_EXP":389.29,"TRATIE_VA":337.61,"TRATIE_EXP":70.34,"TRAGUA_VA":96.63,"TRAGUA_EXP":190.18,"TRAAIR_VA":65.03,"TRAAIR_EXP":177.41,"ALMSTR_VA":110.48,"ALMSTR_EXP":47.92,"POSTME_VA":21.0,"POSTME_EXP":0.41,"HOTYRE_VA":288.56,"HOTYRE_EXP":10.14,"MMTVRA_VA":86.85,"MMTVRA_EXP":22.41,"TELECO_VA":210.51,"TELECO_EXP":58.33,"ITSERV_VA":64.5,"ITSERV_EXP":41.86,"SERFIN_VA":447.87,"SERFIN_EXP":73.67,"GOBEST_VA":577.92,"GOBEST_EXP":10.77,"SPRSCT_VA":327.94,"SPRSCT_EXP":197.29,"SEAEMP_VA":208.36,"SEAEMP_EXP":73.36,"ADPDEF_VA":638.23,"ADPDEF_EXP":1.6,"EDUCAC_VA":417.09,"EDUCAC_EXP":1.3,"SALUDH_VA":461.78,"SALUDH_EXP":1.01,"ESPARC_VA":85.0,"ESPARC_EXP":4.39,"OTRSER_VA":152.37,"OTRSER_EXP":2.27,"SERHOG_VA":0.0,"SERHOG_EXP":0.0}},{"type":"Feature","geometry":{"type":"Point","coordinates":[-51.93,-14.24]},"properties":{"id":"BRA","name":"Brasil","continent":"america","year":1997,"AGRPFO_VA":31783.76,"AGRPFO_EXP":3927.24,"FORLOG_VA":3213.64,"FORLOG_EXP":47.62,"PESCAC_VA":1875.79,"PESCAC_EXP":12.51,"MINCOL_VA":1413.16,"MINCOL_EXP":0.54,"PETGAS_VA":7953.47,"PETGAS_EXP":8.1,"MINORE_VA":894.32,"MINORE_EXP":1747.26,"MINOTH_VA":1302.2,"MINOTH_EXP":218.88,"MINSER_VA":937.95,"MINSER_EXP":19.0,"ALYBEB_VA":16868.34,"ALYBEB_EXP":7212.01,"TEXYPR_VA":13368.08,"TEXYPR_EXP":2502.49,"MADYPR_VA":2371.42,"MADYPR_EXP":953.9,"PAPYPR_VA":8659.97,"PAPYPR_EXP":1812.38,"PETREF_VA":9685.15,"PETREF_EXP":1067.53,"QUIMYP_VA":9873.24,"QUIMYP_EXP":1951.83,"FARMED_VA":5246.71,"FARMED_EXP":384.29,"HUPLAS_VA":4527.02,"HUPLAS_EXP":829.27,"PRNOMT_VA":4357.81,"PRNOMT_EXP":590.8,"METBAS_VA":2993.46,"METBAS_EXP":3389.79,"NONFER_VA":1575.25,"NONFER_EXP":2385.02,"PRMETA_VA":6876.35,"PRMETA_EXP":800.66,"ELCTRO_VA":4349.25,"ELCTRO_EXP":1041.47,"ELCTRI_VA":3409.84,"ELCTRI_EXP":931.09,"MAQYEQ_VA":8830.96,"MAQYEQ_EXP":2725.06,"AUTOMO_VA":10562.72,"AUTOMO_EXP":4944.9,"OTRTRA_VA":709.09,"OTRTRA_EXP":185.96,"TRANSP_VA":1291.84,"TRANSP_EXP":805.73,"OTRMAN_VA":4356.93,"OTRMAN_EXP":1238.64,"ELEGAS_VA":22348.88,"ELEGAS_EXP":39.74,"AGUBAS_VA":5991.17,"AGUBAS_EXP":0.42,"CONSTR_VA":57176.08,"CONSTR_EXP":3.22,"COMREV_VA":119956.61,"COMREV_EXP":10744.66,"TRATIE_VA":21601.31,"TRATIE_EXP":1266.37,"TRAGUA_VA":796.08,"TRAGUA_EXP":342.23,"TRAAIR_VA":1432.85,"TRAAIR_EXP":484.4,"ALMSTR_VA":8532.82,"ALMSTR_EXP":842.53,"POSTME_VA":1935.87,"POSTME_EXP":1.13,"HOTYRE_VA":15749.17,"HOTYRE_EXP":235.57,"MMTVRA_VA":5237.38,"MMTVRA_EXP":122.64,"TELECO_VA":13086.32,"TELECO_EXP":74.41,"ITSERV_VA":9908.26,"ITSERV_EXP":47.11,"SERFIN_VA":54670.02,"SERFIN_EXP":371.68,"GOBEST_VA":86512.17,"GOBEST_EXP":9.73,"SPRSCT_VA":29800.05,"SPRSCT_EXP":1616.56,"SEAEMP_VA":27183.68,"SEAEMP_EXP":669.32,"ADPDEF_VA":68504.2,"ADPDEF_EXP":133.47,"EDUCAC_VA":36413.55,"EDUCAC_EXP":14.69,"SALUDH_VA":20600.69,"SALUDH_EXP":12.25,"ESPARC_VA":8017.85,"ESPARC_EXP":80.37,"OTRSER_VA":14140.92,"OTRSER_EXP":15.37,"SERHOG_VA":7866.56,"SERHOG_EXP":0.0}},{"type":"Feature","geometry":{"type":"Point","coordinates":[114.73,4.54]},"properties":{"id":"BRN","name":"Brunéi","continent":"asia","year":1997,"AGRPFO_VA":16.14,"AGRPFO_EXP":0.22,"FORLOG_VA":5.45,"FORLOG_EXP":0.04,"PESCAC_VA":15.79,"PESCAC_EXP":0.12,"MINCOL_VA":265.01,"MINCOL_EXP":0.0,"PETGAS_VA":2121.42,"PETGAS_EXP":2217.1,"MINORE_VA":285.43,"MINORE_EXP":0.02,"MINOTH_VA":198.9,"MINOTH_EXP":0.07,"MINSER_VA":166.31,"MINSER_EXP":32.24,"ALYBEB_VA":6.04,"ALYBEB_EXP":0.46,"TEXYPR_VA":9.95,"TEXYPR_EXP":5.6,"MADYPR_VA":1.09,"MADYPR_EXP":0.0,"PAPYPR_VA":2.62,"PAPYPR_EXP":0.12,"PETREF_VA":683.51,"PETREF_EXP":68.39,"QUIMYP_VA":3.86,"QUIMYP_EXP":0.08,"FARMED_VA":2.89,"FARMED_EXP":0.09,"HUPLAS_VA":4.17,"HUPLAS_EXP":0.04,"PRNOMT_VA":8.29,"PRNOMT_EXP":0.09,"METBAS_VA":0.81,"METBAS_EXP":0.01,"NONFER_VA":0.65,"NONFER_EXP":0.01,"PRMETA_VA":3.35,"PRMETA_EXP":0.0,"ELCTRO_VA":1.12,"ELCTRO_EXP":0.08,"ELCTRI_VA":1.93,"ELCTRI_EXP":0.05,"MAQYEQ_VA":3.2,"MAQYEQ_EXP":0.13,"AUTOMO_VA":0.0,"AUTOMO_EXP":0.0,"OTRTRA_VA":2.18,"OTRTRA_EXP":0.03,"TRANSP_VA":2.22,"TRANSP_EXP":0.07,"OTRMAN_VA":1.85,"OTRMAN_EXP":0.06,"ELEGAS_VA":34.39,"ELEGAS_EXP":0.11,"AGUBAS_VA":9.09,"AGUBAS_EXP":0.29,"CONSTR_VA":138.75,"CONSTR_EXP":0.24,"COMREV_VA":244.36,"COMREV_EXP":12.47,"TRATIE_VA":44.21,"TRATIE_EXP":8.37,"TRAGUA_VA":46.82,"TRAGUA_EXP":6.59,"TRAAIR_VA":14.57,"TRAAIR_EXP":14.14,"ALMSTR_VA":22.89,"ALMSTR_EXP":8.77,"POSTME_VA":3.16,"POSTME_EXP":3.73,"HOTYRE_VA":52.78,"HOTYRE_EXP":17.69,"MMTVRA_VA":4.29,"MMTVRA_EXP":1.43,"TELECO_VA":97.44,"TELECO_EXP":7.88,"ITSERV_VA":10.51,"ITSERV_EXP":6.36,"SERFIN_VA":285.28,"SERFIN_EXP":9.14,"GOBEST_VA":82.23,"GOBEST_EXP":5.81,"SPRSCT_VA":104.31,"SPRSCT_EXP":81.62,"SEAEMP_VA":32.08,"SEAEMP_EXP":40.83,"ADPDEF_VA":543.95,"ADPDEF_EXP":0.09,"EDUCAC_VA":141.55,"EDUCAC_EXP":1.49,"SALUDH_VA":68.31,"SALUDH_EXP":1.09,"ESPARC_VA":5.82,"ESPARC_EXP":1.44,"OTRSER_VA":7.47,"OTRSER_EXP":1.11,"SERHOG_VA":5.41,"SERHOG_EXP":0.0}},{"type":"Feature","geometry":{"type":"Point","coordinates":[-106.35,56.13]},"properties":{"id":"CAN","name":"Canadá","continent":"america","year":1997,"AGRPFO_VA":7981.07,"AGRPFO_EXP":8007.07,"FORLOG_VA":3853.75,"FORLOG_EXP":316.12,"PESCAC_VA":829.09,"PESCAC_EXP":381.79,"MINCOL_VA":852.21,"MINCOL_EXP":1330.59,"PETGAS_VA":14900.06,"PETGAS_EXP":17166.09,"MINORE_VA":3635.83,"MINORE_EXP":6439.41,"MINOTH_VA":1755.77,"MINOTH_EXP":816.54,"MINSER_VA":3053.26,"MINSER_EXP":146.85,"ALYBEB_VA":13412.77,"ALYBEB_EXP":10184.07,"TEXYPR_VA":4641.64,"TEXYPR_EXP":3242.18,"MADYPR_VA":6759.15,"MADYPR_EXP":12519.78,"PAPYPR_VA":10605.7,"PAPYPR_EXP":14584.27,"PETREF_VA":1090.02,"PETREF_EXP":4631.44,"QUIMYP_VA":7570.35,"QUIMYP_EXP":10139.44,"FARMED_VA":1711.44,"FARMED_EXP":1080.68,"HUPLAS_VA":5147.62,"HUPLAS_EXP":4956.07,"PRNOMT_VA":3040.13,"PRNOMT_EXP":1854.04,"METBAS_VA":3957.84,"METBAS_EXP":3015.81,"NONFER_VA":3904.73,"NONFER_EXP":9595.9,"PRMETA_VA":6747.97,"PRMETA_EXP":6274.37,"ELCTRO_VA":5968.4,"ELCTRO_EXP":5974.76,"ELCTRI_VA":2417.16,"ELCTRI_EXP":3154.92,"MAQYEQ_VA":7140.53,"MAQYEQ_EXP":9803.46,"AUTOMO_VA":14559.19,"AUTOMO_EXP":31483.95,"OTRTRA_VA":431.8,"OTRTRA_EXP":475.0,"TRANSP_VA":4782.33,"TRANSP_EXP":6512.51,"OTRMAN_VA":6223.42,"OTRMAN_EXP":4772.76,"ELEGAS_VA":18747.08,"ELEGAS_EXP":1753.44,"AGUBAS_VA":2048.42,"AGUBAS_EXP":65.97,"CONSTR_VA":33930.89,"CONSTR_EXP":178.49,"COMREV_VA":65320.91,"COMREV_EXP":23132.53,"TRATIE_VA":16945.05,"TRATIE_EXP":2336.76,"TRAGUA_VA":784.46,"TRAGUA_EXP":376.31,"TRAAIR_VA":3190.04,"TRAAIR_EXP":3984.19,"ALMSTR_VA":4551.69,"ALMSTR_EXP":867.48,"POSTME_VA":3654.15,"POSTME_EXP":437.43,"HOTYRE_VA":14793.09,"HOTYRE_EXP":4061.95,"MMTVRA_VA":7938.15,"MMTVRA_EXP":1778.8,"TELECO_VA":11018.74,"TELECO_EXP":347.45,"ITSERV_VA":4644.87,"ITSERV_EXP":976.55,"SERFIN_VA":41538.41,"SERFIN_EXP":4218.28,"GOBEST_VA":63791.82,"GOBEST_EXP":513.03,"SPRSCT_VA":33107.91,"SPRSCT_EXP":3443.68,"SEAEMP_VA":15156.08,"SEAEMP_EXP":2461.8,"ADPDEF_VA":41128.3,"ADPDEF_EXP":903.38,"EDUCAC_VA":34075.78,"EDUCAC_EXP":570.84,"SALUDH_VA":38597.35,"SALUDH_EXP":306.3,"ESPARC_VA":5752.57,"ESPARC_EXP":1952.96,"OTRSER_VA":7924.46,"OTRSER_EXP":124.39,"SERHOG_VA":1433.51,"SERHOG_EXP":0.0}},{"type":"Feature","geometry":{"type":"Point","coordinates":[8.23,46.82]},"properties":{"id":"CHE","name":"Suiza","continent":"europe","year":1997,"AGRPFO_VA":3202.0,"AGRPFO_EXP":128.9,"FORLOG_VA":268.83,"FORLOG_EXP":113.85,"PESCAC_VA":15.84,"PESCAC_EXP":10.01,"MINCOL_VA":0.0,"MINCOL_EXP":0.0,"PETGAS_VA":0.0,"PETGAS_EXP":0.0,"MINORE_VA":43.81,"MINORE_EXP":20.6,"MINOTH_VA":415.14,"MINOTH_EXP":96.69,"MINSER_VA":49.7,"MINSER_EXP":10.23,"ALYBEB_VA":4771.65,"ALYBEB_EXP":2767.52,"TEXYPR_VA":1210.91,"TEXYPR_EXP":1495.58,"MADYPR_VA":2062.18,"MADYPR_EXP":356.84,"PAPYPR_VA":3328.73,"PAPYPR_EXP":1416.8,"PETREF_VA":128.09,"PETREF_EXP":166.16,"QUIMYP_VA":3945.08,"QUIMYP_EXP":4366.75,"FARMED_VA":5775.12,"FARMED_EXP":6420.07,"HUPLAS_VA":1931.52,"HUPLAS_EXP":1754.02,"PRNOMT_VA":1580.6,"PRNOMT_EXP":488.26,"METBAS_VA":739.0,"METBAS_EXP":707.5,"NONFER_VA":809.69,"NONFER_EXP":1729.94,"PRMETA_VA":5712.51,"PRMETA_EXP":2340.63,"ELCTRO_VA":8397.75,"ELCTRO_EXP":8046.97,"ELCTRI_VA":3687.22,"ELCTRI_EXP":4763.65,"MAQYEQ_VA":7608.57,"MAQYEQ_EXP":10968.29,"AUTOMO_VA":361.26,"AUTOMO_EXP":541.84,"OTRTRA_VA":17.37,"OTRTRA_EXP":5.51,"TRANSP_VA":425.49,"TRANSP_EXP":483.81,"OTRMAN_VA":3731.91,"OTRMAN_EXP":2224.19,"ELEGAS_VA":7255.75,"ELEGAS_EXP":17.91,"AGUBAS_VA":1404.77,"AGUBAS_EXP":8.3,"CONSTR_VA":16164.96,"CONSTR_EXP":184.64,"COMREV_VA":40505.68,"COMREV_EXP":16093.46,"TRATIE_VA":6781.4,"TRATIE_EXP":4124.59,"TRAGUA_VA":212.27,"TRAGUA_EXP":3421.24,"TRAAIR_VA":1036.03,"TRAAIR_EXP":1706.03,"ALMSTR_VA":2159.2,"ALMSTR_EXP":750.14,"POSTME_VA":2252.62,"POSTME_EXP":772.52,"HOTYRE_VA":7421.99,"HOTYRE_EXP":2346.45,"MMTVRA_VA":2327.76,"MMTVRA_EXP":1779.19,"TELECO_VA":5028.88,"TELECO_EXP":964.19,"ITSERV_VA":5039.43,"ITSERV_EXP":2355.49,"SERFIN_VA":32875.36,"SERFIN_EXP":15892.21,"GOBEST_VA":19673.46,"GOBEST_EXP":564.46,"SPRSCT_VA":21314.92,"SPRSCT_EXP":1830.17,"SEAEMP_VA":6107.59,"SEAEMP_EXP":1444.97,"ADPDEF_VA":24777.84,"ADPDEF_EXP":288.9,"EDUCAC_VA":2306.53,"EDUCAC_EXP":159.53,"SALUDH_VA":16280.4,"SALUDH_EXP":149.7,"ESPARC_VA":1312.4,"ESPARC_EXP":354.82,"OTRSER_VA":4033.5,"OTRSER_EXP":119.07,"SERHOG_VA":1067.28,"SERHOG_EXP":0.0}},{"type":"Feature","geometry":{"type":"Point","coordinates":[-71.54,-35.68]},"properties":{"id":"CHL","name":"Chile","continent":"america","year":1997,"AGRPFO_VA":2150.42,"AGRPFO_EXP":1093.44,"FORLOG_VA":614.41,"FORLOG_EXP":82.61,"PESCAC_VA":917.63,"PESCAC_EXP":409.16,"MINCOL_VA":11.13,"MINCOL_EXP":0.14,"PETGAS_VA":75.75,"PETGAS_EXP":2.87,"MINORE_VA":8199.64,"MINORE_EXP":7825.41,"MINOTH_VA":303.16,"MINOTH_EXP":27.86,"MINSER_VA":209.24,"MINSER_EXP":13.73,"ALYBEB_VA":2931.05,"ALYBEB_EXP":2174.8,"TEXYPR_VA":317.56,"TEXYPR_EXP":319.64,"MADYPR_VA":376.86,"MADYPR_EXP":582.24,"PAPYPR_VA":816.79,"PAPYPR_EXP":762.43,"PETREF_VA":362.97,"PETREF_EXP":139.11,"QUIMYP_VA":1080.64,"QUIMYP_EXP":377.87,"FARMED_VA":242.23,"FARMED_EXP":14.91,"HUPLAS_VA":340.61,"HUPLAS_EXP":149.55,"PRNOMT_VA":449.16,"PRNOMT_EXP":48.42,"METBAS_VA":132.49,"METBAS_EXP":66.08,"NONFER_VA":244.24,"NONFER_EXP":158.91,"PRMETA_VA":584.13,"PRMETA_EXP":168.55,"ELCTRO_VA":1398.79,"ELCTRO_EXP":57.84,"ELCTRI_VA":238.63,"ELCTRI_EXP":166.91,"MAQYEQ_VA":279.3,"MAQYEQ_EXP":186.07,"AUTOMO_VA":0.15,"AUTOMO_EXP":0.07,"OTRTRA_VA":71.08,"OTRTRA_EXP":40.98,"TRANSP_VA":134.43,"TRANSP_EXP":56.11,"OTRMAN_VA":428.55,"OTRMAN_EXP":378.11,"ELEGAS_VA":1733.18,"ELEGAS_EXP":22.76,"AGUBAS_VA":504.05,"AGUBAS_EXP":0.88,"CONSTR_VA":6629.92,"CONSTR_EXP":5.29,"COMREV_VA":7287.88,"COMREV_EXP":1423.03,"TRATIE_VA":2673.2,"TRATIE_EXP":845.13,"TRAGUA_VA":173.72,"TRAGUA_EXP":989.04,"TRAAIR_VA":669.21,"TRAAIR_EXP":861.53,"ALMSTR_VA":1091.27,"ALMSTR_EXP":409.33,"POSTME_VA":112.74,"POSTME_EXP":167.43,"HOTYRE_VA":1479.19,"HOTYRE_EXP":391.1,"MMTVRA_VA":258.79,"MMTVRA_EXP":74.45,"TELECO_VA":1328.66,"TELECO_EXP":210.62,"ITSERV_VA":889.6,"ITSERV_EXP":48.07,"SERFIN_VA":3763.94,"SERFIN_EXP":282.75,"GOBEST_VA":6088.31,"GOBEST_EXP":100.58,"SPRSCT_VA":5421.1,"SPRSCT_EXP":144.69,"SEAEMP_VA":3042.49,"SEAEMP_EXP":145.83,"ADPDEF_VA":3795.44,"ADPDEF_EXP":58.43,"EDUCAC_VA":3484.12,"EDUCAC_EXP":26.55,"SALUDH_VA":3551.25,"SALUDH_EXP":19.7,"ESPARC_VA":343.65,"ESPARC_EXP":56.73,"OTRSER_VA":1207.69,"OTRSER_EXP":31.01,"SERHOG_VA":0.0,"SERHOG_EXP":0.0}},{"type":"Feature","geometry":{"type":"Point","coordinates":[104.2,35.86]},"properties":{"id":"CHN","name":"China","continent":"asia","year":1997,"AGRPFO_VA":127931.85,"AGRPFO_EXP":2957.61,"FORLOG_VA":9469.54,"FORLOG_EXP":35.22,"PESCAC_VA":15446.24,"PESCAC_EXP":410.24,"MINCOL_VA":12452.58,"MINCOL_EXP":786.73,"PETGAS_VA":12993.04,"PETGAS_EXP":2060.57,"MINORE_VA":4883.8,"MINORE_EXP":424.4,"MINOTH_VA":5379.72,"MINOTH_EXP":694.5,"MINSER_VA":881.9,"MINSER_EXP":142.4,"ALYBEB_VA":37364.13,"ALYBEB_EXP":6957.18,"TEXYPR_VA":33729.14,"TEXYPR_EXP":41186.66,"MADYPR_VA":4499.56,"MADYPR_EXP":1449.27,"PAPYPR_VA":11039.75,"PAPYPR_EXP":794.82,"PETREF_VA":9570.23,"PETREF_EXP":1589.71,"QUIMYP_VA":23062.88,"QUIMYP_EXP":6827.95,"FARMED_VA":8248.89,"FARMED_EXP":1094.55,"HUPLAS_VA":12250.45,"HUPLAS_EXP":3432.13,"PRNOMT_VA":25576.93,"PRNOMT_EXP":2504.38,"METBAS_VA":16733.91,"METBAS_EXP":3067.68,"NONFER_VA":7397.87,"NONFER_EXP":1867.79,"PRMETA_VA":12642.94,"PRMETA_EXP":4375.47,"ELCTRO_VA":25066.82,"ELCTRO_EXP":18189.38,"ELCTRI_VA":13976.92,"ELCTRI_EXP":8125.3,"MAQYEQ_VA":29360.81,"MAQYEQ_EXP":4796.34,"AUTOMO_VA":16017.53,"AUTOMO_EXP":1026.1,"OTRTRA_VA":1232.12,"OTRTRA_EXP":1150.39,"TRANSP_VA":2194.88,"TRANSP_EXP":1240.12,"OTRMAN_VA":7880.8,"OTRMAN_EXP":10262.89,"ELEGAS_VA":32241.17,"ELEGAS_EXP":385.21,"AGUBAS_VA":4392.97,"AGUBAS_EXP":0.08,"CONSTR_VA":53498.31,"CONSTR_EXP":0.18,"COMREV_VA":69212.51,"COMREV_EXP":9959.51,"TRATIE_VA":29143.0,"TRATIE_EXP":2707.32,"TRAGUA_VA":6323.85,"TRAGUA_EXP":11089.73,"TRAAIR_VA":2887.32,"TRAAIR_EXP":5858.06,"ALMSTR_VA":4406.83,"ALMSTR_EXP":1430.63,"POSTME_VA":2034.42,"POSTME_EXP":10.22,"HOTYRE_VA":16814.94,"HOTYRE_EXP":2465.07,"MMTVRA_VA":2421.36,"MMTVRA_EXP":448.05,"TELECO_VA":12273.93,"TELECO_EXP":628.64,"ITSERV_VA":7464.31,"ITSERV_EXP":516.05,"SERFIN_VA":43510.55,"SERFIN_EXP":541.3,"GOBEST_VA":33958.15,"GOBEST_EXP":647.45,"SPRSCT_VA":11673.64,"SPRSCT_EXP":3270.47,"SEAEMP_VA":15481.58,"SEAEMP_EXP":3272.86,"ADPDEF_VA":32647.62,"ADPDEF_EXP":0.3,"EDUCAC_VA":25735.64,"EDUCAC_EXP":101.03,"SALUDH_VA":14122.68,"SALUDH_EXP":147.64,"ESPARC_VA":4488.78,"ESPARC_EXP":365.31,"OTRSER_VA":14141.0,"OTRSER_EXP":147.34,"SERHOG_VA":0.0,"SERHOG_EXP":0.0}},{"type":"Feature","geometry":{"type":"Point","coordinates":[-5.55,7.54]},"properties":{"id":"CIV","name":"Costa de Marfil","continent":"other","year":1997,"AGRPFO_VA":2777.23,"AGRPFO_EXP":1344.04,"FORLOG_VA":80.7,"FORLOG_EXP":2.06,"PESCAC_VA":31.87,"PESCAC_EXP":1.45,"MINCOL_VA":0.78,"MINCOL_EXP":1.85,"PETGAS_VA":7.92,"PETGAS_EXP":17.72,"MINORE_VA":22.96,"MINORE_EXP":29.9,"MINOTH_VA":2.62,"MINOTH_EXP":6.58,"MINSER_VA":1.9,"MINSER_EXP":4.88,"ALYBEB_VA":636.35,"ALYBEB_EXP":572.91,"TEXYPR_VA":338.78,"TEXYPR_EXP":147.82,"MADYPR_VA":152.74,"MADYPR_EXP":201.4,"PAPYPR_VA":80.33,"PAPYPR_EXP":2.02,"PETREF_VA":235.06,"PETREF_EXP":399.84,"QUIMYP_VA":63.12,"QUIMYP_EXP":120.81,"FARMED_VA":45.57,"FARMED_EXP":1.36,"HUPLAS_VA":79.41,"HUPLAS_EXP":100.58,"PRNOMT_VA":105.09,"PRNOMT_EXP":30.53,"METBAS_VA":8.88,"METBAS_EXP":14.52,"NONFER_VA":8.55,"NONFER_EXP":17.31,"PRMETA_VA":75.15,"PRMETA_EXP":23.48,"ELCTRO_VA":0.0,"ELCTRO_EXP":0.0,"ELCTRI_VA":0.52,"ELCTRI_EXP":0.21,"MAQYEQ_VA":30.26,"MAQYEQ_EXP":16.42,"AUTOMO_VA":9.75,"AUTOMO_EXP":2.35,"OTRTRA_VA":1.93,"OTRTRA_EXP":0.55,"TRANSP_VA":3.27,"TRANSP_EXP":0.42,"OTRMAN_VA":143.49,"OTRMAN_EXP":33.59,"ELEGAS_VA":195.92,"ELEGAS_EXP":46.2,"AGUBAS_VA":33.64,"AGUBAS_EXP":0.33,"CONSTR_VA":247.58,"CONSTR_EXP":5.98,"COMREV_VA":1413.19,"COMREV_EXP":378.36,"TRATIE_VA":270.82,"TRATIE_EXP":101.45,"TRAGUA_VA":27.24,"TRAGUA_EXP":58.35,"TRAAIR_VA":51.2,"TRAAIR_EXP":70.68,"ALMSTR_VA":169.78,"ALMSTR_EXP":71.83,"POSTME_VA":35.81,"POSTME_EXP":17.02,"HOTYRE_VA":67.03,"HOTYRE_EXP":16.72,"MMTVRA_VA":63.49,"MMTVRA_EXP":14.84,"TELECO_VA":138.9,"TELECO_EXP":32.59,"ITSERV_VA":136.77,"ITSERV_EXP":108.28,"SERFIN_VA":395.63,"SERFIN_EXP":28.03,"GOBEST_VA":653.42,"GOBEST_EXP":5.36,"SPRSCT_VA":166.15,"SPRSCT_EXP":44.84,"SEAEMP_VA":328.82,"SEAEMP_EXP":3.27,"ADPDEF_VA":1009.3,"ADPDEF_EXP":0.04,"EDUCAC_VA":344.37,"EDUCAC_EXP":1.4,"SALUDH_VA":82.41,"SALUDH_EXP":0.82,"ESPARC_VA":18.94,"ESPARC_EXP":1.81,"OTRSER_VA":338.31,"OTRSER_EXP":0.9,"SERHOG_VA":27.13,"SERHOG_EXP":0.0}},{"type":"Feature","geometry":{"type":"Point","coordinates":[12.35,7.37]},"properties":{"id":"CMR","name":"Camerún","continent":"other","year":1997,"AGRPFO_VA":1365.5,"AGRPFO_EXP":396.51,"FORLOG_VA":505.26,"FORLOG_EXP":102.58,"PESCAC_VA":179.91,"PESCAC_EXP":1.98,"MINCOL_VA":92.48,"MINCOL_EXP":9.85,"PETGAS_VA":559.26,"PETGAS_EXP":601.9,"MINORE_VA":7.42,"MINORE_EXP":0.3,"MINOTH_VA":39.66,"MINOTH_EXP":3.6,"MINSER_VA":59.47,"MINSER_EXP":46.23,"ALYBEB_VA":889.26,"ALYBEB_EXP":105.78,"TEXYPR_VA":426.64,"TEXYPR_EXP":178.37,"MADYPR_VA":105.07,"MADYPR_EXP":133.51,"PAPYPR_VA":20.12,"PAPYPR_EXP":6.34,"PETREF_VA":92.32,"PETREF_EXP":31.95,"QUIMYP_VA":27.62,"QUIMYP_EXP":61.74,"FARMED_VA":11.27,"FARMED_EXP":0.81,"HUPLAS_VA":9.16,"HUPLAS_EXP":4.66,"PRNOMT_VA":25.17,"PRNOMT_EXP":45.11,"METBAS_VA":3.2,"METBAS_EXP":4.82,"NONFER_VA":18.0,"NONFER_EXP":45.95,"PRMETA_VA":6.19,"PRMETA_EXP":12.68,"ELCTRO_VA":4.87,"ELCTRO_EXP":1.8,"ELCTRI_VA":2.86,"ELCTRI_EXP":3.45,"MAQYEQ_VA":3.14,"MAQYEQ_EXP":1.29,"AUTOMO_VA":3.87,"AUTOMO_EXP":1.2,"OTRTRA_VA":0.58,"OTRTRA_EXP":0.24,"TRANSP_VA":0.87,"TRANSP_EXP":0.2,"OTRMAN_VA":60.28,"OTRMAN_EXP":3.41,"ELEGAS_VA":73.94,"ELEGAS_EXP":0.1,"AGUBAS_VA":72.29,"AGUBAS_EXP":0.28,"CONSTR_VA":665.61,"CONSTR_EXP":1.08,"COMREV_VA":913.62,"COMREV_EXP":168.24,"TRATIE_VA":485.79,"TRATIE_EXP":53.37,"TRAGUA_VA":61.72,"TRAGUA_EXP":34.39,"TRAAIR_VA":71.43,"TRAAIR_EXP":25.3,"ALMSTR_VA":232.98,"ALMSTR_EXP":28.69,"POSTME_VA":89.56,"POSTME_EXP":7.55,"HOTYRE_VA":529.73,"HOTYRE_EXP":12.49,"MMTVRA_VA":46.38,"MMTVRA_EXP":24.86,"TELECO_VA":76.45,"TELECO_EXP":16.47,"ITSERV_VA":91.96,"ITSERV_EXP":6.85,"SERFIN_VA":152.92,"SERFIN_EXP":13.0,"GOBEST_VA":506.36,"GOBEST_EXP":2.75,"SPRSCT_VA":286.25,"SPRSCT_EXP":225.36,"SEAEMP_VA":184.65,"SEAEMP_EXP":192.26,"ADPDEF_VA":596.85,"ADPDEF_EXP":0.08,"EDUCAC_VA":229.24,"EDUCAC_EXP":0.74,"SALUDH_VA":139.82,"SALUDH_EXP":0.69,"ESPARC_VA":122.97,"ESPARC_EXP":63.29,"OTRSER_VA":134.7,"OTRSER_EXP":0.92,"SERHOG_VA":9.69,"SERHOG_EXP":0.0}},{"type":"Feature","geometry":{"type":"Point","coordinates":[21.76,-4.04]},"properties":{"id":"COD","name":"R.D. Congo","continent":"other","year":1997,"AGRPFO_VA":1606.94,"AGRPFO_EXP":141.28,"FORLOG_VA":173.19,"FORLOG_EXP":64.93,"PESCAC_VA":148.91,"PESCAC_EXP":0.99,"MINCOL_VA":3.92,"MINCOL_EXP":2.54,"PETGAS_VA":213.67,"PETGAS_EXP":162.78,"MINORE_VA":374.63,"MINORE_EXP":418.96,"MINOTH_VA":620.33,"MINOTH_EXP":83.65,"MINSER_VA":37.74,"MINSER_EXP":0.98,"ALYBEB_VA":1034.19,"ALYBEB_EXP":22.16,"TEXYPR_VA":185.75,"TEXYPR_EXP":3.35,"MADYPR_VA":17.03,"MADYPR_EXP":26.19,"PAPYPR_VA":20.62,"PAPYPR_EXP":0.29,"PETREF_VA":3.86,"PETREF_EXP":0.53,"QUIMYP_VA":44.72,"QUIMYP_EXP":4.39,"FARMED_VA":5.09,"FARMED_EXP":0.59,"HUPLAS_VA":34.11,"HUPLAS_EXP":0.14,"PRNOMT_VA":41.06,"PRNOMT_EXP":0.33,"METBAS_VA":38.85,"METBAS_EXP":0.86,"NONFER_VA":193.92,"NONFER_EXP":342.46,"PRMETA_VA":20.24,"PRMETA_EXP":0.81,"ELCTRO_VA":0.41,"ELCTRO_EXP":0.24,"ELCTRI_VA":32.66,"ELCTRI_EXP":1.17,"MAQYEQ_VA":1.7,"MAQYEQ_EXP":0.48,"AUTOMO_VA":73.66,"AUTOMO_EXP":2.29,"OTRTRA_VA":7.31,"OTRTRA_EXP":0.06,"TRANSP_VA":0.2,"TRANSP_EXP":0.08,"OTRMAN_VA":63.57,"OTRMAN_EXP":9.76,"ELEGAS_VA":44.82,"ELEGAS_EXP":0.52,"AGUBAS_VA":27.58,"AGUBAS_EXP":0.32,"CONSTR_VA":171.33,"CONSTR_EXP":0.72,"COMREV_VA":702.34,"COMREV_EXP":48.45,"TRATIE_VA":801.19,"TRATIE_EXP":174.45,"TRAGUA_VA":55.59,"TRAGUA_EXP":22.14,"TRAAIR_VA":33.18,"TRAAIR_EXP":7.11,"ALMSTR_VA":103.27,"ALMSTR_EXP":24.69,"POSTME_VA":12.96,"POSTME_EXP":0.64,"HOTYRE_VA":311.11,"HOTYRE_EXP":33.68,"MMTVRA_VA":74.71,"MMTVRA_EXP":17.13,"TELECO_VA":430.78,"TELECO_EXP":21.12,"ITSERV_VA":4.07,"ITSERV_EXP":2.67,"SERFIN_VA":125.51,"SERFIN_EXP":36.72,"GOBEST_VA":436.96,"GOBEST_EXP":1.29,"SPRSCT_VA":158.88,"SPRSCT_EXP":35.16,"SEAEMP_VA":96.48,"SEAEMP_EXP":9.42,"ADPDEF_VA":288.58,"ADPDEF_EXP":0.52,"EDUCAC_VA":117.08,"EDUCAC_EXP":1.98,"SALUDH_VA":235.38,"SALUDH_EXP":2.08,"ESPARC_VA":45.16,"ESPARC_EXP":4.43,"OTRSER_VA":74.63,"OTRSER_EXP":1.75,"SERHOG_VA":28.66,"SERHOG_EXP":0.0}},{"type":"Feature","geometry":{"type":"Point","coordinates":[-74.3,4.57]},"properties":{"id":"COL","name":"Colombia","continent":"america","year":1997,"AGRPFO_VA":7851.78,"AGRPFO_EXP":3964.37,"FORLOG_VA":115.79,"FORLOG_EXP":3.14,"PESCAC_VA":629.95,"PESCAC_EXP":7.6,"MINCOL_VA":1571.01,"MINCOL_EXP":814.25,"PETGAS_VA":4492.11,"PETGAS_EXP":2173.99,"MINORE_VA":689.8,"MINORE_EXP":5.06,"MINOTH_VA":285.84,"MINOTH_EXP":6.35,"MINSER_VA":36.06,"MINSER_EXP":6.42,"ALYBEB_VA":5940.81,"ALYBEB_EXP":548.36,"TEXYPR_VA":2451.61,"TEXYPR_EXP":779.25,"MADYPR_VA":158.59,"MADYPR_EXP":7.83,"PAPYPR_VA":954.39,"PAPYPR_EXP":155.75,"PETREF_VA":470.83,"PETREF_EXP":422.53,"QUIMYP_VA":1902.92,"QUIMYP_EXP":941.06,"FARMED_VA":515.51,"FARMED_EXP":125.32,"HUPLAS_VA":613.56,"HUPLAS_EXP":238.09,"PRNOMT_VA":1335.29,"PRNOMT_EXP":270.93,"METBAS_VA":438.84,"METBAS_EXP":771.14,"NONFER_VA":39.74,"NONFER_EXP":125.33,"PRMETA_VA":389.28,"PRMETA_EXP":42.47,"ELCTRO_VA":418.29,"ELCTRO_EXP":16.8,"ELCTRI_VA":363.26,"ELCTRI_EXP":127.3,"MAQYEQ_VA":1047.54,"MAQYEQ_EXP":144.32,"AUTOMO_VA":317.09,"AUTOMO_EXP":93.31,"OTRTRA_VA":0.67,"OTRTRA_EXP":0.74,"TRANSP_VA":57.57,"TRANSP_EXP":7.41,"OTRMAN_VA":1033.2,"OTRMAN_EXP":80.67,"ELEGAS_VA":2186.2,"ELEGAS_EXP":1.89,"AGUBAS_VA":1275.66,"AGUBAS_EXP":0.94,"CONSTR_VA":4396.77,"CONSTR_EXP":1.94,"COMREV_VA":8727.33,"COMREV_EXP":1255.93,"TRATIE_VA":3899.91,"TRATIE_EXP":229.56,"TRAGUA_VA":67.04,"TRAGUA_EXP":49.95,"TRAAIR_VA":453.47,"TRAAIR_EXP":118.19,"ALMSTR_VA":707.27,"ALMSTR_EXP":54.04,"POSTME_VA":168.12,"POSTME_EXP":5.11,"HOTYRE_VA":3792.91,"HOTYRE_EXP":146.36,"MMTVRA_VA":407.07,"MMTVRA_EXP":57.24,"TELECO_VA":2896.44,"TELECO_EXP":54.29,"ITSERV_VA":525.44,"ITSERV_EXP":0.79,"SERFIN_VA":4812.57,"SERFIN_EXP":37.69,"GOBEST_VA":9133.22,"GOBEST_EXP":21.48,"SPRSCT_VA":2963.61,"SPRSCT_EXP":9.05,"SEAEMP_VA":3691.26,"SEAEMP_EXP":9.24,"ADPDEF_VA":5938.98,"ADPDEF_EXP":14.24,"EDUCAC_VA":7559.03,"EDUCAC_EXP":7.94,"SALUDH_VA":4750.79,"SALUDH_EXP":6.03,"ESPARC_VA":2525.17,"ESPARC_EXP":19.67,"OTRSER_VA":1622.78,"OTRSER_EXP":6.29,"SERHOG_VA":810.04,"SERHOG_EXP":0.0}},{"type":"Feature","geometry":{"type":"Point","coordinates":[-83.75,9.75]},"properties":{"id":"CRI","name":"Costa Rica","continent":"america","year":1997,"AGRPFO_VA":1304.18,"AGRPFO_EXP":859.23,"FORLOG_VA":36.03,"FORLOG_EXP":14.38,"PESCAC_VA":17.45,"PESCAC_EXP":3.12,"MINCOL_VA":0.86,"MINCOL_EXP":0.07,"PETGAS_VA":0.18,"PETGAS_EXP":0.04,"MINORE_VA":0.06,"MINORE_EXP":0.01,"MINOTH_VA":41.84,"MINOTH_EXP":1.88,"MINSER_VA":0.05,"MINSER_EXP":0.01,"ALYBEB_VA":911.1,"ALYBEB_EXP":1247.12,"TEXYPR_VA":358.23,"TEXYPR_EXP":119.05,"MADYPR_VA":10.99,"MADYPR_EXP":15.43,"PAPYPR_VA":131.47,"PAPYPR_EXP":89.44,"PETREF_VA":23.73,"PETREF_EXP":6.0,"QUIMYP_VA":174.53,"QUIMYP_EXP":152.55,"FARMED_VA":20.33,"FARMED_EXP":36.38,"HUPLAS_VA":91.57,"HUPLAS_EXP":235.62,"PRNOMT_VA":71.99,"PRNOMT_EXP":62.96,"METBAS_VA":15.41,"METBAS_EXP":23.44,"NONFER_VA":9.75,"NONFER_EXP":27.11,"PRMETA_VA":36.25,"PRMETA_EXP":47.17,"ELCTRO_VA":14.88,"ELCTRO_EXP":20.8,"ELCTRI_VA":81.76,"ELCTRI_EXP":173.53,"MAQYEQ_VA":2.02,"MAQYEQ_EXP":3.07,"AUTOMO_VA":11.14,"AUTOMO_EXP":2.74,"OTRTRA_VA":0.42,"OTRTRA_EXP":0.21,"TRANSP_VA":0.43,"TRANSP_EXP":0.18,"OTRMAN_VA":178.2,"OTRMAN_EXP":185.25,"ELEGAS_VA":221.34,"ELEGAS_EXP":1.78,"AGUBAS_VA":70.62,"AGUBAS_EXP":0.23,"CONSTR_VA":406.21,"CONSTR_EXP":0.58,"COMREV_VA":2799.39,"COMREV_EXP":558.58,"TRATIE_VA":351.56,"TRATIE_EXP":122.37,"TRAGUA_VA":97.33,"TRAGUA_EXP":53.36,"TRAAIR_VA":14.88,"TRAAIR_EXP":27.46,"ALMSTR_VA":85.17,"ALMSTR_EXP":42.74,"POSTME_VA":10.18,"POSTME_EXP":2.47,"HOTYRE_VA":335.68,"HOTYRE_EXP":299.82,"MMTVRA_VA":101.4,"MMTVRA_EXP":21.29,"TELECO_VA":203.04,"TELECO_EXP":103.82,"ITSERV_VA":6.23,"ITSERV_EXP":1.85,"SERFIN_VA":373.88,"SERFIN_EXP":47.82,"GOBEST_VA":849.31,"GOBEST_EXP":34.93,"SPRSCT_VA":288.99,"SPRSCT_EXP":118.82,"SEAEMP_VA":142.8,"SEAEMP_EXP":66.62,"ADPDEF_VA":371.41,"ADPDEF_EXP":4.41,"EDUCAC_VA":554.99,"EDUCAC_EXP":17.92,"SALUDH_VA":790.47,"SALUDH_EXP":18.47,"ESPARC_VA":106.63,"ESPARC_EXP":54.86,"OTRSER_VA":86.44,"OTRSER_EXP":12.63,"SERHOG_VA":119.79,"SERHOG_EXP":0.0}},{"type":"Feature","geometry":{"type":"Point","coordinates":[33.43,35.13]},"properties":{"id":"CYP","name":"Chipre","continent":"europe","year":1997,"AGRPFO_VA":346.55,"AGRPFO_EXP":94.28,"FORLOG_VA":3.41,"FORLOG_EXP":1.6,"PESCAC_VA":19.7,"PESCAC_EXP":4.96,"MINCOL_VA":0.0,"MINCOL_EXP":0.0,"PETGAS_VA":6.13,"PETGAS_EXP":0.29,"MINORE_VA":4.6,"MINORE_EXP":4.47,"MINOTH_VA":12.26,"MINOTH_EXP":18.11,"MINSER_VA":0.07,"MINSER_EXP":0.05,"ALYBEB_VA":298.75,"ALYBEB_EXP":226.7,"TEXYPR_VA":121.0,"TEXYPR_EXP":90.18,"MADYPR_VA":57.8,"MADYPR_EXP":39.98,"PAPYPR_VA":54.76,"PAPYPR_EXP":35.53,"PETREF_VA":9.87,"PETREF_EXP":74.01,"QUIMYP_VA":31.62,"QUIMYP_EXP":42.76,"FARMED_VA":13.61,"FARMED_EXP":41.15,"HUPLAS_VA":27.4,"HUPLAS_EXP":19.52,"PRNOMT_VA":103.48,"PRNOMT_EXP":35.43,"METBAS_VA":1.18,"METBAS_EXP":1.17,"NONFER_VA":6.86,"NONFER_EXP":8.69,"PRMETA_VA":68.44,"PRMETA_EXP":13.3,"ELCTRO_VA":1.71,"ELCTRO_EXP":0.24,"ELCTRI_VA":7.44,"ELCTRI_EXP":10.26,"MAQYEQ_VA":18.24,"MAQYEQ_EXP":26.11,"AUTOMO_VA":7.62,"AUTOMO_EXP":4.78,"OTRTRA_VA":0.6,"OTRTRA_EXP":0.13,"TRANSP_VA":0.95,"TRANSP_EXP":0.09,"OTRMAN_VA":72.04,"OTRMAN_EXP":59.6,"ELEGAS_VA":127.58,"ELEGAS_EXP":0.69,"AGUBAS_VA":33.66,"AGUBAS_EXP":1.85,"CONSTR_VA":829.38,"CONSTR_EXP":6.97,"COMREV_VA":1046.72,"COMREV_EXP":265.13,"TRATIE_VA":88.79,"TRATIE_EXP":70.53,"TRAGUA_VA":545.73,"TRAGUA_EXP":509.04,"TRAAIR_VA":85.79,"TRAAIR_EXP":115.13,"ALMSTR_VA":165.34,"ALMSTR_EXP":437.4,"POSTME_VA":10.84,"POSTME_EXP":14.5,"HOTYRE_VA":691.24,"HOTYRE_EXP":849.1,"MMTVRA_VA":55.62,"MMTVRA_EXP":34.33,"TELECO_VA":182.67,"TELECO_EXP":105.4,"ITSERV_VA":30.08,"ITSERV_EXP":44.88,"SERFIN_VA":551.74,"SERFIN_EXP":317.37,"GOBEST_VA":580.05,"GOBEST_EXP":107.78,"SPRSCT_VA":526.81,"SPRSCT_EXP":638.26,"SEAEMP_VA":118.78,"SEAEMP_EXP":126.11,"ADPDEF_VA":861.5,"ADPDEF_EXP":1.39,"EDUCAC_VA":463.53,"EDUCAC_EXP":48.08,"SALUDH_VA":295.11,"SALUDH_EXP":36.8,"ESPARC_VA":113.55,"ESPARC_EXP":88.27,"OTRSER_VA":206.32,"OTRSER_EXP":38.52,"SERHOG_VA":37.96,"SERHOG_EXP":0.0}},{"type":"Feature","geometry":{"type":"Point","coordinates":[15.47,49.82]},"properties":{"id":"CZE","name":"Chequia","continent":"europe","year":1997,"AGRPFO_VA":1791.19,"AGRPFO_EXP":275.62,"FORLOG_VA":428.29,"FORLOG_EXP":137.51,"PESCAC_VA":25.04,"PESCAC_EXP":19.96,"MINCOL_VA":856.9,"MINCOL_EXP":362.68,"PETGAS_VA":14.74,"PETGAS_EXP":4.73,"MINORE_VA":50.98,"MINORE_EXP":4.1,"MINOTH_VA":128.34,"MINOTH_EXP":58.31,"MINSER_VA":26.44,"MINSER_EXP":5.88,"ALYBEB_VA":1855.17,"ALYBEB_EXP":1097.62,"TEXYPR_VA":883.3,"TEXYPR_EXP":952.76,"MADYPR_VA":439.49,"MADYPR_EXP":318.68,"PAPYPR_VA":501.28,"PAPYPR_EXP":382.58,"PETREF_VA":473.03,"PETREF_EXP":327.44,"QUIMYP_VA":829.05,"QUIMYP_EXP":1121.89,"FARMED_VA":310.15,"FARMED_EXP":178.44,"HUPLAS_VA":615.26,"HUPLAS_EXP":493.48,"PRNOMT_VA":1152.19,"PRNOMT_EXP":830.22,"METBAS_VA":1222.37,"METBAS_EXP":902.69,"NONFER_VA":220.65,"NONFER_EXP":283.86,"PRMETA_VA":1470.73,"PRMETA_EXP":989.89,"ELCTRO_VA":492.23,"ELCTRO_EXP":281.17,"ELCTRI_VA":660.34,"ELCTRI_EXP":723.29,"MAQYEQ_VA":1496.42,"MAQYEQ_EXP":1426.33,"AUTOMO_VA":1519.83,"AUTOMO_EXP":2023.53,"OTRTRA_VA":1.28,"OTRTRA_EXP":3.32,"TRANSP_VA":178.23,"TRANSP_EXP":150.32,"OTRMAN_VA":1068.95,"OTRMAN_EXP":528.53,"ELEGAS_VA":1947.48,"ELEGAS_EXP":143.9,"AGUBAS_VA":615.89,"AGUBAS_EXP":40.35,"CONSTR_VA":4408.1,"CONSTR_EXP":76.05,"COMREV_VA":6077.1,"COMREV_EXP":1992.93,"TRATIE_VA":2693.5,"TRATIE_EXP":1656.19,"TRAGUA_VA":53.96,"TRAGUA_EXP":27.3,"TRAAIR_VA":190.55,"TRAAIR_EXP":388.46,"ALMSTR_VA":943.63,"ALMSTR_EXP":307.07,"POSTME_VA":247.03,"POSTME_EXP":53.62,"HOTYRE_VA":2069.89,"HOTYRE_EXP":934.17,"MMTVRA_VA":509.87,"MMTVRA_EXP":390.57,"TELECO_VA":1113.81,"TELECO_EXP":222.39,"ITSERV_VA":624.68,"ITSERV_EXP":146.23,"SERFIN_VA":1823.86,"SERFIN_EXP":713.26,"GOBEST_VA":3823.82,"GOBEST_EXP":191.37,"SPRSCT_VA":2314.37,"SPRSCT_EXP":1442.31,"SEAEMP_VA":1080.98,"SEAEMP_EXP":644.11,"ADPDEF_VA":4004.55,"ADPDEF_EXP":50.45,"EDUCAC_VA":2255.24,"EDUCAC_EXP":75.74,"SALUDH_VA":2044.25,"SALUDH_EXP":70.76,"ESPARC_VA":614.63,"ESPARC_EXP":341.03,"OTRSER_VA":838.72,"OTRSER_EXP":73.4,"SERHOG_VA":17.46,"SERHOG_EXP":0.0}},{"type":"Feature","geometry":{"type":"Point","coordinates":[10.45,51.17]},"properties":{"id":"DEU","name":"Alemania","continent":"europe","year":1997,"AGRPFO_VA":21215.76,"AGRPFO_EXP":2607.0,"FORLOG_VA":2572.3,"FORLOG_EXP":229.27,"PESCAC_VA":197.23,"PESCAC_EXP":154.06,"MINCOL_VA":3297.98,"MINCOL_EXP":302.41,"PETGAS_VA":674.99,"PETGAS_EXP":153.97,"MINORE_VA":0.0,"MINORE_EXP":0.0,"MINOTH_VA":1837.4,"MINOTH_EXP":753.16,"MINSER_VA":280.48,"MINSER_EXP":145.38,"ALYBEB_VA":37678.44,"ALYBEB_EXP":15055.35,"TEXYPR_VA":11277.73,"TEXYPR_EXP":10855.67,"MADYPR_VA":8597.31,"MADYPR_EXP":2031.43,"PAPYPR_VA":22610.53,"PAPYPR_EXP":10052.9,"PETREF_VA":3911.5,"PETREF_EXP":3057.97,"QUIMYP_VA":38024.4,"QUIMYP_EXP":41627.27,"FARMED_VA":11819.21,"FARMED_EXP":7314.47,"HUPLAS_VA":22581.4,"HUPLAS_EXP":8752.27,"PRNOMT_VA":18839.43,"PRNOMT_EXP":5266.82,"METBAS_VA":12407.79,"METBAS_EXP":14322.83,"NONFER_VA":5985.21,"NONFER_EXP":9476.77,"PRMETA_VA":37868.71,"PRMETA_EXP":14183.52,"ELCTRO_VA":26194.23,"ELCTRO_EXP":27592.3,"ELCTRI_VA":35261.28,"ELCTRI_EXP":26604.62,"MAQYEQ_VA":63036.08,"MAQYEQ_EXP":56985.48,"AUTOMO_VA":62683.75,"AUTOMO_EXP":78956.28,"OTRTRA_VA":1302.31,"OTRTRA_EXP":1184.79,"TRANSP_VA":4779.3,"TRANSP_EXP":5608.61,"OTRMAN_VA":29545.36,"OTRMAN_EXP":7637.96,"ELEGAS_VA":37568.13,"ELEGAS_EXP":1020.17,"AGUBAS_VA":20007.2,"AGUBAS_EXP":334.18,"CONSTR_VA":123061.22,"CONSTR_EXP":593.81,"COMREV_VA":206599.21,"COMREV_EXP":59290.15,"TRATIE_VA":38078.17,"TRATIE_EXP":10922.84,"TRAGUA_VA":5443.08,"TRAGUA_EXP":7167.73,"TRAAIR_VA":6612.14,"TRAAIR_EXP":7808.05,"ALMSTR_VA":22874.55,"ALMSTR_EXP":4011.44,"POSTME_VA":13840.34,"POSTME_EXP":574.93,"HOTYRE_VA":30848.26,"HOTYRE_EXP":2912.28,"MMTVRA_VA":27878.52,"MMTVRA_EXP":3792.23,"TELECO_VA":33136.73,"TELECO_EXP":1140.95,"ITSERV_VA":24093.8,"ITSERV_EXP":11682.86,"SERFIN_VA":97466.07,"SERFIN_EXP":11155.04,"GOBEST_VA":222613.1,"GOBEST_EXP":7036.81,"SPRSCT_VA":131804.26,"SPRSCT_EXP":16196.2,"SEAEMP_VA":71708.9,"SEAEMP_EXP":4132.69,"ADPDEF_VA":137714.06,"ADPDEF_EXP":0.0,"EDUCAC_VA":90487.31,"EDUCAC_EXP":367.0,"SALUDH_VA":137592.15,"SALUDH_EXP":276.58,"ESPARC_VA":24413.63,"ESPARC_EXP":821.45,"OTRSER_VA":53263.22,"OTRSER_EXP":267.5,"SERHOG_VA":5473.09,"SERHOG_EXP":0.0}},{"type":"Feature","geometry":{"type":"Point","coordinates":[9.5,56.26]},"properties":{"id":"DNK","name":"Dinamarca","continent":"europe","year":1997,"AGRPFO_VA":4201.11,"AGRPFO_EXP":1309.68,"FORLOG_VA":94.36,"FORLOG_EXP":69.59,"PESCAC_VA":406.71,"PESCAC_EXP":301.35,"MINCOL_VA":0.0,"MINCOL_EXP":0.0,"PETGAS_VA":1868.43,"PETGAS_EXP":871.02,"MINORE_VA":0.0,"MINORE_EXP":0.0,"MINOTH_VA":174.09,"MINOTH_EXP":62.31,"MINSER_VA":38.51,"MINSER_EXP":19.29,"ALYBEB_VA":4130.21,"ALYBEB_EXP":7315.34,"TEXYPR_VA":842.12,"TEXYPR_EXP":1383.79,"MADYPR_VA":771.94,"MADYPR_EXP":636.41,"PAPYPR_VA":1679.65,"PAPYPR_EXP":593.59,"PETREF_VA":173.13,"PETREF_EXP":548.08,"QUIMYP_VA":1527.41,"QUIMYP_EXP":1305.34,"FARMED_VA":1741.78,"FARMED_EXP":1972.54,"HUPLAS_VA":1314.79,"HUPLAS_EXP":1192.75,"PRNOMT_VA":1328.34,"PRNOMT_EXP":506.23,"METBAS_VA":436.95,"METBAS_EXP":552.62,"NONFER_VA":190.71,"NONFER_EXP":291.4,"PRMETA_VA":2102.92,"PRMETA_EXP":1114.76,"ELCTRO_VA":1641.94,"ELCTRO_EXP":2564.52,"ELCTRI_VA":958.3,"ELCTRI_EXP":1141.77,"MAQYEQ_VA":4072.52,"MAQYEQ_EXP":4820.03,"AUTOMO_VA":458.05,"AUTOMO_EXP":445.87,"OTRTRA_VA":276.53,"OTRTRA_EXP":364.55,"TRANSP_VA":115.09,"TRANSP_EXP":176.43,"OTRMAN_VA":2410.01,"OTRMAN_EXP":2384.63,"ELEGAS_VA":3565.48,"ELEGAS_EXP":654.39,"AGUBAS_VA":1173.02,"AGUBAS_EXP":1.96,"CONSTR_VA":7623.6,"CONSTR_EXP":0.19,"COMREV_VA":20127.78,"COMREV_EXP":7979.99,"TRATIE_VA":4181.47,"TRATIE_EXP":2104.98,"TRAGUA_VA":2328.11,"TRAGUA_EXP":6781.28,"TRAAIR_VA":662.99,"TRAAIR_EXP":1267.09,"ALMSTR_VA":1519.2,"ALMSTR_EXP":613.23,"POSTME_VA":1303.57,"POSTME_EXP":180.69,"HOTYRE_VA":2395.19,"HOTYRE_EXP":687.29,"MMTVRA_VA":2026.89,"MMTVRA_EXP":237.88,"TELECO_VA":2292.64,"TELECO_EXP":335.6,"ITSERV_VA":1817.83,"ITSERV_EXP":142.35,"SERFIN_VA":7197.82,"SERFIN_EXP":883.7,"GOBEST_VA":13536.67,"GOBEST_EXP":200.98,"SPRSCT_VA":7331.36,"SPRSCT_EXP":1292.64,"SEAEMP_VA":2881.36,"SEAEMP_EXP":653.05,"ADPDEF_VA":9965.31,"ADPDEF_EXP":11.5,"EDUCAC_VA":8769.42,"EDUCAC_EXP":25.26,"SALUDH_VA":15330.15,"SALUDH_EXP":90.17,"ESPARC_VA":2353.29,"ESPARC_EXP":206.11,"OTRSER_VA":2662.61,"OTRSER_EXP":70.09,"SERHOG_VA":245.17,"SERHOG_EXP":0.0}},{"type":"Feature","geometry":{"type":"Point","coordinates":[30.8,26.82]},"properties":{"id":"EGY","name":"Egipto","continent":"other","year":1997,"AGRPFO_VA":7729.3,"AGRPFO_EXP":367.98,"FORLOG_VA":1.18,"FORLOG_EXP":0.12,"PESCAC_VA":735.01,"PESCAC_EXP":4.23,"MINCOL_VA":79.31,"MINCOL_EXP":24.25,"PETGAS_VA":9788.87,"PETGAS_EXP":1534.99,"MINORE_VA":104.64,"MINORE_EXP":0.81,"MINOTH_VA":491.79,"MINOTH_EXP":140.01,"MINSER_VA":197.65,"MINSER_EXP":16.04,"ALYBEB_VA":2688.62,"ALYBEB_EXP":376.19,"TEXYPR_VA":1058.52,"TEXYPR_EXP":348.73,"MADYPR_VA":442.41,"MADYPR_EXP":8.67,"PAPYPR_VA":661.21,"PAPYPR_EXP":61.38,"PETREF_VA":1611.9,"PETREF_EXP":598.69,"QUIMYP_VA":1571.54,"QUIMYP_EXP":396.29,"FARMED_VA":382.92,"FARMED_EXP":50.52,"HUPLAS_VA":202.73,"HUPLAS_EXP":70.13,"PRNOMT_VA":1181.71,"PRNOMT_EXP":124.58,"METBAS_VA":556.14,"METBAS_EXP":194.71,"NONFER_VA":602.64,"NONFER_EXP":286.11,"PRMETA_VA":493.56,"PRMETA_EXP":41.23,"ELCTRO_VA":76.36,"ELCTRO_EXP":21.8,"ELCTRI_VA":359.13,"ELCTRI_EXP":105.35,"MAQYEQ_VA":83.01,"MAQYEQ_EXP":36.41,"AUTOMO_VA":202.75,"AUTOMO_EXP":20.12,"OTRTRA_VA":9.69,"OTRTRA_EXP":0.22,"TRANSP_VA":25.91,"TRANSP_EXP":0.24,"OTRMAN_VA":667.81,"OTRMAN_EXP":118.52,"ELEGAS_VA":693.82,"ELEGAS_EXP":28.14,"AGUBAS_VA":439.56,"AGUBAS_EXP":3.5,"CONSTR_VA":3835.43,"CONSTR_EXP":5.6,"COMREV_VA":7105.28,"COMREV_EXP":509.77,"TRATIE_VA":1958.62,"TRATIE_EXP":1081.51,"TRAGUA_VA":1781.46,"TRAGUA_EXP":1936.86,"TRAAIR_VA":703.6,"TRAAIR_EXP":592.82,"ALMSTR_VA":2206.2,"ALMSTR_EXP":828.43,"POSTME_VA":83.36,"POSTME_EXP":45.35,"HOTYRE_VA":2320.19,"HOTYRE_EXP":1646.22,"MMTVRA_VA":304.12,"MMTVRA_EXP":82.6,"TELECO_VA":1877.39,"TELECO_EXP":108.81,"ITSERV_VA":223.42,"ITSERV_EXP":52.16,"SERFIN_VA":3596.32,"SERFIN_EXP":201.36,"GOBEST_VA":5336.63,"GOBEST_EXP":153.22,"SPRSCT_VA":1703.94,"SPRSCT_EXP":289.23,"SEAEMP_VA":966.19,"SEAEMP_EXP":519.5,"ADPDEF_VA":3050.79,"ADPDEF_EXP":245.63,"EDUCAC_VA":3073.66,"EDUCAC_EXP":116.1,"SALUDH_VA":1562.91,"SALUDH_EXP":41.77,"ESPARC_VA":745.46,"ESPARC_EXP":60.57,"OTRSER_VA":1233.98,"OTRSER_EXP":50.29,"SERHOG_VA":47.85,"SERHOG_EXP":0.0}},{"type":"Feature","geometry":{"type":"Point","coordinates":[-3.75,40.46]},"properties":{"id":"ESP","name":"España","continent":"europe","year":1997,"AGRPFO_VA":22765.64,"AGRPFO_EXP":6260.26,"FORLOG_VA":1093.97,"FORLOG_EXP":119.96,"PESCAC_VA":1704.72,"PESCAC_EXP":128.9,"MINCOL_VA":888.88,"MINCOL_EXP":2.59,"PETGAS_VA":34.56,"PETGAS_EXP":2.54,"MINORE_VA":137.84,"MINORE_EXP":69.19,"MINOTH_VA":1088.05,"MINOTH_EXP":412.79,"MINSER_VA":45.96,"MINSER_EXP":71.09,"ALYBEB_VA":15128.41,"ALYBEB_EXP":8680.57,"TEXYPR_VA":8178.68,"TEXYPR_EXP":5759.41,"MADYPR_VA":2434.99,"MADYPR_EXP":694.16,"PAPYPR_VA":5958.9,"PAPYPR_EXP":1858.87,"PETREF_VA":2528.04,"PETREF_EXP":2750.02,"QUIMYP_VA":6443.67,"QUIMYP_EXP":7174.61,"FARMED_VA":3304.84,"FARMED_EXP":1428.0,"HUPLAS_VA":4695.24,"HUPLAS_EXP":2987.15,"PRNOMT_VA":7622.74,"PRNOMT_EXP":3061.8,"METBAS_VA":3697.31,"METBAS_EXP":3261.5,"NONFER_VA":1395.98,"NONFER_EXP":1872.91,"PRMETA_VA":8460.38,"PRMETA_EXP":3248.65,"ELCTRO_VA":3294.71,"ELCTRO_EXP":4453.33,"ELCTRI_VA":3865.22,"ELCTRI_EXP":3259.87,"MAQYEQ_VA":5013.99,"MAQYEQ_EXP":6199.24,"AUTOMO_VA":10648.36,"AUTOMO_EXP":20469.7,"OTRTRA_VA":638.75,"OTRTRA_EXP":260.21,"TRANSP_VA":1748.37,"TRANSP_EXP":2451.49,"OTRMAN_VA":6280.88,"OTRMAN_EXP":2964.37,"ELEGAS_VA":12613.98,"ELEGAS_EXP":185.64,"AGUBAS_VA":4387.03,"AGUBAS_EXP":123.29,"CONSTR_VA":49151.45,"CONSTR_EXP":186.51,"COMREV_VA":66166.39,"COMREV_EXP":14726.87,"TRATIE_VA":17919.97,"TRATIE_EXP":5971.46,"TRAGUA_VA":813.3,"TRAGUA_EXP":619.71,"TRAAIR_VA":2460.76,"TRAAIR_EXP":4530.87,"ALMSTR_VA":5600.58,"ALMSTR_EXP":2853.58,"POSTME_VA":1719.1,"POSTME_EXP":89.67,"HOTYRE_VA":39105.71,"HOTYRE_EXP":6040.85,"MMTVRA_VA":6672.89,"MMTVRA_EXP":1392.63,"TELECO_VA":12375.73,"TELECO_EXP":990.33,"ITSERV_VA":3934.05,"ITSERV_EXP":1751.97,"SERFIN_VA":25834.69,"SERFIN_EXP":2065.74,"GOBEST_VA":31324.77,"GOBEST_EXP":1109.63,"SPRSCT_VA":18837.61,"SPRSCT_EXP":4646.01,"SEAEMP_VA":13729.45,"SEAEMP_EXP":1722.29,"ADPDEF_VA":33547.02,"ADPDEF_EXP":435.83,"EDUCAC_VA":28567.44,"EDUCAC_EXP":576.13,"SALUDH_VA":27083.97,"SALUDH_EXP":421.06,"ESPARC_VA":8445.29,"ESPARC_EXP":1236.97,"OTRSER_VA":8366.72,"OTRSER_EXP":389.81,"SERHOG_VA":5455.08,"SERHOG_EXP":0.0}},{"type":"Feature","geometry":{"type":"Point","coordinates":[25.01,58.6]},"properties":{"id":"EST","name":"Estonia","continent":"europe","year":1997,"AGRPFO_VA":134.59,"AGRPFO_EXP":23.35,"FORLOG_VA":59.42,"FORLOG_EXP":87.89,"PESCAC_VA":26.61,"PESCAC_EXP":12.45,"MINCOL_VA":4.14,"MINCOL_EXP":1.56,"PETGAS_VA":42.26,"PETGAS_EXP":6.03,"MINORE_VA":0.0,"MINORE_EXP":0.0,"MINOTH_VA":9.82,"MINOTH_EXP":2.94,"MINSER_VA":35.47,"MINSER_EXP":0.19,"ALYBEB_VA":212.69,"ALYBEB_EXP":268.01,"TEXYPR_VA":120.29,"TEXYPR_EXP":259.28,"MADYPR_VA":98.39,"MADYPR_EXP":184.13,"PAPYPR_VA":37.21,"PAPYPR_EXP":34.31,"PETREF_VA":1.62,"PETREF_EXP":1.01,"QUIMYP_VA":62.77,"QUIMYP_EXP":102.29,"FARMED_VA":6.91,"FARMED_EXP":9.96,"HUPLAS_VA":21.38,"HUPLAS_EXP":33.28,"PRNOMT_VA":49.38,"PRNOMT_EXP":54.96,"METBAS_VA":0.06,"METBAS_EXP":0.04,"NONFER_VA":0.66,"NONFER_EXP":1.35,"PRMETA_VA":59.13,"PRMETA_EXP":84.7,"ELCTRO_VA":24.55,"ELCTRO_EXP":43.6,"ELCTRI_VA":20.71,"ELCTRI_EXP":28.37,"MAQYEQ_VA":25.19,"MAQYEQ_EXP":31.97,"AUTOMO_VA":26.33,"AUTOMO_EXP":8.75,"OTRTRA_VA":0.93,"OTRTRA_EXP":1.69,"TRANSP_VA":0.14,"TRANSP_EXP":0.11,"OTRMAN_VA":130.51,"OTRMAN_EXP":204.02,"ELEGAS_VA":123.84,"ELEGAS_EXP":30.4,"AGUBAS_VA":48.01,"AGUBAS_EXP":2.07,"CONSTR_VA":291.57,"CONSTR_EXP":12.86,"COMREV_VA":580.54,"COMREV_EXP":309.36,"TRATIE_VA":213.37,"TRATIE_EXP":175.39,"TRAGUA_VA":58.72,"TRAGUA_EXP":193.88,"TRAAIR_VA":8.24,"TRAAIR_EXP":45.54,"ALMSTR_VA":169.67,"ALMSTR_EXP":337.12,"POSTME_VA":15.04,"POSTME_EXP":14.08,"HOTYRE_VA":73.28,"HOTYRE_EXP":136.55,"MMTVRA_VA":62.01,"MMTVRA_EXP":12.13,"TELECO_VA":110.67,"TELECO_EXP":17.45,"ITSERV_VA":26.64,"ITSERV_EXP":12.46,"SERFIN_VA":144.9,"SERFIN_EXP":28.82,"GOBEST_VA":561.56,"GOBEST_EXP":26.52,"SPRSCT_VA":156.68,"SPRSCT_EXP":63.43,"SEAEMP_VA":69.54,"SEAEMP_EXP":22.09,"ADPDEF_VA":293.57,"ADPDEF_EXP":14.73,"EDUCAC_VA":249.44,"EDUCAC_EXP":12.12,"SALUDH_VA":156.43,"SALUDH_EXP":8.22,"ESPARC_VA":70.27,"ESPARC_EXP":16.8,"OTRSER_VA":55.92,"OTRSER_EXP":6.49,"SERHOG_VA":2.42,"SERHOG_EXP":0.0}},{"type":"Feature","geometry":{"type":"Point","coordinates":[25.75,61.92]},"properties":{"id":"FIN","name":"Finlandia","continent":"europe","year":1997,"AGRPFO_VA":1945.43,"AGRPFO_EXP":437.79,"FORLOG_VA":2286.71,"FORLOG_EXP":52.99,"PESCAC_VA":113.96,"PESCAC_EXP":5.19,"MINCOL_VA":119.64,"MINCOL_EXP":10.72,"PETGAS_VA":0.0,"PETGAS_EXP":0.0,"MINORE_VA":44.52,"MINORE_EXP":27.18,"MINOTH_VA":328.23,"MINOTH_EXP":83.82,"MINSER_VA":1.12,"MINSER_EXP":0.86,"ALYBEB_VA":2355.96,"ALYBEB_EXP":1116.95,"TEXYPR_VA":757.67,"TEXYPR_EXP":742.84,"MADYPR_VA":1608.93,"MADYPR_EXP":2425.54,"PAPYPR_VA":5161.55,"PAPYPR_EXP":7527.97,"PETREF_VA":462.6,"PETREF_EXP":642.4,"QUIMYP_VA":1504.61,"QUIMYP_EXP":1794.68,"FARMED_VA":413.15,"FARMED_EXP":162.22,"HUPLAS_VA":900.59,"HUPLAS_EXP":741.49,"PRNOMT_VA":859.41,"PRNOMT_EXP":428.59,"METBAS_VA":1007.17,"METBAS_EXP":1706.5,"NONFER_VA":409.9,"NONFER_EXP":1036.58,"PRMETA_VA":1802.86,"PRMETA_EXP":1289.77,"ELCTRO_VA":4403.01,"ELCTRO_EXP":6155.65,"ELCTRI_VA":1121.11,"ELCTRI_EXP":1395.62,"MAQYEQ_VA":3049.04,"MAQYEQ_EXP":4041.27,"AUTOMO_VA":425.27,"AUTOMO_EXP":423.8,"OTRTRA_VA":484.61,"OTRTRA_EXP":843.81,"TRANSP_VA":162.63,"TRANSP_EXP":270.61,"OTRMAN_VA":1962.85,"OTRMAN_EXP":785.42,"ELEGAS_VA":2433.91,"ELEGAS_EXP":115.82,"AGUBAS_VA":769.59,"AGUBAS_EXP":14.81,"CONSTR_VA":6223.84,"CONSTR_EXP":22.59,"COMREV_VA":11386.92,"COMREV_EXP":4867.89,"TRATIE_VA":3992.04,"TRATIE_EXP":538.31,"TRAGUA_VA":709.11,"TRAGUA_EXP":1409.81,"TRAAIR_VA":666.01,"TRAAIR_EXP":785.41,"ALMSTR_VA":1548.65,"ALMSTR_EXP":450.71,"POSTME_VA":901.64,"POSTME_EXP":120.77,"HOTYRE_VA":1624.89,"HOTYRE_EXP":400.17,"MMTVRA_VA":1587.14,"MMTVRA_EXP":379.5,"TELECO_VA":1530.55,"TELECO_EXP":65.26,"ITSERV_VA":1204.42,"ITSERV_EXP":656.16,"SERFIN_VA":4037.14,"SERFIN_EXP":275.24,"GOBEST_VA":10694.24,"GOBEST_EXP":103.53,"SPRSCT_VA":4256.35,"SPRSCT_EXP":758.63,"SEAEMP_VA":1966.48,"SEAEMP_EXP":227.03,"ADPDEF_VA":7385.19,"ADPDEF_EXP":57.07,"EDUCAC_VA":6041.73,"EDUCAC_EXP":49.47,"SALUDH_VA":9005.94,"SALUDH_EXP":31.93,"ESPARC_VA":1273.05,"ESPARC_EXP":72.45,"OTRSER_VA":1744.36,"OTRSER_EXP":33.15,"SERHOG_VA":53.79,"SERHOG_EXP":0.0}},{"type":"Feature","geometry":{"type":"Point","coordinates":[2.21,46.23]},"properties":{"id":"FRA","name":"Francia","continent":"europe","year":1997,"AGRPFO_VA":29907.85,"AGRPFO_EXP":8690.78,"FORLOG_VA":2871.44,"FORLOG_EXP":95.7,"PESCAC_VA":1323.29,"PESCAC_EXP":395.74,"MINCOL_VA":221.3,"MINCOL_EXP":3.69,"PETGAS_VA":188.36,"PETGAS_EXP":19.24,"MINORE_VA":11.75,"MINORE_EXP":4.47,"MINOTH_VA":1726.07,"MINOTH_EXP":452.54,"MINSER_VA":11.75,"MINSER_EXP":46.59,"ALYBEB_VA":32536.64,"ALYBEB_EXP":22116.35,"TEXYPR_VA":11416.43,"TEXYPR_EXP":10684.98,"MADYPR_VA":3691.61,"MADYPR_EXP":1418.03,"PAPYPR_VA":11918.9,"PAPYPR_EXP":4892.25,"PETREF_VA":2787.86,"PETREF_EXP":4152.03,"QUIMYP_VA":13844.95,"QUIMYP_EXP":22597.83,"FARMED_VA":9153.3,"FARMED_EXP":5721.69,"HUPLAS_VA":11974.8,"HUPLAS_EXP":6968.74,"PRNOMT_VA":8814.95,"PRNOMT_EXP":3970.71,"METBAS_VA":4307.14,"METBAS_EXP":8638.84,"NONFER_VA":4111.83,"NONFER_EXP":4954.47,"PRMETA_VA":19804.21,"PRMETA_EXP":4934.19,"ELCTRO_VA":12970.96,"ELCTRO_EXP":22845.66,"ELCTRI_VA":9915.71,"ELCTRI_EXP":10002.38,"MAQYEQ_VA":13610.1,"MAQYEQ_EXP":21795.21,"AUTOMO_VA":15983.0,"AUTOMO_EXP":29960.2,"OTRTRA_VA":788.45,"OTRTRA_EXP":1099.36,"TRANSP_VA":9000.26,"TRANSP_EXP":14022.38,"OTRMAN_VA":26141.3,"OTRMAN_EXP":4718.13,"ELEGAS_VA":28809.76,"ELEGAS_EXP":3046.08,"AGUBAS_VA":7147.49,"AGUBAS_EXP":665.35,"CONSTR_VA":65532.63,"CONSTR_EXP":135.54,"COMREV_VA":150513.95,"COMREV_EXP":47321.2,"TRATIE_VA":26510.74,"TRATIE_EXP":8032.1,"TRAGUA_VA":857.13,"TRAGUA_EXP":4191.5,"TRAAIR_VA":2868.17,"TRAAIR_EXP":9797.53,"ALMSTR_VA":20029.52,"ALMSTR_EXP":2979.13,"POSTME_VA":7945.79,"POSTME_EXP":421.93,"HOTYRE_VA":26655.06,"HOTYRE_EXP":11229.02,"MMTVRA_VA":16784.68,"MMTVRA_EXP":2974.31,"TELECO_VA":22941.98,"TELECO_EXP":759.08,"ITSERV_VA":28734.39,"ITSERV_EXP":784.08,"SERFIN_VA":50838.31,"SERFIN_EXP":5470.09,"GOBEST_VA":156028.31,"GOBEST_EXP":1743.24,"SPRSCT_VA":84152.98,"SPRSCT_EXP":12818.69,"SEAEMP_VA":64913.05,"SEAEMP_EXP":12063.14,"ADPDEF_VA":114795.19,"ADPDEF_EXP":1542.02,"EDUCAC_VA":72085.01,"EDUCAC_EXP":947.78,"SALUDH_VA":97661.56,"SALUDH_EXP":740.68,"ESPARC_VA":12875.53,"ESPARC_EXP":1502.78,"OTRSER_VA":21428.64,"OTRSER_EXP":565.24,"SERHOG_VA":3206.65,"SERHOG_EXP":0.0}},{"type":"Feature","geometry":{"type":"Point","coordinates":[-3.44,55.38]},"properties":{"id":"GBR","name":"Reino Unido","continent":"europe","year":1997,"AGRPFO_VA":13833.96,"AGRPFO_EXP":1894.24,"FORLOG_VA":443.05,"FORLOG_EXP":44.64,"PESCAC_VA":627.84,"PESCAC_EXP":381.24,"MINCOL_VA":1213.96,"MINCOL_EXP":89.31,"PETGAS_VA":21448.03,"PETGAS_EXP":10487.51,"MINORE_VA":0.0,"MINORE_EXP":0.0,"MINOTH_VA":1951.93,"MINOTH_EXP":2732.05,"MINSER_VA":3152.03,"MINSER_EXP":499.07,"ALYBEB_VA":35786.96,"ALYBEB_EXP":14489.91,"TEXYPR_VA":13803.49,"TEXYPR_EXP":7348.53,"MADYPR_VA":3460.08,"MADYPR_EXP":593.47,"PAPYPR_VA":13335.37,"PAPYPR_EXP":3879.71,"PETREF_VA":2099.3,"PETREF_EXP":4109.83,"QUIMYP_VA":19621.86,"QUIMYP_EXP":20426.62,"FARMED_VA":11056.96,"FARMED_EXP":6070.27,"HUPLAS_VA":11616.82,"HUPLAS_EXP":5737.87,"PRNOMT_VA":8246.24,"PRNOMT_EXP":2930.54,"METBAS_VA":3835.78,"METBAS_EXP":5251.01,"NONFER_VA":4335.28,"NONFER_EXP":4474.15,"PRMETA_VA":19648.31,"PRMETA_EXP":7417.96,"ELCTRO_VA":18269.7,"ELCTRO_EXP":25381.32,"ELCTRI_VA":8933.37,"ELCTRI_EXP":6574.9,"MAQYEQ_VA":19663.7,"MAQYEQ_EXP":20658.88,"AUTOMO_VA":15755.55,"AUTOMO_EXP":19132.12,"OTRTRA_VA":1827.61,"OTRTRA_EXP":773.02,"TRANSP_VA":9295.98,"TRANSP_EXP":12602.81,"OTRMAN_VA":20663.27,"OTRMAN_EXP":9047.37,"ELEGAS_VA":19135.75,"ELEGAS_EXP":126.15,"AGUBAS_VA":19897.26,"AGUBAS_EXP":136.54,"CONSTR_VA":71464.66,"CONSTR_EXP":187.84,"COMREV_VA":173711.11,"COMREV_EXP":40888.32,"TRATIE_VA":27484.46,"TRATIE_EXP":4960.26,"TRAGUA_VA":4227.95,"TRAGUA_EXP":5835.79,"TRAAIR_VA":6570.97,"TRAAIR_EXP":7989.76,"ALMSTR_VA":14817.94,"ALMSTR_EXP":3033.06,"POSTME_VA":11895.48,"POSTME_EXP":662.24,"HOTYRE_VA":36859.13,"HOTYRE_EXP":5539.77,"MMTVRA_VA":25764.73,"MMTVRA_EXP":8592.39,"TELECO_VA":26056.56,"TELECO_EXP":3019.57,"ITSERV_VA":23135.56,"ITSERV_EXP":4252.13,"SERFIN_VA":104637.8,"SERFIN_EXP":35443.09,"GOBEST_VA":206783.97,"GOBEST_EXP":1314.11,"SPRSCT_VA":75251.92,"SPRSCT_EXP":17632.78,"SEAEMP_VA":54647.71,"SEAEMP_EXP":10984.53,"ADPDEF_VA":75726.14,"ADPDEF_EXP":0.49,"EDUCAC_VA":69312.77,"EDUCAC_EXP":3600.66,"SALUDH_VA":76360.78,"SALUDH_EXP":182.87,"ESPARC_VA":16999.44,"ESPARC_EXP":3159.16,"OTRSER_VA":20922.96,"OTRSER_EXP":409.35,"SERHOG_VA":2332.08,"SERHOG_EXP":0.0}},{"type":"Feature","geometry":{"type":"Point","coordinates":[21.82,39.07]},"properties":{"id":"GRC","name":"Grecia","continent":"europe","year":1997,"AGRPFO_VA":8183.03,"AGRPFO_EXP":1072.05,"FORLOG_VA":65.56,"FORLOG_EXP":4.11,"PESCAC_VA":368.26,"PESCAC_EXP":192.28,"MINCOL_VA":34.97,"MINCOL_EXP":1.51,"PETGAS_VA":4.28,"PETGAS_EXP":11.88,"MINORE_VA":55.09,"MINORE_EXP":36.83,"MINOTH_VA":517.55,"MINOTH_EXP":92.17,"MINSER_VA":12.7,"MINSER_EXP":5.74,"ALYBEB_VA":3315.98,"ALYBEB_EXP":1451.39,"TEXYPR_VA":1824.73,"TEXYPR_EXP":1375.42,"MADYPR_VA":492.24,"MADYPR_EXP":98.3,"PAPYPR_VA":1185.56,"PAPYPR_EXP":152.04,"PETREF_VA":365.66,"PETREF_EXP":1262.32,"QUIMYP_VA":875.98,"QUIMYP_EXP":530.42,"FARMED_VA":890.97,"FARMED_EXP":182.47,"HUPLAS_VA":356.82,"HUPLAS_EXP":209.32,"PRNOMT_VA":1349.54,"PRNOMT_EXP":282.4,"METBAS_VA":400.44,"METBAS_EXP":384.24,"NONFER_VA":286.21,"NONFER_EXP":534.34,"PRMETA_VA":672.85,"PRMETA_EXP":159.43,"ELCTRO_VA":171.24,"ELCTRO_EXP":190.95,"ELCTRI_VA":297.36,"ELCTRI_EXP":191.11,"MAQYEQ_VA":387.86,"MAQYEQ_EXP":291.85,"AUTOMO_VA":114.32,"AUTOMO_EXP":76.49,"OTRTRA_VA":168.87,"OTRTRA_EXP":81.06,"TRANSP_VA":84.23,"TRANSP_EXP":69.33,"OTRMAN_VA":1024.83,"OTRMAN_EXP":352.61,"ELEGAS_VA":2364.8,"ELEGAS_EXP":19.36,"AGUBAS_VA":1571.99,"AGUBAS_EXP":2.76,"CONSTR_VA":8308.34,"CONSTR_EXP":2.6,"COMREV_VA":21610.23,"COMREV_EXP":3305.28,"TRATIE_VA":2725.66,"TRATIE_EXP":766.82,"TRAGUA_VA":1733.04,"TRAGUA_EXP":1955.49,"TRAAIR_VA":373.11,"TRAAIR_EXP":394.03,"ALMSTR_VA":1241.97,"ALMSTR_EXP":219.86,"POSTME_VA":472.84,"POSTME_EXP":11.89,"HOTYRE_VA":6680.19,"HOTYRE_EXP":3121.42,"MMTVRA_VA":980.06,"MMTVRA_EXP":97.31,"TELECO_VA":2669.35,"TELECO_EXP":142.61,"ITSERV_VA":382.11,"ITSERV_EXP":24.26,"SERFIN_VA":8265.43,"SERFIN_EXP":229.83,"GOBEST_VA":17118.82,"GOBEST_EXP":339.79,"SPRSCT_VA":5756.82,"SPRSCT_EXP":149.12,"SEAEMP_VA":2050.67,"SEAEMP_EXP":247.54,"ADPDEF_VA":10523.68,"ADPDEF_EXP":6.55,"EDUCAC_VA":5508.6,"EDUCAC_EXP":154.1,"SALUDH_VA":4341.99,"SALUDH_EXP":118.8,"ESPARC_VA":1625.55,"ESPARC_EXP":254.49,"OTRSER_VA":1466.27,"OTRSER_EXP":105.27,"SERHOG_VA":443.68,"SERHOG_EXP":0.0}},{"type":"Feature","geometry":{"type":"Point","coordinates":[114.11,22.4]},"properties":{"id":"HKG","name":"Hong Kong","continent":"asia","year":1997,"AGRPFO_VA":125.19,"AGRPFO_EXP":6.04,"FORLOG_VA":14.68,"FORLOG_EXP":2.08,"PESCAC_VA":24.26,"PESCAC_EXP":4.59,"MINCOL_VA":0.0,"MINCOL_EXP":0.0,"PETGAS_VA":0.0,"PETGAS_EXP":0.0,"MINORE_VA":0.0,"MINORE_EXP":0.0,"MINOTH_VA":0.0,"MINOTH_EXP":0.0,"MINSER_VA":24.84,"MINSER_EXP":11.51,"ALYBEB_VA":3137.5,"ALYBEB_EXP":4463.76,"TEXYPR_VA":479.99,"TEXYPR_EXP":368.08,"MADYPR_VA":407.66,"MADYPR_EXP":117.49,"PAPYPR_VA":235.86,"PAPYPR_EXP":353.93,"PETREF_VA":69.01,"PETREF_EXP":33.52,"QUIMYP_VA":233.09,"QUIMYP_EXP":373.67,"FARMED_VA":211.1,"FARMED_EXP":128.35,"HUPLAS_VA":69.55,"HUPLAS_EXP":0.22,"PRNOMT_VA":91.71,"PRNOMT_EXP":32.48,"METBAS_VA":41.11,"METBAS_EXP":155.74,"NONFER_VA":23.57,"NONFER_EXP":96.0,"PRMETA_VA":125.82,"PRMETA_EXP":355.38,"ELCTRO_VA":1115.3,"ELCTRO_EXP":700.24,"ELCTRI_VA":178.82,"ELCTRI_EXP":486.5,"MAQYEQ_VA":108.88,"MAQYEQ_EXP":443.4,"AUTOMO_VA":92.27,"AUTOMO_EXP":190.65,"OTRTRA_VA":19.89,"OTRTRA_EXP":55.56,"TRANSP_VA":35.55,"TRANSP_EXP":113.28,"OTRMAN_VA":349.01,"OTRMAN_EXP":63.51,"ELEGAS_VA":4464.2,"ELEGAS_EXP":87.52,"AGUBAS_VA":1859.34,"AGUBAS_EXP":41.83,"CONSTR_VA":8094.97,"CONSTR_EXP":134.03,"COMREV_VA":39398.17,"COMREV_EXP":6249.14,"TRATIE_VA":4859.96,"TRATIE_EXP":1081.15,"TRAGUA_VA":3104.0,"TRAGUA_EXP":2813.05,"TRAAIR_VA":3729.72,"TRAAIR_EXP":4967.54,"ALMSTR_VA":227.58,"ALMSTR_EXP":70.55,"POSTME_VA":707.91,"POSTME_EXP":57.66,"HOTYRE_VA":5179.0,"HOTYRE_EXP":3151.79,"MMTVRA_VA":530.66,"MMTVRA_EXP":446.22,"TELECO_VA":6397.14,"TELECO_EXP":826.51,"ITSERV_VA":1586.16,"ITSERV_EXP":473.08,"SERFIN_VA":21189.68,"SERFIN_EXP":13374.84,"GOBEST_VA":26407.44,"GOBEST_EXP":441.66,"SPRSCT_VA":3571.55,"SPRSCT_EXP":714.36,"SEAEMP_VA":2428.17,"SEAEMP_EXP":341.15,"ADPDEF_VA":9878.81,"ADPDEF_EXP":46.47,"EDUCAC_VA":12409.39,"EDUCAC_EXP":587.99,"SALUDH_VA":5860.0,"SALUDH_EXP":139.76,"ESPARC_VA":891.47,"ESPARC_EXP":721.62,"OTRSER_VA":2276.41,"OTRSER_EXP":135.27,"SERHOG_VA":1894.2,"SERHOG_EXP":0.0}},{"type":"Feature","geometry":{"type":"Point","coordinates":[15.2,45.1]},"properties":{"id":"HRV","name":"Croacia","continent":"europe","year":1997,"AGRPFO_VA":1056.59,"AGRPFO_EXP":201.11,"FORLOG_VA":107.49,"FORLOG_EXP":9.93,"PESCAC_VA":39.95,"PESCAC_EXP":16.53,"MINCOL_VA":0.88,"MINCOL_EXP":0.11,"PETGAS_VA":63.6,"PETGAS_EXP":19.5,"MINORE_VA":0.8,"MINORE_EXP":0.21,"MINOTH_VA":49.57,"MINOTH_EXP":7.88,"MINSER_VA":50.01,"MINSER_EXP":27.31,"ALYBEB_VA":857.16,"ALYBEB_EXP":458.94,"TEXYPR_VA":398.11,"TEXYPR_EXP":173.0,"MADYPR_VA":144.94,"MADYPR_EXP":54.86,"PAPYPR_VA":172.66,"PAPYPR_EXP":38.19,"PETREF_VA":407.14,"PETREF_EXP":260.21,"QUIMYP_VA":190.17,"QUIMYP_EXP":70.83,"FARMED_VA":293.43,"FARMED_EXP":41.56,"HUPLAS_VA":110.95,"HUPLAS_EXP":13.51,"PRNOMT_VA":228.71,"PRNOMT_EXP":55.53,"METBAS_VA":43.93,"METBAS_EXP":22.16,"NONFER_VA":23.44,"NONFER_EXP":40.04,"PRMETA_VA":261.92,"PRMETA_EXP":49.51,"ELCTRO_VA":107.17,"ELCTRO_EXP":63.26,"ELCTRI_VA":147.36,"ELCTRI_EXP":66.19,"MAQYEQ_VA":181.83,"MAQYEQ_EXP":66.8,"AUTOMO_VA":29.46,"AUTOMO_EXP":52.11,"OTRTRA_VA":85.94,"OTRTRA_EXP":161.28,"TRANSP_VA":25.36,"TRANSP_EXP":21.19,"OTRMAN_VA":182.9,"OTRMAN_EXP":206.46,"ELEGAS_VA":448.12,"ELEGAS_EXP":11.94,"AGUBAS_VA":257.44,"AGUBAS_EXP":14.92,"CONSTR_VA":1466.02,"CONSTR_EXP":42.76,"COMREV_VA":2717.06,"COMREV_EXP":491.5,"TRATIE_VA":665.17,"TRATIE_EXP":560.83,"TRAGUA_VA":62.88,"TRAGUA_EXP":136.75,"TRAAIR_VA":35.51,"TRAAIR_EXP":115.05,"ALMSTR_VA":242.43,"ALMSTR_EXP":95.5,"POSTME_VA":65.99,"POSTME_EXP":5.14,"HOTYRE_VA":651.52,"HOTYRE_EXP":784.86,"MMTVRA_VA":222.35,"MMTVRA_EXP":58.44,"TELECO_VA":464.62,"TELECO_EXP":176.67,"ITSERV_VA":69.13,"ITSERV_EXP":10.55,"SERFIN_VA":736.29,"SERFIN_EXP":222.6,"GOBEST_VA":1697.6,"GOBEST_EXP":35.29,"SPRSCT_VA":709.8,"SPRSCT_EXP":323.96,"SEAEMP_VA":196.63,"SEAEMP_EXP":87.26,"ADPDEF_VA":1718.47,"ADPDEF_EXP":15.19,"EDUCAC_VA":628.67,"EDUCAC_EXP":64.94,"SALUDH_VA":730.27,"SALUDH_EXP":50.65,"ESPARC_VA":138.24,"ESPARC_EXP":226.52,"OTRSER_VA":224.47,"OTRSER_EXP":51.91,"SERHOG_VA":33.67,"SERHOG_EXP":0.0}},{"type":"Feature","geometry":{"type":"Point","coordinates":[19.5,47.16]},"properties":{"id":"HUN","name":"Hungría","continent":"europe","year":1997,"AGRPFO_VA":2988.37,"AGRPFO_EXP":687.49,"FORLOG_VA":140.09,"FORLOG_EXP":66.42,"PESCAC_VA":11.7,"PESCAC_EXP":8.29,"MINCOL_VA":21.9,"MINCOL_EXP":1.57,"PETGAS_VA":32.42,"PETGAS_EXP":3.37,"MINORE_VA":19.2,"MINORE_EXP":0.93,"MINOTH_VA":83.94,"MINOTH_EXP":10.12,"MINSER_VA":25.93,"MINSER_EXP":16.62,"ALYBEB_VA":1264.41,"ALYBEB_EXP":1310.03,"TEXYPR_VA":844.0,"TEXYPR_EXP":704.85,"MADYPR_VA":239.58,"MADYPR_EXP":182.95,"PAPYPR_VA":406.48,"PAPYPR_EXP":207.6,"PETREF_VA":1113.58,"PETREF_EXP":314.93,"QUIMYP_VA":503.03,"QUIMYP_EXP":640.05,"FARMED_VA":531.97,"FARMED_EXP":244.34,"HUPLAS_VA":373.19,"HUPLAS_EXP":395.33,"PRNOMT_VA":443.4,"PRNOMT_EXP":237.32,"METBAS_VA":170.62,"METBAS_EXP":273.54,"NONFER_VA":177.71,"NONFER_EXP":347.21,"PRMETA_VA":700.86,"PRMETA_EXP":517.08,"ELCTRO_VA":746.68,"ELCTRO_EXP":2481.22,"ELCTRI_VA":537.16,"ELCTRI_EXP":908.39,"MAQYEQ_VA":514.46,"MAQYEQ_EXP":614.71,"AUTOMO_VA":1081.16,"AUTOMO_EXP":2732.56,"OTRTRA_VA":0.47,"OTRTRA_EXP":0.9,"TRANSP_VA":30.86,"TRANSP_EXP":47.28,"OTRMAN_VA":420.33,"OTRMAN_EXP":483.99,"ELEGAS_VA":1343.27,"ELEGAS_EXP":90.44,"AGUBAS_VA":387.69,"AGUBAS_EXP":7.55,"CONSTR_VA":2092.64,"CONSTR_EXP":35.23,"COMREV_VA":4022.66,"COMREV_EXP":1815.01,"TRATIE_VA":2032.26,"TRATIE_EXP":786.95,"TRAGUA_VA":63.5,"TRAGUA_EXP":40.27,"TRAAIR_VA":92.76,"TRAAIR_EXP":307.42,"ALMSTR_VA":354.85,"ALMSTR_EXP":434.01,"POSTME_VA":289.89,"POSTME_EXP":47.88,"HOTYRE_VA":979.44,"HOTYRE_EXP":1277.62,"MMTVRA_VA":357.98,"MMTVRA_EXP":172.63,"TELECO_VA":1160.84,"TELECO_EXP":325.77,"ITSERV_VA":308.14,"ITSERV_EXP":130.12,"SERFIN_VA":1687.26,"SERFIN_EXP":465.77,"GOBEST_VA":3210.61,"GOBEST_EXP":276.19,"SPRSCT_VA":1737.88,"SPRSCT_EXP":888.93,"SEAEMP_VA":954.49,"SEAEMP_EXP":202.33,"ADPDEF_VA":3315.58,"ADPDEF_EXP":16.83,"EDUCAC_VA":2000.94,"EDUCAC_EXP":94.18,"SALUDH_VA":1699.88,"SALUDH_EXP":70.44,"ESPARC_VA":482.72,"ESPARC_EXP":126.18,"OTRSER_VA":871.78,"OTRSER_EXP":61.15,"SERHOG_VA":6.77,"SERHOG_EXP":0.0}},{"type":"Feature","geometry":{"type":"Point","coordinates":[113.92,-0.79]},"properties":{"id":"IDN","name":"Indonesia","continent":"asia","year":1997,"AGRPFO_VA":26578.45,"AGRPFO_EXP":1418.74,"FORLOG_VA":2047.34,"FORLOG_EXP":29.41,"PESCAC_VA":5057.09,"PESCAC_EXP":185.74,"MINCOL_VA":5674.93,"MINCOL_EXP":1370.08,"PETGAS_VA":11872.32,"PETGAS_EXP":13007.48,"MINORE_VA":3854.28,"MINORE_EXP":2630.17,"MINOTH_VA":2787.89,"MINOTH_EXP":121.96,"MINSER_VA":1181.4,"MINSER_EXP":21.79,"ALYBEB_VA":14362.23,"ALYBEB_EXP":3751.95,"TEXYPR_VA":4216.44,"TEXYPR_EXP":7434.21,"MADYPR_VA":1872.21,"MADYPR_EXP":1755.48,"PAPYPR_VA":2348.32,"PAPYPR_EXP":1866.35,"PETREF_VA":7856.78,"PETREF_EXP":1746.63,"QUIMYP_VA":3184.26,"QUIMYP_EXP":2258.93,"FARMED_VA":704.25,"FARMED_EXP":82.34,"HUPLAS_VA":2345.22,"HUPLAS_EXP":1861.35,"PRNOMT_VA":1732.51,"PRNOMT_EXP":508.91,"METBAS_VA":951.63,"METBAS_EXP":285.84,"NONFER_VA":889.89,"NONFER_EXP":538.99,"PRMETA_VA":4522.24,"PRMETA_EXP":785.1,"ELCTRO_VA":1594.4,"ELCTRO_EXP":3188.31,"ELCTRI_VA":1246.69,"ELCTRI_EXP":1132.73,"MAQYEQ_VA":876.67,"MAQYEQ_EXP":1403.18,"AUTOMO_VA":4962.41,"AUTOMO_EXP":170.88,"OTRTRA_VA":189.31,"OTRTRA_EXP":254.83,"TRANSP_VA":235.77,"TRANSP_EXP":357.96,"OTRMAN_VA":1241.7,"OTRMAN_EXP":1064.94,"ELEGAS_VA":2572.66,"ELEGAS_EXP":3.78,"AGUBAS_VA":188.26,"AGUBAS_EXP":0.19,"CONSTR_VA":22780.14,"CONSTR_EXP":167.25,"COMREV_VA":42581.43,"COMREV_EXP":5770.86,"TRATIE_VA":4964.81,"TRATIE_EXP":1032.15,"TRAGUA_VA":1062.26,"TRAGUA_EXP":870.25,"TRAAIR_VA":1367.5,"TRAAIR_EXP":579.16,"ALMSTR_VA":1159.63,"ALMSTR_EXP":147.43,"POSTME_VA":247.76,"POSTME_EXP":106.08,"HOTYRE_VA":7139.2,"HOTYRE_EXP":2353.41,"MMTVRA_VA":1734.62,"MMTVRA_EXP":184.9,"TELECO_VA":6619.51,"TELECO_EXP":249.86,"ITSERV_VA":683.35,"ITSERV_EXP":11.91,"SERFIN_VA":8452.46,"SERFIN_EXP":255.36,"GOBEST_VA":6382.59,"GOBEST_EXP":306.04,"SPRSCT_VA":1786.51,"SPRSCT_EXP":524.17,"SEAEMP_VA":1851.4,"SEAEMP_EXP":574.59,"ADPDEF_VA":9200.49,"ADPDEF_EXP":0.19,"EDUCAC_VA":7122.31,"EDUCAC_EXP":127.97,"SALUDH_VA":2103.31,"SALUDH_EXP":96.51,"ESPARC_VA":737.05,"ESPARC_EXP":209.11,"OTRSER_VA":3677.07,"OTRSER_EXP":98.4,"SERHOG_VA":857.44,"SERHOG_EXP":0.0}},{"type":"Feature","geometry":{"type":"Point","coordinates":[78.96,20.59]},"properties":{"id":"IND","name":"India","continent":"asia","year":1997,"AGRPFO_VA":82229.46,"AGRPFO_EXP":704.45,"FORLOG_VA":12014.46,"FORLOG_EXP":542.27,"PESCAC_VA":4286.48,"PESCAC_EXP":30.76,"MINCOL_VA":2523.39,"MINCOL_EXP":41.99,"PETGAS_VA":5000.16,"PETGAS_EXP":6.39,"MINORE_VA":846.08,"MINORE_EXP":578.01,"MINOTH_VA":140.21,"MINOTH_EXP":161.41,"MINSER_VA":1438.25,"MINSER_EXP":10.3,"ALYBEB_VA":8919.65,"ALYBEB_EXP":2521.12,"TEXYPR_VA":9860.45,"TEXYPR_EXP":4458.92,"MADYPR_VA":2355.53,"MADYPR_EXP":125.93,"PAPYPR_VA":1950.69,"PAPYPR_EXP":113.33,"PETREF_VA":5194.99,"PETREF_EXP":4179.97,"QUIMYP_VA":4411.47,"QUIMYP_EXP":1850.3,"FARMED_VA":3109.46,"FARMED_EXP":1014.32,"HUPLAS_VA":2821.86,"HUPLAS_EXP":728.33,"PRNOMT_VA":4478.38,"PRNOMT_EXP":227.62,"METBAS_VA":7274.75,"METBAS_EXP":1781.62,"NONFER_VA":4127.77,"NONFER_EXP":464.65,"PRMETA_VA":4616.76,"PRMETA_EXP":681.58,"ELCTRO_VA":1125.36,"ELCTRO_EXP":410.72,"ELCTRI_VA":1967.53,"ELCTRI_EXP":1019.87,"MAQYEQ_VA":4061.67,"MAQYEQ_EXP":1657.56,"AUTOMO_VA":3483.34,"AUTOMO_EXP":956.9,"OTRTRA_VA":263.13,"OTRTRA_EXP":77.66,"TRANSP_VA":1068.9,"TRANSP_EXP":541.66,"OTRMAN_VA":3248.41,"OTRMAN_EXP":4482.42,"ELEGAS_VA":11266.69,"ELEGAS_EXP":44.8,"AGUBAS_VA":1420.59,"AGUBAS_EXP":0.44,"CONSTR_VA":29069.61,"CONSTR_EXP":80.65,"COMREV_VA":32727.0,"COMREV_EXP":3415.22,"TRATIE_VA":16409.0,"TRATIE_EXP":1499.28,"TRAGUA_VA":312.4,"TRAGUA_EXP":91.1,"TRAAIR_VA":328.98,"TRAAIR_EXP":239.12,"ALMSTR_VA":2928.15,"ALMSTR_EXP":538.92,"POSTME_VA":1700.15,"POSTME_EXP":10.03,"HOTYRE_VA":3557.73,"HOTYRE_EXP":574.75,"MMTVRA_VA":1914.62,"MMTVRA_EXP":377.67,"TELECO_VA":3549.15,"TELECO_EXP":83.34,"ITSERV_VA":5144.5,"ITSERV_EXP":3078.73,"SERFIN_VA":17704.14,"SERFIN_EXP":350.18,"GOBEST_VA":27051.87,"GOBEST_EXP":102.44,"SPRSCT_VA":985.56,"SPRSCT_EXP":811.22,"SEAEMP_VA":7778.68,"SEAEMP_EXP":1411.64,"ADPDEF_VA":22503.07,"ADPDEF_EXP":31.04,"EDUCAC_VA":9757.33,"EDUCAC_EXP":33.71,"SALUDH_VA":4868.26,"SALUDH_EXP":25.75,"ESPARC_VA":868.99,"ESPARC_EXP":58.31,"OTRSER_VA":4475.2,"OTRSER_EXP":24.75,"SERHOG_VA":763.76,"SERHOG_EXP":0.0}},{"type":"Feature","geometry":{"type":"Point","coordinates":[-7.69,53.14]},"properties":{"id":"IRL","name":"Irlanda","continent":"europe","year":1997,"AGRPFO_VA":3023.51,"AGRPFO_EXP":603.91,"FORLOG_VA":7.62,"FORLOG_EXP":11.57,"PESCAC_VA":265.98,"PESCAC_EXP":183.31,"MINCOL_VA":3.84,"MINCOL_EXP":4.77,"PETGAS_VA":13.59,"PETGAS_EXP":30.94,"MINORE_VA":298.89,"MINORE_EXP":121.42,"MINOTH_VA":245.28,"MINOTH_EXP":50.51,"MINSER_VA":17.52,"MINSER_EXP":12.51,"ALYBEB_VA":2830.51,"ALYBEB_EXP":5922.55,"TEXYPR_VA":534.83,"TEXYPR_EXP":1060.84,"MADYPR_VA":315.09,"MADYPR_EXP":233.18,"PAPYPR_VA":692.65,"PAPYPR_EXP":782.33,"PETREF_VA":63.36,"PETREF_EXP":162.19,"QUIMYP_VA":335.34,"QUIMYP_EXP":553.28,"FARMED_VA":5435.62,"FARMED_EXP":4695.99,"HUPLAS_VA":518.74,"HUPLAS_EXP":938.16,"PRNOMT_VA":666.13,"PRNOMT_EXP":579.39,"METBAS_VA":145.59,"METBAS_EXP":294.23,"NONFER_VA":25.37,"NONFER_EXP":243.36,"PRMETA_VA":554.36,"PRMETA_EXP":662.29,"ELCTRO_VA":3139.45,"ELCTRO_EXP":12347.06,"ELCTRI_VA":478.83,"ELCTRI_EXP":1125.45,"MAQYEQ_VA":548.98,"MAQYEQ_EXP":1119.19,"AUTOMO_VA":252.39,"AUTOMO_EXP":389.35,"OTRTRA_VA":4.81,"OTRTRA_EXP":8.83,"TRANSP_VA":88.19,"TRANSP_EXP":184.62,"OTRMAN_VA":1564.09,"OTRMAN_EXP":1614.85,"ELEGAS_VA":1103.73,"ELEGAS_EXP":1.98,"AGUBAS_VA":474.11,"AGUBAS_EXP":0.04,"CONSTR_VA":4811.98,"CONSTR_EXP":0.12,"COMREV_VA":9257.49,"COMREV_EXP":5180.14,"TRATIE_VA":1098.78,"TRATIE_EXP":637.0,"TRAGUA_VA":108.48,"TRAGUA_EXP":159.75,"TRAAIR_VA":471.7,"TRAAIR_EXP":671.26,"ALMSTR_VA":409.92,"ALMSTR_EXP":195.66,"POSTME_VA":738.05,"POSTME_EXP":222.06,"HOTYRE_VA":1724.41,"HOTYRE_EXP":828.3,"MMTVRA_VA":2143.16,"MMTVRA_EXP":877.59,"TELECO_VA":2288.91,"TELECO_EXP":123.59,"ITSERV_VA":1458.23,"ITSERV_EXP":775.17,"SERFIN_VA":5175.73,"SERFIN_EXP":2053.01,"GOBEST_VA":4894.7,"GOBEST_EXP":168.47,"SPRSCT_VA":2273.34,"SPRSCT_EXP":1204.02,"SEAEMP_VA":2137.27,"SEAEMP_EXP":501.89,"ADPDEF_VA":3822.89,"ADPDEF_EXP":0.04,"EDUCAC_VA":3836.31,"EDUCAC_EXP":47.41,"SALUDH_VA":4471.95,"SALUDH_EXP":31.04,"ESPARC_VA":1126.2,"ESPARC_EXP":114.6,"OTRSER_VA":638.76,"OTRSER_EXP":27.15,"SERHOG_VA":129.41,"SERHOG_EXP":0.0}},{"type":"Feature","geometry":{"type":"Point","coordinates":[-19.02,64.96]},"properties":{"id":"ISL","name":"Islandia","continent":"europe","year":1997,"AGRPFO_VA":75.7,"AGRPFO_EXP":8.67,"FORLOG_VA":0.94,"FORLOG_EXP":0.12,"PESCAC_VA":540.58,"PESCAC_EXP":233.38,"MINCOL_VA":0.01,"MINCOL_EXP":0.0,"PETGAS_VA":0.3,"PETGAS_EXP":0.05,"MINORE_VA":0.0,"MINORE_EXP":0.0,"MINOTH_VA":9.47,"MINOTH_EXP":2.68,"MINSER_VA":0.02,"MINSER_EXP":0.0,"ALYBEB_VA":380.01,"ALYBEB_EXP":888.7,"TEXYPR_VA":10.69,"TEXYPR_EXP":12.32,"MADYPR_VA":15.52,"MADYPR_EXP":0.24,"PAPYPR_VA":42.94,"PAPYPR_EXP":3.49,"PETREF_VA":0.04,"PETREF_EXP":0.01,"QUIMYP_VA":20.3,"QUIMYP_EXP":12.58,"FARMED_VA":24.37,"FARMED_EXP":0.63,"HUPLAS_VA":33.74,"HUPLAS_EXP":7.79,"PRNOMT_VA":47.71,"PRNOMT_EXP":1.65,"METBAS_VA":20.73,"METBAS_EXP":15.39,"NONFER_VA":148.13,"NONFER_EXP":195.27,"PRMETA_VA":76.42,"PRMETA_EXP":2.98,"ELCTRO_VA":1.82,"ELCTRO_EXP":0.39,"ELCTRI_VA":5.45,"ELCTRI_EXP":0.87,"MAQYEQ_VA":47.82,"MAQYEQ_EXP":39.5,"AUTOMO_VA":3.83,"AUTOMO_EXP":1.01,"OTRTRA_VA":0.85,"OTRTRA_EXP":1.67,"TRANSP_VA":7.71,"TRANSP_EXP":5.76,"OTRMAN_VA":116.74,"OTRMAN_EXP":9.61,"ELEGAS_VA":241.58,"ELEGAS_EXP":0.11,"AGUBAS_VA":41.45,"AGUBAS_EXP":0.29,"CONSTR_VA":597.7,"CONSTR_EXP":0.22,"COMREV_VA":797.12,"COMREV_EXP":269.3,"TRATIE_VA":97.84,"TRATIE_EXP":18.13,"TRAGUA_VA":88.01,"TRAGUA_EXP":93.9,"TRAAIR_VA":163.0,"TRAAIR_EXP":344.67,"ALMSTR_VA":47.91,"ALMSTR_EXP":35.29,"POSTME_VA":23.58,"POSTME_EXP":0.79,"HOTYRE_VA":238.54,"HOTYRE_EXP":50.91,"MMTVRA_VA":166.71,"MMTVRA_EXP":15.77,"TELECO_VA":117.41,"TELECO_EXP":6.73,"ITSERV_VA":67.56,"ITSERV_EXP":46.91,"SERFIN_VA":259.12,"SERFIN_EXP":51.82,"GOBEST_VA":436.72,"GOBEST_EXP":0.48,"SPRSCT_VA":245.44,"SPRSCT_EXP":80.11,"SEAEMP_VA":123.46,"SEAEMP_EXP":49.21,"ADPDEF_VA":317.36,"ADPDEF_EXP":0.32,"EDUCAC_VA":351.52,"EDUCAC_EXP":0.42,"SALUDH_VA":541.97,"SALUDH_EXP":0.54,"ESPARC_VA":66.58,"ESPARC_EXP":23.05,"OTRSER_VA":93.18,"OTRSER_EXP":5.09,"SERHOG_VA":6.96,"SERHOG_EXP":0.0}},{"type":"Feature","geometry":{"type":"Point","coordinates":[34.85,31.05]},"properties":{"id":"ISR","name":"Israel","continent":"other","year":1997,"AGRPFO_VA":1613.18,"AGRPFO_EXP":684.98,"FORLOG_VA":8.67,"FORLOG_EXP":9.9,"PESCAC_VA":21.67,"PESCAC_EXP":11.56,"MINCOL_VA":0.0,"MINCOL_EXP":0.0,"PETGAS_VA":151.09,"PETGAS_EXP":1.78,"MINORE_VA":0.0,"MINORE_EXP":0.0,"MINOTH_VA":425.61,"MINOTH_EXP":563.87,"MINSER_VA":33.61,"MINSER_EXP":14.17,"ALYBEB_VA":1685.21,"ALYBEB_EXP":675.09,"TEXYPR_VA":317.49,"TEXYPR_EXP":401.21,"MADYPR_VA":58.54,"MADYPR_EXP":13.95,"PAPYPR_VA":468.11,"PAPYPR_EXP":174.14,"PETREF_VA":1949.54,"PETREF_EXP":1491.18,"QUIMYP_VA":1911.05,"QUIMYP_EXP":2059.26,"FARMED_VA":1509.94,"FARMED_EXP":292.1,"HUPLAS_VA":695.63,"HUPLAS_EXP":1011.66,"PRNOMT_VA":521.48,"PRNOMT_EXP":208.2,"METBAS_VA":165.92,"METBAS_EXP":132.82,"NONFER_VA":66.95,"NONFER_EXP":168.3,"PRMETA_VA":1291.44,"PRMETA_EXP":625.46,"ELCTRO_VA":3344.57,"ELCTRO_EXP":3914.96,"ELCTRI_VA":267.7,"ELCTRI_EXP":370.38,"MAQYEQ_VA":666.26,"MAQYEQ_EXP":1166.15,"AUTOMO_VA":133.36,"AUTOMO_EXP":113.55,"OTRTRA_VA":6.33,"OTRTRA_EXP":14.07,"TRANSP_VA":590.19,"TRANSP_EXP":1118.26,"OTRMAN_VA":590.03,"OTRMAN_EXP":921.02,"ELEGAS_VA":491.21,"ELEGAS_EXP":0.19,"AGUBAS_VA":942.13,"AGUBAS_EXP":0.69,"CONSTR_VA":7220.14,"CONSTR_EXP":9.87,"COMREV_VA":8953.33,"COMREV_EXP":2765.42,"TRATIE_VA":2331.02,"TRATIE_EXP":592.27,"TRAGUA_VA":377.15,"TRAGUA_EXP":298.4,"TRAAIR_VA":1022.71,"TRAAIR_EXP":735.35,"ALMSTR_VA":341.67,"ALMSTR_EXP":363.52,"POSTME_VA":309.34,"POSTME_EXP":30.07,"HOTYRE_VA":2174.39,"HOTYRE_EXP":925.76,"MMTVRA_VA":592.77,"MMTVRA_EXP":198.09,"TELECO_VA":2626.13,"TELECO_EXP":143.98,"ITSERV_VA":4164.63,"ITSERV_EXP":2324.4,"SERFIN_VA":6091.41,"SERFIN_EXP":1029.33,"GOBEST_VA":15740.41,"GOBEST_EXP":627.72,"SPRSCT_VA":6623.98,"SPRSCT_EXP":648.36,"SEAEMP_VA":3602.71,"SEAEMP_EXP":195.39,"ADPDEF_VA":10889.76,"ADPDEF_EXP":4.32,"EDUCAC_VA":7076.25,"EDUCAC_EXP":93.94,"SALUDH_VA":6188.44,"SALUDH_EXP":85.13,"ESPARC_VA":1654.08,"ESPARC_EXP":120.89,"OTRSER_VA":1421.35,"OTRSER_EXP":62.25,"SERHOG_VA":194.86,"SERHOG_EXP":0.0}},{"type":"Feature","geometry":{"type":"Point","coordinates":[12.57,41.87]},"properties":{"id":"ITA","name":"Italia","continent":"europe","year":1997,"AGRPFO_VA":33597.53,"AGRPFO_EXP":3038.48,"FORLOG_VA":1573.32,"FORLOG_EXP":104.52,"PESCAC_VA":1465.19,"PESCAC_EXP":143.07,"MINCOL_VA":23.34,"MINCOL_EXP":5.02,"PETGAS_VA":5608.59,"PETGAS_EXP":265.83,"MINORE_VA":0.56,"MINORE_EXP":0.11,"MINOTH_VA":1132.35,"MINOTH_EXP":284.5,"MINSER_VA":246.17,"MINSER_EXP":104.53,"ALYBEB_VA":23261.82,"ALYBEB_EXP":10213.95,"TEXYPR_VA":31838.08,"TEXYPR_EXP":26076.26,"MADYPR_VA":6733.36,"MADYPR_EXP":1478.97,"PAPYPR_VA":11056.34,"PAPYPR_EXP":3302.58,"PETREF_VA":4622.72,"PETREF_EXP":2967.1,"QUIMYP_VA":11890.29,"QUIMYP_EXP":12110.6,"FARMED_VA":7021.26,"FARMED_EXP":5021.08,"HUPLAS_VA":11515.55,"HUPLAS_EXP":7464.96,"PRNOMT_VA":13274.17,"PRNOMT_EXP":6524.66,"METBAS_VA":7624.08,"METBAS_EXP":6160.54,"NONFER_VA":2747.11,"NONFER_EXP":2383.5,"PRMETA_VA":24668.54,"PRMETA_EXP":10123.55,"ELCTRO_VA":7779.0,"ELCTRO_EXP":11287.67,"ELCTRI_VA":10408.6,"ELCTRI_EXP":7590.01,"MAQYEQ_VA":25945.79,"MAQYEQ_EXP":36104.65,"AUTOMO_VA":13937.81,"AUTOMO_EXP":14490.99,"OTRTRA_VA":1777.46,"OTRTRA_EXP":1348.03,"TRANSP_VA":4528.29,"TRANSP_EXP":2666.09,"OTRMAN_VA":19985.38,"OTRMAN_EXP":12032.75,"ELEGAS_VA":18008.54,"ELEGAS_EXP":385.02,"AGUBAS_VA":7843.28,"AGUBAS_EXP":69.01,"CONSTR_VA":58823.24,"CONSTR_EXP":616.86,"COMREV_VA":157867.17,"COMREV_EXP":43585.32,"TRATIE_VA":33054.03,"TRATIE_EXP":9865.9,"TRAGUA_VA":3293.09,"TRAGUA_EXP":4587.26,"TRAAIR_VA":4294.93,"TRAAIR_EXP":3120.24,"ALMSTR_VA":16169.54,"ALMSTR_EXP":6011.52,"POSTME_VA":3812.81,"POSTME_EXP":326.58,"HOTYRE_VA":37071.02,"HOTYRE_EXP":10997.49,"MMTVRA_VA":9924.19,"MMTVRA_EXP":1728.04,"TELECO_VA":17649.07,"TELECO_EXP":2262.94,"ITSERV_VA":14091.6,"ITSERV_EXP":1680.75,"SERFIN_VA":49768.14,"SERFIN_EXP":4107.7,"GOBEST_VA":108205.59,"GOBEST_EXP":2177.07,"SPRSCT_VA":77753.47,"SPRSCT_EXP":6581.94,"SEAEMP_VA":26134.8,"SEAEMP_EXP":4583.53,"ADPDEF_VA":74725.8,"ADPDEF_EXP":29.84,"EDUCAC_VA":54554.67,"EDUCAC_EXP":840.98,"SALUDH_VA":56249.39,"SALUDH_EXP":487.81,"ESPARC_VA":10907.57,"ESPARC_EXP":1091.08,"OTRSER_VA":22496.71,"OTRSER_EXP":931.26,"SERHOG_VA":11472.93,"SERHOG_EXP":0.0}},{"type":"Feature","geometry":{"type":"Point","coordinates":[36.24,30.59]},"properties":{"id":"JOR","name":"Jordania","continent":"other","year":1997,"AGRPFO_VA":270.09,"AGRPFO_EXP":192.5,"FORLOG_VA":20.94,"FORLOG_EXP":0.16,"PESCAC_VA":0.74,"PESCAC_EXP":0.23,"MINCOL_VA":38.22,"MINCOL_EXP":0.07,"PETGAS_VA":40.81,"PETGAS_EXP":0.28,"MINORE_VA":31.76,"MINORE_EXP":0.39,"MINOTH_VA":56.2,"MINOTH_EXP":82.0,"MINSER_VA":31.87,"MINSER_EXP":7.04,"ALYBEB_VA":458.35,"ALYBEB_EXP":169.83,"TEXYPR_VA":224.46,"TEXYPR_EXP":183.02,"MADYPR_VA":11.9,"MADYPR_EXP":4.0,"PAPYPR_VA":50.72,"PAPYPR_EXP":29.94,"PETREF_VA":56.94,"PETREF_EXP":2.22,"QUIMYP_VA":106.45,"QUIMYP_EXP":234.03,"FARMED_VA":89.15,"FARMED_EXP":84.06,"HUPLAS_VA":35.27,"HUPLAS_EXP":22.27,"PRNOMT_VA":137.31,"PRNOMT_EXP":9.65,"METBAS_VA":23.5,"METBAS_EXP":6.64,"NONFER_VA":27.4,"NONFER_EXP":22.24,"PRMETA_VA":65.52,"PRMETA_EXP":25.33,"ELCTRO_VA":7.54,"ELCTRO_EXP":3.85,"ELCTRI_VA":37.85,"ELCTRI_EXP":21.32,"MAQYEQ_VA":24.09,"MAQYEQ_EXP":15.11,"AUTOMO_VA":13.29,"AUTOMO_EXP":15.2,"OTRTRA_VA":1.71,"OTRTRA_EXP":0.23,"TRANSP_VA":3.09,"TRANSP_EXP":0.24,"OTRMAN_VA":34.48,"OTRMAN_EXP":68.98,"ELEGAS_VA":75.33,"ELEGAS_EXP":2.33,"AGUBAS_VA":84.67,"AGUBAS_EXP":0.49,"CONSTR_VA":290.4,"CONSTR_EXP":0.63,"COMREV_VA":658.1,"COMREV_EXP":149.93,"TRATIE_VA":267.04,"TRATIE_EXP":111.51,"TRAGUA_VA":16.91,"TRAGUA_EXP":21.12,"TRAAIR_VA":48.48,"TRAAIR_EXP":197.44,"ALMSTR_VA":70.66,"ALMSTR_EXP":66.5,"POSTME_VA":3.39,"POSTME_EXP":6.22,"HOTYRE_VA":175.42,"HOTYRE_EXP":141.96,"MMTVRA_VA":35.05,"MMTVRA_EXP":62.41,"TELECO_VA":260.97,"TELECO_EXP":112.03,"ITSERV_VA":38.64,"ITSERV_EXP":6.68,"SERFIN_VA":184.04,"SERFIN_EXP":154.68,"GOBEST_VA":795.5,"GOBEST_EXP":60.55,"SPRSCT_VA":77.75,"SPRSCT_EXP":90.95,"SEAEMP_VA":63.39,"SEAEMP_EXP":133.37,"ADPDEF_VA":710.67,"ADPDEF_EXP":1.86,"EDUCAC_VA":535.12,"EDUCAC_EXP":113.77,"SALUDH_VA":214.87,"SALUDH_EXP":97.62,"ESPARC_VA":19.25,"ESPARC_EXP":49.23,"OTRSER_VA":63.61,"OTRSER_EXP":7.68,"SERHOG_VA":41.7,"SERHOG_EXP":0.0}},{"type":"Feature","geometry":{"type":"Point","coordinates":[138.25,36.2]},"properties":{"id":"JPN","name":"Japón","continent":"asia","year":1997,"AGRPFO_VA":55875.49,"AGRPFO_EXP":286.0,"FORLOG_VA":2175.19,"FORLOG_EXP":35.28,"PESCAC_VA":10543.23,"PESCAC_EXP":134.45,"MINCOL_VA":494.68,"MINCOL_EXP":2.33,"PETGAS_VA":503.51,"PETGAS_EXP":15.58,"MINORE_VA":1186.98,"MINORE_EXP":7.31,"MINOTH_VA":733.12,"MINOTH_EXP":101.59,"MINSER_VA":1008.27,"MINSER_EXP":182.29,"ALYBEB_VA":110104.47,"ALYBEB_EXP":1737.01,"TEXYPR_VA":36073.85,"TEXYPR_EXP":5122.61,"MADYPR_VA":11154.01,"MADYPR_EXP":246.99,"PAPYPR_VA":60123.81,"PAPYPR_EXP":1786.62,"PETREF_VA":50624.51,"PETREF_EXP":2695.25,"QUIMYP_VA":59598.05,"QUIMYP_EXP":15967.26,"FARMED_VA":30318.51,"FARMED_EXP":1125.25,"HUPLAS_VA":42458.69,"HUPLAS_EXP":9194.0,"PRNOMT_VA":36685.81,"PRNOMT_EXP":3350.82,"METBAS_VA":48207.98,"METBAS_EXP":10374.13,"NONFER_VA":17627.47,"NONFER_EXP":5126.22,"PRMETA_VA":55673.49,"PRMETA_EXP":2922.55,"ELCTRO_VA":119846.83,"ELCTRO_EXP":98828.8,"ELCTRI_VA":72931.02,"ELCTRI_EXP":22685.49,"MAQYEQ_VA":121846.8,"MAQYEQ_EXP":54948.4,"AUTOMO_VA":85617.65,"AUTOMO_EXP":65810.55,"OTRTRA_VA":6827.88,"OTRTRA_EXP":8271.69,"TRANSP_VA":10958.2,"TRANSP_EXP":5344.25,"OTRMAN_VA":129994.87,"OTRMAN_EXP":6221.26,"ELEGAS_VA":79102.27,"ELEGAS_EXP":76.06,"AGUBAS_VA":58385.88,"AGUBAS_EXP":12.23,"CONSTR_VA":309338.27,"CONSTR_EXP":27.21,"COMREV_VA":578458.62,"COMREV_EXP":59960.02,"TRATIE_VA":134017.59,"TRATIE_EXP":11812.44,"TRAGUA_VA":9609.24,"TRAGUA_EXP":3132.57,"TRAAIR_VA":9496.9,"TRAAIR_EXP":7183.28,"ALMSTR_VA":50597.13,"ALMSTR_EXP":6476.07,"POSTME_VA":14121.36,"POSTME_EXP":326.93,"HOTYRE_VA":136082.39,"HOTYRE_EXP":1476.02,"MMTVRA_VA":38182.88,"MMTVRA_EXP":3158.46,"TELECO_VA":62455.16,"TELECO_EXP":1671.16,"ITSERV_VA":92096.0,"ITSERV_EXP":424.44,"SERFIN_VA":214368.59,"SERFIN_EXP":4688.26,"GOBEST_VA":427477.28,"GOBEST_EXP":1572.4,"SPRSCT_VA":164617.49,"SPRSCT_EXP":15627.7,"SEAEMP_VA":98529.04,"SEAEMP_EXP":10290.24,"ADPDEF_VA":200330.91,"ADPDEF_EXP":108.49,"EDUCAC_VA":149651.2,"EDUCAC_EXP":381.09,"SALUDH_VA":187197.1,"SALUDH_EXP":63.08,"ESPARC_VA":50015.16,"ESPARC_EXP":362.3,"OTRSER_VA":91520.96,"OTRSER_EXP":143.71,"SERHOG_VA":0.0,"SERHOG_EXP":0.0}},{"type":"Feature","geometry":{"type":"Point","coordinates":[66.92,48.02]},"properties":{"id":"KAZ","name":"Kazajistán","continent":"asia","year":1997,"AGRPFO_VA":1193.78,"AGRPFO_EXP":308.5,"FORLOG_VA":4.38,"FORLOG_EXP":0.05,"PESCAC_VA":4.41,"PESCAC_EXP":0.36,"MINCOL_VA":112.27,"MINCOL_EXP":108.69,"PETGAS_VA":3600.58,"PETGAS_EXP":3776.38,"MINORE_VA":452.13,"MINORE_EXP":171.78,"MINOTH_VA":46.77,"MINOTH_EXP":21.82,"MINSER_VA":181.76,"MINSER_EXP":20.35,"ALYBEB_VA":475.49,"ALYBEB_EXP":76.33,"TEXYPR_VA":28.57,"TEXYPR_EXP":10.4,"MADYPR_VA":7.05,"MADYPR_EXP":0.31,"PAPYPR_VA":32.81,"PAPYPR_EXP":3.63,"PETREF_VA":344.49,"PETREF_EXP":171.0,"QUIMYP_VA":76.43,"QUIMYP_EXP":67.86,"FARMED_VA":10.28,"FARMED_EXP":0.98,"HUPLAS_VA":46.59,"HUPLAS_EXP":4.08,"PRNOMT_VA":129.53,"PRNOMT_EXP":2.84,"METBAS_VA":415.11,"METBAS_EXP":522.49,"NONFER_VA":830.67,"NONFER_EXP":756.87,"PRMETA_VA":57.15,"PRMETA_EXP":15.0,"ELCTRO_VA":8.63,"ELCTRO_EXP":13.13,"ELCTRI_VA":26.57,"ELCTRI_EXP":10.37,"MAQYEQ_VA":35.86,"MAQYEQ_EXP":40.4,"AUTOMO_VA":14.51,"AUTOMO_EXP":9.82,"OTRTRA_VA":3.66,"OTRTRA_EXP":0.97,"TRANSP_VA":6.56,"TRANSP_EXP":11.32,"OTRMAN_VA":149.11,"OTRMAN_EXP":3.92,"ELEGAS_VA":341.86,"ELEGAS_EXP":21.98,"AGUBAS_VA":58.84,"AGUBAS_EXP":0.21,"CONSTR_VA":1430.31,"CONSTR_EXP":0.18,"COMREV_VA":3298.52,"COMREV_EXP":627.53,"TRATIE_VA":1112.69,"TRATIE_EXP":355.4,"TRAGUA_VA":19.82,"TRAGUA_EXP":5.18,"TRAAIR_VA":87.85,"TRAAIR_EXP":25.59,"ALMSTR_VA":435.04,"ALMSTR_EXP":39.51,"POSTME_VA":20.6,"POSTME_EXP":1.82,"HOTYRE_VA":205.41,"HOTYRE_EXP":78.93,"MMTVRA_VA":72.88,"MMTVRA_EXP":23.09,"TELECO_VA":497.74,"TELECO_EXP":38.53,"ITSERV_VA":155.51,"ITSERV_EXP":0.69,"SERFIN_VA":470.64,"SERFIN_EXP":18.57,"GOBEST_VA":2026.98,"GOBEST_EXP":92.44,"SPRSCT_VA":1078.35,"SPRSCT_EXP":26.26,"SEAEMP_VA":417.88,"SEAEMP_EXP":115.67,"ADPDEF_VA":404.05,"ADPDEF_EXP":0.25,"EDUCAC_VA":607.07,"EDUCAC_EXP":2.25,"SALUDH_VA":424.4,"SALUDH_EXP":3.45,"ESPARC_VA":80.07,"ESPARC_EXP":7.51,"OTRSER_VA":317.72,"OTRSER_EXP":3.67,"SERHOG_VA":13.74,"SERHOG_EXP":0.0}},{"type":"Feature","geometry":{"type":"Point","coordinates":[104.99,12.57]},"properties":{"id":"KHM","name":"Camboya","continent":"asia","year":1997,"AGRPFO_VA":741.88,"AGRPFO_EXP":146.63,"FORLOG_VA":185.27,"FORLOG_EXP":0.25,"PESCAC_VA":350.23,"PESCAC_EXP":36.24,"MINCOL_VA":0.0,"MINCOL_EXP":0.0,"PETGAS_VA":0.0,"PETGAS_EXP":0.0,"MINORE_VA":6.74,"MINORE_EXP":0.1,"MINOTH_VA":9.85,"MINOTH_EXP":0.18,"MINSER_VA":4.65,"MINSER_EXP":0.1,"ALYBEB_VA":60.35,"ALYBEB_EXP":40.3,"TEXYPR_VA":314.46,"TEXYPR_EXP":559.35,"MADYPR_VA":4.61,"MADYPR_EXP":7.4,"PAPYPR_VA":6.37,"PAPYPR_EXP":5.65,"PETREF_VA":1.64,"PETREF_EXP":0.48,"QUIMYP_VA":6.55,"QUIMYP_EXP":1.06,"FARMED_VA":3.89,"FARMED_EXP":0.7,"HUPLAS_VA":11.29,"HUPLAS_EXP":2.24,"PRNOMT_VA":11.12,"PRNOMT_EXP":0.3,"METBAS_VA":292.18,"METBAS_EXP":5.29,"NONFER_VA":3.39,"NONFER_EXP":3.52,"PRMETA_VA":15.4,"PRMETA_EXP":1.73,"ELCTRO_VA":0.02,"ELCTRO_EXP":0.01,"ELCTRI_VA":0.02,"ELCTRI_EXP":0.0,"MAQYEQ_VA":0.47,"MAQYEQ_EXP":0.45,"AUTOMO_VA":3.29,"AUTOMO_EXP":1.76,"OTRTRA_VA":0.56,"OTRTRA_EXP":0.12,"TRANSP_VA":1.01,"TRANSP_EXP":0.44,"OTRMAN_VA":20.72,"OTRMAN_EXP":21.13,"ELEGAS_VA":8.69,"ELEGAS_EXP":0.14,"AGUBAS_VA":8.32,"AGUBAS_EXP":0.22,"CONSTR_VA":118.74,"CONSTR_EXP":0.51,"COMREV_VA":259.12,"COMREV_EXP":68.98,"TRATIE_VA":83.14,"TRATIE_EXP":37.62,"TRAGUA_VA":8.72,"TRAGUA_EXP":9.22,"TRAAIR_VA":12.99,"TRAAIR_EXP":22.52,"ALMSTR_VA":41.36,"ALMSTR_EXP":33.54,"POSTME_VA":12.12,"POSTME_EXP":3.15,"HOTYRE_VA":120.82,"HOTYRE_EXP":23.29,"MMTVRA_VA":15.11,"MMTVRA_EXP":13.88,"TELECO_VA":44.84,"TELECO_EXP":10.33,"ITSERV_VA":11.27,"ITSERV_EXP":3.8,"SERFIN_VA":41.7,"SERFIN_EXP":6.42,"GOBEST_VA":185.86,"GOBEST_EXP":6.22,"SPRSCT_VA":26.89,"SPRSCT_EXP":5.64,"SEAEMP_VA":22.01,"SEAEMP_EXP":4.69,"ADPDEF_VA":87.58,"ADPDEF_EXP":0.33,"EDUCAC_VA":63.55,"EDUCAC_EXP":2.13,"SALUDH_VA":66.71,"SALUDH_EXP":1.54,"ESPARC_VA":26.02,"ESPARC_EXP":5.64,"OTRSER_VA":52.45,"OTRSER_EXP":1.9,"SERHOG_VA":0.0,"SERHOG_EXP":0.0}},{"type":"Feature","geometry":{"type":"Point","coordinates":[127.77,35.91]},"properties":{"id":"KOR","name":"Corea del Sur","continent":"asia","year":1997,"AGRPFO_VA":19949.01,"AGRPFO_EXP":252.94,"FORLOG_VA":1496.04,"FORLOG_EXP":144.1,"PESCAC_VA":2513.97,"PESCAC_EXP":839.68,"MINCOL_VA":180.52,"MINCOL_EXP":7.91,"PETGAS_VA":93.59,"PETGAS_EXP":1.11,"MINORE_VA":21.86,"MINORE_EXP":10.59,"MINOTH_VA":941.78,"MINOTH_EXP":93.36,"MINSER_VA":9.48,"MINSER_EXP":8.83,"ALYBEB_VA":9391.71,"ALYBEB_EXP":2362.83,"TEXYPR_VA":11408.54,"TEXYPR_EXP":15928.85,"MADYPR_VA":966.95,"MADYPR_EXP":134.4,"PAPYPR_VA":5255.93,"PAPYPR_EXP":1580.41,"PETREF_VA":8201.04,"PETREF_EXP":4821.5,"QUIMYP_VA":12761.17,"QUIMYP_EXP":5702.91,"FARMED_VA":3722.45,"FARMED_EXP":240.57,"HUPLAS_VA":4898.29,"HUPLAS_EXP":3259.32,"PRNOMT_VA":6656.21,"PRNOMT_EXP":679.21,"METBAS_VA":9232.27,"METBAS_EXP":6958.52,"NONFER_VA":1825.65,"NONFER_EXP":4471.38,"PRMETA_VA":7119.56,"PRMETA_EXP":2967.98,"ELCTRO_VA":21655.43,"ELCTRO_EXP":34419.48,"ELCTRI_VA":6527.93,"ELCTRI_EXP":4151.14,"MAQYEQ_VA":11796.61,"MAQYEQ_EXP":6124.26,"AUTOMO_VA":12681.32,"AUTOMO_EXP":11240.89,"OTRTRA_VA":4384.68,"OTRTRA_EXP":6504.58,"TRANSP_VA":610.65,"TRANSP_EXP":1134.46,"OTRMAN_VA":3894.69,"OTRMAN_EXP":2321.65,"ELEGAS_VA":8780.25,"ELEGAS_EXP":5.41,"AGUBAS_VA":2657.93,"AGUBAS_EXP":2.58,"CONSTR_VA":44496.91,"CONSTR_EXP":2.22,"COMREV_VA":56254.37,"COMREV_EXP":13529.02,"TRATIE_VA":5952.72,"TRATIE_EXP":1143.83,"TRAGUA_VA":5127.51,"TRAGUA_EXP":11244.97,"TRAAIR_VA":4785.9,"TRAAIR_EXP":5326.26,"ALMSTR_VA":4726.64,"ALMSTR_EXP":1833.39,"POSTME_VA":1761.77,"POSTME_EXP":109.02,"HOTYRE_VA":16062.68,"HOTYRE_EXP":919.76,"MMTVRA_VA":7233.66,"MMTVRA_EXP":192.94,"TELECO_VA":9087.74,"TELECO_EXP":307.16,"ITSERV_VA":7051.34,"ITSERV_EXP":490.21,"SERFIN_VA":29927.05,"SERFIN_EXP":529.46,"GOBEST_VA":46809.63,"GOBEST_EXP":117.75,"SPRSCT_VA":23598.12,"SPRSCT_EXP":1167.12,"SEAEMP_VA":14243.43,"SEAEMP_EXP":814.06,"ADPDEF_VA":27587.8,"ADPDEF_EXP":7.11,"EDUCAC_VA":23319.71,"EDUCAC_EXP":69.92,"SALUDH_VA":14450.13,"SALUDH_EXP":39.97,"ESPARC_VA":5582.59,"ESPARC_EXP":968.06,"OTRSER_VA":7302.24,"OTRSER_EXP":45.09,"SERHOG_VA":878.16,"SERHOG_EXP":0.0}},{"type":"Feature","geometry":{"type":"Point","coordinates":[102.5,19.86]},"properties":{"id":"LAO","name":"Laos","continent":"asia","year":1997,"AGRPFO_VA":294.16,"AGRPFO_EXP":25.92,"FORLOG_VA":51.65,"FORLOG_EXP":14.85,"PESCAC_VA":49.59,"PESCAC_EXP":0.26,"MINCOL_VA":17.09,"MINCOL_EXP":0.67,"PETGAS_VA":15.34,"PETGAS_EXP":0.13,"MINORE_VA":58.11,"MINORE_EXP":1.07,"MINOTH_VA":33.39,"MINOTH_EXP":0.43,"MINSER_VA":12.15,"MINSER_EXP":0.49,"ALYBEB_VA":68.71,"ALYBEB_EXP":6.5,"TEXYPR_VA":28.95,"TEXYPR_EXP":34.82,"MADYPR_VA":20.05,"MADYPR_EXP":32.47,"PAPYPR_VA":0.42,"PAPYPR_EXP":0.22,"PETREF_VA":8.18,"PETREF_EXP":0.14,"QUIMYP_VA":3.58,"QUIMYP_EXP":1.0,"FARMED_VA":2.26,"FARMED_EXP":0.35,"HUPLAS_VA":1.13,"HUPLAS_EXP":0.34,"PRNOMT_VA":16.3,"PRNOMT_EXP":0.25,"METBAS_VA":0.28,"METBAS_EXP":0.09,"NONFER_VA":0.27,"NONFER_EXP":0.05,"PRMETA_VA":5.94,"PRMETA_EXP":0.39,"ELCTRO_VA":0.46,"ELCTRO_EXP":0.29,"ELCTRI_VA":0.31,"ELCTRI_EXP":0.13,"MAQYEQ_VA":0.02,"MAQYEQ_EXP":0.0,"AUTOMO_VA":0.08,"AUTOMO_EXP":0.06,"OTRTRA_VA":0.04,"OTRTRA_EXP":0.02,"TRANSP_VA":0.04,"TRANSP_EXP":0.03,"OTRMAN_VA":13.37,"OTRMAN_EXP":7.68,"ELEGAS_VA":146.33,"ELEGAS_EXP":31.95,"AGUBAS_VA":24.75,"AGUBAS_EXP":0.31,"CONSTR_VA":90.65,"CONSTR_EXP":0.83,"COMREV_VA":242.5,"COMREV_EXP":28.24,"TRATIE_VA":34.87,"TRATIE_EXP":37.86,"TRAGUA_VA":1.99,"TRAGUA_EXP":0.99,"TRAAIR_VA":4.59,"TRAAIR_EXP":8.37,"ALMSTR_VA":5.57,"ALMSTR_EXP":1.07,"POSTME_VA":6.97,"POSTME_EXP":8.11,"HOTYRE_VA":32.41,"HOTYRE_EXP":18.81,"MMTVRA_VA":2.93,"MMTVRA_EXP":4.28,"TELECO_VA":30.9,"TELECO_EXP":13.94,"ITSERV_VA":3.05,"ITSERV_EXP":3.39,"SERFIN_VA":79.93,"SERFIN_EXP":68.97,"GOBEST_VA":83.83,"GOBEST_EXP":9.26,"SPRSCT_VA":11.78,"SPRSCT_EXP":14.41,"SEAEMP_VA":5.06,"SEAEMP_EXP":5.26,"ADPDEF_VA":113.59,"ADPDEF_EXP":0.68,"EDUCAC_VA":34.23,"EDUCAC_EXP":1.91,"SALUDH_VA":5.68,"SALUDH_EXP":1.24,"ESPARC_VA":5.5,"ESPARC_EXP":5.77,"OTRSER_VA":66.7,"OTRSER_EXP":1.71,"SERHOG_VA":8.5,"SERHOG_EXP":0.0}},{"type":"Feature","geometry":{"type":"Point","coordinates":[23.88,55.17]},"properties":{"id":"LTU","name":"Lituania","continent":"europe","year":1997,"AGRPFO_VA":909.33,"AGRPFO_EXP":197.51,"FORLOG_VA":61.12,"FORLOG_EXP":48.04,"PESCAC_VA":4.91,"PESCAC_EXP":1.9,"MINCOL_VA":3.96,"MINCOL_EXP":5.08,"PETGAS_VA":19.73,"PETGAS_EXP":0.69,"MINORE_VA":1.44,"MINORE_EXP":0.3,"MINOTH_VA":9.91,"MINOTH_EXP":11.39,"MINSER_VA":5.56,"MINSER_EXP":0.99,"ALYBEB_VA":513.0,"ALYBEB_EXP":316.36,"TEXYPR_VA":321.75,"TEXYPR_EXP":508.06,"MADYPR_VA":79.0,"MADYPR_EXP":144.89,"PAPYPR_VA":65.3,"PAPYPR_EXP":36.66,"PETREF_VA":311.2,"PETREF_EXP":214.62,"QUIMYP_VA":114.77,"QUIMYP_EXP":82.0,"FARMED_VA":8.6,"FARMED_EXP":7.71,"HUPLAS_VA":23.92,"HUPLAS_EXP":44.96,"PRNOMT_VA":74.25,"PRNOMT_EXP":43.43,"METBAS_VA":6.2,"METBAS_EXP":14.33,"NONFER_VA":0.64,"NONFER_EXP":1.01,"PRMETA_VA":36.63,"PRMETA_EXP":39.47,"ELCTRO_VA":72.06,"ELCTRO_EXP":147.49,"ELCTRI_VA":35.45,"ELCTRI_EXP":59.2,"MAQYEQ_VA":33.57,"MAQYEQ_EXP":35.92,"AUTOMO_VA":21.23,"AUTOMO_EXP":10.38,"OTRTRA_VA":16.67,"OTRTRA_EXP":20.19,"TRANSP_VA":7.78,"TRANSP_EXP":20.46,"OTRMAN_VA":129.4,"OTRMAN_EXP":188.6,"ELEGAS_VA":369.35,"ELEGAS_EXP":28.61,"AGUBAS_VA":76.68,"AGUBAS_EXP":2.45,"CONSTR_VA":697.7,"CONSTR_EXP":11.54,"COMREV_VA":1466.93,"COMREV_EXP":444.61,"TRATIE_VA":431.63,"TRATIE_EXP":358.94,"TRAGUA_VA":47.07,"TRAGUA_EXP":58.85,"TRAAIR_VA":16.15,"TRAAIR_EXP":42.24,"ALMSTR_VA":184.07,"ALMSTR_EXP":186.91,"POSTME_VA":14.48,"POSTME_EXP":5.35,"HOTYRE_VA":162.25,"HOTYRE_EXP":46.44,"MMTVRA_VA":66.48,"MMTVRA_EXP":9.53,"TELECO_VA":171.28,"TELECO_EXP":48.94,"ITSERV_VA":20.27,"ITSERV_EXP":17.64,"SERFIN_VA":141.29,"SERFIN_EXP":13.36,"GOBEST_VA":608.25,"GOBEST_EXP":17.73,"SPRSCT_VA":196.03,"SPRSCT_EXP":86.31,"SEAEMP_VA":102.64,"SEAEMP_EXP":22.27,"ADPDEF_VA":760.91,"ADPDEF_EXP":0.08,"EDUCAC_VA":542.7,"EDUCAC_EXP":6.29,"SALUDH_VA":284.66,"SALUDH_EXP":6.74,"ESPARC_VA":54.17,"ESPARC_EXP":29.44,"OTRSER_VA":160.76,"OTRSER_EXP":6.51,"SERHOG_VA":4.06,"SERHOG_EXP":0.0}},{"type":"Feature","geometry":{"type":"Point","coordinates":[6.13,49.82]},"properties":{"id":"LUX","name":"Luxemburgo","continent":"europe","year":1997,"AGRPFO_VA":125.46,"AGRPFO_EXP":79.93,"FORLOG_VA":13.54,"FORLOG_EXP":8.99,"PESCAC_VA":0.0,"PESCAC_EXP":0.0,"MINCOL_VA":0.0,"MINCOL_EXP":0.0,"PETGAS_VA":0.0,"PETGAS_EXP":0.0,"MINORE_VA":6.31,"MINORE_EXP":1.82,"MINOTH_VA":18.03,"MINOTH_EXP":1.91,"MINSER_VA":0.0,"MINSER_EXP":0.0,"ALYBEB_VA":194.86,"ALYBEB_EXP":157.49,"TEXYPR_VA":195.19,"TEXYPR_EXP":269.8,"MADYPR_VA":32.16,"MADYPR_EXP":71.31,"PAPYPR_VA":89.18,"PAPYPR_EXP":132.23,"PETREF_VA":0.0,"PETREF_EXP":0.0,"QUIMYP_VA":82.14,"QUIMYP_EXP":181.78,"FARMED_VA":0.66,"FARMED_EXP":8.23,"HUPLAS_VA":319.98,"HUPLAS_EXP":684.65,"PRNOMT_VA":202.53,"PRNOMT_EXP":350.87,"METBAS_VA":249.84,"METBAS_EXP":852.0,"NONFER_VA":250.92,"NONFER_EXP":862.13,"PRMETA_VA":179.91,"PRMETA_EXP":246.24,"ELCTRO_VA":169.22,"ELCTRO_EXP":149.3,"ELCTRI_VA":27.67,"ELCTRI_EXP":42.31,"MAQYEQ_VA":225.18,"MAQYEQ_EXP":550.25,"AUTOMO_VA":12.05,"AUTOMO_EXP":11.18,"OTRTRA_VA":0.08,"OTRTRA_EXP":0.08,"TRANSP_VA":0.15,"TRANSP_EXP":0.11,"OTRMAN_VA":44.04,"OTRMAN_EXP":55.33,"ELEGAS_VA":209.71,"ELEGAS_EXP":23.12,"AGUBAS_VA":124.68,"AGUBAS_EXP":1.28,"CONSTR_VA":1162.79,"CONSTR_EXP":36.53,"COMREV_VA":1697.22,"COMREV_EXP":578.9,"TRATIE_VA":570.98,"TRATIE_EXP":537.81,"TRAGUA_VA":18.07,"TRAGUA_EXP":23.9,"TRAAIR_VA":318.29,"TRAAIR_EXP":583.13,"ALMSTR_VA":85.39,"ALMSTR_EXP":78.64,"POSTME_VA":60.69,"POSTME_EXP":72.19,"HOTYRE_VA":613.23,"HOTYRE_EXP":501.46,"MMTVRA_VA":103.27,"MMTVRA_EXP":279.89,"TELECO_VA":620.5,"TELECO_EXP":388.68,"ITSERV_VA":245.31,"ITSERV_EXP":182.32,"SERFIN_VA":4312.5,"SERFIN_EXP":10428.47,"GOBEST_VA":1682.41,"GOBEST_EXP":142.17,"SPRSCT_VA":728.14,"SPRSCT_EXP":495.86,"SEAEMP_VA":360.68,"SEAEMP_EXP":167.69,"ADPDEF_VA":1103.14,"ADPDEF_EXP":12.36,"EDUCAC_VA":695.88,"EDUCAC_EXP":40.96,"SALUDH_VA":716.14,"SALUDH_EXP":44.1,"ESPARC_VA":101.51,"ESPARC_EXP":56.5,"OTRSER_VA":166.72,"OTRSER_EXP":31.86,"SERHOG_VA":81.31,"SERHOG_EXP":0.0}},{"type":"Feature","geometry":{"type":"Point","coordinates":[24.6,56.88]},"properties":{"id":"LVA","name":"Letonia","continent":"europe","year":1997,"AGRPFO_VA":280.21,"AGRPFO_EXP":26.07,"FORLOG_VA":66.32,"FORLOG_EXP":45.22,"PESCAC_VA":14.72,"PESCAC_EXP":2.47,"MINCOL_VA":0.26,"MINCOL_EXP":0.03,"PETGAS_VA":0.0,"PETGAS_EXP":0.0,"MINORE_VA":0.13,"MINORE_EXP":0.04,"MINOTH_VA":9.04,"MINOTH_EXP":2.1,"MINSER_VA":0.18,"MINSER_EXP":0.03,"ALYBEB_VA":404.97,"ALYBEB_EXP":178.41,"TEXYPR_VA":162.27,"TEXYPR_EXP":158.2,"MADYPR_VA":248.11,"MADYPR_EXP":236.89,"PAPYPR_VA":63.72,"PAPYPR_EXP":32.17,"PETREF_VA":5.2,"PETREF_EXP":2.66,"QUIMYP_VA":24.17,"QUIMYP_EXP":43.53,"FARMED_VA":22.48,"FARMED_EXP":27.49,"HUPLAS_VA":20.5,"HUPLAS_EXP":9.98,"PRNOMT_VA":31.83,"PRNOMT_EXP":19.09,"METBAS_VA":52.19,"METBAS_EXP":15.69,"NONFER_VA":9.54,"NONFER_EXP":19.76,"PRMETA_VA":47.72,"PRMETA_EXP":19.79,"ELCTRO_VA":16.42,"ELCTRO_EXP":18.22,"ELCTRI_VA":20.2,"ELCTRI_EXP":30.76,"MAQYEQ_VA":30.81,"MAQYEQ_EXP":44.41,"AUTOMO_VA":5.38,"AUTOMO_EXP":8.01,"OTRTRA_VA":11.72,"OTRTRA_EXP":14.75,"TRANSP_VA":9.52,"TRANSP_EXP":18.64,"OTRMAN_VA":94.55,"OTRMAN_EXP":102.39,"ELEGAS_VA":295.93,"ELEGAS_EXP":5.49,"AGUBAS_VA":80.3,"AGUBAS_EXP":2.16,"CONSTR_VA":302.33,"CONSTR_EXP":10.36,"COMREV_VA":729.88,"COMREV_EXP":212.52,"TRATIE_VA":284.71,"TRATIE_EXP":361.65,"TRAGUA_VA":42.72,"TRAGUA_EXP":25.9,"TRAAIR_VA":21.98,"TRAAIR_EXP":27.37,"ALMSTR_VA":525.8,"ALMSTR_EXP":90.29,"POSTME_VA":23.71,"POSTME_EXP":7.77,"HOTYRE_VA":69.9,"HOTYRE_EXP":62.26,"MMTVRA_VA":31.67,"MMTVRA_EXP":11.3,"TELECO_VA":157.95,"TELECO_EXP":36.13,"ITSERV_VA":23.99,"ITSERV_EXP":9.4,"SERFIN_VA":199.29,"SERFIN_EXP":126.83,"GOBEST_VA":254.96,"GOBEST_EXP":10.95,"SPRSCT_VA":119.21,"SPRSCT_EXP":80.18,"SEAEMP_VA":131.14,"SEAEMP_EXP":150.8,"ADPDEF_VA":515.52,"ADPDEF_EXP":2.8,"EDUCAC_VA":267.41,"EDUCAC_EXP":4.41,"SALUDH_VA":174.9,"SALUDH_EXP":2.75,"ESPARC_VA":79.4,"ESPARC_EXP":12.49,"OTRSER_VA":54.4,"OTRSER_EXP":3.12,"SERHOG_VA":7.31,"SERHOG_EXP":0.0}},{"type":"Feature","geometry":{"type":"Point","coordinates":[-7.09,31.79]},"properties":{"id":"MAR","name":"Marruecos","continent":"other","year":1997,"AGRPFO_VA":3811.56,"AGRPFO_EXP":599.41,"FORLOG_VA":581.41,"FORLOG_EXP":13.86,"PESCAC_VA":230.78,"PESCAC_EXP":274.83,"MINCOL_VA":2.53,"MINCOL_EXP":0.32,"PETGAS_VA":5.93,"PETGAS_EXP":0.5,"MINORE_VA":189.42,"MINORE_EXP":130.54,"MINOTH_VA":678.86,"MINOTH_EXP":553.65,"MINSER_VA":19.66,"MINSER_EXP":6.51,"ALYBEB_VA":1609.12,"ALYBEB_EXP":1123.72,"TEXYPR_VA":924.5,"TEXYPR_EXP":1669.08,"MADYPR_VA":83.52,"MADYPR_EXP":42.83,"PAPYPR_VA":183.05,"PAPYPR_EXP":50.95,"PETREF_VA":90.08,"PETREF_EXP":98.64,"QUIMYP_VA":670.4,"QUIMYP_EXP":894.08,"FARMED_VA":232.97,"FARMED_EXP":48.04,"HUPLAS_VA":196.66,"HUPLAS_EXP":55.0,"PRNOMT_VA":571.41,"PRNOMT_EXP":67.75,"METBAS_VA":149.91,"METBAS_EXP":39.79,"NONFER_VA":107.75,"NONFER_EXP":128.7,"PRMETA_VA":323.25,"PRMETA_EXP":28.12,"ELCTRO_VA":42.95,"ELCTRO_EXP":93.4,"ELCTRI_VA":175.24,"ELCTRI_EXP":156.13,"MAQYEQ_VA":111.16,"MAQYEQ_EXP":14.1,"AUTOMO_VA":474.12,"AUTOMO_EXP":62.19,"OTRTRA_VA":23.12,"OTRTRA_EXP":15.32,"TRANSP_VA":46.46,"TRANSP_EXP":23.76,"OTRMAN_VA":419.7,"OTRMAN_EXP":79.4,"ELEGAS_VA":931.66,"ELEGAS_EXP":10.49,"AGUBAS_VA":154.61,"AGUBAS_EXP":0.44,"CONSTR_VA":2509.71,"CONSTR_EXP":16.41,"COMREV_VA":4123.08,"COMREV_EXP":945.14,"TRATIE_VA":871.22,"TRATIE_EXP":157.29,"TRAGUA_VA":39.05,"TRAGUA_EXP":111.74,"TRAAIR_VA":152.89,"TRAAIR_EXP":201.63,"ALMSTR_VA":408.32,"ALMSTR_EXP":333.7,"POSTME_VA":41.04,"POSTME_EXP":40.13,"HOTYRE_VA":753.36,"HOTYRE_EXP":370.17,"MMTVRA_VA":123.86,"MMTVRA_EXP":27.49,"TELECO_VA":931.53,"TELECO_EXP":121.96,"ITSERV_VA":176.76,"ITSERV_EXP":87.28,"SERFIN_VA":1752.6,"SERFIN_EXP":45.38,"GOBEST_VA":1031.36,"GOBEST_EXP":57.36,"SPRSCT_VA":994.08,"SPRSCT_EXP":173.28,"SEAEMP_VA":1301.22,"SEAEMP_EXP":90.14,"ADPDEF_VA":3514.33,"ADPDEF_EXP":20.24,"EDUCAC_VA":2936.17,"EDUCAC_EXP":33.32,"SALUDH_VA":1083.86,"SALUDH_EXP":17.99,"ESPARC_VA":113.46,"ESPARC_EXP":33.47,"OTRSER_VA":353.76,"OTRSER_EXP":18.29,"SERHOG_VA":149.44,"SERHOG_EXP":0.0}},{"type":"Feature","geometry":{"type":"Point","coordinates":[-102.55,23.63]},"properties":{"id":"MEX","name":"México","continent":"america","year":1997,"AGRPFO_VA":19859.04,"AGRPFO_EXP":2443.72,"FORLOG_VA":1081.29,"FORLOG_EXP":11.18,"PESCAC_VA":367.08,"PESCAC_EXP":94.14,"MINCOL_VA":254.76,"MINCOL_EXP":0.11,"PETGAS_VA":24956.89,"PETGAS_EXP":10697.69,"MINORE_VA":1332.48,"MINORE_EXP":181.13,"MINOTH_VA":2271.42,"MINOTH_EXP":103.78,"MINSER_VA":841.35,"MINSER_EXP":6.36,"ALYBEB_VA":23472.37,"ALYBEB_EXP":2884.94,"TEXYPR_VA":7928.48,"TEXYPR_EXP":5199.88,"MADYPR_VA":1600.54,"MADYPR_EXP":151.03,"PAPYPR_VA":3108.06,"PAPYPR_EXP":877.88,"PETREF_VA":3584.74,"PETREF_EXP":1225.79,"QUIMYP_VA":9164.02,"QUIMYP_EXP":2073.22,"FARMED_VA":2572.3,"FARMED_EXP":1196.12,"HUPLAS_VA":3744.23,"HUPLAS_EXP":1939.01,"PRNOMT_VA":4748.11,"PRNOMT_EXP":1136.03,"METBAS_VA":3156.48,"METBAS_EXP":1281.91,"NONFER_VA":2679.04,"NONFER_EXP":1544.92,"PRMETA_VA":3531.82,"PRMETA_EXP":2403.02,"ELCTRO_VA":16753.91,"ELCTRO_EXP":16937.29,"ELCTRI_VA":4896.95,"ELCTRI_EXP":6251.43,"MAQYEQ_VA":6876.72,"MAQYEQ_EXP":2613.97,"AUTOMO_VA":14335.05,"AUTOMO_EXP":21824.5,"OTRTRA_VA":124.94,"OTRTRA_EXP":65.35,"TRANSP_VA":444.96,"TRANSP_EXP":1071.89,"OTRMAN_VA":5423.44,"OTRMAN_EXP":3112.8,"ELEGAS_VA":6504.47,"ELEGAS_EXP":66.77,"AGUBAS_VA":1106.27,"AGUBAS_EXP":12.04,"CONSTR_VA":25954.88,"CONSTR_EXP":0.16,"COMREV_VA":97668.28,"COMREV_EXP":15269.15,"TRATIE_VA":27924.6,"TRATIE_EXP":4803.2,"TRAGUA_VA":568.21,"TRAGUA_EXP":181.21,"TRAAIR_VA":646.84,"TRAAIR_EXP":631.44,"ALMSTR_VA":2159.6,"ALMSTR_EXP":602.46,"POSTME_VA":408.51,"POSTME_EXP":6.74,"HOTYRE_VA":15114.99,"HOTYRE_EXP":3049.11,"MMTVRA_VA":1600.47,"MMTVRA_EXP":407.42,"TELECO_VA":4428.35,"TELECO_EXP":214.9,"ITSERV_VA":916.16,"ITSERV_EXP":13.19,"SERFIN_VA":9374.67,"SERFIN_EXP":945.16,"GOBEST_VA":73937.56,"GOBEST_EXP":452.28,"SPRSCT_VA":8701.22,"SPRSCT_EXP":177.38,"SEAEMP_VA":18658.17,"SEAEMP_EXP":177.82,"ADPDEF_VA":14394.29,"ADPDEF_EXP":0.85,"EDUCAC_VA":14809.13,"EDUCAC_EXP":185.27,"SALUDH_VA":7652.51,"SALUDH_EXP":135.81,"ESPARC_VA":2946.27,"ESPARC_EXP":351.08,"OTRSER_VA":6819.68,"OTRSER_EXP":137.35,"SERHOG_VA":2290.96,"SERHOG_EXP":0.0}},{"type":"Feature","geometry":{"type":"Point","coordinates":[14.38,35.94]},"properties":{"id":"MLT","name":"Malta","continent":"europe","year":1997,"AGRPFO_VA":76.85,"AGRPFO_EXP":4.98,"FORLOG_VA":0.0,"FORLOG_EXP":0.0,"PESCAC_VA":9.44,"PESCAC_EXP":10.76,"MINCOL_VA":0.0,"MINCOL_EXP":0.0,"PETGAS_VA":1.02,"PETGAS_EXP":0.73,"MINORE_VA":0.34,"MINORE_EXP":0.1,"MINOTH_VA":7.62,"MINOTH_EXP":0.32,"MINSER_VA":8.03,"MINSER_EXP":0.92,"ALYBEB_VA":101.42,"ALYBEB_EXP":48.16,"TEXYPR_VA":111.9,"TEXYPR_EXP":89.56,"MADYPR_VA":2.86,"MADYPR_EXP":0.25,"PAPYPR_VA":40.32,"PAPYPR_EXP":30.16,"PETREF_VA":0.19,"PETREF_EXP":0.11,"QUIMYP_VA":11.84,"QUIMYP_EXP":9.08,"FARMED_VA":53.72,"FARMED_EXP":15.93,"HUPLAS_VA":41.36,"HUPLAS_EXP":39.57,"PRNOMT_VA":25.61,"PRNOMT_EXP":2.9,"METBAS_VA":0.36,"METBAS_EXP":0.15,"NONFER_VA":0.23,"NONFER_EXP":0.21,"PRMETA_VA":32.87,"PRMETA_EXP":7.05,"ELCTRO_VA":46.72,"ELCTRO_EXP":293.81,"ELCTRI_VA":18.42,"ELCTRI_EXP":19.04,"MAQYEQ_VA":16.69,"MAQYEQ_EXP":9.31,"AUTOMO_VA":26.95,"AUTOMO_EXP":1.63,"OTRTRA_VA":4.22,"OTRTRA_EXP":4.62,"TRANSP_VA":8.66,"TRANSP_EXP":6.0,"OTRMAN_VA":142.6,"OTRMAN_EXP":91.34,"ELEGAS_VA":0.78,"ELEGAS_EXP":0.26,"AGUBAS_VA":66.43,"AGUBAS_EXP":0.27,"CONSTR_VA":204.52,"CONSTR_EXP":0.18,"COMREV_VA":519.89,"COMREV_EXP":139.75,"TRATIE_VA":58.31,"TRATIE_EXP":38.67,"TRAGUA_VA":12.89,"TRAGUA_EXP":22.52,"TRAAIR_VA":38.96,"TRAAIR_EXP":81.17,"ALMSTR_VA":185.78,"ALMSTR_EXP":103.61,"POSTME_VA":12.76,"POSTME_EXP":3.3,"HOTYRE_VA":227.13,"HOTYRE_EXP":339.1,"MMTVRA_VA":16.83,"MMTVRA_EXP":4.5,"TELECO_VA":74.2,"TELECO_EXP":20.65,"ITSERV_VA":43.99,"ITSERV_EXP":7.31,"SERFIN_VA":103.99,"SERFIN_EXP":111.1,"GOBEST_VA":219.21,"GOBEST_EXP":24.68,"SPRSCT_VA":105.99,"SPRSCT_EXP":63.06,"SEAEMP_VA":104.73,"SEAEMP_EXP":57.44,"ADPDEF_VA":258.46,"ADPDEF_EXP":5.95,"EDUCAC_VA":185.62,"EDUCAC_EXP":9.65,"SALUDH_VA":158.84,"SALUDH_EXP":10.01,"ESPARC_VA":48.13,"ESPARC_EXP":41.35,"OTRSER_VA":48.7,"OTRSER_EXP":7.91,"SERHOG_VA":9.44,"SERHOG_EXP":0.0}},{"type":"Feature","geometry":{"type":"Point","coordinates":[95.96,21.91]},"properties":{"id":"MMR","name":"Myanmar","continent":"asia","year":1997,"AGRPFO_VA":2683.51,"AGRPFO_EXP":160.04,"FORLOG_VA":58.23,"FORLOG_EXP":31.18,"PESCAC_VA":432.59,"PESCAC_EXP":27.79,"MINCOL_VA":0.36,"MINCOL_EXP":0.03,"PETGAS_VA":174.12,"PETGAS_EXP":225.34,"MINORE_VA":44.38,"MINORE_EXP":2.13,"MINOTH_VA":31.93,"MINOTH_EXP":16.64,"MINSER_VA":1.65,"MINSER_EXP":0.45,"ALYBEB_VA":316.8,"ALYBEB_EXP":64.66,"TEXYPR_VA":216.73,"TEXYPR_EXP":64.96,"MADYPR_VA":32.97,"MADYPR_EXP":9.04,"PAPYPR_VA":32.72,"PAPYPR_EXP":2.62,"PETREF_VA":45.33,"PETREF_EXP":9.0,"QUIMYP_VA":39.96,"QUIMYP_EXP":1.98,"FARMED_VA":19.38,"FARMED_EXP":0.16,"HUPLAS_VA":24.86,"HUPLAS_EXP":1.38,"PRNOMT_VA":42.82,"PRNOMT_EXP":0.61,"METBAS_VA":22.73,"METBAS_EXP":0.09,"NONFER_VA":19.56,"NONFER_EXP":0.37,"PRMETA_VA":32.71,"PRMETA_EXP":1.59,"ELCTRO_VA":33.69,"ELCTRO_EXP":2.9,"ELCTRI_VA":23.24,"ELCTRI_EXP":3.91,"MAQYEQ_VA":26.28,"MAQYEQ_EXP":5.23,"AUTOMO_VA":44.81,"AUTOMO_EXP":0.59,"OTRTRA_VA":6.33,"OTRTRA_EXP":0.06,"TRANSP_VA":6.84,"TRANSP_EXP":2.95,"OTRMAN_VA":58.33,"OTRMAN_EXP":4.42,"ELEGAS_VA":30.38,"ELEGAS_EXP":1.38,"AGUBAS_VA":6.88,"AGUBAS_EXP":0.04,"CONSTR_VA":213.93,"CONSTR_EXP":0.57,"COMREV_VA":538.57,"COMREV_EXP":36.82,"TRATIE_VA":122.15,"TRATIE_EXP":6.57,"TRAGUA_VA":41.69,"TRAGUA_EXP":11.58,"TRAAIR_VA":29.49,"TRAAIR_EXP":10.48,"ALMSTR_VA":43.43,"ALMSTR_EXP":10.21,"POSTME_VA":8.12,"POSTME_EXP":0.03,"HOTYRE_VA":151.78,"HOTYRE_EXP":6.26,"MMTVRA_VA":31.72,"MMTVRA_EXP":0.61,"TELECO_VA":93.11,"TELECO_EXP":0.24,"ITSERV_VA":21.66,"ITSERV_EXP":0.5,"SERFIN_VA":158.68,"SERFIN_EXP":0.74,"GOBEST_VA":209.61,"GOBEST_EXP":1.85,"SPRSCT_VA":116.83,"SPRSCT_EXP":14.53,"SEAEMP_VA":75.56,"SEAEMP_EXP":7.45,"ADPDEF_VA":238.74,"ADPDEF_EXP":0.16,"EDUCAC_VA":135.3,"EDUCAC_EXP":0.41,"SALUDH_VA":160.59,"SALUDH_EXP":0.3,"ESPARC_VA":31.17,"ESPARC_EXP":0.6,"OTRSER_VA":55.16,"OTRSER_EXP":0.36,"SERHOG_VA":0.0,"SERHOG_EXP":0.0}},{"type":"Feature","geometry":{"type":"Point","coordinates":[101.98,4.21]},"properties":{"id":"MYS","name":"Malasia","continent":"asia","year":1997,"AGRPFO_VA":7352.95,"AGRPFO_EXP":1980.27,"FORLOG_VA":965.28,"FORLOG_EXP":1312.3,"PESCAC_VA":1020.53,"PESCAC_EXP":64.34,"MINCOL_VA":3671.11,"MINCOL_EXP":104.27,"PETGAS_VA":5252.47,"PETGAS_EXP":5092.82,"MINORE_VA":147.99,"MINORE_EXP":35.41,"MINOTH_VA":534.98,"MINOTH_EXP":61.74,"MINSER_VA":649.56,"MINSER_EXP":48.51,"ALYBEB_VA":1509.14,"ALYBEB_EXP":5453.09,"TEXYPR_VA":341.06,"TEXYPR_EXP":1562.75,"MADYPR_VA":500.94,"MADYPR_EXP":1959.89,"PAPYPR_VA":607.28,"PAPYPR_EXP":283.52,"PETREF_VA":2870.92,"PETREF_EXP":1462.26,"QUIMYP_VA":1817.67,"QUIMYP_EXP":2969.93,"FARMED_VA":132.38,"FARMED_EXP":70.41,"HUPLAS_VA":1175.45,"HUPLAS_EXP":2575.67,"PRNOMT_VA":640.22,"PRNOMT_EXP":409.18,"METBAS_VA":362.2,"METBAS_EXP":587.47,"NONFER_VA":214.8,"NONFER_EXP":918.18,"PRMETA_VA":725.73,"PRMETA_EXP":696.61,"ELCTRO_VA":4564.38,"ELCTRO_EXP":23863.12,"ELCTRI_VA":308.75,"ELCTRI_EXP":2151.22,"MAQYEQ_VA":540.24,"MAQYEQ_EXP":1497.82,"AUTOMO_VA":1579.16,"AUTOMO_EXP":221.77,"OTRTRA_VA":162.46,"OTRTRA_EXP":1759.11,"TRANSP_VA":153.52,"TRANSP_EXP":634.22,"OTRMAN_VA":743.06,"OTRMAN_EXP":811.32,"ELEGAS_VA":2000.55,"ELEGAS_EXP":115.96,"AGUBAS_VA":694.69,"AGUBAS_EXP":4.27,"CONSTR_VA":3214.83,"CONSTR_EXP":11.8,"COMREV_VA":20624.53,"COMREV_EXP":5852.63,"TRATIE_VA":903.22,"TRATIE_EXP":1028.68,"TRAGUA_VA":541.26,"TRAGUA_EXP":1210.4,"TRAAIR_VA":452.49,"TRAAIR_EXP":1881.86,"ALMSTR_VA":1031.6,"ALMSTR_EXP":823.72,"POSTME_VA":134.89,"POSTME_EXP":324.32,"HOTYRE_VA":2851.51,"HOTYRE_EXP":3073.07,"MMTVRA_VA":447.59,"MMTVRA_EXP":292.15,"TELECO_VA":2143.43,"TELECO_EXP":575.72,"ITSERV_VA":1053.78,"ITSERV_EXP":1138.17,"SERFIN_VA":7239.18,"SERFIN_EXP":1750.42,"GOBEST_VA":2791.21,"GOBEST_EXP":729.52,"SPRSCT_VA":1917.37,"SPRSCT_EXP":2070.47,"SEAEMP_VA":982.99,"SEAEMP_EXP":1025.71,"ADPDEF_VA":7260.46,"ADPDEF_EXP":270.87,"EDUCAC_VA":3222.92,"EDUCAC_EXP":170.23,"SALUDH_VA":908.4,"SALUDH_EXP":128.61,"ESPARC_VA":592.3,"ESPARC_EXP":359.75,"OTRSER_VA":205.39,"OTRSER_EXP":133.48,"SERHOG_VA":105.05,"SERHOG_EXP":0.0}},{"type":"Feature","geometry":{"type":"Point","coordinates":[8.68,9.08]},"properties":{"id":"NGA","name":"Nigeria","continent":"other","year":1997,"AGRPFO_VA":15255.42,"AGRPFO_EXP":2193.02,"FORLOG_VA":162.62,"FORLOG_EXP":41.03,"PESCAC_VA":361.53,"PESCAC_EXP":0.68,"MINCOL_VA":25.77,"MINCOL_EXP":0.47,"PETGAS_VA":8069.39,"PETGAS_EXP":10393.07,"MINORE_VA":7.84,"MINORE_EXP":1.62,"MINOTH_VA":37.53,"MINOTH_EXP":8.95,"MINSER_VA":7.42,"MINSER_EXP":7.32,"ALYBEB_VA":4384.19,"ALYBEB_EXP":370.64,"TEXYPR_VA":687.1,"TEXYPR_EXP":486.67,"MADYPR_VA":273.81,"MADYPR_EXP":39.79,"PAPYPR_VA":82.76,"PAPYPR_EXP":1.01,"PETREF_VA":118.48,"PETREF_EXP":213.21,"QUIMYP_VA":107.42,"QUIMYP_EXP":55.3,"FARMED_VA":21.06,"FARMED_EXP":0.74,"HUPLAS_VA":81.22,"HUPLAS_EXP":50.03,"PRNOMT_VA":448.97,"PRNOMT_EXP":2.28,"METBAS_VA":24.04,"METBAS_EXP":4.78,"NONFER_VA":21.81,"NONFER_EXP":15.38,"PRMETA_VA":23.57,"PRMETA_EXP":13.71,"ELCTRO_VA":32.98,"ELCTRO_EXP":2.85,"ELCTRI_VA":5.56,"ELCTRI_EXP":1.59,"MAQYEQ_VA":24.35,"MAQYEQ_EXP":23.47,"AUTOMO_VA":52.01,"AUTOMO_EXP":9.13,"OTRTRA_VA":32.82,"OTRTRA_EXP":3.62,"TRANSP_VA":0.53,"TRANSP_EXP":0.45,"OTRMAN_VA":244.57,"OTRMAN_EXP":8.88,"ELEGAS_VA":42.78,"ELEGAS_EXP":12.77,"AGUBAS_VA":91.47,"AGUBAS_EXP":0.19,"CONSTR_VA":1131.64,"CONSTR_EXP":0.53,"COMREV_VA":8621.1,"COMREV_EXP":956.63,"TRATIE_VA":1138.12,"TRATIE_EXP":504.8,"TRAGUA_VA":72.23,"TRAGUA_EXP":45.08,"TRAAIR_VA":84.42,"TRAAIR_EXP":222.01,"ALMSTR_VA":178.12,"ALMSTR_EXP":66.5,"POSTME_VA":33.38,"POSTME_EXP":36.13,"HOTYRE_VA":240.62,"HOTYRE_EXP":5.89,"MMTVRA_VA":1472.72,"MMTVRA_EXP":18.17,"TELECO_VA":2326.65,"TELECO_EXP":22.06,"ITSERV_VA":836.93,"ITSERV_EXP":42.34,"SERFIN_VA":1650.28,"SERFIN_EXP":36.3,"GOBEST_VA":3234.77,"GOBEST_EXP":23.23,"SPRSCT_VA":1147.42,"SPRSCT_EXP":22.68,"SEAEMP_VA":8.59,"SEAEMP_EXP":2.18,"ADPDEF_VA":336.11,"ADPDEF_EXP":0.28,"EDUCAC_VA":726.77,"EDUCAC_EXP":0.32,"SALUDH_VA":364.19,"SALUDH_EXP":0.27,"ESPARC_VA":50.78,"ESPARC_EXP":0.61,"OTRSER_VA":769.39,"OTRSER_EXP":0.91,"SERHOG_VA":191.56,"SERHOG_EXP":0.0}},{"type":"Feature","geometry":{"type":"Point","coordinates":[5.29,52.13]},"properties":{"id":"NLD","name":"Países Bajos","continent":"europe","year":1997,"AGRPFO_VA":12280.25,"AGRPFO_EXP":12120.53,"FORLOG_VA":85.27,"FORLOG_EXP":31.73,"PESCAC_VA":399.79,"PESCAC_EXP":366.88,"MINCOL_VA":0.0,"MINCOL_EXP":0.0,"PETGAS_VA":9119.82,"PETGAS_EXP":3923.64,"MINORE_VA":0.0,"MINORE_EXP":0.0,"MINOTH_VA":337.73,"MINOTH_EXP":423.77,"MINSER_VA":1672.79,"MINSER_EXP":1505.44,"ALYBEB_VA":10494.64,"ALYBEB_EXP":18403.2,"TEXYPR_VA":1328.99,"TEXYPR_EXP":3153.29,"MADYPR_VA":866.21,"MADYPR_EXP":726.99,"PAPYPR_VA":4471.66,"PAPYPR_EXP":3196.96,"PETREF_VA":471.63,"PETREF_EXP":5498.55,"QUIMYP_VA":7692.17,"QUIMYP_EXP":18339.45,"FARMED_VA":2271.04,"FARMED_EXP":1999.93,"HUPLAS_VA":2176.44,"HUPLAS_EXP":3355.26,"PRNOMT_VA":2226.5,"PRNOMT_EXP":1300.54,"METBAS_VA":1535.11,"METBAS_EXP":1287.08,"NONFER_VA":533.25,"NONFER_EXP":1439.29,"PRMETA_VA":5049.49,"PRMETA_EXP":5388.49,"ELCTRO_VA":4276.74,"ELCTRO_EXP":10038.11,"ELCTRI_VA":3238.93,"ELCTRI_EXP":5218.52,"MAQYEQ_VA":4384.0,"MAQYEQ_EXP":8366.57,"AUTOMO_VA":2000.03,"AUTOMO_EXP":3150.67,"OTRTRA_VA":704.61,"OTRTRA_EXP":735.83,"TRANSP_VA":413.11,"TRANSP_EXP":308.54,"OTRMAN_VA":4684.56,"OTRMAN_EXP":4199.47,"ELEGAS_VA":5171.34,"ELEGAS_EXP":232.84,"AGUBAS_VA":2546.52,"AGUBAS_EXP":273.88,"CONSTR_VA":19017.38,"CONSTR_EXP":201.99,"COMREV_VA":49474.23,"COMREV_EXP":24441.99,"TRATIE_VA":8985.59,"TRATIE_EXP":4835.51,"TRAGUA_VA":1747.53,"TRAGUA_EXP":2341.8,"TRAAIR_VA":2653.38,"TRAAIR_EXP":4395.76,"ALMSTR_VA":4704.33,"ALMSTR_EXP":3555.2,"POSTME_VA":2535.84,"POSTME_EXP":1224.14,"HOTYRE_VA":7162.36,"HOTYRE_EXP":2329.38,"MMTVRA_VA":4062.24,"MMTVRA_EXP":2082.81,"TELECO_VA":4924.45,"TELECO_EXP":573.39,"ITSERV_VA":5023.94,"ITSERV_EXP":2586.73,"SERFIN_VA":27994.63,"SERFIN_EXP":4610.12,"GOBEST_VA":30060.55,"GOBEST_EXP":323.82,"SPRSCT_VA":28131.73,"SPRSCT_EXP":11790.08,"SEAEMP_VA":18065.15,"SEAEMP_EXP":5068.85,"ADPDEF_VA":29572.43,"ADPDEF_EXP":1228.98,"EDUCAC_VA":18360.56,"EDUCAC_EXP":362.5,"SALUDH_VA":24210.48,"SALUDH_EXP":157.62,"ESPARC_VA":4290.34,"ESPARC_EXP":570.94,"OTRSER_VA":4849.26,"OTRSER_EXP":150.79,"SERHOG_VA":29.17,"SERHOG_EXP":0.0}},{"type":"Feature","geometry":{"type":"Point","coordinates":[8.47,60.47]},"properties":{"id":"NOR","name":"Noruega","continent":"europe","year":1997,"AGRPFO_VA":1647.46,"AGRPFO_EXP":55.87,"FORLOG_VA":691.77,"FORLOG_EXP":15.6,"PESCAC_VA":1142.87,"PESCAC_EXP":1045.8,"MINCOL_VA":78.24,"MINCOL_EXP":45.37,"PETGAS_VA":23133.85,"PETGAS_EXP":22439.53,"MINORE_VA":18.22,"MINORE_EXP":28.44,"MINOTH_VA":124.7,"MINOTH_EXP":185.3,"MINSER_VA":953.1,"MINSER_EXP":21.69,"ALYBEB_VA":2512.89,"ALYBEB_EXP":2119.25,"TEXYPR_VA":363.96,"TEXYPR_EXP":184.29,"MADYPR_VA":717.85,"MADYPR_EXP":255.36,"PAPYPR_VA":1465.67,"PAPYPR_EXP":1235.27,"PETREF_VA":280.47,"PETREF_EXP":1973.95,"QUIMYP_VA":887.83,"QUIMYP_EXP":1781.64,"FARMED_VA":380.31,"FARMED_EXP":186.26,"HUPLAS_VA":410.67,"HUPLAS_EXP":220.09,"PRNOMT_VA":689.57,"PRNOMT_EXP":226.79,"METBAS_VA":549.1,"METBAS_EXP":741.35,"NONFER_VA":830.07,"NONFER_EXP":2790.85,"PRMETA_VA":1085.77,"PRMETA_EXP":454.02,"ELCTRO_VA":959.64,"ELCTRO_EXP":1098.3,"ELCTRI_VA":744.39,"ELCTRI_EXP":438.19,"MAQYEQ_VA":1284.73,"MAQYEQ_EXP":1014.37,"AUTOMO_VA":296.21,"AUTOMO_EXP":344.13,"OTRTRA_VA":1619.41,"OTRTRA_EXP":827.26,"TRANSP_VA":52.02,"TRANSP_EXP":78.96,"OTRMAN_VA":1693.16,"OTRMAN_EXP":1153.38,"ELEGAS_VA":3457.49,"ELEGAS_EXP":267.75,"AGUBAS_VA":1053.67,"AGUBAS_EXP":5.41,"CONSTR_VA":6648.73,"CONSTR_EXP":15.99,"COMREV_VA":14600.1,"COMREV_EXP":3734.05,"TRATIE_VA":4655.36,"TRATIE_EXP":1607.48,"TRAGUA_VA":3365.03,"TRAGUA_EXP":7732.53,"TRAAIR_VA":800.75,"TRAAIR_EXP":404.14,"ALMSTR_VA":1544.12,"ALMSTR_EXP":832.02,"POSTME_VA":1096.5,"POSTME_EXP":59.23,"HOTYRE_VA":2352.5,"HOTYRE_EXP":799.3,"MMTVRA_VA":2098.75,"MMTVRA_EXP":236.87,"TELECO_VA":2178.14,"TELECO_EXP":269.45,"ITSERV_VA":1309.19,"ITSERV_EXP":464.67,"SERFIN_VA":5255.01,"SERFIN_EXP":796.59,"GOBEST_VA":9900.59,"GOBEST_EXP":167.88,"SPRSCT_VA":5154.15,"SPRSCT_EXP":1593.71,"SEAEMP_VA":2366.08,"SEAEMP_EXP":656.76,"ADPDEF_VA":10056.05,"ADPDEF_EXP":4.33,"EDUCAC_VA":7046.2,"EDUCAC_EXP":52.61,"SALUDH_VA":12109.81,"SALUDH_EXP":61.15,"ESPARC_VA":1943.35,"ESPARC_EXP":133.84,"OTRSER_VA":1310.63,"OTRSER_EXP":33.09,"SERHOG_VA":133.65,"SERHOG_EXP":0.0}},{"type":"Feature","geometry":{"type":"Point","coordinates":[174.89,-40.9]},"properties":{"id":"NZL","name":"Nueva Zelanda","continent":"other","year":1997,"AGRPFO_VA":3124.25,"AGRPFO_EXP":786.97,"FORLOG_VA":642.7,"FORLOG_EXP":359.34,"PESCAC_VA":626.07,"PESCAC_EXP":94.26,"MINCOL_VA":16.37,"MINCOL_EXP":31.55,"PETGAS_VA":208.82,"PETGAS_EXP":66.76,"MINORE_VA":535.52,"MINORE_EXP":141.39,"MINOTH_VA":84.94,"MINOTH_EXP":9.9,"MINSER_VA":66.86,"MINSER_EXP":6.56,"ALYBEB_VA":3725.53,"ALYBEB_EXP":4785.61,"TEXYPR_VA":677.37,"TEXYPR_EXP":707.39,"MADYPR_VA":675.52,"MADYPR_EXP":484.04,"PAPYPR_VA":1058.69,"PAPYPR_EXP":608.13,"PETREF_VA":898.86,"PETREF_EXP":226.28,"QUIMYP_VA":628.56,"QUIMYP_EXP":477.69,"FARMED_VA":67.13,"FARMED_EXP":57.44,"HUPLAS_VA":599.79,"HUPLAS_EXP":247.18,"PRNOMT_VA":426.99,"PRNOMT_EXP":42.62,"METBAS_VA":117.64,"METBAS_EXP":184.57,"NONFER_VA":269.05,"NONFER_EXP":626.41,"PRMETA_VA":818.65,"PRMETA_EXP":257.78,"ELCTRO_VA":121.16,"ELCTRO_EXP":156.41,"ELCTRI_VA":296.62,"ELCTRI_EXP":335.8,"MAQYEQ_VA":656.01,"MAQYEQ_EXP":300.37,"AUTOMO_VA":91.38,"AUTOMO_EXP":33.71,"OTRTRA_VA":72.06,"OTRTRA_EXP":60.85,"TRANSP_VA":248.88,"TRANSP_EXP":43.27,"OTRMAN_VA":331.62,"OTRMAN_EXP":182.91,"ELEGAS_VA":1698.42,"ELEGAS_EXP":92.62,"AGUBAS_VA":369.27,"AGUBAS_EXP":6.58,"CONSTR_VA":3284.93,"CONSTR_EXP":20.89,"COMREV_VA":7267.88,"COMREV_EXP":2785.63,"TRATIE_VA":1237.97,"TRATIE_EXP":319.87,"TRAGUA_VA":208.36,"TRAGUA_EXP":73.09,"TRAAIR_VA":367.75,"TRAAIR_EXP":889.41,"ALMSTR_VA":1057.34,"ALMSTR_EXP":203.32,"POSTME_VA":481.09,"POSTME_EXP":49.97,"HOTYRE_VA":1438.99,"HOTYRE_EXP":799.88,"MMTVRA_VA":883.71,"MMTVRA_EXP":114.27,"TELECO_VA":1048.88,"TELECO_EXP":191.71,"ITSERV_VA":921.31,"ITSERV_EXP":98.96,"SERFIN_VA":3044.98,"SERFIN_EXP":152.38,"GOBEST_VA":7800.03,"GOBEST_EXP":158.77,"SPRSCT_VA":4582.3,"SPRSCT_EXP":323.59,"SEAEMP_VA":921.31,"SEAEMP_EXP":550.43,"ADPDEF_VA":2781.48,"ADPDEF_EXP":34.32,"EDUCAC_VA":2882.84,"EDUCAC_EXP":124.18,"SALUDH_VA":3260.34,"SALUDH_EXP":40.1,"ESPARC_VA":1038.57,"ESPARC_EXP":257.32,"OTRSER_VA":1619.9,"OTRSER_EXP":44.24,"SERHOG_VA":182.46,"SERHOG_EXP":0.0}},{"type":"Feature","geometry":{"type":"Point","coordinates":[69.35,30.38]},"properties":{"id":"PAK","name":"Pakistán","continent":"asia","year":1997,"AGRPFO_VA":16821.64,"AGRPFO_EXP":196.42,"FORLOG_VA":660.95,"FORLOG_EXP":2.2,"PESCAC_VA":374.48,"PESCAC_EXP":9.59,"MINCOL_VA":49.93,"MINCOL_EXP":1.28,"PETGAS_VA":1058.49,"PETGAS_EXP":84.61,"MINORE_VA":54.51,"MINORE_EXP":7.94,"MINOTH_VA":55.78,"MINOTH_EXP":8.69,"MINSER_VA":66.81,"MINSER_EXP":1.47,"ALYBEB_VA":2531.37,"ALYBEB_EXP":523.2,"TEXYPR_VA":3633.61,"TEXYPR_EXP":4633.59,"MADYPR_VA":271.21,"MADYPR_EXP":6.4,"PAPYPR_VA":574.47,"PAPYPR_EXP":7.15,"PETREF_VA":595.59,"PETREF_EXP":27.47,"QUIMYP_VA":703.06,"QUIMYP_EXP":26.79,"FARMED_VA":259.03,"FARMED_EXP":12.43,"HUPLAS_VA":321.68,"HUPLAS_EXP":18.1,"PRNOMT_VA":554.42,"PRNOMT_EXP":21.62,"METBAS_VA":294.3,"METBAS_EXP":2.49,"NONFER_VA":246.17,"NONFER_EXP":1.63,"PRMETA_VA":406.64,"PRMETA_EXP":53.95,"ELCTRO_VA":387.27,"ELCTRO_EXP":11.94,"ELCTRI_VA":260.47,"ELCTRI_EXP":12.51,"MAQYEQ_VA":433.28,"MAQYEQ_EXP":14.39,"AUTOMO_VA":639.94,"AUTOMO_EXP":4.98,"OTRTRA_VA":86.88,"OTRTRA_EXP":0.1,"TRANSP_VA":96.21,"TRANSP_EXP":2.27,"OTRMAN_VA":293.81,"OTRMAN_EXP":192.06,"ELEGAS_VA":1916.85,"ELEGAS_EXP":4.46,"AGUBAS_VA":433.69,"AGUBAS_EXP":1.92,"CONSTR_VA":1950.25,"CONSTR_EXP":6.92,"COMREV_VA":6731.1,"COMREV_EXP":879.65,"TRATIE_VA":1667.25,"TRATIE_EXP":85.61,"TRAGUA_VA":454.18,"TRAGUA_EXP":320.73,"TRAAIR_VA":336.52,"TRAAIR_EXP":171.87,"ALMSTR_VA":560.17,"ALMSTR_EXP":52.33,"POSTME_VA":145.68,"POSTME_EXP":0.9,"HOTYRE_VA":1708.37,"HOTYRE_EXP":38.8,"MMTVRA_VA":581.15,"MMTVRA_EXP":61.34,"TELECO_VA":1271.53,"TELECO_EXP":213.36,"ITSERV_VA":348.36,"ITSERV_EXP":142.78,"SERFIN_VA":2367.18,"SERFIN_EXP":104.1,"GOBEST_VA":3455.27,"GOBEST_EXP":13.21,"SPRSCT_VA":1825.78,"SPRSCT_EXP":269.03,"SEAEMP_VA":1112.47,"SEAEMP_EXP":109.46,"ADPDEF_VA":3540.95,"ADPDEF_EXP":2.46,"EDUCAC_VA":1635.48,"EDUCAC_EXP":3.45,"SALUDH_VA":2572.36,"SALUDH_EXP":2.93,"ESPARC_VA":497.8,"ESPARC_EXP":15.1,"OTRSER_VA":905.42,"OTRSER_EXP":6.25,"SERHOG_VA":421.61,"SERHOG_EXP":0.0}},{"type":"Feature","geometry":{"type":"Point","coordinates":[-75.02,-9.19]},"properties":{"id":"PER","name":"Perú","continent":"america","year":1997,"AGRPFO_VA":3136.21,"AGRPFO_EXP":217.05,"FORLOG_VA":146.74,"FORLOG_EXP":8.25,"PESCAC_VA":416.1,"PESCAC_EXP":4.66,"MINCOL_VA":83.56,"MINCOL_EXP":0.06,"PETGAS_VA":990.06,"PETGAS_EXP":418.61,"MINORE_VA":6393.13,"MINORE_EXP":2258.16,"MINOTH_VA":157.55,"MINOTH_EXP":5.73,"MINSER_VA":636.73,"MINSER_EXP":0.27,"ALYBEB_VA":2214.92,"ALYBEB_EXP":1012.6,"TEXYPR_VA":1257.32,"TEXYPR_EXP":419.38,"MADYPR_VA":282.5,"MADYPR_EXP":31.94,"PAPYPR_VA":513.0,"PAPYPR_EXP":15.79,"PETREF_VA":409.68,"PETREF_EXP":316.87,"QUIMYP_VA":543.83,"QUIMYP_EXP":127.39,"FARMED_VA":166.09,"FARMED_EXP":12.7,"HUPLAS_VA":336.39,"HUPLAS_EXP":41.47,"PRNOMT_VA":551.34,"PRNOMT_EXP":28.79,"METBAS_VA":149.51,"METBAS_EXP":34.08,"NONFER_VA":1123.56,"NONFER_EXP":1210.55,"PRMETA_VA":336.1,"PRMETA_EXP":75.25,"ELCTRO_VA":20.64,"ELCTRO_EXP":4.62,"ELCTRI_VA":19.55,"ELCTRI_EXP":33.65,"MAQYEQ_VA":230.0,"MAQYEQ_EXP":26.4,"AUTOMO_VA":116.21,"AUTOMO_EXP":9.28,"OTRTRA_VA":7.16,"OTRTRA_EXP":0.94,"TRANSP_VA":57.54,"TRANSP_EXP":1.63,"OTRMAN_VA":1317.49,"OTRMAN_EXP":207.05,"ELEGAS_VA":932.23,"ELEGAS_EXP":1.79,"AGUBAS_VA":227.58,"AGUBAS_EXP":0.17,"CONSTR_VA":3539.86,"CONSTR_EXP":1.68,"COMREV_VA":5730.62,"COMREV_EXP":544.19,"TRATIE_VA":2005.79,"TRATIE_EXP":140.94,"TRAGUA_VA":50.0,"TRAGUA_EXP":56.47,"TRAAIR_VA":147.16,"TRAAIR_EXP":117.2,"ALMSTR_VA":592.87,"ALMSTR_EXP":69.82,"POSTME_VA":69.81,"POSTME_EXP":10.52,"HOTYRE_VA":1683.88,"HOTYRE_EXP":317.9,"MMTVRA_VA":290.9,"MMTVRA_EXP":21.07,"TELECO_VA":1026.03,"TELECO_EXP":67.46,"ITSERV_VA":154.86,"ITSERV_EXP":3.88,"SERFIN_VA":1836.55,"SERFIN_EXP":64.41,"GOBEST_VA":2684.1,"GOBEST_EXP":33.34,"SPRSCT_VA":1577.05,"SPRSCT_EXP":42.7,"SEAEMP_VA":1219.33,"SEAEMP_EXP":36.37,"ADPDEF_VA":2383.67,"ADPDEF_EXP":77.63,"EDUCAC_VA":2646.1,"EDUCAC_EXP":16.06,"SALUDH_VA":1268.8,"SALUDH_EXP":16.42,"ESPARC_VA":317.81,"ESPARC_EXP":60.86,"OTRSER_VA":601.76,"OTRSER_EXP":21.54,"SERHOG_VA":1394.62,"SERHOG_EXP":0.0}},{"type":"Feature","geometry":{"type":"Point","coordinates":[121.77,12.88]},"properties":{"id":"PHL","name":"Filipinas","continent":"asia","year":1997,"AGRPFO_VA":8910.63,"AGRPFO_EXP":1941.24,"FORLOG_VA":832.89,"FORLOG_EXP":22.96,"PESCAC_VA":1930.92,"PESCAC_EXP":446.3,"MINCOL_VA":60.68,"MINCOL_EXP":64.95,"PETGAS_VA":379.45,"PETGAS_EXP":111.6,"MINORE_VA":296.06,"MINORE_EXP":524.55,"MINOTH_VA":155.8,"MINOTH_EXP":23.72,"MINSER_VA":28.81,"MINSER_EXP":54.28,"ALYBEB_VA":8135.28,"ALYBEB_EXP":2445.05,"TEXYPR_VA":2637.59,"TEXYPR_EXP":3247.52,"MADYPR_VA":331.27,"MADYPR_EXP":567.66,"PAPYPR_VA":452.45,"PAPYPR_EXP":312.49,"PETREF_VA":1159.63,"PETREF_EXP":685.43,"QUIMYP_VA":1095.97,"QUIMYP_EXP":364.65,"FARMED_VA":256.12,"FARMED_EXP":54.11,"HUPLAS_VA":333.03,"HUPLAS_EXP":495.89,"PRNOMT_VA":498.08,"PRNOMT_EXP":271.13,"METBAS_VA":161.49,"METBAS_EXP":136.44,"NONFER_VA":275.69,"NONFER_EXP":757.82,"PRMETA_VA":271.54,"PRMETA_EXP":347.69,"ELCTRO_VA":4183.9,"ELCTRO_EXP":9029.09,"ELCTRI_VA":434.69,"ELCTRI_EXP":916.0,"MAQYEQ_VA":468.93,"MAQYEQ_EXP":234.41,"AUTOMO_VA":266.98,"AUTOMO_EXP":433.1,"OTRTRA_VA":60.41,"OTRTRA_EXP":40.81,"TRANSP_VA":173.46,"TRANSP_EXP":104.1,"OTRMAN_VA":789.57,"OTRMAN_EXP":1087.03,"ELEGAS_VA":2860.21,"ELEGAS_EXP":14.74,"AGUBAS_VA":343.2,"AGUBAS_EXP":3.85,"CONSTR_VA":5425.05,"CONSTR_EXP":59.51,"COMREV_VA":13093.08,"COMREV_EXP":3871.04,"TRATIE_VA":1960.88,"TRATIE_EXP":708.72,"TRAGUA_VA":310.04,"TRAGUA_EXP":457.62,"TRAAIR_VA":220.66,"TRAAIR_EXP":368.13,"ALMSTR_VA":532.66,"ALMSTR_EXP":120.88,"POSTME_VA":44.51,"POSTME_EXP":47.46,"HOTYRE_VA":1366.97,"HOTYRE_EXP":1093.33,"MMTVRA_VA":427.51,"MMTVRA_EXP":177.02,"TELECO_VA":2598.96,"TELECO_EXP":353.45,"ITSERV_VA":594.02,"ITSERV_EXP":149.73,"SERFIN_VA":4326.25,"SERFIN_EXP":591.33,"GOBEST_VA":6016.32,"GOBEST_EXP":236.01,"SPRSCT_VA":778.86,"SPRSCT_EXP":218.51,"SEAEMP_VA":1046.31,"SEAEMP_EXP":328.93,"ADPDEF_VA":4694.73,"ADPDEF_EXP":11.77,"EDUCAC_VA":4235.02,"EDUCAC_EXP":47.68,"SALUDH_VA":1073.58,"SALUDH_EXP":32.28,"ESPARC_VA":837.31,"ESPARC_EXP":333.77,"OTRSER_VA":979.05,"OTRSER_EXP":43.76,"SERHOG_VA":0.0,"SERHOG_EXP":0.0}},{"type":"Feature","geometry":{"type":"Point","coordinates":[19.15,51.92]},"properties":{"id":"POL","name":"Polonia","continent":"europe","year":1997,"AGRPFO_VA":6283.13,"AGRPFO_EXP":364.75,"FORLOG_VA":980.29,"FORLOG_EXP":71.85,"PESCAC_VA":57.58,"PESCAC_EXP":12.21,"MINCOL_VA":2913.47,"MINCOL_EXP":886.0,"PETGAS_VA":39.82,"PETGAS_EXP":18.24,"MINORE_VA":1030.8,"MINORE_EXP":7.66,"MINOTH_VA":331.14,"MINOTH_EXP":68.84,"MINSER_VA":70.67,"MINSER_EXP":7.12,"ALYBEB_VA":7178.62,"ALYBEB_EXP":1810.42,"TEXYPR_VA":3279.73,"TEXYPR_EXP":2291.54,"MADYPR_VA":1120.48,"MADYPR_EXP":925.38,"PAPYPR_VA":1466.52,"PAPYPR_EXP":703.18,"PETREF_VA":1223.14,"PETREF_EXP":590.71,"QUIMYP_VA":1670.08,"QUIMYP_EXP":1159.17,"FARMED_VA":554.21,"FARMED_EXP":113.73,"HUPLAS_VA":1355.12,"HUPLAS_EXP":766.2,"PRNOMT_VA":1782.92,"PRNOMT_EXP":530.01,"METBAS_VA":1335.61,"METBAS_EXP":755.86,"NONFER_VA":265.54,"NONFER_EXP":902.01,"PRMETA_VA":1584.74,"PRMETA_EXP":1065.84,"ELCTRO_VA":1056.64,"ELCTRO_EXP":1159.67,"ELCTRI_VA":693.54,"ELCTRI_EXP":1022.08,"MAQYEQ_VA":1643.94,"MAQYEQ_EXP":1221.73,"AUTOMO_VA":1285.26,"AUTOMO_EXP":2346.87,"OTRTRA_VA":358.58,"OTRTRA_EXP":562.34,"TRANSP_VA":300.81,"TRANSP_EXP":370.73,"OTRMAN_VA":2144.01,"OTRMAN_EXP":1654.95,"ELEGAS_VA":4243.41,"ELEGAS_EXP":127.44,"AGUBAS_VA":1044.97,"AGUBAS_EXP":16.44,"CONSTR_VA":13020.67,"CONSTR_EXP":57.29,"COMREV_VA":28255.11,"COMREV_EXP":5939.51,"TRATIE_VA":4789.96,"TRATIE_EXP":1717.13,"TRAGUA_VA":162.28,"TRAGUA_EXP":145.94,"TRAAIR_VA":283.36,"TRAAIR_EXP":592.34,"ALMSTR_VA":1415.98,"ALMSTR_EXP":816.94,"POSTME_VA":842.97,"POSTME_EXP":158.04,"HOTYRE_VA":1765.1,"HOTYRE_EXP":673.99,"MMTVRA_VA":1455.1,"MMTVRA_EXP":138.75,"TELECO_VA":2253.91,"TELECO_EXP":308.36,"ITSERV_VA":465.08,"ITSERV_EXP":81.85,"SERFIN_VA":5220.04,"SERFIN_EXP":553.09,"GOBEST_VA":9097.4,"GOBEST_EXP":238.76,"SPRSCT_VA":3836.41,"SPRSCT_EXP":543.35,"SEAEMP_VA":1749.73,"SEAEMP_EXP":303.95,"ADPDEF_VA":9664.56,"ADPDEF_EXP":0.33,"EDUCAC_VA":6306.15,"EDUCAC_EXP":80.88,"SALUDH_VA":4234.39,"SALUDH_EXP":80.99,"ESPARC_VA":823.17,"ESPARC_EXP":159.23,"OTRSER_VA":2945.15,"OTRSER_EXP":64.31,"SERHOG_VA":9.61,"SERHOG_EXP":0.0}},{"type":"Feature","geometry":{"type":"Point","coordinates":[-8.22,39.4]},"properties":{"id":"PRT","name":"Portugal","continent":"europe","year":1997,"AGRPFO_VA":3693.09,"AGRPFO_EXP":207.69,"FORLOG_VA":516.69,"FORLOG_EXP":40.98,"PESCAC_VA":343.07,"PESCAC_EXP":51.41,"MINCOL_VA":0.0,"MINCOL_EXP":0.0,"PETGAS_VA":0.0,"PETGAS_EXP":0.0,"MINORE_VA":358.51,"MINORE_EXP":157.49,"MINOTH_VA":300.33,"MINOTH_EXP":71.31,"MINSER_VA":5.56,"MINSER_EXP":0.06,"ALYBEB_VA":2204.67,"ALYBEB_EXP":1237.87,"TEXYPR_VA":4522.57,"TEXYPR_EXP":4997.63,"MADYPR_VA":891.96,"MADYPR_EXP":802.1,"PAPYPR_VA":1457.9,"PAPYPR_EXP":921.86,"PETREF_VA":211.72,"PETREF_EXP":462.58,"QUIMYP_VA":931.87,"QUIMYP_EXP":735.74,"FARMED_VA":414.97,"FARMED_EXP":122.04,"HUPLAS_VA":991.92,"HUPLAS_EXP":410.58,"PRNOMT_VA":1601.3,"PRNOMT_EXP":684.92,"METBAS_VA":205.52,"METBAS_EXP":93.16,"NONFER_VA":76.72,"NONFER_EXP":116.49,"PRMETA_VA":1506.8,"PRMETA_EXP":514.19,"ELCTRO_VA":729.9,"ELCTRO_EXP":1220.63,"ELCTRI_VA":693.93,"ELCTRI_EXP":1271.32,"MAQYEQ_VA":561.25,"MAQYEQ_EXP":843.01,"AUTOMO_VA":1606.73,"AUTOMO_EXP":3043.42,"OTRTRA_VA":61.62,"OTRTRA_EXP":159.34,"TRANSP_VA":87.55,"TRANSP_EXP":166.14,"OTRMAN_VA":1350.51,"OTRMAN_EXP":856.82,"ELEGAS_VA":2165.56,"ELEGAS_EXP":47.88,"AGUBAS_VA":684.57,"AGUBAS_EXP":0.29,"CONSTR_VA":7808.19,"CONSTR_EXP":2.35,"COMREV_VA":15739.55,"COMREV_EXP":4280.54,"TRATIE_VA":2009.78,"TRATIE_EXP":981.49,"TRAGUA_VA":69.42,"TRAGUA_EXP":111.98,"TRAAIR_VA":580.01,"TRAAIR_EXP":1183.06,"ALMSTR_VA":1526.97,"ALMSTR_EXP":383.12,"POSTME_VA":271.86,"POSTME_EXP":67.37,"HOTYRE_VA":4303.82,"HOTYRE_EXP":1777.98,"MMTVRA_VA":706.47,"MMTVRA_EXP":220.29,"TELECO_VA":2384.81,"TELECO_EXP":381.13,"ITSERV_VA":626.74,"ITSERV_EXP":59.1,"SERFIN_VA":6253.88,"SERFIN_EXP":420.16,"GOBEST_VA":7670.35,"GOBEST_EXP":178.18,"SPRSCT_VA":3267.79,"SPRSCT_EXP":242.09,"SEAEMP_VA":2844.78,"SEAEMP_EXP":287.49,"ADPDEF_VA":8317.94,"ADPDEF_EXP":44.77,"EDUCAC_VA":6663.68,"EDUCAC_EXP":83.34,"SALUDH_VA":4929.71,"SALUDH_EXP":63.51,"ESPARC_VA":721.12,"ESPARC_EXP":159.12,"OTRSER_VA":905.2,"OTRSER_EXP":62.9,"SERHOG_VA":723.91,"SERHOG_EXP":0.0}},{"type":"Feature","geometry":{"type":"Point","coordinates":[24.97,45.94]},"properties":{"id":"ROU","name":"Rumania","continent":"europe","year":1997,"AGRPFO_VA":5947.4,"AGRPFO_EXP":183.8,"FORLOG_VA":134.43,"FORLOG_EXP":42.1,"PESCAC_VA":3.17,"PESCAC_EXP":0.47,"MINCOL_VA":176.73,"MINCOL_EXP":0.11,"PETGAS_VA":428.55,"PETGAS_EXP":20.09,"MINORE_VA":56.04,"MINORE_EXP":17.09,"MINOTH_VA":63.18,"MINOTH_EXP":8.84,"MINSER_VA":223.21,"MINSER_EXP":0.92,"ALYBEB_VA":2571.84,"ALYBEB_EXP":130.28,"TEXYPR_VA":1066.39,"TEXYPR_EXP":1547.22,"MADYPR_VA":296.62,"MADYPR_EXP":376.28,"PAPYPR_VA":191.72,"PAPYPR_EXP":60.82,"PETREF_VA":424.6,"PETREF_EXP":426.63,"QUIMYP_VA":361.12,"QUIMYP_EXP":508.85,"FARMED_VA":104.31,"FARMED_EXP":19.46,"HUPLAS_VA":187.28,"HUPLAS_EXP":57.79,"PRNOMT_VA":447.66,"PRNOMT_EXP":146.76,"METBAS_VA":514.26,"METBAS_EXP":697.13,"NONFER_VA":90.11,"NONFER_EXP":209.65,"PRMETA_VA":379.88,"PRMETA_EXP":151.82,"ELCTRO_VA":276.38,"ELCTRO_EXP":216.63,"ELCTRI_VA":247.08,"ELCTRI_EXP":182.06,"MAQYEQ_VA":461.98,"MAQYEQ_EXP":271.81,"AUTOMO_VA":374.58,"AUTOMO_EXP":108.61,"OTRTRA_VA":81.95,"OTRTRA_EXP":116.33,"TRANSP_VA":83.4,"TRANSP_EXP":146.69,"OTRMAN_VA":608.38,"OTRMAN_EXP":422.05,"ELEGAS_VA":1043.8,"ELEGAS_EXP":57.68,"AGUBAS_VA":224.93,"AGUBAS_EXP":0.08,"CONSTR_VA":2143.46,"CONSTR_EXP":0.26,"COMREV_VA":3125.3,"COMREV_EXP":652.68,"TRATIE_VA":1753.7,"TRATIE_EXP":528.32,"TRAGUA_VA":56.62,"TRAGUA_EXP":69.87,"TRAAIR_VA":63.96,"TRAAIR_EXP":135.89,"ALMSTR_VA":266.5,"ALMSTR_EXP":178.79,"POSTME_VA":111.5,"POSTME_EXP":27.41,"HOTYRE_VA":941.43,"HOTYRE_EXP":189.57,"MMTVRA_VA":162.18,"MMTVRA_EXP":85.56,"TELECO_VA":635.85,"TELECO_EXP":63.1,"ITSERV_VA":282.86,"ITSERV_EXP":18.17,"SERFIN_VA":1100.52,"SERFIN_EXP":107.49,"GOBEST_VA":2237.33,"GOBEST_EXP":26.25,"SPRSCT_VA":673.36,"SPRSCT_EXP":19.17,"SEAEMP_VA":221.37,"SEAEMP_EXP":8.48,"ADPDEF_VA":959.4,"ADPDEF_EXP":0.17,"EDUCAC_VA":649.3,"EDUCAC_EXP":10.96,"SALUDH_VA":497.25,"SALUDH_EXP":7.1,"ESPARC_VA":350.25,"ESPARC_EXP":19.44,"OTRSER_VA":316.75,"OTRSER_EXP":8.64,"SERHOG_VA":316.97,"SERHOG_EXP":0.0}},{"type":"Feature","geometry":{"type":"Point","coordinates":[105.32,61.52]},"properties":{"id":"RUS","name":"Rusia","continent":"europe","year":1997,"AGRPFO_VA":13025.19,"AGRPFO_EXP":877.56,"FORLOG_VA":808.93,"FORLOG_EXP":238.15,"PESCAC_VA":795.5,"PESCAC_EXP":104.41,"MINCOL_VA":2688.1,"MINCOL_EXP":645.32,"PETGAS_VA":29842.65,"PETGAS_EXP":7585.17,"MINORE_VA":2264.79,"MINORE_EXP":824.91,"MINOTH_VA":1634.09,"MINOTH_EXP":875.28,"MINSER_VA":3898.45,"MINSER_EXP":308.15,"ALYBEB_VA":6181.88,"ALYBEB_EXP":1758.77,"TEXYPR_VA":1067.48,"TEXYPR_EXP":493.97,"MADYPR_VA":999.97,"MADYPR_EXP":1705.69,"PAPYPR_VA":1621.2,"PAPYPR_EXP":1895.34,"PETREF_VA":13058.11,"PETREF_EXP":12889.24,"QUIMYP_VA":4521.79,"QUIMYP_EXP":4329.16,"FARMED_VA":568.29,"FARMED_EXP":223.56,"HUPLAS_VA":1075.11,"HUPLAS_EXP":1048.24,"PRNOMT_VA":2950.88,"PRNOMT_EXP":206.05,"METBAS_VA":3720.18,"METBAS_EXP":5756.07,"NONFER_VA":6913.14,"NONFER_EXP":7291.93,"PRMETA_VA":1992.8,"PRMETA_EXP":1202.98,"ELCTRO_VA":2072.48,"ELCTRO_EXP":1381.93,"ELCTRI_VA":1443.67,"ELCTRI_EXP":1333.68,"MAQYEQ_VA":2378.56,"MAQYEQ_EXP":3924.79,"AUTOMO_VA":2239.72,"AUTOMO_EXP":1157.33,"OTRTRA_VA":1152.84,"OTRTRA_EXP":963.5,"TRANSP_VA":2689.45,"TRANSP_EXP":431.19,"OTRMAN_VA":2345.0,"OTRMAN_EXP":510.89,"ELEGAS_VA":11941.92,"ELEGAS_EXP":347.91,"AGUBAS_VA":2049.82,"AGUBAS_EXP":1.42,"CONSTR_VA":31675.11,"CONSTR_EXP":27.72,"COMREV_VA":71388.61,"COMREV_EXP":15524.98,"TRATIE_VA":18438.36,"TRATIE_EXP":3330.18,"TRAGUA_VA":402.64,"TRAGUA_EXP":181.32,"TRAAIR_VA":1001.53,"TRAAIR_EXP":1629.91,"ALMSTR_VA":4918.02,"ALMSTR_EXP":891.29,"POSTME_VA":718.76,"POSTME_EXP":64.9,"HOTYRE_VA":3809.7,"HOTYRE_EXP":2260.48,"MMTVRA_VA":1577.0,"MMTVRA_EXP":177.42,"TELECO_VA":6506.92,"TELECO_EXP":576.4,"ITSERV_VA":2416.4,"ITSERV_EXP":663.69,"SERFIN_VA":15132.36,"SERFIN_EXP":302.29,"GOBEST_VA":35184.41,"GOBEST_EXP":536.52,"SPRSCT_VA":16250.36,"SPRSCT_EXP":848.05,"SEAEMP_VA":7078.53,"SEAEMP_EXP":655.18,"ADPDEF_VA":28817.85,"ADPDEF_EXP":3.91,"EDUCAC_VA":12608.87,"EDUCAC_EXP":153.17,"SALUDH_VA":12233.04,"SALUDH_EXP":109.66,"ESPARC_VA":3034.64,"ESPARC_EXP":250.91,"OTRSER_VA":1983.68,"OTRSER_EXP":114.11,"SERHOG_VA":2618.24,"SERHOG_EXP":0.0}},{"type":"Feature","geometry":{"type":"Point","coordinates":[45.08,23.89]},"properties":{"id":"SAU","name":"Arabia Saudita","continent":"other","year":1997,"AGRPFO_VA":4134.94,"AGRPFO_EXP":17.82,"FORLOG_VA":5.62,"FORLOG_EXP":0.1,"PESCAC_VA":208.64,"PESCAC_EXP":2.15,"MINCOL_VA":0.0,"MINCOL_EXP":0.0,"PETGAS_VA":51685.55,"PETGAS_EXP":47439.18,"MINORE_VA":184.75,"MINORE_EXP":8.83,"MINOTH_VA":381.62,"MINOTH_EXP":22.26,"MINSER_VA":152.24,"MINSER_EXP":191.1,"ALYBEB_VA":2725.6,"ALYBEB_EXP":373.14,"TEXYPR_VA":690.83,"TEXYPR_EXP":114.78,"MADYPR_VA":194.0,"MADYPR_EXP":16.01,"PAPYPR_VA":797.77,"PAPYPR_EXP":165.81,"PETREF_VA":4317.63,"PETREF_EXP":3611.95,"QUIMYP_VA":4008.91,"QUIMYP_EXP":2855.74,"FARMED_VA":110.22,"FARMED_EXP":9.73,"HUPLAS_VA":587.64,"HUPLAS_EXP":117.78,"PRNOMT_VA":1017.73,"PRNOMT_EXP":116.47,"METBAS_VA":170.42,"METBAS_EXP":167.98,"NONFER_VA":138.04,"NONFER_EXP":308.29,"PRMETA_VA":931.15,"PRMETA_EXP":182.76,"ELCTRO_VA":25.73,"ELCTRO_EXP":2.62,"ELCTRI_VA":585.25,"ELCTRI_EXP":88.03,"MAQYEQ_VA":329.94,"MAQYEQ_EXP":106.88,"AUTOMO_VA":161.84,"AUTOMO_EXP":8.39,"OTRTRA_VA":6.4,"OTRTRA_EXP":3.87,"TRANSP_VA":10.49,"TRANSP_EXP":1.68,"OTRMAN_VA":765.07,"OTRMAN_EXP":102.89,"ELEGAS_VA":1519.35,"ELEGAS_EXP":0.34,"AGUBAS_VA":495.03,"AGUBAS_EXP":0.51,"CONSTR_VA":9905.9,"CONSTR_EXP":22.08,"COMREV_VA":13365.08,"COMREV_EXP":3414.91,"TRATIE_VA":1668.1,"TRATIE_EXP":687.39,"TRAGUA_VA":141.78,"TRAGUA_EXP":93.03,"TRAAIR_VA":575.36,"TRAAIR_EXP":364.15,"ALMSTR_VA":1434.93,"ALMSTR_EXP":618.82,"POSTME_VA":177.93,"POSTME_EXP":91.81,"HOTYRE_VA":2894.9,"HOTYRE_EXP":1173.75,"MMTVRA_VA":337.27,"MMTVRA_EXP":15.97,"TELECO_VA":3657.52,"TELECO_EXP":186.69,"ITSERV_VA":947.95,"ITSERV_EXP":62.85,"SERFIN_VA":5773.95,"SERFIN_EXP":201.85,"GOBEST_VA":4467.45,"GOBEST_EXP":193.12,"SPRSCT_VA":1116.75,"SPRSCT_EXP":125.24,"SEAEMP_VA":1703.88,"SEAEMP_EXP":114.3,"ADPDEF_VA":22168.3,"ADPDEF_EXP":0.26,"EDUCAC_VA":8927.45,"EDUCAC_EXP":46.02,"SALUDH_VA":5295.13,"SALUDH_EXP":35.62,"ESPARC_VA":477.2,"ESPARC_EXP":85.9,"OTRSER_VA":1158.55,"OTRSER_EXP":37.07,"SERHOG_VA":1513.98,"SERHOG_EXP":0.0}},{"type":"Feature","geometry":{"type":"Point","coordinates":[-14.45,14.5]},"properties":{"id":"SEN","name":"Senegal","continent":"other","year":1997,"AGRPFO_VA":861.61,"AGRPFO_EXP":44.75,"FORLOG_VA":26.43,"FORLOG_EXP":1.36,"PESCAC_VA":130.01,"PESCAC_EXP":36.32,"MINCOL_VA":3.26,"MINCOL_EXP":0.3,"PETGAS_VA":0.28,"PETGAS_EXP":0.25,"MINORE_VA":8.55,"MINORE_EXP":41.11,"MINOTH_VA":6.68,"MINOTH_EXP":26.64,"MINSER_VA":0.27,"MINSER_EXP":0.43,"ALYBEB_VA":631.0,"ALYBEB_EXP":132.9,"TEXYPR_VA":170.72,"TEXYPR_EXP":32.68,"MADYPR_VA":36.94,"MADYPR_EXP":1.36,"PAPYPR_VA":42.46,"PAPYPR_EXP":4.58,"PETREF_VA":10.16,"PETREF_EXP":88.08,"QUIMYP_VA":64.14,"QUIMYP_EXP":105.18,"FARMED_VA":11.65,"FARMED_EXP":2.17,"HUPLAS_VA":34.99,"HUPLAS_EXP":3.39,"PRNOMT_VA":52.33,"PRNOMT_EXP":48.32,"METBAS_VA":40.89,"METBAS_EXP":10.72,"NONFER_VA":1.63,"NONFER_EXP":8.33,"PRMETA_VA":55.8,"PRMETA_EXP":1.5,"ELCTRO_VA":0.17,"ELCTRO_EXP":0.01,"ELCTRI_VA":12.52,"ELCTRI_EXP":2.47,"MAQYEQ_VA":1.54,"MAQYEQ_EXP":0.25,"AUTOMO_VA":0.68,"AUTOMO_EXP":0.01,"OTRTRA_VA":6.57,"OTRTRA_EXP":0.67,"TRANSP_VA":16.47,"TRANSP_EXP":0.34,"OTRMAN_VA":48.62,"OTRMAN_EXP":3.39,"ELEGAS_VA":33.66,"ELEGAS_EXP":2.17,"AGUBAS_VA":20.38,"AGUBAS_EXP":0.18,"CONSTR_VA":137.2,"CONSTR_EXP":0.58,"COMREV_VA":885.34,"COMREV_EXP":101.37,"TRATIE_VA":146.61,"TRATIE_EXP":24.22,"TRAGUA_VA":2.45,"TRAGUA_EXP":1.46,"TRAAIR_VA":7.29,"TRAAIR_EXP":14.75,"ALMSTR_VA":66.66,"ALMSTR_EXP":21.86,"POSTME_VA":4.44,"POSTME_EXP":0.39,"HOTYRE_VA":84.79,"HOTYRE_EXP":40.61,"MMTVRA_VA":12.13,"MMTVRA_EXP":3.04,"TELECO_VA":111.4,"TELECO_EXP":72.48,"ITSERV_VA":10.64,"ITSERV_EXP":5.37,"SERFIN_VA":82.99,"SERFIN_EXP":11.95,"GOBEST_VA":563.38,"GOBEST_EXP":10.52,"SPRSCT_VA":218.49,"SPRSCT_EXP":65.57,"SEAEMP_VA":131.09,"SEAEMP_EXP":13.21,"ADPDEF_VA":308.56,"ADPDEF_EXP":0.14,"EDUCAC_VA":226.12,"EDUCAC_EXP":2.45,"SALUDH_VA":135.67,"SALUDH_EXP":1.96,"ESPARC_VA":19.52,"ESPARC_EXP":3.84,"OTRSER_VA":57.3,"OTRSER_EXP":1.99,"SERHOG_VA":33.71,"SERHOG_EXP":0.0}},{"type":"Feature","geometry":{"type":"Point","coordinates":[103.82,1.35]},"properties":{"id":"SGP","name":"Singapur","continent":"asia","year":1997,"AGRPFO_VA":78.74,"AGRPFO_EXP":20.9,"FORLOG_VA":0.0,"FORLOG_EXP":0.0,"PESCAC_VA":62.49,"PESCAC_EXP":5.35,"MINCOL_VA":0.0,"MINCOL_EXP":0.0,"PETGAS_VA":0.0,"PETGAS_EXP":0.0,"MINORE_VA":0.0,"MINORE_EXP":0.0,"MINOTH_VA":0.0,"MINOTH_EXP":0.0,"MINSER_VA":0.0,"MINSER_EXP":0.0,"ALYBEB_VA":663.2,"ALYBEB_EXP":924.51,"TEXYPR_VA":235.35,"TEXYPR_EXP":282.03,"MADYPR_VA":31.29,"MADYPR_EXP":62.81,"PAPYPR_VA":642.12,"PAPYPR_EXP":685.46,"PETREF_VA":519.59,"PETREF_EXP":5103.18,"QUIMYP_VA":1933.0,"QUIMYP_EXP":4399.12,"FARMED_VA":4072.94,"FARMED_EXP":198.33,"HUPLAS_VA":380.37,"HUPLAS_EXP":604.87,"PRNOMT_VA":150.84,"PRNOMT_EXP":159.7,"METBAS_VA":68.46,"METBAS_EXP":171.5,"NONFER_VA":284.93,"NONFER_EXP":114.48,"PRMETA_VA":547.55,"PRMETA_EXP":683.18,"ELCTRO_VA":7387.04,"ELCTRO_EXP":26094.32,"ELCTRI_VA":257.0,"ELCTRI_EXP":378.39,"MAQYEQ_VA":1378.9,"MAQYEQ_EXP":2435.43,"AUTOMO_VA":92.84,"AUTOMO_EXP":192.0,"OTRTRA_VA":671.8,"OTRTRA_EXP":232.09,"TRANSP_VA":1199.46,"TRANSP_EXP":380.17,"OTRMAN_VA":523.55,"OTRMAN_EXP":1072.99,"ELEGAS_VA":1743.36,"ELEGAS_EXP":26.76,"AGUBAS_VA":342.94,"AGUBAS_EXP":47.4,"CONSTR_VA":7149.74,"CONSTR_EXP":2.91,"COMREV_VA":11956.85,"COMREV_EXP":9478.55,"TRATIE_VA":1354.54,"TRATIE_EXP":562.74,"TRAGUA_VA":2449.01,"TRAGUA_EXP":5655.27,"TRAAIR_VA":1534.45,"TRAAIR_EXP":2837.43,"ALMSTR_VA":3147.39,"ALMSTR_EXP":821.38,"POSTME_VA":235.6,"POSTME_EXP":192.58,"HOTYRE_VA":2503.19,"HOTYRE_EXP":2156.54,"MMTVRA_VA":731.28,"MMTVRA_EXP":920.92,"TELECO_VA":1193.45,"TELECO_EXP":657.92,"ITSERV_VA":1198.24,"ITSERV_EXP":1260.82,"SERFIN_VA":11575.17,"SERFIN_EXP":5429.94,"GOBEST_VA":7025.06,"GOBEST_EXP":832.48,"SPRSCT_VA":7730.21,"SPRSCT_EXP":3440.94,"SEAEMP_VA":4338.05,"SEAEMP_EXP":1219.73,"ADPDEF_VA":2458.62,"ADPDEF_EXP":8.64,"EDUCAC_VA":2642.46,"EDUCAC_EXP":346.03,"SALUDH_VA":2412.21,"SALUDH_EXP":176.44,"ESPARC_VA":1189.97,"ESPARC_EXP":260.13,"OTRSER_VA":619.42,"OTRSER_EXP":151.18,"SERHOG_VA":363.97,"SERHOG_EXP":0.0}},{"type":"Feature","geometry":{"type":"Point","coordinates":[6.61,0.19]},"properties":{"id":"STP","name":"S. Tomé y Príncipe","continent":"other","year":1997,"AGRPFO_VA":4.88,"AGRPFO_EXP":4.67,"FORLOG_VA":0.03,"FORLOG_EXP":0.0,"PESCAC_VA":6.72,"PESCAC_EXP":0.16,"MINCOL_VA":0.01,"MINCOL_EXP":0.0,"PETGAS_VA":0.13,"PETGAS_EXP":0.0,"MINORE_VA":0.0,"MINORE_EXP":0.0,"MINOTH_VA":0.08,"MINOTH_EXP":0.02,"MINSER_VA":0.05,"MINSER_EXP":0.01,"ALYBEB_VA":2.09,"ALYBEB_EXP":0.29,"TEXYPR_VA":0.01,"TEXYPR_EXP":0.01,"MADYPR_VA":0.01,"MADYPR_EXP":0.0,"PAPYPR_VA":0.01,"PAPYPR_EXP":0.0,"PETREF_VA":0.03,"PETREF_EXP":0.0,"QUIMYP_VA":0.02,"QUIMYP_EXP":0.0,"FARMED_VA":0.01,"FARMED_EXP":0.0,"HUPLAS_VA":0.01,"HUPLAS_EXP":0.0,"PRNOMT_VA":0.04,"PRNOMT_EXP":0.0,"METBAS_VA":0.0,"METBAS_EXP":0.0,"NONFER_VA":0.0,"NONFER_EXP":0.0,"PRMETA_VA":0.01,"PRMETA_EXP":0.0,"ELCTRO_VA":0.0,"ELCTRO_EXP":0.0,"ELCTRI_VA":0.0,"ELCTRI_EXP":0.0,"MAQYEQ_VA":0.0,"MAQYEQ_EXP":0.0,"AUTOMO_VA":0.0,"AUTOMO_EXP":0.0,"OTRTRA_VA":0.0,"OTRTRA_EXP":0.0,"TRANSP_VA":0.0,"TRANSP_EXP":0.0,"OTRMAN_VA":0.02,"OTRMAN_EXP":0.0,"ELEGAS_VA":1.21,"ELEGAS_EXP":0.04,"AGUBAS_VA":0.95,"AGUBAS_EXP":0.07,"CONSTR_VA":3.0,"CONSTR_EXP":0.18,"COMREV_VA":14.77,"COMREV_EXP":2.67,"TRATIE_VA":5.19,"TRATIE_EXP":0.72,"TRAGUA_VA":0.16,"TRAGUA_EXP":0.13,"TRAAIR_VA":0.63,"TRAAIR_EXP":0.46,"ALMSTR_VA":3.39,"ALMSTR_EXP":0.3,"POSTME_VA":1.25,"POSTME_EXP":0.09,"HOTYRE_VA":8.56,"HOTYRE_EXP":1.74,"MMTVRA_VA":0.89,"MMTVRA_EXP":0.37,"TELECO_VA":1.57,"TELECO_EXP":1.62,"ITSERV_VA":1.47,"ITSERV_EXP":1.05,"SERFIN_VA":8.59,"SERFIN_EXP":2.18,"GOBEST_VA":0.44,"GOBEST_EXP":0.04,"SPRSCT_VA":0.35,"SPRSCT_EXP":0.16,"SEAEMP_VA":0.33,"SEAEMP_EXP":0.11,"ADPDEF_VA":9.09,"ADPDEF_EXP":0.12,"EDUCAC_VA":3.18,"EDUCAC_EXP":0.16,"SALUDH_VA":1.94,"SALUDH_EXP":0.12,"ESPARC_VA":1.95,"ESPARC_EXP":0.28,"OTRSER_VA":2.26,"OTRSER_EXP":0.17,"SERHOG_VA":1.71,"SERHOG_EXP":0.0}},{"type":"Feature","geometry":{"type":"Point","coordinates":[19.7,48.67]},"properties":{"id":"SVK","name":"Eslovaquia","continent":"europe","year":1997,"AGRPFO_VA":269.6,"AGRPFO_EXP":118.84,"FORLOG_VA":207.65,"FORLOG_EXP":53.91,"PESCAC_VA":0.84,"PESCAC_EXP":0.87,"MINCOL_VA":8.64,"MINCOL_EXP":1.26,"PETGAS_VA":0.14,"PETGAS_EXP":0.1,"MINORE_VA":1.76,"MINORE_EXP":2.96,"MINOTH_VA":8.31,"MINOTH_EXP":32.39,"MINSER_VA":3.92,"MINSER_EXP":4.57,"ALYBEB_VA":482.46,"ALYBEB_EXP":195.85,"TEXYPR_VA":306.05,"TEXYPR_EXP":486.15,"MADYPR_VA":110.33,"MADYPR_EXP":160.18,"PAPYPR_VA":294.34,"PAPYPR_EXP":392.19,"PETREF_VA":413.95,"PETREF_EXP":439.62,"QUIMYP_VA":251.93,"QUIMYP_EXP":638.66,"FARMED_VA":65.22,"FARMED_EXP":89.52,"HUPLAS_VA":191.64,"HUPLAS_EXP":309.38,"PRNOMT_VA":255.17,"PRNOMT_EXP":266.65,"METBAS_VA":328.11,"METBAS_EXP":929.39,"NONFER_VA":129.07,"NONFER_EXP":168.09,"PRMETA_VA":362.58,"PRMETA_EXP":377.71,"ELCTRO_VA":83.87,"ELCTRO_EXP":266.42,"ELCTRI_VA":156.15,"ELCTRI_EXP":416.34,"MAQYEQ_VA":345.93,"MAQYEQ_EXP":568.55,"AUTOMO_VA":160.21,"AUTOMO_EXP":642.96,"OTRTRA_VA":4.46,"OTRTRA_EXP":0.34,"TRANSP_VA":58.7,"TRANSP_EXP":38.69,"OTRMAN_VA":303.91,"OTRMAN_EXP":198.99,"ELEGAS_VA":857.51,"ELEGAS_EXP":4.5,"AGUBAS_VA":219.17,"AGUBAS_EXP":13.13,"CONSTR_VA":1371.97,"CONSTR_EXP":65.97,"COMREV_VA":2497.3,"COMREV_EXP":1250.13,"TRATIE_VA":579.36,"TRATIE_EXP":615.34,"TRAGUA_VA":17.36,"TRAGUA_EXP":14.64,"TRAAIR_VA":5.96,"TRAAIR_EXP":14.88,"ALMSTR_VA":469.03,"ALMSTR_EXP":453.29,"POSTME_VA":100.76,"POSTME_EXP":11.08,"HOTYRE_VA":263.0,"HOTYRE_EXP":76.27,"MMTVRA_VA":139.91,"MMTVRA_EXP":77.68,"TELECO_VA":419.61,"TELECO_EXP":35.14,"ITSERV_VA":217.67,"ITSERV_EXP":31.31,"SERFIN_VA":898.5,"SERFIN_EXP":100.41,"GOBEST_VA":2304.96,"GOBEST_EXP":40.71,"SPRSCT_VA":894.93,"SPRSCT_EXP":160.07,"SEAEMP_VA":465.65,"SEAEMP_EXP":174.78,"ADPDEF_VA":1882.17,"ADPDEF_EXP":1.01,"EDUCAC_VA":766.01,"EDUCAC_EXP":21.91,"SALUDH_VA":902.86,"SALUDH_EXP":19.61,"ESPARC_VA":406.9,"ESPARC_EXP":87.81,"OTRSER_VA":204.26,"OTRSER_EXP":26.24,"SERHOG_VA":9.98,"SERHOG_EXP":0.0}},{"type":"Feature","geometry":{"type":"Point","coordinates":[14.99,46.15]},"properties":{"id":"SVN","name":"Eslovenia","continent":"europe","year":1997,"AGRPFO_VA":627.13,"AGRPFO_EXP":93.58,"FORLOG_VA":145.54,"FORLOG_EXP":14.02,"PESCAC_VA":3.68,"PESCAC_EXP":1.35,"MINCOL_VA":83.84,"MINCOL_EXP":0.39,"PETGAS_VA":0.0,"PETGAS_EXP":0.0,"MINORE_VA":2.3,"MINORE_EXP":0.86,"MINOTH_VA":25.58,"MINOTH_EXP":6.55,"MINSER_VA":0.29,"MINSER_EXP":2.34,"ALYBEB_VA":558.22,"ALYBEB_EXP":334.65,"TEXYPR_VA":529.77,"TEXYPR_EXP":613.11,"MADYPR_VA":186.7,"MADYPR_EXP":262.85,"PAPYPR_VA":337.77,"PAPYPR_EXP":295.3,"PETREF_VA":17.64,"PETREF_EXP":15.23,"QUIMYP_VA":232.06,"QUIMYP_EXP":426.79,"FARMED_VA":348.32,"FARMED_EXP":263.73,"HUPLAS_VA":255.68,"HUPLAS_EXP":306.72,"PRNOMT_VA":226.12,"PRNOMT_EXP":165.32,"METBAS_VA":100.65,"METBAS_EXP":214.46,"NONFER_VA":34.14,"NONFER_EXP":213.25,"PRMETA_VA":501.89,"PRMETA_EXP":450.31,"ELCTRO_VA":268.05,"ELCTRO_EXP":397.34,"ELCTRI_VA":370.96,"ELCTRI_EXP":370.72,"MAQYEQ_VA":214.73,"MAQYEQ_EXP":499.17,"AUTOMO_VA":299.98,"AUTOMO_EXP":659.05,"OTRTRA_VA":1.72,"OTRTRA_EXP":3.57,"TRANSP_VA":11.38,"TRANSP_EXP":10.38,"OTRMAN_VA":439.0,"OTRMAN_EXP":395.47,"ELEGAS_VA":302.76,"ELEGAS_EXP":40.2,"AGUBAS_VA":170.54,"AGUBAS_EXP":3.33,"CONSTR_VA":1230.27,"CONSTR_EXP":76.53,"COMREV_VA":2219.22,"COMREV_EXP":876.74,"TRATIE_VA":581.62,"TRATIE_EXP":384.37,"TRAGUA_VA":29.7,"TRAGUA_EXP":34.81,"TRAAIR_VA":40.59,"TRAAIR_EXP":106.86,"ALMSTR_VA":262.66,"ALMSTR_EXP":249.24,"POSTME_VA":107.88,"POSTME_EXP":4.49,"HOTYRE_VA":437.07,"HOTYRE_EXP":435.48,"MMTVRA_VA":218.79,"MMTVRA_EXP":85.51,"TELECO_VA":248.85,"TELECO_EXP":39.13,"ITSERV_VA":81.73,"ITSERV_EXP":41.27,"SERFIN_VA":807.23,"SERFIN_EXP":58.56,"GOBEST_VA":1547.33,"GOBEST_EXP":46.39,"SPRSCT_VA":806.4,"SPRSCT_EXP":241.41,"SEAEMP_VA":423.18,"SEAEMP_EXP":119.82,"ADPDEF_VA":1042.9,"ADPDEF_EXP":1.45,"EDUCAC_VA":1008.34,"EDUCAC_EXP":27.09,"SALUDH_VA":890.24,"SALUDH_EXP":21.1,"ESPARC_VA":242.89,"ESPARC_EXP":42.41,"OTRSER_VA":317.72,"OTRSER_EXP":19.28,"SERHOG_VA":15.81,"SERHOG_EXP":0.0}},{"type":"Feature","geometry":{"type":"Point","coordinates":[18.64,60.13]},"properties":{"id":"SWE","name":"Suecia","continent":"europe","year":1997,"AGRPFO_VA":3954.01,"AGRPFO_EXP":346.7,"FORLOG_VA":2810.99,"FORLOG_EXP":113.55,"PESCAC_VA":90.16,"PESCAC_EXP":77.02,"MINCOL_VA":34.44,"MINCOL_EXP":9.97,"PETGAS_VA":10.85,"PETGAS_EXP":1.64,"MINORE_VA":620.04,"MINORE_EXP":300.5,"MINOTH_VA":108.52,"MINOTH_EXP":258.57,"MINSER_VA":26.9,"MINSER_EXP":79.14,"ALYBEB_VA":4092.26,"ALYBEB_EXP":1657.39,"TEXYPR_VA":684.0,"TEXYPR_EXP":963.29,"MADYPR_VA":1933.03,"MADYPR_EXP":2966.73,"PAPYPR_VA":5991.31,"PAPYPR_EXP":7391.23,"PETREF_VA":472.38,"PETREF_EXP":1559.67,"QUIMYP_VA":2313.21,"QUIMYP_EXP":2259.51,"FARMED_VA":4507.41,"FARMED_EXP":2755.01,"HUPLAS_VA":1652.08,"HUPLAS_EXP":1974.73,"PRNOMT_VA":1014.57,"PRNOMT_EXP":731.16,"METBAS_VA":1751.32,"METBAS_EXP":3725.48,"NONFER_VA":645.23,"NONFER_EXP":1371.08,"PRMETA_VA":4608.85,"PRMETA_EXP":2464.61,"ELCTRO_VA":7147.97,"ELCTRO_EXP":11557.93,"ELCTRI_VA":2059.16,"ELCTRI_EXP":2590.57,"MAQYEQ_VA":5969.12,"MAQYEQ_EXP":9970.87,"AUTOMO_VA":5666.14,"AUTOMO_EXP":11363.68,"OTRTRA_VA":151.98,"OTRTRA_EXP":233.84,"TRANSP_VA":851.16,"TRANSP_EXP":1481.0,"OTRMAN_VA":3131.95,"OTRMAN_EXP":1931.11,"ELEGAS_VA":6465.81,"ELEGAS_EXP":393.06,"AGUBAS_VA":1347.39,"AGUBAS_EXP":4.64,"CONSTR_VA":10151.94,"CONSTR_EXP":83.95,"COMREV_VA":25915.2,"COMREV_EXP":10162.08,"TRATIE_VA":6655.82,"TRATIE_EXP":2096.79,"TRAGUA_VA":893.41,"TRAGUA_EXP":1089.71,"TRAAIR_VA":1333.45,"TRAAIR_EXP":1118.33,"ALMSTR_VA":3693.7,"ALMSTR_EXP":1717.85,"POSTME_VA":2594.13,"POSTME_EXP":128.95,"HOTYRE_VA":3195.08,"HOTYRE_EXP":1043.41,"MMTVRA_VA":3163.84,"MMTVRA_EXP":909.67,"TELECO_VA":4074.59,"TELECO_EXP":451.33,"ITSERV_VA":4495.81,"ITSERV_EXP":800.08,"SERFIN_VA":12904.86,"SERFIN_EXP":1983.59,"GOBEST_VA":25248.33,"GOBEST_EXP":164.52,"SPRSCT_VA":11697.0,"SPRSCT_EXP":4326.14,"SEAEMP_VA":4880.24,"SEAEMP_EXP":1243.41,"ADPDEF_VA":13349.38,"ADPDEF_EXP":145.29,"EDUCAC_VA":13909.16,"EDUCAC_EXP":185.38,"SALUDH_VA":22764.01,"SALUDH_EXP":80.92,"ESPARC_VA":2983.57,"ESPARC_EXP":141.94,"OTRSER_VA":3526.16,"OTRSER_EXP":72.59,"SERHOG_VA":31.52,"SERHOG_EXP":0.0}},{"type":"Feature","geometry":{"type":"Point","coordinates":[100.99,15.87]},"properties":{"id":"THA","name":"Tailandia","continent":"asia","year":1997,"AGRPFO_VA":9229.81,"AGRPFO_EXP":1108.04,"FORLOG_VA":231.55,"FORLOG_EXP":35.19,"PESCAC_VA":2592.52,"PESCAC_EXP":17.01,"MINCOL_VA":266.02,"MINCOL_EXP":0.12,"PETGAS_VA":1370.41,"PETGAS_EXP":61.15,"MINORE_VA":29.33,"MINORE_EXP":9.15,"MINOTH_VA":701.57,"MINOTH_EXP":104.25,"MINSER_VA":839.88,"MINSER_EXP":43.5,"ALYBEB_VA":8425.29,"ALYBEB_EXP":8727.45,"TEXYPR_VA":6240.24,"TEXYPR_EXP":6869.32,"MADYPR_VA":500.81,"MADYPR_EXP":331.9,"PAPYPR_VA":951.82,"PAPYPR_EXP":526.75,"PETREF_VA":3286.67,"PETREF_EXP":685.21,"QUIMYP_VA":1944.14,"QUIMYP_EXP":1452.77,"FARMED_VA":377.58,"FARMED_EXP":81.88,"HUPLAS_VA":1803.52,"HUPLAS_EXP":2866.1,"PRNOMT_VA":2029.71,"PRNOMT_EXP":608.11,"METBAS_VA":607.53,"METBAS_EXP":504.24,"NONFER_VA":443.01,"NONFER_EXP":526.5,"PRMETA_VA":1421.46,"PRMETA_EXP":888.67,"ELCTRO_VA":3612.06,"ELCTRO_EXP":14083.58,"ELCTRI_VA":1415.43,"ELCTRI_EXP":2474.53,"MAQYEQ_VA":1269.97,"MAQYEQ_EXP":645.2,"AUTOMO_VA":2551.53,"AUTOMO_EXP":669.48,"OTRTRA_VA":258.27,"OTRTRA_EXP":32.77,"TRANSP_VA":364.27,"TRANSP_EXP":553.38,"OTRMAN_VA":2138.61,"OTRMAN_EXP":3446.89,"ELEGAS_VA":2853.09,"ELEGAS_EXP":118.94,"AGUBAS_VA":508.37,"AGUBAS_EXP":0.25,"CONSTR_VA":7675.42,"CONSTR_EXP":0.4,"COMREV_VA":28110.98,"COMREV_EXP":7967.49,"TRATIE_VA":4775.62,"TRATIE_EXP":3869.93,"TRAGUA_VA":863.54,"TRAGUA_EXP":1835.71,"TRAAIR_VA":1627.76,"TRAAIR_EXP":1903.32,"ALMSTR_VA":726.02,"ALMSTR_EXP":43.87,"POSTME_VA":138.54,"POSTME_EXP":198.11,"HOTYRE_VA":4997.5,"HOTYRE_EXP":1436.87,"MMTVRA_VA":673.79,"MMTVRA_EXP":94.51,"TELECO_VA":1700.15,"TELECO_EXP":834.44,"ITSERV_VA":128.4,"ITSERV_EXP":264.09,"SERFIN_VA":8359.78,"SERFIN_EXP":468.37,"GOBEST_VA":4203.09,"GOBEST_EXP":897.7,"SPRSCT_VA":1776.11,"SPRSCT_EXP":438.08,"SEAEMP_VA":1519.51,"SEAEMP_EXP":386.5,"ADPDEF_VA":6489.34,"ADPDEF_EXP":0.51,"EDUCAC_VA":4862.27,"EDUCAC_EXP":1.17,"SALUDH_VA":2993.01,"SALUDH_EXP":260.58,"ESPARC_VA":664.02,"ESPARC_EXP":50.71,"OTRSER_VA":2207.77,"OTRSER_EXP":489.02,"SERHOG_VA":409.21,"SERHOG_EXP":0.0}},{"type":"Feature","geometry":{"type":"Point","coordinates":[9.54,33.89]},"properties":{"id":"TUN","name":"Túnez","continent":"other","year":1997,"AGRPFO_VA":1638.84,"AGRPFO_EXP":155.14,"FORLOG_VA":202.37,"FORLOG_EXP":0.21,"PESCAC_VA":336.61,"PESCAC_EXP":32.85,"MINCOL_VA":182.04,"MINCOL_EXP":0.1,"PETGAS_VA":651.27,"PETGAS_EXP":728.41,"MINORE_VA":3.29,"MINORE_EXP":0.5,"MINOTH_VA":133.93,"MINOTH_EXP":61.7,"MINSER_VA":43.16,"MINSER_EXP":2.72,"ALYBEB_VA":710.51,"ALYBEB_EXP":459.99,"TEXYPR_VA":1047.18,"TEXYPR_EXP":1577.5,"MADYPR_VA":105.42,"MADYPR_EXP":53.77,"PAPYPR_VA":133.39,"PAPYPR_EXP":155.98,"PETREF_VA":67.96,"PETREF_EXP":112.08,"QUIMYP_VA":129.89,"QUIMYP_EXP":423.77,"FARMED_VA":86.21,"FARMED_EXP":9.88,"HUPLAS_VA":74.71,"HUPLAS_EXP":65.48,"PRNOMT_VA":199.12,"PRNOMT_EXP":38.5,"METBAS_VA":49.37,"METBAS_EXP":8.22,"NONFER_VA":28.36,"NONFER_EXP":11.0,"PRMETA_VA":191.24,"PRMETA_EXP":33.45,"ELCTRO_VA":101.89,"ELCTRO_EXP":179.11,"ELCTRI_VA":505.94,"ELCTRI_EXP":442.44,"MAQYEQ_VA":253.82,"MAQYEQ_EXP":92.08,"AUTOMO_VA":178.18,"AUTOMO_EXP":45.24,"OTRTRA_VA":10.23,"OTRTRA_EXP":27.87,"TRANSP_VA":19.81,"TRANSP_EXP":47.23,"OTRMAN_VA":121.63,"OTRMAN_EXP":132.81,"ELEGAS_VA":268.86,"ELEGAS_EXP":0.23,"AGUBAS_VA":93.28,"AGUBAS_EXP":0.78,"CONSTR_VA":1237.13,"CONSTR_EXP":0.69,"COMREV_VA":1723.28,"COMREV_EXP":527.68,"TRATIE_VA":673.94,"TRATIE_EXP":413.08,"TRAGUA_VA":78.72,"TRAGUA_EXP":153.0,"TRAAIR_VA":89.84,"TRAAIR_EXP":174.42,"ALMSTR_VA":336.67,"ALMSTR_EXP":203.0,"POSTME_VA":137.9,"POSTME_EXP":14.69,"HOTYRE_VA":1129.08,"HOTYRE_EXP":531.07,"MMTVRA_VA":69.74,"MMTVRA_EXP":16.14,"TELECO_VA":475.59,"TELECO_EXP":155.93,"ITSERV_VA":200.25,"ITSERV_EXP":49.47,"SERFIN_VA":725.46,"SERFIN_EXP":74.62,"GOBEST_VA":696.86,"GOBEST_EXP":75.72,"SPRSCT_VA":503.82,"SPRSCT_EXP":153.07,"SEAEMP_VA":383.59,"SEAEMP_EXP":69.69,"ADPDEF_VA":1699.41,"ADPDEF_EXP":0.04,"EDUCAC_VA":1250.05,"EDUCAC_EXP":30.82,"SALUDH_VA":35.54,"SALUDH_EXP":21.55,"ESPARC_VA":22.77,"ESPARC_EXP":25.18,"OTRSER_VA":40.37,"OTRSER_EXP":17.01,"SERHOG_VA":66.93,"SERHOG_EXP":0.0}},{"type":"Feature","geometry":{"type":"Point","coordinates":[35.24,38.96]},"properties":{"id":"TUR","name":"Turquía","continent":"europe","year":1997,"AGRPFO_VA":30044.68,"AGRPFO_EXP":2922.24,"FORLOG_VA":1054.06,"FORLOG_EXP":7.36,"PESCAC_VA":1063.66,"PESCAC_EXP":22.75,"MINCOL_VA":742.18,"MINCOL_EXP":0.42,"PETGAS_VA":423.53,"PETGAS_EXP":3.24,"MINORE_VA":1127.73,"MINORE_EXP":116.1,"MINOTH_VA":585.83,"MINOTH_EXP":224.3,"MINSER_VA":130.11,"MINSER_EXP":88.48,"ALYBEB_VA":7908.63,"ALYBEB_EXP":2947.72,"TEXYPR_VA":13161.49,"TEXYPR_EXP":8427.12,"MADYPR_VA":443.13,"MADYPR_EXP":73.9,"PAPYPR_VA":1325.25,"PAPYPR_EXP":178.76,"PETREF_VA":1094.21,"PETREF_EXP":931.11,"QUIMYP_VA":2060.64,"QUIMYP_EXP":844.53,"FARMED_VA":1373.94,"FARMED_EXP":128.23,"HUPLAS_VA":2016.44,"HUPLAS_EXP":991.76,"PRNOMT_VA":3280.74,"PRNOMT_EXP":831.93,"METBAS_VA":2621.21,"METBAS_EXP":1209.2,"NONFER_VA":831.17,"NONFER_EXP":292.58,"PRMETA_VA":3303.96,"PRMETA_EXP":581.59,"ELCTRO_VA":885.67,"ELCTRO_EXP":814.85,"ELCTRI_VA":1298.67,"ELCTRI_EXP":704.59,"MAQYEQ_VA":2197.03,"MAQYEQ_EXP":968.78,"AUTOMO_VA":2835.95,"AUTOMO_EXP":775.0,"OTRTRA_VA":195.17,"OTRTRA_EXP":189.06,"TRANSP_VA":456.3,"TRANSP_EXP":252.27,"OTRMAN_VA":1973.69,"OTRMAN_EXP":1474.68,"ELEGAS_VA":3734.13,"ELEGAS_EXP":19.3,"AGUBAS_VA":1325.83,"AGUBAS_EXP":20.02,"CONSTR_VA":16659.83,"CONSTR_EXP":156.57,"COMREV_VA":35019.63,"COMREV_EXP":6267.27,"TRATIE_VA":19432.49,"TRATIE_EXP":3490.06,"TRAGUA_VA":1328.08,"TRAGUA_EXP":1447.26,"TRAAIR_VA":1411.19,"TRAAIR_EXP":1408.82,"ALMSTR_VA":1708.14,"ALMSTR_EXP":749.91,"POSTME_VA":581.35,"POSTME_EXP":93.51,"HOTYRE_VA":6335.38,"HOTYRE_EXP":2256.32,"MMTVRA_VA":1295.75,"MMTVRA_EXP":496.95,"TELECO_VA":3413.11,"TELECO_EXP":1171.23,"ITSERV_VA":497.4,"ITSERV_EXP":256.84,"SERFIN_VA":14149.26,"SERFIN_EXP":2712.25,"GOBEST_VA":17238.1,"GOBEST_EXP":616.01,"SPRSCT_VA":4441.4,"SPRSCT_EXP":1205.44,"SEAEMP_VA":6415.15,"SEAEMP_EXP":2601.18,"ADPDEF_VA":17852.97,"ADPDEF_EXP":1.95,"EDUCAC_VA":1151.28,"EDUCAC_EXP":142.36,"SALUDH_VA":4002.95,"SALUDH_EXP":82.86,"ESPARC_VA":536.46,"ESPARC_EXP":468.27,"OTRSER_VA":2188.66,"OTRSER_EXP":93.54,"SERHOG_VA":78.79,"SERHOG_EXP":0.0}},{"type":"Feature","geometry":{"type":"Point","coordinates":[120.96,23.7]},"properties":{"id":"TWN","name":"Taiwán","continent":"asia","year":1997,"AGRPFO_VA":5329.85,"AGRPFO_EXP":211.25,"FORLOG_VA":79.59,"FORLOG_EXP":19.04,"PESCAC_VA":1776.68,"PESCAC_EXP":243.55,"MINCOL_VA":63.57,"MINCOL_EXP":6.4,"PETGAS_VA":201.18,"PETGAS_EXP":31.76,"MINORE_VA":46.55,"MINORE_EXP":5.33,"MINOTH_VA":403.55,"MINOTH_EXP":5.73,"MINSER_VA":215.84,"MINSER_EXP":9.58,"ALYBEB_VA":6356.96,"ALYBEB_EXP":2405.61,"TEXYPR_VA":6124.97,"TEXYPR_EXP":9910.45,"MADYPR_VA":446.11,"MADYPR_EXP":480.79,"PAPYPR_VA":2366.39,"PAPYPR_EXP":1039.1,"PETREF_VA":4464.43,"PETREF_EXP":1913.55,"QUIMYP_VA":6678.65,"QUIMYP_EXP":5824.16,"FARMED_VA":555.11,"FARMED_EXP":162.24,"HUPLAS_VA":4884.28,"HUPLAS_EXP":7503.14,"PRNOMT_VA":3178.47,"PRNOMT_EXP":1193.85,"METBAS_VA":3356.21,"METBAS_EXP":3406.51,"NONFER_VA":714.42,"NONFER_EXP":1748.45,"PRMETA_VA":5801.8,"PRMETA_EXP":7495.6,"ELCTRO_VA":16239.0,"ELCTRO_EXP":46351.84,"ELCTRI_VA":3368.95,"ELCTRI_EXP":5108.64,"MAQYEQ_VA":3302.75,"MAQYEQ_EXP":9435.13,"AUTOMO_VA":3159.23,"AUTOMO_EXP":2003.63,"OTRTRA_VA":2281.99,"OTRTRA_EXP":415.46,"TRANSP_VA":1545.28,"TRANSP_EXP":3359.6,"OTRMAN_VA":4699.98,"OTRMAN_EXP":2513.1,"ELEGAS_VA":6603.58,"ELEGAS_EXP":0.39,"AGUBAS_VA":1587.77,"AGUBAS_EXP":5.01,"CONSTR_VA":12832.41,"CONSTR_EXP":85.38,"COMREV_VA":44703.7,"COMREV_EXP":17224.67,"TRATIE_VA":5449.04,"TRATIE_EXP":1995.03,"TRAGUA_VA":1480.49,"TRAGUA_EXP":451.89,"TRAAIR_VA":1340.48,"TRAAIR_EXP":699.99,"ALMSTR_VA":3769.74,"ALMSTR_EXP":413.41,"POSTME_VA":734.79,"POSTME_EXP":69.65,"HOTYRE_VA":5525.12,"HOTYRE_EXP":807.07,"MMTVRA_VA":1800.92,"MMTVRA_EXP":404.3,"TELECO_VA":5370.19,"TELECO_EXP":472.74,"ITSERV_VA":1089.04,"ITSERV_EXP":163.74,"SERFIN_VA":25420.05,"SERFIN_EXP":1237.87,"GOBEST_VA":24774.12,"GOBEST_EXP":76.32,"SPRSCT_VA":8011.88,"SPRSCT_EXP":1159.67,"SEAEMP_VA":3568.39,"SEAEMP_EXP":559.21,"ADPDEF_VA":24102.21,"ADPDEF_EXP":0.0,"EDUCAC_VA":11643.64,"EDUCAC_EXP":104.63,"SALUDH_VA":6709.86,"SALUDH_EXP":381.91,"ESPARC_VA":2261.52,"ESPARC_EXP":286.03,"OTRSER_VA":6827.05,"OTRSER_EXP":27.3,"SERHOG_VA":2161.2,"SERHOG_EXP":0.0}},{"type":"Feature","geometry":{"type":"Point","coordinates":[31.17,48.38]},"properties":{"id":"UKR","name":"Ucrania","continent":"europe","year":1997,"AGRPFO_VA":5225.93,"AGRPFO_EXP":429.13,"FORLOG_VA":606.9,"FORLOG_EXP":59.38,"PESCAC_VA":23.3,"PESCAC_EXP":5.94,"MINCOL_VA":898.67,"MINCOL_EXP":266.47,"PETGAS_VA":976.79,"PETGAS_EXP":182.11,"MINORE_VA":944.28,"MINORE_EXP":90.08,"MINOTH_VA":217.24,"MINOTH_EXP":138.91,"MINSER_VA":53.06,"MINSER_EXP":648.77,"ALYBEB_VA":2155.32,"ALYBEB_EXP":1005.13,"TEXYPR_VA":360.93,"TEXYPR_EXP":175.19,"MADYPR_VA":146.08,"MADYPR_EXP":221.77,"PAPYPR_VA":376.44,"PAPYPR_EXP":291.4,"PETREF_VA":571.18,"PETREF_EXP":241.43,"QUIMYP_VA":452.38,"QUIMYP_EXP":550.68,"FARMED_VA":157.94,"FARMED_EXP":61.02,"HUPLAS_VA":259.27,"HUPLAS_EXP":76.61,"PRNOMT_VA":434.56,"PRNOMT_EXP":100.59,"METBAS_VA":1004.24,"METBAS_EXP":2253.86,"NONFER_VA":103.98,"NONFER_EXP":273.38,"PRMETA_VA":306.04,"PRMETA_EXP":167.15,"ELCTRO_VA":126.34,"ELCTRO_EXP":182.43,"ELCTRI_VA":347.65,"ELCTRI_EXP":259.17,"MAQYEQ_VA":592.54,"MAQYEQ_EXP":457.89,"AUTOMO_VA":116.17,"AUTOMO_EXP":118.85,"OTRTRA_VA":21.28,"OTRTRA_EXP":65.26,"TRANSP_VA":993.54,"TRANSP_EXP":267.87,"OTRMAN_VA":526.1,"OTRMAN_EXP":568.55,"ELEGAS_VA":2942.5,"ELEGAS_EXP":42.95,"AGUBAS_VA":589.94,"AGUBAS_EXP":2.07,"CONSTR_VA":1833.07,"CONSTR_EXP":18.61,"COMREV_VA":5267.75,"COMREV_EXP":828.1,"TRATIE_VA":3000.26,"TRATIE_EXP":799.76,"TRAGUA_VA":337.83,"TRAGUA_EXP":168.65,"TRAAIR_VA":328.93,"TRAAIR_EXP":299.85,"ALMSTR_VA":1494.32,"ALMSTR_EXP":523.13,"POSTME_VA":127.6,"POSTME_EXP":32.54,"HOTYRE_VA":311.49,"HOTYRE_EXP":244.44,"MMTVRA_VA":224.71,"MMTVRA_EXP":60.3,"TELECO_VA":896.5,"TELECO_EXP":99.03,"ITSERV_VA":483.46,"ITSERV_EXP":585.2,"SERFIN_VA":1513.26,"SERFIN_EXP":514.85,"GOBEST_VA":1723.58,"GOBEST_EXP":54.31,"SPRSCT_VA":992.04,"SPRSCT_EXP":184.41,"SEAEMP_VA":405.96,"SEAEMP_EXP":65.5,"ADPDEF_VA":2679.39,"ADPDEF_EXP":0.48,"EDUCAC_VA":2096.36,"EDUCAC_EXP":27.17,"SALUDH_VA":1299.05,"SALUDH_EXP":11.48,"ESPARC_VA":249.94,"ESPARC_EXP":26.16,"OTRSER_VA":355.52,"OTRSER_EXP":11.08,"SERHOG_VA":0.69,"SERHOG_EXP":0.0}},{"type":"Feature","geometry":{"type":"Point","coordinates":[-95.71,37.09]},"properties":{"id":"USA","name":"Estados Unidos","continent":"america","year":1997,"AGRPFO_VA":105334.35,"AGRPFO_EXP":22483.76,"FORLOG_VA":7889.64,"FORLOG_EXP":1363.13,"PESCAC_VA":2773.67,"PESCAC_EXP":1632.09,"MINCOL_VA":12586.33,"MINCOL_EXP":2948.59,"PETGAS_VA":51818.77,"PETGAS_EXP":2482.88,"MINORE_VA":4319.48,"MINORE_EXP":4449.7,"MINOTH_VA":8765.82,"MINOTH_EXP":1278.26,"MINSER_VA":13612.5,"MINSER_EXP":1519.67,"ALYBEB_VA":124511.31,"ALYBEB_EXP":28890.77,"TEXYPR_VA":54522.51,"TEXYPR_EXP":16732.57,"MADYPR_VA":27282.44,"MADYPR_EXP":4441.62,"PAPYPR_VA":94791.48,"PAPYPR_EXP":15711.83,"PETREF_VA":41390.32,"PETREF_EXP":12843.56,"QUIMYP_VA":113268.14,"QUIMYP_EXP":50863.77,"FARMED_VA":63309.82,"FARMED_EXP":9979.99,"HUPLAS_VA":58757.8,"HUPLAS_EXP":10975.15,"PRNOMT_VA":47684.45,"PRNOMT_EXP":5433.75,"METBAS_VA":25886.67,"METBAS_EXP":6016.04,"NONFER_VA":34190.29,"NONFER_EXP":14894.7,"PRMETA_VA":109521.85,"PRMETA_EXP":12989.71,"ELCTRO_VA":199413.56,"ELCTRO_EXP":109651.26,"ELCTRI_VA":47632.93,"ELCTRI_EXP":15777.54,"MAQYEQ_VA":104400.2,"MAQYEQ_EXP":59941.96,"AUTOMO_VA":107983.49,"AUTOMO_EXP":55065.87,"OTRTRA_VA":8248.54,"OTRTRA_EXP":1418.03,"TRANSP_VA":54980.68,"TRANSP_EXP":42898.44,"OTRMAN_VA":89658.93,"OTRMAN_EXP":15269.19,"ELEGAS_VA":151200.13,"ELEGAS_EXP":2050.74,"AGUBAS_VA":25632.55,"AGUBAS_EXP":38.96,"CONSTR_VA":346568.51,"CONSTR_EXP":11.53,"COMREV_VA":951400.12,"COMREV_EXP":116290.34,"TRATIE_VA":123547.76,"TRATIE_EXP":21502.21,"TRAGUA_VA":6915.19,"TRAGUA_EXP":7090.94,"TRAAIR_VA":48774.4,"TRAAIR_EXP":28132.95,"ALMSTR_VA":47669.43,"ALMSTR_EXP":2008.52,"POSTME_VA":73924.16,"POSTME_EXP":4132.61,"HOTYRE_VA":197914.15,"HOTYRE_EXP":25550.23,"MMTVRA_VA":171282.33,"MMTVRA_EXP":22769.71,"TELECO_VA":171048.29,"TELECO_EXP":9761.21,"ITSERV_VA":105295.17,"ITSERV_EXP":6838.54,"SERFIN_VA":568502.87,"SERFIN_EXP":31988.72,"GOBEST_VA":942537.26,"GOBEST_EXP":6967.18,"SPRSCT_VA":546542.96,"SPRSCT_EXP":38368.82,"SEAEMP_VA":294773.47,"SEAEMP_EXP":19204.58,"ADPDEF_VA":762302.69,"ADPDEF_EXP":1940.9,"EDUCAC_VA":443634.08,"EDUCAC_EXP":15675.9,"SALUDH_VA":512555.8,"SALUDH_EXP":1250.53,"ESPARC_VA":75470.9,"ESPARC_EXP":3620.39,"OTRSER_VA":140655.43,"OTRSER_EXP":1553.76,"SERHOG_VA":12193.99,"SERHOG_EXP":0.0}},{"type":"Feature","geometry":{"type":"Point","coordinates":[108.28,14.06]},"properties":{"id":"VNM","name":"Vietnam","continent":"asia","year":1997,"AGRPFO_VA":3943.84,"AGRPFO_EXP":433.37,"FORLOG_VA":307.27,"FORLOG_EXP":28.7,"PESCAC_VA":935.69,"PESCAC_EXP":139.3,"MINCOL_VA":136.36,"MINCOL_EXP":65.56,"PETGAS_VA":2646.13,"PETGAS_EXP":2077.84,"MINORE_VA":26.15,"MINORE_EXP":5.97,"MINOTH_VA":81.61,"MINOTH_EXP":3.02,"MINSER_VA":52.39,"MINSER_EXP":2.36,"ALYBEB_VA":1261.77,"ALYBEB_EXP":1440.18,"TEXYPR_VA":1731.91,"TEXYPR_EXP":1951.0,"MADYPR_VA":129.79,"MADYPR_EXP":222.04,"PAPYPR_VA":182.39,"PAPYPR_EXP":34.12,"PETREF_VA":145.96,"PETREF_EXP":50.75,"QUIMYP_VA":315.58,"QUIMYP_EXP":41.33,"FARMED_VA":83.62,"FARMED_EXP":17.65,"HUPLAS_VA":267.91,"HUPLAS_EXP":35.79,"PRNOMT_VA":451.22,"PRNOMT_EXP":41.18,"METBAS_VA":148.25,"METBAS_EXP":30.9,"NONFER_VA":35.31,"NONFER_EXP":18.48,"PRMETA_VA":279.58,"PRMETA_EXP":680.83,"ELCTRO_VA":377.5,"ELCTRO_EXP":180.37,"ELCTRI_VA":177.79,"ELCTRI_EXP":136.06,"MAQYEQ_VA":139.86,"MAQYEQ_EXP":315.57,"AUTOMO_VA":77.84,"AUTOMO_EXP":3.19,"OTRTRA_VA":5.94,"OTRTRA_EXP":16.16,"TRANSP_VA":62.51,"TRANSP_EXP":3.28,"OTRMAN_VA":427.04,"OTRMAN_EXP":255.91,"ELEGAS_VA":845.72,"ELEGAS_EXP":7.14,"AGUBAS_VA":179.17,"AGUBAS_EXP":0.25,"CONSTR_VA":1584.95,"CONSTR_EXP":1.59,"COMREV_VA":2257.81,"COMREV_EXP":590.46,"TRATIE_VA":350.17,"TRATIE_EXP":218.14,"TRAGUA_VA":125.67,"TRAGUA_EXP":170.62,"TRAAIR_VA":152.73,"TRAAIR_EXP":317.74,"ALMSTR_VA":203.25,"ALMSTR_EXP":176.4,"POSTME_VA":52.44,"POSTME_EXP":66.89,"HOTYRE_VA":756.75,"HOTYRE_EXP":479.66,"MMTVRA_VA":93.96,"MMTVRA_EXP":35.36,"TELECO_VA":331.57,"TELECO_EXP":121.07,"ITSERV_VA":123.9,"ITSERV_EXP":61.18,"SERFIN_VA":610.63,"SERFIN_EXP":262.35,"GOBEST_VA":606.1,"GOBEST_EXP":44.36,"SPRSCT_VA":553.18,"SPRSCT_EXP":143.24,"SEAEMP_VA":160.72,"SEAEMP_EXP":94.92,"ADPDEF_VA":653.75,"ADPDEF_EXP":1.71,"EDUCAC_VA":759.24,"EDUCAC_EXP":20.36,"SALUDH_VA":331.18,"SALUDH_EXP":12.8,"ESPARC_VA":222.83,"ESPARC_EXP":85.55,"OTRSER_VA":199.56,"OTRSER_EXP":13.59,"SERHOG_VA":40.92,"SERHOG_EXP":0.0}},{"type":"Feature","geometry":{"type":"Point","coordinates":[22.94,-30.56]},"properties":{"id":"ZAF","name":"Sudáfrica","continent":"other","year":1997,"AGRPFO_VA":2875.68,"AGRPFO_EXP":887.25,"FORLOG_VA":161.65,"FORLOG_EXP":8.76,"PESCAC_VA":279.97,"PESCAC_EXP":29.07,"MINCOL_VA":1799.45,"MINCOL_EXP":2010.89,"PETGAS_VA":137.75,"PETGAS_EXP":297.3,"MINORE_VA":7273.79,"MINORE_EXP":9516.97,"MINOTH_VA":637.17,"MINOTH_EXP":1099.92,"MINSER_VA":105.95,"MINSER_EXP":6.39,"ALYBEB_VA":4118.85,"ALYBEB_EXP":752.18,"TEXYPR_VA":1022.74,"TEXYPR_EXP":145.52,"MADYPR_VA":337.96,"MADYPR_EXP":111.73,"PAPYPR_VA":1411.36,"PAPYPR_EXP":451.63,"PETREF_VA":2296.52,"PETREF_EXP":654.29,"QUIMYP_VA":1934.52,"QUIMYP_EXP":1885.63,"FARMED_VA":341.83,"FARMED_EXP":90.92,"HUPLAS_VA":666.87,"HUPLAS_EXP":158.18,"PRNOMT_VA":968.47,"PRNOMT_EXP":87.4,"METBAS_VA":1982.68,"METBAS_EXP":2606.04,"NONFER_VA":523.57,"NONFER_EXP":1434.72,"PRMETA_VA":1198.61,"PRMETA_EXP":561.18,"ELCTRO_VA":359.11,"ELCTRO_EXP":200.04,"ELCTRI_VA":677.84,"ELCTRI_EXP":332.17,"MAQYEQ_VA":1578.5,"MAQYEQ_EXP":1362.71,"AUTOMO_VA":1886.43,"AUTOMO_EXP":1870.4,"OTRTRA_VA":38.63,"OTRTRA_EXP":54.89,"TRANSP_VA":251.07,"TRANSP_EXP":426.91,"OTRMAN_VA":1374.55,"OTRMAN_EXP":509.88,"ELEGAS_VA":2973.41,"ELEGAS_EXP":36.16,"AGUBAS_VA":1611.48,"AGUBAS_EXP":0.13,"CONSTR_VA":5215.82,"CONSTR_EXP":64.78,"COMREV_VA":13861.48,"COMREV_EXP":2661.59,"TRATIE_VA":3738.31,"TRATIE_EXP":936.83,"TRAGUA_VA":190.15,"TRAGUA_EXP":160.6,"TRAAIR_VA":427.93,"TRAAIR_EXP":512.43,"ALMSTR_VA":1703.21,"ALMSTR_EXP":595.34,"POSTME_VA":279.99,"POSTME_EXP":53.1,"HOTYRE_VA":1566.38,"HOTYRE_EXP":414.32,"MMTVRA_VA":1415.43,"MMTVRA_EXP":202.52,"TELECO_VA":8843.76,"TELECO_EXP":610.5,"ITSERV_VA":2986.96,"ITSERV_EXP":124.88,"SERFIN_VA":22822.78,"SERFIN_EXP":780.88,"GOBEST_VA":10994.53,"GOBEST_EXP":181.18,"SPRSCT_VA":6340.45,"SPRSCT_EXP":133.12,"SEAEMP_VA":3812.58,"SEAEMP_EXP":181.66,"ADPDEF_VA":5329.03,"ADPDEF_EXP":4.89,"EDUCAC_VA":4309.21,"EDUCAC_EXP":309.91,"SALUDH_VA":3234.19,"SALUDH_EXP":36.34,"ESPARC_VA":1950.94,"ESPARC_EXP":92.2,"OTRSER_VA":876.67,"OTRSER_EXP":30.18,"SERHOG_VA":20813.24,"SERHOG_EXP":0.0}}]}