{"type":"FeatureCollection","features":[{"type":"Feature","geometry":{"type":"Point","coordinates":[13.23,-8.84]},"properties":{"id":"AGO","name":"Angola","continent":"other","year":2006,"AGRPFO_VA":2454.13,"AGRPFO_EXP":7.7,"FORLOG_VA":198.6,"FORLOG_EXP":2.76,"PESCAC_VA":354.99,"PESCAC_EXP":13.98,"MINCOL_VA":14.95,"MINCOL_EXP":0.09,"PETGAS_VA":19494.55,"PETGAS_EXP":23380.1,"MINORE_VA":18.5,"MINORE_EXP":0.1,"MINOTH_VA":3739.41,"MINOTH_EXP":3998.24,"MINSER_VA":2766.81,"MINSER_EXP":184.11,"ALYBEB_VA":509.4,"ALYBEB_EXP":721.98,"TEXYPR_VA":245.7,"TEXYPR_EXP":20.7,"MADYPR_VA":10.18,"MADYPR_EXP":1.07,"PAPYPR_VA":41.28,"PAPYPR_EXP":1.96,"PETREF_VA":473.26,"PETREF_EXP":1744.53,"QUIMYP_VA":208.73,"QUIMYP_EXP":14.71,"FARMED_VA":93.75,"FARMED_EXP":2.87,"HUPLAS_VA":48.75,"HUPLAS_EXP":0.28,"PRNOMT_VA":85.95,"PRNOMT_EXP":0.31,"METBAS_VA":27.74,"METBAS_EXP":0.56,"NONFER_VA":7.3,"NONFER_EXP":0.14,"PRMETA_VA":55.72,"PRMETA_EXP":3.5,"ELCTRO_VA":170.29,"ELCTRO_EXP":8.51,"ELCTRI_VA":79.38,"ELCTRI_EXP":2.26,"MAQYEQ_VA":229.91,"MAQYEQ_EXP":11.48,"AUTOMO_VA":204.26,"AUTOMO_EXP":1.97,"OTRTRA_VA":8.14,"OTRTRA_EXP":0.12,"TRANSP_VA":4.88,"TRANSP_EXP":0.83,"OTRMAN_VA":79.3,"OTRMAN_EXP":25.39,"ELEGAS_VA":1620.27,"ELEGAS_EXP":0.67,"AGUBAS_VA":203.42,"AGUBAS_EXP":0.82,"CONSTR_VA":2229.56,"CONSTR_EXP":2.33,"COMREV_VA":3517.19,"COMREV_EXP":1013.23,"TRATIE_VA":496.55,"TRATIE_EXP":243.19,"TRAGUA_VA":137.77,"TRAGUA_EXP":173.23,"TRAAIR_VA":269.41,"TRAAIR_EXP":156.03,"ALMSTR_VA":256.95,"ALMSTR_EXP":147.44,"POSTME_VA":151.99,"POSTME_EXP":4.41,"HOTYRE_VA":677.16,"HOTYRE_EXP":212.1,"MMTVRA_VA":357.59,"MMTVRA_EXP":15.43,"TELECO_VA":674.43,"TELECO_EXP":33.8,"ITSERV_VA":396.2,"ITSERV_EXP":46.9,"SERFIN_VA":1077.02,"SERFIN_EXP":699.77,"GOBEST_VA":1767.49,"GOBEST_EXP":57.96,"SPRSCT_VA":695.32,"SPRSCT_EXP":167.74,"SEAEMP_VA":535.9,"SEAEMP_EXP":95.03,"ADPDEF_VA":3308.58,"ADPDEF_EXP":3.72,"EDUCAC_VA":2522.28,"EDUCAC_EXP":12.66,"SALUDH_VA":718.81,"SALUDH_EXP":10.49,"ESPARC_VA":95.92,"ESPARC_EXP":32.9,"OTRSER_VA":335.07,"OTRSER_EXP":14.16,"SERHOG_VA":0.0,"SERHOG_EXP":0.0}},{"type":"Feature","geometry":{"type":"Point","coordinates":[53.85,23.42]},"properties":{"id":"ARE","name":"Emiratos Árabes","continent":"other","year":2006,"AGRPFO_VA":2192.87,"AGRPFO_EXP":191.6,"FORLOG_VA":222.19,"FORLOG_EXP":165.32,"PESCAC_VA":251.66,"PESCAC_EXP":236.08,"MINCOL_VA":518.01,"MINCOL_EXP":7.06,"PETGAS_VA":56277.34,"PETGAS_EXP":59419.25,"MINORE_VA":8252.4,"MINORE_EXP":2014.16,"MINOTH_VA":2403.51,"MINOTH_EXP":9564.37,"MINSER_VA":6128.96,"MINSER_EXP":580.34,"ALYBEB_VA":3389.67,"ALYBEB_EXP":1817.76,"TEXYPR_VA":1271.52,"TEXYPR_EXP":182.36,"MADYPR_VA":150.46,"MADYPR_EXP":17.06,"PAPYPR_VA":607.2,"PAPYPR_EXP":216.26,"PETREF_VA":9522.59,"PETREF_EXP":28066.51,"QUIMYP_VA":2855.29,"QUIMYP_EXP":5209.18,"FARMED_VA":1295.45,"FARMED_EXP":99.68,"HUPLAS_VA":734.26,"HUPLAS_EXP":860.92,"PRNOMT_VA":1339.95,"PRNOMT_EXP":632.34,"METBAS_VA":409.68,"METBAS_EXP":223.57,"NONFER_VA":1895.53,"NONFER_EXP":4249.87,"PRMETA_VA":844.71,"PRMETA_EXP":315.47,"ELCTRO_VA":2675.05,"ELCTRO_EXP":66.54,"ELCTRI_VA":1140.69,"ELCTRI_EXP":149.04,"MAQYEQ_VA":756.55,"MAQYEQ_EXP":121.34,"AUTOMO_VA":1040.05,"AUTOMO_EXP":48.32,"OTRTRA_VA":134.89,"OTRTRA_EXP":255.67,"TRANSP_VA":515.83,"TRANSP_EXP":4.68,"OTRMAN_VA":1426.22,"OTRMAN_EXP":1048.97,"ELEGAS_VA":5668.82,"ELEGAS_EXP":135.0,"AGUBAS_VA":1117.78,"AGUBAS_EXP":11.56,"CONSTR_VA":26302.4,"CONSTR_EXP":142.29,"COMREV_VA":16163.32,"COMREV_EXP":4598.61,"TRATIE_VA":1755.41,"TRATIE_EXP":637.99,"TRAGUA_VA":881.56,"TRAGUA_EXP":600.53,"TRAAIR_VA":1320.25,"TRAAIR_EXP":690.0,"ALMSTR_VA":1567.25,"ALMSTR_EXP":261.85,"POSTME_VA":887.77,"POSTME_EXP":14.12,"HOTYRE_VA":3591.0,"HOTYRE_EXP":1922.27,"MMTVRA_VA":2166.4,"MMTVRA_EXP":102.82,"TELECO_VA":3846.09,"TELECO_EXP":185.99,"ITSERV_VA":2204.99,"ITSERV_EXP":51.38,"SERFIN_VA":6966.76,"SERFIN_EXP":360.5,"GOBEST_VA":10668.01,"GOBEST_EXP":393.31,"SPRSCT_VA":4203.61,"SPRSCT_EXP":400.3,"SEAEMP_VA":3077.33,"SEAEMP_EXP":272.34,"ADPDEF_VA":12050.8,"ADPDEF_EXP":13.73,"EDUCAC_VA":2724.69,"EDUCAC_EXP":91.21,"SALUDH_VA":3853.41,"SALUDH_EXP":77.93,"ESPARC_VA":471.36,"ESPARC_EXP":192.66,"OTRSER_VA":1848.2,"OTRSER_EXP":104.97,"SERHOG_VA":991.73,"SERHOG_EXP":0.0}},{"type":"Feature","geometry":{"type":"Point","coordinates":[-63.62,-38.42]},"properties":{"id":"ARG","name":"Argentina","continent":"america","year":2006,"AGRPFO_VA":15292.25,"AGRPFO_EXP":5819.16,"FORLOG_VA":386.31,"FORLOG_EXP":22.77,"PESCAC_VA":844.4,"PESCAC_EXP":83.06,"MINCOL_VA":11.54,"MINCOL_EXP":2.63,"PETGAS_VA":10086.38,"PETGAS_EXP":2670.04,"MINORE_VA":1027.58,"MINORE_EXP":1102.48,"MINOTH_VA":628.0,"MINOTH_EXP":29.65,"MINSER_VA":928.89,"MINSER_EXP":1.98,"ALYBEB_VA":11280.24,"ALYBEB_EXP":11681.5,"TEXYPR_VA":3774.42,"TEXYPR_EXP":2006.19,"MADYPR_VA":972.19,"MADYPR_EXP":232.58,"PAPYPR_VA":3050.44,"PAPYPR_EXP":558.55,"PETREF_VA":1386.87,"PETREF_EXP":3245.79,"QUIMYP_VA":5367.88,"QUIMYP_EXP":2099.13,"FARMED_VA":3216.4,"FARMED_EXP":624.07,"HUPLAS_VA":2042.56,"HUPLAS_EXP":568.24,"PRNOMT_VA":1916.44,"PRNOMT_EXP":150.05,"METBAS_VA":3402.06,"METBAS_EXP":1198.79,"NONFER_VA":663.29,"NONFER_EXP":417.84,"PRMETA_VA":2432.03,"PRMETA_EXP":467.18,"ELCTRO_VA":693.64,"ELCTRO_EXP":216.82,"ELCTRI_VA":984.65,"ELCTRI_EXP":258.28,"MAQYEQ_VA":2409.6,"MAQYEQ_EXP":653.47,"AUTOMO_VA":2345.65,"AUTOMO_EXP":3622.81,"OTRTRA_VA":54.39,"OTRTRA_EXP":21.19,"TRANSP_VA":156.49,"TRANSP_EXP":43.73,"OTRMAN_VA":1656.17,"OTRMAN_EXP":263.14,"ELEGAS_VA":3359.62,"ELEGAS_EXP":118.84,"AGUBAS_VA":464.49,"AGUBAS_EXP":11.83,"CONSTR_VA":9731.06,"CONSTR_EXP":0.47,"COMREV_VA":28614.95,"COMREV_EXP":6146.58,"TRATIE_VA":6539.95,"TRATIE_EXP":961.33,"TRAGUA_VA":169.58,"TRAGUA_EXP":46.89,"TRAAIR_VA":412.45,"TRAAIR_EXP":895.45,"ALMSTR_VA":2414.38,"ALMSTR_EXP":657.54,"POSTME_VA":432.89,"POSTME_EXP":46.81,"HOTYRE_VA":4319.92,"HOTYRE_EXP":1171.98,"MMTVRA_VA":484.17,"MMTVRA_EXP":142.69,"TELECO_VA":4363.26,"TELECO_EXP":315.08,"ITSERV_VA":1061.07,"ITSERV_EXP":594.86,"SERFIN_VA":7538.94,"SERFIN_EXP":153.48,"GOBEST_VA":15196.14,"GOBEST_EXP":147.82,"SPRSCT_VA":8284.62,"SPRSCT_EXP":1422.63,"SEAEMP_VA":2885.31,"SEAEMP_EXP":685.62,"ADPDEF_VA":12263.3,"ADPDEF_EXP":0.01,"EDUCAC_VA":9310.42,"EDUCAC_EXP":45.51,"SALUDH_VA":7069.19,"SALUDH_EXP":35.19,"ESPARC_VA":797.46,"ESPARC_EXP":152.11,"OTRSER_VA":2737.14,"OTRSER_EXP":43.98,"SERHOG_VA":2848.26,"SERHOG_EXP":0.0}},{"type":"Feature","geometry":{"type":"Point","coordinates":[133.78,-25.27]},"properties":{"id":"AUS","name":"Australia","continent":"other","year":2006,"AGRPFO_VA":16090.62,"AGRPFO_EXP":5056.66,"FORLOG_VA":665.87,"FORLOG_EXP":68.82,"PESCAC_VA":1073.64,"PESCAC_EXP":173.79,"MINCOL_VA":10990.89,"MINCOL_EXP":14360.59,"PETGAS_VA":16027.51,"PETGAS_EXP":9429.3,"MINORE_VA":23253.16,"MINORE_EXP":16915.44,"MINOTH_VA":1711.97,"MINOTH_EXP":558.8,"MINSER_VA":4179.75,"MINSER_EXP":59.06,"ALYBEB_VA":15810.7,"ALYBEB_EXP":10352.6,"TEXYPR_VA":1932.33,"TEXYPR_EXP":1054.64,"MADYPR_VA":2959.78,"MADYPR_EXP":653.18,"PAPYPR_VA":5151.73,"PAPYPR_EXP":804.77,"PETREF_VA":3057.78,"PETREF_EXP":2425.61,"QUIMYP_VA":2646.27,"QUIMYP_EXP":1841.2,"FARMED_VA":2747.13,"FARMED_EXP":1764.45,"HUPLAS_VA":4138.03,"HUPLAS_EXP":930.97,"PRNOMT_VA":3327.91,"PRNOMT_EXP":353.37,"METBAS_VA":3334.91,"METBAS_EXP":1417.34,"NONFER_VA":6573.43,"NONFER_EXP":18860.38,"PRMETA_VA":6824.58,"PRMETA_EXP":1003.8,"ELCTRO_VA":4102.4,"ELCTRO_EXP":880.74,"ELCTRI_VA":901.76,"ELCTRI_EXP":687.9,"MAQYEQ_VA":3475.9,"MAQYEQ_EXP":1797.14,"AUTOMO_VA":3636.84,"AUTOMO_EXP":2638.18,"OTRTRA_VA":1341.16,"OTRTRA_EXP":400.94,"TRANSP_VA":2185.59,"TRANSP_EXP":259.75,"OTRMAN_VA":4977.11,"OTRMAN_EXP":741.03,"ELEGAS_VA":12061.9,"ELEGAS_EXP":233.24,"AGUBAS_VA":6107.44,"AGUBAS_EXP":5.57,"CONSTR_VA":55808.8,"CONSTR_EXP":394.9,"COMREV_VA":77133.41,"COMREV_EXP":17597.89,"TRATIE_VA":16520.9,"TRATIE_EXP":2710.22,"TRAGUA_VA":1362.76,"TRAGUA_EXP":1164.45,"TRAAIR_VA":4196.01,"TRAAIR_EXP":4665.79,"ALMSTR_VA":15085.15,"ALMSTR_EXP":1666.4,"POSTME_VA":3354.47,"POSTME_EXP":887.34,"HOTYRE_VA":22311.53,"HOTYRE_EXP":4347.75,"MMTVRA_VA":11069.92,"MMTVRA_EXP":644.33,"TELECO_VA":12999.42,"TELECO_EXP":1054.65,"ITSERV_VA":12345.17,"ITSERV_EXP":777.35,"SERFIN_VA":66778.32,"SERFIN_EXP":2186.21,"GOBEST_VA":74470.09,"GOBEST_EXP":717.98,"SPRSCT_VA":35466.67,"SPRSCT_EXP":2935.61,"SEAEMP_VA":26967.89,"SEAEMP_EXP":2271.79,"ADPDEF_VA":42954.66,"ADPDEF_EXP":23.41,"EDUCAC_VA":34759.69,"EDUCAC_EXP":3369.45,"SALUDH_VA":43037.35,"SALUDH_EXP":265.34,"ESPARC_VA":6420.17,"ESPARC_EXP":1075.58,"OTRSER_VA":7528.47,"OTRSER_EXP":332.05,"SERHOG_VA":0.0,"SERHOG_EXP":0.0}},{"type":"Feature","geometry":{"type":"Point","coordinates":[14.55,47.52]},"properties":{"id":"AUT","name":"Austria","continent":"europe","year":2006,"AGRPFO_VA":3290.69,"AGRPFO_EXP":918.09,"FORLOG_VA":1348.86,"FORLOG_EXP":90.52,"PESCAC_VA":12.48,"PESCAC_EXP":7.32,"MINCOL_VA":21.98,"MINCOL_EXP":1.88,"PETGAS_VA":793.41,"PETGAS_EXP":499.91,"MINORE_VA":126.81,"MINORE_EXP":187.63,"MINOTH_VA":617.15,"MINOTH_EXP":230.69,"MINSER_VA":36.85,"MINSER_EXP":11.11,"ALYBEB_VA":6014.64,"ALYBEB_EXP":5571.45,"TEXYPR_VA":1694.5,"TEXYPR_EXP":3119.04,"MADYPR_VA":2827.75,"MADYPR_EXP":3409.02,"PAPYPR_VA":3975.78,"PAPYPR_EXP":4429.1,"PETREF_VA":710.21,"PETREF_EXP":2215.03,"QUIMYP_VA":2675.64,"QUIMYP_EXP":4517.86,"FARMED_VA":1786.07,"FARMED_EXP":1959.57,"HUPLAS_VA":2619.33,"HUPLAS_EXP":2868.85,"PRNOMT_VA":3607.68,"PRNOMT_EXP":2161.76,"METBAS_VA":2834.58,"METBAS_EXP":6216.39,"NONFER_VA":1762.27,"NONFER_EXP":3762.56,"PRMETA_VA":6355.31,"PRMETA_EXP":4937.96,"ELCTRO_VA":4797.96,"ELCTRO_EXP":5135.2,"ELCTRI_VA":3627.4,"ELCTRI_EXP":4604.07,"MAQYEQ_VA":7675.85,"MAQYEQ_EXP":12294.92,"AUTOMO_VA":5513.8,"AUTOMO_EXP":13856.34,"OTRTRA_VA":72.49,"OTRTRA_EXP":25.58,"TRANSP_VA":960.19,"TRANSP_EXP":951.3,"OTRMAN_VA":4412.95,"OTRMAN_EXP":3858.21,"ELEGAS_VA":7096.51,"ELEGAS_EXP":1897.26,"AGUBAS_VA":3318.1,"AGUBAS_EXP":57.42,"CONSTR_VA":20433.83,"CONSTR_EXP":445.67,"COMREV_VA":39854.02,"COMREV_EXP":16381.99,"TRATIE_VA":8909.58,"TRATIE_EXP":7868.78,"TRAGUA_VA":207.88,"TRAGUA_EXP":105.36,"TRAAIR_VA":1111.81,"TRAAIR_EXP":2691.57,"ALMSTR_VA":6223.1,"ALMSTR_EXP":2261.53,"POSTME_VA":1759.9,"POSTME_EXP":569.99,"HOTYRE_VA":11685.22,"HOTYRE_EXP":3531.67,"MMTVRA_VA":2400.99,"MMTVRA_EXP":1066.36,"TELECO_VA":4181.69,"TELECO_EXP":1473.97,"ITSERV_VA":4472.47,"ITSERV_EXP":2051.94,"SERFIN_VA":15607.44,"SERFIN_EXP":5565.19,"GOBEST_VA":26368.95,"GOBEST_EXP":943.67,"SPRSCT_VA":13689.44,"SPRSCT_EXP":6511.9,"SEAEMP_VA":11560.02,"SEAEMP_EXP":1116.37,"ADPDEF_VA":16775.52,"ADPDEF_EXP":177.21,"EDUCAC_VA":16144.78,"EDUCAC_EXP":147.73,"SALUDH_VA":19328.54,"SALUDH_EXP":391.45,"ESPARC_VA":3339.94,"ESPARC_EXP":903.57,"OTRSER_VA":4577.93,"OTRSER_EXP":393.29,"SERHOG_VA":183.26,"SERHOG_EXP":0.0}},{"type":"Feature","geometry":{"type":"Point","coordinates":[4.47,50.5]},"properties":{"id":"BEL","name":"Bélgica","continent":"europe","year":2006,"AGRPFO_VA":3715.75,"AGRPFO_EXP":1690.66,"FORLOG_VA":141.59,"FORLOG_EXP":58.05,"PESCAC_VA":80.62,"PESCAC_EXP":61.5,"MINCOL_VA":0.0,"MINCOL_EXP":0.0,"PETGAS_VA":0.0,"PETGAS_EXP":0.0,"MINORE_VA":0.0,"MINORE_EXP":0.0,"MINOTH_VA":450.81,"MINOTH_EXP":222.74,"MINSER_VA":17.49,"MINSER_EXP":25.23,"ALYBEB_VA":8216.29,"ALYBEB_EXP":12494.05,"TEXYPR_VA":2867.81,"TEXYPR_EXP":5769.23,"MADYPR_VA":1185.86,"MADYPR_EXP":1711.97,"PAPYPR_VA":3145.01,"PAPYPR_EXP":2849.55,"PETREF_VA":2947.57,"PETREF_EXP":12280.7,"QUIMYP_VA":9409.56,"QUIMYP_EXP":18352.31,"FARMED_VA":4557.06,"FARMED_EXP":4360.31,"HUPLAS_VA":2546.12,"HUPLAS_EXP":4429.28,"PRNOMT_VA":3189.8,"PRNOMT_EXP":2841.05,"METBAS_VA":3848.6,"METBAS_EXP":11392.86,"NONFER_VA":1121.73,"NONFER_EXP":7538.33,"PRMETA_VA":5161.78,"PRMETA_EXP":5205.72,"ELCTRO_VA":2216.85,"ELCTRO_EXP":3334.73,"ELCTRI_VA":2276.12,"ELCTRI_EXP":2875.02,"MAQYEQ_VA":4245.84,"MAQYEQ_EXP":6509.65,"AUTOMO_VA":5372.2,"AUTOMO_EXP":19438.47,"OTRTRA_VA":19.78,"OTRTRA_EXP":49.01,"TRANSP_VA":646.7,"TRANSP_EXP":553.62,"OTRMAN_VA":2366.68,"OTRMAN_EXP":2731.34,"ELEGAS_VA":6728.0,"ELEGAS_EXP":2769.88,"AGUBAS_VA":2887.84,"AGUBAS_EXP":1286.6,"CONSTR_VA":20153.67,"CONSTR_EXP":750.35,"COMREV_VA":49855.69,"COMREV_EXP":29147.36,"TRATIE_VA":8738.88,"TRATIE_EXP":5306.29,"TRAGUA_VA":965.9,"TRAGUA_EXP":2934.02,"TRAAIR_VA":718.53,"TRAAIR_EXP":2368.05,"ALMSTR_VA":11212.89,"ALMSTR_EXP":13375.07,"POSTME_VA":2642.46,"POSTME_EXP":932.64,"HOTYRE_VA":7001.77,"HOTYRE_EXP":1922.74,"MMTVRA_VA":2878.09,"MMTVRA_EXP":1675.63,"TELECO_VA":7051.1,"TELECO_EXP":2655.38,"ITSERV_VA":5378.69,"ITSERV_EXP":2361.68,"SERFIN_VA":20689.33,"SERFIN_EXP":5980.49,"GOBEST_VA":31429.3,"GOBEST_EXP":349.98,"SPRSCT_VA":31939.37,"SPRSCT_EXP":18928.71,"SEAEMP_VA":15341.38,"SEAEMP_EXP":2305.44,"ADPDEF_VA":27930.91,"ADPDEF_EXP":339.25,"EDUCAC_VA":23165.06,"EDUCAC_EXP":999.68,"SALUDH_VA":23909.46,"SALUDH_EXP":403.74,"ESPARC_VA":2556.36,"ESPARC_EXP":687.1,"OTRSER_VA":5068.42,"OTRSER_EXP":172.21,"SERHOG_VA":729.38,"SERHOG_EXP":0.0}},{"type":"Feature","geometry":{"type":"Point","coordinates":[90.36,23.68]},"properties":{"id":"BGD","name":"Bangladesh","continent":"asia","year":2006,"AGRPFO_VA":5824.35,"AGRPFO_EXP":742.38,"FORLOG_VA":1171.36,"FORLOG_EXP":33.83,"PESCAC_VA":1809.15,"PESCAC_EXP":22.43,"MINCOL_VA":2.49,"MINCOL_EXP":0.01,"PETGAS_VA":769.09,"PETGAS_EXP":3.24,"MINORE_VA":2.41,"MINORE_EXP":0.01,"MINOTH_VA":29.11,"MINOTH_EXP":0.59,"MINSER_VA":27.35,"MINSER_EXP":0.8,"ALYBEB_VA":2109.94,"ALYBEB_EXP":964.63,"TEXYPR_VA":8098.75,"TEXYPR_EXP":5226.34,"MADYPR_VA":17.13,"MADYPR_EXP":3.51,"PAPYPR_VA":106.5,"PAPYPR_EXP":23.71,"PETREF_VA":16.3,"PETREF_EXP":65.94,"QUIMYP_VA":133.83,"QUIMYP_EXP":86.32,"FARMED_VA":294.18,"FARMED_EXP":24.39,"HUPLAS_VA":1169.34,"HUPLAS_EXP":36.14,"PRNOMT_VA":940.39,"PRNOMT_EXP":28.06,"METBAS_VA":326.63,"METBAS_EXP":27.55,"NONFER_VA":240.63,"NONFER_EXP":10.92,"PRMETA_VA":86.53,"PRMETA_EXP":7.0,"ELCTRO_VA":88.5,"ELCTRO_EXP":22.82,"ELCTRI_VA":163.68,"ELCTRI_EXP":14.92,"MAQYEQ_VA":20.97,"MAQYEQ_EXP":23.28,"AUTOMO_VA":12.52,"AUTOMO_EXP":3.59,"OTRTRA_VA":82.52,"OTRTRA_EXP":1.08,"TRANSP_VA":92.85,"TRANSP_EXP":77.55,"OTRMAN_VA":172.57,"OTRMAN_EXP":17.91,"ELEGAS_VA":774.81,"ELEGAS_EXP":2.42,"AGUBAS_VA":1237.64,"AGUBAS_EXP":4.65,"CONSTR_VA":5280.23,"CONSTR_EXP":13.53,"COMREV_VA":6848.16,"COMREV_EXP":1341.2,"TRATIE_VA":1732.63,"TRATIE_EXP":92.13,"TRAGUA_VA":523.98,"TRAGUA_EXP":106.17,"TRAAIR_VA":368.3,"TRAAIR_EXP":72.38,"ALMSTR_VA":618.64,"ALMSTR_EXP":33.44,"POSTME_VA":112.73,"POSTME_EXP":0.59,"HOTYRE_VA":1554.76,"HOTYRE_EXP":26.98,"MMTVRA_VA":445.1,"MMTVRA_EXP":31.13,"TELECO_VA":1223.97,"TELECO_EXP":69.58,"ITSERV_VA":376.08,"ITSERV_EXP":119.53,"SERFIN_VA":2428.89,"SERFIN_EXP":89.86,"GOBEST_VA":3306.45,"GOBEST_EXP":21.2,"SPRSCT_VA":1850.58,"SPRSCT_EXP":439.34,"SEAEMP_VA":1192.08,"SEAEMP_EXP":173.53,"ADPDEF_VA":2109.46,"ADPDEF_EXP":1.74,"EDUCAC_VA":1718.98,"EDUCAC_EXP":2.39,"SALUDH_VA":2519.58,"SALUDH_EXP":2.3,"ESPARC_VA":795.18,"ESPARC_EXP":14.87,"OTRSER_VA":1042.06,"OTRSER_EXP":5.55,"SERHOG_VA":0.0,"SERHOG_EXP":0.0}},{"type":"Feature","geometry":{"type":"Point","coordinates":[25.49,42.73]},"properties":{"id":"BGR","name":"Bulgaria","continent":"europe","year":2006,"AGRPFO_VA":1997.58,"AGRPFO_EXP":532.7,"FORLOG_VA":154.98,"FORLOG_EXP":19.8,"PESCAC_VA":12.06,"PESCAC_EXP":2.26,"MINCOL_VA":145.22,"MINCOL_EXP":4.88,"PETGAS_VA":21.67,"PETGAS_EXP":1.32,"MINORE_VA":474.22,"MINORE_EXP":559.01,"MINOTH_VA":81.45,"MINOTH_EXP":78.51,"MINSER_VA":0.13,"MINSER_EXP":0.09,"ALYBEB_VA":912.63,"ALYBEB_EXP":535.14,"TEXYPR_VA":735.69,"TEXYPR_EXP":624.1,"MADYPR_VA":113.6,"MADYPR_EXP":82.61,"PAPYPR_VA":162.38,"PAPYPR_EXP":89.88,"PETREF_VA":1009.1,"PETREF_EXP":1009.81,"QUIMYP_VA":242.05,"QUIMYP_EXP":324.55,"FARMED_VA":114.74,"FARMED_EXP":101.82,"HUPLAS_VA":162.13,"HUPLAS_EXP":117.82,"PRNOMT_VA":463.84,"PRNOMT_EXP":160.94,"METBAS_VA":212.52,"METBAS_EXP":911.76,"NONFER_VA":195.75,"NONFER_EXP":905.24,"PRMETA_VA":351.46,"PRMETA_EXP":215.77,"ELCTRO_VA":112.12,"ELCTRO_EXP":123.49,"ELCTRI_VA":145.01,"ELCTRI_EXP":200.43,"MAQYEQ_VA":299.98,"MAQYEQ_EXP":339.17,"AUTOMO_VA":62.06,"AUTOMO_EXP":51.21,"OTRTRA_VA":26.45,"OTRTRA_EXP":50.35,"TRANSP_VA":33.64,"TRANSP_EXP":68.07,"OTRMAN_VA":335.16,"OTRMAN_EXP":285.36,"ELEGAS_VA":1269.74,"ELEGAS_EXP":287.67,"AGUBAS_VA":259.75,"AGUBAS_EXP":32.53,"CONSTR_VA":2183.13,"CONSTR_EXP":124.23,"COMREV_VA":4110.34,"COMREV_EXP":1234.39,"TRATIE_VA":1332.54,"TRATIE_EXP":1129.56,"TRAGUA_VA":113.82,"TRAGUA_EXP":243.64,"TRAAIR_VA":41.28,"TRAAIR_EXP":344.08,"ALMSTR_VA":524.71,"ALMSTR_EXP":688.36,"POSTME_VA":587.16,"POSTME_EXP":92.84,"HOTYRE_VA":726.89,"HOTYRE_EXP":977.77,"MMTVRA_VA":283.11,"MMTVRA_EXP":75.43,"TELECO_VA":649.76,"TELECO_EXP":333.31,"ITSERV_VA":223.37,"ITSERV_EXP":146.4,"SERFIN_VA":1563.4,"SERFIN_EXP":510.61,"GOBEST_VA":3023.2,"GOBEST_EXP":151.37,"SPRSCT_VA":557.45,"SPRSCT_EXP":449.56,"SEAEMP_VA":869.37,"SEAEMP_EXP":451.54,"ADPDEF_VA":1995.45,"ADPDEF_EXP":4.68,"EDUCAC_VA":1174.47,"EDUCAC_EXP":49.63,"SALUDH_VA":865.42,"SALUDH_EXP":58.15,"ESPARC_VA":363.38,"ESPARC_EXP":111.07,"OTRSER_VA":236.03,"OTRSER_EXP":46.66,"SERHOG_VA":37.85,"SERHOG_EXP":0.0}},{"type":"Feature","geometry":{"type":"Point","coordinates":[27.95,53.71]},"properties":{"id":"BLR","name":"Bielorrusia","continent":"europe","year":2006,"AGRPFO_VA":3060.79,"AGRPFO_EXP":222.8,"FORLOG_VA":215.32,"FORLOG_EXP":95.45,"PESCAC_VA":63.26,"PESCAC_EXP":1.93,"MINCOL_VA":5.67,"MINCOL_EXP":0.18,"PETGAS_VA":271.13,"PETGAS_EXP":156.2,"MINORE_VA":5.72,"MINORE_EXP":0.4,"MINOTH_VA":110.9,"MINOTH_EXP":108.25,"MINSER_VA":69.19,"MINSER_EXP":5.22,"ALYBEB_VA":2370.05,"ALYBEB_EXP":2333.72,"TEXYPR_VA":1106.6,"TEXYPR_EXP":1093.15,"MADYPR_VA":256.27,"MADYPR_EXP":474.48,"PAPYPR_VA":514.16,"PAPYPR_EXP":265.68,"PETREF_VA":2204.19,"PETREF_EXP":916.54,"QUIMYP_VA":895.33,"QUIMYP_EXP":2381.8,"FARMED_VA":231.51,"FARMED_EXP":102.32,"HUPLAS_VA":340.73,"HUPLAS_EXP":841.38,"PRNOMT_VA":583.98,"PRNOMT_EXP":619.15,"METBAS_VA":397.28,"METBAS_EXP":1074.06,"NONFER_VA":261.13,"NONFER_EXP":27.81,"PRMETA_VA":403.44,"PRMETA_EXP":828.65,"ELCTRO_VA":259.35,"ELCTRO_EXP":325.29,"ELCTRI_VA":319.55,"ELCTRI_EXP":981.9,"MAQYEQ_VA":901.7,"MAQYEQ_EXP":2031.15,"AUTOMO_VA":832.67,"AUTOMO_EXP":746.57,"OTRTRA_VA":83.81,"OTRTRA_EXP":3.58,"TRANSP_VA":83.18,"TRANSP_EXP":49.6,"OTRMAN_VA":570.23,"OTRMAN_EXP":672.83,"ELEGAS_VA":1281.98,"ELEGAS_EXP":66.94,"AGUBAS_VA":295.26,"AGUBAS_EXP":7.87,"CONSTR_VA":2703.9,"CONSTR_EXP":44.94,"COMREV_VA":3380.48,"COMREV_EXP":1323.91,"TRATIE_VA":1016.14,"TRATIE_EXP":308.6,"TRAGUA_VA":227.05,"TRAGUA_EXP":607.15,"TRAAIR_VA":166.29,"TRAAIR_EXP":555.2,"ALMSTR_VA":298.2,"ALMSTR_EXP":253.55,"POSTME_VA":59.78,"POSTME_EXP":1.69,"HOTYRE_VA":802.2,"HOTYRE_EXP":68.05,"MMTVRA_VA":238.87,"MMTVRA_EXP":102.27,"TELECO_VA":587.64,"TELECO_EXP":185.97,"ITSERV_VA":182.5,"ITSERV_EXP":158.97,"SERFIN_VA":1202.3,"SERFIN_EXP":153.01,"GOBEST_VA":1470.97,"GOBEST_EXP":31.66,"SPRSCT_VA":837.18,"SPRSCT_EXP":297.23,"SEAEMP_VA":533.61,"SEAEMP_EXP":131.45,"ADPDEF_VA":1688.03,"ADPDEF_EXP":4.19,"EDUCAC_VA":1117.51,"EDUCAC_EXP":4.83,"SALUDH_VA":1256.93,"SALUDH_EXP":4.3,"ESPARC_VA":230.75,"ESPARC_EXP":23.11,"OTRSER_VA":331.23,"OTRSER_EXP":8.19,"SERHOG_VA":0.0,"SERHOG_EXP":0.0}},{"type":"Feature","geometry":{"type":"Point","coordinates":[-51.93,-14.24]},"properties":{"id":"BRA","name":"Brasil","continent":"america","year":2006,"AGRPFO_VA":40656.45,"AGRPFO_EXP":8685.11,"FORLOG_VA":4072.56,"FORLOG_EXP":177.71,"PESCAC_VA":2458.05,"PESCAC_EXP":23.28,"MINCOL_VA":2702.3,"MINCOL_EXP":0.69,"PETGAS_VA":25314.59,"PETGAS_EXP":7333.16,"MINORE_VA":2923.0,"MINORE_EXP":4346.43,"MINOTH_VA":1691.77,"MINOTH_EXP":745.68,"MINSER_VA":1201.23,"MINSER_EXP":68.8,"ALYBEB_VA":21894.35,"ALYBEB_EXP":17955.77,"TEXYPR_VA":12829.68,"TEXYPR_EXP":3988.78,"MADYPR_VA":2923.55,"MADYPR_EXP":1977.21,"PAPYPR_VA":7984.72,"PAPYPR_EXP":3563.8,"PETREF_VA":13927.59,"PETREF_EXP":4924.78,"QUIMYP_VA":13580.46,"QUIMYP_EXP":4514.4,"FARMED_VA":6923.4,"FARMED_EXP":908.14,"HUPLAS_VA":5980.79,"HUPLAS_EXP":1836.98,"PRNOMT_VA":6157.03,"PRNOMT_EXP":1698.51,"METBAS_VA":7984.35,"METBAS_EXP":8282.43,"NONFER_VA":3568.61,"NONFER_EXP":6234.5,"PRMETA_VA":8654.09,"PRMETA_EXP":1102.82,"ELCTRO_VA":6582.37,"ELCTRO_EXP":3937.39,"ELCTRI_VA":4634.22,"ELCTRI_EXP":2522.75,"MAQYEQ_VA":13809.76,"MAQYEQ_EXP":6344.32,"AUTOMO_VA":15985.26,"AUTOMO_EXP":12523.99,"OTRTRA_VA":827.87,"OTRTRA_EXP":27.72,"TRANSP_VA":1690.8,"TRANSP_EXP":2839.74,"OTRMAN_VA":5589.93,"OTRMAN_EXP":2516.76,"ELEGAS_VA":28826.58,"ELEGAS_EXP":38.98,"AGUBAS_VA":7548.18,"AGUBAS_EXP":0.83,"CONSTR_VA":42815.38,"CONSTR_EXP":17.43,"COMREV_VA":155366.55,"COMREV_EXP":25948.63,"TRATIE_VA":29072.91,"TRATIE_EXP":2915.65,"TRAGUA_VA":1016.05,"TRAGUA_EXP":649.73,"TRAAIR_VA":1812.3,"TRAAIR_EXP":1036.71,"ALMSTR_VA":10808.92,"ALMSTR_EXP":1748.03,"POSTME_VA":3309.39,"POSTME_EXP":6.81,"HOTYRE_VA":20126.44,"HOTYRE_EXP":1043.4,"MMTVRA_VA":6656.03,"MMTVRA_EXP":322.92,"TELECO_VA":16712.55,"TELECO_EXP":492.43,"ITSERV_VA":12559.92,"ITSERV_EXP":220.02,"SERFIN_VA":65009.43,"SERFIN_EXP":1110.9,"GOBEST_VA":78795.14,"GOBEST_EXP":99.05,"SPRSCT_VA":38106.72,"SPRSCT_EXP":5789.98,"SEAEMP_VA":34750.64,"SEAEMP_EXP":2880.47,"ADPDEF_VA":93484.57,"ADPDEF_EXP":374.32,"EDUCAC_VA":42020.33,"EDUCAC_EXP":53.58,"SALUDH_VA":26016.12,"SALUDH_EXP":46.76,"ESPARC_VA":10309.23,"ESPARC_EXP":298.46,"OTRSER_VA":23932.4,"OTRSER_EXP":67.02,"SERHOG_VA":10321.48,"SERHOG_EXP":0.0}},{"type":"Feature","geometry":{"type":"Point","coordinates":[114.73,4.54]},"properties":{"id":"BRN","name":"Brunéi","continent":"asia","year":2006,"AGRPFO_VA":36.34,"AGRPFO_EXP":0.48,"FORLOG_VA":12.46,"FORLOG_EXP":0.05,"PESCAC_VA":36.22,"PESCAC_EXP":0.23,"MINCOL_VA":675.23,"MINCOL_EXP":0.0,"PETGAS_VA":4723.5,"PETGAS_EXP":5250.21,"MINORE_VA":689.95,"MINORE_EXP":0.18,"MINOTH_VA":434.39,"MINOTH_EXP":0.78,"MINSER_VA":362.2,"MINSER_EXP":68.23,"ALYBEB_VA":13.65,"ALYBEB_EXP":2.54,"TEXYPR_VA":21.72,"TEXYPR_EXP":15.38,"MADYPR_VA":2.27,"MADYPR_EXP":0.1,"PAPYPR_VA":7.06,"PAPYPR_EXP":0.16,"PETREF_VA":1467.09,"PETREF_EXP":1644.6,"QUIMYP_VA":8.37,"QUIMYP_EXP":0.46,"FARMED_VA":6.42,"FARMED_EXP":0.08,"HUPLAS_VA":9.47,"HUPLAS_EXP":0.06,"PRNOMT_VA":19.02,"PRNOMT_EXP":0.74,"METBAS_VA":1.76,"METBAS_EXP":0.59,"NONFER_VA":1.91,"NONFER_EXP":0.17,"PRMETA_VA":7.29,"PRMETA_EXP":0.1,"ELCTRO_VA":2.43,"ELCTRO_EXP":0.13,"ELCTRI_VA":4.18,"ELCTRI_EXP":0.06,"MAQYEQ_VA":8.11,"MAQYEQ_EXP":0.15,"AUTOMO_VA":0.0,"AUTOMO_EXP":0.0,"OTRTRA_VA":4.72,"OTRTRA_EXP":0.03,"TRANSP_VA":6.51,"TRANSP_EXP":0.05,"OTRMAN_VA":4.86,"OTRMAN_EXP":0.17,"ELEGAS_VA":78.49,"ELEGAS_EXP":0.32,"AGUBAS_VA":19.7,"AGUBAS_EXP":0.75,"CONSTR_VA":209.3,"CONSTR_EXP":0.37,"COMREV_VA":599.26,"COMREV_EXP":98.02,"TRATIE_VA":85.7,"TRATIE_EXP":16.16,"TRAGUA_VA":105.76,"TRAGUA_EXP":21.55,"TRAAIR_VA":32.49,"TRAAIR_EXP":36.63,"ALMSTR_VA":40.47,"ALMSTR_EXP":15.66,"POSTME_VA":6.71,"POSTME_EXP":8.99,"HOTYRE_VA":119.95,"HOTYRE_EXP":37.07,"MMTVRA_VA":11.0,"MMTVRA_EXP":1.65,"TELECO_VA":207.36,"TELECO_EXP":12.15,"ITSERV_VA":22.91,"ITSERV_EXP":9.47,"SERFIN_VA":554.49,"SERFIN_EXP":13.2,"GOBEST_VA":179.8,"GOBEST_EXP":11.68,"SPRSCT_VA":232.06,"SPRSCT_EXP":103.1,"SEAEMP_VA":70.57,"SEAEMP_EXP":47.63,"ADPDEF_VA":1243.33,"ADPDEF_EXP":0.04,"EDUCAC_VA":323.93,"EDUCAC_EXP":2.32,"SALUDH_VA":143.85,"SALUDH_EXP":1.85,"ESPARC_VA":12.66,"ESPARC_EXP":2.06,"OTRSER_VA":16.28,"OTRSER_EXP":2.41,"SERHOG_VA":11.84,"SERHOG_EXP":0.0}},{"type":"Feature","geometry":{"type":"Point","coordinates":[-106.35,56.13]},"properties":{"id":"CAN","name":"Canadá","continent":"america","year":2006,"AGRPFO_VA":12579.16,"AGRPFO_EXP":7490.69,"FORLOG_VA":6102.12,"FORLOG_EXP":637.19,"PESCAC_VA":1311.26,"PESCAC_EXP":806.27,"MINCOL_VA":1814.2,"MINCOL_EXP":1936.03,"PETGAS_VA":75251.32,"PETGAS_EXP":67262.66,"MINORE_VA":11920.27,"MINORE_EXP":11322.61,"MINOTH_VA":4166.27,"MINOTH_EXP":1945.46,"MINSER_VA":9400.35,"MINSER_EXP":449.14,"ALYBEB_VA":23546.88,"ALYBEB_EXP":14725.16,"TEXYPR_VA":4776.77,"TEXYPR_EXP":2893.19,"MADYPR_VA":9960.61,"MADYPR_EXP":12293.01,"PAPYPR_VA":14379.26,"PAPYPR_EXP":16987.99,"PETREF_VA":3837.64,"PETREF_EXP":11675.5,"QUIMYP_VA":7934.57,"QUIMYP_EXP":14681.47,"FARMED_VA":5006.5,"FARMED_EXP":4069.27,"HUPLAS_VA":8785.16,"HUPLAS_EXP":10638.54,"PRNOMT_VA":6324.84,"PRNOMT_EXP":2199.32,"METBAS_VA":5340.88,"METBAS_EXP":4125.48,"NONFER_VA":7912.4,"NONFER_EXP":23827.37,"PRMETA_VA":13453.74,"PRMETA_EXP":9531.55,"ELCTRO_VA":6944.2,"ELCTRO_EXP":8903.83,"ELCTRI_VA":3177.44,"ELCTRI_EXP":5454.77,"MAQYEQ_VA":12100.09,"MAQYEQ_EXP":13372.82,"AUTOMO_VA":18420.05,"AUTOMO_EXP":53169.4,"OTRTRA_VA":370.98,"OTRTRA_EXP":604.2,"TRANSP_VA":7221.01,"TRANSP_EXP":12474.34,"OTRMAN_VA":14078.14,"OTRMAN_EXP":6596.5,"ELEGAS_VA":27390.04,"ELEGAS_EXP":3051.7,"AGUBAS_VA":5351.69,"AGUBAS_EXP":131.66,"CONSTR_VA":78510.45,"CONSTR_EXP":444.46,"COMREV_VA":134578.63,"COMREV_EXP":44812.5,"TRATIE_VA":32852.3,"TRATIE_EXP":4620.97,"TRAGUA_VA":1335.7,"TRAGUA_EXP":791.13,"TRAAIR_VA":4079.76,"TRAAIR_EXP":5981.59,"ALMSTR_VA":10383.17,"ALMSTR_EXP":3064.0,"POSTME_VA":6224.86,"POSTME_EXP":943.69,"HOTYRE_VA":26131.87,"HOTYRE_EXP":5988.06,"MMTVRA_VA":14614.83,"MMTVRA_EXP":3628.11,"TELECO_VA":24867.6,"TELECO_EXP":2550.35,"ITSERV_VA":15533.88,"ITSERV_EXP":3970.94,"SERFIN_VA":88367.05,"SERFIN_EXP":9088.43,"GOBEST_VA":127868.81,"GOBEST_EXP":1367.46,"SPRSCT_VA":75586.94,"SPRSCT_EXP":7063.38,"SEAEMP_VA":35138.22,"SEAEMP_EXP":6467.1,"ADPDEF_VA":75525.85,"ADPDEF_EXP":1463.28,"EDUCAC_VA":63965.96,"EDUCAC_EXP":1579.01,"SALUDH_VA":77233.7,"SALUDH_EXP":664.62,"ESPARC_VA":10215.94,"ESPARC_EXP":2601.4,"OTRSER_VA":16711.93,"OTRSER_EXP":242.56,"SERHOG_VA":1997.1,"SERHOG_EXP":0.0}},{"type":"Feature","geometry":{"type":"Point","coordinates":[8.23,46.82]},"properties":{"id":"CHE","name":"Suiza","continent":"europe","year":2006,"AGRPFO_VA":3015.37,"AGRPFO_EXP":211.76,"FORLOG_VA":246.64,"FORLOG_EXP":79.56,"PESCAC_VA":18.21,"PESCAC_EXP":7.92,"MINCOL_VA":0.0,"MINCOL_EXP":0.0,"PETGAS_VA":0.0,"PETGAS_EXP":0.0,"MINORE_VA":61.56,"MINORE_EXP":10.52,"MINOTH_VA":475.44,"MINOTH_EXP":16.03,"MINSER_VA":70.18,"MINSER_EXP":2.7,"ALYBEB_VA":6821.3,"ALYBEB_EXP":5142.48,"TEXYPR_VA":1019.34,"TEXYPR_EXP":1798.06,"MADYPR_VA":2790.49,"MADYPR_EXP":587.32,"PAPYPR_VA":3409.64,"PAPYPR_EXP":2122.78,"PETREF_VA":206.14,"PETREF_EXP":482.84,"QUIMYP_VA":5763.13,"QUIMYP_EXP":6549.9,"FARMED_VA":16167.1,"FARMED_EXP":17650.1,"HUPLAS_VA":2554.55,"HUPLAS_EXP":3139.91,"PRNOMT_VA":2055.65,"PRNOMT_EXP":793.41,"METBAS_VA":988.35,"METBAS_EXP":1025.05,"NONFER_VA":1079.41,"NONFER_EXP":937.51,"PRMETA_VA":7505.13,"PRMETA_EXP":3828.67,"ELCTRO_VA":15726.88,"ELCTRO_EXP":15955.87,"ELCTRI_VA":4449.91,"ELCTRI_EXP":6562.67,"MAQYEQ_VA":9978.46,"MAQYEQ_EXP":17630.58,"AUTOMO_VA":508.08,"AUTOMO_EXP":790.33,"OTRTRA_VA":25.54,"OTRTRA_EXP":13.38,"TRANSP_VA":665.34,"TRANSP_EXP":1094.97,"OTRMAN_VA":4894.79,"OTRMAN_EXP":4455.74,"ELEGAS_VA":6175.55,"ELEGAS_EXP":3310.5,"AGUBAS_VA":2085.76,"AGUBAS_EXP":15.21,"CONSTR_VA":21901.53,"CONSTR_EXP":291.35,"COMREV_VA":68969.39,"COMREV_EXP":29504.0,"TRATIE_VA":9377.7,"TRATIE_EXP":5381.51,"TRAGUA_VA":343.8,"TRAGUA_EXP":4278.87,"TRAAIR_VA":1475.23,"TRAAIR_EXP":2767.41,"ALMSTR_VA":3091.31,"ALMSTR_EXP":1205.45,"POSTME_VA":3271.27,"POSTME_EXP":1414.41,"HOTYRE_VA":9228.31,"HOTYRE_EXP":4107.69,"MMTVRA_VA":3192.87,"MMTVRA_EXP":3270.64,"TELECO_VA":6154.92,"TELECO_EXP":1767.56,"ITSERV_VA":10063.74,"ITSERV_EXP":6128.44,"SERFIN_VA":52212.61,"SERFIN_EXP":33087.07,"GOBEST_VA":28457.13,"GOBEST_EXP":996.94,"SPRSCT_VA":27395.6,"SPRSCT_EXP":4606.25,"SEAEMP_VA":10199.31,"SEAEMP_EXP":3258.49,"ADPDEF_VA":34373.23,"ADPDEF_EXP":872.32,"EDUCAC_VA":2596.01,"EDUCAC_EXP":225.26,"SALUDH_VA":28201.24,"SALUDH_EXP":279.36,"ESPARC_VA":3442.44,"ESPARC_EXP":663.2,"OTRSER_VA":5730.79,"OTRSER_EXP":204.79,"SERHOG_VA":1436.87,"SERHOG_EXP":0.0}},{"type":"Feature","geometry":{"type":"Point","coordinates":[-71.54,-35.68]},"properties":{"id":"CHL","name":"Chile","continent":"america","year":2006,"AGRPFO_VA":3483.71,"AGRPFO_EXP":4246.06,"FORLOG_VA":1115.89,"FORLOG_EXP":159.77,"PESCAC_VA":1260.17,"PESCAC_EXP":871.87,"MINCOL_VA":22.54,"MINCOL_EXP":0.21,"PETGAS_VA":150.09,"PETGAS_EXP":2.32,"MINORE_VA":16743.63,"MINORE_EXP":21707.0,"MINOTH_VA":604.13,"MINOTH_EXP":106.06,"MINSER_VA":424.25,"MINSER_EXP":106.11,"ALYBEB_VA":5741.68,"ALYBEB_EXP":8953.14,"TEXYPR_VA":609.24,"TEXYPR_EXP":732.97,"MADYPR_VA":743.13,"MADYPR_EXP":1894.21,"PAPYPR_VA":1608.65,"PAPYPR_EXP":1743.13,"PETREF_VA":929.59,"PETREF_EXP":1322.04,"QUIMYP_VA":2310.13,"QUIMYP_EXP":3225.82,"FARMED_VA":475.02,"FARMED_EXP":120.67,"HUPLAS_VA":647.3,"HUPLAS_EXP":697.33,"PRNOMT_VA":944.05,"PRNOMT_EXP":175.14,"METBAS_VA":327.41,"METBAS_EXP":845.42,"NONFER_VA":562.42,"NONFER_EXP":374.65,"PRMETA_VA":1140.01,"PRMETA_EXP":674.99,"ELCTRO_VA":2743.9,"ELCTRO_EXP":204.52,"ELCTRI_VA":472.18,"ELCTRI_EXP":505.18,"MAQYEQ_VA":541.77,"MAQYEQ_EXP":694.68,"AUTOMO_VA":0.3,"AUTOMO_EXP":0.17,"OTRTRA_VA":142.93,"OTRTRA_EXP":94.82,"TRANSP_VA":256.64,"TRANSP_EXP":160.71,"OTRMAN_VA":839.59,"OTRMAN_EXP":592.13,"ELEGAS_VA":3480.98,"ELEGAS_EXP":1.88,"AGUBAS_VA":999.22,"AGUBAS_EXP":0.24,"CONSTR_VA":7500.03,"CONSTR_EXP":0.36,"COMREV_VA":14396.72,"COMREV_EXP":5798.19,"TRATIE_VA":5048.16,"TRATIE_EXP":1344.37,"TRAGUA_VA":318.83,"TRAGUA_EXP":1589.14,"TRAAIR_VA":1324.9,"TRAAIR_EXP":2316.91,"ALMSTR_VA":2161.91,"ALMSTR_EXP":912.24,"POSTME_VA":218.93,"POSTME_EXP":124.58,"HOTYRE_VA":2928.02,"HOTYRE_EXP":369.44,"MMTVRA_VA":511.11,"MMTVRA_EXP":103.8,"TELECO_VA":2627.52,"TELECO_EXP":344.08,"ITSERV_VA":1766.94,"ITSERV_EXP":197.63,"SERFIN_VA":7472.97,"SERFIN_EXP":637.52,"GOBEST_VA":12108.08,"GOBEST_EXP":133.06,"SPRSCT_VA":10750.35,"SPRSCT_EXP":632.31,"SEAEMP_VA":6009.95,"SEAEMP_EXP":752.93,"ADPDEF_VA":5524.48,"ADPDEF_EXP":46.08,"EDUCAC_VA":5877.45,"EDUCAC_EXP":18.74,"SALUDH_VA":5857.73,"SALUDH_EXP":30.22,"ESPARC_VA":636.98,"ESPARC_EXP":130.39,"OTRSER_VA":2523.86,"OTRSER_EXP":52.02,"SERHOG_VA":0.0,"SERHOG_EXP":0.0}},{"type":"Feature","geometry":{"type":"Point","coordinates":[104.2,35.86]},"properties":{"id":"CHN","name":"China","continent":"asia","year":2006,"AGRPFO_VA":230728.83,"AGRPFO_EXP":5097.18,"FORLOG_VA":15221.18,"FORLOG_EXP":18.98,"PESCAC_VA":26337.77,"PESCAC_EXP":659.78,"MINCOL_VA":48061.5,"MINCOL_EXP":2682.82,"PETGAS_VA":52582.31,"PETGAS_EXP":2104.21,"MINORE_VA":21808.31,"MINORE_EXP":2257.07,"MINOTH_VA":16980.58,"MINOTH_EXP":1130.72,"MINSER_VA":3186.69,"MINSER_EXP":186.01,"ALYBEB_VA":93842.54,"ALYBEB_EXP":17848.84,"TEXYPR_VA":85919.98,"TEXYPR_EXP":132872.0,"MADYPR_VA":13320.46,"MADYPR_EXP":7142.89,"PAPYPR_VA":29181.83,"PAPYPR_EXP":4098.47,"PETREF_VA":35699.27,"PETREF_EXP":6839.41,"QUIMYP_VA":62356.89,"QUIMYP_EXP":32345.18,"FARMED_VA":20124.55,"FARMED_EXP":3451.58,"HUPLAS_VA":31272.49,"HUPLAS_EXP":17673.12,"PRNOMT_VA":70579.88,"PRNOMT_EXP":11652.33,"METBAS_VA":62994.95,"METBAS_EXP":27787.77,"NONFER_VA":29268.0,"NONFER_EXP":12536.62,"PRMETA_VA":36427.6,"PRMETA_EXP":25991.59,"ELCTRO_VA":74337.96,"ELCTRO_EXP":211343.22,"ELCTRI_VA":47716.96,"ELCTRI_EXP":54745.39,"MAQYEQ_VA":85487.05,"MAQYEQ_EXP":44162.56,"AUTOMO_VA":49293.62,"AUTOMO_EXP":14146.76,"OTRTRA_VA":4962.9,"OTRTRA_EXP":6084.34,"TRANSP_VA":8540.39,"TRANSP_EXP":7920.74,"OTRMAN_VA":22178.78,"OTRMAN_EXP":42885.67,"ELEGAS_VA":88844.02,"ELEGAS_EXP":613.38,"AGUBAS_VA":13285.51,"AGUBAS_EXP":0.44,"CONSTR_VA":156240.32,"CONSTR_EXP":1.96,"COMREV_VA":191823.1,"COMREV_EXP":38783.96,"TRATIE_VA":97860.71,"TRATIE_EXP":9536.84,"TRAGUA_VA":21707.91,"TRAGUA_EXP":23602.92,"TRAAIR_VA":7114.17,"TRAAIR_EXP":13549.85,"ALMSTR_VA":15656.98,"ALMSTR_EXP":3507.88,"POSTME_VA":5305.59,"POSTME_EXP":49.07,"HOTYRE_VA":58291.72,"HOTYRE_EXP":10009.96,"MMTVRA_VA":7202.77,"MMTVRA_EXP":2218.28,"TELECO_VA":43905.64,"TELECO_EXP":2482.45,"ITSERV_VA":20381.28,"ITSERV_EXP":3507.84,"SERFIN_VA":113017.37,"SERFIN_EXP":2215.99,"GOBEST_VA":115786.73,"GOBEST_EXP":2992.06,"SPRSCT_VA":37742.36,"SPRSCT_EXP":12993.66,"SEAEMP_VA":47107.31,"SEAEMP_EXP":10635.9,"ADPDEF_VA":109508.92,"ADPDEF_EXP":1.84,"EDUCAC_VA":79808.17,"EDUCAC_EXP":420.75,"SALUDH_VA":43338.3,"SALUDH_EXP":564.44,"ESPARC_VA":17725.76,"ESPARC_EXP":1777.13,"OTRSER_VA":42553.1,"OTRSER_EXP":704.5,"SERHOG_VA":0.0,"SERHOG_EXP":0.0}},{"type":"Feature","geometry":{"type":"Point","coordinates":[-5.55,7.54]},"properties":{"id":"CIV","name":"Costa de Marfil","continent":"other","year":2006,"AGRPFO_VA":4231.16,"AGRPFO_EXP":2390.49,"FORLOG_VA":122.42,"FORLOG_EXP":4.77,"PESCAC_VA":48.41,"PESCAC_EXP":3.12,"MINCOL_VA":1.34,"MINCOL_EXP":3.96,"PETGAS_VA":11.75,"PETGAS_EXP":30.11,"MINORE_VA":36.66,"MINORE_EXP":14.65,"MINOTH_VA":3.65,"MINOTH_EXP":10.63,"MINSER_VA":2.77,"MINSER_EXP":6.94,"ALYBEB_VA":944.64,"ALYBEB_EXP":1602.41,"TEXYPR_VA":510.42,"TEXYPR_EXP":221.24,"MADYPR_VA":232.85,"MADYPR_EXP":290.01,"PAPYPR_VA":119.55,"PAPYPR_EXP":4.47,"PETREF_VA":358.69,"PETREF_EXP":578.84,"QUIMYP_VA":93.34,"QUIMYP_EXP":173.45,"FARMED_VA":70.59,"FARMED_EXP":3.06,"HUPLAS_VA":117.25,"HUPLAS_EXP":139.75,"PRNOMT_VA":162.28,"PRNOMT_EXP":42.4,"METBAS_VA":13.71,"METBAS_EXP":21.86,"NONFER_VA":13.73,"NONFER_EXP":27.3,"PRMETA_VA":114.11,"PRMETA_EXP":30.6,"ELCTRO_VA":0.0,"ELCTRO_EXP":0.0,"ELCTRI_VA":0.87,"ELCTRI_EXP":0.11,"MAQYEQ_VA":49.64,"MAQYEQ_EXP":12.09,"AUTOMO_VA":20.82,"AUTOMO_EXP":3.9,"OTRTRA_VA":2.24,"OTRTRA_EXP":0.44,"TRANSP_VA":3.8,"TRANSP_EXP":4.63,"OTRMAN_VA":220.74,"OTRMAN_EXP":50.22,"ELEGAS_VA":305.75,"ELEGAS_EXP":109.28,"AGUBAS_VA":51.52,"AGUBAS_EXP":0.34,"CONSTR_VA":399.97,"CONSTR_EXP":7.55,"COMREV_VA":2153.24,"COMREV_EXP":694.32,"TRATIE_VA":395.98,"TRATIE_EXP":154.7,"TRAGUA_VA":41.7,"TRAGUA_EXP":83.12,"TRAAIR_VA":69.09,"TRAAIR_EXP":101.81,"ALMSTR_VA":270.32,"ALMSTR_EXP":105.98,"POSTME_VA":54.92,"POSTME_EXP":23.69,"HOTYRE_VA":101.39,"HOTYRE_EXP":34.59,"MMTVRA_VA":103.74,"MMTVRA_EXP":22.79,"TELECO_VA":213.05,"TELECO_EXP":45.88,"ITSERV_VA":223.03,"ITSERV_EXP":149.02,"SERFIN_VA":596.74,"SERFIN_EXP":39.59,"GOBEST_VA":994.41,"GOBEST_EXP":11.09,"SPRSCT_VA":254.87,"SPRSCT_EXP":62.1,"SEAEMP_VA":500.09,"SEAEMP_EXP":4.59,"ADPDEF_VA":1543.54,"ADPDEF_EXP":0.02,"EDUCAC_VA":526.05,"EDUCAC_EXP":2.24,"SALUDH_VA":128.62,"SALUDH_EXP":1.44,"ESPARC_VA":28.39,"ESPARC_EXP":3.85,"OTRSER_VA":525.37,"OTRSER_EXP":1.92,"SERHOG_VA":41.31,"SERHOG_EXP":0.0}},{"type":"Feature","geometry":{"type":"Point","coordinates":[12.35,7.37]},"properties":{"id":"CMR","name":"Camerún","continent":"other","year":2006,"AGRPFO_VA":2202.7,"AGRPFO_EXP":647.27,"FORLOG_VA":749.1,"FORLOG_EXP":114.51,"PESCAC_VA":338.76,"PESCAC_EXP":4.36,"MINCOL_VA":177.01,"MINCOL_EXP":10.59,"PETGAS_VA":996.03,"PETGAS_EXP":1369.8,"MINORE_VA":18.76,"MINORE_EXP":0.16,"MINOTH_VA":95.97,"MINOTH_EXP":0.44,"MINSER_VA":107.48,"MINSER_EXP":103.98,"ALYBEB_VA":1528.84,"ALYBEB_EXP":76.54,"TEXYPR_VA":659.98,"TEXYPR_EXP":183.41,"MADYPR_VA":427.64,"MADYPR_EXP":310.34,"PAPYPR_VA":48.09,"PAPYPR_EXP":3.68,"PETREF_VA":284.74,"PETREF_EXP":290.49,"QUIMYP_VA":39.89,"QUIMYP_EXP":26.24,"FARMED_VA":18.92,"FARMED_EXP":0.74,"HUPLAS_VA":28.9,"HUPLAS_EXP":6.29,"PRNOMT_VA":77.66,"PRNOMT_EXP":53.99,"METBAS_VA":6.19,"METBAS_EXP":0.23,"NONFER_VA":34.85,"NONFER_EXP":106.47,"PRMETA_VA":11.41,"PRMETA_EXP":15.41,"ELCTRO_VA":6.67,"ELCTRO_EXP":5.37,"ELCTRI_VA":4.39,"ELCTRI_EXP":8.56,"MAQYEQ_VA":7.16,"MAQYEQ_EXP":8.97,"AUTOMO_VA":4.74,"AUTOMO_EXP":1.8,"OTRTRA_VA":0.84,"OTRTRA_EXP":0.74,"TRANSP_VA":1.39,"TRANSP_EXP":0.98,"OTRMAN_VA":128.81,"OTRMAN_EXP":15.82,"ELEGAS_VA":154.64,"ELEGAS_EXP":0.12,"AGUBAS_VA":150.61,"AGUBAS_EXP":0.23,"CONSTR_VA":1493.87,"CONSTR_EXP":5.94,"COMREV_VA":1815.92,"COMREV_EXP":324.36,"TRATIE_VA":1087.43,"TRATIE_EXP":195.48,"TRAGUA_VA":137.51,"TRAGUA_EXP":72.51,"TRAAIR_VA":155.32,"TRAAIR_EXP":127.49,"ALMSTR_VA":495.3,"ALMSTR_EXP":169.1,"POSTME_VA":209.98,"POSTME_EXP":43.64,"HOTYRE_VA":1076.24,"HOTYRE_EXP":42.38,"MMTVRA_VA":94.5,"MMTVRA_EXP":13.75,"TELECO_VA":169.69,"TELECO_EXP":12.05,"ITSERV_VA":219.9,"ITSERV_EXP":26.13,"SERFIN_VA":296.15,"SERFIN_EXP":31.38,"GOBEST_VA":956.1,"GOBEST_EXP":9.49,"SPRSCT_VA":632.17,"SPRSCT_EXP":100.47,"SEAEMP_VA":303.64,"SEAEMP_EXP":276.07,"ADPDEF_VA":876.29,"ADPDEF_EXP":1.93,"EDUCAC_VA":628.78,"EDUCAC_EXP":2.1,"SALUDH_VA":242.48,"SALUDH_EXP":1.76,"ESPARC_VA":183.68,"ESPARC_EXP":109.97,"OTRSER_VA":336.92,"OTRSER_EXP":2.55,"SERHOG_VA":105.97,"SERHOG_EXP":0.0}},{"type":"Feature","geometry":{"type":"Point","coordinates":[21.76,-4.04]},"properties":{"id":"COD","name":"R.D. Congo","continent":"other","year":2006,"AGRPFO_VA":2447.79,"AGRPFO_EXP":58.56,"FORLOG_VA":229.74,"FORLOG_EXP":190.89,"PESCAC_VA":219.3,"PESCAC_EXP":0.99,"MINCOL_VA":4.3,"MINCOL_EXP":0.34,"PETGAS_VA":268.52,"PETGAS_EXP":148.42,"MINORE_VA":923.55,"MINORE_EXP":994.75,"MINOTH_VA":548.36,"MINOTH_EXP":79.87,"MINSER_VA":49.55,"MINSER_EXP":1.23,"ALYBEB_VA":1303.25,"ALYBEB_EXP":53.64,"TEXYPR_VA":234.17,"TEXYPR_EXP":8.26,"MADYPR_VA":15.71,"MADYPR_EXP":19.77,"PAPYPR_VA":32.56,"PAPYPR_EXP":0.85,"PETREF_VA":6.53,"PETREF_EXP":4.53,"QUIMYP_VA":92.3,"QUIMYP_EXP":30.06,"FARMED_VA":11.16,"FARMED_EXP":3.09,"HUPLAS_VA":46.92,"HUPLAS_EXP":0.46,"PRNOMT_VA":62.06,"PRNOMT_EXP":2.15,"METBAS_VA":65.41,"METBAS_EXP":6.89,"NONFER_VA":277.12,"NONFER_EXP":582.61,"PRMETA_VA":27.08,"PRMETA_EXP":1.5,"ELCTRO_VA":0.66,"ELCTRO_EXP":0.51,"ELCTRI_VA":53.46,"ELCTRI_EXP":1.43,"MAQYEQ_VA":2.3,"MAQYEQ_EXP":0.98,"AUTOMO_VA":114.22,"AUTOMO_EXP":1.8,"OTRTRA_VA":11.83,"OTRTRA_EXP":0.13,"TRANSP_VA":0.27,"TRANSP_EXP":0.09,"OTRMAN_VA":93.54,"OTRMAN_EXP":8.1,"ELEGAS_VA":60.36,"ELEGAS_EXP":2.86,"AGUBAS_VA":39.34,"AGUBAS_EXP":0.39,"CONSTR_VA":371.58,"CONSTR_EXP":1.01,"COMREV_VA":1092.7,"COMREV_EXP":97.41,"TRATIE_VA":1164.31,"TRATIE_EXP":326.06,"TRAGUA_VA":84.88,"TRAGUA_EXP":41.22,"TRAAIR_VA":50.86,"TRAAIR_EXP":12.97,"ALMSTR_VA":153.13,"ALMSTR_EXP":44.3,"POSTME_VA":38.23,"POSTME_EXP":0.55,"HOTYRE_VA":434.35,"HOTYRE_EXP":65.61,"MMTVRA_VA":116.04,"MMTVRA_EXP":34.76,"TELECO_VA":590.17,"TELECO_EXP":35.5,"ITSERV_VA":6.52,"ITSERV_EXP":4.75,"SERFIN_VA":175.28,"SERFIN_EXP":84.2,"GOBEST_VA":589.6,"GOBEST_EXP":3.88,"SPRSCT_VA":238.84,"SPRSCT_EXP":77.38,"SEAEMP_VA":151.72,"SEAEMP_EXP":17.25,"ADPDEF_VA":643.63,"ADPDEF_EXP":0.76,"EDUCAC_VA":171.46,"EDUCAC_EXP":3.22,"SALUDH_VA":370.62,"SALUDH_EXP":3.81,"ESPARC_VA":65.78,"ESPARC_EXP":12.07,"OTRSER_VA":103.81,"OTRSER_EXP":3.78,"SERHOG_VA":39.91,"SERHOG_EXP":0.0}},{"type":"Feature","geometry":{"type":"Point","coordinates":[-74.3,4.57]},"properties":{"id":"COL","name":"Colombia","continent":"america","year":2006,"AGRPFO_VA":10572.47,"AGRPFO_EXP":1693.41,"FORLOG_VA":374.47,"FORLOG_EXP":4.96,"PESCAC_VA":318.83,"PESCAC_EXP":12.94,"MINCOL_VA":2331.82,"MINCOL_EXP":2648.64,"PETGAS_VA":6498.4,"PETGAS_EXP":4184.43,"MINORE_VA":1345.09,"MINORE_EXP":276.31,"MINOTH_VA":439.91,"MINOTH_EXP":39.6,"MINSER_VA":57.07,"MINSER_EXP":31.7,"ALYBEB_VA":7910.02,"ALYBEB_EXP":2584.92,"TEXYPR_VA":3139.57,"TEXYPR_EXP":1290.33,"MADYPR_VA":265.3,"MADYPR_EXP":34.87,"PAPYPR_VA":1306.75,"PAPYPR_EXP":341.38,"PETREF_VA":1433.03,"PETREF_EXP":1982.87,"QUIMYP_VA":2655.9,"QUIMYP_EXP":1375.46,"FARMED_VA":733.39,"FARMED_EXP":242.29,"HUPLAS_VA":939.35,"HUPLAS_EXP":466.04,"PRNOMT_VA":2437.45,"PRNOMT_EXP":484.12,"METBAS_VA":614.66,"METBAS_EXP":1443.83,"NONFER_VA":57.75,"NONFER_EXP":193.05,"PRMETA_VA":555.1,"PRMETA_EXP":195.32,"ELCTRO_VA":623.55,"ELCTRO_EXP":77.66,"ELCTRI_VA":504.47,"ELCTRI_EXP":352.52,"MAQYEQ_VA":1464.63,"MAQYEQ_EXP":331.22,"AUTOMO_VA":442.94,"AUTOMO_EXP":480.43,"OTRTRA_VA":0.95,"OTRTRA_EXP":1.61,"TRANSP_VA":79.29,"TRANSP_EXP":54.51,"OTRMAN_VA":1660.99,"OTRMAN_EXP":205.03,"ELEGAS_VA":3297.21,"ELEGAS_EXP":138.92,"AGUBAS_VA":2148.2,"AGUBAS_EXP":1.74,"CONSTR_VA":7232.55,"CONSTR_EXP":4.12,"COMREV_VA":12551.04,"COMREV_EXP":2309.78,"TRATIE_VA":5911.39,"TRATIE_EXP":570.88,"TRAGUA_VA":85.4,"TRAGUA_EXP":76.37,"TRAAIR_VA":716.55,"TRAAIR_EXP":748.87,"ALMSTR_VA":1124.01,"ALMSTR_EXP":255.97,"POSTME_VA":240.23,"POSTME_EXP":73.61,"HOTYRE_VA":5823.55,"HOTYRE_EXP":453.01,"MMTVRA_VA":577.45,"MMTVRA_EXP":137.7,"TELECO_VA":4097.7,"TELECO_EXP":254.38,"ITSERV_VA":750.53,"ITSERV_EXP":46.87,"SERFIN_VA":6823.15,"SERFIN_EXP":120.35,"GOBEST_VA":12735.32,"GOBEST_EXP":75.49,"SPRSCT_VA":4289.9,"SPRSCT_EXP":261.98,"SEAEMP_VA":5269.02,"SEAEMP_EXP":286.3,"ADPDEF_VA":7943.93,"ADPDEF_EXP":65.05,"EDUCAC_VA":6512.21,"EDUCAC_EXP":20.64,"SALUDH_VA":6743.03,"SALUDH_EXP":17.22,"ESPARC_VA":3611.45,"ESPARC_EXP":76.59,"OTRSER_VA":2606.63,"OTRSER_EXP":22.97,"SERHOG_VA":1094.25,"SERHOG_EXP":0.0}},{"type":"Feature","geometry":{"type":"Point","coordinates":[-83.75,9.75]},"properties":{"id":"CRI","name":"Costa Rica","continent":"america","year":2006,"AGRPFO_VA":1610.76,"AGRPFO_EXP":1265.82,"FORLOG_VA":59.9,"FORLOG_EXP":18.82,"PESCAC_VA":33.97,"PESCAC_EXP":4.76,"MINCOL_VA":1.77,"MINCOL_EXP":0.08,"PETGAS_VA":0.32,"PETGAS_EXP":0.07,"MINORE_VA":0.12,"MINORE_EXP":0.03,"MINOTH_VA":85.94,"MINOTH_EXP":3.03,"MINSER_VA":0.1,"MINSER_EXP":0.02,"ALYBEB_VA":1157.72,"ALYBEB_EXP":1493.73,"TEXYPR_VA":244.28,"TEXYPR_EXP":158.75,"MADYPR_VA":29.73,"MADYPR_EXP":23.51,"PAPYPR_VA":219.08,"PAPYPR_EXP":133.12,"PETREF_VA":49.32,"PETREF_EXP":50.38,"QUIMYP_VA":248.47,"QUIMYP_EXP":219.18,"FARMED_VA":35.91,"FARMED_EXP":56.89,"HUPLAS_VA":154.42,"HUPLAS_EXP":336.74,"PRNOMT_VA":197.29,"PRNOMT_EXP":92.79,"METBAS_VA":28.36,"METBAS_EXP":55.47,"NONFER_VA":17.41,"NONFER_EXP":44.27,"PRMETA_VA":89.38,"PRMETA_EXP":70.1,"ELCTRO_VA":222.91,"ELCTRO_EXP":123.81,"ELCTRI_VA":212.47,"ELCTRI_EXP":266.24,"MAQYEQ_VA":3.61,"MAQYEQ_EXP":9.17,"AUTOMO_VA":20.0,"AUTOMO_EXP":4.79,"OTRTRA_VA":0.75,"OTRTRA_EXP":0.87,"TRANSP_VA":0.76,"TRANSP_EXP":0.47,"OTRMAN_VA":399.21,"OTRMAN_EXP":769.5,"ELEGAS_VA":333.01,"ELEGAS_EXP":3.59,"AGUBAS_VA":166.72,"AGUBAS_EXP":0.27,"CONSTR_VA":918.33,"CONSTR_EXP":0.82,"COMREV_VA":4638.91,"COMREV_EXP":1008.76,"TRATIE_VA":645.24,"TRATIE_EXP":298.55,"TRAGUA_VA":166.72,"TRAGUA_EXP":157.95,"TRAAIR_VA":34.55,"TRAAIR_EXP":72.17,"ALMSTR_VA":228.53,"ALMSTR_EXP":108.37,"POSTME_VA":42.17,"POSTME_EXP":8.68,"HOTYRE_VA":651.09,"HOTYRE_EXP":841.21,"MMTVRA_VA":189.23,"MMTVRA_EXP":44.83,"TELECO_VA":388.95,"TELECO_EXP":210.8,"ITSERV_VA":163.71,"ITSERV_EXP":75.05,"SERFIN_VA":912.31,"SERFIN_EXP":150.2,"GOBEST_VA":1676.22,"GOBEST_EXP":124.1,"SPRSCT_VA":779.23,"SPRSCT_EXP":302.37,"SEAEMP_VA":602.02,"SEAEMP_EXP":393.19,"ADPDEF_VA":664.15,"ADPDEF_EXP":8.94,"EDUCAC_VA":1150.6,"EDUCAC_EXP":51.79,"SALUDH_VA":1444.58,"SALUDH_EXP":50.63,"ESPARC_VA":107.79,"ESPARC_EXP":112.48,"OTRSER_VA":182.1,"OTRSER_EXP":44.8,"SERHOG_VA":206.43,"SERHOG_EXP":0.0}},{"type":"Feature","geometry":{"type":"Point","coordinates":[33.43,35.13]},"properties":{"id":"CYP","name":"Chipre","continent":"europe","year":2006,"AGRPFO_VA":426.82,"AGRPFO_EXP":84.84,"FORLOG_VA":2.54,"FORLOG_EXP":0.84,"PESCAC_VA":32.1,"PESCAC_EXP":9.6,"MINCOL_VA":0.0,"MINCOL_EXP":0.0,"PETGAS_VA":13.66,"PETGAS_EXP":0.16,"MINORE_VA":12.77,"MINORE_EXP":13.01,"MINOTH_VA":25.35,"MINOTH_EXP":10.91,"MINSER_VA":0.16,"MINSER_EXP":0.06,"ALYBEB_VA":399.91,"ALYBEB_EXP":216.28,"TEXYPR_VA":46.58,"TEXYPR_EXP":26.97,"MADYPR_VA":93.11,"MADYPR_EXP":37.46,"PAPYPR_VA":77.51,"PAPYPR_EXP":25.71,"PETREF_VA":0.51,"PETREF_EXP":0.13,"QUIMYP_VA":33.81,"QUIMYP_EXP":22.61,"FARMED_VA":53.05,"FARMED_EXP":69.55,"HUPLAS_VA":40.32,"HUPLAS_EXP":15.33,"PRNOMT_VA":226.66,"PRNOMT_EXP":14.4,"METBAS_VA":4.31,"METBAS_EXP":0.98,"NONFER_VA":24.93,"NONFER_EXP":18.42,"PRMETA_VA":135.19,"PRMETA_EXP":15.02,"ELCTRO_VA":14.21,"ELCTRO_EXP":5.99,"ELCTRI_VA":10.4,"ELCTRI_EXP":5.43,"MAQYEQ_VA":29.06,"MAQYEQ_EXP":43.88,"AUTOMO_VA":7.26,"AUTOMO_EXP":3.07,"OTRTRA_VA":1.2,"OTRTRA_EXP":0.84,"TRANSP_VA":1.95,"TRANSP_EXP":0.1,"OTRMAN_VA":74.55,"OTRMAN_EXP":41.27,"ELEGAS_VA":220.93,"ELEGAS_EXP":0.38,"AGUBAS_VA":140.17,"AGUBAS_EXP":8.14,"CONSTR_VA":2027.88,"CONSTR_EXP":40.01,"COMREV_VA":2174.32,"COMREV_EXP":343.73,"TRATIE_VA":151.2,"TRATIE_EXP":86.85,"TRAGUA_VA":685.36,"TRAGUA_EXP":657.0,"TRAAIR_VA":87.24,"TRAAIR_EXP":502.33,"ALMSTR_VA":369.59,"ALMSTR_EXP":463.26,"POSTME_VA":27.0,"POSTME_EXP":42.98,"HOTYRE_VA":1138.56,"HOTYRE_EXP":1122.07,"MMTVRA_VA":131.89,"MMTVRA_EXP":84.6,"TELECO_VA":358.31,"TELECO_EXP":308.13,"ITSERV_VA":140.02,"ITSERV_EXP":367.67,"SERFIN_VA":1459.92,"SERFIN_EXP":956.82,"GOBEST_VA":1526.12,"GOBEST_EXP":620.73,"SPRSCT_VA":1188.02,"SPRSCT_EXP":1436.59,"SEAEMP_VA":283.03,"SEAEMP_EXP":230.23,"ADPDEF_VA":2004.53,"ADPDEF_EXP":1.28,"EDUCAC_VA":1045.17,"EDUCAC_EXP":52.49,"SALUDH_VA":630.12,"SALUDH_EXP":44.84,"ESPARC_VA":251.9,"ESPARC_EXP":188.59,"OTRSER_VA":346.9,"OTRSER_EXP":57.16,"SERHOG_VA":159.85,"SERHOG_EXP":0.0}},{"type":"Feature","geometry":{"type":"Point","coordinates":[15.47,49.82]},"properties":{"id":"CZE","name":"Chequia","continent":"europe","year":2006,"AGRPFO_VA":2565.88,"AGRPFO_EXP":827.03,"FORLOG_VA":952.99,"FORLOG_EXP":153.89,"PESCAC_VA":33.08,"PESCAC_EXP":25.31,"MINCOL_VA":1319.81,"MINCOL_EXP":373.34,"PETGAS_VA":155.87,"PETGAS_EXP":23.15,"MINORE_VA":52.48,"MINORE_EXP":4.17,"MINOTH_VA":302.19,"MINOTH_EXP":68.92,"MINSER_VA":77.55,"MINSER_EXP":10.0,"ALYBEB_VA":3511.61,"ALYBEB_EXP":2672.34,"TEXYPR_VA":1258.06,"TEXYPR_EXP":1403.98,"MADYPR_VA":1123.83,"MADYPR_EXP":550.97,"PAPYPR_VA":1359.47,"PAPYPR_EXP":789.63,"PETREF_VA":972.54,"PETREF_EXP":572.17,"QUIMYP_VA":1311.58,"QUIMYP_EXP":3411.46,"FARMED_VA":680.13,"FARMED_EXP":466.63,"HUPLAS_VA":2848.91,"HUPLAS_EXP":3902.13,"PRNOMT_VA":2412.03,"PRNOMT_EXP":2533.35,"METBAS_VA":2167.51,"METBAS_EXP":3567.93,"NONFER_VA":378.61,"NONFER_EXP":1024.74,"PRMETA_VA":3804.56,"PRMETA_EXP":5045.57,"ELCTRO_VA":1951.6,"ELCTRO_EXP":7787.69,"ELCTRI_VA":2287.92,"ELCTRI_EXP":5724.07,"MAQYEQ_VA":3418.6,"MAQYEQ_EXP":7368.36,"AUTOMO_VA":6313.02,"AUTOMO_EXP":17903.62,"OTRTRA_VA":23.35,"OTRTRA_EXP":11.15,"TRANSP_VA":466.99,"TRANSP_EXP":852.33,"OTRMAN_VA":2847.53,"OTRMAN_EXP":1536.07,"ELEGAS_VA":5525.31,"ELEGAS_EXP":635.0,"AGUBAS_VA":1603.71,"AGUBAS_EXP":52.93,"CONSTR_VA":9387.72,"CONSTR_EXP":161.04,"COMREV_VA":16756.08,"COMREV_EXP":6969.06,"TRATIE_VA":6638.6,"TRATIE_EXP":3639.88,"TRAGUA_VA":151.72,"TRAGUA_EXP":44.07,"TRAAIR_VA":385.4,"TRAAIR_EXP":1143.77,"ALMSTR_VA":2565.93,"ALMSTR_EXP":1022.56,"POSTME_VA":654.84,"POSTME_EXP":92.59,"HOTYRE_VA":3531.72,"HOTYRE_EXP":1995.6,"MMTVRA_VA":1399.55,"MMTVRA_EXP":751.42,"TELECO_VA":3333.87,"TELECO_EXP":496.28,"ITSERV_VA":2303.84,"ITSERV_EXP":672.79,"SERFIN_VA":4421.08,"SERFIN_EXP":863.97,"GOBEST_VA":11628.76,"GOBEST_EXP":306.25,"SPRSCT_VA":6756.44,"SPRSCT_EXP":2331.74,"SEAEMP_VA":2657.46,"SEAEMP_EXP":515.78,"ADPDEF_VA":9621.37,"ADPDEF_EXP":66.55,"EDUCAC_VA":5921.1,"EDUCAC_EXP":142.82,"SALUDH_VA":5443.79,"SALUDH_EXP":132.94,"ESPARC_VA":1703.02,"ESPARC_EXP":744.71,"OTRSER_VA":1623.53,"OTRSER_EXP":239.69,"SERHOG_VA":70.92,"SERHOG_EXP":0.0}},{"type":"Feature","geometry":{"type":"Point","coordinates":[10.45,51.17]},"properties":{"id":"DEU","name":"Alemania","continent":"europe","year":2006,"AGRPFO_VA":19846.96,"AGRPFO_EXP":3829.09,"FORLOG_VA":2662.23,"FORLOG_EXP":480.72,"PESCAC_VA":299.71,"PESCAC_EXP":91.59,"MINCOL_VA":2325.83,"MINCOL_EXP":259.0,"PETGAS_VA":1496.84,"PETGAS_EXP":431.32,"MINORE_VA":0.0,"MINORE_EXP":0.0,"MINOTH_VA":2355.43,"MINOTH_EXP":1153.36,"MINSER_VA":239.33,"MINSER_EXP":424.34,"ALYBEB_VA":48578.96,"ALYBEB_EXP":28351.34,"TEXYPR_VA":10310.85,"TEXYPR_EXP":12725.44,"MADYPR_VA":8518.41,"MADYPR_EXP":5320.9,"PAPYPR_VA":25762.01,"PAPYPR_EXP":18806.85,"PETREF_VA":10826.65,"PETREF_EXP":22048.88,"QUIMYP_VA":46502.29,"QUIMYP_EXP":66274.95,"FARMED_VA":23308.74,"FARMED_EXP":19015.88,"HUPLAS_VA":30198.99,"HUPLAS_EXP":24135.71,"PRNOMT_VA":19178.74,"PRNOMT_EXP":9662.19,"METBAS_VA":20106.85,"METBAS_EXP":33485.47,"NONFER_VA":9386.62,"NONFER_EXP":22092.25,"PRMETA_VA":56857.65,"PRMETA_EXP":30866.56,"ELCTRO_VA":39257.59,"ELCTRO_EXP":69225.2,"ELCTRI_VA":45966.64,"ELCTRI_EXP":53665.76,"MAQYEQ_VA":95052.6,"MAQYEQ_EXP":108714.99,"AUTOMO_VA":103922.68,"AUTOMO_EXP":156507.24,"OTRTRA_VA":1693.33,"OTRTRA_EXP":1798.94,"TRANSP_VA":8933.35,"TRANSP_EXP":12313.1,"OTRMAN_VA":40509.4,"OTRMAN_EXP":15775.06,"ELEGAS_VA":44809.82,"ELEGAS_EXP":4650.67,"AGUBAS_VA":27683.28,"AGUBAS_EXP":804.04,"CONSTR_VA":104716.35,"CONSTR_EXP":1991.69,"COMREV_VA":286297.37,"COMREV_EXP":115409.61,"TRATIE_VA":50088.44,"TRATIE_EXP":20916.2,"TRAGUA_VA":7902.75,"TRAGUA_EXP":19415.12,"TRAAIR_VA":9407.14,"TRAAIR_EXP":19338.14,"ALMSTR_VA":50039.91,"ALMSTR_EXP":10375.23,"POSTME_VA":16305.11,"POSTME_EXP":1377.48,"HOTYRE_VA":41278.1,"HOTYRE_EXP":5520.11,"MMTVRA_VA":32789.73,"MMTVRA_EXP":8403.91,"TELECO_VA":45767.46,"TELECO_EXP":3495.47,"ITSERV_VA":52545.48,"ITSERV_EXP":21903.25,"SERFIN_VA":142138.27,"SERFIN_EXP":30786.27,"GOBEST_VA":306868.13,"GOBEST_EXP":9939.62,"SPRSCT_VA":181376.93,"SPRSCT_EXP":38348.97,"SEAEMP_VA":115771.37,"SEAEMP_EXP":11537.06,"ADPDEF_VA":165981.6,"ADPDEF_EXP":0.0,"EDUCAC_VA":121011.87,"EDUCAC_EXP":509.41,"SALUDH_VA":193995.79,"SALUDH_EXP":422.75,"ESPARC_VA":31888.05,"ESPARC_EXP":1724.84,"OTRSER_VA":73957.73,"OTRSER_EXP":518.13,"SERHOG_VA":7475.86,"SERHOG_EXP":0.0}},{"type":"Feature","geometry":{"type":"Point","coordinates":[9.5,56.26]},"properties":{"id":"DNK","name":"Dinamarca","continent":"europe","year":2006,"AGRPFO_VA":3103.65,"AGRPFO_EXP":2496.54,"FORLOG_VA":136.84,"FORLOG_EXP":53.66,"PESCAC_VA":413.76,"PESCAC_EXP":504.95,"MINCOL_VA":0.0,"MINCOL_EXP":0.0,"PETGAS_VA":9672.21,"PETGAS_EXP":4325.88,"MINORE_VA":0.0,"MINORE_EXP":0.0,"MINOTH_VA":186.36,"MINOTH_EXP":152.92,"MINSER_VA":115.14,"MINSER_EXP":48.15,"ALYBEB_VA":5791.35,"ALYBEB_EXP":9829.31,"TEXYPR_VA":644.35,"TEXYPR_EXP":680.04,"MADYPR_VA":1020.06,"MADYPR_EXP":739.67,"PAPYPR_VA":1560.46,"PAPYPR_EXP":640.96,"PETREF_VA":257.8,"PETREF_EXP":1837.69,"QUIMYP_VA":1652.22,"QUIMYP_EXP":2961.79,"FARMED_VA":3805.5,"FARMED_EXP":4854.48,"HUPLAS_VA":1974.63,"HUPLAS_EXP":2032.02,"PRNOMT_VA":1688.29,"PRNOMT_EXP":854.88,"METBAS_VA":361.99,"METBAS_EXP":545.23,"NONFER_VA":207.73,"NONFER_EXP":138.19,"PRMETA_VA":3155.34,"PRMETA_EXP":2019.29,"ELCTRO_VA":2758.62,"ELCTRO_EXP":4120.55,"ELCTRI_VA":1089.97,"ELCTRI_EXP":2041.3,"MAQYEQ_VA":6175.06,"MAQYEQ_EXP":8973.55,"AUTOMO_VA":594.57,"AUTOMO_EXP":862.7,"OTRTRA_VA":228.11,"OTRTRA_EXP":312.7,"TRANSP_VA":94.17,"TRANSP_EXP":182.83,"OTRMAN_VA":3391.05,"OTRMAN_EXP":3975.07,"ELEGAS_VA":4418.76,"ELEGAS_EXP":1553.56,"AGUBAS_VA":1808.03,"AGUBAS_EXP":65.54,"CONSTR_VA":15002.52,"CONSTR_EXP":617.0,"COMREV_VA":32086.35,"COMREV_EXP":13894.89,"TRATIE_VA":5996.83,"TRATIE_EXP":4857.45,"TRAGUA_VA":3146.79,"TRAGUA_EXP":22096.91,"TRAAIR_VA":688.95,"TRAAIR_EXP":2737.01,"ALMSTR_VA":3682.26,"ALMSTR_EXP":3351.88,"POSTME_VA":1780.4,"POSTME_EXP":614.11,"HOTYRE_VA":3747.9,"HOTYRE_EXP":1314.59,"MMTVRA_VA":3156.07,"MMTVRA_EXP":894.61,"TELECO_VA":3688.04,"TELECO_EXP":1134.28,"ITSERV_VA":4151.34,"ITSERV_EXP":1965.34,"SERFIN_VA":12605.55,"SERFIN_EXP":1256.37,"GOBEST_VA":23583.51,"GOBEST_EXP":372.91,"SPRSCT_VA":13073.68,"SPRSCT_EXP":5358.55,"SEAEMP_VA":6902.29,"SEAEMP_EXP":2649.56,"ADPDEF_VA":14271.25,"ADPDEF_EXP":6.93,"EDUCAC_VA":14374.43,"EDUCAC_EXP":638.46,"SALUDH_VA":25334.12,"SALUDH_EXP":116.27,"ESPARC_VA":3739.51,"ESPARC_EXP":420.62,"OTRSER_VA":4083.59,"OTRSER_EXP":88.06,"SERHOG_VA":560.51,"SERHOG_EXP":0.0}},{"type":"Feature","geometry":{"type":"Point","coordinates":[30.8,26.82]},"properties":{"id":"EGY","name":"Egipto","continent":"other","year":2006,"AGRPFO_VA":11467.85,"AGRPFO_EXP":1432.39,"FORLOG_VA":1.75,"FORLOG_EXP":0.29,"PESCAC_VA":1094.69,"PESCAC_EXP":9.81,"MINCOL_VA":117.97,"MINCOL_EXP":30.43,"PETGAS_VA":14575.81,"PETGAS_EXP":5911.99,"MINORE_VA":155.54,"MINORE_EXP":2.36,"MINOTH_VA":729.47,"MINOTH_EXP":374.28,"MINSER_VA":292.81,"MINSER_EXP":19.06,"ALYBEB_VA":3963.59,"ALYBEB_EXP":1221.27,"TEXYPR_VA":1573.3,"TEXYPR_EXP":1165.28,"MADYPR_VA":662.84,"MADYPR_EXP":27.3,"PAPYPR_VA":985.12,"PAPYPR_EXP":219.17,"PETREF_VA":2423.2,"PETREF_EXP":2203.23,"QUIMYP_VA":2353.88,"QUIMYP_EXP":1379.63,"FARMED_VA":566.8,"FARMED_EXP":75.72,"HUPLAS_VA":297.63,"HUPLAS_EXP":265.5,"PRNOMT_VA":1746.49,"PRNOMT_EXP":478.31,"METBAS_VA":820.19,"METBAS_EXP":715.78,"NONFER_VA":893.61,"NONFER_EXP":509.9,"PRMETA_VA":733.61,"PRMETA_EXP":147.13,"ELCTRO_VA":113.19,"ELCTRO_EXP":71.38,"ELCTRI_VA":532.09,"ELCTRI_EXP":388.94,"MAQYEQ_VA":122.74,"MAQYEQ_EXP":116.23,"AUTOMO_VA":297.49,"AUTOMO_EXP":68.55,"OTRTRA_VA":14.25,"OTRTRA_EXP":0.64,"TRANSP_VA":41.12,"TRANSP_EXP":0.76,"OTRMAN_VA":989.23,"OTRMAN_EXP":277.38,"ELEGAS_VA":1067.25,"ELEGAS_EXP":91.73,"AGUBAS_VA":654.67,"AGUBAS_EXP":11.53,"CONSTR_VA":5552.99,"CONSTR_EXP":8.74,"COMREV_VA":10544.05,"COMREV_EXP":1538.46,"TRATIE_VA":2908.35,"TRATIE_EXP":1809.86,"TRAGUA_VA":2657.47,"TRAGUA_EXP":3104.82,"TRAAIR_VA":1050.14,"TRAAIR_EXP":982.67,"ALMSTR_VA":3283.05,"ALMSTR_EXP":1616.55,"POSTME_VA":123.68,"POSTME_EXP":113.76,"HOTYRE_VA":3433.38,"HOTYRE_EXP":3252.26,"MMTVRA_VA":452.92,"MMTVRA_EXP":185.49,"TELECO_VA":2794.64,"TELECO_EXP":224.03,"ITSERV_VA":332.42,"ITSERV_EXP":91.71,"SERFIN_VA":5361.8,"SERFIN_EXP":259.3,"GOBEST_VA":7961.82,"GOBEST_EXP":355.86,"SPRSCT_VA":2539.4,"SPRSCT_EXP":328.17,"SEAEMP_VA":1568.84,"SEAEMP_EXP":463.4,"ADPDEF_VA":4527.89,"ADPDEF_EXP":322.85,"EDUCAC_VA":4580.37,"EDUCAC_EXP":292.81,"SALUDH_VA":2322.85,"SALUDH_EXP":77.17,"ESPARC_VA":1111.45,"ESPARC_EXP":145.58,"OTRSER_VA":1830.04,"OTRSER_EXP":122.56,"SERHOG_VA":76.12,"SERHOG_EXP":0.0}},{"type":"Feature","geometry":{"type":"Point","coordinates":[-3.75,40.46]},"properties":{"id":"ESP","name":"España","continent":"europe","year":2006,"AGRPFO_VA":27144.28,"AGRPFO_EXP":8852.06,"FORLOG_VA":2188.42,"FORLOG_EXP":119.97,"PESCAC_VA":1623.28,"PESCAC_EXP":303.23,"MINCOL_VA":811.25,"MINCOL_EXP":32.03,"PETGAS_VA":52.33,"PETGAS_EXP":20.14,"MINORE_VA":55.21,"MINORE_EXP":181.38,"MINOTH_VA":3197.65,"MINOTH_EXP":655.63,"MINSER_VA":77.31,"MINSER_EXP":139.43,"ALYBEB_VA":26885.72,"ALYBEB_EXP":15156.43,"TEXYPR_VA":11470.7,"TEXYPR_EXP":9768.67,"MADYPR_VA":3876.33,"MADYPR_EXP":1266.49,"PAPYPR_VA":9731.33,"PAPYPR_EXP":4044.48,"PETREF_VA":4297.48,"PETREF_EXP":11167.47,"QUIMYP_VA":10764.86,"QUIMYP_EXP":14069.78,"FARMED_VA":7623.35,"FARMED_EXP":5087.19,"HUPLAS_VA":6849.81,"HUPLAS_EXP":5852.23,"PRNOMT_VA":13487.42,"PRNOMT_EXP":4781.49,"METBAS_VA":5949.79,"METBAS_EXP":7902.51,"NONFER_VA":2246.43,"NONFER_EXP":4884.23,"PRMETA_VA":17333.34,"PRMETA_EXP":4895.67,"ELCTRO_VA":3095.59,"ELCTRO_EXP":7034.28,"ELCTRI_VA":7137.4,"ELCTRI_EXP":6579.93,"MAQYEQ_VA":8975.66,"MAQYEQ_EXP":10045.9,"AUTOMO_VA":15938.08,"AUTOMO_EXP":35852.37,"OTRTRA_VA":1256.52,"OTRTRA_EXP":555.62,"TRANSP_VA":3481.98,"TRANSP_EXP":7263.55,"OTRMAN_VA":13652.42,"OTRMAN_EXP":4451.03,"ELEGAS_VA":21006.27,"ELEGAS_EXP":420.97,"AGUBAS_VA":10091.33,"AGUBAS_EXP":344.95,"CONSTR_VA":142870.57,"CONSTR_EXP":1215.54,"COMREV_VA":136893.6,"COMREV_EXP":34179.4,"TRATIE_VA":29449.76,"TRATIE_EXP":13084.43,"TRAGUA_VA":1006.32,"TRAGUA_EXP":1448.74,"TRAAIR_VA":2908.2,"TRAAIR_EXP":9135.05,"ALMSTR_VA":15597.12,"ALMSTR_EXP":6205.48,"POSTME_VA":3107.03,"POSTME_EXP":253.93,"HOTYRE_VA":75543.32,"HOTYRE_EXP":12632.42,"MMTVRA_VA":11661.33,"MMTVRA_EXP":2789.78,"TELECO_VA":23234.89,"TELECO_EXP":2547.18,"ITSERV_VA":14242.08,"ITSERV_EXP":3989.54,"SERFIN_VA":53385.28,"SERFIN_EXP":6679.78,"GOBEST_VA":100444.91,"GOBEST_EXP":2481.3,"SPRSCT_VA":45611.55,"SPRSCT_EXP":15686.46,"SEAEMP_VA":36872.72,"SEAEMP_EXP":5202.23,"ADPDEF_VA":65135.05,"ADPDEF_EXP":1337.3,"EDUCAC_VA":56251.24,"EDUCAC_EXP":1014.52,"SALUDH_VA":62105.25,"SALUDH_EXP":871.92,"ESPARC_VA":20141.35,"ESPARC_EXP":3214.16,"OTRSER_VA":15497.27,"OTRSER_EXP":961.6,"SERHOG_VA":10878.31,"SERHOG_EXP":0.0}},{"type":"Feature","geometry":{"type":"Point","coordinates":[25.01,58.6]},"properties":{"id":"EST","name":"Estonia","continent":"europe","year":2006,"AGRPFO_VA":309.79,"AGRPFO_EXP":90.36,"FORLOG_VA":220.63,"FORLOG_EXP":119.48,"PESCAC_VA":29.92,"PESCAC_EXP":28.96,"MINCOL_VA":10.46,"MINCOL_EXP":0.14,"PETGAS_VA":105.84,"PETGAS_EXP":31.73,"MINORE_VA":0.0,"MINORE_EXP":0.0,"MINOTH_VA":41.69,"MINOTH_EXP":7.87,"MINSER_VA":0.53,"MINSER_EXP":0.18,"ALYBEB_VA":321.13,"ALYBEB_EXP":353.7,"TEXYPR_VA":238.97,"TEXYPR_EXP":415.64,"MADYPR_VA":364.51,"MADYPR_EXP":702.54,"PAPYPR_VA":130.08,"PAPYPR_EXP":127.94,"PETREF_VA":53.27,"PETREF_EXP":44.21,"QUIMYP_VA":114.62,"QUIMYP_EXP":261.71,"FARMED_VA":6.46,"FARMED_EXP":14.79,"HUPLAS_VA":112.92,"HUPLAS_EXP":180.75,"PRNOMT_VA":234.09,"PRNOMT_EXP":137.77,"METBAS_VA":0.27,"METBAS_EXP":0.9,"NONFER_VA":5.18,"NONFER_EXP":16.06,"PRMETA_VA":272.28,"PRMETA_EXP":360.49,"ELCTRO_VA":131.73,"ELCTRO_EXP":259.59,"ELCTRI_VA":111.22,"ELCTRI_EXP":264.34,"MAQYEQ_VA":98.87,"MAQYEQ_EXP":168.47,"AUTOMO_VA":62.73,"AUTOMO_EXP":130.54,"OTRTRA_VA":10.41,"OTRTRA_EXP":34.99,"TRANSP_VA":0.46,"TRANSP_EXP":0.24,"OTRMAN_VA":309.38,"OTRMAN_EXP":378.81,"ELEGAS_VA":403.57,"ELEGAS_EXP":54.44,"AGUBAS_VA":143.04,"AGUBAS_EXP":16.67,"CONSTR_VA":1535.26,"CONSTR_EXP":26.29,"COMREV_VA":2210.32,"COMREV_EXP":824.34,"TRATIE_VA":715.69,"TRATIE_EXP":531.27,"TRAGUA_VA":142.78,"TRAGUA_EXP":397.46,"TRAAIR_VA":23.43,"TRAAIR_EXP":154.4,"ALMSTR_VA":508.68,"ALMSTR_EXP":1002.11,"POSTME_VA":49.81,"POSTME_EXP":46.24,"HOTYRE_VA":260.2,"HOTYRE_EXP":311.03,"MMTVRA_VA":148.72,"MMTVRA_EXP":51.6,"TELECO_VA":377.83,"TELECO_EXP":112.44,"ITSERV_VA":170.38,"ITSERV_EXP":101.88,"SERFIN_VA":647.89,"SERFIN_EXP":197.77,"GOBEST_VA":1429.28,"GOBEST_EXP":58.17,"SPRSCT_VA":681.23,"SPRSCT_EXP":212.44,"SEAEMP_VA":486.09,"SEAEMP_EXP":204.76,"ADPDEF_VA":820.38,"ADPDEF_EXP":14.61,"EDUCAC_VA":656.43,"EDUCAC_EXP":22.24,"SALUDH_VA":457.65,"SALUDH_EXP":16.07,"ESPARC_VA":286.75,"ESPARC_EXP":46.66,"OTRSER_VA":134.87,"OTRSER_EXP":18.22,"SERHOG_VA":5.57,"SERHOG_EXP":0.0}},{"type":"Feature","geometry":{"type":"Point","coordinates":[25.75,61.92]},"properties":{"id":"FIN","name":"Finlandia","continent":"europe","year":2006,"AGRPFO_VA":1628.34,"AGRPFO_EXP":392.12,"FORLOG_VA":2844.3,"FORLOG_EXP":64.38,"PESCAC_VA":126.8,"PESCAC_EXP":10.96,"MINCOL_VA":192.8,"MINCOL_EXP":37.27,"PETGAS_VA":0.0,"PETGAS_EXP":0.0,"MINORE_VA":173.74,"MINORE_EXP":182.95,"MINOTH_VA":520.67,"MINOTH_EXP":152.07,"MINSER_VA":1.24,"MINSER_EXP":0.57,"ALYBEB_VA":2994.37,"ALYBEB_EXP":1167.64,"TEXYPR_VA":773.71,"TEXYPR_EXP":927.81,"MADYPR_VA":2040.84,"MADYPR_EXP":3122.36,"PAPYPR_VA":6476.02,"PAPYPR_EXP":11724.47,"PETREF_VA":2049.32,"PETREF_EXP":3500.6,"QUIMYP_VA":2168.08,"QUIMYP_EXP":3707.99,"FARMED_VA":960.17,"FARMED_EXP":734.26,"HUPLAS_VA":1480.34,"HUPLAS_EXP":1568.18,"PRNOMT_VA":1627.17,"PRNOMT_EXP":903.84,"METBAS_VA":2217.66,"METBAS_EXP":5315.17,"NONFER_VA":901.81,"NONFER_EXP":2888.74,"PRMETA_VA":3446.01,"PRMETA_EXP":1729.01,"ELCTRO_VA":12564.76,"ELCTRO_EXP":15609.82,"ELCTRI_VA":1721.09,"ELCTRI_EXP":3097.7,"MAQYEQ_VA":5132.88,"MAQYEQ_EXP":8222.84,"AUTOMO_VA":664.84,"AUTOMO_EXP":784.21,"OTRTRA_VA":589.76,"OTRTRA_EXP":1514.0,"TRANSP_VA":196.06,"TRANSP_EXP":433.75,"OTRMAN_VA":2611.79,"OTRMAN_EXP":672.07,"ELEGAS_VA":4047.94,"ELEGAS_EXP":225.7,"AGUBAS_VA":1376.97,"AGUBAS_EXP":41.92,"CONSTR_VA":13111.33,"CONSTR_EXP":2.35,"COMREV_VA":18498.4,"COMREV_EXP":9359.95,"TRATIE_VA":5620.44,"TRATIE_EXP":860.4,"TRAGUA_VA":1163.22,"TRAGUA_EXP":1641.65,"TRAAIR_VA":927.65,"TRAAIR_EXP":787.86,"ALMSTR_VA":2319.92,"ALMSTR_EXP":623.55,"POSTME_VA":1189.67,"POSTME_EXP":190.22,"HOTYRE_VA":3142.92,"HOTYRE_EXP":589.25,"MMTVRA_VA":2331.04,"MMTVRA_EXP":528.36,"TELECO_VA":2991.26,"TELECO_EXP":118.7,"ITSERV_VA":3987.18,"ITSERV_EXP":823.2,"SERFIN_VA":5866.53,"SERFIN_EXP":234.31,"GOBEST_VA":19687.1,"GOBEST_EXP":176.34,"SPRSCT_VA":8247.91,"SPRSCT_EXP":2996.26,"SEAEMP_VA":5050.68,"SEAEMP_EXP":471.97,"ADPDEF_VA":11644.72,"ADPDEF_EXP":67.88,"EDUCAC_VA":10015.14,"EDUCAC_EXP":55.36,"SALUDH_VA":15767.96,"SALUDH_EXP":45.28,"ESPARC_VA":2223.19,"ESPARC_EXP":107.94,"OTRSER_VA":3052.5,"OTRSER_EXP":54.42,"SERHOG_VA":156.85,"SERHOG_EXP":0.0}},{"type":"Feature","geometry":{"type":"Point","coordinates":[2.21,46.23]},"properties":{"id":"FRA","name":"Francia","continent":"europe","year":2006,"AGRPFO_VA":31630.98,"AGRPFO_EXP":10493.24,"FORLOG_VA":3422.85,"FORLOG_EXP":220.39,"PESCAC_VA":1377.58,"PESCAC_EXP":546.18,"MINCOL_VA":12.08,"MINCOL_EXP":3.14,"PETGAS_VA":332.94,"PETGAS_EXP":246.66,"MINORE_VA":22.66,"MINORE_EXP":15.39,"MINOTH_VA":2768.09,"MINOTH_EXP":542.59,"MINSER_VA":32.18,"MINSER_EXP":66.26,"ALYBEB_VA":44504.87,"ALYBEB_EXP":29290.9,"TEXYPR_VA":9082.89,"TEXYPR_EXP":13727.76,"MADYPR_VA":4436.71,"MADYPR_EXP":2061.54,"PAPYPR_VA":13527.76,"PAPYPR_EXP":6920.67,"PETREF_VA":3951.42,"PETREF_EXP":14847.11,"QUIMYP_VA":15728.95,"QUIMYP_EXP":39779.58,"FARMED_VA":17133.48,"FARMED_EXP":16289.51,"HUPLAS_VA":16612.55,"HUPLAS_EXP":11427.08,"PRNOMT_VA":11588.35,"PRNOMT_EXP":4723.26,"METBAS_VA":5166.39,"METBAS_EXP":16633.26,"NONFER_VA":4963.91,"NONFER_EXP":10541.02,"PRMETA_VA":27438.45,"PRMETA_EXP":7638.79,"ELCTRO_VA":14322.87,"ELCTRO_EXP":29778.47,"ELCTRI_VA":10351.19,"ELCTRI_EXP":15815.85,"MAQYEQ_VA":19372.55,"MAQYEQ_EXP":34064.87,"AUTOMO_VA":21968.76,"AUTOMO_EXP":52845.59,"OTRTRA_VA":2360.78,"OTRTRA_EXP":1932.81,"TRANSP_VA":12339.38,"TRANSP_EXP":22466.84,"OTRMAN_VA":35594.06,"OTRMAN_EXP":7594.66,"ELEGAS_VA":38948.78,"ELEGAS_EXP":3855.49,"AGUBAS_VA":14472.3,"AGUBAS_EXP":1218.13,"CONSTR_VA":124191.79,"CONSTR_EXP":58.56,"COMREV_VA":234765.53,"COMREV_EXP":84798.67,"TRATIE_VA":44244.43,"TRATIE_EXP":17697.41,"TRAGUA_VA":2677.83,"TRAGUA_EXP":9576.24,"TRAAIR_VA":5159.86,"TRAAIR_EXP":14534.3,"ALMSTR_VA":34640.77,"ALMSTR_EXP":7049.27,"POSTME_VA":11070.83,"POSTME_EXP":846.23,"HOTYRE_VA":44585.46,"HOTYRE_EXP":21311.13,"MMTVRA_VA":26652.15,"MMTVRA_EXP":4915.05,"TELECO_VA":38973.75,"TELECO_EXP":4195.69,"ITSERV_VA":51898.97,"ITSERV_EXP":2371.61,"SERFIN_VA":83006.55,"SERFIN_EXP":10717.59,"GOBEST_VA":288069.28,"GOBEST_EXP":3598.81,"SPRSCT_VA":161435.17,"SPRSCT_EXP":24853.67,"SEAEMP_VA":116624.67,"SEAEMP_EXP":20244.99,"ADPDEF_VA":166071.37,"ADPDEF_EXP":1778.54,"EDUCAC_VA":108507.15,"EDUCAC_EXP":1475.3,"SALUDH_VA":166054.72,"SALUDH_EXP":1813.79,"ESPARC_VA":26610.3,"ESPARC_EXP":2953.38,"OTRSER_VA":32741.45,"OTRSER_EXP":1090.45,"SERHOG_VA":5852.26,"SERHOG_EXP":0.0}},{"type":"Feature","geometry":{"type":"Point","coordinates":[-3.44,55.38]},"properties":{"id":"GBR","name":"Reino Unido","continent":"europe","year":2006,"AGRPFO_VA":14651.38,"AGRPFO_EXP":1886.71,"FORLOG_VA":507.04,"FORLOG_EXP":86.0,"PESCAC_VA":1047.97,"PESCAC_EXP":589.8,"MINCOL_VA":522.23,"MINCOL_EXP":64.42,"PETGAS_VA":39795.02,"PETGAS_EXP":24724.6,"MINORE_VA":0.0,"MINORE_EXP":0.0,"MINOTH_VA":3266.76,"MINOTH_EXP":4697.62,"MINSER_VA":3412.63,"MINSER_EXP":643.04,"ALYBEB_VA":46654.35,"ALYBEB_EXP":17084.7,"TEXYPR_VA":8033.82,"TEXYPR_EXP":6282.16,"MADYPR_VA":4471.69,"MADYPR_EXP":864.42,"PAPYPR_VA":16364.77,"PAPYPR_EXP":3956.85,"PETREF_VA":1618.35,"PETREF_EXP":15080.36,"QUIMYP_VA":17291.46,"QUIMYP_EXP":32861.3,"FARMED_VA":22918.56,"FARMED_EXP":17094.81,"HUPLAS_VA":13948.93,"HUPLAS_EXP":7883.46,"PRNOMT_VA":10696.58,"PRNOMT_EXP":3312.84,"METBAS_VA":3585.12,"METBAS_EXP":7061.7,"NONFER_VA":4635.36,"NONFER_EXP":8770.14,"PRMETA_VA":23591.6,"PRMETA_EXP":8947.48,"ELCTRO_VA":18806.7,"ELCTRO_EXP":30089.24,"ELCTRI_VA":8826.75,"ELCTRI_EXP":9903.98,"MAQYEQ_VA":22190.89,"MAQYEQ_EXP":22870.67,"AUTOMO_VA":15515.01,"AUTOMO_EXP":27362.59,"OTRTRA_VA":1927.65,"OTRTRA_EXP":688.14,"TRANSP_VA":17396.47,"TRANSP_EXP":18304.14,"OTRMAN_VA":26040.9,"OTRMAN_EXP":12123.79,"ELEGAS_VA":35939.93,"ELEGAS_EXP":399.37,"AGUBAS_VA":32937.16,"AGUBAS_EXP":245.96,"CONSTR_VA":163481.85,"CONSTR_EXP":467.61,"COMREV_VA":279080.62,"COMREV_EXP":68770.65,"TRATIE_VA":45023.26,"TRATIE_EXP":8218.25,"TRAGUA_VA":7558.57,"TRAGUA_EXP":10870.04,"TRAAIR_VA":8034.66,"TRAAIR_EXP":11981.51,"ALMSTR_VA":28872.91,"ALMSTR_EXP":4762.2,"POSTME_VA":18620.64,"POSTME_EXP":1132.66,"HOTYRE_VA":68371.09,"HOTYRE_EXP":8612.39,"MMTVRA_VA":39886.35,"MMTVRA_EXP":15374.6,"TELECO_VA":47917.36,"TELECO_EXP":7304.06,"ITSERV_VA":59992.99,"ITSERV_EXP":18365.4,"SERFIN_VA":219380.25,"SERFIN_EXP":99336.24,"GOBEST_VA":315158.97,"GOBEST_EXP":1967.9,"SPRSCT_VA":166184.62,"SPRSCT_EXP":47791.05,"SEAEMP_VA":98544.87,"SEAEMP_EXP":27629.44,"ADPDEF_VA":135589.92,"ADPDEF_EXP":230.85,"EDUCAC_VA":141502.94,"EDUCAC_EXP":10510.34,"SALUDH_VA":174668.16,"SALUDH_EXP":425.96,"ESPARC_VA":36364.89,"ESPARC_EXP":5769.67,"OTRSER_VA":37851.77,"OTRSER_EXP":698.27,"SERHOG_VA":3466.97,"SERHOG_EXP":0.0}},{"type":"Feature","geometry":{"type":"Point","coordinates":[21.82,39.07]},"properties":{"id":"GRC","name":"Grecia","continent":"europe","year":2006,"AGRPFO_VA":8307.36,"AGRPFO_EXP":1508.4,"FORLOG_VA":80.15,"FORLOG_EXP":6.98,"PESCAC_VA":905.4,"PESCAC_EXP":358.51,"MINCOL_VA":65.78,"MINCOL_EXP":2.86,"PETGAS_VA":7.79,"PETGAS_EXP":0.24,"MINORE_VA":105.35,"MINORE_EXP":52.51,"MINOTH_VA":979.18,"MINOTH_EXP":161.26,"MINSER_VA":23.98,"MINSER_EXP":8.56,"ALYBEB_VA":6580.41,"ALYBEB_EXP":2570.85,"TEXYPR_VA":1639.76,"TEXYPR_EXP":1922.48,"MADYPR_VA":814.76,"MADYPR_EXP":96.01,"PAPYPR_VA":2278.63,"PAPYPR_EXP":260.99,"PETREF_VA":1313.22,"PETREF_EXP":3050.94,"QUIMYP_VA":1176.69,"QUIMYP_EXP":1216.72,"FARMED_VA":1643.51,"FARMED_EXP":782.96,"HUPLAS_VA":732.48,"HUPLAS_EXP":498.2,"PRNOMT_VA":2181.79,"PRNOMT_EXP":383.82,"METBAS_VA":1137.07,"METBAS_EXP":1018.8,"NONFER_VA":824.62,"NONFER_EXP":1504.51,"PRMETA_VA":2306.88,"PRMETA_EXP":684.18,"ELCTRO_VA":310.51,"ELCTRO_EXP":378.76,"ELCTRI_VA":719.27,"ELCTRI_EXP":748.09,"MAQYEQ_VA":710.16,"MAQYEQ_EXP":766.77,"AUTOMO_VA":113.24,"AUTOMO_EXP":115.18,"OTRTRA_VA":320.6,"OTRTRA_EXP":279.05,"TRANSP_VA":160.75,"TRANSP_EXP":218.54,"OTRMAN_VA":1744.97,"OTRMAN_EXP":376.25,"ELEGAS_VA":4297.98,"ELEGAS_EXP":31.34,"AGUBAS_VA":3016.13,"AGUBAS_EXP":3.1,"CONSTR_VA":25186.16,"CONSTR_EXP":9.14,"COMREV_VA":29320.79,"COMREV_EXP":5661.21,"TRATIE_VA":5007.29,"TRATIE_EXP":1378.4,"TRAGUA_VA":9539.19,"TRAGUA_EXP":14304.52,"TRAAIR_VA":563.49,"TRAAIR_EXP":921.69,"ALMSTR_VA":2322.91,"ALMSTR_EXP":735.81,"POSTME_VA":916.16,"POSTME_EXP":40.47,"HOTYRE_VA":12489.18,"HOTYRE_EXP":5769.08,"MMTVRA_VA":1913.72,"MMTVRA_EXP":211.65,"TELECO_VA":4798.69,"TELECO_EXP":557.73,"ITSERV_VA":974.91,"ITSERV_EXP":166.19,"SERFIN_VA":11794.81,"SERFIN_EXP":484.79,"GOBEST_VA":32114.62,"GOBEST_EXP":714.26,"SPRSCT_VA":11718.44,"SPRSCT_EXP":848.37,"SEAEMP_VA":4605.76,"SEAEMP_EXP":1202.25,"ADPDEF_VA":21454.74,"ADPDEF_EXP":24.92,"EDUCAC_VA":12299.83,"EDUCAC_EXP":238.39,"SALUDH_VA":11792.04,"SALUDH_EXP":203.76,"ESPARC_VA":3506.44,"ESPARC_EXP":505.44,"OTRSER_VA":3127.61,"OTRSER_EXP":231.45,"SERHOG_VA":1574.72,"SERHOG_EXP":0.0}},{"type":"Feature","geometry":{"type":"Point","coordinates":[114.11,22.4]},"properties":{"id":"HKG","name":"Hong Kong","continent":"asia","year":2006,"AGRPFO_VA":95.8,"AGRPFO_EXP":24.52,"FORLOG_VA":11.49,"FORLOG_EXP":7.08,"PESCAC_VA":18.84,"PESCAC_EXP":5.99,"MINCOL_VA":0.0,"MINCOL_EXP":0.0,"PETGAS_VA":0.0,"PETGAS_EXP":0.0,"MINORE_VA":0.0,"MINORE_EXP":0.0,"MINOTH_VA":0.0,"MINOTH_EXP":0.0,"MINSER_VA":19.34,"MINSER_EXP":25.26,"ALYBEB_VA":2770.13,"ALYBEB_EXP":2477.36,"TEXYPR_VA":608.22,"TEXYPR_EXP":459.68,"MADYPR_VA":362.94,"MADYPR_EXP":253.63,"PAPYPR_VA":209.45,"PAPYPR_EXP":401.06,"PETREF_VA":60.51,"PETREF_EXP":50.98,"QUIMYP_VA":230.03,"QUIMYP_EXP":410.98,"FARMED_VA":227.35,"FARMED_EXP":146.05,"HUPLAS_VA":40.43,"HUPLAS_EXP":0.13,"PRNOMT_VA":53.51,"PRNOMT_EXP":49.04,"METBAS_VA":34.43,"METBAS_EXP":142.86,"NONFER_VA":233.76,"NONFER_EXP":175.91,"PRMETA_VA":103.67,"PRMETA_EXP":389.0,"ELCTRO_VA":590.36,"ELCTRO_EXP":1466.01,"ELCTRI_VA":222.67,"ELCTRI_EXP":495.77,"MAQYEQ_VA":88.11,"MAQYEQ_EXP":627.44,"AUTOMO_VA":71.49,"AUTOMO_EXP":280.39,"OTRTRA_VA":16.61,"OTRTRA_EXP":110.77,"TRANSP_VA":29.13,"TRANSP_EXP":200.37,"OTRMAN_VA":275.22,"OTRMAN_EXP":135.75,"ELEGAS_VA":4683.85,"ELEGAS_EXP":280.91,"AGUBAS_VA":2104.25,"AGUBAS_EXP":36.47,"CONSTR_VA":4820.2,"CONSTR_EXP":80.6,"COMREV_VA":46431.29,"COMREV_EXP":14422.93,"TRATIE_VA":4768.79,"TRATIE_EXP":2070.76,"TRAGUA_VA":3716.43,"TRAGUA_EXP":6114.38,"TRAAIR_VA":4927.44,"TRAAIR_EXP":12057.49,"ALMSTR_VA":271.52,"ALMSTR_EXP":131.06,"POSTME_VA":686.51,"POSTME_EXP":118.92,"HOTYRE_VA":5341.94,"HOTYRE_EXP":5158.1,"MMTVRA_VA":581.84,"MMTVRA_EXP":497.26,"TELECO_VA":6003.41,"TELECO_EXP":1813.55,"ITSERV_VA":1761.74,"ITSERV_EXP":905.64,"SERFIN_VA":30211.01,"SERFIN_EXP":28387.32,"GOBEST_VA":26706.19,"GOBEST_EXP":883.7,"SPRSCT_VA":3830.74,"SPRSCT_EXP":1463.17,"SEAEMP_VA":2589.73,"SEAEMP_EXP":671.46,"ADPDEF_VA":10841.04,"ADPDEF_EXP":102.71,"EDUCAC_VA":12229.79,"EDUCAC_EXP":1040.91,"SALUDH_VA":6931.5,"SALUDH_EXP":216.64,"ESPARC_VA":1022.85,"ESPARC_EXP":1638.78,"OTRSER_VA":2852.65,"OTRSER_EXP":287.93,"SERHOG_VA":2332.98,"SERHOG_EXP":0.0}},{"type":"Feature","geometry":{"type":"Point","coordinates":[15.2,45.1]},"properties":{"id":"HRV","name":"Croacia","continent":"europe","year":2006,"AGRPFO_VA":1743.54,"AGRPFO_EXP":383.23,"FORLOG_VA":207.29,"FORLOG_EXP":48.26,"PESCAC_VA":102.33,"PESCAC_EXP":48.49,"MINCOL_VA":2.09,"MINCOL_EXP":0.13,"PETGAS_VA":141.56,"PETGAS_EXP":59.47,"MINORE_VA":1.81,"MINORE_EXP":0.15,"MINOTH_VA":113.6,"MINOTH_EXP":36.99,"MINSER_VA":237.57,"MINSER_EXP":88.99,"ALYBEB_VA":1724.34,"ALYBEB_EXP":1301.14,"TEXYPR_VA":504.32,"TEXYPR_EXP":407.22,"MADYPR_VA":227.68,"MADYPR_EXP":181.95,"PAPYPR_VA":304.89,"PAPYPR_EXP":105.85,"PETREF_VA":1052.92,"PETREF_EXP":888.07,"QUIMYP_VA":202.71,"QUIMYP_EXP":244.32,"FARMED_VA":267.02,"FARMED_EXP":116.12,"HUPLAS_VA":213.46,"HUPLAS_EXP":56.08,"PRNOMT_VA":566.9,"PRNOMT_EXP":220.46,"METBAS_VA":89.43,"METBAS_EXP":77.07,"NONFER_VA":48.53,"NONFER_EXP":133.44,"PRMETA_VA":630.08,"PRMETA_EXP":222.53,"ELCTRO_VA":323.46,"ELCTRO_EXP":153.76,"ELCTRI_VA":340.86,"ELCTRI_EXP":245.83,"MAQYEQ_VA":324.1,"MAQYEQ_EXP":250.49,"AUTOMO_VA":79.57,"AUTOMO_EXP":91.61,"OTRTRA_VA":215.62,"OTRTRA_EXP":402.95,"TRANSP_VA":64.52,"TRANSP_EXP":66.56,"OTRMAN_VA":384.81,"OTRMAN_EXP":385.98,"ELEGAS_VA":870.99,"ELEGAS_EXP":141.23,"AGUBAS_VA":462.22,"AGUBAS_EXP":36.04,"CONSTR_VA":3369.1,"CONSTR_EXP":145.49,"COMREV_VA":5735.21,"COMREV_EXP":1554.78,"TRATIE_VA":1261.56,"TRATIE_EXP":939.44,"TRAGUA_VA":247.7,"TRAGUA_EXP":244.25,"TRAAIR_VA":93.25,"TRAAIR_EXP":228.6,"ALMSTR_VA":546.66,"ALMSTR_EXP":303.19,"POSTME_VA":178.35,"POSTME_EXP":12.34,"HOTYRE_VA":1775.73,"HOTYRE_EXP":1915.68,"MMTVRA_VA":458.03,"MMTVRA_EXP":126.52,"TELECO_VA":1258.93,"TELECO_EXP":367.36,"ITSERV_VA":350.6,"ITSERV_EXP":68.19,"SERFIN_VA":2436.0,"SERFIN_EXP":331.99,"GOBEST_VA":3605.57,"GOBEST_EXP":304.47,"SPRSCT_VA":2435.43,"SPRSCT_EXP":822.04,"SEAEMP_VA":706.67,"SEAEMP_EXP":240.25,"ADPDEF_VA":3198.98,"ADPDEF_EXP":88.51,"EDUCAC_VA":1817.16,"EDUCAC_EXP":139.86,"SALUDH_VA":1757.74,"SALUDH_EXP":114.28,"ESPARC_VA":574.87,"ESPARC_EXP":485.12,"OTRSER_VA":600.97,"OTRSER_EXP":146.28,"SERHOG_VA":83.08,"SERHOG_EXP":0.0}},{"type":"Feature","geometry":{"type":"Point","coordinates":[19.5,47.16]},"properties":{"id":"HUN","name":"Hungría","continent":"europe","year":2006,"AGRPFO_VA":4038.16,"AGRPFO_EXP":1697.04,"FORLOG_VA":188.7,"FORLOG_EXP":90.03,"PESCAC_VA":16.16,"PESCAC_EXP":5.7,"MINCOL_VA":5.52,"MINCOL_EXP":8.64,"PETGAS_VA":36.68,"PETGAS_EXP":38.27,"MINORE_VA":1.57,"MINORE_EXP":1.87,"MINOTH_VA":187.81,"MINOTH_EXP":39.32,"MINSER_VA":36.78,"MINSER_EXP":19.1,"ALYBEB_VA":2442.25,"ALYBEB_EXP":2517.11,"TEXYPR_VA":774.63,"TEXYPR_EXP":1561.38,"MADYPR_VA":355.47,"MADYPR_EXP":443.0,"PAPYPR_VA":719.5,"PAPYPR_EXP":721.05,"PETREF_VA":2525.87,"PETREF_EXP":1690.93,"QUIMYP_VA":889.6,"QUIMYP_EXP":2628.03,"FARMED_VA":1497.4,"FARMED_EXP":1415.13,"HUPLAS_VA":965.04,"HUPLAS_EXP":2223.75,"PRNOMT_VA":1047.15,"PRNOMT_EXP":798.29,"METBAS_VA":508.12,"METBAS_EXP":1202.73,"NONFER_VA":532.38,"NONFER_EXP":1098.42,"PRMETA_VA":1467.01,"PRMETA_EXP":1917.55,"ELCTRO_VA":2760.64,"ELCTRO_EXP":16112.35,"ELCTRI_VA":2058.55,"ELCTRI_EXP":5291.02,"MAQYEQ_VA":1204.73,"MAQYEQ_EXP":3254.44,"AUTOMO_VA":4195.93,"AUTOMO_EXP":12416.71,"OTRTRA_VA":1.8,"OTRTRA_EXP":3.72,"TRANSP_VA":117.89,"TRANSP_EXP":205.01,"OTRMAN_VA":974.52,"OTRMAN_EXP":988.63,"ELEGAS_VA":2525.53,"ELEGAS_EXP":336.23,"AGUBAS_VA":1145.09,"AGUBAS_EXP":31.56,"CONSTR_VA":5634.07,"CONSTR_EXP":261.88,"COMREV_VA":10939.24,"COMREV_EXP":6512.5,"TRATIE_VA":3865.0,"TRATIE_EXP":2576.91,"TRAGUA_VA":120.52,"TRAGUA_EXP":56.49,"TRAAIR_VA":100.34,"TRAAIR_EXP":623.11,"ALMSTR_VA":1363.24,"ALMSTR_EXP":1214.51,"POSTME_VA":673.19,"POSTME_EXP":108.29,"HOTYRE_VA":2053.62,"HOTYRE_EXP":1310.17,"MMTVRA_VA":1326.94,"MMTVRA_EXP":599.55,"TELECO_VA":2593.05,"TELECO_EXP":542.52,"ITSERV_VA":1413.85,"ITSERV_EXP":527.0,"SERFIN_VA":4789.78,"SERFIN_EXP":317.47,"GOBEST_VA":8044.46,"GOBEST_EXP":358.42,"SPRSCT_VA":5342.84,"SPRSCT_EXP":2656.15,"SEAEMP_VA":3260.82,"SEAEMP_EXP":779.94,"ADPDEF_VA":8576.73,"ADPDEF_EXP":90.05,"EDUCAC_VA":5258.12,"EDUCAC_EXP":85.04,"SALUDH_VA":4387.91,"SALUDH_EXP":67.79,"ESPARC_VA":1185.35,"ESPARC_EXP":306.14,"OTRSER_VA":1714.51,"OTRSER_EXP":87.31,"SERHOG_VA":18.39,"SERHOG_EXP":0.0}},{"type":"Feature","geometry":{"type":"Point","coordinates":[113.92,-0.79]},"properties":{"id":"IDN","name":"Indonesia","continent":"asia","year":2006,"AGRPFO_VA":40734.24,"AGRPFO_EXP":2847.45,"FORLOG_VA":3135.64,"FORLOG_EXP":29.23,"PESCAC_VA":7748.44,"PESCAC_EXP":402.15,"MINCOL_VA":8707.44,"MINCOL_EXP":7126.7,"PETGAS_VA":18221.22,"PETGAS_EXP":19683.85,"MINORE_VA":5919.64,"MINORE_EXP":5829.35,"MINOTH_VA":4279.14,"MINOTH_EXP":200.6,"MINSER_VA":1813.97,"MINSER_EXP":105.35,"ALYBEB_VA":21968.69,"ALYBEB_EXP":8821.11,"TEXYPR_VA":6290.11,"TEXYPR_EXP":9807.41,"MADYPR_VA":2869.12,"MADYPR_EXP":2742.09,"PAPYPR_VA":3603.5,"PAPYPR_EXP":3094.3,"PETREF_VA":12075.62,"PETREF_EXP":2331.78,"QUIMYP_VA":4893.19,"QUIMYP_EXP":4425.39,"FARMED_VA":1078.53,"FARMED_EXP":239.03,"HUPLAS_VA":3546.0,"HUPLAS_EXP":3855.42,"PRNOMT_VA":2663.88,"PRNOMT_EXP":844.13,"METBAS_VA":1467.88,"METBAS_EXP":1398.18,"NONFER_VA":1380.83,"NONFER_EXP":3139.53,"PRMETA_VA":7022.95,"PRMETA_EXP":1252.04,"ELCTRO_VA":2458.54,"ELCTRO_EXP":5775.63,"ELCTRI_VA":1914.9,"ELCTRI_EXP":2736.43,"MAQYEQ_VA":1335.17,"MAQYEQ_EXP":2082.78,"AUTOMO_VA":6938.44,"AUTOMO_EXP":926.96,"OTRTRA_VA":278.1,"OTRTRA_EXP":479.43,"TRANSP_VA":305.46,"TRANSP_EXP":584.49,"OTRMAN_VA":1893.01,"OTRMAN_EXP":2078.94,"ELEGAS_VA":3972.55,"ELEGAS_EXP":5.97,"AGUBAS_VA":295.69,"AGUBAS_EXP":0.22,"CONSTR_VA":34984.72,"CONSTR_EXP":251.3,"COMREV_VA":64878.87,"COMREV_EXP":10307.69,"TRATIE_VA":7545.7,"TRATIE_EXP":1395.22,"TRAGUA_VA":1638.26,"TRAGUA_EXP":1615.17,"TRAAIR_VA":2106.09,"TRAAIR_EXP":962.98,"ALMSTR_VA":1776.62,"ALMSTR_EXP":686.66,"POSTME_VA":378.59,"POSTME_EXP":257.36,"HOTYRE_VA":11028.55,"HOTYRE_EXP":1581.03,"MMTVRA_VA":2660.07,"MMTVRA_EXP":330.25,"TELECO_VA":10150.83,"TELECO_EXP":446.58,"ITSERV_VA":1048.1,"ITSERV_EXP":129.23,"SERFIN_VA":12959.81,"SERFIN_EXP":483.48,"GOBEST_VA":9922.63,"GOBEST_EXP":254.09,"SPRSCT_VA":2432.98,"SPRSCT_EXP":1629.95,"SEAEMP_VA":2222.99,"SEAEMP_EXP":1286.89,"ADPDEF_VA":14118.78,"ADPDEF_EXP":0.13,"EDUCAC_VA":10939.65,"EDUCAC_EXP":67.97,"SALUDH_VA":3359.51,"SALUDH_EXP":56.33,"ESPARC_VA":1129.7,"ESPARC_EXP":205.61,"OTRSER_VA":7488.64,"OTRSER_EXP":71.99,"SERHOG_VA":1769.69,"SERHOG_EXP":0.0}},{"type":"Feature","geometry":{"type":"Point","coordinates":[78.96,20.59]},"properties":{"id":"IND","name":"India","continent":"asia","year":2006,"AGRPFO_VA":125082.27,"AGRPFO_EXP":2411.06,"FORLOG_VA":18929.53,"FORLOG_EXP":1840.91,"PESCAC_VA":7468.52,"PESCAC_EXP":107.11,"MINCOL_VA":5628.34,"MINCOL_EXP":141.24,"PETGAS_VA":11034.48,"PETGAS_EXP":85.3,"MINORE_VA":3485.36,"MINORE_EXP":2122.45,"MINOTH_VA":467.91,"MINOTH_EXP":402.7,"MINSER_VA":5934.23,"MINSER_EXP":42.71,"ALYBEB_VA":26616.02,"ALYBEB_EXP":8900.02,"TEXYPR_VA":19236.86,"TEXYPR_EXP":15479.74,"MADYPR_VA":2381.59,"MADYPR_EXP":888.88,"PAPYPR_VA":4002.17,"PAPYPR_EXP":428.27,"PETREF_VA":14068.78,"PETREF_EXP":14777.45,"QUIMYP_VA":10647.44,"QUIMYP_EXP":7552.84,"FARMED_VA":7545.06,"FARMED_EXP":3496.63,"HUPLAS_VA":7864.81,"HUPLAS_EXP":2450.37,"PRNOMT_VA":9700.57,"PRNOMT_EXP":831.53,"METBAS_VA":12800.11,"METBAS_EXP":6391.27,"NONFER_VA":9109.26,"NONFER_EXP":2252.09,"PRMETA_VA":7914.38,"PRMETA_EXP":2277.94,"ELCTRO_VA":3798.12,"ELCTRO_EXP":1809.01,"ELCTRI_VA":6658.66,"ELCTRI_EXP":3261.43,"MAQYEQ_VA":12185.1,"MAQYEQ_EXP":5673.81,"AUTOMO_VA":9625.49,"AUTOMO_EXP":3643.1,"OTRTRA_VA":764.77,"OTRTRA_EXP":681.06,"TRANSP_VA":2901.84,"TRANSP_EXP":2093.66,"OTRMAN_VA":4748.02,"OTRMAN_EXP":9621.69,"ELEGAS_VA":17167.79,"ELEGAS_EXP":165.34,"AGUBAS_VA":2836.01,"AGUBAS_EXP":1.68,"CONSTR_VA":84309.7,"CONSTR_EXP":553.93,"COMREV_VA":80245.45,"COMREV_EXP":12190.25,"TRATIE_VA":39734.8,"TRATIE_EXP":5453.49,"TRAGUA_VA":861.58,"TRAGUA_EXP":675.7,"TRAAIR_VA":446.5,"TRAAIR_EXP":1958.29,"ALMSTR_VA":7104.28,"ALMSTR_EXP":3707.64,"POSTME_VA":2900.02,"POSTME_EXP":93.77,"HOTYRE_VA":9137.21,"HOTYRE_EXP":3187.21,"MMTVRA_VA":3671.1,"MMTVRA_EXP":2781.42,"TELECO_VA":11311.04,"TELECO_EXP":817.21,"ITSERV_VA":24417.14,"ITSERV_EXP":28876.92,"SERFIN_VA":48665.78,"SERFIN_EXP":2934.51,"GOBEST_VA":61173.34,"GOBEST_EXP":866.31,"SPRSCT_VA":2547.67,"SPRSCT_EXP":2996.02,"SEAEMP_VA":19384.51,"SEAEMP_EXP":13540.93,"ADPDEF_VA":44648.07,"ADPDEF_EXP":213.57,"EDUCAC_VA":23883.05,"EDUCAC_EXP":153.62,"SALUDH_VA":11718.5,"SALUDH_EXP":128.29,"ESPARC_VA":1774.78,"ESPARC_EXP":349.44,"OTRSER_VA":8623.8,"OTRSER_EXP":161.88,"SERHOG_VA":1480.39,"SERHOG_EXP":0.0}},{"type":"Feature","geometry":{"type":"Point","coordinates":[-7.69,53.14]},"properties":{"id":"IRL","name":"Irlanda","continent":"europe","year":2006,"AGRPFO_VA":1938.84,"AGRPFO_EXP":741.83,"FORLOG_VA":141.43,"FORLOG_EXP":32.29,"PESCAC_VA":152.79,"PESCAC_EXP":170.84,"MINCOL_VA":10.47,"MINCOL_EXP":15.22,"PETGAS_VA":37.2,"PETGAS_EXP":22.72,"MINORE_VA":626.33,"MINORE_EXP":717.74,"MINOTH_VA":500.01,"MINOTH_EXP":130.28,"MINSER_VA":26.72,"MINSER_EXP":90.3,"ALYBEB_VA":8073.98,"ALYBEB_EXP":14244.77,"TEXYPR_VA":353.37,"TEXYPR_EXP":386.46,"MADYPR_VA":683.59,"MADYPR_EXP":492.36,"PAPYPR_VA":1503.35,"PAPYPR_EXP":1361.23,"PETREF_VA":121.41,"PETREF_EXP":353.73,"QUIMYP_VA":911.71,"QUIMYP_EXP":1597.36,"FARMED_VA":15836.74,"FARMED_EXP":23403.63,"HUPLAS_VA":948.91,"HUPLAS_EXP":922.66,"PRNOMT_VA":1433.88,"PRNOMT_EXP":456.36,"METBAS_VA":388.11,"METBAS_EXP":370.09,"NONFER_VA":75.23,"NONFER_EXP":591.65,"PRMETA_VA":1237.81,"PRMETA_EXP":881.86,"ELCTRO_VA":7094.33,"ELCTRO_EXP":33173.62,"ELCTRI_VA":421.65,"ELCTRI_EXP":920.19,"MAQYEQ_VA":1706.57,"MAQYEQ_EXP":2549.76,"AUTOMO_VA":324.38,"AUTOMO_EXP":551.74,"OTRTRA_VA":12.95,"OTRTRA_EXP":13.59,"TRANSP_VA":236.56,"TRANSP_EXP":437.61,"OTRMAN_VA":4832.87,"OTRMAN_EXP":1919.88,"ELEGAS_VA":2382.58,"ELEGAS_EXP":193.6,"AGUBAS_VA":1500.22,"AGUBAS_EXP":0.07,"CONSTR_VA":22589.89,"CONSTR_EXP":0.21,"COMREV_VA":21274.67,"COMREV_EXP":11684.27,"TRATIE_VA":3107.87,"TRATIE_EXP":1468.9,"TRAGUA_VA":275.18,"TRAGUA_EXP":429.07,"TRAAIR_VA":1441.66,"TRAAIR_EXP":2795.37,"ALMSTR_VA":1618.98,"ALMSTR_EXP":314.71,"POSTME_VA":1247.9,"POSTME_EXP":876.04,"HOTYRE_VA":4845.59,"HOTYRE_EXP":1862.44,"MMTVRA_VA":5322.86,"MMTVRA_EXP":5049.95,"TELECO_VA":2812.19,"TELECO_EXP":347.25,"ITSERV_VA":5361.07,"ITSERV_EXP":14002.02,"SERFIN_VA":21195.1,"SERFIN_EXP":22113.39,"GOBEST_VA":14130.09,"GOBEST_EXP":859.58,"SPRSCT_VA":9365.76,"SPRSCT_EXP":7150.21,"SEAEMP_VA":7959.3,"SEAEMP_EXP":6043.54,"ADPDEF_VA":7989.41,"ADPDEF_EXP":0.23,"EDUCAC_VA":9803.19,"EDUCAC_EXP":113.47,"SALUDH_VA":13893.1,"SALUDH_EXP":57.41,"ESPARC_VA":3021.62,"ESPARC_EXP":216.51,"OTRSER_VA":1433.16,"OTRSER_EXP":53.5,"SERHOG_VA":245.62,"SERHOG_EXP":0.0}},{"type":"Feature","geometry":{"type":"Point","coordinates":[-19.02,64.96]},"properties":{"id":"ISL","name":"Islandia","continent":"europe","year":2006,"AGRPFO_VA":147.9,"AGRPFO_EXP":14.52,"FORLOG_VA":0.95,"FORLOG_EXP":0.09,"PESCAC_VA":673.43,"PESCAC_EXP":364.1,"MINCOL_VA":0.02,"MINCOL_EXP":0.0,"PETGAS_VA":0.5,"PETGAS_EXP":0.04,"MINORE_VA":0.0,"MINORE_EXP":0.0,"MINOTH_VA":17.9,"MINOTH_EXP":3.47,"MINSER_VA":0.05,"MINSER_EXP":0.0,"ALYBEB_VA":832.92,"ALYBEB_EXP":1260.41,"TEXYPR_VA":23.59,"TEXYPR_EXP":19.42,"MADYPR_VA":33.34,"MADYPR_EXP":0.34,"PAPYPR_VA":52.87,"PAPYPR_EXP":5.09,"PETREF_VA":0.09,"PETREF_EXP":0.01,"QUIMYP_VA":40.38,"QUIMYP_EXP":19.48,"FARMED_VA":48.53,"FARMED_EXP":6.02,"HUPLAS_VA":34.61,"HUPLAS_EXP":11.9,"PRNOMT_VA":128.41,"PRNOMT_EXP":2.29,"METBAS_VA":46.78,"METBAS_EXP":18.06,"NONFER_VA":335.06,"NONFER_EXP":703.58,"PRMETA_VA":127.12,"PRMETA_EXP":4.42,"ELCTRO_VA":8.87,"ELCTRO_EXP":1.46,"ELCTRI_VA":7.46,"ELCTRI_EXP":1.27,"MAQYEQ_VA":72.35,"MAQYEQ_EXP":61.12,"AUTOMO_VA":5.39,"AUTOMO_EXP":0.78,"OTRTRA_VA":1.9,"OTRTRA_EXP":4.92,"TRANSP_VA":17.42,"TRANSP_EXP":0.23,"OTRMAN_VA":206.17,"OTRMAN_EXP":18.49,"ELEGAS_VA":512.87,"ELEGAS_EXP":0.09,"AGUBAS_VA":98.37,"AGUBAS_EXP":0.2,"CONSTR_VA":1698.85,"CONSTR_EXP":0.15,"COMREV_VA":1466.99,"COMREV_EXP":374.59,"TRATIE_VA":155.1,"TRATIE_EXP":34.26,"TRAGUA_VA":107.32,"TRAGUA_EXP":214.91,"TRAAIR_VA":208.34,"TRAAIR_EXP":1041.59,"ALMSTR_VA":91.4,"ALMSTR_EXP":103.64,"POSTME_VA":55.16,"POSTME_EXP":3.92,"HOTYRE_VA":498.93,"HOTYRE_EXP":125.81,"MMTVRA_VA":272.82,"MMTVRA_EXP":29.31,"TELECO_VA":270.81,"TELECO_EXP":21.03,"ITSERV_VA":233.87,"ITSERV_EXP":93.26,"SERFIN_VA":1685.29,"SERFIN_EXP":115.13,"GOBEST_VA":1359.57,"GOBEST_EXP":1.82,"SPRSCT_VA":582.66,"SPRSCT_EXP":157.8,"SEAEMP_VA":313.13,"SEAEMP_EXP":111.83,"ADPDEF_VA":799.64,"ADPDEF_EXP":0.39,"EDUCAC_VA":857.74,"EDUCAC_EXP":0.66,"SALUDH_VA":1273.6,"SALUDH_EXP":0.99,"ESPARC_VA":113.13,"ESPARC_EXP":55.6,"OTRSER_VA":191.38,"OTRSER_EXP":12.41,"SERHOG_VA":10.46,"SERHOG_EXP":0.0}},{"type":"Feature","geometry":{"type":"Point","coordinates":[34.85,31.05]},"properties":{"id":"ISR","name":"Israel","continent":"other","year":2006,"AGRPFO_VA":2278.49,"AGRPFO_EXP":1321.84,"FORLOG_VA":11.52,"FORLOG_EXP":16.08,"PESCAC_VA":27.35,"PESCAC_EXP":22.26,"MINCOL_VA":0.0,"MINCOL_EXP":0.0,"PETGAS_VA":203.98,"PETGAS_EXP":3.01,"MINORE_VA":0.0,"MINORE_EXP":0.0,"MINOTH_VA":603.26,"MINOTH_EXP":771.58,"MINSER_VA":46.99,"MINSER_EXP":43.29,"ALYBEB_VA":2214.01,"ALYBEB_EXP":1147.21,"TEXYPR_VA":476.43,"TEXYPR_EXP":575.47,"MADYPR_VA":80.01,"MADYPR_EXP":27.14,"PAPYPR_VA":670.16,"PAPYPR_EXP":316.45,"PETREF_VA":2076.74,"PETREF_EXP":3000.36,"QUIMYP_VA":2675.71,"QUIMYP_EXP":4780.4,"FARMED_VA":2126.84,"FARMED_EXP":2135.56,"HUPLAS_VA":1156.04,"HUPLAS_EXP":1935.9,"PRNOMT_VA":754.88,"PRNOMT_EXP":411.72,"METBAS_VA":220.15,"METBAS_EXP":318.98,"NONFER_VA":89.77,"NONFER_EXP":218.32,"PRMETA_VA":1838.66,"PRMETA_EXP":1437.2,"ELCTRO_VA":4767.98,"ELCTRO_EXP":5730.07,"ELCTRI_VA":387.29,"ELCTRI_EXP":776.74,"MAQYEQ_VA":942.31,"MAQYEQ_EXP":1835.94,"AUTOMO_VA":191.13,"AUTOMO_EXP":449.67,"OTRTRA_VA":8.77,"OTRTRA_EXP":21.14,"TRANSP_VA":819.47,"TRANSP_EXP":1672.54,"OTRMAN_VA":815.36,"OTRMAN_EXP":1490.36,"ELEGAS_VA":678.98,"ELEGAS_EXP":0.44,"AGUBAS_VA":1323.13,"AGUBAS_EXP":1.0,"CONSTR_VA":6963.99,"CONSTR_EXP":7.68,"COMREV_VA":12593.94,"COMREV_EXP":5384.37,"TRATIE_VA":3282.66,"TRATIE_EXP":589.55,"TRAGUA_VA":541.85,"TRAGUA_EXP":742.62,"TRAAIR_VA":1461.04,"TRAAIR_EXP":1983.08,"ALMSTR_VA":470.36,"ALMSTR_EXP":671.7,"POSTME_VA":428.32,"POSTME_EXP":72.08,"HOTYRE_VA":3027.23,"HOTYRE_EXP":863.03,"MMTVRA_VA":847.19,"MMTVRA_EXP":428.79,"TELECO_VA":3731.04,"TELECO_EXP":421.47,"ITSERV_VA":5931.9,"ITSERV_EXP":6439.92,"SERFIN_VA":8727.62,"SERFIN_EXP":2598.95,"GOBEST_VA":22338.2,"GOBEST_EXP":836.49,"SPRSCT_VA":9395.72,"SPRSCT_EXP":1738.69,"SEAEMP_VA":5135.75,"SEAEMP_EXP":464.82,"ADPDEF_VA":13006.11,"ADPDEF_EXP":4.48,"EDUCAC_VA":8605.85,"EDUCAC_EXP":22.23,"SALUDH_VA":8694.14,"SALUDH_EXP":110.82,"ESPARC_VA":2356.47,"ESPARC_EXP":204.66,"OTRSER_VA":1955.63,"OTRSER_EXP":70.34,"SERHOG_VA":276.73,"SERHOG_EXP":0.0}},{"type":"Feature","geometry":{"type":"Point","coordinates":[12.57,41.87]},"properties":{"id":"ITA","name":"Italia","continent":"europe","year":2006,"AGRPFO_VA":35352.82,"AGRPFO_EXP":4620.53,"FORLOG_VA":1884.65,"FORLOG_EXP":132.56,"PESCAC_VA":2163.97,"PESCAC_EXP":260.09,"MINCOL_VA":5.7,"MINCOL_EXP":2.63,"PETGAS_VA":5321.29,"PETGAS_EXP":1012.39,"MINORE_VA":0.8,"MINORE_EXP":0.17,"MINOTH_VA":1540.66,"MINOTH_EXP":380.53,"MINSER_VA":274.99,"MINSER_EXP":73.8,"ALYBEB_VA":31655.63,"ALYBEB_EXP":18130.23,"TEXYPR_VA":33370.52,"TEXYPR_EXP":37203.39,"MADYPR_VA":8926.84,"MADYPR_EXP":2488.45,"PAPYPR_VA":14495.42,"PAPYPR_EXP":5120.14,"PETREF_VA":6553.53,"PETREF_EXP":12026.22,"QUIMYP_VA":12980.86,"QUIMYP_EXP":19889.86,"FARMED_VA":10036.39,"FARMED_EXP":10393.61,"HUPLAS_VA":14445.12,"HUPLAS_EXP":13523.35,"PRNOMT_VA":19314.0,"PRNOMT_EXP":9022.57,"METBAS_VA":10383.04,"METBAS_EXP":17016.7,"NONFER_VA":3564.13,"NONFER_EXP":8067.37,"PRMETA_VA":38753.82,"PRMETA_EXP":20866.88,"ELCTRO_VA":10990.03,"ELCTRO_EXP":15471.4,"ELCTRI_VA":15117.31,"ELCTRI_EXP":14819.97,"MAQYEQ_VA":40996.52,"MAQYEQ_EXP":62019.91,"AUTOMO_VA":16544.74,"AUTOMO_EXP":26006.89,"OTRTRA_VA":3768.81,"OTRTRA_EXP":3230.25,"TRANSP_VA":5152.97,"TRANSP_EXP":5181.28,"OTRMAN_VA":28820.74,"OTRMAN_EXP":15725.06,"ELEGAS_VA":28623.28,"ELEGAS_EXP":1230.92,"AGUBAS_VA":13673.3,"AGUBAS_EXP":166.59,"CONSTR_VA":110124.17,"CONSTR_EXP":1280.99,"COMREV_VA":213439.49,"COMREV_EXP":66013.82,"TRATIE_VA":52548.6,"TRATIE_EXP":16132.24,"TRAGUA_VA":4202.01,"TRAGUA_EXP":6704.56,"TRAAIR_VA":2895.48,"TRAAIR_EXP":5100.4,"ALMSTR_VA":31407.83,"ALMSTR_EXP":8324.36,"POSTME_VA":5631.19,"POSTME_EXP":352.08,"HOTYRE_VA":63825.48,"HOTYRE_EXP":14261.25,"MMTVRA_VA":14195.51,"MMTVRA_EXP":3044.51,"TELECO_VA":35212.31,"TELECO_EXP":5115.93,"ITSERV_VA":27984.93,"ITSERV_EXP":2449.42,"SERFIN_VA":93614.23,"SERFIN_EXP":8558.65,"GOBEST_VA":211455.01,"GOBEST_EXP":3345.59,"SPRSCT_VA":117851.2,"SPRSCT_EXP":14191.72,"SEAEMP_VA":50259.38,"SEAEMP_EXP":10363.49,"ADPDEF_VA":120702.63,"ADPDEF_EXP":66.22,"EDUCAC_VA":80383.23,"EDUCAC_EXP":814.62,"SALUDH_VA":99352.25,"SALUDH_EXP":679.28,"ESPARC_VA":17917.68,"ESPARC_EXP":1711.32,"OTRSER_VA":29784.37,"OTRSER_EXP":1504.51,"SERHOG_VA":18635.18,"SERHOG_EXP":0.0}},{"type":"Feature","geometry":{"type":"Point","coordinates":[36.24,30.59]},"properties":{"id":"JOR","name":"Jordania","continent":"other","year":2006,"AGRPFO_VA":503.54,"AGRPFO_EXP":409.04,"FORLOG_VA":42.62,"FORLOG_EXP":0.14,"PESCAC_VA":1.19,"PESCAC_EXP":0.22,"MINCOL_VA":78.07,"MINCOL_EXP":0.03,"PETGAS_VA":83.03,"PETGAS_EXP":0.28,"MINORE_VA":65.2,"MINORE_EXP":2.55,"MINOTH_VA":114.27,"MINOTH_EXP":177.02,"MINSER_VA":65.18,"MINSER_EXP":4.38,"ALYBEB_VA":928.32,"ALYBEB_EXP":426.36,"TEXYPR_VA":452.58,"TEXYPR_EXP":987.46,"MADYPR_VA":20.54,"MADYPR_EXP":11.98,"PAPYPR_VA":110.2,"PAPYPR_EXP":79.48,"PETREF_VA":115.5,"PETREF_EXP":64.66,"QUIMYP_VA":214.26,"QUIMYP_EXP":524.9,"FARMED_VA":188.73,"FARMED_EXP":270.8,"HUPLAS_VA":69.78,"HUPLAS_EXP":68.09,"PRNOMT_VA":277.78,"PRNOMT_EXP":21.58,"METBAS_VA":35.19,"METBAS_EXP":37.14,"NONFER_VA":71.25,"NONFER_EXP":70.83,"PRMETA_VA":151.09,"PRMETA_EXP":110.43,"ELCTRO_VA":14.8,"ELCTRO_EXP":11.04,"ELCTRI_VA":75.8,"ELCTRI_EXP":88.18,"MAQYEQ_VA":49.22,"MAQYEQ_EXP":83.68,"AUTOMO_VA":26.14,"AUTOMO_EXP":34.59,"OTRTRA_VA":3.6,"OTRTRA_EXP":0.36,"TRANSP_VA":6.5,"TRANSP_EXP":0.31,"OTRMAN_VA":79.09,"OTRMAN_EXP":122.34,"ELEGAS_VA":128.49,"ELEGAS_EXP":5.69,"AGUBAS_VA":175.35,"AGUBAS_EXP":0.6,"CONSTR_VA":499.12,"CONSTR_EXP":0.48,"COMREV_VA":1330.22,"COMREV_EXP":480.1,"TRATIE_VA":567.1,"TRATIE_EXP":186.66,"TRAGUA_VA":22.98,"TRAGUA_EXP":30.16,"TRAAIR_VA":90.61,"TRAAIR_EXP":477.58,"ALMSTR_VA":151.41,"ALMSTR_EXP":76.91,"POSTME_VA":7.32,"POSTME_EXP":15.39,"HOTYRE_VA":263.02,"HOTYRE_EXP":258.2,"MMTVRA_VA":72.11,"MMTVRA_EXP":83.73,"TELECO_VA":530.85,"TELECO_EXP":127.15,"ITSERV_VA":79.3,"ITSERV_EXP":8.75,"SERFIN_VA":739.67,"SERFIN_EXP":194.81,"GOBEST_VA":1633.8,"GOBEST_EXP":66.34,"SPRSCT_VA":159.43,"SPRSCT_EXP":174.72,"SEAEMP_VA":129.03,"SEAEMP_EXP":239.76,"ADPDEF_VA":1353.44,"ADPDEF_EXP":1.1,"EDUCAC_VA":1312.25,"EDUCAC_EXP":211.42,"SALUDH_VA":441.95,"SALUDH_EXP":181.96,"ESPARC_VA":43.1,"ESPARC_EXP":93.13,"OTRSER_VA":122.57,"OTRSER_EXP":13.52,"SERHOG_VA":336.0,"SERHOG_EXP":0.0}},{"type":"Feature","geometry":{"type":"Point","coordinates":[138.25,36.2]},"properties":{"id":"JPN","name":"Japón","continent":"asia","year":2006,"AGRPFO_VA":39380.64,"AGRPFO_EXP":197.77,"FORLOG_VA":1462.14,"FORLOG_EXP":16.17,"PESCAC_VA":6544.23,"PESCAC_EXP":308.23,"MINCOL_VA":508.64,"MINCOL_EXP":0.68,"PETGAS_VA":520.31,"PETGAS_EXP":0.2,"MINORE_VA":1222.84,"MINORE_EXP":91.61,"MINOTH_VA":836.57,"MINOTH_EXP":287.98,"MINSER_VA":791.31,"MINSER_EXP":202.96,"ALYBEB_VA":106382.3,"ALYBEB_EXP":2390.95,"TEXYPR_VA":16299.69,"TEXYPR_EXP":5219.23,"MADYPR_VA":7657.03,"MADYPR_EXP":148.04,"PAPYPR_VA":48842.05,"PAPYPR_EXP":586.62,"PETREF_VA":43047.93,"PETREF_EXP":7478.2,"QUIMYP_VA":48499.1,"QUIMYP_EXP":31237.48,"FARMED_VA":35708.92,"FARMED_EXP":3020.46,"HUPLAS_VA":41480.55,"HUPLAS_EXP":14412.27,"PRNOMT_VA":29191.58,"PRNOMT_EXP":5743.48,"METBAS_VA":55484.71,"METBAS_EXP":23832.84,"NONFER_VA":18258.45,"NONFER_EXP":15950.85,"PRMETA_VA":45157.54,"PRMETA_EXP":3618.39,"ELCTRO_VA":106926.16,"ELCTRO_EXP":101421.82,"ELCTRI_VA":62271.36,"ELCTRI_EXP":32543.13,"MAQYEQ_VA":128393.27,"MAQYEQ_EXP":71122.66,"AUTOMO_VA":117978.06,"AUTOMO_EXP":144040.74,"OTRTRA_VA":7255.91,"OTRTRA_EXP":14401.6,"TRANSP_VA":12175.69,"TRANSP_EXP":6415.54,"OTRMAN_VA":112989.28,"OTRMAN_EXP":6413.17,"ELEGAS_VA":61031.43,"ELEGAS_EXP":16.84,"AGUBAS_VA":62643.38,"AGUBAS_EXP":92.73,"CONSTR_VA":238060.75,"CONSTR_EXP":58.38,"COMREV_VA":597364.12,"COMREV_EXP":97151.97,"TRATIE_VA":145190.95,"TRATIE_EXP":19045.44,"TRAGUA_VA":7786.96,"TRAGUA_EXP":6565.98,"TRAAIR_VA":7816.92,"TRAAIR_EXP":4966.98,"ALMSTR_VA":54993.36,"ALMSTR_EXP":6508.87,"POSTME_VA":12583.08,"POSTME_EXP":288.73,"HOTYRE_VA":123151.78,"HOTYRE_EXP":2420.71,"MMTVRA_VA":36693.06,"MMTVRA_EXP":4166.92,"TELECO_VA":81438.16,"TELECO_EXP":622.82,"ITSERV_VA":120416.68,"ITSERV_EXP":3156.53,"SERFIN_VA":238851.92,"SERFIN_EXP":21166.0,"GOBEST_VA":479057.74,"GOBEST_EXP":1553.54,"SPRSCT_VA":202663.55,"SPRSCT_EXP":10635.75,"SEAEMP_VA":124859.28,"SEAEMP_EXP":30961.02,"ADPDEF_VA":214573.52,"ADPDEF_EXP":32.56,"EDUCAC_VA":153127.08,"EDUCAC_EXP":69.05,"SALUDH_VA":247506.97,"SALUDH_EXP":49.59,"ESPARC_VA":49291.16,"ESPARC_EXP":406.18,"OTRSER_VA":92652.04,"OTRSER_EXP":40.22,"SERHOG_VA":0.0,"SERHOG_EXP":0.0}},{"type":"Feature","geometry":{"type":"Point","coordinates":[66.92,48.02]},"properties":{"id":"KAZ","name":"Kazajistán","continent":"asia","year":2006,"AGRPFO_VA":4412.02,"AGRPFO_EXP":581.09,"FORLOG_VA":16.04,"FORLOG_EXP":0.1,"PESCAC_VA":16.17,"PESCAC_EXP":0.64,"MINCOL_VA":400.21,"MINCOL_EXP":420.36,"PETGAS_VA":13374.31,"PETGAS_EXP":25004.62,"MINORE_VA":1695.84,"MINORE_EXP":1048.59,"MINOTH_VA":164.67,"MINOTH_EXP":73.96,"MINSER_VA":627.42,"MINSER_EXP":36.89,"ALYBEB_VA":1731.58,"ALYBEB_EXP":248.39,"TEXYPR_VA":103.76,"TEXYPR_EXP":72.95,"MADYPR_VA":25.96,"MADYPR_EXP":1.08,"PAPYPR_VA":121.38,"PAPYPR_EXP":18.51,"PETREF_VA":1326.03,"PETREF_EXP":1201.44,"QUIMYP_VA":267.17,"QUIMYP_EXP":520.11,"FARMED_VA":37.38,"FARMED_EXP":12.07,"HUPLAS_VA":172.92,"HUPLAS_EXP":25.72,"PRNOMT_VA":463.47,"PRNOMT_EXP":14.4,"METBAS_VA":1547.57,"METBAS_EXP":2373.81,"NONFER_VA":3074.73,"NONFER_EXP":1712.1,"PRMETA_VA":213.58,"PRMETA_EXP":48.11,"ELCTRO_VA":31.66,"ELCTRO_EXP":23.58,"ELCTRI_VA":99.0,"ELCTRI_EXP":46.75,"MAQYEQ_VA":133.26,"MAQYEQ_EXP":197.0,"AUTOMO_VA":54.81,"AUTOMO_EXP":14.24,"OTRTRA_VA":13.58,"OTRTRA_EXP":24.66,"TRANSP_VA":23.96,"TRANSP_EXP":38.29,"OTRMAN_VA":548.8,"OTRMAN_EXP":10.63,"ELEGAS_VA":1273.79,"ELEGAS_EXP":46.27,"AGUBAS_VA":213.62,"AGUBAS_EXP":0.28,"CONSTR_VA":5316.73,"CONSTR_EXP":0.17,"COMREV_VA":12222.56,"COMREV_EXP":3614.34,"TRATIE_VA":4122.96,"TRATIE_EXP":1575.0,"TRAGUA_VA":79.1,"TRAGUA_EXP":55.47,"TRAAIR_VA":319.83,"TRAAIR_EXP":134.95,"ALMSTR_VA":1613.8,"ALMSTR_EXP":224.53,"POSTME_VA":75.31,"POSTME_EXP":4.67,"HOTYRE_VA":755.52,"HOTYRE_EXP":261.85,"MMTVRA_VA":244.71,"MMTVRA_EXP":40.55,"TELECO_VA":1854.62,"TELECO_EXP":115.32,"ITSERV_VA":576.73,"ITSERV_EXP":2.08,"SERFIN_VA":1739.57,"SERFIN_EXP":61.45,"GOBEST_VA":6719.57,"GOBEST_EXP":196.67,"SPRSCT_VA":3989.92,"SPRSCT_EXP":156.79,"SEAEMP_VA":1542.87,"SEAEMP_EXP":261.01,"ADPDEF_VA":1436.82,"ADPDEF_EXP":0.31,"EDUCAC_VA":2234.13,"EDUCAC_EXP":7.11,"SALUDH_VA":1559.26,"SALUDH_EXP":10.33,"ESPARC_VA":260.72,"ESPARC_EXP":26.7,"OTRSER_VA":1092.52,"OTRSER_EXP":13.73,"SERHOG_VA":51.12,"SERHOG_EXP":0.0}},{"type":"Feature","geometry":{"type":"Point","coordinates":[104.99,12.57]},"properties":{"id":"KHM","name":"Camboya","continent":"asia","year":2006,"AGRPFO_VA":1393.02,"AGRPFO_EXP":1053.62,"FORLOG_VA":215.18,"FORLOG_EXP":1.69,"PESCAC_VA":514.82,"PESCAC_EXP":115.08,"MINCOL_VA":0.0,"MINCOL_EXP":0.0,"PETGAS_VA":0.0,"PETGAS_EXP":0.0,"MINORE_VA":13.81,"MINORE_EXP":0.23,"MINOTH_VA":20.29,"MINOTH_EXP":0.48,"MINSER_VA":9.53,"MINSER_EXP":0.2,"ALYBEB_VA":149.1,"ALYBEB_EXP":230.41,"TEXYPR_VA":882.09,"TEXYPR_EXP":1650.7,"MADYPR_VA":13.93,"MADYPR_EXP":24.17,"PAPYPR_VA":18.27,"PAPYPR_EXP":21.09,"PETREF_VA":4.0,"PETREF_EXP":15.15,"QUIMYP_VA":14.83,"QUIMYP_EXP":4.96,"FARMED_VA":8.09,"FARMED_EXP":2.83,"HUPLAS_VA":29.86,"HUPLAS_EXP":16.69,"PRNOMT_VA":40.12,"PRNOMT_EXP":0.88,"METBAS_VA":442.52,"METBAS_EXP":0.21,"NONFER_VA":9.3,"NONFER_EXP":8.04,"PRMETA_VA":36.3,"PRMETA_EXP":9.23,"ELCTRO_VA":0.04,"ELCTRO_EXP":0.02,"ELCTRI_VA":0.04,"ELCTRI_EXP":0.02,"MAQYEQ_VA":1.09,"MAQYEQ_EXP":1.89,"AUTOMO_VA":9.46,"AUTOMO_EXP":9.79,"OTRTRA_VA":1.44,"OTRTRA_EXP":2.87,"TRANSP_VA":2.27,"TRANSP_EXP":4.33,"OTRMAN_VA":44.52,"OTRMAN_EXP":48.17,"ELEGAS_VA":22.39,"ELEGAS_EXP":0.4,"AGUBAS_VA":21.42,"AGUBAS_EXP":0.44,"CONSTR_VA":472.84,"CONSTR_EXP":1.09,"COMREV_VA":722.34,"COMREV_EXP":295.33,"TRATIE_VA":191.18,"TRATIE_EXP":181.25,"TRAGUA_VA":31.59,"TRAGUA_EXP":42.87,"TRAAIR_VA":32.59,"TRAAIR_EXP":58.92,"ALMSTR_VA":98.91,"ALMSTR_EXP":123.37,"POSTME_VA":32.69,"POSTME_EXP":12.12,"HOTYRE_VA":316.87,"HOTYRE_EXP":283.7,"MMTVRA_VA":36.69,"MMTVRA_EXP":53.57,"TELECO_VA":121.82,"TELECO_EXP":52.29,"ITSERV_VA":25.19,"ITSERV_EXP":12.16,"SERFIN_VA":120.7,"SERFIN_EXP":27.57,"GOBEST_VA":448.03,"GOBEST_EXP":68.33,"SPRSCT_VA":71.85,"SPRSCT_EXP":25.3,"SEAEMP_VA":54.24,"SEAEMP_EXP":25.94,"ADPDEF_VA":124.31,"ADPDEF_EXP":0.69,"EDUCAC_VA":114.19,"EDUCAC_EXP":19.13,"SALUDH_VA":175.82,"SALUDH_EXP":15.75,"ESPARC_VA":62.03,"ESPARC_EXP":51.44,"OTRSER_VA":123.7,"OTRSER_EXP":21.19,"SERHOG_VA":0.0,"SERHOG_EXP":0.0}},{"type":"Feature","geometry":{"type":"Point","coordinates":[127.77,35.91]},"properties":{"id":"KOR","name":"Corea del Sur","continent":"asia","year":2006,"AGRPFO_VA":21357.2,"AGRPFO_EXP":252.53,"FORLOG_VA":1572.2,"FORLOG_EXP":45.85,"PESCAC_VA":2384.4,"PESCAC_EXP":151.83,"MINCOL_VA":244.45,"MINCOL_EXP":10.69,"PETGAS_VA":127.11,"PETGAS_EXP":1.36,"MINORE_VA":30.48,"MINORE_EXP":4.19,"MINOTH_VA":1322.67,"MINOTH_EXP":98.27,"MINSER_VA":13.0,"MINSER_EXP":5.55,"ALYBEB_VA":13492.39,"ALYBEB_EXP":2859.51,"TEXYPR_VA":12842.12,"TEXYPR_EXP":10671.51,"MADYPR_VA":1627.97,"MADYPR_EXP":68.2,"PAPYPR_VA":8259.16,"PAPYPR_EXP":2160.87,"PETREF_VA":12346.7,"PETREF_EXP":31203.86,"QUIMYP_VA":20916.32,"QUIMYP_EXP":17438.83,"FARMED_VA":6181.33,"FARMED_EXP":945.2,"HUPLAS_VA":15521.27,"HUPLAS_EXP":6349.65,"PRNOMT_VA":8874.85,"PRNOMT_EXP":1260.71,"METBAS_VA":18923.23,"METBAS_EXP":14411.36,"NONFER_VA":4801.38,"NONFER_EXP":7729.26,"PRMETA_VA":17742.72,"PRMETA_EXP":6855.6,"ELCTRO_VA":61739.59,"ELCTRO_EXP":99692.19,"ELCTRI_VA":14409.18,"ELCTRI_EXP":6907.66,"MAQYEQ_VA":22268.84,"MAQYEQ_EXP":17341.24,"AUTOMO_VA":25029.54,"AUTOMO_EXP":38874.31,"OTRTRA_VA":9715.55,"OTRTRA_EXP":20994.42,"TRANSP_VA":1361.16,"TRANSP_EXP":1212.33,"OTRMAN_VA":5497.39,"OTRMAN_EXP":2641.24,"ELEGAS_VA":17339.29,"ELEGAS_EXP":13.24,"AGUBAS_VA":5164.1,"AGUBAS_EXP":6.03,"CONSTR_VA":58717.66,"CONSTR_EXP":0.23,"COMREV_VA":94817.95,"COMREV_EXP":27120.41,"TRATIE_VA":11929.22,"TRATIE_EXP":1131.57,"TRAGUA_VA":6777.22,"TRAGUA_EXP":6749.81,"TRAAIR_VA":9763.09,"TRAAIR_EXP":6151.01,"ALMSTR_VA":8787.33,"ALMSTR_EXP":764.83,"POSTME_VA":3470.67,"POSTME_EXP":585.18,"HOTYRE_VA":27683.16,"HOTYRE_EXP":1370.33,"MMTVRA_VA":12659.33,"MMTVRA_EXP":1143.08,"TELECO_VA":22064.3,"TELECO_EXP":642.91,"ITSERV_VA":17451.13,"ITSERV_EXP":923.77,"SERFIN_VA":59407.06,"SERFIN_EXP":5886.96,"GOBEST_VA":85064.18,"GOBEST_EXP":748.37,"SPRSCT_VA":50995.93,"SPRSCT_EXP":8069.89,"SEAEMP_VA":27334.88,"SEAEMP_EXP":7822.76,"ADPDEF_VA":56179.31,"ADPDEF_EXP":24.96,"EDUCAC_VA":52004.82,"EDUCAC_EXP":104.7,"SALUDH_VA":31149.83,"SALUDH_EXP":55.65,"ESPARC_VA":10513.37,"ESPARC_EXP":2073.65,"OTRSER_VA":13899.89,"OTRSER_EXP":93.5,"SERHOG_VA":1304.39,"SERHOG_EXP":0.0}},{"type":"Feature","geometry":{"type":"Point","coordinates":[102.5,19.86]},"properties":{"id":"LAO","name":"Laos","continent":"asia","year":2006,"AGRPFO_VA":567.59,"AGRPFO_EXP":280.01,"FORLOG_VA":98.08,"FORLOG_EXP":63.03,"PESCAC_VA":94.45,"PESCAC_EXP":0.32,"MINCOL_VA":32.29,"MINCOL_EXP":7.86,"PETGAS_VA":28.77,"PETGAS_EXP":0.15,"MINORE_VA":120.41,"MINORE_EXP":9.15,"MINOTH_VA":62.73,"MINOTH_EXP":8.32,"MINSER_VA":22.78,"MINSER_EXP":0.22,"ALYBEB_VA":130.78,"ALYBEB_EXP":62.04,"TEXYPR_VA":55.78,"TEXYPR_EXP":52.77,"MADYPR_VA":38.14,"MADYPR_EXP":65.22,"PAPYPR_VA":0.82,"PAPYPR_EXP":0.92,"PETREF_VA":15.58,"PETREF_EXP":0.26,"QUIMYP_VA":6.67,"QUIMYP_EXP":11.74,"FARMED_VA":4.25,"FARMED_EXP":1.46,"HUPLAS_VA":2.15,"HUPLAS_EXP":0.9,"PRNOMT_VA":30.68,"PRNOMT_EXP":2.03,"METBAS_VA":0.52,"METBAS_EXP":0.17,"NONFER_VA":0.51,"NONFER_EXP":0.78,"PRMETA_VA":10.89,"PRMETA_EXP":1.05,"ELCTRO_VA":0.87,"ELCTRO_EXP":1.86,"ELCTRI_VA":0.58,"ELCTRI_EXP":1.11,"MAQYEQ_VA":0.04,"MAQYEQ_EXP":0.01,"AUTOMO_VA":0.15,"AUTOMO_EXP":0.14,"OTRTRA_VA":0.08,"OTRTRA_EXP":0.06,"TRANSP_VA":0.08,"TRANSP_EXP":0.04,"OTRMAN_VA":23.78,"OTRMAN_EXP":15.81,"ELEGAS_VA":274.76,"ELEGAS_EXP":271.45,"AGUBAS_VA":46.24,"AGUBAS_EXP":0.44,"CONSTR_VA":170.96,"CONSTR_EXP":0.77,"COMREV_VA":453.56,"COMREV_EXP":95.92,"TRATIE_VA":67.2,"TRATIE_EXP":26.8,"TRAGUA_VA":4.1,"TRAGUA_EXP":4.1,"TRAAIR_VA":7.99,"TRAAIR_EXP":15.79,"ALMSTR_VA":11.36,"ALMSTR_EXP":1.52,"POSTME_VA":13.32,"POSTME_EXP":2.4,"HOTYRE_VA":61.8,"HOTYRE_EXP":58.7,"MMTVRA_VA":5.56,"MMTVRA_EXP":3.77,"TELECO_VA":58.3,"TELECO_EXP":7.69,"ITSERV_VA":5.75,"ITSERV_EXP":5.59,"SERFIN_VA":150.26,"SERFIN_EXP":21.85,"GOBEST_VA":157.47,"GOBEST_EXP":14.13,"SPRSCT_VA":21.44,"SPRSCT_EXP":15.68,"SEAEMP_VA":9.64,"SEAEMP_EXP":8.22,"ADPDEF_VA":212.57,"ADPDEF_EXP":0.64,"EDUCAC_VA":64.35,"EDUCAC_EXP":4.18,"SALUDH_VA":10.71,"SALUDH_EXP":3.16,"ESPARC_VA":10.37,"ESPARC_EXP":8.55,"OTRSER_VA":123.19,"OTRSER_EXP":4.43,"SERHOG_VA":15.91,"SERHOG_EXP":0.0}},{"type":"Feature","geometry":{"type":"Point","coordinates":[23.88,55.17]},"properties":{"id":"LTU","name":"Lituania","continent":"europe","year":2006,"AGRPFO_VA":1026.58,"AGRPFO_EXP":365.89,"FORLOG_VA":137.69,"FORLOG_EXP":55.07,"PESCAC_VA":22.75,"PESCAC_EXP":6.43,"MINCOL_VA":16.43,"MINCOL_EXP":9.49,"PETGAS_VA":60.2,"PETGAS_EXP":13.51,"MINORE_VA":4.21,"MINORE_EXP":0.56,"MINOTH_VA":40.29,"MINOTH_EXP":41.97,"MINSER_VA":19.89,"MINSER_EXP":1.91,"ALYBEB_VA":1054.56,"ALYBEB_EXP":905.52,"TEXYPR_VA":578.3,"TEXYPR_EXP":542.99,"MADYPR_VA":447.38,"MADYPR_EXP":389.4,"PAPYPR_VA":177.46,"PAPYPR_EXP":54.49,"PETREF_VA":1398.72,"PETREF_EXP":2554.5,"QUIMYP_VA":423.45,"QUIMYP_EXP":794.14,"FARMED_VA":17.76,"FARMED_EXP":14.82,"HUPLAS_VA":372.33,"HUPLAS_EXP":293.86,"PRNOMT_VA":317.02,"PRNOMT_EXP":117.79,"METBAS_VA":11.72,"METBAS_EXP":27.16,"NONFER_VA":1.25,"NONFER_EXP":2.11,"PRMETA_VA":291.77,"PRMETA_EXP":220.56,"ELCTRO_VA":160.36,"ELCTRO_EXP":192.78,"ELCTRI_VA":117.85,"ELCTRI_EXP":130.43,"MAQYEQ_VA":105.82,"MAQYEQ_EXP":174.32,"AUTOMO_VA":129.54,"AUTOMO_EXP":105.85,"OTRTRA_VA":66.72,"OTRTRA_EXP":78.28,"TRANSP_VA":30.93,"TRANSP_EXP":80.71,"OTRMAN_VA":639.03,"OTRMAN_EXP":536.37,"ELEGAS_VA":906.58,"ELEGAS_EXP":48.82,"AGUBAS_VA":200.13,"AGUBAS_EXP":4.48,"CONSTR_VA":2643.09,"CONSTR_EXP":75.52,"COMREV_VA":4591.07,"COMREV_EXP":1697.54,"TRATIE_VA":1783.46,"TRATIE_EXP":1714.13,"TRAGUA_VA":103.53,"TRAGUA_EXP":77.88,"TRAAIR_VA":58.4,"TRAAIR_EXP":107.68,"ALMSTR_VA":789.06,"ALMSTR_EXP":678.02,"POSTME_VA":65.83,"POSTME_EXP":12.48,"HOTYRE_VA":382.29,"HOTYRE_EXP":157.6,"MMTVRA_VA":231.41,"MMTVRA_EXP":39.89,"TELECO_VA":697.41,"TELECO_EXP":113.04,"ITSERV_VA":167.66,"ITSERV_EXP":34.54,"SERFIN_VA":796.03,"SERFIN_EXP":72.72,"GOBEST_VA":1790.72,"GOBEST_EXP":65.7,"SPRSCT_VA":980.11,"SPRSCT_EXP":146.55,"SEAEMP_VA":497.72,"SEAEMP_EXP":98.1,"ADPDEF_VA":1965.4,"ADPDEF_EXP":3.84,"EDUCAC_VA":1210.37,"EDUCAC_EXP":19.14,"SALUDH_VA":829.49,"SALUDH_EXP":15.27,"ESPARC_VA":274.55,"ESPARC_EXP":94.32,"OTRSER_VA":264.85,"OTRSER_EXP":24.68,"SERHOG_VA":31.02,"SERHOG_EXP":0.0}},{"type":"Feature","geometry":{"type":"Point","coordinates":[6.13,49.82]},"properties":{"id":"LUX","name":"Luxemburgo","continent":"europe","year":2006,"AGRPFO_VA":141.74,"AGRPFO_EXP":303.35,"FORLOG_VA":6.31,"FORLOG_EXP":13.57,"PESCAC_VA":0.0,"PESCAC_EXP":0.0,"MINCOL_VA":0.0,"MINCOL_EXP":0.0,"PETGAS_VA":0.0,"PETGAS_EXP":0.0,"MINORE_VA":8.98,"MINORE_EXP":6.78,"MINOTH_VA":32.46,"MINOTH_EXP":8.56,"MINSER_VA":0.0,"MINSER_EXP":0.0,"ALYBEB_VA":321.78,"ALYBEB_EXP":610.31,"TEXYPR_VA":259.52,"TEXYPR_EXP":561.66,"MADYPR_VA":57.18,"MADYPR_EXP":211.26,"PAPYPR_VA":141.4,"PAPYPR_EXP":379.03,"PETREF_VA":0.0,"PETREF_EXP":0.0,"QUIMYP_VA":102.65,"QUIMYP_EXP":402.63,"FARMED_VA":15.99,"FARMED_EXP":26.69,"HUPLAS_VA":323.49,"HUPLAS_EXP":1020.48,"PRNOMT_VA":372.83,"PRNOMT_EXP":662.8,"METBAS_VA":338.75,"METBAS_EXP":1520.7,"NONFER_VA":341.15,"NONFER_EXP":1636.34,"PRMETA_VA":318.11,"PRMETA_EXP":487.08,"ELCTRO_VA":134.86,"ELCTRO_EXP":274.33,"ELCTRI_VA":29.99,"ELCTRI_EXP":63.89,"MAQYEQ_VA":366.32,"MAQYEQ_EXP":857.36,"AUTOMO_VA":40.2,"AUTOMO_EXP":72.7,"OTRTRA_VA":0.41,"OTRTRA_EXP":0.75,"TRANSP_VA":0.61,"TRANSP_EXP":0.43,"OTRMAN_VA":91.32,"OTRMAN_EXP":258.36,"ELEGAS_VA":424.55,"ELEGAS_EXP":258.85,"AGUBAS_VA":216.6,"AGUBAS_EXP":16.03,"CONSTR_VA":2246.22,"CONSTR_EXP":66.57,"COMREV_VA":3386.54,"COMREV_EXP":1516.46,"TRATIE_VA":1268.24,"TRATIE_EXP":1485.91,"TRAGUA_VA":40.97,"TRAGUA_EXP":88.17,"TRAAIR_VA":577.55,"TRAAIR_EXP":1752.18,"ALMSTR_VA":221.53,"ALMSTR_EXP":220.5,"POSTME_VA":112.35,"POSTME_EXP":159.79,"HOTYRE_VA":751.18,"HOTYRE_EXP":936.01,"MMTVRA_VA":306.29,"MMTVRA_EXP":480.15,"TELECO_VA":1329.06,"TELECO_EXP":1785.84,"ITSERV_VA":680.15,"ITSERV_EXP":1791.99,"SERFIN_VA":12352.13,"SERFIN_EXP":40796.37,"GOBEST_VA":3460.69,"GOBEST_EXP":278.32,"SPRSCT_VA":2232.9,"SPRSCT_EXP":1670.33,"SEAEMP_VA":1182.32,"SEAEMP_EXP":588.24,"ADPDEF_VA":2155.21,"ADPDEF_EXP":26.76,"EDUCAC_VA":1452.73,"EDUCAC_EXP":69.74,"SALUDH_VA":2002.95,"SALUDH_EXP":59.81,"ESPARC_VA":263.32,"ESPARC_EXP":164.67,"OTRSER_VA":326.71,"OTRSER_EXP":62.19,"SERHOG_VA":139.68,"SERHOG_EXP":0.0}},{"type":"Feature","geometry":{"type":"Point","coordinates":[24.6,56.88]},"properties":{"id":"LVA","name":"Letonia","continent":"europe","year":2006,"AGRPFO_VA":472.75,"AGRPFO_EXP":119.55,"FORLOG_VA":289.58,"FORLOG_EXP":203.86,"PESCAC_VA":23.63,"PESCAC_EXP":15.83,"MINCOL_VA":1.13,"MINCOL_EXP":0.36,"PETGAS_VA":0.0,"PETGAS_EXP":0.0,"MINORE_VA":0.44,"MINORE_EXP":0.27,"MINOTH_VA":65.47,"MINOTH_EXP":3.83,"MINSER_VA":0.61,"MINSER_EXP":0.05,"ALYBEB_VA":627.86,"ALYBEB_EXP":412.08,"TEXYPR_VA":247.34,"TEXYPR_EXP":171.62,"MADYPR_VA":443.64,"MADYPR_EXP":742.71,"PAPYPR_VA":148.65,"PAPYPR_EXP":33.19,"PETREF_VA":0.45,"PETREF_EXP":0.03,"QUIMYP_VA":66.29,"QUIMYP_EXP":81.37,"FARMED_VA":66.7,"FARMED_EXP":75.2,"HUPLAS_VA":72.41,"HUPLAS_EXP":60.27,"PRNOMT_VA":117.08,"PRNOMT_EXP":63.29,"METBAS_VA":107.18,"METBAS_EXP":229.62,"NONFER_VA":19.68,"NONFER_EXP":87.4,"PRMETA_VA":169.58,"PRMETA_EXP":129.29,"ELCTRO_VA":35.74,"ELCTRO_EXP":47.36,"ELCTRI_VA":38.54,"ELCTRI_EXP":71.78,"MAQYEQ_VA":64.67,"MAQYEQ_EXP":95.23,"AUTOMO_VA":26.95,"AUTOMO_EXP":59.58,"OTRTRA_VA":37.28,"OTRTRA_EXP":32.91,"TRANSP_VA":30.38,"TRANSP_EXP":34.07,"OTRMAN_VA":263.43,"OTRMAN_EXP":148.97,"ELEGAS_VA":473.68,"ELEGAS_EXP":14.99,"AGUBAS_VA":134.56,"AGUBAS_EXP":1.28,"CONSTR_VA":1831.55,"CONSTR_EXP":44.3,"COMREV_VA":3559.57,"COMREV_EXP":840.06,"TRATIE_VA":1052.28,"TRATIE_EXP":1093.29,"TRAGUA_VA":130.52,"TRAGUA_EXP":95.19,"TRAAIR_VA":66.47,"TRAAIR_EXP":85.41,"ALMSTR_VA":896.57,"ALMSTR_EXP":333.04,"POSTME_VA":49.7,"POSTME_EXP":16.8,"HOTYRE_VA":315.41,"HOTYRE_EXP":133.1,"MMTVRA_VA":177.38,"MMTVRA_EXP":35.25,"TELECO_VA":506.01,"TELECO_EXP":58.19,"ITSERV_VA":160.74,"ITSERV_EXP":58.96,"SERFIN_VA":1057.48,"SERFIN_EXP":386.2,"GOBEST_VA":1380.9,"GOBEST_EXP":31.1,"SPRSCT_VA":738.34,"SPRSCT_EXP":282.77,"SEAEMP_VA":463.3,"SEAEMP_EXP":130.7,"ADPDEF_VA":1496.73,"ADPDEF_EXP":1.53,"EDUCAC_VA":851.55,"EDUCAC_EXP":9.42,"SALUDH_VA":559.82,"SALUDH_EXP":6.52,"ESPARC_VA":434.76,"ESPARC_EXP":27.8,"OTRSER_VA":149.19,"OTRSER_EXP":11.45,"SERHOG_VA":17.74,"SERHOG_EXP":0.0}},{"type":"Feature","geometry":{"type":"Point","coordinates":[-7.09,31.79]},"properties":{"id":"MAR","name":"Marruecos","continent":"other","year":2006,"AGRPFO_VA":6266.96,"AGRPFO_EXP":1002.17,"FORLOG_VA":814.27,"FORLOG_EXP":4.82,"PESCAC_VA":331.6,"PESCAC_EXP":338.38,"MINCOL_VA":3.45,"MINCOL_EXP":0.45,"PETGAS_VA":9.72,"PETGAS_EXP":0.85,"MINORE_VA":313.2,"MINORE_EXP":164.01,"MINOTH_VA":1101.51,"MINOTH_EXP":664.66,"MINSER_VA":33.16,"MINSER_EXP":14.88,"ALYBEB_VA":2667.63,"ALYBEB_EXP":1896.99,"TEXYPR_VA":1584.78,"TEXYPR_EXP":2537.69,"MADYPR_VA":139.57,"MADYPR_EXP":64.71,"PAPYPR_VA":290.51,"PAPYPR_EXP":149.26,"PETREF_VA":109.61,"PETREF_EXP":449.79,"QUIMYP_VA":1051.31,"QUIMYP_EXP":1881.07,"FARMED_VA":390.19,"FARMED_EXP":108.09,"HUPLAS_VA":313.98,"HUPLAS_EXP":108.19,"PRNOMT_VA":906.3,"PRNOMT_EXP":116.52,"METBAS_VA":220.18,"METBAS_EXP":246.44,"NONFER_VA":174.45,"NONFER_EXP":374.68,"PRMETA_VA":533.67,"PRMETA_EXP":81.5,"ELCTRO_VA":71.91,"ELCTRO_EXP":161.53,"ELCTRI_VA":406.28,"ELCTRI_EXP":810.51,"MAQYEQ_VA":184.64,"MAQYEQ_EXP":33.46,"AUTOMO_VA":705.11,"AUTOMO_EXP":117.08,"OTRTRA_VA":48.45,"OTRTRA_EXP":19.24,"TRANSP_VA":97.84,"TRANSP_EXP":29.37,"OTRMAN_VA":694.63,"OTRMAN_EXP":172.31,"ELEGAS_VA":1551.08,"ELEGAS_EXP":26.02,"AGUBAS_VA":214.42,"AGUBAS_EXP":1.3,"CONSTR_VA":4081.0,"CONSTR_EXP":67.38,"COMREV_VA":5999.2,"COMREV_EXP":1464.34,"TRATIE_VA":1279.43,"TRATIE_EXP":854.17,"TRAGUA_VA":52.5,"TRAGUA_EXP":182.97,"TRAAIR_VA":158.6,"TRAAIR_EXP":787.47,"ALMSTR_VA":672.94,"ALMSTR_EXP":626.31,"POSTME_VA":66.25,"POSTME_EXP":98.72,"HOTYRE_VA":1429.73,"HOTYRE_EXP":1550.06,"MMTVRA_VA":201.56,"MMTVRA_EXP":115.64,"TELECO_VA":1570.57,"TELECO_EXP":566.04,"ITSERV_VA":298.21,"ITSERV_EXP":336.34,"SERFIN_VA":3057.37,"SERFIN_EXP":214.04,"GOBEST_VA":2061.46,"GOBEST_EXP":373.65,"SPRSCT_VA":1919.59,"SPRSCT_EXP":1119.38,"SEAEMP_VA":2263.28,"SEAEMP_EXP":628.31,"ADPDEF_VA":5865.54,"ADPDEF_EXP":89.48,"EDUCAC_VA":4960.51,"EDUCAC_EXP":175.27,"SALUDH_VA":1958.13,"SALUDH_EXP":86.29,"ESPARC_VA":190.29,"ESPARC_EXP":207.6,"OTRSER_VA":589.9,"OTRSER_EXP":122.99,"SERHOG_VA":260.86,"SERHOG_EXP":0.0}},{"type":"Feature","geometry":{"type":"Point","coordinates":[-102.55,23.63]},"properties":{"id":"MEX","name":"México","continent":"america","year":2006,"AGRPFO_VA":27184.42,"AGRPFO_EXP":5063.52,"FORLOG_VA":1504.85,"FORLOG_EXP":31.4,"PESCAC_VA":484.41,"PESCAC_EXP":129.92,"MINCOL_VA":327.09,"MINCOL_EXP":10.82,"PETGAS_VA":60335.07,"PETGAS_EXP":34019.01,"MINORE_VA":3444.19,"MINORE_EXP":912.03,"MINOTH_VA":4184.9,"MINOTH_EXP":292.27,"MINSER_VA":3076.54,"MINSER_EXP":3.34,"ALYBEB_VA":41567.11,"ALYBEB_EXP":6397.26,"TEXYPR_VA":8524.11,"TEXYPR_EXP":6513.53,"MADYPR_VA":1823.73,"MADYPR_EXP":276.55,"PAPYPR_VA":4805.18,"PAPYPR_EXP":1856.98,"PETREF_VA":9324.99,"PETREF_EXP":4153.17,"QUIMYP_VA":16529.67,"QUIMYP_EXP":6251.9,"FARMED_VA":6180.54,"FARMED_EXP":1870.39,"HUPLAS_VA":5350.67,"HUPLAS_EXP":3736.12,"PRNOMT_VA":8354.99,"PRNOMT_EXP":2147.57,"METBAS_VA":6240.06,"METBAS_EXP":3728.18,"NONFER_VA":6600.06,"NONFER_EXP":5442.85,"PRMETA_VA":6689.49,"PRMETA_EXP":5901.04,"ELCTRO_VA":17752.98,"ELCTRO_EXP":40200.33,"ELCTRI_VA":9631.53,"ELCTRI_EXP":13021.38,"MAQYEQ_VA":8953.34,"MAQYEQ_EXP":8333.29,"AUTOMO_VA":24962.86,"AUTOMO_EXP":47865.01,"OTRTRA_VA":379.15,"OTRTRA_EXP":136.69,"TRANSP_VA":1009.22,"TRANSP_EXP":2171.94,"OTRMAN_VA":7923.3,"OTRMAN_EXP":4616.88,"ELEGAS_VA":14694.85,"ELEGAS_EXP":442.73,"AGUBAS_VA":2757.72,"AGUBAS_EXP":41.68,"CONSTR_VA":63852.28,"CONSTR_EXP":19.24,"COMREV_VA":176603.06,"COMREV_EXP":32264.56,"TRATIE_VA":53961.01,"TRATIE_EXP":9745.38,"TRAGUA_VA":833.67,"TRAGUA_EXP":603.26,"TRAAIR_VA":1568.45,"TRAAIR_EXP":1480.76,"ALMSTR_VA":6427.63,"ALMSTR_EXP":1623.99,"POSTME_VA":948.13,"POSTME_EXP":17.52,"HOTYRE_VA":27700.28,"HOTYRE_EXP":5149.94,"MMTVRA_VA":3580.82,"MMTVRA_EXP":612.52,"TELECO_VA":16702.43,"TELECO_EXP":467.02,"ITSERV_VA":1825.8,"ITSERV_EXP":23.94,"SERFIN_VA":28320.34,"SERFIN_EXP":2058.03,"GOBEST_VA":135455.18,"GOBEST_EXP":864.95,"SPRSCT_VA":24666.38,"SPRSCT_EXP":367.79,"SEAEMP_VA":37300.28,"SEAEMP_EXP":352.49,"ADPDEF_VA":34179.6,"ADPDEF_EXP":1.0,"EDUCAC_VA":36892.69,"EDUCAC_EXP":271.16,"SALUDH_VA":19488.41,"SALUDH_EXP":222.18,"ESPARC_VA":5354.72,"ESPARC_EXP":647.24,"OTRSER_VA":11644.08,"OTRSER_EXP":295.55,"SERHOG_VA":4388.32,"SERHOG_EXP":0.0}},{"type":"Feature","geometry":{"type":"Point","coordinates":[14.38,35.94]},"properties":{"id":"MLT","name":"Malta","continent":"europe","year":2006,"AGRPFO_VA":84.83,"AGRPFO_EXP":18.81,"FORLOG_VA":0.0,"FORLOG_EXP":0.0,"PESCAC_VA":52.33,"PESCAC_EXP":69.25,"MINCOL_VA":0.0,"MINCOL_EXP":0.0,"PETGAS_VA":2.52,"PETGAS_EXP":5.8,"MINORE_VA":0.47,"MINORE_EXP":0.19,"MINOTH_VA":13.1,"MINOTH_EXP":0.81,"MINSER_VA":10.64,"MINSER_EXP":4.31,"ALYBEB_VA":135.14,"ALYBEB_EXP":113.46,"TEXYPR_VA":59.11,"TEXYPR_EXP":69.37,"MADYPR_VA":5.7,"MADYPR_EXP":2.95,"PAPYPR_VA":80.17,"PAPYPR_EXP":159.53,"PETREF_VA":0.26,"PETREF_EXP":0.23,"QUIMYP_VA":15.5,"QUIMYP_EXP":24.13,"FARMED_VA":71.18,"FARMED_EXP":107.63,"HUPLAS_VA":59.06,"HUPLAS_EXP":104.16,"PRNOMT_VA":37.06,"PRNOMT_EXP":7.13,"METBAS_VA":0.46,"METBAS_EXP":0.37,"NONFER_VA":0.3,"NONFER_EXP":0.35,"PRMETA_VA":36.21,"PRMETA_EXP":31.56,"ELCTRO_VA":65.73,"ELCTRO_EXP":317.22,"ELCTRI_VA":23.91,"ELCTRI_EXP":46.3,"MAQYEQ_VA":21.75,"MAQYEQ_EXP":27.92,"AUTOMO_VA":30.87,"AUTOMO_EXP":0.85,"OTRTRA_VA":7.46,"OTRTRA_EXP":14.71,"TRANSP_VA":14.48,"TRANSP_EXP":19.71,"OTRMAN_VA":182.67,"OTRMAN_EXP":219.98,"ELEGAS_VA":11.69,"ELEGAS_EXP":0.3,"AGUBAS_VA":66.88,"AGUBAS_EXP":0.4,"CONSTR_VA":399.57,"CONSTR_EXP":7.9,"COMREV_VA":752.08,"COMREV_EXP":233.01,"TRATIE_VA":72.39,"TRATIE_EXP":49.37,"TRAGUA_VA":23.33,"TRAGUA_EXP":52.75,"TRAAIR_VA":55.95,"TRAAIR_EXP":207.3,"ALMSTR_VA":261.23,"ALMSTR_EXP":244.74,"POSTME_VA":17.82,"POSTME_EXP":9.64,"HOTYRE_VA":340.32,"HOTYRE_EXP":429.85,"MMTVRA_VA":42.02,"MMTVRA_EXP":28.52,"TELECO_VA":187.75,"TELECO_EXP":59.88,"ITSERV_VA":111.8,"ITSERV_EXP":53.72,"SERFIN_VA":485.49,"SERFIN_EXP":560.66,"GOBEST_VA":387.51,"GOBEST_EXP":23.53,"SPRSCT_VA":298.0,"SPRSCT_EXP":219.43,"SEAEMP_VA":248.73,"SEAEMP_EXP":133.78,"ADPDEF_VA":420.08,"ADPDEF_EXP":2.47,"EDUCAC_VA":387.13,"EDUCAC_EXP":10.91,"SALUDH_VA":329.7,"SALUDH_EXP":11.83,"ESPARC_VA":198.53,"ESPARC_EXP":456.62,"OTRSER_VA":84.3,"OTRSER_EXP":9.82,"SERHOG_VA":2.44,"SERHOG_EXP":0.0}},{"type":"Feature","geometry":{"type":"Point","coordinates":[95.96,21.91]},"properties":{"id":"MMR","name":"Myanmar","continent":"asia","year":2006,"AGRPFO_VA":3552.5,"AGRPFO_EXP":903.91,"FORLOG_VA":124.28,"FORLOG_EXP":157.19,"PESCAC_VA":753.52,"PESCAC_EXP":153.23,"MINCOL_VA":0.78,"MINCOL_EXP":0.18,"PETGAS_VA":490.85,"PETGAS_EXP":834.4,"MINORE_VA":51.95,"MINORE_EXP":11.62,"MINOTH_VA":53.69,"MINOTH_EXP":91.41,"MINSER_VA":2.3,"MINSER_EXP":0.9,"ALYBEB_VA":614.28,"ALYBEB_EXP":214.36,"TEXYPR_VA":445.68,"TEXYPR_EXP":279.7,"MADYPR_VA":70.46,"MADYPR_EXP":49.9,"PAPYPR_VA":59.42,"PAPYPR_EXP":14.26,"PETREF_VA":82.39,"PETREF_EXP":46.92,"QUIMYP_VA":71.05,"QUIMYP_EXP":10.65,"FARMED_VA":37.0,"FARMED_EXP":0.59,"HUPLAS_VA":45.2,"HUPLAS_EXP":7.51,"PRNOMT_VA":76.78,"PRNOMT_EXP":3.26,"METBAS_VA":44.56,"METBAS_EXP":0.26,"NONFER_VA":41.55,"NONFER_EXP":0.7,"PRMETA_VA":52.41,"PRMETA_EXP":8.6,"ELCTRO_VA":55.19,"ELCTRO_EXP":17.0,"ELCTRI_VA":44.75,"ELCTRI_EXP":21.78,"MAQYEQ_VA":42.45,"MAQYEQ_EXP":33.06,"AUTOMO_VA":69.12,"AUTOMO_EXP":2.99,"OTRTRA_VA":10.42,"OTRTRA_EXP":23.52,"TRANSP_VA":12.66,"TRANSP_EXP":17.77,"OTRMAN_VA":119.04,"OTRMAN_EXP":21.34,"ELEGAS_VA":58.36,"ELEGAS_EXP":5.93,"AGUBAS_VA":10.76,"AGUBAS_EXP":0.19,"CONSTR_VA":348.33,"CONSTR_EXP":2.54,"COMREV_VA":824.12,"COMREV_EXP":151.17,"TRATIE_VA":200.45,"TRATIE_EXP":28.05,"TRAGUA_VA":77.16,"TRAGUA_EXP":56.61,"TRAAIR_VA":46.52,"TRAAIR_EXP":47.08,"ALMSTR_VA":77.26,"ALMSTR_EXP":46.74,"POSTME_VA":13.43,"POSTME_EXP":0.12,"HOTYRE_VA":228.89,"HOTYRE_EXP":11.04,"MMTVRA_VA":46.46,"MMTVRA_EXP":3.08,"TELECO_VA":146.69,"TELECO_EXP":0.83,"ITSERV_VA":32.88,"ITSERV_EXP":1.37,"SERFIN_VA":233.16,"SERFIN_EXP":1.43,"GOBEST_VA":301.67,"GOBEST_EXP":4.9,"SPRSCT_VA":166.21,"SPRSCT_EXP":41.09,"SEAEMP_VA":110.59,"SEAEMP_EXP":19.62,"ADPDEF_VA":348.42,"ADPDEF_EXP":0.66,"EDUCAC_VA":202.44,"EDUCAC_EXP":0.68,"SALUDH_VA":258.82,"SALUDH_EXP":0.58,"ESPARC_VA":44.5,"ESPARC_EXP":1.22,"OTRSER_VA":67.79,"OTRSER_EXP":0.93,"SERHOG_VA":0.0,"SERHOG_EXP":0.0}},{"type":"Feature","geometry":{"type":"Point","coordinates":[101.98,4.21]},"properties":{"id":"MYS","name":"Malasia","continent":"asia","year":2006,"AGRPFO_VA":11977.12,"AGRPFO_EXP":2732.61,"FORLOG_VA":1568.38,"FORLOG_EXP":1001.87,"PESCAC_VA":1662.12,"PESCAC_EXP":158.28,"MINCOL_VA":5974.8,"MINCOL_EXP":109.32,"PETGAS_VA":8560.39,"PETGAS_EXP":15483.43,"MINORE_VA":243.12,"MINORE_EXP":39.88,"MINOTH_VA":866.27,"MINOTH_EXP":364.91,"MINSER_VA":1051.73,"MINSER_EXP":34.38,"ALYBEB_VA":2484.73,"ALYBEB_EXP":10336.24,"TEXYPR_VA":545.75,"TEXYPR_EXP":2025.06,"MADYPR_VA":814.75,"MADYPR_EXP":3343.05,"PAPYPR_VA":986.98,"PAPYPR_EXP":629.56,"PETREF_VA":4736.03,"PETREF_EXP":6451.86,"QUIMYP_VA":2974.41,"QUIMYP_EXP":7736.41,"FARMED_VA":215.63,"FARMED_EXP":124.0,"HUPLAS_VA":1919.12,"HUPLAS_EXP":5194.02,"PRNOMT_VA":1044.64,"PRNOMT_EXP":873.65,"METBAS_VA":592.47,"METBAS_EXP":2242.01,"NONFER_VA":301.99,"NONFER_EXP":2110.65,"PRMETA_VA":1181.9,"PRMETA_EXP":1926.74,"ELCTRO_VA":7408.65,"ELCTRO_EXP":37353.79,"ELCTRI_VA":504.04,"ELCTRI_EXP":3707.95,"MAQYEQ_VA":881.56,"MAQYEQ_EXP":3566.69,"AUTOMO_VA":2572.33,"AUTOMO_EXP":483.44,"OTRTRA_VA":265.93,"OTRTRA_EXP":2961.42,"TRANSP_VA":252.23,"TRANSP_EXP":675.24,"OTRMAN_VA":1211.18,"OTRMAN_EXP":1350.05,"ELEGAS_VA":3263.81,"ELEGAS_EXP":661.38,"AGUBAS_VA":1121.44,"AGUBAS_EXP":33.21,"CONSTR_VA":5228.97,"CONSTR_EXP":58.29,"COMREV_VA":33514.86,"COMREV_EXP":11106.7,"TRATIE_VA":1484.52,"TRATIE_EXP":1412.58,"TRAGUA_VA":888.75,"TRAGUA_EXP":1127.4,"TRAAIR_VA":737.92,"TRAAIR_EXP":2216.02,"ALMSTR_VA":1641.04,"ALMSTR_EXP":893.43,"POSTME_VA":216.72,"POSTME_EXP":415.49,"HOTYRE_VA":4645.43,"HOTYRE_EXP":4153.66,"MMTVRA_VA":717.55,"MMTVRA_EXP":288.19,"TELECO_VA":3396.55,"TELECO_EXP":693.87,"ITSERV_VA":1725.62,"ITSERV_EXP":1130.91,"SERFIN_VA":11759.91,"SERFIN_EXP":2068.35,"GOBEST_VA":4497.25,"GOBEST_EXP":669.65,"SPRSCT_VA":3117.14,"SPRSCT_EXP":2684.23,"SEAEMP_VA":1611.4,"SEAEMP_EXP":1202.45,"ADPDEF_VA":11815.47,"ADPDEF_EXP":243.43,"EDUCAC_VA":5210.26,"EDUCAC_EXP":190.49,"SALUDH_VA":1466.87,"SALUDH_EXP":160.07,"ESPARC_VA":965.16,"ESPARC_EXP":519.05,"OTRSER_VA":334.93,"OTRSER_EXP":212.96,"SERHOG_VA":171.06,"SERHOG_EXP":0.0}},{"type":"Feature","geometry":{"type":"Point","coordinates":[8.68,9.08]},"properties":{"id":"NGA","name":"Nigeria","continent":"other","year":2006,"AGRPFO_VA":57621.7,"AGRPFO_EXP":5615.28,"FORLOG_VA":630.38,"FORLOG_EXP":177.94,"PESCAC_VA":1195.37,"PESCAC_EXP":2.27,"MINCOL_VA":11.34,"MINCOL_EXP":1.54,"PETGAS_VA":32066.38,"PETGAS_EXP":43859.97,"MINORE_VA":10.98,"MINORE_EXP":7.42,"MINOTH_VA":221.24,"MINOTH_EXP":46.16,"MINSER_VA":30.95,"MINSER_EXP":1.78,"ALYBEB_VA":14008.51,"ALYBEB_EXP":4002.05,"TEXYPR_VA":2202.42,"TEXYPR_EXP":2010.43,"MADYPR_VA":590.45,"MADYPR_EXP":194.22,"PAPYPR_VA":211.09,"PAPYPR_EXP":4.07,"PETREF_VA":1226.8,"PETREF_EXP":2617.7,"QUIMYP_VA":364.17,"QUIMYP_EXP":220.82,"FARMED_VA":67.66,"FARMED_EXP":3.52,"HUPLAS_VA":179.43,"HUPLAS_EXP":244.66,"PRNOMT_VA":1262.08,"PRNOMT_EXP":11.14,"METBAS_VA":100.54,"METBAS_EXP":9.19,"NONFER_VA":95.07,"NONFER_EXP":128.47,"PRMETA_VA":74.18,"PRMETA_EXP":69.81,"ELCTRO_VA":104.73,"ELCTRO_EXP":12.92,"ELCTRI_VA":11.85,"ELCTRI_EXP":10.61,"MAQYEQ_VA":76.83,"MAQYEQ_EXP":94.85,"AUTOMO_VA":111.67,"AUTOMO_EXP":32.06,"OTRTRA_VA":103.02,"OTRTRA_EXP":9.45,"TRANSP_VA":1.65,"TRANSP_EXP":2.32,"OTRMAN_VA":782.6,"OTRMAN_EXP":42.24,"ELEGAS_VA":862.06,"ELEGAS_EXP":22.61,"AGUBAS_VA":291.15,"AGUBAS_EXP":0.03,"CONSTR_VA":4844.12,"CONSTR_EXP":0.36,"COMREV_VA":37113.47,"COMREV_EXP":7102.92,"TRATIE_VA":2882.6,"TRATIE_EXP":1471.01,"TRAGUA_VA":278.02,"TRAGUA_EXP":57.95,"TRAAIR_VA":181.09,"TRAAIR_EXP":342.76,"ALMSTR_VA":823.74,"ALMSTR_EXP":183.56,"POSTME_VA":61.81,"POSTME_EXP":59.72,"HOTYRE_VA":1041.75,"HOTYRE_EXP":63.62,"MMTVRA_VA":4462.09,"MMTVRA_EXP":11.11,"TELECO_VA":11422.92,"TELECO_EXP":9.97,"ITSERV_VA":3893.69,"ITSERV_EXP":68.03,"SERFIN_VA":9497.76,"SERFIN_EXP":37.11,"GOBEST_VA":18638.32,"GOBEST_EXP":21.97,"SPRSCT_VA":6594.3,"SPRSCT_EXP":32.52,"SEAEMP_VA":49.91,"SEAEMP_EXP":1.48,"ADPDEF_VA":7532.65,"ADPDEF_EXP":0.02,"EDUCAC_VA":3499.99,"EDUCAC_EXP":2.97,"SALUDH_VA":1534.4,"SALUDH_EXP":2.48,"ESPARC_VA":218.9,"ESPARC_EXP":6.39,"OTRSER_VA":3298.22,"OTRSER_EXP":3.89,"SERHOG_VA":823.93,"SERHOG_EXP":0.0}},{"type":"Feature","geometry":{"type":"Point","coordinates":[5.29,52.13]},"properties":{"id":"NLD","name":"Países Bajos","continent":"europe","year":2006,"AGRPFO_VA":14874.28,"AGRPFO_EXP":16517.74,"FORLOG_VA":127.15,"FORLOG_EXP":155.58,"PESCAC_VA":458.95,"PESCAC_EXP":498.9,"MINCOL_VA":0.0,"MINCOL_EXP":0.0,"PETGAS_VA":16828.05,"PETGAS_EXP":16064.03,"MINORE_VA":0.0,"MINORE_EXP":0.0,"MINOTH_VA":477.37,"MINOTH_EXP":581.27,"MINSER_VA":3852.75,"MINSER_EXP":2567.4,"ALYBEB_VA":14374.77,"ALYBEB_EXP":28959.49,"TEXYPR_VA":1371.53,"TEXYPR_EXP":2741.14,"MADYPR_VA":1224.74,"MADYPR_EXP":976.63,"PAPYPR_VA":5248.85,"PAPYPR_EXP":3679.05,"PETREF_VA":3066.91,"PETREF_EXP":17588.72,"QUIMYP_VA":13510.93,"QUIMYP_EXP":34454.57,"FARMED_VA":3089.36,"FARMED_EXP":5882.38,"HUPLAS_VA":3122.06,"HUPLAS_EXP":4781.48,"PRNOMT_VA":2673.9,"PRNOMT_EXP":1598.7,"METBAS_VA":2765.86,"METBAS_EXP":1870.64,"NONFER_VA":1022.67,"NONFER_EXP":2631.81,"PRMETA_VA":6858.38,"PRMETA_EXP":6292.77,"ELCTRO_VA":7292.55,"ELCTRO_EXP":24350.2,"ELCTRI_VA":3000.64,"ELCTRI_EXP":5495.91,"MAQYEQ_VA":8492.58,"MAQYEQ_EXP":18516.02,"AUTOMO_VA":3335.95,"AUTOMO_EXP":5422.75,"OTRTRA_VA":1202.42,"OTRTRA_EXP":1339.13,"TRANSP_VA":709.81,"TRANSP_EXP":67.63,"OTRMAN_VA":6789.23,"OTRMAN_EXP":6441.47,"ELEGAS_VA":7890.26,"ELEGAS_EXP":713.87,"AGUBAS_VA":4456.28,"AGUBAS_EXP":837.28,"CONSTR_VA":36940.55,"CONSTR_EXP":299.33,"COMREV_VA":86662.81,"COMREV_EXP":49830.62,"TRATIE_VA":13649.45,"TRATIE_EXP":8679.91,"TRAGUA_VA":2977.89,"TRAGUA_EXP":4006.59,"TRAAIR_VA":4453.72,"TRAAIR_EXP":7764.62,"ALMSTR_VA":8834.88,"ALMSTR_EXP":6438.49,"POSTME_VA":3833.71,"POSTME_EXP":2473.48,"HOTYRE_VA":12180.83,"HOTYRE_EXP":3507.11,"MMTVRA_VA":6232.15,"MMTVRA_EXP":3577.54,"TELECO_VA":12319.12,"TELECO_EXP":1959.49,"ITSERV_VA":14175.38,"ITSERV_EXP":7945.68,"SERFIN_VA":46851.64,"SERFIN_EXP":7852.86,"GOBEST_VA":51635.69,"GOBEST_EXP":581.37,"SPRSCT_VA":54574.31,"SPRSCT_EXP":22833.65,"SEAEMP_VA":34557.55,"SEAEMP_EXP":8594.13,"ADPDEF_VA":49861.72,"ADPDEF_EXP":2948.49,"EDUCAC_VA":31236.77,"EDUCAC_EXP":543.12,"SALUDH_VA":50816.43,"SALUDH_EXP":202.91,"ESPARC_VA":7880.22,"ESPARC_EXP":901.75,"OTRSER_VA":7829.04,"OTRSER_EXP":301.96,"SERHOG_VA":357.59,"SERHOG_EXP":0.0}},{"type":"Feature","geometry":{"type":"Point","coordinates":[8.47,60.47]},"properties":{"id":"NOR","name":"Noruega","continent":"europe","year":2006,"AGRPFO_VA":1789.23,"AGRPFO_EXP":84.71,"FORLOG_VA":761.09,"FORLOG_EXP":43.08,"PESCAC_VA":2361.6,"PESCAC_EXP":1522.61,"MINCOL_VA":269.18,"MINCOL_EXP":152.34,"PETGAS_VA":81844.9,"PETGAS_EXP":75201.96,"MINORE_VA":62.28,"MINORE_EXP":67.1,"MINOTH_VA":413.12,"MINOTH_EXP":302.16,"MINSER_VA":2930.44,"MINSER_EXP":610.94,"ALYBEB_VA":5397.95,"ALYBEB_EXP":2525.8,"TEXYPR_VA":469.41,"TEXYPR_EXP":311.26,"MADYPR_VA":1359.26,"MADYPR_EXP":364.54,"PAPYPR_VA":1727.26,"PAPYPR_EXP":1369.4,"PETREF_VA":646.99,"PETREF_EXP":5327.53,"QUIMYP_VA":1913.95,"QUIMYP_EXP":2919.6,"FARMED_VA":686.18,"FARMED_EXP":360.42,"HUPLAS_VA":560.5,"HUPLAS_EXP":312.52,"PRNOMT_VA":1263.18,"PRNOMT_EXP":342.81,"METBAS_VA":742.76,"METBAS_EXP":933.76,"NONFER_VA":1817.22,"NONFER_EXP":5781.77,"PRMETA_VA":2181.84,"PRMETA_EXP":788.43,"ELCTRO_VA":1369.57,"ELCTRO_EXP":1794.89,"ELCTRI_VA":1010.7,"ELCTRI_EXP":816.53,"MAQYEQ_VA":2364.95,"MAQYEQ_EXP":1989.65,"AUTOMO_VA":494.21,"AUTOMO_EXP":645.24,"OTRTRA_VA":3068.61,"OTRTRA_EXP":1012.93,"TRANSP_VA":98.07,"TRANSP_EXP":155.0,"OTRMAN_VA":3134.37,"OTRMAN_EXP":1481.43,"ELEGAS_VA":7474.6,"ELEGAS_EXP":542.6,"AGUBAS_VA":2130.48,"AGUBAS_EXP":38.56,"CONSTR_VA":16329.84,"CONSTR_EXP":23.03,"COMREV_VA":24942.68,"COMREV_EXP":8093.45,"TRATIE_VA":7489.51,"TRATIE_EXP":3893.79,"TRAGUA_VA":5467.19,"TRAGUA_EXP":13800.72,"TRAAIR_VA":1284.98,"TRAAIR_EXP":749.7,"ALMSTR_VA":3490.03,"ALMSTR_EXP":1996.33,"POSTME_VA":1431.38,"POSTME_EXP":86.2,"HOTYRE_VA":4096.17,"HOTYRE_EXP":1282.04,"MMTVRA_VA":4171.03,"MMTVRA_EXP":384.68,"TELECO_VA":3890.54,"TELECO_EXP":407.43,"ITSERV_VA":3956.11,"ITSERV_EXP":1254.71,"SERFIN_VA":10872.01,"SERFIN_EXP":1609.53,"GOBEST_VA":20800.76,"GOBEST_EXP":361.52,"SPRSCT_VA":11359.0,"SPRSCT_EXP":3972.86,"SEAEMP_VA":6984.57,"SEAEMP_EXP":1513.05,"ADPDEF_VA":16127.04,"ADPDEF_EXP":19.27,"EDUCAC_VA":13574.67,"EDUCAC_EXP":230.85,"SALUDH_VA":25783.84,"SALUDH_EXP":59.35,"ESPARC_VA":3542.34,"ESPARC_EXP":260.89,"OTRSER_VA":2581.24,"OTRSER_EXP":69.56,"SERHOG_VA":69.12,"SERHOG_EXP":0.0}},{"type":"Feature","geometry":{"type":"Point","coordinates":[174.89,-40.9]},"properties":{"id":"NZL","name":"Nueva Zelanda","continent":"other","year":2006,"AGRPFO_VA":4264.61,"AGRPFO_EXP":1064.03,"FORLOG_VA":688.36,"FORLOG_EXP":295.84,"PESCAC_VA":951.51,"PESCAC_EXP":130.87,"MINCOL_VA":27.23,"MINCOL_EXP":48.93,"PETGAS_VA":342.35,"PETGAS_EXP":238.1,"MINORE_VA":886.55,"MINORE_EXP":14.96,"MINOTH_VA":140.55,"MINOTH_EXP":10.91,"MINSER_VA":119.29,"MINSER_EXP":19.99,"ALYBEB_VA":5515.71,"ALYBEB_EXP":7873.66,"TEXYPR_VA":509.28,"TEXYPR_EXP":626.22,"MADYPR_VA":943.0,"MADYPR_EXP":821.4,"PAPYPR_VA":1119.27,"PAPYPR_EXP":735.63,"PETREF_VA":1074.89,"PETREF_EXP":510.31,"QUIMYP_VA":682.55,"QUIMYP_EXP":571.04,"FARMED_VA":96.05,"FARMED_EXP":101.75,"HUPLAS_VA":802.22,"HUPLAS_EXP":408.9,"PRNOMT_VA":665.84,"PRNOMT_EXP":69.93,"METBAS_VA":190.33,"METBAS_EXP":267.08,"NONFER_VA":438.01,"NONFER_EXP":997.58,"PRMETA_VA":1252.7,"PRMETA_EXP":417.8,"ELCTRO_VA":242.56,"ELCTRO_EXP":323.73,"ELCTRI_VA":438.01,"ELCTRI_EXP":558.17,"MAQYEQ_VA":954.26,"MAQYEQ_EXP":626.17,"AUTOMO_VA":132.29,"AUTOMO_EXP":43.44,"OTRTRA_VA":118.3,"OTRTRA_EXP":118.38,"TRANSP_VA":370.28,"TRANSP_EXP":34.32,"OTRMAN_VA":441.74,"OTRMAN_EXP":278.65,"ELEGAS_VA":2695.03,"ELEGAS_EXP":7.67,"AGUBAS_VA":698.07,"AGUBAS_EXP":6.6,"CONSTR_VA":6745.14,"CONSTR_EXP":61.76,"COMREV_VA":11688.78,"COMREV_EXP":4425.8,"TRATIE_VA":1881.05,"TRATIE_EXP":661.54,"TRAGUA_VA":242.0,"TRAGUA_EXP":173.73,"TRAAIR_VA":921.27,"TRAAIR_EXP":1244.03,"ALMSTR_VA":1446.16,"ALMSTR_EXP":277.15,"POSTME_VA":630.4,"POSTME_EXP":89.6,"HOTYRE_VA":2378.29,"HOTYRE_EXP":1513.86,"MMTVRA_VA":1247.67,"MMTVRA_EXP":265.35,"TELECO_VA":1277.02,"TELECO_EXP":410.52,"ITSERV_VA":1493.23,"ITSERV_EXP":414.68,"SERFIN_VA":5458.26,"SERFIN_EXP":359.99,"GOBEST_VA":11691.39,"GOBEST_EXP":435.3,"SPRSCT_VA":8465.7,"SPRSCT_EXP":695.42,"SEAEMP_VA":2486.7,"SEAEMP_EXP":722.1,"ADPDEF_VA":4819.4,"ADPDEF_EXP":67.37,"EDUCAC_VA":5132.32,"EDUCAC_EXP":292.56,"SALUDH_VA":6408.12,"SALUDH_EXP":129.58,"ESPARC_VA":1854.77,"ESPARC_EXP":513.99,"OTRSER_VA":2581.5,"OTRSER_EXP":122.14,"SERHOG_VA":296.09,"SERHOG_EXP":0.0}},{"type":"Feature","geometry":{"type":"Point","coordinates":[69.35,30.38]},"properties":{"id":"PAK","name":"Pakistán","continent":"asia","year":2006,"AGRPFO_VA":25184.76,"AGRPFO_EXP":244.12,"FORLOG_VA":949.57,"FORLOG_EXP":8.36,"PESCAC_VA":418.09,"PESCAC_EXP":21.7,"MINCOL_VA":73.56,"MINCOL_EXP":0.61,"PETGAS_VA":2543.31,"PETGAS_EXP":8.05,"MINORE_VA":91.81,"MINORE_EXP":25.59,"MINOTH_VA":104.03,"MINOTH_EXP":13.62,"MINSER_VA":104.9,"MINSER_EXP":3.51,"ALYBEB_VA":5166.09,"ALYBEB_EXP":1366.89,"TEXYPR_VA":6703.01,"TEXYPR_EXP":8363.2,"MADYPR_VA":547.47,"MADYPR_EXP":19.16,"PAPYPR_VA":1182.69,"PAPYPR_EXP":41.67,"PETREF_VA":1343.68,"PETREF_EXP":644.06,"QUIMYP_VA":1524.9,"QUIMYP_EXP":300.16,"FARMED_VA":536.38,"FARMED_EXP":62.1,"HUPLAS_VA":702.26,"HUPLAS_EXP":156.59,"PRNOMT_VA":1202.38,"PRNOMT_EXP":138.91,"METBAS_VA":670.14,"METBAS_EXP":39.35,"NONFER_VA":481.04,"NONFER_EXP":13.76,"PRMETA_VA":822.1,"PRMETA_EXP":84.76,"ELCTRO_VA":783.91,"ELCTRO_EXP":77.05,"ELCTRI_VA":535.98,"ELCTRI_EXP":35.44,"MAQYEQ_VA":849.3,"MAQYEQ_EXP":52.81,"AUTOMO_VA":1121.0,"AUTOMO_EXP":21.15,"OTRTRA_VA":165.97,"OTRTRA_EXP":2.94,"TRANSP_VA":183.36,"TRANSP_EXP":6.61,"OTRMAN_VA":542.46,"OTRMAN_EXP":354.68,"ELEGAS_VA":1557.79,"ELEGAS_EXP":6.51,"AGUBAS_VA":923.57,"AGUBAS_EXP":4.91,"CONSTR_VA":3899.07,"CONSTR_EXP":15.34,"COMREV_VA":13516.31,"COMREV_EXP":2057.66,"TRATIE_VA":3531.13,"TRATIE_EXP":223.89,"TRAGUA_VA":1021.64,"TRAGUA_EXP":908.88,"TRAAIR_VA":740.53,"TRAAIR_EXP":485.73,"ALMSTR_VA":1198.49,"ALMSTR_EXP":145.53,"POSTME_VA":311.39,"POSTME_EXP":1.74,"HOTYRE_VA":3193.01,"HOTYRE_EXP":81.8,"MMTVRA_VA":993.31,"MMTVRA_EXP":70.23,"TELECO_VA":2445.8,"TELECO_EXP":123.11,"ITSERV_VA":646.73,"ITSERV_EXP":205.8,"SERFIN_VA":4538.96,"SERFIN_EXP":140.21,"GOBEST_VA":6237.62,"GOBEST_EXP":31.64,"SPRSCT_VA":3461.14,"SPRSCT_EXP":465.78,"SEAEMP_VA":2111.19,"SEAEMP_EXP":202.15,"ADPDEF_VA":3123.82,"ADPDEF_EXP":3.23,"EDUCAC_VA":3300.85,"EDUCAC_EXP":6.14,"SALUDH_VA":4925.78,"SALUDH_EXP":5.64,"ESPARC_VA":967.37,"ESPARC_EXP":26.77,"OTRSER_VA":1454.32,"OTRSER_EXP":12.33,"SERHOG_VA":647.67,"SERHOG_EXP":0.0}},{"type":"Feature","geometry":{"type":"Point","coordinates":[-75.02,-9.19]},"properties":{"id":"PER","name":"Perú","continent":"america","year":2006,"AGRPFO_VA":4899.23,"AGRPFO_EXP":527.92,"FORLOG_VA":230.1,"FORLOG_EXP":8.18,"PESCAC_VA":644.12,"PESCAC_EXP":4.85,"MINCOL_VA":131.6,"MINCOL_EXP":0.27,"PETGAS_VA":1555.79,"PETGAS_EXP":569.49,"MINORE_VA":10159.19,"MINORE_EXP":10937.94,"MINOTH_VA":248.35,"MINOTH_EXP":14.65,"MINSER_VA":1004.27,"MINSER_EXP":0.59,"ALYBEB_VA":3408.34,"ALYBEB_EXP":2374.04,"TEXYPR_VA":1997.61,"TEXYPR_EXP":1215.15,"MADYPR_VA":449.15,"MADYPR_EXP":141.24,"PAPYPR_VA":802.49,"PAPYPR_EXP":64.43,"PETREF_VA":639.35,"PETREF_EXP":1327.8,"QUIMYP_VA":862.46,"QUIMYP_EXP":382.75,"FARMED_VA":262.09,"FARMED_EXP":14.46,"HUPLAS_VA":529.15,"HUPLAS_EXP":207.03,"PRNOMT_VA":880.86,"PRNOMT_EXP":136.16,"METBAS_VA":240.75,"METBAS_EXP":89.1,"NONFER_VA":1795.96,"NONFER_EXP":3709.34,"PRMETA_VA":543.58,"PRMETA_EXP":176.2,"ELCTRO_VA":33.34,"ELCTRO_EXP":14.74,"ELCTRI_VA":46.98,"ELCTRI_EXP":216.29,"MAQYEQ_VA":364.91,"MAQYEQ_EXP":78.13,"AUTOMO_VA":186.09,"AUTOMO_EXP":24.19,"OTRTRA_VA":11.46,"OTRTRA_EXP":5.93,"TRANSP_VA":92.19,"TRANSP_EXP":4.03,"OTRMAN_VA":2092.27,"OTRMAN_EXP":660.89,"ELEGAS_VA":1463.57,"ELEGAS_EXP":4.05,"AGUBAS_VA":357.84,"AGUBAS_EXP":0.18,"CONSTR_VA":4251.86,"CONSTR_EXP":2.49,"COMREV_VA":8960.4,"COMREV_EXP":1651.88,"TRATIE_VA":3148.26,"TRATIE_EXP":351.61,"TRAGUA_VA":77.49,"TRAGUA_EXP":51.84,"TRAAIR_VA":227.51,"TRAAIR_EXP":189.46,"ALMSTR_VA":927.77,"ALMSTR_EXP":128.92,"POSTME_VA":108.4,"POSTME_EXP":8.21,"HOTYRE_VA":2613.8,"HOTYRE_EXP":600.41,"MMTVRA_VA":452.75,"MMTVRA_EXP":51.96,"TELECO_VA":1609.18,"TELECO_EXP":51.88,"ITSERV_VA":241.15,"ITSERV_EXP":1.15,"SERFIN_VA":2867.2,"SERFIN_EXP":97.52,"GOBEST_VA":4211.36,"GOBEST_EXP":68.38,"SPRSCT_VA":2462.11,"SPRSCT_EXP":51.43,"SEAEMP_VA":1904.61,"SEAEMP_EXP":84.82,"ADPDEF_VA":3717.3,"ADPDEF_EXP":118.65,"EDUCAC_VA":4139.62,"EDUCAC_EXP":33.91,"SALUDH_VA":1986.51,"SALUDH_EXP":30.98,"ESPARC_VA":495.59,"ESPARC_EXP":170.32,"OTRSER_VA":908.93,"OTRSER_EXP":45.79,"SERHOG_VA":2189.26,"SERHOG_EXP":0.0}},{"type":"Feature","geometry":{"type":"Point","coordinates":[121.77,12.88]},"properties":{"id":"PHL","name":"Filipinas","continent":"asia","year":2006,"AGRPFO_VA":11876.22,"AGRPFO_EXP":952.34,"FORLOG_VA":1148.64,"FORLOG_EXP":8.53,"PESCAC_VA":3118.72,"PESCAC_EXP":110.85,"MINCOL_VA":66.69,"MINCOL_EXP":99.98,"PETGAS_VA":627.24,"PETGAS_EXP":216.08,"MINORE_VA":604.16,"MINORE_EXP":186.25,"MINOTH_VA":194.53,"MINOTH_EXP":25.2,"MINSER_VA":42.19,"MINSER_EXP":85.91,"ALYBEB_VA":12415.41,"ALYBEB_EXP":3723.82,"TEXYPR_VA":2244.18,"TEXYPR_EXP":1784.86,"MADYPR_VA":325.46,"MADYPR_EXP":309.74,"PAPYPR_VA":342.31,"PAPYPR_EXP":248.94,"PETREF_VA":1950.11,"PETREF_EXP":1496.98,"QUIMYP_VA":1604.02,"QUIMYP_EXP":693.54,"FARMED_VA":416.06,"FARMED_EXP":52.14,"HUPLAS_VA":351.94,"HUPLAS_EXP":487.35,"PRNOMT_VA":514.7,"PRNOMT_EXP":355.49,"METBAS_VA":182.34,"METBAS_EXP":443.6,"NONFER_VA":285.54,"NONFER_EXP":1247.49,"PRMETA_VA":243.3,"PRMETA_EXP":470.12,"ELCTRO_VA":5742.14,"ELCTRO_EXP":10047.03,"ELCTRI_VA":505.62,"ELCTRI_EXP":934.92,"MAQYEQ_VA":426.77,"MAQYEQ_EXP":206.26,"AUTOMO_VA":330.92,"AUTOMO_EXP":290.24,"OTRTRA_VA":63.28,"OTRTRA_EXP":135.84,"TRANSP_VA":183.38,"TRANSP_EXP":62.6,"OTRMAN_VA":752.48,"OTRMAN_EXP":566.3,"ELEGAS_VA":3713.09,"ELEGAS_EXP":28.99,"AGUBAS_VA":636.42,"AGUBAS_EXP":7.06,"CONSTR_VA":5944.34,"CONSTR_EXP":72.39,"COMREV_VA":19651.47,"COMREV_EXP":4381.67,"TRATIE_VA":2958.4,"TRATIE_EXP":667.5,"TRAGUA_VA":520.66,"TRAGUA_EXP":682.26,"TRAAIR_VA":483.33,"TRAAIR_EXP":1147.84,"ALMSTR_VA":911.97,"ALMSTR_EXP":255.61,"POSTME_VA":98.31,"POSTME_EXP":18.46,"HOTYRE_VA":1821.16,"HOTYRE_EXP":2147.93,"MMTVRA_VA":607.55,"MMTVRA_EXP":337.76,"TELECO_VA":5497.54,"TELECO_EXP":1464.33,"ITSERV_VA":475.2,"ITSERV_EXP":419.17,"SERFIN_VA":7717.55,"SERFIN_EXP":446.87,"GOBEST_VA":7490.16,"GOBEST_EXP":371.04,"SPRSCT_VA":1457.23,"SPRSCT_EXP":1474.44,"SEAEMP_VA":2706.47,"SEAEMP_EXP":2964.44,"ADPDEF_VA":4867.65,"ADPDEF_EXP":17.05,"EDUCAC_VA":5004.55,"EDUCAC_EXP":76.05,"SALUDH_VA":1604.85,"SALUDH_EXP":56.8,"ESPARC_VA":1213.65,"ESPARC_EXP":260.47,"OTRSER_VA":1247.77,"OTRSER_EXP":84.28,"SERHOG_VA":0.0,"SERHOG_EXP":0.0}},{"type":"Feature","geometry":{"type":"Point","coordinates":[19.15,51.92]},"properties":{"id":"POL","name":"Polonia","continent":"europe","year":2006,"AGRPFO_VA":9070.62,"AGRPFO_EXP":1362.72,"FORLOG_VA":996.01,"FORLOG_EXP":123.8,"PESCAC_VA":73.86,"PESCAC_EXP":19.6,"MINCOL_VA":4576.96,"MINCOL_EXP":1159.25,"PETGAS_VA":97.59,"PETGAS_EXP":119.82,"MINORE_VA":2153.44,"MINORE_EXP":1862.62,"MINOTH_VA":589.95,"MINOTH_EXP":101.98,"MINSER_VA":113.3,"MINSER_EXP":104.82,"ALYBEB_VA":10465.77,"ALYBEB_EXP":6798.89,"TEXYPR_VA":2908.89,"TEXYPR_EXP":4073.54,"MADYPR_VA":2246.2,"MADYPR_EXP":2518.87,"PAPYPR_VA":2874.07,"PAPYPR_EXP":2106.56,"PETREF_VA":3617.5,"PETREF_EXP":2950.64,"QUIMYP_VA":3060.53,"QUIMYP_EXP":3987.2,"FARMED_VA":862.84,"FARMED_EXP":486.07,"HUPLAS_VA":3752.34,"HUPLAS_EXP":4817.99,"PRNOMT_VA":4561.81,"PRNOMT_EXP":2120.13,"METBAS_VA":2533.01,"METBAS_EXP":2953.98,"NONFER_VA":564.52,"NONFER_EXP":2316.42,"PRMETA_VA":5475.19,"PRMETA_EXP":4978.03,"ELCTRO_VA":1760.75,"ELCTRO_EXP":4422.43,"ELCTRI_VA":2380.01,"ELCTRI_EXP":4429.92,"MAQYEQ_VA":3266.24,"MAQYEQ_EXP":5712.43,"AUTOMO_VA":4896.06,"AUTOMO_EXP":12522.58,"OTRTRA_VA":590.9,"OTRTRA_EXP":956.78,"TRANSP_VA":615.48,"TRANSP_EXP":356.34,"OTRMAN_VA":5967.85,"OTRMAN_EXP":5251.14,"ELEGAS_VA":9771.26,"ELEGAS_EXP":788.53,"AGUBAS_VA":3343.28,"AGUBAS_EXP":78.28,"CONSTR_VA":25081.76,"CONSTR_EXP":379.27,"COMREV_VA":57604.34,"COMREV_EXP":18699.51,"TRATIE_VA":14322.91,"TRATIE_EXP":7552.81,"TRAGUA_VA":392.56,"TRAGUA_EXP":273.09,"TRAAIR_VA":828.0,"TRAAIR_EXP":1530.66,"ALMSTR_VA":4247.9,"ALMSTR_EXP":2767.96,"POSTME_VA":2503.33,"POSTME_EXP":254.99,"HOTYRE_VA":3055.67,"HOTYRE_EXP":733.75,"MMTVRA_VA":3860.9,"MMTVRA_EXP":573.38,"TELECO_VA":6773.41,"TELECO_EXP":512.61,"ITSERV_VA":2501.06,"ITSERV_EXP":907.21,"SERFIN_VA":11688.02,"SERFIN_EXP":809.1,"GOBEST_VA":19462.62,"GOBEST_EXP":615.23,"SPRSCT_VA":15720.43,"SPRSCT_EXP":3444.09,"SEAEMP_VA":4728.12,"SEAEMP_EXP":1074.28,"ADPDEF_VA":18661.98,"ADPDEF_EXP":7.85,"EDUCAC_VA":15711.34,"EDUCAC_EXP":73.64,"SALUDH_VA":11753.61,"SALUDH_EXP":116.95,"ESPARC_VA":2347.81,"ESPARC_EXP":312.58,"OTRSER_VA":3616.12,"OTRSER_EXP":151.36,"SERHOG_VA":31.04,"SERHOG_EXP":0.0}},{"type":"Feature","geometry":{"type":"Point","coordinates":[-8.22,39.4]},"properties":{"id":"PRT","name":"Portugal","continent":"europe","year":2006,"AGRPFO_VA":3625.25,"AGRPFO_EXP":459.29,"FORLOG_VA":906.46,"FORLOG_EXP":117.57,"PESCAC_VA":388.84,"PESCAC_EXP":112.73,"MINCOL_VA":0.0,"MINCOL_EXP":0.0,"PETGAS_VA":0.0,"PETGAS_EXP":0.0,"MINORE_VA":560.37,"MINORE_EXP":528.64,"MINOTH_VA":507.13,"MINOTH_EXP":106.38,"MINSER_VA":12.34,"MINSER_EXP":0.07,"ALYBEB_VA":4247.37,"ALYBEB_EXP":2045.09,"TEXYPR_VA":4569.4,"TEXYPR_EXP":4936.33,"MADYPR_VA":1261.08,"MADYPR_EXP":1350.47,"PAPYPR_VA":2047.88,"PAPYPR_EXP":1793.03,"PETREF_VA":818.01,"PETREF_EXP":1950.81,"QUIMYP_VA":1016.08,"QUIMYP_EXP":1956.41,"FARMED_VA":472.85,"FARMED_EXP":278.11,"HUPLAS_VA":1257.34,"HUPLAS_EXP":1531.09,"PRNOMT_VA":2087.04,"PRNOMT_EXP":1369.07,"METBAS_VA":309.12,"METBAS_EXP":839.38,"NONFER_VA":113.78,"NONFER_EXP":588.93,"PRMETA_VA":2546.09,"PRMETA_EXP":1560.57,"ELCTRO_VA":972.54,"ELCTRO_EXP":3470.8,"ELCTRI_VA":806.87,"ELCTRI_EXP":1646.89,"MAQYEQ_VA":912.53,"MAQYEQ_EXP":2008.82,"AUTOMO_VA":1869.07,"AUTOMO_EXP":4765.23,"OTRTRA_VA":70.51,"OTRTRA_EXP":174.93,"TRANSP_VA":101.98,"TRANSP_EXP":61.66,"OTRMAN_VA":1937.85,"OTRMAN_EXP":1415.43,"ELEGAS_VA":3564.28,"ELEGAS_EXP":221.32,"AGUBAS_VA":1729.7,"AGUBAS_EXP":24.1,"CONSTR_VA":13356.68,"CONSTR_EXP":87.19,"COMREV_VA":25115.03,"COMREV_EXP":7864.12,"TRATIE_VA":4007.71,"TRATIE_EXP":2374.95,"TRAGUA_VA":250.69,"TRAGUA_EXP":523.99,"TRAAIR_VA":987.75,"TRAAIR_EXP":2589.21,"ALMSTR_VA":2961.62,"ALMSTR_EXP":827.36,"POSTME_VA":544.71,"POSTME_EXP":212.63,"HOTYRE_VA":9058.27,"HOTYRE_EXP":3294.33,"MMTVRA_VA":1428.49,"MMTVRA_EXP":439.2,"TELECO_VA":4329.53,"TELECO_EXP":887.28,"ITSERV_VA":1579.25,"ITSERV_EXP":298.81,"SERFIN_VA":13791.99,"SERFIN_EXP":762.14,"GOBEST_VA":15898.45,"GOBEST_EXP":354.04,"SPRSCT_VA":6416.73,"SPRSCT_EXP":1261.02,"SEAEMP_VA":5653.7,"SEAEMP_EXP":895.02,"ADPDEF_VA":15984.81,"ADPDEF_EXP":183.36,"EDUCAC_VA":12794.85,"EDUCAC_EXP":130.13,"SALUDH_VA":11154.28,"SALUDH_EXP":123.22,"ESPARC_VA":1452.39,"ESPARC_EXP":372.03,"OTRSER_VA":2049.12,"OTRSER_EXP":141.12,"SERHOG_VA":1209.56,"SERHOG_EXP":0.0}},{"type":"Feature","geometry":{"type":"Point","coordinates":[24.97,45.94]},"properties":{"id":"ROU","name":"Rumania","continent":"europe","year":2006,"AGRPFO_VA":9050.29,"AGRPFO_EXP":267.7,"FORLOG_VA":456.42,"FORLOG_EXP":14.18,"PESCAC_VA":6.78,"PESCAC_EXP":0.83,"MINCOL_VA":333.17,"MINCOL_EXP":0.43,"PETGAS_VA":613.16,"PETGAS_EXP":17.18,"MINORE_VA":346.07,"MINORE_EXP":34.76,"MINOTH_VA":172.51,"MINOTH_EXP":11.12,"MINSER_VA":379.82,"MINSER_EXP":63.22,"ALYBEB_VA":7342.02,"ALYBEB_EXP":199.02,"TEXYPR_VA":2671.84,"TEXYPR_EXP":2305.23,"MADYPR_VA":1094.33,"MADYPR_EXP":497.68,"PAPYPR_VA":719.1,"PAPYPR_EXP":87.43,"PETREF_VA":1622.75,"PETREF_EXP":1262.11,"QUIMYP_VA":883.24,"QUIMYP_EXP":944.2,"FARMED_VA":313.63,"FARMED_EXP":26.89,"HUPLAS_VA":932.78,"HUPLAS_EXP":325.64,"PRNOMT_VA":1393.08,"PRNOMT_EXP":140.07,"METBAS_VA":838.46,"METBAS_EXP":873.66,"NONFER_VA":142.53,"NONFER_EXP":361.73,"PRMETA_VA":1440.72,"PRMETA_EXP":45.52,"ELCTRO_VA":884.65,"ELCTRO_EXP":342.61,"ELCTRI_VA":1309.23,"ELCTRI_EXP":1166.05,"MAQYEQ_VA":954.58,"MAQYEQ_EXP":968.9,"AUTOMO_VA":2295.1,"AUTOMO_EXP":621.28,"OTRTRA_VA":284.97,"OTRTRA_EXP":224.41,"TRANSP_VA":290.13,"TRANSP_EXP":280.49,"OTRMAN_VA":1558.26,"OTRMAN_EXP":877.94,"ELEGAS_VA":2740.86,"ELEGAS_EXP":98.33,"AGUBAS_VA":628.58,"AGUBAS_EXP":0.1,"CONSTR_VA":9880.23,"CONSTR_EXP":0.15,"COMREV_VA":12662.19,"COMREV_EXP":2016.92,"TRATIE_VA":7017.15,"TRATIE_EXP":4772.36,"TRAGUA_VA":91.82,"TRAGUA_EXP":114.45,"TRAAIR_VA":198.17,"TRAAIR_EXP":303.24,"ALMSTR_VA":1449.47,"ALMSTR_EXP":913.46,"POSTME_VA":274.84,"POSTME_EXP":129.31,"HOTYRE_VA":2463.36,"HOTYRE_EXP":166.75,"MMTVRA_VA":741.27,"MMTVRA_EXP":665.22,"TELECO_VA":3258.58,"TELECO_EXP":1950.14,"ITSERV_VA":1091.39,"ITSERV_EXP":936.12,"SERFIN_VA":2267.72,"SERFIN_EXP":452.28,"GOBEST_VA":8642.65,"GOBEST_EXP":26.93,"SPRSCT_VA":3060.52,"SPRSCT_EXP":469.98,"SEAEMP_VA":1546.21,"SEAEMP_EXP":84.24,"ADPDEF_VA":7387.96,"ADPDEF_EXP":0.07,"EDUCAC_VA":3014.66,"EDUCAC_EXP":8.42,"SALUDH_VA":1956.52,"SALUDH_EXP":5.97,"ESPARC_VA":1158.25,"ESPARC_EXP":39.88,"OTRSER_VA":1864.57,"OTRSER_EXP":9.18,"SERHOG_VA":1203.07,"SERHOG_EXP":0.0}},{"type":"Feature","geometry":{"type":"Point","coordinates":[105.32,61.52]},"properties":{"id":"RUS","name":"Rusia","continent":"europe","year":2006,"AGRPFO_VA":31619.61,"AGRPFO_EXP":4127.87,"FORLOG_VA":1879.33,"FORLOG_EXP":1062.16,"PESCAC_VA":1883.43,"PESCAC_EXP":902.71,"MINCOL_VA":6270.87,"MINCOL_EXP":5140.58,"PETGAS_VA":69604.01,"PETGAS_EXP":33706.2,"MINORE_VA":5289.22,"MINORE_EXP":5066.0,"MINOTH_VA":3810.56,"MINOTH_EXP":3367.48,"MINSER_VA":7983.29,"MINSER_EXP":792.17,"ALYBEB_VA":18370.03,"ALYBEB_EXP":5991.23,"TEXYPR_VA":2474.26,"TEXYPR_EXP":1166.18,"MADYPR_VA":2380.93,"MADYPR_EXP":4320.04,"PAPYPR_VA":3697.33,"PAPYPR_EXP":3670.65,"PETREF_VA":30118.16,"PETREF_EXP":48187.72,"QUIMYP_VA":10285.23,"QUIMYP_EXP":16792.86,"FARMED_VA":1332.27,"FARMED_EXP":428.31,"HUPLAS_VA":2609.94,"HUPLAS_EXP":2043.43,"PRNOMT_VA":6711.76,"PRNOMT_EXP":1196.97,"METBAS_VA":8930.44,"METBAS_EXP":22854.63,"NONFER_VA":16456.06,"NONFER_EXP":18631.52,"PRMETA_VA":4723.33,"PRMETA_EXP":1886.47,"ELCTRO_VA":4864.44,"ELCTRO_EXP":2411.18,"ELCTRI_VA":3419.19,"ELCTRI_EXP":2423.9,"MAQYEQ_VA":5701.35,"MAQYEQ_EXP":5054.14,"AUTOMO_VA":6259.96,"AUTOMO_EXP":2214.39,"OTRTRA_VA":2677.49,"OTRTRA_EXP":953.22,"TRANSP_VA":5775.89,"TRANSP_EXP":1377.12,"OTRMAN_VA":5517.01,"OTRMAN_EXP":1980.17,"ELEGAS_VA":29601.52,"ELEGAS_EXP":1288.25,"AGUBAS_VA":4850.99,"AGUBAS_EXP":51.42,"CONSTR_VA":73801.64,"CONSTR_EXP":479.01,"COMREV_VA":166401.24,"COMREV_EXP":57738.02,"TRATIE_VA":43394.08,"TRATIE_EXP":9905.91,"TRAGUA_VA":941.46,"TRAGUA_EXP":566.9,"TRAAIR_VA":2359.87,"TRAAIR_EXP":3521.63,"ALMSTR_VA":11539.35,"ALMSTR_EXP":3231.1,"POSTME_VA":1659.6,"POSTME_EXP":154.76,"HOTYRE_VA":8954.14,"HOTYRE_EXP":2453.84,"MMTVRA_VA":3756.27,"MMTVRA_EXP":568.27,"TELECO_VA":15235.63,"TELECO_EXP":1317.31,"ITSERV_VA":5643.13,"ITSERV_EXP":1419.8,"SERFIN_VA":35262.95,"SERFIN_EXP":1236.39,"GOBEST_VA":84195.68,"GOBEST_EXP":839.97,"SPRSCT_VA":37997.91,"SPRSCT_EXP":6667.34,"SEAEMP_VA":16514.13,"SEAEMP_EXP":2382.17,"ADPDEF_VA":67168.07,"ADPDEF_EXP":87.88,"EDUCAC_VA":29397.66,"EDUCAC_EXP":141.67,"SALUDH_VA":28638.78,"SALUDH_EXP":116.39,"ESPARC_VA":7111.82,"ESPARC_EXP":342.69,"OTRSER_VA":4071.91,"OTRSER_EXP":187.7,"SERHOG_VA":6105.04,"SERHOG_EXP":0.0}},{"type":"Feature","geometry":{"type":"Point","coordinates":[45.08,23.89]},"properties":{"id":"SAU","name":"Arabia Saudita","continent":"other","year":2006,"AGRPFO_VA":8435.6,"AGRPFO_EXP":251.49,"FORLOG_VA":11.49,"FORLOG_EXP":0.52,"PESCAC_VA":424.18,"PESCAC_EXP":4.5,"MINCOL_VA":0.0,"MINCOL_EXP":0.0,"PETGAS_VA":150448.91,"PETGAS_EXP":156670.97,"MINORE_VA":375.92,"MINORE_EXP":2.4,"MINOTH_VA":776.89,"MINOTH_EXP":170.49,"MINSER_VA":310.23,"MINSER_EXP":408.61,"ALYBEB_VA":5534.95,"ALYBEB_EXP":1534.58,"TEXYPR_VA":1392.1,"TEXYPR_EXP":560.07,"MADYPR_VA":391.04,"MADYPR_EXP":66.28,"PAPYPR_VA":1625.32,"PAPYPR_EXP":796.11,"PETREF_VA":9718.49,"PETREF_EXP":11830.28,"QUIMYP_VA":8204.12,"QUIMYP_EXP":15141.99,"FARMED_VA":224.73,"FARMED_EXP":95.27,"HUPLAS_VA":1207.18,"HUPLAS_EXP":806.52,"PRNOMT_VA":2063.84,"PRNOMT_EXP":553.06,"METBAS_VA":326.92,"METBAS_EXP":950.53,"NONFER_VA":270.92,"NONFER_EXP":1400.14,"PRMETA_VA":1893.2,"PRMETA_EXP":1012.2,"ELCTRO_VA":52.1,"ELCTRO_EXP":86.63,"ELCTRI_VA":1178.92,"ELCTRI_EXP":904.83,"MAQYEQ_VA":660.09,"MAQYEQ_EXP":521.2,"AUTOMO_VA":328.5,"AUTOMO_EXP":91.51,"OTRTRA_VA":13.09,"OTRTRA_EXP":7.12,"TRANSP_VA":21.38,"TRANSP_EXP":15.79,"OTRMAN_VA":1538.65,"OTRMAN_EXP":270.77,"ELEGAS_VA":3102.98,"ELEGAS_EXP":564.25,"AGUBAS_VA":1012.24,"AGUBAS_EXP":0.91,"CONSTR_VA":14486.55,"CONSTR_EXP":107.33,"COMREV_VA":27097.66,"COMREV_EXP":15904.22,"TRATIE_VA":3395.63,"TRATIE_EXP":2084.85,"TRAGUA_VA":288.48,"TRAGUA_EXP":306.64,"TRAAIR_VA":1169.39,"TRAAIR_EXP":831.19,"ALMSTR_VA":2925.03,"ALMSTR_EXP":1545.32,"POSTME_VA":363.15,"POSTME_EXP":142.35,"HOTYRE_VA":5854.73,"HOTYRE_EXP":2230.36,"MMTVRA_VA":688.52,"MMTVRA_EXP":37.51,"TELECO_VA":7455.77,"TELECO_EXP":288.23,"ITSERV_VA":1929.23,"ITSERV_EXP":28.02,"SERFIN_VA":11787.47,"SERFIN_EXP":273.43,"GOBEST_VA":9192.52,"GOBEST_EXP":285.07,"SPRSCT_VA":2275.77,"SPRSCT_EXP":83.78,"SEAEMP_VA":3473.23,"SEAEMP_EXP":78.78,"ADPDEF_VA":45236.77,"ADPDEF_EXP":0.41,"EDUCAC_VA":18221.55,"EDUCAC_EXP":73.13,"SALUDH_VA":10791.57,"SALUDH_EXP":62.12,"ESPARC_VA":932.16,"ESPARC_EXP":190.97,"OTRSER_VA":2123.06,"OTRSER_EXP":83.15,"SERHOG_VA":3092.47,"SERHOG_EXP":0.0}},{"type":"Feature","geometry":{"type":"Point","coordinates":[-14.45,14.5]},"properties":{"id":"SEN","name":"Senegal","continent":"other","year":2006,"AGRPFO_VA":1331.92,"AGRPFO_EXP":94.15,"FORLOG_VA":58.5,"FORLOG_EXP":2.87,"PESCAC_VA":160.95,"PESCAC_EXP":65.68,"MINCOL_VA":6.1,"MINCOL_EXP":13.72,"PETGAS_VA":0.45,"PETGAS_EXP":0.51,"MINORE_VA":14.37,"MINORE_EXP":64.08,"MINOTH_VA":9.54,"MINOTH_EXP":44.45,"MINSER_VA":0.3,"MINSER_EXP":0.73,"ALYBEB_VA":1152.45,"ALYBEB_EXP":273.89,"TEXYPR_VA":320.66,"TEXYPR_EXP":63.94,"MADYPR_VA":68.52,"MADYPR_EXP":2.92,"PAPYPR_VA":79.3,"PAPYPR_EXP":9.2,"PETREF_VA":16.79,"PETREF_EXP":108.37,"QUIMYP_VA":-5.79,"QUIMYP_EXP":89.32,"FARMED_VA":22.06,"FARMED_EXP":11.47,"HUPLAS_VA":66.52,"HUPLAS_EXP":6.97,"PRNOMT_VA":141.73,"PRNOMT_EXP":99.68,"METBAS_VA":76.38,"METBAS_EXP":22.7,"NONFER_VA":2.44,"NONFER_EXP":17.25,"PRMETA_VA":103.97,"PRMETA_EXP":3.33,"ELCTRO_VA":0.32,"ELCTRO_EXP":0.1,"ELCTRI_VA":23.33,"ELCTRI_EXP":7.31,"MAQYEQ_VA":2.86,"MAQYEQ_EXP":3.64,"AUTOMO_VA":1.26,"AUTOMO_EXP":0.54,"OTRTRA_VA":12.91,"OTRTRA_EXP":2.34,"TRANSP_VA":32.41,"TRANSP_EXP":0.9,"OTRMAN_VA":91.29,"OTRMAN_EXP":5.41,"ELEGAS_VA":92.83,"ELEGAS_EXP":6.09,"AGUBAS_VA":57.31,"AGUBAS_EXP":0.16,"CONSTR_VA":395.68,"CONSTR_EXP":1.37,"COMREV_VA":1578.7,"COMREV_EXP":168.37,"TRATIE_VA":332.85,"TRATIE_EXP":45.37,"TRAGUA_VA":15.07,"TRAGUA_EXP":13.04,"TRAAIR_VA":16.5,"TRAAIR_EXP":32.41,"ALMSTR_VA":148.65,"ALMSTR_EXP":54.66,"POSTME_VA":9.43,"POSTME_EXP":0.58,"HOTYRE_VA":168.5,"HOTYRE_EXP":56.75,"MMTVRA_VA":53.22,"MMTVRA_EXP":14.81,"TELECO_VA":478.55,"TELECO_EXP":152.71,"ITSERV_VA":46.43,"ITSERV_EXP":13.08,"SERFIN_VA":249.01,"SERFIN_EXP":23.9,"GOBEST_VA":1096.98,"GOBEST_EXP":15.43,"SPRSCT_VA":406.85,"SPRSCT_EXP":137.33,"SEAEMP_VA":289.43,"SEAEMP_EXP":29.34,"ADPDEF_VA":551.79,"ADPDEF_EXP":0.74,"EDUCAC_VA":493.92,"EDUCAC_EXP":3.31,"SALUDH_VA":196.47,"SALUDH_EXP":2.53,"ESPARC_VA":33.66,"ESPARC_EXP":5.76,"OTRSER_VA":130.29,"OTRSER_EXP":3.18,"SERHOG_VA":68.69,"SERHOG_EXP":0.0}},{"type":"Feature","geometry":{"type":"Point","coordinates":[103.82,1.35]},"properties":{"id":"SGP","name":"Singapur","continent":"asia","year":2006,"AGRPFO_VA":29.41,"AGRPFO_EXP":15.88,"FORLOG_VA":0.0,"FORLOG_EXP":0.0,"PESCAC_VA":29.81,"PESCAC_EXP":0.79,"MINCOL_VA":0.0,"MINCOL_EXP":0.0,"PETGAS_VA":0.0,"PETGAS_EXP":0.0,"MINORE_VA":0.0,"MINORE_EXP":0.0,"MINOTH_VA":0.0,"MINOTH_EXP":0.0,"MINSER_VA":0.0,"MINSER_EXP":0.0,"ALYBEB_VA":1009.23,"ALYBEB_EXP":1875.33,"TEXYPR_VA":335.67,"TEXYPR_EXP":486.35,"MADYPR_VA":44.69,"MADYPR_EXP":108.15,"PAPYPR_VA":1025.32,"PAPYPR_EXP":981.53,"PETREF_VA":888.68,"PETREF_EXP":20767.81,"QUIMYP_VA":2897.93,"QUIMYP_EXP":16071.43,"FARMED_VA":9338.3,"FARMED_EXP":10137.15,"HUPLAS_VA":601.17,"HUPLAS_EXP":881.08,"PRNOMT_VA":233.61,"PRNOMT_EXP":359.34,"METBAS_VA":82.2,"METBAS_EXP":289.57,"NONFER_VA":416.59,"NONFER_EXP":504.1,"PRMETA_VA":903.88,"PRMETA_EXP":1862.88,"ELCTRO_VA":11909.88,"ELCTRO_EXP":37756.24,"ELCTRI_VA":447.33,"ELCTRI_EXP":1331.1,"MAQYEQ_VA":2384.84,"MAQYEQ_EXP":6033.33,"AUTOMO_VA":149.91,"AUTOMO_EXP":154.55,"OTRTRA_VA":1288.98,"OTRTRA_EXP":613.35,"TRANSP_VA":2144.98,"TRANSP_EXP":1986.34,"OTRMAN_VA":862.59,"OTRMAN_EXP":1474.15,"ELEGAS_VA":2200.71,"ELEGAS_EXP":11.19,"AGUBAS_VA":930.78,"AGUBAS_EXP":104.16,"CONSTR_VA":4194.8,"CONSTR_EXP":53.78,"COMREV_VA":25112.44,"COMREV_EXP":22140.5,"TRATIE_VA":1906.1,"TRATIE_EXP":1013.39,"TRAGUA_VA":3595.7,"TRAGUA_EXP":16291.34,"TRAAIR_VA":2239.92,"TRAAIR_EXP":4781.33,"ALMSTR_VA":4539.92,"ALMSTR_EXP":1607.29,"POSTME_VA":327.15,"POSTME_EXP":227.82,"HOTYRE_VA":2671.03,"HOTYRE_EXP":2245.87,"MMTVRA_VA":1209.43,"MMTVRA_EXP":1855.53,"TELECO_VA":1960.28,"TELECO_EXP":962.68,"ITSERV_VA":2003.93,"ITSERV_EXP":3244.48,"SERFIN_VA":14065.38,"SERFIN_EXP":15048.65,"GOBEST_VA":10433.21,"GOBEST_EXP":974.79,"SPRSCT_VA":10482.14,"SPRSCT_EXP":9042.95,"SEAEMP_VA":6455.12,"SEAEMP_EXP":2161.24,"ADPDEF_VA":3551.45,"ADPDEF_EXP":60.82,"EDUCAC_VA":4231.58,"EDUCAC_EXP":436.99,"SALUDH_VA":3708.26,"SALUDH_EXP":406.55,"ESPARC_VA":893.01,"ESPARC_EXP":365.47,"OTRSER_VA":908.5,"OTRSER_EXP":233.91,"SERHOG_VA":544.44,"SERHOG_EXP":0.0}},{"type":"Feature","geometry":{"type":"Point","coordinates":[6.61,0.19]},"properties":{"id":"STP","name":"S. Tomé y Príncipe","continent":"other","year":2006,"AGRPFO_VA":7.47,"AGRPFO_EXP":4.96,"FORLOG_VA":0.04,"FORLOG_EXP":0.0,"PESCAC_VA":10.29,"PESCAC_EXP":0.09,"MINCOL_VA":0.01,"MINCOL_EXP":0.0,"PETGAS_VA":0.19,"PETGAS_EXP":0.01,"MINORE_VA":0.01,"MINORE_EXP":0.0,"MINOTH_VA":0.1,"MINOTH_EXP":0.02,"MINSER_VA":0.07,"MINSER_EXP":0.01,"ALYBEB_VA":3.56,"ALYBEB_EXP":0.34,"TEXYPR_VA":0.01,"TEXYPR_EXP":0.01,"MADYPR_VA":0.01,"MADYPR_EXP":0.0,"PAPYPR_VA":0.01,"PAPYPR_EXP":0.0,"PETREF_VA":0.05,"PETREF_EXP":0.01,"QUIMYP_VA":0.03,"QUIMYP_EXP":0.0,"FARMED_VA":0.02,"FARMED_EXP":0.0,"HUPLAS_VA":0.02,"HUPLAS_EXP":0.0,"PRNOMT_VA":0.06,"PRNOMT_EXP":0.01,"METBAS_VA":0.0,"METBAS_EXP":0.0,"NONFER_VA":0.0,"NONFER_EXP":0.0,"PRMETA_VA":0.01,"PRMETA_EXP":0.0,"ELCTRO_VA":0.0,"ELCTRO_EXP":0.0,"ELCTRI_VA":0.0,"ELCTRI_EXP":0.0,"MAQYEQ_VA":0.0,"MAQYEQ_EXP":0.0,"AUTOMO_VA":0.01,"AUTOMO_EXP":0.0,"OTRTRA_VA":0.0,"OTRTRA_EXP":0.0,"TRANSP_VA":0.0,"TRANSP_EXP":0.0,"OTRMAN_VA":0.02,"OTRMAN_EXP":0.0,"ELEGAS_VA":1.79,"ELEGAS_EXP":0.04,"AGUBAS_VA":1.41,"AGUBAS_EXP":0.06,"CONSTR_VA":4.55,"CONSTR_EXP":0.11,"COMREV_VA":22.99,"COMREV_EXP":2.09,"TRATIE_VA":7.98,"TRATIE_EXP":0.59,"TRAGUA_VA":0.17,"TRAGUA_EXP":0.11,"TRAAIR_VA":0.97,"TRAAIR_EXP":0.39,"ALMSTR_VA":5.45,"ALMSTR_EXP":0.21,"POSTME_VA":1.74,"POSTME_EXP":0.05,"HOTYRE_VA":13.0,"HOTYRE_EXP":1.78,"MMTVRA_VA":1.37,"MMTVRA_EXP":0.26,"TELECO_VA":2.33,"TELECO_EXP":0.64,"ITSERV_VA":2.04,"ITSERV_EXP":0.91,"SERFIN_VA":12.93,"SERFIN_EXP":1.29,"GOBEST_VA":0.63,"GOBEST_EXP":0.04,"SPRSCT_VA":0.52,"SPRSCT_EXP":0.16,"SEAEMP_VA":0.48,"SEAEMP_EXP":0.1,"ADPDEF_VA":13.91,"ADPDEF_EXP":0.09,"EDUCAC_VA":4.88,"EDUCAC_EXP":0.13,"SALUDH_VA":3.03,"SALUDH_EXP":0.1,"ESPARC_VA":2.94,"ESPARC_EXP":0.29,"OTRSER_VA":3.28,"OTRSER_EXP":0.16,"SERHOG_VA":2.55,"SERHOG_EXP":0.0}},{"type":"Feature","geometry":{"type":"Point","coordinates":[19.7,48.67]},"properties":{"id":"SVK","name":"Eslovaquia","continent":"europe","year":2006,"AGRPFO_VA":695.29,"AGRPFO_EXP":461.64,"FORLOG_VA":361.42,"FORLOG_EXP":99.2,"PESCAC_VA":2.52,"PESCAC_EXP":1.66,"MINCOL_VA":23.33,"MINCOL_EXP":7.6,"PETGAS_VA":0.26,"PETGAS_EXP":0.09,"MINORE_VA":4.9,"MINORE_EXP":8.79,"MINOTH_VA":24.1,"MINOTH_EXP":77.68,"MINSER_VA":83.89,"MINSER_EXP":13.41,"ALYBEB_VA":1117.62,"ALYBEB_EXP":909.3,"TEXYPR_VA":631.87,"TEXYPR_EXP":1094.16,"MADYPR_VA":468.61,"MADYPR_EXP":644.05,"PAPYPR_VA":497.47,"PAPYPR_EXP":967.44,"PETREF_VA":1045.6,"PETREF_EXP":1970.77,"QUIMYP_VA":560.12,"QUIMYP_EXP":1346.95,"FARMED_VA":82.46,"FARMED_EXP":147.6,"HUPLAS_VA":669.26,"HUPLAS_EXP":1418.04,"PRNOMT_VA":690.25,"PRNOMT_EXP":647.96,"METBAS_VA":1349.87,"METBAS_EXP":2839.34,"NONFER_VA":238.65,"NONFER_EXP":721.12,"PRMETA_VA":1204.62,"PRMETA_EXP":1795.77,"ELCTRO_VA":742.38,"ELCTRO_EXP":4005.58,"ELCTRI_VA":580.76,"ELCTRI_EXP":2053.05,"MAQYEQ_VA":857.08,"MAQYEQ_EXP":2042.14,"AUTOMO_VA":1666.51,"AUTOMO_EXP":7568.34,"OTRTRA_VA":3.58,"OTRTRA_EXP":0.49,"TRANSP_VA":55.69,"TRANSP_EXP":56.71,"OTRMAN_VA":921.08,"OTRMAN_EXP":870.76,"ELEGAS_VA":3879.32,"ELEGAS_EXP":313.13,"AGUBAS_VA":584.68,"AGUBAS_EXP":42.24,"CONSTR_VA":4051.69,"CONSTR_EXP":187.8,"COMREV_VA":7117.54,"COMREV_EXP":3986.34,"TRATIE_VA":1516.84,"TRATIE_EXP":1634.36,"TRAGUA_VA":68.83,"TRAGUA_EXP":36.33,"TRAAIR_VA":5.89,"TRAAIR_EXP":111.69,"ALMSTR_VA":906.72,"ALMSTR_EXP":702.73,"POSTME_VA":254.5,"POSTME_EXP":69.09,"HOTYRE_VA":675.39,"HOTYRE_EXP":541.52,"MMTVRA_VA":462.46,"MMTVRA_EXP":232.96,"TELECO_VA":1113.05,"TELECO_EXP":203.97,"ITSERV_VA":741.03,"ITSERV_EXP":284.84,"SERFIN_VA":1815.93,"SERFIN_EXP":349.13,"GOBEST_VA":4523.61,"GOBEST_EXP":88.56,"SPRSCT_VA":2527.76,"SPRSCT_EXP":679.8,"SEAEMP_VA":1518.14,"SEAEMP_EXP":380.3,"ADPDEF_VA":4081.46,"ADPDEF_EXP":65.12,"EDUCAC_VA":1670.97,"EDUCAC_EXP":60.76,"SALUDH_VA":1435.32,"SALUDH_EXP":57.46,"ESPARC_VA":828.98,"ESPARC_EXP":275.95,"OTRSER_VA":474.75,"OTRSER_EXP":85.83,"SERHOG_VA":25.18,"SERHOG_EXP":0.0}},{"type":"Feature","geometry":{"type":"Point","coordinates":[14.99,46.15]},"properties":{"id":"SVN","name":"Eslovenia","continent":"europe","year":2006,"AGRPFO_VA":634.41,"AGRPFO_EXP":156.3,"FORLOG_VA":228.16,"FORLOG_EXP":78.01,"PESCAC_VA":4.39,"PESCAC_EXP":2.92,"MINCOL_VA":116.06,"MINCOL_EXP":3.44,"PETGAS_VA":0.0,"PETGAS_EXP":0.0,"MINORE_VA":3.26,"MINORE_EXP":1.38,"MINOTH_VA":60.63,"MINOTH_EXP":19.95,"MINSER_VA":2.13,"MINSER_EXP":0.39,"ALYBEB_VA":622.69,"ALYBEB_EXP":530.93,"TEXYPR_VA":502.47,"TEXYPR_EXP":909.27,"MADYPR_VA":304.56,"MADYPR_EXP":420.4,"PAPYPR_VA":426.59,"PAPYPR_EXP":598.16,"PETREF_VA":3.27,"PETREF_EXP":3.02,"QUIMYP_VA":412.98,"QUIMYP_EXP":1258.31,"FARMED_VA":999.01,"FARMED_EXP":1117.43,"HUPLAS_VA":543.56,"HUPLAS_EXP":1172.06,"PRNOMT_VA":419.37,"PRNOMT_EXP":390.1,"METBAS_VA":249.42,"METBAS_EXP":866.05,"NONFER_VA":162.17,"NONFER_EXP":566.43,"PRMETA_VA":1024.45,"PRMETA_EXP":1568.08,"ELCTRO_VA":356.59,"ELCTRO_EXP":669.3,"ELCTRI_VA":763.98,"ELCTRI_EXP":1221.48,"MAQYEQ_VA":508.42,"MAQYEQ_EXP":1254.38,"AUTOMO_VA":582.1,"AUTOMO_EXP":2082.81,"OTRTRA_VA":27.97,"OTRTRA_EXP":68.6,"TRANSP_VA":35.21,"TRANSP_EXP":59.55,"OTRMAN_VA":570.75,"OTRMAN_EXP":801.13,"ELEGAS_VA":851.39,"ELEGAS_EXP":520.36,"AGUBAS_VA":371.59,"AGUBAS_EXP":16.72,"CONSTR_VA":2591.8,"CONSTR_EXP":93.35,"COMREV_VA":4212.71,"COMREV_EXP":2349.79,"TRATIE_VA":1263.01,"TRATIE_EXP":995.93,"TRAGUA_VA":76.01,"TRAGUA_EXP":107.76,"TRAAIR_VA":67.97,"TRAAIR_EXP":176.64,"ALMSTR_VA":541.9,"ALMSTR_EXP":448.12,"POSTME_VA":245.08,"POSTME_EXP":17.92,"HOTYRE_VA":814.32,"HOTYRE_EXP":740.59,"MMTVRA_VA":331.37,"MMTVRA_EXP":168.68,"TELECO_VA":672.04,"TELECO_EXP":157.33,"ITSERV_VA":422.47,"ITSERV_EXP":103.49,"SERFIN_VA":1712.51,"SERFIN_EXP":180.97,"GOBEST_VA":2568.68,"GOBEST_EXP":103.81,"SPRSCT_VA":2153.22,"SPRSCT_EXP":461.47,"SEAEMP_VA":849.41,"SEAEMP_EXP":304.89,"ADPDEF_VA":2141.8,"ADPDEF_EXP":13.29,"EDUCAC_VA":2000.87,"EDUCAC_EXP":55.82,"SALUDH_VA":1619.94,"SALUDH_EXP":38.8,"ESPARC_VA":571.55,"ESPARC_EXP":90.58,"OTRSER_VA":401.28,"OTRSER_EXP":40.1,"SERHOG_VA":24.47,"SERHOG_EXP":0.0}},{"type":"Feature","geometry":{"type":"Point","coordinates":[18.64,60.13]},"properties":{"id":"SWE","name":"Suecia","continent":"europe","year":2006,"AGRPFO_VA":3336.02,"AGRPFO_EXP":455.82,"FORLOG_VA":2737.18,"FORLOG_EXP":212.52,"PESCAC_VA":117.45,"PESCAC_EXP":139.66,"MINCOL_VA":54.12,"MINCOL_EXP":10.99,"PETGAS_VA":17.15,"PETGAS_EXP":1.51,"MINORE_VA":1875.38,"MINORE_EXP":2267.37,"MINOTH_VA":312.0,"MINOTH_EXP":100.19,"MINSER_VA":77.14,"MINSER_EXP":167.97,"ALYBEB_VA":5448.16,"ALYBEB_EXP":2917.68,"TEXYPR_VA":746.36,"TEXYPR_EXP":1170.7,"MADYPR_VA":3428.33,"MADYPR_EXP":3792.16,"PAPYPR_VA":7175.04,"PAPYPR_EXP":11126.47,"PETREF_VA":1351.74,"PETREF_EXP":6407.12,"QUIMYP_VA":3989.86,"QUIMYP_EXP":5314.72,"FARMED_VA":7623.55,"FARMED_EXP":6231.7,"HUPLAS_VA":2190.82,"HUPLAS_EXP":3032.75,"PRNOMT_VA":1642.53,"PRNOMT_EXP":1074.7,"METBAS_VA":2641.27,"METBAS_EXP":7591.3,"NONFER_VA":930.16,"NONFER_EXP":3081.1,"PRMETA_VA":6880.58,"PRMETA_EXP":3979.78,"ELCTRO_VA":5818.67,"ELCTRO_EXP":10819.3,"ELCTRI_VA":3013.21,"ELCTRI_EXP":3985.01,"MAQYEQ_VA":10018.87,"MAQYEQ_EXP":17632.08,"AUTOMO_VA":7855.43,"AUTOMO_EXP":22376.68,"OTRTRA_VA":224.88,"OTRTRA_EXP":534.9,"TRANSP_VA":1297.09,"TRANSP_EXP":1411.28,"OTRMAN_VA":4944.59,"OTRMAN_EXP":2877.97,"ELEGAS_VA":10045.6,"ELEGAS_EXP":858.43,"AGUBAS_VA":2505.88,"AGUBAS_EXP":18.96,"CONSTR_VA":20539.95,"CONSTR_EXP":303.44,"COMREV_VA":43540.7,"COMREV_EXP":19859.25,"TRATIE_VA":10118.79,"TRATIE_EXP":2754.57,"TRAGUA_VA":1482.27,"TRAGUA_EXP":2136.04,"TRAAIR_VA":1000.68,"TRAAIR_EXP":2250.57,"ALMSTR_VA":6755.95,"ALMSTR_EXP":7255.76,"POSTME_VA":3791.73,"POSTME_EXP":321.3,"HOTYRE_VA":5488.22,"HOTYRE_EXP":2643.35,"MMTVRA_VA":5452.03,"MMTVRA_EXP":1941.64,"TELECO_VA":6335.96,"TELECO_EXP":1424.03,"ITSERV_VA":13979.35,"ITSERV_EXP":3073.19,"SERFIN_VA":14819.66,"SERFIN_EXP":3801.97,"GOBEST_VA":35517.79,"GOBEST_EXP":506.58,"SPRSCT_VA":25430.28,"SPRSCT_EXP":10920.0,"SEAEMP_VA":11405.02,"SEAEMP_EXP":2846.07,"ADPDEF_VA":17703.7,"ADPDEF_EXP":165.86,"EDUCAC_VA":21463.39,"EDUCAC_EXP":191.46,"SALUDH_VA":38515.57,"SALUDH_EXP":151.97,"ESPARC_VA":5232.01,"ESPARC_EXP":380.5,"OTRSER_VA":5951.39,"OTRSER_EXP":189.65,"SERHOG_VA":109.54,"SERHOG_EXP":0.0}},{"type":"Feature","geometry":{"type":"Point","coordinates":[100.99,15.87]},"properties":{"id":"THA","name":"Tailandia","continent":"asia","year":2006,"AGRPFO_VA":14940.39,"AGRPFO_EXP":1884.35,"FORLOG_VA":192.98,"FORLOG_EXP":94.83,"PESCAC_VA":2406.88,"PESCAC_EXP":26.17,"MINCOL_VA":146.18,"MINCOL_EXP":2.87,"PETGAS_VA":4830.13,"PETGAS_EXP":1048.99,"MINORE_VA":38.04,"MINORE_EXP":34.76,"MINOTH_VA":746.25,"MINOTH_EXP":196.55,"MINSER_VA":729.39,"MINSER_EXP":41.9,"ALYBEB_VA":11791.4,"ALYBEB_EXP":12864.15,"TEXYPR_VA":6745.32,"TEXYPR_EXP":6797.8,"MADYPR_VA":607.92,"MADYPR_EXP":865.43,"PAPYPR_VA":1379.98,"PAPYPR_EXP":1096.78,"PETREF_VA":3983.99,"PETREF_EXP":3722.11,"QUIMYP_VA":4464.79,"QUIMYP_EXP":8290.44,"FARMED_VA":601.01,"FARMED_EXP":164.97,"HUPLAS_VA":4161.06,"HUPLAS_EXP":7497.39,"PRNOMT_VA":2854.07,"PRNOMT_EXP":1521.33,"METBAS_VA":1155.61,"METBAS_EXP":1710.29,"NONFER_VA":450.9,"NONFER_EXP":1183.36,"PRMETA_VA":2152.32,"PRMETA_EXP":2631.84,"ELCTRO_VA":7105.95,"ELCTRO_EXP":29493.89,"ELCTRI_VA":2440.9,"ELCTRI_EXP":6407.49,"MAQYEQ_VA":2290.96,"MAQYEQ_EXP":4260.58,"AUTOMO_VA":4079.78,"AUTOMO_EXP":8425.13,"OTRTRA_VA":406.87,"OTRTRA_EXP":289.69,"TRANSP_VA":684.32,"TRANSP_EXP":1913.41,"OTRMAN_VA":2821.59,"OTRMAN_EXP":6348.81,"ELEGAS_VA":4713.41,"ELEGAS_EXP":258.72,"AGUBAS_VA":686.73,"AGUBAS_EXP":0.34,"CONSTR_VA":5690.07,"CONSTR_EXP":0.46,"COMREV_VA":44692.15,"COMREV_EXP":14601.67,"TRATIE_VA":5343.68,"TRATIE_EXP":4719.01,"TRAGUA_VA":1848.75,"TRAGUA_EXP":3401.82,"TRAAIR_VA":2552.95,"TRAAIR_EXP":3786.53,"ALMSTR_VA":1494.83,"ALMSTR_EXP":344.21,"POSTME_VA":392.73,"POSTME_EXP":311.69,"HOTYRE_VA":6096.71,"HOTYRE_EXP":2480.92,"MMTVRA_VA":897.68,"MMTVRA_EXP":143.15,"TELECO_VA":2556.04,"TELECO_EXP":1529.96,"ITSERV_VA":834.29,"ITSERV_EXP":252.81,"SERFIN_VA":9804.63,"SERFIN_EXP":445.08,"GOBEST_VA":4979.19,"GOBEST_EXP":1253.63,"SPRSCT_VA":3572.68,"SPRSCT_EXP":405.84,"SEAEMP_VA":3556.99,"SEAEMP_EXP":1430.48,"ADPDEF_VA":10625.72,"ADPDEF_EXP":0.58,"EDUCAC_VA":7042.1,"EDUCAC_EXP":1.54,"SALUDH_VA":4053.47,"SALUDH_EXP":361.19,"ESPARC_VA":969.33,"ESPARC_EXP":97.67,"OTRSER_VA":2708.34,"OTRSER_EXP":808.35,"SERHOG_VA":362.93,"SERHOG_EXP":0.0}},{"type":"Feature","geometry":{"type":"Point","coordinates":[9.54,33.89]},"properties":{"id":"TUN","name":"Túnez","continent":"other","year":2006,"AGRPFO_VA":2396.61,"AGRPFO_EXP":203.27,"FORLOG_VA":281.92,"FORLOG_EXP":2.52,"PESCAC_VA":446.44,"PESCAC_EXP":92.27,"MINCOL_VA":409.51,"MINCOL_EXP":0.75,"PETGAS_VA":1103.87,"PETGAS_EXP":1355.55,"MINORE_VA":5.05,"MINORE_EXP":1.67,"MINOTH_VA":204.97,"MINOTH_EXP":54.81,"MINSER_VA":97.5,"MINSER_EXP":5.36,"ALYBEB_VA":963.52,"ALYBEB_EXP":771.96,"TEXYPR_VA":1220.54,"TEXYPR_EXP":2217.2,"MADYPR_VA":129.86,"MADYPR_EXP":25.21,"PAPYPR_VA":161.63,"PAPYPR_EXP":149.77,"PETREF_VA":483.74,"PETREF_EXP":186.74,"QUIMYP_VA":281.79,"QUIMYP_EXP":976.62,"FARMED_VA":192.83,"FARMED_EXP":45.71,"HUPLAS_VA":92.99,"HUPLAS_EXP":195.19,"PRNOMT_VA":371.7,"PRNOMT_EXP":143.18,"METBAS_VA":63.52,"METBAS_EXP":215.98,"NONFER_VA":41.82,"NONFER_EXP":124.9,"PRMETA_VA":394.42,"PRMETA_EXP":382.06,"ELCTRO_VA":197.25,"ELCTRO_EXP":483.38,"ELCTRI_VA":619.83,"ELCTRI_EXP":1371.05,"MAQYEQ_VA":312.85,"MAQYEQ_EXP":184.56,"AUTOMO_VA":248.84,"AUTOMO_EXP":337.51,"OTRTRA_VA":17.89,"OTRTRA_EXP":44.5,"TRANSP_VA":32.25,"TRANSP_EXP":75.97,"OTRMAN_VA":210.8,"OTRMAN_EXP":184.43,"ELEGAS_VA":325.84,"ELEGAS_EXP":5.68,"AGUBAS_VA":126.71,"AGUBAS_EXP":4.67,"CONSTR_VA":2029.65,"CONSTR_EXP":4.44,"COMREV_VA":2822.48,"COMREV_EXP":1036.96,"TRATIE_VA":1506.5,"TRATIE_EXP":518.79,"TRAGUA_VA":139.24,"TRAGUA_EXP":186.12,"TRAAIR_VA":188.27,"TRAAIR_EXP":336.23,"ALMSTR_VA":696.7,"ALMSTR_EXP":165.56,"POSTME_VA":285.57,"POSTME_EXP":12.89,"HOTYRE_VA":1772.03,"HOTYRE_EXP":863.23,"MMTVRA_VA":142.47,"MMTVRA_EXP":31.76,"TELECO_VA":1019.87,"TELECO_EXP":249.12,"ITSERV_VA":408.49,"ITSERV_EXP":160.12,"SERFIN_VA":1234.7,"SERFIN_EXP":250.74,"GOBEST_VA":1425.14,"GOBEST_EXP":147.9,"SPRSCT_VA":1024.71,"SPRSCT_EXP":478.29,"SEAEMP_VA":775.45,"SEAEMP_EXP":183.99,"ADPDEF_VA":2961.29,"ADPDEF_EXP":0.5,"EDUCAC_VA":2148.35,"EDUCAC_EXP":42.1,"SALUDH_VA":75.35,"SALUDH_EXP":32.47,"ESPARC_VA":48.23,"ESPARC_EXP":51.53,"OTRSER_VA":84.84,"OTRSER_EXP":28.11,"SERHOG_VA":105.38,"SERHOG_EXP":0.0}},{"type":"Feature","geometry":{"type":"Point","coordinates":[35.24,38.96]},"properties":{"id":"TUR","name":"Turquía","continent":"europe","year":2006,"AGRPFO_VA":44552.98,"AGRPFO_EXP":4306.97,"FORLOG_VA":1252.99,"FORLOG_EXP":6.94,"PESCAC_VA":887.91,"PESCAC_EXP":83.63,"MINCOL_VA":1586.62,"MINCOL_EXP":1.82,"PETGAS_VA":902.78,"PETGAS_EXP":184.77,"MINORE_VA":2398.83,"MINORE_EXP":997.06,"MINOTH_VA":1305.66,"MINOTH_EXP":416.41,"MINSER_VA":275.98,"MINSER_EXP":2.86,"ALYBEB_VA":14664.27,"ALYBEB_EXP":5714.25,"TEXYPR_VA":22967.52,"TEXYPR_EXP":16000.73,"MADYPR_VA":1232.62,"MADYPR_EXP":308.41,"PAPYPR_VA":3400.3,"PAPYPR_EXP":807.63,"PETREF_VA":2624.58,"PETREF_EXP":2773.75,"QUIMYP_VA":3494.64,"QUIMYP_EXP":2633.58,"FARMED_VA":1875.87,"FARMED_EXP":361.41,"HUPLAS_VA":4979.88,"HUPLAS_EXP":2895.7,"PRNOMT_VA":11092.75,"PRNOMT_EXP":1883.22,"METBAS_VA":5556.84,"METBAS_EXP":6235.2,"NONFER_VA":5127.63,"NONFER_EXP":2609.52,"PRMETA_VA":6975.14,"PRMETA_EXP":2951.02,"ELCTRO_VA":1902.96,"ELCTRO_EXP":1395.8,"ELCTRI_VA":3802.74,"ELCTRI_EXP":3966.45,"MAQYEQ_VA":5646.66,"MAQYEQ_EXP":3415.66,"AUTOMO_VA":6193.65,"AUTOMO_EXP":10181.09,"OTRTRA_VA":469.72,"OTRTRA_EXP":416.22,"TRANSP_VA":1095.94,"TRANSP_EXP":522.69,"OTRMAN_VA":4491.7,"OTRMAN_EXP":2223.15,"ELEGAS_VA":7120.52,"ELEGAS_EXP":214.85,"AGUBAS_VA":3217.82,"AGUBAS_EXP":7.7,"CONSTR_VA":38737.21,"CONSTR_EXP":316.72,"COMREV_VA":72236.36,"COMREV_EXP":14627.38,"TRATIE_VA":45259.74,"TRATIE_EXP":6539.05,"TRAGUA_VA":4993.49,"TRAGUA_EXP":1004.35,"TRAAIR_VA":1425.21,"TRAAIR_EXP":3513.39,"ALMSTR_VA":11598.67,"ALMSTR_EXP":1043.0,"POSTME_VA":1295.9,"POSTME_EXP":91.49,"HOTYRE_VA":12220.39,"HOTYRE_EXP":5924.8,"MMTVRA_VA":1902.59,"MMTVRA_EXP":256.64,"TELECO_VA":9600.03,"TELECO_EXP":556.81,"ITSERV_VA":2219.69,"ITSERV_EXP":85.5,"SERFIN_VA":12502.74,"SERFIN_EXP":1151.22,"GOBEST_VA":36543.6,"GOBEST_EXP":1026.06,"SPRSCT_VA":10546.81,"SPRSCT_EXP":1179.62,"SEAEMP_VA":13631.06,"SEAEMP_EXP":2160.55,"ADPDEF_VA":26198.98,"ADPDEF_EXP":45.74,"EDUCAC_VA":19786.53,"EDUCAC_EXP":460.4,"SALUDH_VA":14226.71,"SALUDH_EXP":208.16,"ESPARC_VA":2793.83,"ESPARC_EXP":644.68,"OTRSER_VA":4724.55,"OTRSER_EXP":316.71,"SERHOG_VA":245.54,"SERHOG_EXP":0.0}},{"type":"Feature","geometry":{"type":"Point","coordinates":[120.96,23.7]},"properties":{"id":"TWN","name":"Taiwán","continent":"asia","year":2006,"AGRPFO_VA":4882.81,"AGRPFO_EXP":198.89,"FORLOG_VA":51.64,"FORLOG_EXP":17.7,"PESCAC_VA":1039.07,"PESCAC_EXP":1060.31,"MINCOL_VA":81.66,"MINCOL_EXP":11.52,"PETGAS_VA":265.8,"PETGAS_EXP":29.89,"MINORE_VA":61.71,"MINORE_EXP":11.61,"MINOTH_VA":536.11,"MINOTH_EXP":12.16,"MINSER_VA":287.01,"MINSER_EXP":10.06,"ALYBEB_VA":5212.26,"ALYBEB_EXP":1240.08,"TEXYPR_VA":3676.58,"TEXYPR_EXP":9985.71,"MADYPR_VA":330.87,"MADYPR_EXP":281.74,"PAPYPR_VA":2450.53,"PAPYPR_EXP":1352.19,"PETREF_VA":4788.13,"PETREF_EXP":10694.21,"QUIMYP_VA":7211.23,"QUIMYP_EXP":22546.94,"FARMED_VA":861.79,"FARMED_EXP":346.11,"HUPLAS_VA":3013.31,"HUPLAS_EXP":7273.92,"PRNOMT_VA":3587.48,"PRNOMT_EXP":1320.55,"METBAS_VA":5104.73,"METBAS_EXP":10640.01,"NONFER_VA":1098.17,"NONFER_EXP":4022.85,"PRMETA_VA":5842.54,"PRMETA_EXP":10381.83,"ELCTRO_VA":45301.94,"ELCTRO_EXP":107103.98,"ELCTRI_VA":3339.94,"ELCTRI_EXP":6597.57,"MAQYEQ_VA":5186.09,"MAQYEQ_EXP":14473.67,"AUTOMO_VA":3175.84,"AUTOMO_EXP":3737.2,"OTRTRA_VA":1570.94,"OTRTRA_EXP":785.56,"TRANSP_VA":1681.21,"TRANSP_EXP":3397.22,"OTRMAN_VA":4632.94,"OTRMAN_EXP":2256.27,"ELEGAS_VA":4762.88,"ELEGAS_EXP":13.33,"AGUBAS_VA":2357.71,"AGUBAS_EXP":2.19,"CONSTR_VA":10174.15,"CONSTR_EXP":84.16,"COMREV_VA":63645.39,"COMREV_EXP":27236.61,"TRATIE_VA":4952.13,"TRATIE_EXP":2343.72,"TRAGUA_VA":738.92,"TRAGUA_EXP":2071.49,"TRAAIR_VA":1624.01,"TRAAIR_EXP":3656.84,"ALMSTR_VA":3895.21,"ALMSTR_EXP":1785.09,"POSTME_VA":913.29,"POSTME_EXP":47.36,"HOTYRE_VA":7133.46,"HOTYRE_EXP":1170.35,"MMTVRA_VA":2304.7,"MMTVRA_EXP":637.93,"TELECO_VA":7457.86,"TELECO_EXP":401.87,"ITSERV_VA":3116.92,"ITSERV_EXP":148.46,"SERFIN_VA":27032.44,"SERFIN_EXP":856.56,"GOBEST_VA":31160.36,"GOBEST_EXP":157.77,"SPRSCT_VA":12032.5,"SPRSCT_EXP":754.82,"SEAEMP_VA":6119.32,"SEAEMP_EXP":416.0,"ADPDEF_VA":28490.2,"ADPDEF_EXP":0.0,"EDUCAC_VA":18696.09,"EDUCAC_EXP":89.25,"SALUDH_VA":10744.96,"SALUDH_EXP":646.94,"ESPARC_VA":3170.86,"ESPARC_EXP":268.07,"OTRSER_VA":10506.54,"OTRSER_EXP":47.74,"SERHOG_VA":2781.37,"SERHOG_EXP":0.0}},{"type":"Feature","geometry":{"type":"Point","coordinates":[31.17,48.38]},"properties":{"id":"UKR","name":"Ucrania","continent":"europe","year":2006,"AGRPFO_VA":8550.55,"AGRPFO_EXP":1573.05,"FORLOG_VA":989.53,"FORLOG_EXP":157.86,"PESCAC_VA":31.1,"PESCAC_EXP":5.15,"MINCOL_VA":1958.22,"MINCOL_EXP":436.3,"PETGAS_VA":2058.22,"PETGAS_EXP":242.89,"MINORE_VA":2080.46,"MINORE_EXP":131.7,"MINOTH_VA":473.73,"MINOTH_EXP":198.11,"MINSER_VA":75.69,"MINSER_EXP":953.6,"ALYBEB_VA":5869.95,"ALYBEB_EXP":2570.82,"TEXYPR_VA":879.42,"TEXYPR_EXP":404.45,"MADYPR_VA":369.52,"MADYPR_EXP":525.4,"PAPYPR_VA":910.92,"PAPYPR_EXP":704.26,"PETREF_VA":879.61,"PETREF_EXP":549.27,"QUIMYP_VA":1045.99,"QUIMYP_EXP":1358.36,"FARMED_VA":353.78,"FARMED_EXP":132.5,"HUPLAS_VA":593.99,"HUPLAS_EXP":173.55,"PRNOMT_VA":1073.85,"PRNOMT_EXP":223.36,"METBAS_VA":2861.75,"METBAS_EXP":6413.55,"NONFER_VA":285.03,"NONFER_EXP":574.07,"PRMETA_VA":741.87,"PRMETA_EXP":385.59,"ELCTRO_VA":300.01,"ELCTRO_EXP":418.53,"ELCTRI_VA":835.61,"ELCTRI_EXP":635.15,"MAQYEQ_VA":1423.37,"MAQYEQ_EXP":1106.72,"AUTOMO_VA":286.99,"AUTOMO_EXP":241.36,"OTRTRA_VA":52.4,"OTRTRA_EXP":164.97,"TRANSP_VA":2392.13,"TRANSP_EXP":669.22,"OTRMAN_VA":1256.59,"OTRMAN_EXP":1097.33,"ELEGAS_VA":3319.15,"ELEGAS_EXP":166.53,"AGUBAS_VA":1277.23,"AGUBAS_EXP":5.25,"CONSTR_VA":4610.12,"CONSTR_EXP":39.7,"COMREV_VA":13051.45,"COMREV_EXP":2329.19,"TRATIE_VA":6175.25,"TRATIE_EXP":1551.1,"TRAGUA_VA":722.44,"TRAGUA_EXP":159.77,"TRAAIR_VA":640.0,"TRAAIR_EXP":600.19,"ALMSTR_VA":3071.96,"ALMSTR_EXP":677.98,"POSTME_VA":222.95,"POSTME_EXP":14.29,"HOTYRE_VA":920.57,"HOTYRE_EXP":891.87,"MMTVRA_VA":492.27,"MMTVRA_EXP":99.04,"TELECO_VA":1774.42,"TELECO_EXP":380.28,"ITSERV_VA":952.87,"ITSERV_EXP":873.5,"SERFIN_VA":4462.43,"SERFIN_EXP":787.6,"GOBEST_VA":3796.59,"GOBEST_EXP":251.16,"SPRSCT_VA":2248.06,"SPRSCT_EXP":957.18,"SEAEMP_VA":907.03,"SEAEMP_EXP":273.0,"ADPDEF_VA":5153.02,"ADPDEF_EXP":1.17,"EDUCAC_VA":5080.21,"EDUCAC_EXP":72.1,"SALUDH_VA":3441.07,"SALUDH_EXP":37.46,"ESPARC_VA":694.93,"ESPARC_EXP":238.28,"OTRSER_VA":745.49,"OTRSER_EXP":46.24,"SERHOG_VA":1.74,"SERHOG_EXP":0.0}},{"type":"Feature","geometry":{"type":"Point","coordinates":[-95.71,37.09]},"properties":{"id":"USA","name":"Estados Unidos","continent":"america","year":2006,"AGRPFO_VA":125490.99,"AGRPFO_EXP":26638.11,"FORLOG_VA":12331.44,"FORLOG_EXP":1234.7,"PESCAC_VA":3128.41,"PESCAC_EXP":2707.8,"MINCOL_VA":20051.25,"MINCOL_EXP":3039.0,"PETGAS_VA":170789.61,"PETGAS_EXP":5255.41,"MINORE_VA":12037.97,"MINORE_EXP":5721.99,"MINOTH_VA":18464.44,"MINOTH_EXP":1527.45,"MINSER_VA":43374.36,"MINSER_EXP":1684.51,"ALYBEB_VA":177909.35,"ALYBEB_EXP":31294.16,"TEXYPR_VA":34267.58,"TEXYPR_EXP":17536.84,"MADYPR_VA":32446.72,"MADYPR_EXP":4253.04,"PAPYPR_VA":107414.19,"PAPYPR_EXP":18778.86,"PETREF_VA":132074.48,"PETREF_EXP":32163.19,"QUIMYP_VA":141206.1,"QUIMYP_EXP":71319.81,"FARMED_VA":118470.29,"FARMED_EXP":26696.56,"HUPLAS_VA":66120.47,"HUPLAS_EXP":18031.06,"PRNOMT_VA":63078.31,"PRNOMT_EXP":6997.12,"METBAS_VA":34595.06,"METBAS_EXP":9035.73,"NONFER_VA":41626.4,"NONFER_EXP":21126.63,"PRMETA_VA":128197.16,"PRMETA_EXP":20739.08,"ELCTRO_VA":227402.25,"ELCTRO_EXP":116529.75,"ELCTRI_VA":52186.53,"ELCTRI_EXP":25547.88,"MAQYEQ_VA":125433.66,"MAQYEQ_EXP":83641.64,"AUTOMO_VA":129980.85,"AUTOMO_EXP":73219.95,"OTRTRA_VA":13486.19,"OTRTRA_EXP":2503.32,"TRANSP_VA":83632.08,"TRANSP_EXP":67426.44,"OTRMAN_VA":121909.03,"OTRMAN_EXP":30321.12,"ELEGAS_VA":194607.3,"ELEGAS_EXP":2690.53,"AGUBAS_VA":37653.12,"AGUBAS_EXP":48.9,"CONSTR_VA":711424.69,"CONSTR_EXP":3.93,"COMREV_VA":1429684.77,"COMREV_EXP":184884.83,"TRATIE_VA":201624.75,"TRATIE_EXP":29028.05,"TRAGUA_VA":13932.32,"TRAGUA_EXP":6981.49,"TRAAIR_VA":56951.5,"TRAAIR_EXP":34469.07,"ALMSTR_VA":91245.31,"ALMSTR_EXP":3773.79,"POSTME_VA":98147.49,"POSTME_EXP":8108.26,"HOTYRE_VA":339607.5,"HOTYRE_EXP":27852.24,"MMTVRA_VA":292764.16,"MMTVRA_EXP":43535.18,"TELECO_VA":243177.66,"TELECO_EXP":14487.54,"ITSERV_VA":229529.42,"ITSERV_EXP":10843.15,"SERFIN_VA":1036023.53,"SERFIN_EXP":80378.26,"GOBEST_VA":1550259.99,"GOBEST_EXP":8674.9,"SPRSCT_VA":975603.12,"SPRSCT_EXP":81326.71,"SEAEMP_VA":527349.06,"SEAEMP_EXP":44092.13,"ADPDEF_VA":1198555.11,"ADPDEF_EXP":3125.14,"EDUCAC_VA":735098.73,"EDUCAC_EXP":18749.05,"SALUDH_VA":892985.51,"SALUDH_EXP":1565.17,"ESPARC_VA":121805.51,"ESPARC_EXP":4495.86,"OTRSER_VA":215505.85,"OTRSER_EXP":2099.71,"SERHOG_VA":16395.78,"SERHOG_EXP":0.0}},{"type":"Feature","geometry":{"type":"Point","coordinates":[108.28,14.06]},"properties":{"id":"VNM","name":"Vietnam","continent":"asia","year":2006,"AGRPFO_VA":8881.31,"AGRPFO_EXP":1879.45,"FORLOG_VA":640.33,"FORLOG_EXP":38.73,"PESCAC_VA":2309.8,"PESCAC_EXP":155.92,"MINCOL_VA":378.64,"MINCOL_EXP":943.59,"PETGAS_VA":7246.78,"PETGAS_EXP":8444.33,"MINORE_VA":111.28,"MINORE_EXP":70.48,"MINOTH_VA":195.44,"MINOTH_EXP":35.95,"MINSER_VA":134.63,"MINSER_EXP":2.28,"ALYBEB_VA":3108.41,"ALYBEB_EXP":5226.83,"TEXYPR_VA":4481.67,"TEXYPR_EXP":7388.03,"MADYPR_VA":289.04,"MADYPR_EXP":336.79,"PAPYPR_VA":437.96,"PAPYPR_EXP":198.22,"PETREF_VA":443.27,"PETREF_EXP":46.63,"QUIMYP_VA":861.1,"QUIMYP_EXP":738.53,"FARMED_VA":203.52,"FARMED_EXP":30.49,"HUPLAS_VA":767.98,"HUPLAS_EXP":1001.85,"PRNOMT_VA":1069.19,"PRNOMT_EXP":795.57,"METBAS_VA":354.16,"METBAS_EXP":307.29,"NONFER_VA":83.35,"NONFER_EXP":67.5,"PRMETA_VA":592.37,"PRMETA_EXP":1733.47,"ELCTRO_VA":762.74,"ELCTRO_EXP":644.18,"ELCTRI_VA":469.55,"ELCTRI_EXP":1415.51,"MAQYEQ_VA":376.12,"MAQYEQ_EXP":1052.95,"AUTOMO_VA":250.15,"AUTOMO_EXP":525.88,"OTRTRA_VA":16.21,"OTRTRA_EXP":55.8,"TRANSP_VA":71.31,"TRANSP_EXP":21.13,"OTRMAN_VA":1504.45,"OTRMAN_EXP":1763.67,"ELEGAS_VA":2109.81,"ELEGAS_EXP":10.29,"AGUBAS_VA":441.05,"AGUBAS_EXP":0.13,"CONSTR_VA":4086.23,"CONSTR_EXP":5.74,"COMREV_VA":6207.9,"COMREV_EXP":2628.58,"TRATIE_VA":985.76,"TRATIE_EXP":573.64,"TRAGUA_VA":299.89,"TRAGUA_EXP":460.69,"TRAAIR_VA":324.07,"TRAAIR_EXP":836.25,"ALMSTR_VA":544.0,"ALMSTR_EXP":531.5,"POSTME_VA":121.4,"POSTME_EXP":141.8,"HOTYRE_VA":1770.79,"HOTYRE_EXP":958.75,"MMTVRA_VA":221.4,"MMTVRA_EXP":47.54,"TELECO_VA":814.59,"TELECO_EXP":123.92,"ITSERV_VA":324.15,"ITSERV_EXP":99.87,"SERFIN_VA":1472.34,"SERFIN_EXP":445.67,"GOBEST_VA":1463.46,"GOBEST_EXP":94.14,"SPRSCT_VA":1260.54,"SPRSCT_EXP":159.71,"SEAEMP_VA":380.58,"SEAEMP_EXP":206.95,"ADPDEF_VA":1619.62,"ADPDEF_EXP":1.06,"EDUCAC_VA":1821.28,"EDUCAC_EXP":28.44,"SALUDH_VA":783.66,"SALUDH_EXP":22.59,"ESPARC_VA":645.44,"ESPARC_EXP":98.86,"OTRSER_VA":479.71,"OTRSER_EXP":30.26,"SERHOG_VA":101.96,"SERHOG_EXP":0.0}},{"type":"Feature","geometry":{"type":"Point","coordinates":[22.94,-30.56]},"properties":{"id":"ZAF","name":"Sudáfrica","continent":"other","year":2006,"AGRPFO_VA":5112.62,"AGRPFO_EXP":1961.68,"FORLOG_VA":292.73,"FORLOG_EXP":18.8,"PESCAC_VA":509.65,"PESCAC_EXP":64.21,"MINCOL_VA":3338.78,"MINCOL_EXP":4369.75,"PETGAS_VA":267.31,"PETGAS_EXP":603.34,"MINORE_VA":13403.11,"MINORE_EXP":19477.94,"MINOTH_VA":1185.34,"MINOTH_EXP":2300.91,"MINSER_VA":202.61,"MINSER_EXP":13.35,"ALYBEB_VA":7201.49,"ALYBEB_EXP":1679.02,"TEXYPR_VA":1856.98,"TEXYPR_EXP":325.42,"MADYPR_VA":614.69,"MADYPR_EXP":240.58,"PAPYPR_VA":2546.21,"PAPYPR_EXP":981.46,"PETREF_VA":4069.31,"PETREF_EXP":1668.27,"QUIMYP_VA":3452.66,"QUIMYP_EXP":3740.26,"FARMED_VA":620.97,"FARMED_EXP":199.1,"HUPLAS_VA":1222.83,"HUPLAS_EXP":349.74,"PRNOMT_VA":1771.7,"PRNOMT_EXP":191.42,"METBAS_VA":2752.33,"METBAS_EXP":5281.55,"NONFER_VA":1272.91,"NONFER_EXP":2984.48,"PRMETA_VA":2173.18,"PRMETA_EXP":1334.65,"ELCTRO_VA":643.89,"ELCTRO_EXP":426.69,"ELCTRI_VA":1226.72,"ELCTRI_EXP":738.58,"MAQYEQ_VA":2852.93,"MAQYEQ_EXP":2949.3,"AUTOMO_VA":3452.87,"AUTOMO_EXP":4070.63,"OTRTRA_VA":70.06,"OTRTRA_EXP":117.95,"TRANSP_VA":453.68,"TRANSP_EXP":953.3,"OTRMAN_VA":2148.33,"OTRMAN_EXP":1049.49,"ELEGAS_VA":5262.71,"ELEGAS_EXP":78.12,"AGUBAS_VA":2940.34,"AGUBAS_EXP":0.37,"CONSTR_VA":8370.82,"CONSTR_EXP":93.61,"COMREV_VA":24980.68,"COMREV_EXP":5518.44,"TRATIE_VA":7173.45,"TRATIE_EXP":1965.5,"TRAGUA_VA":387.44,"TRAGUA_EXP":399.56,"TRAAIR_VA":764.53,"TRAAIR_EXP":1122.34,"ALMSTR_VA":3161.73,"ALMSTR_EXP":1147.66,"POSTME_VA":506.77,"POSTME_EXP":99.55,"HOTYRE_VA":2835.52,"HOTYRE_EXP":1167.87,"MMTVRA_VA":2525.58,"MMTVRA_EXP":410.31,"TELECO_VA":15718.34,"TELECO_EXP":1270.07,"ITSERV_VA":5315.42,"ITSERV_EXP":288.81,"SERFIN_VA":40451.2,"SERFIN_EXP":1519.91,"GOBEST_VA":19587.44,"GOBEST_EXP":554.4,"SPRSCT_VA":11348.67,"SPRSCT_EXP":274.37,"SEAEMP_VA":6893.27,"SEAEMP_EXP":444.08,"ADPDEF_VA":9758.33,"ADPDEF_EXP":18.06,"EDUCAC_VA":7831.38,"EDUCAC_EXP":1113.48,"SALUDH_VA":5912.9,"SALUDH_EXP":104.82,"ESPARC_VA":3475.04,"ESPARC_EXP":265.2,"OTRSER_VA":1564.94,"OTRSER_EXP":102.82,"SERHOG_VA":36879.16,"SERHOG_EXP":0.0}}]}