{"type":"FeatureCollection","features":[{"type":"Feature","geometry":{"type":"Point","coordinates":[13.23,-8.84]},"properties":{"id":"AGO","name":"Angola","continent":"other","year":2019,"AGRPFO_VA":5408.73,"AGRPFO_EXP":18.37,"FORLOG_VA":433.05,"FORLOG_EXP":0.85,"PESCAC_VA":924.01,"PESCAC_EXP":3.4,"MINCOL_VA":27.3,"MINCOL_EXP":0.16,"PETGAS_VA":23382.29,"PETGAS_EXP":28896.98,"MINORE_VA":29.73,"MINORE_EXP":0.36,"MINOTH_VA":6406.77,"MINOTH_EXP":1075.84,"MINSER_VA":3494.77,"MINSER_EXP":216.05,"ALYBEB_VA":1037.38,"ALYBEB_EXP":99.95,"TEXYPR_VA":500.49,"TEXYPR_EXP":8.56,"MADYPR_VA":18.01,"MADYPR_EXP":22.09,"PAPYPR_VA":71.08,"PAPYPR_EXP":8.04,"PETREF_VA":845.87,"PETREF_EXP":399.68,"QUIMYP_VA":366.44,"QUIMYP_EXP":176.83,"FARMED_VA":165.86,"FARMED_EXP":1.14,"HUPLAS_VA":87.59,"HUPLAS_EXP":4.15,"PRNOMT_VA":153.4,"PRNOMT_EXP":6.17,"METBAS_VA":51.28,"METBAS_EXP":16.13,"NONFER_VA":13.41,"NONFER_EXP":1.83,"PRMETA_VA":102.5,"PRMETA_EXP":12.6,"ELCTRO_VA":341.89,"ELCTRO_EXP":22.21,"ELCTRI_VA":144.41,"ELCTRI_EXP":16.65,"MAQYEQ_VA":457.08,"MAQYEQ_EXP":192.67,"AUTOMO_VA":405.35,"AUTOMO_EXP":11.49,"OTRTRA_VA":15.79,"OTRTRA_EXP":0.35,"TRANSP_VA":9.51,"TRANSP_EXP":5.62,"OTRMAN_VA":145.87,"OTRMAN_EXP":8.13,"ELEGAS_VA":2533.7,"ELEGAS_EXP":652.88,"AGUBAS_VA":314.36,"AGUBAS_EXP":75.64,"CONSTR_VA":4854.06,"CONSTR_EXP":0.18,"COMREV_VA":5529.38,"COMREV_EXP":710.06,"TRATIE_VA":617.43,"TRATIE_EXP":197.99,"TRAGUA_VA":299.29,"TRAGUA_EXP":90.23,"TRAAIR_VA":377.03,"TRAAIR_EXP":25.57,"ALMSTR_VA":460.46,"ALMSTR_EXP":39.25,"POSTME_VA":248.84,"POSTME_EXP":1.19,"HOTYRE_VA":1477.22,"HOTYRE_EXP":24.62,"MMTVRA_VA":724.35,"MMTVRA_EXP":5.07,"TELECO_VA":1098.94,"TELECO_EXP":10.44,"ITSERV_VA":690.17,"ITSERV_EXP":22.4,"SERFIN_VA":1963.46,"SERFIN_EXP":56.56,"GOBEST_VA":3570.61,"GOBEST_EXP":229.43,"SPRSCT_VA":1159.14,"SPRSCT_EXP":90.62,"SEAEMP_VA":905.98,"SEAEMP_EXP":68.75,"ADPDEF_VA":5023.9,"ADPDEF_EXP":3.02,"EDUCAC_VA":4259.88,"EDUCAC_EXP":1.1,"SALUDH_VA":1144.92,"SALUDH_EXP":2.0,"ESPARC_VA":183.76,"ESPARC_EXP":6.72,"OTRSER_VA":540.91,"OTRSER_EXP":2.17,"SERHOG_VA":0.0,"SERHOG_EXP":0.0}},{"type":"Feature","geometry":{"type":"Point","coordinates":[53.85,23.42]},"properties":{"id":"ARE","name":"Emiratos Árabes","continent":"other","year":2019,"AGRPFO_VA":3717.7,"AGRPFO_EXP":1768.94,"FORLOG_VA":473.36,"FORLOG_EXP":469.96,"PESCAC_VA":502.74,"PESCAC_EXP":643.89,"MINCOL_VA":897.99,"MINCOL_EXP":1311.3,"PETGAS_VA":99216.82,"PETGAS_EXP":122404.44,"MINORE_VA":12999.25,"MINORE_EXP":3545.73,"MINOTH_VA":5855.4,"MINOTH_EXP":8499.71,"MINSER_VA":12002.74,"MINSER_EXP":6263.01,"ALYBEB_VA":5956.5,"ALYBEB_EXP":7031.48,"TEXYPR_VA":2100.02,"TEXYPR_EXP":2041.9,"MADYPR_VA":243.27,"MADYPR_EXP":164.44,"PAPYPR_VA":971.05,"PAPYPR_EXP":1838.72,"PETREF_VA":12727.88,"PETREF_EXP":29786.33,"QUIMYP_VA":3447.8,"QUIMYP_EXP":9782.88,"FARMED_VA":2070.26,"FARMED_EXP":444.92,"HUPLAS_VA":1002.17,"HUPLAS_EXP":1529.98,"PRNOMT_VA":2981.01,"PRNOMT_EXP":2128.97,"METBAS_VA":719.78,"METBAS_EXP":2602.27,"NONFER_VA":3423.9,"NONFER_EXP":11519.7,"PRMETA_VA":1442.04,"PRMETA_EXP":3032.25,"ELCTRO_VA":4630.96,"ELCTRO_EXP":544.17,"ELCTRI_VA":1934.72,"ELCTRI_EXP":2680.44,"MAQYEQ_VA":1292.25,"MAQYEQ_EXP":2480.56,"AUTOMO_VA":1717.57,"AUTOMO_EXP":893.51,"OTRTRA_VA":257.6,"OTRTRA_EXP":314.33,"TRANSP_VA":779.11,"TRANSP_EXP":553.03,"OTRMAN_VA":2545.26,"OTRMAN_EXP":3213.81,"ELEGAS_VA":17424.82,"ELEGAS_EXP":374.47,"AGUBAS_VA":2170.05,"AGUBAS_EXP":42.52,"CONSTR_VA":39452.62,"CONSTR_EXP":508.41,"COMREV_VA":36714.27,"COMREV_EXP":15588.61,"TRATIE_VA":3708.87,"TRATIE_EXP":3733.71,"TRAGUA_VA":2717.53,"TRAGUA_EXP":6171.73,"TRAAIR_VA":2541.01,"TRAAIR_EXP":8287.46,"ALMSTR_VA":3601.66,"ALMSTR_EXP":3724.17,"POSTME_VA":1659.43,"POSTME_EXP":284.65,"HOTYRE_VA":7708.93,"HOTYRE_EXP":16875.06,"MMTVRA_VA":4862.65,"MMTVRA_EXP":1541.45,"TELECO_VA":7188.95,"TELECO_EXP":3710.09,"ITSERV_VA":4502.48,"ITSERV_EXP":5751.2,"SERFIN_VA":13734.66,"SERFIN_EXP":9924.08,"GOBEST_VA":24062.98,"GOBEST_EXP":8503.08,"SPRSCT_VA":7000.56,"SPRSCT_EXP":3508.84,"SEAEMP_VA":6299.78,"SEAEMP_EXP":3345.32,"ADPDEF_VA":30980.81,"ADPDEF_EXP":137.61,"EDUCAC_VA":7120.93,"EDUCAC_EXP":599.13,"SALUDH_VA":5844.05,"SALUDH_EXP":398.7,"ESPARC_VA":1347.64,"ESPARC_EXP":2428.74,"OTRSER_VA":3151.39,"OTRSER_EXP":552.06,"SERHOG_VA":3042.69,"SERHOG_EXP":0.0}},{"type":"Feature","geometry":{"type":"Point","coordinates":[-63.62,-38.42]},"properties":{"id":"ARG","name":"Argentina","continent":"america","year":2019,"AGRPFO_VA":22638.26,"AGRPFO_EXP":11421.71,"FORLOG_VA":411.4,"FORLOG_EXP":62.46,"PESCAC_VA":1625.17,"PESCAC_EXP":367.98,"MINCOL_VA":23.33,"MINCOL_EXP":1.72,"PETGAS_VA":11933.01,"PETGAS_EXP":1747.09,"MINORE_VA":2639.64,"MINORE_EXP":2657.2,"MINOTH_VA":955.09,"MINOTH_EXP":39.42,"MINSER_VA":2896.33,"MINSER_EXP":25.27,"ALYBEB_VA":21413.05,"ALYBEB_EXP":18301.68,"TEXYPR_VA":3469.77,"TEXYPR_EXP":914.52,"MADYPR_VA":1169.14,"MADYPR_EXP":132.37,"PAPYPR_VA":4327.47,"PAPYPR_EXP":529.98,"PETREF_VA":2936.92,"PETREF_EXP":920.81,"QUIMYP_VA":8425.45,"QUIMYP_EXP":2514.83,"FARMED_VA":5507.05,"FARMED_EXP":1012.34,"HUPLAS_VA":3356.47,"HUPLAS_EXP":566.29,"PRNOMT_VA":3077.49,"PRNOMT_EXP":196.06,"METBAS_VA":3917.41,"METBAS_EXP":963.16,"NONFER_VA":1051.98,"NONFER_EXP":692.45,"PRMETA_VA":3114.76,"PRMETA_EXP":834.53,"ELCTRO_VA":973.56,"ELCTRO_EXP":186.85,"ELCTRI_VA":1136.97,"ELCTRI_EXP":205.73,"MAQYEQ_VA":2814.53,"MAQYEQ_EXP":787.18,"AUTOMO_VA":3659.73,"AUTOMO_EXP":4555.38,"OTRTRA_VA":84.02,"OTRTRA_EXP":13.24,"TRANSP_VA":284.27,"TRANSP_EXP":451.0,"OTRMAN_VA":1844.04,"OTRMAN_EXP":355.97,"ELEGAS_VA":7133.33,"ELEGAS_EXP":67.96,"AGUBAS_VA":1077.05,"AGUBAS_EXP":0.09,"CONSTR_VA":17788.32,"CONSTR_EXP":3.98,"COMREV_VA":65455.6,"COMREV_EXP":12677.21,"TRATIE_VA":10952.54,"TRATIE_EXP":1719.52,"TRAGUA_VA":260.21,"TRAGUA_EXP":62.66,"TRAAIR_VA":1212.77,"TRAAIR_EXP":1194.26,"ALMSTR_VA":4975.21,"ALMSTR_EXP":1374.91,"POSTME_VA":662.63,"POSTME_EXP":25.35,"HOTYRE_VA":9725.18,"HOTYRE_EXP":2020.53,"MMTVRA_VA":901.49,"MMTVRA_EXP":257.48,"TELECO_VA":9023.75,"TELECO_EXP":1052.29,"ITSERV_VA":4999.18,"ITSERV_EXP":1400.39,"SERFIN_VA":14429.93,"SERFIN_EXP":191.2,"GOBEST_VA":25465.6,"GOBEST_EXP":251.02,"SPRSCT_VA":20555.95,"SPRSCT_EXP":3228.39,"SEAEMP_VA":6480.71,"SEAEMP_EXP":1276.87,"ADPDEF_VA":32271.29,"ADPDEF_EXP":0.4,"EDUCAC_VA":22956.64,"EDUCAC_EXP":82.9,"SALUDH_VA":19655.18,"SALUDH_EXP":55.32,"ESPARC_VA":1531.74,"ESPARC_EXP":396.13,"OTRSER_VA":3667.49,"OTRSER_EXP":74.88,"SERHOG_VA":4570.47,"SERHOG_EXP":0.0}},{"type":"Feature","geometry":{"type":"Point","coordinates":[133.78,-25.27]},"properties":{"id":"AUS","name":"Australia","continent":"other","year":2019,"AGRPFO_VA":25156.04,"AGRPFO_EXP":7207.9,"FORLOG_VA":1370.1,"FORLOG_EXP":350.35,"PESCAC_VA":1613.43,"PESCAC_EXP":457.04,"MINCOL_VA":23646.7,"MINCOL_EXP":32928.5,"PETGAS_VA":38153.25,"PETGAS_EXP":36496.29,"MINORE_VA":71492.92,"MINORE_EXP":78713.32,"MINOTH_VA":2021.47,"MINOTH_EXP":588.19,"MINSER_VA":6787.2,"MINSER_EXP":271.9,"ALYBEB_VA":19365.32,"ALYBEB_EXP":14935.79,"TEXYPR_VA":1647.67,"TEXYPR_EXP":739.68,"MADYPR_VA":3343.7,"MADYPR_EXP":683.43,"PAPYPR_VA":3587.8,"PAPYPR_EXP":1124.02,"PETREF_VA":2688.58,"PETREF_EXP":2415.47,"QUIMYP_VA":4277.24,"QUIMYP_EXP":3371.46,"FARMED_VA":3541.94,"FARMED_EXP":3296.88,"HUPLAS_VA":3411.44,"HUPLAS_EXP":991.42,"PRNOMT_VA":5277.63,"PRNOMT_EXP":473.06,"METBAS_VA":1444.51,"METBAS_EXP":819.95,"NONFER_VA":2940.17,"NONFER_EXP":25238.47,"PRMETA_VA":8369.33,"PRMETA_EXP":1423.0,"ELCTRO_VA":4455.5,"ELCTRO_EXP":1924.69,"ELCTRI_VA":1772.3,"ELCTRI_EXP":889.38,"MAQYEQ_VA":3995.78,"MAQYEQ_EXP":1791.09,"AUTOMO_VA":2617.89,"AUTOMO_EXP":1140.63,"OTRTRA_VA":2081.98,"OTRTRA_EXP":451.66,"TRANSP_VA":1997.31,"TRANSP_EXP":685.8,"OTRMAN_VA":6396.02,"OTRMAN_EXP":1000.84,"ELEGAS_VA":18704.95,"ELEGAS_EXP":181.21,"AGUBAS_VA":14257.11,"AGUBAS_EXP":21.38,"CONSTR_VA":100481.04,"CONSTR_EXP":925.3,"COMREV_VA":116060.88,"COMREV_EXP":30440.09,"TRATIE_VA":26114.15,"TRATIE_EXP":5576.91,"TRAGUA_VA":3138.42,"TRAGUA_EXP":1418.95,"TRAAIR_VA":5237.69,"TRAAIR_EXP":5004.02,"ALMSTR_VA":23950.95,"ALMSTR_EXP":3011.94,"POSTME_VA":4512.99,"POSTME_EXP":1206.59,"HOTYRE_VA":29384.24,"HOTYRE_EXP":6241.21,"MMTVRA_VA":8727.08,"MMTVRA_EXP":841.61,"TELECO_VA":14917.59,"TELECO_EXP":1799.75,"ITSERV_VA":31971.72,"ITSERV_EXP":2226.62,"SERFIN_VA":104954.86,"SERFIN_EXP":4321.93,"GOBEST_VA":152607.65,"GOBEST_EXP":1538.13,"SPRSCT_VA":74045.49,"SPRSCT_EXP":5403.86,"SEAEMP_VA":53374.65,"SEAEMP_EXP":4765.93,"ADPDEF_VA":74747.39,"ADPDEF_EXP":33.84,"EDUCAC_VA":67430.96,"EDUCAC_EXP":10121.13,"SALUDH_VA":100998.15,"SALUDH_EXP":557.89,"ESPARC_VA":10798.21,"ESPARC_EXP":2043.34,"OTRSER_VA":11545.6,"OTRSER_EXP":717.66,"SERHOG_VA":0.0,"SERHOG_EXP":0.0}},{"type":"Feature","geometry":{"type":"Point","coordinates":[14.55,47.52]},"properties":{"id":"AUT","name":"Austria","continent":"europe","year":2019,"AGRPFO_VA":3694.34,"AGRPFO_EXP":1471.33,"FORLOG_VA":1179.01,"FORLOG_EXP":93.63,"PESCAC_VA":40.03,"PESCAC_EXP":11.92,"MINCOL_VA":28.59,"MINCOL_EXP":2.27,"PETGAS_VA":569.47,"PETGAS_EXP":385.31,"MINORE_VA":145.15,"MINORE_EXP":271.87,"MINOTH_VA":603.76,"MINOTH_EXP":246.06,"MINSER_VA":60.62,"MINSER_EXP":57.37,"ALYBEB_VA":8320.44,"ALYBEB_EXP":11357.61,"TEXYPR_VA":1181.09,"TEXYPR_EXP":2396.61,"MADYPR_VA":3443.97,"MADYPR_EXP":4178.82,"PAPYPR_VA":3590.5,"PAPYPR_EXP":5789.14,"PETREF_VA":1223.89,"PETREF_EXP":3518.83,"QUIMYP_VA":3686.45,"QUIMYP_EXP":11610.92,"FARMED_VA":3107.28,"FARMED_EXP":4415.5,"HUPLAS_VA":3199.16,"HUPLAS_EXP":4119.64,"PRNOMT_VA":3389.05,"PRNOMT_EXP":2323.6,"METBAS_VA":3057.61,"METBAS_EXP":6960.42,"NONFER_VA":2053.17,"NONFER_EXP":3678.14,"PRMETA_VA":7756.25,"PRMETA_EXP":8816.4,"ELCTRO_VA":4944.3,"ELCTRO_EXP":7581.49,"ELCTRI_VA":6369.82,"ELCTRI_EXP":9832.04,"MAQYEQ_VA":11071.09,"MAQYEQ_EXP":15706.23,"AUTOMO_VA":5912.02,"AUTOMO_EXP":16735.36,"OTRTRA_VA":96.56,"OTRTRA_EXP":34.95,"TRANSP_VA":1291.12,"TRANSP_EXP":3363.71,"OTRMAN_VA":5938.81,"OTRMAN_EXP":4792.14,"ELEGAS_VA":6541.46,"ELEGAS_EXP":1503.61,"AGUBAS_VA":4188.61,"AGUBAS_EXP":77.73,"CONSTR_VA":26887.04,"CONSTR_EXP":483.62,"COMREV_VA":48805.76,"COMREV_EXP":23350.8,"TRATIE_VA":11168.52,"TRATIE_EXP":11143.93,"TRAGUA_VA":278.73,"TRAGUA_EXP":137.99,"TRAAIR_VA":1116.38,"TRAAIR_EXP":3464.76,"ALMSTR_VA":9074.88,"ALMSTR_EXP":4276.33,"POSTME_VA":1686.18,"POSTME_EXP":1062.98,"HOTYRE_VA":17116.62,"HOTYRE_EXP":3949.1,"MMTVRA_VA":3038.16,"MMTVRA_EXP":1643.71,"TELECO_VA":3455.04,"TELECO_EXP":1289.76,"ITSERV_VA":9279.42,"ITSERV_EXP":6125.45,"SERFIN_VA":17051.25,"SERFIN_EXP":4399.7,"GOBEST_VA":39206.11,"GOBEST_EXP":1595.15,"SPRSCT_VA":22794.4,"SPRSCT_EXP":10813.78,"SEAEMP_VA":18508.02,"SEAEMP_EXP":2950.97,"ADPDEF_VA":20625.92,"ADPDEF_EXP":220.23,"EDUCAC_VA":21439.02,"EDUCAC_EXP":1179.54,"SALUDH_VA":31185.48,"SALUDH_EXP":545.54,"ESPARC_VA":4538.69,"ESPARC_EXP":1398.94,"OTRSER_VA":6131.96,"OTRSER_EXP":584.71,"SERHOG_VA":153.24,"SERHOG_EXP":0.0}},{"type":"Feature","geometry":{"type":"Point","coordinates":[4.47,50.5]},"properties":{"id":"BEL","name":"Bélgica","continent":"europe","year":2019,"AGRPFO_VA":3942.12,"AGRPFO_EXP":1855.45,"FORLOG_VA":125.62,"FORLOG_EXP":148.57,"PESCAC_VA":63.15,"PESCAC_EXP":48.94,"MINCOL_VA":0.0,"MINCOL_EXP":0.0,"PETGAS_VA":0.0,"PETGAS_EXP":0.0,"MINORE_VA":0.0,"MINORE_EXP":0.0,"MINOTH_VA":344.06,"MINOTH_EXP":219.29,"MINSER_VA":2.21,"MINSER_EXP":8.0,"ALYBEB_VA":10209.28,"ALYBEB_EXP":18749.06,"TEXYPR_VA":1498.69,"TEXYPR_EXP":3351.59,"MADYPR_VA":1212.19,"MADYPR_EXP":1353.86,"PAPYPR_VA":2336.0,"PAPYPR_EXP":2736.64,"PETREF_VA":2572.83,"PETREF_EXP":13871.68,"QUIMYP_VA":10207.73,"QUIMYP_EXP":21656.73,"FARMED_VA":12183.76,"FARMED_EXP":16035.92,"HUPLAS_VA":2939.25,"HUPLAS_EXP":4936.67,"PRNOMT_VA":3206.54,"PRNOMT_EXP":2302.78,"METBAS_VA":2334.03,"METBAS_EXP":6773.17,"NONFER_VA":1304.92,"NONFER_EXP":7515.67,"PRMETA_VA":4736.31,"PRMETA_EXP":4026.67,"ELCTRO_VA":1816.75,"ELCTRO_EXP":3891.85,"ELCTRI_VA":1428.13,"ELCTRI_EXP":2348.2,"MAQYEQ_VA":4118.48,"MAQYEQ_EXP":7648.11,"AUTOMO_VA":3605.8,"AUTOMO_EXP":12551.88,"OTRTRA_VA":8.32,"OTRTRA_EXP":16.36,"TRANSP_VA":1098.66,"TRANSP_EXP":744.71,"OTRMAN_VA":4332.09,"OTRMAN_EXP":3610.41,"ELEGAS_VA":6996.14,"ELEGAS_EXP":773.87,"AGUBAS_VA":4720.34,"AGUBAS_EXP":20.78,"CONSTR_VA":26577.32,"CONSTR_EXP":920.67,"COMREV_VA":56309.04,"COMREV_EXP":32707.18,"TRATIE_VA":10731.15,"TRATIE_EXP":11293.92,"TRAGUA_VA":1197.16,"TRAGUA_EXP":3158.46,"TRAAIR_VA":696.62,"TRAAIR_EXP":3497.7,"ALMSTR_VA":13511.25,"ALMSTR_EXP":15308.52,"POSTME_VA":2459.57,"POSTME_EXP":951.25,"HOTYRE_VA":9877.01,"HOTYRE_EXP":1776.35,"MMTVRA_VA":3542.55,"MMTVRA_EXP":2594.67,"TELECO_VA":6143.85,"TELECO_EXP":3612.51,"ITSERV_VA":11793.37,"ITSERV_EXP":7395.09,"SERFIN_VA":31978.43,"SERFIN_EXP":18291.95,"GOBEST_VA":45500.15,"GOBEST_EXP":742.47,"SPRSCT_VA":49634.77,"SPRSCT_EXP":37448.98,"SEAEMP_VA":26159.63,"SEAEMP_EXP":8315.13,"ADPDEF_VA":35886.71,"ADPDEF_EXP":568.35,"EDUCAC_VA":33139.02,"EDUCAC_EXP":2763.15,"SALUDH_VA":35290.44,"SALUDH_EXP":151.83,"ESPARC_VA":3530.74,"ESPARC_EXP":868.35,"OTRSER_VA":6126.55,"OTRSER_EXP":291.24,"SERHOG_VA":329.22,"SERHOG_EXP":0.0}},{"type":"Feature","geometry":{"type":"Point","coordinates":[90.36,23.68]},"properties":{"id":"BGD","name":"Bangladesh","continent":"asia","year":2019,"AGRPFO_VA":23230.11,"AGRPFO_EXP":3966.26,"FORLOG_VA":4716.78,"FORLOG_EXP":16.38,"PESCAC_VA":7807.57,"PESCAC_EXP":96.9,"MINCOL_VA":15.58,"MINCOL_EXP":1.38,"PETGAS_VA":3023.83,"PETGAS_EXP":9.34,"MINORE_VA":12.04,"MINORE_EXP":0.89,"MINOTH_VA":180.74,"MINOTH_EXP":3.06,"MINSER_VA":122.38,"MINSER_EXP":8.06,"ALYBEB_VA":9622.49,"ALYBEB_EXP":2447.91,"TEXYPR_VA":36351.24,"TEXYPR_EXP":23004.57,"MADYPR_VA":78.3,"MADYPR_EXP":16.92,"PAPYPR_VA":485.71,"PAPYPR_EXP":24.84,"PETREF_VA":74.66,"PETREF_EXP":14.85,"QUIMYP_VA":601.73,"QUIMYP_EXP":80.99,"FARMED_VA":1335.68,"FARMED_EXP":107.43,"HUPLAS_VA":5132.19,"HUPLAS_EXP":100.74,"PRNOMT_VA":4260.81,"PRNOMT_EXP":72.04,"METBAS_VA":1486.86,"METBAS_EXP":36.88,"NONFER_VA":940.48,"NONFER_EXP":48.61,"PRMETA_VA":393.64,"PRMETA_EXP":22.09,"ELCTRO_VA":397.21,"ELCTRO_EXP":34.02,"ELCTRI_VA":737.04,"ELCTRI_EXP":73.69,"MAQYEQ_VA":94.49,"MAQYEQ_EXP":23.82,"AUTOMO_VA":55.23,"AUTOMO_EXP":2.92,"OTRTRA_VA":311.89,"OTRTRA_EXP":9.25,"TRANSP_VA":348.51,"TRANSP_EXP":123.07,"OTRMAN_VA":779.79,"OTRMAN_EXP":183.15,"ELEGAS_VA":3867.68,"ELEGAS_EXP":7.93,"AGUBAS_VA":5764.62,"AGUBAS_EXP":16.27,"CONSTR_VA":25822.62,"CONSTR_EXP":58.57,"COMREV_VA":30039.75,"COMREV_EXP":5613.6,"TRATIE_VA":8264.91,"TRATIE_EXP":438.81,"TRAGUA_VA":2264.16,"TRAGUA_EXP":414.03,"TRAAIR_VA":1926.52,"TRAAIR_EXP":522.27,"ALMSTR_VA":2680.4,"ALMSTR_EXP":177.97,"POSTME_VA":469.81,"POSTME_EXP":2.92,"HOTYRE_VA":6906.63,"HOTYRE_EXP":151.12,"MMTVRA_VA":2099.89,"MMTVRA_EXP":126.07,"TELECO_VA":5974.57,"TELECO_EXP":253.59,"ITSERV_VA":1636.47,"ITSERV_EXP":637.73,"SERFIN_VA":10645.01,"SERFIN_EXP":350.3,"GOBEST_VA":14368.4,"GOBEST_EXP":130.5,"SPRSCT_VA":8171.35,"SPRSCT_EXP":1917.35,"SEAEMP_VA":5619.58,"SEAEMP_EXP":656.04,"ADPDEF_VA":10064.94,"ADPDEF_EXP":8.89,"EDUCAC_VA":7800.15,"EDUCAC_EXP":15.9,"SALUDH_VA":11250.67,"SALUDH_EXP":11.94,"ESPARC_VA":4251.78,"ESPARC_EXP":144.64,"OTRSER_VA":4615.72,"OTRSER_EXP":27.09,"SERHOG_VA":0.0,"SERHOG_EXP":0.0}},{"type":"Feature","geometry":{"type":"Point","coordinates":[25.49,42.73]},"properties":{"id":"BGR","name":"Bulgaria","continent":"europe","year":2019,"AGRPFO_VA":2089.85,"AGRPFO_EXP":3198.93,"FORLOG_VA":279.94,"FORLOG_EXP":101.07,"PESCAC_VA":32.57,"PESCAC_EXP":11.54,"MINCOL_VA":224.43,"MINCOL_EXP":13.85,"PETGAS_VA":17.57,"PETGAS_EXP":4.65,"MINORE_VA":429.19,"MINORE_EXP":678.61,"MINOTH_VA":125.88,"MINOTH_EXP":175.38,"MINSER_VA":16.11,"MINSER_EXP":9.73,"ALYBEB_VA":1525.65,"ALYBEB_EXP":2348.22,"TEXYPR_VA":952.38,"TEXYPR_EXP":1642.05,"MADYPR_VA":166.42,"MADYPR_EXP":296.71,"PAPYPR_VA":408.64,"PAPYPR_EXP":383.09,"PETREF_VA":590.73,"PETREF_EXP":2305.35,"QUIMYP_VA":526.41,"QUIMYP_EXP":1229.66,"FARMED_VA":230.78,"FARMED_EXP":529.87,"HUPLAS_VA":578.79,"HUPLAS_EXP":926.89,"PRNOMT_VA":633.28,"PRNOMT_EXP":670.92,"METBAS_VA":385.49,"METBAS_EXP":887.23,"NONFER_VA":291.08,"NONFER_EXP":1467.83,"PRMETA_VA":947.94,"PRMETA_EXP":877.87,"ELCTRO_VA":288.3,"ELCTRO_EXP":541.39,"ELCTRI_VA":590.18,"ELCTRI_EXP":1551.1,"MAQYEQ_VA":749.49,"MAQYEQ_EXP":1603.61,"AUTOMO_VA":350.73,"AUTOMO_EXP":895.16,"OTRTRA_VA":42.31,"OTRTRA_EXP":30.57,"TRANSP_VA":70.98,"TRANSP_EXP":187.58,"OTRMAN_VA":988.55,"OTRMAN_EXP":1042.2,"ELEGAS_VA":1745.12,"ELEGAS_EXP":722.33,"AGUBAS_VA":663.44,"AGUBAS_EXP":24.85,"CONSTR_VA":2812.44,"CONSTR_EXP":185.83,"COMREV_VA":9504.77,"COMREV_EXP":4914.91,"TRATIE_VA":2586.82,"TRATIE_EXP":2012.91,"TRAGUA_VA":108.26,"TRAGUA_EXP":131.84,"TRAAIR_VA":149.82,"TRAAIR_EXP":513.26,"ALMSTR_VA":1065.73,"ALMSTR_EXP":721.25,"POSTME_VA":222.62,"POSTME_EXP":33.56,"HOTYRE_VA":1632.75,"HOTYRE_EXP":1632.23,"MMTVRA_VA":435.86,"MMTVRA_EXP":220.8,"TELECO_VA":1229.61,"TELECO_EXP":289.13,"ITSERV_VA":2941.79,"ITSERV_EXP":1277.56,"SERFIN_VA":3482.64,"SERFIN_EXP":632.79,"GOBEST_VA":6224.5,"GOBEST_EXP":289.26,"SPRSCT_VA":2679.65,"SPRSCT_EXP":1427.04,"SEAEMP_VA":1702.52,"SEAEMP_EXP":422.44,"ADPDEF_VA":3976.17,"ADPDEF_EXP":0.52,"EDUCAC_VA":2486.67,"EDUCAC_EXP":96.8,"SALUDH_VA":2341.16,"SALUDH_EXP":66.09,"ESPARC_VA":920.83,"ESPARC_EXP":565.09,"OTRSER_VA":622.92,"OTRSER_EXP":81.94,"SERHOG_VA":74.73,"SERHOG_EXP":0.0}},{"type":"Feature","geometry":{"type":"Point","coordinates":[27.95,53.71]},"properties":{"id":"BLR","name":"Bielorrusia","continent":"europe","year":2019,"AGRPFO_VA":5220.2,"AGRPFO_EXP":779.19,"FORLOG_VA":321.17,"FORLOG_EXP":30.88,"PESCAC_VA":97.6,"PESCAC_EXP":5.3,"MINCOL_VA":9.62,"MINCOL_EXP":16.18,"PETGAS_VA":380.96,"PETGAS_EXP":153.29,"MINORE_VA":9.42,"MINORE_EXP":0.7,"MINOTH_VA":186.88,"MINOTH_EXP":185.0,"MINSER_VA":104.47,"MINSER_EXP":19.32,"ALYBEB_VA":3589.55,"ALYBEB_EXP":5100.05,"TEXYPR_VA":1767.55,"TEXYPR_EXP":415.79,"MADYPR_VA":416.98,"MADYPR_EXP":916.01,"PAPYPR_VA":855.39,"PAPYPR_EXP":357.95,"PETREF_VA":2270.22,"PETREF_EXP":5574.77,"QUIMYP_VA":1680.69,"QUIMYP_EXP":5038.61,"FARMED_VA":388.26,"FARMED_EXP":313.31,"HUPLAS_VA":565.23,"HUPLAS_EXP":1103.2,"PRNOMT_VA":943.33,"PRNOMT_EXP":663.65,"METBAS_VA":550.85,"METBAS_EXP":537.67,"NONFER_VA":360.59,"NONFER_EXP":253.4,"PRMETA_VA":670.15,"PRMETA_EXP":952.42,"ELCTRO_VA":428.95,"ELCTRO_EXP":598.69,"ELCTRI_VA":433.88,"ELCTRI_EXP":1046.26,"MAQYEQ_VA":1262.51,"MAQYEQ_EXP":2427.52,"AUTOMO_VA":1140.43,"AUTOMO_EXP":710.83,"OTRTRA_VA":127.17,"OTRTRA_EXP":3.13,"TRANSP_VA":115.11,"TRANSP_EXP":176.33,"OTRMAN_VA":943.25,"OTRMAN_EXP":1123.46,"ELEGAS_VA":1873.13,"ELEGAS_EXP":173.04,"AGUBAS_VA":469.85,"AGUBAS_EXP":15.22,"CONSTR_VA":4028.54,"CONSTR_EXP":77.79,"COMREV_VA":5974.62,"COMREV_EXP":2384.53,"TRATIE_VA":1999.0,"TRATIE_EXP":624.25,"TRAGUA_VA":459.48,"TRAGUA_EXP":1217.21,"TRAAIR_VA":407.87,"TRAAIR_EXP":1401.52,"ALMSTR_VA":535.25,"ALMSTR_EXP":490.28,"POSTME_VA":105.63,"POSTME_EXP":4.8,"HOTYRE_VA":1486.1,"HOTYRE_EXP":292.35,"MMTVRA_VA":431.21,"MMTVRA_EXP":409.79,"TELECO_VA":1043.26,"TELECO_EXP":879.59,"ITSERV_VA":430.95,"ITSERV_EXP":664.04,"SERFIN_VA":2222.23,"SERFIN_EXP":509.89,"GOBEST_VA":2547.55,"GOBEST_EXP":198.69,"SPRSCT_VA":1515.83,"SPRSCT_EXP":1561.72,"SEAEMP_VA":1056.47,"SEAEMP_EXP":529.8,"ADPDEF_VA":2875.73,"ADPDEF_EXP":13.58,"EDUCAC_VA":2060.49,"EDUCAC_EXP":25.93,"SALUDH_VA":2330.26,"SALUDH_EXP":16.07,"ESPARC_VA":417.23,"ESPARC_EXP":379.53,"OTRSER_VA":671.24,"OTRSER_EXP":27.45,"SERHOG_VA":0.0,"SERHOG_EXP":0.0}},{"type":"Feature","geometry":{"type":"Point","coordinates":[-51.93,-14.24]},"properties":{"id":"BRA","name":"Brasil","continent":"america","year":2019,"AGRPFO_VA":74605.82,"AGRPFO_EXP":31806.11,"FORLOG_VA":6719.52,"FORLOG_EXP":957.6,"PESCAC_VA":3159.92,"PESCAC_EXP":176.26,"MINCOL_VA":2117.74,"MINCOL_EXP":62.15,"PETGAS_VA":28948.35,"PETGAS_EXP":22866.43,"MINORE_VA":15337.69,"MINORE_EXP":23238.79,"MINOTH_VA":2140.03,"MINOTH_EXP":367.97,"MINSER_VA":2496.21,"MINSER_EXP":65.87,"ALYBEB_VA":38251.11,"ALYBEB_EXP":25150.86,"TEXYPR_VA":16283.86,"TEXYPR_EXP":2303.14,"MADYPR_VA":3243.69,"MADYPR_EXP":1997.47,"PAPYPR_VA":10957.4,"PAPYPR_EXP":7076.94,"PETREF_VA":17283.62,"PETREF_EXP":4698.43,"QUIMYP_VA":16122.01,"QUIMYP_EXP":7227.35,"FARMED_VA":9164.53,"FARMED_EXP":855.61,"HUPLAS_VA":9071.86,"HUPLAS_EXP":1829.04,"PRNOMT_VA":7074.77,"PRNOMT_EXP":1428.92,"METBAS_VA":6801.59,"METBAS_EXP":9596.06,"NONFER_VA":4361.72,"NONFER_EXP":4162.42,"PRMETA_VA":10296.03,"PRMETA_EXP":1632.76,"ELCTRO_VA":5027.61,"ELCTRO_EXP":1181.05,"ELCTRI_VA":6299.26,"ELCTRI_EXP":1990.91,"MAQYEQ_VA":11247.74,"MAQYEQ_EXP":4603.69,"AUTOMO_VA":16735.95,"AUTOMO_EXP":9158.95,"OTRTRA_VA":1635.8,"OTRTRA_EXP":726.28,"TRANSP_VA":2067.38,"TRANSP_EXP":4665.5,"OTRMAN_VA":17858.67,"OTRMAN_EXP":1519.68,"ELEGAS_VA":33402.21,"ELEGAS_EXP":21.4,"AGUBAS_VA":12050.36,"AGUBAS_EXP":1.02,"CONSTR_VA":65637.47,"CONSTR_EXP":33.26,"COMREV_VA":287657.37,"COMREV_EXP":39355.04,"TRATIE_VA":49226.9,"TRATIE_EXP":4501.59,"TRAGUA_VA":2625.02,"TRAGUA_EXP":1600.43,"TRAAIR_VA":3059.94,"TRAAIR_EXP":2117.98,"ALMSTR_VA":21341.09,"ALMSTR_EXP":4258.66,"POSTME_VA":4254.85,"POSTME_EXP":125.11,"HOTYRE_VA":41296.73,"HOTYRE_EXP":1480.42,"MMTVRA_VA":6544.23,"MMTVRA_EXP":544.13,"TELECO_VA":17763.09,"TELECO_EXP":510.33,"ITSERV_VA":30287.32,"ITSERV_EXP":2033.24,"SERFIN_VA":115933.26,"SERFIN_EXP":2820.97,"GOBEST_VA":148681.52,"GOBEST_EXP":151.16,"SPRSCT_VA":66370.85,"SPRSCT_EXP":11397.72,"SEAEMP_VA":68040.34,"SEAEMP_EXP":3692.53,"ADPDEF_VA":157447.74,"ADPDEF_EXP":835.71,"EDUCAC_VA":103574.72,"EDUCAC_EXP":370.63,"SALUDH_VA":61496.6,"SALUDH_EXP":71.4,"ESPARC_VA":13814.57,"ESPARC_EXP":709.5,"OTRSER_VA":32577.01,"OTRSER_EXP":102.93,"SERHOG_VA":18017.76,"SERHOG_EXP":0.0}},{"type":"Feature","geometry":{"type":"Point","coordinates":[114.73,4.54]},"properties":{"id":"BRN","name":"Brunéi","continent":"asia","year":2019,"AGRPFO_VA":42.04,"AGRPFO_EXP":1.39,"FORLOG_VA":22.25,"FORLOG_EXP":0.13,"PESCAC_VA":40.6,"PESCAC_EXP":0.67,"MINCOL_VA":586.67,"MINCOL_EXP":0.0,"PETGAS_VA":4004.33,"PETGAS_EXP":5641.12,"MINORE_VA":937.1,"MINORE_EXP":0.07,"MINOTH_VA":667.1,"MINOTH_EXP":0.88,"MINSER_VA":556.16,"MINSER_EXP":102.37,"ALYBEB_VA":16.47,"ALYBEB_EXP":6.34,"TEXYPR_VA":24.02,"TEXYPR_EXP":11.9,"MADYPR_VA":1.95,"MADYPR_EXP":2.25,"PAPYPR_VA":5.93,"PAPYPR_EXP":0.43,"PETREF_VA":1526.39,"PETREF_EXP":710.17,"QUIMYP_VA":11.65,"QUIMYP_EXP":24.75,"FARMED_VA":9.66,"FARMED_EXP":0.27,"HUPLAS_VA":6.36,"HUPLAS_EXP":0.34,"PRNOMT_VA":12.72,"PRNOMT_EXP":0.75,"METBAS_VA":2.43,"METBAS_EXP":5.81,"NONFER_VA":1.82,"NONFER_EXP":3.97,"PRMETA_VA":10.26,"PRMETA_EXP":1.32,"ELCTRO_VA":3.75,"ELCTRO_EXP":0.88,"ELCTRI_VA":6.43,"ELCTRI_EXP":0.61,"MAQYEQ_VA":6.83,"MAQYEQ_EXP":0.77,"AUTOMO_VA":0.0,"AUTOMO_EXP":0.0,"OTRTRA_VA":7.29,"OTRTRA_EXP":0.24,"TRANSP_VA":7.1,"TRANSP_EXP":0.26,"OTRMAN_VA":4.93,"OTRMAN_EXP":1.49,"ELEGAS_VA":128.77,"ELEGAS_EXP":0.16,"AGUBAS_VA":30.37,"AGUBAS_EXP":1.19,"CONSTR_VA":310.24,"CONSTR_EXP":0.52,"COMREV_VA":743.65,"COMREV_EXP":118.05,"TRATIE_VA":157.86,"TRATIE_EXP":24.87,"TRAGUA_VA":117.46,"TRAGUA_EXP":60.76,"TRAAIR_VA":35.85,"TRAAIR_EXP":50.59,"ALMSTR_VA":88.0,"ALMSTR_EXP":38.86,"POSTME_VA":6.13,"POSTME_EXP":9.24,"HOTYRE_VA":141.53,"HOTYRE_EXP":70.5,"MMTVRA_VA":13.78,"MMTVRA_EXP":0.67,"TELECO_VA":189.6,"TELECO_EXP":69.02,"ITSERV_VA":35.21,"ITSERV_EXP":3.12,"SERFIN_VA":734.66,"SERFIN_EXP":65.37,"GOBEST_VA":276.32,"GOBEST_EXP":21.03,"SPRSCT_VA":225.71,"SPRSCT_EXP":96.38,"SEAEMP_VA":97.56,"SEAEMP_EXP":39.86,"ADPDEF_VA":1494.77,"ADPDEF_EXP":0.02,"EDUCAC_VA":422.0,"EDUCAC_EXP":5.11,"SALUDH_VA":186.27,"SALUDH_EXP":3.38,"ESPARC_VA":19.44,"ESPARC_EXP":3.93,"OTRSER_VA":24.67,"OTRSER_EXP":4.48,"SERHOG_VA":18.19,"SERHOG_EXP":0.0}},{"type":"Feature","geometry":{"type":"Point","coordinates":[-106.35,56.13]},"properties":{"id":"CAN","name":"Canadá","continent":"america","year":2019,"AGRPFO_VA":22321.1,"AGRPFO_EXP":14054.39,"FORLOG_VA":5947.9,"FORLOG_EXP":1286.68,"PESCAC_VA":1882.39,"PESCAC_EXP":1026.66,"MINCOL_VA":2691.71,"MINCOL_EXP":4069.39,"PETGAS_VA":58528.08,"PETGAS_EXP":70332.0,"MINORE_VA":14052.26,"MINORE_EXP":7906.62,"MINOTH_VA":6904.5,"MINOTH_EXP":3287.76,"MINSER_VA":11234.44,"MINSER_EXP":253.36,"ALYBEB_VA":27248.82,"ALYBEB_EXP":19926.92,"TEXYPR_VA":2498.73,"TEXYPR_EXP":2545.36,"MADYPR_VA":7001.08,"MADYPR_EXP":7349.34,"PAPYPR_VA":10328.19,"PAPYPR_EXP":11856.92,"PETREF_VA":9754.83,"PETREF_EXP":12334.89,"QUIMYP_VA":11348.93,"QUIMYP_EXP":16290.21,"FARMED_VA":4210.51,"FARMED_EXP":7652.28,"HUPLAS_VA":8626.56,"HUPLAS_EXP":9527.87,"PRNOMT_VA":6621.98,"PRNOMT_EXP":2889.32,"METBAS_VA":3593.49,"METBAS_EXP":4267.64,"NONFER_VA":5349.01,"NONFER_EXP":26213.14,"PRMETA_VA":13418.26,"PRMETA_EXP":9362.83,"ELCTRO_VA":5704.02,"ELCTRO_EXP":9968.05,"ELCTRI_VA":3407.23,"ELCTRI_EXP":4908.57,"MAQYEQ_VA":13289.49,"MAQYEQ_EXP":20227.1,"AUTOMO_VA":14987.08,"AUTOMO_EXP":47664.18,"OTRTRA_VA":827.94,"OTRTRA_EXP":216.76,"TRANSP_VA":10142.54,"TRANSP_EXP":13434.25,"OTRMAN_VA":13686.0,"OTRMAN_EXP":9086.36,"ELEGAS_VA":35151.36,"ELEGAS_EXP":3028.86,"AGUBAS_VA":8816.02,"AGUBAS_EXP":296.98,"CONSTR_VA":123752.89,"CONSTR_EXP":0.0,"COMREV_VA":177986.57,"COMREV_EXP":58681.41,"TRATIE_VA":45365.21,"TRATIE_EXP":14622.68,"TRAGUA_VA":1333.6,"TRAGUA_EXP":1242.61,"TRAAIR_VA":8584.16,"TRAAIR_EXP":9234.68,"ALMSTR_VA":19183.98,"ALMSTR_EXP":5002.05,"POSTME_VA":7826.78,"POSTME_EXP":1090.18,"HOTYRE_VA":39318.34,"HOTYRE_EXP":8917.55,"MMTVRA_VA":17034.05,"MMTVRA_EXP":4014.76,"TELECO_VA":28838.76,"TELECO_EXP":1991.2,"ITSERV_VA":35162.6,"ITSERV_EXP":9673.02,"SERFIN_VA":115156.48,"SERFIN_EXP":14791.78,"GOBEST_VA":202080.6,"GOBEST_EXP":1578.63,"SPRSCT_VA":73225.05,"SPRSCT_EXP":12124.44,"SEAEMP_VA":52240.29,"SEAEMP_EXP":18023.03,"ADPDEF_VA":117679.56,"ADPDEF_EXP":1925.9,"EDUCAC_VA":88915.1,"EDUCAC_EXP":7596.51,"SALUDH_VA":124111.32,"SALUDH_EXP":510.97,"ESPARC_VA":13353.48,"ESPARC_EXP":3822.5,"OTRSER_VA":21869.02,"OTRSER_EXP":635.14,"SERHOG_VA":2657.01,"SERHOG_EXP":0.0}},{"type":"Feature","geometry":{"type":"Point","coordinates":[8.23,46.82]},"properties":{"id":"CHE","name":"Suiza","continent":"europe","year":2019,"AGRPFO_VA":4013.87,"AGRPFO_EXP":377.22,"FORLOG_VA":367.62,"FORLOG_EXP":55.84,"PESCAC_VA":37.21,"PESCAC_EXP":33.23,"MINCOL_VA":0.0,"MINCOL_EXP":0.0,"PETGAS_VA":3.82,"PETGAS_EXP":6.16,"MINORE_VA":19.11,"MINORE_EXP":9.54,"MINOTH_VA":910.57,"MINOTH_EXP":24.05,"MINSER_VA":29.8,"MINSER_EXP":1.04,"ALYBEB_VA":10385.79,"ALYBEB_EXP":7491.18,"TEXYPR_VA":1283.79,"TEXYPR_EXP":1782.53,"MADYPR_VA":3987.74,"MADYPR_EXP":900.26,"PAPYPR_VA":2571.88,"PAPYPR_EXP":2144.1,"PETREF_VA":140.28,"PETREF_EXP":138.23,"QUIMYP_VA":8984.14,"QUIMYP_EXP":23639.49,"FARMED_VA":34627.08,"FARMED_EXP":54004.61,"HUPLAS_VA":3212.21,"HUPLAS_EXP":3919.25,"PRNOMT_VA":2526.9,"PRNOMT_EXP":1052.14,"METBAS_VA":853.35,"METBAS_EXP":1469.01,"NONFER_VA":706.87,"NONFER_EXP":2030.62,"PRMETA_VA":10829.25,"PRMETA_EXP":5456.5,"ELCTRO_VA":25000.99,"ELCTRO_EXP":27440.99,"ELCTRI_VA":5145.22,"ELCTRI_EXP":8026.1,"MAQYEQ_VA":12310.1,"MAQYEQ_EXP":18525.09,"AUTOMO_VA":804.83,"AUTOMO_EXP":860.81,"OTRTRA_VA":54.04,"OTRTRA_EXP":41.19,"TRANSP_VA":1912.09,"TRANSP_EXP":4414.04,"OTRMAN_VA":7961.34,"OTRMAN_EXP":6396.71,"ELEGAS_VA":10368.78,"ELEGAS_EXP":2230.33,"AGUBAS_VA":1954.63,"AGUBAS_EXP":17.32,"CONSTR_VA":36574.09,"CONSTR_EXP":157.77,"COMREV_VA":105623.09,"COMREV_EXP":55216.5,"TRATIE_VA":16890.29,"TRATIE_EXP":4756.28,"TRAGUA_VA":836.05,"TRAGUA_EXP":10653.51,"TRAAIR_VA":2843.29,"TRAAIR_EXP":2985.97,"ALMSTR_VA":6119.41,"ALMSTR_EXP":5806.67,"POSTME_VA":3408.24,"POSTME_EXP":2611.3,"HOTYRE_VA":13709.5,"HOTYRE_EXP":6836.33,"MMTVRA_VA":3236.46,"MMTVRA_EXP":5846.02,"TELECO_VA":8711.62,"TELECO_EXP":1441.22,"ITSERV_VA":20592.26,"ITSERV_EXP":15449.72,"SERFIN_VA":72056.88,"SERFIN_EXP":47843.52,"GOBEST_VA":51131.63,"GOBEST_EXP":1353.6,"SPRSCT_VA":54316.06,"SPRSCT_EXP":15079.94,"SEAEMP_VA":23406.12,"SEAEMP_EXP":11006.13,"ADPDEF_VA":57868.52,"ADPDEF_EXP":1376.47,"EDUCAC_VA":4497.45,"EDUCAC_EXP":459.04,"SALUDH_VA":58083.57,"SALUDH_EXP":523.56,"ESPARC_VA":5444.25,"ESPARC_EXP":3430.21,"OTRSER_VA":10011.48,"OTRSER_EXP":359.96,"SERHOG_VA":2507.15,"SERHOG_EXP":0.0}},{"type":"Feature","geometry":{"type":"Point","coordinates":[-71.54,-35.68]},"properties":{"id":"CHL","name":"Chile","continent":"america","year":2019,"AGRPFO_VA":7905.49,"AGRPFO_EXP":5220.22,"FORLOG_VA":1177.43,"FORLOG_EXP":198.29,"PESCAC_VA":2342.66,"PESCAC_EXP":742.74,"MINCOL_VA":16.32,"MINCOL_EXP":14.36,"PETGAS_VA":131.49,"PETGAS_EXP":2.54,"MINORE_VA":21313.21,"MINORE_EXP":30646.59,"MINOTH_VA":1587.45,"MINOTH_EXP":187.21,"MINSER_VA":431.17,"MINSER_EXP":30.22,"ALYBEB_VA":10400.0,"ALYBEB_EXP":9606.54,"TEXYPR_VA":402.07,"TEXYPR_EXP":616.15,"MADYPR_VA":1280.0,"MADYPR_EXP":1941.05,"PAPYPR_VA":2028.17,"PAPYPR_EXP":2758.57,"PETREF_VA":694.99,"PETREF_EXP":640.7,"QUIMYP_VA":2107.4,"QUIMYP_EXP":2447.65,"FARMED_VA":985.08,"FARMED_EXP":197.82,"HUPLAS_VA":1258.28,"HUPLAS_EXP":621.15,"PRNOMT_VA":975.4,"PRNOMT_EXP":98.73,"METBAS_VA":261.24,"METBAS_EXP":303.57,"NONFER_VA":272.73,"NONFER_EXP":582.51,"PRMETA_VA":1808.21,"PRMETA_EXP":402.63,"ELCTRO_VA":4870.43,"ELCTRO_EXP":166.78,"ELCTRI_VA":509.52,"ELCTRI_EXP":370.6,"MAQYEQ_VA":1002.66,"MAQYEQ_EXP":542.14,"AUTOMO_VA":0.0,"AUTOMO_EXP":0.0,"OTRTRA_VA":178.99,"OTRTRA_EXP":97.79,"TRANSP_VA":336.7,"TRANSP_EXP":57.52,"OTRMAN_VA":1673.8,"OTRMAN_EXP":440.5,"ELEGAS_VA":6677.79,"ELEGAS_EXP":19.51,"AGUBAS_VA":2264.82,"AGUBAS_EXP":6.81,"CONSTR_VA":19162.25,"CONSTR_EXP":2.91,"COMREV_VA":25448.19,"COMREV_EXP":7961.43,"TRATIE_VA":8830.87,"TRATIE_EXP":1488.26,"TRAGUA_VA":393.22,"TRAGUA_EXP":382.02,"TRAAIR_VA":2122.24,"TRAAIR_EXP":2155.62,"ALMSTR_VA":4985.03,"ALMSTR_EXP":1038.95,"POSTME_VA":365.54,"POSTME_EXP":90.5,"HOTYRE_VA":6280.11,"HOTYRE_EXP":816.27,"MMTVRA_VA":765.39,"MMTVRA_EXP":63.89,"TELECO_VA":3524.23,"TELECO_EXP":99.19,"ITSERV_VA":3865.14,"ITSERV_EXP":266.13,"SERFIN_VA":11874.97,"SERFIN_EXP":694.45,"GOBEST_VA":22016.7,"GOBEST_EXP":148.02,"SPRSCT_VA":15408.17,"SPRSCT_EXP":475.77,"SEAEMP_VA":9908.9,"SEAEMP_EXP":792.18,"ADPDEF_VA":13801.41,"ADPDEF_EXP":172.8,"EDUCAC_VA":15199.06,"EDUCAC_EXP":63.09,"SALUDH_VA":13347.37,"SALUDH_EXP":40.22,"ESPARC_VA":1397.34,"ESPARC_EXP":95.82,"OTRSER_VA":3943.19,"OTRSER_EXP":88.11,"SERHOG_VA":0.0,"SERHOG_EXP":0.0}},{"type":"Feature","geometry":{"type":"Point","coordinates":[104.2,35.86]},"properties":{"id":"CHN","name":"China","continent":"asia","year":2019,"AGRPFO_VA":895771.53,"AGRPFO_EXP":16994.35,"FORLOG_VA":71060.88,"FORLOG_EXP":73.02,"PESCAC_VA":112160.43,"PESCAC_EXP":1166.1,"MINCOL_VA":144507.91,"MINCOL_EXP":818.59,"PETGAS_VA":143654.18,"PETGAS_EXP":1237.47,"MINORE_VA":67891.25,"MINORE_EXP":4043.15,"MINOTH_VA":49335.07,"MINOTH_EXP":2513.44,"MINSER_VA":9126.56,"MINSER_EXP":597.62,"ALYBEB_VA":458893.05,"ALYBEB_EXP":48742.87,"TEXYPR_VA":385250.92,"TEXYPR_EXP":260360.6,"MADYPR_VA":53873.41,"MADYPR_EXP":12560.79,"PAPYPR_VA":141463.58,"PAPYPR_EXP":21300.51,"PETREF_VA":156092.43,"PETREF_EXP":35367.3,"QUIMYP_VA":302776.75,"QUIMYP_EXP":117076.87,"FARMED_VA":121548.79,"FARMED_EXP":14012.98,"HUPLAS_VA":144405.79,"HUPLAS_EXP":76184.87,"PRNOMT_VA":332957.97,"PRNOMT_EXP":47379.66,"METBAS_VA":226795.66,"METBAS_EXP":48023.52,"NONFER_VA":169461.6,"NONFER_EXP":23504.58,"PRMETA_VA":208987.68,"PRMETA_EXP":93177.34,"ELCTRO_VA":309659.35,"ELCTRO_EXP":526644.04,"ELCTRI_VA":201763.38,"ELCTRI_EXP":177072.63,"MAQYEQ_VA":334164.96,"MAQYEQ_EXP":153155.89,"AUTOMO_VA":229595.71,"AUTOMO_EXP":59327.83,"OTRTRA_VA":12020.18,"OTRTRA_EXP":22032.57,"TRANSP_VA":34909.43,"TRANSP_EXP":26479.06,"OTRMAN_VA":103495.05,"OTRMAN_EXP":145767.62,"ELEGAS_VA":307275.59,"ELEGAS_EXP":1506.76,"AGUBAS_VA":94513.31,"AGUBAS_EXP":0.05,"CONSTR_VA":1009913.23,"CONSTR_EXP":0.11,"COMREV_VA":1331110.29,"COMREV_EXP":183993.06,"TRATIE_VA":480603.48,"TRATIE_EXP":26540.15,"TRAGUA_VA":81713.05,"TRAGUA_EXP":28421.02,"TRAAIR_VA":40386.41,"TRAAIR_EXP":15599.23,"ALMSTR_VA":86021.6,"ALMSTR_EXP":6691.02,"POSTME_VA":36290.07,"POSTME_EXP":48.05,"HOTYRE_VA":258660.29,"HOTYRE_EXP":8875.1,"MMTVRA_VA":42007.84,"MMTVRA_EXP":10327.36,"TELECO_VA":185780.38,"TELECO_EXP":12503.69,"ITSERV_VA":166717.43,"ITSERV_EXP":35304.45,"SERFIN_VA":838121.19,"SERFIN_EXP":10127.31,"GOBEST_VA":768877.56,"GOBEST_EXP":5677.91,"SPRSCT_VA":387689.88,"SPRSCT_EXP":51705.44,"SEAEMP_VA":369618.78,"SEAEMP_EXP":25658.69,"ADPDEF_VA":656079.02,"ADPDEF_EXP":0.12,"EDUCAC_VA":516481.56,"EDUCAC_EXP":184.69,"SALUDH_VA":302678.28,"SALUDH_EXP":541.63,"ESPARC_VA":71211.11,"ESPARC_EXP":7611.49,"OTRSER_VA":210047.21,"OTRSER_EXP":695.54,"SERHOG_VA":0.0,"SERHOG_EXP":0.0}},{"type":"Feature","geometry":{"type":"Point","coordinates":[-5.55,7.54]},"properties":{"id":"CIV","name":"Costa de Marfil","continent":"other","year":2019,"AGRPFO_VA":13264.52,"AGRPFO_EXP":4983.12,"FORLOG_VA":377.62,"FORLOG_EXP":5.94,"PESCAC_VA":194.88,"PESCAC_EXP":3.21,"MINCOL_VA":4.64,"MINCOL_EXP":11.02,"PETGAS_VA":48.97,"PETGAS_EXP":103.56,"MINORE_VA":260.98,"MINORE_EXP":161.31,"MINOTH_VA":17.06,"MINOTH_EXP":12.07,"MINSER_VA":12.44,"MINSER_EXP":8.93,"ALYBEB_VA":3117.44,"ALYBEB_EXP":1531.95,"TEXYPR_VA":1422.0,"TEXYPR_EXP":89.37,"MADYPR_VA":654.59,"MADYPR_EXP":115.22,"PAPYPR_VA":323.04,"PAPYPR_EXP":5.73,"PETREF_VA":1247.51,"PETREF_EXP":917.92,"QUIMYP_VA":297.15,"QUIMYP_EXP":332.36,"FARMED_VA":196.81,"FARMED_EXP":4.08,"HUPLAS_VA":375.98,"HUPLAS_EXP":108.95,"PRNOMT_VA":555.33,"PRNOMT_EXP":7.62,"METBAS_VA":48.15,"METBAS_EXP":17.86,"NONFER_VA":247.61,"NONFER_EXP":1008.6,"PRMETA_VA":465.5,"PRMETA_EXP":31.91,"ELCTRO_VA":0.0,"ELCTRO_EXP":0.0,"ELCTRI_VA":3.13,"ELCTRI_EXP":2.54,"MAQYEQ_VA":180.0,"MAQYEQ_EXP":36.68,"AUTOMO_VA":53.69,"AUTOMO_EXP":7.06,"OTRTRA_VA":7.69,"OTRTRA_EXP":0.78,"TRANSP_VA":12.88,"TRANSP_EXP":21.07,"OTRMAN_VA":724.82,"OTRMAN_EXP":60.67,"ELEGAS_VA":1087.35,"ELEGAS_EXP":131.98,"AGUBAS_VA":195.9,"AGUBAS_EXP":0.47,"CONSTR_VA":1653.32,"CONSTR_EXP":28.44,"COMREV_VA":8034.3,"COMREV_EXP":1338.82,"TRATIE_VA":1478.85,"TRATIE_EXP":244.7,"TRAGUA_VA":97.66,"TRAGUA_EXP":126.26,"TRAAIR_VA":276.41,"TRAAIR_EXP":143.6,"ALMSTR_VA":992.78,"ALMSTR_EXP":152.86,"POSTME_VA":179.88,"POSTME_EXP":29.61,"HOTYRE_VA":411.06,"HOTYRE_EXP":80.4,"MMTVRA_VA":407.63,"MMTVRA_EXP":38.1,"TELECO_VA":810.49,"TELECO_EXP":59.35,"ITSERV_VA":737.92,"ITSERV_EXP":188.05,"SERFIN_VA":1734.96,"SERFIN_EXP":52.43,"GOBEST_VA":3215.94,"GOBEST_EXP":17.2,"SPRSCT_VA":916.44,"SPRSCT_EXP":80.02,"SEAEMP_VA":1638.63,"SEAEMP_EXP":8.83,"ADPDEF_VA":4374.27,"ADPDEF_EXP":0.1,"EDUCAC_VA":1964.99,"EDUCAC_EXP":8.51,"SALUDH_VA":503.73,"SALUDH_EXP":3.21,"ESPARC_VA":115.22,"ESPARC_EXP":8.29,"OTRSER_VA":1493.1,"OTRSER_EXP":4.68,"SERHOG_VA":168.21,"SERHOG_EXP":0.0}},{"type":"Feature","geometry":{"type":"Point","coordinates":[12.35,7.37]},"properties":{"id":"CMR","name":"Camerún","continent":"other","year":2019,"AGRPFO_VA":4597.51,"AGRPFO_EXP":660.68,"FORLOG_VA":1519.41,"FORLOG_EXP":216.12,"PESCAC_VA":589.61,"PESCAC_EXP":11.53,"MINCOL_VA":270.93,"MINCOL_EXP":9.04,"PETGAS_VA":1529.74,"PETGAS_EXP":1996.34,"MINORE_VA":27.36,"MINORE_EXP":0.33,"MINOTH_VA":76.79,"MINOTH_EXP":4.45,"MINSER_VA":196.58,"MINSER_EXP":218.84,"ALYBEB_VA":2424.57,"ALYBEB_EXP":365.17,"TEXYPR_VA":1237.61,"TEXYPR_EXP":153.66,"MADYPR_VA":507.34,"MADYPR_EXP":255.17,"PAPYPR_VA":115.07,"PAPYPR_EXP":16.33,"PETREF_VA":264.96,"PETREF_EXP":154.12,"QUIMYP_VA":196.13,"QUIMYP_EXP":117.49,"FARMED_VA":44.76,"FARMED_EXP":1.56,"HUPLAS_VA":20.45,"HUPLAS_EXP":6.77,"PRNOMT_VA":270.39,"PRNOMT_EXP":46.75,"METBAS_VA":16.08,"METBAS_EXP":24.64,"NONFER_VA":49.11,"NONFER_EXP":93.67,"PRMETA_VA":18.55,"PRMETA_EXP":10.49,"ELCTRO_VA":6.4,"ELCTRO_EXP":3.83,"ELCTRI_VA":9.12,"ELCTRI_EXP":5.63,"MAQYEQ_VA":10.52,"MAQYEQ_EXP":6.59,"AUTOMO_VA":5.47,"AUTOMO_EXP":1.99,"OTRTRA_VA":1.44,"OTRTRA_EXP":0.4,"TRANSP_VA":2.14,"TRANSP_EXP":0.55,"OTRMAN_VA":274.41,"OTRMAN_EXP":33.76,"ELEGAS_VA":347.88,"ELEGAS_EXP":0.06,"AGUBAS_VA":242.67,"AGUBAS_EXP":0.55,"CONSTR_VA":2348.18,"CONSTR_EXP":7.87,"COMREV_VA":4002.46,"COMREV_EXP":454.58,"TRATIE_VA":2008.63,"TRATIE_EXP":243.36,"TRAGUA_VA":243.19,"TRAGUA_EXP":115.07,"TRAAIR_VA":284.93,"TRAAIR_EXP":130.05,"ALMSTR_VA":1096.84,"ALMSTR_EXP":218.93,"POSTME_VA":406.21,"POSTME_EXP":50.52,"HOTYRE_VA":2149.89,"HOTYRE_EXP":79.54,"MMTVRA_VA":182.35,"MMTVRA_EXP":28.53,"TELECO_VA":293.97,"TELECO_EXP":26.06,"ITSERV_VA":364.61,"ITSERV_EXP":111.48,"SERFIN_VA":716.39,"SERFIN_EXP":257.05,"GOBEST_VA":1678.0,"GOBEST_EXP":24.71,"SPRSCT_VA":1151.18,"SPRSCT_EXP":226.07,"SEAEMP_VA":516.09,"SEAEMP_EXP":454.9,"ADPDEF_VA":2230.57,"ADPDEF_EXP":4.99,"EDUCAC_VA":1397.84,"EDUCAC_EXP":13.12,"SALUDH_VA":415.49,"SALUDH_EXP":3.22,"ESPARC_VA":345.19,"ESPARC_EXP":116.15,"OTRSER_VA":633.02,"OTRSER_EXP":4.74,"SERHOG_VA":28.2,"SERHOG_EXP":0.0}},{"type":"Feature","geometry":{"type":"Point","coordinates":[21.76,-4.04]},"properties":{"id":"COD","name":"R.D. Congo","continent":"other","year":2019,"AGRPFO_VA":3147.65,"AGRPFO_EXP":291.76,"FORLOG_VA":505.53,"FORLOG_EXP":123.06,"PESCAC_VA":283.66,"PESCAC_EXP":0.11,"MINCOL_VA":18.6,"MINCOL_EXP":1.58,"PETGAS_VA":227.48,"PETGAS_EXP":208.76,"MINORE_VA":10995.31,"MINORE_EXP":8864.21,"MINOTH_VA":102.19,"MINOTH_EXP":118.56,"MINSER_VA":203.9,"MINSER_EXP":6.68,"ALYBEB_VA":6035.64,"ALYBEB_EXP":38.9,"TEXYPR_VA":574.9,"TEXYPR_EXP":7.3,"MADYPR_VA":19.58,"MADYPR_EXP":14.42,"PAPYPR_VA":108.6,"PAPYPR_EXP":3.67,"PETREF_VA":22.11,"PETREF_EXP":51.62,"QUIMYP_VA":55.91,"QUIMYP_EXP":88.16,"FARMED_VA":10.11,"FARMED_EXP":3.26,"HUPLAS_VA":61.32,"HUPLAS_EXP":1.76,"PRNOMT_VA":46.65,"PRNOMT_EXP":1.6,"METBAS_VA":229.51,"METBAS_EXP":495.07,"NONFER_VA":1306.2,"NONFER_EXP":2438.91,"PRMETA_VA":72.09,"PRMETA_EXP":12.91,"ELCTRO_VA":0.38,"ELCTRO_EXP":0.28,"ELCTRI_VA":183.55,"ELCTRI_EXP":9.12,"MAQYEQ_VA":1.62,"MAQYEQ_EXP":0.39,"AUTOMO_VA":369.74,"AUTOMO_EXP":33.56,"OTRTRA_VA":10.05,"OTRTRA_EXP":0.38,"TRANSP_VA":0.5,"TRANSP_EXP":0.24,"OTRMAN_VA":158.18,"OTRMAN_EXP":7.54,"ELEGAS_VA":170.55,"ELEGAS_EXP":4.72,"AGUBAS_VA":123.66,"AGUBAS_EXP":0.4,"CONSTR_VA":2229.82,"CONSTR_EXP":2.0,"COMREV_VA":3647.47,"COMREV_EXP":813.4,"TRATIE_VA":2491.01,"TRATIE_EXP":851.96,"TRAGUA_VA":195.36,"TRAGUA_EXP":113.45,"TRAAIR_VA":38.66,"TRAAIR_EXP":10.07,"ALMSTR_VA":307.73,"ALMSTR_EXP":110.91,"POSTME_VA":15.07,"POSTME_EXP":1.84,"HOTYRE_VA":2029.27,"HOTYRE_EXP":23.52,"MMTVRA_VA":387.25,"MMTVRA_EXP":1.82,"TELECO_VA":856.55,"TELECO_EXP":2.73,"ITSERV_VA":22.04,"ITSERV_EXP":14.05,"SERFIN_VA":749.13,"SERFIN_EXP":37.98,"GOBEST_VA":1666.51,"GOBEST_EXP":1.07,"SPRSCT_VA":688.77,"SPRSCT_EXP":6.27,"SEAEMP_VA":452.13,"SEAEMP_EXP":16.5,"ADPDEF_VA":2998.02,"ADPDEF_EXP":0.45,"EDUCAC_VA":347.45,"EDUCAC_EXP":1.23,"SALUDH_VA":1102.48,"SALUDH_EXP":3.19,"ESPARC_VA":171.61,"ESPARC_EXP":3.02,"OTRSER_VA":304.94,"OTRSER_EXP":1.48,"SERHOG_VA":130.37,"SERHOG_EXP":0.0}},{"type":"Feature","geometry":{"type":"Point","coordinates":[-74.3,4.57]},"properties":{"id":"COL","name":"Colombia","continent":"america","year":2019,"AGRPFO_VA":19229.84,"AGRPFO_EXP":2475.35,"FORLOG_VA":670.19,"FORLOG_EXP":44.6,"PESCAC_VA":605.19,"PESCAC_EXP":29.66,"MINCOL_VA":3814.38,"MINCOL_EXP":4073.61,"PETGAS_VA":13115.36,"PETGAS_EXP":10492.01,"MINORE_VA":1253.87,"MINORE_EXP":1253.91,"MINOTH_VA":841.69,"MINOTH_EXP":49.95,"MINSER_VA":53.81,"MINSER_EXP":3.81,"ALYBEB_VA":10013.46,"ALYBEB_EXP":3462.55,"TEXYPR_VA":3351.09,"TEXYPR_EXP":748.93,"MADYPR_VA":305.45,"MADYPR_EXP":30.89,"PAPYPR_VA":1614.36,"PAPYPR_EXP":494.88,"PETREF_VA":4356.52,"PETREF_EXP":3793.91,"QUIMYP_VA":4625.73,"QUIMYP_EXP":2235.42,"FARMED_VA":1290.95,"FARMED_EXP":238.54,"HUPLAS_VA":973.32,"HUPLAS_EXP":546.96,"PRNOMT_VA":4047.57,"PRNOMT_EXP":321.5,"METBAS_VA":1270.29,"METBAS_EXP":1825.95,"NONFER_VA":115.62,"NONFER_EXP":389.53,"PRMETA_VA":1089.88,"PRMETA_EXP":413.72,"ELCTRO_VA":684.95,"ELCTRO_EXP":196.94,"ELCTRI_VA":693.83,"ELCTRI_EXP":371.87,"MAQYEQ_VA":1075.82,"MAQYEQ_EXP":550.81,"AUTOMO_VA":699.17,"AUTOMO_EXP":265.09,"OTRTRA_VA":20.08,"OTRTRA_EXP":45.14,"TRANSP_VA":139.97,"TRANSP_EXP":2.86,"OTRMAN_VA":1878.87,"OTRMAN_EXP":263.26,"ELEGAS_VA":7483.55,"ELEGAS_EXP":293.17,"AGUBAS_VA":3371.2,"AGUBAS_EXP":80.77,"CONSTR_VA":19865.33,"CONSTR_EXP":30.84,"COMREV_VA":29381.68,"COMREV_EXP":3807.62,"TRATIE_VA":12277.28,"TRATIE_EXP":1320.3,"TRAGUA_VA":149.84,"TRAGUA_EXP":133.08,"TRAAIR_VA":1582.44,"TRAAIR_EXP":2254.49,"ALMSTR_VA":2937.89,"ALMSTR_EXP":391.2,"POSTME_VA":384.04,"POSTME_EXP":29.78,"HOTYRE_VA":13795.16,"HOTYRE_EXP":1255.9,"MMTVRA_VA":712.2,"MMTVRA_EXP":100.73,"TELECO_VA":5369.23,"TELECO_EXP":113.32,"ITSERV_VA":2633.33,"ITSERV_EXP":204.21,"SERFIN_VA":13864.81,"SERFIN_EXP":235.56,"GOBEST_VA":27195.8,"GOBEST_EXP":215.04,"SPRSCT_VA":9820.38,"SPRSCT_EXP":961.71,"SEAEMP_VA":11665.86,"SEAEMP_EXP":1299.34,"ADPDEF_VA":19704.97,"ADPDEF_EXP":34.64,"EDUCAC_VA":15478.9,"EDUCAC_EXP":87.04,"SALUDH_VA":13703.91,"SALUDH_EXP":47.19,"ESPARC_VA":7334.17,"ESPARC_EXP":221.41,"OTRSER_VA":4625.06,"OTRSER_EXP":65.0,"SERHOG_VA":1937.77,"SERHOG_EXP":0.0}},{"type":"Feature","geometry":{"type":"Point","coordinates":[-83.75,9.75]},"properties":{"id":"CRI","name":"Costa Rica","continent":"america","year":2019,"AGRPFO_VA":2359.95,"AGRPFO_EXP":1774.37,"FORLOG_VA":56.9,"FORLOG_EXP":5.27,"PESCAC_VA":30.63,"PESCAC_EXP":5.2,"MINCOL_VA":4.35,"MINCOL_EXP":0.13,"PETGAS_VA":1.32,"PETGAS_EXP":0.62,"MINORE_VA":0.36,"MINORE_EXP":0.14,"MINOTH_VA":182.39,"MINOTH_EXP":3.86,"MINSER_VA":0.35,"MINSER_EXP":0.07,"ALYBEB_VA":2671.37,"ALYBEB_EXP":2279.27,"TEXYPR_VA":167.32,"TEXYPR_EXP":134.06,"MADYPR_VA":78.16,"MADYPR_EXP":45.66,"PAPYPR_VA":293.36,"PAPYPR_EXP":179.17,"PETREF_VA":154.68,"PETREF_EXP":194.24,"QUIMYP_VA":385.36,"QUIMYP_EXP":306.76,"FARMED_VA":124.41,"FARMED_EXP":176.08,"HUPLAS_VA":327.63,"HUPLAS_EXP":515.96,"PRNOMT_VA":270.4,"PRNOMT_EXP":100.92,"METBAS_VA":67.61,"METBAS_EXP":139.62,"NONFER_VA":36.97,"NONFER_EXP":98.24,"PRMETA_VA":174.79,"PRMETA_EXP":127.09,"ELCTRO_VA":61.74,"ELCTRO_EXP":92.51,"ELCTRI_VA":179.1,"ELCTRI_EXP":267.61,"MAQYEQ_VA":14.45,"MAQYEQ_EXP":24.44,"AUTOMO_VA":21.65,"AUTOMO_EXP":3.73,"OTRTRA_VA":1.67,"OTRTRA_EXP":1.68,"TRANSP_VA":1.74,"TRANSP_EXP":0.86,"OTRMAN_VA":2163.68,"OTRMAN_EXP":2334.21,"ELEGAS_VA":1115.11,"ELEGAS_EXP":25.6,"AGUBAS_VA":453.45,"AGUBAS_EXP":0.78,"CONSTR_VA":2471.75,"CONSTR_EXP":13.66,"COMREV_VA":11552.64,"COMREV_EXP":2589.23,"TRATIE_VA":1915.28,"TRATIE_EXP":714.31,"TRAGUA_VA":489.69,"TRAGUA_EXP":358.41,"TRAAIR_VA":101.54,"TRAAIR_EXP":216.54,"ALMSTR_VA":649.67,"ALMSTR_EXP":339.15,"POSTME_VA":159.5,"POSTME_EXP":29.88,"HOTYRE_VA":1964.11,"HOTYRE_EXP":1958.27,"MMTVRA_VA":622.74,"MMTVRA_EXP":142.09,"TELECO_VA":880.55,"TELECO_EXP":460.17,"ITSERV_VA":1415.13,"ITSERV_EXP":477.44,"SERFIN_VA":3082.28,"SERFIN_EXP":461.56,"GOBEST_VA":4421.11,"GOBEST_EXP":362.38,"SPRSCT_VA":4206.95,"SPRSCT_EXP":2071.81,"SEAEMP_VA":2817.53,"SEAEMP_EXP":918.67,"ADPDEF_VA":2371.35,"ADPDEF_EXP":46.07,"EDUCAC_VA":4359.42,"EDUCAC_EXP":207.33,"SALUDH_VA":4360.69,"SALUDH_EXP":161.57,"ESPARC_VA":563.8,"ESPARC_EXP":439.08,"OTRSER_VA":772.22,"OTRSER_EXP":132.36,"SERHOG_VA":697.93,"SERHOG_EXP":0.0}},{"type":"Feature","geometry":{"type":"Point","coordinates":[33.43,35.13]},"properties":{"id":"CYP","name":"Chipre","continent":"europe","year":2019,"AGRPFO_VA":393.62,"AGRPFO_EXP":82.25,"FORLOG_VA":24.09,"FORLOG_EXP":3.62,"PESCAC_VA":45.35,"PESCAC_EXP":30.07,"MINCOL_VA":0.0,"MINCOL_EXP":0.0,"PETGAS_VA":13.99,"PETGAS_EXP":1.09,"MINORE_VA":16.54,"MINORE_EXP":20.62,"MINOTH_VA":26.45,"MINOTH_EXP":11.48,"MINSER_VA":0.29,"MINSER_EXP":0.37,"ALYBEB_VA":441.69,"ALYBEB_EXP":396.38,"TEXYPR_VA":21.77,"TEXYPR_EXP":4.82,"MADYPR_VA":71.45,"MADYPR_EXP":40.42,"PAPYPR_VA":54.27,"PAPYPR_EXP":13.44,"PETREF_VA":2.59,"PETREF_EXP":0.1,"QUIMYP_VA":32.28,"QUIMYP_EXP":44.34,"FARMED_VA":181.8,"FARMED_EXP":221.98,"HUPLAS_VA":40.55,"HUPLAS_EXP":23.71,"PRNOMT_VA":165.98,"PRNOMT_EXP":26.71,"METBAS_VA":2.75,"METBAS_EXP":5.43,"NONFER_VA":25.0,"NONFER_EXP":23.21,"PRMETA_VA":141.67,"PRMETA_EXP":16.02,"ELCTRO_VA":42.3,"ELCTRO_EXP":47.39,"ELCTRI_VA":16.06,"ELCTRI_EXP":21.51,"MAQYEQ_VA":31.75,"MAQYEQ_EXP":38.81,"AUTOMO_VA":5.74,"AUTOMO_EXP":7.78,"OTRTRA_VA":1.15,"OTRTRA_EXP":0.78,"TRANSP_VA":1.92,"TRANSP_EXP":0.29,"OTRMAN_VA":186.06,"OTRMAN_EXP":152.21,"ELEGAS_VA":295.43,"ELEGAS_EXP":0.37,"AGUBAS_VA":162.63,"AGUBAS_EXP":0.75,"CONSTR_VA":1519.33,"CONSTR_EXP":16.87,"COMREV_VA":2537.84,"COMREV_EXP":622.98,"TRATIE_VA":218.71,"TRATIE_EXP":167.83,"TRAGUA_VA":592.57,"TRAGUA_EXP":577.93,"TRAAIR_VA":-6.14,"TRAAIR_EXP":61.5,"ALMSTR_VA":771.87,"ALMSTR_EXP":2155.93,"POSTME_VA":50.24,"POSTME_EXP":61.19,"HOTYRE_VA":1651.97,"HOTYRE_EXP":1230.13,"MMTVRA_VA":536.33,"MMTVRA_EXP":800.7,"TELECO_VA":380.73,"TELECO_EXP":152.47,"ITSERV_VA":718.35,"ITSERV_EXP":2659.95,"SERFIN_VA":1914.55,"SERFIN_EXP":5498.29,"GOBEST_VA":2321.71,"GOBEST_EXP":159.32,"SPRSCT_VA":2025.39,"SPRSCT_EXP":911.53,"SEAEMP_VA":560.39,"SEAEMP_EXP":212.13,"ADPDEF_VA":1977.62,"ADPDEF_EXP":39.99,"EDUCAC_VA":1394.79,"EDUCAC_EXP":108.13,"SALUDH_VA":939.81,"SALUDH_EXP":46.94,"ESPARC_VA":391.83,"ESPARC_EXP":101.88,"OTRSER_VA":344.67,"OTRSER_EXP":62.27,"SERHOG_VA":208.91,"SERHOG_EXP":0.0}},{"type":"Feature","geometry":{"type":"Point","coordinates":[15.47,49.82]},"properties":{"id":"CZE","name":"Chequia","continent":"europe","year":2019,"AGRPFO_VA":4214.75,"AGRPFO_EXP":1403.43,"FORLOG_VA":762.91,"FORLOG_EXP":353.92,"PESCAC_VA":29.97,"PESCAC_EXP":37.35,"MINCOL_VA":689.83,"MINCOL_EXP":194.88,"PETGAS_VA":139.64,"PETGAS_EXP":67.92,"MINORE_VA":61.28,"MINORE_EXP":4.7,"MINOTH_VA":339.18,"MINOTH_EXP":125.84,"MINSER_VA":91.94,"MINSER_EXP":17.38,"ALYBEB_VA":4782.22,"ALYBEB_EXP":5021.14,"TEXYPR_VA":1219.31,"TEXYPR_EXP":1715.55,"MADYPR_VA":1452.0,"MADYPR_EXP":790.62,"PAPYPR_VA":1754.45,"PAPYPR_EXP":1297.23,"PETREF_VA":59.75,"PETREF_EXP":134.15,"QUIMYP_VA":2534.48,"QUIMYP_EXP":5279.1,"FARMED_VA":915.72,"FARMED_EXP":703.79,"HUPLAS_VA":4278.0,"HUPLAS_EXP":7116.41,"PRNOMT_VA":2595.06,"PRNOMT_EXP":2728.99,"METBAS_VA":1164.42,"METBAS_EXP":3068.84,"NONFER_VA":445.22,"NONFER_EXP":992.21,"PRMETA_VA":6441.6,"PRMETA_EXP":8171.43,"ELCTRO_VA":3116.37,"ELCTRO_EXP":11222.87,"ELCTRI_VA":4594.68,"ELCTRI_EXP":9921.77,"MAQYEQ_VA":5268.21,"MAQYEQ_EXP":13799.37,"AUTOMO_VA":13391.33,"AUTOMO_EXP":41127.67,"OTRTRA_VA":8.52,"OTRTRA_EXP":25.48,"TRANSP_VA":1145.66,"TRANSP_EXP":1682.76,"OTRMAN_VA":4357.14,"OTRMAN_EXP":2987.92,"ELEGAS_VA":5758.82,"ELEGAS_EXP":951.51,"AGUBAS_VA":2200.42,"AGUBAS_EXP":84.92,"CONSTR_VA":12894.84,"CONSTR_EXP":493.86,"COMREV_VA":24806.7,"COMREV_EXP":11497.93,"TRATIE_VA":6912.61,"TRATIE_EXP":7517.0,"TRAGUA_VA":211.33,"TRAGUA_EXP":66.77,"TRAAIR_VA":250.76,"TRAAIR_EXP":1212.4,"ALMSTR_VA":5225.78,"ALMSTR_EXP":2724.24,"POSTME_VA":766.74,"POSTME_EXP":119.99,"HOTYRE_VA":4765.88,"HOTYRE_EXP":2574.39,"MMTVRA_VA":2828.87,"MMTVRA_EXP":2048.7,"TELECO_VA":3056.02,"TELECO_EXP":1037.4,"ITSERV_VA":8061.7,"ITSERV_EXP":2399.1,"SERFIN_VA":8970.23,"SERFIN_EXP":1083.98,"GOBEST_VA":26022.61,"GOBEST_EXP":516.01,"SPRSCT_VA":11959.39,"SPRSCT_EXP":4176.86,"SEAEMP_VA":4582.33,"SEAEMP_EXP":1519.66,"ADPDEF_VA":13694.79,"ADPDEF_EXP":179.13,"EDUCAC_VA":10528.25,"EDUCAC_EXP":453.96,"SALUDH_VA":11199.64,"SALUDH_EXP":184.98,"ESPARC_VA":2450.59,"ESPARC_EXP":583.25,"OTRSER_VA":2307.34,"OTRSER_EXP":167.18,"SERHOG_VA":259.37,"SERHOG_EXP":0.0}},{"type":"Feature","geometry":{"type":"Point","coordinates":[10.45,51.17]},"properties":{"id":"DEU","name":"Alemania","continent":"europe","year":2019,"AGRPFO_VA":30814.06,"AGRPFO_EXP":6290.51,"FORLOG_VA":2869.97,"FORLOG_EXP":666.09,"PESCAC_VA":451.52,"PESCAC_EXP":136.63,"MINCOL_VA":649.65,"MINCOL_EXP":140.99,"PETGAS_VA":293.86,"PETGAS_EXP":397.75,"MINORE_VA":0.0,"MINORE_EXP":0.0,"MINOTH_VA":4239.89,"MINOTH_EXP":1555.57,"MINSER_VA":233.06,"MINSER_EXP":168.18,"ALYBEB_VA":65638.4,"ALYBEB_EXP":46613.57,"TEXYPR_VA":8829.37,"TEXYPR_EXP":14356.33,"MADYPR_VA":9100.86,"MADYPR_EXP":6061.9,"PAPYPR_VA":21618.45,"PAPYPR_EXP":18779.26,"PETREF_VA":10957.82,"PETREF_EXP":15535.31,"QUIMYP_VA":54357.09,"QUIMYP_EXP":104109.66,"FARMED_VA":29671.43,"FARMED_EXP":45698.25,"HUPLAS_VA":36610.31,"HUPLAS_EXP":38211.5,"PRNOMT_VA":22508.29,"PRNOMT_EXP":14351.44,"METBAS_VA":15642.33,"METBAS_EXP":25457.12,"NONFER_VA":9907.83,"NONFER_EXP":18430.52,"PRMETA_VA":65431.71,"PRMETA_EXP":35115.35,"ELCTRO_VA":52512.97,"ELCTRO_EXP":89558.07,"ELCTRI_VA":50970.12,"ELCTRI_EXP":75241.47,"MAQYEQ_VA":125587.14,"MAQYEQ_EXP":140714.76,"AUTOMO_VA":156239.97,"AUTOMO_EXP":206039.33,"OTRTRA_VA":2438.64,"OTRTRA_EXP":5318.26,"TRANSP_VA":16107.51,"TRANSP_EXP":30313.5,"OTRMAN_VA":50876.98,"OTRMAN_EXP":38209.43,"ELEGAS_VA":44319.57,"ELEGAS_EXP":5364.32,"AGUBAS_VA":39047.11,"AGUBAS_EXP":416.11,"CONSTR_VA":166175.29,"CONSTR_EXP":1303.46,"COMREV_VA":371313.37,"COMREV_EXP":173977.92,"TRATIE_VA":65509.84,"TRATIE_EXP":36606.17,"TRAGUA_VA":7559.87,"TRAGUA_EXP":32573.35,"TRAAIR_VA":7501.97,"TRAAIR_EXP":26574.24,"ALMSTR_VA":65021.56,"ALMSTR_EXP":17674.93,"POSTME_VA":20913.48,"POSTME_EXP":1886.49,"HOTYRE_VA":65957.76,"HOTYRE_EXP":11882.09,"MMTVRA_VA":35719.81,"MMTVRA_EXP":15546.5,"TELECO_VA":31727.25,"TELECO_EXP":4992.68,"ITSERV_VA":106190.7,"ITSERV_EXP":25486.02,"SERFIN_VA":144390.11,"SERFIN_EXP":59287.41,"GOBEST_VA":369521.94,"GOBEST_EXP":3051.25,"SPRSCT_VA":242251.25,"SPRSCT_EXP":75036.27,"SEAEMP_VA":175839.83,"SEAEMP_EXP":38900.42,"ADPDEF_VA":217761.5,"ADPDEF_EXP":0.08,"EDUCAC_VA":167987.04,"EDUCAC_EXP":5139.51,"SALUDH_VA":303683.45,"SALUDH_EXP":1171.27,"ESPARC_VA":41322.91,"ESPARC_EXP":3760.11,"OTRSER_VA":77974.73,"OTRSER_EXP":696.97,"SERHOG_VA":8590.44,"SERHOG_EXP":0.0}},{"type":"Feature","geometry":{"type":"Point","coordinates":[9.5,56.26]},"properties":{"id":"DNK","name":"Dinamarca","continent":"europe","year":2019,"AGRPFO_VA":4126.12,"AGRPFO_EXP":3696.66,"FORLOG_VA":224.34,"FORLOG_EXP":80.19,"PESCAC_VA":349.63,"PESCAC_EXP":566.27,"MINCOL_VA":0.0,"MINCOL_EXP":0.0,"PETGAS_VA":1986.02,"PETGAS_EXP":1227.44,"MINORE_VA":0.0,"MINORE_EXP":0.0,"MINOTH_VA":194.08,"MINOTH_EXP":172.5,"MINSER_VA":1085.48,"MINSER_EXP":138.62,"ALYBEB_VA":5210.25,"ALYBEB_EXP":11107.96,"TEXYPR_VA":584.71,"TEXYPR_EXP":933.62,"MADYPR_VA":715.2,"MADYPR_EXP":450.34,"PAPYPR_VA":971.3,"PAPYPR_EXP":688.97,"PETREF_VA":262.93,"PETREF_EXP":1970.34,"QUIMYP_VA":3299.78,"QUIMYP_EXP":4615.48,"FARMED_VA":13012.0,"FARMED_EXP":11882.62,"HUPLAS_VA":1424.51,"HUPLAS_EXP":1510.41,"PRNOMT_VA":1785.15,"PRNOMT_EXP":752.56,"METBAS_VA":393.58,"METBAS_EXP":353.76,"NONFER_VA":150.2,"NONFER_EXP":237.35,"PRMETA_VA":3108.7,"PRMETA_EXP":2558.46,"ELCTRO_VA":3028.75,"ELCTRO_EXP":4434.54,"ELCTRI_VA":1264.43,"ELCTRI_EXP":2231.4,"MAQYEQ_VA":8610.88,"MAQYEQ_EXP":13061.07,"AUTOMO_VA":420.74,"AUTOMO_EXP":547.67,"OTRTRA_VA":147.65,"OTRTRA_EXP":93.6,"TRANSP_VA":143.39,"TRANSP_EXP":195.03,"OTRMAN_VA":4135.0,"OTRMAN_EXP":5633.53,"ELEGAS_VA":3778.62,"ELEGAS_EXP":572.22,"AGUBAS_VA":2573.86,"AGUBAS_EXP":23.21,"CONSTR_VA":17540.93,"CONSTR_EXP":1259.9,"COMREV_VA":39348.31,"COMREV_EXP":19388.27,"TRATIE_VA":5763.18,"TRATIE_EXP":5900.98,"TRAGUA_VA":5717.04,"TRAGUA_EXP":33711.0,"TRAAIR_VA":771.25,"TRAAIR_EXP":2838.48,"ALMSTR_VA":4513.06,"ALMSTR_EXP":5205.91,"POSTME_VA":1054.55,"POSTME_EXP":466.37,"HOTYRE_VA":5286.75,"HOTYRE_EXP":1975.33,"MMTVRA_VA":4352.84,"MMTVRA_EXP":2108.63,"TELECO_VA":3200.66,"TELECO_EXP":908.6,"ITSERV_VA":7502.8,"ITSERV_EXP":4036.92,"SERFIN_VA":16568.04,"SERFIN_EXP":3120.44,"GOBEST_VA":34082.64,"GOBEST_EXP":563.33,"SPRSCT_VA":20354.95,"SPRSCT_EXP":9196.33,"SEAEMP_VA":9984.44,"SEAEMP_EXP":4764.84,"ADPDEF_VA":15361.09,"ADPDEF_EXP":350.97,"EDUCAC_VA":18630.98,"EDUCAC_EXP":1016.18,"SALUDH_VA":31462.38,"SALUDH_EXP":176.88,"ESPARC_VA":4591.18,"ESPARC_EXP":577.12,"OTRSER_VA":4588.22,"OTRSER_EXP":131.08,"SERHOG_VA":713.94,"SERHOG_EXP":0.0}},{"type":"Feature","geometry":{"type":"Point","coordinates":[30.8,26.82]},"properties":{"id":"EGY","name":"Egipto","continent":"other","year":2019,"AGRPFO_VA":33251.23,"AGRPFO_EXP":2096.55,"FORLOG_VA":6.88,"FORLOG_EXP":5.71,"PESCAC_VA":3654.01,"PESCAC_EXP":25.17,"MINCOL_VA":267.25,"MINCOL_EXP":85.54,"PETGAS_VA":33866.38,"PETGAS_EXP":3186.54,"MINORE_VA":645.43,"MINORE_EXP":12.6,"MINOTH_VA":2463.94,"MINOTH_EXP":218.55,"MINSER_VA":894.88,"MINSER_EXP":8.4,"ALYBEB_VA":8782.24,"ALYBEB_EXP":2216.61,"TEXYPR_VA":3701.87,"TEXYPR_EXP":2627.83,"MADYPR_VA":1494.42,"MADYPR_EXP":100.35,"PAPYPR_VA":2433.22,"PAPYPR_EXP":340.16,"PETREF_VA":9335.66,"PETREF_EXP":3548.72,"QUIMYP_VA":5203.18,"QUIMYP_EXP":3861.37,"FARMED_VA":1633.5,"FARMED_EXP":279.72,"HUPLAS_VA":1151.0,"HUPLAS_EXP":697.55,"PRNOMT_VA":3949.57,"PRNOMT_EXP":816.16,"METBAS_VA":2223.35,"METBAS_EXP":1365.59,"NONFER_VA":2353.73,"NONFER_EXP":1477.01,"PRMETA_VA":2530.68,"PRMETA_EXP":448.53,"ELCTRO_VA":339.47,"ELCTRO_EXP":420.82,"ELCTRI_VA":1760.65,"ELCTRI_EXP":833.1,"MAQYEQ_VA":473.95,"MAQYEQ_EXP":233.72,"AUTOMO_VA":672.21,"AUTOMO_EXP":85.6,"OTRTRA_VA":32.17,"OTRTRA_EXP":0.39,"TRANSP_VA":101.5,"TRANSP_EXP":0.83,"OTRMAN_VA":3763.07,"OTRMAN_EXP":606.98,"ELEGAS_VA":4951.01,"ELEGAS_EXP":27.32,"AGUBAS_VA":1678.33,"AGUBAS_EXP":17.14,"CONSTR_VA":19747.19,"CONSTR_EXP":27.41,"COMREV_VA":40492.69,"COMREV_EXP":3698.61,"TRATIE_VA":10836.5,"TRATIE_EXP":2027.07,"TRAGUA_VA":8241.59,"TRAGUA_EXP":1849.79,"TRAAIR_VA":2363.52,"TRAAIR_EXP":1597.08,"ALMSTR_VA":12755.56,"ALMSTR_EXP":4277.42,"POSTME_VA":513.56,"POSTME_EXP":162.85,"HOTYRE_VA":8800.24,"HOTYRE_EXP":5398.96,"MMTVRA_VA":1737.36,"MMTVRA_EXP":578.58,"TELECO_VA":6336.54,"TELECO_EXP":474.04,"ITSERV_VA":1379.98,"ITSERV_EXP":304.14,"SERFIN_VA":14533.35,"SERFIN_EXP":1375.14,"GOBEST_VA":23420.4,"GOBEST_EXP":700.59,"SPRSCT_VA":7479.68,"SPRSCT_EXP":739.85,"SEAEMP_VA":4641.16,"SEAEMP_EXP":2233.46,"ADPDEF_VA":14606.92,"ADPDEF_EXP":38.13,"EDUCAC_VA":12689.36,"EDUCAC_EXP":243.61,"SALUDH_VA":9431.82,"SALUDH_EXP":157.46,"ESPARC_VA":3510.28,"ESPARC_EXP":452.95,"OTRSER_VA":5013.27,"OTRSER_EXP":224.69,"SERHOG_VA":255.92,"SERHOG_EXP":0.0}},{"type":"Feature","geometry":{"type":"Point","coordinates":[-3.75,40.46]},"properties":{"id":"ESP","name":"España","continent":"europe","year":2019,"AGRPFO_VA":33176.1,"AGRPFO_EXP":15397.37,"FORLOG_VA":1192.05,"FORLOG_EXP":158.98,"PESCAC_VA":1765.4,"PESCAC_EXP":644.62,"MINCOL_VA":2.86,"MINCOL_EXP":1.81,"PETGAS_VA":2.72,"PETGAS_EXP":1.4,"MINORE_VA":1061.93,"MINORE_EXP":1530.63,"MINOTH_VA":2335.57,"MINOTH_EXP":704.93,"MINSER_VA":258.84,"MINSER_EXP":261.76,"ALYBEB_VA":29208.8,"ALYBEB_EXP":27330.33,"TEXYPR_VA":10085.9,"TEXYPR_EXP":9698.78,"MADYPR_VA":2464.22,"MADYPR_EXP":1952.04,"PAPYPR_VA":7260.46,"PAPYPR_EXP":4481.07,"PETREF_VA":3099.89,"PETREF_EXP":16333.33,"QUIMYP_VA":11378.39,"QUIMYP_EXP":24272.41,"FARMED_VA":8318.64,"FARMED_EXP":10202.58,"HUPLAS_VA":7798.7,"HUPLAS_EXP":8391.51,"PRNOMT_VA":8150.04,"PRNOMT_EXP":7383.78,"METBAS_VA":3283.18,"METBAS_EXP":8093.03,"NONFER_VA":1910.66,"NONFER_EXP":6978.5,"PRMETA_VA":14071.07,"PRMETA_EXP":10127.97,"ELCTRO_VA":2218.16,"ELCTRO_EXP":3856.35,"ELCTRI_VA":5436.5,"ELCTRI_EXP":10761.86,"MAQYEQ_VA":8898.87,"MAQYEQ_EXP":11960.94,"AUTOMO_VA":15968.56,"AUTOMO_EXP":43049.05,"OTRTRA_VA":464.21,"OTRTRA_EXP":900.65,"TRANSP_VA":5267.44,"TRANSP_EXP":8214.25,"OTRMAN_VA":12913.2,"OTRMAN_EXP":6303.49,"ELEGAS_VA":30313.72,"ELEGAS_EXP":1403.82,"AGUBAS_VA":14475.79,"AGUBAS_EXP":222.14,"CONSTR_VA":84828.55,"CONSTR_EXP":1129.93,"COMREV_VA":168400.39,"COMREV_EXP":60448.96,"TRATIE_VA":30435.17,"TRATIE_EXP":16822.05,"TRAGUA_VA":782.52,"TRAGUA_EXP":1243.36,"TRAAIR_VA":4157.6,"TRAAIR_EXP":10883.85,"ALMSTR_VA":23414.85,"ALMSTR_EXP":10384.59,"POSTME_VA":2930.16,"POSTME_EXP":316.29,"HOTYRE_VA":85430.29,"HOTYRE_EXP":18405.69,"MMTVRA_VA":9387.94,"MMTVRA_EXP":4514.8,"TELECO_VA":16027.81,"TELECO_EXP":4066.91,"ITSERV_VA":23667.96,"ITSERV_EXP":18122.42,"SERFIN_VA":49879.63,"SERFIN_EXP":8030.11,"GOBEST_VA":150193.64,"GOBEST_EXP":4660.36,"SPRSCT_VA":63386.16,"SPRSCT_EXP":18675.15,"SEAEMP_VA":54040.34,"SEAEMP_EXP":10303.33,"ADPDEF_VA":76787.86,"ADPDEF_EXP":2740.37,"EDUCAC_VA":67338.43,"EDUCAC_EXP":2161.0,"SALUDH_VA":84415.2,"SALUDH_EXP":1591.77,"ESPARC_VA":26704.13,"ESPARC_EXP":3902.04,"OTRSER_VA":24209.41,"OTRSER_EXP":1870.28,"SERHOG_VA":11107.74,"SERHOG_EXP":0.0}},{"type":"Feature","geometry":{"type":"Point","coordinates":[25.01,58.6]},"properties":{"id":"EST","name":"Estonia","continent":"europe","year":2019,"AGRPFO_VA":361.68,"AGRPFO_EXP":260.29,"FORLOG_VA":379.5,"FORLOG_EXP":193.93,"PESCAC_VA":52.31,"PESCAC_EXP":54.08,"MINCOL_VA":19.84,"MINCOL_EXP":0.93,"PETGAS_VA":198.91,"PETGAS_EXP":98.35,"MINORE_VA":0.0,"MINORE_EXP":0.0,"MINOTH_VA":77.63,"MINOTH_EXP":16.55,"MINSER_VA":5.04,"MINSER_EXP":2.61,"ALYBEB_VA":551.61,"ALYBEB_EXP":877.33,"TEXYPR_VA":219.04,"TEXYPR_EXP":415.86,"MADYPR_VA":653.41,"MADYPR_EXP":1450.25,"PAPYPR_VA":170.6,"PAPYPR_EXP":297.37,"PETREF_VA":131.72,"PETREF_EXP":148.08,"QUIMYP_VA":133.78,"QUIMYP_EXP":469.74,"FARMED_VA":16.49,"FARMED_EXP":31.78,"HUPLAS_VA":167.04,"HUPLAS_EXP":303.76,"PRNOMT_VA":222.28,"PRNOMT_EXP":292.69,"METBAS_VA":23.51,"METBAS_EXP":39.73,"NONFER_VA":12.6,"NONFER_EXP":70.38,"PRMETA_VA":486.72,"PRMETA_EXP":794.0,"ELCTRO_VA":310.82,"ELCTRO_EXP":1243.68,"ELCTRI_VA":238.54,"ELCTRI_EXP":609.99,"MAQYEQ_VA":194.9,"MAQYEQ_EXP":448.35,"AUTOMO_VA":128.55,"AUTOMO_EXP":324.04,"OTRTRA_VA":36.17,"OTRTRA_EXP":30.21,"TRANSP_VA":0.69,"TRANSP_EXP":1.02,"OTRMAN_VA":593.19,"OTRMAN_EXP":991.81,"ELEGAS_VA":642.26,"ELEGAS_EXP":247.37,"AGUBAS_VA":229.68,"AGUBAS_EXP":12.2,"CONSTR_VA":1981.25,"CONSTR_EXP":59.46,"COMREV_VA":3614.92,"COMREV_EXP":1930.48,"TRATIE_VA":1019.41,"TRATIE_EXP":876.19,"TRAGUA_VA":190.81,"TRAGUA_EXP":381.27,"TRAAIR_VA":21.71,"TRAAIR_EXP":224.72,"ALMSTR_VA":899.94,"ALMSTR_EXP":1651.81,"POSTME_VA":94.54,"POSTME_EXP":130.58,"HOTYRE_VA":567.12,"HOTYRE_EXP":536.14,"MMTVRA_VA":212.64,"MMTVRA_EXP":107.18,"TELECO_VA":409.84,"TELECO_EXP":283.39,"ITSERV_VA":1186.97,"ITSERV_EXP":1065.94,"SERFIN_VA":1201.62,"SERFIN_EXP":282.88,"GOBEST_VA":3295.92,"GOBEST_EXP":162.13,"SPRSCT_VA":1472.01,"SPRSCT_EXP":766.62,"SEAEMP_VA":1085.83,"SEAEMP_EXP":549.23,"ADPDEF_VA":1703.28,"ADPDEF_EXP":41.92,"EDUCAC_VA":1335.67,"EDUCAC_EXP":50.24,"SALUDH_VA":1173.21,"SALUDH_EXP":29.74,"ESPARC_VA":476.07,"ESPARC_EXP":125.52,"OTRSER_VA":246.56,"OTRSER_EXP":34.89,"SERHOG_VA":15.8,"SERHOG_EXP":0.0}},{"type":"Feature","geometry":{"type":"Point","coordinates":[25.75,61.92]},"properties":{"id":"FIN","name":"Finlandia","continent":"europe","year":2019,"AGRPFO_VA":1964.56,"AGRPFO_EXP":611.08,"FORLOG_VA":4106.57,"FORLOG_EXP":89.03,"PESCAC_VA":142.2,"PESCAC_EXP":31.54,"MINCOL_VA":206.56,"MINCOL_EXP":18.27,"PETGAS_VA":0.0,"PETGAS_EXP":0.0,"MINORE_VA":522.91,"MINORE_EXP":895.8,"MINOTH_VA":461.01,"MINOTH_EXP":167.56,"MINSER_VA":94.94,"MINSER_EXP":30.61,"ALYBEB_VA":3363.86,"ALYBEB_EXP":1456.0,"TEXYPR_VA":485.46,"TEXYPR_EXP":578.34,"MADYPR_VA":1529.68,"MADYPR_EXP":2362.64,"PAPYPR_VA":4664.9,"PAPYPR_EXP":9952.68,"PETREF_VA":1555.76,"PETREF_EXP":4658.67,"QUIMYP_VA":3384.5,"QUIMYP_EXP":5528.86,"FARMED_VA":1823.39,"FARMED_EXP":1074.22,"HUPLAS_VA":1313.88,"HUPLAS_EXP":1823.5,"PRNOMT_VA":1422.78,"PRNOMT_EXP":727.11,"METBAS_VA":1004.93,"METBAS_EXP":3448.73,"NONFER_VA":834.28,"NONFER_EXP":2372.14,"PRMETA_VA":3378.25,"PRMETA_EXP":2280.38,"ELCTRO_VA":4830.91,"ELCTRO_EXP":4818.18,"ELCTRI_VA":2120.65,"ELCTRI_EXP":3256.65,"MAQYEQ_VA":6749.22,"MAQYEQ_EXP":9152.43,"AUTOMO_VA":926.99,"AUTOMO_EXP":1424.68,"OTRTRA_VA":355.66,"OTRTRA_EXP":1891.47,"TRANSP_VA":111.9,"TRANSP_EXP":199.96,"OTRMAN_VA":2668.86,"OTRMAN_EXP":1954.89,"ELEGAS_VA":5703.27,"ELEGAS_EXP":167.2,"AGUBAS_VA":2096.06,"AGUBAS_EXP":141.37,"CONSTR_VA":17855.13,"CONSTR_EXP":28.71,"COMREV_VA":21165.79,"COMREV_EXP":8299.34,"TRATIE_VA":6395.74,"TRATIE_EXP":1186.31,"TRAGUA_VA":876.19,"TRAGUA_EXP":1886.07,"TRAAIR_VA":956.84,"TRAAIR_EXP":2429.32,"ALMSTR_VA":3096.93,"ALMSTR_EXP":811.18,"POSTME_VA":720.7,"POSTME_EXP":136.32,"HOTYRE_VA":4358.88,"HOTYRE_EXP":924.57,"MMTVRA_VA":4041.1,"MMTVRA_EXP":2235.14,"TELECO_VA":2700.69,"TELECO_EXP":405.59,"ITSERV_VA":7503.84,"ITSERV_EXP":8049.34,"SERFIN_VA":7231.74,"SERFIN_EXP":863.26,"GOBEST_VA":30553.82,"GOBEST_EXP":250.36,"SPRSCT_VA":12572.69,"SPRSCT_EXP":5826.06,"SEAEMP_VA":9484.52,"SEAEMP_EXP":2762.98,"ADPDEF_VA":12399.91,"ADPDEF_EXP":221.61,"EDUCAC_VA":12506.24,"EDUCAC_EXP":528.9,"SALUDH_VA":23584.62,"SALUDH_EXP":74.92,"ESPARC_VA":3418.0,"ESPARC_EXP":182.97,"OTRSER_VA":3900.23,"OTRSER_EXP":135.5,"SERHOG_VA":345.63,"SERHOG_EXP":0.0}},{"type":"Feature","geometry":{"type":"Point","coordinates":[2.21,46.23]},"properties":{"id":"FRA","name":"Francia","continent":"europe","year":2019,"AGRPFO_VA":36424.24,"AGRPFO_EXP":15676.33,"FORLOG_VA":2898.51,"FORLOG_EXP":479.63,"PESCAC_VA":1434.42,"PESCAC_EXP":601.77,"MINCOL_VA":4.7,"MINCOL_EXP":5.12,"PETGAS_VA":153.95,"PETGAS_EXP":74.26,"MINORE_VA":16.06,"MINORE_EXP":19.86,"MINOTH_VA":2275.38,"MINOTH_EXP":460.3,"MINSER_VA":292.11,"MINSER_EXP":96.83,"ALYBEB_VA":47228.87,"ALYBEB_EXP":35935.18,"TEXYPR_VA":7264.86,"TEXYPR_EXP":8066.76,"MADYPR_VA":4077.01,"MADYPR_EXP":2196.1,"PAPYPR_VA":10497.08,"PAPYPR_EXP":6334.84,"PETREF_VA":3227.87,"PETREF_EXP":11618.99,"QUIMYP_VA":21560.61,"QUIMYP_EXP":54786.27,"FARMED_VA":14621.58,"FARMED_EXP":18103.1,"HUPLAS_VA":12958.71,"HUPLAS_EXP":14595.87,"PRNOMT_VA":10562.65,"PRNOMT_EXP":4787.16,"METBAS_VA":4141.19,"METBAS_EXP":10725.43,"NONFER_VA":2798.66,"NONFER_EXP":7405.12,"PRMETA_VA":26314.55,"PRMETA_EXP":11248.38,"ELCTRO_VA":12853.71,"ELCTRO_EXP":23201.27,"ELCTRI_VA":9231.99,"ELCTRI_EXP":20092.42,"MAQYEQ_VA":16366.45,"MAQYEQ_EXP":33595.43,"AUTOMO_VA":17784.53,"AUTOMO_EXP":45140.21,"OTRTRA_VA":2976.66,"OTRTRA_EXP":2902.62,"TRANSP_VA":24041.04,"TRANSP_EXP":72981.74,"OTRMAN_VA":42219.08,"OTRMAN_EXP":22101.52,"ELEGAS_VA":36965.02,"ELEGAS_EXP":3227.92,"AGUBAS_VA":16630.23,"AGUBAS_EXP":24.6,"CONSTR_VA":147298.67,"CONSTR_EXP":49.64,"COMREV_VA":258925.43,"COMREV_EXP":106388.25,"TRATIE_VA":50940.74,"TRATIE_EXP":19794.09,"TRAGUA_VA":2053.32,"TRAGUA_EXP":15037.48,"TRAAIR_VA":7814.59,"TRAAIR_EXP":12776.44,"ALMSTR_VA":47722.11,"ALMSTR_EXP":7225.57,"POSTME_VA":8426.87,"POSTME_EXP":2419.47,"HOTYRE_VA":60142.57,"HOTYRE_EXP":26038.75,"MMTVRA_VA":31133.91,"MMTVRA_EXP":8777.36,"TELECO_VA":28939.95,"TELECO_EXP":4809.7,"ITSERV_VA":77983.08,"ITSERV_EXP":14316.12,"SERFIN_VA":95149.36,"SERFIN_EXP":22155.02,"GOBEST_VA":342063.01,"GOBEST_EXP":4915.49,"SPRSCT_VA":214880.26,"SPRSCT_EXP":49459.33,"SEAEMP_VA":147997.81,"SEAEMP_EXP":46224.31,"ADPDEF_VA":191741.54,"ADPDEF_EXP":2343.15,"EDUCAC_VA":129814.52,"EDUCAC_EXP":2268.85,"SALUDH_VA":216069.72,"SALUDH_EXP":2614.43,"ESPARC_VA":36798.45,"ESPARC_EXP":4463.73,"OTRSER_VA":36204.04,"OTRSER_EXP":1186.39,"SERHOG_VA":3374.78,"SERHOG_EXP":0.0}},{"type":"Feature","geometry":{"type":"Point","coordinates":[-3.44,55.38]},"properties":{"id":"GBR","name":"Reino Unido","continent":"europe","year":2019,"AGRPFO_VA":15775.96,"AGRPFO_EXP":2657.68,"FORLOG_VA":1291.77,"FORLOG_EXP":98.07,"PESCAC_VA":1182.72,"PESCAC_EXP":1022.43,"MINCOL_VA":161.18,"MINCOL_EXP":116.53,"PETGAS_VA":23096.36,"PETGAS_EXP":26285.91,"MINORE_VA":0.0,"MINORE_EXP":0.0,"MINOTH_VA":2580.69,"MINOTH_EXP":1012.85,"MINSER_VA":1977.6,"MINSER_EXP":1085.46,"ALYBEB_VA":41990.87,"ALYBEB_EXP":22889.25,"TEXYPR_VA":8563.74,"TEXYPR_EXP":8514.93,"MADYPR_VA":4812.85,"MADYPR_EXP":692.89,"PAPYPR_VA":12515.36,"PAPYPR_EXP":3168.94,"PETREF_VA":4816.0,"PETREF_EXP":13832.79,"QUIMYP_VA":15911.31,"QUIMYP_EXP":24847.6,"FARMED_VA":17639.03,"FARMED_EXP":17680.04,"HUPLAS_VA":10787.95,"HUPLAS_EXP":8530.12,"PRNOMT_VA":8701.71,"PRNOMT_EXP":2649.31,"METBAS_VA":3138.21,"METBAS_EXP":5227.37,"NONFER_VA":2747.75,"NONFER_EXP":6545.53,"PRMETA_VA":22950.5,"PRMETA_EXP":8571.21,"ELCTRO_VA":17926.32,"ELCTRO_EXP":11003.52,"ELCTRI_VA":6731.25,"ELCTRI_EXP":11590.27,"MAQYEQ_VA":20761.23,"MAQYEQ_EXP":23160.61,"AUTOMO_VA":22688.9,"AUTOMO_EXP":41476.84,"OTRTRA_VA":2512.43,"OTRTRA_EXP":2657.29,"TRANSP_VA":12922.81,"TRANSP_EXP":21561.2,"OTRMAN_VA":24232.91,"OTRMAN_EXP":10793.36,"ELEGAS_VA":37202.86,"ELEGAS_EXP":516.47,"AGUBAS_VA":32085.5,"AGUBAS_EXP":571.34,"CONSTR_VA":167108.87,"CONSTR_EXP":1073.93,"COMREV_VA":269949.3,"COMREV_EXP":71585.79,"TRATIE_VA":44544.58,"TRATIE_EXP":8177.97,"TRAGUA_VA":8882.66,"TRAGUA_EXP":9493.57,"TRAAIR_VA":7638.37,"TRAAIR_EXP":14714.26,"ALMSTR_VA":33884.95,"ALMSTR_EXP":9577.18,"POSTME_VA":16423.12,"POSTME_EXP":2834.57,"HOTYRE_VA":78991.83,"HOTYRE_EXP":16934.73,"MMTVRA_VA":41367.81,"MMTVRA_EXP":20876.53,"TELECO_VA":44097.57,"TELECO_EXP":11045.36,"ITSERV_VA":77149.11,"ITSERV_EXP":25594.62,"SERFIN_VA":216137.95,"SERFIN_EXP":114221.56,"GOBEST_VA":337310.47,"GOBEST_EXP":4087.92,"SPRSCT_VA":195642.27,"SPRSCT_EXP":92498.12,"SEAEMP_VA":134980.58,"SEAEMP_EXP":50494.76,"ADPDEF_VA":129927.11,"ADPDEF_EXP":382.88,"EDUCAC_VA":149917.85,"EDUCAC_EXP":16337.81,"SALUDH_VA":200594.75,"SALUDH_EXP":792.01,"ESPARC_VA":39161.23,"ESPARC_EXP":9722.39,"OTRSER_VA":44991.31,"OTRSER_EXP":641.3,"SERHOG_VA":5000.52,"SERHOG_EXP":0.0}},{"type":"Feature","geometry":{"type":"Point","coordinates":[21.82,39.07]},"properties":{"id":"GRC","name":"Grecia","continent":"europe","year":2019,"AGRPFO_VA":7108.96,"AGRPFO_EXP":1699.85,"FORLOG_VA":66.94,"FORLOG_EXP":8.12,"PESCAC_VA":681.2,"PESCAC_EXP":428.04,"MINCOL_VA":14.01,"MINCOL_EXP":4.31,"PETGAS_VA":78.35,"PETGAS_EXP":1.03,"MINORE_VA":149.28,"MINORE_EXP":179.12,"MINOTH_VA":669.96,"MINOTH_EXP":403.89,"MINSER_VA":3.73,"MINSER_EXP":8.18,"ALYBEB_VA":5723.89,"ALYBEB_EXP":3514.81,"TEXYPR_VA":622.68,"TEXYPR_EXP":654.01,"MADYPR_VA":130.36,"MADYPR_EXP":82.14,"PAPYPR_VA":795.02,"PAPYPR_EXP":390.02,"PETREF_VA":1168.04,"PETREF_EXP":9242.28,"QUIMYP_VA":1020.51,"QUIMYP_EXP":1862.12,"FARMED_VA":1002.33,"FARMED_EXP":980.42,"HUPLAS_VA":754.34,"HUPLAS_EXP":633.21,"PRNOMT_VA":1004.91,"PRNOMT_EXP":475.62,"METBAS_VA":243.31,"METBAS_EXP":690.93,"NONFER_VA":1150.46,"NONFER_EXP":2052.06,"PRMETA_VA":1154.4,"PRMETA_EXP":691.15,"ELCTRO_VA":277.91,"ELCTRO_EXP":330.38,"ELCTRI_VA":593.07,"ELCTRI_EXP":1067.81,"MAQYEQ_VA":451.1,"MAQYEQ_EXP":789.49,"AUTOMO_VA":59.73,"AUTOMO_EXP":52.22,"OTRTRA_VA":319.39,"OTRTRA_EXP":53.67,"TRANSP_VA":162.92,"TRANSP_EXP":81.49,"OTRMAN_VA":927.85,"OTRMAN_EXP":454.74,"ELEGAS_VA":5447.64,"ELEGAS_EXP":544.74,"AGUBAS_VA":2370.73,"AGUBAS_EXP":4.0,"CONSTR_VA":2964.16,"CONSTR_EXP":4.02,"COMREV_VA":21751.26,"COMREV_EXP":6752.25,"TRATIE_VA":3492.28,"TRATIE_EXP":1711.05,"TRAGUA_VA":3981.71,"TRAGUA_EXP":16700.21,"TRAAIR_VA":828.28,"TRAAIR_EXP":1891.97,"ALMSTR_VA":3282.92,"ALMSTR_EXP":1565.87,"POSTME_VA":616.14,"POSTME_EXP":68.05,"HOTYRE_VA":13394.24,"HOTYRE_EXP":8640.21,"MMTVRA_VA":1131.44,"MMTVRA_EXP":380.84,"TELECO_VA":3127.75,"TELECO_EXP":823.67,"ITSERV_VA":1659.75,"ITSERV_EXP":560.32,"SERFIN_VA":9071.37,"SERFIN_EXP":1189.74,"GOBEST_VA":32455.27,"GOBEST_EXP":1024.76,"SPRSCT_VA":6585.69,"SPRSCT_EXP":1344.51,"SEAEMP_VA":3426.05,"SEAEMP_EXP":2035.43,"ADPDEF_VA":17861.2,"ADPDEF_EXP":42.96,"EDUCAC_VA":9502.83,"EDUCAC_EXP":499.8,"SALUDH_VA":8047.43,"SALUDH_EXP":297.2,"ESPARC_VA":2994.86,"ESPARC_EXP":583.2,"OTRSER_VA":2824.49,"OTRSER_EXP":311.35,"SERHOG_VA":784.53,"SERHOG_EXP":0.0}},{"type":"Feature","geometry":{"type":"Point","coordinates":[114.11,22.4]},"properties":{"id":"HKG","name":"Hong Kong","continent":"asia","year":2019,"AGRPFO_VA":219.86,"AGRPFO_EXP":20.37,"FORLOG_VA":26.14,"FORLOG_EXP":7.89,"PESCAC_VA":43.52,"PESCAC_EXP":5.81,"MINCOL_VA":0.0,"MINCOL_EXP":0.0,"PETGAS_VA":0.0,"PETGAS_EXP":0.0,"MINORE_VA":0.0,"MINORE_EXP":0.0,"MINOTH_VA":0.0,"MINOTH_EXP":0.0,"MINSER_VA":49.58,"MINSER_EXP":20.43,"ALYBEB_VA":4567.28,"ALYBEB_EXP":3740.64,"TEXYPR_VA":706.06,"TEXYPR_EXP":464.73,"MADYPR_VA":596.96,"MADYPR_EXP":141.96,"PAPYPR_VA":344.49,"PAPYPR_EXP":245.5,"PETREF_VA":97.31,"PETREF_EXP":19.33,"QUIMYP_VA":401.83,"QUIMYP_EXP":521.99,"FARMED_VA":393.78,"FARMED_EXP":63.97,"HUPLAS_VA":34.2,"HUPLAS_EXP":0.07,"PRNOMT_VA":186.93,"PRNOMT_EXP":253.74,"METBAS_VA":57.05,"METBAS_EXP":0.47,"NONFER_VA":31.75,"NONFER_EXP":45.54,"PRMETA_VA":172.97,"PRMETA_EXP":194.09,"ELCTRO_VA":167.76,"ELCTRO_EXP":449.37,"ELCTRI_VA":246.84,"ELCTRI_EXP":180.83,"MAQYEQ_VA":147.64,"MAQYEQ_EXP":708.12,"AUTOMO_VA":128.28,"AUTOMO_EXP":318.74,"OTRTRA_VA":31.16,"OTRTRA_EXP":86.82,"TRANSP_VA":49.51,"TRANSP_EXP":142.97,"OTRMAN_VA":512.79,"OTRMAN_EXP":114.06,"ELEGAS_VA":3684.14,"ELEGAS_EXP":64.39,"AGUBAS_VA":2961.49,"AGUBAS_EXP":38.49,"CONSTR_VA":14088.81,"CONSTR_EXP":67.32,"COMREV_VA":73959.96,"COMREV_EXP":14088.24,"TRATIE_VA":6115.08,"TRATIE_EXP":3153.88,"TRAGUA_VA":2312.8,"TRAGUA_EXP":6236.49,"TRAAIR_VA":9073.11,"TRAAIR_EXP":15685.97,"ALMSTR_VA":558.98,"ALMSTR_EXP":109.98,"POSTME_VA":1046.62,"POSTME_EXP":180.89,"HOTYRE_VA":11858.06,"HOTYRE_EXP":8834.5,"MMTVRA_VA":1137.33,"MMTVRA_EXP":1224.3,"TELECO_VA":11570.21,"TELECO_EXP":3730.92,"ITSERV_VA":3789.32,"ITSERV_EXP":1227.95,"SERFIN_VA":66565.46,"SERFIN_EXP":39479.77,"GOBEST_VA":51641.88,"GOBEST_EXP":2093.57,"SPRSCT_VA":6220.35,"SPRSCT_EXP":1501.32,"SEAEMP_VA":6504.51,"SEAEMP_EXP":742.0,"ADPDEF_VA":20172.8,"ADPDEF_EXP":84.31,"EDUCAC_VA":26146.62,"EDUCAC_EXP":1901.32,"SALUDH_VA":14616.3,"SALUDH_EXP":485.36,"ESPARC_VA":2337.22,"ESPARC_EXP":2023.69,"OTRSER_VA":5160.41,"OTRSER_EXP":666.44,"SERHOG_VA":4278.72,"SERHOG_EXP":0.0}},{"type":"Feature","geometry":{"type":"Point","coordinates":[15.2,45.1]},"properties":{"id":"HRV","name":"Croacia","continent":"europe","year":2019,"AGRPFO_VA":1486.97,"AGRPFO_EXP":686.83,"FORLOG_VA":253.34,"FORLOG_EXP":100.57,"PESCAC_VA":140.5,"PESCAC_EXP":116.72,"MINCOL_VA":2.58,"MINCOL_EXP":1.43,"PETGAS_VA":22.56,"PETGAS_EXP":18.83,"MINORE_VA":2.72,"MINORE_EXP":1.99,"MINOTH_VA":102.87,"MINOTH_EXP":69.17,"MINSER_VA":85.26,"MINSER_EXP":58.73,"ALYBEB_VA":1908.39,"ALYBEB_EXP":1658.82,"TEXYPR_VA":488.05,"TEXYPR_EXP":676.96,"MADYPR_VA":361.97,"MADYPR_EXP":544.27,"PAPYPR_VA":424.54,"PAPYPR_EXP":290.95,"PETREF_VA":599.9,"PETREF_EXP":719.38,"QUIMYP_VA":260.44,"QUIMYP_EXP":387.38,"FARMED_VA":436.25,"FARMED_EXP":496.36,"HUPLAS_VA":301.32,"HUPLAS_EXP":338.52,"PRNOMT_VA":431.57,"PRNOMT_EXP":398.51,"METBAS_VA":97.64,"METBAS_EXP":88.23,"NONFER_VA":48.63,"NONFER_EXP":109.96,"PRMETA_VA":791.45,"PRMETA_EXP":891.69,"ELCTRO_VA":220.86,"ELCTRO_EXP":170.11,"ELCTRI_VA":338.93,"ELCTRI_EXP":725.11,"MAQYEQ_VA":360.0,"MAQYEQ_EXP":561.27,"AUTOMO_VA":212.89,"AUTOMO_EXP":202.28,"OTRTRA_VA":53.87,"OTRTRA_EXP":141.47,"TRANSP_VA":39.63,"TRANSP_EXP":75.11,"OTRMAN_VA":554.07,"OTRMAN_EXP":531.25,"ELEGAS_VA":1140.2,"ELEGAS_EXP":414.66,"AGUBAS_VA":648.13,"AGUBAS_EXP":87.14,"CONSTR_VA":3074.88,"CONSTR_EXP":321.46,"COMREV_VA":6484.87,"COMREV_EXP":2940.5,"TRATIE_VA":1408.44,"TRATIE_EXP":1428.72,"TRAGUA_VA":217.61,"TRAGUA_EXP":238.92,"TRAAIR_VA":30.92,"TRAAIR_EXP":206.31,"ALMSTR_VA":1006.58,"ALMSTR_EXP":621.78,"POSTME_VA":244.81,"POSTME_EXP":72.54,"HOTYRE_VA":3359.47,"HOTYRE_EXP":3481.44,"MMTVRA_VA":523.65,"MMTVRA_EXP":143.83,"TELECO_VA":972.3,"TELECO_EXP":393.46,"ITSERV_VA":1001.38,"ITSERV_EXP":864.94,"SERFIN_VA":2835.5,"SERFIN_EXP":478.1,"GOBEST_VA":4669.68,"GOBEST_EXP":694.26,"SPRSCT_VA":2997.65,"SPRSCT_EXP":1687.04,"SEAEMP_VA":1303.57,"SEAEMP_EXP":577.69,"ADPDEF_VA":3618.79,"ADPDEF_EXP":130.96,"EDUCAC_VA":2645.78,"EDUCAC_EXP":314.28,"SALUDH_VA":2694.11,"SALUDH_EXP":170.07,"ESPARC_VA":1120.38,"ESPARC_EXP":594.35,"OTRSER_VA":992.4,"OTRSER_EXP":288.12,"SERHOG_VA":19.88,"SERHOG_EXP":0.0}},{"type":"Feature","geometry":{"type":"Point","coordinates":[19.5,47.16]},"properties":{"id":"HUN","name":"Hungría","continent":"europe","year":2019,"AGRPFO_VA":5389.98,"AGRPFO_EXP":2898.97,"FORLOG_VA":322.1,"FORLOG_EXP":108.1,"PESCAC_VA":21.3,"PESCAC_EXP":15.4,"MINCOL_VA":1.42,"MINCOL_EXP":1.72,"PETGAS_VA":178.92,"PETGAS_EXP":24.01,"MINORE_VA":0.23,"MINORE_EXP":0.19,"MINOTH_VA":208.88,"MINOTH_EXP":63.83,"MINSER_VA":135.69,"MINSER_EXP":84.43,"ALYBEB_VA":2896.76,"ALYBEB_EXP":4958.76,"TEXYPR_VA":639.97,"TEXYPR_EXP":1252.29,"MADYPR_VA":394.14,"MADYPR_EXP":524.02,"PAPYPR_VA":980.36,"PAPYPR_EXP":1408.88,"PETREF_VA":1324.37,"PETREF_EXP":2065.66,"QUIMYP_VA":1555.54,"QUIMYP_EXP":3726.67,"FARMED_VA":1889.68,"FARMED_EXP":2929.71,"HUPLAS_VA":2210.67,"HUPLAS_EXP":4663.99,"PRNOMT_VA":1192.47,"PRNOMT_EXP":1449.36,"METBAS_VA":304.02,"METBAS_EXP":955.58,"NONFER_VA":580.16,"NONFER_EXP":1323.53,"PRMETA_VA":2278.52,"PRMETA_EXP":3168.99,"ELCTRO_VA":2719.02,"ELCTRO_EXP":11958.66,"ELCTRI_VA":1640.22,"ELCTRI_EXP":5026.35,"MAQYEQ_VA":2044.17,"MAQYEQ_EXP":5408.66,"AUTOMO_VA":6501.08,"AUTOMO_EXP":27974.3,"OTRTRA_VA":8.14,"OTRTRA_EXP":7.56,"TRANSP_VA":297.67,"TRANSP_EXP":510.55,"OTRMAN_VA":2057.59,"OTRMAN_EXP":2152.86,"ELEGAS_VA":2507.35,"ELEGAS_EXP":865.41,"AGUBAS_VA":1197.52,"AGUBAS_EXP":79.67,"CONSTR_VA":8490.95,"CONSTR_EXP":148.47,"COMREV_VA":14919.23,"COMREV_EXP":9399.27,"TRATIE_VA":4896.5,"TRATIE_EXP":3358.24,"TRAGUA_VA":87.31,"TRAGUA_EXP":59.96,"TRAAIR_VA":919.33,"TRAAIR_EXP":1743.22,"ALMSTR_VA":2777.79,"ALMSTR_EXP":3189.11,"POSTME_VA":671.23,"POSTME_EXP":180.77,"HOTYRE_VA":3026.96,"HOTYRE_EXP":1571.29,"MMTVRA_VA":1297.46,"MMTVRA_EXP":1376.46,"TELECO_VA":1900.0,"TELECO_EXP":375.57,"ITSERV_VA":3836.52,"ITSERV_EXP":2892.68,"SERFIN_VA":5598.98,"SERFIN_EXP":739.76,"GOBEST_VA":14264.88,"GOBEST_EXP":623.59,"SPRSCT_VA":8941.02,"SPRSCT_EXP":5844.04,"SEAEMP_VA":5590.15,"SEAEMP_EXP":2823.3,"ADPDEF_VA":11171.81,"ADPDEF_EXP":0.0,"EDUCAC_VA":6173.7,"EDUCAC_EXP":178.67,"SALUDH_VA":6429.81,"SALUDH_EXP":120.26,"ESPARC_VA":2148.36,"ESPARC_EXP":325.64,"OTRSER_VA":2105.03,"OTRSER_EXP":155.56,"SERHOG_VA":30.56,"SERHOG_EXP":0.0}},{"type":"Feature","geometry":{"type":"Point","coordinates":[113.92,-0.79]},"properties":{"id":"IDN","name":"Indonesia","continent":"asia","year":2019,"AGRPFO_VA":101585.71,"AGRPFO_EXP":5732.33,"FORLOG_VA":7104.39,"FORLOG_EXP":55.72,"PESCAC_VA":28617.18,"PESCAC_EXP":581.33,"MINCOL_VA":25206.74,"MINCOL_EXP":26298.9,"PETGAS_VA":30281.74,"PETGAS_EXP":9936.77,"MINORE_VA":6702.56,"MINORE_EXP":8753.7,"MINOTH_VA":12329.23,"MINOTH_EXP":106.37,"MINSER_VA":5192.89,"MINSER_EXP":113.65,"ALYBEB_VA":61293.0,"ALYBEB_EXP":24418.59,"TEXYPR_VA":13386.53,"TEXYPR_EXP":14100.35,"MADYPR_VA":2865.13,"MADYPR_EXP":3375.1,"PAPYPR_VA":7378.4,"PAPYPR_EXP":6524.05,"PETREF_VA":17853.2,"PETREF_EXP":1733.02,"QUIMYP_VA":11260.82,"QUIMYP_EXP":12416.57,"FARMED_VA":3031.69,"FARMED_EXP":609.17,"HUPLAS_VA":4994.28,"HUPLAS_EXP":3407.22,"PRNOMT_VA":5044.05,"PRNOMT_EXP":875.48,"METBAS_VA":5251.71,"METBAS_EXP":6063.05,"NONFER_VA":3767.27,"NONFER_EXP":3041.79,"PRMETA_VA":34707.54,"PRMETA_EXP":970.27,"ELCTRO_VA":6338.04,"ELCTRO_EXP":5198.24,"ELCTRI_VA":16918.4,"ELCTRI_EXP":3783.45,"MAQYEQ_VA":2642.31,"MAQYEQ_EXP":2394.3,"AUTOMO_VA":13766.23,"AUTOMO_EXP":5392.25,"OTRTRA_VA":595.08,"OTRTRA_EXP":245.53,"TRANSP_VA":583.26,"TRANSP_EXP":1436.2,"OTRMAN_VA":4424.64,"OTRMAN_EXP":5504.28,"ELEGAS_VA":12699.14,"ELEGAS_EXP":4.88,"AGUBAS_VA":808.04,"AGUBAS_EXP":2.23,"CONSTR_VA":118213.63,"CONSTR_EXP":25.59,"COMREV_VA":182324.61,"COMREV_EXP":22110.28,"TRATIE_VA":27564.19,"TRATIE_EXP":2803.66,"TRAGUA_VA":4683.35,"TRAGUA_EXP":4233.48,"TRAAIR_VA":17668.14,"TRAAIR_EXP":2278.0,"ALMSTR_VA":7851.59,"ALMSTR_EXP":572.15,"POSTME_VA":1659.64,"POSTME_EXP":556.31,"HOTYRE_VA":30374.92,"HOTYRE_EXP":4077.56,"MMTVRA_VA":7630.57,"MMTVRA_EXP":847.15,"TELECO_VA":29105.32,"TELECO_EXP":638.19,"ITSERV_VA":2990.5,"ITSERV_EXP":494.25,"SERFIN_VA":45800.42,"SERFIN_EXP":1088.88,"GOBEST_VA":27372.67,"GOBEST_EXP":1121.4,"SPRSCT_VA":8204.08,"SPRSCT_EXP":3163.08,"SEAEMP_VA":7363.45,"SEAEMP_EXP":5668.86,"ADPDEF_VA":39185.4,"ADPDEF_EXP":9.21,"EDUCAC_VA":35696.47,"EDUCAC_EXP":244.4,"SALUDH_VA":10924.88,"SALUDH_EXP":161.03,"ESPARC_VA":4377.11,"ESPARC_EXP":651.44,"OTRSER_VA":21983.43,"OTRSER_EXP":214.2,"SERHOG_VA":5145.99,"SERHOG_EXP":0.0}},{"type":"Feature","geometry":{"type":"Point","coordinates":[78.96,20.59]},"properties":{"id":"IND","name":"India","continent":"asia","year":2019,"AGRPFO_VA":410604.86,"AGRPFO_EXP":4996.24,"FORLOG_VA":38954.78,"FORLOG_EXP":2067.52,"PESCAC_VA":33833.0,"PESCAC_EXP":720.01,"MINCOL_VA":12357.26,"MINCOL_EXP":198.3,"PETGAS_VA":15604.25,"PETGAS_EXP":229.59,"MINORE_VA":8816.48,"MINORE_EXP":671.21,"MINOTH_VA":2012.79,"MINOTH_EXP":588.19,"MINSER_VA":13613.08,"MINSER_EXP":357.29,"ALYBEB_VA":42611.9,"ALYBEB_EXP":27300.33,"TEXYPR_VA":51663.48,"TEXYPR_EXP":32980.42,"MADYPR_VA":8468.22,"MADYPR_EXP":509.95,"PAPYPR_VA":10172.58,"PAPYPR_EXP":1514.03,"PETREF_VA":35954.27,"PETREF_EXP":46937.15,"QUIMYP_VA":29387.77,"QUIMYP_EXP":25809.26,"FARMED_VA":19908.64,"FARMED_EXP":14852.48,"HUPLAS_VA":11881.52,"HUPLAS_EXP":7005.24,"PRNOMT_VA":27640.5,"PRNOMT_EXP":4133.18,"METBAS_VA":33359.42,"METBAS_EXP":13337.85,"NONFER_VA":9211.6,"NONFER_EXP":10383.28,"PRMETA_VA":18784.1,"PRMETA_EXP":5734.73,"ELCTRO_VA":9271.44,"ELCTRO_EXP":20097.92,"ELCTRI_VA":16415.13,"ELCTRI_EXP":5929.6,"MAQYEQ_VA":32532.75,"MAQYEQ_EXP":17032.99,"AUTOMO_VA":34316.61,"AUTOMO_EXP":13241.8,"OTRTRA_VA":363.21,"OTRTRA_EXP":802.1,"TRANSP_VA":8706.77,"TRANSP_EXP":5143.13,"OTRMAN_VA":22691.76,"OTRMAN_EXP":26169.88,"ELEGAS_VA":61106.79,"ELEGAS_EXP":735.47,"AGUBAS_VA":14135.22,"AGUBAS_EXP":0.48,"CONSTR_VA":219369.43,"CONSTR_EXP":562.46,"COMREV_VA":281237.63,"COMREV_EXP":36414.7,"TRATIE_VA":105092.46,"TRATIE_EXP":14602.32,"TRAGUA_VA":1943.62,"TRAGUA_EXP":1624.72,"TRAAIR_VA":3635.87,"TRAAIR_EXP":6267.66,"ALMSTR_VA":18585.5,"ALMSTR_EXP":10714.1,"POSTME_VA":5868.97,"POSTME_EXP":319.2,"HOTYRE_VA":28231.63,"HOTYRE_EXP":10513.79,"MMTVRA_VA":12428.42,"MMTVRA_EXP":6976.2,"TELECO_VA":26224.61,"TELECO_EXP":2800.85,"ITSERV_VA":125565.11,"ITSERV_EXP":86132.89,"SERFIN_VA":149844.07,"SERFIN_EXP":9850.51,"GOBEST_VA":181617.67,"GOBEST_EXP":2400.49,"SPRSCT_VA":9168.46,"SPRSCT_EXP":11062.61,"SEAEMP_VA":72904.15,"SEAEMP_EXP":18911.86,"ADPDEF_VA":165496.89,"ADPDEF_EXP":205.82,"EDUCAC_VA":122053.86,"EDUCAC_EXP":4142.11,"SALUDH_VA":42801.74,"SALUDH_EXP":433.45,"ESPARC_VA":7227.83,"ESPARC_EXP":1083.71,"OTRSER_VA":35649.06,"OTRSER_EXP":563.26,"SERHOG_VA":4106.2,"SERHOG_EXP":0.0}},{"type":"Feature","geometry":{"type":"Point","coordinates":[-7.69,53.14]},"properties":{"id":"IRL","name":"Irlanda","continent":"europe","year":2019,"AGRPFO_VA":3263.19,"AGRPFO_EXP":856.18,"FORLOG_VA":48.39,"FORLOG_EXP":76.03,"PESCAC_VA":212.13,"PESCAC_EXP":254.62,"MINCOL_VA":4.21,"MINCOL_EXP":23.1,"PETGAS_VA":15.14,"PETGAS_EXP":118.24,"MINORE_VA":233.55,"MINORE_EXP":478.84,"MINOTH_VA":287.4,"MINOTH_EXP":205.39,"MINSER_VA":14.68,"MINSER_EXP":0.26,"ALYBEB_VA":8378.96,"ALYBEB_EXP":19084.45,"TEXYPR_VA":176.55,"TEXYPR_EXP":224.89,"MADYPR_VA":393.98,"MADYPR_EXP":501.35,"PAPYPR_VA":588.45,"PAPYPR_EXP":610.76,"PETREF_VA":10725.54,"PETREF_EXP":913.92,"QUIMYP_VA":25352.14,"QUIMYP_EXP":26978.52,"FARMED_VA":57166.51,"FARMED_EXP":100644.67,"HUPLAS_VA":731.78,"HUPLAS_EXP":1345.78,"PRNOMT_VA":1110.65,"PRNOMT_EXP":586.28,"METBAS_VA":185.5,"METBAS_EXP":502.55,"NONFER_VA":240.46,"NONFER_EXP":347.96,"PRMETA_VA":1237.36,"PRMETA_EXP":1463.45,"ELCTRO_VA":7030.8,"ELCTRO_EXP":18743.88,"ELCTRI_VA":485.58,"ELCTRI_EXP":1079.41,"MAQYEQ_VA":1483.44,"MAQYEQ_EXP":2884.6,"AUTOMO_VA":288.66,"AUTOMO_EXP":467.37,"OTRTRA_VA":7.03,"OTRTRA_EXP":0.11,"TRANSP_VA":145.59,"TRANSP_EXP":164.67,"OTRMAN_VA":10973.03,"OTRMAN_EXP":19835.56,"ELEGAS_VA":3315.22,"ELEGAS_EXP":848.5,"AGUBAS_VA":1613.91,"AGUBAS_EXP":1.19,"CONSTR_VA":15496.94,"CONSTR_EXP":0.24,"COMREV_VA":27211.85,"COMREV_EXP":24682.49,"TRATIE_VA":3146.4,"TRATIE_EXP":3024.98,"TRAGUA_VA":322.99,"TRAGUA_EXP":771.53,"TRAAIR_VA":1323.39,"TRAAIR_EXP":5328.71,"ALMSTR_VA":2303.49,"ALMSTR_EXP":4369.16,"POSTME_VA":1026.19,"POSTME_EXP":1636.88,"HOTYRE_VA":6178.87,"HOTYRE_EXP":2332.17,"MMTVRA_VA":26236.51,"MMTVRA_EXP":37706.21,"TELECO_VA":3574.34,"TELECO_EXP":2749.48,"ITSERV_VA":26961.37,"ITSERV_EXP":92198.43,"SERFIN_VA":19687.87,"SERFIN_EXP":43949.14,"GOBEST_VA":21872.2,"GOBEST_EXP":3621.03,"SPRSCT_VA":19690.74,"SPRSCT_EXP":23294.26,"SEAEMP_VA":26342.81,"SEAEMP_EXP":30475.65,"ADPDEF_VA":10372.11,"ADPDEF_EXP":36.1,"EDUCAC_VA":10839.47,"EDUCAC_EXP":297.32,"SALUDH_VA":17713.98,"SALUDH_EXP":59.78,"ESPARC_VA":2904.33,"ESPARC_EXP":711.0,"OTRSER_VA":2026.6,"OTRSER_EXP":76.18,"SERHOG_VA":202.87,"SERHOG_EXP":0.0}},{"type":"Feature","geometry":{"type":"Point","coordinates":[-19.02,64.96]},"properties":{"id":"ISL","name":"Islandia","continent":"europe","year":2019,"AGRPFO_VA":214.09,"AGRPFO_EXP":46.96,"FORLOG_VA":1.6,"FORLOG_EXP":0.16,"PESCAC_VA":889.85,"PESCAC_EXP":770.65,"MINCOL_VA":0.04,"MINCOL_EXP":0.01,"PETGAS_VA":0.9,"PETGAS_EXP":0.09,"MINORE_VA":0.01,"MINORE_EXP":0.0,"MINOTH_VA":28.85,"MINOTH_EXP":8.58,"MINSER_VA":0.08,"MINSER_EXP":0.01,"ALYBEB_VA":1194.29,"ALYBEB_EXP":2282.63,"TEXYPR_VA":28.03,"TEXYPR_EXP":40.26,"MADYPR_VA":14.96,"MADYPR_EXP":0.71,"PAPYPR_VA":41.34,"PAPYPR_EXP":2.01,"PETREF_VA":1.3,"PETREF_EXP":0.08,"QUIMYP_VA":35.7,"QUIMYP_EXP":41.64,"FARMED_VA":2.61,"FARMED_EXP":1.17,"HUPLAS_VA":31.01,"HUPLAS_EXP":25.03,"PRNOMT_VA":108.62,"PRNOMT_EXP":4.8,"METBAS_VA":26.44,"METBAS_EXP":44.86,"NONFER_VA":105.68,"NONFER_EXP":627.3,"PRMETA_VA":170.7,"PRMETA_EXP":9.38,"ELCTRO_VA":18.77,"ELCTRO_EXP":3.49,"ELCTRI_VA":21.37,"ELCTRI_EXP":25.69,"MAQYEQ_VA":199.06,"MAQYEQ_EXP":131.43,"AUTOMO_VA":4.01,"AUTOMO_EXP":1.19,"OTRTRA_VA":2.82,"OTRTRA_EXP":5.0,"TRANSP_VA":18.77,"TRANSP_EXP":11.85,"OTRMAN_VA":291.3,"OTRMAN_EXP":42.83,"ELEGAS_VA":763.87,"ELEGAS_EXP":0.14,"AGUBAS_VA":174.55,"AGUBAS_EXP":0.24,"CONSTR_VA":1820.28,"CONSTR_EXP":0.26,"COMREV_VA":2013.34,"COMREV_EXP":777.3,"TRATIE_VA":281.86,"TRATIE_EXP":147.54,"TRAGUA_VA":168.16,"TRAGUA_EXP":302.18,"TRAAIR_VA":618.27,"TRAAIR_EXP":1687.44,"ALMSTR_VA":316.86,"ALMSTR_EXP":259.0,"POSTME_VA":66.09,"POSTME_EXP":7.52,"HOTYRE_VA":885.18,"HOTYRE_EXP":859.58,"MMTVRA_VA":110.31,"MMTVRA_EXP":84.85,"TELECO_VA":328.03,"TELECO_EXP":35.69,"ITSERV_VA":673.07,"ITSERV_EXP":241.97,"SERFIN_VA":1328.01,"SERFIN_EXP":131.37,"GOBEST_VA":2644.23,"GOBEST_EXP":0.66,"SPRSCT_VA":932.93,"SPRSCT_EXP":291.52,"SEAEMP_VA":979.96,"SEAEMP_EXP":484.56,"ADPDEF_VA":1237.11,"ADPDEF_EXP":0.71,"EDUCAC_VA":1377.1,"EDUCAC_EXP":2.74,"SALUDH_VA":2100.15,"SALUDH_EXP":5.16,"ESPARC_VA":318.88,"ESPARC_EXP":327.53,"OTRSER_VA":341.83,"OTRSER_EXP":77.85,"SERHOG_VA":11.39,"SERHOG_EXP":0.0}},{"type":"Feature","geometry":{"type":"Point","coordinates":[34.85,31.05]},"properties":{"id":"ISR","name":"Israel","continent":"other","year":2019,"AGRPFO_VA":5237.66,"AGRPFO_EXP":2089.45,"FORLOG_VA":30.32,"FORLOG_EXP":0.16,"PESCAC_VA":74.32,"PESCAC_EXP":21.3,"MINCOL_VA":0.0,"MINCOL_EXP":0.0,"PETGAS_VA":484.21,"PETGAS_EXP":431.38,"MINORE_VA":0.0,"MINORE_EXP":0.0,"MINOTH_VA":1991.09,"MINOTH_EXP":1627.44,"MINSER_VA":181.27,"MINSER_EXP":133.54,"ALYBEB_VA":4565.02,"ALYBEB_EXP":933.6,"TEXYPR_VA":854.41,"TEXYPR_EXP":727.78,"MADYPR_VA":225.2,"MADYPR_EXP":47.88,"PAPYPR_VA":1508.77,"PAPYPR_EXP":513.66,"PETREF_VA":2993.66,"PETREF_EXP":5642.14,"QUIMYP_VA":2275.88,"QUIMYP_EXP":5295.51,"FARMED_VA":1855.01,"FARMED_EXP":3702.51,"HUPLAS_VA":1672.1,"HUPLAS_EXP":1825.44,"PRNOMT_VA":1019.85,"PRNOMT_EXP":458.26,"METBAS_VA":513.31,"METBAS_EXP":352.05,"NONFER_VA":210.03,"NONFER_EXP":281.57,"PRMETA_VA":3872.92,"PRMETA_EXP":1888.32,"ELCTRO_VA":15752.35,"ELCTRO_EXP":9476.2,"ELCTRI_VA":636.1,"ELCTRI_EXP":685.1,"MAQYEQ_VA":2288.38,"MAQYEQ_EXP":3188.16,"AUTOMO_VA":466.37,"AUTOMO_EXP":152.94,"OTRTRA_VA":21.32,"OTRTRA_EXP":47.43,"TRANSP_VA":1875.3,"TRANSP_EXP":2197.66,"OTRMAN_VA":2565.47,"OTRMAN_EXP":4603.31,"ELEGAS_VA":2436.78,"ELEGAS_EXP":0.12,"AGUBAS_VA":3321.43,"AGUBAS_EXP":57.5,"CONSTR_VA":21772.33,"CONSTR_EXP":12.35,"COMREV_VA":33991.85,"COMREV_EXP":9421.23,"TRATIE_VA":6522.2,"TRATIE_EXP":1516.72,"TRAGUA_VA":5006.86,"TRAGUA_EXP":2230.71,"TRAAIR_VA":3389.98,"TRAAIR_EXP":4104.79,"ALMSTR_VA":923.55,"ALMSTR_EXP":1321.82,"POSTME_VA":647.86,"POSTME_EXP":154.32,"HOTYRE_VA":8925.34,"HOTYRE_EXP":2121.6,"MMTVRA_VA":1561.57,"MMTVRA_EXP":1853.19,"TELECO_VA":4300.16,"TELECO_EXP":1327.13,"ITSERV_VA":27074.22,"ITSERV_EXP":19795.04,"SERFIN_VA":16427.83,"SERFIN_EXP":2720.2,"GOBEST_VA":60398.53,"GOBEST_EXP":1800.11,"SPRSCT_VA":26267.7,"SPRSCT_EXP":12725.52,"SEAEMP_VA":12434.1,"SEAEMP_EXP":1255.12,"ADPDEF_VA":26449.18,"ADPDEF_EXP":106.7,"EDUCAC_VA":23032.52,"EDUCAC_EXP":42.92,"SALUDH_VA":21964.39,"SALUDH_EXP":186.34,"ESPARC_VA":6508.28,"ESPARC_EXP":624.7,"OTRSER_VA":5332.59,"OTRSER_EXP":136.9,"SERHOG_VA":956.63,"SERHOG_EXP":0.0}},{"type":"Feature","geometry":{"type":"Point","coordinates":[12.57,41.87]},"properties":{"id":"ITA","name":"Italia","continent":"europe","year":2019,"AGRPFO_VA":37135.65,"AGRPFO_EXP":7108.96,"FORLOG_VA":2290.34,"FORLOG_EXP":210.03,"PESCAC_VA":990.44,"PESCAC_EXP":257.23,"MINCOL_VA":49.77,"MINCOL_EXP":7.63,"PETGAS_VA":2893.08,"PETGAS_EXP":832.67,"MINORE_VA":0.18,"MINORE_EXP":0.08,"MINOTH_VA":1991.82,"MINOTH_EXP":631.84,"MINSER_VA":257.06,"MINSER_EXP":208.08,"ALYBEB_VA":36945.69,"ALYBEB_EXP":30157.25,"TEXYPR_VA":30953.16,"TEXYPR_EXP":39628.37,"MADYPR_VA":5420.07,"MADYPR_EXP":2784.56,"PAPYPR_VA":12574.94,"PAPYPR_EXP":7324.57,"PETREF_VA":3604.79,"PETREF_EXP":13885.76,"QUIMYP_VA":14000.53,"QUIMYP_EXP":26902.93,"FARMED_VA":11934.98,"FARMED_EXP":14794.51,"HUPLAS_VA":15789.94,"HUPLAS_EXP":15351.32,"PRNOMT_VA":12212.57,"PRNOMT_EXP":9104.46,"METBAS_VA":7334.44,"METBAS_EXP":16582.04,"NONFER_VA":3653.7,"NONFER_EXP":10404.76,"PRMETA_VA":38921.76,"PRMETA_EXP":21114.64,"ELCTRO_VA":10236.86,"ELCTRO_EXP":12545.44,"ELCTRI_VA":13427.88,"ELCTRI_EXP":22071.11,"MAQYEQ_VA":46404.06,"MAQYEQ_EXP":73100.23,"AUTOMO_VA":17587.9,"AUTOMO_EXP":33245.79,"OTRTRA_VA":2581.08,"OTRTRA_EXP":4237.59,"TRANSP_VA":7168.6,"TRANSP_EXP":9188.6,"OTRMAN_VA":28289.81,"OTRMAN_EXP":23332.34,"ELEGAS_VA":31259.61,"ELEGAS_EXP":405.47,"AGUBAS_VA":20161.64,"AGUBAS_EXP":451.99,"CONSTR_VA":82650.23,"CONSTR_EXP":2050.89,"COMREV_VA":228921.05,"COMREV_EXP":89133.87,"TRATIE_VA":55746.25,"TRATIE_EXP":11846.84,"TRAGUA_VA":4578.66,"TRAGUA_EXP":5489.91,"TRAAIR_VA":3663.19,"TRAAIR_EXP":4597.56,"ALMSTR_VA":38438.14,"ALMSTR_EXP":9865.86,"POSTME_VA":3516.18,"POSTME_EXP":1225.69,"HOTYRE_VA":73443.06,"HOTYRE_EXP":18304.07,"MMTVRA_VA":9997.65,"MMTVRA_EXP":3172.31,"TELECO_VA":20932.38,"TELECO_EXP":5958.37,"ITSERV_VA":38518.24,"ITSERV_EXP":5777.59,"SERFIN_VA":89495.49,"SERFIN_EXP":9994.52,"GOBEST_VA":244722.66,"GOBEST_EXP":3986.54,"SPRSCT_VA":116324.77,"SPRSCT_EXP":14417.4,"SEAEMP_VA":65672.66,"SEAEMP_EXP":12683.69,"ADPDEF_VA":117275.37,"ADPDEF_EXP":750.53,"EDUCAC_VA":75229.08,"EDUCAC_EXP":1198.36,"SALUDH_VA":108228.69,"SALUDH_EXP":1127.92,"ESPARC_VA":22116.05,"ESPARC_EXP":2844.31,"OTRSER_VA":30838.71,"OTRSER_EXP":1488.83,"SERHOG_VA":20174.82,"SERHOG_EXP":0.0}},{"type":"Feature","geometry":{"type":"Point","coordinates":[36.24,30.59]},"properties":{"id":"JOR","name":"Jordania","continent":"other","year":2019,"AGRPFO_VA":1696.78,"AGRPFO_EXP":861.54,"FORLOG_VA":91.61,"FORLOG_EXP":0.37,"PESCAC_VA":3.13,"PESCAC_EXP":0.18,"MINCOL_VA":171.79,"MINCOL_EXP":0.01,"PETGAS_VA":307.08,"PETGAS_EXP":3.1,"MINORE_VA":139.95,"MINORE_EXP":0.58,"MINOTH_VA":248.39,"MINOTH_EXP":318.91,"MINSER_VA":139.81,"MINSER_EXP":3.01,"ALYBEB_VA":1919.24,"ALYBEB_EXP":1069.95,"TEXYPR_VA":949.86,"TEXYPR_EXP":1384.37,"MADYPR_VA":62.17,"MADYPR_EXP":20.8,"PAPYPR_VA":337.2,"PAPYPR_EXP":154.49,"PETREF_VA":429.63,"PETREF_EXP":329.2,"QUIMYP_VA":690.27,"QUIMYP_EXP":1297.23,"FARMED_VA":654.63,"FARMED_EXP":583.13,"HUPLAS_VA":246.06,"HUPLAS_EXP":203.19,"PRNOMT_VA":695.23,"PRNOMT_EXP":116.53,"METBAS_VA":103.24,"METBAS_EXP":25.04,"NONFER_VA":193.57,"NONFER_EXP":21.43,"PRMETA_VA":464.18,"PRMETA_EXP":109.3,"ELCTRO_VA":43.31,"ELCTRO_EXP":10.69,"ELCTRI_VA":206.2,"ELCTRI_EXP":91.15,"MAQYEQ_VA":143.69,"MAQYEQ_EXP":72.78,"AUTOMO_VA":69.34,"AUTOMO_EXP":58.88,"OTRTRA_VA":12.46,"OTRTRA_EXP":6.32,"TRANSP_VA":22.54,"TRANSP_EXP":0.17,"OTRMAN_VA":150.28,"OTRMAN_EXP":84.72,"ELEGAS_VA":510.96,"ELEGAS_EXP":15.14,"AGUBAS_VA":376.1,"AGUBAS_EXP":0.25,"CONSTR_VA":1366.77,"CONSTR_EXP":29.5,"COMREV_VA":3705.82,"COMREV_EXP":973.01,"TRATIE_VA":1730.86,"TRATIE_EXP":1024.01,"TRAGUA_VA":99.74,"TRAGUA_EXP":42.33,"TRAAIR_VA":275.07,"TRAAIR_EXP":1037.61,"ALMSTR_VA":643.84,"ALMSTR_EXP":211.23,"POSTME_VA":20.66,"POSTME_EXP":15.6,"HOTYRE_VA":685.5,"HOTYRE_EXP":939.84,"MMTVRA_VA":204.32,"MMTVRA_EXP":123.03,"TELECO_VA":1133.07,"TELECO_EXP":84.89,"ITSERV_VA":289.02,"ITSERV_EXP":105.39,"SERFIN_VA":3257.87,"SERFIN_EXP":499.63,"GOBEST_VA":4914.06,"GOBEST_EXP":13.85,"SPRSCT_VA":416.45,"SPRSCT_EXP":43.26,"SEAEMP_VA":348.97,"SEAEMP_EXP":182.49,"ADPDEF_VA":4324.87,"ADPDEF_EXP":0.04,"EDUCAC_VA":3177.32,"EDUCAC_EXP":807.51,"SALUDH_VA":1398.96,"SALUDH_EXP":665.03,"ESPARC_VA":117.96,"ESPARC_EXP":371.1,"OTRSER_VA":320.96,"OTRSER_EXP":45.7,"SERHOG_VA":874.48,"SERHOG_EXP":0.0}},{"type":"Feature","geometry":{"type":"Point","coordinates":[138.25,36.2]},"properties":{"id":"JPN","name":"Japón","continent":"asia","year":2019,"AGRPFO_VA":42478.86,"AGRPFO_EXP":408.03,"FORLOG_VA":2270.16,"FORLOG_EXP":122.35,"PESCAC_VA":6532.46,"PESCAC_EXP":511.24,"MINCOL_VA":446.99,"MINCOL_EXP":1.22,"PETGAS_VA":480.35,"PETGAS_EXP":52.72,"MINORE_VA":1724.92,"MINORE_EXP":163.3,"MINOTH_VA":894.19,"MINOTH_EXP":268.21,"MINSER_VA":928.98,"MINSER_EXP":337.35,"ALYBEB_VA":124293.68,"ALYBEB_EXP":6217.66,"TEXYPR_VA":13976.26,"TEXYPR_EXP":6487.05,"MADYPR_VA":8721.01,"MADYPR_EXP":372.0,"PAPYPR_VA":46098.54,"PAPYPR_EXP":3612.28,"PETREF_VA":50928.93,"PETREF_EXP":9790.76,"QUIMYP_VA":66198.18,"QUIMYP_EXP":49855.04,"FARMED_VA":39994.29,"FARMED_EXP":4295.49,"HUPLAS_VA":51383.51,"HUPLAS_EXP":18727.92,"PRNOMT_VA":28045.49,"PRNOMT_EXP":6808.83,"METBAS_VA":62653.5,"METBAS_EXP":25281.12,"NONFER_VA":22914.82,"NONFER_EXP":21789.14,"PRMETA_VA":51208.3,"PRMETA_EXP":5512.02,"ELCTRO_VA":74061.16,"ELCTRO_EXP":79728.13,"ELCTRI_VA":65997.24,"ELCTRI_EXP":39401.22,"MAQYEQ_VA":150717.71,"MAQYEQ_EXP":100680.86,"AUTOMO_VA":115835.92,"AUTOMO_EXP":147950.9,"OTRTRA_VA":6902.69,"OTRTRA_EXP":13291.88,"TRANSP_VA":9214.91,"TRANSP_EXP":11970.84,"OTRMAN_VA":128072.61,"OTRMAN_EXP":6290.26,"ELEGAS_VA":72096.93,"ELEGAS_EXP":34.4,"AGUBAS_VA":76140.41,"AGUBAS_EXP":79.33,"CONSTR_VA":274170.03,"CONSTR_EXP":104.2,"COMREV_VA":606470.94,"COMREV_EXP":106273.77,"TRATIE_VA":164777.57,"TRATIE_EXP":22331.52,"TRAGUA_VA":11172.65,"TRAGUA_EXP":5540.76,"TRAAIR_VA":5888.41,"TRAAIR_EXP":3829.12,"ALMSTR_VA":67289.72,"ALMSTR_EXP":7478.45,"POSTME_VA":10337.74,"POSTME_EXP":818.03,"HOTYRE_VA":127229.42,"HOTYRE_EXP":22438.0,"MMTVRA_VA":46836.64,"MMTVRA_EXP":9248.85,"TELECO_VA":91139.81,"TELECO_EXP":1493.8,"ITSERV_VA":125516.85,"ITSERV_EXP":9047.89,"SERFIN_VA":213370.01,"SERFIN_EXP":24558.75,"GOBEST_VA":558417.76,"GOBEST_EXP":1640.15,"SPRSCT_VA":218343.86,"SPRSCT_EXP":18636.81,"SEAEMP_VA":151902.59,"SEAEMP_EXP":71237.16,"ADPDEF_VA":240647.31,"ADPDEF_EXP":61.31,"EDUCAC_VA":164424.0,"EDUCAC_EXP":243.81,"SALUDH_VA":378937.47,"SALUDH_EXP":216.33,"ESPARC_VA":49916.96,"ESPARC_EXP":1091.95,"OTRSER_VA":80469.92,"OTRSER_EXP":52.22,"SERHOG_VA":0.0,"SERHOG_EXP":0.0}},{"type":"Feature","geometry":{"type":"Point","coordinates":[66.92,48.02]},"properties":{"id":"KAZ","name":"Kazajistán","continent":"asia","year":2019,"AGRPFO_VA":7759.3,"AGRPFO_EXP":1491.71,"FORLOG_VA":91.39,"FORLOG_EXP":8.87,"PESCAC_VA":323.85,"PESCAC_EXP":2.14,"MINCOL_VA":868.67,"MINCOL_EXP":416.98,"PETGAS_VA":20365.38,"PETGAS_EXP":29319.0,"MINORE_VA":4700.47,"MINORE_EXP":2506.84,"MINOTH_VA":373.62,"MINOTH_EXP":274.32,"MINSER_VA":1207.87,"MINSER_EXP":17.16,"ALYBEB_VA":4625.8,"ALYBEB_EXP":1002.4,"TEXYPR_VA":219.97,"TEXYPR_EXP":96.36,"MADYPR_VA":43.13,"MADYPR_EXP":32.98,"PAPYPR_VA":216.12,"PAPYPR_EXP":31.33,"PETREF_VA":1691.36,"PETREF_EXP":1385.4,"QUIMYP_VA":719.21,"QUIMYP_EXP":957.54,"FARMED_VA":488.9,"FARMED_EXP":33.59,"HUPLAS_VA":322.65,"HUPLAS_EXP":63.47,"PRNOMT_VA":1050.71,"PRNOMT_EXP":116.39,"METBAS_VA":3163.66,"METBAS_EXP":2896.3,"NONFER_VA":6024.52,"NONFER_EXP":2413.25,"PRMETA_VA":421.89,"PRMETA_EXP":67.31,"ELCTRO_VA":41.1,"ELCTRO_EXP":64.66,"ELCTRI_VA":245.94,"ELCTRI_EXP":93.98,"MAQYEQ_VA":237.58,"MAQYEQ_EXP":165.72,"AUTOMO_VA":313.3,"AUTOMO_EXP":35.1,"OTRTRA_VA":47.69,"OTRTRA_EXP":6.89,"TRANSP_VA":83.96,"TRANSP_EXP":76.42,"OTRMAN_VA":947.54,"OTRMAN_EXP":262.08,"ELEGAS_VA":2581.72,"ELEGAS_EXP":189.14,"AGUBAS_VA":453.97,"AGUBAS_EXP":0.38,"CONSTR_VA":10112.1,"CONSTR_EXP":29.64,"COMREV_VA":30901.94,"COMREV_EXP":9265.98,"TRATIE_VA":11772.23,"TRATIE_EXP":3907.63,"TRAGUA_VA":197.22,"TRAGUA_EXP":136.51,"TRAAIR_VA":719.35,"TRAAIR_EXP":552.8,"ALMSTR_VA":2426.48,"ALMSTR_EXP":610.24,"POSTME_VA":169.67,"POSTME_EXP":26.7,"HOTYRE_VA":2089.63,"HOTYRE_EXP":995.4,"MMTVRA_VA":504.84,"MMTVRA_EXP":70.29,"TELECO_VA":2092.6,"TELECO_EXP":255.59,"ITSERV_VA":1466.09,"ITSERV_EXP":64.86,"SERFIN_VA":6051.27,"SERFIN_EXP":342.69,"GOBEST_VA":15237.38,"GOBEST_EXP":255.11,"SPRSCT_VA":8112.6,"SPRSCT_EXP":494.38,"SEAEMP_VA":4077.45,"SEAEMP_EXP":541.37,"ADPDEF_VA":3215.78,"ADPDEF_EXP":6.87,"EDUCAC_VA":4984.2,"EDUCAC_EXP":27.99,"SALUDH_VA":3477.53,"SALUDH_EXP":40.59,"ESPARC_VA":829.15,"ESPARC_EXP":70.73,"OTRSER_VA":3497.04,"OTRSER_EXP":37.32,"SERHOG_VA":121.4,"SERHOG_EXP":0.0}},{"type":"Feature","geometry":{"type":"Point","coordinates":[104.99,12.57]},"properties":{"id":"KHM","name":"Camboya","continent":"asia","year":2019,"AGRPFO_VA":3632.14,"AGRPFO_EXP":3087.05,"FORLOG_VA":362.38,"FORLOG_EXP":1.98,"PESCAC_VA":1291.35,"PESCAC_EXP":1160.83,"MINCOL_VA":0.0,"MINCOL_EXP":0.0,"PETGAS_VA":0.0,"PETGAS_EXP":0.0,"MINORE_VA":68.17,"MINORE_EXP":4.59,"MINOTH_VA":100.06,"MINOTH_EXP":145.12,"MINSER_VA":47.04,"MINSER_EXP":2.92,"ALYBEB_VA":600.91,"ALYBEB_EXP":1108.07,"TEXYPR_VA":2921.75,"TEXYPR_EXP":4948.45,"MADYPR_VA":34.18,"MADYPR_EXP":52.73,"PAPYPR_VA":66.88,"PAPYPR_EXP":131.19,"PETREF_VA":9.67,"PETREF_EXP":1.52,"QUIMYP_VA":66.42,"QUIMYP_EXP":41.64,"FARMED_VA":39.41,"FARMED_EXP":10.29,"HUPLAS_VA":119.22,"HUPLAS_EXP":221.68,"PRNOMT_VA":136.83,"PRNOMT_EXP":2.25,"METBAS_VA":1610.19,"METBAS_EXP":6.82,"NONFER_VA":33.92,"NONFER_EXP":23.68,"PRMETA_VA":138.31,"PRMETA_EXP":49.92,"ELCTRO_VA":0.19,"ELCTRO_EXP":0.1,"ELCTRI_VA":0.18,"ELCTRI_EXP":0.07,"MAQYEQ_VA":4.83,"MAQYEQ_EXP":2.73,"AUTOMO_VA":34.92,"AUTOMO_EXP":25.89,"OTRTRA_VA":5.81,"OTRTRA_EXP":8.22,"TRANSP_VA":10.35,"TRANSP_EXP":13.78,"OTRMAN_VA":126.99,"OTRMAN_EXP":44.6,"ELEGAS_VA":87.18,"ELEGAS_EXP":1.37,"AGUBAS_VA":81.29,"AGUBAS_EXP":0.6,"CONSTR_VA":3898.87,"CONSTR_EXP":5.53,"COMREV_VA":2459.69,"COMREV_EXP":972.69,"TRATIE_VA":746.9,"TRATIE_EXP":536.75,"TRAGUA_VA":124.54,"TRAGUA_EXP":159.24,"TRAAIR_VA":105.91,"TRAAIR_EXP":200.46,"ALMSTR_VA":406.99,"ALMSTR_EXP":483.1,"POSTME_VA":122.22,"POSTME_EXP":125.34,"HOTYRE_VA":1214.59,"HOTYRE_EXP":719.67,"MMTVRA_VA":128.43,"MMTVRA_EXP":111.95,"TELECO_VA":449.66,"TELECO_EXP":316.11,"ITSERV_VA":112.43,"ITSERV_EXP":33.33,"SERFIN_VA":628.25,"SERFIN_EXP":135.21,"GOBEST_VA":1604.15,"GOBEST_EXP":250.36,"SPRSCT_VA":266.95,"SPRSCT_EXP":79.07,"SEAEMP_VA":219.8,"SEAEMP_EXP":87.88,"ADPDEF_VA":320.56,"ADPDEF_EXP":0.89,"EDUCAC_VA":356.25,"EDUCAC_EXP":57.28,"SALUDH_VA":671.47,"SALUDH_EXP":38.15,"ESPARC_VA":207.65,"ESPARC_EXP":125.35,"OTRSER_VA":377.71,"OTRSER_EXP":52.04,"SERHOG_VA":0.0,"SERHOG_EXP":0.0}},{"type":"Feature","geometry":{"type":"Point","coordinates":[127.77,35.91]},"properties":{"id":"KOR","name":"Corea del Sur","continent":"asia","year":2019,"AGRPFO_VA":20781.48,"AGRPFO_EXP":751.63,"FORLOG_VA":1963.69,"FORLOG_EXP":37.25,"PESCAC_VA":2686.33,"PESCAC_EXP":336.47,"MINCOL_VA":113.67,"MINCOL_EXP":9.95,"PETGAS_VA":70.37,"PETGAS_EXP":1.78,"MINORE_VA":50.03,"MINORE_EXP":61.44,"MINOTH_VA":1340.73,"MINOTH_EXP":236.94,"MINSER_VA":11.39,"MINSER_EXP":12.49,"ALYBEB_VA":20916.82,"ALYBEB_EXP":7104.06,"TEXYPR_VA":14955.77,"TEXYPR_EXP":9198.82,"MADYPR_VA":2117.64,"MADYPR_EXP":127.45,"PAPYPR_VA":11734.03,"PAPYPR_EXP":3421.29,"PETREF_VA":10738.2,"PETREF_EXP":38101.75,"QUIMYP_VA":40541.05,"QUIMYP_EXP":59367.26,"FARMED_VA":10806.11,"FARMED_EXP":3473.29,"HUPLAS_VA":22247.68,"HUPLAS_EXP":15718.31,"PRNOMT_VA":11101.61,"PRNOMT_EXP":3661.92,"METBAS_VA":22811.56,"METBAS_EXP":24044.92,"NONFER_VA":6233.39,"NONFER_EXP":12062.57,"PRMETA_VA":30678.93,"PRMETA_EXP":9713.57,"ELCTRO_VA":120426.97,"ELCTRO_EXP":150098.59,"ELCTRI_VA":25867.09,"ELCTRI_EXP":25626.98,"MAQYEQ_VA":40679.72,"MAQYEQ_EXP":45933.49,"AUTOMO_VA":40999.33,"AUTOMO_EXP":59599.05,"OTRTRA_VA":8910.06,"OTRTRA_EXP":17501.07,"TRANSP_VA":3642.91,"TRANSP_EXP":2629.47,"OTRMAN_VA":10520.63,"OTRMAN_EXP":3588.37,"ELEGAS_VA":20947.87,"ELEGAS_EXP":12.27,"AGUBAS_VA":10560.72,"AGUBAS_EXP":8.38,"CONSTR_VA":89940.11,"CONSTR_EXP":43.39,"COMREV_VA":146215.52,"COMREV_EXP":50265.5,"TRATIE_VA":18540.34,"TRATIE_EXP":3445.21,"TRAGUA_VA":5269.85,"TRAGUA_EXP":17456.0,"TRAAIR_VA":15238.62,"TRAAIR_EXP":9783.0,"ALMSTR_VA":14413.22,"ALMSTR_EXP":3472.74,"POSTME_VA":6946.64,"POSTME_EXP":378.27,"HOTYRE_VA":46206.48,"HOTYRE_EXP":6392.39,"MMTVRA_VA":24099.64,"MMTVRA_EXP":3250.6,"TELECO_VA":17408.41,"TELECO_EXP":950.39,"ITSERV_VA":28606.76,"ITSERV_EXP":7141.88,"SERFIN_VA":86227.02,"SERFIN_EXP":4537.73,"GOBEST_VA":124495.18,"GOBEST_EXP":924.84,"SPRSCT_VA":95986.3,"SPRSCT_EXP":15269.99,"SEAEMP_VA":51925.26,"SEAEMP_EXP":9203.44,"ADPDEF_VA":100459.13,"ADPDEF_EXP":37.48,"EDUCAC_VA":74834.53,"EDUCAC_EXP":483.13,"SALUDH_VA":69668.5,"SALUDH_EXP":271.54,"ESPARC_VA":16549.94,"ESPARC_EXP":1107.7,"OTRSER_VA":20222.2,"OTRSER_EXP":342.76,"SERHOG_VA":2418.56,"SERHOG_EXP":0.0}},{"type":"Feature","geometry":{"type":"Point","coordinates":[102.5,19.86]},"properties":{"id":"LAO","name":"Laos","continent":"asia","year":2019,"AGRPFO_VA":2339.44,"AGRPFO_EXP":914.94,"FORLOG_VA":177.45,"FORLOG_EXP":1.42,"PESCAC_VA":380.51,"PESCAC_EXP":0.22,"MINCOL_VA":186.82,"MINCOL_EXP":21.08,"PETGAS_VA":200.2,"PETGAS_EXP":0.14,"MINORE_VA":874.81,"MINORE_EXP":824.16,"MINOTH_VA":439.55,"MINOTH_EXP":16.52,"MINSER_VA":159.93,"MINSER_EXP":0.26,"ALYBEB_VA":507.36,"ALYBEB_EXP":500.13,"TEXYPR_VA":203.15,"TEXYPR_EXP":236.77,"MADYPR_VA":145.34,"MADYPR_EXP":45.69,"PAPYPR_VA":3.18,"PAPYPR_EXP":3.58,"PETREF_VA":59.4,"PETREF_EXP":0.29,"QUIMYP_VA":29.77,"QUIMYP_EXP":72.1,"FARMED_VA":18.09,"FARMED_EXP":0.84,"HUPLAS_VA":9.63,"HUPLAS_EXP":1.2,"PRNOMT_VA":130.19,"PRNOMT_EXP":83.64,"METBAS_VA":2.0,"METBAS_EXP":0.61,"NONFER_VA":3.56,"NONFER_EXP":2.22,"PRMETA_VA":50.34,"PRMETA_EXP":5.69,"ELCTRO_VA":5.82,"ELCTRO_EXP":8.47,"ELCTRI_VA":3.98,"ELCTRI_EXP":6.65,"MAQYEQ_VA":0.23,"MAQYEQ_EXP":0.1,"AUTOMO_VA":1.09,"AUTOMO_EXP":1.73,"OTRTRA_VA":0.58,"OTRTRA_EXP":0.17,"TRANSP_VA":0.61,"TRANSP_EXP":0.72,"OTRMAN_VA":102.45,"OTRMAN_EXP":92.65,"ELEGAS_VA":1779.76,"ELEGAS_EXP":1670.13,"AGUBAS_VA":321.72,"AGUBAS_EXP":0.34,"CONSTR_VA":1497.5,"CONSTR_EXP":0.41,"COMREV_VA":1730.07,"COMREV_EXP":366.99,"TRATIE_VA":272.66,"TRATIE_EXP":97.88,"TRAGUA_VA":19.63,"TRAGUA_EXP":13.4,"TRAAIR_VA":35.05,"TRAAIR_EXP":54.34,"ALMSTR_VA":53.64,"ALMSTR_EXP":4.29,"POSTME_VA":53.73,"POSTME_EXP":5.69,"HOTYRE_VA":438.05,"HOTYRE_EXP":334.72,"MMTVRA_VA":37.59,"MMTVRA_EXP":10.88,"TELECO_VA":222.13,"TELECO_EXP":25.7,"ITSERV_VA":40.13,"ITSERV_EXP":14.44,"SERFIN_VA":572.13,"SERFIN_EXP":58.1,"GOBEST_VA":1093.45,"GOBEST_EXP":63.48,"SPRSCT_VA":133.4,"SPRSCT_EXP":43.22,"SEAEMP_VA":66.28,"SEAEMP_EXP":28.13,"ADPDEF_VA":1646.38,"ADPDEF_EXP":0.75,"EDUCAC_VA":413.75,"EDUCAC_EXP":21.58,"SALUDH_VA":74.7,"SALUDH_EXP":14.27,"ESPARC_VA":72.63,"ESPARC_EXP":35.29,"OTRSER_VA":495.26,"OTRSER_EXP":18.46,"SERHOG_VA":60.26,"SERHOG_EXP":0.0}},{"type":"Feature","geometry":{"type":"Point","coordinates":[23.88,55.17]},"properties":{"id":"LTU","name":"Lituania","continent":"europe","year":2019,"AGRPFO_VA":1464.22,"AGRPFO_EXP":1185.22,"FORLOG_VA":283.37,"FORLOG_EXP":114.65,"PESCAC_VA":52.35,"PESCAC_EXP":8.6,"MINCOL_VA":15.97,"MINCOL_EXP":9.52,"PETGAS_VA":56.5,"PETGAS_EXP":87.97,"MINORE_VA":4.73,"MINORE_EXP":0.92,"MINOTH_VA":46.44,"MINOTH_EXP":78.76,"MINSER_VA":22.21,"MINSER_EXP":7.32,"ALYBEB_VA":1847.59,"ALYBEB_EXP":2337.77,"TEXYPR_VA":584.27,"TEXYPR_EXP":582.86,"MADYPR_VA":621.16,"MADYPR_EXP":761.25,"PAPYPR_VA":443.78,"PAPYPR_EXP":361.72,"PETREF_VA":849.41,"PETREF_EXP":2895.68,"QUIMYP_VA":796.91,"QUIMYP_EXP":2307.47,"FARMED_VA":125.17,"FARMED_EXP":57.89,"HUPLAS_VA":561.8,"HUPLAS_EXP":970.95,"PRNOMT_VA":334.54,"PRNOMT_EXP":289.74,"METBAS_VA":13.29,"METBAS_EXP":30.81,"NONFER_VA":1.9,"NONFER_EXP":2.21,"PRMETA_VA":561.84,"PRMETA_EXP":818.93,"ELCTRO_VA":300.57,"ELCTRO_EXP":281.65,"ELCTRI_VA":172.46,"ELCTRI_EXP":326.83,"MAQYEQ_VA":284.62,"MAQYEQ_EXP":304.13,"AUTOMO_VA":185.94,"AUTOMO_EXP":138.08,"OTRTRA_VA":143.29,"OTRTRA_EXP":42.28,"TRANSP_VA":38.29,"TRANSP_EXP":79.96,"OTRMAN_VA":1718.66,"OTRMAN_EXP":2107.03,"ELEGAS_VA":857.32,"ELEGAS_EXP":76.11,"AGUBAS_VA":534.48,"AGUBAS_EXP":24.81,"CONSTR_VA":3720.35,"CONSTR_EXP":138.02,"COMREV_VA":8480.43,"COMREV_EXP":3707.36,"TRATIE_VA":4544.06,"TRATIE_EXP":6402.34,"TRAGUA_VA":137.81,"TRAGUA_EXP":161.13,"TRAAIR_VA":135.4,"TRAAIR_EXP":290.77,"ALMSTR_VA":1628.23,"ALMSTR_EXP":1990.93,"POSTME_VA":121.07,"POSTME_EXP":77.24,"HOTYRE_VA":932.44,"HOTYRE_EXP":303.44,"MMTVRA_VA":237.22,"MMTVRA_EXP":114.93,"TELECO_VA":555.66,"TELECO_EXP":192.78,"ITSERV_VA":1179.26,"ITSERV_EXP":658.59,"SERFIN_VA":1194.95,"SERFIN_EXP":266.97,"GOBEST_VA":3291.21,"GOBEST_EXP":177.55,"SPRSCT_VA":2018.96,"SPRSCT_EXP":828.44,"SEAEMP_VA":1656.65,"SEAEMP_EXP":1041.63,"ADPDEF_VA":2912.4,"ADPDEF_EXP":25.56,"EDUCAC_VA":2287.7,"EDUCAC_EXP":75.16,"SALUDH_VA":2264.63,"SALUDH_EXP":26.68,"ESPARC_VA":594.51,"ESPARC_EXP":81.36,"OTRSER_VA":493.37,"OTRSER_EXP":27.04,"SERHOG_VA":50.37,"SERHOG_EXP":0.0}},{"type":"Feature","geometry":{"type":"Point","coordinates":[6.13,49.82]},"properties":{"id":"LUX","name":"Luxemburgo","continent":"europe","year":2019,"AGRPFO_VA":145.54,"AGRPFO_EXP":334.78,"FORLOG_VA":7.78,"FORLOG_EXP":15.38,"PESCAC_VA":0.0,"PESCAC_EXP":0.0,"MINCOL_VA":0.0,"MINCOL_EXP":0.0,"PETGAS_VA":0.0,"PETGAS_EXP":0.0,"MINORE_VA":13.57,"MINORE_EXP":1.57,"MINOTH_VA":31.53,"MINOTH_EXP":1.75,"MINSER_VA":0.0,"MINSER_EXP":0.0,"ALYBEB_VA":405.05,"ALYBEB_EXP":1011.76,"TEXYPR_VA":303.54,"TEXYPR_EXP":388.9,"MADYPR_VA":34.44,"MADYPR_EXP":187.67,"PAPYPR_VA":96.09,"PAPYPR_EXP":82.67,"PETREF_VA":0.0,"PETREF_EXP":0.0,"QUIMYP_VA":116.27,"QUIMYP_EXP":300.06,"FARMED_VA":22.66,"FARMED_EXP":26.02,"HUPLAS_VA":461.36,"HUPLAS_EXP":5665.82,"PRNOMT_VA":246.49,"PRNOMT_EXP":446.58,"METBAS_VA":512.74,"METBAS_EXP":2125.09,"NONFER_VA":532.6,"NONFER_EXP":2299.07,"PRMETA_VA":293.82,"PRMETA_EXP":476.2,"ELCTRO_VA":71.77,"ELCTRO_EXP":172.96,"ELCTRI_VA":32.94,"ELCTRI_EXP":75.35,"MAQYEQ_VA":468.96,"MAQYEQ_EXP":831.53,"AUTOMO_VA":50.91,"AUTOMO_EXP":63.88,"OTRTRA_VA":0.67,"OTRTRA_EXP":1.95,"TRANSP_VA":0.96,"TRANSP_EXP":3.65,"OTRMAN_VA":112.34,"OTRMAN_EXP":186.46,"ELEGAS_VA":512.0,"ELEGAS_EXP":126.77,"AGUBAS_VA":323.85,"AGUBAS_EXP":10.03,"CONSTR_VA":3827.23,"CONSTR_EXP":123.55,"COMREV_VA":5662.88,"COMREV_EXP":2796.6,"TRATIE_VA":1582.51,"TRATIE_EXP":1946.45,"TRAGUA_VA":67.31,"TRAGUA_EXP":102.71,"TRAAIR_VA":927.43,"TRAAIR_EXP":2532.58,"ALMSTR_VA":315.96,"ALMSTR_EXP":393.03,"POSTME_VA":129.86,"POSTME_EXP":237.75,"HOTYRE_VA":1204.06,"HOTYRE_EXP":1577.26,"MMTVRA_VA":384.61,"MMTVRA_EXP":561.88,"TELECO_VA":1514.07,"TELECO_EXP":3344.79,"ITSERV_VA":2189.5,"ITSERV_EXP":4007.46,"SERFIN_VA":17465.64,"SERFIN_EXP":81187.83,"GOBEST_VA":5490.01,"GOBEST_EXP":536.67,"SPRSCT_VA":6244.79,"SPRSCT_EXP":11242.93,"SEAEMP_VA":2638.11,"SEAEMP_EXP":2383.27,"ADPDEF_VA":3956.75,"ADPDEF_EXP":54.86,"EDUCAC_VA":2730.93,"EDUCAC_EXP":212.17,"SALUDH_VA":4180.87,"SALUDH_EXP":83.42,"ESPARC_VA":442.27,"ESPARC_EXP":300.71,"OTRSER_VA":510.2,"OTRSER_EXP":102.24,"SERHOG_VA":174.0,"SERHOG_EXP":0.0}},{"type":"Feature","geometry":{"type":"Point","coordinates":[24.6,56.88]},"properties":{"id":"LVA","name":"Letonia","continent":"europe","year":2019,"AGRPFO_VA":720.07,"AGRPFO_EXP":672.03,"FORLOG_VA":663.53,"FORLOG_EXP":270.62,"PESCAC_VA":55.74,"PESCAC_EXP":17.43,"MINCOL_VA":1.08,"MINCOL_EXP":0.99,"PETGAS_VA":0.0,"PETGAS_EXP":0.0,"MINORE_VA":0.92,"MINORE_EXP":0.65,"MINOTH_VA":156.68,"MINOTH_EXP":8.39,"MINSER_VA":0.85,"MINSER_EXP":0.85,"ALYBEB_VA":770.09,"ALYBEB_EXP":864.88,"TEXYPR_VA":169.64,"TEXYPR_EXP":183.54,"MADYPR_VA":944.84,"MADYPR_EXP":1650.79,"PAPYPR_VA":176.38,"PAPYPR_EXP":169.44,"PETREF_VA":1.4,"PETREF_EXP":0.21,"QUIMYP_VA":107.01,"QUIMYP_EXP":327.0,"FARMED_VA":175.1,"FARMED_EXP":222.77,"HUPLAS_VA":105.29,"HUPLAS_EXP":188.95,"PRNOMT_VA":300.1,"PRNOMT_EXP":216.72,"METBAS_VA":37.6,"METBAS_EXP":47.27,"NONFER_VA":5.74,"NONFER_EXP":28.6,"PRMETA_VA":369.33,"PRMETA_EXP":437.93,"ELCTRO_VA":130.11,"ELCTRO_EXP":353.65,"ELCTRI_VA":148.47,"ELCTRI_EXP":315.07,"MAQYEQ_VA":118.89,"MAQYEQ_EXP":179.36,"AUTOMO_VA":73.64,"AUTOMO_EXP":160.99,"OTRTRA_VA":45.67,"OTRTRA_EXP":49.98,"TRANSP_VA":37.61,"TRANSP_EXP":30.87,"OTRMAN_VA":341.68,"OTRMAN_EXP":346.94,"ELEGAS_VA":579.09,"ELEGAS_EXP":228.1,"AGUBAS_VA":283.88,"AGUBAS_EXP":18.08,"CONSTR_VA":2141.58,"CONSTR_EXP":71.12,"COMREV_VA":4762.47,"COMREV_EXP":1920.44,"TRATIE_VA":1753.98,"TRATIE_EXP":2278.29,"TRAGUA_VA":35.01,"TRAGUA_EXP":44.07,"TRAAIR_VA":188.9,"TRAAIR_EXP":381.3,"ALMSTR_VA":873.87,"ALMSTR_EXP":550.55,"POSTME_VA":96.6,"POSTME_EXP":39.8,"HOTYRE_VA":617.48,"HOTYRE_EXP":422.78,"MMTVRA_VA":165.82,"MMTVRA_EXP":119.93,"TELECO_VA":488.22,"TELECO_EXP":307.91,"ITSERV_VA":1233.7,"ITSERV_EXP":806.58,"SERFIN_VA":1011.66,"SERFIN_EXP":259.34,"GOBEST_VA":2597.52,"GOBEST_EXP":70.37,"SPRSCT_VA":1455.04,"SPRSCT_EXP":554.38,"SEAEMP_VA":999.48,"SEAEMP_EXP":186.55,"ADPDEF_VA":2452.63,"ADPDEF_EXP":7.18,"EDUCAC_VA":1479.79,"EDUCAC_EXP":23.73,"SALUDH_VA":1366.95,"SALUDH_EXP":15.7,"ESPARC_VA":678.6,"ESPARC_EXP":40.27,"OTRSER_VA":306.66,"OTRSER_EXP":18.5,"SERHOG_VA":56.39,"SERHOG_EXP":0.0}},{"type":"Feature","geometry":{"type":"Point","coordinates":[-7.09,31.79]},"properties":{"id":"MAR","name":"Marruecos","continent":"other","year":2019,"AGRPFO_VA":13863.3,"AGRPFO_EXP":2092.42,"FORLOG_VA":1725.12,"FORLOG_EXP":2.06,"PESCAC_VA":803.57,"PESCAC_EXP":389.74,"MINCOL_VA":7.0,"MINCOL_EXP":0.33,"PETGAS_VA":19.26,"PETGAS_EXP":0.6,"MINORE_VA":587.51,"MINORE_EXP":295.52,"MINOTH_VA":1678.45,"MINOTH_EXP":801.16,"MINSER_VA":56.36,"MINSER_EXP":22.03,"ALYBEB_VA":5544.87,"ALYBEB_EXP":2815.37,"TEXYPR_VA":2688.24,"TEXYPR_EXP":3344.33,"MADYPR_VA":237.16,"MADYPR_EXP":66.04,"PAPYPR_VA":587.36,"PAPYPR_EXP":151.38,"PETREF_VA":17.56,"PETREF_EXP":0.05,"QUIMYP_VA":2208.22,"QUIMYP_EXP":3818.2,"FARMED_VA":654.71,"FARMED_EXP":275.45,"HUPLAS_VA":619.76,"HUPLAS_EXP":305.81,"PRNOMT_VA":1909.15,"PRNOMT_EXP":208.67,"METBAS_VA":249.77,"METBAS_EXP":49.9,"NONFER_VA":384.85,"NONFER_EXP":282.57,"PRMETA_VA":905.71,"PRMETA_EXP":216.05,"ELCTRO_VA":138.36,"ELCTRO_EXP":388.68,"ELCTRI_VA":944.52,"ELCTRI_EXP":1636.26,"MAQYEQ_VA":333.46,"MAQYEQ_EXP":141.53,"AUTOMO_VA":1625.94,"AUTOMO_EXP":5631.95,"OTRTRA_VA":95.45,"OTRTRA_EXP":76.61,"TRANSP_VA":192.29,"TRANSP_EXP":282.09,"OTRMAN_VA":1247.14,"OTRMAN_EXP":904.13,"ELEGAS_VA":4458.23,"ELEGAS_EXP":25.29,"AGUBAS_VA":501.9,"AGUBAS_EXP":1.28,"CONSTR_VA":8099.84,"CONSTR_EXP":57.74,"COMREV_VA":10625.96,"COMREV_EXP":2832.22,"TRATIE_VA":3193.91,"TRATIE_EXP":1854.05,"TRAGUA_VA":194.07,"TRAGUA_EXP":418.93,"TRAAIR_VA":614.09,"TRAAIR_EXP":1688.76,"ALMSTR_VA":1358.24,"ALMSTR_EXP":1094.21,"POSTME_VA":134.48,"POSTME_EXP":186.83,"HOTYRE_VA":2952.06,"HOTYRE_EXP":2699.89,"MMTVRA_VA":391.03,"MMTVRA_EXP":224.29,"TELECO_VA":2472.84,"TELECO_EXP":539.11,"ITSERV_VA":559.14,"ITSERV_EXP":639.31,"SERFIN_VA":5625.36,"SERFIN_EXP":343.88,"GOBEST_VA":4064.64,"GOBEST_EXP":483.05,"SPRSCT_VA":3853.18,"SPRSCT_EXP":2207.89,"SEAEMP_VA":4726.42,"SEAEMP_EXP":1570.69,"ADPDEF_VA":12165.56,"ADPDEF_EXP":550.44,"EDUCAC_VA":9155.27,"EDUCAC_EXP":279.33,"SALUDH_VA":4177.97,"SALUDH_EXP":108.13,"ESPARC_VA":408.38,"ESPARC_EXP":257.0,"OTRSER_VA":1153.2,"OTRSER_EXP":148.23,"SERHOG_VA":451.47,"SERHOG_EXP":0.0}},{"type":"Feature","geometry":{"type":"Point","coordinates":[-102.55,23.63]},"properties":{"id":"MEX","name":"México","continent":"america","year":2019,"AGRPFO_VA":40409.33,"AGRPFO_EXP":10145.23,"FORLOG_VA":1177.41,"FORLOG_EXP":80.77,"PESCAC_VA":752.81,"PESCAC_EXP":173.42,"MINCOL_VA":370.53,"MINCOL_EXP":2.9,"PETGAS_VA":35129.21,"PETGAS_EXP":21411.93,"MINORE_VA":8829.71,"MINORE_EXP":6876.84,"MINOTH_VA":4965.37,"MINOTH_EXP":432.93,"MINSER_VA":3738.58,"MINSER_EXP":9.09,"ALYBEB_VA":61318.86,"ALYBEB_EXP":16139.65,"TEXYPR_VA":8109.19,"TEXYPR_EXP":5671.01,"MADYPR_VA":2080.88,"MADYPR_EXP":423.63,"PAPYPR_VA":6689.29,"PAPYPR_EXP":1789.53,"PETREF_VA":7515.57,"PETREF_EXP":1673.4,"QUIMYP_VA":14155.29,"QUIMYP_EXP":8824.79,"FARMED_VA":5454.82,"FARMED_EXP":1241.81,"HUPLAS_VA":8229.92,"HUPLAS_EXP":9588.18,"PRNOMT_VA":8644.59,"PRNOMT_EXP":3200.29,"METBAS_VA":6026.51,"METBAS_EXP":5371.56,"NONFER_VA":6959.6,"NONFER_EXP":8484.18,"PRMETA_VA":9804.33,"PRMETA_EXP":8446.91,"ELCTRO_VA":23193.49,"ELCTRO_EXP":60477.93,"ELCTRI_VA":9373.99,"ELCTRI_EXP":24948.34,"MAQYEQ_VA":11592.72,"MAQYEQ_EXP":20045.29,"AUTOMO_VA":57684.13,"AUTOMO_EXP":136562.42,"OTRTRA_VA":671.41,"OTRTRA_EXP":955.24,"TRANSP_VA":3593.0,"TRANSP_EXP":7229.1,"OTRMAN_VA":9909.39,"OTRMAN_EXP":15465.46,"ELEGAS_VA":22777.38,"ELEGAS_EXP":450.94,"AGUBAS_VA":4141.97,"AGUBAS_EXP":0.3,"CONSTR_VA":72760.1,"CONSTR_EXP":82.09,"COMREV_VA":258070.86,"COMREV_EXP":58536.76,"TRATIE_VA":73512.75,"TRATIE_EXP":19350.58,"TRAGUA_VA":1538.83,"TRAGUA_EXP":1250.04,"TRAAIR_VA":3905.76,"TRAAIR_EXP":4497.48,"ALMSTR_VA":9657.8,"ALMSTR_EXP":4075.78,"POSTME_VA":1401.19,"POSTME_EXP":33.59,"HOTYRE_VA":31582.97,"HOTYRE_EXP":9197.3,"MMTVRA_VA":4925.08,"MMTVRA_EXP":567.15,"TELECO_VA":13836.69,"TELECO_EXP":698.83,"ITSERV_VA":1967.18,"ITSERV_EXP":130.26,"SERFIN_VA":49076.58,"SERFIN_EXP":4408.09,"GOBEST_VA":150297.83,"GOBEST_EXP":1701.42,"SPRSCT_VA":27564.3,"SPRSCT_EXP":388.53,"SEAEMP_VA":45898.95,"SEAEMP_EXP":647.8,"ADPDEF_VA":44471.71,"ADPDEF_EXP":0.03,"EDUCAC_VA":46439.46,"EDUCAC_EXP":581.53,"SALUDH_VA":29675.76,"SALUDH_EXP":391.55,"ESPARC_VA":5995.71,"ESPARC_EXP":998.59,"OTRSER_VA":13234.87,"OTRSER_EXP":538.67,"SERHOG_VA":5462.14,"SERHOG_EXP":0.0}},{"type":"Feature","geometry":{"type":"Point","coordinates":[14.38,35.94]},"properties":{"id":"MLT","name":"Malta","continent":"europe","year":2019,"AGRPFO_VA":73.33,"AGRPFO_EXP":10.82,"FORLOG_VA":0.0,"FORLOG_EXP":0.0,"PESCAC_VA":9.97,"PESCAC_EXP":174.55,"MINCOL_VA":0.0,"MINCOL_EXP":0.0,"PETGAS_VA":4.5,"PETGAS_EXP":6.35,"MINORE_VA":1.11,"MINORE_EXP":0.3,"MINOTH_VA":24.36,"MINOTH_EXP":0.26,"MINSER_VA":2.04,"MINSER_EXP":0.86,"ALYBEB_VA":184.89,"ALYBEB_EXP":124.08,"TEXYPR_VA":20.65,"TEXYPR_EXP":15.09,"MADYPR_VA":4.33,"MADYPR_EXP":1.09,"PAPYPR_VA":97.79,"PAPYPR_EXP":107.33,"PETREF_VA":0.63,"PETREF_EXP":0.39,"QUIMYP_VA":12.99,"QUIMYP_EXP":19.12,"FARMED_VA":63.92,"FARMED_EXP":113.22,"HUPLAS_VA":67.56,"HUPLAS_EXP":83.21,"PRNOMT_VA":84.52,"PRNOMT_EXP":3.56,"METBAS_VA":1.16,"METBAS_EXP":1.19,"NONFER_VA":0.92,"NONFER_EXP":1.3,"PRMETA_VA":69.86,"PRMETA_EXP":18.38,"ELCTRO_VA":132.74,"ELCTRO_EXP":327.64,"ELCTRI_VA":8.52,"ELCTRI_EXP":33.27,"MAQYEQ_VA":22.62,"MAQYEQ_EXP":23.08,"AUTOMO_VA":75.13,"AUTOMO_EXP":33.6,"OTRTRA_VA":13.53,"OTRTRA_EXP":35.13,"TRANSP_VA":27.45,"TRANSP_EXP":32.02,"OTRMAN_VA":260.16,"OTRMAN_EXP":350.22,"ELEGAS_VA":131.24,"ELEGAS_EXP":58.32,"AGUBAS_VA":100.48,"AGUBAS_EXP":1.76,"CONSTR_VA":720.96,"CONSTR_EXP":16.46,"COMREV_VA":1343.17,"COMREV_EXP":318.78,"TRATIE_VA":130.11,"TRATIE_EXP":121.97,"TRAGUA_VA":36.36,"TRAGUA_EXP":91.31,"TRAAIR_VA":182.2,"TRAAIR_EXP":1269.98,"ALMSTR_VA":452.36,"ALMSTR_EXP":384.39,"POSTME_VA":42.71,"POSTME_EXP":23.3,"HOTYRE_VA":735.0,"HOTYRE_EXP":1047.93,"MMTVRA_VA":132.9,"MMTVRA_EXP":86.32,"TELECO_VA":254.73,"TELECO_EXP":80.19,"ITSERV_VA":756.75,"ITSERV_EXP":745.66,"SERFIN_VA":1297.85,"SERFIN_EXP":2646.25,"GOBEST_VA":1141.85,"GOBEST_EXP":65.58,"SPRSCT_VA":1319.87,"SPRSCT_EXP":1981.94,"SEAEMP_VA":1096.81,"SEAEMP_EXP":723.4,"ADPDEF_VA":796.8,"ADPDEF_EXP":24.04,"EDUCAC_VA":765.89,"EDUCAC_EXP":36.03,"SALUDH_VA":854.74,"SALUDH_EXP":21.19,"ESPARC_VA":1456.02,"ESPARC_EXP":6681.07,"OTRSER_VA":155.09,"OTRSER_EXP":23.86,"SERHOG_VA":14.02,"SERHOG_EXP":0.0}},{"type":"Feature","geometry":{"type":"Point","coordinates":[95.96,21.91]},"properties":{"id":"MMR","name":"Myanmar","continent":"asia","year":2019,"AGRPFO_VA":21852.27,"AGRPFO_EXP":2289.46,"FORLOG_VA":599.32,"FORLOG_EXP":15.34,"PESCAC_VA":4457.88,"PESCAC_EXP":357.94,"MINCOL_VA":3.92,"MINCOL_EXP":0.59,"PETGAS_VA":1979.28,"PETGAS_EXP":3926.06,"MINORE_VA":377.05,"MINORE_EXP":33.62,"MINOTH_VA":370.05,"MINOTH_EXP":728.86,"MINSER_VA":19.63,"MINSER_EXP":12.5,"ALYBEB_VA":3195.39,"ALYBEB_EXP":1271.87,"TEXYPR_VA":2450.9,"TEXYPR_EXP":4734.97,"MADYPR_VA":355.84,"MADYPR_EXP":130.44,"PAPYPR_VA":356.23,"PAPYPR_EXP":44.08,"PETREF_VA":620.81,"PETREF_EXP":136.47,"QUIMYP_VA":437.81,"QUIMYP_EXP":38.81,"FARMED_VA":255.42,"FARMED_EXP":9.22,"HUPLAS_VA":289.77,"HUPLAS_EXP":23.36,"PRNOMT_VA":484.32,"PRNOMT_EXP":19.13,"METBAS_VA":242.81,"METBAS_EXP":195.26,"NONFER_VA":212.82,"NONFER_EXP":49.44,"PRMETA_VA":396.48,"PRMETA_EXP":30.01,"ELCTRO_VA":366.55,"ELCTRO_EXP":74.61,"ELCTRI_VA":234.66,"ELCTRI_EXP":55.56,"MAQYEQ_VA":337.61,"MAQYEQ_EXP":34.14,"AUTOMO_VA":474.89,"AUTOMO_EXP":15.03,"OTRTRA_VA":53.73,"OTRTRA_EXP":1.59,"TRANSP_VA":64.28,"TRANSP_EXP":34.6,"OTRMAN_VA":668.35,"OTRMAN_EXP":146.71,"ELEGAS_VA":321.73,"ELEGAS_EXP":25.17,"AGUBAS_VA":73.67,"AGUBAS_EXP":2.24,"CONSTR_VA":2421.79,"CONSTR_EXP":30.78,"COMREV_VA":5385.33,"COMREV_EXP":1125.63,"TRATIE_VA":1425.18,"TRATIE_EXP":230.44,"TRAGUA_VA":516.26,"TRAGUA_EXP":455.71,"TRAAIR_VA":399.91,"TRAAIR_EXP":417.68,"ALMSTR_VA":472.22,"ALMSTR_EXP":353.67,"POSTME_VA":83.2,"POSTME_EXP":2.41,"HOTYRE_VA":1569.38,"HOTYRE_EXP":392.79,"MMTVRA_VA":294.02,"MMTVRA_EXP":44.98,"TELECO_VA":1225.28,"TELECO_EXP":66.59,"ITSERV_VA":200.79,"ITSERV_EXP":166.52,"SERFIN_VA":1431.5,"SERFIN_EXP":48.95,"GOBEST_VA":1839.38,"GOBEST_EXP":139.81,"SPRSCT_VA":1064.33,"SPRSCT_EXP":1605.5,"SEAEMP_VA":695.35,"SEAEMP_EXP":747.24,"ADPDEF_VA":2060.6,"ADPDEF_EXP":7.77,"EDUCAC_VA":1247.9,"EDUCAC_EXP":28.94,"SALUDH_VA":1510.17,"SALUDH_EXP":17.52,"ESPARC_VA":256.68,"ESPARC_EXP":74.71,"OTRSER_VA":434.31,"OTRSER_EXP":24.55,"SERHOG_VA":0.0,"SERHOG_EXP":0.0}},{"type":"Feature","geometry":{"type":"Point","coordinates":[101.98,4.21]},"properties":{"id":"MYS","name":"Malasia","continent":"asia","year":2019,"AGRPFO_VA":19422.38,"AGRPFO_EXP":1955.43,"FORLOG_VA":1668.33,"FORLOG_EXP":209.15,"PESCAC_VA":3027.84,"PESCAC_EXP":136.42,"MINCOL_VA":14123.21,"MINCOL_EXP":18.32,"PETGAS_VA":12426.39,"PETGAS_EXP":16473.3,"MINORE_VA":401.41,"MINORE_EXP":863.06,"MINOTH_VA":1408.57,"MINOTH_EXP":192.11,"MINSER_VA":2453.0,"MINSER_EXP":61.58,"ALYBEB_VA":6224.28,"ALYBEB_EXP":16608.8,"TEXYPR_VA":1213.13,"TEXYPR_EXP":1886.98,"MADYPR_VA":1807.82,"MADYPR_EXP":1825.46,"PAPYPR_VA":2125.37,"PAPYPR_EXP":1538.26,"PETREF_VA":10506.36,"PETREF_EXP":6569.2,"QUIMYP_VA":6035.28,"QUIMYP_EXP":16907.23,"FARMED_VA":436.17,"FARMED_EXP":492.59,"HUPLAS_VA":4352.59,"HUPLAS_EXP":8626.24,"PRNOMT_VA":2765.1,"PRNOMT_EXP":3080.42,"METBAS_VA":1255.09,"METBAS_EXP":4829.73,"NONFER_VA":577.69,"NONFER_EXP":3695.6,"PRMETA_VA":3828.44,"PRMETA_EXP":3117.05,"ELCTRO_VA":15948.08,"ELCTRO_EXP":55543.94,"ELCTRI_VA":1579.16,"ELCTRI_EXP":6888.02,"MAQYEQ_VA":2235.42,"MAQYEQ_EXP":5900.99,"AUTOMO_VA":5667.17,"AUTOMO_EXP":1056.15,"OTRTRA_VA":542.36,"OTRTRA_EXP":495.33,"TRANSP_VA":695.36,"TRANSP_EXP":2173.32,"OTRMAN_VA":2596.08,"OTRMAN_EXP":5276.64,"ELEGAS_VA":7162.55,"ELEGAS_EXP":162.58,"AGUBAS_VA":2114.28,"AGUBAS_EXP":7.55,"CONSTR_VA":15755.26,"CONSTR_EXP":54.99,"COMREV_VA":80112.37,"COMREV_EXP":21553.89,"TRATIE_VA":3020.87,"TRATIE_EXP":3175.73,"TRAGUA_VA":1740.32,"TRAGUA_EXP":2154.24,"TRAAIR_VA":1600.44,"TRAAIR_EXP":2818.4,"ALMSTR_VA":4857.85,"ALMSTR_EXP":958.87,"POSTME_VA":495.85,"POSTME_EXP":216.16,"HOTYRE_VA":12567.51,"HOTYRE_EXP":8034.9,"MMTVRA_VA":1832.88,"MMTVRA_EXP":447.01,"TELECO_VA":10094.68,"TELECO_EXP":1166.05,"ITSERV_VA":4685.73,"ITSERV_EXP":2571.13,"SERFIN_VA":23581.2,"SERFIN_EXP":3413.66,"GOBEST_VA":12088.13,"GOBEST_EXP":1626.1,"SPRSCT_VA":6610.7,"SPRSCT_EXP":6164.86,"SEAEMP_VA":3039.7,"SEAEMP_EXP":3335.3,"ADPDEF_VA":26862.57,"ADPDEF_EXP":33.89,"EDUCAC_VA":12781.53,"EDUCAC_EXP":468.3,"SALUDH_VA":3840.86,"SALUDH_EXP":298.16,"ESPARC_VA":2491.81,"ESPARC_EXP":1046.32,"OTRSER_VA":698.9,"OTRSER_EXP":416.34,"SERHOG_VA":419.92,"SERHOG_EXP":0.0}},{"type":"Feature","geometry":{"type":"Point","coordinates":[8.68,9.08]},"properties":{"id":"NGA","name":"Nigeria","continent":"other","year":2019,"AGRPFO_VA":99237.85,"AGRPFO_EXP":1605.05,"FORLOG_VA":931.37,"FORLOG_EXP":103.96,"PESCAC_VA":3962.33,"PESCAC_EXP":2.05,"MINCOL_VA":42.22,"MINCOL_EXP":1.26,"PETGAS_VA":40504.48,"PETGAS_EXP":49856.81,"MINORE_VA":36.92,"MINORE_EXP":5.75,"MINOTH_VA":1128.45,"MINOTH_EXP":30.84,"MINSER_VA":55.75,"MINSER_EXP":0.98,"ALYBEB_VA":30485.63,"ALYBEB_EXP":1252.36,"TEXYPR_VA":6148.98,"TEXYPR_EXP":1774.04,"MADYPR_VA":1429.37,"MADYPR_EXP":133.42,"PAPYPR_VA":919.54,"PAPYPR_EXP":5.98,"PETREF_VA":484.33,"PETREF_EXP":891.98,"QUIMYP_VA":969.57,"QUIMYP_EXP":175.52,"FARMED_VA":195.52,"FARMED_EXP":4.25,"HUPLAS_VA":2187.03,"HUPLAS_EXP":166.57,"PRNOMT_VA":10464.51,"PRNOMT_EXP":7.61,"METBAS_VA":150.84,"METBAS_EXP":8.3,"NONFER_VA":262.14,"NONFER_EXP":236.9,"PRMETA_VA":173.07,"PRMETA_EXP":37.97,"ELCTRO_VA":233.22,"ELCTRO_EXP":12.31,"ELCTRI_VA":50.78,"ELCTRI_EXP":10.3,"MAQYEQ_VA":211.65,"MAQYEQ_EXP":120.31,"AUTOMO_VA":680.09,"AUTOMO_EXP":106.5,"OTRTRA_VA":278.68,"OTRTRA_EXP":20.77,"TRANSP_VA":4.59,"TRANSP_EXP":5.07,"OTRMAN_VA":1696.27,"OTRMAN_EXP":53.12,"ELEGAS_VA":3381.06,"ELEGAS_EXP":97.5,"AGUBAS_VA":835.28,"AGUBAS_EXP":0.16,"CONSTR_VA":29706.39,"CONSTR_EXP":0.04,"COMREV_VA":72025.49,"COMREV_EXP":6294.3,"TRATIE_VA":8925.89,"TRATIE_EXP":2005.73,"TRAGUA_VA":571.58,"TRAGUA_EXP":77.98,"TRAAIR_VA":656.63,"TRAAIR_EXP":470.48,"ALMSTR_VA":1739.12,"ALMSTR_EXP":359.08,"POSTME_VA":72.98,"POSTME_EXP":60.56,"HOTYRE_VA":3052.85,"HOTYRE_EXP":390.03,"MMTVRA_VA":12382.21,"MMTVRA_EXP":29.51,"TELECO_VA":30259.32,"TELECO_EXP":70.55,"ITSERV_VA":10867.43,"ITSERV_EXP":47.19,"SERFIN_VA":15444.59,"SERFIN_EXP":415.8,"GOBEST_VA":31104.11,"GOBEST_EXP":81.53,"SPRSCT_VA":14862.97,"SPRSCT_EXP":46.55,"SEAEMP_VA":109.38,"SEAEMP_EXP":8.18,"ADPDEF_VA":9440.55,"ADPDEF_EXP":0.02,"EDUCAC_VA":9690.65,"EDUCAC_EXP":21.88,"SALUDH_VA":3288.57,"SALUDH_EXP":14.8,"ESPARC_VA":657.38,"ESPARC_EXP":37.44,"OTRSER_VA":9837.1,"OTRSER_EXP":21.29,"SERHOG_VA":2495.52,"SERHOG_EXP":0.0}},{"type":"Feature","geometry":{"type":"Point","coordinates":[5.29,52.13]},"properties":{"id":"NLD","name":"Países Bajos","continent":"europe","year":2019,"AGRPFO_VA":16701.05,"AGRPFO_EXP":16539.97,"FORLOG_VA":191.98,"FORLOG_EXP":149.29,"PESCAC_VA":392.46,"PESCAC_EXP":327.9,"MINCOL_VA":0.0,"MINCOL_EXP":0.0,"PETGAS_VA":15207.12,"PETGAS_EXP":7506.31,"MINORE_VA":0.0,"MINORE_EXP":0.0,"MINOTH_VA":578.25,"MINOTH_EXP":371.96,"MINSER_VA":1057.73,"MINSER_EXP":2076.27,"ALYBEB_VA":18356.33,"ALYBEB_EXP":48727.48,"TEXYPR_VA":1391.08,"TEXYPR_EXP":2053.82,"MADYPR_VA":1339.35,"MADYPR_EXP":650.65,"PAPYPR_VA":4088.61,"PAPYPR_EXP":4826.97,"PETREF_VA":2389.98,"PETREF_EXP":20822.96,"QUIMYP_VA":12159.13,"QUIMYP_EXP":34559.27,"FARMED_VA":6486.7,"FARMED_EXP":7719.8,"HUPLAS_VA":3609.51,"HUPLAS_EXP":6199.61,"PRNOMT_VA":2645.19,"PRNOMT_EXP":1676.12,"METBAS_VA":1833.55,"METBAS_EXP":2487.24,"NONFER_VA":535.08,"NONFER_EXP":2236.21,"PRMETA_VA":8922.72,"PRMETA_EXP":6883.94,"ELCTRO_VA":6243.48,"ELCTRO_EXP":22279.65,"ELCTRI_VA":3411.92,"ELCTRI_EXP":3998.34,"MAQYEQ_VA":15790.88,"MAQYEQ_EXP":26889.32,"AUTOMO_VA":4736.78,"AUTOMO_EXP":11761.65,"OTRTRA_VA":1045.71,"OTRTRA_EXP":3603.85,"TRANSP_VA":851.62,"TRANSP_EXP":2462.79,"OTRMAN_VA":7632.95,"OTRMAN_EXP":7792.67,"ELEGAS_VA":10035.08,"ELEGAS_EXP":1026.03,"AGUBAS_VA":4794.38,"AGUBAS_EXP":1491.77,"CONSTR_VA":41649.82,"CONSTR_EXP":623.13,"COMREV_VA":113730.32,"COMREV_EXP":64552.73,"TRATIE_VA":15194.3,"TRATIE_EXP":11784.06,"TRAGUA_VA":3197.87,"TRAGUA_EXP":8040.04,"TRAAIR_VA":4205.28,"TRAAIR_EXP":8361.82,"ALMSTR_VA":14441.2,"ALMSTR_EXP":8785.23,"POSTME_VA":2416.19,"POSTME_EXP":5051.05,"HOTYRE_VA":17895.63,"HOTYRE_EXP":6133.29,"MMTVRA_VA":6032.38,"MMTVRA_EXP":5619.95,"TELECO_VA":8792.15,"TELECO_EXP":4588.64,"ITSERV_VA":23344.64,"ITSERV_EXP":19306.82,"SERFIN_VA":56549.93,"SERFIN_EXP":10718.79,"GOBEST_VA":51242.29,"GOBEST_EXP":1167.74,"SPRSCT_VA":72431.29,"SPRSCT_EXP":41298.83,"SEAEMP_VA":64461.79,"SEAEMP_EXP":39065.75,"ADPDEF_VA":59417.46,"ADPDEF_EXP":3167.33,"EDUCAC_VA":40029.08,"EDUCAC_EXP":1629.13,"SALUDH_VA":72411.46,"SALUDH_EXP":594.56,"ESPARC_VA":10461.29,"ESPARC_EXP":2291.63,"OTRSER_VA":9912.72,"OTRSER_EXP":637.68,"SERHOG_VA":917.86,"SERHOG_EXP":0.0}},{"type":"Feature","geometry":{"type":"Point","coordinates":[8.47,60.47]},"properties":{"id":"NOR","name":"Noruega","continent":"europe","year":2019,"AGRPFO_VA":1723.7,"AGRPFO_EXP":105.83,"FORLOG_VA":835.04,"FORLOG_EXP":174.93,"PESCAC_VA":4932.9,"PESCAC_EXP":4863.3,"MINCOL_VA":10.57,"MINCOL_EXP":5.07,"PETGAS_VA":55153.54,"PETGAS_EXP":56248.49,"MINORE_VA":155.49,"MINORE_EXP":69.74,"MINOTH_VA":615.8,"MINOTH_EXP":336.49,"MINSER_VA":4699.49,"MINSER_EXP":1036.28,"ALYBEB_VA":7127.46,"ALYBEB_EXP":4005.15,"TEXYPR_VA":391.58,"TEXYPR_EXP":186.63,"MADYPR_VA":1118.43,"MADYPR_EXP":288.33,"PAPYPR_VA":871.27,"PAPYPR_EXP":835.49,"PETREF_VA":643.37,"PETREF_EXP":5124.07,"QUIMYP_VA":1999.92,"QUIMYP_EXP":2482.82,"FARMED_VA":951.18,"FARMED_EXP":627.5,"HUPLAS_VA":601.73,"HUPLAS_EXP":401.56,"PRNOMT_VA":1313.88,"PRNOMT_EXP":335.17,"METBAS_VA":378.87,"METBAS_EXP":829.72,"NONFER_VA":1095.57,"NONFER_EXP":4316.86,"PRMETA_VA":2348.0,"PRMETA_EXP":1047.84,"ELCTRO_VA":1285.94,"ELCTRO_EXP":1663.45,"ELCTRI_VA":902.81,"ELCTRI_EXP":1339.77,"MAQYEQ_VA":2337.45,"MAQYEQ_EXP":2265.39,"AUTOMO_VA":332.94,"AUTOMO_EXP":417.81,"OTRTRA_VA":1653.45,"OTRTRA_EXP":618.19,"TRANSP_VA":154.91,"TRANSP_EXP":215.85,"OTRMAN_VA":3105.34,"OTRMAN_EXP":2002.83,"ELEGAS_VA":8927.26,"ELEGAS_EXP":1069.5,"AGUBAS_VA":2718.73,"AGUBAS_EXP":5.47,"CONSTR_VA":25851.98,"CONSTR_EXP":39.96,"COMREV_VA":30955.59,"COMREV_EXP":8096.04,"TRATIE_VA":7495.73,"TRATIE_EXP":2763.12,"TRAGUA_VA":4424.37,"TRAGUA_EXP":14340.3,"TRAAIR_VA":629.54,"TRAAIR_EXP":2648.83,"ALMSTR_VA":3729.19,"ALMSTR_EXP":1388.5,"POSTME_VA":1199.39,"POSTME_EXP":266.19,"HOTYRE_VA":5628.44,"HOTYRE_EXP":2100.95,"MMTVRA_VA":4046.84,"MMTVRA_EXP":555.74,"TELECO_VA":4344.2,"TELECO_EXP":1075.29,"ITSERV_VA":8751.01,"ITSERV_EXP":2075.04,"SERFIN_VA":18116.85,"SERFIN_EXP":5107.04,"GOBEST_VA":27494.03,"GOBEST_EXP":322.21,"SPRSCT_VA":18998.83,"SPRSCT_EXP":4275.23,"SEAEMP_VA":11029.47,"SEAEMP_EXP":2419.72,"ADPDEF_VA":25591.99,"ADPDEF_EXP":21.6,"EDUCAC_VA":19906.12,"EDUCAC_EXP":287.32,"SALUDH_VA":41712.01,"SALUDH_EXP":92.16,"ESPARC_VA":3699.92,"ESPARC_EXP":348.08,"OTRSER_VA":3908.09,"OTRSER_EXP":110.05,"SERHOG_VA":30.88,"SERHOG_EXP":0.0}},{"type":"Feature","geometry":{"type":"Point","coordinates":[174.89,-40.9]},"properties":{"id":"NZL","name":"Nueva Zelanda","continent":"other","year":2019,"AGRPFO_VA":9708.52,"AGRPFO_EXP":3226.72,"FORLOG_VA":1184.42,"FORLOG_EXP":1524.19,"PESCAC_VA":2026.18,"PESCAC_EXP":945.25,"MINCOL_VA":99.37,"MINCOL_EXP":134.15,"PETGAS_VA":1234.79,"PETGAS_EXP":455.81,"MINORE_VA":212.48,"MINORE_EXP":252.42,"MINOTH_VA":203.93,"MINOTH_EXP":18.34,"MINSER_VA":272.53,"MINSER_EXP":37.37,"ALYBEB_VA":8427.01,"ALYBEB_EXP":16432.59,"TEXYPR_VA":446.74,"TEXYPR_EXP":511.98,"MADYPR_VA":1112.74,"MADYPR_EXP":819.25,"PAPYPR_VA":938.3,"PAPYPR_EXP":1091.13,"PETREF_VA":1861.61,"PETREF_EXP":300.61,"QUIMYP_VA":972.69,"QUIMYP_EXP":640.28,"FARMED_VA":263.24,"FARMED_EXP":187.19,"HUPLAS_VA":1072.82,"HUPLAS_EXP":412.37,"PRNOMT_VA":836.97,"PRNOMT_EXP":140.29,"METBAS_VA":265.71,"METBAS_EXP":296.02,"NONFER_VA":615.81,"NONFER_EXP":781.87,"PRMETA_VA":1735.76,"PRMETA_EXP":329.05,"ELCTRO_VA":482.23,"ELCTRO_EXP":270.61,"ELCTRI_VA":491.29,"ELCTRI_EXP":362.44,"MAQYEQ_VA":1926.11,"MAQYEQ_EXP":776.68,"AUTOMO_VA":365.69,"AUTOMO_EXP":76.35,"OTRTRA_VA":141.65,"OTRTRA_EXP":62.67,"TRANSP_VA":484.11,"TRANSP_EXP":31.43,"OTRMAN_VA":588.61,"OTRMAN_EXP":468.29,"ELEGAS_VA":4560.72,"ELEGAS_EXP":22.71,"AGUBAS_VA":1696.94,"AGUBAS_EXP":21.22,"CONSTR_VA":16090.05,"CONSTR_EXP":296.37,"COMREV_VA":19990.95,"COMREV_EXP":7316.19,"TRATIE_VA":3442.56,"TRATIE_EXP":862.49,"TRAGUA_VA":311.05,"TRAGUA_EXP":148.2,"TRAAIR_VA":2224.51,"TRAAIR_EXP":1313.23,"ALMSTR_VA":3004.77,"ALMSTR_EXP":572.94,"POSTME_VA":756.58,"POSTME_EXP":175.06,"HOTYRE_VA":4966.16,"HOTYRE_EXP":2895.01,"MMTVRA_VA":1372.02,"MMTVRA_EXP":429.8,"TELECO_VA":1679.52,"TELECO_EXP":577.53,"ITSERV_VA":1879.88,"ITSERV_EXP":1187.74,"SERFIN_VA":12259.67,"SERFIN_EXP":1143.18,"GOBEST_VA":23792.97,"GOBEST_EXP":1390.64,"SPRSCT_VA":18660.41,"SPRSCT_EXP":1279.58,"SEAEMP_VA":4410.21,"SEAEMP_EXP":1694.88,"ADPDEF_VA":9380.97,"ADPDEF_EXP":89.15,"EDUCAC_VA":9526.97,"EDUCAC_EXP":605.21,"SALUDH_VA":13475.29,"SALUDH_EXP":193.92,"ESPARC_VA":3000.37,"ESPARC_EXP":813.81,"OTRSER_VA":4207.19,"OTRSER_EXP":199.5,"SERHOG_VA":559.07,"SERHOG_EXP":0.0}},{"type":"Feature","geometry":{"type":"Point","coordinates":[69.35,30.38]},"properties":{"id":"PAK","name":"Pakistán","continent":"asia","year":2019,"AGRPFO_VA":55887.34,"AGRPFO_EXP":780.26,"FORLOG_VA":1190.14,"FORLOG_EXP":2.41,"PESCAC_VA":1069.7,"PESCAC_EXP":9.79,"MINCOL_VA":216.32,"MINCOL_EXP":0.55,"PETGAS_VA":4239.89,"PETGAS_EXP":203.72,"MINORE_VA":197.81,"MINORE_EXP":74.02,"MINOTH_VA":293.22,"MINOTH_EXP":120.54,"MINSER_VA":272.95,"MINSER_EXP":8.95,"ALYBEB_VA":9687.36,"ALYBEB_EXP":2896.45,"TEXYPR_VA":13819.72,"TEXYPR_EXP":10159.09,"MADYPR_VA":1035.62,"MADYPR_EXP":37.92,"PAPYPR_VA":2196.57,"PAPYPR_EXP":52.02,"PETREF_VA":2626.81,"PETREF_EXP":121.5,"QUIMYP_VA":2715.67,"QUIMYP_EXP":553.9,"FARMED_VA":980.84,"FARMED_EXP":157.63,"HUPLAS_VA":1222.45,"HUPLAS_EXP":98.95,"PRNOMT_VA":2629.79,"PRNOMT_EXP":229.74,"METBAS_VA":1125.9,"METBAS_EXP":72.08,"NONFER_VA":853.01,"NONFER_EXP":286.0,"PRMETA_VA":1925.51,"PRMETA_EXP":141.85,"ELCTRO_VA":1446.99,"ELCTRO_EXP":29.37,"ELCTRI_VA":963.68,"ELCTRI_EXP":60.24,"MAQYEQ_VA":1596.9,"MAQYEQ_EXP":57.72,"AUTOMO_VA":2125.02,"AUTOMO_EXP":25.74,"OTRTRA_VA":290.69,"OTRTRA_EXP":0.87,"TRANSP_VA":318.06,"TRANSP_EXP":2.47,"OTRMAN_VA":1197.8,"OTRMAN_EXP":480.66,"ELEGAS_VA":3456.22,"ELEGAS_EXP":24.61,"AGUBAS_VA":1737.54,"AGUBAS_EXP":7.66,"CONSTR_VA":7788.36,"CONSTR_EXP":25.01,"COMREV_VA":28054.15,"COMREV_EXP":2561.57,"TRATIE_VA":8051.99,"TRATIE_EXP":262.42,"TRAGUA_VA":2364.44,"TRAGUA_EXP":336.63,"TRAAIR_VA":1468.5,"TRAAIR_EXP":414.22,"ALMSTR_VA":2253.31,"ALMSTR_EXP":108.74,"POSTME_VA":587.69,"POSTME_EXP":2.54,"HOTYRE_VA":7295.62,"HOTYRE_EXP":157.39,"MMTVRA_VA":2087.48,"MMTVRA_EXP":157.09,"TELECO_VA":6071.53,"TELECO_EXP":333.91,"ITSERV_VA":1470.83,"ITSERV_EXP":812.65,"SERFIN_VA":9848.83,"SERFIN_EXP":204.6,"GOBEST_VA":12643.69,"GOBEST_EXP":62.28,"SPRSCT_VA":7446.93,"SPRSCT_EXP":1160.3,"SEAEMP_VA":4947.49,"SEAEMP_EXP":546.33,"ADPDEF_VA":13784.75,"ADPDEF_EXP":11.17,"EDUCAC_VA":8938.34,"EDUCAC_EXP":16.59,"SALUDH_VA":10999.95,"SALUDH_EXP":11.03,"ESPARC_VA":1800.82,"ESPARC_EXP":174.18,"OTRSER_VA":3213.68,"OTRSER_EXP":23.01,"SERHOG_VA":1244.7,"SERHOG_EXP":0.0}},{"type":"Feature","geometry":{"type":"Point","coordinates":[-75.02,-9.19]},"properties":{"id":"PER","name":"Perú","continent":"america","year":2019,"AGRPFO_VA":13475.26,"AGRPFO_EXP":3741.18,"FORLOG_VA":323.02,"FORLOG_EXP":16.1,"PESCAC_VA":1445.32,"PESCAC_EXP":5.39,"MINCOL_VA":244.12,"MINCOL_EXP":44.84,"PETGAS_VA":1428.8,"PETGAS_EXP":829.62,"MINORE_VA":15762.88,"MINORE_EXP":21930.13,"MINOTH_VA":1297.71,"MINOTH_EXP":232.68,"MINSER_VA":889.7,"MINSER_EXP":4.77,"ALYBEB_VA":8093.4,"ALYBEB_EXP":5265.21,"TEXYPR_VA":2283.31,"TEXYPR_EXP":1278.11,"MADYPR_VA":402.88,"MADYPR_EXP":107.93,"PAPYPR_VA":1710.11,"PAPYPR_EXP":161.81,"PETREF_VA":3586.91,"PETREF_EXP":2103.72,"QUIMYP_VA":1622.32,"QUIMYP_EXP":873.4,"FARMED_VA":304.82,"FARMED_EXP":59.18,"HUPLAS_VA":1105.32,"HUPLAS_EXP":527.52,"PRNOMT_VA":1988.19,"PRNOMT_EXP":289.1,"METBAS_VA":408.71,"METBAS_EXP":164.84,"NONFER_VA":1468.87,"NONFER_EXP":3185.68,"PRMETA_VA":1465.6,"PRMETA_EXP":270.21,"ELCTRO_VA":60.67,"ELCTRO_EXP":40.33,"ELCTRI_VA":66.4,"ELCTRI_EXP":359.22,"MAQYEQ_VA":1085.03,"MAQYEQ_EXP":282.81,"AUTOMO_VA":1040.43,"AUTOMO_EXP":156.3,"OTRTRA_VA":38.44,"OTRTRA_EXP":0.92,"TRANSP_VA":310.54,"TRANSP_EXP":15.82,"OTRMAN_VA":3840.09,"OTRMAN_EXP":1541.03,"ELEGAS_VA":5757.06,"ELEGAS_EXP":7.63,"AGUBAS_VA":952.56,"AGUBAS_EXP":11.58,"CONSTR_VA":15095.03,"CONSTR_EXP":1.67,"COMREV_VA":21701.75,"COMREV_EXP":4229.12,"TRATIE_VA":10373.47,"TRATIE_EXP":1269.03,"TRAGUA_VA":225.68,"TRAGUA_EXP":158.46,"TRAAIR_VA":430.42,"TRAAIR_EXP":738.79,"ALMSTR_VA":3252.93,"ALMSTR_EXP":508.53,"POSTME_VA":266.2,"POSTME_EXP":13.39,"HOTYRE_VA":10771.62,"HOTYRE_EXP":1324.35,"MMTVRA_VA":1138.4,"MMTVRA_EXP":26.38,"TELECO_VA":2999.84,"TELECO_EXP":118.59,"ITSERV_VA":585.3,"ITSERV_EXP":1.09,"SERFIN_VA":11538.82,"SERFIN_EXP":388.79,"GOBEST_VA":8909.42,"GOBEST_EXP":103.79,"SPRSCT_VA":7535.97,"SPRSCT_EXP":268.9,"SEAEMP_VA":5890.86,"SEAEMP_EXP":403.15,"ADPDEF_VA":11597.62,"ADPDEF_EXP":171.84,"EDUCAC_VA":13039.34,"EDUCAC_EXP":107.28,"SALUDH_VA":6993.41,"SALUDH_EXP":66.66,"ESPARC_VA":1544.53,"ESPARC_EXP":503.6,"OTRSER_VA":2976.68,"OTRSER_EXP":88.51,"SERHOG_VA":5517.42,"SERHOG_EXP":0.0}},{"type":"Feature","geometry":{"type":"Point","coordinates":[121.77,12.88]},"properties":{"id":"PHL","name":"Filipinas","continent":"asia","year":2019,"AGRPFO_VA":24102.2,"AGRPFO_EXP":2666.84,"FORLOG_VA":3146.54,"FORLOG_EXP":20.18,"PESCAC_VA":4389.33,"PESCAC_EXP":111.72,"MINCOL_VA":315.99,"MINCOL_EXP":168.4,"PETGAS_VA":683.8,"PETGAS_EXP":64.8,"MINORE_VA":1060.64,"MINORE_EXP":1448.44,"MINOTH_VA":922.69,"MINOTH_EXP":96.45,"MINSER_VA":55.76,"MINSER_EXP":113.92,"ALYBEB_VA":33823.06,"ALYBEB_EXP":3960.04,"TEXYPR_VA":2534.6,"TEXYPR_EXP":1128.96,"MADYPR_VA":577.19,"MADYPR_EXP":529.13,"PAPYPR_VA":1072.79,"PAPYPR_EXP":517.78,"PETREF_VA":3200.0,"PETREF_EXP":648.75,"QUIMYP_VA":7033.51,"QUIMYP_EXP":2641.11,"FARMED_VA":639.81,"FARMED_EXP":67.39,"HUPLAS_VA":789.61,"HUPLAS_EXP":1095.54,"PRNOMT_VA":1705.19,"PRNOMT_EXP":532.21,"METBAS_VA":528.85,"METBAS_EXP":222.95,"NONFER_VA":819.11,"NONFER_EXP":1309.13,"PRMETA_VA":596.26,"PRMETA_EXP":198.95,"ELCTRO_VA":7402.89,"ELCTRO_EXP":19698.53,"ELCTRI_VA":1091.7,"ELCTRI_EXP":2163.22,"MAQYEQ_VA":894.63,"MAQYEQ_EXP":1255.88,"AUTOMO_VA":995.71,"AUTOMO_EXP":1559.5,"OTRTRA_VA":183.64,"OTRTRA_EXP":338.22,"TRANSP_VA":528.1,"TRANSP_EXP":651.74,"OTRMAN_VA":2576.08,"OTRMAN_EXP":1323.01,"ELEGAS_VA":9067.16,"ELEGAS_EXP":57.96,"AGUBAS_VA":1820.6,"AGUBAS_EXP":15.53,"CONSTR_VA":28558.94,"CONSTR_EXP":250.07,"COMREV_VA":64334.31,"COMREV_EXP":11100.62,"TRATIE_VA":7710.11,"TRATIE_EXP":2768.05,"TRAGUA_VA":1112.18,"TRAGUA_EXP":1465.22,"TRAAIR_VA":2086.25,"TRAAIR_EXP":1984.46,"ALMSTR_VA":3227.81,"ALMSTR_EXP":3540.41,"POSTME_VA":523.92,"POSTME_EXP":97.85,"HOTYRE_VA":7932.32,"HOTYRE_EXP":5517.92,"MMTVRA_VA":998.16,"MMTVRA_EXP":742.54,"TELECO_VA":9315.95,"TELECO_EXP":4638.49,"ITSERV_VA":3093.3,"ITSERV_EXP":4448.2,"SERFIN_VA":30326.94,"SERFIN_EXP":2387.93,"GOBEST_VA":22834.97,"GOBEST_EXP":599.8,"SPRSCT_VA":5517.31,"SPRSCT_EXP":6476.32,"SEAEMP_VA":14804.13,"SEAEMP_EXP":8746.12,"ADPDEF_VA":16302.25,"ADPDEF_EXP":77.4,"EDUCAC_VA":14036.56,"EDUCAC_EXP":252.23,"SALUDH_VA":5938.38,"SALUDH_EXP":150.78,"ESPARC_VA":4524.99,"ESPARC_EXP":1101.29,"OTRSER_VA":3809.85,"OTRSER_EXP":228.32,"SERHOG_VA":0.0,"SERHOG_EXP":0.0}},{"type":"Feature","geometry":{"type":"Point","coordinates":[19.15,51.92]},"properties":{"id":"POL","name":"Polonia","continent":"europe","year":2019,"AGRPFO_VA":12670.86,"AGRPFO_EXP":3028.97,"FORLOG_VA":1908.42,"FORLOG_EXP":189.39,"PESCAC_VA":98.99,"PESCAC_EXP":52.01,"MINCOL_VA":4095.82,"MINCOL_EXP":553.52,"PETGAS_VA":55.53,"PETGAS_EXP":104.39,"MINORE_VA":2926.85,"MINORE_EXP":1652.39,"MINOTH_VA":920.15,"MINOTH_EXP":145.38,"MINSER_VA":630.85,"MINSER_EXP":154.68,"ALYBEB_VA":17659.91,"ALYBEB_EXP":20453.55,"TEXYPR_VA":3177.55,"TEXYPR_EXP":4296.43,"MADYPR_VA":3942.79,"MADYPR_EXP":3341.36,"PAPYPR_VA":5111.67,"PAPYPR_EXP":5299.47,"PETREF_VA":3978.56,"PETREF_EXP":5299.05,"QUIMYP_VA":4669.97,"QUIMYP_EXP":10734.21,"FARMED_VA":1626.04,"FARMED_EXP":2557.04,"HUPLAS_VA":8129.03,"HUPLAS_EXP":11619.95,"PRNOMT_VA":5891.45,"PRNOMT_EXP":4186.78,"METBAS_VA":1764.4,"METBAS_EXP":3937.83,"NONFER_VA":657.29,"NONFER_EXP":3337.05,"PRMETA_VA":12430.07,"PRMETA_EXP":11625.88,"ELCTRO_VA":2512.39,"ELCTRO_EXP":8389.85,"ELCTRI_VA":3747.64,"ELCTRI_EXP":15450.43,"MAQYEQ_VA":5170.87,"MAQYEQ_EXP":9885.24,"AUTOMO_VA":10139.66,"AUTOMO_EXP":28435.89,"OTRTRA_VA":429.26,"OTRTRA_EXP":1128.99,"TRANSP_VA":1876.03,"TRANSP_EXP":3284.87,"OTRMAN_VA":12325.7,"OTRMAN_EXP":12712.06,"ELEGAS_VA":14152.12,"ELEGAS_EXP":631.0,"AGUBAS_VA":6754.44,"AGUBAS_EXP":225.09,"CONSTR_VA":45282.55,"CONSTR_EXP":1034.82,"COMREV_VA":84560.68,"COMREV_EXP":35494.67,"TRATIE_VA":27295.32,"TRATIE_EXP":16484.73,"TRAGUA_VA":323.35,"TRAGUA_EXP":346.36,"TRAAIR_VA":1781.91,"TRAAIR_EXP":3245.31,"ALMSTR_VA":9459.27,"ALMSTR_EXP":5547.65,"POSTME_VA":3531.6,"POSTME_EXP":499.0,"HOTYRE_VA":7964.91,"HOTYRE_EXP":2110.71,"MMTVRA_VA":4238.58,"MMTVRA_EXP":2181.74,"TELECO_VA":5808.93,"TELECO_EXP":1922.02,"ITSERV_VA":12026.61,"ITSERV_EXP":7659.6,"SERFIN_VA":22905.81,"SERFIN_EXP":2943.68,"GOBEST_VA":34513.59,"GOBEST_EXP":3351.31,"SPRSCT_VA":30545.29,"SPRSCT_EXP":16503.93,"SEAEMP_VA":17018.69,"SEAEMP_EXP":2511.42,"ADPDEF_VA":28945.09,"ADPDEF_EXP":24.58,"EDUCAC_VA":24417.93,"EDUCAC_EXP":960.62,"SALUDH_VA":24459.86,"SALUDH_EXP":569.78,"ESPARC_VA":4188.41,"ESPARC_EXP":804.6,"OTRSER_VA":5319.93,"OTRSER_EXP":467.08,"SERHOG_VA":85.68,"SERHOG_EXP":0.0}},{"type":"Feature","geometry":{"type":"Point","coordinates":[-8.22,39.4]},"properties":{"id":"PRT","name":"Portugal","continent":"europe","year":2019,"AGRPFO_VA":3852.57,"AGRPFO_EXP":1294.85,"FORLOG_VA":829.7,"FORLOG_EXP":89.21,"PESCAC_VA":455.04,"PESCAC_EXP":203.41,"MINCOL_VA":0.0,"MINCOL_EXP":0.0,"PETGAS_VA":0.0,"PETGAS_EXP":0.0,"MINORE_VA":313.16,"MINORE_EXP":552.25,"MINOTH_VA":355.49,"MINOTH_EXP":170.77,"MINSER_VA":16.14,"MINSER_EXP":46.1,"ALYBEB_VA":5418.4,"ALYBEB_EXP":4417.57,"TEXYPR_VA":4747.02,"TEXYPR_EXP":5301.27,"MADYPR_VA":1381.62,"MADYPR_EXP":1471.59,"PAPYPR_VA":1777.97,"PAPYPR_EXP":2480.4,"PETREF_VA":605.36,"PETREF_EXP":3183.34,"QUIMYP_VA":1073.05,"QUIMYP_EXP":2949.84,"FARMED_VA":733.87,"FARMED_EXP":914.23,"HUPLAS_VA":1691.45,"HUPLAS_EXP":2796.66,"PRNOMT_VA":2028.18,"PRNOMT_EXP":1614.12,"METBAS_VA":353.31,"METBAS_EXP":1121.51,"NONFER_VA":179.24,"NONFER_EXP":661.39,"PRMETA_VA":3056.42,"PRMETA_EXP":2906.88,"ELCTRO_VA":653.29,"ELCTRO_EXP":2517.95,"ELCTRI_VA":833.64,"ELCTRI_EXP":1979.78,"MAQYEQ_VA":1110.54,"MAQYEQ_EXP":1973.6,"AUTOMO_VA":2596.42,"AUTOMO_EXP":9942.51,"OTRTRA_VA":66.33,"OTRTRA_EXP":147.42,"TRANSP_VA":194.66,"TRANSP_EXP":466.69,"OTRMAN_VA":2714.81,"OTRMAN_EXP":2516.62,"ELEGAS_VA":4994.98,"ELEGAS_EXP":204.71,"AGUBAS_VA":2060.97,"AGUBAS_EXP":24.7,"CONSTR_VA":9667.35,"CONSTR_EXP":79.16,"COMREV_VA":28913.68,"COMREV_EXP":10427.0,"TRATIE_VA":5018.74,"TRATIE_EXP":3610.07,"TRAGUA_VA":206.63,"TRAGUA_EXP":545.67,"TRAAIR_VA":1312.43,"TRAAIR_EXP":4988.48,"ALMSTR_VA":4478.27,"ALMSTR_EXP":2560.6,"POSTME_VA":600.03,"POSTME_EXP":289.37,"HOTYRE_VA":13119.45,"HOTYRE_EXP":8465.5,"MMTVRA_VA":1372.52,"MMTVRA_EXP":459.83,"TELECO_VA":2868.94,"TELECO_EXP":750.68,"ITSERV_VA":4129.14,"ITSERV_EXP":2072.31,"SERFIN_VA":10208.22,"SERFIN_EXP":1155.07,"GOBEST_VA":26267.66,"GOBEST_EXP":1043.12,"SPRSCT_VA":9292.84,"SPRSCT_EXP":2736.91,"SEAEMP_VA":8588.25,"SEAEMP_EXP":2071.24,"ADPDEF_VA":14565.04,"ADPDEF_EXP":193.5,"EDUCAC_VA":11523.52,"EDUCAC_EXP":536.64,"SALUDH_VA":14259.47,"SALUDH_EXP":305.96,"ESPARC_VA":2026.8,"ESPARC_EXP":608.29,"OTRSER_VA":2904.36,"OTRSER_EXP":328.84,"SERHOG_VA":1309.36,"SERHOG_EXP":0.0}},{"type":"Feature","geometry":{"type":"Point","coordinates":[24.97,45.94]},"properties":{"id":"ROU","name":"Rumania","continent":"europe","year":2019,"AGRPFO_VA":9054.26,"AGRPFO_EXP":3300.54,"FORLOG_VA":1603.5,"FORLOG_EXP":45.61,"PESCAC_VA":267.43,"PESCAC_EXP":13.06,"MINCOL_VA":0.18,"MINCOL_EXP":0.65,"PETGAS_VA":1582.31,"PETGAS_EXP":127.58,"MINORE_VA":35.23,"MINORE_EXP":36.1,"MINOTH_VA":308.07,"MINOTH_EXP":24.5,"MINSER_VA":356.44,"MINSER_EXP":107.9,"ALYBEB_VA":11332.65,"ALYBEB_EXP":1719.33,"TEXYPR_VA":3633.9,"TEXYPR_EXP":2487.99,"MADYPR_VA":1207.64,"MADYPR_EXP":1242.62,"PAPYPR_VA":1148.94,"PAPYPR_EXP":395.83,"PETREF_VA":1537.11,"PETREF_EXP":1496.92,"QUIMYP_VA":1160.92,"QUIMYP_EXP":1791.33,"FARMED_VA":337.92,"FARMED_EXP":291.42,"HUPLAS_VA":2269.39,"HUPLAS_EXP":2195.7,"PRNOMT_VA":1644.94,"PRNOMT_EXP":473.99,"METBAS_VA":1177.18,"METBAS_EXP":1712.56,"NONFER_VA":534.7,"NONFER_EXP":864.88,"PRMETA_VA":2358.17,"PRMETA_EXP":1321.11,"ELCTRO_VA":1079.62,"ELCTRO_EXP":2681.13,"ELCTRI_VA":2654.9,"ELCTRI_EXP":5831.92,"MAQYEQ_VA":2048.61,"MAQYEQ_EXP":4381.91,"AUTOMO_VA":6305.08,"AUTOMO_EXP":12606.07,"OTRTRA_VA":445.55,"OTRTRA_EXP":387.13,"TRANSP_VA":564.95,"TRANSP_EXP":577.56,"OTRMAN_VA":3457.18,"OTRMAN_EXP":2615.91,"ELEGAS_VA":6460.93,"ELEGAS_EXP":92.27,"AGUBAS_VA":2142.06,"AGUBAS_EXP":0.26,"CONSTR_VA":16450.5,"CONSTR_EXP":0.46,"COMREV_VA":24849.41,"COMREV_EXP":8992.06,"TRATIE_VA":11960.73,"TRATIE_EXP":12003.27,"TRAGUA_VA":489.76,"TRAGUA_EXP":265.93,"TRAAIR_VA":585.83,"TRAAIR_EXP":721.98,"ALMSTR_VA":2949.05,"ALMSTR_EXP":1474.52,"POSTME_VA":582.87,"POSTME_EXP":194.29,"HOTYRE_VA":5599.49,"HOTYRE_EXP":603.73,"MMTVRA_VA":2293.12,"MMTVRA_EXP":822.69,"TELECO_VA":2878.25,"TELECO_EXP":1141.93,"ITSERV_VA":9195.98,"ITSERV_EXP":5547.25,"SERFIN_VA":5704.61,"SERFIN_EXP":173.02,"GOBEST_VA":19825.38,"GOBEST_EXP":78.04,"SPRSCT_VA":13063.01,"SPRSCT_EXP":7290.07,"SEAEMP_VA":6632.65,"SEAEMP_EXP":406.32,"ADPDEF_VA":13380.63,"ADPDEF_EXP":0.52,"EDUCAC_VA":10034.62,"EDUCAC_EXP":36.51,"SALUDH_VA":11589.58,"SALUDH_EXP":40.11,"ESPARC_VA":4874.55,"ESPARC_EXP":234.19,"OTRSER_VA":3314.38,"OTRSER_EXP":33.49,"SERHOG_VA":2631.37,"SERHOG_EXP":0.0}},{"type":"Feature","geometry":{"type":"Point","coordinates":[105.32,61.52]},"properties":{"id":"RUS","name":"Rusia","continent":"europe","year":2019,"AGRPFO_VA":54025.76,"AGRPFO_EXP":9209.93,"FORLOG_VA":2620.3,"FORLOG_EXP":1077.61,"PESCAC_VA":5147.25,"PESCAC_EXP":2159.38,"MINCOL_VA":9373.35,"MINCOL_EXP":10180.24,"PETGAS_VA":120436.7,"PETGAS_EXP":83183.14,"MINORE_VA":5454.0,"MINORE_EXP":3357.36,"MINOTH_VA":8248.84,"MINOTH_EXP":7154.55,"MINSER_VA":14223.05,"MINSER_EXP":1310.65,"ALYBEB_VA":31819.8,"ALYBEB_EXP":11074.5,"TEXYPR_VA":4137.06,"TEXYPR_EXP":1650.12,"MADYPR_VA":4582.57,"MADYPR_EXP":5967.47,"PAPYPR_VA":6854.71,"PAPYPR_EXP":3495.06,"PETREF_VA":42934.23,"PETREF_EXP":67163.88,"QUIMYP_VA":16076.74,"QUIMYP_EXP":20807.2,"FARMED_VA":4803.9,"FARMED_EXP":964.34,"HUPLAS_VA":4769.53,"HUPLAS_EXP":2470.74,"PRNOMT_VA":9287.22,"PRNOMT_EXP":1822.4,"METBAS_VA":15445.66,"METBAS_EXP":17055.75,"NONFER_VA":25333.46,"NONFER_EXP":23891.17,"PRMETA_VA":13440.89,"PRMETA_EXP":8349.58,"ELCTRO_VA":9982.47,"ELCTRO_EXP":4116.3,"ELCTRI_VA":3991.52,"ELCTRI_EXP":2962.84,"MAQYEQ_VA":6716.94,"MAQYEQ_EXP":4164.4,"AUTOMO_VA":9652.36,"AUTOMO_EXP":3594.55,"OTRTRA_VA":3827.94,"OTRTRA_EXP":430.38,"TRANSP_VA":9946.9,"TRANSP_EXP":4524.48,"OTRMAN_VA":12954.25,"OTRMAN_EXP":2506.19,"ELEGAS_VA":40864.94,"ELEGAS_EXP":1321.5,"AGUBAS_VA":7856.71,"AGUBAS_EXP":90.12,"CONSTR_VA":89255.14,"CONSTR_EXP":573.85,"COMREV_VA":208504.56,"COMREV_EXP":71480.48,"TRATIE_VA":71757.85,"TRATIE_EXP":14594.43,"TRAGUA_VA":1698.86,"TRAGUA_EXP":2501.22,"TRAAIR_VA":5511.0,"TRAAIR_EXP":10710.51,"ALMSTR_VA":30016.21,"ALMSTR_EXP":13412.97,"POSTME_VA":2985.1,"POSTME_EXP":739.34,"HOTYRE_VA":14967.21,"HOTYRE_EXP":3688.29,"MMTVRA_VA":5311.78,"MMTVRA_EXP":1256.73,"TELECO_VA":15319.16,"TELECO_EXP":1268.13,"ITSERV_VA":20677.11,"ITSERV_EXP":6072.44,"SERFIN_VA":68137.09,"SERFIN_EXP":2171.29,"GOBEST_VA":155485.7,"GOBEST_EXP":911.5,"SPRSCT_VA":67731.65,"SPRSCT_EXP":10848.62,"SEAEMP_VA":32556.64,"SEAEMP_EXP":2239.55,"ADPDEF_VA":119402.07,"ADPDEF_EXP":3.88,"EDUCAC_VA":50143.44,"EDUCAC_EXP":239.39,"SALUDH_VA":55509.93,"SALUDH_EXP":164.68,"ESPARC_VA":15946.45,"ESPARC_EXP":506.17,"OTRSER_VA":9627.81,"OTRSER_EXP":320.42,"SERHOG_VA":8323.48,"SERHOG_EXP":0.0}},{"type":"Feature","geometry":{"type":"Point","coordinates":[45.08,23.89]},"properties":{"id":"SAU","name":"Arabia Saudita","continent":"other","year":2019,"AGRPFO_VA":19617.57,"AGRPFO_EXP":355.51,"FORLOG_VA":26.76,"FORLOG_EXP":1.04,"PESCAC_VA":1388.58,"PESCAC_EXP":17.98,"MINCOL_VA":0.0,"MINCOL_EXP":0.0,"PETGAS_VA":197299.0,"PETGAS_EXP":164114.63,"MINORE_VA":877.95,"MINORE_EXP":879.41,"MINOTH_VA":1818.85,"MINOTH_EXP":68.56,"MINSER_VA":725.11,"MINSER_EXP":119.64,"ALYBEB_VA":12807.45,"ALYBEB_EXP":2187.13,"TEXYPR_VA":3266.82,"TEXYPR_EXP":309.88,"MADYPR_VA":915.73,"MADYPR_EXP":32.97,"PAPYPR_VA":3805.2,"PAPYPR_EXP":685.29,"PETREF_VA":26170.59,"PETREF_EXP":19633.9,"QUIMYP_VA":23125.05,"QUIMYP_EXP":27018.45,"FARMED_VA":526.72,"FARMED_EXP":225.12,"HUPLAS_VA":2797.47,"HUPLAS_EXP":833.07,"PRNOMT_VA":4860.52,"PRNOMT_EXP":509.6,"METBAS_VA":804.72,"METBAS_EXP":1110.74,"NONFER_VA":566.0,"NONFER_EXP":2161.15,"PRMETA_VA":4452.27,"PRMETA_EXP":676.64,"ELCTRO_VA":123.48,"ELCTRO_EXP":10.62,"ELCTRI_VA":2801.15,"ELCTRI_EXP":699.64,"MAQYEQ_VA":1570.43,"MAQYEQ_EXP":270.46,"AUTOMO_VA":772.76,"AUTOMO_EXP":14.48,"OTRTRA_VA":41.69,"OTRTRA_EXP":28.6,"TRANSP_VA":68.0,"TRANSP_EXP":3.32,"OTRMAN_VA":3635.88,"OTRMAN_EXP":306.37,"ELEGAS_VA":9642.47,"ELEGAS_EXP":37.84,"AGUBAS_VA":2380.22,"AGUBAS_EXP":18.6,"CONSTR_VA":38939.45,"CONSTR_EXP":170.5,"COMREV_VA":64181.18,"COMREV_EXP":23720.57,"TRATIE_VA":8004.37,"TRATIE_EXP":4689.81,"TRAGUA_VA":681.94,"TRAGUA_EXP":588.64,"TRAAIR_VA":2761.08,"TRAAIR_EXP":3775.2,"ALMSTR_VA":6919.83,"ALMSTR_EXP":2969.94,"POSTME_VA":852.39,"POSTME_EXP":68.3,"HOTYRE_VA":13683.92,"HOTYRE_EXP":7838.67,"MMTVRA_VA":1611.67,"MMTVRA_EXP":285.22,"TELECO_VA":17442.97,"TELECO_EXP":639.15,"ITSERV_VA":4516.47,"ITSERV_EXP":18.43,"SERFIN_VA":27551.82,"SERFIN_EXP":1442.28,"GOBEST_VA":28901.04,"GOBEST_EXP":1007.31,"SPRSCT_VA":5364.53,"SPRSCT_EXP":205.5,"SEAEMP_VA":8187.58,"SEAEMP_EXP":210.4,"ADPDEF_VA":141532.14,"ADPDEF_EXP":144.28,"EDUCAC_VA":49261.08,"EDUCAC_EXP":476.1,"SALUDH_VA":28063.55,"SALUDH_EXP":295.29,"ESPARC_VA":2188.18,"ESPARC_EXP":465.12,"OTRSER_VA":5365.32,"OTRSER_EXP":313.42,"SERHOG_VA":7222.87,"SERHOG_EXP":0.0}},{"type":"Feature","geometry":{"type":"Point","coordinates":[-14.45,14.5]},"properties":{"id":"SEN","name":"Senegal","continent":"other","year":2019,"AGRPFO_VA":2933.28,"AGRPFO_EXP":291.77,"FORLOG_VA":91.63,"FORLOG_EXP":1.29,"PESCAC_VA":349.78,"PESCAC_EXP":90.12,"MINCOL_VA":16.7,"MINCOL_EXP":5.32,"PETGAS_VA":2.56,"PETGAS_EXP":0.39,"MINORE_VA":467.01,"MINORE_EXP":197.31,"MINOTH_VA":336.66,"MINOTH_EXP":54.42,"MINSER_VA":56.3,"MINSER_EXP":3.07,"ALYBEB_VA":1708.45,"ALYBEB_EXP":908.34,"TEXYPR_VA":472.44,"TEXYPR_EXP":93.04,"MADYPR_VA":113.18,"MADYPR_EXP":5.54,"PAPYPR_VA":115.99,"PAPYPR_EXP":7.21,"PETREF_VA":76.33,"PETREF_EXP":455.72,"QUIMYP_VA":238.97,"QUIMYP_EXP":551.93,"FARMED_VA":19.35,"FARMED_EXP":9.8,"HUPLAS_VA":106.98,"HUPLAS_EXP":14.69,"PRNOMT_VA":144.74,"PRNOMT_EXP":115.24,"METBAS_VA":146.54,"METBAS_EXP":100.9,"NONFER_VA":7.7,"NONFER_EXP":55.54,"PRMETA_VA":149.04,"PRMETA_EXP":7.48,"ELCTRO_VA":2.06,"ELCTRO_EXP":0.94,"ELCTRI_VA":31.32,"ELCTRI_EXP":10.33,"MAQYEQ_VA":3.96,"MAQYEQ_EXP":5.56,"AUTOMO_VA":4.68,"AUTOMO_EXP":4.98,"OTRTRA_VA":24.3,"OTRTRA_EXP":3.25,"TRANSP_VA":55.39,"TRANSP_EXP":1.44,"OTRMAN_VA":144.4,"OTRMAN_EXP":29.93,"ELEGAS_VA":299.91,"ELEGAS_EXP":10.23,"AGUBAS_VA":186.81,"AGUBAS_EXP":0.14,"CONSTR_VA":801.14,"CONSTR_EXP":1.45,"COMREV_VA":3025.29,"COMREV_EXP":476.72,"TRATIE_VA":529.76,"TRATIE_EXP":114.37,"TRAGUA_VA":19.39,"TRAGUA_EXP":18.47,"TRAAIR_VA":52.0,"TRAAIR_EXP":71.17,"ALMSTR_VA":288.54,"ALMSTR_EXP":114.35,"POSTME_VA":7.93,"POSTME_EXP":1.28,"HOTYRE_VA":297.94,"HOTYRE_EXP":185.79,"MMTVRA_VA":104.4,"MMTVRA_EXP":19.69,"TELECO_VA":710.66,"TELECO_EXP":147.91,"ITSERV_VA":87.29,"ITSERV_EXP":28.37,"SERFIN_VA":556.18,"SERFIN_EXP":61.93,"GOBEST_VA":1829.36,"GOBEST_EXP":43.73,"SPRSCT_VA":1384.68,"SPRSCT_EXP":295.77,"SEAEMP_VA":538.89,"SEAEMP_EXP":90.2,"ADPDEF_VA":1232.77,"ADPDEF_EXP":0.14,"EDUCAC_VA":1018.46,"EDUCAC_EXP":11.4,"SALUDH_VA":331.46,"SALUDH_EXP":8.03,"ESPARC_VA":56.58,"ESPARC_EXP":19.07,"OTRSER_VA":196.16,"OTRSER_EXP":10.68,"SERHOG_VA":117.53,"SERHOG_EXP":0.0}},{"type":"Feature","geometry":{"type":"Point","coordinates":[103.82,1.35]},"properties":{"id":"SGP","name":"Singapur","continent":"asia","year":2019,"AGRPFO_VA":45.94,"AGRPFO_EXP":79.36,"FORLOG_VA":0.0,"FORLOG_EXP":0.0,"PESCAC_VA":20.78,"PESCAC_EXP":6.8,"MINCOL_VA":0.0,"MINCOL_EXP":0.0,"PETGAS_VA":0.0,"PETGAS_EXP":0.0,"MINORE_VA":0.0,"MINORE_EXP":0.0,"MINOTH_VA":0.0,"MINOTH_EXP":0.0,"MINSER_VA":0.0,"MINSER_EXP":0.0,"ALYBEB_VA":3901.91,"ALYBEB_EXP":5276.4,"TEXYPR_VA":219.08,"TEXYPR_EXP":523.84,"MADYPR_VA":79.61,"MADYPR_EXP":63.83,"PAPYPR_VA":779.62,"PAPYPR_EXP":1419.57,"PETREF_VA":627.98,"PETREF_EXP":13096.92,"QUIMYP_VA":8220.47,"QUIMYP_EXP":26933.28,"FARMED_VA":4415.17,"FARMED_EXP":5945.63,"HUPLAS_VA":593.95,"HUPLAS_EXP":1253.5,"PRNOMT_VA":251.97,"PRNOMT_EXP":191.36,"METBAS_VA":132.98,"METBAS_EXP":633.2,"NONFER_VA":581.06,"NONFER_EXP":996.76,"PRMETA_VA":1171.91,"PRMETA_EXP":1896.28,"ELCTRO_VA":34427.42,"ELCTRO_EXP":76818.19,"ELCTRI_VA":806.63,"ELCTRI_EXP":2494.54,"MAQYEQ_VA":5769.33,"MAQYEQ_EXP":16142.19,"AUTOMO_VA":185.81,"AUTOMO_EXP":745.11,"OTRTRA_VA":1095.92,"OTRTRA_EXP":4405.88,"TRANSP_VA":3659.53,"TRANSP_EXP":4630.96,"OTRMAN_VA":5368.57,"OTRMAN_EXP":8766.3,"ELEGAS_VA":4146.37,"ELEGAS_EXP":267.81,"AGUBAS_VA":1413.53,"AGUBAS_EXP":31.38,"CONSTR_VA":13208.18,"CONSTR_EXP":204.7,"COMREV_VA":65996.27,"COMREV_EXP":64422.47,"TRATIE_VA":4044.12,"TRATIE_EXP":2095.41,"TRAGUA_VA":6535.62,"TRAGUA_EXP":59902.12,"TRAAIR_VA":3159.81,"TRAAIR_EXP":10478.34,"ALMSTR_VA":9617.32,"ALMSTR_EXP":8739.58,"POSTME_VA":658.08,"POSTME_EXP":932.8,"HOTYRE_VA":7398.23,"HOTYRE_EXP":5620.32,"MMTVRA_VA":2775.02,"MMTVRA_EXP":6738.34,"TELECO_VA":3744.05,"TELECO_EXP":3348.69,"ITSERV_VA":9957.41,"ITSERV_EXP":34415.16,"SERFIN_VA":48235.16,"SERFIN_EXP":53886.31,"GOBEST_VA":24835.36,"GOBEST_EXP":2707.42,"SPRSCT_VA":27727.84,"SPRSCT_EXP":19036.62,"SEAEMP_VA":20322.34,"SEAEMP_EXP":7701.27,"ADPDEF_VA":9599.27,"ADPDEF_EXP":398.8,"EDUCAC_VA":10530.71,"EDUCAC_EXP":1805.25,"SALUDH_VA":12322.22,"SALUDH_EXP":1600.68,"ESPARC_VA":2360.03,"ESPARC_EXP":763.62,"OTRSER_VA":2588.99,"OTRSER_EXP":513.73,"SERHOG_VA":2182.47,"SERHOG_EXP":0.0}},{"type":"Feature","geometry":{"type":"Point","coordinates":[6.61,0.19]},"properties":{"id":"STP","name":"S. Tomé y Príncipe","continent":"other","year":2019,"AGRPFO_VA":23.19,"AGRPFO_EXP":10.59,"FORLOG_VA":0.12,"FORLOG_EXP":0.02,"PESCAC_VA":32.14,"PESCAC_EXP":0.22,"MINCOL_VA":0.03,"MINCOL_EXP":0.0,"PETGAS_VA":0.53,"PETGAS_EXP":0.05,"MINORE_VA":0.02,"MINORE_EXP":0.0,"MINOTH_VA":0.32,"MINOTH_EXP":0.04,"MINSER_VA":0.19,"MINSER_EXP":0.05,"ALYBEB_VA":9.05,"ALYBEB_EXP":1.92,"TEXYPR_VA":0.03,"TEXYPR_EXP":0.54,"MADYPR_VA":0.02,"MADYPR_EXP":0.01,"PAPYPR_VA":0.03,"PAPYPR_EXP":0.03,"PETREF_VA":0.17,"PETREF_EXP":0.07,"QUIMYP_VA":0.07,"QUIMYP_EXP":0.04,"FARMED_VA":0.05,"FARMED_EXP":0.07,"HUPLAS_VA":0.05,"HUPLAS_EXP":0.01,"PRNOMT_VA":0.2,"PRNOMT_EXP":0.03,"METBAS_VA":0.0,"METBAS_EXP":0.0,"NONFER_VA":0.0,"NONFER_EXP":0.0,"PRMETA_VA":0.03,"PRMETA_EXP":0.0,"ELCTRO_VA":0.0,"ELCTRO_EXP":0.09,"ELCTRI_VA":0.0,"ELCTRI_EXP":0.04,"MAQYEQ_VA":0.01,"MAQYEQ_EXP":0.0,"AUTOMO_VA":0.01,"AUTOMO_EXP":0.01,"OTRTRA_VA":0.0,"OTRTRA_EXP":0.0,"TRANSP_VA":0.0,"TRANSP_EXP":0.0,"OTRMAN_VA":0.06,"OTRMAN_EXP":0.25,"ELEGAS_VA":5.71,"ELEGAS_EXP":0.14,"AGUBAS_VA":4.33,"AGUBAS_EXP":0.22,"CONSTR_VA":14.18,"CONSTR_EXP":0.38,"COMREV_VA":74.89,"COMREV_EXP":8.01,"TRATIE_VA":26.69,"TRATIE_EXP":4.04,"TRAGUA_VA":0.57,"TRAGUA_EXP":0.64,"TRAAIR_VA":3.58,"TRAAIR_EXP":2.63,"ALMSTR_VA":18.21,"ALMSTR_EXP":5.14,"POSTME_VA":5.79,"POSTME_EXP":0.18,"HOTYRE_VA":45.83,"HOTYRE_EXP":18.51,"MMTVRA_VA":4.32,"MMTVRA_EXP":1.17,"TELECO_VA":7.68,"TELECO_EXP":2.35,"ITSERV_VA":7.07,"ITSERV_EXP":4.49,"SERFIN_VA":39.98,"SERFIN_EXP":15.87,"GOBEST_VA":1.96,"GOBEST_EXP":1.77,"SPRSCT_VA":1.59,"SPRSCT_EXP":1.67,"SEAEMP_VA":1.66,"SEAEMP_EXP":0.98,"ADPDEF_VA":43.27,"ADPDEF_EXP":0.31,"EDUCAC_VA":15.14,"EDUCAC_EXP":1.15,"SALUDH_VA":9.64,"SALUDH_EXP":0.82,"ESPARC_VA":8.77,"ESPARC_EXP":2.72,"OTRSER_VA":10.63,"OTRSER_EXP":1.2,"SERHOG_VA":7.41,"SERHOG_EXP":0.0}},{"type":"Feature","geometry":{"type":"Point","coordinates":[19.7,48.67]},"properties":{"id":"SVK","name":"Eslovaquia","continent":"europe","year":2019,"AGRPFO_VA":1140.55,"AGRPFO_EXP":749.94,"FORLOG_VA":674.2,"FORLOG_EXP":139.94,"PESCAC_VA":5.71,"PESCAC_EXP":3.41,"MINCOL_VA":70.74,"MINCOL_EXP":43.11,"PETGAS_VA":0.3,"PETGAS_EXP":0.08,"MINORE_VA":10.52,"MINORE_EXP":19.88,"MINOTH_VA":87.65,"MINOTH_EXP":95.99,"MINSER_VA":98.85,"MINSER_EXP":12.06,"ALYBEB_VA":1406.84,"ALYBEB_EXP":1654.8,"TEXYPR_VA":738.87,"TEXYPR_EXP":1127.59,"MADYPR_VA":575.36,"MADYPR_EXP":573.51,"PAPYPR_VA":587.82,"PAPYPR_EXP":1173.45,"PETREF_VA":786.48,"PETREF_EXP":1783.96,"QUIMYP_VA":469.47,"QUIMYP_EXP":1582.4,"FARMED_VA":86.51,"FARMED_EXP":187.37,"HUPLAS_VA":1738.0,"HUPLAS_EXP":3522.95,"PRNOMT_VA":822.84,"PRNOMT_EXP":917.64,"METBAS_VA":685.26,"METBAS_EXP":2527.29,"NONFER_VA":322.51,"NONFER_EXP":799.67,"PRMETA_VA":2567.13,"PRMETA_EXP":3438.18,"ELCTRO_VA":736.49,"ELCTRO_EXP":4019.83,"ELCTRI_VA":1355.68,"ELCTRI_EXP":3311.14,"MAQYEQ_VA":1887.89,"MAQYEQ_EXP":4914.81,"AUTOMO_VA":5635.93,"AUTOMO_EXP":27366.96,"OTRTRA_VA":1.34,"OTRTRA_EXP":0.83,"TRANSP_VA":166.45,"TRANSP_EXP":197.7,"OTRMAN_VA":1311.77,"OTRMAN_EXP":1304.17,"ELEGAS_VA":3231.07,"ELEGAS_EXP":646.51,"AGUBAS_VA":993.38,"AGUBAS_EXP":56.8,"CONSTR_VA":7115.34,"CONSTR_EXP":353.23,"COMREV_VA":10661.42,"COMREV_EXP":6256.34,"TRATIE_VA":3859.28,"TRATIE_EXP":2815.81,"TRAGUA_VA":90.24,"TRAGUA_EXP":42.31,"TRAAIR_VA":72.73,"TRAAIR_EXP":151.47,"ALMSTR_VA":2313.85,"ALMSTR_EXP":1097.02,"POSTME_VA":380.75,"POSTME_EXP":141.51,"HOTYRE_VA":1579.76,"HOTYRE_EXP":910.2,"MMTVRA_VA":534.76,"MMTVRA_EXP":223.15,"TELECO_VA":1475.78,"TELECO_EXP":509.51,"ITSERV_VA":2817.86,"ITSERV_EXP":1487.57,"SERFIN_VA":2978.94,"SERFIN_EXP":405.99,"GOBEST_VA":9226.64,"GOBEST_EXP":245.89,"SPRSCT_VA":5847.19,"SPRSCT_EXP":2471.12,"SEAEMP_VA":3171.71,"SEAEMP_EXP":666.51,"ADPDEF_VA":7340.46,"ADPDEF_EXP":33.36,"EDUCAC_VA":3773.2,"EDUCAC_EXP":236.15,"SALUDH_VA":4038.47,"SALUDH_EXP":214.75,"ESPARC_VA":2670.93,"ESPARC_EXP":189.67,"OTRSER_VA":1009.06,"OTRSER_EXP":148.49,"SERHOG_VA":54.25,"SERHOG_EXP":0.0}},{"type":"Feature","geometry":{"type":"Point","coordinates":[14.99,46.15]},"properties":{"id":"SVN","name":"Eslovenia","continent":"europe","year":2019,"AGRPFO_VA":719.84,"AGRPFO_EXP":395.35,"FORLOG_VA":310.3,"FORLOG_EXP":157.78,"PESCAC_VA":6.67,"PESCAC_EXP":6.18,"MINCOL_VA":157.86,"MINCOL_EXP":4.59,"PETGAS_VA":0.0,"PETGAS_EXP":0.0,"MINORE_VA":5.76,"MINORE_EXP":8.93,"MINOTH_VA":68.97,"MINOTH_EXP":67.97,"MINSER_VA":1.12,"MINSER_EXP":1.01,"ALYBEB_VA":811.99,"ALYBEB_EXP":799.43,"TEXYPR_VA":327.62,"TEXYPR_EXP":622.36,"MADYPR_VA":369.74,"MADYPR_EXP":641.86,"PAPYPR_VA":450.66,"PAPYPR_EXP":766.1,"PETREF_VA":0.25,"PETREF_EXP":0.06,"QUIMYP_VA":480.38,"QUIMYP_EXP":1296.83,"FARMED_VA":1435.21,"FARMED_EXP":2091.99,"HUPLAS_VA":871.42,"HUPLAS_EXP":1569.49,"PRNOMT_VA":452.84,"PRNOMT_EXP":685.15,"METBAS_VA":273.69,"METBAS_EXP":640.13,"NONFER_VA":352.54,"NONFER_EXP":661.04,"PRMETA_VA":1573.47,"PRMETA_EXP":1753.47,"ELCTRO_VA":387.89,"ELCTRO_EXP":813.79,"ELCTRI_VA":1144.99,"ELCTRI_EXP":2989.38,"MAQYEQ_VA":856.99,"MAQYEQ_EXP":1841.66,"AUTOMO_VA":1001.78,"AUTOMO_EXP":3433.71,"OTRTRA_VA":9.15,"OTRTRA_EXP":44.87,"TRANSP_VA":30.84,"TRANSP_EXP":58.43,"OTRMAN_VA":972.64,"OTRMAN_EXP":1092.53,"ELEGAS_VA":1000.27,"ELEGAS_EXP":743.22,"AGUBAS_VA":451.32,"AGUBAS_EXP":83.64,"CONSTR_VA":2915.1,"CONSTR_EXP":119.05,"COMREV_VA":5885.95,"COMREV_EXP":3498.77,"TRATIE_VA":2080.23,"TRATIE_EXP":2311.65,"TRAGUA_VA":56.91,"TRAGUA_EXP":76.36,"TRAAIR_VA":49.73,"TRAAIR_EXP":188.52,"ALMSTR_VA":1186.15,"ALMSTR_EXP":872.64,"POSTME_VA":228.69,"POSTME_EXP":38.54,"HOTYRE_VA":1288.37,"HOTYRE_EXP":1212.52,"MMTVRA_VA":320.79,"MMTVRA_EXP":252.21,"TELECO_VA":570.79,"TELECO_EXP":360.03,"ITSERV_VA":1104.82,"ITSERV_EXP":347.94,"SERFIN_VA":1831.73,"SERFIN_EXP":319.61,"GOBEST_VA":3442.92,"GOBEST_EXP":214.14,"SPRSCT_VA":3384.15,"SPRSCT_EXP":1195.23,"SEAEMP_VA":1485.83,"SEAEMP_EXP":756.67,"ADPDEF_VA":2835.15,"ADPDEF_EXP":40.95,"EDUCAC_VA":2570.84,"EDUCAC_EXP":130.19,"SALUDH_VA":2576.42,"SALUDH_EXP":65.73,"ESPARC_VA":652.14,"ESPARC_EXP":147.81,"OTRSER_VA":539.94,"OTRSER_EXP":73.04,"SERHOG_VA":35.56,"SERHOG_EXP":0.0}},{"type":"Feature","geometry":{"type":"Point","coordinates":[18.64,60.13]},"properties":{"id":"SWE","name":"Suecia","continent":"europe","year":2019,"AGRPFO_VA":3677.69,"AGRPFO_EXP":733.46,"FORLOG_VA":3408.25,"FORLOG_EXP":236.5,"PESCAC_VA":145.46,"PESCAC_EXP":217.29,"MINCOL_VA":91.62,"MINCOL_EXP":8.66,"PETGAS_VA":28.15,"PETGAS_EXP":0.92,"MINORE_VA":3633.71,"MINORE_EXP":3676.04,"MINOTH_VA":340.58,"MINOTH_EXP":85.03,"MINSER_VA":150.36,"MINSER_EXP":166.92,"ALYBEB_VA":5302.39,"ALYBEB_EXP":3630.52,"TEXYPR_VA":570.04,"TEXYPR_EXP":840.03,"MADYPR_VA":2712.11,"MADYPR_EXP":2967.35,"PAPYPR_VA":5764.34,"PAPYPR_EXP":9762.48,"PETREF_VA":960.56,"PETREF_EXP":7004.58,"QUIMYP_VA":3902.58,"QUIMYP_EXP":6186.75,"FARMED_VA":6095.57,"FARMED_EXP":7701.5,"HUPLAS_VA":1977.54,"HUPLAS_EXP":3410.37,"PRNOMT_VA":1967.66,"PRNOMT_EXP":916.92,"METBAS_VA":3249.0,"METBAS_EXP":5185.18,"NONFER_VA":1002.39,"NONFER_EXP":2296.69,"PRMETA_VA":6463.32,"PRMETA_EXP":4195.84,"ELCTRO_VA":2657.69,"ELCTRO_EXP":3547.58,"ELCTRI_VA":2456.64,"ELCTRI_EXP":4209.09,"MAQYEQ_VA":10497.05,"MAQYEQ_EXP":16921.32,"AUTOMO_VA":13129.87,"AUTOMO_EXP":22624.56,"OTRTRA_VA":384.76,"OTRTRA_EXP":281.7,"TRANSP_VA":2436.9,"TRANSP_EXP":1016.77,"OTRMAN_VA":3765.29,"OTRMAN_EXP":4053.56,"ELEGAS_VA":11746.14,"ELEGAS_EXP":2662.57,"AGUBAS_VA":3091.13,"AGUBAS_EXP":108.64,"CONSTR_VA":32271.5,"CONSTR_EXP":790.0,"COMREV_VA":54810.57,"COMREV_EXP":24979.97,"TRATIE_VA":12612.29,"TRATIE_EXP":3609.37,"TRAGUA_VA":1029.98,"TRAGUA_EXP":1273.38,"TRAAIR_VA":659.63,"TRAAIR_EXP":1879.36,"ALMSTR_VA":9092.01,"ALMSTR_EXP":6405.25,"POSTME_VA":3206.94,"POSTME_EXP":431.63,"HOTYRE_VA":9102.28,"HOTYRE_EXP":4211.9,"MMTVRA_VA":7123.6,"MMTVRA_EXP":4892.19,"TELECO_VA":6341.1,"TELECO_EXP":1916.26,"ITSERV_VA":22843.26,"ITSERV_EXP":12763.97,"SERFIN_VA":17965.56,"SERFIN_EXP":4545.92,"GOBEST_VA":44131.77,"GOBEST_EXP":1113.3,"SPRSCT_VA":38531.94,"SPRSCT_EXP":15860.45,"SEAEMP_VA":17447.95,"SEAEMP_EXP":7770.4,"ADPDEF_VA":20991.79,"ADPDEF_EXP":345.83,"EDUCAC_VA":28087.67,"EDUCAC_EXP":431.35,"SALUDH_VA":51863.41,"SALUDH_EXP":448.51,"ESPARC_VA":7031.94,"ESPARC_EXP":1010.86,"OTRSER_VA":7327.5,"OTRSER_EXP":352.13,"SERHOG_VA":268.56,"SERHOG_EXP":0.0}},{"type":"Feature","geometry":{"type":"Point","coordinates":[100.99,15.87]},"properties":{"id":"THA","name":"Tailandia","continent":"asia","year":2019,"AGRPFO_VA":34604.04,"AGRPFO_EXP":8046.67,"FORLOG_VA":346.9,"FORLOG_EXP":29.2,"PESCAC_VA":3370.11,"PESCAC_EXP":114.76,"MINCOL_VA":317.45,"MINCOL_EXP":4.37,"PETGAS_VA":9187.46,"PETGAS_EXP":46.36,"MINORE_VA":80.96,"MINORE_EXP":116.07,"MINOTH_VA":2162.84,"MINOTH_EXP":478.38,"MINSER_VA":1960.14,"MINSER_EXP":71.69,"ALYBEB_VA":26959.99,"ALYBEB_EXP":25321.65,"TEXYPR_VA":8005.05,"TEXYPR_EXP":10942.33,"MADYPR_VA":1406.88,"MADYPR_EXP":1863.08,"PAPYPR_VA":2143.84,"PAPYPR_EXP":2096.54,"PETREF_VA":13730.25,"PETREF_EXP":7756.32,"QUIMYP_VA":11635.04,"QUIMYP_EXP":17670.57,"FARMED_VA":1473.62,"FARMED_EXP":431.08,"HUPLAS_VA":8675.33,"HUPLAS_EXP":12679.26,"PRNOMT_VA":5113.92,"PRNOMT_EXP":2324.29,"METBAS_VA":2244.64,"METBAS_EXP":1482.84,"NONFER_VA":1285.91,"NONFER_EXP":2591.27,"PRMETA_VA":4198.65,"PRMETA_EXP":6383.22,"ELCTRO_VA":12736.23,"ELCTRO_EXP":37082.57,"ELCTRI_VA":6013.07,"ELCTRI_EXP":11372.64,"MAQYEQ_VA":5560.08,"MAQYEQ_EXP":11678.06,"AUTOMO_VA":11361.98,"AUTOMO_EXP":26934.38,"OTRTRA_VA":1105.92,"OTRTRA_EXP":1195.0,"TRANSP_VA":1289.98,"TRANSP_EXP":2534.54,"OTRMAN_VA":6966.71,"OTRMAN_EXP":14855.59,"ELEGAS_VA":12445.57,"ELEGAS_EXP":246.58,"AGUBAS_VA":1956.56,"AGUBAS_EXP":0.36,"CONSTR_VA":12466.06,"CONSTR_EXP":0.54,"COMREV_VA":98888.72,"COMREV_EXP":29622.52,"TRATIE_VA":11979.12,"TRATIE_EXP":9883.92,"TRAGUA_VA":4570.31,"TRAGUA_EXP":7919.8,"TRAAIR_VA":4833.51,"TRAAIR_EXP":8300.06,"ALMSTR_VA":5457.71,"ALMSTR_EXP":732.55,"POSTME_VA":1403.93,"POSTME_EXP":526.48,"HOTYRE_VA":29129.12,"HOTYRE_EXP":12986.59,"MMTVRA_VA":1519.56,"MMTVRA_EXP":361.73,"TELECO_VA":7260.37,"TELECO_EXP":3828.93,"ITSERV_VA":3257.27,"ITSERV_EXP":659.77,"SERFIN_VA":34722.64,"SERFIN_EXP":1920.11,"GOBEST_VA":14703.06,"GOBEST_EXP":4060.46,"SPRSCT_VA":8106.54,"SPRSCT_EXP":1705.94,"SEAEMP_VA":7586.01,"SEAEMP_EXP":5634.43,"ADPDEF_VA":27395.52,"ADPDEF_EXP":0.79,"EDUCAC_VA":18799.7,"EDUCAC_EXP":5.48,"SALUDH_VA":12477.92,"SALUDH_EXP":1916.1,"ESPARC_VA":3230.5,"ESPARC_EXP":588.47,"OTRSER_VA":6242.61,"OTRSER_EXP":4199.85,"SERHOG_VA":767.27,"SERHOG_EXP":0.0}},{"type":"Feature","geometry":{"type":"Point","coordinates":[9.54,33.89]},"properties":{"id":"TUN","name":"Túnez","continent":"other","year":2019,"AGRPFO_VA":3036.45,"AGRPFO_EXP":416.72,"FORLOG_VA":434.97,"FORLOG_EXP":3.7,"PESCAC_VA":649.25,"PESCAC_EXP":69.7,"MINCOL_VA":369.74,"MINCOL_EXP":0.15,"PETGAS_VA":1169.78,"PETGAS_EXP":1399.1,"MINORE_VA":5.24,"MINORE_EXP":0.97,"MINOTH_VA":207.3,"MINOTH_EXP":60.79,"MINSER_VA":88.73,"MINSER_EXP":4.15,"ALYBEB_VA":1175.91,"ALYBEB_EXP":1623.05,"TEXYPR_VA":1512.88,"TEXYPR_EXP":2412.26,"MADYPR_VA":161.64,"MADYPR_EXP":37.36,"PAPYPR_VA":203.93,"PAPYPR_EXP":183.4,"PETREF_VA":9.23,"PETREF_EXP":116.6,"QUIMYP_VA":305.6,"QUIMYP_EXP":801.73,"FARMED_VA":198.36,"FARMED_EXP":73.62,"HUPLAS_VA":113.35,"HUPLAS_EXP":236.7,"PRNOMT_VA":548.24,"PRNOMT_EXP":173.82,"METBAS_VA":82.95,"METBAS_EXP":237.26,"NONFER_VA":59.48,"NONFER_EXP":159.96,"PRMETA_VA":534.56,"PRMETA_EXP":578.23,"ELCTRO_VA":256.21,"ELCTRO_EXP":626.35,"ELCTRI_VA":789.75,"ELCTRI_EXP":1758.64,"MAQYEQ_VA":403.29,"MAQYEQ_EXP":310.79,"AUTOMO_VA":368.26,"AUTOMO_EXP":848.29,"OTRTRA_VA":20.74,"OTRTRA_EXP":48.29,"TRANSP_VA":52.31,"TRANSP_EXP":114.77,"OTRMAN_VA":268.73,"OTRMAN_EXP":263.94,"ELEGAS_VA":185.76,"ELEGAS_EXP":10.44,"AGUBAS_VA":167.52,"AGUBAS_EXP":1.85,"CONSTR_VA":2063.73,"CONSTR_EXP":14.76,"COMREV_VA":3743.09,"COMREV_EXP":1375.86,"TRATIE_VA":1768.63,"TRATIE_EXP":642.73,"TRAGUA_VA":121.39,"TRAGUA_EXP":174.11,"TRAAIR_VA":172.37,"TRAAIR_EXP":328.19,"ALMSTR_VA":939.02,"ALMSTR_EXP":345.35,"POSTME_VA":369.94,"POSTME_EXP":51.38,"HOTYRE_VA":1838.52,"HOTYRE_EXP":756.67,"MMTVRA_VA":180.77,"MMTVRA_EXP":45.06,"TELECO_VA":1179.38,"TELECO_EXP":256.67,"ITSERV_VA":543.39,"ITSERV_EXP":136.98,"SERFIN_VA":1756.13,"SERFIN_EXP":236.25,"GOBEST_VA":1663.27,"GOBEST_EXP":124.71,"SPRSCT_VA":1206.28,"SPRSCT_EXP":422.43,"SEAEMP_VA":895.44,"SEAEMP_EXP":145.63,"ADPDEF_VA":4381.47,"ADPDEF_EXP":0.21,"EDUCAC_VA":2596.38,"EDUCAC_EXP":44.03,"SALUDH_VA":87.83,"SALUDH_EXP":29.65,"ESPARC_VA":62.19,"ESPARC_EXP":62.61,"OTRSER_VA":84.51,"OTRSER_EXP":38.86,"SERHOG_VA":141.65,"SERHOG_EXP":0.0}},{"type":"Feature","geometry":{"type":"Point","coordinates":[35.24,38.96]},"properties":{"id":"TUR","name":"Turquía","continent":"europe","year":2019,"AGRPFO_VA":48193.18,"AGRPFO_EXP":8049.35,"FORLOG_VA":1535.28,"FORLOG_EXP":14.18,"PESCAC_VA":1547.47,"PESCAC_EXP":383.33,"MINCOL_VA":2256.46,"MINCOL_EXP":3.43,"PETGAS_VA":1249.35,"PETGAS_EXP":192.26,"MINORE_VA":3379.54,"MINORE_EXP":3051.54,"MINOTH_VA":1881.42,"MINOTH_EXP":763.37,"MINSER_VA":390.37,"MINSER_EXP":4.04,"ALYBEB_VA":19674.63,"ALYBEB_EXP":9825.66,"TEXYPR_VA":26187.34,"TEXYPR_EXP":24188.59,"MADYPR_VA":2135.86,"MADYPR_EXP":750.88,"PAPYPR_VA":4798.4,"PAPYPR_EXP":2317.24,"PETREF_VA":2400.28,"PETREF_EXP":6232.29,"QUIMYP_VA":8056.94,"QUIMYP_EXP":7003.24,"FARMED_VA":2737.24,"FARMED_EXP":846.51,"HUPLAS_VA":7492.6,"HUPLAS_EXP":6021.91,"PRNOMT_VA":8766.76,"PRNOMT_EXP":3646.43,"METBAS_VA":6380.37,"METBAS_EXP":9511.03,"NONFER_VA":1854.52,"NONFER_EXP":3196.03,"PRMETA_VA":9914.4,"PRMETA_EXP":6914.72,"ELCTRO_VA":1607.85,"ELCTRO_EXP":1798.14,"ELCTRI_VA":5022.61,"ELCTRI_EXP":8945.42,"MAQYEQ_VA":6294.05,"MAQYEQ_EXP":9024.56,"AUTOMO_VA":7268.6,"AUTOMO_EXP":21411.08,"OTRTRA_VA":460.55,"OTRTRA_EXP":773.92,"TRANSP_VA":1163.41,"TRANSP_EXP":872.1,"OTRMAN_VA":11023.74,"OTRMAN_EXP":6014.09,"ELEGAS_VA":13534.44,"ELEGAS_EXP":105.58,"AGUBAS_VA":6445.49,"AGUBAS_EXP":18.41,"CONSTR_VA":45915.53,"CONSTR_EXP":1035.78,"COMREV_VA":99997.83,"COMREV_EXP":27390.83,"TRATIE_VA":48825.88,"TRATIE_EXP":10308.51,"TRAGUA_VA":4268.97,"TRAGUA_EXP":4356.46,"TRAAIR_VA":5295.72,"TRAAIR_EXP":9144.53,"ALMSTR_VA":12919.7,"ALMSTR_EXP":4279.97,"POSTME_VA":1793.92,"POSTME_EXP":349.82,"HOTYRE_VA":25362.12,"HOTYRE_EXP":11907.39,"MMTVRA_VA":3226.34,"MMTVRA_EXP":384.74,"TELECO_VA":7167.26,"TELECO_EXP":1358.84,"ITSERV_VA":10839.35,"ITSERV_EXP":1301.86,"SERFIN_VA":24683.35,"SERFIN_EXP":4550.32,"GOBEST_VA":56809.93,"GOBEST_EXP":2019.83,"SPRSCT_VA":18407.76,"SPRSCT_EXP":1718.99,"SEAEMP_VA":19079.03,"SEAEMP_EXP":5296.15,"ADPDEF_VA":41978.17,"ADPDEF_EXP":292.36,"EDUCAC_VA":34594.47,"EDUCAC_EXP":1667.65,"SALUDH_VA":21276.27,"SALUDH_EXP":428.8,"ESPARC_VA":8889.54,"ESPARC_EXP":1320.67,"OTRSER_VA":7914.36,"OTRSER_EXP":681.23,"SERHOG_VA":377.82,"SERHOG_EXP":0.0}},{"type":"Feature","geometry":{"type":"Point","coordinates":[120.96,23.7]},"properties":{"id":"TWN","name":"Taiwán","continent":"asia","year":2019,"AGRPFO_VA":8671.23,"AGRPFO_EXP":577.52,"FORLOG_VA":52.82,"FORLOG_EXP":5.55,"PESCAC_VA":1328.29,"PESCAC_EXP":1205.42,"MINCOL_VA":99.83,"MINCOL_EXP":44.83,"PETGAS_VA":313.68,"PETGAS_EXP":23.09,"MINORE_VA":73.02,"MINORE_EXP":141.65,"MINOTH_VA":632.89,"MINOTH_EXP":61.46,"MINSER_VA":338.73,"MINSER_EXP":11.63,"ALYBEB_VA":10409.44,"ALYBEB_EXP":4017.16,"TEXYPR_VA":4930.65,"TEXYPR_EXP":6989.98,"MADYPR_VA":402.29,"MADYPR_EXP":151.75,"PAPYPR_VA":3525.47,"PAPYPR_EXP":1738.87,"PETREF_VA":5488.43,"PETREF_EXP":10441.45,"QUIMYP_VA":15395.53,"QUIMYP_EXP":28073.13,"FARMED_VA":1630.6,"FARMED_EXP":746.9,"HUPLAS_VA":6498.56,"HUPLAS_EXP":7635.71,"PRNOMT_VA":3612.67,"PRNOMT_EXP":1907.84,"METBAS_VA":7194.41,"METBAS_EXP":8412.0,"NONFER_VA":1959.26,"NONFER_EXP":5509.5,"PRMETA_VA":11371.01,"PRMETA_EXP":13122.93,"ELCTRO_VA":88101.72,"ELCTRO_EXP":143688.68,"ELCTRI_VA":5361.38,"ELCTRI_EXP":10535.58,"MAQYEQ_VA":9603.73,"MAQYEQ_EXP":19864.2,"AUTOMO_VA":4592.45,"AUTOMO_EXP":6312.89,"OTRTRA_VA":3471.05,"OTRTRA_EXP":449.25,"TRANSP_VA":3394.07,"TRANSP_EXP":5647.22,"OTRMAN_VA":7336.66,"OTRMAN_EXP":3432.76,"ELEGAS_VA":7187.35,"ELEGAS_EXP":64.53,"AGUBAS_VA":3550.54,"AGUBAS_EXP":5.28,"CONSTR_VA":16197.8,"CONSTR_EXP":414.99,"COMREV_VA":96014.27,"COMREV_EXP":38540.17,"TRATIE_VA":7897.13,"TRATIE_EXP":3629.16,"TRAGUA_VA":736.17,"TRAGUA_EXP":4389.87,"TRAAIR_VA":2658.78,"TRAAIR_EXP":5595.2,"ALMSTR_VA":5613.33,"ALMSTR_EXP":4286.46,"POSTME_VA":1288.97,"POSTME_EXP":68.08,"HOTYRE_VA":16642.94,"HOTYRE_EXP":5286.22,"MMTVRA_VA":3364.04,"MMTVRA_EXP":1564.57,"TELECO_VA":7506.04,"TELECO_EXP":1041.16,"ITSERV_VA":7870.31,"ITSERV_EXP":2680.86,"SERFIN_VA":40514.15,"SERFIN_EXP":3769.0,"GOBEST_VA":49359.35,"GOBEST_EXP":725.58,"SPRSCT_VA":14111.71,"SPRSCT_EXP":5123.08,"SEAEMP_VA":10525.25,"SEAEMP_EXP":2018.86,"ADPDEF_VA":35144.88,"ADPDEF_EXP":0.01,"EDUCAC_VA":23693.03,"EDUCAC_EXP":448.97,"SALUDH_VA":18849.17,"SALUDH_EXP":1161.42,"ESPARC_VA":4992.1,"ESPARC_EXP":875.47,"OTRSER_VA":15198.22,"OTRSER_EXP":167.06,"SERHOG_VA":3404.61,"SERHOG_EXP":0.0}},{"type":"Feature","geometry":{"type":"Point","coordinates":[31.17,48.38]},"properties":{"id":"UKR","name":"Ucrania","continent":"europe","year":2019,"AGRPFO_VA":13813.35,"AGRPFO_EXP":9522.28,"FORLOG_VA":1561.88,"FORLOG_EXP":13.99,"PESCAC_VA":38.4,"PESCAC_EXP":2.01,"MINCOL_VA":1573.92,"MINCOL_EXP":0.72,"PETGAS_VA":3768.7,"PETGAS_EXP":73.07,"MINORE_VA":2949.1,"MINORE_EXP":2549.94,"MINOTH_VA":641.15,"MINOTH_EXP":289.4,"MINSER_VA":328.54,"MINSER_EXP":656.48,"ALYBEB_VA":5285.28,"ALYBEB_EXP":6473.83,"TEXYPR_VA":909.56,"TEXYPR_EXP":150.31,"MADYPR_VA":587.83,"MADYPR_EXP":911.09,"PAPYPR_VA":744.24,"PAPYPR_EXP":336.36,"PETREF_VA":528.45,"PETREF_EXP":218.74,"QUIMYP_VA":483.52,"QUIMYP_EXP":570.14,"FARMED_VA":631.59,"FARMED_EXP":107.23,"HUPLAS_VA":538.82,"HUPLAS_EXP":176.03,"PRNOMT_VA":1030.23,"PRNOMT_EXP":175.66,"METBAS_VA":2632.76,"METBAS_EXP":3989.77,"NONFER_VA":289.02,"NONFER_EXP":947.83,"PRMETA_VA":818.52,"PRMETA_EXP":211.99,"ELCTRO_VA":264.3,"ELCTRO_EXP":82.19,"ELCTRI_VA":595.32,"ELCTRI_EXP":404.95,"MAQYEQ_VA":1093.05,"MAQYEQ_EXP":920.95,"AUTOMO_VA":291.27,"AUTOMO_EXP":251.0,"OTRTRA_VA":33.92,"OTRTRA_EXP":32.19,"TRANSP_VA":905.77,"TRANSP_EXP":197.84,"OTRMAN_VA":1711.88,"OTRMAN_EXP":996.59,"ELEGAS_VA":4990.9,"ELEGAS_EXP":236.85,"AGUBAS_VA":579.22,"AGUBAS_EXP":1.03,"CONSTR_VA":4432.37,"CONSTR_EXP":0.39,"COMREV_VA":21822.47,"COMREV_EXP":5193.9,"TRATIE_VA":7173.68,"TRATIE_EXP":1891.9,"TRAGUA_VA":822.28,"TRAGUA_EXP":782.5,"TRAAIR_VA":789.95,"TRAAIR_EXP":1088.18,"ALMSTR_VA":3586.69,"ALMSTR_EXP":1113.35,"POSTME_VA":201.11,"POSTME_EXP":178.87,"HOTYRE_VA":1302.56,"HOTYRE_EXP":510.34,"MMTVRA_VA":625.73,"MMTVRA_EXP":460.28,"TELECO_VA":1701.52,"TELECO_EXP":307.96,"ITSERV_VA":5078.91,"ITSERV_EXP":6631.56,"SERFIN_VA":4936.62,"SERFIN_EXP":271.26,"GOBEST_VA":7434.1,"GOBEST_EXP":143.03,"SPRSCT_VA":4050.0,"SPRSCT_EXP":2087.54,"SEAEMP_VA":1736.42,"SEAEMP_EXP":617.61,"ADPDEF_VA":10700.74,"ADPDEF_EXP":0.45,"EDUCAC_VA":6914.07,"EDUCAC_EXP":30.33,"SALUDH_VA":4216.2,"SALUDH_EXP":21.06,"ESPARC_VA":982.14,"ESPARC_EXP":185.39,"OTRSER_VA":1012.49,"OTRSER_EXP":26.82,"SERHOG_VA":12.61,"SERHOG_EXP":0.0}},{"type":"Feature","geometry":{"type":"Point","coordinates":[-95.71,37.09]},"properties":{"id":"USA","name":"Estados Unidos","continent":"america","year":2019,"AGRPFO_VA":166192.04,"AGRPFO_EXP":41718.96,"FORLOG_VA":11702.13,"FORLOG_EXP":1062.06,"PESCAC_VA":4510.65,"PESCAC_EXP":3422.89,"MINCOL_VA":21135.51,"MINCOL_EXP":7567.98,"PETGAS_VA":180329.02,"PETGAS_EXP":88544.49,"MINORE_VA":11006.03,"MINORE_EXP":11230.73,"MINOTH_VA":23860.86,"MINOTH_EXP":1866.0,"MINSER_VA":54591.79,"MINSER_EXP":2312.43,"ALYBEB_VA":268439.01,"ALYBEB_EXP":52947.17,"TEXYPR_VA":28594.21,"TEXYPR_EXP":14400.89,"MADYPR_VA":40174.96,"MADYPR_EXP":4405.04,"PAPYPR_VA":105843.65,"PAPYPR_EXP":21821.43,"PETREF_VA":147727.67,"PETREF_EXP":81276.55,"QUIMYP_VA":218572.03,"QUIMYP_EXP":92633.59,"FARMED_VA":182330.89,"FARMED_EXP":47663.48,"HUPLAS_VA":87360.06,"HUPLAS_EXP":22658.27,"PRNOMT_VA":70138.95,"PRNOMT_EXP":8113.81,"METBAS_VA":37032.47,"METBAS_EXP":9846.56,"NONFER_VA":46700.22,"NONFER_EXP":34587.65,"PRMETA_VA":163986.87,"PRMETA_EXP":27722.01,"ELCTRO_VA":313832.81,"ELCTRO_EXP":101856.64,"ELCTRI_VA":66863.7,"ELCTRI_EXP":29606.45,"MAQYEQ_VA":173032.2,"MAQYEQ_EXP":92892.03,"AUTOMO_VA":164385.18,"AUTOMO_EXP":97271.47,"OTRTRA_VA":22417.02,"OTRTRA_EXP":1907.14,"TRANSP_VA":146750.76,"TRANSP_EXP":95404.54,"OTRMAN_VA":150653.83,"OTRMAN_EXP":46685.2,"ELEGAS_VA":293875.71,"ELEGAS_EXP":2961.32,"AGUBAS_VA":68119.9,"AGUBAS_EXP":85.32,"CONSTR_VA":930761.05,"CONSTR_EXP":6.1,"COMREV_VA":2064997.12,"COMREV_EXP":325162.12,"TRATIE_VA":323126.64,"TRATIE_EXP":51209.18,"TRAGUA_VA":15306.36,"TRAGUA_EXP":8298.48,"TRAAIR_VA":122897.15,"TRAAIR_EXP":58039.72,"ALMSTR_VA":153630.82,"ALMSTR_EXP":7315.25,"POSTME_VA":101107.02,"POSTME_EXP":11823.22,"HOTYRE_VA":597895.87,"HOTYRE_EXP":54686.96,"MMTVRA_VA":483042.93,"MMTVRA_EXP":63642.24,"TELECO_VA":341024.81,"TELECO_EXP":19665.25,"ITSERV_VA":641082.9,"ITSERV_EXP":58150.28,"SERFIN_VA":1694226.47,"SERFIN_EXP":192250.38,"GOBEST_VA":2548525.82,"GOBEST_EXP":15583.64,"SPRSCT_VA":1672789.82,"SPRSCT_EXP":194773.05,"SEAEMP_VA":859492.29,"SEAEMP_EXP":74942.5,"ADPDEF_VA":1783197.01,"ADPDEF_EXP":3294.15,"EDUCAC_VA":1146613.74,"EDUCAC_EXP":42538.1,"SALUDH_VA":1607249.95,"SALUDH_EXP":2725.42,"ESPARC_VA":223254.5,"ESPARC_EXP":8242.76,"OTRSER_VA":299640.14,"OTRSER_EXP":4243.94,"SERHOG_VA":23105.71,"SERHOG_EXP":0.0}},{"type":"Feature","geometry":{"type":"Point","coordinates":[108.28,14.06]},"properties":{"id":"VNM","name":"Vietnam","continent":"asia","year":2019,"AGRPFO_VA":24633.46,"AGRPFO_EXP":8186.43,"FORLOG_VA":1664.63,"FORLOG_EXP":8.85,"PESCAC_VA":8144.32,"PESCAC_EXP":132.88,"MINCOL_VA":1834.8,"MINCOL_EXP":155.35,"PETGAS_VA":1134.26,"PETGAS_EXP":1843.44,"MINORE_VA":26660.14,"MINORE_EXP":2443.73,"MINOTH_VA":783.66,"MINOTH_EXP":89.88,"MINSER_VA":520.25,"MINSER_EXP":110.47,"ALYBEB_VA":13861.73,"ALYBEB_EXP":20254.75,"TEXYPR_VA":23623.9,"TEXYPR_EXP":56700.96,"MADYPR_VA":1169.43,"MADYPR_EXP":3382.63,"PAPYPR_VA":2461.54,"PAPYPR_EXP":1135.79,"PETREF_VA":3337.8,"PETREF_EXP":1178.1,"QUIMYP_VA":5219.8,"QUIMYP_EXP":6732.39,"FARMED_VA":1333.3,"FARMED_EXP":215.1,"HUPLAS_VA":4209.54,"HUPLAS_EXP":5460.24,"PRNOMT_VA":6703.35,"PRNOMT_EXP":3061.34,"METBAS_VA":3598.46,"METBAS_EXP":4945.17,"NONFER_VA":1073.96,"NONFER_EXP":1236.02,"PRMETA_VA":4169.32,"PRMETA_EXP":4875.68,"ELCTRO_VA":37722.63,"ELCTRO_EXP":87931.23,"ELCTRI_VA":3775.52,"ELCTRI_EXP":8166.76,"MAQYEQ_VA":1714.12,"MAQYEQ_EXP":4188.67,"AUTOMO_VA":1288.64,"AUTOMO_EXP":3750.14,"OTRTRA_VA":247.83,"OTRTRA_EXP":556.98,"TRANSP_VA":768.15,"TRANSP_EXP":2048.42,"OTRMAN_VA":8026.4,"OTRMAN_EXP":13107.49,"ELEGAS_VA":10959.44,"ELEGAS_EXP":72.94,"AGUBAS_VA":1769.22,"AGUBAS_EXP":9.85,"CONSTR_VA":18975.68,"CONSTR_EXP":75.34,"COMREV_VA":26914.28,"COMREV_EXP":17195.47,"TRATIE_VA":4387.68,"TRATIE_EXP":2850.31,"TRAGUA_VA":1058.76,"TRAGUA_EXP":1559.48,"TRAAIR_VA":1187.25,"TRAAIR_EXP":2366.57,"ALMSTR_VA":2670.62,"ALMSTR_EXP":2208.23,"POSTME_VA":472.92,"POSTME_EXP":245.18,"HOTYRE_VA":7394.44,"HOTYRE_EXP":3352.28,"MMTVRA_VA":875.72,"MMTVRA_EXP":286.35,"TELECO_VA":3302.45,"TELECO_EXP":692.58,"ITSERV_VA":1666.19,"ITSERV_EXP":785.93,"SERFIN_VA":10300.26,"SERFIN_EXP":845.43,"GOBEST_VA":8852.38,"GOBEST_EXP":357.23,"SPRSCT_VA":6109.44,"SPRSCT_EXP":796.24,"SEAEMP_VA":1717.95,"SEAEMP_EXP":1231.9,"ADPDEF_VA":6511.4,"ADPDEF_EXP":6.56,"EDUCAC_VA":10792.51,"EDUCAC_EXP":120.62,"SALUDH_VA":3015.18,"SALUDH_EXP":79.54,"ESPARC_VA":2893.53,"ESPARC_EXP":900.7,"OTRSER_VA":1874.93,"OTRSER_EXP":109.91,"SERHOG_VA":431.05,"SERHOG_EXP":0.0}},{"type":"Feature","geometry":{"type":"Point","coordinates":[22.94,-30.56]},"properties":{"id":"ZAF","name":"Sudáfrica","continent":"other","year":2019,"AGRPFO_VA":5697.47,"AGRPFO_EXP":4834.91,"FORLOG_VA":160.01,"FORLOG_EXP":54.94,"PESCAC_VA":646.33,"PESCAC_EXP":46.65,"MINCOL_VA":3785.89,"MINCOL_EXP":4806.88,"PETGAS_VA":206.79,"PETGAS_EXP":8.29,"MINORE_VA":13101.09,"MINORE_EXP":18403.27,"MINOTH_VA":1034.55,"MINOTH_EXP":986.16,"MINSER_VA":323.66,"MINSER_EXP":13.74,"ALYBEB_VA":9028.82,"ALYBEB_EXP":4229.69,"TEXYPR_VA":1761.77,"TEXYPR_EXP":824.99,"MADYPR_VA":739.08,"MADYPR_EXP":515.99,"PAPYPR_VA":2792.35,"PAPYPR_EXP":1218.96,"PETREF_VA":4823.18,"PETREF_EXP":3251.37,"QUIMYP_VA":3454.8,"QUIMYP_EXP":5081.35,"FARMED_VA":783.33,"FARMED_EXP":483.09,"HUPLAS_VA":1275.11,"HUPLAS_EXP":870.59,"PRNOMT_VA":1340.85,"PRNOMT_EXP":583.77,"METBAS_VA":2891.55,"METBAS_EXP":5392.37,"NONFER_VA":1092.03,"NONFER_EXP":1720.44,"PRMETA_VA":2616.35,"PRMETA_EXP":1336.75,"ELCTRO_VA":524.93,"ELCTRO_EXP":625.66,"ELCTRI_VA":1189.03,"ELCTRI_EXP":1310.01,"MAQYEQ_VA":3249.12,"MAQYEQ_EXP":4229.76,"AUTOMO_VA":4025.01,"AUTOMO_EXP":11009.9,"OTRTRA_VA":53.99,"OTRTRA_EXP":145.64,"TRANSP_VA":604.2,"TRANSP_EXP":514.75,"OTRMAN_VA":2809.53,"OTRMAN_EXP":820.43,"ELEGAS_VA":6242.9,"ELEGAS_EXP":802.33,"AGUBAS_VA":3606.91,"AGUBAS_EXP":3.82,"CONSTR_VA":10193.37,"CONSTR_EXP":0.0,"COMREV_VA":27115.92,"COMREV_EXP":9300.2,"TRATIE_VA":8261.6,"TRATIE_EXP":2417.15,"TRAGUA_VA":281.1,"TRAGUA_EXP":293.83,"TRAAIR_VA":1112.07,"TRAAIR_EXP":1679.91,"ALMSTR_VA":3332.79,"ALMSTR_EXP":1570.28,"POSTME_VA":585.26,"POSTME_EXP":70.86,"HOTYRE_VA":3127.75,"HOTYRE_EXP":841.26,"MMTVRA_VA":2503.0,"MMTVRA_EXP":463.51,"TELECO_VA":13578.62,"TELECO_EXP":613.34,"ITSERV_VA":7815.67,"ITSERV_EXP":715.62,"SERFIN_VA":47498.12,"SERFIN_EXP":1051.7,"GOBEST_VA":21707.56,"GOBEST_EXP":534.09,"SPRSCT_VA":13144.09,"SPRSCT_EXP":1675.71,"SEAEMP_VA":10095.55,"SEAEMP_EXP":871.52,"ADPDEF_VA":12088.72,"ADPDEF_EXP":75.47,"EDUCAC_VA":10033.88,"EDUCAC_EXP":1435.74,"SALUDH_VA":6544.59,"SALUDH_EXP":112.22,"ESPARC_VA":29129.83,"ESPARC_EXP":398.77,"OTRSER_VA":14071.82,"OTRSER_EXP":147.75,"SERHOG_VA":42251.95,"SERHOG_EXP":0.0}}]}