{"type":"FeatureCollection","features":[{"type":"Feature","geometry":{"type":"Point","coordinates":[13.23,-8.84]},"properties":{"id":"AGO","name":"Angola","continent":"other","year":1998,"AGRPFO_VA":486.23,"AGRPFO_EXP":21.81,"FORLOG_VA":37.93,"FORLOG_EXP":0.73,"PESCAC_VA":75.99,"PESCAC_EXP":0.24,"MINCOL_VA":3.21,"MINCOL_EXP":0.08,"PETGAS_VA":2427.34,"PETGAS_EXP":3571.08,"MINORE_VA":2.66,"MINORE_EXP":0.55,"MINOTH_VA":592.1,"MINOTH_EXP":389.13,"MINSER_VA":333.98,"MINSER_EXP":27.86,"ALYBEB_VA":91.35,"ALYBEB_EXP":175.21,"TEXYPR_VA":44.95,"TEXYPR_EXP":2.59,"MADYPR_VA":2.08,"MADYPR_EXP":0.37,"PAPYPR_VA":7.74,"PAPYPR_EXP":0.59,"PETREF_VA":87.99,"PETREF_EXP":133.27,"QUIMYP_VA":43.38,"QUIMYP_EXP":0.56,"FARMED_VA":18.62,"FARMED_EXP":0.53,"HUPLAS_VA":10.17,"HUPLAS_EXP":0.12,"PRNOMT_VA":16.85,"PRNOMT_EXP":0.1,"METBAS_VA":5.85,"METBAS_EXP":0.13,"NONFER_VA":1.49,"NONFER_EXP":1.04,"PRMETA_VA":11.42,"PRMETA_EXP":0.88,"ELCTRO_VA":38.24,"ELCTRO_EXP":3.03,"ELCTRI_VA":15.74,"ELCTRI_EXP":0.88,"MAQYEQ_VA":54.95,"MAQYEQ_EXP":10.06,"AUTOMO_VA":45.21,"AUTOMO_EXP":0.88,"OTRTRA_VA":1.85,"OTRTRA_EXP":0.07,"TRANSP_VA":1.09,"TRANSP_EXP":0.71,"OTRMAN_VA":13.19,"OTRMAN_EXP":2.7,"ELEGAS_VA":290.16,"ELEGAS_EXP":0.28,"AGUBAS_VA":32.11,"AGUBAS_EXP":0.57,"CONSTR_VA":439.75,"CONSTR_EXP":0.69,"COMREV_VA":494.42,"COMREV_EXP":73.44,"TRATIE_VA":52.63,"TRATIE_EXP":36.02,"TRAGUA_VA":22.64,"TRAGUA_EXP":32.7,"TRAAIR_VA":36.67,"TRAAIR_EXP":25.15,"ALMSTR_VA":44.6,"ALMSTR_EXP":10.09,"POSTME_VA":24.06,"POSTME_EXP":0.49,"HOTYRE_VA":145.12,"HOTYRE_EXP":49.75,"MMTVRA_VA":68.29,"MMTVRA_EXP":25.72,"TELECO_VA":106.31,"TELECO_EXP":14.04,"ITSERV_VA":69.89,"ITSERV_EXP":32.03,"SERFIN_VA":189.24,"SERFIN_EXP":59.61,"GOBEST_VA":350.34,"GOBEST_EXP":10.8,"SPRSCT_VA":100.92,"SPRSCT_EXP":43.51,"SEAEMP_VA":78.17,"SEAEMP_EXP":24.93,"ADPDEF_VA":849.32,"ADPDEF_EXP":3.19,"EDUCAC_VA":441.72,"EDUCAC_EXP":3.07,"SALUDH_VA":100.9,"SALUDH_EXP":2.55,"ESPARC_VA":17.07,"ESPARC_EXP":5.82,"OTRSER_VA":55.65,"OTRSER_EXP":2.46,"SERHOG_VA":0.0,"SERHOG_EXP":0.0}},{"type":"Feature","geometry":{"type":"Point","coordinates":[53.85,23.42]},"properties":{"id":"ARE","name":"Emiratos Árabes","continent":"other","year":1998,"AGRPFO_VA":1161.2,"AGRPFO_EXP":21.41,"FORLOG_VA":90.97,"FORLOG_EXP":0.48,"PESCAC_VA":121.04,"PESCAC_EXP":54.3,"MINCOL_VA":144.25,"MINCOL_EXP":2.31,"PETGAS_VA":17398.85,"PETGAS_EXP":18695.33,"MINORE_VA":2807.49,"MINORE_EXP":32.44,"MINOTH_VA":737.42,"MINOTH_EXP":3602.82,"MINSER_VA":1765.99,"MINSER_EXP":247.04,"ALYBEB_VA":1182.9,"ALYBEB_EXP":394.78,"TEXYPR_VA":574.84,"TEXYPR_EXP":61.49,"MADYPR_VA":54.13,"MADYPR_EXP":4.7,"PAPYPR_VA":213.51,"PAPYPR_EXP":47.04,"PETREF_VA":2746.06,"PETREF_EXP":2623.21,"QUIMYP_VA":909.77,"QUIMYP_EXP":988.16,"FARMED_VA":494.03,"FARMED_EXP":20.28,"HUPLAS_VA":267.32,"HUPLAS_EXP":45.51,"PRNOMT_VA":468.95,"PRNOMT_EXP":122.31,"METBAS_VA":147.64,"METBAS_EXP":30.91,"NONFER_VA":461.95,"NONFER_EXP":1084.33,"PRMETA_VA":296.85,"PRMETA_EXP":63.6,"ELCTRO_VA":931.71,"ELCTRO_EXP":16.63,"ELCTRI_VA":407.42,"ELCTRI_EXP":33.95,"MAQYEQ_VA":365.0,"MAQYEQ_EXP":44.01,"AUTOMO_VA":382.74,"AUTOMO_EXP":14.75,"OTRTRA_VA":50.97,"OTRTRA_EXP":11.9,"TRANSP_VA":129.19,"TRANSP_EXP":1.14,"OTRMAN_VA":379.8,"OTRMAN_EXP":58.88,"ELEGAS_VA":1999.29,"ELEGAS_EXP":42.73,"AGUBAS_VA":485.98,"AGUBAS_EXP":2.91,"CONSTR_VA":9335.73,"CONSTR_EXP":38.41,"COMREV_VA":5807.57,"COMREV_EXP":836.5,"TRATIE_VA":644.32,"TRATIE_EXP":188.08,"TRAGUA_VA":301.19,"TRAGUA_EXP":77.37,"TRAAIR_VA":477.53,"TRAAIR_EXP":84.42,"ALMSTR_VA":578.62,"ALMSTR_EXP":73.12,"POSTME_VA":284.79,"POSTME_EXP":2.67,"HOTYRE_VA":1444.78,"HOTYRE_EXP":449.35,"MMTVRA_VA":849.66,"MMTVRA_EXP":34.8,"TELECO_VA":1248.72,"TELECO_EXP":24.3,"ITSERV_VA":873.19,"ITSERV_EXP":19.01,"SERFIN_VA":2514.95,"SERFIN_EXP":53.7,"GOBEST_VA":4450.43,"GOBEST_EXP":95.11,"SPRSCT_VA":1245.88,"SPRSCT_EXP":171.48,"SEAEMP_VA":965.23,"SEAEMP_EXP":91.42,"ADPDEF_VA":4410.17,"ADPDEF_EXP":2.92,"EDUCAC_VA":963.28,"EDUCAC_EXP":25.07,"SALUDH_VA":1092.53,"SALUDH_EXP":21.03,"ESPARC_VA":175.29,"ESPARC_EXP":41.77,"OTRSER_VA":659.89,"OTRSER_EXP":20.83,"SERHOG_VA":349.34,"SERHOG_EXP":0.0}},{"type":"Feature","geometry":{"type":"Point","coordinates":[-63.62,-38.42]},"properties":{"id":"ARG","name":"Argentina","continent":"america","year":1998,"AGRPFO_VA":24716.28,"AGRPFO_EXP":3816.4,"FORLOG_VA":574.01,"FORLOG_EXP":33.67,"PESCAC_VA":932.44,"PESCAC_EXP":24.49,"MINCOL_VA":14.14,"MINCOL_EXP":0.45,"PETGAS_VA":12704.82,"PETGAS_EXP":2180.6,"MINORE_VA":1187.21,"MINORE_EXP":143.88,"MINOTH_VA":723.93,"MINOTH_EXP":29.34,"MINSER_VA":1040.62,"MINSER_EXP":1.77,"ALYBEB_VA":15267.36,"ALYBEB_EXP":6549.7,"TEXYPR_VA":5529.48,"TEXYPR_EXP":1314.12,"MADYPR_VA":1421.72,"MADYPR_EXP":97.21,"PAPYPR_VA":4220.39,"PAPYPR_EXP":346.79,"PETREF_VA":2484.08,"PETREF_EXP":990.68,"QUIMYP_VA":7761.54,"QUIMYP_EXP":1056.32,"FARMED_VA":4486.05,"FARMED_EXP":330.16,"HUPLAS_VA":3055.66,"HUPLAS_EXP":423.48,"PRNOMT_VA":2202.11,"PRNOMT_EXP":110.29,"METBAS_VA":4532.91,"METBAS_EXP":789.86,"NONFER_VA":858.19,"NONFER_EXP":205.37,"PRMETA_VA":3082.72,"PRMETA_EXP":276.61,"ELCTRO_VA":927.66,"ELCTRO_EXP":159.68,"ELCTRI_VA":1126.78,"ELCTRI_EXP":221.88,"MAQYEQ_VA":2778.69,"MAQYEQ_EXP":588.87,"AUTOMO_VA":2545.39,"AUTOMO_EXP":2295.08,"OTRTRA_VA":72.23,"OTRTRA_EXP":59.54,"TRANSP_VA":257.02,"TRANSP_EXP":49.67,"OTRMAN_VA":2444.22,"OTRMAN_EXP":204.2,"ELEGAS_VA":4794.53,"ELEGAS_EXP":17.78,"AGUBAS_VA":801.15,"AGUBAS_EXP":0.43,"CONSTR_VA":9911.63,"CONSTR_EXP":0.17,"COMREV_VA":37608.37,"COMREV_EXP":3653.17,"TRATIE_VA":8695.89,"TRATIE_EXP":457.9,"TRAGUA_VA":237.19,"TRAGUA_EXP":23.63,"TRAAIR_VA":553.31,"TRAAIR_EXP":535.42,"ALMSTR_VA":3317.12,"ALMSTR_EXP":613.86,"POSTME_VA":601.17,"POSTME_EXP":26.79,"HOTYRE_VA":4548.52,"HOTYRE_EXP":764.78,"MMTVRA_VA":553.19,"MMTVRA_EXP":103.07,"TELECO_VA":5082.44,"TELECO_EXP":315.37,"ITSERV_VA":1218.08,"ITSERV_EXP":42.96,"SERFIN_VA":9698.78,"SERFIN_EXP":180.93,"GOBEST_VA":24859.65,"GOBEST_EXP":95.1,"SPRSCT_VA":10644.67,"SPRSCT_EXP":442.4,"SEAEMP_VA":4585.07,"SEAEMP_EXP":430.39,"ADPDEF_VA":18364.33,"ADPDEF_EXP":0.01,"EDUCAC_VA":13018.34,"EDUCAC_EXP":46.84,"SALUDH_VA":8548.12,"SALUDH_EXP":29.2,"ESPARC_VA":1149.25,"ESPARC_EXP":92.05,"OTRSER_VA":3868.07,"OTRSER_EXP":27.16,"SERHOG_VA":4532.26,"SERHOG_EXP":0.0}},{"type":"Feature","geometry":{"type":"Point","coordinates":[133.78,-25.27]},"properties":{"id":"AUS","name":"Australia","continent":"other","year":1998,"AGRPFO_VA":9779.98,"AGRPFO_EXP":4080.44,"FORLOG_VA":398.44,"FORLOG_EXP":54.43,"PESCAC_VA":1740.61,"PESCAC_EXP":222.75,"MINCOL_VA":3743.44,"MINCOL_EXP":5105.68,"PETGAS_VA":4534.02,"PETGAS_EXP":2149.42,"MINORE_VA":5011.08,"MINORE_EXP":3978.95,"MINOTH_VA":749.81,"MINOTH_EXP":270.29,"MINSER_VA":1535.72,"MINSER_EXP":24.31,"ALYBEB_VA":10405.6,"ALYBEB_EXP":5922.32,"TEXYPR_VA":2139.99,"TEXYPR_EXP":1307.7,"MADYPR_VA":1761.6,"MADYPR_EXP":331.21,"PAPYPR_VA":3610.53,"PAPYPR_EXP":469.57,"PETREF_VA":882.44,"PETREF_EXP":1092.81,"QUIMYP_VA":1454.81,"QUIMYP_EXP":1120.43,"FARMED_VA":1848.65,"FARMED_EXP":574.52,"HUPLAS_VA":2277.22,"HUPLAS_EXP":521.32,"PRNOMT_VA":2246.83,"PRNOMT_EXP":261.47,"METBAS_VA":1843.42,"METBAS_EXP":993.26,"NONFER_VA":3685.34,"NONFER_EXP":8497.13,"PRMETA_VA":3687.73,"PRMETA_EXP":570.93,"ELCTRO_VA":2224.7,"ELCTRO_EXP":837.94,"ELCTRI_VA":490.19,"ELCTRI_EXP":663.32,"MAQYEQ_VA":1928.32,"MAQYEQ_EXP":1244.92,"AUTOMO_VA":2363.49,"AUTOMO_EXP":1212.71,"OTRTRA_VA":854.34,"OTRTRA_EXP":522.78,"TRANSP_VA":1393.61,"TRANSP_EXP":230.25,"OTRMAN_VA":3833.37,"OTRMAN_EXP":485.74,"ELEGAS_VA":6736.34,"ELEGAS_EXP":75.12,"AGUBAS_VA":3049.77,"AGUBAS_EXP":1.92,"CONSTR_VA":22930.12,"CONSTR_EXP":134.71,"COMREV_VA":39841.82,"COMREV_EXP":9706.58,"TRATIE_VA":6627.14,"TRATIE_EXP":1078.05,"TRAGUA_VA":707.84,"TRAGUA_EXP":355.16,"TRAAIR_VA":2721.79,"TRAAIR_EXP":4195.9,"ALMSTR_VA":7121.67,"ALMSTR_EXP":759.76,"POSTME_VA":1587.37,"POSTME_EXP":391.61,"HOTYRE_VA":11957.03,"HOTYRE_EXP":1949.2,"MMTVRA_VA":5666.51,"MMTVRA_EXP":450.74,"TELECO_VA":8636.15,"TELECO_EXP":711.58,"ITSERV_VA":5754.75,"ITSERV_EXP":245.91,"SERFIN_VA":32587.63,"SERFIN_EXP":1074.34,"GOBEST_VA":35703.21,"GOBEST_EXP":269.55,"SPRSCT_VA":12718.03,"SPRSCT_EXP":1023.23,"SEAEMP_VA":8957.0,"SEAEMP_EXP":1070.19,"ADPDEF_VA":23366.04,"ADPDEF_EXP":11.08,"EDUCAC_VA":17840.99,"EDUCAC_EXP":1030.77,"SALUDH_VA":19646.46,"SALUDH_EXP":127.77,"ESPARC_VA":3548.97,"ESPARC_EXP":406.88,"OTRSER_VA":3806.86,"OTRSER_EXP":115.23,"SERHOG_VA":0.0,"SERHOG_EXP":0.0}},{"type":"Feature","geometry":{"type":"Point","coordinates":[14.55,47.52]},"properties":{"id":"AUT","name":"Austria","continent":"europe","year":1998,"AGRPFO_VA":2922.17,"AGRPFO_EXP":676.26,"FORLOG_VA":1164.1,"FORLOG_EXP":77.46,"PESCAC_VA":7.51,"PESCAC_EXP":4.54,"MINCOL_VA":18.94,"MINCOL_EXP":2.19,"PETGAS_VA":100.93,"PETGAS_EXP":29.67,"MINORE_VA":80.81,"MINORE_EXP":57.92,"MINOTH_VA":393.81,"MINOTH_EXP":112.9,"MINSER_VA":23.88,"MINSER_EXP":5.91,"ALYBEB_VA":4134.18,"ALYBEB_EXP":2542.79,"TEXYPR_VA":1784.05,"TEXYPR_EXP":2865.98,"MADYPR_VA":1932.61,"MADYPR_EXP":1782.55,"PAPYPR_VA":2960.88,"PAPYPR_EXP":2922.76,"PETREF_VA":726.92,"PETREF_EXP":461.38,"QUIMYP_VA":1513.64,"QUIMYP_EXP":2604.76,"FARMED_VA":911.24,"FARMED_EXP":1172.73,"HUPLAS_VA":1806.79,"HUPLAS_EXP":1911.69,"PRNOMT_VA":2433.5,"PRNOMT_EXP":1327.96,"METBAS_VA":1484.93,"METBAS_EXP":2676.51,"NONFER_VA":894.51,"NONFER_EXP":1008.11,"PRMETA_VA":3875.38,"PRMETA_EXP":2562.88,"ELCTRO_VA":3065.88,"ELCTRO_EXP":4074.15,"ELCTRI_VA":2626.32,"ELCTRI_EXP":2405.58,"MAQYEQ_VA":4145.66,"MAQYEQ_EXP":6583.37,"AUTOMO_VA":2605.08,"AUTOMO_EXP":5511.94,"OTRTRA_VA":64.21,"OTRTRA_EXP":35.68,"TRANSP_VA":464.77,"TRANSP_EXP":508.94,"OTRMAN_VA":3288.67,"OTRMAN_EXP":2810.76,"ELEGAS_VA":5038.27,"ELEGAS_EXP":457.53,"AGUBAS_VA":2230.51,"AGUBAS_EXP":11.68,"CONSTR_VA":15736.45,"CONSTR_EXP":320.01,"COMREV_VA":26031.13,"COMREV_EXP":9998.59,"TRATIE_VA":7542.13,"TRATIE_EXP":3993.38,"TRAGUA_VA":161.27,"TRAGUA_EXP":57.41,"TRAAIR_VA":832.58,"TRAAIR_EXP":707.79,"ALMSTR_VA":1813.71,"ALMSTR_EXP":1542.56,"POSTME_VA":1364.21,"POSTME_EXP":227.2,"HOTYRE_VA":7234.17,"HOTYRE_EXP":2075.35,"MMTVRA_VA":1566.24,"MMTVRA_EXP":501.82,"TELECO_VA":3276.48,"TELECO_EXP":580.76,"ITSERV_VA":2129.18,"ITSERV_EXP":270.21,"SERFIN_VA":10763.19,"SERFIN_EXP":2235.46,"GOBEST_VA":14876.64,"GOBEST_EXP":611.43,"SPRSCT_VA":7210.85,"SPRSCT_EXP":3167.15,"SEAEMP_VA":5483.34,"SEAEMP_EXP":860.52,"ADPDEF_VA":12501.73,"ADPDEF_EXP":165.23,"EDUCAC_VA":10805.32,"EDUCAC_EXP":5.13,"SALUDH_VA":11856.51,"SALUDH_EXP":271.18,"ESPARC_VA":2035.47,"ESPARC_EXP":564.07,"OTRSER_VA":3099.86,"OTRSER_EXP":211.46,"SERHOG_VA":219.03,"SERHOG_EXP":0.0}},{"type":"Feature","geometry":{"type":"Point","coordinates":[4.47,50.5]},"properties":{"id":"BEL","name":"Bélgica","continent":"europe","year":1998,"AGRPFO_VA":3145.78,"AGRPFO_EXP":917.16,"FORLOG_VA":137.55,"FORLOG_EXP":50.15,"PESCAC_VA":81.07,"PESCAC_EXP":42.06,"MINCOL_VA":0.0,"MINCOL_EXP":0.0,"PETGAS_VA":0.0,"PETGAS_EXP":0.0,"MINORE_VA":0.0,"MINORE_EXP":0.0,"MINOTH_VA":361.67,"MINOTH_EXP":100.1,"MINSER_VA":29.67,"MINSER_EXP":15.15,"ALYBEB_VA":6025.98,"ALYBEB_EXP":9096.5,"TEXYPR_VA":2877.53,"TEXYPR_EXP":5638.65,"MADYPR_VA":709.04,"MADYPR_EXP":664.07,"PAPYPR_VA":2742.64,"PAPYPR_EXP":1555.46,"PETREF_VA":1420.53,"PETREF_EXP":3337.39,"QUIMYP_VA":7602.88,"QUIMYP_EXP":14794.21,"FARMED_VA":2772.2,"FARMED_EXP":3110.29,"HUPLAS_VA":1820.92,"HUPLAS_EXP":2829.68,"PRNOMT_VA":2392.18,"PRNOMT_EXP":1847.28,"METBAS_VA":2777.15,"METBAS_EXP":5176.8,"NONFER_VA":822.03,"NONFER_EXP":2963.6,"PRMETA_VA":3627.78,"PRMETA_EXP":2879.89,"ELCTRO_VA":1861.8,"ELCTRO_EXP":2731.12,"ELCTRI_VA":1892.7,"ELCTRI_EXP":1831.45,"MAQYEQ_VA":2952.55,"MAQYEQ_EXP":3734.2,"AUTOMO_VA":4873.76,"AUTOMO_EXP":12060.52,"OTRTRA_VA":15.7,"OTRTRA_EXP":49.23,"TRANSP_VA":502.12,"TRANSP_EXP":544.14,"OTRMAN_VA":1749.77,"OTRMAN_EXP":2552.45,"ELEGAS_VA":5862.99,"ELEGAS_EXP":330.77,"AGUBAS_VA":1540.43,"AGUBAS_EXP":486.08,"CONSTR_VA":11996.45,"CONSTR_EXP":325.4,"COMREV_VA":28327.99,"COMREV_EXP":16852.82,"TRATIE_VA":6953.21,"TRATIE_EXP":4017.81,"TRAGUA_VA":151.1,"TRAGUA_EXP":1580.92,"TRAAIR_VA":856.58,"TRAAIR_EXP":3296.51,"ALMSTR_VA":5572.18,"ALMSTR_EXP":6814.24,"POSTME_VA":1940.72,"POSTME_EXP":897.35,"HOTYRE_VA":3899.61,"HOTYRE_EXP":969.51,"MMTVRA_VA":2280.25,"MMTVRA_EXP":966.36,"TELECO_VA":4067.82,"TELECO_EXP":1415.56,"ITSERV_VA":2496.18,"ITSERV_EXP":1159.43,"SERFIN_VA":13275.23,"SERFIN_EXP":3154.28,"GOBEST_VA":20234.05,"GOBEST_EXP":184.89,"SPRSCT_VA":17921.76,"SPRSCT_EXP":8125.49,"SEAEMP_VA":7986.07,"SEAEMP_EXP":1183.95,"ADPDEF_VA":16805.38,"ADPDEF_EXP":99.71,"EDUCAC_VA":15069.6,"EDUCAC_EXP":186.13,"SALUDH_VA":13983.01,"SALUDH_EXP":267.82,"ESPARC_VA":1387.2,"ESPARC_EXP":366.25,"OTRSER_VA":3307.32,"OTRSER_EXP":83.18,"SERHOG_VA":525.98,"SERHOG_EXP":0.0}},{"type":"Feature","geometry":{"type":"Point","coordinates":[90.36,23.68]},"properties":{"id":"BGD","name":"Bangladesh","continent":"asia","year":1998,"AGRPFO_VA":3960.01,"AGRPFO_EXP":117.78,"FORLOG_VA":796.32,"FORLOG_EXP":1.29,"PESCAC_VA":1230.74,"PESCAC_EXP":4.74,"MINCOL_VA":2.13,"MINCOL_EXP":0.05,"PETGAS_VA":413.23,"PETGAS_EXP":2.21,"MINORE_VA":1.9,"MINORE_EXP":0.01,"MINOTH_VA":22.23,"MINOTH_EXP":0.22,"MINSER_VA":19.4,"MINSER_EXP":1.14,"ALYBEB_VA":1433.95,"ALYBEB_EXP":556.31,"TEXYPR_VA":5522.65,"TEXYPR_EXP":2884.86,"MADYPR_VA":11.64,"MADYPR_EXP":11.47,"PAPYPR_VA":72.29,"PAPYPR_EXP":1.94,"PETREF_VA":11.07,"PETREF_EXP":9.54,"QUIMYP_VA":90.95,"QUIMYP_EXP":37.67,"FARMED_VA":199.77,"FARMED_EXP":2.69,"HUPLAS_VA":780.78,"HUPLAS_EXP":21.32,"PRNOMT_VA":637.14,"PRNOMT_EXP":11.92,"METBAS_VA":221.64,"METBAS_EXP":0.79,"NONFER_VA":161.29,"NONFER_EXP":0.34,"PRMETA_VA":58.81,"PRMETA_EXP":11.3,"ELCTRO_VA":59.84,"ELCTRO_EXP":2.73,"ELCTRI_VA":110.46,"ELCTRI_EXP":19.96,"MAQYEQ_VA":14.16,"MAQYEQ_EXP":15.74,"AUTOMO_VA":8.38,"AUTOMO_EXP":1.7,"OTRTRA_VA":55.42,"OTRTRA_EXP":5.17,"TRANSP_VA":62.54,"TRANSP_EXP":2.26,"OTRMAN_VA":116.73,"OTRMAN_EXP":31.26,"ELEGAS_VA":526.29,"ELEGAS_EXP":0.99,"AGUBAS_VA":669.27,"AGUBAS_EXP":2.07,"CONSTR_VA":3573.23,"CONSTR_EXP":7.61,"COMREV_VA":4331.98,"COMREV_EXP":687.53,"TRATIE_VA":1101.62,"TRATIE_EXP":46.06,"TRAGUA_VA":331.1,"TRAGUA_EXP":69.54,"TRAAIR_VA":231.08,"TRAAIR_EXP":37.95,"ALMSTR_VA":384.27,"ALMSTR_EXP":17.33,"POSTME_VA":67.57,"POSTME_EXP":0.29,"HOTYRE_VA":983.09,"HOTYRE_EXP":22.41,"MMTVRA_VA":289.03,"MMTVRA_EXP":10.7,"TELECO_VA":742.61,"TELECO_EXP":32.27,"ITSERV_VA":241.58,"ITSERV_EXP":33.17,"SERFIN_VA":1550.83,"SERFIN_EXP":44.98,"GOBEST_VA":2241.61,"GOBEST_EXP":9.45,"SPRSCT_VA":1222.99,"SPRSCT_EXP":260.73,"SEAEMP_VA":771.66,"SEAEMP_EXP":94.28,"ADPDEF_VA":1434.4,"ADPDEF_EXP":0.9,"EDUCAC_VA":1168.57,"EDUCAC_EXP":2.1,"SALUDH_VA":1606.35,"SALUDH_EXP":1.73,"ESPARC_VA":508.1,"ESPARC_EXP":4.43,"OTRSER_VA":765.44,"OTRSER_EXP":3.28,"SERHOG_VA":0.0,"SERHOG_EXP":0.0}},{"type":"Feature","geometry":{"type":"Point","coordinates":[25.49,42.73]},"properties":{"id":"BGR","name":"Bulgaria","continent":"europe","year":1998,"AGRPFO_VA":1904.46,"AGRPFO_EXP":332.79,"FORLOG_VA":84.05,"FORLOG_EXP":16.26,"PESCAC_VA":8.39,"PESCAC_EXP":1.67,"MINCOL_VA":98.34,"MINCOL_EXP":0.63,"PETGAS_VA":22.85,"PETGAS_EXP":2.4,"MINORE_VA":137.73,"MINORE_EXP":146.05,"MINOTH_VA":47.94,"MINOTH_EXP":31.49,"MINSER_VA":0.05,"MINSER_EXP":0.02,"ALYBEB_VA":359.31,"ALYBEB_EXP":323.02,"TEXYPR_VA":252.34,"TEXYPR_EXP":358.87,"MADYPR_VA":37.35,"MADYPR_EXP":69.93,"PAPYPR_VA":47.09,"PAPYPR_EXP":55.3,"PETREF_VA":345.99,"PETREF_EXP":440.32,"QUIMYP_VA":112.89,"QUIMYP_EXP":308.92,"FARMED_VA":54.88,"FARMED_EXP":67.71,"HUPLAS_VA":54.48,"HUPLAS_EXP":46.9,"PRNOMT_VA":107.29,"PRNOMT_EXP":95.05,"METBAS_VA":115.86,"METBAS_EXP":370.31,"NONFER_VA":67.96,"NONFER_EXP":135.88,"PRMETA_VA":97.64,"PRMETA_EXP":93.06,"ELCTRO_VA":30.76,"ELCTRO_EXP":49.91,"ELCTRI_VA":53.57,"ELCTRI_EXP":78.28,"MAQYEQ_VA":134.48,"MAQYEQ_EXP":213.09,"AUTOMO_VA":24.03,"AUTOMO_EXP":13.01,"OTRTRA_VA":12.22,"OTRTRA_EXP":13.59,"TRANSP_VA":16.07,"TRANSP_EXP":16.82,"OTRMAN_VA":115.34,"OTRMAN_EXP":119.67,"ELEGAS_VA":517.73,"ELEGAS_EXP":340.33,"AGUBAS_VA":114.93,"AGUBAS_EXP":5.85,"CONSTR_VA":615.67,"CONSTR_EXP":20.77,"COMREV_VA":1233.34,"COMREV_EXP":458.43,"TRATIE_VA":497.98,"TRATIE_EXP":271.39,"TRAGUA_VA":74.53,"TRAGUA_EXP":160.64,"TRAAIR_VA":31.06,"TRAAIR_EXP":170.89,"ALMSTR_VA":100.16,"ALMSTR_EXP":163.16,"POSTME_VA":197.49,"POSTME_EXP":6.59,"HOTYRE_VA":283.15,"HOTYRE_EXP":362.84,"MMTVRA_VA":75.39,"MMTVRA_EXP":20.95,"TELECO_VA":207.08,"TELECO_EXP":49.18,"ITSERV_VA":33.1,"ITSERV_EXP":7.76,"SERFIN_VA":513.78,"SERFIN_EXP":72.51,"GOBEST_VA":1241.53,"GOBEST_EXP":47.6,"SPRSCT_VA":565.13,"SPRSCT_EXP":44.06,"SEAEMP_VA":1058.21,"SEAEMP_EXP":71.12,"ADPDEF_VA":1159.09,"ADPDEF_EXP":0.02,"EDUCAC_VA":514.33,"EDUCAC_EXP":21.57,"SALUDH_VA":342.33,"SALUDH_EXP":26.95,"ESPARC_VA":119.2,"ESPARC_EXP":40.72,"OTRSER_VA":161.73,"OTRSER_EXP":18.61,"SERHOG_VA":20.32,"SERHOG_EXP":0.0}},{"type":"Feature","geometry":{"type":"Point","coordinates":[27.95,53.71]},"properties":{"id":"BLR","name":"Bielorrusia","continent":"europe","year":1998,"AGRPFO_VA":1483.51,"AGRPFO_EXP":123.34,"FORLOG_VA":90.12,"FORLOG_EXP":26.7,"PESCAC_VA":30.41,"PESCAC_EXP":4.32,"MINCOL_VA":2.85,"MINCOL_EXP":0.07,"PETGAS_VA":79.58,"PETGAS_EXP":24.48,"MINORE_VA":2.48,"MINORE_EXP":0.35,"MINOTH_VA":52.34,"MINOTH_EXP":43.1,"MINSER_VA":27.35,"MINSER_EXP":3.33,"ALYBEB_VA":965.72,"ALYBEB_EXP":611.05,"TEXYPR_VA":570.97,"TEXYPR_EXP":767.12,"MADYPR_VA":115.01,"MADYPR_EXP":153.01,"PAPYPR_VA":235.88,"PAPYPR_EXP":133.45,"PETREF_VA":745.71,"PETREF_EXP":210.93,"QUIMYP_VA":403.13,"QUIMYP_EXP":991.6,"FARMED_VA":106.04,"FARMED_EXP":64.18,"HUPLAS_VA":138.13,"HUPLAS_EXP":320.93,"PRNOMT_VA":236.89,"PRNOMT_EXP":175.73,"METBAS_VA":144.06,"METBAS_EXP":321.98,"NONFER_VA":105.13,"NONFER_EXP":26.2,"PRMETA_VA":173.32,"PRMETA_EXP":288.44,"ELCTRO_VA":129.37,"ELCTRO_EXP":196.26,"ELCTRI_VA":132.38,"ELCTRI_EXP":329.79,"MAQYEQ_VA":326.31,"MAQYEQ_EXP":825.09,"AUTOMO_VA":453.18,"AUTOMO_EXP":189.53,"OTRTRA_VA":34.89,"OTRTRA_EXP":1.57,"TRANSP_VA":38.54,"TRANSP_EXP":28.43,"OTRMAN_VA":268.27,"OTRMAN_EXP":292.21,"ELEGAS_VA":374.35,"ELEGAS_EXP":3.41,"AGUBAS_VA":120.31,"AGUBAS_EXP":3.05,"CONSTR_VA":936.94,"CONSTR_EXP":15.84,"COMREV_VA":1297.14,"COMREV_EXP":413.94,"TRATIE_VA":360.66,"TRATIE_EXP":81.58,"TRAGUA_VA":101.43,"TRAGUA_EXP":232.32,"TRAAIR_VA":69.12,"TRAAIR_EXP":189.36,"ALMSTR_VA":115.88,"ALMSTR_EXP":64.2,"POSTME_VA":22.28,"POSTME_EXP":0.5,"HOTYRE_VA":311.61,"HOTYRE_EXP":8.14,"MMTVRA_VA":94.13,"MMTVRA_EXP":34.62,"TELECO_VA":227.43,"TELECO_EXP":64.77,"ITSERV_VA":68.68,"ITSERV_EXP":56.22,"SERFIN_VA":477.56,"SERFIN_EXP":107.47,"GOBEST_VA":619.79,"GOBEST_EXP":12.23,"SPRSCT_VA":349.86,"SPRSCT_EXP":240.63,"SEAEMP_VA":222.49,"SEAEMP_EXP":87.88,"ADPDEF_VA":678.9,"ADPDEF_EXP":1.73,"EDUCAC_VA":443.83,"EDUCAC_EXP":1.34,"SALUDH_VA":490.61,"SALUDH_EXP":1.03,"ESPARC_VA":92.86,"ESPARC_EXP":4.52,"OTRSER_VA":161.94,"OTRSER_EXP":2.48,"SERHOG_VA":0.0,"SERHOG_EXP":0.0}},{"type":"Feature","geometry":{"type":"Point","coordinates":[-51.93,-14.24]},"properties":{"id":"BRA","name":"Brasil","continent":"america","year":1998,"AGRPFO_VA":31057.88,"AGRPFO_EXP":4208.61,"FORLOG_VA":3138.81,"FORLOG_EXP":40.54,"PESCAC_VA":1877.6,"PESCAC_EXP":12.68,"MINCOL_VA":1383.36,"MINCOL_EXP":0.3,"PETGAS_VA":7749.79,"PETGAS_EXP":11.39,"MINORE_VA":876.02,"MINORE_EXP":1697.36,"MINOTH_VA":1267.8,"MINOTH_EXP":214.23,"MINSER_VA":914.61,"MINSER_EXP":23.08,"ALYBEB_VA":16511.84,"ALYBEB_EXP":6692.06,"TEXYPR_VA":13022.39,"TEXYPR_EXP":2181.85,"MADYPR_VA":2314.75,"MADYPR_EXP":839.85,"PAPYPR_VA":8447.66,"PAPYPR_EXP":1772.11,"PETREF_VA":9462.6,"PETREF_EXP":1310.83,"QUIMYP_VA":9755.08,"QUIMYP_EXP":2440.44,"FARMED_VA":5105.69,"FARMED_EXP":400.49,"HUPLAS_VA":4408.05,"HUPLAS_EXP":785.75,"PRNOMT_VA":4257.28,"PRNOMT_EXP":555.36,"METBAS_VA":2949.05,"METBAS_EXP":3226.02,"NONFER_VA":1576.89,"NONFER_EXP":1867.91,"PRMETA_VA":6708.73,"PRMETA_EXP":747.13,"ELCTRO_VA":4256.71,"ELCTRO_EXP":1196.95,"ELCTRI_VA":3344.41,"ELCTRI_EXP":824.91,"MAQYEQ_VA":8662.46,"MAQYEQ_EXP":2453.22,"AUTOMO_VA":10389.41,"AUTOMO_EXP":5133.47,"OTRTRA_VA":627.96,"OTRTRA_EXP":123.91,"TRANSP_VA":1267.99,"TRANSP_EXP":1056.31,"OTRMAN_VA":4255.08,"OTRMAN_EXP":1328.94,"ELEGAS_VA":21832.58,"ELEGAS_EXP":38.64,"AGUBAS_VA":5862.44,"AGUBAS_EXP":0.45,"CONSTR_VA":57339.34,"CONSTR_EXP":2.23,"COMREV_VA":116597.1,"COMREV_EXP":10549.32,"TRATIE_VA":21066.78,"TRATIE_EXP":1269.65,"TRAGUA_VA":775.13,"TRAGUA_EXP":341.75,"TRAAIR_VA":1394.43,"TRAAIR_EXP":490.63,"ALMSTR_VA":8329.05,"ALMSTR_EXP":832.12,"POSTME_VA":1890.97,"POSTME_EXP":2.59,"HOTYRE_VA":15380.01,"HOTYRE_EXP":368.98,"MMTVRA_VA":5111.47,"MMTVRA_EXP":136.77,"TELECO_VA":12759.88,"TELECO_EXP":209.81,"ITSERV_VA":9674.8,"ITSERV_EXP":60.48,"SERFIN_VA":54309.55,"SERFIN_EXP":471.56,"GOBEST_VA":84462.59,"GOBEST_EXP":20.98,"SPRSCT_VA":29084.54,"SPRSCT_EXP":2069.36,"SEAEMP_VA":26539.86,"SEAEMP_EXP":885.74,"ADPDEF_VA":66883.95,"ADPDEF_EXP":108.85,"EDUCAC_VA":35548.82,"EDUCAC_EXP":22.48,"SALUDH_VA":20110.53,"SALUDH_EXP":19.4,"ESPARC_VA":7818.41,"ESPARC_EXP":91.86,"OTRSER_VA":13782.24,"OTRSER_EXP":20.85,"SERHOG_VA":7681.12,"SERHOG_EXP":0.0}},{"type":"Feature","geometry":{"type":"Point","coordinates":[114.73,4.54]},"properties":{"id":"BRN","name":"Brunéi","continent":"asia","year":1998,"AGRPFO_VA":12.57,"AGRPFO_EXP":0.13,"FORLOG_VA":4.26,"FORLOG_EXP":0.03,"PESCAC_VA":12.34,"PESCAC_EXP":0.12,"MINCOL_VA":207.2,"MINCOL_EXP":0.0,"PETGAS_VA":1658.52,"PETGAS_EXP":1547.42,"MINORE_VA":223.21,"MINORE_EXP":0.02,"MINOTH_VA":155.52,"MINOTH_EXP":0.06,"MINSER_VA":130.02,"MINSER_EXP":22.47,"ALYBEB_VA":4.7,"ALYBEB_EXP":0.3,"TEXYPR_VA":7.79,"TEXYPR_EXP":7.06,"MADYPR_VA":0.85,"MADYPR_EXP":0.0,"PAPYPR_VA":2.05,"PAPYPR_EXP":0.1,"PETREF_VA":533.3,"PETREF_EXP":38.29,"QUIMYP_VA":3.02,"QUIMYP_EXP":0.06,"FARMED_VA":2.26,"FARMED_EXP":0.07,"HUPLAS_VA":3.26,"HUPLAS_EXP":0.06,"PRNOMT_VA":6.49,"PRNOMT_EXP":0.05,"METBAS_VA":0.63,"METBAS_EXP":0.01,"NONFER_VA":0.51,"NONFER_EXP":0.04,"PRMETA_VA":2.62,"PRMETA_EXP":0.08,"ELCTRO_VA":0.88,"ELCTRO_EXP":0.11,"ELCTRI_VA":1.51,"ELCTRI_EXP":0.12,"MAQYEQ_VA":2.5,"MAQYEQ_EXP":0.17,"AUTOMO_VA":0.0,"AUTOMO_EXP":0.0,"OTRTRA_VA":1.71,"OTRTRA_EXP":0.02,"TRANSP_VA":1.74,"TRANSP_EXP":3.42,"OTRMAN_VA":1.45,"OTRMAN_EXP":0.17,"ELEGAS_VA":26.88,"ELEGAS_EXP":0.08,"AGUBAS_VA":7.11,"AGUBAS_EXP":0.19,"CONSTR_VA":97.24,"CONSTR_EXP":0.16,"COMREV_VA":191.05,"COMREV_EXP":9.31,"TRATIE_VA":32.51,"TRATIE_EXP":6.82,"TRAGUA_VA":36.58,"TRAGUA_EXP":4.8,"TRAAIR_VA":11.38,"TRAAIR_EXP":11.69,"ALMSTR_VA":12.03,"ALMSTR_EXP":3.33,"POSTME_VA":2.47,"POSTME_EXP":2.95,"HOTYRE_VA":41.21,"HOTYRE_EXP":14.63,"MMTVRA_VA":3.36,"MMTVRA_EXP":0.72,"TELECO_VA":76.18,"TELECO_EXP":3.99,"ITSERV_VA":8.22,"ITSERV_EXP":3.53,"SERFIN_VA":223.06,"SERFIN_EXP":4.74,"GOBEST_VA":64.26,"GOBEST_EXP":4.2,"SPRSCT_VA":81.55,"SPRSCT_EXP":38.69,"SEAEMP_VA":25.09,"SEAEMP_EXP":19.89,"ADPDEF_VA":425.2,"ADPDEF_EXP":0.07,"EDUCAC_VA":110.67,"EDUCAC_EXP":1.21,"SALUDH_VA":53.41,"SALUDH_EXP":0.97,"ESPARC_VA":4.55,"ESPARC_EXP":0.96,"OTRSER_VA":5.84,"OTRSER_EXP":0.91,"SERHOG_VA":4.22,"SERHOG_EXP":0.0}},{"type":"Feature","geometry":{"type":"Point","coordinates":[-106.35,56.13]},"properties":{"id":"CAN","name":"Canadá","continent":"america","year":1998,"AGRPFO_VA":7934.64,"AGRPFO_EXP":7140.3,"FORLOG_VA":3700.23,"FORLOG_EXP":387.7,"PESCAC_VA":747.71,"PESCAC_EXP":386.22,"MINCOL_VA":742.86,"MINCOL_EXP":1140.27,"PETGAS_VA":10102.68,"PETGAS_EXP":16410.81,"MINORE_VA":2923.86,"MINORE_EXP":5389.49,"MINOTH_VA":1905.08,"MINOTH_EXP":788.76,"MINSER_VA":2644.11,"MINSER_EXP":182.14,"ALYBEB_VA":13372.11,"ALYBEB_EXP":9961.85,"TEXYPR_VA":4501.42,"TEXYPR_EXP":3611.63,"MADYPR_VA":6260.01,"MADYPR_EXP":11966.31,"PAPYPR_VA":10338.39,"PAPYPR_EXP":14678.71,"PETREF_VA":1080.72,"PETREF_EXP":3740.94,"QUIMYP_VA":6779.92,"QUIMYP_EXP":9771.69,"FARMED_VA":1404.98,"FARMED_EXP":1138.47,"HUPLAS_VA":4990.28,"HUPLAS_EXP":5168.72,"PRNOMT_VA":3042.13,"PRNOMT_EXP":1697.1,"METBAS_VA":3937.99,"METBAS_EXP":3022.56,"NONFER_VA":3860.58,"NONFER_EXP":9787.28,"PRMETA_VA":6744.32,"PRMETA_EXP":6723.37,"ELCTRO_VA":5891.24,"ELCTRO_EXP":6587.5,"ELCTRI_VA":2416.62,"ELCTRI_EXP":3265.49,"MAQYEQ_VA":6957.59,"MAQYEQ_EXP":10517.71,"AUTOMO_VA":15350.38,"AUTOMO_EXP":31678.58,"OTRTRA_VA":291.19,"OTRTRA_EXP":369.52,"TRANSP_VA":4420.82,"TRANSP_EXP":8314.31,"OTRMAN_VA":6525.54,"OTRMAN_EXP":4843.87,"ELEGAS_VA":17085.14,"ELEGAS_EXP":1811.45,"AGUBAS_VA":1985.96,"AGUBAS_EXP":70.39,"CONSTR_VA":31808.65,"CONSTR_EXP":216.31,"COMREV_VA":64522.82,"COMREV_EXP":24081.49,"TRATIE_VA":16421.23,"TRATIE_EXP":2518.21,"TRAGUA_VA":703.32,"TRAGUA_EXP":418.81,"TRAAIR_VA":3265.28,"TRAAIR_EXP":4525.44,"ALMSTR_VA":4432.95,"ALMSTR_EXP":909.7,"POSTME_VA":3466.36,"POSTME_EXP":434.35,"HOTYRE_VA":14642.3,"HOTYRE_EXP":4344.82,"MMTVRA_VA":8338.48,"MMTVRA_EXP":1836.95,"TELECO_VA":10762.69,"TELECO_EXP":485.09,"ITSERV_VA":5486.18,"ITSERV_EXP":1261.77,"SERFIN_VA":40632.37,"SERFIN_EXP":4780.05,"GOBEST_VA":61662.77,"GOBEST_EXP":566.41,"SPRSCT_VA":34209.68,"SPRSCT_EXP":4191.66,"SEAEMP_VA":14955.14,"SEAEMP_EXP":2591.68,"ADPDEF_VA":38985.58,"ADPDEF_EXP":1220.84,"EDUCAC_VA":32830.79,"EDUCAC_EXP":609.16,"SALUDH_VA":37289.04,"SALUDH_EXP":355.24,"ESPARC_VA":5480.72,"ESPARC_EXP":1547.48,"OTRSER_VA":7685.12,"OTRSER_EXP":130.93,"SERHOG_VA":1379.7,"SERHOG_EXP":0.0}},{"type":"Feature","geometry":{"type":"Point","coordinates":[8.23,46.82]},"properties":{"id":"CHE","name":"Suiza","continent":"europe","year":1998,"AGRPFO_VA":3082.09,"AGRPFO_EXP":133.44,"FORLOG_VA":271.98,"FORLOG_EXP":117.44,"PESCAC_VA":16.01,"PESCAC_EXP":10.31,"MINCOL_VA":0.0,"MINCOL_EXP":0.0,"PETGAS_VA":0.0,"PETGAS_EXP":0.0,"MINORE_VA":45.45,"MINORE_EXP":20.78,"MINOTH_VA":430.5,"MINOTH_EXP":97.65,"MINSER_VA":51.43,"MINSER_EXP":11.34,"ALYBEB_VA":4490.47,"ALYBEB_EXP":2798.76,"TEXYPR_VA":1186.86,"TEXYPR_EXP":1554.41,"MADYPR_VA":1991.61,"MADYPR_EXP":368.71,"PAPYPR_VA":3238.88,"PAPYPR_EXP":1460.61,"PETREF_VA":134.97,"PETREF_EXP":164.43,"QUIMYP_VA":3550.21,"QUIMYP_EXP":4387.5,"FARMED_VA":6594.78,"FARMED_EXP":6202.84,"HUPLAS_VA":1962.17,"HUPLAS_EXP":1818.48,"PRNOMT_VA":1523.62,"PRNOMT_EXP":506.94,"METBAS_VA":719.31,"METBAS_EXP":723.34,"NONFER_VA":788.71,"NONFER_EXP":670.0,"PRMETA_VA":5786.23,"PRMETA_EXP":2417.6,"ELCTRO_VA":8638.07,"ELCTRO_EXP":8198.7,"ELCTRI_VA":3715.04,"ELCTRI_EXP":4916.97,"MAQYEQ_VA":7812.52,"MAQYEQ_EXP":11360.48,"AUTOMO_VA":354.97,"AUTOMO_EXP":567.63,"OTRTRA_VA":17.77,"OTRTRA_EXP":6.18,"TRANSP_VA":390.84,"TRANSP_EXP":497.19,"OTRMAN_VA":3905.25,"OTRMAN_EXP":2317.78,"ELEGAS_VA":6924.99,"ELEGAS_EXP":17.93,"AGUBAS_VA":1386.46,"AGUBAS_EXP":8.05,"CONSTR_VA":16227.47,"CONSTR_EXP":191.1,"COMREV_VA":41076.08,"COMREV_EXP":15913.88,"TRATIE_VA":7455.14,"TRATIE_EXP":4490.36,"TRAGUA_VA":217.84,"TRAGUA_EXP":3753.77,"TRAAIR_VA":1104.72,"TRAAIR_EXP":1852.01,"ALMSTR_VA":2125.01,"ALMSTR_EXP":807.04,"POSTME_VA":2232.47,"POSTME_EXP":832.6,"HOTYRE_VA":7721.36,"HOTYRE_EXP":2349.21,"MMTVRA_VA":2404.96,"MMTVRA_EXP":1921.91,"TELECO_VA":5440.39,"TELECO_EXP":1070.96,"ITSERV_VA":5582.68,"ITSERV_EXP":2769.32,"SERFIN_VA":35417.14,"SERFIN_EXP":17458.48,"GOBEST_VA":20328.09,"GOBEST_EXP":582.51,"SPRSCT_VA":21500.57,"SPRSCT_EXP":1974.62,"SEAEMP_VA":6336.28,"SEAEMP_EXP":1500.45,"ADPDEF_VA":24643.79,"ADPDEF_EXP":295.9,"EDUCAC_VA":2348.12,"EDUCAC_EXP":157.03,"SALUDH_VA":17703.0,"SALUDH_EXP":166.31,"ESPARC_VA":1613.68,"ESPARC_EXP":376.89,"OTRSER_VA":4007.03,"OTRSER_EXP":120.63,"SERHOG_VA":1087.22,"SERHOG_EXP":0.0}},{"type":"Feature","geometry":{"type":"Point","coordinates":[-71.54,-35.68]},"properties":{"id":"CHL","name":"Chile","continent":"america","year":1998,"AGRPFO_VA":2035.35,"AGRPFO_EXP":879.8,"FORLOG_VA":582.55,"FORLOG_EXP":58.25,"PESCAC_VA":909.03,"PESCAC_EXP":424.5,"MINCOL_VA":10.6,"MINCOL_EXP":0.14,"PETGAS_VA":71.98,"PETGAS_EXP":2.9,"MINORE_VA":7811.24,"MINORE_EXP":7646.67,"MINOTH_VA":288.12,"MINOTH_EXP":28.3,"MINSER_VA":198.91,"MINSER_EXP":13.0,"ALYBEB_VA":2783.08,"ALYBEB_EXP":1813.54,"TEXYPR_VA":301.48,"TEXYPR_EXP":259.08,"MADYPR_VA":357.42,"MADYPR_EXP":540.31,"PAPYPR_VA":774.41,"PAPYPR_EXP":662.66,"PETREF_VA":345.73,"PETREF_EXP":174.93,"QUIMYP_VA":1026.5,"QUIMYP_EXP":348.29,"FARMED_VA":229.92,"FARMED_EXP":15.1,"HUPLAS_VA":323.55,"HUPLAS_EXP":130.38,"PRNOMT_VA":426.97,"PRNOMT_EXP":44.36,"METBAS_VA":126.2,"METBAS_EXP":57.78,"NONFER_VA":231.67,"NONFER_EXP":113.75,"PRMETA_VA":554.16,"PRMETA_EXP":132.92,"ELCTRO_VA":1329.32,"ELCTRO_EXP":51.76,"ELCTRI_VA":226.65,"ELCTRI_EXP":120.25,"MAQYEQ_VA":265.08,"MAQYEQ_EXP":157.4,"AUTOMO_VA":0.14,"AUTOMO_EXP":0.05,"OTRTRA_VA":66.59,"OTRTRA_EXP":29.47,"TRANSP_VA":127.45,"TRANSP_EXP":40.68,"OTRMAN_VA":406.81,"OTRMAN_EXP":339.73,"ELEGAS_VA":1645.15,"ELEGAS_EXP":19.32,"AGUBAS_VA":478.94,"AGUBAS_EXP":0.63,"CONSTR_VA":5884.68,"CONSTR_EXP":0.45,"COMREV_VA":6923.2,"COMREV_EXP":1250.45,"TRATIE_VA":2536.06,"TRATIE_EXP":758.85,"TRAGUA_VA":163.31,"TRAGUA_EXP":1112.8,"TRAAIR_VA":635.45,"TRAAIR_EXP":766.04,"ALMSTR_VA":1035.85,"ALMSTR_EXP":345.52,"POSTME_VA":106.81,"POSTME_EXP":147.31,"HOTYRE_VA":1407.2,"HOTYRE_EXP":407.84,"MMTVRA_VA":246.11,"MMTVRA_EXP":61.75,"TELECO_VA":1263.77,"TELECO_EXP":198.45,"ITSERV_VA":845.37,"ITSERV_EXP":54.5,"SERFIN_VA":3577.27,"SERFIN_EXP":271.38,"GOBEST_VA":5779.64,"GOBEST_EXP":101.79,"SPRSCT_VA":5153.65,"SPRSCT_EXP":151.29,"SEAEMP_VA":2888.3,"SEAEMP_EXP":181.69,"ADPDEF_VA":3762.01,"ADPDEF_EXP":49.71,"EDUCAC_VA":3511.08,"EDUCAC_EXP":26.92,"SALUDH_VA":3484.6,"SALUDH_EXP":22.05,"ESPARC_VA":306.12,"ESPARC_EXP":70.52,"OTRSER_VA":1196.02,"OTRSER_EXP":30.26,"SERHOG_VA":0.0,"SERHOG_EXP":0.0}},{"type":"Feature","geometry":{"type":"Point","coordinates":[104.2,35.86]},"properties":{"id":"CHN","name":"China","continent":"asia","year":1998,"AGRPFO_VA":133010.47,"AGRPFO_EXP":2636.41,"FORLOG_VA":9890.29,"FORLOG_EXP":22.79,"PESCAC_VA":16261.93,"PESCAC_EXP":369.88,"MINCOL_VA":11983.55,"MINCOL_EXP":768.95,"PETGAS_VA":16848.08,"PETGAS_EXP":1165.75,"MINORE_VA":5141.03,"MINORE_EXP":480.5,"MINOTH_VA":4098.71,"MINOTH_EXP":679.62,"MINSER_VA":965.33,"MINSER_EXP":128.0,"ALYBEB_VA":40255.31,"ALYBEB_EXP":7078.76,"TEXYPR_VA":35476.8,"TEXYPR_EXP":43115.52,"MADYPR_VA":3592.45,"MADYPR_EXP":1264.18,"PAPYPR_VA":11723.1,"PAPYPR_EXP":811.25,"PETREF_VA":13821.82,"PETREF_EXP":1404.72,"QUIMYP_VA":26022.37,"QUIMYP_EXP":7104.85,"FARMED_VA":9039.89,"FARMED_EXP":1257.14,"HUPLAS_VA":13311.22,"HUPLAS_EXP":3917.74,"PRNOMT_VA":20407.17,"PRNOMT_EXP":2467.0,"METBAS_VA":18254.96,"METBAS_EXP":2358.11,"NONFER_VA":8098.1,"NONFER_EXP":1976.78,"PRMETA_VA":10515.64,"PRMETA_EXP":5036.85,"ELCTRO_VA":27409.44,"ELCTRO_EXP":21628.07,"ELCTRI_VA":19186.34,"ELCTRI_EXP":9212.93,"MAQYEQ_VA":24706.86,"MAQYEQ_EXP":4451.43,"AUTOMO_VA":22380.63,"AUTOMO_EXP":1439.49,"OTRTRA_VA":1372.23,"OTRTRA_EXP":1378.28,"TRANSP_VA":2733.43,"TRANSP_EXP":1530.28,"OTRMAN_VA":6246.85,"OTRMAN_EXP":11593.55,"ELEGAS_VA":33387.77,"ELEGAS_EXP":362.61,"AGUBAS_VA":4690.58,"AGUBAS_EXP":0.06,"CONSTR_VA":59005.13,"CONSTR_EXP":0.16,"COMREV_VA":75609.22,"COMREV_EXP":8822.75,"TRATIE_VA":31980.02,"TRATIE_EXP":2855.11,"TRAGUA_VA":9136.79,"TRAGUA_EXP":12266.25,"TRAAIR_VA":3496.74,"TRAAIR_EXP":6213.29,"ALMSTR_VA":4720.31,"ALMSTR_EXP":1569.05,"POSTME_VA":2207.85,"POSTME_EXP":12.01,"HOTYRE_VA":19407.76,"HOTYRE_EXP":2718.58,"MMTVRA_VA":2320.57,"MMTVRA_EXP":474.21,"TELECO_VA":14949.42,"TELECO_EXP":551.75,"ITSERV_VA":6818.43,"ITSERV_EXP":483.7,"SERFIN_VA":45182.73,"SERFIN_EXP":516.27,"GOBEST_VA":37814.97,"GOBEST_EXP":676.21,"SPRSCT_VA":11669.2,"SPRSCT_EXP":3039.27,"SEAEMP_VA":15604.59,"SEAEMP_EXP":3023.44,"ADPDEF_VA":35834.27,"ADPDEF_EXP":0.28,"EDUCAC_VA":28483.91,"EDUCAC_EXP":112.22,"SALUDH_VA":15436.74,"SALUDH_EXP":178.17,"ESPARC_VA":4821.9,"ESPARC_EXP":399.77,"OTRSER_VA":15461.55,"OTRSER_EXP":164.54,"SERHOG_VA":0.0,"SERHOG_EXP":0.0}},{"type":"Feature","geometry":{"type":"Point","coordinates":[-5.55,7.54]},"properties":{"id":"CIV","name":"Costa de Marfil","continent":"other","year":1998,"AGRPFO_VA":3011.27,"AGRPFO_EXP":1447.46,"FORLOG_VA":87.56,"FORLOG_EXP":2.21,"PESCAC_VA":34.54,"PESCAC_EXP":1.56,"MINCOL_VA":0.83,"MINCOL_EXP":1.98,"PETGAS_VA":8.95,"PETGAS_EXP":19.79,"MINORE_VA":24.47,"MINORE_EXP":28.55,"MINOTH_VA":2.96,"MINOTH_EXP":6.97,"MINSER_VA":2.14,"MINSER_EXP":5.18,"ALYBEB_VA":679.47,"ALYBEB_EXP":582.44,"TEXYPR_VA":365.84,"TEXYPR_EXP":149.15,"MADYPR_VA":165.4,"MADYPR_EXP":204.57,"PAPYPR_VA":88.33,"PAPYPR_EXP":2.06,"PETREF_VA":254.78,"PETREF_EXP":404.96,"QUIMYP_VA":67.1,"QUIMYP_EXP":121.39,"FARMED_VA":50.21,"FARMED_EXP":1.44,"HUPLAS_VA":84.65,"HUPLAS_EXP":101.03,"PRNOMT_VA":113.99,"PRNOMT_EXP":30.64,"METBAS_VA":9.62,"METBAS_EXP":21.53,"NONFER_VA":9.68,"NONFER_EXP":19.21,"PRMETA_VA":81.14,"PRMETA_EXP":15.84,"ELCTRO_VA":0.0,"ELCTRO_EXP":0.0,"ELCTRI_VA":0.57,"ELCTRI_EXP":0.22,"MAQYEQ_VA":32.89,"MAQYEQ_EXP":17.43,"AUTOMO_VA":11.25,"AUTOMO_EXP":2.53,"OTRTRA_VA":2.09,"OTRTRA_EXP":0.53,"TRANSP_VA":3.56,"TRANSP_EXP":0.4,"OTRMAN_VA":155.19,"OTRMAN_EXP":35.56,"ELEGAS_VA":212.61,"ELEGAS_EXP":48.86,"AGUBAS_VA":36.38,"AGUBAS_EXP":0.33,"CONSTR_VA":267.49,"CONSTR_EXP":6.41,"COMREV_VA":1532.68,"COMREV_EXP":390.89,"TRATIE_VA":291.4,"TRATIE_EXP":106.43,"TRAGUA_VA":29.23,"TRAGUA_EXP":61.5,"TRAAIR_VA":56.4,"TRAAIR_EXP":74.76,"ALMSTR_VA":183.67,"ALMSTR_EXP":75.68,"POSTME_VA":38.79,"POSTME_EXP":18.06,"HOTYRE_VA":72.28,"HOTYRE_EXP":17.56,"MMTVRA_VA":68.87,"MMTVRA_EXP":15.71,"TELECO_VA":150.82,"TELECO_EXP":34.73,"ITSERV_VA":148.16,"ITSERV_EXP":114.4,"SERFIN_VA":428.28,"SERFIN_EXP":29.89,"GOBEST_VA":708.47,"GOBEST_EXP":5.68,"SPRSCT_VA":180.36,"SPRSCT_EXP":47.66,"SEAEMP_VA":356.73,"SEAEMP_EXP":3.46,"ADPDEF_VA":1094.01,"ADPDEF_EXP":0.04,"EDUCAC_VA":373.53,"EDUCAC_EXP":1.5,"SALUDH_VA":89.53,"SALUDH_EXP":0.93,"ESPARC_VA":20.51,"ESPARC_EXP":1.97,"OTRSER_VA":367.19,"OTRSER_EXP":0.94,"SERHOG_VA":29.4,"SERHOG_EXP":0.0}},{"type":"Feature","geometry":{"type":"Point","coordinates":[12.35,7.37]},"properties":{"id":"CMR","name":"Camerún","continent":"other","year":1998,"AGRPFO_VA":1429.92,"AGRPFO_EXP":412.0,"FORLOG_VA":548.93,"FORLOG_EXP":112.39,"PESCAC_VA":192.92,"PESCAC_EXP":1.89,"MINCOL_VA":96.84,"MINCOL_EXP":9.27,"PETGAS_VA":511.99,"PETGAS_EXP":542.72,"MINORE_VA":7.66,"MINORE_EXP":0.24,"MINOTH_VA":43.65,"MINOTH_EXP":3.03,"MINSER_VA":62.5,"MINSER_EXP":42.52,"ALYBEB_VA":936.03,"ALYBEB_EXP":86.68,"TEXYPR_VA":435.57,"TEXYPR_EXP":163.81,"MADYPR_VA":122.88,"MADYPR_EXP":116.47,"PAPYPR_VA":21.51,"PAPYPR_EXP":7.58,"PETREF_VA":64.86,"PETREF_EXP":4.36,"QUIMYP_VA":18.6,"QUIMYP_EXP":27.96,"FARMED_VA":10.41,"FARMED_EXP":0.41,"HUPLAS_VA":8.2,"HUPLAS_EXP":4.37,"PRNOMT_VA":30.72,"PRNOMT_EXP":38.44,"METBAS_VA":4.53,"METBAS_EXP":6.96,"NONFER_VA":13.95,"NONFER_EXP":36.34,"PRMETA_VA":6.78,"PRMETA_EXP":14.21,"ELCTRO_VA":4.82,"ELCTRO_EXP":2.38,"ELCTRI_VA":2.99,"ELCTRI_EXP":5.81,"MAQYEQ_VA":3.56,"MAQYEQ_EXP":4.94,"AUTOMO_VA":4.29,"AUTOMO_EXP":2.24,"OTRTRA_VA":0.55,"OTRTRA_EXP":0.83,"TRANSP_VA":0.86,"TRANSP_EXP":1.02,"OTRMAN_VA":65.2,"OTRMAN_EXP":3.49,"ELEGAS_VA":77.39,"ELEGAS_EXP":0.07,"AGUBAS_VA":76.03,"AGUBAS_EXP":0.24,"CONSTR_VA":721.24,"CONSTR_EXP":0.51,"COMREV_VA":966.94,"COMREV_EXP":161.64,"TRATIE_VA":514.53,"TRATIE_EXP":68.52,"TRAGUA_VA":63.87,"TRAGUA_EXP":28.38,"TRAAIR_VA":74.05,"TRAAIR_EXP":39.39,"ALMSTR_VA":244.56,"ALMSTR_EXP":43.83,"POSTME_VA":93.88,"POSTME_EXP":13.65,"HOTYRE_VA":567.01,"HOTYRE_EXP":11.95,"MMTVRA_VA":48.57,"MMTVRA_EXP":24.04,"TELECO_VA":79.69,"TELECO_EXP":26.9,"ITSERV_VA":95.99,"ITSERV_EXP":34.41,"SERFIN_VA":159.78,"SERFIN_EXP":15.1,"GOBEST_VA":529.88,"GOBEST_EXP":2.74,"SPRSCT_VA":314.65,"SPRSCT_EXP":109.77,"SEAEMP_VA":192.78,"SEAEMP_EXP":148.04,"ADPDEF_VA":592.54,"ADPDEF_EXP":0.06,"EDUCAC_VA":242.24,"EDUCAC_EXP":0.69,"SALUDH_VA":146.58,"SALUDH_EXP":0.72,"ESPARC_VA":128.99,"ESPARC_EXP":56.44,"OTRSER_VA":141.07,"OTRSER_EXP":0.83,"SERHOG_VA":10.25,"SERHOG_EXP":0.0}},{"type":"Feature","geometry":{"type":"Point","coordinates":[21.76,-4.04]},"properties":{"id":"COD","name":"R.D. Congo","continent":"other","year":1998,"AGRPFO_VA":1686.56,"AGRPFO_EXP":437.68,"FORLOG_VA":181.93,"FORLOG_EXP":207.75,"PESCAC_VA":155.84,"PESCAC_EXP":3.02,"MINCOL_VA":4.11,"MINCOL_EXP":3.78,"PETGAS_VA":223.5,"PETGAS_EXP":265.57,"MINORE_VA":391.89,"MINORE_EXP":450.76,"MINOTH_VA":648.23,"MINOTH_EXP":128.64,"MINSER_VA":42.62,"MINSER_EXP":1.71,"ALYBEB_VA":1087.38,"ALYBEB_EXP":68.44,"TEXYPR_VA":195.28,"TEXYPR_EXP":5.71,"MADYPR_VA":17.93,"MADYPR_EXP":29.12,"PAPYPR_VA":21.59,"PAPYPR_EXP":0.34,"PETREF_VA":4.05,"PETREF_EXP":2.95,"QUIMYP_VA":46.81,"QUIMYP_EXP":27.7,"FARMED_VA":5.31,"FARMED_EXP":0.84,"HUPLAS_VA":35.9,"HUPLAS_EXP":0.76,"PRNOMT_VA":42.9,"PRNOMT_EXP":5.34,"METBAS_VA":40.69,"METBAS_EXP":1.91,"NONFER_VA":203.23,"NONFER_EXP":419.06,"PRMETA_VA":21.18,"PRMETA_EXP":1.48,"ELCTRO_VA":0.44,"ELCTRO_EXP":0.43,"ELCTRI_VA":34.44,"ELCTRI_EXP":3.19,"MAQYEQ_VA":1.78,"MAQYEQ_EXP":1.23,"AUTOMO_VA":80.12,"AUTOMO_EXP":4.58,"OTRTRA_VA":7.72,"OTRTRA_EXP":0.11,"TRANSP_VA":0.22,"TRANSP_EXP":0.12,"OTRMAN_VA":66.81,"OTRMAN_EXP":19.52,"ELEGAS_VA":46.88,"ELEGAS_EXP":20.51,"AGUBAS_VA":28.89,"AGUBAS_EXP":0.72,"CONSTR_VA":147.22,"CONSTR_EXP":1.01,"COMREV_VA":798.91,"COMREV_EXP":128.53,"TRATIE_VA":848.68,"TRATIE_EXP":266.49,"TRAGUA_VA":58.03,"TRAGUA_EXP":36.15,"TRAAIR_VA":34.73,"TRAAIR_EXP":14.61,"ALMSTR_VA":108.13,"ALMSTR_EXP":37.86,"POSTME_VA":13.54,"POSTME_EXP":1.62,"HOTYRE_VA":325.32,"HOTYRE_EXP":55.83,"MMTVRA_VA":77.0,"MMTVRA_EXP":28.74,"TELECO_VA":450.4,"TELECO_EXP":32.56,"ITSERV_VA":4.26,"ITSERV_EXP":3.1,"SERFIN_VA":131.05,"SERFIN_EXP":57.59,"GOBEST_VA":455.56,"GOBEST_EXP":3.76,"SPRSCT_VA":162.9,"SPRSCT_EXP":57.57,"SEAEMP_VA":99.5,"SEAEMP_EXP":15.74,"ADPDEF_VA":301.69,"ADPDEF_EXP":0.9,"EDUCAC_VA":122.21,"EDUCAC_EXP":3.23,"SALUDH_VA":241.76,"SALUDH_EXP":3.61,"ESPARC_VA":47.44,"ESPARC_EXP":7.24,"OTRSER_VA":78.11,"OTRSER_EXP":2.9,"SERHOG_VA":29.62,"SERHOG_EXP":0.0}},{"type":"Feature","geometry":{"type":"Point","coordinates":[-74.3,4.57]},"properties":{"id":"COL","name":"Colombia","continent":"america","year":1998,"AGRPFO_VA":7754.0,"AGRPFO_EXP":3631.14,"FORLOG_VA":94.31,"FORLOG_EXP":2.79,"PESCAC_VA":646.57,"PESCAC_EXP":7.72,"MINCOL_VA":1495.35,"MINCOL_EXP":879.49,"PETGAS_VA":4275.58,"PETGAS_EXP":1969.56,"MINORE_VA":656.66,"MINORE_EXP":3.09,"MINOTH_VA":271.16,"MINOTH_EXP":7.93,"MINSER_VA":34.33,"MINSER_EXP":6.67,"ALYBEB_VA":5612.39,"ALYBEB_EXP":577.18,"TEXYPR_VA":2331.78,"TEXYPR_EXP":703.99,"MADYPR_VA":149.54,"MADYPR_EXP":10.56,"PAPYPR_VA":906.33,"PAPYPR_EXP":143.62,"PETREF_VA":444.78,"PETREF_EXP":318.16,"QUIMYP_VA":1814.37,"QUIMYP_EXP":936.68,"FARMED_VA":490.43,"FARMED_EXP":133.77,"HUPLAS_VA":582.35,"HUPLAS_EXP":207.92,"PRNOMT_VA":1267.48,"PRNOMT_EXP":275.77,"METBAS_VA":412.82,"METBAS_EXP":718.75,"NONFER_VA":37.33,"NONFER_EXP":117.79,"PRMETA_VA":369.26,"PRMETA_EXP":66.45,"ELCTRO_VA":396.11,"ELCTRO_EXP":22.39,"ELCTRI_VA":344.22,"ELCTRI_EXP":153.77,"MAQYEQ_VA":996.08,"MAQYEQ_EXP":129.06,"AUTOMO_VA":295.87,"AUTOMO_EXP":65.47,"OTRTRA_VA":0.62,"OTRTRA_EXP":0.64,"TRANSP_VA":53.9,"TRANSP_EXP":7.38,"OTRMAN_VA":981.94,"OTRMAN_EXP":101.26,"ELEGAS_VA":1966.04,"ELEGAS_EXP":2.04,"AGUBAS_VA":1212.28,"AGUBAS_EXP":1.06,"CONSTR_VA":3772.97,"CONSTR_EXP":1.98,"COMREV_VA":8297.64,"COMREV_EXP":1180.63,"TRATIE_VA":3675.25,"TRATIE_EXP":225.99,"TRAGUA_VA":59.08,"TRAGUA_EXP":41.49,"TRAAIR_VA":432.21,"TRAAIR_EXP":116.09,"ALMSTR_VA":672.91,"ALMSTR_EXP":53.21,"POSTME_VA":159.24,"POSTME_EXP":4.04,"HOTYRE_VA":3567.16,"HOTYRE_EXP":137.79,"MMTVRA_VA":387.2,"MMTVRA_EXP":63.0,"TELECO_VA":2754.53,"TELECO_EXP":43.81,"ITSERV_VA":500.25,"ITSERV_EXP":0.96,"SERFIN_VA":4580.26,"SERFIN_EXP":35.62,"GOBEST_VA":8672.41,"GOBEST_EXP":20.28,"SPRSCT_VA":2820.41,"SPRSCT_EXP":10.24,"SEAEMP_VA":3514.83,"SEAEMP_EXP":10.52,"ADPDEF_VA":5765.46,"ADPDEF_EXP":14.36,"EDUCAC_VA":7163.29,"EDUCAC_EXP":7.39,"SALUDH_VA":4520.58,"SALUDH_EXP":6.21,"ESPARC_VA":2404.47,"ESPARC_EXP":19.56,"OTRSER_VA":1572.59,"OTRSER_EXP":6.01,"SERHOG_VA":770.91,"SERHOG_EXP":0.0}},{"type":"Feature","geometry":{"type":"Point","coordinates":[-83.75,9.75]},"properties":{"id":"CRI","name":"Costa Rica","continent":"america","year":1998,"AGRPFO_VA":1423.38,"AGRPFO_EXP":965.45,"FORLOG_VA":36.93,"FORLOG_EXP":15.66,"PESCAC_VA":17.34,"PESCAC_EXP":3.54,"MINCOL_VA":0.99,"MINCOL_EXP":0.07,"PETGAS_VA":0.19,"PETGAS_EXP":0.05,"MINORE_VA":0.06,"MINORE_EXP":0.02,"MINOTH_VA":47.93,"MINOTH_EXP":2.07,"MINSER_VA":0.05,"MINSER_EXP":0.02,"ALYBEB_VA":950.83,"ALYBEB_EXP":1398.44,"TEXYPR_VA":404.56,"TEXYPR_EXP":129.74,"MADYPR_VA":11.74,"MADYPR_EXP":17.23,"PAPYPR_VA":135.31,"PAPYPR_EXP":99.43,"PETREF_VA":7.1,"PETREF_EXP":2.51,"QUIMYP_VA":166.36,"QUIMYP_EXP":170.39,"FARMED_VA":21.24,"FARMED_EXP":36.76,"HUPLAS_VA":89.18,"HUPLAS_EXP":235.48,"PRNOMT_VA":78.83,"PRNOMT_EXP":69.91,"METBAS_VA":14.9,"METBAS_EXP":26.07,"NONFER_VA":10.4,"NONFER_EXP":23.95,"PRMETA_VA":34.41,"PRMETA_EXP":52.32,"ELCTRO_VA":47.91,"ELCTRO_EXP":83.34,"ELCTRI_VA":80.56,"ELCTRI_EXP":165.76,"MAQYEQ_VA":2.2,"MAQYEQ_EXP":5.29,"AUTOMO_VA":11.39,"AUTOMO_EXP":3.11,"OTRTRA_VA":0.45,"OTRTRA_EXP":0.6,"TRANSP_VA":0.46,"TRANSP_EXP":0.39,"OTRMAN_VA":176.86,"OTRMAN_EXP":207.74,"ELEGAS_VA":234.23,"ELEGAS_EXP":2.09,"AGUBAS_VA":80.34,"AGUBAS_EXP":0.27,"CONSTR_VA":494.48,"CONSTR_EXP":0.67,"COMREV_VA":3043.18,"COMREV_EXP":632.07,"TRATIE_VA":381.69,"TRATIE_EXP":163.57,"TRAGUA_VA":100.5,"TRAGUA_EXP":75.08,"TRAAIR_VA":18.91,"TRAAIR_EXP":32.95,"ALMSTR_VA":87.42,"ALMSTR_EXP":64.39,"POSTME_VA":14.99,"POSTME_EXP":4.52,"HOTYRE_VA":361.96,"HOTYRE_EXP":338.64,"MMTVRA_VA":107.07,"MMTVRA_EXP":24.82,"TELECO_VA":213.44,"TELECO_EXP":162.02,"ITSERV_VA":7.54,"ITSERV_EXP":3.51,"SERFIN_VA":396.98,"SERFIN_EXP":55.8,"GOBEST_VA":963.76,"GOBEST_EXP":39.11,"SPRSCT_VA":336.61,"SPRSCT_EXP":185.37,"SEAEMP_VA":147.42,"SEAEMP_EXP":81.61,"ADPDEF_VA":398.9,"ADPDEF_EXP":5.06,"EDUCAC_VA":629.74,"EDUCAC_EXP":19.98,"SALUDH_VA":858.0,"SALUDH_EXP":21.57,"ESPARC_VA":88.67,"ESPARC_EXP":61.86,"OTRSER_VA":99.51,"OTRSER_EXP":14.25,"SERHOG_VA":136.35,"SERHOG_EXP":0.0}},{"type":"Feature","geometry":{"type":"Point","coordinates":[33.43,35.13]},"properties":{"id":"CYP","name":"Chipre","continent":"europe","year":1998,"AGRPFO_VA":413.35,"AGRPFO_EXP":93.43,"FORLOG_VA":2.81,"FORLOG_EXP":1.48,"PESCAC_VA":19.1,"PESCAC_EXP":8.27,"MINCOL_VA":0.0,"MINCOL_EXP":0.0,"PETGAS_VA":7.28,"PETGAS_EXP":0.3,"MINORE_VA":5.02,"MINORE_EXP":4.46,"MINOTH_VA":13.4,"MINOTH_EXP":20.61,"MINSER_VA":0.07,"MINSER_EXP":0.06,"ALYBEB_VA":313.66,"ALYBEB_EXP":235.0,"TEXYPR_VA":107.47,"TEXYPR_EXP":91.34,"MADYPR_VA":58.66,"MADYPR_EXP":39.12,"PAPYPR_VA":57.55,"PAPYPR_EXP":32.93,"PETREF_VA":8.78,"PETREF_EXP":70.61,"QUIMYP_VA":32.35,"QUIMYP_EXP":45.85,"FARMED_VA":16.54,"FARMED_EXP":36.75,"HUPLAS_VA":29.74,"HUPLAS_EXP":19.36,"PRNOMT_VA":99.77,"PRNOMT_EXP":30.06,"METBAS_VA":1.5,"METBAS_EXP":0.76,"NONFER_VA":8.72,"NONFER_EXP":9.68,"PRMETA_VA":74.2,"PRMETA_EXP":14.2,"ELCTRO_VA":2.61,"ELCTRO_EXP":0.3,"ELCTRI_VA":7.18,"ELCTRI_EXP":11.0,"MAQYEQ_VA":18.97,"MAQYEQ_EXP":20.12,"AUTOMO_VA":8.11,"AUTOMO_EXP":4.18,"OTRTRA_VA":0.65,"OTRTRA_EXP":0.16,"TRANSP_VA":1.03,"TRANSP_EXP":0.11,"OTRMAN_VA":71.38,"OTRMAN_EXP":66.26,"ELEGAS_VA":142.4,"ELEGAS_EXP":0.72,"AGUBAS_VA":45.2,"AGUBAS_EXP":1.77,"CONSTR_VA":861.85,"CONSTR_EXP":6.76,"COMREV_VA":1168.37,"COMREV_EXP":294.66,"TRATIE_VA":88.71,"TRATIE_EXP":72.28,"TRAGUA_VA":561.22,"TRAGUA_EXP":533.47,"TRAAIR_VA":96.68,"TRAAIR_EXP":129.31,"ALMSTR_VA":174.03,"ALMSTR_EXP":491.4,"POSTME_VA":11.33,"POSTME_EXP":16.05,"HOTYRE_VA":740.81,"HOTYRE_EXP":871.85,"MMTVRA_VA":75.24,"MMTVRA_EXP":40.89,"TELECO_VA":216.04,"TELECO_EXP":98.08,"ITSERV_VA":33.5,"ITSERV_EXP":74.47,"SERFIN_VA":624.16,"SERFIN_EXP":395.92,"GOBEST_VA":623.52,"GOBEST_EXP":110.54,"SPRSCT_VA":581.71,"SPRSCT_EXP":718.75,"SEAEMP_VA":129.78,"SEAEMP_EXP":139.05,"ADPDEF_VA":890.24,"ADPDEF_EXP":1.77,"EDUCAC_VA":511.69,"EDUCAC_EXP":48.87,"SALUDH_VA":318.41,"SALUDH_EXP":41.2,"ESPARC_VA":123.37,"ESPARC_EXP":109.05,"OTRSER_VA":193.86,"OTRSER_EXP":40.19,"SERHOG_VA":42.31,"SERHOG_EXP":0.0}},{"type":"Feature","geometry":{"type":"Point","coordinates":[15.47,49.82]},"properties":{"id":"CZE","name":"Chequia","continent":"europe","year":1998,"AGRPFO_VA":1905.05,"AGRPFO_EXP":292.13,"FORLOG_VA":483.54,"FORLOG_EXP":136.0,"PESCAC_VA":25.06,"PESCAC_EXP":20.54,"MINCOL_VA":793.6,"MINCOL_EXP":342.3,"PETGAS_VA":18.46,"PETGAS_EXP":6.44,"MINORE_VA":53.62,"MINORE_EXP":4.14,"MINOTH_VA":120.7,"MINOTH_EXP":58.36,"MINSER_VA":24.66,"MINSER_EXP":6.14,"ALYBEB_VA":2070.35,"ALYBEB_EXP":1170.7,"TEXYPR_VA":941.08,"TEXYPR_EXP":1043.1,"MADYPR_VA":421.15,"MADYPR_EXP":340.75,"PAPYPR_VA":574.55,"PAPYPR_EXP":476.6,"PETREF_VA":406.49,"PETREF_EXP":322.79,"QUIMYP_VA":868.63,"QUIMYP_EXP":1199.43,"FARMED_VA":268.53,"FARMED_EXP":163.77,"HUPLAS_VA":683.69,"HUPLAS_EXP":620.33,"PRNOMT_VA":1225.16,"PRNOMT_EXP":891.79,"METBAS_VA":1145.11,"METBAS_EXP":917.63,"NONFER_VA":206.5,"NONFER_EXP":270.91,"PRMETA_VA":1494.55,"PRMETA_EXP":1219.1,"ELCTRO_VA":511.5,"ELCTRO_EXP":355.93,"ELCTRI_VA":784.9,"ELCTRI_EXP":945.95,"MAQYEQ_VA":1529.73,"MAQYEQ_EXP":1496.8,"AUTOMO_VA":1694.39,"AUTOMO_EXP":2832.54,"OTRTRA_VA":1.2,"OTRTRA_EXP":3.6,"TRANSP_VA":169.33,"TRANSP_EXP":179.64,"OTRMAN_VA":1226.37,"OTRMAN_EXP":652.4,"ELEGAS_VA":2049.8,"ELEGAS_EXP":156.7,"AGUBAS_VA":654.39,"AGUBAS_EXP":36.88,"CONSTR_VA":4623.97,"CONSTR_EXP":58.9,"COMREV_VA":6471.71,"COMREV_EXP":2185.41,"TRATIE_VA":2966.12,"TRATIE_EXP":1864.41,"TRAGUA_VA":58.82,"TRAGUA_EXP":28.65,"TRAAIR_VA":199.62,"TRAAIR_EXP":421.51,"ALMSTR_VA":1010.0,"ALMSTR_EXP":292.04,"POSTME_VA":297.72,"POSTME_EXP":82.09,"HOTYRE_VA":2183.3,"HOTYRE_EXP":992.58,"MMTVRA_VA":511.88,"MMTVRA_EXP":414.93,"TELECO_VA":1263.32,"TELECO_EXP":246.44,"ITSERV_VA":607.36,"ITSERV_EXP":232.02,"SERFIN_VA":2450.95,"SERFIN_EXP":780.39,"GOBEST_VA":4438.6,"GOBEST_EXP":225.16,"SPRSCT_VA":2505.98,"SPRSCT_EXP":1712.7,"SEAEMP_VA":1167.65,"SEAEMP_EXP":523.99,"ADPDEF_VA":4270.23,"ADPDEF_EXP":89.85,"EDUCAC_VA":2347.14,"EDUCAC_EXP":53.18,"SALUDH_VA":2132.22,"SALUDH_EXP":80.14,"ESPARC_VA":629.49,"ESPARC_EXP":332.41,"OTRSER_VA":912.92,"OTRSER_EXP":79.97,"SERHOG_VA":20.08,"SERHOG_EXP":0.0}},{"type":"Feature","geometry":{"type":"Point","coordinates":[10.45,51.17]},"properties":{"id":"DEU","name":"Alemania","continent":"europe","year":1998,"AGRPFO_VA":20054.23,"AGRPFO_EXP":2743.15,"FORLOG_VA":2643.98,"FORLOG_EXP":301.87,"PESCAC_VA":208.77,"PESCAC_EXP":154.0,"MINCOL_VA":3070.09,"MINCOL_EXP":257.13,"PETGAS_VA":679.56,"PETGAS_EXP":122.37,"MINORE_VA":0.0,"MINORE_EXP":0.0,"MINOTH_VA":1834.82,"MINOTH_EXP":761.04,"MINSER_VA":267.01,"MINSER_EXP":162.39,"ALYBEB_VA":37822.89,"ALYBEB_EXP":15628.05,"TEXYPR_VA":11118.12,"TEXYPR_EXP":10959.0,"MADYPR_VA":8249.96,"MADYPR_EXP":2295.04,"PAPYPR_VA":22833.09,"PAPYPR_EXP":10359.31,"PETREF_VA":5129.08,"PETREF_EXP":3086.81,"QUIMYP_VA":37017.18,"QUIMYP_EXP":40189.04,"FARMED_VA":11865.01,"FARMED_EXP":8629.92,"HUPLAS_VA":22869.38,"HUPLAS_EXP":9911.34,"PRNOMT_VA":18632.19,"PRNOMT_EXP":5454.38,"METBAS_VA":13262.62,"METBAS_EXP":14027.42,"NONFER_VA":6924.47,"NONFER_EXP":9296.21,"PRMETA_VA":39030.71,"PRMETA_EXP":14422.52,"ELCTRO_VA":26772.41,"ELCTRO_EXP":30076.76,"ELCTRI_VA":34486.59,"ELCTRI_EXP":28044.16,"MAQYEQ_VA":66249.47,"MAQYEQ_EXP":58218.95,"AUTOMO_VA":66571.0,"AUTOMO_EXP":86592.55,"OTRTRA_VA":1257.94,"OTRTRA_EXP":1254.25,"TRANSP_VA":5348.02,"TRANSP_EXP":6323.36,"OTRMAN_VA":29640.62,"OTRMAN_EXP":7779.34,"ELEGAS_VA":37622.28,"ELEGAS_EXP":1089.19,"AGUBAS_VA":20733.79,"AGUBAS_EXP":306.69,"CONSTR_VA":116331.35,"CONSTR_EXP":659.2,"COMREV_VA":215074.64,"COMREV_EXP":62647.39,"TRATIE_VA":37994.53,"TRATIE_EXP":11233.53,"TRAGUA_VA":4230.26,"TRAGUA_EXP":7735.51,"TRAAIR_VA":6886.12,"TRAAIR_EXP":8438.64,"ALMSTR_VA":23954.93,"ALMSTR_EXP":4336.65,"POSTME_VA":13804.14,"POSTME_EXP":625.56,"HOTYRE_VA":32033.28,"HOTYRE_EXP":3070.16,"MMTVRA_VA":29118.49,"MMTVRA_EXP":4091.44,"TELECO_VA":35742.78,"TELECO_EXP":1238.23,"ITSERV_VA":29042.05,"ITSERV_EXP":13342.67,"SERFIN_VA":93198.94,"SERFIN_EXP":11751.58,"GOBEST_VA":223071.03,"GOBEST_EXP":6309.99,"SPRSCT_VA":134745.52,"SPRSCT_EXP":17171.29,"SEAEMP_VA":75646.08,"SEAEMP_EXP":4358.86,"ADPDEF_VA":136346.43,"ADPDEF_EXP":0.0,"EDUCAC_VA":90407.1,"EDUCAC_EXP":375.27,"SALUDH_VA":138667.83,"SALUDH_EXP":313.47,"ESPARC_VA":24811.0,"ESPARC_EXP":872.17,"OTRSER_VA":52561.62,"OTRSER_EXP":289.09,"SERHOG_VA":5635.26,"SERHOG_EXP":0.0}},{"type":"Feature","geometry":{"type":"Point","coordinates":[9.5,56.26]},"properties":{"id":"DNK","name":"Dinamarca","continent":"europe","year":1998,"AGRPFO_VA":3402.06,"AGRPFO_EXP":1193.1,"FORLOG_VA":90.45,"FORLOG_EXP":75.34,"PESCAC_VA":428.78,"PESCAC_EXP":302.42,"MINCOL_VA":0.0,"MINCOL_EXP":0.0,"PETGAS_VA":1411.01,"PETGAS_EXP":658.74,"MINORE_VA":0.0,"MINORE_EXP":0.0,"MINOTH_VA":141.56,"MINOTH_EXP":61.13,"MINSER_VA":34.2,"MINSER_EXP":20.98,"ALYBEB_VA":3881.0,"ALYBEB_EXP":6922.58,"TEXYPR_VA":843.58,"TEXYPR_EXP":1416.59,"MADYPR_VA":810.42,"MADYPR_EXP":615.52,"PAPYPR_VA":1717.02,"PAPYPR_EXP":618.58,"PETREF_VA":191.8,"PETREF_EXP":301.56,"QUIMYP_VA":1451.42,"QUIMYP_EXP":1272.53,"FARMED_VA":1941.01,"FARMED_EXP":2114.87,"HUPLAS_VA":1334.89,"HUPLAS_EXP":1219.38,"PRNOMT_VA":1352.07,"PRNOMT_EXP":499.86,"METBAS_VA":475.12,"METBAS_EXP":546.12,"NONFER_VA":187.69,"NONFER_EXP":283.26,"PRMETA_VA":2185.08,"PRMETA_EXP":1121.87,"ELCTRO_VA":1762.94,"ELCTRO_EXP":2714.34,"ELCTRI_VA":1009.3,"ELCTRI_EXP":1174.98,"MAQYEQ_VA":4123.91,"MAQYEQ_EXP":4972.87,"AUTOMO_VA":440.21,"AUTOMO_EXP":449.76,"OTRTRA_VA":298.86,"OTRTRA_EXP":292.52,"TRANSP_VA":124.8,"TRANSP_EXP":178.3,"OTRMAN_VA":2439.7,"OTRMAN_EXP":2342.65,"ELEGAS_VA":3404.18,"ELEGAS_EXP":548.01,"AGUBAS_VA":1195.23,"AGUBAS_EXP":2.11,"CONSTR_VA":8568.51,"CONSTR_EXP":0.14,"COMREV_VA":20329.95,"COMREV_EXP":7856.66,"TRATIE_VA":4221.4,"TRATIE_EXP":1986.18,"TRAGUA_VA":1830.11,"TRAGUA_EXP":7560.07,"TRAAIR_VA":670.01,"TRAAIR_EXP":1164.8,"ALMSTR_VA":1727.79,"ALMSTR_EXP":710.41,"POSTME_VA":1279.44,"POSTME_EXP":206.36,"HOTYRE_VA":2444.55,"HOTYRE_EXP":702.47,"MMTVRA_VA":2152.23,"MMTVRA_EXP":231.35,"TELECO_VA":2398.9,"TELECO_EXP":372.46,"ITSERV_VA":1867.99,"ITSERV_EXP":125.45,"SERFIN_VA":7467.0,"SERFIN_EXP":992.14,"GOBEST_VA":13842.02,"GOBEST_EXP":204.99,"SPRSCT_VA":7263.29,"SPRSCT_EXP":1192.23,"SEAEMP_VA":3141.43,"SEAEMP_EXP":605.02,"ADPDEF_VA":10074.59,"ADPDEF_EXP":10.53,"EDUCAC_VA":9192.23,"EDUCAC_EXP":25.88,"SALUDH_VA":16079.37,"SALUDH_EXP":85.96,"ESPARC_VA":2424.02,"ESPARC_EXP":201.42,"OTRSER_VA":2709.73,"OTRSER_EXP":71.32,"SERHOG_VA":230.4,"SERHOG_EXP":0.0}},{"type":"Feature","geometry":{"type":"Point","coordinates":[30.8,26.82]},"properties":{"id":"EGY","name":"Egipto","continent":"other","year":1998,"AGRPFO_VA":8281.15,"AGRPFO_EXP":354.61,"FORLOG_VA":1.27,"FORLOG_EXP":0.07,"PESCAC_VA":787.14,"PESCAC_EXP":3.12,"MINCOL_VA":85.01,"MINCOL_EXP":22.34,"PETGAS_VA":10477.77,"PETGAS_EXP":1381.83,"MINORE_VA":112.06,"MINORE_EXP":0.81,"MINOTH_VA":527.25,"MINOTH_EXP":131.56,"MINSER_VA":212.33,"MINSER_EXP":14.46,"ALYBEB_VA":2880.89,"ALYBEB_EXP":326.65,"TEXYPR_VA":1133.88,"TEXYPR_EXP":304.3,"MADYPR_VA":473.33,"MADYPR_EXP":7.7,"PAPYPR_VA":708.16,"PAPYPR_EXP":53.53,"PETREF_VA":1723.44,"PETREF_EXP":538.02,"QUIMYP_VA":1681.83,"QUIMYP_EXP":343.93,"FARMED_VA":410.29,"FARMED_EXP":61.73,"HUPLAS_VA":218.25,"HUPLAS_EXP":63.68,"PRNOMT_VA":1269.4,"PRNOMT_EXP":113.0,"METBAS_VA":597.47,"METBAS_EXP":176.56,"NONFER_VA":646.2,"NONFER_EXP":258.9,"PRMETA_VA":528.89,"PRMETA_EXP":38.09,"ELCTRO_VA":81.81,"ELCTRO_EXP":19.43,"ELCTRI_VA":385.26,"ELCTRI_EXP":96.02,"MAQYEQ_VA":88.91,"MAQYEQ_EXP":32.63,"AUTOMO_VA":218.12,"AUTOMO_EXP":17.75,"OTRTRA_VA":10.4,"OTRTRA_EXP":0.19,"TRANSP_VA":28.09,"TRANSP_EXP":0.21,"OTRMAN_VA":717.05,"OTRMAN_EXP":96.47,"ELEGAS_VA":726.98,"ELEGAS_EXP":25.92,"AGUBAS_VA":470.65,"AGUBAS_EXP":3.23,"CONSTR_VA":4141.26,"CONSTR_EXP":4.52,"COMREV_VA":7616.26,"COMREV_EXP":453.7,"TRATIE_VA":2105.72,"TRATIE_EXP":1072.78,"TRAGUA_VA":1907.11,"TRAGUA_EXP":2046.28,"TRAAIR_VA":753.17,"TRAAIR_EXP":567.07,"ALMSTR_VA":2363.57,"ALMSTR_EXP":1221.14,"POSTME_VA":89.45,"POSTME_EXP":45.98,"HOTYRE_VA":2489.35,"HOTYRE_EXP":1294.36,"MMTVRA_VA":325.59,"MMTVRA_EXP":67.74,"TELECO_VA":2009.92,"TELECO_EXP":101.95,"ITSERV_VA":239.2,"ITSERV_EXP":46.01,"SERFIN_VA":3849.69,"SERFIN_EXP":253.38,"GOBEST_VA":5709.92,"GOBEST_EXP":120.48,"SPRSCT_VA":1824.33,"SPRSCT_EXP":274.84,"SEAEMP_VA":958.36,"SEAEMP_EXP":484.52,"ADPDEF_VA":3270.61,"ADPDEF_EXP":281.13,"EDUCAC_VA":3290.92,"EDUCAC_EXP":108.77,"SALUDH_VA":1674.56,"SALUDH_EXP":36.06,"ESPARC_VA":797.93,"ESPARC_EXP":49.57,"OTRSER_VA":1321.95,"OTRSER_EXP":42.32,"SERHOG_VA":51.79,"SERHOG_EXP":0.0}},{"type":"Feature","geometry":{"type":"Point","coordinates":[-3.75,40.46]},"properties":{"id":"ESP","name":"España","continent":"europe","year":1998,"AGRPFO_VA":22726.96,"AGRPFO_EXP":6584.77,"FORLOG_VA":1268.02,"FORLOG_EXP":140.45,"PESCAC_VA":1731.11,"PESCAC_EXP":125.94,"MINCOL_VA":904.36,"MINCOL_EXP":4.61,"PETGAS_VA":61.84,"PETGAS_EXP":12.52,"MINORE_VA":25.03,"MINORE_EXP":63.97,"MINOTH_VA":997.68,"MINOTH_EXP":401.38,"MINSER_VA":42.89,"MINSER_EXP":69.7,"ALYBEB_VA":15689.15,"ALYBEB_EXP":9315.24,"TEXYPR_VA":8549.87,"TEXYPR_EXP":6221.78,"MADYPR_VA":2592.27,"MADYPR_EXP":759.5,"PAPYPR_VA":6188.94,"PAPYPR_EXP":1996.38,"PETREF_VA":2656.89,"PETREF_EXP":2661.51,"QUIMYP_VA":6592.79,"QUIMYP_EXP":6925.03,"FARMED_VA":3384.75,"FARMED_EXP":1535.4,"HUPLAS_VA":4948.93,"HUPLAS_EXP":3448.43,"PRNOMT_VA":8242.52,"PRNOMT_EXP":3353.06,"METBAS_VA":3992.38,"METBAS_EXP":902.44,"NONFER_VA":1517.36,"NONFER_EXP":483.02,"PRMETA_VA":8995.32,"PRMETA_EXP":2911.46,"ELCTRO_VA":3406.05,"ELCTRO_EXP":5151.73,"ELCTRI_VA":4087.29,"ELCTRI_EXP":3688.17,"MAQYEQ_VA":5350.87,"MAQYEQ_EXP":7515.66,"AUTOMO_VA":11191.41,"AUTOMO_EXP":23656.12,"OTRTRA_VA":650.25,"OTRTRA_EXP":265.56,"TRANSP_VA":1782.18,"TRANSP_EXP":2493.72,"OTRMAN_VA":6749.79,"OTRMAN_EXP":3285.35,"ELEGAS_VA":11493.78,"ELEGAS_EXP":95.91,"AGUBAS_VA":4715.1,"AGUBAS_EXP":138.6,"CONSTR_VA":52830.57,"CONSTR_EXP":193.92,"COMREV_VA":67819.06,"COMREV_EXP":15593.07,"TRATIE_VA":18306.53,"TRATIE_EXP":6653.47,"TRAGUA_VA":813.72,"TRAGUA_EXP":645.53,"TRAAIR_VA":2456.63,"TRAAIR_EXP":4545.72,"ALMSTR_VA":6456.68,"ALMSTR_EXP":3185.04,"POSTME_VA":1840.12,"POSTME_EXP":103.42,"HOTYRE_VA":41394.0,"HOTYRE_EXP":6710.26,"MMTVRA_VA":7108.48,"MMTVRA_EXP":1508.02,"TELECO_VA":13162.75,"TELECO_EXP":1054.01,"ITSERV_VA":4631.5,"ITSERV_EXP":2065.22,"SERFIN_VA":26509.6,"SERFIN_EXP":2539.13,"GOBEST_VA":33151.25,"GOBEST_EXP":1199.48,"SPRSCT_VA":19996.3,"SPRSCT_EXP":5458.52,"SEAEMP_VA":15032.63,"SEAEMP_EXP":1984.41,"ADPDEF_VA":34532.87,"ADPDEF_EXP":487.08,"EDUCAC_VA":29877.3,"EDUCAC_EXP":636.09,"SALUDH_VA":28035.68,"SALUDH_EXP":513.3,"ESPARC_VA":8975.97,"ESPARC_EXP":1425.67,"OTRSER_VA":8626.52,"OTRSER_EXP":436.55,"SERHOG_VA":5745.77,"SERHOG_EXP":0.0}},{"type":"Feature","geometry":{"type":"Point","coordinates":[25.01,58.6]},"properties":{"id":"EST","name":"Estonia","continent":"europe","year":1998,"AGRPFO_VA":172.28,"AGRPFO_EXP":27.24,"FORLOG_VA":94.9,"FORLOG_EXP":113.33,"PESCAC_VA":28.61,"PESCAC_EXP":13.67,"MINCOL_VA":3.94,"MINCOL_EXP":0.56,"PETGAS_VA":45.27,"PETGAS_EXP":6.3,"MINORE_VA":0.0,"MINORE_EXP":0.0,"MINOTH_VA":11.0,"MINOTH_EXP":3.2,"MINSER_VA":31.68,"MINSER_EXP":0.19,"ALYBEB_VA":195.18,"ALYBEB_EXP":263.71,"TEXYPR_VA":124.52,"TEXYPR_EXP":279.8,"MADYPR_VA":99.6,"MADYPR_EXP":231.01,"PAPYPR_VA":37.67,"PAPYPR_EXP":36.43,"PETREF_VA":2.19,"PETREF_EXP":1.18,"QUIMYP_VA":46.72,"QUIMYP_EXP":104.82,"FARMED_VA":2.75,"FARMED_EXP":5.21,"HUPLAS_VA":24.23,"HUPLAS_EXP":39.62,"PRNOMT_VA":59.06,"PRNOMT_EXP":53.96,"METBAS_VA":0.07,"METBAS_EXP":0.07,"NONFER_VA":1.45,"NONFER_EXP":3.94,"PRMETA_VA":72.48,"PRMETA_EXP":98.38,"ELCTRO_VA":20.36,"ELCTRO_EXP":39.25,"ELCTRI_VA":20.9,"ELCTRI_EXP":31.48,"MAQYEQ_VA":22.58,"MAQYEQ_EXP":32.16,"AUTOMO_VA":21.0,"AUTOMO_EXP":21.69,"OTRTRA_VA":1.44,"OTRTRA_EXP":2.99,"TRANSP_VA":0.16,"TRANSP_EXP":0.13,"OTRMAN_VA":122.94,"OTRMAN_EXP":220.18,"ELEGAS_VA":138.34,"ELEGAS_EXP":30.56,"AGUBAS_VA":48.0,"AGUBAS_EXP":1.61,"CONSTR_VA":366.7,"CONSTR_EXP":11.76,"COMREV_VA":656.05,"COMREV_EXP":329.54,"TRATIE_VA":235.59,"TRATIE_EXP":179.69,"TRAGUA_VA":66.46,"TRAGUA_EXP":229.42,"TRAAIR_VA":11.15,"TRAAIR_EXP":50.5,"ALMSTR_VA":192.64,"ALMSTR_EXP":403.85,"POSTME_VA":20.17,"POSTME_EXP":21.53,"HOTYRE_VA":87.56,"HOTYRE_EXP":159.72,"MMTVRA_VA":60.78,"MMTVRA_EXP":13.87,"TELECO_VA":145.57,"TELECO_EXP":25.32,"ITSERV_VA":34.41,"ITSERV_EXP":17.38,"SERFIN_VA":154.3,"SERFIN_EXP":38.55,"GOBEST_VA":633.05,"GOBEST_EXP":29.92,"SPRSCT_VA":177.68,"SPRSCT_EXP":61.61,"SEAEMP_VA":79.83,"SEAEMP_EXP":24.43,"ADPDEF_VA":315.54,"ADPDEF_EXP":10.8,"EDUCAC_VA":276.75,"EDUCAC_EXP":13.26,"SALUDH_VA":163.16,"SALUDH_EXP":10.11,"ESPARC_VA":80.07,"ESPARC_EXP":20.74,"OTRSER_VA":55.7,"OTRSER_EXP":8.05,"SERHOG_VA":2.58,"SERHOG_EXP":0.0}},{"type":"Feature","geometry":{"type":"Point","coordinates":[25.75,61.92]},"properties":{"id":"FIN","name":"Finlandia","continent":"europe","year":1998,"AGRPFO_VA":1465.83,"AGRPFO_EXP":259.82,"FORLOG_VA":2339.64,"FORLOG_EXP":56.89,"PESCAC_VA":92.82,"PESCAC_EXP":3.99,"MINCOL_VA":123.13,"MINCOL_EXP":9.74,"PETGAS_VA":0.0,"PETGAS_EXP":0.0,"MINORE_VA":33.08,"MINORE_EXP":16.08,"MINOTH_VA":326.69,"MINOTH_EXP":80.19,"MINSER_VA":1.19,"MINSER_EXP":0.46,"ALYBEB_VA":2349.36,"ALYBEB_EXP":931.53,"TEXYPR_VA":756.1,"TEXYPR_EXP":691.31,"MADYPR_VA":1602.89,"MADYPR_EXP":2505.06,"PAPYPR_VA":6012.88,"PAPYPR_EXP":7630.85,"PETREF_VA":607.82,"PETREF_EXP":611.8,"QUIMYP_VA":1641.97,"QUIMYP_EXP":1727.73,"FARMED_VA":443.69,"FARMED_EXP":169.71,"HUPLAS_VA":957.52,"HUPLAS_EXP":746.19,"PRNOMT_VA":967.27,"PRNOMT_EXP":423.25,"METBAS_VA":1082.75,"METBAS_EXP":1649.23,"NONFER_VA":340.22,"NONFER_EXP":844.23,"PRMETA_VA":1951.74,"PRMETA_EXP":1296.54,"ELCTRO_VA":6045.71,"ELCTRO_EXP":8477.64,"ELCTRI_VA":1158.78,"ELCTRI_EXP":1354.57,"MAQYEQ_VA":3150.45,"MAQYEQ_EXP":4003.51,"AUTOMO_VA":477.01,"AUTOMO_EXP":471.43,"OTRTRA_VA":478.07,"OTRTRA_EXP":909.86,"TRANSP_VA":159.45,"TRANSP_EXP":178.04,"OTRMAN_VA":1998.14,"OTRMAN_EXP":729.01,"ELEGAS_VA":2521.63,"ELEGAS_EXP":92.12,"AGUBAS_VA":782.79,"AGUBAS_EXP":11.26,"CONSTR_VA":7029.75,"CONSTR_EXP":22.81,"COMREV_VA":11823.39,"COMREV_EXP":5243.25,"TRATIE_VA":4111.99,"TRATIE_EXP":673.81,"TRAGUA_VA":801.41,"TRAGUA_EXP":1525.91,"TRAAIR_VA":712.45,"TRAAIR_EXP":769.09,"ALMSTR_VA":1566.46,"ALMSTR_EXP":470.02,"POSTME_VA":916.64,"POSTME_EXP":116.25,"HOTYRE_VA":1777.05,"HOTYRE_EXP":396.27,"MMTVRA_VA":1647.69,"MMTVRA_EXP":322.54,"TELECO_VA":1882.41,"TELECO_EXP":67.77,"ITSERV_VA":1623.71,"ITSERV_EXP":998.71,"SERFIN_VA":4181.33,"SERFIN_EXP":305.16,"GOBEST_VA":11085.69,"GOBEST_EXP":101.42,"SPRSCT_VA":4382.46,"SPRSCT_EXP":528.44,"SEAEMP_VA":2107.36,"SEAEMP_EXP":196.23,"ADPDEF_VA":7362.68,"ADPDEF_EXP":49.17,"EDUCAC_VA":6242.58,"EDUCAC_EXP":46.47,"SALUDH_VA":9134.99,"SALUDH_EXP":34.39,"ESPARC_VA":1295.68,"ESPARC_EXP":60.3,"OTRSER_VA":1777.68,"OTRSER_EXP":31.66,"SERHOG_VA":62.21,"SERHOG_EXP":0.0}},{"type":"Feature","geometry":{"type":"Point","coordinates":[2.21,46.23]},"properties":{"id":"FRA","name":"Francia","continent":"europe","year":1998,"AGRPFO_VA":30874.37,"AGRPFO_EXP":9126.48,"FORLOG_VA":3059.91,"FORLOG_EXP":100.51,"PESCAC_VA":1242.07,"PESCAC_EXP":380.64,"MINCOL_VA":226.72,"MINCOL_EXP":3.64,"PETGAS_VA":195.52,"PETGAS_EXP":21.15,"MINORE_VA":11.91,"MINORE_EXP":5.69,"MINOTH_VA":1815.07,"MINOTH_EXP":465.27,"MINSER_VA":11.15,"MINSER_EXP":46.82,"ALYBEB_VA":33623.36,"ALYBEB_EXP":22982.9,"TEXYPR_VA":11193.23,"TEXYPR_EXP":10353.39,"MADYPR_VA":3936.06,"MADYPR_EXP":1524.26,"PAPYPR_VA":12106.81,"PAPYPR_EXP":5001.49,"PETREF_VA":2314.86,"PETREF_EXP":4319.16,"QUIMYP_VA":13978.09,"QUIMYP_EXP":24676.56,"FARMED_VA":9323.45,"FARMED_EXP":6995.74,"HUPLAS_VA":12604.41,"HUPLAS_EXP":7252.51,"PRNOMT_VA":9075.9,"PRNOMT_EXP":3937.13,"METBAS_VA":4405.98,"METBAS_EXP":8233.8,"NONFER_VA":4265.87,"NONFER_EXP":4326.26,"PRMETA_VA":20667.37,"PRMETA_EXP":5594.62,"ELCTRO_VA":13155.73,"ELCTRO_EXP":24430.61,"ELCTRI_VA":9977.3,"ELCTRI_EXP":10553.13,"MAQYEQ_VA":14613.51,"MAQYEQ_EXP":22299.54,"AUTOMO_VA":17860.27,"AUTOMO_EXP":33575.64,"OTRTRA_VA":769.35,"OTRTRA_EXP":1143.55,"TRANSP_VA":8375.85,"TRANSP_EXP":14217.13,"OTRMAN_VA":27477.66,"OTRMAN_EXP":4925.47,"ELEGAS_VA":30131.5,"ELEGAS_EXP":3112.15,"AGUBAS_VA":8124.59,"AGUBAS_EXP":706.21,"CONSTR_VA":65853.32,"CONSTR_EXP":118.59,"COMREV_VA":156094.8,"COMREV_EXP":49885.69,"TRATIE_VA":29114.07,"TRATIE_EXP":9722.39,"TRAGUA_VA":888.42,"TRAGUA_EXP":4108.35,"TRAAIR_VA":3054.76,"TRAAIR_EXP":9785.66,"ALMSTR_VA":20644.36,"ALMSTR_EXP":3573.82,"POSTME_VA":8364.0,"POSTME_EXP":451.85,"HOTYRE_VA":27608.41,"HOTYRE_EXP":12202.97,"MMTVRA_VA":17853.94,"MMTVRA_EXP":3151.75,"TELECO_VA":23194.24,"TELECO_EXP":1046.74,"ITSERV_VA":31120.11,"ITSERV_EXP":955.89,"SERFIN_VA":50774.88,"SERFIN_EXP":5835.6,"GOBEST_VA":161363.55,"GOBEST_EXP":1887.16,"SPRSCT_VA":88490.27,"SPRSCT_EXP":13265.66,"SEAEMP_VA":69996.07,"SEAEMP_EXP":12579.59,"ADPDEF_VA":115656.44,"ADPDEF_EXP":1450.21,"EDUCAC_VA":74054.32,"EDUCAC_EXP":1078.96,"SALUDH_VA":99013.25,"SALUDH_EXP":900.81,"ESPARC_VA":13770.53,"ESPARC_EXP":1656.21,"OTRSER_VA":23071.36,"OTRSER_EXP":596.89,"SERHOG_VA":3323.66,"SERHOG_EXP":0.0}},{"type":"Feature","geometry":{"type":"Point","coordinates":[-3.44,55.38]},"properties":{"id":"GBR","name":"Reino Unido","continent":"europe","year":1998,"AGRPFO_VA":14734.28,"AGRPFO_EXP":1665.58,"FORLOG_VA":461.26,"FORLOG_EXP":43.89,"PESCAC_VA":617.66,"PESCAC_EXP":390.21,"MINCOL_VA":962.74,"MINCOL_EXP":66.57,"PETGAS_VA":17157.61,"PETGAS_EXP":7250.22,"MINORE_VA":0.0,"MINORE_EXP":0.0,"MINOTH_VA":2047.71,"MINOTH_EXP":2511.4,"MINSER_VA":2319.43,"MINSER_EXP":545.3,"ALYBEB_VA":36436.97,"ALYBEB_EXP":13557.61,"TEXYPR_VA":12894.23,"TEXYPR_EXP":7022.87,"MADYPR_VA":3488.84,"MADYPR_EXP":606.19,"PAPYPR_VA":14359.22,"PAPYPR_EXP":3654.02,"PETREF_VA":2805.38,"PETREF_EXP":2317.17,"QUIMYP_VA":18640.62,"QUIMYP_EXP":19430.67,"FARMED_VA":11378.6,"FARMED_EXP":6330.93,"HUPLAS_VA":12077.86,"HUPLAS_EXP":5810.22,"PRNOMT_VA":7905.41,"PRNOMT_EXP":2676.48,"METBAS_VA":3504.9,"METBAS_EXP":4166.47,"NONFER_VA":4861.05,"NONFER_EXP":4087.1,"PRMETA_VA":20307.27,"PRMETA_EXP":7403.53,"ELCTRO_VA":19206.96,"ELCTRO_EXP":25769.03,"ELCTRI_VA":8940.19,"ELCTRI_EXP":7020.6,"MAQYEQ_VA":20054.49,"MAQYEQ_EXP":20442.52,"AUTOMO_VA":15678.25,"AUTOMO_EXP":18870.32,"OTRTRA_VA":2063.1,"OTRTRA_EXP":606.76,"TRANSP_VA":9248.67,"TRANSP_EXP":13057.09,"OTRMAN_VA":21842.94,"OTRMAN_EXP":8752.11,"ELEGAS_VA":21061.8,"ELEGAS_EXP":124.14,"AGUBAS_VA":21420.38,"AGUBAS_EXP":120.86,"CONSTR_VA":80332.22,"CONSTR_EXP":220.12,"COMREV_VA":187089.62,"COMREV_EXP":43496.04,"TRATIE_VA":31266.65,"TRATIE_EXP":5349.62,"TRAGUA_VA":3692.43,"TRAGUA_EXP":5825.98,"TRAAIR_VA":6581.47,"TRAAIR_EXP":9024.84,"ALMSTR_VA":17710.11,"ALMSTR_EXP":3471.92,"POSTME_VA":12013.88,"POSTME_EXP":534.06,"HOTYRE_VA":39838.57,"HOTYRE_EXP":5741.54,"MMTVRA_VA":28190.14,"MMTVRA_EXP":9025.84,"TELECO_VA":29232.75,"TELECO_EXP":3333.14,"ITSERV_VA":28174.14,"ITSERV_EXP":6102.09,"SERFIN_VA":109318.43,"SERFIN_EXP":31504.28,"GOBEST_VA":215638.56,"GOBEST_EXP":1299.52,"SPRSCT_VA":83661.02,"SPRSCT_EXP":22168.81,"SEAEMP_VA":58474.85,"SEAEMP_EXP":12896.62,"ADPDEF_VA":77433.52,"ADPDEF_EXP":0.37,"EDUCAC_VA":73396.76,"EDUCAC_EXP":4260.42,"SALUDH_VA":82027.53,"SALUDH_EXP":170.92,"ESPARC_VA":16779.47,"ESPARC_EXP":3281.48,"OTRSER_VA":22342.58,"OTRSER_EXP":450.98,"SERHOG_VA":2399.44,"SERHOG_EXP":0.0}},{"type":"Feature","geometry":{"type":"Point","coordinates":[21.82,39.07]},"properties":{"id":"GRC","name":"Grecia","continent":"europe","year":1998,"AGRPFO_VA":8292.92,"AGRPFO_EXP":1071.59,"FORLOG_VA":62.91,"FORLOG_EXP":3.96,"PESCAC_VA":355.32,"PESCAC_EXP":191.41,"MINCOL_VA":32.52,"MINCOL_EXP":2.13,"PETGAS_VA":3.93,"PETGAS_EXP":12.49,"MINORE_VA":55.47,"MINORE_EXP":36.28,"MINOTH_VA":486.13,"MINOTH_EXP":91.57,"MINSER_VA":12.77,"MINSER_EXP":5.42,"ALYBEB_VA":3033.0,"ALYBEB_EXP":1451.52,"TEXYPR_VA":1808.83,"TEXYPR_EXP":1367.85,"MADYPR_VA":261.1,"MADYPR_EXP":99.11,"PAPYPR_VA":1148.98,"PAPYPR_EXP":149.66,"PETREF_VA":399.18,"PETREF_EXP":1241.56,"QUIMYP_VA":843.62,"QUIMYP_EXP":530.4,"FARMED_VA":1056.14,"FARMED_EXP":183.55,"HUPLAS_VA":308.2,"HUPLAS_EXP":207.27,"PRNOMT_VA":1442.99,"PRNOMT_EXP":281.07,"METBAS_VA":453.8,"METBAS_EXP":380.65,"NONFER_VA":326.92,"NONFER_EXP":526.89,"PRMETA_VA":728.15,"PRMETA_EXP":161.54,"ELCTRO_VA":241.51,"ELCTRO_EXP":274.55,"ELCTRI_VA":285.01,"ELCTRI_EXP":189.26,"MAQYEQ_VA":382.12,"MAQYEQ_EXP":286.91,"AUTOMO_VA":141.62,"AUTOMO_EXP":79.84,"OTRTRA_VA":170.64,"OTRTRA_EXP":80.19,"TRANSP_VA":85.17,"TRANSP_EXP":74.87,"OTRMAN_VA":950.94,"OTRMAN_EXP":347.62,"ELEGAS_VA":2456.98,"ELEGAS_EXP":20.25,"AGUBAS_VA":1500.07,"AGUBAS_EXP":3.42,"CONSTR_VA":9091.36,"CONSTR_EXP":4.06,"COMREV_VA":20671.92,"COMREV_EXP":3191.01,"TRATIE_VA":2729.86,"TRATIE_EXP":815.69,"TRAGUA_VA":1932.26,"TRAGUA_EXP":2188.79,"TRAAIR_VA":403.92,"TRAAIR_EXP":413.79,"ALMSTR_VA":1307.78,"ALMSTR_EXP":240.32,"POSTME_VA":476.34,"POSTME_EXP":13.61,"HOTYRE_VA":6859.39,"HOTYRE_EXP":3232.45,"MMTVRA_VA":966.7,"MMTVRA_EXP":98.49,"TELECO_VA":2803.16,"TELECO_EXP":171.17,"ITSERV_VA":379.99,"ITSERV_EXP":27.17,"SERFIN_VA":7906.76,"SERFIN_EXP":245.05,"GOBEST_VA":17472.94,"GOBEST_EXP":352.46,"SPRSCT_VA":5881.31,"SPRSCT_EXP":164.86,"SEAEMP_VA":2094.72,"SEAEMP_EXP":266.93,"ADPDEF_VA":10487.27,"ADPDEF_EXP":6.94,"EDUCAC_VA":5578.53,"EDUCAC_EXP":157.51,"SALUDH_VA":5087.7,"SALUDH_EXP":134.22,"ESPARC_VA":1671.48,"ESPARC_EXP":270.99,"OTRSER_VA":1582.59,"OTRSER_EXP":110.78,"SERHOG_VA":493.35,"SERHOG_EXP":0.0}},{"type":"Feature","geometry":{"type":"Point","coordinates":[114.11,22.4]},"properties":{"id":"HKG","name":"Hong Kong","continent":"asia","year":1998,"AGRPFO_VA":121.77,"AGRPFO_EXP":10.83,"FORLOG_VA":14.13,"FORLOG_EXP":2.85,"PESCAC_VA":23.48,"PESCAC_EXP":6.35,"MINCOL_VA":0.0,"MINCOL_EXP":0.0,"PETGAS_VA":0.0,"PETGAS_EXP":0.0,"MINORE_VA":0.0,"MINORE_EXP":0.0,"MINOTH_VA":0.0,"MINOTH_EXP":0.0,"MINSER_VA":24.14,"MINSER_EXP":13.5,"ALYBEB_VA":3031.38,"ALYBEB_EXP":5501.05,"TEXYPR_VA":470.11,"TEXYPR_EXP":660.64,"MADYPR_VA":391.52,"MADYPR_EXP":192.43,"PAPYPR_VA":228.23,"PAPYPR_EXP":405.46,"PETREF_VA":67.78,"PETREF_EXP":41.38,"QUIMYP_VA":227.89,"QUIMYP_EXP":679.2,"FARMED_VA":201.73,"FARMED_EXP":223.98,"HUPLAS_VA":70.47,"HUPLAS_EXP":0.36,"PRNOMT_VA":88.95,"PRNOMT_EXP":65.83,"METBAS_VA":40.3,"METBAS_EXP":229.36,"NONFER_VA":23.62,"NONFER_EXP":175.46,"PRMETA_VA":123.85,"PRMETA_EXP":558.25,"ELCTRO_VA":1051.47,"ELCTRO_EXP":1165.02,"ELCTRI_VA":175.33,"ELCTRI_EXP":764.55,"MAQYEQ_VA":107.41,"MAQYEQ_EXP":620.85,"AUTOMO_VA":92.25,"AUTOMO_EXP":200.52,"OTRTRA_VA":19.59,"OTRTRA_EXP":101.83,"TRANSP_VA":34.87,"TRANSP_EXP":160.11,"OTRMAN_VA":335.12,"OTRMAN_EXP":81.94,"ELEGAS_VA":4223.82,"ELEGAS_EXP":110.11,"AGUBAS_VA":1902.1,"AGUBAS_EXP":63.44,"CONSTR_VA":7667.83,"CONSTR_EXP":207.35,"COMREV_VA":37036.54,"COMREV_EXP":9113.95,"TRATIE_VA":4603.29,"TRATIE_EXP":1032.66,"TRAGUA_VA":2936.44,"TRAGUA_EXP":2624.64,"TRAAIR_VA":3536.17,"TRAAIR_EXP":4609.88,"ALMSTR_VA":215.58,"ALMSTR_EXP":76.55,"POSTME_VA":670.37,"POSTME_EXP":53.86,"HOTYRE_VA":4959.73,"HOTYRE_EXP":2466.53,"MMTVRA_VA":499.2,"MMTVRA_EXP":441.94,"TELECO_VA":5988.59,"TELECO_EXP":813.18,"ITSERV_VA":1485.62,"ITSERV_EXP":464.19,"SERFIN_VA":20059.46,"SERFIN_EXP":12303.83,"GOBEST_VA":24956.4,"GOBEST_EXP":314.93,"SPRSCT_VA":3344.69,"SPRSCT_EXP":708.26,"SEAEMP_VA":2328.12,"SEAEMP_EXP":339.73,"ADPDEF_VA":9338.42,"ADPDEF_EXP":42.44,"EDUCAC_VA":11729.95,"EDUCAC_EXP":452.62,"SALUDH_VA":5614.84,"SALUDH_EXP":120.52,"ESPARC_VA":857.32,"ESPARC_EXP":793.56,"OTRSER_VA":2282.4,"OTRSER_EXP":108.5,"SERHOG_VA":1811.96,"SERHOG_EXP":0.0}},{"type":"Feature","geometry":{"type":"Point","coordinates":[15.2,45.1]},"properties":{"id":"HRV","name":"Croacia","continent":"europe","year":1998,"AGRPFO_VA":1174.05,"AGRPFO_EXP":210.39,"FORLOG_VA":115.81,"FORLOG_EXP":9.73,"PESCAC_VA":46.34,"PESCAC_EXP":16.46,"MINCOL_VA":0.94,"MINCOL_EXP":0.1,"PETGAS_VA":67.55,"PETGAS_EXP":7.76,"MINORE_VA":0.88,"MINORE_EXP":0.17,"MINOTH_VA":53.81,"MINOTH_EXP":5.69,"MINSER_VA":49.81,"MINSER_EXP":30.5,"ALYBEB_VA":917.65,"ALYBEB_EXP":466.32,"TEXYPR_VA":383.92,"TEXYPR_EXP":172.54,"MADYPR_VA":150.02,"MADYPR_EXP":54.65,"PAPYPR_VA":175.84,"PAPYPR_EXP":36.84,"PETREF_VA":498.7,"PETREF_EXP":249.01,"QUIMYP_VA":203.01,"QUIMYP_EXP":69.88,"FARMED_VA":320.08,"FARMED_EXP":41.49,"HUPLAS_VA":115.15,"HUPLAS_EXP":13.54,"PRNOMT_VA":235.46,"PRNOMT_EXP":54.13,"METBAS_VA":46.06,"METBAS_EXP":21.76,"NONFER_VA":24.92,"NONFER_EXP":39.38,"PRMETA_VA":252.38,"PRMETA_EXP":50.19,"ELCTRO_VA":105.21,"ELCTRO_EXP":60.94,"ELCTRI_VA":149.7,"ELCTRI_EXP":67.36,"MAQYEQ_VA":145.23,"MAQYEQ_EXP":64.99,"AUTOMO_VA":38.08,"AUTOMO_EXP":60.47,"OTRTRA_VA":99.05,"OTRTRA_EXP":158.18,"TRANSP_VA":29.47,"TRANSP_EXP":20.28,"OTRMAN_VA":176.58,"OTRMAN_EXP":185.48,"ELEGAS_VA":441.28,"ELEGAS_EXP":11.75,"AGUBAS_VA":262.34,"AGUBAS_EXP":16.46,"CONSTR_VA":1465.7,"CONSTR_EXP":41.49,"COMREV_VA":2796.84,"COMREV_EXP":503.01,"TRATIE_VA":668.93,"TRATIE_EXP":555.87,"TRAGUA_VA":59.63,"TRAGUA_EXP":121.9,"TRAAIR_VA":40.21,"TRAAIR_EXP":125.42,"ALMSTR_VA":247.42,"ALMSTR_EXP":94.88,"POSTME_VA":75.5,"POSTME_EXP":5.35,"HOTYRE_VA":701.18,"HOTYRE_EXP":856.45,"MMTVRA_VA":214.73,"MMTVRA_EXP":55.46,"TELECO_VA":529.19,"TELECO_EXP":168.67,"ITSERV_VA":73.78,"ITSERV_EXP":12.01,"SERFIN_VA":796.14,"SERFIN_EXP":212.76,"GOBEST_VA":1821.29,"GOBEST_EXP":49.57,"SPRSCT_VA":756.5,"SPRSCT_EXP":293.58,"SEAEMP_VA":213.41,"SEAEMP_EXP":83.48,"ADPDEF_VA":2055.21,"ADPDEF_EXP":13.29,"EDUCAC_VA":796.13,"EDUCAC_EXP":72.02,"SALUDH_VA":912.58,"SALUDH_EXP":60.72,"ESPARC_VA":156.24,"ESPARC_EXP":226.07,"OTRSER_VA":254.93,"OTRSER_EXP":53.37,"SERHOG_VA":37.98,"SERHOG_EXP":0.0}},{"type":"Feature","geometry":{"type":"Point","coordinates":[19.5,47.16]},"properties":{"id":"HUN","name":"Hungría","continent":"europe","year":1998,"AGRPFO_VA":2914.98,"AGRPFO_EXP":809.99,"FORLOG_VA":158.34,"FORLOG_EXP":81.3,"PESCAC_VA":10.96,"PESCAC_EXP":8.47,"MINCOL_VA":14.93,"MINCOL_EXP":2.22,"PETGAS_VA":22.31,"PETGAS_EXP":3.44,"MINORE_VA":19.15,"MINORE_EXP":1.04,"MINOTH_VA":58.11,"MINOTH_EXP":12.29,"MINSER_VA":17.63,"MINSER_EXP":17.34,"ALYBEB_VA":1386.15,"ALYBEB_EXP":1485.11,"TEXYPR_VA":833.1,"TEXYPR_EXP":826.23,"MADYPR_VA":211.44,"MADYPR_EXP":214.28,"PAPYPR_VA":382.13,"PAPYPR_EXP":249.68,"PETREF_VA":921.03,"PETREF_EXP":369.25,"QUIMYP_VA":511.53,"QUIMYP_EXP":744.12,"FARMED_VA":547.04,"FARMED_EXP":274.36,"HUPLAS_VA":398.28,"HUPLAS_EXP":480.47,"PRNOMT_VA":482.19,"PRNOMT_EXP":291.05,"METBAS_VA":192.15,"METBAS_EXP":324.37,"NONFER_VA":198.02,"NONFER_EXP":416.99,"PRMETA_VA":708.98,"PRMETA_EXP":654.64,"ELCTRO_VA":837.42,"ELCTRO_EXP":3270.62,"ELCTRI_VA":578.0,"ELCTRI_EXP":1045.23,"MAQYEQ_VA":498.26,"MAQYEQ_EXP":731.23,"AUTOMO_VA":1375.69,"AUTOMO_EXP":3347.07,"OTRTRA_VA":0.75,"OTRTRA_EXP":2.69,"TRANSP_VA":49.97,"TRANSP_EXP":45.49,"OTRMAN_VA":426.92,"OTRMAN_EXP":516.34,"ELEGAS_VA":1634.11,"ELEGAS_EXP":106.82,"AGUBAS_VA":439.29,"AGUBAS_EXP":11.68,"CONSTR_VA":2132.21,"CONSTR_EXP":46.24,"COMREV_VA":4253.93,"COMREV_EXP":2034.03,"TRATIE_VA":2033.16,"TRATIE_EXP":789.3,"TRAGUA_VA":56.35,"TRAGUA_EXP":35.56,"TRAAIR_VA":93.81,"TRAAIR_EXP":306.17,"ALMSTR_VA":334.72,"ALMSTR_EXP":432.05,"POSTME_VA":290.5,"POSTME_EXP":47.0,"HOTYRE_VA":912.95,"HOTYRE_EXP":1221.49,"MMTVRA_VA":366.79,"MMTVRA_EXP":173.58,"TELECO_VA":1256.78,"TELECO_EXP":331.57,"ITSERV_VA":384.87,"ITSERV_EXP":132.12,"SERFIN_VA":1718.85,"SERFIN_EXP":461.56,"GOBEST_VA":3278.74,"GOBEST_EXP":266.72,"SPRSCT_VA":1776.5,"SPRSCT_EXP":878.59,"SEAEMP_VA":968.62,"SEAEMP_EXP":204.59,"ADPDEF_VA":3441.63,"ADPDEF_EXP":14.87,"EDUCAC_VA":2011.91,"EDUCAC_EXP":86.82,"SALUDH_VA":1710.57,"SALUDH_EXP":70.81,"ESPARC_VA":473.45,"ESPARC_EXP":125.73,"OTRSER_VA":826.78,"OTRSER_EXP":61.61,"SERHOG_VA":7.27,"SERHOG_EXP":0.0}},{"type":"Feature","geometry":{"type":"Point","coordinates":[113.92,-0.79]},"properties":{"id":"IDN","name":"Indonesia","continent":"asia","year":1998,"AGRPFO_VA":11769.96,"AGRPFO_EXP":1465.76,"FORLOG_VA":906.63,"FORLOG_EXP":25.36,"PESCAC_VA":2238.81,"PESCAC_EXP":197.59,"MINCOL_VA":2518.78,"MINCOL_EXP":1526.48,"PETGAS_VA":5265.32,"PETGAS_EXP":5870.51,"MINORE_VA":1711.43,"MINORE_EXP":2035.36,"MINOTH_VA":1239.7,"MINOTH_EXP":129.89,"MINSER_VA":526.4,"MINSER_EXP":15.51,"ALYBEB_VA":6369.61,"ALYBEB_EXP":4161.78,"TEXYPR_VA":1818.47,"TEXYPR_EXP":5510.85,"MADYPR_VA":832.06,"MADYPR_EXP":1514.44,"PAPYPR_VA":1052.32,"PAPYPR_EXP":2484.81,"PETREF_VA":3488.47,"PETREF_EXP":1324.69,"QUIMYP_VA":1420.34,"QUIMYP_EXP":2779.27,"FARMED_VA":312.24,"FARMED_EXP":83.11,"HUPLAS_VA":1040.48,"HUPLAS_EXP":1997.03,"PRNOMT_VA":772.61,"PRNOMT_EXP":624.65,"METBAS_VA":425.25,"METBAS_EXP":557.65,"NONFER_VA":399.44,"NONFER_EXP":466.87,"PRMETA_VA":2026.63,"PRMETA_EXP":820.23,"ELCTRO_VA":705.94,"ELCTRO_EXP":1945.45,"ELCTRI_VA":563.2,"ELCTRI_EXP":1361.45,"MAQYEQ_VA":392.34,"MAQYEQ_EXP":429.28,"AUTOMO_VA":2129.07,"AUTOMO_EXP":195.14,"OTRTRA_VA":81.81,"OTRTRA_EXP":72.18,"TRANSP_VA":91.09,"TRANSP_EXP":306.96,"OTRMAN_VA":553.42,"OTRMAN_EXP":565.78,"ELEGAS_VA":1151.05,"ELEGAS_EXP":2.65,"AGUBAS_VA":87.44,"AGUBAS_EXP":0.26,"CONSTR_VA":10149.6,"CONSTR_EXP":188.09,"COMREV_VA":18881.42,"COMREV_EXP":4942.48,"TRATIE_VA":2234.91,"TRATIE_EXP":790.19,"TRAGUA_VA":474.07,"TRAGUA_EXP":461.61,"TRAAIR_VA":612.68,"TRAAIR_EXP":267.45,"ALMSTR_VA":517.02,"ALMSTR_EXP":106.42,"POSTME_VA":111.27,"POSTME_EXP":38.45,"HOTYRE_VA":3164.84,"HOTYRE_EXP":1164.74,"MMTVRA_VA":768.44,"MMTVRA_EXP":183.71,"TELECO_VA":2932.67,"TELECO_EXP":146.1,"ITSERV_VA":304.48,"ITSERV_EXP":6.02,"SERFIN_VA":3742.83,"SERFIN_EXP":148.24,"GOBEST_VA":2825.61,"GOBEST_EXP":146.27,"SPRSCT_VA":793.04,"SPRSCT_EXP":309.85,"SEAEMP_VA":826.6,"SEAEMP_EXP":359.4,"ADPDEF_VA":4087.03,"ADPDEF_EXP":0.3,"EDUCAC_VA":3155.3,"EDUCAC_EXP":64.75,"SALUDH_VA":934.12,"SALUDH_EXP":54.16,"ESPARC_VA":327.39,"ESPARC_EXP":111.12,"OTRSER_VA":1610.38,"OTRSER_EXP":51.28,"SERHOG_VA":379.18,"SERHOG_EXP":0.0}},{"type":"Feature","geometry":{"type":"Point","coordinates":[78.96,20.59]},"properties":{"id":"IND","name":"India","continent":"asia","year":1998,"AGRPFO_VA":83106.45,"AGRPFO_EXP":686.74,"FORLOG_VA":11482.89,"FORLOG_EXP":521.49,"PESCAC_VA":3921.74,"PESCAC_EXP":30.07,"MINCOL_VA":2311.69,"MINCOL_EXP":40.56,"PETGAS_VA":4971.06,"PETGAS_EXP":2.46,"MINORE_VA":860.42,"MINORE_EXP":556.97,"MINOTH_VA":139.81,"MINOTH_EXP":144.62,"MINSER_VA":1315.53,"MINSER_EXP":16.07,"ALYBEB_VA":9274.0,"ALYBEB_EXP":2472.84,"TEXYPR_VA":8579.08,"TEXYPR_EXP":4317.84,"MADYPR_VA":2788.68,"MADYPR_EXP":199.31,"PAPYPR_VA":1859.52,"PAPYPR_EXP":112.1,"PETREF_VA":4692.92,"PETREF_EXP":3996.16,"QUIMYP_VA":4863.95,"QUIMYP_EXP":1602.92,"FARMED_VA":3429.94,"FARMED_EXP":976.34,"HUPLAS_VA":2514.31,"HUPLAS_EXP":697.2,"PRNOMT_VA":3747.73,"PRNOMT_EXP":222.49,"METBAS_VA":7020.06,"METBAS_EXP":1735.91,"NONFER_VA":4135.74,"NONFER_EXP":475.59,"PRMETA_VA":4635.94,"PRMETA_EXP":695.13,"ELCTRO_VA":1055.77,"ELCTRO_EXP":406.96,"ELCTRI_VA":1825.46,"ELCTRI_EXP":978.67,"MAQYEQ_VA":3853.76,"MAQYEQ_EXP":1576.23,"AUTOMO_VA":2789.05,"AUTOMO_EXP":918.6,"OTRTRA_VA":199.64,"OTRTRA_EXP":63.87,"TRANSP_VA":847.45,"TRANSP_EXP":530.33,"OTRMAN_VA":3592.0,"OTRMAN_EXP":4605.41,"ELEGAS_VA":12148.61,"ELEGAS_EXP":48.41,"AGUBAS_VA":1512.73,"AGUBAS_EXP":0.53,"CONSTR_VA":29540.42,"CONSTR_EXP":95.78,"COMREV_VA":32571.96,"COMREV_EXP":3415.41,"TRATIE_VA":16103.18,"TRATIE_EXP":1562.39,"TRAGUA_VA":298.96,"TRAGUA_EXP":106.34,"TRAAIR_VA":339.45,"TRAAIR_EXP":300.62,"ALMSTR_VA":3007.02,"ALMSTR_EXP":612.69,"POSTME_VA":1769.54,"POSTME_EXP":13.06,"HOTYRE_VA":3540.36,"HOTYRE_EXP":734.05,"MMTVRA_VA":1906.13,"MMTVRA_EXP":479.34,"TELECO_VA":3735.42,"TELECO_EXP":112.3,"ITSERV_VA":5890.88,"ITSERV_EXP":3943.58,"SERFIN_VA":17693.88,"SERFIN_EXP":436.63,"GOBEST_VA":26898.54,"GOBEST_EXP":130.65,"SPRSCT_VA":980.08,"SPRSCT_EXP":1026.92,"SEAEMP_VA":7722.72,"SEAEMP_EXP":1833.93,"ADPDEF_VA":24292.81,"ADPDEF_EXP":39.99,"EDUCAC_VA":10739.65,"EDUCAC_EXP":42.41,"SALUDH_VA":4843.58,"SALUDH_EXP":35.82,"ESPARC_VA":843.63,"ESPARC_EXP":75.18,"OTRSER_VA":4334.21,"OTRSER_EXP":32.11,"SERHOG_VA":746.14,"SERHOG_EXP":0.0}},{"type":"Feature","geometry":{"type":"Point","coordinates":[-7.69,53.14]},"properties":{"id":"IRL","name":"Irlanda","continent":"europe","year":1998,"AGRPFO_VA":2877.69,"AGRPFO_EXP":545.27,"FORLOG_VA":24.53,"FORLOG_EXP":30.59,"PESCAC_VA":242.05,"PESCAC_EXP":172.6,"MINCOL_VA":4.15,"MINCOL_EXP":3.48,"PETGAS_VA":14.53,"PETGAS_EXP":36.63,"MINORE_VA":242.68,"MINORE_EXP":110.62,"MINOTH_VA":197.19,"MINOTH_EXP":44.24,"MINSER_VA":11.02,"MINSER_EXP":18.15,"ALYBEB_VA":3110.29,"ALYBEB_EXP":7312.15,"TEXYPR_VA":511.45,"TEXYPR_EXP":993.52,"MADYPR_VA":316.35,"MADYPR_EXP":221.02,"PAPYPR_VA":730.65,"PAPYPR_EXP":727.44,"PETREF_VA":72.05,"PETREF_EXP":134.15,"QUIMYP_VA":378.64,"QUIMYP_EXP":695.27,"FARMED_VA":6587.68,"FARMED_EXP":5961.27,"HUPLAS_VA":548.99,"HUPLAS_EXP":854.09,"PRNOMT_VA":746.89,"PRNOMT_EXP":542.63,"METBAS_VA":160.8,"METBAS_EXP":312.12,"NONFER_VA":28.36,"NONFER_EXP":269.03,"PRMETA_VA":592.1,"PRMETA_EXP":619.21,"ELCTRO_VA":3716.37,"ELCTRO_EXP":14387.69,"ELCTRI_VA":549.54,"ELCTRI_EXP":1247.02,"MAQYEQ_VA":498.89,"MAQYEQ_EXP":1019.48,"AUTOMO_VA":379.55,"AUTOMO_EXP":355.08,"OTRTRA_VA":5.21,"OTRTRA_EXP":9.39,"TRANSP_VA":94.64,"TRANSP_EXP":198.47,"OTRMAN_VA":2016.25,"OTRMAN_EXP":1671.5,"ELEGAS_VA":1183.38,"ELEGAS_EXP":1.85,"AGUBAS_VA":554.97,"AGUBAS_EXP":0.04,"CONSTR_VA":5453.88,"CONSTR_EXP":0.14,"COMREV_VA":9468.14,"COMREV_EXP":5616.75,"TRATIE_VA":1310.16,"TRATIE_EXP":830.88,"TRAGUA_VA":191.58,"TRAGUA_EXP":315.25,"TRAAIR_VA":593.15,"TRAAIR_EXP":890.09,"ALMSTR_VA":466.96,"ALMSTR_EXP":286.18,"POSTME_VA":690.19,"POSTME_EXP":379.16,"HOTYRE_VA":2270.93,"HOTYRE_EXP":866.49,"MMTVRA_VA":2481.78,"MMTVRA_EXP":1219.73,"TELECO_VA":2494.68,"TELECO_EXP":231.57,"ITSERV_VA":1827.38,"ITSERV_EXP":1540.72,"SERFIN_VA":5965.37,"SERFIN_EXP":3821.76,"GOBEST_VA":5782.96,"GOBEST_EXP":225.02,"SPRSCT_VA":2813.3,"SPRSCT_EXP":2338.44,"SEAEMP_VA":2472.54,"SEAEMP_EXP":1011.11,"ADPDEF_VA":3739.21,"ADPDEF_EXP":0.07,"EDUCAC_VA":3791.95,"EDUCAC_EXP":50.01,"SALUDH_VA":4321.76,"SALUDH_EXP":32.62,"ESPARC_VA":1207.87,"ESPARC_EXP":123.78,"OTRSER_VA":559.95,"OTRSER_EXP":26.47,"SERHOG_VA":118.21,"SERHOG_EXP":0.0}},{"type":"Feature","geometry":{"type":"Point","coordinates":[-19.02,64.96]},"properties":{"id":"ISL","name":"Islandia","continent":"europe","year":1998,"AGRPFO_VA":102.91,"AGRPFO_EXP":9.25,"FORLOG_VA":0.94,"FORLOG_EXP":0.12,"PESCAC_VA":590.1,"PESCAC_EXP":242.36,"MINCOL_VA":0.02,"MINCOL_EXP":0.0,"PETGAS_VA":0.33,"PETGAS_EXP":0.05,"MINORE_VA":0.0,"MINORE_EXP":0.0,"MINOTH_VA":10.65,"MINOTH_EXP":2.76,"MINSER_VA":0.03,"MINSER_EXP":0.0,"ALYBEB_VA":423.21,"ALYBEB_EXP":919.29,"TEXYPR_VA":11.91,"TEXYPR_EXP":12.86,"MADYPR_VA":17.12,"MADYPR_EXP":0.25,"PAPYPR_VA":46.08,"PAPYPR_EXP":3.58,"PETREF_VA":0.04,"PETREF_EXP":0.01,"QUIMYP_VA":22.45,"QUIMYP_EXP":13.05,"FARMED_VA":26.9,"FARMED_EXP":0.62,"HUPLAS_VA":34.97,"HUPLAS_EXP":8.37,"PRNOMT_VA":51.32,"PRNOMT_EXP":1.64,"METBAS_VA":23.12,"METBAS_EXP":12.14,"NONFER_VA":165.98,"NONFER_EXP":230.44,"PRMETA_VA":85.79,"PRMETA_EXP":3.09,"ELCTRO_VA":2.3,"ELCTRO_EXP":0.59,"ELCTRI_VA":6.29,"ELCTRI_EXP":0.98,"MAQYEQ_VA":49.83,"MAQYEQ_EXP":41.07,"AUTOMO_VA":4.31,"AUTOMO_EXP":1.14,"OTRTRA_VA":0.94,"OTRTRA_EXP":1.89,"TRANSP_VA":8.58,"TRANSP_EXP":6.55,"OTRMAN_VA":126.58,"OTRMAN_EXP":10.86,"ELEGAS_VA":233.2,"ELEGAS_EXP":0.11,"AGUBAS_VA":46.79,"AGUBAS_EXP":0.28,"CONSTR_VA":674.34,"CONSTR_EXP":0.21,"COMREV_VA":879.64,"COMREV_EXP":276.25,"TRATIE_VA":107.47,"TRATIE_EXP":20.1,"TRAGUA_VA":108.55,"TRAGUA_EXP":98.08,"TRAAIR_VA":172.77,"TRAAIR_EXP":398.2,"ALMSTR_VA":53.92,"ALMSTR_EXP":41.38,"POSTME_VA":27.2,"POSTME_EXP":0.95,"HOTYRE_VA":264.87,"HOTYRE_EXP":62.2,"MMTVRA_VA":182.14,"MMTVRA_EXP":17.08,"TELECO_VA":135.37,"TELECO_EXP":7.86,"ITSERV_VA":86.72,"ITSERV_EXP":52.18,"SERFIN_VA":297.18,"SERFIN_EXP":60.91,"GOBEST_VA":488.23,"GOBEST_EXP":0.95,"SPRSCT_VA":290.95,"SPRSCT_EXP":91.65,"SEAEMP_VA":150.52,"SEAEMP_EXP":57.34,"ADPDEF_VA":420.08,"ADPDEF_EXP":0.36,"EDUCAC_VA":390.59,"EDUCAC_EXP":0.47,"SALUDH_VA":622.64,"SALUDH_EXP":0.6,"ESPARC_VA":67.54,"ESPARC_EXP":27.56,"OTRSER_VA":100.21,"OTRSER_EXP":6.17,"SERHOG_VA":5.8,"SERHOG_EXP":0.0}},{"type":"Feature","geometry":{"type":"Point","coordinates":[34.85,31.05]},"properties":{"id":"ISR","name":"Israel","continent":"other","year":1998,"AGRPFO_VA":1653.56,"AGRPFO_EXP":666.58,"FORLOG_VA":8.94,"FORLOG_EXP":9.7,"PESCAC_VA":22.02,"PESCAC_EXP":11.19,"MINCOL_VA":0.0,"MINCOL_EXP":0.0,"PETGAS_VA":156.78,"PETGAS_EXP":1.78,"MINORE_VA":0.0,"MINORE_EXP":0.0,"MINOTH_VA":434.8,"MINOTH_EXP":569.02,"MINSER_VA":34.55,"MINSER_EXP":16.35,"ALYBEB_VA":1726.38,"ALYBEB_EXP":657.75,"TEXYPR_VA":326.22,"TEXYPR_EXP":399.25,"MADYPR_VA":60.12,"MADYPR_EXP":13.61,"PAPYPR_VA":481.9,"PAPYPR_EXP":170.99,"PETREF_VA":1942.78,"PETREF_EXP":1447.97,"QUIMYP_VA":1964.94,"QUIMYP_EXP":2144.02,"FARMED_VA":1554.07,"FARMED_EXP":278.76,"HUPLAS_VA":715.52,"HUPLAS_EXP":985.72,"PRNOMT_VA":536.16,"PRNOMT_EXP":202.38,"METBAS_VA":172.97,"METBAS_EXP":129.44,"NONFER_VA":68.9,"NONFER_EXP":164.14,"PRMETA_VA":1331.9,"PRMETA_EXP":605.82,"ELCTRO_VA":3445.87,"ELCTRO_EXP":4269.46,"ELCTRI_VA":275.29,"ELCTRI_EXP":360.98,"MAQYEQ_VA":685.4,"MAQYEQ_EXP":1295.57,"AUTOMO_VA":137.12,"AUTOMO_EXP":71.72,"OTRTRA_VA":6.49,"OTRTRA_EXP":3.03,"TRANSP_VA":605.72,"TRANSP_EXP":979.45,"OTRMAN_VA":607.81,"OTRMAN_EXP":940.6,"ELEGAS_VA":501.19,"ELEGAS_EXP":0.19,"AGUBAS_VA":963.91,"AGUBAS_EXP":0.73,"CONSTR_VA":6565.85,"CONSTR_EXP":10.04,"COMREV_VA":9207.68,"COMREV_EXP":2851.46,"TRATIE_VA":2387.93,"TRATIE_EXP":581.52,"TRAGUA_VA":388.43,"TRAGUA_EXP":342.71,"TRAAIR_VA":1054.91,"TRAAIR_EXP":857.51,"ALMSTR_VA":350.72,"ALMSTR_EXP":425.49,"POSTME_VA":318.39,"POSTME_EXP":34.73,"HOTYRE_VA":2231.24,"HOTYRE_EXP":907.96,"MMTVRA_VA":609.55,"MMTVRA_EXP":224.91,"TELECO_VA":2707.51,"TELECO_EXP":172.03,"ITSERV_VA":4286.45,"ITSERV_EXP":2744.42,"SERFIN_VA":6270.77,"SERFIN_EXP":1182.44,"GOBEST_VA":16190.74,"GOBEST_EXP":646.34,"SPRSCT_VA":6827.52,"SPRSCT_EXP":760.31,"SEAEMP_VA":3707.77,"SEAEMP_EXP":222.38,"ADPDEF_VA":10803.48,"ADPDEF_EXP":9.72,"EDUCAC_VA":7023.7,"EDUCAC_EXP":85.98,"SALUDH_VA":6356.5,"SALUDH_EXP":82.05,"ESPARC_VA":1700.96,"ESPARC_EXP":128.08,"OTRSER_VA":1455.99,"OTRSER_EXP":62.63,"SERHOG_VA":199.28,"SERHOG_EXP":0.0}},{"type":"Feature","geometry":{"type":"Point","coordinates":[12.57,41.87]},"properties":{"id":"ITA","name":"Italia","continent":"europe","year":1998,"AGRPFO_VA":33349.52,"AGRPFO_EXP":3086.18,"FORLOG_VA":1488.74,"FORLOG_EXP":105.9,"PESCAC_VA":1503.96,"PESCAC_EXP":144.9,"MINCOL_VA":19.4,"MINCOL_EXP":4.94,"PETGAS_VA":4691.32,"PETGAS_EXP":243.29,"MINORE_VA":0.57,"MINORE_EXP":0.14,"MINOTH_VA":1196.56,"MINOTH_EXP":280.75,"MINSER_VA":228.87,"MINSER_EXP":120.41,"ALYBEB_VA":23901.93,"ALYBEB_EXP":10314.61,"TEXYPR_VA":31804.96,"TEXYPR_EXP":26268.64,"MADYPR_VA":6998.29,"MADYPR_EXP":1559.35,"PAPYPR_VA":11705.84,"PAPYPR_EXP":3365.51,"PETREF_VA":5076.72,"PETREF_EXP":2358.45,"QUIMYP_VA":11415.75,"QUIMYP_EXP":12227.73,"FARMED_VA":7358.15,"FARMED_EXP":5085.36,"HUPLAS_VA":12412.47,"HUPLAS_EXP":7526.55,"PRNOMT_VA":13005.42,"PRNOMT_EXP":6610.01,"METBAS_VA":7421.07,"METBAS_EXP":6157.5,"NONFER_VA":2986.99,"NONFER_EXP":2387.51,"PRMETA_VA":25351.16,"PRMETA_EXP":10330.46,"ELCTRO_VA":7707.72,"ELCTRO_EXP":11396.95,"ELCTRI_VA":10328.79,"ELCTRI_EXP":7736.53,"MAQYEQ_VA":26710.09,"MAQYEQ_EXP":36742.02,"AUTOMO_VA":13569.86,"AUTOMO_EXP":14775.13,"OTRTRA_VA":2003.62,"OTRTRA_EXP":2427.8,"TRANSP_VA":5427.96,"TRANSP_EXP":2142.15,"OTRMAN_VA":19929.93,"OTRMAN_EXP":12210.51,"ELEGAS_VA":19361.47,"ELEGAS_EXP":388.75,"AGUBAS_VA":8471.3,"AGUBAS_EXP":70.24,"CONSTR_VA":57815.25,"CONSTR_EXP":667.49,"COMREV_VA":158765.34,"COMREV_EXP":43835.91,"TRATIE_VA":36027.87,"TRATIE_EXP":10326.95,"TRAGUA_VA":3602.01,"TRAGUA_EXP":4814.76,"TRAAIR_VA":4179.69,"TRAAIR_EXP":3218.52,"ALMSTR_VA":16347.75,"ALMSTR_EXP":6322.95,"POSTME_VA":4158.53,"POSTME_EXP":344.02,"HOTYRE_VA":38806.61,"HOTYRE_EXP":10946.27,"MMTVRA_VA":10020.99,"MMTVRA_EXP":1770.58,"TELECO_VA":18853.42,"TELECO_EXP":2417.64,"ITSERV_VA":15234.95,"ITSERV_EXP":1929.5,"SERFIN_VA":55645.11,"SERFIN_EXP":4290.28,"GOBEST_VA":111108.82,"GOBEST_EXP":2202.06,"SPRSCT_VA":75614.24,"SPRSCT_EXP":6870.92,"SEAEMP_VA":27185.24,"SEAEMP_EXP":4804.82,"ADPDEF_VA":75323.74,"ADPDEF_EXP":32.77,"EDUCAC_VA":54833.65,"EDUCAC_EXP":789.77,"SALUDH_VA":56213.57,"SALUDH_EXP":534.4,"ESPARC_VA":10678.76,"ESPARC_EXP":1122.38,"OTRSER_VA":23018.46,"OTRSER_EXP":934.33,"SERHOG_VA":11183.87,"SERHOG_EXP":0.0}},{"type":"Feature","geometry":{"type":"Point","coordinates":[36.24,30.59]},"properties":{"id":"JOR","name":"Jordania","continent":"other","year":1998,"AGRPFO_VA":291.71,"AGRPFO_EXP":180.82,"FORLOG_VA":22.28,"FORLOG_EXP":0.15,"PESCAC_VA":0.74,"PESCAC_EXP":0.22,"MINCOL_VA":40.82,"MINCOL_EXP":0.08,"PETGAS_VA":43.44,"PETGAS_EXP":0.29,"MINORE_VA":33.94,"MINORE_EXP":8.5,"MINOTH_VA":60.09,"MINOTH_EXP":81.88,"MINSER_VA":33.98,"MINSER_EXP":7.34,"ALYBEB_VA":497.22,"ALYBEB_EXP":165.97,"TEXYPR_VA":238.26,"TEXYPR_EXP":190.66,"MADYPR_VA":12.9,"MADYPR_EXP":3.45,"PAPYPR_VA":54.69,"PAPYPR_EXP":28.41,"PETREF_VA":57.53,"PETREF_EXP":2.54,"QUIMYP_VA":114.46,"QUIMYP_EXP":235.14,"FARMED_VA":95.1,"FARMED_EXP":90.4,"HUPLAS_VA":37.88,"HUPLAS_EXP":22.54,"PRNOMT_VA":146.57,"PRNOMT_EXP":8.8,"METBAS_VA":18.74,"METBAS_EXP":5.31,"NONFER_VA":36.19,"NONFER_EXP":22.59,"PRMETA_VA":69.87,"PRMETA_EXP":27.87,"ELCTRO_VA":8.02,"ELCTRO_EXP":8.98,"ELCTRI_VA":40.42,"ELCTRI_EXP":21.54,"MAQYEQ_VA":25.63,"MAQYEQ_EXP":18.1,"AUTOMO_VA":13.99,"AUTOMO_EXP":12.71,"OTRTRA_VA":1.82,"OTRTRA_EXP":0.25,"TRANSP_VA":3.29,"TRANSP_EXP":0.25,"OTRMAN_VA":36.85,"OTRMAN_EXP":68.39,"ELEGAS_VA":77.67,"ELEGAS_EXP":2.22,"AGUBAS_VA":90.45,"AGUBAS_EXP":0.49,"CONSTR_VA":264.27,"CONSTR_EXP":0.67,"COMREV_VA":699.64,"COMREV_EXP":153.59,"TRATIE_VA":287.61,"TRATIE_EXP":106.24,"TRAGUA_VA":15.21,"TRAGUA_EXP":20.09,"TRAAIR_VA":53.87,"TRAAIR_EXP":203.75,"ALMSTR_VA":75.76,"ALMSTR_EXP":70.05,"POSTME_VA":3.65,"POSTME_EXP":6.33,"HOTYRE_VA":181.11,"HOTYRE_EXP":145.69,"MMTVRA_VA":37.35,"MMTVRA_EXP":56.18,"TELECO_VA":278.07,"TELECO_EXP":101.75,"ITSERV_VA":41.11,"ITSERV_EXP":6.35,"SERFIN_VA":211.29,"SERFIN_EXP":151.96,"GOBEST_VA":846.56,"GOBEST_EXP":55.38,"SPRSCT_VA":82.75,"SPRSCT_EXP":88.09,"SEAEMP_VA":67.61,"SEAEMP_EXP":133.58,"ADPDEF_VA":759.72,"ADPDEF_EXP":1.89,"EDUCAC_VA":608.5,"EDUCAC_EXP":121.76,"SALUDH_VA":229.22,"SALUDH_EXP":104.12,"ESPARC_VA":20.96,"ESPARC_EXP":49.05,"OTRSER_VA":68.13,"OTRSER_EXP":8.05,"SERHOG_VA":53.09,"SERHOG_EXP":0.0}},{"type":"Feature","geometry":{"type":"Point","coordinates":[138.25,36.2]},"properties":{"id":"JPN","name":"Japón","continent":"asia","year":1998,"AGRPFO_VA":54725.08,"AGRPFO_EXP":394.32,"FORLOG_VA":1685.92,"FORLOG_EXP":31.98,"PESCAC_VA":8692.84,"PESCAC_EXP":119.27,"MINCOL_VA":449.46,"MINCOL_EXP":1.44,"PETGAS_VA":457.15,"PETGAS_EXP":12.14,"MINORE_VA":1078.13,"MINORE_EXP":7.07,"MINOTH_VA":671.57,"MINOTH_EXP":87.34,"MINSER_VA":921.02,"MINSER_EXP":145.59,"ALYBEB_VA":104105.4,"ALYBEB_EXP":1536.13,"TEXYPR_VA":31323.32,"TEXYPR_EXP":4440.3,"MADYPR_VA":9707.32,"MADYPR_EXP":228.21,"PAPYPR_VA":54138.6,"PAPYPR_EXP":1665.02,"PETREF_VA":43747.7,"PETREF_EXP":2068.95,"QUIMYP_VA":52637.22,"QUIMYP_EXP":14368.01,"FARMED_VA":26723.3,"FARMED_EXP":1091.21,"HUPLAS_VA":38282.01,"HUPLAS_EXP":8687.19,"PRNOMT_VA":30982.87,"PRNOMT_EXP":2891.4,"METBAS_VA":35922.72,"METBAS_EXP":9415.68,"NONFER_VA":14768.8,"NONFER_EXP":4900.2,"PRMETA_VA":47780.46,"PRMETA_EXP":2406.72,"ELCTRO_VA":106479.17,"ELCTRO_EXP":88252.97,"ELCTRI_VA":62653.11,"ELCTRI_EXP":20314.45,"MAQYEQ_VA":107225.17,"MAQYEQ_EXP":47963.33,"AUTOMO_VA":81152.19,"AUTOMO_EXP":63106.24,"OTRTRA_VA":8538.66,"OTRTRA_EXP":8533.71,"TRANSP_VA":11820.14,"TRANSP_EXP":6051.17,"OTRMAN_VA":117282.52,"OTRMAN_EXP":5972.7,"ELEGAS_VA":74313.94,"ELEGAS_EXP":57.79,"AGUBAS_VA":54480.11,"AGUBAS_EXP":13.26,"CONSTR_VA":274711.47,"CONSTR_EXP":23.55,"COMREV_VA":514405.48,"COMREV_EXP":55281.77,"TRATIE_VA":119391.41,"TRATIE_EXP":11030.5,"TRAGUA_VA":9223.05,"TRAGUA_EXP":2452.1,"TRAAIR_VA":8283.24,"TRAAIR_EXP":6609.68,"ALMSTR_VA":44858.69,"ALMSTR_EXP":6460.75,"POSTME_VA":12864.65,"POSTME_EXP":277.42,"HOTYRE_VA":125879.01,"HOTYRE_EXP":1406.9,"MMTVRA_VA":35040.64,"MMTVRA_EXP":2951.19,"TELECO_VA":62251.48,"TELECO_EXP":1641.35,"ITSERV_VA":91938.07,"ITSERV_EXP":444.39,"SERFIN_VA":188429.54,"SERFIN_EXP":4886.71,"GOBEST_VA":393365.49,"GOBEST_EXP":1549.9,"SPRSCT_VA":153135.63,"SPRSCT_EXP":13841.3,"SEAEMP_VA":89911.7,"SEAEMP_EXP":8538.26,"ADPDEF_VA":186876.99,"ADPDEF_EXP":85.97,"EDUCAC_VA":138188.75,"EDUCAC_EXP":313.5,"SALUDH_VA":178058.08,"SALUDH_EXP":60.27,"ESPARC_VA":45771.44,"ESPARC_EXP":467.96,"OTRSER_VA":88380.54,"OTRSER_EXP":129.42,"SERHOG_VA":0.0,"SERHOG_EXP":0.0}},{"type":"Feature","geometry":{"type":"Point","coordinates":[66.92,48.02]},"properties":{"id":"KAZ","name":"Kazajistán","continent":"asia","year":1998,"AGRPFO_VA":1192.04,"AGRPFO_EXP":258.63,"FORLOG_VA":4.33,"FORLOG_EXP":0.05,"PESCAC_VA":4.35,"PESCAC_EXP":0.33,"MINCOL_VA":111.11,"MINCOL_EXP":91.42,"PETGAS_VA":3533.65,"PETGAS_EXP":3159.66,"MINORE_VA":448.94,"MINORE_EXP":144.42,"MINOTH_VA":46.98,"MINOTH_EXP":18.41,"MINSER_VA":183.24,"MINSER_EXP":22.2,"ALYBEB_VA":479.74,"ALYBEB_EXP":65.67,"TEXYPR_VA":28.53,"TEXYPR_EXP":9.57,"MADYPR_VA":6.99,"MADYPR_EXP":0.27,"PAPYPR_VA":32.62,"PAPYPR_EXP":3.08,"PETREF_VA":335.56,"PETREF_EXP":144.39,"QUIMYP_VA":76.46,"QUIMYP_EXP":57.05,"FARMED_VA":10.28,"FARMED_EXP":0.87,"HUPLAS_VA":46.09,"HUPLAS_EXP":3.47,"PRNOMT_VA":129.12,"PRNOMT_EXP":2.4,"METBAS_VA":411.26,"METBAS_EXP":439.71,"NONFER_VA":823.22,"NONFER_EXP":637.19,"PRMETA_VA":56.34,"PRMETA_EXP":12.66,"ELCTRO_VA":8.49,"ELCTRO_EXP":11.02,"ELCTRI_VA":26.17,"ELCTRI_EXP":8.74,"MAQYEQ_VA":35.23,"MAQYEQ_EXP":33.96,"AUTOMO_VA":14.18,"AUTOMO_EXP":8.29,"OTRTRA_VA":3.6,"OTRTRA_EXP":0.93,"TRANSP_VA":6.45,"TRANSP_EXP":9.48,"OTRMAN_VA":147.07,"OTRMAN_EXP":3.65,"ELEGAS_VA":334.52,"ELEGAS_EXP":18.45,"AGUBAS_VA":58.32,"AGUBAS_EXP":0.19,"CONSTR_VA":1412.18,"CONSTR_EXP":0.18,"COMREV_VA":3274.32,"COMREV_EXP":540.67,"TRATIE_VA":1103.2,"TRATIE_EXP":358.76,"TRAGUA_VA":19.63,"TRAGUA_EXP":5.16,"TRAAIR_VA":86.76,"TRAAIR_EXP":27.18,"ALMSTR_VA":430.26,"ALMSTR_EXP":36.96,"POSTME_VA":20.44,"POSTME_EXP":1.98,"HOTYRE_VA":204.33,"HOTYRE_EXP":82.53,"MMTVRA_VA":72.59,"MMTVRA_EXP":24.33,"TELECO_VA":491.99,"TELECO_EXP":42.42,"ITSERV_VA":153.98,"ITSERV_EXP":0.72,"SERFIN_VA":466.6,"SERFIN_EXP":19.63,"GOBEST_VA":2000.78,"GOBEST_EXP":100.68,"SPRSCT_VA":1065.47,"SPRSCT_EXP":28.46,"SEAEMP_VA":412.93,"SEAEMP_EXP":119.84,"ADPDEF_VA":402.32,"ADPDEF_EXP":0.25,"EDUCAC_VA":605.54,"EDUCAC_EXP":2.37,"SALUDH_VA":424.37,"SALUDH_EXP":3.93,"ESPARC_VA":79.65,"ESPARC_EXP":8.1,"OTRSER_VA":297.95,"OTRSER_EXP":3.88,"SERHOG_VA":13.54,"SERHOG_EXP":0.0}},{"type":"Feature","geometry":{"type":"Point","coordinates":[104.99,12.57]},"properties":{"id":"KHM","name":"Camboya","continent":"asia","year":1998,"AGRPFO_VA":694.18,"AGRPFO_EXP":117.37,"FORLOG_VA":145.36,"FORLOG_EXP":0.22,"PESCAC_VA":332.67,"PESCAC_EXP":31.7,"MINCOL_VA":0.0,"MINCOL_EXP":0.0,"PETGAS_VA":0.0,"PETGAS_EXP":0.0,"MINORE_VA":6.18,"MINORE_EXP":0.08,"MINOTH_VA":9.03,"MINOTH_EXP":0.17,"MINSER_VA":4.26,"MINSER_EXP":0.09,"ALYBEB_VA":55.41,"ALYBEB_EXP":32.55,"TEXYPR_VA":292.71,"TEXYPR_EXP":473.14,"MADYPR_VA":4.23,"MADYPR_EXP":5.99,"PAPYPR_VA":5.84,"PAPYPR_EXP":4.56,"PETREF_VA":1.53,"PETREF_EXP":0.44,"QUIMYP_VA":6.0,"QUIMYP_EXP":0.87,"FARMED_VA":3.57,"FARMED_EXP":0.59,"HUPLAS_VA":10.35,"HUPLAS_EXP":1.84,"PRNOMT_VA":9.12,"PRNOMT_EXP":0.25,"METBAS_VA":268.21,"METBAS_EXP":4.28,"NONFER_VA":3.09,"NONFER_EXP":2.83,"PRMETA_VA":14.13,"PRMETA_EXP":1.31,"ELCTRO_VA":0.02,"ELCTRO_EXP":0.01,"ELCTRI_VA":0.02,"ELCTRI_EXP":0.0,"MAQYEQ_VA":0.43,"MAQYEQ_EXP":0.21,"AUTOMO_VA":3.02,"AUTOMO_EXP":1.1,"OTRTRA_VA":0.52,"OTRTRA_EXP":0.08,"TRANSP_VA":0.93,"TRANSP_EXP":0.29,"OTRMAN_VA":19.0,"OTRMAN_EXP":16.96,"ELEGAS_VA":7.99,"ELEGAS_EXP":0.13,"AGUBAS_VA":7.63,"AGUBAS_EXP":0.2,"CONSTR_VA":90.98,"CONSTR_EXP":0.46,"COMREV_VA":237.37,"COMREV_EXP":58.49,"TRATIE_VA":76.26,"TRATIE_EXP":32.28,"TRAGUA_VA":7.98,"TRAGUA_EXP":8.04,"TRAAIR_VA":11.79,"TRAAIR_EXP":20.24,"ALMSTR_VA":37.82,"ALMSTR_EXP":28.31,"POSTME_VA":11.09,"POSTME_EXP":2.71,"HOTYRE_VA":110.74,"HOTYRE_EXP":20.27,"MMTVRA_VA":13.8,"MMTVRA_EXP":11.21,"TELECO_VA":41.09,"TELECO_EXP":9.05,"ITSERV_VA":10.32,"ITSERV_EXP":3.22,"SERFIN_VA":35.3,"SERFIN_EXP":5.56,"GOBEST_VA":170.45,"GOBEST_EXP":5.2,"SPRSCT_VA":24.6,"SPRSCT_EXP":4.79,"SEAEMP_VA":20.14,"SEAEMP_EXP":4.03,"ADPDEF_VA":76.02,"ADPDEF_EXP":0.31,"EDUCAC_VA":58.25,"EDUCAC_EXP":1.86,"SALUDH_VA":61.24,"SALUDH_EXP":1.45,"ESPARC_VA":23.87,"ESPARC_EXP":4.81,"OTRSER_VA":48.15,"OTRSER_EXP":1.7,"SERHOG_VA":0.0,"SERHOG_EXP":0.0}},{"type":"Feature","geometry":{"type":"Point","coordinates":[127.77,35.91]},"properties":{"id":"KOR","name":"Corea del Sur","continent":"asia","year":1998,"AGRPFO_VA":12658.99,"AGRPFO_EXP":277.68,"FORLOG_VA":1183.08,"FORLOG_EXP":105.59,"PESCAC_VA":1550.37,"PESCAC_EXP":716.06,"MINCOL_VA":122.35,"MINCOL_EXP":6.88,"PETGAS_VA":63.77,"PETGAS_EXP":1.05,"MINORE_VA":14.9,"MINORE_EXP":10.51,"MINOTH_VA":642.93,"MINOTH_EXP":74.78,"MINSER_VA":6.46,"MINSER_EXP":5.99,"ALYBEB_VA":7234.94,"ALYBEB_EXP":2172.64,"TEXYPR_VA":7711.2,"TEXYPR_EXP":13738.69,"MADYPR_VA":515.75,"MADYPR_EXP":122.1,"PAPYPR_VA":3366.59,"PAPYPR_EXP":1552.11,"PETREF_VA":5868.95,"PETREF_EXP":4983.22,"QUIMYP_VA":10216.88,"QUIMYP_EXP":5107.73,"FARMED_VA":2551.9,"FARMED_EXP":238.93,"HUPLAS_VA":3759.46,"HUPLAS_EXP":3023.93,"PRNOMT_VA":4069.63,"PRNOMT_EXP":623.79,"METBAS_VA":6544.69,"METBAS_EXP":6762.2,"NONFER_VA":1291.91,"NONFER_EXP":5179.96,"PRMETA_VA":4738.33,"PRMETA_EXP":2532.23,"ELCTRO_VA":18827.85,"ELCTRO_EXP":31582.88,"ELCTRI_VA":4297.29,"ELCTRI_EXP":3708.84,"MAQYEQ_VA":5867.13,"MAQYEQ_EXP":4973.86,"AUTOMO_VA":6521.68,"AUTOMO_EXP":9848.87,"OTRTRA_VA":3024.31,"OTRTRA_EXP":7633.25,"TRANSP_VA":419.8,"TRANSP_EXP":1016.97,"OTRMAN_VA":2671.14,"OTRMAN_EXP":2070.77,"ELEGAS_VA":6806.75,"ELEGAS_EXP":5.38,"AGUBAS_VA":1793.43,"AGUBAS_EXP":2.47,"CONSTR_VA":25776.39,"CONSTR_EXP":1.99,"COMREV_VA":38433.27,"COMREV_EXP":12513.91,"TRATIE_VA":3957.05,"TRATIE_EXP":1269.03,"TRAGUA_VA":3501.62,"TRAGUA_EXP":9606.48,"TRAAIR_VA":3263.25,"TRAAIR_EXP":4920.71,"ALMSTR_VA":3219.29,"ALMSTR_EXP":1854.23,"POSTME_VA":1169.36,"POSTME_EXP":111.5,"HOTYRE_VA":10617.51,"HOTYRE_EXP":1434.05,"MMTVRA_VA":4489.62,"MMTVRA_EXP":203.62,"TELECO_VA":6931.27,"TELECO_EXP":321.21,"ITSERV_VA":4891.49,"ITSERV_EXP":432.51,"SERFIN_VA":20593.27,"SERFIN_EXP":408.78,"GOBEST_VA":32521.32,"GOBEST_EXP":176.32,"SPRSCT_VA":16295.43,"SPRSCT_EXP":1054.27,"SEAEMP_VA":9410.56,"SEAEMP_EXP":725.12,"ADPDEF_VA":20080.82,"ADPDEF_EXP":8.66,"EDUCAC_VA":16186.03,"EDUCAC_EXP":104.44,"SALUDH_VA":10129.19,"SALUDH_EXP":67.23,"ESPARC_VA":3552.72,"ESPARC_EXP":894.94,"OTRSER_VA":4748.39,"OTRSER_EXP":66.36,"SERHOG_VA":600.84,"SERHOG_EXP":0.0}},{"type":"Feature","geometry":{"type":"Point","coordinates":[102.5,19.86]},"properties":{"id":"LAO","name":"Laos","continent":"asia","year":1998,"AGRPFO_VA":219.34,"AGRPFO_EXP":30.66,"FORLOG_VA":38.56,"FORLOG_EXP":18.77,"PESCAC_VA":36.93,"PESCAC_EXP":0.3,"MINCOL_VA":12.75,"MINCOL_EXP":0.66,"PETGAS_VA":11.43,"PETGAS_EXP":0.15,"MINORE_VA":43.74,"MINORE_EXP":2.32,"MINOTH_VA":24.88,"MINOTH_EXP":0.42,"MINSER_VA":9.07,"MINSER_EXP":1.45,"ALYBEB_VA":51.38,"ALYBEB_EXP":7.81,"TEXYPR_VA":21.88,"TEXYPR_EXP":32.57,"MADYPR_VA":15.03,"MADYPR_EXP":23.2,"PAPYPR_VA":0.31,"PAPYPR_EXP":0.19,"PETREF_VA":6.07,"PETREF_EXP":0.16,"QUIMYP_VA":2.65,"QUIMYP_EXP":0.52,"FARMED_VA":1.68,"FARMED_EXP":0.55,"HUPLAS_VA":0.85,"HUPLAS_EXP":0.25,"PRNOMT_VA":12.14,"PRNOMT_EXP":0.16,"METBAS_VA":0.21,"METBAS_EXP":0.02,"NONFER_VA":0.2,"NONFER_EXP":0.03,"PRMETA_VA":4.4,"PRMETA_EXP":0.26,"ELCTRO_VA":0.34,"ELCTRO_EXP":0.24,"ELCTRI_VA":0.23,"ELCTRI_EXP":0.09,"MAQYEQ_VA":0.02,"MAQYEQ_EXP":0.0,"AUTOMO_VA":0.07,"AUTOMO_EXP":0.1,"OTRTRA_VA":0.03,"OTRTRA_EXP":0.01,"TRANSP_VA":0.03,"TRANSP_EXP":0.02,"OTRMAN_VA":9.92,"OTRMAN_EXP":5.84,"ELEGAS_VA":109.04,"ELEGAS_EXP":36.69,"AGUBAS_VA":18.43,"AGUBAS_EXP":0.39,"CONSTR_VA":67.49,"CONSTR_EXP":1.12,"COMREV_VA":180.86,"COMREV_EXP":27.73,"TRATIE_VA":32.32,"TRATIE_EXP":31.73,"TRAGUA_VA":1.53,"TRAGUA_EXP":1.26,"TRAAIR_VA":3.45,"TRAAIR_EXP":6.93,"ALMSTR_VA":4.28,"ALMSTR_EXP":1.03,"POSTME_VA":5.18,"POSTME_EXP":6.2,"HOTYRE_VA":24.14,"HOTYRE_EXP":30.59,"MMTVRA_VA":2.19,"MMTVRA_EXP":3.3,"TELECO_VA":23.15,"TELECO_EXP":31.03,"ITSERV_VA":2.28,"ITSERV_EXP":2.68,"SERFIN_VA":59.66,"SERFIN_EXP":76.63,"GOBEST_VA":62.47,"GOBEST_EXP":26.7,"SPRSCT_VA":8.81,"SPRSCT_EXP":11.56,"SEAEMP_VA":3.79,"SEAEMP_EXP":4.56,"ADPDEF_VA":78.75,"ADPDEF_EXP":0.81,"EDUCAC_VA":25.49,"EDUCAC_EXP":2.93,"SALUDH_VA":4.23,"SALUDH_EXP":1.99,"ESPARC_VA":4.14,"ESPARC_EXP":5.83,"OTRSER_VA":49.71,"OTRSER_EXP":2.5,"SERHOG_VA":6.33,"SERHOG_EXP":0.0}},{"type":"Feature","geometry":{"type":"Point","coordinates":[23.88,55.17]},"properties":{"id":"LTU","name":"Lituania","continent":"europe","year":1998,"AGRPFO_VA":814.74,"AGRPFO_EXP":173.65,"FORLOG_VA":62.34,"FORLOG_EXP":42.62,"PESCAC_VA":6.52,"PESCAC_EXP":1.87,"MINCOL_VA":4.16,"MINCOL_EXP":5.35,"PETGAS_VA":20.79,"PETGAS_EXP":0.62,"MINORE_VA":1.44,"MINORE_EXP":0.29,"MINOTH_VA":10.39,"MINOTH_EXP":11.77,"MINSER_VA":5.33,"MINSER_EXP":1.04,"ALYBEB_VA":527.99,"ALYBEB_EXP":292.05,"TEXYPR_VA":360.37,"TEXYPR_EXP":514.17,"MADYPR_VA":94.04,"MADYPR_EXP":131.5,"PAPYPR_VA":74.48,"PAPYPR_EXP":33.39,"PETREF_VA":266.46,"PETREF_EXP":195.76,"QUIMYP_VA":113.86,"QUIMYP_EXP":73.8,"FARMED_VA":9.72,"FARMED_EXP":8.72,"HUPLAS_VA":41.83,"HUPLAS_EXP":57.17,"PRNOMT_VA":92.68,"PRNOMT_EXP":39.33,"METBAS_VA":7.78,"METBAS_EXP":17.56,"NONFER_VA":0.81,"NONFER_EXP":1.25,"PRMETA_VA":47.02,"PRMETA_EXP":36.86,"ELCTRO_VA":77.0,"ELCTRO_EXP":132.56,"ELCTRI_VA":39.17,"ELCTRI_EXP":53.81,"MAQYEQ_VA":30.43,"MAQYEQ_EXP":29.9,"AUTOMO_VA":29.92,"AUTOMO_EXP":9.18,"OTRTRA_VA":23.08,"OTRTRA_EXP":30.47,"TRANSP_VA":10.73,"TRANSP_EXP":21.14,"OTRMAN_VA":149.02,"OTRMAN_EXP":189.52,"ELEGAS_VA":399.57,"ELEGAS_EXP":26.66,"AGUBAS_VA":87.32,"AGUBAS_EXP":2.93,"CONSTR_VA":850.2,"CONSTR_EXP":16.01,"COMREV_VA":1652.55,"COMREV_EXP":463.54,"TRATIE_VA":466.56,"TRATIE_EXP":332.21,"TRAGUA_VA":48.59,"TRAGUA_EXP":46.88,"TRAAIR_VA":17.49,"TRAAIR_EXP":46.05,"ALMSTR_VA":176.55,"ALMSTR_EXP":168.08,"POSTME_VA":19.22,"POSTME_EXP":5.0,"HOTYRE_VA":170.41,"HOTYRE_EXP":84.36,"MMTVRA_VA":96.53,"MMTVRA_EXP":9.84,"TELECO_VA":233.12,"TELECO_EXP":47.37,"ITSERV_VA":23.5,"ITSERV_EXP":15.39,"SERFIN_VA":204.68,"SERFIN_EXP":17.27,"GOBEST_VA":638.75,"GOBEST_EXP":30.49,"SPRSCT_VA":220.09,"SPRSCT_EXP":75.4,"SEAEMP_VA":106.88,"SEAEMP_EXP":20.01,"ADPDEF_VA":922.34,"ADPDEF_EXP":0.2,"EDUCAC_VA":645.71,"EDUCAC_EXP":11.31,"SALUDH_VA":337.16,"SALUDH_EXP":11.99,"ESPARC_VA":67.12,"ESPARC_EXP":35.29,"OTRSER_VA":154.88,"OTRSER_EXP":11.29,"SERHOG_VA":5.36,"SERHOG_EXP":0.0}},{"type":"Feature","geometry":{"type":"Point","coordinates":[6.13,49.82]},"properties":{"id":"LUX","name":"Luxemburgo","continent":"europe","year":1998,"AGRPFO_VA":140.22,"AGRPFO_EXP":180.53,"FORLOG_VA":16.43,"FORLOG_EXP":10.81,"PESCAC_VA":0.0,"PESCAC_EXP":0.0,"MINCOL_VA":0.0,"MINCOL_EXP":0.0,"PETGAS_VA":0.0,"PETGAS_EXP":0.0,"MINORE_VA":7.04,"MINORE_EXP":2.02,"MINOTH_VA":19.01,"MINOTH_EXP":2.32,"MINSER_VA":0.0,"MINSER_EXP":0.0,"ALYBEB_VA":194.77,"ALYBEB_EXP":424.67,"TEXYPR_VA":204.71,"TEXYPR_EXP":308.32,"MADYPR_VA":38.77,"MADYPR_EXP":84.52,"PAPYPR_VA":90.09,"PAPYPR_EXP":142.45,"PETREF_VA":0.0,"PETREF_EXP":0.0,"QUIMYP_VA":108.05,"QUIMYP_EXP":206.82,"FARMED_VA":7.15,"FARMED_EXP":23.3,"HUPLAS_VA":356.65,"HUPLAS_EXP":696.91,"PRNOMT_VA":215.14,"PRNOMT_EXP":417.04,"METBAS_VA":258.47,"METBAS_EXP":903.4,"NONFER_VA":263.97,"NONFER_EXP":937.42,"PRMETA_VA":190.49,"PRMETA_EXP":294.45,"ELCTRO_VA":157.74,"ELCTRO_EXP":183.35,"ELCTRI_VA":21.53,"ELCTRI_EXP":45.9,"MAQYEQ_VA":199.05,"MAQYEQ_EXP":536.92,"AUTOMO_VA":12.97,"AUTOMO_EXP":13.12,"OTRTRA_VA":0.09,"OTRTRA_EXP":0.11,"TRANSP_VA":0.17,"TRANSP_EXP":0.13,"OTRMAN_VA":40.46,"OTRMAN_EXP":64.92,"ELEGAS_VA":211.95,"ELEGAS_EXP":27.36,"AGUBAS_VA":127.67,"AGUBAS_EXP":3.09,"CONSTR_VA":1250.85,"CONSTR_EXP":48.43,"COMREV_VA":1746.46,"COMREV_EXP":647.29,"TRATIE_VA":595.15,"TRATIE_EXP":589.57,"TRAGUA_VA":19.24,"TRAGUA_EXP":27.12,"TRAAIR_VA":331.43,"TRAAIR_EXP":678.41,"ALMSTR_VA":88.4,"ALMSTR_EXP":84.87,"POSTME_VA":62.77,"POSTME_EXP":77.79,"HOTYRE_VA":640.25,"HOTYRE_EXP":513.31,"MMTVRA_VA":143.94,"MMTVRA_EXP":306.51,"TELECO_VA":782.75,"TELECO_EXP":462.08,"ITSERV_VA":231.3,"ITSERV_EXP":190.76,"SERFIN_VA":4040.64,"SERFIN_EXP":11872.2,"GOBEST_VA":1761.06,"GOBEST_EXP":149.43,"SPRSCT_VA":854.52,"SPRSCT_EXP":579.32,"SEAEMP_VA":395.37,"SEAEMP_EXP":181.52,"ADPDEF_VA":1094.44,"ADPDEF_EXP":12.19,"EDUCAC_VA":728.56,"EDUCAC_EXP":41.95,"SALUDH_VA":737.42,"SALUDH_EXP":48.93,"ESPARC_VA":111.91,"ESPARC_EXP":61.69,"OTRSER_VA":172.47,"OTRSER_EXP":34.4,"SERHOG_VA":82.11,"SERHOG_EXP":0.0}},{"type":"Feature","geometry":{"type":"Point","coordinates":[24.6,56.88]},"properties":{"id":"LVA","name":"Letonia","continent":"europe","year":1998,"AGRPFO_VA":212.34,"AGRPFO_EXP":33.34,"FORLOG_VA":84.84,"FORLOG_EXP":48.26,"PESCAC_VA":18.55,"PESCAC_EXP":2.26,"MINCOL_VA":0.29,"MINCOL_EXP":0.02,"PETGAS_VA":0.0,"PETGAS_EXP":0.0,"MINORE_VA":0.15,"MINORE_EXP":0.05,"MINOTH_VA":9.85,"MINOTH_EXP":3.15,"MINSER_VA":0.2,"MINSER_EXP":0.03,"ALYBEB_VA":364.55,"ALYBEB_EXP":172.49,"TEXYPR_VA":143.1,"TEXYPR_EXP":167.06,"MADYPR_VA":231.2,"MADYPR_EXP":256.99,"PAPYPR_VA":60.29,"PAPYPR_EXP":32.95,"PETREF_VA":1.49,"PETREF_EXP":2.33,"QUIMYP_VA":21.09,"QUIMYP_EXP":39.73,"FARMED_VA":23.27,"FARMED_EXP":25.56,"HUPLAS_VA":18.02,"HUPLAS_EXP":11.64,"PRNOMT_VA":32.45,"PRNOMT_EXP":21.55,"METBAS_VA":45.81,"METBAS_EXP":19.16,"NONFER_VA":10.19,"NONFER_EXP":25.17,"PRMETA_VA":44.48,"PRMETA_EXP":19.04,"ELCTRO_VA":15.56,"ELCTRO_EXP":16.73,"ELCTRI_VA":18.68,"ELCTRI_EXP":30.88,"MAQYEQ_VA":29.31,"MAQYEQ_EXP":50.38,"AUTOMO_VA":4.84,"AUTOMO_EXP":8.3,"OTRTRA_VA":13.07,"OTRTRA_EXP":17.48,"TRANSP_VA":10.4,"TRANSP_EXP":10.53,"OTRMAN_VA":89.0,"OTRMAN_EXP":130.35,"ELEGAS_VA":320.98,"ELEGAS_EXP":5.88,"AGUBAS_VA":85.05,"AGUBAS_EXP":3.72,"CONSTR_VA":443.79,"CONSTR_EXP":13.41,"COMREV_VA":869.52,"COMREV_EXP":251.56,"TRATIE_VA":326.97,"TRATIE_EXP":367.93,"TRAGUA_VA":42.27,"TRAGUA_EXP":23.12,"TRAAIR_VA":22.32,"TRAAIR_EXP":40.67,"ALMSTR_VA":584.5,"ALMSTR_EXP":107.31,"POSTME_VA":24.58,"POSTME_EXP":7.14,"HOTYRE_VA":71.02,"HOTYRE_EXP":57.78,"MMTVRA_VA":36.09,"MMTVRA_EXP":12.96,"TELECO_VA":173.11,"TELECO_EXP":60.59,"ITSERV_VA":24.78,"ITSERV_EXP":23.79,"SERFIN_VA":278.98,"SERFIN_EXP":142.5,"GOBEST_VA":326.46,"GOBEST_EXP":12.4,"SPRSCT_VA":175.26,"SPRSCT_EXP":50.18,"SEAEMP_VA":140.82,"SEAEMP_EXP":153.18,"ADPDEF_VA":563.14,"ADPDEF_EXP":0.31,"EDUCAC_VA":316.32,"EDUCAC_EXP":3.98,"SALUDH_VA":187.3,"SALUDH_EXP":2.68,"ESPARC_VA":93.84,"ESPARC_EXP":21.41,"OTRSER_VA":49.9,"OTRSER_EXP":2.95,"SERHOG_VA":5.17,"SERHOG_EXP":0.0}},{"type":"Feature","geometry":{"type":"Point","coordinates":[-7.09,31.79]},"properties":{"id":"MAR","name":"Marruecos","continent":"other","year":1998,"AGRPFO_VA":3875.32,"AGRPFO_EXP":577.01,"FORLOG_VA":593.74,"FORLOG_EXP":13.34,"PESCAC_VA":244.8,"PESCAC_EXP":248.11,"MINCOL_VA":2.64,"MINCOL_EXP":0.33,"PETGAS_VA":6.14,"PETGAS_EXP":0.54,"MINORE_VA":191.67,"MINORE_EXP":127.45,"MINOTH_VA":704.87,"MINOTH_EXP":530.18,"MINSER_VA":20.02,"MINSER_EXP":6.09,"ALYBEB_VA":1642.52,"ALYBEB_EXP":1081.59,"TEXYPR_VA":947.82,"TEXYPR_EXP":1465.94,"MADYPR_VA":91.83,"MADYPR_EXP":41.75,"PAPYPR_VA":195.96,"PAPYPR_EXP":49.01,"PETREF_VA":76.43,"PETREF_EXP":112.02,"QUIMYP_VA":681.92,"QUIMYP_EXP":869.6,"FARMED_VA":235.39,"FARMED_EXP":47.68,"HUPLAS_VA":197.47,"HUPLAS_EXP":59.28,"PRNOMT_VA":715.02,"PRNOMT_EXP":68.25,"METBAS_VA":166.36,"METBAS_EXP":62.28,"NONFER_VA":114.89,"NONFER_EXP":126.7,"PRMETA_VA":336.39,"PRMETA_EXP":27.16,"ELCTRO_VA":43.97,"ELCTRO_EXP":98.24,"ELCTRI_VA":188.56,"ELCTRI_EXP":149.46,"MAQYEQ_VA":113.4,"MAQYEQ_EXP":14.57,"AUTOMO_VA":495.31,"AUTOMO_EXP":64.01,"OTRTRA_VA":23.16,"OTRTRA_EXP":14.66,"TRANSP_VA":46.73,"TRANSP_EXP":22.83,"OTRMAN_VA":431.97,"OTRMAN_EXP":84.81,"ELEGAS_VA":957.0,"ELEGAS_EXP":9.81,"AGUBAS_VA":158.88,"AGUBAS_EXP":0.45,"CONSTR_VA":2577.54,"CONSTR_EXP":19.59,"COMREV_VA":4225.35,"COMREV_EXP":1081.89,"TRATIE_VA":849.1,"TRATIE_EXP":194.82,"TRAGUA_VA":40.29,"TRAGUA_EXP":53.58,"TRAAIR_VA":152.6,"TRAAIR_EXP":321.18,"ALMSTR_VA":403.94,"ALMSTR_EXP":394.07,"POSTME_VA":39.88,"POSTME_EXP":34.72,"HOTYRE_VA":760.93,"HOTYRE_EXP":477.44,"MMTVRA_VA":126.79,"MMTVRA_EXP":30.47,"TELECO_VA":953.96,"TELECO_EXP":158.8,"ITSERV_VA":181.95,"ITSERV_EXP":104.39,"SERFIN_VA":1787.25,"SERFIN_EXP":56.69,"GOBEST_VA":1052.06,"GOBEST_EXP":73.87,"SPRSCT_VA":1018.15,"SPRSCT_EXP":206.13,"SEAEMP_VA":1320.68,"SEAEMP_EXP":109.16,"ADPDEF_VA":3605.94,"ADPDEF_EXP":24.69,"EDUCAC_VA":2997.28,"EDUCAC_EXP":42.26,"SALUDH_VA":1103.99,"SALUDH_EXP":24.76,"ESPARC_VA":114.24,"ESPARC_EXP":44.43,"OTRSER_VA":355.87,"OTRSER_EXP":23.52,"SERHOG_VA":153.26,"SERHOG_EXP":0.0}},{"type":"Feature","geometry":{"type":"Point","coordinates":[-102.55,23.63]},"properties":{"id":"MEX","name":"México","continent":"america","year":1998,"AGRPFO_VA":19506.77,"AGRPFO_EXP":2630.29,"FORLOG_VA":1168.41,"FORLOG_EXP":12.11,"PESCAC_VA":351.12,"PESCAC_EXP":99.27,"MINCOL_VA":244.74,"MINCOL_EXP":0.11,"PETGAS_VA":23067.56,"PETGAS_EXP":6716.13,"MINORE_VA":1012.89,"MINORE_EXP":195.7,"MINOTH_VA":2405.24,"MINOTH_EXP":112.32,"MINSER_VA":884.65,"MINSER_EXP":7.27,"ALYBEB_VA":23510.44,"ALYBEB_EXP":3087.97,"TEXYPR_VA":8073.12,"TEXYPR_EXP":5593.63,"MADYPR_VA":1664.84,"MADYPR_EXP":163.82,"PAPYPR_VA":3238.97,"PAPYPR_EXP":942.36,"PETREF_VA":2924.05,"PETREF_EXP":1303.13,"QUIMYP_VA":9525.58,"QUIMYP_EXP":2241.84,"FARMED_VA":2954.39,"FARMED_EXP":1312.26,"HUPLAS_VA":3949.33,"HUPLAS_EXP":2105.18,"PRNOMT_VA":5147.29,"PRNOMT_EXP":1232.59,"METBAS_VA":3206.02,"METBAS_EXP":1372.25,"NONFER_VA":2555.54,"NONFER_EXP":1658.08,"PRMETA_VA":3792.55,"PRMETA_EXP":2617.96,"ELCTRO_VA":20171.39,"ELCTRO_EXP":20297.33,"ELCTRI_VA":5644.51,"ELCTRI_EXP":6762.82,"MAQYEQ_VA":7040.02,"MAQYEQ_EXP":2838.55,"AUTOMO_VA":15660.21,"AUTOMO_EXP":24165.22,"OTRTRA_VA":154.24,"OTRTRA_EXP":74.13,"TRANSP_VA":516.39,"TRANSP_EXP":1152.1,"OTRMAN_VA":5514.57,"OTRMAN_EXP":3326.52,"ELEGAS_VA":6754.87,"ELEGAS_EXP":72.07,"AGUBAS_VA":1064.35,"AGUBAS_EXP":13.46,"CONSTR_VA":29413.08,"CONSTR_EXP":0.16,"COMREV_VA":104678.51,"COMREV_EXP":16877.95,"TRATIE_VA":30301.28,"TRATIE_EXP":5236.48,"TRAGUA_VA":558.69,"TRAGUA_EXP":168.86,"TRAAIR_VA":671.07,"TRAAIR_EXP":660.64,"ALMSTR_VA":2481.63,"ALMSTR_EXP":719.02,"POSTME_VA":432.11,"POSTME_EXP":7.3,"HOTYRE_VA":16470.12,"HOTYRE_EXP":2968.57,"MMTVRA_VA":1753.09,"MMTVRA_EXP":459.77,"TELECO_VA":5232.2,"TELECO_EXP":249.13,"ITSERV_VA":971.98,"ITSERV_EXP":15.2,"SERFIN_VA":9874.24,"SERFIN_EXP":1068.83,"GOBEST_VA":79046.73,"GOBEST_EXP":443.94,"SPRSCT_VA":9469.93,"SPRSCT_EXP":191.65,"SEAEMP_VA":19772.27,"SEAEMP_EXP":190.23,"ADPDEF_VA":15109.33,"ADPDEF_EXP":0.85,"EDUCAC_VA":16330.64,"EDUCAC_EXP":184.83,"SALUDH_VA":8740.13,"SALUDH_EXP":146.9,"ESPARC_VA":3010.83,"ESPARC_EXP":361.26,"OTRSER_VA":6840.07,"OTRSER_EXP":137.37,"SERHOG_VA":2393.58,"SERHOG_EXP":0.0}},{"type":"Feature","geometry":{"type":"Point","coordinates":[14.38,35.94]},"properties":{"id":"MLT","name":"Malta","continent":"europe","year":1998,"AGRPFO_VA":86.21,"AGRPFO_EXP":5.1,"FORLOG_VA":0.0,"FORLOG_EXP":0.0,"PESCAC_VA":9.69,"PESCAC_EXP":11.2,"MINCOL_VA":0.0,"MINCOL_EXP":0.0,"PETGAS_VA":1.1,"PETGAS_EXP":0.78,"MINORE_VA":0.37,"MINORE_EXP":0.1,"MINOTH_VA":8.2,"MINOTH_EXP":0.35,"MINSER_VA":8.88,"MINSER_EXP":0.95,"ALYBEB_VA":107.87,"ALYBEB_EXP":50.05,"TEXYPR_VA":119.14,"TEXYPR_EXP":95.7,"MADYPR_VA":3.37,"MADYPR_EXP":0.28,"PAPYPR_VA":47.63,"PAPYPR_EXP":31.82,"PETREF_VA":0.21,"PETREF_EXP":0.11,"QUIMYP_VA":12.9,"QUIMYP_EXP":9.63,"FARMED_VA":58.55,"FARMED_EXP":16.89,"HUPLAS_VA":41.26,"HUPLAS_EXP":42.2,"PRNOMT_VA":25.51,"PRNOMT_EXP":3.13,"METBAS_VA":0.38,"METBAS_EXP":0.17,"NONFER_VA":0.25,"NONFER_EXP":0.23,"PRMETA_VA":26.69,"PRMETA_EXP":7.52,"ELCTRO_VA":50.86,"ELCTRO_EXP":329.05,"ELCTRI_VA":20.13,"ELCTRI_EXP":20.48,"MAQYEQ_VA":18.26,"MAQYEQ_EXP":10.65,"AUTOMO_VA":38.46,"AUTOMO_EXP":1.8,"OTRTRA_VA":4.55,"OTRTRA_EXP":4.95,"TRANSP_VA":9.35,"TRANSP_EXP":6.45,"OTRMAN_VA":157.94,"OTRMAN_EXP":90.98,"ELEGAS_VA":-0.15,"ELEGAS_EXP":0.26,"AGUBAS_VA":78.92,"AGUBAS_EXP":0.3,"CONSTR_VA":208.81,"CONSTR_EXP":0.21,"COMREV_VA":556.91,"COMREV_EXP":150.87,"TRATIE_VA":58.32,"TRATIE_EXP":39.21,"TRAGUA_VA":13.26,"TRAGUA_EXP":23.79,"TRAAIR_VA":38.42,"TRAAIR_EXP":83.82,"ALMSTR_VA":183.33,"ALMSTR_EXP":108.23,"POSTME_VA":12.6,"POSTME_EXP":3.37,"HOTYRE_VA":253.45,"HOTYRE_EXP":357.99,"MMTVRA_VA":18.13,"MMTVRA_EXP":5.38,"TELECO_VA":84.1,"TELECO_EXP":21.88,"ITSERV_VA":49.73,"ITSERV_EXP":7.93,"SERFIN_VA":131.58,"SERFIN_EXP":109.46,"GOBEST_VA":223.61,"GOBEST_EXP":24.58,"SPRSCT_VA":114.53,"SPRSCT_EXP":65.67,"SEAEMP_VA":114.39,"SEAEMP_EXP":65.56,"ADPDEF_VA":256.12,"ADPDEF_EXP":5.97,"EDUCAC_VA":194.59,"EDUCAC_EXP":9.16,"SALUDH_VA":171.92,"SALUDH_EXP":10.61,"ESPARC_VA":53.15,"ESPARC_EXP":40.9,"OTRSER_VA":50.95,"OTRSER_EXP":7.88,"SERHOG_VA":9.85,"SERHOG_EXP":0.0}},{"type":"Feature","geometry":{"type":"Point","coordinates":[95.96,21.91]},"properties":{"id":"MMR","name":"Myanmar","continent":"asia","year":1998,"AGRPFO_VA":1720.59,"AGRPFO_EXP":119.21,"FORLOG_VA":40.35,"FORLOG_EXP":23.29,"PESCAC_VA":279.15,"PESCAC_EXP":20.86,"MINCOL_VA":0.23,"MINCOL_EXP":0.01,"PETGAS_VA":111.09,"PETGAS_EXP":119.07,"MINORE_VA":28.5,"MINORE_EXP":1.58,"MINOTH_VA":20.1,"MINOTH_EXP":12.4,"MINSER_VA":0.96,"MINSER_EXP":0.25,"ALYBEB_VA":207.64,"ALYBEB_EXP":53.77,"TEXYPR_VA":145.1,"TEXYPR_EXP":43.06,"MADYPR_VA":21.14,"MADYPR_EXP":6.71,"PAPYPR_VA":21.04,"PAPYPR_EXP":1.93,"PETREF_VA":28.58,"PETREF_EXP":6.5,"QUIMYP_VA":25.61,"QUIMYP_EXP":1.47,"FARMED_VA":12.42,"FARMED_EXP":0.1,"HUPLAS_VA":15.96,"HUPLAS_EXP":1.04,"PRNOMT_VA":27.88,"PRNOMT_EXP":0.45,"METBAS_VA":14.46,"METBAS_EXP":0.07,"NONFER_VA":12.51,"NONFER_EXP":0.3,"PRMETA_VA":20.8,"PRMETA_EXP":1.19,"ELCTRO_VA":21.44,"ELCTRO_EXP":2.34,"ELCTRI_VA":14.65,"ELCTRI_EXP":2.89,"MAQYEQ_VA":16.86,"MAQYEQ_EXP":4.46,"AUTOMO_VA":26.48,"AUTOMO_EXP":0.43,"OTRTRA_VA":4.05,"OTRTRA_EXP":0.04,"TRANSP_VA":4.31,"TRANSP_EXP":2.36,"OTRMAN_VA":40.47,"OTRMAN_EXP":3.17,"ELEGAS_VA":19.57,"ELEGAS_EXP":0.9,"AGUBAS_VA":4.18,"AGUBAS_EXP":0.03,"CONSTR_VA":128.01,"CONSTR_EXP":0.4,"COMREV_VA":338.5,"COMREV_EXP":25.44,"TRATIE_VA":77.88,"TRATIE_EXP":4.45,"TRAGUA_VA":26.88,"TRAGUA_EXP":8.45,"TRAAIR_VA":18.98,"TRAAIR_EXP":7.56,"ALMSTR_VA":27.79,"ALMSTR_EXP":7.53,"POSTME_VA":5.13,"POSTME_EXP":0.02,"HOTYRE_VA":98.51,"HOTYRE_EXP":3.31,"MMTVRA_VA":20.3,"MMTVRA_EXP":0.44,"TELECO_VA":59.73,"TELECO_EXP":0.15,"ITSERV_VA":13.99,"ITSERV_EXP":0.39,"SERFIN_VA":102.01,"SERFIN_EXP":0.52,"GOBEST_VA":134.35,"GOBEST_EXP":1.07,"SPRSCT_VA":74.78,"SPRSCT_EXP":12.62,"SEAEMP_VA":49.95,"SEAEMP_EXP":6.37,"ADPDEF_VA":142.86,"ADPDEF_EXP":0.11,"EDUCAC_VA":87.59,"EDUCAC_EXP":0.23,"SALUDH_VA":103.89,"SALUDH_EXP":0.18,"ESPARC_VA":19.99,"ESPARC_EXP":0.33,"OTRSER_VA":35.38,"OTRSER_EXP":0.21,"SERHOG_VA":0.0,"SERHOG_EXP":0.0}},{"type":"Feature","geometry":{"type":"Point","coordinates":[101.98,4.21]},"properties":{"id":"MYS","name":"Malasia","continent":"asia","year":1998,"AGRPFO_VA":5302.21,"AGRPFO_EXP":1717.63,"FORLOG_VA":698.72,"FORLOG_EXP":805.21,"PESCAC_VA":737.74,"PESCAC_EXP":53.16,"MINCOL_VA":2649.24,"MINCOL_EXP":95.16,"PETGAS_VA":3800.37,"PETGAS_EXP":3686.43,"MINORE_VA":106.86,"MINORE_EXP":24.84,"MINOTH_VA":386.49,"MINOTH_EXP":54.38,"MINSER_VA":469.35,"MINSER_EXP":49.91,"ALYBEB_VA":1058.16,"ALYBEB_EXP":5745.42,"TEXYPR_VA":247.93,"TEXYPR_EXP":1165.96,"MADYPR_VA":360.58,"MADYPR_EXP":1432.79,"PAPYPR_VA":439.61,"PAPYPR_EXP":284.01,"PETREF_VA":2079.44,"PETREF_EXP":1045.66,"QUIMYP_VA":1311.2,"QUIMYP_EXP":2553.23,"FARMED_VA":95.44,"FARMED_EXP":105.47,"HUPLAS_VA":842.9,"HUPLAS_EXP":2496.17,"PRNOMT_VA":464.7,"PRNOMT_EXP":397.86,"METBAS_VA":264.45,"METBAS_EXP":704.94,"NONFER_VA":148.57,"NONFER_EXP":847.93,"PRMETA_VA":525.27,"PRMETA_EXP":664.53,"ELCTRO_VA":3305.5,"ELCTRO_EXP":17248.11,"ELCTRI_VA":225.69,"ELCTRI_EXP":1720.04,"MAQYEQ_VA":392.49,"MAQYEQ_EXP":1350.63,"AUTOMO_VA":1121.27,"AUTOMO_EXP":204.52,"OTRTRA_VA":120.35,"OTRTRA_EXP":1391.47,"TRANSP_VA":111.77,"TRANSP_EXP":469.93,"OTRMAN_VA":537.22,"OTRMAN_EXP":734.31,"ELEGAS_VA":1446.81,"ELEGAS_EXP":110.27,"AGUBAS_VA":501.59,"AGUBAS_EXP":3.56,"CONSTR_VA":2326.5,"CONSTR_EXP":16.66,"COMREV_VA":15075.5,"COMREV_EXP":4976.01,"TRATIE_VA":657.55,"TRATIE_EXP":852.85,"TRAGUA_VA":485.18,"TRAGUA_EXP":1069.3,"TRAAIR_VA":402.12,"TRAAIR_EXP":1757.34,"ALMSTR_VA":745.65,"ALMSTR_EXP":852.61,"POSTME_VA":97.65,"POSTME_EXP":253.29,"HOTYRE_VA":2056.98,"HOTYRE_EXP":2415.13,"MMTVRA_VA":322.69,"MMTVRA_EXP":309.71,"TELECO_VA":1547.37,"TELECO_EXP":604.84,"ITSERV_VA":760.32,"ITSERV_EXP":1202.3,"SERFIN_VA":5226.79,"SERFIN_EXP":1771.73,"GOBEST_VA":2010.4,"GOBEST_EXP":697.77,"SPRSCT_VA":1382.46,"SPRSCT_EXP":1689.2,"SEAEMP_VA":709.6,"SEAEMP_EXP":897.29,"ADPDEF_VA":5177.57,"ADPDEF_EXP":239.12,"EDUCAC_VA":2323.42,"EDUCAC_EXP":131.98,"SALUDH_VA":656.16,"SALUDH_EXP":110.37,"ESPARC_VA":427.69,"ESPARC_EXP":307.53,"OTRSER_VA":148.16,"OTRSER_EXP":106.7,"SERHOG_VA":75.73,"SERHOG_EXP":0.0}},{"type":"Feature","geometry":{"type":"Point","coordinates":[8.68,9.08]},"properties":{"id":"NGA","name":"Nigeria","continent":"other","year":1998,"AGRPFO_VA":16111.33,"AGRPFO_EXP":1367.25,"FORLOG_VA":197.07,"FORLOG_EXP":23.28,"PESCAC_VA":419.04,"PESCAC_EXP":0.35,"MINCOL_VA":25.24,"MINCOL_EXP":0.04,"PETGAS_VA":5326.28,"PETGAS_EXP":7006.82,"MINORE_VA":7.73,"MINORE_EXP":0.91,"MINOTH_VA":47.53,"MINOTH_EXP":4.56,"MINSER_VA":6.19,"MINSER_EXP":3.3,"ALYBEB_VA":4726.09,"ALYBEB_EXP":187.57,"TEXYPR_VA":732.76,"TEXYPR_EXP":284.34,"MADYPR_VA":300.77,"MADYPR_EXP":20.59,"PAPYPR_VA":90.03,"PAPYPR_EXP":0.54,"PETREF_VA":75.82,"PETREF_EXP":132.27,"QUIMYP_VA":115.51,"QUIMYP_EXP":27.16,"FARMED_VA":22.56,"FARMED_EXP":0.38,"HUPLAS_VA":89.09,"HUPLAS_EXP":26.81,"PRNOMT_VA":439.83,"PRNOMT_EXP":1.2,"METBAS_VA":26.17,"METBAS_EXP":22.0,"NONFER_VA":23.38,"NONFER_EXP":15.46,"PRMETA_VA":25.7,"PRMETA_EXP":7.73,"ELCTRO_VA":35.48,"ELCTRO_EXP":1.19,"ELCTRI_VA":6.13,"ELCTRI_EXP":1.78,"MAQYEQ_VA":26.55,"MAQYEQ_EXP":19.23,"AUTOMO_VA":57.62,"AUTOMO_EXP":4.69,"OTRTRA_VA":35.48,"OTRTRA_EXP":1.07,"TRANSP_VA":0.57,"TRANSP_EXP":0.34,"OTRMAN_VA":262.73,"OTRMAN_EXP":4.88,"ELEGAS_VA":39.29,"ELEGAS_EXP":6.44,"AGUBAS_VA":98.45,"AGUBAS_EXP":0.09,"CONSTR_VA":1405.8,"CONSTR_EXP":0.18,"COMREV_VA":9363.92,"COMREV_EXP":634.08,"TRATIE_VA":1405.83,"TRATIE_EXP":274.65,"TRAGUA_VA":71.49,"TRAGUA_EXP":43.39,"TRAAIR_VA":86.31,"TRAAIR_EXP":156.44,"ALMSTR_VA":184.16,"ALMSTR_EXP":75.75,"POSTME_VA":34.82,"POSTME_EXP":32.81,"HOTYRE_VA":258.15,"HOTYRE_EXP":4.77,"MMTVRA_VA":1690.3,"MMTVRA_EXP":11.43,"TELECO_VA":2499.32,"TELECO_EXP":12.87,"ITSERV_VA":898.82,"ITSERV_EXP":19.33,"SERFIN_VA":1813.23,"SERFIN_EXP":20.69,"GOBEST_VA":3803.01,"GOBEST_EXP":15.1,"SPRSCT_VA":1231.83,"SPRSCT_EXP":11.45,"SEAEMP_VA":9.22,"SEAEMP_EXP":1.75,"ADPDEF_VA":524.37,"ADPDEF_EXP":0.1,"EDUCAC_VA":1137.04,"EDUCAC_EXP":0.25,"SALUDH_VA":499.69,"SALUDH_EXP":0.24,"ESPARC_VA":54.48,"ESPARC_EXP":0.46,"OTRSER_VA":826.2,"OTRSER_EXP":0.24,"SERHOG_VA":205.63,"SERHOG_EXP":0.0}},{"type":"Feature","geometry":{"type":"Point","coordinates":[5.29,52.13]},"properties":{"id":"NLD","name":"Países Bajos","continent":"europe","year":1998,"AGRPFO_VA":11064.72,"AGRPFO_EXP":9773.1,"FORLOG_VA":86.9,"FORLOG_EXP":101.01,"PESCAC_VA":438.11,"PESCAC_EXP":378.05,"MINCOL_VA":0.0,"MINCOL_EXP":0.0,"PETGAS_VA":8133.38,"PETGAS_EXP":3348.46,"MINORE_VA":0.0,"MINORE_EXP":0.0,"MINOTH_VA":354.9,"MINOTH_EXP":466.59,"MINSER_VA":1501.79,"MINSER_EXP":1549.95,"ALYBEB_VA":10621.37,"ALYBEB_EXP":19102.14,"TEXYPR_VA":1405.08,"TEXYPR_EXP":2854.33,"MADYPR_VA":942.69,"MADYPR_EXP":724.4,"PAPYPR_VA":4414.66,"PAPYPR_EXP":3260.34,"PETREF_VA":982.35,"PETREF_EXP":4086.56,"QUIMYP_VA":7529.45,"QUIMYP_EXP":17103.76,"FARMED_VA":2351.64,"FARMED_EXP":2839.63,"HUPLAS_VA":2339.28,"HUPLAS_EXP":3461.18,"PRNOMT_VA":2195.19,"PRNOMT_EXP":1381.63,"METBAS_VA":1538.72,"METBAS_EXP":1222.7,"NONFER_VA":535.08,"NONFER_EXP":1501.7,"PRMETA_VA":5152.59,"PRMETA_EXP":5634.32,"ELCTRO_VA":4801.88,"ELCTRO_EXP":11065.34,"ELCTRI_VA":3256.59,"ELCTRI_EXP":5277.87,"MAQYEQ_VA":4306.75,"MAQYEQ_EXP":8652.87,"AUTOMO_VA":2524.52,"AUTOMO_EXP":4129.63,"OTRTRA_VA":755.13,"OTRTRA_EXP":572.36,"TRANSP_VA":443.24,"TRANSP_EXP":339.52,"OTRMAN_VA":5375.38,"OTRMAN_EXP":4374.84,"ELEGAS_VA":5575.28,"ELEGAS_EXP":241.08,"AGUBAS_VA":2600.51,"AGUBAS_EXP":264.56,"CONSTR_VA":20099.42,"CONSTR_EXP":220.94,"COMREV_VA":53636.77,"COMREV_EXP":26288.56,"TRATIE_VA":9987.0,"TRATIE_EXP":5336.12,"TRAGUA_VA":1965.19,"TRAGUA_EXP":2522.0,"TRAAIR_VA":2778.93,"TRAAIR_EXP":4782.99,"ALMSTR_VA":4922.96,"ALMSTR_EXP":3599.65,"POSTME_VA":2633.4,"POSTME_EXP":1399.13,"HOTYRE_VA":7806.54,"HOTYRE_EXP":2475.05,"MMTVRA_VA":4204.87,"MMTVRA_EXP":2199.31,"TELECO_VA":5680.57,"TELECO_EXP":680.4,"ITSERV_VA":6221.98,"ITSERV_EXP":3160.14,"SERFIN_VA":28906.26,"SERFIN_EXP":4778.15,"GOBEST_VA":31870.37,"GOBEST_EXP":344.89,"SPRSCT_VA":29214.48,"SPRSCT_EXP":11743.26,"SEAEMP_VA":20532.74,"SEAEMP_EXP":5232.74,"ADPDEF_VA":30107.33,"ADPDEF_EXP":1357.35,"EDUCAC_VA":19007.71,"EDUCAC_EXP":364.03,"SALUDH_VA":25253.34,"SALUDH_EXP":168.55,"ESPARC_VA":4516.14,"ESPARC_EXP":575.62,"OTRSER_VA":5120.28,"OTRSER_EXP":163.27,"SERHOG_VA":55.19,"SERHOG_EXP":0.0}},{"type":"Feature","geometry":{"type":"Point","coordinates":[8.47,60.47]},"properties":{"id":"NOR","name":"Noruega","continent":"europe","year":1998,"AGRPFO_VA":1591.78,"AGRPFO_EXP":51.35,"FORLOG_VA":676.96,"FORLOG_EXP":14.21,"PESCAC_VA":1351.17,"PESCAC_EXP":867.54,"MINCOL_VA":51.44,"MINCOL_EXP":40.45,"PETGAS_VA":14880.04,"PETGAS_EXP":16617.87,"MINORE_VA":12.01,"MINORE_EXP":20.11,"MINOTH_VA":82.57,"MINOTH_EXP":165.35,"MINSER_VA":802.1,"MINSER_EXP":21.8,"ALYBEB_VA":2446.77,"ALYBEB_EXP":1939.35,"TEXYPR_VA":354.43,"TEXYPR_EXP":167.27,"MADYPR_VA":725.57,"MADYPR_EXP":237.38,"PAPYPR_VA":1479.48,"PAPYPR_EXP":1127.56,"PETREF_VA":277.08,"PETREF_EXP":1771.88,"QUIMYP_VA":846.72,"QUIMYP_EXP":1625.91,"FARMED_VA":353.62,"FARMED_EXP":168.13,"HUPLAS_VA":407.01,"HUPLAS_EXP":204.37,"PRNOMT_VA":699.36,"PRNOMT_EXP":209.25,"METBAS_VA":646.56,"METBAS_EXP":1007.76,"NONFER_VA":823.12,"NONFER_EXP":2238.43,"PRMETA_VA":1166.8,"PRMETA_EXP":433.81,"ELCTRO_VA":935.75,"ELCTRO_EXP":993.29,"ELCTRI_VA":764.25,"ELCTRI_EXP":404.31,"MAQYEQ_VA":1320.78,"MAQYEQ_EXP":944.85,"AUTOMO_VA":307.13,"AUTOMO_EXP":323.95,"OTRTRA_VA":1810.39,"OTRTRA_EXP":755.84,"TRANSP_VA":58.46,"TRANSP_EXP":94.95,"OTRMAN_VA":1579.0,"OTRMAN_EXP":1121.65,"ELEGAS_VA":3269.48,"ELEGAS_EXP":248.61,"AGUBAS_VA":1077.0,"AGUBAS_EXP":6.51,"CONSTR_VA":6964.32,"CONSTR_EXP":22.73,"COMREV_VA":14963.3,"COMREV_EXP":3405.37,"TRATIE_VA":4637.1,"TRATIE_EXP":1524.87,"TRAGUA_VA":3058.81,"TRAGUA_EXP":7661.91,"TRAAIR_VA":897.12,"TRAAIR_EXP":399.35,"ALMSTR_VA":1696.36,"ALMSTR_EXP":815.2,"POSTME_VA":1173.45,"POSTME_EXP":58.52,"HOTYRE_VA":2394.21,"HOTYRE_EXP":779.5,"MMTVRA_VA":2190.16,"MMTVRA_EXP":233.94,"TELECO_VA":2037.04,"TELECO_EXP":272.31,"ITSERV_VA":1691.05,"ITSERV_EXP":466.4,"SERFIN_VA":5188.62,"SERFIN_EXP":799.07,"GOBEST_VA":9997.63,"GOBEST_EXP":165.01,"SPRSCT_VA":5164.45,"SPRSCT_EXP":1586.83,"SEAEMP_VA":2628.28,"SEAEMP_EXP":660.54,"ADPDEF_VA":9976.05,"ADPDEF_EXP":4.93,"EDUCAC_VA":7231.49,"EDUCAC_EXP":50.66,"SALUDH_VA":12187.86,"SALUDH_EXP":68.98,"ESPARC_VA":1999.38,"ESPARC_EXP":132.4,"OTRSER_VA":1306.03,"OTRSER_EXP":33.02,"SERHOG_VA":127.9,"SERHOG_EXP":0.0}},{"type":"Feature","geometry":{"type":"Point","coordinates":[174.89,-40.9]},"properties":{"id":"NZL","name":"Nueva Zelanda","continent":"other","year":1998,"AGRPFO_VA":2669.99,"AGRPFO_EXP":658.58,"FORLOG_VA":510.87,"FORLOG_EXP":209.99,"PESCAC_VA":555.86,"PESCAC_EXP":77.62,"MINCOL_VA":12.76,"MINCOL_EXP":24.01,"PETGAS_VA":162.89,"PETGAS_EXP":62.15,"MINORE_VA":418.24,"MINORE_EXP":106.51,"MINOTH_VA":66.19,"MINOTH_EXP":9.41,"MINSER_VA":52.06,"MINSER_EXP":5.5,"ALYBEB_VA":3340.09,"ALYBEB_EXP":4344.65,"TEXYPR_VA":610.45,"TEXYPR_EXP":565.42,"MADYPR_VA":499.02,"MADYPR_EXP":428.46,"PAPYPR_VA":861.3,"PAPYPR_EXP":524.02,"PETREF_VA":777.4,"PETREF_EXP":213.73,"QUIMYP_VA":420.11,"QUIMYP_EXP":396.02,"FARMED_VA":58.57,"FARMED_EXP":52.65,"HUPLAS_VA":453.08,"HUPLAS_EXP":219.63,"PRNOMT_VA":343.35,"PRNOMT_EXP":39.82,"METBAS_VA":102.31,"METBAS_EXP":165.64,"NONFER_VA":233.87,"NONFER_EXP":540.57,"PRMETA_VA":712.07,"PRMETA_EXP":304.46,"ELCTRO_VA":99.84,"ELCTRO_EXP":139.08,"ELCTRI_VA":245.23,"ELCTRI_EXP":297.58,"MAQYEQ_VA":542.94,"MAQYEQ_EXP":274.24,"AUTOMO_VA":82.7,"AUTOMO_EXP":29.66,"OTRTRA_VA":62.91,"OTRTRA_EXP":56.9,"TRANSP_VA":224.98,"TRANSP_EXP":39.12,"OTRMAN_VA":295.4,"OTRMAN_EXP":165.16,"ELEGAS_VA":1360.36,"ELEGAS_EXP":78.99,"AGUBAS_VA":358.57,"AGUBAS_EXP":6.28,"CONSTR_VA":2719.95,"CONSTR_EXP":21.7,"COMREV_VA":6424.81,"COMREV_EXP":2599.26,"TRATIE_VA":1017.09,"TRATIE_EXP":295.43,"TRAGUA_VA":181.97,"TRAGUA_EXP":67.3,"TRAAIR_VA":320.46,"TRAAIR_EXP":804.08,"ALMSTR_VA":917.25,"ALMSTR_EXP":181.46,"POSTME_VA":420.1,"POSTME_EXP":47.52,"HOTYRE_VA":1296.79,"HOTYRE_EXP":705.35,"MMTVRA_VA":739.98,"MMTVRA_EXP":114.77,"TELECO_VA":892.88,"TELECO_EXP":188.45,"ITSERV_VA":804.95,"ITSERV_EXP":110.28,"SERFIN_VA":2662.8,"SERFIN_EXP":147.39,"GOBEST_VA":6806.44,"GOBEST_EXP":152.79,"SPRSCT_VA":4056.8,"SPRSCT_EXP":323.42,"SEAEMP_VA":828.21,"SEAEMP_EXP":515.73,"ADPDEF_VA":2515.41,"ADPDEF_EXP":31.92,"EDUCAC_VA":2660.08,"EDUCAC_EXP":114.78,"SALUDH_VA":3021.44,"SALUDH_EXP":40.0,"ESPARC_VA":940.89,"ESPARC_EXP":235.81,"OTRSER_VA":1415.53,"OTRSER_EXP":40.42,"SERHOG_VA":159.4,"SERHOG_EXP":0.0}},{"type":"Feature","geometry":{"type":"Point","coordinates":[69.35,30.38]},"properties":{"id":"PAK","name":"Pakistán","continent":"asia","year":1998,"AGRPFO_VA":17382.89,"AGRPFO_EXP":222.59,"FORLOG_VA":682.61,"FORLOG_EXP":1.86,"PESCAC_VA":386.88,"PESCAC_EXP":8.39,"MINCOL_VA":51.4,"MINCOL_EXP":1.77,"PETGAS_VA":1090.21,"PETGAS_EXP":38.56,"MINORE_VA":50.06,"MINORE_EXP":11.74,"MINOTH_VA":57.44,"MINOTH_EXP":7.49,"MINSER_VA":58.18,"MINSER_EXP":1.32,"ALYBEB_VA":2625.66,"ALYBEB_EXP":771.47,"TEXYPR_VA":3962.85,"TEXYPR_EXP":4651.87,"MADYPR_VA":284.38,"MADYPR_EXP":7.56,"PAPYPR_VA":584.8,"PAPYPR_EXP":7.6,"PETREF_VA":613.51,"PETREF_EXP":19.6,"QUIMYP_VA":721.77,"QUIMYP_EXP":33.88,"FARMED_VA":260.67,"FARMED_EXP":11.35,"HUPLAS_VA":322.68,"HUPLAS_EXP":19.63,"PRNOMT_VA":571.21,"PRNOMT_EXP":18.65,"METBAS_VA":295.53,"METBAS_EXP":5.76,"NONFER_VA":248.23,"NONFER_EXP":2.69,"PRMETA_VA":414.16,"PRMETA_EXP":55.3,"ELCTRO_VA":383.34,"ELCTRO_EXP":10.77,"ELCTRI_VA":261.07,"ELCTRI_EXP":10.78,"MAQYEQ_VA":442.37,"MAQYEQ_EXP":16.51,"AUTOMO_VA":630.36,"AUTOMO_EXP":4.2,"OTRTRA_VA":89.08,"OTRTRA_EXP":0.1,"TRANSP_VA":97.78,"TRANSP_EXP":2.15,"OTRMAN_VA":297.35,"OTRMAN_EXP":197.52,"ELEGAS_VA":1971.87,"ELEGAS_EXP":3.73,"AGUBAS_VA":448.18,"AGUBAS_EXP":1.93,"CONSTR_VA":2011.34,"CONSTR_EXP":6.72,"COMREV_VA":6951.41,"COMREV_EXP":924.45,"TRATIE_VA":1714.61,"TRATIE_EXP":87.45,"TRAGUA_VA":468.59,"TRAGUA_EXP":293.8,"TRAAIR_VA":347.17,"TRAAIR_EXP":157.17,"ALMSTR_VA":576.71,"ALMSTR_EXP":49.71,"POSTME_VA":150.11,"POSTME_EXP":0.83,"HOTYRE_VA":1765.03,"HOTYRE_EXP":36.81,"MMTVRA_VA":606.63,"MMTVRA_EXP":54.97,"TELECO_VA":1325.85,"TELECO_EXP":171.16,"ITSERV_VA":360.39,"ITSERV_EXP":141.71,"SERFIN_VA":2472.88,"SERFIN_EXP":91.69,"GOBEST_VA":3569.21,"GOBEST_EXP":12.03,"SPRSCT_VA":1890.95,"SPRSCT_EXP":241.46,"SEAEMP_VA":1158.25,"SEAEMP_EXP":95.89,"ADPDEF_VA":3653.79,"ADPDEF_EXP":2.38,"EDUCAC_VA":1688.6,"EDUCAC_EXP":3.22,"SALUDH_VA":2655.64,"SALUDH_EXP":2.97,"ESPARC_VA":526.79,"ESPARC_EXP":12.03,"OTRSER_VA":934.34,"OTRSER_EXP":6.24,"SERHOG_VA":435.04,"SERHOG_EXP":0.0}},{"type":"Feature","geometry":{"type":"Point","coordinates":[-75.02,-9.19]},"properties":{"id":"PER","name":"Perú","continent":"america","year":1998,"AGRPFO_VA":2990.56,"AGRPFO_EXP":175.04,"FORLOG_VA":140.0,"FORLOG_EXP":5.85,"PESCAC_VA":396.89,"PESCAC_EXP":3.53,"MINCOL_VA":79.74,"MINCOL_EXP":0.06,"PETGAS_VA":944.17,"PETGAS_EXP":306.2,"MINORE_VA":6100.81,"MINORE_EXP":2115.99,"MINOTH_VA":150.29,"MINOTH_EXP":4.62,"MINSER_VA":607.59,"MINSER_EXP":0.34,"ALYBEB_VA":2104.38,"ALYBEB_EXP":810.45,"TEXYPR_VA":1197.91,"TEXYPR_EXP":351.52,"MADYPR_VA":269.21,"MADYPR_EXP":29.57,"PAPYPR_VA":487.54,"PAPYPR_EXP":14.34,"PETREF_VA":385.63,"PETREF_EXP":290.13,"QUIMYP_VA":515.48,"QUIMYP_EXP":108.3,"FARMED_VA":158.07,"FARMED_EXP":9.74,"HUPLAS_VA":319.21,"HUPLAS_EXP":40.05,"PRNOMT_VA":524.92,"PRNOMT_EXP":26.31,"METBAS_VA":142.61,"METBAS_EXP":29.94,"NONFER_VA":1071.82,"NONFER_EXP":997.92,"PRMETA_VA":320.03,"PRMETA_EXP":64.13,"ELCTRO_VA":19.52,"ELCTRO_EXP":3.98,"ELCTRI_VA":17.97,"ELCTRI_EXP":32.26,"MAQYEQ_VA":219.15,"MAQYEQ_EXP":24.36,"AUTOMO_VA":110.49,"AUTOMO_EXP":7.52,"OTRTRA_VA":6.81,"OTRTRA_EXP":0.95,"TRANSP_VA":54.78,"TRANSP_EXP":1.3,"OTRMAN_VA":1255.45,"OTRMAN_EXP":251.37,"ELEGAS_VA":888.89,"ELEGAS_EXP":1.43,"AGUBAS_VA":216.91,"AGUBAS_EXP":0.14,"CONSTR_VA":3357.39,"CONSTR_EXP":1.59,"COMREV_VA":5464.58,"COMREV_EXP":463.74,"TRATIE_VA":1914.99,"TRATIE_EXP":152.63,"TRAGUA_VA":47.59,"TRAGUA_EXP":61.31,"TRAAIR_VA":139.81,"TRAAIR_EXP":139.73,"ALMSTR_VA":564.76,"ALMSTR_EXP":75.31,"POSTME_VA":66.61,"POSTME_EXP":11.73,"HOTYRE_VA":1604.3,"HOTYRE_EXP":332.24,"MMTVRA_VA":277.18,"MMTVRA_EXP":21.32,"TELECO_VA":979.34,"TELECO_EXP":74.06,"ITSERV_VA":147.54,"ITSERV_EXP":3.99,"SERFIN_VA":1751.36,"SERFIN_EXP":68.25,"GOBEST_VA":2559.16,"GOBEST_EXP":34.7,"SPRSCT_VA":1503.21,"SPRSCT_EXP":55.02,"SEAEMP_VA":1162.57,"SEAEMP_EXP":48.48,"ADPDEF_VA":2274.34,"ADPDEF_EXP":73.84,"EDUCAC_VA":2524.28,"EDUCAC_EXP":16.69,"SALUDH_VA":1208.52,"SALUDH_EXP":18.38,"ESPARC_VA":303.02,"ESPARC_EXP":65.49,"OTRSER_VA":573.57,"OTRSER_EXP":22.98,"SERHOG_VA":1329.73,"SERHOG_EXP":0.0}},{"type":"Feature","geometry":{"type":"Point","coordinates":[121.77,12.88]},"properties":{"id":"PHL","name":"Filipinas","continent":"asia","year":1998,"AGRPFO_VA":7045.88,"AGRPFO_EXP":1830.49,"FORLOG_VA":659.17,"FORLOG_EXP":19.61,"PESCAC_VA":1533.8,"PESCAC_EXP":322.79,"MINCOL_VA":48.09,"MINCOL_EXP":53.5,"PETGAS_VA":301.63,"PETGAS_EXP":117.88,"MINORE_VA":234.88,"MINORE_EXP":404.93,"MINOTH_VA":123.59,"MINOTH_EXP":19.41,"MINSER_VA":22.87,"MINSER_EXP":43.61,"ALYBEB_VA":6433.08,"ALYBEB_EXP":1600.73,"TEXYPR_VA":2101.56,"TEXYPR_EXP":2470.96,"MADYPR_VA":262.23,"MADYPR_EXP":415.77,"PAPYPR_VA":358.53,"PAPYPR_EXP":209.5,"PETREF_VA":918.66,"PETREF_EXP":555.08,"QUIMYP_VA":868.77,"QUIMYP_EXP":297.75,"FARMED_VA":202.73,"FARMED_EXP":37.06,"HUPLAS_VA":264.26,"HUPLAS_EXP":329.43,"PRNOMT_VA":395.12,"PRNOMT_EXP":188.68,"METBAS_VA":128.24,"METBAS_EXP":115.34,"NONFER_VA":218.54,"NONFER_EXP":605.47,"PRMETA_VA":215.44,"PRMETA_EXP":236.92,"ELCTRO_VA":3325.92,"ELCTRO_EXP":7187.02,"ELCTRI_VA":346.75,"ELCTRI_EXP":732.15,"MAQYEQ_VA":372.71,"MAQYEQ_EXP":202.09,"AUTOMO_VA":202.95,"AUTOMO_EXP":299.03,"OTRTRA_VA":48.17,"OTRTRA_EXP":38.14,"TRANSP_VA":137.87,"TRANSP_EXP":74.33,"OTRMAN_VA":629.07,"OTRMAN_EXP":875.03,"ELEGAS_VA":2264.74,"ELEGAS_EXP":12.19,"AGUBAS_VA":271.98,"AGUBAS_EXP":2.94,"CONSTR_VA":4302.27,"CONSTR_EXP":45.03,"COMREV_VA":10355.04,"COMREV_EXP":3107.14,"TRATIE_VA":1556.22,"TRATIE_EXP":516.55,"TRAGUA_VA":245.38,"TRAGUA_EXP":343.28,"TRAAIR_VA":174.55,"TRAAIR_EXP":292.57,"ALMSTR_VA":422.03,"ALMSTR_EXP":93.53,"POSTME_VA":35.26,"POSTME_EXP":31.83,"HOTYRE_VA":1084.29,"HOTYRE_EXP":845.54,"MMTVRA_VA":338.93,"MMTVRA_EXP":138.96,"TELECO_VA":2064.66,"TELECO_EXP":301.05,"ITSERV_VA":472.03,"ITSERV_EXP":127.97,"SERFIN_VA":3426.11,"SERFIN_EXP":451.51,"GOBEST_VA":4759.96,"GOBEST_EXP":195.57,"SPRSCT_VA":617.72,"SPRSCT_EXP":210.3,"SEAEMP_VA":828.71,"SEAEMP_EXP":279.65,"ADPDEF_VA":3718.77,"ADPDEF_EXP":9.16,"EDUCAC_VA":3354.66,"EDUCAC_EXP":36.67,"SALUDH_VA":850.93,"SALUDH_EXP":27.35,"ESPARC_VA":664.33,"ESPARC_EXP":212.15,"OTRSER_VA":777.27,"OTRSER_EXP":34.58,"SERHOG_VA":0.0,"SERHOG_EXP":0.0}},{"type":"Feature","geometry":{"type":"Point","coordinates":[19.15,51.92]},"properties":{"id":"POL","name":"Polonia","continent":"europe","year":1998,"AGRPFO_VA":5849.09,"AGRPFO_EXP":423.2,"FORLOG_VA":1060.64,"FORLOG_EXP":88.52,"PESCAC_VA":53.31,"PESCAC_EXP":13.71,"MINCOL_VA":2635.8,"MINCOL_EXP":804.4,"PETGAS_VA":36.42,"PETGAS_EXP":22.11,"MINORE_VA":935.26,"MINORE_EXP":9.2,"MINOTH_VA":298.83,"MINOTH_EXP":82.64,"MINSER_VA":65.62,"MINSER_EXP":12.51,"ALYBEB_VA":7844.47,"ALYBEB_EXP":2130.4,"TEXYPR_VA":3305.98,"TEXYPR_EXP":2723.88,"MADYPR_VA":1204.65,"MADYPR_EXP":1117.62,"PAPYPR_VA":1619.56,"PAPYPR_EXP":846.96,"PETREF_VA":1332.98,"PETREF_EXP":682.18,"QUIMYP_VA":1714.24,"QUIMYP_EXP":1389.35,"FARMED_VA":561.73,"FARMED_EXP":132.98,"HUPLAS_VA":1522.96,"HUPLAS_EXP":936.89,"PRNOMT_VA":2002.98,"PRNOMT_EXP":648.91,"METBAS_VA":1342.99,"METBAS_EXP":916.95,"NONFER_VA":211.36,"NONFER_EXP":800.24,"PRMETA_VA":1849.91,"PRMETA_EXP":1295.24,"ELCTRO_VA":1224.32,"ELCTRO_EXP":1410.76,"ELCTRI_VA":765.2,"ELCTRI_EXP":1207.02,"MAQYEQ_VA":1693.37,"MAQYEQ_EXP":1452.62,"AUTOMO_VA":1495.62,"AUTOMO_EXP":2854.53,"OTRTRA_VA":434.49,"OTRTRA_EXP":680.47,"TRANSP_VA":259.05,"TRANSP_EXP":346.34,"OTRMAN_VA":2264.76,"OTRMAN_EXP":2085.23,"ELEGAS_VA":4493.28,"ELEGAS_EXP":160.07,"AGUBAS_VA":1245.21,"AGUBAS_EXP":24.38,"CONSTR_VA":15319.04,"CONSTR_EXP":118.38,"COMREV_VA":31240.52,"COMREV_EXP":7175.16,"TRATIE_VA":5113.29,"TRATIE_EXP":2665.78,"TRAGUA_VA":213.37,"TRAGUA_EXP":213.86,"TRAAIR_VA":321.1,"TRAAIR_EXP":715.77,"ALMSTR_VA":1440.35,"ALMSTR_EXP":1383.25,"POSTME_VA":857.75,"POSTME_EXP":272.19,"HOTYRE_VA":2023.11,"HOTYRE_EXP":526.83,"MMTVRA_VA":1708.38,"MMTVRA_EXP":182.29,"TELECO_VA":2641.17,"TELECO_EXP":507.21,"ITSERV_VA":724.44,"ITSERV_EXP":146.12,"SERFIN_VA":5425.61,"SERFIN_EXP":866.91,"GOBEST_VA":10225.95,"GOBEST_EXP":238.57,"SPRSCT_VA":5448.19,"SPRSCT_EXP":933.87,"SEAEMP_VA":2385.53,"SEAEMP_EXP":502.45,"ADPDEF_VA":10207.87,"ADPDEF_EXP":0.41,"EDUCAC_VA":6876.65,"EDUCAC_EXP":63.47,"SALUDH_VA":4835.66,"SALUDH_EXP":82.96,"ESPARC_VA":965.38,"ESPARC_EXP":143.77,"OTRSER_VA":3419.65,"OTRSER_EXP":66.79,"SERHOG_VA":10.47,"SERHOG_EXP":0.0}},{"type":"Feature","geometry":{"type":"Point","coordinates":[-8.22,39.4]},"properties":{"id":"PRT","name":"Portugal","continent":"europe","year":1998,"AGRPFO_VA":3519.33,"AGRPFO_EXP":197.62,"FORLOG_VA":599.35,"FORLOG_EXP":39.36,"PESCAC_VA":338.38,"PESCAC_EXP":50.95,"MINCOL_VA":0.0,"MINCOL_EXP":0.0,"PETGAS_VA":0.0,"PETGAS_EXP":0.0,"MINORE_VA":362.01,"MINORE_EXP":114.16,"MINOTH_VA":302.61,"MINOTH_EXP":50.2,"MINSER_VA":5.64,"MINSER_EXP":0.06,"ALYBEB_VA":2446.86,"ALYBEB_EXP":1264.6,"TEXYPR_VA":4400.85,"TEXYPR_EXP":5011.3,"MADYPR_VA":941.57,"MADYPR_EXP":851.42,"PAPYPR_VA":1538.07,"PAPYPR_EXP":922.94,"PETREF_VA":273.95,"PETREF_EXP":339.71,"QUIMYP_VA":808.33,"QUIMYP_EXP":702.34,"FARMED_VA":370.86,"FARMED_EXP":136.63,"HUPLAS_VA":1057.6,"HUPLAS_EXP":465.27,"PRNOMT_VA":1700.51,"PRNOMT_EXP":702.78,"METBAS_VA":217.84,"METBAS_EXP":127.77,"NONFER_VA":80.82,"NONFER_EXP":158.41,"PRMETA_VA":1588.58,"PRMETA_EXP":600.54,"ELCTRO_VA":755.81,"ELCTRO_EXP":1442.46,"ELCTRI_VA":712.96,"ELCTRI_EXP":1261.36,"MAQYEQ_VA":571.51,"MAQYEQ_EXP":953.3,"AUTOMO_VA":1640.34,"AUTOMO_EXP":3062.33,"OTRTRA_VA":62.56,"OTRTRA_EXP":159.8,"TRANSP_VA":88.97,"TRANSP_EXP":149.03,"OTRMAN_VA":1398.48,"OTRMAN_EXP":868.16,"ELEGAS_VA":2368.09,"ELEGAS_EXP":103.6,"AGUBAS_VA":719.3,"AGUBAS_EXP":0.44,"CONSTR_VA":8443.43,"CONSTR_EXP":2.61,"COMREV_VA":16354.04,"COMREV_EXP":4507.5,"TRATIE_VA":2208.65,"TRATIE_EXP":1108.09,"TRAGUA_VA":73.56,"TRAGUA_EXP":129.95,"TRAAIR_VA":616.22,"TRAAIR_EXP":1339.15,"ALMSTR_VA":1645.7,"ALMSTR_EXP":432.43,"POSTME_VA":292.75,"POSTME_EXP":75.7,"HOTYRE_VA":4802.98,"HOTYRE_EXP":2085.0,"MMTVRA_VA":725.49,"MMTVRA_EXP":233.86,"TELECO_VA":2469.45,"TELECO_EXP":313.33,"ITSERV_VA":687.48,"ITSERV_EXP":62.99,"SERFIN_VA":6645.28,"SERFIN_EXP":432.22,"GOBEST_VA":8179.18,"GOBEST_EXP":207.27,"SPRSCT_VA":3609.73,"SPRSCT_EXP":296.31,"SEAEMP_VA":3074.76,"SEAEMP_EXP":356.8,"ADPDEF_VA":9017.79,"ADPDEF_EXP":61.55,"EDUCAC_VA":6997.32,"EDUCAC_EXP":95.64,"SALUDH_VA":5251.25,"SALUDH_EXP":81.74,"ESPARC_VA":736.94,"ESPARC_EXP":204.7,"OTRSER_VA":910.87,"OTRSER_EXP":71.21,"SERHOG_VA":718.01,"SERHOG_EXP":0.0}},{"type":"Feature","geometry":{"type":"Point","coordinates":[24.97,45.94]},"properties":{"id":"ROU","name":"Rumania","continent":"europe","year":1998,"AGRPFO_VA":5773.96,"AGRPFO_EXP":174.52,"FORLOG_VA":170.3,"FORLOG_EXP":41.03,"PESCAC_VA":2.58,"PESCAC_EXP":0.25,"MINCOL_VA":178.48,"MINCOL_EXP":0.11,"PETGAS_VA":346.63,"PETGAS_EXP":14.6,"MINORE_VA":60.03,"MINORE_EXP":16.88,"MINOTH_VA":71.13,"MINOTH_EXP":8.75,"MINSER_VA":186.4,"MINSER_EXP":1.02,"ALYBEB_VA":2785.94,"ALYBEB_EXP":113.18,"TEXYPR_VA":1065.68,"TEXYPR_EXP":1393.38,"MADYPR_VA":291.56,"MADYPR_EXP":367.7,"PAPYPR_VA":221.2,"PAPYPR_EXP":58.88,"PETREF_VA":475.77,"PETREF_EXP":325.72,"QUIMYP_VA":365.57,"QUIMYP_EXP":496.66,"FARMED_VA":131.84,"FARMED_EXP":18.33,"HUPLAS_VA":201.11,"HUPLAS_EXP":56.94,"PRNOMT_VA":529.91,"PRNOMT_EXP":143.59,"METBAS_VA":490.81,"METBAS_EXP":695.51,"NONFER_VA":88.32,"NONFER_EXP":201.54,"PRMETA_VA":404.67,"PRMETA_EXP":149.5,"ELCTRO_VA":346.67,"ELCTRO_EXP":211.65,"ELCTRI_VA":268.84,"ELCTRI_EXP":178.68,"MAQYEQ_VA":478.68,"MAQYEQ_EXP":267.08,"AUTOMO_VA":427.38,"AUTOMO_EXP":106.13,"OTRTRA_VA":88.96,"OTRTRA_EXP":115.46,"TRANSP_VA":90.55,"TRANSP_EXP":144.92,"OTRMAN_VA":647.22,"OTRMAN_EXP":402.64,"ELEGAS_VA":1135.3,"ELEGAS_EXP":56.76,"AGUBAS_VA":308.11,"AGUBAS_EXP":0.09,"CONSTR_VA":2407.05,"CONSTR_EXP":0.24,"COMREV_VA":4353.48,"COMREV_EXP":806.95,"TRATIE_VA":1917.14,"TRATIE_EXP":487.35,"TRAGUA_VA":47.75,"TRAGUA_EXP":51.76,"TRAAIR_VA":91.04,"TRAAIR_EXP":159.9,"ALMSTR_VA":293.54,"ALMSTR_EXP":161.8,"POSTME_VA":154.94,"POSTME_EXP":34.44,"HOTYRE_VA":1148.69,"HOTYRE_EXP":91.53,"MMTVRA_VA":198.21,"MMTVRA_EXP":80.6,"TELECO_VA":1204.8,"TELECO_EXP":57.35,"ITSERV_VA":342.44,"ITSERV_EXP":16.94,"SERFIN_VA":1438.23,"SERFIN_EXP":95.21,"GOBEST_VA":2834.05,"GOBEST_EXP":12.78,"SPRSCT_VA":717.68,"SPRSCT_EXP":16.1,"SEAEMP_VA":249.46,"SEAEMP_EXP":7.1,"ADPDEF_VA":1146.82,"ADPDEF_EXP":0.12,"EDUCAC_VA":805.91,"EDUCAC_EXP":5.4,"SALUDH_VA":666.31,"SALUDH_EXP":3.92,"ESPARC_VA":328.82,"ESPARC_EXP":10.74,"OTRSER_VA":563.25,"OTRSER_EXP":4.42,"SERHOG_VA":377.19,"SERHOG_EXP":0.0}},{"type":"Feature","geometry":{"type":"Point","coordinates":[105.32,61.52]},"properties":{"id":"RUS","name":"Rusia","continent":"europe","year":1998,"AGRPFO_VA":8731.29,"AGRPFO_EXP":741.35,"FORLOG_VA":535.5,"FORLOG_EXP":199.64,"PESCAC_VA":526.91,"PESCAC_EXP":105.51,"MINCOL_VA":1791.57,"MINCOL_EXP":706.06,"PETGAS_VA":19904.48,"PETGAS_EXP":9501.9,"MINORE_VA":1508.7,"MINORE_EXP":671.89,"MINOTH_VA":1085.88,"MINOTH_EXP":708.95,"MINSER_VA":2040.15,"MINSER_EXP":260.55,"ALYBEB_VA":4424.76,"ALYBEB_EXP":1392.86,"TEXYPR_VA":701.92,"TEXYPR_EXP":366.6,"MADYPR_VA":656.46,"MADYPR_EXP":1406.92,"PAPYPR_VA":1034.36,"PAPYPR_EXP":1368.82,"PETREF_VA":8586.93,"PETREF_EXP":10635.19,"QUIMYP_VA":2658.13,"QUIMYP_EXP":3473.02,"FARMED_VA":374.67,"FARMED_EXP":161.51,"HUPLAS_VA":698.89,"HUPLAS_EXP":750.29,"PRNOMT_VA":1809.5,"PRNOMT_EXP":180.26,"METBAS_VA":2250.73,"METBAS_EXP":4620.5,"NONFER_VA":4431.71,"NONFER_EXP":5428.92,"PRMETA_VA":1314.53,"PRMETA_EXP":852.04,"ELCTRO_VA":1374.55,"ELCTRO_EXP":986.59,"ELCTRI_VA":954.29,"ELCTRI_EXP":955.53,"MAQYEQ_VA":1579.05,"MAQYEQ_EXP":2255.65,"AUTOMO_VA":1707.48,"AUTOMO_EXP":794.92,"OTRTRA_VA":760.06,"OTRTRA_EXP":812.3,"TRANSP_VA":1781.26,"TRANSP_EXP":1023.88,"OTRMAN_VA":1555.56,"OTRMAN_EXP":421.09,"ELEGAS_VA":8009.35,"ELEGAS_EXP":274.87,"AGUBAS_VA":1354.5,"AGUBAS_EXP":1.8,"CONSTR_VA":20907.5,"CONSTR_EXP":31.39,"COMREV_VA":47338.66,"COMREV_EXP":11980.71,"TRATIE_VA":12105.65,"TRATIE_EXP":2785.23,"TRAGUA_VA":268.13,"TRAGUA_EXP":153.09,"TRAAIR_VA":674.09,"TRAAIR_EXP":1362.32,"ALMSTR_VA":3243.12,"ALMSTR_EXP":734.0,"POSTME_VA":473.95,"POSTME_EXP":54.84,"HOTYRE_VA":2508.8,"HOTYRE_EXP":1924.21,"MMTVRA_VA":1051.95,"MMTVRA_EXP":156.1,"TELECO_VA":4338.13,"TELECO_EXP":496.99,"ITSERV_VA":1607.46,"ITSERV_EXP":549.43,"SERFIN_VA":10073.62,"SERFIN_EXP":285.88,"GOBEST_VA":23424.96,"GOBEST_EXP":450.32,"SPRSCT_VA":10790.76,"SPRSCT_EXP":895.74,"SEAEMP_VA":4709.53,"SEAEMP_EXP":582.88,"ADPDEF_VA":19096.53,"ADPDEF_EXP":5.96,"EDUCAC_VA":8371.31,"EDUCAC_EXP":128.24,"SALUDH_VA":8111.5,"SALUDH_EXP":101.77,"ESPARC_VA":2020.5,"ESPARC_EXP":218.57,"OTRSER_VA":1308.32,"OTRSER_EXP":99.07,"SERHOG_VA":1745.31,"SERHOG_EXP":0.0}},{"type":"Feature","geometry":{"type":"Point","coordinates":[45.08,23.89]},"properties":{"id":"SAU","name":"Arabia Saudita","continent":"other","year":1998,"AGRPFO_VA":3611.28,"AGRPFO_EXP":18.11,"FORLOG_VA":4.92,"FORLOG_EXP":0.09,"PESCAC_VA":182.25,"PESCAC_EXP":2.07,"MINCOL_VA":0.0,"MINCOL_EXP":0.0,"PETGAS_VA":45115.37,"PETGAS_EXP":30654.74,"MINORE_VA":161.18,"MINORE_EXP":5.38,"MINOTH_VA":332.84,"MINOTH_EXP":13.85,"MINSER_VA":132.53,"MINSER_EXP":172.46,"ALYBEB_VA":2377.8,"ALYBEB_EXP":265.35,"TEXYPR_VA":602.32,"TEXYPR_EXP":77.56,"MADYPR_VA":169.68,"MADYPR_EXP":11.32,"PAPYPR_VA":695.95,"PAPYPR_EXP":103.88,"PETREF_VA":3770.96,"PETREF_EXP":2244.55,"QUIMYP_VA":3495.85,"QUIMYP_EXP":1761.57,"FARMED_VA":96.24,"FARMED_EXP":6.55,"HUPLAS_VA":512.5,"HUPLAS_EXP":76.56,"PRNOMT_VA":883.36,"PRNOMT_EXP":74.28,"METBAS_VA":156.37,"METBAS_EXP":101.6,"NONFER_VA":127.05,"NONFER_EXP":183.35,"PRMETA_VA":812.54,"PRMETA_EXP":120.54,"ELCTRO_VA":22.45,"ELCTRO_EXP":2.48,"ELCTRI_VA":509.18,"ELCTRI_EXP":54.88,"MAQYEQ_VA":287.95,"MAQYEQ_EXP":62.19,"AUTOMO_VA":141.56,"AUTOMO_EXP":8.55,"OTRTRA_VA":5.52,"OTRTRA_EXP":2.93,"TRANSP_VA":9.08,"TRANSP_EXP":1.79,"OTRMAN_VA":667.07,"OTRMAN_EXP":105.7,"ELEGAS_VA":1326.26,"ELEGAS_EXP":0.34,"AGUBAS_VA":432.23,"AGUBAS_EXP":0.62,"CONSTR_VA":10117.33,"CONSTR_EXP":23.28,"COMREV_VA":11668.65,"COMREV_EXP":2105.59,"TRATIE_VA":1456.32,"TRATIE_EXP":564.83,"TRAGUA_VA":123.73,"TRAGUA_EXP":61.83,"TRAAIR_VA":502.82,"TRAAIR_EXP":269.86,"ALMSTR_VA":1253.21,"ALMSTR_EXP":572.58,"POSTME_VA":155.31,"POSTME_EXP":106.38,"HOTYRE_VA":2526.39,"HOTYRE_EXP":1301.92,"MMTVRA_VA":294.61,"MMTVRA_EXP":17.79,"TELECO_VA":3195.88,"TELECO_EXP":222.33,"ITSERV_VA":828.09,"ITSERV_EXP":72.46,"SERFIN_VA":5043.0,"SERFIN_EXP":299.27,"GOBEST_VA":3863.14,"GOBEST_EXP":227.4,"SPRSCT_VA":975.51,"SPRSCT_EXP":144.52,"SEAEMP_VA":1488.4,"SEAEMP_EXP":134.49,"ADPDEF_VA":19363.12,"ADPDEF_EXP":0.5,"EDUCAC_VA":7796.16,"EDUCAC_EXP":50.47,"SALUDH_VA":4623.23,"SALUDH_EXP":43.2,"ESPARC_VA":450.69,"ESPARC_EXP":99.02,"OTRSER_VA":1011.92,"OTRSER_EXP":41.6,"SERHOG_VA":1321.43,"SERHOG_EXP":0.0}},{"type":"Feature","geometry":{"type":"Point","coordinates":[-14.45,14.5]},"properties":{"id":"SEN","name":"Senegal","continent":"other","year":1998,"AGRPFO_VA":910.32,"AGRPFO_EXP":46.43,"FORLOG_VA":27.9,"FORLOG_EXP":1.41,"PESCAC_VA":137.84,"PESCAC_EXP":36.96,"MINCOL_VA":3.46,"MINCOL_EXP":0.27,"PETGAS_VA":0.3,"PETGAS_EXP":0.18,"MINORE_VA":9.14,"MINORE_EXP":37.54,"MINOTH_VA":7.01,"MINOTH_EXP":27.56,"MINSER_VA":0.28,"MINSER_EXP":0.39,"ALYBEB_VA":667.22,"ALYBEB_EXP":139.39,"TEXYPR_VA":180.27,"TEXYPR_EXP":33.32,"MADYPR_VA":39.0,"MADYPR_EXP":1.39,"PAPYPR_VA":44.84,"PAPYPR_EXP":4.67,"PETREF_VA":10.82,"PETREF_EXP":93.18,"QUIMYP_VA":68.22,"QUIMYP_EXP":111.28,"FARMED_VA":12.34,"FARMED_EXP":2.25,"HUPLAS_VA":37.06,"HUPLAS_EXP":3.34,"PRNOMT_VA":55.37,"PRNOMT_EXP":50.66,"METBAS_VA":43.15,"METBAS_EXP":10.96,"NONFER_VA":1.66,"NONFER_EXP":8.26,"PRMETA_VA":58.87,"PRMETA_EXP":1.32,"ELCTRO_VA":0.18,"ELCTRO_EXP":0.01,"ELCTRI_VA":13.2,"ELCTRI_EXP":1.65,"MAQYEQ_VA":1.63,"MAQYEQ_EXP":0.14,"AUTOMO_VA":0.72,"AUTOMO_EXP":0.01,"OTRTRA_VA":6.93,"OTRTRA_EXP":0.46,"TRANSP_VA":17.37,"TRANSP_EXP":0.25,"OTRMAN_VA":51.33,"OTRMAN_EXP":2.47,"ELEGAS_VA":35.66,"ELEGAS_EXP":2.25,"AGUBAS_VA":21.59,"AGUBAS_EXP":0.22,"CONSTR_VA":144.56,"CONSTR_EXP":0.54,"COMREV_VA":937.24,"COMREV_EXP":104.42,"TRATIE_VA":154.59,"TRATIE_EXP":23.52,"TRAGUA_VA":2.58,"TRAGUA_EXP":1.3,"TRAAIR_VA":7.7,"TRAAIR_EXP":14.27,"ALMSTR_VA":70.02,"ALMSTR_EXP":17.53,"POSTME_VA":4.67,"POSTME_EXP":0.35,"HOTYRE_VA":89.43,"HOTYRE_EXP":33.15,"MMTVRA_VA":12.81,"MMTVRA_EXP":3.21,"TELECO_VA":117.43,"TELECO_EXP":68.2,"ITSERV_VA":11.22,"ITSERV_EXP":4.55,"SERFIN_VA":87.66,"SERFIN_EXP":11.06,"GOBEST_VA":594.69,"GOBEST_EXP":8.93,"SPRSCT_VA":230.65,"SPRSCT_EXP":61.01,"SEAEMP_VA":138.37,"SEAEMP_EXP":11.42,"ADPDEF_VA":325.87,"ADPDEF_EXP":0.26,"EDUCAC_VA":238.77,"EDUCAC_EXP":2.07,"SALUDH_VA":143.21,"SALUDH_EXP":1.77,"ESPARC_VA":20.61,"ESPARC_EXP":3.18,"OTRSER_VA":69.37,"OTRSER_EXP":1.64,"SERHOG_VA":35.54,"SERHOG_EXP":0.0}},{"type":"Feature","geometry":{"type":"Point","coordinates":[103.82,1.35]},"properties":{"id":"SGP","name":"Singapur","continent":"asia","year":1998,"AGRPFO_VA":56.89,"AGRPFO_EXP":25.27,"FORLOG_VA":0.0,"FORLOG_EXP":0.0,"PESCAC_VA":45.3,"PESCAC_EXP":4.28,"MINCOL_VA":0.0,"MINCOL_EXP":0.0,"PETGAS_VA":0.0,"PETGAS_EXP":0.0,"MINORE_VA":0.0,"MINORE_EXP":0.0,"MINOTH_VA":0.0,"MINOTH_EXP":0.0,"MINSER_VA":0.0,"MINSER_EXP":0.0,"ALYBEB_VA":571.89,"ALYBEB_EXP":762.36,"TEXYPR_VA":204.16,"TEXYPR_EXP":291.94,"MADYPR_VA":26.83,"MADYPR_EXP":44.84,"PAPYPR_VA":560.82,"PAPYPR_EXP":593.09,"PETREF_VA":469.51,"PETREF_EXP":5288.65,"QUIMYP_VA":1695.26,"QUIMYP_EXP":4173.01,"FARMED_VA":3579.1,"FARMED_EXP":225.83,"HUPLAS_VA":331.68,"HUPLAS_EXP":539.49,"PRNOMT_VA":129.08,"PRNOMT_EXP":104.05,"METBAS_VA":56.2,"METBAS_EXP":86.82,"NONFER_VA":247.4,"NONFER_EXP":420.28,"PRMETA_VA":475.16,"PRMETA_EXP":490.81,"ELCTRO_VA":6367.54,"ELCTRO_EXP":21344.62,"ELCTRI_VA":221.44,"ELCTRI_EXP":231.17,"MAQYEQ_VA":1197.95,"MAQYEQ_EXP":1549.32,"AUTOMO_VA":80.48,"AUTOMO_EXP":67.12,"OTRTRA_VA":581.52,"OTRTRA_EXP":316.82,"TRANSP_VA":1052.31,"TRANSP_EXP":308.83,"OTRMAN_VA":454.52,"OTRMAN_EXP":950.48,"ELEGAS_VA":1599.64,"ELEGAS_EXP":24.32,"AGUBAS_VA":299.43,"AGUBAS_EXP":38.26,"CONSTR_VA":6337.9,"CONSTR_EXP":3.19,"COMREV_VA":9750.83,"COMREV_EXP":8169.64,"TRATIE_VA":1161.0,"TRATIE_EXP":438.32,"TRAGUA_VA":2125.9,"TRAGUA_EXP":4748.99,"TRAAIR_VA":1332.85,"TRAAIR_EXP":2610.31,"ALMSTR_VA":2722.17,"ALMSTR_EXP":690.62,"POSTME_VA":200.94,"POSTME_EXP":159.81,"HOTYRE_VA":2076.61,"HOTYRE_EXP":1537.59,"MMTVRA_VA":656.43,"MMTVRA_EXP":820.71,"TELECO_VA":1071.48,"TELECO_EXP":544.82,"ITSERV_VA":1083.43,"ITSERV_EXP":1376.7,"SERFIN_VA":9780.48,"SERFIN_EXP":5028.6,"GOBEST_VA":6078.68,"GOBEST_EXP":658.34,"SPRSCT_VA":6493.86,"SPRSCT_EXP":2848.03,"SEAEMP_VA":3760.83,"SEAEMP_EXP":1130.01,"ADPDEF_VA":2162.53,"ADPDEF_EXP":7.9,"EDUCAC_VA":2362.37,"EDUCAC_EXP":245.27,"SALUDH_VA":2147.89,"SALUDH_EXP":179.59,"ESPARC_VA":1054.63,"ESPARC_EXP":194.63,"OTRSER_VA":532.49,"OTRSER_EXP":112.87,"SERHOG_VA":315.87,"SERHOG_EXP":0.0}},{"type":"Feature","geometry":{"type":"Point","coordinates":[6.61,0.19]},"properties":{"id":"STP","name":"S. Tomé y Príncipe","continent":"other","year":1998,"AGRPFO_VA":3.84,"AGRPFO_EXP":3.76,"FORLOG_VA":0.02,"FORLOG_EXP":0.0,"PESCAC_VA":5.28,"PESCAC_EXP":0.14,"MINCOL_VA":0.01,"MINCOL_EXP":0.0,"PETGAS_VA":0.09,"PETGAS_EXP":0.0,"MINORE_VA":0.0,"MINORE_EXP":0.0,"MINOTH_VA":0.06,"MINOTH_EXP":0.01,"MINSER_VA":0.04,"MINSER_EXP":0.0,"ALYBEB_VA":1.6,"ALYBEB_EXP":0.22,"TEXYPR_VA":0.01,"TEXYPR_EXP":0.01,"MADYPR_VA":0.01,"MADYPR_EXP":0.0,"PAPYPR_VA":0.01,"PAPYPR_EXP":0.0,"PETREF_VA":0.03,"PETREF_EXP":0.0,"QUIMYP_VA":0.01,"QUIMYP_EXP":0.0,"FARMED_VA":0.01,"FARMED_EXP":0.0,"HUPLAS_VA":0.01,"HUPLAS_EXP":0.0,"PRNOMT_VA":0.03,"PRNOMT_EXP":0.0,"METBAS_VA":0.0,"METBAS_EXP":0.0,"NONFER_VA":0.0,"NONFER_EXP":0.0,"PRMETA_VA":0.01,"PRMETA_EXP":0.0,"ELCTRO_VA":0.0,"ELCTRO_EXP":0.01,"ELCTRI_VA":0.0,"ELCTRI_EXP":0.0,"MAQYEQ_VA":0.0,"MAQYEQ_EXP":0.0,"AUTOMO_VA":0.0,"AUTOMO_EXP":0.0,"OTRTRA_VA":0.0,"OTRTRA_EXP":0.0,"TRANSP_VA":0.0,"TRANSP_EXP":0.0,"OTRMAN_VA":0.01,"OTRMAN_EXP":0.0,"ELEGAS_VA":0.95,"ELEGAS_EXP":0.04,"AGUBAS_VA":0.74,"AGUBAS_EXP":0.06,"CONSTR_VA":2.35,"CONSTR_EXP":0.17,"COMREV_VA":11.46,"COMREV_EXP":2.13,"TRATIE_VA":4.1,"TRATIE_EXP":0.61,"TRAGUA_VA":0.08,"TRAGUA_EXP":0.07,"TRAAIR_VA":0.49,"TRAAIR_EXP":0.36,"ALMSTR_VA":2.66,"ALMSTR_EXP":0.24,"POSTME_VA":0.98,"POSTME_EXP":0.08,"HOTYRE_VA":6.9,"HOTYRE_EXP":1.57,"MMTVRA_VA":0.71,"MMTVRA_EXP":0.38,"TELECO_VA":1.27,"TELECO_EXP":1.17,"ITSERV_VA":1.16,"ITSERV_EXP":0.9,"SERFIN_VA":6.8,"SERFIN_EXP":1.75,"GOBEST_VA":0.35,"GOBEST_EXP":0.03,"SPRSCT_VA":0.27,"SPRSCT_EXP":0.13,"SEAEMP_VA":0.26,"SEAEMP_EXP":0.08,"ADPDEF_VA":7.14,"ADPDEF_EXP":0.12,"EDUCAC_VA":2.5,"EDUCAC_EXP":0.15,"SALUDH_VA":1.52,"SALUDH_EXP":0.12,"ESPARC_VA":1.56,"ESPARC_EXP":0.25,"OTRSER_VA":1.77,"OTRSER_EXP":0.16,"SERHOG_VA":1.34,"SERHOG_EXP":0.0}},{"type":"Feature","geometry":{"type":"Point","coordinates":[19.7,48.67]},"properties":{"id":"SVK","name":"Eslovaquia","continent":"europe","year":1998,"AGRPFO_VA":298.86,"AGRPFO_EXP":91.91,"FORLOG_VA":207.36,"FORLOG_EXP":26.12,"PESCAC_VA":0.87,"PESCAC_EXP":0.67,"MINCOL_VA":8.95,"MINCOL_EXP":1.18,"PETGAS_VA":0.13,"PETGAS_EXP":0.08,"MINORE_VA":1.83,"MINORE_EXP":3.63,"MINOTH_VA":8.52,"MINOTH_EXP":22.94,"MINSER_VA":6.14,"MINSER_EXP":3.85,"ALYBEB_VA":607.2,"ALYBEB_EXP":150.99,"TEXYPR_VA":318.14,"TEXYPR_EXP":314.31,"MADYPR_VA":95.5,"MADYPR_EXP":104.07,"PAPYPR_VA":270.5,"PAPYPR_EXP":258.57,"PETREF_VA":389.74,"PETREF_EXP":238.88,"QUIMYP_VA":247.87,"QUIMYP_EXP":380.88,"FARMED_VA":48.38,"FARMED_EXP":45.8,"HUPLAS_VA":203.88,"HUPLAS_EXP":223.99,"PRNOMT_VA":281.55,"PRNOMT_EXP":175.66,"METBAS_VA":308.01,"METBAS_EXP":876.14,"NONFER_VA":100.07,"NONFER_EXP":195.53,"PRMETA_VA":370.06,"PRMETA_EXP":253.43,"ELCTRO_VA":103.37,"ELCTRO_EXP":181.98,"ELCTRI_VA":161.47,"ELCTRI_EXP":344.15,"MAQYEQ_VA":326.34,"MAQYEQ_EXP":369.04,"AUTOMO_VA":366.76,"AUTOMO_EXP":1351.32,"OTRTRA_VA":1.99,"OTRTRA_EXP":0.19,"TRANSP_VA":50.49,"TRANSP_EXP":30.15,"OTRMAN_VA":347.09,"OTRMAN_EXP":154.32,"ELEGAS_VA":754.08,"ELEGAS_EXP":5.76,"AGUBAS_VA":244.18,"AGUBAS_EXP":13.26,"CONSTR_VA":1407.05,"CONSTR_EXP":46.53,"COMREV_VA":2723.22,"COMREV_EXP":1111.25,"TRATIE_VA":845.51,"TRATIE_EXP":650.2,"TRAGUA_VA":23.43,"TRAGUA_EXP":17.55,"TRAAIR_VA":4.67,"TRAAIR_EXP":17.22,"ALMSTR_VA":452.37,"ALMSTR_EXP":507.98,"POSTME_VA":115.5,"POSTME_EXP":15.38,"HOTYRE_VA":284.02,"HOTYRE_EXP":55.55,"MMTVRA_VA":130.22,"MMTVRA_EXP":80.7,"TELECO_VA":475.86,"TELECO_EXP":47.25,"ITSERV_VA":188.65,"ITSERV_EXP":45.34,"SERFIN_VA":776.61,"SERFIN_EXP":216.91,"GOBEST_VA":2244.9,"GOBEST_EXP":41.15,"SPRSCT_VA":921.08,"SPRSCT_EXP":288.39,"SEAEMP_VA":539.76,"SEAEMP_EXP":187.63,"ADPDEF_VA":1812.42,"ADPDEF_EXP":2.53,"EDUCAC_VA":800.01,"EDUCAC_EXP":20.47,"SALUDH_VA":831.36,"SALUDH_EXP":19.79,"ESPARC_VA":409.62,"ESPARC_EXP":94.52,"OTRSER_VA":175.83,"OTRSER_EXP":24.14,"SERHOG_VA":11.13,"SERHOG_EXP":0.0}},{"type":"Feature","geometry":{"type":"Point","coordinates":[14.99,46.15]},"properties":{"id":"SVN","name":"Eslovenia","continent":"europe","year":1998,"AGRPFO_VA":636.5,"AGRPFO_EXP":96.82,"FORLOG_VA":145.64,"FORLOG_EXP":16.57,"PESCAC_VA":4.88,"PESCAC_EXP":1.42,"MINCOL_VA":88.69,"MINCOL_EXP":0.37,"PETGAS_VA":0.0,"PETGAS_EXP":0.0,"MINORE_VA":2.44,"MINORE_EXP":0.88,"MINOTH_VA":26.23,"MINOTH_EXP":6.87,"MINSER_VA":0.31,"MINSER_EXP":2.2,"ALYBEB_VA":557.67,"ALYBEB_EXP":336.71,"TEXYPR_VA":552.02,"TEXYPR_EXP":616.12,"MADYPR_VA":190.54,"MADYPR_EXP":272.7,"PAPYPR_VA":356.76,"PAPYPR_EXP":326.72,"PETREF_VA":16.03,"PETREF_EXP":11.53,"QUIMYP_VA":231.97,"QUIMYP_EXP":471.05,"FARMED_VA":361.4,"FARMED_EXP":292.29,"HUPLAS_VA":283.29,"HUPLAS_EXP":342.67,"PRNOMT_VA":239.55,"PRNOMT_EXP":176.33,"METBAS_VA":127.57,"METBAS_EXP":239.74,"NONFER_VA":52.9,"NONFER_EXP":237.87,"PRMETA_VA":546.56,"PRMETA_EXP":522.32,"ELCTRO_VA":269.9,"ELCTRO_EXP":433.57,"ELCTRI_VA":401.13,"ELCTRI_EXP":410.1,"MAQYEQ_VA":241.17,"MAQYEQ_EXP":559.44,"AUTOMO_VA":379.27,"AUTOMO_EXP":730.72,"OTRTRA_VA":2.98,"OTRTRA_EXP":6.31,"TRANSP_VA":11.61,"TRANSP_EXP":12.29,"OTRMAN_VA":472.35,"OTRMAN_EXP":434.58,"ELEGAS_VA":408.08,"ELEGAS_EXP":41.33,"AGUBAS_VA":196.51,"AGUBAS_EXP":2.71,"CONSTR_VA":1291.0,"CONSTR_EXP":69.05,"COMREV_VA":2282.9,"COMREV_EXP":915.86,"TRATIE_VA":614.46,"TRATIE_EXP":413.6,"TRAGUA_VA":25.25,"TRAGUA_EXP":32.03,"TRAAIR_VA":41.99,"TRAAIR_EXP":106.53,"ALMSTR_VA":292.72,"ALMSTR_EXP":261.95,"POSTME_VA":108.92,"POSTME_EXP":4.51,"HOTYRE_VA":456.83,"HOTYRE_EXP":398.9,"MMTVRA_VA":239.73,"MMTVRA_EXP":90.82,"TELECO_VA":301.5,"TELECO_EXP":47.57,"ITSERV_VA":103.38,"ITSERV_EXP":51.38,"SERFIN_VA":787.2,"SERFIN_EXP":60.27,"GOBEST_VA":1627.42,"GOBEST_EXP":41.53,"SPRSCT_VA":915.32,"SPRSCT_EXP":239.49,"SEAEMP_VA":452.36,"SEAEMP_EXP":132.34,"ADPDEF_VA":1087.83,"ADPDEF_EXP":1.27,"EDUCAC_VA":1050.18,"EDUCAC_EXP":26.06,"SALUDH_VA":925.16,"SALUDH_EXP":21.46,"ESPARC_VA":268.36,"ESPARC_EXP":40.98,"OTRSER_VA":339.12,"OTRSER_EXP":17.73,"SERHOG_VA":16.83,"SERHOG_EXP":0.0}},{"type":"Feature","geometry":{"type":"Point","coordinates":[18.64,60.13]},"properties":{"id":"SWE","name":"Suecia","continent":"europe","year":1998,"AGRPFO_VA":3758.84,"AGRPFO_EXP":313.07,"FORLOG_VA":2687.57,"FORLOG_EXP":114.77,"PESCAC_VA":86.17,"PESCAC_EXP":77.93,"MINCOL_VA":35.12,"MINCOL_EXP":11.48,"PETGAS_VA":11.07,"PETGAS_EXP":1.5,"MINORE_VA":601.73,"MINORE_EXP":279.93,"MINOTH_VA":106.14,"MINOTH_EXP":244.54,"MINSER_VA":25.82,"MINSER_EXP":74.26,"ALYBEB_VA":3960.51,"ALYBEB_EXP":1605.67,"TEXYPR_VA":681.2,"TEXYPR_EXP":998.83,"MADYPR_VA":1816.92,"MADYPR_EXP":2667.73,"PAPYPR_VA":6053.74,"PAPYPR_EXP":7351.89,"PETREF_VA":525.45,"PETREF_EXP":1111.05,"QUIMYP_VA":2467.04,"QUIMYP_EXP":2680.15,"FARMED_VA":4795.58,"FARMED_EXP":2657.85,"HUPLAS_VA":1669.97,"HUPLAS_EXP":2009.83,"PRNOMT_VA":1012.1,"PRNOMT_EXP":723.97,"METBAS_VA":1631.77,"METBAS_EXP":3570.42,"NONFER_VA":552.76,"NONFER_EXP":1305.3,"PRMETA_VA":5016.69,"PRMETA_EXP":2588.44,"ELCTRO_VA":7700.93,"ELCTRO_EXP":12438.4,"ELCTRI_VA":2138.09,"ELCTRI_EXP":2797.76,"MAQYEQ_VA":5969.63,"MAQYEQ_EXP":10202.98,"AUTOMO_VA":5860.45,"AUTOMO_EXP":12552.01,"OTRTRA_VA":83.78,"OTRTRA_EXP":218.56,"TRANSP_VA":921.77,"TRANSP_EXP":1548.43,"OTRMAN_VA":3238.57,"OTRMAN_EXP":2172.44,"ELEGAS_VA":5829.72,"ELEGAS_EXP":349.5,"AGUBAS_VA":1357.82,"AGUBAS_EXP":2.91,"CONSTR_VA":10366.39,"CONSTR_EXP":89.14,"COMREV_VA":26257.01,"COMREV_EXP":10216.73,"TRATIE_VA":6945.71,"TRATIE_EXP":2199.29,"TRAGUA_VA":870.45,"TRAGUA_EXP":1045.02,"TRAAIR_VA":1358.31,"TRAAIR_EXP":1123.25,"ALMSTR_VA":3638.73,"ALMSTR_EXP":1642.62,"POSTME_VA":2581.59,"POSTME_EXP":142.94,"HOTYRE_VA":3400.58,"HOTYRE_EXP":1139.04,"MMTVRA_VA":3361.45,"MMTVRA_EXP":971.52,"TELECO_VA":4433.99,"TELECO_EXP":534.71,"ITSERV_VA":5225.0,"ITSERV_EXP":953.85,"SERFIN_VA":11611.9,"SERFIN_EXP":1603.4,"GOBEST_VA":25005.12,"GOBEST_EXP":182.74,"SPRSCT_VA":12514.95,"SPRSCT_EXP":5014.52,"SEAEMP_VA":5267.74,"SEAEMP_EXP":1451.81,"ADPDEF_VA":12989.47,"ADPDEF_EXP":136.86,"EDUCAC_VA":13978.3,"EDUCAC_EXP":177.94,"SALUDH_VA":22836.7,"SALUDH_EXP":88.94,"ESPARC_VA":3091.96,"ESPARC_EXP":157.52,"OTRSER_VA":3668.29,"OTRSER_EXP":76.8,"SERHOG_VA":34.17,"SERHOG_EXP":0.0}},{"type":"Feature","geometry":{"type":"Point","coordinates":[100.99,15.87]},"properties":{"id":"THA","name":"Tailandia","continent":"asia","year":1998,"AGRPFO_VA":7912.55,"AGRPFO_EXP":922.59,"FORLOG_VA":162.13,"FORLOG_EXP":28.15,"PESCAC_VA":2228.57,"PESCAC_EXP":17.49,"MINCOL_VA":168.33,"MINCOL_EXP":0.15,"PETGAS_VA":1214.92,"PETGAS_EXP":72.11,"MINORE_VA":22.84,"MINORE_EXP":8.65,"MINOTH_VA":528.34,"MINOTH_EXP":71.33,"MINSER_VA":478.79,"MINSER_EXP":28.52,"ALYBEB_VA":7159.87,"ALYBEB_EXP":7469.61,"TEXYPR_VA":4716.3,"TEXYPR_EXP":5242.24,"MADYPR_VA":324.03,"MADYPR_EXP":317.21,"PAPYPR_VA":857.19,"PAPYPR_EXP":503.39,"PETREF_VA":2809.19,"PETREF_EXP":853.06,"QUIMYP_VA":1609.76,"QUIMYP_EXP":1526.36,"FARMED_VA":263.26,"FARMED_EXP":68.03,"HUPLAS_VA":1402.78,"HUPLAS_EXP":1999.6,"PRNOMT_VA":1309.2,"PRNOMT_EXP":587.39,"METBAS_VA":618.97,"METBAS_EXP":508.05,"NONFER_VA":327.59,"NONFER_EXP":675.15,"PRMETA_VA":1083.35,"PRMETA_EXP":855.66,"ELCTRO_VA":2727.09,"ELCTRO_EXP":13520.9,"ELCTRI_VA":1184.34,"ELCTRI_EXP":2408.09,"MAQYEQ_VA":1020.66,"MAQYEQ_EXP":605.73,"AUTOMO_VA":1756.59,"AUTOMO_EXP":724.37,"OTRTRA_VA":197.84,"OTRTRA_EXP":12.35,"TRANSP_VA":260.37,"TRANSP_EXP":332.85,"OTRMAN_VA":1617.68,"OTRMAN_EXP":2668.14,"ELEGAS_VA":2617.77,"ELEGAS_EXP":110.63,"AGUBAS_VA":430.71,"AGUBAS_EXP":0.28,"CONSTR_VA":4102.71,"CONSTR_EXP":0.46,"COMREV_VA":21020.28,"COMREV_EXP":8298.45,"TRATIE_VA":3559.62,"TRATIE_EXP":3727.27,"TRAGUA_VA":761.16,"TRAGUA_EXP":1416.45,"TRAAIR_VA":1448.13,"TRAAIR_EXP":1745.5,"ALMSTR_VA":629.16,"ALMSTR_EXP":48.89,"POSTME_VA":85.27,"POSTME_EXP":203.24,"HOTYRE_VA":3732.67,"HOTYRE_EXP":1171.9,"MMTVRA_VA":498.93,"MMTVRA_EXP":52.73,"TELECO_VA":1226.6,"TELECO_EXP":864.85,"ITSERV_VA":136.47,"ITSERV_EXP":153.97,"SERFIN_VA":4912.9,"SERFIN_EXP":350.22,"GOBEST_VA":3151.72,"GOBEST_EXP":658.5,"SPRSCT_VA":1297.51,"SPRSCT_EXP":317.53,"SEAEMP_VA":991.0,"SEAEMP_EXP":299.55,"ADPDEF_VA":5476.58,"ADPDEF_EXP":0.58,"EDUCAC_VA":4051.0,"EDUCAC_EXP":0.96,"SALUDH_VA":2368.62,"SALUDH_EXP":247.85,"ESPARC_VA":480.14,"ESPARC_EXP":55.65,"OTRSER_VA":1574.11,"OTRSER_EXP":446.47,"SERHOG_VA":321.9,"SERHOG_EXP":0.0}},{"type":"Feature","geometry":{"type":"Point","coordinates":[9.54,33.89]},"properties":{"id":"TUN","name":"Túnez","continent":"other","year":1998,"AGRPFO_VA":1695.61,"AGRPFO_EXP":146.02,"FORLOG_VA":201.67,"FORLOG_EXP":0.18,"PESCAC_VA":351.65,"PESCAC_EXP":30.91,"MINCOL_VA":187.28,"MINCOL_EXP":0.07,"PETGAS_VA":590.01,"PETGAS_EXP":687.03,"MINORE_VA":2.75,"MINORE_EXP":0.37,"MINOTH_VA":112.68,"MINOTH_EXP":57.9,"MINSER_VA":45.29,"MINSER_EXP":2.21,"ALYBEB_VA":720.7,"ALYBEB_EXP":447.46,"TEXYPR_VA":1097.88,"TEXYPR_EXP":1575.15,"MADYPR_VA":110.1,"MADYPR_EXP":50.83,"PAPYPR_VA":140.33,"PAPYPR_EXP":146.69,"PETREF_VA":51.04,"PETREF_EXP":105.5,"QUIMYP_VA":135.87,"QUIMYP_EXP":433.91,"FARMED_VA":89.89,"FARMED_EXP":9.63,"HUPLAS_VA":78.58,"HUPLAS_EXP":61.96,"PRNOMT_VA":208.3,"PRNOMT_EXP":36.88,"METBAS_VA":51.62,"METBAS_EXP":7.7,"NONFER_VA":30.03,"NONFER_EXP":10.3,"PRMETA_VA":200.26,"PRMETA_EXP":31.52,"ELCTRO_VA":130.06,"ELCTRO_EXP":170.33,"ELCTRI_VA":509.91,"ELCTRI_EXP":603.37,"MAQYEQ_VA":266.12,"MAQYEQ_EXP":91.11,"AUTOMO_VA":186.69,"AUTOMO_EXP":90.3,"OTRTRA_VA":10.83,"OTRTRA_EXP":28.51,"TRANSP_VA":20.84,"TRANSP_EXP":48.77,"OTRMAN_VA":130.42,"OTRMAN_EXP":144.75,"ELEGAS_VA":274.41,"ELEGAS_EXP":0.19,"AGUBAS_VA":96.68,"AGUBAS_EXP":0.45,"CONSTR_VA":1345.68,"CONSTR_EXP":0.46,"COMREV_VA":1835.7,"COMREV_EXP":563.22,"TRATIE_VA":711.8,"TRATIE_EXP":426.1,"TRAGUA_VA":82.16,"TRAGUA_EXP":149.95,"TRAAIR_VA":96.64,"TRAAIR_EXP":177.93,"ALMSTR_VA":352.45,"ALMSTR_EXP":202.26,"POSTME_VA":144.13,"POSTME_EXP":14.77,"HOTYRE_VA":1181.91,"HOTYRE_EXP":578.0,"MMTVRA_VA":73.47,"MMTVRA_EXP":16.67,"TELECO_VA":498.27,"TELECO_EXP":158.56,"ITSERV_VA":209.62,"ITSERV_EXP":48.97,"SERFIN_VA":780.6,"SERFIN_EXP":77.23,"GOBEST_VA":727.33,"GOBEST_EXP":80.96,"SPRSCT_VA":527.04,"SPRSCT_EXP":152.93,"SEAEMP_VA":402.68,"SEAEMP_EXP":70.52,"ADPDEF_VA":1807.72,"ADPDEF_EXP":0.03,"EDUCAC_VA":1307.09,"EDUCAC_EXP":33.15,"SALUDH_VA":37.84,"SALUDH_EXP":25.74,"ESPARC_VA":24.25,"ESPARC_EXP":26.17,"OTRSER_VA":43.05,"OTRSER_EXP":18.41,"SERHOG_VA":71.24,"SERHOG_EXP":0.0}},{"type":"Feature","geometry":{"type":"Point","coordinates":[35.24,38.96]},"properties":{"id":"TUR","name":"Turquía","continent":"europe","year":1998,"AGRPFO_VA":32039.12,"AGRPFO_EXP":2267.66,"FORLOG_VA":1128.5,"FORLOG_EXP":6.86,"PESCAC_VA":1135.64,"PESCAC_EXP":47.74,"MINCOL_VA":799.57,"MINCOL_EXP":1.11,"PETGAS_VA":452.85,"PETGAS_EXP":4.07,"MINORE_VA":1207.45,"MINORE_EXP":114.0,"MINOTH_VA":655.43,"MINOTH_EXP":212.51,"MINSER_VA":139.01,"MINSER_EXP":62.92,"ALYBEB_VA":8386.1,"ALYBEB_EXP":2778.73,"TEXYPR_VA":14071.33,"TEXYPR_EXP":8340.93,"MADYPR_VA":459.28,"MADYPR_EXP":56.3,"PAPYPR_VA":1416.75,"PAPYPR_EXP":155.04,"PETREF_VA":1209.9,"PETREF_EXP":826.39,"QUIMYP_VA":2200.42,"QUIMYP_EXP":789.55,"FARMED_VA":1463.81,"FARMED_EXP":108.63,"HUPLAS_VA":2080.37,"HUPLAS_EXP":1006.76,"PRNOMT_VA":3531.6,"PRNOMT_EXP":786.46,"METBAS_VA":2783.75,"METBAS_EXP":1139.34,"NONFER_VA":890.33,"NONFER_EXP":282.89,"PRMETA_VA":3559.44,"PRMETA_EXP":528.06,"ELCTRO_VA":947.43,"ELCTRO_EXP":889.86,"ELCTRI_VA":1371.13,"ELCTRI_EXP":704.32,"MAQYEQ_VA":2342.6,"MAQYEQ_EXP":972.9,"AUTOMO_VA":3029.74,"AUTOMO_EXP":890.82,"OTRTRA_VA":207.62,"OTRTRA_EXP":161.9,"TRANSP_VA":487.26,"TRANSP_EXP":227.3,"OTRMAN_VA":2010.09,"OTRMAN_EXP":1418.12,"ELEGAS_VA":4049.42,"ELEGAS_EXP":30.67,"AGUBAS_VA":1401.01,"AGUBAS_EXP":24.4,"CONSTR_VA":17667.69,"CONSTR_EXP":530.45,"COMREV_VA":37607.19,"COMREV_EXP":6185.84,"TRATIE_VA":20926.69,"TRATIE_EXP":4186.72,"TRAGUA_VA":1415.83,"TRAGUA_EXP":1724.86,"TRAAIR_VA":1502.58,"TRAAIR_EXP":1595.01,"ALMSTR_VA":1807.62,"ALMSTR_EXP":1077.73,"POSTME_VA":621.43,"POSTME_EXP":111.42,"HOTYRE_VA":6710.21,"HOTYRE_EXP":2146.51,"MMTVRA_VA":1347.78,"MMTVRA_EXP":565.32,"TELECO_VA":3631.33,"TELECO_EXP":1456.63,"ITSERV_VA":489.79,"ITSERV_EXP":296.52,"SERFIN_VA":15116.31,"SERFIN_EXP":3304.74,"GOBEST_VA":18361.17,"GOBEST_EXP":764.85,"SPRSCT_VA":4691.34,"SPRSCT_EXP":1329.89,"SEAEMP_VA":6766.46,"SEAEMP_EXP":3401.37,"ADPDEF_VA":19032.42,"ADPDEF_EXP":7.51,"EDUCAC_VA":1360.91,"EDUCAC_EXP":196.06,"SALUDH_VA":4308.8,"SALUDH_EXP":89.38,"ESPARC_VA":555.44,"ESPARC_EXP":552.12,"OTRSER_VA":2329.1,"OTRSER_EXP":96.83,"SERHOG_VA":84.31,"SERHOG_EXP":0.0}},{"type":"Feature","geometry":{"type":"Point","coordinates":[120.96,23.7]},"properties":{"id":"TWN","name":"Taiwán","continent":"asia","year":1998,"AGRPFO_VA":4840.15,"AGRPFO_EXP":168.2,"FORLOG_VA":42.83,"FORLOG_EXP":13.51,"PESCAC_VA":1530.13,"PESCAC_EXP":266.83,"MINCOL_VA":58.63,"MINCOL_EXP":5.64,"PETGAS_VA":185.49,"PETGAS_EXP":25.85,"MINORE_VA":42.95,"MINORE_EXP":5.02,"MINOTH_VA":372.25,"MINOTH_EXP":5.34,"MINSER_VA":199.07,"MINSER_EXP":8.93,"ALYBEB_VA":4599.7,"ALYBEB_EXP":1856.78,"TEXYPR_VA":5645.32,"TEXYPR_EXP":8652.69,"MADYPR_VA":318.33,"MADYPR_EXP":366.06,"PAPYPR_VA":2065.28,"PAPYPR_EXP":872.47,"PETREF_VA":4265.6,"PETREF_EXP":2248.19,"QUIMYP_VA":5454.25,"QUIMYP_EXP":6119.81,"FARMED_VA":497.66,"FARMED_EXP":149.67,"HUPLAS_VA":4216.57,"HUPLAS_EXP":6601.52,"PRNOMT_VA":2876.65,"PRNOMT_EXP":981.39,"METBAS_VA":2992.02,"METBAS_EXP":3401.22,"NONFER_VA":637.89,"NONFER_EXP":1629.97,"PRMETA_VA":5578.48,"PRMETA_EXP":6340.76,"ELCTRO_VA":16645.97,"ELCTRO_EXP":43042.52,"ELCTRI_VA":2912.54,"ELCTRI_EXP":4258.84,"MAQYEQ_VA":3116.01,"MAQYEQ_EXP":8026.58,"AUTOMO_VA":2936.73,"AUTOMO_EXP":1789.99,"OTRTRA_VA":2052.78,"OTRTRA_EXP":375.38,"TRANSP_VA":1421.66,"TRANSP_EXP":2634.18,"OTRMAN_VA":4431.54,"OTRMAN_EXP":2228.25,"ELEGAS_VA":6059.91,"ELEGAS_EXP":0.56,"AGUBAS_VA":1406.46,"AGUBAS_EXP":4.07,"CONSTR_VA":10890.98,"CONSTR_EXP":79.1,"COMREV_VA":42537.14,"COMREV_EXP":16299.26,"TRATIE_VA":4910.79,"TRATIE_EXP":1845.54,"TRAGUA_VA":1453.43,"TRAGUA_EXP":658.9,"TRAAIR_VA":1406.15,"TRAAIR_EXP":1084.6,"ALMSTR_VA":3345.42,"ALMSTR_EXP":588.87,"POSTME_VA":667.71,"POSTME_EXP":62.06,"HOTYRE_VA":5225.34,"HOTYRE_EXP":816.24,"MMTVRA_VA":1784.95,"MMTVRA_EXP":403.49,"TELECO_VA":5583.22,"TELECO_EXP":436.95,"ITSERV_VA":1260.81,"ITSERV_EXP":155.47,"SERFIN_VA":22397.21,"SERFIN_EXP":1110.9,"GOBEST_VA":22650.43,"GOBEST_EXP":77.59,"SPRSCT_VA":7455.62,"SPRSCT_EXP":1026.9,"SEAEMP_VA":3359.39,"SEAEMP_EXP":506.77,"ADPDEF_VA":21773.16,"ADPDEF_EXP":0.0,"EDUCAC_VA":10898.62,"EDUCAC_EXP":97.97,"SALUDH_VA":6541.73,"SALUDH_EXP":377.1,"ESPARC_VA":2085.25,"ESPARC_EXP":261.06,"OTRSER_VA":6820.28,"OTRSER_EXP":27.84,"SERHOG_VA":1991.56,"SERHOG_EXP":0.0}},{"type":"Feature","geometry":{"type":"Point","coordinates":[31.17,48.38]},"properties":{"id":"UKR","name":"Ucrania","continent":"europe","year":1998,"AGRPFO_VA":4344.24,"AGRPFO_EXP":378.84,"FORLOG_VA":499.51,"FORLOG_EXP":52.56,"PESCAC_VA":19.3,"PESCAC_EXP":5.45,"MINCOL_VA":735.9,"MINCOL_EXP":232.46,"PETGAS_VA":805.14,"PETGAS_EXP":155.37,"MINORE_VA":773.61,"MINORE_EXP":79.46,"MINOTH_VA":180.87,"MINOTH_EXP":122.92,"MINSER_VA":47.21,"MINSER_EXP":533.77,"ALYBEB_VA":1791.08,"ALYBEB_EXP":963.43,"TEXYPR_VA":297.6,"TEXYPR_EXP":164.11,"MADYPR_VA":120.37,"MADYPR_EXP":195.7,"PAPYPR_VA":311.1,"PAPYPR_EXP":257.71,"PETREF_VA":512.43,"PETREF_EXP":212.3,"QUIMYP_VA":373.1,"QUIMYP_EXP":486.34,"FARMED_VA":130.92,"FARMED_EXP":54.15,"HUPLAS_VA":217.82,"HUPLAS_EXP":67.89,"PRNOMT_VA":358.7,"PRNOMT_EXP":89.43,"METBAS_VA":841.58,"METBAS_EXP":2019.23,"NONFER_VA":86.29,"NONFER_EXP":214.2,"PRMETA_VA":253.18,"PRMETA_EXP":147.83,"ELCTRO_VA":104.26,"ELCTRO_EXP":160.82,"ELCTRI_VA":287.28,"ELCTRI_EXP":228.84,"MAQYEQ_VA":489.2,"MAQYEQ_EXP":404.68,"AUTOMO_VA":97.4,"AUTOMO_EXP":104.31,"OTRTRA_VA":17.75,"OTRTRA_EXP":63.69,"TRANSP_VA":817.78,"TRANSP_EXP":236.85,"OTRMAN_VA":433.48,"OTRMAN_EXP":473.46,"ELEGAS_VA":2410.82,"ELEGAS_EXP":38.04,"AGUBAS_VA":483.1,"AGUBAS_EXP":3.17,"CONSTR_VA":1511.07,"CONSTR_EXP":16.43,"COMREV_VA":4316.84,"COMREV_EXP":742.83,"TRATIE_VA":2462.85,"TRATIE_EXP":648.83,"TRAGUA_VA":276.1,"TRAGUA_EXP":136.15,"TRAAIR_VA":269.61,"TRAAIR_EXP":239.39,"ALMSTR_VA":1220.41,"ALMSTR_EXP":419.78,"POSTME_VA":104.25,"POSTME_EXP":25.75,"HOTYRE_VA":253.87,"HOTYRE_EXP":191.08,"MMTVRA_VA":184.05,"MMTVRA_EXP":53.69,"TELECO_VA":731.87,"TELECO_EXP":78.81,"ITSERV_VA":395.67,"ITSERV_EXP":463.11,"SERFIN_VA":1238.02,"SERFIN_EXP":406.69,"GOBEST_VA":1410.36,"GOBEST_EXP":43.13,"SPRSCT_VA":812.53,"SPRSCT_EXP":146.38,"SEAEMP_VA":332.36,"SEAEMP_EXP":51.97,"ADPDEF_VA":2022.8,"ADPDEF_EXP":0.35,"EDUCAC_VA":1715.98,"EDUCAC_EXP":19.27,"SALUDH_VA":1065.76,"SALUDH_EXP":9.83,"ESPARC_VA":204.94,"ESPARC_EXP":21.17,"OTRSER_VA":277.08,"OTRSER_EXP":8.9,"SERHOG_VA":0.57,"SERHOG_EXP":0.0}},{"type":"Feature","geometry":{"type":"Point","coordinates":[-95.71,37.09]},"properties":{"id":"USA","name":"Estados Unidos","continent":"america","year":1998,"AGRPFO_VA":99973.28,"AGRPFO_EXP":19441.6,"FORLOG_VA":8114.64,"FORLOG_EXP":1038.15,"PESCAC_VA":2786.32,"PESCAC_EXP":1318.59,"MINCOL_VA":13962.73,"MINCOL_EXP":2581.72,"PETGAS_VA":36627.12,"PETGAS_EXP":1993.29,"MINORE_VA":4462.5,"MINORE_EXP":3462.71,"MINOTH_VA":9735.86,"MINOTH_EXP":1224.88,"MINSER_VA":13756.89,"MINSER_EXP":1593.72,"ALYBEB_VA":128253.45,"ALYBEB_EXP":27024.47,"TEXYPR_VA":53370.91,"TEXYPR_EXP":16417.34,"MADYPR_VA":28014.77,"MADYPR_EXP":3799.17,"PAPYPR_VA":97568.8,"PAPYPR_EXP":14539.24,"PETREF_VA":42254.17,"PETREF_EXP":10326.84,"QUIMYP_VA":112875.67,"QUIMYP_EXP":45587.07,"FARMED_VA":71092.33,"FARMED_EXP":10208.48,"HUPLAS_VA":63003.56,"HUPLAS_EXP":12453.92,"PRNOMT_VA":50202.42,"PRNOMT_EXP":5275.58,"METBAS_VA":26159.79,"METBAS_EXP":5721.97,"NONFER_VA":35201.64,"NONFER_EXP":14157.0,"PRMETA_VA":111930.86,"PRMETA_EXP":15291.43,"ELCTRO_VA":195870.94,"ELCTRO_EXP":107862.04,"ELCTRI_VA":41515.31,"ELCTRI_EXP":18151.06,"MAQYEQ_VA":115934.89,"MAQYEQ_EXP":58957.25,"AUTOMO_VA":119049.24,"AUTOMO_EXP":52130.34,"OTRTRA_VA":7962.57,"OTRTRA_EXP":1780.9,"TRANSP_VA":59808.6,"TRANSP_EXP":53226.57,"OTRMAN_VA":96128.59,"OTRMAN_EXP":15322.9,"ELEGAS_VA":143203.07,"ELEGAS_EXP":2015.57,"AGUBAS_VA":26547.96,"AGUBAS_EXP":33.0,"CONSTR_VA":387443.35,"CONSTR_EXP":8.83,"COMREV_VA":1028097.02,"COMREV_EXP":114910.6,"TRATIE_VA":137472.98,"TRATIE_EXP":21817.51,"TRAGUA_VA":6807.41,"TRAGUA_EXP":6232.8,"TRAAIR_VA":47482.33,"TRAAIR_EXP":27276.67,"ALMSTR_VA":54379.72,"ALMSTR_EXP":2100.18,"POSTME_VA":78271.4,"POSTME_EXP":4289.36,"HOTYRE_VA":214161.48,"HOTYRE_EXP":24813.11,"MMTVRA_VA":194476.98,"MMTVRA_EXP":24895.11,"TELECO_VA":181564.53,"TELECO_EXP":10132.33,"ITSERV_VA":124021.31,"ITSERV_EXP":7473.99,"SERFIN_VA":629036.03,"SERFIN_EXP":34071.62,"GOBEST_VA":972960.66,"GOBEST_EXP":6998.04,"SPRSCT_VA":589378.69,"SPRSCT_EXP":42358.31,"SEAEMP_VA":317134.11,"SEAEMP_EXP":20053.33,"ADPDEF_VA":781734.83,"ADPDEF_EXP":1870.66,"EDUCAC_VA":467623.59,"EDUCAC_EXP":15333.44,"SALUDH_VA":534987.34,"SALUDH_EXP":1322.91,"ESPARC_VA":77694.58,"ESPARC_EXP":3533.96,"OTRSER_VA":151424.73,"OTRSER_EXP":1567.13,"SERHOG_VA":14125.28,"SERHOG_EXP":0.0}},{"type":"Feature","geometry":{"type":"Point","coordinates":[108.28,14.06]},"properties":{"id":"VNM","name":"Vietnam","continent":"asia","year":1998,"AGRPFO_VA":4032.95,"AGRPFO_EXP":451.18,"FORLOG_VA":314.59,"FORLOG_EXP":29.92,"PESCAC_VA":957.14,"PESCAC_EXP":183.37,"MINCOL_VA":140.05,"MINCOL_EXP":68.22,"PETGAS_VA":2424.62,"PETGAS_EXP":2178.74,"MINORE_VA":28.62,"MINORE_EXP":6.25,"MINOTH_VA":83.87,"MINOTH_EXP":3.19,"MINSER_VA":54.22,"MINSER_EXP":2.64,"ALYBEB_VA":1285.79,"ALYBEB_EXP":1514.68,"TEXYPR_VA":1825.74,"TEXYPR_EXP":2037.9,"MADYPR_VA":132.91,"MADYPR_EXP":232.12,"PAPYPR_VA":188.31,"PAPYPR_EXP":35.56,"PETREF_VA":152.22,"PETREF_EXP":77.79,"QUIMYP_VA":324.86,"QUIMYP_EXP":43.34,"FARMED_VA":85.77,"FARMED_EXP":18.48,"HUPLAS_VA":275.54,"HUPLAS_EXP":37.33,"PRNOMT_VA":465.19,"PRNOMT_EXP":42.87,"METBAS_VA":152.69,"METBAS_EXP":32.42,"NONFER_VA":36.45,"NONFER_EXP":19.33,"PRMETA_VA":288.72,"PRMETA_EXP":703.08,"ELCTRO_VA":361.6,"ELCTRO_EXP":187.92,"ELCTRI_VA":178.94,"ELCTRI_EXP":141.92,"MAQYEQ_VA":142.26,"MAQYEQ_EXP":329.88,"AUTOMO_VA":79.32,"AUTOMO_EXP":3.27,"OTRTRA_VA":6.09,"OTRTRA_EXP":16.72,"TRANSP_VA":64.3,"TRANSP_EXP":3.4,"OTRMAN_VA":456.36,"OTRMAN_EXP":266.66,"ELEGAS_VA":867.89,"ELEGAS_EXP":7.62,"AGUBAS_VA":183.7,"AGUBAS_EXP":0.26,"CONSTR_VA":1621.84,"CONSTR_EXP":1.73,"COMREV_VA":2312.0,"COMREV_EXP":615.43,"TRATIE_VA":358.29,"TRATIE_EXP":241.54,"TRAGUA_VA":129.03,"TRAGUA_EXP":177.91,"TRAAIR_VA":155.96,"TRAAIR_EXP":326.61,"ALMSTR_VA":210.47,"ALMSTR_EXP":181.05,"POSTME_VA":53.72,"POSTME_EXP":75.78,"HOTYRE_VA":774.91,"HOTYRE_EXP":510.66,"MMTVRA_VA":96.22,"MMTVRA_EXP":37.93,"TELECO_VA":339.57,"TELECO_EXP":123.66,"ITSERV_VA":127.13,"ITSERV_EXP":73.91,"SERFIN_VA":626.45,"SERFIN_EXP":288.03,"GOBEST_VA":621.54,"GOBEST_EXP":46.71,"SPRSCT_VA":566.54,"SPRSCT_EXP":152.49,"SEAEMP_VA":164.81,"SEAEMP_EXP":101.34,"ADPDEF_VA":670.45,"ADPDEF_EXP":1.78,"EDUCAC_VA":778.62,"EDUCAC_EXP":21.18,"SALUDH_VA":339.71,"SALUDH_EXP":14.75,"ESPARC_VA":228.56,"ESPARC_EXP":89.83,"OTRSER_VA":204.7,"OTRSER_EXP":14.52,"SERHOG_VA":41.45,"SERHOG_EXP":0.0}},{"type":"Feature","geometry":{"type":"Point","coordinates":[22.94,-30.56]},"properties":{"id":"ZAF","name":"Sudáfrica","continent":"other","year":1998,"AGRPFO_VA":2584.11,"AGRPFO_EXP":845.85,"FORLOG_VA":148.03,"FORLOG_EXP":8.16,"PESCAC_VA":255.74,"PESCAC_EXP":27.17,"MINCOL_VA":1641.75,"MINCOL_EXP":1882.07,"PETGAS_VA":128.99,"PETGAS_EXP":275.74,"MINORE_VA":6647.71,"MINORE_EXP":8864.55,"MINOTH_VA":583.12,"MINOTH_EXP":1025.49,"MINSER_VA":97.53,"MINSER_EXP":5.66,"ALYBEB_VA":3662.82,"ALYBEB_EXP":707.05,"TEXYPR_VA":927.85,"TEXYPR_EXP":135.86,"MADYPR_VA":306.74,"MADYPR_EXP":103.97,"PAPYPR_VA":1280.61,"PAPYPR_EXP":422.32,"PETREF_VA":2070.83,"PETREF_EXP":622.37,"QUIMYP_VA":1750.0,"QUIMYP_EXP":1741.87,"FARMED_VA":309.98,"FARMED_EXP":85.39,"HUPLAS_VA":608.5,"HUPLAS_EXP":147.64,"PRNOMT_VA":881.66,"PRNOMT_EXP":81.0,"METBAS_VA":1809.88,"METBAS_EXP":2469.06,"NONFER_VA":475.68,"NONFER_EXP":1308.92,"PRMETA_VA":1091.48,"PRMETA_EXP":532.64,"ELCTRO_VA":325.12,"ELCTRO_EXP":185.37,"ELCTRI_VA":615.93,"ELCTRI_EXP":311.36,"MAQYEQ_VA":1432.96,"MAQYEQ_EXP":1271.07,"AUTOMO_VA":1720.59,"AUTOMO_EXP":1744.86,"OTRTRA_VA":35.06,"OTRTRA_EXP":51.1,"TRANSP_VA":227.58,"TRANSP_EXP":398.55,"OTRMAN_VA":1220.53,"OTRMAN_EXP":480.04,"ELEGAS_VA":2679.17,"ELEGAS_EXP":33.9,"AGUBAS_VA":1465.74,"AGUBAS_EXP":0.15,"CONSTR_VA":4461.84,"CONSTR_EXP":61.83,"COMREV_VA":12574.71,"COMREV_EXP":2482.84,"TRATIE_VA":3443.75,"TRATIE_EXP":910.88,"TRAGUA_VA":183.83,"TRAGUA_EXP":157.89,"TRAAIR_VA":388.11,"TRAAIR_EXP":503.23,"ALMSTR_VA":1547.89,"ALMSTR_EXP":584.19,"POSTME_VA":254.58,"POSTME_EXP":52.81,"HOTYRE_VA":1422.04,"HOTYRE_EXP":401.54,"MMTVRA_VA":1279.57,"MMTVRA_EXP":192.63,"TELECO_VA":7993.0,"TELECO_EXP":607.5,"ITSERV_VA":2699.96,"ITSERV_EXP":123.39,"SERFIN_VA":20611.78,"SERFIN_EXP":777.23,"GOBEST_VA":9935.11,"GOBEST_EXP":180.47,"SPRSCT_VA":5737.57,"SPRSCT_EXP":132.52,"SEAEMP_VA":3450.04,"SEAEMP_EXP":181.77,"ADPDEF_VA":4881.07,"ADPDEF_EXP":4.8,"EDUCAC_VA":3912.88,"EDUCAC_EXP":321.31,"SALUDH_VA":2932.1,"SALUDH_EXP":39.5,"ESPARC_VA":1764.11,"ESPARC_EXP":92.87,"OTRSER_VA":792.65,"OTRSER_EXP":30.21,"SERHOG_VA":18779.37,"SERHOG_EXP":0.0}}]}