{"type":"FeatureCollection","features":[{"type":"Feature","geometry":{"type":"Point","coordinates":[13.23,-8.84]},"properties":{"id":"AGO","name":"Angola","continent":"other","year":2022,"AGRPFO_VA":7389.84,"AGRPFO_EXP":29.41,"FORLOG_VA":591.77,"FORLOG_EXP":9.19,"PESCAC_VA":1261.08,"PESCAC_EXP":4.97,"MINCOL_VA":37.26,"MINCOL_EXP":0.22,"PETGAS_VA":32657.74,"PETGAS_EXP":41936.49,"MINORE_VA":40.59,"MINORE_EXP":14.83,"MINOTH_VA":8054.51,"MINOTH_EXP":1860.26,"MINSER_VA":4774.94,"MINSER_EXP":277.87,"ALYBEB_VA":1417.96,"ALYBEB_EXP":67.26,"TEXYPR_VA":684.18,"TEXYPR_EXP":2.19,"MADYPR_VA":24.6,"MADYPR_EXP":37.66,"PAPYPR_VA":97.25,"PAPYPR_EXP":1.37,"PETREF_VA":1126.08,"PETREF_EXP":861.35,"QUIMYP_VA":498.5,"QUIMYP_EXP":195.8,"FARMED_VA":226.63,"FARMED_EXP":0.83,"HUPLAS_VA":119.68,"HUPLAS_EXP":2.53,"PRNOMT_VA":209.72,"PRNOMT_EXP":13.37,"METBAS_VA":69.87,"METBAS_EXP":18.19,"NONFER_VA":18.3,"NONFER_EXP":41.19,"PRMETA_VA":140.03,"PRMETA_EXP":16.48,"ELCTRO_VA":467.16,"ELCTRO_EXP":14.59,"ELCTRI_VA":197.25,"ELCTRI_EXP":5.31,"MAQYEQ_VA":626.03,"MAQYEQ_EXP":183.99,"AUTOMO_VA":554.46,"AUTOMO_EXP":6.66,"OTRTRA_VA":21.68,"OTRTRA_EXP":0.19,"TRANSP_VA":13.05,"TRANSP_EXP":3.18,"OTRMAN_VA":199.31,"OTRMAN_EXP":55.77,"ELEGAS_VA":3452.23,"ELEGAS_EXP":915.58,"AGUBAS_VA":428.15,"AGUBAS_EXP":108.63,"CONSTR_VA":6633.01,"CONSTR_EXP":0.19,"COMREV_VA":7549.58,"COMREV_EXP":1089.5,"TRATIE_VA":832.29,"TRATIE_EXP":274.29,"TRAGUA_VA":406.33,"TRAGUA_EXP":71.75,"TRAAIR_VA":497.16,"TRAAIR_EXP":15.59,"ALMSTR_VA":627.97,"ALMSTR_EXP":56.63,"POSTME_VA":339.73,"POSTME_EXP":1.49,"HOTYRE_VA":2018.56,"HOTYRE_EXP":4.53,"MMTVRA_VA":989.82,"MMTVRA_EXP":2.04,"TELECO_VA":1501.93,"TELECO_EXP":6.93,"ITSERV_VA":943.32,"ITSERV_EXP":12.27,"SERFIN_VA":2683.14,"SERFIN_EXP":25.01,"GOBEST_VA":4881.59,"GOBEST_EXP":323.09,"SPRSCT_VA":1583.84,"SPRSCT_EXP":35.18,"SEAEMP_VA":1237.31,"SEAEMP_EXP":22.96,"ADPDEF_VA":6863.64,"ADPDEF_EXP":3.89,"EDUCAC_VA":5822.21,"EDUCAC_EXP":0.22,"SALUDH_VA":1564.13,"SALUDH_EXP":1.26,"ESPARC_VA":250.95,"ESPARC_EXP":2.31,"OTRSER_VA":738.55,"OTRSER_EXP":1.64,"SERHOG_VA":0.0,"SERHOG_EXP":0.0}},{"type":"Feature","geometry":{"type":"Point","coordinates":[53.85,23.42]},"properties":{"id":"ARE","name":"Emiratos Árabes","continent":"other","year":2022,"AGRPFO_VA":4631.39,"AGRPFO_EXP":2373.66,"FORLOG_VA":590.15,"FORLOG_EXP":566.84,"PESCAC_VA":626.45,"PESCAC_EXP":820.83,"MINCOL_VA":1118.83,"MINCOL_EXP":1579.99,"PETGAS_VA":123616.15,"PETGAS_EXP":152522.27,"MINORE_VA":16506.37,"MINORE_EXP":4192.95,"MINOTH_VA":6973.85,"MINOTH_EXP":14407.69,"MINSER_VA":14947.61,"MINSER_EXP":12902.29,"ALYBEB_VA":7429.17,"ALYBEB_EXP":9911.73,"TEXYPR_VA":2616.71,"TEXYPR_EXP":2383.43,"MADYPR_VA":302.98,"MADYPR_EXP":105.22,"PAPYPR_VA":1216.66,"PAPYPR_EXP":2301.14,"PETREF_VA":15873.28,"PETREF_EXP":40590.08,"QUIMYP_VA":4300.57,"QUIMYP_EXP":12515.89,"FARMED_VA":2576.67,"FARMED_EXP":368.51,"HUPLAS_VA":1248.77,"HUPLAS_EXP":1978.39,"PRNOMT_VA":3714.58,"PRNOMT_EXP":2469.23,"METBAS_VA":895.73,"METBAS_EXP":3700.99,"NONFER_VA":3935.15,"NONFER_EXP":13403.42,"PRMETA_VA":1799.93,"PRMETA_EXP":3499.36,"ELCTRO_VA":5776.49,"ELCTRO_EXP":694.93,"ELCTRI_VA":2418.95,"ELCTRI_EXP":3177.05,"MAQYEQ_VA":1612.68,"MAQYEQ_EXP":2722.16,"AUTOMO_VA":2149.79,"AUTOMO_EXP":806.14,"OTRTRA_VA":321.11,"OTRTRA_EXP":219.11,"TRANSP_VA":972.18,"TRANSP_EXP":342.64,"OTRMAN_VA":3184.99,"OTRMAN_EXP":4295.04,"ELEGAS_VA":22370.65,"ELEGAS_EXP":521.69,"AGUBAS_VA":2706.47,"AGUBAS_EXP":61.43,"CONSTR_VA":40315.55,"CONSTR_EXP":670.02,"COMREV_VA":49807.24,"COMREV_EXP":19706.46,"TRATIE_VA":4625.21,"TRATIE_EXP":4311.72,"TRAGUA_VA":3322.1,"TRAGUA_EXP":7304.76,"TRAAIR_VA":3181.41,"TRAAIR_EXP":12205.32,"ALMSTR_VA":4711.3,"ALMSTR_EXP":4629.12,"POSTME_VA":2066.75,"POSTME_EXP":459.58,"HOTYRE_VA":9622.09,"HOTYRE_EXP":30806.47,"MMTVRA_VA":6060.79,"MMTVRA_EXP":2443.76,"TELECO_VA":8972.18,"TELECO_EXP":6846.28,"ITSERV_VA":5614.74,"ITSERV_EXP":8481.56,"SERFIN_VA":17075.31,"SERFIN_EXP":14014.67,"GOBEST_VA":29969.42,"GOBEST_EXP":15753.28,"SPRSCT_VA":8725.0,"SPRSCT_EXP":6643.99,"SEAEMP_VA":7851.59,"SEAEMP_EXP":5847.0,"ADPDEF_VA":34256.43,"ADPDEF_EXP":187.25,"EDUCAC_VA":8301.58,"EDUCAC_EXP":552.84,"SALUDH_VA":7280.0,"SALUDH_EXP":362.22,"ESPARC_VA":1681.92,"ESPARC_EXP":2702.48,"OTRSER_VA":3929.5,"OTRSER_EXP":505.64,"SERHOG_VA":3325.23,"SERHOG_EXP":0.0}},{"type":"Feature","geometry":{"type":"Point","coordinates":[-63.62,-38.42]},"properties":{"id":"ARG","name":"Argentina","continent":"america","year":2022,"AGRPFO_VA":39347.2,"AGRPFO_EXP":15845.87,"FORLOG_VA":607.93,"FORLOG_EXP":79.8,"PESCAC_VA":1687.69,"PESCAC_EXP":1412.92,"MINCOL_VA":53.05,"MINCOL_EXP":2.31,"PETGAS_VA":12002.72,"PETGAS_EXP":4178.38,"MINORE_VA":2748.66,"MINORE_EXP":1463.88,"MINOTH_VA":2234.13,"MINOTH_EXP":48.49,"MINSER_VA":3454.39,"MINSER_EXP":33.59,"ALYBEB_VA":33734.75,"ALYBEB_EXP":26301.49,"TEXYPR_VA":5574.92,"TEXYPR_EXP":895.4,"MADYPR_VA":1962.25,"MADYPR_EXP":244.65,"PAPYPR_VA":6212.74,"PAPYPR_EXP":672.49,"PETREF_VA":4000.55,"PETREF_EXP":1311.6,"QUIMYP_VA":13272.86,"QUIMYP_EXP":3659.44,"FARMED_VA":7589.83,"FARMED_EXP":977.65,"HUPLAS_VA":5635.45,"HUPLAS_EXP":835.31,"PRNOMT_VA":5209.36,"PRNOMT_EXP":213.12,"METBAS_VA":6241.68,"METBAS_EXP":466.4,"NONFER_VA":1679.89,"NONFER_EXP":227.58,"PRMETA_VA":4660.7,"PRMETA_EXP":660.72,"ELCTRO_VA":1272.57,"ELCTRO_EXP":153.33,"ELCTRI_VA":1634.46,"ELCTRI_EXP":194.06,"MAQYEQ_VA":6056.73,"MAQYEQ_EXP":649.81,"AUTOMO_VA":7498.79,"AUTOMO_EXP":5487.74,"OTRTRA_VA":102.66,"OTRTRA_EXP":20.13,"TRANSP_VA":443.27,"TRANSP_EXP":724.69,"OTRMAN_VA":2865.05,"OTRMAN_EXP":972.77,"ELEGAS_VA":4753.58,"ELEGAS_EXP":831.7,"AGUBAS_VA":821.98,"AGUBAS_EXP":0.14,"CONSTR_VA":23800.27,"CONSTR_EXP":1.54,"COMREV_VA":102424.02,"COMREV_EXP":16360.67,"TRATIE_VA":12033.13,"TRATIE_EXP":2488.14,"TRAGUA_VA":402.89,"TRAGUA_EXP":136.4,"TRAAIR_VA":1861.59,"TRAAIR_EXP":542.47,"ALMSTR_VA":6127.7,"ALMSTR_EXP":1633.71,"POSTME_VA":902.62,"POSTME_EXP":46.39,"HOTYRE_VA":12152.13,"HOTYRE_EXP":1900.88,"MMTVRA_VA":909.09,"MMTVRA_EXP":323.03,"TELECO_VA":8551.01,"TELECO_EXP":1262.52,"ITSERV_VA":9006.73,"ITSERV_EXP":2335.8,"SERFIN_VA":15872.72,"SERFIN_EXP":308.52,"GOBEST_VA":35281.01,"GOBEST_EXP":241.72,"SPRSCT_VA":26312.78,"SPRSCT_EXP":4560.66,"SEAEMP_VA":8985.6,"SEAEMP_EXP":1772.71,"ADPDEF_VA":41897.4,"ADPDEF_EXP":0.01,"EDUCAC_VA":31136.98,"EDUCAC_EXP":74.41,"SALUDH_VA":24921.6,"SALUDH_EXP":49.22,"ESPARC_VA":2065.69,"ESPARC_EXP":485.47,"OTRSER_VA":4284.81,"OTRSER_EXP":68.64,"SERHOG_VA":6247.83,"SERHOG_EXP":0.0}},{"type":"Feature","geometry":{"type":"Point","coordinates":[133.78,-25.27]},"properties":{"id":"AUS","name":"Australia","continent":"other","year":2022,"AGRPFO_VA":40824.08,"AGRPFO_EXP":18041.73,"FORLOG_VA":1551.85,"FORLOG_EXP":84.79,"PESCAC_VA":1932.34,"PESCAC_EXP":442.75,"MINCOL_VA":68210.08,"MINCOL_EXP":80726.99,"PETGAS_VA":67011.25,"PETGAS_EXP":71015.01,"MINORE_VA":78842.71,"MINORE_EXP":101775.52,"MINOTH_VA":11968.89,"MINOTH_EXP":1128.47,"MINSER_VA":8449.6,"MINSER_EXP":313.47,"ALYBEB_VA":21613.76,"ALYBEB_EXP":17666.49,"TEXYPR_VA":1804.16,"TEXYPR_EXP":725.66,"MADYPR_VA":4938.23,"MADYPR_EXP":836.28,"PAPYPR_VA":3630.26,"PAPYPR_EXP":1064.21,"PETREF_VA":2967.37,"PETREF_EXP":3366.21,"QUIMYP_VA":5568.33,"QUIMYP_EXP":5878.79,"FARMED_VA":2745.4,"FARMED_EXP":2088.91,"HUPLAS_VA":4420.55,"HUPLAS_EXP":1401.98,"PRNOMT_VA":5950.0,"PRNOMT_EXP":710.97,"METBAS_VA":2604.13,"METBAS_EXP":1226.96,"NONFER_VA":2686.25,"NONFER_EXP":19722.7,"PRMETA_VA":10456.85,"PRMETA_EXP":1699.18,"ELCTRO_VA":5295.31,"ELCTRO_EXP":1680.45,"ELCTRI_VA":2223.63,"ELCTRI_EXP":1125.23,"MAQYEQ_VA":4980.83,"MAQYEQ_EXP":2477.57,"AUTOMO_VA":3644.52,"AUTOMO_EXP":1373.82,"OTRTRA_VA":2335.36,"OTRTRA_EXP":426.35,"TRANSP_VA":2222.85,"TRANSP_EXP":1327.17,"OTRMAN_VA":10348.06,"OTRMAN_EXP":1427.4,"ELEGAS_VA":17731.71,"ELEGAS_EXP":203.75,"AGUBAS_VA":14336.27,"AGUBAS_EXP":15.77,"CONSTR_VA":116769.87,"CONSTR_EXP":1214.65,"COMREV_VA":143992.05,"COMREV_EXP":35873.04,"TRATIE_VA":29744.43,"TRATIE_EXP":5201.46,"TRAGUA_VA":3534.7,"TRAGUA_EXP":1459.42,"TRAAIR_VA":7227.56,"TRAAIR_EXP":4491.34,"ALMSTR_VA":29224.06,"ALMSTR_EXP":3754.74,"POSTME_VA":4869.65,"POSTME_EXP":1369.62,"HOTYRE_VA":39479.02,"HOTYRE_EXP":3853.13,"MMTVRA_VA":12471.56,"MMTVRA_EXP":998.19,"TELECO_VA":15276.87,"TELECO_EXP":1315.82,"ITSERV_VA":37385.49,"ITSERV_EXP":2451.05,"SERFIN_VA":118039.2,"SERFIN_EXP":4494.2,"GOBEST_VA":174056.41,"GOBEST_EXP":1132.66,"SPRSCT_VA":93035.86,"SPRSCT_EXP":5840.47,"SEAEMP_VA":63840.26,"SEAEMP_EXP":4401.79,"ADPDEF_VA":84861.44,"ADPDEF_EXP":22.13,"EDUCAC_VA":75743.9,"EDUCAC_EXP":6527.24,"SALUDH_VA":128219.92,"SALUDH_EXP":359.65,"ESPARC_VA":12657.26,"ESPARC_EXP":1357.09,"OTRSER_VA":13033.79,"OTRSER_EXP":460.31,"SERHOG_VA":0.0,"SERHOG_EXP":0.0}},{"type":"Feature","geometry":{"type":"Point","coordinates":[14.55,47.52]},"properties":{"id":"AUT","name":"Austria","continent":"europe","year":2022,"AGRPFO_VA":5022.12,"AGRPFO_EXP":1855.02,"FORLOG_VA":1779.66,"FORLOG_EXP":145.1,"PESCAC_VA":49.84,"PESCAC_EXP":26.67,"MINCOL_VA":31.43,"MINCOL_EXP":1.73,"PETGAS_VA":960.56,"PETGAS_EXP":508.86,"MINORE_VA":160.68,"MINORE_EXP":326.99,"MINOTH_VA":669.66,"MINOTH_EXP":375.06,"MINSER_VA":61.89,"MINSER_EXP":62.69,"ALYBEB_VA":8936.47,"ALYBEB_EXP":12618.99,"TEXYPR_VA":1069.51,"TEXYPR_EXP":3201.99,"MADYPR_VA":4073.56,"MADYPR_EXP":6680.99,"PAPYPR_VA":3445.18,"PAPYPR_EXP":6523.44,"PETREF_VA":1133.24,"PETREF_EXP":3095.14,"QUIMYP_VA":3760.4,"QUIMYP_EXP":10643.94,"FARMED_VA":2874.43,"FARMED_EXP":5109.3,"HUPLAS_VA":3118.76,"HUPLAS_EXP":6963.92,"PRNOMT_VA":3104.57,"PRNOMT_EXP":2610.5,"METBAS_VA":3423.1,"METBAS_EXP":8475.49,"NONFER_VA":1915.95,"NONFER_EXP":6074.38,"PRMETA_VA":8371.91,"PRMETA_EXP":12518.62,"ELCTRO_VA":5508.95,"ELCTRO_EXP":9693.24,"ELCTRI_VA":6032.04,"ELCTRI_EXP":12901.57,"MAQYEQ_VA":11092.63,"MAQYEQ_EXP":19735.45,"AUTOMO_VA":5140.98,"AUTOMO_EXP":14967.62,"OTRTRA_VA":104.28,"OTRTRA_EXP":45.62,"TRANSP_VA":1394.98,"TRANSP_EXP":4435.63,"OTRMAN_VA":6241.25,"OTRMAN_EXP":7085.52,"ELEGAS_VA":8619.31,"ELEGAS_EXP":5205.8,"AGUBAS_VA":4277.44,"AGUBAS_EXP":117.68,"CONSTR_VA":29961.95,"CONSTR_EXP":643.16,"COMREV_VA":56058.93,"COMREV_EXP":26020.62,"TRATIE_VA":12540.6,"TRATIE_EXP":11935.1,"TRAGUA_VA":463.83,"TRAGUA_EXP":138.45,"TRAAIR_VA":1081.5,"TRAAIR_EXP":3060.86,"ALMSTR_VA":9291.95,"ALMSTR_EXP":4641.61,"POSTME_VA":1752.88,"POSTME_EXP":1301.67,"HOTYRE_VA":15520.53,"HOTYRE_EXP":3577.91,"MMTVRA_VA":2974.57,"MMTVRA_EXP":2104.23,"TELECO_VA":3673.61,"TELECO_EXP":1292.8,"ITSERV_VA":10405.89,"ITSERV_EXP":6566.12,"SERFIN_VA":20426.9,"SERFIN_EXP":5235.86,"GOBEST_VA":39927.47,"GOBEST_EXP":1526.71,"SPRSCT_VA":24793.66,"SPRSCT_EXP":12841.92,"SEAEMP_VA":18978.21,"SEAEMP_EXP":2838.97,"ADPDEF_VA":21554.65,"ADPDEF_EXP":218.43,"EDUCAC_VA":22312.28,"EDUCAC_EXP":1327.37,"SALUDH_VA":33595.4,"SALUDH_EXP":561.01,"ESPARC_VA":4414.43,"ESPARC_EXP":1218.42,"OTRSER_VA":6367.46,"OTRSER_EXP":562.98,"SERHOG_VA":141.44,"SERHOG_EXP":0.0}},{"type":"Feature","geometry":{"type":"Point","coordinates":[4.47,50.5]},"properties":{"id":"BEL","name":"Bélgica","continent":"europe","year":2022,"AGRPFO_VA":4204.46,"AGRPFO_EXP":3422.14,"FORLOG_VA":133.96,"FORLOG_EXP":226.38,"PESCAC_VA":61.07,"PESCAC_EXP":47.56,"MINCOL_VA":0.0,"MINCOL_EXP":0.0,"PETGAS_VA":0.0,"PETGAS_EXP":0.0,"MINORE_VA":0.0,"MINORE_EXP":0.0,"MINOTH_VA":315.83,"MINOTH_EXP":596.2,"MINSER_VA":6.79,"MINSER_EXP":12.26,"ALYBEB_VA":10675.5,"ALYBEB_EXP":29064.06,"TEXYPR_VA":1410.5,"TEXYPR_EXP":3519.91,"MADYPR_VA":1523.63,"MADYPR_EXP":2505.59,"PAPYPR_VA":2198.47,"PAPYPR_EXP":3632.0,"PETREF_VA":2739.89,"PETREF_EXP":17530.36,"QUIMYP_VA":10889.47,"QUIMYP_EXP":32251.22,"FARMED_VA":14740.61,"FARMED_EXP":25617.63,"HUPLAS_VA":2846.63,"HUPLAS_EXP":7178.32,"PRNOMT_VA":3514.22,"PRNOMT_EXP":3968.3,"METBAS_VA":3525.55,"METBAS_EXP":12174.09,"NONFER_VA":1505.25,"NONFER_EXP":12835.76,"PRMETA_VA":4774.47,"PRMETA_EXP":5674.15,"ELCTRO_VA":1666.43,"ELCTRO_EXP":3307.7,"ELCTRI_VA":1277.73,"ELCTRI_EXP":2684.62,"MAQYEQ_VA":4591.44,"MAQYEQ_EXP":12588.94,"AUTOMO_VA":3225.64,"AUTOMO_EXP":11411.01,"OTRTRA_VA":11.67,"OTRTRA_EXP":27.17,"TRANSP_VA":683.92,"TRANSP_EXP":752.41,"OTRMAN_VA":4224.06,"OTRMAN_EXP":4034.13,"ELEGAS_VA":10097.84,"ELEGAS_EXP":1232.81,"AGUBAS_VA":4814.83,"AGUBAS_EXP":31.32,"CONSTR_VA":29996.38,"CONSTR_EXP":1145.15,"COMREV_VA":66997.94,"COMREV_EXP":43703.63,"TRATIE_VA":11994.2,"TRATIE_EXP":12600.91,"TRAGUA_VA":875.39,"TRAGUA_EXP":2637.22,"TRAAIR_VA":497.52,"TRAAIR_EXP":2565.34,"ALMSTR_VA":15505.11,"ALMSTR_EXP":15825.55,"POSTME_VA":2362.48,"POSTME_EXP":1575.36,"HOTYRE_VA":9770.21,"HOTYRE_EXP":1588.37,"MMTVRA_VA":3526.17,"MMTVRA_EXP":4153.89,"TELECO_VA":5855.29,"TELECO_EXP":3514.06,"ITSERV_VA":13988.44,"ITSERV_EXP":10325.73,"SERFIN_VA":31207.05,"SERFIN_EXP":19736.64,"GOBEST_VA":50509.14,"GOBEST_EXP":1131.26,"SPRSCT_VA":55557.38,"SPRSCT_EXP":44936.39,"SEAEMP_VA":27054.4,"SEAEMP_EXP":7764.52,"ADPDEF_VA":38978.48,"ADPDEF_EXP":527.55,"EDUCAC_VA":35774.19,"EDUCAC_EXP":3363.26,"SALUDH_VA":38520.95,"SALUDH_EXP":164.63,"ESPARC_VA":3379.05,"ESPARC_EXP":857.08,"OTRSER_VA":6339.52,"OTRSER_EXP":227.05,"SERHOG_VA":277.93,"SERHOG_EXP":0.0}},{"type":"Feature","geometry":{"type":"Point","coordinates":[90.36,23.68]},"properties":{"id":"BGD","name":"Bangladesh","continent":"asia","year":2022,"AGRPFO_VA":31458.57,"AGRPFO_EXP":1734.22,"FORLOG_VA":7097.07,"FORLOG_EXP":9.85,"PESCAC_VA":11039.7,"PESCAC_EXP":84.09,"MINCOL_VA":23.11,"MINCOL_EXP":0.26,"PETGAS_VA":4503.78,"PETGAS_EXP":10.88,"MINORE_VA":17.94,"MINORE_EXP":0.08,"MINOTH_VA":268.59,"MINOTH_EXP":1.75,"MINSER_VA":181.79,"MINSER_EXP":11.07,"ALYBEB_VA":14307.54,"ALYBEB_EXP":670.08,"TEXYPR_VA":54099.56,"TEXYPR_EXP":30576.28,"MADYPR_VA":116.59,"MADYPR_EXP":28.18,"PAPYPR_VA":727.78,"PAPYPR_EXP":26.0,"PETREF_VA":110.67,"PETREF_EXP":20.13,"QUIMYP_VA":900.01,"QUIMYP_EXP":85.38,"FARMED_VA":1987.93,"FARMED_EXP":137.06,"HUPLAS_VA":7658.1,"HUPLAS_EXP":116.62,"PRNOMT_VA":6362.48,"PRNOMT_EXP":71.73,"METBAS_VA":2215.92,"METBAS_EXP":28.61,"NONFER_VA":1401.53,"NONFER_EXP":58.44,"PRMETA_VA":586.91,"PRMETA_EXP":21.75,"ELCTRO_VA":590.71,"ELCTRO_EXP":39.96,"ELCTRI_VA":1104.86,"ELCTRI_EXP":70.82,"MAQYEQ_VA":141.02,"MAQYEQ_EXP":34.64,"AUTOMO_VA":82.73,"AUTOMO_EXP":2.99,"OTRTRA_VA":466.96,"OTRTRA_EXP":22.29,"TRANSP_VA":522.7,"TRANSP_EXP":138.14,"OTRMAN_VA":1162.33,"OTRMAN_EXP":92.15,"ELEGAS_VA":5626.52,"ELEGAS_EXP":10.38,"AGUBAS_VA":8575.08,"AGUBAS_EXP":18.13,"CONSTR_VA":41993.41,"CONSTR_EXP":75.19,"COMREV_VA":44717.26,"COMREV_EXP":7081.39,"TRATIE_VA":12300.91,"TRATIE_EXP":500.3,"TRAGUA_VA":3367.46,"TRAGUA_EXP":882.49,"TRAAIR_VA":2865.7,"TRAAIR_EXP":703.57,"ALMSTR_VA":3990.24,"ALMSTR_EXP":239.75,"POSTME_VA":700.33,"POSTME_EXP":3.76,"HOTYRE_VA":10280.58,"HOTYRE_EXP":123.24,"MMTVRA_VA":3123.39,"MMTVRA_EXP":164.07,"TELECO_VA":8892.89,"TELECO_EXP":306.28,"ITSERV_VA":2436.38,"ITSERV_EXP":848.03,"SERFIN_VA":15846.08,"SERFIN_EXP":457.13,"GOBEST_VA":21394.68,"GOBEST_EXP":165.82,"SPRSCT_VA":12163.69,"SPRSCT_EXP":2382.86,"SEAEMP_VA":8374.36,"SEAEMP_EXP":880.05,"ADPDEF_VA":14248.05,"ADPDEF_EXP":9.8,"EDUCAC_VA":12217.32,"EDUCAC_EXP":12.94,"SALUDH_VA":16738.7,"SALUDH_EXP":11.81,"ESPARC_VA":6337.22,"ESPARC_EXP":182.1,"OTRSER_VA":6708.06,"OTRSER_EXP":30.76,"SERHOG_VA":0.0,"SERHOG_EXP":0.0}},{"type":"Feature","geometry":{"type":"Point","coordinates":[25.49,42.73]},"properties":{"id":"BGR","name":"Bulgaria","continent":"europe","year":2022,"AGRPFO_VA":3009.3,"AGRPFO_EXP":3825.08,"FORLOG_VA":403.98,"FORLOG_EXP":98.57,"PESCAC_VA":10.83,"PESCAC_EXP":15.16,"MINCOL_VA":214.45,"MINCOL_EXP":24.25,"PETGAS_VA":18.88,"PETGAS_EXP":8.48,"MINORE_VA":572.88,"MINORE_EXP":1253.49,"MINOTH_VA":81.23,"MINOTH_EXP":217.67,"MINSER_VA":12.68,"MINSER_EXP":11.73,"ALYBEB_VA":2194.1,"ALYBEB_EXP":5483.84,"TEXYPR_VA":844.93,"TEXYPR_EXP":1790.05,"MADYPR_VA":236.01,"MADYPR_EXP":498.15,"PAPYPR_VA":413.9,"PAPYPR_EXP":537.61,"PETREF_VA":832.74,"PETREF_EXP":1493.09,"QUIMYP_VA":838.1,"QUIMYP_EXP":2239.74,"FARMED_VA":263.17,"FARMED_EXP":644.84,"HUPLAS_VA":696.07,"HUPLAS_EXP":1754.85,"PRNOMT_VA":604.91,"PRNOMT_EXP":1103.6,"METBAS_VA":530.42,"METBAS_EXP":1610.29,"NONFER_VA":405.67,"NONFER_EXP":2630.98,"PRMETA_VA":1122.09,"PRMETA_EXP":1213.99,"ELCTRO_VA":471.78,"ELCTRO_EXP":1121.67,"ELCTRI_VA":580.34,"ELCTRI_EXP":2335.82,"MAQYEQ_VA":734.83,"MAQYEQ_EXP":2167.06,"AUTOMO_VA":517.77,"AUTOMO_EXP":1482.5,"OTRTRA_VA":57.23,"OTRTRA_EXP":21.3,"TRANSP_VA":75.8,"TRANSP_EXP":320.88,"OTRMAN_VA":1144.42,"OTRMAN_EXP":1493.31,"ELEGAS_VA":7140.4,"ELEGAS_EXP":1463.74,"AGUBAS_VA":456.96,"AGUBAS_EXP":33.18,"CONSTR_VA":3327.78,"CONSTR_EXP":273.56,"COMREV_VA":12272.71,"COMREV_EXP":7869.08,"TRATIE_VA":2854.42,"TRATIE_EXP":2363.32,"TRAGUA_VA":155.75,"TRAGUA_EXP":182.69,"TRAAIR_VA":124.37,"TRAAIR_EXP":506.89,"ALMSTR_VA":1105.52,"ALMSTR_EXP":916.67,"POSTME_VA":321.16,"POSTME_EXP":40.57,"HOTYRE_VA":2121.26,"HOTYRE_EXP":1324.09,"MMTVRA_VA":527.73,"MMTVRA_EXP":266.78,"TELECO_VA":1367.89,"TELECO_EXP":378.34,"ITSERV_VA":4227.0,"ITSERV_EXP":1754.63,"SERFIN_VA":5322.38,"SERFIN_EXP":1270.94,"GOBEST_VA":6594.21,"GOBEST_EXP":260.88,"SPRSCT_VA":3496.6,"SPRSCT_EXP":1722.27,"SEAEMP_VA":2013.23,"SEAEMP_EXP":478.65,"ADPDEF_VA":5074.08,"ADPDEF_EXP":0.76,"EDUCAC_VA":3268.41,"EDUCAC_EXP":80.21,"SALUDH_VA":4070.61,"SALUDH_EXP":54.98,"ESPARC_VA":718.88,"ESPARC_EXP":651.7,"OTRSER_VA":645.52,"OTRSER_EXP":68.68,"SERHOG_VA":100.93,"SERHOG_EXP":0.0}},{"type":"Feature","geometry":{"type":"Point","coordinates":[27.95,53.71]},"properties":{"id":"BLR","name":"Bielorrusia","continent":"europe","year":2022,"AGRPFO_VA":5978.41,"AGRPFO_EXP":943.12,"FORLOG_VA":369.99,"FORLOG_EXP":50.83,"PESCAC_VA":113.01,"PESCAC_EXP":5.77,"MINCOL_VA":10.87,"MINCOL_EXP":18.13,"PETGAS_VA":429.82,"PETGAS_EXP":109.75,"MINORE_VA":10.71,"MINORE_EXP":0.75,"MINOTH_VA":212.45,"MINOTH_EXP":185.11,"MINSER_VA":117.6,"MINSER_EXP":17.43,"ALYBEB_VA":4230.98,"ALYBEB_EXP":6244.86,"TEXYPR_VA":2023.08,"TEXYPR_EXP":483.87,"MADYPR_VA":509.92,"MADYPR_EXP":1122.21,"PAPYPR_VA":983.49,"PAPYPR_EXP":500.37,"PETREF_VA":2726.22,"PETREF_EXP":5121.09,"QUIMYP_VA":1852.1,"QUIMYP_EXP":4923.68,"FARMED_VA":444.45,"FARMED_EXP":342.59,"HUPLAS_VA":649.79,"HUPLAS_EXP":1276.21,"PRNOMT_VA":1065.61,"PRNOMT_EXP":917.54,"METBAS_VA":612.03,"METBAS_EXP":562.82,"NONFER_VA":395.85,"NONFER_EXP":339.0,"PRMETA_VA":770.0,"PRMETA_EXP":1143.29,"ELCTRO_VA":488.21,"ELCTRO_EXP":513.05,"ELCTRI_VA":500.08,"ELCTRI_EXP":1427.23,"MAQYEQ_VA":1446.14,"MAQYEQ_EXP":2641.52,"AUTOMO_VA":1274.72,"AUTOMO_EXP":735.39,"OTRTRA_VA":146.79,"OTRTRA_EXP":4.25,"TRANSP_VA":131.75,"TRANSP_EXP":231.0,"OTRMAN_VA":1081.77,"OTRMAN_EXP":1275.26,"ELEGAS_VA":2095.76,"ELEGAS_EXP":81.72,"AGUBAS_VA":515.11,"AGUBAS_EXP":16.54,"CONSTR_VA":4608.33,"CONSTR_EXP":90.35,"COMREV_VA":6917.23,"COMREV_EXP":2774.25,"TRATIE_VA":2269.3,"TRATIE_EXP":612.21,"TRAGUA_VA":531.17,"TRAGUA_EXP":1339.88,"TRAAIR_VA":491.48,"TRAAIR_EXP":2011.3,"ALMSTR_VA":617.26,"ALMSTR_EXP":444.93,"POSTME_VA":121.15,"POSTME_EXP":4.17,"HOTYRE_VA":1711.58,"HOTYRE_EXP":145.38,"MMTVRA_VA":494.09,"MMTVRA_EXP":369.78,"TELECO_VA":1205.3,"TELECO_EXP":751.71,"ITSERV_VA":498.25,"ITSERV_EXP":774.17,"SERFIN_VA":2569.58,"SERFIN_EXP":458.71,"GOBEST_VA":2941.46,"GOBEST_EXP":168.59,"SPRSCT_VA":1744.51,"SPRSCT_EXP":1612.65,"SEAEMP_VA":1218.76,"SEAEMP_EXP":522.81,"ADPDEF_VA":3311.42,"ADPDEF_EXP":13.34,"EDUCAC_VA":2377.86,"EDUCAC_EXP":14.41,"SALUDH_VA":2687.15,"SALUDH_EXP":9.85,"ESPARC_VA":480.07,"ESPARC_EXP":391.24,"OTRSER_VA":771.12,"OTRSER_EXP":20.99,"SERHOG_VA":0.0,"SERHOG_EXP":0.0}},{"type":"Feature","geometry":{"type":"Point","coordinates":[-51.93,-14.24]},"properties":{"id":"BRA","name":"Brasil","continent":"america","year":2022,"AGRPFO_VA":116071.37,"AGRPFO_EXP":61822.8,"FORLOG_VA":8035.89,"FORLOG_EXP":1157.05,"PESCAC_VA":3368.51,"PESCAC_EXP":80.3,"MINCOL_VA":2542.66,"MINCOL_EXP":365.13,"PETGAS_VA":47813.81,"PETGAS_EXP":41909.52,"MINORE_VA":38055.4,"MINORE_EXP":34259.06,"MINOTH_VA":2089.0,"MINOTH_EXP":827.95,"MINSER_VA":2086.26,"MINSER_EXP":80.76,"ALYBEB_VA":43609.02,"ALYBEB_EXP":46407.18,"TEXYPR_VA":15343.04,"TEXYPR_EXP":3072.16,"MADYPR_VA":4384.91,"MADYPR_EXP":3939.23,"PAPYPR_VA":9288.39,"PAPYPR_EXP":8543.02,"PETREF_VA":24790.77,"PETREF_EXP":10815.29,"QUIMYP_VA":21450.72,"QUIMYP_EXP":13395.0,"FARMED_VA":9829.71,"FARMED_EXP":1001.24,"HUPLAS_VA":10234.15,"HUPLAS_EXP":2813.44,"PRNOMT_VA":9802.43,"PRNOMT_EXP":1884.19,"METBAS_VA":20623.74,"METBAS_EXP":14506.89,"NONFER_VA":6335.49,"NONFER_EXP":4764.99,"PRMETA_VA":11962.47,"PRMETA_EXP":2556.66,"ELCTRO_VA":5432.95,"ELCTRO_EXP":1381.26,"ELCTRI_VA":7395.7,"ELCTRI_EXP":2901.1,"MAQYEQ_VA":14222.5,"MAQYEQ_EXP":7486.81,"AUTOMO_VA":15142.16,"AUTOMO_EXP":11318.4,"OTRTRA_VA":1383.44,"OTRTRA_EXP":24.04,"TRANSP_VA":2184.31,"TRANSP_EXP":3415.32,"OTRMAN_VA":18333.22,"OTRMAN_EXP":2309.44,"ELEGAS_VA":32627.28,"ELEGAS_EXP":374.67,"AGUBAS_VA":12476.48,"AGUBAS_EXP":0.25,"CONSTR_VA":58771.48,"CONSTR_EXP":16.14,"COMREV_VA":279114.23,"COMREV_EXP":48977.43,"TRATIE_VA":42965.12,"TRATIE_EXP":4536.27,"TRAGUA_VA":3013.42,"TRAGUA_EXP":2440.8,"TRAAIR_VA":713.22,"TRAAIR_EXP":2356.33,"ALMSTR_VA":21760.37,"ALMSTR_EXP":5606.64,"POSTME_VA":4438.72,"POSTME_EXP":260.27,"HOTYRE_VA":30102.35,"HOTYRE_EXP":953.87,"MMTVRA_VA":5434.8,"MMTVRA_EXP":666.06,"TELECO_VA":16852.77,"TELECO_EXP":617.92,"ITSERV_VA":32922.79,"ITSERV_EXP":2951.35,"SERFIN_VA":102043.99,"SERFIN_EXP":2949.08,"GOBEST_VA":151085.41,"GOBEST_EXP":71.21,"SPRSCT_VA":66165.35,"SPRSCT_EXP":13817.48,"SEAEMP_VA":65510.76,"SEAEMP_EXP":4364.65,"ADPDEF_VA":147792.46,"ADPDEF_EXP":943.36,"EDUCAC_VA":89892.96,"EDUCAC_EXP":111.67,"SALUDH_VA":64633.13,"SALUDH_EXP":45.05,"ESPARC_VA":14249.32,"ESPARC_EXP":414.37,"OTRSER_VA":31715.97,"OTRSER_EXP":76.83,"SERHOG_VA":12279.26,"SERHOG_EXP":0.0}},{"type":"Feature","geometry":{"type":"Point","coordinates":[114.73,4.54]},"properties":{"id":"BRN","name":"Brunéi","continent":"asia","year":2022,"AGRPFO_VA":54.92,"AGRPFO_EXP":0.55,"FORLOG_VA":13.91,"FORLOG_EXP":0.07,"PESCAC_VA":75.99,"PESCAC_EXP":0.23,"MINCOL_VA":697.59,"MINCOL_EXP":0.28,"PETGAS_VA":4619.72,"PETGAS_EXP":6256.02,"MINORE_VA":1112.11,"MINORE_EXP":0.07,"MINOTH_VA":792.93,"MINOTH_EXP":2.59,"MINSER_VA":662.11,"MINSER_EXP":77.01,"ALYBEB_VA":19.54,"ALYBEB_EXP":7.46,"TEXYPR_VA":28.65,"TEXYPR_EXP":30.62,"MADYPR_VA":2.32,"MADYPR_EXP":1.54,"PAPYPR_VA":7.06,"PAPYPR_EXP":0.46,"PETREF_VA":3215.85,"PETREF_EXP":6235.72,"QUIMYP_VA":13.87,"QUIMYP_EXP":37.96,"FARMED_VA":11.44,"FARMED_EXP":0.22,"HUPLAS_VA":7.59,"HUPLAS_EXP":0.33,"PRNOMT_VA":15.12,"PRNOMT_EXP":2.07,"METBAS_VA":2.89,"METBAS_EXP":10.1,"NONFER_VA":1.91,"NONFER_EXP":4.88,"PRMETA_VA":12.17,"PRMETA_EXP":1.13,"ELCTRO_VA":4.46,"ELCTRO_EXP":0.83,"ELCTRI_VA":7.64,"ELCTRI_EXP":0.6,"MAQYEQ_VA":8.11,"MAQYEQ_EXP":0.66,"AUTOMO_VA":0.0,"AUTOMO_EXP":0.0,"OTRTRA_VA":8.66,"OTRTRA_EXP":10.29,"TRANSP_VA":8.51,"TRANSP_EXP":0.16,"OTRMAN_VA":5.86,"OTRMAN_EXP":1.74,"ELEGAS_VA":124.28,"ELEGAS_EXP":0.68,"AGUBAS_VA":36.0,"AGUBAS_EXP":1.08,"CONSTR_VA":289.88,"CONSTR_EXP":0.23,"COMREV_VA":746.15,"COMREV_EXP":284.59,"TRATIE_VA":146.05,"TRATIE_EXP":3.26,"TRAGUA_VA":111.83,"TRAGUA_EXP":43.7,"TRAAIR_VA":24.01,"TRAAIR_EXP":41.08,"ALMSTR_VA":84.47,"ALMSTR_EXP":53.42,"POSTME_VA":7.26,"POSTME_EXP":4.69,"HOTYRE_VA":154.19,"HOTYRE_EXP":17.52,"MMTVRA_VA":16.35,"MMTVRA_EXP":0.24,"TELECO_VA":224.98,"TELECO_EXP":31.64,"ITSERV_VA":41.8,"ITSERV_EXP":6.73,"SERFIN_VA":871.16,"SERFIN_EXP":32.36,"GOBEST_VA":327.96,"GOBEST_EXP":3.86,"SPRSCT_VA":268.26,"SPRSCT_EXP":47.5,"SEAEMP_VA":115.72,"SEAEMP_EXP":20.0,"ADPDEF_VA":1486.92,"ADPDEF_EXP":0.01,"EDUCAC_VA":347.69,"EDUCAC_EXP":0.39,"SALUDH_VA":221.23,"SALUDH_EXP":0.22,"ESPARC_VA":23.1,"ESPARC_EXP":0.38,"OTRSER_VA":29.3,"OTRSER_EXP":0.56,"SERHOG_VA":21.59,"SERHOG_EXP":0.0}},{"type":"Feature","geometry":{"type":"Point","coordinates":[-106.35,56.13]},"properties":{"id":"CAN","name":"Canadá","continent":"america","year":2022,"AGRPFO_VA":24743.04,"AGRPFO_EXP":22131.54,"FORLOG_VA":8348.45,"FORLOG_EXP":2125.08,"PESCAC_VA":2582.97,"PESCAC_EXP":1500.71,"MINCOL_VA":4120.23,"MINCOL_EXP":5118.66,"PETGAS_VA":91879.85,"PETGAS_EXP":102282.11,"MINORE_VA":22610.85,"MINORE_EXP":10910.49,"MINOTH_VA":9510.3,"MINOTH_EXP":4980.39,"MINSER_VA":12232.76,"MINSER_EXP":415.18,"ALYBEB_VA":35714.21,"ALYBEB_EXP":30837.92,"TEXYPR_VA":2712.8,"TEXYPR_EXP":2490.55,"MADYPR_VA":18592.03,"MADYPR_EXP":14615.86,"PAPYPR_VA":11010.33,"PAPYPR_EXP":14629.68,"PETREF_VA":10146.0,"PETREF_EXP":19745.41,"QUIMYP_VA":15569.52,"QUIMYP_EXP":26406.33,"FARMED_VA":5664.43,"FARMED_EXP":9108.12,"HUPLAS_VA":10557.32,"HUPLAS_EXP":12044.12,"PRNOMT_VA":9022.38,"PRNOMT_EXP":3851.41,"METBAS_VA":5570.95,"METBAS_EXP":8903.24,"NONFER_VA":9099.63,"NONFER_EXP":36354.04,"PRMETA_VA":14957.68,"PRMETA_EXP":11481.07,"ELCTRO_VA":6687.69,"ELCTRO_EXP":9944.03,"ELCTRI_VA":3954.76,"ELCTRI_EXP":5721.34,"MAQYEQ_VA":15425.32,"MAQYEQ_EXP":22316.04,"AUTOMO_VA":12242.75,"AUTOMO_EXP":35894.03,"OTRTRA_VA":1121.79,"OTRTRA_EXP":278.09,"TRANSP_VA":10219.9,"TRANSP_EXP":14507.77,"OTRMAN_VA":15769.03,"OTRMAN_EXP":10822.01,"ELEGAS_VA":41931.74,"ELEGAS_EXP":5379.97,"AGUBAS_VA":10448.83,"AGUBAS_EXP":483.8,"CONSTR_VA":159859.84,"CONSTR_EXP":0.0,"COMREV_VA":222285.25,"COMREV_EXP":83437.96,"TRATIE_VA":54191.11,"TRATIE_EXP":27597.48,"TRAGUA_VA":1454.21,"TRAGUA_EXP":1699.58,"TRAAIR_VA":3529.21,"TRAAIR_EXP":5125.18,"ALMSTR_VA":22298.47,"ALMSTR_EXP":7903.95,"POSTME_VA":11089.65,"POSTME_EXP":1945.91,"HOTYRE_VA":32703.66,"HOTYRE_EXP":8160.98,"MMTVRA_VA":20985.05,"MMTVRA_EXP":5149.01,"TELECO_VA":33336.4,"TELECO_EXP":1867.67,"ITSERV_VA":49852.68,"ITSERV_EXP":18997.48,"SERFIN_VA":146927.07,"SERFIN_EXP":17604.28,"GOBEST_VA":249470.23,"GOBEST_EXP":1532.64,"SPRSCT_VA":94269.27,"SPRSCT_EXP":22334.35,"SEAEMP_VA":59165.67,"SEAEMP_EXP":16262.49,"ADPDEF_VA":150198.71,"ADPDEF_EXP":2401.37,"EDUCAC_VA":106894.84,"EDUCAC_EXP":7415.96,"SALUDH_VA":155810.99,"SALUDH_EXP":484.29,"ESPARC_VA":12338.21,"ESPARC_EXP":3180.29,"OTRSER_VA":25224.76,"OTRSER_EXP":777.65,"SERHOG_VA":2224.67,"SERHOG_EXP":0.0}},{"type":"Feature","geometry":{"type":"Point","coordinates":[8.23,46.82]},"properties":{"id":"CHE","name":"Suiza","continent":"europe","year":2022,"AGRPFO_VA":4263.47,"AGRPFO_EXP":415.3,"FORLOG_VA":489.46,"FORLOG_EXP":63.68,"PESCAC_VA":50.05,"PESCAC_EXP":47.16,"MINCOL_VA":0.0,"MINCOL_EXP":0.0,"PETGAS_VA":3.97,"PETGAS_EXP":6.42,"MINORE_VA":19.87,"MINORE_EXP":13.04,"MINOTH_VA":974.54,"MINOTH_EXP":31.75,"MINSER_VA":23.26,"MINSER_EXP":0.86,"ALYBEB_VA":10431.36,"ALYBEB_EXP":9550.79,"TEXYPR_VA":1499.65,"TEXYPR_EXP":2511.99,"MADYPR_VA":4431.62,"MADYPR_EXP":1244.8,"PAPYPR_VA":2430.77,"PAPYPR_EXP":2990.71,"PETREF_VA":154.5,"PETREF_EXP":163.06,"QUIMYP_VA":12317.47,"QUIMYP_EXP":35131.74,"FARMED_VA":39615.93,"FARMED_EXP":79059.76,"HUPLAS_VA":3498.35,"HUPLAS_EXP":4265.08,"PRNOMT_VA":2849.03,"PRNOMT_EXP":1210.37,"METBAS_VA":1015.78,"METBAS_EXP":2157.28,"NONFER_VA":831.29,"NONFER_EXP":2780.26,"PRMETA_VA":11547.04,"PRMETA_EXP":6594.5,"ELCTRO_VA":32099.54,"ELCTRO_EXP":34757.7,"ELCTRI_VA":5239.79,"ELCTRI_EXP":9634.15,"MAQYEQ_VA":13797.04,"MAQYEQ_EXP":21264.76,"AUTOMO_VA":656.79,"AUTOMO_EXP":1055.99,"OTRTRA_VA":149.45,"OTRTRA_EXP":21.87,"TRANSP_VA":1530.8,"TRANSP_EXP":4295.81,"OTRMAN_VA":8309.91,"OTRMAN_EXP":11423.87,"ELEGAS_VA":8456.84,"ELEGAS_EXP":2736.32,"AGUBAS_VA":2171.89,"AGUBAS_EXP":5.1,"CONSTR_VA":40759.67,"CONSTR_EXP":217.14,"COMREV_VA":132118.03,"COMREV_EXP":76254.0,"TRATIE_VA":17523.28,"TRATIE_EXP":6364.89,"TRAGUA_VA":950.43,"TRAGUA_EXP":12052.93,"TRAAIR_VA":3020.67,"TRAAIR_EXP":3709.26,"ALMSTR_VA":6903.21,"ALMSTR_EXP":7587.63,"POSTME_VA":3489.74,"POSTME_EXP":2987.09,"HOTYRE_VA":12671.99,"HOTYRE_EXP":6462.36,"MMTVRA_VA":3484.4,"MMTVRA_EXP":5750.05,"TELECO_VA":9255.73,"TELECO_EXP":1825.97,"ITSERV_VA":24558.38,"ITSERV_EXP":18021.63,"SERFIN_VA":78026.04,"SERFIN_EXP":53401.67,"GOBEST_VA":57272.94,"GOBEST_EXP":1327.34,"SPRSCT_VA":66464.95,"SPRSCT_EXP":17823.75,"SEAEMP_VA":26695.75,"SEAEMP_EXP":12254.5,"ADPDEF_VA":64501.25,"ADPDEF_EXP":1316.88,"EDUCAC_VA":4884.44,"EDUCAC_EXP":426.73,"SALUDH_VA":66045.41,"SALUDH_EXP":627.81,"ESPARC_VA":8552.47,"ESPARC_EXP":4263.37,"OTRSER_VA":10958.88,"OTRSER_EXP":340.86,"SERHOG_VA":2688.27,"SERHOG_EXP":0.0}},{"type":"Feature","geometry":{"type":"Point","coordinates":[-71.54,-35.68]},"properties":{"id":"CHL","name":"Chile","continent":"america","year":2022,"AGRPFO_VA":7176.2,"AGRPFO_EXP":5615.26,"FORLOG_VA":1175.46,"FORLOG_EXP":238.16,"PESCAC_VA":2080.55,"PESCAC_EXP":163.24,"MINCOL_VA":0.9,"MINCOL_EXP":0.28,"PETGAS_VA":181.5,"PETGAS_EXP":196.98,"MINORE_VA":31218.19,"MINORE_EXP":40643.3,"MINOTH_VA":9363.44,"MINOTH_EXP":8063.55,"MINSER_VA":533.98,"MINSER_EXP":346.87,"ALYBEB_VA":11141.74,"ALYBEB_EXP":13322.34,"TEXYPR_VA":263.17,"TEXYPR_EXP":198.47,"MADYPR_VA":1966.11,"MADYPR_EXP":2920.55,"PAPYPR_VA":2294.55,"PAPYPR_EXP":3648.49,"PETREF_VA":2055.67,"PETREF_EXP":1245.31,"QUIMYP_VA":3088.69,"QUIMYP_EXP":5485.63,"FARMED_VA":896.66,"FARMED_EXP":323.66,"HUPLAS_VA":1041.82,"HUPLAS_EXP":679.23,"PRNOMT_VA":998.01,"PRNOMT_EXP":156.53,"METBAS_VA":382.32,"METBAS_EXP":419.75,"NONFER_VA":360.64,"NONFER_EXP":567.17,"PRMETA_VA":2028.76,"PRMETA_EXP":453.86,"ELCTRO_VA":5403.37,"ELCTRO_EXP":51.08,"ELCTRI_VA":543.67,"ELCTRI_EXP":154.59,"MAQYEQ_VA":955.86,"MAQYEQ_EXP":320.97,"AUTOMO_VA":0.0,"AUTOMO_EXP":0.0,"OTRTRA_VA":186.0,"OTRTRA_EXP":46.64,"TRANSP_VA":375.39,"TRANSP_EXP":99.81,"OTRMAN_VA":1920.85,"OTRMAN_EXP":551.39,"ELEGAS_VA":4835.32,"ELEGAS_EXP":16.11,"AGUBAS_VA":2382.93,"AGUBAS_EXP":2.5,"CONSTR_VA":18139.38,"CONSTR_EXP":0.62,"COMREV_VA":28264.38,"COMREV_EXP":8575.47,"TRATIE_VA":7450.73,"TRATIE_EXP":1302.57,"TRAGUA_VA":557.87,"TRAGUA_EXP":556.48,"TRAAIR_VA":1193.09,"TRAAIR_EXP":2296.0,"ALMSTR_VA":6225.86,"ALMSTR_EXP":1233.27,"POSTME_VA":506.83,"POSTME_EXP":68.94,"HOTYRE_VA":5371.03,"HOTYRE_EXP":424.4,"MMTVRA_VA":832.71,"MMTVRA_EXP":70.83,"TELECO_VA":2476.25,"TELECO_EXP":60.93,"ITSERV_VA":4757.33,"ITSERV_EXP":523.38,"SERFIN_VA":10056.52,"SERFIN_EXP":854.46,"GOBEST_VA":23686.31,"GOBEST_EXP":105.72,"SPRSCT_VA":16747.49,"SPRSCT_EXP":634.69,"SEAEMP_VA":10692.52,"SEAEMP_EXP":923.75,"ADPDEF_VA":13430.4,"ADPDEF_EXP":138.5,"EDUCAC_VA":14621.17,"EDUCAC_EXP":36.59,"SALUDH_VA":14522.06,"SALUDH_EXP":34.36,"ESPARC_VA":1159.53,"ESPARC_EXP":61.06,"OTRSER_VA":3652.25,"OTRSER_EXP":43.19,"SERHOG_VA":0.0,"SERHOG_EXP":0.0}},{"type":"Feature","geometry":{"type":"Point","coordinates":[104.2,35.86]},"properties":{"id":"CHN","name":"China","continent":"asia","year":2022,"AGRPFO_VA":1146092.78,"AGRPFO_EXP":17499.25,"FORLOG_VA":91407.08,"FORLOG_EXP":106.34,"PESCAC_VA":145220.0,"PESCAC_EXP":1480.09,"MINCOL_VA":190364.46,"MINCOL_EXP":1084.17,"PETGAS_VA":189813.59,"PETGAS_EXP":4288.13,"MINORE_VA":90305.22,"MINORE_EXP":7898.22,"MINOTH_VA":63846.82,"MINOTH_EXP":3614.72,"MINSER_VA":12608.06,"MINSER_EXP":763.84,"ALYBEB_VA":571329.9,"ALYBEB_EXP":67688.69,"TEXYPR_VA":493432.33,"TEXYPR_EXP":311397.01,"MADYPR_VA":69184.59,"MADYPR_EXP":16952.18,"PAPYPR_VA":180105.24,"PAPYPR_EXP":30865.83,"PETREF_VA":189371.9,"PETREF_EXP":46203.92,"QUIMYP_VA":378827.85,"QUIMYP_EXP":196992.82,"FARMED_VA":150800.33,"FARMED_EXP":19588.18,"HUPLAS_VA":185847.86,"HUPLAS_EXP":119598.29,"PRNOMT_VA":413721.52,"PRNOMT_EXP":66071.74,"METBAS_VA":290363.07,"METBAS_EXP":88400.01,"NONFER_VA":214058.61,"NONFER_EXP":41847.97,"PRMETA_VA":268169.7,"PRMETA_EXP":144457.21,"ELCTRO_VA":385507.16,"ELCTRO_EXP":656018.87,"ELCTRI_VA":261326.26,"ELCTRI_EXP":322957.67,"MAQYEQ_VA":429975.45,"MAQYEQ_EXP":223114.4,"AUTOMO_VA":291972.43,"AUTOMO_EXP":122890.02,"OTRTRA_VA":15147.87,"OTRTRA_EXP":23984.76,"TRANSP_VA":44679.12,"TRANSP_EXP":39320.1,"OTRMAN_VA":132978.63,"OTRMAN_EXP":206027.57,"ELEGAS_VA":352930.21,"ELEGAS_EXP":1740.28,"AGUBAS_VA":123732.89,"AGUBAS_EXP":0.06,"CONSTR_VA":1209777.22,"CONSTR_EXP":0.13,"COMREV_VA":1711175.79,"COMREV_EXP":258920.87,"TRATIE_VA":555147.34,"TRATIE_EXP":34394.03,"TRAGUA_VA":105533.12,"TRAGUA_EXP":35860.15,"TRAAIR_VA":40894.31,"TRAAIR_EXP":17962.42,"ALMSTR_VA":110874.88,"ALMSTR_EXP":9103.04,"POSTME_VA":46267.02,"POSTME_EXP":20.64,"HOTYRE_VA":314355.78,"HOTYRE_EXP":3077.99,"MMTVRA_VA":54026.81,"MMTVRA_EXP":11790.74,"TELECO_VA":238444.04,"TELECO_EXP":13054.31,"ITSERV_VA":214222.0,"ITSERV_EXP":47571.79,"SERFIN_VA":1076688.06,"SERFIN_EXP":12509.55,"GOBEST_VA":986372.7,"GOBEST_EXP":5361.39,"SPRSCT_VA":495929.4,"SPRSCT_EXP":64158.89,"SEAEMP_VA":469736.17,"SEAEMP_EXP":33035.61,"ADPDEF_VA":788089.75,"ADPDEF_EXP":0.11,"EDUCAC_VA":681334.47,"EDUCAC_EXP":63.75,"SALUDH_VA":374426.49,"SALUDH_EXP":186.82,"ESPARC_VA":93875.15,"ESPARC_EXP":8472.71,"OTRSER_VA":264978.02,"OTRSER_EXP":240.55,"SERHOG_VA":0.0,"SERHOG_EXP":0.0}},{"type":"Feature","geometry":{"type":"Point","coordinates":[-5.55,7.54]},"properties":{"id":"CIV","name":"Costa de Marfil","continent":"other","year":2022,"AGRPFO_VA":15449.72,"AGRPFO_EXP":5552.07,"FORLOG_VA":444.09,"FORLOG_EXP":9.12,"PESCAC_VA":228.42,"PESCAC_EXP":4.85,"MINCOL_VA":5.34,"MINCOL_EXP":12.91,"PETGAS_VA":56.97,"PETGAS_EXP":120.51,"MINORE_VA":259.71,"MINORE_EXP":157.53,"MINOTH_VA":19.7,"MINOTH_EXP":4.37,"MINSER_VA":14.38,"MINSER_EXP":7.7,"ALYBEB_VA":3612.15,"ALYBEB_EXP":2308.19,"TEXYPR_VA":1654.86,"TEXYPR_EXP":76.98,"MADYPR_VA":762.6,"MADYPR_EXP":126.85,"PAPYPR_VA":377.04,"PAPYPR_EXP":8.33,"PETREF_VA":1457.76,"PETREF_EXP":1748.39,"QUIMYP_VA":345.91,"QUIMYP_EXP":447.07,"FARMED_VA":229.28,"FARMED_EXP":5.8,"HUPLAS_VA":434.92,"HUPLAS_EXP":135.32,"PRNOMT_VA":646.49,"PRNOMT_EXP":13.69,"METBAS_VA":56.76,"METBAS_EXP":11.79,"NONFER_VA":456.9,"NONFER_EXP":1862.89,"PRMETA_VA":539.81,"PRMETA_EXP":23.21,"ELCTRO_VA":0.0,"ELCTRO_EXP":0.0,"ELCTRI_VA":3.65,"ELCTRI_EXP":3.05,"MAQYEQ_VA":209.85,"MAQYEQ_EXP":50.94,"AUTOMO_VA":62.54,"AUTOMO_EXP":14.66,"OTRTRA_VA":8.88,"OTRTRA_EXP":1.05,"TRANSP_VA":14.92,"TRANSP_EXP":32.04,"OTRMAN_VA":838.76,"OTRMAN_EXP":56.07,"ELEGAS_VA":1267.03,"ELEGAS_EXP":203.91,"AGUBAS_VA":227.86,"AGUBAS_EXP":0.65,"CONSTR_VA":1916.75,"CONSTR_EXP":31.78,"COMREV_VA":9367.11,"COMREV_EXP":1623.18,"TRATIE_VA":1733.16,"TRATIE_EXP":249.0,"TRAGUA_VA":114.21,"TRAGUA_EXP":111.81,"TRAAIR_VA":323.86,"TRAAIR_EXP":130.2,"ALMSTR_VA":1158.53,"ALMSTR_EXP":148.88,"POSTME_VA":209.57,"POSTME_EXP":25.55,"HOTYRE_VA":483.77,"HOTYRE_EXP":59.88,"MMTVRA_VA":474.9,"MMTVRA_EXP":41.98,"TELECO_VA":944.2,"TELECO_EXP":50.74,"ITSERV_VA":859.79,"ITSERV_EXP":162.07,"SERFIN_VA":2021.66,"SERFIN_EXP":49.79,"GOBEST_VA":3745.09,"GOBEST_EXP":13.52,"SPRSCT_VA":1068.01,"SPRSCT_EXP":68.87,"SEAEMP_VA":1909.44,"SEAEMP_EXP":7.87,"ADPDEF_VA":5098.58,"ADPDEF_EXP":0.09,"EDUCAC_VA":2288.83,"EDUCAC_EXP":7.82,"SALUDH_VA":586.18,"SALUDH_EXP":2.42,"ESPARC_VA":134.26,"ESPARC_EXP":6.38,"OTRSER_VA":1738.88,"OTRSER_EXP":3.59,"SERHOG_VA":196.0,"SERHOG_EXP":0.0}},{"type":"Feature","geometry":{"type":"Point","coordinates":[12.35,7.37]},"properties":{"id":"CMR","name":"Camerún","continent":"other","year":2022,"AGRPFO_VA":4942.37,"AGRPFO_EXP":835.59,"FORLOG_VA":1613.3,"FORLOG_EXP":295.4,"PESCAC_VA":646.29,"PESCAC_EXP":11.22,"MINCOL_VA":288.38,"MINCOL_EXP":8.5,"PETGAS_VA":2690.54,"PETGAS_EXP":2393.67,"MINORE_VA":29.65,"MINORE_EXP":0.48,"MINOTH_VA":66.78,"MINOTH_EXP":4.54,"MINSER_VA":212.62,"MINSER_EXP":245.28,"ALYBEB_VA":3012.17,"ALYBEB_EXP":547.51,"TEXYPR_VA":1362.37,"TEXYPR_EXP":156.15,"MADYPR_VA":570.87,"MADYPR_EXP":406.17,"PAPYPR_VA":117.55,"PAPYPR_EXP":27.84,"PETREF_VA":20.15,"PETREF_EXP":7.21,"QUIMYP_VA":204.45,"QUIMYP_EXP":66.3,"FARMED_VA":50.18,"FARMED_EXP":2.03,"HUPLAS_VA":30.06,"HUPLAS_EXP":7.46,"PRNOMT_VA":409.83,"PRNOMT_EXP":62.34,"METBAS_VA":17.64,"METBAS_EXP":27.55,"NONFER_VA":53.89,"NONFER_EXP":118.25,"PRMETA_VA":21.89,"PRMETA_EXP":16.18,"ELCTRO_VA":5.15,"ELCTRO_EXP":2.99,"ELCTRI_VA":10.12,"ELCTRI_EXP":8.0,"MAQYEQ_VA":11.59,"MAQYEQ_EXP":9.96,"AUTOMO_VA":5.31,"AUTOMO_EXP":5.83,"OTRTRA_VA":1.57,"OTRTRA_EXP":0.64,"TRANSP_VA":2.35,"TRANSP_EXP":1.16,"OTRMAN_VA":289.58,"OTRMAN_EXP":56.15,"ELEGAS_VA":327.63,"ELEGAS_EXP":0.11,"AGUBAS_VA":268.51,"AGUBAS_EXP":0.98,"CONSTR_VA":2811.24,"CONSTR_EXP":4.22,"COMREV_VA":4426.38,"COMREV_EXP":520.72,"TRATIE_VA":2209.34,"TRATIE_EXP":368.16,"TRAGUA_VA":267.57,"TRAGUA_EXP":145.84,"TRAAIR_VA":314.64,"TRAAIR_EXP":159.22,"ALMSTR_VA":1209.9,"ALMSTR_EXP":299.02,"POSTME_VA":446.48,"POSTME_EXP":74.14,"HOTYRE_VA":2331.78,"HOTYRE_EXP":52.87,"MMTVRA_VA":200.31,"MMTVRA_EXP":41.24,"TELECO_VA":319.94,"TELECO_EXP":38.29,"ITSERV_VA":399.4,"ITSERV_EXP":173.35,"SERFIN_VA":792.88,"SERFIN_EXP":387.08,"GOBEST_VA":1863.75,"GOBEST_EXP":27.94,"SPRSCT_VA":1261.23,"SPRSCT_EXP":232.93,"SEAEMP_VA":571.81,"SEAEMP_EXP":455.19,"ADPDEF_VA":2310.96,"ADPDEF_EXP":22.72,"EDUCAC_VA":1406.1,"EDUCAC_EXP":6.0,"SALUDH_VA":458.63,"SALUDH_EXP":2.25,"ESPARC_VA":381.41,"ESPARC_EXP":154.01,"OTRSER_VA":700.81,"OTRSER_EXP":3.96,"SERHOG_VA":30.86,"SERHOG_EXP":0.0}},{"type":"Feature","geometry":{"type":"Point","coordinates":[21.76,-4.04]},"properties":{"id":"COD","name":"R.D. Congo","continent":"other","year":2022,"AGRPFO_VA":4109.88,"AGRPFO_EXP":1357.13,"FORLOG_VA":661.34,"FORLOG_EXP":438.42,"PESCAC_VA":370.93,"PESCAC_EXP":0.46,"MINCOL_VA":24.39,"MINCOL_EXP":2.18,"PETGAS_VA":298.36,"PETGAS_EXP":365.15,"MINORE_VA":14504.75,"MINORE_EXP":18300.01,"MINOTH_VA":134.04,"MINOTH_EXP":164.67,"MINSER_VA":267.25,"MINSER_EXP":10.31,"ALYBEB_VA":7902.67,"ALYBEB_EXP":160.1,"TEXYPR_VA":747.97,"TEXYPR_EXP":28.52,"MADYPR_VA":25.68,"MADYPR_EXP":41.01,"PAPYPR_VA":142.02,"PAPYPR_EXP":28.78,"PETREF_VA":26.67,"PETREF_EXP":60.86,"QUIMYP_VA":74.02,"QUIMYP_EXP":142.04,"FARMED_VA":13.24,"FARMED_EXP":12.99,"HUPLAS_VA":79.84,"HUPLAS_EXP":10.81,"PRNOMT_VA":61.46,"PRNOMT_EXP":12.21,"METBAS_VA":331.61,"METBAS_EXP":753.22,"NONFER_VA":1926.86,"NONFER_EXP":4182.35,"PRMETA_VA":94.52,"PRMETA_EXP":63.19,"ELCTRO_VA":0.51,"ELCTRO_EXP":0.69,"ELCTRI_VA":243.97,"ELCTRI_EXP":123.67,"MAQYEQ_VA":2.03,"MAQYEQ_EXP":0.9,"AUTOMO_VA":501.16,"AUTOMO_EXP":36.86,"OTRTRA_VA":13.15,"OTRTRA_EXP":0.72,"TRANSP_VA":0.67,"TRANSP_EXP":0.46,"OTRMAN_VA":206.43,"OTRMAN_EXP":45.48,"ELEGAS_VA":224.15,"ELEGAS_EXP":48.7,"AGUBAS_VA":161.63,"AGUBAS_EXP":0.7,"CONSTR_VA":2903.14,"CONSTR_EXP":2.61,"COMREV_VA":5828.13,"COMREV_EXP":1124.58,"TRATIE_VA":3269.88,"TRATIE_EXP":1632.9,"TRAGUA_VA":255.04,"TRAGUA_EXP":203.3,"TRAAIR_VA":50.87,"TRAAIR_EXP":16.73,"ALMSTR_VA":402.17,"ALMSTR_EXP":213.48,"POSTME_VA":19.71,"POSTME_EXP":2.68,"HOTYRE_VA":2647.74,"HOTYRE_EXP":50.85,"MMTVRA_VA":506.38,"MMTVRA_EXP":4.12,"TELECO_VA":1120.98,"TELECO_EXP":15.32,"ITSERV_VA":28.82,"ITSERV_EXP":21.72,"SERFIN_VA":978.93,"SERFIN_EXP":53.5,"GOBEST_VA":2175.77,"GOBEST_EXP":2.93,"SPRSCT_VA":900.28,"SPRSCT_EXP":11.11,"SEAEMP_VA":591.06,"SEAEMP_EXP":28.4,"ADPDEF_VA":5532.89,"ADPDEF_EXP":0.61,"EDUCAC_VA":454.11,"EDUCAC_EXP":1.96,"SALUDH_VA":1437.74,"SALUDH_EXP":6.69,"ESPARC_VA":224.37,"ESPARC_EXP":5.01,"OTRSER_VA":398.48,"OTRSER_EXP":2.5,"SERHOG_VA":170.43,"SERHOG_EXP":0.0}},{"type":"Feature","geometry":{"type":"Point","coordinates":[-74.3,4.57]},"properties":{"id":"COL","name":"Colombia","continent":"america","year":2022,"AGRPFO_VA":28831.13,"AGRPFO_EXP":5076.89,"FORLOG_VA":779.07,"FORLOG_EXP":76.08,"PESCAC_VA":1122.19,"PESCAC_EXP":65.25,"MINCOL_VA":8404.67,"MINCOL_EXP":4490.86,"PETGAS_VA":14218.87,"PETGAS_EXP":11729.35,"MINORE_VA":2195.84,"MINORE_EXP":2609.16,"MINOTH_VA":618.39,"MINOTH_EXP":58.69,"MINSER_VA":107.03,"MINSER_EXP":6.77,"ALYBEB_VA":12508.42,"ALYBEB_EXP":6797.59,"TEXYPR_VA":3528.35,"TEXYPR_EXP":1045.7,"MADYPR_VA":303.7,"MADYPR_EXP":48.24,"PAPYPR_VA":1866.48,"PAPYPR_EXP":797.45,"PETREF_VA":4698.83,"PETREF_EXP":4269.15,"QUIMYP_VA":4464.37,"QUIMYP_EXP":4097.84,"FARMED_VA":1284.22,"FARMED_EXP":489.58,"HUPLAS_VA":927.83,"HUPLAS_EXP":944.53,"PRNOMT_VA":3549.56,"PRNOMT_EXP":592.08,"METBAS_VA":1825.64,"METBAS_EXP":2789.46,"NONFER_VA":115.87,"NONFER_EXP":422.06,"PRMETA_VA":944.77,"PRMETA_EXP":689.35,"ELCTRO_VA":762.4,"ELCTRO_EXP":199.1,"ELCTRI_VA":697.87,"ELCTRI_EXP":617.06,"MAQYEQ_VA":1064.05,"MAQYEQ_EXP":550.18,"AUTOMO_VA":548.16,"AUTOMO_EXP":260.66,"OTRTRA_VA":20.95,"OTRTRA_EXP":50.52,"TRANSP_VA":152.77,"TRANSP_EXP":3.08,"OTRMAN_VA":2394.87,"OTRMAN_EXP":364.84,"ELEGAS_VA":9180.33,"ELEGAS_EXP":489.64,"AGUBAS_VA":3619.77,"AGUBAS_EXP":125.01,"CONSTR_VA":14020.6,"CONSTR_EXP":35.48,"COMREV_VA":36232.52,"COMREV_EXP":6158.55,"TRATIE_VA":12619.44,"TRATIE_EXP":1257.71,"TRAGUA_VA":233.97,"TRAGUA_EXP":109.6,"TRAAIR_VA":1514.52,"TRAAIR_EXP":1963.0,"ALMSTR_VA":3323.98,"ALMSTR_EXP":527.52,"POSTME_VA":410.71,"POSTME_EXP":54.85,"HOTYRE_VA":13729.06,"HOTYRE_EXP":1413.83,"MMTVRA_VA":427.2,"MMTVRA_EXP":153.22,"TELECO_VA":4809.96,"TELECO_EXP":141.12,"ITSERV_VA":3240.36,"ITSERV_EXP":287.46,"SERFIN_VA":13784.72,"SERFIN_EXP":406.9,"GOBEST_VA":25693.53,"GOBEST_EXP":259.61,"SPRSCT_VA":9835.55,"SPRSCT_EXP":1651.04,"SEAEMP_VA":11981.74,"SEAEMP_EXP":2689.98,"ADPDEF_VA":18053.51,"ADPDEF_EXP":0.79,"EDUCAC_VA":15144.01,"EDUCAC_EXP":84.68,"SALUDH_VA":13328.31,"SALUDH_EXP":53.1,"ESPARC_VA":7469.68,"ESPARC_EXP":246.98,"OTRSER_VA":4891.6,"OTRSER_EXP":73.11,"SERHOG_VA":1834.22,"SERHOG_EXP":0.0}},{"type":"Feature","geometry":{"type":"Point","coordinates":[-83.75,9.75]},"properties":{"id":"CRI","name":"Costa Rica","continent":"america","year":2022,"AGRPFO_VA":2499.16,"AGRPFO_EXP":2271.47,"FORLOG_VA":60.41,"FORLOG_EXP":5.96,"PESCAC_VA":32.2,"PESCAC_EXP":6.45,"MINCOL_VA":4.48,"MINCOL_EXP":0.11,"PETGAS_VA":1.4,"PETGAS_EXP":1.11,"MINORE_VA":0.35,"MINORE_EXP":0.28,"MINOTH_VA":191.7,"MINOTH_EXP":2.18,"MINSER_VA":0.33,"MINSER_EXP":0.11,"ALYBEB_VA":3165.07,"ALYBEB_EXP":2932.02,"TEXYPR_VA":184.52,"TEXYPR_EXP":136.71,"MADYPR_VA":86.73,"MADYPR_EXP":57.5,"PAPYPR_VA":371.65,"PAPYPR_EXP":241.32,"PETREF_VA":162.64,"PETREF_EXP":219.83,"QUIMYP_VA":419.0,"QUIMYP_EXP":533.75,"FARMED_VA":142.52,"FARMED_EXP":197.03,"HUPLAS_VA":473.67,"HUPLAS_EXP":569.8,"PRNOMT_VA":336.4,"PRNOMT_EXP":122.89,"METBAS_VA":85.21,"METBAS_EXP":270.72,"NONFER_VA":40.72,"NONFER_EXP":134.27,"PRMETA_VA":235.26,"PRMETA_EXP":153.55,"ELCTRO_VA":536.51,"ELCTRO_EXP":525.75,"ELCTRI_VA":195.43,"ELCTRI_EXP":431.63,"MAQYEQ_VA":15.86,"MAQYEQ_EXP":34.62,"AUTOMO_VA":14.79,"AUTOMO_EXP":4.25,"OTRTRA_VA":1.79,"OTRTRA_EXP":3.29,"TRANSP_VA":1.84,"TRANSP_EXP":3.46,"OTRMAN_VA":2503.05,"OTRMAN_EXP":4178.07,"ELEGAS_VA":1063.25,"ELEGAS_EXP":24.79,"AGUBAS_VA":465.72,"AGUBAS_EXP":66.1,"CONSTR_VA":2429.04,"CONSTR_EXP":56.66,"COMREV_VA":13089.06,"COMREV_EXP":3093.39,"TRATIE_VA":1757.29,"TRATIE_EXP":808.61,"TRAGUA_VA":476.44,"TRAGUA_EXP":410.18,"TRAAIR_VA":113.75,"TRAAIR_EXP":223.13,"ALMSTR_VA":528.75,"ALMSTR_EXP":478.14,"POSTME_VA":278.63,"POSTME_EXP":50.71,"HOTYRE_VA":1620.36,"HOTYRE_EXP":1582.59,"MMTVRA_VA":575.02,"MMTVRA_EXP":94.09,"TELECO_VA":1018.99,"TELECO_EXP":518.68,"ITSERV_VA":1957.13,"ITSERV_EXP":690.22,"SERFIN_VA":3228.26,"SERFIN_EXP":311.46,"GOBEST_VA":4344.75,"GOBEST_EXP":289.85,"SPRSCT_VA":5002.38,"SPRSCT_EXP":3497.83,"SEAEMP_VA":2799.46,"SEAEMP_EXP":1004.09,"ADPDEF_VA":2242.55,"ADPDEF_EXP":36.17,"EDUCAC_VA":4187.63,"EDUCAC_EXP":117.25,"SALUDH_VA":4768.83,"SALUDH_EXP":102.48,"ESPARC_VA":464.79,"ESPARC_EXP":314.23,"OTRSER_VA":755.04,"OTRSER_EXP":103.11,"SERHOG_VA":696.0,"SERHOG_EXP":0.0}},{"type":"Feature","geometry":{"type":"Point","coordinates":[33.43,35.13]},"properties":{"id":"CYP","name":"Chipre","continent":"europe","year":2022,"AGRPFO_VA":298.7,"AGRPFO_EXP":179.2,"FORLOG_VA":29.27,"FORLOG_EXP":2.76,"PESCAC_VA":31.47,"PESCAC_EXP":34.06,"MINCOL_VA":0.0,"MINCOL_EXP":0.0,"PETGAS_VA":15.53,"PETGAS_EXP":1.06,"MINORE_VA":15.25,"MINORE_EXP":23.83,"MINOTH_VA":30.12,"MINOTH_EXP":18.56,"MINSER_VA":0.33,"MINSER_EXP":0.4,"ALYBEB_VA":375.75,"ALYBEB_EXP":616.88,"TEXYPR_VA":19.04,"TEXYPR_EXP":4.71,"MADYPR_VA":62.66,"MADYPR_EXP":44.19,"PAPYPR_VA":40.86,"PAPYPR_EXP":10.77,"PETREF_VA":4.72,"PETREF_EXP":0.35,"QUIMYP_VA":29.43,"QUIMYP_EXP":55.25,"FARMED_VA":166.52,"FARMED_EXP":223.46,"HUPLAS_VA":36.4,"HUPLAS_EXP":89.3,"PRNOMT_VA":146.31,"PRNOMT_EXP":33.03,"METBAS_VA":2.85,"METBAS_EXP":8.87,"NONFER_VA":25.05,"NONFER_EXP":36.2,"PRMETA_VA":136.71,"PRMETA_EXP":38.86,"ELCTRO_VA":20.54,"ELCTRO_EXP":28.03,"ELCTRI_VA":16.4,"ELCTRI_EXP":30.91,"MAQYEQ_VA":26.02,"MAQYEQ_EXP":45.95,"AUTOMO_VA":5.77,"AUTOMO_EXP":10.51,"OTRTRA_VA":1.27,"OTRTRA_EXP":1.03,"TRANSP_VA":2.12,"TRANSP_EXP":0.35,"OTRMAN_VA":174.22,"OTRMAN_EXP":240.44,"ELEGAS_VA":265.61,"ELEGAS_EXP":0.49,"AGUBAS_VA":181.85,"AGUBAS_EXP":0.74,"CONSTR_VA":1350.09,"CONSTR_EXP":17.1,"COMREV_VA":3394.49,"COMREV_EXP":786.71,"TRATIE_VA":188.02,"TRATIE_EXP":169.47,"TRAGUA_VA":508.75,"TRAGUA_EXP":483.39,"TRAAIR_VA":-4.9,"TRAAIR_EXP":57.92,"ALMSTR_VA":739.76,"ALMSTR_EXP":2471.38,"POSTME_VA":58.48,"POSTME_EXP":88.03,"HOTYRE_VA":1468.87,"HOTYRE_EXP":859.36,"MMTVRA_VA":1073.8,"MMTVRA_EXP":1472.95,"TELECO_VA":428.88,"TELECO_EXP":222.96,"ITSERV_VA":1283.3,"ITSERV_EXP":4788.28,"SERFIN_VA":2487.19,"SERFIN_EXP":7125.78,"GOBEST_VA":2556.47,"GOBEST_EXP":129.73,"SPRSCT_VA":1967.5,"SPRSCT_EXP":1608.28,"SEAEMP_VA":649.25,"SEAEMP_EXP":340.03,"ADPDEF_VA":2029.97,"ADPDEF_EXP":38.22,"EDUCAC_VA":1432.35,"EDUCAC_EXP":88.22,"SALUDH_VA":1108.08,"SALUDH_EXP":34.55,"ESPARC_VA":376.6,"ESPARC_EXP":79.06,"OTRSER_VA":339.99,"OTRSER_EXP":44.41,"SERHOG_VA":197.85,"SERHOG_EXP":0.0}},{"type":"Feature","geometry":{"type":"Point","coordinates":[15.47,49.82]},"properties":{"id":"CZE","name":"Chequia","continent":"europe","year":2022,"AGRPFO_VA":5023.86,"AGRPFO_EXP":2277.97,"FORLOG_VA":1329.39,"FORLOG_EXP":1021.04,"PESCAC_VA":22.26,"PESCAC_EXP":63.0,"MINCOL_VA":860.84,"MINCOL_EXP":444.77,"PETGAS_VA":58.28,"PETGAS_EXP":20.36,"MINORE_VA":129.85,"MINORE_EXP":10.51,"MINOTH_VA":397.0,"MINOTH_EXP":225.17,"MINSER_VA":70.2,"MINSER_EXP":19.74,"ALYBEB_VA":4940.99,"ALYBEB_EXP":6213.74,"TEXYPR_VA":1201.1,"TEXYPR_EXP":1898.93,"MADYPR_VA":1698.47,"MADYPR_EXP":2168.2,"PAPYPR_VA":1957.09,"PAPYPR_EXP":3196.32,"PETREF_VA":68.72,"PETREF_EXP":173.33,"QUIMYP_VA":3390.56,"QUIMYP_EXP":7178.88,"FARMED_VA":1029.85,"FARMED_EXP":638.99,"HUPLAS_VA":3949.29,"HUPLAS_EXP":7719.44,"PRNOMT_VA":2839.83,"PRNOMT_EXP":3366.35,"METBAS_VA":878.41,"METBAS_EXP":4313.87,"NONFER_VA":326.59,"NONFER_EXP":1590.53,"PRMETA_VA":7048.38,"PRMETA_EXP":8978.0,"ELCTRO_VA":3200.77,"ELCTRO_EXP":10225.33,"ELCTRI_VA":5005.98,"ELCTRI_EXP":11247.93,"MAQYEQ_VA":5046.1,"MAQYEQ_EXP":12505.66,"AUTOMO_VA":11728.68,"AUTOMO_EXP":42372.85,"OTRTRA_VA":23.38,"OTRTRA_EXP":33.9,"TRANSP_VA":1173.95,"TRANSP_EXP":2026.79,"OTRMAN_VA":4713.41,"OTRMAN_EXP":4645.7,"ELEGAS_VA":10508.66,"ELEGAS_EXP":6859.85,"AGUBAS_VA":2605.83,"AGUBAS_EXP":113.28,"CONSTR_VA":15049.09,"CONSTR_EXP":455.2,"COMREV_VA":29501.45,"COMREV_EXP":14125.83,"TRATIE_VA":7915.72,"TRATIE_EXP":8056.24,"TRAGUA_VA":238.77,"TRAGUA_EXP":52.48,"TRAAIR_VA":160.71,"TRAAIR_EXP":702.54,"ALMSTR_VA":6148.64,"ALMSTR_EXP":3099.29,"POSTME_VA":731.69,"POSTME_EXP":146.03,"HOTYRE_VA":4414.94,"HOTYRE_EXP":2065.48,"MMTVRA_VA":3270.34,"MMTVRA_EXP":3181.7,"TELECO_VA":3544.7,"TELECO_EXP":1458.18,"ITSERV_VA":11028.93,"ITSERV_EXP":3975.91,"SERFIN_VA":9616.68,"SERFIN_EXP":1438.2,"GOBEST_VA":33643.15,"GOBEST_EXP":361.86,"SPRSCT_VA":13764.03,"SPRSCT_EXP":5639.56,"SEAEMP_VA":5192.55,"SEAEMP_EXP":1623.8,"ADPDEF_VA":15196.32,"ADPDEF_EXP":197.77,"EDUCAC_VA":12772.3,"EDUCAC_EXP":426.85,"SALUDH_VA":14158.31,"SALUDH_EXP":143.46,"ESPARC_VA":2827.67,"ESPARC_EXP":281.52,"OTRSER_VA":2366.62,"OTRSER_EXP":148.62,"SERHOG_VA":319.93,"SERHOG_EXP":0.0}},{"type":"Feature","geometry":{"type":"Point","coordinates":[10.45,51.17]},"properties":{"id":"DEU","name":"Alemania","continent":"europe","year":2022,"AGRPFO_VA":38100.37,"AGRPFO_EXP":8079.55,"FORLOG_VA":3979.21,"FORLOG_EXP":1106.67,"PESCAC_VA":400.86,"PESCAC_EXP":180.44,"MINCOL_VA":990.03,"MINCOL_EXP":379.81,"PETGAS_VA":425.56,"PETGAS_EXP":164.82,"MINORE_VA":0.0,"MINORE_EXP":0.0,"MINOTH_VA":4333.72,"MINOTH_EXP":1621.91,"MINSER_VA":1037.37,"MINSER_EXP":197.22,"ALYBEB_VA":53516.33,"ALYBEB_EXP":59030.54,"TEXYPR_VA":8692.04,"TEXYPR_EXP":13535.71,"MADYPR_VA":11684.58,"MADYPR_EXP":7998.83,"PAPYPR_VA":20402.9,"PAPYPR_EXP":22358.43,"PETREF_VA":16089.2,"PETREF_EXP":18444.0,"QUIMYP_VA":53579.65,"QUIMYP_EXP":116763.73,"FARMED_VA":30468.31,"FARMED_EXP":48906.71,"HUPLAS_VA":34919.14,"HUPLAS_EXP":42207.04,"PRNOMT_VA":22302.31,"PRNOMT_EXP":14283.66,"METBAS_VA":16492.01,"METBAS_EXP":16285.81,"NONFER_VA":9528.41,"NONFER_EXP":19222.29,"PRMETA_VA":62252.92,"PRMETA_EXP":39695.51,"ELCTRO_VA":52246.6,"ELCTRO_EXP":86343.14,"ELCTRI_VA":49961.46,"ELCTRI_EXP":82172.4,"MAQYEQ_VA":115374.55,"MAQYEQ_EXP":162659.87,"AUTOMO_VA":166430.16,"AUTOMO_EXP":225874.01,"OTRTRA_VA":1664.48,"OTRTRA_EXP":5499.68,"TRANSP_VA":16869.09,"TRANSP_EXP":22108.11,"OTRMAN_VA":53511.3,"OTRMAN_EXP":44121.33,"ELEGAS_VA":78538.49,"ELEGAS_EXP":21578.82,"AGUBAS_VA":41453.46,"AGUBAS_EXP":688.96,"CONSTR_VA":185855.38,"CONSTR_EXP":3420.42,"COMREV_VA":414972.21,"COMREV_EXP":194723.95,"TRATIE_VA":67948.48,"TRATIE_EXP":37086.71,"TRAGUA_VA":22440.45,"TRAGUA_EXP":42820.4,"TRAAIR_VA":9896.84,"TRAAIR_EXP":20819.65,"ALMSTR_VA":65079.59,"ALMSTR_EXP":19352.31,"POSTME_VA":26263.08,"POSTME_EXP":2350.74,"HOTYRE_VA":56209.12,"HOTYRE_EXP":10377.26,"MMTVRA_VA":30392.84,"MMTVRA_EXP":17057.3,"TELECO_VA":25379.55,"TELECO_EXP":6089.4,"ITSERV_VA":121642.22,"ITSERV_EXP":33709.58,"SERFIN_VA":142794.08,"SERFIN_EXP":74044.69,"GOBEST_VA":364614.04,"GOBEST_EXP":3156.7,"SPRSCT_VA":264733.48,"SPRSCT_EXP":91598.31,"SEAEMP_VA":193814.46,"SEAEMP_EXP":48784.14,"ADPDEF_VA":234967.2,"ADPDEF_EXP":0.0,"EDUCAC_VA":179532.63,"EDUCAC_EXP":4799.03,"SALUDH_VA":322773.3,"SALUDH_EXP":594.88,"ESPARC_VA":40373.28,"ESPARC_EXP":4211.04,"OTRSER_VA":77082.3,"OTRSER_EXP":597.99,"SERHOG_VA":9040.46,"SERHOG_EXP":0.0}},{"type":"Feature","geometry":{"type":"Point","coordinates":[9.5,56.26]},"properties":{"id":"DNK","name":"Dinamarca","continent":"europe","year":2022,"AGRPFO_VA":3245.03,"AGRPFO_EXP":4372.21,"FORLOG_VA":163.14,"FORLOG_EXP":66.57,"PESCAC_VA":253.1,"PESCAC_EXP":506.62,"MINCOL_VA":0.0,"MINCOL_EXP":0.0,"PETGAS_VA":1728.27,"PETGAS_EXP":1075.45,"MINORE_VA":0.0,"MINORE_EXP":0.0,"MINOTH_VA":681.4,"MINOTH_EXP":216.27,"MINSER_VA":412.64,"MINSER_EXP":186.23,"ALYBEB_VA":5000.62,"ALYBEB_EXP":15032.88,"TEXYPR_VA":567.63,"TEXYPR_EXP":1245.13,"MADYPR_VA":856.18,"MADYPR_EXP":647.25,"PAPYPR_VA":943.62,"PAPYPR_EXP":1055.38,"PETREF_VA":1214.39,"PETREF_EXP":1216.42,"QUIMYP_VA":3654.99,"QUIMYP_EXP":5597.07,"FARMED_VA":17774.9,"FARMED_EXP":16182.82,"HUPLAS_VA":1357.2,"HUPLAS_EXP":1870.42,"PRNOMT_VA":1826.01,"PRNOMT_EXP":1016.98,"METBAS_VA":586.49,"METBAS_EXP":1339.59,"NONFER_VA":180.12,"NONFER_EXP":534.01,"PRMETA_VA":3390.17,"PRMETA_EXP":3865.19,"ELCTRO_VA":3073.23,"ELCTRO_EXP":4686.17,"ELCTRI_VA":1352.27,"ELCTRI_EXP":2413.16,"MAQYEQ_VA":7185.57,"MAQYEQ_EXP":13483.07,"AUTOMO_VA":376.84,"AUTOMO_EXP":598.95,"OTRTRA_VA":151.53,"OTRTRA_EXP":526.62,"TRANSP_VA":157.29,"TRANSP_EXP":155.02,"OTRMAN_VA":5018.75,"OTRMAN_EXP":6000.38,"ELEGAS_VA":8416.85,"ELEGAS_EXP":3982.55,"AGUBAS_VA":2771.0,"AGUBAS_EXP":115.53,"CONSTR_VA":19116.49,"CONSTR_EXP":939.0,"COMREV_VA":45382.46,"COMREV_EXP":21670.37,"TRATIE_VA":6215.69,"TRATIE_EXP":7750.88,"TRAGUA_VA":32589.43,"TRAGUA_EXP":69415.1,"TRAAIR_VA":371.61,"TRAAIR_EXP":2051.31,"ALMSTR_VA":5526.23,"ALMSTR_EXP":7751.28,"POSTME_VA":974.77,"POSTME_EXP":668.22,"HOTYRE_VA":5700.45,"HOTYRE_EXP":2110.26,"MMTVRA_VA":4921.16,"MMTVRA_EXP":2545.58,"TELECO_VA":3048.92,"TELECO_EXP":884.61,"ITSERV_VA":8537.4,"ITSERV_EXP":5619.13,"SERFIN_VA":17075.76,"SERFIN_EXP":4220.96,"GOBEST_VA":34944.7,"GOBEST_EXP":600.82,"SPRSCT_VA":23564.96,"SPRSCT_EXP":13325.55,"SEAEMP_VA":10305.14,"SEAEMP_EXP":6861.74,"ADPDEF_VA":16156.02,"ADPDEF_EXP":500.2,"EDUCAC_VA":18482.11,"EDUCAC_EXP":1231.3,"SALUDH_VA":33511.59,"SALUDH_EXP":194.56,"ESPARC_VA":5002.97,"ESPARC_EXP":679.69,"OTRSER_VA":4886.21,"OTRSER_EXP":102.06,"SERHOG_VA":698.86,"SERHOG_EXP":0.0}},{"type":"Feature","geometry":{"type":"Point","coordinates":[30.8,26.82]},"properties":{"id":"EGY","name":"Egipto","continent":"other","year":2022,"AGRPFO_VA":38360.88,"AGRPFO_EXP":2342.86,"FORLOG_VA":5.63,"FORLOG_EXP":4.22,"PESCAC_VA":4215.06,"PESCAC_EXP":25.43,"MINCOL_VA":308.18,"MINCOL_EXP":97.23,"PETGAS_VA":39040.89,"PETGAS_EXP":9167.29,"MINORE_VA":744.24,"MINORE_EXP":15.73,"MINOTH_VA":2839.5,"MINOTH_EXP":248.7,"MINSER_VA":1031.28,"MINSER_EXP":16.42,"ALYBEB_VA":10278.47,"ALYBEB_EXP":2516.68,"TEXYPR_VA":4424.91,"TEXYPR_EXP":2778.44,"MADYPR_VA":1730.38,"MADYPR_EXP":109.67,"PAPYPR_VA":2812.86,"PAPYPR_EXP":367.86,"PETREF_VA":10771.91,"PETREF_EXP":3433.21,"QUIMYP_VA":6034.22,"QUIMYP_EXP":5875.39,"FARMED_VA":1900.21,"FARMED_EXP":261.75,"HUPLAS_VA":1356.14,"HUPLAS_EXP":902.73,"PRNOMT_VA":4576.44,"PRNOMT_EXP":906.64,"METBAS_VA":2574.51,"METBAS_EXP":1094.03,"NONFER_VA":2720.28,"NONFER_EXP":937.41,"PRMETA_VA":2920.0,"PRMETA_EXP":500.28,"ELCTRO_VA":392.92,"ELCTRO_EXP":503.58,"ELCTRI_VA":2046.82,"ELCTRI_EXP":1123.29,"MAQYEQ_VA":549.05,"MAQYEQ_EXP":313.92,"AUTOMO_VA":781.91,"AUTOMO_EXP":111.22,"OTRTRA_VA":37.28,"OTRTRA_EXP":2.75,"TRANSP_VA":112.96,"TRANSP_EXP":0.97,"OTRMAN_VA":4362.77,"OTRMAN_EXP":458.27,"ELEGAS_VA":5738.6,"ELEGAS_EXP":32.59,"AGUBAS_VA":1934.66,"AGUBAS_EXP":24.18,"CONSTR_VA":22839.62,"CONSTR_EXP":31.13,"COMREV_VA":47070.4,"COMREV_EXP":4218.42,"TRATIE_VA":12518.69,"TRATIE_EXP":1949.32,"TRAGUA_VA":9500.71,"TRAGUA_EXP":2413.68,"TRAAIR_VA":2726.15,"TRAAIR_EXP":1488.82,"ALMSTR_VA":12877.67,"ALMSTR_EXP":4512.26,"POSTME_VA":592.28,"POSTME_EXP":191.49,"HOTYRE_VA":7952.03,"HOTYRE_EXP":3968.82,"MMTVRA_VA":2003.69,"MMTVRA_EXP":828.57,"TELECO_VA":7305.59,"TELECO_EXP":320.78,"ITSERV_VA":1590.67,"ITSERV_EXP":324.96,"SERFIN_VA":16753.62,"SERFIN_EXP":1412.82,"GOBEST_VA":26988.9,"GOBEST_EXP":529.82,"SPRSCT_VA":8620.61,"SPRSCT_EXP":859.5,"SEAEMP_VA":5351.63,"SEAEMP_EXP":1932.84,"ADPDEF_VA":16840.92,"ADPDEF_EXP":44.85,"EDUCAC_VA":14627.25,"EDUCAC_EXP":190.55,"SALUDH_VA":10907.54,"SALUDH_EXP":119.43,"ESPARC_VA":3173.67,"ESPARC_EXP":367.54,"OTRSER_VA":5782.83,"OTRSER_EXP":170.98,"SERHOG_VA":284.97,"SERHOG_EXP":0.0}},{"type":"Feature","geometry":{"type":"Point","coordinates":[-3.75,40.46]},"properties":{"id":"ESP","name":"España","continent":"europe","year":2022,"AGRPFO_VA":31074.86,"AGRPFO_EXP":20598.97,"FORLOG_VA":1124.01,"FORLOG_EXP":207.34,"PESCAC_VA":1488.09,"PESCAC_EXP":814.63,"MINCOL_VA":35.64,"MINCOL_EXP":5.45,"PETGAS_VA":4.19,"PETGAS_EXP":1.75,"MINORE_VA":1080.81,"MINORE_EXP":1807.19,"MINOTH_VA":3768.85,"MINOTH_EXP":895.04,"MINSER_VA":341.19,"MINSER_EXP":322.93,"ALYBEB_VA":30878.75,"ALYBEB_EXP":37288.8,"TEXYPR_VA":8841.06,"TEXYPR_EXP":11522.7,"MADYPR_VA":3095.48,"MADYPR_EXP":2287.58,"PAPYPR_VA":7025.03,"PAPYPR_EXP":5575.56,"PETREF_VA":8226.74,"PETREF_EXP":21208.13,"QUIMYP_VA":11626.78,"QUIMYP_EXP":38146.46,"FARMED_VA":8221.39,"FARMED_EXP":12679.63,"HUPLAS_VA":8278.48,"HUPLAS_EXP":10273.52,"PRNOMT_VA":7374.0,"PRNOMT_EXP":9605.8,"METBAS_VA":4945.32,"METBAS_EXP":11619.88,"NONFER_VA":2259.14,"NONFER_EXP":11523.69,"PRMETA_VA":14249.36,"PRMETA_EXP":15332.82,"ELCTRO_VA":2360.69,"ELCTRO_EXP":4181.53,"ELCTRI_VA":5306.09,"ELCTRI_EXP":13920.25,"MAQYEQ_VA":8641.18,"MAQYEQ_EXP":15372.49,"AUTOMO_VA":15409.54,"AUTOMO_EXP":41882.54,"OTRTRA_VA":604.56,"OTRTRA_EXP":1169.14,"TRANSP_VA":4694.87,"TRANSP_EXP":10768.18,"OTRMAN_VA":12793.07,"OTRMAN_EXP":7590.94,"ELEGAS_VA":44387.64,"ELEGAS_EXP":1550.72,"AGUBAS_VA":14659.94,"AGUBAS_EXP":178.87,"CONSTR_VA":78125.36,"CONSTR_EXP":1486.92,"COMREV_VA":176360.5,"COMREV_EXP":66346.12,"TRATIE_VA":31818.07,"TRATIE_EXP":18752.62,"TRAGUA_VA":1764.36,"TRAGUA_EXP":3770.97,"TRAAIR_VA":3476.39,"TRAAIR_EXP":9324.61,"ALMSTR_VA":23072.91,"ALMSTR_EXP":11545.33,"POSTME_VA":2897.17,"POSTME_EXP":216.41,"HOTYRE_VA":78353.44,"HOTYRE_EXP":18079.33,"MMTVRA_VA":9678.17,"MMTVRA_EXP":5663.74,"TELECO_VA":13200.0,"TELECO_EXP":4599.81,"ITSERV_VA":29841.45,"ITSERV_EXP":22375.82,"SERFIN_VA":56220.66,"SERFIN_EXP":8658.52,"GOBEST_VA":150994.45,"GOBEST_EXP":5047.85,"SPRSCT_VA":70123.14,"SPRSCT_EXP":22747.11,"SEAEMP_VA":51876.69,"SEAEMP_EXP":6743.49,"ADPDEF_VA":80753.61,"ADPDEF_EXP":2697.68,"EDUCAC_VA":66152.51,"EDUCAC_EXP":2019.27,"SALUDH_VA":84112.41,"SALUDH_EXP":1416.67,"ESPARC_VA":22697.99,"ESPARC_EXP":4302.26,"OTRSER_VA":22149.08,"OTRSER_EXP":1940.34,"SERHOG_VA":10456.77,"SERHOG_EXP":0.0}},{"type":"Feature","geometry":{"type":"Point","coordinates":[25.01,58.6]},"properties":{"id":"EST","name":"Estonia","continent":"europe","year":2022,"AGRPFO_VA":557.14,"AGRPFO_EXP":553.98,"FORLOG_VA":430.77,"FORLOG_EXP":229.39,"PESCAC_VA":48.71,"PESCAC_EXP":51.22,"MINCOL_VA":23.65,"MINCOL_EXP":1.47,"PETGAS_VA":236.54,"PETGAS_EXP":143.97,"MINORE_VA":0.0,"MINORE_EXP":0.0,"MINOTH_VA":74.24,"MINOTH_EXP":26.74,"MINSER_VA":6.1,"MINSER_EXP":5.56,"ALYBEB_VA":617.28,"ALYBEB_EXP":1677.72,"TEXYPR_VA":195.95,"TEXYPR_EXP":575.93,"MADYPR_VA":1037.27,"MADYPR_EXP":2301.61,"PAPYPR_VA":182.71,"PAPYPR_EXP":373.68,"PETREF_VA":97.87,"PETREF_EXP":199.18,"QUIMYP_VA":140.7,"QUIMYP_EXP":614.19,"FARMED_VA":21.52,"FARMED_EXP":24.77,"HUPLAS_VA":201.48,"HUPLAS_EXP":358.35,"PRNOMT_VA":239.21,"PRNOMT_EXP":352.05,"METBAS_VA":25.46,"METBAS_EXP":46.39,"NONFER_VA":14.15,"NONFER_EXP":79.2,"PRMETA_VA":610.59,"PRMETA_EXP":1251.51,"ELCTRO_VA":348.26,"ELCTRO_EXP":1396.77,"ELCTRI_VA":274.03,"ELCTRI_EXP":863.43,"MAQYEQ_VA":237.82,"MAQYEQ_EXP":577.54,"AUTOMO_VA":150.98,"AUTOMO_EXP":547.02,"OTRTRA_VA":46.73,"OTRTRA_EXP":52.2,"TRANSP_VA":0.85,"TRANSP_EXP":1.24,"OTRMAN_VA":553.84,"OTRMAN_EXP":1325.1,"ELEGAS_VA":1775.51,"ELEGAS_EXP":485.31,"AGUBAS_VA":232.64,"AGUBAS_EXP":22.68,"CONSTR_VA":2254.9,"CONSTR_EXP":89.77,"COMREV_VA":4150.83,"COMREV_EXP":2437.96,"TRATIE_VA":1153.95,"TRATIE_EXP":1229.4,"TRAGUA_VA":159.72,"TRAGUA_EXP":307.97,"TRAAIR_VA":52.89,"TRAAIR_EXP":226.81,"ALMSTR_VA":1049.56,"ALMSTR_EXP":2479.21,"POSTME_VA":116.71,"POSTME_EXP":243.89,"HOTYRE_VA":596.79,"HOTYRE_EXP":409.29,"MMTVRA_VA":357.29,"MMTVRA_EXP":156.19,"TELECO_VA":414.29,"TELECO_EXP":393.96,"ITSERV_VA":1748.91,"ITSERV_EXP":1859.33,"SERFIN_VA":1543.31,"SERFIN_EXP":422.12,"GOBEST_VA":3957.46,"GOBEST_EXP":184.15,"SPRSCT_VA":2073.37,"SPRSCT_EXP":1334.59,"SEAEMP_VA":1250.85,"SEAEMP_EXP":921.49,"ADPDEF_VA":2022.15,"ADPDEF_EXP":39.08,"EDUCAC_VA":1552.39,"EDUCAC_EXP":43.62,"SALUDH_VA":1565.72,"SALUDH_EXP":23.97,"ESPARC_VA":627.68,"ESPARC_EXP":157.37,"OTRSER_VA":327.57,"OTRSER_EXP":31.95,"SERHOG_VA":19.91,"SERHOG_EXP":0.0}},{"type":"Feature","geometry":{"type":"Point","coordinates":[25.75,61.92]},"properties":{"id":"FIN","name":"Finlandia","continent":"europe","year":2022,"AGRPFO_VA":2231.29,"AGRPFO_EXP":675.8,"FORLOG_VA":4167.31,"FORLOG_EXP":136.33,"PESCAC_VA":191.6,"PESCAC_EXP":36.76,"MINCOL_VA":254.63,"MINCOL_EXP":21.64,"PETGAS_VA":0.0,"PETGAS_EXP":0.0,"MINORE_VA":822.47,"MINORE_EXP":1417.17,"MINOTH_VA":362.57,"MINOTH_EXP":213.69,"MINSER_VA":127.48,"MINSER_EXP":33.06,"ALYBEB_VA":3209.22,"ALYBEB_EXP":1685.06,"TEXYPR_VA":515.78,"TEXYPR_EXP":776.23,"MADYPR_VA":2968.26,"MADYPR_EXP":3664.97,"PAPYPR_VA":4494.18,"PAPYPR_EXP":10736.74,"PETREF_VA":1530.2,"PETREF_EXP":6511.55,"QUIMYP_VA":4573.46,"QUIMYP_EXP":6249.18,"FARMED_VA":1777.5,"FARMED_EXP":1240.29,"HUPLAS_VA":1235.82,"HUPLAS_EXP":2078.09,"PRNOMT_VA":1303.53,"PRNOMT_EXP":801.86,"METBAS_VA":2697.43,"METBAS_EXP":6920.49,"NONFER_VA":1017.18,"NONFER_EXP":5351.35,"PRMETA_VA":3756.68,"PRMETA_EXP":3035.71,"ELCTRO_VA":5849.52,"ELCTRO_EXP":6228.4,"ELCTRI_VA":2266.6,"ELCTRI_EXP":4388.23,"MAQYEQ_VA":6723.03,"MAQYEQ_EXP":11107.8,"AUTOMO_VA":725.34,"AUTOMO_EXP":1443.62,"OTRTRA_VA":497.13,"OTRTRA_EXP":1670.7,"TRANSP_VA":81.96,"TRANSP_EXP":298.79,"OTRMAN_VA":2835.51,"OTRMAN_EXP":2173.39,"ELEGAS_VA":7216.59,"ELEGAS_EXP":246.82,"AGUBAS_VA":2317.66,"AGUBAS_EXP":198.46,"CONSTR_VA":17250.96,"CONSTR_EXP":53.19,"COMREV_VA":21863.79,"COMREV_EXP":8869.49,"TRATIE_VA":6257.27,"TRATIE_EXP":986.3,"TRAGUA_VA":930.78,"TRAGUA_EXP":1738.84,"TRAAIR_VA":351.38,"TRAAIR_EXP":880.98,"ALMSTR_VA":3389.05,"ALMSTR_EXP":906.97,"POSTME_VA":753.95,"POSTME_EXP":208.45,"HOTYRE_VA":4096.68,"HOTYRE_EXP":573.68,"MMTVRA_VA":4667.9,"MMTVRA_EXP":2821.89,"TELECO_VA":2552.48,"TELECO_EXP":353.47,"ITSERV_VA":8140.88,"ITSERV_EXP":9427.78,"SERFIN_VA":8972.01,"SERFIN_EXP":970.99,"GOBEST_VA":31066.47,"GOBEST_EXP":196.92,"SPRSCT_VA":13537.95,"SPRSCT_EXP":6313.06,"SEAEMP_VA":9229.0,"SEAEMP_EXP":2590.38,"ADPDEF_VA":13126.49,"ADPDEF_EXP":234.76,"EDUCAC_VA":13054.78,"EDUCAC_EXP":504.92,"SALUDH_VA":25449.37,"SALUDH_EXP":62.09,"ESPARC_VA":3349.69,"ESPARC_EXP":158.34,"OTRSER_VA":3801.24,"OTRSER_EXP":164.93,"SERHOG_VA":336.37,"SERHOG_EXP":0.0}},{"type":"Feature","geometry":{"type":"Point","coordinates":[2.21,46.23]},"properties":{"id":"FRA","name":"Francia","continent":"europe","year":2022,"AGRPFO_VA":46555.3,"AGRPFO_EXP":21562.05,"FORLOG_VA":3975.82,"FORLOG_EXP":457.03,"PESCAC_VA":1317.47,"PESCAC_EXP":859.2,"MINCOL_VA":18.54,"MINCOL_EXP":16.5,"PETGAS_VA":302.0,"PETGAS_EXP":341.77,"MINORE_VA":25.98,"MINORE_EXP":81.39,"MINOTH_VA":2165.35,"MINOTH_EXP":574.61,"MINSER_VA":304.76,"MINSER_EXP":120.98,"ALYBEB_VA":46015.07,"ALYBEB_EXP":47992.02,"TEXYPR_VA":7213.55,"TEXYPR_EXP":12001.13,"MADYPR_VA":5409.9,"MADYPR_EXP":2816.11,"PAPYPR_VA":9994.41,"PAPYPR_EXP":7366.57,"PETREF_VA":6502.21,"PETREF_EXP":7957.19,"QUIMYP_VA":22236.69,"QUIMYP_EXP":66311.83,"FARMED_VA":14577.89,"FARMED_EXP":20394.14,"HUPLAS_VA":10873.34,"HUPLAS_EXP":14379.31,"PRNOMT_VA":11018.39,"PRNOMT_EXP":5058.17,"METBAS_VA":8946.71,"METBAS_EXP":18048.56,"NONFER_VA":3922.73,"NONFER_EXP":10611.01,"PRMETA_VA":24618.71,"PRMETA_EXP":12657.35,"ELCTRO_VA":12606.96,"ELCTRO_EXP":22532.08,"ELCTRI_VA":8358.25,"ELCTRI_EXP":21616.95,"MAQYEQ_VA":14924.34,"MAQYEQ_EXP":33912.63,"AUTOMO_VA":15781.34,"AUTOMO_EXP":43819.88,"OTRTRA_VA":2792.65,"OTRTRA_EXP":2925.55,"TRANSP_VA":18733.55,"TRANSP_EXP":66184.63,"OTRMAN_VA":40559.76,"OTRMAN_EXP":23106.66,"ELEGAS_VA":34185.63,"ELEGAS_EXP":9062.27,"AGUBAS_VA":17921.41,"AGUBAS_EXP":27.86,"CONSTR_VA":145814.83,"CONSTR_EXP":31.44,"COMREV_VA":283000.11,"COMREV_EXP":120375.29,"TRATIE_VA":58323.84,"TRATIE_EXP":22714.4,"TRAGUA_VA":23064.83,"TRAGUA_EXP":24699.64,"TRAAIR_VA":8877.81,"TRAAIR_EXP":15342.27,"ALMSTR_VA":54050.74,"ALMSTR_EXP":8778.33,"POSTME_VA":7146.65,"POSTME_EXP":2618.73,"HOTYRE_VA":47487.96,"HOTYRE_EXP":25385.65,"MMTVRA_VA":29573.45,"MMTVRA_EXP":9540.66,"TELECO_VA":24638.45,"TELECO_EXP":5814.99,"ITSERV_VA":85893.38,"ITSERV_EXP":17887.36,"SERFIN_VA":99173.51,"SERFIN_EXP":28556.71,"GOBEST_VA":343406.13,"GOBEST_EXP":4858.33,"SPRSCT_VA":218364.85,"SPRSCT_EXP":62067.73,"SEAEMP_VA":152070.29,"SEAEMP_EXP":55637.88,"ADPDEF_VA":195869.41,"ADPDEF_EXP":2248.2,"EDUCAC_VA":131942.83,"EDUCAC_EXP":2207.9,"SALUDH_VA":226760.35,"SALUDH_EXP":2228.61,"ESPARC_VA":34370.22,"ESPARC_EXP":4755.79,"OTRSER_VA":36224.24,"OTRSER_EXP":1247.08,"SERHOG_VA":3295.71,"SERHOG_EXP":0.0}},{"type":"Feature","geometry":{"type":"Point","coordinates":[-3.44,55.38]},"properties":{"id":"GBR","name":"Reino Unido","continent":"europe","year":2022,"AGRPFO_VA":18785.44,"AGRPFO_EXP":3674.12,"FORLOG_VA":1483.43,"FORLOG_EXP":116.61,"PESCAC_VA":1059.6,"PESCAC_EXP":1143.52,"MINCOL_VA":104.56,"MINCOL_EXP":200.31,"PETGAS_VA":17222.63,"PETGAS_EXP":30871.84,"MINORE_VA":0.0,"MINORE_EXP":0.0,"MINOTH_VA":3177.19,"MINOTH_EXP":808.63,"MINSER_VA":1876.81,"MINSER_EXP":1995.21,"ALYBEB_VA":41894.05,"ALYBEB_EXP":23264.62,"TEXYPR_VA":8874.55,"TEXYPR_EXP":5568.93,"MADYPR_VA":5535.21,"MADYPR_EXP":927.92,"PAPYPR_VA":11150.43,"PAPYPR_EXP":3807.04,"PETREF_VA":4396.76,"PETREF_EXP":20834.02,"QUIMYP_VA":15577.51,"QUIMYP_EXP":24968.96,"FARMED_VA":21249.32,"FARMED_EXP":28510.71,"HUPLAS_VA":11279.29,"HUPLAS_EXP":9340.33,"PRNOMT_VA":9137.8,"PRNOMT_EXP":2783.13,"METBAS_VA":3588.81,"METBAS_EXP":8833.51,"NONFER_VA":3177.59,"NONFER_EXP":7819.03,"PRMETA_VA":22160.19,"PRMETA_EXP":10838.56,"ELCTRO_VA":17938.1,"ELCTRO_EXP":10881.8,"ELCTRI_VA":7529.62,"ELCTRI_EXP":11561.86,"MAQYEQ_VA":21237.38,"MAQYEQ_EXP":24554.43,"AUTOMO_VA":21776.6,"AUTOMO_EXP":39681.38,"OTRTRA_VA":2754.0,"OTRTRA_EXP":2592.49,"TRANSP_VA":13545.92,"TRANSP_EXP":27436.34,"OTRMAN_VA":24407.3,"OTRMAN_EXP":14705.67,"ELEGAS_VA":24371.78,"ELEGAS_EXP":649.2,"AGUBAS_VA":34293.02,"AGUBAS_EXP":768.01,"CONSTR_VA":179085.04,"CONSTR_EXP":1708.47,"COMREV_VA":294349.58,"COMREV_EXP":86445.63,"TRATIE_VA":39813.82,"TRATIE_EXP":8247.76,"TRAGUA_VA":7716.98,"TRAGUA_EXP":9419.51,"TRAAIR_VA":6077.83,"TRAAIR_EXP":13645.64,"ALMSTR_VA":36748.73,"ALMSTR_EXP":8235.23,"POSTME_VA":17366.54,"POSTME_EXP":3116.31,"HOTYRE_VA":83977.62,"HOTYRE_EXP":15821.14,"MMTVRA_VA":44517.29,"MMTVRA_EXP":31986.15,"TELECO_VA":42005.23,"TELECO_EXP":10957.29,"ITSERV_VA":90899.1,"ITSERV_EXP":35302.38,"SERFIN_VA":257039.99,"SERFIN_EXP":139993.15,"GOBEST_VA":367309.1,"GOBEST_EXP":6926.74,"SPRSCT_VA":238403.89,"SPRSCT_EXP":109375.09,"SEAEMP_VA":144118.73,"SEAEMP_EXP":63834.51,"ADPDEF_VA":147438.77,"ADPDEF_EXP":655.26,"EDUCAC_VA":171591.9,"EDUCAC_EXP":20396.35,"SALUDH_VA":234058.1,"SALUDH_EXP":970.53,"ESPARC_VA":39512.8,"ESPARC_EXP":8794.62,"OTRSER_VA":45313.03,"OTRSER_EXP":779.69,"SERHOG_VA":2893.51,"SERHOG_EXP":0.0}},{"type":"Feature","geometry":{"type":"Point","coordinates":[21.82,39.07]},"properties":{"id":"GRC","name":"Grecia","continent":"europe","year":2022,"AGRPFO_VA":7535.51,"AGRPFO_EXP":2742.04,"FORLOG_VA":59.08,"FORLOG_EXP":15.59,"PESCAC_VA":944.81,"PESCAC_EXP":605.5,"MINCOL_VA":3.36,"MINCOL_EXP":15.02,"PETGAS_VA":23.2,"PETGAS_EXP":0.6,"MINORE_VA":127.01,"MINORE_EXP":147.48,"MINOTH_VA":427.77,"MINOTH_EXP":324.07,"MINSER_VA":4.22,"MINSER_EXP":8.86,"ALYBEB_VA":5413.99,"ALYBEB_EXP":5751.31,"TEXYPR_VA":570.11,"TEXYPR_EXP":1018.53,"MADYPR_VA":180.3,"MADYPR_EXP":114.28,"PAPYPR_VA":934.94,"PAPYPR_EXP":542.59,"PETREF_VA":3216.16,"PETREF_EXP":13807.51,"QUIMYP_VA":1177.82,"QUIMYP_EXP":2247.32,"FARMED_VA":1239.02,"FARMED_EXP":983.33,"HUPLAS_VA":847.84,"HUPLAS_EXP":955.36,"PRNOMT_VA":986.77,"PRNOMT_EXP":581.49,"METBAS_VA":199.55,"METBAS_EXP":1174.86,"NONFER_VA":1376.39,"NONFER_EXP":3348.46,"PRMETA_VA":1325.03,"PRMETA_EXP":949.13,"ELCTRO_VA":506.3,"ELCTRO_EXP":840.22,"ELCTRI_VA":1029.03,"ELCTRI_EXP":1172.41,"MAQYEQ_VA":515.23,"MAQYEQ_EXP":715.35,"AUTOMO_VA":71.76,"AUTOMO_EXP":73.91,"OTRTRA_VA":131.94,"OTRTRA_EXP":124.22,"TRANSP_VA":314.22,"TRANSP_EXP":137.88,"OTRMAN_VA":704.2,"OTRMAN_EXP":531.17,"ELEGAS_VA":10117.68,"ELEGAS_EXP":807.9,"AGUBAS_VA":1909.54,"AGUBAS_EXP":2.96,"CONSTR_VA":4106.11,"CONSTR_EXP":7.0,"COMREV_VA":24745.15,"COMREV_EXP":8500.37,"TRATIE_VA":3959.87,"TRATIE_EXP":1850.17,"TRAGUA_VA":4240.73,"TRAGUA_EXP":21463.67,"TRAAIR_VA":1141.41,"TRAAIR_EXP":2056.48,"ALMSTR_VA":3816.71,"ALMSTR_EXP":2079.67,"POSTME_VA":517.29,"POSTME_EXP":74.41,"HOTYRE_VA":12379.38,"HOTYRE_EXP":8378.24,"MMTVRA_VA":1389.08,"MMTVRA_EXP":601.34,"TELECO_VA":3378.27,"TELECO_EXP":908.68,"ITSERV_VA":2239.7,"ITSERV_EXP":704.24,"SERFIN_VA":9514.66,"SERFIN_EXP":1549.64,"GOBEST_VA":30859.32,"GOBEST_EXP":989.52,"SPRSCT_VA":7699.37,"SPRSCT_EXP":1614.87,"SEAEMP_VA":3883.21,"SEAEMP_EXP":2034.58,"ADPDEF_VA":17553.77,"ADPDEF_EXP":157.71,"EDUCAC_VA":9504.48,"EDUCAC_EXP":501.5,"SALUDH_VA":8494.15,"SALUDH_EXP":291.44,"ESPARC_VA":2728.91,"ESPARC_EXP":595.9,"OTRSER_VA":3035.0,"OTRSER_EXP":306.65,"SERHOG_VA":780.18,"SERHOG_EXP":0.0}},{"type":"Feature","geometry":{"type":"Point","coordinates":[114.11,22.4]},"properties":{"id":"HKG","name":"Hong Kong","continent":"asia","year":2022,"AGRPFO_VA":214.07,"AGRPFO_EXP":16.95,"FORLOG_VA":25.49,"FORLOG_EXP":7.39,"PESCAC_VA":42.58,"PESCAC_EXP":5.01,"MINCOL_VA":0.0,"MINCOL_EXP":0.0,"PETGAS_VA":0.0,"PETGAS_EXP":0.0,"MINORE_VA":0.0,"MINORE_EXP":0.0,"MINOTH_VA":0.0,"MINOTH_EXP":0.0,"MINSER_VA":49.7,"MINSER_EXP":26.7,"ALYBEB_VA":4469.4,"ALYBEB_EXP":3340.05,"TEXYPR_VA":689.61,"TEXYPR_EXP":391.96,"MADYPR_VA":583.3,"MADYPR_EXP":143.95,"PAPYPR_VA":336.75,"PAPYPR_EXP":147.97,"PETREF_VA":96.18,"PETREF_EXP":13.48,"QUIMYP_VA":391.75,"QUIMYP_EXP":396.91,"FARMED_VA":376.66,"FARMED_EXP":50.16,"HUPLAS_VA":30.6,"HUPLAS_EXP":0.06,"PRNOMT_VA":159.3,"PRNOMT_EXP":226.04,"METBAS_VA":55.04,"METBAS_EXP":0.42,"NONFER_VA":30.56,"NONFER_EXP":24.8,"PRMETA_VA":166.84,"PRMETA_EXP":414.3,"ELCTRO_VA":159.62,"ELCTRO_EXP":625.85,"ELCTRI_VA":242.52,"ELCTRI_EXP":190.45,"MAQYEQ_VA":141.99,"MAQYEQ_EXP":618.68,"AUTOMO_VA":124.68,"AUTOMO_EXP":317.08,"OTRTRA_VA":32.51,"OTRTRA_EXP":125.95,"TRANSP_VA":47.18,"TRANSP_EXP":121.58,"OTRMAN_VA":502.14,"OTRMAN_EXP":99.14,"ELEGAS_VA":3390.22,"ELEGAS_EXP":49.1,"AGUBAS_VA":2892.5,"AGUBAS_EXP":37.94,"CONSTR_VA":14069.98,"CONSTR_EXP":72.4,"COMREV_VA":72616.41,"COMREV_EXP":13191.6,"TRATIE_VA":5918.57,"TRATIE_EXP":1179.76,"TRAGUA_VA":2238.78,"TRAGUA_EXP":6389.56,"TRAAIR_VA":8997.57,"TRAAIR_EXP":18932.04,"ALMSTR_VA":537.57,"ALMSTR_EXP":123.74,"POSTME_VA":1005.71,"POSTME_EXP":204.4,"HOTYRE_VA":11648.23,"HOTYRE_EXP":1013.6,"MMTVRA_VA":1111.97,"MMTVRA_EXP":1283.39,"TELECO_VA":11350.79,"TELECO_EXP":4032.55,"ITSERV_VA":3710.68,"ITSERV_EXP":1582.04,"SERFIN_VA":65169.71,"SERFIN_EXP":46844.16,"GOBEST_VA":50486.94,"GOBEST_EXP":283.76,"SPRSCT_VA":6100.23,"SPRSCT_EXP":1806.28,"SEAEMP_VA":6362.42,"SEAEMP_EXP":780.74,"ADPDEF_VA":19741.34,"ADPDEF_EXP":59.64,"EDUCAC_VA":27830.14,"EDUCAC_EXP":275.82,"SALUDH_VA":14301.17,"SALUDH_EXP":62.0,"ESPARC_VA":2293.64,"ESPARC_EXP":972.23,"OTRSER_VA":5056.38,"OTRSER_EXP":85.06,"SERHOG_VA":4190.79,"SERHOG_EXP":0.0}},{"type":"Feature","geometry":{"type":"Point","coordinates":[15.2,45.1]},"properties":{"id":"HRV","name":"Croacia","continent":"europe","year":2022,"AGRPFO_VA":2161.24,"AGRPFO_EXP":949.38,"FORLOG_VA":315.12,"FORLOG_EXP":83.34,"PESCAC_VA":108.1,"PESCAC_EXP":164.01,"MINCOL_VA":3.19,"MINCOL_EXP":2.47,"PETGAS_VA":0.52,"PETGAS_EXP":0.63,"MINORE_VA":3.3,"MINORE_EXP":2.64,"MINOTH_VA":135.89,"MINOTH_EXP":52.24,"MINSER_VA":24.43,"MINSER_EXP":19.85,"ALYBEB_VA":1692.56,"ALYBEB_EXP":1775.15,"TEXYPR_VA":458.11,"TEXYPR_EXP":851.87,"MADYPR_VA":545.14,"MADYPR_EXP":684.96,"PAPYPR_VA":472.66,"PAPYPR_EXP":394.64,"PETREF_VA":945.87,"PETREF_EXP":712.52,"QUIMYP_VA":175.7,"QUIMYP_EXP":415.92,"FARMED_VA":456.37,"FARMED_EXP":623.39,"HUPLAS_VA":436.41,"HUPLAS_EXP":392.11,"PRNOMT_VA":617.43,"PRNOMT_EXP":638.14,"METBAS_VA":52.86,"METBAS_EXP":240.82,"NONFER_VA":24.7,"NONFER_EXP":117.1,"PRMETA_VA":1170.04,"PRMETA_EXP":1594.35,"ELCTRO_VA":162.58,"ELCTRO_EXP":218.15,"ELCTRI_VA":505.29,"ELCTRI_EXP":1004.8,"MAQYEQ_VA":469.65,"MAQYEQ_EXP":677.35,"AUTOMO_VA":122.72,"AUTOMO_EXP":217.13,"OTRTRA_VA":100.46,"OTRTRA_EXP":138.65,"TRANSP_VA":80.36,"TRANSP_EXP":110.96,"OTRMAN_VA":984.95,"OTRMAN_EXP":1045.94,"ELEGAS_VA":1029.45,"ELEGAS_EXP":590.92,"AGUBAS_VA":958.01,"AGUBAS_EXP":191.53,"CONSTR_VA":3861.11,"CONSTR_EXP":801.25,"COMREV_VA":7468.19,"COMREV_EXP":3370.83,"TRATIE_VA":2017.58,"TRATIE_EXP":1864.61,"TRAGUA_VA":390.26,"TRAGUA_EXP":374.89,"TRAAIR_VA":65.34,"TRAAIR_EXP":250.1,"ALMSTR_VA":1342.3,"ALMSTR_EXP":777.33,"POSTME_VA":235.09,"POSTME_EXP":104.52,"HOTYRE_VA":4293.99,"HOTYRE_EXP":4428.97,"MMTVRA_VA":567.52,"MMTVRA_EXP":270.02,"TELECO_VA":1069.49,"TELECO_EXP":298.37,"ITSERV_VA":2147.53,"ITSERV_EXP":590.24,"SERFIN_VA":2912.44,"SERFIN_EXP":666.12,"GOBEST_VA":5418.68,"GOBEST_EXP":1044.53,"SPRSCT_VA":3406.64,"SPRSCT_EXP":1949.33,"SEAEMP_VA":1431.01,"SEAEMP_EXP":619.4,"ADPDEF_VA":3879.94,"ADPDEF_EXP":180.93,"EDUCAC_VA":3001.44,"EDUCAC_EXP":311.78,"SALUDH_VA":3262.47,"SALUDH_EXP":197.37,"ESPARC_VA":1097.12,"ESPARC_EXP":676.15,"OTRSER_VA":1058.69,"OTRSER_EXP":311.14,"SERHOG_VA":16.99,"SERHOG_EXP":0.0}},{"type":"Feature","geometry":{"type":"Point","coordinates":[19.5,47.16]},"properties":{"id":"HUN","name":"Hungría","continent":"europe","year":2022,"AGRPFO_VA":5434.62,"AGRPFO_EXP":3962.21,"FORLOG_VA":360.7,"FORLOG_EXP":113.35,"PESCAC_VA":25.0,"PESCAC_EXP":17.86,"MINCOL_VA":1.52,"MINCOL_EXP":1.9,"PETGAS_VA":400.62,"PETGAS_EXP":198.46,"MINORE_VA":0.24,"MINORE_EXP":0.19,"MINOTH_VA":181.17,"MINOTH_EXP":66.12,"MINSER_VA":215.37,"MINSER_EXP":118.68,"ALYBEB_VA":2873.8,"ALYBEB_EXP":7031.72,"TEXYPR_VA":517.85,"TEXYPR_EXP":1168.14,"MADYPR_VA":598.73,"MADYPR_EXP":760.78,"PAPYPR_VA":1174.41,"PAPYPR_EXP":1521.82,"PETREF_VA":2710.69,"PETREF_EXP":2294.74,"QUIMYP_VA":1541.48,"QUIMYP_EXP":6191.12,"FARMED_VA":2139.91,"FARMED_EXP":3345.79,"HUPLAS_VA":2139.29,"HUPLAS_EXP":5727.7,"PRNOMT_VA":1071.1,"PRNOMT_EXP":1766.05,"METBAS_VA":218.97,"METBAS_EXP":1602.6,"NONFER_VA":403.5,"NONFER_EXP":1586.0,"PRMETA_VA":2626.08,"PRMETA_EXP":4024.15,"ELCTRO_VA":2627.33,"ELCTRO_EXP":12919.29,"ELCTRI_VA":2431.12,"ELCTRI_EXP":9437.99,"MAQYEQ_VA":2143.04,"MAQYEQ_EXP":6587.98,"AUTOMO_VA":5638.37,"AUTOMO_EXP":26362.69,"OTRTRA_VA":11.08,"OTRTRA_EXP":9.95,"TRANSP_VA":297.78,"TRANSP_EXP":1432.21,"OTRMAN_VA":2232.64,"OTRMAN_EXP":3017.72,"ELEGAS_VA":2007.65,"ELEGAS_EXP":1043.96,"AGUBAS_VA":1021.49,"AGUBAS_EXP":113.18,"CONSTR_VA":10210.0,"CONSTR_EXP":408.87,"COMREV_VA":18321.32,"COMREV_EXP":10727.46,"TRATIE_VA":5150.18,"TRATIE_EXP":3631.84,"TRAGUA_VA":208.04,"TRAGUA_EXP":60.48,"TRAAIR_VA":96.44,"TRAAIR_EXP":1671.93,"ALMSTR_VA":3129.41,"ALMSTR_EXP":3339.17,"POSTME_VA":991.23,"POSTME_EXP":271.86,"HOTYRE_VA":3297.19,"HOTYRE_EXP":1366.41,"MMTVRA_VA":1191.43,"MMTVRA_EXP":1491.11,"TELECO_VA":1661.3,"TELECO_EXP":377.7,"ITSERV_VA":4831.14,"ITSERV_EXP":3353.14,"SERFIN_VA":6153.91,"SERFIN_EXP":849.07,"GOBEST_VA":17654.75,"GOBEST_EXP":584.18,"SPRSCT_VA":9618.05,"SPRSCT_EXP":6362.58,"SEAEMP_VA":6043.25,"SEAEMP_EXP":2785.59,"ADPDEF_VA":12193.34,"ADPDEF_EXP":112.1,"EDUCAC_VA":6523.15,"EDUCAC_EXP":193.48,"SALUDH_VA":7013.77,"SALUDH_EXP":96.61,"ESPARC_VA":2350.63,"ESPARC_EXP":290.52,"OTRSER_VA":1944.62,"OTRSER_EXP":139.22,"SERHOG_VA":23.85,"SERHOG_EXP":0.0}},{"type":"Feature","geometry":{"type":"Point","coordinates":[113.92,-0.79]},"properties":{"id":"IDN","name":"Indonesia","continent":"asia","year":2022,"AGRPFO_VA":115893.72,"AGRPFO_EXP":6684.38,"FORLOG_VA":7601.58,"FORLOG_EXP":94.37,"PESCAC_VA":32405.25,"PESCAC_EXP":645.97,"MINCOL_VA":83204.28,"MINCOL_EXP":52038.65,"PETGAS_VA":38041.21,"PETGAS_EXP":20924.36,"MINORE_VA":15643.1,"MINORE_EXP":15724.26,"MINOTH_VA":14300.96,"MINOTH_EXP":108.58,"MINSER_VA":6025.41,"MINSER_EXP":356.68,"ALYBEB_VA":76887.87,"ALYBEB_EXP":44878.81,"TEXYPR_VA":14092.84,"TEXYPR_EXP":16798.59,"MADYPR_VA":5218.93,"MADYPR_EXP":4165.34,"PAPYPR_VA":7388.4,"PAPYPR_EXP":8117.73,"PETREF_VA":23397.12,"PETREF_EXP":4305.62,"QUIMYP_VA":14324.32,"QUIMYP_EXP":21644.94,"FARMED_VA":3760.14,"FARMED_EXP":556.59,"HUPLAS_VA":6069.18,"HUPLAS_EXP":4204.98,"PRNOMT_VA":5981.68,"PRNOMT_EXP":1111.88,"METBAS_VA":6097.08,"METBAS_EXP":7513.51,"NONFER_VA":4378.97,"NONFER_EXP":9615.67,"PRMETA_VA":41218.81,"PRMETA_EXP":1408.99,"ELCTRO_VA":5978.19,"ELCTRO_EXP":8274.03,"ELCTRI_VA":11144.24,"ELCTRI_EXP":7106.36,"MAQYEQ_VA":3873.31,"MAQYEQ_EXP":3406.44,"AUTOMO_VA":13310.83,"AUTOMO_EXP":7366.49,"OTRTRA_VA":697.95,"OTRTRA_EXP":1229.99,"TRANSP_VA":777.58,"TRANSP_EXP":2653.99,"OTRMAN_VA":5031.45,"OTRMAN_EXP":8518.5,"ELEGAS_VA":13166.15,"ELEGAS_EXP":7.07,"AGUBAS_VA":935.01,"AGUBAS_EXP":3.22,"CONSTR_VA":125552.04,"CONSTR_EXP":37.73,"COMREV_VA":206948.91,"COMREV_EXP":32695.26,"TRATIE_VA":31217.14,"TRATIE_EXP":3219.0,"TRAGUA_VA":5412.78,"TRAGUA_EXP":3886.48,"TRAAIR_VA":13295.27,"TRAAIR_EXP":1370.55,"ALMSTR_VA":9108.97,"ALMSTR_EXP":610.68,"POSTME_VA":1924.62,"POSTME_EXP":398.8,"HOTYRE_VA":30776.48,"HOTYRE_EXP":299.84,"MMTVRA_VA":8854.88,"MMTVRA_EXP":1402.72,"TELECO_VA":33783.75,"TELECO_EXP":572.36,"ITSERV_VA":3468.99,"ITSERV_EXP":636.96,"SERFIN_VA":51940.21,"SERFIN_EXP":1337.62,"GOBEST_VA":31775.04,"GOBEST_EXP":716.54,"SPRSCT_VA":9521.36,"SPRSCT_EXP":3935.91,"SEAEMP_VA":8547.02,"SEAEMP_EXP":7799.94,"ADPDEF_VA":38970.79,"ADPDEF_EXP":11.39,"EDUCAC_VA":36588.27,"EDUCAC_EXP":27.96,"SALUDH_VA":12682.95,"SALUDH_EXP":13.89,"ESPARC_VA":5080.02,"ESPARC_EXP":439.13,"OTRSER_VA":25325.09,"OTRSER_EXP":22.97,"SERHOG_VA":5973.78,"SERHOG_EXP":0.0}},{"type":"Feature","geometry":{"type":"Point","coordinates":[78.96,20.59]},"properties":{"id":"IND","name":"India","continent":"asia","year":2022,"AGRPFO_VA":481639.98,"AGRPFO_EXP":11417.67,"FORLOG_VA":44410.71,"FORLOG_EXP":1960.4,"PESCAC_VA":40333.68,"PESCAC_EXP":687.15,"MINCOL_VA":13074.13,"MINCOL_EXP":301.38,"PETGAS_VA":17871.13,"PETGAS_EXP":283.92,"MINORE_VA":14619.77,"MINORE_EXP":577.64,"MINOTH_VA":3364.53,"MINOTH_EXP":1862.78,"MINSER_VA":12821.85,"MINSER_EXP":539.26,"ALYBEB_VA":45318.65,"ALYBEB_EXP":38528.78,"TEXYPR_VA":58775.88,"TEXYPR_EXP":36955.8,"MADYPR_VA":11825.37,"MADYPR_EXP":716.19,"PAPYPR_VA":10130.77,"PAPYPR_EXP":2019.06,"PETREF_VA":51430.7,"PETREF_EXP":87662.59,"QUIMYP_VA":26950.35,"QUIMYP_EXP":32330.33,"FARMED_VA":21815.42,"FARMED_EXP":18553.01,"HUPLAS_VA":14550.98,"HUPLAS_EXP":8940.0,"PRNOMT_VA":27391.79,"PRNOMT_EXP":8273.54,"METBAS_VA":50414.16,"METBAS_EXP":19506.04,"NONFER_VA":16583.24,"NONFER_EXP":17981.13,"PRMETA_VA":20771.09,"PRMETA_EXP":8664.55,"ELCTRO_VA":10376.0,"ELCTRO_EXP":28614.53,"ELCTRI_VA":16887.29,"ELCTRI_EXP":8647.74,"MAQYEQ_VA":32538.81,"MAQYEQ_EXP":23526.34,"AUTOMO_VA":43770.95,"AUTOMO_EXP":14994.77,"OTRTRA_VA":241.88,"OTRTRA_EXP":570.19,"TRANSP_VA":7955.83,"TRANSP_EXP":8161.14,"OTRMAN_VA":27464.65,"OTRMAN_EXP":43064.89,"ELEGAS_VA":58119.16,"ELEGAS_EXP":1097.71,"AGUBAS_VA":15907.94,"AGUBAS_EXP":0.74,"CONSTR_VA":286499.49,"CONSTR_EXP":1208.86,"COMREV_VA":320752.86,"COMREV_EXP":47649.34,"TRATIE_VA":140276.32,"TRATIE_EXP":17192.16,"TRAGUA_VA":3054.35,"TRAGUA_EXP":2084.58,"TRAAIR_VA":2478.4,"TRAAIR_EXP":9238.28,"ALMSTR_VA":23299.37,"ALMSTR_EXP":12825.05,"POSTME_VA":7091.59,"POSTME_EXP":457.79,"HOTYRE_VA":32660.72,"HOTYRE_EXP":3478.51,"MMTVRA_VA":13916.82,"MMTVRA_EXP":10889.85,"TELECO_VA":35400.36,"TELECO_EXP":3816.29,"ITSERV_VA":164588.85,"ITSERV_EXP":132803.98,"SERFIN_VA":165356.71,"SERFIN_EXP":14837.05,"GOBEST_VA":206696.42,"GOBEST_EXP":1930.09,"SPRSCT_VA":10431.06,"SPRSCT_EXP":12963.5,"SEAEMP_VA":82882.87,"SEAEMP_EXP":28721.68,"ADPDEF_VA":208287.45,"ADPDEF_EXP":761.66,"EDUCAC_VA":151617.02,"EDUCAC_EXP":3708.61,"SALUDH_VA":48561.37,"SALUDH_EXP":132.03,"ESPARC_VA":8157.27,"ESPARC_EXP":445.52,"OTRSER_VA":41067.47,"OTRSER_EXP":173.31,"SERHOG_VA":4494.05,"SERHOG_EXP":0.0}},{"type":"Feature","geometry":{"type":"Point","coordinates":[-7.69,53.14]},"properties":{"id":"IRL","name":"Irlanda","continent":"europe","year":2022,"AGRPFO_VA":5820.22,"AGRPFO_EXP":1373.03,"FORLOG_VA":79.46,"FORLOG_EXP":101.42,"PESCAC_VA":237.48,"PESCAC_EXP":293.0,"MINCOL_VA":14.93,"MINCOL_EXP":15.64,"PETGAS_VA":52.44,"PETGAS_EXP":74.72,"MINORE_VA":155.98,"MINORE_EXP":385.54,"MINOTH_VA":374.73,"MINOTH_EXP":116.46,"MINSER_VA":22.93,"MINSER_EXP":0.95,"ALYBEB_VA":10614.23,"ALYBEB_EXP":16762.48,"TEXYPR_VA":211.69,"TEXYPR_EXP":311.69,"MADYPR_VA":596.7,"MADYPR_EXP":878.57,"PAPYPR_VA":474.09,"PAPYPR_EXP":886.38,"PETREF_VA":7306.93,"PETREF_EXP":1362.52,"QUIMYP_VA":41435.33,"QUIMYP_EXP":51309.83,"FARMED_VA":114076.21,"FARMED_EXP":170354.01,"HUPLAS_VA":1040.23,"HUPLAS_EXP":2180.47,"PRNOMT_VA":1394.64,"PRNOMT_EXP":700.36,"METBAS_VA":74.72,"METBAS_EXP":496.28,"NONFER_VA":94.48,"NONFER_EXP":397.31,"PRMETA_VA":1376.22,"PRMETA_EXP":1361.52,"ELCTRO_VA":12130.6,"ELCTRO_EXP":32120.81,"ELCTRI_VA":477.27,"ELCTRI_EXP":1050.41,"MAQYEQ_VA":2013.87,"MAQYEQ_EXP":3499.22,"AUTOMO_VA":416.51,"AUTOMO_EXP":537.15,"OTRTRA_VA":7.36,"OTRTRA_EXP":0.58,"TRANSP_VA":194.21,"TRANSP_EXP":204.47,"OTRMAN_VA":14089.68,"OTRMAN_EXP":16179.99,"ELEGAS_VA":3946.78,"ELEGAS_EXP":1979.88,"AGUBAS_VA":2108.77,"AGUBAS_EXP":32.81,"CONSTR_VA":13402.16,"CONSTR_EXP":33.3,"COMREV_VA":34987.6,"COMREV_EXP":30748.67,"TRATIE_VA":4539.01,"TRATIE_EXP":3564.78,"TRAGUA_VA":472.67,"TRAGUA_EXP":848.22,"TRAAIR_VA":1490.09,"TRAAIR_EXP":4749.96,"ALMSTR_VA":743.39,"ALMSTR_EXP":5391.67,"POSTME_VA":1144.37,"POSTME_EXP":1845.37,"HOTYRE_VA":7504.91,"HOTYRE_EXP":3533.82,"MMTVRA_VA":43669.03,"MMTVRA_EXP":62312.11,"TELECO_VA":4125.44,"TELECO_EXP":3762.93,"ITSERV_VA":39806.32,"ITSERV_EXP":139034.29,"SERFIN_VA":19028.53,"SERFIN_EXP":49922.11,"GOBEST_VA":27322.28,"GOBEST_EXP":4221.01,"SPRSCT_VA":30696.39,"SPRSCT_EXP":45191.29,"SEAEMP_VA":25626.51,"SEAEMP_EXP":29490.26,"ADPDEF_VA":12495.6,"ADPDEF_EXP":341.02,"EDUCAC_VA":12426.16,"EDUCAC_EXP":354.33,"SALUDH_VA":21684.25,"SALUDH_EXP":64.47,"ESPARC_VA":3584.36,"ESPARC_EXP":902.57,"OTRSER_VA":2469.73,"OTRSER_EXP":86.88,"SERHOG_VA":303.79,"SERHOG_EXP":0.0}},{"type":"Feature","geometry":{"type":"Point","coordinates":[-19.02,64.96]},"properties":{"id":"ISL","name":"Islandia","continent":"europe","year":2022,"AGRPFO_VA":216.27,"AGRPFO_EXP":48.86,"FORLOG_VA":3.32,"FORLOG_EXP":0.14,"PESCAC_VA":1004.53,"PESCAC_EXP":700.99,"MINCOL_VA":0.05,"MINCOL_EXP":0.01,"PETGAS_VA":1.03,"PETGAS_EXP":0.1,"MINORE_VA":0.01,"MINORE_EXP":0.0,"MINOTH_VA":32.94,"MINOTH_EXP":9.99,"MINSER_VA":0.09,"MINSER_EXP":0.01,"ALYBEB_VA":1306.53,"ALYBEB_EXP":2187.11,"TEXYPR_VA":30.87,"TEXYPR_EXP":46.71,"MADYPR_VA":9.39,"MADYPR_EXP":0.8,"PAPYPR_VA":38.84,"PAPYPR_EXP":1.94,"PETREF_VA":1.88,"PETREF_EXP":0.09,"QUIMYP_VA":51.75,"QUIMYP_EXP":48.78,"FARMED_VA":-13.75,"FARMED_EXP":1.2,"HUPLAS_VA":35.02,"HUPLAS_EXP":29.15,"PRNOMT_VA":122.58,"PRNOMT_EXP":5.54,"METBAS_VA":140.23,"METBAS_EXP":137.45,"NONFER_VA":702.66,"NONFER_EXP":2718.81,"PRMETA_VA":184.47,"PRMETA_EXP":10.8,"ELCTRO_VA":96.39,"ELCTRO_EXP":6.66,"ELCTRI_VA":17.14,"ELCTRI_EXP":29.17,"MAQYEQ_VA":165.99,"MAQYEQ_EXP":110.73,"AUTOMO_VA":4.37,"AUTOMO_EXP":1.25,"OTRTRA_VA":3.18,"OTRTRA_EXP":6.34,"TRANSP_VA":21.23,"TRANSP_EXP":8.54,"OTRMAN_VA":367.23,"OTRMAN_EXP":60.77,"ELEGAS_VA":1054.01,"ELEGAS_EXP":0.14,"AGUBAS_VA":195.38,"AGUBAS_EXP":0.22,"CONSTR_VA":1913.89,"CONSTR_EXP":0.27,"COMREV_VA":2311.49,"COMREV_EXP":731.32,"TRATIE_VA":288.25,"TRATIE_EXP":133.86,"TRAGUA_VA":188.08,"TRAGUA_EXP":363.42,"TRAAIR_VA":557.16,"TRAAIR_EXP":1250.66,"ALMSTR_VA":360.03,"ALMSTR_EXP":302.67,"POSTME_VA":64.09,"POSTME_EXP":6.29,"HOTYRE_VA":983.72,"HOTYRE_EXP":818.12,"MMTVRA_VA":131.1,"MMTVRA_EXP":133.98,"TELECO_VA":285.93,"TELECO_EXP":42.68,"ITSERV_VA":871.27,"ITSERV_EXP":382.1,"SERFIN_VA":1452.92,"SERFIN_EXP":190.74,"GOBEST_VA":2597.45,"GOBEST_EXP":3.93,"SPRSCT_VA":1112.08,"SPRSCT_EXP":485.29,"SEAEMP_VA":1075.39,"SEAEMP_EXP":579.71,"ADPDEF_VA":1412.46,"ADPDEF_EXP":0.72,"EDUCAC_VA":1496.7,"EDUCAC_EXP":2.61,"SALUDH_VA":2397.61,"SALUDH_EXP":4.88,"ESPARC_VA":370.28,"ESPARC_EXP":311.2,"OTRSER_VA":447.18,"OTRSER_EXP":74.13,"SERHOG_VA":11.99,"SERHOG_EXP":0.0}},{"type":"Feature","geometry":{"type":"Point","coordinates":[34.85,31.05]},"properties":{"id":"ISR","name":"Israel","continent":"other","year":2022,"AGRPFO_VA":7077.48,"AGRPFO_EXP":2450.14,"FORLOG_VA":39.77,"FORLOG_EXP":0.15,"PESCAC_VA":99.87,"PESCAC_EXP":27.45,"MINCOL_VA":0.0,"MINCOL_EXP":0.0,"PETGAS_VA":633.96,"PETGAS_EXP":646.65,"MINORE_VA":0.0,"MINORE_EXP":0.0,"MINOTH_VA":2591.21,"MINOTH_EXP":1663.03,"MINSER_VA":263.25,"MINSER_EXP":229.47,"ALYBEB_VA":6937.3,"ALYBEB_EXP":1084.11,"TEXYPR_VA":1090.73,"TEXYPR_EXP":981.17,"MADYPR_VA":348.05,"MADYPR_EXP":64.65,"PAPYPR_VA":1892.98,"PAPYPR_EXP":617.82,"PETREF_VA":3419.0,"PETREF_EXP":7398.26,"QUIMYP_VA":3283.29,"QUIMYP_EXP":7571.48,"FARMED_VA":2654.64,"FARMED_EXP":5773.17,"HUPLAS_VA":2763.94,"HUPLAS_EXP":2485.11,"PRNOMT_VA":1286.6,"PRNOMT_EXP":625.91,"METBAS_VA":757.2,"METBAS_EXP":474.03,"NONFER_VA":287.12,"NONFER_EXP":377.04,"PRMETA_VA":4909.99,"PRMETA_EXP":2577.86,"ELCTRO_VA":23464.2,"ELCTRO_EXP":13399.79,"ELCTRI_VA":921.09,"ELCTRI_EXP":957.95,"MAQYEQ_VA":3284.88,"MAQYEQ_EXP":3890.82,"AUTOMO_VA":469.89,"AUTOMO_EXP":217.91,"OTRTRA_VA":25.91,"OTRTRA_EXP":59.49,"TRANSP_VA":2320.99,"TRANSP_EXP":2459.18,"OTRMAN_VA":3218.97,"OTRMAN_EXP":6412.02,"ELEGAS_VA":3368.62,"ELEGAS_EXP":0.1,"AGUBAS_VA":4351.07,"AGUBAS_EXP":56.69,"CONSTR_VA":29790.65,"CONSTR_EXP":28.51,"COMREV_VA":46143.76,"COMREV_EXP":11787.36,"TRATIE_VA":8298.6,"TRATIE_EXP":1629.68,"TRAGUA_VA":4598.08,"TRAGUA_EXP":3281.29,"TRAAIR_VA":3821.6,"TRAAIR_EXP":6897.94,"ALMSTR_VA":1157.25,"ALMSTR_EXP":1572.32,"POSTME_VA":930.63,"POSTME_EXP":260.66,"HOTYRE_VA":7185.7,"HOTYRE_EXP":1557.68,"MMTVRA_VA":1748.04,"MMTVRA_EXP":2705.55,"TELECO_VA":5893.9,"TELECO_EXP":1904.62,"ITSERV_VA":40548.32,"ITSERV_EXP":33849.46,"SERFIN_VA":23241.56,"SERFIN_EXP":4362.13,"GOBEST_VA":79607.39,"GOBEST_EXP":1825.47,"SPRSCT_VA":33233.57,"SPRSCT_EXP":20397.45,"SEAEMP_VA":14483.07,"SEAEMP_EXP":1771.11,"ADPDEF_VA":32151.13,"ADPDEF_EXP":185.39,"EDUCAC_VA":28088.71,"EDUCAC_EXP":30.89,"SALUDH_VA":28895.01,"SALUDH_EXP":134.77,"ESPARC_VA":6436.53,"ESPARC_EXP":692.38,"OTRSER_VA":6542.66,"OTRSER_EXP":106.95,"SERHOG_VA":1260.96,"SERHOG_EXP":0.0}},{"type":"Feature","geometry":{"type":"Point","coordinates":[12.57,41.87]},"properties":{"id":"ITA","name":"Italia","continent":"europe","year":2022,"AGRPFO_VA":37299.89,"AGRPFO_EXP":7242.49,"FORLOG_VA":2512.39,"FORLOG_EXP":183.97,"PESCAC_VA":966.66,"PESCAC_EXP":205.4,"MINCOL_VA":50.84,"MINCOL_EXP":39.14,"PETGAS_VA":2176.97,"PETGAS_EXP":1929.98,"MINORE_VA":0.14,"MINORE_EXP":0.15,"MINOTH_VA":2697.99,"MINOTH_EXP":1137.55,"MINSER_VA":583.05,"MINSER_EXP":248.3,"ALYBEB_VA":35462.56,"ALYBEB_EXP":40902.46,"TEXYPR_VA":31026.78,"TEXYPR_EXP":40003.7,"MADYPR_VA":6264.59,"MADYPR_EXP":3205.08,"PAPYPR_VA":12613.61,"PAPYPR_EXP":9083.91,"PETREF_VA":11423.88,"PETREF_EXP":19136.04,"QUIMYP_VA":13169.24,"QUIMYP_EXP":35310.92,"FARMED_VA":11464.09,"FARMED_EXP":26136.78,"HUPLAS_VA":16887.06,"HUPLAS_EXP":19557.04,"PRNOMT_VA":13603.82,"PRNOMT_EXP":10739.02,"METBAS_VA":11429.95,"METBAS_EXP":25385.55,"NONFER_VA":3961.65,"NONFER_EXP":18376.37,"PRMETA_VA":42554.18,"PRMETA_EXP":25639.82,"ELCTRO_VA":12265.78,"ELCTRO_EXP":11666.73,"ELCTRI_VA":14465.63,"ELCTRI_EXP":25597.76,"MAQYEQ_VA":46304.23,"MAQYEQ_EXP":78607.69,"AUTOMO_VA":18106.83,"AUTOMO_EXP":33048.53,"OTRTRA_VA":2762.49,"OTRTRA_EXP":6733.92,"TRANSP_VA":7114.65,"TRANSP_EXP":13241.04,"OTRMAN_VA":28533.47,"OTRMAN_EXP":25478.58,"ELEGAS_VA":41010.17,"ELEGAS_EXP":2127.48,"AGUBAS_VA":21411.96,"AGUBAS_EXP":435.04,"CONSTR_VA":104079.53,"CONSTR_EXP":1853.82,"COMREV_VA":238099.6,"COMREV_EXP":102403.57,"TRATIE_VA":60008.82,"TRATIE_EXP":13541.48,"TRAGUA_VA":2783.57,"TRAGUA_EXP":6046.69,"TRAAIR_VA":1024.89,"TRAAIR_EXP":3489.42,"ALMSTR_VA":41451.2,"ALMSTR_EXP":10519.28,"POSTME_VA":4078.39,"POSTME_EXP":1077.19,"HOTYRE_VA":66011.26,"HOTYRE_EXP":17453.25,"MMTVRA_VA":10166.55,"MMTVRA_EXP":3421.78,"TELECO_VA":16957.27,"TELECO_EXP":5310.27,"ITSERV_VA":40606.7,"ITSERV_EXP":5606.6,"SERFIN_VA":91798.89,"SERFIN_EXP":11250.85,"GOBEST_VA":232008.73,"GOBEST_EXP":4062.95,"SPRSCT_VA":117557.72,"SPRSCT_EXP":17720.42,"SEAEMP_VA":66745.06,"SEAEMP_EXP":14662.69,"ADPDEF_VA":116854.0,"ADPDEF_EXP":736.88,"EDUCAC_VA":77812.39,"EDUCAC_EXP":1091.4,"SALUDH_VA":110133.88,"SALUDH_EXP":1030.92,"ESPARC_VA":19671.6,"ESPARC_EXP":2644.68,"OTRSER_VA":28374.02,"OTRSER_EXP":1398.7,"SERHOG_VA":18262.05,"SERHOG_EXP":0.0}},{"type":"Feature","geometry":{"type":"Point","coordinates":[36.24,30.59]},"properties":{"id":"JOR","name":"Jordania","continent":"other","year":2022,"AGRPFO_VA":1802.85,"AGRPFO_EXP":862.57,"FORLOG_VA":99.06,"FORLOG_EXP":0.43,"PESCAC_VA":3.75,"PESCAC_EXP":0.37,"MINCOL_VA":184.72,"MINCOL_EXP":0.01,"PETGAS_VA":331.56,"PETGAS_EXP":5.16,"MINORE_VA":151.09,"MINORE_EXP":0.94,"MINOTH_VA":265.68,"MINOTH_EXP":364.8,"MINSER_VA":150.31,"MINSER_EXP":4.1,"ALYBEB_VA":2063.21,"ALYBEB_EXP":1187.9,"TEXYPR_VA":1038.04,"TEXYPR_EXP":1717.02,"MADYPR_VA":65.53,"MADYPR_EXP":47.59,"PAPYPR_VA":357.71,"PAPYPR_EXP":307.64,"PETREF_VA":456.43,"PETREF_EXP":322.55,"QUIMYP_VA":749.25,"QUIMYP_EXP":1884.01,"FARMED_VA":709.52,"FARMED_EXP":628.02,"HUPLAS_VA":267.48,"HUPLAS_EXP":336.39,"PRNOMT_VA":747.03,"PRNOMT_EXP":200.73,"METBAS_VA":111.42,"METBAS_EXP":59.03,"NONFER_VA":208.1,"NONFER_EXP":43.96,"PRMETA_VA":501.81,"PRMETA_EXP":240.36,"ELCTRO_VA":47.17,"ELCTRO_EXP":19.17,"ELCTRI_VA":223.58,"ELCTRI_EXP":202.02,"MAQYEQ_VA":155.61,"MAQYEQ_EXP":151.54,"AUTOMO_VA":76.89,"AUTOMO_EXP":63.31,"OTRTRA_VA":13.49,"OTRTRA_EXP":3.21,"TRANSP_VA":24.36,"TRANSP_EXP":0.4,"OTRMAN_VA":162.24,"OTRMAN_EXP":173.63,"ELEGAS_VA":530.47,"ELEGAS_EXP":30.4,"AGUBAS_VA":404.06,"AGUBAS_EXP":0.32,"CONSTR_VA":1439.74,"CONSTR_EXP":29.25,"COMREV_VA":4011.9,"COMREV_EXP":1135.24,"TRATIE_VA":1649.58,"TRATIE_EXP":1278.42,"TRAGUA_VA":95.01,"TRAGUA_EXP":44.77,"TRAAIR_VA":262.2,"TRAAIR_EXP":1005.9,"ALMSTR_VA":611.83,"ALMSTR_EXP":262.35,"POSTME_VA":19.69,"POSTME_EXP":20.34,"HOTYRE_VA":731.38,"HOTYRE_EXP":850.95,"MMTVRA_VA":221.56,"MMTVRA_EXP":153.83,"TELECO_VA":1230.0,"TELECO_EXP":86.92,"ITSERV_VA":313.35,"ITSERV_EXP":116.37,"SERFIN_VA":3582.07,"SERFIN_EXP":613.79,"GOBEST_VA":5325.2,"GOBEST_EXP":18.21,"SPRSCT_VA":451.11,"SPRSCT_EXP":58.78,"SEAEMP_VA":377.2,"SEAEMP_EXP":222.47,"ADPDEF_VA":4707.82,"ADPDEF_EXP":0.05,"EDUCAC_VA":3591.17,"EDUCAC_EXP":711.87,"SALUDH_VA":1514.8,"SALUDH_EXP":579.39,"ESPARC_VA":126.75,"ESPARC_EXP":411.4,"OTRSER_VA":349.51,"OTRSER_EXP":40.79,"SERHOG_VA":709.81,"SERHOG_EXP":0.0}},{"type":"Feature","geometry":{"type":"Point","coordinates":[138.25,36.2]},"properties":{"id":"JPN","name":"Japón","continent":"asia","year":2022,"AGRPFO_VA":30763.16,"AGRPFO_EXP":459.23,"FORLOG_VA":2057.85,"FORLOG_EXP":141.98,"PESCAC_VA":5258.99,"PESCAC_EXP":535.76,"MINCOL_VA":472.18,"MINCOL_EXP":1.71,"PETGAS_VA":505.07,"PETGAS_EXP":50.72,"MINORE_VA":1547.73,"MINORE_EXP":122.62,"MINOTH_VA":886.79,"MINOTH_EXP":425.2,"MINSER_VA":764.45,"MINSER_EXP":362.83,"ALYBEB_VA":97985.04,"ALYBEB_EXP":6078.64,"TEXYPR_VA":11090.12,"TEXYPR_EXP":5085.99,"MADYPR_VA":10989.86,"MADYPR_EXP":255.19,"PAPYPR_VA":33983.27,"PAPYPR_EXP":3393.19,"PETREF_VA":22198.03,"PETREF_EXP":13026.57,"QUIMYP_VA":51193.11,"QUIMYP_EXP":51633.89,"FARMED_VA":26705.49,"FARMED_EXP":4902.43,"HUPLAS_VA":39924.33,"HUPLAS_EXP":20403.93,"PRNOMT_VA":22930.83,"PRNOMT_EXP":6875.31,"METBAS_VA":62069.98,"METBAS_EXP":33434.15,"NONFER_VA":27279.27,"NONFER_EXP":37525.58,"PRMETA_VA":41153.8,"PRMETA_EXP":7365.87,"ELCTRO_VA":69732.5,"ELCTRO_EXP":74727.04,"ELCTRI_VA":54756.79,"ELCTRI_EXP":54486.59,"MAQYEQ_VA":130379.62,"MAQYEQ_EXP":112598.48,"AUTOMO_VA":100020.69,"AUTOMO_EXP":149528.91,"OTRTRA_VA":5001.08,"OTRTRA_EXP":13310.89,"TRANSP_VA":8160.31,"TRANSP_EXP":7957.31,"OTRMAN_VA":107152.77,"OTRMAN_EXP":6445.81,"ELEGAS_VA":31807.04,"ELEGAS_EXP":38.17,"AGUBAS_VA":66305.98,"AGUBAS_EXP":84.94,"CONSTR_VA":228688.14,"CONSTR_EXP":100.73,"COMREV_VA":562106.7,"COMREV_EXP":112326.0,"TRATIE_VA":107412.39,"TRATIE_EXP":15077.43,"TRAGUA_VA":10104.24,"TRAGUA_EXP":8766.83,"TRAAIR_VA":4007.93,"TRAAIR_EXP":3620.35,"ALMSTR_VA":51982.53,"ALMSTR_EXP":7061.61,"POSTME_VA":7973.43,"POSTME_EXP":586.22,"HOTYRE_VA":66382.87,"HOTYRE_EXP":3978.51,"MMTVRA_VA":36179.28,"MMTVRA_EXP":8715.72,"TELECO_VA":76328.95,"TELECO_EXP":1302.93,"ITSERV_VA":106124.21,"ITSERV_EXP":9743.26,"SERFIN_VA":184202.09,"SERFIN_EXP":24670.52,"GOBEST_VA":454490.61,"GOBEST_EXP":1531.18,"SPRSCT_VA":191463.63,"SPRSCT_EXP":27314.06,"SEAEMP_VA":122792.11,"SEAEMP_EXP":63480.65,"ADPDEF_VA":206177.86,"ADPDEF_EXP":61.69,"EDUCAC_VA":135764.94,"EDUCAC_EXP":73.38,"SALUDH_VA":326895.69,"SALUDH_EXP":211.41,"ESPARC_VA":40935.68,"ESPARC_EXP":440.36,"OTRSER_VA":60647.83,"OTRSER_EXP":32.82,"SERHOG_VA":0.0,"SERHOG_EXP":0.0}},{"type":"Feature","geometry":{"type":"Point","coordinates":[66.92,48.02]},"properties":{"id":"KAZ","name":"Kazajistán","continent":"asia","year":2022,"AGRPFO_VA":11734.57,"AGRPFO_EXP":4151.0,"FORLOG_VA":94.89,"FORLOG_EXP":10.75,"PESCAC_VA":314.05,"PESCAC_EXP":2.91,"MINCOL_VA":1148.88,"MINCOL_EXP":1450.35,"PETGAS_VA":24039.33,"PETGAS_EXP":34495.38,"MINORE_VA":7223.38,"MINORE_EXP":6933.06,"MINOTH_VA":555.82,"MINOTH_EXP":731.06,"MINSER_VA":1234.43,"MINSER_EXP":23.08,"ALYBEB_VA":5475.93,"ALYBEB_EXP":3015.14,"TEXYPR_VA":211.37,"TEXYPR_EXP":135.21,"MADYPR_VA":44.75,"MADYPR_EXP":76.62,"PAPYPR_VA":232.25,"PAPYPR_EXP":65.29,"PETREF_VA":1077.55,"PETREF_EXP":2303.43,"QUIMYP_VA":1007.54,"QUIMYP_EXP":1904.76,"FARMED_VA":527.23,"FARMED_EXP":81.91,"HUPLAS_VA":444.06,"HUPLAS_EXP":240.06,"PRNOMT_VA":1371.36,"PRNOMT_EXP":215.95,"METBAS_VA":4862.29,"METBAS_EXP":6457.61,"NONFER_VA":6344.08,"NONFER_EXP":1816.12,"PRMETA_VA":436.42,"PRMETA_EXP":248.71,"ELCTRO_VA":53.86,"ELCTRO_EXP":122.86,"ELCTRI_VA":306.0,"ELCTRI_EXP":475.45,"MAQYEQ_VA":393.95,"MAQYEQ_EXP":411.29,"AUTOMO_VA":1135.6,"AUTOMO_EXP":334.58,"OTRTRA_VA":60.2,"OTRTRA_EXP":8.94,"TRANSP_VA":105.98,"TRANSP_EXP":185.28,"OTRMAN_VA":1019.12,"OTRMAN_EXP":439.17,"ELEGAS_VA":3242.31,"ELEGAS_EXP":140.8,"AGUBAS_VA":563.9,"AGUBAS_EXP":0.77,"CONSTR_VA":12315.67,"CONSTR_EXP":50.15,"COMREV_VA":38134.32,"COMREV_EXP":12840.96,"TRATIE_VA":10541.41,"TRATIE_EXP":3748.25,"TRAGUA_VA":291.97,"TRAGUA_EXP":156.47,"TRAAIR_VA":817.35,"TRAAIR_EXP":781.19,"ALMSTR_VA":2781.46,"ALMSTR_EXP":972.79,"POSTME_VA":210.83,"POSTME_EXP":35.37,"HOTYRE_VA":2377.64,"HOTYRE_EXP":365.3,"MMTVRA_VA":638.51,"MMTVRA_EXP":102.96,"TELECO_VA":2411.39,"TELECO_EXP":322.84,"ITSERV_VA":1848.67,"ITSERV_EXP":91.87,"SERFIN_VA":7172.75,"SERFIN_EXP":467.66,"GOBEST_VA":19199.31,"GOBEST_EXP":235.75,"SPRSCT_VA":7630.65,"SPRSCT_EXP":676.32,"SEAEMP_VA":4979.67,"SEAEMP_EXP":1043.89,"ADPDEF_VA":4495.7,"ADPDEF_EXP":10.22,"EDUCAC_VA":9456.91,"EDUCAC_EXP":12.12,"SALUDH_VA":6684.83,"SALUDH_EXP":26.76,"ESPARC_VA":1038.01,"ESPARC_EXP":31.98,"OTRSER_VA":4399.96,"OTRSER_EXP":15.26,"SERHOG_VA":138.62,"SERHOG_EXP":0.0}},{"type":"Feature","geometry":{"type":"Point","coordinates":[104.99,12.57]},"properties":{"id":"KHM","name":"Camboya","continent":"asia","year":2022,"AGRPFO_VA":4157.62,"AGRPFO_EXP":7037.8,"FORLOG_VA":419.79,"FORLOG_EXP":297.11,"PESCAC_VA":1505.15,"PESCAC_EXP":1593.64,"MINCOL_VA":0.0,"MINCOL_EXP":0.0,"PETGAS_VA":0.0,"PETGAS_EXP":0.0,"MINORE_VA":72.68,"MINORE_EXP":7.45,"MINOTH_VA":106.07,"MINOTH_EXP":130.09,"MINSER_VA":50.12,"MINSER_EXP":84.71,"ALYBEB_VA":650.85,"ALYBEB_EXP":1051.19,"TEXYPR_VA":3286.7,"TEXYPR_EXP":5782.76,"MADYPR_VA":36.67,"MADYPR_EXP":69.0,"PAPYPR_VA":70.44,"PAPYPR_EXP":137.57,"PETREF_VA":9.65,"PETREF_EXP":0.41,"QUIMYP_VA":70.07,"QUIMYP_EXP":111.79,"FARMED_VA":41.62,"FARMED_EXP":18.15,"HUPLAS_VA":121.67,"HUPLAS_EXP":383.22,"PRNOMT_VA":204.28,"PRNOMT_EXP":3.6,"METBAS_VA":1724.87,"METBAS_EXP":11.06,"NONFER_VA":36.16,"NONFER_EXP":43.86,"PRMETA_VA":147.66,"PRMETA_EXP":73.47,"ELCTRO_VA":0.2,"ELCTRO_EXP":0.15,"ELCTRI_VA":0.19,"ELCTRI_EXP":0.13,"MAQYEQ_VA":5.12,"MAQYEQ_EXP":4.61,"AUTOMO_VA":35.02,"AUTOMO_EXP":21.75,"OTRTRA_VA":6.15,"OTRTRA_EXP":8.78,"TRANSP_VA":11.02,"TRANSP_EXP":14.68,"OTRMAN_VA":133.38,"OTRMAN_EXP":56.21,"ELEGAS_VA":93.24,"ELEGAS_EXP":2.22,"AGUBAS_VA":86.36,"AGUBAS_EXP":1.0,"CONSTR_VA":4039.68,"CONSTR_EXP":10.86,"COMREV_VA":2616.32,"COMREV_EXP":1062.04,"TRATIE_VA":785.24,"TRATIE_EXP":1194.97,"TRAGUA_VA":139.06,"TRAGUA_EXP":157.42,"TRAAIR_VA":124.68,"TRAAIR_EXP":228.93,"ALMSTR_VA":432.47,"ALMSTR_EXP":616.15,"POSTME_VA":130.67,"POSTME_EXP":188.71,"HOTYRE_VA":1299.41,"HOTYRE_EXP":99.61,"MMTVRA_VA":149.27,"MMTVRA_EXP":282.26,"TELECO_VA":483.04,"TELECO_EXP":746.58,"ITSERV_VA":120.69,"ITSERV_EXP":199.12,"SERFIN_VA":699.76,"SERFIN_EXP":1000.49,"GOBEST_VA":1716.2,"GOBEST_EXP":146.92,"SPRSCT_VA":284.92,"SPRSCT_EXP":480.65,"SEAEMP_VA":234.71,"SEAEMP_EXP":326.69,"ADPDEF_VA":466.8,"ADPDEF_EXP":1.87,"EDUCAC_VA":381.47,"EDUCAC_EXP":9.17,"SALUDH_VA":718.71,"SALUDH_EXP":5.68,"ESPARC_VA":221.88,"ESPARC_EXP":216.49,"OTRSER_VA":401.73,"OTRSER_EXP":8.21,"SERHOG_VA":0.0,"SERHOG_EXP":0.0}},{"type":"Feature","geometry":{"type":"Point","coordinates":[127.77,35.91]},"properties":{"id":"KOR","name":"Corea del Sur","continent":"asia","year":2022,"AGRPFO_VA":22007.01,"AGRPFO_EXP":684.76,"FORLOG_VA":1748.47,"FORLOG_EXP":46.26,"PESCAC_VA":2626.1,"PESCAC_EXP":434.57,"MINCOL_VA":112.57,"MINCOL_EXP":13.22,"PETGAS_VA":68.02,"PETGAS_EXP":2.19,"MINORE_VA":52.67,"MINORE_EXP":77.78,"MINOTH_VA":1249.69,"MINOTH_EXP":408.85,"MINSER_VA":10.16,"MINSER_EXP":15.45,"ALYBEB_VA":21800.27,"ALYBEB_EXP":8382.38,"TEXYPR_VA":14122.47,"TEXYPR_EXP":11489.78,"MADYPR_VA":2351.33,"MADYPR_EXP":133.93,"PAPYPR_VA":12809.23,"PAPYPR_EXP":4244.56,"PETREF_VA":18780.4,"PETREF_EXP":58730.71,"QUIMYP_VA":47626.84,"QUIMYP_EXP":74205.74,"FARMED_VA":14498.69,"FARMED_EXP":8820.84,"HUPLAS_VA":24178.94,"HUPLAS_EXP":15512.55,"PRNOMT_VA":10082.1,"PRNOMT_EXP":4550.88,"METBAS_VA":27512.76,"METBAS_EXP":30304.49,"NONFER_VA":8391.67,"NONFER_EXP":18524.82,"PRMETA_VA":32646.27,"PRMETA_EXP":11982.84,"ELCTRO_VA":133554.19,"ELCTRO_EXP":182925.76,"ELCTRI_VA":29773.53,"ELCTRI_EXP":31118.9,"MAQYEQ_VA":42405.6,"MAQYEQ_EXP":45164.88,"AUTOMO_VA":43921.38,"AUTOMO_EXP":73298.85,"OTRTRA_VA":6511.43,"OTRTRA_EXP":17609.91,"TRANSP_VA":2755.15,"TRANSP_EXP":3189.41,"OTRMAN_VA":10087.56,"OTRMAN_EXP":4513.61,"ELEGAS_VA":18566.16,"ELEGAS_EXP":13.93,"AGUBAS_VA":11445.05,"AGUBAS_EXP":15.01,"CONSTR_VA":96077.18,"CONSTR_EXP":65.22,"COMREV_VA":152048.29,"COMREV_EXP":57677.6,"TRATIE_VA":29409.46,"TRATIE_EXP":4028.05,"TRAGUA_VA":7865.85,"TRAGUA_EXP":29382.88,"TRAAIR_VA":15222.21,"TRAAIR_EXP":7738.04,"ALMSTR_VA":16081.32,"ALMSTR_EXP":4267.75,"POSTME_VA":7251.51,"POSTME_EXP":634.07,"HOTYRE_VA":46581.2,"HOTYRE_EXP":2611.1,"MMTVRA_VA":25832.58,"MMTVRA_EXP":5051.18,"TELECO_VA":18472.85,"TELECO_EXP":1084.22,"ITSERV_VA":30791.94,"ITSERV_EXP":12233.9,"SERFIN_VA":106233.75,"SERFIN_EXP":6716.21,"GOBEST_VA":134828.06,"GOBEST_EXP":665.24,"SPRSCT_VA":102493.08,"SPRSCT_EXP":25641.51,"SEAEMP_VA":56120.5,"SEAEMP_EXP":15680.48,"ADPDEF_VA":114555.85,"ADPDEF_EXP":47.87,"EDUCAC_VA":78105.64,"EDUCAC_EXP":202.01,"SALUDH_VA":79989.42,"SALUDH_EXP":113.87,"ESPARC_VA":17843.19,"ESPARC_EXP":1025.36,"OTRSER_VA":21666.94,"OTRSER_EXP":186.22,"SERHOG_VA":2100.98,"SERHOG_EXP":0.0}},{"type":"Feature","geometry":{"type":"Point","coordinates":[102.5,19.86]},"properties":{"id":"LAO","name":"Laos","continent":"asia","year":2022,"AGRPFO_VA":2043.3,"AGRPFO_EXP":1673.51,"FORLOG_VA":159.91,"FORLOG_EXP":2.23,"PESCAC_VA":336.1,"PESCAC_EXP":0.25,"MINCOL_VA":151.22,"MINCOL_EXP":27.88,"PETGAS_VA":159.14,"PETGAS_EXP":0.15,"MINORE_VA":732.59,"MINORE_EXP":1047.3,"MINOTH_VA":349.61,"MINOTH_EXP":82.02,"MINSER_VA":127.4,"MINSER_EXP":0.25,"ALYBEB_VA":399.81,"ALYBEB_EXP":841.49,"TEXYPR_VA":162.36,"TEXYPR_EXP":294.45,"MADYPR_VA":115.03,"MADYPR_EXP":32.73,"PAPYPR_VA":2.59,"PAPYPR_EXP":3.83,"PETREF_VA":47.39,"PETREF_EXP":0.36,"QUIMYP_VA":23.86,"QUIMYP_EXP":71.93,"FARMED_VA":14.34,"FARMED_EXP":0.5,"HUPLAS_VA":7.79,"HUPLAS_EXP":3.31,"PRNOMT_VA":104.64,"PRNOMT_EXP":199.48,"METBAS_VA":1.6,"METBAS_EXP":2.3,"NONFER_VA":2.82,"NONFER_EXP":1.65,"PRMETA_VA":39.78,"PRMETA_EXP":5.43,"ELCTRO_VA":4.57,"ELCTRO_EXP":7.75,"ELCTRI_VA":3.15,"ELCTRI_EXP":5.47,"MAQYEQ_VA":0.18,"MAQYEQ_EXP":0.12,"AUTOMO_VA":0.87,"AUTOMO_EXP":1.45,"OTRTRA_VA":0.46,"OTRTRA_EXP":0.2,"TRANSP_VA":0.49,"TRANSP_EXP":0.6,"OTRMAN_VA":82.12,"OTRMAN_EXP":91.45,"ELEGAS_VA":1613.6,"ELEGAS_EXP":2446.26,"AGUBAS_VA":255.39,"AGUBAS_EXP":0.44,"CONSTR_VA":1397.98,"CONSTR_EXP":0.45,"COMREV_VA":1392.79,"COMREV_EXP":516.79,"TRATIE_VA":224.38,"TRATIE_EXP":62.9,"TRAGUA_VA":18.79,"TRAGUA_EXP":4.51,"TRAAIR_VA":28.0,"TRAAIR_EXP":23.4,"ALMSTR_VA":52.09,"ALMSTR_EXP":3.99,"POSTME_VA":43.13,"POSTME_EXP":4.51,"HOTYRE_VA":361.75,"HOTYRE_EXP":88.71,"MMTVRA_VA":30.54,"MMTVRA_EXP":8.84,"TELECO_VA":176.18,"TELECO_EXP":11.06,"ITSERV_VA":32.07,"ITSERV_EXP":13.16,"SERFIN_VA":454.43,"SERFIN_EXP":43.99,"GOBEST_VA":866.09,"GOBEST_EXP":18.26,"SPRSCT_VA":106.2,"SPRSCT_EXP":34.13,"SEAEMP_VA":52.56,"SEAEMP_EXP":17.89,"ADPDEF_VA":1220.79,"ADPDEF_EXP":0.55,"EDUCAC_VA":272.68,"EDUCAC_EXP":5.76,"SALUDH_VA":59.37,"SALUDH_EXP":3.75,"ESPARC_VA":59.27,"ESPARC_EXP":11.23,"OTRSER_VA":390.98,"OTRSER_EXP":5.25,"SERHOG_VA":47.38,"SERHOG_EXP":0.0}},{"type":"Feature","geometry":{"type":"Point","coordinates":[23.88,55.17]},"properties":{"id":"LTU","name":"Lituania","continent":"europe","year":2022,"AGRPFO_VA":2216.11,"AGRPFO_EXP":2223.83,"FORLOG_VA":578.44,"FORLOG_EXP":205.06,"PESCAC_VA":52.24,"PESCAC_EXP":37.74,"MINCOL_VA":17.46,"MINCOL_EXP":26.8,"PETGAS_VA":63.46,"PETGAS_EXP":53.07,"MINORE_VA":5.25,"MINORE_EXP":1.28,"MINOTH_VA":52.17,"MINOTH_EXP":115.59,"MINSER_VA":25.0,"MINSER_EXP":12.38,"ALYBEB_VA":2025.32,"ALYBEB_EXP":3530.8,"TEXYPR_VA":623.21,"TEXYPR_EXP":926.08,"MADYPR_VA":1046.93,"MADYPR_EXP":1337.38,"PAPYPR_VA":533.96,"PAPYPR_EXP":459.15,"PETREF_VA":269.98,"PETREF_EXP":4305.94,"QUIMYP_VA":1618.54,"QUIMYP_EXP":4220.21,"FARMED_VA":175.15,"FARMED_EXP":81.44,"HUPLAS_VA":679.71,"HUPLAS_EXP":1240.59,"PRNOMT_VA":397.79,"PRNOMT_EXP":436.79,"METBAS_VA":17.57,"METBAS_EXP":53.23,"NONFER_VA":2.61,"NONFER_EXP":4.17,"PRMETA_VA":837.69,"PRMETA_EXP":1455.72,"ELCTRO_VA":507.7,"ELCTRO_EXP":911.01,"ELCTRI_VA":209.88,"ELCTRI_EXP":523.43,"MAQYEQ_VA":344.86,"MAQYEQ_EXP":675.01,"AUTOMO_VA":251.25,"AUTOMO_EXP":364.24,"OTRTRA_VA":201.17,"OTRTRA_EXP":87.12,"TRANSP_VA":67.31,"TRANSP_EXP":203.49,"OTRMAN_VA":2338.65,"OTRMAN_EXP":3206.44,"ELEGAS_VA":1491.41,"ELEGAS_EXP":116.88,"AGUBAS_VA":562.84,"AGUBAS_EXP":41.93,"CONSTR_VA":4617.43,"CONSTR_EXP":163.5,"COMREV_VA":10180.97,"COMREV_EXP":5128.68,"TRATIE_VA":5619.63,"TRATIE_EXP":8886.82,"TRAGUA_VA":181.59,"TRAGUA_EXP":186.72,"TRAAIR_VA":86.78,"TRAAIR_EXP":304.06,"ALMSTR_VA":1904.19,"ALMSTR_EXP":2383.55,"POSTME_VA":149.55,"POSTME_EXP":126.68,"HOTYRE_VA":1137.08,"HOTYRE_EXP":244.02,"MMTVRA_VA":308.43,"MMTVRA_EXP":183.73,"TELECO_VA":635.13,"TELECO_EXP":252.35,"ITSERV_VA":2097.14,"ITSERV_EXP":1191.15,"SERFIN_VA":2268.48,"SERFIN_EXP":563.62,"GOBEST_VA":4101.89,"GOBEST_EXP":199.61,"SPRSCT_VA":2814.4,"SPRSCT_EXP":1305.26,"SEAEMP_VA":2267.51,"SEAEMP_EXP":1754.61,"ADPDEF_VA":3625.16,"ADPDEF_EXP":26.71,"EDUCAC_VA":3024.96,"EDUCAC_EXP":76.6,"SALUDH_VA":3065.41,"SALUDH_EXP":27.96,"ESPARC_VA":745.89,"ESPARC_EXP":91.2,"OTRSER_VA":548.21,"OTRSER_EXP":23.33,"SERHOG_VA":55.73,"SERHOG_EXP":0.0}},{"type":"Feature","geometry":{"type":"Point","coordinates":[6.13,49.82]},"properties":{"id":"LUX","name":"Luxemburgo","continent":"europe","year":2022,"AGRPFO_VA":202.84,"AGRPFO_EXP":405.37,"FORLOG_VA":5.15,"FORLOG_EXP":11.85,"PESCAC_VA":0.0,"PESCAC_EXP":0.0,"MINCOL_VA":0.0,"MINCOL_EXP":0.0,"PETGAS_VA":0.0,"PETGAS_EXP":0.0,"MINORE_VA":11.9,"MINORE_EXP":3.39,"MINOTH_VA":27.52,"MINOTH_EXP":2.33,"MINSER_VA":0.0,"MINSER_EXP":0.0,"ALYBEB_VA":306.79,"ALYBEB_EXP":1058.87,"TEXYPR_VA":311.09,"TEXYPR_EXP":435.35,"MADYPR_VA":83.8,"MADYPR_EXP":263.13,"PAPYPR_VA":63.86,"PAPYPR_EXP":66.66,"PETREF_VA":0.0,"PETREF_EXP":0.0,"QUIMYP_VA":183.56,"QUIMYP_EXP":327.0,"FARMED_VA":9.26,"FARMED_EXP":22.71,"HUPLAS_VA":479.8,"HUPLAS_EXP":4982.02,"PRNOMT_VA":192.88,"PRNOMT_EXP":326.72,"METBAS_VA":533.88,"METBAS_EXP":2995.71,"NONFER_VA":513.08,"NONFER_EXP":3118.31,"PRMETA_VA":266.61,"PRMETA_EXP":465.69,"ELCTRO_VA":43.31,"ELCTRO_EXP":155.85,"ELCTRI_VA":27.75,"ELCTRI_EXP":80.49,"MAQYEQ_VA":513.99,"MAQYEQ_EXP":861.51,"AUTOMO_VA":57.15,"AUTOMO_EXP":64.71,"OTRTRA_VA":0.88,"OTRTRA_EXP":2.41,"TRANSP_VA":1.59,"TRANSP_EXP":4.36,"OTRMAN_VA":109.02,"OTRMAN_EXP":210.44,"ELEGAS_VA":544.32,"ELEGAS_EXP":130.03,"AGUBAS_VA":337.17,"AGUBAS_EXP":8.26,"CONSTR_VA":3534.57,"CONSTR_EXP":88.9,"COMREV_VA":5595.5,"COMREV_EXP":3249.76,"TRATIE_VA":2056.26,"TRATIE_EXP":2414.63,"TRAGUA_VA":96.51,"TRAGUA_EXP":123.74,"TRAAIR_VA":2444.03,"TRAAIR_EXP":4139.78,"ALMSTR_VA":345.7,"ALMSTR_EXP":522.31,"POSTME_VA":175.02,"POSTME_EXP":356.62,"HOTYRE_VA":1197.69,"HOTYRE_EXP":1728.45,"MMTVRA_VA":362.57,"MMTVRA_EXP":658.77,"TELECO_VA":1468.05,"TELECO_EXP":3615.84,"ITSERV_VA":2783.78,"ITSERV_EXP":15836.6,"SERFIN_VA":21076.01,"SERFIN_EXP":90816.58,"GOBEST_VA":5354.9,"GOBEST_EXP":664.38,"SPRSCT_VA":9406.3,"SPRSCT_EXP":13451.94,"SEAEMP_VA":2976.42,"SEAEMP_EXP":2623.82,"ADPDEF_VA":4918.61,"ADPDEF_EXP":17.99,"EDUCAC_VA":3238.86,"EDUCAC_EXP":198.82,"SALUDH_VA":5076.73,"SALUDH_EXP":88.51,"ESPARC_VA":528.93,"ESPARC_EXP":318.59,"OTRSER_VA":643.39,"OTRSER_EXP":115.51,"SERHOG_VA":177.46,"SERHOG_EXP":0.0}},{"type":"Feature","geometry":{"type":"Point","coordinates":[24.6,56.88]},"properties":{"id":"LVA","name":"Letonia","continent":"europe","year":2022,"AGRPFO_VA":1114.41,"AGRPFO_EXP":1216.0,"FORLOG_VA":1028.42,"FORLOG_EXP":503.19,"PESCAC_VA":84.94,"PESCAC_EXP":42.85,"MINCOL_VA":1.24,"MINCOL_EXP":1.32,"PETGAS_VA":0.0,"PETGAS_EXP":0.0,"MINORE_VA":1.15,"MINORE_EXP":0.74,"MINOTH_VA":205.81,"MINOTH_EXP":14.42,"MINSER_VA":1.04,"MINSER_EXP":0.96,"ALYBEB_VA":831.38,"ALYBEB_EXP":1718.82,"TEXYPR_VA":174.75,"TEXYPR_EXP":281.51,"MADYPR_VA":1368.65,"MADYPR_EXP":2764.06,"PAPYPR_VA":214.23,"PAPYPR_EXP":193.78,"PETREF_VA":1.05,"PETREF_EXP":0.15,"QUIMYP_VA":156.06,"QUIMYP_EXP":552.52,"FARMED_VA":225.13,"FARMED_EXP":237.56,"HUPLAS_VA":125.73,"HUPLAS_EXP":258.92,"PRNOMT_VA":313.15,"PRNOMT_EXP":282.54,"METBAS_VA":32.24,"METBAS_EXP":47.18,"NONFER_VA":13.63,"NONFER_EXP":40.03,"PRMETA_VA":418.66,"PRMETA_EXP":678.98,"ELCTRO_VA":298.28,"ELCTRO_EXP":507.03,"ELCTRI_VA":201.81,"ELCTRI_EXP":394.97,"MAQYEQ_VA":159.93,"MAQYEQ_EXP":331.41,"AUTOMO_VA":113.21,"AUTOMO_EXP":221.02,"OTRTRA_VA":53.91,"OTRTRA_EXP":84.36,"TRANSP_VA":43.53,"TRANSP_EXP":52.72,"OTRMAN_VA":474.11,"OTRMAN_EXP":440.32,"ELEGAS_VA":1101.78,"ELEGAS_EXP":424.82,"AGUBAS_VA":349.69,"AGUBAS_EXP":10.18,"CONSTR_VA":2218.2,"CONSTR_EXP":101.3,"COMREV_VA":5100.81,"COMREV_EXP":2376.25,"TRATIE_VA":1693.06,"TRATIE_EXP":2438.09,"TRAGUA_VA":34.95,"TRAGUA_EXP":35.1,"TRAAIR_VA":71.94,"TRAAIR_EXP":167.09,"ALMSTR_VA":1193.29,"ALMSTR_EXP":1015.2,"POSTME_VA":113.83,"POSTME_EXP":67.15,"HOTYRE_VA":623.14,"HOTYRE_EXP":732.48,"MMTVRA_VA":192.21,"MMTVRA_EXP":176.58,"TELECO_VA":574.54,"TELECO_EXP":404.22,"ITSERV_VA":1732.63,"ITSERV_EXP":1117.63,"SERFIN_VA":1325.77,"SERFIN_EXP":347.08,"GOBEST_VA":2962.29,"GOBEST_EXP":55.66,"SPRSCT_VA":1881.76,"SPRSCT_EXP":762.8,"SEAEMP_VA":1147.56,"SEAEMP_EXP":253.06,"ADPDEF_VA":2915.61,"ADPDEF_EXP":4.52,"EDUCAC_VA":1690.97,"EDUCAC_EXP":17.58,"SALUDH_VA":2057.34,"SALUDH_EXP":10.07,"ESPARC_VA":732.24,"ESPARC_EXP":30.57,"OTRSER_VA":309.3,"OTRSER_EXP":12.04,"SERHOG_VA":53.98,"SERHOG_EXP":0.0}},{"type":"Feature","geometry":{"type":"Point","coordinates":[-7.09,31.79]},"properties":{"id":"MAR","name":"Marruecos","continent":"other","year":2022,"AGRPFO_VA":13840.77,"AGRPFO_EXP":3043.01,"FORLOG_VA":1741.21,"FORLOG_EXP":3.85,"PESCAC_VA":723.55,"PESCAC_EXP":252.01,"MINCOL_VA":6.91,"MINCOL_EXP":0.5,"PETGAS_VA":19.31,"PETGAS_EXP":0.9,"MINORE_VA":856.09,"MINORE_EXP":384.56,"MINOTH_VA":2906.93,"MINOTH_EXP":1277.44,"MINSER_VA":47.44,"MINSER_EXP":24.28,"ALYBEB_VA":5521.92,"ALYBEB_EXP":3730.91,"TEXYPR_VA":2495.88,"TEXYPR_EXP":3869.45,"MADYPR_VA":167.37,"MADYPR_EXP":88.4,"PAPYPR_VA":483.06,"PAPYPR_EXP":226.25,"PETREF_VA":0.13,"PETREF_EXP":0.11,"QUIMYP_VA":4661.7,"QUIMYP_EXP":8525.42,"FARMED_VA":611.61,"FARMED_EXP":340.44,"HUPLAS_VA":392.45,"HUPLAS_EXP":446.44,"PRNOMT_VA":1310.86,"PRNOMT_EXP":275.19,"METBAS_VA":253.95,"METBAS_EXP":68.49,"NONFER_VA":381.38,"NONFER_EXP":363.18,"PRMETA_VA":668.7,"PRMETA_EXP":329.64,"ELCTRO_VA":180.5,"ELCTRO_EXP":457.32,"ELCTRI_VA":1338.03,"ELCTRI_EXP":2823.53,"MAQYEQ_VA":277.6,"MAQYEQ_EXP":205.32,"AUTOMO_VA":1934.03,"AUTOMO_EXP":7663.49,"OTRTRA_VA":94.82,"OTRTRA_EXP":44.7,"TRANSP_VA":192.32,"TRANSP_EXP":250.81,"OTRMAN_VA":1029.49,"OTRMAN_EXP":1075.77,"ELEGAS_VA":2561.15,"ELEGAS_EXP":40.62,"AGUBAS_VA":501.41,"AGUBAS_EXP":2.01,"CONSTR_VA":8460.06,"CONSTR_EXP":91.05,"COMREV_VA":10951.5,"COMREV_EXP":3395.46,"TRATIE_VA":2432.31,"TRATIE_EXP":2379.79,"TRAGUA_VA":18.26,"TRAGUA_EXP":258.58,"TRAAIR_VA":377.71,"TRAAIR_EXP":1497.66,"ALMSTR_VA":1338.48,"ALMSTR_EXP":1174.29,"POSTME_VA":91.49,"POSTME_EXP":149.75,"HOTYRE_VA":3023.81,"HOTYRE_EXP":2576.03,"MMTVRA_VA":357.81,"MMTVRA_EXP":315.6,"TELECO_VA":2356.36,"TELECO_EXP":729.97,"ITSERV_VA":669.1,"ITSERV_EXP":785.77,"SERFIN_VA":5705.31,"SERFIN_EXP":448.22,"GOBEST_VA":4116.56,"GOBEST_EXP":492.6,"SPRSCT_VA":3897.35,"SPRSCT_EXP":3133.5,"SEAEMP_VA":4615.05,"SEAEMP_EXP":2264.86,"ADPDEF_VA":13195.93,"ADPDEF_EXP":461.35,"EDUCAC_VA":9552.81,"EDUCAC_EXP":355.28,"SALUDH_VA":4217.38,"SALUDH_EXP":106.66,"ESPARC_VA":414.79,"ESPARC_EXP":245.92,"OTRSER_VA":1018.82,"OTRSER_EXP":150.61,"SERHOG_VA":456.35,"SERHOG_EXP":0.0}},{"type":"Feature","geometry":{"type":"Point","coordinates":[-102.55,23.63]},"properties":{"id":"MEX","name":"México","continent":"america","year":2022,"AGRPFO_VA":53168.19,"AGRPFO_EXP":14821.83,"FORLOG_VA":1506.39,"FORLOG_EXP":97.78,"PESCAC_VA":881.85,"PESCAC_EXP":253.42,"MINCOL_VA":280.21,"MINCOL_EXP":1.26,"PETGAS_VA":27258.93,"PETGAS_EXP":30437.16,"MINORE_VA":11760.25,"MINORE_EXP":9132.34,"MINOTH_VA":6066.59,"MINOTH_EXP":484.35,"MINSER_VA":4920.57,"MINSER_EXP":13.88,"ALYBEB_VA":77473.88,"ALYBEB_EXP":22857.89,"TEXYPR_VA":8658.98,"TEXYPR_EXP":7146.79,"MADYPR_VA":2632.51,"MADYPR_EXP":761.53,"PAPYPR_VA":8234.01,"PAPYPR_EXP":2706.33,"PETREF_VA":9882.34,"PETREF_EXP":4651.06,"QUIMYP_VA":16834.59,"QUIMYP_EXP":12303.47,"FARMED_VA":6760.43,"FARMED_EXP":1694.69,"HUPLAS_VA":10481.95,"HUPLAS_EXP":13130.78,"PRNOMT_VA":10619.68,"PRNOMT_EXP":4437.83,"METBAS_VA":9215.8,"METBAS_EXP":7822.96,"NONFER_VA":9489.89,"NONFER_EXP":9105.97,"PRMETA_VA":11994.22,"PRMETA_EXP":12168.86,"ELCTRO_VA":26760.04,"ELCTRO_EXP":73553.29,"ELCTRI_VA":12391.72,"ELCTRI_EXP":35371.42,"MAQYEQ_VA":14460.01,"MAQYEQ_EXP":33930.84,"AUTOMO_VA":65100.24,"AUTOMO_EXP":137506.2,"OTRTRA_VA":138.56,"OTRTRA_EXP":382.16,"TRANSP_VA":3558.46,"TRANSP_EXP":12386.78,"OTRMAN_VA":11745.79,"OTRMAN_EXP":17236.53,"ELEGAS_VA":25692.06,"ELEGAS_EXP":469.42,"AGUBAS_VA":4411.47,"AGUBAS_EXP":0.65,"CONSTR_VA":87056.97,"CONSTR_EXP":169.52,"COMREV_VA":313022.08,"COMREV_EXP":75273.58,"TRATIE_VA":81850.55,"TRATIE_EXP":22909.13,"TRAGUA_VA":2415.74,"TRAGUA_EXP":1867.71,"TRAAIR_VA":5009.38,"TRAAIR_EXP":5259.56,"ALMSTR_VA":12977.66,"ALMSTR_EXP":6030.99,"POSTME_VA":2142.15,"POSTME_EXP":35.29,"HOTYRE_VA":33097.18,"HOTYRE_EXP":10070.03,"MMTVRA_VA":5566.8,"MMTVRA_EXP":627.67,"TELECO_VA":14193.94,"TELECO_EXP":814.61,"ITSERV_VA":2257.36,"ITSERV_EXP":181.45,"SERFIN_VA":58162.94,"SERFIN_EXP":5693.04,"GOBEST_VA":167662.3,"GOBEST_EXP":1743.07,"SPRSCT_VA":32354.13,"SPRSCT_EXP":627.36,"SEAEMP_VA":15809.37,"SEAEMP_EXP":754.38,"ADPDEF_VA":48827.44,"ADPDEF_EXP":0.18,"EDUCAC_VA":49195.66,"EDUCAC_EXP":595.87,"SALUDH_VA":35505.34,"SALUDH_EXP":401.69,"ESPARC_VA":6554.63,"ESPARC_EXP":1006.53,"OTRSER_VA":14890.79,"OTRSER_EXP":552.92,"SERHOG_VA":6040.05,"SERHOG_EXP":0.0}},{"type":"Feature","geometry":{"type":"Point","coordinates":[14.38,35.94]},"properties":{"id":"MLT","name":"Malta","continent":"europe","year":2022,"AGRPFO_VA":54.24,"AGRPFO_EXP":21.17,"FORLOG_VA":0.0,"FORLOG_EXP":0.0,"PESCAC_VA":93.78,"PESCAC_EXP":175.12,"MINCOL_VA":0.0,"MINCOL_EXP":0.0,"PETGAS_VA":5.36,"PETGAS_EXP":7.77,"MINORE_VA":1.34,"MINORE_EXP":0.34,"MINOTH_VA":29.09,"MINOTH_EXP":0.33,"MINSER_VA":2.34,"MINSER_EXP":1.06,"ALYBEB_VA":170.68,"ALYBEB_EXP":159.75,"TEXYPR_VA":22.62,"TEXYPR_EXP":13.09,"MADYPR_VA":4.37,"MADYPR_EXP":0.92,"PAPYPR_VA":134.74,"PAPYPR_EXP":109.51,"PETREF_VA":0.75,"PETREF_EXP":0.43,"QUIMYP_VA":15.61,"QUIMYP_EXP":22.55,"FARMED_VA":89.26,"FARMED_EXP":145.14,"HUPLAS_VA":73.48,"HUPLAS_EXP":106.66,"PRNOMT_VA":87.9,"PRNOMT_EXP":4.52,"METBAS_VA":1.4,"METBAS_EXP":1.51,"NONFER_VA":1.11,"NONFER_EXP":1.7,"PRMETA_VA":64.75,"PRMETA_EXP":22.25,"ELCTRO_VA":153.71,"ELCTRO_EXP":246.13,"ELCTRI_VA":22.38,"ELCTRI_EXP":49.08,"MAQYEQ_VA":30.36,"MAQYEQ_EXP":34.88,"AUTOMO_VA":76.96,"AUTOMO_EXP":39.68,"OTRTRA_VA":16.22,"OTRTRA_EXP":40.61,"TRANSP_VA":33.08,"TRANSP_EXP":48.03,"OTRMAN_VA":260.29,"OTRMAN_EXP":329.8,"ELEGAS_VA":125.88,"ELEGAS_EXP":78.2,"AGUBAS_VA":107.26,"AGUBAS_EXP":1.9,"CONSTR_VA":829.82,"CONSTR_EXP":17.16,"COMREV_VA":1632.06,"COMREV_EXP":308.86,"TRATIE_VA":130.38,"TRATIE_EXP":86.16,"TRAGUA_VA":44.85,"TRAGUA_EXP":259.54,"TRAAIR_VA":263.9,"TRAAIR_EXP":2774.77,"ALMSTR_VA":431.02,"ALMSTR_EXP":579.21,"POSTME_VA":34.63,"POSTME_EXP":20.62,"HOTYRE_VA":672.93,"HOTYRE_EXP":579.95,"MMTVRA_VA":141.69,"MMTVRA_EXP":75.52,"TELECO_VA":277.72,"TELECO_EXP":83.51,"ITSERV_VA":1620.63,"ITSERV_EXP":897.51,"SERFIN_VA":1432.37,"SERFIN_EXP":3326.46,"GOBEST_VA":1158.58,"GOBEST_EXP":39.31,"SPRSCT_VA":1875.51,"SPRSCT_EXP":2529.19,"SEAEMP_VA":1416.05,"SEAEMP_EXP":980.6,"ADPDEF_VA":972.2,"ADPDEF_EXP":32.8,"EDUCAC_VA":784.23,"EDUCAC_EXP":22.54,"SALUDH_VA":1025.96,"SALUDH_EXP":11.9,"ESPARC_VA":1615.57,"ESPARC_EXP":7491.0,"OTRSER_VA":151.42,"OTRSER_EXP":13.87,"SERHOG_VA":20.85,"SERHOG_EXP":0.0}},{"type":"Feature","geometry":{"type":"Point","coordinates":[95.96,21.91]},"properties":{"id":"MMR","name":"Myanmar","continent":"asia","year":2022,"AGRPFO_VA":19785.62,"AGRPFO_EXP":2379.02,"FORLOG_VA":542.45,"FORLOG_EXP":13.81,"PESCAC_VA":4036.29,"PESCAC_EXP":309.43,"MINCOL_VA":3.47,"MINCOL_EXP":0.43,"PETGAS_VA":1774.96,"PETGAS_EXP":3695.56,"MINORE_VA":336.01,"MINORE_EXP":25.52,"MINOTH_VA":324.79,"MINOTH_EXP":275.71,"MINSER_VA":17.41,"MINSER_EXP":8.35,"ALYBEB_VA":2890.5,"ALYBEB_EXP":1266.12,"TEXYPR_VA":2238.7,"TEXYPR_EXP":4152.83,"MADYPR_VA":321.72,"MADYPR_EXP":130.24,"PAPYPR_VA":323.32,"PAPYPR_EXP":34.08,"PETREF_VA":547.52,"PETREF_EXP":110.04,"QUIMYP_VA":397.12,"QUIMYP_EXP":28.41,"FARMED_VA":231.16,"FARMED_EXP":4.83,"HUPLAS_VA":265.3,"HUPLAS_EXP":18.86,"PRNOMT_VA":434.18,"PRNOMT_EXP":10.82,"METBAS_VA":218.26,"METBAS_EXP":130.26,"NONFER_VA":191.67,"NONFER_EXP":153.35,"PRMETA_VA":358.67,"PRMETA_EXP":17.02,"ELCTRO_VA":335.26,"ELCTRO_EXP":55.77,"ELCTRI_VA":215.29,"ELCTRI_EXP":48.85,"MAQYEQ_VA":307.0,"MAQYEQ_EXP":56.64,"AUTOMO_VA":446.43,"AUTOMO_EXP":11.74,"OTRTRA_VA":49.0,"OTRTRA_EXP":36.57,"TRANSP_VA":58.59,"TRANSP_EXP":8.91,"OTRMAN_VA":612.01,"OTRMAN_EXP":94.02,"ELEGAS_VA":289.11,"ELEGAS_EXP":20.79,"AGUBAS_VA":66.11,"AGUBAS_EXP":1.56,"CONSTR_VA":2188.64,"CONSTR_EXP":19.53,"COMREV_VA":4865.6,"COMREV_EXP":1020.02,"TRATIE_VA":1236.4,"TRATIE_EXP":145.72,"TRAGUA_VA":463.26,"TRAGUA_EXP":256.95,"TRAAIR_VA":354.78,"TRAAIR_EXP":227.29,"ALMSTR_VA":423.16,"ALMSTR_EXP":198.05,"POSTME_VA":74.45,"POSTME_EXP":1.31,"HOTYRE_VA":1417.3,"HOTYRE_EXP":179.54,"MMTVRA_VA":265.58,"MMTVRA_EXP":29.21,"TELECO_VA":1108.23,"TELECO_EXP":34.97,"ITSERV_VA":181.25,"ITSERV_EXP":105.16,"SERFIN_VA":1292.69,"SERFIN_EXP":27.21,"GOBEST_VA":1664.46,"GOBEST_EXP":81.23,"SPRSCT_VA":962.14,"SPRSCT_EXP":980.21,"SEAEMP_VA":628.16,"SEAEMP_EXP":534.65,"ADPDEF_VA":1864.43,"ADPDEF_EXP":4.72,"EDUCAC_VA":1129.86,"EDUCAC_EXP":12.24,"SALUDH_VA":1368.77,"SALUDH_EXP":8.21,"ESPARC_VA":232.0,"ESPARC_EXP":38.88,"OTRSER_VA":392.91,"OTRSER_EXP":12.65,"SERHOG_VA":0.0,"SERHOG_EXP":0.0}},{"type":"Feature","geometry":{"type":"Point","coordinates":[101.98,4.21]},"properties":{"id":"MYS","name":"Malasia","continent":"asia","year":2022,"AGRPFO_VA":28364.66,"AGRPFO_EXP":2955.09,"FORLOG_VA":1489.12,"FORLOG_EXP":199.28,"PESCAC_VA":2729.29,"PESCAC_EXP":198.65,"MINCOL_VA":16035.1,"MINCOL_EXP":561.95,"PETGAS_VA":18089.09,"PETGAS_EXP":23092.56,"MINORE_VA":440.08,"MINORE_EXP":904.53,"MINOTH_VA":1541.17,"MINOTH_EXP":199.51,"MINSER_VA":2684.52,"MINSER_EXP":65.8,"ALYBEB_VA":7698.0,"ALYBEB_EXP":28621.61,"TEXYPR_VA":1211.41,"TEXYPR_EXP":1752.46,"MADYPR_VA":1838.77,"MADYPR_EXP":1751.07,"PAPYPR_VA":2301.22,"PAPYPR_EXP":1969.08,"PETREF_VA":14166.15,"PETREF_EXP":6152.32,"QUIMYP_VA":6708.1,"QUIMYP_EXP":20820.63,"FARMED_VA":483.46,"FARMED_EXP":457.53,"HUPLAS_VA":5594.18,"HUPLAS_EXP":8513.51,"PRNOMT_VA":2318.0,"PRNOMT_EXP":3579.1,"METBAS_VA":1446.92,"METBAS_EXP":6727.97,"NONFER_VA":623.92,"NONFER_EXP":4226.12,"PRMETA_VA":3583.38,"PRMETA_EXP":3616.05,"ELCTRO_VA":20593.27,"ELCTRO_EXP":55349.18,"ELCTRI_VA":2163.77,"ELCTRI_EXP":6848.2,"MAQYEQ_VA":2372.67,"MAQYEQ_EXP":7060.06,"AUTOMO_VA":6007.35,"AUTOMO_EXP":1207.7,"OTRTRA_VA":641.87,"OTRTRA_EXP":322.02,"TRANSP_VA":755.91,"TRANSP_EXP":1751.88,"OTRMAN_VA":2526.56,"OTRMAN_EXP":5786.64,"ELEGAS_VA":6732.96,"ELEGAS_EXP":62.69,"AGUBAS_VA":2312.28,"AGUBAS_EXP":0.92,"CONSTR_VA":12520.39,"CONSTR_EXP":3.23,"COMREV_VA":87178.65,"COMREV_EXP":22992.55,"TRATIE_VA":3331.38,"TRATIE_EXP":2822.91,"TRAGUA_VA":1928.97,"TRAGUA_EXP":2358.85,"TRAAIR_VA":1797.51,"TRAAIR_EXP":4269.56,"ALMSTR_VA":5326.19,"ALMSTR_EXP":1605.17,"POSTME_VA":544.34,"POSTME_EXP":278.77,"HOTYRE_VA":11243.11,"HOTYRE_EXP":2343.28,"MMTVRA_VA":2003.66,"MMTVRA_EXP":453.89,"TELECO_VA":11036.71,"TELECO_EXP":935.42,"ITSERV_VA":5120.79,"ITSERV_EXP":2698.82,"SERFIN_VA":25201.59,"SERFIN_EXP":4277.65,"GOBEST_VA":13209.45,"GOBEST_EXP":597.59,"SPRSCT_VA":7226.17,"SPRSCT_EXP":6341.56,"SEAEMP_VA":3327.76,"SEAEMP_EXP":3667.39,"ADPDEF_VA":28649.17,"ADPDEF_EXP":4.56,"EDUCAC_VA":13974.26,"EDUCAC_EXP":129.04,"SALUDH_VA":4149.92,"SALUDH_EXP":86.49,"ESPARC_VA":2726.62,"ESPARC_EXP":586.03,"OTRSER_VA":764.22,"OTRSER_EXP":124.66,"SERHOG_VA":458.83,"SERHOG_EXP":0.0}},{"type":"Feature","geometry":{"type":"Point","coordinates":[8.68,9.08]},"properties":{"id":"NGA","name":"Nigeria","continent":"other","year":2022,"AGRPFO_VA":99924.3,"AGRPFO_EXP":1629.35,"FORLOG_VA":767.22,"FORLOG_EXP":97.3,"PESCAC_VA":5073.88,"PESCAC_EXP":1.65,"MINCOL_VA":39.48,"MINCOL_EXP":0.35,"PETGAS_VA":38170.05,"PETGAS_EXP":50635.53,"MINORE_VA":34.11,"MINORE_EXP":5.37,"MINOTH_VA":1054.98,"MINOTH_EXP":31.3,"MINSER_VA":51.97,"MINSER_EXP":0.93,"ALYBEB_VA":28772.02,"ALYBEB_EXP":1923.7,"TEXYPR_VA":5755.18,"TEXYPR_EXP":1804.07,"MADYPR_VA":1204.46,"MADYPR_EXP":134.52,"PAPYPR_VA":1076.41,"PAPYPR_EXP":3.79,"PETREF_VA":43.17,"PETREF_EXP":78.59,"QUIMYP_VA":925.57,"QUIMYP_EXP":168.68,"FARMED_VA":184.34,"FARMED_EXP":3.26,"HUPLAS_VA":1697.65,"HUPLAS_EXP":167.07,"PRNOMT_VA":18020.88,"PRNOMT_EXP":7.71,"METBAS_VA":144.14,"METBAS_EXP":2.22,"NONFER_VA":248.26,"NONFER_EXP":245.43,"PRMETA_VA":164.64,"PRMETA_EXP":20.45,"ELCTRO_VA":217.75,"ELCTRO_EXP":11.18,"ELCTRI_VA":40.24,"ELCTRI_EXP":1.61,"MAQYEQ_VA":199.85,"MAQYEQ_EXP":65.85,"AUTOMO_VA":2480.34,"AUTOMO_EXP":214.54,"OTRTRA_VA":261.52,"OTRTRA_EXP":20.98,"TRANSP_VA":4.33,"TRANSP_EXP":3.39,"OTRMAN_VA":1595.56,"OTRMAN_EXP":41.07,"ELEGAS_VA":3937.97,"ELEGAS_EXP":89.95,"AGUBAS_VA":782.36,"AGUBAS_EXP":0.2,"CONSTR_VA":41900.58,"CONSTR_EXP":0.02,"COMREV_VA":67249.37,"COMREV_EXP":6413.21,"TRATIE_VA":8557.53,"TRATIE_EXP":1969.57,"TRAGUA_VA":599.42,"TRAGUA_EXP":56.91,"TRAAIR_VA":598.85,"TRAAIR_EXP":421.72,"ALMSTR_VA":1822.24,"ALMSTR_EXP":291.28,"POSTME_VA":58.96,"POSTME_EXP":45.51,"HOTYRE_VA":2862.32,"HOTYRE_EXP":178.8,"MMTVRA_VA":10345.59,"MMTVRA_EXP":35.86,"TELECO_VA":28229.74,"TELECO_EXP":59.65,"ITSERV_VA":10142.57,"ITSERV_EXP":44.04,"SERFIN_VA":16284.19,"SERFIN_EXP":461.45,"GOBEST_VA":29036.06,"GOBEST_EXP":49.68,"SPRSCT_VA":13876.65,"SPRSCT_EXP":39.99,"SEAEMP_VA":102.14,"SEAEMP_EXP":8.88,"ADPDEF_VA":7334.28,"ADPDEF_EXP":0.04,"EDUCAC_VA":6669.68,"EDUCAC_EXP":10.03,"SALUDH_VA":3073.1,"SALUDH_EXP":6.79,"ESPARC_VA":614.03,"ESPARC_EXP":17.49,"OTRSER_VA":9373.62,"OTRSER_EXP":10.01,"SERHOG_VA":2328.87,"SERHOG_EXP":0.0}},{"type":"Feature","geometry":{"type":"Point","coordinates":[5.29,52.13]},"properties":{"id":"NLD","name":"Países Bajos","continent":"europe","year":2022,"AGRPFO_VA":17440.17,"AGRPFO_EXP":12827.57,"FORLOG_VA":225.88,"FORLOG_EXP":281.64,"PESCAC_VA":357.71,"PESCAC_EXP":326.29,"MINCOL_VA":0.0,"MINCOL_EXP":0.0,"PETGAS_VA":17196.78,"PETGAS_EXP":12848.84,"MINORE_VA":0.0,"MINORE_EXP":0.0,"MINOTH_VA":788.97,"MINOTH_EXP":650.67,"MINSER_VA":1127.92,"MINSER_EXP":1457.1,"ALYBEB_VA":18996.94,"ALYBEB_EXP":65856.14,"TEXYPR_VA":1414.19,"TEXYPR_EXP":2594.49,"MADYPR_VA":1595.81,"MADYPR_EXP":1287.14,"PAPYPR_VA":3773.27,"PAPYPR_EXP":5874.64,"PETREF_VA":4812.07,"PETREF_EXP":33415.23,"QUIMYP_VA":10074.43,"QUIMYP_EXP":50433.04,"FARMED_VA":8870.85,"FARMED_EXP":8428.02,"HUPLAS_VA":3941.58,"HUPLAS_EXP":6773.23,"PRNOMT_VA":2678.06,"PRNOMT_EXP":1928.11,"METBAS_VA":2275.58,"METBAS_EXP":2608.17,"NONFER_VA":638.91,"NONFER_EXP":2862.43,"PRMETA_VA":9640.87,"PRMETA_EXP":8051.59,"ELCTRO_VA":7357.55,"ELCTRO_EXP":13002.38,"ELCTRI_VA":3689.63,"ELCTRI_EXP":6102.46,"MAQYEQ_VA":20260.61,"MAQYEQ_EXP":33294.42,"AUTOMO_VA":4396.68,"AUTOMO_EXP":6617.98,"OTRTRA_VA":1144.2,"OTRTRA_EXP":4898.19,"TRANSP_VA":950.34,"TRANSP_EXP":3268.98,"OTRMAN_VA":8246.1,"OTRMAN_EXP":6985.63,"ELEGAS_VA":17115.38,"ELEGAS_EXP":3133.2,"AGUBAS_VA":5468.54,"AGUBAS_EXP":2414.53,"CONSTR_VA":47363.23,"CONSTR_EXP":752.84,"COMREV_VA":126967.46,"COMREV_EXP":70421.11,"TRATIE_VA":16811.03,"TRATIE_EXP":11795.49,"TRAGUA_VA":5125.91,"TRAGUA_EXP":8871.74,"TRAAIR_VA":3798.25,"TRAAIR_EXP":6208.07,"ALMSTR_VA":18169.78,"ALMSTR_EXP":10060.5,"POSTME_VA":2586.7,"POSTME_EXP":4827.03,"HOTYRE_VA":17522.99,"HOTYRE_EXP":5304.73,"MMTVRA_VA":6796.78,"MMTVRA_EXP":4621.48,"TELECO_VA":8212.74,"TELECO_EXP":4865.49,"ITSERV_VA":30819.22,"ITSERV_EXP":19351.76,"SERFIN_VA":53193.69,"SERFIN_EXP":13672.52,"GOBEST_VA":63880.43,"GOBEST_EXP":1132.25,"SPRSCT_VA":84386.72,"SPRSCT_EXP":43828.42,"SEAEMP_VA":66467.17,"SEAEMP_EXP":38333.9,"ADPDEF_VA":65205.28,"ADPDEF_EXP":3449.91,"EDUCAC_VA":44644.11,"EDUCAC_EXP":1275.4,"SALUDH_VA":77970.41,"SALUDH_EXP":500.91,"ESPARC_VA":9983.84,"ESPARC_EXP":2027.36,"OTRSER_VA":10125.12,"OTRSER_EXP":526.03,"SERHOG_VA":1060.79,"SERHOG_EXP":0.0}},{"type":"Feature","geometry":{"type":"Point","coordinates":[8.47,60.47]},"properties":{"id":"NOR","name":"Noruega","continent":"europe","year":2022,"AGRPFO_VA":1892.59,"AGRPFO_EXP":156.31,"FORLOG_VA":851.48,"FORLOG_EXP":221.87,"PESCAC_VA":7081.36,"PESCAC_EXP":6778.66,"MINCOL_VA":8.94,"MINCOL_EXP":2.73,"PETGAS_VA":202264.79,"PETGAS_EXP":208173.41,"MINORE_VA":191.68,"MINORE_EXP":307.75,"MINOTH_VA":540.77,"MINOTH_EXP":435.35,"MINSER_VA":5834.57,"MINSER_EXP":1243.67,"ALYBEB_VA":5464.1,"ALYBEB_EXP":5892.98,"TEXYPR_VA":455.14,"TEXYPR_EXP":346.04,"MADYPR_VA":1371.32,"MADYPR_EXP":443.36,"PAPYPR_VA":900.03,"PAPYPR_EXP":669.05,"PETREF_VA":904.75,"PETREF_EXP":3792.37,"QUIMYP_VA":2935.9,"QUIMYP_EXP":2432.69,"FARMED_VA":1379.92,"FARMED_EXP":596.68,"HUPLAS_VA":600.64,"HUPLAS_EXP":539.14,"PRNOMT_VA":1458.55,"PRNOMT_EXP":362.63,"METBAS_VA":470.73,"METBAS_EXP":1542.0,"NONFER_VA":2477.37,"NONFER_EXP":6904.97,"PRMETA_VA":2666.85,"PRMETA_EXP":1338.95,"ELCTRO_VA":1603.97,"ELCTRO_EXP":1977.53,"ELCTRI_VA":902.36,"ELCTRI_EXP":1764.17,"MAQYEQ_VA":2190.19,"MAQYEQ_EXP":1968.14,"AUTOMO_VA":412.42,"AUTOMO_EXP":745.72,"OTRTRA_VA":1656.28,"OTRTRA_EXP":892.59,"TRANSP_VA":92.48,"TRANSP_EXP":148.08,"OTRMAN_VA":3317.47,"OTRMAN_EXP":2112.49,"ELEGAS_VA":19913.89,"ELEGAS_EXP":4911.3,"AGUBAS_VA":3222.59,"AGUBAS_EXP":22.42,"CONSTR_VA":26676.43,"CONSTR_EXP":50.47,"COMREV_VA":33669.31,"COMREV_EXP":10198.69,"TRATIE_VA":7048.58,"TRATIE_EXP":3056.18,"TRAGUA_VA":4653.97,"TRAGUA_EXP":18639.42,"TRAAIR_VA":360.97,"TRAAIR_EXP":2348.79,"ALMSTR_VA":3861.95,"ALMSTR_EXP":2175.8,"POSTME_VA":982.72,"POSTME_EXP":343.65,"HOTYRE_VA":6049.01,"HOTYRE_EXP":1947.38,"MMTVRA_VA":3666.72,"MMTVRA_EXP":765.32,"TELECO_VA":3963.44,"TELECO_EXP":1275.83,"ITSERV_VA":9762.81,"ITSERV_EXP":2263.66,"SERFIN_VA":17343.35,"SERFIN_EXP":5964.86,"GOBEST_VA":30063.63,"GOBEST_EXP":327.64,"SPRSCT_VA":20261.97,"SPRSCT_EXP":5012.06,"SEAEMP_VA":11234.95,"SEAEMP_EXP":2937.43,"ADPDEF_VA":26698.01,"ADPDEF_EXP":49.34,"EDUCAC_VA":19806.15,"EDUCAC_EXP":137.07,"SALUDH_VA":43039.33,"SALUDH_EXP":79.9,"ESPARC_VA":3894.4,"ESPARC_EXP":450.2,"OTRSER_VA":3875.65,"OTRSER_EXP":100.23,"SERHOG_VA":33.16,"SERHOG_EXP":0.0}},{"type":"Feature","geometry":{"type":"Point","coordinates":[174.89,-40.9]},"properties":{"id":"NZL","name":"Nueva Zelanda","continent":"other","year":2022,"AGRPFO_VA":9234.12,"AGRPFO_EXP":3867.71,"FORLOG_VA":1052.38,"FORLOG_EXP":1611.91,"PESCAC_VA":2299.05,"PESCAC_EXP":1157.47,"MINCOL_VA":101.82,"MINCOL_EXP":177.79,"PETGAS_VA":1272.68,"PETGAS_EXP":574.81,"MINORE_VA":219.06,"MINORE_EXP":263.03,"MINOTH_VA":209.8,"MINOTH_EXP":23.61,"MINSER_VA":280.48,"MINSER_EXP":34.66,"ALYBEB_VA":10043.34,"ALYBEB_EXP":20201.27,"TEXYPR_VA":558.8,"TEXYPR_EXP":467.84,"MADYPR_VA":1592.62,"MADYPR_EXP":869.91,"PAPYPR_VA":1069.1,"PAPYPR_EXP":1177.88,"PETREF_VA":24.26,"PETREF_EXP":11.11,"QUIMYP_VA":1011.18,"QUIMYP_EXP":814.51,"FARMED_VA":204.89,"FARMED_EXP":183.85,"HUPLAS_VA":1009.72,"HUPLAS_EXP":444.8,"PRNOMT_VA":1046.88,"PRNOMT_EXP":168.16,"METBAS_VA":319.37,"METBAS_EXP":334.98,"NONFER_VA":739.05,"NONFER_EXP":1191.45,"PRMETA_VA":2162.12,"PRMETA_EXP":377.68,"ELCTRO_VA":596.48,"ELCTRO_EXP":475.7,"ELCTRI_VA":610.42,"ELCTRI_EXP":420.61,"MAQYEQ_VA":2387.11,"MAQYEQ_EXP":970.6,"AUTOMO_VA":341.66,"AUTOMO_EXP":144.39,"OTRTRA_VA":128.9,"OTRTRA_EXP":110.21,"TRANSP_VA":442.54,"TRANSP_EXP":134.11,"OTRMAN_VA":715.75,"OTRMAN_EXP":582.93,"ELEGAS_VA":4675.41,"ELEGAS_EXP":17.29,"AGUBAS_VA":2213.92,"AGUBAS_EXP":21.15,"CONSTR_VA":20402.36,"CONSTR_EXP":284.76,"COMREV_VA":25594.57,"COMREV_EXP":8345.35,"TRATIE_VA":3781.45,"TRATIE_EXP":592.05,"TRAGUA_VA":392.28,"TRAGUA_EXP":78.96,"TRAAIR_VA":2805.58,"TRAAIR_EXP":939.83,"ALMSTR_VA":3788.14,"ALMSTR_EXP":483.3,"POSTME_VA":947.53,"POSTME_EXP":139.22,"HOTYRE_VA":5982.23,"HOTYRE_EXP":1382.36,"MMTVRA_VA":1539.26,"MMTVRA_EXP":489.28,"TELECO_VA":1858.21,"TELECO_EXP":373.55,"ITSERV_VA":2084.4,"ITSERV_EXP":956.93,"SERFIN_VA":16213.68,"SERFIN_EXP":841.3,"GOBEST_VA":20971.32,"GOBEST_EXP":853.65,"SPRSCT_VA":24250.02,"SPRSCT_EXP":1016.58,"SEAEMP_VA":5335.1,"SEAEMP_EXP":1340.22,"ADPDEF_VA":11379.59,"ADPDEF_EXP":74.38,"EDUCAC_VA":10681.52,"EDUCAC_EXP":288.99,"SALUDH_VA":18339.68,"SALUDH_EXP":91.74,"ESPARC_VA":3448.43,"ESPARC_EXP":536.4,"OTRSER_VA":5378.49,"OTRSER_EXP":78.62,"SERHOG_VA":674.76,"SERHOG_EXP":0.0}},{"type":"Feature","geometry":{"type":"Point","coordinates":[69.35,30.38]},"properties":{"id":"PAK","name":"Pakistán","continent":"asia","year":2022,"AGRPFO_VA":65115.68,"AGRPFO_EXP":930.14,"FORLOG_VA":1190.81,"FORLOG_EXP":2.78,"PESCAC_VA":889.22,"PESCAC_EXP":35.46,"MINCOL_VA":234.29,"MINCOL_EXP":0.64,"PETGAS_VA":4591.14,"PETGAS_EXP":129.47,"MINORE_VA":214.71,"MINORE_EXP":86.31,"MINOTH_VA":315.99,"MINOTH_EXP":153.07,"MINSER_VA":295.49,"MINSER_EXP":10.56,"ALYBEB_VA":10495.74,"ALYBEB_EXP":3382.57,"TEXYPR_VA":14839.63,"TEXYPR_EXP":11985.25,"MADYPR_VA":1114.82,"MADYPR_EXP":47.17,"PAPYPR_VA":2385.19,"PAPYPR_EXP":64.56,"PETREF_VA":2853.09,"PETREF_EXP":107.12,"QUIMYP_VA":2951.58,"QUIMYP_EXP":740.26,"FARMED_VA":1050.12,"FARMED_EXP":221.74,"HUPLAS_VA":1325.9,"HUPLAS_EXP":136.66,"PRNOMT_VA":2843.31,"PRNOMT_EXP":288.86,"METBAS_VA":1225.4,"METBAS_EXP":78.84,"NONFER_VA":923.15,"NONFER_EXP":704.86,"PRMETA_VA":2081.46,"PRMETA_EXP":187.43,"ELCTRO_VA":1559.95,"ELCTRO_EXP":41.26,"ELCTRI_VA":1046.7,"ELCTRI_EXP":75.54,"MAQYEQ_VA":1724.9,"MAQYEQ_EXP":85.41,"AUTOMO_VA":2310.92,"AUTOMO_EXP":34.4,"OTRTRA_VA":314.34,"OTRTRA_EXP":0.37,"TRANSP_VA":343.2,"TRANSP_EXP":5.55,"OTRMAN_VA":1297.96,"OTRMAN_EXP":538.95,"ELEGAS_VA":3632.98,"ELEGAS_EXP":28.79,"AGUBAS_VA":1876.41,"AGUBAS_EXP":9.14,"CONSTR_VA":8588.42,"CONSTR_EXP":30.9,"COMREV_VA":30285.76,"COMREV_EXP":2996.4,"TRATIE_VA":8786.34,"TRATIE_EXP":310.89,"TRAGUA_VA":2560.6,"TRAGUA_EXP":518.09,"TRAAIR_VA":1595.92,"TRAAIR_EXP":414.08,"ALMSTR_VA":2445.94,"ALMSTR_EXP":129.7,"POSTME_VA":635.9,"POSTME_EXP":2.91,"HOTYRE_VA":7858.47,"HOTYRE_EXP":197.77,"MMTVRA_VA":2256.94,"MMTVRA_EXP":190.2,"TELECO_VA":6570.59,"TELECO_EXP":367.63,"ITSERV_VA":1591.13,"ITSERV_EXP":914.71,"SERFIN_VA":10657.81,"SERFIN_EXP":220.08,"GOBEST_VA":13663.43,"GOBEST_EXP":79.28,"SPRSCT_VA":8045.16,"SPRSCT_EXP":1373.73,"SEAEMP_VA":5351.25,"SEAEMP_EXP":666.15,"ADPDEF_VA":13635.19,"ADPDEF_EXP":12.19,"EDUCAC_VA":7516.99,"EDUCAC_EXP":16.28,"SALUDH_VA":11868.97,"SALUDH_EXP":12.92,"ESPARC_VA":1940.23,"ESPARC_EXP":207.09,"OTRSER_VA":3464.35,"OTRSER_EXP":27.41,"SERHOG_VA":1272.55,"SERHOG_EXP":0.0}},{"type":"Feature","geometry":{"type":"Point","coordinates":[-75.02,-9.19]},"properties":{"id":"PER","name":"Perú","continent":"america","year":2022,"AGRPFO_VA":15065.58,"AGRPFO_EXP":7654.31,"FORLOG_VA":321.04,"FORLOG_EXP":11.26,"PESCAC_VA":1553.45,"PESCAC_EXP":3.88,"MINCOL_VA":257.24,"MINCOL_EXP":35.7,"PETGAS_VA":5026.6,"PETGAS_EXP":2722.84,"MINORE_VA":22859.51,"MINORE_EXP":27166.38,"MINOTH_VA":1503.52,"MINOTH_EXP":324.21,"MINSER_VA":869.42,"MINSER_EXP":3.23,"ALYBEB_VA":7689.72,"ALYBEB_EXP":8639.32,"TEXYPR_VA":2035.39,"TEXYPR_EXP":1555.64,"MADYPR_VA":394.97,"MADYPR_EXP":147.56,"PAPYPR_VA":1188.17,"PAPYPR_EXP":201.82,"PETREF_VA":4370.2,"PETREF_EXP":1563.67,"QUIMYP_VA":1484.74,"QUIMYP_EXP":1422.82,"FARMED_VA":247.06,"FARMED_EXP":108.65,"HUPLAS_VA":1111.58,"HUPLAS_EXP":843.72,"PRNOMT_VA":1672.17,"PRNOMT_EXP":359.81,"METBAS_VA":779.85,"METBAS_EXP":214.7,"NONFER_VA":2801.87,"NONFER_EXP":5999.43,"PRMETA_VA":1517.49,"PRMETA_EXP":311.78,"ELCTRO_VA":57.76,"ELCTRO_EXP":29.31,"ELCTRI_VA":76.58,"ELCTRI_EXP":361.06,"MAQYEQ_VA":762.42,"MAQYEQ_EXP":231.79,"AUTOMO_VA":1068.74,"AUTOMO_EXP":95.42,"OTRTRA_VA":40.84,"OTRTRA_EXP":6.07,"TRANSP_VA":327.77,"TRANSP_EXP":10.95,"OTRMAN_VA":4204.9,"OTRMAN_EXP":1419.02,"ELEGAS_VA":5495.43,"ELEGAS_EXP":11.92,"AGUBAS_VA":952.86,"AGUBAS_EXP":0.31,"CONSTR_VA":18388.09,"CONSTR_EXP":6.36,"COMREV_VA":24432.12,"COMREV_EXP":5303.0,"TRATIE_VA":8250.81,"TRATIE_EXP":950.92,"TRAGUA_VA":145.14,"TRAGUA_EXP":192.95,"TRAAIR_VA":600.11,"TRAAIR_EXP":305.98,"ALMSTR_VA":3153.75,"ALMSTR_EXP":331.21,"POSTME_VA":207.55,"POSTME_EXP":15.32,"HOTYRE_VA":8994.81,"HOTYRE_EXP":497.97,"MMTVRA_VA":999.48,"MMTVRA_EXP":90.99,"TELECO_VA":2709.49,"TELECO_EXP":73.95,"ITSERV_VA":526.36,"ITSERV_EXP":0.67,"SERFIN_VA":10535.59,"SERFIN_EXP":187.88,"GOBEST_VA":8977.04,"GOBEST_EXP":14.96,"SPRSCT_VA":7234.23,"SPRSCT_EXP":250.88,"SEAEMP_VA":5202.18,"SEAEMP_EXP":388.19,"ADPDEF_VA":11622.6,"ADPDEF_EXP":46.02,"EDUCAC_VA":12759.26,"EDUCAC_EXP":9.11,"SALUDH_VA":7963.06,"SALUDH_EXP":12.37,"ESPARC_VA":1551.16,"ESPARC_EXP":160.15,"OTRSER_VA":2609.35,"OTRSER_EXP":10.01,"SERHOG_VA":4258.68,"SERHOG_EXP":0.0}},{"type":"Feature","geometry":{"type":"Point","coordinates":[121.77,12.88]},"properties":{"id":"PHL","name":"Filipinas","continent":"asia","year":2022,"AGRPFO_VA":27231.69,"AGRPFO_EXP":2741.32,"FORLOG_VA":4153.5,"FORLOG_EXP":22.08,"PESCAC_VA":4865.99,"PESCAC_EXP":203.23,"MINCOL_VA":1229.91,"MINCOL_EXP":945.93,"PETGAS_VA":944.67,"PETGAS_EXP":95.41,"MINORE_VA":1739.75,"MINORE_EXP":2313.96,"MINOTH_VA":899.46,"MINOTH_EXP":117.97,"MINSER_VA":30.61,"MINSER_EXP":55.18,"ALYBEB_VA":36137.57,"ALYBEB_EXP":6690.71,"TEXYPR_VA":1948.0,"TEXYPR_EXP":1658.87,"MADYPR_VA":553.48,"MADYPR_EXP":563.33,"PAPYPR_VA":1002.91,"PAPYPR_EXP":716.74,"PETREF_VA":1901.47,"PETREF_EXP":875.23,"QUIMYP_VA":7979.17,"QUIMYP_EXP":3715.85,"FARMED_VA":650.22,"FARMED_EXP":69.96,"HUPLAS_VA":705.57,"HUPLAS_EXP":1320.22,"PRNOMT_VA":1692.63,"PRNOMT_EXP":788.3,"METBAS_VA":718.13,"METBAS_EXP":312.6,"NONFER_VA":715.71,"NONFER_EXP":2328.45,"PRMETA_VA":521.03,"PRMETA_EXP":272.75,"ELCTRO_VA":6176.74,"ELCTRO_EXP":19200.97,"ELCTRI_VA":962.0,"ELCTRI_EXP":3239.41,"MAQYEQ_VA":781.62,"MAQYEQ_EXP":1535.74,"AUTOMO_VA":702.39,"AUTOMO_EXP":1475.61,"OTRTRA_VA":188.49,"OTRTRA_EXP":475.75,"TRANSP_VA":559.01,"TRANSP_EXP":581.68,"OTRMAN_VA":2348.48,"OTRMAN_EXP":2464.15,"ELEGAS_VA":10611.9,"ELEGAS_EXP":72.97,"AGUBAS_VA":1940.33,"AGUBAS_EXP":19.44,"CONSTR_VA":28141.79,"CONSTR_EXP":302.51,"COMREV_VA":68405.72,"COMREV_EXP":12677.74,"TRATIE_VA":7946.43,"TRATIE_EXP":2528.51,"TRAGUA_VA":879.03,"TRAGUA_EXP":1393.38,"TRAAIR_VA":1607.35,"TRAAIR_EXP":1799.66,"ALMSTR_VA":3700.5,"ALMSTR_EXP":4161.75,"POSTME_VA":574.25,"POSTME_EXP":99.56,"HOTYRE_VA":6825.45,"HOTYRE_EXP":320.03,"MMTVRA_VA":1055.77,"MMTVRA_EXP":797.43,"TELECO_VA":10894.49,"TELECO_EXP":5045.02,"ITSERV_VA":3264.79,"ITSERV_EXP":4749.48,"SERFIN_VA":37519.91,"SERFIN_EXP":2683.32,"GOBEST_VA":24122.31,"GOBEST_EXP":477.5,"SPRSCT_VA":5824.94,"SPRSCT_EXP":7131.78,"SEAEMP_VA":15647.15,"SEAEMP_EXP":10527.55,"ADPDEF_VA":19256.23,"ADPDEF_EXP":89.22,"EDUCAC_VA":14844.98,"EDUCAC_EXP":49.6,"SALUDH_VA":6889.76,"SALUDH_EXP":19.29,"ESPARC_VA":4785.94,"ESPARC_EXP":819.44,"OTRSER_VA":4038.08,"OTRSER_EXP":68.46,"SERHOG_VA":0.0,"SERHOG_EXP":0.0}},{"type":"Feature","geometry":{"type":"Point","coordinates":[19.15,51.92]},"properties":{"id":"POL","name":"Polonia","continent":"europe","year":2022,"AGRPFO_VA":17746.9,"AGRPFO_EXP":5628.08,"FORLOG_VA":2188.98,"FORLOG_EXP":536.07,"PESCAC_VA":103.54,"PESCAC_EXP":39.19,"MINCOL_VA":7154.1,"MINCOL_EXP":1524.78,"PETGAS_VA":78.67,"PETGAS_EXP":75.12,"MINORE_VA":3900.19,"MINORE_EXP":2201.52,"MINOTH_VA":1030.5,"MINOTH_EXP":233.38,"MINSER_VA":343.63,"MINSER_EXP":216.17,"ALYBEB_VA":17142.33,"ALYBEB_EXP":31571.58,"TEXYPR_VA":3249.82,"TEXYPR_EXP":6732.85,"MADYPR_VA":5212.16,"MADYPR_EXP":4557.22,"PAPYPR_VA":6226.11,"PAPYPR_EXP":7740.13,"PETREF_VA":9437.98,"PETREF_EXP":7728.02,"QUIMYP_VA":5987.55,"QUIMYP_EXP":16059.15,"FARMED_VA":1841.79,"FARMED_EXP":3015.66,"HUPLAS_VA":9949.6,"HUPLAS_EXP":17782.29,"PRNOMT_VA":6883.55,"PRNOMT_EXP":5970.43,"METBAS_VA":2985.99,"METBAS_EXP":8054.41,"NONFER_VA":1053.75,"NONFER_EXP":4772.33,"PRMETA_VA":15981.53,"PRMETA_EXP":16379.36,"ELCTRO_VA":3299.11,"ELCTRO_EXP":10953.61,"ELCTRI_VA":7791.5,"ELCTRI_EXP":19842.14,"MAQYEQ_VA":5703.72,"MAQYEQ_EXP":13456.68,"AUTOMO_VA":9830.83,"AUTOMO_EXP":32237.31,"OTRTRA_VA":525.66,"OTRTRA_EXP":1728.26,"TRANSP_VA":1679.19,"TRANSP_EXP":5120.79,"OTRMAN_VA":14284.62,"OTRMAN_EXP":14230.07,"ELEGAS_VA":20144.55,"ELEGAS_EXP":999.78,"AGUBAS_VA":7937.62,"AGUBAS_EXP":280.0,"CONSTR_VA":42491.74,"CONSTR_EXP":1007.3,"COMREV_VA":98778.72,"COMREV_EXP":44709.06,"TRATIE_VA":30187.15,"TRATIE_EXP":22594.91,"TRAGUA_VA":492.6,"TRAGUA_EXP":494.67,"TRAAIR_VA":1511.25,"TRAAIR_EXP":3630.9,"ALMSTR_VA":11830.07,"ALMSTR_EXP":7480.93,"POSTME_VA":3967.56,"POSTME_EXP":695.82,"HOTYRE_VA":10124.32,"HOTYRE_EXP":1577.15,"MMTVRA_VA":5176.77,"MMTVRA_EXP":3044.28,"TELECO_VA":6256.38,"TELECO_EXP":2537.06,"ITSERV_VA":20148.98,"ITSERV_EXP":11818.59,"SERFIN_VA":32855.06,"SERFIN_EXP":4112.54,"GOBEST_VA":31051.27,"GOBEST_EXP":4229.05,"SPRSCT_VA":33240.38,"SPRSCT_EXP":23162.85,"SEAEMP_VA":18230.16,"SEAEMP_EXP":3511.63,"ADPDEF_VA":32879.29,"ADPDEF_EXP":26.35,"EDUCAC_VA":27133.39,"EDUCAC_EXP":944.18,"SALUDH_VA":31544.04,"SALUDH_EXP":709.42,"ESPARC_VA":4800.42,"ESPARC_EXP":821.61,"OTRSER_VA":5917.27,"OTRSER_EXP":448.78,"SERHOG_VA":71.92,"SERHOG_EXP":0.0}},{"type":"Feature","geometry":{"type":"Point","coordinates":[-8.22,39.4]},"properties":{"id":"PRT","name":"Portugal","continent":"europe","year":2022,"AGRPFO_VA":3541.13,"AGRPFO_EXP":1569.79,"FORLOG_VA":1164.19,"FORLOG_EXP":97.51,"PESCAC_VA":549.29,"PESCAC_EXP":235.61,"MINCOL_VA":0.0,"MINCOL_EXP":0.0,"PETGAS_VA":0.0,"PETGAS_EXP":0.0,"MINORE_VA":306.71,"MINORE_EXP":685.06,"MINOTH_VA":472.3,"MINOTH_EXP":229.49,"MINSER_VA":12.28,"MINSER_EXP":54.57,"ALYBEB_VA":5348.58,"ALYBEB_EXP":6400.35,"TEXYPR_VA":4828.32,"TEXYPR_EXP":6901.62,"MADYPR_VA":1490.78,"MADYPR_EXP":1893.73,"PAPYPR_VA":2258.41,"PAPYPR_EXP":3571.03,"PETREF_VA":1049.31,"PETREF_EXP":4853.3,"QUIMYP_VA":1494.73,"QUIMYP_EXP":3889.47,"FARMED_VA":912.8,"FARMED_EXP":1407.23,"HUPLAS_VA":1965.17,"HUPLAS_EXP":3700.04,"PRNOMT_VA":2274.8,"PRNOMT_EXP":2130.18,"METBAS_VA":679.47,"METBAS_EXP":920.59,"NONFER_VA":230.75,"NONFER_EXP":983.58,"PRMETA_VA":3492.98,"PRMETA_EXP":3778.77,"ELCTRO_VA":682.41,"ELCTRO_EXP":2940.24,"ELCTRI_VA":930.0,"ELCTRI_EXP":2372.69,"MAQYEQ_VA":1208.15,"MAQYEQ_EXP":2408.78,"AUTOMO_VA":2427.16,"AUTOMO_EXP":9586.68,"OTRTRA_VA":112.64,"OTRTRA_EXP":124.12,"TRANSP_VA":290.21,"TRANSP_EXP":618.79,"OTRMAN_VA":2886.59,"OTRMAN_EXP":2857.78,"ELEGAS_VA":2108.83,"ELEGAS_EXP":301.44,"AGUBAS_VA":2226.91,"AGUBAS_EXP":28.31,"CONSTR_VA":11201.51,"CONSTR_EXP":83.27,"COMREV_VA":28714.02,"COMREV_EXP":12058.67,"TRATIE_VA":5576.93,"TRATIE_EXP":4569.82,"TRAGUA_VA":279.25,"TRAGUA_EXP":649.29,"TRAAIR_VA":763.5,"TRAAIR_EXP":4937.56,"ALMSTR_VA":4568.84,"ALMSTR_EXP":2714.87,"POSTME_VA":579.79,"POSTME_EXP":356.16,"HOTYRE_VA":14257.33,"HOTYRE_EXP":9648.86,"MMTVRA_VA":1411.65,"MMTVRA_EXP":541.67,"TELECO_VA":2997.85,"TELECO_EXP":960.36,"ITSERV_VA":6466.73,"ITSERV_EXP":3537.54,"SERFIN_VA":12260.04,"SERFIN_EXP":1492.81,"GOBEST_VA":26967.95,"GOBEST_EXP":1107.86,"SPRSCT_VA":11502.31,"SPRSCT_EXP":3913.63,"SEAEMP_VA":10199.6,"SEAEMP_EXP":2898.13,"ADPDEF_VA":15018.74,"ADPDEF_EXP":247.02,"EDUCAC_VA":11805.32,"EDUCAC_EXP":637.81,"SALUDH_VA":15575.91,"SALUDH_EXP":349.77,"ESPARC_VA":2389.31,"ESPARC_EXP":643.17,"OTRSER_VA":2762.54,"OTRSER_EXP":375.24,"SERHOG_VA":1265.75,"SERHOG_EXP":0.0}},{"type":"Feature","geometry":{"type":"Point","coordinates":[24.97,45.94]},"properties":{"id":"ROU","name":"Rumania","continent":"europe","year":2022,"AGRPFO_VA":9195.74,"AGRPFO_EXP":4916.83,"FORLOG_VA":1896.69,"FORLOG_EXP":59.62,"PESCAC_VA":225.72,"PESCAC_EXP":16.86,"MINCOL_VA":1.57,"MINCOL_EXP":1.84,"PETGAS_VA":4581.91,"PETGAS_EXP":165.48,"MINORE_VA":38.76,"MINORE_EXP":40.8,"MINOTH_VA":443.44,"MINOTH_EXP":30.9,"MINSER_VA":243.43,"MINSER_EXP":137.81,"ALYBEB_VA":8373.69,"ALYBEB_EXP":2715.66,"TEXYPR_VA":3484.32,"TEXYPR_EXP":2495.24,"MADYPR_VA":1280.62,"MADYPR_EXP":1566.97,"PAPYPR_VA":1026.12,"PAPYPR_EXP":462.98,"PETREF_VA":1772.4,"PETREF_EXP":1567.33,"QUIMYP_VA":1409.7,"QUIMYP_EXP":1916.41,"FARMED_VA":487.87,"FARMED_EXP":223.04,"HUPLAS_VA":2902.47,"HUPLAS_EXP":2605.77,"PRNOMT_VA":1971.27,"PRNOMT_EXP":577.49,"METBAS_VA":1180.78,"METBAS_EXP":2984.15,"NONFER_VA":561.94,"NONFER_EXP":1378.7,"PRMETA_VA":2594.91,"PRMETA_EXP":1865.37,"ELCTRO_VA":1041.65,"ELCTRO_EXP":2189.35,"ELCTRI_VA":2726.66,"ELCTRI_EXP":6789.12,"MAQYEQ_VA":1817.73,"MAQYEQ_EXP":4162.64,"AUTOMO_VA":5208.98,"AUTOMO_EXP":17277.9,"OTRTRA_VA":412.67,"OTRTRA_EXP":489.62,"TRANSP_VA":524.25,"TRANSP_EXP":739.61,"OTRMAN_VA":3559.08,"OTRMAN_EXP":3384.37,"ELEGAS_VA":12874.28,"ELEGAS_EXP":117.25,"AGUBAS_VA":2525.29,"AGUBAS_EXP":0.23,"CONSTR_VA":20841.97,"CONSTR_EXP":0.46,"COMREV_VA":37932.24,"COMREV_EXP":14254.28,"TRATIE_VA":16786.29,"TRATIE_EXP":15527.57,"TRAGUA_VA":610.42,"TRAGUA_EXP":403.14,"TRAAIR_VA":193.39,"TRAAIR_EXP":516.99,"ALMSTR_VA":3958.14,"ALMSTR_EXP":1885.7,"POSTME_VA":866.09,"POSTME_EXP":313.08,"HOTYRE_VA":4360.23,"HOTYRE_EXP":1012.17,"MMTVRA_VA":2195.72,"MMTVRA_EXP":1058.31,"TELECO_VA":3124.06,"TELECO_EXP":1483.69,"ITSERV_VA":15254.56,"ITSERV_EXP":7110.91,"SERFIN_VA":8582.14,"SERFIN_EXP":253.56,"GOBEST_VA":22090.13,"GOBEST_EXP":90.38,"SPRSCT_VA":15909.09,"SPRSCT_EXP":9363.72,"SEAEMP_VA":7278.38,"SEAEMP_EXP":530.22,"ADPDEF_VA":14785.38,"ADPDEF_EXP":0.54,"EDUCAC_VA":8409.54,"EDUCAC_EXP":60.76,"SALUDH_VA":13036.48,"SALUDH_EXP":49.68,"ESPARC_VA":4253.44,"ESPARC_EXP":311.23,"OTRSER_VA":3535.88,"OTRSER_EXP":39.88,"SERHOG_VA":3165.13,"SERHOG_EXP":0.0}},{"type":"Feature","geometry":{"type":"Point","coordinates":[105.32,61.52]},"properties":{"id":"RUS","name":"Rusia","continent":"europe","year":2022,"AGRPFO_VA":73725.74,"AGRPFO_EXP":15176.28,"FORLOG_VA":3490.34,"FORLOG_EXP":1507.14,"PESCAC_VA":7106.11,"PESCAC_EXP":2734.95,"MINCOL_VA":9269.87,"MINCOL_EXP":9789.04,"PETGAS_VA":158510.57,"PETGAS_EXP":123094.92,"MINORE_VA":7175.11,"MINORE_EXP":4602.01,"MINOTH_VA":10828.05,"MINOTH_EXP":9633.8,"MINSER_VA":13729.72,"MINSER_EXP":1793.34,"ALYBEB_VA":39897.09,"ALYBEB_EXP":16046.96,"TEXYPR_VA":5708.59,"TEXYPR_EXP":2105.9,"MADYPR_VA":6562.58,"MADYPR_EXP":8920.34,"PAPYPR_VA":9102.79,"PAPYPR_EXP":5198.53,"PETREF_VA":44467.3,"PETREF_EXP":91251.64,"QUIMYP_VA":21755.38,"QUIMYP_EXP":27206.6,"FARMED_VA":8204.76,"FARMED_EXP":1114.91,"HUPLAS_VA":6499.51,"HUPLAS_EXP":3550.32,"PRNOMT_VA":12223.9,"PRNOMT_EXP":2834.04,"METBAS_VA":22759.34,"METBAS_EXP":27660.7,"NONFER_VA":32974.24,"NONFER_EXP":32092.44,"PRMETA_VA":18210.88,"PRMETA_EXP":8051.95,"ELCTRO_VA":12969.06,"ELCTRO_EXP":4939.13,"ELCTRI_VA":5518.59,"ELCTRI_EXP":3924.49,"MAQYEQ_VA":9606.17,"MAQYEQ_EXP":5345.3,"AUTOMO_VA":11208.96,"AUTOMO_EXP":4423.42,"OTRTRA_VA":5005.48,"OTRTRA_EXP":1179.96,"TRANSP_VA":13008.42,"TRANSP_EXP":5497.36,"OTRMAN_VA":18142.74,"OTRMAN_EXP":3205.82,"ELEGAS_VA":53702.6,"ELEGAS_EXP":1504.04,"AGUBAS_VA":10697.67,"AGUBAS_EXP":103.61,"CONSTR_VA":121271.26,"CONSTR_EXP":746.2,"COMREV_VA":273833.44,"COMREV_EXP":77378.76,"TRATIE_VA":87357.91,"TRATIE_EXP":13831.15,"TRAGUA_VA":2380.74,"TRAGUA_EXP":3224.55,"TRAAIR_VA":4535.6,"TRAAIR_EXP":14466.18,"ALMSTR_VA":40025.92,"ALMSTR_EXP":15153.2,"POSTME_VA":4045.53,"POSTME_EXP":1047.64,"HOTYRE_VA":16152.46,"HOTYRE_EXP":1626.32,"MMTVRA_VA":6766.31,"MMTVRA_EXP":1885.77,"TELECO_VA":20989.95,"TELECO_EXP":1605.62,"ITSERV_VA":30290.04,"ITSERV_EXP":8700.34,"SERFIN_VA":100505.02,"SERFIN_EXP":2954.44,"GOBEST_VA":204161.04,"GOBEST_EXP":623.84,"SPRSCT_VA":93637.44,"SPRSCT_EXP":15088.23,"SEAEMP_VA":42455.91,"SEAEMP_EXP":3070.04,"ADPDEF_VA":173691.43,"ADPDEF_EXP":9.17,"EDUCAC_VA":70357.37,"EDUCAC_EXP":104.23,"SALUDH_VA":83127.62,"SALUDH_EXP":74.62,"ESPARC_VA":19770.5,"ESPARC_EXP":320.9,"OTRSER_VA":12597.53,"OTRSER_EXP":225.78,"SERHOG_VA":8499.26,"SERHOG_EXP":0.0}},{"type":"Feature","geometry":{"type":"Point","coordinates":[45.08,23.89]},"properties":{"id":"SAU","name":"Arabia Saudita","continent":"other","year":2022,"AGRPFO_VA":28089.92,"AGRPFO_EXP":673.07,"FORLOG_VA":38.21,"FORLOG_EXP":1.8,"PESCAC_VA":1966.31,"PESCAC_EXP":18.11,"MINCOL_VA":0.0,"MINCOL_EXP":0.0,"PETGAS_VA":265479.83,"PETGAS_EXP":223045.4,"MINORE_VA":1238.87,"MINORE_EXP":1349.35,"MINOTH_VA":2570.78,"MINOTH_EXP":141.14,"MINSER_VA":1024.68,"MINSER_EXP":112.13,"ALYBEB_VA":18740.06,"ALYBEB_EXP":3387.69,"TEXYPR_VA":4862.98,"TEXYPR_EXP":592.31,"MADYPR_VA":1305.69,"MADYPR_EXP":49.76,"PAPYPR_VA":5383.89,"PAPYPR_EXP":1622.1,"PETREF_VA":65791.32,"PETREF_EXP":69462.38,"QUIMYP_VA":33934.76,"QUIMYP_EXP":50368.41,"FARMED_VA":747.1,"FARMED_EXP":364.08,"HUPLAS_VA":3974.36,"HUPLAS_EXP":2773.1,"PRNOMT_VA":6908.19,"PRNOMT_EXP":936.05,"METBAS_VA":1206.68,"METBAS_EXP":1960.4,"NONFER_VA":810.97,"NONFER_EXP":4017.49,"PRMETA_VA":6286.89,"PRMETA_EXP":1075.52,"ELCTRO_VA":183.79,"ELCTRO_EXP":21.69,"ELCTRI_VA":4080.42,"ELCTRI_EXP":717.15,"MAQYEQ_VA":2272.66,"MAQYEQ_EXP":1014.07,"AUTOMO_VA":1095.29,"AUTOMO_EXP":24.89,"OTRTRA_VA":42.6,"OTRTRA_EXP":45.83,"TRANSP_VA":71.92,"TRANSP_EXP":5.63,"OTRMAN_VA":5221.17,"OTRMAN_EXP":787.52,"ELEGAS_VA":10157.26,"ELEGAS_EXP":0.29,"AGUBAS_VA":3361.19,"AGUBAS_EXP":6.11,"CONSTR_VA":53340.35,"CONSTR_EXP":191.26,"COMREV_VA":91416.8,"COMREV_EXP":39243.18,"TRATIE_VA":11311.65,"TRATIE_EXP":4784.56,"TRAGUA_VA":953.61,"TRAGUA_EXP":665.13,"TRAAIR_VA":3846.49,"TRAAIR_EXP":3470.93,"ALMSTR_VA":9648.03,"ALMSTR_EXP":3596.72,"POSTME_VA":1196.17,"POSTME_EXP":55.05,"HOTYRE_VA":20038.07,"HOTYRE_EXP":3987.17,"MMTVRA_VA":2257.97,"MMTVRA_EXP":330.36,"TELECO_VA":24556.89,"TELECO_EXP":589.21,"ITSERV_VA":6360.08,"ITSERV_EXP":17.72,"SERFIN_VA":38576.99,"SERFIN_EXP":1725.37,"GOBEST_VA":40357.8,"GOBEST_EXP":541.08,"SPRSCT_VA":7520.32,"SPRSCT_EXP":197.54,"SEAEMP_VA":11474.89,"SEAEMP_EXP":161.28,"ADPDEF_VA":157739.83,"ADPDEF_EXP":4.72,"EDUCAC_VA":48837.83,"EDUCAC_EXP":307.41,"SALUDH_VA":39398.71,"SALUDH_EXP":235.8,"ESPARC_VA":3095.59,"ESPARC_EXP":294.88,"OTRSER_VA":7325.76,"OTRSER_EXP":184.17,"SERHOG_VA":10113.74,"SERHOG_EXP":0.0}},{"type":"Feature","geometry":{"type":"Point","coordinates":[-14.45,14.5]},"properties":{"id":"SEN","name":"Senegal","continent":"other","year":2022,"AGRPFO_VA":3954.34,"AGRPFO_EXP":322.15,"FORLOG_VA":108.41,"FORLOG_EXP":21.86,"PESCAC_VA":309.64,"PESCAC_EXP":50.84,"MINCOL_VA":20.18,"MINCOL_EXP":4.25,"PETGAS_VA":26.88,"PETGAS_EXP":0.28,"MINORE_VA":609.61,"MINORE_EXP":392.59,"MINOTH_VA":598.12,"MINOTH_EXP":123.54,"MINSER_VA":156.13,"MINSER_EXP":2.11,"ALYBEB_VA":1868.27,"ALYBEB_EXP":1259.68,"TEXYPR_VA":508.48,"TEXYPR_EXP":191.96,"MADYPR_VA":121.89,"MADYPR_EXP":10.98,"PAPYPR_VA":146.46,"PAPYPR_EXP":14.81,"PETREF_VA":152.09,"PETREF_EXP":616.3,"QUIMYP_VA":589.49,"QUIMYP_EXP":895.31,"FARMED_VA":17.72,"FARMED_EXP":13.48,"HUPLAS_VA":107.34,"HUPLAS_EXP":38.65,"PRNOMT_VA":153.34,"PRNOMT_EXP":162.07,"METBAS_VA":176.29,"METBAS_EXP":184.46,"NONFER_VA":9.67,"NONFER_EXP":82.6,"PRMETA_VA":187.65,"PRMETA_EXP":17.08,"ELCTRO_VA":2.2,"ELCTRO_EXP":1.56,"ELCTRI_VA":49.0,"ELCTRI_EXP":28.04,"MAQYEQ_VA":5.92,"MAQYEQ_EXP":15.2,"AUTOMO_VA":2.22,"AUTOMO_EXP":2.64,"OTRTRA_VA":26.93,"OTRTRA_EXP":10.18,"TRANSP_VA":67.9,"TRANSP_EXP":4.76,"OTRMAN_VA":168.26,"OTRMAN_EXP":65.97,"ELEGAS_VA":418.37,"ELEGAS_EXP":47.08,"AGUBAS_VA":220.68,"AGUBAS_EXP":0.5,"CONSTR_VA":737.27,"CONSTR_EXP":2.3,"COMREV_VA":3476.09,"COMREV_EXP":616.53,"TRATIE_VA":492.15,"TRATIE_EXP":136.7,"TRAGUA_VA":18.67,"TRAGUA_EXP":9.15,"TRAAIR_VA":65.58,"TRAAIR_EXP":35.41,"ALMSTR_VA":315.06,"ALMSTR_EXP":102.81,"POSTME_VA":8.69,"POSTME_EXP":1.5,"HOTYRE_VA":268.08,"HOTYRE_EXP":131.2,"MMTVRA_VA":107.79,"MMTVRA_EXP":27.45,"TELECO_VA":585.65,"TELECO_EXP":181.31,"ITSERV_VA":124.39,"ITSERV_EXP":23.4,"SERFIN_VA":674.19,"SERFIN_EXP":76.15,"GOBEST_VA":2240.0,"GOBEST_EXP":38.44,"SPRSCT_VA":1785.17,"SPRSCT_EXP":498.87,"SEAEMP_VA":609.85,"SEAEMP_EXP":87.8,"ADPDEF_VA":1654.38,"ADPDEF_EXP":6.7,"EDUCAC_VA":1328.81,"EDUCAC_EXP":8.94,"SALUDH_VA":405.51,"SALUDH_EXP":7.16,"ESPARC_VA":94.48,"ESPARC_EXP":12.81,"OTRSER_VA":241.73,"OTRSER_EXP":7.16,"SERHOG_VA":135.27,"SERHOG_EXP":0.0}},{"type":"Feature","geometry":{"type":"Point","coordinates":[103.82,1.35]},"properties":{"id":"SGP","name":"Singapur","continent":"asia","year":2022,"AGRPFO_VA":41.23,"AGRPFO_EXP":56.26,"FORLOG_VA":0.0,"FORLOG_EXP":0.0,"PESCAC_VA":24.29,"PESCAC_EXP":6.21,"MINCOL_VA":0.0,"MINCOL_EXP":0.0,"PETGAS_VA":0.0,"PETGAS_EXP":0.0,"MINORE_VA":0.0,"MINORE_EXP":0.0,"MINOTH_VA":0.0,"MINOTH_EXP":0.0,"MINSER_VA":0.0,"MINSER_EXP":0.0,"ALYBEB_VA":3561.64,"ALYBEB_EXP":5482.88,"TEXYPR_VA":120.57,"TEXYPR_EXP":393.22,"MADYPR_VA":121.7,"MADYPR_EXP":39.34,"PAPYPR_VA":534.84,"PAPYPR_EXP":1137.45,"PETREF_VA":3340.36,"PETREF_EXP":15181.29,"QUIMYP_VA":11276.78,"QUIMYP_EXP":29966.49,"FARMED_VA":6405.62,"FARMED_EXP":10179.95,"HUPLAS_VA":618.77,"HUPLAS_EXP":612.03,"PRNOMT_VA":270.32,"PRNOMT_EXP":560.07,"METBAS_VA":334.96,"METBAS_EXP":546.19,"NONFER_VA":768.01,"NONFER_EXP":1221.49,"PRMETA_VA":1151.15,"PRMETA_EXP":1994.03,"ELCTRO_VA":46697.55,"ELCTRO_EXP":106644.63,"ELCTRI_VA":739.05,"ELCTRI_EXP":2455.68,"MAQYEQ_VA":10320.89,"MAQYEQ_EXP":21697.58,"AUTOMO_VA":312.96,"AUTOMO_EXP":813.75,"OTRTRA_VA":810.64,"OTRTRA_EXP":3897.38,"TRANSP_VA":2928.48,"TRANSP_EXP":4813.52,"OTRMAN_VA":5020.24,"OTRMAN_EXP":10153.94,"ELEGAS_VA":5235.95,"ELEGAS_EXP":151.6,"AGUBAS_VA":1498.55,"AGUBAS_EXP":29.3,"CONSTR_VA":13776.12,"CONSTR_EXP":190.6,"COMREV_VA":96409.47,"COMREV_EXP":90286.42,"TRATIE_VA":3496.93,"TRATIE_EXP":1664.36,"TRAGUA_VA":37815.91,"TRAGUA_EXP":103672.28,"TRAAIR_VA":1597.43,"TRAAIR_EXP":5941.56,"ALMSTR_VA":9031.78,"ALMSTR_EXP":14070.57,"POSTME_VA":913.36,"POSTME_EXP":791.79,"HOTYRE_VA":5616.39,"HOTYRE_EXP":3883.72,"MMTVRA_VA":6853.0,"MMTVRA_EXP":15383.93,"TELECO_VA":3205.09,"TELECO_EXP":3837.79,"ITSERV_VA":14186.8,"ITSERV_EXP":62329.13,"SERFIN_VA":54117.62,"SERFIN_EXP":53284.8,"GOBEST_VA":25387.09,"GOBEST_EXP":1778.81,"SPRSCT_VA":30531.43,"SPRSCT_EXP":24070.26,"SEAEMP_VA":16648.6,"SEAEMP_EXP":8774.19,"ADPDEF_VA":10885.18,"ADPDEF_EXP":407.74,"EDUCAC_VA":10226.03,"EDUCAC_EXP":1321.13,"SALUDH_VA":12181.91,"SALUDH_EXP":695.76,"ESPARC_VA":2700.02,"ESPARC_EXP":621.89,"OTRSER_VA":2049.7,"OTRSER_EXP":328.94,"SERHOG_VA":2051.8,"SERHOG_EXP":0.0}},{"type":"Feature","geometry":{"type":"Point","coordinates":[6.61,0.19]},"properties":{"id":"STP","name":"S. Tomé y Príncipe","continent":"other","year":2022,"AGRPFO_VA":29.42,"AGRPFO_EXP":9.6,"FORLOG_VA":0.15,"FORLOG_EXP":0.03,"PESCAC_VA":40.57,"PESCAC_EXP":0.2,"MINCOL_VA":0.04,"MINCOL_EXP":0.0,"PETGAS_VA":0.67,"PETGAS_EXP":0.06,"MINORE_VA":0.02,"MINORE_EXP":0.01,"MINOTH_VA":0.4,"MINOTH_EXP":0.06,"MINSER_VA":0.24,"MINSER_EXP":0.04,"ALYBEB_VA":11.39,"ALYBEB_EXP":5.56,"TEXYPR_VA":0.05,"TEXYPR_EXP":0.36,"MADYPR_VA":0.03,"MADYPR_EXP":0.0,"PAPYPR_VA":0.04,"PAPYPR_EXP":0.02,"PETREF_VA":0.21,"PETREF_EXP":0.07,"QUIMYP_VA":0.1,"QUIMYP_EXP":0.02,"FARMED_VA":0.06,"FARMED_EXP":0.05,"HUPLAS_VA":0.07,"HUPLAS_EXP":0.01,"PRNOMT_VA":0.25,"PRNOMT_EXP":0.02,"METBAS_VA":0.0,"METBAS_EXP":0.0,"NONFER_VA":0.0,"NONFER_EXP":0.0,"PRMETA_VA":0.04,"PRMETA_EXP":0.0,"ELCTRO_VA":0.01,"ELCTRO_EXP":0.05,"ELCTRI_VA":0.01,"ELCTRI_EXP":0.02,"MAQYEQ_VA":0.01,"MAQYEQ_EXP":0.0,"AUTOMO_VA":0.02,"AUTOMO_EXP":0.01,"OTRTRA_VA":0.0,"OTRTRA_EXP":0.0,"TRANSP_VA":0.0,"TRANSP_EXP":0.0,"OTRMAN_VA":0.09,"OTRMAN_EXP":0.13,"ELEGAS_VA":7.25,"ELEGAS_EXP":0.12,"AGUBAS_VA":5.53,"AGUBAS_EXP":0.23,"CONSTR_VA":18.03,"CONSTR_EXP":0.34,"COMREV_VA":95.04,"COMREV_EXP":8.15,"TRATIE_VA":33.44,"TRATIE_EXP":3.38,"TRAGUA_VA":0.71,"TRAGUA_EXP":0.59,"TRAAIR_VA":4.42,"TRAAIR_EXP":2.08,"ALMSTR_VA":23.1,"ALMSTR_EXP":3.01,"POSTME_VA":7.34,"POSTME_EXP":0.15,"HOTYRE_VA":58.16,"HOTYRE_EXP":15.22,"MMTVRA_VA":5.47,"MMTVRA_EXP":1.33,"TELECO_VA":9.72,"TELECO_EXP":2.33,"ITSERV_VA":8.96,"ITSERV_EXP":5.91,"SERFIN_VA":50.75,"SERFIN_EXP":19.33,"GOBEST_VA":2.47,"GOBEST_EXP":1.37,"SPRSCT_VA":2.01,"SPRSCT_EXP":1.82,"SEAEMP_VA":2.11,"SEAEMP_EXP":1.17,"ADPDEF_VA":54.78,"ADPDEF_EXP":0.25,"EDUCAC_VA":19.19,"EDUCAC_EXP":0.89,"SALUDH_VA":12.17,"SALUDH_EXP":0.64,"ESPARC_VA":11.12,"ESPARC_EXP":2.62,"OTRSER_VA":13.11,"OTRSER_EXP":0.97,"SERHOG_VA":9.39,"SERHOG_EXP":0.0}},{"type":"Feature","geometry":{"type":"Point","coordinates":[19.7,48.67]},"properties":{"id":"SVK","name":"Eslovaquia","continent":"europe","year":2022,"AGRPFO_VA":1462.0,"AGRPFO_EXP":1678.88,"FORLOG_VA":885.28,"FORLOG_EXP":204.74,"PESCAC_VA":4.39,"PESCAC_EXP":2.41,"MINCOL_VA":59.04,"MINCOL_EXP":32.01,"PETGAS_VA":0.32,"PETGAS_EXP":0.06,"MINORE_VA":11.62,"MINORE_EXP":11.78,"MINOTH_VA":99.65,"MINOTH_EXP":130.86,"MINSER_VA":109.78,"MINSER_EXP":2.52,"ALYBEB_VA":1551.87,"ALYBEB_EXP":2184.61,"TEXYPR_VA":666.19,"TEXYPR_EXP":1320.49,"MADYPR_VA":674.56,"MADYPR_EXP":710.63,"PAPYPR_VA":572.15,"PAPYPR_EXP":1481.11,"PETREF_VA":1929.59,"PETREF_EXP":2198.89,"QUIMYP_VA":536.72,"QUIMYP_EXP":2015.46,"FARMED_VA":100.38,"FARMED_EXP":178.13,"HUPLAS_VA":1551.86,"HUPLAS_EXP":4331.38,"PRNOMT_VA":877.65,"PRNOMT_EXP":1161.61,"METBAS_VA":1713.2,"METBAS_EXP":2479.24,"NONFER_VA":283.83,"NONFER_EXP":736.47,"PRMETA_VA":2717.99,"PRMETA_EXP":4678.96,"ELCTRO_VA":560.58,"ELCTRO_EXP":2490.15,"ELCTRI_VA":1168.27,"ELCTRI_EXP":4018.02,"MAQYEQ_VA":1683.89,"MAQYEQ_EXP":6160.97,"AUTOMO_VA":4643.04,"AUTOMO_EXP":34246.1,"OTRTRA_VA":1.76,"OTRTRA_EXP":0.65,"TRANSP_VA":184.69,"TRANSP_EXP":267.95,"OTRMAN_VA":1306.61,"OTRMAN_EXP":1443.82,"ELEGAS_VA":1335.91,"ELEGAS_EXP":767.43,"AGUBAS_VA":1029.08,"AGUBAS_EXP":49.6,"CONSTR_VA":9052.06,"CONSTR_EXP":372.54,"COMREV_VA":13637.25,"COMREV_EXP":6334.17,"TRATIE_VA":4356.28,"TRATIE_EXP":3525.51,"TRAGUA_VA":124.98,"TRAGUA_EXP":25.9,"TRAAIR_VA":39.74,"TRAAIR_EXP":134.55,"ALMSTR_VA":2761.38,"ALMSTR_EXP":1197.07,"POSTME_VA":445.58,"POSTME_EXP":175.67,"HOTYRE_VA":1971.67,"HOTYRE_EXP":501.71,"MMTVRA_VA":590.84,"MMTVRA_EXP":308.04,"TELECO_VA":1363.18,"TELECO_EXP":565.76,"ITSERV_VA":3562.02,"ITSERV_EXP":1890.64,"SERFIN_VA":2859.67,"SERFIN_EXP":445.8,"GOBEST_VA":12040.77,"GOBEST_EXP":226.71,"SPRSCT_VA":6370.05,"SPRSCT_EXP":3127.36,"SEAEMP_VA":3784.36,"SEAEMP_EXP":925.65,"ADPDEF_VA":8042.54,"ADPDEF_EXP":35.14,"EDUCAC_VA":4281.75,"EDUCAC_EXP":145.51,"SALUDH_VA":4945.51,"SALUDH_EXP":83.24,"ESPARC_VA":1592.28,"ESPARC_EXP":128.46,"OTRSER_VA":1083.63,"OTRSER_EXP":98.22,"SERHOG_VA":53.58,"SERHOG_EXP":0.0}},{"type":"Feature","geometry":{"type":"Point","coordinates":[14.99,46.15]},"properties":{"id":"SVN","name":"Eslovenia","continent":"europe","year":2022,"AGRPFO_VA":710.58,"AGRPFO_EXP":549.5,"FORLOG_VA":369.5,"FORLOG_EXP":206.41,"PESCAC_VA":6.57,"PESCAC_EXP":8.31,"MINCOL_VA":177.47,"MINCOL_EXP":3.38,"PETGAS_VA":0.0,"PETGAS_EXP":0.0,"MINORE_VA":5.13,"MINORE_EXP":9.08,"MINOTH_VA":72.66,"MINOTH_EXP":66.61,"MINSER_VA":0.68,"MINSER_EXP":1.34,"ALYBEB_VA":827.87,"ALYBEB_EXP":1217.49,"TEXYPR_VA":295.18,"TEXYPR_EXP":656.21,"MADYPR_VA":480.51,"MADYPR_EXP":905.0,"PAPYPR_VA":459.84,"PAPYPR_EXP":1057.54,"PETREF_VA":0.62,"PETREF_EXP":0.05,"QUIMYP_VA":494.62,"QUIMYP_EXP":1866.76,"FARMED_VA":1539.01,"FARMED_EXP":2799.22,"HUPLAS_VA":912.43,"HUPLAS_EXP":1833.93,"PRNOMT_VA":460.74,"PRNOMT_EXP":749.83,"METBAS_VA":349.11,"METBAS_EXP":968.61,"NONFER_VA":391.16,"NONFER_EXP":971.1,"PRMETA_VA":1842.06,"PRMETA_EXP":2460.16,"ELCTRO_VA":500.7,"ELCTRO_EXP":1130.36,"ELCTRI_VA":1223.89,"ELCTRI_EXP":3838.58,"MAQYEQ_VA":1006.96,"MAQYEQ_EXP":2532.77,"AUTOMO_VA":834.58,"AUTOMO_EXP":3175.0,"OTRTRA_VA":18.56,"OTRTRA_EXP":46.37,"TRANSP_VA":27.44,"TRANSP_EXP":87.71,"OTRMAN_VA":972.86,"OTRMAN_EXP":561.91,"ELEGAS_VA":678.28,"ELEGAS_EXP":1011.66,"AGUBAS_VA":540.7,"AGUBAS_EXP":88.68,"CONSTR_VA":3713.16,"CONSTR_EXP":247.51,"COMREV_VA":6318.78,"COMREV_EXP":3877.66,"TRATIE_VA":2280.1,"TRATIE_EXP":2818.12,"TRAGUA_VA":89.88,"TRAGUA_EXP":98.09,"TRAAIR_VA":66.34,"TRAAIR_EXP":86.07,"ALMSTR_VA":1359.18,"ALMSTR_EXP":1211.72,"POSTME_VA":259.27,"POSTME_EXP":45.28,"HOTYRE_VA":1383.82,"HOTYRE_EXP":1247.95,"MMTVRA_VA":326.58,"MMTVRA_EXP":339.67,"TELECO_VA":587.25,"TELECO_EXP":481.54,"ITSERV_VA":1472.1,"ITSERV_EXP":475.18,"SERFIN_VA":2233.65,"SERFIN_EXP":413.81,"GOBEST_VA":4028.14,"GOBEST_EXP":225.89,"SPRSCT_VA":3914.4,"SPRSCT_EXP":1430.95,"SEAEMP_VA":1575.7,"SEAEMP_EXP":890.14,"ADPDEF_VA":3259.78,"ADPDEF_EXP":56.91,"EDUCAC_VA":2844.25,"EDUCAC_EXP":134.94,"SALUDH_VA":3076.81,"SALUDH_EXP":72.3,"ESPARC_VA":689.56,"ESPARC_EXP":150.85,"OTRSER_VA":567.87,"OTRSER_EXP":84.6,"SERHOG_VA":40.32,"SERHOG_EXP":0.0}},{"type":"Feature","geometry":{"type":"Point","coordinates":[18.64,60.13]},"properties":{"id":"SWE","name":"Suecia","continent":"europe","year":2022,"AGRPFO_VA":4339.18,"AGRPFO_EXP":994.99,"FORLOG_VA":2281.07,"FORLOG_EXP":339.18,"PESCAC_VA":130.99,"PESCAC_EXP":168.4,"MINCOL_VA":114.45,"MINCOL_EXP":21.87,"PETGAS_VA":33.71,"PETGAS_EXP":1.25,"MINORE_VA":4258.46,"MINORE_EXP":4139.99,"MINOTH_VA":396.63,"MINOTH_EXP":106.07,"MINSER_VA":168.2,"MINSER_EXP":196.71,"ALYBEB_VA":5255.74,"ALYBEB_EXP":5580.15,"TEXYPR_VA":584.95,"TEXYPR_EXP":953.16,"MADYPR_VA":4333.99,"MADYPR_EXP":4778.96,"PAPYPR_VA":7540.23,"PAPYPR_EXP":12199.48,"PETREF_VA":2453.58,"PETREF_EXP":11618.93,"QUIMYP_VA":4101.82,"QUIMYP_EXP":9346.28,"FARMED_VA":9026.69,"FARMED_EXP":13729.38,"HUPLAS_VA":2022.79,"HUPLAS_EXP":3840.62,"PRNOMT_VA":2027.41,"PRNOMT_EXP":1164.48,"METBAS_VA":3406.23,"METBAS_EXP":8710.83,"NONFER_VA":1336.44,"NONFER_EXP":4415.76,"PRMETA_VA":7548.66,"PRMETA_EXP":4740.49,"ELCTRO_VA":3396.48,"ELCTRO_EXP":4291.33,"ELCTRI_VA":2601.54,"ELCTRI_EXP":4773.09,"MAQYEQ_VA":13278.24,"MAQYEQ_EXP":17130.47,"AUTOMO_VA":12956.01,"AUTOMO_EXP":23571.45,"OTRTRA_VA":485.59,"OTRTRA_EXP":394.83,"TRANSP_VA":2117.6,"TRANSP_EXP":1078.26,"OTRMAN_VA":3926.53,"OTRMAN_EXP":3909.79,"ELEGAS_VA":16055.92,"ELEGAS_EXP":7266.28,"AGUBAS_VA":3827.74,"AGUBAS_EXP":171.48,"CONSTR_VA":36036.74,"CONSTR_EXP":954.68,"COMREV_VA":59458.58,"COMREV_EXP":30438.2,"TRATIE_VA":13937.44,"TRATIE_EXP":4374.19,"TRAGUA_VA":1386.88,"TRAGUA_EXP":1182.67,"TRAAIR_VA":203.3,"TRAAIR_EXP":2450.83,"ALMSTR_VA":11355.69,"ALMSTR_EXP":7039.39,"POSTME_VA":3303.0,"POSTME_EXP":584.09,"HOTYRE_VA":9084.9,"HOTYRE_EXP":4550.69,"MMTVRA_VA":8176.09,"MMTVRA_EXP":6462.6,"TELECO_VA":5184.68,"TELECO_EXP":3286.89,"ITSERV_VA":27782.89,"ITSERV_EXP":15614.33,"SERFIN_VA":22348.8,"SERFIN_EXP":6508.61,"GOBEST_VA":41826.8,"GOBEST_EXP":1221.71,"SPRSCT_VA":42991.94,"SPRSCT_EXP":19772.68,"SEAEMP_VA":19147.19,"SEAEMP_EXP":7467.41,"ADPDEF_VA":24150.33,"ADPDEF_EXP":338.97,"EDUCAC_VA":29025.43,"EDUCAC_EXP":441.68,"SALUDH_VA":53035.36,"SALUDH_EXP":470.5,"ESPARC_VA":7432.02,"ESPARC_EXP":1004.93,"OTRSER_VA":7012.79,"OTRSER_EXP":351.1,"SERHOG_VA":261.32,"SERHOG_EXP":0.0}},{"type":"Feature","geometry":{"type":"Point","coordinates":[100.99,15.87]},"properties":{"id":"THA","name":"Tailandia","continent":"asia","year":2022,"AGRPFO_VA":33606.09,"AGRPFO_EXP":11137.91,"FORLOG_VA":337.65,"FORLOG_EXP":57.0,"PESCAC_VA":3438.19,"PESCAC_EXP":136.29,"MINCOL_VA":267.65,"MINCOL_EXP":5.33,"PETGAS_VA":7474.55,"PETGAS_EXP":65.0,"MINORE_VA":73.02,"MINORE_EXP":109.45,"MINOTH_VA":1958.62,"MINOTH_EXP":475.75,"MINSER_VA":1823.62,"MINSER_EXP":83.46,"ALYBEB_VA":26651.58,"ALYBEB_EXP":29872.71,"TEXYPR_VA":6240.92,"TEXYPR_EXP":8032.63,"MADYPR_VA":1548.69,"MADYPR_EXP":2141.84,"PAPYPR_VA":1980.73,"PAPYPR_EXP":1999.25,"PETREF_VA":15259.17,"PETREF_EXP":8366.59,"QUIMYP_VA":11493.81,"QUIMYP_EXP":22223.17,"FARMED_VA":1641.15,"FARMED_EXP":508.91,"HUPLAS_VA":8116.19,"HUPLAS_EXP":14115.7,"PRNOMT_VA":4718.6,"PRNOMT_EXP":2758.39,"METBAS_VA":1987.73,"METBAS_EXP":1757.55,"NONFER_VA":1146.17,"NONFER_EXP":3258.88,"PRMETA_VA":3932.18,"PRMETA_EXP":6292.87,"ELCTRO_VA":11554.71,"ELCTRO_EXP":46469.74,"ELCTRI_VA":5794.79,"ELCTRI_EXP":13654.95,"MAQYEQ_VA":4993.36,"MAQYEQ_EXP":14323.51,"AUTOMO_VA":10056.51,"AUTOMO_EXP":29292.58,"OTRTRA_VA":1005.94,"OTRTRA_EXP":1764.13,"TRANSP_VA":1193.97,"TRANSP_EXP":3489.29,"OTRMAN_VA":6984.05,"OTRMAN_EXP":13954.17,"ELEGAS_VA":12461.62,"ELEGAS_EXP":292.78,"AGUBAS_VA":1897.46,"AGUBAS_EXP":0.39,"CONSTR_VA":11410.3,"CONSTR_EXP":0.52,"COMREV_VA":89945.57,"COMREV_EXP":31936.1,"TRATIE_VA":9376.51,"TRATIE_EXP":6704.74,"TRAGUA_VA":3559.55,"TRAGUA_EXP":5834.27,"TRAAIR_VA":1875.12,"TRAAIR_EXP":6988.23,"ALMSTR_VA":3963.82,"ALMSTR_EXP":487.72,"POSTME_VA":2101.34,"POSTME_EXP":526.56,"HOTYRE_VA":18817.56,"HOTYRE_EXP":3120.55,"MMTVRA_VA":1266.75,"MMTVRA_EXP":290.2,"TELECO_VA":7037.05,"TELECO_EXP":2358.3,"ITSERV_VA":3708.27,"ITSERV_EXP":769.01,"SERFIN_VA":35406.38,"SERFIN_EXP":1816.38,"GOBEST_VA":13422.69,"GOBEST_EXP":2289.14,"SPRSCT_VA":7226.32,"SPRSCT_EXP":1485.97,"SEAEMP_VA":5471.31,"SEAEMP_EXP":4680.36,"ADPDEF_VA":26313.1,"ADPDEF_EXP":0.58,"EDUCAC_VA":18067.72,"EDUCAC_EXP":1.52,"SALUDH_VA":12850.92,"SALUDH_EXP":457.98,"ESPARC_VA":2767.1,"ESPARC_EXP":161.16,"OTRSER_VA":5136.78,"OTRSER_EXP":1013.34,"SERHOG_VA":731.52,"SERHOG_EXP":0.0}},{"type":"Feature","geometry":{"type":"Point","coordinates":[9.54,33.89]},"properties":{"id":"TUN","name":"Túnez","continent":"other","year":2022,"AGRPFO_VA":3371.65,"AGRPFO_EXP":561.24,"FORLOG_VA":480.31,"FORLOG_EXP":6.55,"PESCAC_VA":713.23,"PESCAC_EXP":151.1,"MINCOL_VA":407.95,"MINCOL_EXP":0.19,"PETGAS_VA":1290.56,"PETGAS_EXP":1769.54,"MINORE_VA":5.79,"MINORE_EXP":1.04,"MINOTH_VA":228.13,"MINOTH_EXP":132.09,"MINSER_VA":97.4,"MINSER_EXP":2.57,"ALYBEB_VA":1328.24,"ALYBEB_EXP":2709.27,"TEXYPR_VA":1670.46,"TEXYPR_EXP":2834.3,"MADYPR_VA":178.21,"MADYPR_EXP":77.7,"PAPYPR_VA":224.52,"PAPYPR_EXP":310.68,"PETREF_VA":13.01,"PETREF_EXP":124.64,"QUIMYP_VA":335.42,"QUIMYP_EXP":911.99,"FARMED_VA":219.43,"FARMED_EXP":155.42,"HUPLAS_VA":125.55,"HUPLAS_EXP":269.82,"PRNOMT_VA":608.11,"PRNOMT_EXP":353.98,"METBAS_VA":91.12,"METBAS_EXP":256.17,"NONFER_VA":65.33,"NONFER_EXP":179.79,"PRMETA_VA":587.71,"PRMETA_EXP":924.99,"ELCTRO_VA":305.76,"ELCTRO_EXP":791.64,"ELCTRI_VA":846.13,"ELCTRI_EXP":1918.89,"MAQYEQ_VA":444.89,"MAQYEQ_EXP":444.48,"AUTOMO_VA":407.73,"AUTOMO_EXP":901.45,"OTRTRA_VA":22.73,"OTRTRA_EXP":52.39,"TRANSP_VA":57.35,"TRANSP_EXP":127.39,"OTRMAN_VA":294.51,"OTRMAN_EXP":278.58,"ELEGAS_VA":510.24,"ELEGAS_EXP":16.96,"AGUBAS_VA":184.2,"AGUBAS_EXP":1.15,"CONSTR_VA":1813.87,"CONSTR_EXP":15.05,"COMREV_VA":4119.46,"COMREV_EXP":1675.48,"TRATIE_VA":1940.97,"TRATIE_EXP":682.04,"TRAGUA_VA":133.04,"TRAGUA_EXP":176.86,"TRAAIR_VA":189.83,"TRAAIR_EXP":356.69,"ALMSTR_VA":1032.86,"ALMSTR_EXP":395.76,"POSTME_VA":407.59,"POSTME_EXP":55.03,"HOTYRE_VA":2016.57,"HOTYRE_EXP":437.1,"MMTVRA_VA":198.74,"MMTVRA_EXP":57.01,"TELECO_VA":1298.88,"TELECO_EXP":259.55,"ITSERV_VA":598.31,"ITSERV_EXP":149.64,"SERFIN_VA":1934.09,"SERFIN_EXP":238.86,"GOBEST_VA":1835.67,"GOBEST_EXP":73.64,"SPRSCT_VA":1329.01,"SPRSCT_EXP":452.32,"SEAEMP_VA":986.67,"SEAEMP_EXP":142.87,"ADPDEF_VA":5079.48,"ADPDEF_EXP":0.24,"EDUCAC_VA":2908.29,"EDUCAC_EXP":25.33,"SALUDH_VA":96.78,"SALUDH_EXP":17.0,"ESPARC_VA":68.49,"ESPARC_EXP":59.02,"OTRSER_VA":93.02,"OTRSER_EXP":22.76,"SERHOG_VA":156.36,"SERHOG_EXP":0.0}},{"type":"Feature","geometry":{"type":"Point","coordinates":[35.24,38.96]},"properties":{"id":"TUR","name":"Turquía","continent":"europe","year":2022,"AGRPFO_VA":57565.19,"AGRPFO_EXP":9471.48,"FORLOG_VA":2811.87,"FORLOG_EXP":21.71,"PESCAC_VA":1994.11,"PESCAC_EXP":625.92,"MINCOL_VA":2683.88,"MINCOL_EXP":246.03,"PETGAS_VA":1525.76,"PETGAS_EXP":196.02,"MINORE_VA":4064.45,"MINORE_EXP":3168.49,"MINOTH_VA":2141.04,"MINOTH_EXP":1737.44,"MINSER_VA":470.18,"MINSER_EXP":4.44,"ALYBEB_VA":21267.06,"ALYBEB_EXP":18699.0,"TEXYPR_VA":31447.36,"TEXYPR_EXP":29078.64,"MADYPR_VA":2586.55,"MADYPR_EXP":1530.09,"PAPYPR_VA":5798.82,"PAPYPR_EXP":3831.38,"PETREF_VA":4238.53,"PETREF_EXP":10347.41,"QUIMYP_VA":11991.03,"QUIMYP_EXP":13119.19,"FARMED_VA":2851.55,"FARMED_EXP":1423.72,"HUPLAS_VA":10224.02,"HUPLAS_EXP":9229.75,"PRNOMT_VA":11620.66,"PRNOMT_EXP":6401.69,"METBAS_VA":7618.22,"METBAS_EXP":15044.42,"NONFER_VA":2238.25,"NONFER_EXP":8141.82,"PRMETA_VA":11854.13,"PRMETA_EXP":11954.2,"ELCTRO_VA":1939.31,"ELCTRO_EXP":2286.33,"ELCTRI_VA":6093.84,"ELCTRI_EXP":13313.21,"MAQYEQ_VA":7508.24,"MAQYEQ_EXP":12100.16,"AUTOMO_VA":8799.35,"AUTOMO_EXP":24272.49,"OTRTRA_VA":555.11,"OTRTRA_EXP":1532.7,"TRANSP_VA":1399.46,"TRANSP_EXP":2449.0,"OTRMAN_VA":13420.7,"OTRMAN_EXP":10595.24,"ELEGAS_VA":19544.71,"ELEGAS_EXP":152.61,"AGUBAS_VA":9755.97,"AGUBAS_EXP":39.05,"CONSTR_VA":51485.13,"CONSTR_EXP":1148.25,"COMREV_VA":130193.88,"COMREV_EXP":36525.54,"TRATIE_VA":65659.53,"TRATIE_EXP":11970.5,"TRAGUA_VA":6974.61,"TRAGUA_EXP":4532.02,"TRAAIR_VA":6071.09,"TRAAIR_EXP":10543.76,"ALMSTR_VA":18954.77,"ALMSTR_EXP":4854.27,"POSTME_VA":2937.45,"POSTME_EXP":502.93,"HOTYRE_VA":27547.5,"HOTYRE_EXP":11365.19,"MMTVRA_VA":2968.7,"MMTVRA_EXP":556.82,"TELECO_VA":6279.63,"TELECO_EXP":1479.64,"ITSERV_VA":13735.28,"ITSERV_EXP":3266.73,"SERFIN_VA":31543.82,"SERFIN_EXP":6198.12,"GOBEST_VA":68213.75,"GOBEST_EXP":2004.14,"SPRSCT_VA":19663.86,"SPRSCT_EXP":2586.85,"SEAEMP_VA":23012.98,"SEAEMP_EXP":7405.86,"ADPDEF_VA":37746.85,"ADPDEF_EXP":328.37,"EDUCAC_VA":29012.52,"EDUCAC_EXP":1705.28,"SALUDH_VA":22334.29,"SALUDH_EXP":420.63,"ESPARC_VA":12119.29,"ESPARC_EXP":1325.65,"OTRSER_VA":6768.33,"OTRSER_EXP":647.49,"SERHOG_VA":224.6,"SERHOG_EXP":0.0}},{"type":"Feature","geometry":{"type":"Point","coordinates":[120.96,23.7]},"properties":{"id":"TWN","name":"Taiwán","continent":"asia","year":2022,"AGRPFO_VA":8969.95,"AGRPFO_EXP":543.66,"FORLOG_VA":39.7,"FORLOG_EXP":4.11,"PESCAC_VA":1234.58,"PESCAC_EXP":1231.61,"MINCOL_VA":125.57,"MINCOL_EXP":47.02,"PETGAS_VA":394.33,"PETGAS_EXP":31.52,"MINORE_VA":91.93,"MINORE_EXP":179.6,"MINOTH_VA":796.14,"MINOTH_EXP":63.85,"MINSER_VA":427.37,"MINSER_EXP":14.06,"ALYBEB_VA":10991.57,"ALYBEB_EXP":4348.85,"TEXYPR_VA":5358.47,"TEXYPR_EXP":7656.4,"MADYPR_VA":478.57,"MADYPR_EXP":219.58,"PAPYPR_VA":3728.41,"PAPYPR_EXP":2449.72,"PETREF_VA":2868.91,"PETREF_EXP":16558.43,"QUIMYP_VA":13134.38,"QUIMYP_EXP":31990.48,"FARMED_VA":2345.98,"FARMED_EXP":1114.28,"HUPLAS_VA":6940.61,"HUPLAS_EXP":8413.1,"PRNOMT_VA":4315.19,"PRNOMT_EXP":2253.1,"METBAS_VA":9626.08,"METBAS_EXP":11609.28,"NONFER_VA":2613.67,"NONFER_EXP":6847.46,"PRMETA_VA":12768.36,"PRMETA_EXP":14961.01,"ELCTRO_VA":149351.57,"ELCTRO_EXP":224042.7,"ELCTRI_VA":6603.58,"ELCTRI_EXP":14417.43,"MAQYEQ_VA":10729.46,"MAQYEQ_EXP":25142.41,"AUTOMO_VA":5135.0,"AUTOMO_EXP":8028.07,"OTRTRA_VA":4537.58,"OTRTRA_EXP":386.72,"TRANSP_VA":4559.06,"TRANSP_EXP":8908.57,"OTRMAN_VA":9001.82,"OTRMAN_EXP":5185.55,"ELEGAS_VA":3990.61,"ELEGAS_EXP":53.16,"AGUBAS_VA":4051.97,"AGUBAS_EXP":29.65,"CONSTR_VA":23746.37,"CONSTR_EXP":1111.41,"COMREV_VA":116677.85,"COMREV_EXP":52867.94,"TRATIE_VA":7486.71,"TRATIE_EXP":3692.94,"TRAGUA_VA":10929.73,"TRAGUA_EXP":5963.58,"TRAAIR_VA":2882.9,"TRAAIR_EXP":7177.6,"ALMSTR_VA":5996.96,"ALMSTR_EXP":4996.07,"POSTME_VA":1668.55,"POSTME_EXP":98.91,"HOTYRE_VA":17546.11,"HOTYRE_EXP":1291.29,"MMTVRA_VA":3801.28,"MMTVRA_EXP":1796.78,"TELECO_VA":7465.45,"TELECO_EXP":1444.7,"ITSERV_VA":11602.17,"ITSERV_EXP":3407.44,"SERFIN_VA":47097.6,"SERFIN_EXP":4778.8,"GOBEST_VA":56929.53,"GOBEST_EXP":1368.92,"SPRSCT_VA":17219.83,"SPRSCT_EXP":6226.37,"SEAEMP_VA":12226.18,"SEAEMP_EXP":2546.17,"ADPDEF_VA":40688.1,"ADPDEF_EXP":5.13,"EDUCAC_VA":25318.82,"EDUCAC_EXP":658.41,"SALUDH_VA":22615.65,"SALUDH_EXP":1880.09,"ESPARC_VA":5600.13,"ESPARC_EXP":1398.35,"OTRSER_VA":16293.78,"OTRSER_EXP":403.94,"SERHOG_VA":4188.54,"SERHOG_EXP":0.0}},{"type":"Feature","geometry":{"type":"Point","coordinates":[31.17,48.38]},"properties":{"id":"UKR","name":"Ucrania","continent":"europe","year":2022,"AGRPFO_VA":13323.53,"AGRPFO_EXP":9888.31,"FORLOG_VA":1470.37,"FORLOG_EXP":13.19,"PESCAC_VA":37.72,"PESCAC_EXP":1.79,"MINCOL_VA":1153.79,"MINCOL_EXP":0.63,"PETGAS_VA":2383.42,"PETGAS_EXP":40.9,"MINORE_VA":2999.68,"MINORE_EXP":2486.57,"MINOTH_VA":608.15,"MINOTH_EXP":107.38,"MINSER_VA":288.24,"MINSER_EXP":513.07,"ALYBEB_VA":4049.75,"ALYBEB_EXP":7198.2,"TEXYPR_VA":583.28,"TEXYPR_EXP":135.84,"MADYPR_VA":366.98,"MADYPR_EXP":1206.42,"PAPYPR_VA":489.72,"PAPYPR_EXP":230.55,"PETREF_VA":279.84,"PETREF_EXP":164.87,"QUIMYP_VA":318.03,"QUIMYP_EXP":473.48,"FARMED_VA":448.34,"FARMED_EXP":88.58,"HUPLAS_VA":367.96,"HUPLAS_EXP":156.3,"PRNOMT_VA":761.64,"PRNOMT_EXP":158.8,"METBAS_VA":1575.99,"METBAS_EXP":4001.32,"NONFER_VA":122.11,"NONFER_EXP":184.32,"PRMETA_VA":466.48,"PRMETA_EXP":196.53,"ELCTRO_VA":129.7,"ELCTRO_EXP":119.55,"ELCTRI_VA":331.49,"ELCTRI_EXP":401.88,"MAQYEQ_VA":659.49,"MAQYEQ_EXP":648.61,"AUTOMO_VA":213.71,"AUTOMO_EXP":295.7,"OTRTRA_VA":34.78,"OTRTRA_EXP":91.01,"TRANSP_VA":391.02,"TRANSP_EXP":186.47,"OTRMAN_VA":1086.06,"OTRMAN_EXP":973.98,"ELEGAS_VA":6569.0,"ELEGAS_EXP":238.14,"AGUBAS_VA":600.71,"AGUBAS_EXP":1.06,"CONSTR_VA":2299.52,"CONSTR_EXP":0.42,"COMREV_VA":21499.67,"COMREV_EXP":5168.24,"TRATIE_VA":7332.71,"TRATIE_EXP":1599.62,"TRAGUA_VA":786.03,"TRAGUA_EXP":625.87,"TRAAIR_VA":765.77,"TRAAIR_EXP":838.25,"ALMSTR_VA":3498.55,"ALMSTR_EXP":923.2,"POSTME_VA":136.85,"POSTME_EXP":138.98,"HOTYRE_VA":1278.55,"HOTYRE_EXP":224.14,"MMTVRA_VA":614.85,"MMTVRA_EXP":372.94,"TELECO_VA":1270.41,"TELECO_EXP":236.11,"ITSERV_VA":4411.87,"ITSERV_EXP":5157.62,"SERFIN_VA":4772.83,"SERFIN_EXP":205.83,"GOBEST_VA":7241.74,"GOBEST_EXP":83.72,"SPRSCT_VA":3656.25,"SPRSCT_EXP":1631.83,"SEAEMP_VA":1703.43,"SEAEMP_EXP":477.16,"ADPDEF_VA":32939.61,"ADPDEF_EXP":0.35,"EDUCAC_VA":6447.11,"EDUCAC_EXP":13.2,"SALUDH_VA":4161.84,"SALUDH_EXP":9.17,"ESPARC_VA":964.48,"ESPARC_EXP":139.02,"OTRSER_VA":1003.57,"OTRSER_EXP":11.86,"SERHOG_VA":6.82,"SERHOG_EXP":0.0}},{"type":"Feature","geometry":{"type":"Point","coordinates":[-95.71,37.09]},"properties":{"id":"USA","name":"Estados Unidos","continent":"america","year":2022,"AGRPFO_VA":287311.08,"AGRPFO_EXP":66418.06,"FORLOG_VA":13891.21,"FORLOG_EXP":1290.86,"PESCAC_VA":4499.38,"PESCAC_EXP":2396.55,"MINCOL_VA":26886.61,"MINCOL_EXP":13417.78,"PETGAS_VA":354970.86,"PETGAS_EXP":177740.86,"MINORE_VA":16279.49,"MINORE_EXP":9919.66,"MINOTH_VA":33464.96,"MINOTH_EXP":2274.87,"MINSER_VA":48192.65,"MINSER_EXP":1829.19,"ALYBEB_VA":298655.49,"ALYBEB_EXP":66170.96,"TEXYPR_VA":30466.85,"TEXYPR_EXP":14783.39,"MADYPR_VA":68837.44,"MADYPR_EXP":6276.34,"PAPYPR_VA":112333.45,"PAPYPR_EXP":26338.12,"PETREF_VA":234551.31,"PETREF_EXP":130038.52,"QUIMYP_VA":310053.4,"QUIMYP_EXP":124887.39,"FARMED_VA":248853.9,"FARMED_EXP":56974.92,"HUPLAS_VA":97115.72,"HUPLAS_EXP":27454.42,"PRNOMT_VA":80768.08,"PRNOMT_EXP":9808.92,"METBAS_VA":60660.11,"METBAS_EXP":18205.24,"NONFER_VA":58417.53,"NONFER_EXP":36092.12,"PRMETA_VA":180313.81,"PRMETA_EXP":30307.61,"ELCTRO_VA":352870.26,"ELCTRO_EXP":105169.16,"ELCTRI_VA":77066.0,"ELCTRI_EXP":26932.02,"MAQYEQ_VA":187779.26,"MAQYEQ_EXP":101591.33,"AUTOMO_VA":159305.37,"AUTOMO_EXP":91868.12,"OTRTRA_VA":27672.31,"OTRTRA_EXP":2049.17,"TRANSP_VA":135385.16,"TRANSP_EXP":91151.66,"OTRMAN_VA":174562.35,"OTRMAN_EXP":52723.51,"ELEGAS_VA":393868.24,"ELEGAS_EXP":8839.5,"AGUBAS_VA":87832.6,"AGUBAS_EXP":100.67,"CONSTR_VA":1080385.37,"CONSTR_EXP":4.68,"COMREV_VA":2595267.98,"COMREV_EXP":408837.76,"TRATIE_VA":406396.51,"TRATIE_EXP":55892.53,"TRAGUA_VA":22195.29,"TRAGUA_EXP":8631.4,"TRAAIR_VA":127833.44,"TRAAIR_EXP":30556.05,"ALMSTR_VA":227994.39,"ALMSTR_EXP":9548.78,"POSTME_VA":137886.58,"POSTME_EXP":17633.64,"HOTYRE_VA":703227.29,"HOTYRE_EXP":39244.09,"MMTVRA_VA":522424.38,"MMTVRA_EXP":66089.5,"TELECO_VA":320095.65,"TELECO_EXP":17927.49,"ITSERV_VA":842778.1,"ITSERV_EXP":74697.64,"SERFIN_VA":1973559.64,"SERFIN_EXP":239308.97,"GOBEST_VA":3037923.41,"GOBEST_EXP":11948.04,"SPRSCT_VA":2092853.75,"SPRSCT_EXP":237403.26,"SEAEMP_VA":1103916.45,"SEAEMP_EXP":83215.83,"ADPDEF_VA":2006715.07,"ADPDEF_EXP":3822.81,"EDUCAC_VA":1246291.41,"EDUCAC_EXP":29381.79,"SALUDH_VA":1854019.54,"SALUDH_EXP":2050.72,"ESPARC_VA":250178.08,"ESPARC_EXP":6540.86,"OTRSER_VA":348091.16,"OTRSER_EXP":3371.94,"SERHOG_VA":25209.21,"SERHOG_EXP":0.0}},{"type":"Feature","geometry":{"type":"Point","coordinates":[108.28,14.06]},"properties":{"id":"VNM","name":"Vietnam","continent":"asia","year":2022,"AGRPFO_VA":30235.93,"AGRPFO_EXP":7927.25,"FORLOG_VA":1961.1,"FORLOG_EXP":16.12,"PESCAC_VA":9574.67,"PESCAC_EXP":377.38,"MINCOL_VA":2164.68,"MINCOL_EXP":376.91,"PETGAS_VA":1303.12,"PETGAS_EXP":2103.76,"MINORE_VA":32108.98,"MINORE_EXP":3740.66,"MINOTH_VA":947.28,"MINOTH_EXP":133.39,"MINSER_VA":603.03,"MINSER_EXP":23.26,"ALYBEB_VA":16700.88,"ALYBEB_EXP":23043.66,"TEXYPR_VA":26873.64,"TEXYPR_EXP":67317.62,"MADYPR_VA":1410.14,"MADYPR_EXP":5805.06,"PAPYPR_VA":2964.76,"PAPYPR_EXP":2008.83,"PETREF_VA":3714.17,"PETREF_EXP":1886.44,"QUIMYP_VA":6221.5,"QUIMYP_EXP":11961.86,"FARMED_VA":1605.32,"FARMED_EXP":247.57,"HUPLAS_VA":5085.22,"HUPLAS_EXP":8716.9,"PRNOMT_VA":8162.82,"PRNOMT_EXP":3607.64,"METBAS_VA":4511.38,"METBAS_EXP":8962.14,"NONFER_VA":1385.85,"NONFER_EXP":2087.96,"PRMETA_VA":5062.55,"PRMETA_EXP":7826.68,"ELCTRO_VA":54651.45,"ELCTRO_EXP":134477.47,"ELCTRI_VA":6011.22,"ELCTRI_EXP":17684.6,"MAQYEQ_VA":2963.93,"MAQYEQ_EXP":7822.83,"AUTOMO_VA":1705.03,"AUTOMO_EXP":5482.97,"OTRTRA_VA":225.2,"OTRTRA_EXP":775.16,"TRANSP_VA":973.22,"TRANSP_EXP":3265.1,"OTRMAN_VA":9445.67,"OTRMAN_EXP":17172.03,"ELEGAS_VA":14619.3,"ELEGAS_EXP":109.41,"AGUBAS_VA":2101.28,"AGUBAS_EXP":22.29,"CONSTR_VA":23643.77,"CONSTR_EXP":68.68,"COMREV_VA":32461.72,"COMREV_EXP":22671.91,"TRATIE_VA":5262.76,"TRATIE_EXP":2972.0,"TRAGUA_VA":1249.87,"TRAGUA_EXP":1665.7,"TRAAIR_VA":1424.33,"TRAAIR_EXP":990.2,"ALMSTR_VA":3220.92,"ALMSTR_EXP":1086.36,"POSTME_VA":568.73,"POSTME_EXP":86.39,"HOTYRE_VA":8911.23,"HOTYRE_EXP":355.37,"MMTVRA_VA":1058.07,"MMTVRA_EXP":205.4,"TELECO_VA":4076.12,"TELECO_EXP":214.74,"ITSERV_VA":1988.42,"ITSERV_EXP":280.99,"SERFIN_VA":12322.78,"SERFIN_EXP":363.0,"GOBEST_VA":10680.16,"GOBEST_EXP":47.04,"SPRSCT_VA":7355.5,"SPRSCT_EXP":278.68,"SEAEMP_VA":2070.51,"SEAEMP_EXP":854.47,"ADPDEF_VA":7269.29,"ADPDEF_EXP":2.63,"EDUCAC_VA":13307.75,"EDUCAC_EXP":12.81,"SALUDH_VA":3621.62,"SALUDH_EXP":8.56,"ESPARC_VA":3480.23,"ESPARC_EXP":435.8,"OTRSER_VA":2248.89,"OTRSER_EXP":12.31,"SERHOG_VA":501.33,"SERHOG_EXP":0.0}},{"type":"Feature","geometry":{"type":"Point","coordinates":[22.94,-30.56]},"properties":{"id":"ZAF","name":"Sudáfrica","continent":"other","year":2022,"AGRPFO_VA":8285.78,"AGRPFO_EXP":7247.93,"FORLOG_VA":189.46,"FORLOG_EXP":89.0,"PESCAC_VA":697.51,"PESCAC_EXP":128.2,"MINCOL_VA":4028.68,"MINCOL_EXP":8663.74,"PETGAS_VA":365.05,"PETGAS_EXP":15.53,"MINORE_VA":20794.79,"MINORE_EXP":25862.26,"MINOTH_VA":1245.68,"MINOTH_EXP":2230.09,"MINSER_VA":239.13,"MINSER_EXP":19.31,"ALYBEB_VA":9229.96,"ALYBEB_EXP":5570.32,"TEXYPR_VA":1803.1,"TEXYPR_EXP":924.54,"MADYPR_VA":749.2,"MADYPR_EXP":843.86,"PAPYPR_VA":2840.81,"PAPYPR_EXP":2362.76,"PETREF_VA":4901.2,"PETREF_EXP":3951.05,"QUIMYP_VA":3454.82,"QUIMYP_EXP":6775.46,"FARMED_VA":761.58,"FARMED_EXP":730.0,"HUPLAS_VA":1247.61,"HUPLAS_EXP":1203.21,"PRNOMT_VA":1382.13,"PRNOMT_EXP":660.0,"METBAS_VA":3131.74,"METBAS_EXP":7851.77,"NONFER_VA":1143.89,"NONFER_EXP":2136.26,"PRMETA_VA":2612.05,"PRMETA_EXP":1756.52,"ELCTRO_VA":520.05,"ELCTRO_EXP":1073.44,"ELCTRI_VA":1200.31,"ELCTRI_EXP":1727.43,"MAQYEQ_VA":3244.21,"MAQYEQ_EXP":5983.72,"AUTOMO_VA":4228.75,"AUTOMO_EXP":12486.11,"OTRTRA_VA":51.2,"OTRTRA_EXP":262.21,"TRANSP_VA":602.42,"TRANSP_EXP":502.86,"OTRMAN_VA":2914.94,"OTRMAN_EXP":1125.48,"ELEGAS_VA":6933.83,"ELEGAS_EXP":871.59,"AGUBAS_VA":3560.19,"AGUBAS_EXP":10.14,"CONSTR_VA":8033.72,"CONSTR_EXP":0.01,"COMREV_VA":29543.12,"COMREV_EXP":11734.81,"TRATIE_VA":7767.44,"TRATIE_EXP":2331.75,"TRAGUA_VA":482.03,"TRAGUA_EXP":388.11,"TRAAIR_VA":615.63,"TRAAIR_EXP":2194.66,"ALMSTR_VA":2986.32,"ALMSTR_EXP":1874.93,"POSTME_VA":493.62,"POSTME_EXP":69.38,"HOTYRE_VA":2832.98,"HOTYRE_EXP":257.01,"MMTVRA_VA":2081.02,"MMTVRA_EXP":722.19,"TELECO_VA":12337.3,"TELECO_EXP":606.59,"ITSERV_VA":7434.61,"ITSERV_EXP":960.65,"SERFIN_VA":47900.06,"SERFIN_EXP":973.51,"GOBEST_VA":22778.43,"GOBEST_EXP":194.26,"SPRSCT_VA":13782.01,"SPRSCT_EXP":1708.72,"SEAEMP_VA":10655.5,"SEAEMP_EXP":985.32,"ADPDEF_VA":12180.63,"ADPDEF_EXP":56.36,"EDUCAC_VA":9941.55,"EDUCAC_EXP":453.73,"SALUDH_VA":7681.62,"SALUDH_EXP":33.84,"ESPARC_VA":32690.57,"ESPARC_EXP":270.81,"OTRSER_VA":12642.3,"OTRSER_EXP":57.65,"SERHOG_VA":44010.58,"SERHOG_EXP":0.0}}]}