{"type": "FeatureCollection", "crs": {"type": "name", "properties": {"name": "urn:ogc:def:crs:OGC:1.3:CRS84"}}, "features": [{"type": "Feature", "geometry": {"type": "Point", "coordinates": [-100.953107, 25.52517]}, "properties": {"id_unidad": 14, "nombre": "ACOJINAMIENTOS OK", "codigo_scian": "336360", "tier_red": "1", "oem_grupo": null, "es_planta_ensamble": null, "entidad": "COAHUILA DE ZARAGOZA", "municipio": "Ramos Arizpe", "cvegeo_mun": "05027", "nivel_inst": "SIN_REGISTRO_INST", "n_clientes": 0, "n_proveedores": 5, "grado_salida_ponderado": 0.0, "grado_entrada_ponderado": 0.3014583135086133, "centralidad_intermediacion": 0.0, "pagerank_proveeduria": 0.0007509103741085098}}, {"type": "Feature", "geometry": {"type": "Point", "coordinates": [-100.985271, 29.338939]}, "properties": {"id_unidad": 16, "nombre": "ACUTRAN DE MEXICO", "codigo_scian": "334410", "tier_red": "2", "oem_grupo": null, "es_planta_ensamble": null, "entidad": "COAHUILA DE ZARAGOZA", "municipio": "Acuña", "cvegeo_mun": "05002", "nivel_inst": "NUCLEO_CONFIRMADO", "n_clientes": 12, "n_proveedores": 0, "grado_salida_ponderado": 80.35409427248732, "grado_entrada_ponderado": 0.0, "centralidad_intermediacion": 0.0, "pagerank_proveeduria": 0.004264887608763075}}, {"type": "Feature", "geometry": {"type": "Point", "coordinates": [-106.449942, 31.67424]}, "properties": {"id_unidad": 17, "nombre": "ADAC STRATTEC DE MEXICO PLANTA 2", "codigo_scian": "336320", "tier_red": "1", "oem_grupo": null, "es_planta_ensamble": null, "entidad": "CHIHUAHUA", "municipio": "Juárez", "cvegeo_mun": "08037", "nivel_inst": "NUCLEO_CONFIRMADO", "n_clientes": 0, "n_proveedores": 5, "grado_salida_ponderado": 0.0, "grado_entrada_ponderado": 2.9543861989459774, "centralidad_intermediacion": 0.0, "pagerank_proveeduria": 0.0007509103741085098}}, {"type": "Feature", "geometry": {"type": "Point", "coordinates": [-102.279526, 21.746178]}, "properties": {"id_unidad": 19, "nombre": "ADIENT MEXICO AUTOMOTRIZ", "codigo_scian": "336360", "tier_red": "1", "oem_grupo": null, "es_planta_ensamble": null, "entidad": "AGUASCALIENTES", "municipio": "Aguascalientes", "cvegeo_mun": "01001", "nivel_inst": "SIN_REGISTRO_INST", "n_clientes": 0, "n_proveedores": 5, "grado_salida_ponderado": 0.0, "grado_entrada_ponderado": 3.540907753717455, "centralidad_intermediacion": 0.0, "pagerank_proveeduria": 0.0007509103741085098}}, {"type": "Feature", "geometry": {"type": "Point", "coordinates": [-100.900368, 25.595022]}, "properties": {"id_unidad": 20, "nombre": "ADIENT MEXICO AUTOMOTRIZ", "codigo_scian": "336360", "tier_red": "2", "oem_grupo": null, "es_planta_ensamble": null, "entidad": "COAHUILA DE ZARAGOZA", "municipio": "Ramos Arizpe", "cvegeo_mun": "05027", "nivel_inst": "SIN_REGISTRO_INST", "n_clientes": 0, "n_proveedores": 5, "grado_salida_ponderado": 0.0, "grado_entrada_ponderado": 5.685222189042003, "centralidad_intermediacion": 0.0, "pagerank_proveeduria": 0.0007509103741085098}}, {"type": "Feature", "geometry": {"type": "Point", "coordinates": [-101.101265, 25.263643]}, "properties": {"id_unidad": 21, "nombre": "ADIENT MEXICO AUTOMOTRIZ", "codigo_scian": "336360", "tier_red": "2", "oem_grupo": null, "es_planta_ensamble": null, "entidad": "COAHUILA DE ZARAGOZA", "municipio": "Saltillo", "cvegeo_mun": "05030", "nivel_inst": "SIN_REGISTRO_INST", "n_clientes": 0, "n_proveedores": 5, "grado_salida_ponderado": 0.0, "grado_entrada_ponderado": 0.4560771900873, "centralidad_intermediacion": 0.0, "pagerank_proveeduria": 0.0007509103741085098}}, {"type": "Feature", "geometry": {"type": "Point", "coordinates": [-101.098893, 25.261991]}, "properties": {"id_unidad": 23, "nombre": "ADIENT MEXICO AUTOMOTRIZ", "codigo_scian": "336360", "tier_red": "1", "oem_grupo": null, "es_planta_ensamble": null, "entidad": "COAHUILA DE ZARAGOZA", "municipio": "Saltillo", "cvegeo_mun": "05030", "nivel_inst": "NUCLEO_CONFIRMADO", "n_clientes": 1, "n_proveedores": 5, "grado_salida_ponderado": 3.8956993779777314, "grado_entrada_ponderado": 13.299453551845582, "centralidad_intermediacion": 8.645134518293105e-06, "pagerank_proveeduria": 0.0009560600524530345}}, {"type": "Feature", "geometry": {"type": "Point", "coordinates": [-100.996891, 25.442729]}, "properties": {"id_unidad": 25, "nombre": "ADIENT MEXICO AUTOMOTRIZ", "codigo_scian": "336360", "tier_red": "1", "oem_grupo": null, "es_planta_ensamble": null, "entidad": "COAHUILA DE ZARAGOZA", "municipio": "Saltillo", "cvegeo_mun": "05030", "nivel_inst": "NUCLEO_CONFIRMADO", "n_clientes": 0, "n_proveedores": 5, "grado_salida_ponderado": 0.0, "grado_entrada_ponderado": 0.5821992569020988, "centralidad_intermediacion": 0.0, "pagerank_proveeduria": 0.0007509103741085098}}, {"type": "Feature", "geometry": {"type": "Point", "coordinates": [-100.980117, 29.344125]}, "properties": {"id_unidad": 26, "nombre": "ADIENT MEXICO AUTOMOTRIZ", "codigo_scian": "336360", "tier_red": "1", "oem_grupo": null, "es_planta_ensamble": null, "entidad": "COAHUILA DE ZARAGOZA", "municipio": "Acuña", "cvegeo_mun": "05002", "nivel_inst": "SIN_REGISTRO_INST", "n_clientes": 0, "n_proveedores": 5, "grado_salida_ponderado": 0.0, "grado_entrada_ponderado": 8.486279283752692, "centralidad_intermediacion": 0.0, "pagerank_proveeduria": 0.0007509103741085098}}, {"type": "Feature", "geometry": {"type": "Point", "coordinates": [-101.437269, 26.867437]}, "properties": {"id_unidad": 27, "nombre": "ADIENT MEXICO AUTOMOTRIZ", "codigo_scian": "336360", "tier_red": "1", "oem_grupo": null, "es_planta_ensamble": null, "entidad": "COAHUILA DE ZARAGOZA", "municipio": "Monclova", "cvegeo_mun": "05018", "nivel_inst": "NUCLEO_CONFIRMADO", "n_clientes": 0, "n_proveedores": 5, "grado_salida_ponderado": 0.0, "grado_entrada_ponderado": 8.713017423602656, "centralidad_intermediacion": 0.0, "pagerank_proveeduria": 0.0007509103741085098}}, {"type": "Feature", "geometry": {"type": "Point", "coordinates": [-101.032943, 25.453239]}, "properties": {"id_unidad": 28, "nombre": "ADIENT MEXICO AUTOMOTRIZ", "codigo_scian": "336360", "tier_red": "1", "oem_grupo": null, "es_planta_ensamble": null, "entidad": "COAHUILA DE ZARAGOZA", "municipio": "Saltillo", "cvegeo_mun": "05030", "nivel_inst": "NUCLEO_CONFIRMADO", "n_clientes": 1, "n_proveedores": 5, "grado_salida_ponderado": 2.443303957198232, "grado_entrada_ponderado": 14.330320643094502, "centralidad_intermediacion": 0.0, "pagerank_proveeduria": 0.0008795761083668135}}, {"type": "Feature", "geometry": {"type": "Point", "coordinates": [-106.438166, 31.690993]}, "properties": {"id_unidad": 29, "nombre": "ADIENT MEXICO AUTOMOTRIZ", "codigo_scian": "336360", "tier_red": "1", "oem_grupo": null, "es_planta_ensamble": null, "entidad": "CHIHUAHUA", "municipio": "Juárez", "cvegeo_mun": "08037", "nivel_inst": "NUCLEO_CONFIRMADO", "n_clientes": 0, "n_proveedores": 5, "grado_salida_ponderado": 0.0, "grado_entrada_ponderado": 12.923020293991868, "centralidad_intermediacion": 0.0, "pagerank_proveeduria": 0.0007509103741085098}}, {"type": "Feature", "geometry": {"type": "Point", "coordinates": [-106.418129, 31.60628]}, "properties": {"id_unidad": 30, "nombre": "ADIENT MEXICO AUTOMOTRIZ", "codigo_scian": "336360", "tier_red": "1", "oem_grupo": null, "es_planta_ensamble": null, "entidad": "CHIHUAHUA", "municipio": "Juárez", "cvegeo_mun": "08037", "nivel_inst": "NUCLEO_CONFIRMADO", "n_clientes": 0, "n_proveedores": 5, "grado_salida_ponderado": 0.0, "grado_entrada_ponderado": 14.359935756511643, "centralidad_intermediacion": 0.0, "pagerank_proveeduria": 0.0007509103741085098}}, {"type": "Feature", "geometry": {"type": "Point", "coordinates": [-106.347319, 31.625609]}, "properties": {"id_unidad": 31, "nombre": "ADIENT MEXICO AUTOMOTRIZ", "codigo_scian": "336360", "tier_red": "1", "oem_grupo": null, "es_planta_ensamble": null, "entidad": "CHIHUAHUA", "municipio": "Juárez", "cvegeo_mun": "08037", "nivel_inst": "NUCLEO_CONFIRMADO", "n_clientes": 0, "n_proveedores": 5, "grado_salida_ponderado": 0.0, "grado_entrada_ponderado": 14.02217261869023, "centralidad_intermediacion": 0.0, "pagerank_proveeduria": 0.0007509103741085098}}, {"type": "Feature", "geometry": {"type": "Point", "coordinates": [-106.351176, 31.628851]}, "properties": {"id_unidad": 32, "nombre": "ADIENT MEXICO AUTOMOTRIZ", "codigo_scian": "336360", "tier_red": "1", "oem_grupo": null, "es_planta_ensamble": null, "entidad": "CHIHUAHUA", "municipio": "Juárez", "cvegeo_mun": "08037", "nivel_inst": "NUCLEO_CONFIRMADO", "n_clientes": 0, "n_proveedores": 5, "grado_salida_ponderado": 0.0, "grado_entrada_ponderado": 14.19035550414478, "centralidad_intermediacion": 0.0, "pagerank_proveeduria": 0.0007509103741085098}}, {"type": "Feature", "geometry": {"type": "Point", "coordinates": [-100.525792, 20.566394]}, "properties": {"id_unidad": 34, "nombre": "ADIENT MEXICO AUTOMOTRIZ", "codigo_scian": "336360", "tier_red": "1", "oem_grupo": null, "es_planta_ensamble": null, "entidad": "GUANAJUATO", "municipio": "Apaseo el Grande", "cvegeo_mun": "11005", "nivel_inst": "NUCLEO_CONFIRMADO", "n_clientes": 2, "n_proveedores": 5, "grado_salida_ponderado": 1.097100244715393, "grado_entrada_ponderado": 17.039301884861718, "centralidad_intermediacion": 1.3832215229268968e-05, "pagerank_proveeduria": 0.0008879928088040902}}, {"type": "Feature", "geometry": {"type": "Point", "coordinates": [-99.545705, 19.294963]}, "properties": {"id_unidad": 35, "nombre": "ADIENT MEXICO AUTOMOTRIZ", "codigo_scian": "336360", "tier_red": "2", "oem_grupo": null, "es_planta_ensamble": null, "entidad": "MÉXICO", "municipio": "Lerma", "cvegeo_mun": "15051", "nivel_inst": "NUCLEO_CONFIRMADO", "n_clientes": 0, "n_proveedores": 5, "grado_salida_ponderado": 0.0, "grado_entrada_ponderado": 10.496337064189763, "centralidad_intermediacion": 0.0, "pagerank_proveeduria": 0.0007509103741085098}}, {"type": "Feature", "geometry": {"type": "Point", "coordinates": [-99.227489, 19.481867]}, "properties": {"id_unidad": 36, "nombre": "ADIENT MEXICO AUTOMOTRIZ", "codigo_scian": "336360", "tier_red": "2", "oem_grupo": null, "es_planta_ensamble": null, "entidad": "MÉXICO", "municipio": "Naucalpan de Juárez", "cvegeo_mun": "15057", "nivel_inst": "NUCLEO_CONFIRMADO", "n_clientes": 0, "n_proveedores": 5, "grado_salida_ponderado": 0.0, "grado_entrada_ponderado": 10.382527227976329, "centralidad_intermediacion": 0.0, "pagerank_proveeduria": 0.0007509103741085098}}, {"type": "Feature", "geometry": {"type": "Point", "coordinates": [-100.353829, 25.644288]}, "properties": {"id_unidad": 37, "nombre": "ADIENT MEXICO AUTOMOTRIZ", "codigo_scian": "336360", "tier_red": "2", "oem_grupo": null, "es_planta_ensamble": null, "entidad": "NUEVO LEÓN", "municipio": "San Pedro Garza García", "cvegeo_mun": "19019", "nivel_inst": "NUCLEO_CONFIRMADO", "n_clientes": 0, "n_proveedores": 5, "grado_salida_ponderado": 0.0, "grado_entrada_ponderado": 0.0699130104454409, "centralidad_intermediacion": 0.0, "pagerank_proveeduria": 0.0007509103741085098}}, {"type": "Feature", "geometry": {"type": "Point", "coordinates": [-100.353888, 25.643744]}, "properties": {"id_unidad": 38, "nombre": "ADIENT MEXICO AUTOMOTRIZ", "codigo_scian": "336360", "tier_red": "2", "oem_grupo": null, "es_planta_ensamble": null, "entidad": "NUEVO LEÓN", "municipio": "San Pedro Garza García", "cvegeo_mun": "19019", "nivel_inst": "NUCLEO_CONFIRMADO", "n_clientes": 0, "n_proveedores": 5, "grado_salida_ponderado": 0.0, "grado_entrada_ponderado": 11.650699578114903, "centralidad_intermediacion": 0.0, "pagerank_proveeduria": 0.0007509103741085098}}, {"type": "Feature", "geometry": {"type": "Point", "coordinates": [-100.352888, 25.642927]}, "properties": {"id_unidad": 39, "nombre": "ADIENT MEXICO AUTOMOTRIZ", "codigo_scian": "336360", "tier_red": "1", "oem_grupo": null, "es_planta_ensamble": null, "entidad": "NUEVO LEÓN", "municipio": "San Pedro Garza García", "cvegeo_mun": "19019", "nivel_inst": "INDETERMINADO", "n_clientes": 1, "n_proveedores": 5, "grado_salida_ponderado": 1.7147564601822065, "grado_entrada_ponderado": 13.152398432249406, "centralidad_intermediacion": 1.729026903658621e-06, "pagerank_proveeduria": 0.0008685374703803131}}, {"type": "Feature", "geometry": {"type": "Point", "coordinates": [-98.243738, 19.116227]}, "properties": {"id_unidad": 40, "nombre": "ADIENT MEXICO AUTOMOTRIZ", "codigo_scian": "336360", "tier_red": "1", "oem_grupo": null, "es_planta_ensamble": null, "entidad": "PUEBLA", "municipio": "Cuautlancingo", "cvegeo_mun": "21041", "nivel_inst": "NUCLEO_CONFIRMADO", "n_clientes": 5, "n_proveedores": 5, "grado_salida_ponderado": 0.5960973813200907, "grado_entrada_ponderado": 7.1770289233817754, "centralidad_intermediacion": 2.5935403554879314e-05, "pagerank_proveeduria": 0.0014063220298383772}}, {"type": "Feature", "geometry": {"type": "Point", "coordinates": [-98.243733, 19.116237]}, "properties": {"id_unidad": 41, "nombre": "ADIENT MEXICO AUTOMOTRIZ", "codigo_scian": "336360", "tier_red": "1", "oem_grupo": null, "es_planta_ensamble": null, "entidad": "PUEBLA", "municipio": "Cuautlancingo", "cvegeo_mun": "21041", "nivel_inst": "NUCLEO_CONFIRMADO", "n_clientes": 0, "n_proveedores": 5, "grado_salida_ponderado": 0.0, "grado_entrada_ponderado": 0.287081097309912, "centralidad_intermediacion": 0.0, "pagerank_proveeduria": 0.0007509103741085098}}, {"type": "Feature", "geometry": {"type": "Point", "coordinates": [-98.972949, 19.802893]}, "properties": {"id_unidad": 45, "nombre": "ADLER PELZER GROUP", "codigo_scian": "336360", "tier_red": "1", "oem_grupo": null, "es_planta_ensamble": null, "entidad": "MÉXICO", "municipio": "Tecámac", "cvegeo_mun": "15081", "nivel_inst": "NUCLEO_CONFIRMADO", "n_clientes": 2, "n_proveedores": 5, "grado_salida_ponderado": 1.8622168585094694, "grado_entrada_ponderado": 7.7554702982489845, "centralidad_intermediacion": 1.729026903658621e-05, "pagerank_proveeduria": 0.0010346302563733565}}, {"type": "Feature", "geometry": {"type": "Point", "coordinates": [-102.321033, 21.726153]}, "properties": {"id_unidad": 52, "nombre": "AGUASCALIENTES STEEL COIL CENTER", "codigo_scian": "336370", "tier_red": "2", "oem_grupo": null, "es_planta_ensamble": null, "entidad": "AGUASCALIENTES", "municipio": "Aguascalientes", "cvegeo_mun": "01001", "nivel_inst": "NUCLEO_CONFIRMADO", "n_clientes": 1, "n_proveedores": 0, "grado_salida_ponderado": 1.062217482293352, "grado_entrada_ponderado": 0.0, "centralidad_intermediacion": 0.0, "pagerank_proveeduria": 0.0008094402894688726}}, {"type": "Feature", "geometry": {"type": "Point", "coordinates": [-106.388561, 31.647338]}, "properties": {"id_unidad": 60, "nombre": "AKWEL JUAREZ MEXICO", "codigo_scian": "336320", "tier_red": "2", "oem_grupo": null, "es_planta_ensamble": null, "entidad": "CHIHUAHUA", "municipio": "Juárez", "cvegeo_mun": "08037", "nivel_inst": "NUCLEO_CONFIRMADO", "n_clientes": 0, "n_proveedores": 5, "grado_salida_ponderado": 0.0, "grado_entrada_ponderado": 58.21086389867149, "centralidad_intermediacion": 0.0, "pagerank_proveeduria": 0.0007509103741085098}}, {"type": "Feature", "geometry": {"type": "Point", "coordinates": [-98.36609, 26.04057]}, "properties": {"id_unidad": 62, "nombre": "ALCOM ELECTRONICOS DE MEXICO", "codigo_scian": "336320", "tier_red": "1", "oem_grupo": null, "es_planta_ensamble": null, "entidad": "TAMAULIPAS", "municipio": "Reynosa", "cvegeo_mun": "28032", "nivel_inst": "NUCLEO_CONFIRMADO", "n_clientes": 0, "n_proveedores": 5, "grado_salida_ponderado": 0.0, "grado_entrada_ponderado": 14.091922970842706, "centralidad_intermediacion": 0.0, "pagerank_proveeduria": 0.0007509103741085098}}, {"type": "Feature", "geometry": {"type": "Point", "coordinates": [-98.373197, 26.053607]}, "properties": {"id_unidad": 63, "nombre": "ALCOM ELECTRONICOS DE MEXICO", "codigo_scian": "336320", "tier_red": "1", "oem_grupo": null, "es_planta_ensamble": null, "entidad": "TAMAULIPAS", "municipio": "Reynosa", "cvegeo_mun": "28032", "nivel_inst": "NUCLEO_CONFIRMADO", "n_clientes": 0, "n_proveedores": 5, "grado_salida_ponderado": 0.0, "grado_entrada_ponderado": 14.13945831847602, "centralidad_intermediacion": 0.0, "pagerank_proveeduria": 0.0007509103741085098}}, {"type": "Feature", "geometry": {"type": "Point", "coordinates": [-98.105242, 19.066836]}, "properties": {"id_unidad": 66, "nombre": "ALLGAIER DE PUEBLA", "codigo_scian": "336370", "tier_red": "2", "oem_grupo": null, "es_planta_ensamble": null, "entidad": "PUEBLA", "municipio": "Amozoc", "cvegeo_mun": "21015", "nivel_inst": "INDETERMINADO", "n_clientes": 2, "n_proveedores": 0, "grado_salida_ponderado": 3.413968056730271, "grado_entrada_ponderado": 0.0, "centralidad_intermediacion": 0.0, "pagerank_proveeduria": 0.0009406426569260044}}, {"type": "Feature", "geometry": {"type": "Point", "coordinates": [-106.409661, 31.729933]}, "properties": {"id_unidad": 68, "nombre": "ALT INDUSTRIAL PARTS MEXICO", "codigo_scian": "336320", "tier_red": "2", "oem_grupo": null, "es_planta_ensamble": null, "entidad": "CHIHUAHUA", "municipio": "Juárez", "cvegeo_mun": "08037", "nivel_inst": "NUCLEO_CONFIRMADO", "n_clientes": 0, "n_proveedores": 5, "grado_salida_ponderado": 0.0, "grado_entrada_ponderado": 4.659997393273618, "centralidad_intermediacion": 0.0, "pagerank_proveeduria": 0.0007509103741085098}}, {"type": "Feature", "geometry": {"type": "Point", "coordinates": [-106.124583, 28.583195]}, "properties": {"id_unidad": 69, "nombre": "ALT INDUSTRIAL PARTS MEXICO", "codigo_scian": "336320", "tier_red": "2", "oem_grupo": null, "es_planta_ensamble": null, "entidad": "CHIHUAHUA", "municipio": "Chihuahua", "cvegeo_mun": "08019", "nivel_inst": "NUCLEO_CONFIRMADO", "n_clientes": 0, "n_proveedores": 5, "grado_salida_ponderado": 0.0, "grado_entrada_ponderado": 2.250558038291775, "centralidad_intermediacion": 0.0, "pagerank_proveeduria": 0.0007509103741085098}}, {"type": "Feature", "geometry": {"type": "Point", "coordinates": [-99.206125, 19.664124]}, "properties": {"id_unidad": 76, "nombre": "AMAYA-ASTRON", "codigo_scian": "336360", "tier_red": "1", "oem_grupo": null, "es_planta_ensamble": null, "entidad": "MÉXICO", "municipio": "Cuautitlán Izcalli", "cvegeo_mun": "15121", "nivel_inst": "SIN_REGISTRO_INST", "n_clientes": 1, "n_proveedores": 5, "grado_salida_ponderado": 1.2231531116191334, "grado_entrada_ponderado": 4.8430435995440115, "centralidad_intermediacion": 1.729026903658621e-06, "pagerank_proveeduria": 0.000946633196733724}}, {"type": "Feature", "geometry": {"type": "Point", "coordinates": [-99.206452, 19.664221]}, "properties": {"id_unidad": 77, "nombre": "AMAYA-ASTRON", "codigo_scian": "336360", "tier_red": "1", "oem_grupo": null, "es_planta_ensamble": null, "entidad": "MÉXICO", "municipio": "Cuautitlán Izcalli", "cvegeo_mun": "15121", "nivel_inst": "SIN_REGISTRO_INST", "n_clientes": 0, "n_proveedores": 5, "grado_salida_ponderado": 0.0, "grado_entrada_ponderado": 0.3872954118084386, "centralidad_intermediacion": 0.0, "pagerank_proveeduria": 0.0007509103741085098}}, {"type": "Feature", "geometry": {"type": "Point", "coordinates": [-98.596779, 19.757497]}, "properties": {"id_unidad": 81, "nombre": "AMERICAN COACH DE MEXICO", "codigo_scian": "336120", "tier_red": "0", "oem_grupo": null, "es_planta_ensamble": true, "entidad": "HIDALGO", "municipio": "Tepeapulco", "cvegeo_mun": "13061", "nivel_inst": "SIN_REGISTRO_INST", "n_clientes": 0, "n_proveedores": 5, "grado_salida_ponderado": 0.0, "grado_entrada_ponderado": 0.4577915855472986, "centralidad_intermediacion": 0.0, "pagerank_proveeduria": 0.0007509103741085098}}, {"type": "Feature", "geometry": {"type": "Point", "coordinates": [-106.443387, 31.697203]}, "properties": {"id_unidad": 86, "nombre": "AMN INTERNACIONAL", "codigo_scian": "336320", "tier_red": "2", "oem_grupo": null, "es_planta_ensamble": null, "entidad": "CHIHUAHUA", "municipio": "Juárez", "cvegeo_mun": "08037", "nivel_inst": "NUCLEO_CONFIRMADO", "n_clientes": 0, "n_proveedores": 5, "grado_salida_ponderado": 0.0, "grado_entrada_ponderado": 4.660459089209759, "centralidad_intermediacion": 0.0, "pagerank_proveeduria": 0.0007509103741085098}}, {"type": "Feature", "geometry": {"type": "Point", "coordinates": [-116.980638, 32.457515]}, "properties": {"id_unidad": 88, "nombre": "AMPHENOL", "codigo_scian": "336320", "tier_red": "2", "oem_grupo": null, "es_planta_ensamble": null, "entidad": "BAJA CALIFORNIA", "municipio": "Tijuana", "cvegeo_mun": "02004", "nivel_inst": "NUCLEO_CONFIRMADO", "n_clientes": 0, "n_proveedores": 5, "grado_salida_ponderado": 0.0, "grado_entrada_ponderado": 21.39664375930418, "centralidad_intermediacion": 0.0, "pagerank_proveeduria": 0.0007509103741085098}}, {"type": "Feature", "geometry": {"type": "Point", "coordinates": [-116.919058, 32.539111]}, "properties": {"id_unidad": 89, "nombre": "AMPHENOL", "codigo_scian": "334410", "tier_red": "2", "oem_grupo": null, "es_planta_ensamble": null, "entidad": "BAJA CALIFORNIA", "municipio": "Tijuana", "cvegeo_mun": "02004", "nivel_inst": "NUCLEO_CONFIRMADO", "n_clientes": 9, "n_proveedores": 0, "grado_salida_ponderado": 12.315444602819216, "grado_entrada_ponderado": 0.0, "centralidad_intermediacion": 0.0, "pagerank_proveeduria": 0.0015647550779185528}}, {"type": "Feature", "geometry": {"type": "Point", "coordinates": [-116.980638, 32.457515]}, "properties": {"id_unidad": 90, "nombre": "AMPHENOL", "codigo_scian": "336320", "tier_red": "2", "oem_grupo": null, "es_planta_ensamble": null, "entidad": "BAJA CALIFORNIA", "municipio": "Tijuana", "cvegeo_mun": "02004", "nivel_inst": "NUCLEO_CONFIRMADO", "n_clientes": 0, "n_proveedores": 5, "grado_salida_ponderado": 0.0, "grado_entrada_ponderado": 21.39665626588124, "centralidad_intermediacion": 0.0, "pagerank_proveeduria": 0.0007509103741085098}}, {"type": "Feature", "geometry": {"type": "Point", "coordinates": [-115.423168, 32.570739]}, "properties": {"id_unidad": 92, "nombre": "AMPHENOL", "codigo_scian": "334410", "tier_red": "2", "oem_grupo": null, "es_planta_ensamble": null, "entidad": "BAJA CALIFORNIA", "municipio": "Mexicali", "cvegeo_mun": "02002", "nivel_inst": "NUCLEO_CONFIRMADO", "n_clientes": 9, "n_proveedores": 0, "grado_salida_ponderado": 19.75790800558888, "grado_entrada_ponderado": 0.0, "centralidad_intermediacion": 0.0, "pagerank_proveeduria": 0.0018751187602014643}}, {"type": "Feature", "geometry": {"type": "Point", "coordinates": [-100.194793, 25.670789]}, "properties": {"id_unidad": 93, "nombre": "AMPHENOL", "codigo_scian": "336320", "tier_red": "1", "oem_grupo": null, "es_planta_ensamble": null, "entidad": "NUEVO LEÓN", "municipio": "Guadalupe", "cvegeo_mun": "19026", "nivel_inst": "NUCLEO_CONFIRMADO", "n_clientes": 3, "n_proveedores": 5, "grado_salida_ponderado": 1.8106766508054226, "grado_entrada_ponderado": 45.82217556923582, "centralidad_intermediacion": 1.0374161421951726e-05, "pagerank_proveeduria": 0.0011263658576084795}}, {"type": "Feature", "geometry": {"type": "Point", "coordinates": [-100.158707, 25.664907]}, "properties": {"id_unidad": 94, "nombre": "AMPHENOL", "codigo_scian": "336320", "tier_red": "1", "oem_grupo": null, "es_planta_ensamble": null, "entidad": "NUEVO LEÓN", "municipio": "Guadalupe", "cvegeo_mun": "19026", "nivel_inst": "NUCLEO_CONFIRMADO", "n_clientes": 0, "n_proveedores": 5, "grado_salida_ponderado": 0.0, "grado_entrada_ponderado": 46.349877678136124, "centralidad_intermediacion": 0.0, "pagerank_proveeduria": 0.0007509103741085098}}, {"type": "Feature", "geometry": {"type": "Point", "coordinates": [-100.153544, 25.667104]}, "properties": {"id_unidad": 95, "nombre": "AMPHENOL", "codigo_scian": "336320", "tier_red": "1", "oem_grupo": null, "es_planta_ensamble": null, "entidad": "NUEVO LEÓN", "municipio": "Guadalupe", "cvegeo_mun": "19026", "nivel_inst": "NUCLEO_CONFIRMADO", "n_clientes": 0, "n_proveedores": 5, "grado_salida_ponderado": 0.0, "grado_entrada_ponderado": 1.701170612220692, "centralidad_intermediacion": 0.0, "pagerank_proveeduria": 0.0007509103741085098}}, {"type": "Feature", "geometry": {"type": "Point", "coordinates": [-100.276754, 20.561129]}, "properties": {"id_unidad": 118, "nombre": "AMQ", "codigo_scian": "336370", "tier_red": "2", "oem_grupo": null, "es_planta_ensamble": null, "entidad": "QUERÉTARO", "municipio": "El Marqués", "cvegeo_mun": "22011", "nivel_inst": "NUCLEO_CONFIRMADO", "n_clientes": 9, "n_proveedores": 0, "grado_salida_ponderado": 23.104827415601484, "grado_entrada_ponderado": 0.0, "centralidad_intermediacion": 0.0, "pagerank_proveeduria": 0.0019018105457665909}}, {"type": "Feature", "geometry": {"type": "Point", "coordinates": [-100.922641, 25.549942]}, "properties": {"id_unidad": 119, "nombre": "AMVIAN MÉXICO", "codigo_scian": "336360", "tier_red": "2", "oem_grupo": null, "es_planta_ensamble": null, "entidad": "COAHUILA DE ZARAGOZA", "municipio": "Ramos Arizpe", "cvegeo_mun": "05027", "nivel_inst": "NUCLEO_CONFIRMADO", "n_clientes": 0, "n_proveedores": 5, "grado_salida_ponderado": 0.0, "grado_entrada_ponderado": 11.380541269220524, "centralidad_intermediacion": 0.0, "pagerank_proveeduria": 0.0007509103741085098}}, {"type": "Feature", "geometry": {"type": "Point", "coordinates": [-100.170516, 25.752869]}, "properties": {"id_unidad": 121, "nombre": "ANDERTON CASTINGS", "codigo_scian": "336320", "tier_red": "2", "oem_grupo": null, "es_planta_ensamble": null, "entidad": "NUEVO LEÓN", "municipio": "Apodaca", "cvegeo_mun": "19006", "nivel_inst": "INDETERMINADO", "n_clientes": 0, "n_proveedores": 5, "grado_salida_ponderado": 0.0, "grado_entrada_ponderado": 3.157430948307244, "centralidad_intermediacion": 0.0, "pagerank_proveeduria": 0.0007509103741085098}}, {"type": "Feature", "geometry": {"type": "Point", "coordinates": [-106.451455, 31.690968]}, "properties": {"id_unidad": 129, "nombre": "ANGSTROM ELECTRIC", "codigo_scian": "336320", "tier_red": "1", "oem_grupo": null, "es_planta_ensamble": null, "entidad": "CHIHUAHUA", "municipio": "Juárez", "cvegeo_mun": "08037", "nivel_inst": "PROBABLE", "n_clientes": 0, "n_proveedores": 5, "grado_salida_ponderado": 0.0, "grado_entrada_ponderado": 26.699268476860695, "centralidad_intermediacion": 0.0, "pagerank_proveeduria": 0.0007509103741085098}}, {"type": "Feature", "geometry": {"type": "Point", "coordinates": [-106.382621, 31.646183]}, "properties": {"id_unidad": 130, "nombre": "ANGSTROM ELECTRIC", "codigo_scian": "336320", "tier_red": "1", "oem_grupo": null, "es_planta_ensamble": null, "entidad": "CHIHUAHUA", "municipio": "Juárez", "cvegeo_mun": "08037", "nivel_inst": "PROBABLE", "n_clientes": 0, "n_proveedores": 5, "grado_salida_ponderado": 0.0, "grado_entrada_ponderado": 31.34065073760487, "centralidad_intermediacion": 0.0, "pagerank_proveeduria": 0.0007509103741085098}}, {"type": "Feature", "geometry": {"type": "Point", "coordinates": [-100.296643, 20.566108]}, "properties": {"id_unidad": 131, "nombre": "ANTAL AUTOMATION", "codigo_scian": "336370", "tier_red": "2", "oem_grupo": null, "es_planta_ensamble": null, "entidad": "QUERÉTARO", "municipio": "El Marqués", "cvegeo_mun": "22011", "nivel_inst": "INDETERMINADO", "n_clientes": 1, "n_proveedores": 0, "grado_salida_ponderado": 0.6309324554501061, "grado_entrada_ponderado": 0.0, "centralidad_intermediacion": 0.0, "pagerank_proveeduria": 0.0007972636083337805}}, {"type": "Feature", "geometry": {"type": "Point", "coordinates": [-116.93201, 32.467865]}, "properties": {"id_unidad": 135, "nombre": "AOI INDUSTRIES MEXICO", "codigo_scian": "336370", "tier_red": "3", "oem_grupo": null, "es_planta_ensamble": null, "entidad": "BAJA CALIFORNIA", "municipio": "Tijuana", "cvegeo_mun": "02004", "nivel_inst": "NUCLEO_CONFIRMADO", "n_clientes": 3, "n_proveedores": 0, "grado_salida_ponderado": 9.721869986599321, "grado_entrada_ponderado": 0.0, "centralidad_intermediacion": 0.0, "pagerank_proveeduria": 0.001145627892939276}}, {"type": "Feature", "geometry": {"type": "Point", "coordinates": [-101.460544, 26.949839]}, "properties": {"id_unidad": 137, "nombre": "APTIV", "codigo_scian": "336320", "tier_red": "1", "oem_grupo": null, "es_planta_ensamble": null, "entidad": "COAHUILA DE ZARAGOZA", "municipio": "Frontera", "cvegeo_mun": "05010", "nivel_inst": "NUCLEO_CONFIRMADO", "n_clientes": 0, "n_proveedores": 5, "grado_salida_ponderado": 0.0, "grado_entrada_ponderado": 13.60733451876278, "centralidad_intermediacion": 0.0, "pagerank_proveeduria": 0.0007509103741085098}}, {"type": "Feature", "geometry": {"type": "Point", "coordinates": [-105.486414, 28.277165]}, "properties": {"id_unidad": 138, "nombre": "APTIV", "codigo_scian": "336320", "tier_red": "1", "oem_grupo": null, "es_planta_ensamble": null, "entidad": "CHIHUAHUA", "municipio": "Meoqui", "cvegeo_mun": "08045", "nivel_inst": "NUCLEO_CONFIRMADO", "n_clientes": 0, "n_proveedores": 5, "grado_salida_ponderado": 0.0, "grado_entrada_ponderado": 60.69737688216438, "centralidad_intermediacion": 0.0, "pagerank_proveeduria": 0.0007509103741085098}}, {"type": "Feature", "geometry": {"type": "Point", "coordinates": [-105.695471, 26.926116]}, "properties": {"id_unidad": 139, "nombre": "APTIV", "codigo_scian": "336320", "tier_red": "1", "oem_grupo": null, "es_planta_ensamble": null, "entidad": "CHIHUAHUA", "municipio": "Hidalgo del Parral", "cvegeo_mun": "08032", "nivel_inst": "NUCLEO_CONFIRMADO", "n_clientes": 0, "n_proveedores": 5, "grado_salida_ponderado": 0.0, "grado_entrada_ponderado": 16.283205089948094, "centralidad_intermediacion": 0.0, "pagerank_proveeduria": 0.0007509103741085098}}, {"type": "Feature", "geometry": {"type": "Point", "coordinates": [-106.438318, 31.749033]}, "properties": {"id_unidad": 140, "nombre": "APTIV", "codigo_scian": "336320", "tier_red": "1", "oem_grupo": null, "es_planta_ensamble": null, "entidad": "CHIHUAHUA", "municipio": "Juárez", "cvegeo_mun": "08037", "nivel_inst": "NUCLEO_CONFIRMADO", "n_clientes": 0, "n_proveedores": 5, "grado_salida_ponderado": 0.0, "grado_entrada_ponderado": 31.28296610071355, "centralidad_intermediacion": 0.0, "pagerank_proveeduria": 0.0007509103741085098}}, {"type": "Feature", "geometry": {"type": "Point", "coordinates": [-106.342526, 31.659709]}, "properties": {"id_unidad": 141, "nombre": "APTIV", "codigo_scian": "336320", "tier_red": "1", "oem_grupo": null, "es_planta_ensamble": null, "entidad": "CHIHUAHUA", "municipio": "Juárez", "cvegeo_mun": "08037", "nivel_inst": "NUCLEO_CONFIRMADO", "n_clientes": 0, "n_proveedores": 5, "grado_salida_ponderado": 0.0, "grado_entrada_ponderado": 37.284223611643014, "centralidad_intermediacion": 0.0, "pagerank_proveeduria": 0.0007509103741085098}}, {"type": "Feature", "geometry": {"type": "Point", "coordinates": [-106.438106, 31.748984]}, "properties": {"id_unidad": 142, "nombre": "APTIV", "codigo_scian": "336320", "tier_red": "1", "oem_grupo": null, "es_planta_ensamble": null, "entidad": "CHIHUAHUA", "municipio": "Juárez", "cvegeo_mun": "08037", "nivel_inst": "NUCLEO_CONFIRMADO", "n_clientes": 0, "n_proveedores": 5, "grado_salida_ponderado": 0.0, "grado_entrada_ponderado": 31.29974624197672, "centralidad_intermediacion": 0.0, "pagerank_proveeduria": 0.0007509103741085098}}, {"type": "Feature", "geometry": {"type": "Point", "coordinates": [-106.341134, 31.666232]}, "properties": {"id_unidad": 143, "nombre": "APTIV", "codigo_scian": "336320", "tier_red": "1", "oem_grupo": null, "es_planta_ensamble": null, "entidad": "CHIHUAHUA", "municipio": "Juárez", "cvegeo_mun": "08037", "nivel_inst": "NUCLEO_CONFIRMADO", "n_clientes": 0, "n_proveedores": 5, "grado_salida_ponderado": 0.0, "grado_entrada_ponderado": 36.73957676348658, "centralidad_intermediacion": 0.0, "pagerank_proveeduria": 0.0007509103741085098}}, {"type": "Feature", "geometry": {"type": "Point", "coordinates": [-106.39596, 31.7247]}, "properties": {"id_unidad": 144, "nombre": "APTIV", "codigo_scian": "336320", "tier_red": "1", "oem_grupo": null, "es_planta_ensamble": null, "entidad": "CHIHUAHUA", "municipio": "Juárez", "cvegeo_mun": "08037", "nivel_inst": "NUCLEO_CONFIRMADO", "n_clientes": 0, "n_proveedores": 5, "grado_salida_ponderado": 0.0, "grado_entrada_ponderado": 35.29082090011369, "centralidad_intermediacion": 0.0, "pagerank_proveeduria": 0.0007509103741085098}}, {"type": "Feature", "geometry": {"type": "Point", "coordinates": [-106.425354, 31.742673]}, "properties": {"id_unidad": 145, "nombre": "APTIV", "codigo_scian": "336320", "tier_red": "1", "oem_grupo": null, "es_planta_ensamble": null, "entidad": "CHIHUAHUA", "municipio": "Juárez", "cvegeo_mun": "08037", "nivel_inst": "NUCLEO_CONFIRMADO", "n_clientes": 0, "n_proveedores": 5, "grado_salida_ponderado": 0.0, "grado_entrada_ponderado": 32.57894087605231, "centralidad_intermediacion": 0.0, "pagerank_proveeduria": 0.0007509103741085098}}, {"type": "Feature", "geometry": {"type": "Point", "coordinates": [-106.34267, 31.659487]}, "properties": {"id_unidad": 146, "nombre": "APTIV", "codigo_scian": "336320", "tier_red": "1", "oem_grupo": null, "es_planta_ensamble": null, "entidad": "CHIHUAHUA", "municipio": "Juárez", "cvegeo_mun": "08037", "nivel_inst": "NUCLEO_CONFIRMADO", "n_clientes": 0, "n_proveedores": 5, "grado_salida_ponderado": 0.0, "grado_entrada_ponderado": 13.059237309849923, "centralidad_intermediacion": 0.0, "pagerank_proveeduria": 0.0007509103741085098}}, {"type": "Feature", "geometry": {"type": "Point", "coordinates": [-103.993577, 23.739078]}, "properties": {"id_unidad": 147, "nombre": "APTIV", "codigo_scian": "336320", "tier_red": "1", "oem_grupo": null, "es_planta_ensamble": null, "entidad": "DURANGO", "municipio": "Vicente Guerrero", "cvegeo_mun": "10038", "nivel_inst": "NUCLEO_CONFIRMADO", "n_clientes": 0, "n_proveedores": 5, "grado_salida_ponderado": 0.0, "grado_entrada_ponderado": 12.703469501452071, "centralidad_intermediacion": 0.0, "pagerank_proveeduria": 0.0007509103741085098}}, {"type": "Feature", "geometry": {"type": "Point", "coordinates": [-104.690403, 23.986873]}, "properties": {"id_unidad": 148, "nombre": "APTIV", "codigo_scian": "336320", "tier_red": "1", "oem_grupo": null, "es_planta_ensamble": null, "entidad": "DURANGO", "municipio": "Durango", "cvegeo_mun": "10005", "nivel_inst": "NUCLEO_CONFIRMADO", "n_clientes": 0, "n_proveedores": 5, "grado_salida_ponderado": 0.0, "grado_entrada_ponderado": 10.992750656800908, "centralidad_intermediacion": 0.0, "pagerank_proveeduria": 0.0007509103741085098}}, {"type": "Feature", "geometry": {"type": "Point", "coordinates": [-104.606913, 24.044502]}, "properties": {"id_unidad": 149, "nombre": "APTIV", "codigo_scian": "336320", "tier_red": "1", "oem_grupo": null, "es_planta_ensamble": null, "entidad": "DURANGO", "municipio": "Durango", "cvegeo_mun": "10005", "nivel_inst": "NUCLEO_CONFIRMADO", "n_clientes": 0, "n_proveedores": 5, "grado_salida_ponderado": 0.0, "grado_entrada_ponderado": 11.026236678121144, "centralidad_intermediacion": 0.0, "pagerank_proveeduria": 0.0007509103741085098}}, {"type": "Feature", "geometry": {"type": "Point", "coordinates": [-99.57652, 24.883273]}, "properties": {"id_unidad": 150, "nombre": "APTIV", "codigo_scian": "336320", "tier_red": "1", "oem_grupo": null, "es_planta_ensamble": null, "entidad": "NUEVO LEÓN", "municipio": "Linares", "cvegeo_mun": "19033", "nivel_inst": "NUCLEO_CONFIRMADO", "n_clientes": 0, "n_proveedores": 5, "grado_salida_ponderado": 0.0, "grado_entrada_ponderado": 17.20155037142987, "centralidad_intermediacion": 0.0, "pagerank_proveeduria": 0.0007509103741085098}}, {"type": "Feature", "geometry": {"type": "Point", "coordinates": [-100.178103, 25.668217]}, "properties": {"id_unidad": 151, "nombre": "APTIV", "codigo_scian": "336320", "tier_red": "1", "oem_grupo": null, "es_planta_ensamble": null, "entidad": "NUEVO LEÓN", "municipio": "Guadalupe", "cvegeo_mun": "19026", "nivel_inst": "NUCLEO_CONFIRMADO", "n_clientes": 0, "n_proveedores": 5, "grado_salida_ponderado": 0.0, "grado_entrada_ponderado": 46.51649903974061, "centralidad_intermediacion": 0.0, "pagerank_proveeduria": 0.0007509103741085098}}, {"type": "Feature", "geometry": {"type": "Point", "coordinates": [-100.175149, 25.665183]}, "properties": {"id_unidad": 152, "nombre": "APTIV", "codigo_scian": "336320", "tier_red": "1", "oem_grupo": null, "es_planta_ensamble": null, "entidad": "NUEVO LEÓN", "municipio": "Guadalupe", "cvegeo_mun": "19026", "nivel_inst": "NUCLEO_CONFIRMADO", "n_clientes": 0, "n_proveedores": 5, "grado_salida_ponderado": 0.0, "grado_entrada_ponderado": 46.55748464847599, "centralidad_intermediacion": 0.0, "pagerank_proveeduria": 0.0007509103741085098}}, {"type": "Feature", "geometry": {"type": "Point", "coordinates": [-99.579107, 24.882861]}, "properties": {"id_unidad": 153, "nombre": "APTIV", "codigo_scian": "336320", "tier_red": "1", "oem_grupo": null, "es_planta_ensamble": null, "entidad": "NUEVO LEÓN", "municipio": "Linares", "cvegeo_mun": "19033", "nivel_inst": "NUCLEO_CONFIRMADO", "n_clientes": 0, "n_proveedores": 5, "grado_salida_ponderado": 0.0, "grado_entrada_ponderado": 17.21061127842498, "centralidad_intermediacion": 0.0, "pagerank_proveeduria": 0.0007509103741085098}}, {"type": "Feature", "geometry": {"type": "Point", "coordinates": [-100.301901, 25.669034]}, "properties": {"id_unidad": 154, "nombre": "APTIV", "codigo_scian": "336320", "tier_red": "1", "oem_grupo": null, "es_planta_ensamble": null, "entidad": "NUEVO LEÓN", "municipio": "Monterrey", "cvegeo_mun": "19039", "nivel_inst": "NUCLEO_CONFIRMADO", "n_clientes": 0, "n_proveedores": 5, "grado_salida_ponderado": 0.0, "grado_entrada_ponderado": 0.2299515883602814, "centralidad_intermediacion": 0.0, "pagerank_proveeduria": 0.0007509103741085098}}, {"type": "Feature", "geometry": {"type": "Point", "coordinates": [-108.107599, 25.469591]}, "properties": {"id_unidad": 155, "nombre": "APTIV", "codigo_scian": "336320", "tier_red": "1", "oem_grupo": null, "es_planta_ensamble": null, "entidad": "SINALOA", "municipio": "Salvador Alvarado", "cvegeo_mun": "25015", "nivel_inst": "NUCLEO_CONFIRMADO", "n_clientes": 1, "n_proveedores": 5, "grado_salida_ponderado": 0.3807771544837284, "grado_entrada_ponderado": 12.568727443410022, "centralidad_intermediacion": 8.645134518293105e-06, "pagerank_proveeduria": 0.0009983265813582798}}, {"type": "Feature", "geometry": {"type": "Point", "coordinates": [-108.986737, 25.775253]}, "properties": {"id_unidad": 156, "nombre": "APTIV", "codigo_scian": "336320", "tier_red": "1", "oem_grupo": null, "es_planta_ensamble": null, "entidad": "SINALOA", "municipio": "Ahome", "cvegeo_mun": "25001", "nivel_inst": "NUCLEO_CONFIRMADO", "n_clientes": 1, "n_proveedores": 5, "grado_salida_ponderado": 0.1862701728661928, "grado_entrada_ponderado": 14.670683969868339, "centralidad_intermediacion": 0.0, "pagerank_proveeduria": 0.0008719424768794806}}, {"type": "Feature", "geometry": {"type": "Point", "coordinates": [-108.987114, 25.774719]}, "properties": {"id_unidad": 157, "nombre": "APTIV", "codigo_scian": "336320", "tier_red": "1", "oem_grupo": null, "es_planta_ensamble": null, "entidad": "SINALOA", "municipio": "Ahome", "cvegeo_mun": "25001", "nivel_inst": "NUCLEO_CONFIRMADO", "n_clientes": 1, "n_proveedores": 5, "grado_salida_ponderado": 0.1862771288773787, "grado_entrada_ponderado": 14.670438529256687, "centralidad_intermediacion": 0.0, "pagerank_proveeduria": 0.0008719469966619437}}, {"type": "Feature", "geometry": {"type": "Point", "coordinates": [-108.987114, 25.774719]}, "properties": {"id_unidad": 158, "nombre": "APTIV", "codigo_scian": "336320", "tier_red": "1", "oem_grupo": null, "es_planta_ensamble": null, "entidad": "SINALOA", "municipio": "Ahome", "cvegeo_mun": "25001", "nivel_inst": "NUCLEO_CONFIRMADO", "n_clientes": 0, "n_proveedores": 5, "grado_salida_ponderado": 0.0, "grado_entrada_ponderado": 1.1736350963926185, "centralidad_intermediacion": 0.0, "pagerank_proveeduria": 0.0007509103741085098}}, {"type": "Feature", "geometry": {"type": "Point", "coordinates": [-99.500901, 27.446116]}, "properties": {"id_unidad": 159, "nombre": "APTIV", "codigo_scian": "336320", "tier_red": "1", "oem_grupo": null, "es_planta_ensamble": null, "entidad": "TAMAULIPAS", "municipio": "Nuevo Laredo", "cvegeo_mun": "28027", "nivel_inst": "NUCLEO_CONFIRMADO", "n_clientes": 0, "n_proveedores": 5, "grado_salida_ponderado": 0.0, "grado_entrada_ponderado": 13.722196561733668, "centralidad_intermediacion": 0.0, "pagerank_proveeduria": 0.0007509103741085098}}, {"type": "Feature", "geometry": {"type": "Point", "coordinates": [-99.500901, 27.446116]}, "properties": {"id_unidad": 160, "nombre": "APTIV", "codigo_scian": "336320", "tier_red": "1", "oem_grupo": null, "es_planta_ensamble": null, "entidad": "TAMAULIPAS", "municipio": "Nuevo Laredo", "cvegeo_mun": "28027", "nivel_inst": "NUCLEO_CONFIRMADO", "n_clientes": 0, "n_proveedores": 5, "grado_salida_ponderado": 0.0, "grado_entrada_ponderado": 13.72219554442033, "centralidad_intermediacion": 0.0, "pagerank_proveeduria": 0.0007509103741085098}}, {"type": "Feature", "geometry": {"type": "Point", "coordinates": [-99.083629, 23.723693]}, "properties": {"id_unidad": 161, "nombre": "APTIV", "codigo_scian": "336320", "tier_red": "1", "oem_grupo": null, "es_planta_ensamble": null, "entidad": "TAMAULIPAS", "municipio": "Victoria", "cvegeo_mun": "28041", "nivel_inst": "NUCLEO_CONFIRMADO", "n_clientes": 0, "n_proveedores": 5, "grado_salida_ponderado": 0.0, "grado_entrada_ponderado": 13.066939454070187, "centralidad_intermediacion": 0.0, "pagerank_proveeduria": 0.0007509103741085098}}, {"type": "Feature", "geometry": {"type": "Point", "coordinates": [-97.440309, 25.837464]}, "properties": {"id_unidad": 162, "nombre": "APTIV", "codigo_scian": "336320", "tier_red": "1", "oem_grupo": null, "es_planta_ensamble": null, "entidad": "TAMAULIPAS", "municipio": "Matamoros", "cvegeo_mun": "28022", "nivel_inst": "NUCLEO_CONFIRMADO", "n_clientes": 0, "n_proveedores": 5, "grado_salida_ponderado": 0.0, "grado_entrada_ponderado": 10.93319990670306, "centralidad_intermediacion": 0.0, "pagerank_proveeduria": 0.0007509103741085098}}, {"type": "Feature", "geometry": {"type": "Point", "coordinates": [-99.545875, 27.480067]}, "properties": {"id_unidad": 163, "nombre": "APTIV", "codigo_scian": "336320", "tier_red": "1", "oem_grupo": null, "es_planta_ensamble": null, "entidad": "TAMAULIPAS", "municipio": "Nuevo Laredo", "cvegeo_mun": "28027", "nivel_inst": "NUCLEO_CONFIRMADO", "n_clientes": 0, "n_proveedores": 5, "grado_salida_ponderado": 0.0, "grado_entrada_ponderado": 13.603323947000813, "centralidad_intermediacion": 0.0, "pagerank_proveeduria": 0.0007509103741085098}}, {"type": "Feature", "geometry": {"type": "Point", "coordinates": [-99.500302, 27.444486]}, "properties": {"id_unidad": 164, "nombre": "APTIV", "codigo_scian": "336320", "tier_red": "1", "oem_grupo": null, "es_planta_ensamble": null, "entidad": "TAMAULIPAS", "municipio": "Nuevo Laredo", "cvegeo_mun": "28027", "nivel_inst": "NUCLEO_CONFIRMADO", "n_clientes": 0, "n_proveedores": 5, "grado_salida_ponderado": 0.0, "grado_entrada_ponderado": 13.730025035872533, "centralidad_intermediacion": 0.0, "pagerank_proveeduria": 0.0007509103741085098}}, {"type": "Feature", "geometry": {"type": "Point", "coordinates": [-102.505083, 22.753997]}, "properties": {"id_unidad": 166, "nombre": "APTIV", "codigo_scian": "336320", "tier_red": "1", "oem_grupo": null, "es_planta_ensamble": null, "entidad": "ZACATECAS", "municipio": "Guadalupe", "cvegeo_mun": "32017", "nivel_inst": "NUCLEO_CONFIRMADO", "n_clientes": 0, "n_proveedores": 5, "grado_salida_ponderado": 0.0, "grado_entrada_ponderado": 23.549381177288964, "centralidad_intermediacion": 0.0, "pagerank_proveeduria": 0.0007509103741085098}}, {"type": "Feature", "geometry": {"type": "Point", "coordinates": [-102.484568, 22.766384]}, "properties": {"id_unidad": 167, "nombre": "APTIV", "codigo_scian": "336320", "tier_red": "1", "oem_grupo": null, "es_planta_ensamble": null, "entidad": "ZACATECAS", "municipio": "Guadalupe", "cvegeo_mun": "32017", "nivel_inst": "NUCLEO_CONFIRMADO", "n_clientes": 0, "n_proveedores": 5, "grado_salida_ponderado": 0.0, "grado_entrada_ponderado": 23.423367647485534, "centralidad_intermediacion": 0.0, "pagerank_proveeduria": 0.0007509103741085098}}, {"type": "Feature", "geometry": {"type": "Point", "coordinates": [-102.861371, 23.196411]}, "properties": {"id_unidad": 168, "nombre": "APTIV", "codigo_scian": "336320", "tier_red": "1", "oem_grupo": null, "es_planta_ensamble": null, "entidad": "ZACATECAS", "municipio": "Fresnillo", "cvegeo_mun": "32010", "nivel_inst": "NUCLEO_CONFIRMADO", "n_clientes": 0, "n_proveedores": 5, "grado_salida_ponderado": 0.0, "grado_entrada_ponderado": 17.92248253663423, "centralidad_intermediacion": 0.0, "pagerank_proveeduria": 0.0007509103741085098}}, {"type": "Feature", "geometry": {"type": "Point", "coordinates": [-102.881839, 23.170996]}, "properties": {"id_unidad": 169, "nombre": "APTIV", "codigo_scian": "336320", "tier_red": "1", "oem_grupo": null, "es_planta_ensamble": null, "entidad": "ZACATECAS", "municipio": "Fresnillo", "cvegeo_mun": "32010", "nivel_inst": "NUCLEO_CONFIRMADO", "n_clientes": 0, "n_proveedores": 5, "grado_salida_ponderado": 0.0, "grado_entrada_ponderado": 18.002942005629656, "centralidad_intermediacion": 0.0, "pagerank_proveeduria": 0.0007509103741085098}}, {"type": "Feature", "geometry": {"type": "Point", "coordinates": [-101.391073, 20.904974]}, "properties": {"id_unidad": 174, "nombre": "ARCELORMITTAL", "codigo_scian": "336370", "tier_red": "2", "oem_grupo": null, "es_planta_ensamble": null, "entidad": "GUANAJUATO", "municipio": "Silao de la Victoria", "cvegeo_mun": "11037", "nivel_inst": "NUCLEO_CONFIRMADO", "n_clientes": 13, "n_proveedores": 0, "grado_salida_ponderado": 37.27099779423207, "grado_entrada_ponderado": 0.0, "centralidad_intermediacion": 0.0, "pagerank_proveeduria": 0.001757626571832535}}, {"type": "Feature", "geometry": {"type": "Point", "coordinates": [-99.149618, 19.294016]}, "properties": {"id_unidad": 179, "nombre": "ARTVEST", "codigo_scian": "336360", "tier_red": "2", "oem_grupo": null, "es_planta_ensamble": null, "entidad": "CIUDAD DE MÉXICO", "municipio": "Tlalpan", "cvegeo_mun": "09012", "nivel_inst": "PROBABLE", "n_clientes": 0, "n_proveedores": 5, "grado_salida_ponderado": 0.0, "grado_entrada_ponderado": 0.33280727240190916, "centralidad_intermediacion": 0.0, "pagerank_proveeduria": 0.0007509103741085098}}, {"type": "Feature", "geometry": {"type": "Point", "coordinates": [-99.246962, 19.44908]}, "properties": {"id_unidad": 180, "nombre": "ASIENTOS ARRIAGA", "codigo_scian": "336360", "tier_red": "1", "oem_grupo": null, "es_planta_ensamble": null, "entidad": "MÉXICO", "municipio": "Naucalpan de Juárez", "cvegeo_mun": "15057", "nivel_inst": "SIN_REGISTRO_INST", "n_clientes": 0, "n_proveedores": 5, "grado_salida_ponderado": 0.0, "grado_entrada_ponderado": 0.1612975183691529, "centralidad_intermediacion": 0.0, "pagerank_proveeduria": 0.0007509103741085098}}, {"type": "Feature", "geometry": {"type": "Point", "coordinates": [-99.160111, 19.620373]}, "properties": {"id_unidad": 181, "nombre": "ASIENTOS D CHELYN", "codigo_scian": "336360", "tier_red": "1", "oem_grupo": null, "es_planta_ensamble": null, "entidad": "MÉXICO", "municipio": "Tultitlán", "cvegeo_mun": "15109", "nivel_inst": "SIN_REGISTRO_INST", "n_clientes": 0, "n_proveedores": 5, "grado_salida_ponderado": 0.0, "grado_entrada_ponderado": 0.741510426129568, "centralidad_intermediacion": 0.0, "pagerank_proveeduria": 0.0007509103741085098}}, {"type": "Feature", "geometry": {"type": "Point", "coordinates": [-99.1603, 19.620579]}, "properties": {"id_unidad": 182, "nombre": "ASIENTOS D CHELYN", "codigo_scian": "336360", "tier_red": "1", "oem_grupo": null, "es_planta_ensamble": null, "entidad": "MÉXICO", "municipio": "Tultitlán", "cvegeo_mun": "15109", "nivel_inst": "SIN_REGISTRO_INST", "n_clientes": 0, "n_proveedores": 5, "grado_salida_ponderado": 0.0, "grado_entrada_ponderado": 0.39580208623145074, "centralidad_intermediacion": 0.0, "pagerank_proveeduria": 0.0007509103741085098}}, {"type": "Feature", "geometry": {"type": "Point", "coordinates": [-100.282478, 20.560626]}, "properties": {"id_unidad": 183, "nombre": "ASIENTOS ESTEBAN MEXICO", "codigo_scian": "336360", "tier_red": "2", "oem_grupo": null, "es_planta_ensamble": null, "entidad": "QUERÉTARO", "municipio": "El Marqués", "cvegeo_mun": "22011", "nivel_inst": "NUCLEO_CONFIRMADO", "n_clientes": 0, "n_proveedores": 5, "grado_salida_ponderado": 0.0, "grado_entrada_ponderado": 7.192346412135426, "centralidad_intermediacion": 0.0, "pagerank_proveeduria": 0.0007509103741085098}}, {"type": "Feature", "geometry": {"type": "Point", "coordinates": [-98.950962, 19.354233]}, "properties": {"id_unidad": 184, "nombre": "ASIENTOS PRESTIGE & COMFORT", "codigo_scian": "336360", "tier_red": "1", "oem_grupo": null, "es_planta_ensamble": null, "entidad": "MÉXICO", "municipio": "La Paz", "cvegeo_mun": "15070", "nivel_inst": "SIN_REGISTRO_INST", "n_clientes": 0, "n_proveedores": 5, "grado_salida_ponderado": 0.0, "grado_entrada_ponderado": 0.5926334067800992, "centralidad_intermediacion": 0.0, "pagerank_proveeduria": 0.0007509103741085098}}, {"type": "Feature", "geometry": {"type": "Point", "coordinates": [-98.950894, 19.354193]}, "properties": {"id_unidad": 185, "nombre": "ASIENTOS PRESTIGE & COMFORT", "codigo_scian": "336360", "tier_red": "1", "oem_grupo": null, "es_planta_ensamble": null, "entidad": "MÉXICO", "municipio": "La Paz", "cvegeo_mun": "15070", "nivel_inst": "SIN_REGISTRO_INST", "n_clientes": 0, "n_proveedores": 5, "grado_salida_ponderado": 0.0, "grado_entrada_ponderado": 0.023705294760117897, "centralidad_intermediacion": 0.0, "pagerank_proveeduria": 0.0007509103741085098}}, {"type": "Feature", "geometry": {"type": "Point", "coordinates": [-100.195811, 25.67495]}, "properties": {"id_unidad": 186, "nombre": "ASSYMEX MONTERREY", "codigo_scian": "336320", "tier_red": "1", "oem_grupo": null, "es_planta_ensamble": null, "entidad": "NUEVO LEÓN", "municipio": "Guadalupe", "cvegeo_mun": "19026", "nivel_inst": "PROBABLE", "n_clientes": 0, "n_proveedores": 5, "grado_salida_ponderado": 0.0, "grado_entrada_ponderado": 34.1780609146997, "centralidad_intermediacion": 0.0, "pagerank_proveeduria": 0.0007509103741085098}}, {"type": "Feature", "geometry": {"type": "Point", "coordinates": [-103.288807, 20.67156]}, "properties": {"id_unidad": 187, "nombre": "ATB CUBRE ASIENTOS", "codigo_scian": "336360", "tier_red": "1", "oem_grupo": null, "es_planta_ensamble": null, "entidad": "JALISCO", "municipio": "Guadalajara", "cvegeo_mun": "14039", "nivel_inst": "SIN_REGISTRO_INST", "n_clientes": 0, "n_proveedores": 5, "grado_salida_ponderado": 0.0, "grado_entrada_ponderado": 0.4429661858910901, "centralidad_intermediacion": 0.0, "pagerank_proveeduria": 0.0007509103741085098}}, {"type": "Feature", "geometry": {"type": "Point", "coordinates": [-103.33815, 20.668063]}, "properties": {"id_unidad": 188, "nombre": "ATB CUBRE ASIENTOS", "codigo_scian": "336360", "tier_red": "1", "oem_grupo": null, "es_planta_ensamble": null, "entidad": "JALISCO", "municipio": "Guadalajara", "cvegeo_mun": "14039", "nivel_inst": "SIN_REGISTRO_INST", "n_clientes": 0, "n_proveedores": 5, "grado_salida_ponderado": 0.0, "grado_entrada_ponderado": 0.0679191025894675, "centralidad_intermediacion": 0.0, "pagerank_proveeduria": 0.0007509103741085098}}, {"type": "Feature", "geometry": {"type": "Point", "coordinates": [-100.280943, 20.569907]}, "properties": {"id_unidad": 206, "nombre": "AURIA", "codigo_scian": "336360", "tier_red": "1", "oem_grupo": null, "es_planta_ensamble": null, "entidad": "QUERÉTARO", "municipio": "El Marqués", "cvegeo_mun": "22011", "nivel_inst": "INDETERMINADO", "n_clientes": 0, "n_proveedores": 5, "grado_salida_ponderado": 0.0, "grado_entrada_ponderado": 15.301065243592003, "centralidad_intermediacion": 0.0, "pagerank_proveeduria": 0.0007509103741085098}}, {"type": "Feature", "geometry": {"type": "Point", "coordinates": [-100.265384, 20.553542]}, "properties": {"id_unidad": 207, "nombre": "AURIA", "codigo_scian": "336360", "tier_red": "1", "oem_grupo": null, "es_planta_ensamble": null, "entidad": "QUERÉTARO", "municipio": "El Marqués", "cvegeo_mun": "22011", "nivel_inst": "INDETERMINADO", "n_clientes": 0, "n_proveedores": 5, "grado_salida_ponderado": 0.0, "grado_entrada_ponderado": 14.975859431031665, "centralidad_intermediacion": 0.0, "pagerank_proveeduria": 0.0007509103741085098}}, {"type": "Feature", "geometry": {"type": "Point", "coordinates": [-107.437563, 24.77519]}, "properties": {"id_unidad": 208, "nombre": "AUTO CAMIONES DE MEXICO", "codigo_scian": "336120", "tier_red": "0", "oem_grupo": null, "es_planta_ensamble": false, "entidad": "SINALOA", "municipio": "Culiacán", "cvegeo_mun": "25006", "nivel_inst": "NUCLEO_CONFIRMADO", "n_clientes": 0, "n_proveedores": 5, "grado_salida_ponderado": 0.0, "grado_entrada_ponderado": 0.9815695459383751, "centralidad_intermediacion": 0.0, "pagerank_proveeduria": 0.0007509103741085098}}, {"type": "Feature", "geometry": {"type": "Point", "coordinates": [-100.271203, 20.568568]}, "properties": {"id_unidad": 209, "nombre": "AUTO CAST MEXICO", "codigo_scian": "336370", "tier_red": "2", "oem_grupo": null, "es_planta_ensamble": null, "entidad": "QUERÉTARO", "municipio": "El Marqués", "cvegeo_mun": "22011", "nivel_inst": "NUCLEO_CONFIRMADO", "n_clientes": 10, "n_proveedores": 0, "grado_salida_ponderado": 27.80571737755761, "grado_entrada_ponderado": 0.0, "centralidad_intermediacion": 0.0, "pagerank_proveeduria": 0.0020574672465260902}}, {"type": "Feature", "geometry": {"type": "Point", "coordinates": [-115.413131, 32.647138]}, "properties": {"id_unidad": 210, "nombre": "AUTO CUBIERTAS DE MEXICO", "codigo_scian": "336360", "tier_red": "2", "oem_grupo": null, "es_planta_ensamble": null, "entidad": "BAJA CALIFORNIA", "municipio": "Mexicali", "cvegeo_mun": "02002", "nivel_inst": "NUCLEO_CONFIRMADO", "n_clientes": 0, "n_proveedores": 5, "grado_salida_ponderado": 0.0, "grado_entrada_ponderado": 21.282191773745872, "centralidad_intermediacion": 0.0, "pagerank_proveeduria": 0.0007509103741085098}}, {"type": "Feature", "geometry": {"type": "Point", "coordinates": [-106.421771, 31.747702]}, "properties": {"id_unidad": 213, "nombre": "AUTO KABEL DE MEXICO", "codigo_scian": "336320", "tier_red": "1", "oem_grupo": null, "es_planta_ensamble": null, "entidad": "CHIHUAHUA", "municipio": "Juárez", "cvegeo_mun": "08037", "nivel_inst": "NUCLEO_CONFIRMADO", "n_clientes": 0, "n_proveedores": 5, "grado_salida_ponderado": 0.0, "grado_entrada_ponderado": 32.6376976883633, "centralidad_intermediacion": 0.0, "pagerank_proveeduria": 0.0007509103741085098}}, {"type": "Feature", "geometry": {"type": "Point", "coordinates": [-115.533138, 32.627813]}, "properties": {"id_unidad": 216, "nombre": "AUTOLITE", "codigo_scian": "336320", "tier_red": "1", "oem_grupo": null, "es_planta_ensamble": null, "entidad": "BAJA CALIFORNIA", "municipio": "Mexicali", "cvegeo_mun": "02002", "nivel_inst": "NUCLEO_CONFIRMADO", "n_clientes": 2, "n_proveedores": 5, "grado_salida_ponderado": 3.4926215292936296, "grado_entrada_ponderado": 52.7394393254488, "centralidad_intermediacion": 5.187080710975863e-06, "pagerank_proveeduria": 0.0009185350806533439}}, {"type": "Feature", "geometry": {"type": "Point", "coordinates": [-100.286141, 20.561245]}, "properties": {"id_unidad": 221, "nombre": "AUTOLIV", "codigo_scian": "336360", "tier_red": "1", "oem_grupo": null, "es_planta_ensamble": null, "entidad": "QUERÉTARO", "municipio": "El Marqués", "cvegeo_mun": "22011", "nivel_inst": "NUCLEO_CONFIRMADO", "n_clientes": 0, "n_proveedores": 5, "grado_salida_ponderado": 0.0, "grado_entrada_ponderado": 0.13752425116563602, "centralidad_intermediacion": 0.0, "pagerank_proveeduria": 0.0007509103741085098}}, {"type": "Feature", "geometry": {"type": "Point", "coordinates": [-100.25985, 20.564387]}, "properties": {"id_unidad": 223, "nombre": "AUTOLIV", "codigo_scian": "336360", "tier_red": "1", "oem_grupo": null, "es_planta_ensamble": null, "entidad": "QUERÉTARO", "municipio": "El Marqués", "cvegeo_mun": "22011", "nivel_inst": "NUCLEO_CONFIRMADO", "n_clientes": 1, "n_proveedores": 5, "grado_salida_ponderado": 0.4545393222325873, "grado_entrada_ponderado": 22.438171874722443, "centralidad_intermediacion": 8.645134518293105e-06, "pagerank_proveeduria": 0.0008990906560207801}}, {"type": "Feature", "geometry": {"type": "Point", "coordinates": [-116.696984, 31.907693]}, "properties": {"id_unidad": 225, "nombre": "AUTOMOTIVE RESOURCES INTERNATIONAL", "codigo_scian": "336360", "tier_red": "1", "oem_grupo": null, "es_planta_ensamble": null, "entidad": "BAJA CALIFORNIA", "municipio": "Ensenada", "cvegeo_mun": "02001", "nivel_inst": "NUCLEO_CONFIRMADO", "n_clientes": 0, "n_proveedores": 5, "grado_salida_ponderado": 0.0, "grado_entrada_ponderado": 1.3907502904876337, "centralidad_intermediacion": 0.0, "pagerank_proveeduria": 0.0007509103741085098}}, {"type": "Feature", "geometry": {"type": "Point", "coordinates": [-116.696508, 31.908106]}, "properties": {"id_unidad": 226, "nombre": "AUTOMOTIVE RESOURCES INTERNATIONAL", "codigo_scian": "336360", "tier_red": "1", "oem_grupo": null, "es_planta_ensamble": null, "entidad": "BAJA CALIFORNIA", "municipio": "Ensenada", "cvegeo_mun": "02001", "nivel_inst": "NUCLEO_CONFIRMADO", "n_clientes": 2, "n_proveedores": 5, "grado_salida_ponderado": 4.498888831051828, "grado_entrada_ponderado": 17.383797436194936, "centralidad_intermediacion": 1.729026903658621e-05, "pagerank_proveeduria": 0.001339663551481887}}, {"type": "Feature", "geometry": {"type": "Point", "coordinates": [-116.629344, 31.862845]}, "properties": {"id_unidad": 227, "nombre": "AUTOMOTIVE RESOURCES INTERNATIONAL", "codigo_scian": "336360", "tier_red": "1", "oem_grupo": null, "es_planta_ensamble": null, "entidad": "BAJA CALIFORNIA", "municipio": "Ensenada", "cvegeo_mun": "02001", "nivel_inst": "NUCLEO_CONFIRMADO", "n_clientes": 0, "n_proveedores": 5, "grado_salida_ponderado": 0.0, "grado_entrada_ponderado": 0.1200826633330964, "centralidad_intermediacion": 0.0, "pagerank_proveeduria": 0.0007509103741085098}}, {"type": "Feature", "geometry": {"type": "Point", "coordinates": [-116.698159, 31.905075]}, "properties": {"id_unidad": 228, "nombre": "AUTOMOTIVE RESOURCES INTERNATIONAL", "codigo_scian": "336360", "tier_red": "1", "oem_grupo": null, "es_planta_ensamble": null, "entidad": "BAJA CALIFORNIA", "municipio": "Ensenada", "cvegeo_mun": "02001", "nivel_inst": "NUCLEO_CONFIRMADO", "n_clientes": 0, "n_proveedores": 5, "grado_salida_ponderado": 0.0, "grado_entrada_ponderado": 1.3934310259726073, "centralidad_intermediacion": 0.0, "pagerank_proveeduria": 0.0007509103741085098}}, {"type": "Feature", "geometry": {"type": "Point", "coordinates": [-100.889989, 22.02525]}, "properties": {"id_unidad": 229, "nombre": "AUTONEUM MEXICO OPERATIONS", "codigo_scian": "336360", "tier_red": "1", "oem_grupo": null, "es_planta_ensamble": null, "entidad": "SAN LUIS POTOSÍ", "municipio": "San Luis Potosí", "cvegeo_mun": "24028", "nivel_inst": "NUCLEO_CONFIRMADO", "n_clientes": 2, "n_proveedores": 5, "grado_salida_ponderado": 3.3829812178638656, "grado_entrada_ponderado": 9.937423985481853, "centralidad_intermediacion": 0.0, "pagerank_proveeduria": 0.0010217501769324458}}, {"type": "Feature", "geometry": {"type": "Point", "coordinates": [-100.889779, 22.01148]}, "properties": {"id_unidad": 230, "nombre": "AUTONEUM MEXICO OPERATIONS", "codigo_scian": "336360", "tier_red": "1", "oem_grupo": null, "es_planta_ensamble": null, "entidad": "SAN LUIS POTOSÍ", "municipio": "San Luis Potosí", "cvegeo_mun": "24028", "nivel_inst": "NUCLEO_CONFIRMADO", "n_clientes": 2, "n_proveedores": 5, "grado_salida_ponderado": 3.517126544121949, "grado_entrada_ponderado": 9.973783651365505, "centralidad_intermediacion": 1.729026903658621e-05, "pagerank_proveeduria": 0.0010293857577897486}}, {"type": "Feature", "geometry": {"type": "Point", "coordinates": [-101.880409, 21.392266]}, "properties": {"id_unidad": 241, "nombre": "BADER DE MEXICO", "codigo_scian": "336360", "tier_red": "1", "oem_grupo": null, "es_planta_ensamble": null, "entidad": "JALISCO", "municipio": "Lagos de Moreno", "cvegeo_mun": "14053", "nivel_inst": "SIN_REGISTRO_INST", "n_clientes": 0, "n_proveedores": 5, "grado_salida_ponderado": 0.0, "grado_entrada_ponderado": 7.070316835873848, "centralidad_intermediacion": 0.0, "pagerank_proveeduria": 0.0007509103741085098}}, {"type": "Feature", "geometry": {"type": "Point", "coordinates": [-98.217436, 26.006515]}, "properties": {"id_unidad": 247, "nombre": "BBB INDUSTRIES", "codigo_scian": "336320", "tier_red": "1", "oem_grupo": null, "es_planta_ensamble": null, "entidad": "TAMAULIPAS", "municipio": "Reynosa", "cvegeo_mun": "28032", "nivel_inst": "NUCLEO_CONFIRMADO", "n_clientes": 0, "n_proveedores": 5, "grado_salida_ponderado": 0.0, "grado_entrada_ponderado": 13.141573493447495, "centralidad_intermediacion": 0.0, "pagerank_proveeduria": 0.0007509103741085098}}, {"type": "Feature", "geometry": {"type": "Point", "coordinates": [-98.203008, 25.999799]}, "properties": {"id_unidad": 248, "nombre": "BBB INDUSTRIES", "codigo_scian": "336320", "tier_red": "1", "oem_grupo": null, "es_planta_ensamble": null, "entidad": "TAMAULIPAS", "municipio": "Reynosa", "cvegeo_mun": "28032", "nivel_inst": "NUCLEO_CONFIRMADO", "n_clientes": 0, "n_proveedores": 5, "grado_salida_ponderado": 0.0, "grado_entrada_ponderado": 13.053412106020279, "centralidad_intermediacion": 0.0, "pagerank_proveeduria": 0.0007509103741085098}}, {"type": "Feature", "geometry": {"type": "Point", "coordinates": [-98.367489, 26.04869]}, "properties": {"id_unidad": 249, "nombre": "BBB INDUSTRIES", "codigo_scian": "336320", "tier_red": "1", "oem_grupo": null, "es_planta_ensamble": null, "entidad": "TAMAULIPAS", "municipio": "Reynosa", "cvegeo_mun": "28032", "nivel_inst": "PROBABLE", "n_clientes": 0, "n_proveedores": 5, "grado_salida_ponderado": 0.0, "grado_entrada_ponderado": 0.4230360564512625, "centralidad_intermediacion": 0.0, "pagerank_proveeduria": 0.0007509103741085098}}, {"type": "Feature", "geometry": {"type": "Point", "coordinates": [-98.367504, 26.048801]}, "properties": {"id_unidad": 250, "nombre": "BBB INDUSTRIES", "codigo_scian": "336320", "tier_red": "1", "oem_grupo": null, "es_planta_ensamble": null, "entidad": "TAMAULIPAS", "municipio": "Reynosa", "cvegeo_mun": "28032", "nivel_inst": "PROBABLE", "n_clientes": 0, "n_proveedores": 5, "grado_salida_ponderado": 0.0, "grado_entrada_ponderado": 3.701592290461412, "centralidad_intermediacion": 0.0, "pagerank_proveeduria": 0.0007509103741085098}}, {"type": "Feature", "geometry": {"type": "Point", "coordinates": [-100.283968, 20.558036]}, "properties": {"id_unidad": 254, "nombre": "BCS AUTOMOTIVE INTERFACE SOLUTIONS", "codigo_scian": "336320", "tier_red": "1", "oem_grupo": null, "es_planta_ensamble": null, "entidad": "QUERÉTARO", "municipio": "El Marqués", "cvegeo_mun": "22011", "nivel_inst": "SIN_REGISTRO_INST", "n_clientes": 0, "n_proveedores": 5, "grado_salida_ponderado": 0.0, "grado_entrada_ponderado": 8.6812280123498, "centralidad_intermediacion": 0.0, "pagerank_proveeduria": 0.0007509103741085098}}, {"type": "Feature", "geometry": {"type": "Point", "coordinates": [-116.961165, 32.529759]}, "properties": {"id_unidad": 257, "nombre": "BENCHMARK ELECTRONICSTIJUANA", "codigo_scian": "334410", "tier_red": "3", "oem_grupo": null, "es_planta_ensamble": null, "entidad": "BAJA CALIFORNIA", "municipio": "Tijuana", "cvegeo_mun": "02004", "nivel_inst": "PROBABLE", "n_clientes": 4, "n_proveedores": 0, "grado_salida_ponderado": 21.89669310013152, "grado_entrada_ponderado": 0.0, "centralidad_intermediacion": 0.0, "pagerank_proveeduria": 0.0015234978618811207}}, {"type": "Feature", "geometry": {"type": "Point", "coordinates": [-98.171159, 19.064893]}, "properties": {"id_unidad": 263, "nombre": "BENTELER DE MEXICO", "codigo_scian": "336370", "tier_red": "2", "oem_grupo": null, "es_planta_ensamble": null, "entidad": "PUEBLA", "municipio": "Puebla", "cvegeo_mun": "21114", "nivel_inst": "NUCLEO_CONFIRMADO", "n_clientes": 45, "n_proveedores": 0, "grado_salida_ponderado": 130.2808413388819, "grado_entrada_ponderado": 0.0, "centralidad_intermediacion": 0.0, "pagerank_proveeduria": 0.005887140645013349}}, {"type": "Feature", "geometry": {"type": "Point", "coordinates": [-98.244743, 19.110554]}, "properties": {"id_unidad": 264, "nombre": "BENTELER DE MEXICO", "codigo_scian": "336370", "tier_red": "2", "oem_grupo": null, "es_planta_ensamble": null, "entidad": "PUEBLA", "municipio": "Cuautlancingo", "cvegeo_mun": "21041", "nivel_inst": "NUCLEO_CONFIRMADO", "n_clientes": 22, "n_proveedores": 0, "grado_salida_ponderado": 131.37581265464695, "grado_entrada_ponderado": 0.0, "centralidad_intermediacion": 0.0, "pagerank_proveeduria": 0.004275328622548326}}, {"type": "Feature", "geometry": {"type": "Point", "coordinates": [-102.284512, 22.038739]}, "properties": {"id_unidad": 281, "nombre": "BEYONZ MEXICANA", "codigo_scian": "336370", "tier_red": "2", "oem_grupo": null, "es_planta_ensamble": null, "entidad": "AGUASCALIENTES", "municipio": "San Francisco de los Romo", "cvegeo_mun": "01011", "nivel_inst": "NUCLEO_CONFIRMADO", "n_clientes": 5, "n_proveedores": 0, "grado_salida_ponderado": 18.1498264288558, "grado_entrada_ponderado": 0.0, "centralidad_intermediacion": 0.0, "pagerank_proveeduria": 0.001143005633710091}}, {"type": "Feature", "geometry": {"type": "Point", "coordinates": [-100.630557, 20.891832]}, "properties": {"id_unidad": 282, "nombre": "BHTC MEXICO", "codigo_scian": "336320", "tier_red": "1", "oem_grupo": null, "es_planta_ensamble": null, "entidad": "GUANAJUATO", "municipio": "San Miguel de Allende", "cvegeo_mun": "11003", "nivel_inst": "NUCLEO_CONFIRMADO", "n_clientes": 0, "n_proveedores": 5, "grado_salida_ponderado": 0.0, "grado_entrada_ponderado": 24.873974070292142, "centralidad_intermediacion": 0.0, "pagerank_proveeduria": 0.0007509103741085098}}, {"type": "Feature", "geometry": {"type": "Point", "coordinates": [-100.280528, 20.554018]}, "properties": {"id_unidad": 283, "nombre": "BITRON DE MEXICO", "codigo_scian": "336320", "tier_red": "2", "oem_grupo": null, "es_planta_ensamble": null, "entidad": "QUERÉTARO", "municipio": "El Marqués", "cvegeo_mun": "22011", "nivel_inst": "INDETERMINADO", "n_clientes": 0, "n_proveedores": 5, "grado_salida_ponderado": 0.0, "grado_entrada_ponderado": 20.20651537453629, "centralidad_intermediacion": 0.0, "pagerank_proveeduria": 0.0007509103741085098}}, {"type": "Feature", "geometry": {"type": "Point", "coordinates": [-100.267891, 20.555345]}, "properties": {"id_unidad": 284, "nombre": "BITRON DE MEXICO", "codigo_scian": "336320", "tier_red": "2", "oem_grupo": null, "es_planta_ensamble": null, "entidad": "QUERÉTARO", "municipio": "El Marqués", "cvegeo_mun": "22011", "nivel_inst": "NUCLEO_CONFIRMADO", "n_clientes": 0, "n_proveedores": 5, "grado_salida_ponderado": 0.0, "grado_entrada_ponderado": 87.24107191433701, "centralidad_intermediacion": 0.0, "pagerank_proveeduria": 0.0007509103741085098}}, {"type": "Feature", "geometry": {"type": "Point", "coordinates": [-100.288938, 20.569336]}, "properties": {"id_unidad": 285, "nombre": "BMB LATAM", "codigo_scian": "336120", "tier_red": "0", "oem_grupo": null, "es_planta_ensamble": false, "entidad": "QUERÉTARO", "municipio": "El Marqués", "cvegeo_mun": "22011", "nivel_inst": "SIN_REGISTRO_INST", "n_clientes": 0, "n_proveedores": 5, "grado_salida_ponderado": 0.0, "grado_entrada_ponderado": 0.29930115678998165, "centralidad_intermediacion": 0.0, "pagerank_proveeduria": 0.0007509103741085098}}, {"type": "Feature", "geometry": {"type": "Point", "coordinates": [-100.854819, 21.960398]}, "properties": {"id_unidad": 287, "nombre": "BMW", "codigo_scian": "336110", "tier_red": "0", "oem_grupo": "BMW", "es_planta_ensamble": true, "entidad": "SAN LUIS POTOSÍ", "municipio": "Villa de Reyes", "cvegeo_mun": "24050", "nivel_inst": "INDETERMINADO", "n_clientes": 0, "n_proveedores": 5, "grado_salida_ponderado": 0.0, "grado_entrada_ponderado": 3.312180376324507, "centralidad_intermediacion": 0.0, "pagerank_proveeduria": 0.0007509103741085098}}, {"type": "Feature", "geometry": {"type": "Point", "coordinates": [-116.993267, 32.477733]}, "properties": {"id_unidad": 297, "nombre": "BORGWARNER", "codigo_scian": "336320", "tier_red": "1", "oem_grupo": null, "es_planta_ensamble": null, "entidad": "BAJA CALIFORNIA", "municipio": "Tijuana", "cvegeo_mun": "02004", "nivel_inst": "SIN_REGISTRO_INST", "n_clientes": 0, "n_proveedores": 5, "grado_salida_ponderado": 0.0, "grado_entrada_ponderado": 0.1321605837289381, "centralidad_intermediacion": 0.0, "pagerank_proveeduria": 0.0007509103741085098}}, {"type": "Feature", "geometry": {"type": "Point", "coordinates": [-103.36396, 25.539]}, "properties": {"id_unidad": 298, "nombre": "BORGWARNER", "codigo_scian": "336320", "tier_red": "1", "oem_grupo": null, "es_planta_ensamble": null, "entidad": "COAHUILA DE ZARAGOZA", "municipio": "Torreón", "cvegeo_mun": "05035", "nivel_inst": "PROBABLE", "n_clientes": 0, "n_proveedores": 5, "grado_salida_ponderado": 0.0, "grado_entrada_ponderado": 7.379514339398944, "centralidad_intermediacion": 0.0, "pagerank_proveeduria": 0.0007509103741085098}}, {"type": "Feature", "geometry": {"type": "Point", "coordinates": [-98.36659, 26.071982]}, "properties": {"id_unidad": 303, "nombre": "BORGWARNER", "codigo_scian": "336320", "tier_red": "1", "oem_grupo": null, "es_planta_ensamble": null, "entidad": "TAMAULIPAS", "municipio": "Reynosa", "cvegeo_mun": "28032", "nivel_inst": "NUCLEO_CONFIRMADO", "n_clientes": 0, "n_proveedores": 5, "grado_salida_ponderado": 0.0, "grado_entrada_ponderado": 14.092707815335958, "centralidad_intermediacion": 0.0, "pagerank_proveeduria": 0.0007509103741085098}}, {"type": "Feature", "geometry": {"type": "Point", "coordinates": [-106.125219, 28.719036]}, "properties": {"id_unidad": 308, "nombre": "BOURNS", "codigo_scian": "336320", "tier_red": "1", "oem_grupo": null, "es_planta_ensamble": null, "entidad": "CHIHUAHUA", "municipio": "Chihuahua", "cvegeo_mun": "08019", "nivel_inst": "NUCLEO_CONFIRMADO", "n_clientes": 0, "n_proveedores": 5, "grado_salida_ponderado": 0.0, "grado_entrada_ponderado": 40.63418649805, "centralidad_intermediacion": 0.0, "pagerank_proveeduria": 0.0007509103741085098}}, {"type": "Feature", "geometry": {"type": "Point", "coordinates": [-106.40943, 31.654827]}, "properties": {"id_unidad": 312, "nombre": "BRAUN TEK MEXICO", "codigo_scian": "336320", "tier_red": "2", "oem_grupo": null, "es_planta_ensamble": null, "entidad": "CHIHUAHUA", "municipio": "Juárez", "cvegeo_mun": "08037", "nivel_inst": "PROBABLE", "n_clientes": 0, "n_proveedores": 5, "grado_salida_ponderado": 0.0, "grado_entrada_ponderado": 48.5199819945247, "centralidad_intermediacion": 0.0, "pagerank_proveeduria": 0.0007509103741085098}}, {"type": "Feature", "geometry": {"type": "Point", "coordinates": [-100.980117, 29.344125]}, "properties": {"id_unidad": 317, "nombre": "BRENA MEX SA DE CV", "codigo_scian": "336360", "tier_red": "1", "oem_grupo": null, "es_planta_ensamble": null, "entidad": "COAHUILA DE ZARAGOZA", "municipio": "Acuña", "cvegeo_mun": "05002", "nivel_inst": "SIN_REGISTRO_INST", "n_clientes": 0, "n_proveedores": 5, "grado_salida_ponderado": 0.0, "grado_entrada_ponderado": 8.486279283752692, "centralidad_intermediacion": 0.0, "pagerank_proveeduria": 0.0007509103741085098}}, {"type": "Feature", "geometry": {"type": "Point", "coordinates": [-100.1786, 20.633764]}, "properties": {"id_unidad": 322, "nombre": "BROSE", "codigo_scian": "336360", "tier_red": "2", "oem_grupo": null, "es_planta_ensamble": null, "entidad": "QUERÉTARO", "municipio": "Colón", "cvegeo_mun": "22005", "nivel_inst": "NUCLEO_CONFIRMADO", "n_clientes": 0, "n_proveedores": 5, "grado_salida_ponderado": 0.0, "grado_entrada_ponderado": 21.209456763680514, "centralidad_intermediacion": 0.0, "pagerank_proveeduria": 0.0007509103741085098}}, {"type": "Feature", "geometry": {"type": "Point", "coordinates": [-98.257354, 19.115027]}, "properties": {"id_unidad": 323, "nombre": "BROSE", "codigo_scian": "336320", "tier_red": "1", "oem_grupo": null, "es_planta_ensamble": null, "entidad": "PUEBLA", "municipio": "Cuautlancingo", "cvegeo_mun": "21041", "nivel_inst": "NUCLEO_CONFIRMADO", "n_clientes": 5, "n_proveedores": 5, "grado_salida_ponderado": 1.9266024937701156, "grado_entrada_ponderado": 62.09865324545976, "centralidad_intermediacion": 0.0, "pagerank_proveeduria": 0.0013500249100567379}}, {"type": "Feature", "geometry": {"type": "Point", "coordinates": [-98.253539, 19.1058]}, "properties": {"id_unidad": 324, "nombre": "BROSE", "codigo_scian": "336320", "tier_red": "1", "oem_grupo": null, "es_planta_ensamble": null, "entidad": "PUEBLA", "municipio": "Cuautlancingo", "cvegeo_mun": "21041", "nivel_inst": "NUCLEO_CONFIRMADO", "n_clientes": 0, "n_proveedores": 5, "grado_salida_ponderado": 0.0, "grado_entrada_ponderado": 2.502240966072234, "centralidad_intermediacion": 0.0, "pagerank_proveeduria": 0.0007509103741085098}}, {"type": "Feature", "geometry": {"type": "Point", "coordinates": [-99.194705, 19.585561]}, "properties": {"id_unidad": 326, "nombre": "BT ENSAMBLES MEXICO", "codigo_scian": "336320", "tier_red": "1", "oem_grupo": null, "es_planta_ensamble": null, "entidad": "MÉXICO", "municipio": "Tlalnepantla de Baz", "cvegeo_mun": "15104", "nivel_inst": "NUCLEO_CONFIRMADO", "n_clientes": 0, "n_proveedores": 5, "grado_salida_ponderado": 0.0, "grado_entrada_ponderado": 3.862441421890496, "centralidad_intermediacion": 0.0, "pagerank_proveeduria": 0.0007509103741085098}}, {"type": "Feature", "geometry": {"type": "Point", "coordinates": [-99.199709, 19.54552]}, "properties": {"id_unidad": 331, "nombre": "CABLES AUTOMOTRICES DE HIDALGO", "codigo_scian": "336320", "tier_red": "1", "oem_grupo": null, "es_planta_ensamble": null, "entidad": "MÉXICO", "municipio": "Tlalnepantla de Baz", "cvegeo_mun": "15104", "nivel_inst": "SIN_REGISTRO_INST", "n_clientes": 0, "n_proveedores": 5, "grado_salida_ponderado": 0.0, "grado_entrada_ponderado": 3.7600453957387017, "centralidad_intermediacion": 0.0, "pagerank_proveeduria": 0.0007509103741085098}}, {"type": "Feature", "geometry": {"type": "Point", "coordinates": [-100.931968, 29.318812]}, "properties": {"id_unidad": 332, "nombre": "CABLES DE CALIDAD DE MEXICO", "codigo_scian": "336320", "tier_red": "1", "oem_grupo": null, "es_planta_ensamble": null, "entidad": "COAHUILA DE ZARAGOZA", "municipio": "Acuña", "cvegeo_mun": "05002", "nivel_inst": "NUCLEO_CONFIRMADO", "n_clientes": 0, "n_proveedores": 5, "grado_salida_ponderado": 0.0, "grado_entrada_ponderado": 9.601492937888379, "centralidad_intermediacion": 0.0, "pagerank_proveeduria": 0.0007509103741085098}}, {"type": "Feature", "geometry": {"type": "Point", "coordinates": [-106.427814, 31.747032]}, "properties": {"id_unidad": 338, "nombre": "CAPSONIC", "codigo_scian": "336320", "tier_red": "1", "oem_grupo": null, "es_planta_ensamble": null, "entidad": "CHIHUAHUA", "municipio": "Juárez", "cvegeo_mun": "08037", "nivel_inst": "NUCLEO_CONFIRMADO", "n_clientes": 0, "n_proveedores": 5, "grado_salida_ponderado": 0.0, "grado_entrada_ponderado": 29.472712098212504, "centralidad_intermediacion": 0.0, "pagerank_proveeduria": 0.0007509103741085098}}, {"type": "Feature", "geometry": {"type": "Point", "coordinates": [-115.443895, 32.621903]}, "properties": {"id_unidad": 367, "nombre": "CD ELECTRONICA DE MEXICO", "codigo_scian": "334410", "tier_red": "2", "oem_grupo": null, "es_planta_ensamble": null, "entidad": "BAJA CALIFORNIA", "municipio": "Mexicali", "cvegeo_mun": "02002", "nivel_inst": "NUCLEO_CONFIRMADO", "n_clientes": 20, "n_proveedores": 0, "grado_salida_ponderado": 67.83477149743435, "grado_entrada_ponderado": 0.0, "centralidad_intermediacion": 0.0, "pagerank_proveeduria": 0.003334252280775926}}, {"type": "Feature", "geometry": {"type": "Point", "coordinates": [-100.801201, 22.114078]}, "properties": {"id_unidad": 374, "nombre": "CENTRAL MOTOR WHEEL MEXICO", "codigo_scian": "336370", "tier_red": "2", "oem_grupo": null, "es_planta_ensamble": null, "entidad": "SAN LUIS POTOSÍ", "municipio": "San Luis Potosí", "cvegeo_mun": "24028", "nivel_inst": "NUCLEO_CONFIRMADO", "n_clientes": 2, "n_proveedores": 0, "grado_salida_ponderado": 12.562953034006973, "grado_entrada_ponderado": 0.0, "centralidad_intermediacion": 0.0, "pagerank_proveeduria": 0.0009243874894361547}}, {"type": "Feature", "geometry": {"type": "Point", "coordinates": [-98.377588, 26.06738]}, "properties": {"id_unidad": 377, "nombre": "CEQUENT ELECTRICAL PRODUCTS", "codigo_scian": "336320", "tier_red": "2", "oem_grupo": null, "es_planta_ensamble": null, "entidad": "TAMAULIPAS", "municipio": "Reynosa", "cvegeo_mun": "28032", "nivel_inst": "NUCLEO_CONFIRMADO", "n_clientes": 0, "n_proveedores": 5, "grado_salida_ponderado": 0.0, "grado_entrada_ponderado": 49.452843878762415, "centralidad_intermediacion": 0.0, "pagerank_proveeduria": 0.0007509103741085098}}, {"type": "Feature", "geometry": {"type": "Point", "coordinates": [-110.941568, 31.288243]}, "properties": {"id_unidad": 378, "nombre": "CHARLES E GILLMAN COMPANY", "codigo_scian": "336320", "tier_red": "1", "oem_grupo": null, "es_planta_ensamble": null, "entidad": "SONORA", "municipio": "Nogales", "cvegeo_mun": "26043", "nivel_inst": "SIN_REGISTRO_INST", "n_clientes": 0, "n_proveedores": 5, "grado_salida_ponderado": 0.0, "grado_entrada_ponderado": 3.7569732787643058, "centralidad_intermediacion": 0.0, "pagerank_proveeduria": 0.0007509103741085098}}, {"type": "Feature", "geometry": {"type": "Point", "coordinates": [-101.755873, 21.10278]}, "properties": {"id_unidad": 380, "nombre": "CHIYODA INTEGRE DE MEXICO", "codigo_scian": "336360", "tier_red": "2", "oem_grupo": null, "es_planta_ensamble": null, "entidad": "GUANAJUATO", "municipio": "León", "cvegeo_mun": "11020", "nivel_inst": "NUCLEO_CONFIRMADO", "n_clientes": 0, "n_proveedores": 5, "grado_salida_ponderado": 0.0, "grado_entrada_ponderado": 0.9915733221261329, "centralidad_intermediacion": 0.0, "pagerank_proveeduria": 0.0007509103741085098}}, {"type": "Feature", "geometry": {"type": "Point", "coordinates": [-100.889683, 20.523177]}, "properties": {"id_unidad": 385, "nombre": "CIE AUTOMOTIVE", "codigo_scian": "336370", "tier_red": "2", "oem_grupo": null, "es_planta_ensamble": null, "entidad": "GUANAJUATO", "municipio": "Celaya", "cvegeo_mun": "11007", "nivel_inst": "NUCLEO_CONFIRMADO", "n_clientes": 13, "n_proveedores": 0, "grado_salida_ponderado": 23.110052532203824, "grado_entrada_ponderado": 0.0, "centralidad_intermediacion": 0.0, "pagerank_proveeduria": 0.001828186164148379}}, {"type": "Feature", "geometry": {"type": "Point", "coordinates": [-100.889577, 20.52341]}, "properties": {"id_unidad": 386, "nombre": "CIE AUTOMOTIVE", "codigo_scian": "336370", "tier_red": "2", "oem_grupo": null, "es_planta_ensamble": null, "entidad": "GUANAJUATO", "municipio": "Celaya", "cvegeo_mun": "11007", "nivel_inst": "NUCLEO_CONFIRMADO", "n_clientes": 32, "n_proveedores": 0, "grado_salida_ponderado": 109.34625171870229, "grado_entrada_ponderado": 0.0, "centralidad_intermediacion": 0.0, "pagerank_proveeduria": 0.005946721738533301}}, {"type": "Feature", "geometry": {"type": "Point", "coordinates": [-97.920149, 19.342093]}, "properties": {"id_unidad": 394, "nombre": "CLERPREM MEXICO", "codigo_scian": "336360", "tier_red": "1", "oem_grupo": null, "es_planta_ensamble": null, "entidad": "TLAXCALA", "municipio": "Huamantla", "cvegeo_mun": "29013", "nivel_inst": "SIN_REGISTRO_INST", "n_clientes": 0, "n_proveedores": 5, "grado_salida_ponderado": 0.0, "grado_entrada_ponderado": 1.210946989546645, "centralidad_intermediacion": 0.0, "pagerank_proveeduria": 0.0007509103741085098}}, {"type": "Feature", "geometry": {"type": "Point", "coordinates": [-106.381463, 31.55779]}, "properties": {"id_unidad": 404, "nombre": "COFICAB", "codigo_scian": "336320", "tier_red": "1", "oem_grupo": null, "es_planta_ensamble": null, "entidad": "CHIHUAHUA", "municipio": "Juárez", "cvegeo_mun": "08037", "nivel_inst": "SIN_REGISTRO_INST", "n_clientes": 0, "n_proveedores": 5, "grado_salida_ponderado": 0.0, "grado_entrada_ponderado": 16.626965470488535, "centralidad_intermediacion": 0.0, "pagerank_proveeduria": 0.0007509103741085098}}, {"type": "Feature", "geometry": {"type": "Point", "coordinates": [-115.510765, 32.619754]}, "properties": {"id_unidad": 411, "nombre": "COLLINS AEROSPACE", "codigo_scian": "334410", "tier_red": "3", "oem_grupo": null, "es_planta_ensamble": null, "entidad": "BAJA CALIFORNIA", "municipio": "Mexicali", "cvegeo_mun": "02002", "nivel_inst": "NUCLEO_CONFIRMADO", "n_clientes": 72, "n_proveedores": 0, "grado_salida_ponderado": 236.55855764788825, "grado_entrada_ponderado": 0.0, "centralidad_intermediacion": 0.0, "pagerank_proveeduria": 0.009147741548514948}}, {"type": "Feature", "geometry": {"type": "Point", "coordinates": [-101.288601, 20.641939]}, "properties": {"id_unidad": 412, "nombre": "COMESTEL AUTOMOTIVE TECHNOLOGIES MEXICANA", "codigo_scian": "336320", "tier_red": "1", "oem_grupo": null, "es_planta_ensamble": null, "entidad": "GUANAJUATO", "municipio": "Irapuato", "cvegeo_mun": "11017", "nivel_inst": "PROBABLE", "n_clientes": 0, "n_proveedores": 5, "grado_salida_ponderado": 0.0, "grado_entrada_ponderado": 0.8170744229717781, "centralidad_intermediacion": 0.0, "pagerank_proveeduria": 0.0007509103741085098}}, {"type": "Feature", "geometry": {"type": "Point", "coordinates": [-102.287444, 21.725085]}, "properties": {"id_unidad": 427, "nombre": "COMPAS", "codigo_scian": "336110", "tier_red": "0", "oem_grupo": "Nissan", "es_planta_ensamble": true, "entidad": "AGUASCALIENTES", "municipio": "Aguascalientes", "cvegeo_mun": "01001", "nivel_inst": "INDETERMINADO", "n_clientes": 0, "n_proveedores": 5, "grado_salida_ponderado": 0.0, "grado_entrada_ponderado": 3.4012140858027897, "centralidad_intermediacion": 0.0, "pagerank_proveeduria": 0.0007509103741085098}}, {"type": "Feature", "geometry": {"type": "Point", "coordinates": [-102.285252, 21.830161]}, "properties": {"id_unidad": 428, "nombre": "COMPLEJO INDUSTRIAL ESTRADA", "codigo_scian": "336370", "tier_red": "2", "oem_grupo": null, "es_planta_ensamble": null, "entidad": "AGUASCALIENTES", "municipio": "Aguascalientes", "cvegeo_mun": "01001", "nivel_inst": "SIN_REGISTRO_INST", "n_clientes": 1, "n_proveedores": 0, "grado_salida_ponderado": 2.1760998021407647, "grado_entrada_ponderado": 0.0, "centralidad_intermediacion": 0.0, "pagerank_proveeduria": 0.0008708170216248103}}, {"type": "Feature", "geometry": {"type": "Point", "coordinates": [-116.602692, 32.573802]}, "properties": {"id_unidad": 430, "nombre": "COMPONENTES DE CALIDAD", "codigo_scian": "334410", "tier_red": "3", "oem_grupo": null, "es_planta_ensamble": null, "entidad": "BAJA CALIFORNIA", "municipio": "Tecate", "cvegeo_mun": "02003", "nivel_inst": "NUCLEO_CONFIRMADO", "n_clientes": 84, "n_proveedores": 0, "grado_salida_ponderado": 250.5904949476743, "grado_entrada_ponderado": 0.0, "centralidad_intermediacion": 0.0, "pagerank_proveeduria": 0.009665501319962922}}, {"type": "Feature", "geometry": {"type": "Point", "coordinates": [-98.242466, 19.131173]}, "properties": {"id_unidad": 433, "nombre": "CONCORDE", "codigo_scian": "336360", "tier_red": "1", "oem_grupo": null, "es_planta_ensamble": null, "entidad": "PUEBLA", "municipio": "Cuautlancingo", "cvegeo_mun": "21041", "nivel_inst": "INDETERMINADO", "n_clientes": 0, "n_proveedores": 5, "grado_salida_ponderado": 0.0, "grado_entrada_ponderado": 0.3829915774779486, "centralidad_intermediacion": 0.0, "pagerank_proveeduria": 0.0007509103741085098}}, {"type": "Feature", "geometry": {"type": "Point", "coordinates": [-98.242466, 19.131173]}, "properties": {"id_unidad": 434, "nombre": "CONCORDE", "codigo_scian": "336360", "tier_red": "1", "oem_grupo": null, "es_planta_ensamble": null, "entidad": "PUEBLA", "municipio": "Cuautlancingo", "cvegeo_mun": "21041", "nivel_inst": "INDETERMINADO", "n_clientes": 0, "n_proveedores": 5, "grado_salida_ponderado": 0.0, "grado_entrada_ponderado": 0.3829915774779486, "centralidad_intermediacion": 0.0, "pagerank_proveeduria": 0.0007509103741085098}}, {"type": "Feature", "geometry": {"type": "Point", "coordinates": [-98.243546, 19.131942]}, "properties": {"id_unidad": 435, "nombre": "CONCORDE", "codigo_scian": "336360", "tier_red": "1", "oem_grupo": null, "es_planta_ensamble": null, "entidad": "PUEBLA", "municipio": "Cuautlancingo", "cvegeo_mun": "21041", "nivel_inst": "INDETERMINADO", "n_clientes": 0, "n_proveedores": 5, "grado_salida_ponderado": 0.0, "grado_entrada_ponderado": 0.1915317153356626, "centralidad_intermediacion": 0.0, "pagerank_proveeduria": 0.0007509103741085098}}, {"type": "Feature", "geometry": {"type": "Point", "coordinates": [-98.244367, 19.132525]}, "properties": {"id_unidad": 436, "nombre": "CONCORDE", "codigo_scian": "336360", "tier_red": "1", "oem_grupo": null, "es_planta_ensamble": null, "entidad": "PUEBLA", "municipio": "Cuautlancingo", "cvegeo_mun": "21041", "nivel_inst": "INDETERMINADO", "n_clientes": 0, "n_proveedores": 5, "grado_salida_ponderado": 0.0, "grado_entrada_ponderado": 4.7889752487209805, "centralidad_intermediacion": 0.0, "pagerank_proveeduria": 0.0007509103741085098}}, {"type": "Feature", "geometry": {"type": "Point", "coordinates": [-98.391979, 19.312836]}, "properties": {"id_unidad": 439, "nombre": "CONDUMEX", "codigo_scian": "336320", "tier_red": "1", "oem_grupo": null, "es_planta_ensamble": null, "entidad": "TLAXCALA", "municipio": "Ixtacuixtla de Mariano Matamoros", "cvegeo_mun": "29015", "nivel_inst": "INDETERMINADO", "n_clientes": 0, "n_proveedores": 5, "grado_salida_ponderado": 0.0, "grado_entrada_ponderado": 35.115342707491095, "centralidad_intermediacion": 0.0, "pagerank_proveeduria": 0.0007509103741085098}}, {"type": "Feature", "geometry": {"type": "Point", "coordinates": [-98.541591, 19.486707]}, "properties": {"id_unidad": 440, "nombre": "CONDUMEX", "codigo_scian": "336320", "tier_red": "1", "oem_grupo": null, "es_planta_ensamble": null, "entidad": "TLAXCALA", "municipio": "Nanacamilpa de Mariano Arista", "cvegeo_mun": "29021", "nivel_inst": "INDETERMINADO", "n_clientes": 2, "n_proveedores": 5, "grado_salida_ponderado": 0.7591643803628974, "grado_entrada_ponderado": 28.338586172047147, "centralidad_intermediacion": 0.0, "pagerank_proveeduria": 0.0010292230070110772}}, {"type": "Feature", "geometry": {"type": "Point", "coordinates": [-98.542778, 19.486776]}, "properties": {"id_unidad": 441, "nombre": "CONDUMEX", "codigo_scian": "336320", "tier_red": "1", "oem_grupo": null, "es_planta_ensamble": null, "entidad": "TLAXCALA", "municipio": "Nanacamilpa de Mariano Arista", "cvegeo_mun": "29021", "nivel_inst": "INDETERMINADO", "n_clientes": 0, "n_proveedores": 5, "grado_salida_ponderado": 0.0, "grado_entrada_ponderado": 4.246477617248848, "centralidad_intermediacion": 0.0, "pagerank_proveeduria": 0.0007509103741085098}}, {"type": "Feature", "geometry": {"type": "Point", "coordinates": [-98.241599, 19.297152]}, "properties": {"id_unidad": 442, "nombre": "CONDUMEX", "codigo_scian": "336320", "tier_red": "1", "oem_grupo": null, "es_planta_ensamble": null, "entidad": "TLAXCALA", "municipio": "Tlaxcala", "cvegeo_mun": "29033", "nivel_inst": "INDETERMINADO", "n_clientes": 0, "n_proveedores": 5, "grado_salida_ponderado": 0.0, "grado_entrada_ponderado": 37.369029152777344, "centralidad_intermediacion": 0.0, "pagerank_proveeduria": 0.0007509103741085098}}, {"type": "Feature", "geometry": {"type": "Point", "coordinates": [-101.472345, 21.655399]}, "properties": {"id_unidad": 443, "nombre": "CONDUMEX", "codigo_scian": "336320", "tier_red": "1", "oem_grupo": null, "es_planta_ensamble": null, "entidad": "GUANAJUATO", "municipio": "Ocampo", "cvegeo_mun": "11022", "nivel_inst": "SIN_REGISTRO_INST", "n_clientes": 0, "n_proveedores": 5, "grado_salida_ponderado": 0.0, "grado_entrada_ponderado": 11.274746490370928, "centralidad_intermediacion": 0.0, "pagerank_proveeduria": 0.0007509103741085098}}, {"type": "Feature", "geometry": {"type": "Point", "coordinates": [-101.409736, 20.933386]}, "properties": {"id_unidad": 444, "nombre": "CONDUMEX", "codigo_scian": "336320", "tier_red": "1", "oem_grupo": null, "es_planta_ensamble": null, "entidad": "GUANAJUATO", "municipio": "Silao de la Victoria", "cvegeo_mun": "11037", "nivel_inst": "SIN_REGISTRO_INST", "n_clientes": 0, "n_proveedores": 5, "grado_salida_ponderado": 0.0, "grado_entrada_ponderado": 20.683209191927197, "centralidad_intermediacion": 0.0, "pagerank_proveeduria": 0.0007509103741085098}}, {"type": "Feature", "geometry": {"type": "Point", "coordinates": [-100.73822, 21.520714]}, "properties": {"id_unidad": 445, "nombre": "CONDUMEX", "codigo_scian": "336320", "tier_red": "1", "oem_grupo": null, "es_planta_ensamble": null, "entidad": "GUANAJUATO", "municipio": "San Diego de la Unión", "cvegeo_mun": "11029", "nivel_inst": "SIN_REGISTRO_INST", "n_clientes": 0, "n_proveedores": 5, "grado_salida_ponderado": 0.0, "grado_entrada_ponderado": 14.914923867236872, "centralidad_intermediacion": 0.0, "pagerank_proveeduria": 0.0007509103741085098}}, {"type": "Feature", "geometry": {"type": "Point", "coordinates": [-101.024073, 21.695697]}, "properties": {"id_unidad": 446, "nombre": "CONDUMEX", "codigo_scian": "336320", "tier_red": "1", "oem_grupo": null, "es_planta_ensamble": null, "entidad": "GUANAJUATO", "municipio": "San Felipe", "cvegeo_mun": "11030", "nivel_inst": "SIN_REGISTRO_INST", "n_clientes": 0, "n_proveedores": 5, "grado_salida_ponderado": 0.0, "grado_entrada_ponderado": 18.735602246280802, "centralidad_intermediacion": 0.0, "pagerank_proveeduria": 0.0007509103741085098}}, {"type": "Feature", "geometry": {"type": "Point", "coordinates": [-100.679144, 20.542121]}, "properties": {"id_unidad": 447, "nombre": "CONDUMEX", "codigo_scian": "336320", "tier_red": "1", "oem_grupo": null, "es_planta_ensamble": null, "entidad": "GUANAJUATO", "municipio": "Apaseo el Grande", "cvegeo_mun": "11005", "nivel_inst": "SIN_REGISTRO_INST", "n_clientes": 0, "n_proveedores": 5, "grado_salida_ponderado": 0.0, "grado_entrada_ponderado": 19.810956263728425, "centralidad_intermediacion": 0.0, "pagerank_proveeduria": 0.0007509103741085098}}, {"type": "Feature", "geometry": {"type": "Point", "coordinates": [-101.227227, 21.490031]}, "properties": {"id_unidad": 448, "nombre": "CONDUMEX", "codigo_scian": "336320", "tier_red": "1", "oem_grupo": null, "es_planta_ensamble": null, "entidad": "GUANAJUATO", "municipio": "San Felipe", "cvegeo_mun": "11030", "nivel_inst": "SIN_REGISTRO_INST", "n_clientes": 0, "n_proveedores": 5, "grado_salida_ponderado": 0.0, "grado_entrada_ponderado": 11.754854894000216, "centralidad_intermediacion": 0.0, "pagerank_proveeduria": 0.0007509103741085098}}, {"type": "Feature", "geometry": {"type": "Point", "coordinates": [-100.431303, 20.652598]}, "properties": {"id_unidad": 449, "nombre": "CONDUMEX", "codigo_scian": "336320", "tier_red": "1", "oem_grupo": null, "es_planta_ensamble": null, "entidad": "QUERÉTARO", "municipio": "Querétaro", "cvegeo_mun": "22014", "nivel_inst": "NUCLEO_CONFIRMADO", "n_clientes": 0, "n_proveedores": 5, "grado_salida_ponderado": 0.0, "grado_entrada_ponderado": 0.5440310059127867, "centralidad_intermediacion": 0.0, "pagerank_proveeduria": 0.0007509103741085098}}, {"type": "Feature", "geometry": {"type": "Point", "coordinates": [-99.985119, 20.400004]}, "properties": {"id_unidad": 456, "nombre": "CONDUMEX", "codigo_scian": "335920", "tier_red": "2", "oem_grupo": null, "es_planta_ensamble": null, "entidad": "QUERÉTARO", "municipio": "San Juan del Río", "cvegeo_mun": "22016", "nivel_inst": "SIN_REGISTRO_INST", "n_clientes": 3, "n_proveedores": 0, "grado_salida_ponderado": 5.231919490975237, "grado_entrada_ponderado": 0.0, "centralidad_intermediacion": 0.0, "pagerank_proveeduria": 0.0015786670240661171}}, {"type": "Feature", "geometry": {"type": "Point", "coordinates": [-98.402496, 19.70094]}, "properties": {"id_unidad": 462, "nombre": "CONDUMEX", "codigo_scian": "336320", "tier_red": "1", "oem_grupo": null, "es_planta_ensamble": null, "entidad": "HIDALGO", "municipio": "Almoloya", "cvegeo_mun": "13007", "nivel_inst": "SIN_REGISTRO_INST", "n_clientes": 2, "n_proveedores": 5, "grado_salida_ponderado": 0.8807227786975254, "grado_entrada_ponderado": 19.964523042760288, "centralidad_intermediacion": 1.729026903658621e-05, "pagerank_proveeduria": 0.0010691708296367516}}, {"type": "Feature", "geometry": {"type": "Point", "coordinates": [-102.28905, 21.751329]}, "properties": {"id_unidad": 470, "nombre": "CONTINENTAL AUTOMOTIVE", "codigo_scian": "336320", "tier_red": "2", "oem_grupo": null, "es_planta_ensamble": null, "entidad": "AGUASCALIENTES", "municipio": "Aguascalientes", "cvegeo_mun": "01001", "nivel_inst": "PROBABLE", "n_clientes": 0, "n_proveedores": 5, "grado_salida_ponderado": 0.0, "grado_entrada_ponderado": 43.476898807776564, "centralidad_intermediacion": 0.0, "pagerank_proveeduria": 0.0007509103741085098}}, {"type": "Feature", "geometry": {"type": "Point", "coordinates": [-101.431052, 20.969665]}, "properties": {"id_unidad": 471, "nombre": "CONTINENTAL AUTOMOTIVE", "codigo_scian": "336320", "tier_red": "1", "oem_grupo": null, "es_planta_ensamble": null, "entidad": "GUANAJUATO", "municipio": "Silao de la Victoria", "cvegeo_mun": "11037", "nivel_inst": "PROBABLE", "n_clientes": 0, "n_proveedores": 5, "grado_salida_ponderado": 0.0, "grado_entrada_ponderado": 34.44993443782988, "centralidad_intermediacion": 0.0, "pagerank_proveeduria": 0.0007509103741085098}}, {"type": "Feature", "geometry": {"type": "Point", "coordinates": [-101.387858, 20.900239]}, "properties": {"id_unidad": 472, "nombre": "CONTINENTAL AUTOMOTIVE", "codigo_scian": "336320", "tier_red": "1", "oem_grupo": null, "es_planta_ensamble": null, "entidad": "GUANAJUATO", "municipio": "Silao de la Victoria", "cvegeo_mun": "11037", "nivel_inst": "PROBABLE", "n_clientes": 0, "n_proveedores": 5, "grado_salida_ponderado": 0.0, "grado_entrada_ponderado": 30.127336236494784, "centralidad_intermediacion": 0.0, "pagerank_proveeduria": 0.0007509103741085098}}, {"type": "Feature", "geometry": {"type": "Point", "coordinates": [-101.424326, 20.968299]}, "properties": {"id_unidad": 473, "nombre": "CONTINENTAL AUTOMOTIVE", "codigo_scian": "336320", "tier_red": "1", "oem_grupo": null, "es_planta_ensamble": null, "entidad": "GUANAJUATO", "municipio": "Silao de la Victoria", "cvegeo_mun": "11037", "nivel_inst": "PROBABLE", "n_clientes": 0, "n_proveedores": 5, "grado_salida_ponderado": 0.0, "grado_entrada_ponderado": 33.83512603842175, "centralidad_intermediacion": 0.0, "pagerank_proveeduria": 0.0007509103741085098}}, {"type": "Feature", "geometry": {"type": "Point", "coordinates": [-101.431717, 20.969184]}, "properties": {"id_unidad": 474, "nombre": "CONTINENTAL AUTOMOTIVE", "codigo_scian": "336320", "tier_red": "1", "oem_grupo": null, "es_planta_ensamble": null, "entidad": "GUANAJUATO", "municipio": "Silao de la Victoria", "cvegeo_mun": "11037", "nivel_inst": "PROBABLE", "n_clientes": 0, "n_proveedores": 5, "grado_salida_ponderado": 0.0, "grado_entrada_ponderado": 12.063551381157737, "centralidad_intermediacion": 0.0, "pagerank_proveeduria": 0.0007509103741085098}}, {"type": "Feature", "geometry": {"type": "Point", "coordinates": [-101.431038, 20.969659]}, "properties": {"id_unidad": 475, "nombre": "CONTINENTAL AUTOMOTIVE", "codigo_scian": "336320", "tier_red": "1", "oem_grupo": null, "es_planta_ensamble": null, "entidad": "GUANAJUATO", "municipio": "Silao de la Victoria", "cvegeo_mun": "11037", "nivel_inst": "PROBABLE", "n_clientes": 0, "n_proveedores": 5, "grado_salida_ponderado": 0.0, "grado_entrada_ponderado": 12.056935379242342, "centralidad_intermediacion": 0.0, "pagerank_proveeduria": 0.0007509103741085098}}, {"type": "Feature", "geometry": {"type": "Point", "coordinates": [-103.444003, 20.586005]}, "properties": {"id_unidad": 476, "nombre": "CONTINENTAL AUTOMOTIVE", "codigo_scian": "336320", "tier_red": "1", "oem_grupo": null, "es_planta_ensamble": null, "entidad": "JALISCO", "municipio": "Tlajomulco de Zúñiga", "cvegeo_mun": "14097", "nivel_inst": "NUCLEO_CONFIRMADO", "n_clientes": 1, "n_proveedores": 5, "grado_salida_ponderado": 3.76067344929902, "grado_entrada_ponderado": 63.81625393560718, "centralidad_intermediacion": 3.458053807317242e-06, "pagerank_proveeduria": 0.0008853840342888633}}, {"type": "Feature", "geometry": {"type": "Point", "coordinates": [-103.459699, 20.557384]}, "properties": {"id_unidad": 477, "nombre": "CONTINENTAL AUTOMOTIVE", "codigo_scian": "336320", "tier_red": "1", "oem_grupo": null, "es_planta_ensamble": null, "entidad": "JALISCO", "municipio": "Tlajomulco de Zúñiga", "cvegeo_mun": "14097", "nivel_inst": "NUCLEO_CONFIRMADO", "n_clientes": 1, "n_proveedores": 5, "grado_salida_ponderado": 3.6046970135696648, "grado_entrada_ponderado": 62.67486221966232, "centralidad_intermediacion": 0.0, "pagerank_proveeduria": 0.000879806649680178}}, {"type": "Feature", "geometry": {"type": "Point", "coordinates": [-103.406743, 20.608175]}, "properties": {"id_unidad": 478, "nombre": "CONTINENTAL AUTOMOTIVE", "codigo_scian": "336320", "tier_red": "1", "oem_grupo": null, "es_planta_ensamble": null, "entidad": "JALISCO", "municipio": "San Pedro Tlaquepaque", "cvegeo_mun": "14098", "nivel_inst": "NUCLEO_CONFIRMADO", "n_clientes": 1, "n_proveedores": 5, "grado_salida_ponderado": 3.8174778005750927, "grado_entrada_ponderado": 58.7202245570074, "centralidad_intermediacion": 1.729026903658621e-06, "pagerank_proveeduria": 0.0008874152367139735}}, {"type": "Feature", "geometry": {"type": "Point", "coordinates": [-100.358703, 20.573562]}, "properties": {"id_unidad": 483, "nombre": "CONTINENTAL AUTOMOTIVE", "codigo_scian": "336320", "tier_red": "1", "oem_grupo": null, "es_planta_ensamble": null, "entidad": "QUERÉTARO", "municipio": "Querétaro", "cvegeo_mun": "22014", "nivel_inst": "NUCLEO_CONFIRMADO", "n_clientes": 0, "n_proveedores": 5, "grado_salida_ponderado": 0.0, "grado_entrada_ponderado": 13.811322103278181, "centralidad_intermediacion": 0.0, "pagerank_proveeduria": 0.0007509103741085098}}, {"type": "Feature", "geometry": {"type": "Point", "coordinates": [-110.932625, 31.279928]}, "properties": {"id_unidad": 487, "nombre": "CONTINENTAL AUTOMOTIVE", "codigo_scian": "336320", "tier_red": "1", "oem_grupo": null, "es_planta_ensamble": null, "entidad": "SONORA", "municipio": "Nogales", "cvegeo_mun": "26043", "nivel_inst": "PROBABLE", "n_clientes": 0, "n_proveedores": 5, "grado_salida_ponderado": 0.0, "grado_entrada_ponderado": 16.101548470311663, "centralidad_intermediacion": 0.0, "pagerank_proveeduria": 0.0007509103741085098}}, {"type": "Feature", "geometry": {"type": "Point", "coordinates": [-110.815437, 27.947907]}, "properties": {"id_unidad": 492, "nombre": "COOPER STANDARD", "codigo_scian": "336320", "tier_red": "2", "oem_grupo": null, "es_planta_ensamble": null, "entidad": "SONORA", "municipio": "Empalme", "cvegeo_mun": "26025", "nivel_inst": "NUCLEO_CONFIRMADO", "n_clientes": 0, "n_proveedores": 5, "grado_salida_ponderado": 0.0, "grado_entrada_ponderado": 58.04204367470983, "centralidad_intermediacion": 0.0, "pagerank_proveeduria": 0.0007509103741085098}}, {"type": "Feature", "geometry": {"type": "Point", "coordinates": [-101.499926, 21.016124]}, "properties": {"id_unidad": 494, "nombre": "COPO TEXTILE MEXICO", "codigo_scian": "336360", "tier_red": "1", "oem_grupo": null, "es_planta_ensamble": null, "entidad": "GUANAJUATO", "municipio": "León", "cvegeo_mun": "11020", "nivel_inst": "NUCLEO_CONFIRMADO", "n_clientes": 0, "n_proveedores": 5, "grado_salida_ponderado": 0.0, "grado_entrada_ponderado": 1.5615778302453105, "centralidad_intermediacion": 0.0, "pagerank_proveeduria": 0.0007509103741085098}}, {"type": "Feature", "geometry": {"type": "Point", "coordinates": [-102.337295, 21.989691]}, "properties": {"id_unidad": 495, "nombre": "CORD PAG", "codigo_scian": "336320", "tier_red": "1", "oem_grupo": null, "es_planta_ensamble": null, "entidad": "AGUASCALIENTES", "municipio": "Jesús María", "cvegeo_mun": "01005", "nivel_inst": "PROBABLE", "n_clientes": 0, "n_proveedores": 5, "grado_salida_ponderado": 0.0, "grado_entrada_ponderado": 3.482678040212719, "centralidad_intermediacion": 0.0, "pagerank_proveeduria": 0.0007509103741085098}}, {"type": "Feature", "geometry": {"type": "Point", "coordinates": [-101.485245, 21.012102]}, "properties": {"id_unidad": 501, "nombre": "CORPORACION MITSUBA DE MEXICO", "codigo_scian": "336320", "tier_red": "1", "oem_grupo": null, "es_planta_ensamble": null, "entidad": "GUANAJUATO", "municipio": "Silao de la Victoria", "cvegeo_mun": "11037", "nivel_inst": "NUCLEO_CONFIRMADO", "n_clientes": 0, "n_proveedores": 5, "grado_salida_ponderado": 0.0, "grado_entrada_ponderado": 52.949034263538394, "centralidad_intermediacion": 0.0, "pagerank_proveeduria": 0.0007509103741085098}}, {"type": "Feature", "geometry": {"type": "Point", "coordinates": [-100.140426, 25.759174]}, "properties": {"id_unidad": 502, "nombre": "CORPORACION MITSUBA DE MEXICO", "codigo_scian": "336320", "tier_red": "1", "oem_grupo": null, "es_planta_ensamble": null, "entidad": "NUEVO LEÓN", "municipio": "Apodaca", "cvegeo_mun": "19006", "nivel_inst": "NUCLEO_CONFIRMADO", "n_clientes": 1, "n_proveedores": 5, "grado_salida_ponderado": 2.038000917545644, "grado_entrada_ponderado": 50.76531764712716, "centralidad_intermediacion": 5.187080710975863e-06, "pagerank_proveeduria": 0.000890711060501429}}, {"type": "Feature", "geometry": {"type": "Point", "coordinates": [-100.182791, 25.742807]}, "properties": {"id_unidad": 504, "nombre": "CORPORACION MITSUBA DE MEXICO", "codigo_scian": "336320", "tier_red": "1", "oem_grupo": null, "es_planta_ensamble": null, "entidad": "NUEVO LEÓN", "municipio": "Apodaca", "cvegeo_mun": "19006", "nivel_inst": "NUCLEO_CONFIRMADO", "n_clientes": 3, "n_proveedores": 5, "grado_salida_ponderado": 1.7298311430718258, "grado_entrada_ponderado": 45.204437554266875, "centralidad_intermediacion": 6.916107614634484e-06, "pagerank_proveeduria": 0.0011179943278715537}}, {"type": "Feature", "geometry": {"type": "Point", "coordinates": [-100.432477, 26.506331]}, "properties": {"id_unidad": 505, "nombre": "CORPORACION MITSUBA DE MEXICO", "codigo_scian": "336320", "tier_red": "1", "oem_grupo": null, "es_planta_ensamble": null, "entidad": "NUEVO LEÓN", "municipio": "Villaldama", "cvegeo_mun": "19051", "nivel_inst": "NUCLEO_CONFIRMADO", "n_clientes": 0, "n_proveedores": 5, "grado_salida_ponderado": 0.0, "grado_entrada_ponderado": 3.270710603413608, "centralidad_intermediacion": 0.0, "pagerank_proveeduria": 0.0007509103741085098}}, {"type": "Feature", "geometry": {"type": "Point", "coordinates": [-115.414185, 32.668607]}, "properties": {"id_unidad": 507, "nombre": "COTO TECHNOLOGY", "codigo_scian": "334410", "tier_red": "3", "oem_grupo": null, "es_planta_ensamble": null, "entidad": "BAJA CALIFORNIA", "municipio": "Mexicali", "cvegeo_mun": "02002", "nivel_inst": "NUCLEO_CONFIRMADO", "n_clientes": 1, "n_proveedores": 0, "grado_salida_ponderado": 4.720627199885955, "grado_entrada_ponderado": 0.0, "centralidad_intermediacion": 0.0, "pagerank_proveeduria": 0.0008923795060581214}}, {"type": "Feature", "geometry": {"type": "Point", "coordinates": [-106.419298, 31.622391]}, "properties": {"id_unidad": 513, "nombre": "CTS", "codigo_scian": "336320", "tier_red": "1", "oem_grupo": null, "es_planta_ensamble": null, "entidad": "CHIHUAHUA", "municipio": "Juárez", "cvegeo_mun": "08037", "nivel_inst": "NUCLEO_CONFIRMADO", "n_clientes": 0, "n_proveedores": 5, "grado_salida_ponderado": 0.0, "grado_entrada_ponderado": 40.69678375838297, "centralidad_intermediacion": 0.0, "pagerank_proveeduria": 0.0007509103741085098}}, {"type": "Feature", "geometry": {"type": "Point", "coordinates": [-97.44295, 25.838705]}, "properties": {"id_unidad": 514, "nombre": "CTS", "codigo_scian": "336320", "tier_red": "1", "oem_grupo": null, "es_planta_ensamble": null, "entidad": "TAMAULIPAS", "municipio": "Matamoros", "cvegeo_mun": "28022", "nivel_inst": "INDETERMINADO", "n_clientes": 0, "n_proveedores": 5, "grado_salida_ponderado": 0.0, "grado_entrada_ponderado": 6.376792713639679, "centralidad_intermediacion": 0.0, "pagerank_proveeduria": 0.0007509103741085098}}, {"type": "Feature", "geometry": {"type": "Point", "coordinates": [-101.096653, 25.263631]}, "properties": {"id_unidad": 518, "nombre": "CVG", "codigo_scian": "336360", "tier_red": "2", "oem_grupo": null, "es_planta_ensamble": null, "entidad": "COAHUILA DE ZARAGOZA", "municipio": "Saltillo", "cvegeo_mun": "05030", "nivel_inst": "NUCLEO_CONFIRMADO", "n_clientes": 0, "n_proveedores": 5, "grado_salida_ponderado": 0.0, "grado_entrada_ponderado": 0.0684005074902193, "centralidad_intermediacion": 0.0, "pagerank_proveeduria": 0.0007509103741085098}}, {"type": "Feature", "geometry": {"type": "Point", "coordinates": [-101.102265, 25.260739]}, "properties": {"id_unidad": 519, "nombre": "CVG", "codigo_scian": "336360", "tier_red": "2", "oem_grupo": null, "es_planta_ensamble": null, "entidad": "COAHUILA DE ZARAGOZA", "municipio": "Saltillo", "cvegeo_mun": "05030", "nivel_inst": "NUCLEO_CONFIRMADO", "n_clientes": 0, "n_proveedores": 5, "grado_salida_ponderado": 0.0, "grado_entrada_ponderado": 11.401129798584632, "centralidad_intermediacion": 0.0, "pagerank_proveeduria": 0.0007509103741085098}}, {"type": "Feature", "geometry": {"type": "Point", "coordinates": [-101.174459, 25.239155]}, "properties": {"id_unidad": 520, "nombre": "CVG", "codigo_scian": "336360", "tier_red": "2", "oem_grupo": null, "es_planta_ensamble": null, "entidad": "COAHUILA DE ZARAGOZA", "municipio": "Saltillo", "cvegeo_mun": "05030", "nivel_inst": "NUCLEO_CONFIRMADO", "n_clientes": 0, "n_proveedores": 5, "grado_salida_ponderado": 0.0, "grado_entrada_ponderado": 11.417917142241292, "centralidad_intermediacion": 0.0, "pagerank_proveeduria": 0.0007509103741085098}}, {"type": "Feature", "geometry": {"type": "Point", "coordinates": [-100.980521, 25.51515]}, "properties": {"id_unidad": 527, "nombre": "DAIMAY AUTOMOTIVE INTERIORS", "codigo_scian": "336360", "tier_red": "1", "oem_grupo": null, "es_planta_ensamble": null, "entidad": "COAHUILA DE ZARAGOZA", "municipio": "Ramos Arizpe", "cvegeo_mun": "05027", "nivel_inst": "NUCLEO_CONFIRMADO", "n_clientes": 1, "n_proveedores": 5, "grado_salida_ponderado": 1.864401839176797, "grado_entrada_ponderado": 13.613648061811501, "centralidad_intermediacion": 0.0, "pagerank_proveeduria": 0.0008490908034748557}}, {"type": "Feature", "geometry": {"type": "Point", "coordinates": [-100.980408, 25.515311]}, "properties": {"id_unidad": 528, "nombre": "DAIMAY AUTOMOTIVE INTERIORS", "codigo_scian": "336360", "tier_red": "1", "oem_grupo": null, "es_planta_ensamble": null, "entidad": "COAHUILA DE ZARAGOZA", "municipio": "Ramos Arizpe", "cvegeo_mun": "05027", "nivel_inst": "NUCLEO_CONFIRMADO", "n_clientes": 1, "n_proveedores": 5, "grado_salida_ponderado": 1.863575453116648, "grado_entrada_ponderado": 13.614723719099674, "centralidad_intermediacion": 0.0, "pagerank_proveeduria": 0.0008490472855290443}}, {"type": "Feature", "geometry": {"type": "Point", "coordinates": [-100.980129, 25.515647]}, "properties": {"id_unidad": 529, "nombre": "DAIMAY AUTOMOTIVE INTERIORS", "codigo_scian": "336360", "tier_red": "1", "oem_grupo": null, "es_planta_ensamble": null, "entidad": "COAHUILA DE ZARAGOZA", "municipio": "Ramos Arizpe", "cvegeo_mun": "05027", "nivel_inst": "NUCLEO_CONFIRMADO", "n_clientes": 0, "n_proveedores": 5, "grado_salida_ponderado": 0.0, "grado_entrada_ponderado": 0.0817034867833113, "centralidad_intermediacion": 0.0, "pagerank_proveeduria": 0.0007509103741085098}}, {"type": "Feature", "geometry": {"type": "Point", "coordinates": [-100.980132, 25.515644]}, "properties": {"id_unidad": 530, "nombre": "DAIMAY AUTOMOTIVE INTERIORS", "codigo_scian": "336360", "tier_red": "1", "oem_grupo": null, "es_planta_ensamble": null, "entidad": "COAHUILA DE ZARAGOZA", "municipio": "Ramos Arizpe", "cvegeo_mun": "05027", "nivel_inst": "NUCLEO_CONFIRMADO", "n_clientes": 0, "n_proveedores": 5, "grado_salida_ponderado": 0.0, "grado_entrada_ponderado": 0.0817033041732404, "centralidad_intermediacion": 0.0, "pagerank_proveeduria": 0.0007509103741085098}}, {"type": "Feature", "geometry": {"type": "Point", "coordinates": [-101.160811, 25.245368]}, "properties": {"id_unidad": 531, "nombre": "DAIMLER", "codigo_scian": "336120", "tier_red": "0", "oem_grupo": null, "es_planta_ensamble": true, "entidad": "COAHUILA DE ZARAGOZA", "municipio": "Saltillo", "cvegeo_mun": "05030", "nivel_inst": "NUCLEO_CONFIRMADO", "n_clientes": 0, "n_proveedores": 5, "grado_salida_ponderado": 0.0, "grado_entrada_ponderado": 0.05629007557665351, "centralidad_intermediacion": 0.0, "pagerank_proveeduria": 0.0007509103741085098}}, {"type": "Feature", "geometry": {"type": "Point", "coordinates": [-100.999293, 25.421]}, "properties": {"id_unidad": 532, "nombre": "DAIMLER", "codigo_scian": "336120", "tier_red": "0", "oem_grupo": null, "es_planta_ensamble": false, "entidad": "COAHUILA DE ZARAGOZA", "municipio": "Saltillo", "cvegeo_mun": "05030", "nivel_inst": "SIN_REGISTRO_INST", "n_clientes": 0, "n_proveedores": 5, "grado_salida_ponderado": 0.0, "grado_entrada_ponderado": 0.0477343020403028, "centralidad_intermediacion": 0.0, "pagerank_proveeduria": 0.0007509103741085098}}, {"type": "Feature", "geometry": {"type": "Point", "coordinates": [-101.159133, 25.245807]}, "properties": {"id_unidad": 533, "nombre": "DAIMLER", "codigo_scian": "336120", "tier_red": "0", "oem_grupo": null, "es_planta_ensamble": true, "entidad": "COAHUILA DE ZARAGOZA", "municipio": "Saltillo", "cvegeo_mun": "05030", "nivel_inst": "SIN_REGISTRO_INST", "n_clientes": 0, "n_proveedores": 5, "grado_salida_ponderado": 0.0, "grado_entrada_ponderado": 0.074633045134664, "centralidad_intermediacion": 0.0, "pagerank_proveeduria": 0.0007509103741085098}}, {"type": "Feature", "geometry": {"type": "Point", "coordinates": [-101.159062, 25.245826]}, "properties": {"id_unidad": 534, "nombre": "DAIMLER", "codigo_scian": "336120", "tier_red": "0", "oem_grupo": null, "es_planta_ensamble": true, "entidad": "COAHUILA DE ZARAGOZA", "municipio": "Saltillo", "cvegeo_mun": "05030", "nivel_inst": "NUCLEO_CONFIRMADO", "n_clientes": 0, "n_proveedores": 5, "grado_salida_ponderado": 0.0, "grado_entrada_ponderado": 9.326969749144043, "centralidad_intermediacion": 0.0, "pagerank_proveeduria": 0.0007509103741085098}}, {"type": "Feature", "geometry": {"type": "Point", "coordinates": [-99.175562, 19.528372]}, "properties": {"id_unidad": 535, "nombre": "DAIMLER", "codigo_scian": "336120", "tier_red": "0", "oem_grupo": null, "es_planta_ensamble": false, "entidad": "MÉXICO", "municipio": "Tlalnepantla de Baz", "cvegeo_mun": "15104", "nivel_inst": "NUCLEO_CONFIRMADO", "n_clientes": 0, "n_proveedores": 5, "grado_salida_ponderado": 0.0, "grado_entrada_ponderado": 0.2955930751283027, "centralidad_intermediacion": 0.0, "pagerank_proveeduria": 0.0007509103741085098}}, {"type": "Feature", "geometry": {"type": "Point", "coordinates": [-99.457117, 19.167271]}, "properties": {"id_unidad": 536, "nombre": "DAIMLER", "codigo_scian": "336120", "tier_red": "0", "oem_grupo": null, "es_planta_ensamble": false, "entidad": "MÉXICO", "municipio": "Tianguistenco", "cvegeo_mun": "15101", "nivel_inst": "NUCLEO_CONFIRMADO", "n_clientes": 0, "n_proveedores": 5, "grado_salida_ponderado": 0.0, "grado_entrada_ponderado": 3.1921245352077463, "centralidad_intermediacion": 0.0, "pagerank_proveeduria": 0.0007509103741085098}}, {"type": "Feature", "geometry": {"type": "Point", "coordinates": [-100.528243, 25.747823]}, "properties": {"id_unidad": 537, "nombre": "DAIMLER", "codigo_scian": "336120", "tier_red": "0", "oem_grupo": null, "es_planta_ensamble": false, "entidad": "NUEVO LEÓN", "municipio": "García", "cvegeo_mun": "19018", "nivel_inst": "NUCLEO_CONFIRMADO", "n_clientes": 0, "n_proveedores": 5, "grado_salida_ponderado": 0.0, "grado_entrada_ponderado": 0.34169511691740334, "centralidad_intermediacion": 0.0, "pagerank_proveeduria": 0.0007509103741085098}}, {"type": "Feature", "geometry": {"type": "Point", "coordinates": [-100.528326, 25.748026]}, "properties": {"id_unidad": 538, "nombre": "DAIMLER", "codigo_scian": "336120", "tier_red": "0", "oem_grupo": null, "es_planta_ensamble": false, "entidad": "NUEVO LEÓN", "municipio": "García", "cvegeo_mun": "19018", "nivel_inst": "NUCLEO_CONFIRMADO", "n_clientes": 0, "n_proveedores": 5, "grado_salida_ponderado": 0.0, "grado_entrada_ponderado": 8.539793188946634, "centralidad_intermediacion": 0.0, "pagerank_proveeduria": 0.0007509103741085098}}, {"type": "Feature", "geometry": {"type": "Point", "coordinates": [-106.131891, 28.674893]}, "properties": {"id_unidad": 539, "nombre": "DANA", "codigo_scian": "336320", "tier_red": "1", "oem_grupo": null, "es_planta_ensamble": null, "entidad": "CHIHUAHUA", "municipio": "Chihuahua", "cvegeo_mun": "08019", "nivel_inst": "INDETERMINADO", "n_clientes": 0, "n_proveedores": 5, "grado_salida_ponderado": 0.0, "grado_entrada_ponderado": 23.534157813007898, "centralidad_intermediacion": 0.0, "pagerank_proveeduria": 0.0007509103741085098}}, {"type": "Feature", "geometry": {"type": "Point", "coordinates": [-100.569673, 28.679069]}, "properties": {"id_unidad": 546, "nombre": "DAYSTAR TRIM SYSTEMS", "codigo_scian": "336360", "tier_red": "1", "oem_grupo": null, "es_planta_ensamble": null, "entidad": "COAHUILA DE ZARAGOZA", "municipio": "Piedras Negras", "cvegeo_mun": "05025", "nivel_inst": "INDETERMINADO", "n_clientes": 0, "n_proveedores": 5, "grado_salida_ponderado": 0.0, "grado_entrada_ponderado": 3.5760309470091833, "centralidad_intermediacion": 0.0, "pagerank_proveeduria": 0.0007509103741085098}}, {"type": "Feature", "geometry": {"type": "Point", "coordinates": [-106.37681, 31.645118]}, "properties": {"id_unidad": 549, "nombre": "DEKKO", "codigo_scian": "334410", "tier_red": "2", "oem_grupo": null, "es_planta_ensamble": null, "entidad": "CHIHUAHUA", "municipio": "Juárez", "cvegeo_mun": "08037", "nivel_inst": "PROBABLE", "n_clientes": 28, "n_proveedores": 0, "grado_salida_ponderado": 128.33701800045236, "grado_entrada_ponderado": 0.0, "centralidad_intermediacion": 0.0, "pagerank_proveeduria": 0.0043548229056577575}}, {"type": "Feature", "geometry": {"type": "Point", "coordinates": [-101.472629, 21.019215]}, "properties": {"id_unidad": 554, "nombre": "DENSO", "codigo_scian": "336320", "tier_red": "1", "oem_grupo": null, "es_planta_ensamble": null, "entidad": "GUANAJUATO", "municipio": "Silao de la Victoria", "cvegeo_mun": "11037", "nivel_inst": "NUCLEO_CONFIRMADO", "n_clientes": 0, "n_proveedores": 5, "grado_salida_ponderado": 0.0, "grado_entrada_ponderado": 56.596380794490514, "centralidad_intermediacion": 0.0, "pagerank_proveeduria": 0.0007509103741085098}}, {"type": "Feature", "geometry": {"type": "Point", "coordinates": [-100.167642, 25.771711]}, "properties": {"id_unidad": 555, "nombre": "DENSO", "codigo_scian": "336320", "tier_red": "2", "oem_grupo": null, "es_planta_ensamble": null, "entidad": "NUEVO LEÓN", "municipio": "Apodaca", "cvegeo_mun": "19006", "nivel_inst": "NUCLEO_CONFIRMADO", "n_clientes": 0, "n_proveedores": 5, "grado_salida_ponderado": 0.0, "grado_entrada_ponderado": 70.98466689203764, "centralidad_intermediacion": 0.0, "pagerank_proveeduria": 0.0007509103741085098}}, {"type": "Feature", "geometry": {"type": "Point", "coordinates": [-100.182897, 25.644963]}, "properties": {"id_unidad": 556, "nombre": "DENSO", "codigo_scian": "336320", "tier_red": "2", "oem_grupo": null, "es_planta_ensamble": null, "entidad": "NUEVO LEÓN", "municipio": "Guadalupe", "cvegeo_mun": "19026", "nivel_inst": "NUCLEO_CONFIRMADO", "n_clientes": 0, "n_proveedores": 5, "grado_salida_ponderado": 0.0, "grado_entrada_ponderado": 53.47031626563585, "centralidad_intermediacion": 0.0, "pagerank_proveeduria": 0.0007509103741085098}}, {"type": "Feature", "geometry": {"type": "Point", "coordinates": [-100.919169, 22.130152]}, "properties": {"id_unidad": 559, "nombre": "DESARROLLOS ELECTROMECANICOS DE SAN LUIS", "codigo_scian": "336320", "tier_red": "2", "oem_grupo": null, "es_planta_ensamble": null, "entidad": "SAN LUIS POTOSÍ", "municipio": "San Luis Potosí", "cvegeo_mun": "24028", "nivel_inst": "INDETERMINADO", "n_clientes": 0, "n_proveedores": 5, "grado_salida_ponderado": 0.0, "grado_entrada_ponderado": 1.280278029317466, "centralidad_intermediacion": 0.0, "pagerank_proveeduria": 0.0007509103741085098}}, {"type": "Feature", "geometry": {"type": "Point", "coordinates": [-100.208497, 20.637102]}, "properties": {"id_unidad": 563, "nombre": "DIEHL CONTROLS", "codigo_scian": "334410", "tier_red": "2", "oem_grupo": null, "es_planta_ensamble": null, "entidad": "QUERÉTARO", "municipio": "El Marqués", "cvegeo_mun": "22011", "nivel_inst": "NUCLEO_CONFIRMADO", "n_clientes": 5, "n_proveedores": 0, "grado_salida_ponderado": 1.4933966149592284, "grado_entrada_ponderado": 0.0, "centralidad_intermediacion": 0.0, "pagerank_proveeduria": 0.000817933315883389}}, {"type": "Feature", "geometry": {"type": "Point", "coordinates": [-100.231848, 20.618203]}, "properties": {"id_unidad": 564, "nombre": "DIEHL CONTROLS", "codigo_scian": "334410", "tier_red": "3", "oem_grupo": null, "es_planta_ensamble": null, "entidad": "QUERÉTARO", "municipio": "El Marqués", "cvegeo_mun": "22011", "nivel_inst": "NUCLEO_CONFIRMADO", "n_clientes": 35, "n_proveedores": 0, "grado_salida_ponderado": 240.33898319266567, "grado_entrada_ponderado": 0.0, "centralidad_intermediacion": 0.0, "pagerank_proveeduria": 0.008322127149479656}}, {"type": "Feature", "geometry": {"type": "Point", "coordinates": [-100.362676, 20.580119]}, "properties": {"id_unidad": 565, "nombre": "DIEHL CONTROLS", "codigo_scian": "334410", "tier_red": "2", "oem_grupo": null, "es_planta_ensamble": null, "entidad": "QUERÉTARO", "municipio": "Querétaro", "cvegeo_mun": "22014", "nivel_inst": "NUCLEO_CONFIRMADO", "n_clientes": 6, "n_proveedores": 0, "grado_salida_ponderado": 2.2719848844022303, "grado_entrada_ponderado": 0.0, "centralidad_intermediacion": 0.0, "pagerank_proveeduria": 0.0008548922040753222}}, {"type": "Feature", "geometry": {"type": "Point", "coordinates": [-106.130719, 28.720145]}, "properties": {"id_unidad": 566, "nombre": "DIGITAL APPLIANCE CONTROLS DE MEXICO", "codigo_scian": "334410", "tier_red": "2", "oem_grupo": null, "es_planta_ensamble": null, "entidad": "CHIHUAHUA", "municipio": "Chihuahua", "cvegeo_mun": "08019", "nivel_inst": "PROBABLE", "n_clientes": 17, "n_proveedores": 0, "grado_salida_ponderado": 210.17754277438146, "grado_entrada_ponderado": 0.0, "centralidad_intermediacion": 0.0, "pagerank_proveeduria": 0.005486330453056887}}, {"type": "Feature", "geometry": {"type": "Point", "coordinates": [-98.590673, 19.763465]}, "properties": {"id_unidad": 568, "nombre": "DINA", "codigo_scian": "336120", "tier_red": "0", "oem_grupo": null, "es_planta_ensamble": true, "entidad": "HIDALGO", "municipio": "Tepeapulco", "cvegeo_mun": "13061", "nivel_inst": "SIN_REGISTRO_INST", "n_clientes": 0, "n_proveedores": 5, "grado_salida_ponderado": 0.0, "grado_entrada_ponderado": 3.0436713254987717, "centralidad_intermediacion": 0.0, "pagerank_proveeduria": 0.0007509103741085098}}, {"type": "Feature", "geometry": {"type": "Point", "coordinates": [-100.389615, 25.769823]}, "properties": {"id_unidad": 569, "nombre": "DINA", "codigo_scian": "336120", "tier_red": "0", "oem_grupo": null, "es_planta_ensamble": false, "entidad": "NUEVO LEÓN", "municipio": "Monterrey", "cvegeo_mun": "19039", "nivel_inst": "SIN_REGISTRO_INST", "n_clientes": 0, "n_proveedores": 5, "grado_salida_ponderado": 0.0, "grado_entrada_ponderado": 0.0384216655686233, "centralidad_intermediacion": 0.0, "pagerank_proveeduria": 0.0007509103741085098}}, {"type": "Feature", "geometry": {"type": "Point", "coordinates": [-99.219819, 19.518509]}, "properties": {"id_unidad": 570, "nombre": "DISEÑO INGENIERIA Y TECNOLOGIA", "codigo_scian": "336320", "tier_red": "2", "oem_grupo": null, "es_planta_ensamble": null, "entidad": "MÉXICO", "municipio": "Tlalnepantla de Baz", "cvegeo_mun": "15104", "nivel_inst": "SIN_REGISTRO_INST", "n_clientes": 0, "n_proveedores": 5, "grado_salida_ponderado": 0.0, "grado_entrada_ponderado": 1.8093941018943662, "centralidad_intermediacion": 0.0, "pagerank_proveeduria": 0.0007509103741085098}}, {"type": "Feature", "geometry": {"type": "Point", "coordinates": [-99.177592, 19.632124]}, "properties": {"id_unidad": 571, "nombre": "DISTRIBUIDORA METALICA", "codigo_scian": "334410", "tier_red": "2", "oem_grupo": null, "es_planta_ensamble": null, "entidad": "MÉXICO", "municipio": "Tultitlán", "cvegeo_mun": "15109", "nivel_inst": "SIN_REGISTRO_INST", "n_clientes": 5, "n_proveedores": 0, "grado_salida_ponderado": 1.7432047052981636, "grado_entrada_ponderado": 0.0, "centralidad_intermediacion": 0.0, "pagerank_proveeduria": 0.0016051844014165625}}, {"type": "Feature", "geometry": {"type": "Point", "coordinates": [-100.046038, 25.824313]}, "properties": {"id_unidad": 578, "nombre": "DONG KOOK DE MÉXICO", "codigo_scian": "336360", "tier_red": "1", "oem_grupo": null, "es_planta_ensamble": null, "entidad": "NUEVO LEÓN", "municipio": "Marín", "cvegeo_mun": "19034", "nivel_inst": "NUCLEO_CONFIRMADO", "n_clientes": 0, "n_proveedores": 5, "grado_salida_ponderado": 0.0, "grado_entrada_ponderado": 7.337781080789353, "centralidad_intermediacion": 0.0, "pagerank_proveeduria": 0.0007509103741085098}}, {"type": "Feature", "geometry": {"type": "Point", "coordinates": [-101.938948, 21.365755]}, "properties": {"id_unidad": 583, "nombre": "DRAEXLMAIER", "codigo_scian": "336320", "tier_red": "1", "oem_grupo": null, "es_planta_ensamble": null, "entidad": "JALISCO", "municipio": "Lagos de Moreno", "cvegeo_mun": "14053", "nivel_inst": "NUCLEO_CONFIRMADO", "n_clientes": 0, "n_proveedores": 5, "grado_salida_ponderado": 0.0, "grado_entrada_ponderado": 22.6750717934686, "centralidad_intermediacion": 0.0, "pagerank_proveeduria": 0.0007509103741085098}}, {"type": "Feature", "geometry": {"type": "Point", "coordinates": [-101.904537, 21.376414]}, "properties": {"id_unidad": 584, "nombre": "DRAEXLMAIER", "codigo_scian": "336320", "tier_red": "1", "oem_grupo": null, "es_planta_ensamble": null, "entidad": "JALISCO", "municipio": "Lagos de Moreno", "cvegeo_mun": "14053", "nivel_inst": "NUCLEO_CONFIRMADO", "n_clientes": 0, "n_proveedores": 5, "grado_salida_ponderado": 0.0, "grado_entrada_ponderado": 22.76026267406564, "centralidad_intermediacion": 0.0, "pagerank_proveeduria": 0.0007509103741085098}}, {"type": "Feature", "geometry": {"type": "Point", "coordinates": [-104.875619, 21.479227]}, "properties": {"id_unidad": 585, "nombre": "DRAEXLMAIER", "codigo_scian": "336320", "tier_red": "1", "oem_grupo": null, "es_planta_ensamble": null, "entidad": "NAYARIT", "municipio": "Tepic", "cvegeo_mun": "18017", "nivel_inst": "NUCLEO_CONFIRMADO", "n_clientes": 1, "n_proveedores": 5, "grado_salida_ponderado": 0.0447539345837096, "grado_entrada_ponderado": 14.766259227256944, "centralidad_intermediacion": 1.729026903658621e-06, "pagerank_proveeduria": 0.0007839031314931576}}, {"type": "Feature", "geometry": {"type": "Point", "coordinates": [-98.378812, 19.171971]}, "properties": {"id_unidad": 586, "nombre": "DRAEXLMAIER", "codigo_scian": "336320", "tier_red": "1", "oem_grupo": null, "es_planta_ensamble": null, "entidad": "PUEBLA", "municipio": "Huejotzingo", "cvegeo_mun": "21074", "nivel_inst": "NUCLEO_CONFIRMADO", "n_clientes": 5, "n_proveedores": 5, "grado_salida_ponderado": 2.010355971268777, "grado_entrada_ponderado": 56.87884127067474, "centralidad_intermediacion": 2.074832284390345e-05, "pagerank_proveeduria": 0.0013796935104663337}}, {"type": "Feature", "geometry": {"type": "Point", "coordinates": [-100.626712, 23.688665]}, "properties": {"id_unidad": 587, "nombre": "DRAEXLMAIER", "codigo_scian": "336320", "tier_red": "1", "oem_grupo": null, "es_planta_ensamble": null, "entidad": "SAN LUIS POTOSÍ", "municipio": "Matehuala", "cvegeo_mun": "24020", "nivel_inst": "NUCLEO_CONFIRMADO", "n_clientes": 0, "n_proveedores": 5, "grado_salida_ponderado": 0.0, "grado_entrada_ponderado": 16.418210284186976, "centralidad_intermediacion": 0.0, "pagerank_proveeduria": 0.0007509103741085098}}, {"type": "Feature", "geometry": {"type": "Point", "coordinates": [-100.890511, 22.03745]}, "properties": {"id_unidad": 588, "nombre": "DRAEXLMAIER", "codigo_scian": "336320", "tier_red": "1", "oem_grupo": null, "es_planta_ensamble": null, "entidad": "SAN LUIS POTOSÍ", "municipio": "San Luis Potosí", "cvegeo_mun": "24028", "nivel_inst": "NUCLEO_CONFIRMADO", "n_clientes": 0, "n_proveedores": 5, "grado_salida_ponderado": 0.0, "grado_entrada_ponderado": 51.82983004710552, "centralidad_intermediacion": 0.0, "pagerank_proveeduria": 0.0007509103741085098}}, {"type": "Feature", "geometry": {"type": "Point", "coordinates": [-99.152373, 19.389111]}, "properties": {"id_unidad": 595, "nombre": "DUPPON ELECTRIC MEXICO", "codigo_scian": "336320", "tier_red": "1", "oem_grupo": null, "es_planta_ensamble": null, "entidad": "CIUDAD DE MÉXICO", "municipio": "Benito Juárez", "cvegeo_mun": "09014", "nivel_inst": "PROBABLE", "n_clientes": 0, "n_proveedores": 5, "grado_salida_ponderado": 0.0, "grado_entrada_ponderado": 1.325734075576668, "centralidad_intermediacion": 0.0, "pagerank_proveeduria": 0.0007509103741085098}}, {"type": "Feature", "geometry": {"type": "Point", "coordinates": [-100.03548, 25.822891]}, "properties": {"id_unidad": 597, "nombre": "DY AUTO", "codigo_scian": "336320", "tier_red": "1", "oem_grupo": null, "es_planta_ensamble": null, "entidad": "NUEVO LEÓN", "municipio": "Marín", "cvegeo_mun": "19034", "nivel_inst": "NUCLEO_CONFIRMADO", "n_clientes": 0, "n_proveedores": 5, "grado_salida_ponderado": 0.0, "grado_entrada_ponderado": 15.626039741659561, "centralidad_intermediacion": 0.0, "pagerank_proveeduria": 0.0007509103741085098}}, {"type": "Feature", "geometry": {"type": "Point", "coordinates": [-100.045359, 25.824523]}, "properties": {"id_unidad": 598, "nombre": "DY AUTO", "codigo_scian": "336320", "tier_red": "1", "oem_grupo": null, "es_planta_ensamble": null, "entidad": "NUEVO LEÓN", "municipio": "Marín", "cvegeo_mun": "19034", "nivel_inst": "NUCLEO_CONFIRMADO", "n_clientes": 0, "n_proveedores": 5, "grado_salida_ponderado": 0.0, "grado_entrada_ponderado": 16.981029965459157, "centralidad_intermediacion": 0.0, "pagerank_proveeduria": 0.0007509103741085098}}, {"type": "Feature", "geometry": {"type": "Point", "coordinates": [-100.989612, 29.345089]}, "properties": {"id_unidad": 599, "nombre": "DYLSA DOUGLAS Y LOMASON", "codigo_scian": "336360", "tier_red": "1", "oem_grupo": null, "es_planta_ensamble": null, "entidad": "COAHUILA DE ZARAGOZA", "municipio": "Acuña", "cvegeo_mun": "05002", "nivel_inst": "PROBABLE", "n_clientes": 0, "n_proveedores": 5, "grado_salida_ponderado": 0.0, "grado_entrada_ponderado": 12.935961504013546, "centralidad_intermediacion": 0.0, "pagerank_proveeduria": 0.0007509103741085098}}, {"type": "Feature", "geometry": {"type": "Point", "coordinates": [-106.414429, 31.748203]}, "properties": {"id_unidad": 602, "nombre": "EATON", "codigo_scian": "334410", "tier_red": "2", "oem_grupo": null, "es_planta_ensamble": null, "entidad": "CHIHUAHUA", "municipio": "Juárez", "cvegeo_mun": "08037", "nivel_inst": "SIN_REGISTRO_INST", "n_clientes": 11, "n_proveedores": 0, "grado_salida_ponderado": 55.557659387173615, "grado_entrada_ponderado": 0.0, "centralidad_intermediacion": 0.0, "pagerank_proveeduria": 0.0020652073979744653}}, {"type": "Feature", "geometry": {"type": "Point", "coordinates": [-106.383774, 31.618216]}, "properties": {"id_unidad": 603, "nombre": "EATON", "codigo_scian": "336320", "tier_red": "2", "oem_grupo": null, "es_planta_ensamble": null, "entidad": "CHIHUAHUA", "municipio": "Juárez", "cvegeo_mun": "08037", "nivel_inst": "NUCLEO_CONFIRMADO", "n_clientes": 0, "n_proveedores": 5, "grado_salida_ponderado": 0.0, "grado_entrada_ponderado": 0.3491890329173104, "centralidad_intermediacion": 0.0, "pagerank_proveeduria": 0.0007509103741085098}}, {"type": "Feature", "geometry": {"type": "Point", "coordinates": [-106.384741, 31.595703]}, "properties": {"id_unidad": 605, "nombre": "EATON", "codigo_scian": "336320", "tier_red": "2", "oem_grupo": null, "es_planta_ensamble": null, "entidad": "CHIHUAHUA", "municipio": "Juárez", "cvegeo_mun": "08037", "nivel_inst": "NUCLEO_CONFIRMADO", "n_clientes": 0, "n_proveedores": 5, "grado_salida_ponderado": 0.0, "grado_entrada_ponderado": 58.190626170638346, "centralidad_intermediacion": 0.0, "pagerank_proveeduria": 0.0007509103741085098}}, {"type": "Feature", "geometry": {"type": "Point", "coordinates": [-99.272063, 19.359829]}, "properties": {"id_unidad": 609, "nombre": "EATON", "codigo_scian": "336320", "tier_red": "2", "oem_grupo": null, "es_planta_ensamble": null, "entidad": "CIUDAD DE MÉXICO", "municipio": "Cuajimalpa de Morelos", "cvegeo_mun": "09004", "nivel_inst": "INDETERMINADO", "n_clientes": 0, "n_proveedores": 5, "grado_salida_ponderado": 0.0, "grado_entrada_ponderado": 26.22417472910273, "centralidad_intermediacion": 0.0, "pagerank_proveeduria": 0.0007509103741085098}}, {"type": "Feature", "geometry": {"type": "Point", "coordinates": [-98.200849, 26.0]}, "properties": {"id_unidad": 631, "nombre": "EATON", "codigo_scian": "336320", "tier_red": "1", "oem_grupo": null, "es_planta_ensamble": null, "entidad": "TAMAULIPAS", "municipio": "Reynosa", "cvegeo_mun": "28032", "nivel_inst": "PROBABLE", "n_clientes": 0, "n_proveedores": 5, "grado_salida_ponderado": 0.0, "grado_entrada_ponderado": 3.423199049493087, "centralidad_intermediacion": 0.0, "pagerank_proveeduria": 0.0007509103741085098}}, {"type": "Feature", "geometry": {"type": "Point", "coordinates": [-103.425821, 20.605881]}, "properties": {"id_unidad": 634, "nombre": "ECM DIESEL", "codigo_scian": "336320", "tier_red": "2", "oem_grupo": null, "es_planta_ensamble": null, "entidad": "JALISCO", "municipio": "Zapopan", "cvegeo_mun": "14120", "nivel_inst": "NUCLEO_CONFIRMADO", "n_clientes": 0, "n_proveedores": 5, "grado_salida_ponderado": 0.0, "grado_entrada_ponderado": 3.455498485469814, "centralidad_intermediacion": 0.0, "pagerank_proveeduria": 0.0007509103741085098}}, {"type": "Feature", "geometry": {"type": "Point", "coordinates": [-100.860325, 21.989713]}, "properties": {"id_unidad": 641, "nombre": "EDSCHA", "codigo_scian": "336370", "tier_red": "2", "oem_grupo": null, "es_planta_ensamble": null, "entidad": "SAN LUIS POTOSÍ", "municipio": "Villa de Reyes", "cvegeo_mun": "24050", "nivel_inst": "NUCLEO_CONFIRMADO", "n_clientes": 18, "n_proveedores": 0, "grado_salida_ponderado": 40.598463493109044, "grado_entrada_ponderado": 0.0, "centralidad_intermediacion": 0.0, "pagerank_proveeduria": 0.0028462808688598535}}, {"type": "Feature", "geometry": {"type": "Point", "coordinates": [-103.34544, 20.644035]}, "properties": {"id_unidad": 645, "nombre": "EL BRONCO AUTOPARTES", "codigo_scian": "336370", "tier_red": "2", "oem_grupo": null, "es_planta_ensamble": null, "entidad": "JALISCO", "municipio": "Guadalajara", "cvegeo_mun": "14039", "nivel_inst": "PROBABLE", "n_clientes": 20, "n_proveedores": 0, "grado_salida_ponderado": 107.67058456067087, "grado_entrada_ponderado": 0.0, "centralidad_intermediacion": 0.0, "pagerank_proveeduria": 0.0038022872172585936}}, {"type": "Feature", "geometry": {"type": "Point", "coordinates": [-102.855779, 23.201633]}, "properties": {"id_unidad": 648, "nombre": "ELECTREX INC", "codigo_scian": "336320", "tier_red": "1", "oem_grupo": null, "es_planta_ensamble": null, "entidad": "ZACATECAS", "municipio": "Fresnillo", "cvegeo_mun": "32010", "nivel_inst": "PROBABLE", "n_clientes": 0, "n_proveedores": 5, "grado_salida_ponderado": 0.0, "grado_entrada_ponderado": 4.701422222955318, "centralidad_intermediacion": 0.0, "pagerank_proveeduria": 0.0007509103741085098}}, {"type": "Feature", "geometry": {"type": "Point", "coordinates": [-106.400095, 31.712157]}, "properties": {"id_unidad": 660, "nombre": "ELECTRONICA DALE", "codigo_scian": "334410", "tier_red": "2", "oem_grupo": null, "es_planta_ensamble": null, "entidad": "CHIHUAHUA", "municipio": "Juárez", "cvegeo_mun": "08037", "nivel_inst": "NUCLEO_CONFIRMADO", "n_clientes": 56, "n_proveedores": 0, "grado_salida_ponderado": 254.48900710357384, "grado_entrada_ponderado": 0.0, "centralidad_intermediacion": 0.0, "pagerank_proveeduria": 0.007880258320663138}}, {"type": "Feature", "geometry": {"type": "Point", "coordinates": [-106.393485, 31.623816]}, "properties": {"id_unidad": 661, "nombre": "ELECTRONICA DALE", "codigo_scian": "334410", "tier_red": "2", "oem_grupo": null, "es_planta_ensamble": null, "entidad": "CHIHUAHUA", "municipio": "Juárez", "cvegeo_mun": "08037", "nivel_inst": "NUCLEO_CONFIRMADO", "n_clientes": 53, "n_proveedores": 0, "grado_salida_ponderado": 242.3769592490401, "grado_entrada_ponderado": 0.0, "centralidad_intermediacion": 0.0, "pagerank_proveeduria": 0.007674662857044477}}, {"type": "Feature", "geometry": {"type": "Point", "coordinates": [-100.528536, 28.643076]}, "properties": {"id_unidad": 667, "nombre": "ELEKTROKONTAKT", "codigo_scian": "336320", "tier_red": "1", "oem_grupo": null, "es_planta_ensamble": null, "entidad": "COAHUILA DE ZARAGOZA", "municipio": "Piedras Negras", "cvegeo_mun": "05025", "nivel_inst": "INDETERMINADO", "n_clientes": 0, "n_proveedores": 5, "grado_salida_ponderado": 0.0, "grado_entrada_ponderado": 5.964050450001953, "centralidad_intermediacion": 0.0, "pagerank_proveeduria": 0.0007509103741085098}}, {"type": "Feature", "geometry": {"type": "Point", "coordinates": [-101.148689, 27.881016]}, "properties": {"id_unidad": 668, "nombre": "ELEKTROKONTAKT", "codigo_scian": "336320", "tier_red": "1", "oem_grupo": null, "es_planta_ensamble": null, "entidad": "COAHUILA DE ZARAGOZA", "municipio": "Sabinas", "cvegeo_mun": "05028", "nivel_inst": "INDETERMINADO", "n_clientes": 0, "n_proveedores": 5, "grado_salida_ponderado": 0.0, "grado_entrada_ponderado": 7.175917512353409, "centralidad_intermediacion": 0.0, "pagerank_proveeduria": 0.0007509103741085098}}, {"type": "Feature", "geometry": {"type": "Point", "coordinates": [-100.559122, 28.650713]}, "properties": {"id_unidad": 669, "nombre": "ELEKTROKONTAKT", "codigo_scian": "336320", "tier_red": "1", "oem_grupo": null, "es_planta_ensamble": null, "entidad": "COAHUILA DE ZARAGOZA", "municipio": "Piedras Negras", "cvegeo_mun": "05025", "nivel_inst": "INDETERMINADO", "n_clientes": 0, "n_proveedores": 5, "grado_salida_ponderado": 0.0, "grado_entrada_ponderado": 5.937234180078748, "centralidad_intermediacion": 0.0, "pagerank_proveeduria": 0.0007509103741085098}}, {"type": "Feature", "geometry": {"type": "Point", "coordinates": [-100.622681, 20.900992]}, "properties": {"id_unidad": 670, "nombre": "EMDEP EL BAJIO", "codigo_scian": "336320", "tier_red": "2", "oem_grupo": null, "es_planta_ensamble": null, "entidad": "GUANAJUATO", "municipio": "San Miguel de Allende", "cvegeo_mun": "11003", "nivel_inst": "SIN_REGISTRO_INST", "n_clientes": 0, "n_proveedores": 5, "grado_salida_ponderado": 0.0, "grado_entrada_ponderado": 2.5025895892820693, "centralidad_intermediacion": 0.0, "pagerank_proveeduria": 0.0007509103741085098}}, {"type": "Feature", "geometry": {"type": "Point", "coordinates": [-105.461734, 28.177176]}, "properties": {"id_unidad": 674, "nombre": "EMERSON", "codigo_scian": "334410", "tier_red": "2", "oem_grupo": null, "es_planta_ensamble": null, "entidad": "CHIHUAHUA", "municipio": "Delicias", "cvegeo_mun": "08021", "nivel_inst": "NUCLEO_CONFIRMADO", "n_clientes": 26, "n_proveedores": 0, "grado_salida_ponderado": 164.2087941276825, "grado_entrada_ponderado": 0.0, "centralidad_intermediacion": 0.0, "pagerank_proveeduria": 0.005086882923701246}}, {"type": "Feature", "geometry": {"type": "Point", "coordinates": [-97.431372, 25.839976]}, "properties": {"id_unidad": 680, "nombre": "EMPRESAS IAI", "codigo_scian": "336320", "tier_red": "1", "oem_grupo": null, "es_planta_ensamble": null, "entidad": "TAMAULIPAS", "municipio": "Matamoros", "cvegeo_mun": "28022", "nivel_inst": "SIN_REGISTRO_INST", "n_clientes": 0, "n_proveedores": 5, "grado_salida_ponderado": 0.0, "grado_entrada_ponderado": 5.467439373632692, "centralidad_intermediacion": 0.0, "pagerank_proveeduria": 0.0007509103741085098}}, {"type": "Feature", "geometry": {"type": "Point", "coordinates": [-97.470052, 25.856775]}, "properties": {"id_unidad": 681, "nombre": "EMPRESAS IAI", "codigo_scian": "336320", "tier_red": "1", "oem_grupo": null, "es_planta_ensamble": null, "entidad": "TAMAULIPAS", "municipio": "Matamoros", "cvegeo_mun": "28022", "nivel_inst": "SIN_REGISTRO_INST", "n_clientes": 0, "n_proveedores": 5, "grado_salida_ponderado": 0.0, "grado_entrada_ponderado": 1.9097805415404077, "centralidad_intermediacion": 0.0, "pagerank_proveeduria": 0.0007509103741085098}}, {"type": "Feature", "geometry": {"type": "Point", "coordinates": [-97.435515, 25.842106]}, "properties": {"id_unidad": 682, "nombre": "EMPRESAS IAI", "codigo_scian": "336320", "tier_red": "1", "oem_grupo": null, "es_planta_ensamble": null, "entidad": "TAMAULIPAS", "municipio": "Matamoros", "cvegeo_mun": "28022", "nivel_inst": "SIN_REGISTRO_INST", "n_clientes": 0, "n_proveedores": 5, "grado_salida_ponderado": 0.0, "grado_entrada_ponderado": 1.9131581565359566, "centralidad_intermediacion": 0.0, "pagerank_proveeduria": 0.0007509103741085098}}, {"type": "Feature", "geometry": {"type": "Point", "coordinates": [-97.441808, 25.842481]}, "properties": {"id_unidad": 683, "nombre": "EMPRESAS IAI", "codigo_scian": "336320", "tier_red": "1", "oem_grupo": null, "es_planta_ensamble": null, "entidad": "TAMAULIPAS", "municipio": "Matamoros", "cvegeo_mun": "28022", "nivel_inst": "SIN_REGISTRO_INST", "n_clientes": 0, "n_proveedores": 5, "grado_salida_ponderado": 0.0, "grado_entrada_ponderado": 5.465004896608585, "centralidad_intermediacion": 0.0, "pagerank_proveeduria": 0.0007509103741085098}}, {"type": "Feature", "geometry": {"type": "Point", "coordinates": [-101.761673, 21.10292]}, "properties": {"id_unidad": 699, "nombre": "FABRICA DE AUTOPARTES RONGTAI INDUSTRIAL DEVELOPMENT", "codigo_scian": "336370", "tier_red": "2", "oem_grupo": null, "es_planta_ensamble": null, "entidad": "GUANAJUATO", "municipio": "León", "cvegeo_mun": "11020", "nivel_inst": "SIN_REGISTRO_INST", "n_clientes": 7, "n_proveedores": 0, "grado_salida_ponderado": 42.69548970878243, "grado_entrada_ponderado": 0.0, "centralidad_intermediacion": 0.0, "pagerank_proveeduria": 0.002220818669054776}}, {"type": "Feature", "geometry": {"type": "Point", "coordinates": [-101.665625, 21.087745]}, "properties": {"id_unidad": 714, "nombre": "FAST TURN HARNESS", "codigo_scian": "336320", "tier_red": "1", "oem_grupo": null, "es_planta_ensamble": null, "entidad": "GUANAJUATO", "municipio": "León", "cvegeo_mun": "11020", "nivel_inst": "INDETERMINADO", "n_clientes": 0, "n_proveedores": 5, "grado_salida_ponderado": 0.0, "grado_entrada_ponderado": 24.995018568550854, "centralidad_intermediacion": 0.0, "pagerank_proveeduria": 0.0007509103741085098}}, {"type": "Feature", "geometry": {"type": "Point", "coordinates": [-101.665732, 21.087268]}, "properties": {"id_unidad": 715, "nombre": "FAST TURN HARNESS", "codigo_scian": "336320", "tier_red": "1", "oem_grupo": null, "es_planta_ensamble": null, "entidad": "GUANAJUATO", "municipio": "León", "cvegeo_mun": "11020", "nivel_inst": "INDETERMINADO", "n_clientes": 0, "n_proveedores": 5, "grado_salida_ponderado": 0.0, "grado_entrada_ponderado": 24.999387493539466, "centralidad_intermediacion": 0.0, "pagerank_proveeduria": 0.0007509103741085098}}, {"type": "Feature", "geometry": {"type": "Point", "coordinates": [-98.594278, 19.758197]}, "properties": {"id_unidad": 716, "nombre": "FAW CAR", "codigo_scian": "336110", "tier_red": "0", "oem_grupo": "JAC", "es_planta_ensamble": true, "entidad": "HIDALGO", "municipio": "Tepeapulco", "cvegeo_mun": "13061", "nivel_inst": "INDETERMINADO", "n_clientes": 0, "n_proveedores": 5, "grado_salida_ponderado": 0.0, "grado_entrada_ponderado": 1.2740973443968835, "centralidad_intermediacion": 0.0, "pagerank_proveeduria": 0.0007509103741085098}}, {"type": "Feature", "geometry": {"type": "Point", "coordinates": [-106.464809, 31.715395]}, "properties": {"id_unidad": 718, "nombre": "FEDERAL MOGUL", "codigo_scian": "336320", "tier_red": "1", "oem_grupo": null, "es_planta_ensamble": null, "entidad": "CHIHUAHUA", "municipio": "Juárez", "cvegeo_mun": "08037", "nivel_inst": "NUCLEO_CONFIRMADO", "n_clientes": 0, "n_proveedores": 5, "grado_salida_ponderado": 0.0, "grado_entrada_ponderado": 30.10213906676445, "centralidad_intermediacion": 0.0, "pagerank_proveeduria": 0.0007509103741085098}}, {"type": "Feature", "geometry": {"type": "Point", "coordinates": [-99.172673, 19.506737]}, "properties": {"id_unidad": 719, "nombre": "FEDERAL MOGUL", "codigo_scian": "336320", "tier_red": "2", "oem_grupo": null, "es_planta_ensamble": null, "entidad": "CIUDAD DE MÉXICO", "municipio": "Azcapotzalco", "cvegeo_mun": "09002", "nivel_inst": "NUCLEO_CONFIRMADO", "n_clientes": 0, "n_proveedores": 5, "grado_salida_ponderado": 0.0, "grado_entrada_ponderado": 45.01565693544553, "centralidad_intermediacion": 0.0, "pagerank_proveeduria": 0.0007509103741085098}}, {"type": "Feature", "geometry": {"type": "Point", "coordinates": [-106.430326, 31.752824]}, "properties": {"id_unidad": 727, "nombre": "FLEXTRONICS", "codigo_scian": "336320", "tier_red": "1", "oem_grupo": null, "es_planta_ensamble": null, "entidad": "CHIHUAHUA", "municipio": "Juárez", "cvegeo_mun": "08037", "nivel_inst": "INDETERMINADO", "n_clientes": 0, "n_proveedores": 5, "grado_salida_ponderado": 0.0, "grado_entrada_ponderado": 18.413270689907414, "centralidad_intermediacion": 0.0, "pagerank_proveeduria": 0.0007509103741085098}}, {"type": "Feature", "geometry": {"type": "Point", "coordinates": [-103.448146, 20.741796]}, "properties": {"id_unidad": 729, "nombre": "FLEXTRONICS", "codigo_scian": "334410", "tier_red": "3", "oem_grupo": null, "es_planta_ensamble": null, "entidad": "JALISCO", "municipio": "Zapopan", "cvegeo_mun": "14120", "nivel_inst": "INDETERMINADO", "n_clientes": 41, "n_proveedores": 0, "grado_salida_ponderado": 110.99118217984514, "grado_entrada_ponderado": 0.0, "centralidad_intermediacion": 0.0, "pagerank_proveeduria": 0.005208996269590105}}, {"type": "Feature", "geometry": {"type": "Point", "coordinates": [-103.452892, 20.574882]}, "properties": {"id_unidad": 733, "nombre": "FLEXTRONICS", "codigo_scian": "336320", "tier_red": "1", "oem_grupo": null, "es_planta_ensamble": null, "entidad": "JALISCO", "municipio": "Tlajomulco de Zúñiga", "cvegeo_mun": "14097", "nivel_inst": "INDETERMINADO", "n_clientes": 0, "n_proveedores": 5, "grado_salida_ponderado": 0.0, "grado_entrada_ponderado": 5.662597127813134, "centralidad_intermediacion": 0.0, "pagerank_proveeduria": 0.0007509103741085098}}, {"type": "Feature", "geometry": {"type": "Point", "coordinates": [-103.45249, 20.5755]}, "properties": {"id_unidad": 735, "nombre": "FLEXTRONICS", "codigo_scian": "334410", "tier_red": "2", "oem_grupo": null, "es_planta_ensamble": null, "entidad": "JALISCO", "municipio": "Tlajomulco de Zúñiga", "cvegeo_mun": "14097", "nivel_inst": "NUCLEO_CONFIRMADO", "n_clientes": 84, "n_proveedores": 0, "grado_salida_ponderado": 181.99988906453922, "grado_entrada_ponderado": 0.0, "centralidad_intermediacion": 0.0, "pagerank_proveeduria": 0.011322083599419447}}, {"type": "Feature", "geometry": {"type": "Point", "coordinates": [-103.448411, 20.581728]}, "properties": {"id_unidad": 736, "nombre": "FLEXTRONICS", "codigo_scian": "334410", "tier_red": "2", "oem_grupo": null, "es_planta_ensamble": null, "entidad": "JALISCO", "municipio": "Tlajomulco de Zúñiga", "cvegeo_mun": "14097", "nivel_inst": "NUCLEO_CONFIRMADO", "n_clientes": 81, "n_proveedores": 0, "grado_salida_ponderado": 179.4990015186213, "grado_entrada_ponderado": 0.0, "centralidad_intermediacion": 0.0, "pagerank_proveeduria": 0.01089439488492739}}, {"type": "Feature", "geometry": {"type": "Point", "coordinates": [-99.195761, 19.646411]}, "properties": {"id_unidad": 743, "nombre": "FORD MOTOR COMPANY", "codigo_scian": "336110", "tier_red": "0", "oem_grupo": "Ford", "es_planta_ensamble": true, "entidad": "MÉXICO", "municipio": "Cuautitlán Izcalli", "cvegeo_mun": "15121", "nivel_inst": "PROBABLE", "n_clientes": 0, "n_proveedores": 5, "grado_salida_ponderado": 0.0, "grado_entrada_ponderado": 3.985820079841464, "centralidad_intermediacion": 0.0, "pagerank_proveeduria": 0.0007509103741085098}}, {"type": "Feature", "geometry": {"type": "Point", "coordinates": [-110.91995, 29.011117]}, "properties": {"id_unidad": 744, "nombre": "FORD MOTOR COMPANY", "codigo_scian": "336110", "tier_red": "0", "oem_grupo": "Ford", "es_planta_ensamble": true, "entidad": "SONORA", "municipio": "Hermosillo", "cvegeo_mun": "26030", "nivel_inst": "SIN_REGISTRO_INST", "n_clientes": 0, "n_proveedores": 5, "grado_salida_ponderado": 0.0, "grado_entrada_ponderado": 9.238500070707092, "centralidad_intermediacion": 0.0, "pagerank_proveeduria": 0.0007509103741085098}}, {"type": "Feature", "geometry": {"type": "Point", "coordinates": [-101.450842, 20.567006]}, "properties": {"id_unidad": 746, "nombre": "FORVIA", "codigo_scian": "336320", "tier_red": "1", "oem_grupo": null, "es_planta_ensamble": null, "entidad": "GUANAJUATO", "municipio": "Irapuato", "cvegeo_mun": "11017", "nivel_inst": "NUCLEO_CONFIRMADO", "n_clientes": 0, "n_proveedores": 5, "grado_salida_ponderado": 0.0, "grado_entrada_ponderado": 2.034269970087933, "centralidad_intermediacion": 0.0, "pagerank_proveeduria": 0.0007509103741085098}}, {"type": "Feature", "geometry": {"type": "Point", "coordinates": [-100.571959, 20.551766]}, "properties": {"id_unidad": 747, "nombre": "FORVIA", "codigo_scian": "336320", "tier_red": "1", "oem_grupo": null, "es_planta_ensamble": null, "entidad": "GUANAJUATO", "municipio": "Apaseo el Grande", "cvegeo_mun": "11005", "nivel_inst": "NUCLEO_CONFIRMADO", "n_clientes": 3, "n_proveedores": 5, "grado_salida_ponderado": 1.3305094284670822, "grado_entrada_ponderado": 39.14216425969158, "centralidad_intermediacion": 5.187080710975863e-06, "pagerank_proveeduria": 0.0010428257138674567}}, {"type": "Feature", "geometry": {"type": "Point", "coordinates": [-100.476716, 21.058015]}, "properties": {"id_unidad": 748, "nombre": "FORVIA", "codigo_scian": "336320", "tier_red": "1", "oem_grupo": null, "es_planta_ensamble": null, "entidad": "GUANAJUATO", "municipio": "San José Iturbide", "cvegeo_mun": "11032", "nivel_inst": "NUCLEO_CONFIRMADO", "n_clientes": 0, "n_proveedores": 5, "grado_salida_ponderado": 0.0, "grado_entrada_ponderado": 6.714208196119604, "centralidad_intermediacion": 0.0, "pagerank_proveeduria": 0.0007509103741085098}}, {"type": "Feature", "geometry": {"type": "Point", "coordinates": [-101.44974, 20.567423]}, "properties": {"id_unidad": 749, "nombre": "FORVIA", "codigo_scian": "336320", "tier_red": "1", "oem_grupo": null, "es_planta_ensamble": null, "entidad": "GUANAJUATO", "municipio": "Irapuato", "cvegeo_mun": "11017", "nivel_inst": "NUCLEO_CONFIRMADO", "n_clientes": 0, "n_proveedores": 5, "grado_salida_ponderado": 0.0, "grado_entrada_ponderado": 25.407010707029983, "centralidad_intermediacion": 0.0, "pagerank_proveeduria": 0.0007509103741085098}}, {"type": "Feature", "geometry": {"type": "Point", "coordinates": [-103.284656, 20.502195]}, "properties": {"id_unidad": 750, "nombre": "FORVIA", "codigo_scian": "336320", "tier_red": "1", "oem_grupo": null, "es_planta_ensamble": null, "entidad": "JALISCO", "municipio": "Tlajomulco de Zúñiga", "cvegeo_mun": "14097", "nivel_inst": "NUCLEO_CONFIRMADO", "n_clientes": 0, "n_proveedores": 5, "grado_salida_ponderado": 0.0, "grado_entrada_ponderado": 19.319196884748425, "centralidad_intermediacion": 0.0, "pagerank_proveeduria": 0.0007509103741085098}}, {"type": "Feature", "geometry": {"type": "Point", "coordinates": [-103.404641, 20.608078]}, "properties": {"id_unidad": 751, "nombre": "FORVIA", "codigo_scian": "336320", "tier_red": "1", "oem_grupo": null, "es_planta_ensamble": null, "entidad": "JALISCO", "municipio": "San Pedro Tlaquepaque", "cvegeo_mun": "14098", "nivel_inst": "NUCLEO_CONFIRMADO", "n_clientes": 0, "n_proveedores": 5, "grado_salida_ponderado": 0.0, "grado_entrada_ponderado": 20.488957620732354, "centralidad_intermediacion": 0.0, "pagerank_proveeduria": 0.0007509103741085098}}, {"type": "Feature", "geometry": {"type": "Point", "coordinates": [-103.4042, 20.607971]}, "properties": {"id_unidad": 752, "nombre": "FORVIA", "codigo_scian": "336320", "tier_red": "1", "oem_grupo": null, "es_planta_ensamble": null, "entidad": "JALISCO", "municipio": "San Pedro Tlaquepaque", "cvegeo_mun": "14098", "nivel_inst": "NUCLEO_CONFIRMADO", "n_clientes": 1, "n_proveedores": 5, "grado_salida_ponderado": 3.809007750869477, "grado_entrada_ponderado": 58.50369125471944, "centralidad_intermediacion": 1.729026903658621e-06, "pagerank_proveeduria": 0.0008871123658050316}}, {"type": "Feature", "geometry": {"type": "Point", "coordinates": [-103.284733, 20.502179]}, "properties": {"id_unidad": 753, "nombre": "FORVIA", "codigo_scian": "336320", "tier_red": "1", "oem_grupo": null, "es_planta_ensamble": null, "entidad": "JALISCO", "municipio": "Tlajomulco de Zúñiga", "cvegeo_mun": "14097", "nivel_inst": "NUCLEO_CONFIRMADO", "n_clientes": 0, "n_proveedores": 5, "grado_salida_ponderado": 0.0, "grado_entrada_ponderado": 8.27982932103934, "centralidad_intermediacion": 0.0, "pagerank_proveeduria": 0.0007509103741085098}}, {"type": "Feature", "geometry": {"type": "Point", "coordinates": [-103.242233, 20.518796]}, "properties": {"id_unidad": 754, "nombre": "FORVIA", "codigo_scian": "336320", "tier_red": "1", "oem_grupo": null, "es_planta_ensamble": null, "entidad": "JALISCO", "municipio": "El Salto", "cvegeo_mun": "14070", "nivel_inst": "NUCLEO_CONFIRMADO", "n_clientes": 1, "n_proveedores": 5, "grado_salida_ponderado": 2.844524737616443, "grado_entrada_ponderado": 53.680643316983264, "centralidad_intermediacion": 1.729026903658621e-06, "pagerank_proveeduria": 0.0008526245107113947}}, {"type": "Feature", "geometry": {"type": "Point", "coordinates": [-103.363082, 20.577751]}, "properties": {"id_unidad": 755, "nombre": "FORVIA", "codigo_scian": "336320", "tier_red": "1", "oem_grupo": null, "es_planta_ensamble": null, "entidad": "JALISCO", "municipio": "San Pedro Tlaquepaque", "cvegeo_mun": "14098", "nivel_inst": "NUCLEO_CONFIRMADO", "n_clientes": 0, "n_proveedores": 5, "grado_salida_ponderado": 0.0, "grado_entrada_ponderado": 20.222457638573598, "centralidad_intermediacion": 0.0, "pagerank_proveeduria": 0.0007509103741085098}}, {"type": "Feature", "geometry": {"type": "Point", "coordinates": [-103.242252, 20.51882]}, "properties": {"id_unidad": 756, "nombre": "FORVIA", "codigo_scian": "336320", "tier_red": "1", "oem_grupo": null, "es_planta_ensamble": null, "entidad": "JALISCO", "municipio": "El Salto", "cvegeo_mun": "14070", "nivel_inst": "NUCLEO_CONFIRMADO", "n_clientes": 0, "n_proveedores": 5, "grado_salida_ponderado": 0.0, "grado_entrada_ponderado": 18.7881216684797, "centralidad_intermediacion": 0.0, "pagerank_proveeduria": 0.0007509103741085098}}, {"type": "Feature", "geometry": {"type": "Point", "coordinates": [-103.401904, 20.60714]}, "properties": {"id_unidad": 757, "nombre": "FORVIA", "codigo_scian": "336320", "tier_red": "1", "oem_grupo": null, "es_planta_ensamble": null, "entidad": "JALISCO", "municipio": "San Pedro Tlaquepaque", "cvegeo_mun": "14098", "nivel_inst": "NUCLEO_CONFIRMADO", "n_clientes": 0, "n_proveedores": 5, "grado_salida_ponderado": 0.0, "grado_entrada_ponderado": 20.456652554440918, "centralidad_intermediacion": 0.0, "pagerank_proveeduria": 0.0007509103741085098}}, {"type": "Feature", "geometry": {"type": "Point", "coordinates": [-99.206584, 19.594109]}, "properties": {"id_unidad": 758, "nombre": "FORVIA", "codigo_scian": "336320", "tier_red": "1", "oem_grupo": null, "es_planta_ensamble": null, "entidad": "MÉXICO", "municipio": "Cuautitlán Izcalli", "cvegeo_mun": "15121", "nivel_inst": "NUCLEO_CONFIRMADO", "n_clientes": 0, "n_proveedores": 5, "grado_salida_ponderado": 0.0, "grado_entrada_ponderado": 3.9241035512254485, "centralidad_intermediacion": 0.0, "pagerank_proveeduria": 0.0007509103741085098}}, {"type": "Feature", "geometry": {"type": "Point", "coordinates": [-100.979512, 25.517195]}, "properties": {"id_unidad": 760, "nombre": "FORVIA", "codigo_scian": "336360", "tier_red": "1", "oem_grupo": null, "es_planta_ensamble": null, "entidad": "COAHUILA DE ZARAGOZA", "municipio": "Ramos Arizpe", "cvegeo_mun": "05027", "nivel_inst": "INDETERMINADO", "n_clientes": 0, "n_proveedores": 5, "grado_salida_ponderado": 0.0, "grado_entrada_ponderado": 3.0345298043176965, "centralidad_intermediacion": 0.0, "pagerank_proveeduria": 0.0007509103741085098}}, {"type": "Feature", "geometry": {"type": "Point", "coordinates": [-100.132042, 25.724646]}, "properties": {"id_unidad": 763, "nombre": "FORVIA", "codigo_scian": "336360", "tier_red": "2", "oem_grupo": null, "es_planta_ensamble": null, "entidad": "NUEVO LEÓN", "municipio": "Apodaca", "cvegeo_mun": "19006", "nivel_inst": "NUCLEO_CONFIRMADO", "n_clientes": 0, "n_proveedores": 5, "grado_salida_ponderado": 0.0, "grado_entrada_ponderado": 15.367821834139237, "centralidad_intermediacion": 0.0, "pagerank_proveeduria": 0.0007509103741085098}}, {"type": "Feature", "geometry": {"type": "Point", "coordinates": [-100.132041, 25.724636]}, "properties": {"id_unidad": 764, "nombre": "FORVIA", "codigo_scian": "336360", "tier_red": "2", "oem_grupo": null, "es_planta_ensamble": null, "entidad": "NUEVO LEÓN", "municipio": "Apodaca", "cvegeo_mun": "19006", "nivel_inst": "NUCLEO_CONFIRMADO", "n_clientes": 0, "n_proveedores": 5, "grado_salida_ponderado": 0.0, "grado_entrada_ponderado": 5.378606689849199, "centralidad_intermediacion": 0.0, "pagerank_proveeduria": 0.0007509103741085098}}, {"type": "Feature", "geometry": {"type": "Point", "coordinates": [-98.246108, 19.112104]}, "properties": {"id_unidad": 765, "nombre": "FORVIA", "codigo_scian": "336360", "tier_red": "1", "oem_grupo": null, "es_planta_ensamble": null, "entidad": "PUEBLA", "municipio": "Cuautlancingo", "cvegeo_mun": "21041", "nivel_inst": "NUCLEO_CONFIRMADO", "n_clientes": 0, "n_proveedores": 5, "grado_salida_ponderado": 0.0, "grado_entrada_ponderado": 2.5122641360845828, "centralidad_intermediacion": 0.0, "pagerank_proveeduria": 0.0007509103741085098}}, {"type": "Feature", "geometry": {"type": "Point", "coordinates": [-98.245928, 19.111925]}, "properties": {"id_unidad": 767, "nombre": "FORVIA", "codigo_scian": "336360", "tier_red": "1", "oem_grupo": null, "es_planta_ensamble": null, "entidad": "PUEBLA", "municipio": "Cuautlancingo", "cvegeo_mun": "21041", "nivel_inst": "NUCLEO_CONFIRMADO", "n_clientes": 4, "n_proveedores": 5, "grado_salida_ponderado": 0.35808089433790014, "grado_entrada_ponderado": 7.177656270673713, "centralidad_intermediacion": 8.645134518293105e-06, "pagerank_proveeduria": 0.0012830995119651133}}, {"type": "Feature", "geometry": {"type": "Point", "coordinates": [-98.381996, 19.16181]}, "properties": {"id_unidad": 768, "nombre": "FORVIA", "codigo_scian": "336360", "tier_red": "1", "oem_grupo": null, "es_planta_ensamble": null, "entidad": "PUEBLA", "municipio": "Huejotzingo", "cvegeo_mun": "21074", "nivel_inst": "NUCLEO_CONFIRMADO", "n_clientes": 9, "n_proveedores": 5, "grado_salida_ponderado": 3.4500029591462478, "grado_entrada_ponderado": 7.333254538794458, "centralidad_intermediacion": 5.532886091707587e-05, "pagerank_proveeduria": 0.0018340880962631025}}, {"type": "Feature", "geometry": {"type": "Point", "coordinates": [-98.245852, 19.111681]}, "properties": {"id_unidad": 769, "nombre": "FORVIA", "codigo_scian": "336360", "tier_red": "1", "oem_grupo": null, "es_planta_ensamble": null, "entidad": "PUEBLA", "municipio": "Cuautlancingo", "cvegeo_mun": "21041", "nivel_inst": "NUCLEO_CONFIRMADO", "n_clientes": 7, "n_proveedores": 5, "grado_salida_ponderado": 0.8783986925801215, "grado_entrada_ponderado": 7.177492631305199, "centralidad_intermediacion": 0.0, "pagerank_proveeduria": 0.0016540107079058592}}, {"type": "Feature", "geometry": {"type": "Point", "coordinates": [-98.381681, 19.161835]}, "properties": {"id_unidad": 770, "nombre": "FORVIA", "codigo_scian": "336360", "tier_red": "1", "oem_grupo": null, "es_planta_ensamble": null, "entidad": "PUEBLA", "municipio": "Huejotzingo", "cvegeo_mun": "21074", "nivel_inst": "NUCLEO_CONFIRMADO", "n_clientes": 7, "n_proveedores": 5, "grado_salida_ponderado": 2.1975544161128586, "grado_entrada_ponderado": 7.332942669793834, "centralidad_intermediacion": 0.0, "pagerank_proveeduria": 0.001647007341341617}}, {"type": "Feature", "geometry": {"type": "Point", "coordinates": [-100.426413, 20.632099]}, "properties": {"id_unidad": 772, "nombre": "FORVIA", "codigo_scian": "336360", "tier_red": "2", "oem_grupo": null, "es_planta_ensamble": null, "entidad": "QUERÉTARO", "municipio": "Querétaro", "cvegeo_mun": "22014", "nivel_inst": "NUCLEO_CONFIRMADO", "n_clientes": 0, "n_proveedores": 5, "grado_salida_ponderado": 0.0, "grado_entrada_ponderado": 6.289648116790998, "centralidad_intermediacion": 0.0, "pagerank_proveeduria": 0.0007509103741085098}}, {"type": "Feature", "geometry": {"type": "Point", "coordinates": [-100.88941, 22.030937]}, "properties": {"id_unidad": 773, "nombre": "FORVIA", "codigo_scian": "336360", "tier_red": "1", "oem_grupo": null, "es_planta_ensamble": null, "entidad": "SAN LUIS POTOSÍ", "municipio": "San Luis Potosí", "cvegeo_mun": "24028", "nivel_inst": "PROBABLE", "n_clientes": 0, "n_proveedores": 5, "grado_salida_ponderado": 0.0, "grado_entrada_ponderado": 8.267445253140147, "centralidad_intermediacion": 0.0, "pagerank_proveeduria": 0.0007509103741085098}}, {"type": "Feature", "geometry": {"type": "Point", "coordinates": [-100.871397, 21.978652]}, "properties": {"id_unidad": 774, "nombre": "FORVIA", "codigo_scian": "336360", "tier_red": "1", "oem_grupo": null, "es_planta_ensamble": null, "entidad": "SAN LUIS POTOSÍ", "municipio": "Villa de Reyes", "cvegeo_mun": "24050", "nivel_inst": "PROBABLE", "n_clientes": 2, "n_proveedores": 5, "grado_salida_ponderado": 3.1339432265180123, "grado_entrada_ponderado": 8.351987340731085, "centralidad_intermediacion": 0.0, "pagerank_proveeduria": 0.0010107666160725636}}, {"type": "Feature", "geometry": {"type": "Point", "coordinates": [-100.889409, 22.030924]}, "properties": {"id_unidad": 775, "nombre": "FORVIA", "codigo_scian": "336360", "tier_red": "1", "oem_grupo": null, "es_planta_ensamble": null, "entidad": "SAN LUIS POTOSÍ", "municipio": "San Luis Potosí", "cvegeo_mun": "24028", "nivel_inst": "PROBABLE", "n_clientes": 1, "n_proveedores": 5, "grado_salida_ponderado": 2.2040534917439265, "grado_entrada_ponderado": 8.267473266383705, "centralidad_intermediacion": 0.0, "pagerank_proveeduria": 0.0008641072008311267}}, {"type": "Feature", "geometry": {"type": "Point", "coordinates": [-103.453759, 20.694141]}, "properties": {"id_unidad": 778, "nombre": "FOTON", "codigo_scian": "336120", "tier_red": "0", "oem_grupo": null, "es_planta_ensamble": false, "entidad": "JALISCO", "municipio": "Zapopan", "cvegeo_mun": "14120", "nivel_inst": "NUCLEO_CONFIRMADO", "n_clientes": 0, "n_proveedores": 5, "grado_salida_ponderado": 0.0, "grado_entrada_ponderado": 17.8363807519297, "centralidad_intermediacion": 0.0, "pagerank_proveeduria": 0.0007509103741085098}}, {"type": "Feature", "geometry": {"type": "Point", "coordinates": [-101.493441, 27.874098]}, "properties": {"id_unidad": 789, "nombre": "FUJIKURA", "codigo_scian": "336320", "tier_red": "1", "oem_grupo": null, "es_planta_ensamble": null, "entidad": "COAHUILA DE ZARAGOZA", "municipio": "Múzquiz", "cvegeo_mun": "05020", "nivel_inst": "NUCLEO_CONFIRMADO", "n_clientes": 0, "n_proveedores": 5, "grado_salida_ponderado": 0.0, "grado_entrada_ponderado": 10.149695072050719, "centralidad_intermediacion": 0.0, "pagerank_proveeduria": 0.0007509103741085098}}, {"type": "Feature", "geometry": {"type": "Point", "coordinates": [-100.552489, 28.677467]}, "properties": {"id_unidad": 790, "nombre": "FUJIKURA", "codigo_scian": "336320", "tier_red": "1", "oem_grupo": null, "es_planta_ensamble": null, "entidad": "COAHUILA DE ZARAGOZA", "municipio": "Piedras Negras", "cvegeo_mun": "05025", "nivel_inst": "NUCLEO_CONFIRMADO", "n_clientes": 0, "n_proveedores": 5, "grado_salida_ponderado": 0.0, "grado_entrada_ponderado": 8.844472945690343, "centralidad_intermediacion": 0.0, "pagerank_proveeduria": 0.0007509103741085098}}, {"type": "Feature", "geometry": {"type": "Point", "coordinates": [-100.554626, 28.683779]}, "properties": {"id_unidad": 791, "nombre": "FUJIKURA", "codigo_scian": "336320", "tier_red": "1", "oem_grupo": null, "es_planta_ensamble": null, "entidad": "COAHUILA DE ZARAGOZA", "municipio": "Piedras Negras", "cvegeo_mun": "05025", "nivel_inst": "NUCLEO_CONFIRMADO", "n_clientes": 0, "n_proveedores": 5, "grado_salida_ponderado": 0.0, "grado_entrada_ponderado": 8.827393819722337, "centralidad_intermediacion": 0.0, "pagerank_proveeduria": 0.0007509103741085098}}, {"type": "Feature", "geometry": {"type": "Point", "coordinates": [-101.121201, 20.542102]}, "properties": {"id_unidad": 793, "nombre": "FUJIKURA", "codigo_scian": "336320", "tier_red": "2", "oem_grupo": null, "es_planta_ensamble": null, "entidad": "GUANAJUATO", "municipio": "Salamanca", "cvegeo_mun": "11027", "nivel_inst": "NUCLEO_CONFIRMADO", "n_clientes": 0, "n_proveedores": 5, "grado_salida_ponderado": 0.0, "grado_entrada_ponderado": 0.295067186830661, "centralidad_intermediacion": 0.0, "pagerank_proveeduria": 0.0007509103741085098}}, {"type": "Feature", "geometry": {"type": "Point", "coordinates": [-101.122307, 20.542503]}, "properties": {"id_unidad": 794, "nombre": "FUJIKURA", "codigo_scian": "336320", "tier_red": "2", "oem_grupo": null, "es_planta_ensamble": null, "entidad": "GUANAJUATO", "municipio": "Salamanca", "cvegeo_mun": "11027", "nivel_inst": "NUCLEO_CONFIRMADO", "n_clientes": 0, "n_proveedores": 5, "grado_salida_ponderado": 0.0, "grado_entrada_ponderado": 49.16721694937842, "centralidad_intermediacion": 0.0, "pagerank_proveeduria": 0.0007509103741085098}}, {"type": "Feature", "geometry": {"type": "Point", "coordinates": [-98.148824, 19.112133]}, "properties": {"id_unidad": 796, "nombre": "FUJIKURA", "codigo_scian": "336320", "tier_red": "1", "oem_grupo": null, "es_planta_ensamble": null, "entidad": "PUEBLA", "municipio": "Puebla", "cvegeo_mun": "21114", "nivel_inst": "NUCLEO_CONFIRMADO", "n_clientes": 0, "n_proveedores": 5, "grado_salida_ponderado": 0.0, "grado_entrada_ponderado": 0.38507227389426557, "centralidad_intermediacion": 0.0, "pagerank_proveeduria": 0.0007509103741085098}}, {"type": "Feature", "geometry": {"type": "Point", "coordinates": [-98.147923, 19.111706]}, "properties": {"id_unidad": 797, "nombre": "FUJIKURA", "codigo_scian": "336320", "tier_red": "1", "oem_grupo": null, "es_planta_ensamble": null, "entidad": "PUEBLA", "municipio": "Puebla", "cvegeo_mun": "21114", "nivel_inst": "NUCLEO_CONFIRMADO", "n_clientes": 0, "n_proveedores": 5, "grado_salida_ponderado": 0.0, "grado_entrada_ponderado": 22.494850303378172, "centralidad_intermediacion": 0.0, "pagerank_proveeduria": 0.0007509103741085098}}, {"type": "Feature", "geometry": {"type": "Point", "coordinates": [-101.124, 20.543118]}, "properties": {"id_unidad": 798, "nombre": "FUJIKURA", "codigo_scian": "336320", "tier_red": "1", "oem_grupo": null, "es_planta_ensamble": null, "entidad": "GUANAJUATO", "municipio": "Salamanca", "cvegeo_mun": "11027", "nivel_inst": "INDETERMINADO", "n_clientes": 0, "n_proveedores": 5, "grado_salida_ponderado": 0.0, "grado_entrada_ponderado": 7.42179326605698, "centralidad_intermediacion": 0.0, "pagerank_proveeduria": 0.0007509103741085098}}, {"type": "Feature", "geometry": {"type": "Point", "coordinates": [-115.399518, 32.665561]}, "properties": {"id_unidad": 801, "nombre": "FURUKAWA", "codigo_scian": "336320", "tier_red": "1", "oem_grupo": null, "es_planta_ensamble": null, "entidad": "BAJA CALIFORNIA", "municipio": "Mexicali", "cvegeo_mun": "02002", "nivel_inst": "NUCLEO_CONFIRMADO", "n_clientes": 2, "n_proveedores": 5, "grado_salida_ponderado": 3.378962583430416, "grado_entrada_ponderado": 57.61009483342479, "centralidad_intermediacion": 0.0, "pagerank_proveeduria": 0.0009141497001178522}}, {"type": "Feature", "geometry": {"type": "Point", "coordinates": [-101.203227, 20.435434]}, "properties": {"id_unidad": 802, "nombre": "FURUKAWA", "codigo_scian": "336320", "tier_red": "1", "oem_grupo": null, "es_planta_ensamble": null, "entidad": "GUANAJUATO", "municipio": "Valle de Santiago", "cvegeo_mun": "11042", "nivel_inst": "NUCLEO_CONFIRMADO", "n_clientes": 0, "n_proveedores": 5, "grado_salida_ponderado": 0.0, "grado_entrada_ponderado": 25.584227726164677, "centralidad_intermediacion": 0.0, "pagerank_proveeduria": 0.0007509103741085098}}, {"type": "Feature", "geometry": {"type": "Point", "coordinates": [-100.952629, 21.143971]}, "properties": {"id_unidad": 805, "nombre": "G S W DE GUANAJUATO", "codigo_scian": "336320", "tier_red": "1", "oem_grupo": null, "es_planta_ensamble": null, "entidad": "GUANAJUATO", "municipio": "Dolores Hidalgo Cuna de la Independencia Nacional", "cvegeo_mun": "11014", "nivel_inst": "NUCLEO_CONFIRMADO", "n_clientes": 0, "n_proveedores": 5, "grado_salida_ponderado": 0.0, "grado_entrada_ponderado": 18.333531099669433, "centralidad_intermediacion": 0.0, "pagerank_proveeduria": 0.0007509103741085098}}, {"type": "Feature", "geometry": {"type": "Point", "coordinates": [-99.153986, 18.623346]}, "properties": {"id_unidad": 814, "nombre": "GEMA CONDUCTORES ELECTRICOS DE MORELOS", "codigo_scian": "336320", "tier_red": "1", "oem_grupo": null, "es_planta_ensamble": null, "entidad": "MORELOS", "municipio": "Tlaquiltenango", "cvegeo_mun": "17025", "nivel_inst": "SIN_REGISTRO_INST", "n_clientes": 0, "n_proveedores": 5, "grado_salida_ponderado": 0.0, "grado_entrada_ponderado": 1.0239834383984336, "centralidad_intermediacion": 0.0, "pagerank_proveeduria": 0.0007509103741085098}}, {"type": "Feature", "geometry": {"type": "Point", "coordinates": [-100.555265, 28.687579]}, "properties": {"id_unidad": 815, "nombre": "GENERAL DE CABLE DE MEXICO DEL NORTE", "codigo_scian": "336320", "tier_red": "1", "oem_grupo": null, "es_planta_ensamble": null, "entidad": "COAHUILA DE ZARAGOZA", "municipio": "Piedras Negras", "cvegeo_mun": "05025", "nivel_inst": "INDETERMINADO", "n_clientes": 0, "n_proveedores": 5, "grado_salida_ponderado": 0.0, "grado_entrada_ponderado": 1.8002552421693616, "centralidad_intermediacion": 0.0, "pagerank_proveeduria": 0.0007509103741085098}}, {"type": "Feature", "geometry": {"type": "Point", "coordinates": [-99.204115, 19.438625]}, "properties": {"id_unidad": 817, "nombre": "GENERAL MOTORS", "codigo_scian": "336110", "tier_red": "0", "oem_grupo": "General Motors", "es_planta_ensamble": false, "entidad": "CIUDAD DE MÉXICO", "municipio": "Miguel Hidalgo", "cvegeo_mun": "09016", "nivel_inst": "NUCLEO_CONFIRMADO", "n_clientes": 0, "n_proveedores": 5, "grado_salida_ponderado": 0.0, "grado_entrada_ponderado": 4.473878078068574, "centralidad_intermediacion": 0.0, "pagerank_proveeduria": 0.0007509103741085098}}, {"type": "Feature", "geometry": {"type": "Point", "coordinates": [-101.390304, 20.950497]}, "properties": {"id_unidad": 818, "nombre": "GENERAL MOTORS", "codigo_scian": "336110", "tier_red": "0", "oem_grupo": "General Motors", "es_planta_ensamble": true, "entidad": "GUANAJUATO", "municipio": "Silao de la Victoria", "cvegeo_mun": "11037", "nivel_inst": "NUCLEO_CONFIRMADO", "n_clientes": 0, "n_proveedores": 5, "grado_salida_ponderado": 0.0, "grado_entrada_ponderado": 13.23365304474135, "centralidad_intermediacion": 0.0, "pagerank_proveeduria": 0.0007509103741085098}}, {"type": "Feature", "geometry": {"type": "Point", "coordinates": [-100.216332, 20.607703]}, "properties": {"id_unidad": 820, "nombre": "GENERAL MOTORS", "codigo_scian": "336110", "tier_red": "0", "oem_grupo": "General Motors", "es_planta_ensamble": false, "entidad": "QUERÉTARO", "municipio": "El Marqués", "cvegeo_mun": "22011", "nivel_inst": "NUCLEO_CONFIRMADO", "n_clientes": 0, "n_proveedores": 5, "grado_salida_ponderado": 0.0, "grado_entrada_ponderado": 1.9564077742837112, "centralidad_intermediacion": 0.0, "pagerank_proveeduria": 0.0007509103741085098}}, {"type": "Feature", "geometry": {"type": "Point", "coordinates": [-100.876183, 21.986665]}, "properties": {"id_unidad": 821, "nombre": "GENERAL MOTORS", "codigo_scian": "336110", "tier_red": "0", "oem_grupo": "General Motors", "es_planta_ensamble": true, "entidad": "SAN LUIS POTOSÍ", "municipio": "Villa de Reyes", "cvegeo_mun": "24050", "nivel_inst": "PROBABLE", "n_clientes": 0, "n_proveedores": 5, "grado_salida_ponderado": 0.0, "grado_entrada_ponderado": 12.41841630724663, "centralidad_intermediacion": 0.0, "pagerank_proveeduria": 0.0007509103741085098}}, {"type": "Feature", "geometry": {"type": "Point", "coordinates": [-100.995535, 29.34138]}, "properties": {"id_unidad": 822, "nombre": "GENTHERM", "codigo_scian": "336360", "tier_red": "1", "oem_grupo": null, "es_planta_ensamble": null, "entidad": "COAHUILA DE ZARAGOZA", "municipio": "Acuña", "cvegeo_mun": "05002", "nivel_inst": "PROBABLE", "n_clientes": 0, "n_proveedores": 5, "grado_salida_ponderado": 0.0, "grado_entrada_ponderado": 12.951242662553407, "centralidad_intermediacion": 0.0, "pagerank_proveeduria": 0.0007509103741085098}}, {"type": "Feature", "geometry": {"type": "Point", "coordinates": [-100.995708, 29.341419]}, "properties": {"id_unidad": 823, "nombre": "GENTHERM", "codigo_scian": "336360", "tier_red": "1", "oem_grupo": null, "es_planta_ensamble": null, "entidad": "COAHUILA DE ZARAGOZA", "municipio": "Acuña", "cvegeo_mun": "05002", "nivel_inst": "PROBABLE", "n_clientes": 0, "n_proveedores": 5, "grado_salida_ponderado": 0.0, "grado_entrada_ponderado": 12.950922837609557, "centralidad_intermediacion": 0.0, "pagerank_proveeduria": 0.0007509103741085098}}, {"type": "Feature", "geometry": {"type": "Point", "coordinates": [-100.996056, 29.341498]}, "properties": {"id_unidad": 824, "nombre": "GENTHERM", "codigo_scian": "336360", "tier_red": "1", "oem_grupo": null, "es_planta_ensamble": null, "entidad": "COAHUILA DE ZARAGOZA", "municipio": "Acuña", "cvegeo_mun": "05002", "nivel_inst": "PROBABLE", "n_clientes": 0, "n_proveedores": 5, "grado_salida_ponderado": 0.0, "grado_entrada_ponderado": 12.95026778227319, "centralidad_intermediacion": 0.0, "pagerank_proveeduria": 0.0007509103741085098}}, {"type": "Feature", "geometry": {"type": "Point", "coordinates": [-100.797954, 20.403027]}, "properties": {"id_unidad": 825, "nombre": "GENTHERM", "codigo_scian": "336360", "tier_red": "1", "oem_grupo": null, "es_planta_ensamble": null, "entidad": "GUANAJUATO", "municipio": "Celaya", "cvegeo_mun": "11007", "nivel_inst": "NUCLEO_CONFIRMADO", "n_clientes": 0, "n_proveedores": 5, "grado_salida_ponderado": 0.0, "grado_entrada_ponderado": 12.791833967414078, "centralidad_intermediacion": 0.0, "pagerank_proveeduria": 0.0007509103741085098}}, {"type": "Feature", "geometry": {"type": "Point", "coordinates": [-102.268279, 22.038704]}, "properties": {"id_unidad": 828, "nombre": "GESTAMP", "codigo_scian": "336370", "tier_red": "2", "oem_grupo": null, "es_planta_ensamble": null, "entidad": "AGUASCALIENTES", "municipio": "San Francisco de los Romo", "cvegeo_mun": "01011", "nivel_inst": "NUCLEO_CONFIRMADO", "n_clientes": 56, "n_proveedores": 0, "grado_salida_ponderado": 142.76024316575248, "grado_entrada_ponderado": 0.0, "centralidad_intermediacion": 0.0, "pagerank_proveeduria": 0.009196112442419229}}, {"type": "Feature", "geometry": {"type": "Point", "coordinates": [-99.558086, 19.378442]}, "properties": {"id_unidad": 829, "nombre": "GESTAMP", "codigo_scian": "336370", "tier_red": "2", "oem_grupo": null, "es_planta_ensamble": null, "entidad": "MÉXICO", "municipio": "Toluca", "cvegeo_mun": "15106", "nivel_inst": "INDETERMINADO", "n_clientes": 9, "n_proveedores": 0, "grado_salida_ponderado": 47.87042033913114, "grado_entrada_ponderado": 0.0, "centralidad_intermediacion": 0.0, "pagerank_proveeduria": 0.002484009873834443}}, {"type": "Feature", "geometry": {"type": "Point", "coordinates": [-98.25434, 19.140505]}, "properties": {"id_unidad": 830, "nombre": "GESTAMP", "codigo_scian": "336370", "tier_red": "2", "oem_grupo": null, "es_planta_ensamble": null, "entidad": "PUEBLA", "municipio": "Cuautlancingo", "cvegeo_mun": "21041", "nivel_inst": "NUCLEO_CONFIRMADO", "n_clientes": 13, "n_proveedores": 0, "grado_salida_ponderado": 94.22314737046274, "grado_entrada_ponderado": 0.0, "centralidad_intermediacion": 0.0, "pagerank_proveeduria": 0.0030651949864951705}}, {"type": "Feature", "geometry": {"type": "Point", "coordinates": [-98.159022, 19.060189]}, "properties": {"id_unidad": 833, "nombre": "GESTAMP", "codigo_scian": "336370", "tier_red": "2", "oem_grupo": null, "es_planta_ensamble": null, "entidad": "PUEBLA", "municipio": "Puebla", "cvegeo_mun": "21114", "nivel_inst": "NUCLEO_CONFIRMADO", "n_clientes": 25, "n_proveedores": 0, "grado_salida_ponderado": 99.78793201011712, "grado_entrada_ponderado": 0.0, "centralidad_intermediacion": 0.0, "pagerank_proveeduria": 0.003912509128733181}}, {"type": "Feature", "geometry": {"type": "Point", "coordinates": [-100.860325, 21.989713]}, "properties": {"id_unidad": 834, "nombre": "GESTAMP", "codigo_scian": "336370", "tier_red": "2", "oem_grupo": null, "es_planta_ensamble": null, "entidad": "SAN LUIS POTOSÍ", "municipio": "Villa de Reyes", "cvegeo_mun": "24050", "nivel_inst": "NUCLEO_CONFIRMADO", "n_clientes": 12, "n_proveedores": 0, "grado_salida_ponderado": 41.548503618271816, "grado_entrada_ponderado": 0.0, "centralidad_intermediacion": 0.0, "pagerank_proveeduria": 0.002169277991228527}}, {"type": "Feature", "geometry": {"type": "Point", "coordinates": [-100.821639, 22.120257]}, "properties": {"id_unidad": 835, "nombre": "GESTAMP", "codigo_scian": "336370", "tier_red": "2", "oem_grupo": null, "es_planta_ensamble": null, "entidad": "SAN LUIS POTOSÍ", "municipio": "San Luis Potosí", "cvegeo_mun": "24028", "nivel_inst": "NUCLEO_CONFIRMADO", "n_clientes": 10, "n_proveedores": 0, "grado_salida_ponderado": 64.59977653346759, "grado_entrada_ponderado": 0.0, "centralidad_intermediacion": 0.0, "pagerank_proveeduria": 0.002270813702072053}}, {"type": "Feature", "geometry": {"type": "Point", "coordinates": [-100.88621, 22.086019]}, "properties": {"id_unidad": 836, "nombre": "GETEB ESPECIALISTAS EN TABLEROS", "codigo_scian": "336320", "tier_red": "1", "oem_grupo": null, "es_planta_ensamble": null, "entidad": "SAN LUIS POTOSÍ", "municipio": "San Luis Potosí", "cvegeo_mun": "24028", "nivel_inst": "SIN_REGISTRO_INST", "n_clientes": 0, "n_proveedores": 5, "grado_salida_ponderado": 0.0, "grado_entrada_ponderado": 2.0524110233995025, "centralidad_intermediacion": 0.0, "pagerank_proveeduria": 0.0007509103741085098}}, {"type": "Feature", "geometry": {"type": "Point", "coordinates": [-100.433687, 20.643203]}, "properties": {"id_unidad": 838, "nombre": "GG MANUFACTURING", "codigo_scian": "336370", "tier_red": "3", "oem_grupo": null, "es_planta_ensamble": null, "entidad": "QUERÉTARO", "municipio": "Querétaro", "cvegeo_mun": "22014", "nivel_inst": "NUCLEO_CONFIRMADO", "n_clientes": 11, "n_proveedores": 0, "grado_salida_ponderado": 65.1561834778475, "grado_entrada_ponderado": 0.0, "centralidad_intermediacion": 0.0, "pagerank_proveeduria": 0.002353028917847894}}, {"type": "Feature", "geometry": {"type": "Point", "coordinates": [-99.226368, 19.482491]}, "properties": {"id_unidad": 840, "nombre": "GILL INDUSTRIES", "codigo_scian": "336360", "tier_red": "2", "oem_grupo": null, "es_planta_ensamble": null, "entidad": "MÉXICO", "municipio": "Naucalpan de Juárez", "cvegeo_mun": "15057", "nivel_inst": "NUCLEO_CONFIRMADO", "n_clientes": 0, "n_proveedores": 5, "grado_salida_ponderado": 0.0, "grado_entrada_ponderado": 10.3819483342237, "centralidad_intermediacion": 0.0, "pagerank_proveeduria": 0.0007509103741085098}}, {"type": "Feature", "geometry": {"type": "Point", "coordinates": [-99.227356, 19.482168]}, "properties": {"id_unidad": 841, "nombre": "GILL INDUSTRIES", "codigo_scian": "336360", "tier_red": "2", "oem_grupo": null, "es_planta_ensamble": null, "entidad": "MÉXICO", "municipio": "Naucalpan de Juárez", "cvegeo_mun": "15057", "nivel_inst": "NUCLEO_CONFIRMADO", "n_clientes": 0, "n_proveedores": 5, "grado_salida_ponderado": 0.0, "grado_entrada_ponderado": 0.4153058847646859, "centralidad_intermediacion": 0.0, "pagerank_proveeduria": 0.0007509103741085098}}, {"type": "Feature", "geometry": {"type": "Point", "coordinates": [-101.001715, 29.347741]}, "properties": {"id_unidad": 842, "nombre": "GJM COMPONENTS MX", "codigo_scian": "334410", "tier_red": "2", "oem_grupo": null, "es_planta_ensamble": null, "entidad": "COAHUILA DE ZARAGOZA", "municipio": "Acuña", "cvegeo_mun": "05002", "nivel_inst": "NUCLEO_CONFIRMADO", "n_clientes": 12, "n_proveedores": 0, "grado_salida_ponderado": 78.83405670660117, "grado_entrada_ponderado": 0.0, "centralidad_intermediacion": 0.0, "pagerank_proveeduria": 0.004225300472910309}}, {"type": "Feature", "geometry": {"type": "Point", "coordinates": [-116.902656, 32.487819]}, "properties": {"id_unidad": 847, "nombre": "GOTO", "codigo_scian": "334410", "tier_red": "2", "oem_grupo": null, "es_planta_ensamble": null, "entidad": "BAJA CALIFORNIA", "municipio": "Tijuana", "cvegeo_mun": "02004", "nivel_inst": "NUCLEO_CONFIRMADO", "n_clientes": 68, "n_proveedores": 0, "grado_salida_ponderado": 77.57364070415396, "grado_entrada_ponderado": 0.0, "centralidad_intermediacion": 0.0, "pagerank_proveeduria": 0.007108177494985358}}, {"type": "Feature", "geometry": {"type": "Point", "coordinates": [-100.144839, 25.786013]}, "properties": {"id_unidad": 848, "nombre": "GROTE INDUSTRIES DE MEXICO", "codigo_scian": "336320", "tier_red": "2", "oem_grupo": null, "es_planta_ensamble": null, "entidad": "NUEVO LEÓN", "municipio": "Apodaca", "cvegeo_mun": "19006", "nivel_inst": "NUCLEO_CONFIRMADO", "n_clientes": 0, "n_proveedores": 5, "grado_salida_ponderado": 0.0, "grado_entrada_ponderado": 73.64490638780241, "centralidad_intermediacion": 0.0, "pagerank_proveeduria": 0.0007509103741085098}}, {"type": "Feature", "geometry": {"type": "Point", "coordinates": [-103.245357, 20.435383]}, "properties": {"id_unidad": 850, "nombre": "GRUPO COLLADO", "codigo_scian": "336370", "tier_red": "2", "oem_grupo": null, "es_planta_ensamble": null, "entidad": "JALISCO", "municipio": "Tlajomulco de Zúñiga", "cvegeo_mun": "14097", "nivel_inst": "INDETERMINADO", "n_clientes": 14, "n_proveedores": 0, "grado_salida_ponderado": 67.24290804891915, "grado_entrada_ponderado": 0.0, "centralidad_intermediacion": 0.0, "pagerank_proveeduria": 0.0025187056151797}}, {"type": "Feature", "geometry": {"type": "Point", "coordinates": [-100.248389, 25.737325]}, "properties": {"id_unidad": 851, "nombre": "GRUPO COLLADO", "codigo_scian": "336370", "tier_red": "2", "oem_grupo": null, "es_planta_ensamble": null, "entidad": "NUEVO LEÓN", "municipio": "San Nicolás de los Garza", "cvegeo_mun": "19046", "nivel_inst": "SIN_REGISTRO_INST", "n_clientes": 4, "n_proveedores": 0, "grado_salida_ponderado": 22.372730314215183, "grado_entrada_ponderado": 0.0, "centralidad_intermediacion": 0.0, "pagerank_proveeduria": 0.0014444041451772047}}, {"type": "Feature", "geometry": {"type": "Point", "coordinates": [-103.350446, 20.646919]}, "properties": {"id_unidad": 852, "nombre": "GRUPO GOLLET ELECTRONICS", "codigo_scian": "334410", "tier_red": "3", "oem_grupo": null, "es_planta_ensamble": null, "entidad": "JALISCO", "municipio": "Guadalajara", "cvegeo_mun": "14039", "nivel_inst": "NUCLEO_CONFIRMADO", "n_clientes": 2, "n_proveedores": 0, "grado_salida_ponderado": 3.8383887419410634, "grado_entrada_ponderado": 0.0, "centralidad_intermediacion": 0.0, "pagerank_proveeduria": 0.0008722386009839496}}, {"type": "Feature", "geometry": {"type": "Point", "coordinates": [-103.343608, 20.637712]}, "properties": {"id_unidad": 853, "nombre": "GRUPO GOLLET ELECTRONICS", "codigo_scian": "334410", "tier_red": "3", "oem_grupo": null, "es_planta_ensamble": null, "entidad": "JALISCO", "municipio": "Guadalajara", "cvegeo_mun": "14039", "nivel_inst": "NUCLEO_CONFIRMADO", "n_clientes": 2, "n_proveedores": 0, "grado_salida_ponderado": 0.4589740678161111, "grado_entrada_ponderado": 0.0, "centralidad_intermediacion": 0.0, "pagerank_proveeduria": 0.0008734230931325334}}, {"type": "Feature", "geometry": {"type": "Point", "coordinates": [-100.433942, 20.62896]}, "properties": {"id_unidad": 875, "nombre": "HAYAKAWA ELECTRONICS DE MEXICO", "codigo_scian": "336320", "tier_red": "1", "oem_grupo": null, "es_planta_ensamble": null, "entidad": "QUERÉTARO", "municipio": "Querétaro", "cvegeo_mun": "22014", "nivel_inst": "NUCLEO_CONFIRMADO", "n_clientes": 0, "n_proveedores": 5, "grado_salida_ponderado": 0.0, "grado_entrada_ponderado": 12.40277070055617, "centralidad_intermediacion": 0.0, "pagerank_proveeduria": 0.0007509103741085098}}, {"type": "Feature", "geometry": {"type": "Point", "coordinates": [-115.422914, 32.60185]}, "properties": {"id_unidad": 879, "nombre": "HIKAM", "codigo_scian": "334410", "tier_red": "2", "oem_grupo": null, "es_planta_ensamble": null, "entidad": "BAJA CALIFORNIA", "municipio": "Mexicali", "cvegeo_mun": "02002", "nivel_inst": "NUCLEO_CONFIRMADO", "n_clientes": 28, "n_proveedores": 0, "grado_salida_ponderado": 74.30288321702406, "grado_entrada_ponderado": 0.0, "centralidad_intermediacion": 0.0, "pagerank_proveeduria": 0.004206189968052432}}, {"type": "Feature", "geometry": {"type": "Point", "coordinates": [-100.620645, 20.893098]}, "properties": {"id_unidad": 883, "nombre": "HIRSCHMANN AUTOMOTIVE", "codigo_scian": "336320", "tier_red": "1", "oem_grupo": null, "es_planta_ensamble": null, "entidad": "GUANAJUATO", "municipio": "San Miguel de Allende", "cvegeo_mun": "11003", "nivel_inst": "NUCLEO_CONFIRMADO", "n_clientes": 0, "n_proveedores": 5, "grado_salida_ponderado": 0.0, "grado_entrada_ponderado": 8.728466022228819, "centralidad_intermediacion": 0.0, "pagerank_proveeduria": 0.0007509103741085098}}, {"type": "Feature", "geometry": {"type": "Point", "coordinates": [-100.619957, 20.894138]}, "properties": {"id_unidad": 884, "nombre": "HIRSCHMANN AUTOMOTIVE", "codigo_scian": "336320", "tier_red": "1", "oem_grupo": null, "es_planta_ensamble": null, "entidad": "GUANAJUATO", "municipio": "San Miguel de Allende", "cvegeo_mun": "11003", "nivel_inst": "INDETERMINADO", "n_clientes": 0, "n_proveedores": 5, "grado_salida_ponderado": 0.0, "grado_entrada_ponderado": 16.603658504484848, "centralidad_intermediacion": 0.0, "pagerank_proveeduria": 0.0007509103741085098}}, {"type": "Feature", "geometry": {"type": "Point", "coordinates": [-101.470879, 20.999806]}, "properties": {"id_unidad": 886, "nombre": "HITACHI", "codigo_scian": "336330", "tier_red": "1", "oem_grupo": null, "es_planta_ensamble": null, "entidad": "GUANAJUATO", "municipio": "Silao de la Victoria", "cvegeo_mun": "11037", "nivel_inst": "NUCLEO_CONFIRMADO", "n_clientes": 1, "n_proveedores": 0, "grado_salida_ponderado": 2.4797355864994874, "grado_entrada_ponderado": 0.0, "centralidad_intermediacion": 0.0, "pagerank_proveeduria": 0.00087042029719857}}, {"type": "Feature", "geometry": {"type": "Point", "coordinates": [-99.550305, 19.299488]}, "properties": {"id_unidad": 891, "nombre": "HITACHI", "codigo_scian": "336320", "tier_red": "1", "oem_grupo": null, "es_planta_ensamble": null, "entidad": "MÉXICO", "municipio": "Lerma", "cvegeo_mun": "15051", "nivel_inst": "NUCLEO_CONFIRMADO", "n_clientes": 0, "n_proveedores": 5, "grado_salida_ponderado": 0.0, "grado_entrada_ponderado": 17.622695691891792, "centralidad_intermediacion": 0.0, "pagerank_proveeduria": 0.0007509103741085098}}, {"type": "Feature", "geometry": {"type": "Point", "coordinates": [-106.47227, 31.688422]}, "properties": {"id_unidad": 908, "nombre": "HOPE INDUSTRIES", "codigo_scian": "336320", "tier_red": "1", "oem_grupo": null, "es_planta_ensamble": null, "entidad": "CHIHUAHUA", "municipio": "Juárez", "cvegeo_mun": "08037", "nivel_inst": "NUCLEO_CONFIRMADO", "n_clientes": 0, "n_proveedores": 5, "grado_salida_ponderado": 0.0, "grado_entrada_ponderado": 0.20939707294651888, "centralidad_intermediacion": 0.0, "pagerank_proveeduria": 0.0007509103741085098}}, {"type": "Feature", "geometry": {"type": "Point", "coordinates": [-106.469758, 31.689946]}, "properties": {"id_unidad": 909, "nombre": "HOPKINS MANUFACTURING", "codigo_scian": "336320", "tier_red": "1", "oem_grupo": null, "es_planta_ensamble": null, "entidad": "CHIHUAHUA", "municipio": "Juárez", "cvegeo_mun": "08037", "nivel_inst": "NUCLEO_CONFIRMADO", "n_clientes": 0, "n_proveedores": 5, "grado_salida_ponderado": 0.0, "grado_entrada_ponderado": 34.9023939524146, "centralidad_intermediacion": 0.0, "pagerank_proveeduria": 0.0007509103741085098}}, {"type": "Feature", "geometry": {"type": "Point", "coordinates": [-100.249358, 20.534416]}, "properties": {"id_unidad": 923, "nombre": "HYUNDAI", "codigo_scian": "336120", "tier_red": "0", "oem_grupo": "KIA / Hyundai", "es_planta_ensamble": false, "entidad": "QUERÉTARO", "municipio": "Huimilpan", "cvegeo_mun": "22008", "nivel_inst": "NUCLEO_CONFIRMADO", "n_clientes": 0, "n_proveedores": 5, "grado_salida_ponderado": 0.0, "grado_entrada_ponderado": 1.0767501114969025, "centralidad_intermediacion": 0.0, "pagerank_proveeduria": 0.0007509103741085098}}, {"type": "Feature", "geometry": {"type": "Point", "coordinates": [-102.853043, 23.201448]}, "properties": {"id_unidad": 929, "nombre": "IEC HOLDEN CORPORATION", "codigo_scian": "336320", "tier_red": "1", "oem_grupo": null, "es_planta_ensamble": null, "entidad": "ZACATECAS", "municipio": "Fresnillo", "cvegeo_mun": "32010", "nivel_inst": "PROBABLE", "n_clientes": 0, "n_proveedores": 5, "grado_salida_ponderado": 0.0, "grado_entrada_ponderado": 4.7041639337171715, "centralidad_intermediacion": 0.0, "pagerank_proveeduria": 0.0007509103741085098}}, {"type": "Feature", "geometry": {"type": "Point", "coordinates": [-102.288876, 21.799799]}, "properties": {"id_unidad": 931, "nombre": "IMECOMEX", "codigo_scian": "336320", "tier_red": "1", "oem_grupo": null, "es_planta_ensamble": null, "entidad": "AGUASCALIENTES", "municipio": "Aguascalientes", "cvegeo_mun": "01001", "nivel_inst": "PROBABLE", "n_clientes": 0, "n_proveedores": 5, "grado_salida_ponderado": 0.0, "grado_entrada_ponderado": 11.574810388361172, "centralidad_intermediacion": 0.0, "pagerank_proveeduria": 0.0007509103741085098}}, {"type": "Feature", "geometry": {"type": "Point", "coordinates": [-99.192437, 19.440795]}, "properties": {"id_unidad": 935, "nombre": "INDUSTRIAS CONDOR", "codigo_scian": "336320", "tier_red": "1", "oem_grupo": null, "es_planta_ensamble": null, "entidad": "CIUDAD DE MÉXICO", "municipio": "Miguel Hidalgo", "cvegeo_mun": "09016", "nivel_inst": "INDETERMINADO", "n_clientes": 0, "n_proveedores": 5, "grado_salida_ponderado": 0.0, "grado_entrada_ponderado": 2.4421038010423675, "centralidad_intermediacion": 0.0, "pagerank_proveeduria": 0.0007509103741085098}}, {"type": "Feature", "geometry": {"type": "Point", "coordinates": [-115.406425, 32.643427]}, "properties": {"id_unidad": 937, "nombre": "INDUSTRIAS SL", "codigo_scian": "334410", "tier_red": "2", "oem_grupo": null, "es_planta_ensamble": null, "entidad": "BAJA CALIFORNIA", "municipio": "Mexicali", "cvegeo_mun": "02002", "nivel_inst": "NUCLEO_CONFIRMADO", "n_clientes": 8, "n_proveedores": 0, "grado_salida_ponderado": 59.81304341583055, "grado_entrada_ponderado": 0.0, "centralidad_intermediacion": 0.0, "pagerank_proveeduria": 0.0019381591960638289}}, {"type": "Feature", "geometry": {"type": "Point", "coordinates": [-101.408972, 26.960575]}, "properties": {"id_unidad": 946, "nombre": "INFAC AUTOMOTIVE MEXICO", "codigo_scian": "336320", "tier_red": "1", "oem_grupo": null, "es_planta_ensamble": null, "entidad": "COAHUILA DE ZARAGOZA", "municipio": "Monclova", "cvegeo_mun": "05018", "nivel_inst": "NUCLEO_CONFIRMADO", "n_clientes": 0, "n_proveedores": 5, "grado_salida_ponderado": 0.0, "grado_entrada_ponderado": 4.822340860777062, "centralidad_intermediacion": 0.0, "pagerank_proveeduria": 0.0007509103741085098}}, {"type": "Feature", "geometry": {"type": "Point", "coordinates": [-100.25627, 25.892678]}, "properties": {"id_unidad": 949, "nombre": "INGENERIA ESPECIALIZADA Y FABRICACION", "codigo_scian": "336320", "tier_red": "1", "oem_grupo": null, "es_planta_ensamble": null, "entidad": "NUEVO LEÓN", "municipio": "Salinas Victoria", "cvegeo_mun": "19045", "nivel_inst": "SIN_REGISTRO_INST", "n_clientes": 0, "n_proveedores": 5, "grado_salida_ponderado": 0.0, "grado_entrada_ponderado": 1.4722736614903944, "centralidad_intermediacion": 0.0, "pagerank_proveeduria": 0.0007509103741085098}}, {"type": "Feature", "geometry": {"type": "Point", "coordinates": [-98.700659, 20.071227]}, "properties": {"id_unidad": 950, "nombre": "INGENIRIA SERVICIOS Y APLICACIONES", "codigo_scian": "336320", "tier_red": "1", "oem_grupo": null, "es_planta_ensamble": null, "entidad": "HIDALGO", "municipio": "Mineral de la Reforma", "cvegeo_mun": "13051", "nivel_inst": "NUCLEO_CONFIRMADO", "n_clientes": 0, "n_proveedores": 5, "grado_salida_ponderado": 0.0, "grado_entrada_ponderado": 1.3731713201460454, "centralidad_intermediacion": 0.0, "pagerank_proveeduria": 0.0007509103741085098}}, {"type": "Feature", "geometry": {"type": "Point", "coordinates": [-110.937028, 27.959027]}, "properties": {"id_unidad": 954, "nombre": "INTEC", "codigo_scian": "336320", "tier_red": "1", "oem_grupo": null, "es_planta_ensamble": null, "entidad": "SONORA", "municipio": "Guaymas", "cvegeo_mun": "26029", "nivel_inst": "SIN_REGISTRO_INST", "n_clientes": 1, "n_proveedores": 5, "grado_salida_ponderado": 0.5956748852887669, "grado_entrada_ponderado": 13.834381725139792, "centralidad_intermediacion": 0.0, "pagerank_proveeduria": 0.0007920335038554237}}, {"type": "Feature", "geometry": {"type": "Point", "coordinates": [-115.462453, 32.616087]}, "properties": {"id_unidad": 961, "nombre": "INTERMEX", "codigo_scian": "336320", "tier_red": "1", "oem_grupo": null, "es_planta_ensamble": null, "entidad": "BAJA CALIFORNIA", "municipio": "Mexicali", "cvegeo_mun": "02002", "nivel_inst": "SIN_REGISTRO_INST", "n_clientes": 0, "n_proveedores": 5, "grado_salida_ponderado": 0.0, "grado_entrada_ponderado": 0.1834194753541601, "centralidad_intermediacion": 0.0, "pagerank_proveeduria": 0.0007509103741085098}}, {"type": "Feature", "geometry": {"type": "Point", "coordinates": [-106.44871, 31.693214]}, "properties": {"id_unidad": 962, "nombre": "INTERMEX", "codigo_scian": "336320", "tier_red": "2", "oem_grupo": null, "es_planta_ensamble": null, "entidad": "CHIHUAHUA", "municipio": "Juárez", "cvegeo_mun": "08037", "nivel_inst": "SIN_REGISTRO_INST", "n_clientes": 0, "n_proveedores": 5, "grado_salida_ponderado": 0.0, "grado_entrada_ponderado": 1.1651409437790492, "centralidad_intermediacion": 0.0, "pagerank_proveeduria": 0.0007509103741085098}}, {"type": "Feature", "geometry": {"type": "Point", "coordinates": [-106.421646, 31.623375]}, "properties": {"id_unidad": 963, "nombre": "INTERMEX", "codigo_scian": "336320", "tier_red": "2", "oem_grupo": null, "es_planta_ensamble": null, "entidad": "CHIHUAHUA", "municipio": "Juárez", "cvegeo_mun": "08037", "nivel_inst": "SIN_REGISTRO_INST", "n_clientes": 0, "n_proveedores": 5, "grado_salida_ponderado": 0.0, "grado_entrada_ponderado": 10.188336335303353, "centralidad_intermediacion": 0.0, "pagerank_proveeduria": 0.0007509103741085098}}, {"type": "Feature", "geometry": {"type": "Point", "coordinates": [-106.422193, 31.623692]}, "properties": {"id_unidad": 964, "nombre": "INTERMEX", "codigo_scian": "336320", "tier_red": "2", "oem_grupo": null, "es_planta_ensamble": null, "entidad": "CHIHUAHUA", "municipio": "Juárez", "cvegeo_mun": "08037", "nivel_inst": "SIN_REGISTRO_INST", "n_clientes": 0, "n_proveedores": 5, "grado_salida_ponderado": 0.0, "grado_entrada_ponderado": 10.188404124209317, "centralidad_intermediacion": 0.0, "pagerank_proveeduria": 0.0007509103741085098}}, {"type": "Feature", "geometry": {"type": "Point", "coordinates": [-106.129558, 28.714182]}, "properties": {"id_unidad": 965, "nombre": "INTERMEX", "codigo_scian": "336320", "tier_red": "2", "oem_grupo": null, "es_planta_ensamble": null, "entidad": "CHIHUAHUA", "municipio": "Chihuahua", "cvegeo_mun": "08019", "nivel_inst": "PROBABLE", "n_clientes": 0, "n_proveedores": 5, "grado_salida_ponderado": 0.0, "grado_entrada_ponderado": 46.98232866899826, "centralidad_intermediacion": 0.0, "pagerank_proveeduria": 0.0007509103741085098}}, {"type": "Feature", "geometry": {"type": "Point", "coordinates": [-106.130752, 28.715623]}, "properties": {"id_unidad": 966, "nombre": "INTERMEX", "codigo_scian": "336320", "tier_red": "2", "oem_grupo": null, "es_planta_ensamble": null, "entidad": "CHIHUAHUA", "municipio": "Chihuahua", "cvegeo_mun": "08019", "nivel_inst": "PROBABLE", "n_clientes": 0, "n_proveedores": 5, "grado_salida_ponderado": 0.0, "grado_entrada_ponderado": 46.98393181440274, "centralidad_intermediacion": 0.0, "pagerank_proveeduria": 0.0007509103741085098}}, {"type": "Feature", "geometry": {"type": "Point", "coordinates": [-100.344593, 25.818328]}, "properties": {"id_unidad": 967, "nombre": "INTERMEX", "codigo_scian": "336320", "tier_red": "2", "oem_grupo": null, "es_planta_ensamble": null, "entidad": "NUEVO LEÓN", "municipio": "General Escobedo", "cvegeo_mun": "19021", "nivel_inst": "SIN_REGISTRO_INST", "n_clientes": 0, "n_proveedores": 5, "grado_salida_ponderado": 0.0, "grado_entrada_ponderado": 0.1545352055766393, "centralidad_intermediacion": 0.0, "pagerank_proveeduria": 0.0007509103741085098}}, {"type": "Feature", "geometry": {"type": "Point", "coordinates": [-100.133185, 25.689626]}, "properties": {"id_unidad": 968, "nombre": "INTERMEX", "codigo_scian": "336320", "tier_red": "2", "oem_grupo": null, "es_planta_ensamble": null, "entidad": "NUEVO LEÓN", "municipio": "Guadalupe", "cvegeo_mun": "19026", "nivel_inst": "SIN_REGISTRO_INST", "n_clientes": 0, "n_proveedores": 5, "grado_salida_ponderado": 0.0, "grado_entrada_ponderado": 29.377773237444927, "centralidad_intermediacion": 0.0, "pagerank_proveeduria": 0.0007509103741085098}}, {"type": "Feature", "geometry": {"type": "Point", "coordinates": [-100.169985, 25.67138]}, "properties": {"id_unidad": 969, "nombre": "INTERMEX", "codigo_scian": "336320", "tier_red": "2", "oem_grupo": null, "es_planta_ensamble": null, "entidad": "NUEVO LEÓN", "municipio": "Guadalupe", "cvegeo_mun": "19026", "nivel_inst": "SIN_REGISTRO_INST", "n_clientes": 0, "n_proveedores": 5, "grado_salida_ponderado": 0.0, "grado_entrada_ponderado": 28.049529660286666, "centralidad_intermediacion": 0.0, "pagerank_proveeduria": 0.0007509103741085098}}, {"type": "Feature", "geometry": {"type": "Point", "coordinates": [-110.966095, 31.261511]}, "properties": {"id_unidad": 975, "nombre": "ITT CANNON DE MEXICO", "codigo_scian": "336320", "tier_red": "1", "oem_grupo": null, "es_planta_ensamble": null, "entidad": "SONORA", "municipio": "Nogales", "cvegeo_mun": "26043", "nivel_inst": "INDETERMINADO", "n_clientes": 0, "n_proveedores": 5, "grado_salida_ponderado": 0.0, "grado_entrada_ponderado": 14.345094085306727, "centralidad_intermediacion": 0.0, "pagerank_proveeduria": 0.0007509103741085098}}, {"type": "Feature", "geometry": {"type": "Point", "coordinates": [-103.493171, 20.726605]}, "properties": {"id_unidad": 982, "nombre": "JABIL", "codigo_scian": "334410", "tier_red": "2", "oem_grupo": null, "es_planta_ensamble": null, "entidad": "JALISCO", "municipio": "Zapopan", "cvegeo_mun": "14120", "nivel_inst": "PROBABLE", "n_clientes": 76, "n_proveedores": 0, "grado_salida_ponderado": 108.00416637937248, "grado_entrada_ponderado": 0.0, "centralidad_intermediacion": 0.0, "pagerank_proveeduria": 0.009318534887340014}}, {"type": "Feature", "geometry": {"type": "Point", "coordinates": [-103.482854, 20.724894]}, "properties": {"id_unidad": 983, "nombre": "JABIL", "codigo_scian": "334410", "tier_red": "2", "oem_grupo": null, "es_planta_ensamble": null, "entidad": "JALISCO", "municipio": "Zapopan", "cvegeo_mun": "14120", "nivel_inst": "PROBABLE", "n_clientes": 3, "n_proveedores": 0, "grado_salida_ponderado": 0.8216084402118513, "grado_entrada_ponderado": 0.0, "centralidad_intermediacion": 0.0, "pagerank_proveeduria": 0.0009161838767960081}}, {"type": "Feature", "geometry": {"type": "Point", "coordinates": [-110.942392, 31.281803]}, "properties": {"id_unidad": 993, "nombre": "JAVID", "codigo_scian": "336320", "tier_red": "1", "oem_grupo": null, "es_planta_ensamble": null, "entidad": "SONORA", "municipio": "Nogales", "cvegeo_mun": "26043", "nivel_inst": "NUCLEO_CONFIRMADO", "n_clientes": 0, "n_proveedores": 5, "grado_salida_ponderado": 0.0, "grado_entrada_ponderado": 0.1288540239915613, "centralidad_intermediacion": 0.0, "pagerank_proveeduria": 0.0007509103741085098}}, {"type": "Feature", "geometry": {"type": "Point", "coordinates": [-101.17348, 25.239855]}, "properties": {"id_unidad": 1013, "nombre": "JULIÁN ELECTRIC DE MÉXICO", "codigo_scian": "336320", "tier_red": "1", "oem_grupo": null, "es_planta_ensamble": null, "entidad": "COAHUILA DE ZARAGOZA", "municipio": "Saltillo", "cvegeo_mun": "05030", "nivel_inst": "NUCLEO_CONFIRMADO", "n_clientes": 3, "n_proveedores": 5, "grado_salida_ponderado": 3.740973898779668, "grado_entrada_ponderado": 29.555435249216092, "centralidad_intermediacion": 2.5935403554879314e-05, "pagerank_proveeduria": 0.0015121688942963342}}, {"type": "Feature", "geometry": {"type": "Point", "coordinates": [-100.253742, 25.733133]}, "properties": {"id_unidad": 1018, "nombre": "KEMET DE MEXICO", "codigo_scian": "334410", "tier_red": "2", "oem_grupo": null, "es_planta_ensamble": null, "entidad": "NUEVO LEÓN", "municipio": "San Nicolás de los Garza", "cvegeo_mun": "19046", "nivel_inst": "NUCLEO_CONFIRMADO", "n_clientes": 35, "n_proveedores": 0, "grado_salida_ponderado": 107.34712707906392, "grado_entrada_ponderado": 0.0, "centralidad_intermediacion": 0.0, "pagerank_proveeduria": 0.006152255272961349}}, {"type": "Feature", "geometry": {"type": "Point", "coordinates": [-100.187326, 25.648702]}, "properties": {"id_unidad": 1019, "nombre": "KEMET DE MEXICO", "codigo_scian": "334410", "tier_red": "2", "oem_grupo": null, "es_planta_ensamble": null, "entidad": "NUEVO LEÓN", "municipio": "Guadalupe", "cvegeo_mun": "19026", "nivel_inst": "NUCLEO_CONFIRMADO", "n_clientes": 33, "n_proveedores": 0, "grado_salida_ponderado": 126.04075439178646, "grado_entrada_ponderado": 0.0, "centralidad_intermediacion": 0.0, "pagerank_proveeduria": 0.005388860871398164}}, {"type": "Feature", "geometry": {"type": "Point", "coordinates": [-116.617093, 31.85481]}, "properties": {"id_unidad": 1022, "nombre": "KIA", "codigo_scian": "336110", "tier_red": "0", "oem_grupo": "KIA / Hyundai", "es_planta_ensamble": false, "entidad": "BAJA CALIFORNIA", "municipio": "Ensenada", "cvegeo_mun": "02001", "nivel_inst": "SIN_REGISTRO_INST", "n_clientes": 0, "n_proveedores": 5, "grado_salida_ponderado": 0.0, "grado_entrada_ponderado": 1.1844386882369369, "centralidad_intermediacion": 0.0, "pagerank_proveeduria": 0.0007509103741085098}}, {"type": "Feature", "geometry": {"type": "Point", "coordinates": [-99.99616, 25.756751]}, "properties": {"id_unidad": 1023, "nombre": "KIA", "codigo_scian": "336110", "tier_red": "0", "oem_grupo": "KIA / Hyundai", "es_planta_ensamble": true, "entidad": "NUEVO LEÓN", "municipio": "Pesquería", "cvegeo_mun": "19041", "nivel_inst": "NUCLEO_CONFIRMADO", "n_clientes": 0, "n_proveedores": 5, "grado_salida_ponderado": 0.0, "grado_entrada_ponderado": 9.297654591450323, "centralidad_intermediacion": 0.0, "pagerank_proveeduria": 0.0007509103741085098}}, {"type": "Feature", "geometry": {"type": "Point", "coordinates": [-100.143735, 25.75523]}, "properties": {"id_unidad": 1026, "nombre": "KINETEK DE MEXICO", "codigo_scian": "334410", "tier_red": "2", "oem_grupo": null, "es_planta_ensamble": null, "entidad": "NUEVO LEÓN", "municipio": "Apodaca", "cvegeo_mun": "19006", "nivel_inst": "NUCLEO_CONFIRMADO", "n_clientes": 51, "n_proveedores": 0, "grado_salida_ponderado": 148.0522587161564, "grado_entrada_ponderado": 0.0, "centralidad_intermediacion": 0.0, "pagerank_proveeduria": 0.006915920990298738}}, {"type": "Feature", "geometry": {"type": "Point", "coordinates": [-100.709481, 20.045061]}, "properties": {"id_unidad": 1027, "nombre": "KOSTAL", "codigo_scian": "336320", "tier_red": "1", "oem_grupo": null, "es_planta_ensamble": null, "entidad": "GUANAJUATO", "municipio": "Acámbaro", "cvegeo_mun": "11002", "nivel_inst": "NUCLEO_CONFIRMADO", "n_clientes": 0, "n_proveedores": 5, "grado_salida_ponderado": 0.0, "grado_entrada_ponderado": 22.56874065443135, "centralidad_intermediacion": 0.0, "pagerank_proveeduria": 0.0007509103741085098}}, {"type": "Feature", "geometry": {"type": "Point", "coordinates": [-100.450081, 20.827885]}, "properties": {"id_unidad": 1028, "nombre": "KOSTAL", "codigo_scian": "336320", "tier_red": "1", "oem_grupo": null, "es_planta_ensamble": null, "entidad": "QUERÉTARO", "municipio": "Querétaro", "cvegeo_mun": "22014", "nivel_inst": "NUCLEO_CONFIRMADO", "n_clientes": 4, "n_proveedores": 5, "grado_salida_ponderado": 1.3738888806722618, "grado_entrada_ponderado": 35.770413878582325, "centralidad_intermediacion": 0.0, "pagerank_proveeduria": 0.0011401751591203812}}, {"type": "Feature", "geometry": {"type": "Point", "coordinates": [-100.437333, 20.623406]}, "properties": {"id_unidad": 1029, "nombre": "KOSTAL", "codigo_scian": "336320", "tier_red": "1", "oem_grupo": null, "es_planta_ensamble": null, "entidad": "QUERÉTARO", "municipio": "Querétaro", "cvegeo_mun": "22014", "nivel_inst": "NUCLEO_CONFIRMADO", "n_clientes": 4, "n_proveedores": 5, "grado_salida_ponderado": 2.0510225671747837, "grado_entrada_ponderado": 35.943112475169734, "centralidad_intermediacion": 0.0, "pagerank_proveeduria": 0.0012965624537665144}}, {"type": "Feature", "geometry": {"type": "Point", "coordinates": [-100.43, 20.617522]}, "properties": {"id_unidad": 1030, "nombre": "KOSTAL", "codigo_scian": "336320", "tier_red": "1", "oem_grupo": null, "es_planta_ensamble": null, "entidad": "QUERÉTARO", "municipio": "Querétaro", "cvegeo_mun": "22014", "nivel_inst": "NUCLEO_CONFIRMADO", "n_clientes": 0, "n_proveedores": 5, "grado_salida_ponderado": 0.0, "grado_entrada_ponderado": 0.2146054329731482, "centralidad_intermediacion": 0.0, "pagerank_proveeduria": 0.0007509103741085098}}, {"type": "Feature", "geometry": {"type": "Point", "coordinates": [-101.830985, 21.003567]}, "properties": {"id_unidad": 1031, "nombre": "KROMBERG & SCHUBERT MEXICO LE", "codigo_scian": "336320", "tier_red": "1", "oem_grupo": null, "es_planta_ensamble": null, "entidad": "GUANAJUATO", "municipio": "San Francisco del Rincón", "cvegeo_mun": "11031", "nivel_inst": "NUCLEO_CONFIRMADO", "n_clientes": 0, "n_proveedores": 5, "grado_salida_ponderado": 0.0, "grado_entrada_ponderado": 0.4892734952952439, "centralidad_intermediacion": 0.0, "pagerank_proveeduria": 0.0007509103741085098}}, {"type": "Feature", "geometry": {"type": "Point", "coordinates": [-101.335024, 20.78391]}, "properties": {"id_unidad": 1032, "nombre": "KROMBERG & SCHUBERT MEXICO LE", "codigo_scian": "336320", "tier_red": "1", "oem_grupo": null, "es_planta_ensamble": null, "entidad": "GUANAJUATO", "municipio": "Irapuato", "cvegeo_mun": "11017", "nivel_inst": "NUCLEO_CONFIRMADO", "n_clientes": 0, "n_proveedores": 5, "grado_salida_ponderado": 0.0, "grado_entrada_ponderado": 36.64595452851986, "centralidad_intermediacion": 0.0, "pagerank_proveeduria": 0.0007509103741085098}}, {"type": "Feature", "geometry": {"type": "Point", "coordinates": [-99.571293, 19.381182]}, "properties": {"id_unidad": 1033, "nombre": "KWD INDUSTRIAS", "codigo_scian": "336320", "tier_red": "2", "oem_grupo": null, "es_planta_ensamble": null, "entidad": "MÉXICO", "municipio": "Toluca", "cvegeo_mun": "15106", "nivel_inst": "NUCLEO_CONFIRMADO", "n_clientes": 0, "n_proveedores": 5, "grado_salida_ponderado": 0.0, "grado_entrada_ponderado": 42.231468903298534, "centralidad_intermediacion": 0.0, "pagerank_proveeduria": 0.0007509103741085098}}, {"type": "Feature", "geometry": {"type": "Point", "coordinates": [-103.509641, 25.619446]}, "properties": {"id_unidad": 1038, "nombre": "KYUNGSHIN", "codigo_scian": "336320", "tier_red": "1", "oem_grupo": null, "es_planta_ensamble": null, "entidad": "DURANGO", "municipio": "Gómez Palacio", "cvegeo_mun": "10007", "nivel_inst": "SIN_REGISTRO_INST", "n_clientes": 0, "n_proveedores": 5, "grado_salida_ponderado": 0.0, "grado_entrada_ponderado": 6.393267940632101, "centralidad_intermediacion": 0.0, "pagerank_proveeduria": 0.0007509103741085098}}, {"type": "Feature", "geometry": {"type": "Point", "coordinates": [-106.411761, 31.698618]}, "properties": {"id_unidad": 1039, "nombre": "KYUNGSHIN-LEAR", "codigo_scian": "336320", "tier_red": "1", "oem_grupo": null, "es_planta_ensamble": null, "entidad": "CHIHUAHUA", "municipio": "Juárez", "cvegeo_mun": "08037", "nivel_inst": "INDETERMINADO", "n_clientes": 0, "n_proveedores": 5, "grado_salida_ponderado": 0.0, "grado_entrada_ponderado": 24.372726818015252, "centralidad_intermediacion": 0.0, "pagerank_proveeduria": 0.0007509103741085098}}, {"type": "Feature", "geometry": {"type": "Point", "coordinates": [-106.357748, 31.620538]}, "properties": {"id_unidad": 1040, "nombre": "KYUNGSHIN-LEAR", "codigo_scian": "336320", "tier_red": "1", "oem_grupo": null, "es_planta_ensamble": null, "entidad": "CHIHUAHUA", "municipio": "Juárez", "cvegeo_mun": "08037", "nivel_inst": "INDETERMINADO", "n_clientes": 0, "n_proveedores": 5, "grado_salida_ponderado": 0.0, "grado_entrada_ponderado": 26.390664862863016, "centralidad_intermediacion": 0.0, "pagerank_proveeduria": 0.0007509103741085098}}, {"type": "Feature", "geometry": {"type": "Point", "coordinates": [-104.614452, 24.069173]}, "properties": {"id_unidad": 1041, "nombre": "KYUNGSHIN-LEAR", "codigo_scian": "336320", "tier_red": "1", "oem_grupo": null, "es_planta_ensamble": null, "entidad": "DURANGO", "municipio": "Durango", "cvegeo_mun": "10005", "nivel_inst": "NUCLEO_CONFIRMADO", "n_clientes": 0, "n_proveedores": 5, "grado_salida_ponderado": 0.0, "grado_entrada_ponderado": 10.063319658458669, "centralidad_intermediacion": 0.0, "pagerank_proveeduria": 0.0007509103741085098}}, {"type": "Feature", "geometry": {"type": "Point", "coordinates": [-104.475317, 24.786643]}, "properties": {"id_unidad": 1042, "nombre": "KYUNGSHIN-LEAR", "codigo_scian": "336320", "tier_red": "1", "oem_grupo": null, "es_planta_ensamble": null, "entidad": "DURANGO", "municipio": "San Juan del Río", "cvegeo_mun": "10028", "nivel_inst": "NUCLEO_CONFIRMADO", "n_clientes": 0, "n_proveedores": 5, "grado_salida_ponderado": 0.0, "grado_entrada_ponderado": 9.14407969067165, "centralidad_intermediacion": 0.0, "pagerank_proveeduria": 0.0007509103741085098}}, {"type": "Feature", "geometry": {"type": "Point", "coordinates": [-100.905226, 25.443303]}, "properties": {"id_unidad": 1050, "nombre": "LEAR CORPORATION", "codigo_scian": "336360", "tier_red": "2", "oem_grupo": null, "es_planta_ensamble": null, "entidad": "COAHUILA DE ZARAGOZA", "municipio": "Saltillo", "cvegeo_mun": "05030", "nivel_inst": "NUCLEO_CONFIRMADO", "n_clientes": 0, "n_proveedores": 5, "grado_salida_ponderado": 0.0, "grado_entrada_ponderado": 10.396143060931353, "centralidad_intermediacion": 0.0, "pagerank_proveeduria": 0.0007509103741085098}}, {"type": "Feature", "geometry": {"type": "Point", "coordinates": [-103.267403, 25.535078]}, "properties": {"id_unidad": 1051, "nombre": "LEAR CORPORATION", "codigo_scian": "336360", "tier_red": "1", "oem_grupo": null, "es_planta_ensamble": null, "entidad": "COAHUILA DE ZARAGOZA", "municipio": "Matamoros", "cvegeo_mun": "05017", "nivel_inst": "NUCLEO_CONFIRMADO", "n_clientes": 0, "n_proveedores": 5, "grado_salida_ponderado": 0.0, "grado_entrada_ponderado": 1.7907058631065205, "centralidad_intermediacion": 0.0, "pagerank_proveeduria": 0.0007509103741085098}}, {"type": "Feature", "geometry": {"type": "Point", "coordinates": [-103.265334, 25.532778]}, "properties": {"id_unidad": 1052, "nombre": "LEAR CORPORATION", "codigo_scian": "336360", "tier_red": "1", "oem_grupo": null, "es_planta_ensamble": null, "entidad": "COAHUILA DE ZARAGOZA", "municipio": "Matamoros", "cvegeo_mun": "05017", "nivel_inst": "NUCLEO_CONFIRMADO", "n_clientes": 0, "n_proveedores": 5, "grado_salida_ponderado": 0.0, "grado_entrada_ponderado": 1.790962599242837, "centralidad_intermediacion": 0.0, "pagerank_proveeduria": 0.0007509103741085098}}, {"type": "Feature", "geometry": {"type": "Point", "coordinates": [-100.552628, 28.681539]}, "properties": {"id_unidad": 1054, "nombre": "LEAR CORPORATION", "codigo_scian": "336360", "tier_red": "2", "oem_grupo": null, "es_planta_ensamble": null, "entidad": "COAHUILA DE ZARAGOZA", "municipio": "Piedras Negras", "cvegeo_mun": "05025", "nivel_inst": "NUCLEO_CONFIRMADO", "n_clientes": 0, "n_proveedores": 5, "grado_salida_ponderado": 0.0, "grado_entrada_ponderado": 4.229122163957613, "centralidad_intermediacion": 0.0, "pagerank_proveeduria": 0.0007509103741085098}}, {"type": "Feature", "geometry": {"type": "Point", "coordinates": [-100.928822, 25.559483]}, "properties": {"id_unidad": 1055, "nombre": "LEAR CORPORATION", "codigo_scian": "336360", "tier_red": "2", "oem_grupo": null, "es_planta_ensamble": null, "entidad": "COAHUILA DE ZARAGOZA", "municipio": "Ramos Arizpe", "cvegeo_mun": "05027", "nivel_inst": "NUCLEO_CONFIRMADO", "n_clientes": 0, "n_proveedores": 5, "grado_salida_ponderado": 0.0, "grado_entrada_ponderado": 10.440112825658883, "centralidad_intermediacion": 0.0, "pagerank_proveeduria": 0.0007509103741085098}}, {"type": "Feature", "geometry": {"type": "Point", "coordinates": [-100.552629, 28.681542]}, "properties": {"id_unidad": 1056, "nombre": "LEAR CORPORATION", "codigo_scian": "336360", "tier_red": "1", "oem_grupo": null, "es_planta_ensamble": null, "entidad": "COAHUILA DE ZARAGOZA", "municipio": "Piedras Negras", "cvegeo_mun": "05025", "nivel_inst": "NUCLEO_CONFIRMADO", "n_clientes": 0, "n_proveedores": 5, "grado_salida_ponderado": 0.0, "grado_entrada_ponderado": 0.7382726921270004, "centralidad_intermediacion": 0.0, "pagerank_proveeduria": 0.0007509103741085098}}, {"type": "Feature", "geometry": {"type": "Point", "coordinates": [-100.569483, 28.677264]}, "properties": {"id_unidad": 1058, "nombre": "LEAR CORPORATION", "codigo_scian": "336360", "tier_red": "1", "oem_grupo": null, "es_planta_ensamble": null, "entidad": "COAHUILA DE ZARAGOZA", "municipio": "Piedras Negras", "cvegeo_mun": "05025", "nivel_inst": "NUCLEO_CONFIRMADO", "n_clientes": 0, "n_proveedores": 5, "grado_salida_ponderado": 0.0, "grado_entrada_ponderado": 4.9186002103609345, "centralidad_intermediacion": 0.0, "pagerank_proveeduria": 0.0007509103741085098}}, {"type": "Feature", "geometry": {"type": "Point", "coordinates": [-100.898842, 25.481342]}, "properties": {"id_unidad": 1059, "nombre": "LEAR CORPORATION", "codigo_scian": "336360", "tier_red": "2", "oem_grupo": null, "es_planta_ensamble": null, "entidad": "COAHUILA DE ZARAGOZA", "municipio": "Arteaga", "cvegeo_mun": "05004", "nivel_inst": "NUCLEO_CONFIRMADO", "n_clientes": 0, "n_proveedores": 5, "grado_salida_ponderado": 0.0, "grado_entrada_ponderado": 10.397276507114983, "centralidad_intermediacion": 0.0, "pagerank_proveeduria": 0.0007509103741085098}}, {"type": "Feature", "geometry": {"type": "Point", "coordinates": [-103.265049, 25.530919]}, "properties": {"id_unidad": 1060, "nombre": "LEAR CORPORATION", "codigo_scian": "336320", "tier_red": "1", "oem_grupo": null, "es_planta_ensamble": null, "entidad": "COAHUILA DE ZARAGOZA", "municipio": "Matamoros", "cvegeo_mun": "05017", "nivel_inst": "NUCLEO_CONFIRMADO", "n_clientes": 0, "n_proveedores": 5, "grado_salida_ponderado": 0.0, "grado_entrada_ponderado": 10.040994789273087, "centralidad_intermediacion": 0.0, "pagerank_proveeduria": 0.0007509103741085098}}, {"type": "Feature", "geometry": {"type": "Point", "coordinates": [-103.265179, 25.531767]}, "properties": {"id_unidad": 1061, "nombre": "LEAR CORPORATION", "codigo_scian": "336320", "tier_red": "1", "oem_grupo": null, "es_planta_ensamble": null, "entidad": "COAHUILA DE ZARAGOZA", "municipio": "Matamoros", "cvegeo_mun": "05017", "nivel_inst": "NUCLEO_CONFIRMADO", "n_clientes": 0, "n_proveedores": 5, "grado_salida_ponderado": 0.0, "grado_entrada_ponderado": 10.039345482059101, "centralidad_intermediacion": 0.0, "pagerank_proveeduria": 0.0007509103741085098}}, {"type": "Feature", "geometry": {"type": "Point", "coordinates": [-106.383774, 31.618216]}, "properties": {"id_unidad": 1062, "nombre": "LEAR CORPORATION", "codigo_scian": "336360", "tier_red": "2", "oem_grupo": null, "es_planta_ensamble": null, "entidad": "CHIHUAHUA", "municipio": "Juárez", "cvegeo_mun": "08037", "nivel_inst": "NUCLEO_CONFIRMADO", "n_clientes": 0, "n_proveedores": 5, "grado_salida_ponderado": 0.0, "grado_entrada_ponderado": 0.07887533411878171, "centralidad_intermediacion": 0.0, "pagerank_proveeduria": 0.0007509103741085098}}, {"type": "Feature", "geometry": {"type": "Point", "coordinates": [-106.42934, 31.749535]}, "properties": {"id_unidad": 1063, "nombre": "LEAR CORPORATION", "codigo_scian": "336320", "tier_red": "1", "oem_grupo": null, "es_planta_ensamble": null, "entidad": "CHIHUAHUA", "municipio": "Juárez", "cvegeo_mun": "08037", "nivel_inst": "NUCLEO_CONFIRMADO", "n_clientes": 0, "n_proveedores": 5, "grado_salida_ponderado": 0.0, "grado_entrada_ponderado": 31.878114405694127, "centralidad_intermediacion": 0.0, "pagerank_proveeduria": 0.0007509103741085098}}, {"type": "Feature", "geometry": {"type": "Point", "coordinates": [-106.427028, 31.70701]}, "properties": {"id_unidad": 1064, "nombre": "LEAR CORPORATION", "codigo_scian": "336360", "tier_red": "1", "oem_grupo": null, "es_planta_ensamble": null, "entidad": "CHIHUAHUA", "municipio": "Juárez", "cvegeo_mun": "08037", "nivel_inst": "NUCLEO_CONFIRMADO", "n_clientes": 0, "n_proveedores": 5, "grado_salida_ponderado": 0.0, "grado_entrada_ponderado": 11.658161362373217, "centralidad_intermediacion": 0.0, "pagerank_proveeduria": 0.0007509103741085098}}, {"type": "Feature", "geometry": {"type": "Point", "coordinates": [-106.495793, 30.622304]}, "properties": {"id_unidad": 1065, "nombre": "LEAR CORPORATION", "codigo_scian": "336360", "tier_red": "1", "oem_grupo": null, "es_planta_ensamble": null, "entidad": "CHIHUAHUA", "municipio": "Ahumada", "cvegeo_mun": "08001", "nivel_inst": "NUCLEO_CONFIRMADO", "n_clientes": 0, "n_proveedores": 5, "grado_salida_ponderado": 0.0, "grado_entrada_ponderado": 5.993494070402008, "centralidad_intermediacion": 0.0, "pagerank_proveeduria": 0.0007509103741085098}}, {"type": "Feature", "geometry": {"type": "Point", "coordinates": [-108.003795, 31.088348]}, "properties": {"id_unidad": 1066, "nombre": "LEAR CORPORATION", "codigo_scian": "336360", "tier_red": "1", "oem_grupo": null, "es_planta_ensamble": null, "entidad": "CHIHUAHUA", "municipio": "Ascensión", "cvegeo_mun": "08005", "nivel_inst": "NUCLEO_CONFIRMADO", "n_clientes": 0, "n_proveedores": 5, "grado_salida_ponderado": 0.0, "grado_entrada_ponderado": 6.869144209600507, "centralidad_intermediacion": 0.0, "pagerank_proveeduria": 0.0007509103741085098}}, {"type": "Feature", "geometry": {"type": "Point", "coordinates": [-106.347529, 31.625836]}, "properties": {"id_unidad": 1067, "nombre": "LEAR CORPORATION", "codigo_scian": "336360", "tier_red": "1", "oem_grupo": null, "es_planta_ensamble": null, "entidad": "CHIHUAHUA", "municipio": "Juárez", "cvegeo_mun": "08037", "nivel_inst": "NUCLEO_CONFIRMADO", "n_clientes": 0, "n_proveedores": 5, "grado_salida_ponderado": 0.0, "grado_entrada_ponderado": 4.501923089421861, "centralidad_intermediacion": 0.0, "pagerank_proveeduria": 0.0007509103741085098}}, {"type": "Feature", "geometry": {"type": "Point", "coordinates": [-106.427177, 31.707378]}, "properties": {"id_unidad": 1068, "nombre": "LEAR CORPORATION", "codigo_scian": "336320", "tier_red": "1", "oem_grupo": null, "es_planta_ensamble": null, "entidad": "CHIHUAHUA", "municipio": "Juárez", "cvegeo_mun": "08037", "nivel_inst": "NUCLEO_CONFIRMADO", "n_clientes": 0, "n_proveedores": 5, "grado_salida_ponderado": 0.0, "grado_entrada_ponderado": 11.401290618433773, "centralidad_intermediacion": 0.0, "pagerank_proveeduria": 0.0007509103741085098}}, {"type": "Feature", "geometry": {"type": "Point", "coordinates": [-106.42334, 31.605769]}, "properties": {"id_unidad": 1069, "nombre": "LEAR CORPORATION", "codigo_scian": "336320", "tier_red": "1", "oem_grupo": null, "es_planta_ensamble": null, "entidad": "CHIHUAHUA", "municipio": "Juárez", "cvegeo_mun": "08037", "nivel_inst": "NUCLEO_CONFIRMADO", "n_clientes": 0, "n_proveedores": 5, "grado_salida_ponderado": 0.0, "grado_entrada_ponderado": 39.033692900808774, "centralidad_intermediacion": 0.0, "pagerank_proveeduria": 0.0007509103741085098}}, {"type": "Feature", "geometry": {"type": "Point", "coordinates": [-106.431084, 31.722328]}, "properties": {"id_unidad": 1070, "nombre": "LEAR CORPORATION", "codigo_scian": "336360", "tier_red": "1", "oem_grupo": null, "es_planta_ensamble": null, "entidad": "CHIHUAHUA", "municipio": "Juárez", "cvegeo_mun": "08037", "nivel_inst": "NUCLEO_CONFIRMADO", "n_clientes": 0, "n_proveedores": 5, "grado_salida_ponderado": 0.0, "grado_entrada_ponderado": 11.140288063397117, "centralidad_intermediacion": 0.0, "pagerank_proveeduria": 0.0007509103741085098}}, {"type": "Feature", "geometry": {"type": "Point", "coordinates": [-106.424362, 31.681633]}, "properties": {"id_unidad": 1071, "nombre": "LEAR CORPORATION", "codigo_scian": "336360", "tier_red": "1", "oem_grupo": null, "es_planta_ensamble": null, "entidad": "CHIHUAHUA", "municipio": "Juárez", "cvegeo_mun": "08037", "nivel_inst": "NUCLEO_CONFIRMADO", "n_clientes": 0, "n_proveedores": 5, "grado_salida_ponderado": 0.0, "grado_entrada_ponderado": 12.006566694230242, "centralidad_intermediacion": 0.0, "pagerank_proveeduria": 0.0007509103741085098}}, {"type": "Feature", "geometry": {"type": "Point", "coordinates": [-105.495329, 28.281778]}, "properties": {"id_unidad": 1072, "nombre": "LEAR CORPORATION", "codigo_scian": "336360", "tier_red": "1", "oem_grupo": null, "es_planta_ensamble": null, "entidad": "CHIHUAHUA", "municipio": "Meoqui", "cvegeo_mun": "08045", "nivel_inst": "NUCLEO_CONFIRMADO", "n_clientes": 1, "n_proveedores": 5, "grado_salida_ponderado": 0.0326643825996408, "grado_entrada_ponderado": 19.989254356732623, "centralidad_intermediacion": 8.645134518293105e-06, "pagerank_proveeduria": 0.0007749906714109404}}, {"type": "Feature", "geometry": {"type": "Point", "coordinates": [-107.9042, 30.434206]}, "properties": {"id_unidad": 1073, "nombre": "LEAR CORPORATION", "codigo_scian": "336360", "tier_red": "1", "oem_grupo": null, "es_planta_ensamble": null, "entidad": "CHIHUAHUA", "municipio": "Meoqui", "cvegeo_mun": "08045", "nivel_inst": "NUCLEO_CONFIRMADO", "n_clientes": 0, "n_proveedores": 5, "grado_salida_ponderado": 0.0, "grado_entrada_ponderado": 6.766690454789222, "centralidad_intermediacion": 0.0, "pagerank_proveeduria": 0.0007509103741085098}}, {"type": "Feature", "geometry": {"type": "Point", "coordinates": [-106.09835, 28.674709]}, "properties": {"id_unidad": 1074, "nombre": "LEAR CORPORATION", "codigo_scian": "336320", "tier_red": "1", "oem_grupo": null, "es_planta_ensamble": null, "entidad": "CHIHUAHUA", "municipio": "Chihuahua", "cvegeo_mun": "08019", "nivel_inst": "NUCLEO_CONFIRMADO", "n_clientes": 0, "n_proveedores": 5, "grado_salida_ponderado": 0.0, "grado_entrada_ponderado": 34.844350746579465, "centralidad_intermediacion": 0.0, "pagerank_proveeduria": 0.0007509103741085098}}, {"type": "Feature", "geometry": {"type": "Point", "coordinates": [-107.891193, 30.387244]}, "properties": {"id_unidad": 1075, "nombre": "LEAR CORPORATION", "codigo_scian": "336360", "tier_red": "1", "oem_grupo": null, "es_planta_ensamble": null, "entidad": "CHIHUAHUA", "municipio": "Nuevo Casas Grandes", "cvegeo_mun": "08050", "nivel_inst": "NUCLEO_CONFIRMADO", "n_clientes": 0, "n_proveedores": 5, "grado_salida_ponderado": 0.0, "grado_entrada_ponderado": 6.755163464580909, "centralidad_intermediacion": 0.0, "pagerank_proveeduria": 0.0007509103741085098}}, {"type": "Feature", "geometry": {"type": "Point", "coordinates": [-106.34278, 31.660066]}, "properties": {"id_unidad": 1076, "nombre": "LEAR CORPORATION", "codigo_scian": "336360", "tier_red": "1", "oem_grupo": null, "es_planta_ensamble": null, "entidad": "CHIHUAHUA", "municipio": "Juárez", "cvegeo_mun": "08037", "nivel_inst": "NUCLEO_CONFIRMADO", "n_clientes": 0, "n_proveedores": 5, "grado_salida_ponderado": 0.0, "grado_entrada_ponderado": 12.422415500420037, "centralidad_intermediacion": 0.0, "pagerank_proveeduria": 0.0007509103741085098}}, {"type": "Feature", "geometry": {"type": "Point", "coordinates": [-106.424295, 31.736579]}, "properties": {"id_unidad": 1077, "nombre": "LEAR CORPORATION", "codigo_scian": "336360", "tier_red": "1", "oem_grupo": null, "es_planta_ensamble": null, "entidad": "CHIHUAHUA", "municipio": "Juárez", "cvegeo_mun": "08037", "nivel_inst": "NUCLEO_CONFIRMADO", "n_clientes": 0, "n_proveedores": 5, "grado_salida_ponderado": 0.0, "grado_entrada_ponderado": 10.89915997195007, "centralidad_intermediacion": 0.0, "pagerank_proveeduria": 0.0007509103741085098}}, {"type": "Feature", "geometry": {"type": "Point", "coordinates": [-106.390907, 31.666889]}, "properties": {"id_unidad": 1078, "nombre": "LEAR CORPORATION", "codigo_scian": "336360", "tier_red": "1", "oem_grupo": null, "es_planta_ensamble": null, "entidad": "CHIHUAHUA", "municipio": "Juárez", "cvegeo_mun": "08037", "nivel_inst": "NUCLEO_CONFIRMADO", "n_clientes": 0, "n_proveedores": 5, "grado_salida_ponderado": 0.0, "grado_entrada_ponderado": 12.675591716249961, "centralidad_intermediacion": 0.0, "pagerank_proveeduria": 0.0007509103741085098}}, {"type": "Feature", "geometry": {"type": "Point", "coordinates": [-106.399394, 31.611371]}, "properties": {"id_unidad": 1079, "nombre": "LEAR CORPORATION", "codigo_scian": "336320", "tier_red": "1", "oem_grupo": null, "es_planta_ensamble": null, "entidad": "CHIHUAHUA", "municipio": "Juárez", "cvegeo_mun": "08037", "nivel_inst": "NUCLEO_CONFIRMADO", "n_clientes": 0, "n_proveedores": 5, "grado_salida_ponderado": 0.0, "grado_entrada_ponderado": 41.946503405569125, "centralidad_intermediacion": 0.0, "pagerank_proveeduria": 0.0007509103741085098}}, {"type": "Feature", "geometry": {"type": "Point", "coordinates": [-99.027698, 19.297835]}, "properties": {"id_unidad": 1081, "nombre": "LEAR CORPORATION", "codigo_scian": "336360", "tier_red": "2", "oem_grupo": null, "es_planta_ensamble": null, "entidad": "CIUDAD DE MÉXICO", "municipio": "Tláhuac", "cvegeo_mun": "09011", "nivel_inst": "NUCLEO_CONFIRMADO", "n_clientes": 0, "n_proveedores": 5, "grado_salida_ponderado": 0.0, "grado_entrada_ponderado": 10.987294969530895, "centralidad_intermediacion": 0.0, "pagerank_proveeduria": 0.0007509103741085098}}, {"type": "Feature", "geometry": {"type": "Point", "coordinates": [-101.434602, 20.969438]}, "properties": {"id_unidad": 1082, "nombre": "LEAR CORPORATION", "codigo_scian": "336360", "tier_red": "1", "oem_grupo": null, "es_planta_ensamble": null, "entidad": "GUANAJUATO", "municipio": "Silao de la Victoria", "cvegeo_mun": "11037", "nivel_inst": "NUCLEO_CONFIRMADO", "n_clientes": 1, "n_proveedores": 5, "grado_salida_ponderado": 2.928719432238233, "grado_entrada_ponderado": 11.062433932329043, "centralidad_intermediacion": 0.0, "pagerank_proveeduria": 0.0008920589046231073}}, {"type": "Feature", "geometry": {"type": "Point", "coordinates": [-101.66608, 21.082976]}, "properties": {"id_unidad": 1083, "nombre": "LEAR CORPORATION", "codigo_scian": "336360", "tier_red": "1", "oem_grupo": null, "es_planta_ensamble": null, "entidad": "GUANAJUATO", "municipio": "León", "cvegeo_mun": "11020", "nivel_inst": "NUCLEO_CONFIRMADO", "n_clientes": 0, "n_proveedores": 5, "grado_salida_ponderado": 0.0, "grado_entrada_ponderado": 11.613862871191511, "centralidad_intermediacion": 0.0, "pagerank_proveeduria": 0.0007509103741085098}}, {"type": "Feature", "geometry": {"type": "Point", "coordinates": [-101.231835, 21.494826]}, "properties": {"id_unidad": 1084, "nombre": "LEAR CORPORATION", "codigo_scian": "336360", "tier_red": "1", "oem_grupo": null, "es_planta_ensamble": null, "entidad": "GUANAJUATO", "municipio": "San Felipe", "cvegeo_mun": "11030", "nivel_inst": "NUCLEO_CONFIRMADO", "n_clientes": 0, "n_proveedores": 5, "grado_salida_ponderado": 0.0, "grado_entrada_ponderado": 1.620159089247068, "centralidad_intermediacion": 0.0, "pagerank_proveeduria": 0.0007509103741085098}}, {"type": "Feature", "geometry": {"type": "Point", "coordinates": [-101.434664, 20.969931]}, "properties": {"id_unidad": 1085, "nombre": "LEAR CORPORATION", "codigo_scian": "336360", "tier_red": "1", "oem_grupo": null, "es_planta_ensamble": null, "entidad": "GUANAJUATO", "municipio": "Silao de la Victoria", "cvegeo_mun": "11037", "nivel_inst": "NUCLEO_CONFIRMADO", "n_clientes": 1, "n_proveedores": 5, "grado_salida_ponderado": 3.1917956427399337, "grado_entrada_ponderado": 12.07874356852144, "centralidad_intermediacion": 8.645134518293105e-06, "pagerank_proveeduria": 0.0009047377635526858}}, {"type": "Feature", "geometry": {"type": "Point", "coordinates": [-99.572952, 19.295528]}, "properties": {"id_unidad": 1086, "nombre": "LEAR CORPORATION", "codigo_scian": "336360", "tier_red": "2", "oem_grupo": null, "es_planta_ensamble": null, "entidad": "MÉXICO", "municipio": "Toluca", "cvegeo_mun": "15106", "nivel_inst": "NUCLEO_CONFIRMADO", "n_clientes": 0, "n_proveedores": 5, "grado_salida_ponderado": 0.0, "grado_entrada_ponderado": 10.518724064291522, "centralidad_intermediacion": 0.0, "pagerank_proveeduria": 0.0007509103741085098}}, {"type": "Feature", "geometry": {"type": "Point", "coordinates": [-99.576016, 19.295626]}, "properties": {"id_unidad": 1087, "nombre": "LEAR CORPORATION", "codigo_scian": "336360", "tier_red": "2", "oem_grupo": null, "es_planta_ensamble": null, "entidad": "MÉXICO", "municipio": "Toluca", "cvegeo_mun": "15106", "nivel_inst": "NUCLEO_CONFIRMADO", "n_clientes": 0, "n_proveedores": 5, "grado_salida_ponderado": 0.0, "grado_entrada_ponderado": 0.06312760129113809, "centralidad_intermediacion": 0.0, "pagerank_proveeduria": 0.0007509103741085098}}, {"type": "Feature", "geometry": {"type": "Point", "coordinates": [-98.245537, 19.111372]}, "properties": {"id_unidad": 1090, "nombre": "LEAR CORPORATION", "codigo_scian": "336360", "tier_red": "1", "oem_grupo": null, "es_planta_ensamble": null, "entidad": "PUEBLA", "municipio": "Cuautlancingo", "cvegeo_mun": "21041", "nivel_inst": "NUCLEO_CONFIRMADO", "n_clientes": 10, "n_proveedores": 5, "grado_salida_ponderado": 2.1654387858428885, "grado_entrada_ponderado": 7.177071559082388, "centralidad_intermediacion": 0.0, "pagerank_proveeduria": 0.0020032205557145074}}, {"type": "Feature", "geometry": {"type": "Point", "coordinates": [-100.889812, 22.051366]}, "properties": {"id_unidad": 1091, "nombre": "LEAR CORPORATION", "codigo_scian": "336360", "tier_red": "1", "oem_grupo": null, "es_planta_ensamble": null, "entidad": "SAN LUIS POTOSÍ", "municipio": "San Luis Potosí", "cvegeo_mun": "24028", "nivel_inst": "NUCLEO_CONFIRMADO", "n_clientes": 2, "n_proveedores": 5, "grado_salida_ponderado": 2.873167049037127, "grado_entrada_ponderado": 9.04450171014533, "centralidad_intermediacion": 0.0, "pagerank_proveeduria": 0.0009848671929567052}}, {"type": "Feature", "geometry": {"type": "Point", "coordinates": [-110.90931, 29.018301]}, "properties": {"id_unidad": 1092, "nombre": "LEAR CORPORATION", "codigo_scian": "336360", "tier_red": "1", "oem_grupo": null, "es_planta_ensamble": null, "entidad": "SONORA", "municipio": "Hermosillo", "cvegeo_mun": "26030", "nivel_inst": "NUCLEO_CONFIRMADO", "n_clientes": 1, "n_proveedores": 5, "grado_salida_ponderado": 0.6236957125398862, "grado_entrada_ponderado": 2.1371013341453207, "centralidad_intermediacion": 0.0, "pagerank_proveeduria": 0.00079396795525353}}, {"type": "Feature", "geometry": {"type": "Point", "coordinates": [-110.949154, 29.054412]}, "properties": {"id_unidad": 1093, "nombre": "LEAR CORPORATION", "codigo_scian": "336360", "tier_red": "1", "oem_grupo": null, "es_planta_ensamble": null, "entidad": "SONORA", "municipio": "Hermosillo", "cvegeo_mun": "26030", "nivel_inst": "NUCLEO_CONFIRMADO", "n_clientes": 0, "n_proveedores": 5, "grado_salida_ponderado": 0.0, "grado_entrada_ponderado": 0.0960660750635731, "centralidad_intermediacion": 0.0, "pagerank_proveeduria": 0.0007509103741085098}}, {"type": "Feature", "geometry": {"type": "Point", "coordinates": [-110.910091, 29.019032]}, "properties": {"id_unidad": 1094, "nombre": "LEAR CORPORATION", "codigo_scian": "336360", "tier_red": "1", "oem_grupo": null, "es_planta_ensamble": null, "entidad": "SONORA", "municipio": "Hermosillo", "cvegeo_mun": "26030", "nivel_inst": "NUCLEO_CONFIRMADO", "n_clientes": 1, "n_proveedores": 5, "grado_salida_ponderado": 4.536127881398103, "grado_entrada_ponderado": 15.576006436891651, "centralidad_intermediacion": 8.645134518293105e-06, "pagerank_proveeduria": 0.001064067399899346}}, {"type": "Feature", "geometry": {"type": "Point", "coordinates": [-98.2075, 26.009297]}, "properties": {"id_unidad": 1095, "nombre": "LEAR CORPORATION", "codigo_scian": "336360", "tier_red": "1", "oem_grupo": null, "es_planta_ensamble": null, "entidad": "TAMAULIPAS", "municipio": "Reynosa", "cvegeo_mun": "28032", "nivel_inst": "NUCLEO_CONFIRMADO", "n_clientes": 0, "n_proveedores": 5, "grado_salida_ponderado": 0.0, "grado_entrada_ponderado": 10.106738216212417, "centralidad_intermediacion": 0.0, "pagerank_proveeduria": 0.0007509103741085098}}, {"type": "Feature", "geometry": {"type": "Point", "coordinates": [-97.925122, 19.340815]}, "properties": {"id_unidad": 1096, "nombre": "LEAR CORPORATION", "codigo_scian": "336360", "tier_red": "1", "oem_grupo": null, "es_planta_ensamble": null, "entidad": "TLAXCALA", "municipio": "Huamantla", "cvegeo_mun": "29013", "nivel_inst": "NUCLEO_CONFIRMADO", "n_clientes": 1, "n_proveedores": 5, "grado_salida_ponderado": 0.2906782656397541, "grado_entrada_ponderado": 6.347337492192372, "centralidad_intermediacion": 8.645134518293105e-06, "pagerank_proveeduria": 0.0008964188481797398}}, {"type": "Feature", "geometry": {"type": "Point", "coordinates": [-98.221289, 19.143742]}, "properties": {"id_unidad": 1097, "nombre": "LEAR CORPORATION", "codigo_scian": "336360", "tier_red": "1", "oem_grupo": null, "es_planta_ensamble": null, "entidad": "TLAXCALA", "municipio": "Papalotla de Xicohténcatl", "cvegeo_mun": "29041", "nivel_inst": "NUCLEO_CONFIRMADO", "n_clientes": 4, "n_proveedores": 5, "grado_salida_ponderado": 0.2515990912273764, "grado_entrada_ponderado": 6.567404731366867, "centralidad_intermediacion": 0.0, "pagerank_proveeduria": 0.0011694042532615012}}, {"type": "Feature", "geometry": {"type": "Point", "coordinates": [-102.673535, 22.893858]}, "properties": {"id_unidad": 1098, "nombre": "LEAR CORPORATION", "codigo_scian": "336360", "tier_red": "1", "oem_grupo": null, "es_planta_ensamble": null, "entidad": "ZACATECAS", "municipio": "Morelos", "cvegeo_mun": "32032", "nivel_inst": "NUCLEO_CONFIRMADO", "n_clientes": 0, "n_proveedores": 5, "grado_salida_ponderado": 0.0, "grado_entrada_ponderado": 8.695255254877436, "centralidad_intermediacion": 0.0, "pagerank_proveeduria": 0.0007509103741085098}}, {"type": "Feature", "geometry": {"type": "Point", "coordinates": [-106.829316, 28.444445]}, "properties": {"id_unidad": 1100, "nombre": "LEONI", "codigo_scian": "336320", "tier_red": "1", "oem_grupo": null, "es_planta_ensamble": null, "entidad": "CHIHUAHUA", "municipio": "Cuauhtémoc", "cvegeo_mun": "08017", "nivel_inst": "INDETERMINADO", "n_clientes": 0, "n_proveedores": 5, "grado_salida_ponderado": 0.0, "grado_entrada_ponderado": 12.630845610246396, "centralidad_intermediacion": 0.0, "pagerank_proveeduria": 0.0007509103741085098}}, {"type": "Feature", "geometry": {"type": "Point", "coordinates": [-104.593999, 24.078781]}, "properties": {"id_unidad": 1101, "nombre": "LEONI", "codigo_scian": "336320", "tier_red": "1", "oem_grupo": null, "es_planta_ensamble": null, "entidad": "DURANGO", "municipio": "Durango", "cvegeo_mun": "10005", "nivel_inst": "NUCLEO_CONFIRMADO", "n_clientes": 0, "n_proveedores": 5, "grado_salida_ponderado": 0.0, "grado_entrada_ponderado": 0.16121254132640458, "centralidad_intermediacion": 0.0, "pagerank_proveeduria": 0.0007509103741085098}}, {"type": "Feature", "geometry": {"type": "Point", "coordinates": [-104.609231, 24.037363]}, "properties": {"id_unidad": 1102, "nombre": "LEONI", "codigo_scian": "336320", "tier_red": "1", "oem_grupo": null, "es_planta_ensamble": null, "entidad": "DURANGO", "municipio": "Durango", "cvegeo_mun": "10005", "nivel_inst": "NUCLEO_CONFIRMADO", "n_clientes": 0, "n_proveedores": 5, "grado_salida_ponderado": 0.0, "grado_entrada_ponderado": 10.114328863770703, "centralidad_intermediacion": 0.0, "pagerank_proveeduria": 0.0007509103741085098}}, {"type": "Feature", "geometry": {"type": "Point", "coordinates": [-100.73062, 20.541433]}, "properties": {"id_unidad": 1103, "nombre": "LEONI", "codigo_scian": "336320", "tier_red": "1", "oem_grupo": null, "es_planta_ensamble": null, "entidad": "GUANAJUATO", "municipio": "Apaseo el Grande", "cvegeo_mun": "11005", "nivel_inst": "INDETERMINADO", "n_clientes": 0, "n_proveedores": 5, "grado_salida_ponderado": 0.0, "grado_entrada_ponderado": 2.244914740900377, "centralidad_intermediacion": 0.0, "pagerank_proveeduria": 0.0007509103741085098}}, {"type": "Feature", "geometry": {"type": "Point", "coordinates": [-100.730589, 20.543726]}, "properties": {"id_unidad": 1104, "nombre": "LEONI", "codigo_scian": "336320", "tier_red": "1", "oem_grupo": null, "es_planta_ensamble": null, "entidad": "GUANAJUATO", "municipio": "Apaseo el Grande", "cvegeo_mun": "11005", "nivel_inst": "INDETERMINADO", "n_clientes": 0, "n_proveedores": 5, "grado_salida_ponderado": 0.0, "grado_entrada_ponderado": 4.204811453800015, "centralidad_intermediacion": 0.0, "pagerank_proveeduria": 0.0007509103741085098}}, {"type": "Feature", "geometry": {"type": "Point", "coordinates": [-111.007, 29.094791]}, "properties": {"id_unidad": 1105, "nombre": "LEONI", "codigo_scian": "336320", "tier_red": "1", "oem_grupo": null, "es_planta_ensamble": null, "entidad": "SONORA", "municipio": "Hermosillo", "cvegeo_mun": "26030", "nivel_inst": "PROBABLE", "n_clientes": 0, "n_proveedores": 5, "grado_salida_ponderado": 0.0, "grado_entrada_ponderado": 0.29926473990459274, "centralidad_intermediacion": 0.0, "pagerank_proveeduria": 0.0007509103741085098}}, {"type": "Feature", "geometry": {"type": "Point", "coordinates": [-111.02271, 29.098806]}, "properties": {"id_unidad": 1106, "nombre": "LEONI", "codigo_scian": "336320", "tier_red": "1", "oem_grupo": null, "es_planta_ensamble": null, "entidad": "SONORA", "municipio": "Hermosillo", "cvegeo_mun": "26030", "nivel_inst": "PROBABLE", "n_clientes": 1, "n_proveedores": 5, "grado_salida_ponderado": 2.887326706191568, "grado_entrada_ponderado": 48.882587246525325, "centralidad_intermediacion": 1.729026903658621e-06, "pagerank_proveeduria": 0.0009502404343357181}}, {"type": "Feature", "geometry": {"type": "Point", "coordinates": [-89.679036, 20.904196]}, "properties": {"id_unidad": 1107, "nombre": "LEONI", "codigo_scian": "336320", "tier_red": "1", "oem_grupo": null, "es_planta_ensamble": null, "entidad": "YUCATÁN", "municipio": "Mérida", "cvegeo_mun": "31050", "nivel_inst": "NUCLEO_CONFIRMADO", "n_clientes": 1, "n_proveedores": 5, "grado_salida_ponderado": 0.5352082288933854, "grado_entrada_ponderado": 17.060551706224846, "centralidad_intermediacion": 3.458053807317242e-06, "pagerank_proveeduria": 0.0008603714643398841}}, {"type": "Feature", "geometry": {"type": "Point", "coordinates": [-89.559955, 20.982137]}, "properties": {"id_unidad": 1108, "nombre": "LEONI", "codigo_scian": "336320", "tier_red": "1", "oem_grupo": null, "es_planta_ensamble": null, "entidad": "YUCATÁN", "municipio": "Mérida", "cvegeo_mun": "31050", "nivel_inst": "NUCLEO_CONFIRMADO", "n_clientes": 0, "n_proveedores": 5, "grado_salida_ponderado": 0.0, "grado_entrada_ponderado": 15.522327450624822, "centralidad_intermediacion": 0.0, "pagerank_proveeduria": 0.0007509103741085098}}, {"type": "Feature", "geometry": {"type": "Point", "coordinates": [-99.244739, 19.466819]}, "properties": {"id_unidad": 1126, "nombre": "M & G QUALITY PRODUCTS", "codigo_scian": "336320", "tier_red": "1", "oem_grupo": null, "es_planta_ensamble": null, "entidad": "MÉXICO", "municipio": "Naucalpan de Juárez", "cvegeo_mun": "15057", "nivel_inst": "INDETERMINADO", "n_clientes": 2, "n_proveedores": 5, "grado_salida_ponderado": 0.9376815406485274, "grado_entrada_ponderado": 31.260039351588514, "centralidad_intermediacion": 1.729026903658621e-05, "pagerank_proveeduria": 0.001047100784860453}}, {"type": "Feature", "geometry": {"type": "Point", "coordinates": [-102.282945, 22.041509]}, "properties": {"id_unidad": 1127, "nombre": "MABUCHI MOTOR MEXICO", "codigo_scian": "336320", "tier_red": "1", "oem_grupo": null, "es_planta_ensamble": null, "entidad": "AGUASCALIENTES", "municipio": "San Francisco de los Romo", "cvegeo_mun": "01011", "nivel_inst": "NUCLEO_CONFIRMADO", "n_clientes": 0, "n_proveedores": 5, "grado_salida_ponderado": 0.0, "grado_entrada_ponderado": 67.12111857761012, "centralidad_intermediacion": 0.0, "pagerank_proveeduria": 0.0007509103741085098}}, {"type": "Feature", "geometry": {"type": "Point", "coordinates": [-101.402543, 20.925399]}, "properties": {"id_unidad": 1129, "nombre": "MAFESA MANUFACTURA FEDERAL ELECTRICA", "codigo_scian": "334410", "tier_red": "2", "oem_grupo": null, "es_planta_ensamble": null, "entidad": "GUANAJUATO", "municipio": "Silao de la Victoria", "cvegeo_mun": "11037", "nivel_inst": "PROBABLE", "n_clientes": 2, "n_proveedores": 0, "grado_salida_ponderado": 3.8384319933979327, "grado_entrada_ponderado": 0.0, "centralidad_intermediacion": 0.0, "pagerank_proveeduria": 0.0010041582274985753}}, {"type": "Feature", "geometry": {"type": "Point", "coordinates": [-101.146044, 27.883698]}, "properties": {"id_unidad": 1130, "nombre": "MAGNA", "codigo_scian": "336360", "tier_red": "1", "oem_grupo": null, "es_planta_ensamble": null, "entidad": "COAHUILA DE ZARAGOZA", "municipio": "Sabinas", "cvegeo_mun": "05028", "nivel_inst": "NUCLEO_CONFIRMADO", "n_clientes": 0, "n_proveedores": 5, "grado_salida_ponderado": 0.0, "grado_entrada_ponderado": 6.5971238868979585, "centralidad_intermediacion": 0.0, "pagerank_proveeduria": 0.0007509103741085098}}, {"type": "Feature", "geometry": {"type": "Point", "coordinates": [-100.989612, 29.345089]}, "properties": {"id_unidad": 1131, "nombre": "MAGNA", "codigo_scian": "336360", "tier_red": "1", "oem_grupo": null, "es_planta_ensamble": null, "entidad": "COAHUILA DE ZARAGOZA", "municipio": "Acuña", "cvegeo_mun": "05002", "nivel_inst": "NUCLEO_CONFIRMADO", "n_clientes": 0, "n_proveedores": 5, "grado_salida_ponderado": 0.0, "grado_entrada_ponderado": 17.247948672018076, "centralidad_intermediacion": 0.0, "pagerank_proveeduria": 0.0007509103741085098}}, {"type": "Feature", "geometry": {"type": "Point", "coordinates": [-100.859906, 28.330828]}, "properties": {"id_unidad": 1133, "nombre": "MAGNA", "codigo_scian": "336360", "tier_red": "1", "oem_grupo": null, "es_planta_ensamble": null, "entidad": "COAHUILA DE ZARAGOZA", "municipio": "Allende", "cvegeo_mun": "05003", "nivel_inst": "NUCLEO_CONFIRMADO", "n_clientes": 0, "n_proveedores": 5, "grado_salida_ponderado": 0.0, "grado_entrada_ponderado": 5.73861618742493, "centralidad_intermediacion": 0.0, "pagerank_proveeduria": 0.0007509103741085098}}, {"type": "Feature", "geometry": {"type": "Point", "coordinates": [-99.193518, 19.709366]}, "properties": {"id_unidad": 1141, "nombre": "MAGNA", "codigo_scian": "336370", "tier_red": "2", "oem_grupo": null, "es_planta_ensamble": null, "entidad": "MÉXICO", "municipio": "Cuautitlán Izcalli", "cvegeo_mun": "15121", "nivel_inst": "NUCLEO_CONFIRMADO", "n_clientes": 30, "n_proveedores": 0, "grado_salida_ponderado": 64.22194383613258, "grado_entrada_ponderado": 0.0, "centralidad_intermediacion": 0.0, "pagerank_proveeduria": 0.006042886242459973}}, {"type": "Feature", "geometry": {"type": "Point", "coordinates": [-99.196518, 18.844637]}, "properties": {"id_unidad": 1143, "nombre": "MAGNA", "codigo_scian": "336370", "tier_red": "2", "oem_grupo": null, "es_planta_ensamble": null, "entidad": "MORELOS", "municipio": "Emiliano Zapata", "cvegeo_mun": "17008", "nivel_inst": "NUCLEO_CONFIRMADO", "n_clientes": 54, "n_proveedores": 0, "grado_salida_ponderado": 98.84088437926954, "grado_entrada_ponderado": 0.0, "centralidad_intermediacion": 0.0, "pagerank_proveeduria": 0.007428774955434609}}, {"type": "Feature", "geometry": {"type": "Point", "coordinates": [-100.131716, 25.694537]}, "properties": {"id_unidad": 1145, "nombre": "MAGNA", "codigo_scian": "336320", "tier_red": "1", "oem_grupo": null, "es_planta_ensamble": null, "entidad": "NUEVO LEÓN", "municipio": "Guadalupe", "cvegeo_mun": "19026", "nivel_inst": "NUCLEO_CONFIRMADO", "n_clientes": 1, "n_proveedores": 5, "grado_salida_ponderado": 1.9950451626740784, "grado_entrada_ponderado": 46.42818421649864, "centralidad_intermediacion": 5.187080710975863e-06, "pagerank_proveeduria": 0.0008877644259028525}}, {"type": "Feature", "geometry": {"type": "Point", "coordinates": [-98.150542, 19.075819]}, "properties": {"id_unidad": 1146, "nombre": "MAGNA", "codigo_scian": "336370", "tier_red": "2", "oem_grupo": null, "es_planta_ensamble": null, "entidad": "PUEBLA", "municipio": "Puebla", "cvegeo_mun": "21114", "nivel_inst": "NUCLEO_CONFIRMADO", "n_clientes": 40, "n_proveedores": 0, "grado_salida_ponderado": 126.45924008500361, "grado_entrada_ponderado": 0.0, "centralidad_intermediacion": 0.0, "pagerank_proveeduria": 0.005709305982402245}}, {"type": "Feature", "geometry": {"type": "Point", "coordinates": [-98.382086, 19.16424]}, "properties": {"id_unidad": 1148, "nombre": "MAGNA", "codigo_scian": "336360", "tier_red": "2", "oem_grupo": null, "es_planta_ensamble": null, "entidad": "PUEBLA", "municipio": "Huejotzingo", "cvegeo_mun": "21074", "nivel_inst": "NUCLEO_CONFIRMADO", "n_clientes": 0, "n_proveedores": 5, "grado_salida_ponderado": 0.0, "grado_entrada_ponderado": 3.811309590669103, "centralidad_intermediacion": 0.0, "pagerank_proveeduria": 0.0007509103741085098}}, {"type": "Feature", "geometry": {"type": "Point", "coordinates": [-100.875182, 21.974112]}, "properties": {"id_unidad": 1149, "nombre": "MAGNA", "codigo_scian": "336370", "tier_red": "2", "oem_grupo": null, "es_planta_ensamble": null, "entidad": "SAN LUIS POTOSÍ", "municipio": "Villa de Reyes", "cvegeo_mun": "24050", "nivel_inst": "NUCLEO_CONFIRMADO", "n_clientes": 63, "n_proveedores": 0, "grado_salida_ponderado": 108.32789119752748, "grado_entrada_ponderado": 0.0, "centralidad_intermediacion": 0.0, "pagerank_proveeduria": 0.00762549930962426}}, {"type": "Feature", "geometry": {"type": "Point", "coordinates": [-110.904712, 28.99751]}, "properties": {"id_unidad": 1152, "nombre": "MAGNA", "codigo_scian": "336370", "tier_red": "2", "oem_grupo": null, "es_planta_ensamble": null, "entidad": "SONORA", "municipio": "Hermosillo", "cvegeo_mun": "26030", "nivel_inst": "NUCLEO_CONFIRMADO", "n_clientes": 62, "n_proveedores": 0, "grado_salida_ponderado": 187.35562421460554, "grado_entrada_ponderado": 0.0, "centralidad_intermediacion": 0.0, "pagerank_proveeduria": 0.011337700673675653}}, {"type": "Feature", "geometry": {"type": "Point", "coordinates": [-97.545001, 25.88706]}, "properties": {"id_unidad": 1153, "nombre": "MAGNA", "codigo_scian": "336320", "tier_red": "1", "oem_grupo": null, "es_planta_ensamble": null, "entidad": "TAMAULIPAS", "municipio": "Matamoros", "cvegeo_mun": "28022", "nivel_inst": "NUCLEO_CONFIRMADO", "n_clientes": 0, "n_proveedores": 5, "grado_salida_ponderado": 0.0, "grado_entrada_ponderado": 10.873656039478446, "centralidad_intermediacion": 0.0, "pagerank_proveeduria": 0.0007509103741085098}}, {"type": "Feature", "geometry": {"type": "Point", "coordinates": [-106.39465, 31.669632]}, "properties": {"id_unidad": 1156, "nombre": "MAHLE", "codigo_scian": "336320", "tier_red": "1", "oem_grupo": null, "es_planta_ensamble": null, "entidad": "CHIHUAHUA", "municipio": "Juárez", "cvegeo_mun": "08037", "nivel_inst": "SIN_REGISTRO_INST", "n_clientes": 0, "n_proveedores": 5, "grado_salida_ponderado": 0.0, "grado_entrada_ponderado": 19.142064664806956, "centralidad_intermediacion": 0.0, "pagerank_proveeduria": 0.0007509103741085098}}, {"type": "Feature", "geometry": {"type": "Point", "coordinates": [-106.394726, 31.668953]}, "properties": {"id_unidad": 1157, "nombre": "MAHLE", "codigo_scian": "336320", "tier_red": "1", "oem_grupo": null, "es_planta_ensamble": null, "entidad": "CHIHUAHUA", "municipio": "Juárez", "cvegeo_mun": "08037", "nivel_inst": "SIN_REGISTRO_INST", "n_clientes": 0, "n_proveedores": 5, "grado_salida_ponderado": 0.0, "grado_entrada_ponderado": 19.172045969026392, "centralidad_intermediacion": 0.0, "pagerank_proveeduria": 0.0007509103741085098}}, {"type": "Feature", "geometry": {"type": "Point", "coordinates": [-106.394902, 31.668368]}, "properties": {"id_unidad": 1158, "nombre": "MAHLE", "codigo_scian": "336320", "tier_red": "1", "oem_grupo": null, "es_planta_ensamble": null, "entidad": "CHIHUAHUA", "municipio": "Juárez", "cvegeo_mun": "08037", "nivel_inst": "SIN_REGISTRO_INST", "n_clientes": 0, "n_proveedores": 5, "grado_salida_ponderado": 0.0, "grado_entrada_ponderado": 19.19562794141124, "centralidad_intermediacion": 0.0, "pagerank_proveeduria": 0.0007509103741085098}}, {"type": "Feature", "geometry": {"type": "Point", "coordinates": [-101.422621, 20.967649]}, "properties": {"id_unidad": 1159, "nombre": "MAHLE", "codigo_scian": "336320", "tier_red": "1", "oem_grupo": null, "es_planta_ensamble": null, "entidad": "GUANAJUATO", "municipio": "Silao de la Victoria", "cvegeo_mun": "11037", "nivel_inst": "SIN_REGISTRO_INST", "n_clientes": 0, "n_proveedores": 5, "grado_salida_ponderado": 0.0, "grado_entrada_ponderado": 1.7953069949193574, "centralidad_intermediacion": 0.0, "pagerank_proveeduria": 0.0007509103741085098}}, {"type": "Feature", "geometry": {"type": "Point", "coordinates": [-106.129663, 28.719878]}, "properties": {"id_unidad": 1164, "nombre": "MANYSER MANUFACTURAS Y SERVICIOS", "codigo_scian": "336320", "tier_red": "1", "oem_grupo": null, "es_planta_ensamble": null, "entidad": "CHIHUAHUA", "municipio": "Chihuahua", "cvegeo_mun": "08019", "nivel_inst": "PROBABLE", "n_clientes": 0, "n_proveedores": 5, "grado_salida_ponderado": 0.0, "grado_entrada_ponderado": 10.861881795084473, "centralidad_intermediacion": 0.0, "pagerank_proveeduria": 0.0007509103741085098}}, {"type": "Feature", "geometry": {"type": "Point", "coordinates": [-110.815408, 27.94619]}, "properties": {"id_unidad": 1169, "nombre": "MAQUILAS TETAKAWI", "codigo_scian": "336320", "tier_red": "1", "oem_grupo": null, "es_planta_ensamble": null, "entidad": "SONORA", "municipio": "Empalme", "cvegeo_mun": "26025", "nivel_inst": "SIN_REGISTRO_INST", "n_clientes": 0, "n_proveedores": 5, "grado_salida_ponderado": 0.0, "grado_entrada_ponderado": 4.80195055396122, "centralidad_intermediacion": 0.0, "pagerank_proveeduria": 0.0007509103741085098}}, {"type": "Feature", "geometry": {"type": "Point", "coordinates": [-110.815437, 27.947907]}, "properties": {"id_unidad": 1170, "nombre": "MAQUILAS TETAKAWI", "codigo_scian": "336320", "tier_red": "1", "oem_grupo": null, "es_planta_ensamble": null, "entidad": "SONORA", "municipio": "Empalme", "cvegeo_mun": "26025", "nivel_inst": "SIN_REGISTRO_INST", "n_clientes": 0, "n_proveedores": 5, "grado_salida_ponderado": 0.0, "grado_entrada_ponderado": 13.732386337564048, "centralidad_intermediacion": 0.0, "pagerank_proveeduria": 0.0007509103741085098}}, {"type": "Feature", "geometry": {"type": "Point", "coordinates": [-110.937028, 27.959027]}, "properties": {"id_unidad": 1171, "nombre": "MAQUILAS TETAKAWI", "codigo_scian": "336320", "tier_red": "1", "oem_grupo": null, "es_planta_ensamble": null, "entidad": "SONORA", "municipio": "Guaymas", "cvegeo_mun": "26029", "nivel_inst": "SIN_REGISTRO_INST", "n_clientes": 1, "n_proveedores": 5, "grado_salida_ponderado": 0.5956748852887669, "grado_entrada_ponderado": 13.834381725139792, "centralidad_intermediacion": 0.0, "pagerank_proveeduria": 0.0007920335038554237}}, {"type": "Feature", "geometry": {"type": "Point", "coordinates": [-110.814976, 27.945027]}, "properties": {"id_unidad": 1173, "nombre": "MAQUILAS TETAKAWI", "codigo_scian": "336320", "tier_red": "1", "oem_grupo": null, "es_planta_ensamble": null, "entidad": "SONORA", "municipio": "Empalme", "cvegeo_mun": "26025", "nivel_inst": "SIN_REGISTRO_INST", "n_clientes": 0, "n_proveedores": 5, "grado_salida_ponderado": 0.0, "grado_entrada_ponderado": 4.798915617328436, "centralidad_intermediacion": 0.0, "pagerank_proveeduria": 0.0007509103741085098}}, {"type": "Feature", "geometry": {"type": "Point", "coordinates": [-110.914736, 27.921215]}, "properties": {"id_unidad": 1174, "nombre": "MAQUILAS TETAKAWI", "codigo_scian": "336320", "tier_red": "1", "oem_grupo": null, "es_planta_ensamble": null, "entidad": "SONORA", "municipio": "Guaymas", "cvegeo_mun": "26029", "nivel_inst": "SIN_REGISTRO_INST", "n_clientes": 0, "n_proveedores": 5, "grado_salida_ponderado": 0.0, "grado_entrada_ponderado": 13.570683494402635, "centralidad_intermediacion": 0.0, "pagerank_proveeduria": 0.0007509103741085098}}, {"type": "Feature", "geometry": {"type": "Point", "coordinates": [-110.937155, 27.957064]}, "properties": {"id_unidad": 1175, "nombre": "MAQUILAS TETAKAWI", "codigo_scian": "336320", "tier_red": "1", "oem_grupo": null, "es_planta_ensamble": null, "entidad": "SONORA", "municipio": "Guaymas", "cvegeo_mun": "26029", "nivel_inst": "SIN_REGISTRO_INST", "n_clientes": 0, "n_proveedores": 5, "grado_salida_ponderado": 0.0, "grado_entrada_ponderado": 13.8198234630665, "centralidad_intermediacion": 0.0, "pagerank_proveeduria": 0.0007509103741085098}}, {"type": "Feature", "geometry": {"type": "Point", "coordinates": [-110.816042, 27.948953]}, "properties": {"id_unidad": 1176, "nombre": "MAQUILAS TETAKAWI", "codigo_scian": "336320", "tier_red": "1", "oem_grupo": null, "es_planta_ensamble": null, "entidad": "SONORA", "municipio": "Empalme", "cvegeo_mun": "26025", "nivel_inst": "SIN_REGISTRO_INST", "n_clientes": 0, "n_proveedores": 5, "grado_salida_ponderado": 0.0, "grado_entrada_ponderado": 13.74032527865198, "centralidad_intermediacion": 0.0, "pagerank_proveeduria": 0.0007509103741085098}}, {"type": "Feature", "geometry": {"type": "Point", "coordinates": [-110.812554, 27.946121]}, "properties": {"id_unidad": 1177, "nombre": "MAQUILAS TETAKAWI", "codigo_scian": "336320", "tier_red": "1", "oem_grupo": null, "es_planta_ensamble": null, "entidad": "SONORA", "municipio": "Empalme", "cvegeo_mun": "26025", "nivel_inst": "SIN_REGISTRO_INST", "n_clientes": 0, "n_proveedores": 5, "grado_salida_ponderado": 0.0, "grado_entrada_ponderado": 4.801258055601883, "centralidad_intermediacion": 0.0, "pagerank_proveeduria": 0.0007509103741085098}}, {"type": "Feature", "geometry": {"type": "Point", "coordinates": [-106.421103, 31.748031]}, "properties": {"id_unidad": 1180, "nombre": "MARELLI", "codigo_scian": "336320", "tier_red": "1", "oem_grupo": null, "es_planta_ensamble": null, "entidad": "CHIHUAHUA", "municipio": "Juárez", "cvegeo_mun": "08037", "nivel_inst": "NUCLEO_CONFIRMADO", "n_clientes": 0, "n_proveedores": 5, "grado_salida_ponderado": 0.0, "grado_entrada_ponderado": 32.67479031808225, "centralidad_intermediacion": 0.0, "pagerank_proveeduria": 0.0007509103741085098}}, {"type": "Feature", "geometry": {"type": "Point", "coordinates": [-106.433931, 31.752717]}, "properties": {"id_unidad": 1181, "nombre": "MARELLI", "codigo_scian": "336320", "tier_red": "1", "oem_grupo": null, "es_planta_ensamble": null, "entidad": "CHIHUAHUA", "municipio": "Juárez", "cvegeo_mun": "08037", "nivel_inst": "NUCLEO_CONFIRMADO", "n_clientes": 0, "n_proveedores": 5, "grado_salida_ponderado": 0.0, "grado_entrada_ponderado": 31.324060656712433, "centralidad_intermediacion": 0.0, "pagerank_proveeduria": 0.0007509103741085098}}, {"type": "Feature", "geometry": {"type": "Point", "coordinates": [-101.483735, 21.014809]}, "properties": {"id_unidad": 1190, "nombre": "MARTINREA", "codigo_scian": "336370", "tier_red": "2", "oem_grupo": null, "es_planta_ensamble": null, "entidad": "GUANAJUATO", "municipio": "Silao de la Victoria", "cvegeo_mun": "11037", "nivel_inst": "NUCLEO_CONFIRMADO", "n_clientes": 28, "n_proveedores": 0, "grado_salida_ponderado": 160.09646330202017, "grado_entrada_ponderado": 0.0, "centralidad_intermediacion": 0.0, "pagerank_proveeduria": 0.004967202127037207}}, {"type": "Feature", "geometry": {"type": "Point", "coordinates": [-101.477007, 21.015429]}, "properties": {"id_unidad": 1191, "nombre": "MARTINREA", "codigo_scian": "336370", "tier_red": "2", "oem_grupo": null, "es_planta_ensamble": null, "entidad": "GUANAJUATO", "municipio": "Silao de la Victoria", "cvegeo_mun": "11037", "nivel_inst": "NUCLEO_CONFIRMADO", "n_clientes": 13, "n_proveedores": 0, "grado_salida_ponderado": 43.96589888776025, "grado_entrada_ponderado": 0.0, "centralidad_intermediacion": 0.0, "pagerank_proveeduria": 0.001676439891697291}}, {"type": "Feature", "geometry": {"type": "Point", "coordinates": [-100.441673, 20.822193]}, "properties": {"id_unidad": 1193, "nombre": "MARTINREA", "codigo_scian": "336370", "tier_red": "2", "oem_grupo": null, "es_planta_ensamble": null, "entidad": "QUERÉTARO", "municipio": "Querétaro", "cvegeo_mun": "22014", "nivel_inst": "NUCLEO_CONFIRMADO", "n_clientes": 6, "n_proveedores": 0, "grado_salida_ponderado": 42.237139592931676, "grado_entrada_ponderado": 0.0, "centralidad_intermediacion": 0.0, "pagerank_proveeduria": 0.00208298160301342}}, {"type": "Feature", "geometry": {"type": "Point", "coordinates": [-100.878724, 22.082397]}, "properties": {"id_unidad": 1194, "nombre": "MARTINREA", "codigo_scian": "336370", "tier_red": "2", "oem_grupo": null, "es_planta_ensamble": null, "entidad": "SAN LUIS POTOSÍ", "municipio": "San Luis Potosí", "cvegeo_mun": "24028", "nivel_inst": "NUCLEO_CONFIRMADO", "n_clientes": 28, "n_proveedores": 0, "grado_salida_ponderado": 111.31883523638885, "grado_entrada_ponderado": 0.0, "centralidad_intermediacion": 0.0, "pagerank_proveeduria": 0.0042909171860149925}}, {"type": "Feature", "geometry": {"type": "Point", "coordinates": [-115.39953, 32.643401]}, "properties": {"id_unidad": 1204, "nombre": "MASTERWORK ELECTRONICS DE MÉXICO", "codigo_scian": "334410", "tier_red": "2", "oem_grupo": null, "es_planta_ensamble": null, "entidad": "BAJA CALIFORNIA", "municipio": "Mexicali", "cvegeo_mun": "02002", "nivel_inst": "NUCLEO_CONFIRMADO", "n_clientes": 6, "n_proveedores": 0, "grado_salida_ponderado": 50.89351907345668, "grado_entrada_ponderado": 0.0, "centralidad_intermediacion": 0.0, "pagerank_proveeduria": 0.0017320405843028626}}, {"type": "Feature", "geometry": {"type": "Point", "coordinates": [-98.362572, 26.044264]}, "properties": {"id_unidad": 1205, "nombre": "MAVERICK ELECTRONICS", "codigo_scian": "336320", "tier_red": "1", "oem_grupo": null, "es_planta_ensamble": null, "entidad": "TAMAULIPAS", "municipio": "Reynosa", "cvegeo_mun": "28032", "nivel_inst": "INDETERMINADO", "n_clientes": 0, "n_proveedores": 5, "grado_salida_ponderado": 0.0, "grado_entrada_ponderado": 9.37881929079119, "centralidad_intermediacion": 0.0, "pagerank_proveeduria": 0.0007509103741085098}}, {"type": "Feature", "geometry": {"type": "Point", "coordinates": [-98.362572, 26.044264]}, "properties": {"id_unidad": 1206, "nombre": "MAVERICK ELECTRONICS", "codigo_scian": "336320", "tier_red": "1", "oem_grupo": null, "es_planta_ensamble": null, "entidad": "TAMAULIPAS", "municipio": "Reynosa", "cvegeo_mun": "28032", "nivel_inst": "SIN_REGISTRO_INST", "n_clientes": 0, "n_proveedores": 5, "grado_salida_ponderado": 0.0, "grado_entrada_ponderado": 7.034114468093396, "centralidad_intermediacion": 0.0, "pagerank_proveeduria": 0.0007509103741085098}}, {"type": "Feature", "geometry": {"type": "Point", "coordinates": [-98.207256, 26.005047]}, "properties": {"id_unidad": 1207, "nombre": "MCI MIRROR CONTROLS INTERNATIONAL", "codigo_scian": "336320", "tier_red": "1", "oem_grupo": null, "es_planta_ensamble": null, "entidad": "TAMAULIPAS", "municipio": "Reynosa", "cvegeo_mun": "28032", "nivel_inst": "NUCLEO_CONFIRMADO", "n_clientes": 0, "n_proveedores": 5, "grado_salida_ponderado": 0.0, "grado_entrada_ponderado": 11.99048687722756, "centralidad_intermediacion": 0.0, "pagerank_proveeduria": 0.0007509103741085098}}, {"type": "Feature", "geometry": {"type": "Point", "coordinates": [-109.548662, 31.319618]}, "properties": {"id_unidad": 1214, "nombre": "MEFASA", "codigo_scian": "336320", "tier_red": "1", "oem_grupo": null, "es_planta_ensamble": null, "entidad": "SONORA", "municipio": "Agua Prieta", "cvegeo_mun": "26002", "nivel_inst": "PROBABLE", "n_clientes": 0, "n_proveedores": 5, "grado_salida_ponderado": 0.0, "grado_entrada_ponderado": 5.789418698473125, "centralidad_intermediacion": 0.0, "pagerank_proveeduria": 0.0007509103741085098}}, {"type": "Feature", "geometry": {"type": "Point", "coordinates": [-98.207497, 26.008957]}, "properties": {"id_unidad": 1215, "nombre": "MEGA TECH WAY DE MEXICO", "codigo_scian": "336320", "tier_red": "1", "oem_grupo": null, "es_planta_ensamble": null, "entidad": "TAMAULIPAS", "municipio": "Reynosa", "cvegeo_mun": "28032", "nivel_inst": "NUCLEO_CONFIRMADO", "n_clientes": 0, "n_proveedores": 5, "grado_salida_ponderado": 0.0, "grado_entrada_ponderado": 13.083369203510467, "centralidad_intermediacion": 0.0, "pagerank_proveeduria": 0.0007509103741085098}}, {"type": "Feature", "geometry": {"type": "Point", "coordinates": [-100.284313, 20.5666]}, "properties": {"id_unidad": 1216, "nombre": "MEI QUERETARO", "codigo_scian": "334410", "tier_red": "2", "oem_grupo": null, "es_planta_ensamble": null, "entidad": "QUERÉTARO", "municipio": "El Marqués", "cvegeo_mun": "22011", "nivel_inst": "NUCLEO_CONFIRMADO", "n_clientes": 78, "n_proveedores": 0, "grado_salida_ponderado": 207.22529815257963, "grado_entrada_ponderado": 0.0, "centralidad_intermediacion": 0.0, "pagerank_proveeduria": 0.018017858745125206}}, {"type": "Feature", "geometry": {"type": "Point", "coordinates": [-99.958789, 20.363846]}, "properties": {"id_unidad": 1217, "nombre": "MEXICO JINYOUNG THECNO", "codigo_scian": "336320", "tier_red": "1", "oem_grupo": null, "es_planta_ensamble": null, "entidad": "QUERÉTARO", "municipio": "San Juan del Río", "cvegeo_mun": "22016", "nivel_inst": "NUCLEO_CONFIRMADO", "n_clientes": 0, "n_proveedores": 5, "grado_salida_ponderado": 0.0, "grado_entrada_ponderado": 4.488987185700034, "centralidad_intermediacion": 0.0, "pagerank_proveeduria": 0.0007509103741085098}}, {"type": "Feature", "geometry": {"type": "Point", "coordinates": [-116.639069, 32.571091]}, "properties": {"id_unidad": 1224, "nombre": "MILWAUKEE ELECTRONICS", "codigo_scian": "334410", "tier_red": "3", "oem_grupo": null, "es_planta_ensamble": null, "entidad": "BAJA CALIFORNIA", "municipio": "Tecate", "cvegeo_mun": "02003", "nivel_inst": "PROBABLE", "n_clientes": 42, "n_proveedores": 0, "grado_salida_ponderado": 123.28245055543246, "grado_entrada_ponderado": 0.0, "centralidad_intermediacion": 0.0, "pagerank_proveeduria": 0.0047918319611537355}}, {"type": "Feature", "geometry": {"type": "Point", "coordinates": [-100.230527, 20.615856]}, "properties": {"id_unidad": 1225, "nombre": "MITSUBISHI", "codigo_scian": "336320", "tier_red": "1", "oem_grupo": null, "es_planta_ensamble": null, "entidad": "QUERÉTARO", "municipio": "El Marqués", "cvegeo_mun": "22011", "nivel_inst": "NUCLEO_CONFIRMADO", "n_clientes": 4, "n_proveedores": 5, "grado_salida_ponderado": 2.6404374398420507, "grado_entrada_ponderado": 39.37501281855283, "centralidad_intermediacion": 3.458053807317242e-05, "pagerank_proveeduria": 0.0015774668875926762}}, {"type": "Feature", "geometry": {"type": "Point", "coordinates": [-103.403162, 20.607662]}, "properties": {"id_unidad": 1227, "nombre": "MODUSLINK MEXICO", "codigo_scian": "334410", "tier_red": "2", "oem_grupo": null, "es_planta_ensamble": null, "entidad": "JALISCO", "municipio": "San Pedro Tlaquepaque", "cvegeo_mun": "14098", "nivel_inst": "NUCLEO_CONFIRMADO", "n_clientes": 2, "n_proveedores": 0, "grado_salida_ponderado": 0.0291081224344586, "grado_entrada_ponderado": 0.0, "centralidad_intermediacion": 0.0, "pagerank_proveeduria": 0.0008251172516166209}}, {"type": "Feature", "geometry": {"type": "Point", "coordinates": [-100.976631, 29.342392]}, "properties": {"id_unidad": 1234, "nombre": "MOTHERSON", "codigo_scian": "336320", "tier_red": "1", "oem_grupo": null, "es_planta_ensamble": null, "entidad": "COAHUILA DE ZARAGOZA", "municipio": "Acuña", "cvegeo_mun": "05002", "nivel_inst": "INDETERMINADO", "n_clientes": 0, "n_proveedores": 5, "grado_salida_ponderado": 0.0, "grado_entrada_ponderado": 24.125518723206433, "centralidad_intermediacion": 0.0, "pagerank_proveeduria": 0.0007509103741085098}}, {"type": "Feature", "geometry": {"type": "Point", "coordinates": [-100.552899, 28.677401]}, "properties": {"id_unidad": 1235, "nombre": "MOTHERSON", "codigo_scian": "336320", "tier_red": "1", "oem_grupo": null, "es_planta_ensamble": null, "entidad": "COAHUILA DE ZARAGOZA", "municipio": "Piedras Negras", "cvegeo_mun": "05025", "nivel_inst": "INDETERMINADO", "n_clientes": 0, "n_proveedores": 5, "grado_salida_ponderado": 0.0, "grado_entrada_ponderado": 5.8962286069348915, "centralidad_intermediacion": 0.0, "pagerank_proveeduria": 0.0007509103741085098}}, {"type": "Feature", "geometry": {"type": "Point", "coordinates": [-103.363039, 25.525475]}, "properties": {"id_unidad": 1236, "nombre": "MOTHERSON", "codigo_scian": "336320", "tier_red": "1", "oem_grupo": null, "es_planta_ensamble": null, "entidad": "COAHUILA DE ZARAGOZA", "municipio": "Torreón", "cvegeo_mun": "05035", "nivel_inst": "INDETERMINADO", "n_clientes": 0, "n_proveedores": 5, "grado_salida_ponderado": 0.0, "grado_entrada_ponderado": 6.579603775054821, "centralidad_intermediacion": 0.0, "pagerank_proveeduria": 0.0007509103741085098}}, {"type": "Feature", "geometry": {"type": "Point", "coordinates": [-106.397045, 31.724772]}, "properties": {"id_unidad": 1237, "nombre": "MOTHERSON", "codigo_scian": "336320", "tier_red": "2", "oem_grupo": null, "es_planta_ensamble": null, "entidad": "CHIHUAHUA", "municipio": "Juárez", "cvegeo_mun": "08037", "nivel_inst": "NUCLEO_CONFIRMADO", "n_clientes": 0, "n_proveedores": 5, "grado_salida_ponderado": 0.0, "grado_entrada_ponderado": 58.24188842402089, "centralidad_intermediacion": 0.0, "pagerank_proveeduria": 0.0007509103741085098}}, {"type": "Feature", "geometry": {"type": "Point", "coordinates": [-101.395982, 26.898601]}, "properties": {"id_unidad": 1239, "nombre": "MOTHERSON", "codigo_scian": "336320", "tier_red": "1", "oem_grupo": null, "es_planta_ensamble": null, "entidad": "COAHUILA DE ZARAGOZA", "municipio": "Monclova", "cvegeo_mun": "05018", "nivel_inst": "NUCLEO_CONFIRMADO", "n_clientes": 4, "n_proveedores": 5, "grado_salida_ponderado": 0.8841511225556054, "grado_entrada_ponderado": 14.03059418884913, "centralidad_intermediacion": 1.3832215229268968e-05, "pagerank_proveeduria": 0.000963031355094656}}, {"type": "Feature", "geometry": {"type": "Point", "coordinates": [-101.44416, 26.942139]}, "properties": {"id_unidad": 1240, "nombre": "MOTHERSON", "codigo_scian": "336320", "tier_red": "1", "oem_grupo": null, "es_planta_ensamble": null, "entidad": "COAHUILA DE ZARAGOZA", "municipio": "Frontera", "cvegeo_mun": "05010", "nivel_inst": "NUCLEO_CONFIRMADO", "n_clientes": 0, "n_proveedores": 5, "grado_salida_ponderado": 0.0, "grado_entrada_ponderado": 1.0956371422652922, "centralidad_intermediacion": 0.0, "pagerank_proveeduria": 0.0007509103741085098}}, {"type": "Feature", "geometry": {"type": "Point", "coordinates": [-106.122636, 28.654953]}, "properties": {"id_unidad": 1241, "nombre": "MOTHERSON", "codigo_scian": "336320", "tier_red": "1", "oem_grupo": null, "es_planta_ensamble": null, "entidad": "CHIHUAHUA", "municipio": "Chihuahua", "cvegeo_mun": "08019", "nivel_inst": "NUCLEO_CONFIRMADO", "n_clientes": 0, "n_proveedores": 5, "grado_salida_ponderado": 0.0, "grado_entrada_ponderado": 33.791007666694526, "centralidad_intermediacion": 0.0, "pagerank_proveeduria": 0.0007509103741085098}}, {"type": "Feature", "geometry": {"type": "Point", "coordinates": [-106.123396, 28.654837]}, "properties": {"id_unidad": 1242, "nombre": "MOTHERSON", "codigo_scian": "336320", "tier_red": "1", "oem_grupo": null, "es_planta_ensamble": null, "entidad": "CHIHUAHUA", "municipio": "Chihuahua", "cvegeo_mun": "08019", "nivel_inst": "NUCLEO_CONFIRMADO", "n_clientes": 0, "n_proveedores": 5, "grado_salida_ponderado": 0.0, "grado_entrada_ponderado": 33.780278190573526, "centralidad_intermediacion": 0.0, "pagerank_proveeduria": 0.0007509103741085098}}, {"type": "Feature", "geometry": {"type": "Point", "coordinates": [-100.962793, 25.517922]}, "properties": {"id_unidad": 1243, "nombre": "MOTHERSON", "codigo_scian": "336320", "tier_red": "1", "oem_grupo": null, "es_planta_ensamble": null, "entidad": "COAHUILA DE ZARAGOZA", "municipio": "Ramos Arizpe", "cvegeo_mun": "05027", "nivel_inst": "PROBABLE", "n_clientes": 4, "n_proveedores": 5, "grado_salida_ponderado": 1.5186333378262116, "grado_entrada_ponderado": 37.59600795199581, "centralidad_intermediacion": 6.916107614634484e-06, "pagerank_proveeduria": 0.001216845772070245}}, {"type": "Feature", "geometry": {"type": "Point", "coordinates": [-100.977317, 29.340311]}, "properties": {"id_unidad": 1244, "nombre": "MOTHERSON", "codigo_scian": "336320", "tier_red": "1", "oem_grupo": null, "es_planta_ensamble": null, "entidad": "COAHUILA DE ZARAGOZA", "municipio": "Acuña", "cvegeo_mun": "05002", "nivel_inst": "SIN_REGISTRO_INST", "n_clientes": 0, "n_proveedores": 5, "grado_salida_ponderado": 0.0, "grado_entrada_ponderado": 18.178019522260247, "centralidad_intermediacion": 0.0, "pagerank_proveeduria": 0.0007509103741085098}}, {"type": "Feature", "geometry": {"type": "Point", "coordinates": [-100.976915, 29.343144]}, "properties": {"id_unidad": 1245, "nombre": "MOTHERSON", "codigo_scian": "336320", "tier_red": "1", "oem_grupo": null, "es_planta_ensamble": null, "entidad": "COAHUILA DE ZARAGOZA", "municipio": "Acuña", "cvegeo_mun": "05002", "nivel_inst": "SIN_REGISTRO_INST", "n_clientes": 0, "n_proveedores": 5, "grado_salida_ponderado": 0.0, "grado_entrada_ponderado": 18.10932027041558, "centralidad_intermediacion": 0.0, "pagerank_proveeduria": 0.0007509103741085098}}, {"type": "Feature", "geometry": {"type": "Point", "coordinates": [-100.976959, 29.343155]}, "properties": {"id_unidad": 1246, "nombre": "MOTHERSON", "codigo_scian": "336320", "tier_red": "1", "oem_grupo": null, "es_planta_ensamble": null, "entidad": "COAHUILA DE ZARAGOZA", "municipio": "Acuña", "cvegeo_mun": "05002", "nivel_inst": "SIN_REGISTRO_INST", "n_clientes": 0, "n_proveedores": 5, "grado_salida_ponderado": 0.0, "grado_entrada_ponderado": 18.113555850487966, "centralidad_intermediacion": 0.0, "pagerank_proveeduria": 0.0007509103741085098}}, {"type": "Feature", "geometry": {"type": "Point", "coordinates": [-100.55222, 28.679537]}, "properties": {"id_unidad": 1247, "nombre": "MOTHERSON", "codigo_scian": "336320", "tier_red": "1", "oem_grupo": null, "es_planta_ensamble": null, "entidad": "COAHUILA DE ZARAGOZA", "municipio": "Piedras Negras", "cvegeo_mun": "05025", "nivel_inst": "SIN_REGISTRO_INST", "n_clientes": 0, "n_proveedores": 5, "grado_salida_ponderado": 0.0, "grado_entrada_ponderado": 4.419782936536698, "centralidad_intermediacion": 0.0, "pagerank_proveeduria": 0.0007509103741085098}}, {"type": "Feature", "geometry": {"type": "Point", "coordinates": [-98.246637, 19.116085]}, "properties": {"id_unidad": 1253, "nombre": "MOTHERSON", "codigo_scian": "336320", "tier_red": "1", "oem_grupo": null, "es_planta_ensamble": null, "entidad": "PUEBLA", "municipio": "Cuautlancingo", "cvegeo_mun": "21041", "nivel_inst": "NUCLEO_CONFIRMADO", "n_clientes": 2, "n_proveedores": 5, "grado_salida_ponderado": 0.6600343129862468, "grado_entrada_ponderado": 57.0809263743532, "centralidad_intermediacion": 0.0, "pagerank_proveeduria": 0.000984699859238672}}, {"type": "Feature", "geometry": {"type": "Point", "coordinates": [-109.584848, 31.332489]}, "properties": {"id_unidad": 1261, "nombre": "MWC DE MEXICO", "codigo_scian": "336320", "tier_red": "1", "oem_grupo": null, "es_planta_ensamble": null, "entidad": "SONORA", "municipio": "Agua Prieta", "cvegeo_mun": "26002", "nivel_inst": "NUCLEO_CONFIRMADO", "n_clientes": 0, "n_proveedores": 5, "grado_salida_ponderado": 0.0, "grado_entrada_ponderado": 0.119322249000233, "centralidad_intermediacion": 0.0, "pagerank_proveeduria": 0.0007509103741085098}}, {"type": "Feature", "geometry": {"type": "Point", "coordinates": [-109.584731, 31.332487]}, "properties": {"id_unidad": 1262, "nombre": "MWC DE MEXICO", "codigo_scian": "336320", "tier_red": "1", "oem_grupo": null, "es_planta_ensamble": null, "entidad": "SONORA", "municipio": "Agua Prieta", "cvegeo_mun": "26002", "nivel_inst": "NUCLEO_CONFIRMADO", "n_clientes": 0, "n_proveedores": 5, "grado_salida_ponderado": 0.0, "grado_entrada_ponderado": 19.88687952254807, "centralidad_intermediacion": 0.0, "pagerank_proveeduria": 0.0007509103741085098}}, {"type": "Feature", "geometry": {"type": "Point", "coordinates": [-100.817366, 22.121766]}, "properties": {"id_unidad": 1264, "nombre": "NAL MEXICO", "codigo_scian": "336320", "tier_red": "1", "oem_grupo": null, "es_planta_ensamble": null, "entidad": "SAN LUIS POTOSÍ", "municipio": "San Luis Potosí", "cvegeo_mun": "24028", "nivel_inst": "NUCLEO_CONFIRMADO", "n_clientes": 0, "n_proveedores": 5, "grado_salida_ponderado": 0.0, "grado_entrada_ponderado": 48.21886076080944, "centralidad_intermediacion": 0.0, "pagerank_proveeduria": 0.0007509103741085098}}, {"type": "Feature", "geometry": {"type": "Point", "coordinates": [-110.995614, 29.095845]}, "properties": {"id_unidad": 1265, "nombre": "NECONTECH DE MEXICO", "codigo_scian": "334410", "tier_red": "2", "oem_grupo": null, "es_planta_ensamble": null, "entidad": "SONORA", "municipio": "Hermosillo", "cvegeo_mun": "26030", "nivel_inst": "NUCLEO_CONFIRMADO", "n_clientes": 14, "n_proveedores": 0, "grado_salida_ponderado": 43.29125531725918, "grado_entrada_ponderado": 0.0, "centralidad_intermediacion": 0.0, "pagerank_proveeduria": 0.0038898766908232393}}, {"type": "Feature", "geometry": {"type": "Point", "coordinates": [-100.282066, 20.570509]}, "properties": {"id_unidad": 1270, "nombre": "NEXTEER AUTOMOTIVE", "codigo_scian": "336330", "tier_red": "1", "oem_grupo": null, "es_planta_ensamble": null, "entidad": "QUERÉTARO", "municipio": "El Marqués", "cvegeo_mun": "22011", "nivel_inst": "NUCLEO_CONFIRMADO", "n_clientes": 1, "n_proveedores": 0, "grado_salida_ponderado": 0.3764288150676079, "grado_entrada_ponderado": 0.0, "centralidad_intermediacion": 0.0, "pagerank_proveeduria": 0.000873626551143855}}, {"type": "Feature", "geometry": {"type": "Point", "coordinates": [-100.284103, 20.564986]}, "properties": {"id_unidad": 1271, "nombre": "NEXTEER AUTOMOTIVE", "codigo_scian": "336330", "tier_red": "1", "oem_grupo": null, "es_planta_ensamble": null, "entidad": "QUERÉTARO", "municipio": "El Marqués", "cvegeo_mun": "22011", "nivel_inst": "NUCLEO_CONFIRMADO", "n_clientes": 1, "n_proveedores": 0, "grado_salida_ponderado": 0.3616277635630814, "grado_entrada_ponderado": 0.0, "centralidad_intermediacion": 0.0, "pagerank_proveeduria": 0.0008688013932812388}}, {"type": "Feature", "geometry": {"type": "Point", "coordinates": [-102.28419, 21.807929]}, "properties": {"id_unidad": 1274, "nombre": "NISSAN", "codigo_scian": "336110", "tier_red": "0", "oem_grupo": "Nissan", "es_planta_ensamble": true, "entidad": "AGUASCALIENTES", "municipio": "Aguascalientes", "cvegeo_mun": "01001", "nivel_inst": "NUCLEO_CONFIRMADO", "n_clientes": 0, "n_proveedores": 5, "grado_salida_ponderado": 0.0, "grado_entrada_ponderado": 7.090235942132906, "centralidad_intermediacion": 0.0, "pagerank_proveeduria": 0.0007509103741085098}}, {"type": "Feature", "geometry": {"type": "Point", "coordinates": [-102.283382, 21.803211]}, "properties": {"id_unidad": 1275, "nombre": "NISSAN", "codigo_scian": "336110", "tier_red": "0", "oem_grupo": "Nissan", "es_planta_ensamble": true, "entidad": "AGUASCALIENTES", "municipio": "Aguascalientes", "cvegeo_mun": "01001", "nivel_inst": "NUCLEO_CONFIRMADO", "n_clientes": 0, "n_proveedores": 5, "grado_salida_ponderado": 0.0, "grado_entrada_ponderado": 6.923261727668444, "centralidad_intermediacion": 0.0, "pagerank_proveeduria": 0.0007509103741085098}}, {"type": "Feature", "geometry": {"type": "Point", "coordinates": [-102.27729, 21.741985]}, "properties": {"id_unidad": 1276, "nombre": "NISSAN", "codigo_scian": "336110", "tier_red": "0", "oem_grupo": "Nissan", "es_planta_ensamble": true, "entidad": "AGUASCALIENTES", "municipio": "Aguascalientes", "cvegeo_mun": "01001", "nivel_inst": "SIN_REGISTRO_INST", "n_clientes": 0, "n_proveedores": 5, "grado_salida_ponderado": 0.0, "grado_entrada_ponderado": 2.6704757639711265, "centralidad_intermediacion": 0.0, "pagerank_proveeduria": 0.0007509103741085098}}, {"type": "Feature", "geometry": {"type": "Point", "coordinates": [-104.288867, 19.078636]}, "properties": {"id_unidad": 1277, "nombre": "NISSAN", "codigo_scian": "336110", "tier_red": "0", "oem_grupo": "Nissan", "es_planta_ensamble": false, "entidad": "COLIMA", "municipio": "Manzanillo", "cvegeo_mun": "06007", "nivel_inst": "NUCLEO_CONFIRMADO", "n_clientes": 0, "n_proveedores": 5, "grado_salida_ponderado": 0.0, "grado_entrada_ponderado": 0.8651490712615618, "centralidad_intermediacion": 0.0, "pagerank_proveeduria": 0.0007509103741085098}}, {"type": "Feature", "geometry": {"type": "Point", "coordinates": [-99.185711, 19.352456]}, "properties": {"id_unidad": 1278, "nombre": "NISSAN", "codigo_scian": "336110", "tier_red": "0", "oem_grupo": "Nissan", "es_planta_ensamble": false, "entidad": "CIUDAD DE MÉXICO", "municipio": "Álvaro Obregón", "cvegeo_mun": "09010", "nivel_inst": "NUCLEO_CONFIRMADO", "n_clientes": 0, "n_proveedores": 5, "grado_salida_ponderado": 0.0, "grado_entrada_ponderado": 4.23771621025727, "centralidad_intermediacion": 0.0, "pagerank_proveeduria": 0.0007509103741085098}}, {"type": "Feature", "geometry": {"type": "Point", "coordinates": [-99.161222, 19.358445]}, "properties": {"id_unidad": 1279, "nombre": "NISSAN", "codigo_scian": "336110", "tier_red": "0", "oem_grupo": "Nissan", "es_planta_ensamble": false, "entidad": "CIUDAD DE MÉXICO", "municipio": "Benito Juárez", "cvegeo_mun": "09014", "nivel_inst": "NUCLEO_CONFIRMADO", "n_clientes": 0, "n_proveedores": 5, "grado_salida_ponderado": 0.0, "grado_entrada_ponderado": 0.026521121412911998, "centralidad_intermediacion": 0.0, "pagerank_proveeduria": 0.0007509103741085098}}, {"type": "Feature", "geometry": {"type": "Point", "coordinates": [-99.566709, 19.287144]}, "properties": {"id_unidad": 1280, "nombre": "NISSAN", "codigo_scian": "336110", "tier_red": "0", "oem_grupo": "Nissan", "es_planta_ensamble": true, "entidad": "MÉXICO", "municipio": "Toluca", "cvegeo_mun": "15106", "nivel_inst": "NUCLEO_CONFIRMADO", "n_clientes": 0, "n_proveedores": 5, "grado_salida_ponderado": 0.0, "grado_entrada_ponderado": 5.635760215278561, "centralidad_intermediacion": 0.0, "pagerank_proveeduria": 0.0007509103741085098}}, {"type": "Feature", "geometry": {"type": "Point", "coordinates": [-99.163535, 18.913981]}, "properties": {"id_unidad": 1281, "nombre": "NISSAN", "codigo_scian": "336110", "tier_red": "0", "oem_grupo": "Nissan", "es_planta_ensamble": true, "entidad": "MORELOS", "municipio": "Jiutepec", "cvegeo_mun": "17011", "nivel_inst": "INDETERMINADO", "n_clientes": 0, "n_proveedores": 5, "grado_salida_ponderado": 0.0, "grado_entrada_ponderado": 0.0161786981815311, "centralidad_intermediacion": 0.0, "pagerank_proveeduria": 0.0007509103741085098}}, {"type": "Feature", "geometry": {"type": "Point", "coordinates": [-99.156775, 18.885604]}, "properties": {"id_unidad": 1282, "nombre": "NISSAN", "codigo_scian": "336110", "tier_red": "0", "oem_grupo": "Nissan", "es_planta_ensamble": true, "entidad": "MORELOS", "municipio": "Jiutepec", "cvegeo_mun": "17011", "nivel_inst": "INDETERMINADO", "n_clientes": 0, "n_proveedores": 5, "grado_salida_ponderado": 0.0, "grado_entrada_ponderado": 0.0162224702535495, "centralidad_intermediacion": 0.0, "pagerank_proveeduria": 0.0007509103741085098}}, {"type": "Feature", "geometry": {"type": "Point", "coordinates": [-99.174701, 18.903219]}, "properties": {"id_unidad": 1283, "nombre": "NISSAN", "codigo_scian": "336110", "tier_red": "0", "oem_grupo": "Nissan", "es_planta_ensamble": true, "entidad": "MORELOS", "municipio": "Jiutepec", "cvegeo_mun": "17011", "nivel_inst": "INDETERMINADO", "n_clientes": 0, "n_proveedores": 5, "grado_salida_ponderado": 0.0, "grado_entrada_ponderado": 2.6513318141124027, "centralidad_intermediacion": 0.0, "pagerank_proveeduria": 0.0007509103741085098}}, {"type": "Feature", "geometry": {"type": "Point", "coordinates": [-100.138944, 25.774472]}, "properties": {"id_unidad": 1285, "nombre": "NORTECH", "codigo_scian": "334410", "tier_red": "2", "oem_grupo": null, "es_planta_ensamble": null, "entidad": "NUEVO LEÓN", "municipio": "Apodaca", "cvegeo_mun": "19006", "nivel_inst": "NUCLEO_CONFIRMADO", "n_clientes": 68, "n_proveedores": 0, "grado_salida_ponderado": 168.46463516720564, "grado_entrada_ponderado": 0.0, "centralidad_intermediacion": 0.0, "pagerank_proveeduria": 0.008937823610016007}}, {"type": "Feature", "geometry": {"type": "Point", "coordinates": [-101.010536, 25.367167]}, "properties": {"id_unidad": 1290, "nombre": "NOVALINK SALTILLO", "codigo_scian": "336360", "tier_red": "2", "oem_grupo": null, "es_planta_ensamble": null, "entidad": "COAHUILA DE ZARAGOZA", "municipio": "Saltillo", "cvegeo_mun": "05030", "nivel_inst": "SIN_REGISTRO_INST", "n_clientes": 0, "n_proveedores": 5, "grado_salida_ponderado": 0.0, "grado_entrada_ponderado": 1.994259275123723, "centralidad_intermediacion": 0.0, "pagerank_proveeduria": 0.0007509103741085098}}, {"type": "Feature", "geometry": {"type": "Point", "coordinates": [-116.877776, 32.434683]}, "properties": {"id_unidad": 1293, "nombre": "ODU MEXICO MANUFACTURING", "codigo_scian": "336320", "tier_red": "1", "oem_grupo": null, "es_planta_ensamble": null, "entidad": "BAJA CALIFORNIA", "municipio": "Tijuana", "cvegeo_mun": "02004", "nivel_inst": "NUCLEO_CONFIRMADO", "n_clientes": 0, "n_proveedores": 5, "grado_salida_ponderado": 0.0, "grado_entrada_ponderado": 16.143910796648292, "centralidad_intermediacion": 0.0, "pagerank_proveeduria": 0.0007509103741085098}}, {"type": "Feature", "geometry": {"type": "Point", "coordinates": [-101.434355, 20.974477]}, "properties": {"id_unidad": 1297, "nombre": "OMRON", "codigo_scian": "334410", "tier_red": "2", "oem_grupo": null, "es_planta_ensamble": null, "entidad": "GUANAJUATO", "municipio": "Silao de la Victoria", "cvegeo_mun": "11037", "nivel_inst": "NUCLEO_CONFIRMADO", "n_clientes": 2, "n_proveedores": 0, "grado_salida_ponderado": 7.366781855574633, "grado_entrada_ponderado": 0.0, "centralidad_intermediacion": 0.0, "pagerank_proveeduria": 0.001236837170817525}}, {"type": "Feature", "geometry": {"type": "Point", "coordinates": [-116.917945, 32.545559]}, "properties": {"id_unidad": 1299, "nombre": "ONCORE", "codigo_scian": "334410", "tier_red": "2", "oem_grupo": null, "es_planta_ensamble": null, "entidad": "BAJA CALIFORNIA", "municipio": "Tijuana", "cvegeo_mun": "02004", "nivel_inst": "NUCLEO_CONFIRMADO", "n_clientes": 7, "n_proveedores": 0, "grado_salida_ponderado": 12.391658693558949, "grado_entrada_ponderado": 0.0, "centralidad_intermediacion": 0.0, "pagerank_proveeduria": 0.0015513676193123873}}, {"type": "Feature", "geometry": {"type": "Point", "coordinates": [-101.204996, 20.437322]}, "properties": {"id_unidad": 1303, "nombre": "OSCA-ARCOSA", "codigo_scian": "336320", "tier_red": "1", "oem_grupo": null, "es_planta_ensamble": null, "entidad": "GUANAJUATO", "municipio": "Valle de Santiago", "cvegeo_mun": "11042", "nivel_inst": "SIN_REGISTRO_INST", "n_clientes": 0, "n_proveedores": 5, "grado_salida_ponderado": 0.0, "grado_entrada_ponderado": 4.876361263962503, "centralidad_intermediacion": 0.0, "pagerank_proveeduria": 0.0007509103741085098}}, {"type": "Feature", "geometry": {"type": "Point", "coordinates": [-101.204996, 20.437322]}, "properties": {"id_unidad": 1304, "nombre": "OSCA-ARCOSA", "codigo_scian": "336320", "tier_red": "1", "oem_grupo": null, "es_planta_ensamble": null, "entidad": "GUANAJUATO", "municipio": "Valle de Santiago", "cvegeo_mun": "11042", "nivel_inst": "SIN_REGISTRO_INST", "n_clientes": 0, "n_proveedores": 5, "grado_salida_ponderado": 0.0, "grado_entrada_ponderado": 4.876361263962503, "centralidad_intermediacion": 0.0, "pagerank_proveeduria": 0.0007509103741085098}}, {"type": "Feature", "geometry": {"type": "Point", "coordinates": [-115.418783, 32.594538]}, "properties": {"id_unidad": 1305, "nombre": "PANASONIC", "codigo_scian": "336320", "tier_red": "1", "oem_grupo": null, "es_planta_ensamble": null, "entidad": "BAJA CALIFORNIA", "municipio": "Mexicali", "cvegeo_mun": "02002", "nivel_inst": "NUCLEO_CONFIRMADO", "n_clientes": 0, "n_proveedores": 5, "grado_salida_ponderado": 0.0, "grado_entrada_ponderado": 2.4832619756539147, "centralidad_intermediacion": 0.0, "pagerank_proveeduria": 0.0007509103741085098}}, {"type": "Feature", "geometry": {"type": "Point", "coordinates": [-115.418644, 32.594829]}, "properties": {"id_unidad": 1306, "nombre": "PANASONIC", "codigo_scian": "336320", "tier_red": "1", "oem_grupo": null, "es_planta_ensamble": null, "entidad": "BAJA CALIFORNIA", "municipio": "Mexicali", "cvegeo_mun": "02002", "nivel_inst": "NUCLEO_CONFIRMADO", "n_clientes": 0, "n_proveedores": 5, "grado_salida_ponderado": 0.0, "grado_entrada_ponderado": 31.52227475393508, "centralidad_intermediacion": 0.0, "pagerank_proveeduria": 0.0007509103741085098}}, {"type": "Feature", "geometry": {"type": "Point", "coordinates": [-100.160476, 25.787397]}, "properties": {"id_unidad": 1311, "nombre": "PANDUIT MEXICO MANUFACTURA", "codigo_scian": "334410", "tier_red": "2", "oem_grupo": null, "es_planta_ensamble": null, "entidad": "NUEVO LEÓN", "municipio": "Apodaca", "cvegeo_mun": "19006", "nivel_inst": "NUCLEO_CONFIRMADO", "n_clientes": 71, "n_proveedores": 0, "grado_salida_ponderado": 142.61076670889813, "grado_entrada_ponderado": 0.0, "centralidad_intermediacion": 0.0, "pagerank_proveeduria": 0.009602502326994347}}, {"type": "Feature", "geometry": {"type": "Point", "coordinates": [-101.702753, 21.117252]}, "properties": {"id_unidad": 1313, "nombre": "PARTES METALICAS SIMSA", "codigo_scian": "336320", "tier_red": "2", "oem_grupo": null, "es_planta_ensamble": null, "entidad": "GUANAJUATO", "municipio": "León", "cvegeo_mun": "11020", "nivel_inst": "INDETERMINADO", "n_clientes": 0, "n_proveedores": 5, "grado_salida_ponderado": 0.0, "grado_entrada_ponderado": 1.4523134573270007, "centralidad_intermediacion": 0.0, "pagerank_proveeduria": 0.0007509103741085098}}, {"type": "Feature", "geometry": {"type": "Point", "coordinates": [-101.295159, 20.698588]}, "properties": {"id_unidad": 1314, "nombre": "PASS AUTOMOTIVE MEXICO", "codigo_scian": "336320", "tier_red": "2", "oem_grupo": null, "es_planta_ensamble": null, "entidad": "GUANAJUATO", "municipio": "Irapuato", "cvegeo_mun": "11017", "nivel_inst": "NUCLEO_CONFIRMADO", "n_clientes": 0, "n_proveedores": 5, "grado_salida_ponderado": 0.0, "grado_entrada_ponderado": 7.261563521061047, "centralidad_intermediacion": 0.0, "pagerank_proveeduria": 0.0007509103741085098}}, {"type": "Feature", "geometry": {"type": "Point", "coordinates": [-98.583273, 19.770822]}, "properties": {"id_unidad": 1315, "nombre": "PEEMMSA", "codigo_scian": "336320", "tier_red": "1", "oem_grupo": null, "es_planta_ensamble": null, "entidad": "HIDALGO", "municipio": "Tepeapulco", "cvegeo_mun": "13061", "nivel_inst": "SIN_REGISTRO_INST", "n_clientes": 0, "n_proveedores": 5, "grado_salida_ponderado": 0.0, "grado_entrada_ponderado": 1.5103600459489748, "centralidad_intermediacion": 0.0, "pagerank_proveeduria": 0.0007509103741085098}}, {"type": "Feature", "geometry": {"type": "Point", "coordinates": [-106.397073, 31.715731]}, "properties": {"id_unidad": 1321, "nombre": "PHINIA", "codigo_scian": "336320", "tier_red": "1", "oem_grupo": null, "es_planta_ensamble": null, "entidad": "CHIHUAHUA", "municipio": "Juárez", "cvegeo_mun": "08037", "nivel_inst": "NUCLEO_CONFIRMADO", "n_clientes": 0, "n_proveedores": 5, "grado_salida_ponderado": 0.0, "grado_entrada_ponderado": 36.98599958495819, "centralidad_intermediacion": 0.0, "pagerank_proveeduria": 0.0007509103741085098}}, {"type": "Feature", "geometry": {"type": "Point", "coordinates": [-106.08679, 28.673093]}, "properties": {"id_unidad": 1322, "nombre": "PHINIA", "codigo_scian": "336320", "tier_red": "1", "oem_grupo": null, "es_planta_ensamble": null, "entidad": "CHIHUAHUA", "municipio": "Chihuahua", "cvegeo_mun": "08019", "nivel_inst": "NUCLEO_CONFIRMADO", "n_clientes": 0, "n_proveedores": 5, "grado_salida_ponderado": 0.0, "grado_entrada_ponderado": 34.36736113783964, "centralidad_intermediacion": 0.0, "pagerank_proveeduria": 0.0007509103741085098}}, {"type": "Feature", "geometry": {"type": "Point", "coordinates": [-100.873193, 22.052564]}, "properties": {"id_unidad": 1323, "nombre": "PHINIA", "codigo_scian": "336320", "tier_red": "1", "oem_grupo": null, "es_planta_ensamble": null, "entidad": "SAN LUIS POTOSÍ", "municipio": "San Luis Potosí", "cvegeo_mun": "24028", "nivel_inst": "SIN_REGISTRO_INST", "n_clientes": 0, "n_proveedores": 5, "grado_salida_ponderado": 0.0, "grado_entrada_ponderado": 26.111829925996087, "centralidad_intermediacion": 0.0, "pagerank_proveeduria": 0.0007509103741085098}}, {"type": "Feature", "geometry": {"type": "Point", "coordinates": [-103.487281, 20.726367]}, "properties": {"id_unidad": 1326, "nombre": "PLEXUS", "codigo_scian": "334410", "tier_red": "3", "oem_grupo": null, "es_planta_ensamble": null, "entidad": "JALISCO", "municipio": "Zapopan", "cvegeo_mun": "14120", "nivel_inst": "PROBABLE", "n_clientes": 43, "n_proveedores": 0, "grado_salida_ponderado": 148.78218642842177, "grado_entrada_ponderado": 0.0, "centralidad_intermediacion": 0.0, "pagerank_proveeduria": 0.006757957331219578}}, {"type": "Feature", "geometry": {"type": "Point", "coordinates": [-103.401014, 20.666481]}, "properties": {"id_unidad": 1327, "nombre": "PLEXUS", "codigo_scian": "334410", "tier_red": "3", "oem_grupo": null, "es_planta_ensamble": null, "entidad": "JALISCO", "municipio": "Guadalajara", "cvegeo_mun": "14039", "nivel_inst": "PROBABLE", "n_clientes": 1, "n_proveedores": 0, "grado_salida_ponderado": 0.3398414889344171, "grado_entrada_ponderado": 0.0, "centralidad_intermediacion": 0.0, "pagerank_proveeduria": 0.0008136358590292392}}, {"type": "Feature", "geometry": {"type": "Point", "coordinates": [-100.164639, 25.765299]}, "properties": {"id_unidad": 1328, "nombre": "PO LIGHTING MEXICO", "codigo_scian": "336320", "tier_red": "1", "oem_grupo": null, "es_planta_ensamble": null, "entidad": "NUEVO LEÓN", "municipio": "Apodaca", "cvegeo_mun": "19006", "nivel_inst": "NUCLEO_CONFIRMADO", "n_clientes": 1, "n_proveedores": 5, "grado_salida_ponderado": 1.822943019501832, "grado_entrada_ponderado": 48.12938338850208, "centralidad_intermediacion": 0.0, "pagerank_proveeduria": 0.0008759587404696252}}, {"type": "Feature", "geometry": {"type": "Point", "coordinates": [-98.379641, 19.1576]}, "properties": {"id_unidad": 1329, "nombre": "POLIURETANOS SW PUEBLA", "codigo_scian": "336360", "tier_red": "1", "oem_grupo": null, "es_planta_ensamble": null, "entidad": "PUEBLA", "municipio": "Huejotzingo", "cvegeo_mun": "21074", "nivel_inst": "SIN_REGISTRO_INST", "n_clientes": 0, "n_proveedores": 5, "grado_salida_ponderado": 0.0, "grado_entrada_ponderado": 3.664590275380371, "centralidad_intermediacion": 0.0, "pagerank_proveeduria": 0.0007509103741085098}}, {"type": "Feature", "geometry": {"type": "Point", "coordinates": [-97.5304, 25.870994]}, "properties": {"id_unidad": 1331, "nombre": "POLYTECH NETTING INDUSTRIES DE MEXICO", "codigo_scian": "336360", "tier_red": "1", "oem_grupo": null, "es_planta_ensamble": null, "entidad": "TAMAULIPAS", "municipio": "Matamoros", "cvegeo_mun": "28022", "nivel_inst": "NUCLEO_CONFIRMADO", "n_clientes": 0, "n_proveedores": 5, "grado_salida_ponderado": 0.0, "grado_entrada_ponderado": 8.240065750443694, "centralidad_intermediacion": 0.0, "pagerank_proveeduria": 0.0007509103741085098}}, {"type": "Feature", "geometry": {"type": "Point", "coordinates": [-103.402499, 25.593753]}, "properties": {"id_unidad": 1334, "nombre": "POWER FORCE REMANUFACTURA DE POSTES AUTOMOTRICES", "codigo_scian": "336320", "tier_red": "1", "oem_grupo": null, "es_planta_ensamble": null, "entidad": "COAHUILA DE ZARAGOZA", "municipio": "Torreón", "cvegeo_mun": "05035", "nivel_inst": "SIN_REGISTRO_INST", "n_clientes": 0, "n_proveedores": 5, "grado_salida_ponderado": 0.0, "grado_entrada_ponderado": 0.2055420597550308, "centralidad_intermediacion": 0.0, "pagerank_proveeduria": 0.0007509103741085098}}, {"type": "Feature", "geometry": {"type": "Point", "coordinates": [-100.91967, 25.441245]}, "properties": {"id_unidad": 1336, "nombre": "PRECISIÓN RESOURCE MEXICO", "codigo_scian": "336370", "tier_red": "2", "oem_grupo": null, "es_planta_ensamble": null, "entidad": "COAHUILA DE ZARAGOZA", "municipio": "Saltillo", "cvegeo_mun": "05030", "nivel_inst": "NUCLEO_CONFIRMADO", "n_clientes": 43, "n_proveedores": 0, "grado_salida_ponderado": 162.59871028594992, "grado_entrada_ponderado": 0.0, "centralidad_intermediacion": 0.0, "pagerank_proveeduria": 0.00942249498519113}}, {"type": "Feature", "geometry": {"type": "Point", "coordinates": [-100.15525, 25.66658]}, "properties": {"id_unidad": 1337, "nombre": "PREH", "codigo_scian": "336320", "tier_red": "1", "oem_grupo": null, "es_planta_ensamble": null, "entidad": "NUEVO LEÓN", "municipio": "Guadalupe", "cvegeo_mun": "19026", "nivel_inst": "NUCLEO_CONFIRMADO", "n_clientes": 1, "n_proveedores": 5, "grado_salida_ponderado": 1.7269090315465618, "grado_entrada_ponderado": 46.385474818502374, "centralidad_intermediacion": 0.0, "pagerank_proveeduria": 0.0008693710999452212}}, {"type": "Feature", "geometry": {"type": "Point", "coordinates": [-110.962495, 31.25341]}, "properties": {"id_unidad": 1341, "nombre": "PRESTOLITE DE MEXICO", "codigo_scian": "336320", "tier_red": "1", "oem_grupo": null, "es_planta_ensamble": null, "entidad": "SONORA", "municipio": "Nogales", "cvegeo_mun": "26043", "nivel_inst": "INDETERMINADO", "n_clientes": 0, "n_proveedores": 5, "grado_salida_ponderado": 0.0, "grado_entrada_ponderado": 14.348642916152135, "centralidad_intermediacion": 0.0, "pagerank_proveeduria": 0.0007509103741085098}}, {"type": "Feature", "geometry": {"type": "Point", "coordinates": [-100.462835, 20.536983]}, "properties": {"id_unidad": 1342, "nombre": "PRETTL", "codigo_scian": "336320", "tier_red": "1", "oem_grupo": null, "es_planta_ensamble": null, "entidad": "QUERÉTARO", "municipio": "Corregidora", "cvegeo_mun": "22006", "nivel_inst": "NUCLEO_CONFIRMADO", "n_clientes": 0, "n_proveedores": 5, "grado_salida_ponderado": 0.0, "grado_entrada_ponderado": 14.239822943084988, "centralidad_intermediacion": 0.0, "pagerank_proveeduria": 0.0007509103741085098}}, {"type": "Feature", "geometry": {"type": "Point", "coordinates": [-100.762635, 20.662429]}, "properties": {"id_unidad": 1343, "nombre": "PRETTL", "codigo_scian": "336320", "tier_red": "2", "oem_grupo": null, "es_planta_ensamble": null, "entidad": "GUANAJUATO", "municipio": "Comonfort", "cvegeo_mun": "11009", "nivel_inst": "NUCLEO_CONFIRMADO", "n_clientes": 0, "n_proveedores": 5, "grado_salida_ponderado": 0.0, "grado_entrada_ponderado": 56.99964424836884, "centralidad_intermediacion": 0.0, "pagerank_proveeduria": 0.0007509103741085098}}, {"type": "Feature", "geometry": {"type": "Point", "coordinates": [-100.434732, 20.824096]}, "properties": {"id_unidad": 1344, "nombre": "PRETTL", "codigo_scian": "336320", "tier_red": "1", "oem_grupo": null, "es_planta_ensamble": null, "entidad": "QUERÉTARO", "municipio": "Querétaro", "cvegeo_mun": "22014", "nivel_inst": "NUCLEO_CONFIRMADO", "n_clientes": 4, "n_proveedores": 5, "grado_salida_ponderado": 1.4085315363766202, "grado_entrada_ponderado": 36.14705601249718, "centralidad_intermediacion": 1.3832215229268968e-05, "pagerank_proveeduria": 0.001150306080128308}}, {"type": "Feature", "geometry": {"type": "Point", "coordinates": [-101.458233, 26.950097]}, "properties": {"id_unidad": 1360, "nombre": "PROMOTORA DE MANUFACTURAS", "codigo_scian": "336360", "tier_red": "1", "oem_grupo": null, "es_planta_ensamble": null, "entidad": "COAHUILA DE ZARAGOZA", "municipio": "Frontera", "cvegeo_mun": "05010", "nivel_inst": "INDETERMINADO", "n_clientes": 0, "n_proveedores": 5, "grado_salida_ponderado": 0.0, "grado_entrada_ponderado": 5.06464925106691, "centralidad_intermediacion": 0.0, "pagerank_proveeduria": 0.0007509103741085098}}, {"type": "Feature", "geometry": {"type": "Point", "coordinates": [-101.500421, 20.855188]}, "properties": {"id_unidad": 1361, "nombre": "PROMOTORA DE MANUFACTURAS", "codigo_scian": "336360", "tier_red": "1", "oem_grupo": null, "es_planta_ensamble": null, "entidad": "GUANAJUATO", "municipio": "Silao de la Victoria", "cvegeo_mun": "11037", "nivel_inst": "INDETERMINADO", "n_clientes": 0, "n_proveedores": 5, "grado_salida_ponderado": 0.0, "grado_entrada_ponderado": 7.761205507685958, "centralidad_intermediacion": 0.0, "pagerank_proveeduria": 0.0007509103741085098}}, {"type": "Feature", "geometry": {"type": "Point", "coordinates": [-100.875453, 22.04984]}, "properties": {"id_unidad": 1362, "nombre": "PROMOTORA DE MANUFACTURAS", "codigo_scian": "336360", "tier_red": "1", "oem_grupo": null, "es_planta_ensamble": null, "entidad": "SAN LUIS POTOSÍ", "municipio": "San Luis Potosí", "cvegeo_mun": "24028", "nivel_inst": "SIN_REGISTRO_INST", "n_clientes": 0, "n_proveedores": 5, "grado_salida_ponderado": 0.0, "grado_entrada_ponderado": 4.920168958473022, "centralidad_intermediacion": 0.0, "pagerank_proveeduria": 0.0007509103741085098}}, {"type": "Feature", "geometry": {"type": "Point", "coordinates": [-109.910749, 27.474112]}, "properties": {"id_unidad": 1363, "nombre": "PROMOTORA DE MANUFACTURAS", "codigo_scian": "336360", "tier_red": "1", "oem_grupo": null, "es_planta_ensamble": null, "entidad": "SONORA", "municipio": "Cajeme", "cvegeo_mun": "26018", "nivel_inst": "INDETERMINADO", "n_clientes": 0, "n_proveedores": 5, "grado_salida_ponderado": 0.0, "grado_entrada_ponderado": 4.5781801302283665, "centralidad_intermediacion": 0.0, "pagerank_proveeduria": 0.0007509103741085098}}, {"type": "Feature", "geometry": {"type": "Point", "coordinates": [-100.897965, 25.441523]}, "properties": {"id_unidad": 1369, "nombre": "RA PHILLIPS INDUSTRIES DE MÉXICO", "codigo_scian": "336320", "tier_red": "1", "oem_grupo": null, "es_planta_ensamble": null, "entidad": "COAHUILA DE ZARAGOZA", "municipio": "Arteaga", "cvegeo_mun": "05004", "nivel_inst": "NUCLEO_CONFIRMADO", "n_clientes": 4, "n_proveedores": 5, "grado_salida_ponderado": 2.0672465262151496, "grado_entrada_ponderado": 55.534424124689195, "centralidad_intermediacion": 8.645134518293105e-06, "pagerank_proveeduria": 0.0013852493392986426}}, {"type": "Feature", "geometry": {"type": "Point", "coordinates": [-116.609465, 31.846304]}, "properties": {"id_unidad": 1375, "nombre": "RAPID MANUFACTURING", "codigo_scian": "334410", "tier_red": "2", "oem_grupo": null, "es_planta_ensamble": null, "entidad": "BAJA CALIFORNIA", "municipio": "Ensenada", "cvegeo_mun": "02001", "nivel_inst": "NUCLEO_CONFIRMADO", "n_clientes": 23, "n_proveedores": 0, "grado_salida_ponderado": 37.462835403768665, "grado_entrada_ponderado": 0.0, "centralidad_intermediacion": 0.0, "pagerank_proveeduria": 0.004648514077601318}}, {"type": "Feature", "geometry": {"type": "Point", "coordinates": [-99.086113, 19.514476]}, "properties": {"id_unidad": 1378, "nombre": "RASSINI", "codigo_scian": "336330", "tier_red": "1", "oem_grupo": null, "es_planta_ensamble": null, "entidad": "MÉXICO", "municipio": "Ecatepec de Morelos", "cvegeo_mun": "15033", "nivel_inst": "NUCLEO_CONFIRMADO", "n_clientes": 5, "n_proveedores": 0, "grado_salida_ponderado": 3.518444342374381, "grado_entrada_ponderado": 0.0, "centralidad_intermediacion": 0.0, "pagerank_proveeduria": 0.0014707155078315997}}, {"type": "Feature", "geometry": {"type": "Point", "coordinates": [-116.947825, 32.476242]}, "properties": {"id_unidad": 1388, "nombre": "RELIABLE MANUFACTURING", "codigo_scian": "336360", "tier_red": "1", "oem_grupo": null, "es_planta_ensamble": null, "entidad": "BAJA CALIFORNIA", "municipio": "Tijuana", "cvegeo_mun": "02004", "nivel_inst": "SIN_REGISTRO_INST", "n_clientes": 0, "n_proveedores": 5, "grado_salida_ponderado": 0.0, "grado_entrada_ponderado": 8.460116172700298, "centralidad_intermediacion": 0.0, "pagerank_proveeduria": 0.0007509103741085098}}, {"type": "Feature", "geometry": {"type": "Point", "coordinates": [-106.336513, 31.663588]}, "properties": {"id_unidad": 1410, "nombre": "ROBERT BOSCH", "codigo_scian": "336320", "tier_red": "1", "oem_grupo": null, "es_planta_ensamble": null, "entidad": "CHIHUAHUA", "municipio": "Juárez", "cvegeo_mun": "08037", "nivel_inst": "SIN_REGISTRO_INST", "n_clientes": 0, "n_proveedores": 5, "grado_salida_ponderado": 0.0, "grado_entrada_ponderado": 18.23371345008366, "centralidad_intermediacion": 0.0, "pagerank_proveeduria": 0.0007509103741085098}}, {"type": "Feature", "geometry": {"type": "Point", "coordinates": [-99.61954, 19.29628]}, "properties": {"id_unidad": 1411, "nombre": "ROBERT BOSCH", "codigo_scian": "336320", "tier_red": "2", "oem_grupo": null, "es_planta_ensamble": null, "entidad": "MÉXICO", "municipio": "Toluca", "cvegeo_mun": "15106", "nivel_inst": "NUCLEO_CONFIRMADO", "n_clientes": 0, "n_proveedores": 5, "grado_salida_ponderado": 0.0, "grado_entrada_ponderado": 0.734586089418219, "centralidad_intermediacion": 0.0, "pagerank_proveeduria": 0.0007509103741085098}}, {"type": "Feature", "geometry": {"type": "Point", "coordinates": [-99.619653, 19.29563]}, "properties": {"id_unidad": 1412, "nombre": "ROBERT BOSCH", "codigo_scian": "336320", "tier_red": "2", "oem_grupo": null, "es_planta_ensamble": null, "entidad": "MÉXICO", "municipio": "Toluca", "cvegeo_mun": "15106", "nivel_inst": "NUCLEO_CONFIRMADO", "n_clientes": 0, "n_proveedores": 5, "grado_salida_ponderado": 0.0, "grado_entrada_ponderado": 45.90959844911608, "centralidad_intermediacion": 0.0, "pagerank_proveeduria": 0.0007509103741085098}}, {"type": "Feature", "geometry": {"type": "Point", "coordinates": [-100.167568, 20.633552]}, "properties": {"id_unidad": 1413, "nombre": "ROBERT BOSCH", "codigo_scian": "336320", "tier_red": "1", "oem_grupo": null, "es_planta_ensamble": null, "entidad": "QUERÉTARO", "municipio": "Colón", "cvegeo_mun": "22005", "nivel_inst": "NUCLEO_CONFIRMADO", "n_clientes": 1, "n_proveedores": 5, "grado_salida_ponderado": 0.0069632984003041, "grado_entrada_ponderado": 11.682348997186109, "centralidad_intermediacion": 0.0, "pagerank_proveeduria": 0.0008492896568032907}}, {"type": "Feature", "geometry": {"type": "Point", "coordinates": [-100.917318, 22.115887]}, "properties": {"id_unidad": 1415, "nombre": "ROBERT BOSCH", "codigo_scian": "336320", "tier_red": "1", "oem_grupo": null, "es_planta_ensamble": null, "entidad": "SAN LUIS POTOSÍ", "municipio": "San Luis Potosí", "cvegeo_mun": "24028", "nivel_inst": "PROBABLE", "n_clientes": 0, "n_proveedores": 5, "grado_salida_ponderado": 0.0, "grado_entrada_ponderado": 39.85545919805828, "centralidad_intermediacion": 0.0, "pagerank_proveeduria": 0.0007509103741085098}}, {"type": "Feature", "geometry": {"type": "Point", "coordinates": [-100.272329, 20.562281]}, "properties": {"id_unidad": 1430, "nombre": "S MEX", "codigo_scian": "336320", "tier_red": "2", "oem_grupo": null, "es_planta_ensamble": null, "entidad": "QUERÉTARO", "municipio": "El Marqués", "cvegeo_mun": "22011", "nivel_inst": "INDETERMINADO", "n_clientes": 0, "n_proveedores": 5, "grado_salida_ponderado": 0.0, "grado_entrada_ponderado": 8.773237143926204, "centralidad_intermediacion": 0.0, "pagerank_proveeduria": 0.0007509103741085098}}, {"type": "Feature", "geometry": {"type": "Point", "coordinates": [-101.499021, 21.013928]}, "properties": {"id_unidad": 1436, "nombre": "SAMOT INDUSTRIA MECANICA", "codigo_scian": "336370", "tier_red": "2", "oem_grupo": null, "es_planta_ensamble": null, "entidad": "GUANAJUATO", "municipio": "Silao de la Victoria", "cvegeo_mun": "11037", "nivel_inst": "NUCLEO_CONFIRMADO", "n_clientes": 13, "n_proveedores": 0, "grado_salida_ponderado": 35.415863444368696, "grado_entrada_ponderado": 0.0, "centralidad_intermediacion": 0.0, "pagerank_proveeduria": 0.0015628261061686223}}, {"type": "Feature", "geometry": {"type": "Point", "coordinates": [-100.868503, 21.975837]}, "properties": {"id_unidad": 1453, "nombre": "SAN LUIS DASUNG", "codigo_scian": "336370", "tier_red": "2", "oem_grupo": null, "es_planta_ensamble": null, "entidad": "SAN LUIS POTOSÍ", "municipio": "Villa de Reyes", "cvegeo_mun": "24050", "nivel_inst": "NUCLEO_CONFIRMADO", "n_clientes": 57, "n_proveedores": 0, "grado_salida_ponderado": 123.0102546813205, "grado_entrada_ponderado": 0.0, "centralidad_intermediacion": 0.0, "pagerank_proveeduria": 0.006989496543839412}}, {"type": "Feature", "geometry": {"type": "Point", "coordinates": [-102.273259, 22.035514]}, "properties": {"id_unidad": 1454, "nombre": "SAN S MEXICANA", "codigo_scian": "336370", "tier_red": "2", "oem_grupo": null, "es_planta_ensamble": null, "entidad": "AGUASCALIENTES", "municipio": "San Francisco de los Romo", "cvegeo_mun": "01011", "nivel_inst": "NUCLEO_CONFIRMADO", "n_clientes": 51, "n_proveedores": 0, "grado_salida_ponderado": 135.039155719071, "grado_entrada_ponderado": 0.0, "centralidad_intermediacion": 0.0, "pagerank_proveeduria": 0.00862434650293845}}, {"type": "Feature", "geometry": {"type": "Point", "coordinates": [-116.908264, 32.538518]}, "properties": {"id_unidad": 1458, "nombre": "SANKO ELECTRONICA MEXICO", "codigo_scian": "334410", "tier_red": "2", "oem_grupo": null, "es_planta_ensamble": null, "entidad": "BAJA CALIFORNIA", "municipio": "Tijuana", "cvegeo_mun": "02004", "nivel_inst": "NUCLEO_CONFIRMADO", "n_clientes": 99, "n_proveedores": 0, "grado_salida_ponderado": 110.33480137031749, "grado_entrada_ponderado": 0.0, "centralidad_intermediacion": 0.0, "pagerank_proveeduria": 0.00827335577300239}}, {"type": "Feature", "geometry": {"type": "Point", "coordinates": [-116.908183, 32.537885]}, "properties": {"id_unidad": 1459, "nombre": "SANKO ELECTRONICA MEXICO", "codigo_scian": "336320", "tier_red": "2", "oem_grupo": null, "es_planta_ensamble": null, "entidad": "BAJA CALIFORNIA", "municipio": "Tijuana", "cvegeo_mun": "02004", "nivel_inst": "NUCLEO_CONFIRMADO", "n_clientes": 0, "n_proveedores": 5, "grado_salida_ponderado": 0.0, "grado_entrada_ponderado": 0.3846689639540333, "centralidad_intermediacion": 0.0, "pagerank_proveeduria": 0.0007509103741085098}}, {"type": "Feature", "geometry": {"type": "Point", "coordinates": [-100.163854, 25.69688]}, "properties": {"id_unidad": 1469, "nombre": "SANMINA SCI SYSTEMS", "codigo_scian": "335920", "tier_red": "2", "oem_grupo": null, "es_planta_ensamble": null, "entidad": "NUEVO LEÓN", "municipio": "Guadalupe", "cvegeo_mun": "19026", "nivel_inst": "NUCLEO_CONFIRMADO", "n_clientes": 58, "n_proveedores": 0, "grado_salida_ponderado": 211.7747494917933, "grado_entrada_ponderado": 0.0, "centralidad_intermediacion": 0.0, "pagerank_proveeduria": 0.008126414962006936}}, {"type": "Feature", "geometry": {"type": "Point", "coordinates": [-100.13841, 25.786404]}, "properties": {"id_unidad": 1470, "nombre": "SANMINA SCI SYSTEMS", "codigo_scian": "336320", "tier_red": "2", "oem_grupo": null, "es_planta_ensamble": null, "entidad": "NUEVO LEÓN", "municipio": "Apodaca", "cvegeo_mun": "19006", "nivel_inst": "NUCLEO_CONFIRMADO", "n_clientes": 0, "n_proveedores": 5, "grado_salida_ponderado": 0.0, "grado_entrada_ponderado": 2.9065152610001013, "centralidad_intermediacion": 0.0, "pagerank_proveeduria": 0.0007509103741085098}}, {"type": "Feature", "geometry": {"type": "Point", "coordinates": [-101.335688, 20.78114]}, "properties": {"id_unidad": 1474, "nombre": "SANOH", "codigo_scian": "336320", "tier_red": "1", "oem_grupo": null, "es_planta_ensamble": null, "entidad": "GUANAJUATO", "municipio": "Irapuato", "cvegeo_mun": "11017", "nivel_inst": "NUCLEO_CONFIRMADO", "n_clientes": 0, "n_proveedores": 5, "grado_salida_ponderado": 0.0, "grado_entrada_ponderado": 2.6917791970705296, "centralidad_intermediacion": 0.0, "pagerank_proveeduria": 0.0007509103741085098}}, {"type": "Feature", "geometry": {"type": "Point", "coordinates": [-98.246637, 19.116085]}, "properties": {"id_unidad": 1477, "nombre": "SAS AUTOMOTIVE SYSTEMS", "codigo_scian": "336320", "tier_red": "1", "oem_grupo": null, "es_planta_ensamble": null, "entidad": "PUEBLA", "municipio": "Cuautlancingo", "cvegeo_mun": "21041", "nivel_inst": "NUCLEO_CONFIRMADO", "n_clientes": 4, "n_proveedores": 5, "grado_salida_ponderado": 1.2363197723907713, "grado_entrada_ponderado": 57.0809263743532, "centralidad_intermediacion": 0.0, "pagerank_proveeduria": 0.0011948133248556806}}, {"type": "Feature", "geometry": {"type": "Point", "coordinates": [-98.150279, 19.072526]}, "properties": {"id_unidad": 1478, "nombre": "SAVAL DE MEXICO", "codigo_scian": "336360", "tier_red": "1", "oem_grupo": null, "es_planta_ensamble": null, "entidad": "PUEBLA", "municipio": "Puebla", "cvegeo_mun": "21114", "nivel_inst": "NUCLEO_CONFIRMADO", "n_clientes": 0, "n_proveedores": 5, "grado_salida_ponderado": 0.0, "grado_entrada_ponderado": 2.268582873736425, "centralidad_intermediacion": 0.0, "pagerank_proveeduria": 0.0007509103741085098}}, {"type": "Feature", "geometry": {"type": "Point", "coordinates": [-116.921267, 32.535332]}, "properties": {"id_unidad": 1480, "nombre": "SCHNEIDER ELECTRIC", "codigo_scian": "334410", "tier_red": "2", "oem_grupo": null, "es_planta_ensamble": null, "entidad": "BAJA CALIFORNIA", "municipio": "Tijuana", "cvegeo_mun": "02004", "nivel_inst": "NUCLEO_CONFIRMADO", "n_clientes": 100, "n_proveedores": 0, "grado_salida_ponderado": 99.47012905443476, "grado_entrada_ponderado": 0.0, "centralidad_intermediacion": 0.0, "pagerank_proveeduria": 0.010083576633679403}}, {"type": "Feature", "geometry": {"type": "Point", "coordinates": [-100.149321, 25.77866]}, "properties": {"id_unidad": 1486, "nombre": "SCHNEIDER ELECTRIC", "codigo_scian": "334410", "tier_red": "3", "oem_grupo": null, "es_planta_ensamble": null, "entidad": "NUEVO LEÓN", "municipio": "Apodaca", "cvegeo_mun": "19006", "nivel_inst": "PROBABLE", "n_clientes": 13, "n_proveedores": 0, "grado_salida_ponderado": 180.1342939739041, "grado_entrada_ponderado": 0.0, "centralidad_intermediacion": 0.0, "pagerank_proveeduria": 0.00533859151948195}}, {"type": "Feature", "geometry": {"type": "Point", "coordinates": [-98.19701, 19.211288]}, "properties": {"id_unidad": 1491, "nombre": "SE BORDNETZE MEXICO", "codigo_scian": "336320", "tier_red": "1", "oem_grupo": null, "es_planta_ensamble": null, "entidad": "TLAXCALA", "municipio": "Santa Cruz Quilehtla", "cvegeo_mun": "29059", "nivel_inst": "SIN_REGISTRO_INST", "n_clientes": 0, "n_proveedores": 5, "grado_salida_ponderado": 0.0, "grado_entrada_ponderado": 29.549306367517065, "centralidad_intermediacion": 0.0, "pagerank_proveeduria": 0.0007509103741085098}}, {"type": "Feature", "geometry": {"type": "Point", "coordinates": [-99.544939, 19.29062]}, "properties": {"id_unidad": 1495, "nombre": "SEG AUTOMOTIVE MEXICO MANUFACTURING", "codigo_scian": "336320", "tier_red": "1", "oem_grupo": null, "es_planta_ensamble": null, "entidad": "MÉXICO", "municipio": "Lerma", "cvegeo_mun": "15051", "nivel_inst": "NUCLEO_CONFIRMADO", "n_clientes": 3, "n_proveedores": 5, "grado_salida_ponderado": 3.2724005853321616, "grado_entrada_ponderado": 49.68456742386723, "centralidad_intermediacion": 2.5935403554879314e-05, "pagerank_proveeduria": 0.0012184909724296611}}, {"type": "Feature", "geometry": {"type": "Point", "coordinates": [-115.397857, 32.667415]}, "properties": {"id_unidad": 1506, "nombre": "SENSATA TECHNOLOGIES DE MEXICO", "codigo_scian": "336320", "tier_red": "1", "oem_grupo": null, "es_planta_ensamble": null, "entidad": "BAJA CALIFORNIA", "municipio": "Mexicali", "cvegeo_mun": "02002", "nivel_inst": "NUCLEO_CONFIRMADO", "n_clientes": 2, "n_proveedores": 5, "grado_salida_ponderado": 3.684456269873474, "grado_entrada_ponderado": 62.71862001514922, "centralidad_intermediacion": 7.780621066463794e-06, "pagerank_proveeduria": 0.000928892695801625}}, {"type": "Feature", "geometry": {"type": "Point", "coordinates": [-97.546412, 25.867317]}, "properties": {"id_unidad": 1508, "nombre": "SENSATA TECHNOLOGIES DE MEXICO", "codigo_scian": "336320", "tier_red": "1", "oem_grupo": null, "es_planta_ensamble": null, "entidad": "TAMAULIPAS", "municipio": "Matamoros", "cvegeo_mun": "28022", "nivel_inst": "NUCLEO_CONFIRMADO", "n_clientes": 0, "n_proveedores": 5, "grado_salida_ponderado": 0.0, "grado_entrada_ponderado": 10.883363720039227, "centralidad_intermediacion": 0.0, "pagerank_proveeduria": 0.0007509103741085098}}, {"type": "Feature", "geometry": {"type": "Point", "coordinates": [-100.726021, 20.545433]}, "properties": {"id_unidad": 1511, "nombre": "SETEX AUTOMOTIVE", "codigo_scian": "336360", "tier_red": "1", "oem_grupo": null, "es_planta_ensamble": null, "entidad": "GUANAJUATO", "municipio": "Apaseo el Grande", "cvegeo_mun": "11005", "nivel_inst": "NUCLEO_CONFIRMADO", "n_clientes": 0, "n_proveedores": 5, "grado_salida_ponderado": 0.0, "grado_entrada_ponderado": 1.0735833727801776, "centralidad_intermediacion": 0.0, "pagerank_proveeduria": 0.0007509103741085098}}, {"type": "Feature", "geometry": {"type": "Point", "coordinates": [-100.742528, 20.538631]}, "properties": {"id_unidad": 1512, "nombre": "SETEX AUTOMOTIVE", "codigo_scian": "336360", "tier_red": "1", "oem_grupo": null, "es_planta_ensamble": null, "entidad": "GUANAJUATO", "municipio": "Apaseo el Grande", "cvegeo_mun": "11005", "nivel_inst": "NUCLEO_CONFIRMADO", "n_clientes": 0, "n_proveedores": 5, "grado_salida_ponderado": 0.0, "grado_entrada_ponderado": 13.285629955990613, "centralidad_intermediacion": 0.0, "pagerank_proveeduria": 0.0007509103741085098}}, {"type": "Feature", "geometry": {"type": "Point", "coordinates": [-102.269324, 22.035989]}, "properties": {"id_unidad": 1513, "nombre": "SEWS", "codigo_scian": "336320", "tier_red": "1", "oem_grupo": null, "es_planta_ensamble": null, "entidad": "AGUASCALIENTES", "municipio": "San Francisco de los Romo", "cvegeo_mun": "01011", "nivel_inst": "NUCLEO_CONFIRMADO", "n_clientes": 0, "n_proveedores": 5, "grado_salida_ponderado": 0.0, "grado_entrada_ponderado": 23.7966026183705, "centralidad_intermediacion": 0.0, "pagerank_proveeduria": 0.0007509103741085098}}, {"type": "Feature", "geometry": {"type": "Point", "coordinates": [-102.982166, 25.774468]}, "properties": {"id_unidad": 1514, "nombre": "SEWS", "codigo_scian": "336320", "tier_red": "1", "oem_grupo": null, "es_planta_ensamble": null, "entidad": "COAHUILA DE ZARAGOZA", "municipio": "San Pedro", "cvegeo_mun": "05033", "nivel_inst": "INDETERMINADO", "n_clientes": 0, "n_proveedores": 5, "grado_salida_ponderado": 0.0, "grado_entrada_ponderado": 5.9440652660822595, "centralidad_intermediacion": 0.0, "pagerank_proveeduria": 0.0007509103741085098}}, {"type": "Feature", "geometry": {"type": "Point", "coordinates": [-103.401908, 25.506179]}, "properties": {"id_unidad": 1515, "nombre": "SEWS", "codigo_scian": "336320", "tier_red": "1", "oem_grupo": null, "es_planta_ensamble": null, "entidad": "COAHUILA DE ZARAGOZA", "municipio": "Torreón", "cvegeo_mun": "05035", "nivel_inst": "INDETERMINADO", "n_clientes": 0, "n_proveedores": 5, "grado_salida_ponderado": 0.0, "grado_entrada_ponderado": 0.4596119892604317, "centralidad_intermediacion": 0.0, "pagerank_proveeduria": 0.0007509103741085098}}, {"type": "Feature", "geometry": {"type": "Point", "coordinates": [-103.418588, 25.499354]}, "properties": {"id_unidad": 1516, "nombre": "SEWS", "codigo_scian": "336320", "tier_red": "1", "oem_grupo": null, "es_planta_ensamble": null, "entidad": "COAHUILA DE ZARAGOZA", "municipio": "Torreón", "cvegeo_mun": "05035", "nivel_inst": "INDETERMINADO", "n_clientes": 0, "n_proveedores": 5, "grado_salida_ponderado": 0.0, "grado_entrada_ponderado": 5.769516311208809, "centralidad_intermediacion": 0.0, "pagerank_proveeduria": 0.0007509103741085098}}, {"type": "Feature", "geometry": {"type": "Point", "coordinates": [-103.401894, 25.506189]}, "properties": {"id_unidad": 1517, "nombre": "SEWS", "codigo_scian": "336320", "tier_red": "1", "oem_grupo": null, "es_planta_ensamble": null, "entidad": "COAHUILA DE ZARAGOZA", "municipio": "Torreón", "cvegeo_mun": "05035", "nivel_inst": "INDETERMINADO", "n_clientes": 0, "n_proveedores": 5, "grado_salida_ponderado": 0.0, "grado_entrada_ponderado": 5.7451443273404745, "centralidad_intermediacion": 0.0, "pagerank_proveeduria": 0.0007509103741085098}}, {"type": "Feature", "geometry": {"type": "Point", "coordinates": [-103.369444, 25.530231]}, "properties": {"id_unidad": 1518, "nombre": "SEWS", "codigo_scian": "336320", "tier_red": "1", "oem_grupo": null, "es_planta_ensamble": null, "entidad": "COAHUILA DE ZARAGOZA", "municipio": "Torreón", "cvegeo_mun": "05035", "nivel_inst": "INDETERMINADO", "n_clientes": 0, "n_proveedores": 5, "grado_salida_ponderado": 0.0, "grado_entrada_ponderado": 0.0344604067427036, "centralidad_intermediacion": 0.0, "pagerank_proveeduria": 0.0007509103741085098}}, {"type": "Feature", "geometry": {"type": "Point", "coordinates": [-105.995969, 28.67139]}, "properties": {"id_unidad": 1519, "nombre": "SEWS", "codigo_scian": "336320", "tier_red": "1", "oem_grupo": null, "es_planta_ensamble": null, "entidad": "CHIHUAHUA", "municipio": "Chihuahua", "cvegeo_mun": "08019", "nivel_inst": "PROBABLE", "n_clientes": 0, "n_proveedores": 5, "grado_salida_ponderado": 0.0, "grado_entrada_ponderado": 23.87528995435001, "centralidad_intermediacion": 0.0, "pagerank_proveeduria": 0.0007509103741085098}}, {"type": "Feature", "geometry": {"type": "Point", "coordinates": [-106.45343, 31.674289]}, "properties": {"id_unidad": 1520, "nombre": "SEWS", "codigo_scian": "336320", "tier_red": "1", "oem_grupo": null, "es_planta_ensamble": null, "entidad": "CHIHUAHUA", "municipio": "Juárez", "cvegeo_mun": "08037", "nivel_inst": "PROBABLE", "n_clientes": 0, "n_proveedores": 5, "grado_salida_ponderado": 0.0, "grado_entrada_ponderado": 27.69287117728339, "centralidad_intermediacion": 0.0, "pagerank_proveeduria": 0.0007509103741085098}}, {"type": "Feature", "geometry": {"type": "Point", "coordinates": [-106.45193, 31.674152]}, "properties": {"id_unidad": 1521, "nombre": "SEWS", "codigo_scian": "336320", "tier_red": "1", "oem_grupo": null, "es_planta_ensamble": null, "entidad": "CHIHUAHUA", "municipio": "Juárez", "cvegeo_mun": "08037", "nivel_inst": "PROBABLE", "n_clientes": 0, "n_proveedores": 5, "grado_salida_ponderado": 0.0, "grado_entrada_ponderado": 27.702646498802014, "centralidad_intermediacion": 0.0, "pagerank_proveeduria": 0.0007509103741085098}}, {"type": "Feature", "geometry": {"type": "Point", "coordinates": [-106.385559, 31.646894]}, "properties": {"id_unidad": 1522, "nombre": "SEWS", "codigo_scian": "336320", "tier_red": "1", "oem_grupo": null, "es_planta_ensamble": null, "entidad": "CHIHUAHUA", "municipio": "Juárez", "cvegeo_mun": "08037", "nivel_inst": "PROBABLE", "n_clientes": 0, "n_proveedores": 5, "grado_salida_ponderado": 0.0, "grado_entrada_ponderado": 31.16885215616549, "centralidad_intermediacion": 0.0, "pagerank_proveeduria": 0.0007509103741085098}}, {"type": "Feature", "geometry": {"type": "Point", "coordinates": [-105.171879, 27.667365]}, "properties": {"id_unidad": 1523, "nombre": "SEWS", "codigo_scian": "336320", "tier_red": "1", "oem_grupo": null, "es_planta_ensamble": null, "entidad": "CHIHUAHUA", "municipio": "Camargo", "cvegeo_mun": "08011", "nivel_inst": "PROBABLE", "n_clientes": 0, "n_proveedores": 5, "grado_salida_ponderado": 0.0, "grado_entrada_ponderado": 22.105556000179604, "centralidad_intermediacion": 0.0, "pagerank_proveeduria": 0.0007509103741085098}}, {"type": "Feature", "geometry": {"type": "Point", "coordinates": [-106.434273, 31.613133]}, "properties": {"id_unidad": 1524, "nombre": "SEWS", "codigo_scian": "336320", "tier_red": "1", "oem_grupo": null, "es_planta_ensamble": null, "entidad": "CHIHUAHUA", "municipio": "Juárez", "cvegeo_mun": "08037", "nivel_inst": "PROBABLE", "n_clientes": 0, "n_proveedores": 5, "grado_salida_ponderado": 0.0, "grado_entrada_ponderado": 10.11118359501634, "centralidad_intermediacion": 0.0, "pagerank_proveeduria": 0.0007509103741085098}}, {"type": "Feature", "geometry": {"type": "Point", "coordinates": [-106.376141, 31.644992]}, "properties": {"id_unidad": 1525, "nombre": "SEWS", "codigo_scian": "336320", "tier_red": "1", "oem_grupo": null, "es_planta_ensamble": null, "entidad": "CHIHUAHUA", "municipio": "Juárez", "cvegeo_mun": "08037", "nivel_inst": "PROBABLE", "n_clientes": 0, "n_proveedores": 5, "grado_salida_ponderado": 0.0, "grado_entrada_ponderado": 31.554160989753743, "centralidad_intermediacion": 0.0, "pagerank_proveeduria": 0.0007509103741085098}}, {"type": "Feature", "geometry": {"type": "Point", "coordinates": [-103.498717, 25.597997]}, "properties": {"id_unidad": 1526, "nombre": "SEWS", "codigo_scian": "336320", "tier_red": "1", "oem_grupo": null, "es_planta_ensamble": null, "entidad": "DURANGO", "municipio": "Gómez Palacio", "cvegeo_mun": "10007", "nivel_inst": "SIN_REGISTRO_INST", "n_clientes": 0, "n_proveedores": 5, "grado_salida_ponderado": 0.0, "grado_entrada_ponderado": 6.571880061312524, "centralidad_intermediacion": 0.0, "pagerank_proveeduria": 0.0007509103741085098}}, {"type": "Feature", "geometry": {"type": "Point", "coordinates": [-103.468343, 25.575766]}, "properties": {"id_unidad": 1527, "nombre": "SEWS", "codigo_scian": "336320", "tier_red": "1", "oem_grupo": null, "es_planta_ensamble": null, "entidad": "DURANGO", "municipio": "Gómez Palacio", "cvegeo_mun": "10007", "nivel_inst": "SIN_REGISTRO_INST", "n_clientes": 0, "n_proveedores": 5, "grado_salida_ponderado": 0.0, "grado_entrada_ponderado": 5.721382993189595, "centralidad_intermediacion": 0.0, "pagerank_proveeduria": 0.0007509103741085098}}, {"type": "Feature", "geometry": {"type": "Point", "coordinates": [-103.698215, 24.865512]}, "properties": {"id_unidad": 1528, "nombre": "SEWS", "codigo_scian": "336320", "tier_red": "1", "oem_grupo": null, "es_planta_ensamble": null, "entidad": "DURANGO", "municipio": "Cuencamé", "cvegeo_mun": "10004", "nivel_inst": "SIN_REGISTRO_INST", "n_clientes": 0, "n_proveedores": 5, "grado_salida_ponderado": 0.0, "grado_entrada_ponderado": 5.318596072310192, "centralidad_intermediacion": 0.0, "pagerank_proveeduria": 0.0007509103741085098}}, {"type": "Feature", "geometry": {"type": "Point", "coordinates": [-99.576764, 19.265928]}, "properties": {"id_unidad": 1529, "nombre": "SEWS", "codigo_scian": "336320", "tier_red": "2", "oem_grupo": null, "es_planta_ensamble": null, "entidad": "MÉXICO", "municipio": "Metepec", "cvegeo_mun": "15054", "nivel_inst": "NUCLEO_CONFIRMADO", "n_clientes": 0, "n_proveedores": 5, "grado_salida_ponderado": 0.0, "grado_entrada_ponderado": 1.6744804698031504, "centralidad_intermediacion": 0.0, "pagerank_proveeduria": 0.0007509103741085098}}, {"type": "Feature", "geometry": {"type": "Point", "coordinates": [-105.193283, 21.815571]}, "properties": {"id_unidad": 1530, "nombre": "SEWS", "codigo_scian": "336320", "tier_red": "1", "oem_grupo": null, "es_planta_ensamble": null, "entidad": "NAYARIT", "municipio": "Santiago Ixcuintla", "cvegeo_mun": "18015", "nivel_inst": "SIN_REGISTRO_INST", "n_clientes": 0, "n_proveedores": 5, "grado_salida_ponderado": 0.0, "grado_entrada_ponderado": 0.0414720774217934, "centralidad_intermediacion": 0.0, "pagerank_proveeduria": 0.0007509103741085098}}, {"type": "Feature", "geometry": {"type": "Point", "coordinates": [-104.845017, 21.482483]}, "properties": {"id_unidad": 1531, "nombre": "SEWS", "codigo_scian": "336320", "tier_red": "1", "oem_grupo": null, "es_planta_ensamble": null, "entidad": "NAYARIT", "municipio": "Tepic", "cvegeo_mun": "18017", "nivel_inst": "SIN_REGISTRO_INST", "n_clientes": 0, "n_proveedores": 5, "grado_salida_ponderado": 0.0, "grado_entrada_ponderado": 8.123241899248, "centralidad_intermediacion": 0.0, "pagerank_proveeduria": 0.0007509103741085098}}, {"type": "Feature", "geometry": {"type": "Point", "coordinates": [-104.848646, 21.473221]}, "properties": {"id_unidad": 1532, "nombre": "SEWS", "codigo_scian": "336320", "tier_red": "1", "oem_grupo": null, "es_planta_ensamble": null, "entidad": "NAYARIT", "municipio": "Tepic", "cvegeo_mun": "18017", "nivel_inst": "SIN_REGISTRO_INST", "n_clientes": 0, "n_proveedores": 5, "grado_salida_ponderado": 0.0, "grado_entrada_ponderado": 8.135581186646466, "centralidad_intermediacion": 0.0, "pagerank_proveeduria": 0.0007509103741085098}}, {"type": "Feature", "geometry": {"type": "Point", "coordinates": [-104.844889, 21.481956]}, "properties": {"id_unidad": 1533, "nombre": "SEWS", "codigo_scian": "336320", "tier_red": "1", "oem_grupo": null, "es_planta_ensamble": null, "entidad": "NAYARIT", "municipio": "Tepic", "cvegeo_mun": "18017", "nivel_inst": "SIN_REGISTRO_INST", "n_clientes": 0, "n_proveedores": 5, "grado_salida_ponderado": 0.0, "grado_entrada_ponderado": 8.124788211391607, "centralidad_intermediacion": 0.0, "pagerank_proveeduria": 0.0007509103741085098}}, {"type": "Feature", "geometry": {"type": "Point", "coordinates": [-104.842834, 21.475151]}, "properties": {"id_unidad": 1534, "nombre": "SEWS", "codigo_scian": "336320", "tier_red": "1", "oem_grupo": null, "es_planta_ensamble": null, "entidad": "NAYARIT", "municipio": "Tepic", "cvegeo_mun": "18017", "nivel_inst": "SIN_REGISTRO_INST", "n_clientes": 0, "n_proveedores": 5, "grado_salida_ponderado": 0.0, "grado_entrada_ponderado": 8.145802378407788, "centralidad_intermediacion": 0.0, "pagerank_proveeduria": 0.0007509103741085098}}, {"type": "Feature", "geometry": {"type": "Point", "coordinates": [-109.033689, 26.264459]}, "properties": {"id_unidad": 1535, "nombre": "SEWS", "codigo_scian": "336320", "tier_red": "1", "oem_grupo": null, "es_planta_ensamble": null, "entidad": "SINALOA", "municipio": "Ahome", "cvegeo_mun": "25001", "nivel_inst": "SIN_REGISTRO_INST", "n_clientes": 0, "n_proveedores": 5, "grado_salida_ponderado": 0.0, "grado_entrada_ponderado": 7.8372395521839096, "centralidad_intermediacion": 0.0, "pagerank_proveeduria": 0.0007509103741085098}}, {"type": "Feature", "geometry": {"type": "Point", "coordinates": [-108.969312, 25.793065]}, "properties": {"id_unidad": 1536, "nombre": "SEWS", "codigo_scian": "336320", "tier_red": "1", "oem_grupo": null, "es_planta_ensamble": null, "entidad": "SINALOA", "municipio": "Ahome", "cvegeo_mun": "25001", "nivel_inst": "SIN_REGISTRO_INST", "n_clientes": 1, "n_proveedores": 5, "grado_salida_ponderado": 0.0932276773048727, "grado_entrada_ponderado": 7.3349362873542745, "centralidad_intermediacion": 0.0, "pagerank_proveeduria": 0.0008114865879329732}}, {"type": "Feature", "geometry": {"type": "Point", "coordinates": [-108.760091, 26.077525]}, "properties": {"id_unidad": 1537, "nombre": "SEWS", "codigo_scian": "336320", "tier_red": "1", "oem_grupo": null, "es_planta_ensamble": null, "entidad": "SINALOA", "municipio": "El Fuerte", "cvegeo_mun": "25010", "nivel_inst": "SIN_REGISTRO_INST", "n_clientes": 0, "n_proveedores": 5, "grado_salida_ponderado": 0.0, "grado_entrada_ponderado": 7.386284485478605, "centralidad_intermediacion": 0.0, "pagerank_proveeduria": 0.0007509103741085098}}, {"type": "Feature", "geometry": {"type": "Point", "coordinates": [-108.969312, 25.793066]}, "properties": {"id_unidad": 1538, "nombre": "SEWS", "codigo_scian": "336320", "tier_red": "1", "oem_grupo": null, "es_planta_ensamble": null, "entidad": "SINALOA", "municipio": "Ahome", "cvegeo_mun": "25001", "nivel_inst": "SIN_REGISTRO_INST", "n_clientes": 0, "n_proveedores": 5, "grado_salida_ponderado": 0.0, "grado_entrada_ponderado": 7.334937806402479, "centralidad_intermediacion": 0.0, "pagerank_proveeduria": 0.0007509103741085098}}, {"type": "Feature", "geometry": {"type": "Point", "coordinates": [-108.482535, 25.590658]}, "properties": {"id_unidad": 1539, "nombre": "SEWS", "codigo_scian": "336320", "tier_red": "1", "oem_grupo": null, "es_planta_ensamble": null, "entidad": "SINALOA", "municipio": "Guasave", "cvegeo_mun": "25011", "nivel_inst": "SIN_REGISTRO_INST", "n_clientes": 1, "n_proveedores": 5, "grado_salida_ponderado": 0.1350174124062026, "grado_entrada_ponderado": 6.718415885930552, "centralidad_intermediacion": 0.0, "pagerank_proveeduria": 0.0008386401543667637}}, {"type": "Feature", "geometry": {"type": "Point", "coordinates": [-103.430066, 24.279675]}, "properties": {"id_unidad": 1540, "nombre": "SEWS", "codigo_scian": "336320", "tier_red": "1", "oem_grupo": null, "es_planta_ensamble": null, "entidad": "ZACATECAS", "municipio": "Miguel Auza", "cvegeo_mun": "32029", "nivel_inst": "SIN_REGISTRO_INST", "n_clientes": 0, "n_proveedores": 5, "grado_salida_ponderado": 0.0, "grado_entrada_ponderado": 6.1221816993035425, "centralidad_intermediacion": 0.0, "pagerank_proveeduria": 0.0007509103741085098}}, {"type": "Feature", "geometry": {"type": "Point", "coordinates": [-103.010306, 23.825691]}, "properties": {"id_unidad": 1541, "nombre": "SEWS", "codigo_scian": "336320", "tier_red": "1", "oem_grupo": null, "es_planta_ensamble": null, "entidad": "ZACATECAS", "municipio": "Río Grande", "cvegeo_mun": "32039", "nivel_inst": "SIN_REGISTRO_INST", "n_clientes": 0, "n_proveedores": 5, "grado_salida_ponderado": 0.0, "grado_entrada_ponderado": 7.219952737115859, "centralidad_intermediacion": 0.0, "pagerank_proveeduria": 0.0007509103741085098}}, {"type": "Feature", "geometry": {"type": "Point", "coordinates": [-103.009662, 23.822247]}, "properties": {"id_unidad": 1542, "nombre": "SEWS", "codigo_scian": "336320", "tier_red": "1", "oem_grupo": null, "es_planta_ensamble": null, "entidad": "ZACATECAS", "municipio": "Río Grande", "cvegeo_mun": "32039", "nivel_inst": "SIN_REGISTRO_INST", "n_clientes": 0, "n_proveedores": 5, "grado_salida_ponderado": 0.0, "grado_entrada_ponderado": 7.227671089942038, "centralidad_intermediacion": 0.0, "pagerank_proveeduria": 0.0007509103741085098}}, {"type": "Feature", "geometry": {"type": "Point", "coordinates": [-100.910093, 25.592263]}, "properties": {"id_unidad": 1547, "nombre": "SHILOH / DURA", "codigo_scian": "336370", "tier_red": "2", "oem_grupo": null, "es_planta_ensamble": null, "entidad": "COAHUILA DE ZARAGOZA", "municipio": "Ramos Arizpe", "cvegeo_mun": "05027", "nivel_inst": "NUCLEO_CONFIRMADO", "n_clientes": 5, "n_proveedores": 0, "grado_salida_ponderado": 21.293312885964276, "grado_entrada_ponderado": 0.0, "centralidad_intermediacion": 0.0, "pagerank_proveeduria": 0.0014788555314467777}}, {"type": "Feature", "geometry": {"type": "Point", "coordinates": [-100.788474, 20.422615]}, "properties": {"id_unidad": 1548, "nombre": "SHILOH / DURA", "codigo_scian": "336370", "tier_red": "2", "oem_grupo": null, "es_planta_ensamble": null, "entidad": "GUANAJUATO", "municipio": "Celaya", "cvegeo_mun": "11007", "nivel_inst": "INDETERMINADO", "n_clientes": 3, "n_proveedores": 0, "grado_salida_ponderado": 2.628932693696339, "grado_entrada_ponderado": 0.0, "centralidad_intermediacion": 0.0, "pagerank_proveeduria": 0.0009472212731215478}}, {"type": "Feature", "geometry": {"type": "Point", "coordinates": [-100.910093, 25.592263]}, "properties": {"id_unidad": 1549, "nombre": "SHILOH DE MEXICO", "codigo_scian": "336370", "tier_red": "2", "oem_grupo": null, "es_planta_ensamble": null, "entidad": "COAHUILA DE ZARAGOZA", "municipio": "Ramos Arizpe", "cvegeo_mun": "05027", "nivel_inst": "NUCLEO_CONFIRMADO", "n_clientes": 5, "n_proveedores": 0, "grado_salida_ponderado": 21.293312885964276, "grado_entrada_ponderado": 0.0, "centralidad_intermediacion": 0.0, "pagerank_proveeduria": 0.0014788555314467777}}, {"type": "Feature", "geometry": {"type": "Point", "coordinates": [-100.802594, 20.550333]}, "properties": {"id_unidad": 1556, "nombre": "SIIOSA", "codigo_scian": "336370", "tier_red": "2", "oem_grupo": null, "es_planta_ensamble": null, "entidad": "GUANAJUATO", "municipio": "Celaya", "cvegeo_mun": "11007", "nivel_inst": "SIN_REGISTRO_INST", "n_clientes": 3, "n_proveedores": 0, "grado_salida_ponderado": 2.6113892681846975, "grado_entrada_ponderado": 0.0, "centralidad_intermediacion": 0.0, "pagerank_proveeduria": 0.0009661002045814354}}, {"type": "Feature", "geometry": {"type": "Point", "coordinates": [-104.583234, 24.089041]}, "properties": {"id_unidad": 1557, "nombre": "SIIX EMS MEXICO", "codigo_scian": "336320", "tier_red": "1", "oem_grupo": null, "es_planta_ensamble": null, "entidad": "DURANGO", "municipio": "Durango", "cvegeo_mun": "10005", "nivel_inst": "SIN_REGISTRO_INST", "n_clientes": 0, "n_proveedores": 5, "grado_salida_ponderado": 0.0, "grado_entrada_ponderado": 0.0329722088713866, "centralidad_intermediacion": 0.0, "pagerank_proveeduria": 0.0007509103741085098}}, {"type": "Feature", "geometry": {"type": "Point", "coordinates": [-100.207026, 25.736298]}, "properties": {"id_unidad": 1558, "nombre": "SIIX EMS MEXICO", "codigo_scian": "336320", "tier_red": "2", "oem_grupo": null, "es_planta_ensamble": null, "entidad": "NUEVO LEÓN", "municipio": "Apodaca", "cvegeo_mun": "19006", "nivel_inst": "NUCLEO_CONFIRMADO", "n_clientes": 0, "n_proveedores": 5, "grado_salida_ponderado": 0.0, "grado_entrada_ponderado": 0.3647318122519469, "centralidad_intermediacion": 0.0, "pagerank_proveeduria": 0.0007509103741085098}}, {"type": "Feature", "geometry": {"type": "Point", "coordinates": [-100.817222, 22.122436]}, "properties": {"id_unidad": 1559, "nombre": "SIIX EMS MEXICO", "codigo_scian": "336320", "tier_red": "1", "oem_grupo": null, "es_planta_ensamble": null, "entidad": "SAN LUIS POTOSÍ", "municipio": "San Luis Potosí", "cvegeo_mun": "24028", "nivel_inst": "NUCLEO_CONFIRMADO", "n_clientes": 0, "n_proveedores": 5, "grado_salida_ponderado": 0.0, "grado_entrada_ponderado": 44.16151052484397, "centralidad_intermediacion": 0.0, "pagerank_proveeduria": 0.0007509103741085098}}, {"type": "Feature", "geometry": {"type": "Point", "coordinates": [-97.546412, 25.867317]}, "properties": {"id_unidad": 1560, "nombre": "SILICONE TECHNOLOGIES", "codigo_scian": "336320", "tier_red": "1", "oem_grupo": null, "es_planta_ensamble": null, "entidad": "TAMAULIPAS", "municipio": "Matamoros", "cvegeo_mun": "28022", "nivel_inst": "SIN_REGISTRO_INST", "n_clientes": 0, "n_proveedores": 5, "grado_salida_ponderado": 0.0, "grado_entrada_ponderado": 5.441681860019614, "centralidad_intermediacion": 0.0, "pagerank_proveeduria": 0.0007509103741085098}}, {"type": "Feature", "geometry": {"type": "Point", "coordinates": [-101.351086, 20.780155]}, "properties": {"id_unidad": 1572, "nombre": "SK TEC MEXICANA", "codigo_scian": "336370", "tier_red": "2", "oem_grupo": null, "es_planta_ensamble": null, "entidad": "GUANAJUATO", "municipio": "Irapuato", "cvegeo_mun": "11017", "nivel_inst": "NUCLEO_CONFIRMADO", "n_clientes": 7, "n_proveedores": 0, "grado_salida_ponderado": 27.406079823554442, "grado_entrada_ponderado": 0.0, "centralidad_intermediacion": 0.0, "pagerank_proveeduria": 0.0018849516977603982}}, {"type": "Feature", "geometry": {"type": "Point", "coordinates": [-115.414346, 32.635978]}, "properties": {"id_unidad": 1574, "nombre": "SKYWORKS SOLUTIONS DE MEXICO", "codigo_scian": "334410", "tier_red": "2", "oem_grupo": null, "es_planta_ensamble": null, "entidad": "BAJA CALIFORNIA", "municipio": "Mexicali", "cvegeo_mun": "02002", "nivel_inst": "NUCLEO_CONFIRMADO", "n_clientes": 14, "n_proveedores": 0, "grado_salida_ponderado": 65.745155093099, "grado_entrada_ponderado": 0.0, "centralidad_intermediacion": 0.0, "pagerank_proveeduria": 0.0026426967700445736}}, {"type": "Feature", "geometry": {"type": "Point", "coordinates": [-100.916254, 25.58622]}, "properties": {"id_unidad": 1580, "nombre": "SODECIA AUTOMOTIVE RAMOS", "codigo_scian": "336370", "tier_red": "2", "oem_grupo": null, "es_planta_ensamble": null, "entidad": "COAHUILA DE ZARAGOZA", "municipio": "Ramos Arizpe", "cvegeo_mun": "05027", "nivel_inst": "PROBABLE", "n_clientes": 1, "n_proveedores": 0, "grado_salida_ponderado": 1.414659423538961, "grado_entrada_ponderado": 0.0, "centralidad_intermediacion": 0.0, "pagerank_proveeduria": 0.0007898289152060842}}, {"type": "Feature", "geometry": {"type": "Point", "coordinates": [-116.976161, 32.443327]}, "properties": {"id_unidad": 1581, "nombre": "SOHNEN", "codigo_scian": "336320", "tier_red": "1", "oem_grupo": null, "es_planta_ensamble": null, "entidad": "BAJA CALIFORNIA", "municipio": "Tijuana", "cvegeo_mun": "02004", "nivel_inst": "SIN_REGISTRO_INST", "n_clientes": 0, "n_proveedores": 5, "grado_salida_ponderado": 0.0, "grado_entrada_ponderado": 1.7038650408645941, "centralidad_intermediacion": 0.0, "pagerank_proveeduria": 0.0007509103741085098}}, {"type": "Feature", "geometry": {"type": "Point", "coordinates": [-106.06304, 28.611516]}, "properties": {"id_unidad": 1582, "nombre": "SOISA", "codigo_scian": "336360", "tier_red": "1", "oem_grupo": null, "es_planta_ensamble": null, "entidad": "CHIHUAHUA", "municipio": "Chihuahua", "cvegeo_mun": "08019", "nivel_inst": "PROBABLE", "n_clientes": 0, "n_proveedores": 5, "grado_salida_ponderado": 0.0, "grado_entrada_ponderado": 10.666512635717444, "centralidad_intermediacion": 0.0, "pagerank_proveeduria": 0.0007509103741085098}}, {"type": "Feature", "geometry": {"type": "Point", "coordinates": [-106.412577, 31.731991]}, "properties": {"id_unidad": 1601, "nombre": "SPECIALIZED HARNESS PRODUCTS", "codigo_scian": "336320", "tier_red": "1", "oem_grupo": null, "es_planta_ensamble": null, "entidad": "CHIHUAHUA", "municipio": "Juárez", "cvegeo_mun": "08037", "nivel_inst": "PROBABLE", "n_clientes": 0, "n_proveedores": 5, "grado_salida_ponderado": 0.0, "grado_entrada_ponderado": 8.938850977103561, "centralidad_intermediacion": 0.0, "pagerank_proveeduria": 0.0007509103741085098}}, {"type": "Feature", "geometry": {"type": "Point", "coordinates": [-106.466224, 31.661796]}, "properties": {"id_unidad": 1602, "nombre": "SPECTRUM CONTROL DE MEXICO", "codigo_scian": "334410", "tier_red": "2", "oem_grupo": null, "es_planta_ensamble": null, "entidad": "CHIHUAHUA", "municipio": "Juárez", "cvegeo_mun": "08037", "nivel_inst": "PROBABLE", "n_clientes": 39, "n_proveedores": 0, "grado_salida_ponderado": 165.21202821485713, "grado_entrada_ponderado": 0.0, "centralidad_intermediacion": 0.0, "pagerank_proveeduria": 0.005437843005077146}}, {"type": "Feature", "geometry": {"type": "Point", "coordinates": [-98.272566, 26.006916]}, "properties": {"id_unidad": 1605, "nombre": "STANDARD MOTOR PRODUCTS DE MEXICO", "codigo_scian": "336320", "tier_red": "1", "oem_grupo": null, "es_planta_ensamble": null, "entidad": "TAMAULIPAS", "municipio": "Reynosa", "cvegeo_mun": "28032", "nivel_inst": "NUCLEO_CONFIRMADO", "n_clientes": 0, "n_proveedores": 5, "grado_salida_ponderado": 0.0, "grado_entrada_ponderado": 13.47869928727212, "centralidad_intermediacion": 0.0, "pagerank_proveeduria": 0.0007509103741085098}}, {"type": "Feature", "geometry": {"type": "Point", "coordinates": [-101.88022, 21.392206]}, "properties": {"id_unidad": 1606, "nombre": "STANLEY", "codigo_scian": "336320", "tier_red": "1", "oem_grupo": null, "es_planta_ensamble": null, "entidad": "JALISCO", "municipio": "Lagos de Moreno", "cvegeo_mun": "14053", "nivel_inst": "NUCLEO_CONFIRMADO", "n_clientes": 0, "n_proveedores": 5, "grado_salida_ponderado": 0.0, "grado_entrada_ponderado": 22.631626001498947, "centralidad_intermediacion": 0.0, "pagerank_proveeduria": 0.0007509103741085098}}, {"type": "Feature", "geometry": {"type": "Point", "coordinates": [-101.125811, 25.254923]}, "properties": {"id_unidad": 1610, "nombre": "STELLANTIS", "codigo_scian": "336110", "tier_red": "0", "oem_grupo": "Stellantis", "es_planta_ensamble": true, "entidad": "COAHUILA DE ZARAGOZA", "municipio": "Saltillo", "cvegeo_mun": "05030", "nivel_inst": "INDETERMINADO", "n_clientes": 0, "n_proveedores": 5, "grado_salida_ponderado": 0.0, "grado_entrada_ponderado": 12.111360526163885, "centralidad_intermediacion": 0.0, "pagerank_proveeduria": 0.0007509103741085098}}, {"type": "Feature", "geometry": {"type": "Point", "coordinates": [-99.275798, 19.356551]}, "properties": {"id_unidad": 1612, "nombre": "STELLANTIS", "codigo_scian": "336110", "tier_red": "0", "oem_grupo": "Stellantis", "es_planta_ensamble": false, "entidad": "CIUDAD DE MÉXICO", "municipio": "Cuajimalpa de Morelos", "cvegeo_mun": "09004", "nivel_inst": "PROBABLE", "n_clientes": 0, "n_proveedores": 5, "grado_salida_ponderado": 0.0, "grado_entrada_ponderado": 2.734984880851422, "centralidad_intermediacion": 0.0, "pagerank_proveeduria": 0.0007509103741085098}}, {"type": "Feature", "geometry": {"type": "Point", "coordinates": [-99.606126, 19.288188]}, "properties": {"id_unidad": 1614, "nombre": "STELLANTIS", "codigo_scian": "336110", "tier_red": "0", "oem_grupo": "Stellantis", "es_planta_ensamble": true, "entidad": "MÉXICO", "municipio": "Toluca", "cvegeo_mun": "15106", "nivel_inst": "NUCLEO_CONFIRMADO", "n_clientes": 0, "n_proveedores": 5, "grado_salida_ponderado": 0.0, "grado_entrada_ponderado": 4.641772938798062, "centralidad_intermediacion": 0.0, "pagerank_proveeduria": 0.0007509103741085098}}, {"type": "Feature", "geometry": {"type": "Point", "coordinates": [-103.508954, 25.603532]}, "properties": {"id_unidad": 1619, "nombre": "SUMINISTROS INDUSTRIALES LAGUNA", "codigo_scian": "336370", "tier_red": "2", "oem_grupo": null, "es_planta_ensamble": null, "entidad": "DURANGO", "municipio": "Gómez Palacio", "cvegeo_mun": "10007", "nivel_inst": "SIN_REGISTRO_INST", "n_clientes": 8, "n_proveedores": 0, "grado_salida_ponderado": 10.48395431133529, "grado_entrada_ponderado": 0.0, "centralidad_intermediacion": 0.0, "pagerank_proveeduria": 0.002101445445092087}}, {"type": "Feature", "geometry": {"type": "Point", "coordinates": [-99.996127, 25.754563]}, "properties": {"id_unidad": 1621, "nombre": "SUNGWOO HITECH MEXICO", "codigo_scian": "336370", "tier_red": "2", "oem_grupo": null, "es_planta_ensamble": null, "entidad": "NUEVO LEÓN", "municipio": "Pesquería", "cvegeo_mun": "19041", "nivel_inst": "NUCLEO_CONFIRMADO", "n_clientes": 66, "n_proveedores": 0, "grado_salida_ponderado": 171.40962468550563, "grado_entrada_ponderado": 0.0, "centralidad_intermediacion": 0.0, "pagerank_proveeduria": 0.010551514114345293}}, {"type": "Feature", "geometry": {"type": "Point", "coordinates": [-100.421185, 25.777588]}, "properties": {"id_unidad": 1628, "nombre": "SUPERIOR TRIM", "codigo_scian": "336360", "tier_red": "1", "oem_grupo": null, "es_planta_ensamble": null, "entidad": "NUEVO LEÓN", "municipio": "García", "cvegeo_mun": "19018", "nivel_inst": "SIN_REGISTRO_INST", "n_clientes": 0, "n_proveedores": 5, "grado_salida_ponderado": 0.0, "grado_entrada_ponderado": 3.248729146342107, "centralidad_intermediacion": 0.0, "pagerank_proveeduria": 0.0007509103741085098}}, {"type": "Feature", "geometry": {"type": "Point", "coordinates": [-97.438927, 25.840059]}, "properties": {"id_unidad": 1629, "nombre": "SUPRAJIT MEXICO", "codigo_scian": "336320", "tier_red": "1", "oem_grupo": null, "es_planta_ensamble": null, "entidad": "TAMAULIPAS", "municipio": "Matamoros", "cvegeo_mun": "28022", "nivel_inst": "NUCLEO_CONFIRMADO", "n_clientes": 0, "n_proveedores": 5, "grado_salida_ponderado": 0.0, "grado_entrada_ponderado": 10.932277572410161, "centralidad_intermediacion": 0.0, "pagerank_proveeduria": 0.0007509103741085098}}, {"type": "Feature", "geometry": {"type": "Point", "coordinates": [-99.952235, 20.364344]}, "properties": {"id_unidad": 1630, "nombre": "SWOBODA MECHATRONICS", "codigo_scian": "336320", "tier_red": "1", "oem_grupo": null, "es_planta_ensamble": null, "entidad": "QUERÉTARO", "municipio": "San Juan del Río", "cvegeo_mun": "22016", "nivel_inst": "SIN_REGISTRO_INST", "n_clientes": 0, "n_proveedores": 5, "grado_salida_ponderado": 0.0, "grado_entrada_ponderado": 2.2329231396472005, "centralidad_intermediacion": 0.0, "pagerank_proveeduria": 0.0007509103741085098}}, {"type": "Feature", "geometry": {"type": "Point", "coordinates": [-102.670367, 21.881014]}, "properties": {"id_unidad": 1633, "nombre": "TACHI S MEXICO", "codigo_scian": "336360", "tier_red": "1", "oem_grupo": null, "es_planta_ensamble": null, "entidad": "AGUASCALIENTES", "municipio": "Calvillo", "cvegeo_mun": "01003", "nivel_inst": "NUCLEO_CONFIRMADO", "n_clientes": 2, "n_proveedores": 5, "grado_salida_ponderado": 1.3112818013368182, "grado_entrada_ponderado": 14.664869513462506, "centralidad_intermediacion": 1.556124213292759e-05, "pagerank_proveeduria": 0.0010253579167955643}}, {"type": "Feature", "geometry": {"type": "Point", "coordinates": [-102.281615, 21.963772]}, "properties": {"id_unidad": 1634, "nombre": "TACHI S MEXICO", "codigo_scian": "336360", "tier_red": "1", "oem_grupo": null, "es_planta_ensamble": null, "entidad": "AGUASCALIENTES", "municipio": "Jesús María", "cvegeo_mun": "01005", "nivel_inst": "NUCLEO_CONFIRMADO", "n_clientes": 4, "n_proveedores": 5, "grado_salida_ponderado": 3.9598254926616785, "grado_entrada_ponderado": 17.86551199746114, "centralidad_intermediacion": 0.0, "pagerank_proveeduria": 0.0012490093643029707}}, {"type": "Feature", "geometry": {"type": "Point", "coordinates": [-102.288229, 22.00601]}, "properties": {"id_unidad": 1635, "nombre": "TACHI S MEXICO", "codigo_scian": "336360", "tier_red": "1", "oem_grupo": null, "es_planta_ensamble": null, "entidad": "AGUASCALIENTES", "municipio": "Jesús María", "cvegeo_mun": "01005", "nivel_inst": "NUCLEO_CONFIRMADO", "n_clientes": 4, "n_proveedores": 5, "grado_salida_ponderado": 3.879519964732908, "grado_entrada_ponderado": 16.941256440178204, "centralidad_intermediacion": 0.0, "pagerank_proveeduria": 0.0012436265892314968}}, {"type": "Feature", "geometry": {"type": "Point", "coordinates": [-102.279093, 21.963402]}, "properties": {"id_unidad": 1636, "nombre": "TACHI S MEXICO", "codigo_scian": "336360", "tier_red": "1", "oem_grupo": null, "es_planta_ensamble": null, "entidad": "AGUASCALIENTES", "municipio": "Jesús María", "cvegeo_mun": "01005", "nivel_inst": "NUCLEO_CONFIRMADO", "n_clientes": 4, "n_proveedores": 5, "grado_salida_ponderado": 3.9600821949100786, "grado_entrada_ponderado": 17.873134613132688, "centralidad_intermediacion": 0.0, "pagerank_proveeduria": 0.001249018182048626}}, {"type": "Feature", "geometry": {"type": "Point", "coordinates": [-102.281485, 21.961763]}, "properties": {"id_unidad": 1637, "nombre": "TACHI S MEXICO", "codigo_scian": "336360", "tier_red": "1", "oem_grupo": null, "es_planta_ensamble": null, "entidad": "AGUASCALIENTES", "municipio": "Jesús María", "cvegeo_mun": "01005", "nivel_inst": "NUCLEO_CONFIRMADO", "n_clientes": 2, "n_proveedores": 5, "grado_salida_ponderado": 2.8115277587577587, "grado_entrada_ponderado": 17.911907062682847, "centralidad_intermediacion": 0.0, "pagerank_proveeduria": 0.001006826821028818}}, {"type": "Feature", "geometry": {"type": "Point", "coordinates": [-97.428222, 25.83825]}, "properties": {"id_unidad": 1648, "nombre": "TAPEX MEXICANA", "codigo_scian": "336360", "tier_red": "1", "oem_grupo": null, "es_planta_ensamble": null, "entidad": "TAMAULIPAS", "municipio": "Matamoros", "cvegeo_mun": "28022", "nivel_inst": "NUCLEO_CONFIRMADO", "n_clientes": 0, "n_proveedores": 5, "grado_salida_ponderado": 0.0, "grado_entrada_ponderado": 7.343304692771517, "centralidad_intermediacion": 0.0, "pagerank_proveeduria": 0.0007509103741085098}}, {"type": "Feature", "geometry": {"type": "Point", "coordinates": [-98.129256, 19.560834]}, "properties": {"id_unidad": 1652, "nombre": "TBP", "codigo_scian": "336320", "tier_red": "1", "oem_grupo": null, "es_planta_ensamble": null, "entidad": "TLAXCALA", "municipio": "Tlaxco", "cvegeo_mun": "29034", "nivel_inst": "NUCLEO_CONFIRMADO", "n_clientes": 0, "n_proveedores": 5, "grado_salida_ponderado": 0.0, "grado_entrada_ponderado": 15.289775572761426, "centralidad_intermediacion": 0.0, "pagerank_proveeduria": 0.0007509103741085098}}, {"type": "Feature", "geometry": {"type": "Point", "coordinates": [-116.58442, 32.569592]}, "properties": {"id_unidad": 1654, "nombre": "TE CONNECTIVITY", "codigo_scian": "334410", "tier_red": "3", "oem_grupo": null, "es_planta_ensamble": null, "entidad": "BAJA CALIFORNIA", "municipio": "Tecate", "cvegeo_mun": "02003", "nivel_inst": "PROBABLE", "n_clientes": 46, "n_proveedores": 0, "grado_salida_ponderado": 125.61743247589835, "grado_entrada_ponderado": 0.0, "centralidad_intermediacion": 0.0, "pagerank_proveeduria": 0.005114193217866712}}, {"type": "Feature", "geometry": {"type": "Point", "coordinates": [-116.956511, 32.496477]}, "properties": {"id_unidad": 1669, "nombre": "TECMA", "codigo_scian": "334410", "tier_red": "3", "oem_grupo": null, "es_planta_ensamble": null, "entidad": "BAJA CALIFORNIA", "municipio": "Tijuana", "cvegeo_mun": "02004", "nivel_inst": "PROBABLE", "n_clientes": 3, "n_proveedores": 0, "grado_salida_ponderado": 6.18938475979517, "grado_entrada_ponderado": 0.0, "centralidad_intermediacion": 0.0, "pagerank_proveeduria": 0.0010137833530863272}}, {"type": "Feature", "geometry": {"type": "Point", "coordinates": [-116.947129, 32.475449]}, "properties": {"id_unidad": 1670, "nombre": "TECMA", "codigo_scian": "334410", "tier_red": "3", "oem_grupo": null, "es_planta_ensamble": null, "entidad": "BAJA CALIFORNIA", "municipio": "Tijuana", "cvegeo_mun": "02004", "nivel_inst": "PROBABLE", "n_clientes": 2, "n_proveedores": 0, "grado_salida_ponderado": 6.848530801023706, "grado_entrada_ponderado": 0.0, "centralidad_intermediacion": 0.0, "pagerank_proveeduria": 0.0009550512467802584}}, {"type": "Feature", "geometry": {"type": "Point", "coordinates": [-116.947234, 32.475137]}, "properties": {"id_unidad": 1679, "nombre": "TECMA", "codigo_scian": "334410", "tier_red": "3", "oem_grupo": null, "es_planta_ensamble": null, "entidad": "BAJA CALIFORNIA", "municipio": "Tijuana", "cvegeo_mun": "02004", "nivel_inst": "PROBABLE", "n_clientes": 2, "n_proveedores": 0, "grado_salida_ponderado": 6.866574260271941, "grado_entrada_ponderado": 0.0, "centralidad_intermediacion": 0.0, "pagerank_proveeduria": 0.0009555890858619487}}, {"type": "Feature", "geometry": {"type": "Point", "coordinates": [-116.913375, 32.495139]}, "properties": {"id_unidad": 1680, "nombre": "TECMA", "codigo_scian": "334410", "tier_red": "3", "oem_grupo": null, "es_planta_ensamble": null, "entidad": "BAJA CALIFORNIA", "municipio": "Tijuana", "cvegeo_mun": "02004", "nivel_inst": "PROBABLE", "n_clientes": 1, "n_proveedores": 0, "grado_salida_ponderado": 0.057537972669371, "grado_entrada_ponderado": 0.0, "centralidad_intermediacion": 0.0, "pagerank_proveeduria": 0.0008463097963274083}}, {"type": "Feature", "geometry": {"type": "Point", "coordinates": [-106.353675, 31.624054]}, "properties": {"id_unidad": 1683, "nombre": "TECMA", "codigo_scian": "336320", "tier_red": "1", "oem_grupo": null, "es_planta_ensamble": null, "entidad": "CHIHUAHUA", "municipio": "Juárez", "cvegeo_mun": "08037", "nivel_inst": "INDETERMINADO", "n_clientes": 0, "n_proveedores": 5, "grado_salida_ponderado": 0.0, "grado_entrada_ponderado": 8.017301696186287, "centralidad_intermediacion": 0.0, "pagerank_proveeduria": 0.0007509103741085098}}, {"type": "Feature", "geometry": {"type": "Point", "coordinates": [-106.418899, 31.630347]}, "properties": {"id_unidad": 1688, "nombre": "TECMA", "codigo_scian": "336320", "tier_red": "1", "oem_grupo": null, "es_planta_ensamble": null, "entidad": "CHIHUAHUA", "municipio": "Juárez", "cvegeo_mun": "08037", "nivel_inst": "INDETERMINADO", "n_clientes": 0, "n_proveedores": 5, "grado_salida_ponderado": 0.0, "grado_entrada_ponderado": 23.74617441300668, "centralidad_intermediacion": 0.0, "pagerank_proveeduria": 0.0007509103741085098}}, {"type": "Feature", "geometry": {"type": "Point", "coordinates": [-106.131891, 28.674893]}, "properties": {"id_unidad": 1696, "nombre": "TECNOLOGIA DE MOCION CONTROLADA", "codigo_scian": "336320", "tier_red": "1", "oem_grupo": null, "es_planta_ensamble": null, "entidad": "CHIHUAHUA", "municipio": "Chihuahua", "cvegeo_mun": "08019", "nivel_inst": "INDETERMINADO", "n_clientes": 0, "n_proveedores": 5, "grado_salida_ponderado": 0.0, "grado_entrada_ponderado": 23.534157813007898, "centralidad_intermediacion": 0.0, "pagerank_proveeduria": 0.0007509103741085098}}, {"type": "Feature", "geometry": {"type": "Point", "coordinates": [-106.393395, 31.724147]}, "properties": {"id_unidad": 1700, "nombre": "TED DE MEXICO", "codigo_scian": "336320", "tier_red": "1", "oem_grupo": null, "es_planta_ensamble": null, "entidad": "CHIHUAHUA", "municipio": "Juárez", "cvegeo_mun": "08037", "nivel_inst": "NUCLEO_CONFIRMADO", "n_clientes": 0, "n_proveedores": 5, "grado_salida_ponderado": 0.0, "grado_entrada_ponderado": 35.316573795820744, "centralidad_intermediacion": 0.0, "pagerank_proveeduria": 0.0007509103741085098}}, {"type": "Feature", "geometry": {"type": "Point", "coordinates": [-102.852781, 23.201358]}, "properties": {"id_unidad": 1702, "nombre": "TELAMON INTERNATIONAL CORP", "codigo_scian": "336320", "tier_red": "1", "oem_grupo": null, "es_planta_ensamble": null, "entidad": "ZACATECAS", "municipio": "Fresnillo", "cvegeo_mun": "32010", "nivel_inst": "PROBABLE", "n_clientes": 0, "n_proveedores": 5, "grado_salida_ponderado": 0.0, "grado_entrada_ponderado": 13.441543804149305, "centralidad_intermediacion": 0.0, "pagerank_proveeduria": 0.0007509103741085098}}, {"type": "Feature", "geometry": {"type": "Point", "coordinates": [-99.172673, 19.506737]}, "properties": {"id_unidad": 1703, "nombre": "TENNECO", "codigo_scian": "336320", "tier_red": "2", "oem_grupo": null, "es_planta_ensamble": null, "entidad": "CIUDAD DE MÉXICO", "municipio": "Azcapotzalco", "cvegeo_mun": "09002", "nivel_inst": "NUCLEO_CONFIRMADO", "n_clientes": 0, "n_proveedores": 5, "grado_salida_ponderado": 0.0, "grado_entrada_ponderado": 45.01565693544553, "centralidad_intermediacion": 0.0, "pagerank_proveeduria": 0.0007509103741085098}}, {"type": "Feature", "geometry": {"type": "Point", "coordinates": [-106.464809, 31.715395]}, "properties": {"id_unidad": 1704, "nombre": "TENNECO", "codigo_scian": "336320", "tier_red": "1", "oem_grupo": null, "es_planta_ensamble": null, "entidad": "CHIHUAHUA", "municipio": "Juárez", "cvegeo_mun": "08037", "nivel_inst": "NUCLEO_CONFIRMADO", "n_clientes": 0, "n_proveedores": 5, "grado_salida_ponderado": 0.0, "grado_entrada_ponderado": 30.10213906676445, "centralidad_intermediacion": 0.0, "pagerank_proveeduria": 0.0007509103741085098}}, {"type": "Feature", "geometry": {"type": "Point", "coordinates": [-106.464798, 31.715404]}, "properties": {"id_unidad": 1706, "nombre": "TENNECO", "codigo_scian": "336320", "tier_red": "1", "oem_grupo": null, "es_planta_ensamble": null, "entidad": "CHIHUAHUA", "municipio": "Juárez", "cvegeo_mun": "08037", "nivel_inst": "NUCLEO_CONFIRMADO", "n_clientes": 0, "n_proveedores": 5, "grado_salida_ponderado": 0.0, "grado_entrada_ponderado": 32.83842596773852, "centralidad_intermediacion": 0.0, "pagerank_proveeduria": 0.0007509103741085098}}, {"type": "Feature", "geometry": {"type": "Point", "coordinates": [-99.172673, 19.506737]}, "properties": {"id_unidad": 1707, "nombre": "TENNECO", "codigo_scian": "336320", "tier_red": "2", "oem_grupo": null, "es_planta_ensamble": null, "entidad": "CIUDAD DE MÉXICO", "municipio": "Azcapotzalco", "cvegeo_mun": "09002", "nivel_inst": "INDETERMINADO", "n_clientes": 0, "n_proveedores": 5, "grado_salida_ponderado": 0.0, "grado_entrada_ponderado": 30.01043795696368, "centralidad_intermediacion": 0.0, "pagerank_proveeduria": 0.0007509103741085098}}, {"type": "Feature", "geometry": {"type": "Point", "coordinates": [-102.282384, 21.84216]}, "properties": {"id_unidad": 1718, "nombre": "TEXAS INSTRUMENTS DE MEXICO", "codigo_scian": "334410", "tier_red": "2", "oem_grupo": null, "es_planta_ensamble": null, "entidad": "AGUASCALIENTES", "municipio": "Aguascalientes", "cvegeo_mun": "01001", "nivel_inst": "PROBABLE", "n_clientes": 36, "n_proveedores": 0, "grado_salida_ponderado": 132.83980138049782, "grado_entrada_ponderado": 0.0, "centralidad_intermediacion": 0.0, "pagerank_proveeduria": 0.010166160954164035}}, {"type": "Feature", "geometry": {"type": "Point", "coordinates": [-102.287142, 22.038833]}, "properties": {"id_unidad": 1722, "nombre": "TF METAL DE MEXICO", "codigo_scian": "336360", "tier_red": "1", "oem_grupo": null, "es_planta_ensamble": null, "entidad": "AGUASCALIENTES", "municipio": "San Francisco de los Romo", "cvegeo_mun": "01011", "nivel_inst": "NUCLEO_CONFIRMADO", "n_clientes": 4, "n_proveedores": 5, "grado_salida_ponderado": 4.162950307176023, "grado_entrada_ponderado": 17.77304604367714, "centralidad_intermediacion": 2.2477349747562073e-05, "pagerank_proveeduria": 0.0012827870778711517}}, {"type": "Feature", "geometry": {"type": "Point", "coordinates": [-105.461734, 28.177176]}, "properties": {"id_unidad": 1727, "nombre": "THERMODISC", "codigo_scian": "334410", "tier_red": "2", "oem_grupo": null, "es_planta_ensamble": null, "entidad": "CHIHUAHUA", "municipio": "Delicias", "cvegeo_mun": "08021", "nivel_inst": "NUCLEO_CONFIRMADO", "n_clientes": 27, "n_proveedores": 0, "grado_salida_ponderado": 165.5252283628674, "grado_entrada_ponderado": 0.0, "centralidad_intermediacion": 0.0, "pagerank_proveeduria": 0.005190460880818694}}, {"type": "Feature", "geometry": {"type": "Point", "coordinates": [-101.480527, 21.015377]}, "properties": {"id_unidad": 1728, "nombre": "THK RHYTHM MEXICANA", "codigo_scian": "336370", "tier_red": "2", "oem_grupo": null, "es_planta_ensamble": null, "entidad": "GUANAJUATO", "municipio": "Silao de la Victoria", "cvegeo_mun": "11037", "nivel_inst": "NUCLEO_CONFIRMADO", "n_clientes": 28, "n_proveedores": 0, "grado_salida_ponderado": 147.1295128271662, "grado_entrada_ponderado": 0.0, "centralidad_intermediacion": 0.0, "pagerank_proveeduria": 0.00462056229861706}}, {"type": "Feature", "geometry": {"type": "Point", "coordinates": [-98.383351, 19.161979]}, "properties": {"id_unidad": 1735, "nombre": "THYSSENKRUPP", "codigo_scian": "336330", "tier_red": "1", "oem_grupo": null, "es_planta_ensamble": null, "entidad": "PUEBLA", "municipio": "Huejotzingo", "cvegeo_mun": "21074", "nivel_inst": "NUCLEO_CONFIRMADO", "n_clientes": 9, "n_proveedores": 0, "grado_salida_ponderado": 3.451344249411621, "grado_entrada_ponderado": 0.0, "centralidad_intermediacion": 0.0, "pagerank_proveeduria": 0.0018344786039615028}}, {"type": "Feature", "geometry": {"type": "Point", "coordinates": [-100.898009, 22.08866]}, "properties": {"id_unidad": 1736, "nombre": "THYSSENKRUPP", "codigo_scian": "336330", "tier_red": "1", "oem_grupo": null, "es_planta_ensamble": null, "entidad": "SAN LUIS POTOSÍ", "municipio": "San Luis Potosí", "cvegeo_mun": "24028", "nivel_inst": "NUCLEO_CONFIRMADO", "n_clientes": 1, "n_proveedores": 0, "grado_salida_ponderado": 0.6193251542862578, "grado_entrada_ponderado": 0.0, "centralidad_intermediacion": 0.0, "pagerank_proveeduria": 0.0008701671533822529}}, {"type": "Feature", "geometry": {"type": "Point", "coordinates": [-99.954083, 20.366792]}, "properties": {"id_unidad": 1750, "nombre": "TOPRE AUTOPARTS MEXICO", "codigo_scian": "336370", "tier_red": "2", "oem_grupo": null, "es_planta_ensamble": null, "entidad": "QUERÉTARO", "municipio": "San Juan del Río", "cvegeo_mun": "22016", "nivel_inst": "NUCLEO_CONFIRMADO", "n_clientes": 3, "n_proveedores": 0, "grado_salida_ponderado": 1.8278972272798242, "grado_entrada_ponderado": 0.0, "centralidad_intermediacion": 0.0, "pagerank_proveeduria": 0.0010477476348790097}}, {"type": "Feature", "geometry": {"type": "Point", "coordinates": [-116.716169, 32.500036]}, "properties": {"id_unidad": 1756, "nombre": "TOYOTA", "codigo_scian": "336110", "tier_red": "0", "oem_grupo": "Toyota", "es_planta_ensamble": true, "entidad": "BAJA CALIFORNIA", "municipio": "Tijuana", "cvegeo_mun": "02004", "nivel_inst": "NUCLEO_CONFIRMADO", "n_clientes": 0, "n_proveedores": 5, "grado_salida_ponderado": 0.0, "grado_entrada_ponderado": 17.554946795285886, "centralidad_intermediacion": 0.0, "pagerank_proveeduria": 0.0007509103741085098}}, {"type": "Feature", "geometry": {"type": "Point", "coordinates": [-103.267523, 25.753169]}, "properties": {"id_unidad": 1757, "nombre": "TOYOTA", "codigo_scian": "336360", "tier_red": "1", "oem_grupo": null, "es_planta_ensamble": null, "entidad": "COAHUILA DE ZARAGOZA", "municipio": "Francisco I. Madero", "cvegeo_mun": "05009", "nivel_inst": "NUCLEO_CONFIRMADO", "n_clientes": 0, "n_proveedores": 5, "grado_salida_ponderado": 0.0, "grado_entrada_ponderado": 5.255608997554286, "centralidad_intermediacion": 0.0, "pagerank_proveeduria": 0.0007509103741085098}}, {"type": "Feature", "geometry": {"type": "Point", "coordinates": [-103.368238, 25.548559]}, "properties": {"id_unidad": 1758, "nombre": "TOYOTA", "codigo_scian": "336360", "tier_red": "1", "oem_grupo": null, "es_planta_ensamble": null, "entidad": "COAHUILA DE ZARAGOZA", "municipio": "Torreón", "cvegeo_mun": "05035", "nivel_inst": "NUCLEO_CONFIRMADO", "n_clientes": 0, "n_proveedores": 5, "grado_salida_ponderado": 0.0, "grado_entrada_ponderado": 5.1945596726166, "centralidad_intermediacion": 0.0, "pagerank_proveeduria": 0.0007509103741085098}}, {"type": "Feature", "geometry": {"type": "Point", "coordinates": [-103.36618, 25.52579]}, "properties": {"id_unidad": 1759, "nombre": "TOYOTA", "codigo_scian": "336360", "tier_red": "1", "oem_grupo": null, "es_planta_ensamble": null, "entidad": "COAHUILA DE ZARAGOZA", "municipio": "Torreón", "cvegeo_mun": "05035", "nivel_inst": "NUCLEO_CONFIRMADO", "n_clientes": 0, "n_proveedores": 5, "grado_salida_ponderado": 0.0, "grado_entrada_ponderado": 5.1752708394393565, "centralidad_intermediacion": 0.0, "pagerank_proveeduria": 0.0007509103741085098}}, {"type": "Feature", "geometry": {"type": "Point", "coordinates": [-100.527661, 20.574048]}, "properties": {"id_unidad": 1761, "nombre": "TOYOTA", "codigo_scian": "336370", "tier_red": "2", "oem_grupo": null, "es_planta_ensamble": null, "entidad": "GUANAJUATO", "municipio": "Apaseo el Grande", "cvegeo_mun": "11005", "nivel_inst": "NUCLEO_CONFIRMADO", "n_clientes": 30, "n_proveedores": 0, "grado_salida_ponderado": 141.12750852691187, "grado_entrada_ponderado": 0.0, "centralidad_intermediacion": 0.0, "pagerank_proveeduria": 0.006881861191477985}}, {"type": "Feature", "geometry": {"type": "Point", "coordinates": [-100.525155, 20.566273]}, "properties": {"id_unidad": 1762, "nombre": "TOYOTA", "codigo_scian": "336360", "tier_red": "2", "oem_grupo": null, "es_planta_ensamble": null, "entidad": "GUANAJUATO", "municipio": "Apaseo el Grande", "cvegeo_mun": "11005", "nivel_inst": "NUCLEO_CONFIRMADO", "n_clientes": 0, "n_proveedores": 5, "grado_salida_ponderado": 0.0, "grado_entrada_ponderado": 16.423628557828817, "centralidad_intermediacion": 0.0, "pagerank_proveeduria": 0.0007509103741085098}}, {"type": "Feature", "geometry": {"type": "Point", "coordinates": [-101.799676, 21.044067]}, "properties": {"id_unidad": 1764, "nombre": "TQ-1 DE MEXICO", "codigo_scian": "336360", "tier_red": "1", "oem_grupo": null, "es_planta_ensamble": null, "entidad": "GUANAJUATO", "municipio": "Purísima del Rincón", "cvegeo_mun": "11025", "nivel_inst": "NUCLEO_CONFIRMADO", "n_clientes": 0, "n_proveedores": 5, "grado_salida_ponderado": 0.0, "grado_entrada_ponderado": 4.617810241813825, "centralidad_intermediacion": 0.0, "pagerank_proveeduria": 0.0007509103741085098}}, {"type": "Feature", "geometry": {"type": "Point", "coordinates": [-100.955525, 22.172434]}, "properties": {"id_unidad": 1766, "nombre": "TRAKTOLAMP", "codigo_scian": "336320", "tier_red": "1", "oem_grupo": null, "es_planta_ensamble": null, "entidad": "SAN LUIS POTOSÍ", "municipio": "Soledad de Graciano Sánchez", "cvegeo_mun": "24035", "nivel_inst": "SIN_REGISTRO_INST", "n_clientes": 0, "n_proveedores": 5, "grado_salida_ponderado": 0.0, "grado_entrada_ponderado": 7.648658660580379, "centralidad_intermediacion": 0.0, "pagerank_proveeduria": 0.0007509103741085098}}, {"type": "Feature", "geometry": {"type": "Point", "coordinates": [-101.488226, 21.019696]}, "properties": {"id_unidad": 1777, "nombre": "TRITECH", "codigo_scian": "336360", "tier_red": "1", "oem_grupo": null, "es_planta_ensamble": null, "entidad": "GUANAJUATO", "municipio": "Silao de la Victoria", "cvegeo_mun": "11037", "nivel_inst": "NUCLEO_CONFIRMADO", "n_clientes": 1, "n_proveedores": 5, "grado_salida_ponderado": 2.2608078670797425, "grado_entrada_ponderado": 10.325381474415643, "centralidad_intermediacion": 0.0, "pagerank_proveeduria": 0.0008598691581769009}}, {"type": "Feature", "geometry": {"type": "Point", "coordinates": [-99.259291, 19.566871]}, "properties": {"id_unidad": 1781, "nombre": "TROQUELADOS INDUSTRIALES DE PRECISION", "codigo_scian": "336370", "tier_red": "2", "oem_grupo": null, "es_planta_ensamble": null, "entidad": "MÉXICO", "municipio": "Atizapán de Zaragoza", "cvegeo_mun": "15013", "nivel_inst": "SIN_REGISTRO_INST", "n_clientes": 5, "n_proveedores": 0, "grado_salida_ponderado": 3.2435086028970956, "grado_entrada_ponderado": 0.0, "centralidad_intermediacion": 0.0, "pagerank_proveeduria": 0.0010242667574803595}}, {"type": "Feature", "geometry": {"type": "Point", "coordinates": [-98.24293, 19.114778]}, "properties": {"id_unidad": 1782, "nombre": "TRUCK LITE", "codigo_scian": "336320", "tier_red": "2", "oem_grupo": null, "es_planta_ensamble": null, "entidad": "PUEBLA", "municipio": "Cuautlancingo", "cvegeo_mun": "21041", "nivel_inst": "NUCLEO_CONFIRMADO", "n_clientes": 0, "n_proveedores": 5, "grado_salida_ponderado": 0.0, "grado_entrada_ponderado": 14.042809825192416, "centralidad_intermediacion": 0.0, "pagerank_proveeduria": 0.0007509103741085098}}, {"type": "Feature", "geometry": {"type": "Point", "coordinates": [-101.353438, 20.775397]}, "properties": {"id_unidad": 1783, "nombre": "TS TECH", "codigo_scian": "336360", "tier_red": "1", "oem_grupo": null, "es_planta_ensamble": null, "entidad": "GUANAJUATO", "municipio": "Irapuato", "cvegeo_mun": "11017", "nivel_inst": "NUCLEO_CONFIRMADO", "n_clientes": 0, "n_proveedores": 5, "grado_salida_ponderado": 0.0, "grado_entrada_ponderado": 10.887143155677181, "centralidad_intermediacion": 0.0, "pagerank_proveeduria": 0.0007509103741085098}}, {"type": "Feature", "geometry": {"type": "Point", "coordinates": [-115.39981, 32.668698]}, "properties": {"id_unidad": 1787, "nombre": "TT ELECTRONICS", "codigo_scian": "336320", "tier_red": "1", "oem_grupo": null, "es_planta_ensamble": null, "entidad": "BAJA CALIFORNIA", "municipio": "Mexicali", "cvegeo_mun": "02002", "nivel_inst": "NUCLEO_CONFIRMADO", "n_clientes": 0, "n_proveedores": 5, "grado_salida_ponderado": 0.0, "grado_entrada_ponderado": 21.9391021677544, "centralidad_intermediacion": 0.0, "pagerank_proveeduria": 0.0007509103741085098}}, {"type": "Feature", "geometry": {"type": "Point", "coordinates": [-115.39942, 32.668703]}, "properties": {"id_unidad": 1788, "nombre": "TT ELECTRONICS", "codigo_scian": "336320", "tier_red": "1", "oem_grupo": null, "es_planta_ensamble": null, "entidad": "BAJA CALIFORNIA", "municipio": "Mexicali", "cvegeo_mun": "02002", "nivel_inst": "NUCLEO_CONFIRMADO", "n_clientes": 0, "n_proveedores": 5, "grado_salida_ponderado": 0.0, "grado_entrada_ponderado": 9.40153319100954, "centralidad_intermediacion": 0.0, "pagerank_proveeduria": 0.0007509103741085098}}, {"type": "Feature", "geometry": {"type": "Point", "coordinates": [-98.245137, 19.118823]}, "properties": {"id_unidad": 1795, "nombre": "TWB DE MEXICO", "codigo_scian": "336320", "tier_red": "2", "oem_grupo": null, "es_planta_ensamble": null, "entidad": "PUEBLA", "municipio": "Cuautlancingo", "cvegeo_mun": "21041", "nivel_inst": "NUCLEO_CONFIRMADO", "n_clientes": 0, "n_proveedores": 5, "grado_salida_ponderado": 0.0, "grado_entrada_ponderado": 15.317084862919073, "centralidad_intermediacion": 0.0, "pagerank_proveeduria": 0.0007509103741085098}}, {"type": "Feature", "geometry": {"type": "Point", "coordinates": [-101.5096, 21.008906]}, "properties": {"id_unidad": 1796, "nombre": "UGN", "codigo_scian": "336360", "tier_red": "1", "oem_grupo": null, "es_planta_ensamble": null, "entidad": "GUANAJUATO", "municipio": "Silao de la Victoria", "cvegeo_mun": "11037", "nivel_inst": "NUCLEO_CONFIRMADO", "n_clientes": 1, "n_proveedores": 5, "grado_salida_ponderado": 2.3725945161839546, "grado_entrada_ponderado": 11.41422732090019, "centralidad_intermediacion": 3.458053807317242e-06, "pagerank_proveeduria": 0.0008652566736481771}}, {"type": "Feature", "geometry": {"type": "Point", "coordinates": [-102.269065, 22.033407]}, "properties": {"id_unidad": 1799, "nombre": "UNIPRES MEXICANA", "codigo_scian": "336370", "tier_red": "2", "oem_grupo": null, "es_planta_ensamble": null, "entidad": "AGUASCALIENTES", "municipio": "San Francisco de los Romo", "cvegeo_mun": "01011", "nivel_inst": "NUCLEO_CONFIRMADO", "n_clientes": 3, "n_proveedores": 0, "grado_salida_ponderado": 10.741606498137374, "grado_entrada_ponderado": 0.0, "centralidad_intermediacion": 0.0, "pagerank_proveeduria": 0.0009709445005107798}}, {"type": "Feature", "geometry": {"type": "Point", "coordinates": [-115.403993, 32.59772]}, "properties": {"id_unidad": 1805, "nombre": "US COMTECH DE MEXICO", "codigo_scian": "334410", "tier_red": "3", "oem_grupo": null, "es_planta_ensamble": null, "entidad": "BAJA CALIFORNIA", "municipio": "Mexicali", "cvegeo_mun": "02002", "nivel_inst": "PROBABLE", "n_clientes": 27, "n_proveedores": 0, "grado_salida_ponderado": 94.7914205669199, "grado_entrada_ponderado": 0.0, "centralidad_intermediacion": 0.0, "pagerank_proveeduria": 0.003914512570122128}}, {"type": "Feature", "geometry": {"type": "Point", "coordinates": [-111.030931, 29.098864]}, "properties": {"id_unidad": 1808, "nombre": "US WIRE GROUP", "codigo_scian": "336320", "tier_red": "1", "oem_grupo": null, "es_planta_ensamble": null, "entidad": "SONORA", "municipio": "Hermosillo", "cvegeo_mun": "26030", "nivel_inst": "INDETERMINADO", "n_clientes": 0, "n_proveedores": 5, "grado_salida_ponderado": 0.0, "grado_entrada_ponderado": 3.443440015869855, "centralidad_intermediacion": 0.0, "pagerank_proveeduria": 0.0007509103741085098}}, {"type": "Feature", "geometry": {"type": "Point", "coordinates": [-100.429755, 20.835018]}, "properties": {"id_unidad": 1817, "nombre": "VALEO", "codigo_scian": "336320", "tier_red": "2", "oem_grupo": null, "es_planta_ensamble": null, "entidad": "QUERÉTARO", "municipio": "Querétaro", "cvegeo_mun": "22014", "nivel_inst": "SIN_REGISTRO_INST", "n_clientes": 0, "n_proveedores": 5, "grado_salida_ponderado": 0.0, "grado_entrada_ponderado": 0.21582372370669248, "centralidad_intermediacion": 0.0, "pagerank_proveeduria": 0.0007509103741085098}}, {"type": "Feature", "geometry": {"type": "Point", "coordinates": [-100.438806, 20.826709]}, "properties": {"id_unidad": 1818, "nombre": "VALEO", "codigo_scian": "336320", "tier_red": "2", "oem_grupo": null, "es_planta_ensamble": null, "entidad": "QUERÉTARO", "municipio": "Querétaro", "cvegeo_mun": "22014", "nivel_inst": "SIN_REGISTRO_INST", "n_clientes": 0, "n_proveedores": 5, "grado_salida_ponderado": 0.0, "grado_entrada_ponderado": 36.1440155461856, "centralidad_intermediacion": 0.0, "pagerank_proveeduria": 0.0007509103741085098}}, {"type": "Feature", "geometry": {"type": "Point", "coordinates": [-100.441152, 20.822019]}, "properties": {"id_unidad": 1819, "nombre": "VALEO", "codigo_scian": "336320", "tier_red": "2", "oem_grupo": null, "es_planta_ensamble": null, "entidad": "QUERÉTARO", "municipio": "Querétaro", "cvegeo_mun": "22014", "nivel_inst": "SIN_REGISTRO_INST", "n_clientes": 0, "n_proveedores": 5, "grado_salida_ponderado": 0.0, "grado_entrada_ponderado": 36.27657848638517, "centralidad_intermediacion": 0.0, "pagerank_proveeduria": 0.0007509103741085098}}, {"type": "Feature", "geometry": {"type": "Point", "coordinates": [-100.42962, 20.832872]}, "properties": {"id_unidad": 1820, "nombre": "VALEO", "codigo_scian": "336320", "tier_red": "2", "oem_grupo": null, "es_planta_ensamble": null, "entidad": "QUERÉTARO", "municipio": "Querétaro", "cvegeo_mun": "22014", "nivel_inst": "SIN_REGISTRO_INST", "n_clientes": 0, "n_proveedores": 5, "grado_salida_ponderado": 0.0, "grado_entrada_ponderado": 5.4070607936166954, "centralidad_intermediacion": 0.0, "pagerank_proveeduria": 0.0007509103741085098}}, {"type": "Feature", "geometry": {"type": "Point", "coordinates": [-100.892379, 22.107256]}, "properties": {"id_unidad": 1821, "nombre": "VALEO", "codigo_scian": "336320", "tier_red": "1", "oem_grupo": null, "es_planta_ensamble": null, "entidad": "SAN LUIS POTOSÍ", "municipio": "San Luis Potosí", "cvegeo_mun": "24028", "nivel_inst": "NUCLEO_CONFIRMADO", "n_clientes": 0, "n_proveedores": 5, "grado_salida_ponderado": 0.0, "grado_entrada_ponderado": 49.450981245001365, "centralidad_intermediacion": 0.0, "pagerank_proveeduria": 0.0007509103741085098}}, {"type": "Feature", "geometry": {"type": "Point", "coordinates": [-100.870207, 22.055423]}, "properties": {"id_unidad": 1822, "nombre": "VALEO", "codigo_scian": "336320", "tier_red": "1", "oem_grupo": null, "es_planta_ensamble": null, "entidad": "SAN LUIS POTOSÍ", "municipio": "San Luis Potosí", "cvegeo_mun": "24028", "nivel_inst": "NUCLEO_CONFIRMADO", "n_clientes": 0, "n_proveedores": 5, "grado_salida_ponderado": 0.0, "grado_entrada_ponderado": 51.792520419416064, "centralidad_intermediacion": 0.0, "pagerank_proveeduria": 0.0007509103741085098}}, {"type": "Feature", "geometry": {"type": "Point", "coordinates": [-98.060345, 25.976376]}, "properties": {"id_unidad": 1826, "nombre": "VALEO", "codigo_scian": "336320", "tier_red": "1", "oem_grupo": null, "es_planta_ensamble": null, "entidad": "TAMAULIPAS", "municipio": "Río Bravo", "cvegeo_mun": "28033", "nivel_inst": "SIN_REGISTRO_INST", "n_clientes": 0, "n_proveedores": 5, "grado_salida_ponderado": 0.0, "grado_entrada_ponderado": 6.130087781033881, "centralidad_intermediacion": 0.0, "pagerank_proveeduria": 0.0007509103741085098}}, {"type": "Feature", "geometry": {"type": "Point", "coordinates": [-99.965507, 20.366048]}, "properties": {"id_unidad": 1832, "nombre": "VC LAMINATIONS", "codigo_scian": "336320", "tier_red": "1", "oem_grupo": null, "es_planta_ensamble": null, "entidad": "QUERÉTARO", "municipio": "San Juan del Río", "cvegeo_mun": "22016", "nivel_inst": "SIN_REGISTRO_INST", "n_clientes": 0, "n_proveedores": 5, "grado_salida_ponderado": 0.0, "grado_entrada_ponderado": 5.2740382859207875, "centralidad_intermediacion": 0.0, "pagerank_proveeduria": 0.0007509103741085098}}, {"type": "Feature", "geometry": {"type": "Point", "coordinates": [-100.448522, 20.779765]}, "properties": {"id_unidad": 1837, "nombre": "VFMX", "codigo_scian": "336360", "tier_red": "2", "oem_grupo": null, "es_planta_ensamble": null, "entidad": "QUERÉTARO", "municipio": "Querétaro", "cvegeo_mun": "22014", "nivel_inst": "NUCLEO_CONFIRMADO", "n_clientes": 0, "n_proveedores": 5, "grado_salida_ponderado": 0.0, "grado_entrada_ponderado": 0.6668043792840588, "centralidad_intermediacion": 0.0, "pagerank_proveeduria": 0.0007509103741085098}}, {"type": "Feature", "geometry": {"type": "Point", "coordinates": [-101.974884, 21.914804]}, "properties": {"id_unidad": 1838, "nombre": "VIAM MANUFACTURING MÉXICO", "codigo_scian": "336360", "tier_red": "1", "oem_grupo": null, "es_planta_ensamble": null, "entidad": "AGUASCALIENTES", "municipio": "El Llano", "cvegeo_mun": "01010", "nivel_inst": "NUCLEO_CONFIRMADO", "n_clientes": 0, "n_proveedores": 5, "grado_salida_ponderado": 0.0, "grado_entrada_ponderado": 5.653988961022733, "centralidad_intermediacion": 0.0, "pagerank_proveeduria": 0.0007509103741085098}}, {"type": "Feature", "geometry": {"type": "Point", "coordinates": [-99.575749, 19.340644]}, "properties": {"id_unidad": 1839, "nombre": "VIBRACOUSTIC", "codigo_scian": "336330", "tier_red": "1", "oem_grupo": null, "es_planta_ensamble": null, "entidad": "MÉXICO", "municipio": "Toluca", "cvegeo_mun": "15106", "nivel_inst": "NUCLEO_CONFIRMADO", "n_clientes": 2, "n_proveedores": 0, "grado_salida_ponderado": 3.4138145071754007, "grado_entrada_ponderado": 0.0, "centralidad_intermediacion": 0.0, "pagerank_proveeduria": 0.0011758727347212742}}, {"type": "Feature", "geometry": {"type": "Point", "coordinates": [-101.581403, 20.454418]}, "properties": {"id_unidad": 1846, "nombre": "VISCOTEC", "codigo_scian": "336360", "tier_red": "1", "oem_grupo": null, "es_planta_ensamble": null, "entidad": "GUANAJUATO", "municipio": "Abasolo", "cvegeo_mun": "11001", "nivel_inst": "NUCLEO_CONFIRMADO", "n_clientes": 0, "n_proveedores": 5, "grado_salida_ponderado": 0.0, "grado_entrada_ponderado": 11.621256360951847, "centralidad_intermediacion": 0.0, "pagerank_proveeduria": 0.0007509103741085098}}, {"type": "Feature", "geometry": {"type": "Point", "coordinates": [-106.400095, 31.712157]}, "properties": {"id_unidad": 1849, "nombre": "VISHAY", "codigo_scian": "334410", "tier_red": "2", "oem_grupo": null, "es_planta_ensamble": null, "entidad": "CHIHUAHUA", "municipio": "Juárez", "cvegeo_mun": "08037", "nivel_inst": "NUCLEO_CONFIRMADO", "n_clientes": 54, "n_proveedores": 0, "grado_salida_ponderado": 253.46726689261217, "grado_entrada_ponderado": 0.0, "centralidad_intermediacion": 0.0, "pagerank_proveeduria": 0.007707302762738154}}, {"type": "Feature", "geometry": {"type": "Point", "coordinates": [-106.393485, 31.623816]}, "properties": {"id_unidad": 1850, "nombre": "VISHAY", "codigo_scian": "334410", "tier_red": "2", "oem_grupo": null, "es_planta_ensamble": null, "entidad": "CHIHUAHUA", "municipio": "Juárez", "cvegeo_mun": "08037", "nivel_inst": "NUCLEO_CONFIRMADO", "n_clientes": 54, "n_proveedores": 0, "grado_salida_ponderado": 244.4275914288564, "grado_entrada_ponderado": 0.0, "centralidad_intermediacion": 0.0, "pagerank_proveeduria": 0.007765940042361067}}, {"type": "Feature", "geometry": {"type": "Point", "coordinates": [-100.273621, 20.553447]}, "properties": {"id_unidad": 1853, "nombre": "VISSCHEL CARAVELLE", "codigo_scian": "336360", "tier_red": "1", "oem_grupo": null, "es_planta_ensamble": null, "entidad": "QUERÉTARO", "municipio": "El Marqués", "cvegeo_mun": "22011", "nivel_inst": "NUCLEO_CONFIRMADO", "n_clientes": 3, "n_proveedores": 5, "grado_salida_ponderado": 1.4971089655152996, "grado_entrada_ponderado": 22.61669590355987, "centralidad_intermediacion": 6.916107614634484e-06, "pagerank_proveeduria": 0.0010168329067201136}}, {"type": "Feature", "geometry": {"type": "Point", "coordinates": [-106.134744, 28.675482]}, "properties": {"id_unidad": 1854, "nombre": "VISTEON", "codigo_scian": "336320", "tier_red": "1", "oem_grupo": null, "es_planta_ensamble": null, "entidad": "CHIHUAHUA", "municipio": "Chihuahua", "cvegeo_mun": "08019", "nivel_inst": "NUCLEO_CONFIRMADO", "n_clientes": 0, "n_proveedores": 5, "grado_salida_ponderado": 0.0, "grado_entrada_ponderado": 35.31576794660925, "centralidad_intermediacion": 0.0, "pagerank_proveeduria": 0.0007509103741085098}}, {"type": "Feature", "geometry": {"type": "Point", "coordinates": [-106.123733, 28.584737]}, "properties": {"id_unidad": 1855, "nombre": "VISTEON", "codigo_scian": "336320", "tier_red": "1", "oem_grupo": null, "es_planta_ensamble": null, "entidad": "CHIHUAHUA", "municipio": "Chihuahua", "cvegeo_mun": "08019", "nivel_inst": "NUCLEO_CONFIRMADO", "n_clientes": 0, "n_proveedores": 5, "grado_salida_ponderado": 0.0, "grado_entrada_ponderado": 1.1338200830395135, "centralidad_intermediacion": 0.0, "pagerank_proveeduria": 0.0007509103741085098}}, {"type": "Feature", "geometry": {"type": "Point", "coordinates": [-98.22753, 19.11674]}, "properties": {"id_unidad": 1862, "nombre": "VOLKSWAGEN", "codigo_scian": "336110", "tier_red": "0", "oem_grupo": "Volkswagen", "es_planta_ensamble": true, "entidad": "PUEBLA", "municipio": "Puebla", "cvegeo_mun": "21114", "nivel_inst": "NUCLEO_CONFIRMADO", "n_clientes": 0, "n_proveedores": 5, "grado_salida_ponderado": 0.0, "grado_entrada_ponderado": 0.1836344544380618, "centralidad_intermediacion": 0.0, "pagerank_proveeduria": 0.0007509103741085098}}, {"type": "Feature", "geometry": {"type": "Point", "coordinates": [-98.155016, 19.08716]}, "properties": {"id_unidad": 1863, "nombre": "VOLKSWAGEN", "codigo_scian": "336110", "tier_red": "0", "oem_grupo": "Volkswagen", "es_planta_ensamble": false, "entidad": "PUEBLA", "municipio": "Puebla", "cvegeo_mun": "21114", "nivel_inst": "NUCLEO_CONFIRMADO", "n_clientes": 0, "n_proveedores": 5, "grado_salida_ponderado": 0.0, "grado_entrada_ponderado": 0.1353104666295512, "centralidad_intermediacion": 0.0, "pagerank_proveeduria": 0.0007509103741085098}}, {"type": "Feature", "geometry": {"type": "Point", "coordinates": [-98.265323, 19.120044]}, "properties": {"id_unidad": 1864, "nombre": "VOLKSWAGEN", "codigo_scian": "336110", "tier_red": "0", "oem_grupo": "Volkswagen", "es_planta_ensamble": true, "entidad": "PUEBLA", "municipio": "Coronango", "cvegeo_mun": "21034", "nivel_inst": "NUCLEO_CONFIRMADO", "n_clientes": 0, "n_proveedores": 5, "grado_salida_ponderado": 0.0, "grado_entrada_ponderado": 0.1705884595496509, "centralidad_intermediacion": 0.0, "pagerank_proveeduria": 0.0007509103741085098}}, {"type": "Feature", "geometry": {"type": "Point", "coordinates": [-98.255702, 19.119534]}, "properties": {"id_unidad": 1867, "nombre": "VOLKSWAGEN", "codigo_scian": "336110", "tier_red": "0", "oem_grupo": "Volkswagen", "es_planta_ensamble": true, "entidad": "PUEBLA", "municipio": "Cuautlancingo", "cvegeo_mun": "21041", "nivel_inst": "NUCLEO_CONFIRMADO", "n_clientes": 0, "n_proveedores": 5, "grado_salida_ponderado": 0.0, "grado_entrada_ponderado": 1.1937578657945669, "centralidad_intermediacion": 0.0, "pagerank_proveeduria": 0.0007509103741085098}}, {"type": "Feature", "geometry": {"type": "Point", "coordinates": [-100.283788, 20.564569]}, "properties": {"id_unidad": 1868, "nombre": "VOLKSWAGEN", "codigo_scian": "336120", "tier_red": "0", "oem_grupo": "Volkswagen", "es_planta_ensamble": false, "entidad": "QUERÉTARO", "municipio": "El Marqués", "cvegeo_mun": "22011", "nivel_inst": "SIN_REGISTRO_INST", "n_clientes": 0, "n_proveedores": 5, "grado_salida_ponderado": 0.0, "grado_entrada_ponderado": 7.3901589580622185, "centralidad_intermediacion": 0.0, "pagerank_proveeduria": 0.0007509103741085098}}, {"type": "Feature", "geometry": {"type": "Point", "coordinates": [-100.196448, 20.581635]}, "properties": {"id_unidad": 1869, "nombre": "VOLKSWAGEN", "codigo_scian": "336120", "tier_red": "0", "oem_grupo": "Volkswagen", "es_planta_ensamble": false, "entidad": "QUERÉTARO", "municipio": "Colón", "cvegeo_mun": "22005", "nivel_inst": "SIN_REGISTRO_INST", "n_clientes": 0, "n_proveedores": 5, "grado_salida_ponderado": 0.0, "grado_entrada_ponderado": 0.0451429245839989, "centralidad_intermediacion": 0.0, "pagerank_proveeduria": 0.0007509103741085098}}, {"type": "Feature", "geometry": {"type": "Point", "coordinates": [-99.135465, 19.649932]}, "properties": {"id_unidad": 1872, "nombre": "VOLVO BUSES", "codigo_scian": "336120", "tier_red": "0", "oem_grupo": null, "es_planta_ensamble": false, "entidad": "MÉXICO", "municipio": "Tultepec", "cvegeo_mun": "15108", "nivel_inst": "NUCLEO_CONFIRMADO", "n_clientes": 0, "n_proveedores": 5, "grado_salida_ponderado": 0.0, "grado_entrada_ponderado": 3.1184684122803152, "centralidad_intermediacion": 0.0, "pagerank_proveeduria": 0.0007509103741085098}}, {"type": "Feature", "geometry": {"type": "Point", "coordinates": [-115.397857, 32.667415]}, "properties": {"id_unidad": 1874, "nombre": "WABASH TECHNOLOGIES DE MÉXICO", "codigo_scian": "336320", "tier_red": "1", "oem_grupo": null, "es_planta_ensamble": null, "entidad": "BAJA CALIFORNIA", "municipio": "Mexicali", "cvegeo_mun": "02002", "nivel_inst": "NUCLEO_CONFIRMADO", "n_clientes": 2, "n_proveedores": 5, "grado_salida_ponderado": 3.684456269873474, "grado_entrada_ponderado": 62.71862001514922, "centralidad_intermediacion": 7.780621066463794e-06, "pagerank_proveeduria": 0.000928892695801625}}, {"type": "Feature", "geometry": {"type": "Point", "coordinates": [-101.452058, 20.568895]}, "properties": {"id_unidad": 1878, "nombre": "WALORMEX", "codigo_scian": "336370", "tier_red": "2", "oem_grupo": null, "es_planta_ensamble": null, "entidad": "GUANAJUATO", "municipio": "Irapuato", "cvegeo_mun": "11017", "nivel_inst": "INDETERMINADO", "n_clientes": 2, "n_proveedores": 0, "grado_salida_ponderado": 8.12985113822918, "grado_entrada_ponderado": 0.0, "centralidad_intermediacion": 0.0, "pagerank_proveeduria": 0.0011298114710924605}}, {"type": "Feature", "geometry": {"type": "Point", "coordinates": [-100.87682, 22.052188]}, "properties": {"id_unidad": 1882, "nombre": "WAUKESHA METAL PRODUCTS", "codigo_scian": "336370", "tier_red": "2", "oem_grupo": null, "es_planta_ensamble": null, "entidad": "SAN LUIS POTOSÍ", "municipio": "San Luis Potosí", "cvegeo_mun": "24028", "nivel_inst": "PROBABLE", "n_clientes": 9, "n_proveedores": 0, "grado_salida_ponderado": 60.13972551011722, "grado_entrada_ponderado": 0.0, "centralidad_intermediacion": 0.0, "pagerank_proveeduria": 0.0018298767607993387}}, {"type": "Feature", "geometry": {"type": "Point", "coordinates": [-98.254653, 19.108021]}, "properties": {"id_unidad": 1885, "nombre": "WEBASTO", "codigo_scian": "336360", "tier_red": "2", "oem_grupo": null, "es_planta_ensamble": null, "entidad": "PUEBLA", "municipio": "Cuautlancingo", "cvegeo_mun": "21041", "nivel_inst": "NUCLEO_CONFIRMADO", "n_clientes": 0, "n_proveedores": 5, "grado_salida_ponderado": 0.0, "grado_entrada_ponderado": 3.8087674572147217, "centralidad_intermediacion": 0.0, "pagerank_proveeduria": 0.0007509103741085098}}, {"type": "Feature", "geometry": {"type": "Point", "coordinates": [-100.638813, 20.02935]}, "properties": {"id_unidad": 1887, "nombre": "WEWIRE ACAMBARO MEXICO", "codigo_scian": "336320", "tier_red": "1", "oem_grupo": null, "es_planta_ensamble": null, "entidad": "GUANAJUATO", "municipio": "Acámbaro", "cvegeo_mun": "11002", "nivel_inst": "NUCLEO_CONFIRMADO", "n_clientes": 1, "n_proveedores": 5, "grado_salida_ponderado": 0.6000055671239455, "grado_entrada_ponderado": 24.191696917981567, "centralidad_intermediacion": 5.187080710975863e-06, "pagerank_proveeduria": 0.0008707923218315707}}, {"type": "Feature", "geometry": {"type": "Point", "coordinates": [-100.892959, 25.439489]}, "properties": {"id_unidad": 1890, "nombre": "WINSOR MACHINE", "codigo_scian": "336360", "tier_red": "1", "oem_grupo": null, "es_planta_ensamble": null, "entidad": "COAHUILA DE ZARAGOZA", "municipio": "Arteaga", "cvegeo_mun": "05004", "nivel_inst": "NUCLEO_CONFIRMADO", "n_clientes": 1, "n_proveedores": 5, "grado_salida_ponderado": 2.0443798986944786, "grado_entrada_ponderado": 15.280223627858316, "centralidad_intermediacion": 0.0, "pagerank_proveeduria": 0.000858568547375693}}, {"type": "Feature", "geometry": {"type": "Point", "coordinates": [-101.33254, 20.787667]}, "properties": {"id_unidad": 1894, "nombre": "WURTH ELEKTRONIK MEXICO", "codigo_scian": "336320", "tier_red": "1", "oem_grupo": null, "es_planta_ensamble": null, "entidad": "GUANAJUATO", "municipio": "Irapuato", "cvegeo_mun": "11017", "nivel_inst": "NUCLEO_CONFIRMADO", "n_clientes": 0, "n_proveedores": 5, "grado_salida_ponderado": 0.0, "grado_entrada_ponderado": 11.65734493590189, "centralidad_intermediacion": 0.0, "pagerank_proveeduria": 0.0007509103741085098}}, {"type": "Feature", "geometry": {"type": "Point", "coordinates": [-100.445499, 20.763949]}, "properties": {"id_unidad": 1895, "nombre": "XL TECH DE MÉXICO", "codigo_scian": "336370", "tier_red": "2", "oem_grupo": null, "es_planta_ensamble": null, "entidad": "QUERÉTARO", "municipio": "Querétaro", "cvegeo_mun": "22014", "nivel_inst": "NUCLEO_CONFIRMADO", "n_clientes": 2, "n_proveedores": 0, "grado_salida_ponderado": 8.311152148798833, "grado_entrada_ponderado": 0.0, "centralidad_intermediacion": 0.0, "pagerank_proveeduria": 0.0009758835999296036}}, {"type": "Feature", "geometry": {"type": "Point", "coordinates": [-101.009012, 25.381492]}, "properties": {"id_unidad": 1900, "nombre": "YAZAKI", "codigo_scian": "336320", "tier_red": "1", "oem_grupo": null, "es_planta_ensamble": null, "entidad": "COAHUILA DE ZARAGOZA", "municipio": "Saltillo", "cvegeo_mun": "05030", "nivel_inst": "SIN_REGISTRO_INST", "n_clientes": 1, "n_proveedores": 5, "grado_salida_ponderado": 0.0036741614576744, "grado_entrada_ponderado": 7.835440449093125, "centralidad_intermediacion": 0.0, "pagerank_proveeduria": 0.0008000018395875414}}, {"type": "Feature", "geometry": {"type": "Point", "coordinates": [-103.393118, 25.590867]}, "properties": {"id_unidad": 1901, "nombre": "YAZAKI", "codigo_scian": "336320", "tier_red": "1", "oem_grupo": null, "es_planta_ensamble": null, "entidad": "COAHUILA DE ZARAGOZA", "municipio": "Torreón", "cvegeo_mun": "05035", "nivel_inst": "SIN_REGISTRO_INST", "n_clientes": 0, "n_proveedores": 5, "grado_salida_ponderado": 0.0, "grado_entrada_ponderado": 5.077193742111965, "centralidad_intermediacion": 0.0, "pagerank_proveeduria": 0.0007509103741085098}}, {"type": "Feature", "geometry": {"type": "Point", "coordinates": [-101.012194, 25.396818]}, "properties": {"id_unidad": 1902, "nombre": "YAZAKI", "codigo_scian": "336320", "tier_red": "1", "oem_grupo": null, "es_planta_ensamble": null, "entidad": "COAHUILA DE ZARAGOZA", "municipio": "Saltillo", "cvegeo_mun": "05030", "nivel_inst": "SIN_REGISTRO_INST", "n_clientes": 4, "n_proveedores": 5, "grado_salida_ponderado": 1.2909481250613544, "grado_entrada_ponderado": 22.804098969677252, "centralidad_intermediacion": 0.0, "pagerank_proveeduria": 0.001179328750931208}}, {"type": "Feature", "geometry": {"type": "Point", "coordinates": [-92.461964, 15.130202]}, "properties": {"id_unidad": 1903, "nombre": "YAZAKI", "codigo_scian": "336320", "tier_red": "1", "oem_grupo": null, "es_planta_ensamble": null, "entidad": "CHIAPAS", "municipio": "Huixtla", "cvegeo_mun": "07040", "nivel_inst": "NUCLEO_CONFIRMADO", "n_clientes": 0, "n_proveedores": 5, "grado_salida_ponderado": 0.0, "grado_entrada_ponderado": 6.636996103980105, "centralidad_intermediacion": 0.0, "pagerank_proveeduria": 0.0007509103741085098}}, {"type": "Feature", "geometry": {"type": "Point", "coordinates": [-92.319959, 14.906223]}, "properties": {"id_unidad": 1905, "nombre": "YAZAKI", "codigo_scian": "336320", "tier_red": "1", "oem_grupo": null, "es_planta_ensamble": null, "entidad": "CHIAPAS", "municipio": "Tapachula", "cvegeo_mun": "07089", "nivel_inst": "NUCLEO_CONFIRMADO", "n_clientes": 0, "n_proveedores": 5, "grado_salida_ponderado": 0.0, "grado_entrada_ponderado": 18.69841075335826, "centralidad_intermediacion": 0.0, "pagerank_proveeduria": 0.0007509103741085098}}, {"type": "Feature", "geometry": {"type": "Point", "coordinates": [-93.066066, 16.742721]}, "properties": {"id_unidad": 1906, "nombre": "YAZAKI", "codigo_scian": "336320", "tier_red": "1", "oem_grupo": null, "es_planta_ensamble": null, "entidad": "CHIAPAS", "municipio": "Tuxtla Gutiérrez", "cvegeo_mun": "07101", "nivel_inst": "NUCLEO_CONFIRMADO", "n_clientes": 0, "n_proveedores": 5, "grado_salida_ponderado": 0.0, "grado_entrada_ponderado": 20.561354843963286, "centralidad_intermediacion": 0.0, "pagerank_proveeduria": 0.0007509103741085098}}, {"type": "Feature", "geometry": {"type": "Point", "coordinates": [-92.276376, 14.856452]}, "properties": {"id_unidad": 1907, "nombre": "YAZAKI", "codigo_scian": "336320", "tier_red": "1", "oem_grupo": null, "es_planta_ensamble": null, "entidad": "CHIAPAS", "municipio": "Tapachula", "cvegeo_mun": "07089", "nivel_inst": "NUCLEO_CONFIRMADO", "n_clientes": 0, "n_proveedores": 5, "grado_salida_ponderado": 0.0, "grado_entrada_ponderado": 18.63023947369792, "centralidad_intermediacion": 0.0, "pagerank_proveeduria": 0.0007509103741085098}}, {"type": "Feature", "geometry": {"type": "Point", "coordinates": [-93.174834, 16.76005]}, "properties": {"id_unidad": 1908, "nombre": "YAZAKI", "codigo_scian": "336320", "tier_red": "1", "oem_grupo": null, "es_planta_ensamble": null, "entidad": "CHIAPAS", "municipio": "Tuxtla Gutiérrez", "cvegeo_mun": "07101", "nivel_inst": "NUCLEO_CONFIRMADO", "n_clientes": 0, "n_proveedores": 5, "grado_salida_ponderado": 0.0, "grado_entrada_ponderado": 20.730921857832197, "centralidad_intermediacion": 0.0, "pagerank_proveeduria": 0.0007509103741085098}}, {"type": "Feature", "geometry": {"type": "Point", "coordinates": [-93.383445, 16.77236]}, "properties": {"id_unidad": 1909, "nombre": "YAZAKI", "codigo_scian": "336320", "tier_red": "1", "oem_grupo": null, "es_planta_ensamble": null, "entidad": "CHIAPAS", "municipio": "Ocozocoautla de Espinosa", "cvegeo_mun": "07061", "nivel_inst": "NUCLEO_CONFIRMADO", "n_clientes": 0, "n_proveedores": 5, "grado_salida_ponderado": 0.0, "grado_entrada_ponderado": 21.057170764123477, "centralidad_intermediacion": 0.0, "pagerank_proveeduria": 0.0007509103741085098}}, {"type": "Feature", "geometry": {"type": "Point", "coordinates": [-93.276418, 16.224011]}, "properties": {"id_unidad": 1910, "nombre": "YAZAKI", "codigo_scian": "336320", "tier_red": "1", "oem_grupo": null, "es_planta_ensamble": null, "entidad": "CHIAPAS", "municipio": "Villaflores", "cvegeo_mun": "07108", "nivel_inst": "NUCLEO_CONFIRMADO", "n_clientes": 1, "n_proveedores": 5, "grado_salida_ponderado": 0.5486202646894703, "grado_entrada_ponderado": 20.578655623300804, "centralidad_intermediacion": 0.0, "pagerank_proveeduria": 0.0008605254668593553}}, {"type": "Feature", "geometry": {"type": "Point", "coordinates": [-100.139528, 27.242315]}, "properties": {"id_unidad": 1911, "nombre": "YAZAKI", "codigo_scian": "336320", "tier_red": "1", "oem_grupo": null, "es_planta_ensamble": null, "entidad": "NUEVO LEÓN", "municipio": "Anáhuac", "cvegeo_mun": "19005", "nivel_inst": "PROBABLE", "n_clientes": 0, "n_proveedores": 5, "grado_salida_ponderado": 0.0, "grado_entrada_ponderado": 12.871604850699237, "centralidad_intermediacion": 0.0, "pagerank_proveeduria": 0.0007509103741085098}}, {"type": "Feature", "geometry": {"type": "Point", "coordinates": [-100.247041, 25.717582]}, "properties": {"id_unidad": 1912, "nombre": "YAZAKI", "codigo_scian": "336320", "tier_red": "1", "oem_grupo": null, "es_planta_ensamble": null, "entidad": "NUEVO LEÓN", "municipio": "San Nicolás de los Garza", "cvegeo_mun": "19046", "nivel_inst": "PROBABLE", "n_clientes": 3, "n_proveedores": 5, "grado_salida_ponderado": 1.7898138377557427, "grado_entrada_ponderado": 36.364824088461724, "centralidad_intermediacion": 1.729026903658621e-06, "pagerank_proveeduria": 0.0011394303843024662}}, {"type": "Feature", "geometry": {"type": "Point", "coordinates": [-100.184589, 23.667075]}, "properties": {"id_unidad": 1913, "nombre": "YAZAKI", "codigo_scian": "336320", "tier_red": "1", "oem_grupo": null, "es_planta_ensamble": null, "entidad": "NUEVO LEÓN", "municipio": "Doctor Arroyo", "cvegeo_mun": "19014", "nivel_inst": "PROBABLE", "n_clientes": 0, "n_proveedores": 5, "grado_salida_ponderado": 0.0, "grado_entrada_ponderado": 13.349150399865929, "centralidad_intermediacion": 0.0, "pagerank_proveeduria": 0.0007509103741085098}}, {"type": "Feature", "geometry": {"type": "Point", "coordinates": [-100.21461, 25.748248]}, "properties": {"id_unidad": 1914, "nombre": "YAZAKI", "codigo_scian": "336320", "tier_red": "1", "oem_grupo": null, "es_planta_ensamble": null, "entidad": "NUEVO LEÓN", "municipio": "Apodaca", "cvegeo_mun": "19006", "nivel_inst": "PROBABLE", "n_clientes": 0, "n_proveedores": 5, "grado_salida_ponderado": 0.0, "grado_entrada_ponderado": 12.44841826432397, "centralidad_intermediacion": 0.0, "pagerank_proveeduria": 0.0007509103741085098}}, {"type": "Feature", "geometry": {"type": "Point", "coordinates": [-100.245566, 25.71812]}, "properties": {"id_unidad": 1915, "nombre": "YAZAKI", "codigo_scian": "336320", "tier_red": "1", "oem_grupo": null, "es_planta_ensamble": null, "entidad": "NUEVO LEÓN", "municipio": "San Nicolás de los Garza", "cvegeo_mun": "19046", "nivel_inst": "PROBABLE", "n_clientes": 3, "n_proveedores": 5, "grado_salida_ponderado": 1.7820044698611943, "grado_entrada_ponderado": 36.36279703237877, "centralidad_intermediacion": 0.0, "pagerank_proveeduria": 0.0011375647638517232}}, {"type": "Feature", "geometry": {"type": "Point", "coordinates": [-100.249567, 25.728463]}, "properties": {"id_unidad": 1916, "nombre": "YAZAKI", "codigo_scian": "336320", "tier_red": "1", "oem_grupo": null, "es_planta_ensamble": null, "entidad": "NUEVO LEÓN", "municipio": "San Nicolás de los Garza", "cvegeo_mun": "19046", "nivel_inst": "PROBABLE", "n_clientes": 3, "n_proveedores": 5, "grado_salida_ponderado": 1.8075838699384748, "grado_entrada_ponderado": 37.44769932400284, "centralidad_intermediacion": 1.729026903658621e-05, "pagerank_proveeduria": 0.001146569316879003}}, {"type": "Feature", "geometry": {"type": "Point", "coordinates": [-100.185116, 23.665831]}, "properties": {"id_unidad": 1917, "nombre": "YAZAKI", "codigo_scian": "336320", "tier_red": "1", "oem_grupo": null, "es_planta_ensamble": null, "entidad": "NUEVO LEÓN", "municipio": "Doctor Arroyo", "cvegeo_mun": "19014", "nivel_inst": "PROBABLE", "n_clientes": 0, "n_proveedores": 5, "grado_salida_ponderado": 0.0, "grado_entrada_ponderado": 1.0686308620451037, "centralidad_intermediacion": 0.0, "pagerank_proveeduria": 0.0007509103741085098}}, {"type": "Feature", "geometry": {"type": "Point", "coordinates": [-100.185326, 23.6641]}, "properties": {"id_unidad": 1918, "nombre": "YAZAKI", "codigo_scian": "336320", "tier_red": "1", "oem_grupo": null, "es_planta_ensamble": null, "entidad": "NUEVO LEÓN", "municipio": "Doctor Arroyo", "cvegeo_mun": "19014", "nivel_inst": "PROBABLE", "n_clientes": 0, "n_proveedores": 5, "grado_salida_ponderado": 0.0, "grado_entrada_ponderado": 1.0695367291676257, "centralidad_intermediacion": 0.0, "pagerank_proveeduria": 0.0007509103741085098}}, {"type": "Feature", "geometry": {"type": "Point", "coordinates": [-101.126117, 23.135074]}, "properties": {"id_unidad": 1919, "nombre": "YAZAKI", "codigo_scian": "336320", "tier_red": "1", "oem_grupo": null, "es_planta_ensamble": null, "entidad": "SAN LUIS POTOSÍ", "municipio": "Charcas", "cvegeo_mun": "24015", "nivel_inst": "SIN_REGISTRO_INST", "n_clientes": 0, "n_proveedores": 5, "grado_salida_ponderado": 0.0, "grado_entrada_ponderado": 10.68004517458937, "centralidad_intermediacion": 0.0, "pagerank_proveeduria": 0.0007509103741085098}}, {"type": "Feature", "geometry": {"type": "Point", "coordinates": [-101.080031, 22.745789]}, "properties": {"id_unidad": 1920, "nombre": "YAZAKI", "codigo_scian": "336320", "tier_red": "1", "oem_grupo": null, "es_planta_ensamble": null, "entidad": "SAN LUIS POTOSÍ", "municipio": "Moctezuma", "cvegeo_mun": "24022", "nivel_inst": "SIN_REGISTRO_INST", "n_clientes": 0, "n_proveedores": 5, "grado_salida_ponderado": 0.0, "grado_entrada_ponderado": 4.752070431943531, "centralidad_intermediacion": 0.0, "pagerank_proveeduria": 0.0007509103741085098}}, {"type": "Feature", "geometry": {"type": "Point", "coordinates": [-98.989169, 22.025244]}, "properties": {"id_unidad": 1921, "nombre": "YAZAKI", "codigo_scian": "336320", "tier_red": "1", "oem_grupo": null, "es_planta_ensamble": null, "entidad": "SAN LUIS POTOSÍ", "municipio": "Ciudad Valles", "cvegeo_mun": "24013", "nivel_inst": "SIN_REGISTRO_INST", "n_clientes": 0, "n_proveedores": 5, "grado_salida_ponderado": 0.0, "grado_entrada_ponderado": 7.8104612090523355, "centralidad_intermediacion": 0.0, "pagerank_proveeduria": 0.0007509103741085098}}, {"type": "Feature", "geometry": {"type": "Point", "coordinates": [-101.099418, 22.939883]}, "properties": {"id_unidad": 1922, "nombre": "YAZAKI", "codigo_scian": "336320", "tier_red": "1", "oem_grupo": null, "es_planta_ensamble": null, "entidad": "SAN LUIS POTOSÍ", "municipio": "Venado", "cvegeo_mun": "24045", "nivel_inst": "SIN_REGISTRO_INST", "n_clientes": 0, "n_proveedores": 5, "grado_salida_ponderado": 0.0, "grado_entrada_ponderado": 4.193600221672083, "centralidad_intermediacion": 0.0, "pagerank_proveeduria": 0.0007509103741085098}}, {"type": "Feature", "geometry": {"type": "Point", "coordinates": [-103.686494, 19.255758]}, "properties": {"id_unidad": 1923, "nombre": "YAZAKI", "codigo_scian": "336320", "tier_red": "1", "oem_grupo": null, "es_planta_ensamble": null, "entidad": "COLIMA", "municipio": "Colima", "cvegeo_mun": "06002", "nivel_inst": "NUCLEO_CONFIRMADO", "n_clientes": 1, "n_proveedores": 5, "grado_salida_ponderado": 0.2565080747579529, "grado_entrada_ponderado": 16.968666546105275, "centralidad_intermediacion": 1.729026903658621e-06, "pagerank_proveeduria": 0.0009400090255770832}}, {"type": "Feature", "geometry": {"type": "Point", "coordinates": [-103.888147, 18.908606]}, "properties": {"id_unidad": 1924, "nombre": "YAZAKI", "codigo_scian": "336320", "tier_red": "1", "oem_grupo": null, "es_planta_ensamble": null, "entidad": "COLIMA", "municipio": "Tecomán", "cvegeo_mun": "06009", "nivel_inst": "NUCLEO_CONFIRMADO", "n_clientes": 1, "n_proveedores": 5, "grado_salida_ponderado": 0.4460351134488459, "grado_entrada_ponderado": 14.405167655717577, "centralidad_intermediacion": 8.645134518293105e-06, "pagerank_proveeduria": 0.0010797290225678167}}, {"type": "Feature", "geometry": {"type": "Point", "coordinates": [-106.449375, 31.691508]}, "properties": {"id_unidad": 1925, "nombre": "YAZAKI", "codigo_scian": "336320", "tier_red": "1", "oem_grupo": null, "es_planta_ensamble": null, "entidad": "CHIHUAHUA", "municipio": "Juárez", "cvegeo_mun": "08037", "nivel_inst": "SIN_REGISTRO_INST", "n_clientes": 0, "n_proveedores": 5, "grado_salida_ponderado": 0.0, "grado_entrada_ponderado": 17.812365121711775, "centralidad_intermediacion": 0.0, "pagerank_proveeduria": 0.0007509103741085098}}, {"type": "Feature", "geometry": {"type": "Point", "coordinates": [-106.455424, 31.688962]}, "properties": {"id_unidad": 1926, "nombre": "YAZAKI", "codigo_scian": "336320", "tier_red": "1", "oem_grupo": null, "es_planta_ensamble": null, "entidad": "CHIHUAHUA", "municipio": "Juárez", "cvegeo_mun": "08037", "nivel_inst": "SIN_REGISTRO_INST", "n_clientes": 0, "n_proveedores": 5, "grado_salida_ponderado": 0.0, "grado_entrada_ponderado": 17.816088599929493, "centralidad_intermediacion": 0.0, "pagerank_proveeduria": 0.0007509103741085098}}, {"type": "Feature", "geometry": {"type": "Point", "coordinates": [-107.906011, 30.430159]}, "properties": {"id_unidad": 1927, "nombre": "YAZAKI", "codigo_scian": "336320", "tier_red": "1", "oem_grupo": null, "es_planta_ensamble": null, "entidad": "CHIHUAHUA", "municipio": "Nuevo Casas Grandes", "cvegeo_mun": "08050", "nivel_inst": "SIN_REGISTRO_INST", "n_clientes": 0, "n_proveedores": 5, "grado_salida_ponderado": 0.0, "grado_entrada_ponderado": 8.62384236269641, "centralidad_intermediacion": 0.0, "pagerank_proveeduria": 0.0007509103741085098}}, {"type": "Feature", "geometry": {"type": "Point", "coordinates": [-107.451675, 29.844658]}, "properties": {"id_unidad": 1928, "nombre": "YAZAKI", "codigo_scian": "336320", "tier_red": "1", "oem_grupo": null, "es_planta_ensamble": null, "entidad": "CHIHUAHUA", "municipio": "Buenaventura", "cvegeo_mun": "08010", "nivel_inst": "SIN_REGISTRO_INST", "n_clientes": 0, "n_proveedores": 5, "grado_salida_ponderado": 0.0, "grado_entrada_ponderado": 8.019975834312893, "centralidad_intermediacion": 0.0, "pagerank_proveeduria": 0.0007509103741085098}}, {"type": "Feature", "geometry": {"type": "Point", "coordinates": [-106.446761, 31.690675]}, "properties": {"id_unidad": 1929, "nombre": "YAZAKI", "codigo_scian": "336320", "tier_red": "1", "oem_grupo": null, "es_planta_ensamble": null, "entidad": "CHIHUAHUA", "municipio": "Juárez", "cvegeo_mun": "08037", "nivel_inst": "SIN_REGISTRO_INST", "n_clientes": 0, "n_proveedores": 5, "grado_salida_ponderado": 0.0, "grado_entrada_ponderado": 17.8843150672224, "centralidad_intermediacion": 0.0, "pagerank_proveeduria": 0.0007509103741085098}}, {"type": "Feature", "geometry": {"type": "Point", "coordinates": [-106.362052, 31.61797]}, "properties": {"id_unidad": 1930, "nombre": "YAZAKI", "codigo_scian": "336320", "tier_red": "1", "oem_grupo": null, "es_planta_ensamble": null, "entidad": "CHIHUAHUA", "municipio": "Juárez", "cvegeo_mun": "08037", "nivel_inst": "SIN_REGISTRO_INST", "n_clientes": 0, "n_proveedores": 5, "grado_salida_ponderado": 0.0, "grado_entrada_ponderado": 19.96332320124164, "centralidad_intermediacion": 0.0, "pagerank_proveeduria": 0.0007509103741085098}}, {"type": "Feature", "geometry": {"type": "Point", "coordinates": [-106.396681, 31.612504]}, "properties": {"id_unidad": 1931, "nombre": "YAZAKI", "codigo_scian": "336320", "tier_red": "1", "oem_grupo": null, "es_planta_ensamble": null, "entidad": "CHIHUAHUA", "municipio": "Juárez", "cvegeo_mun": "08037", "nivel_inst": "SIN_REGISTRO_INST", "n_clientes": 0, "n_proveedores": 5, "grado_salida_ponderado": 0.0, "grado_entrada_ponderado": 21.143111471028625, "centralidad_intermediacion": 0.0, "pagerank_proveeduria": 0.0007509103741085098}}, {"type": "Feature", "geometry": {"type": "Point", "coordinates": [-106.435446, 31.695219]}, "properties": {"id_unidad": 1932, "nombre": "YAZAKI", "codigo_scian": "336320", "tier_red": "1", "oem_grupo": null, "es_planta_ensamble": null, "entidad": "CHIHUAHUA", "municipio": "Juárez", "cvegeo_mun": "08037", "nivel_inst": "SIN_REGISTRO_INST", "n_clientes": 0, "n_proveedores": 5, "grado_salida_ponderado": 0.0, "grado_entrada_ponderado": 17.917083299216785, "centralidad_intermediacion": 0.0, "pagerank_proveeduria": 0.0007509103741085098}}, {"type": "Feature", "geometry": {"type": "Point", "coordinates": [-108.002267, 31.086611]}, "properties": {"id_unidad": 1933, "nombre": "YAZAKI", "codigo_scian": "336320", "tier_red": "1", "oem_grupo": null, "es_planta_ensamble": null, "entidad": "CHIHUAHUA", "municipio": "Ascensión", "cvegeo_mun": "08005", "nivel_inst": "SIN_REGISTRO_INST", "n_clientes": 0, "n_proveedores": 5, "grado_salida_ponderado": 0.0, "grado_entrada_ponderado": 8.624548004898003, "centralidad_intermediacion": 0.0, "pagerank_proveeduria": 0.0007509103741085098}}, {"type": "Feature", "geometry": {"type": "Point", "coordinates": [-107.451683, 29.844677]}, "properties": {"id_unidad": 1934, "nombre": "YAZAKI", "codigo_scian": "336320", "tier_red": "1", "oem_grupo": null, "es_planta_ensamble": null, "entidad": "CHIHUAHUA", "municipio": "Buenaventura", "cvegeo_mun": "08010", "nivel_inst": "SIN_REGISTRO_INST", "n_clientes": 0, "n_proveedores": 5, "grado_salida_ponderado": 0.0, "grado_entrada_ponderado": 2.8069967899758916, "centralidad_intermediacion": 0.0, "pagerank_proveeduria": 0.0007509103741085098}}, {"type": "Feature", "geometry": {"type": "Point", "coordinates": [-107.728131, 29.376437]}, "properties": {"id_unidad": 1935, "nombre": "YAZAKI", "codigo_scian": "336320", "tier_red": "1", "oem_grupo": null, "es_planta_ensamble": null, "entidad": "CHIHUAHUA", "municipio": "Gómez Farías", "cvegeo_mun": "08025", "nivel_inst": "SIN_REGISTRO_INST", "n_clientes": 0, "n_proveedores": 5, "grado_salida_ponderado": 0.0, "grado_entrada_ponderado": 8.277954086472255, "centralidad_intermediacion": 0.0, "pagerank_proveeduria": 0.0007509103741085098}}, {"type": "Feature", "geometry": {"type": "Point", "coordinates": [-105.623209, 28.40255]}, "properties": {"id_unidad": 1936, "nombre": "YAZAKI", "codigo_scian": "336320", "tier_red": "1", "oem_grupo": null, "es_planta_ensamble": null, "entidad": "CHIHUAHUA", "municipio": "Meoqui", "cvegeo_mun": "08045", "nivel_inst": "SIN_REGISTRO_INST", "n_clientes": 0, "n_proveedores": 5, "grado_salida_ponderado": 0.0, "grado_entrada_ponderado": 23.031401286883824, "centralidad_intermediacion": 0.0, "pagerank_proveeduria": 0.0007509103741085098}}, {"type": "Feature", "geometry": {"type": "Point", "coordinates": [-108.134914, 29.184096]}, "properties": {"id_unidad": 1937, "nombre": "YAZAKI", "codigo_scian": "336320", "tier_red": "1", "oem_grupo": null, "es_planta_ensamble": null, "entidad": "CHIHUAHUA", "municipio": "Madera", "cvegeo_mun": "08040", "nivel_inst": "SIN_REGISTRO_INST", "n_clientes": 0, "n_proveedores": 5, "grado_salida_ponderado": 0.0, "grado_entrada_ponderado": 8.887438623397255, "centralidad_intermediacion": 0.0, "pagerank_proveeduria": 0.0007509103741085098}}, {"type": "Feature", "geometry": {"type": "Point", "coordinates": [-107.754433, 29.649171]}, "properties": {"id_unidad": 1938, "nombre": "YAZAKI", "codigo_scian": "336320", "tier_red": "1", "oem_grupo": null, "es_planta_ensamble": null, "entidad": "CHIHUAHUA", "municipio": "Ignacio Zaragoza", "cvegeo_mun": "08034", "nivel_inst": "SIN_REGISTRO_INST", "n_clientes": 0, "n_proveedores": 5, "grado_salida_ponderado": 0.0, "grado_entrada_ponderado": 8.39238643366247, "centralidad_intermediacion": 0.0, "pagerank_proveeduria": 0.0007509103741085098}}, {"type": "Feature", "geometry": {"type": "Point", "coordinates": [-107.75356, 28.839551]}, "properties": {"id_unidad": 1939, "nombre": "YAZAKI", "codigo_scian": "336320", "tier_red": "1", "oem_grupo": null, "es_planta_ensamble": null, "entidad": "CHIHUAHUA", "municipio": "Matachí", "cvegeo_mun": "08043", "nivel_inst": "SIN_REGISTRO_INST", "n_clientes": 0, "n_proveedores": 5, "grado_salida_ponderado": 0.0, "grado_entrada_ponderado": 8.106008821789251, "centralidad_intermediacion": 0.0, "pagerank_proveeduria": 0.0007509103741085098}}, {"type": "Feature", "geometry": {"type": "Point", "coordinates": [-106.154107, 28.739334]}, "properties": {"id_unidad": 1940, "nombre": "YAZAKI", "codigo_scian": "336320", "tier_red": "1", "oem_grupo": null, "es_planta_ensamble": null, "entidad": "CHIHUAHUA", "municipio": "Chihuahua", "cvegeo_mun": "08019", "nivel_inst": "NUCLEO_CONFIRMADO", "n_clientes": 0, "n_proveedores": 5, "grado_salida_ponderado": 0.0, "grado_entrada_ponderado": 36.5968713891067, "centralidad_intermediacion": 0.0, "pagerank_proveeduria": 0.0007509103741085098}}, {"type": "Feature", "geometry": {"type": "Point", "coordinates": [-106.154386, 28.73955]}, "properties": {"id_unidad": 1941, "nombre": "YAZAKI", "codigo_scian": "336320", "tier_red": "1", "oem_grupo": null, "es_planta_ensamble": null, "entidad": "CHIHUAHUA", "municipio": "Chihuahua", "cvegeo_mun": "08019", "nivel_inst": "NUCLEO_CONFIRMADO", "n_clientes": 0, "n_proveedores": 5, "grado_salida_ponderado": 0.0, "grado_entrada_ponderado": 36.549555152747274, "centralidad_intermediacion": 0.0, "pagerank_proveeduria": 0.0007509103741085098}}, {"type": "Feature", "geometry": {"type": "Point", "coordinates": [-106.154027, 28.739338]}, "properties": {"id_unidad": 1942, "nombre": "YAZAKI", "codigo_scian": "336320", "tier_red": "1", "oem_grupo": null, "es_planta_ensamble": null, "entidad": "CHIHUAHUA", "municipio": "Chihuahua", "cvegeo_mun": "08019", "nivel_inst": "NUCLEO_CONFIRMADO", "n_clientes": 0, "n_proveedores": 5, "grado_salida_ponderado": 0.0, "grado_entrada_ponderado": 36.60402329891817, "centralidad_intermediacion": 0.0, "pagerank_proveeduria": 0.0007509103741085098}}, {"type": "Feature", "geometry": {"type": "Point", "coordinates": [-106.1231, 28.717118]}, "properties": {"id_unidad": 1943, "nombre": "YAZAKI", "codigo_scian": "336320", "tier_red": "1", "oem_grupo": null, "es_planta_ensamble": null, "entidad": "CHIHUAHUA", "municipio": "Chihuahua", "cvegeo_mun": "08019", "nivel_inst": "SIN_REGISTRO_INST", "n_clientes": 0, "n_proveedores": 5, "grado_salida_ponderado": 0.0, "grado_entrada_ponderado": 20.109747854014408, "centralidad_intermediacion": 0.0, "pagerank_proveeduria": 0.0007509103741085098}}, {"type": "Feature", "geometry": {"type": "Point", "coordinates": [-104.665504, 24.004956]}, "properties": {"id_unidad": 1944, "nombre": "YAZAKI", "codigo_scian": "336320", "tier_red": "1", "oem_grupo": null, "es_planta_ensamble": null, "entidad": "DURANGO", "municipio": "Durango", "cvegeo_mun": "10005", "nivel_inst": "SIN_REGISTRO_INST", "n_clientes": 0, "n_proveedores": 5, "grado_salida_ponderado": 0.0, "grado_entrada_ponderado": 5.501092829897035, "centralidad_intermediacion": 0.0, "pagerank_proveeduria": 0.0007509103741085098}}, {"type": "Feature", "geometry": {"type": "Point", "coordinates": [-104.115037, 24.432708]}, "properties": {"id_unidad": 1945, "nombre": "YAZAKI", "codigo_scian": "336320", "tier_red": "1", "oem_grupo": null, "es_planta_ensamble": null, "entidad": "DURANGO", "municipio": "Guadalupe Victoria", "cvegeo_mun": "10008", "nivel_inst": "SIN_REGISTRO_INST", "n_clientes": 0, "n_proveedores": 5, "grado_salida_ponderado": 0.0, "grado_entrada_ponderado": 5.495505122137027, "centralidad_intermediacion": 0.0, "pagerank_proveeduria": 0.0007509103741085098}}, {"type": "Feature", "geometry": {"type": "Point", "coordinates": [-104.666409, 23.995056]}, "properties": {"id_unidad": 1946, "nombre": "YAZAKI", "codigo_scian": "336320", "tier_red": "1", "oem_grupo": null, "es_planta_ensamble": null, "entidad": "DURANGO", "municipio": "Durango", "cvegeo_mun": "10005", "nivel_inst": "SIN_REGISTRO_INST", "n_clientes": 0, "n_proveedores": 5, "grado_salida_ponderado": 0.0, "grado_entrada_ponderado": 5.50767959910421, "centralidad_intermediacion": 0.0, "pagerank_proveeduria": 0.0007509103741085098}}, {"type": "Feature", "geometry": {"type": "Point", "coordinates": [-104.772482, 24.526444]}, "properties": {"id_unidad": 1947, "nombre": "YAZAKI", "codigo_scian": "336320", "tier_red": "1", "oem_grupo": null, "es_planta_ensamble": null, "entidad": "DURANGO", "municipio": "Canatlán", "cvegeo_mun": "10001", "nivel_inst": "SIN_REGISTRO_INST", "n_clientes": 0, "n_proveedores": 5, "grado_salida_ponderado": 0.0, "grado_entrada_ponderado": 5.046283307609775, "centralidad_intermediacion": 0.0, "pagerank_proveeduria": 0.0007509103741085098}}, {"type": "Feature", "geometry": {"type": "Point", "coordinates": [-105.348689, 23.787874]}, "properties": {"id_unidad": 1948, "nombre": "YAZAKI", "codigo_scian": "336320", "tier_red": "1", "oem_grupo": null, "es_planta_ensamble": null, "entidad": "DURANGO", "municipio": "Pueblo Nuevo", "cvegeo_mun": "10023", "nivel_inst": "SIN_REGISTRO_INST", "n_clientes": 0, "n_proveedores": 5, "grado_salida_ponderado": 0.0, "grado_entrada_ponderado": 5.1478547281014775, "centralidad_intermediacion": 0.0, "pagerank_proveeduria": 0.0007509103741085098}}, {"type": "Feature", "geometry": {"type": "Point", "coordinates": [-104.115311, 24.43311]}, "properties": {"id_unidad": 1949, "nombre": "YAZAKI", "codigo_scian": "336320", "tier_red": "1", "oem_grupo": null, "es_planta_ensamble": null, "entidad": "DURANGO", "municipio": "Guadalupe Victoria", "cvegeo_mun": "10008", "nivel_inst": "SIN_REGISTRO_INST", "n_clientes": 0, "n_proveedores": 5, "grado_salida_ponderado": 0.0, "grado_entrada_ponderado": 5.494903913572957, "centralidad_intermediacion": 0.0, "pagerank_proveeduria": 0.0007509103741085098}}, {"type": "Feature", "geometry": {"type": "Point", "coordinates": [-105.066018, 24.893204]}, "properties": {"id_unidad": 1950, "nombre": "YAZAKI", "codigo_scian": "336320", "tier_red": "1", "oem_grupo": null, "es_planta_ensamble": null, "entidad": "DURANGO", "municipio": "Nuevo Ideal", "cvegeo_mun": "10039", "nivel_inst": "SIN_REGISTRO_INST", "n_clientes": 0, "n_proveedores": 5, "grado_salida_ponderado": 0.0, "grado_entrada_ponderado": 4.636587152267812, "centralidad_intermediacion": 0.0, "pagerank_proveeduria": 0.0007509103741085098}}, {"type": "Feature", "geometry": {"type": "Point", "coordinates": [-104.591553, 24.080004]}, "properties": {"id_unidad": 1951, "nombre": "YAZAKI", "codigo_scian": "336320", "tier_red": "1", "oem_grupo": null, "es_planta_ensamble": null, "entidad": "DURANGO", "municipio": "Durango", "cvegeo_mun": "10005", "nivel_inst": "SIN_REGISTRO_INST", "n_clientes": 0, "n_proveedores": 5, "grado_salida_ponderado": 0.0, "grado_entrada_ponderado": 5.496628525330972, "centralidad_intermediacion": 0.0, "pagerank_proveeduria": 0.0007509103741085098}}, {"type": "Feature", "geometry": {"type": "Point", "coordinates": [-101.769469, 21.060417]}, "properties": {"id_unidad": 1952, "nombre": "YAZAKI", "codigo_scian": "336320", "tier_red": "1", "oem_grupo": null, "es_planta_ensamble": null, "entidad": "GUANAJUATO", "municipio": "León", "cvegeo_mun": "11020", "nivel_inst": "SIN_REGISTRO_INST", "n_clientes": 0, "n_proveedores": 5, "grado_salida_ponderado": 0.0, "grado_entrada_ponderado": 18.81154964779494, "centralidad_intermediacion": 0.0, "pagerank_proveeduria": 0.0007509103741085098}}, {"type": "Feature", "geometry": {"type": "Point", "coordinates": [-99.217989, 19.511778]}, "properties": {"id_unidad": 1954, "nombre": "YAZAKI", "codigo_scian": "336320", "tier_red": "1", "oem_grupo": null, "es_planta_ensamble": null, "entidad": "MÉXICO", "municipio": "Tlalnepantla de Baz", "cvegeo_mun": "15104", "nivel_inst": "SIN_REGISTRO_INST", "n_clientes": 0, "n_proveedores": 5, "grado_salida_ponderado": 0.0, "grado_entrada_ponderado": 0.38850291158136113, "centralidad_intermediacion": 0.0, "pagerank_proveeduria": 0.0007509103741085098}}, {"type": "Feature", "geometry": {"type": "Point", "coordinates": [-109.905436, 27.471868]}, "properties": {"id_unidad": 1955, "nombre": "YAZAKI", "codigo_scian": "336320", "tier_red": "1", "oem_grupo": null, "es_planta_ensamble": null, "entidad": "SONORA", "municipio": "Cajeme", "cvegeo_mun": "26018", "nivel_inst": "SIN_REGISTRO_INST", "n_clientes": 0, "n_proveedores": 5, "grado_salida_ponderado": 0.0, "grado_entrada_ponderado": 10.662811997855506, "centralidad_intermediacion": 0.0, "pagerank_proveeduria": 0.0007509103741085098}}, {"type": "Feature", "geometry": {"type": "Point", "coordinates": [-109.909928, 27.475731]}, "properties": {"id_unidad": 1956, "nombre": "YAZAKI", "codigo_scian": "336320", "tier_red": "1", "oem_grupo": null, "es_planta_ensamble": null, "entidad": "SONORA", "municipio": "Cajeme", "cvegeo_mun": "26018", "nivel_inst": "SIN_REGISTRO_INST", "n_clientes": 0, "n_proveedores": 5, "grado_salida_ponderado": 0.0, "grado_entrada_ponderado": 10.678704918424497, "centralidad_intermediacion": 0.0, "pagerank_proveeduria": 0.0007509103741085098}}, {"type": "Feature", "geometry": {"type": "Point", "coordinates": [-110.11766, 27.509375]}, "properties": {"id_unidad": 1957, "nombre": "YAZAKI", "codigo_scian": "336320", "tier_red": "1", "oem_grupo": null, "es_planta_ensamble": null, "entidad": "SONORA", "municipio": "Bácum", "cvegeo_mun": "26012", "nivel_inst": "SIN_REGISTRO_INST", "n_clientes": 0, "n_proveedores": 5, "grado_salida_ponderado": 0.0, "grado_entrada_ponderado": 11.07808952572778, "centralidad_intermediacion": 0.0, "pagerank_proveeduria": 0.0007509103741085098}}, {"type": "Feature", "geometry": {"type": "Point", "coordinates": [-109.634129, 26.893547]}, "properties": {"id_unidad": 1958, "nombre": "YAZAKI", "codigo_scian": "336320", "tier_red": "1", "oem_grupo": null, "es_planta_ensamble": null, "entidad": "SONORA", "municipio": "Etchojoa", "cvegeo_mun": "26026", "nivel_inst": "SIN_REGISTRO_INST", "n_clientes": 0, "n_proveedores": 5, "grado_salida_ponderado": 0.0, "grado_entrada_ponderado": 9.243082499253056, "centralidad_intermediacion": 0.0, "pagerank_proveeduria": 0.0007509103741085098}}, {"type": "Feature", "geometry": {"type": "Point", "coordinates": [-109.467015, 27.076962]}, "properties": {"id_unidad": 1959, "nombre": "YAZAKI", "codigo_scian": "336320", "tier_red": "1", "oem_grupo": null, "es_planta_ensamble": null, "entidad": "SONORA", "municipio": "Navojoa", "cvegeo_mun": "26042", "nivel_inst": "SIN_REGISTRO_INST", "n_clientes": 0, "n_proveedores": 5, "grado_salida_ponderado": 0.0, "grado_entrada_ponderado": 9.3110921862927, "centralidad_intermediacion": 0.0, "pagerank_proveeduria": 0.0007509103741085098}}, {"type": "Feature", "geometry": {"type": "Point", "coordinates": [-114.719026, 32.45609]}, "properties": {"id_unidad": 1960, "nombre": "YAZAKI", "codigo_scian": "336320", "tier_red": "1", "oem_grupo": null, "es_planta_ensamble": null, "entidad": "SONORA", "municipio": "San Luis Río Colorado", "cvegeo_mun": "26055", "nivel_inst": "SIN_REGISTRO_INST", "n_clientes": 0, "n_proveedores": 5, "grado_salida_ponderado": 0.0, "grado_entrada_ponderado": 1.735111399291986, "centralidad_intermediacion": 0.0, "pagerank_proveeduria": 0.0007509103741085098}}, {"type": "Feature", "geometry": {"type": "Point", "coordinates": [-103.357906, 25.469912]}, "properties": {"id_unidad": 1964, "nombre": "YURA CORPORATION MEXICO", "codigo_scian": "336320", "tier_red": "1", "oem_grupo": null, "es_planta_ensamble": null, "entidad": "COAHUILA DE ZARAGOZA", "municipio": "Torreón", "cvegeo_mun": "05035", "nivel_inst": "NUCLEO_CONFIRMADO", "n_clientes": 0, "n_proveedores": 5, "grado_salida_ponderado": 0.0, "grado_entrada_ponderado": 9.995929536014362, "centralidad_intermediacion": 0.0, "pagerank_proveeduria": 0.0007509103741085098}}, {"type": "Feature", "geometry": {"type": "Point", "coordinates": [-103.357906, 25.469912]}, "properties": {"id_unidad": 1965, "nombre": "YURA CORPORATION MEXICO", "codigo_scian": "336320", "tier_red": "1", "oem_grupo": null, "es_planta_ensamble": null, "entidad": "COAHUILA DE ZARAGOZA", "municipio": "Torreón", "cvegeo_mun": "05035", "nivel_inst": "NUCLEO_CONFIRMADO", "n_clientes": 0, "n_proveedores": 5, "grado_salida_ponderado": 0.0, "grado_entrada_ponderado": 9.162933881692403, "centralidad_intermediacion": 0.0, "pagerank_proveeduria": 0.0007509103741085098}}, {"type": "Feature", "geometry": {"type": "Point", "coordinates": [-99.99338, 25.763123]}, "properties": {"id_unidad": 1966, "nombre": "YURA CORPORATION MEXICO", "codigo_scian": "336320", "tier_red": "1", "oem_grupo": null, "es_planta_ensamble": null, "entidad": "NUEVO LEÓN", "municipio": "Pesquería", "cvegeo_mun": "19041", "nivel_inst": "NUCLEO_CONFIRMADO", "n_clientes": 0, "n_proveedores": 5, "grado_salida_ponderado": 0.0, "grado_entrada_ponderado": 8.211578612303363, "centralidad_intermediacion": 0.0, "pagerank_proveeduria": 0.0007509103741085098}}, {"type": "Feature", "geometry": {"type": "Point", "coordinates": [-100.925078, 25.555787]}, "properties": {"id_unidad": 1971, "nombre": "ZENDALEATHER", "codigo_scian": "336360", "tier_red": "1", "oem_grupo": null, "es_planta_ensamble": null, "entidad": "COAHUILA DE ZARAGOZA", "municipio": "Ramos Arizpe", "cvegeo_mun": "05027", "nivel_inst": "INDETERMINADO", "n_clientes": 0, "n_proveedores": 5, "grado_salida_ponderado": 0.0, "grado_entrada_ponderado": 1.3423999407285434, "centralidad_intermediacion": 0.0, "pagerank_proveeduria": 0.0007509103741085098}}, {"type": "Feature", "geometry": {"type": "Point", "coordinates": [-103.527131, 25.643499]}, "properties": {"id_unidad": 1978, "nombre": "ZF", "codigo_scian": "336360", "tier_red": "1", "oem_grupo": null, "es_planta_ensamble": null, "entidad": "DURANGO", "municipio": "Gómez Palacio", "cvegeo_mun": "10007", "nivel_inst": "NUCLEO_CONFIRMADO", "n_clientes": 0, "n_proveedores": 5, "grado_salida_ponderado": 0.0, "grado_entrada_ponderado": 4.967746558580977, "centralidad_intermediacion": 0.0, "pagerank_proveeduria": 0.0007509103741085098}}, {"type": "Feature", "geometry": {"type": "Point", "coordinates": [-103.232021, 20.47799]}, "properties": {"id_unidad": 1979, "nombre": "ZF", "codigo_scian": "336330", "tier_red": "1", "oem_grupo": null, "es_planta_ensamble": null, "entidad": "JALISCO", "municipio": "Tlajomulco de Zúñiga", "cvegeo_mun": "14097", "nivel_inst": "NUCLEO_CONFIRMADO", "n_clientes": 1, "n_proveedores": 0, "grado_salida_ponderado": 0.0851875658714128, "grado_entrada_ponderado": 0.0, "centralidad_intermediacion": 0.0, "pagerank_proveeduria": 0.0008137109461504431}}, {"type": "Feature", "geometry": {"type": "Point", "coordinates": [-99.576043, 19.38447]}, "properties": {"id_unidad": 1981, "nombre": "ZF", "codigo_scian": "336330", "tier_red": "1", "oem_grupo": null, "es_planta_ensamble": null, "entidad": "MÉXICO", "municipio": "Toluca", "cvegeo_mun": "15106", "nivel_inst": "PROBABLE", "n_clientes": 2, "n_proveedores": 0, "grado_salida_ponderado": 2.259387426141291, "grado_entrada_ponderado": 0.0, "centralidad_intermediacion": 0.0, "pagerank_proveeduria": 0.0010326589527192142}}, {"type": "Feature", "geometry": {"type": "Point", "coordinates": [-100.283213, 20.56932]}, "properties": {"id_unidad": 1987, "nombre": "ZF", "codigo_scian": "336330", "tier_red": "1", "oem_grupo": null, "es_planta_ensamble": null, "entidad": "QUERÉTARO", "municipio": "El Marqués", "cvegeo_mun": "22011", "nivel_inst": "NUCLEO_CONFIRMADO", "n_clientes": 1, "n_proveedores": 0, "grado_salida_ponderado": 0.3714998171142811, "grado_entrada_ponderado": 0.0, "centralidad_intermediacion": 0.0, "pagerank_proveeduria": 0.0008720196927917953}}, {"type": "Feature", "geometry": {"type": "Point", "coordinates": [-101.470366, 21.001517]}, "properties": {"id_unidad": 1990, "nombre": "ZKW MEXICO", "codigo_scian": "336320", "tier_red": "1", "oem_grupo": null, "es_planta_ensamble": null, "entidad": "GUANAJUATO", "municipio": "Silao de la Victoria", "cvegeo_mun": "11037", "nivel_inst": "NUCLEO_CONFIRMADO", "n_clientes": 0, "n_proveedores": 5, "grado_salida_ponderado": 0.0, "grado_entrada_ponderado": 54.92779059455131, "centralidad_intermediacion": 0.0, "pagerank_proveeduria": 0.0007509103741085098}}]}