Año Censal,Entidad,Actividad económica,UE Unidades económicas,H001A Personal ocupado total,A111A Producción bruta total (millones de pesos),A131A Valor agregado censal bruto (millones de pesos),,,
2023,00 Total Nacional,"Subsector 334 Fabricación de equipo de computación, comunicación, medición y de otros equipos, componentes y accesorios electrónicos",898,453299,347876.096,216669.19,,,
2023,00 Total Nacional,"Subsector 512 Industria fílmica y del video, e industria del sonido",1537,40604,60476.537,31937.673,,,
2023,00 Total Nacional,Rama 5132 Edición de software,83,13307,4560.923,2826.932,,,
2023,00 Total Nacional,Subsector 516 Radio y televisión y provisión de contenido,1698,44159,56584.026,28945.292,,,
2023,00 Total Nacional,Subsector 517 Telecomunicaciones,3123,168337,550831.416,186915.466,,,
2023,00 Total Nacional,"Subsector 518 Provisión de infraestructura de servicios de cómputo, procesamiento de datos, hospedaje de páginas de internet y otros servicios relacionados",144,13372,13608.317,8092.517,,,
2023,00 Total Nacional,Subrama 51929 Portales de búsqueda en la red y otros servicios de suministro de información,53,832,1374.78,657.918,,,
2023,00 Total Nacional,Subrama 54151 Servicios de diseño de sistemas de cómputo y servicios relacionados,2820,92366,52334.004,32114.106,,,
2023,01 Aguascalientes,"Subsector 334 Fabricación de equipo de computación, comunicación, medición y de otros equipos, componentes y accesorios electrónicos",15,13850,9887.384,6918.432,,,
2023,01 Aguascalientes,"Subsector 512 Industria fílmica y del video, e industria del sonido",14,376,544.864,268.714,,,
2023,01 Aguascalientes,Subsector 516 Radio y televisión y provisión de contenido,14,203,35.421,18.528,,,
2023,01 Aguascalientes,Subsector 517 Telecomunicaciones,37,1035,752.122,215.828,,,
2023,01 Aguascalientes,"Subsector 518 Provisión de infraestructura de servicios de cómputo, procesamiento de datos, hospedaje de páginas de internet y otros servicios relacionados",2,,,,,,
2023,01 Aguascalientes,Subrama 54151 Servicios de diseño de sistemas de cómputo y servicios relacionados,66,971,272.314,204.52,,,
2023,02 Baja California,"Subsector 334 Fabricación de equipo de computación, comunicación, medición y de otros equipos, componentes y accesorios electrónicos",168,93409,56915.862,41700.742,,,
2023,02 Baja California,"Subsector 512 Industria fílmica y del video, e industria del sonido",49,1501,2721.035,1262.995,,,
2023,02 Baja California,Rama 5132 Edición de software,3,38,91.631,47.168,,,
2023,02 Baja California,Subsector 516 Radio y televisión y provisión de contenido,52,623,402.198,225.024,,,
2023,02 Baja California,Subsector 517 Telecomunicaciones,60,3032,26766.846,6887.996,,,
2023,02 Baja California,"Subsector 518 Provisión de infraestructura de servicios de cómputo, procesamiento de datos, hospedaje de páginas de internet y otros servicios relacionados",4,577,540.474,477.584,,,
2023,02 Baja California,Subrama 51929 Portales de búsqueda en la red y otros servicios de suministro de información,1,,,,,,
2023,02 Baja California,Subrama 54151 Servicios de diseño de sistemas de cómputo y servicios relacionados,112,2566,2021.524,1504.472,,,
2023,03 Baja California Sur,"Subsector 512 Industria fílmica y del video, e industria del sonido",11,242,508.994,252.597,,,
2023,03 Baja California Sur,Subsector 516 Radio y televisión y provisión de contenido,14,173,49.843,35.68,,,
2023,03 Baja California Sur,Subsector 517 Telecomunicaciones,13,100,37.91,24.708,,,
2023,03 Baja California Sur,"Subsector 518 Provisión de infraestructura de servicios de cómputo, procesamiento de datos, hospedaje de páginas de internet y otros servicios relacionados",1,,,,,,
2023,03 Baja California Sur,Subrama 54151 Servicios de diseño de sistemas de cómputo y servicios relacionados,19,126,94.894,70.14,,,
2023,04 Campeche,"Subsector 512 Industria fílmica y del video, e industria del sonido",11,228,315.2,156.795,,,
2023,04 Campeche,Subsector 516 Radio y televisión y provisión de contenido,25,351,113.981,81.747,,,
2023,04 Campeche,Subsector 517 Telecomunicaciones,36,295,146.378,92.312,,,
2023,04 Campeche,Subrama 54151 Servicios de diseño de sistemas de cómputo y servicios relacionados,12,,,,,,
2023,05 Coahuila de Zaragoza,"Subsector 334 Fabricación de equipo de computación, comunicación, medición y de otros equipos, componentes y accesorios electrónicos",28,13781,9795.671,5553.018,,,
2023,05 Coahuila de Zaragoza,"Subsector 512 Industria fílmica y del video, e industria del sonido",53,1068,1570.139,807.725,,,
2023,05 Coahuila de Zaragoza,Rama 5132 Edición de software,1,,,,,,
2023,05 Coahuila de Zaragoza,Subsector 516 Radio y televisión y provisión de contenido,72,1058,565.354,292.543,,,
2023,05 Coahuila de Zaragoza,Subsector 517 Telecomunicaciones,57,892,743.325,349.8,,,
2023,05 Coahuila de Zaragoza,"Subsector 518 Provisión de infraestructura de servicios de cómputo, procesamiento de datos, hospedaje de páginas de internet y otros servicios relacionados",5,58,36.661,25.987,,,
2023,05 Coahuila de Zaragoza,Subrama 51929 Portales de búsqueda en la red y otros servicios de suministro de información,2,,,,,,
2023,05 Coahuila de Zaragoza,Subrama 54151 Servicios de diseño de sistemas de cómputo y servicios relacionados,79,719,528.524,400.834,,,
2023,06 Colima,"Subsector 512 Industria fílmica y del video, e industria del sonido",12,249,412.928,207.812,,,
2023,06 Colima,Subsector 516 Radio y televisión y provisión de contenido,22,224,53.522,39.395,,,
2023,06 Colima,Subsector 517 Telecomunicaciones,16,66,34.048,22.303,,,
2023,06 Colima,"Subsector 518 Provisión de infraestructura de servicios de cómputo, procesamiento de datos, hospedaje de páginas de internet y otros servicios relacionados",1,,,,,,
2023,06 Colima,Subrama 51929 Portales de búsqueda en la red y otros servicios de suministro de información,1,,,,,,
2023,06 Colima,Subrama 54151 Servicios de diseño de sistemas de cómputo y servicios relacionados,29,183,61.674,41.311,,,
2023,07 Chiapas,"Subsector 512 Industria fílmica y del video, e industria del sonido",26,493,910.517,454.663,,,
2023,07 Chiapas,Rama 5132 Edición de software,1,,,,,,
2023,07 Chiapas,Subsector 516 Radio y televisión y provisión de contenido,105,789,132.398,84.438,,,
2023,07 Chiapas,Subsector 517 Telecomunicaciones,257,975,378.102,185.795,,,
2023,07 Chiapas,Subrama 51929 Portales de búsqueda en la red y otros servicios de suministro de información,3,7,1.531,0.863,,,
2023,07 Chiapas,Subrama 54151 Servicios de diseño de sistemas de cómputo y servicios relacionados,32,114,25.86,16.634,,,
2023,08 Chihuahua,"Subsector 334 Fabricación de equipo de computación, comunicación, medición y de otros equipos, componentes y accesorios electrónicos",98,110349,59096.892,46557.893,,,
2023,08 Chihuahua,"Subsector 512 Industria fílmica y del video, e industria del sonido",43,1146,2265.663,1131.427,,,
2023,08 Chihuahua,Rama 5132 Edición de software,4,125,108.151,83.344,,,
2023,08 Chihuahua,Subsector 516 Radio y televisión y provisión de contenido,84,1844,1305.529,678.032,,,
2023,08 Chihuahua,Subsector 517 Telecomunicaciones,63,1151,1905.61,1180.739,,,
2023,08 Chihuahua,"Subsector 518 Provisión de infraestructura de servicios de cómputo, procesamiento de datos, hospedaje de páginas de internet y otros servicios relacionados",7,625,1453.505,1089.067,,,
2023,08 Chihuahua,Subrama 54151 Servicios de diseño de sistemas de cómputo y servicios relacionados,73,1429,1348.302,572.465,,,
2023,09 Ciudad de México,"Subsector 334 Fabricación de equipo de computación, comunicación, medición y de otros equipos, componentes y accesorios electrónicos",63,3261,3621.985,1163.298,,,
2023,09 Ciudad de México,"Subsector 512 Industria fílmica y del video, e industria del sonido",312,10536,14005.472,7178.199,,,
2023,09 Ciudad de México,Rama 5132 Edición de software,36,8626,3126.849,1943.273,,,
2023,09 Ciudad de México,Subsector 516 Radio y televisión y provisión de contenido,106,20088,45411.931,23050.339,,,
2023,09 Ciudad de México,Subsector 517 Telecomunicaciones,178,120662,473101.095,154745.076,,,
2023,09 Ciudad de México,"Subsector 518 Provisión de infraestructura de servicios de cómputo, procesamiento de datos, hospedaje de páginas de internet y otros servicios relacionados",38,5136,4920.826,3101.006,,,
2023,09 Ciudad de México,Subrama 51929 Portales de búsqueda en la red y otros servicios de suministro de información,10,389,1022.577,443.82,,,
2023,09 Ciudad de México,Subrama 54151 Servicios de diseño de sistemas de cómputo y servicios relacionados,608,35954,24158.266,14880.117,,,
2023,10 Durango,"Subsector 334 Fabricación de equipo de computación, comunicación, medición y de otros equipos, componentes y accesorios electrónicos",5,193,94.709,37.151,,,
2023,10 Durango,"Subsector 512 Industria fílmica y del video, e industria del sonido",18,327,449.498,262.073,,,
2023,10 Durango,Subsector 516 Radio y televisión y provisión de contenido,19,318,96.004,64.246,,,
2023,10 Durango,Subsector 517 Telecomunicaciones,35,483,326.458,169.565,,,
2023,10 Durango,Subrama 54151 Servicios de diseño de sistemas de cómputo y servicios relacionados,21,,,,,,
2023,11 Guanajuato,"Subsector 334 Fabricación de equipo de computación, comunicación, medición y de otros equipos, componentes y accesorios electrónicos",14,1471,3425.194,858.739,,,
2023,11 Guanajuato,"Subsector 512 Industria fílmica y del video, e industria del sonido",43,1074,1878.004,1139.481,,,
2023,11 Guanajuato,Rama 5132 Edición de software,2,,,,,,
2023,11 Guanajuato,Subsector 516 Radio y televisión y provisión de contenido,47,803,459.701,209.225,,,
2023,11 Guanajuato,Subsector 517 Telecomunicaciones,155,1307,669.109,329.884,,,
2023,11 Guanajuato,"Subsector 518 Provisión de infraestructura de servicios de cómputo, procesamiento de datos, hospedaje de páginas de internet y otros servicios relacionados",5,24,8.628,5.58,,,
2023,11 Guanajuato,Subrama 51929 Portales de búsqueda en la red y otros servicios de suministro de información,2,,,,,,
2023,11 Guanajuato,Subrama 54151 Servicios de diseño de sistemas de cómputo y servicios relacionados,107,1343,827.25,607.065,,,
2023,12 Guerrero,"Subsector 334 Fabricación de equipo de computación, comunicación, medición y de otros equipos, componentes y accesorios electrónicos",1,,,,,,
2023,12 Guerrero,"Subsector 512 Industria fílmica y del video, e industria del sonido",23,486,885.573,521.971,,,
2023,12 Guerrero,Rama 5132 Edición de software,1,,,,,,
2023,12 Guerrero,Subsector 516 Radio y televisión y provisión de contenido,39,380,95.37,27.265,,,
2023,12 Guerrero,Subsector 517 Telecomunicaciones,89,454,155.389,63.691,,,
2023,12 Guerrero,"Subsector 518 Provisión de infraestructura de servicios de cómputo, procesamiento de datos, hospedaje de páginas de internet y otros servicios relacionados",2,,,,,,
2023,12 Guerrero,Subrama 51929 Portales de búsqueda en la red y otros servicios de suministro de información,1,,,,,,
2023,12 Guerrero,Subrama 54151 Servicios de diseño de sistemas de cómputo y servicios relacionados,4,,,,,,
2023,13 Hidalgo,"Subsector 334 Fabricación de equipo de computación, comunicación, medición y de otros equipos, componentes y accesorios electrónicos",1,,,,,,
2023,13 Hidalgo,"Subsector 512 Industria fílmica y del video, e industria del sonido",35,550,824.239,452.481,,,
2023,13 Hidalgo,Rama 5132 Edición de software,1,,,,,,
2023,13 Hidalgo,Subsector 516 Radio y televisión y provisión de contenido,54,426,58.949,39.903,,,
2023,13 Hidalgo,Subsector 517 Telecomunicaciones,162,1030,373.761,202.815,,,
2023,13 Hidalgo,"Subsector 518 Provisión de infraestructura de servicios de cómputo, procesamiento de datos, hospedaje de páginas de internet y otros servicios relacionados",3,40,1.234,0.753,,,
2023,13 Hidalgo,Subrama 51929 Portales de búsqueda en la red y otros servicios de suministro de información,3,,,,,,
2023,13 Hidalgo,Subrama 54151 Servicios de diseño de sistemas de cómputo y servicios relacionados,38,,,,,,
2023,14 Jalisco,"Subsector 334 Fabricación de equipo de computación, comunicación, medición y de otros equipos, componentes y accesorios electrónicos",93,74695,88777.053,48936.097,,,
2023,14 Jalisco,"Subsector 512 Industria fílmica y del video, e industria del sonido",100,2397,3963.668,2213.739,,,
2023,14 Jalisco,Rama 5132 Edición de software,5,172,168.757,141.602,,,
2023,14 Jalisco,Subsector 516 Radio y televisión y provisión de contenido,81,2105,1559.649,525.071,,,
2023,14 Jalisco,Subsector 517 Telecomunicaciones,177,16297,27339.429,12680.01,,,
2023,14 Jalisco,"Subsector 518 Provisión de infraestructura de servicios de cómputo, procesamiento de datos, hospedaje de páginas de internet y otros servicios relacionados",8,1251,1709.88,918.609,,,
2023,14 Jalisco,Subrama 51929 Portales de búsqueda en la red y otros servicios de suministro de información,1,,,,,,
2023,14 Jalisco,Subrama 54151 Servicios de diseño de sistemas de cómputo y servicios relacionados,250,15763,5427.474,3125.972,,,
2023,15 México,"Subsector 334 Fabricación de equipo de computación, comunicación, medición y de otros equipos, componentes y accesorios electrónicos",66,3284,3642.591,1288.224,,,
2023,15 México,"Subsector 512 Industria fílmica y del video, e industria del sonido",145,4379,7052.745,3771.585,,,
2023,15 México,Rama 5132 Edición de software,2,,,,,,
2023,15 México,Subsector 516 Radio y televisión y provisión de contenido,44,715,128.999,61.669,,,
2023,15 México,Subsector 517 Telecomunicaciones,300,1598,1402.611,838.651,,,
2023,15 México,"Subsector 518 Provisión de infraestructura de servicios de cómputo, procesamiento de datos, hospedaje de páginas de internet y otros servicios relacionados",10,172,571.571,279.66,,,
2023,15 México,Subrama 51929 Portales de búsqueda en la red y otros servicios de suministro de información,1,,,,,,
2023,15 México,Subrama 54151 Servicios de diseño de sistemas de cómputo y servicios relacionados,173,2286,1916.872,1164.854,,,
2023,16 Michoacán de Ocampo,"Subsector 334 Fabricación de equipo de computación, comunicación, medición y de otros equipos, componentes y accesorios electrónicos",4,,,,,,
2023,16 Michoacán de Ocampo,"Subsector 512 Industria fílmica y del video, e industria del sonido",43,2825,1559.425,856.757,,,
2023,16 Michoacán de Ocampo,Rama 5132 Edición de software,1,,,,,,
2023,16 Michoacán de Ocampo,Subsector 516 Radio y televisión y provisión de contenido,95,914,407.069,296.701,,,
2023,16 Michoacán de Ocampo,Subsector 517 Telecomunicaciones,176,1640,1000.771,464.415,,,
2023,16 Michoacán de Ocampo,"Subsector 518 Provisión de infraestructura de servicios de cómputo, procesamiento de datos, hospedaje de páginas de internet y otros servicios relacionados",3,,,,,,
2023,16 Michoacán de Ocampo,Subrama 54151 Servicios de diseño de sistemas de cómputo y servicios relacionados,46,1365,881.055,473.511,,,
2023,17 Morelos,"Subsector 334 Fabricación de equipo de computación, comunicación, medición y de otros equipos, componentes y accesorios electrónicos",4,,,,,,
2023,17 Morelos,"Subsector 512 Industria fílmica y del video, e industria del sonido",23,531,760.007,425.045,,,
2023,17 Morelos,Subsector 516 Radio y televisión y provisión de contenido,28,676,162.019,97.035,,,
2023,17 Morelos,Subsector 517 Telecomunicaciones,44,630,293.892,164.469,,,
2023,17 Morelos,"Subsector 518 Provisión de infraestructura de servicios de cómputo, procesamiento de datos, hospedaje de páginas de internet y otros servicios relacionados",2,,,,,,
2023,17 Morelos,Subrama 51929 Portales de búsqueda en la red y otros servicios de suministro de información,1,,,,,,
2023,17 Morelos,Subrama 54151 Servicios de diseño de sistemas de cómputo y servicios relacionados,30,455,170.538,106.08,,,
2023,18 Nayarit,"Subsector 334 Fabricación de equipo de computación, comunicación, medición y de otros equipos, componentes y accesorios electrónicos",1,,,,,,
2023,18 Nayarit,"Subsector 512 Industria fílmica y del video, e industria del sonido",18,234,276.738,147.845,,,
2023,18 Nayarit,Subsector 516 Radio y televisión y provisión de contenido,18,343,195.871,125.22,,,
2023,18 Nayarit,Subsector 517 Telecomunicaciones,36,126,75.505,39.669,,,
2023,18 Nayarit,"Subsector 518 Provisión de infraestructura de servicios de cómputo, procesamiento de datos, hospedaje de páginas de internet y otros servicios relacionados",1,,,,,,
2023,18 Nayarit,Subrama 51929 Portales de búsqueda en la red y otros servicios de suministro de información,1,,,,,,
2023,18 Nayarit,Subrama 54151 Servicios de diseño de sistemas de cómputo y servicios relacionados,15,390,229.791,137.469,,,
2023,19 Nuevo León,"Subsector 334 Fabricación de equipo de computación, comunicación, medición y de otros equipos, componentes y accesorios electrónicos",74,28922,32079.754,14673.791,,,
2023,19 Nuevo León,"Subsector 512 Industria fílmica y del video, e industria del sonido",108,2317,3702.377,2041.245,,,
2023,19 Nuevo León,Rama 5132 Edición de software,8,4050,784.188,465.137,,,
2023,19 Nuevo León,Subsector 516 Radio y televisión y provisión de contenido,37,1329,892.919,431.712,,,
2023,19 Nuevo León,Subsector 517 Telecomunicaciones,103,5615,8754.875,5015.3,,,
2023,19 Nuevo León,"Subsector 518 Provisión de infraestructura de servicios de cómputo, procesamiento de datos, hospedaje de páginas de internet y otros servicios relacionados",18,3007,1549.376,843.089,,,
2023,19 Nuevo León,Subrama 51929 Portales de búsqueda en la red y otros servicios de suministro de información,5,225,308.331,186.42,,,
2023,19 Nuevo León,Subrama 54151 Servicios de diseño de sistemas de cómputo y servicios relacionados,315,13653,8016.958,4533.082,,,
2023,20 Oaxaca,"Subsector 334 Fabricación de equipo de computación, comunicación, medición y de otros equipos, componentes y accesorios electrónicos",2,,,,,,
2023,20 Oaxaca,"Subsector 512 Industria fílmica y del video, e industria del sonido",31,409,530.153,298.867,,,
2023,20 Oaxaca,Subsector 516 Radio y televisión y provisión de contenido,130,898,241.716,175.653,,,
2023,20 Oaxaca,Subsector 517 Telecomunicaciones,139,448,140.428,55.477,,,
2023,20 Oaxaca,"Subsector 518 Provisión de infraestructura de servicios de cómputo, procesamiento de datos, hospedaje de páginas de internet y otros servicios relacionados",3,,,,,,
2023,20 Oaxaca,Subrama 51929 Portales de búsqueda en la red y otros servicios de suministro de información,3,,,,,,
2023,20 Oaxaca,Subrama 54151 Servicios de diseño de sistemas de cómputo y servicios relacionados,36,168,54.08,35.933,,,
2023,21 Puebla,"Subsector 334 Fabricación de equipo de computación, comunicación, medición y de otros equipos, componentes y accesorios electrónicos",18,253,127.878,59.934,,,
2023,21 Puebla,"Subsector 512 Industria fílmica y del video, e industria del sonido",77,1211,1855.694,1040.602,,,
2023,21 Puebla,Rama 5132 Edición de software,3,,,,,,
2023,21 Puebla,Subsector 516 Radio y televisión y provisión de contenido,107,1012,441.958,263.491,,,
2023,21 Puebla,Subsector 517 Telecomunicaciones,170,931,371.663,143.123,,,
2023,21 Puebla,"Subsector 518 Provisión de infraestructura de servicios de cómputo, procesamiento de datos, hospedaje de páginas de internet y otros servicios relacionados",4,57,23.133,6.397,,,
2023,21 Puebla,Subrama 51929 Portales de búsqueda en la red y otros servicios de suministro de información,1,,,,,,
2023,21 Puebla,Subrama 54151 Servicios de diseño de sistemas de cómputo y servicios relacionados,125,2461,1884.968,1375.046,,,
2023,22 Querétaro,"Subsector 334 Fabricación de equipo de computación, comunicación, medición y de otros equipos, componentes y accesorios electrónicos",61,12527,21256.308,7258.187,,,
2023,22 Querétaro,"Subsector 512 Industria fílmica y del video, e industria del sonido",27,804,1412.468,847.821,,,
2023,22 Querétaro,Rama 5132 Edición de software,6,59,51.599,27.181,,,
2023,22 Querétaro,Subsector 516 Radio y televisión y provisión de contenido,23,354,344.349,257.833,,,
2023,22 Querétaro,Subsector 517 Telecomunicaciones,46,1215,940.073,488.971,,,
2023,22 Querétaro,"Subsector 518 Provisión de infraestructura de servicios de cómputo, procesamiento de datos, hospedaje de páginas de internet y otros servicios relacionados",7,529,743.999,399.47,,,
2023,22 Querétaro,Subrama 51929 Portales de búsqueda en la red y otros servicios de suministro de información,1,,,,,,
2023,22 Querétaro,Subrama 54151 Servicios de diseño de sistemas de cómputo y servicios relacionados,127,5989,1604.111,949.767,,,
2023,23 Quintana Roo,"Subsector 512 Industria fílmica y del video, e industria del sonido",30,1201,1975.261,1097.846,,,
2023,23 Quintana Roo,Subsector 516 Radio y televisión y provisión de contenido,40,728,163.647,92.971,,,
2023,23 Quintana Roo,Subsector 517 Telecomunicaciones,34,378,297.502,137.606,,,
2023,23 Quintana Roo,"Subsector 518 Provisión de infraestructura de servicios de cómputo, procesamiento de datos, hospedaje de páginas de internet y otros servicios relacionados",2,,,,,,
2023,23 Quintana Roo,Subrama 54151 Servicios de diseño de sistemas de cómputo y servicios relacionados,26,261,80.272,59.866,,,
2023,24 San Luis Potosí,"Subsector 334 Fabricación de equipo de computación, comunicación, medición y de otros equipos, componentes y accesorios electrónicos",13,2800,3477.349,1659.056,,,
2023,24 San Luis Potosí,"Subsector 512 Industria fílmica y del video, e industria del sonido",26,572,1012.739,571.027,,,
2023,24 San Luis Potosí,Subsector 516 Radio y televisión y provisión de contenido,46,835,329.792,152.156,,,
2023,24 San Luis Potosí,Subsector 517 Telecomunicaciones,91,589,528.725,307.012,,,
2023,24 San Luis Potosí,"Subsector 518 Provisión de infraestructura de servicios de cómputo, procesamiento de datos, hospedaje de páginas de internet y otros servicios relacionados",3,,,,,,
2023,24 San Luis Potosí,Subrama 51929 Portales de búsqueda en la red y otros servicios de suministro de información,2,,,,,,
2023,24 San Luis Potosí,Subrama 54151 Servicios de diseño de sistemas de cómputo y servicios relacionados,44,349,237.26,134.734,,,
2023,25 Sinaloa,"Subsector 334 Fabricación de equipo de computación, comunicación, medición y de otros equipos, componentes y accesorios electrónicos",5,363,125.605,59.286,,,
2023,25 Sinaloa,"Subsector 512 Industria fílmica y del video, e industria del sonido",49,898,1275.968,658.709,,,
2023,25 Sinaloa,Rama 5132 Edición de software,1,,,,,,
2023,25 Sinaloa,Subsector 516 Radio y televisión y provisión de contenido,54,1561,361.349,177.332,,,
2023,25 Sinaloa,Subsector 517 Telecomunicaciones,48,396,154.737,95.579,,,
2023,25 Sinaloa,"Subsector 518 Provisión de infraestructura de servicios de cómputo, procesamiento de datos, hospedaje de páginas de internet y otros servicios relacionados",2,,,,,,
2023,25 Sinaloa,Subrama 51929 Portales de búsqueda en la red y otros servicios de suministro de información,1,,,,,,
2023,25 Sinaloa,Subrama 54151 Servicios de diseño de sistemas de cómputo y servicios relacionados,77,945,397.093,273.04,,,
2023,26 Sonora,"Subsector 334 Fabricación de equipo de computación, comunicación, medición y de otros equipos, componentes y accesorios electrónicos",78,33607,20965.218,15241.676,,,
2023,26 Sonora,"Subsector 512 Industria fílmica y del video, e industria del sonido",33,735,1222.55,622.542,,,
2023,26 Sonora,Rama 5132 Edición de software,4,83,76.612,43.49,,,
2023,26 Sonora,Subsector 516 Radio y televisión y provisión de contenido,72,1111,406.041,278.713,,,
2023,26 Sonora,Subsector 517 Telecomunicaciones,44,542,469.845,161.055,,,
2023,26 Sonora,"Subsector 518 Provisión de infraestructura de servicios de cómputo, procesamiento de datos, hospedaje de páginas de internet y otros servicios relacionados",5,482,110.545,103.261,,,
2023,26 Sonora,Subrama 51929 Portales de búsqueda en la red y otros servicios de suministro de información,2,,,,,,
2023,26 Sonora,Subrama 54151 Servicios de diseño de sistemas de cómputo y servicios relacionados,88,1511,836.271,578.842,,,
2023,27 Tabasco,"Subsector 334 Fabricación de equipo de computación, comunicación, medición y de otros equipos, componentes y accesorios electrónicos",2,,,,,,
2023,27 Tabasco,"Subsector 512 Industria fílmica y del video, e industria del sonido",23,536,934.372,465.455,,,
2023,27 Tabasco,Subsector 516 Radio y televisión y provisión de contenido,30,418,106.888,67.448,,,
2023,27 Tabasco,Subsector 517 Telecomunicaciones,87,554,201.625,106.276,,,
2023,27 Tabasco,Subrama 54151 Servicios de diseño de sistemas de cómputo y servicios relacionados,19,116,26.34,20.778,,,
2023,28 Tamaulipas,"Subsector 334 Fabricación de equipo de computación, comunicación, medición y de otros equipos, componentes y accesorios electrónicos",65,57347,30778.279,23196.936,,,
2023,28 Tamaulipas,"Subsector 512 Industria fílmica y del video, e industria del sonido",30,935,1793.565,861.771,,,
2023,28 Tamaulipas,Subsector 516 Radio y televisión y provisión de contenido,65,1779,1071.002,537.525,,,
2023,28 Tamaulipas,Subsector 517 Telecomunicaciones,62,2760,1483.483,987.506,,,
2023,28 Tamaulipas,"Subsector 518 Provisión de infraestructura de servicios de cómputo, procesamiento de datos, hospedaje de páginas de internet y otros servicios relacionados",1,,,,,,
2023,28 Tamaulipas,Subrama 51929 Portales de búsqueda en la red y otros servicios de suministro de información,2,,,,,,
2023,28 Tamaulipas,Subrama 54151 Servicios de diseño de sistemas de cómputo y servicios relacionados,41,579,259.573,201.506,,,
2023,29 Tlaxcala,"Subsector 334 Fabricación de equipo de computación, comunicación, medición y de otros equipos, componentes y accesorios electrónicos",5,879,1131.238,535.609,,,
2023,29 Tlaxcala,"Subsector 512 Industria fílmica y del video, e industria del sonido",12,169,250.808,125.367,,,
2023,29 Tlaxcala,Subsector 516 Radio y televisión y provisión de contenido,16,130,23.67,14.927,,,
2023,29 Tlaxcala,Subsector 517 Telecomunicaciones,42,271,45.941,30.375,,,
2023,29 Tlaxcala,"Subsector 518 Provisión de infraestructura de servicios de cómputo, procesamiento de datos, hospedaje de páginas de internet y otros servicios relacionados",3,,,,,,
2023,29 Tlaxcala,Subrama 51929 Portales de búsqueda en la red y otros servicios de suministro de información,4,13,1.016,0.584,,,
2023,29 Tlaxcala,Subrama 54151 Servicios de diseño de sistemas de cómputo y servicios relacionados,21,327,90.328,52.185,,,
2023,30 Veracruz de Ignacio de la Llave,"Subsector 334 Fabricación de equipo de computación, comunicación, medición y de otros equipos, componentes y accesorios electrónicos",4,26,9.601,3.045,,,
2023,30 Veracruz de Ignacio de la Llave,"Subsector 512 Industria fílmica y del video, e industria del sonido",61,1313,2286.818,1140.647,,,
2023,30 Veracruz de Ignacio de la Llave,Rama 5132 Edición de software,2,,,,,,
2023,30 Veracruz de Ignacio de la Llave,Subsector 516 Radio y televisión y provisión de contenido,108,1297,598.654,309.4,,,
2023,30 Veracruz de Ignacio de la Llave,Subsector 517 Telecomunicaciones,191,1197,575.032,281.469,,,
2023,30 Veracruz de Ignacio de la Llave,"Subsector 518 Provisión de infraestructura de servicios de cómputo, procesamiento de datos, hospedaje de páginas de internet y otros servicios relacionados",2,,,,,,
2023,30 Veracruz de Ignacio de la Llave,Subrama 51929 Portales de búsqueda en la red y otros servicios de suministro de información,3,,,,,,
2023,30 Veracruz de Ignacio de la Llave,Subrama 54151 Servicios de diseño de sistemas de cómputo y servicios relacionados,86,660,244.866,154.722,,,
2023,31 Yucatán,"Subsector 334 Fabricación de equipo de computación, comunicación, medición y de otros equipos, componentes y accesorios electrónicos",5,844,1338.976,266.803,,,
2023,31 Yucatán,"Subsector 512 Industria fílmica y del video, e industria del sonido",30,637,1058.102,523.986,,,
2023,31 Yucatán,Rama 5132 Edición de software,2,,,,,,
2023,31 Yucatán,Subsector 516 Radio y televisión y provisión de contenido,27,443,291.271,177.65,,,
2023,31 Yucatán,Subsector 517 Telecomunicaciones,123,854,483.226,245.022,,,
2023,31 Yucatán,"Subsector 518 Provisión de infraestructura de servicios de cómputo, procesamiento de datos, hospedaje de páginas de internet y otros servicios relacionados",2,,,,,,
2023,31 Yucatán,Subrama 54151 Servicios de diseño de sistemas de cómputo y servicios relacionados,91,1080,438.219,304.493,,,
2023,32 Zacatecas,"Subsector 334 Fabricación de equipo de computación, comunicación, medición y de otros equipos, componentes y accesorios electrónicos",5,978,535.954,249.266,,,
2023,32 Zacatecas,"Subsector 512 Industria fílmica y del video, e industria del sonido",21,225,260.953,129.884,,,
2023,32 Zacatecas,Subsector 516 Radio y televisión y provisión de contenido,24,231,76.962,56.42,,,
2023,32 Zacatecas,Subsector 517 Telecomunicaciones,52,814,881.9,202.969,,,
2023,32 Zacatecas,Subrama 51929 Portales de búsqueda en la red y otros servicios de suministro de información,2,,,,,,
2023,32 Zacatecas,Subrama 54151 Servicios de diseño de sistemas de cómputo y servicios relacionados,10,,,,,,
2018,00 Total Nacional,"Subsector 334 Fabricación de equipo de computación, comunicación, medición y de otros equipos, componentes y accesorios electrónicos",875,377625,200591.514,100265.132,,,
2018,00 Total Nacional,"Subsector 512 Industria fílmica y del video, e industria del sonido",1582,52392,59825.247,29839.21,,,
2018,00 Total Nacional,Rama 5132 Edición de software,120,7793,4526.725,2377.839,,,
2018,00 Total Nacional,Subsector 516 Radio y televisión y provisión de contenido,1504,46446,55425.459,27873.135,,,
2018,00 Total Nacional,Subsector 517 Telecomunicaciones,3637,193461,467128.642,116300.534,,,
2018,00 Total Nacional,"Subsector 518 Provisión de infraestructura de servicios de cómputo, procesamiento de datos, hospedaje de páginas de internet y otros servicios relacionados",261,22026,13131.862,8130.406,,,
2018,00 Total Nacional,Subrama 51929 Portales de búsqueda en la red y otros servicios de suministro de información,95,1328,1829.801,900.048,,,
2018,00 Total Nacional,Subrama 54151 Servicios de diseño de sistemas de cómputo y servicios relacionados,3345,105280,43906.404,24750.354,,,
2018,01 Aguascalientes,"Subsector 334 Fabricación de equipo de computación, comunicación, medición y de otros equipos, componentes y accesorios electrónicos",17,11144,7268.835,3258.623,,,
2018,01 Aguascalientes,"Subsector 512 Industria fílmica y del video, e industria del sonido",15,423,539.531,257.969,,,
2018,01 Aguascalientes,Rama 5132 Edición de software,2,,,,,,
2018,01 Aguascalientes,Subsector 516 Radio y televisión y provisión de contenido,10,,,,,,
2018,01 Aguascalientes,Subsector 517 Telecomunicaciones,31,292,113.245,45.5,,,
2018,01 Aguascalientes,"Subsector 518 Provisión de infraestructura de servicios de cómputo, procesamiento de datos, hospedaje de páginas de internet y otros servicios relacionados",5,,,,,,
2018,01 Aguascalientes,Subrama 51929 Portales de búsqueda en la red y otros servicios de suministro de información,1,,,,,,
2018,01 Aguascalientes,Subrama 54151 Servicios de diseño de sistemas de cómputo y servicios relacionados,74,1557,570.029,349.121,,,
2018,02 Baja California,"Subsector 334 Fabricación de equipo de computación, comunicación, medición y de otros equipos, componentes y accesorios electrónicos",164,77307,27671.006,18258.707,,,
2018,02 Baja California,"Subsector 512 Industria fílmica y del video, e industria del sonido",48,1755,2278.357,996.058,,,
2018,02 Baja California,Rama 5132 Edición de software,2,,,,,,
2018,02 Baja California,Subsector 516 Radio y televisión y provisión de contenido,64,805,399.647,180.13,,,
2018,02 Baja California,Subsector 517 Telecomunicaciones,53,2068,2978.331,2048.818,,,
2018,02 Baja California,"Subsector 518 Provisión de infraestructura de servicios de cómputo, procesamiento de datos, hospedaje de páginas de internet y otros servicios relacionados",10,245,188.877,124.876,,,
2018,02 Baja California,Subrama 51929 Portales de búsqueda en la red y otros servicios de suministro de información,3,84,24.674,17.646,,,
2018,02 Baja California,Subrama 54151 Servicios de diseño de sistemas de cómputo y servicios relacionados,102,1957,715.343,481.843,,,
2018,03 Baja California Sur,"Subsector 512 Industria fílmica y del video, e industria del sonido",14,444,550.113,285.903,,,
2018,03 Baja California Sur,Rama 5132 Edición de software,1,,,,,,
2018,03 Baja California Sur,Subsector 516 Radio y televisión y provisión de contenido,10,271,31.931,17.506,,,
2018,03 Baja California Sur,Subsector 517 Telecomunicaciones,17,104,31.315,22.469,,,
2018,03 Baja California Sur,"Subsector 518 Provisión de infraestructura de servicios de cómputo, procesamiento de datos, hospedaje de páginas de internet y otros servicios relacionados",2,,,,,,
2018,03 Baja California Sur,Subrama 51929 Portales de búsqueda en la red y otros servicios de suministro de información,3,,,,,,
2018,03 Baja California Sur,Subrama 54151 Servicios de diseño de sistemas de cómputo y servicios relacionados,15,107,24.496,11.713,,,
2018,04 Campeche,"Subsector 512 Industria fílmica y del video, e industria del sonido",10,199,247.089,126.735,,,
2018,04 Campeche,Subsector 516 Radio y televisión y provisión de contenido,24,432,195.705,125.256,,,
2018,04 Campeche,Subsector 517 Telecomunicaciones,48,383,73.951,23.577,,,
2018,04 Campeche,"Subsector 518 Provisión de infraestructura de servicios de cómputo, procesamiento de datos, hospedaje de páginas de internet y otros servicios relacionados",5,,,,,,
2018,04 Campeche,Subrama 54151 Servicios de diseño de sistemas de cómputo y servicios relacionados,15,85,68.709,19.904,,,
2018,05 Coahuila de Zaragoza,"Subsector 334 Fabricación de equipo de computación, comunicación, medición y de otros equipos, componentes y accesorios electrónicos",25,9136,4172.395,1747.46,,,
2018,05 Coahuila de Zaragoza,"Subsector 512 Industria fílmica y del video, e industria del sonido",45,982,1188.737,614.572,,,
2018,05 Coahuila de Zaragoza,Rama 5132 Edición de software,1,,,,,,
2018,05 Coahuila de Zaragoza,Subsector 516 Radio y televisión y provisión de contenido,62,924,351.504,183.339,,,
2018,05 Coahuila de Zaragoza,Subsector 517 Telecomunicaciones,85,901,410.421,122.398,,,
2018,05 Coahuila de Zaragoza,"Subsector 518 Provisión de infraestructura de servicios de cómputo, procesamiento de datos, hospedaje de páginas de internet y otros servicios relacionados",3,25,16.65,4.21,,,
2018,05 Coahuila de Zaragoza,Subrama 51929 Portales de búsqueda en la red y otros servicios de suministro de información,2,,,,,,
2018,05 Coahuila de Zaragoza,Subrama 54151 Servicios de diseño de sistemas de cómputo y servicios relacionados,77,1391,556.338,381.768,,,
2018,06 Colima,"Subsector 512 Industria fílmica y del video, e industria del sonido",11,,,,,,
2018,06 Colima,Subsector 516 Radio y televisión y provisión de contenido,22,217,73.435,49.84,,,
2018,06 Colima,Subsector 517 Telecomunicaciones,30,216,100.657,38.859,,,
2018,06 Colima,"Subsector 518 Provisión de infraestructura de servicios de cómputo, procesamiento de datos, hospedaje de páginas de internet y otros servicios relacionados",2,,,,,,
2018,06 Colima,Subrama 51929 Portales de búsqueda en la red y otros servicios de suministro de información,1,,,,,,
2018,06 Colima,Subrama 54151 Servicios de diseño de sistemas de cómputo y servicios relacionados,37,391,95.7,73.499,,,
2018,07 Chiapas,"Subsector 334 Fabricación de equipo de computación, comunicación, medición y de otros equipos, componentes y accesorios electrónicos",3,,,,,,
2018,07 Chiapas,"Subsector 512 Industria fílmica y del video, e industria del sonido",36,654,907.478,455.918,,,
2018,07 Chiapas,Rama 5132 Edición de software,1,,,,,,
2018,07 Chiapas,Subsector 516 Radio y televisión y provisión de contenido,99,905,184.978,113.464,,,
2018,07 Chiapas,Subsector 517 Telecomunicaciones,209,904,228.849,116.537,,,
2018,07 Chiapas,"Subsector 518 Provisión de infraestructura de servicios de cómputo, procesamiento de datos, hospedaje de páginas de internet y otros servicios relacionados",3,,,,,,
2018,07 Chiapas,Subrama 51929 Portales de búsqueda en la red y otros servicios de suministro de información,2,,,,,,
2018,07 Chiapas,Subrama 54151 Servicios de diseño de sistemas de cómputo y servicios relacionados,28,144,29.927,15.463,,,
2018,08 Chihuahua,"Subsector 334 Fabricación de equipo de computación, comunicación, medición y de otros equipos, componentes y accesorios electrónicos",87,75387,27798.714,17653.252,,,
2018,08 Chihuahua,"Subsector 512 Industria fílmica y del video, e industria del sonido",39,1385,1856.843,949.046,,,
2018,08 Chihuahua,Rama 5132 Edición de software,6,51,64.496,55.711,,,
2018,08 Chihuahua,Subsector 516 Radio y televisión y provisión de contenido,64,1306,538.699,199.204,,,
2018,08 Chihuahua,Subsector 517 Telecomunicaciones,74,645,1071.709,352.795,,,
2018,08 Chihuahua,"Subsector 518 Provisión de infraestructura de servicios de cómputo, procesamiento de datos, hospedaje de páginas de internet y otros servicios relacionados",11,4612,1533.067,1008.625,,,
2018,08 Chihuahua,Subrama 51929 Portales de búsqueda en la red y otros servicios de suministro de información,1,,,,,,
2018,08 Chihuahua,Subrama 54151 Servicios de diseño de sistemas de cómputo y servicios relacionados,106,1344,758.136,448.304,,,
2018,09 Ciudad de México,"Subsector 334 Fabricación de equipo de computación, comunicación, medición y de otros equipos, componentes y accesorios electrónicos",86,5158,4856.095,1846.732,,,
2018,09 Ciudad de México,"Subsector 512 Industria fílmica y del video, e industria del sonido",346,13649,13206.922,6344.468,,,
2018,09 Ciudad de México,Rama 5132 Edición de software,43,5444,2625.416,1166.685,,,
2018,09 Ciudad de México,Subsector 516 Radio y televisión y provisión de contenido,115,24660,46485.354,23544.743,,,
2018,09 Ciudad de México,Subsector 517 Telecomunicaciones,286,136476,409814.911,92129.858,,,
2018,09 Ciudad de México,"Subsector 518 Provisión de infraestructura de servicios de cómputo, procesamiento de datos, hospedaje de páginas de internet y otros servicios relacionados",69,6436,6152.079,3452.745,,,
2018,09 Ciudad de México,Subrama 51929 Portales de búsqueda en la red y otros servicios de suministro de información,19,542,1555.681,751.002,,,
2018,09 Ciudad de México,Subrama 54151 Servicios de diseño de sistemas de cómputo y servicios relacionados,987,50379,22462.443,12408.175,,,
2018,10 Durango,"Subsector 334 Fabricación de equipo de computación, comunicación, medición y de otros equipos, componentes y accesorios electrónicos",3,,,,,,
2018,10 Durango,"Subsector 512 Industria fílmica y del video, e industria del sonido",15,,,,,,
2018,10 Durango,Rama 5132 Edición de software,1,,,,,,
2018,10 Durango,Subsector 516 Radio y televisión y provisión de contenido,21,252,85.305,48.548,,,
2018,10 Durango,Subsector 517 Telecomunicaciones,45,497,252.574,94.053,,,
2018,10 Durango,"Subsector 518 Provisión de infraestructura de servicios de cómputo, procesamiento de datos, hospedaje de páginas de internet y otros servicios relacionados",2,,,,,,
2018,10 Durango,Subrama 54151 Servicios de diseño de sistemas de cómputo y servicios relacionados,27,287,58.642,38.58,,,
2018,11 Guanajuato,"Subsector 334 Fabricación de equipo de computación, comunicación, medición y de otros equipos, componentes y accesorios electrónicos",17,1755,2550.764,55.562,,,
2018,11 Guanajuato,"Subsector 512 Industria fílmica y del video, e industria del sonido",42,1300,1746.306,900.198,,,
2018,11 Guanajuato,Rama 5132 Edición de software,3,,,,,,
2018,11 Guanajuato,Subsector 516 Radio y televisión y provisión de contenido,45,670,255.656,106.905,,,
2018,11 Guanajuato,Subsector 517 Telecomunicaciones,187,1330,330.569,187.672,,,
2018,11 Guanajuato,"Subsector 518 Provisión de infraestructura de servicios de cómputo, procesamiento de datos, hospedaje de páginas de internet y otros servicios relacionados",7,118,57.421,36.035,,,
2018,11 Guanajuato,Subrama 51929 Portales de búsqueda en la red y otros servicios de suministro de información,3,48,60.687,23.117,,,
2018,11 Guanajuato,Subrama 54151 Servicios de diseño de sistemas de cómputo y servicios relacionados,139,1896,917.125,536.108,,,
2018,12 Guerrero,"Subsector 334 Fabricación de equipo de computación, comunicación, medición y de otros equipos, componentes y accesorios electrónicos",3,5,0.846,0.446,,,
2018,12 Guerrero,"Subsector 512 Industria fílmica y del video, e industria del sonido",35,705,862.644,435.588,,,
2018,12 Guerrero,Rama 5132 Edición de software,1,,,,,,
2018,12 Guerrero,Subsector 516 Radio y televisión y provisión de contenido,34,374,66.952,39.189,,,
2018,12 Guerrero,Subsector 517 Telecomunicaciones,101,371,112.794,38.024,,,
2018,12 Guerrero,"Subsector 518 Provisión de infraestructura de servicios de cómputo, procesamiento de datos, hospedaje de páginas de internet y otros servicios relacionados",1,,,,,,
2018,12 Guerrero,Subrama 51929 Portales de búsqueda en la red y otros servicios de suministro de información,2,,,,,,
2018,12 Guerrero,Subrama 54151 Servicios de diseño de sistemas de cómputo y servicios relacionados,8,38,8.149,5.712,,,
2018,13 Hidalgo,"Subsector 334 Fabricación de equipo de computación, comunicación, medición y de otros equipos, componentes y accesorios electrónicos",4,65,20.332,7.028,,,
2018,13 Hidalgo,"Subsector 512 Industria fílmica y del video, e industria del sonido",25,497,569.848,295.734,,,
2018,13 Hidalgo,Subsector 516 Radio y televisión y provisión de contenido,33,272,81.166,63.305,,,
2018,13 Hidalgo,Subsector 517 Telecomunicaciones,140,762,226.196,93.063,,,
2018,13 Hidalgo,"Subsector 518 Provisión de infraestructura de servicios de cómputo, procesamiento de datos, hospedaje de páginas de internet y otros servicios relacionados",4,69,45.701,33.334,,,
2018,13 Hidalgo,Subrama 51929 Portales de búsqueda en la red y otros servicios de suministro de información,2,,,,,,
2018,13 Hidalgo,Subrama 54151 Servicios de diseño de sistemas de cómputo y servicios relacionados,29,255,51.602,35.476,,,
2018,14 Jalisco,"Subsector 334 Fabricación de equipo de computación, comunicación, medición y de otros equipos, componentes y accesorios electrónicos",97,65343,42321.171,18829.365,,,
2018,14 Jalisco,"Subsector 512 Industria fílmica y del video, e industria del sonido",102,3136,3820.922,1937.39,,,
2018,14 Jalisco,Rama 5132 Edición de software,11,290,228.309,184.144,,,
2018,14 Jalisco,Subsector 516 Radio y televisión y provisión de contenido,68,1433,1252.118,352.058,,,
2018,14 Jalisco,Subsector 517 Telecomunicaciones,239,21840,22350.217,10148.712,,,
2018,14 Jalisco,"Subsector 518 Provisión de infraestructura de servicios de cómputo, procesamiento de datos, hospedaje de páginas de internet y otros servicios relacionados",11,1602,297.086,149.539,,,
2018,14 Jalisco,Subrama 51929 Portales de búsqueda en la red y otros servicios de suministro de información,1,,,,,,
2018,14 Jalisco,Subrama 54151 Servicios de diseño de sistemas de cómputo y servicios relacionados,260,11189,4016.144,2235.599,,,
2018,15 México,"Subsector 334 Fabricación de equipo de computación, comunicación, medición y de otros equipos, componentes y accesorios electrónicos",58,4131,6859.09,2476.242,,,
2018,15 México,"Subsector 512 Industria fílmica y del video, e industria del sonido",157,6342,7902.759,3781.992,,,
2018,15 México,Rama 5132 Edición de software,4,43,9.979,7.444,,,
2018,15 México,Subsector 516 Radio y televisión y provisión de contenido,51,1203,351.684,178.534,,,
2018,15 México,Subsector 517 Telecomunicaciones,405,2452,2395.448,1051.753,,,
2018,15 México,"Subsector 518 Provisión de infraestructura de servicios de cómputo, procesamiento de datos, hospedaje de páginas de internet y otros servicios relacionados",10,318,399.015,122.268,,,
2018,15 México,Subrama 51929 Portales de búsqueda en la red y otros servicios de suministro de información,6,79,18.758,8.834,,,
2018,15 México,Subrama 54151 Servicios de diseño de sistemas de cómputo y servicios relacionados,151,2851,2093.718,1301.662,,,
2018,16 Michoacán de Ocampo,"Subsector 334 Fabricación de equipo de computación, comunicación, medición y de otros equipos, componentes y accesorios electrónicos",5,,,,,,
2018,16 Michoacán de Ocampo,"Subsector 512 Industria fílmica y del video, e industria del sonido",38,2281,2745.945,1727.389,,,
2018,16 Michoacán de Ocampo,Rama 5132 Edición de software,3,,,,,,
2018,16 Michoacán de Ocampo,Subsector 516 Radio y televisión y provisión de contenido,84,1090,292.147,161.917,,,
2018,16 Michoacán de Ocampo,Subsector 517 Telecomunicaciones,171,1233,511.372,138.503,,,
2018,16 Michoacán de Ocampo,"Subsector 518 Provisión de infraestructura de servicios de cómputo, procesamiento de datos, hospedaje de páginas de internet y otros servicios relacionados",3,30,8.639,3.732,,,
2018,16 Michoacán de Ocampo,Subrama 51929 Portales de búsqueda en la red y otros servicios de suministro de información,2,,,,,,
2018,16 Michoacán de Ocampo,Subrama 54151 Servicios de diseño de sistemas de cómputo y servicios relacionados,49,576,228.274,128.707,,,
2018,17 Morelos,"Subsector 334 Fabricación de equipo de computación, comunicación, medición y de otros equipos, componentes y accesorios electrónicos",3,685,1022.727,336.477,,,
2018,17 Morelos,"Subsector 512 Industria fílmica y del video, e industria del sonido",27,721,822.078,423.45,,,
2018,17 Morelos,Subsector 516 Radio y televisión y provisión de contenido,30,789,144.334,59.902,,,
2018,17 Morelos,Subsector 517 Telecomunicaciones,76,510,598.34,298.365,,,
2018,17 Morelos,"Subsector 518 Provisión de infraestructura de servicios de cómputo, procesamiento de datos, hospedaje de páginas de internet y otros servicios relacionados",1,,,,,,
2018,17 Morelos,Subrama 51929 Portales de búsqueda en la red y otros servicios de suministro de información,2,,,,,,
2018,17 Morelos,Subrama 54151 Servicios de diseño de sistemas de cómputo y servicios relacionados,28,174,162.594,58.459,,,
2018,18 Nayarit,"Subsector 334 Fabricación de equipo de computación, comunicación, medición y de otros equipos, componentes y accesorios electrónicos",1,,,,,,
2018,18 Nayarit,"Subsector 512 Industria fílmica y del video, e industria del sonido",18,267,239.804,123.166,,,
2018,18 Nayarit,Rama 5132 Edición de software,2,,,,,,
2018,18 Nayarit,Subsector 516 Radio y televisión y provisión de contenido,12,157,31.416,18.02,,,
2018,18 Nayarit,Subsector 517 Telecomunicaciones,38,143,36.637,14.881,,,
2018,18 Nayarit,Subrama 51929 Portales de búsqueda en la red y otros servicios de suministro de información,1,,,,,,
2018,18 Nayarit,Subrama 54151 Servicios de diseño de sistemas de cómputo y servicios relacionados,12,84,25.01,16.344,,,
2018,19 Nuevo León,"Subsector 334 Fabricación de equipo de computación, comunicación, medición y de otros equipos, componentes y accesorios electrónicos",67,22732,21707.025,6805.114,,,
2018,19 Nuevo León,"Subsector 512 Industria fílmica y del video, e industria del sonido",105,4666,4084.836,1991.99,,,
2018,19 Nuevo León,Rama 5132 Edición de software,10,603,1005.921,608.844,,,
2018,19 Nuevo León,Subsector 516 Radio y televisión y provisión de contenido,29,837,656.639,377.26,,,
2018,19 Nuevo León,Subsector 517 Telecomunicaciones,116,10693,15243.783,4493.367,,,
2018,19 Nuevo León,"Subsector 518 Provisión de infraestructura de servicios de cómputo, procesamiento de datos, hospedaje de páginas de internet y otros servicios relacionados",21,3384,1439.45,938.679,,,
2018,19 Nuevo León,Subrama 51929 Portales de búsqueda en la red y otros servicios de suministro de información,2,,,,,,
2018,19 Nuevo León,Subrama 54151 Servicios de diseño de sistemas de cómputo y servicios relacionados,393,13876,5094.559,2849.585,,,
2018,20 Oaxaca,"Subsector 334 Fabricación de equipo de computación, comunicación, medición y de otros equipos, componentes y accesorios electrónicos",1,,,,,,
2018,20 Oaxaca,"Subsector 512 Industria fílmica y del video, e industria del sonido",26,502,525.175,260.857,,,
2018,20 Oaxaca,Rama 5132 Edición de software,3,14,10.04,9.687,,,
2018,20 Oaxaca,Subsector 516 Radio y televisión y provisión de contenido,131,1128,266.45,167.573,,,
2018,20 Oaxaca,Subsector 517 Telecomunicaciones,161,450,101.684,45.197,,,
2018,20 Oaxaca,"Subsector 518 Provisión de infraestructura de servicios de cómputo, procesamiento de datos, hospedaje de páginas de internet y otros servicios relacionados",4,83,69.27,50.071,,,
2018,20 Oaxaca,Subrama 51929 Portales de búsqueda en la red y otros servicios de suministro de información,5,23,8.851,8.103,,,
2018,20 Oaxaca,Subrama 54151 Servicios de diseño de sistemas de cómputo y servicios relacionados,44,274,78.16,42.645,,,
2018,21 Puebla,"Subsector 334 Fabricación de equipo de computación, comunicación, medición y de otros equipos, componentes y accesorios electrónicos",19,159,63.993,29.807,,,
2018,21 Puebla,"Subsector 512 Industria fílmica y del video, e industria del sonido",73,1594,1924.294,909.456,,,
2018,21 Puebla,Rama 5132 Edición de software,4,863,269.336,119.672,,,
2018,21 Puebla,Subsector 516 Radio y televisión y provisión de contenido,77,696,261.705,122.989,,,
2018,21 Puebla,Subsector 517 Telecomunicaciones,209,1026,616.834,203.239,,,
2018,21 Puebla,"Subsector 518 Provisión de infraestructura de servicios de cómputo, procesamiento de datos, hospedaje de páginas de internet y otros servicios relacionados",10,219,79.297,60.054,,,
2018,21 Puebla,Subrama 51929 Portales de búsqueda en la red y otros servicios de suministro de información,9,93,18.071,5.416,,,
2018,21 Puebla,Subrama 54151 Servicios de diseño de sistemas de cómputo y servicios relacionados,111,1884,884.722,495.203,,,
2018,22 Querétaro,"Subsector 334 Fabricación de equipo de computación, comunicación, medición y de otros equipos, componentes y accesorios electrónicos",37,9956,16973.616,6702.085,,,
2018,22 Querétaro,"Subsector 512 Industria fílmica y del video, e industria del sonido",34,1068,1333.828,682.876,,,
2018,22 Querétaro,Rama 5132 Edición de software,2,,,,,,
2018,22 Querétaro,Subsector 516 Radio y televisión y provisión de contenido,19,291,112.378,79.158,,,
2018,22 Querétaro,Subsector 517 Telecomunicaciones,68,788,285.835,164.539,,,
2018,22 Querétaro,"Subsector 518 Provisión de infraestructura de servicios de cómputo, procesamiento de datos, hospedaje de páginas de internet y otros servicios relacionados",9,190,50.102,29.538,,,
2018,22 Querétaro,Subrama 51929 Portales de búsqueda en la red y otros servicios de suministro de información,5,48,6.684,4.886,,,
2018,22 Querétaro,Subrama 54151 Servicios de diseño de sistemas de cómputo y servicios relacionados,136,7390,2012.869,1077.054,,,
2018,23 Quintana Roo,"Subsector 512 Industria fílmica y del video, e industria del sonido",32,1297,1938.4,972.121,,,
2018,23 Quintana Roo,Rama 5132 Edición de software,3,8,1.48,0.912,,,
2018,23 Quintana Roo,Subsector 516 Radio y televisión y provisión de contenido,24,812,215.003,134.975,,,
2018,23 Quintana Roo,Subsector 517 Telecomunicaciones,47,345,364.772,129.7,,,
2018,23 Quintana Roo,"Subsector 518 Provisión de infraestructura de servicios de cómputo, procesamiento de datos, hospedaje de páginas de internet y otros servicios relacionados",2,,,,,,
2018,23 Quintana Roo,Subrama 54151 Servicios de diseño de sistemas de cómputo y servicios relacionados,33,287,64.809,40.27,,,
2018,24 San Luis Potosí,"Subsector 334 Fabricación de equipo de computación, comunicación, medición y de otros equipos, componentes y accesorios electrónicos",12,,,,,,
2018,24 San Luis Potosí,"Subsector 512 Industria fílmica y del video, e industria del sonido",23,598,813.04,410.755,,,
2018,24 San Luis Potosí,Subsector 516 Radio y televisión y provisión de contenido,33,602,415.078,197.263,,,
2018,24 San Luis Potosí,Subsector 517 Telecomunicaciones,80,394,282.502,77.168,,,
2018,24 San Luis Potosí,"Subsector 518 Provisión de infraestructura de servicios de cómputo, procesamiento de datos, hospedaje de páginas de internet y otros servicios relacionados",4,83,233.419,124.687,,,
2018,24 San Luis Potosí,Subrama 51929 Portales de búsqueda en la red y otros servicios de suministro de información,7,55,5.876,3.505,,,
2018,24 San Luis Potosí,Subrama 54151 Servicios de diseño de sistemas de cómputo y servicios relacionados,35,340,148.294,64.542,,,
2018,25 Sinaloa,"Subsector 334 Fabricación de equipo de computación, comunicación, medición y de otros equipos, componentes y accesorios electrónicos",8,410,135.616,28.513,,,
2018,25 Sinaloa,"Subsector 512 Industria fílmica y del video, e industria del sonido",40,1154,1325.146,666.077,,,
2018,25 Sinaloa,Rama 5132 Edición de software,1,,,,,,
2018,25 Sinaloa,Subsector 516 Radio y televisión y provisión de contenido,48,1306,647.636,302.849,,,
2018,25 Sinaloa,Subsector 517 Telecomunicaciones,56,278,84.86,30.225,,,
2018,25 Sinaloa,"Subsector 518 Provisión de infraestructura de servicios de cómputo, procesamiento de datos, hospedaje de páginas de internet y otros servicios relacionados",9,103,32.737,17.7,,,
2018,25 Sinaloa,Subrama 51929 Portales de búsqueda en la red y otros servicios de suministro de información,2,,,,,,
2018,25 Sinaloa,Subrama 54151 Servicios de diseño de sistemas de cómputo y servicios relacionados,99,1654,618.624,341.158,,,
2018,26 Sonora,"Subsector 334 Fabricación de equipo de computación, comunicación, medición y de otros equipos, componentes y accesorios electrónicos",66,32100,13108.335,7490.828,,,
2018,26 Sonora,"Subsector 512 Industria fílmica y del video, e industria del sonido",31,991,1177.22,607.081,,,
2018,26 Sonora,Rama 5132 Edición de software,6,163,71.481,59.565,,,
2018,26 Sonora,Subsector 516 Radio y televisión y provisión de contenido,68,1136,615.46,361.07,,,
2018,26 Sonora,Subsector 517 Telecomunicaciones,55,362,384.041,137.88,,,
2018,26 Sonora,"Subsector 518 Provisión de infraestructura de servicios de cómputo, procesamiento de datos, hospedaje de páginas de internet y otros servicios relacionados",13,581,127.404,79.739,,,
2018,26 Sonora,Subrama 51929 Portales de búsqueda en la red y otros servicios de suministro de información,5,,,,,,
2018,26 Sonora,Subrama 54151 Servicios de diseño de sistemas de cómputo y servicios relacionados,101,1262,704.728,407.606,,,
2018,27 Tabasco,"Subsector 512 Industria fílmica y del video, e industria del sonido",25,701,844.087,434.407,,,
2018,27 Tabasco,Subsector 516 Radio y televisión y provisión de contenido,24,489,83.398,45.413,,,
2018,27 Tabasco,Subsector 517 Telecomunicaciones,77,329,100.223,64.614,,,
2018,27 Tabasco,"Subsector 518 Provisión de infraestructura de servicios de cómputo, procesamiento de datos, hospedaje de páginas de internet y otros servicios relacionados",9,,,,,,
2018,27 Tabasco,Subrama 51929 Portales de búsqueda en la red y otros servicios de suministro de información,1,,,,,,
2018,27 Tabasco,Subrama 54151 Servicios de diseño de sistemas de cómputo y servicios relacionados,30,249,171.705,61.591,,,
2018,28 Tamaulipas,"Subsector 334 Fabricación de equipo de computación, comunicación, medición y de otros equipos, componentes y accesorios electrónicos",62,56963,20108.925,12861.494,,,
2018,28 Tamaulipas,"Subsector 512 Industria fílmica y del video, e industria del sonido",34,1272,1760.532,862.708,,,
2018,28 Tamaulipas,Rama 5132 Edición de software,4,70,16.254,11.011,,,
2018,28 Tamaulipas,Subsector 516 Radio y televisión y provisión de contenido,62,1144,531.021,232.914,,,
2018,28 Tamaulipas,Subsector 517 Telecomunicaciones,75,3353,4900.527,3059.417,,,
2018,28 Tamaulipas,"Subsector 518 Provisión de infraestructura de servicios de cómputo, procesamiento de datos, hospedaje de páginas de internet y otros servicios relacionados",7,,,,,,
2018,28 Tamaulipas,Subrama 51929 Portales de búsqueda en la red y otros servicios de suministro de información,1,,,,,,
2018,28 Tamaulipas,Subrama 54151 Servicios de diseño de sistemas de cómputo y servicios relacionados,31,509,186.598,107.26,,,
2018,29 Tlaxcala,"Subsector 334 Fabricación de equipo de computación, comunicación, medición y de otros equipos, componentes y accesorios electrónicos",9,,,,,,
2018,29 Tlaxcala,"Subsector 512 Industria fílmica y del video, e industria del sonido",12,168,168.396,81.198,,,
2018,29 Tlaxcala,Subsector 516 Radio y televisión y provisión de contenido,6,,,,,,
2018,29 Tlaxcala,Subsector 517 Telecomunicaciones,52,122,35.156,18.457,,,
2018,29 Tlaxcala,Subrama 51929 Portales de búsqueda en la red y otros servicios de suministro de información,2,,,,,,
2018,29 Tlaxcala,Subrama 54151 Servicios de diseño de sistemas de cómputo y servicios relacionados,16,122,34.905,17.547,,,
2018,30 Veracruz de Ignacio de la Llave,"Subsector 334 Fabricación de equipo de computación, comunicación, medición y de otros equipos, componentes y accesorios electrónicos",15,214,48.579,30.344,,,
2018,30 Veracruz de Ignacio de la Llave,"Subsector 512 Industria fílmica y del video, e industria del sonido",59,1705,2329.448,1203.833,,,
2018,30 Veracruz de Ignacio de la Llave,Rama 5132 Edición de software,4,27,30.457,24.344,,,
2018,30 Veracruz de Ignacio de la Llave,Subsector 516 Radio y televisión y provisión de contenido,96,1527,395.522,202.665,,,
2018,30 Veracruz de Ignacio de la Llave,Subsector 517 Telecomunicaciones,253,991,478.257,220.316,,,
2018,30 Veracruz de Ignacio de la Llave,"Subsector 518 Provisión de infraestructura de servicios de cómputo, procesamiento de datos, hospedaje de páginas de internet y otros servicios relacionados",17,711,636.466,479.674,,,
2018,30 Veracruz de Ignacio de la Llave,Subrama 51929 Portales de búsqueda en la red y otros servicios de suministro de información,4,37,3.744,2.139,,,
2018,30 Veracruz de Ignacio de la Llave,Subrama 54151 Servicios de diseño de sistemas de cómputo y servicios relacionados,70,711,263.908,191.912,,,
2018,31 Yucatán,"Subsector 334 Fabricación de equipo de computación, comunicación, medición y de otros equipos, componentes y accesorios electrónicos",3,385,320.603,111.796,,,
2018,31 Yucatán,"Subsector 512 Industria fílmica y del video, e industria del sonido",46,1064,1165.554,621.856,,,
2018,31 Yucatán,Rama 5132 Edición de software,2,,,,,,
2018,31 Yucatán,Subsector 516 Radio y televisión y provisión de contenido,22,412,274.554,144.57,,,
2018,31 Yucatán,Subsector 517 Telecomunicaciones,95,850,509.22,186.689,,,
2018,31 Yucatán,"Subsector 518 Provisión de infraestructura de servicios de cómputo, procesamiento de datos, hospedaje de páginas de internet y otros servicios relacionados",7,180,47.548,11.08,,,
2018,31 Yucatán,Subrama 54151 Servicios de diseño de sistemas de cómputo y servicios relacionados,86,1880,757.155,484.229,,,
2018,32 Zacatecas,"Subsector 334 Fabricación de equipo de computación, comunicación, medición y de otros equipos, componentes y accesorios electrónicos",3,1580,724,624.082,,,
2018,32 Zacatecas,"Subsector 512 Industria fílmica y del video, e industria del sonido",19,263,240.129,123.573,,,
2018,32 Zacatecas,Subsector 516 Radio y televisión y provisión de contenido,17,134,52.036,32.444,,,
2018,32 Zacatecas,Subsector 517 Telecomunicaciones,58,2353,2103.412,503.889,,,
2018,32 Zacatecas,Subrama 51929 Portales de búsqueda en la red y otros servicios de suministro de información,1,,,,,,
2018,32 Zacatecas,Subrama 54151 Servicios de diseño de sistemas de cómputo y servicios relacionados,16,137,42.989,23.315,,,
2013,00 Total Nacional,"Subsector 334 Fabricación de equipo de computación, comunicación, medición y de otros equipos, componentes y accesorios electrónicos",745,300544,113115.432,48373.883,,,
2013,00 Total Nacional,"Subsector 512 Industria fílmica y del video, e industria del sonido",1295,40909,39093.642,19889.934,,,
2013,00 Total Nacional,Rama 5132 Edición de software,51,1926,2114.881,842.719,,,
2013,00 Total Nacional,Subsector 516 Radio y televisión y provisión de contenido,1498,52403,65778.554,8690.207,,,
2013,00 Total Nacional,Subsector 517 Telecomunicaciones,4397,128292,397473.74,118186.153,,,
2013,00 Total Nacional,"Subsector 518 Provisión de infraestructura de servicios de cómputo, procesamiento de datos, hospedaje de páginas de internet y otros servicios relacionados",299,14498,7477.87,4399.268,,,
2013,00 Total Nacional,Subrama 51929 Portales de búsqueda en la red y otros servicios de suministro de información,109,2056,2011.789,700.35,,,
2013,00 Total Nacional,Subrama 54151 Servicios de diseño de sistemas de cómputo y servicios relacionados,2783,59474,25748.775,11638.142,,,
2013,01 Aguascalientes,"Subsector 334 Fabricación de equipo de computación, comunicación, medición y de otros equipos, componentes y accesorios electrónicos",10,12821,5366.636,1568.862,,,
2013,01 Aguascalientes,"Subsector 512 Industria fílmica y del video, e industria del sonido",11,335,270.045,167.816,,,
2013,01 Aguascalientes,Rama 5132 Edición de software,1,,,,,,
2013,01 Aguascalientes,Subsector 516 Radio y televisión y provisión de contenido,10,197,49.497,27.655,,,
2013,01 Aguascalientes,Subsector 517 Telecomunicaciones,28,1110,399.578,145.418,,,
2013,01 Aguascalientes,"Subsector 518 Provisión de infraestructura de servicios de cómputo, procesamiento de datos, hospedaje de páginas de internet y otros servicios relacionados",6,44,4.144,3.399,,,
2013,01 Aguascalientes,Subrama 51929 Portales de búsqueda en la red y otros servicios de suministro de información,2,,,,,,
2013,01 Aguascalientes,Subrama 54151 Servicios de diseño de sistemas de cómputo y servicios relacionados,45,412,48.944,29.61,,,
2013,02 Baja California,"Subsector 334 Fabricación de equipo de computación, comunicación, medición y de otros equipos, componentes y accesorios electrónicos",155,64740,16993.564,10321.271,,,
2013,02 Baja California,"Subsector 512 Industria fílmica y del video, e industria del sonido",41,1539,1244.63,789.259,,,
2013,02 Baja California,Rama 5132 Edición de software,1,,,,,,
2013,02 Baja California,Subsector 516 Radio y televisión y provisión de contenido,52,697,293.813,92.246,,,
2013,02 Baja California,Subsector 517 Telecomunicaciones,92,2234,6433.093,647.586,,,
2013,02 Baja California,"Subsector 518 Provisión de infraestructura de servicios de cómputo, procesamiento de datos, hospedaje de páginas de internet y otros servicios relacionados",6,23,17.409,11.409,,,
2013,02 Baja California,Subrama 51929 Portales de búsqueda en la red y otros servicios de suministro de información,3,,,,,,
2013,02 Baja California,Subrama 54151 Servicios de diseño de sistemas de cómputo y servicios relacionados,83,794,231.158,83.706,,,
2013,03 Baja California Sur,"Subsector 512 Industria fílmica y del video, e industria del sonido",11,355,579.729,358.329,,,
2013,03 Baja California Sur,Subsector 516 Radio y televisión y provisión de contenido,13,126,40.55,34.784,,,
2013,03 Baja California Sur,Subsector 517 Telecomunicaciones,29,225,58.852,34.86,,,
2013,03 Baja California Sur,"Subsector 518 Provisión de infraestructura de servicios de cómputo, procesamiento de datos, hospedaje de páginas de internet y otros servicios relacionados",3,,,,,,
2013,03 Baja California Sur,Subrama 51929 Portales de búsqueda en la red y otros servicios de suministro de información,1,,,,,,
2013,03 Baja California Sur,Subrama 54151 Servicios de diseño de sistemas de cómputo y servicios relacionados,14,111,15.348,12.163,,,
2013,04 Campeche,"Subsector 334 Fabricación de equipo de computación, comunicación, medición y de otros equipos, componentes y accesorios electrónicos",1,,,,,,
2013,04 Campeche,"Subsector 512 Industria fílmica y del video, e industria del sonido",8,246,231.431,140.634,,,
2013,04 Campeche,Subsector 516 Radio y televisión y provisión de contenido,26,432,103.664,79.583,,,
2013,04 Campeche,Subsector 517 Telecomunicaciones,70,524,132.61,83.122,,,
2013,04 Campeche,"Subsector 518 Provisión de infraestructura de servicios de cómputo, procesamiento de datos, hospedaje de páginas de internet y otros servicios relacionados",4,402,680.207,563.139,,,
2013,04 Campeche,Subrama 51929 Portales de búsqueda en la red y otros servicios de suministro de información,2,,,,,,
2013,04 Campeche,Subrama 54151 Servicios de diseño de sistemas de cómputo y servicios relacionados,19,149,14.299,9.352,,,
2013,05 Coahuila de Zaragoza,"Subsector 334 Fabricación de equipo de computación, comunicación, medición y de otros equipos, componentes y accesorios electrónicos",22,7470,1383.762,630.474,,,
2013,05 Coahuila de Zaragoza,"Subsector 512 Industria fílmica y del video, e industria del sonido",35,1012,824.056,475.045,,,
2013,05 Coahuila de Zaragoza,Rama 5132 Edición de software,1,,,,,,
2013,05 Coahuila de Zaragoza,Subsector 516 Radio y televisión y provisión de contenido,62,1159,416.921,156.221,,,
2013,05 Coahuila de Zaragoza,Subsector 517 Telecomunicaciones,77,3379,677.951,478.457,,,
2013,05 Coahuila de Zaragoza,"Subsector 518 Provisión de infraestructura de servicios de cómputo, procesamiento de datos, hospedaje de páginas de internet y otros servicios relacionados",5,13,4.77,2.779,,,
2013,05 Coahuila de Zaragoza,Subrama 51929 Portales de búsqueda en la red y otros servicios de suministro de información,1,,,,,,
2013,05 Coahuila de Zaragoza,Subrama 54151 Servicios de diseño de sistemas de cómputo y servicios relacionados,75,919,219.131,148.517,,,
2013,06 Colima,"Subsector 512 Industria fílmica y del video, e industria del sonido",10,325,225.398,140.992,,,
2013,06 Colima,Subsector 516 Radio y televisión y provisión de contenido,21,209,54.938,26.433,,,
2013,06 Colima,Subsector 517 Telecomunicaciones,42,293,176.855,53.184,,,
2013,06 Colima,"Subsector 518 Provisión de infraestructura de servicios de cómputo, procesamiento de datos, hospedaje de páginas de internet y otros servicios relacionados",2,,,,,,
2013,06 Colima,Subrama 54151 Servicios de diseño de sistemas de cómputo y servicios relacionados,19,171,33.892,23.072,,,
2013,07 Chiapas,"Subsector 334 Fabricación de equipo de computación, comunicación, medición y de otros equipos, componentes y accesorios electrónicos",2,,,,,,
2013,07 Chiapas,"Subsector 512 Industria fílmica y del video, e industria del sonido",23,708,597.896,378.275,,,
2013,07 Chiapas,Subsector 516 Radio y televisión y provisión de contenido,105,1344,252.198,169.068,,,
2013,07 Chiapas,Subsector 517 Telecomunicaciones,152,907,298.641,146.112,,,
2013,07 Chiapas,"Subsector 518 Provisión de infraestructura de servicios de cómputo, procesamiento de datos, hospedaje de páginas de internet y otros servicios relacionados",3,,,,,,
2013,07 Chiapas,Subrama 54151 Servicios de diseño de sistemas de cómputo y servicios relacionados,33,182,31.052,16.037,,,
2013,08 Chihuahua,"Subsector 334 Fabricación de equipo de computación, comunicación, medición y de otros equipos, componentes y accesorios electrónicos",81,65868,19124.143,9528.769,,,
2013,08 Chihuahua,"Subsector 512 Industria fílmica y del video, e industria del sonido",27,839,678.06,404.17,,,
2013,08 Chihuahua,Rama 5132 Edición de software,2,,,,,,
2013,08 Chihuahua,Subsector 516 Radio y televisión y provisión de contenido,71,1518,583.815,222.416,,,
2013,08 Chihuahua,Subsector 517 Telecomunicaciones,97,2333,6509.451,172.928,,,
2013,08 Chihuahua,"Subsector 518 Provisión de infraestructura de servicios de cómputo, procesamiento de datos, hospedaje de páginas de internet y otros servicios relacionados",15,4368,721.852,358.443,,,
2013,08 Chihuahua,Subrama 51929 Portales de búsqueda en la red y otros servicios de suministro de información,1,,,,,,
2013,08 Chihuahua,Subrama 54151 Servicios de diseño de sistemas de cómputo y servicios relacionados,78,732,144.744,98.506,,,
2013,09 Ciudad de México,"Subsector 334 Fabricación de equipo de computación, comunicación, medición y de otros equipos, componentes y accesorios electrónicos",83,5771,2541.905,534.691,,,
2013,09 Ciudad de México,"Subsector 512 Industria fílmica y del video, e industria del sonido",365,13060,14214.396,4815.703,,,
2013,09 Ciudad de México,Rama 5132 Edición de software,24,1162,1384.876,566.323,,,
2013,09 Ciudad de México,Subsector 516 Radio y televisión y provisión de contenido,110,31009,58717.313,5660.337,,,
2013,09 Ciudad de México,Subsector 517 Telecomunicaciones,375,63075,216843.427,83566.185,,,
2013,09 Ciudad de México,"Subsector 518 Provisión de infraestructura de servicios de cómputo, procesamiento de datos, hospedaje de páginas de internet y otros servicios relacionados",72,5293,2893.552,1454.03,,,
2013,09 Ciudad de México,Subrama 51929 Portales de búsqueda en la red y otros servicios de suministro de información,30,1365,1698.929,574.778,,,
2013,09 Ciudad de México,Subrama 54151 Servicios de diseño de sistemas de cómputo y servicios relacionados,867,31685,15067.907,5826.569,,,
2013,10 Durango,"Subsector 334 Fabricación de equipo de computación, comunicación, medición y de otros equipos, componentes y accesorios electrónicos",1,,,,,,
2013,10 Durango,"Subsector 512 Industria fílmica y del video, e industria del sonido",7,242,263.578,162.446,,,
2013,10 Durango,Subsector 516 Radio y televisión y provisión de contenido,26,426,94.547,52.045,,,
2013,10 Durango,Subsector 517 Telecomunicaciones,44,364,84.848,68.705,,,
2013,10 Durango,"Subsector 518 Provisión de infraestructura de servicios de cómputo, procesamiento de datos, hospedaje de páginas de internet y otros servicios relacionados",4,,,,,,
2013,10 Durango,Subrama 51929 Portales de búsqueda en la red y otros servicios de suministro de información,1,,,,,,
2013,10 Durango,Subrama 54151 Servicios de diseño de sistemas de cómputo y servicios relacionados,17,131,16.864,13.505,,,
2013,11 Guanajuato,"Subsector 334 Fabricación de equipo de computación, comunicación, medición y de otros equipos, componentes y accesorios electrónicos",14,1832,458.77,192.668,,,
2013,11 Guanajuato,"Subsector 512 Industria fílmica y del video, e industria del sonido",40,1194,1278.737,795.876,,,
2013,11 Guanajuato,Rama 5132 Edición de software,3,,,,,,
2013,11 Guanajuato,Subsector 516 Radio y televisión y provisión de contenido,38,685,180.313,89.276,,,
2013,11 Guanajuato,Subsector 517 Telecomunicaciones,285,1386,689.648,267.382,,,
2013,11 Guanajuato,"Subsector 518 Provisión de infraestructura de servicios de cómputo, procesamiento de datos, hospedaje de páginas de internet y otros servicios relacionados",11,114,84.447,43.844,,,
2013,11 Guanajuato,Subrama 51929 Portales de búsqueda en la red y otros servicios de suministro de información,1,,,,,,
2013,11 Guanajuato,Subrama 54151 Servicios de diseño de sistemas de cómputo y servicios relacionados,108,846,227.865,118.533,,,
2013,12 Guerrero,"Subsector 334 Fabricación de equipo de computación, comunicación, medición y de otros equipos, componentes y accesorios electrónicos",1,,,,,,
2013,12 Guerrero,"Subsector 512 Industria fílmica y del video, e industria del sonido",29,1021,774.288,488.714,,,
2013,12 Guerrero,Rama 5132 Edición de software,1,,,,,,
2013,12 Guerrero,Subsector 516 Radio y televisión y provisión de contenido,48,443,68.916,32.878,,,
2013,12 Guerrero,Subsector 517 Telecomunicaciones,126,614,163.816,114.958,,,
2013,12 Guerrero,"Subsector 518 Provisión de infraestructura de servicios de cómputo, procesamiento de datos, hospedaje de páginas de internet y otros servicios relacionados",2,,,,,,
2013,12 Guerrero,Subrama 54151 Servicios de diseño de sistemas de cómputo y servicios relacionados,10,,,,,,
2013,13 Hidalgo,"Subsector 334 Fabricación de equipo de computación, comunicación, medición y de otros equipos, componentes y accesorios electrónicos",8,121,41.815,17.495,,,
2013,13 Hidalgo,"Subsector 512 Industria fílmica y del video, e industria del sonido",20,433,363.342,221.463,,,
2013,13 Hidalgo,Subsector 516 Radio y televisión y provisión de contenido,31,247,30.418,16.07,,,
2013,13 Hidalgo,Subsector 517 Telecomunicaciones,179,730,376.977,167.632,,,
2013,13 Hidalgo,"Subsector 518 Provisión de infraestructura de servicios de cómputo, procesamiento de datos, hospedaje de páginas de internet y otros servicios relacionados",7,74,47.189,33.535,,,
2013,13 Hidalgo,Subrama 54151 Servicios de diseño de sistemas de cómputo y servicios relacionados,25,,,,,,
2013,14 Jalisco,"Subsector 334 Fabricación de equipo de computación, comunicación, medición y de otros equipos, componentes y accesorios electrónicos",63,42343,20768.671,6729.675,,,
2013,14 Jalisco,"Subsector 512 Industria fílmica y del video, e industria del sonido",94,2391,1909.36,1187.494,,,
2013,14 Jalisco,Rama 5132 Edición de software,8,325,382.151,132.819,,,
2013,14 Jalisco,Subsector 516 Radio y televisión y provisión de contenido,66,1520,732.833,243.762,,,
2013,14 Jalisco,Subsector 517 Telecomunicaciones,263,13401,22183.714,2428.985,,,
2013,14 Jalisco,"Subsector 518 Provisión de infraestructura de servicios de cómputo, procesamiento de datos, hospedaje de páginas de internet y otros servicios relacionados",16,295,597.641,163.171,,,
2013,14 Jalisco,Subrama 51929 Portales de búsqueda en la red y otros servicios de suministro de información,8,100,54.947,18.338,,,
2013,14 Jalisco,Subrama 54151 Servicios de diseño de sistemas de cómputo y servicios relacionados,237,5722,2650.482,1751.908,,,
2013,15 México,"Subsector 334 Fabricación de equipo de computación, comunicación, medición y de otros equipos, componentes y accesorios electrónicos",41,4874,8563.546,2017.23,,,
2013,15 México,"Subsector 512 Industria fílmica y del video, e industria del sonido",102,4208,4252.035,2433.181,,,
2013,15 México,Rama 5132 Edición de software,1,,,,,,
2013,15 México,Subsector 516 Radio y televisión y provisión de contenido,32,777,187.192,55.499,,,
2013,15 México,Subsector 517 Telecomunicaciones,516,1786,480.684,242.098,,,
2013,15 México,"Subsector 518 Provisión de infraestructura de servicios de cómputo, procesamiento de datos, hospedaje de páginas de internet y otros servicios relacionados",7,305,135.536,57.015,,,
2013,15 México,Subrama 51929 Portales de búsqueda en la red y otros servicios de suministro de información,1,,,,,,
2013,15 México,Subrama 54151 Servicios de diseño de sistemas de cómputo y servicios relacionados,126,1058,399.098,132.902,,,
2013,16 Michoacán de Ocampo,"Subsector 334 Fabricación de equipo de computación, comunicación, medición y de otros equipos, componentes y accesorios electrónicos",1,,,,,,
2013,16 Michoacán de Ocampo,"Subsector 512 Industria fílmica y del video, e industria del sonido",44,1107,916.546,578.643,,,
2013,16 Michoacán de Ocampo,Subsector 516 Radio y televisión y provisión de contenido,88,853,326.045,170.634,,,
2013,16 Michoacán de Ocampo,Subsector 517 Telecomunicaciones,209,1506,342.386,199.757,,,
2013,16 Michoacán de Ocampo,"Subsector 518 Provisión de infraestructura de servicios de cómputo, procesamiento de datos, hospedaje de páginas de internet y otros servicios relacionados",4,18,5.232,3.893,,,
2013,16 Michoacán de Ocampo,Subrama 51929 Portales de búsqueda en la red y otros servicios de suministro de información,2,,,,,,
2013,16 Michoacán de Ocampo,Subrama 54151 Servicios de diseño de sistemas de cómputo y servicios relacionados,41,227,30.122,18.911,,,
2013,17 Morelos,"Subsector 334 Fabricación de equipo de computación, comunicación, medición y de otros equipos, componentes y accesorios electrónicos",4,534,1081.334,482.486,,,
2013,17 Morelos,"Subsector 512 Industria fílmica y del video, e industria del sonido",22,674,561.147,351.658,,,
2013,17 Morelos,Subsector 516 Radio y televisión y provisión de contenido,21,430,119.837,64.373,,,
2013,17 Morelos,Subsector 517 Telecomunicaciones,94,1323,1104.849,486.735,,,
2013,17 Morelos,"Subsector 518 Provisión de infraestructura de servicios de cómputo, procesamiento de datos, hospedaje de páginas de internet y otros servicios relacionados",1,,,,,,
2013,17 Morelos,Subrama 51929 Portales de búsqueda en la red y otros servicios de suministro de información,1,,,,,,
2013,17 Morelos,Subrama 54151 Servicios de diseño de sistemas de cómputo y servicios relacionados,16,159,73.907,25.86,,,
2013,18 Nayarit,"Subsector 512 Industria fílmica y del video, e industria del sonido",11,160,142.102,89.669,,,
2013,18 Nayarit,Subsector 516 Radio y televisión y provisión de contenido,19,264,101.103,41.908,,,
2013,18 Nayarit,Subsector 517 Telecomunicaciones,49,264,63.996,40.732,,,
2013,18 Nayarit,"Subsector 518 Provisión de infraestructura de servicios de cómputo, procesamiento de datos, hospedaje de páginas de internet y otros servicios relacionados",1,,,,,,
2013,18 Nayarit,Subrama 51929 Portales de búsqueda en la red y otros servicios de suministro de información,1,,,,,,
2013,18 Nayarit,Subrama 54151 Servicios de diseño de sistemas de cómputo y servicios relacionados,10,,,,,,
2013,19 Nuevo León,"Subsector 334 Fabricación de equipo de computación, comunicación, medición y de otros equipos, componentes y accesorios electrónicos",76,13279,8961.654,2650.023,,,
2013,19 Nuevo León,"Subsector 512 Industria fílmica y del video, e industria del sonido",85,2322,1840.747,1110.566,,,
2013,19 Nuevo León,Rama 5132 Edición de software,1,,,,,,
2013,19 Nuevo León,Subsector 516 Radio y televisión y provisión de contenido,27,685,440.906,130.199,,,
2013,19 Nuevo León,Subsector 517 Telecomunicaciones,125,10458,36835.132,12271.185,,,
2013,19 Nuevo León,"Subsector 518 Provisión de infraestructura de servicios de cómputo, procesamiento de datos, hospedaje de páginas de internet y otros servicios relacionados",15,682,290.839,205.411,,,
2013,19 Nuevo León,Subrama 51929 Portales de búsqueda en la red y otros servicios de suministro de información,5,90,67.945,38.864,,,
2013,19 Nuevo León,Subrama 54151 Servicios de diseño de sistemas de cómputo y servicios relacionados,269,6494,3542.977,1617.636,,,
2013,20 Oaxaca,"Subsector 512 Industria fílmica y del video, e industria del sonido",19,311,249.371,140.727,,,
2013,20 Oaxaca,Subsector 516 Radio y televisión y provisión de contenido,127,1081,169.21,97.322,,,
2013,20 Oaxaca,Subsector 517 Telecomunicaciones,156,1015,263.807,211.148,,,
2013,20 Oaxaca,"Subsector 518 Provisión de infraestructura de servicios de cómputo, procesamiento de datos, hospedaje de páginas de internet y otros servicios relacionados",9,110,67.948,48.635,,,
2013,20 Oaxaca,Subrama 51929 Portales de búsqueda en la red y otros servicios de suministro de información,7,27,2.438,1.003,,,
2013,20 Oaxaca,Subrama 54151 Servicios de diseño de sistemas de cómputo y servicios relacionados,38,251,37.467,24.319,,,
2013,21 Puebla,"Subsector 334 Fabricación de equipo de computación, comunicación, medición y de otros equipos, componentes y accesorios electrónicos",11,214,50.544,24.505,,,
2013,21 Puebla,"Subsector 512 Industria fílmica y del video, e industria del sonido",36,1103,914.606,565.178,,,
2013,21 Puebla,Rama 5132 Edición de software,2,,,,,,
2013,21 Puebla,Subsector 516 Radio y televisión y provisión de contenido,65,666,252.944,56.183,,,
2013,21 Puebla,Subsector 517 Telecomunicaciones,240,3692,16035.763,933.902,,,
2013,21 Puebla,"Subsector 518 Provisión de infraestructura de servicios de cómputo, procesamiento de datos, hospedaje de páginas de internet y otros servicios relacionados",14,184,58.077,33.731,,,
2013,21 Puebla,Subrama 51929 Portales de búsqueda en la red y otros servicios de suministro de información,7,85,37.53,24.709,,,
2013,21 Puebla,Subrama 54151 Servicios de diseño de sistemas de cómputo y servicios relacionados,104,1562,276.233,196.137,,,
2013,22 Querétaro,"Subsector 334 Fabricación de equipo de computación, comunicación, medición y de otros equipos, componentes y accesorios electrónicos",25,8351,7396.056,2080.201,,,
2013,22 Querétaro,"Subsector 512 Industria fílmica y del video, e industria del sonido",22,662,545.7,339.366,,,
2013,22 Querétaro,Subsector 516 Radio y televisión y provisión de contenido,16,337,197.42,89.056,,,
2013,22 Querétaro,Subsector 517 Telecomunicaciones,85,5624,15786.732,4145.132,,,
2013,22 Querétaro,"Subsector 518 Provisión de infraestructura de servicios de cómputo, procesamiento de datos, hospedaje de páginas de internet y otros servicios relacionados",11,320,127.75,65.43,,,
2013,22 Querétaro,Subrama 51929 Portales de búsqueda en la red y otros servicios de suministro de información,2,,,,,,
2013,22 Querétaro,Subrama 54151 Servicios de diseño de sistemas de cómputo y servicios relacionados,114,3388,1562.396,950.934,,,
2013,23 Quintana Roo,"Subsector 334 Fabricación de equipo de computación, comunicación, medición y de otros equipos, componentes y accesorios electrónicos",3,,,,,,
2013,23 Quintana Roo,"Subsector 512 Industria fílmica y del video, e industria del sonido",22,894,796.742,500.911,,,
2013,23 Quintana Roo,Rama 5132 Edición de software,1,,,,,,
2013,23 Quintana Roo,Subsector 516 Radio y televisión y provisión de contenido,28,563,135.212,59.297,,,
2013,23 Quintana Roo,Subsector 517 Telecomunicaciones,53,516,155.166,77.112,,,
2013,23 Quintana Roo,"Subsector 518 Provisión de infraestructura de servicios de cómputo, procesamiento de datos, hospedaje de páginas de internet y otros servicios relacionados",3,19,4.341,2.794,,,
2013,23 Quintana Roo,Subrama 51929 Portales de búsqueda en la red y otros servicios de suministro de información,2,,,,,,
2013,23 Quintana Roo,Subrama 54151 Servicios de diseño de sistemas de cómputo y servicios relacionados,30,,,,,,
2013,24 San Luis Potosí,"Subsector 334 Fabricación de equipo de computación, comunicación, medición y de otros equipos, componentes y accesorios electrónicos",8,,,,,,
2013,24 San Luis Potosí,"Subsector 512 Industria fílmica y del video, e industria del sonido",18,517,923.752,565.622,,,
2013,24 San Luis Potosí,Subsector 516 Radio y televisión y provisión de contenido,35,475,186.903,91.887,,,
2013,24 San Luis Potosí,Subsector 517 Telecomunicaciones,88,681,236.018,129.14,,,
2013,24 San Luis Potosí,"Subsector 518 Provisión de infraestructura de servicios de cómputo, procesamiento de datos, hospedaje de páginas de internet y otros servicios relacionados",4,33,10.252,8.01,,,
2013,24 San Luis Potosí,Subrama 51929 Portales de búsqueda en la red y otros servicios de suministro de información,2,,,,,,
2013,24 San Luis Potosí,Subrama 54151 Servicios de diseño de sistemas de cómputo y servicios relacionados,32,407,126.651,23.659,,,
2013,25 Sinaloa,"Subsector 334 Fabricación de equipo de computación, comunicación, medición y de otros equipos, componentes y accesorios electrónicos",2,,,,,,
2013,25 Sinaloa,"Subsector 512 Industria fílmica y del video, e industria del sonido",29,701,788.387,388.138,,,
2013,25 Sinaloa,Subsector 516 Radio y televisión y provisión de contenido,44,904,277.269,126.995,,,
2013,25 Sinaloa,Subsector 517 Telecomunicaciones,96,2275,7111.682,61.261,,,
2013,25 Sinaloa,"Subsector 518 Provisión de infraestructura de servicios de cómputo, procesamiento de datos, hospedaje de páginas de internet y otros servicios relacionados",9,,,,,,
2013,25 Sinaloa,Subrama 51929 Portales de búsqueda en la red y otros servicios de suministro de información,2,,,,,,
2013,25 Sinaloa,Subrama 54151 Servicios de diseño de sistemas de cómputo y servicios relacionados,76,707,142.489,101.731,,,
2013,26 Sonora,"Subsector 334 Fabricación de equipo de computación, comunicación, medición y de otros equipos, componentes y accesorios electrónicos",64,23330,6228.603,3360.474,,,
2013,26 Sonora,"Subsector 512 Industria fílmica y del video, e industria del sonido",28,692,510.021,313.348,,,
2013,26 Sonora,Subsector 516 Radio y televisión y provisión de contenido,72,1267,544.346,303.948,,,
2013,26 Sonora,Subsector 517 Telecomunicaciones,89,983,258.201,166.661,,,
2013,26 Sonora,"Subsector 518 Provisión de infraestructura de servicios de cómputo, procesamiento de datos, hospedaje de páginas de internet y otros servicios relacionados",9,454,63.767,52.119,,,
2013,26 Sonora,Subrama 51929 Portales de búsqueda en la red y otros servicios de suministro de información,11,,,,,,
2013,26 Sonora,Subrama 54151 Servicios de diseño de sistemas de cómputo y servicios relacionados,91,1162,444.771,198.21,,,
2013,27 Tabasco,"Subsector 334 Fabricación de equipo de computación, comunicación, medición y de otros equipos, componentes y accesorios electrónicos",1,,,,,,
2013,27 Tabasco,"Subsector 512 Industria fílmica y del video, e industria del sonido",19,621,495.425,313.233,,,
2013,27 Tabasco,Subsector 516 Radio y televisión y provisión de contenido,22,408,39.59,-20.332,,,
2013,27 Tabasco,Subsector 517 Telecomunicaciones,87,500,119.576,80.092,,,
2013,27 Tabasco,"Subsector 518 Provisión de infraestructura de servicios de cómputo, procesamiento de datos, hospedaje de páginas de internet y otros servicios relacionados",9,500,486.017,382.819,,,
2013,27 Tabasco,Subrama 51929 Portales de búsqueda en la red y otros servicios de suministro de información,1,,,,,,
2013,27 Tabasco,Subrama 54151 Servicios de diseño de sistemas de cómputo y servicios relacionados,20,152,17.288,7.201,,,
2013,28 Tamaulipas,"Subsector 334 Fabricación de equipo de computación, comunicación, medición y de otros equipos, componentes y accesorios electrónicos",53,46513,13102.849,7899.226,,,
2013,28 Tamaulipas,"Subsector 512 Industria fílmica y del video, e industria del sonido",31,928,831.479,515.003,,,
2013,28 Tamaulipas,Rama 5132 Edición de software,1,,,,,,
2013,28 Tamaulipas,Subsector 516 Radio y televisión y provisión de contenido,71,1087,496.235,170.539,,,
2013,28 Tamaulipas,Subsector 517 Telecomunicaciones,128,1321,564.546,329.59,,,
2013,28 Tamaulipas,"Subsector 518 Provisión de infraestructura de servicios de cómputo, procesamiento de datos, hospedaje de páginas de internet y otros servicios relacionados",11,261,205.218,155.883,,,
2013,28 Tamaulipas,Subrama 51929 Portales de búsqueda en la red y otros servicios de suministro de información,5,,,,,,
2013,28 Tamaulipas,Subrama 54151 Servicios de diseño de sistemas de cómputo y servicios relacionados,27,290,68.086,22.534,,,
2013,29 Tlaxcala,"Subsector 334 Fabricación de equipo de computación, comunicación, medición y de otros equipos, componentes y accesorios electrónicos",4,,,,,,
2013,29 Tlaxcala,"Subsector 512 Industria fílmica y del video, e industria del sonido",5,,,,,,
2013,29 Tlaxcala,Rama 5132 Edición de software,1,,,,,,
2013,29 Tlaxcala,Subsector 516 Radio y televisión y provisión de contenido,11,99,28.318,21.018,,,
2013,29 Tlaxcala,Subsector 517 Telecomunicaciones,69,368,90.275,54.53,,,
2013,29 Tlaxcala,"Subsector 518 Provisión de infraestructura de servicios de cómputo, procesamiento de datos, hospedaje de páginas de internet y otros servicios relacionados",2,,,,,,
2013,29 Tlaxcala,Subrama 51929 Portales de búsqueda en la red y otros servicios de suministro de información,2,,,,,,
2013,29 Tlaxcala,Subrama 54151 Servicios de diseño de sistemas de cómputo y servicios relacionados,11,,,,,,
2013,30 Veracruz de Ignacio de la Llave,"Subsector 334 Fabricación de equipo de computación, comunicación, medición y de otros equipos, componentes y accesorios electrónicos",5,55,7.427,5.052,,,
2013,30 Veracruz de Ignacio de la Llave,"Subsector 512 Industria fílmica y del video, e industria del sonido",52,1383,1106.614,679.568,,,
2013,30 Veracruz de Ignacio de la Llave,Rama 5132 Edición de software,1,,,,,,
2013,30 Veracruz de Ignacio de la Llave,Subsector 516 Radio y televisión y provisión de contenido,86,1554,394.858,174.512,,,
2013,30 Veracruz de Ignacio de la Llave,Subsector 517 Telecomunicaciones,295,2092,448.238,326.025,,,
2013,30 Veracruz de Ignacio de la Llave,"Subsector 518 Provisión de infraestructura de servicios de cómputo, procesamiento de datos, hospedaje de páginas de internet y otros servicios relacionados",24,800,841.943,705.093,,,
2013,30 Veracruz de Ignacio de la Llave,Subrama 51929 Portales de búsqueda en la red y otros servicios de suministro de información,7,94,21.085,10.488,,,
2013,30 Veracruz de Ignacio de la Llave,Subrama 54151 Servicios de diseño de sistemas de cómputo y servicios relacionados,78,516,121.693,52.419,,,
2013,31 Yucatán,"Subsector 334 Fabricación de equipo de computación, comunicación, medición y de otros equipos, componentes y accesorios electrónicos",4,,,,,,
2013,31 Yucatán,"Subsector 512 Industria fílmica y del video, e industria del sonido",19,568,531.287,332.348,,,
2013,31 Yucatán,Rama 5132 Edición de software,2,,,,,,
2013,31 Yucatán,Subsector 516 Radio y televisión y provisión de contenido,24,538,177.508,104.948,,,
2013,31 Yucatán,Subsector 517 Telecomunicaciones,90,2590,62274.234,9914.194,,,
2013,31 Yucatán,"Subsector 518 Provisión de infraestructura de servicios de cómputo, procesamiento de datos, hospedaje de páginas de internet y otros servicios relacionados",9,62,84.086,14.08,,,
2013,31 Yucatán,Subrama 51929 Portales de búsqueda en la red y otros servicios de suministro de información,1,,,,,,
2013,31 Yucatán,Subrama 54151 Servicios de diseño de sistemas de cómputo y servicios relacionados,53,506,87.551,61.564,,,
2013,32 Zacatecas,"Subsector 334 Fabricación de equipo de computación, comunicación, medición y de otros equipos, componentes y accesorios electrónicos",2,,,,,,
2013,32 Zacatecas,"Subsector 512 Industria fílmica y del video, e industria del sonido",10,,,,,,
2013,32 Zacatecas,Subsector 516 Radio y televisión y provisión de contenido,31,403,83.922,49.447,,,
2013,32 Zacatecas,Subsector 517 Telecomunicaciones,69,723,272.994,141.345,,,
2013,32 Zacatecas,"Subsector 518 Provisión de infraestructura de servicios de cómputo, procesamiento de datos, hospedaje de páginas de internet y otros servicios relacionados",1,,,,,,
2013,32 Zacatecas,Subrama 54151 Servicios de diseño de sistemas de cómputo y servicios relacionados,17,122,19.472,16.531,,,
2008,00 Total Nacional,"Subsector 334 Fabricación de equipo de computación, comunicación, medición y de otros equipos, componentes y accesorios electrónicos",728,312913,119471.474,60357.088,,,
2008,00 Total Nacional,"Subsector 512 Industria fílmica y del video, e industria del sonido",1100,23137,16919.315,2878.423,,,
2008,00 Total Nacional,Rama 5132 Edición de software,74,1612,1968.374,261.648,,,
2008,00 Total Nacional,Subsector 516 Radio y televisión y provisión de contenido,1566,37304,33529.151,13082.361,,,
2008,00 Total Nacional,Subsector 517 Telecomunicaciones,7116,165918,363220.056,141744.994,,,
2008,00 Total Nacional,"Subsector 518 Provisión de infraestructura de servicios de cómputo, procesamiento de datos, hospedaje de páginas de internet y otros servicios relacionados",84,17379,3804.611,1772.25,,,
2008,00 Total Nacional,Subrama 51929 Portales de búsqueda en la red y otros servicios de suministro de información,41,1244,1094.53,358.868,,,
2008,00 Total Nacional,Subrama 54151 Servicios de diseño de sistemas de cómputo y servicios relacionados,2146,37529,19757.701,10320.6,,,
2008,01 Aguascalientes,"Subsector 334 Fabricación de equipo de computación, comunicación, medición y de otros equipos, componentes y accesorios electrónicos",7,5869,5704.708,1762.396,,,
2008,01 Aguascalientes,"Subsector 512 Industria fílmica y del video, e industria del sonido",14,177,96.859,60.979,,,
2008,01 Aguascalientes,Rama 5132 Edición de software,1,,,,,,
2008,01 Aguascalientes,Subsector 516 Radio y televisión y provisión de contenido,16,287,122.546,69.69,,,
2008,01 Aguascalientes,Subsector 517 Telecomunicaciones,63,1521,2877.509,1254.286,,,
2008,01 Aguascalientes,"Subsector 518 Provisión de infraestructura de servicios de cómputo, procesamiento de datos, hospedaje de páginas de internet y otros servicios relacionados",1,,,,,,
2008,01 Aguascalientes,Subrama 51929 Portales de búsqueda en la red y otros servicios de suministro de información,2,,,,,,
2008,01 Aguascalientes,Subrama 54151 Servicios de diseño de sistemas de cómputo y servicios relacionados,21,177,41.572,23.07,,,
2008,02 Baja California,"Subsector 334 Fabricación de equipo de computación, comunicación, medición y de otros equipos, componentes y accesorios electrónicos",132,73385,23516.549,11542.756,,,
2008,02 Baja California,"Subsector 512 Industria fílmica y del video, e industria del sonido",26,570,355.189,228.927,,,
2008,02 Baja California,Rama 5132 Edición de software,2,,,,,,
2008,02 Baja California,Subsector 516 Radio y televisión y provisión de contenido,60,941,383.572,125.28,,,
2008,02 Baja California,Subsector 517 Telecomunicaciones,167,4958,12291.579,4871.878,,,
2008,02 Baja California,"Subsector 518 Provisión de infraestructura de servicios de cómputo, procesamiento de datos, hospedaje de páginas de internet y otros servicios relacionados",3,,,,,,
2008,02 Baja California,Subrama 54151 Servicios de diseño de sistemas de cómputo y servicios relacionados,61,883,362.78,107.797,,,
2008,03 Baja California Sur,"Subsector 512 Industria fílmica y del video, e industria del sonido",6,,,,,,
2008,03 Baja California Sur,Subsector 516 Radio y televisión y provisión de contenido,21,81,20.718,-0.203,,,
2008,03 Baja California Sur,Subsector 517 Telecomunicaciones,58,1040,2555.346,830.488,,,
2008,03 Baja California Sur,Subrama 51929 Portales de búsqueda en la red y otros servicios de suministro de información,1,,,,,,
2008,03 Baja California Sur,Subrama 54151 Servicios de diseño de sistemas de cómputo y servicios relacionados,10,86,18.701,14.012,,,
2008,04 Campeche,"Subsector 334 Fabricación de equipo de computación, comunicación, medición y de otros equipos, componentes y accesorios electrónicos",1,,,,,,
2008,04 Campeche,"Subsector 512 Industria fílmica y del video, e industria del sonido",8,,,,,,
2008,04 Campeche,Rama 5132 Edición de software,1,,,,,,
2008,04 Campeche,Subsector 516 Radio y televisión y provisión de contenido,38,368,62.118,18.617,,,
2008,04 Campeche,Subsector 517 Telecomunicaciones,61,1158,1563.402,777.963,,,
2008,04 Campeche,Subrama 51929 Portales de búsqueda en la red y otros servicios de suministro de información,1,,,,,,
2008,04 Campeche,Subrama 54151 Servicios de diseño de sistemas de cómputo y servicios relacionados,15,58,61.752,31.789,,,
2008,05 Coahuila de Zaragoza,"Subsector 334 Fabricación de equipo de computación, comunicación, medición y de otros equipos, componentes y accesorios electrónicos",17,2631,584.753,415.541,,,
2008,05 Coahuila de Zaragoza,"Subsector 512 Industria fílmica y del video, e industria del sonido",36,442,159.908,85.465,,,
2008,05 Coahuila de Zaragoza,Subsector 516 Radio y televisión y provisión de contenido,79,1001,223.445,59.419,,,
2008,05 Coahuila de Zaragoza,Subsector 517 Telecomunicaciones,115,3428,7241.399,2839.237,,,
2008,05 Coahuila de Zaragoza,"Subsector 518 Provisión de infraestructura de servicios de cómputo, procesamiento de datos, hospedaje de páginas de internet y otros servicios relacionados",1,,,,,,
2008,05 Coahuila de Zaragoza,Subrama 51929 Portales de búsqueda en la red y otros servicios de suministro de información,1,,,,,,
2008,05 Coahuila de Zaragoza,Subrama 54151 Servicios de diseño de sistemas de cómputo y servicios relacionados,64,693,141.555,99.567,,,
2008,06 Colima,"Subsector 512 Industria fílmica y del video, e industria del sonido",7,,,,,,
2008,06 Colima,Subsector 516 Radio y televisión y provisión de contenido,23,328,72.273,29.344,,,
2008,06 Colima,Subsector 517 Telecomunicaciones,44,965,2006.168,768.973,,,
2008,06 Colima,Subrama 54151 Servicios de diseño de sistemas de cómputo y servicios relacionados,17,,,,,,
2008,07 Chiapas,"Subsector 334 Fabricación de equipo de computación, comunicación, medición y de otros equipos, componentes y accesorios electrónicos",3,,,,,,
2008,07 Chiapas,"Subsector 512 Industria fílmica y del video, e industria del sonido",22,439,227.184,113.937,,,
2008,07 Chiapas,Subsector 516 Radio y televisión y provisión de contenido,85,609,60.58,15.17,,,
2008,07 Chiapas,Subsector 517 Telecomunicaciones,178,1901,3649.205,1551.057,,,
2008,07 Chiapas,"Subsector 518 Provisión de infraestructura de servicios de cómputo, procesamiento de datos, hospedaje de páginas de internet y otros servicios relacionados",2,,,,,,
2008,07 Chiapas,Subrama 54151 Servicios de diseño de sistemas de cómputo y servicios relacionados,47,147,72.09,54.439,,,
2008,08 Chihuahua,"Subsector 334 Fabricación de equipo de computación, comunicación, medición y de otros equipos, componentes y accesorios electrónicos",97,76721,23030.227,17688.963,,,
2008,08 Chihuahua,"Subsector 512 Industria fílmica y del video, e industria del sonido",21,377,229.016,144.419,,,
2008,08 Chihuahua,Rama 5132 Edición de software,1,,,,,,
2008,08 Chihuahua,Subsector 516 Radio y televisión y provisión de contenido,84,1150,346.674,138.455,,,
2008,08 Chihuahua,Subsector 517 Telecomunicaciones,132,5162,13859.168,5158.237,,,
2008,08 Chihuahua,"Subsector 518 Provisión de infraestructura de servicios de cómputo, procesamiento de datos, hospedaje de páginas de internet y otros servicios relacionados",15,11069,1217.943,897.456,,,
2008,08 Chihuahua,Subrama 51929 Portales de búsqueda en la red y otros servicios de suministro de información,2,,,,,,
2008,08 Chihuahua,Subrama 54151 Servicios de diseño de sistemas de cómputo y servicios relacionados,54,1301,540.604,172.111,,,
2008,09 Ciudad de México,"Subsector 334 Fabricación de equipo de computación, comunicación, medición y de otros equipos, componentes y accesorios electrónicos",91,3772,2111.892,449.426,,,
2008,09 Ciudad de México,"Subsector 512 Industria fílmica y del video, e industria del sonido",352,9278,9822.286,1921.667,,,
2008,09 Ciudad de México,Rama 5132 Edición de software,31,843,1601.769,119.186,,,
2008,09 Ciudad de México,Subsector 516 Radio y televisión y provisión de contenido,103,16858,25822.955,9481.042,,,
2008,09 Ciudad de México,Subsector 517 Telecomunicaciones,767,46851,122717.776,44765.93,,,
2008,09 Ciudad de México,"Subsector 518 Provisión de infraestructura de servicios de cómputo, procesamiento de datos, hospedaje de páginas de internet y otros servicios relacionados",31,2737,2099.437,599.788,,,
2008,09 Ciudad de México,Subrama 51929 Portales de búsqueda en la red y otros servicios de suministro de información,12,957,971.655,359.911,,,
2008,09 Ciudad de México,Subrama 54151 Servicios de diseño de sistemas de cómputo y servicios relacionados,570,19069,11351.572,6298.592,,,
2008,10 Durango,"Subsector 512 Industria fílmica y del video, e industria del sonido",9,,,,,,
2008,10 Durango,Subsector 516 Radio y televisión y provisión de contenido,22,308,121.038,72.464,,,
2008,10 Durango,Subsector 517 Telecomunicaciones,48,1323,3190.455,1288.662,,,
2008,10 Durango,Subrama 54151 Servicios de diseño de sistemas de cómputo y servicios relacionados,12,,,,,,
2008,11 Guanajuato,"Subsector 334 Fabricación de equipo de computación, comunicación, medición y de otros equipos, componentes y accesorios electrónicos",7,424,151.003,76.396,,,
2008,11 Guanajuato,"Subsector 512 Industria fílmica y del video, e industria del sonido",21,318,183.27,121.147,,,
2008,11 Guanajuato,Rama 5132 Edición de software,3,,,,,,
2008,11 Guanajuato,Subsector 516 Radio y televisión y provisión de contenido,53,735,321.275,203.915,,,
2008,11 Guanajuato,Subsector 517 Telecomunicaciones,397,8691,13782.299,7115.616,,,
2008,11 Guanajuato,"Subsector 518 Provisión de infraestructura de servicios de cómputo, procesamiento de datos, hospedaje de páginas de internet y otros servicios relacionados",1,,,,,,
2008,11 Guanajuato,Subrama 54151 Servicios de diseño de sistemas de cómputo y servicios relacionados,73,705,105.972,79.668,,,
2008,12 Guerrero,"Subsector 512 Industria fílmica y del video, e industria del sonido",24,268,107.218,75.689,,,
2008,12 Guerrero,Subsector 516 Radio y televisión y provisión de contenido,52,699,144.561,29.336,,,
2008,12 Guerrero,Subsector 517 Telecomunicaciones,149,2284,4637.387,2069.147,,,
2008,12 Guerrero,Subrama 54151 Servicios de diseño de sistemas de cómputo y servicios relacionados,12,33,2.841,1.375,,,
2008,13 Hidalgo,"Subsector 334 Fabricación de equipo de computación, comunicación, medición y de otros equipos, componentes y accesorios electrónicos",3,,,,,,
2008,13 Hidalgo,"Subsector 512 Industria fílmica y del video, e industria del sonido",14,,,,,,
2008,13 Hidalgo,Subsector 516 Radio y televisión y provisión de contenido,29,478,69.667,44.553,,,
2008,13 Hidalgo,Subsector 517 Telecomunicaciones,249,2238,3272.918,1452.809,,,
2008,13 Hidalgo,Subrama 51929 Portales de búsqueda en la red y otros servicios de suministro de información,1,,,,,,
2008,13 Hidalgo,Subrama 54151 Servicios de diseño de sistemas de cómputo y servicios relacionados,15,55,20.613,3.902,,,
2008,14 Jalisco,"Subsector 334 Fabricación de equipo de computación, comunicación, medición y de otros equipos, componentes y accesorios electrónicos",61,42294,23042.454,6946.426,,,
2008,14 Jalisco,"Subsector 512 Industria fílmica y del video, e industria del sonido",81,1476,938.798,422.216,,,
2008,14 Jalisco,Rama 5132 Edición de software,9,347,163.715,19.879,,,
2008,14 Jalisco,Subsector 516 Radio y televisión y provisión de contenido,59,890,604.026,382.316,,,
2008,14 Jalisco,Subsector 517 Telecomunicaciones,467,9457,21962.543,9255.355,,,
2008,14 Jalisco,"Subsector 518 Provisión de infraestructura de servicios de cómputo, procesamiento de datos, hospedaje de páginas de internet y otros servicios relacionados",5,50,31.684,15.053,,,
2008,14 Jalisco,Subrama 51929 Portales de búsqueda en la red y otros servicios de suministro de información,1,,,,,,
2008,14 Jalisco,Subrama 54151 Servicios de diseño de sistemas de cómputo y servicios relacionados,156,1637,916.172,718.52,,,
2008,15 México,"Subsector 334 Fabricación de equipo de computación, comunicación, medición y de otros equipos, componentes y accesorios electrónicos",47,4937,5743.761,1713.779,,,
2008,15 México,"Subsector 512 Industria fílmica y del video, e industria del sonido",75,2493,1872.073,932.669,,,
2008,15 México,Rama 5132 Edición de software,1,,,,,,
2008,15 México,Subsector 516 Radio y televisión y provisión de contenido,35,853,371.067,106.959,,,
2008,15 México,Subsector 517 Telecomunicaciones,1064,13744,25276.139,11542.921,,,
2008,15 México,"Subsector 518 Provisión de infraestructura de servicios de cómputo, procesamiento de datos, hospedaje de páginas de internet y otros servicios relacionados",3,,,,,,
2008,15 México,Subrama 51929 Portales de búsqueda en la red y otros servicios de suministro de información,1,,,,,,
2008,15 México,Subrama 54151 Servicios de diseño de sistemas de cómputo y servicios relacionados,104,737,247.431,136.708,,,
2008,16 Michoacán de Ocampo,"Subsector 334 Fabricación de equipo de computación, comunicación, medición y de otros equipos, componentes y accesorios electrónicos",3,,,,,,
2008,16 Michoacán de Ocampo,"Subsector 512 Industria fílmica y del video, e industria del sonido",39,1414,136.588,-2989.978,,,
2008,16 Michoacán de Ocampo,Rama 5132 Edición de software,1,,,,,,
2008,16 Michoacán de Ocampo,Subsector 516 Radio y televisión y provisión de contenido,82,1102,333.198,178.322,,,
2008,16 Michoacán de Ocampo,Subsector 517 Telecomunicaciones,383,4255,6828.71,3072.407,,,
2008,16 Michoacán de Ocampo,Subrama 54151 Servicios de diseño de sistemas de cómputo y servicios relacionados,38,180,19.383,9.355,,,
2008,17 Morelos,"Subsector 334 Fabricación de equipo de computación, comunicación, medición y de otros equipos, componentes y accesorios electrónicos",11,1301,1706.94,667.934,,,
2008,17 Morelos,"Subsector 512 Industria fílmica y del video, e industria del sonido",18,415,319.359,241.316,,,
2008,17 Morelos,Subsector 516 Radio y televisión y provisión de contenido,15,353,89.393,47.312,,,
2008,17 Morelos,Subsector 517 Telecomunicaciones,204,2769,4521.47,2131.938,,,
2008,17 Morelos,Subrama 54151 Servicios de diseño de sistemas de cómputo y servicios relacionados,26,153,97.757,25.861,,,
2008,18 Nayarit,"Subsector 334 Fabricación de equipo de computación, comunicación, medición y de otros equipos, componentes y accesorios electrónicos",2,,,,,,
2008,18 Nayarit,"Subsector 512 Industria fílmica y del video, e industria del sonido",6,,,,,,
2008,18 Nayarit,Subsector 516 Radio y televisión y provisión de contenido,28,347,70.427,28.768,,,
2008,18 Nayarit,Subsector 517 Telecomunicaciones,108,1327,2045.628,1001.184,,,
2008,18 Nayarit,Subrama 54151 Servicios de diseño de sistemas de cómputo y servicios relacionados,8,,,,,,
2008,19 Nuevo León,"Subsector 334 Fabricación de equipo de computación, comunicación, medición y de otros equipos, componentes y accesorios electrónicos",48,14192,4196.281,2594.722,,,
2008,19 Nuevo León,"Subsector 512 Industria fílmica y del video, e industria del sonido",69,935,445.009,283.337,,,
2008,19 Nuevo León,Rama 5132 Edición de software,6,63,48.257,22.018,,,
2008,19 Nuevo León,Subsector 516 Radio y televisión y provisión de contenido,52,1424,1628.362,714.21,,,
2008,19 Nuevo León,Subsector 517 Telecomunicaciones,226,11177,24075.195,7233.716,,,
2008,19 Nuevo León,"Subsector 518 Provisión de infraestructura de servicios de cómputo, procesamiento de datos, hospedaje de páginas de internet y otros servicios relacionados",5,989,248.318,192.661,,,
2008,19 Nuevo León,Subrama 51929 Portales de búsqueda en la red y otros servicios de suministro de información,6,108,113.791,-2.429,,,
2008,19 Nuevo León,Subrama 54151 Servicios de diseño de sistemas de cómputo y servicios relacionados,236,5061,3687.407,1121.22,,,
2008,20 Oaxaca,"Subsector 334 Fabricación de equipo de computación, comunicación, medición y de otros equipos, componentes y accesorios electrónicos",2,,,,,,
2008,20 Oaxaca,"Subsector 512 Industria fílmica y del video, e industria del sonido",16,202,121.852,70.812,,,
2008,20 Oaxaca,Subsector 516 Radio y televisión y provisión de contenido,72,596,69.672,32.247,,,
2008,20 Oaxaca,Subsector 517 Telecomunicaciones,139,2030,3271.32,1477.995,,,
2008,20 Oaxaca,Subrama 54151 Servicios de diseño de sistemas de cómputo y servicios relacionados,35,,,,,,
2008,21 Puebla,"Subsector 334 Fabricación de equipo de computación, comunicación, medición y de otros equipos, componentes y accesorios electrónicos",17,152,47.767,22.027,,,
2008,21 Puebla,"Subsector 512 Industria fílmica y del video, e industria del sonido",43,483,245.208,135.189,,,
2008,21 Puebla,Rama 5132 Edición de software,1,,,,,,
2008,21 Puebla,Subsector 516 Radio y televisión y provisión de contenido,50,789,324.977,149.773,,,
2008,21 Puebla,Subsector 517 Telecomunicaciones,341,6851,12278.009,3797.628,,,
2008,21 Puebla,Subrama 51929 Portales de búsqueda en la red y otros servicios de suministro de información,3,,,,,,
2008,21 Puebla,Subrama 54151 Servicios de diseño de sistemas de cómputo y servicios relacionados,92,1121,256.335,189.236,,,
2008,22 Querétaro,"Subsector 334 Fabricación de equipo de computación, comunicación, medición y de otros equipos, componentes y accesorios electrónicos",31,4161,6083.06,1906.728,,,
2008,22 Querétaro,"Subsector 512 Industria fílmica y del video, e industria del sonido",17,225,149.051,79.341,,,
2008,22 Querétaro,Rama 5132 Edición de software,6,78,35.993,26.927,,,
2008,22 Querétaro,Subsector 516 Radio y televisión y provisión de contenido,19,221,84.698,55.168,,,
2008,22 Querétaro,Subsector 517 Telecomunicaciones,143,2744,7958.431,2973.509,,,
2008,22 Querétaro,"Subsector 518 Provisión de infraestructura de servicios de cómputo, procesamiento de datos, hospedaje de páginas de internet y otros servicios relacionados",1,,,,,,
2008,22 Querétaro,Subrama 51929 Portales de búsqueda en la red y otros servicios de suministro de información,1,,,,,,
2008,22 Querétaro,Subrama 54151 Servicios de diseño de sistemas de cómputo y servicios relacionados,49,1717,798.476,577.94,,,
2008,23 Quintana Roo,"Subsector 512 Industria fílmica y del video, e industria del sonido",17,396,246.439,167.916,,,
2008,23 Quintana Roo,Rama 5132 Edición de software,2,,,,,,
2008,23 Quintana Roo,Subsector 516 Radio y televisión y provisión de contenido,27,413,166.247,53.205,,,
2008,23 Quintana Roo,Subsector 517 Telecomunicaciones,89,1871,3856.965,1547.624,,,
2008,23 Quintana Roo,"Subsector 518 Provisión de infraestructura de servicios de cómputo, procesamiento de datos, hospedaje de páginas de internet y otros servicios relacionados",2,,,,,,
2008,23 Quintana Roo,Subrama 51929 Portales de búsqueda en la red y otros servicios de suministro de información,2,,,,,,
2008,23 Quintana Roo,Subrama 54151 Servicios de diseño de sistemas de cómputo y servicios relacionados,16,126,22.828,8.583,,,
2008,24 San Luis Potosí,"Subsector 334 Fabricación de equipo de computación, comunicación, medición y de otros equipos, componentes y accesorios electrónicos",10,752,206.343,69.167,,,
2008,24 San Luis Potosí,"Subsector 512 Industria fílmica y del video, e industria del sonido",12,,,,,,
2008,24 San Luis Potosí,Subsector 516 Radio y televisión y provisión de contenido,47,448,116.774,68.629,,,
2008,24 San Luis Potosí,Subsector 517 Telecomunicaciones,150,2455,4167.917,1961.836,,,
2008,24 San Luis Potosí,Subrama 54151 Servicios de diseño de sistemas de cómputo y servicios relacionados,36,,,,,,
2008,25 Sinaloa,"Subsector 334 Fabricación de equipo de computación, comunicación, medición y de otros equipos, componentes y accesorios electrónicos",1,,,,,,
2008,25 Sinaloa,"Subsector 512 Industria fílmica y del video, e industria del sonido",24,240,53.276,31.098,,,
2008,25 Sinaloa,Rama 5132 Edición de software,1,,,,,,
2008,25 Sinaloa,Subsector 516 Radio y televisión y provisión de contenido,40,750,281.148,213.738,,,
2008,25 Sinaloa,Subsector 517 Telecomunicaciones,167,3087,7044.411,2796.593,,,
2008,25 Sinaloa,Subrama 51929 Portales de búsqueda en la red y otros servicios de suministro de información,1,,,,,,
2008,25 Sinaloa,Subrama 54151 Servicios de diseño de sistemas de cómputo y servicios relacionados,48,,,,,,
2008,26 Sonora,"Subsector 334 Fabricación de equipo de computación, comunicación, medición y de otros equipos, componentes y accesorios electrónicos",65,22460,7757.554,3517.091,,,
2008,26 Sonora,"Subsector 512 Industria fílmica y del video, e industria del sonido",21,373,160.656,92.359,,,
2008,26 Sonora,Rama 5132 Edición de software,2,,,,,,
2008,26 Sonora,Subsector 516 Radio y televisión y provisión de contenido,75,1028,256.402,149.182,,,
2008,26 Sonora,Subsector 517 Telecomunicaciones,148,4610,10477.341,3684.146,,,
2008,26 Sonora,"Subsector 518 Provisión de infraestructura de servicios de cómputo, procesamiento de datos, hospedaje de páginas de internet y otros servicios relacionados",3,,,,,,
2008,26 Sonora,Subrama 51929 Portales de búsqueda en la red y otros servicios de suministro de información,2,,,,,,
2008,26 Sonora,Subrama 54151 Servicios de diseño de sistemas de cómputo y servicios relacionados,79,962,174.89,138.019,,,
2008,27 Tabasco,"Subsector 334 Fabricación de equipo de computación, comunicación, medición y de otros equipos, componentes y accesorios electrónicos",1,,,,,,
2008,27 Tabasco,"Subsector 512 Industria fílmica y del video, e industria del sonido",9,,,,,,
2008,27 Tabasco,Subsector 516 Radio y televisión y provisión de contenido,26,274,81.885,24.954,,,
2008,27 Tabasco,Subsector 517 Telecomunicaciones,104,1937,3539.8,1590.627,,,
2008,27 Tabasco,"Subsector 518 Provisión de infraestructura de servicios de cómputo, procesamiento de datos, hospedaje de páginas de internet y otros servicios relacionados",1,,,,,,
2008,27 Tabasco,Subrama 54151 Servicios de diseño de sistemas de cómputo y servicios relacionados,30,,,,,,
2008,28 Tamaulipas,"Subsector 334 Fabricación de equipo de computación, comunicación, medición y de otros equipos, componentes y accesorios electrónicos",62,59176,15183.104,10837.972,,,
2008,28 Tamaulipas,"Subsector 512 Industria fílmica y del video, e industria del sonido",25,385,204.311,140.672,,,
2008,28 Tamaulipas,Rama 5132 Edición de software,2,,,,,,
2008,28 Tamaulipas,Subsector 516 Radio y televisión y provisión de contenido,100,1316,413.14,108.58,,,
2008,28 Tamaulipas,Subsector 517 Telecomunicaciones,248,4845,10492.324,3935.03,,,
2008,28 Tamaulipas,"Subsector 518 Provisión de infraestructura de servicios de cómputo, procesamiento de datos, hospedaje de páginas de internet y otros servicios relacionados",1,,,,,,
2008,28 Tamaulipas,Subrama 54151 Servicios de diseño de sistemas de cómputo y servicios relacionados,51,328,191.368,79.401,,,
2008,29 Tlaxcala,"Subsector 334 Fabricación de equipo de computación, comunicación, medición y de otros equipos, componentes y accesorios electrónicos",1,,,,,,
2008,29 Tlaxcala,"Subsector 512 Industria fílmica y del video, e industria del sonido",6,39,12.851,2.592,,,
2008,29 Tlaxcala,Subsector 516 Radio y televisión y provisión de contenido,11,105,9.979,7.248,,,
2008,29 Tlaxcala,Subsector 517 Telecomunicaciones,122,976,1364.589,607.656,,,
2008,29 Tlaxcala,Subrama 51929 Portales de búsqueda en la red y otros servicios de suministro de información,1,,,,,,
2008,29 Tlaxcala,Subrama 54151 Servicios de diseño de sistemas de cómputo y servicios relacionados,14,74,17.514,8.963,,,
2008,30 Veracruz de Ignacio de la Llave,"Subsector 334 Fabricación de equipo de computación, comunicación, medición y de otros equipos, componentes y accesorios electrónicos",6,43,9.787,2.531,,,
2008,30 Veracruz de Ignacio de la Llave,"Subsector 512 Industria fílmica y del video, e industria del sonido",37,569,202.238,125.01,,,
2008,30 Veracruz de Ignacio de la Llave,Rama 5132 Edición de software,1,,,,,,
2008,30 Veracruz de Ignacio de la Llave,Subsector 516 Radio y televisión y provisión de contenido,111,1628,583.605,330.031,,,
2008,30 Veracruz de Ignacio de la Llave,Subsector 517 Telecomunicaciones,375,6577,11186.594,4997.308,,,
2008,30 Veracruz de Ignacio de la Llave,"Subsector 518 Provisión de infraestructura de servicios de cómputo, procesamiento de datos, hospedaje de páginas de internet y otros servicios relacionados",5,34,19.385,4.531,,,
2008,30 Veracruz de Ignacio de la Llave,Subrama 51929 Portales de búsqueda en la red y otros servicios de suministro de información,2,,,,,,
2008,30 Veracruz de Ignacio de la Llave,Subrama 54151 Servicios de diseño de sistemas de cómputo y servicios relacionados,89,556,168.278,89.908,,,
2008,31 Yucatán,"Subsector 334 Fabricación de equipo de computación, comunicación, medición y de otros equipos, componentes y accesorios electrónicos",2,,,,,,
2008,31 Yucatán,"Subsector 512 Industria fílmica y del video, e industria del sonido",18,500,153.681,92.569,,,
2008,31 Yucatán,Rama 5132 Edición de software,3,,,,,,
2008,31 Yucatán,Subsector 516 Radio y televisión y provisión de contenido,23,473,144.839,101.409,,,
2008,31 Yucatán,Subsector 517 Telecomunicaciones,106,2278,6936.861,2363.532,,,
2008,31 Yucatán,"Subsector 518 Provisión de infraestructura de servicios de cómputo, procesamiento de datos, hospedaje de páginas de internet y otros servicios relacionados",4,170,19.054,12.118,,,
2008,31 Yucatán,Subrama 54151 Servicios de diseño de sistemas de cómputo y servicios relacionados,53,,,,,,
2008,32 Zacatecas,"Subsector 512 Industria fílmica y del video, e industria del sonido",7,,,,,,
2008,32 Zacatecas,Subsector 516 Radio y televisión y provisión de contenido,29,451,127.89,43.228,,,
2008,32 Zacatecas,Subsector 517 Telecomunicaciones,104,1408,2291.198,1029.706,,,
2008,32 Zacatecas,Subrama 51929 Portales de búsqueda en la red y otros servicios de suministro de información,1,,,,,,
2008,32 Zacatecas,Subrama 54151 Servicios de diseño de sistemas de cómputo y servicios relacionados,15,,,,,,
2003,00 Total Nacional,"Subsector 334 Fabricación de equipo de computación, comunicación, medición y de otros equipos, componentes y accesorios electrónicos",791,262861,127402.199,47108.732,,,
2003,00 Total Nacional,"Subsector 512 Industria fílmica y del video, e industria del sonido",1214,28103,28325.87,15440.363,,,
2003,00 Total Nacional,Rama 5132 Edición de software,108,2194,715.842,389.827,,,
2003,00 Total Nacional,Subsector 516 Radio y televisión y provisión de contenido,1622,30610,17795.006,7816.28,,,
2003,00 Total Nacional,Subsector 517 Telecomunicaciones,1814,117810,212168.55,125239.932,,,
2003,00 Total Nacional,"Subsector 518 Provisión de infraestructura de servicios de cómputo, procesamiento de datos, hospedaje de páginas de internet y otros servicios relacionados",229,18910,3573.883,1688.626,,,
2003,00 Total Nacional,Subrama 51929 Portales de búsqueda en la red y otros servicios de suministro de información,709,3755,1960.172,698.122,,,
2003,00 Total Nacional,Subrama 54151 Servicios de diseño de sistemas de cómputo y servicios relacionados,1660,28489,12415.361,5353.831,,,
2003,01 Aguascalientes,"Subsector 334 Fabricación de equipo de computación, comunicación, medición y de otros equipos, componentes y accesorios electrónicos",5,,,,,,
2003,01 Aguascalientes,"Subsector 512 Industria fílmica y del video, e industria del sonido",12,119,80.549,22.719,,,
2003,01 Aguascalientes,Rama 5132 Edición de software,4,,,,,,
2003,01 Aguascalientes,Subsector 516 Radio y televisión y provisión de contenido,11,,,,,,
2003,01 Aguascalientes,Subsector 517 Telecomunicaciones,31,439,642.585,211.343,,,
2003,01 Aguascalientes,"Subsector 518 Provisión de infraestructura de servicios de cómputo, procesamiento de datos, hospedaje de páginas de internet y otros servicios relacionados",1,,,,,,
2003,01 Aguascalientes,Subrama 51929 Portales de búsqueda en la red y otros servicios de suministro de información,1,,,,,,
2003,01 Aguascalientes,Subrama 54151 Servicios de diseño de sistemas de cómputo y servicios relacionados,26,147,33.493,18.904,,,
2003,02 Baja California,"Subsector 334 Fabricación de equipo de computación, comunicación, medición y de otros equipos, componentes y accesorios electrónicos",171,71639,17479.633,10902.94,,,
2003,02 Baja California,"Subsector 512 Industria fílmica y del video, e industria del sonido",30,700,328.791,68.001,,,
2003,02 Baja California,Rama 5132 Edición de software,2,,,,,,
2003,02 Baja California,Subsector 516 Radio y televisión y provisión de contenido,46,799,345.097,101.762,,,
2003,02 Baja California,Subsector 517 Telecomunicaciones,31,1358,4036.023,1769.978,,,
2003,02 Baja California,"Subsector 518 Provisión de infraestructura de servicios de cómputo, procesamiento de datos, hospedaje de páginas de internet y otros servicios relacionados",7,1006,102.733,76.365,,,
2003,02 Baja California,Subrama 51929 Portales de búsqueda en la red y otros servicios de suministro de información,3,,,,,,
2003,02 Baja California,Subrama 54151 Servicios de diseño de sistemas de cómputo y servicios relacionados,51,554,177.992,152.856,,,
2003,03 Baja California Sur,"Subsector 512 Industria fílmica y del video, e industria del sonido",7,,,,,,
2003,03 Baja California Sur,Subsector 516 Radio y televisión y provisión de contenido,17,87,7.013,-5.625,,,
2003,03 Baja California Sur,Subsector 517 Telecomunicaciones,14,275,299.246,119.691,,,
2003,03 Baja California Sur,"Subsector 518 Provisión de infraestructura de servicios de cómputo, procesamiento de datos, hospedaje de páginas de internet y otros servicios relacionados",2,,,,,,
2003,03 Baja California Sur,Subrama 54151 Servicios de diseño de sistemas de cómputo y servicios relacionados,6,,,,,,
2003,04 Campeche,"Subsector 512 Industria fílmica y del video, e industria del sonido",6,82,14.935,4.158,,,
2003,04 Campeche,Subsector 516 Radio y televisión y provisión de contenido,31,293,29.892,14.848,,,
2003,04 Campeche,Subsector 517 Telecomunicaciones,30,467,549.465,159.594,,,
2003,04 Campeche,Subrama 51929 Portales de búsqueda en la red y otros servicios de suministro de información,4,14,1.374,0.298,,,
2003,04 Campeche,Subrama 54151 Servicios de diseño de sistemas de cómputo y servicios relacionados,15,,,,,,
2003,05 Coahuila de Zaragoza,"Subsector 334 Fabricación de equipo de computación, comunicación, medición y de otros equipos, componentes y accesorios electrónicos",15,3523,466.19,301.769,,,
2003,05 Coahuila de Zaragoza,"Subsector 512 Industria fílmica y del video, e industria del sonido",42,436,132.102,22.856,,,
2003,05 Coahuila de Zaragoza,Rama 5132 Edición de software,1,,,,,,
2003,05 Coahuila de Zaragoza,Subsector 516 Radio y televisión y provisión de contenido,83,1007,237.846,73.755,,,
2003,05 Coahuila de Zaragoza,Subsector 517 Telecomunicaciones,45,1123,787.879,310.238,,,
2003,05 Coahuila de Zaragoza,"Subsector 518 Provisión de infraestructura de servicios de cómputo, procesamiento de datos, hospedaje de páginas de internet y otros servicios relacionados",2,,,,,,
2003,05 Coahuila de Zaragoza,Subrama 51929 Portales de búsqueda en la red y otros servicios de suministro de información,3,,,,,,
2003,05 Coahuila de Zaragoza,Subrama 54151 Servicios de diseño de sistemas de cómputo y servicios relacionados,36,188,57.784,36.126,,,
2003,06 Colima,"Subsector 512 Industria fílmica y del video, e industria del sonido",8,,,,,,
2003,06 Colima,Rama 5132 Edición de software,1,,,,,,
2003,06 Colima,Subsector 516 Radio y televisión y provisión de contenido,29,273,34.587,7.759,,,
2003,06 Colima,Subsector 517 Telecomunicaciones,15,312,231.319,94.106,,,
2003,06 Colima,"Subsector 518 Provisión de infraestructura de servicios de cómputo, procesamiento de datos, hospedaje de páginas de internet y otros servicios relacionados",1,,,,,,
2003,06 Colima,Subrama 54151 Servicios de diseño de sistemas de cómputo y servicios relacionados,6,17,2.228,1.024,,,
2003,07 Chiapas,"Subsector 334 Fabricación de equipo de computación, comunicación, medición y de otros equipos, componentes y accesorios electrónicos",2,,,,,,
2003,07 Chiapas,"Subsector 512 Industria fílmica y del video, e industria del sonido",21,260,73.808,-51.522,,,
2003,07 Chiapas,Rama 5132 Edición de software,1,,,,,,
2003,07 Chiapas,Subsector 516 Radio y televisión y provisión de contenido,62,525,121.775,26.497,,,
2003,07 Chiapas,Subsector 517 Telecomunicaciones,72,1145,1031.25,415.003,,,
2003,07 Chiapas,"Subsector 518 Provisión de infraestructura de servicios de cómputo, procesamiento de datos, hospedaje de páginas de internet y otros servicios relacionados",3,6,0.298,0.105,,,
2003,07 Chiapas,Subrama 51929 Portales de búsqueda en la red y otros servicios de suministro de información,3,,,,,,
2003,07 Chiapas,Subrama 54151 Servicios de diseño de sistemas de cómputo y servicios relacionados,11,47,7.416,4.997,,,
2003,08 Chihuahua,"Subsector 334 Fabricación de equipo de computación, comunicación, medición y de otros equipos, componentes y accesorios electrónicos",93,54665,23647.811,13581.92,,,
2003,08 Chihuahua,"Subsector 512 Industria fílmica y del video, e industria del sonido",33,376,192.969,32.751,,,
2003,08 Chihuahua,Rama 5132 Edición de software,2,,,,,,
2003,08 Chihuahua,Subsector 516 Radio y televisión y provisión de contenido,72,860,249.116,115.645,,,
2003,08 Chihuahua,Subsector 517 Telecomunicaciones,40,1241,2189.789,879.784,,,
2003,08 Chihuahua,"Subsector 518 Provisión de infraestructura de servicios de cómputo, procesamiento de datos, hospedaje de páginas de internet y otros servicios relacionados",15,,,,,,
2003,08 Chihuahua,Subrama 51929 Portales de búsqueda en la red y otros servicios de suministro de información,3,,,,,,
2003,08 Chihuahua,Subrama 54151 Servicios de diseño de sistemas de cómputo y servicios relacionados,53,642,447.652,219.105,,,
2003,09 Ciudad de México,"Subsector 334 Fabricación de equipo de computación, comunicación, medición y de otros equipos, componentes y accesorios electrónicos",121,6449,2702.03,1072.9,,,
2003,09 Ciudad de México,"Subsector 512 Industria fílmica y del video, e industria del sonido",327,15354,22068.601,13590.038,,,
2003,09 Ciudad de México,Rama 5132 Edición de software,59,1419,611.267,336.704,,,
2003,09 Ciudad de México,Subsector 516 Radio y televisión y provisión de contenido,116,12505,12201.089,5417.175,,,
2003,09 Ciudad de México,Subsector 517 Telecomunicaciones,161,82110,151661.945,99573.408,,,
2003,09 Ciudad de México,"Subsector 518 Provisión de infraestructura de servicios de cómputo, procesamiento de datos, hospedaje de páginas de internet y otros servicios relacionados",74,4923,2318.285,760.37,,,
2003,09 Ciudad de México,Subrama 51929 Portales de búsqueda en la red y otros servicios de suministro de información,37,1657,1314.515,493.8,,,
2003,09 Ciudad de México,Subrama 54151 Servicios de diseño de sistemas de cómputo y servicios relacionados,506,15516,8000.835,3302.989,,,
2003,10 Durango,"Subsector 334 Fabricación de equipo de computación, comunicación, medición y de otros equipos, componentes y accesorios electrónicos",3,1795,649.178,414.292,,,
2003,10 Durango,"Subsector 512 Industria fílmica y del video, e industria del sonido",12,,,,,,
2003,10 Durango,Subsector 516 Radio y televisión y provisión de contenido,22,212,36.05,12.887,,,
2003,10 Durango,Subsector 517 Telecomunicaciones,16,351,284.853,148.714,,,
2003,10 Durango,"Subsector 518 Provisión de infraestructura de servicios de cómputo, procesamiento de datos, hospedaje de páginas de internet y otros servicios relacionados",2,,,,,,
2003,10 Durango,Subrama 54151 Servicios de diseño de sistemas de cómputo y servicios relacionados,14,,,,,,
2003,11 Guanajuato,"Subsector 334 Fabricación de equipo de computación, comunicación, medición y de otros equipos, componentes y accesorios electrónicos",7,55,16.412,8.77,,,
2003,11 Guanajuato,"Subsector 512 Industria fílmica y del video, e industria del sonido",37,461,194.89,7.251,,,
2003,11 Guanajuato,Rama 5132 Edición de software,2,,,,,,
2003,11 Guanajuato,Subsector 516 Radio y televisión y provisión de contenido,57,654,158.365,79.969,,,
2003,11 Guanajuato,Subsector 517 Telecomunicaciones,85,1399,1903.638,619.849,,,
2003,11 Guanajuato,"Subsector 518 Provisión de infraestructura de servicios de cómputo, procesamiento de datos, hospedaje de páginas de internet y otros servicios relacionados",4,37,3.576,1.452,,,
2003,11 Guanajuato,Subrama 51929 Portales de búsqueda en la red y otros servicios de suministro de información,8,,,,,,
2003,11 Guanajuato,Subrama 54151 Servicios de diseño de sistemas de cómputo y servicios relacionados,80,469,89.42,54.587,,,
2003,12 Guerrero,"Subsector 512 Industria fílmica y del video, e industria del sonido",27,161,69.529,21.715,,,
2003,12 Guerrero,Subsector 516 Radio y televisión y provisión de contenido,72,768,146.682,56.196,,,
2003,12 Guerrero,Subsector 517 Telecomunicaciones,40,702,673.391,320.325,,,
2003,12 Guerrero,"Subsector 518 Provisión de infraestructura de servicios de cómputo, procesamiento de datos, hospedaje de páginas de internet y otros servicios relacionados",4,20,5.372,2.521,,,
2003,12 Guerrero,Subrama 51929 Portales de búsqueda en la red y otros servicios de suministro de información,3,,,,,,
2003,12 Guerrero,Subrama 54151 Servicios de diseño de sistemas de cómputo y servicios relacionados,12,,,,,,
2003,13 Hidalgo,"Subsector 334 Fabricación de equipo de computación, comunicación, medición y de otros equipos, componentes y accesorios electrónicos",2,,,,,,
2003,13 Hidalgo,"Subsector 512 Industria fílmica y del video, e industria del sonido",20,143,35.628,7.605,,,
2003,13 Hidalgo,Subsector 516 Radio y televisión y provisión de contenido,29,241,62.356,41.477,,,
2003,13 Hidalgo,Subsector 517 Telecomunicaciones,62,576,325.49,85.425,,,
2003,13 Hidalgo,"Subsector 518 Provisión de infraestructura de servicios de cómputo, procesamiento de datos, hospedaje de páginas de internet y otros servicios relacionados",3,,,,,,
2003,13 Hidalgo,Subrama 51929 Portales de búsqueda en la red y otros servicios de suministro de información,4,,,,,,
2003,13 Hidalgo,Subrama 54151 Servicios de diseño de sistemas de cómputo y servicios relacionados,13,29,2.889,0.627,,,
2003,14 Jalisco,"Subsector 334 Fabricación de equipo de computación, comunicación, medición y de otros equipos, componentes y accesorios electrónicos",71,34685,46494.642,5740.348,,,
2003,14 Jalisco,"Subsector 512 Industria fílmica y del video, e industria del sonido",109,1494,716.022,198.037,,,
2003,14 Jalisco,Rama 5132 Edición de software,13,282,43.164,19.017,,,
2003,14 Jalisco,Subsector 516 Radio y televisión y provisión de contenido,83,1066,364.865,112.45,,,
2003,14 Jalisco,Subsector 517 Telecomunicaciones,158,2941,7199.076,3062.158,,,
2003,14 Jalisco,"Subsector 518 Provisión de infraestructura de servicios de cómputo, procesamiento de datos, hospedaje de páginas de internet y otros servicios relacionados",17,167,20,15.017,,,
2003,14 Jalisco,Subrama 51929 Portales de búsqueda en la red y otros servicios de suministro de información,19,167,55.225,-18.311,,,
2003,14 Jalisco,Subrama 54151 Servicios de diseño de sistemas de cómputo y servicios relacionados,104,4061,184.178,101.787,,,
2003,15 México,"Subsector 334 Fabricación de equipo de computación, comunicación, medición y de otros equipos, componentes y accesorios electrónicos",36,5698,4382.805,1004.97,,,
2003,15 México,"Subsector 512 Industria fílmica y del video, e industria del sonido",68,1723,1840.516,933.9,,,
2003,15 México,Rama 5132 Edición de software,2,,,,,,
2003,15 México,Subsector 516 Radio y televisión y provisión de contenido,54,660,265.488,106.173,,,
2003,15 México,Subsector 517 Telecomunicaciones,151,2544,3814.585,1234.085,,,
2003,15 México,"Subsector 518 Provisión de infraestructura de servicios de cómputo, procesamiento de datos, hospedaje de páginas de internet y otros servicios relacionados",14,36,4.078,-0.855,,,
2003,15 México,Subrama 51929 Portales de búsqueda en la red y otros servicios de suministro de información,16,39,5.092,4.298,,,
2003,15 México,Subrama 54151 Servicios de diseño de sistemas de cómputo y servicios relacionados,91,663,127.682,76.435,,,
2003,16 Michoacán de Ocampo,"Subsector 334 Fabricación de equipo de computación, comunicación, medición y de otros equipos, componentes y accesorios electrónicos",3,50,4.941,2.421,,,
2003,16 Michoacán de Ocampo,"Subsector 512 Industria fílmica y del video, e industria del sonido",44,876,112.517,-13.556,,,
2003,16 Michoacán de Ocampo,Subsector 516 Radio y televisión y provisión de contenido,103,1058,357.114,138.882,,,
2003,16 Michoacán de Ocampo,Subsector 517 Telecomunicaciones,101,900,1048.014,538.585,,,
2003,16 Michoacán de Ocampo,"Subsector 518 Provisión de infraestructura de servicios de cómputo, procesamiento de datos, hospedaje de páginas de internet y otros servicios relacionados",8,19,2.698,0.884,,,
2003,16 Michoacán de Ocampo,Subrama 51929 Portales de búsqueda en la red y otros servicios de suministro de información,2,,,,,,
2003,16 Michoacán de Ocampo,Subrama 54151 Servicios de diseño de sistemas de cómputo y servicios relacionados,35,85,6.773,3.306,,,
2003,17 Morelos,"Subsector 334 Fabricación de equipo de computación, comunicación, medición y de otros equipos, componentes y accesorios electrónicos",4,,,,,,
2003,17 Morelos,"Subsector 512 Industria fílmica y del video, e industria del sonido",14,,,,,,
2003,17 Morelos,Subsector 516 Radio y televisión y provisión de contenido,16,157,51.287,27.065,,,
2003,17 Morelos,Subsector 517 Telecomunicaciones,37,487,544.236,121.535,,,
2003,17 Morelos,"Subsector 518 Provisión de infraestructura de servicios de cómputo, procesamiento de datos, hospedaje de páginas de internet y otros servicios relacionados",3,,,,,,
2003,17 Morelos,Subrama 54151 Servicios de diseño de sistemas de cómputo y servicios relacionados,20,109,60.922,31.012,,,
2003,18 Nayarit,"Subsector 512 Industria fílmica y del video, e industria del sonido",4,,,,,,
2003,18 Nayarit,Subsector 516 Radio y televisión y provisión de contenido,19,167,28.043,13.549,,,
2003,18 Nayarit,Subsector 517 Telecomunicaciones,24,347,278.16,53.859,,,
2003,18 Nayarit,"Subsector 518 Provisión de infraestructura de servicios de cómputo, procesamiento de datos, hospedaje de páginas de internet y otros servicios relacionados",2,,,,,,
2003,18 Nayarit,Subrama 54151 Servicios de diseño de sistemas de cómputo y servicios relacionados,3,5,0.79,0.333,,,
2003,19 Nuevo León,"Subsector 334 Fabricación de equipo de computación, comunicación, medición y de otros equipos, componentes y accesorios electrónicos",62,11401,8906.583,2001.737,,,
2003,19 Nuevo León,"Subsector 512 Industria fílmica y del video, e industria del sonido",84,1394,587.435,138.462,,,
2003,19 Nuevo León,Rama 5132 Edición de software,14,143,31.537,17.674,,,
2003,19 Nuevo León,Subsector 516 Radio y televisión y provisión de contenido,56,1429,793.753,386.508,,,
2003,19 Nuevo León,Subsector 517 Telecomunicaciones,82,6900,14238.081,6534.338,,,
2003,19 Nuevo León,"Subsector 518 Provisión de infraestructura de servicios de cómputo, procesamiento de datos, hospedaje de páginas de internet y otros servicios relacionados",14,843,112.715,84.385,,,
2003,19 Nuevo León,Subrama 51929 Portales de búsqueda en la red y otros servicios de suministro de información,13,,,,,,
2003,19 Nuevo León,Subrama 54151 Servicios de diseño de sistemas de cómputo y servicios relacionados,194,2702,1890.713,564.808,,,
2003,20 Oaxaca,"Subsector 512 Industria fílmica y del video, e industria del sonido",24,313,25.92,19.791,,,
2003,20 Oaxaca,Rama 5132 Edición de software,1,,,,,,
2003,20 Oaxaca,Subsector 516 Radio y televisión y provisión de contenido,50,322,57.293,18.352,,,
2003,20 Oaxaca,Subsector 517 Telecomunicaciones,53,825,342.855,152.371,,,
2003,20 Oaxaca,"Subsector 518 Provisión de infraestructura de servicios de cómputo, procesamiento de datos, hospedaje de páginas de internet y otros servicios relacionados",2,,,,,,
2003,20 Oaxaca,Subrama 51929 Portales de búsqueda en la red y otros servicios de suministro de información,7,,,,,,
2003,20 Oaxaca,Subrama 54151 Servicios de diseño de sistemas de cómputo y servicios relacionados,23,,,,,,
2003,21 Puebla,"Subsector 334 Fabricación de equipo de computación, comunicación, medición y de otros equipos, componentes y accesorios electrónicos",15,203,33.785,14.97,,,
2003,21 Puebla,"Subsector 512 Industria fílmica y del video, e industria del sonido",43,527,269.052,44.272,,,
2003,21 Puebla,Subsector 516 Radio y televisión y provisión de contenido,54,707,306.594,152.464,,,
2003,21 Puebla,Subsector 517 Telecomunicaciones,77,1266,3905.304,1977.653,,,
2003,21 Puebla,"Subsector 518 Provisión de infraestructura de servicios de cómputo, procesamiento de datos, hospedaje de páginas de internet y otros servicios relacionados",8,35,3.428,2.561,,,
2003,21 Puebla,Subrama 51929 Portales de búsqueda en la red y otros servicios de suministro de información,11,,,,,,
2003,21 Puebla,Subrama 54151 Servicios de diseño de sistemas de cómputo y servicios relacionados,58,1145,895.288,546.548,,,
2003,22 Querétaro,"Subsector 334 Fabricación de equipo de computación, comunicación, medición y de otros equipos, componentes y accesorios electrónicos",19,3634,3280.881,823.936,,,
2003,22 Querétaro,"Subsector 512 Industria fílmica y del video, e industria del sonido",15,213,118.625,17.159,,,
2003,22 Querétaro,Rama 5132 Edición de software,2,,,,,,
2003,22 Querétaro,Subsector 516 Radio y televisión y provisión de contenido,18,248,93.356,69.147,,,
2003,22 Querétaro,Subsector 517 Telecomunicaciones,30,936,2716.263,1175.06,,,
2003,22 Querétaro,"Subsector 518 Provisión de infraestructura de servicios de cómputo, procesamiento de datos, hospedaje de páginas de internet y otros servicios relacionados",5,,,,,,
2003,22 Querétaro,Subrama 54151 Servicios de diseño de sistemas de cómputo y servicios relacionados,30,179,56.884,29.175,,,
2003,23 Quintana Roo,"Subsector 512 Industria fílmica y del video, e industria del sonido",12,259,120.205,30.081,,,
2003,23 Quintana Roo,Subsector 516 Radio y televisión y provisión de contenido,29,542,160.558,97.956,,,
2003,23 Quintana Roo,Subsector 517 Telecomunicaciones,16,467,1007.792,359.002,,,
2003,23 Quintana Roo,"Subsector 518 Provisión de infraestructura de servicios de cómputo, procesamiento de datos, hospedaje de páginas de internet y otros servicios relacionados",5,12,1.929,1.232,,,
2003,23 Quintana Roo,Subrama 54151 Servicios de diseño de sistemas de cómputo y servicios relacionados,15,57,7.081,3.415,,,
2003,24 San Luis Potosí,"Subsector 334 Fabricación de equipo de computación, comunicación, medición y de otros equipos, componentes y accesorios electrónicos",8,738,94.431,60.298,,,
2003,24 San Luis Potosí,"Subsector 512 Industria fílmica y del video, e industria del sonido",22,,,,,,
2003,24 San Luis Potosí,Subsector 516 Radio y televisión y provisión de contenido,52,681,200.808,86.526,,,
2003,24 San Luis Potosí,Subsector 517 Telecomunicaciones,50,649,607.004,213.382,,,
2003,24 San Luis Potosí,"Subsector 518 Provisión de infraestructura de servicios de cómputo, procesamiento de datos, hospedaje de páginas de internet y otros servicios relacionados",2,,,,,,
2003,24 San Luis Potosí,Subrama 51929 Portales de búsqueda en la red y otros servicios de suministro de información,28,,,,,,
2003,24 San Luis Potosí,Subrama 54151 Servicios de diseño de sistemas de cómputo y servicios relacionados,22,,,,,,
2003,25 Sinaloa,"Subsector 334 Fabricación de equipo de computación, comunicación, medición y de otros equipos, componentes y accesorios electrónicos",5,317,92.834,25.673,,,
2003,25 Sinaloa,"Subsector 512 Industria fílmica y del video, e industria del sonido",27,,,,,,
2003,25 Sinaloa,Subsector 516 Radio y televisión y provisión de contenido,40,585,184.548,80.836,,,
2003,25 Sinaloa,Subsector 517 Telecomunicaciones,28,1057,1041.729,487.193,,,
2003,25 Sinaloa,"Subsector 518 Provisión de infraestructura de servicios de cómputo, procesamiento de datos, hospedaje de páginas de internet y otros servicios relacionados",2,,,,,,
2003,25 Sinaloa,Subrama 51929 Portales de búsqueda en la red y otros servicios de suministro de información,112,,,,,,
2003,25 Sinaloa,Subrama 54151 Servicios de diseño de sistemas de cómputo y servicios relacionados,24,152,18.973,9.505,,,
2003,26 Sonora,"Subsector 334 Fabricación de equipo de computación, comunicación, medición y de otros equipos, componentes y accesorios electrónicos",76,24857,5129.329,2900.446,,,
2003,26 Sonora,"Subsector 512 Industria fílmica y del video, e industria del sonido",16,248,151.787,17.986,,,
2003,26 Sonora,Rama 5132 Edición de software,1,,,,,,
2003,26 Sonora,Subsector 516 Radio y televisión y provisión de contenido,94,1168,285.683,193.718,,,
2003,26 Sonora,Subsector 517 Telecomunicaciones,42,1314,2939.149,1158.893,,,
2003,26 Sonora,"Subsector 518 Provisión de infraestructura de servicios de cómputo, procesamiento de datos, hospedaje de páginas de internet y otros servicios relacionados",10,1323,122.846,96.74,,,
2003,26 Sonora,Subrama 51929 Portales de búsqueda en la red y otros servicios de suministro de información,45,121,12.39,6.784,,,
2003,26 Sonora,Subrama 54151 Servicios de diseño de sistemas de cómputo y servicios relacionados,29,197,47.284,25.889,,,
2003,27 Tabasco,"Subsector 334 Fabricación de equipo de computación, comunicación, medición y de otros equipos, componentes y accesorios electrónicos",1,,,,,,
2003,27 Tabasco,"Subsector 512 Industria fílmica y del video, e industria del sonido",7,341,103.809,41.802,,,
2003,27 Tabasco,Rama 5132 Edición de software,1,,,,,,
2003,27 Tabasco,Subsector 516 Radio y televisión y provisión de contenido,31,329,92.487,45.669,,,
2003,27 Tabasco,Subsector 517 Telecomunicaciones,48,753,629.767,324.867,,,
2003,27 Tabasco,Subrama 51929 Portales de búsqueda en la red y otros servicios de suministro de información,14,27,1.309,0.626,,,
2003,27 Tabasco,Subrama 54151 Servicios de diseño de sistemas de cómputo y servicios relacionados,28,379,107.64,65.935,,,
2003,28 Tamaulipas,"Subsector 334 Fabricación de equipo de computación, comunicación, medición y de otros equipos, componentes y accesorios electrónicos",59,35318,7011.14,5041.372,,,
2003,28 Tamaulipas,"Subsector 512 Industria fílmica y del video, e industria del sonido",45,570,200.528,24.273,,,
2003,28 Tamaulipas,Rama 5132 Edición de software,1,,,,,,
2003,28 Tamaulipas,Subsector 516 Radio y televisión y provisión de contenido,87,1170,355.573,123.107,,,
2003,28 Tamaulipas,Subsector 517 Telecomunicaciones,76,1620,1460.42,586.694,,,
2003,28 Tamaulipas,"Subsector 518 Provisión de infraestructura de servicios de cómputo, procesamiento de datos, hospedaje de páginas de internet y otros servicios relacionados",3,1105,17.434,11.649,,,
2003,28 Tamaulipas,Subrama 51929 Portales de búsqueda en la red y otros servicios de suministro de información,53,124,21.507,11.153,,,
2003,28 Tamaulipas,Subrama 54151 Servicios de diseño de sistemas de cómputo y servicios relacionados,54,269,48.4,21.342,,,
2003,29 Tlaxcala,"Subsector 334 Fabricación de equipo de computación, comunicación, medición y de otros equipos, componentes y accesorios electrónicos",2,,,,,,
2003,29 Tlaxcala,"Subsector 512 Industria fílmica y del video, e industria del sonido",10,57,3.876,1.435,,,
2003,29 Tlaxcala,Subsector 516 Radio y televisión y provisión de contenido,9,,,,,,
2003,29 Tlaxcala,Subsector 517 Telecomunicaciones,17,191,178.14,85.312,,,
2003,29 Tlaxcala,"Subsector 518 Provisión de infraestructura de servicios de cómputo, procesamiento de datos, hospedaje de páginas de internet y otros servicios relacionados",1,,,,,,
2003,29 Tlaxcala,Subrama 51929 Portales de búsqueda en la red y otros servicios de suministro de información,38,,,,,,
2003,29 Tlaxcala,Subrama 54151 Servicios de diseño de sistemas de cómputo y servicios relacionados,6,,,,,,
2003,30 Veracruz de Ignacio de la Llave,"Subsector 334 Fabricación de equipo de computación, comunicación, medición y de otros equipos, componentes y accesorios electrónicos",5,21,1.448,0.408,,,
2003,30 Veracruz de Ignacio de la Llave,"Subsector 512 Industria fílmica y del video, e industria del sonido",51,550,243.192,47.635,,,
2003,30 Veracruz de Ignacio de la Llave,Subsector 516 Radio y televisión y provisión de contenido,112,1120,329.554,108.872,,,
2003,30 Veracruz de Ignacio de la Llave,Subsector 517 Telecomunicaciones,119,1745,1600.273,766.377,,,
2003,30 Veracruz de Ignacio de la Llave,"Subsector 518 Provisión de infraestructura de servicios de cómputo, procesamiento de datos, hospedaje de páginas de internet y otros servicios relacionados",11,321,45.277,11.1,,,
2003,30 Veracruz de Ignacio de la Llave,Subrama 51929 Portales de búsqueda en la red y otros servicios de suministro de información,156,316,23.492,13.674,,,
2003,30 Veracruz de Ignacio de la Llave,Subrama 54151 Servicios de diseño de sistemas de cómputo y servicios relacionados,58,272,37.693,20.911,,,
2003,31 Yucatán,"Subsector 334 Fabricación de equipo de computación, comunicación, medición y de otros equipos, componentes y accesorios electrónicos",6,487,104.072,38.507,,,
2003,31 Yucatán,"Subsector 512 Industria fílmica y del video, e industria del sonido",21,289,66.063,18.813,,,
2003,31 Yucatán,Rama 5132 Edición de software,1,,,,,,
2003,31 Yucatán,Subsector 516 Radio y televisión y provisión de contenido,31,441,97.867,58.525,,,
2003,31 Yucatán,Subsector 517 Telecomunicaciones,39,1111,3871.691,1628.425,,,
2003,31 Yucatán,"Subsector 518 Provisión de infraestructura de servicios de cómputo, procesamiento de datos, hospedaje de páginas de internet y otros servicios relacionados",3,296,4.212,2.357,,,
2003,31 Yucatán,Subrama 51929 Portales de búsqueda en la red y otros servicios de suministro de información,77,179,11.885,3.111,,,
2003,31 Yucatán,Subrama 54151 Servicios de diseño de sistemas de cómputo y servicios relacionados,30,166,30.413,22.199,,,
2003,32 Zacatecas,"Subsector 512 Industria fílmica y del video, e industria del sonido",16,,,,,,
2003,32 Zacatecas,Subsector 516 Radio y televisión y provisión de contenido,37,365,93.418,30.955,,,
2003,32 Zacatecas,Subsector 517 Telecomunicaciones,24,259,129.138,72.685,,,
2003,32 Zacatecas,"Subsector 518 Provisión de infraestructura de servicios de cómputo, procesamiento de datos, hospedaje de páginas de internet y otros servicios relacionados",1,,,,,,
2003,32 Zacatecas,Subrama 51929 Portales de búsqueda en la red y otros servicios de suministro de información,49,103,3.796,1.923,,,
2003,32 Zacatecas,Subrama 54151 Servicios de diseño de sistemas de cómputo y servicios relacionados,7,,,,,,
"Nota: para las celdas que aparecen vacías, se omitieron los datos absolutos de las variables económicas, con el fin de garantizar el principio de confidencialidad y reserva.",,,,,,,,,
